ts	node	phase	memavail_gib	swap_used_gib
2026-09-28T13:12:03.220Z	spark1	LOAD	116.546	4.134
2026-09-28T13:12:03.341Z	spark2	LOAD	116.893	1.752
2026-09-28T13:12:03.486Z	spark1	LOAD	116.547	4.134
2026-09-28T13:12:03.606Z	spark2	LOAD	116.902	1.752
2026-09-28T13:12:03.736Z	spark1	LOAD	116.547	4.134
2026-09-28T13:12:03.857Z	spark2	LOAD	116.895	1.752
2026-09-28T13:12:03.986Z	spark1	LOAD	116.547	4.134
2026-09-28T13:12:04.106Z	spark2	LOAD	116.894	1.752
2026-09-28T13:12:04.237Z	spark1	LOAD	116.547	4.134
2026-09-28T13:12:04.357Z	spark2	LOAD	116.900	1.752
2026-09-28T13:12:04.504Z	spark1	LOAD	116.547	4.134
2026-09-28T13:12:04.622Z	spark2	LOAD	116.881	1.752
2026-09-28T13:12:04.754Z	spark1	LOAD	116.547	4.134
2026-09-28T13:12:04.871Z	spark2	LOAD	116.871	1.751
2026-09-28T13:12:05.005Z	spark1	LOAD	116.534	4.134
2026-09-28T13:12:05.122Z	spark2	LOAD	116.891	1.751
2026-09-28T13:12:05.255Z	spark1	LOAD	116.528	4.134
2026-09-28T13:12:05.372Z	spark2	LOAD	116.832	1.751
2026-09-28T13:12:05.522Z	spark1	LOAD	116.520	4.134
2026-09-28T13:12:05.634Z	spark2	LOAD	116.776	1.751
2026-09-28T13:12:05.773Z	spark1	LOAD	116.522	4.134
2026-09-28T13:12:05.884Z	spark2	LOAD	116.722	1.751
2026-09-28T13:12:06.023Z	spark1	LOAD	116.522	4.134
2026-09-28T13:12:06.135Z	spark2	LOAD	116.680	1.751
2026-09-28T13:12:06.274Z	spark1	LOAD	116.524	4.134
2026-09-28T13:12:06.386Z	spark2	LOAD	116.657	1.751
2026-09-28T13:12:06.537Z	spark1	LOAD	116.524	4.134
2026-09-28T13:12:06.650Z	spark2	LOAD	116.630	1.751
2026-09-28T13:12:06.787Z	spark1	LOAD	116.524	4.134
2026-09-28T13:12:06.900Z	spark2	LOAD	116.594	1.751
2026-09-28T13:12:07.038Z	spark1	LOAD	116.524	4.134
2026-09-28T13:12:07.151Z	spark2	LOAD	116.566	1.751
2026-09-28T13:12:07.289Z	spark1	LOAD	116.529	4.134
2026-09-28T13:12:07.402Z	spark2	LOAD	116.565	1.751
2026-09-28T13:12:07.556Z	spark1	LOAD	116.525	4.134
2026-09-28T13:12:07.667Z	spark2	LOAD	116.559	1.751
2026-09-28T13:12:07.806Z	spark1	LOAD	116.525	4.134
2026-09-28T13:12:07.918Z	spark2	LOAD	116.548	1.751
2026-09-28T13:12:08.057Z	spark1	LOAD	116.527	4.134
2026-09-28T13:12:08.168Z	spark2	LOAD	116.549	1.751
2026-09-28T13:12:08.307Z	spark1	LOAD	116.527	4.134
2026-09-28T13:12:08.420Z	spark2	LOAD	116.546	1.751
2026-09-28T13:12:08.575Z	spark1	LOAD	116.527	4.134
2026-09-28T13:12:08.685Z	spark2	LOAD	116.523	1.751
2026-09-28T13:12:08.825Z	spark1	LOAD	116.526	4.134
2026-09-28T13:12:08.935Z	spark2	LOAD	116.521	1.751
2026-09-28T13:12:09.076Z	spark1	LOAD	116.523	4.134
2026-09-28T13:12:09.186Z	spark2	LOAD	116.516	1.751
2026-09-28T13:12:09.327Z	spark1	LOAD	116.517	4.134
2026-09-28T13:12:09.437Z	spark2	LOAD	116.483	1.751
2026-09-28T13:12:09.588Z	spark1	LOAD	116.506	4.134
2026-09-28T13:12:09.701Z	spark2	LOAD	116.451	1.751
2026-09-28T13:12:09.840Z	spark1	LOAD	116.493	4.134
2026-09-28T13:12:09.952Z	spark2	LOAD	116.453	1.751
2026-09-28T13:12:10.090Z	spark1	LOAD	116.495	4.134
2026-09-28T13:12:10.203Z	spark2	LOAD	116.453	1.751
2026-09-28T13:12:10.341Z	spark1	LOAD	116.495	4.134
2026-09-28T13:12:10.453Z	spark2	LOAD	116.441	1.751
2026-09-28T13:12:10.608Z	spark1	LOAD	116.496	4.134
2026-09-28T13:12:10.718Z	spark2	LOAD	116.442	1.751
2026-09-28T13:12:10.859Z	spark1	LOAD	116.497	4.134
2026-09-28T13:12:10.968Z	spark2	LOAD	116.439	1.751
2026-09-28T13:12:11.110Z	spark1	LOAD	116.498	4.134
2026-09-28T13:12:11.219Z	spark2	LOAD	116.424	1.751
2026-09-28T13:12:11.360Z	spark1	LOAD	116.490	4.134
2026-09-28T13:12:11.469Z	spark2	LOAD	116.424	1.751
2026-09-28T13:12:11.624Z	spark1	LOAD	116.487	4.134
2026-09-28T13:12:11.735Z	spark2	LOAD	116.421	1.751
2026-09-28T13:12:11.874Z	spark1	LOAD	116.486	4.134
2026-09-28T13:12:11.984Z	spark2	LOAD	116.420	1.751
2026-09-28T13:12:12.124Z	spark1	LOAD	116.489	4.134
2026-09-28T13:12:12.236Z	spark2	LOAD	116.416	1.751
2026-09-28T13:12:12.375Z	spark1	LOAD	116.489	4.134
2026-09-28T13:12:12.487Z	spark2	LOAD	116.408	1.751
2026-09-28T13:12:12.642Z	spark1	LOAD	116.490	4.134
2026-09-28T13:12:12.751Z	spark2	LOAD	116.404	1.751
2026-09-28T13:12:12.893Z	spark1	LOAD	116.491	4.134
2026-09-28T13:12:13.002Z	spark2	LOAD	116.400	1.751
2026-09-28T13:12:13.144Z	spark1	LOAD	116.491	4.134
2026-09-28T13:12:13.253Z	spark2	LOAD	116.394	1.751
2026-09-28T13:12:13.395Z	spark1	LOAD	116.495	4.134
2026-09-28T13:12:13.504Z	spark2	LOAD	116.393	1.751
2026-09-28T13:12:13.661Z	spark1	LOAD	116.492	4.134
2026-09-28T13:12:13.770Z	spark2	LOAD	116.395	1.751
2026-09-28T13:12:13.912Z	spark1	LOAD	116.492	4.134
2026-09-28T13:12:14.020Z	spark2	LOAD	116.387	1.751
2026-09-28T13:12:14.162Z	spark1	LOAD	116.494	4.134
2026-09-28T13:12:14.271Z	spark2	LOAD	116.396	1.751
2026-09-28T13:12:14.413Z	spark1	LOAD	116.494	4.134
2026-09-28T13:12:14.521Z	spark2	LOAD	116.398	1.751
2026-09-28T13:12:14.681Z	spark1	LOAD	116.494	4.134
2026-09-28T13:12:14.786Z	spark2	LOAD	116.396	1.751
2026-09-28T13:12:14.931Z	spark1	LOAD	116.497	4.134
2026-09-28T13:12:15.037Z	spark2	LOAD	116.396	1.751
2026-09-28T13:12:15.182Z	spark1	LOAD	116.497	4.134
2026-09-28T13:12:15.288Z	spark2	LOAD	116.393	1.751
2026-09-28T13:12:15.431Z	spark1	LOAD	116.503	4.134
2026-09-28T13:12:15.538Z	spark2	LOAD	116.388	1.751
2026-09-28T13:12:15.692Z	spark1	LOAD	116.501	4.134
2026-09-28T13:12:15.799Z	spark2	LOAD	116.379	1.751
2026-09-28T13:12:15.943Z	spark1	LOAD	116.502	4.134
2026-09-28T13:12:16.050Z	spark2	LOAD	116.375	1.751
2026-09-28T13:12:16.194Z	spark1	LOAD	116.505	4.134
2026-09-28T13:12:16.300Z	spark2	LOAD	116.367	1.751
2026-09-28T13:12:16.445Z	spark1	LOAD	116.505	4.134
2026-09-28T13:12:16.551Z	spark2	LOAD	116.362	1.751
2026-09-28T13:12:16.707Z	spark1	LOAD	116.505	4.134
2026-09-28T13:12:16.816Z	spark2	LOAD	116.355	1.751
2026-09-28T13:12:16.958Z	spark1	LOAD	116.507	4.134
2026-09-28T13:12:17.067Z	spark2	LOAD	116.351	1.751
2026-09-28T13:12:17.208Z	spark1	LOAD	116.508	4.134
2026-09-28T13:12:17.317Z	spark2	LOAD	116.344	1.751
2026-09-28T13:12:17.459Z	spark1	LOAD	116.520	4.134
2026-09-28T13:12:17.569Z	spark2	LOAD	116.335	1.751
2026-09-28T13:12:17.721Z	spark1	LOAD	116.505	4.134
2026-09-28T13:12:17.830Z	spark2	LOAD	116.330	1.751
2026-09-28T13:12:17.972Z	spark1	LOAD	116.524	4.134
2026-09-28T13:12:18.080Z	spark2	LOAD	116.324	1.751
2026-09-28T13:12:18.222Z	spark1	LOAD	116.524	4.134
2026-09-28T13:12:18.330Z	spark2	LOAD	116.317	1.751
2026-09-28T13:12:18.473Z	spark1	LOAD	116.524	4.134
2026-09-28T13:12:18.580Z	spark2	LOAD	116.311	1.751
2026-09-28T13:12:18.736Z	spark1	LOAD	116.524	4.134
2026-09-28T13:12:18.845Z	spark2	LOAD	116.303	1.751
2026-09-28T13:12:18.987Z	spark1	LOAD	116.527	4.134
2026-09-28T13:12:19.095Z	spark2	LOAD	116.286	1.751
2026-09-28T13:12:19.237Z	spark1	LOAD	116.527	4.134
2026-09-28T13:12:19.345Z	spark2	LOAD	116.281	1.751
2026-09-28T13:12:19.488Z	spark1	LOAD	116.522	4.134
2026-09-28T13:12:19.596Z	spark2	LOAD	116.278	1.751
2026-09-28T13:12:19.754Z	spark1	LOAD	116.513	4.134
2026-09-28T13:12:19.857Z	spark2	LOAD	116.273	1.751
2026-09-28T13:12:20.004Z	spark1	LOAD	116.504	4.134
2026-09-28T13:12:20.107Z	spark2	LOAD	116.269	1.751
2026-09-28T13:12:20.255Z	spark1	LOAD	116.504	4.134
2026-09-28T13:12:20.358Z	spark2	LOAD	116.228	1.751
2026-09-28T13:12:20.506Z	spark1	LOAD	116.504	4.134
2026-09-28T13:12:20.607Z	spark2	LOAD	116.203	1.751
2026-09-28T13:12:20.773Z	spark1	LOAD	116.482	4.134
2026-09-28T13:12:20.869Z	spark2	LOAD	116.202	1.751
2026-09-28T13:12:21.023Z	spark1	LOAD	116.485	4.134
2026-09-28T13:12:21.119Z	spark2	LOAD	116.202	1.751
2026-09-28T13:12:21.274Z	spark1	LOAD	116.486	4.134
2026-09-28T13:12:21.369Z	spark2	LOAD	116.201	1.751
2026-09-28T13:12:21.525Z	spark1	LOAD	116.492	4.134
2026-09-28T13:12:21.620Z	spark2	LOAD	116.200	1.751
2026-09-28T13:12:21.787Z	spark1	LOAD	116.512	4.134
2026-09-28T13:12:21.881Z	spark2	LOAD	116.198	1.751
2026-09-28T13:12:22.038Z	spark1	LOAD	116.511	4.134
2026-09-28T13:12:22.131Z	spark2	LOAD	116.161	1.751
2026-09-28T13:12:22.289Z	spark1	LOAD	116.511	4.134
2026-09-28T13:12:22.382Z	spark2	LOAD	116.143	1.751
2026-09-28T13:12:22.539Z	spark1	LOAD	116.511	4.134
2026-09-28T13:12:22.632Z	spark2	LOAD	116.125	1.751
2026-09-28T13:12:22.805Z	spark1	LOAD	116.504	4.134
2026-09-28T13:12:22.897Z	spark2	LOAD	116.108	1.751
2026-09-28T13:12:23.056Z	spark1	LOAD	116.511	4.134
2026-09-28T13:12:23.148Z	spark2	LOAD	116.092	1.751
2026-09-28T13:12:23.307Z	spark1	LOAD	116.512	4.134
2026-09-28T13:12:23.398Z	spark2	LOAD	116.072	1.751
2026-09-28T13:12:23.557Z	spark1	LOAD	116.518	4.134
2026-09-28T13:12:23.650Z	spark2	LOAD	116.074	1.751
2026-09-28T13:12:23.824Z	spark1	LOAD	116.518	4.134
2026-09-28T13:12:23.913Z	spark2	LOAD	116.076	1.751
2026-09-28T13:12:24.075Z	spark1	LOAD	116.528	4.134
2026-09-28T13:12:24.164Z	spark2	LOAD	116.074	1.751
2026-09-28T13:12:24.326Z	spark1	LOAD	116.528	4.134
2026-09-28T13:12:24.416Z	spark2	LOAD	116.071	1.751
2026-09-28T13:12:24.576Z	spark1	LOAD	116.528	4.134
2026-09-28T13:12:24.666Z	spark2	LOAD	116.069	1.751
2026-09-28T13:12:24.844Z	spark1	LOAD	116.528	4.134
2026-09-28T13:12:24.932Z	spark2	LOAD	116.065	1.751
2026-09-28T13:12:25.094Z	spark1	LOAD	116.531	4.134
2026-09-28T13:12:25.183Z	spark2	LOAD	116.059	1.751
2026-09-28T13:12:25.345Z	spark1	LOAD	116.531	4.134
2026-09-28T13:12:25.433Z	spark2	LOAD	116.060	1.751
2026-09-28T13:12:25.596Z	spark1	LOAD	116.543	4.134
2026-09-28T13:12:25.686Z	spark2	LOAD	115.672	1.751
2026-09-28T13:12:25.863Z	spark1	LOAD	116.543	4.134
2026-09-28T13:12:25.944Z	spark2	LOAD	115.453	1.751
2026-09-28T13:12:26.113Z	spark1	LOAD	116.539	4.134
2026-09-28T13:12:26.194Z	spark2	LOAD	115.188	1.751
2026-09-28T13:12:26.364Z	spark1	LOAD	116.539	4.134
2026-09-28T13:12:26.445Z	spark2	LOAD	115.130	1.751
2026-09-28T13:12:26.614Z	spark1	LOAD	116.539	4.134
2026-09-28T13:12:26.695Z	spark2	LOAD	115.107	1.751
2026-09-28T13:12:26.881Z	spark1	LOAD	116.539	4.134
2026-09-28T13:12:26.955Z	spark2	LOAD	115.098	1.751
2026-09-28T13:12:27.132Z	spark1	LOAD	116.540	4.134
2026-09-28T13:12:27.205Z	spark2	LOAD	115.315	1.751
2026-09-28T13:12:27.382Z	spark1	LOAD	116.531	4.134
2026-09-28T13:12:27.456Z	spark2	LOAD	115.672	1.751
2026-09-28T13:12:27.633Z	spark1	LOAD	116.531	4.134
2026-09-28T13:12:27.706Z	spark2	LOAD	115.668	1.751
2026-09-28T13:12:27.899Z	spark1	LOAD	116.532	4.134
2026-09-28T13:12:27.972Z	spark2	LOAD	115.513	1.751
2026-09-28T13:12:28.150Z	spark1	LOAD	116.539	4.134
2026-09-28T13:12:28.222Z	spark2	LOAD	115.468	1.751
2026-09-28T13:12:28.400Z	spark1	LOAD	116.539	4.134
2026-09-28T13:12:28.472Z	spark2	LOAD	115.417	1.751
2026-09-28T13:12:28.651Z	spark1	LOAD	116.539	4.134
2026-09-28T13:12:28.723Z	spark2	LOAD	115.375	1.751
2026-09-28T13:12:28.918Z	spark1	LOAD	116.541	4.134
2026-09-28T13:12:28.988Z	spark2	LOAD	115.343	1.751
2026-09-28T13:12:29.168Z	spark1	LOAD	116.541	4.134
2026-09-28T13:12:29.239Z	spark2	LOAD	115.318	1.751
2026-09-28T13:12:29.418Z	spark1	LOAD	116.541	4.134
2026-09-28T13:12:29.489Z	spark2	LOAD	115.294	1.751
2026-09-28T13:12:29.670Z	spark1	LOAD	116.547	4.134
2026-09-28T13:12:29.739Z	spark2	LOAD	115.286	1.751
2026-09-28T13:12:29.936Z	spark1	LOAD	116.547	4.134
2026-09-28T13:12:30.001Z	spark2	LOAD	115.283	1.751
2026-09-28T13:12:30.186Z	spark1	LOAD	116.526	4.134
2026-09-28T13:12:30.251Z	spark2	LOAD	115.279	1.751
2026-09-28T13:12:30.437Z	spark1	LOAD	116.520	4.134
2026-09-28T13:12:30.502Z	spark2	LOAD	115.258	1.751
2026-09-28T13:12:30.687Z	spark1	LOAD	116.518	4.134
2026-09-28T13:12:30.752Z	spark2	LOAD	115.224	1.751
2026-09-28T13:12:30.950Z	spark1	LOAD	116.456	4.134
2026-09-28T13:12:31.017Z	spark2	LOAD	115.216	1.751
2026-09-28T13:12:31.200Z	spark1	LOAD	116.432	4.134
2026-09-28T13:12:31.267Z	spark2	LOAD	115.170	1.751
2026-09-28T13:12:31.451Z	spark1	LOAD	116.408	4.134
2026-09-28T13:12:31.517Z	spark2	LOAD	115.129	1.751
2026-09-28T13:12:31.701Z	spark1	LOAD	116.355	4.134
2026-09-28T13:12:31.768Z	spark2	LOAD	115.129	1.751
2026-09-28T13:12:31.963Z	spark1	LOAD	116.332	4.134
2026-09-28T13:12:32.032Z	spark2	LOAD	115.129	1.751
2026-09-28T13:12:32.213Z	spark1	LOAD	116.281	4.134
2026-09-28T13:12:32.283Z	spark2	LOAD	115.099	1.751
2026-09-28T13:12:32.464Z	spark1	LOAD	116.263	4.134
2026-09-28T13:12:32.534Z	spark2	LOAD	115.039	1.751
2026-09-28T13:12:32.714Z	spark1	LOAD	116.255	4.134
2026-09-28T13:12:32.784Z	spark2	LOAD	114.613	1.751
2026-09-28T13:12:32.976Z	spark1	LOAD	116.227	4.134
2026-09-28T13:12:33.050Z	spark2	LOAD	114.498	1.751
2026-09-28T13:12:33.227Z	spark1	LOAD	116.198	4.134
2026-09-28T13:12:33.300Z	spark2	LOAD	114.394	1.751
2026-09-28T13:12:33.478Z	spark1	LOAD	116.192	4.134
2026-09-28T13:12:33.551Z	spark2	LOAD	114.908	1.751
2026-09-28T13:12:33.729Z	spark1	LOAD	116.188	4.134
2026-09-28T13:12:33.802Z	spark2	LOAD	114.709	1.751
2026-09-28T13:12:33.992Z	spark1	LOAD	116.167	4.134
2026-09-28T13:12:34.063Z	spark2	LOAD	114.693	1.751
2026-09-28T13:12:34.242Z	spark1	LOAD	116.165	4.134
2026-09-28T13:12:34.313Z	spark2	LOAD	114.670	1.751
2026-09-28T13:12:34.493Z	spark1	LOAD	116.167	4.134
2026-09-28T13:12:34.564Z	spark2	LOAD	114.671	1.751
2026-09-28T13:12:34.743Z	spark1	LOAD	116.164	4.134
2026-09-28T13:12:34.815Z	spark2	LOAD	114.671	1.751
2026-09-28T13:12:35.006Z	spark1	LOAD	116.146	4.134
2026-09-28T13:12:35.075Z	spark2	LOAD	114.671	1.751
2026-09-28T13:12:35.257Z	spark1	LOAD	116.142	4.134
2026-09-28T13:12:35.326Z	spark2	LOAD	114.671	1.751
2026-09-28T13:12:35.507Z	spark1	LOAD	116.133	4.134
2026-09-28T13:12:35.577Z	spark2	LOAD	114.671	1.751
2026-09-28T13:12:35.758Z	spark1	LOAD	116.125	4.134
2026-09-28T13:12:35.828Z	spark2	LOAD	114.671	1.751
2026-09-28T13:12:36.025Z	spark1	LOAD	116.096	4.134
2026-09-28T13:12:36.094Z	spark2	LOAD	114.671	1.751
2026-09-28T13:12:36.275Z	spark1	LOAD	116.097	4.134
2026-09-28T13:12:36.344Z	spark2	LOAD	114.672	1.751
2026-09-28T13:12:36.525Z	spark1	LOAD	116.096	4.134
2026-09-28T13:12:36.595Z	spark2	LOAD	114.672	1.751
2026-09-28T13:12:36.776Z	spark1	LOAD	116.075	4.134
2026-09-28T13:12:36.846Z	spark2	LOAD	114.672	1.751
2026-09-28T13:12:37.037Z	spark1	LOAD	116.072	4.134
2026-09-28T13:12:37.111Z	spark2	LOAD	114.672	1.751
2026-09-28T13:12:37.288Z	spark1	LOAD	116.061	4.134
2026-09-28T13:12:37.362Z	spark2	LOAD	114.672	1.751
2026-09-28T13:12:37.538Z	spark1	LOAD	116.048	4.134
2026-09-28T13:12:37.613Z	spark2	LOAD	114.672	1.751
2026-09-28T13:12:37.789Z	spark1	LOAD	116.046	4.134
2026-09-28T13:12:37.864Z	spark2	LOAD	114.672	1.751
2026-09-28T13:12:38.056Z	spark1	LOAD	116.042	4.134
2026-09-28T13:12:38.129Z	spark2	LOAD	114.672	1.751
2026-09-28T13:12:38.306Z	spark1	LOAD	116.039	4.134
2026-09-28T13:12:38.379Z	spark2	LOAD	114.672	1.751
2026-09-28T13:12:38.557Z	spark1	LOAD	116.043	4.134
2026-09-28T13:12:38.631Z	spark2	LOAD	114.673	1.751
2026-09-28T13:12:38.807Z	spark1	LOAD	116.038	4.134
2026-09-28T13:12:38.881Z	spark2	LOAD	114.673	1.751
2026-09-28T13:12:39.074Z	spark1	LOAD	116.039	4.134
2026-09-28T13:12:39.147Z	spark2	LOAD	114.674	1.751
2026-09-28T13:12:39.325Z	spark1	LOAD	116.037	4.134
2026-09-28T13:12:39.397Z	spark2	LOAD	114.673	1.751
2026-09-28T13:12:39.576Z	spark1	LOAD	116.035	4.134
2026-09-28T13:12:39.648Z	spark2	LOAD	114.673	1.751
2026-09-28T13:12:39.827Z	spark1	LOAD	116.034	4.134
2026-09-28T13:12:39.900Z	spark2	LOAD	114.673	1.751
2026-09-28T13:12:40.089Z	spark1	LOAD	116.036	4.134
2026-09-28T13:12:40.159Z	spark2	LOAD	114.674	1.751
2026-09-28T13:12:40.340Z	spark1	LOAD	116.023	4.134
2026-09-28T13:12:40.410Z	spark2	LOAD	114.674	1.751
2026-09-28T13:12:40.591Z	spark1	LOAD	116.011	4.134
2026-09-28T13:12:40.661Z	spark2	LOAD	114.674	1.751
2026-09-28T13:12:40.842Z	spark1	LOAD	116.004	4.134
2026-09-28T13:12:40.913Z	spark2	LOAD	114.674	1.751
2026-09-28T13:12:41.104Z	spark1	LOAD	116.010	4.134
2026-09-28T13:12:41.172Z	spark2	LOAD	114.674	1.751
2026-09-28T13:12:41.355Z	spark1	LOAD	116.012	4.134
2026-09-28T13:12:41.424Z	spark2	LOAD	114.674	1.751
2026-09-28T13:12:41.605Z	spark1	LOAD	116.008	4.134
2026-09-28T13:12:41.673Z	spark2	LOAD	114.674	1.751
2026-09-28T13:12:41.855Z	spark1	LOAD	116.000	4.134
2026-09-28T13:12:41.923Z	spark2	LOAD	114.674	1.751
2026-09-28T13:12:42.123Z	spark1	LOAD	115.995	4.134
2026-09-28T13:12:42.188Z	spark2	LOAD	114.647	1.751
2026-09-28T13:12:42.374Z	spark1	LOAD	115.971	4.134
2026-09-28T13:12:42.440Z	spark2	LOAD	114.657	1.751
2026-09-28T13:12:42.624Z	spark1	LOAD	115.972	4.134
2026-09-28T13:12:42.690Z	spark2	LOAD	114.657	1.751
2026-09-28T13:12:42.874Z	spark1	LOAD	115.965	4.134
2026-09-28T13:12:42.940Z	spark2	LOAD	114.657	1.751
2026-09-28T13:12:43.141Z	spark1	LOAD	115.961	4.134
2026-09-28T13:12:43.205Z	spark2	LOAD	114.657	1.751
2026-09-28T13:12:43.392Z	spark1	LOAD	115.956	4.134
2026-09-28T13:12:43.455Z	spark2	LOAD	114.657	1.751
2026-09-28T13:12:43.642Z	spark1	LOAD	115.948	4.134
2026-09-28T13:12:43.705Z	spark2	LOAD	114.657	1.751
2026-09-28T13:12:43.893Z	spark1	LOAD	115.950	4.134
2026-09-28T13:12:43.957Z	spark2	LOAD	114.657	1.751
2026-09-28T13:12:44.156Z	spark1	LOAD	115.939	4.134
2026-09-28T13:12:44.223Z	spark2	LOAD	114.657	1.751
2026-09-28T13:12:44.407Z	spark1	LOAD	115.928	4.134
2026-09-28T13:12:44.473Z	spark2	LOAD	114.657	1.751
2026-09-28T13:12:44.657Z	spark1	LOAD	115.941	4.134
2026-09-28T13:12:44.724Z	spark2	LOAD	114.657	1.751
2026-09-28T13:12:44.908Z	spark1	LOAD	115.929	4.134
2026-09-28T13:12:44.974Z	spark2	LOAD	114.658	1.751
2026-09-28T13:12:45.175Z	spark1	LOAD	115.926	4.134
2026-09-28T13:12:45.236Z	spark2	LOAD	114.657	1.751
2026-09-28T13:12:45.426Z	spark1	LOAD	115.920	4.134
2026-09-28T13:12:45.487Z	spark2	LOAD	114.657	1.751
2026-09-28T13:12:45.676Z	spark1	LOAD	115.903	4.134
2026-09-28T13:12:45.737Z	spark2	LOAD	114.656	1.751
2026-09-28T13:12:45.927Z	spark1	LOAD	115.899	4.134
2026-09-28T13:12:45.988Z	spark2	LOAD	114.656	1.751
2026-09-28T13:12:46.194Z	spark1	LOAD	115.897	4.134
2026-09-28T13:12:46.255Z	spark2	LOAD	114.663	1.751
2026-09-28T13:12:46.445Z	spark1	LOAD	115.888	4.134
2026-09-28T13:12:46.505Z	spark2	LOAD	114.663	1.751
2026-09-28T13:12:46.695Z	spark1	LOAD	115.883	4.134
2026-09-28T13:12:46.756Z	spark2	LOAD	114.663	1.751
2026-09-28T13:12:46.946Z	spark1	LOAD	115.872	4.134
2026-09-28T13:12:47.006Z	spark2	LOAD	114.663	1.751
2026-09-28T13:12:47.213Z	spark1	LOAD	115.866	4.134
2026-09-28T13:12:47.272Z	spark2	LOAD	114.663	1.751
2026-09-28T13:12:47.464Z	spark1	LOAD	115.860	4.134
2026-09-28T13:12:47.522Z	spark2	LOAD	114.663	1.751
2026-09-28T13:12:47.714Z	spark1	LOAD	115.860	4.134
2026-09-28T13:12:47.772Z	spark2	LOAD	114.663	1.751
2026-09-28T13:12:47.965Z	spark1	LOAD	115.863	4.134
2026-09-28T13:12:48.023Z	spark2	LOAD	114.663	1.751
2026-09-28T13:12:48.227Z	spark1	LOAD	115.863	4.134
2026-09-28T13:12:48.289Z	spark2	LOAD	114.663	1.751
2026-09-28T13:12:48.477Z	spark1	LOAD	115.859	4.134
2026-09-28T13:12:48.540Z	spark2	LOAD	114.663	1.751
2026-09-28T13:12:48.727Z	spark1	LOAD	115.830	4.134
2026-09-28T13:12:48.790Z	spark2	LOAD	114.663	1.751
2026-09-28T13:12:48.978Z	spark1	LOAD	115.831	4.134
2026-09-28T13:12:49.040Z	spark2	LOAD	114.663	1.751
2026-09-28T13:12:49.245Z	spark1	LOAD	115.807	4.134
2026-09-28T13:12:49.301Z	spark2	LOAD	114.664	1.751
2026-09-28T13:12:49.496Z	spark1	LOAD	115.802	4.134
2026-09-28T13:12:49.552Z	spark2	LOAD	114.664	1.751
2026-09-28T13:12:49.746Z	spark1	LOAD	115.771	4.134
2026-09-28T13:12:49.803Z	spark2	LOAD	114.664	1.751
2026-09-28T13:12:49.996Z	spark1	LOAD	115.747	4.134
2026-09-28T13:12:50.054Z	spark2	LOAD	114.664	1.751
2026-09-28T13:12:50.258Z	spark1	LOAD	115.750	4.134
2026-09-28T13:12:50.318Z	spark2	LOAD	114.664	1.751
2026-09-28T13:12:50.509Z	spark1	LOAD	115.748	4.134
2026-09-28T13:12:50.568Z	spark2	LOAD	114.664	1.751
2026-09-28T13:12:50.760Z	spark1	LOAD	115.717	4.134
2026-09-28T13:12:50.819Z	spark2	LOAD	114.664	1.751
2026-09-28T13:12:51.010Z	spark1	LOAD	115.716	4.134
2026-09-28T13:12:51.070Z	spark2	LOAD	114.661	1.751
2026-09-28T13:12:51.273Z	spark1	LOAD	115.716	4.134
2026-09-28T13:12:51.336Z	spark2	LOAD	114.661	1.751
2026-09-28T13:12:51.524Z	spark1	LOAD	115.719	4.134
2026-09-28T13:12:51.587Z	spark2	LOAD	114.661	1.751
2026-09-28T13:12:51.774Z	spark1	LOAD	115.715	4.134
2026-09-28T13:12:51.837Z	spark2	LOAD	114.661	1.751
2026-09-28T13:12:52.025Z	spark1	LOAD	115.418	4.134
2026-09-28T13:12:52.087Z	spark2	LOAD	114.663	1.751
2026-09-28T13:12:52.287Z	spark1	LOAD	115.130	4.134
2026-09-28T13:12:52.350Z	spark2	LOAD	114.666	1.751
2026-09-28T13:12:52.537Z	spark1	LOAD	114.848	4.134
2026-09-28T13:12:52.600Z	spark2	LOAD	114.666	1.751
2026-09-28T13:12:52.788Z	spark1	LOAD	114.735	4.134
2026-09-28T13:12:52.850Z	spark2	LOAD	114.666	1.751
2026-09-28T13:12:53.038Z	spark1	LOAD	114.724	4.134
2026-09-28T13:12:53.100Z	spark2	LOAD	114.657	1.751
2026-09-28T13:12:53.301Z	spark1	LOAD	114.702	4.134
2026-09-28T13:12:53.361Z	spark2	LOAD	114.635	1.751
2026-09-28T13:12:53.551Z	spark1	LOAD	115.285	4.134
2026-09-28T13:12:53.613Z	spark2	LOAD	114.640	1.751
2026-09-28T13:12:53.802Z	spark1	LOAD	115.288	4.134
2026-09-28T13:12:53.863Z	spark2	LOAD	114.640	1.751
2026-09-28T13:12:54.052Z	spark1	LOAD	115.292	4.134
2026-09-28T13:12:54.114Z	spark2	LOAD	114.640	1.751
2026-09-28T13:12:54.320Z	spark1	LOAD	115.294	4.134
2026-09-28T13:12:54.374Z	spark2	LOAD	114.649	1.751
2026-09-28T13:12:54.570Z	spark1	LOAD	115.294	4.134
2026-09-28T13:12:54.626Z	spark2	LOAD	114.649	1.751
2026-09-28T13:12:54.821Z	spark1	LOAD	115.294	4.134
2026-09-28T13:12:54.876Z	spark2	LOAD	114.649	1.751
2026-09-28T13:12:55.071Z	spark1	LOAD	115.265	4.134
2026-09-28T13:12:55.127Z	spark2	LOAD	114.649	1.751
2026-09-28T13:12:55.334Z	spark1	LOAD	115.258	4.134
2026-09-28T13:12:55.393Z	spark2	LOAD	114.649	1.751
2026-09-28T13:12:55.585Z	spark1	LOAD	115.242	4.134
2026-09-28T13:12:55.643Z	spark2	LOAD	114.649	1.751
2026-09-28T13:12:55.835Z	spark1	LOAD	115.143	4.134
2026-09-28T13:12:55.894Z	spark2	LOAD	114.652	1.751
2026-09-28T13:12:56.085Z	spark1	LOAD	115.107	4.134
2026-09-28T13:12:56.145Z	spark2	LOAD	114.660	1.751
2026-09-28T13:12:56.349Z	spark1	LOAD	115.107	4.134
2026-09-28T13:12:56.406Z	spark2	LOAD	114.663	1.751
2026-09-28T13:12:56.600Z	spark1	LOAD	115.092	4.134
2026-09-28T13:12:56.657Z	spark2	LOAD	114.663	1.751
2026-09-28T13:12:56.851Z	spark1	LOAD	115.069	4.134
2026-09-28T13:12:56.908Z	spark2	LOAD	114.667	1.751
2026-09-28T13:12:57.101Z	spark1	LOAD	115.048	4.134
2026-09-28T13:12:57.158Z	spark2	LOAD	114.672	1.751
2026-09-28T13:12:57.364Z	spark1	LOAD	114.852	4.134
2026-09-28T13:12:57.424Z	spark2	LOAD	114.674	1.751
2026-09-28T13:12:57.614Z	spark1	LOAD	114.810	4.134
2026-09-28T13:12:57.674Z	spark2	LOAD	114.674	1.751
2026-09-28T13:12:57.865Z	spark1	LOAD	114.769	4.134
2026-09-28T13:12:57.924Z	spark2	LOAD	114.679	1.751
2026-09-28T13:12:58.115Z	spark1	LOAD	114.719	4.134
2026-09-28T13:12:58.175Z	spark2	LOAD	114.684	1.751
2026-09-28T13:12:58.382Z	spark1	LOAD	114.700	4.134
2026-09-28T13:12:58.441Z	spark2	LOAD	114.687	1.751
2026-09-28T13:12:58.633Z	spark1	LOAD	114.662	4.134
2026-09-28T13:12:58.691Z	spark2	LOAD	114.687	1.751
2026-09-28T13:12:58.884Z	spark1	LOAD	114.648	4.134
2026-09-28T13:12:58.942Z	spark2	LOAD	114.693	1.751
2026-09-28T13:12:59.135Z	spark1	LOAD	114.616	4.134
2026-09-28T13:12:59.192Z	spark2	LOAD	114.693	1.751
2026-09-28T13:12:59.402Z	spark1	LOAD	114.615	4.134
2026-09-28T13:12:59.454Z	spark2	LOAD	114.693	1.751
2026-09-28T13:12:59.653Z	spark1	LOAD	114.615	4.134
2026-09-28T13:12:59.705Z	spark2	LOAD	114.693	1.751
2026-09-28T13:12:59.904Z	spark1	LOAD	114.571	4.134
2026-09-28T13:12:59.955Z	spark2	LOAD	114.693	1.751
2026-09-28T13:13:00.155Z	spark1	LOAD	114.562	4.134
2026-09-28T13:13:00.205Z	spark2	LOAD	114.705	1.751
2026-09-28T13:13:00.422Z	spark1	LOAD	114.534	4.134
2026-09-28T13:13:00.471Z	spark2	LOAD	114.708	1.751
2026-09-28T13:13:00.673Z	spark1	LOAD	114.498	4.134
2026-09-28T13:13:00.721Z	spark2	LOAD	114.708	1.751
2026-09-28T13:13:00.924Z	spark1	LOAD	114.496	4.134
2026-09-28T13:13:00.972Z	spark2	LOAD	114.712	1.751
2026-09-28T13:13:01.174Z	spark1	LOAD	114.508	4.134
2026-09-28T13:13:01.223Z	spark2	LOAD	114.714	1.751
2026-09-28T13:13:01.438Z	spark1	LOAD	114.508	4.134
2026-09-28T13:13:01.484Z	spark2	LOAD	114.714	1.751
2026-09-28T13:13:01.688Z	spark1	LOAD	114.487	4.134
2026-09-28T13:13:01.734Z	spark2	LOAD	114.714	1.751
2026-09-28T13:13:01.938Z	spark1	LOAD	114.476	4.134
2026-09-28T13:13:01.985Z	spark2	LOAD	114.719	1.751
2026-09-28T13:13:02.189Z	spark1	LOAD	114.015	4.134
2026-09-28T13:13:02.236Z	spark2	LOAD	114.719	1.751
2026-09-28T13:13:02.453Z	spark1	LOAD	113.826	4.134
2026-09-28T13:13:02.497Z	spark2	LOAD	114.722	1.751
2026-09-28T13:13:02.703Z	spark1	LOAD	113.696	4.134
2026-09-28T13:13:02.747Z	spark2	LOAD	114.726	1.751
2026-09-28T13:13:02.954Z	spark1	LOAD	114.205	4.134
2026-09-28T13:13:02.998Z	spark2	LOAD	114.728	1.751
2026-09-28T13:13:03.204Z	spark1	LOAD	114.195	4.134
2026-09-28T13:13:03.248Z	spark2	LOAD	114.728	1.751
2026-09-28T13:13:03.471Z	spark1	LOAD	114.145	4.134
2026-09-28T13:13:03.513Z	spark2	LOAD	114.728	1.751
2026-09-28T13:13:03.721Z	spark1	LOAD	114.113	4.134
2026-09-28T13:13:03.765Z	spark2	LOAD	114.729	1.751
2026-09-28T13:13:03.972Z	spark1	LOAD	114.094	4.134
2026-09-28T13:13:04.015Z	spark2	LOAD	114.730	1.751
2026-09-28T13:13:04.222Z	spark1	LOAD	114.087	4.134
2026-09-28T13:13:04.265Z	spark2	LOAD	114.753	1.751
2026-09-28T13:13:04.485Z	spark1	LOAD	114.065	4.134
2026-09-28T13:13:04.526Z	spark2	LOAD	114.753	1.751
2026-09-28T13:13:04.736Z	spark1	LOAD	114.060	4.134
2026-09-28T13:13:04.776Z	spark2	LOAD	114.753	1.751
2026-09-28T13:13:04.987Z	spark1	LOAD	114.027	4.134
2026-09-28T13:13:05.027Z	spark2	LOAD	114.754	1.751
2026-09-28T13:13:05.237Z	spark1	LOAD	113.984	4.134
2026-09-28T13:13:05.277Z	spark2	LOAD	114.755	1.751
2026-09-28T13:13:05.500Z	spark1	LOAD	113.989	4.134
2026-09-28T13:13:05.543Z	spark2	LOAD	114.755	1.751
2026-09-28T13:13:05.750Z	spark1	LOAD	113.958	4.134
2026-09-28T13:13:05.793Z	spark2	LOAD	114.755	1.751
2026-09-28T13:13:06.001Z	spark1	LOAD	113.955	4.134
2026-09-28T13:13:06.044Z	spark2	LOAD	114.756	1.751
2026-09-28T13:13:06.252Z	spark1	LOAD	113.955	4.134
2026-09-28T13:13:06.295Z	spark2	LOAD	114.756	1.751
2026-09-28T13:13:06.520Z	spark1	LOAD	113.940	4.134
2026-09-28T13:13:06.561Z	spark2	LOAD	114.756	1.751
2026-09-28T13:13:06.771Z	spark1	LOAD	113.889	4.134
2026-09-28T13:13:06.811Z	spark2	LOAD	114.757	1.751
2026-09-28T13:13:07.021Z	spark1	LOAD	113.641	4.134
2026-09-28T13:13:07.061Z	spark2	LOAD	114.757	1.751
2026-09-28T13:13:07.272Z	spark1	LOAD	113.429	4.134
2026-09-28T13:13:07.312Z	spark2	LOAD	114.757	1.751
2026-09-28T13:13:07.534Z	spark1	LOAD	113.304	4.134
2026-09-28T13:13:07.577Z	spark2	LOAD	114.757	1.751
2026-09-28T13:13:07.785Z	spark1	LOAD	113.216	4.134
2026-09-28T13:13:07.828Z	spark2	LOAD	114.759	1.751
2026-09-28T13:13:08.035Z	spark1	LOAD	113.662	4.134
2026-09-28T13:13:08.080Z	spark2	LOAD	114.759	1.751
2026-09-28T13:13:08.285Z	spark1	LOAD	113.485	4.134
2026-09-28T13:13:08.329Z	spark2	LOAD	114.760	1.751
2026-09-28T13:13:08.554Z	spark1	LOAD	113.478	4.134
2026-09-28T13:13:08.596Z	spark2	LOAD	114.760	1.751
2026-09-28T13:13:08.804Z	spark1	LOAD	113.447	4.134
2026-09-28T13:13:08.846Z	spark2	LOAD	114.760	1.751
2026-09-28T13:13:09.054Z	spark1	LOAD	113.457	4.134
2026-09-28T13:13:09.097Z	spark2	LOAD	114.763	1.751
2026-09-28T13:13:09.305Z	spark1	LOAD	113.459	4.134
2026-09-28T13:13:09.347Z	spark2	LOAD	114.764	1.751
2026-09-28T13:13:09.572Z	spark1	LOAD	113.474	4.134
2026-09-28T13:13:09.613Z	spark2	LOAD	114.764	1.751
2026-09-28T13:13:09.823Z	spark1	LOAD	113.474	4.134
2026-09-28T13:13:09.864Z	spark2	LOAD	114.764	1.751
2026-09-28T13:13:10.074Z	spark1	LOAD	113.481	4.134
2026-09-28T13:13:10.115Z	spark2	LOAD	114.764	1.751
2026-09-28T13:13:10.324Z	spark1	LOAD	113.481	4.134
2026-09-28T13:13:10.365Z	spark2	LOAD	114.768	1.751
2026-09-28T13:13:10.592Z	spark1	LOAD	113.481	4.134
2026-09-28T13:13:10.627Z	spark2	LOAD	114.768	1.751
2026-09-28T13:13:10.842Z	spark1	LOAD	113.480	4.134
2026-09-28T13:13:10.877Z	spark2	LOAD	114.768	1.751
2026-09-28T13:13:11.093Z	spark1	LOAD	113.485	4.134
2026-09-28T13:13:11.128Z	spark2	LOAD	114.770	1.751
2026-09-28T13:13:11.343Z	spark1	LOAD	113.485	4.134
2026-09-28T13:13:11.378Z	spark2	LOAD	114.772	1.751
2026-09-28T13:13:11.610Z	spark1	LOAD	113.479	4.134
2026-09-28T13:13:11.644Z	spark2	LOAD	114.772	1.751
2026-09-28T13:13:11.861Z	spark1	LOAD	113.481	4.134
2026-09-28T13:13:11.895Z	spark2	LOAD	114.774	1.751
2026-09-28T13:13:12.111Z	spark1	LOAD	113.482	4.134
2026-09-28T13:13:12.145Z	spark2	LOAD	114.775	1.751
2026-09-28T13:13:12.361Z	spark1	LOAD	113.481	4.134
2026-09-28T13:13:12.396Z	spark2	LOAD	114.777	1.751
2026-09-28T13:13:12.629Z	spark1	LOAD	113.481	4.134
2026-09-28T13:13:12.661Z	spark2	LOAD	114.777	1.751
2026-09-28T13:13:12.879Z	spark1	LOAD	113.483	4.134
2026-09-28T13:13:12.912Z	spark2	LOAD	114.778	1.751
2026-09-28T13:13:13.130Z	spark1	LOAD	113.486	4.134
2026-09-28T13:13:13.163Z	spark2	LOAD	114.780	1.751
2026-09-28T13:13:13.380Z	spark1	LOAD	113.488	4.134
2026-09-28T13:13:13.413Z	spark2	LOAD	114.782	1.751
2026-09-28T13:13:13.643Z	spark1	LOAD	113.463	4.134
2026-09-28T13:13:13.678Z	spark2	LOAD	114.782	1.751
2026-09-28T13:13:13.894Z	spark1	LOAD	113.465	4.134
2026-09-28T13:13:13.928Z	spark2	LOAD	114.785	1.751
2026-09-28T13:13:14.145Z	spark1	LOAD	113.467	4.134
2026-09-28T13:13:14.178Z	spark2	LOAD	114.785	1.751
2026-09-28T13:13:14.395Z	spark1	LOAD	113.490	4.134
2026-09-28T13:13:14.428Z	spark2	LOAD	114.787	1.751
2026-09-28T13:13:14.662Z	spark1	LOAD	113.499	4.134
2026-09-28T13:13:14.690Z	spark2	LOAD	114.785	1.751
2026-09-28T13:13:14.913Z	spark1	LOAD	113.501	4.134
2026-09-28T13:13:14.941Z	spark2	LOAD	114.784	1.751
2026-09-28T13:13:15.164Z	spark1	LOAD	113.505	4.134
2026-09-28T13:13:15.191Z	spark2	LOAD	114.777	1.751
2026-09-28T13:13:15.415Z	spark1	LOAD	113.502	4.134
2026-09-28T13:13:15.441Z	spark2	LOAD	114.777	1.751
2026-09-28T13:13:15.677Z	spark1	LOAD	113.493	4.134
2026-09-28T13:13:15.708Z	spark2	LOAD	114.777	1.751
2026-09-28T13:13:15.928Z	spark1	LOAD	113.488	4.134
2026-09-28T13:13:15.959Z	spark2	LOAD	114.778	1.751
2026-09-28T13:13:16.179Z	spark1	LOAD	113.488	4.134
2026-09-28T13:13:16.209Z	spark2	LOAD	114.780	1.751
2026-09-28T13:13:16.429Z	spark1	LOAD	113.488	4.134
2026-09-28T13:13:16.459Z	spark2	LOAD	114.780	1.751
2026-09-28T13:13:16.697Z	spark1	LOAD	113.486	4.134
2026-09-28T13:13:16.725Z	spark2	LOAD	114.780	1.751
2026-09-28T13:13:16.947Z	spark1	LOAD	113.488	4.134
2026-09-28T13:13:16.975Z	spark2	LOAD	114.782	1.751
2026-09-28T13:13:17.198Z	spark1	LOAD	113.488	4.134
2026-09-28T13:13:17.226Z	spark2	LOAD	114.782	1.751
2026-09-28T13:13:17.448Z	spark1	LOAD	113.488	4.134
2026-09-28T13:13:17.476Z	spark2	LOAD	114.782	1.751
2026-09-28T13:13:17.715Z	spark1	LOAD	113.474	4.134
2026-09-28T13:13:17.741Z	spark2	LOAD	114.782	1.751
2026-09-28T13:13:17.966Z	spark1	LOAD	113.475	4.134
2026-09-28T13:13:17.992Z	spark2	LOAD	114.784	1.751
2026-09-28T13:13:18.216Z	spark1	LOAD	113.477	4.134
2026-09-28T13:13:18.243Z	spark2	LOAD	114.785	1.751
2026-09-28T13:13:18.466Z	spark1	LOAD	113.480	4.134
2026-09-28T13:13:18.493Z	spark2	LOAD	114.785	1.751
2026-09-28T13:13:18.735Z	spark1	LOAD	113.480	4.134
2026-09-28T13:13:18.758Z	spark2	LOAD	114.785	1.751
2026-09-28T13:13:18.985Z	spark1	LOAD	113.482	4.134
2026-09-28T13:13:19.009Z	spark2	LOAD	114.787	1.751
2026-09-28T13:13:19.236Z	spark1	LOAD	113.482	4.134
2026-09-28T13:13:19.259Z	spark2	LOAD	114.787	1.751
2026-09-28T13:13:19.487Z	spark1	LOAD	113.482	4.134
2026-09-28T13:13:19.509Z	spark2	LOAD	114.787	1.751
2026-09-28T13:13:19.750Z	spark1	LOAD	113.502	4.134
2026-09-28T13:13:19.774Z	spark2	LOAD	114.787	1.751
2026-09-28T13:13:20.000Z	spark1	LOAD	113.502	4.134
2026-09-28T13:13:20.025Z	spark2	LOAD	114.789	1.751
2026-09-28T13:13:20.251Z	spark1	LOAD	113.504	4.134
2026-09-28T13:13:20.276Z	spark2	LOAD	114.789	1.751
2026-09-28T13:13:20.502Z	spark1	LOAD	113.504	4.134
2026-09-28T13:13:20.526Z	spark2	LOAD	114.789	1.751
2026-09-28T13:13:20.765Z	spark1	LOAD	113.504	4.134
2026-09-28T13:13:20.791Z	spark2	LOAD	114.789	1.751
2026-09-28T13:13:21.016Z	spark1	LOAD	113.502	4.134
2026-09-28T13:13:21.041Z	spark2	LOAD	114.790	1.751
2026-09-28T13:13:21.266Z	spark1	LOAD	113.503	4.134
2026-09-28T13:13:21.292Z	spark2	LOAD	114.790	1.751
2026-09-28T13:13:21.517Z	spark1	LOAD	113.503	4.134
2026-09-28T13:13:21.543Z	spark2	LOAD	114.790	1.751
2026-09-28T13:13:21.780Z	spark1	LOAD	113.525	4.134
2026-09-28T13:13:21.806Z	spark2	LOAD	114.790	1.751
2026-09-28T13:13:22.030Z	spark1	LOAD	113.528	4.134
2026-09-28T13:13:22.058Z	spark2	LOAD	114.790	1.751
2026-09-28T13:13:22.281Z	spark1	LOAD	113.528	4.134
2026-09-28T13:13:22.308Z	spark2	LOAD	114.790	1.751
2026-09-28T13:13:22.531Z	spark1	LOAD	113.527	4.134
2026-09-28T13:13:22.558Z	spark2	LOAD	114.790	1.751
2026-09-28T13:13:22.800Z	spark1	LOAD	113.527	4.134
2026-09-28T13:13:22.823Z	spark2	LOAD	114.791	1.751
2026-09-28T13:13:23.050Z	spark1	LOAD	113.530	4.134
2026-09-28T13:13:23.075Z	spark2	LOAD	114.791	1.751
2026-09-28T13:13:23.301Z	spark1	LOAD	113.530	4.134
2026-09-28T13:13:23.325Z	spark2	LOAD	114.791	1.751
2026-09-28T13:13:23.552Z	spark1	LOAD	113.530	4.134
2026-09-28T13:13:23.575Z	spark2	LOAD	114.791	1.751
2026-09-28T13:13:23.820Z	spark1	LOAD	113.524	4.134
2026-09-28T13:13:23.839Z	spark2	LOAD	114.791	1.751
2026-09-28T13:13:24.071Z	spark1	LOAD	113.539	4.134
2026-09-28T13:13:24.091Z	spark2	LOAD	114.791	1.751
2026-09-28T13:13:24.322Z	spark1	LOAD	113.539	4.134
2026-09-28T13:13:24.341Z	spark2	LOAD	114.791	1.751
2026-09-28T13:13:24.573Z	spark1	LOAD	113.539	4.134
2026-09-28T13:13:24.591Z	spark2	LOAD	114.791	1.751
2026-09-28T13:13:24.841Z	spark1	LOAD	113.539	4.134
2026-09-28T13:13:24.856Z	spark2	LOAD	114.791	1.751
2026-09-28T13:13:25.092Z	spark1	LOAD	113.542	4.134
2026-09-28T13:13:25.106Z	spark2	LOAD	114.791	1.751
2026-09-28T13:13:25.342Z	spark1	LOAD	113.542	4.134
2026-09-28T13:13:25.357Z	spark2	LOAD	114.791	1.751
2026-09-28T13:13:25.592Z	spark1	LOAD	113.536	4.134
2026-09-28T13:13:25.607Z	spark2	LOAD	114.791	1.751
2026-09-28T13:13:25.854Z	spark1	LOAD	113.530	4.134
2026-09-28T13:13:25.872Z	spark2	LOAD	114.791	1.751
2026-09-28T13:13:26.105Z	spark1	LOAD	113.518	4.134
2026-09-28T13:13:26.123Z	spark2	LOAD	114.799	1.751
2026-09-28T13:13:26.355Z	spark1	LOAD	113.518	4.134
2026-09-28T13:13:26.374Z	spark2	LOAD	114.799	1.751
2026-09-28T13:13:26.606Z	spark1	LOAD	113.518	4.134
2026-09-28T13:13:26.625Z	spark2	LOAD	114.799	1.751
2026-09-28T13:13:26.868Z	spark1	LOAD	113.519	4.134
2026-09-28T13:13:26.891Z	spark2	LOAD	114.799	1.751
2026-09-28T13:13:27.119Z	spark1	LOAD	113.523	4.134
2026-09-28T13:13:27.141Z	spark2	LOAD	114.800	1.751
2026-09-28T13:13:27.369Z	spark1	LOAD	113.523	4.134
2026-09-28T13:13:27.391Z	spark2	LOAD	114.800	1.751
2026-09-28T13:13:27.620Z	spark1	LOAD	113.521	4.134
2026-09-28T13:13:27.642Z	spark2	LOAD	114.800	1.751
2026-09-28T13:13:27.886Z	spark1	LOAD	113.520	4.134
2026-09-28T13:13:27.907Z	spark2	LOAD	114.800	1.751
2026-09-28T13:13:28.137Z	spark1	LOAD	113.524	4.134
2026-09-28T13:13:28.158Z	spark2	LOAD	114.800	1.751
2026-09-28T13:13:28.388Z	spark1	LOAD	113.524	4.134
2026-09-28T13:13:28.408Z	spark2	LOAD	114.800	1.751
2026-09-28T13:13:28.638Z	spark1	LOAD	113.524	4.134
2026-09-28T13:13:28.659Z	spark2	LOAD	114.800	1.751
2026-09-28T13:13:28.905Z	spark1	LOAD	113.526	4.134
2026-09-28T13:13:28.925Z	spark2	LOAD	114.800	1.751
2026-09-28T13:13:29.156Z	spark1	LOAD	113.527	4.134
2026-09-28T13:13:29.175Z	spark2	LOAD	114.800	1.751
2026-09-28T13:13:29.407Z	spark1	LOAD	113.527	4.134
2026-09-28T13:13:29.425Z	spark2	LOAD	114.800	1.751
2026-09-28T13:13:29.657Z	spark1	LOAD	113.527	4.134
2026-09-28T13:13:29.676Z	spark2	LOAD	114.800	1.751
2026-09-28T13:13:29.923Z	spark1	LOAD	113.527	4.134
2026-09-28T13:13:29.941Z	spark2	LOAD	114.800	1.751
2026-09-28T13:13:30.174Z	spark1	LOAD	113.524	4.134
2026-09-28T13:13:30.192Z	spark2	LOAD	114.800	1.751
2026-09-28T13:13:30.425Z	spark1	LOAD	113.524	4.134
2026-09-28T13:13:30.442Z	spark2	LOAD	114.800	1.751
2026-09-28T13:13:30.676Z	spark1	LOAD	113.524	4.134
2026-09-28T13:13:30.692Z	spark2	LOAD	114.800	1.751
2026-09-28T13:13:30.942Z	spark1	LOAD	113.528	4.134
2026-09-28T13:13:30.957Z	spark2	LOAD	114.800	1.751
2026-09-28T13:13:31.192Z	spark1	LOAD	113.493	4.134
2026-09-28T13:13:31.208Z	spark2	LOAD	114.749	1.751
2026-09-28T13:13:31.443Z	spark1	LOAD	112.981	4.134
2026-09-28T13:13:31.459Z	spark2	LOAD	114.237	1.751
2026-09-28T13:13:31.693Z	spark1	LOAD	112.845	4.134
2026-09-28T13:13:31.709Z	spark2	LOAD	114.066	1.751
2026-09-28T13:13:31.960Z	spark1	LOAD	112.600	4.134
2026-09-28T13:13:31.970Z	spark2	LOAD	113.819	1.751
2026-09-28T13:13:32.211Z	spark1	LOAD	112.415	4.134
2026-09-28T13:13:32.220Z	spark2	LOAD	113.621	1.751
2026-09-28T13:13:32.461Z	spark1	LOAD	112.218	4.134
2026-09-28T13:13:32.470Z	spark2	LOAD	113.415	1.751
2026-09-28T13:13:32.712Z	spark1	LOAD	111.906	4.134
2026-09-28T13:13:32.721Z	spark2	LOAD	113.117	1.751
2026-09-28T13:13:32.974Z	spark1	LOAD	111.374	4.134
2026-09-28T13:13:32.986Z	spark2	LOAD	112.575	1.751
2026-09-28T13:13:33.224Z	spark1	LOAD	111.080	4.134
2026-09-28T13:13:33.236Z	spark2	LOAD	112.269	1.751
2026-09-28T13:13:33.475Z	spark1	LOAD	110.821	4.134
2026-09-28T13:13:33.487Z	spark2	LOAD	112.032	1.751
2026-09-28T13:13:33.726Z	spark1	LOAD	110.639	4.134
2026-09-28T13:13:33.738Z	spark2	LOAD	111.819	1.751
2026-09-28T13:13:33.994Z	spark1	LOAD	110.347	4.134
2026-09-28T13:13:33.998Z	spark2	LOAD	111.555	1.751
2026-09-28T13:13:34.244Z	spark1	LOAD	110.095	4.134
2026-09-28T13:13:34.248Z	spark2	LOAD	111.345	1.751
2026-09-28T13:13:34.495Z	spark1	LOAD	109.701	4.134
2026-09-28T13:13:34.499Z	spark2	LOAD	110.918	1.751
2026-09-28T13:13:34.745Z	spark1	LOAD	109.674	4.134
2026-09-28T13:13:34.750Z	spark2	LOAD	110.889	1.751
2026-09-28T13:13:35.013Z	spark1	LOAD	108.191	4.134
2026-09-28T13:13:35.016Z	spark2	LOAD	109.019	1.751
2026-09-28T13:13:35.264Z	spark1	LOAD	103.599	4.134
2026-09-28T13:13:35.266Z	spark2	LOAD	104.599	1.751
2026-09-28T13:13:35.514Z	spark1	LOAD	97.097	4.134
2026-09-28T13:13:35.517Z	spark2	LOAD	98.673	1.751
2026-09-28T13:13:35.765Z	spark1	LOAD	90.250	4.134
2026-09-28T13:13:35.767Z	spark2	LOAD	92.699	1.751
2026-09-28T13:13:36.028Z	spark1	LOAD	83.105	4.134
2026-09-28T13:13:36.033Z	spark2	LOAD	86.230	1.751
2026-09-28T13:13:36.278Z	spark1	LOAD	77.213	4.134
2026-09-28T13:13:36.283Z	spark2	LOAD	80.146	1.751
2026-09-28T13:13:36.528Z	spark1	LOAD	71.052	4.134
2026-09-28T13:13:36.533Z	spark2	LOAD	74.082	1.751
2026-09-28T13:13:36.779Z	spark1	LOAD	64.716	4.134
2026-09-28T13:13:36.784Z	spark2	LOAD	67.879	1.751
2026-09-28T13:13:37.041Z	spark1	LOAD	58.135	4.134
2026-09-28T13:13:37.050Z	spark2	LOAD	61.778	1.751
2026-09-28T13:13:37.292Z	spark1	LOAD	51.686	4.134
2026-09-28T13:13:37.302Z	spark2	LOAD	55.592	1.751
2026-09-28T13:13:37.542Z	spark1	LOAD	45.273	4.134
2026-09-28T13:13:37.552Z	spark2	LOAD	49.403	1.751
2026-09-28T13:13:37.792Z	spark1	LOAD	38.836	4.134
2026-09-28T13:13:37.802Z	spark2	LOAD	43.099	1.751
2026-09-28T13:13:38.056Z	spark1	LOAD	32.151	4.134
2026-09-28T13:13:38.063Z	spark2	LOAD	36.477	1.751
2026-09-28T13:13:38.306Z	spark1	LOAD	26.097	4.134
2026-09-28T13:13:38.313Z	spark2	LOAD	30.206	1.751
2026-09-28T13:13:38.556Z	spark1	LOAD	19.673	4.134
2026-09-28T13:13:38.565Z	spark2	LOAD	23.923	1.751
2026-09-28T13:13:38.807Z	spark1	LOAD	18.933	4.134
2026-09-28T13:13:38.814Z	spark2	LOAD	20.187	1.751
2026-09-28T13:13:39.071Z	spark1	LOAD	18.727	4.134
2026-09-28T13:13:39.080Z	spark2	LOAD	19.990	1.751
2026-09-28T13:13:39.321Z	spark1	LOAD	18.358	4.134
2026-09-28T13:13:39.330Z	spark2	LOAD	19.619	1.751
2026-09-28T13:13:39.571Z	spark1	LOAD	18.335	4.134
2026-09-28T13:13:39.581Z	spark2	LOAD	19.472	1.751
2026-09-28T13:13:39.822Z	spark1	LOAD	18.310	4.134
2026-09-28T13:13:39.831Z	spark2	LOAD	19.315	1.751
2026-09-28T13:13:40.084Z	spark1	LOAD	18.294	4.134
2026-09-28T13:13:40.092Z	spark2	LOAD	19.171	1.751
2026-09-28T13:13:40.334Z	spark1	LOAD	18.256	4.134
2026-09-28T13:13:40.342Z	spark2	LOAD	19.028	1.751
2026-09-28T13:13:40.585Z	spark1	LOAD	18.239	4.134
2026-09-28T13:13:40.592Z	spark2	LOAD	18.886	1.751
2026-09-28T13:13:40.835Z	spark1	LOAD	18.217	4.134
2026-09-28T13:13:40.843Z	spark2	LOAD	18.730	1.751
2026-09-28T13:13:41.097Z	spark1	LOAD	18.182	4.134
2026-09-28T13:13:41.108Z	spark2	LOAD	18.587	1.751
2026-09-28T13:13:41.347Z	spark1	LOAD	18.157	4.134
2026-09-28T13:13:41.359Z	spark2	LOAD	18.467	1.751
2026-09-28T13:13:41.597Z	spark1	LOAD	18.131	4.134
2026-09-28T13:13:41.609Z	spark2	LOAD	18.344	1.751
2026-09-28T13:13:41.848Z	spark1	LOAD	18.108	4.134
2026-09-28T13:13:41.860Z	spark2	LOAD	18.216	1.751
2026-09-28T13:13:42.114Z	spark1	LOAD	18.079	4.134
2026-09-28T13:13:42.125Z	spark2	LOAD	18.086	1.751
2026-09-28T13:13:42.364Z	spark1	LOAD	18.058	4.134
2026-09-28T13:13:42.376Z	spark2	LOAD	17.961	1.751
2026-09-28T13:13:42.615Z	spark1	LOAD	18.006	4.134
2026-09-28T13:13:42.626Z	spark2	LOAD	17.841	1.751
2026-09-28T13:13:42.865Z	spark1	LOAD	17.984	4.134
2026-09-28T13:13:42.876Z	spark2	LOAD	17.715	1.751
2026-09-28T13:13:43.127Z	spark1	LOAD	17.959	4.134
2026-09-28T13:13:43.137Z	spark2	LOAD	17.588	1.751
2026-09-28T13:13:43.377Z	spark1	LOAD	17.937	4.134
2026-09-28T13:13:43.387Z	spark2	LOAD	17.463	1.751
2026-09-28T13:13:43.628Z	spark1	LOAD	17.916	4.134
2026-09-28T13:13:43.637Z	spark2	LOAD	17.477	1.751
2026-09-28T13:13:43.878Z	spark1	LOAD	17.891	4.134
2026-09-28T13:13:43.888Z	spark2	LOAD	17.645	1.751
2026-09-28T13:13:44.144Z	spark1	LOAD	17.865	4.134
2026-09-28T13:13:44.153Z	spark2	LOAD	19.456	1.751
2026-09-28T13:13:44.395Z	spark1	LOAD	17.839	4.134
2026-09-28T13:13:44.404Z	spark2	LOAD	19.422	1.751
2026-09-28T13:13:44.645Z	spark1	LOAD	17.794	4.134
2026-09-28T13:13:44.654Z	spark2	LOAD	19.387	1.751
2026-09-28T13:13:44.895Z	spark1	LOAD	17.779	4.134
2026-09-28T13:13:44.904Z	spark2	LOAD	19.352	1.751
2026-09-28T13:13:45.161Z	spark1	LOAD	17.753	4.134
2026-09-28T13:13:45.164Z	spark2	LOAD	19.248	1.751
2026-09-28T13:13:45.411Z	spark1	LOAD	17.731	4.134
2026-09-28T13:13:45.415Z	spark2	LOAD	19.094	1.751
2026-09-28T13:13:45.661Z	spark1	LOAD	17.706	4.134
2026-09-28T13:13:45.665Z	spark2	LOAD	18.942	1.751
2026-09-28T13:13:45.912Z	spark1	LOAD	17.676	4.134
2026-09-28T13:13:45.915Z	spark2	LOAD	18.789	1.751
2026-09-28T13:13:46.173Z	spark1	LOAD	17.651	4.134
2026-09-28T13:13:46.181Z	spark2	LOAD	18.623	1.751
2026-09-28T13:13:46.423Z	spark1	LOAD	17.627	4.134
2026-09-28T13:13:46.431Z	spark2	LOAD	18.466	1.751
2026-09-28T13:13:46.673Z	spark1	LOAD	17.596	4.134
2026-09-28T13:13:46.681Z	spark2	LOAD	18.307	1.751
2026-09-28T13:13:46.924Z	spark1	LOAD	17.572	4.134
2026-09-28T13:13:46.932Z	spark2	LOAD	18.154	1.751
2026-09-28T13:13:47.191Z	spark1	LOAD	17.531	4.134
2026-09-28T13:13:47.197Z	spark2	LOAD	17.988	1.751
2026-09-28T13:13:47.441Z	spark1	LOAD	17.497	4.134
2026-09-28T13:13:47.447Z	spark2	LOAD	17.827	1.751
2026-09-28T13:13:47.692Z	spark1	LOAD	17.472	4.134
2026-09-28T13:13:47.697Z	spark2	LOAD	17.765	1.751
2026-09-28T13:13:47.942Z	spark1	LOAD	17.437	4.134
2026-09-28T13:13:47.948Z	spark2	LOAD	17.714	1.751
2026-09-28T13:13:48.209Z	spark1	LOAD	17.411	4.134
2026-09-28T13:13:48.209Z	spark2	LOAD	17.668	1.751
2026-09-28T13:13:48.459Z	spark1	LOAD	17.386	4.134
2026-09-28T13:13:48.461Z	spark2	LOAD	18.906	1.751
2026-09-28T13:13:48.709Z	spark1	LOAD	17.355	4.134
2026-09-28T13:13:48.710Z	spark2	LOAD	19.462	1.751
2026-09-28T13:13:48.960Z	spark1	LOAD	17.341	4.134
2026-09-28T13:13:48.960Z	spark2	LOAD	19.503	1.751
2026-09-28T13:13:49.227Z	spark2	LOAD	19.529	1.751
2026-09-28T13:13:49.227Z	spark1	LOAD	17.316	4.134
2026-09-28T13:13:49.476Z	spark2	LOAD	19.553	1.751
2026-09-28T13:13:49.477Z	spark1	LOAD	17.293	4.134
2026-09-28T13:13:49.727Z	spark2	LOAD	19.583	1.751
2026-09-28T13:13:49.728Z	spark1	LOAD	17.267	4.134
2026-09-28T13:13:49.978Z	spark2	LOAD	19.622	1.751
2026-09-28T13:13:49.978Z	spark1	LOAD	17.245	4.134
2026-09-28T13:13:50.238Z	spark2	LOAD	20.738	1.751
2026-09-28T13:13:50.240Z	spark1	LOAD	17.222	4.134
2026-09-28T13:13:50.488Z	spark2	LOAD	20.729	1.751
2026-09-28T13:13:50.491Z	spark1	LOAD	17.199	4.134
2026-09-28T13:13:50.738Z	spark2	LOAD	20.631	1.751
2026-09-28T13:13:50.741Z	spark1	LOAD	17.165	4.134
2026-09-28T13:13:50.989Z	spark2	LOAD	20.493	1.751
2026-09-28T13:13:50.991Z	spark1	LOAD	17.143	4.134
2026-09-28T13:13:51.250Z	spark2	LOAD	20.490	1.751
2026-09-28T13:13:51.257Z	spark1	LOAD	17.117	4.134
2026-09-28T13:13:51.499Z	spark2	LOAD	20.221	1.751
2026-09-28T13:13:51.508Z	spark1	LOAD	17.095	4.134
2026-09-28T13:13:51.750Z	spark2	LOAD	20.005	1.751
2026-09-28T13:13:51.758Z	spark1	LOAD	17.072	4.134
2026-09-28T13:13:52.000Z	spark2	LOAD	19.959	1.751
2026-09-28T13:13:52.008Z	spark1	LOAD	17.050	4.134
2026-09-28T13:13:52.262Z	spark2	LOAD	19.990	1.751
2026-09-28T13:13:52.275Z	spark1	LOAD	17.026	4.134
2026-09-28T13:13:52.511Z	spark2	LOAD	19.420	1.751
2026-09-28T13:13:52.525Z	spark1	LOAD	17.003	4.134
2026-09-28T13:13:52.762Z	spark2	LOAD	19.345	1.751
2026-09-28T13:13:52.775Z	spark1	LOAD	16.975	4.134
2026-09-28T13:13:53.012Z	spark2	LOAD	19.744	1.751
2026-09-28T13:13:53.026Z	spark1	LOAD	16.955	4.134
2026-09-28T13:13:53.276Z	spark2	LOAD	19.621	1.751
2026-09-28T13:13:53.292Z	spark1	LOAD	16.928	4.134
2026-09-28T13:13:53.526Z	spark2	LOAD	19.505	1.751
2026-09-28T13:13:53.543Z	spark1	LOAD	16.930	4.134
2026-09-28T13:13:53.777Z	spark2	LOAD	18.939	1.751
2026-09-28T13:13:53.793Z	spark1	LOAD	16.911	4.134
2026-09-28T13:13:54.027Z	spark2	LOAD	19.340	1.751
2026-09-28T13:13:54.043Z	spark1	LOAD	16.897	4.134
2026-09-28T13:13:54.289Z	spark2	LOAD	19.200	1.751
2026-09-28T13:13:54.312Z	spark1	LOAD	16.870	4.134
2026-09-28T13:13:54.540Z	spark2	LOAD	19.076	1.751
2026-09-28T13:13:54.563Z	spark1	LOAD	16.844	4.134
2026-09-28T13:13:54.790Z	spark2	LOAD	19.000	1.751
2026-09-28T13:13:54.813Z	spark1	LOAD	16.824	4.134
2026-09-28T13:13:55.040Z	spark2	LOAD	18.968	1.751
2026-09-28T13:13:55.063Z	spark1	LOAD	16.804	4.134
2026-09-28T13:13:55.308Z	spark2	LOAD	18.958	1.751
2026-09-28T13:13:55.325Z	spark1	LOAD	16.780	4.134
2026-09-28T13:13:55.558Z	spark2	LOAD	18.836	1.751
2026-09-28T13:13:55.576Z	spark1	LOAD	16.758	4.134
2026-09-28T13:13:55.809Z	spark2	LOAD	18.739	1.751
2026-09-28T13:13:55.826Z	spark1	LOAD	16.736	4.134
2026-09-28T13:13:56.059Z	spark2	LOAD	18.556	1.751
2026-09-28T13:13:56.077Z	spark1	LOAD	16.714	4.134
2026-09-28T13:13:56.323Z	spark2	LOAD	18.517	1.751
2026-09-28T13:13:56.338Z	spark1	LOAD	16.691	4.134
2026-09-28T13:13:56.573Z	spark2	LOAD	18.453	1.751
2026-09-28T13:13:56.589Z	spark1	LOAD	16.671	4.134
2026-09-28T13:13:56.823Z	spark2	LOAD	18.349	1.751
2026-09-28T13:13:56.839Z	spark1	LOAD	16.646	4.134
2026-09-28T13:13:57.073Z	spark2	LOAD	18.257	1.751
2026-09-28T13:13:57.089Z	spark1	LOAD	16.618	4.134
2026-09-28T13:13:57.336Z	spark2	LOAD	18.164	1.751
2026-09-28T13:13:57.356Z	spark1	LOAD	16.595	4.134
2026-09-28T13:13:57.587Z	spark2	LOAD	19.234	1.751
2026-09-28T13:13:57.606Z	spark1	LOAD	16.568	4.134
2026-09-28T13:13:57.837Z	spark2	LOAD	20.746	1.751
2026-09-28T13:13:57.856Z	spark1	LOAD	16.545	4.134
2026-09-28T13:13:58.087Z	spark2	LOAD	20.700	1.751
2026-09-28T13:13:58.107Z	spark1	LOAD	16.528	4.134
2026-09-28T13:13:58.347Z	spark2	LOAD	20.576	1.751
2026-09-28T13:13:58.374Z	spark1	LOAD	16.501	4.134
2026-09-28T13:13:58.598Z	spark2	LOAD	20.442	1.751
2026-09-28T13:13:58.624Z	spark1	LOAD	16.480	4.134
2026-09-28T13:13:58.848Z	spark2	LOAD	20.335	1.751
2026-09-28T13:13:58.875Z	spark1	LOAD	16.462	4.134
2026-09-28T13:13:59.099Z	spark2	LOAD	20.171	1.751
2026-09-28T13:13:59.125Z	spark1	LOAD	16.438	4.134
2026-09-28T13:13:59.362Z	spark2	LOAD	20.063	1.751
2026-09-28T13:13:59.392Z	spark1	LOAD	16.392	4.134
2026-09-28T13:13:59.613Z	spark2	LOAD	19.491	1.751
2026-09-28T13:13:59.642Z	spark1	LOAD	16.365	4.134
2026-09-28T13:13:59.863Z	spark2	LOAD	19.389	1.751
2026-09-28T13:13:59.892Z	spark1	LOAD	16.376	4.134
2026-09-28T13:14:00.114Z	spark2	LOAD	19.770	1.751
2026-09-28T13:14:00.142Z	spark1	LOAD	16.394	4.134
2026-09-28T13:14:00.375Z	spark2	LOAD	19.663	1.751
2026-09-28T13:14:00.405Z	spark1	LOAD	16.401	4.134
2026-09-28T13:14:00.625Z	spark2	LOAD	19.576	1.751
2026-09-28T13:14:00.655Z	spark1	LOAD	18.077	4.134
2026-09-28T13:14:00.875Z	spark2	LOAD	19.463	1.751
2026-09-28T13:14:00.905Z	spark1	LOAD	18.896	4.134
2026-09-28T13:14:01.126Z	spark2	LOAD	19.381	1.751
2026-09-28T13:14:01.155Z	spark1	LOAD	18.739	4.134
2026-09-28T13:14:01.391Z	spark2	LOAD	19.300	1.752
2026-09-28T13:14:01.422Z	spark1	LOAD	18.590	4.134
2026-09-28T13:14:01.641Z	spark2	LOAD	19.191	1.753
2026-09-28T13:14:01.673Z	spark1	LOAD	18.439	4.134
2026-09-28T13:14:01.892Z	spark2	LOAD	19.087	1.753
2026-09-28T13:14:01.924Z	spark1	LOAD	18.294	4.134
2026-09-28T13:14:02.142Z	spark2	LOAD	18.975	1.753
2026-09-28T13:14:02.174Z	spark1	LOAD	18.158	4.134
2026-09-28T13:14:02.405Z	spark2	LOAD	18.884	1.753
2026-09-28T13:14:02.441Z	spark1	LOAD	18.013	4.134
2026-09-28T13:14:02.656Z	spark2	LOAD	18.787	1.753
2026-09-28T13:14:02.691Z	spark1	LOAD	17.864	4.134
2026-09-28T13:14:02.906Z	spark2	LOAD	18.685	1.753
2026-09-28T13:14:02.941Z	spark1	LOAD	17.704	4.134
2026-09-28T13:14:03.157Z	spark2	LOAD	18.585	1.753
2026-09-28T13:14:03.192Z	spark1	LOAD	17.561	4.134
2026-09-28T13:14:03.417Z	spark2	LOAD	18.490	1.753
2026-09-28T13:14:03.459Z	spark1	LOAD	17.418	4.134
2026-09-28T13:14:03.667Z	spark2	LOAD	18.403	1.753
2026-09-28T13:14:03.709Z	spark1	LOAD	17.287	4.134
2026-09-28T13:14:03.918Z	spark2	LOAD	18.327	1.754
2026-09-28T13:14:03.960Z	spark1	LOAD	17.162	4.134
2026-09-28T13:14:04.168Z	spark2	LOAD	19.010	1.754
2026-09-28T13:14:04.210Z	spark1	LOAD	17.027	4.134
2026-09-28T13:14:04.429Z	spark2	LOAD	20.496	1.754
2026-09-28T13:14:04.477Z	spark1	LOAD	16.881	4.134
2026-09-28T13:14:04.680Z	spark2	LOAD	20.469	1.754
2026-09-28T13:14:04.728Z	spark1	LOAD	16.838	4.134
2026-09-28T13:14:04.930Z	spark2	LOAD	20.478	1.754
2026-09-28T13:14:04.978Z	spark1	LOAD	16.698	4.134
2026-09-28T13:14:05.181Z	spark2	LOAD	20.381	1.754
2026-09-28T13:14:05.229Z	spark1	LOAD	16.547	4.134
2026-09-28T13:14:05.441Z	spark2	LOAD	20.249	1.754
2026-09-28T13:14:05.495Z	spark1	LOAD	18.860	4.134
2026-09-28T13:14:05.691Z	spark2	LOAD	20.105	1.754
2026-09-28T13:14:05.745Z	spark1	LOAD	19.015	4.134
2026-09-28T13:14:05.941Z	spark2	LOAD	19.981	1.754
2026-09-28T13:14:05.996Z	spark1	LOAD	19.006	4.134
2026-09-28T13:14:06.191Z	spark2	LOAD	19.863	1.753
2026-09-28T13:14:06.246Z	spark1	LOAD	19.014	4.134
2026-09-28T13:14:06.452Z	spark2	LOAD	19.757	1.753
2026-09-28T13:14:06.508Z	spark1	LOAD	19.013	4.134
2026-09-28T13:14:06.702Z	spark2	LOAD	19.602	1.753
2026-09-28T13:14:06.758Z	spark1	LOAD	19.014	4.134
2026-09-28T13:14:06.952Z	spark2	LOAD	19.480	1.753
2026-09-28T13:14:07.008Z	spark1	LOAD	19.014	4.134
2026-09-28T13:14:07.203Z	spark2	LOAD	19.370	1.754
2026-09-28T13:14:07.259Z	spark1	LOAD	19.013	4.134
2026-09-28T13:14:07.464Z	spark2	LOAD	19.256	1.754
2026-09-28T13:14:07.521Z	spark1	LOAD	19.013	4.134
2026-09-28T13:14:07.714Z	spark2	LOAD	19.118	1.754
2026-09-28T13:14:07.772Z	spark1	LOAD	18.986	4.134
2026-09-28T13:14:07.964Z	spark2	LOAD	19.040	1.754
2026-09-28T13:14:08.022Z	spark1	LOAD	18.964	4.134
2026-09-28T13:14:08.215Z	spark2	LOAD	18.900	1.754
2026-09-28T13:14:08.272Z	spark1	LOAD	18.940	4.134
2026-09-28T13:14:08.476Z	spark2	LOAD	18.768	1.754
2026-09-28T13:14:08.539Z	spark1	LOAD	18.916	4.134
2026-09-28T13:14:08.726Z	spark2	LOAD	18.642	1.754
2026-09-28T13:14:08.789Z	spark1	LOAD	18.892	4.134
2026-09-28T13:14:08.976Z	spark2	LOAD	18.507	1.754
2026-09-28T13:14:09.039Z	spark1	LOAD	18.871	4.134
2026-09-28T13:14:09.227Z	spark2	LOAD	18.361	1.754
2026-09-28T13:14:09.291Z	spark1	LOAD	18.821	4.134
2026-09-28T13:14:09.487Z	spark2	LOAD	18.249	1.754
2026-09-28T13:14:09.558Z	spark1	LOAD	18.775	4.134
2026-09-28T13:14:09.738Z	spark2	LOAD	18.099	1.754
2026-09-28T13:14:09.808Z	spark1	LOAD	18.743	4.134
2026-09-28T13:14:09.989Z	spark2	LOAD	17.995	1.754
2026-09-28T13:14:10.059Z	spark1	LOAD	18.719	4.134
2026-09-28T13:14:10.239Z	spark2	LOAD	18.420	1.754
2026-09-28T13:14:10.309Z	spark1	LOAD	18.828	4.134
2026-09-28T13:14:10.499Z	spark2	LOAD	20.395	1.754
2026-09-28T13:14:10.578Z	spark1	LOAD	18.783	4.134
2026-09-28T13:14:10.750Z	spark2	LOAD	20.473	1.754
2026-09-28T13:14:10.829Z	spark1	LOAD	18.754	4.134
2026-09-28T13:14:11.000Z	spark2	LOAD	20.380	1.754
2026-09-28T13:14:11.079Z	spark1	LOAD	18.718	4.134
2026-09-28T13:14:11.250Z	spark2	LOAD	20.274	1.754
2026-09-28T13:14:11.329Z	spark1	LOAD	18.676	4.134
2026-09-28T13:14:11.515Z	spark2	LOAD	20.147	1.754
2026-09-28T13:14:11.592Z	spark1	LOAD	18.637	4.133
2026-09-28T13:14:11.765Z	spark2	LOAD	20.024	1.754
2026-09-28T13:14:11.843Z	spark1	LOAD	18.607	4.133
2026-09-28T13:14:12.016Z	spark2	LOAD	19.910	1.754
2026-09-28T13:14:12.093Z	spark1	LOAD	18.583	4.133
2026-09-28T13:14:12.265Z	spark2	LOAD	19.744	1.754
2026-09-28T13:14:12.343Z	spark1	LOAD	18.551	4.133
2026-09-28T13:14:12.527Z	spark2	LOAD	19.628	1.754
2026-09-28T13:14:12.606Z	spark1	LOAD	18.516	4.133
2026-09-28T13:14:12.776Z	spark2	LOAD	19.676	1.755
2026-09-28T13:14:12.857Z	spark1	LOAD	18.482	4.133
2026-09-28T13:14:13.027Z	spark2	LOAD	19.225	1.755
2026-09-28T13:14:13.107Z	spark1	LOAD	18.457	4.133
2026-09-28T13:14:13.277Z	spark2	LOAD	19.427	1.755
2026-09-28T13:14:13.358Z	spark1	LOAD	18.405	4.133
2026-09-28T13:14:13.538Z	spark2	LOAD	19.336	1.755
2026-09-28T13:14:13.625Z	spark1	LOAD	18.371	4.133
2026-09-28T13:14:13.788Z	spark2	LOAD	18.763	1.755
2026-09-28T13:14:13.876Z	spark1	LOAD	18.341	4.133
2026-09-28T13:14:14.038Z	spark2	LOAD	19.121	1.755
2026-09-28T13:14:14.126Z	spark1	LOAD	18.318	4.133
2026-09-28T13:14:14.289Z	spark2	LOAD	19.025	1.755
2026-09-28T13:14:14.376Z	spark1	LOAD	18.285	4.133
2026-09-28T13:14:14.549Z	spark2	LOAD	18.453	1.755
2026-09-28T13:14:14.642Z	spark1	LOAD	18.252	4.133
2026-09-28T13:14:14.799Z	spark2	LOAD	18.841	1.756
2026-09-28T13:14:14.892Z	spark1	LOAD	18.204	4.133
2026-09-28T13:14:15.049Z	spark2	LOAD	18.768	1.756
2026-09-28T13:14:15.143Z	spark1	LOAD	18.172	4.133
2026-09-28T13:14:15.299Z	spark2	LOAD	18.597	1.756
2026-09-28T13:14:15.393Z	spark1	LOAD	18.134	4.133
2026-09-28T13:14:15.564Z	spark2	LOAD	18.480	1.756
2026-09-28T13:14:15.660Z	spark1	LOAD	18.109	4.133
2026-09-28T13:14:15.815Z	spark2	LOAD	18.374	1.756
2026-09-28T13:14:15.911Z	spark1	LOAD	18.090	4.133
2026-09-28T13:14:16.065Z	spark2	LOAD	18.294	1.756
2026-09-28T13:14:16.161Z	spark1	LOAD	18.063	4.133
2026-09-28T13:14:16.315Z	spark2	LOAD	18.228	1.756
2026-09-28T13:14:16.411Z	spark1	LOAD	18.040	4.133
2026-09-28T13:14:16.576Z	spark2	LOAD	18.380	1.958
2026-09-28T13:14:16.674Z	spark1	LOAD	18.016	4.133
2026-09-28T13:14:16.826Z	spark2	LOAD	18.665	2.211
2026-09-28T13:14:16.925Z	spark1	LOAD	17.993	4.133
2026-09-28T13:14:17.076Z	spark2	LOAD	20.407	2.252
2026-09-28T13:14:17.175Z	spark1	LOAD	17.976	4.133
2026-09-28T13:14:17.326Z	spark2	LOAD	21.201	2.252
2026-09-28T13:14:17.425Z	spark1	LOAD	17.933	4.133
2026-09-28T13:14:17.591Z	spark2	LOAD	21.110	2.252
2026-09-28T13:14:17.688Z	spark1	LOAD	17.917	4.133
2026-09-28T13:14:17.842Z	spark2	LOAD	21.019	2.252
2026-09-28T13:14:17.938Z	spark1	LOAD	17.892	4.133
2026-09-28T13:14:18.092Z	spark2	LOAD	20.927	2.252
2026-09-28T13:14:18.188Z	spark1	LOAD	17.870	4.133
2026-09-28T13:14:18.343Z	spark2	LOAD	20.739	2.252
2026-09-28T13:14:18.439Z	spark1	LOAD	17.841	4.133
2026-09-28T13:14:18.608Z	spark2	LOAD	20.619	2.252
2026-09-28T13:14:18.700Z	spark1	LOAD	17.815	4.133
2026-09-28T13:14:18.859Z	spark2	LOAD	20.487	2.252
2026-09-28T13:14:18.951Z	spark1	LOAD	17.789	4.133
2026-09-28T13:14:19.109Z	spark2	LOAD	20.378	2.252
2026-09-28T13:14:19.201Z	spark1	LOAD	17.764	4.133
2026-09-28T13:14:19.359Z	spark2	LOAD	20.268	2.252
2026-09-28T13:14:19.451Z	spark1	LOAD	17.735	4.133
2026-09-28T13:14:19.620Z	spark2	LOAD	20.159	2.252
2026-09-28T13:14:19.721Z	spark1	LOAD	17.704	4.133
2026-09-28T13:14:19.870Z	spark2	LOAD	20.022	2.252
2026-09-28T13:14:19.971Z	spark1	LOAD	17.671	4.133
2026-09-28T13:14:20.120Z	spark2	LOAD	19.981	2.485
2026-09-28T13:14:20.222Z	spark1	LOAD	17.637	4.133
2026-09-28T13:14:20.371Z	spark2	LOAD	20.334	2.722
2026-09-28T13:14:20.472Z	spark1	LOAD	17.575	4.133
2026-09-28T13:14:20.632Z	spark2	LOAD	20.407	2.839
2026-09-28T13:14:20.734Z	spark1	LOAD	17.542	4.133
2026-09-28T13:14:20.883Z	spark2	LOAD	20.455	2.957
2026-09-28T13:14:20.984Z	spark1	LOAD	17.518	4.133
2026-09-28T13:14:21.133Z	spark2	LOAD	20.547	3.095
2026-09-28T13:14:21.234Z	spark1	LOAD	17.493	4.133
2026-09-28T13:14:21.383Z	spark2	LOAD	20.668	3.236
2026-09-28T13:14:21.484Z	spark1	LOAD	17.437	4.133
2026-09-28T13:14:21.645Z	spark2	LOAD	20.767	3.380
2026-09-28T13:14:21.746Z	spark1	LOAD	17.410	4.133
2026-09-28T13:14:21.894Z	spark2	LOAD	20.787	3.496
2026-09-28T13:14:21.996Z	spark1	LOAD	17.386	4.133
2026-09-28T13:14:22.145Z	spark2	LOAD	20.890	3.635
2026-09-28T13:14:22.247Z	spark1	LOAD	17.360	4.133
2026-09-28T13:14:22.395Z	spark2	LOAD	20.999	3.783
2026-09-28T13:14:22.497Z	spark1	LOAD	17.328	4.133
2026-09-28T13:14:22.659Z	spark2	LOAD	21.004	3.858
2026-09-28T13:14:22.765Z	spark1	LOAD	17.293	4.133
2026-09-28T13:14:22.910Z	spark2	LOAD	20.987	3.858
2026-09-28T13:14:23.015Z	spark1	LOAD	17.265	4.133
2026-09-28T13:14:23.161Z	spark2	LOAD	20.954	3.859
2026-09-28T13:14:23.265Z	spark1	LOAD	17.240	4.133
2026-09-28T13:14:23.411Z	spark2	LOAD	20.938	3.859
2026-09-28T13:14:23.515Z	spark1	LOAD	17.203	4.133
2026-09-28T13:14:23.675Z	spark2	LOAD	20.694	3.860
2026-09-28T13:14:23.778Z	spark1	LOAD	17.171	4.133
2026-09-28T13:14:23.926Z	spark2	LOAD	20.446	3.860
2026-09-28T13:14:24.029Z	spark1	LOAD	17.144	4.133
2026-09-28T13:14:24.176Z	spark2	LOAD	20.461	3.860
2026-09-28T13:14:24.279Z	spark1	LOAD	17.119	4.133
2026-09-28T13:14:24.426Z	spark2	LOAD	20.425	3.860
2026-09-28T13:14:24.529Z	spark1	LOAD	17.040	4.133
2026-09-28T13:14:24.690Z	spark2	LOAD	20.412	3.860
2026-09-28T13:14:24.799Z	spark1	LOAD	17.161	4.134
2026-09-28T13:14:24.941Z	spark2	LOAD	20.388	3.860
2026-09-28T13:14:25.050Z	spark1	LOAD	17.133	4.134
2026-09-28T13:14:25.191Z	spark2	LOAD	20.359	3.860
2026-09-28T13:14:25.300Z	spark1	LOAD	17.121	4.157
2026-09-28T13:14:25.442Z	spark2	LOAD	20.466	3.876
2026-09-28T13:14:25.550Z	spark1	LOAD	17.074	4.158
2026-09-28T13:14:25.707Z	spark2	LOAD	20.388	3.957
2026-09-28T13:14:25.820Z	spark1	LOAD	17.113	4.185
2026-09-28T13:14:25.957Z	spark2	LOAD	20.688	3.985
2026-09-28T13:14:26.071Z	spark1	LOAD	17.040	4.223
2026-09-28T13:14:26.208Z	spark2	LOAD	20.833	4.070
2026-09-28T13:14:26.321Z	spark1	LOAD	17.249	4.442
2026-09-28T13:14:26.458Z	spark2	LOAD	20.849	4.166
2026-09-28T13:14:26.571Z	spark1	LOAD	17.495	4.637
2026-09-28T13:14:26.723Z	spark2	LOAD	20.847	4.177
2026-09-28T13:14:26.842Z	spark1	LOAD	17.688	4.853
2026-09-28T13:14:26.973Z	spark2	LOAD	20.782	4.180
2026-09-28T13:14:27.092Z	spark1	LOAD	17.785	4.978
2026-09-28T13:14:27.223Z	spark2	LOAD	20.738	4.181
2026-09-28T13:14:27.342Z	spark1	LOAD	17.994	5.211
2026-09-28T13:14:27.474Z	spark2	LOAD	20.645	4.181
2026-09-28T13:14:27.592Z	spark1	LOAD	18.205	5.468
2026-09-28T13:14:27.739Z	spark2	LOAD	21.244	4.177
2026-09-28T13:14:27.861Z	spark1	LOAD	18.490	5.764
2026-09-28T13:14:27.989Z	spark2	LOAD	23.028	4.166
2026-09-28T13:14:28.111Z	spark1	LOAD	18.687	6.006
2026-09-28T13:14:28.240Z	spark2	LOAD	23.181	4.166
2026-09-28T13:14:28.362Z	spark1	LOAD	18.687	6.113
2026-09-28T13:14:28.491Z	spark2	LOAD	23.076	4.166
2026-09-28T13:14:28.612Z	spark1	LOAD	18.713	6.227
2026-09-28T13:14:28.756Z	spark2	LOAD	22.949	4.166
2026-09-28T13:14:28.878Z	spark1	LOAD	18.943	6.343
2026-09-28T13:14:29.006Z	spark2	LOAD	22.853	4.166
2026-09-28T13:14:29.129Z	spark1	LOAD	19.062	6.459
2026-09-28T13:14:29.257Z	spark2	LOAD	22.756	4.166
2026-09-28T13:14:29.379Z	spark1	LOAD	19.136	6.572
2026-09-28T13:14:29.507Z	spark2	LOAD	22.650	4.166
2026-09-28T13:14:29.629Z	spark1	LOAD	19.229	6.694
2026-09-28T13:14:29.771Z	spark2	LOAD	22.535	4.166
2026-09-28T13:14:29.897Z	spark1	LOAD	19.336	6.816
2026-09-28T13:14:30.021Z	spark2	LOAD	22.387	4.166
2026-09-28T13:14:30.147Z	spark1	LOAD	19.418	6.924
2026-09-28T13:14:30.272Z	spark2	LOAD	22.272	4.166
2026-09-28T13:14:30.397Z	spark1	LOAD	19.468	7.009
2026-09-28T13:14:30.522Z	spark2	LOAD	22.196	4.166
2026-09-28T13:14:30.647Z	spark1	LOAD	19.440	7.009
2026-09-28T13:14:30.787Z	spark2	LOAD	22.076	4.167
2026-09-28T13:14:30.910Z	spark1	LOAD	19.470	7.067
2026-09-28T13:14:31.037Z	spark2	LOAD	21.942	4.167
2026-09-28T13:14:31.161Z	spark1	LOAD	19.433	7.074
2026-09-28T13:14:31.288Z	spark2	LOAD	21.826	4.167
2026-09-28T13:14:31.411Z	spark1	LOAD	19.500	7.156
2026-09-28T13:14:31.537Z	spark2	LOAD	21.725	4.167
2026-09-28T13:14:31.661Z	spark1	LOAD	19.464	7.174
2026-09-28T13:14:31.802Z	spark2	LOAD	21.587	4.168
2026-09-28T13:14:31.929Z	spark1	LOAD	19.454	7.175
2026-09-28T13:14:32.052Z	spark2	LOAD	21.436	4.168
2026-09-28T13:14:32.179Z	spark1	LOAD	19.462	7.218
2026-09-28T13:14:32.302Z	spark2	LOAD	21.318	4.167
2026-09-28T13:14:32.429Z	spark1	LOAD	19.427	7.218
2026-09-28T13:14:32.553Z	spark2	LOAD	21.149	4.167
2026-09-28T13:14:32.679Z	spark1	LOAD	19.369	7.218
2026-09-28T13:14:32.813Z	spark2	LOAD	21.046	4.168
2026-09-28T13:14:32.942Z	spark1	LOAD	19.456	7.299
2026-09-28T13:14:33.064Z	spark2	LOAD	20.955	4.168
2026-09-28T13:14:33.192Z	spark1	LOAD	19.430	7.316
2026-09-28T13:14:33.314Z	spark2	LOAD	20.843	4.168
2026-09-28T13:14:33.442Z	spark1	LOAD	19.405	7.314
2026-09-28T13:14:33.564Z	spark2	LOAD	20.711	4.168
2026-09-28T13:14:33.693Z	spark1	LOAD	21.047	7.311
2026-09-28T13:14:33.828Z	spark2	LOAD	20.582	4.169
2026-09-28T13:14:33.956Z	spark1	LOAD	22.253	7.308
2026-09-28T13:14:34.079Z	spark2	LOAD	20.532	4.169
2026-09-28T13:14:34.206Z	spark1	LOAD	22.238	7.308
2026-09-28T13:14:34.330Z	spark2	LOAD	21.415	4.169
2026-09-28T13:14:34.456Z	spark1	LOAD	22.224	7.308
2026-09-28T13:14:34.580Z	spark2	LOAD	22.841	4.169
2026-09-28T13:14:34.707Z	spark1	LOAD	22.193	7.308
2026-09-28T13:14:34.851Z	spark2	LOAD	23.246	4.169
2026-09-28T13:14:34.976Z	spark1	LOAD	22.165	7.308
2026-09-28T13:14:35.101Z	spark2	LOAD	23.174	4.169
2026-09-28T13:14:35.227Z	spark1	LOAD	22.138	7.308
2026-09-28T13:14:35.352Z	spark2	LOAD	23.063	4.169
2026-09-28T13:14:35.477Z	spark1	LOAD	22.106	7.308
2026-09-28T13:14:35.602Z	spark2	LOAD	22.935	4.169
2026-09-28T13:14:35.728Z	spark1	LOAD	22.073	7.308
2026-09-28T13:14:35.862Z	spark2	LOAD	22.814	4.169
2026-09-28T13:14:35.994Z	spark1	LOAD	21.996	7.308
2026-09-28T13:14:36.113Z	spark2	LOAD	22.723	4.157
2026-09-28T13:14:36.245Z	spark1	LOAD	21.960	7.308
2026-09-28T13:14:36.363Z	spark2	LOAD	22.523	4.157
2026-09-28T13:14:36.495Z	spark1	LOAD	21.934	7.308
2026-09-28T13:14:36.613Z	spark2	LOAD	22.420	4.157
2026-09-28T13:14:36.746Z	spark1	LOAD	21.906	7.308
2026-09-28T13:14:36.874Z	spark2	LOAD	22.277	4.157
2026-09-28T13:14:37.016Z	spark1	LOAD	21.880	7.308
2026-09-28T13:14:37.124Z	spark2	LOAD	22.162	4.157
2026-09-28T13:14:37.266Z	spark1	LOAD	21.854	7.308
2026-09-28T13:14:37.375Z	spark2	LOAD	22.099	4.157
2026-09-28T13:14:37.517Z	spark1	LOAD	21.831	7.308
2026-09-28T13:14:37.626Z	spark2	LOAD	21.981	4.157
2026-09-28T13:14:37.767Z	spark1	LOAD	21.808	7.308
2026-09-28T13:14:37.891Z	spark2	LOAD	21.861	4.157
2026-09-28T13:14:38.030Z	spark1	LOAD	21.744	7.308
2026-09-28T13:14:38.142Z	spark2	LOAD	21.738	4.157
2026-09-28T13:14:38.280Z	spark1	LOAD	21.722	7.308
2026-09-28T13:14:38.391Z	spark2	LOAD	21.627	4.157
2026-09-28T13:14:38.531Z	spark1	LOAD	21.694	7.308
2026-09-28T13:14:38.642Z	spark2	LOAD	21.523	4.157
2026-09-28T13:14:38.781Z	spark1	LOAD	21.668	7.308
2026-09-28T13:14:38.907Z	spark2	LOAD	21.413	4.157
2026-09-28T13:14:39.050Z	spark1	LOAD	21.636	7.308
2026-09-28T13:14:39.157Z	spark2	LOAD	21.264	4.156
2026-09-28T13:14:39.300Z	spark1	LOAD	21.607	7.308
2026-09-28T13:14:39.408Z	spark2	LOAD	21.182	4.156
2026-09-28T13:14:39.550Z	spark1	LOAD	21.581	7.308
2026-09-28T13:14:39.658Z	spark2	LOAD	21.083	4.157
2026-09-28T13:14:39.801Z	spark1	LOAD	21.544	7.308
2026-09-28T13:14:39.923Z	spark2	LOAD	21.010	4.157
2026-09-28T13:14:40.071Z	spark1	LOAD	21.489	7.308
2026-09-28T13:14:40.173Z	spark2	LOAD	20.931	4.157
2026-09-28T13:14:40.321Z	spark1	LOAD	21.467	7.308
2026-09-28T13:14:40.424Z	spark2	LOAD	20.804	4.157
2026-09-28T13:14:40.572Z	spark1	LOAD	21.441	7.308
2026-09-28T13:14:40.675Z	spark2	LOAD	21.190	4.157
2026-09-28T13:14:40.822Z	spark1	LOAD	21.415	7.308
2026-09-28T13:14:40.941Z	spark2	LOAD	22.681	4.157
2026-09-28T13:14:41.084Z	spark1	LOAD	21.377	7.308
2026-09-28T13:14:41.191Z	spark2	LOAD	23.246	4.157
2026-09-28T13:14:41.334Z	spark1	LOAD	21.341	7.308
2026-09-28T13:14:41.441Z	spark2	LOAD	23.146	4.157
2026-09-28T13:14:41.584Z	spark1	LOAD	21.310	7.308
2026-09-28T13:14:41.692Z	spark2	LOAD	23.022	4.157
2026-09-28T13:14:41.835Z	spark1	LOAD	21.279	7.308
2026-09-28T13:14:41.956Z	spark2	LOAD	22.904	4.157
2026-09-28T13:14:42.102Z	spark1	LOAD	21.221	7.308
2026-09-28T13:14:42.207Z	spark2	LOAD	22.780	4.157
2026-09-28T13:14:42.352Z	spark1	LOAD	21.195	7.308
2026-09-28T13:14:42.457Z	spark2	LOAD	22.659	4.157
2026-09-28T13:14:42.602Z	spark1	LOAD	21.172	7.308
2026-09-28T13:14:42.708Z	spark2	LOAD	22.520	4.157
2026-09-28T13:14:42.853Z	spark1	LOAD	21.085	7.308
2026-09-28T13:14:42.969Z	spark2	LOAD	22.397	4.157
2026-09-28T13:14:43.113Z	spark1	LOAD	21.056	7.308
2026-09-28T13:14:43.219Z	spark2	LOAD	22.254	4.156
2026-09-28T13:14:43.363Z	spark1	LOAD	21.031	7.308
2026-09-28T13:14:43.469Z	spark2	LOAD	22.103	4.156
2026-09-28T13:14:43.614Z	spark1	LOAD	21.007	7.308
2026-09-28T13:14:43.719Z	spark2	LOAD	21.986	4.156
2026-09-28T13:14:43.864Z	spark1	LOAD	20.954	7.308
2026-09-28T13:14:43.984Z	spark2	LOAD	21.515	4.156
2026-09-28T13:14:44.131Z	spark1	LOAD	20.907	7.308
2026-09-28T13:14:44.235Z	spark2	LOAD	21.807	4.156
2026-09-28T13:14:44.381Z	spark1	LOAD	20.885	7.308
2026-09-28T13:14:44.485Z	spark2	LOAD	21.325	4.156
2026-09-28T13:14:44.632Z	spark1	LOAD	20.863	7.308
2026-09-28T13:14:44.736Z	spark2	LOAD	21.585	4.156
2026-09-28T13:14:44.882Z	spark1	LOAD	20.838	7.308
2026-09-28T13:14:44.997Z	spark2	LOAD	21.495	4.156
2026-09-28T13:14:45.149Z	spark1	LOAD	20.813	7.308
2026-09-28T13:14:45.248Z	spark2	LOAD	21.377	4.156
2026-09-28T13:14:45.399Z	spark1	LOAD	20.784	7.308
2026-09-28T13:14:45.497Z	spark2	LOAD	21.269	4.156
2026-09-28T13:14:45.649Z	spark1	LOAD	20.753	7.308
2026-09-28T13:14:45.748Z	spark2	LOAD	21.180	4.162
2026-09-28T13:14:45.900Z	spark1	LOAD	20.719	7.308
2026-09-28T13:14:46.008Z	spark2	LOAD	21.050	4.164
2026-09-28T13:14:46.167Z	spark1	LOAD	20.641	7.308
2026-09-28T13:14:46.258Z	spark2	LOAD	20.959	4.168
2026-09-28T13:14:46.417Z	spark1	LOAD	20.613	7.308
2026-09-28T13:14:46.509Z	spark2	LOAD	20.848	4.174
2026-09-28T13:14:46.667Z	spark1	LOAD	20.586	7.308
2026-09-28T13:14:46.759Z	spark2	LOAD	20.745	4.178
2026-09-28T13:14:46.917Z	spark1	LOAD	20.561	7.308
2026-09-28T13:14:47.023Z	spark2	LOAD	20.651	4.204
2026-09-28T13:14:47.187Z	spark1	LOAD	20.541	7.308
2026-09-28T13:14:47.273Z	spark2	LOAD	22.229	4.204
2026-09-28T13:14:47.437Z	spark1	LOAD	20.514	7.308
2026-09-28T13:14:47.524Z	spark2	LOAD	23.235	4.204
2026-09-28T13:14:47.687Z	spark1	LOAD	20.486	7.308
2026-09-28T13:14:47.774Z	spark2	LOAD	23.166	4.204
2026-09-28T13:14:47.938Z	spark1	LOAD	20.456	7.308
2026-09-28T13:14:48.039Z	spark2	LOAD	23.061	4.204
2026-09-28T13:14:48.200Z	spark1	LOAD	20.405	7.308
2026-09-28T13:14:48.290Z	spark2	LOAD	22.966	4.204
2026-09-28T13:14:48.450Z	spark1	LOAD	20.377	7.308
2026-09-28T13:14:48.540Z	spark2	LOAD	22.879	4.204
2026-09-28T13:14:48.701Z	spark1	LOAD	20.408	7.423
2026-09-28T13:14:48.790Z	spark2	LOAD	22.762	4.204
2026-09-28T13:14:48.951Z	spark1	LOAD	20.452	7.436
2026-09-28T13:14:49.055Z	spark2	LOAD	22.642	4.204
2026-09-28T13:14:49.220Z	spark1	LOAD	20.456	7.464
2026-09-28T13:14:49.305Z	spark2	LOAD	22.524	4.204
2026-09-28T13:14:49.470Z	spark1	LOAD	20.464	7.495
2026-09-28T13:14:49.555Z	spark2	LOAD	22.405	4.204
2026-09-28T13:14:49.721Z	spark1	LOAD	20.431	7.495
2026-09-28T13:14:49.806Z	spark2	LOAD	22.282	4.204
2026-09-28T13:14:49.971Z	spark1	LOAD	20.123	7.501
2026-09-28T13:14:50.065Z	spark2	LOAD	22.188	4.204
2026-09-28T13:14:50.233Z	spark1	LOAD	19.988	7.503
2026-09-28T13:14:50.316Z	spark2	LOAD	22.073	4.204
2026-09-28T13:14:50.484Z	spark1	LOAD	19.970	7.507
2026-09-28T13:14:50.566Z	spark2	LOAD	21.981	4.204
2026-09-28T13:14:50.734Z	spark1	LOAD	20.365	7.508
2026-09-28T13:14:50.817Z	spark2	LOAD	21.892	4.204
2026-09-28T13:14:50.985Z	spark1	LOAD	20.346	7.514
2026-09-28T13:14:51.081Z	spark2	LOAD	21.766	4.204
2026-09-28T13:14:51.247Z	spark1	LOAD	20.272	7.520
2026-09-28T13:14:51.332Z	spark2	LOAD	21.653	4.204
2026-09-28T13:14:51.497Z	spark1	LOAD	20.307	7.521
2026-09-28T13:14:51.582Z	spark2	LOAD	21.561	4.204
2026-09-28T13:14:51.748Z	spark1	LOAD	19.832	7.527
2026-09-28T13:14:51.832Z	spark2	LOAD	21.490	4.204
2026-09-28T13:14:51.998Z	spark1	LOAD	19.763	7.528
2026-09-28T13:14:52.094Z	spark2	LOAD	21.388	4.204
2026-09-28T13:14:52.266Z	spark1	LOAD	19.732	7.534
2026-09-28T13:14:52.344Z	spark2	LOAD	21.306	4.206
2026-09-28T13:14:52.517Z	spark1	LOAD	19.712	7.534
2026-09-28T13:14:52.595Z	spark2	LOAD	21.193	4.206
2026-09-28T13:14:52.767Z	spark1	LOAD	20.204	7.541
2026-09-28T13:14:52.845Z	spark2	LOAD	21.099	4.208
2026-09-28T13:14:53.017Z	spark1	LOAD	20.195	7.549
2026-09-28T13:14:53.106Z	spark2	LOAD	20.981	4.208
2026-09-28T13:14:53.285Z	spark1	LOAD	20.149	7.549
2026-09-28T13:14:53.356Z	spark2	LOAD	20.860	4.208
2026-09-28T13:14:53.536Z	spark1	LOAD	19.919	7.555
2026-09-28T13:14:53.607Z	spark2	LOAD	20.773	4.210
2026-09-28T13:14:53.786Z	spark1	LOAD	20.062	7.555
2026-09-28T13:14:53.856Z	spark2	LOAD	20.669	4.210
2026-09-28T13:14:54.036Z	spark1	LOAD	20.022	7.558
2026-09-28T13:14:54.121Z	spark2	LOAD	21.279	4.209
2026-09-28T13:14:54.303Z	spark1	LOAD	20.023	7.558
2026-09-28T13:14:54.371Z	spark2	LOAD	22.893	4.207
2026-09-28T13:14:54.554Z	spark1	LOAD	19.962	7.559
2026-09-28T13:14:54.622Z	spark2	LOAD	23.139	4.207
2026-09-28T13:14:54.804Z	spark1	LOAD	19.926	7.559
2026-09-28T13:14:54.872Z	spark2	LOAD	23.059	4.206
2026-09-28T13:14:55.055Z	spark1	LOAD	19.898	7.560
2026-09-28T13:14:55.137Z	spark2	LOAD	22.964	4.204
2026-09-28T13:14:55.323Z	spark1	LOAD	19.864	7.560
2026-09-28T13:14:55.387Z	spark2	LOAD	22.849	4.204
2026-09-28T13:14:55.574Z	spark1	LOAD	19.834	7.560
2026-09-28T13:14:55.638Z	spark2	LOAD	22.744	4.204
2026-09-28T13:14:55.825Z	spark1	LOAD	19.827	7.560
2026-09-28T13:14:55.888Z	spark2	LOAD	22.647	4.204
2026-09-28T13:14:56.075Z	spark1	LOAD	19.795	7.560
2026-09-28T13:14:56.153Z	spark2	LOAD	22.538	4.204
2026-09-28T13:14:56.336Z	spark1	LOAD	19.751	7.560
2026-09-28T13:14:56.403Z	spark2	LOAD	22.420	4.204
2026-09-28T13:14:56.587Z	spark1	LOAD	19.690	7.561
2026-09-28T13:14:56.654Z	spark2	LOAD	22.321	4.204
2026-09-28T13:14:56.837Z	spark1	LOAD	20.882	7.561
2026-09-28T13:14:56.905Z	spark2	LOAD	22.219	4.204
2026-09-28T13:14:57.087Z	spark1	LOAD	22.530	7.561
2026-09-28T13:14:57.165Z	spark2	LOAD	22.113	4.204
2026-09-28T13:14:57.349Z	spark1	LOAD	22.493	7.561
2026-09-28T13:14:57.415Z	spark2	LOAD	22.017	4.204
2026-09-28T13:14:57.600Z	spark1	LOAD	22.468	7.561
2026-09-28T13:14:57.665Z	spark2	LOAD	22.013	4.204
2026-09-28T13:14:57.850Z	spark1	LOAD	22.444	7.561
2026-09-28T13:14:57.916Z	spark2	LOAD	21.914	4.204
2026-09-28T13:14:58.100Z	spark1	LOAD	22.410	7.561
2026-09-28T13:14:58.176Z	spark2	LOAD	21.811	4.204
2026-09-28T13:14:58.370Z	spark1	LOAD	22.306	7.561
2026-09-28T13:14:58.427Z	spark2	LOAD	21.717	4.204
2026-09-28T13:14:58.620Z	spark1	LOAD	22.263	7.561
2026-09-28T13:14:58.678Z	spark2	LOAD	21.613	4.204
2026-09-28T13:14:58.871Z	spark1	LOAD	22.234	7.561
2026-09-28T13:14:58.928Z	spark2	LOAD	21.530	4.204
2026-09-28T13:14:59.121Z	spark1	LOAD	22.207	7.561
2026-09-28T13:14:59.188Z	spark2	LOAD	21.432	4.204
2026-09-28T13:14:59.383Z	spark1	LOAD	22.177	7.561
2026-09-28T13:14:59.439Z	spark2	LOAD	21.350	4.204
2026-09-28T13:14:59.633Z	spark1	LOAD	22.148	7.561
2026-09-28T13:14:59.689Z	spark2	LOAD	20.835	4.204
2026-09-28T13:14:59.883Z	spark1	LOAD	22.114	7.561
2026-09-28T13:14:59.939Z	spark2	LOAD	21.196	4.205
2026-09-28T13:15:00.134Z	spark1	LOAD	22.084	7.561
2026-09-28T13:15:00.204Z	spark2	LOAD	21.095	4.205
2026-09-28T13:15:00.404Z	spark1	LOAD	22.051	7.561
2026-09-28T13:15:00.454Z	spark2	LOAD	21.000	4.205
2026-09-28T13:15:00.654Z	spark1	LOAD	21.985	7.561
2026-09-28T13:15:00.705Z	spark2	LOAD	21.541	4.205
2026-09-28T13:15:00.904Z	spark1	LOAD	21.959	7.561
2026-09-28T13:15:00.956Z	spark2	LOAD	23.096	4.205
2026-09-28T13:15:01.155Z	spark1	LOAD	21.922	7.561
2026-09-28T13:15:01.216Z	spark2	LOAD	23.318	4.205
2026-09-28T13:15:01.422Z	spark1	LOAD	21.891	7.561
2026-09-28T13:15:01.467Z	spark2	LOAD	23.219	4.205
2026-09-28T13:15:01.672Z	spark1	LOAD	21.866	7.561
2026-09-28T13:15:01.717Z	spark2	LOAD	23.121	4.205
2026-09-28T13:15:01.923Z	spark1	LOAD	21.835	7.561
2026-09-28T13:15:01.968Z	spark2	LOAD	23.012	4.205
2026-09-28T13:15:02.173Z	spark1	LOAD	21.806	7.561
2026-09-28T13:15:02.229Z	spark2	LOAD	22.890	4.205
2026-09-28T13:15:02.440Z	spark1	LOAD	21.775	7.561
2026-09-28T13:15:02.479Z	spark2	LOAD	22.760	4.205
2026-09-28T13:15:02.691Z	spark1	LOAD	21.721	7.561
2026-09-28T13:15:02.729Z	spark2	LOAD	22.658	4.205
2026-09-28T13:15:02.941Z	spark1	LOAD	21.692	7.561
2026-09-28T13:15:02.979Z	spark2	LOAD	22.542	4.205
2026-09-28T13:15:03.191Z	spark1	LOAD	21.655	7.561
2026-09-28T13:15:03.244Z	spark2	LOAD	22.416	4.205
2026-09-28T13:15:03.453Z	spark1	LOAD	21.624	7.561
2026-09-28T13:15:03.494Z	spark2	LOAD	22.308	4.205
2026-09-28T13:15:03.704Z	spark1	LOAD	21.590	7.561
2026-09-28T13:15:03.745Z	spark2	LOAD	22.144	4.205
2026-09-28T13:15:03.954Z	spark1	LOAD	21.561	7.561
2026-09-28T13:15:03.994Z	spark2	LOAD	22.015	4.205
2026-09-28T13:15:04.204Z	spark1	LOAD	21.527	7.561
2026-09-28T13:15:04.259Z	spark2	LOAD	21.884	4.205
2026-09-28T13:15:04.473Z	spark1	LOAD	21.489	7.561
2026-09-28T13:15:04.510Z	spark2	LOAD	21.758	4.205
2026-09-28T13:15:04.724Z	spark1	LOAD	21.439	7.561
2026-09-28T13:15:04.760Z	spark2	LOAD	21.640	4.205
2026-09-28T13:15:04.974Z	spark1	LOAD	21.371	7.561
2026-09-28T13:15:05.010Z	spark2	LOAD	21.542	4.205
2026-09-28T13:15:05.224Z	spark1	LOAD	21.327	7.561
2026-09-28T13:15:05.275Z	spark2	LOAD	20.939	4.205
2026-09-28T13:15:05.491Z	spark1	LOAD	21.300	7.561
2026-09-28T13:15:05.525Z	spark2	LOAD	21.245	4.203
2026-09-28T13:15:05.741Z	spark1	LOAD	21.276	7.561
2026-09-28T13:15:05.776Z	spark2	LOAD	21.132	4.203
2026-09-28T13:15:05.992Z	spark1	LOAD	21.246	7.561
2026-09-28T13:15:06.026Z	spark2	LOAD	20.994	4.203
2026-09-28T13:15:06.242Z	spark1	LOAD	21.276	7.561
2026-09-28T13:15:06.286Z	spark2	LOAD	20.877	4.202
2026-09-28T13:15:06.511Z	spark1	LOAD	21.247	7.562
2026-09-28T13:15:06.536Z	spark2	LOAD	20.774	4.201
2026-09-28T13:15:06.762Z	spark1	LOAD	21.176	7.562
2026-09-28T13:15:06.787Z	spark2	LOAD	20.663	4.201
2026-09-28T13:15:07.012Z	spark1	LOAD	21.143	7.562
2026-09-28T13:15:07.037Z	spark2	LOAD	20.541	4.201
2026-09-28T13:15:07.262Z	spark1	LOAD	21.114	7.564
2026-09-28T13:15:07.302Z	spark2	LOAD	22.231	4.201
2026-09-28T13:15:07.530Z	spark1	LOAD	21.082	7.564
2026-09-28T13:15:07.552Z	spark2	LOAD	23.272	4.200
2026-09-28T13:15:07.780Z	spark1	LOAD	21.051	7.564
2026-09-28T13:15:07.803Z	spark2	LOAD	23.168	4.200
2026-09-28T13:15:08.031Z	spark1	LOAD	21.007	7.564
2026-09-28T13:15:08.053Z	spark2	LOAD	23.073	4.200
2026-09-28T13:15:08.281Z	spark1	LOAD	20.976	7.564
2026-09-28T13:15:08.313Z	spark2	LOAD	22.960	4.200
2026-09-28T13:15:08.548Z	spark1	LOAD	20.939	7.564
2026-09-28T13:15:08.563Z	spark2	LOAD	22.865	4.200
2026-09-28T13:15:08.798Z	spark1	LOAD	20.945	7.564
2026-09-28T13:15:08.814Z	spark2	LOAD	22.759	4.200
2026-09-28T13:15:09.049Z	spark1	LOAD	20.913	7.564
2026-09-28T13:15:09.064Z	spark2	LOAD	22.653	4.200
2026-09-28T13:15:09.299Z	spark1	LOAD	20.877	7.564
2026-09-28T13:15:09.328Z	spark2	LOAD	22.574	4.200
2026-09-28T13:15:09.562Z	spark1	LOAD	20.839	7.564
2026-09-28T13:15:09.578Z	spark2	LOAD	22.477	4.200
2026-09-28T13:15:09.812Z	spark1	LOAD	20.822	7.565
2026-09-28T13:15:09.829Z	spark2	LOAD	22.390	4.200
2026-09-28T13:15:10.063Z	spark1	LOAD	20.777	7.565
2026-09-28T13:15:10.079Z	spark2	LOAD	22.308	4.200
2026-09-28T13:15:10.313Z	spark1	LOAD	20.746	7.565
2026-09-28T13:15:10.345Z	spark2	LOAD	22.205	4.200
2026-09-28T13:15:10.581Z	spark1	LOAD	20.711	7.565
2026-09-28T13:15:10.595Z	spark2	LOAD	21.756	4.200
2026-09-28T13:15:10.831Z	spark1	LOAD	20.682	7.566
2026-09-28T13:15:10.845Z	spark2	LOAD	21.660	4.201
2026-09-28T13:15:11.082Z	spark1	LOAD	20.642	7.565
2026-09-28T13:15:11.095Z	spark2	LOAD	21.556	4.201
2026-09-28T13:15:11.332Z	spark1	LOAD	20.603	7.565
2026-09-28T13:15:11.361Z	spark2	LOAD	21.442	4.201
2026-09-28T13:15:11.600Z	spark1	LOAD	20.560	7.566
2026-09-28T13:15:11.611Z	spark2	LOAD	21.788	4.201
2026-09-28T13:15:11.850Z	spark1	LOAD	20.523	7.566
2026-09-28T13:15:11.861Z	spark2	LOAD	21.690	4.207
2026-09-28T13:15:12.100Z	spark1	LOAD	20.485	7.566
2026-09-28T13:15:12.111Z	spark2	LOAD	21.420	4.217
2026-09-28T13:15:12.351Z	spark1	LOAD	20.445	7.566
2026-09-28T13:15:12.377Z	spark2	LOAD	21.576	4.220
2026-09-28T13:15:12.614Z	spark1	LOAD	20.406	7.566
2026-09-28T13:15:12.628Z	spark2	LOAD	21.128	4.226
2026-09-28T13:15:12.864Z	spark1	LOAD	20.354	7.560
2026-09-28T13:15:12.878Z	spark2	LOAD	21.450	4.241
2026-09-28T13:15:13.114Z	spark1	LOAD	20.319	7.560
2026-09-28T13:15:13.129Z	spark2	LOAD	21.457	4.283
2026-09-28T13:15:13.364Z	spark1	LOAD	20.290	7.561
2026-09-28T13:15:13.389Z	spark2	LOAD	21.355	4.284
2026-09-28T13:15:13.631Z	spark1	LOAD	20.257	7.560
2026-09-28T13:15:13.639Z	spark2	LOAD	21.259	4.285
2026-09-28T13:15:13.882Z	spark1	LOAD	20.228	7.560
2026-09-28T13:15:13.890Z	spark2	LOAD	21.758	4.285
2026-09-28T13:15:14.132Z	spark1	LOAD	20.225	7.560
2026-09-28T13:15:14.141Z	spark2	LOAD	23.403	4.285
2026-09-28T13:15:14.383Z	spark1	LOAD	20.175	7.561
2026-09-28T13:15:14.405Z	spark2	LOAD	23.340	4.285
2026-09-28T13:15:14.645Z	spark1	LOAD	20.143	7.561
2026-09-28T13:15:14.656Z	spark2	LOAD	23.229	4.285
2026-09-28T13:15:14.896Z	spark1	LOAD	20.083	7.561
2026-09-28T13:15:14.906Z	spark2	LOAD	23.124	4.285
2026-09-28T13:15:15.146Z	spark1	LOAD	20.089	7.563
2026-09-28T13:15:15.156Z	spark2	LOAD	23.012	4.285
2026-09-28T13:15:15.396Z	spark1	LOAD	20.057	7.563
2026-09-28T13:15:15.417Z	spark2	LOAD	22.908	4.285
2026-09-28T13:15:15.663Z	spark1	LOAD	20.021	7.563
2026-09-28T13:15:15.668Z	spark2	LOAD	22.802	4.285
2026-09-28T13:15:15.914Z	spark1	LOAD	19.991	7.563
2026-09-28T13:15:15.918Z	spark2	LOAD	22.702	4.285
2026-09-28T13:15:16.164Z	spark1	LOAD	19.959	7.563
2026-09-28T13:15:16.168Z	spark2	LOAD	22.596	4.285
2026-09-28T13:15:16.414Z	spark1	LOAD	19.869	7.563
2026-09-28T13:15:16.428Z	spark2	LOAD	22.509	4.285
2026-09-28T13:15:16.679Z	spark2	LOAD	22.394	4.286
2026-09-28T13:15:16.681Z	spark1	LOAD	19.821	7.563
2026-09-28T13:15:16.929Z	spark2	LOAD	22.276	4.285
2026-09-28T13:15:16.932Z	spark1	LOAD	19.816	7.564
2026-09-28T13:15:17.179Z	spark2	LOAD	22.102	4.283
2026-09-28T13:15:17.183Z	spark1	LOAD	19.785	7.564
2026-09-28T13:15:17.433Z	spark1	LOAD	19.729	7.564
2026-09-28T13:15:17.439Z	spark2	LOAD	22.018	4.281
2026-09-28T13:15:17.689Z	spark2	LOAD	21.903	4.274
2026-09-28T13:15:17.699Z	spark1	LOAD	19.696	7.565
2026-09-28T13:15:17.940Z	spark2	LOAD	21.812	4.274
2026-09-28T13:15:17.950Z	spark1	LOAD	19.667	7.565
2026-09-28T13:15:18.191Z	spark2	LOAD	21.704	4.275
2026-09-28T13:15:18.200Z	spark1	LOAD	19.646	7.565
2026-09-28T13:15:18.450Z	spark1	LOAD	19.616	7.565
2026-09-28T13:15:18.450Z	spark2	LOAD	21.616	4.276
2026-09-28T13:15:18.700Z	spark2	LOAD	21.494	4.278
2026-09-28T13:15:18.711Z	spark1	LOAD	19.593	7.568
2026-09-28T13:15:18.951Z	spark2	LOAD	21.398	4.279
2026-09-28T13:15:18.961Z	spark1	LOAD	19.557	7.568
2026-09-28T13:15:19.201Z	spark2	LOAD	21.293	4.280
2026-09-28T13:15:19.212Z	spark1	LOAD	19.493	7.568
2026-09-28T13:15:19.461Z	spark2	LOAD	21.180	4.281
2026-09-28T13:15:19.462Z	spark1	LOAD	19.488	7.569
2026-09-28T13:15:19.712Z	spark2	LOAD	21.064	4.281
2026-09-28T13:15:19.723Z	spark1	LOAD	19.448	7.569
2026-09-28T13:15:19.962Z	spark2	LOAD	20.938	4.282
2026-09-28T13:15:19.974Z	spark1	LOAD	19.429	7.569
2026-09-28T13:15:20.213Z	spark2	LOAD	20.829	4.282
2026-09-28T13:15:20.225Z	spark1	LOAD	19.392	7.569
2026-09-28T13:15:20.472Z	spark2	LOAD	20.337	4.282
2026-09-28T13:15:20.475Z	spark1	LOAD	19.360	7.569
2026-09-28T13:15:20.722Z	spark2	LOAD	21.366	4.282
2026-09-28T13:15:20.745Z	spark1	LOAD	19.327	7.569
2026-09-28T13:15:20.973Z	spark2	LOAD	22.807	4.282
2026-09-28T13:15:20.995Z	spark1	LOAD	19.292	7.569
2026-09-28T13:15:21.223Z	spark2	LOAD	22.981	4.282
2026-09-28T13:15:21.245Z	spark1	LOAD	20.493	7.569
2026-09-28T13:15:21.484Z	spark2	LOAD	22.910	4.282
2026-09-28T13:15:21.496Z	spark1	LOAD	22.142	7.569
2026-09-28T13:15:21.734Z	spark2	LOAD	22.819	4.282
2026-09-28T13:15:21.763Z	spark1	LOAD	22.496	7.569
2026-09-28T13:15:21.985Z	spark2	LOAD	22.713	4.282
2026-09-28T13:15:22.014Z	spark1	LOAD	22.470	7.569
2026-09-28T13:15:22.235Z	spark2	LOAD	22.624	4.282
2026-09-28T13:15:22.264Z	spark1	LOAD	22.444	7.569
2026-09-28T13:15:22.500Z	spark2	LOAD	22.534	4.282
2026-09-28T13:15:22.514Z	spark1	LOAD	22.423	7.569
2026-09-28T13:15:22.751Z	spark2	LOAD	22.443	4.282
2026-09-28T13:15:22.783Z	spark1	LOAD	22.385	7.569
2026-09-28T13:15:23.001Z	spark2	LOAD	22.350	4.282
2026-09-28T13:15:23.034Z	spark1	LOAD	22.347	7.569
2026-09-28T13:15:23.251Z	spark2	LOAD	22.237	4.282
2026-09-28T13:15:23.284Z	spark1	LOAD	22.289	7.569
2026-09-28T13:15:23.512Z	spark2	LOAD	22.140	4.282
2026-09-28T13:15:23.534Z	spark1	LOAD	22.257	7.569
2026-09-28T13:15:23.762Z	spark2	LOAD	22.058	4.282
2026-09-28T13:15:23.801Z	spark1	LOAD	22.223	7.569
2026-09-28T13:15:24.012Z	spark2	LOAD	21.967	4.282
2026-09-28T13:15:24.052Z	spark1	LOAD	22.192	7.569
2026-09-28T13:15:24.262Z	spark2	LOAD	21.884	4.282
2026-09-28T13:15:24.302Z	spark1	LOAD	22.200	7.569
2026-09-28T13:15:24.526Z	spark2	LOAD	22.240	4.284
2026-09-28T13:15:24.552Z	spark1	LOAD	22.170	7.569
2026-09-28T13:15:24.777Z	spark2	LOAD	22.056	4.285
2026-09-28T13:15:24.820Z	spark1	LOAD	22.137	7.569
2026-09-28T13:15:25.027Z	spark2	LOAD	22.024	4.286
2026-09-28T13:15:25.070Z	spark1	LOAD	22.109	7.569
2026-09-28T13:15:25.277Z	spark2	LOAD	21.933	4.288
2026-09-28T13:15:25.320Z	spark1	LOAD	22.051	7.569
2026-09-28T13:15:25.538Z	spark2	LOAD	21.834	4.288
2026-09-28T13:15:25.571Z	spark1	LOAD	22.021	7.569
2026-09-28T13:15:25.788Z	spark2	LOAD	21.769	4.292
2026-09-28T13:15:25.832Z	spark1	LOAD	21.980	7.569
2026-09-28T13:15:26.038Z	spark2	LOAD	21.671	4.292
2026-09-28T13:15:26.083Z	spark1	LOAD	21.938	7.569
2026-09-28T13:15:26.288Z	spark2	LOAD	21.564	4.294
2026-09-28T13:15:26.333Z	spark1	LOAD	21.885	7.569
2026-09-28T13:15:26.553Z	spark2	LOAD	21.462	4.294
2026-09-28T13:15:26.583Z	spark1	LOAD	21.845	7.569
2026-09-28T13:15:26.803Z	spark2	LOAD	21.362	4.294
2026-09-28T13:15:26.852Z	spark1	LOAD	21.805	7.569
2026-09-28T13:15:27.053Z	spark2	LOAD	21.279	4.294
2026-09-28T13:15:27.102Z	spark1	LOAD	21.762	7.569
2026-09-28T13:15:27.304Z	spark2	LOAD	21.178	4.295
2026-09-28T13:15:27.353Z	spark1	LOAD	21.715	7.569
2026-09-28T13:15:27.569Z	spark2	LOAD	21.063	4.295
2026-09-28T13:15:27.603Z	spark1	LOAD	21.644	7.569
2026-09-28T13:15:27.819Z	spark2	LOAD	22.451	4.295
2026-09-28T13:15:27.865Z	spark1	LOAD	21.611	7.569
2026-09-28T13:15:28.070Z	spark2	LOAD	23.089	4.291
2026-09-28T13:15:28.116Z	spark1	LOAD	21.581	7.569
2026-09-28T13:15:28.320Z	spark2	LOAD	22.943	4.288
2026-09-28T13:15:28.366Z	spark1	LOAD	21.498	7.569
2026-09-28T13:15:28.581Z	spark2	LOAD	22.850	4.286
2026-09-28T13:15:28.616Z	spark1	LOAD	21.448	7.569
2026-09-28T13:15:28.831Z	spark2	LOAD	22.756	4.283
2026-09-28T13:15:28.886Z	spark1	LOAD	21.418	7.569
2026-09-28T13:15:29.082Z	spark2	LOAD	22.648	4.279
2026-09-28T13:15:29.137Z	spark1	LOAD	21.389	7.569
2026-09-28T13:15:29.332Z	spark2	LOAD	22.501	4.279
2026-09-28T13:15:29.387Z	spark1	LOAD	21.334	7.569
2026-09-28T13:15:29.596Z	spark2	LOAD	22.383	4.279
2026-09-28T13:15:29.637Z	spark1	LOAD	21.304	7.569
2026-09-28T13:15:29.847Z	spark2	LOAD	22.272	4.279
2026-09-28T13:15:29.904Z	spark1	LOAD	21.270	7.569
2026-09-28T13:15:30.097Z	spark2	LOAD	22.180	4.279
2026-09-28T13:15:30.154Z	spark1	LOAD	21.235	7.569
2026-09-28T13:15:30.347Z	spark2	LOAD	22.069	4.280
2026-09-28T13:15:30.405Z	spark1	LOAD	21.195	7.569
2026-09-28T13:15:30.608Z	spark2	LOAD	21.969	4.281
2026-09-28T13:15:30.655Z	spark1	LOAD	21.160	7.569
2026-09-28T13:15:30.860Z	spark2	LOAD	22.193	4.282
2026-09-28T13:15:30.922Z	spark1	LOAD	21.237	7.569
2026-09-28T13:15:31.110Z	spark2	LOAD	22.071	4.282
2026-09-28T13:15:31.172Z	spark1	LOAD	21.100	7.569
2026-09-28T13:15:31.359Z	spark2	LOAD	21.904	4.283
2026-09-28T13:15:31.422Z	spark1	LOAD	21.033	7.569
2026-09-28T13:15:31.624Z	spark2	LOAD	21.802	4.284
2026-09-28T13:15:31.673Z	spark1	LOAD	21.005	7.569
2026-09-28T13:15:31.874Z	spark2	LOAD	21.720	4.286
2026-09-28T13:15:31.942Z	spark1	LOAD	20.983	7.569
2026-09-28T13:15:32.124Z	spark2	LOAD	21.619	4.290
2026-09-28T13:15:32.192Z	spark1	LOAD	21.065	7.570
2026-09-28T13:15:32.375Z	spark2	LOAD	21.566	4.290
2026-09-28T13:15:32.443Z	spark1	LOAD	21.024	7.570
2026-09-28T13:15:32.635Z	spark2	LOAD	21.482	4.290
2026-09-28T13:15:32.693Z	spark1	LOAD	20.991	7.570
2026-09-28T13:15:32.886Z	spark2	LOAD	20.939	4.290
2026-09-28T13:15:32.955Z	spark1	LOAD	20.949	7.571
2026-09-28T13:15:33.136Z	spark2	LOAD	20.816	4.290
2026-09-28T13:15:33.205Z	spark1	LOAD	20.911	7.571
2026-09-28T13:15:33.386Z	spark2	LOAD	21.136	4.291
2026-09-28T13:15:33.455Z	spark1	LOAD	20.853	7.571
2026-09-28T13:15:33.652Z	spark2	LOAD	20.704	4.291
2026-09-28T13:15:33.705Z	spark1	LOAD	20.764	7.572
2026-09-28T13:15:33.902Z	spark2	LOAD	20.882	4.293
2026-09-28T13:15:33.968Z	spark1	LOAD	20.729	7.572
2026-09-28T13:15:34.153Z	spark2	LOAD	21.502	4.294
2026-09-28T13:15:34.218Z	spark1	LOAD	20.697	7.572
2026-09-28T13:15:34.404Z	spark2	LOAD	23.270	4.294
2026-09-28T13:15:34.468Z	spark1	LOAD	20.667	7.572
2026-09-28T13:15:34.666Z	spark2	LOAD	23.450	4.294
2026-09-28T13:15:34.718Z	spark1	LOAD	20.747	7.576
2026-09-28T13:15:34.916Z	spark2	LOAD	23.369	4.294
2026-09-28T13:15:34.987Z	spark1	LOAD	20.708	7.576
2026-09-28T13:15:35.166Z	spark2	LOAD	23.280	4.294
2026-09-28T13:15:35.237Z	spark1	LOAD	20.675	7.576
2026-09-28T13:15:35.417Z	spark2	LOAD	23.159	4.294
2026-09-28T13:15:35.487Z	spark1	LOAD	20.640	7.580
2026-09-28T13:15:35.682Z	spark2	LOAD	23.076	4.294
2026-09-28T13:15:35.738Z	spark1	LOAD	20.609	7.580
2026-09-28T13:15:35.932Z	spark2	LOAD	22.991	4.294
2026-09-28T13:15:36.004Z	spark1	LOAD	20.572	7.580
2026-09-28T13:15:36.183Z	spark2	LOAD	22.897	4.294
2026-09-28T13:15:36.254Z	spark1	LOAD	20.544	7.580
2026-09-28T13:15:36.433Z	spark2	LOAD	22.805	4.294
2026-09-28T13:15:36.505Z	spark1	LOAD	20.515	7.581
2026-09-28T13:15:36.694Z	spark2	LOAD	22.685	4.294
2026-09-28T13:15:36.755Z	spark1	LOAD	20.482	7.581
2026-09-28T13:15:36.944Z	spark2	LOAD	22.587	4.294
2026-09-28T13:15:37.022Z	spark1	LOAD	20.445	7.581
2026-09-28T13:15:37.195Z	spark2	LOAD	22.488	4.294
2026-09-28T13:15:37.273Z	spark1	LOAD	20.413	7.583
2026-09-28T13:15:37.445Z	spark2	LOAD	22.387	4.294
2026-09-28T13:15:37.523Z	spark1	LOAD	20.356	7.583
2026-09-28T13:15:37.711Z	spark2	LOAD	22.281	4.295
2026-09-28T13:15:37.773Z	spark1	LOAD	20.332	7.583
2026-09-28T13:15:37.961Z	spark2	LOAD	22.200	4.297
2026-09-28T13:15:38.040Z	spark1	LOAD	20.293	7.583
2026-09-28T13:15:38.211Z	spark2	LOAD	22.083	4.297
2026-09-28T13:15:38.291Z	spark1	LOAD	20.276	7.584
2026-09-28T13:15:38.462Z	spark2	LOAD	21.496	4.297
2026-09-28T13:15:38.541Z	spark1	LOAD	20.227	7.584
2026-09-28T13:15:38.722Z	spark2	LOAD	21.410	4.297
2026-09-28T13:15:38.791Z	spark1	LOAD	20.159	7.584
2026-09-28T13:15:38.973Z	spark2	LOAD	21.762	4.299
2026-09-28T13:15:39.053Z	spark1	LOAD	20.042	7.585
2026-09-28T13:15:39.223Z	spark2	LOAD	21.725	4.314
2026-09-28T13:15:39.304Z	spark1	LOAD	20.096	7.585
2026-09-28T13:15:39.473Z	spark2	LOAD	21.631	4.313
2026-09-28T13:15:39.554Z	spark1	LOAD	20.043	7.585
2026-09-28T13:15:39.738Z	spark2	LOAD	21.522	4.310
2026-09-28T13:15:39.805Z	spark1	LOAD	19.976	7.585
2026-09-28T13:15:39.988Z	spark2	LOAD	21.421	4.307
2026-09-28T13:15:40.073Z	spark1	LOAD	19.986	7.587
2026-09-28T13:15:40.239Z	spark2	LOAD	21.320	4.304
2026-09-28T13:15:40.323Z	spark1	LOAD	19.950	7.587
2026-09-28T13:15:40.489Z	spark2	LOAD	21.204	4.303
2026-09-28T13:15:40.573Z	spark1	LOAD	19.917	7.587
2026-09-28T13:15:40.754Z	spark2	LOAD	21.116	4.302
2026-09-28T13:15:40.823Z	spark1	LOAD	19.884	7.587
2026-09-28T13:15:41.005Z	spark2	LOAD	22.240	4.302
2026-09-28T13:15:41.085Z	spark1	LOAD	19.857	7.589
2026-09-28T13:15:41.255Z	spark2	LOAD	22.802	4.302
2026-09-28T13:15:41.335Z	spark1	LOAD	19.806	7.589
2026-09-28T13:15:41.505Z	spark2	LOAD	22.763	4.302
2026-09-28T13:15:41.586Z	spark1	LOAD	19.773	7.589
2026-09-28T13:15:41.770Z	spark2	LOAD	22.645	4.302
2026-09-28T13:15:41.836Z	spark1	LOAD	19.759	7.592
2026-09-28T13:15:42.020Z	spark2	LOAD	22.515	4.302
2026-09-28T13:15:42.105Z	spark1	LOAD	19.717	7.592
2026-09-28T13:15:42.270Z	spark2	LOAD	22.395	4.302
2026-09-28T13:15:42.356Z	spark1	LOAD	19.684	7.592
2026-09-28T13:15:42.521Z	spark2	LOAD	22.255	4.302
2026-09-28T13:15:42.606Z	spark1	LOAD	19.649	7.592
2026-09-28T13:15:42.785Z	spark2	LOAD	22.760	4.302
2026-09-28T13:15:42.856Z	spark1	LOAD	19.628	7.595
2026-09-28T13:15:43.035Z	spark2	LOAD	22.652	4.302
2026-09-28T13:15:43.124Z	spark1	LOAD	19.582	7.595
2026-09-28T13:15:43.286Z	spark2	LOAD	22.561	4.302
2026-09-28T13:15:43.374Z	spark1	LOAD	19.545	7.595
2026-09-28T13:15:43.536Z	spark2	LOAD	22.473	4.302
2026-09-28T13:15:43.624Z	spark1	LOAD	19.538	7.599
2026-09-28T13:15:43.797Z	spark2	LOAD	22.380	4.302
2026-09-28T13:15:43.875Z	spark1	LOAD	19.509	7.609
2026-09-28T13:15:44.047Z	spark2	LOAD	21.812	4.302
2026-09-28T13:15:44.143Z	spark1	LOAD	19.518	7.616
2026-09-28T13:15:44.297Z	spark2	LOAD	22.129	4.303
2026-09-28T13:15:44.393Z	spark1	LOAD	19.488	7.618
2026-09-28T13:15:44.548Z	spark2	LOAD	22.025	4.303
2026-09-28T13:15:44.644Z	spark1	LOAD	20.092	7.618
2026-09-28T13:15:44.808Z	spark2	LOAD	21.905	4.303
2026-09-28T13:15:44.895Z	spark1	LOAD	22.612	7.618
2026-09-28T13:15:45.059Z	spark2	LOAD	21.767	4.303
2026-09-28T13:15:45.162Z	spark1	LOAD	22.595	7.618
2026-09-28T13:15:45.309Z	spark2	LOAD	21.607	4.304
2026-09-28T13:15:45.413Z	spark1	LOAD	22.565	7.618
2026-09-28T13:15:45.559Z	spark2	LOAD	21.496	4.304
2026-09-28T13:15:45.663Z	spark1	LOAD	22.525	7.618
2026-09-28T13:15:45.820Z	spark2	LOAD	21.380	4.305
2026-09-28T13:15:45.914Z	spark1	LOAD	22.469	7.618
2026-09-28T13:15:46.070Z	spark2	LOAD	21.261	4.305
2026-09-28T13:15:46.180Z	spark1	LOAD	22.430	7.618
2026-09-28T13:15:46.320Z	spark2	LOAD	21.126	4.305
2026-09-28T13:15:46.431Z	spark1	LOAD	22.387	7.618
2026-09-28T13:15:46.571Z	spark2	LOAD	20.960	4.305
2026-09-28T13:15:46.681Z	spark1	LOAD	22.355	7.618
2026-09-28T13:15:46.835Z	spark2	LOAD	20.870	4.305
2026-09-28T13:15:46.932Z	spark1	LOAD	22.324	7.618
2026-09-28T13:15:47.086Z	spark2	LOAD	20.779	4.305
2026-09-28T13:15:47.199Z	spark1	LOAD	22.293	7.618
2026-09-28T13:15:47.337Z	spark2	LOAD	21.840	4.305
2026-09-28T13:15:47.449Z	spark1	LOAD	22.257	7.618
2026-09-28T13:15:47.586Z	spark2	LOAD	22.902	4.305
2026-09-28T13:15:47.699Z	spark1	LOAD	22.224	7.618
2026-09-28T13:15:47.846Z	spark2	LOAD	22.874	4.305
2026-09-28T13:15:47.950Z	spark1	LOAD	22.153	7.618
2026-09-28T13:15:48.096Z	spark2	LOAD	22.833	4.305
2026-09-28T13:15:48.218Z	spark1	LOAD	22.117	7.618
2026-09-28T13:15:48.347Z	spark2	LOAD	22.812	4.305
2026-09-28T13:15:48.468Z	spark1	LOAD	22.009	7.618
2026-09-28T13:15:48.597Z	spark2	LOAD	22.793	4.305
2026-09-28T13:15:48.719Z	spark1	LOAD	21.977	7.618
2026-09-28T13:15:48.862Z	spark2	LOAD	22.762	4.305
2026-09-28T13:15:48.969Z	spark1	LOAD	21.944	7.618
2026-09-28T13:15:49.113Z	spark2	LOAD	22.732	4.305
2026-09-28T13:15:49.231Z	spark1	LOAD	21.908	7.618
2026-09-28T13:15:49.363Z	spark2	LOAD	22.617	4.305
2026-09-28T13:15:49.481Z	spark1	LOAD	21.878	7.618
2026-09-28T13:15:49.613Z	spark2	LOAD	22.509	4.305
2026-09-28T13:15:49.732Z	spark1	LOAD	21.816	7.618
2026-09-28T13:15:49.877Z	spark2	LOAD	22.366	4.305
2026-09-28T13:15:49.982Z	spark1	LOAD	21.744	7.618
2026-09-28T13:15:50.128Z	spark2	LOAD	22.215	4.304
2026-09-28T13:15:50.249Z	spark1	LOAD	21.721	7.618
2026-09-28T13:15:50.378Z	spark2	LOAD	22.090	4.301
2026-09-28T13:15:50.499Z	spark1	LOAD	21.695	7.618
2026-09-28T13:15:50.628Z	spark2	LOAD	21.537	4.298
2026-09-28T13:15:50.750Z	spark1	LOAD	21.646	7.618
2026-09-28T13:15:50.889Z	spark2	LOAD	21.852	4.296
2026-09-28T13:15:51.000Z	spark1	LOAD	21.620	7.618
2026-09-28T13:15:51.139Z	spark2	LOAD	21.746	4.297
2026-09-28T13:15:51.269Z	spark1	LOAD	21.590	7.618
2026-09-28T13:15:51.389Z	spark2	LOAD	21.621	4.297
2026-09-28T13:15:51.519Z	spark1	LOAD	21.542	7.618
2026-09-28T13:15:51.640Z	spark2	LOAD	21.516	4.297
2026-09-28T13:15:51.770Z	spark1	LOAD	21.513	7.618
2026-09-28T13:15:51.904Z	spark2	LOAD	21.354	4.297
2026-09-28T13:15:52.020Z	spark1	LOAD	21.452	7.618
2026-09-28T13:15:52.154Z	spark2	LOAD	21.313	4.297
2026-09-28T13:15:52.288Z	spark1	LOAD	21.415	7.618
2026-09-28T13:15:52.404Z	spark2	LOAD	20.849	4.297
2026-09-28T13:15:52.538Z	spark1	LOAD	21.386	7.618
2026-09-28T13:15:52.655Z	spark2	LOAD	21.095	4.298
2026-09-28T13:15:52.789Z	spark1	LOAD	21.356	7.618
2026-09-28T13:15:52.915Z	spark2	LOAD	20.981	4.298
2026-09-28T13:15:53.039Z	spark1	LOAD	21.323	7.618
2026-09-28T13:15:53.165Z	spark2	LOAD	20.902	4.299
2026-09-28T13:15:53.306Z	spark1	LOAD	21.294	7.618
2026-09-28T13:15:53.415Z	spark2	LOAD	20.784	4.299
2026-09-28T13:15:53.556Z	spark1	LOAD	21.263	7.618
2026-09-28T13:15:53.666Z	spark2	LOAD	20.690	4.300
2026-09-28T13:15:53.807Z	spark1	LOAD	21.231	7.618
2026-09-28T13:15:53.925Z	spark2	LOAD	22.704	4.300
2026-09-28T13:15:54.057Z	spark1	LOAD	21.179	7.618
2026-09-28T13:15:54.175Z	spark2	LOAD	23.439	4.300
2026-09-28T13:15:54.320Z	spark1	LOAD	21.138	7.618
2026-09-28T13:15:54.425Z	spark2	LOAD	23.330	4.300
2026-09-28T13:15:54.570Z	spark1	LOAD	21.107	7.618
2026-09-28T13:15:54.676Z	spark2	LOAD	23.212	4.300
2026-09-28T13:15:54.821Z	spark1	LOAD	21.077	7.618
2026-09-28T13:15:54.936Z	spark2	LOAD	23.083	4.300
2026-09-28T13:15:55.071Z	spark1	LOAD	21.040	7.618
2026-09-28T13:15:55.187Z	spark2	LOAD	22.986	4.300
2026-09-28T13:15:55.339Z	spark1	LOAD	21.078	7.618
2026-09-28T13:15:55.437Z	spark2	LOAD	22.877	4.300
2026-09-28T13:15:55.590Z	spark1	LOAD	21.040	7.625
2026-09-28T13:15:55.687Z	spark2	LOAD	22.741	4.300
2026-09-28T13:15:55.840Z	spark1	LOAD	21.004	7.625
2026-09-28T13:15:55.951Z	spark2	LOAD	22.610	4.300
2026-09-28T13:15:56.090Z	spark1	LOAD	20.933	7.625
2026-09-28T13:15:56.202Z	spark2	LOAD	22.491	4.300
2026-09-28T13:15:56.358Z	spark1	LOAD	20.926	7.628
2026-09-28T13:15:56.452Z	spark2	LOAD	22.377	4.300
2026-09-28T13:15:56.608Z	spark1	LOAD	20.893	7.628
2026-09-28T13:15:56.702Z	spark2	LOAD	22.263	4.300
2026-09-28T13:15:56.858Z	spark1	LOAD	20.862	7.628
2026-09-28T13:15:56.963Z	spark2	LOAD	22.140	4.301
2026-09-28T13:15:57.108Z	spark1	LOAD	20.827	7.628
2026-09-28T13:15:57.213Z	spark2	LOAD	21.572	4.301
2026-09-28T13:15:57.377Z	spark1	LOAD	20.800	7.632
2026-09-28T13:15:57.464Z	spark2	LOAD	21.916	4.302
2026-09-28T13:15:57.627Z	spark1	LOAD	20.763	7.632
2026-09-28T13:15:57.714Z	spark2	LOAD	21.811	4.302
2026-09-28T13:15:57.878Z	spark1	LOAD	20.727	7.632
2026-09-28T13:15:57.975Z	spark2	LOAD	21.700	4.303
2026-09-28T13:15:58.128Z	spark1	LOAD	20.682	7.636
2026-09-28T13:15:58.226Z	spark2	LOAD	21.559	4.303
2026-09-28T13:15:58.395Z	spark1	LOAD	20.645	7.636
2026-09-28T13:15:58.476Z	spark2	LOAD	21.482	4.304
2026-09-28T13:15:58.646Z	spark1	LOAD	20.611	7.636
2026-09-28T13:15:58.726Z	spark2	LOAD	21.427	4.306
2026-09-28T13:15:58.896Z	spark1	LOAD	20.581	7.636
2026-09-28T13:15:58.988Z	spark2	LOAD	21.314	4.310
2026-09-28T13:15:59.146Z	spark1	LOAD	20.574	7.636
2026-09-28T13:15:59.237Z	spark2	LOAD	21.211	4.313
2026-09-28T13:15:59.409Z	spark1	LOAD	20.543	7.640
2026-09-28T13:15:59.487Z	spark2	LOAD	21.087	4.315
2026-09-28T13:15:59.659Z	spark1	LOAD	20.513	7.640
2026-09-28T13:15:59.738Z	spark2	LOAD	20.981	4.319
2026-09-28T13:15:59.909Z	spark1	LOAD	20.479	7.640
2026-09-28T13:15:59.998Z	spark2	LOAD	20.862	4.322
2026-09-28T13:16:00.159Z	spark1	LOAD	20.427	7.640
2026-09-28T13:16:00.249Z	spark2	LOAD	22.223	4.322
2026-09-28T13:16:00.426Z	spark1	LOAD	20.391	7.640
2026-09-28T13:16:00.500Z	spark2	LOAD	23.470	4.322
2026-09-28T13:16:00.677Z	spark1	LOAD	20.337	7.640
2026-09-28T13:16:00.749Z	spark2	LOAD	23.439	4.322
2026-09-28T13:16:00.927Z	spark1	LOAD	20.338	7.638
2026-09-28T13:16:01.010Z	spark2	LOAD	23.305	4.322
2026-09-28T13:16:01.177Z	spark1	LOAD	20.295	7.638
2026-09-28T13:16:01.261Z	spark2	LOAD	23.184	4.319
2026-09-28T13:16:01.444Z	spark1	LOAD	20.241	7.638
2026-09-28T13:16:01.511Z	spark2	LOAD	22.999	4.316
2026-09-28T13:16:01.695Z	spark1	LOAD	20.207	7.638
2026-09-28T13:16:01.761Z	spark2	LOAD	22.880	4.314
2026-09-28T13:16:01.945Z	spark1	LOAD	20.182	7.638
2026-09-28T13:16:02.021Z	spark2	LOAD	22.776	4.311
2026-09-28T13:16:02.195Z	spark1	LOAD	20.137	7.638
2026-09-28T13:16:02.272Z	spark2	LOAD	22.669	4.307
2026-09-28T13:16:02.461Z	spark1	LOAD	20.099	7.638
2026-09-28T13:16:02.522Z	spark2	LOAD	22.553	4.304
2026-09-28T13:16:02.712Z	spark1	LOAD	20.092	7.642
2026-09-28T13:16:02.772Z	spark2	LOAD	22.478	4.300
2026-09-28T13:16:02.962Z	spark1	LOAD	20.055	7.642
2026-09-28T13:16:03.032Z	spark2	LOAD	22.385	4.300
2026-09-28T13:16:03.212Z	spark1	LOAD	20.013	7.643
2026-09-28T13:16:03.283Z	spark2	LOAD	22.289	4.300
2026-09-28T13:16:03.475Z	spark1	LOAD	19.971	7.643
2026-09-28T13:16:03.533Z	spark2	LOAD	22.188	4.300
2026-09-28T13:16:03.724Z	spark1	LOAD	19.937	7.643
2026-09-28T13:16:03.783Z	spark2	LOAD	22.091	4.300
2026-09-28T13:16:03.975Z	spark1	LOAD	19.926	7.645
2026-09-28T13:16:04.048Z	spark2	LOAD	21.967	4.300
2026-09-28T13:16:04.225Z	spark1	LOAD	19.856	7.645
2026-09-28T13:16:04.298Z	spark2	LOAD	21.860	4.301
2026-09-28T13:16:04.493Z	spark1	LOAD	19.820	7.647
2026-09-28T13:16:04.548Z	spark2	LOAD	21.781	4.301
2026-09-28T13:16:04.743Z	spark1	LOAD	19.787	7.647
2026-09-28T13:16:04.800Z	spark2	LOAD	21.689	4.301
2026-09-28T13:16:04.993Z	spark1	LOAD	19.757	7.649
2026-09-28T13:16:05.060Z	spark2	LOAD	21.584	4.302
2026-09-28T13:16:05.243Z	spark1	LOAD	19.761	7.649
2026-09-28T13:16:05.310Z	spark2	LOAD	21.477	4.303
2026-09-28T13:16:05.505Z	spark1	LOAD	19.716	7.650
2026-09-28T13:16:05.560Z	spark2	LOAD	21.374	4.303
2026-09-28T13:16:05.756Z	spark1	LOAD	19.683	7.651
2026-09-28T13:16:05.811Z	spark2	LOAD	21.318	4.304
2026-09-28T13:16:06.006Z	spark1	LOAD	19.652	7.651
2026-09-28T13:16:06.071Z	spark2	LOAD	21.212	4.305
2026-09-28T13:16:06.256Z	spark1	LOAD	19.612	7.652
2026-09-28T13:16:06.321Z	spark2	LOAD	21.108	4.306
2026-09-28T13:16:06.518Z	spark1	LOAD	19.566	7.652
2026-09-28T13:16:06.573Z	spark2	LOAD	20.987	4.307
2026-09-28T13:16:06.769Z	spark1	LOAD	19.534	7.652
2026-09-28T13:16:06.823Z	spark2	LOAD	20.897	4.307
2026-09-28T13:16:07.020Z	spark1	LOAD	19.526	7.653
2026-09-28T13:16:07.085Z	spark2	LOAD	22.803	4.307
2026-09-28T13:16:07.270Z	spark1	LOAD	19.484	7.653
2026-09-28T13:16:07.335Z	spark2	LOAD	23.522	4.307
2026-09-28T13:16:07.533Z	spark1	LOAD	19.452	7.653
2026-09-28T13:16:07.585Z	spark2	LOAD	23.431	4.307
2026-09-28T13:16:07.783Z	spark1	LOAD	19.425	7.655
2026-09-28T13:16:07.835Z	spark2	LOAD	23.304	4.307
2026-09-28T13:16:08.034Z	spark1	LOAD	19.394	7.655
2026-09-28T13:16:08.099Z	spark2	LOAD	23.175	4.306
2026-09-28T13:16:08.284Z	spark1	LOAD	19.372	7.657
2026-09-28T13:16:08.349Z	spark2	LOAD	23.067	4.306
2026-09-28T13:16:08.553Z	spark1	LOAD	20.109	7.657
2026-09-28T13:16:08.601Z	spark2	LOAD	22.961	4.306
2026-09-28T13:16:08.803Z	spark1	LOAD	21.703	7.657
2026-09-28T13:16:08.851Z	spark2	LOAD	22.800	4.306
2026-09-28T13:16:09.054Z	spark1	LOAD	22.546	7.657
2026-09-28T13:16:09.112Z	spark2	LOAD	22.678	4.306
2026-09-28T13:16:09.304Z	spark1	LOAD	22.518	7.657
2026-09-28T13:16:09.362Z	spark2	LOAD	22.568	4.306
2026-09-28T13:16:09.566Z	spark1	LOAD	22.497	7.657
2026-09-28T13:16:09.612Z	spark2	LOAD	22.475	4.307
2026-09-28T13:16:09.816Z	spark1	LOAD	22.470	7.657
2026-09-28T13:16:09.862Z	spark2	LOAD	22.362	4.309
2026-09-28T13:16:10.066Z	spark1	LOAD	22.439	7.657
2026-09-28T13:16:10.126Z	spark2	LOAD	22.221	4.309
2026-09-28T13:16:10.317Z	spark1	LOAD	22.411	7.657
2026-09-28T13:16:10.377Z	spark2	LOAD	22.108	4.310
2026-09-28T13:16:10.580Z	spark1	LOAD	22.349	7.657
2026-09-28T13:16:10.626Z	spark2	LOAD	21.997	4.310
2026-09-28T13:16:10.830Z	spark1	LOAD	22.320	7.657
2026-09-28T13:16:10.877Z	spark2	LOAD	21.907	4.310
2026-09-28T13:16:11.080Z	spark1	LOAD	22.289	7.650
2026-09-28T13:16:11.141Z	spark2	LOAD	21.795	4.311
2026-09-28T13:16:11.331Z	spark1	LOAD	22.262	7.650
2026-09-28T13:16:11.392Z	spark2	LOAD	21.668	4.311
2026-09-28T13:16:11.598Z	spark1	LOAD	22.223	7.650
2026-09-28T13:16:11.642Z	spark2	LOAD	21.529	4.312
2026-09-28T13:16:11.848Z	spark1	LOAD	22.172	7.650
2026-09-28T13:16:11.892Z	spark2	LOAD	21.407	4.314
2026-09-28T13:16:12.099Z	spark1	LOAD	22.122	7.650
2026-09-28T13:16:12.153Z	spark2	LOAD	21.291	4.318
2026-09-28T13:16:12.349Z	spark1	LOAD	22.090	7.650
2026-09-28T13:16:12.404Z	spark2	LOAD	21.096	4.317
2026-09-28T13:16:12.611Z	spark1	LOAD	22.035	7.650
2026-09-28T13:16:12.654Z	spark2	LOAD	20.985	4.315
2026-09-28T13:16:12.861Z	spark1	LOAD	22.010	7.650
2026-09-28T13:16:12.904Z	spark2	LOAD	20.825	4.313
2026-09-28T13:16:13.112Z	spark1	LOAD	21.975	7.650
2026-09-28T13:16:13.169Z	spark2	LOAD	20.680	4.312
2026-09-28T13:16:13.362Z	spark1	LOAD	21.924	7.650
2026-09-28T13:16:13.419Z	spark2	LOAD	22.303	4.308
2026-09-28T13:16:13.628Z	spark1	LOAD	21.889	7.650
2026-09-28T13:16:13.670Z	spark2	LOAD	23.399	4.304
2026-09-28T13:16:13.879Z	spark1	LOAD	21.864	7.650
2026-09-28T13:16:13.920Z	spark2	LOAD	23.324	4.302
2026-09-28T13:16:14.129Z	spark1	LOAD	21.836	7.650
2026-09-28T13:16:14.185Z	spark2	LOAD	23.250	4.302
2026-09-28T13:16:14.379Z	spark1	LOAD	21.804	7.650
2026-09-28T13:16:14.435Z	spark2	LOAD	23.179	4.302
2026-09-28T13:16:14.645Z	spark1	LOAD	21.743	7.650
2026-09-28T13:16:14.686Z	spark2	LOAD	23.090	4.302
2026-09-28T13:16:14.895Z	spark1	LOAD	21.718	7.650
2026-09-28T13:16:14.936Z	spark2	LOAD	22.978	4.302
2026-09-28T13:16:15.145Z	spark1	LOAD	21.690	7.650
2026-09-28T13:16:15.196Z	spark2	LOAD	22.860	4.302
2026-09-28T13:16:15.396Z	spark1	LOAD	21.662	7.650
2026-09-28T13:16:15.447Z	spark2	LOAD	22.769	4.302
2026-09-28T13:16:15.662Z	spark1	LOAD	21.633	7.650
2026-09-28T13:16:15.697Z	spark2	LOAD	22.668	4.302
2026-09-28T13:16:15.912Z	spark1	LOAD	21.603	7.650
2026-09-28T13:16:15.947Z	spark2	LOAD	22.549	4.302
2026-09-28T13:16:16.163Z	spark1	LOAD	21.573	7.650
2026-09-28T13:16:16.211Z	spark2	LOAD	22.457	4.302
2026-09-28T13:16:16.413Z	spark1	LOAD	21.540	7.650
2026-09-28T13:16:16.461Z	spark2	LOAD	22.360	4.302
2026-09-28T13:16:16.681Z	spark1	LOAD	21.488	7.650
2026-09-28T13:16:16.712Z	spark2	LOAD	22.285	4.303
2026-09-28T13:16:16.932Z	spark1	LOAD	21.459	7.650
2026-09-28T13:16:16.962Z	spark2	LOAD	21.986	4.303
2026-09-28T13:16:17.182Z	spark1	LOAD	21.432	7.650
2026-09-28T13:16:17.227Z	spark2	LOAD	22.117	4.304
2026-09-28T13:16:17.432Z	spark1	LOAD	21.411	7.650
2026-09-28T13:16:17.477Z	spark2	LOAD	22.003	4.306
2026-09-28T13:16:17.693Z	spark1	LOAD	21.380	7.650
2026-09-28T13:16:17.727Z	spark2	LOAD	21.452	4.306
2026-09-28T13:16:17.944Z	spark1	LOAD	21.351	7.650
2026-09-28T13:16:17.977Z	spark2	LOAD	21.809	4.307
2026-09-28T13:16:18.194Z	spark1	LOAD	21.323	7.650
2026-09-28T13:16:18.242Z	spark2	LOAD	21.716	4.309
2026-09-28T13:16:18.444Z	spark1	LOAD	21.295	7.650
2026-09-28T13:16:18.492Z	spark2	LOAD	21.634	4.310
2026-09-28T13:16:18.707Z	spark1	LOAD	21.235	7.650
2026-09-28T13:16:18.742Z	spark2	LOAD	21.552	4.310
2026-09-28T13:16:18.957Z	spark1	LOAD	21.217	7.650
2026-09-28T13:16:18.993Z	spark2	LOAD	21.428	4.311
2026-09-28T13:16:19.207Z	spark1	LOAD	21.197	7.650
2026-09-28T13:16:19.253Z	spark2	LOAD	21.307	4.312
2026-09-28T13:16:19.458Z	spark1	LOAD	21.164	7.650
2026-09-28T13:16:19.503Z	spark2	LOAD	21.211	4.312
2026-09-28T13:16:19.724Z	spark1	LOAD	21.124	7.649
2026-09-28T13:16:19.754Z	spark2	LOAD	21.099	4.313
2026-09-28T13:16:19.975Z	spark1	LOAD	21.090	7.649
2026-09-28T13:16:20.004Z	spark2	LOAD	21.332	4.313
2026-09-28T13:16:20.226Z	spark1	LOAD	21.095	7.649
2026-09-28T13:16:20.270Z	spark2	LOAD	23.234	4.313
2026-09-28T13:16:20.476Z	spark1	LOAD	21.063	7.650
2026-09-28T13:16:20.520Z	spark2	LOAD	23.121	4.313
2026-09-28T13:16:20.738Z	spark1	LOAD	21.005	7.650
2026-09-28T13:16:20.771Z	spark2	LOAD	23.025	4.313
2026-09-28T13:16:20.988Z	spark1	LOAD	20.971	7.651
2026-09-28T13:16:21.022Z	spark2	LOAD	22.914	4.313
2026-09-28T13:16:21.239Z	spark1	LOAD	20.950	7.651
2026-09-28T13:16:21.282Z	spark2	LOAD	22.800	4.313
2026-09-28T13:16:21.489Z	spark1	LOAD	20.927	7.651
2026-09-28T13:16:21.532Z	spark2	LOAD	22.709	4.313
2026-09-28T13:16:21.755Z	spark1	LOAD	20.902	7.652
2026-09-28T13:16:21.782Z	spark2	LOAD	22.609	4.313
2026-09-28T13:16:22.005Z	spark1	LOAD	20.867	7.652
2026-09-28T13:16:22.032Z	spark2	LOAD	22.556	4.313
2026-09-28T13:16:22.256Z	spark1	LOAD	20.835	7.652
2026-09-28T13:16:22.293Z	spark2	LOAD	22.510	4.313
2026-09-28T13:16:22.506Z	spark1	LOAD	20.803	7.652
2026-09-28T13:16:22.543Z	spark2	LOAD	22.417	4.313
2026-09-28T13:16:22.773Z	spark1	LOAD	20.741	7.652
2026-09-28T13:16:22.793Z	spark2	LOAD	22.321	4.313
2026-09-28T13:16:23.023Z	spark1	LOAD	20.715	7.653
2026-09-28T13:16:23.044Z	spark2	LOAD	21.970	4.314
2026-09-28T13:16:23.273Z	spark1	LOAD	20.657	7.653
2026-09-28T13:16:23.308Z	spark2	LOAD	22.381	4.314
2026-09-28T13:16:23.523Z	spark1	LOAD	20.636	7.653
2026-09-28T13:16:23.559Z	spark2	LOAD	22.236	4.314
2026-09-28T13:16:23.785Z	spark1	LOAD	20.601	7.653
2026-09-28T13:16:23.809Z	spark2	LOAD	22.150	4.325
2026-09-28T13:16:24.035Z	spark1	LOAD	20.570	7.653
2026-09-28T13:16:24.059Z	spark2	LOAD	22.005	4.322
2026-09-28T13:16:24.285Z	spark1	LOAD	20.533	7.653
2026-09-28T13:16:24.320Z	spark2	LOAD	21.861	4.319
2026-09-28T13:16:24.536Z	spark1	LOAD	20.486	7.653
2026-09-28T13:16:24.570Z	spark2	LOAD	21.730	4.316
2026-09-28T13:16:24.802Z	spark1	LOAD	20.432	7.653
2026-09-28T13:16:24.820Z	spark2	LOAD	21.641	4.313
2026-09-28T13:16:25.053Z	spark1	LOAD	20.384	7.653
2026-09-28T13:16:25.071Z	spark2	LOAD	21.574	4.311
2026-09-28T13:16:25.303Z	spark1	LOAD	20.360	7.653
2026-09-28T13:16:25.335Z	spark2	LOAD	21.468	4.307
2026-09-28T13:16:25.554Z	spark1	LOAD	20.327	7.653
2026-09-28T13:16:25.586Z	spark2	LOAD	21.356	4.307
2026-09-28T13:16:25.816Z	spark1	LOAD	20.293	7.653
2026-09-28T13:16:25.836Z	spark2	LOAD	21.248	4.308
2026-09-28T13:16:26.066Z	spark1	LOAD	20.314	7.653
2026-09-28T13:16:26.087Z	spark2	LOAD	21.137	4.308
2026-09-28T13:16:26.316Z	spark1	LOAD	20.281	7.653
2026-09-28T13:16:26.350Z	spark2	LOAD	20.998	4.309
2026-09-28T13:16:26.567Z	spark1	LOAD	20.232	7.653
2026-09-28T13:16:26.601Z	spark2	LOAD	20.923	4.310
2026-09-28T13:16:26.828Z	spark1	LOAD	20.201	7.653
2026-09-28T13:16:26.851Z	spark2	LOAD	21.734	4.310
2026-09-28T13:16:27.079Z	spark1	LOAD	20.188	7.653
2026-09-28T13:16:27.101Z	spark2	LOAD	23.531	4.310
2026-09-28T13:16:27.329Z	spark1	LOAD	20.145	7.653
2026-09-28T13:16:27.362Z	spark2	LOAD	23.475	4.310
2026-09-28T13:16:27.580Z	spark1	LOAD	20.106	7.653
2026-09-28T13:16:27.612Z	spark2	LOAD	23.357	4.310
2026-09-28T13:16:27.847Z	spark1	LOAD	20.064	7.653
2026-09-28T13:16:27.862Z	spark2	LOAD	23.262	4.310
2026-09-28T13:16:28.097Z	spark1	LOAD	20.027	7.653
2026-09-28T13:16:28.113Z	spark2	LOAD	23.173	4.310
2026-09-28T13:16:28.348Z	spark1	LOAD	19.986	7.653
2026-09-28T13:16:28.374Z	spark2	LOAD	23.064	4.310
2026-09-28T13:16:28.598Z	spark1	LOAD	19.948	7.653
2026-09-28T13:16:28.624Z	spark2	LOAD	22.953	4.310
2026-09-28T13:16:28.859Z	spark1	LOAD	19.914	7.653
2026-09-28T13:16:28.874Z	spark2	LOAD	22.857	4.310
2026-09-28T13:16:29.109Z	spark1	LOAD	19.877	7.654
2026-09-28T13:16:29.125Z	spark2	LOAD	22.739	4.310
2026-09-28T13:16:29.359Z	spark1	LOAD	19.844	7.654
2026-09-28T13:16:29.386Z	spark2	LOAD	22.610	4.310
2026-09-28T13:16:29.610Z	spark1	LOAD	19.811	7.654
2026-09-28T13:16:29.636Z	spark2	LOAD	22.511	4.310
2026-09-28T13:16:29.872Z	spark1	LOAD	19.775	7.654
2026-09-28T13:16:29.886Z	spark2	LOAD	22.421	4.311
2026-09-28T13:16:30.123Z	spark1	LOAD	19.749	7.654
2026-09-28T13:16:30.137Z	spark2	LOAD	22.364	4.313
2026-09-28T13:16:30.373Z	spark1	LOAD	19.722	7.654
2026-09-28T13:16:30.402Z	spark2	LOAD	22.293	4.313
2026-09-28T13:16:30.623Z	spark1	LOAD	19.693	7.654
2026-09-28T13:16:30.652Z	spark2	LOAD	22.209	4.313
2026-09-28T13:16:30.885Z	spark1	LOAD	19.656	7.654
2026-09-28T13:16:30.903Z	spark2	LOAD	22.123	4.313
2026-09-28T13:16:31.136Z	spark1	LOAD	19.563	7.654
2026-09-28T13:16:31.153Z	spark2	LOAD	22.001	4.314
2026-09-28T13:16:31.387Z	spark1	LOAD	19.595	7.654
2026-09-28T13:16:31.417Z	spark2	LOAD	21.901	4.315
2026-09-28T13:16:31.637Z	spark1	LOAD	19.557	7.654
2026-09-28T13:16:31.667Z	spark2	LOAD	21.795	4.316
2026-09-28T13:16:31.900Z	spark1	LOAD	19.534	7.654
2026-09-28T13:16:31.918Z	spark2	LOAD	21.741	4.316
2026-09-28T13:16:32.150Z	spark1	LOAD	19.496	7.654
2026-09-28T13:16:32.168Z	spark2	LOAD	21.662	4.317
2026-09-28T13:16:32.400Z	spark1	LOAD	19.457	7.654
2026-09-28T13:16:32.429Z	spark2	LOAD	21.556	4.319
2026-09-28T13:16:32.651Z	spark1	LOAD	19.421	7.654
2026-09-28T13:16:32.679Z	spark2	LOAD	21.012	4.319
2026-09-28T13:16:32.917Z	spark1	LOAD	19.380	7.654
2026-09-28T13:16:32.930Z	spark2	LOAD	20.907	4.319
2026-09-28T13:16:33.168Z	spark1	LOAD	19.332	7.654
2026-09-28T13:16:33.180Z	spark2	LOAD	20.822	4.319
2026-09-28T13:16:33.418Z	spark1	LOAD	19.301	7.654
2026-09-28T13:16:33.441Z	spark2	LOAD	21.169	4.321
2026-09-28T13:16:33.668Z	spark1	LOAD	19.285	7.654
2026-09-28T13:16:33.691Z	spark2	LOAD	21.251	4.321
2026-09-28T13:16:33.935Z	spark1	LOAD	21.041	7.654
2026-09-28T13:16:33.942Z	spark2	LOAD	23.019	4.321
2026-09-28T13:16:34.186Z	spark1	LOAD	22.581	7.653
2026-09-28T13:16:34.192Z	spark2	LOAD	22.995	4.321
2026-09-28T13:16:34.436Z	spark1	LOAD	22.540	7.653
2026-09-28T13:16:34.453Z	spark2	LOAD	22.916	4.321
2026-09-28T13:16:34.687Z	spark1	LOAD	22.514	7.653
2026-09-28T13:16:34.703Z	spark2	LOAD	22.819	4.321
2026-09-28T13:16:34.954Z	spark1	LOAD	22.489	7.653
2026-09-28T13:16:34.954Z	spark2	LOAD	22.681	4.318
2026-09-28T13:16:35.203Z	spark1	LOAD	22.452	7.653
2026-09-28T13:16:35.204Z	spark2	LOAD	22.541	4.315
2026-09-28T13:16:35.454Z	spark1	LOAD	22.394	7.653
2026-09-28T13:16:35.464Z	spark2	LOAD	22.420	4.313
2026-09-28T13:16:35.704Z	spark1	LOAD	22.367	7.653
2026-09-28T13:16:35.715Z	spark2	LOAD	22.327	4.309
2026-09-28T13:16:35.965Z	spark2	LOAD	22.685	4.307
2026-09-28T13:16:35.966Z	spark1	LOAD	22.334	7.653
2026-09-28T13:16:36.216Z	spark2	LOAD	22.540	4.307
2026-09-28T13:16:36.216Z	spark1	LOAD	22.305	7.653
2026-09-28T13:16:36.466Z	spark1	LOAD	22.277	7.653
2026-09-28T13:16:36.476Z	spark2	LOAD	21.988	4.307
2026-09-28T13:16:36.717Z	spark1	LOAD	22.238	7.653
2026-09-28T13:16:36.726Z	spark2	LOAD	22.304	4.308
2026-09-28T13:16:36.977Z	spark2	LOAD	22.192	4.310
2026-09-28T13:16:36.983Z	spark1	LOAD	22.203	7.653
2026-09-28T13:16:37.228Z	spark2	LOAD	22.106	4.310
2026-09-28T13:16:37.234Z	spark1	LOAD	22.148	7.653
2026-09-28T13:16:37.484Z	spark1	LOAD	22.115	7.653
2026-09-28T13:16:37.494Z	spark2	LOAD	21.513	4.310
2026-09-28T13:16:37.735Z	spark1	LOAD	22.083	7.653
2026-09-28T13:16:37.745Z	spark2	LOAD	21.848	4.312
2026-09-28T13:16:37.995Z	spark2	LOAD	21.724	4.313
2026-09-28T13:16:38.001Z	spark1	LOAD	22.053	7.653
2026-09-28T13:16:38.246Z	spark2	LOAD	21.622	4.314
2026-09-28T13:16:38.252Z	spark1	LOAD	22.027	7.653
2026-09-28T13:16:38.502Z	spark1	LOAD	21.995	7.653
2026-09-28T13:16:38.510Z	spark2	LOAD	21.509	4.315
2026-09-28T13:16:38.752Z	spark1	LOAD	21.964	7.653
2026-09-28T13:16:38.761Z	spark2	LOAD	21.407	4.315
2026-09-28T13:16:39.011Z	spark2	LOAD	21.322	4.319
2026-09-28T13:16:39.015Z	spark1	LOAD	21.934	7.653
2026-09-28T13:16:39.261Z	spark2	LOAD	21.212	4.321
2026-09-28T13:16:39.265Z	spark1	LOAD	21.911	7.653
2026-09-28T13:16:39.515Z	spark1	LOAD	21.885	7.653
2026-09-28T13:16:39.526Z	spark2	LOAD	21.096	4.321
2026-09-28T13:16:39.766Z	spark1	LOAD	21.855	7.653
2026-09-28T13:16:39.776Z	spark2	LOAD	21.012	4.321
2026-09-28T13:16:40.026Z	spark2	LOAD	20.910	4.321
2026-09-28T13:16:40.032Z	spark1	LOAD	21.754	7.653
2026-09-28T13:16:40.277Z	spark2	LOAD	20.911	4.320
2026-09-28T13:16:40.282Z	spark1	LOAD	21.725	7.653
2026-09-28T13:16:40.533Z	spark1	LOAD	21.693	7.653
2026-09-28T13:16:40.543Z	spark2	LOAD	22.726	4.320
2026-09-28T13:16:40.783Z	spark1	LOAD	21.665	7.653
2026-09-28T13:16:40.792Z	spark2	LOAD	23.394	4.320
2026-09-28T13:16:41.043Z	spark2	LOAD	23.323	4.320
2026-09-28T13:16:41.050Z	spark1	LOAD	21.633	7.653
2026-09-28T13:16:41.293Z	spark2	LOAD	23.197	4.320
2026-09-28T13:16:41.300Z	spark1	LOAD	21.595	7.653
2026-09-28T13:16:41.551Z	spark1	LOAD	21.557	7.653
2026-09-28T13:16:41.558Z	spark2	LOAD	23.090	4.320
2026-09-28T13:16:41.801Z	spark1	LOAD	21.528	7.653
2026-09-28T13:16:41.809Z	spark2	LOAD	22.993	4.320
2026-09-28T13:16:42.059Z	spark2	LOAD	22.888	4.320
2026-09-28T13:16:42.068Z	spark1	LOAD	21.492	7.653
2026-09-28T13:16:42.309Z	spark2	LOAD	22.780	4.320
2026-09-28T13:16:42.319Z	spark1	LOAD	21.462	7.653
2026-09-28T13:16:42.569Z	spark1	LOAD	21.426	7.653
2026-09-28T13:16:42.573Z	spark2	LOAD	22.649	4.320
2026-09-28T13:16:42.820Z	spark1	LOAD	21.392	7.653
2026-09-28T13:16:42.824Z	spark2	LOAD	22.551	4.320
2026-09-28T13:16:43.074Z	spark2	LOAD	22.430	4.320
2026-09-28T13:16:43.082Z	spark1	LOAD	21.351	7.653
2026-09-28T13:16:43.324Z	spark2	LOAD	22.306	4.320
2026-09-28T13:16:43.332Z	spark1	LOAD	21.298	7.653
2026-09-28T13:16:43.583Z	spark1	LOAD	21.267	7.653
2026-09-28T13:16:43.589Z	spark2	LOAD	21.786	4.320
2026-09-28T13:16:43.833Z	spark1	LOAD	21.301	7.653
2026-09-28T13:16:43.839Z	spark2	LOAD	22.127	4.320
2026-09-28T13:16:44.090Z	spark2	LOAD	22.018	4.320
2026-09-28T13:16:44.100Z	spark1	LOAD	21.270	7.653
2026-09-28T13:16:44.339Z	spark2	LOAD	21.914	4.321
2026-09-28T13:16:44.350Z	spark1	LOAD	21.240	7.653
2026-09-28T13:16:44.600Z	spark1	LOAD	21.209	7.653
2026-09-28T13:16:44.605Z	spark2	LOAD	21.805	4.321
2026-09-28T13:16:44.851Z	spark1	LOAD	21.176	7.653
2026-09-28T13:16:44.855Z	spark2	LOAD	21.698	4.321
2026-09-28T13:16:45.106Z	spark2	LOAD	21.119	4.321
2026-09-28T13:16:45.114Z	spark1	LOAD	21.140	7.653
2026-09-28T13:16:45.356Z	spark2	LOAD	21.479	4.326
2026-09-28T13:16:45.364Z	spark1	LOAD	21.078	7.653
2026-09-28T13:16:45.614Z	spark1	LOAD	21.152	7.656
2026-09-28T13:16:45.617Z	spark2	LOAD	21.367	4.327
2026-09-28T13:16:45.865Z	spark1	LOAD	21.108	7.657
2026-09-28T13:16:45.867Z	spark2	LOAD	21.262	4.328
2026-09-28T13:16:46.118Z	spark2	LOAD	21.119	4.326
2026-09-28T13:16:46.132Z	spark1	LOAD	20.986	7.658
2026-09-28T13:16:46.368Z	spark2	LOAD	20.985	4.322
2026-09-28T13:16:46.382Z	spark1	LOAD	20.953	7.658
2026-09-28T13:16:46.628Z	spark2	LOAD	20.883	4.324
2026-09-28T13:16:46.632Z	spark1	LOAD	20.988	7.659
2026-09-28T13:16:46.879Z	spark2	LOAD	20.786	4.323
2026-09-28T13:16:46.883Z	spark1	LOAD	20.954	7.659
2026-09-28T13:16:47.129Z	spark2	LOAD	22.176	4.321
2026-09-28T13:16:47.146Z	spark1	LOAD	20.892	7.659
2026-09-28T13:16:47.381Z	spark2	LOAD	23.553	4.321
2026-09-28T13:16:47.396Z	spark1	LOAD	20.917	7.660
2026-09-28T13:16:47.644Z	spark2	LOAD	23.473	4.321
2026-09-28T13:16:47.647Z	spark1	LOAD	20.892	7.660
2026-09-28T13:16:47.895Z	spark2	LOAD	23.378	4.321
2026-09-28T13:16:47.897Z	spark1	LOAD	20.850	7.660
2026-09-28T13:16:48.145Z	spark2	LOAD	23.281	4.321
2026-09-28T13:16:48.159Z	spark1	LOAD	20.822	7.661
2026-09-28T13:16:48.395Z	spark2	LOAD	23.172	4.321
2026-09-28T13:16:48.410Z	spark1	LOAD	20.774	7.661
2026-09-28T13:16:48.660Z	spark1	LOAD	20.758	7.663
2026-09-28T13:16:48.660Z	spark2	LOAD	23.079	4.321
2026-09-28T13:16:48.910Z	spark2	LOAD	23.012	4.321
2026-09-28T13:16:48.910Z	spark1	LOAD	20.721	7.663
2026-09-28T13:16:49.161Z	spark2	LOAD	22.903	4.321
2026-09-28T13:16:49.171Z	spark1	LOAD	20.686	7.663
2026-09-28T13:16:49.412Z	spark2	LOAD	22.782	4.321
2026-09-28T13:16:49.422Z	spark1	LOAD	20.646	7.663
2026-09-28T13:16:49.671Z	spark2	LOAD	22.672	4.321
2026-09-28T13:16:49.672Z	spark1	LOAD	20.578	7.663
2026-09-28T13:16:49.922Z	spark2	LOAD	22.522	4.321
2026-09-28T13:16:49.922Z	spark1	LOAD	20.544	7.663
2026-09-28T13:16:50.172Z	spark2	LOAD	22.407	4.321
2026-09-28T13:16:50.185Z	spark1	LOAD	20.516	7.663
2026-09-28T13:16:50.422Z	spark2	LOAD	22.295	4.321
2026-09-28T13:16:50.435Z	spark1	LOAD	20.504	7.664
2026-09-28T13:16:50.683Z	spark2	LOAD	22.154	4.321
2026-09-28T13:16:50.686Z	spark1	LOAD	20.476	7.664
2026-09-28T13:16:50.933Z	spark2	LOAD	22.049	4.321
2026-09-28T13:16:50.936Z	spark1	LOAD	20.449	7.665
2026-09-28T13:16:51.183Z	spark2	LOAD	21.961	4.321
2026-09-28T13:16:51.199Z	spark1	LOAD	20.415	7.665
2026-09-28T13:16:51.433Z	spark2	LOAD	21.928	4.323
2026-09-28T13:16:51.449Z	spark1	LOAD	20.383	7.665
2026-09-28T13:16:51.697Z	spark2	LOAD	21.849	4.325
2026-09-28T13:16:51.700Z	spark1	LOAD	20.326	7.665
2026-09-28T13:16:51.947Z	spark2	LOAD	21.739	4.325
2026-09-28T13:16:51.950Z	spark1	LOAD	20.299	7.665
2026-09-28T13:16:52.197Z	spark2	LOAD	21.614	4.326
2026-09-28T13:16:52.220Z	spark1	LOAD	20.270	7.665
2026-09-28T13:16:52.448Z	spark2	LOAD	21.508	4.327
2026-09-28T13:16:52.470Z	spark1	LOAD	20.239	7.665
2026-09-28T13:16:52.713Z	spark2	LOAD	20.869	4.328
2026-09-28T13:16:52.720Z	spark1	LOAD	20.216	7.665
2026-09-28T13:16:52.963Z	spark2	LOAD	21.264	4.329
2026-09-28T13:16:52.970Z	spark1	LOAD	20.180	7.665
2026-09-28T13:16:53.213Z	spark2	LOAD	20.672	4.329
2026-09-28T13:16:53.238Z	spark1	LOAD	20.151	7.664
2026-09-28T13:16:53.464Z	spark2	LOAD	20.594	4.330
2026-09-28T13:16:53.488Z	spark1	LOAD	20.111	7.664
2026-09-28T13:16:53.724Z	spark2	LOAD	20.475	4.332
2026-09-28T13:16:53.739Z	spark1	LOAD	20.061	7.664
2026-09-28T13:16:53.975Z	spark2	LOAD	22.317	4.332
2026-09-28T13:16:53.989Z	spark1	LOAD	20.045	7.664
2026-09-28T13:16:54.225Z	spark2	LOAD	23.574	4.332
2026-09-28T13:16:54.259Z	spark1	LOAD	20.011	7.664
2026-09-28T13:16:54.476Z	spark2	LOAD	23.471	4.332
2026-09-28T13:16:54.509Z	spark1	LOAD	19.976	7.664
2026-09-28T13:16:54.736Z	spark2	LOAD	23.333	4.332
2026-09-28T13:16:54.759Z	spark1	LOAD	19.948	7.664
2026-09-28T13:16:54.986Z	spark2	LOAD	23.230	4.332
2026-09-28T13:16:55.010Z	spark1	LOAD	19.750	7.664
2026-09-28T13:16:55.237Z	spark2	LOAD	23.121	4.332
2026-09-28T13:16:55.279Z	spark1	LOAD	19.717	7.664
2026-09-28T13:16:55.488Z	spark2	LOAD	23.014	4.332
2026-09-28T13:16:55.530Z	spark1	LOAD	19.682	7.664
2026-09-28T13:16:55.748Z	spark2	LOAD	22.900	4.332
2026-09-28T13:16:55.780Z	spark1	LOAD	19.630	7.664
2026-09-28T13:16:55.998Z	spark2	LOAD	22.766	4.332
2026-09-28T13:16:56.030Z	spark1	LOAD	19.816	7.665
2026-09-28T13:16:56.249Z	spark2	LOAD	22.650	4.332
2026-09-28T13:16:56.298Z	spark1	LOAD	19.776	7.665
2026-09-28T13:16:56.499Z	spark2	LOAD	22.531	4.332
2026-09-28T13:16:56.548Z	spark1	LOAD	19.505	7.665
2026-09-28T13:16:56.764Z	spark2	LOAD	22.411	4.332
2026-09-28T13:16:56.798Z	spark1	LOAD	19.670	7.665
2026-09-28T13:16:57.014Z	spark2	LOAD	22.036	4.331
2026-09-28T13:16:57.048Z	spark1	LOAD	19.638	7.665
2026-09-28T13:16:57.264Z	spark2	LOAD	21.638	4.329
2026-09-28T13:16:57.310Z	spark1	LOAD	19.603	7.665
2026-09-28T13:16:57.514Z	spark2	LOAD	22.012	4.327
2026-09-28T13:16:57.561Z	spark1	LOAD	20.023	7.664
2026-09-28T13:16:57.778Z	spark2	LOAD	21.824	4.324
2026-09-28T13:16:57.811Z	spark1	LOAD	21.698	7.664
2026-09-28T13:16:58.029Z	spark2	LOAD	21.314	4.322
2026-09-28T13:16:58.062Z	spark1	LOAD	22.586	7.664
2026-09-28T13:16:58.279Z	spark2	LOAD	21.651	4.320
2026-09-28T13:16:58.329Z	spark1	LOAD	22.551	7.664
2026-09-28T13:16:58.530Z	spark2	LOAD	21.560	4.319
2026-09-28T13:16:58.579Z	spark1	LOAD	22.520	7.664
2026-09-28T13:16:58.791Z	spark2	LOAD	21.443	4.316
2026-09-28T13:16:58.830Z	spark1	LOAD	22.482	7.664
2026-09-28T13:16:59.042Z	spark2	LOAD	21.339	4.316
2026-09-28T13:16:59.080Z	spark1	LOAD	22.458	7.664
2026-09-28T13:16:59.291Z	spark2	LOAD	21.223	4.316
2026-09-28T13:16:59.348Z	spark1	LOAD	22.421	7.664
2026-09-28T13:16:59.542Z	spark2	LOAD	21.104	4.316
2026-09-28T13:16:59.598Z	spark1	LOAD	22.391	7.664
2026-09-28T13:16:59.802Z	spark2	LOAD	20.954	4.316
2026-09-28T13:16:59.848Z	spark1	LOAD	22.324	7.664
2026-09-28T13:17:00.054Z	spark2	LOAD	20.847	4.316
2026-09-28T13:17:00.099Z	spark1	LOAD	22.298	7.664
2026-09-28T13:17:00.305Z	spark2	LOAD	22.939	4.316
2026-09-28T13:17:00.366Z	spark1	LOAD	22.251	7.664
2026-09-28T13:17:00.555Z	spark2	LOAD	23.483	4.316
2026-09-28T13:17:00.616Z	spark1	LOAD	22.222	7.664
2026-09-28T13:17:00.817Z	spark2	LOAD	23.435	4.316
2026-09-28T13:17:00.866Z	spark1	LOAD	22.189	7.664
2026-09-28T13:17:01.067Z	spark2	LOAD	23.347	4.316
2026-09-28T13:17:01.117Z	spark1	LOAD	22.154	7.664
2026-09-28T13:17:01.318Z	spark2	LOAD	23.246	4.316
2026-09-28T13:17:01.384Z	spark1	LOAD	22.118	7.664
2026-09-28T13:17:01.568Z	spark2	LOAD	23.166	4.316
2026-09-28T13:17:01.634Z	spark1	LOAD	22.088	7.664
2026-09-28T13:17:01.829Z	spark2	LOAD	23.026	4.316
2026-09-28T13:17:01.884Z	spark1	LOAD	22.040	7.664
2026-09-28T13:17:02.080Z	spark2	LOAD	22.911	4.316
2026-09-28T13:17:02.135Z	spark1	LOAD	22.009	7.664
2026-09-28T13:17:02.331Z	spark2	LOAD	22.795	4.316
2026-09-28T13:17:02.402Z	spark1	LOAD	21.978	7.664
2026-09-28T13:17:02.580Z	spark2	LOAD	22.681	4.316
2026-09-28T13:17:02.653Z	spark1	LOAD	21.948	7.664
2026-09-28T13:17:02.846Z	spark2	LOAD	22.566	4.316
2026-09-28T13:17:02.903Z	spark1	LOAD	21.919	7.664
2026-09-28T13:17:03.096Z	spark2	LOAD	22.441	4.316
2026-09-28T13:17:03.153Z	spark1	LOAD	21.877	7.663
2026-09-28T13:17:03.346Z	spark2	LOAD	22.334	4.316
2026-09-28T13:17:03.416Z	spark1	LOAD	21.840	7.663
2026-09-28T13:17:03.597Z	spark2	LOAD	22.244	4.317
2026-09-28T13:17:03.666Z	spark1	LOAD	21.807	7.663
2026-09-28T13:17:03.857Z	spark2	LOAD	22.128	4.317
2026-09-28T13:17:03.916Z	spark1	LOAD	21.753	7.663
2026-09-28T13:17:04.108Z	spark2	LOAD	22.015	4.317
2026-09-28T13:17:04.166Z	spark1	LOAD	21.718	7.663
2026-09-28T13:17:04.358Z	spark2	LOAD	21.422	4.317
2026-09-28T13:17:04.433Z	spark1	LOAD	21.677	7.663
2026-09-28T13:17:04.609Z	spark2	LOAD	21.793	4.318
2026-09-28T13:17:04.684Z	spark1	LOAD	21.647	7.663
2026-09-28T13:17:04.869Z	spark2	LOAD	21.683	4.319
2026-09-28T13:17:04.934Z	spark1	LOAD	21.618	7.663
2026-09-28T13:17:05.120Z	spark2	LOAD	21.598	4.320
2026-09-28T13:17:05.184Z	spark1	LOAD	21.584	7.663
2026-09-28T13:17:05.369Z	spark2	LOAD	21.487	4.321
2026-09-28T13:17:05.451Z	spark1	LOAD	21.554	7.663
2026-09-28T13:17:05.620Z	spark2	LOAD	21.368	4.321
2026-09-28T13:17:05.702Z	spark1	LOAD	21.519	7.663
2026-09-28T13:17:05.880Z	spark2	LOAD	21.235	4.322
2026-09-28T13:17:05.952Z	spark1	LOAD	21.469	7.663
2026-09-28T13:17:06.131Z	spark2	LOAD	21.109	4.322
2026-09-28T13:17:06.203Z	spark1	LOAD	21.439	7.663
2026-09-28T13:17:06.381Z	spark2	LOAD	20.999	4.322
2026-09-28T13:17:06.470Z	spark1	LOAD	21.400	7.663
2026-09-28T13:17:06.631Z	spark2	LOAD	20.894	4.323
2026-09-28T13:17:06.720Z	spark1	LOAD	21.361	7.663
2026-09-28T13:17:06.891Z	spark2	LOAD	21.236	4.323
2026-09-28T13:17:06.970Z	spark1	LOAD	21.335	7.663
2026-09-28T13:17:07.142Z	spark2	LOAD	22.751	4.323
2026-09-28T13:17:07.221Z	spark1	LOAD	21.299	7.663
2026-09-28T13:17:07.393Z	spark2	LOAD	23.481	4.323
2026-09-28T13:17:07.488Z	spark1	LOAD	21.269	7.663
2026-09-28T13:17:07.643Z	spark2	LOAD	23.447	4.323
2026-09-28T13:17:07.738Z	spark1	LOAD	21.203	7.663
2026-09-28T13:17:07.903Z	spark2	LOAD	23.334	4.322
2026-09-28T13:17:07.989Z	spark1	LOAD	21.142	7.663
2026-09-28T13:17:08.153Z	spark2	LOAD	23.184	4.321
2026-09-28T13:17:08.239Z	spark1	LOAD	21.116	7.663
2026-09-28T13:17:08.403Z	spark2	LOAD	23.027	4.317
2026-09-28T13:17:08.506Z	spark1	LOAD	21.107	7.663
2026-09-28T13:17:08.654Z	spark2	LOAD	22.887	4.315
2026-09-28T13:17:08.756Z	spark1	LOAD	21.054	7.663
2026-09-28T13:17:08.914Z	spark2	LOAD	22.771	4.312
2026-09-28T13:17:09.006Z	spark1	LOAD	21.019	7.663
2026-09-28T13:17:09.164Z	spark2	LOAD	22.643	4.308
2026-09-28T13:17:09.257Z	spark1	LOAD	20.999	7.664
2026-09-28T13:17:09.416Z	spark2	LOAD	22.531	4.305
2026-09-28T13:17:09.520Z	spark1	LOAD	20.966	7.664
2026-09-28T13:17:09.666Z	spark2	LOAD	22.419	4.304
2026-09-28T13:17:09.770Z	spark1	LOAD	20.931	7.664
2026-09-28T13:17:09.927Z	spark2	LOAD	22.305	4.304
2026-09-28T13:17:10.020Z	spark1	LOAD	20.901	7.664
2026-09-28T13:17:10.177Z	spark2	LOAD	22.212	4.304
2026-09-28T13:17:10.271Z	spark1	LOAD	20.918	7.664
2026-09-28T13:17:10.427Z	spark2	LOAD	21.602	4.304
2026-09-28T13:17:10.532Z	spark1	LOAD	20.886	7.664
2026-09-28T13:17:10.678Z	spark2	LOAD	21.509	4.305
2026-09-28T13:17:10.783Z	spark1	LOAD	20.856	7.664
2026-09-28T13:17:10.939Z	spark2	LOAD	21.860	4.307
2026-09-28T13:17:11.034Z	spark1	LOAD	20.827	7.664
2026-09-28T13:17:11.189Z	spark2	LOAD	21.766	4.308
2026-09-28T13:17:11.285Z	spark1	LOAD	20.763	7.664
2026-09-28T13:17:11.439Z	spark2	LOAD	21.652	4.308
2026-09-28T13:17:11.547Z	spark1	LOAD	20.729	7.664
2026-09-28T13:17:11.690Z	spark2	LOAD	21.541	4.309
2026-09-28T13:17:11.797Z	spark1	LOAD	20.695	7.664
2026-09-28T13:17:11.955Z	spark2	LOAD	21.441	4.313
2026-09-28T13:17:12.048Z	spark1	LOAD	20.668	7.664
2026-09-28T13:17:12.205Z	spark2	LOAD	21.328	4.317
2026-09-28T13:17:12.298Z	spark1	LOAD	20.658	7.665
2026-09-28T13:17:12.455Z	spark2	LOAD	21.201	4.317
2026-09-28T13:17:12.560Z	spark1	LOAD	20.623	7.665
2026-09-28T13:17:12.706Z	spark2	LOAD	21.091	4.317
2026-09-28T13:17:12.811Z	spark1	LOAD	20.595	7.665
2026-09-28T13:17:12.966Z	spark2	LOAD	20.970	4.318
2026-09-28T13:17:13.061Z	spark1	LOAD	20.558	7.665
2026-09-28T13:17:13.217Z	spark2	LOAD	20.825	4.319
2026-09-28T13:17:13.311Z	spark1	LOAD	20.543	7.665
2026-09-28T13:17:13.467Z	spark2	LOAD	22.270	4.319
2026-09-28T13:17:13.578Z	spark1	LOAD	20.511	7.665
2026-09-28T13:17:13.716Z	spark2	LOAD	23.441	4.319
2026-09-28T13:17:13.829Z	spark1	LOAD	20.485	7.665
2026-09-28T13:17:13.983Z	spark2	LOAD	23.584	4.318
2026-09-28T13:17:14.079Z	spark1	LOAD	20.451	7.665
2026-09-28T13:17:14.232Z	spark2	LOAD	23.572	4.309
2026-09-28T13:17:14.329Z	spark1	LOAD	20.400	7.665
2026-09-28T13:17:14.483Z	spark2	LOAD	23.519	4.299
2026-09-28T13:17:14.596Z	spark1	LOAD	20.407	7.665
2026-09-28T13:17:14.735Z	spark2	LOAD	23.460	4.299
2026-09-28T13:17:14.846Z	spark1	LOAD	20.366	7.665
2026-09-28T13:17:14.996Z	spark2	LOAD	23.209	4.298
2026-09-28T13:17:15.097Z	spark1	LOAD	20.337	7.666
2026-09-28T13:17:15.247Z	spark2	LOAD	22.559	4.298
2026-09-28T13:17:15.347Z	spark1	LOAD	20.304	7.666
2026-09-28T13:17:15.496Z	spark2	LOAD	18.590	4.298
2026-09-28T13:17:15.614Z	spark1	LOAD	20.267	7.666
2026-09-28T13:17:15.748Z	spark2	LOAD	16.443	4.310
2026-09-28T13:17:15.864Z	spark1	LOAD	20.237	7.666
2026-09-28T13:17:16.014Z	spark2	LOAD	16.033	4.314
2026-09-28T13:17:16.115Z	spark1	LOAD	20.207	7.666
2026-09-28T13:17:16.265Z	spark2	LOAD	21.628	4.314
2026-09-28T13:17:16.365Z	spark1	LOAD	20.134	7.666
2026-09-28T13:17:16.516Z	spark2	LOAD	16.094	4.314
2026-09-28T13:17:16.633Z	spark1	LOAD	20.096	7.666
2026-09-28T13:17:16.767Z	spark2	LOAD	16.437	4.316
2026-09-28T13:17:16.884Z	spark1	LOAD	20.066	7.666
2026-09-28T13:17:17.028Z	spark2	LOAD	21.072	4.316
2026-09-28T13:17:17.134Z	spark1	LOAD	20.079	7.666
2026-09-28T13:17:17.279Z	spark2	LOAD	15.934	4.316
2026-09-28T13:17:17.385Z	spark1	LOAD	20.044	7.666
2026-09-28T13:17:17.530Z	spark2	LOAD	18.614	4.316
2026-09-28T13:17:17.652Z	spark1	LOAD	20.006	7.666
2026-09-28T13:17:17.780Z	spark2	LOAD	18.870	4.314
2026-09-28T13:17:17.902Z	spark1	LOAD	19.975	7.666
2026-09-28T13:17:18.041Z	spark2	LOAD	15.615	4.313
2026-09-28T13:17:18.152Z	spark1	LOAD	19.907	7.666
2026-09-28T13:17:18.291Z	spark2	LOAD	22.149	4.313
2026-09-28T13:17:18.403Z	spark1	LOAD	19.848	7.666
2026-09-28T13:17:18.542Z	spark2	LOAD	16.421	4.313
2026-09-28T13:17:18.664Z	spark1	LOAD	19.799	7.666
2026-09-28T13:17:18.793Z	spark2	LOAD	16.035	4.313
2026-09-28T13:17:18.914Z	spark1	LOAD	19.781	7.665
2026-09-28T13:17:19.055Z	spark2	LOAD	21.130	4.313
2026-09-28T13:17:19.164Z	spark1	LOAD	19.735	7.665
2026-09-28T13:17:19.305Z	spark2	LOAD	15.912	4.311
2026-09-28T13:17:19.415Z	spark1	LOAD	19.712	7.665
2026-09-28T13:17:19.555Z	spark2	LOAD	16.953	4.308
2026-09-28T13:17:19.684Z	spark1	LOAD	19.680	7.665
2026-09-28T13:17:19.805Z	spark2	LOAD	19.998	4.305
2026-09-28T13:17:19.934Z	spark1	LOAD	19.674	7.665
2026-09-28T13:17:20.070Z	spark2	LOAD	15.812	4.305
2026-09-28T13:17:20.184Z	spark1	LOAD	19.635	7.665
2026-09-28T13:17:20.320Z	spark2	LOAD	19.460	4.303
2026-09-28T13:17:20.435Z	spark1	LOAD	19.556	7.665
2026-09-28T13:17:20.570Z	spark2	LOAD	18.618	4.300
2026-09-28T13:17:20.702Z	spark1	LOAD	19.530	7.665
2026-09-28T13:17:20.821Z	spark2	LOAD	15.536	4.298
2026-09-28T13:17:20.952Z	spark1	LOAD	19.508	7.665
2026-09-28T13:17:21.099Z	spark2	LOAD	21.402	4.297
2026-09-28T13:17:21.202Z	spark1	LOAD	19.478	7.665
2026-09-28T13:17:21.350Z	spark2	LOAD	16.013	4.297
2026-09-28T13:17:21.453Z	spark1	LOAD	19.451	7.665
2026-09-28T13:17:21.600Z	spark2	LOAD	15.562	4.297
2026-09-28T13:17:21.722Z	spark1	LOAD	19.413	7.666
2026-09-28T13:17:21.851Z	spark2	LOAD	20.531	4.297
2026-09-28T13:17:21.972Z	spark1	LOAD	19.379	7.666
2026-09-28T13:17:22.116Z	spark2	LOAD	15.821	4.297
2026-09-28T13:17:22.222Z	spark1	LOAD	19.395	7.666
2026-09-28T13:17:22.367Z	spark2	LOAD	21.666	4.296
2026-09-28T13:17:22.473Z	spark1	LOAD	20.862	7.666
2026-09-28T13:17:22.618Z	spark2	LOAD	17.420	4.296
2026-09-28T13:17:22.740Z	spark1	LOAD	22.398	7.666
2026-09-28T13:17:22.868Z	spark2	LOAD	15.483	4.296
2026-09-28T13:17:22.990Z	spark1	LOAD	22.556	7.666
2026-09-28T13:17:23.134Z	spark2	LOAD	20.525	4.296
2026-09-28T13:17:23.241Z	spark1	LOAD	22.518	7.666
2026-09-28T13:17:23.385Z	spark2	LOAD	15.800	4.296
2026-09-28T13:17:23.491Z	spark1	LOAD	22.485	7.666
2026-09-28T13:17:23.635Z	spark2	LOAD	21.587	4.296
2026-09-28T13:17:23.760Z	spark1	LOAD	22.447	7.666
2026-09-28T13:17:23.886Z	spark2	LOAD	17.420	4.296
2026-09-28T13:17:24.010Z	spark1	LOAD	22.415	7.666
2026-09-28T13:17:24.151Z	spark2	LOAD	15.442	4.296
2026-09-28T13:17:24.261Z	spark1	LOAD	22.380	7.666
2026-09-28T13:17:24.402Z	spark2	LOAD	20.338	4.296
2026-09-28T13:17:24.511Z	spark1	LOAD	22.323	7.666
2026-09-28T13:17:24.652Z	spark2	LOAD	15.805	4.296
2026-09-28T13:17:24.778Z	spark1	LOAD	22.289	7.666
2026-09-28T13:17:24.903Z	spark2	LOAD	22.394	4.296
2026-09-28T13:17:25.028Z	spark1	LOAD	22.256	7.666
2026-09-28T13:17:25.164Z	spark2	LOAD	16.641	4.296
2026-09-28T13:17:25.278Z	spark1	LOAD	22.225	7.666
2026-09-28T13:17:25.415Z	spark2	LOAD	15.804	4.296
2026-09-28T13:17:25.529Z	spark1	LOAD	22.192	7.666
2026-09-28T13:17:25.667Z	spark2	LOAD	19.966	4.296
2026-09-28T13:17:25.797Z	spark1	LOAD	22.156	7.666
2026-09-28T13:17:25.917Z	spark2	LOAD	15.725	4.296
2026-09-28T13:17:26.047Z	spark1	LOAD	22.124	7.666
2026-09-28T13:17:26.181Z	spark2	LOAD	21.572	4.296
2026-09-28T13:17:26.298Z	spark1	LOAD	22.089	7.666
2026-09-28T13:17:26.432Z	spark2	LOAD	15.808	4.296
2026-09-28T13:17:26.548Z	spark1	LOAD	22.032	7.666
2026-09-28T13:17:26.682Z	spark2	LOAD	17.109	4.296
2026-09-28T13:17:26.809Z	spark1	LOAD	21.981	7.666
2026-09-28T13:17:26.934Z	spark2	LOAD	19.267	4.296
2026-09-28T13:17:27.059Z	spark1	LOAD	21.945	7.666
2026-09-28T13:17:27.199Z	spark2	LOAD	15.497	4.296
2026-09-28T13:17:27.310Z	spark1	LOAD	21.907	7.666
2026-09-28T13:17:27.451Z	spark2	LOAD	21.080	4.296
2026-09-28T13:17:27.560Z	spark1	LOAD	21.934	7.666
2026-09-28T13:17:27.702Z	spark2	LOAD	15.820	4.296
2026-09-28T13:17:27.826Z	spark1	LOAD	21.890	7.666
2026-09-28T13:17:27.952Z	spark2	LOAD	20.923	4.296
2026-09-28T13:17:28.076Z	spark1	LOAD	21.845	7.666
2026-09-28T13:17:28.213Z	spark2	LOAD	17.235	4.296
2026-09-28T13:17:28.327Z	spark1	LOAD	21.800	7.666
2026-09-28T13:17:28.463Z	spark2	LOAD	15.489	4.296
2026-09-28T13:17:28.577Z	spark1	LOAD	21.732	7.666
2026-09-28T13:17:28.713Z	spark2	LOAD	19.909	4.296
2026-09-28T13:17:28.839Z	spark1	LOAD	21.698	7.666
2026-09-28T13:17:28.963Z	spark2	LOAD	15.696	4.296
2026-09-28T13:17:29.089Z	spark1	LOAD	21.659	7.666
2026-09-28T13:17:29.225Z	spark2	LOAD	21.388	4.296
2026-09-28T13:17:29.339Z	spark1	LOAD	21.622	7.666
2026-09-28T13:17:29.477Z	spark2	LOAD	15.807	4.296
2026-09-28T13:17:29.590Z	spark1	LOAD	21.589	7.666
2026-09-28T13:17:29.727Z	spark2	LOAD	19.560	4.296
2026-09-28T13:17:29.858Z	spark1	LOAD	21.527	7.666
2026-09-28T13:17:29.978Z	spark2	LOAD	18.222	4.296
2026-09-28T13:17:30.108Z	spark1	LOAD	21.496	7.666
2026-09-28T13:17:30.239Z	spark2	LOAD	15.455	4.296
2026-09-28T13:17:30.358Z	spark1	LOAD	21.405	7.666
2026-09-28T13:17:30.489Z	spark2	LOAD	20.134	4.296
2026-09-28T13:17:30.609Z	spark1	LOAD	21.369	7.666
2026-09-28T13:17:30.740Z	spark2	LOAD	15.759	4.296
2026-09-28T13:17:30.875Z	spark1	LOAD	21.295	7.666
2026-09-28T13:17:30.990Z	spark2	LOAD	21.639	4.292
2026-09-28T13:17:31.125Z	spark1	LOAD	21.261	7.666
2026-09-28T13:17:31.256Z	spark2	LOAD	15.806	4.288
2026-09-28T13:17:31.376Z	spark1	LOAD	21.210	7.666
2026-09-28T13:17:31.508Z	spark2	LOAD	19.147	4.285
2026-09-28T13:17:31.626Z	spark1	LOAD	21.175	7.666
2026-09-28T13:17:31.758Z	spark2	LOAD	18.305	4.285
2026-09-28T13:17:31.888Z	spark1	LOAD	21.130	7.666
2026-09-28T13:17:32.008Z	spark2	LOAD	15.443	4.285
2026-09-28T13:17:32.138Z	spark1	LOAD	21.096	7.666
2026-09-28T13:17:32.273Z	spark2	LOAD	20.133	4.285
2026-09-28T13:17:32.389Z	spark1	LOAD	21.059	7.666
2026-09-28T13:17:32.524Z	spark2	LOAD	15.707	4.285
2026-09-28T13:17:32.639Z	spark1	LOAD	21.137	7.666
2026-09-28T13:17:32.775Z	spark2	LOAD	21.582	4.285
2026-09-28T13:17:32.906Z	spark1	LOAD	21.062	7.666
2026-09-28T13:17:33.025Z	spark2	LOAD	15.801	4.285
2026-09-28T13:17:33.157Z	spark1	LOAD	21.068	7.666
2026-09-28T13:17:33.290Z	spark2	LOAD	20.244	4.285
2026-09-28T13:17:33.407Z	spark1	LOAD	21.018	7.666
2026-09-28T13:17:33.541Z	spark2	LOAD	18.108	4.285
2026-09-28T13:17:33.658Z	spark1	LOAD	20.982	7.666
2026-09-28T13:17:33.791Z	spark2	LOAD	15.427	4.285
2026-09-28T13:17:33.924Z	spark1	LOAD	20.939	7.666
2026-09-28T13:17:34.042Z	spark2	LOAD	20.100	4.285
2026-09-28T13:17:34.175Z	spark1	LOAD	20.896	7.666
2026-09-28T13:17:34.310Z	spark2	LOAD	15.647	4.285
2026-09-28T13:17:34.425Z	spark1	LOAD	20.861	7.666
2026-09-28T13:17:34.560Z	spark2	LOAD	21.355	4.285
2026-09-28T13:17:34.676Z	spark1	LOAD	20.826	7.666
2026-09-28T13:17:34.810Z	spark2	LOAD	15.774	4.285
2026-09-28T13:17:34.945Z	spark1	LOAD	20.780	7.666
2026-09-28T13:17:35.060Z	spark2	LOAD	20.407	4.285
2026-09-28T13:17:35.195Z	spark1	LOAD	20.740	7.666
2026-09-28T13:17:35.321Z	spark2	LOAD	17.342	4.285
2026-09-28T13:17:35.445Z	spark1	LOAD	20.700	7.666
2026-09-28T13:17:35.572Z	spark2	LOAD	15.800	4.285
2026-09-28T13:17:35.695Z	spark1	LOAD	20.663	7.666
2026-09-28T13:17:35.822Z	spark2	LOAD	19.608	4.285
2026-09-28T13:17:35.957Z	spark1	LOAD	20.618	7.669
2026-09-28T13:17:36.073Z	spark2	LOAD	15.628	4.285
2026-09-28T13:17:36.208Z	spark1	LOAD	20.571	7.669
2026-09-28T13:17:36.347Z	spark2	LOAD	21.041	4.285
2026-09-28T13:17:36.458Z	spark1	LOAD	20.527	7.669
2026-09-28T13:17:36.598Z	spark2	LOAD	15.798	4.285
2026-09-28T13:17:36.708Z	spark1	LOAD	20.493	7.669
2026-09-28T13:17:36.848Z	spark2	LOAD	19.611	4.285
2026-09-28T13:17:36.970Z	spark1	LOAD	20.425	7.670
2026-09-28T13:17:37.099Z	spark2	LOAD	18.031	4.285
2026-09-28T13:17:37.221Z	spark1	LOAD	20.396	7.671
2026-09-28T13:17:37.361Z	spark2	LOAD	15.405	4.285
2026-09-28T13:17:37.471Z	spark1	LOAD	20.362	7.672
2026-09-28T13:17:37.612Z	spark2	LOAD	20.326	4.285
2026-09-28T13:17:37.722Z	spark1	LOAD	20.320	7.672
2026-09-28T13:17:37.862Z	spark2	LOAD	15.724	4.285
2026-09-28T13:17:37.990Z	spark1	LOAD	20.273	7.672
2026-09-28T13:17:38.113Z	spark2	LOAD	22.256	4.285
2026-09-28T13:17:38.240Z	spark1	LOAD	20.233	7.672
2026-09-28T13:17:38.373Z	spark2	LOAD	15.936	4.285
2026-09-28T13:17:38.490Z	spark1	LOAD	20.200	7.672
2026-09-28T13:17:38.624Z	spark2	LOAD	17.272	4.285
2026-09-28T13:17:38.741Z	spark1	LOAD	20.170	7.672
2026-09-28T13:17:38.875Z	spark2	LOAD	19.078	4.285
2026-09-28T13:17:39.004Z	spark1	LOAD	20.094	7.672
2026-09-28T13:17:39.126Z	spark2	LOAD	15.478	4.285
2026-09-28T13:17:39.254Z	spark1	LOAD	20.058	7.672
2026-09-28T13:17:39.397Z	spark2	LOAD	20.537	4.285
2026-09-28T13:17:39.504Z	spark1	LOAD	20.015	7.673
2026-09-28T13:17:39.648Z	spark2	LOAD	15.784	4.285
2026-09-28T13:17:39.755Z	spark1	LOAD	19.981	7.673
2026-09-28T13:17:39.897Z	spark2	LOAD	22.285	4.285
2026-09-28T13:17:40.022Z	spark1	LOAD	19.937	7.673
2026-09-28T13:17:40.148Z	spark2	LOAD	16.328	4.285
2026-09-28T13:17:40.272Z	spark1	LOAD	19.684	7.674
2026-09-28T13:17:40.409Z	spark2	LOAD	17.223	4.285
2026-09-28T13:17:40.523Z	spark1	LOAD	19.649	7.674
2026-09-28T13:17:40.660Z	spark2	LOAD	19.204	4.285
2026-09-28T13:17:40.773Z	spark1	LOAD	19.611	7.674
2026-09-28T13:17:40.912Z	spark2	LOAD	15.489	4.285
2026-09-28T13:17:41.042Z	spark1	LOAD	19.672	7.675
2026-09-28T13:17:41.162Z	spark2	LOAD	20.833	4.285
2026-09-28T13:17:41.292Z	spark1	LOAD	19.628	7.675
2026-09-28T13:17:41.426Z	spark2	LOAD	15.812	4.285
2026-09-28T13:17:41.542Z	spark1	LOAD	19.562	7.675
2026-09-28T13:17:41.676Z	spark2	LOAD	22.434	4.285
2026-09-28T13:17:41.793Z	spark1	LOAD	19.690	7.677
2026-09-28T13:17:41.927Z	spark2	LOAD	22.496	4.281
2026-09-28T13:17:42.061Z	spark1	LOAD	19.646	7.677
2026-09-28T13:17:42.177Z	spark2	LOAD	22.482	4.277
2026-09-28T13:17:42.311Z	spark1	LOAD	19.586	7.677
2026-09-28T13:17:42.444Z	spark2	LOAD	22.428	4.275
2026-09-28T13:17:42.561Z	spark1	LOAD	19.550	7.677
2026-09-28T13:17:42.695Z	spark2	LOAD	22.696	4.275
2026-09-28T13:17:42.811Z	spark1	LOAD	19.516	7.677
2026-09-28T13:17:42.945Z	spark2	LOAD	22.665	4.275
2026-09-28T13:17:43.078Z	spark1	LOAD	19.447	7.677
2026-09-28T13:17:43.197Z	spark2	LOAD	22.858	4.275
2026-09-28T13:17:43.328Z	spark1	LOAD	19.418	7.678
2026-09-28T13:17:43.459Z	spark2	LOAD	22.862	4.275
2026-09-28T13:17:43.578Z	spark1	LOAD	19.390	7.678
2026-09-28T13:17:43.709Z	spark2	LOAD	23.091	4.275
2026-09-28T13:17:43.829Z	spark1	LOAD	19.434	7.677
2026-09-28T13:17:43.961Z	spark2	LOAD	23.010	4.275
2026-09-28T13:17:44.091Z	spark1	LOAD	21.019	7.677
2026-09-28T13:17:44.211Z	spark2	LOAD	23.085	4.275
2026-09-28T13:17:44.342Z	spark1	LOAD	22.401	7.677
2026-09-28T13:17:44.475Z	spark2	LOAD	23.341	4.275
2026-09-28T13:17:44.592Z	spark1	LOAD	22.625	7.677
2026-09-28T13:17:44.725Z	spark2	LOAD	23.392	4.275
2026-09-28T13:17:44.842Z	spark1	LOAD	22.594	7.677
2026-09-28T13:17:44.977Z	spark2	LOAD	23.556	4.275
2026-09-28T13:17:45.105Z	spark1	LOAD	22.541	7.677
2026-09-28T13:17:45.227Z	spark2	LOAD	23.778	4.275
2026-09-28T13:17:45.355Z	spark1	LOAD	22.507	7.677
2026-09-28T13:17:45.489Z	spark2	LOAD	23.744	4.275
2026-09-28T13:17:45.605Z	spark1	LOAD	22.472	7.677
2026-09-28T13:17:45.740Z	spark2	LOAD	23.888	4.275
2026-09-28T13:17:45.856Z	spark1	LOAD	22.437	7.677
2026-09-28T13:17:45.991Z	spark2	LOAD	23.316	4.275
2026-09-28T13:17:46.122Z	spark1	LOAD	22.402	7.677
2026-09-28T13:17:46.241Z	spark2	LOAD	23.913	4.275
2026-09-28T13:17:46.373Z	spark1	LOAD	22.369	7.677
2026-09-28T13:17:46.506Z	spark2	LOAD	24.296	4.275
2026-09-28T13:17:46.623Z	spark1	LOAD	22.331	7.677
2026-09-28T13:17:46.756Z	spark2	LOAD	24.003	4.275
2026-09-28T13:17:46.873Z	spark1	LOAD	22.283	7.677
2026-09-28T13:17:47.007Z	spark2	LOAD	22.310	4.275
2026-09-28T13:17:47.140Z	spark1	LOAD	22.199	7.677
2026-09-28T13:17:47.257Z	spark2	LOAD	24.722	4.275
2026-09-28T13:17:47.390Z	spark1	LOAD	22.170	7.677
2026-09-28T13:17:47.518Z	spark2	LOAD	24.718	4.275
2026-09-28T13:17:47.641Z	spark1	LOAD	22.138	7.677
2026-09-28T13:17:47.769Z	spark2	LOAD	24.716	4.275
2026-09-28T13:17:47.891Z	spark1	LOAD	22.105	7.677
2026-09-28T13:17:48.020Z	spark2	LOAD	24.713	4.275
2026-09-28T13:17:48.158Z	spark1	LOAD	22.072	7.677
2026-09-28T13:17:48.271Z	spark2	LOAD	24.711	4.275
2026-09-28T13:17:48.408Z	spark1	LOAD	22.039	7.677
2026-09-28T13:17:48.531Z	spark2	LOAD	24.708	4.275
2026-09-28T13:17:48.658Z	spark1	LOAD	22.009	7.677
2026-09-28T13:17:48.782Z	spark2	LOAD	23.346	4.274
2026-09-28T13:17:48.908Z	spark1	LOAD	21.973	7.677
2026-09-28T13:17:49.032Z	spark2	LOAD	22.824	4.274
2026-09-28T13:17:49.175Z	spark1	LOAD	21.901	7.677
2026-09-28T13:17:49.283Z	spark2	LOAD	22.817	4.274
2026-09-28T13:17:49.425Z	spark1	LOAD	21.869	7.677
2026-09-28T13:17:49.548Z	spark2	LOAD	22.650	4.274
2026-09-28T13:17:49.676Z	spark1	LOAD	21.836	7.676
2026-09-28T13:17:49.798Z	spark2	LOAD	21.709	4.274
2026-09-28T13:17:49.926Z	spark1	LOAD	21.797	7.676
2026-09-28T13:17:50.048Z	spark2	LOAD	21.682	4.274
2026-09-28T13:17:50.195Z	spark1	LOAD	21.762	7.676
2026-09-28T13:17:50.299Z	spark2	LOAD	21.655	4.274
2026-09-28T13:17:50.446Z	spark1	LOAD	21.729	7.676
2026-09-28T13:17:50.558Z	spark2	LOAD	21.629	4.274
2026-09-28T13:17:50.696Z	spark1	LOAD	21.696	7.676
2026-09-28T13:17:50.809Z	spark2	LOAD	21.600	4.274
2026-09-28T13:17:50.946Z	spark1	LOAD	21.662	7.676
2026-09-28T13:17:51.060Z	spark2	LOAD	21.570	4.274
2026-09-28T13:17:51.213Z	spark1	LOAD	21.590	7.676
2026-09-28T13:17:51.310Z	spark2	LOAD	21.543	4.274
2026-09-28T13:17:51.464Z	spark1	LOAD	21.552	7.676
2026-09-28T13:17:51.577Z	spark2	LOAD	21.509	4.274
2026-09-28T13:17:51.714Z	spark1	LOAD	21.518	7.676
2026-09-28T13:17:51.828Z	spark2	LOAD	21.480	4.274
2026-09-28T13:17:51.964Z	spark1	LOAD	21.482	7.676
2026-09-28T13:17:52.078Z	spark2	LOAD	21.450	4.274
2026-09-28T13:17:52.226Z	spark1	LOAD	21.410	7.676
2026-09-28T13:17:52.328Z	spark2	LOAD	21.421	4.274
2026-09-28T13:17:52.477Z	spark1	LOAD	21.376	7.676
2026-09-28T13:17:52.594Z	spark2	LOAD	21.250	4.274
2026-09-28T13:17:52.727Z	spark1	LOAD	21.338	7.676
2026-09-28T13:17:52.844Z	spark2	LOAD	20.993	4.271
2026-09-28T13:17:52.977Z	spark1	LOAD	21.298	7.676
2026-09-28T13:17:53.094Z	spark2	LOAD	20.848	4.267
2026-09-28T13:17:53.244Z	spark1	LOAD	21.227	7.676
2026-09-28T13:17:53.344Z	spark2	LOAD	20.986	4.265
2026-09-28T13:17:53.495Z	spark1	LOAD	21.260	7.676
2026-09-28T13:17:53.610Z	spark2	LOAD	21.566	4.265
2026-09-28T13:17:53.745Z	spark1	LOAD	21.237	7.676
2026-09-28T13:17:53.861Z	spark2	LOAD	21.802	4.265
2026-09-28T13:17:53.995Z	spark1	LOAD	21.195	7.676
2026-09-28T13:17:54.112Z	spark2	LOAD	21.959	4.265
2026-09-28T13:17:54.262Z	spark1	LOAD	21.148	7.677
2026-09-28T13:17:54.364Z	spark2	LOAD	22.000	4.265
2026-09-28T13:17:54.512Z	spark1	LOAD	21.107	7.677
2026-09-28T13:17:54.624Z	spark2	LOAD	22.277	4.265
2026-09-28T13:17:54.763Z	spark1	LOAD	21.068	7.677
2026-09-28T13:17:54.875Z	spark2	LOAD	22.109	4.265
2026-09-28T13:17:55.013Z	spark1	LOAD	21.031	7.677
2026-09-28T13:17:55.126Z	spark2	LOAD	22.596	4.265
2026-09-28T13:17:55.280Z	spark1	LOAD	20.965	7.677
2026-09-28T13:17:55.376Z	spark2	LOAD	22.717	4.265
2026-09-28T13:17:55.530Z	spark1	LOAD	20.929	7.677
2026-09-28T13:17:55.637Z	spark2	LOAD	22.717	4.265
2026-09-28T13:17:55.781Z	spark1	LOAD	20.900	7.678
2026-09-28T13:17:55.887Z	spark2	LOAD	22.717	4.265
2026-09-28T13:17:56.031Z	spark1	LOAD	20.867	7.678
2026-09-28T13:17:56.139Z	spark2	LOAD	22.717	4.265
2026-09-28T13:17:56.292Z	spark1	LOAD	20.854	7.678
2026-09-28T13:17:56.388Z	spark2	LOAD	22.717	4.265
2026-09-28T13:17:56.542Z	spark1	LOAD	20.812	7.678
2026-09-28T13:17:56.653Z	spark2	LOAD	22.716	4.265
2026-09-28T13:17:56.793Z	spark1	LOAD	20.761	7.679
2026-09-28T13:17:56.903Z	spark2	LOAD	22.716	4.265
2026-09-28T13:17:57.043Z	spark1	LOAD	20.728	7.681
2026-09-28T13:17:57.154Z	spark2	LOAD	22.716	4.265
2026-09-28T13:17:57.311Z	spark1	LOAD	20.701	7.681
2026-09-28T13:17:57.404Z	spark2	LOAD	22.716	4.265
2026-09-28T13:17:57.561Z	spark1	LOAD	20.661	7.682
2026-09-28T13:17:57.666Z	spark2	LOAD	22.707	4.265
2026-09-28T13:17:57.811Z	spark1	LOAD	20.626	7.682
2026-09-28T13:17:57.916Z	spark2	LOAD	22.692	4.265
2026-09-28T13:17:58.062Z	spark1	LOAD	20.592	7.683
2026-09-28T13:17:58.167Z	spark2	LOAD	22.684	4.265
2026-09-28T13:17:58.329Z	spark1	LOAD	20.550	7.683
2026-09-28T13:17:58.418Z	spark2	LOAD	22.663	4.265
2026-09-28T13:17:58.579Z	spark1	LOAD	20.515	7.685
2026-09-28T13:17:58.678Z	spark2	LOAD	22.655	4.265
2026-09-28T13:17:58.829Z	spark1	LOAD	20.496	7.685
2026-09-28T13:17:58.928Z	spark2	LOAD	22.640	4.265
2026-09-28T13:17:59.080Z	spark1	LOAD	20.443	7.685
2026-09-28T13:17:59.179Z	spark2	LOAD	22.632	4.265
2026-09-28T13:17:59.349Z	spark1	LOAD	20.405	7.685
2026-09-28T13:17:59.429Z	spark2	LOAD	22.625	4.265
2026-09-28T13:17:59.599Z	spark1	LOAD	20.345	7.685
2026-09-28T13:17:59.696Z	spark2	LOAD	22.608	4.265
2026-09-28T13:17:59.849Z	spark1	LOAD	20.325	7.686
2026-09-28T13:17:59.945Z	spark2	LOAD	22.593	4.265
2026-09-28T13:18:00.100Z	spark1	LOAD	20.303	7.687
2026-09-28T13:18:00.196Z	spark2	LOAD	22.577	4.265
2026-09-28T13:18:00.367Z	spark1	LOAD	20.267	7.687
2026-09-28T13:18:00.448Z	spark2	LOAD	22.570	4.265
2026-09-28T13:18:00.617Z	spark1	LOAD	20.167	7.687
2026-09-28T13:18:00.708Z	spark2	LOAD	22.562	4.265
2026-09-28T13:18:00.867Z	spark1	LOAD	20.193	7.686
2026-09-28T13:18:00.958Z	spark2	LOAD	22.554	4.265
2026-09-28T13:18:01.118Z	spark1	LOAD	20.162	7.686
2026-09-28T13:18:01.209Z	spark2	LOAD	22.546	4.265
2026-09-28T13:18:01.380Z	spark1	LOAD	20.124	7.686
2026-09-28T13:18:01.459Z	spark2	LOAD	22.543	4.265
2026-09-28T13:18:01.631Z	spark1	LOAD	20.046	7.686
2026-09-28T13:18:01.725Z	spark2	LOAD	22.531	4.265
2026-09-28T13:18:01.881Z	spark1	LOAD	20.009	7.686
2026-09-28T13:18:01.974Z	spark2	LOAD	22.531	4.265
2026-09-28T13:18:02.131Z	spark1	LOAD	20.006	7.687
2026-09-28T13:18:02.225Z	spark2	LOAD	22.523	4.265
2026-09-28T13:18:02.394Z	spark1	LOAD	19.966	7.687
2026-09-28T13:18:02.476Z	spark2	LOAD	22.515	4.265
2026-09-28T13:18:02.644Z	spark1	LOAD	19.926	7.687
2026-09-28T13:18:02.737Z	spark2	LOAD	22.500	4.265
2026-09-28T13:18:02.895Z	spark1	LOAD	19.900	7.687
2026-09-28T13:18:02.988Z	spark2	LOAD	22.493	4.265
2026-09-28T13:18:03.145Z	spark1	LOAD	19.811	7.688
2026-09-28T13:18:03.238Z	spark2	LOAD	22.478	4.265
2026-09-28T13:18:03.407Z	spark1	LOAD	19.767	7.687
2026-09-28T13:18:03.489Z	spark2	LOAD	22.471	4.265
2026-09-28T13:18:03.658Z	spark1	LOAD	19.712	7.687
2026-09-28T13:18:03.753Z	spark2	LOAD	22.433	4.261
2026-09-28T13:18:03.908Z	spark1	LOAD	19.685	7.688
2026-09-28T13:18:04.004Z	spark2	LOAD	22.417	4.257
2026-09-28T13:18:04.159Z	spark1	LOAD	19.627	7.688
2026-09-28T13:18:04.254Z	spark2	LOAD	22.416	4.254
2026-09-28T13:18:04.425Z	spark1	LOAD	19.642	7.688
2026-09-28T13:18:04.506Z	spark2	LOAD	22.404	4.253
2026-09-28T13:18:04.676Z	spark1	LOAD	19.607	7.688
2026-09-28T13:18:04.770Z	spark2	LOAD	23.492	4.253
2026-09-28T13:18:04.926Z	spark1	LOAD	21.719	7.688
2026-09-28T13:18:05.021Z	spark2	LOAD	23.571	4.253
2026-09-28T13:18:05.176Z	spark1	LOAD	22.770	7.688
2026-09-28T13:18:05.271Z	spark2	LOAD	23.569	4.253
2026-09-28T13:18:05.444Z	spark1	LOAD	22.770	7.688
2026-09-28T13:18:05.522Z	spark2	LOAD	23.569	4.253
2026-09-28T13:18:05.694Z	spark1	LOAD	22.724	7.688
2026-09-28T13:18:05.784Z	spark2	LOAD	23.569	4.253
2026-09-28T13:18:05.945Z	spark1	LOAD	22.683	7.688
2026-09-28T13:18:06.035Z	spark2	LOAD	23.569	4.253
2026-09-28T13:18:06.195Z	spark1	LOAD	22.645	7.688
2026-09-28T13:18:06.287Z	spark2	LOAD	23.569	4.253
2026-09-28T13:18:06.456Z	spark1	LOAD	22.609	7.688
2026-09-28T13:18:06.537Z	spark2	LOAD	23.569	4.253
2026-09-28T13:18:06.706Z	spark1	LOAD	22.575	7.688
2026-09-28T13:18:06.802Z	spark2	LOAD	23.569	4.253
2026-09-28T13:18:06.957Z	spark1	LOAD	22.524	7.687
2026-09-28T13:18:07.053Z	spark2	LOAD	23.569	4.253
2026-09-28T13:18:07.207Z	spark1	LOAD	22.487	7.687
2026-09-28T13:18:07.303Z	spark2	LOAD	23.569	4.253
2026-09-28T13:18:07.473Z	spark1	LOAD	22.443	7.687
2026-09-28T13:18:07.554Z	spark2	LOAD	23.569	4.253
2026-09-28T13:18:07.723Z	spark1	LOAD	22.379	7.687
2026-09-28T13:18:07.818Z	spark2	LOAD	23.569	4.253
2026-09-28T13:18:07.974Z	spark1	LOAD	22.341	7.687
2026-09-28T13:18:08.068Z	spark2	LOAD	23.569	4.253
2026-09-28T13:18:08.224Z	spark1	LOAD	22.308	7.687
2026-09-28T13:18:08.319Z	spark2	LOAD	23.569	4.253
2026-09-28T13:18:08.486Z	spark1	LOAD	22.266	7.687
2026-09-28T13:18:08.569Z	spark2	LOAD	23.569	4.253
2026-09-28T13:18:08.737Z	spark1	LOAD	22.234	7.687
2026-09-28T13:18:08.835Z	spark2	LOAD	23.569	4.253
2026-09-28T13:18:08.987Z	spark1	LOAD	22.205	7.687
2026-09-28T13:18:09.085Z	spark2	LOAD	23.571	4.253
2026-09-28T13:18:09.237Z	spark1	LOAD	22.169	7.687
2026-09-28T13:18:09.336Z	spark2	LOAD	23.571	4.253
2026-09-28T13:18:09.503Z	spark1	LOAD	22.127	7.687
2026-09-28T13:18:09.586Z	spark2	LOAD	23.571	4.253
2026-09-28T13:18:09.753Z	spark1	LOAD	22.059	7.687
2026-09-28T13:18:09.852Z	spark2	LOAD	23.571	4.253
2026-09-28T13:18:10.003Z	spark1	LOAD	22.019	7.687
2026-09-28T13:18:10.102Z	spark2	LOAD	23.572	4.253
2026-09-28T13:18:10.254Z	spark1	LOAD	21.980	7.687
2026-09-28T13:18:10.353Z	spark2	LOAD	23.572	4.253
2026-09-28T13:18:10.521Z	spark1	LOAD	21.937	7.687
2026-09-28T13:18:10.604Z	spark2	LOAD	23.572	4.253
2026-09-28T13:18:10.771Z	spark1	LOAD	21.902	7.687
2026-09-28T13:18:10.869Z	spark2	LOAD	23.572	4.253
2026-09-28T13:18:11.021Z	spark1	LOAD	21.862	7.687
2026-09-28T13:18:11.120Z	spark2	LOAD	23.572	4.253
2026-09-28T13:18:11.272Z	spark1	LOAD	21.830	7.687
2026-09-28T13:18:11.370Z	spark2	LOAD	23.572	4.253
2026-09-28T13:18:11.539Z	spark1	LOAD	21.782	7.687
2026-09-28T13:18:11.621Z	spark2	LOAD	23.572	4.253
2026-09-28T13:18:11.789Z	spark1	LOAD	21.715	7.687
2026-09-28T13:18:11.886Z	spark2	LOAD	23.572	4.253
2026-09-28T13:18:12.039Z	spark1	LOAD	21.662	7.687
2026-09-28T13:18:12.136Z	spark2	LOAD	23.572	4.253
2026-09-28T13:18:12.290Z	spark1	LOAD	21.620	7.687
2026-09-28T13:18:12.387Z	spark2	LOAD	23.572	4.253
2026-09-28T13:18:12.551Z	spark1	LOAD	21.585	7.687
2026-09-28T13:18:12.638Z	spark2	LOAD	23.572	4.253
2026-09-28T13:18:12.802Z	spark1	LOAD	21.550	7.687
2026-09-28T13:18:12.903Z	spark2	LOAD	23.572	4.253
2026-09-28T13:18:13.052Z	spark1	LOAD	21.514	7.687
2026-09-28T13:18:13.154Z	spark2	LOAD	23.572	4.253
2026-09-28T13:18:13.303Z	spark1	LOAD	21.476	7.687
2026-09-28T13:18:13.404Z	spark2	LOAD	23.572	4.253
2026-09-28T13:18:13.565Z	spark1	LOAD	21.474	7.687
2026-09-28T13:18:13.655Z	spark2	LOAD	23.572	4.253
2026-09-28T13:18:13.814Z	spark1	LOAD	21.449	7.687
2026-09-28T13:18:13.920Z	spark2	LOAD	23.572	4.253
2026-09-28T13:18:14.065Z	spark1	LOAD	21.343	7.687
2026-09-28T13:18:14.171Z	spark2	LOAD	23.572	4.253
2026-09-28T13:18:14.315Z	spark1	LOAD	21.311	7.687
2026-09-28T13:18:14.422Z	spark2	LOAD	23.566	4.253
2026-09-28T13:18:14.577Z	spark1	LOAD	21.272	7.688
2026-09-28T13:18:14.671Z	spark2	LOAD	23.533	4.250
2026-09-28T13:18:14.827Z	spark1	LOAD	21.239	7.688
2026-09-28T13:18:14.932Z	spark2	LOAD	23.543	4.246
2026-09-28T13:18:15.078Z	spark1	LOAD	21.177	7.688
2026-09-28T13:18:15.183Z	spark2	LOAD	23.535	4.242
2026-09-28T13:18:15.327Z	spark1	LOAD	21.131	7.688
2026-09-28T13:18:15.434Z	spark2	LOAD	23.535	4.242
2026-09-28T13:18:15.590Z	spark1	LOAD	21.084	7.688
2026-09-28T13:18:15.684Z	spark2	LOAD	23.535	4.242
2026-09-28T13:18:15.840Z	spark1	LOAD	21.015	7.688
2026-09-28T13:18:15.945Z	spark2	LOAD	23.535	4.242
2026-09-28T13:18:16.090Z	spark1	LOAD	20.976	7.686
2026-09-28T13:18:16.196Z	spark2	LOAD	23.535	4.242
2026-09-28T13:18:16.341Z	spark1	LOAD	20.937	7.686
2026-09-28T13:18:16.446Z	spark2	LOAD	23.535	4.242
2026-09-28T13:18:16.608Z	spark1	LOAD	20.892	7.686
2026-09-28T13:18:16.697Z	spark2	LOAD	23.535	4.242
2026-09-28T13:18:16.858Z	spark1	LOAD	20.839	7.686
2026-09-28T13:18:16.958Z	spark2	LOAD	23.535	4.242
2026-09-28T13:18:17.108Z	spark1	LOAD	20.811	7.686
2026-09-28T13:18:17.209Z	spark2	LOAD	23.535	4.242
2026-09-28T13:18:17.359Z	spark1	LOAD	20.767	7.687
2026-09-28T13:18:17.459Z	spark2	LOAD	23.536	4.242
2026-09-28T13:18:17.627Z	spark1	LOAD	20.741	7.687
2026-09-28T13:18:17.710Z	spark2	LOAD	23.536	4.242
2026-09-28T13:18:17.877Z	spark1	LOAD	20.703	7.687
2026-09-28T13:18:17.975Z	spark2	LOAD	23.536	4.242
2026-09-28T13:18:18.128Z	spark1	LOAD	20.651	7.687
2026-09-28T13:18:18.226Z	spark2	LOAD	23.536	4.242
2026-09-28T13:18:18.378Z	spark1	LOAD	20.615	7.687
2026-09-28T13:18:18.477Z	spark2	LOAD	23.536	4.242
2026-09-28T13:18:18.641Z	spark1	LOAD	20.579	7.687
2026-09-28T13:18:18.727Z	spark2	LOAD	23.536	4.242
2026-09-28T13:18:18.891Z	spark1	LOAD	20.546	7.687
2026-09-28T13:18:18.992Z	spark2	LOAD	23.538	4.242
2026-09-28T13:18:19.141Z	spark1	LOAD	20.507	7.687
2026-09-28T13:18:19.242Z	spark2	LOAD	23.538	4.242
2026-09-28T13:18:19.392Z	spark1	LOAD	20.498	7.687
2026-09-28T13:18:19.493Z	spark2	LOAD	23.538	4.242
2026-09-28T13:18:19.659Z	spark1	LOAD	20.450	7.687
2026-09-28T13:18:19.745Z	spark2	LOAD	23.538	4.242
2026-09-28T13:18:19.909Z	spark1	LOAD	20.406	7.687
2026-09-28T13:18:20.009Z	spark2	LOAD	23.539	4.242
2026-09-28T13:18:20.159Z	spark1	LOAD	20.357	7.688
2026-09-28T13:18:20.260Z	spark2	LOAD	23.539	4.242
2026-09-28T13:18:20.409Z	spark1	LOAD	20.314	7.688
2026-09-28T13:18:20.510Z	spark2	LOAD	23.539	4.242
2026-09-28T13:18:20.678Z	spark1	LOAD	20.273	7.688
2026-09-28T13:18:20.761Z	spark2	LOAD	23.539	4.242
2026-09-28T13:18:20.928Z	spark1	LOAD	20.236	7.688
2026-09-28T13:18:21.026Z	spark2	LOAD	23.539	4.242
2026-09-28T13:18:21.179Z	spark1	LOAD	20.206	7.689
2026-09-28T13:18:21.277Z	spark2	LOAD	23.539	4.242
2026-09-28T13:18:21.429Z	spark1	LOAD	20.169	7.689
2026-09-28T13:18:21.528Z	spark2	LOAD	23.539	4.242
2026-09-28T13:18:21.691Z	spark1	LOAD	20.128	7.689
2026-09-28T13:18:21.778Z	spark2	LOAD	23.539	4.242
2026-09-28T13:18:21.941Z	spark1	LOAD	20.084	7.689
2026-09-28T13:18:22.043Z	spark2	LOAD	23.540	4.242
2026-09-28T13:18:22.192Z	spark1	LOAD	20.008	7.689
2026-09-28T13:18:22.293Z	spark2	LOAD	23.540	4.242
2026-09-28T13:18:22.442Z	spark1	LOAD	19.974	7.689
2026-09-28T13:18:22.544Z	spark2	LOAD	23.540	4.242
2026-09-28T13:18:22.705Z	spark1	LOAD	19.945	7.689
2026-09-28T13:18:22.795Z	spark2	LOAD	23.540	4.242
2026-09-28T13:18:22.955Z	spark1	LOAD	19.906	7.689
2026-09-28T13:18:23.059Z	spark2	LOAD	23.541	4.242
2026-09-28T13:18:23.206Z	spark1	LOAD	19.871	7.690
2026-09-28T13:18:23.310Z	spark2	LOAD	23.541	4.242
2026-09-28T13:18:23.457Z	spark1	LOAD	19.838	7.690
2026-09-28T13:18:23.561Z	spark2	LOAD	23.541	4.242
2026-09-28T13:18:23.723Z	spark1	LOAD	19.798	7.690
2026-09-28T13:18:23.811Z	spark2	LOAD	23.541	4.242
2026-09-28T13:18:23.974Z	spark1	LOAD	19.783	7.690
2026-09-28T13:18:24.075Z	spark2	LOAD	23.543	4.242
2026-09-28T13:18:24.225Z	spark1	LOAD	19.727	7.690
2026-09-28T13:18:24.326Z	spark2	LOAD	23.545	4.242
2026-09-28T13:18:24.475Z	spark1	LOAD	19.687	7.690
2026-09-28T13:18:24.577Z	spark2	LOAD	23.545	4.242
2026-09-28T13:18:24.737Z	spark1	LOAD	19.651	7.691
2026-09-28T13:18:24.827Z	spark2	LOAD	23.545	4.242
2026-09-28T13:18:24.988Z	spark1	LOAD	19.614	7.691
2026-09-28T13:18:25.092Z	spark2	LOAD	23.545	4.242
2026-09-28T13:18:25.238Z	spark1	LOAD	19.515	7.690
2026-09-28T13:18:25.342Z	spark2	LOAD	23.545	4.242
2026-09-28T13:18:25.488Z	spark1	LOAD	19.538	7.690
2026-09-28T13:18:25.592Z	spark2	LOAD	23.516	4.241
2026-09-28T13:18:25.755Z	spark1	LOAD	19.508	7.691
2026-09-28T13:18:25.843Z	spark2	LOAD	23.517	4.237
2026-09-28T13:18:26.005Z	spark1	LOAD	20.241	7.690
2026-09-28T13:18:26.103Z	spark2	LOAD	23.520	4.236
2026-09-28T13:18:26.256Z	spark1	LOAD	21.925	7.690
2026-09-28T13:18:26.354Z	spark2	LOAD	23.519	4.232
2026-09-28T13:18:26.506Z	spark1	LOAD	22.758	7.690
2026-09-28T13:18:26.604Z	spark2	LOAD	23.519	4.232
2026-09-28T13:18:26.775Z	spark1	LOAD	22.707	7.690
2026-09-28T13:18:26.855Z	spark2	LOAD	23.519	4.232
2026-09-28T13:18:27.025Z	spark1	LOAD	22.667	7.690
2026-09-28T13:18:27.120Z	spark2	LOAD	23.521	4.232
2026-09-28T13:18:27.276Z	spark1	LOAD	22.643	7.690
2026-09-28T13:18:27.371Z	spark2	LOAD	23.521	4.232
2026-09-28T13:18:27.526Z	spark1	LOAD	22.606	7.690
2026-09-28T13:18:27.622Z	spark2	LOAD	23.521	4.232
2026-09-28T13:18:27.788Z	spark1	LOAD	22.569	7.690
2026-09-28T13:18:27.872Z	spark2	LOAD	23.521	4.232
2026-09-28T13:18:28.039Z	spark1	LOAD	22.531	7.690
2026-09-28T13:18:28.132Z	spark2	LOAD	23.520	4.232
2026-09-28T13:18:28.289Z	spark1	LOAD	22.477	7.690
2026-09-28T13:18:28.382Z	spark2	LOAD	23.520	4.232
2026-09-28T13:18:28.540Z	spark1	LOAD	22.438	7.690
2026-09-28T13:18:28.634Z	spark2	LOAD	23.520	4.232
2026-09-28T13:18:28.801Z	spark1	LOAD	22.430	7.690
2026-09-28T13:18:28.885Z	spark2	LOAD	23.520	4.232
2026-09-28T13:18:29.051Z	spark1	LOAD	22.373	7.690
2026-09-28T13:18:29.150Z	spark2	LOAD	23.519	4.232
2026-09-28T13:18:29.302Z	spark1	LOAD	22.339	7.690
2026-09-28T13:18:29.400Z	spark2	LOAD	23.519	4.232
2026-09-28T13:18:29.552Z	spark1	LOAD	22.302	7.690
2026-09-28T13:18:29.652Z	spark2	LOAD	23.519	4.232
2026-09-28T13:18:29.819Z	spark1	LOAD	22.258	7.690
2026-09-28T13:18:29.902Z	spark2	LOAD	23.520	4.232
2026-09-28T13:18:30.069Z	spark1	LOAD	22.223	7.690
2026-09-28T13:18:30.167Z	spark2	LOAD	23.520	4.232
2026-09-28T13:18:30.319Z	spark1	LOAD	22.168	7.690
2026-09-28T13:18:30.418Z	spark2	LOAD	23.520	4.232
2026-09-28T13:18:30.570Z	spark1	LOAD	22.126	7.690
2026-09-28T13:18:30.669Z	spark2	LOAD	23.520	4.232
2026-09-28T13:18:30.833Z	spark1	LOAD	22.089	7.690
2026-09-28T13:18:30.919Z	spark2	LOAD	23.520	4.232
2026-09-28T13:18:31.083Z	spark1	LOAD	22.050	7.690
2026-09-28T13:18:31.184Z	spark2	LOAD	23.520	4.232
2026-09-28T13:18:31.333Z	spark1	LOAD	22.009	7.690
2026-09-28T13:18:31.435Z	spark2	LOAD	23.520	4.232
2026-09-28T13:18:31.583Z	spark1	LOAD	21.966	7.690
2026-09-28T13:18:31.685Z	spark2	LOAD	23.520	4.232
2026-09-28T13:18:31.851Z	spark1	LOAD	21.919	7.690
2026-09-28T13:18:31.936Z	spark2	LOAD	23.521	4.232
2026-09-28T13:18:32.101Z	spark1	LOAD	21.868	7.690
2026-09-28T13:18:32.197Z	spark2	LOAD	23.521	4.232
2026-09-28T13:18:32.351Z	spark1	LOAD	21.793	7.690
2026-09-28T13:18:32.449Z	spark2	LOAD	23.521	4.232
2026-09-28T13:18:32.602Z	spark1	LOAD	21.767	7.690
2026-09-28T13:18:32.700Z	spark2	LOAD	23.521	4.232
2026-09-28T13:18:32.868Z	spark1	LOAD	21.734	7.690
2026-09-28T13:18:32.951Z	spark2	LOAD	23.521	4.232
2026-09-28T13:18:33.118Z	spark1	LOAD	21.704	7.690
2026-09-28T13:18:33.212Z	spark2	LOAD	23.521	4.232
2026-09-28T13:18:33.369Z	spark1	LOAD	21.676	7.690
2026-09-28T13:18:33.464Z	spark2	LOAD	23.521	4.232
2026-09-28T13:18:33.619Z	spark1	LOAD	21.645	7.690
2026-09-28T13:18:33.715Z	spark2	LOAD	23.521	4.232
2026-09-28T13:18:33.880Z	spark1	LOAD	21.613	7.690
2026-09-28T13:18:33.965Z	spark2	LOAD	23.521	4.232
2026-09-28T13:18:34.131Z	spark1	LOAD	21.585	7.690
2026-09-28T13:18:34.227Z	spark2	LOAD	23.524	4.232
2026-09-28T13:18:34.381Z	spark1	LOAD	21.527	7.690
2026-09-28T13:18:34.477Z	spark2	LOAD	23.525	4.232
2026-09-28T13:18:34.631Z	spark1	LOAD	21.493	7.690
2026-09-28T13:18:34.729Z	spark2	LOAD	23.525	4.232
2026-09-28T13:18:34.893Z	spark1	LOAD	21.455	7.690
2026-09-28T13:18:34.980Z	spark2	LOAD	23.527	4.232
2026-09-28T13:18:35.143Z	spark1	LOAD	21.417	7.690
2026-09-28T13:18:35.241Z	spark2	LOAD	23.527	4.232
2026-09-28T13:18:35.394Z	spark1	LOAD	21.378	7.690
2026-09-28T13:18:35.492Z	spark2	LOAD	23.527	4.232
2026-09-28T13:18:35.644Z	spark1	LOAD	21.343	7.690
2026-09-28T13:18:35.743Z	spark2	LOAD	23.527	4.232
2026-09-28T13:18:35.911Z	spark1	LOAD	21.312	7.690
2026-09-28T13:18:35.994Z	spark2	LOAD	23.529	4.232
2026-09-28T13:18:36.161Z	spark1	LOAD	21.235	7.690
2026-09-28T13:18:36.255Z	spark2	LOAD	23.529	4.232
2026-09-28T13:18:36.411Z	spark1	LOAD	21.189	7.690
2026-09-28T13:18:36.505Z	spark2	LOAD	23.529	4.232
2026-09-28T13:18:36.662Z	spark1	LOAD	21.155	7.690
2026-09-28T13:18:36.756Z	spark2	LOAD	23.500	4.229
2026-09-28T13:18:36.928Z	spark1	LOAD	21.104	7.690
2026-09-28T13:18:37.006Z	spark2	LOAD	23.508	4.226
2026-09-28T13:18:37.179Z	spark1	LOAD	21.060	7.690
2026-09-28T13:18:37.268Z	spark2	LOAD	23.508	4.223
2026-09-28T13:18:37.429Z	spark1	LOAD	21.074	7.690
2026-09-28T13:18:37.518Z	spark2	LOAD	23.508	4.223
2026-09-28T13:18:37.679Z	spark1	LOAD	21.038	7.690
2026-09-28T13:18:37.768Z	spark2	LOAD	23.508	4.223
2026-09-28T13:18:37.941Z	spark1	LOAD	20.993	7.690
2026-09-28T13:18:38.019Z	spark2	LOAD	23.509	4.223
2026-09-28T13:18:38.191Z	spark1	LOAD	20.949	7.690
2026-09-28T13:18:38.284Z	spark2	LOAD	23.509	4.223
2026-09-28T13:18:38.442Z	spark1	LOAD	20.907	7.690
2026-09-28T13:18:38.534Z	spark2	LOAD	23.509	4.223
2026-09-28T13:18:38.692Z	spark1	LOAD	20.872	7.690
2026-09-28T13:18:38.785Z	spark2	LOAD	23.509	4.223
2026-09-28T13:18:38.953Z	spark1	LOAD	20.828	7.690
2026-09-28T13:18:39.035Z	spark2	LOAD	23.509	4.223
2026-09-28T13:18:39.203Z	spark1	LOAD	20.794	7.690
2026-09-28T13:18:39.300Z	spark2	LOAD	23.510	4.223
2026-09-28T13:18:39.454Z	spark1	LOAD	20.487	7.690
2026-09-28T13:18:39.550Z	spark2	LOAD	23.510	4.223
2026-09-28T13:18:39.704Z	spark1	LOAD	20.707	7.691
2026-09-28T13:18:39.801Z	spark2	LOAD	23.510	4.223
2026-09-28T13:18:39.967Z	spark1	LOAD	20.662	7.691
2026-09-28T13:18:40.052Z	spark2	LOAD	23.511	4.223
2026-09-28T13:18:40.217Z	spark1	LOAD	20.626	7.690
2026-09-28T13:18:40.317Z	spark2	LOAD	23.511	4.223
2026-09-28T13:18:40.467Z	spark1	LOAD	20.596	7.690
2026-09-28T13:18:40.566Z	spark2	LOAD	23.511	4.223
2026-09-28T13:18:40.718Z	spark1	LOAD	20.527	7.690
2026-09-28T13:18:40.818Z	spark2	LOAD	23.511	4.223
2026-09-28T13:18:40.979Z	spark1	LOAD	20.489	7.690
2026-09-28T13:18:41.068Z	spark2	LOAD	23.512	4.223
2026-09-28T13:18:41.230Z	spark1	LOAD	20.453	7.691
2026-09-28T13:18:41.333Z	spark2	LOAD	23.512	4.223
2026-09-28T13:18:41.480Z	spark1	LOAD	20.471	7.691
2026-09-28T13:18:41.584Z	spark2	LOAD	23.512	4.223
2026-09-28T13:18:41.730Z	spark1	LOAD	20.427	7.691
2026-09-28T13:18:41.834Z	spark2	LOAD	23.512	4.223
2026-09-28T13:18:41.997Z	spark1	LOAD	20.366	7.691
2026-09-28T13:18:42.085Z	spark2	LOAD	23.513	4.223
2026-09-28T13:18:42.247Z	spark1	LOAD	20.334	7.691
2026-09-28T13:18:42.351Z	spark2	LOAD	23.513	4.223
2026-09-28T13:18:42.498Z	spark1	LOAD	20.299	7.691
2026-09-28T13:18:42.602Z	spark2	LOAD	23.513	4.223
2026-09-28T13:18:42.748Z	spark1	LOAD	20.233	7.691
2026-09-28T13:18:42.853Z	spark2	LOAD	23.515	4.223
2026-09-28T13:18:43.014Z	spark1	LOAD	20.190	7.691
2026-09-28T13:18:43.103Z	spark2	LOAD	23.515	4.223
2026-09-28T13:18:43.265Z	spark1	LOAD	20.147	7.691
2026-09-28T13:18:43.369Z	spark2	LOAD	23.515	4.223
2026-09-28T13:18:43.515Z	spark1	LOAD	20.112	7.691
2026-09-28T13:18:43.619Z	spark2	LOAD	23.515	4.223
2026-09-28T13:18:43.766Z	spark1	LOAD	20.082	7.691
2026-09-28T13:18:43.870Z	spark2	LOAD	23.515	4.223
2026-09-28T13:18:44.032Z	spark1	LOAD	20.072	7.691
2026-09-28T13:18:44.121Z	spark2	LOAD	23.515	4.223
2026-09-28T13:18:44.283Z	spark1	LOAD	20.037	7.691
2026-09-28T13:18:44.385Z	spark2	LOAD	23.515	4.223
2026-09-28T13:18:44.533Z	spark1	LOAD	19.998	7.691
2026-09-28T13:18:44.636Z	spark2	LOAD	23.525	4.223
2026-09-28T13:18:44.784Z	spark1	LOAD	19.923	7.691
2026-09-28T13:18:44.886Z	spark2	LOAD	23.525	4.223
2026-09-28T13:18:45.050Z	spark1	LOAD	19.883	7.691
2026-09-28T13:18:45.138Z	spark2	LOAD	23.525	4.223
2026-09-28T13:18:45.300Z	spark1	LOAD	19.844	7.691
2026-09-28T13:18:45.402Z	spark2	LOAD	23.525	4.223
2026-09-28T13:18:45.551Z	spark1	LOAD	19.781	7.691
2026-09-28T13:18:45.653Z	spark2	LOAD	23.525	4.223
2026-09-28T13:18:45.802Z	spark1	LOAD	20.667	7.691
2026-09-28T13:18:45.903Z	spark2	LOAD	23.525	4.223
2026-09-28T13:18:46.064Z	spark1	LOAD	22.797	7.691
2026-09-28T13:18:46.154Z	spark2	LOAD	23.525	4.223
2026-09-28T13:18:46.314Z	spark1	LOAD	22.783	7.691
2026-09-28T13:18:46.419Z	spark2	LOAD	23.525	4.223
2026-09-28T13:18:46.565Z	spark1	LOAD	22.751	7.691
2026-09-28T13:18:46.670Z	spark2	LOAD	23.525	4.223
2026-09-28T13:18:46.815Z	spark1	LOAD	22.693	7.691
2026-09-28T13:18:46.920Z	spark2	LOAD	23.525	4.223
2026-09-28T13:18:47.081Z	spark1	LOAD	22.597	7.690
2026-09-28T13:18:47.171Z	spark2	LOAD	23.525	4.223
2026-09-28T13:18:47.332Z	spark1	LOAD	22.557	7.690
2026-09-28T13:18:47.435Z	spark2	LOAD	23.525	4.223
2026-09-28T13:18:47.582Z	spark1	LOAD	22.525	7.690
2026-09-28T13:18:47.685Z	spark2	LOAD	23.510	4.219
2026-09-28T13:18:47.832Z	spark1	LOAD	22.493	7.690
2026-09-28T13:18:47.936Z	spark2	LOAD	23.523	4.217
2026-09-28T13:18:48.095Z	spark1	LOAD	22.441	7.690
2026-09-28T13:18:48.186Z	spark2	LOAD	23.522	4.215
2026-09-28T13:18:48.345Z	spark1	LOAD	22.415	7.690
2026-09-28T13:18:48.451Z	spark2	LOAD	23.521	4.214
2026-09-28T13:18:48.595Z	spark1	LOAD	22.387	7.690
2026-09-28T13:18:48.702Z	spark2	LOAD	23.521	4.214
2026-09-28T13:18:48.845Z	spark1	LOAD	22.329	7.690
2026-09-28T13:18:48.952Z	spark2	LOAD	23.521	4.214
2026-09-28T13:18:49.111Z	spark1	LOAD	22.294	7.690
2026-09-28T13:18:49.203Z	spark2	LOAD	23.521	4.214
2026-09-28T13:18:49.362Z	spark1	LOAD	22.262	7.690
2026-09-28T13:18:49.469Z	spark2	LOAD	23.521	4.214
2026-09-28T13:18:49.613Z	spark1	LOAD	22.227	7.690
2026-09-28T13:18:49.719Z	spark2	LOAD	23.521	4.214
2026-09-28T13:18:49.863Z	spark1	LOAD	22.191	7.690
2026-09-28T13:18:49.970Z	spark2	LOAD	23.521	4.214
2026-09-28T13:18:50.130Z	spark1	LOAD	22.163	7.690
2026-09-28T13:18:50.221Z	spark2	LOAD	23.521	4.214
2026-09-28T13:18:50.380Z	spark1	LOAD	22.129	7.690
2026-09-28T13:18:50.486Z	spark2	LOAD	23.521	4.214
2026-09-28T13:18:50.630Z	spark1	LOAD	22.101	7.690
2026-09-28T13:18:50.737Z	spark2	LOAD	23.521	4.214
2026-09-28T13:18:50.880Z	spark1	LOAD	22.037	7.690
2026-09-28T13:18:50.987Z	spark2	LOAD	23.521	4.214
2026-09-28T13:18:51.142Z	spark1	LOAD	22.014	7.690
2026-09-28T13:18:51.238Z	spark2	LOAD	23.521	4.214
2026-09-28T13:18:51.392Z	spark1	LOAD	21.978	7.690
2026-09-28T13:18:51.503Z	spark2	LOAD	23.521	4.214
2026-09-28T13:18:51.643Z	spark1	LOAD	21.948	7.690
2026-09-28T13:18:51.753Z	spark2	LOAD	23.521	4.214
2026-09-28T13:18:51.893Z	spark1	LOAD	21.914	7.690
2026-09-28T13:18:52.004Z	spark2	LOAD	23.521	4.214
2026-09-28T13:18:52.154Z	spark1	LOAD	21.863	7.690
2026-09-28T13:18:52.255Z	spark2	LOAD	23.521	4.214
2026-09-28T13:18:52.404Z	spark1	LOAD	21.830	7.690
2026-09-28T13:18:52.520Z	spark2	LOAD	23.521	4.214
2026-09-28T13:18:52.655Z	spark1	LOAD	21.797	7.690
2026-09-28T13:18:52.771Z	spark2	LOAD	23.521	4.214
2026-09-28T13:18:52.905Z	spark1	LOAD	21.733	7.690
2026-09-28T13:18:53.021Z	spark2	LOAD	23.521	4.214
2026-09-28T13:18:53.172Z	spark1	LOAD	21.685	7.690
2026-09-28T13:18:53.271Z	spark2	LOAD	23.521	4.214
2026-09-28T13:18:53.422Z	spark1	LOAD	21.710	7.690
2026-09-28T13:18:53.537Z	spark2	LOAD	23.521	4.214
2026-09-28T13:18:53.673Z	spark1	LOAD	21.671	7.690
2026-09-28T13:18:53.787Z	spark2	LOAD	23.521	4.214
2026-09-28T13:18:53.923Z	spark1	LOAD	21.625	7.690
2026-09-28T13:18:54.037Z	spark2	LOAD	23.521	4.214
2026-09-28T13:18:54.185Z	spark1	LOAD	21.579	7.690
2026-09-28T13:18:54.288Z	spark2	LOAD	23.521	4.214
2026-09-28T13:18:54.435Z	spark1	LOAD	21.533	7.690
2026-09-28T13:18:54.553Z	spark2	LOAD	23.521	4.214
2026-09-28T13:18:54.685Z	spark1	LOAD	21.498	7.691
2026-09-28T13:18:54.803Z	spark2	LOAD	23.521	4.214
2026-09-28T13:18:54.935Z	spark1	LOAD	21.457	7.691
2026-09-28T13:18:55.054Z	spark2	LOAD	23.521	4.214
2026-09-28T13:18:55.196Z	spark1	LOAD	21.388	7.691
2026-09-28T13:18:55.305Z	spark2	LOAD	23.521	4.214
2026-09-28T13:18:55.447Z	spark1	LOAD	21.360	7.691
2026-09-28T13:18:55.571Z	spark2	LOAD	23.521	4.214
2026-09-28T13:18:55.697Z	spark1	LOAD	21.329	7.691
2026-09-28T13:18:55.821Z	spark2	LOAD	23.521	4.214
2026-09-28T13:18:55.948Z	spark1	LOAD	21.295	7.691
2026-09-28T13:18:56.071Z	spark2	LOAD	23.521	4.214
2026-09-28T13:18:56.216Z	spark1	LOAD	21.251	7.691
2026-09-28T13:18:56.322Z	spark2	LOAD	23.521	4.214
2026-09-28T13:18:56.466Z	spark1	LOAD	21.219	7.691
2026-09-28T13:18:56.586Z	spark2	LOAD	23.521	4.214
2026-09-28T13:18:56.717Z	spark1	LOAD	21.183	7.691
2026-09-28T13:18:56.837Z	spark2	LOAD	23.521	4.214
2026-09-28T13:18:56.967Z	spark1	LOAD	21.164	7.691
2026-09-28T13:18:57.088Z	spark2	LOAD	23.521	4.214
2026-09-28T13:18:57.233Z	spark1	LOAD	21.087	7.691
2026-09-28T13:18:57.338Z	spark2	LOAD	23.521	4.214
2026-09-28T13:18:57.483Z	spark1	LOAD	21.060	7.691
2026-09-28T13:18:57.603Z	spark2	LOAD	23.521	4.214
2026-09-28T13:18:57.733Z	spark1	LOAD	21.030	7.691
2026-09-28T13:18:57.854Z	spark2	LOAD	23.521	4.214
2026-09-28T13:18:57.983Z	spark1	LOAD	20.942	7.691
2026-09-28T13:18:58.104Z	spark2	LOAD	23.521	4.214
2026-09-28T13:18:58.250Z	spark1	LOAD	20.906	7.690
2026-09-28T13:18:58.354Z	spark2	LOAD	23.520	4.214
2026-09-28T13:18:58.500Z	spark1	LOAD	20.872	7.690
2026-09-28T13:18:58.618Z	spark2	LOAD	23.492	4.211
2026-09-28T13:18:58.751Z	spark1	LOAD	20.840	7.690
2026-09-28T13:18:58.868Z	spark2	LOAD	23.500	4.209
2026-09-28T13:18:59.001Z	spark1	LOAD	20.786	7.690
2026-09-28T13:18:59.119Z	spark2	LOAD	23.500	4.207
2026-09-28T13:18:59.269Z	spark1	LOAD	20.733	7.690
2026-09-28T13:18:59.369Z	spark2	LOAD	23.500	4.207
2026-09-28T13:18:59.520Z	spark1	LOAD	20.703	7.690
2026-09-28T13:18:59.645Z	spark2	LOAD	23.499	4.207
2026-09-28T13:18:59.770Z	spark1	LOAD	20.668	7.690
2026-09-28T13:18:59.896Z	spark2	LOAD	23.499	4.207
2026-09-28T13:19:00.021Z	spark1	LOAD	20.631	7.690
2026-09-28T13:19:00.148Z	spark2	LOAD	23.499	4.207
2026-09-28T13:19:00.286Z	spark1	LOAD	20.596	7.690
2026-09-28T13:19:00.398Z	spark2	LOAD	23.499	4.207
2026-09-28T13:19:00.537Z	spark1	LOAD	20.626	7.690
2026-09-28T13:19:00.660Z	spark2	LOAD	23.498	4.207
2026-09-28T13:19:00.787Z	spark1	LOAD	20.596	7.690
2026-09-28T13:19:00.910Z	spark2	LOAD	23.498	4.207
2026-09-28T13:19:01.038Z	spark1	LOAD	20.566	7.690
2026-09-28T13:19:01.161Z	spark2	LOAD	23.499	4.207
2026-09-28T13:19:01.304Z	spark1	LOAD	20.495	7.690
2026-09-28T13:19:01.412Z	spark2	LOAD	23.499	4.207
2026-09-28T13:19:01.554Z	spark1	LOAD	20.453	7.690
2026-09-28T13:19:01.673Z	spark2	LOAD	23.499	4.207
2026-09-28T13:19:01.805Z	spark1	LOAD	20.411	7.690
2026-09-28T13:19:01.923Z	spark2	LOAD	23.500	4.207
2026-09-28T13:19:02.055Z	spark1	LOAD	20.356	7.690
2026-09-28T13:19:02.174Z	spark2	LOAD	23.500	4.207
2026-09-28T13:19:02.322Z	spark1	LOAD	20.311	7.690
2026-09-28T13:19:02.424Z	spark2	LOAD	23.500	4.207
2026-09-28T13:19:02.572Z	spark1	LOAD	20.272	7.690
2026-09-28T13:19:02.685Z	spark2	LOAD	23.500	4.207
2026-09-28T13:19:02.823Z	spark1	LOAD	20.240	7.690
2026-09-28T13:19:02.936Z	spark2	LOAD	23.500	4.207
2026-09-28T13:19:03.073Z	spark1	LOAD	20.200	7.690
2026-09-28T13:19:03.186Z	spark2	LOAD	23.500	4.207
2026-09-28T13:19:03.335Z	spark1	LOAD	20.122	7.690
2026-09-28T13:19:03.437Z	spark2	LOAD	23.500	4.207
2026-09-28T13:19:03.585Z	spark1	LOAD	20.095	7.690
2026-09-28T13:19:03.701Z	spark2	LOAD	23.500	4.207
2026-09-28T13:19:03.836Z	spark1	LOAD	20.057	7.690
2026-09-28T13:19:03.952Z	spark2	LOAD	23.500	4.207
2026-09-28T13:19:04.086Z	spark1	LOAD	20.025	7.690
2026-09-28T13:19:04.203Z	spark2	LOAD	23.500	4.207
2026-09-28T13:19:04.348Z	spark1	LOAD	19.973	7.681
2026-09-28T13:19:04.453Z	spark2	LOAD	23.500	4.207
2026-09-28T13:19:04.598Z	spark1	LOAD	19.903	7.651
2026-09-28T13:19:04.719Z	spark2	LOAD	23.500	4.207
2026-09-28T13:19:04.849Z	spark1	LOAD	19.850	7.643
2026-09-28T13:19:04.970Z	spark2	LOAD	23.500	4.207
2026-09-28T13:19:05.099Z	spark1	LOAD	19.809	7.629
2026-09-28T13:19:05.220Z	spark2	LOAD	23.500	4.207
2026-09-28T13:19:05.361Z	spark1	LOAD	19.736	7.626
2026-09-28T13:19:05.471Z	spark2	LOAD	23.500	4.207
2026-09-28T13:19:05.611Z	spark1	LOAD	19.736	7.623
2026-09-28T13:19:05.732Z	spark2	LOAD	23.500	4.207
2026-09-28T13:19:05.861Z	spark1	LOAD	19.688	7.622
2026-09-28T13:19:05.983Z	spark2	LOAD	23.500	4.207
2026-09-28T13:19:06.112Z	spark1	LOAD	19.645	7.620
2026-09-28T13:19:06.233Z	spark2	LOAD	23.500	4.207
2026-09-28T13:19:06.380Z	spark1	LOAD	19.602	7.620
2026-09-28T13:19:06.484Z	spark2	LOAD	23.500	4.207
2026-09-28T13:19:06.631Z	spark1	LOAD	19.558	7.620
2026-09-28T13:19:06.745Z	spark2	LOAD	23.500	4.207
2026-09-28T13:19:06.881Z	spark1	LOAD	19.526	7.620
2026-09-28T13:19:06.996Z	spark2	LOAD	23.500	4.207
2026-09-28T13:19:07.132Z	spark1	LOAD	20.345	7.619
2026-09-28T13:19:07.247Z	spark2	LOAD	23.500	4.207
2026-09-28T13:19:07.393Z	spark1	LOAD	22.059	7.619
2026-09-28T13:19:07.498Z	spark2	LOAD	23.500	4.207
2026-09-28T13:19:07.644Z	spark1	LOAD	22.782	7.619
2026-09-28T13:19:07.758Z	spark2	LOAD	23.500	4.207
2026-09-28T13:19:07.894Z	spark1	LOAD	22.750	7.619
2026-09-28T13:19:08.009Z	spark2	LOAD	23.500	4.207
2026-09-28T13:19:08.144Z	spark1	LOAD	22.719	7.619
2026-09-28T13:19:08.260Z	spark2	LOAD	23.502	4.206
2026-09-28T13:19:08.413Z	spark1	LOAD	22.682	7.619
2026-09-28T13:19:08.511Z	spark2	LOAD	23.502	4.206
2026-09-28T13:19:08.664Z	spark1	LOAD	22.647	7.619
2026-09-28T13:19:08.775Z	spark2	LOAD	23.502	4.206
2026-09-28T13:19:08.914Z	spark1	LOAD	22.567	7.619
2026-09-28T13:19:09.025Z	spark2	LOAD	23.501	4.206
2026-09-28T13:19:09.164Z	spark1	LOAD	22.529	7.619
2026-09-28T13:19:09.276Z	spark2	LOAD	23.501	4.206
2026-09-28T13:19:09.430Z	spark1	LOAD	22.469	7.619
2026-09-28T13:19:09.526Z	spark2	LOAD	23.482	4.203
2026-09-28T13:19:09.680Z	spark1	LOAD	22.440	7.619
2026-09-28T13:19:09.786Z	spark2	LOAD	23.486	4.201
2026-09-28T13:19:09.931Z	spark1	LOAD	22.395	7.619
2026-09-28T13:19:10.037Z	spark2	LOAD	23.484	4.200
2026-09-28T13:19:10.181Z	spark1	LOAD	22.361	7.619
2026-09-28T13:19:10.288Z	spark2	LOAD	23.484	4.200
2026-09-28T13:19:10.443Z	spark1	LOAD	22.324	7.619
2026-09-28T13:19:10.538Z	spark2	LOAD	23.484	4.200
2026-09-28T13:19:10.693Z	spark1	LOAD	22.307	7.619
2026-09-28T13:19:10.799Z	spark2	LOAD	23.484	4.200
2026-09-28T13:19:10.944Z	spark1	LOAD	22.312	7.619
2026-09-28T13:19:11.050Z	spark2	LOAD	23.484	4.200
2026-09-28T13:19:11.194Z	spark1	LOAD	22.274	7.619
2026-09-28T13:19:11.301Z	spark2	LOAD	23.484	4.200
2026-09-28T13:19:11.461Z	spark1	LOAD	22.223	7.620
2026-09-28T13:19:11.553Z	spark2	LOAD	23.484	4.200
2026-09-28T13:19:11.711Z	spark1	LOAD	22.185	7.620
2026-09-28T13:19:11.813Z	spark2	LOAD	23.484	4.200
2026-09-28T13:19:11.961Z	spark1	LOAD	22.149	7.620
2026-09-28T13:19:12.065Z	spark2	LOAD	23.484	4.200
2026-09-28T13:19:12.212Z	spark1	LOAD	22.096	7.620
2026-09-28T13:19:12.315Z	spark2	LOAD	23.484	4.200
2026-09-28T13:19:12.480Z	spark1	LOAD	22.056	7.620
2026-09-28T13:19:12.566Z	spark2	LOAD	23.484	4.200
2026-09-28T13:19:12.730Z	spark1	LOAD	22.021	7.620
2026-09-28T13:19:12.827Z	spark2	LOAD	23.484	4.200
2026-09-28T13:19:12.980Z	spark1	LOAD	21.982	7.620
2026-09-28T13:19:13.077Z	spark2	LOAD	23.484	4.200
2026-09-28T13:19:13.231Z	spark1	LOAD	21.950	7.620
2026-09-28T13:19:13.328Z	spark2	LOAD	23.484	4.200
2026-09-28T13:19:13.492Z	spark1	LOAD	21.880	7.620
2026-09-28T13:19:13.579Z	spark2	LOAD	23.484	4.200
2026-09-28T13:19:13.743Z	spark1	LOAD	21.837	7.620
2026-09-28T13:19:13.844Z	spark2	LOAD	23.485	4.200
2026-09-28T13:19:13.993Z	spark1	LOAD	21.805	7.620
2026-09-28T13:19:14.095Z	spark2	LOAD	23.487	4.200
2026-09-28T13:19:14.243Z	spark1	LOAD	21.774	7.620
2026-09-28T13:19:14.346Z	spark2	LOAD	23.487	4.200
2026-09-28T13:19:14.511Z	spark1	LOAD	21.737	7.620
2026-09-28T13:19:14.596Z	spark2	LOAD	23.487	4.200
2026-09-28T13:19:14.761Z	spark1	LOAD	21.698	7.620
2026-09-28T13:19:14.856Z	spark2	LOAD	23.487	4.200
2026-09-28T13:19:15.011Z	spark1	LOAD	21.669	7.620
2026-09-28T13:19:15.107Z	spark2	LOAD	23.488	4.200
2026-09-28T13:19:15.262Z	spark1	LOAD	21.632	7.620
2026-09-28T13:19:15.357Z	spark2	LOAD	23.489	4.200
2026-09-28T13:19:15.529Z	spark1	LOAD	21.593	7.620
2026-09-28T13:19:15.608Z	spark2	LOAD	23.489	4.200
2026-09-28T13:19:15.780Z	spark1	LOAD	21.536	7.619
2026-09-28T13:19:15.871Z	spark2	LOAD	23.489	4.200
2026-09-28T13:19:16.030Z	spark1	LOAD	21.505	7.619
2026-09-28T13:19:16.120Z	spark2	LOAD	23.490	4.200
2026-09-28T13:19:16.280Z	spark1	LOAD	21.470	7.619
2026-09-28T13:19:16.371Z	spark2	LOAD	23.490	4.199
2026-09-28T13:19:16.542Z	spark1	LOAD	21.427	7.619
2026-09-28T13:19:16.621Z	spark2	LOAD	23.490	4.199
2026-09-28T13:19:16.792Z	spark1	LOAD	21.389	7.619
2026-09-28T13:19:16.884Z	spark2	LOAD	23.490	4.199
2026-09-28T13:19:17.043Z	spark1	LOAD	21.346	7.619
2026-09-28T13:19:17.134Z	spark2	LOAD	23.491	4.199
2026-09-28T13:19:17.293Z	spark1	LOAD	21.311	7.619
2026-09-28T13:19:17.385Z	spark2	LOAD	23.491	4.199
2026-09-28T13:19:17.562Z	spark1	LOAD	21.266	7.619
2026-09-28T13:19:17.636Z	spark2	LOAD	23.491	4.199
2026-09-28T13:19:17.812Z	spark1	LOAD	21.183	7.619
2026-09-28T13:19:17.897Z	spark2	LOAD	23.491	4.199
2026-09-28T13:19:18.063Z	spark1	LOAD	21.161	7.619
2026-09-28T13:19:18.149Z	spark2	LOAD	23.491	4.199
2026-09-28T13:19:18.313Z	spark1	LOAD	21.129	7.619
2026-09-28T13:19:18.398Z	spark2	LOAD	23.491	4.199
2026-09-28T13:19:18.579Z	spark1	LOAD	21.096	7.619
2026-09-28T13:19:18.650Z	spark2	LOAD	23.491	4.199
2026-09-28T13:19:18.830Z	spark1	LOAD	21.062	7.619
2026-09-28T13:19:18.914Z	spark2	LOAD	23.491	4.199
2026-09-28T13:19:19.080Z	spark1	LOAD	21.029	7.619
2026-09-28T13:19:19.165Z	spark2	LOAD	23.491	4.199
2026-09-28T13:19:19.330Z	spark1	LOAD	20.956	7.619
2026-09-28T13:19:19.416Z	spark2	LOAD	23.491	4.199
2026-09-28T13:19:19.599Z	spark1	LOAD	20.913	7.619
2026-09-28T13:19:19.666Z	spark2	LOAD	23.491	4.199
2026-09-28T13:19:19.850Z	spark1	LOAD	20.810	7.619
2026-09-28T13:19:19.927Z	spark2	LOAD	23.491	4.199
2026-09-28T13:19:20.100Z	spark1	LOAD	20.860	7.619
2026-09-28T13:19:20.178Z	spark2	LOAD	23.491	4.199
2026-09-28T13:19:20.350Z	spark1	LOAD	20.815	7.619
2026-09-28T13:19:20.428Z	spark2	LOAD	23.482	4.195
2026-09-28T13:19:20.612Z	spark1	LOAD	20.782	7.619
2026-09-28T13:19:20.679Z	spark2	LOAD	23.490	4.195
2026-09-28T13:19:20.863Z	spark1	LOAD	20.743	7.619
2026-09-28T13:19:20.944Z	spark2	LOAD	23.486	4.192
2026-09-28T13:19:21.113Z	spark1	LOAD	20.688	7.619
2026-09-28T13:19:21.194Z	spark2	LOAD	23.486	4.192
2026-09-28T13:19:21.364Z	spark1	LOAD	20.651	7.619
2026-09-28T13:19:21.445Z	spark2	LOAD	23.486	4.192
2026-09-28T13:19:21.626Z	spark1	LOAD	20.623	7.619
2026-09-28T13:19:21.695Z	spark2	LOAD	23.486	4.192
2026-09-28T13:19:21.876Z	spark1	LOAD	20.544	7.619
2026-09-28T13:19:21.961Z	spark2	LOAD	23.485	4.192
2026-09-28T13:19:22.127Z	spark1	LOAD	20.526	7.619
2026-09-28T13:19:22.212Z	spark2	LOAD	23.485	4.192
2026-09-28T13:19:22.377Z	spark1	LOAD	20.286	7.619
2026-09-28T13:19:22.463Z	spark2	LOAD	23.485	4.192
2026-09-28T13:19:22.643Z	spark1	LOAD	20.410	7.619
2026-09-28T13:19:22.713Z	spark2	LOAD	23.485	4.192
2026-09-28T13:19:22.894Z	spark1	LOAD	20.375	7.619
2026-09-28T13:19:22.978Z	spark2	LOAD	23.485	4.192
2026-09-28T13:19:23.144Z	spark1	LOAD	20.375	7.619
2026-09-28T13:19:23.228Z	spark2	LOAD	23.485	4.192
2026-09-28T13:19:23.394Z	spark1	LOAD	20.359	7.619
2026-09-28T13:19:23.479Z	spark2	LOAD	23.485	4.192
2026-09-28T13:19:23.661Z	spark1	LOAD	20.312	7.619
2026-09-28T13:19:23.729Z	spark2	LOAD	23.485	4.192
2026-09-28T13:19:23.911Z	spark1	LOAD	20.260	7.619
2026-09-28T13:19:23.990Z	spark2	LOAD	23.484	4.192
2026-09-28T13:19:24.162Z	spark1	LOAD	20.228	7.619
2026-09-28T13:19:24.241Z	spark2	LOAD	23.484	4.192
2026-09-28T13:19:24.412Z	spark1	LOAD	20.188	7.619
2026-09-28T13:19:24.492Z	spark2	LOAD	23.484	4.192
2026-09-28T13:19:24.674Z	spark1	LOAD	20.148	7.619
2026-09-28T13:19:24.742Z	spark2	LOAD	23.484	4.192
2026-09-28T13:19:24.925Z	spark1	LOAD	20.139	7.620
2026-09-28T13:19:25.003Z	spark2	LOAD	23.484	4.192
2026-09-28T13:19:25.175Z	spark1	LOAD	20.098	7.623
2026-09-28T13:19:25.253Z	spark2	LOAD	23.484	4.192
2026-09-28T13:19:25.425Z	spark1	LOAD	20.063	7.623
2026-09-28T13:19:25.504Z	spark2	LOAD	23.484	4.192
2026-09-28T13:19:25.706Z	spark1	LOAD	20.024	7.623
2026-09-28T13:19:25.755Z	spark2	LOAD	23.487	4.192
2026-09-28T13:19:25.956Z	spark1	LOAD	19.977	7.623
2026-09-28T13:19:26.015Z	spark2	LOAD	23.487	4.192
2026-09-28T13:19:26.206Z	spark1	LOAD	19.939	7.623
2026-09-28T13:19:26.266Z	spark2	LOAD	23.487	4.192
2026-09-28T13:19:26.456Z	spark1	LOAD	19.901	7.623
2026-09-28T13:19:26.517Z	spark2	LOAD	23.487	4.192
2026-09-28T13:19:26.724Z	spark1	LOAD	19.857	7.623
2026-09-28T13:19:26.767Z	spark2	LOAD	23.487	4.192
2026-09-28T13:19:26.974Z	spark1	LOAD	19.812	7.623
2026-09-28T13:19:27.032Z	spark2	LOAD	23.487	4.192
2026-09-28T13:19:27.225Z	spark1	LOAD	19.744	7.623
2026-09-28T13:19:27.284Z	spark2	LOAD	23.487	4.192
2026-09-28T13:19:27.475Z	spark1	LOAD	19.718	7.623
2026-09-28T13:19:27.534Z	spark2	LOAD	23.487	4.192
2026-09-28T13:19:27.743Z	spark1	LOAD	19.661	7.623
2026-09-28T13:19:27.784Z	spark2	LOAD	23.487	4.192
2026-09-28T13:19:27.993Z	spark1	LOAD	20.043	7.623
2026-09-28T13:19:28.045Z	spark2	LOAD	23.487	4.192
2026-09-28T13:19:28.243Z	spark1	LOAD	21.569	7.623
2026-09-28T13:19:28.296Z	spark2	LOAD	23.487	4.192
2026-09-28T13:19:28.493Z	spark1	LOAD	22.763	7.623
2026-09-28T13:19:28.547Z	spark2	LOAD	23.487	4.192
2026-09-28T13:19:28.755Z	spark1	LOAD	22.711	7.623
2026-09-28T13:19:28.797Z	spark2	LOAD	23.487	4.192
2026-09-28T13:19:29.005Z	spark1	LOAD	22.668	7.623
2026-09-28T13:19:29.062Z	spark2	LOAD	23.487	4.192
2026-09-28T13:19:29.256Z	spark1	LOAD	22.633	7.623
2026-09-28T13:19:29.312Z	spark2	LOAD	23.487	4.192
2026-09-28T13:19:29.506Z	spark1	LOAD	22.590	7.623
2026-09-28T13:19:29.563Z	spark2	LOAD	23.487	4.192
2026-09-28T13:19:29.768Z	spark1	LOAD	22.535	7.623
2026-09-28T13:19:29.814Z	spark2	LOAD	23.487	4.192
2026-09-28T13:19:30.018Z	spark1	LOAD	22.467	7.622
2026-09-28T13:19:30.074Z	spark2	LOAD	23.487	4.192
2026-09-28T13:19:30.268Z	spark1	LOAD	22.431	7.622
2026-09-28T13:19:30.325Z	spark2	LOAD	23.487	4.192
2026-09-28T13:19:30.519Z	spark1	LOAD	22.389	7.622
2026-09-28T13:19:30.576Z	spark2	LOAD	23.487	4.192
2026-09-28T13:19:30.781Z	spark1	LOAD	22.312	7.622
2026-09-28T13:19:30.826Z	spark2	LOAD	23.487	4.192
2026-09-28T13:19:31.031Z	spark1	LOAD	22.247	7.622
2026-09-28T13:19:31.091Z	spark2	LOAD	23.487	4.192
2026-09-28T13:19:31.282Z	spark1	LOAD	22.200	7.622
2026-09-28T13:19:31.341Z	spark2	LOAD	23.486	4.189
2026-09-28T13:19:31.532Z	spark1	LOAD	22.158	7.622
2026-09-28T13:19:31.591Z	spark2	LOAD	23.461	4.189
2026-09-28T13:19:31.795Z	spark1	LOAD	22.083	7.622
2026-09-28T13:19:31.842Z	spark2	LOAD	23.469	4.188
2026-09-28T13:19:32.045Z	spark1	LOAD	22.017	7.622
2026-09-28T13:19:32.107Z	spark2	LOAD	23.468	4.187
2026-09-28T13:19:32.296Z	spark1	LOAD	21.975	7.622
2026-09-28T13:19:32.357Z	spark2	LOAD	23.468	4.187
2026-09-28T13:19:32.546Z	spark1	LOAD	21.925	7.622
2026-09-28T13:19:32.607Z	spark2	LOAD	23.468	4.187
2026-09-28T13:19:32.814Z	spark1	LOAD	21.875	7.622
2026-09-28T13:19:32.858Z	spark2	LOAD	23.468	4.187
2026-09-28T13:19:33.065Z	spark1	LOAD	21.804	7.622
2026-09-28T13:19:33.119Z	spark2	LOAD	23.470	4.187
2026-09-28T13:19:33.315Z	spark1	LOAD	21.763	7.622
2026-09-28T13:19:33.370Z	spark2	LOAD	23.470	4.187
2026-09-28T13:19:33.565Z	spark1	LOAD	21.713	7.622
2026-09-28T13:19:33.621Z	spark2	LOAD	23.470	4.187
2026-09-28T13:19:33.828Z	spark1	LOAD	21.701	7.623
2026-09-28T13:19:33.872Z	spark2	LOAD	23.472	4.187
2026-09-28T13:19:34.078Z	spark1	LOAD	21.628	7.623
2026-09-28T13:19:34.133Z	spark2	LOAD	23.473	4.187
2026-09-28T13:19:34.328Z	spark1	LOAD	21.582	7.623
2026-09-28T13:19:34.384Z	spark2	LOAD	23.473	4.187
2026-09-28T13:19:34.578Z	spark1	LOAD	21.554	7.623
2026-09-28T13:19:34.635Z	spark2	LOAD	23.473	4.187
2026-09-28T13:19:34.847Z	spark1	LOAD	21.509	7.623
2026-09-28T13:19:34.885Z	spark2	LOAD	23.473	4.187
2026-09-28T13:19:35.097Z	spark1	LOAD	21.469	7.623
2026-09-28T13:19:35.146Z	spark2	LOAD	23.473	4.187
2026-09-28T13:19:35.348Z	spark1	LOAD	21.432	7.623
2026-09-28T13:19:35.397Z	spark2	LOAD	23.473	4.187
2026-09-28T13:19:35.598Z	spark1	LOAD	21.392	7.623
2026-09-28T13:19:35.648Z	spark2	LOAD	23.473	4.187
2026-09-28T13:19:35.860Z	spark1	LOAD	21.350	7.623
2026-09-28T13:19:35.898Z	spark2	LOAD	23.475	4.187
2026-09-28T13:19:36.110Z	spark1	LOAD	21.285	7.623
2026-09-28T13:19:36.159Z	spark2	LOAD	23.474	4.187
2026-09-28T13:19:36.360Z	spark1	LOAD	21.251	7.623
2026-09-28T13:19:36.410Z	spark2	LOAD	23.474	4.187
2026-09-28T13:19:36.611Z	spark1	LOAD	21.218	7.623
2026-09-28T13:19:36.660Z	spark2	LOAD	23.474	4.187
2026-09-28T13:19:36.873Z	spark1	LOAD	21.183	7.623
2026-09-28T13:19:36.911Z	spark2	LOAD	23.475	4.187
2026-09-28T13:19:37.123Z	spark1	LOAD	21.149	7.623
2026-09-28T13:19:37.170Z	spark2	LOAD	23.475	4.187
2026-09-28T13:19:37.374Z	spark1	LOAD	21.111	7.623
2026-09-28T13:19:37.421Z	spark2	LOAD	23.475	4.187
2026-09-28T13:19:37.624Z	spark1	LOAD	21.064	7.623
2026-09-28T13:19:37.672Z	spark2	LOAD	23.475	4.187
2026-09-28T13:19:37.887Z	spark1	LOAD	21.073	7.623
2026-09-28T13:19:37.923Z	spark2	LOAD	23.476	4.187
2026-09-28T13:19:38.137Z	spark1	LOAD	21.003	7.623
2026-09-28T13:19:38.187Z	spark2	LOAD	23.476	4.187
2026-09-28T13:19:38.387Z	spark1	LOAD	20.986	7.623
2026-09-28T13:19:38.437Z	spark2	LOAD	23.476	4.187
2026-09-28T13:19:38.638Z	spark1	LOAD	20.942	7.623
2026-09-28T13:19:38.688Z	spark2	LOAD	23.476	4.187
2026-09-28T13:19:38.904Z	spark1	LOAD	20.900	7.623
2026-09-28T13:19:38.939Z	spark2	LOAD	23.477	4.187
2026-09-28T13:19:39.155Z	spark1	LOAD	20.467	7.623
2026-09-28T13:19:39.204Z	spark2	LOAD	23.476	4.187
2026-09-28T13:19:39.405Z	spark1	LOAD	20.429	7.623
2026-09-28T13:19:39.455Z	spark2	LOAD	23.476	4.187
2026-09-28T13:19:39.655Z	spark1	LOAD	20.391	7.623
2026-09-28T13:19:39.705Z	spark2	LOAD	23.476	4.187
2026-09-28T13:19:39.918Z	spark1	LOAD	20.686	7.623
2026-09-28T13:19:39.955Z	spark2	LOAD	23.476	4.187
2026-09-28T13:19:40.168Z	spark1	LOAD	20.643	7.623
2026-09-28T13:19:40.215Z	spark2	LOAD	23.476	4.187
2026-09-28T13:19:40.418Z	spark1	LOAD	20.600	7.624
2026-09-28T13:19:40.466Z	spark2	LOAD	23.476	4.187
2026-09-28T13:19:40.669Z	spark1	LOAD	20.564	7.624
2026-09-28T13:19:40.717Z	spark2	LOAD	23.476	4.187
2026-09-28T13:19:40.935Z	spark1	LOAD	20.523	7.624
2026-09-28T13:19:40.967Z	spark2	LOAD	23.476	4.187
2026-09-28T13:19:41.186Z	spark1	LOAD	20.498	7.624
2026-09-28T13:19:41.229Z	spark2	LOAD	23.476	4.187
2026-09-28T13:19:41.436Z	spark1	LOAD	20.451	7.624
2026-09-28T13:19:41.478Z	spark2	LOAD	23.476	4.187
2026-09-28T13:19:41.686Z	spark1	LOAD	20.412	7.624
2026-09-28T13:19:41.729Z	spark2	LOAD	23.476	4.187
2026-09-28T13:19:41.952Z	spark1	LOAD	20.320	7.623
2026-09-28T13:19:41.979Z	spark2	LOAD	23.476	4.187
2026-09-28T13:19:42.203Z	spark1	LOAD	20.230	7.624
2026-09-28T13:19:42.244Z	spark2	LOAD	23.476	4.186
2026-09-28T13:19:42.453Z	spark1	LOAD	20.342	7.624
2026-09-28T13:19:42.495Z	spark2	LOAD	23.446	4.184
2026-09-28T13:19:42.703Z	spark1	LOAD	20.296	7.624
2026-09-28T13:19:42.745Z	spark2	LOAD	23.461	4.183
2026-09-28T13:19:42.970Z	spark1	LOAD	20.260	7.624
2026-09-28T13:19:42.996Z	spark2	LOAD	23.461	4.181
2026-09-28T13:19:43.221Z	spark1	LOAD	20.217	7.624
2026-09-28T13:19:43.258Z	spark2	LOAD	23.461	4.181
2026-09-28T13:19:43.471Z	spark1	LOAD	20.175	7.624
2026-09-28T13:19:43.509Z	spark2	LOAD	23.461	4.181
2026-09-28T13:19:43.721Z	spark1	LOAD	20.138	7.624
2026-09-28T13:19:43.759Z	spark2	LOAD	23.461	4.181
2026-09-28T13:19:43.983Z	spark1	LOAD	20.097	7.624
2026-09-28T13:19:44.010Z	spark2	LOAD	23.461	4.181
2026-09-28T13:19:44.233Z	spark1	LOAD	20.054	7.624
2026-09-28T13:19:44.271Z	spark2	LOAD	23.461	4.181
2026-09-28T13:19:44.483Z	spark1	LOAD	19.996	7.624
2026-09-28T13:19:44.522Z	spark2	LOAD	23.461	4.181
2026-09-28T13:19:44.734Z	spark1	LOAD	19.987	7.624
2026-09-28T13:19:44.773Z	spark2	LOAD	23.461	4.181
2026-09-28T13:19:44.995Z	spark1	LOAD	19.934	7.624
2026-09-28T13:19:45.024Z	spark2	LOAD	23.462	4.181
2026-09-28T13:19:45.246Z	spark1	LOAD	19.901	7.624
2026-09-28T13:19:45.289Z	spark2	LOAD	23.461	4.181
2026-09-28T13:19:45.496Z	spark1	LOAD	19.854	7.624
2026-09-28T13:19:45.539Z	spark2	LOAD	23.461	4.181
2026-09-28T13:19:45.747Z	spark1	LOAD	19.826	7.624
2026-09-28T13:19:45.790Z	spark2	LOAD	23.461	4.181
2026-09-28T13:19:46.009Z	spark1	LOAD	19.773	7.624
2026-09-28T13:19:46.040Z	spark2	LOAD	23.462	4.181
2026-09-28T13:19:46.259Z	spark1	LOAD	19.692	7.624
2026-09-28T13:19:46.302Z	spark2	LOAD	23.463	4.181
2026-09-28T13:19:46.510Z	spark1	LOAD	19.641	7.624
2026-09-28T13:19:46.552Z	spark2	LOAD	23.463	4.181
2026-09-28T13:19:46.760Z	spark1	LOAD	19.606	7.624
2026-09-28T13:19:46.803Z	spark2	LOAD	23.463	4.181
2026-09-28T13:19:47.022Z	spark1	LOAD	19.564	7.624
2026-09-28T13:19:47.054Z	spark2	LOAD	23.464	4.181
2026-09-28T13:19:47.272Z	spark1	LOAD	19.507	7.624
2026-09-28T13:19:47.320Z	spark2	LOAD	23.464	4.181
2026-09-28T13:19:47.523Z	spark1	LOAD	19.460	7.624
2026-09-28T13:19:47.570Z	spark2	LOAD	23.464	4.181
2026-09-28T13:19:47.773Z	spark1	LOAD	19.415	7.624
2026-09-28T13:19:47.820Z	spark2	LOAD	23.464	4.181
2026-09-28T13:19:48.042Z	spark1	LOAD	19.409	7.624
2026-09-28T13:19:48.072Z	spark2	LOAD	23.464	4.181
2026-09-28T13:19:48.292Z	spark1	LOAD	20.855	7.624
2026-09-28T13:19:48.335Z	spark2	LOAD	23.464	4.181
2026-09-28T13:19:48.542Z	spark1	LOAD	22.274	7.624
2026-09-28T13:19:48.586Z	spark2	LOAD	23.464	4.181
2026-09-28T13:19:48.793Z	spark1	LOAD	22.523	7.624
2026-09-28T13:19:48.836Z	spark2	LOAD	23.464	4.181
2026-09-28T13:19:49.060Z	spark1	LOAD	22.494	7.623
2026-09-28T13:19:49.087Z	spark2	LOAD	23.464	4.181
2026-09-28T13:19:49.310Z	spark1	LOAD	22.500	7.623
2026-09-28T13:19:49.352Z	spark2	LOAD	23.464	4.181
2026-09-28T13:19:49.560Z	spark1	LOAD	22.458	7.623
2026-09-28T13:19:49.603Z	spark2	LOAD	23.464	4.181
2026-09-28T13:19:49.810Z	spark1	LOAD	22.418	7.623
2026-09-28T13:19:49.853Z	spark2	LOAD	23.464	4.181
2026-09-28T13:19:50.072Z	spark1	LOAD	22.374	7.623
2026-09-28T13:19:50.104Z	spark2	LOAD	23.464	4.181
2026-09-28T13:19:50.323Z	spark1	LOAD	22.333	7.623
2026-09-28T13:19:50.365Z	spark2	LOAD	23.464	4.181
2026-09-28T13:19:50.573Z	spark1	LOAD	22.274	7.623
2026-09-28T13:19:50.616Z	spark2	LOAD	23.464	4.181
2026-09-28T13:19:50.823Z	spark1	LOAD	22.233	7.623
2026-09-28T13:19:50.867Z	spark2	LOAD	23.464	4.181
2026-09-28T13:19:51.087Z	spark1	LOAD	22.190	7.623
2026-09-28T13:19:51.117Z	spark2	LOAD	23.464	4.181
2026-09-28T13:19:51.337Z	spark1	LOAD	22.156	7.623
2026-09-28T13:19:51.382Z	spark2	LOAD	23.464	4.181
2026-09-28T13:19:51.588Z	spark1	LOAD	22.126	7.623
2026-09-28T13:19:51.632Z	spark2	LOAD	23.464	4.181
2026-09-28T13:19:51.838Z	spark1	LOAD	22.097	7.623
2026-09-28T13:19:51.882Z	spark2	LOAD	23.464	4.181
2026-09-28T13:19:52.100Z	spark1	LOAD	22.060	7.623
2026-09-28T13:19:52.133Z	spark2	LOAD	23.464	4.181
2026-09-28T13:19:52.350Z	spark1	LOAD	22.016	7.623
2026-09-28T13:19:52.394Z	spark2	LOAD	23.464	4.181
2026-09-28T13:19:52.600Z	spark1	LOAD	21.949	7.623
2026-09-28T13:19:52.644Z	spark2	LOAD	23.464	4.181
2026-09-28T13:19:52.850Z	spark1	LOAD	21.881	7.623
2026-09-28T13:19:52.895Z	spark2	LOAD	23.464	4.181
2026-09-28T13:19:53.112Z	spark1	LOAD	21.846	7.623
2026-09-28T13:19:53.145Z	spark2	LOAD	23.464	4.181
2026-09-28T13:19:53.362Z	spark1	LOAD	21.812	7.623
2026-09-28T13:19:53.409Z	spark2	LOAD	23.460	4.179
2026-09-28T13:19:53.613Z	spark1	LOAD	21.781	7.623
2026-09-28T13:19:53.659Z	spark2	LOAD	23.446	4.179
2026-09-28T13:19:53.863Z	spark1	LOAD	21.733	7.623
2026-09-28T13:19:53.911Z	spark2	LOAD	23.446	4.177
2026-09-28T13:19:54.124Z	spark1	LOAD	21.697	7.623
2026-09-28T13:19:54.161Z	spark2	LOAD	23.447	4.177
2026-09-28T13:19:54.374Z	spark1	LOAD	21.663	7.623
2026-09-28T13:19:54.423Z	spark2	LOAD	23.447	4.177
2026-09-28T13:19:54.624Z	spark1	LOAD	21.600	7.623
2026-09-28T13:19:54.673Z	spark2	LOAD	23.447	4.177
2026-09-28T13:19:54.875Z	spark1	LOAD	21.563	7.623
2026-09-28T13:19:54.924Z	spark2	LOAD	23.448	4.177
2026-09-28T13:19:55.143Z	spark1	LOAD	21.523	7.623
2026-09-28T13:19:55.174Z	spark2	LOAD	23.449	4.177
2026-09-28T13:19:55.394Z	spark1	LOAD	21.485	7.623
2026-09-28T13:19:55.435Z	spark2	LOAD	23.456	4.177
2026-09-28T13:19:55.645Z	spark1	LOAD	21.449	7.623
2026-09-28T13:19:55.685Z	spark2	LOAD	23.456	4.177
2026-09-28T13:19:55.896Z	spark1	LOAD	21.418	7.623
2026-09-28T13:19:55.936Z	spark2	LOAD	23.456	4.177
2026-09-28T13:19:56.162Z	spark1	LOAD	21.380	7.623
2026-09-28T13:19:56.187Z	spark2	LOAD	23.456	4.177
2026-09-28T13:19:56.412Z	spark1	LOAD	21.345	7.623
2026-09-28T13:19:56.447Z	spark2	LOAD	23.458	4.177
2026-09-28T13:19:56.662Z	spark1	LOAD	21.301	7.623
2026-09-28T13:19:56.697Z	spark2	LOAD	23.458	4.177
2026-09-28T13:19:56.913Z	spark1	LOAD	21.266	7.623
2026-09-28T13:19:56.949Z	spark2	LOAD	23.458	4.177
2026-09-28T13:19:57.175Z	spark1	LOAD	21.226	7.623
2026-09-28T13:19:57.199Z	spark2	LOAD	23.458	4.177
2026-09-28T13:19:57.426Z	spark1	LOAD	21.181	7.623
2026-09-28T13:19:57.464Z	spark2	LOAD	23.458	4.177
2026-09-28T13:19:57.676Z	spark1	LOAD	21.231	7.623
2026-09-28T13:19:57.715Z	spark2	LOAD	23.458	4.177
2026-09-28T13:19:57.926Z	spark1	LOAD	21.184	7.623
2026-09-28T13:19:57.965Z	spark2	LOAD	23.458	4.177
2026-09-28T13:19:58.194Z	spark1	LOAD	21.141	7.623
2026-09-28T13:19:58.216Z	spark2	LOAD	23.458	4.177
2026-09-28T13:19:58.444Z	spark1	LOAD	21.103	7.623
2026-09-28T13:19:58.477Z	spark2	LOAD	23.458	4.177
2026-09-28T13:19:58.694Z	spark1	LOAD	21.067	7.623
2026-09-28T13:19:58.728Z	spark2	LOAD	23.458	4.177
2026-09-28T13:19:58.945Z	spark1	LOAD	21.015	7.623
2026-09-28T13:19:58.978Z	spark2	LOAD	23.458	4.177
2026-09-28T13:19:59.212Z	spark1	LOAD	20.971	7.623
2026-09-28T13:19:59.229Z	spark2	LOAD	23.458	4.177
2026-09-28T13:19:59.463Z	spark1	LOAD	20.939	7.623
2026-09-28T13:19:59.494Z	spark2	LOAD	23.458	4.177
2026-09-28T13:19:59.713Z	spark1	LOAD	20.902	7.623
2026-09-28T13:19:59.745Z	spark2	LOAD	23.458	4.177
2026-09-28T13:19:59.963Z	spark1	LOAD	20.861	7.623
2026-09-28T13:19:59.996Z	spark2	LOAD	23.458	4.177
2026-09-28T13:20:00.232Z	spark1	LOAD	20.816	7.623
2026-09-28T13:20:00.247Z	spark2	LOAD	23.458	4.177
2026-09-28T13:20:00.482Z	spark1	LOAD	20.780	7.623
2026-09-28T13:20:00.511Z	spark2	LOAD	23.458	4.177
2026-09-28T13:20:00.733Z	spark1	LOAD	20.742	7.623
2026-09-28T13:20:00.762Z	spark2	LOAD	23.458	4.177
2026-09-28T13:20:00.983Z	spark1	LOAD	20.679	7.622
2026-09-28T13:20:01.012Z	spark2	LOAD	23.458	4.177
2026-09-28T13:20:01.244Z	spark1	LOAD	20.642	7.622
2026-09-28T13:20:01.263Z	spark2	LOAD	23.458	4.177
2026-09-28T13:20:01.494Z	spark1	LOAD	20.608	7.622
2026-09-28T13:20:01.527Z	spark2	LOAD	23.458	4.177
2026-09-28T13:20:01.745Z	spark1	LOAD	20.573	7.622
2026-09-28T13:20:01.778Z	spark2	LOAD	23.458	4.177
2026-09-28T13:20:01.995Z	spark1	LOAD	20.539	7.622
2026-09-28T13:20:02.029Z	spark2	LOAD	23.458	4.177
2026-09-28T13:20:02.257Z	spark1	LOAD	20.489	7.622
2026-09-28T13:20:02.280Z	spark2	LOAD	23.458	4.177
2026-09-28T13:20:02.507Z	spark1	LOAD	20.472	7.622
2026-09-28T13:20:02.541Z	spark2	LOAD	23.458	4.177
2026-09-28T13:20:02.758Z	spark1	LOAD	20.433	7.622
2026-09-28T13:20:02.791Z	spark2	LOAD	23.458	4.177
2026-09-28T13:20:03.008Z	spark1	LOAD	20.380	7.622
2026-09-28T13:20:03.042Z	spark2	LOAD	23.458	4.177
2026-09-28T13:20:03.270Z	spark1	LOAD	20.339	7.622
2026-09-28T13:20:03.293Z	spark2	LOAD	23.458	4.177
2026-09-28T13:20:03.520Z	spark1	LOAD	20.304	7.622
2026-09-28T13:20:03.554Z	spark2	LOAD	23.457	4.177
2026-09-28T13:20:03.770Z	spark1	LOAD	20.231	7.622
2026-09-28T13:20:03.805Z	spark2	LOAD	23.457	4.177
2026-09-28T13:20:04.021Z	spark1	LOAD	20.234	7.622
2026-09-28T13:20:04.055Z	spark2	LOAD	23.458	4.177
2026-09-28T13:20:04.282Z	spark1	LOAD	20.189	7.622
2026-09-28T13:20:04.305Z	spark2	LOAD	23.455	4.175
2026-09-28T13:20:04.533Z	spark1	LOAD	20.152	7.622
2026-09-28T13:20:04.569Z	spark2	LOAD	23.447	4.174
2026-09-28T13:20:04.783Z	spark1	LOAD	20.124	7.622
2026-09-28T13:20:04.821Z	spark2	LOAD	23.445	4.173
2026-09-28T13:20:05.034Z	spark1	LOAD	20.040	7.622
2026-09-28T13:20:05.070Z	spark2	LOAD	23.447	4.173
2026-09-28T13:20:05.295Z	spark1	LOAD	20.004	7.622
2026-09-28T13:20:05.321Z	spark2	LOAD	23.447	4.173
2026-09-28T13:20:05.545Z	spark1	LOAD	19.975	7.622
2026-09-28T13:20:05.582Z	spark2	LOAD	23.447	4.173
2026-09-28T13:20:05.796Z	spark1	LOAD	19.961	7.622
2026-09-28T13:20:05.833Z	spark2	LOAD	23.447	4.173
2026-09-28T13:20:06.046Z	spark1	LOAD	19.919	7.622
2026-09-28T13:20:06.083Z	spark2	LOAD	23.447	4.173
2026-09-28T13:20:06.308Z	spark1	LOAD	19.777	7.621
2026-09-28T13:20:06.335Z	spark2	LOAD	23.447	4.173
2026-09-28T13:20:06.558Z	spark1	LOAD	19.711	7.621
2026-09-28T13:20:06.599Z	spark2	LOAD	23.447	4.173
2026-09-28T13:20:06.808Z	spark1	LOAD	19.694	7.621
2026-09-28T13:20:06.850Z	spark2	LOAD	23.447	4.173
2026-09-28T13:20:07.059Z	spark1	LOAD	19.641	7.621
2026-09-28T13:20:07.101Z	spark2	LOAD	23.447	4.173
2026-09-28T13:20:07.326Z	spark1	LOAD	19.621	7.621
2026-09-28T13:20:07.352Z	spark2	LOAD	23.448	4.173
2026-09-28T13:20:07.576Z	spark1	LOAD	19.556	7.621
2026-09-28T13:20:07.613Z	spark2	LOAD	23.448	4.173
2026-09-28T13:20:07.827Z	spark1	LOAD	19.518	7.621
2026-09-28T13:20:07.863Z	spark2	LOAD	23.448	4.173
2026-09-28T13:20:08.077Z	spark1	LOAD	19.486	7.621
2026-09-28T13:20:08.114Z	spark2	LOAD	23.448	4.173
2026-09-28T13:20:08.345Z	spark1	LOAD	19.443	7.621
2026-09-28T13:20:08.365Z	spark2	LOAD	23.448	4.173
2026-09-28T13:20:08.595Z	spark1	LOAD	19.421	7.622
2026-09-28T13:20:08.630Z	spark2	LOAD	23.447	4.173
2026-09-28T13:20:08.845Z	spark1	LOAD	20.547	7.622
2026-09-28T13:20:08.881Z	spark2	LOAD	23.449	4.173
2026-09-28T13:20:09.096Z	spark1	LOAD	22.509	7.622
2026-09-28T13:20:09.131Z	spark2	LOAD	23.448	4.173
2026-09-28T13:20:09.366Z	spark1	LOAD	22.475	7.622
2026-09-28T13:20:09.382Z	spark2	LOAD	23.448	4.173
2026-09-28T13:20:09.616Z	spark1	LOAD	22.442	7.622
2026-09-28T13:20:09.643Z	spark2	LOAD	23.448	4.173
2026-09-28T13:20:09.867Z	spark1	LOAD	22.423	7.622
2026-09-28T13:20:09.894Z	spark2	LOAD	23.448	4.173
2026-09-28T13:20:10.117Z	spark1	LOAD	22.387	7.622
2026-09-28T13:20:10.145Z	spark2	LOAD	23.449	4.173
2026-09-28T13:20:10.383Z	spark1	LOAD	22.359	7.622
2026-09-28T13:20:10.395Z	spark2	LOAD	23.449	4.173
2026-09-28T13:20:10.633Z	spark1	LOAD	22.326	7.622
2026-09-28T13:20:10.656Z	spark2	LOAD	23.450	4.173
2026-09-28T13:20:10.883Z	spark1	LOAD	22.293	7.622
2026-09-28T13:20:10.906Z	spark2	LOAD	23.450	4.173
2026-09-28T13:20:11.134Z	spark1	LOAD	22.237	7.621
2026-09-28T13:20:11.157Z	spark2	LOAD	23.450	4.173
2026-09-28T13:20:11.400Z	spark1	LOAD	22.212	7.621
2026-09-28T13:20:11.408Z	spark2	LOAD	23.450	4.173
2026-09-28T13:20:11.651Z	spark1	LOAD	22.181	7.621
2026-09-28T13:20:11.673Z	spark2	LOAD	23.450	4.173
2026-09-28T13:20:11.901Z	spark1	LOAD	22.149	7.621
2026-09-28T13:20:11.924Z	spark2	LOAD	23.450	4.173
2026-09-28T13:20:12.152Z	spark1	LOAD	22.120	7.621
2026-09-28T13:20:12.174Z	spark2	LOAD	23.450	4.173
2026-09-28T13:20:12.421Z	spark1	LOAD	22.074	7.621
2026-09-28T13:20:12.425Z	spark2	LOAD	23.450	4.173
2026-09-28T13:20:12.671Z	spark1	LOAD	22.041	7.621
2026-09-28T13:20:12.690Z	spark2	LOAD	23.450	4.173
2026-09-28T13:20:12.922Z	spark1	LOAD	22.012	7.621
2026-09-28T13:20:12.940Z	spark2	LOAD	23.450	4.173
2026-09-28T13:20:13.172Z	spark1	LOAD	21.977	7.621
2026-09-28T13:20:13.190Z	spark2	LOAD	23.450	4.173
2026-09-28T13:20:13.439Z	spark1	LOAD	21.945	7.621
2026-09-28T13:20:13.441Z	spark2	LOAD	23.450	4.173
2026-09-28T13:20:13.690Z	spark1	LOAD	21.878	7.621
2026-09-28T13:20:13.702Z	spark2	LOAD	23.450	4.173
2026-09-28T13:20:13.940Z	spark1	LOAD	21.826	7.621
2026-09-28T13:20:13.953Z	spark2	LOAD	23.450	4.173
2026-09-28T13:20:14.191Z	spark1	LOAD	21.796	7.621
2026-09-28T13:20:14.204Z	spark2	LOAD	23.450	4.173
2026-09-28T13:20:14.455Z	spark2	LOAD	23.450	4.173
2026-09-28T13:20:14.458Z	spark1	LOAD	21.758	7.621
2026-09-28T13:20:14.708Z	spark1	LOAD	21.697	7.621
2026-09-28T13:20:14.720Z	spark2	LOAD	23.450	4.173
2026-09-28T13:20:14.960Z	spark1	LOAD	21.652	7.621
2026-09-28T13:20:14.970Z	spark2	LOAD	23.451	4.173
2026-09-28T13:20:15.209Z	spark1	LOAD	21.578	7.621
2026-09-28T13:20:15.220Z	spark2	LOAD	23.450	4.171
2026-09-28T13:20:15.470Z	spark2	LOAD	23.433	4.170
2026-09-28T13:20:15.472Z	spark1	LOAD	21.617	7.621
2026-09-28T13:20:15.722Z	spark1	LOAD	21.559	7.621
2026-09-28T13:20:15.736Z	spark2	LOAD	23.433	4.169
2026-09-28T13:20:15.972Z	spark1	LOAD	21.506	7.621
2026-09-28T13:20:15.987Z	spark2	LOAD	23.433	4.169
2026-09-28T13:20:16.223Z	spark1	LOAD	21.470	7.621
2026-09-28T13:20:16.237Z	spark2	LOAD	23.432	4.169
2026-09-28T13:20:16.485Z	spark1	LOAD	21.430	7.621
2026-09-28T13:20:16.488Z	spark2	LOAD	23.432	4.169
2026-09-28T13:20:16.736Z	spark1	LOAD	21.393	7.621
2026-09-28T13:20:16.751Z	spark2	LOAD	23.432	4.169
2026-09-28T13:20:16.986Z	spark1	LOAD	21.354	7.621
2026-09-28T13:20:17.001Z	spark2	LOAD	23.433	4.169
2026-09-28T13:20:17.236Z	spark1	LOAD	21.299	7.621
2026-09-28T13:20:17.252Z	spark2	LOAD	23.433	4.169
2026-09-28T13:20:17.502Z	spark2	LOAD	23.433	4.169
2026-09-28T13:20:17.505Z	spark1	LOAD	21.266	7.621
2026-09-28T13:20:17.755Z	spark1	LOAD	21.225	7.621
2026-09-28T13:20:17.764Z	spark2	LOAD	23.433	4.169
2026-09-28T13:20:18.006Z	spark1	LOAD	21.199	7.621
2026-09-28T13:20:18.015Z	spark2	LOAD	23.434	4.169
2026-09-28T13:20:18.256Z	spark1	LOAD	21.154	7.621
2026-09-28T13:20:18.266Z	spark2	LOAD	23.434	4.169
2026-09-28T13:20:18.516Z	spark2	LOAD	23.434	4.169
2026-09-28T13:20:18.518Z	spark1	LOAD	21.124	7.621
2026-09-28T13:20:18.768Z	spark1	LOAD	21.093	7.621
2026-09-28T13:20:18.782Z	spark2	LOAD	23.434	4.169
2026-09-28T13:20:19.019Z	spark1	LOAD	21.061	7.621
2026-09-28T13:20:19.032Z	spark2	LOAD	23.435	4.169
2026-09-28T13:20:19.269Z	spark1	LOAD	21.004	7.621
2026-09-28T13:20:19.283Z	spark2	LOAD	23.435	4.169
2026-09-28T13:20:19.530Z	spark1	LOAD	20.952	7.621
2026-09-28T13:20:19.533Z	spark2	LOAD	23.435	4.169
2026-09-28T13:20:19.780Z	spark1	LOAD	20.918	7.621
2026-09-28T13:20:19.794Z	spark2	LOAD	23.435	4.169
2026-09-28T13:20:20.031Z	spark1	LOAD	20.887	7.621
2026-09-28T13:20:20.045Z	spark2	LOAD	23.437	4.169
2026-09-28T13:20:20.281Z	spark1	LOAD	21.008	7.621
2026-09-28T13:20:20.295Z	spark2	LOAD	23.437	4.169
2026-09-28T13:20:20.545Z	spark2	LOAD	23.437	4.169
2026-09-28T13:20:20.547Z	spark1	LOAD	20.973	7.621
2026-09-28T13:20:20.798Z	spark1	LOAD	20.924	7.621
2026-09-28T13:20:20.805Z	spark2	LOAD	23.436	4.169
2026-09-28T13:20:21.048Z	spark1	LOAD	20.878	7.621
2026-09-28T13:20:21.056Z	spark2	LOAD	23.438	4.169
2026-09-28T13:20:21.298Z	spark1	LOAD	20.829	7.621
2026-09-28T13:20:21.307Z	spark2	LOAD	23.438	4.169
2026-09-28T13:20:21.558Z	spark2	LOAD	23.438	4.169
2026-09-28T13:20:21.561Z	spark1	LOAD	20.763	7.621
2026-09-28T13:20:21.811Z	spark1	LOAD	20.770	7.621
2026-09-28T13:20:21.819Z	spark2	LOAD	23.438	4.169
2026-09-28T13:20:22.061Z	spark1	LOAD	20.724	7.621
2026-09-28T13:20:22.069Z	spark2	LOAD	23.439	4.169
2026-09-28T13:20:22.312Z	spark1	LOAD	20.532	7.621
2026-09-28T13:20:22.320Z	spark2	LOAD	23.439	4.169
2026-09-28T13:20:22.570Z	spark2	LOAD	23.439	4.169
2026-09-28T13:20:22.574Z	spark1	LOAD	20.639	7.621
2026-09-28T13:20:22.824Z	spark1	LOAD	20.589	7.621
2026-09-28T13:20:22.832Z	spark2	LOAD	23.439	4.169
2026-09-28T13:20:23.074Z	spark1	LOAD	20.523	7.621
2026-09-28T13:20:23.082Z	spark2	LOAD	23.440	4.169
2026-09-28T13:20:23.324Z	spark1	LOAD	19.985	7.621
2026-09-28T13:20:23.332Z	spark2	LOAD	23.440	4.169
2026-09-28T13:20:23.583Z	spark2	LOAD	23.440	4.169
2026-09-28T13:20:23.592Z	spark1	LOAD	20.385	7.621
2026-09-28T13:20:23.842Z	spark1	LOAD	20.328	7.621
2026-09-28T13:20:23.848Z	spark2	LOAD	23.440	4.169
2026-09-28T13:20:24.093Z	spark1	LOAD	20.293	7.622
2026-09-28T13:20:24.098Z	spark2	LOAD	23.440	4.169
2026-09-28T13:20:24.343Z	spark1	LOAD	20.253	7.622
2026-09-28T13:20:24.349Z	spark2	LOAD	23.440	4.169
2026-09-28T13:20:24.600Z	spark2	LOAD	23.440	4.169
2026-09-28T13:20:24.611Z	spark1	LOAD	20.220	7.622
2026-09-28T13:20:24.862Z	spark1	LOAD	20.166	7.622
2026-09-28T13:20:24.865Z	spark2	LOAD	23.440	4.169
2026-09-28T13:20:25.112Z	spark1	LOAD	20.122	7.622
2026-09-28T13:20:25.115Z	spark2	LOAD	23.440	4.169
2026-09-28T13:20:25.362Z	spark1	LOAD	20.087	7.622
2026-09-28T13:20:25.366Z	spark2	LOAD	23.440	4.169
2026-09-28T13:20:25.617Z	spark2	LOAD	23.440	4.169
2026-09-28T13:20:25.632Z	spark1	LOAD	20.001	7.622
2026-09-28T13:20:25.877Z	spark2	LOAD	23.440	4.169
2026-09-28T13:20:25.882Z	spark1	LOAD	19.961	7.622
2026-09-28T13:20:26.128Z	spark2	LOAD	23.440	4.167
2026-09-28T13:20:26.133Z	spark1	LOAD	19.947	7.622
2026-09-28T13:20:26.378Z	spark2	LOAD	23.442	4.167
2026-09-28T13:20:26.383Z	spark1	LOAD	19.923	7.622
2026-09-28T13:20:26.628Z	spark2	LOAD	23.447	4.164
2026-09-28T13:20:26.653Z	spark1	LOAD	19.864	7.622
2026-09-28T13:20:26.890Z	spark2	LOAD	23.447	4.164
2026-09-28T13:20:26.904Z	spark1	LOAD	19.821	7.622
2026-09-28T13:20:27.140Z	spark2	LOAD	23.448	4.164
2026-09-28T13:20:27.154Z	spark1	LOAD	19.789	7.622
2026-09-28T13:20:27.390Z	spark2	LOAD	23.448	4.164
2026-09-28T13:20:27.404Z	spark1	LOAD	19.827	7.622
2026-09-28T13:20:27.641Z	spark2	LOAD	23.448	4.164
2026-09-28T13:20:27.665Z	spark1	LOAD	19.757	7.622
2026-09-28T13:20:27.902Z	spark2	LOAD	23.447	4.164
2026-09-28T13:20:27.916Z	spark1	LOAD	19.726	7.622
2026-09-28T13:20:28.153Z	spark2	LOAD	23.447	4.164
2026-09-28T13:20:28.166Z	spark1	LOAD	19.687	7.622
2026-09-28T13:20:28.403Z	spark2	LOAD	23.447	4.164
2026-09-28T13:20:28.416Z	spark1	LOAD	19.709	7.622
2026-09-28T13:20:28.654Z	spark2	LOAD	23.447	4.164
2026-09-28T13:20:28.684Z	spark1	LOAD	19.664	7.622
2026-09-28T13:20:28.914Z	spark2	LOAD	23.447	4.164
2026-09-28T13:20:28.934Z	spark1	LOAD	19.638	7.622
2026-09-28T13:20:29.165Z	spark2	LOAD	23.447	4.164
2026-09-28T13:20:29.184Z	spark1	LOAD	19.643	7.656
2026-09-28T13:20:29.415Z	spark2	LOAD	23.447	4.164
2026-09-28T13:20:29.434Z	spark1	LOAD	19.587	7.659
2026-09-28T13:20:29.667Z	spark2	LOAD	23.447	4.164
2026-09-28T13:20:29.703Z	spark1	LOAD	19.552	7.659
2026-09-28T13:20:29.928Z	spark2	LOAD	23.447	4.164
2026-09-28T13:20:29.954Z	spark1	LOAD	19.551	7.663
2026-09-28T13:20:30.178Z	spark2	LOAD	23.447	4.164
2026-09-28T13:20:30.204Z	spark1	LOAD	19.502	7.663
2026-09-28T13:20:30.429Z	spark2	LOAD	23.447	4.164
2026-09-28T13:20:30.454Z	spark1	LOAD	19.464	7.665
2026-09-28T13:20:30.679Z	spark2	LOAD	23.447	4.164
2026-09-28T13:20:30.721Z	spark1	LOAD	19.425	7.665
2026-09-28T13:20:30.940Z	spark2	LOAD	23.447	4.164
2026-09-28T13:20:30.971Z	spark1	LOAD	19.390	7.665
2026-09-28T13:20:31.191Z	spark2	LOAD	23.447	4.164
2026-09-28T13:20:31.221Z	spark1	LOAD	19.511	7.664
2026-09-28T13:20:31.442Z	spark2	LOAD	23.447	4.164
2026-09-28T13:20:31.472Z	spark1	LOAD	22.569	7.664
2026-09-28T13:20:31.693Z	spark2	LOAD	23.447	4.164
2026-09-28T13:20:31.740Z	spark1	LOAD	22.521	7.664
2026-09-28T13:20:31.958Z	spark2	LOAD	23.447	4.164
2026-09-28T13:20:31.991Z	spark1	LOAD	22.506	7.664
2026-09-28T13:20:32.208Z	spark2	LOAD	23.447	4.164
2026-09-28T13:20:32.241Z	spark1	LOAD	22.472	7.664
2026-09-28T13:20:32.459Z	spark2	LOAD	23.447	4.164
2026-09-28T13:20:32.491Z	spark1	LOAD	22.413	7.664
2026-09-28T13:20:32.710Z	spark2	LOAD	23.447	4.164
2026-09-28T13:20:32.755Z	spark1	LOAD	22.387	7.664
2026-09-28T13:20:32.970Z	spark2	LOAD	23.448	4.164
2026-09-28T13:20:33.005Z	spark1	LOAD	22.351	7.664
2026-09-28T13:20:33.220Z	spark2	LOAD	23.448	4.164
2026-09-28T13:20:33.255Z	spark1	LOAD	22.311	7.664
2026-09-28T13:20:33.471Z	spark2	LOAD	23.448	4.164
2026-09-28T13:20:33.506Z	spark1	LOAD	22.272	7.664
2026-09-28T13:20:33.722Z	spark2	LOAD	23.448	4.164
2026-09-28T13:20:33.768Z	spark1	LOAD	22.222	7.664
2026-09-28T13:20:33.983Z	spark2	LOAD	23.449	4.164
2026-09-28T13:20:34.018Z	spark1	LOAD	22.195	7.664
2026-09-28T13:20:34.234Z	spark2	LOAD	23.449	4.164
2026-09-28T13:20:34.269Z	spark1	LOAD	22.162	7.664
2026-09-28T13:20:34.485Z	spark2	LOAD	23.449	4.164
2026-09-28T13:20:34.519Z	spark1	LOAD	22.115	7.664
2026-09-28T13:20:34.734Z	spark2	LOAD	23.449	4.164
2026-09-28T13:20:34.781Z	spark1	LOAD	22.082	7.664
2026-09-28T13:20:34.996Z	spark2	LOAD	23.449	4.164
2026-09-28T13:20:35.031Z	spark1	LOAD	22.059	7.664
2026-09-28T13:20:35.246Z	spark2	LOAD	23.449	4.164
2026-09-28T13:20:35.281Z	spark1	LOAD	22.019	7.664
2026-09-28T13:20:35.497Z	spark2	LOAD	23.449	4.164
2026-09-28T13:20:35.532Z	spark1	LOAD	21.982	7.664
2026-09-28T13:20:35.748Z	spark2	LOAD	23.449	4.164
2026-09-28T13:20:35.792Z	spark1	LOAD	21.913	7.664
2026-09-28T13:20:36.013Z	spark2	LOAD	23.449	4.164
2026-09-28T13:20:36.043Z	spark1	LOAD	21.893	7.664
2026-09-28T13:20:36.263Z	spark2	LOAD	23.449	4.164
2026-09-28T13:20:36.293Z	spark1	LOAD	21.851	7.664
2026-09-28T13:20:36.513Z	spark2	LOAD	23.449	4.164
2026-09-28T13:20:36.543Z	spark1	LOAD	21.795	7.664
2026-09-28T13:20:36.763Z	spark2	LOAD	23.449	4.164
2026-09-28T13:20:36.804Z	spark1	LOAD	21.742	7.664
2026-09-28T13:20:37.027Z	spark2	LOAD	23.427	4.163
2026-09-28T13:20:37.054Z	spark1	LOAD	21.713	7.664
2026-09-28T13:20:37.277Z	spark2	LOAD	23.421	4.163
2026-09-28T13:20:37.304Z	spark1	LOAD	21.680	7.664
2026-09-28T13:20:37.527Z	spark2	LOAD	23.415	4.162
2026-09-28T13:20:37.555Z	spark1	LOAD	21.629	7.664
2026-09-28T13:20:37.779Z	spark2	LOAD	23.415	4.161
2026-09-28T13:20:37.820Z	spark1	LOAD	21.576	7.664
2026-09-28T13:20:38.044Z	spark2	LOAD	23.416	4.161
2026-09-28T13:20:38.071Z	spark1	LOAD	21.542	7.664
2026-09-28T13:20:38.295Z	spark2	LOAD	23.416	4.161
2026-09-28T13:20:38.321Z	spark1	LOAD	21.500	7.664
2026-09-28T13:20:38.546Z	spark2	LOAD	23.416	4.161
2026-09-28T13:20:38.571Z	spark1	LOAD	21.584	7.666
2026-09-28T13:20:38.796Z	spark2	LOAD	23.416	4.161
2026-09-28T13:20:38.839Z	spark1	LOAD	21.531	7.666
2026-09-28T13:20:39.057Z	spark2	LOAD	23.417	4.161
2026-09-28T13:20:39.089Z	spark1	LOAD	21.485	7.666
2026-09-28T13:20:39.308Z	spark2	LOAD	23.417	4.161
2026-09-28T13:20:39.339Z	spark1	LOAD	21.438	7.666
2026-09-28T13:20:39.558Z	spark2	LOAD	23.417	4.161
2026-09-28T13:20:39.589Z	spark1	LOAD	21.385	7.667
2026-09-28T13:20:39.808Z	spark2	LOAD	23.418	4.161
2026-09-28T13:20:39.857Z	spark1	LOAD	21.312	7.667
2026-09-28T13:20:40.069Z	spark2	LOAD	23.418	4.161
2026-09-28T13:20:40.107Z	spark1	LOAD	21.278	7.667
2026-09-28T13:20:40.319Z	spark2	LOAD	23.422	4.161
2026-09-28T13:20:40.357Z	spark1	LOAD	21.233	7.667
2026-09-28T13:20:40.569Z	spark2	LOAD	23.422	4.161
2026-09-28T13:20:40.607Z	spark1	LOAD	21.227	7.668
2026-09-28T13:20:40.820Z	spark2	LOAD	23.422	4.161
2026-09-28T13:20:40.871Z	spark1	LOAD	21.181	7.668
2026-09-28T13:20:41.082Z	spark2	LOAD	23.422	4.161
2026-09-28T13:20:41.121Z	spark1	LOAD	21.106	7.668
2026-09-28T13:20:41.332Z	spark2	LOAD	23.422	4.161
2026-09-28T13:20:41.372Z	spark1	LOAD	21.082	7.668
2026-09-28T13:20:41.583Z	spark2	LOAD	23.422	4.161
2026-09-28T13:20:41.622Z	spark1	LOAD	21.051	7.668
2026-09-28T13:20:41.833Z	spark2	LOAD	23.422	4.161
2026-09-28T13:20:41.893Z	spark1	LOAD	21.038	7.668
2026-09-28T13:20:42.093Z	spark2	LOAD	23.425	4.161
2026-09-28T13:20:42.144Z	spark1	LOAD	20.963	7.668
2026-09-28T13:20:42.344Z	spark2	LOAD	23.425	4.161
2026-09-28T13:20:42.394Z	spark1	LOAD	20.919	7.668
2026-09-28T13:20:42.594Z	spark2	LOAD	23.425	4.161
2026-09-28T13:20:42.644Z	spark1	LOAD	20.873	7.668
2026-09-28T13:20:42.845Z	spark2	LOAD	23.425	4.161
2026-09-28T13:20:42.906Z	spark1	LOAD	20.915	7.669
2026-09-28T13:20:43.106Z	spark2	LOAD	23.428	4.161
2026-09-28T13:20:43.156Z	spark1	LOAD	20.869	7.669
2026-09-28T13:20:43.357Z	spark2	LOAD	23.428	4.161
2026-09-28T13:20:43.406Z	spark1	LOAD	20.819	7.669
2026-09-28T13:20:43.608Z	spark2	LOAD	23.428	4.161
2026-09-28T13:20:43.657Z	spark1	LOAD	20.779	7.669
2026-09-28T13:20:43.859Z	spark2	LOAD	23.430	4.161
2026-09-28T13:20:43.924Z	spark1	LOAD	20.743	7.669
2026-09-28T13:20:44.123Z	spark2	LOAD	23.429	4.161
2026-09-28T13:20:44.175Z	spark1	LOAD	20.687	7.668
2026-09-28T13:20:44.374Z	spark2	LOAD	23.429	4.161
2026-09-28T13:20:44.425Z	spark1	LOAD	20.669	7.669
2026-09-28T13:20:44.625Z	spark2	LOAD	23.429	4.161
2026-09-28T13:20:44.675Z	spark1	LOAD	20.626	7.669
2026-09-28T13:20:44.875Z	spark2	LOAD	23.429	4.161
2026-09-28T13:20:44.942Z	spark1	LOAD	20.589	7.669
2026-09-28T13:20:45.136Z	spark2	LOAD	23.430	4.161
2026-09-28T13:20:45.192Z	spark1	LOAD	20.589	7.670
2026-09-28T13:20:45.387Z	spark2	LOAD	23.430	4.161
2026-09-28T13:20:45.442Z	spark1	LOAD	20.553	7.670
2026-09-28T13:20:45.638Z	spark2	LOAD	23.430	4.161
2026-09-28T13:20:45.693Z	spark1	LOAD	20.493	7.670
2026-09-28T13:20:45.889Z	spark2	LOAD	23.432	4.161
2026-09-28T13:20:45.955Z	spark1	LOAD	20.454	7.670
2026-09-28T13:20:46.153Z	spark2	LOAD	23.432	4.161
2026-09-28T13:20:46.206Z	spark1	LOAD	20.395	7.670
2026-09-28T13:20:46.404Z	spark2	LOAD	23.432	4.161
2026-09-28T13:20:46.456Z	spark1	LOAD	20.359	7.670
2026-09-28T13:20:46.655Z	spark2	LOAD	23.432	4.161
2026-09-28T13:20:46.706Z	spark1	LOAD	20.308	7.670
2026-09-28T13:20:46.906Z	spark2	LOAD	23.434	4.161
2026-09-28T13:20:46.974Z	spark1	LOAD	20.279	7.670
2026-09-28T13:20:47.169Z	spark2	LOAD	23.434	4.161
2026-09-28T13:20:47.224Z	spark1	LOAD	20.255	7.670
2026-09-28T13:20:47.421Z	spark2	LOAD	23.434	4.161
2026-09-28T13:20:47.474Z	spark1	LOAD	20.202	7.670
2026-09-28T13:20:47.671Z	spark2	LOAD	23.435	4.161
2026-09-28T13:20:47.725Z	spark1	LOAD	20.123	7.670
2026-09-28T13:20:47.921Z	spark2	LOAD	23.436	4.161
2026-09-28T13:20:47.992Z	spark1	LOAD	20.091	7.670
2026-09-28T13:20:48.185Z	spark2	LOAD	23.435	4.159
2026-09-28T13:20:48.242Z	spark1	LOAD	20.062	7.670
2026-09-28T13:20:48.435Z	spark2	LOAD	23.421	4.159
2026-09-28T13:20:48.492Z	spark1	LOAD	20.095	7.670
2026-09-28T13:20:48.687Z	spark2	LOAD	23.437	4.158
2026-09-28T13:20:48.742Z	spark1	LOAD	20.040	7.670
2026-09-28T13:20:48.937Z	spark2	LOAD	23.438	4.158
2026-09-28T13:20:49.012Z	spark1	LOAD	19.985	7.670
2026-09-28T13:20:49.202Z	spark2	LOAD	23.437	4.158
2026-09-28T13:20:49.263Z	spark1	LOAD	19.956	7.670
2026-09-28T13:20:49.453Z	spark2	LOAD	23.437	4.158
2026-09-28T13:20:49.513Z	spark1	LOAD	19.973	7.670
2026-09-28T13:20:49.703Z	spark2	LOAD	23.437	4.158
2026-09-28T13:20:49.763Z	spark1	LOAD	19.923	7.670
2026-09-28T13:20:49.954Z	spark2	LOAD	23.438	4.158
2026-09-28T13:20:50.025Z	spark1	LOAD	19.858	7.670
2026-09-28T13:20:50.219Z	spark2	LOAD	23.438	4.158
2026-09-28T13:20:50.275Z	spark1	LOAD	19.802	7.670
2026-09-28T13:20:50.469Z	spark2	LOAD	23.438	4.158
2026-09-28T13:20:50.526Z	spark1	LOAD	19.807	7.670
2026-09-28T13:20:50.720Z	spark2	LOAD	23.438	4.158
2026-09-28T13:20:50.776Z	spark1	LOAD	19.765	7.670
2026-09-28T13:20:50.970Z	spark2	LOAD	23.438	4.158
2026-09-28T13:20:51.043Z	spark1	LOAD	19.730	7.670
2026-09-28T13:20:51.235Z	spark2	LOAD	23.438	4.158
2026-09-28T13:20:51.293Z	spark1	LOAD	19.686	7.670
2026-09-28T13:20:51.486Z	spark2	LOAD	23.438	4.158
2026-09-28T13:20:51.543Z	spark1	LOAD	19.649	7.670
2026-09-28T13:20:51.736Z	spark2	LOAD	23.438	4.158
2026-09-28T13:20:51.793Z	spark1	LOAD	19.600	7.670
2026-09-28T13:20:51.987Z	spark2	LOAD	23.438	4.158
2026-09-28T13:20:52.060Z	spark1	LOAD	19.554	7.670
2026-09-28T13:20:52.252Z	spark2	LOAD	23.438	4.158
2026-09-28T13:20:52.310Z	spark1	LOAD	19.481	7.670
2026-09-28T13:20:52.504Z	spark2	LOAD	23.438	4.158
2026-09-28T13:20:52.560Z	spark1	LOAD	19.468	7.670
2026-09-28T13:20:52.754Z	spark2	LOAD	23.438	4.158
2026-09-28T13:20:52.811Z	spark1	LOAD	19.422	7.670
2026-09-28T13:20:53.005Z	spark2	LOAD	23.439	4.158
2026-09-28T13:20:53.072Z	spark1	LOAD	19.379	7.670
2026-09-28T13:20:53.269Z	spark2	LOAD	23.439	4.158
2026-09-28T13:20:53.323Z	spark1	LOAD	19.336	7.670
2026-09-28T13:20:53.520Z	spark2	LOAD	23.439	4.158
2026-09-28T13:20:53.573Z	spark1	LOAD	19.303	7.670
2026-09-28T13:20:53.771Z	spark2	LOAD	23.439	4.158
2026-09-28T13:20:53.823Z	spark1	LOAD	20.555	7.670
2026-09-28T13:20:54.022Z	spark2	LOAD	23.440	4.158
2026-09-28T13:20:54.085Z	spark1	LOAD	22.600	7.670
2026-09-28T13:20:54.286Z	spark2	LOAD	23.440	4.158
2026-09-28T13:20:54.335Z	spark1	LOAD	22.552	7.670
2026-09-28T13:20:54.536Z	spark2	LOAD	23.440	4.158
2026-09-28T13:20:54.585Z	spark1	LOAD	22.505	7.670
2026-09-28T13:20:54.787Z	spark2	LOAD	23.440	4.158
2026-09-28T13:20:54.835Z	spark1	LOAD	22.486	7.672
2026-09-28T13:20:55.038Z	spark2	LOAD	23.440	4.158
2026-09-28T13:20:55.102Z	spark1	LOAD	22.460	7.672
2026-09-28T13:20:55.302Z	spark2	LOAD	23.444	4.158
2026-09-28T13:20:55.352Z	spark1	LOAD	22.417	7.672
2026-09-28T13:20:55.553Z	spark2	LOAD	23.444	4.158
2026-09-28T13:20:55.603Z	spark1	LOAD	22.355	7.672
2026-09-28T13:20:55.804Z	spark2	LOAD	23.444	4.158
2026-09-28T13:20:55.853Z	spark1	LOAD	22.313	7.672
2026-09-28T13:20:56.054Z	spark2	LOAD	23.444	4.158
2026-09-28T13:20:56.119Z	spark1	LOAD	22.277	7.672
2026-09-28T13:20:56.319Z	spark2	LOAD	23.444	4.158
2026-09-28T13:20:56.370Z	spark1	LOAD	22.289	7.671
2026-09-28T13:20:56.569Z	spark2	LOAD	23.444	4.158
2026-09-28T13:20:56.620Z	spark1	LOAD	22.237	7.671
2026-09-28T13:20:56.820Z	spark2	LOAD	23.444	4.158
2026-09-28T13:20:56.870Z	spark1	LOAD	22.163	7.671
2026-09-28T13:20:57.071Z	spark2	LOAD	23.444	4.158
2026-09-28T13:20:57.137Z	spark1	LOAD	22.115	7.671
2026-09-28T13:20:57.335Z	spark2	LOAD	23.444	4.158
2026-09-28T13:20:57.387Z	spark1	LOAD	22.082	7.671
2026-09-28T13:20:57.586Z	spark2	LOAD	23.444	4.158
2026-09-28T13:20:57.637Z	spark1	LOAD	22.067	7.671
2026-09-28T13:20:57.836Z	spark2	LOAD	23.444	4.158
2026-09-28T13:20:57.887Z	spark1	LOAD	22.034	7.671
2026-09-28T13:20:58.087Z	spark2	LOAD	23.444	4.158
2026-09-28T13:20:58.155Z	spark1	LOAD	21.999	7.671
2026-09-28T13:20:58.352Z	spark2	LOAD	23.444	4.158
2026-09-28T13:20:58.405Z	spark1	LOAD	21.953	7.671
2026-09-28T13:20:58.603Z	spark2	LOAD	23.444	4.158
2026-09-28T13:20:58.655Z	spark1	LOAD	21.885	7.671
2026-09-28T13:20:58.853Z	spark2	LOAD	23.444	4.158
2026-09-28T13:20:58.906Z	spark1	LOAD	21.917	7.671
2026-09-28T13:20:59.103Z	spark2	LOAD	23.443	4.158
2026-09-28T13:20:59.173Z	spark1	LOAD	21.846	7.671
2026-09-28T13:20:59.368Z	spark2	LOAD	23.435	4.157
2026-09-28T13:20:59.423Z	spark1	LOAD	21.843	7.671
2026-09-28T13:20:59.618Z	spark2	LOAD	23.447	4.155
2026-09-28T13:20:59.673Z	spark1	LOAD	21.837	7.671
2026-09-28T13:20:59.869Z	spark2	LOAD	23.447	4.155
2026-09-28T13:20:59.923Z	spark1	LOAD	21.777	7.671
2026-09-28T13:21:00.120Z	spark2	LOAD	23.447	4.155
2026-09-28T13:21:00.190Z	spark1	LOAD	21.720	7.671
2026-09-28T13:21:00.382Z	spark2	LOAD	23.447	4.155
2026-09-28T13:21:00.440Z	spark1	LOAD	21.693	7.671
2026-09-28T13:21:00.632Z	spark2	LOAD	23.447	4.155
2026-09-28T13:21:00.691Z	spark1	LOAD	21.660	7.671
2026-09-28T13:21:00.883Z	spark2	LOAD	23.447	4.155
2026-09-28T13:21:00.941Z	spark1	LOAD	21.599	7.671
2026-09-28T13:21:01.134Z	spark2	LOAD	23.448	4.155
2026-09-28T13:21:01.209Z	spark1	LOAD	21.552	7.671
2026-09-28T13:21:01.398Z	spark2	LOAD	23.448	4.155
2026-09-28T13:21:01.460Z	spark1	LOAD	21.521	7.671
2026-09-28T13:21:01.648Z	spark2	LOAD	23.448	4.155
2026-09-28T13:21:01.710Z	spark1	LOAD	21.496	7.671
2026-09-28T13:21:01.899Z	spark2	LOAD	23.448	4.155
2026-09-28T13:21:01.960Z	spark1	LOAD	21.461	7.671
2026-09-28T13:21:02.150Z	spark2	LOAD	23.448	4.155
2026-09-28T13:21:02.227Z	spark1	LOAD	21.416	7.671
2026-09-28T13:21:02.414Z	spark2	LOAD	23.448	4.155
2026-09-28T13:21:02.478Z	spark1	LOAD	21.381	7.671
2026-09-28T13:21:02.665Z	spark2	LOAD	23.448	4.155
2026-09-28T13:21:02.728Z	spark1	LOAD	21.347	7.671
2026-09-28T13:21:02.915Z	spark2	LOAD	23.448	4.155
2026-09-28T13:21:02.978Z	spark1	LOAD	21.305	7.671
2026-09-28T13:21:03.165Z	spark2	LOAD	23.448	4.155
2026-09-28T13:21:03.240Z	spark1	LOAD	21.238	7.671
2026-09-28T13:21:03.430Z	spark2	LOAD	23.448	4.155
2026-09-28T13:21:03.490Z	spark1	LOAD	21.213	7.671
2026-09-28T13:21:03.680Z	spark2	LOAD	23.448	4.155
2026-09-28T13:21:03.740Z	spark1	LOAD	21.182	7.671
2026-09-28T13:21:03.931Z	spark2	LOAD	23.448	4.155
2026-09-28T13:21:03.990Z	spark1	LOAD	21.148	7.671
2026-09-28T13:21:04.181Z	spark2	LOAD	23.448	4.155
2026-09-28T13:21:04.257Z	spark1	LOAD	21.111	7.671
2026-09-28T13:21:04.446Z	spark2	LOAD	23.448	4.155
2026-09-28T13:21:04.508Z	spark1	LOAD	21.085	7.671
2026-09-28T13:21:04.696Z	spark2	LOAD	23.448	4.155
2026-09-28T13:21:04.758Z	spark1	LOAD	21.046	7.671
2026-09-28T13:21:04.947Z	spark2	LOAD	23.448	4.155
2026-09-28T13:21:05.008Z	spark1	LOAD	21.010	7.671
2026-09-28T13:21:05.198Z	spark2	LOAD	23.448	4.155
2026-09-28T13:21:05.271Z	spark1	LOAD	20.957	7.671
2026-09-28T13:21:05.463Z	spark2	LOAD	23.448	4.155
2026-09-28T13:21:05.521Z	spark1	LOAD	20.931	7.671
2026-09-28T13:21:05.713Z	spark2	LOAD	23.448	4.155
2026-09-28T13:21:05.771Z	spark1	LOAD	20.894	7.642
2026-09-28T13:21:05.964Z	spark2	LOAD	23.448	4.155
2026-09-28T13:21:06.021Z	spark1	LOAD	20.837	7.627
2026-09-28T13:21:06.215Z	spark2	LOAD	23.448	4.155
2026-09-28T13:21:06.284Z	spark1	LOAD	20.803	7.620
2026-09-28T13:21:06.479Z	spark2	LOAD	23.448	4.155
2026-09-28T13:21:06.535Z	spark1	LOAD	20.775	7.620
2026-09-28T13:21:06.730Z	spark2	LOAD	23.448	4.155
2026-09-28T13:21:06.785Z	spark1	LOAD	20.824	7.620
2026-09-28T13:21:06.981Z	spark2	LOAD	23.448	4.155
2026-09-28T13:21:07.036Z	spark1	LOAD	20.788	7.620
2026-09-28T13:21:07.232Z	spark2	LOAD	23.448	4.155
2026-09-28T13:21:07.302Z	spark1	LOAD	20.709	7.620
2026-09-28T13:21:07.496Z	spark2	LOAD	23.448	4.155
2026-09-28T13:21:07.553Z	spark1	LOAD	20.711	7.620
2026-09-28T13:21:07.747Z	spark2	LOAD	23.448	4.155
2026-09-28T13:21:07.803Z	spark1	LOAD	20.681	7.620
2026-09-28T13:21:07.998Z	spark2	LOAD	23.448	4.155
2026-09-28T13:21:08.054Z	spark1	LOAD	20.649	7.620
2026-09-28T13:21:08.248Z	spark2	LOAD	23.448	4.155
2026-09-28T13:21:08.316Z	spark1	LOAD	20.610	7.620
2026-09-28T13:21:08.513Z	spark2	LOAD	23.448	4.155
2026-09-28T13:21:08.567Z	spark1	LOAD	20.579	7.620
2026-09-28T13:21:08.764Z	spark2	LOAD	23.448	4.155
2026-09-28T13:21:08.817Z	spark1	LOAD	20.550	7.620
2026-09-28T13:21:09.015Z	spark2	LOAD	23.448	4.155
2026-09-28T13:21:09.067Z	spark1	LOAD	20.515	7.620
2026-09-28T13:21:09.265Z	spark2	LOAD	23.448	4.155
2026-09-28T13:21:09.328Z	spark1	LOAD	20.451	7.620
2026-09-28T13:21:09.529Z	spark2	LOAD	23.448	4.155
2026-09-28T13:21:09.578Z	spark1	LOAD	20.413	7.620
2026-09-28T13:21:09.780Z	spark2	LOAD	23.448	4.155
2026-09-28T13:21:09.828Z	spark1	LOAD	20.325	7.620
2026-09-28T13:21:10.030Z	spark2	LOAD	23.447	4.155
2026-09-28T13:21:10.079Z	spark1	LOAD	20.321	7.620
2026-09-28T13:21:10.280Z	spark2	LOAD	23.424	4.154
2026-09-28T13:21:10.345Z	spark1	LOAD	20.280	7.620
2026-09-28T13:21:10.544Z	spark2	LOAD	23.447	4.152
2026-09-28T13:21:10.596Z	spark1	LOAD	20.237	7.620
2026-09-28T13:21:10.795Z	spark2	LOAD	23.447	4.152
2026-09-28T13:21:10.846Z	spark1	LOAD	20.206	7.620
2026-09-28T13:21:11.046Z	spark2	LOAD	23.447	4.152
2026-09-28T13:21:11.096Z	spark1	LOAD	20.227	7.620
2026-09-28T13:21:11.297Z	spark2	LOAD	23.447	4.152
2026-09-28T13:21:11.358Z	spark1	LOAD	20.153	7.620
2026-09-28T13:21:11.561Z	spark2	LOAD	23.448	4.152
2026-09-28T13:21:11.609Z	spark1	LOAD	20.169	7.620
2026-09-28T13:21:11.811Z	spark2	LOAD	23.448	4.152
2026-09-28T13:21:11.859Z	spark1	LOAD	20.138	7.620
2026-09-28T13:21:12.063Z	spark2	LOAD	23.448	4.152
2026-09-28T13:21:12.109Z	spark1	LOAD	20.145	7.620
2026-09-28T13:21:12.313Z	spark2	LOAD	23.448	4.152
2026-09-28T13:21:12.377Z	spark1	LOAD	20.103	7.620
2026-09-28T13:21:12.577Z	spark2	LOAD	23.448	4.152
2026-09-28T13:21:12.627Z	spark1	LOAD	20.057	7.620
2026-09-28T13:21:12.828Z	spark2	LOAD	23.448	4.152
2026-09-28T13:21:12.877Z	spark1	LOAD	20.029	7.620
2026-09-28T13:21:13.078Z	spark2	LOAD	23.448	4.152
2026-09-28T13:21:13.128Z	spark1	LOAD	20.010	7.620
2026-09-28T13:21:13.329Z	spark2	LOAD	23.448	4.152
2026-09-28T13:21:13.397Z	spark1	LOAD	19.973	7.620
2026-09-28T13:21:13.593Z	spark2	LOAD	23.448	4.152
2026-09-28T13:21:13.648Z	spark1	LOAD	19.912	7.620
2026-09-28T13:21:13.845Z	spark2	LOAD	23.448	4.152
2026-09-28T13:21:13.899Z	spark1	LOAD	19.895	7.620
2026-09-28T13:21:14.095Z	spark2	LOAD	23.448	4.152
2026-09-28T13:21:14.149Z	spark1	LOAD	19.863	7.620
2026-09-28T13:21:14.346Z	spark2	LOAD	23.448	4.152
2026-09-28T13:21:14.412Z	spark1	LOAD	19.842	7.620
2026-09-28T13:21:14.611Z	spark2	LOAD	23.448	4.152
2026-09-28T13:21:14.662Z	spark1	LOAD	19.809	7.620
2026-09-28T13:21:14.861Z	spark2	LOAD	23.448	4.152
2026-09-28T13:21:14.912Z	spark1	LOAD	19.774	7.620
2026-09-28T13:21:15.111Z	spark2	LOAD	23.448	4.152
2026-09-28T13:21:15.163Z	spark1	LOAD	19.739	7.620
2026-09-28T13:21:15.362Z	spark2	LOAD	23.448	4.152
2026-09-28T13:21:15.425Z	spark1	LOAD	19.712	7.620
2026-09-28T13:21:15.626Z	spark2	LOAD	23.448	4.152
2026-09-28T13:21:15.675Z	spark1	LOAD	19.638	7.620
2026-09-28T13:21:15.877Z	spark2	LOAD	23.448	4.152
2026-09-28T13:21:15.926Z	spark1	LOAD	19.607	7.620
2026-09-28T13:21:16.127Z	spark2	LOAD	23.448	4.152
2026-09-28T13:21:16.176Z	spark1	LOAD	19.576	7.620
2026-09-28T13:21:16.378Z	spark2	LOAD	23.448	4.152
2026-09-28T13:21:16.443Z	spark1	LOAD	19.549	7.620
2026-09-28T13:21:16.643Z	spark2	LOAD	23.448	4.152
2026-09-28T13:21:16.694Z	spark1	LOAD	19.537	7.620
2026-09-28T13:21:16.893Z	spark2	LOAD	23.448	4.151
2026-09-28T13:21:16.944Z	spark1	LOAD	19.505	7.620
2026-09-28T13:21:17.144Z	spark2	LOAD	23.448	4.151
2026-09-28T13:21:17.195Z	spark1	LOAD	19.461	7.620
2026-09-28T13:21:17.395Z	spark2	LOAD	23.448	4.151
2026-09-28T13:21:17.457Z	spark1	LOAD	19.429	7.620
2026-09-28T13:21:17.660Z	spark2	LOAD	23.448	4.151
2026-09-28T13:21:17.707Z	spark1	LOAD	19.346	7.620
2026-09-28T13:21:17.910Z	spark2	LOAD	23.448	4.151
2026-09-28T13:21:17.957Z	spark1	LOAD	20.204	7.620
2026-09-28T13:21:18.162Z	spark2	LOAD	23.448	4.151
2026-09-28T13:21:18.208Z	spark1	LOAD	21.732	7.620
2026-09-28T13:21:18.412Z	spark2	LOAD	23.448	4.151
2026-09-28T13:21:18.475Z	spark1	LOAD	22.594	7.620
2026-09-28T13:21:18.678Z	spark2	LOAD	23.448	4.151
2026-09-28T13:21:18.726Z	spark1	LOAD	22.562	7.620
2026-09-28T13:21:18.928Z	spark2	LOAD	23.448	4.151
2026-09-28T13:21:18.976Z	spark1	LOAD	22.533	7.620
2026-09-28T13:21:19.179Z	spark2	LOAD	23.448	4.151
2026-09-28T13:21:19.226Z	spark1	LOAD	22.484	7.620
2026-09-28T13:21:19.431Z	spark2	LOAD	23.448	4.151
2026-09-28T13:21:19.489Z	spark1	LOAD	22.445	7.619
2026-09-28T13:21:19.695Z	spark2	LOAD	23.448	4.151
2026-09-28T13:21:19.739Z	spark1	LOAD	22.377	7.619
2026-09-28T13:21:19.946Z	spark2	LOAD	23.448	4.151
2026-09-28T13:21:19.989Z	spark1	LOAD	22.375	7.620
2026-09-28T13:21:20.196Z	spark2	LOAD	23.448	4.151
2026-09-28T13:21:20.240Z	spark1	LOAD	22.336	7.620
2026-09-28T13:21:20.447Z	spark2	LOAD	23.448	4.151
2026-09-28T13:21:20.506Z	spark1	LOAD	22.273	7.620
2026-09-28T13:21:20.712Z	spark2	LOAD	23.448	4.151
2026-09-28T13:21:20.756Z	spark1	LOAD	22.225	7.620
2026-09-28T13:21:20.962Z	spark2	LOAD	23.446	4.151
2026-09-28T13:21:21.007Z	spark1	LOAD	22.192	7.620
2026-09-28T13:21:21.212Z	spark2	LOAD	23.433	4.150
2026-09-28T13:21:21.258Z	spark1	LOAD	22.158	7.620
2026-09-28T13:21:21.462Z	spark2	LOAD	23.437	4.149
2026-09-28T13:21:21.521Z	spark1	LOAD	22.099	7.620
2026-09-28T13:21:21.723Z	spark2	LOAD	23.437	4.149
2026-09-28T13:21:21.771Z	spark1	LOAD	22.036	7.620
2026-09-28T13:21:21.973Z	spark2	LOAD	23.437	4.149
2026-09-28T13:21:22.022Z	spark1	LOAD	22.008	7.620
2026-09-28T13:21:22.224Z	spark2	LOAD	23.438	4.149
2026-09-28T13:21:22.273Z	spark1	LOAD	21.959	7.620
2026-09-28T13:21:22.474Z	spark2	LOAD	23.438	4.149
2026-09-28T13:21:22.536Z	spark1	LOAD	21.923	7.620
2026-09-28T13:21:22.740Z	spark2	LOAD	23.437	4.149
2026-09-28T13:21:22.786Z	spark1	LOAD	21.891	7.620
2026-09-28T13:21:22.991Z	spark2	LOAD	23.438	4.149
2026-09-28T13:21:23.036Z	spark1	LOAD	21.863	7.620
2026-09-28T13:21:23.241Z	spark2	LOAD	23.438	4.149
2026-09-28T13:21:23.287Z	spark1	LOAD	21.833	7.620
2026-09-28T13:21:23.493Z	spark2	LOAD	23.438	4.149
2026-09-28T13:21:23.550Z	spark1	LOAD	21.801	7.620
2026-09-28T13:21:23.754Z	spark2	LOAD	23.438	4.149
2026-09-28T13:21:23.800Z	spark1	LOAD	21.734	7.620
2026-09-28T13:21:24.005Z	spark2	LOAD	23.439	4.149
2026-09-28T13:21:24.051Z	spark1	LOAD	21.710	7.620
2026-09-28T13:21:24.255Z	spark2	LOAD	23.439	4.149
2026-09-28T13:21:24.301Z	spark1	LOAD	21.683	7.620
2026-09-28T13:21:24.506Z	spark2	LOAD	23.439	4.149
2026-09-28T13:21:24.568Z	spark1	LOAD	21.651	7.619
2026-09-28T13:21:24.771Z	spark2	LOAD	23.439	4.149
2026-09-28T13:21:24.819Z	spark1	LOAD	21.625	7.619
2026-09-28T13:21:25.022Z	spark2	LOAD	23.439	4.149
2026-09-28T13:21:25.070Z	spark1	LOAD	21.597	7.619
2026-09-28T13:21:25.272Z	spark2	LOAD	23.439	4.149
2026-09-28T13:21:25.320Z	spark1	LOAD	21.570	7.619
2026-09-28T13:21:25.523Z	spark2	LOAD	23.439	4.149
2026-09-28T13:21:25.587Z	spark1	LOAD	21.536	7.619
2026-09-28T13:21:25.787Z	spark2	LOAD	23.439	4.149
2026-09-28T13:21:25.838Z	spark1	LOAD	21.475	7.619
2026-09-28T13:21:26.039Z	spark2	LOAD	23.439	4.149
2026-09-28T13:21:26.088Z	spark1	LOAD	21.454	7.619
2026-09-28T13:21:26.290Z	spark2	LOAD	23.439	4.149
2026-09-28T13:21:26.338Z	spark1	LOAD	21.428	7.619
2026-09-28T13:21:26.541Z	spark2	LOAD	23.439	4.149
2026-09-28T13:21:26.607Z	spark1	LOAD	21.397	7.619
2026-09-28T13:21:26.806Z	spark2	LOAD	23.439	4.149
2026-09-28T13:21:26.858Z	spark1	LOAD	21.368	7.619
2026-09-28T13:21:27.057Z	spark2	LOAD	23.439	4.149
2026-09-28T13:21:27.108Z	spark1	LOAD	21.351	7.619
2026-09-28T13:21:27.307Z	spark2	LOAD	23.439	4.149
2026-09-28T13:21:27.358Z	spark1	LOAD	21.324	7.619
2026-09-28T13:21:27.558Z	spark2	LOAD	23.439	4.149
2026-09-28T13:21:27.620Z	spark1	LOAD	21.289	7.619
2026-09-28T13:21:27.823Z	spark2	LOAD	23.439	4.149
2026-09-28T13:21:27.871Z	spark1	LOAD	21.229	7.619
2026-09-28T13:21:28.074Z	spark2	LOAD	23.439	4.149
2026-09-28T13:21:28.121Z	spark1	LOAD	21.205	7.619
2026-09-28T13:21:28.324Z	spark2	LOAD	23.439	4.149
2026-09-28T13:21:28.372Z	spark1	LOAD	21.176	7.619
2026-09-28T13:21:28.575Z	spark2	LOAD	23.440	4.149
2026-09-28T13:21:28.637Z	spark1	LOAD	21.146	7.619
2026-09-28T13:21:28.839Z	spark2	LOAD	23.440	4.149
2026-09-28T13:21:28.888Z	spark1	LOAD	21.117	7.619
2026-09-28T13:21:29.089Z	spark2	LOAD	23.440	4.149
2026-09-28T13:21:29.138Z	spark1	LOAD	21.087	7.619
2026-09-28T13:21:29.340Z	spark2	LOAD	23.440	4.149
2026-09-28T13:21:29.389Z	spark1	LOAD	21.062	7.619
2026-09-28T13:21:29.591Z	spark2	LOAD	23.440	4.149
2026-09-28T13:21:29.651Z	spark1	LOAD	21.027	7.619
2026-09-28T13:21:29.855Z	spark2	LOAD	23.440	4.149
2026-09-28T13:21:29.901Z	spark1	LOAD	20.969	7.619
2026-09-28T13:21:30.106Z	spark2	LOAD	23.440	4.149
2026-09-28T13:21:30.152Z	spark1	LOAD	20.937	7.619
2026-09-28T13:21:30.357Z	spark2	LOAD	23.440	4.149
2026-09-28T13:21:30.402Z	spark1	LOAD	20.906	7.619
2026-09-28T13:21:30.608Z	spark2	LOAD	23.440	4.149
2026-09-28T13:21:30.669Z	spark1	LOAD	20.879	7.619
2026-09-28T13:21:30.869Z	spark2	LOAD	23.440	4.149
2026-09-28T13:21:30.920Z	spark1	LOAD	20.846	7.619
2026-09-28T13:21:31.120Z	spark2	LOAD	23.440	4.149
2026-09-28T13:21:31.171Z	spark1	LOAD	20.812	7.619
2026-09-28T13:21:31.370Z	spark2	LOAD	23.440	4.149
2026-09-28T13:21:31.421Z	spark1	LOAD	20.779	7.619
2026-09-28T13:21:31.621Z	spark2	LOAD	23.440	4.149
2026-09-28T13:21:31.688Z	spark1	LOAD	20.693	7.619
2026-09-28T13:21:31.881Z	spark2	LOAD	23.438	4.148
2026-09-28T13:21:31.938Z	spark1	LOAD	20.647	7.619
2026-09-28T13:21:32.131Z	spark2	LOAD	23.418	4.148
2026-09-28T13:21:32.189Z	spark1	LOAD	20.599	7.619
2026-09-28T13:21:32.383Z	spark2	LOAD	23.416	4.147
2026-09-28T13:21:32.439Z	spark1	LOAD	20.551	7.619
2026-09-28T13:21:32.633Z	spark2	LOAD	23.416	4.147
2026-09-28T13:21:32.706Z	spark1	LOAD	20.519	7.619
2026-09-28T13:21:32.895Z	spark2	LOAD	23.417	4.147
2026-09-28T13:21:32.956Z	spark1	LOAD	20.490	7.619
2026-09-28T13:21:33.147Z	spark2	LOAD	23.418	4.147
2026-09-28T13:21:33.207Z	spark1	LOAD	20.461	7.619
2026-09-28T13:21:33.397Z	spark2	LOAD	23.418	4.147
2026-09-28T13:21:33.457Z	spark1	LOAD	20.433	7.619
2026-09-28T13:21:33.648Z	spark2	LOAD	23.418	4.147
2026-09-28T13:21:33.724Z	spark1	LOAD	20.402	7.619
2026-09-28T13:21:33.908Z	spark2	LOAD	23.419	4.147
2026-09-28T13:21:33.974Z	spark1	LOAD	20.350	7.619
2026-09-28T13:21:34.158Z	spark2	LOAD	23.419	4.147
2026-09-28T13:21:34.225Z	spark1	LOAD	20.318	7.619
2026-09-28T13:21:34.410Z	spark2	LOAD	23.419	4.147
2026-09-28T13:21:34.475Z	spark1	LOAD	20.369	7.619
2026-09-28T13:21:34.661Z	spark2	LOAD	23.419	4.147
2026-09-28T13:21:34.742Z	spark1	LOAD	20.324	7.619
2026-09-28T13:21:34.922Z	spark2	LOAD	23.420	4.147
2026-09-28T13:21:34.993Z	spark1	LOAD	20.291	7.619
2026-09-28T13:21:35.172Z	spark2	LOAD	23.420	4.147
2026-09-28T13:21:35.243Z	spark1	LOAD	20.262	7.619
2026-09-28T13:21:35.423Z	spark2	LOAD	23.420	4.147
2026-09-28T13:21:35.494Z	spark1	LOAD	20.230	7.619
2026-09-28T13:21:35.674Z	spark2	LOAD	23.420	4.147
2026-09-28T13:21:35.756Z	spark1	LOAD	20.185	7.619
2026-09-28T13:21:35.939Z	spark2	LOAD	23.420	4.147
2026-09-28T13:21:36.006Z	spark1	LOAD	20.145	7.620
2026-09-28T13:21:36.189Z	spark2	LOAD	23.421	4.147
2026-09-28T13:21:36.257Z	spark1	LOAD	20.110	7.620
2026-09-28T13:21:36.440Z	spark2	LOAD	23.421	4.147
2026-09-28T13:21:36.507Z	spark1	LOAD	20.073	7.621
2026-09-28T13:21:36.692Z	spark2	LOAD	23.421	4.147
2026-09-28T13:21:36.774Z	spark1	LOAD	20.036	7.621
2026-09-28T13:21:36.957Z	spark2	LOAD	23.421	4.147
2026-09-28T13:21:37.025Z	spark1	LOAD	20.001	7.621
2026-09-28T13:21:37.208Z	spark2	LOAD	23.421	4.147
2026-09-28T13:21:37.275Z	spark1	LOAD	19.992	7.621
2026-09-28T13:21:37.458Z	spark2	LOAD	23.421	4.147
2026-09-28T13:21:37.525Z	spark1	LOAD	19.954	7.621
2026-09-28T13:21:37.710Z	spark2	LOAD	23.421	4.147
2026-09-28T13:21:37.792Z	spark1	LOAD	19.907	7.621
2026-09-28T13:21:37.970Z	spark2	LOAD	23.421	4.147
2026-09-28T13:21:38.042Z	spark1	LOAD	19.873	7.621
2026-09-28T13:21:38.220Z	spark2	LOAD	23.423	4.147
2026-09-28T13:21:38.293Z	spark1	LOAD	19.831	7.621
2026-09-28T13:21:38.471Z	spark2	LOAD	23.423	4.147
2026-09-28T13:21:38.543Z	spark1	LOAD	19.803	7.621
2026-09-28T13:21:38.722Z	spark2	LOAD	23.423	4.147
2026-09-28T13:21:38.810Z	spark1	LOAD	19.769	7.621
2026-09-28T13:21:38.988Z	spark2	LOAD	23.424	4.147
2026-09-28T13:21:39.060Z	spark1	LOAD	19.741	7.621
2026-09-28T13:21:39.238Z	spark2	LOAD	23.424	4.147
2026-09-28T13:21:39.311Z	spark1	LOAD	19.713	7.621
2026-09-28T13:21:39.488Z	spark2	LOAD	23.424	4.147
2026-09-28T13:21:39.562Z	spark1	LOAD	19.686	7.621
2026-09-28T13:21:39.739Z	spark2	LOAD	23.424	4.147
2026-09-28T13:21:39.824Z	spark1	LOAD	19.650	7.621
2026-09-28T13:21:40.005Z	spark2	LOAD	23.424	4.147
2026-09-28T13:21:40.074Z	spark1	LOAD	19.629	7.621
2026-09-28T13:21:40.255Z	spark2	LOAD	23.424	4.147
2026-09-28T13:21:40.325Z	spark1	LOAD	19.576	7.621
2026-09-28T13:21:40.506Z	spark2	LOAD	23.424	4.147
2026-09-28T13:21:40.575Z	spark1	LOAD	19.538	7.621
2026-09-28T13:21:40.757Z	spark2	LOAD	23.424	4.147
2026-09-28T13:21:40.843Z	spark1	LOAD	19.523	7.621
2026-09-28T13:21:41.022Z	spark2	LOAD	23.424	4.147
2026-09-28T13:21:41.093Z	spark1	LOAD	19.485	7.621
2026-09-28T13:21:41.273Z	spark2	LOAD	23.424	4.147
2026-09-28T13:21:41.344Z	spark1	LOAD	19.440	7.621
2026-09-28T13:21:41.523Z	spark2	LOAD	23.424	4.147
2026-09-28T13:21:41.594Z	spark1	LOAD	19.889	7.620
2026-09-28T13:21:41.774Z	spark2	LOAD	23.424	4.147
2026-09-28T13:21:41.860Z	spark1	LOAD	22.040	7.620
2026-09-28T13:21:42.035Z	spark2	LOAD	23.424	4.147
2026-09-28T13:21:42.111Z	spark1	LOAD	22.558	7.620
2026-09-28T13:21:42.285Z	spark2	LOAD	23.424	4.147
2026-09-28T13:21:42.361Z	spark1	LOAD	22.483	7.620
2026-09-28T13:21:42.536Z	spark2	LOAD	23.424	4.147
2026-09-28T13:21:42.611Z	spark1	LOAD	22.419	7.620
2026-09-28T13:21:42.786Z	spark2	LOAD	23.424	4.147
2026-09-28T13:21:42.873Z	spark1	LOAD	22.378	7.620
2026-09-28T13:21:43.049Z	spark2	LOAD	23.428	4.147
2026-09-28T13:21:43.124Z	spark1	LOAD	22.343	7.620
2026-09-28T13:21:43.300Z	spark2	LOAD	23.425	4.147
2026-09-28T13:21:43.374Z	spark1	LOAD	22.295	7.620
2026-09-28T13:21:43.552Z	spark2	LOAD	23.430	4.146
2026-09-28T13:21:43.624Z	spark1	LOAD	22.265	7.620
2026-09-28T13:21:43.802Z	spark2	LOAD	23.430	4.146
2026-09-28T13:21:43.891Z	spark1	LOAD	22.233	7.620
2026-09-28T13:21:44.068Z	spark2	LOAD	23.429	4.146
2026-09-28T13:21:44.142Z	spark1	LOAD	22.202	7.620
2026-09-28T13:21:44.318Z	spark2	LOAD	23.429	4.146
2026-09-28T13:21:44.392Z	spark1	LOAD	22.151	7.620
2026-09-28T13:21:44.569Z	spark2	LOAD	23.429	4.146
2026-09-28T13:21:44.643Z	spark1	LOAD	22.119	7.620
2026-09-28T13:21:44.819Z	spark2	LOAD	23.429	4.146
2026-09-28T13:21:44.904Z	spark1	LOAD	22.083	7.620
2026-09-28T13:21:45.080Z	spark2	LOAD	23.429	4.146
2026-09-28T13:21:45.154Z	spark1	LOAD	22.043	7.620
2026-09-28T13:21:45.331Z	spark2	LOAD	23.429	4.146
2026-09-28T13:21:45.405Z	spark1	LOAD	22.006	7.620
2026-09-28T13:21:45.581Z	spark2	LOAD	23.429	4.146
2026-09-28T13:21:45.655Z	spark1	LOAD	21.971	7.620
2026-09-28T13:21:45.832Z	spark2	LOAD	23.429	4.146
2026-09-28T13:21:45.923Z	spark1	LOAD	21.924	7.620
2026-09-28T13:21:46.094Z	spark2	LOAD	23.429	4.146
2026-09-28T13:21:46.173Z	spark1	LOAD	21.882	7.620
2026-09-28T13:21:46.344Z	spark2	LOAD	23.429	4.146
2026-09-28T13:21:46.423Z	spark1	LOAD	21.821	7.620
2026-09-28T13:21:46.595Z	spark2	LOAD	23.429	4.146
2026-09-28T13:21:46.674Z	spark1	LOAD	21.786	7.620
2026-09-28T13:21:46.845Z	spark2	LOAD	23.429	4.146
2026-09-28T13:21:46.940Z	spark1	LOAD	21.750	7.620
2026-09-28T13:21:47.111Z	spark2	LOAD	23.429	4.146
2026-09-28T13:21:47.191Z	spark1	LOAD	21.719	7.620
2026-09-28T13:21:47.362Z	spark2	LOAD	23.429	4.146
2026-09-28T13:21:47.441Z	spark1	LOAD	21.686	7.620
2026-09-28T13:21:47.612Z	spark2	LOAD	23.429	4.146
2026-09-28T13:21:47.691Z	spark1	LOAD	21.642	7.620
2026-09-28T13:21:47.863Z	spark2	LOAD	23.429	4.146
2026-09-28T13:21:47.957Z	spark1	LOAD	21.608	7.620
2026-09-28T13:21:48.123Z	spark2	LOAD	23.429	4.146
2026-09-28T13:21:48.208Z	spark1	LOAD	21.573	7.620
2026-09-28T13:21:48.373Z	spark2	LOAD	23.429	4.146
2026-09-28T13:21:48.459Z	spark1	LOAD	21.497	7.620
2026-09-28T13:21:48.624Z	spark2	LOAD	23.429	4.146
2026-09-28T13:21:48.709Z	spark1	LOAD	21.456	7.620
2026-09-28T13:21:48.874Z	spark2	LOAD	23.429	4.146
2026-09-28T13:21:48.976Z	spark1	LOAD	21.420	7.620
2026-09-28T13:21:49.139Z	spark2	LOAD	23.429	4.146
2026-09-28T13:21:49.227Z	spark1	LOAD	21.383	7.620
2026-09-28T13:21:49.390Z	spark2	LOAD	23.429	4.146
2026-09-28T13:21:49.477Z	spark1	LOAD	21.352	7.620
2026-09-28T13:21:49.641Z	spark2	LOAD	23.429	4.146
2026-09-28T13:21:49.727Z	spark1	LOAD	21.314	7.620
2026-09-28T13:21:49.892Z	spark2	LOAD	23.429	4.146
2026-09-28T13:21:49.989Z	spark1	LOAD	21.274	7.620
2026-09-28T13:21:50.156Z	spark2	LOAD	23.429	4.146
2026-09-28T13:21:50.240Z	spark1	LOAD	21.239	7.620
2026-09-28T13:21:50.406Z	spark2	LOAD	23.429	4.146
2026-09-28T13:21:50.490Z	spark1	LOAD	21.259	7.620
2026-09-28T13:21:50.657Z	spark2	LOAD	23.429	4.146
2026-09-28T13:21:50.741Z	spark1	LOAD	21.214	7.620
2026-09-28T13:21:50.908Z	spark2	LOAD	23.429	4.146
2026-09-28T13:21:51.009Z	spark1	LOAD	21.160	7.620
2026-09-28T13:21:51.169Z	spark2	LOAD	23.429	4.146
2026-09-28T13:21:51.259Z	spark1	LOAD	21.110	7.620
2026-09-28T13:21:51.421Z	spark2	LOAD	23.429	4.146
2026-09-28T13:21:51.509Z	spark1	LOAD	21.073	7.620
2026-09-28T13:21:51.670Z	spark2	LOAD	23.429	4.146
2026-09-28T13:21:51.760Z	spark1	LOAD	21.039	7.620
2026-09-28T13:21:51.921Z	spark2	LOAD	23.429	4.146
2026-09-28T13:21:52.029Z	spark1	LOAD	20.997	7.620
2026-09-28T13:21:52.183Z	spark2	LOAD	23.429	4.146
2026-09-28T13:21:52.279Z	spark1	LOAD	20.960	7.620
2026-09-28T13:21:52.433Z	spark2	LOAD	23.429	4.146
2026-09-28T13:21:52.530Z	spark1	LOAD	20.890	7.620
2026-09-28T13:21:52.683Z	spark2	LOAD	23.429	4.146
2026-09-28T13:21:52.780Z	spark1	LOAD	20.857	7.620
2026-09-28T13:21:52.934Z	spark2	LOAD	23.429	4.146
2026-09-28T13:21:53.047Z	spark1	LOAD	20.740	7.621
2026-09-28T13:21:53.196Z	spark2	LOAD	23.429	4.146
2026-09-28T13:21:53.297Z	spark1	LOAD	20.769	7.621
2026-09-28T13:21:53.447Z	spark2	LOAD	23.429	4.146
2026-09-28T13:21:53.547Z	spark1	LOAD	20.687	7.621
2026-09-28T13:21:53.697Z	spark2	LOAD	23.429	4.146
2026-09-28T13:21:53.798Z	spark1	LOAD	20.684	7.621
2026-09-28T13:21:53.947Z	spark2	LOAD	23.424	4.145
2026-09-28T13:21:54.062Z	spark1	LOAD	20.645	7.621
2026-09-28T13:21:54.207Z	spark2	LOAD	23.406	4.145
2026-09-28T13:21:54.312Z	spark1	LOAD	20.597	7.621
2026-09-28T13:21:54.458Z	spark2	LOAD	23.414	4.144
2026-09-28T13:21:54.563Z	spark1	LOAD	20.556	7.621
2026-09-28T13:21:54.708Z	spark2	LOAD	23.414	4.144
2026-09-28T13:21:54.813Z	spark1	LOAD	20.515	7.621
2026-09-28T13:21:54.959Z	spark2	LOAD	23.414	4.144
2026-09-28T13:21:55.075Z	spark1	LOAD	20.475	7.621
2026-09-28T13:21:55.219Z	spark2	LOAD	23.413	4.144
2026-09-28T13:21:55.325Z	spark1	LOAD	20.478	7.621
2026-09-28T13:21:55.469Z	spark2	LOAD	23.413	4.144
2026-09-28T13:21:55.576Z	spark1	LOAD	20.434	7.621
2026-09-28T13:21:55.720Z	spark2	LOAD	23.413	4.144
2026-09-28T13:21:55.826Z	spark1	LOAD	20.396	7.621
2026-09-28T13:21:55.971Z	spark2	LOAD	23.413	4.144
2026-09-28T13:21:56.094Z	spark1	LOAD	20.349	7.621
2026-09-28T13:21:56.231Z	spark2	LOAD	23.413	4.144
2026-09-28T13:21:56.345Z	spark1	LOAD	20.309	7.621
2026-09-28T13:21:56.482Z	spark2	LOAD	23.413	4.144
2026-09-28T13:21:56.595Z	spark1	LOAD	20.255	7.622
2026-09-28T13:21:56.732Z	spark2	LOAD	23.413	4.144
2026-09-28T13:21:56.845Z	spark1	LOAD	20.220	7.622
2026-09-28T13:21:56.983Z	spark2	LOAD	23.413	4.144
2026-09-28T13:21:57.107Z	spark1	LOAD	20.178	7.622
2026-09-28T13:21:57.244Z	spark2	LOAD	23.413	4.144
2026-09-28T13:21:57.357Z	spark1	LOAD	20.145	7.622
2026-09-28T13:21:57.495Z	spark2	LOAD	23.413	4.144
2026-09-28T13:21:57.608Z	spark1	LOAD	20.102	7.622
2026-09-28T13:21:57.746Z	spark2	LOAD	23.413	4.144
2026-09-28T13:21:57.858Z	spark1	LOAD	20.052	7.622
2026-09-28T13:21:57.996Z	spark2	LOAD	23.413	4.144
2026-09-28T13:21:58.120Z	spark1	LOAD	20.007	7.622
2026-09-28T13:21:58.258Z	spark2	LOAD	23.414	4.144
2026-09-28T13:21:58.370Z	spark1	LOAD	19.968	7.622
2026-09-28T13:21:58.508Z	spark2	LOAD	23.414	4.144
2026-09-28T13:21:58.620Z	spark1	LOAD	19.889	7.622
2026-09-28T13:21:58.760Z	spark2	LOAD	23.414	4.144
2026-09-28T13:21:58.871Z	spark1	LOAD	19.859	7.622
2026-09-28T13:21:59.010Z	spark2	LOAD	23.415	4.144
2026-09-28T13:21:59.138Z	spark1	LOAD	19.817	7.622
2026-09-28T13:21:59.275Z	spark2	LOAD	23.415	4.144
2026-09-28T13:21:59.388Z	spark1	LOAD	19.366	7.622
2026-09-28T13:21:59.526Z	spark2	LOAD	23.415	4.144
2026-09-28T13:21:59.639Z	spark1	LOAD	19.337	7.622
2026-09-28T13:21:59.777Z	spark2	LOAD	23.415	4.144
2026-09-28T13:21:59.889Z	spark1	LOAD	19.299	7.622
2026-09-28T13:22:00.027Z	spark2	LOAD	23.417	4.144
2026-09-28T13:22:00.151Z	spark1	LOAD	19.633	7.622
2026-09-28T13:22:00.289Z	spark2	LOAD	23.417	4.144
2026-09-28T13:22:00.401Z	spark1	LOAD	19.594	7.622
2026-09-28T13:22:00.539Z	spark2	LOAD	23.417	4.144
2026-09-28T13:22:00.651Z	spark1	LOAD	19.553	7.622
2026-09-28T13:22:00.790Z	spark2	LOAD	23.417	4.144
2026-09-28T13:22:00.901Z	spark1	LOAD	19.497	7.621
2026-09-28T13:22:01.041Z	spark2	LOAD	23.417	4.144
2026-09-28T13:22:01.164Z	spark1	LOAD	19.456	7.621
2026-09-28T13:22:01.302Z	spark2	LOAD	23.417	4.144
2026-09-28T13:22:01.414Z	spark1	LOAD	19.430	7.621
2026-09-28T13:22:01.552Z	spark2	LOAD	23.417	4.144
2026-09-28T13:22:01.665Z	spark1	LOAD	19.414	7.621
2026-09-28T13:22:01.803Z	spark2	LOAD	23.417	4.144
2026-09-28T13:22:01.915Z	spark1	LOAD	19.376	7.621
2026-09-28T13:22:02.054Z	spark2	LOAD	23.417	4.144
2026-09-28T13:22:02.182Z	spark1	LOAD	19.333	7.621
2026-09-28T13:22:02.320Z	spark2	LOAD	23.416	4.144
2026-09-28T13:22:02.433Z	spark1	LOAD	19.296	7.621
2026-09-28T13:22:02.570Z	spark2	LOAD	23.416	4.144
2026-09-28T13:22:02.683Z	spark1	LOAD	19.255	7.621
2026-09-28T13:22:02.821Z	spark2	LOAD	23.416	4.144
2026-09-28T13:22:02.933Z	spark1	LOAD	20.363	7.621
2026-09-28T13:22:03.072Z	spark2	LOAD	23.416	4.144
2026-09-28T13:22:03.195Z	spark1	LOAD	22.420	7.621
2026-09-28T13:22:03.336Z	spark2	LOAD	23.416	4.144
2026-09-28T13:22:03.446Z	spark1	LOAD	22.396	7.621
2026-09-28T13:22:03.588Z	spark2	LOAD	23.416	4.144
2026-09-28T13:22:03.696Z	spark1	LOAD	22.355	7.621
2026-09-28T13:22:03.838Z	spark2	LOAD	23.416	4.144
2026-09-28T13:22:03.946Z	spark1	LOAD	22.346	7.621
2026-09-28T13:22:04.089Z	spark2	LOAD	23.416	4.144
2026-09-28T13:22:04.209Z	spark1	LOAD	22.308	7.621
2026-09-28T13:22:04.355Z	spark2	LOAD	23.416	4.144
2026-09-28T13:22:04.459Z	spark1	LOAD	22.224	7.621
2026-09-28T13:22:04.605Z	spark2	LOAD	23.416	4.144
2026-09-28T13:22:04.709Z	spark1	LOAD	22.170	7.621
2026-09-28T13:22:04.855Z	spark2	LOAD	23.415	4.144
2026-09-28T13:22:04.960Z	spark1	LOAD	22.136	7.621
2026-09-28T13:22:05.105Z	spark2	LOAD	23.391	4.144
2026-09-28T13:22:05.225Z	spark1	LOAD	22.095	7.621
2026-09-28T13:22:05.372Z	spark2	LOAD	23.398	4.143
2026-09-28T13:22:05.476Z	spark1	LOAD	22.047	7.621
2026-09-28T13:22:05.622Z	spark2	LOAD	23.398	4.143
2026-09-28T13:22:05.726Z	spark1	LOAD	22.008	7.621
2026-09-28T13:22:05.873Z	spark2	LOAD	23.398	4.143
2026-09-28T13:22:05.977Z	spark1	LOAD	21.975	7.621
2026-09-28T13:22:06.124Z	spark2	LOAD	23.399	4.143
2026-09-28T13:22:06.242Z	spark1	LOAD	21.943	7.621
2026-09-28T13:22:06.388Z	spark2	LOAD	23.399	4.143
2026-09-28T13:22:06.493Z	spark1	LOAD	21.913	7.621
2026-09-28T13:22:06.640Z	spark2	LOAD	23.399	4.143
2026-09-28T13:22:06.743Z	spark1	LOAD	21.877	7.621
2026-09-28T13:22:06.890Z	spark2	LOAD	23.399	4.143
2026-09-28T13:22:06.993Z	spark1	LOAD	21.837	7.621
2026-09-28T13:22:07.141Z	spark2	LOAD	23.398	4.143
2026-09-28T13:22:07.257Z	spark1	LOAD	21.801	7.621
2026-09-28T13:22:07.402Z	spark2	LOAD	23.398	4.143
2026-09-28T13:22:07.507Z	spark1	LOAD	21.783	7.621
2026-09-28T13:22:07.652Z	spark2	LOAD	23.398	4.143
2026-09-28T13:22:07.757Z	spark1	LOAD	21.739	7.621
2026-09-28T13:22:07.903Z	spark2	LOAD	23.398	4.143
2026-09-28T13:22:08.008Z	spark1	LOAD	21.707	7.621
2026-09-28T13:22:08.155Z	spark2	LOAD	23.398	4.143
2026-09-28T13:22:08.270Z	spark1	LOAD	21.672	7.621
2026-09-28T13:22:08.419Z	spark2	LOAD	23.398	4.143
2026-09-28T13:22:08.520Z	spark1	LOAD	21.644	7.621
2026-09-28T13:22:08.671Z	spark2	LOAD	23.398	4.143
2026-09-28T13:22:08.771Z	spark1	LOAD	21.615	7.621
2026-09-28T13:22:08.920Z	spark2	LOAD	23.399	4.143
2026-09-28T13:22:09.021Z	spark1	LOAD	21.561	7.621
2026-09-28T13:22:09.171Z	spark2	LOAD	23.399	4.143
2026-09-28T13:22:09.288Z	spark1	LOAD	21.527	7.621
2026-09-28T13:22:09.436Z	spark2	LOAD	23.407	4.143
2026-09-28T13:22:09.538Z	spark1	LOAD	21.491	7.621
2026-09-28T13:22:09.687Z	spark2	LOAD	23.407	4.143
2026-09-28T13:22:09.789Z	spark1	LOAD	21.454	7.621
2026-09-28T13:22:09.938Z	spark2	LOAD	23.407	4.143
2026-09-28T13:22:10.039Z	spark1	LOAD	21.420	7.621
2026-09-28T13:22:10.188Z	spark2	LOAD	23.407	4.143
2026-09-28T13:22:10.307Z	spark1	LOAD	21.391	7.621
2026-09-28T13:22:10.450Z	spark2	LOAD	23.407	4.143
2026-09-28T13:22:10.558Z	spark1	LOAD	21.358	7.621
2026-09-28T13:22:10.700Z	spark2	LOAD	23.407	4.143
2026-09-28T13:22:10.808Z	spark1	LOAD	21.319	7.621
2026-09-28T13:22:10.950Z	spark2	LOAD	23.408	4.143
2026-09-28T13:22:11.059Z	spark1	LOAD	21.252	7.621
2026-09-28T13:22:11.200Z	spark2	LOAD	23.408	4.143
2026-09-28T13:22:11.321Z	spark1	LOAD	21.216	7.621
2026-09-28T13:22:11.461Z	spark2	LOAD	23.407	4.143
2026-09-28T13:22:11.571Z	spark1	LOAD	21.182	7.621
2026-09-28T13:22:11.713Z	spark2	LOAD	23.407	4.143
2026-09-28T13:22:11.821Z	spark1	LOAD	21.141	7.621
2026-09-28T13:22:11.963Z	spark2	LOAD	23.407	4.143
2026-09-28T13:22:12.072Z	spark1	LOAD	21.112	7.621
2026-09-28T13:22:12.214Z	spark2	LOAD	23.407	4.143
2026-09-28T13:22:12.333Z	spark1	LOAD	21.074	7.621
2026-09-28T13:22:12.475Z	spark2	LOAD	23.406	4.143
2026-09-28T13:22:12.583Z	spark1	LOAD	21.084	7.621
2026-09-28T13:22:12.725Z	spark2	LOAD	23.406	4.143
2026-09-28T13:22:12.834Z	spark1	LOAD	21.059	7.621
2026-09-28T13:22:12.976Z	spark2	LOAD	23.406	4.143
2026-09-28T13:22:13.084Z	spark1	LOAD	20.994	7.620
2026-09-28T13:22:13.227Z	spark2	LOAD	23.406	4.143
2026-09-28T13:22:13.346Z	spark1	LOAD	20.938	7.620
2026-09-28T13:22:13.492Z	spark2	LOAD	23.406	4.143
2026-09-28T13:22:13.596Z	spark1	LOAD	20.912	7.620
2026-09-28T13:22:13.743Z	spark2	LOAD	23.406	4.143
2026-09-28T13:22:13.846Z	spark1	LOAD	20.879	7.619
2026-09-28T13:22:13.993Z	spark2	LOAD	23.406	4.143
2026-09-28T13:22:14.097Z	spark1	LOAD	20.880	7.619
2026-09-28T13:22:14.244Z	spark2	LOAD	23.406	4.143
2026-09-28T13:22:14.359Z	spark1	LOAD	20.831	7.619
2026-09-28T13:22:14.509Z	spark2	LOAD	23.406	4.143
2026-09-28T13:22:14.609Z	spark1	LOAD	20.797	7.619
2026-09-28T13:22:14.760Z	spark2	LOAD	23.406	4.143
2026-09-28T13:22:14.859Z	spark1	LOAD	20.759	7.619
2026-09-28T13:22:15.011Z	spark2	LOAD	23.406	4.143
2026-09-28T13:22:15.110Z	spark1	LOAD	20.644	7.619
2026-09-28T13:22:15.261Z	spark2	LOAD	23.406	4.143
2026-09-28T13:22:15.376Z	spark1	LOAD	20.579	7.619
2026-09-28T13:22:15.522Z	spark2	LOAD	23.406	4.143
2026-09-28T13:22:15.626Z	spark1	LOAD	20.583	7.619
2026-09-28T13:22:15.772Z	spark2	LOAD	23.406	4.143
2026-09-28T13:22:15.876Z	spark1	LOAD	20.547	7.619
2026-09-28T13:22:16.022Z	spark2	LOAD	23.385	4.143
2026-09-28T13:22:16.127Z	spark1	LOAD	20.511	7.619
2026-09-28T13:22:16.273Z	spark2	LOAD	23.388	4.142
2026-09-28T13:22:16.393Z	spark1	LOAD	20.457	7.619
2026-09-28T13:22:16.539Z	spark2	LOAD	23.388	4.142
2026-09-28T13:22:16.644Z	spark1	LOAD	20.432	7.619
2026-09-28T13:22:16.790Z	spark2	LOAD	23.388	4.142
2026-09-28T13:22:16.894Z	spark1	LOAD	20.397	7.619
2026-09-28T13:22:17.040Z	spark2	LOAD	23.389	4.142
2026-09-28T13:22:17.145Z	spark1	LOAD	20.354	7.619
2026-09-28T13:22:17.290Z	spark2	LOAD	23.389	4.142
2026-09-28T13:22:17.414Z	spark1	LOAD	20.320	7.619
2026-09-28T13:22:17.556Z	spark2	LOAD	23.389	4.142
2026-09-28T13:22:17.664Z	spark1	LOAD	20.287	7.619
2026-09-28T13:22:17.806Z	spark2	LOAD	23.389	4.142
2026-09-28T13:22:17.914Z	spark1	LOAD	20.241	7.619
2026-09-28T13:22:18.057Z	spark2	LOAD	23.391	4.142
2026-09-28T13:22:18.164Z	spark1	LOAD	20.261	7.619
2026-09-28T13:22:18.308Z	spark2	LOAD	23.391	4.142
2026-09-28T13:22:18.433Z	spark1	LOAD	20.198	7.619
2026-09-28T13:22:18.572Z	spark2	LOAD	23.391	4.142
2026-09-28T13:22:18.684Z	spark1	LOAD	20.158	7.619
2026-09-28T13:22:18.823Z	spark2	LOAD	23.391	4.142
2026-09-28T13:22:18.934Z	spark1	LOAD	20.148	7.619
2026-09-28T13:22:19.073Z	spark2	LOAD	23.394	4.142
2026-09-28T13:22:19.184Z	spark1	LOAD	20.062	7.619
2026-09-28T13:22:19.324Z	spark2	LOAD	23.394	4.142
2026-09-28T13:22:19.445Z	spark1	LOAD	20.032	7.619
2026-09-28T13:22:19.586Z	spark2	LOAD	23.394	4.142
2026-09-28T13:22:19.696Z	spark1	LOAD	19.998	7.619
2026-09-28T13:22:19.836Z	spark2	LOAD	23.394	4.142
2026-09-28T13:22:19.946Z	spark1	LOAD	19.971	7.619
2026-09-28T13:22:20.087Z	spark2	LOAD	23.395	4.142
2026-09-28T13:22:20.197Z	spark1	LOAD	19.934	7.619
2026-09-28T13:22:20.338Z	spark2	LOAD	23.395	4.142
2026-09-28T13:22:20.459Z	spark1	LOAD	19.884	7.619
2026-09-28T13:22:20.599Z	spark2	LOAD	23.395	4.142
2026-09-28T13:22:20.709Z	spark1	LOAD	19.853	7.619
2026-09-28T13:22:20.850Z	spark2	LOAD	23.395	4.142
2026-09-28T13:22:20.959Z	spark1	LOAD	19.820	7.619
2026-09-28T13:22:21.100Z	spark2	LOAD	23.395	4.142
2026-09-28T13:22:21.210Z	spark1	LOAD	19.775	7.619
2026-09-28T13:22:21.351Z	spark2	LOAD	23.395	4.142
2026-09-28T13:22:21.476Z	spark1	LOAD	19.753	7.619
2026-09-28T13:22:21.613Z	spark2	LOAD	23.395	4.142
2026-09-28T13:22:21.727Z	spark1	LOAD	19.709	7.619
2026-09-28T13:22:21.863Z	spark2	LOAD	23.395	4.142
2026-09-28T13:22:21.977Z	spark1	LOAD	19.677	7.619
2026-09-28T13:22:22.114Z	spark2	LOAD	23.395	4.142
2026-09-28T13:22:22.228Z	spark1	LOAD	19.641	7.619
2026-09-28T13:22:22.364Z	spark2	LOAD	23.395	4.142
2026-09-28T13:22:22.495Z	spark1	LOAD	19.602	7.619
2026-09-28T13:22:22.625Z	spark2	LOAD	23.395	4.142
2026-09-28T13:22:22.746Z	spark1	LOAD	19.567	7.618
2026-09-28T13:22:22.876Z	spark2	LOAD	23.395	4.142
2026-09-28T13:22:22.996Z	spark1	LOAD	19.520	7.618
2026-09-28T13:22:23.126Z	spark2	LOAD	23.395	4.142
2026-09-28T13:22:23.246Z	spark1	LOAD	19.462	7.618
2026-09-28T13:22:23.377Z	spark2	LOAD	23.395	4.142
2026-09-28T13:22:23.514Z	spark1	LOAD	19.425	7.618
2026-09-28T13:22:23.638Z	spark2	LOAD	23.395	4.142
2026-09-28T13:22:23.765Z	spark1	LOAD	19.392	7.618
2026-09-28T13:22:23.889Z	spark2	LOAD	23.395	4.142
2026-09-28T13:22:24.015Z	spark1	LOAD	19.363	7.618
2026-09-28T13:22:24.140Z	spark2	LOAD	23.395	4.142
2026-09-28T13:22:24.265Z	spark1	LOAD	20.049	7.618
2026-09-28T13:22:24.390Z	spark2	LOAD	23.395	4.142
2026-09-28T13:22:24.532Z	spark1	LOAD	21.726	7.618
2026-09-28T13:22:24.655Z	spark2	LOAD	23.395	4.142
2026-09-28T13:22:24.783Z	spark1	LOAD	22.543	7.618
2026-09-28T13:22:24.905Z	spark2	LOAD	23.395	4.142
2026-09-28T13:22:25.033Z	spark1	LOAD	22.514	7.618
2026-09-28T13:22:25.156Z	spark2	LOAD	23.395	4.142
2026-09-28T13:22:25.283Z	spark1	LOAD	22.483	7.618
2026-09-28T13:22:25.406Z	spark2	LOAD	23.395	4.142
2026-09-28T13:22:25.545Z	spark1	LOAD	22.412	7.618
2026-09-28T13:22:25.667Z	spark2	LOAD	23.395	4.142
2026-09-28T13:22:25.795Z	spark1	LOAD	22.380	7.618
2026-09-28T13:22:25.917Z	spark2	LOAD	23.395	4.142
2026-09-28T13:22:26.045Z	spark1	LOAD	22.347	7.618
2026-09-28T13:22:26.168Z	spark2	LOAD	23.395	4.142
2026-09-28T13:22:26.295Z	spark1	LOAD	22.288	7.618
2026-09-28T13:22:26.419Z	spark2	LOAD	23.395	4.142
2026-09-28T13:22:26.557Z	spark1	LOAD	22.230	7.618
2026-09-28T13:22:26.684Z	spark2	LOAD	23.394	4.142
2026-09-28T13:22:26.807Z	spark1	LOAD	22.196	7.618
2026-09-28T13:22:26.933Z	spark2	LOAD	23.385	4.142
2026-09-28T13:22:27.058Z	spark1	LOAD	22.161	7.618
2026-09-28T13:22:27.184Z	spark2	LOAD	23.405	4.141
2026-09-28T13:22:27.308Z	spark1	LOAD	22.106	7.618
2026-09-28T13:22:27.435Z	spark2	LOAD	23.405	4.141
2026-09-28T13:22:27.575Z	spark1	LOAD	22.045	7.618
2026-09-28T13:22:27.699Z	spark2	LOAD	23.405	4.141
2026-09-28T13:22:27.825Z	spark1	LOAD	22.005	7.618
2026-09-28T13:22:27.951Z	spark2	LOAD	23.405	4.141
2026-09-28T13:22:28.076Z	spark1	LOAD	21.972	7.618
2026-09-28T13:22:28.202Z	spark2	LOAD	23.405	4.141
2026-09-28T13:22:28.326Z	spark1	LOAD	21.937	7.618
2026-09-28T13:22:28.453Z	spark2	LOAD	23.405	4.141
2026-09-28T13:22:28.588Z	spark1	LOAD	21.897	7.618
2026-09-28T13:22:28.718Z	spark2	LOAD	23.405	4.141
2026-09-28T13:22:28.838Z	spark1	LOAD	21.860	7.618
2026-09-28T13:22:28.970Z	spark2	LOAD	23.405	4.141
2026-09-28T13:22:29.088Z	spark1	LOAD	21.822	7.618
2026-09-28T13:22:29.219Z	spark2	LOAD	23.405	4.141
2026-09-28T13:22:29.339Z	spark1	LOAD	21.786	7.618
2026-09-28T13:22:29.470Z	spark2	LOAD	23.405	4.141
2026-09-28T13:22:29.600Z	spark1	LOAD	21.721	7.618
2026-09-28T13:22:29.732Z	spark2	LOAD	23.405	4.141
2026-09-28T13:22:29.851Z	spark1	LOAD	21.755	7.618
2026-09-28T13:22:29.983Z	spark2	LOAD	23.405	4.141
2026-09-28T13:22:30.101Z	spark1	LOAD	21.726	7.618
2026-09-28T13:22:30.234Z	spark2	LOAD	23.405	4.141
2026-09-28T13:22:30.352Z	spark1	LOAD	21.699	7.618
2026-09-28T13:22:30.486Z	spark2	LOAD	23.405	4.141
2026-09-28T13:22:30.620Z	spark1	LOAD	21.659	7.618
2026-09-28T13:22:30.750Z	spark2	LOAD	23.405	4.141
2026-09-28T13:22:30.870Z	spark1	LOAD	21.626	7.617
2026-09-28T13:22:31.002Z	spark2	LOAD	23.405	4.141
2026-09-28T13:22:31.120Z	spark1	LOAD	21.590	7.617
2026-09-28T13:22:31.252Z	spark2	LOAD	23.405	4.141
2026-09-28T13:22:31.371Z	spark1	LOAD	21.554	7.617
2026-09-28T13:22:31.502Z	spark2	LOAD	23.405	4.141
2026-09-28T13:22:31.640Z	spark1	LOAD	21.493	7.617
2026-09-28T13:22:31.767Z	spark2	LOAD	23.404	4.141
2026-09-28T13:22:31.890Z	spark1	LOAD	21.457	7.617
2026-09-28T13:22:32.018Z	spark2	LOAD	23.404	4.141
2026-09-28T13:22:32.141Z	spark1	LOAD	21.425	7.617
2026-09-28T13:22:32.270Z	spark2	LOAD	23.404	4.141
2026-09-28T13:22:32.391Z	spark1	LOAD	21.388	7.617
2026-09-28T13:22:32.520Z	spark2	LOAD	23.404	4.141
2026-09-28T13:22:32.660Z	spark1	LOAD	21.347	7.617
2026-09-28T13:22:32.781Z	spark2	LOAD	23.404	4.141
2026-09-28T13:22:32.910Z	spark1	LOAD	21.301	7.617
2026-09-28T13:22:33.033Z	spark2	LOAD	23.404	4.141
2026-09-28T13:22:33.161Z	spark1	LOAD	21.275	7.617
2026-09-28T13:22:33.283Z	spark2	LOAD	23.404	4.141
2026-09-28T13:22:33.411Z	spark1	LOAD	21.238	7.617
2026-09-28T13:22:33.534Z	spark2	LOAD	23.404	4.141
2026-09-28T13:22:33.678Z	spark1	LOAD	21.170	7.617
2026-09-28T13:22:33.799Z	spark2	LOAD	23.404	4.141
2026-09-28T13:22:33.929Z	spark1	LOAD	21.125	7.617
2026-09-28T13:22:34.050Z	spark2	LOAD	23.404	4.141
2026-09-28T13:22:34.179Z	spark1	LOAD	21.083	7.617
2026-09-28T13:22:34.301Z	spark2	LOAD	23.404	4.141
2026-09-28T13:22:34.429Z	spark1	LOAD	21.048	7.617
2026-09-28T13:22:34.552Z	spark2	LOAD	23.404	4.141
2026-09-28T13:22:34.698Z	spark1	LOAD	21.031	7.617
2026-09-28T13:22:34.813Z	spark2	LOAD	23.404	4.141
2026-09-28T13:22:34.949Z	spark1	LOAD	20.986	7.617
2026-09-28T13:22:35.063Z	spark2	LOAD	23.404	4.141
2026-09-28T13:22:35.199Z	spark1	LOAD	20.943	7.617
2026-09-28T13:22:35.313Z	spark2	LOAD	23.404	4.141
2026-09-28T13:22:35.449Z	spark1	LOAD	20.914	7.618
2026-09-28T13:22:35.564Z	spark2	LOAD	23.404	4.141
2026-09-28T13:22:35.717Z	spark1	LOAD	20.845	7.618
2026-09-28T13:22:35.826Z	spark2	LOAD	23.404	4.141
2026-09-28T13:22:35.967Z	spark1	LOAD	20.803	7.618
2026-09-28T13:22:36.077Z	spark2	LOAD	23.404	4.141
2026-09-28T13:22:36.218Z	spark1	LOAD	20.763	7.618
2026-09-28T13:22:36.327Z	spark2	LOAD	23.404	4.141
2026-09-28T13:22:36.468Z	spark1	LOAD	20.712	7.617
2026-09-28T13:22:36.578Z	spark2	LOAD	23.404	4.141
2026-09-28T13:22:36.737Z	spark1	LOAD	20.642	7.617
2026-09-28T13:22:36.839Z	spark2	LOAD	23.404	4.141
2026-09-28T13:22:36.988Z	spark1	LOAD	20.617	7.617
2026-09-28T13:22:37.090Z	spark2	LOAD	23.404	4.141
2026-09-28T13:22:37.238Z	spark1	LOAD	20.565	7.617
2026-09-28T13:22:37.340Z	spark2	LOAD	23.404	4.141
2026-09-28T13:22:37.488Z	spark1	LOAD	20.518	7.618
2026-09-28T13:22:37.591Z	spark2	LOAD	23.404	4.141
2026-09-28T13:22:37.755Z	spark1	LOAD	20.440	7.618
2026-09-28T13:22:37.850Z	spark2	LOAD	23.391	4.141
2026-09-28T13:22:38.005Z	spark1	LOAD	20.459	7.618
2026-09-28T13:22:38.101Z	spark2	LOAD	23.409	4.141
2026-09-28T13:22:38.256Z	spark1	LOAD	20.412	7.618
2026-09-28T13:22:38.351Z	spark2	LOAD	23.409	4.141
2026-09-28T13:22:38.506Z	spark1	LOAD	20.367	7.618
2026-09-28T13:22:38.603Z	spark2	LOAD	23.409	4.141
2026-09-28T13:22:38.768Z	spark1	LOAD	20.396	7.618
2026-09-28T13:22:38.863Z	spark2	LOAD	23.409	4.141
2026-09-28T13:22:39.018Z	spark1	LOAD	20.362	7.619
2026-09-28T13:22:39.114Z	spark2	LOAD	23.409	4.141
2026-09-28T13:22:39.268Z	spark1	LOAD	20.325	7.619
2026-09-28T13:22:39.366Z	spark2	LOAD	23.409	4.141
2026-09-28T13:22:39.519Z	spark1	LOAD	20.270	7.619
2026-09-28T13:22:39.616Z	spark2	LOAD	23.409	4.140
2026-09-28T13:22:39.780Z	spark1	LOAD	20.210	7.619
2026-09-28T13:22:39.881Z	spark2	LOAD	23.409	4.140
2026-09-28T13:22:40.031Z	spark1	LOAD	20.172	7.619
2026-09-28T13:22:40.131Z	spark2	LOAD	23.408	4.140
2026-09-28T13:22:40.281Z	spark1	LOAD	20.140	7.619
2026-09-28T13:22:40.383Z	spark2	LOAD	23.408	4.140
2026-09-28T13:22:40.532Z	spark1	LOAD	20.103	7.619
2026-09-28T13:22:40.633Z	spark2	LOAD	23.408	4.140
2026-09-28T13:22:40.794Z	spark1	LOAD	20.064	7.619
2026-09-28T13:22:40.898Z	spark2	LOAD	23.408	4.140
2026-09-28T13:22:41.045Z	spark1	LOAD	20.025	7.619
2026-09-28T13:22:41.149Z	spark2	LOAD	23.408	4.140
2026-09-28T13:22:41.295Z	spark1	LOAD	19.982	7.619
2026-09-28T13:22:41.400Z	spark2	LOAD	23.408	4.140
2026-09-28T13:22:41.545Z	spark1	LOAD	19.937	7.619
2026-09-28T13:22:41.651Z	spark2	LOAD	23.408	4.140
2026-09-28T13:22:41.807Z	spark1	LOAD	19.863	7.619
2026-09-28T13:22:41.915Z	spark2	LOAD	23.408	4.140
2026-09-28T13:22:42.057Z	spark1	LOAD	19.834	7.619
2026-09-28T13:22:42.165Z	spark2	LOAD	23.408	4.140
2026-09-28T13:22:42.307Z	spark1	LOAD	19.791	7.619
2026-09-28T13:22:42.417Z	spark2	LOAD	23.408	4.140
2026-09-28T13:22:42.558Z	spark1	LOAD	19.749	7.619
2026-09-28T13:22:42.667Z	spark2	LOAD	23.408	4.140
2026-09-28T13:22:42.820Z	spark1	LOAD	19.702	7.619
2026-09-28T13:22:42.932Z	spark2	LOAD	23.408	4.140
2026-09-28T13:22:43.070Z	spark1	LOAD	19.320	7.619
2026-09-28T13:22:43.183Z	spark2	LOAD	23.408	4.140
2026-09-28T13:22:43.320Z	spark1	LOAD	19.619	7.619
2026-09-28T13:22:43.434Z	spark2	LOAD	23.408	4.140
2026-09-28T13:22:43.571Z	spark1	LOAD	19.255	7.619
2026-09-28T13:22:43.684Z	spark2	LOAD	23.408	4.140
2026-09-28T13:22:43.838Z	spark1	LOAD	19.453	7.619
2026-09-28T13:22:43.949Z	spark2	LOAD	23.408	4.140
2026-09-28T13:22:44.088Z	spark1	LOAD	19.546	7.619
2026-09-28T13:22:44.200Z	spark2	LOAD	23.408	4.140
2026-09-28T13:22:44.338Z	spark1	LOAD	19.498	7.619
2026-09-28T13:22:44.451Z	spark2	LOAD	23.408	4.140
2026-09-28T13:22:44.589Z	spark1	LOAD	20.133	7.618
2026-09-28T13:22:44.702Z	spark2	LOAD	23.408	4.140
2026-09-28T13:22:44.857Z	spark1	LOAD	21.654	7.618
2026-09-28T13:22:44.963Z	spark2	LOAD	23.408	4.140
2026-09-28T13:22:45.106Z	spark1	LOAD	22.600	7.618
2026-09-28T13:22:45.214Z	spark2	LOAD	23.408	4.140
2026-09-28T13:22:45.356Z	spark1	LOAD	22.565	7.618
2026-09-28T13:22:45.465Z	spark2	LOAD	23.408	4.140
2026-09-28T13:22:45.607Z	spark1	LOAD	22.533	7.618
2026-09-28T13:22:45.716Z	spark2	LOAD	23.408	4.140
2026-09-28T13:22:45.870Z	spark1	LOAD	22.472	7.618
2026-09-28T13:22:45.981Z	spark2	LOAD	23.408	4.140
2026-09-28T13:22:46.120Z	spark1	LOAD	22.438	7.618
2026-09-28T13:22:46.231Z	spark2	LOAD	23.408	4.140
2026-09-28T13:22:46.370Z	spark1	LOAD	22.397	7.618
2026-09-28T13:22:46.482Z	spark2	LOAD	23.408	4.140
2026-09-28T13:22:46.621Z	spark1	LOAD	22.338	7.618
2026-09-28T13:22:46.733Z	spark2	LOAD	23.408	4.140
2026-09-28T13:22:46.883Z	spark1	LOAD	22.303	7.618
2026-09-28T13:22:46.993Z	spark2	LOAD	23.408	4.140
2026-09-28T13:22:47.134Z	spark1	LOAD	22.265	7.618
2026-09-28T13:22:47.244Z	spark2	LOAD	23.408	4.140
2026-09-28T13:22:47.384Z	spark1	LOAD	22.234	7.618
2026-09-28T13:22:47.495Z	spark2	LOAD	23.408	4.140
2026-09-28T13:22:47.635Z	spark1	LOAD	22.200	7.618
2026-09-28T13:22:47.746Z	spark2	LOAD	23.408	4.140
2026-09-28T13:22:47.904Z	spark1	LOAD	22.155	7.618
2026-09-28T13:22:48.012Z	spark2	LOAD	23.408	4.140
2026-09-28T13:22:48.154Z	spark1	LOAD	22.096	7.618
2026-09-28T13:22:48.262Z	spark2	LOAD	23.408	4.140
2026-09-28T13:22:48.404Z	spark1	LOAD	22.049	7.618
2026-09-28T13:22:48.512Z	spark2	LOAD	23.409	4.140
2026-09-28T13:22:48.655Z	spark1	LOAD	22.018	7.618
2026-09-28T13:22:48.762Z	spark2	LOAD	23.406	4.140
2026-09-28T13:22:48.922Z	spark1	LOAD	21.997	7.618
2026-09-28T13:22:49.027Z	spark2	LOAD	23.394	4.140
2026-09-28T13:22:49.172Z	spark1	LOAD	21.944	7.618
2026-09-28T13:22:49.278Z	spark2	LOAD	23.394	4.140
2026-09-28T13:22:49.422Z	spark1	LOAD	21.911	7.618
2026-09-28T13:22:49.528Z	spark2	LOAD	23.394	4.140
2026-09-28T13:22:49.673Z	spark1	LOAD	21.878	7.618
2026-09-28T13:22:49.779Z	spark2	LOAD	23.394	4.140
2026-09-28T13:22:49.940Z	spark1	LOAD	21.845	7.618
2026-09-28T13:22:50.041Z	spark2	LOAD	23.394	4.140
2026-09-28T13:22:50.190Z	spark1	LOAD	21.781	7.618
2026-09-28T13:22:50.291Z	spark2	LOAD	23.394	4.140
2026-09-28T13:22:50.441Z	spark1	LOAD	21.746	7.618
2026-09-28T13:22:50.543Z	spark2	LOAD	23.394	4.140
2026-09-28T13:22:50.691Z	spark1	LOAD	21.714	7.618
2026-09-28T13:22:50.793Z	spark2	LOAD	23.394	4.140
2026-09-28T13:22:50.960Z	spark1	LOAD	21.680	7.618
2026-09-28T13:22:51.058Z	spark2	LOAD	23.395	4.140
2026-09-28T13:22:51.211Z	spark1	LOAD	21.646	7.618
2026-09-28T13:22:51.308Z	spark2	LOAD	23.395	4.140
2026-09-28T13:22:51.461Z	spark1	LOAD	21.611	7.618
2026-09-28T13:22:51.559Z	spark2	LOAD	23.396	4.140
2026-09-28T13:22:51.711Z	spark1	LOAD	21.578	7.618
2026-09-28T13:22:51.810Z	spark2	LOAD	23.396	4.140
2026-09-28T13:22:51.978Z	spark1	LOAD	21.541	7.618
2026-09-28T13:22:52.071Z	spark2	LOAD	23.398	4.140
2026-09-28T13:22:52.229Z	spark1	LOAD	21.482	7.618
2026-09-28T13:22:52.321Z	spark2	LOAD	23.398	4.140
2026-09-28T13:22:52.479Z	spark1	LOAD	21.446	7.618
2026-09-28T13:22:52.572Z	spark2	LOAD	23.398	4.140
2026-09-28T13:22:52.730Z	spark1	LOAD	21.408	7.618
2026-09-28T13:22:52.823Z	spark2	LOAD	23.398	4.140
2026-09-28T13:22:52.992Z	spark1	LOAD	21.360	7.618
2026-09-28T13:22:53.084Z	spark2	LOAD	23.398	4.140
2026-09-28T13:22:53.243Z	spark1	LOAD	21.323	7.618
2026-09-28T13:22:53.334Z	spark2	LOAD	23.400	4.140
2026-09-28T13:22:53.493Z	spark1	LOAD	21.377	7.618
2026-09-28T13:22:53.585Z	spark2	LOAD	23.400	4.140
2026-09-28T13:22:53.743Z	spark1	LOAD	21.322	7.618
2026-09-28T13:22:53.835Z	spark2	LOAD	23.400	4.140
2026-09-28T13:22:54.012Z	spark1	LOAD	21.277	7.618
2026-09-28T13:22:54.100Z	spark2	LOAD	23.400	4.140
2026-09-28T13:22:54.262Z	spark1	LOAD	21.221	7.618
2026-09-28T13:22:54.351Z	spark2	LOAD	23.400	4.140
2026-09-28T13:22:54.513Z	spark1	LOAD	21.187	7.618
2026-09-28T13:22:54.601Z	spark2	LOAD	23.400	4.140
2026-09-28T13:22:54.763Z	spark1	LOAD	21.149	7.618
2026-09-28T13:22:54.853Z	spark2	LOAD	23.400	4.140
2026-09-28T13:22:55.025Z	spark1	LOAD	21.139	7.618
2026-09-28T13:22:55.113Z	spark2	LOAD	23.400	4.140
2026-09-28T13:22:55.275Z	spark1	LOAD	21.099	7.618
2026-09-28T13:22:55.365Z	spark2	LOAD	23.400	4.140
2026-09-28T13:22:55.526Z	spark1	LOAD	21.072	7.618
2026-09-28T13:22:55.616Z	spark2	LOAD	23.400	4.140
2026-09-28T13:22:55.776Z	spark1	LOAD	21.046	7.619
2026-09-28T13:22:55.866Z	spark2	LOAD	23.400	4.140
2026-09-28T13:22:56.039Z	spark1	LOAD	21.003	7.619
2026-09-28T13:22:56.127Z	spark2	LOAD	23.400	4.140
2026-09-28T13:22:56.289Z	spark1	LOAD	20.953	7.619
2026-09-28T13:22:56.377Z	spark2	LOAD	23.400	4.140
2026-09-28T13:22:56.539Z	spark1	LOAD	20.916	7.619
2026-09-28T13:22:56.627Z	spark2	LOAD	23.400	4.140
2026-09-28T13:22:56.790Z	spark1	LOAD	20.879	7.619
2026-09-28T13:22:56.878Z	spark2	LOAD	23.400	4.140
2026-09-28T13:22:57.057Z	spark1	LOAD	20.843	7.619
2026-09-28T13:22:57.139Z	spark2	LOAD	23.400	4.140
2026-09-28T13:22:57.307Z	spark1	LOAD	20.827	7.619
2026-09-28T13:22:57.390Z	spark2	LOAD	23.400	4.140
2026-09-28T13:22:57.557Z	spark1	LOAD	20.807	7.619
2026-09-28T13:22:57.641Z	spark2	LOAD	23.400	4.140
2026-09-28T13:22:57.807Z	spark1	LOAD	20.769	7.619
2026-09-28T13:22:57.891Z	spark2	LOAD	23.400	4.140
2026-09-28T13:22:58.076Z	spark1	LOAD	20.744	7.619
2026-09-28T13:22:58.156Z	spark2	LOAD	23.400	4.140
2026-09-28T13:22:58.326Z	spark1	LOAD	20.719	7.619
2026-09-28T13:22:58.406Z	spark2	LOAD	23.400	4.140
2026-09-28T13:22:58.576Z	spark1	LOAD	20.729	7.619
2026-09-28T13:22:58.657Z	spark2	LOAD	23.400	4.140
2026-09-28T13:22:58.827Z	spark1	LOAD	20.708	7.619
2026-09-28T13:22:58.907Z	spark2	LOAD	23.400	4.140
2026-09-28T13:22:59.096Z	spark1	LOAD	20.662	7.619
2026-09-28T13:22:59.174Z	spark2	LOAD	23.400	4.140
2026-09-28T13:22:59.347Z	spark1	LOAD	20.580	7.619
2026-09-28T13:22:59.424Z	spark2	LOAD	23.400	4.140
2026-09-28T13:22:59.597Z	spark1	LOAD	20.530	7.619
2026-09-28T13:22:59.674Z	spark2	LOAD	23.399	4.139
2026-09-28T13:22:59.848Z	spark1	LOAD	20.499	7.619
2026-09-28T13:22:59.924Z	spark2	LOAD	23.388	4.139
2026-09-28T13:23:00.115Z	spark1	LOAD	20.427	7.619
2026-09-28T13:23:00.185Z	spark2	LOAD	23.400	4.139
2026-09-28T13:23:00.365Z	spark1	LOAD	20.374	7.619
2026-09-28T13:23:00.435Z	spark2	LOAD	23.400	4.139
2026-09-28T13:23:00.616Z	spark1	LOAD	20.339	7.619
2026-09-28T13:23:00.686Z	spark2	LOAD	23.400	4.139
2026-09-28T13:23:00.866Z	spark1	LOAD	20.309	7.619
2026-09-28T13:23:00.937Z	spark2	LOAD	23.400	4.139
2026-09-28T13:23:01.134Z	spark1	LOAD	20.267	7.619
2026-09-28T13:23:01.198Z	spark2	LOAD	23.400	4.139
2026-09-28T13:23:01.385Z	spark1	LOAD	20.228	7.619
2026-09-28T13:23:01.448Z	spark2	LOAD	23.400	4.139
2026-09-28T13:23:01.635Z	spark1	LOAD	20.196	7.619
2026-09-28T13:23:01.699Z	spark2	LOAD	23.400	4.139
2026-09-28T13:23:01.886Z	spark1	LOAD	20.169	7.619
2026-09-28T13:23:01.950Z	spark2	LOAD	23.401	4.139
2026-09-28T13:23:02.147Z	spark1	LOAD	20.183	7.619
2026-09-28T13:23:02.210Z	spark2	LOAD	23.401	4.139
2026-09-28T13:23:02.398Z	spark1	LOAD	20.115	7.619
2026-09-28T13:23:02.461Z	spark2	LOAD	23.401	4.139
2026-09-28T13:23:02.648Z	spark1	LOAD	20.075	7.619
2026-09-28T13:23:02.712Z	spark2	LOAD	23.401	4.139
2026-09-28T13:23:02.898Z	spark1	LOAD	20.026	7.619
2026-09-28T13:23:02.962Z	spark2	LOAD	23.401	4.139
2026-09-28T13:23:03.160Z	spark1	LOAD	19.982	7.619
2026-09-28T13:23:03.227Z	spark2	LOAD	23.401	4.139
2026-09-28T13:23:03.410Z	spark1	LOAD	19.937	7.619
2026-09-28T13:23:03.479Z	spark2	LOAD	23.401	4.139
2026-09-28T13:23:03.661Z	spark1	LOAD	19.940	7.619
2026-09-28T13:23:03.729Z	spark2	LOAD	23.401	4.139
2026-09-28T13:23:03.911Z	spark1	LOAD	19.901	7.619
2026-09-28T13:23:03.980Z	spark2	LOAD	23.401	4.139
2026-09-28T13:23:04.173Z	spark1	LOAD	19.855	7.619
2026-09-28T13:23:04.240Z	spark2	LOAD	23.401	4.139
2026-09-28T13:23:04.424Z	spark1	LOAD	19.788	7.619
2026-09-28T13:23:04.490Z	spark2	LOAD	23.401	4.139
2026-09-28T13:23:04.674Z	spark1	LOAD	19.752	7.619
2026-09-28T13:23:04.741Z	spark2	LOAD	23.401	4.139
2026-09-28T13:23:04.924Z	spark1	LOAD	19.716	7.619
2026-09-28T13:23:04.992Z	spark2	LOAD	23.401	4.139
2026-09-28T13:23:05.186Z	spark1	LOAD	19.667	7.619
2026-09-28T13:23:05.253Z	spark2	LOAD	23.401	4.139
2026-09-28T13:23:05.436Z	spark1	LOAD	19.676	7.620
2026-09-28T13:23:05.504Z	spark2	LOAD	23.401	4.139
2026-09-28T13:23:05.686Z	spark1	LOAD	19.639	7.620
2026-09-28T13:23:05.755Z	spark2	LOAD	23.401	4.139
2026-09-28T13:23:05.937Z	spark1	LOAD	20.062	7.620
2026-09-28T13:23:06.005Z	spark2	LOAD	23.401	4.139
2026-09-28T13:23:06.200Z	spark1	LOAD	22.152	7.620
2026-09-28T13:23:06.266Z	spark2	LOAD	23.401	4.139
2026-09-28T13:23:06.451Z	spark1	LOAD	22.734	7.620
2026-09-28T13:23:06.516Z	spark2	LOAD	23.401	4.139
2026-09-28T13:23:06.701Z	spark1	LOAD	22.716	7.620
2026-09-28T13:23:06.766Z	spark2	LOAD	23.401	4.139
2026-09-28T13:23:06.951Z	spark1	LOAD	22.694	7.619
2026-09-28T13:23:07.017Z	spark2	LOAD	23.401	4.139
2026-09-28T13:23:07.218Z	spark1	LOAD	22.662	7.619
2026-09-28T13:23:07.282Z	spark2	LOAD	23.401	4.139
2026-09-28T13:23:07.468Z	spark1	LOAD	22.634	7.619
2026-09-28T13:23:07.533Z	spark2	LOAD	23.401	4.139
2026-09-28T13:23:07.719Z	spark1	LOAD	22.601	7.619
2026-09-28T13:23:07.783Z	spark2	LOAD	23.401	4.139
2026-09-28T13:23:07.969Z	spark1	LOAD	22.559	7.619
2026-09-28T13:23:08.034Z	spark2	LOAD	23.401	4.139
2026-09-28T13:23:08.236Z	spark1	LOAD	22.523	7.619
2026-09-28T13:23:08.294Z	spark2	LOAD	23.400	4.139
2026-09-28T13:23:08.487Z	spark1	LOAD	22.492	7.619
2026-09-28T13:23:08.545Z	spark2	LOAD	23.400	4.139
2026-09-28T13:23:08.737Z	spark1	LOAD	22.443	7.619
2026-09-28T13:23:08.795Z	spark2	LOAD	23.400	4.139
2026-09-28T13:23:08.987Z	spark1	LOAD	22.407	7.619
2026-09-28T13:23:09.046Z	spark2	LOAD	23.400	4.139
2026-09-28T13:23:09.257Z	spark1	LOAD	22.377	7.619
2026-09-28T13:23:09.307Z	spark2	LOAD	23.400	4.139
2026-09-28T13:23:09.507Z	spark1	LOAD	22.346	7.619
2026-09-28T13:23:09.558Z	spark2	LOAD	23.400	4.139
2026-09-28T13:23:09.758Z	spark1	LOAD	22.311	7.619
2026-09-28T13:23:09.808Z	spark2	LOAD	23.400	4.139
2026-09-28T13:23:10.008Z	spark1	LOAD	22.281	7.619
2026-09-28T13:23:10.059Z	spark2	LOAD	23.400	4.139
2026-09-28T13:23:10.275Z	spark1	LOAD	22.217	7.619
2026-09-28T13:23:10.324Z	spark2	LOAD	23.400	4.139
2026-09-28T13:23:10.525Z	spark1	LOAD	22.179	7.619
2026-09-28T13:23:10.573Z	spark2	LOAD	23.398	4.139
2026-09-28T13:23:10.775Z	spark1	LOAD	22.125	7.619
2026-09-28T13:23:10.824Z	spark2	LOAD	23.385	4.139
2026-09-28T13:23:11.026Z	spark1	LOAD	22.072	7.619
2026-09-28T13:23:11.076Z	spark2	LOAD	23.385	4.139
2026-09-28T13:23:11.293Z	spark1	LOAD	22.045	7.619
2026-09-28T13:23:11.336Z	spark2	LOAD	23.384	4.139
2026-09-28T13:23:11.544Z	spark1	LOAD	22.016	7.619
2026-09-28T13:23:11.587Z	spark2	LOAD	23.384	4.139
2026-09-28T13:23:11.794Z	spark1	LOAD	21.988	7.619
2026-09-28T13:23:11.837Z	spark2	LOAD	23.384	4.139
2026-09-28T13:23:12.044Z	spark1	LOAD	21.961	7.619
2026-09-28T13:23:12.088Z	spark2	LOAD	23.385	4.139
2026-09-28T13:23:12.307Z	spark1	LOAD	21.935	7.619
2026-09-28T13:23:12.348Z	spark2	LOAD	23.385	4.139
2026-09-28T13:23:12.557Z	spark1	LOAD	21.905	7.619
2026-09-28T13:23:12.599Z	spark2	LOAD	23.385	4.139
2026-09-28T13:23:12.807Z	spark1	LOAD	21.872	7.619
2026-09-28T13:23:12.850Z	spark2	LOAD	23.385	4.139
2026-09-28T13:23:13.058Z	spark1	LOAD	21.829	7.619
2026-09-28T13:23:13.100Z	spark2	LOAD	23.387	4.139
2026-09-28T13:23:13.326Z	spark1	LOAD	21.808	7.619
2026-09-28T13:23:13.366Z	spark2	LOAD	23.387	4.139
2026-09-28T13:23:13.577Z	spark1	LOAD	21.778	7.619
2026-09-28T13:23:13.617Z	spark2	LOAD	23.387	4.139
2026-09-28T13:23:13.827Z	spark1	LOAD	21.745	7.619
2026-09-28T13:23:13.868Z	spark2	LOAD	23.387	4.139
2026-09-28T13:23:14.077Z	spark1	LOAD	21.719	7.619
2026-09-28T13:23:14.118Z	spark2	LOAD	23.390	4.139
2026-09-28T13:23:14.345Z	spark1	LOAD	21.683	7.619
2026-09-28T13:23:14.379Z	spark2	LOAD	23.390	4.139
2026-09-28T13:23:14.595Z	spark1	LOAD	21.647	7.619
2026-09-28T13:23:14.628Z	spark2	LOAD	23.390	4.139
2026-09-28T13:23:14.846Z	spark1	LOAD	21.589	7.619
2026-09-28T13:23:14.879Z	spark2	LOAD	23.390	4.139
2026-09-28T13:23:15.097Z	spark1	LOAD	21.555	7.619
2026-09-28T13:23:15.131Z	spark2	LOAD	23.392	4.139
2026-09-28T13:23:15.364Z	spark1	LOAD	21.523	7.619
2026-09-28T13:23:15.394Z	spark2	LOAD	23.392	4.139
2026-09-28T13:23:15.615Z	spark1	LOAD	21.490	7.619
2026-09-28T13:23:15.645Z	spark2	LOAD	23.392	4.139
2026-09-28T13:23:15.865Z	spark1	LOAD	21.456	7.619
2026-09-28T13:23:15.895Z	spark2	LOAD	23.392	4.139
2026-09-28T13:23:16.116Z	spark1	LOAD	21.420	7.619
2026-09-28T13:23:16.145Z	spark2	LOAD	23.393	4.139
2026-09-28T13:23:16.383Z	spark1	LOAD	21.461	7.619
2026-09-28T13:23:16.406Z	spark2	LOAD	23.393	4.139
2026-09-28T13:23:16.634Z	spark1	LOAD	21.409	7.619
2026-09-28T13:23:16.656Z	spark2	LOAD	23.393	4.139
2026-09-28T13:23:16.884Z	spark1	LOAD	21.346	7.619
2026-09-28T13:23:16.907Z	spark2	LOAD	23.393	4.139
2026-09-28T13:23:17.134Z	spark1	LOAD	21.320	7.620
2026-09-28T13:23:17.157Z	spark2	LOAD	23.393	4.139
2026-09-28T13:23:17.403Z	spark1	LOAD	21.283	7.620
2026-09-28T13:23:17.418Z	spark2	LOAD	23.393	4.139
2026-09-28T13:23:17.654Z	spark1	LOAD	21.244	7.620
2026-09-28T13:23:17.669Z	spark2	LOAD	23.393	4.139
2026-09-28T13:23:17.904Z	spark1	LOAD	21.208	7.620
2026-09-28T13:23:17.919Z	spark2	LOAD	23.393	4.139
2026-09-28T13:23:18.155Z	spark1	LOAD	21.164	7.620
2026-09-28T13:23:18.170Z	spark2	LOAD	23.393	4.139
2026-09-28T13:23:18.423Z	spark1	LOAD	21.127	7.620
2026-09-28T13:23:18.431Z	spark2	LOAD	23.393	4.139
2026-09-28T13:23:18.673Z	spark1	LOAD	21.091	7.620
2026-09-28T13:23:18.682Z	spark2	LOAD	23.393	4.139
2026-09-28T13:23:18.923Z	spark1	LOAD	21.096	7.620
2026-09-28T13:23:18.932Z	spark2	LOAD	23.393	4.139
2026-09-28T13:23:19.174Z	spark1	LOAD	21.054	7.620
2026-09-28T13:23:19.184Z	spark2	LOAD	23.393	4.139
2026-09-28T13:23:19.437Z	spark1	LOAD	21.011	7.620
2026-09-28T13:23:19.445Z	spark2	LOAD	23.393	4.139
2026-09-28T13:23:19.687Z	spark1	LOAD	20.975	7.620
2026-09-28T13:23:19.696Z	spark2	LOAD	23.393	4.139
2026-09-28T13:23:19.938Z	spark1	LOAD	20.957	7.620
2026-09-28T13:23:19.947Z	spark2	LOAD	23.393	4.139
2026-09-28T13:23:20.188Z	spark1	LOAD	20.914	7.620
2026-09-28T13:23:20.196Z	spark2	LOAD	23.393	4.139
2026-09-28T13:23:20.457Z	spark1	LOAD	20.868	7.620
2026-09-28T13:23:20.458Z	spark2	LOAD	23.393	4.139
2026-09-28T13:23:20.707Z	spark1	LOAD	20.833	7.620
2026-09-28T13:23:20.709Z	spark2	LOAD	23.393	4.139
2026-09-28T13:23:20.957Z	spark1	LOAD	20.796	7.620
2026-09-28T13:23:20.959Z	spark2	LOAD	23.393	4.139
2026-09-28T13:23:21.207Z	spark1	LOAD	20.713	7.620
2026-09-28T13:23:21.210Z	spark2	LOAD	23.394	4.139
2026-09-28T13:23:21.470Z	spark2	LOAD	23.393	4.138
2026-09-28T13:23:21.474Z	spark1	LOAD	20.725	7.620
2026-09-28T13:23:21.721Z	spark2	LOAD	23.378	4.138
2026-09-28T13:23:21.725Z	spark1	LOAD	20.689	7.620
2026-09-28T13:23:21.971Z	spark2	LOAD	23.391	4.138
2026-09-28T13:23:21.975Z	spark1	LOAD	20.632	7.620
2026-09-28T13:23:22.222Z	spark2	LOAD	23.391	4.138
2026-09-28T13:23:22.226Z	spark1	LOAD	20.605	7.620
2026-09-28T13:23:22.488Z	spark2	LOAD	23.391	4.138
2026-09-28T13:23:22.493Z	spark1	LOAD	20.569	7.620
2026-09-28T13:23:22.739Z	spark2	LOAD	23.391	4.138
2026-09-28T13:23:22.744Z	spark1	LOAD	20.539	7.620
2026-09-28T13:23:22.989Z	spark2	LOAD	23.392	4.138
2026-09-28T13:23:22.994Z	spark1	LOAD	20.473	7.620
2026-09-28T13:23:23.240Z	spark2	LOAD	23.392	4.138
2026-09-28T13:23:23.244Z	spark1	LOAD	20.446	7.620
2026-09-28T13:23:23.501Z	spark2	LOAD	23.392	4.138
2026-09-28T13:23:23.506Z	spark1	LOAD	20.418	7.621
2026-09-28T13:23:23.751Z	spark2	LOAD	23.392	4.138
2026-09-28T13:23:23.756Z	spark1	LOAD	20.388	7.621
2026-09-28T13:23:24.002Z	spark2	LOAD	23.392	4.138
2026-09-28T13:23:24.006Z	spark1	LOAD	20.360	7.621
2026-09-28T13:23:24.252Z	spark2	LOAD	23.392	4.138
2026-09-28T13:23:24.257Z	spark1	LOAD	20.327	7.621
2026-09-28T13:23:24.514Z	spark2	LOAD	23.392	4.138
2026-09-28T13:23:24.525Z	spark1	LOAD	20.302	7.621
2026-09-28T13:23:24.765Z	spark2	LOAD	23.392	4.138
2026-09-28T13:23:24.775Z	spark1	LOAD	20.275	7.621
2026-09-28T13:23:25.015Z	spark2	LOAD	23.392	4.138
2026-09-28T13:23:25.025Z	spark1	LOAD	20.221	7.620
2026-09-28T13:23:25.266Z	spark2	LOAD	23.392	4.138
2026-09-28T13:23:25.276Z	spark1	LOAD	20.198	7.620
2026-09-28T13:23:25.528Z	spark2	LOAD	23.392	4.138
2026-09-28T13:23:25.537Z	spark1	LOAD	20.217	7.621
2026-09-28T13:23:25.778Z	spark2	LOAD	23.392	4.138
2026-09-28T13:23:25.788Z	spark1	LOAD	20.183	7.621
2026-09-28T13:23:26.029Z	spark2	LOAD	23.394	4.138
2026-09-28T13:23:26.038Z	spark1	LOAD	20.166	7.621
2026-09-28T13:23:26.279Z	spark2	LOAD	23.394	4.138
2026-09-28T13:23:26.289Z	spark1	LOAD	20.125	7.621
2026-09-28T13:23:26.541Z	spark2	LOAD	23.394	4.138
2026-09-28T13:23:26.556Z	spark1	LOAD	20.092	7.621
2026-09-28T13:23:26.791Z	spark2	LOAD	23.394	4.138
2026-09-28T13:23:26.806Z	spark1	LOAD	20.058	7.621
2026-09-28T13:23:27.042Z	spark2	LOAD	23.396	4.138
2026-09-28T13:23:27.057Z	spark1	LOAD	19.998	7.621
2026-09-28T13:23:27.293Z	spark2	LOAD	23.396	4.138
2026-09-28T13:23:27.307Z	spark1	LOAD	19.967	7.621
2026-09-28T13:23:27.558Z	spark2	LOAD	23.396	4.138
2026-09-28T13:23:27.576Z	spark1	LOAD	19.946	7.621
2026-09-28T13:23:27.809Z	spark2	LOAD	23.396	4.138
2026-09-28T13:23:27.826Z	spark1	LOAD	19.931	7.621
2026-09-28T13:23:28.060Z	spark2	LOAD	23.397	4.138
2026-09-28T13:23:28.077Z	spark1	LOAD	19.882	7.621
2026-09-28T13:23:28.311Z	spark2	LOAD	23.397	4.138
2026-09-28T13:23:28.327Z	spark1	LOAD	19.847	7.621
2026-09-28T13:23:28.575Z	spark2	LOAD	23.397	4.138
2026-09-28T13:23:28.594Z	spark1	LOAD	19.814	7.621
2026-09-28T13:23:28.826Z	spark2	LOAD	23.397	4.138
2026-09-28T13:23:28.845Z	spark1	LOAD	19.784	7.621
2026-09-28T13:23:29.077Z	spark2	LOAD	23.398	4.138
2026-09-28T13:23:29.095Z	spark1	LOAD	19.730	7.621
2026-09-28T13:23:29.328Z	spark2	LOAD	23.398	4.138
2026-09-28T13:23:29.345Z	spark1	LOAD	19.698	7.621
2026-09-28T13:23:29.592Z	spark2	LOAD	23.398	4.138
2026-09-28T13:23:29.612Z	spark1	LOAD	19.690	7.621
2026-09-28T13:23:29.843Z	spark2	LOAD	23.398	4.138
2026-09-28T13:23:29.862Z	spark1	LOAD	19.654	7.621
2026-09-28T13:23:30.094Z	spark2	LOAD	23.398	4.138
2026-09-28T13:23:30.112Z	spark1	LOAD	19.609	7.621
2026-09-28T13:23:30.344Z	spark2	LOAD	23.398	4.138
2026-09-28T13:23:30.362Z	spark1	LOAD	19.592	7.621
2026-09-28T13:23:30.608Z	spark2	LOAD	23.398	4.138
2026-09-28T13:23:30.624Z	spark1	LOAD	20.607	7.621
2026-09-28T13:23:30.860Z	spark2	LOAD	23.398	4.138
2026-09-28T13:23:30.874Z	spark1	LOAD	22.276	7.621
2026-09-28T13:23:31.109Z	spark2	LOAD	23.398	4.138
2026-09-28T13:23:31.124Z	spark1	LOAD	22.744	7.621
2026-09-28T13:23:31.361Z	spark2	LOAD	23.399	4.138
2026-09-28T13:23:31.374Z	spark1	LOAD	22.727	7.621
2026-09-28T13:23:31.625Z	spark2	LOAD	23.399	4.138
2026-09-28T13:23:31.643Z	spark1	LOAD	22.691	7.621
2026-09-28T13:23:31.876Z	spark2	LOAD	23.399	4.138
2026-09-28T13:23:31.893Z	spark1	LOAD	22.661	7.621
2026-09-28T13:23:32.126Z	spark2	LOAD	23.400	4.138
2026-09-28T13:23:32.144Z	spark1	LOAD	22.610	7.621
2026-09-28T13:23:32.376Z	spark2	LOAD	23.399	4.138
2026-09-28T13:23:32.394Z	spark1	LOAD	22.578	7.621
2026-09-28T13:23:32.636Z	spark2	LOAD	23.386	4.138
2026-09-28T13:23:32.657Z	spark1	LOAD	22.550	7.621
2026-09-28T13:23:32.886Z	spark2	LOAD	23.399	4.138
2026-09-28T13:23:32.908Z	spark1	LOAD	22.496	7.621
2026-09-28T13:23:33.136Z	spark2	LOAD	23.399	4.138
2026-09-28T13:23:33.158Z	spark1	LOAD	22.432	7.621
2026-09-28T13:23:33.387Z	spark2	LOAD	23.399	4.138
2026-09-28T13:23:33.408Z	spark1	LOAD	22.409	7.621
2026-09-28T13:23:33.648Z	spark2	LOAD	23.399	4.138
2026-09-28T13:23:33.677Z	spark1	LOAD	22.378	7.621
2026-09-28T13:23:33.900Z	spark2	LOAD	23.399	4.138
2026-09-28T13:23:33.927Z	spark1	LOAD	22.350	7.621
2026-09-28T13:23:34.150Z	spark2	LOAD	23.399	4.138
2026-09-28T13:23:34.177Z	spark1	LOAD	22.325	7.621
2026-09-28T13:23:34.400Z	spark2	LOAD	23.399	4.138
2026-09-28T13:23:34.428Z	spark1	LOAD	22.295	7.621
2026-09-28T13:23:34.664Z	spark2	LOAD	23.399	4.138
2026-09-28T13:23:34.695Z	spark1	LOAD	22.260	7.621
2026-09-28T13:23:34.916Z	spark2	LOAD	23.399	4.138
2026-09-28T13:23:34.945Z	spark1	LOAD	22.231	7.621
2026-09-28T13:23:35.166Z	spark2	LOAD	23.399	4.138
2026-09-28T13:23:35.195Z	spark1	LOAD	22.184	7.621
2026-09-28T13:23:35.417Z	spark2	LOAD	23.399	4.138
2026-09-28T13:23:35.445Z	spark1	LOAD	22.158	7.621
2026-09-28T13:23:35.681Z	spark2	LOAD	23.399	4.138
2026-09-28T13:23:35.712Z	spark1	LOAD	22.125	7.620
2026-09-28T13:23:35.932Z	spark2	LOAD	23.400	4.138
2026-09-28T13:23:35.963Z	spark1	LOAD	22.095	7.620
2026-09-28T13:23:36.182Z	spark2	LOAD	23.400	4.138
2026-09-28T13:23:36.214Z	spark1	LOAD	22.067	7.620
2026-09-28T13:23:36.433Z	spark2	LOAD	23.400	4.138
2026-09-28T13:23:36.464Z	spark1	LOAD	22.039	7.620
2026-09-28T13:23:36.697Z	spark2	LOAD	23.400	4.138
2026-09-28T13:23:36.733Z	spark1	LOAD	22.002	7.620
2026-09-28T13:23:36.948Z	spark2	LOAD	23.401	4.138
2026-09-28T13:23:36.984Z	spark1	LOAD	21.975	7.620
2026-09-28T13:23:37.198Z	spark2	LOAD	23.401	4.138
2026-09-28T13:23:37.234Z	spark1	LOAD	21.921	7.620
2026-09-28T13:23:37.449Z	spark2	LOAD	23.401	4.138
2026-09-28T13:23:37.484Z	spark1	LOAD	21.891	7.620
2026-09-28T13:23:37.714Z	spark2	LOAD	23.401	4.138
2026-09-28T13:23:37.751Z	spark1	LOAD	21.855	7.620
2026-09-28T13:23:37.963Z	spark2	LOAD	23.401	4.138
2026-09-28T13:23:38.001Z	spark1	LOAD	21.817	7.620
2026-09-28T13:23:38.214Z	spark2	LOAD	23.401	4.138
2026-09-28T13:23:38.252Z	spark1	LOAD	21.775	7.620
2026-09-28T13:23:38.465Z	spark2	LOAD	23.401	4.138
2026-09-28T13:23:38.502Z	spark1	LOAD	21.743	7.620
2026-09-28T13:23:38.731Z	spark2	LOAD	23.401	4.138
2026-09-28T13:23:38.764Z	spark1	LOAD	21.712	7.620
2026-09-28T13:23:38.981Z	spark2	LOAD	23.401	4.138
2026-09-28T13:23:39.014Z	spark1	LOAD	21.679	7.620
2026-09-28T13:23:39.232Z	spark2	LOAD	23.401	4.138
2026-09-28T13:23:39.265Z	spark1	LOAD	21.648	7.620
2026-09-28T13:23:39.483Z	spark2	LOAD	23.401	4.138
2026-09-28T13:23:39.515Z	spark1	LOAD	21.591	7.620
2026-09-28T13:23:39.748Z	spark2	LOAD	23.401	4.138
2026-09-28T13:23:39.782Z	spark1	LOAD	21.575	7.620
2026-09-28T13:23:39.999Z	spark2	LOAD	23.401	4.138
2026-09-28T13:23:40.032Z	spark1	LOAD	21.548	7.620
2026-09-28T13:23:40.250Z	spark2	LOAD	23.401	4.138
2026-09-28T13:23:40.283Z	spark1	LOAD	21.517	7.620
2026-09-28T13:23:40.501Z	spark2	LOAD	23.401	4.138
2026-09-28T13:23:40.533Z	spark1	LOAD	21.483	7.620
2026-09-28T13:23:40.765Z	spark2	LOAD	23.401	4.138
2026-09-28T13:23:40.802Z	spark1	LOAD	21.451	7.620
2026-09-28T13:23:41.015Z	spark2	LOAD	23.401	4.138
2026-09-28T13:23:41.052Z	spark1	LOAD	21.424	7.620
2026-09-28T13:23:41.266Z	spark2	LOAD	23.401	4.138
2026-09-28T13:23:41.303Z	spark1	LOAD	21.398	7.620
2026-09-28T13:23:41.516Z	spark2	LOAD	23.401	4.138
2026-09-28T13:23:41.553Z	spark1	LOAD	21.351	7.620
2026-09-28T13:23:41.779Z	spark2	LOAD	23.404	4.138
2026-09-28T13:23:41.816Z	spark1	LOAD	21.374	7.620
2026-09-28T13:23:42.030Z	spark2	LOAD	23.405	4.138
2026-09-28T13:23:42.066Z	spark1	LOAD	21.337	7.620
2026-09-28T13:23:42.281Z	spark2	LOAD	23.405	4.138
2026-09-28T13:23:42.317Z	spark1	LOAD	21.299	7.620
2026-09-28T13:23:42.531Z	spark2	LOAD	23.405	4.138
2026-09-28T13:23:42.567Z	spark1	LOAD	21.266	7.620
2026-09-28T13:23:42.795Z	spark2	LOAD	23.405	4.138
2026-09-28T13:23:42.836Z	spark1	LOAD	21.195	7.620
2026-09-28T13:23:43.046Z	spark2	LOAD	23.405	4.138
2026-09-28T13:23:43.086Z	spark1	LOAD	21.133	7.620
2026-09-28T13:23:43.296Z	spark2	LOAD	23.405	4.137
2026-09-28T13:23:43.337Z	spark1	LOAD	21.148	7.621
2026-09-28T13:23:43.546Z	spark2	LOAD	23.382	4.137
2026-09-28T13:23:43.587Z	spark1	LOAD	21.087	7.621
2026-09-28T13:23:43.807Z	spark2	LOAD	23.391	4.137
2026-09-28T13:23:43.856Z	spark1	LOAD	21.035	7.621
2026-09-28T13:23:44.057Z	spark2	LOAD	23.391	4.137
2026-09-28T13:23:44.106Z	spark1	LOAD	21.005	7.621
2026-09-28T13:23:44.308Z	spark2	LOAD	23.391	4.137
2026-09-28T13:23:44.356Z	spark1	LOAD	20.980	7.621
2026-09-28T13:23:44.559Z	spark2	LOAD	23.391	4.137
2026-09-28T13:23:44.606Z	spark1	LOAD	20.948	7.621
2026-09-28T13:23:44.821Z	spark2	LOAD	23.391	4.137
2026-09-28T13:23:44.873Z	spark1	LOAD	20.912	7.621
2026-09-28T13:23:45.072Z	spark2	LOAD	23.391	4.137
2026-09-28T13:23:45.124Z	spark1	LOAD	20.880	7.621
2026-09-28T13:23:45.322Z	spark2	LOAD	23.392	4.137
2026-09-28T13:23:45.374Z	spark1	LOAD	20.848	7.621
2026-09-28T13:23:45.573Z	spark2	LOAD	23.392	4.137
2026-09-28T13:23:45.625Z	spark1	LOAD	20.788	7.621
2026-09-28T13:23:45.837Z	spark2	LOAD	23.392	4.137
2026-09-28T13:23:45.891Z	spark1	LOAD	20.764	7.621
2026-09-28T13:23:46.088Z	spark2	LOAD	23.392	4.137
2026-09-28T13:23:46.142Z	spark1	LOAD	20.737	7.621
2026-09-28T13:23:46.338Z	spark2	LOAD	23.392	4.137
2026-09-28T13:23:46.393Z	spark1	LOAD	20.709	7.621
2026-09-28T13:23:46.589Z	spark2	LOAD	23.392	4.137
2026-09-28T13:23:46.643Z	spark1	LOAD	20.678	7.621
2026-09-28T13:23:46.853Z	spark2	LOAD	23.392	4.137
2026-09-28T13:23:46.910Z	spark1	LOAD	20.648	7.621
2026-09-28T13:23:47.104Z	spark2	LOAD	23.392	4.137
2026-09-28T13:23:47.161Z	spark1	LOAD	20.623	7.621
2026-09-28T13:23:47.354Z	spark2	LOAD	23.392	4.137
2026-09-28T13:23:47.411Z	spark1	LOAD	20.594	7.621
2026-09-28T13:23:47.605Z	spark2	LOAD	23.392	4.137
2026-09-28T13:23:47.661Z	spark1	LOAD	20.527	7.621
2026-09-28T13:23:47.871Z	spark2	LOAD	23.393	4.137
2026-09-28T13:23:47.928Z	spark1	LOAD	20.498	7.621
2026-09-28T13:23:48.123Z	spark2	LOAD	23.393	4.137
2026-09-28T13:23:48.179Z	spark1	LOAD	20.543	7.621
2026-09-28T13:23:48.373Z	spark2	LOAD	23.393	4.137
2026-09-28T13:23:48.429Z	spark1	LOAD	20.514	7.621
2026-09-28T13:23:48.623Z	spark2	LOAD	23.393	4.137
2026-09-28T13:23:48.679Z	spark1	LOAD	20.484	7.621
2026-09-28T13:23:48.888Z	spark2	LOAD	23.394	4.137
2026-09-28T13:23:48.946Z	spark1	LOAD	20.435	7.621
2026-09-28T13:23:49.139Z	spark2	LOAD	23.394	4.137
2026-09-28T13:23:49.196Z	spark1	LOAD	20.401	7.621
2026-09-28T13:23:49.391Z	spark2	LOAD	23.395	4.137
2026-09-28T13:23:49.447Z	spark1	LOAD	20.362	7.621
2026-09-28T13:23:49.641Z	spark2	LOAD	23.395	4.137
2026-09-28T13:23:49.697Z	spark1	LOAD	20.301	7.621
2026-09-28T13:23:49.907Z	spark2	LOAD	23.395	4.137
2026-09-28T13:23:49.964Z	spark1	LOAD	20.265	7.621
2026-09-28T13:23:50.157Z	spark2	LOAD	23.395	4.137
2026-09-28T13:23:50.214Z	spark1	LOAD	20.235	7.621
2026-09-28T13:23:50.408Z	spark2	LOAD	23.395	4.137
2026-09-28T13:23:50.465Z	spark1	LOAD	20.198	7.621
2026-09-28T13:23:50.659Z	spark2	LOAD	23.395	4.137
2026-09-28T13:23:50.715Z	spark1	LOAD	20.166	7.621
2026-09-28T13:23:50.923Z	spark2	LOAD	23.394	4.137
2026-09-28T13:23:50.982Z	spark1	LOAD	20.135	7.621
2026-09-28T13:23:51.174Z	spark2	LOAD	23.394	4.137
2026-09-28T13:23:51.232Z	spark1	LOAD	20.102	7.621
2026-09-28T13:23:51.424Z	spark2	LOAD	23.394	4.137
2026-09-28T13:23:51.483Z	spark1	LOAD	20.071	7.621
2026-09-28T13:23:51.675Z	spark2	LOAD	23.394	4.137
2026-09-28T13:23:51.733Z	spark1	LOAD	20.050	7.621
2026-09-28T13:23:51.937Z	spark2	LOAD	23.394	4.137
2026-09-28T13:23:51.995Z	spark1	LOAD	20.018	7.621
2026-09-28T13:23:52.188Z	spark2	LOAD	23.395	4.137
2026-09-28T13:23:52.245Z	spark1	LOAD	19.980	7.621
2026-09-28T13:23:52.439Z	spark2	LOAD	23.395	4.137
2026-09-28T13:23:52.495Z	spark1	LOAD	19.937	7.621
2026-09-28T13:23:52.690Z	spark2	LOAD	23.395	4.137
2026-09-28T13:23:52.746Z	spark1	LOAD	19.929	7.621
2026-09-28T13:23:52.950Z	spark2	LOAD	23.395	4.137
2026-09-28T13:23:53.012Z	spark1	LOAD	19.897	7.621
2026-09-28T13:23:53.201Z	spark2	LOAD	23.395	4.137
2026-09-28T13:23:53.263Z	spark1	LOAD	19.853	7.621
2026-09-28T13:23:53.451Z	spark2	LOAD	23.395	4.137
2026-09-28T13:23:53.513Z	spark1	LOAD	19.827	7.621
2026-09-28T13:23:53.702Z	spark2	LOAD	23.395	4.137
2026-09-28T13:23:53.763Z	spark1	LOAD	19.718	7.620
2026-09-28T13:23:53.963Z	spark2	LOAD	23.395	4.137
2026-09-28T13:23:54.025Z	spark1	LOAD	19.716	7.620
2026-09-28T13:23:54.215Z	spark2	LOAD	23.373	4.137
2026-09-28T13:23:54.276Z	spark1	LOAD	19.681	7.620
2026-09-28T13:23:54.465Z	spark2	LOAD	23.389	4.137
2026-09-28T13:23:54.526Z	spark1	LOAD	19.655	7.620
2026-09-28T13:23:54.716Z	spark2	LOAD	23.407	4.137
2026-09-28T13:23:54.777Z	spark1	LOAD	19.598	7.620
2026-09-28T13:23:54.977Z	spark2	LOAD	23.407	4.137
2026-09-28T13:23:55.044Z	spark1	LOAD	19.561	7.620
2026-09-28T13:23:55.228Z	spark2	LOAD	23.407	4.137
2026-09-28T13:23:55.295Z	spark1	LOAD	19.557	7.620
2026-09-28T13:23:55.478Z	spark2	LOAD	23.407	4.137
2026-09-28T13:23:55.545Z	spark1	LOAD	19.509	7.621
2026-09-28T13:23:55.729Z	spark2	LOAD	23.407	4.137
2026-09-28T13:23:55.796Z	spark1	LOAD	20.534	7.621
2026-09-28T13:23:55.990Z	spark2	LOAD	23.407	4.137
2026-09-28T13:23:56.064Z	spark1	LOAD	22.317	7.621
2026-09-28T13:23:56.241Z	spark2	LOAD	23.407	4.137
2026-09-28T13:23:56.314Z	spark1	LOAD	22.742	7.621
2026-09-28T13:23:56.492Z	spark2	LOAD	23.407	4.137
2026-09-28T13:23:56.565Z	spark1	LOAD	22.718	7.621
2026-09-28T13:23:56.741Z	spark2	LOAD	23.407	4.137
2026-09-28T13:23:56.815Z	spark1	LOAD	22.689	7.621
2026-09-28T13:23:57.007Z	spark2	LOAD	23.407	4.137
2026-09-28T13:23:57.083Z	spark1	LOAD	22.653	7.621
2026-09-28T13:23:57.258Z	spark2	LOAD	23.407	4.137
2026-09-28T13:23:57.333Z	spark1	LOAD	22.620	7.621
2026-09-28T13:23:57.508Z	spark2	LOAD	23.407	4.137
2026-09-28T13:23:57.584Z	spark1	LOAD	22.583	7.621
2026-09-28T13:23:57.759Z	spark2	LOAD	23.407	4.137
2026-09-28T13:23:57.834Z	spark1	LOAD	22.522	7.621
2026-09-28T13:23:58.020Z	spark2	LOAD	23.406	4.137
2026-09-28T13:23:58.095Z	spark1	LOAD	22.487	7.621
2026-09-28T13:23:58.271Z	spark2	LOAD	23.406	4.137
2026-09-28T13:23:58.346Z	spark1	LOAD	22.462	7.621
2026-09-28T13:23:58.522Z	spark2	LOAD	23.406	4.137
2026-09-28T13:23:58.596Z	spark1	LOAD	22.431	7.621
2026-09-28T13:23:58.773Z	spark2	LOAD	23.406	4.137
2026-09-28T13:23:58.847Z	spark1	LOAD	22.401	7.621
2026-09-28T13:23:59.034Z	spark2	LOAD	23.406	4.137
2026-09-28T13:23:59.114Z	spark1	LOAD	22.366	7.621
2026-09-28T13:23:59.285Z	spark2	LOAD	23.406	4.137
2026-09-28T13:23:59.365Z	spark1	LOAD	22.335	7.621
2026-09-28T13:23:59.535Z	spark2	LOAD	23.406	4.137
2026-09-28T13:23:59.615Z	spark1	LOAD	22.305	7.621
2026-09-28T13:23:59.787Z	spark2	LOAD	23.406	4.137
2026-09-28T13:23:59.865Z	spark1	LOAD	22.241	7.621
2026-09-28T13:24:00.051Z	spark2	LOAD	23.406	4.137
2026-09-28T13:24:00.127Z	spark1	LOAD	22.217	7.621
2026-09-28T13:24:00.302Z	spark2	LOAD	23.406	4.137
2026-09-28T13:24:00.377Z	spark1	LOAD	22.191	7.621
2026-09-28T13:24:00.552Z	spark2	LOAD	23.406	4.137
2026-09-28T13:24:00.627Z	spark1	LOAD	22.195	7.621
2026-09-28T13:24:00.803Z	spark2	LOAD	23.406	4.137
2026-09-28T13:24:00.878Z	spark1	LOAD	22.159	7.620
2026-09-28T13:24:01.067Z	spark2	LOAD	23.406	4.137
2026-09-28T13:24:01.140Z	spark1	LOAD	22.128	7.620
2026-09-28T13:24:01.319Z	spark2	LOAD	23.406	4.137
2026-09-28T13:24:01.390Z	spark1	LOAD	22.099	7.620
2026-09-28T13:24:01.569Z	spark2	LOAD	23.406	4.137
2026-09-28T13:24:01.641Z	spark1	LOAD	22.069	7.620
2026-09-28T13:24:01.820Z	spark2	LOAD	23.406	4.137
2026-09-28T13:24:01.891Z	spark1	LOAD	22.001	7.620
2026-09-28T13:24:02.081Z	spark2	LOAD	23.406	4.137
2026-09-28T13:24:02.158Z	spark1	LOAD	21.959	7.620
2026-09-28T13:24:02.332Z	spark2	LOAD	23.406	4.137
2026-09-28T13:24:02.409Z	spark1	LOAD	21.933	7.620
2026-09-28T13:24:02.582Z	spark2	LOAD	23.406	4.137
2026-09-28T13:24:02.659Z	spark1	LOAD	21.902	7.620
2026-09-28T13:24:02.833Z	spark2	LOAD	23.406	4.137
2026-09-28T13:24:02.909Z	spark1	LOAD	21.872	7.620
2026-09-28T13:24:03.094Z	spark2	LOAD	23.406	4.137
2026-09-28T13:24:03.172Z	spark1	LOAD	21.830	7.620
2026-09-28T13:24:03.344Z	spark2	LOAD	23.406	4.137
2026-09-28T13:24:03.422Z	spark1	LOAD	21.800	7.620
2026-09-28T13:24:03.595Z	spark2	LOAD	23.406	4.137
2026-09-28T13:24:03.672Z	spark1	LOAD	21.771	7.620
2026-09-28T13:24:03.846Z	spark2	LOAD	23.406	4.137
2026-09-28T13:24:03.923Z	spark1	LOAD	21.739	7.620
2026-09-28T13:24:04.108Z	spark2	LOAD	23.406	4.137
2026-09-28T13:24:04.190Z	spark1	LOAD	21.674	7.620
2026-09-28T13:24:04.357Z	spark2	LOAD	23.406	4.137
2026-09-28T13:24:04.440Z	spark1	LOAD	21.639	7.620
2026-09-28T13:24:04.608Z	spark2	LOAD	23.406	4.137
2026-09-28T13:24:04.690Z	spark1	LOAD	21.606	7.620
2026-09-28T13:24:04.858Z	spark2	LOAD	23.406	4.137
2026-09-28T13:24:04.941Z	spark1	LOAD	21.509	7.620
2026-09-28T13:24:05.120Z	spark2	LOAD	23.406	4.137
2026-09-28T13:24:05.208Z	spark1	LOAD	21.472	7.620
2026-09-28T13:24:05.371Z	spark2	LOAD	23.401	4.137
2026-09-28T13:24:05.459Z	spark1	LOAD	21.443	7.620
2026-09-28T13:24:05.621Z	spark2	LOAD	23.405	4.137
2026-09-28T13:24:05.709Z	spark1	LOAD	21.400	7.620
2026-09-28T13:24:05.872Z	spark2	LOAD	23.405	4.137
2026-09-28T13:24:05.960Z	spark1	LOAD	21.375	7.618
2026-09-28T13:24:06.134Z	spark2	LOAD	23.407	4.137
2026-09-28T13:24:06.228Z	spark1	LOAD	21.323	7.618
2026-09-28T13:24:06.384Z	spark2	LOAD	23.407	4.137
2026-09-28T13:24:06.478Z	spark1	LOAD	21.293	7.618
2026-09-28T13:24:06.635Z	spark2	LOAD	23.407	4.137
2026-09-28T13:24:06.728Z	spark1	LOAD	21.259	7.618
2026-09-28T13:24:06.885Z	spark2	LOAD	23.407	4.137
2026-09-28T13:24:06.979Z	spark1	LOAD	21.231	7.618
2026-09-28T13:24:07.147Z	spark2	LOAD	23.407	4.137
2026-09-28T13:24:07.245Z	spark1	LOAD	21.200	7.618
2026-09-28T13:24:07.398Z	spark2	LOAD	23.407	4.137
2026-09-28T13:24:07.496Z	spark1	LOAD	21.171	7.618
2026-09-28T13:24:07.649Z	spark2	LOAD	23.407	4.137
2026-09-28T13:24:07.746Z	spark1	LOAD	21.220	7.618
2026-09-28T13:24:07.899Z	spark2	LOAD	23.407	4.137
2026-09-28T13:24:07.996Z	spark1	LOAD	21.187	7.619
2026-09-28T13:24:08.163Z	spark2	LOAD	23.407	4.137
2026-09-28T13:24:08.258Z	spark1	LOAD	21.115	7.619
2026-09-28T13:24:08.414Z	spark2	LOAD	23.407	4.137
2026-09-28T13:24:08.509Z	spark1	LOAD	21.082	7.619
2026-09-28T13:24:08.664Z	spark2	LOAD	23.407	4.137
2026-09-28T13:24:08.759Z	spark1	LOAD	21.067	7.620
2026-09-28T13:24:08.915Z	spark2	LOAD	23.407	4.137
2026-09-28T13:24:09.009Z	spark1	LOAD	21.036	7.620
2026-09-28T13:24:09.175Z	spark2	LOAD	23.407	4.137
2026-09-28T13:24:09.276Z	spark1	LOAD	21.021	7.620
2026-09-28T13:24:09.425Z	spark2	LOAD	23.407	4.137
2026-09-28T13:24:09.527Z	spark1	LOAD	20.991	7.620
2026-09-28T13:24:09.677Z	spark2	LOAD	23.407	4.137
2026-09-28T13:24:09.777Z	spark1	LOAD	20.956	7.620
2026-09-28T13:24:09.927Z	spark2	LOAD	23.407	4.137
2026-09-28T13:24:10.028Z	spark1	LOAD	20.925	7.621
2026-09-28T13:24:10.187Z	spark2	LOAD	23.407	4.137
2026-09-28T13:24:10.297Z	spark1	LOAD	20.859	7.621
2026-09-28T13:24:10.437Z	spark2	LOAD	23.407	4.137
2026-09-28T13:24:10.547Z	spark1	LOAD	20.886	7.621
2026-09-28T13:24:10.688Z	spark2	LOAD	23.407	4.137
2026-09-28T13:24:10.798Z	spark1	LOAD	20.850	7.621
2026-09-28T13:24:10.939Z	spark2	LOAD	23.407	4.137
2026-09-28T13:24:11.048Z	spark1	LOAD	20.821	7.621
2026-09-28T13:24:11.199Z	spark2	LOAD	23.407	4.137
2026-09-28T13:24:11.314Z	spark1	LOAD	20.785	7.621
2026-09-28T13:24:11.450Z	spark2	LOAD	23.407	4.137
2026-09-28T13:24:11.565Z	spark1	LOAD	20.752	7.621
2026-09-28T13:24:11.701Z	spark2	LOAD	23.407	4.137
2026-09-28T13:24:11.815Z	spark1	LOAD	20.716	7.621
2026-09-28T13:24:11.952Z	spark2	LOAD	23.407	4.137
2026-09-28T13:24:12.065Z	spark1	LOAD	20.687	7.621
2026-09-28T13:24:12.213Z	spark2	LOAD	23.407	4.137
2026-09-28T13:24:12.327Z	spark1	LOAD	20.604	7.621
2026-09-28T13:24:12.464Z	spark2	LOAD	23.412	4.137
2026-09-28T13:24:12.578Z	spark1	LOAD	20.632	7.621
2026-09-28T13:24:12.715Z	spark2	LOAD	23.412	4.137
2026-09-28T13:24:12.828Z	spark1	LOAD	20.589	7.621
2026-09-28T13:24:12.966Z	spark2	LOAD	23.412	4.137
2026-09-28T13:24:13.078Z	spark1	LOAD	20.562	7.621
2026-09-28T13:24:13.227Z	spark2	LOAD	23.412	4.137
2026-09-28T13:24:13.340Z	spark1	LOAD	20.491	7.621
2026-09-28T13:24:13.477Z	spark2	LOAD	23.412	4.137
2026-09-28T13:24:13.590Z	spark1	LOAD	20.459	7.621
2026-09-28T13:24:13.727Z	spark2	LOAD	23.412	4.137
2026-09-28T13:24:13.840Z	spark1	LOAD	20.418	7.621
2026-09-28T13:24:13.978Z	spark2	LOAD	23.412	4.137
2026-09-28T13:24:14.090Z	spark1	LOAD	20.382	7.621
2026-09-28T13:24:14.238Z	spark2	LOAD	23.412	4.137
2026-09-28T13:24:14.358Z	spark1	LOAD	20.315	7.621
2026-09-28T13:24:14.489Z	spark2	LOAD	23.412	4.137
2026-09-28T13:24:14.608Z	spark1	LOAD	20.299	7.620
2026-09-28T13:24:14.739Z	spark2	LOAD	23.412	4.137
2026-09-28T13:24:14.859Z	spark1	LOAD	20.255	7.620
2026-09-28T13:24:14.990Z	spark2	LOAD	23.412	4.137
2026-09-28T13:24:15.109Z	spark1	LOAD	20.223	7.620
2026-09-28T13:24:15.251Z	spark2	LOAD	23.412	4.137
2026-09-28T13:24:15.376Z	spark1	LOAD	20.161	7.620
2026-09-28T13:24:15.502Z	spark2	LOAD	23.412	4.137
2026-09-28T13:24:15.627Z	spark1	LOAD	20.125	7.620
2026-09-28T13:24:15.751Z	spark2	LOAD	23.412	4.137
2026-09-28T13:24:15.877Z	spark1	LOAD	20.048	7.620
2026-09-28T13:24:16.002Z	spark2	LOAD	23.412	4.137
2026-09-28T13:24:16.128Z	spark1	LOAD	20.013	7.620
2026-09-28T13:24:16.263Z	spark2	LOAD	23.410	4.137
2026-09-28T13:24:16.395Z	spark1	LOAD	19.980	7.620
2026-09-28T13:24:16.514Z	spark2	LOAD	23.404	4.137
2026-09-28T13:24:16.645Z	spark1	LOAD	19.923	7.620
2026-09-28T13:24:16.764Z	spark2	LOAD	23.404	4.137
2026-09-28T13:24:16.896Z	spark1	LOAD	19.891	7.620
2026-09-28T13:24:17.015Z	spark2	LOAD	23.402	4.137
2026-09-28T13:24:17.146Z	spark1	LOAD	19.869	7.620
2026-09-28T13:24:17.276Z	spark2	LOAD	23.402	4.137
2026-09-28T13:24:17.413Z	spark1	LOAD	19.839	7.620
2026-09-28T13:24:17.527Z	spark2	LOAD	23.402	4.137
2026-09-28T13:24:17.663Z	spark1	LOAD	19.863	7.620
2026-09-28T13:24:17.778Z	spark2	LOAD	23.402	4.137
2026-09-28T13:24:17.914Z	spark1	LOAD	19.820	7.620
2026-09-28T13:24:18.029Z	spark2	LOAD	23.403	4.137
2026-09-28T13:24:18.164Z	spark1	LOAD	19.780	7.620
2026-09-28T13:24:18.290Z	spark2	LOAD	23.403	4.137
2026-09-28T13:24:18.430Z	spark1	LOAD	19.706	7.620
2026-09-28T13:24:18.540Z	spark2	LOAD	23.403	4.137
2026-09-28T13:24:18.681Z	spark1	LOAD	19.712	7.620
2026-09-28T13:24:18.791Z	spark2	LOAD	23.403	4.137
2026-09-28T13:24:18.931Z	spark1	LOAD	19.671	7.620
2026-09-28T13:24:19.041Z	spark2	LOAD	23.403	4.137
2026-09-28T13:24:19.181Z	spark1	LOAD	19.769	7.620
2026-09-28T13:24:19.302Z	spark2	LOAD	23.403	4.137
2026-09-28T13:24:19.443Z	spark1	LOAD	21.521	7.620
2026-09-28T13:24:19.554Z	spark2	LOAD	23.403	4.137
2026-09-28T13:24:19.694Z	spark1	LOAD	22.798	7.620
2026-09-28T13:24:19.803Z	spark2	LOAD	23.403	4.137
2026-09-28T13:24:19.944Z	spark1	LOAD	22.786	7.620
2026-09-28T13:24:20.054Z	spark2	LOAD	23.403	4.137
2026-09-28T13:24:20.194Z	spark1	LOAD	22.754	7.620
2026-09-28T13:24:20.315Z	spark2	LOAD	23.403	4.137
2026-09-28T13:24:20.461Z	spark1	LOAD	22.691	7.620
2026-09-28T13:24:20.566Z	spark2	LOAD	23.403	4.137
2026-09-28T13:24:20.712Z	spark1	LOAD	22.664	7.620
2026-09-28T13:24:20.816Z	spark2	LOAD	23.403	4.137
2026-09-28T13:24:20.962Z	spark1	LOAD	22.639	7.620
2026-09-28T13:24:21.067Z	spark2	LOAD	23.403	4.137
2026-09-28T13:24:21.212Z	spark1	LOAD	22.612	7.620
2026-09-28T13:24:21.332Z	spark2	LOAD	23.402	4.137
2026-09-28T13:24:21.480Z	spark1	LOAD	22.583	7.620
2026-09-28T13:24:21.583Z	spark2	LOAD	23.402	4.137
2026-09-28T13:24:21.730Z	spark1	LOAD	22.546	7.620
2026-09-28T13:24:21.834Z	spark2	LOAD	23.402	4.137
2026-09-28T13:24:21.980Z	spark1	LOAD	22.517	7.620
2026-09-28T13:24:22.085Z	spark2	LOAD	23.403	4.137
2026-09-28T13:24:22.231Z	spark1	LOAD	22.489	7.620
2026-09-28T13:24:22.345Z	spark2	LOAD	23.403	4.137
2026-09-28T13:24:22.499Z	spark1	LOAD	22.423	7.620
2026-09-28T13:24:22.596Z	spark2	LOAD	23.403	4.137
2026-09-28T13:24:22.750Z	spark1	LOAD	22.395	7.620
2026-09-28T13:24:22.846Z	spark2	LOAD	23.403	4.137
2026-09-28T13:24:23.000Z	spark1	LOAD	22.366	7.620
2026-09-28T13:24:23.097Z	spark2	LOAD	23.405	4.137
2026-09-28T13:24:23.250Z	spark1	LOAD	22.335	7.620
2026-09-28T13:24:23.359Z	spark2	LOAD	23.405	4.137
2026-09-28T13:24:23.512Z	spark1	LOAD	22.312	7.620
2026-09-28T13:24:23.611Z	spark2	LOAD	23.405	4.137
2026-09-28T13:24:23.762Z	spark1	LOAD	22.280	7.620
2026-09-28T13:24:23.860Z	spark2	LOAD	23.405	4.137
2026-09-28T13:24:24.013Z	spark1	LOAD	22.249	7.620
2026-09-28T13:24:24.111Z	spark2	LOAD	23.406	4.137
2026-09-28T13:24:24.263Z	spark1	LOAD	22.216	7.620
2026-09-28T13:24:24.371Z	spark2	LOAD	23.406	4.137
2026-09-28T13:24:24.530Z	spark1	LOAD	22.177	7.620
2026-09-28T13:24:24.621Z	spark2	LOAD	23.406	4.137
2026-09-28T13:24:24.780Z	spark1	LOAD	22.130	7.620
2026-09-28T13:24:24.872Z	spark2	LOAD	23.406	4.137
2026-09-28T13:24:25.031Z	spark1	LOAD	22.104	7.620
2026-09-28T13:24:25.123Z	spark2	LOAD	23.408	4.137
2026-09-28T13:24:25.281Z	spark1	LOAD	22.079	7.620
2026-09-28T13:24:25.388Z	spark2	LOAD	23.408	4.137
2026-09-28T13:24:25.543Z	spark1	LOAD	22.047	7.620
2026-09-28T13:24:25.638Z	spark2	LOAD	23.408	4.137
2026-09-28T13:24:25.794Z	spark1	LOAD	22.015	7.620
2026-09-28T13:24:25.889Z	spark2	LOAD	23.408	4.137
2026-09-28T13:24:26.044Z	spark1	LOAD	21.987	7.620
2026-09-28T13:24:26.140Z	spark2	LOAD	23.408	4.137
2026-09-28T13:24:26.294Z	spark1	LOAD	21.959	7.620
2026-09-28T13:24:26.405Z	spark2	LOAD	23.408	4.137
2026-09-28T13:24:26.557Z	spark1	LOAD	21.911	7.620
2026-09-28T13:24:26.655Z	spark2	LOAD	23.408	4.137
2026-09-28T13:24:26.807Z	spark1	LOAD	21.833	7.619
2026-09-28T13:24:26.906Z	spark2	LOAD	23.408	4.137
2026-09-28T13:24:27.058Z	spark1	LOAD	21.800	7.619
2026-09-28T13:24:27.156Z	spark2	LOAD	23.404	4.137
2026-09-28T13:24:27.308Z	spark1	LOAD	21.768	7.619
2026-09-28T13:24:27.420Z	spark2	LOAD	23.399	4.136
2026-09-28T13:24:27.570Z	spark1	LOAD	21.730	7.619
2026-09-28T13:24:27.671Z	spark2	LOAD	23.399	4.136
2026-09-28T13:24:27.820Z	spark1	LOAD	21.699	7.619
2026-09-28T13:24:27.922Z	spark2	LOAD	23.400	4.136
2026-09-28T13:24:28.070Z	spark1	LOAD	21.668	7.619
2026-09-28T13:24:28.173Z	spark2	LOAD	23.400	4.136
2026-09-28T13:24:28.321Z	spark1	LOAD	21.630	7.619
2026-09-28T13:24:28.435Z	spark2	LOAD	23.400	4.136
2026-09-28T13:24:28.583Z	spark1	LOAD	21.597	7.619
2026-09-28T13:24:28.685Z	spark2	LOAD	23.400	4.136
2026-09-28T13:24:28.833Z	spark1	LOAD	21.540	7.619
2026-09-28T13:24:28.936Z	spark2	LOAD	23.400	4.136
2026-09-28T13:24:29.084Z	spark1	LOAD	21.510	7.619
2026-09-28T13:24:29.186Z	spark2	LOAD	23.401	4.136
2026-09-28T13:24:29.334Z	spark1	LOAD	21.492	7.619
2026-09-28T13:24:29.447Z	spark2	LOAD	23.401	4.136
2026-09-28T13:24:29.601Z	spark1	LOAD	21.524	7.619
2026-09-28T13:24:29.698Z	spark2	LOAD	23.401	4.136
2026-09-28T13:24:29.851Z	spark1	LOAD	21.481	7.619
2026-09-28T13:24:29.949Z	spark2	LOAD	23.403	4.136
2026-09-28T13:24:30.101Z	spark1	LOAD	21.441	7.619
2026-09-28T13:24:30.199Z	spark2	LOAD	23.403	4.136
2026-09-28T13:24:30.352Z	spark1	LOAD	21.402	7.619
2026-09-28T13:24:30.460Z	spark2	LOAD	23.403	4.136
2026-09-28T13:24:30.619Z	spark1	LOAD	21.378	7.619
2026-09-28T13:24:30.711Z	spark2	LOAD	23.403	4.136
2026-09-28T13:24:30.869Z	spark1	LOAD	21.315	7.619
2026-09-28T13:24:30.962Z	spark2	LOAD	23.404	4.136
2026-09-28T13:24:31.120Z	spark1	LOAD	21.280	7.619
2026-09-28T13:24:31.212Z	spark2	LOAD	23.404	4.136
2026-09-28T13:24:31.370Z	spark1	LOAD	21.249	7.619
2026-09-28T13:24:31.476Z	spark2	LOAD	23.404	4.136
2026-09-28T13:24:31.638Z	spark1	LOAD	21.211	7.619
2026-09-28T13:24:31.728Z	spark2	LOAD	23.404	4.136
2026-09-28T13:24:31.889Z	spark1	LOAD	21.178	7.619
2026-09-28T13:24:31.978Z	spark2	LOAD	23.405	4.136
2026-09-28T13:24:32.139Z	spark1	LOAD	21.138	7.619
2026-09-28T13:24:32.229Z	spark2	LOAD	23.405	4.136
2026-09-28T13:24:32.389Z	spark1	LOAD	21.105	7.619
2026-09-28T13:24:32.491Z	spark2	LOAD	23.405	4.136
2026-09-28T13:24:32.651Z	spark1	LOAD	21.069	7.619
2026-09-28T13:24:32.741Z	spark2	LOAD	23.405	4.136
2026-09-28T13:24:32.902Z	spark1	LOAD	21.064	7.619
2026-09-28T13:24:32.992Z	spark2	LOAD	23.406	4.136
2026-09-28T13:24:33.152Z	spark1	LOAD	21.028	7.619
2026-09-28T13:24:33.242Z	spark2	LOAD	23.406	4.136
2026-09-28T13:24:33.402Z	spark1	LOAD	20.977	7.619
2026-09-28T13:24:33.508Z	spark2	LOAD	23.406	4.136
2026-09-28T13:24:33.673Z	spark1	LOAD	20.944	7.619
2026-09-28T13:24:33.759Z	spark2	LOAD	23.406	4.136
2026-09-28T13:24:33.923Z	spark1	LOAD	20.910	7.619
2026-09-28T13:24:34.009Z	spark2	LOAD	23.406	4.136
2026-09-28T13:24:34.173Z	spark1	LOAD	20.863	7.619
2026-09-28T13:24:34.260Z	spark2	LOAD	23.406	4.136
2026-09-28T13:24:34.424Z	spark1	LOAD	20.815	7.619
2026-09-28T13:24:34.526Z	spark2	LOAD	23.406	4.136
2026-09-28T13:24:34.686Z	spark1	LOAD	20.765	7.619
2026-09-28T13:24:34.777Z	spark2	LOAD	23.406	4.136
2026-09-28T13:24:34.936Z	spark1	LOAD	20.689	7.619
2026-09-28T13:24:35.027Z	spark2	LOAD	23.406	4.136
2026-09-28T13:24:35.186Z	spark1	LOAD	20.645	7.619
2026-09-28T13:24:35.278Z	spark2	LOAD	23.406	4.136
2026-09-28T13:24:35.437Z	spark1	LOAD	20.608	7.619
2026-09-28T13:24:35.542Z	spark2	LOAD	23.406	4.136
2026-09-28T13:24:35.706Z	spark1	LOAD	20.563	7.619
2026-09-28T13:24:35.794Z	spark2	LOAD	23.406	4.136
2026-09-28T13:24:35.957Z	spark1	LOAD	20.524	7.619
2026-09-28T13:24:36.044Z	spark2	LOAD	23.406	4.136
2026-09-28T13:24:36.207Z	spark1	LOAD	20.485	7.619
2026-09-28T13:24:36.294Z	spark2	LOAD	23.406	4.136
2026-09-28T13:24:36.457Z	spark1	LOAD	20.417	7.620
2026-09-28T13:24:36.559Z	spark2	LOAD	23.406	4.136
2026-09-28T13:24:36.724Z	spark1	LOAD	20.361	7.620
2026-09-28T13:24:36.810Z	spark2	LOAD	23.406	4.136
2026-09-28T13:24:36.974Z	spark1	LOAD	20.287	7.620
2026-09-28T13:24:37.059Z	spark2	LOAD	23.406	4.136
2026-09-28T13:24:37.225Z	spark1	LOAD	20.241	7.620
2026-09-28T13:24:37.311Z	spark2	LOAD	23.406	4.136
2026-09-28T13:24:37.475Z	spark1	LOAD	20.232	7.620
2026-09-28T13:24:37.575Z	spark2	LOAD	23.406	4.136
2026-09-28T13:24:37.742Z	spark1	LOAD	20.140	7.617
2026-09-28T13:24:37.825Z	spark2	LOAD	23.406	4.136
2026-09-28T13:24:37.992Z	spark1	LOAD	20.086	7.617
2026-09-28T13:24:38.075Z	spark2	LOAD	23.401	4.136
2026-09-28T13:24:38.243Z	spark1	LOAD	20.066	7.618
2026-09-28T13:24:38.325Z	spark2	LOAD	23.393	4.136
2026-09-28T13:24:38.493Z	spark1	LOAD	19.991	7.618
2026-09-28T13:24:38.590Z	spark2	LOAD	23.394	4.136
2026-09-28T13:24:38.760Z	spark1	LOAD	19.983	7.617
2026-09-28T13:24:38.841Z	spark2	LOAD	23.394	4.136
2026-09-28T13:24:39.010Z	spark1	LOAD	19.911	7.618
2026-09-28T13:24:39.092Z	spark2	LOAD	23.394	4.136
2026-09-28T13:24:39.260Z	spark1	LOAD	19.870	7.618
2026-09-28T13:24:39.342Z	spark2	LOAD	23.394	4.136
2026-09-28T13:24:39.510Z	spark1	LOAD	19.829	7.618
2026-09-28T13:24:39.608Z	spark2	LOAD	23.395	4.136
2026-09-28T13:24:39.772Z	spark1	LOAD	19.780	7.618
2026-09-28T13:24:39.858Z	spark2	LOAD	23.395	4.136
2026-09-28T13:24:40.023Z	spark1	LOAD	19.740	7.618
2026-09-28T13:24:40.109Z	spark2	LOAD	23.395	4.136
2026-09-28T13:24:40.273Z	spark1	LOAD	19.692	7.618
2026-09-28T13:24:40.360Z	spark2	LOAD	23.395	4.136
2026-09-28T13:24:40.524Z	spark1	LOAD	19.664	7.618
2026-09-28T13:24:40.625Z	spark2	LOAD	23.395	4.136
2026-09-28T13:24:40.790Z	spark1	LOAD	19.614	7.618
2026-09-28T13:24:40.876Z	spark2	LOAD	23.396	4.136
2026-09-28T13:24:41.041Z	spark1	LOAD	19.562	7.618
2026-09-28T13:24:41.127Z	spark2	LOAD	23.396	4.136
2026-09-28T13:24:41.291Z	spark1	LOAD	19.517	7.618
2026-09-28T13:24:41.378Z	spark2	LOAD	23.396	4.136
2026-09-28T13:24:41.541Z	spark1	LOAD	19.485	7.618
2026-09-28T13:24:41.638Z	spark2	LOAD	23.396	4.136
2026-09-28T13:24:41.803Z	spark1	LOAD	19.449	7.618
2026-09-28T13:24:41.889Z	spark2	LOAD	23.397	4.136
2026-09-28T13:24:42.054Z	spark1	LOAD	19.427	7.618
2026-09-28T13:24:42.140Z	spark2	LOAD	23.397	4.136
2026-09-28T13:24:42.304Z	spark1	LOAD	19.392	7.618
2026-09-28T13:24:42.391Z	spark2	LOAD	23.397	4.136
2026-09-28T13:24:42.554Z	spark1	LOAD	19.361	7.618
2026-09-28T13:24:42.652Z	spark2	LOAD	23.399	4.136
2026-09-28T13:24:42.821Z	spark1	LOAD	20.448	7.618
2026-09-28T13:24:42.904Z	spark2	LOAD	23.399	4.136
2026-09-28T13:24:43.071Z	spark1	LOAD	21.782	7.618
2026-09-28T13:24:43.155Z	spark2	LOAD	23.399	4.136
2026-09-28T13:24:43.321Z	spark1	LOAD	22.514	7.618
2026-09-28T13:24:43.405Z	spark2	LOAD	23.399	4.136
2026-09-28T13:24:43.572Z	spark1	LOAD	22.491	7.618
2026-09-28T13:24:43.671Z	spark2	LOAD	23.399	4.136
2026-09-28T13:24:43.834Z	spark1	LOAD	22.459	7.618
2026-09-28T13:24:43.920Z	spark2	LOAD	23.399	4.136
2026-09-28T13:24:44.084Z	spark1	LOAD	22.435	7.618
2026-09-28T13:24:44.171Z	spark2	LOAD	23.400	4.136
2026-09-28T13:24:44.334Z	spark1	LOAD	22.404	7.618
2026-09-28T13:24:44.421Z	spark2	LOAD	23.400	4.136
2026-09-28T13:24:44.584Z	spark1	LOAD	22.369	7.618
2026-09-28T13:24:44.682Z	spark2	LOAD	23.400	4.136
2026-09-28T13:24:44.853Z	spark1	LOAD	22.332	7.618
2026-09-28T13:24:44.933Z	spark2	LOAD	23.400	4.136
2026-09-28T13:24:45.104Z	spark1	LOAD	22.299	7.618
2026-09-28T13:24:45.184Z	spark2	LOAD	23.400	4.136
2026-09-28T13:24:45.354Z	spark1	LOAD	22.256	7.618
2026-09-28T13:24:45.435Z	spark2	LOAD	23.400	4.136
2026-09-28T13:24:45.605Z	spark1	LOAD	22.226	7.618
2026-09-28T13:24:45.696Z	spark2	LOAD	23.400	4.136
2026-09-28T13:24:45.872Z	spark1	LOAD	22.197	7.618
2026-09-28T13:24:45.946Z	spark2	LOAD	23.400	4.136
2026-09-28T13:24:46.123Z	spark1	LOAD	22.174	7.618
2026-09-28T13:24:46.198Z	spark2	LOAD	23.400	4.136
2026-09-28T13:24:46.373Z	spark1	LOAD	22.150	7.618
2026-09-28T13:24:46.450Z	spark2	LOAD	23.400	4.136
2026-09-28T13:24:46.623Z	spark1	LOAD	22.119	7.618
2026-09-28T13:24:46.714Z	spark2	LOAD	23.400	4.136
2026-09-28T13:24:46.885Z	spark1	LOAD	22.086	7.618
2026-09-28T13:24:46.965Z	spark2	LOAD	23.401	4.136
2026-09-28T13:24:47.136Z	spark1	LOAD	22.053	7.618
2026-09-28T13:24:47.215Z	spark2	LOAD	23.401	4.136
2026-09-28T13:24:47.386Z	spark1	LOAD	22.000	7.618
2026-09-28T13:24:47.466Z	spark2	LOAD	23.401	4.136
2026-09-28T13:24:47.637Z	spark1	LOAD	21.971	7.618
2026-09-28T13:24:47.727Z	spark2	LOAD	23.401	4.136
2026-09-28T13:24:47.898Z	spark1	LOAD	21.903	7.618
2026-09-28T13:24:47.979Z	spark2	LOAD	23.401	4.136
2026-09-28T13:24:48.148Z	spark1	LOAD	21.874	7.618
2026-09-28T13:24:48.229Z	spark2	LOAD	23.401	4.136
2026-09-28T13:24:48.398Z	spark1	LOAD	21.823	7.618
2026-09-28T13:24:48.480Z	spark2	LOAD	23.401	4.136
2026-09-28T13:24:48.648Z	spark1	LOAD	21.781	7.618
2026-09-28T13:24:48.744Z	spark2	LOAD	23.401	4.136
2026-09-28T13:24:48.910Z	spark1	LOAD	21.748	7.618
2026-09-28T13:24:48.994Z	spark2	LOAD	23.389	4.136
2026-09-28T13:24:49.160Z	spark1	LOAD	21.712	7.618
2026-09-28T13:24:49.245Z	spark2	LOAD	23.412	4.136
2026-09-28T13:24:49.411Z	spark1	LOAD	21.647	7.618
2026-09-28T13:24:49.495Z	spark2	LOAD	23.412	4.136
2026-09-28T13:24:49.661Z	spark1	LOAD	21.617	7.617
2026-09-28T13:24:49.758Z	spark2	LOAD	23.412	4.136
2026-09-28T13:24:49.929Z	spark1	LOAD	21.584	7.617
2026-09-28T13:24:50.009Z	spark2	LOAD	23.412	4.136
2026-09-28T13:24:50.180Z	spark1	LOAD	21.555	7.617
2026-09-28T13:24:50.259Z	spark2	LOAD	23.412	4.136
2026-09-28T13:24:50.430Z	spark1	LOAD	21.528	7.617
2026-09-28T13:24:50.510Z	spark2	LOAD	23.412	4.136
2026-09-28T13:24:50.681Z	spark1	LOAD	21.497	7.617
2026-09-28T13:24:50.776Z	spark2	LOAD	23.412	4.136
2026-09-28T13:24:50.947Z	spark1	LOAD	21.466	7.617
2026-09-28T13:24:51.027Z	spark2	LOAD	23.412	4.136
2026-09-28T13:24:51.198Z	spark1	LOAD	21.435	7.617
2026-09-28T13:24:51.276Z	spark2	LOAD	23.412	4.136
2026-09-28T13:24:51.448Z	spark1	LOAD	21.381	7.617
2026-09-28T13:24:51.527Z	spark2	LOAD	23.412	4.136
2026-09-28T13:24:51.698Z	spark1	LOAD	21.356	7.617
2026-09-28T13:24:51.789Z	spark2	LOAD	23.412	4.136
2026-09-28T13:24:51.961Z	spark1	LOAD	21.323	7.617
2026-09-28T13:24:52.039Z	spark2	LOAD	23.414	4.136
2026-09-28T13:24:52.211Z	spark1	LOAD	21.286	7.617
2026-09-28T13:24:52.290Z	spark2	LOAD	23.414	4.136
2026-09-28T13:24:52.462Z	spark1	LOAD	21.258	7.617
2026-09-28T13:24:52.541Z	spark2	LOAD	23.414	4.136
2026-09-28T13:24:52.712Z	spark1	LOAD	21.230	7.617
2026-09-28T13:24:52.802Z	spark2	LOAD	23.413	4.136
2026-09-28T13:24:52.979Z	spark1	LOAD	21.196	7.617
2026-09-28T13:24:53.052Z	spark2	LOAD	23.413	4.136
2026-09-28T13:24:53.230Z	spark1	LOAD	21.226	7.618
2026-09-28T13:24:53.303Z	spark2	LOAD	23.414	4.136
2026-09-28T13:24:53.480Z	spark1	LOAD	21.162	7.619
2026-09-28T13:24:53.553Z	spark2	LOAD	23.414	4.136
2026-09-28T13:24:53.730Z	spark1	LOAD	21.132	7.619
2026-09-28T13:24:53.816Z	spark2	LOAD	23.413	4.136
2026-09-28T13:24:53.997Z	spark1	LOAD	21.099	7.619
2026-09-28T13:24:54.066Z	spark2	LOAD	23.413	4.136
2026-09-28T13:24:54.247Z	spark1	LOAD	21.094	7.620
2026-09-28T13:24:54.317Z	spark2	LOAD	23.413	4.136
2026-09-28T13:24:54.497Z	spark1	LOAD	21.053	7.620
2026-09-28T13:24:54.568Z	spark2	LOAD	23.413	4.136
2026-09-28T13:24:54.748Z	spark1	LOAD	21.017	7.620
2026-09-28T13:24:54.830Z	spark2	LOAD	23.413	4.136
2026-09-28T13:24:55.015Z	spark1	LOAD	20.976	7.620
2026-09-28T13:24:55.081Z	spark2	LOAD	23.413	4.136
2026-09-28T13:24:55.265Z	spark1	LOAD	20.947	7.620
2026-09-28T13:24:55.331Z	spark2	LOAD	23.413	4.136
2026-09-28T13:24:55.515Z	spark1	LOAD	20.881	7.620
2026-09-28T13:24:55.582Z	spark2	LOAD	23.413	4.136
2026-09-28T13:24:55.766Z	spark1	LOAD	20.851	7.620
2026-09-28T13:24:55.842Z	spark2	LOAD	23.413	4.136
2026-09-28T13:24:56.032Z	spark1	LOAD	20.814	7.620
2026-09-28T13:24:56.094Z	spark2	LOAD	23.413	4.136
2026-09-28T13:24:56.283Z	spark1	LOAD	20.781	7.620
2026-09-28T13:24:56.344Z	spark2	LOAD	23.413	4.136
2026-09-28T13:24:56.533Z	spark1	LOAD	20.763	7.620
2026-09-28T13:24:56.595Z	spark2	LOAD	23.413	4.136
2026-09-28T13:24:56.783Z	spark1	LOAD	20.730	7.620
2026-09-28T13:24:56.857Z	spark2	LOAD	23.413	4.136
2026-09-28T13:24:57.053Z	spark1	LOAD	20.699	7.620
2026-09-28T13:24:57.108Z	spark2	LOAD	23.413	4.136
2026-09-28T13:24:57.303Z	spark1	LOAD	20.664	7.620
2026-09-28T13:24:57.358Z	spark2	LOAD	23.413	4.136
2026-09-28T13:24:57.554Z	spark1	LOAD	20.610	7.620
2026-09-28T13:24:57.609Z	spark2	LOAD	23.413	4.136
2026-09-28T13:24:57.804Z	spark1	LOAD	20.586	7.620
2026-09-28T13:24:57.870Z	spark2	LOAD	23.413	4.136
2026-09-28T13:24:58.067Z	spark1	LOAD	20.555	7.620
2026-09-28T13:24:58.121Z	spark2	LOAD	23.413	4.136
2026-09-28T13:24:58.317Z	spark1	LOAD	20.526	7.620
2026-09-28T13:24:58.371Z	spark2	LOAD	23.413	4.136
2026-09-28T13:24:58.568Z	spark1	LOAD	20.491	7.620
2026-09-28T13:24:58.622Z	spark2	LOAD	23.413	4.136
2026-09-28T13:24:58.818Z	spark1	LOAD	20.460	7.620
2026-09-28T13:24:58.887Z	spark2	LOAD	23.412	4.136
2026-09-28T13:24:59.085Z	spark1	LOAD	20.423	7.620
2026-09-28T13:24:59.137Z	spark2	LOAD	23.412	4.136
2026-09-28T13:24:59.335Z	spark1	LOAD	20.350	7.620
2026-09-28T13:24:59.388Z	spark2	LOAD	23.412	4.136
2026-09-28T13:24:59.586Z	spark1	LOAD	20.362	7.620
2026-09-28T13:24:59.639Z	spark2	LOAD	23.412	4.136
2026-09-28T13:24:59.836Z	spark1	LOAD	20.325	7.620
2026-09-28T13:24:59.900Z	spark2	LOAD	23.416	4.136
2026-09-28T13:25:00.099Z	spark1	LOAD	20.298	7.620
2026-09-28T13:25:00.150Z	spark2	LOAD	23.403	4.136
2026-09-28T13:25:00.349Z	spark1	LOAD	20.249	7.620
2026-09-28T13:25:00.402Z	spark2	LOAD	23.410	4.135
2026-09-28T13:25:00.599Z	spark1	LOAD	20.218	7.620
2026-09-28T13:25:00.652Z	spark2	LOAD	23.410	4.135
2026-09-28T13:25:00.849Z	spark1	LOAD	20.187	7.620
2026-09-28T13:25:00.917Z	spark2	LOAD	23.410	4.135
2026-09-28T13:25:01.116Z	spark1	LOAD	20.153	7.620
2026-09-28T13:25:01.168Z	spark2	LOAD	23.410	4.135
2026-09-28T13:25:01.367Z	spark1	LOAD	20.122	7.620
2026-09-28T13:25:01.419Z	spark2	LOAD	23.410	4.135
2026-09-28T13:25:01.617Z	spark1	LOAD	20.064	7.620
2026-09-28T13:25:01.670Z	spark2	LOAD	23.410	4.135
2026-09-28T13:25:01.867Z	spark1	LOAD	20.032	7.620
2026-09-28T13:25:01.934Z	spark2	LOAD	23.410	4.135
2026-09-28T13:25:02.134Z	spark1	LOAD	20.056	7.620
2026-09-28T13:25:02.185Z	spark2	LOAD	23.410	4.135
2026-09-28T13:25:02.385Z	spark1	LOAD	20.013	7.620
2026-09-28T13:25:02.436Z	spark2	LOAD	23.410	4.135
2026-09-28T13:25:02.635Z	spark1	LOAD	19.964	7.620
2026-09-28T13:25:02.687Z	spark2	LOAD	23.410	4.135
2026-09-28T13:25:02.885Z	spark1	LOAD	19.932	7.620
2026-09-28T13:25:02.948Z	spark2	LOAD	23.411	4.135
2026-09-28T13:25:03.154Z	spark1	LOAD	19.878	7.620
2026-09-28T13:25:03.199Z	spark2	LOAD	23.411	4.135
2026-09-28T13:25:03.404Z	spark1	LOAD	19.829	7.620
2026-09-28T13:25:03.450Z	spark2	LOAD	23.411	4.135
2026-09-28T13:25:03.654Z	spark1	LOAD	19.741	7.620
2026-09-28T13:25:03.701Z	spark2	LOAD	23.418	4.135
2026-09-28T13:25:03.905Z	spark1	LOAD	19.713	7.620
2026-09-28T13:25:03.963Z	spark2	LOAD	23.418	4.135
2026-09-28T13:25:04.167Z	spark1	LOAD	19.683	7.620
2026-09-28T13:25:04.214Z	spark2	LOAD	23.418	4.135
2026-09-28T13:25:04.418Z	spark1	LOAD	19.658	7.620
2026-09-28T13:25:04.465Z	spark2	LOAD	23.418	4.135
2026-09-28T13:25:04.669Z	spark1	LOAD	19.635	7.620
2026-09-28T13:25:04.715Z	spark2	LOAD	23.418	4.135
2026-09-28T13:25:04.919Z	spark1	LOAD	19.604	7.620
2026-09-28T13:25:04.980Z	spark2	LOAD	23.418	4.135
2026-09-28T13:25:05.182Z	spark1	LOAD	19.573	7.620
2026-09-28T13:25:05.231Z	spark2	LOAD	23.418	4.135
2026-09-28T13:25:05.432Z	spark1	LOAD	19.542	7.620
2026-09-28T13:25:05.482Z	spark2	LOAD	23.418	4.135
2026-09-28T13:25:05.682Z	spark1	LOAD	19.519	7.620
2026-09-28T13:25:05.733Z	spark2	LOAD	23.418	4.135
2026-09-28T13:25:05.932Z	spark1	LOAD	19.482	7.620
2026-09-28T13:25:05.996Z	spark2	LOAD	23.418	4.135
2026-09-28T13:25:06.195Z	spark1	LOAD	19.449	7.620
2026-09-28T13:25:06.246Z	spark2	LOAD	23.418	4.135
2026-09-28T13:25:06.445Z	spark1	LOAD	19.418	7.620
2026-09-28T13:25:06.496Z	spark2	LOAD	23.418	4.135
2026-09-28T13:25:06.696Z	spark1	LOAD	19.399	7.620
2026-09-28T13:25:06.748Z	spark2	LOAD	23.418	4.135
2026-09-28T13:25:06.946Z	spark1	LOAD	19.367	7.620
2026-09-28T13:25:07.008Z	spark2	LOAD	23.418	4.135
2026-09-28T13:25:07.208Z	spark1	LOAD	19.320	7.620
2026-09-28T13:25:07.259Z	spark2	LOAD	23.418	4.135
2026-09-28T13:25:07.459Z	spark1	LOAD	19.812	7.619
2026-09-28T13:25:07.510Z	spark2	LOAD	23.418	4.135
2026-09-28T13:25:07.709Z	spark1	LOAD	21.323	7.619
2026-09-28T13:25:07.760Z	spark2	LOAD	23.418	4.135
2026-09-28T13:25:07.960Z	spark1	LOAD	22.545	7.619
2026-09-28T13:25:08.025Z	spark2	LOAD	23.418	4.135
2026-09-28T13:25:08.222Z	spark1	LOAD	22.525	7.619
2026-09-28T13:25:08.276Z	spark2	LOAD	23.418	4.135
2026-09-28T13:25:08.473Z	spark1	LOAD	22.497	7.619
2026-09-28T13:25:08.527Z	spark2	LOAD	23.418	4.135
2026-09-28T13:25:08.724Z	spark1	LOAD	22.469	7.619
2026-09-28T13:25:08.778Z	spark2	LOAD	23.418	4.135
2026-09-28T13:25:08.974Z	spark1	LOAD	22.437	7.619
2026-09-28T13:25:09.044Z	spark2	LOAD	23.418	4.135
2026-09-28T13:25:09.244Z	spark1	LOAD	22.404	7.619
2026-09-28T13:25:09.294Z	spark2	LOAD	23.418	4.135
2026-09-28T13:25:09.494Z	spark1	LOAD	22.372	7.619
2026-09-28T13:25:09.544Z	spark2	LOAD	23.418	4.135
2026-09-28T13:25:09.744Z	spark1	LOAD	22.341	7.619
2026-09-28T13:25:09.794Z	spark2	LOAD	23.418	4.135
2026-09-28T13:25:09.995Z	spark1	LOAD	22.283	7.619
2026-09-28T13:25:10.059Z	spark2	LOAD	23.418	4.135
2026-09-28T13:25:10.256Z	spark1	LOAD	22.252	7.619
2026-09-28T13:25:10.310Z	spark2	LOAD	23.418	4.135
2026-09-28T13:25:10.506Z	spark1	LOAD	22.185	7.619
2026-09-28T13:25:10.561Z	spark2	LOAD	23.418	4.135
2026-09-28T13:25:10.756Z	spark1	LOAD	22.152	7.619
2026-09-28T13:25:10.810Z	spark2	LOAD	23.418	4.135
2026-09-28T13:25:11.007Z	spark1	LOAD	22.124	7.619
2026-09-28T13:25:11.076Z	spark2	LOAD	23.405	4.135
2026-09-28T13:25:11.269Z	spark1	LOAD	22.070	7.619
2026-09-28T13:25:11.327Z	spark2	LOAD	23.408	4.135
2026-09-28T13:25:11.520Z	spark1	LOAD	22.041	7.619
2026-09-28T13:25:11.578Z	spark2	LOAD	23.408	4.135
2026-09-28T13:25:11.770Z	spark1	LOAD	22.017	7.619
2026-09-28T13:25:11.829Z	spark2	LOAD	23.408	4.135
2026-09-28T13:25:12.021Z	spark1	LOAD	21.971	7.619
2026-09-28T13:25:12.094Z	spark2	LOAD	23.409	4.135
2026-09-28T13:25:12.282Z	spark1	LOAD	21.943	7.619
2026-09-28T13:25:12.344Z	spark2	LOAD	23.409	4.135
2026-09-28T13:25:12.533Z	spark1	LOAD	21.922	7.619
2026-09-28T13:25:12.596Z	spark2	LOAD	23.409	4.135
2026-09-28T13:25:12.783Z	spark1	LOAD	21.894	7.618
2026-09-28T13:25:12.845Z	spark2	LOAD	23.409	4.135
2026-09-28T13:25:13.034Z	spark1	LOAD	21.862	7.618
2026-09-28T13:25:13.110Z	spark2	LOAD	23.410	4.135
2026-09-28T13:25:13.301Z	spark1	LOAD	21.826	7.618
2026-09-28T13:25:13.361Z	spark2	LOAD	23.410	4.135
2026-09-28T13:25:13.551Z	spark1	LOAD	21.786	7.618
2026-09-28T13:25:13.611Z	spark2	LOAD	23.410	4.135
2026-09-28T13:25:13.801Z	spark1	LOAD	21.753	7.618
2026-09-28T13:25:13.861Z	spark2	LOAD	23.411	4.135
2026-09-28T13:25:14.052Z	spark1	LOAD	21.718	7.618
2026-09-28T13:25:14.127Z	spark2	LOAD	23.411	4.135
2026-09-28T13:25:14.314Z	spark1	LOAD	21.687	7.618
2026-09-28T13:25:14.378Z	spark2	LOAD	23.411	4.135
2026-09-28T13:25:14.564Z	spark1	LOAD	21.660	7.618
2026-09-28T13:25:14.628Z	spark2	LOAD	23.411	4.135
2026-09-28T13:25:14.814Z	spark1	LOAD	21.634	7.618
2026-09-28T13:25:14.879Z	spark2	LOAD	23.411	4.135
2026-09-28T13:25:15.065Z	spark1	LOAD	21.601	7.618
2026-09-28T13:25:15.144Z	spark2	LOAD	23.411	4.135
2026-09-28T13:25:15.327Z	spark1	LOAD	21.568	7.618
2026-09-28T13:25:15.395Z	spark2	LOAD	23.411	4.135
2026-09-28T13:25:15.577Z	spark1	LOAD	21.538	7.618
2026-09-28T13:25:15.645Z	spark2	LOAD	23.411	4.135
2026-09-28T13:25:15.828Z	spark1	LOAD	21.513	7.618
2026-09-28T13:25:15.896Z	spark2	LOAD	23.411	4.135
2026-09-28T13:25:16.079Z	spark1	LOAD	21.469	7.618
2026-09-28T13:25:16.161Z	spark2	LOAD	23.411	4.135
2026-09-28T13:25:16.340Z	spark1	LOAD	21.448	7.618
2026-09-28T13:25:16.412Z	spark2	LOAD	23.411	4.135
2026-09-28T13:25:16.590Z	spark1	LOAD	21.422	7.618
2026-09-28T13:25:16.662Z	spark2	LOAD	23.411	4.135
2026-09-28T13:25:16.841Z	spark1	LOAD	21.394	7.618
2026-09-28T13:25:16.912Z	spark2	LOAD	23.411	4.135
2026-09-28T13:25:17.091Z	spark1	LOAD	21.366	7.618
2026-09-28T13:25:17.177Z	spark2	LOAD	23.411	4.135
2026-09-28T13:25:17.353Z	spark1	LOAD	21.329	7.618
2026-09-28T13:25:17.428Z	spark2	LOAD	23.411	4.135
2026-09-28T13:25:17.604Z	spark1	LOAD	21.297	7.618
2026-09-28T13:25:17.678Z	spark2	LOAD	23.411	4.135
2026-09-28T13:25:17.854Z	spark1	LOAD	21.264	7.618
2026-09-28T13:25:17.928Z	spark2	LOAD	23.411	4.135
2026-09-28T13:25:18.105Z	spark1	LOAD	21.207	7.618
2026-09-28T13:25:18.194Z	spark2	LOAD	23.411	4.135
2026-09-28T13:25:18.374Z	spark1	LOAD	21.174	7.618
2026-09-28T13:25:18.445Z	spark2	LOAD	23.411	4.135
2026-09-28T13:25:18.624Z	spark1	LOAD	21.132	7.618
2026-09-28T13:25:18.695Z	spark2	LOAD	23.411	4.135
2026-09-28T13:25:18.874Z	spark1	LOAD	21.102	7.618
2026-09-28T13:25:18.946Z	spark2	LOAD	23.411	4.135
2026-09-28T13:25:19.125Z	spark1	LOAD	21.080	7.618
2026-09-28T13:25:19.211Z	spark2	LOAD	23.411	4.135
2026-09-28T13:25:19.391Z	spark1	LOAD	21.088	7.618
2026-09-28T13:25:19.461Z	spark2	LOAD	23.411	4.135
2026-09-28T13:25:19.641Z	spark1	LOAD	21.058	7.618
2026-09-28T13:25:19.712Z	spark2	LOAD	23.411	4.135
2026-09-28T13:25:19.892Z	spark1	LOAD	21.020	7.618
2026-09-28T13:25:19.963Z	spark2	LOAD	23.411	4.135
2026-09-28T13:25:20.142Z	spark1	LOAD	20.661	7.618
2026-09-28T13:25:20.224Z	spark2	LOAD	23.411	4.135
2026-09-28T13:25:20.409Z	spark1	LOAD	20.901	7.618
2026-09-28T13:25:20.475Z	spark2	LOAD	23.411	4.135
2026-09-28T13:25:20.659Z	spark1	LOAD	20.884	7.618
2026-09-28T13:25:20.726Z	spark2	LOAD	23.411	4.135
2026-09-28T13:25:20.910Z	spark1	LOAD	20.865	7.618
2026-09-28T13:25:20.977Z	spark2	LOAD	23.411	4.135
2026-09-28T13:25:21.161Z	spark1	LOAD	20.829	7.618
2026-09-28T13:25:21.239Z	spark2	LOAD	23.411	4.135
2026-09-28T13:25:21.429Z	spark1	LOAD	20.788	7.618
2026-09-28T13:25:21.489Z	spark2	LOAD	23.411	4.135
2026-09-28T13:25:21.679Z	spark1	LOAD	20.723	7.618
2026-09-28T13:25:21.739Z	spark2	LOAD	23.410	4.135
2026-09-28T13:25:21.929Z	spark1	LOAD	20.684	7.618
2026-09-28T13:25:21.989Z	spark2	LOAD	23.404	4.135
2026-09-28T13:25:22.180Z	spark1	LOAD	20.614	7.618
2026-09-28T13:25:22.255Z	spark2	LOAD	23.406	4.135
2026-09-28T13:25:22.442Z	spark1	LOAD	20.585	7.618
2026-09-28T13:25:22.506Z	spark2	LOAD	23.406	4.135
2026-09-28T13:25:22.693Z	spark1	LOAD	20.576	7.618
2026-09-28T13:25:22.756Z	spark2	LOAD	23.406	4.135
2026-09-28T13:25:22.943Z	spark1	LOAD	20.543	7.618
2026-09-28T13:25:23.007Z	spark2	LOAD	23.406	4.135
2026-09-28T13:25:23.193Z	spark1	LOAD	20.535	7.618
2026-09-28T13:25:23.272Z	spark2	LOAD	23.406	4.135
2026-09-28T13:25:23.456Z	spark1	LOAD	20.476	7.618
2026-09-28T13:25:23.522Z	spark2	LOAD	23.406	4.135
2026-09-28T13:25:23.706Z	spark1	LOAD	20.452	7.618
2026-09-28T13:25:23.773Z	spark2	LOAD	23.406	4.135
2026-09-28T13:25:23.956Z	spark1	LOAD	20.422	7.618
2026-09-28T13:25:24.024Z	spark2	LOAD	23.406	4.135
2026-09-28T13:25:24.206Z	spark1	LOAD	20.362	7.618
2026-09-28T13:25:24.288Z	spark2	LOAD	23.407	4.135
2026-09-28T13:25:24.473Z	spark1	LOAD	20.300	7.618
2026-09-28T13:25:24.540Z	spark2	LOAD	23.407	4.135
2026-09-28T13:25:24.723Z	spark1	LOAD	20.276	7.618
2026-09-28T13:25:24.791Z	spark2	LOAD	23.407	4.135
2026-09-28T13:25:24.973Z	spark1	LOAD	20.244	7.618
2026-09-28T13:25:25.041Z	spark2	LOAD	23.407	4.135
2026-09-28T13:25:25.224Z	spark1	LOAD	20.213	7.618
2026-09-28T13:25:25.307Z	spark2	LOAD	23.407	4.135
2026-09-28T13:25:25.491Z	spark1	LOAD	20.181	7.617
2026-09-28T13:25:25.557Z	spark2	LOAD	23.407	4.135
2026-09-28T13:25:25.741Z	spark1	LOAD	20.148	7.617
2026-09-28T13:25:25.808Z	spark2	LOAD	23.407	4.135
2026-09-28T13:25:25.991Z	spark1	LOAD	20.120	7.617
2026-09-28T13:25:26.058Z	spark2	LOAD	23.407	4.135
2026-09-28T13:25:26.241Z	spark1	LOAD	20.065	7.617
2026-09-28T13:25:26.324Z	spark2	LOAD	23.407	4.135
2026-09-28T13:25:26.502Z	spark1	LOAD	20.035	7.617
2026-09-28T13:25:26.574Z	spark2	LOAD	23.407	4.135
2026-09-28T13:25:26.753Z	spark1	LOAD	20.009	7.617
2026-09-28T13:25:26.825Z	spark2	LOAD	23.409	4.135
2026-09-28T13:25:27.004Z	spark1	LOAD	19.990	7.617
2026-09-28T13:25:27.076Z	spark2	LOAD	23.409	4.135
2026-09-28T13:25:27.254Z	spark1	LOAD	19.961	7.617
2026-09-28T13:25:27.341Z	spark2	LOAD	23.409	4.135
2026-09-28T13:25:27.521Z	spark1	LOAD	19.928	7.617
2026-09-28T13:25:27.592Z	spark2	LOAD	23.409	4.135
2026-09-28T13:25:27.772Z	spark1	LOAD	19.903	7.617
2026-09-28T13:25:27.844Z	spark2	LOAD	23.409	4.135
2026-09-28T13:25:28.022Z	spark1	LOAD	19.873	7.617
2026-09-28T13:25:28.095Z	spark2	LOAD	23.411	4.135
2026-09-28T13:25:28.272Z	spark1	LOAD	19.843	7.617
2026-09-28T13:25:28.355Z	spark2	LOAD	23.410	4.135
2026-09-28T13:25:28.535Z	spark1	LOAD	19.788	7.617
2026-09-28T13:25:28.607Z	spark2	LOAD	23.410	4.135
2026-09-28T13:25:28.785Z	spark1	LOAD	19.753	7.617
2026-09-28T13:25:28.858Z	spark2	LOAD	23.411	4.135
2026-09-28T13:25:29.036Z	spark1	LOAD	19.727	7.617
2026-09-28T13:25:29.109Z	spark2	LOAD	23.411	4.135
2026-09-28T13:25:29.286Z	spark1	LOAD	19.728	7.617
2026-09-28T13:25:29.371Z	spark2	LOAD	23.411	4.135
2026-09-28T13:25:29.552Z	spark1	LOAD	19.694	7.617
2026-09-28T13:25:29.621Z	spark2	LOAD	23.411	4.135
2026-09-28T13:25:29.803Z	spark1	LOAD	19.662	7.617
2026-09-28T13:25:29.871Z	spark2	LOAD	23.411	4.135
2026-09-28T13:25:30.054Z	spark1	LOAD	19.626	7.617
2026-09-28T13:25:30.122Z	spark2	LOAD	23.413	4.135
2026-09-28T13:25:30.304Z	spark1	LOAD	19.596	7.617
2026-09-28T13:25:30.384Z	spark2	LOAD	23.413	4.135
2026-09-28T13:25:30.567Z	spark1	LOAD	19.525	7.617
2026-09-28T13:25:30.635Z	spark2	LOAD	23.413	4.135
2026-09-28T13:25:30.817Z	spark1	LOAD	19.498	7.617
2026-09-28T13:25:30.886Z	spark2	LOAD	23.413	4.135
2026-09-28T13:25:31.067Z	spark1	LOAD	19.503	7.617
2026-09-28T13:25:31.137Z	spark2	LOAD	23.414	4.135
2026-09-28T13:25:31.318Z	spark1	LOAD	19.469	7.617
2026-09-28T13:25:31.402Z	spark2	LOAD	23.414	4.135
2026-09-28T13:25:31.580Z	spark1	LOAD	19.435	7.617
2026-09-28T13:25:31.653Z	spark2	LOAD	23.414	4.135
2026-09-28T13:25:31.830Z	spark1	LOAD	19.371	7.618
2026-09-28T13:25:31.903Z	spark2	LOAD	23.414	4.135
2026-09-28T13:25:32.080Z	spark1	LOAD	19.338	7.618
2026-09-28T13:25:32.154Z	spark2	LOAD	23.413	4.135
2026-09-28T13:25:32.330Z	spark1	LOAD	19.297	7.619
2026-09-28T13:25:32.418Z	spark2	LOAD	23.414	4.135
2026-09-28T13:25:32.598Z	spark1	LOAD	20.581	7.619
2026-09-28T13:25:32.669Z	spark2	LOAD	23.415	4.135
2026-09-28T13:25:32.848Z	spark1	LOAD	22.066	7.619
2026-09-28T13:25:32.919Z	spark2	LOAD	23.399	4.135
2026-09-28T13:25:33.098Z	spark1	LOAD	22.570	7.618
2026-09-28T13:25:33.170Z	spark2	LOAD	23.401	4.135
2026-09-28T13:25:33.349Z	spark1	LOAD	22.552	7.614
2026-09-28T13:25:33.436Z	spark2	LOAD	23.401	4.135
2026-09-28T13:25:33.612Z	spark1	LOAD	22.543	7.602
2026-09-28T13:25:33.687Z	spark2	LOAD	23.401	4.135
2026-09-28T13:25:33.862Z	spark1	LOAD	22.459	7.597
2026-09-28T13:25:33.937Z	spark2	LOAD	23.401	4.135
2026-09-28T13:25:34.113Z	spark1	LOAD	22.398	7.597
2026-09-28T13:25:34.188Z	spark2	LOAD	23.401	4.135
2026-09-28T13:25:34.363Z	spark1	LOAD	22.177	7.597
2026-09-28T13:25:34.448Z	spark2	LOAD	23.402	4.135
2026-09-28T13:25:34.626Z	spark1	LOAD	22.114	7.597
2026-09-28T13:25:34.697Z	spark2	LOAD	23.402	4.135
2026-09-28T13:25:34.876Z	spark1	LOAD	22.104	7.597
2026-09-28T13:25:34.948Z	spark2	LOAD	23.402	4.135
2026-09-28T13:25:35.127Z	spark1	LOAD	19.767	7.597
2026-09-28T13:25:35.199Z	spark2	LOAD	23.403	4.135
2026-09-28T13:25:35.377Z	spark1	LOAD	18.458	7.597
2026-09-28T13:25:35.460Z	spark2	LOAD	23.404	4.135
2026-09-28T13:25:35.645Z	spark1	LOAD	18.288	7.597
2026-09-28T13:25:35.711Z	spark2	LOAD	23.404	4.135
2026-09-28T13:25:35.895Z	spark1	LOAD	17.900	7.597
2026-09-28T13:25:35.962Z	spark2	LOAD	23.405	4.135
2026-09-28T13:25:36.145Z	spark1	LOAD	17.498	7.597
2026-09-28T13:25:36.212Z	spark2	LOAD	23.405	4.135
2026-09-28T13:25:36.396Z	spark1	LOAD	17.112	7.597
2026-09-28T13:25:36.477Z	spark2	LOAD	23.405	4.135
2026-09-28T13:25:36.664Z	spark1	LOAD	16.734	7.597
2026-09-28T13:25:36.728Z	spark2	LOAD	23.405	4.135
2026-09-28T13:25:36.915Z	spark1	LOAD	16.633	7.597
2026-09-28T13:25:36.979Z	spark2	LOAD	23.406	4.135
2026-09-28T13:25:37.164Z	spark1	LOAD	16.523	7.597
2026-09-28T13:25:37.229Z	spark2	LOAD	23.406	4.135
2026-09-28T13:25:37.415Z	spark1	LOAD	16.417	7.597
2026-09-28T13:25:37.494Z	spark2	LOAD	23.406	4.135
2026-09-28T13:25:37.681Z	spark1	LOAD	16.333	7.597
2026-09-28T13:25:37.746Z	spark2	LOAD	23.406	4.135
2026-09-28T13:25:37.932Z	spark1	LOAD	15.839	7.597
2026-09-28T13:25:37.996Z	spark2	LOAD	23.406	4.135
2026-09-28T13:25:38.182Z	spark1	LOAD	15.503	7.597
2026-09-28T13:25:38.247Z	spark2	LOAD	23.406	4.135
2026-09-28T13:25:38.433Z	spark1	LOAD	15.147	7.597
2026-09-28T13:25:38.511Z	spark2	LOAD	23.406	4.135
2026-09-28T13:25:38.695Z	spark1	LOAD	14.803	7.597
2026-09-28T13:25:38.763Z	spark2	LOAD	23.406	4.135
2026-09-28T13:25:38.945Z	spark1	LOAD	14.770	7.597
2026-09-28T13:25:39.012Z	spark2	LOAD	23.406	4.135
2026-09-28T13:25:39.195Z	spark1	LOAD	17.450	7.597
2026-09-28T13:25:39.264Z	spark2	LOAD	23.406	4.135
2026-09-28T13:25:39.446Z	spark1	LOAD	19.525	7.597
2026-09-28T13:25:39.529Z	spark2	LOAD	23.406	4.135
2026-09-28T13:25:39.728Z	spark1	LOAD	16.352	7.597
2026-09-28T13:25:39.779Z	spark2	LOAD	23.406	4.135
2026-09-28T13:25:39.978Z	spark1	LOAD	16.252	7.597
2026-09-28T13:25:40.031Z	spark2	LOAD	23.406	4.135
2026-09-28T13:25:40.228Z	spark1	LOAD	16.154	7.597
2026-09-28T13:25:40.281Z	spark2	LOAD	23.406	4.135
2026-09-28T13:25:40.479Z	spark1	LOAD	16.095	7.597
2026-09-28T13:25:40.546Z	spark2	LOAD	23.406	4.135
2026-09-28T13:25:40.742Z	spark1	LOAD	15.980	7.597
2026-09-28T13:25:40.797Z	spark2	LOAD	23.406	4.135
2026-09-28T13:25:40.992Z	spark1	LOAD	15.977	7.597
2026-09-28T13:25:41.047Z	spark2	LOAD	23.406	4.135
2026-09-28T13:25:41.242Z	spark1	LOAD	15.631	7.597
2026-09-28T13:25:41.299Z	spark2	LOAD	23.406	4.135
2026-09-28T13:25:41.492Z	spark1	LOAD	15.530	7.597
2026-09-28T13:25:41.564Z	spark2	LOAD	23.406	4.135
2026-09-28T13:25:41.760Z	spark1	LOAD	15.402	7.597
2026-09-28T13:25:41.814Z	spark2	LOAD	23.406	4.135
2026-09-28T13:25:42.011Z	spark1	LOAD	15.348	7.597
2026-09-28T13:25:42.066Z	spark2	LOAD	23.406	4.135
2026-09-28T13:25:42.262Z	spark1	LOAD	15.094	7.597
2026-09-28T13:25:42.316Z	spark2	LOAD	23.406	4.135
2026-09-28T13:25:42.512Z	spark1	LOAD	14.930	7.597
2026-09-28T13:25:42.580Z	spark2	LOAD	23.406	4.135
2026-09-28T13:25:42.774Z	spark1	LOAD	14.914	7.597
2026-09-28T13:25:42.831Z	spark2	LOAD	23.407	4.135
2026-09-28T13:25:43.024Z	spark1	LOAD	14.876	7.597
2026-09-28T13:25:43.082Z	spark2	LOAD	23.407	4.135
2026-09-28T13:25:43.275Z	spark1	LOAD	14.853	7.597
2026-09-28T13:25:43.333Z	spark2	LOAD	23.407	4.135
2026-09-28T13:25:43.525Z	spark1	LOAD	14.820	7.597
2026-09-28T13:25:43.597Z	spark2	LOAD	23.407	4.135
2026-09-28T13:25:43.793Z	spark1	LOAD	14.859	7.597
2026-09-28T13:25:43.847Z	spark2	LOAD	23.407	4.135
2026-09-28T13:25:44.043Z	spark1	LOAD	14.739	7.597
2026-09-28T13:25:44.098Z	spark2	LOAD	23.402	4.135
2026-09-28T13:25:44.293Z	spark1	LOAD	14.550	7.597
2026-09-28T13:25:44.348Z	spark2	LOAD	23.391	4.135
2026-09-28T13:25:44.544Z	spark1	LOAD	20.811	7.598
2026-09-28T13:25:44.610Z	spark2	LOAD	23.396	4.135
2026-09-28T13:25:44.807Z	spark1	LOAD	17.268	7.598
2026-09-28T13:25:44.860Z	spark2	LOAD	23.396	4.135
2026-09-28T13:25:45.057Z	spark1	LOAD	16.265	7.598
2026-09-28T13:25:45.111Z	spark2	LOAD	23.395	4.135
2026-09-28T13:25:45.308Z	spark1	LOAD	16.046	7.598
2026-09-28T13:25:45.361Z	spark2	LOAD	23.395	4.135
2026-09-28T13:25:45.558Z	spark1	LOAD	15.987	7.598
2026-09-28T13:25:45.627Z	spark2	LOAD	23.395	4.135
2026-09-28T13:25:45.825Z	spark1	LOAD	15.517	7.598
2026-09-28T13:25:45.878Z	spark2	LOAD	23.396	4.135
2026-09-28T13:25:46.075Z	spark1	LOAD	15.476	7.598
2026-09-28T13:25:46.128Z	spark2	LOAD	23.396	4.135
2026-09-28T13:25:46.326Z	spark1	LOAD	15.474	7.598
2026-09-28T13:25:46.379Z	spark2	LOAD	23.396	4.135
2026-09-28T13:25:46.577Z	spark1	LOAD	15.376	7.598
2026-09-28T13:25:46.644Z	spark2	LOAD	23.396	4.135
2026-09-28T13:25:46.840Z	spark1	LOAD	15.039	7.598
2026-09-28T13:25:46.895Z	spark2	LOAD	23.397	4.135
2026-09-28T13:25:47.090Z	spark1	LOAD	14.871	7.598
2026-09-28T13:25:47.146Z	spark2	LOAD	23.397	4.135
2026-09-28T13:25:47.341Z	spark1	LOAD	14.791	7.598
2026-09-28T13:25:47.396Z	spark2	LOAD	23.397	4.135
2026-09-28T13:25:47.591Z	spark1	LOAD	14.570	7.598
2026-09-28T13:25:47.660Z	spark2	LOAD	23.397	4.135
2026-09-28T13:25:47.859Z	spark1	LOAD	16.225	7.598
2026-09-28T13:25:47.911Z	spark2	LOAD	23.398	4.135
2026-09-28T13:25:48.110Z	spark1	LOAD	19.203	7.598
2026-09-28T13:25:48.161Z	spark2	LOAD	23.398	4.135
2026-09-28T13:25:48.360Z	spark1	LOAD	15.878	7.598
2026-09-28T13:25:48.412Z	spark2	LOAD	23.398	4.135
2026-09-28T13:25:48.610Z	spark1	LOAD	14.936	7.598
2026-09-28T13:25:48.678Z	spark2	LOAD	23.398	4.135
2026-09-28T13:25:48.878Z	spark1	LOAD	14.889	7.598
2026-09-28T13:25:48.928Z	spark2	LOAD	23.398	4.135
2026-09-28T13:25:49.129Z	spark1	LOAD	14.829	7.598
2026-09-28T13:25:49.178Z	spark2	LOAD	23.398	4.135
2026-09-28T13:25:49.379Z	spark1	LOAD	14.685	7.598
2026-09-28T13:25:49.430Z	spark2	LOAD	23.398	4.135
2026-09-28T13:25:49.630Z	spark1	LOAD	14.507	7.598
2026-09-28T13:25:49.696Z	spark2	LOAD	23.398	4.135
2026-09-28T13:25:49.892Z	spark1	LOAD	20.461	7.598
2026-09-28T13:25:49.946Z	spark2	LOAD	23.398	4.135
2026-09-28T13:25:50.143Z	spark1	LOAD	16.030	7.598
2026-09-28T13:25:50.196Z	spark2	LOAD	23.398	4.135
2026-09-28T13:25:50.393Z	spark1	LOAD	15.853	7.598
2026-09-28T13:25:50.447Z	spark2	LOAD	23.398	4.135
2026-09-28T13:25:50.643Z	spark1	LOAD	15.614	7.598
2026-09-28T13:25:50.712Z	spark2	LOAD	23.398	4.135
2026-09-28T13:25:50.911Z	spark1	LOAD	15.356	7.598
2026-09-28T13:25:50.962Z	spark2	LOAD	23.398	4.135
2026-09-28T13:25:51.161Z	spark1	LOAD	15.119	7.598
2026-09-28T13:25:51.213Z	spark2	LOAD	23.398	4.135
2026-09-28T13:25:51.412Z	spark1	LOAD	14.893	7.598
2026-09-28T13:25:51.464Z	spark2	LOAD	23.398	4.135
2026-09-28T13:25:51.662Z	spark1	LOAD	14.837	7.598
2026-09-28T13:25:51.729Z	spark2	LOAD	23.398	4.135
2026-09-28T13:25:51.929Z	spark1	LOAD	14.564	7.598
2026-09-28T13:25:51.979Z	spark2	LOAD	23.398	4.135
2026-09-28T13:25:52.180Z	spark1	LOAD	15.843	7.598
2026-09-28T13:25:52.230Z	spark2	LOAD	23.398	4.135
2026-09-28T13:25:52.431Z	spark1	LOAD	19.167	7.598
2026-09-28T13:25:52.481Z	spark2	LOAD	23.398	4.135
2026-09-28T13:25:52.681Z	spark1	LOAD	15.829	7.598
2026-09-28T13:25:52.746Z	spark2	LOAD	23.398	4.135
2026-09-28T13:25:52.951Z	spark1	LOAD	15.410	7.597
2026-09-28T13:25:52.996Z	spark2	LOAD	23.398	4.135
2026-09-28T13:25:53.202Z	spark1	LOAD	15.070	7.597
2026-09-28T13:25:53.247Z	spark2	LOAD	23.398	4.135
2026-09-28T13:25:53.452Z	spark1	LOAD	14.880	7.596
2026-09-28T13:25:53.498Z	spark2	LOAD	23.398	4.135
2026-09-28T13:25:53.702Z	spark1	LOAD	14.769	7.594
2026-09-28T13:25:53.762Z	spark2	LOAD	23.398	4.135
2026-09-28T13:25:53.965Z	spark1	LOAD	14.546	7.593
2026-09-28T13:25:54.013Z	spark2	LOAD	23.398	4.135
2026-09-28T13:25:54.216Z	spark1	LOAD	20.772	7.593
2026-09-28T13:25:54.265Z	spark2	LOAD	23.398	4.135
2026-09-28T13:25:54.466Z	spark1	LOAD	17.545	7.593
2026-09-28T13:25:54.514Z	spark2	LOAD	23.398	4.135
2026-09-28T13:25:54.716Z	spark1	LOAD	15.734	7.593
2026-09-28T13:25:54.779Z	spark2	LOAD	23.398	4.135
2026-09-28T13:25:54.979Z	spark1	LOAD	15.576	7.593
2026-09-28T13:25:55.029Z	spark2	LOAD	23.394	4.135
2026-09-28T13:25:55.230Z	spark1	LOAD	15.470	7.593
2026-09-28T13:25:55.279Z	spark2	LOAD	23.376	4.135
2026-09-28T13:25:55.480Z	spark1	LOAD	15.331	7.593
2026-09-28T13:25:55.531Z	spark2	LOAD	23.385	4.135
2026-09-28T13:25:55.731Z	spark1	LOAD	15.276	7.593
2026-09-28T13:25:55.795Z	spark2	LOAD	23.385	4.135
2026-09-28T13:25:55.998Z	spark1	LOAD	15.177	7.593
2026-09-28T13:25:56.047Z	spark2	LOAD	23.385	4.135
2026-09-28T13:25:56.249Z	spark1	LOAD	15.005	7.593
2026-09-28T13:25:56.297Z	spark2	LOAD	23.385	4.135
2026-09-28T13:25:56.500Z	spark1	LOAD	14.946	7.593
2026-09-28T13:25:56.549Z	spark2	LOAD	23.385	4.135
2026-09-28T13:25:56.751Z	spark1	LOAD	14.847	7.593
2026-09-28T13:25:56.809Z	spark2	LOAD	23.385	4.135
2026-09-28T13:25:57.018Z	spark1	LOAD	14.815	7.593
2026-09-28T13:25:57.060Z	spark2	LOAD	23.385	4.135
2026-09-28T13:25:57.269Z	spark1	LOAD	14.805	7.593
2026-09-28T13:25:57.311Z	spark2	LOAD	23.385	4.135
2026-09-28T13:25:57.520Z	spark1	LOAD	14.772	7.593
2026-09-28T13:25:57.561Z	spark2	LOAD	23.385	4.135
2026-09-28T13:25:57.771Z	spark1	LOAD	14.745	7.593
2026-09-28T13:25:57.827Z	spark2	LOAD	23.385	4.135
2026-09-28T13:25:58.034Z	spark1	LOAD	14.742	7.593
2026-09-28T13:25:58.078Z	spark2	LOAD	23.385	4.135
2026-09-28T13:25:58.284Z	spark1	LOAD	14.730	7.593
2026-09-28T13:25:58.329Z	spark2	LOAD	23.385	4.135
2026-09-28T13:25:58.535Z	spark1	LOAD	14.717	7.593
2026-09-28T13:25:58.579Z	spark2	LOAD	23.385	4.135
2026-09-28T13:25:58.786Z	spark1	LOAD	14.707	7.593
2026-09-28T13:25:58.844Z	spark2	LOAD	23.384	4.135
2026-09-28T13:25:59.053Z	spark1	LOAD	14.706	7.593
2026-09-28T13:25:59.095Z	spark2	LOAD	23.384	4.135
2026-09-28T13:25:59.304Z	spark1	LOAD	14.649	7.593
2026-09-28T13:25:59.346Z	spark2	LOAD	23.384	4.135
2026-09-28T13:25:59.554Z	spark1	LOAD	14.543	7.593
2026-09-28T13:25:59.596Z	spark2	LOAD	23.384	4.135
2026-09-28T13:25:59.805Z	spark1	LOAD	14.526	7.593
2026-09-28T13:25:59.861Z	spark2	LOAD	23.384	4.135
2026-09-28T13:26:00.067Z	spark1	LOAD	14.528	7.593
2026-09-28T13:26:00.111Z	spark2	LOAD	23.384	4.135
2026-09-28T13:26:00.318Z	spark1	LOAD	14.521	7.593
2026-09-28T13:26:00.362Z	spark2	LOAD	23.384	4.135
2026-09-28T13:26:00.568Z	spark1	LOAD	14.499	7.593
2026-09-28T13:26:00.612Z	spark2	LOAD	23.384	4.135
2026-09-28T13:26:00.819Z	spark1	LOAD	14.491	7.592
2026-09-28T13:26:00.877Z	spark2	LOAD	23.385	4.135
2026-09-28T13:26:01.082Z	spark1	LOAD	14.496	7.592
2026-09-28T13:26:01.127Z	spark2	LOAD	23.385	4.135
2026-09-28T13:26:01.333Z	spark1	LOAD	14.485	7.592
2026-09-28T13:26:01.378Z	spark2	LOAD	23.385	4.135
2026-09-28T13:26:01.583Z	spark1	LOAD	16.483	7.592
2026-09-28T13:26:01.629Z	spark2	LOAD	23.385	4.135
2026-09-28T13:26:01.834Z	spark1	LOAD	18.440	7.592
2026-09-28T13:26:01.894Z	spark2	LOAD	23.387	4.135
2026-09-28T13:26:02.106Z	spark1	LOAD	15.370	7.592
2026-09-28T13:26:02.145Z	spark2	LOAD	23.387	4.135
2026-09-28T13:26:02.357Z	spark1	LOAD	15.164	7.592
2026-09-28T13:26:02.395Z	spark2	LOAD	23.387	4.135
2026-09-28T13:26:02.607Z	spark1	LOAD	15.031	7.592
2026-09-28T13:26:02.645Z	spark2	LOAD	23.387	4.135
2026-09-28T13:26:02.858Z	spark1	LOAD	14.929	7.592
2026-09-28T13:26:02.910Z	spark2	LOAD	23.388	4.135
2026-09-28T13:26:03.125Z	spark1	LOAD	14.834	7.592
2026-09-28T13:26:03.160Z	spark2	LOAD	23.388	4.135
2026-09-28T13:26:03.375Z	spark1	LOAD	14.815	7.592
2026-09-28T13:26:03.411Z	spark2	LOAD	23.388	4.135
2026-09-28T13:26:03.625Z	spark1	LOAD	14.793	7.592
2026-09-28T13:26:03.660Z	spark2	LOAD	23.388	4.135
2026-09-28T13:26:03.875Z	spark1	LOAD	14.776	7.592
2026-09-28T13:26:03.925Z	spark2	LOAD	23.389	4.135
2026-09-28T13:26:04.143Z	spark1	LOAD	14.769	7.592
2026-09-28T13:26:04.175Z	spark2	LOAD	23.389	4.135
2026-09-28T13:26:04.394Z	spark1	LOAD	14.682	7.592
2026-09-28T13:26:04.426Z	spark2	LOAD	23.389	4.135
2026-09-28T13:26:04.644Z	spark1	LOAD	14.539	7.592
2026-09-28T13:26:04.677Z	spark2	LOAD	23.389	4.135
2026-09-28T13:26:04.895Z	spark1	LOAD	14.539	7.592
2026-09-28T13:26:04.937Z	spark2	LOAD	23.389	4.135
2026-09-28T13:26:05.158Z	spark1	LOAD	14.532	7.592
2026-09-28T13:26:05.188Z	spark2	LOAD	23.390	4.135
2026-09-28T13:26:05.409Z	spark1	LOAD	14.526	7.592
2026-09-28T13:26:05.439Z	spark2	LOAD	23.390	4.135
2026-09-28T13:26:05.659Z	spark1	LOAD	14.470	7.592
2026-09-28T13:26:05.689Z	spark2	LOAD	23.390	4.135
2026-09-28T13:26:05.909Z	spark1	LOAD	14.459	7.592
2026-09-28T13:26:05.953Z	spark2	LOAD	23.376	4.135
2026-09-28T13:26:06.177Z	spark1	LOAD	16.428	7.592
2026-09-28T13:26:06.203Z	spark2	LOAD	23.365	4.135
2026-09-28T13:26:06.427Z	spark1	LOAD	18.440	7.592
2026-09-28T13:26:06.453Z	spark2	LOAD	23.362	4.135
2026-09-28T13:26:06.678Z	spark1	LOAD	15.508	7.592
2026-09-28T13:26:06.705Z	spark2	LOAD	23.361	4.135
2026-09-28T13:26:06.928Z	spark1	LOAD	15.448	7.592
2026-09-28T13:26:06.970Z	spark2	LOAD	23.361	4.135
2026-09-28T13:26:07.191Z	spark1	LOAD	15.410	7.592
2026-09-28T13:26:07.221Z	spark2	LOAD	23.361	4.135
2026-09-28T13:26:07.441Z	spark1	LOAD	15.390	7.592
2026-09-28T13:26:07.472Z	spark2	LOAD	23.361	4.135
2026-09-28T13:26:07.692Z	spark1	LOAD	15.365	7.592
2026-09-28T13:26:07.723Z	spark2	LOAD	23.362	4.135
2026-09-28T13:26:07.943Z	spark1	LOAD	15.351	7.592
2026-09-28T13:26:07.983Z	spark2	LOAD	23.368	4.135
2026-09-28T13:26:08.205Z	spark1	LOAD	15.230	7.592
2026-09-28T13:26:08.234Z	spark2	LOAD	23.368	4.135
2026-09-28T13:26:08.456Z	spark1	LOAD	15.119	7.592
2026-09-28T13:26:08.485Z	spark2	LOAD	23.368	4.135
2026-09-28T13:26:08.706Z	spark1	LOAD	14.888	7.592
2026-09-28T13:26:08.735Z	spark2	LOAD	23.368	4.135
2026-09-28T13:26:08.957Z	spark1	LOAD	14.846	7.592
2026-09-28T13:26:09.001Z	spark2	LOAD	23.371	4.135
2026-09-28T13:26:09.232Z	spark1	LOAD	14.805	7.592
2026-09-28T13:26:09.252Z	spark2	LOAD	23.371	4.135
2026-09-28T13:26:09.482Z	spark1	LOAD	14.793	7.592
2026-09-28T13:26:09.502Z	spark2	LOAD	23.371	4.135
2026-09-28T13:26:09.733Z	spark1	LOAD	14.786	7.592
2026-09-28T13:26:09.752Z	spark2	LOAD	23.372	4.135
2026-09-28T13:26:09.984Z	spark1	LOAD	14.775	7.592
2026-09-28T13:26:10.016Z	spark2	LOAD	23.374	4.135
2026-09-28T13:26:10.247Z	spark1	LOAD	14.767	7.592
2026-09-28T13:26:10.267Z	spark2	LOAD	23.374	4.135
2026-09-28T13:26:10.498Z	spark1	LOAD	14.760	7.592
2026-09-28T13:26:10.518Z	spark2	LOAD	23.374	4.135
2026-09-28T13:26:10.749Z	spark1	LOAD	14.753	7.592
2026-09-28T13:26:10.769Z	spark2	LOAD	23.374	4.135
2026-09-28T13:26:10.999Z	spark1	LOAD	14.720	7.592
2026-09-28T13:26:11.030Z	spark2	LOAD	23.376	4.135
2026-09-28T13:26:11.263Z	spark1	LOAD	14.724	7.592
2026-09-28T13:26:11.282Z	spark2	LOAD	23.376	4.135
2026-09-28T13:26:11.513Z	spark1	LOAD	14.626	7.592
2026-09-28T13:26:11.533Z	spark2	LOAD	23.376	4.135
2026-09-28T13:26:11.764Z	spark1	LOAD	14.605	7.592
2026-09-28T13:26:11.784Z	spark2	LOAD	23.376	4.135
2026-09-28T13:26:12.015Z	spark1	LOAD	14.604	7.592
2026-09-28T13:26:12.045Z	spark2	LOAD	23.378	4.135
2026-09-28T13:26:12.283Z	spark1	LOAD	14.584	7.592
2026-09-28T13:26:12.296Z	spark2	LOAD	23.378	4.135
2026-09-28T13:26:12.534Z	spark1	LOAD	14.544	7.592
2026-09-28T13:26:12.547Z	spark2	LOAD	23.378	4.135
2026-09-28T13:26:12.784Z	spark1	LOAD	20.073	7.592
2026-09-28T13:26:12.798Z	spark2	LOAD	23.378	4.135
2026-09-28T13:26:13.035Z	spark1	LOAD	17.564	7.592
2026-09-28T13:26:13.058Z	spark2	LOAD	23.380	4.135
2026-09-28T13:26:13.298Z	spark1	LOAD	15.504	7.592
2026-09-28T13:26:13.311Z	spark2	LOAD	23.380	4.135
2026-09-28T13:26:13.549Z	spark1	LOAD	15.305	7.592
2026-09-28T13:26:13.562Z	spark2	LOAD	23.380	4.135
2026-09-28T13:26:13.800Z	spark1	LOAD	15.159	7.592
2026-09-28T13:26:13.812Z	spark2	LOAD	23.380	4.135
2026-09-28T13:26:14.050Z	spark1	LOAD	15.108	7.592
2026-09-28T13:26:14.073Z	spark2	LOAD	23.379	4.135
2026-09-28T13:26:14.313Z	spark1	LOAD	15.068	7.592
2026-09-28T13:26:14.324Z	spark2	LOAD	23.381	4.135
2026-09-28T13:26:14.563Z	spark1	LOAD	15.008	7.592
2026-09-28T13:26:14.573Z	spark2	LOAD	23.381	4.135
2026-09-28T13:26:14.814Z	spark1	LOAD	14.862	7.592
2026-09-28T13:26:14.825Z	spark2	LOAD	23.381	4.135
2026-09-28T13:26:15.065Z	spark1	LOAD	14.753	7.592
2026-09-28T13:26:15.089Z	spark2	LOAD	23.381	4.135
2026-09-28T13:26:15.332Z	spark1	LOAD	14.579	7.592
2026-09-28T13:26:15.340Z	spark2	LOAD	23.384	4.135
2026-09-28T13:26:15.583Z	spark1	LOAD	14.497	7.592
2026-09-28T13:26:15.591Z	spark2	LOAD	23.384	4.135
2026-09-28T13:26:15.833Z	spark1	LOAD	20.828	7.592
2026-09-28T13:26:15.842Z	spark2	LOAD	23.384	4.135
2026-09-28T13:26:16.084Z	spark1	LOAD	16.093	7.592
2026-09-28T13:26:16.106Z	spark2	LOAD	23.385	4.135
2026-09-28T13:26:16.351Z	spark1	LOAD	15.046	7.592
2026-09-28T13:26:16.358Z	spark2	LOAD	23.385	4.135
2026-09-28T13:26:16.601Z	spark1	LOAD	14.840	7.592
2026-09-28T13:26:16.607Z	spark2	LOAD	23.385	4.135
2026-09-28T13:26:16.851Z	spark1	LOAD	14.789	7.591
2026-09-28T13:26:16.858Z	spark2	LOAD	23.385	4.135
2026-09-28T13:26:17.102Z	spark1	LOAD	14.559	7.591
2026-09-28T13:26:17.122Z	spark2	LOAD	23.385	4.135
2026-09-28T13:26:17.370Z	spark1	LOAD	18.218	7.591
2026-09-28T13:26:17.372Z	spark2	LOAD	23.376	4.135
2026-09-28T13:26:17.620Z	spark1	LOAD	18.218	7.591
2026-09-28T13:26:17.625Z	spark2	LOAD	23.381	4.135
2026-09-28T13:26:17.871Z	spark1	LOAD	15.144	7.591
2026-09-28T13:26:17.875Z	spark2	LOAD	23.381	4.135
2026-09-28T13:26:18.121Z	spark1	LOAD	14.817	7.591
2026-09-28T13:26:18.140Z	spark2	LOAD	23.382	4.135
2026-09-28T13:26:18.388Z	spark1	LOAD	14.732	7.591
2026-09-28T13:26:18.391Z	spark2	LOAD	23.382	4.135
2026-09-28T13:26:18.639Z	spark1	LOAD	14.540	7.591
2026-09-28T13:26:18.641Z	spark2	LOAD	23.382	4.135
2026-09-28T13:26:18.890Z	spark1	LOAD	14.832	7.591
2026-09-28T13:26:18.892Z	spark2	LOAD	23.382	4.135
2026-09-28T13:26:19.140Z	spark1	LOAD	19.217	7.591
2026-09-28T13:26:19.152Z	spark2	LOAD	23.381	4.135
2026-09-28T13:26:19.402Z	spark2	LOAD	23.381	4.135
2026-09-28T13:26:19.409Z	spark1	LOAD	15.200	7.591
2026-09-28T13:26:19.653Z	spark2	LOAD	23.381	4.135
2026-09-28T13:26:19.660Z	spark1	LOAD	14.830	7.591
2026-09-28T13:26:19.904Z	spark2	LOAD	23.381	4.135
2026-09-28T13:26:19.910Z	spark1	LOAD	14.750	7.591
2026-09-28T13:26:20.160Z	spark1	LOAD	14.578	7.591
2026-09-28T13:26:20.169Z	spark2	LOAD	23.381	4.135
2026-09-28T13:26:20.419Z	spark2	LOAD	23.381	4.135
2026-09-28T13:26:20.427Z	spark1	LOAD	14.508	7.591
2026-09-28T13:26:20.671Z	spark2	LOAD	23.381	4.135
2026-09-28T13:26:20.678Z	spark1	LOAD	20.622	7.591
2026-09-28T13:26:20.921Z	spark2	LOAD	23.382	4.135
2026-09-28T13:26:20.928Z	spark1	LOAD	15.978	7.591
2026-09-28T13:26:21.180Z	spark1	LOAD	14.860	7.591
2026-09-28T13:26:21.187Z	spark2	LOAD	23.382	4.135
2026-09-28T13:26:21.437Z	spark2	LOAD	23.382	4.135
2026-09-28T13:26:21.461Z	spark1	LOAD	14.728	7.591
2026-09-28T13:26:21.688Z	spark2	LOAD	23.382	4.135
2026-09-28T13:26:21.711Z	spark1	LOAD	14.522	7.591
2026-09-28T13:26:21.939Z	spark2	LOAD	23.382	4.135
2026-09-28T13:26:21.962Z	spark1	LOAD	14.467	7.591
2026-09-28T13:26:22.203Z	spark2	LOAD	23.382	4.135
2026-09-28T13:26:22.212Z	spark1	LOAD	19.827	7.591
2026-09-28T13:26:22.454Z	spark2	LOAD	23.382	4.135
2026-09-28T13:26:22.478Z	spark1	LOAD	15.135	7.591
2026-09-28T13:26:22.704Z	spark2	LOAD	23.382	4.135
2026-09-28T13:26:22.727Z	spark1	LOAD	14.836	7.591
2026-09-28T13:26:22.955Z	spark2	LOAD	23.382	4.135
2026-09-28T13:26:22.978Z	spark1	LOAD	14.737	7.591
2026-09-28T13:26:23.220Z	spark2	LOAD	23.382	4.135
2026-09-28T13:26:23.229Z	spark1	LOAD	14.600	7.591
2026-09-28T13:26:23.470Z	spark2	LOAD	23.382	4.135
2026-09-28T13:26:23.492Z	spark1	LOAD	14.506	7.591
2026-09-28T13:26:23.721Z	spark2	LOAD	23.382	4.135
2026-09-28T13:26:23.743Z	spark1	LOAD	21.489	7.591
2026-09-28T13:26:23.971Z	spark2	LOAD	23.382	4.135
2026-09-28T13:26:23.993Z	spark1	LOAD	16.800	7.591
2026-09-28T13:26:24.233Z	spark2	LOAD	23.382	4.135
2026-09-28T13:26:24.243Z	spark1	LOAD	14.863	7.591
2026-09-28T13:26:24.484Z	spark2	LOAD	23.382	4.135
2026-09-28T13:26:24.511Z	spark1	LOAD	14.780	7.591
2026-09-28T13:26:24.735Z	spark2	LOAD	23.382	4.135
2026-09-28T13:26:24.760Z	spark1	LOAD	14.715	7.591
2026-09-28T13:26:24.986Z	spark2	LOAD	23.382	4.135
2026-09-28T13:26:25.011Z	spark1	LOAD	14.529	7.591
2026-09-28T13:26:25.250Z	spark2	LOAD	23.382	4.135
2026-09-28T13:26:25.262Z	spark1	LOAD	21.411	7.591
2026-09-28T13:26:25.501Z	spark2	LOAD	23.389	4.135
2026-09-28T13:26:25.525Z	spark1	LOAD	15.939	7.591
2026-09-28T13:26:25.751Z	spark2	LOAD	23.389	4.135
2026-09-28T13:26:25.775Z	spark1	LOAD	14.819	7.591
2026-09-28T13:26:26.002Z	spark2	LOAD	23.390	4.135
2026-09-28T13:26:26.026Z	spark1	LOAD	14.664	7.591
2026-09-28T13:26:26.267Z	spark2	LOAD	23.390	4.135
2026-09-28T13:26:26.277Z	spark1	LOAD	14.490	7.591
2026-09-28T13:26:26.518Z	spark2	LOAD	23.390	4.135
2026-09-28T13:26:26.545Z	spark1	LOAD	20.224	7.591
2026-09-28T13:26:26.768Z	spark2	LOAD	23.390	4.135
2026-09-28T13:26:26.795Z	spark1	LOAD	15.122	7.591
2026-09-28T13:26:27.018Z	spark2	LOAD	23.390	4.135
2026-09-28T13:26:27.046Z	spark1	LOAD	14.799	7.591
2026-09-28T13:26:27.283Z	spark2	LOAD	23.390	4.135
2026-09-28T13:26:27.296Z	spark1	LOAD	14.597	7.591
2026-09-28T13:26:27.534Z	spark2	LOAD	23.390	4.135
2026-09-28T13:26:27.564Z	spark1	LOAD	15.262	7.591
2026-09-28T13:26:27.785Z	spark2	LOAD	23.390	4.135
2026-09-28T13:26:27.814Z	spark1	LOAD	18.916	7.591
2026-09-28T13:26:28.035Z	spark2	LOAD	23.388	4.135
2026-09-28T13:26:28.065Z	spark1	LOAD	14.985	7.591
2026-09-28T13:26:28.300Z	spark2	LOAD	23.397	4.135
2026-09-28T13:26:28.315Z	spark1	LOAD	14.805	7.591
2026-09-28T13:26:28.551Z	spark2	LOAD	23.400	4.135
2026-09-28T13:26:28.578Z	spark1	LOAD	14.730	7.591
2026-09-28T13:26:28.802Z	spark2	LOAD	23.400	4.135
2026-09-28T13:26:28.829Z	spark1	LOAD	14.527	7.591
2026-09-28T13:26:29.052Z	spark2	LOAD	23.399	4.135
2026-09-28T13:26:29.079Z	spark1	LOAD	14.862	7.591
2026-09-28T13:26:29.313Z	spark2	LOAD	23.399	4.135
2026-09-28T13:26:29.330Z	spark1	LOAD	19.232	7.591
2026-09-28T13:26:29.563Z	spark2	LOAD	23.399	4.135
2026-09-28T13:26:29.595Z	spark1	LOAD	14.866	7.591
2026-09-28T13:26:29.815Z	spark2	LOAD	23.399	4.135
2026-09-28T13:26:29.845Z	spark1	LOAD	14.800	7.591
2026-09-28T13:26:30.065Z	spark2	LOAD	23.399	4.135
2026-09-28T13:26:30.095Z	spark1	LOAD	14.677	7.591
2026-09-28T13:26:30.327Z	spark2	LOAD	23.399	4.135
2026-09-28T13:26:30.346Z	spark1	LOAD	14.515	7.591
2026-09-28T13:26:30.577Z	spark2	LOAD	23.399	4.135
2026-09-28T13:26:30.614Z	spark1	LOAD	20.699	7.591
2026-09-28T13:26:30.828Z	spark2	LOAD	23.399	4.135
2026-09-28T13:26:30.864Z	spark1	LOAD	17.039	7.591
2026-09-28T13:26:31.079Z	spark2	LOAD	23.399	4.135
2026-09-28T13:26:31.115Z	spark1	LOAD	14.845	7.591
2026-09-28T13:26:31.339Z	spark2	LOAD	23.399	4.135
2026-09-28T13:26:31.366Z	spark1	LOAD	14.801	7.591
2026-09-28T13:26:31.591Z	spark2	LOAD	23.399	4.135
2026-09-28T13:26:31.628Z	spark1	LOAD	14.742	7.591
2026-09-28T13:26:31.841Z	spark2	LOAD	23.399	4.135
2026-09-28T13:26:31.879Z	spark1	LOAD	14.537	7.591
2026-09-28T13:26:32.092Z	spark2	LOAD	23.399	4.135
2026-09-28T13:26:32.129Z	spark1	LOAD	16.479	7.591
2026-09-28T13:26:32.357Z	spark2	LOAD	23.399	4.135
2026-09-28T13:26:32.380Z	spark1	LOAD	18.314	7.591
2026-09-28T13:26:32.608Z	spark2	LOAD	23.399	4.135
2026-09-28T13:26:32.647Z	spark1	LOAD	14.820	7.591
2026-09-28T13:26:32.859Z	spark2	LOAD	23.399	4.135
2026-09-28T13:26:32.897Z	spark1	LOAD	14.739	7.591
2026-09-28T13:26:33.110Z	spark2	LOAD	23.399	4.135
2026-09-28T13:26:33.148Z	spark1	LOAD	14.576	7.591
2026-09-28T13:26:33.371Z	spark2	LOAD	23.399	4.135
2026-09-28T13:26:33.398Z	spark1	LOAD	16.567	7.591
2026-09-28T13:26:33.623Z	spark2	LOAD	23.399	4.135
2026-09-28T13:26:33.661Z	spark1	LOAD	18.122	7.591
2026-09-28T13:26:33.873Z	spark2	LOAD	23.399	4.135
2026-09-28T13:26:33.911Z	spark1	LOAD	14.815	7.591
2026-09-28T13:26:34.124Z	spark2	LOAD	23.399	4.135
2026-09-28T13:26:34.162Z	spark1	LOAD	14.729	7.591
2026-09-28T13:26:34.389Z	spark2	LOAD	23.399	4.135
2026-09-28T13:26:34.412Z	spark1	LOAD	14.533	7.591
2026-09-28T13:26:34.640Z	spark2	LOAD	23.399	4.135
2026-09-28T13:26:34.691Z	spark1	LOAD	19.441	7.591
2026-09-28T13:26:34.892Z	spark2	LOAD	23.399	4.135
2026-09-28T13:26:34.942Z	spark1	LOAD	17.184	7.591
2026-09-28T13:26:35.142Z	spark2	LOAD	23.399	4.135
2026-09-28T13:26:35.192Z	spark1	LOAD	14.747	7.591
2026-09-28T13:26:35.402Z	spark2	LOAD	23.399	4.135
2026-09-28T13:26:35.442Z	spark1	LOAD	14.594	7.591
2026-09-28T13:26:35.653Z	spark2	LOAD	23.399	4.135
2026-09-28T13:26:35.711Z	spark1	LOAD	14.862	7.591
2026-09-28T13:26:35.904Z	spark2	LOAD	23.399	4.135
2026-09-28T13:26:35.962Z	spark1	LOAD	18.862	7.591
2026-09-28T13:26:36.155Z	spark2	LOAD	23.399	4.135
2026-09-28T13:26:36.212Z	spark1	LOAD	14.846	7.591
2026-09-28T13:26:36.420Z	spark2	LOAD	23.399	4.135
2026-09-28T13:26:36.463Z	spark1	LOAD	14.498	7.591
2026-09-28T13:26:36.670Z	spark2	LOAD	23.399	4.135
2026-09-28T13:26:36.725Z	spark1	LOAD	20.745	7.591
2026-09-28T13:26:36.921Z	spark2	LOAD	23.399	4.135
2026-09-28T13:26:36.975Z	spark1	LOAD	15.304	7.591
2026-09-28T13:26:37.171Z	spark2	LOAD	23.399	4.135
2026-09-28T13:26:37.226Z	spark1	LOAD	14.531	7.591
2026-09-28T13:26:37.433Z	spark2	LOAD	23.399	4.135
2026-09-28T13:26:37.476Z	spark1	LOAD	19.984	7.591
2026-09-28T13:26:37.683Z	spark2	LOAD	23.399	4.135
2026-09-28T13:26:37.743Z	spark1	LOAD	16.262	7.591
2026-09-28T13:26:37.933Z	spark2	LOAD	23.399	4.135
2026-09-28T13:26:37.995Z	spark1	LOAD	14.531	7.591
2026-09-28T13:26:38.183Z	spark2	LOAD	23.399	4.135
2026-09-28T13:26:38.245Z	spark1	LOAD	21.378	7.591
2026-09-28T13:26:38.449Z	spark2	LOAD	23.399	4.135
2026-09-28T13:26:38.495Z	spark1	LOAD	17.191	7.591
2026-09-28T13:26:38.699Z	spark2	LOAD	23.399	4.135
2026-09-28T13:26:38.757Z	spark1	LOAD	14.560	7.591
2026-09-28T13:26:38.950Z	spark2	LOAD	23.399	4.135
2026-09-28T13:26:39.008Z	spark1	LOAD	14.474	7.591
2026-09-28T13:26:39.200Z	spark2	LOAD	23.378	4.135
2026-09-28T13:26:39.259Z	spark1	LOAD	20.260	7.591
2026-09-28T13:26:39.465Z	spark2	LOAD	23.387	4.135
2026-09-28T13:26:39.509Z	spark1	LOAD	14.832	7.591
2026-09-28T13:26:39.711Z	spark2	LOAD	23.387	4.135
2026-09-28T13:26:39.776Z	spark1	LOAD	14.496	7.591
2026-09-28T13:26:39.962Z	spark2	LOAD	23.387	4.135
2026-09-28T13:26:40.026Z	spark1	LOAD	14.482	7.591
2026-09-28T13:26:40.212Z	spark2	LOAD	23.387	4.135
2026-09-28T13:26:40.276Z	spark1	LOAD	14.477	7.591
2026-09-28T13:26:40.474Z	spark2	LOAD	23.387	4.135
2026-09-28T13:26:40.527Z	spark1	LOAD	17.356	7.591
2026-09-28T13:26:40.725Z	spark2	LOAD	23.387	4.135
2026-09-28T13:26:40.789Z	spark1	LOAD	17.394	7.591
2026-09-28T13:26:40.975Z	spark2	LOAD	23.389	4.135
2026-09-28T13:26:41.040Z	spark1	LOAD	14.533	7.591
2026-09-28T13:26:41.226Z	spark2	LOAD	23.389	4.135
2026-09-28T13:26:41.290Z	spark1	LOAD	14.462	7.591
2026-09-28T13:26:41.488Z	spark2	LOAD	23.389	4.135
2026-09-28T13:26:41.541Z	spark1	LOAD	19.720	7.591
2026-09-28T13:26:41.738Z	spark2	LOAD	23.389	4.135
2026-09-28T13:26:41.809Z	spark1	LOAD	14.816	7.591
2026-09-28T13:26:41.988Z	spark2	LOAD	23.391	4.135
2026-09-28T13:26:42.060Z	spark1	LOAD	14.512	7.591
2026-09-28T13:26:42.239Z	spark2	LOAD	23.391	4.135
2026-09-28T13:26:42.310Z	spark1	LOAD	14.501	7.591
2026-09-28T13:26:42.503Z	spark2	LOAD	23.391	4.135
2026-09-28T13:26:42.560Z	spark1	LOAD	14.465	7.591
2026-09-28T13:26:42.755Z	spark2	LOAD	23.391	4.135
2026-09-28T13:26:42.828Z	spark1	LOAD	14.461	7.591
2026-09-28T13:26:43.006Z	spark2	LOAD	23.391	4.135
2026-09-28T13:26:43.080Z	spark1	LOAD	18.976	7.591
2026-09-28T13:26:43.257Z	spark2	LOAD	23.391	4.135
2026-09-28T13:26:43.331Z	spark1	LOAD	14.782	7.591
2026-09-28T13:26:43.518Z	spark2	LOAD	23.391	4.135
2026-09-28T13:26:43.582Z	spark1	LOAD	14.468	7.591
2026-09-28T13:26:43.768Z	spark2	LOAD	23.391	4.135
2026-09-28T13:26:43.845Z	spark1	LOAD	19.515	7.591
2026-09-28T13:26:44.019Z	spark2	LOAD	23.391	4.135
2026-09-28T13:26:44.096Z	spark1	LOAD	14.816	7.591
2026-09-28T13:26:44.270Z	spark2	LOAD	23.391	4.135
2026-09-28T13:26:44.346Z	spark1	LOAD	14.482	7.591
2026-09-28T13:26:44.532Z	spark2	LOAD	23.391	4.135
2026-09-28T13:26:44.597Z	spark1	LOAD	20.760	7.591
2026-09-28T13:26:44.783Z	spark2	LOAD	23.391	4.135
2026-09-28T13:26:44.860Z	spark1	LOAD	15.011	7.591
2026-09-28T13:26:45.035Z	spark2	LOAD	23.391	4.135
2026-09-28T13:26:45.111Z	spark1	LOAD	14.509	7.591
2026-09-28T13:26:45.284Z	spark2	LOAD	23.391	4.135
2026-09-28T13:26:45.362Z	spark1	LOAD	16.227	7.591
2026-09-28T13:26:45.546Z	spark2	LOAD	23.391	4.135
2026-09-28T13:26:45.612Z	spark1	LOAD	18.280	7.591
2026-09-28T13:26:45.797Z	spark2	LOAD	23.391	4.135
2026-09-28T13:26:45.880Z	spark1	LOAD	14.526	7.591
2026-09-28T13:26:46.047Z	spark2	LOAD	23.391	4.135
2026-09-28T13:26:46.131Z	spark1	LOAD	15.150	7.591
2026-09-28T13:26:46.299Z	spark2	LOAD	23.391	4.135
2026-09-28T13:26:46.382Z	spark1	LOAD	18.720	7.591
2026-09-28T13:26:46.560Z	spark2	LOAD	23.391	4.135
2026-09-28T13:26:46.632Z	spark1	LOAD	14.723	7.591
2026-09-28T13:26:46.809Z	spark2	LOAD	23.391	4.135
2026-09-28T13:26:46.896Z	spark1	LOAD	14.466	7.591
2026-09-28T13:26:47.060Z	spark2	LOAD	23.391	4.135
2026-09-28T13:26:47.147Z	spark1	LOAD	20.209	7.590
2026-09-28T13:26:47.311Z	spark2	LOAD	23.391	4.135
2026-09-28T13:26:47.399Z	spark1	LOAD	14.851	7.590
2026-09-28T13:26:47.576Z	spark2	LOAD	23.391	4.135
2026-09-28T13:26:47.649Z	spark1	LOAD	14.481	7.590
2026-09-28T13:26:47.828Z	spark2	LOAD	23.391	4.135
2026-09-28T13:26:47.917Z	spark1	LOAD	20.241	7.590
2026-09-28T13:26:48.079Z	spark2	LOAD	23.391	4.135
2026-09-28T13:26:48.168Z	spark1	LOAD	14.840	7.590
2026-09-28T13:26:48.330Z	spark2	LOAD	23.391	4.135
2026-09-28T13:26:48.418Z	spark1	LOAD	14.517	7.590
2026-09-28T13:26:48.595Z	spark2	LOAD	23.391	4.135
2026-09-28T13:26:48.669Z	spark1	LOAD	14.471	7.590
2026-09-28T13:26:48.844Z	spark2	LOAD	23.391	4.135
2026-09-28T13:26:48.937Z	spark1	LOAD	19.542	7.590
2026-09-28T13:26:49.096Z	spark2	LOAD	23.391	4.135
2026-09-28T13:26:49.188Z	spark1	LOAD	14.784	7.590
2026-09-28T13:26:49.346Z	spark2	LOAD	23.391	4.135
2026-09-28T13:26:49.438Z	spark1	LOAD	14.452	7.590
2026-09-28T13:26:49.607Z	spark2	LOAD	23.391	4.135
2026-09-28T13:26:49.689Z	spark1	LOAD	19.371	7.590
2026-09-28T13:26:49.857Z	spark2	LOAD	23.391	4.135
2026-09-28T13:26:49.951Z	spark1	LOAD	14.655	7.590
2026-09-28T13:26:50.108Z	spark2	LOAD	23.367	4.135
2026-09-28T13:26:50.202Z	spark1	LOAD	14.508	7.590
2026-09-28T13:26:50.359Z	spark2	LOAD	23.388	4.135
2026-09-28T13:26:50.453Z	spark1	LOAD	14.512	7.590
2026-09-28T13:26:50.623Z	spark2	LOAD	23.388	4.135
2026-09-28T13:26:50.704Z	spark1	LOAD	14.498	7.590
2026-09-28T13:26:50.875Z	spark2	LOAD	23.388	4.135
2026-09-28T13:26:50.967Z	spark1	LOAD	16.205	7.590
2026-09-28T13:26:51.126Z	spark2	LOAD	23.388	4.135
2026-09-28T13:26:51.219Z	spark1	LOAD	18.278	7.590
2026-09-28T13:26:51.377Z	spark2	LOAD	23.388	4.135
2026-09-28T13:26:51.470Z	spark1	LOAD	14.527	7.590
2026-09-28T13:26:51.639Z	spark2	LOAD	23.388	4.135
2026-09-28T13:26:51.721Z	spark1	LOAD	14.508	7.590
2026-09-28T13:26:51.889Z	spark2	LOAD	23.388	4.135
2026-09-28T13:26:51.984Z	spark1	LOAD	14.498	7.590
2026-09-28T13:26:52.140Z	spark2	LOAD	23.388	4.135
2026-09-28T13:26:52.234Z	spark1	LOAD	14.487	7.590
2026-09-28T13:26:52.391Z	spark2	LOAD	23.388	4.135
2026-09-28T13:26:52.485Z	spark1	LOAD	14.477	7.590
2026-09-28T13:26:52.652Z	spark2	LOAD	23.388	4.135
2026-09-28T13:26:52.736Z	spark1	LOAD	20.260	7.590
2026-09-28T13:26:52.902Z	spark2	LOAD	23.388	4.135
2026-09-28T13:26:53.005Z	spark1	LOAD	14.818	7.590
2026-09-28T13:26:53.153Z	spark2	LOAD	23.388	4.135
2026-09-28T13:26:53.255Z	spark1	LOAD	14.491	7.590
2026-09-28T13:26:53.403Z	spark2	LOAD	23.388	4.135
2026-09-28T13:26:53.505Z	spark1	LOAD	14.463	7.590
2026-09-28T13:26:53.665Z	spark2	LOAD	23.388	4.135
2026-09-28T13:26:53.756Z	spark1	LOAD	21.572	7.590
2026-09-28T13:26:53.916Z	spark2	LOAD	23.388	4.135
2026-09-28T13:26:54.019Z	spark1	LOAD	21.533	7.590
2026-09-28T13:26:54.166Z	spark2	LOAD	23.388	4.135
2026-09-28T13:26:54.269Z	spark1	LOAD	21.307	7.590
2026-09-28T13:26:54.417Z	spark2	LOAD	23.388	4.135
2026-09-28T13:26:54.520Z	spark1	LOAD	21.383	7.590
2026-09-28T13:26:54.679Z	spark2	LOAD	23.388	4.135
2026-09-28T13:26:54.771Z	spark1	LOAD	21.697	7.590
2026-09-28T13:26:54.929Z	spark2	LOAD	23.389	4.135
2026-09-28T13:26:55.044Z	spark1	LOAD	21.309	7.590
2026-09-28T13:26:55.180Z	spark2	LOAD	23.389	4.135
2026-09-28T13:26:55.295Z	spark1	LOAD	21.786	7.590
2026-09-28T13:26:55.431Z	spark2	LOAD	23.389	4.135
2026-09-28T13:26:55.546Z	spark1	LOAD	21.758	7.590
2026-09-28T13:26:55.692Z	spark2	LOAD	23.389	4.135
2026-09-28T13:26:55.797Z	spark1	LOAD	22.192	7.590
2026-09-28T13:26:55.942Z	spark2	LOAD	23.390	4.135
2026-09-28T13:26:56.062Z	spark1	LOAD	21.595	7.590
2026-09-28T13:26:56.192Z	spark2	LOAD	23.390	4.135
2026-09-28T13:26:56.313Z	spark1	LOAD	22.185	7.590
2026-09-28T13:26:56.444Z	spark2	LOAD	23.390	4.135
2026-09-28T13:26:56.564Z	spark1	LOAD	22.442	7.590
2026-09-28T13:26:56.706Z	spark2	LOAD	23.389	4.135
2026-09-28T13:26:56.814Z	spark1	LOAD	22.467	7.590
2026-09-28T13:26:56.957Z	spark2	LOAD	23.389	4.135
2026-09-28T13:26:57.079Z	spark1	LOAD	21.950	7.590
2026-09-28T13:26:57.207Z	spark2	LOAD	23.389	4.135
2026-09-28T13:26:57.329Z	spark1	LOAD	22.651	7.590
2026-09-28T13:26:57.457Z	spark2	LOAD	23.389	4.135
2026-09-28T13:26:57.580Z	spark1	LOAD	22.817	7.590
2026-09-28T13:26:57.723Z	spark2	LOAD	23.389	4.135
2026-09-28T13:26:57.831Z	spark1	LOAD	22.805	7.590
2026-09-28T13:26:57.973Z	spark2	LOAD	23.389	4.135
2026-09-28T13:26:58.101Z	spark1	LOAD	22.909	7.590
2026-09-28T13:26:58.224Z	spark2	LOAD	23.389	4.135
2026-09-28T13:26:58.352Z	spark1	LOAD	22.566	7.590
2026-09-28T13:26:58.475Z	spark2	LOAD	23.389	4.135
2026-09-28T13:26:58.603Z	spark1	LOAD	23.113	7.590
2026-09-28T13:26:58.740Z	spark2	LOAD	23.389	4.135
2026-09-28T13:26:58.853Z	spark1	LOAD	22.878	7.590
2026-09-28T13:26:58.990Z	spark2	LOAD	23.389	4.135
2026-09-28T13:26:59.121Z	spark1	LOAD	23.694	7.590
2026-09-28T13:26:59.241Z	spark2	LOAD	23.389	4.135
2026-09-28T13:26:59.372Z	spark1	LOAD	23.698	7.590
2026-09-28T13:26:59.491Z	spark2	LOAD	23.389	4.135
2026-09-28T13:26:59.623Z	spark1	LOAD	23.693	7.590
2026-09-28T13:26:59.755Z	spark2	LOAD	23.389	4.135
2026-09-28T13:26:59.873Z	spark1	LOAD	23.690	7.590
2026-09-28T13:27:00.005Z	spark2	LOAD	23.389	4.135
2026-09-28T13:27:00.140Z	spark1	LOAD	23.685	7.590
2026-09-28T13:27:00.257Z	spark2	LOAD	23.389	4.135
2026-09-28T13:27:00.390Z	spark1	LOAD	23.647	7.590
2026-09-28T13:27:00.507Z	spark2	LOAD	23.389	4.135
2026-09-28T13:27:00.641Z	spark1	LOAD	22.536	7.590
2026-09-28T13:27:00.772Z	spark2	LOAD	23.388	4.135
2026-09-28T13:27:00.892Z	spark1	LOAD	21.753	7.590
2026-09-28T13:27:01.022Z	spark2	LOAD	23.379	4.135
2026-09-28T13:27:01.159Z	spark1	LOAD	21.709	7.590
2026-09-28T13:27:01.273Z	spark2	LOAD	23.389	4.135
2026-09-28T13:27:01.409Z	spark1	LOAD	21.707	7.590
2026-09-28T13:27:01.523Z	spark2	LOAD	23.389	4.135
2026-09-28T13:27:01.659Z	spark1	LOAD	20.608	7.590
2026-09-28T13:27:01.789Z	spark2	LOAD	23.389	4.135
2026-09-28T13:27:01.910Z	spark1	LOAD	20.583	7.590
2026-09-28T13:27:02.040Z	spark2	LOAD	23.389	4.135
2026-09-28T13:27:02.173Z	spark1	LOAD	20.545	7.590
2026-09-28T13:27:02.290Z	spark2	LOAD	23.389	4.135
2026-09-28T13:27:02.423Z	spark1	LOAD	20.507	7.590
2026-09-28T13:27:02.541Z	spark2	LOAD	23.389	4.135
2026-09-28T13:27:02.673Z	spark1	LOAD	20.470	7.590
2026-09-28T13:27:02.807Z	spark2	LOAD	23.389	4.135
2026-09-28T13:27:02.923Z	spark1	LOAD	20.436	7.590
2026-09-28T13:27:03.057Z	spark2	LOAD	23.389	4.135
2026-09-28T13:27:03.186Z	spark1	LOAD	20.396	7.590
2026-09-28T13:27:03.308Z	spark2	LOAD	23.389	4.135
2026-09-28T13:27:03.436Z	spark1	LOAD	20.339	7.590
2026-09-28T13:27:03.558Z	spark2	LOAD	23.389	4.135
2026-09-28T13:27:03.687Z	spark1	LOAD	20.308	7.590
2026-09-28T13:27:03.823Z	spark2	LOAD	23.389	4.135
2026-09-28T13:27:03.937Z	spark1	LOAD	20.201	7.590
2026-09-28T13:27:04.074Z	spark2	LOAD	23.389	4.135
2026-09-28T13:27:04.200Z	spark1	LOAD	20.147	7.590
2026-09-28T13:27:04.324Z	spark2	LOAD	23.389	4.135
2026-09-28T13:27:04.450Z	spark1	LOAD	20.108	7.590
2026-09-28T13:27:04.575Z	spark2	LOAD	23.389	4.135
2026-09-28T13:27:04.700Z	spark1	LOAD	20.070	7.590
2026-09-28T13:27:04.840Z	spark2	LOAD	23.389	4.135
2026-09-28T13:27:04.951Z	spark1	LOAD	20.082	7.590
2026-09-28T13:27:05.091Z	spark2	LOAD	23.389	4.135
2026-09-28T13:27:05.214Z	spark1	LOAD	20.014	7.590
2026-09-28T13:27:05.341Z	spark2	LOAD	23.389	4.135
2026-09-28T13:27:05.464Z	spark1	LOAD	19.951	7.590
2026-09-28T13:27:05.592Z	spark2	LOAD	23.389	4.135
2026-09-28T13:27:05.715Z	spark1	LOAD	19.941	7.590
2026-09-28T13:27:05.857Z	spark2	LOAD	23.389	4.135
2026-09-28T13:27:05.965Z	spark1	LOAD	19.887	7.590
2026-09-28T13:27:06.108Z	spark2	LOAD	23.389	4.135
2026-09-28T13:27:06.232Z	spark1	LOAD	19.851	7.590
2026-09-28T13:27:06.358Z	spark2	LOAD	23.389	4.135
2026-09-28T13:27:06.482Z	spark1	LOAD	19.817	7.590
2026-09-28T13:27:06.609Z	spark2	LOAD	23.389	4.135
2026-09-28T13:27:06.733Z	spark1	LOAD	19.785	7.590
2026-09-28T13:27:06.875Z	spark2	LOAD	23.389	4.135
2026-09-28T13:27:06.983Z	spark1	LOAD	19.800	7.590
2026-09-28T13:27:07.125Z	spark2	LOAD	23.389	4.135
2026-09-28T13:27:07.246Z	spark1	LOAD	19.668	7.590
2026-09-28T13:27:07.374Z	spark2	LOAD	23.389	4.135
2026-09-28T13:27:07.496Z	spark1	LOAD	20.226	7.590
2026-09-28T13:27:07.626Z	spark2	LOAD	23.389	4.135
2026-09-28T13:27:07.747Z	spark1	LOAD	20.585	7.590
2026-09-28T13:27:07.891Z	spark2	LOAD	23.390	4.135
2026-09-28T13:27:07.999Z	spark1	LOAD	20.821	7.590
2026-09-28T13:27:08.141Z	spark2	LOAD	23.390	4.135
2026-09-28T13:27:08.282Z	spark1	LOAD	20.976	7.590
2026-09-28T13:27:08.391Z	spark2	LOAD	23.390	4.135
2026-09-28T13:27:08.532Z	spark1	LOAD	21.113	7.590
2026-09-28T13:27:08.642Z	spark2	LOAD	23.390	4.135
2026-09-28T13:27:08.783Z	spark1	LOAD	21.230	7.590
2026-09-28T13:27:08.908Z	spark2	LOAD	23.392	4.135
2026-09-28T13:27:09.034Z	spark1	LOAD	20.910	7.590
2026-09-28T13:27:09.159Z	spark2	LOAD	23.392	4.135
2026-09-28T13:27:09.315Z	spark1	LOAD	21.728	7.590
2026-09-28T13:27:09.409Z	spark2	LOAD	23.392	4.135
2026-09-28T13:27:09.565Z	spark1	LOAD	21.698	7.590
2026-09-28T13:27:09.661Z	spark2	LOAD	23.392	4.135
2026-09-28T13:27:09.816Z	spark1	LOAD	21.689	7.590
2026-09-28T13:27:09.926Z	spark2	LOAD	23.392	4.135
2026-09-28T13:27:10.066Z	spark1	LOAD	21.674	7.590
2026-09-28T13:27:10.177Z	spark2	LOAD	23.392	4.135
2026-09-28T13:27:10.334Z	spark1	LOAD	21.664	7.590
2026-09-28T13:27:10.427Z	spark2	LOAD	23.392	4.135
2026-09-28T13:27:10.584Z	spark1	LOAD	21.650	7.590
2026-09-28T13:27:10.679Z	spark2	LOAD	23.392	4.135
2026-09-28T13:27:10.834Z	spark1	LOAD	21.639	7.590
2026-09-28T13:27:10.944Z	spark2	LOAD	23.392	4.135
2026-09-28T13:27:11.085Z	spark1	LOAD	21.634	7.590
2026-09-28T13:27:11.195Z	spark2	LOAD	23.392	4.135
2026-09-28T13:27:11.353Z	spark1	LOAD	21.598	7.590
2026-09-28T13:27:11.445Z	spark2	LOAD	23.392	4.135
2026-09-28T13:27:11.604Z	spark1	LOAD	21.576	7.589
2026-09-28T13:27:11.696Z	spark2	LOAD	23.385	4.135
2026-09-28T13:27:11.854Z	spark1	LOAD	21.561	7.589
2026-09-28T13:27:11.956Z	spark2	LOAD	23.397	4.135
2026-09-28T13:27:12.105Z	spark1	LOAD	21.563	7.589
2026-09-28T13:27:12.206Z	spark2	LOAD	23.390	4.135
2026-09-28T13:27:12.367Z	spark1	LOAD	21.546	7.589
2026-09-28T13:27:12.457Z	spark2	LOAD	23.391	4.135
2026-09-28T13:27:12.618Z	spark1	LOAD	21.531	7.589
2026-09-28T13:27:12.707Z	spark2	LOAD	23.391	4.135
2026-09-28T13:27:12.868Z	spark1	LOAD	21.516	7.589
2026-09-28T13:27:12.973Z	spark2	LOAD	23.392	4.135
2026-09-28T13:27:13.118Z	spark1	LOAD	21.499	7.589
2026-09-28T13:27:13.222Z	spark2	LOAD	23.392	4.135
2026-09-28T13:27:13.381Z	spark1	LOAD	21.490	7.589
2026-09-28T13:27:13.473Z	spark2	LOAD	23.392	4.135
2026-09-28T13:27:13.631Z	spark1	LOAD	21.488	7.589
2026-09-28T13:27:13.724Z	spark2	LOAD	23.392	4.135
2026-09-28T13:27:13.881Z	spark1	LOAD	21.471	7.589
2026-09-28T13:27:13.988Z	spark2	LOAD	23.391	4.135
2026-09-28T13:27:14.131Z	spark1	LOAD	21.464	7.589
2026-09-28T13:27:14.239Z	spark2	LOAD	23.391	4.135
2026-09-28T13:27:14.399Z	spark1	LOAD	21.449	7.589
2026-09-28T13:27:14.489Z	spark2	LOAD	23.391	4.135
2026-09-28T13:27:14.649Z	spark1	LOAD	21.432	7.589
2026-09-28T13:27:14.740Z	spark2	LOAD	23.391	4.135
2026-09-28T13:27:14.900Z	spark1	LOAD	21.424	7.589
2026-09-28T13:27:15.005Z	spark2	LOAD	23.391	4.135
2026-09-28T13:27:15.150Z	spark1	LOAD	21.427	7.589
2026-09-28T13:27:15.257Z	spark2	LOAD	23.391	4.135
2026-09-28T13:27:15.412Z	spark1	LOAD	21.419	7.589
2026-09-28T13:27:15.506Z	spark2	LOAD	23.391	4.135
2026-09-28T13:27:15.662Z	spark1	LOAD	21.410	7.589
2026-09-28T13:27:15.757Z	spark2	LOAD	23.391	4.135
2026-09-28T13:27:15.913Z	spark1	LOAD	21.392	7.589
2026-09-28T13:27:16.017Z	spark2	LOAD	23.391	4.135
2026-09-28T13:27:16.163Z	spark1	LOAD	21.389	7.589
2026-09-28T13:27:16.268Z	spark2	LOAD	23.391	4.135
2026-09-28T13:27:16.430Z	spark1	LOAD	21.374	7.589
2026-09-28T13:27:16.518Z	spark2	LOAD	23.391	4.135
2026-09-28T13:27:16.680Z	spark1	LOAD	21.374	7.589
2026-09-28T13:27:16.769Z	spark2	LOAD	23.391	4.135
2026-09-28T13:27:16.930Z	spark1	LOAD	21.365	7.589
2026-09-28T13:27:17.033Z	spark2	LOAD	23.391	4.135
2026-09-28T13:27:17.180Z	spark1	LOAD	21.359	7.589
2026-09-28T13:27:17.284Z	spark2	LOAD	23.391	4.135
2026-09-28T13:27:17.447Z	spark1	LOAD	21.336	7.589
2026-09-28T13:27:17.535Z	spark2	LOAD	23.391	4.135
2026-09-28T13:27:17.697Z	spark1	LOAD	21.338	7.589
2026-09-28T13:27:17.785Z	spark2	LOAD	23.391	4.135
2026-09-28T13:27:17.947Z	spark1	LOAD	21.330	7.589
2026-09-28T13:27:18.051Z	spark2	LOAD	23.391	4.135
2026-09-28T13:27:18.198Z	spark1	LOAD	22.511	7.589
2026-09-28T13:27:18.302Z	spark2	LOAD	23.391	4.135
2026-09-28T13:27:18.463Z	spark1	PROFILE	22.511	7.589
2026-09-28T13:27:18.551Z	spark2	PROFILE	23.392	4.135
2026-09-28T13:27:18.713Z	spark1	PROFILE	22.504	7.589
2026-09-28T13:27:18.801Z	spark2	PROFILE	23.389	4.135
2026-09-28T13:27:18.964Z	spark1	PROFILE	22.497	7.589
2026-09-28T13:27:19.067Z	spark2	PROFILE	23.389	4.135
2026-09-28T13:27:19.214Z	spark1	PROFILE	22.392	7.589
2026-09-28T13:27:19.317Z	spark2	PROFILE	23.257	4.135
2026-09-28T13:27:19.480Z	spark1	PROFILE	22.200	7.589
2026-09-28T13:27:19.568Z	spark2	PROFILE	23.088	4.135
2026-09-28T13:27:19.731Z	spark1	PROFILE	22.174	7.589
2026-09-28T13:27:19.818Z	spark2	PROFILE	23.080	4.135
2026-09-28T13:27:19.981Z	spark1	PROFILE	22.146	7.589
2026-09-28T13:27:20.079Z	spark2	PROFILE	23.057	4.135
2026-09-28T13:27:20.232Z	spark1	PROFILE	22.130	7.589
2026-09-28T13:27:20.329Z	spark2	PROFILE	23.049	4.135
2026-09-28T13:27:20.499Z	spark1	PROFILE	21.389	7.589
2026-09-28T13:27:20.581Z	spark2	PROFILE	21.102	4.134
2026-09-28T13:27:20.749Z	spark1	PROFILE	19.020	7.589
2026-09-28T13:27:20.832Z	spark2	PROFILE	20.002	4.134
2026-09-28T13:27:20.999Z	spark1	PROFILE	19.016	7.589
2026-09-28T13:27:21.092Z	spark2	PROFILE	20.002	4.134
2026-09-28T13:27:21.249Z	spark1	PROFILE	18.656	7.589
2026-09-28T13:27:21.343Z	spark2	PROFILE	19.608	4.134
2026-09-28T13:27:21.519Z	spark1	PROFILE	18.022	7.589
2026-09-28T13:27:21.594Z	spark2	PROFILE	18.974	4.134
2026-09-28T13:27:21.770Z	spark1	PROFILE	17.075	7.589
2026-09-28T13:27:21.844Z	spark2	PROFILE	17.984	4.134
2026-09-28T13:27:22.021Z	spark1	PROFILE	16.675	7.589
2026-09-28T13:27:22.105Z	spark2	PROFILE	17.620	4.134
2026-09-28T13:27:22.271Z	spark1	PROFILE	16.675	7.589
2026-09-28T13:27:22.355Z	spark2	PROFILE	17.620	4.134
2026-09-28T13:27:22.533Z	spark1	PROFILE	16.640	7.589
2026-09-28T13:27:22.606Z	spark2	PROFILE	16.894	4.134
2026-09-28T13:27:22.783Z	spark1	PROFILE	16.302	7.589
2026-09-28T13:27:22.856Z	spark2	PROFILE	16.826	4.134
2026-09-28T13:27:23.034Z	spark1	PROFILE	16.218	7.589
2026-09-28T13:27:23.115Z	spark2	PROFILE	16.766	4.134
2026-09-28T13:27:23.284Z	spark1	PROFILE	16.172	7.589
2026-09-28T13:27:23.367Z	spark2	PROFILE	16.762	4.134
2026-09-28T13:27:23.552Z	spark1	PROFILE	16.168	7.589
2026-09-28T13:27:23.617Z	spark2	PROFILE	16.762	4.134
2026-09-28T13:27:23.802Z	spark1	PROFILE	16.158	7.589
2026-09-28T13:27:23.868Z	spark2	PROFILE	16.761	4.134
2026-09-28T13:27:24.053Z	spark1	PROFILE	16.153	7.589
2026-09-28T13:27:24.129Z	spark2	PROFILE	16.761	4.134
2026-09-28T13:27:24.303Z	spark1	PROFILE	16.153	7.589
2026-09-28T13:27:24.379Z	spark2	PROFILE	16.754	4.134
2026-09-28T13:27:24.566Z	spark1	PROFILE	16.144	7.589
2026-09-28T13:27:24.630Z	spark2	PROFILE	16.752	4.134
2026-09-28T13:27:24.816Z	spark1	PROFILE	16.140	7.589
2026-09-28T13:27:24.881Z	spark2	PROFILE	16.752	4.134
2026-09-28T13:27:25.067Z	spark1	PROFILE	16.140	7.589
2026-09-28T13:27:25.142Z	spark2	PROFILE	16.749	4.134
2026-09-28T13:27:25.318Z	spark1	PROFILE	16.137	7.589
2026-09-28T13:27:25.393Z	spark2	PROFILE	16.749	4.134
2026-09-28T13:27:25.586Z	spark1	PROFILE	16.133	7.589
2026-09-28T13:27:25.643Z	spark2	PROFILE	16.741	4.134
2026-09-28T13:27:25.836Z	spark1	PROFILE	16.125	7.589
2026-09-28T13:27:25.894Z	spark2	PROFILE	16.741	4.134
2026-09-28T13:27:26.087Z	spark1	PROFILE	16.117	7.589
2026-09-28T13:27:26.154Z	spark2	PROFILE	16.736	4.134
2026-09-28T13:27:26.337Z	spark1	PROFILE	16.117	7.589
2026-09-28T13:27:26.404Z	spark2	PROFILE	16.736	4.134
2026-09-28T13:27:26.605Z	spark1	PROFILE	16.112	7.589
2026-09-28T13:27:26.656Z	spark2	PROFILE	16.729	4.134
2026-09-28T13:27:26.855Z	spark1	PROFILE	16.109	7.589
2026-09-28T13:27:26.906Z	spark2	PROFILE	16.730	4.134
2026-09-28T13:27:27.105Z	spark1	PROFILE	16.109	7.589
2026-09-28T13:27:27.166Z	spark2	PROFILE	16.730	4.134
2026-09-28T13:27:27.356Z	spark1	PROFILE	16.106	7.589
2026-09-28T13:27:27.416Z	spark2	PROFILE	16.730	4.134
2026-09-28T13:27:27.618Z	spark1	PROFILE	16.105	7.589
2026-09-28T13:27:27.667Z	spark2	PROFILE	16.729	4.134
2026-09-28T13:27:27.868Z	spark1	PROFILE	16.102	7.589
2026-09-28T13:27:27.917Z	spark2	PROFILE	16.714	4.134
2026-09-28T13:27:28.119Z	spark1	PROFILE	16.103	7.589
2026-09-28T13:27:28.179Z	spark2	PROFILE	16.714	4.134
2026-09-28T13:27:28.369Z	spark1	PROFILE	16.103	7.589
2026-09-28T13:27:28.429Z	spark2	PROFILE	16.707	4.134
2026-09-28T13:27:28.636Z	spark1	PROFILE	16.088	7.589
2026-09-28T13:27:28.679Z	spark2	PROFILE	16.707	4.134
2026-09-28T13:27:28.887Z	spark1	PROFILE	16.103	7.589
2026-09-28T13:27:28.931Z	spark2	PROFILE	16.707	4.134
2026-09-28T13:27:29.138Z	spark1	PROFILE	16.097	7.589
2026-09-28T13:27:29.191Z	spark2	PROFILE	16.693	4.134
2026-09-28T13:27:29.388Z	spark1	PROFILE	16.075	7.589
2026-09-28T13:27:29.443Z	spark2	PROFILE	16.693	4.134
2026-09-28T13:27:29.656Z	spark1	PROFILE	16.073	7.589
2026-09-28T13:27:29.694Z	spark2	PROFILE	16.693	4.134
2026-09-28T13:27:29.907Z	spark1	PROFILE	16.085	7.589
2026-09-28T13:27:29.943Z	spark2	PROFILE	16.058	4.134
2026-09-28T13:27:30.157Z	spark1	PROFILE	14.796	7.588
2026-09-28T13:27:30.209Z	spark2	PROFILE	15.730	4.133
2026-09-28T13:27:30.408Z	spark1	PROFILE	14.596	7.588
2026-09-28T13:27:30.459Z	spark2	PROFILE	15.729	4.133
2026-09-28T13:27:30.676Z	spark1	PROFILE	14.576	7.587
2026-09-28T13:27:30.710Z	spark2	PROFILE	15.722	4.133
2026-09-28T13:27:30.926Z	spark1	PROFILE	14.574	7.587
2026-09-28T13:27:30.960Z	spark2	PROFILE	15.727	4.133
2026-09-28T13:27:31.177Z	spark1	PROFILE	14.574	7.587
2026-09-28T13:27:31.225Z	spark2	PROFILE	15.725	4.133
2026-09-28T13:27:31.427Z	spark1	PROFILE	14.573	7.587
2026-09-28T13:27:31.475Z	spark2	PROFILE	15.725	4.132
2026-09-28T13:27:31.695Z	spark1	PROFILE	14.571	7.587
2026-09-28T13:27:31.725Z	spark2	PROFILE	15.725	4.132
2026-09-28T13:27:31.945Z	spark1	PROFILE	14.547	7.587
2026-09-28T13:27:31.975Z	spark2	PROFILE	15.725	4.132
2026-09-28T13:27:32.196Z	spark1	PROFILE	14.544	7.587
2026-09-28T13:27:32.243Z	spark2	PROFILE	15.708	4.132
2026-09-28T13:27:32.446Z	spark1	PROFILE	14.544	7.587
2026-09-28T13:27:32.492Z	spark2	PROFILE	15.708	4.132
2026-09-28T13:27:32.718Z	spark1	PROFILE	14.543	7.587
2026-09-28T13:27:32.744Z	spark2	PROFILE	15.708	4.132
2026-09-28T13:27:32.969Z	spark1	PROFILE	14.543	7.587
2026-09-28T13:27:32.994Z	spark2	PROFILE	15.707	4.132
2026-09-28T13:27:33.219Z	spark1	PROFILE	14.523	7.587
2026-09-28T13:27:33.258Z	spark2	PROFILE	15.706	4.132
2026-09-28T13:27:33.470Z	spark1	PROFILE	14.519	7.587
2026-09-28T13:27:33.508Z	spark2	PROFILE	15.704	4.132
2026-09-28T13:27:33.737Z	spark1	PROFILE	14.518	7.587
2026-09-28T13:27:33.759Z	spark2	PROFILE	15.690	4.132
2026-09-28T13:27:33.987Z	spark1	PROFILE	14.516	7.587
2026-09-28T13:27:34.009Z	spark2	PROFILE	15.666	4.132
2026-09-28T13:27:34.237Z	spark1	PROFILE	14.497	7.587
2026-09-28T13:27:34.278Z	spark2	PROFILE	15.657	4.132
2026-09-28T13:27:34.487Z	spark1	PROFILE	14.505	7.587
2026-09-28T13:27:34.530Z	spark2	PROFILE	15.657	4.132
2026-09-28T13:27:34.757Z	spark1	PROFILE	14.503	7.587
2026-09-28T13:27:34.780Z	spark2	PROFILE	15.657	4.132
2026-09-28T13:27:35.007Z	spark1	PROFILE	14.503	7.587
2026-09-28T13:27:35.030Z	spark2	PROFILE	15.657	4.132
2026-09-28T13:27:35.258Z	spark1	PROFILE	14.503	7.587
2026-09-28T13:27:35.294Z	spark2	PROFILE	15.656	4.132
2026-09-28T13:27:35.508Z	spark1	PROFILE	14.502	7.587
2026-09-28T13:27:35.544Z	spark2	PROFILE	15.656	4.132
2026-09-28T13:27:35.769Z	spark1	PROFILE	14.853	7.587
2026-09-28T13:27:35.796Z	spark2	PROFILE	15.644	4.132
2026-09-28T13:27:36.020Z	spark1	PROFILE	14.851	7.587
2026-09-28T13:27:36.046Z	spark2	PROFILE	15.642	4.132
2026-09-28T13:27:36.270Z	spark1	PROFILE	14.866	7.587
2026-09-28T13:27:36.311Z	spark2	PROFILE	15.644	4.132
2026-09-28T13:27:36.521Z	spark1	PROFILE	14.863	7.587
2026-09-28T13:27:36.561Z	spark2	PROFILE	15.642	4.132
2026-09-28T13:27:36.784Z	spark1	PROFILE	14.857	7.587
2026-09-28T13:27:36.812Z	spark2	PROFILE	15.709	4.132
2026-09-28T13:27:37.034Z	spark1	PROFILE	14.882	7.587
2026-09-28T13:27:37.062Z	spark2	PROFILE	15.640	4.132
2026-09-28T13:27:37.285Z	spark1	PROFILE	14.878	7.587
2026-09-28T13:27:37.324Z	spark2	PROFILE	15.624	4.132
2026-09-28T13:27:37.535Z	spark1	PROFILE	14.863	7.587
2026-09-28T13:27:37.575Z	spark2	PROFILE	15.618	4.132
2026-09-28T13:27:37.798Z	spark1	PROFILE	14.854	7.587
2026-09-28T13:27:37.826Z	spark2	PROFILE	15.618	4.132
2026-09-28T13:27:38.049Z	spark1	PROFILE	14.850	7.587
2026-09-28T13:27:38.078Z	spark2	PROFILE	15.607	4.132
2026-09-28T13:27:38.299Z	spark1	PROFILE	14.841	7.587
2026-09-28T13:27:38.338Z	spark2	PROFILE	15.606	4.132
2026-09-28T13:27:38.549Z	spark1	PROFILE	14.813	7.587
2026-09-28T13:27:38.589Z	spark2	PROFILE	15.562	4.132
2026-09-28T13:27:38.817Z	spark1	PROFILE	14.804	7.587
2026-09-28T13:27:38.840Z	spark2	PROFILE	19.425	4.132
2026-09-28T13:27:39.068Z	spark1	PROFILE	14.755	7.587
2026-09-28T13:27:39.091Z	spark2	PROFILE	14.632	4.132
2026-09-28T13:27:39.318Z	spark1	PROFILE	16.228	7.587
2026-09-28T13:27:39.355Z	spark2	PROFILE	14.630	4.132
2026-09-28T13:27:39.568Z	spark1	PROFILE	13.790	7.587
2026-09-28T13:27:39.606Z	spark2	PROFILE	14.623	4.132
2026-09-28T13:27:39.833Z	spark1	PROFILE	13.742	7.587
2026-09-28T13:27:39.855Z	spark2	PROFILE	14.569	4.132
2026-09-28T13:27:40.083Z	spark1	PROFILE	13.713	7.587
2026-09-28T13:27:40.106Z	spark2	PROFILE	14.569	4.132
2026-09-28T13:27:40.333Z	spark1	PROFILE	13.682	7.587
2026-09-28T13:27:40.368Z	spark2	PROFILE	14.561	4.132
2026-09-28T13:27:40.584Z	spark1	PROFILE	13.656	7.587
2026-09-28T13:27:40.618Z	spark2	PROFILE	14.519	4.132
2026-09-28T13:27:40.853Z	spark1	PROFILE	13.655	7.587
2026-09-28T13:27:40.870Z	spark2	PROFILE	14.519	4.132
2026-09-28T13:27:41.104Z	spark1	PROFILE	13.655	7.587
2026-09-28T13:27:41.120Z	spark2	PROFILE	14.518	4.132
2026-09-28T13:27:41.355Z	spark1	PROFILE	13.655	7.587
2026-09-28T13:27:41.391Z	spark2	PROFILE	14.517	4.132
2026-09-28T13:27:41.605Z	spark1	PROFILE	13.655	7.587
2026-09-28T13:27:41.641Z	spark2	PROFILE	14.477	4.132
2026-09-28T13:27:41.867Z	spark1	PROFILE	13.584	7.587
2026-09-28T13:27:41.892Z	spark2	PROFILE	14.291	4.132
2026-09-28T13:27:42.118Z	spark1	PROFILE	13.357	7.587
2026-09-28T13:27:42.142Z	spark2	PROFILE	14.273	4.132
2026-09-28T13:27:42.368Z	spark1	KV_READY	14.276	7.587
2026-09-28T13:27:42.409Z	spark2	KV_READY	15.077	4.132
2026-09-28T13:27:42.619Z	spark1	KV_READY	12.839	7.587
2026-09-28T13:27:42.659Z	spark2	KV_READY	14.089	4.132
2026-09-28T13:27:42.881Z	spark1	KV_READY	12.836	7.587
2026-09-28T13:27:42.910Z	spark2	KV_READY	14.086	4.132
2026-09-28T13:27:43.132Z	spark1	KV_READY	12.813	7.587
2026-09-28T13:27:43.161Z	spark2	KV_READY	14.073	4.132
2026-09-28T13:27:43.382Z	spark1	KV_READY	12.808	7.587
2026-09-28T13:27:43.428Z	spark2	KV_READY	14.073	4.132
2026-09-28T13:27:43.633Z	spark1	KV_READY	12.792	7.587
2026-09-28T13:27:43.678Z	spark2	KV_READY	14.122	4.132
2026-09-28T13:27:43.895Z	spark1	KV_READY	12.781	7.587
2026-09-28T13:27:43.929Z	spark2	KV_READY	14.115	4.132
2026-09-28T13:27:44.145Z	spark1	KV_READY	12.770	7.587
2026-09-28T13:27:44.180Z	spark2	KV_READY	14.112	4.132
2026-09-28T13:27:44.395Z	spark1	KV_READY	12.708	7.587
2026-09-28T13:27:44.445Z	spark2	KV_READY	14.078	4.132
2026-09-28T13:27:44.645Z	spark1	KV_READY	12.610	7.586
2026-09-28T13:27:44.695Z	spark2	KV_READY	13.932	4.132
2026-09-28T13:27:44.908Z	spark1	KV_READY	12.476	7.586
2026-09-28T13:27:44.947Z	spark2	KV_READY	13.795	4.132
2026-09-28T13:27:45.158Z	spark1	KV_READY	12.475	7.586
2026-09-28T13:27:45.196Z	spark2	KV_READY	13.780	4.132
2026-09-28T13:27:45.408Z	spark1	KV_READY	12.452	7.586
2026-09-28T13:27:45.462Z	spark2	KV_READY	13.774	4.132
2026-09-28T13:27:45.660Z	spark1	KV_READY	12.452	7.586
2026-09-28T13:27:45.712Z	spark2	KV_READY	13.772	4.132
2026-09-28T13:27:45.934Z	spark1	KV_READY	12.452	7.586
2026-09-28T13:27:45.964Z	spark2	KV_READY	13.772	4.132
2026-09-28T13:27:46.185Z	spark1	KV_READY	12.450	7.586
2026-09-28T13:27:46.214Z	spark2	KV_READY	13.770	4.132
2026-09-28T13:27:46.435Z	spark1	KV_READY	12.199	7.586
2026-09-28T13:27:46.482Z	spark2	KV_READY	13.474	4.132
2026-09-28T13:27:46.686Z	spark1	KV_READY	12.615	7.586
2026-09-28T13:27:46.733Z	spark2	KV_READY	13.553	4.132
2026-09-28T13:27:46.950Z	spark1	KV_READY	12.797	7.586
2026-09-28T13:27:46.983Z	spark2	KV_READY	13.651	4.132
2026-09-28T13:27:47.201Z	spark1	KV_READY	12.789	7.586
2026-09-28T13:27:47.234Z	spark2	KV_READY	13.651	4.132
2026-09-28T13:27:47.451Z	spark1	KV_READY	12.706	7.586
2026-09-28T13:27:47.499Z	spark2	KV_READY	13.550	4.131
2026-09-28T13:27:47.702Z	spark1	KV_READY	12.685	7.586
2026-09-28T13:27:47.750Z	spark2	KV_READY	13.546	4.131
2026-09-28T13:27:47.969Z	spark1	KV_READY	12.676	7.585
2026-09-28T13:27:48.001Z	spark2	KV_READY	13.531	4.131
2026-09-28T13:27:48.219Z	spark1	KV_READY	12.676	7.585
2026-09-28T13:27:48.252Z	spark2	KV_READY	13.531	4.131
2026-09-28T13:27:48.469Z	spark1	KV_READY	12.614	7.585
2026-09-28T13:27:48.513Z	spark2	KV_READY	13.471	4.131
2026-09-28T13:27:48.720Z	spark1	KV_READY	12.586	7.585
2026-09-28T13:27:48.763Z	spark2	KV_READY	13.402	4.131
2026-09-28T13:27:48.983Z	spark1	KV_READY	12.498	7.585
2026-09-28T13:27:49.015Z	spark2	KV_READY	13.361	4.131
2026-09-28T13:27:49.233Z	spark1	KV_READY	12.489	7.585
2026-09-28T13:27:49.265Z	spark2	KV_READY	13.359	4.131
2026-09-28T13:27:49.484Z	spark1	KV_READY	12.489	7.585
2026-09-28T13:27:49.531Z	spark2	KV_READY	13.336	4.131
2026-09-28T13:27:49.734Z	spark1	KV_READY	12.488	7.585
2026-09-28T13:27:49.780Z	spark2	KV_READY	13.641	4.131
2026-09-28T13:27:49.997Z	spark1	KV_READY	12.908	7.585
2026-09-28T13:27:50.032Z	spark2	KV_READY	13.657	4.131
2026-09-28T13:27:50.248Z	spark1	KV_READY	12.801	7.585
2026-09-28T13:27:50.283Z	spark2	KV_READY	13.565	4.131
2026-09-28T13:27:50.498Z	spark1	KV_READY	12.689	7.585
2026-09-28T13:27:50.551Z	spark2	KV_READY	13.444	4.131
2026-09-28T13:27:50.749Z	spark1	KV_READY	12.673	7.585
2026-09-28T13:27:50.802Z	spark2	KV_READY	13.398	4.131
2026-09-28T13:27:51.011Z	spark1	KV_READY	12.641	7.585
2026-09-28T13:27:51.053Z	spark2	KV_READY	13.399	4.131
2026-09-28T13:27:51.262Z	spark1	KV_READY	12.641	7.585
2026-09-28T13:27:51.305Z	spark2	KV_READY	13.399	4.131
2026-09-28T13:27:51.513Z	spark1	KV_READY	12.641	7.585
2026-09-28T13:27:51.570Z	spark2	KV_READY	13.398	4.131
2026-09-28T13:27:51.763Z	spark1	KV_READY	12.641	7.585
2026-09-28T13:27:51.820Z	spark2	KV_READY	13.398	4.131
2026-09-28T13:27:52.026Z	spark1	KV_READY	12.543	7.585
2026-09-28T13:27:52.071Z	spark2	KV_READY	13.398	4.131
2026-09-28T13:27:52.277Z	spark1	KV_READY	12.367	7.585
2026-09-28T13:27:52.321Z	spark2	KV_READY	13.398	4.131
2026-09-28T13:27:52.528Z	spark1	KV_READY	12.366	7.585
2026-09-28T13:27:52.587Z	spark2	KV_READY	13.396	4.131
2026-09-28T13:27:52.779Z	spark1	KV_READY	12.296	7.585
2026-09-28T13:27:52.837Z	spark2	KV_READY	13.396	4.131
2026-09-28T13:27:53.042Z	spark1	KV_READY	12.289	7.585
2026-09-28T13:27:53.089Z	spark2	KV_READY	13.396	4.131
2026-09-28T13:27:53.293Z	spark1	KV_READY	12.288	7.585
2026-09-28T13:27:53.339Z	spark2	KV_READY	13.396	4.131
2026-09-28T13:27:53.544Z	spark1	KV_READY	12.288	7.585
2026-09-28T13:27:53.601Z	spark2	KV_READY	13.395	4.131
2026-09-28T13:27:53.795Z	spark1	KV_READY	12.288	7.585
2026-09-28T13:27:53.851Z	spark2	KV_READY	13.395	4.131
2026-09-28T13:27:54.056Z	spark1	KV_READY	12.287	7.585
2026-09-28T13:27:54.102Z	spark2	KV_READY	13.395	4.131
2026-09-28T13:27:54.307Z	spark1	KV_READY	12.290	7.585
2026-09-28T13:27:54.353Z	spark2	KV_READY	13.395	4.131
2026-09-28T13:27:54.558Z	spark1	KV_READY	12.290	7.584
2026-09-28T13:27:54.614Z	spark2	KV_READY	13.395	4.131
2026-09-28T13:27:54.808Z	spark1	KV_READY	12.295	7.584
2026-09-28T13:27:54.865Z	spark2	KV_READY	13.395	4.131
2026-09-28T13:27:55.069Z	spark1	KV_READY	12.295	7.584
2026-09-28T13:27:55.117Z	spark2	KV_READY	13.395	4.131
2026-09-28T13:27:55.319Z	spark1	KV_READY	12.295	7.584
2026-09-28T13:27:55.367Z	spark2	KV_READY	13.395	4.131
2026-09-28T13:27:55.570Z	spark1	KV_READY	12.282	7.584
2026-09-28T13:27:55.628Z	spark2	KV_READY	13.395	4.131
2026-09-28T13:27:55.820Z	spark1	KV_READY	12.276	7.584
2026-09-28T13:27:55.877Z	spark2	KV_READY	13.381	4.131
2026-09-28T13:27:56.083Z	spark1	KV_READY	12.268	7.583
2026-09-28T13:27:56.128Z	spark2	KV_READY	13.356	4.131
2026-09-28T13:27:56.333Z	spark1	KV_READY	12.255	7.583
2026-09-28T13:27:56.379Z	spark2	KV_READY	13.356	4.131
2026-09-28T13:27:56.583Z	spark1	KV_READY	12.252	7.583
2026-09-28T13:27:56.640Z	spark2	KV_READY	13.356	4.131
2026-09-28T13:27:56.834Z	spark1	KV_READY	12.241	7.583
2026-09-28T13:27:56.890Z	spark2	KV_READY	13.364	4.131
2026-09-28T13:27:57.096Z	spark1	KV_READY	12.242	7.583
2026-09-28T13:27:57.141Z	spark2	KV_READY	13.364	4.131
2026-09-28T13:27:57.347Z	spark1	KV_READY	12.369	7.583
2026-09-28T13:27:57.391Z	spark2	KV_READY	13.364	4.131
2026-09-28T13:27:57.598Z	spark1	KV_READY	12.362	7.583
2026-09-28T13:27:57.652Z	spark2	KV_READY	13.371	4.131
2026-09-28T13:27:57.848Z	spark1	KV_READY	12.350	7.583
2026-09-28T13:27:57.902Z	spark2	KV_READY	13.378	4.131
2026-09-28T13:27:58.109Z	spark1	KV_READY	12.330	7.583
2026-09-28T13:27:58.154Z	spark2	KV_READY	13.378	4.131
2026-09-28T13:27:58.360Z	spark1	KV_READY	12.321	7.583
2026-09-28T13:27:58.405Z	spark2	KV_READY	13.378	4.131
2026-09-28T13:27:58.611Z	spark1	KV_READY	12.310	7.583
2026-09-28T13:27:58.666Z	spark2	KV_READY	13.378	4.131
2026-09-28T13:27:58.862Z	spark1	KV_READY	12.305	7.583
2026-09-28T13:27:58.916Z	spark2	KV_READY	13.383	4.131
2026-09-28T13:27:59.129Z	spark1	KV_READY	12.295	7.583
2026-09-28T13:27:59.167Z	spark2	KV_READY	13.383	4.131
2026-09-28T13:27:59.380Z	spark1	KV_READY	11.944	7.583
2026-09-28T13:27:59.419Z	spark2	KV_READY	13.383	4.131
2026-09-28T13:27:59.630Z	spark1	KV_READY	11.865	7.583
2026-09-28T13:27:59.680Z	spark2	KV_READY	13.383	4.131
2026-09-28T13:27:59.881Z	spark1	KV_READY	11.816	7.583
2026-09-28T13:27:59.930Z	spark2	KV_READY	13.389	4.131
2026-09-28T13:28:00.144Z	spark1	KV_READY	11.784	7.583
2026-09-28T13:28:00.182Z	spark2	KV_READY	13.389	4.131
2026-09-28T13:28:00.394Z	spark1	KV_READY	11.709	7.583
2026-09-28T13:28:00.432Z	spark2	KV_READY	13.389	4.131
2026-09-28T13:28:00.645Z	spark1	KV_READY	11.632	7.583
2026-09-28T13:28:00.698Z	spark2	KV_READY	13.388	4.131
2026-09-28T13:28:00.896Z	spark1	KV_READY	11.485	7.582
2026-09-28T13:28:00.949Z	spark2	KV_READY	13.393	4.131
2026-09-28T13:28:01.157Z	spark1	KV_READY	11.475	7.582
2026-09-28T13:28:01.201Z	spark2	KV_READY	13.393	4.131
2026-09-28T13:28:01.408Z	spark1	KV_READY	11.467	7.582
2026-09-28T13:28:01.451Z	spark2	KV_READY	13.393	4.131
2026-09-28T13:28:01.658Z	spark1	KV_READY	11.452	7.582
2026-09-28T13:28:01.714Z	spark2	KV_READY	13.393	4.131
2026-09-28T13:28:01.908Z	spark1	KV_READY	11.444	7.582
2026-09-28T13:28:01.964Z	spark2	KV_READY	13.396	4.131
2026-09-28T13:28:02.171Z	spark1	KV_READY	11.431	7.582
2026-09-28T13:28:02.214Z	spark2	KV_READY	13.396	4.131
2026-09-28T13:28:02.422Z	spark1	KV_READY	11.416	7.582
2026-09-28T13:28:02.466Z	spark2	KV_READY	13.396	4.131
2026-09-28T13:28:02.672Z	spark1	KV_READY	11.408	7.582
2026-09-28T13:28:02.726Z	spark2	KV_READY	13.396	4.131
2026-09-28T13:28:02.922Z	spark1	KV_READY	11.364	7.582
2026-09-28T13:28:02.977Z	spark2	KV_READY	13.400	4.131
2026-09-28T13:28:03.184Z	spark1	KV_READY	11.352	7.582
2026-09-28T13:28:03.228Z	spark2	KV_READY	13.400	4.131
2026-09-28T13:28:03.434Z	spark1	KV_READY	11.344	7.582
2026-09-28T13:28:03.479Z	spark2	KV_READY	13.400	4.131
2026-09-28T13:28:03.684Z	spark1	KV_READY	11.334	7.582
2026-09-28T13:28:03.740Z	spark2	KV_READY	13.400	4.131
2026-09-28T13:28:03.935Z	spark1	KV_READY	11.318	7.582
2026-09-28T13:28:03.991Z	spark2	KV_READY	13.402	4.131
2026-09-28T13:28:04.202Z	spark1	KV_READY	11.305	7.582
2026-09-28T13:28:04.242Z	spark2	KV_READY	13.402	4.131
2026-09-28T13:28:04.452Z	spark1	KV_READY	11.295	7.582
2026-09-28T13:28:04.492Z	spark2	KV_READY	13.402	4.131
2026-09-28T13:28:04.703Z	spark1	KV_READY	11.287	7.582
2026-09-28T13:28:04.753Z	spark2	KV_READY	13.402	4.131
2026-09-28T13:28:04.952Z	spark1	KV_READY	11.251	7.582
2026-09-28T13:28:05.005Z	spark2	KV_READY	13.405	4.131
2026-09-28T13:28:05.215Z	spark1	KV_READY	11.240	7.582
2026-09-28T13:28:05.256Z	spark2	KV_READY	13.405	4.131
2026-09-28T13:28:05.465Z	spark1	KV_READY	11.225	7.582
2026-09-28T13:28:05.507Z	spark2	KV_READY	13.405	4.131
2026-09-28T13:28:05.716Z	spark1	KV_READY	11.217	7.582
2026-09-28T13:28:05.772Z	spark2	KV_READY	13.405	4.131
2026-09-28T13:28:05.967Z	spark1	KV_READY	11.217	7.582
2026-09-28T13:28:06.022Z	spark2	KV_READY	13.407	4.131
2026-09-28T13:28:06.234Z	spark1	KV_READY	11.202	7.582
2026-09-28T13:28:06.272Z	spark2	KV_READY	13.407	4.131
2026-09-28T13:28:06.484Z	spark1	KV_READY	11.135	7.581
2026-09-28T13:28:06.522Z	spark2	KV_READY	13.407	4.131
2026-09-28T13:28:06.735Z	spark1	KV_READY	11.114	7.581
2026-09-28T13:28:06.783Z	spark2	KV_READY	13.403	4.131
2026-09-28T13:28:06.986Z	spark1	KV_READY	11.088	7.581
2026-09-28T13:28:07.033Z	spark2	KV_READY	13.395	4.131
2026-09-28T13:28:07.249Z	spark1	KV_READY	11.057	7.581
2026-09-28T13:28:07.284Z	spark2	KV_READY	13.394	4.131
2026-09-28T13:28:07.499Z	spark1	KV_READY	11.057	7.581
2026-09-28T13:28:07.535Z	spark2	KV_READY	13.394	4.131
2026-09-28T13:28:07.750Z	spark1	KV_READY	11.047	7.581
2026-09-28T13:28:07.802Z	spark2	KV_READY	13.394	4.131
2026-09-28T13:28:08.001Z	spark1	KV_READY	11.050	7.581
2026-09-28T13:28:08.053Z	spark2	KV_READY	13.397	4.131
2026-09-28T13:28:08.269Z	spark1	KV_READY	11.040	7.581
2026-09-28T13:28:08.303Z	spark2	KV_READY	13.397	4.131
2026-09-28T13:28:08.519Z	spark1	KV_READY	11.041	7.580
2026-09-28T13:28:08.555Z	spark2	KV_READY	13.397	4.131
2026-09-28T13:28:08.770Z	spark1	KV_READY	11.038	7.579
2026-09-28T13:28:08.819Z	spark2	KV_READY	13.397	4.131
2026-09-28T13:28:09.020Z	spark1	KV_READY	11.043	7.579
2026-09-28T13:28:09.070Z	spark2	KV_READY	13.404	4.131
2026-09-28T13:28:09.288Z	spark1	KV_READY	11.023	7.578
2026-09-28T13:28:09.321Z	spark2	KV_READY	13.404	4.131
2026-09-28T13:28:09.539Z	spark1	KV_READY	11.017	7.578
2026-09-28T13:28:09.572Z	spark2	KV_READY	13.404	4.131
2026-09-28T13:28:09.789Z	spark1	KV_READY	11.005	7.577
2026-09-28T13:28:09.833Z	spark2	KV_READY	13.404	4.131
2026-09-28T13:28:10.040Z	spark1	KV_READY	11.017	7.575
2026-09-28T13:28:10.084Z	spark2	KV_READY	13.409	4.131
2026-09-28T13:28:10.306Z	spark1	KV_READY	11.011	7.575
2026-09-28T13:28:10.335Z	spark2	KV_READY	13.409	4.131
2026-09-28T13:28:10.556Z	spark1	KV_READY	10.998	7.574
2026-09-28T13:28:10.586Z	spark2	KV_READY	13.409	4.131
2026-09-28T13:28:10.806Z	spark1	KV_READY	10.987	7.574
2026-09-28T13:28:10.850Z	spark2	KV_READY	13.409	4.131
2026-09-28T13:28:11.057Z	spark1	KV_READY	10.986	7.573
2026-09-28T13:28:11.101Z	spark2	KV_READY	13.413	4.131
2026-09-28T13:28:11.324Z	spark1	KV_READY	10.979	7.573
2026-09-28T13:28:11.352Z	spark2	KV_READY	13.413	4.131
2026-09-28T13:28:11.575Z	spark1	KV_READY	10.972	7.573
2026-09-28T13:28:11.603Z	spark2	KV_READY	13.413	4.131
2026-09-28T13:28:11.826Z	spark1	KV_READY	10.964	7.572
2026-09-28T13:28:11.863Z	spark2	KV_READY	13.413	4.131
2026-09-28T13:28:12.077Z	spark1	KV_READY	10.959	7.572
2026-09-28T13:28:12.115Z	spark2	KV_READY	13.416	4.131
2026-09-28T13:28:12.343Z	spark1	KV_READY	10.960	7.572
2026-09-28T13:28:12.364Z	spark2	KV_READY	13.417	4.131
2026-09-28T13:28:12.594Z	spark1	KV_READY	10.959	7.572
2026-09-28T13:28:12.614Z	spark2	KV_READY	13.417	4.131
2026-09-28T13:28:12.844Z	spark1	KV_READY	10.949	7.571
2026-09-28T13:28:12.880Z	spark2	KV_READY	13.419	4.131
2026-09-28T13:28:13.094Z	spark1	KV_READY	10.939	7.571
2026-09-28T13:28:13.130Z	spark2	KV_READY	13.419	4.131
2026-09-28T13:28:13.356Z	spark1	KV_READY	10.916	7.571
2026-09-28T13:28:13.381Z	spark2	KV_READY	13.419	4.131
2026-09-28T13:28:13.607Z	spark1	KV_READY	10.910	7.571
2026-09-28T13:28:13.631Z	spark2	KV_READY	13.419	4.131
2026-09-28T13:28:13.857Z	spark1	KV_READY	10.899	7.571
2026-09-28T13:28:13.893Z	spark2	KV_READY	13.419	4.131
2026-09-28T13:28:14.107Z	spark1	KV_READY	10.894	7.571
2026-09-28T13:28:14.143Z	spark2	KV_READY	13.423	4.131
2026-09-28T13:28:14.370Z	spark1	KV_READY	10.874	7.571
2026-09-28T13:28:14.395Z	spark2	KV_READY	13.423	4.131
2026-09-28T13:28:14.620Z	spark1	KV_READY	10.864	7.571
2026-09-28T13:28:14.646Z	spark2	KV_READY	13.423	4.131
2026-09-28T13:28:14.871Z	spark1	KV_READY	10.859	7.571
2026-09-28T13:28:14.906Z	spark2	KV_READY	13.423	4.131
2026-09-28T13:28:15.121Z	spark1	KV_READY	10.854	7.571
2026-09-28T13:28:15.157Z	spark2	KV_READY	13.425	4.131
2026-09-28T13:28:15.384Z	spark1	KV_READY	10.834	7.571
2026-09-28T13:28:15.408Z	spark2	KV_READY	13.425	4.131
2026-09-28T13:28:15.634Z	spark1	KV_READY	10.817	7.571
2026-09-28T13:28:15.658Z	spark2	KV_READY	13.425	4.131
2026-09-28T13:28:15.885Z	spark1	KV_READY	10.804	7.571
2026-09-28T13:28:15.920Z	spark2	KV_READY	13.425	4.131
2026-09-28T13:28:16.135Z	spark1	KV_READY	10.807	7.571
2026-09-28T13:28:16.171Z	spark2	KV_READY	13.425	4.131
2026-09-28T13:28:16.402Z	spark1	KV_READY	10.797	7.571
2026-09-28T13:28:16.422Z	spark2	KV_READY	13.427	4.131
2026-09-28T13:28:16.653Z	spark1	KV_READY	10.788	7.571
2026-09-28T13:28:16.673Z	spark2	KV_READY	13.427	4.131
2026-09-28T13:28:16.903Z	spark1	KV_READY	10.785	7.571
2026-09-28T13:28:16.934Z	spark2	KV_READY	13.427	4.131
2026-09-28T13:28:17.153Z	spark1	KV_READY	10.775	7.571
2026-09-28T13:28:17.183Z	spark2	KV_READY	13.427	4.131
2026-09-28T13:28:17.414Z	spark1	KV_READY	10.725	7.571
2026-09-28T13:28:17.434Z	spark2	KV_READY	13.427	4.131
2026-09-28T13:28:17.664Z	spark1	KV_READY	10.714	7.571
2026-09-28T13:28:17.684Z	spark2	KV_READY	13.413	4.131
2026-09-28T13:28:17.914Z	spark1	KV_READY	10.706	7.571
2026-09-28T13:28:17.946Z	spark2	KV_READY	13.431	4.131
2026-09-28T13:28:18.165Z	spark1	KV_READY	10.690	7.571
2026-09-28T13:28:18.196Z	spark2	KV_READY	13.419	4.131
2026-09-28T13:28:18.428Z	spark1	KV_READY	10.659	7.571
2026-09-28T13:28:18.447Z	spark2	KV_READY	13.425	4.131
2026-09-28T13:28:18.678Z	spark1	KV_READY	10.639	7.571
2026-09-28T13:28:18.698Z	spark2	KV_READY	13.425	4.131
2026-09-28T13:28:18.928Z	spark1	KV_READY	10.616	7.571
2026-09-28T13:28:18.960Z	spark2	KV_READY	13.425	4.131
2026-09-28T13:28:19.179Z	spark1	KV_READY	10.611	7.571
2026-09-28T13:28:19.209Z	spark2	KV_READY	13.425	4.131
2026-09-28T13:28:19.446Z	spark1	KV_READY	10.580	7.571
2026-09-28T13:28:19.460Z	spark2	KV_READY	13.425	4.131
2026-09-28T13:28:19.697Z	spark1	KV_READY	10.568	7.571
2026-09-28T13:28:19.710Z	spark2	KV_READY	13.426	4.131
2026-09-28T13:28:19.948Z	spark1	KV_READY	10.575	7.571
2026-09-28T13:28:19.975Z	spark2	KV_READY	13.426	4.131
2026-09-28T13:28:20.198Z	spark1	KV_READY	10.559	7.571
2026-09-28T13:28:20.226Z	spark2	KV_READY	13.426	4.131
2026-09-28T13:28:20.467Z	spark1	KV_READY	10.565	7.571
2026-09-28T13:28:20.477Z	spark2	KV_READY	13.426	4.131
2026-09-28T13:28:20.717Z	spark1	KV_READY	10.579	7.571
2026-09-28T13:28:20.728Z	spark2	KV_READY	13.426	4.131
2026-09-28T13:28:20.968Z	spark1	KV_READY	10.579	7.571
2026-09-28T13:28:20.988Z	spark2	KV_READY	13.425	4.131
2026-09-28T13:28:21.218Z	spark1	KV_READY	10.564	7.571
2026-09-28T13:28:21.239Z	spark2	KV_READY	13.425	4.131
2026-09-28T13:28:21.482Z	spark1	KV_READY	10.599	7.571
2026-09-28T13:28:21.491Z	spark2	KV_READY	13.425	4.131
2026-09-28T13:28:21.733Z	spark1	KV_READY	10.593	7.571
2026-09-28T13:28:21.741Z	spark2	KV_READY	13.425	4.131
2026-09-28T13:28:21.984Z	spark1	KV_READY	10.585	7.571
2026-09-28T13:28:22.001Z	spark2	KV_READY	13.425	4.131
2026-09-28T13:28:22.234Z	spark1	KV_READY	10.585	7.571
2026-09-28T13:28:22.252Z	spark2	KV_READY	13.425	4.131
2026-09-28T13:28:22.501Z	spark1	KV_READY	10.575	7.571
2026-09-28T13:28:22.503Z	spark2	KV_READY	13.425	4.131
2026-09-28T13:28:22.752Z	spark1	KV_READY	10.560	7.571
2026-09-28T13:28:22.754Z	spark2	KV_READY	13.425	4.131
2026-09-28T13:28:23.002Z	spark1	KV_READY	10.581	7.571
2026-09-28T13:28:23.015Z	spark2	KV_READY	13.425	4.131
2026-09-28T13:28:23.253Z	spark1	KV_READY	10.572	7.571
2026-09-28T13:28:23.265Z	spark2	KV_READY	13.425	4.131
2026-09-28T13:28:23.516Z	spark1	KV_READY	10.593	7.571
2026-09-28T13:28:23.516Z	spark2	KV_READY	13.425	4.131
2026-09-28T13:28:23.766Z	spark1	KV_READY	10.581	7.571
2026-09-28T13:28:23.767Z	spark2	KV_READY	13.425	4.131
2026-09-28T13:28:24.017Z	spark1	KV_READY	10.582	7.571
2026-09-28T13:28:24.028Z	spark2	KV_READY	13.424	4.131
2026-09-28T13:28:24.267Z	spark1	KV_READY	10.583	7.571
2026-09-28T13:28:24.279Z	spark2	KV_READY	13.424	4.131
2026-09-28T13:28:24.529Z	spark2	KV_READY	13.424	4.131
2026-09-28T13:28:24.531Z	spark1	KV_READY	10.576	7.570
2026-09-28T13:28:24.780Z	spark2	KV_READY	13.424	4.131
2026-09-28T13:28:24.781Z	spark1	KV_READY	10.576	7.518
2026-09-28T13:28:25.032Z	spark1	KV_READY	10.498	7.493
2026-09-28T13:28:25.041Z	spark2	KV_READY	13.424	4.131
2026-09-28T13:28:25.283Z	spark1	KV_READY	10.529	7.482
2026-09-28T13:28:25.291Z	spark2	KV_READY	13.424	4.131
2026-09-28T13:28:25.542Z	spark2	KV_READY	13.424	4.131
2026-09-28T13:28:25.547Z	spark1	KV_READY	10.541	7.482
2026-09-28T13:28:25.793Z	spark2	KV_READY	13.424	4.131
2026-09-28T13:28:25.797Z	spark1	KV_READY	10.510	7.464
2026-09-28T13:28:26.048Z	spark1	KV_READY	10.468	7.435
2026-09-28T13:28:26.053Z	spark2	KV_READY	13.425	4.131
2026-09-28T13:28:26.298Z	spark1	KV_READY	10.446	7.408
2026-09-28T13:28:26.304Z	spark2	KV_READY	13.425	4.131
2026-09-28T13:28:26.555Z	spark2	KV_READY	13.425	4.131
2026-09-28T13:28:26.561Z	spark1	KV_READY	10.408	7.379
2026-09-28T13:28:26.806Z	spark2	KV_READY	13.425	4.131
2026-09-28T13:28:26.812Z	spark1	KV_READY	10.406	7.374
2026-09-28T13:28:27.063Z	spark1	KV_READY	10.397	7.373
2026-09-28T13:28:27.066Z	spark2	KV_READY	13.425	4.131
2026-09-28T13:28:27.314Z	spark1	KV_READY	10.407	7.373
2026-09-28T13:28:27.317Z	spark2	KV_READY	13.425	4.131
2026-09-28T13:28:27.567Z	spark2	KV_READY	13.425	4.131
2026-09-28T13:28:27.577Z	spark1	KV_READY	11.038	7.373
2026-09-28T13:28:27.818Z	spark2	KV_READY	13.425	4.131
2026-09-28T13:28:27.828Z	spark1	KV_READY	10.964	7.373
2026-09-28T13:28:28.078Z	spark2	KV_READY	13.425	4.131
2026-09-28T13:28:28.079Z	spark1	KV_READY	11.029	7.373
2026-09-28T13:28:28.329Z	spark1	KV_READY	10.990	7.373
2026-09-28T13:28:28.329Z	spark2	KV_READY	13.425	4.131
2026-09-28T13:28:28.579Z	spark2	KV_READY	13.425	4.131
2026-09-28T13:28:28.597Z	spark1	KV_READY	10.916	7.373
2026-09-28T13:28:28.830Z	spark2	KV_READY	13.425	4.131
2026-09-28T13:28:28.848Z	spark1	KV_READY	10.786	7.373
2026-09-28T13:28:29.090Z	spark2	KV_READY	13.421	4.131
2026-09-28T13:28:29.099Z	spark1	KV_READY	10.682	7.373
2026-09-28T13:28:29.341Z	spark2	KV_READY	13.426	4.131
2026-09-28T13:28:29.349Z	spark1	KV_READY	10.525	7.373
2026-09-28T13:28:29.592Z	spark2	KV_READY	13.426	4.131
2026-09-28T13:28:29.611Z	spark1	KV_READY	10.450	7.373
2026-09-28T13:28:29.843Z	spark2	KV_READY	13.426	4.131
2026-09-28T13:28:29.862Z	spark1	KV_READY	10.326	7.373
2026-09-28T13:28:30.103Z	spark2	KV_READY	13.426	4.131
2026-09-28T13:28:30.113Z	spark1	KV_READY	10.242	7.373
2026-09-28T13:28:30.355Z	spark2	KV_READY	13.426	4.131
2026-09-28T13:28:30.363Z	spark1	KV_READY	10.206	7.373
2026-09-28T13:28:30.604Z	spark2	KV_READY	13.426	4.131
2026-09-28T13:28:30.625Z	spark1	KV_READY	10.160	7.373
2026-09-28T13:28:30.855Z	spark2	KV_READY	13.426	4.131
2026-09-28T13:28:30.875Z	spark1	KV_READY	10.146	7.373
2026-09-28T13:28:31.120Z	spark2	KV_READY	13.426	4.131
2026-09-28T13:28:31.126Z	spark1	KV_READY	10.160	7.373
2026-09-28T13:28:31.370Z	spark2	KV_READY	13.426	4.131
2026-09-28T13:28:31.376Z	spark1	KV_READY	10.018	7.373
2026-09-28T13:28:31.621Z	spark2	KV_READY	13.426	4.131
2026-09-28T13:28:31.647Z	spark1	KV_READY	9.878	7.373
2026-09-28T13:28:31.871Z	spark2	KV_READY	13.426	4.131
2026-09-28T13:28:31.898Z	spark1	KV_READY	9.746	7.373
2026-09-28T13:28:32.133Z	spark2	KV_READY	13.426	4.131
2026-09-28T13:28:32.149Z	spark1	KV_READY	9.453	7.373
2026-09-28T13:28:32.383Z	spark2	KV_READY	13.426	4.131
2026-09-28T13:28:32.400Z	spark1	KV_READY	9.337	7.373
2026-09-28T13:28:32.634Z	spark2	KV_READY	13.426	4.131
2026-09-28T13:28:32.662Z	spark1	KV_READY	9.175	7.373
2026-09-28T13:28:32.885Z	spark2	KV_READY	13.426	4.131
2026-09-28T13:28:32.913Z	spark1	KV_READY	9.053	7.373
2026-09-28T13:28:33.146Z	spark2	KV_READY	13.426	4.131
2026-09-28T13:28:33.164Z	spark1	KV_READY	9.102	7.373
2026-09-28T13:28:33.397Z	spark2	KV_READY	13.426	4.131
2026-09-28T13:28:33.415Z	spark1	KV_READY	8.974	7.373
2026-09-28T13:28:33.647Z	spark2	KV_READY	13.426	4.131
2026-09-28T13:28:33.688Z	spark1	KV_READY	8.812	7.373
2026-09-28T13:28:33.899Z	spark2	KV_READY	13.426	4.131
2026-09-28T13:28:33.939Z	spark1	KV_READY	8.722	7.374
2026-09-28T13:28:34.160Z	spark2	KV_READY	13.426	4.131
2026-09-28T13:28:34.189Z	spark1	KV_READY	8.712	7.374
2026-09-28T13:28:34.411Z	spark2	KV_READY	13.426	4.131
2026-09-28T13:28:34.440Z	spark1	KV_READY	8.670	7.374
2026-09-28T13:28:34.661Z	spark2	KV_READY	13.426	4.131
2026-09-28T13:28:34.702Z	spark1	KV_READY	8.669	7.374
2026-09-28T13:28:34.911Z	spark2	KV_READY	13.426	4.131
2026-09-28T13:28:34.953Z	spark1	KV_READY	8.625	7.374
2026-09-28T13:28:35.176Z	spark2	KV_READY	13.426	4.131
2026-09-28T13:28:35.204Z	spark1	KV_READY	8.561	7.374
2026-09-28T13:28:35.426Z	spark2	KV_READY	13.426	4.131
2026-09-28T13:28:35.455Z	spark1	KV_READY	8.498	7.374
2026-09-28T13:28:35.677Z	spark2	KV_READY	13.426	4.131
2026-09-28T13:28:35.729Z	spark1	KV_READY	8.456	7.374
2026-09-28T13:28:35.928Z	spark2	KV_READY	13.426	4.131
2026-09-28T13:28:35.979Z	spark1	KV_READY	8.411	7.374
2026-09-28T13:28:36.193Z	spark2	KV_READY	13.425	4.131
2026-09-28T13:28:36.230Z	spark1	KV_READY	8.369	7.374
2026-09-28T13:28:36.443Z	spark2	KV_READY	13.425	4.131
2026-09-28T13:28:36.480Z	spark1	KV_READY	8.162	7.374
2026-09-28T13:28:36.693Z	spark2	KV_READY	13.425	4.131
2026-09-28T13:28:36.744Z	spark1	KV_READY	8.022	7.375
2026-09-28T13:28:36.944Z	spark2	KV_READY	13.425	4.131
2026-09-28T13:28:36.994Z	spark1	KV_READY	7.807	7.377
2026-09-28T13:28:37.209Z	spark2	KV_READY	13.425	4.131
2026-09-28T13:28:37.245Z	spark1	KV_READY	10.129	7.377
2026-09-28T13:28:37.460Z	spark2	KV_READY	13.425	4.131
2026-09-28T13:28:37.496Z	spark1	KV_READY	11.109	7.377
2026-09-28T13:28:37.711Z	spark2	KV_READY	13.425	4.131
2026-09-28T13:28:37.764Z	spark1	KV_READY	11.076	7.377
2026-09-28T13:28:37.961Z	spark2	KV_READY	13.425	4.131
2026-09-28T13:28:38.015Z	spark1	KV_READY	11.031	7.377
2026-09-28T13:28:38.221Z	spark2	KV_READY	13.425	4.131
2026-09-28T13:28:38.266Z	spark1	KV_READY	11.031	7.377
2026-09-28T13:28:38.472Z	spark2	KV_READY	13.425	4.131
2026-09-28T13:28:38.516Z	spark1	KV_READY	11.031	7.377
2026-09-28T13:28:38.722Z	spark2	KV_READY	13.426	4.131
2026-09-28T13:28:38.778Z	spark1	KV_READY	10.827	7.377
2026-09-28T13:28:38.973Z	spark2	KV_READY	13.426	4.131
2026-09-28T13:28:39.029Z	spark1	KV_READY	10.825	7.377
2026-09-28T13:28:39.238Z	spark2	KV_READY	13.426	4.131
2026-09-28T13:28:39.279Z	spark1	KV_READY	10.292	7.377
2026-09-28T13:28:39.487Z	spark2	KV_READY	13.426	4.131
2026-09-28T13:28:39.530Z	spark1	KV_READY	10.097	7.377
2026-09-28T13:28:39.738Z	spark2	KV_READY	13.425	4.131
2026-09-28T13:28:39.797Z	spark1	KV_READY	10.028	7.377
2026-09-28T13:28:39.988Z	spark2	KV_READY	13.424	4.131
2026-09-28T13:28:40.048Z	spark1	KV_READY	9.978	7.377
2026-09-28T13:28:40.253Z	spark2	KV_READY	13.423	4.131
2026-09-28T13:28:40.299Z	spark1	KV_READY	9.199	7.377
2026-09-28T13:28:40.504Z	spark2	KV_READY	13.423	4.131
2026-09-28T13:28:40.549Z	spark1	KV_READY	8.916	7.377
2026-09-28T13:28:40.755Z	spark2	KV_READY	13.423	4.131
2026-09-28T13:28:40.813Z	spark1	KV_READY	8.908	7.377
2026-09-28T13:28:41.005Z	spark2	KV_READY	13.423	4.131
2026-09-28T13:28:41.064Z	spark1	KV_READY	8.427	7.377
2026-09-28T13:28:41.267Z	spark2	KV_READY	13.423	4.131
2026-09-28T13:28:41.314Z	spark1	KV_READY	7.458	7.377
2026-09-28T13:28:41.517Z	spark2	KV_READY	13.423	4.131
2026-09-28T13:28:41.565Z	spark1	KV_READY	8.544	7.377
2026-09-28T13:28:41.768Z	spark2	KV_READY	13.423	4.131
2026-09-28T13:28:41.827Z	spark1	KV_READY	8.544	7.377
2026-09-28T13:28:42.018Z	spark2	KV_READY	13.423	4.131
2026-09-28T13:28:42.077Z	spark1	KV_READY	8.519	7.377
2026-09-28T13:28:42.284Z	spark2	KV_READY	13.423	4.131
2026-09-28T13:28:42.328Z	spark1	KV_READY	8.519	7.377
2026-09-28T13:28:42.534Z	spark2	KV_READY	13.423	4.131
2026-09-28T13:28:42.578Z	spark1	KV_READY	8.518	7.377
2026-09-28T13:28:42.785Z	spark2	KV_READY	13.423	4.131
2026-09-28T13:28:42.842Z	spark1	KV_READY	8.518	7.377
2026-09-28T13:28:43.036Z	spark2	KV_READY	13.424	4.131
2026-09-28T13:28:43.092Z	spark1	KV_READY	8.518	7.377
2026-09-28T13:28:43.301Z	spark2	KV_READY	13.424	4.131
2026-09-28T13:28:43.343Z	spark1	KV_READY	8.518	7.377
2026-09-28T13:28:43.555Z	spark2	SERVING	13.424	4.131
2026-09-28T13:28:43.593Z	spark1	SERVING	8.514	7.377
2026-09-28T13:28:43.860Z	spark1	SERVING	8.511	7.377
2026-09-28T13:28:44.109Z	spark1	SERVING	8.489	7.377
2026-09-28T13:28:44.360Z	spark1	SERVING	8.488	7.377
2026-09-28T13:28:44.873Z	spark1	SERVING	8.487	7.377
2026-09-28T13:28:45.887Z	spark1	SERVING	8.486	7.377
2026-09-28T13:28:48.422Z	spark1	SERVING	8.485	7.377
2026-09-28T13:28:48.622Z	spark2	SERVING	13.426	4.131
2026-09-28T13:28:48.939Z	spark1	SERVING	8.484	7.377
2026-09-28T13:28:50.203Z	spark1	SERVING	8.478	7.377
2026-09-28T13:28:50.454Z	spark1	SERVING	8.458	7.376
2026-09-28T13:28:50.652Z	spark2	SERVING	13.422	4.131
2026-09-28T13:28:50.703Z	spark1	SERVING	8.454	7.376
2026-09-28T13:28:50.902Z	spark2	SERVING	13.412	4.131
2026-09-28T13:28:50.970Z	spark1	SERVING	8.422	7.376
2026-09-28T13:28:51.420Z	spark2	SERVING	13.411	4.131
2026-09-28T13:28:51.920Z	spark2	SERVING	13.406	4.131
2026-09-28T13:28:52.172Z	spark2	SERVING	13.405	4.131
2026-09-28T13:28:55.483Z	spark2	SERVING	13.404	4.131
2026-09-28T13:28:56.049Z	spark1	SERVING	8.441	7.375
2026-09-28T13:28:59.347Z	spark1	SERVING	8.422	7.374
2026-09-28T13:28:59.791Z	spark2	SERVING	13.399	4.130
2026-09-28T13:29:00.111Z	spark1	SERVING	8.421	7.374
2026-09-28T13:29:00.362Z	spark1	SERVING	8.420	7.374
2026-09-28T13:29:00.612Z	spark1	SERVING	8.408	7.374
2026-09-28T13:29:02.140Z	spark1	SERVING	8.401	7.373
2026-09-28T13:29:02.641Z	spark1	SERVING	8.383	7.373
2026-09-28T13:29:04.864Z	spark2	SERVING	13.416	4.129
2026-09-28T13:29:06.125Z	spark2	SERVING	13.379	4.129
2026-09-28T13:29:06.203Z	spark1	SERVING	8.323	7.373
2026-09-28T13:29:06.376Z	spark2	SERVING	13.379	4.129
2026-09-28T13:29:06.453Z	spark1	SERVING	8.315	7.373
2026-09-28T13:29:06.637Z	spark2	SERVING	13.343	4.129
2026-09-28T13:29:06.703Z	spark1	SERVING	8.311	7.373
2026-09-28T13:29:06.954Z	spark1	SERVING	8.306	7.373
2026-09-28T13:29:11.763Z	spark2	SERVING	13.368	4.129
2026-09-28T13:29:12.086Z	spark1	SERVING	8.343	7.372
2026-09-28T13:29:13.050Z	spark2	SERVING	13.343	4.129
2026-09-28T13:29:17.197Z	spark1	SERVING	8.334	7.371
2026-09-28T13:29:18.169Z	spark2	SERVING	13.360	4.129
2026-09-28T13:29:22.328Z	spark1	SERVING	8.375	7.370
2026-09-28T13:29:23.280Z	spark2	SERVING	13.370	4.129
2026-09-28T13:29:24.053Z	spark2	SERVING	13.341	4.129
2026-09-28T13:29:27.463Z	spark1	SERVING	8.353	7.370
2026-09-28T13:29:29.162Z	spark2	SERVING	13.358	4.128
2026-09-28T13:29:32.585Z	spark1	SERVING	8.341	7.370
2026-09-28T13:29:34.279Z	spark2	SERVING	13.366	4.128
2026-09-28T13:29:35.662Z	spark1	SERVING	8.305	7.370
2026-09-28T13:29:36.187Z	spark1	SERVING	8.298	7.370
2026-09-28T13:29:38.242Z	spark1	SERVING	8.298	7.370
2026-09-28T13:29:39.399Z	spark2	SERVING	13.362	4.128
2026-09-28T13:29:41.822Z	spark1	SERVING	8.293	7.370
2026-09-28T13:29:42.097Z	spark1	SERVING	8.293	7.370
2026-09-28T13:29:42.348Z	spark1	SERVING	8.277	7.369
2026-09-28T13:29:44.512Z	spark2	SERVING	13.365	4.128
2026-09-28T13:29:46.699Z	spark1	SERVING	8.274	7.369
2026-09-28T13:29:49.634Z	spark2	SERVING	13.379	4.128
2026-09-28T13:29:51.830Z	spark1	SERVING	8.290	7.369
2026-09-28T13:29:54.743Z	spark2	SERVING	13.378	4.128
2026-09-28T13:29:56.959Z	spark1	SERVING	8.304	7.369
2026-09-28T13:29:59.862Z	spark2	SERVING	13.366	4.128
2026-09-28T13:30:02.084Z	spark1	SERVING	8.304	7.369
2026-09-28T13:30:04.982Z	spark2	SERVING	13.370	4.128
2026-09-28T13:30:07.220Z	spark1	SERVING	8.310	7.368
2026-09-28T13:30:09.272Z	spark1	SERVING	8.269	7.368
2026-09-28T13:30:09.796Z	spark1	SERVING	8.268	7.368
2026-09-28T13:30:10.097Z	spark2	SERVING	13.375	4.128
2026-09-28T13:30:14.919Z	spark1	SERVING	8.294	7.368
2026-09-28T13:30:15.217Z	spark2	SERVING	13.375	4.128
2026-09-28T13:30:20.058Z	spark1	SERVING	8.293	7.368
2026-09-28T13:30:20.344Z	spark2	SERVING	13.358	4.128
2026-09-28T13:30:25.191Z	spark1	SERVING	8.284	7.368
2026-09-28T13:30:25.466Z	spark2	SERVING	13.358	4.128
2026-09-28T13:30:30.321Z	spark1	SERVING	8.300	7.368
2026-09-28T13:30:30.579Z	spark2	SERVING	13.360	4.128
2026-09-28T13:30:31.081Z	spark2	SERVING	13.338	4.128
2026-09-28T13:30:35.453Z	spark1	SERVING	8.306	7.368
2026-09-28T13:30:36.197Z	spark2	SERVING	14.362	4.128
2026-09-28T13:30:40.584Z	spark1	SERVING	9.308	7.368
2026-09-28T13:30:41.316Z	spark2	SERVING	14.364	4.128
2026-09-28T13:30:45.707Z	spark1	SERVING	9.278	7.368
2026-09-28T13:30:46.427Z	spark2	SERVING	14.365	4.127
2026-09-28T13:30:50.836Z	spark1	SERVING	9.297	7.368
2026-09-28T13:30:51.546Z	spark2	SERVING	14.367	4.127
2026-09-28T13:30:55.967Z	spark1	SERVING	9.303	7.368
2026-09-28T13:30:56.664Z	spark2	SERVING	14.378	4.127
2026-09-28T13:31:01.101Z	spark1	SERVING	9.303	7.367
2026-09-28T13:31:01.783Z	spark2	SERVING	14.381	4.127
2026-09-28T13:31:06.229Z	spark1	SERVING	9.298	7.367
2026-09-28T13:31:06.897Z	spark2	SERVING	14.375	4.127
2026-09-28T13:31:11.356Z	spark1	SERVING	9.318	7.367
2026-09-28T13:31:12.012Z	spark2	SERVING	14.375	4.127
2026-09-28T13:31:16.488Z	spark1	SERVING	9.284	7.367
2026-09-28T13:31:17.127Z	spark2	SERVING	14.363	4.127
2026-09-28T13:31:21.604Z	spark1	SERVING	9.316	7.367
2026-09-28T13:31:22.246Z	spark2	SERVING	14.365	4.127
2026-09-28T13:31:26.731Z	spark1	SERVING	9.298	7.367
2026-09-28T13:31:27.366Z	spark2	SERVING	14.363	4.127
2026-09-28T13:31:31.864Z	spark1	SERVING	9.336	7.367
2026-09-28T13:31:32.487Z	spark2	SERVING	14.368	4.127
2026-09-28T13:31:36.984Z	spark1	SERVING	9.335	7.367
2026-09-28T13:31:37.589Z	spark2	SERVING	14.354	4.127
2026-09-28T13:31:42.114Z	spark1	SERVING	9.312	7.367
2026-09-28T13:31:42.700Z	spark2	SERVING	14.355	4.127
2026-09-28T13:31:47.246Z	spark1	SERVING	9.338	7.367
2026-09-28T13:31:47.816Z	spark2	SERVING	14.370	4.127
2026-09-28T13:31:52.377Z	spark1	SERVING	9.327	7.367
2026-09-28T13:31:52.934Z	spark2	SERVING	14.365	4.127
2026-09-28T13:31:57.513Z	spark1	SERVING	9.250	7.366
2026-09-28T13:31:58.051Z	spark2	SERVING	14.366	4.127
2026-09-28T13:32:02.639Z	spark1	SERVING	9.315	7.365
2026-09-28T13:32:03.169Z	spark2	SERVING	14.360	4.127
2026-09-28T13:32:07.775Z	spark1	SERVING	9.317	7.365
2026-09-28T13:32:08.289Z	spark2	SERVING	14.363	4.127
2026-09-28T13:32:12.906Z	spark1	SERVING	9.326	7.365
2026-09-28T13:32:13.407Z	spark2	SERVING	14.360	4.126
2026-09-28T13:32:18.041Z	spark1	SERVING	9.341	7.365
2026-09-28T13:32:18.526Z	spark2	SERVING	14.364	4.126
2026-09-28T13:32:23.170Z	spark1	SERVING	9.328	7.365
2026-09-28T13:32:23.643Z	spark2	SERVING	14.336	4.126
2026-09-28T13:32:28.302Z	spark1	SERVING	9.971	7.365
2026-09-28T13:32:28.762Z	spark2	SERVING	15.004	4.126
2026-09-28T13:32:33.434Z	spark1	SERVING	9.983	7.364
2026-09-28T13:32:33.885Z	spark2	SERVING	15.010	4.126
2026-09-28T13:32:38.566Z	spark1	SERVING	9.946	7.364
2026-09-28T13:32:38.997Z	spark2	SERVING	15.010	4.126
2026-09-28T13:32:43.702Z	spark1	SERVING	9.959	7.364
2026-09-28T13:32:44.110Z	spark2	SERVING	15.011	4.126
2026-09-28T13:32:48.845Z	spark1	SERVING	9.952	7.364
2026-09-28T13:32:49.224Z	spark2	SERVING	15.006	4.126
2026-09-28T13:32:53.973Z	spark1	SERVING	9.969	7.364
2026-09-28T13:32:54.344Z	spark2	SERVING	15.006	4.126
2026-09-28T13:32:59.113Z	spark1	SERVING	9.933	7.363
2026-09-28T13:32:59.460Z	spark2	SERVING	15.007	4.126
2026-09-28T13:33:04.249Z	spark1	SERVING	9.928	7.363
2026-09-28T13:33:04.579Z	spark2	SERVING	15.007	4.126
2026-09-28T13:33:09.377Z	spark1	SERVING	9.924	7.363
2026-09-28T13:33:09.692Z	spark2	SERVING	14.992	4.126
2026-09-28T13:33:14.511Z	spark1	SERVING	9.958	7.363
2026-09-28T13:33:14.804Z	spark2	SERVING	14.997	4.126
2026-09-28T13:33:19.646Z	spark1	SERVING	9.947	7.363
2026-09-28T13:33:19.925Z	spark2	SERVING	15.010	4.126
2026-09-28T13:33:24.782Z	spark1	SERVING	9.954	7.363
2026-09-28T13:33:25.046Z	spark2	SERVING	15.011	4.126
2026-09-28T13:33:29.906Z	spark1	SERVING	9.918	7.363
2026-09-28T13:33:30.170Z	spark2	SERVING	14.975	4.126
2026-09-28T13:33:35.028Z	spark1	SERVING	9.925	7.363
2026-09-28T13:33:35.291Z	spark2	SERVING	14.994	4.126
2026-09-28T13:33:40.154Z	spark1	SERVING	9.946	7.363
2026-09-28T13:33:40.410Z	spark2	SERVING	15.003	4.126
2026-09-28T13:33:45.287Z	spark1	SERVING	9.928	7.363
2026-09-28T13:33:45.523Z	spark2	SERVING	15.001	4.125
2026-09-28T13:33:50.421Z	spark1	SERVING	9.929	7.363
2026-09-28T13:33:50.646Z	spark2	SERVING	15.010	4.125
2026-09-28T13:33:55.557Z	spark1	SERVING	9.925	7.363
2026-09-28T13:33:55.761Z	spark2	SERVING	15.014	4.125
2026-09-28T13:34:00.678Z	spark1	SERVING	9.942	7.363
2026-09-28T13:34:00.880Z	spark2	SERVING	15.011	4.125
2026-09-28T13:34:05.807Z	spark1	SERVING	9.920	7.363
2026-09-28T13:34:06.001Z	spark2	SERVING	14.992	4.125
2026-09-28T13:34:10.932Z	spark1	SERVING	9.927	7.363
2026-09-28T13:34:11.129Z	spark2	SERVING	14.999	4.125
2026-09-28T13:34:16.074Z	spark1	SERVING	9.929	7.362
2026-09-28T13:34:16.246Z	spark2	SERVING	14.995	4.125
2026-09-28T13:34:21.199Z	spark1	SERVING	9.958	7.362
2026-09-28T13:34:21.374Z	spark2	SERVING	14.997	4.125
2026-09-28T13:34:26.329Z	spark1	SERVING	9.961	7.362
2026-09-28T13:34:26.491Z	spark2	SERVING	15.000	4.125
2026-09-28T13:34:31.460Z	spark1	SERVING	9.964	7.362
2026-09-28T13:34:31.610Z	spark2	SERVING	14.979	4.125
2026-09-28T13:34:36.594Z	spark1	SERVING	9.959	7.362
2026-09-28T13:34:36.737Z	spark2	SERVING	14.986	4.125
2026-09-28T13:34:41.716Z	spark1	SERVING	9.932	7.362
2026-09-28T13:34:41.857Z	spark2	SERVING	14.987	4.125
2026-09-28T13:34:46.844Z	spark1	SERVING	9.953	7.362
2026-09-28T13:34:46.985Z	spark2	SERVING	14.988	4.125
2026-09-28T13:34:51.968Z	spark1	SERVING	9.954	7.362
2026-09-28T13:34:52.107Z	spark2	SERVING	14.987	4.125
2026-09-28T13:34:57.102Z	spark1	SERVING	9.965	7.362
2026-09-28T13:34:57.225Z	spark2	SERVING	14.989	4.125
2026-09-28T13:35:02.231Z	spark1	SERVING	9.897	7.357
2026-09-28T13:35:02.362Z	spark2	SERVING	14.963	4.125
2026-09-28T13:35:07.368Z	spark1	SERVING	9.937	7.356
2026-09-28T13:35:07.480Z	spark2	SERVING	14.979	4.125
2026-09-28T13:35:12.503Z	spark1	SERVING	9.892	7.353
2026-09-28T13:35:12.604Z	spark2	SERVING	14.986	4.125
2026-09-28T13:35:17.628Z	spark1	SERVING	9.879	7.353
2026-09-28T13:35:17.724Z	spark2	SERVING	14.988	4.125
2026-09-28T13:35:22.765Z	spark1	SERVING	9.892	7.353
2026-09-28T13:35:22.833Z	spark2	SERVING	14.987	4.125
2026-09-28T13:35:27.910Z	spark1	SERVING	9.910	7.353
2026-09-28T13:35:27.946Z	spark2	SERVING	15.005	4.125
2026-09-28T13:35:33.053Z	spark1	SERVING	9.899	7.353
2026-09-28T13:35:33.062Z	spark2	SERVING	15.007	4.125
2026-09-28T13:35:38.182Z	spark2	SERVING	14.993	4.125
2026-09-28T13:35:38.192Z	spark1	SERVING	9.882	7.353
2026-09-28T13:35:43.298Z	spark2	SERVING	15.004	4.125
2026-09-28T13:35:43.327Z	spark1	SERVING	9.923	7.353
2026-09-28T13:35:48.419Z	spark2	SERVING	14.989	4.125
2026-09-28T13:35:48.458Z	spark1	SERVING	9.886	7.353
2026-09-28T13:35:53.539Z	spark2	SERVING	14.993	4.125
2026-09-28T13:35:53.584Z	spark1	SERVING	9.919	7.353
2026-09-28T13:35:58.650Z	spark2	SERVING	15.001	4.125
2026-09-28T13:35:58.718Z	spark1	SERVING	9.885	7.353
2026-09-28T13:36:03.766Z	spark2	SERVING	15.001	4.125
2026-09-28T13:36:03.848Z	spark1	SERVING	9.916	7.352
2026-09-28T13:36:08.891Z	spark2	SERVING	14.980	4.125
2026-09-28T13:36:08.985Z	spark1	SERVING	9.841	7.352
2026-09-28T13:36:14.003Z	spark2	SERVING	14.988	4.125
2026-09-28T13:36:14.113Z	spark1	SERVING	9.892	7.352
2026-09-28T13:36:19.123Z	spark2	SERVING	14.993	4.125
2026-09-28T13:36:19.251Z	spark1	SERVING	9.906	7.352
2026-09-28T13:36:24.245Z	spark2	SERVING	14.986	4.125
2026-09-28T13:36:24.387Z	spark1	SERVING	9.895	7.352
2026-09-28T13:36:29.363Z	spark2	SERVING	14.988	4.125
2026-09-28T13:36:29.523Z	spark1	SERVING	9.924	7.352
2026-09-28T13:36:34.484Z	spark2	SERVING	14.993	4.125
2026-09-28T13:36:34.655Z	spark1	SERVING	9.895	7.352
2026-09-28T13:36:39.597Z	spark2	SERVING	14.993	4.125
2026-09-28T13:36:39.787Z	spark1	SERVING	9.922	7.352
2026-09-28T13:36:44.718Z	spark2	SERVING	14.990	4.125
2026-09-28T13:36:44.918Z	spark1	SERVING	9.891	7.352
2026-09-28T13:36:49.841Z	spark2	SERVING	14.994	4.125
2026-09-28T13:36:50.050Z	spark1	SERVING	9.907	7.352
2026-09-28T13:36:54.963Z	spark2	SERVING	14.982	4.125
2026-09-28T13:36:55.185Z	spark1	SERVING	9.888	7.352
2026-09-28T13:37:00.082Z	spark2	SERVING	14.986	4.125
2026-09-28T13:37:00.307Z	spark1	SERVING	9.944	7.352
2026-09-28T13:37:05.203Z	spark2	SERVING	15.001	4.125
2026-09-28T13:37:05.439Z	spark1	SERVING	9.883	7.352
2026-09-28T13:37:10.309Z	spark2	SERVING	14.837	4.125
2026-09-28T13:37:10.565Z	spark1	SERVING	9.751	7.352
2026-09-28T13:37:15.424Z	spark2	SERVING	14.833	4.125
2026-09-28T13:37:15.688Z	spark1	SERVING	9.700	7.352
2026-09-28T13:37:20.531Z	spark2	SERVING	14.846	4.125
2026-09-28T13:37:20.798Z	spark1	SERVING	9.711	7.352
2026-09-28T13:37:25.649Z	spark2	SERVING	14.844	4.125
2026-09-28T13:37:25.920Z	spark1	SERVING	9.715	7.352
2026-09-28T13:37:30.758Z	spark2	SERVING	14.839	4.125
2026-09-28T13:37:31.042Z	spark1	SERVING	9.706	7.352
2026-09-28T13:37:35.868Z	spark2	SERVING	14.842	4.125
2026-09-28T13:37:36.174Z	spark1	SERVING	9.724	7.352
2026-09-28T13:37:40.986Z	spark2	SERVING	14.829	4.125
2026-09-28T13:37:41.296Z	spark1	SERVING	9.709	7.352
2026-09-28T13:37:46.093Z	spark2	SERVING	14.752	4.125
2026-09-28T13:37:46.432Z	spark1	SERVING	9.639	7.352
2026-09-28T13:37:51.201Z	spark2	SERVING	14.764	4.125
2026-09-28T13:37:51.553Z	spark1	SERVING	9.533	7.352
2026-09-28T13:37:56.313Z	spark2	SERVING	14.767	4.125
2026-09-28T13:37:56.679Z	spark1	SERVING	9.569	7.352
2026-09-28T13:38:01.431Z	spark2	SERVING	14.755	4.125
2026-09-28T13:38:01.809Z	spark1	SERVING	9.545	7.351
2026-09-28T13:38:06.542Z	spark2	SERVING	14.758	4.125
2026-09-28T13:38:06.930Z	spark1	SERVING	9.582	7.351
2026-09-28T13:38:11.646Z	spark2	SERVING	14.765	4.125
2026-09-28T13:38:12.059Z	spark1	SERVING	9.565	7.351
2026-09-28T13:38:16.754Z	spark2	SERVING	14.764	4.125
2026-09-28T13:38:17.181Z	spark1	SERVING	9.565	7.351
2026-09-28T13:38:21.869Z	spark2	SERVING	14.763	4.125
2026-09-28T13:38:22.303Z	spark1	SERVING	9.571	7.351
2026-09-28T13:38:26.979Z	spark2	SERVING	14.732	4.125
2026-09-28T13:38:27.425Z	spark1	SERVING	9.564	7.351
2026-09-28T13:38:32.083Z	spark2	SERVING	14.735	4.125
2026-09-28T13:38:32.541Z	spark1	SERVING	9.590	7.350
2026-09-28T13:38:37.193Z	spark2	SERVING	14.724	4.125
2026-09-28T13:38:37.673Z	spark1	SERVING	9.530	7.350
2026-09-28T13:38:42.312Z	spark2	SERVING	14.729	4.125
2026-09-28T13:38:42.786Z	spark1	SERVING	9.553	7.350
2026-09-28T13:38:47.418Z	spark2	SERVING	14.738	4.125
2026-09-28T13:38:47.891Z	spark1	SERVING	9.545	7.350
2026-09-28T13:38:52.537Z	spark2	SERVING	14.738	4.125
2026-09-28T13:38:53.004Z	spark1	SERVING	9.536	7.350
2026-09-28T13:38:57.657Z	spark2	SERVING	14.737	4.125
2026-09-28T13:38:58.128Z	spark1	SERVING	9.536	7.350
2026-09-28T13:39:02.768Z	spark2	SERVING	14.739	4.125
2026-09-28T13:39:03.238Z	spark1	SERVING	9.566	7.350
2026-09-28T13:39:07.884Z	spark2	SERVING	14.719	4.125
2026-09-28T13:39:08.355Z	spark1	SERVING	9.527	7.350
2026-09-28T13:39:12.994Z	spark2	SERVING	14.722	4.125
2026-09-28T13:39:13.458Z	spark1	SERVING	9.555	7.350
2026-09-28T13:39:18.116Z	spark2	SERVING	14.695	4.125
2026-09-28T13:39:18.585Z	spark1	SERVING	9.555	7.350
2026-09-28T13:39:23.226Z	spark2	SERVING	14.479	4.125
2026-09-28T13:39:23.695Z	spark1	SERVING	9.171	7.350
2026-09-28T13:39:28.338Z	spark2	SERVING	14.362	4.125
2026-09-28T13:39:28.823Z	spark1	SERVING	9.165	7.350
2026-09-28T13:39:33.440Z	spark2	SERVING	14.344	4.125
2026-09-28T13:39:33.946Z	spark1	SERVING	9.148	7.350
2026-09-28T13:39:38.558Z	spark2	SERVING	14.324	4.125
2026-09-28T13:39:39.060Z	spark1	SERVING	9.134	7.350
2026-09-28T13:39:43.680Z	spark2	SERVING	14.330	4.125
2026-09-28T13:39:44.195Z	spark1	SERVING	9.081	7.350
2026-09-28T13:39:48.801Z	spark2	SERVING	14.330	4.125
2026-09-28T13:39:49.315Z	spark1	SERVING	9.122	7.350
2026-09-28T13:39:53.920Z	spark2	SERVING	14.329	4.125
2026-09-28T13:39:54.436Z	spark1	SERVING	9.108	7.350
2026-09-28T13:39:59.038Z	spark2	SERVING	14.332	4.125
2026-09-28T13:39:59.569Z	spark1	SERVING	9.111	7.350
2026-09-28T13:40:04.151Z	spark2	SERVING	14.339	4.125
2026-09-28T13:40:04.694Z	spark1	SERVING	9.078	7.349
2026-09-28T13:40:09.256Z	spark2	SERVING	14.339	4.125
2026-09-28T13:40:09.826Z	spark1	SERVING	9.120	7.349
2026-09-28T13:40:14.366Z	spark2	SERVING	14.327	4.125
2026-09-28T13:40:14.952Z	spark1	SERVING	9.072	7.349
2026-09-28T13:40:19.466Z	spark2	SERVING	14.256	4.124
2026-09-28T13:40:20.079Z	spark1	SERVING	9.043	7.349
2026-09-28T13:40:24.576Z	spark2	SERVING	14.273	4.124
2026-09-28T13:40:25.205Z	spark1	SERVING	9.055	7.349
2026-09-28T13:40:29.697Z	spark2	SERVING	14.278	4.124
2026-09-28T13:40:30.331Z	spark1	SERVING	9.043	7.349
2026-09-28T13:40:34.814Z	spark2	SERVING	14.283	4.124
2026-09-28T13:40:35.455Z	spark1	SERVING	9.061	7.349
2026-09-28T13:40:39.935Z	spark2	SERVING	14.297	4.124
2026-09-28T13:40:40.583Z	spark1	SERVING	9.041	7.349
2026-09-28T13:40:45.052Z	spark2	SERVING	14.297	4.124
2026-09-28T13:40:45.708Z	spark1	SERVING	9.055	7.349
2026-09-28T13:40:50.172Z	spark2	SERVING	14.275	4.124
2026-09-28T13:40:50.838Z	spark1	SERVING	9.035	7.349
2026-09-28T13:40:55.287Z	spark2	SERVING	14.279	4.124
2026-09-28T13:40:55.951Z	spark1	SERVING	9.052	7.349
2026-09-28T13:41:00.400Z	spark2	SERVING	14.276	4.124
2026-09-28T13:41:01.070Z	spark1	SERVING	9.027	7.349
2026-09-28T13:41:05.510Z	spark2	SERVING	14.277	4.124
2026-09-28T13:41:06.192Z	spark1	SERVING	9.049	7.349
2026-09-28T13:41:10.624Z	spark2	SERVING	14.290	4.124
2026-09-28T13:41:11.327Z	spark1	SERVING	9.046	7.349
2026-09-28T13:41:15.734Z	spark2	SERVING	14.290	4.124
2026-09-28T13:41:16.449Z	spark1	SERVING	9.077	7.349
2026-09-28T13:41:20.858Z	spark2	SERVING	14.291	4.124
2026-09-28T13:41:21.577Z	spark1	SERVING	9.056	7.349
2026-09-28T13:41:25.976Z	spark2	SERVING	14.294	4.124
2026-09-28T13:41:26.701Z	spark1	SERVING	9.058	7.349
2026-09-28T13:41:31.094Z	spark2	SERVING	14.295	4.124
2026-09-28T13:41:31.838Z	spark1	SERVING	9.081	7.349
2026-09-28T13:41:36.201Z	spark2	SERVING	14.288	4.124
2026-09-28T13:41:36.974Z	spark1	SERVING	9.063	7.349
2026-09-28T13:41:41.319Z	spark2	SERVING	14.297	4.124
2026-09-28T13:41:42.101Z	spark1	SERVING	9.066	7.349
2026-09-28T13:41:46.428Z	spark2	SERVING	14.279	4.124
2026-09-28T13:41:47.224Z	spark1	SERVING	9.065	7.349
2026-09-28T13:41:51.546Z	spark2	SERVING	14.280	4.124
2026-09-28T13:41:52.347Z	spark1	SERVING	9.075	7.349
2026-09-28T13:41:56.659Z	spark2	SERVING	14.257	4.124
2026-09-28T13:41:57.469Z	spark1	SERVING	9.100	7.349
2026-09-28T13:42:01.772Z	spark2	SERVING	14.270	4.124
2026-09-28T13:42:02.603Z	spark1	SERVING	9.086	7.348
2026-09-28T13:42:06.888Z	spark2	SERVING	14.270	4.124
2026-09-28T13:42:07.730Z	spark1	SERVING	9.052	7.348
2026-09-28T13:42:12.007Z	spark2	SERVING	14.272	4.124
2026-09-28T13:42:12.853Z	spark1	SERVING	9.074	7.348
2026-09-28T13:42:17.126Z	spark2	SERVING	14.272	4.124
2026-09-28T13:42:17.980Z	spark1	SERVING	9.033	7.348
2026-09-28T13:42:22.240Z	spark2	SERVING	14.270	4.123
2026-09-28T13:42:23.104Z	spark1	SERVING	9.070	7.348
2026-09-28T13:42:27.351Z	spark2	SERVING	14.270	4.123
2026-09-28T13:42:28.228Z	spark1	SERVING	9.057	7.348
2026-09-28T13:42:32.467Z	spark2	SERVING	14.286	4.123
2026-09-28T13:42:33.354Z	spark1	SERVING	9.051	7.348
2026-09-28T13:42:37.580Z	spark2	SERVING	14.288	4.123
2026-09-28T13:42:38.485Z	spark1	SERVING	9.083	7.348
2026-09-28T13:42:42.692Z	spark2	SERVING	14.274	4.123
2026-09-28T13:42:43.619Z	spark1	SERVING	9.073	7.348
2026-09-28T13:42:47.803Z	spark2	SERVING	14.279	4.123
2026-09-28T13:42:48.746Z	spark1	SERVING	9.092	7.348
2026-09-28T13:42:52.907Z	spark2	SERVING	14.274	4.123
2026-09-28T13:42:53.870Z	spark1	SERVING	9.055	7.348
2026-09-28T13:42:58.022Z	spark2	SERVING	14.281	4.123
2026-09-28T13:42:58.997Z	spark1	SERVING	9.078	7.348
2026-09-28T13:43:03.130Z	spark2	SERVING	14.273	4.123
2026-09-28T13:43:04.131Z	spark1	SERVING	9.051	7.348
2026-09-28T13:43:08.239Z	spark2	SERVING	14.279	4.123
2026-09-28T13:43:09.272Z	spark1	SERVING	9.060	7.348
2026-09-28T13:43:13.360Z	spark2	SERVING	14.283	4.123
2026-09-28T13:43:14.399Z	spark1	SERVING	9.075	7.348
2026-09-28T13:43:18.466Z	spark2	SERVING	14.287	4.122
2026-09-28T13:43:19.534Z	spark1	SERVING	9.048	7.348
2026-09-28T13:43:23.590Z	spark2	SERVING	14.289	4.122
2026-09-28T13:43:24.664Z	spark1	SERVING	9.038	7.348
2026-09-28T13:43:28.707Z	spark2	SERVING	14.276	4.122
2026-09-28T13:43:29.793Z	spark1	SERVING	9.050	7.348
2026-09-28T13:43:33.822Z	spark2	SERVING	14.277	4.122
2026-09-28T13:43:34.919Z	spark1	SERVING	9.060	7.348
2026-09-28T13:43:38.925Z	spark2	SERVING	14.285	4.122
2026-09-28T13:43:40.049Z	spark1	SERVING	9.040	7.348
2026-09-28T13:43:44.036Z	spark2	SERVING	14.284	4.122
2026-09-28T13:43:45.173Z	spark1	SERVING	9.060	7.348
2026-09-28T13:43:49.146Z	spark2	SERVING	14.281	4.122
2026-09-28T13:43:50.310Z	spark1	SERVING	9.046	7.348
2026-09-28T13:43:54.255Z	spark2	SERVING	14.281	4.122
2026-09-28T13:43:55.440Z	spark1	SERVING	9.074	7.348
2026-09-28T13:43:59.362Z	spark2	SERVING	14.268	4.122
2026-09-28T13:44:00.550Z	spark1	SERVING	9.059	7.348
2026-09-28T13:44:04.481Z	spark2	SERVING	14.272	4.122
2026-09-28T13:44:05.683Z	spark1	SERVING	9.066	7.347
2026-09-28T13:44:09.598Z	spark2	SERVING	14.259	4.122
2026-09-28T13:44:10.813Z	spark1	SERVING	9.039	7.347
2026-09-28T13:44:14.718Z	spark2	SERVING	14.285	4.122
2026-09-28T13:44:15.936Z	spark1	SERVING	9.048	7.347
2026-09-28T13:44:19.838Z	spark2	SERVING	14.285	4.122
2026-09-28T13:44:21.061Z	spark1	SERVING	9.049	7.347
2026-09-28T13:44:24.951Z	spark2	SERVING	14.275	4.122
2026-09-28T13:44:26.197Z	spark1	SERVING	9.054	7.347
2026-09-28T13:44:30.066Z	spark2	SERVING	14.278	4.122
2026-09-28T13:44:31.335Z	spark1	SERVING	9.053	7.347
2026-09-28T13:44:35.185Z	spark2	SERVING	14.269	4.122
2026-09-28T13:44:36.463Z	spark1	SERVING	9.045	7.346
2026-09-28T13:44:40.303Z	spark2	SERVING	14.272	4.122
2026-09-28T13:44:41.584Z	spark1	SERVING	9.072	7.343
2026-09-28T13:44:45.416Z	spark2	SERVING	14.282	4.122
2026-09-28T13:44:46.714Z	spark1	SERVING	9.059	7.343
2026-09-28T13:44:50.535Z	spark2	SERVING	14.283	4.122
2026-09-28T13:44:51.842Z	spark1	SERVING	9.046	7.343
2026-09-28T13:44:55.652Z	spark2	SERVING	14.278	4.122
2026-09-28T13:44:56.974Z	spark1	SERVING	9.009	7.343
2026-09-28T13:45:00.763Z	spark2	SERVING	14.279	4.122
2026-09-28T13:45:02.104Z	spark1	SERVING	9.048	7.343
2026-09-28T13:45:05.884Z	spark2	SERVING	14.279	4.122
2026-09-28T13:45:07.232Z	spark1	SERVING	9.022	7.343
2026-09-28T13:45:11.005Z	spark2	SERVING	14.287	4.122
2026-09-28T13:45:12.360Z	spark1	SERVING	9.052	7.343
2026-09-28T13:45:16.122Z	spark2	SERVING	14.288	4.122
2026-09-28T13:45:17.493Z	spark1	SERVING	9.064	7.343
2026-09-28T13:45:21.238Z	spark2	SERVING	14.282	4.122
2026-09-28T13:45:22.622Z	spark1	SERVING	9.056	7.343
2026-09-28T13:45:26.358Z	spark2	SERVING	14.284	4.122
2026-09-28T13:45:27.746Z	spark1	SERVING	9.073	7.343
2026-09-28T13:45:31.474Z	spark2	SERVING	14.292	4.122
2026-09-28T13:45:32.869Z	spark1	SERVING	9.055	7.343
2026-09-28T13:45:36.589Z	spark2	SERVING	14.294	4.122
2026-09-28T13:45:37.995Z	spark1	SERVING	9.095	7.342
2026-09-28T13:45:41.704Z	spark2	SERVING	14.267	4.122
2026-09-28T13:45:43.126Z	spark1	SERVING	9.083	7.342
2026-09-28T13:45:46.818Z	spark2	SERVING	14.276	4.122
2026-09-28T13:45:48.256Z	spark1	SERVING	9.108	7.342
2026-09-28T13:45:51.938Z	spark2	SERVING	14.272	4.122
2026-09-28T13:45:53.382Z	spark1	SERVING	9.099	7.342
2026-09-28T13:45:57.058Z	spark2	SERVING	14.276	4.122
2026-09-28T13:45:58.505Z	spark1	SERVING	9.092	7.342
2026-09-28T13:46:02.175Z	spark2	SERVING	14.254	4.122
2026-09-28T13:46:03.642Z	spark1	SERVING	9.061	7.342
2026-09-28T13:46:07.288Z	spark2	SERVING	14.257	4.122
2026-09-28T13:46:08.774Z	spark1	SERVING	9.090	7.342
2026-09-28T13:46:12.407Z	spark2	SERVING	14.269	4.122
2026-09-28T13:46:13.896Z	spark1	SERVING	9.059	7.342
2026-09-28T13:46:17.525Z	spark2	SERVING	14.281	4.122
2026-09-28T13:46:19.028Z	spark1	SERVING	9.067	7.342
2026-09-28T13:46:22.638Z	spark2	SERVING	14.283	4.122
2026-09-28T13:46:24.154Z	spark1	SERVING	9.082	7.342
2026-09-28T13:46:27.754Z	spark2	SERVING	14.283	4.122
2026-09-28T13:46:29.273Z	spark1	SERVING	9.074	7.342
2026-09-28T13:46:32.874Z	spark2	SERVING	14.283	4.122
2026-09-28T13:46:34.400Z	spark1	SERVING	9.096	7.342
2026-09-28T13:46:37.989Z	spark2	SERVING	14.292	4.122
2026-09-28T13:46:39.526Z	spark1	SERVING	9.066	7.342
2026-09-28T13:46:43.103Z	spark2	SERVING	14.292	4.122
2026-09-28T13:46:44.659Z	spark1	SERVING	9.062	7.342
2026-09-28T13:46:48.223Z	spark2	SERVING	14.294	4.122
2026-09-28T13:46:49.774Z	spark1	SERVING	9.073	7.342
2026-09-28T13:46:53.343Z	spark2	SERVING	14.297	4.122
2026-09-28T13:46:54.903Z	spark1	SERVING	9.091	7.342
2026-09-28T13:46:58.456Z	spark2	SERVING	14.293	4.122
2026-09-28T13:47:00.025Z	spark1	SERVING	9.067	7.342
2026-09-28T13:47:03.566Z	spark2	SERVING	14.293	4.122
2026-09-28T13:47:05.162Z	spark1	SERVING	9.085	7.342
2026-09-28T13:47:08.679Z	spark2	SERVING	14.280	4.122
2026-09-28T13:47:10.288Z	spark1	SERVING	9.066	7.342
2026-09-28T13:47:13.789Z	spark2	SERVING	14.276	4.122
2026-09-28T13:47:15.411Z	spark1	SERVING	9.098	7.342
2026-09-28T13:47:18.921Z	spark2	SERVING	14.284	4.122
2026-09-28T13:47:20.533Z	spark1	SERVING	9.085	7.342
2026-09-28T13:47:24.032Z	spark2	SERVING	14.283	4.122
2026-09-28T13:47:25.661Z	spark1	SERVING	9.082	7.342
2026-09-28T13:47:29.155Z	spark2	SERVING	14.284	4.122
2026-09-28T13:47:30.792Z	spark1	SERVING	9.072	7.341
2026-09-28T13:47:34.273Z	spark2	SERVING	14.289	4.122
2026-09-28T13:47:35.931Z	spark1	SERVING	9.061	7.341
2026-09-28T13:47:39.384Z	spark2	SERVING	14.290	4.122
2026-09-28T13:47:41.057Z	spark1	SERVING	9.075	7.341
2026-09-28T13:47:44.502Z	spark2	SERVING	14.297	4.122
2026-09-28T13:47:46.183Z	spark1	SERVING	9.049	7.341
2026-09-28T13:47:49.624Z	spark2	SERVING	14.300	4.122
2026-09-28T13:47:51.313Z	spark1	SERVING	9.069	7.341
2026-09-28T13:47:54.742Z	spark2	SERVING	14.307	4.122
2026-09-28T13:47:56.448Z	spark1	SERVING	9.070	7.341
2026-09-28T13:47:59.861Z	spark2	SERVING	14.306	4.122
2026-09-28T13:48:01.576Z	spark1	SERVING	9.092	7.341
2026-09-28T13:48:04.977Z	spark2	SERVING	14.313	4.122
2026-09-28T13:48:06.699Z	spark1	SERVING	9.074	7.341
2026-09-28T13:48:10.097Z	spark2	SERVING	14.313	4.122
2026-09-28T13:48:11.829Z	spark1	SERVING	9.088	7.341
2026-09-28T13:48:15.212Z	spark2	SERVING	14.313	4.122
2026-09-28T13:48:16.958Z	spark1	SERVING	9.043	7.341
2026-09-28T13:48:20.330Z	spark2	SERVING	14.287	4.122
2026-09-28T13:48:22.086Z	spark1	SERVING	9.057	7.341
2026-09-28T13:48:25.453Z	spark2	SERVING	14.298	4.122
2026-09-28T13:48:27.222Z	spark1	SERVING	9.087	7.341
2026-09-28T13:48:30.573Z	spark2	SERVING	14.307	4.122
2026-09-28T13:48:32.352Z	spark1	SERVING	9.082	7.341
2026-09-28T13:48:35.685Z	spark2	SERVING	14.308	4.122
2026-09-28T13:48:37.473Z	spark1	SERVING	9.099	7.341
2026-09-28T13:48:40.796Z	spark2	SERVING	14.288	4.122
2026-09-28T13:48:42.607Z	spark1	SERVING	9.064	7.341
2026-09-28T13:48:45.909Z	spark2	SERVING	14.299	4.122
2026-09-28T13:48:47.733Z	spark1	SERVING	9.083	7.341
2026-09-28T13:48:51.027Z	spark2	SERVING	14.293	4.122
2026-09-28T13:48:52.861Z	spark1	SERVING	9.079	7.341
2026-09-28T13:48:56.139Z	spark2	SERVING	14.294	4.122
2026-09-28T13:48:57.994Z	spark1	SERVING	9.069	7.341
2026-09-28T13:49:01.260Z	spark2	SERVING	14.289	4.122
2026-09-28T13:49:03.130Z	spark1	SERVING	9.062	7.341
2026-09-28T13:49:06.382Z	spark2	SERVING	14.292	4.122
2026-09-28T13:49:08.254Z	spark1	SERVING	9.068	7.341
2026-09-28T13:49:11.485Z	spark2	SERVING	14.290	4.122
2026-09-28T13:49:13.396Z	spark1	SERVING	9.046	7.341
2026-09-28T13:49:16.606Z	spark2	SERVING	14.297	4.122
2026-09-28T13:49:18.539Z	spark1	SERVING	9.037	7.341
2026-09-28T13:49:21.733Z	spark2	SERVING	14.297	4.122
2026-09-28T13:49:23.672Z	spark1	SERVING	9.050	7.341
2026-09-28T13:49:26.856Z	spark2	SERVING	14.285	4.122
2026-09-28T13:49:28.817Z	spark1	SERVING	9.032	7.341
2026-09-28T13:49:31.974Z	spark2	SERVING	14.287	4.122
2026-09-28T13:49:33.952Z	spark1	SERVING	9.031	7.340
2026-09-28T13:49:37.101Z	spark2	SERVING	14.275	4.121
2026-09-28T13:49:39.095Z	spark1	SERVING	9.032	7.340
2026-09-28T13:49:42.227Z	spark2	SERVING	14.286	4.121
2026-09-28T13:49:44.220Z	spark1	SERVING	9.060	7.340
2026-09-28T13:49:47.354Z	spark2	SERVING	14.291	4.121
2026-09-28T13:49:49.346Z	spark1	SERVING	9.056	7.340
2026-09-28T13:49:52.470Z	spark2	SERVING	14.294	4.121
2026-09-28T13:49:54.483Z	spark1	SERVING	9.049	7.340
2026-09-28T13:49:57.590Z	spark2	SERVING	14.286	4.121
2026-09-28T13:49:59.620Z	spark1	SERVING	9.069	7.340
2026-09-28T13:50:02.715Z	spark2	SERVING	14.290	4.121
2026-09-28T13:50:04.751Z	spark1	SERVING	9.071	7.340
2026-09-28T13:50:07.840Z	spark2	SERVING	14.289	4.121
2026-09-28T13:50:09.879Z	spark1	SERVING	9.050	7.340
2026-09-28T13:50:12.961Z	spark2	SERVING	14.289	4.121
2026-09-28T13:50:15.021Z	spark1	SERVING	9.083	7.340
2026-09-28T13:50:18.076Z	spark2	SERVING	14.289	4.121
2026-09-28T13:50:20.158Z	spark1	SERVING	9.034	7.340
2026-09-28T13:50:23.200Z	spark2	SERVING	14.278	4.121
2026-09-28T13:50:25.297Z	spark1	SERVING	9.054	7.340
2026-09-28T13:50:28.313Z	spark2	SERVING	14.277	4.121
2026-09-28T13:50:30.437Z	spark1	SERVING	9.043	7.340
2026-09-28T13:50:33.429Z	spark2	SERVING	14.258	4.121
2026-09-28T13:50:35.559Z	spark1	SERVING	9.029	7.340
2026-09-28T13:50:38.554Z	spark2	SERVING	14.264	4.121
2026-09-28T13:50:40.676Z	spark1	SERVING	9.038	7.340
2026-09-28T13:50:43.678Z	spark2	SERVING	14.264	4.121
2026-09-28T13:50:45.810Z	spark1	SERVING	9.026	7.340
2026-09-28T13:50:48.795Z	spark2	SERVING	14.266	4.121
2026-09-28T13:50:50.952Z	spark1	SERVING	9.062	7.340
2026-09-28T13:50:53.921Z	spark2	SERVING	14.277	4.121
2026-09-28T13:50:56.088Z	spark1	SERVING	9.039	7.340
2026-09-28T13:50:59.038Z	spark2	SERVING	14.276	4.121
2026-09-28T13:51:01.219Z	spark1	SERVING	9.067	7.340
2026-09-28T13:51:04.157Z	spark2	SERVING	14.278	4.121
2026-09-28T13:51:06.358Z	spark1	SERVING	9.068	7.340
2026-09-28T13:51:09.274Z	spark2	SERVING	14.289	4.121
2026-09-28T13:51:11.491Z	spark1	SERVING	9.066	7.340
2026-09-28T13:51:14.392Z	spark2	SERVING	14.290	4.121
2026-09-28T13:51:16.620Z	spark1	SERVING	9.041	7.340
2026-09-28T13:51:19.512Z	spark2	SERVING	14.287	4.121
2026-09-28T13:51:21.734Z	spark1	SERVING	9.042	7.340
2026-09-28T13:51:24.621Z	spark2	SERVING	14.285	4.121
2026-09-28T13:51:26.852Z	spark1	SERVING	9.057	7.339
2026-09-28T13:51:29.734Z	spark2	SERVING	14.289	4.121
2026-09-28T13:51:31.985Z	spark1	SERVING	9.062	7.339
2026-09-28T13:51:34.852Z	spark2	SERVING	14.292	4.121
2026-09-28T13:51:37.123Z	spark1	SERVING	9.085	7.339
2026-09-28T13:51:39.968Z	spark2	SERVING	14.266	4.120
2026-09-28T13:51:42.259Z	spark1	SERVING	9.059	7.339
2026-09-28T13:51:45.085Z	spark2	SERVING	14.274	4.120
2026-09-28T13:51:47.393Z	spark1	SERVING	9.065	7.339
2026-09-28T13:51:50.180Z	spark2	SERVING	14.263	4.120
2026-09-28T13:51:52.483Z	spark1	SERVING	9.048	7.339
2026-09-28T13:51:55.265Z	spark2	SERVING	14.272	4.120
2026-09-28T13:51:57.567Z	spark1	SERVING	9.075	7.339
2026-09-28T13:52:00.349Z	spark2	SERVING	14.273	4.120
2026-09-28T13:52:02.648Z	spark1	SERVING	9.046	7.339
2026-09-28T13:52:05.429Z	spark2	SERVING	14.282	4.120
2026-09-28T13:52:07.720Z	spark1	SERVING	9.044	7.339
2026-09-28T13:52:10.510Z	spark2	SERVING	14.281	4.120
2026-09-28T13:52:12.794Z	spark1	SERVING	9.069	7.339
2026-09-28T13:52:15.591Z	spark2	SERVING	14.290	4.120
2026-09-28T13:52:17.874Z	spark1	SERVING	9.081	7.338
2026-09-28T13:52:20.673Z	spark2	SERVING	14.291	4.120
2026-09-28T13:52:22.955Z	spark1	SERVING	9.020	7.337
2026-09-28T13:52:25.749Z	spark2	SERVING	14.288	4.120
