ts	node	phase	memavail_gib	swap_used_gib
2026-09-28T07:19:51.410Z	spark1	LOAD	116.475	3.954
2026-09-28T07:19:51.578Z	spark2	LOAD	117.331	1.692
2026-09-28T07:19:51.677Z	spark1	LOAD	116.469	3.954
2026-09-28T07:19:51.843Z	spark2	LOAD	117.331	1.692
2026-09-28T07:19:51.927Z	spark1	LOAD	116.468	3.954
2026-09-28T07:19:52.094Z	spark2	LOAD	117.324	1.692
2026-09-28T07:19:52.179Z	spark1	LOAD	116.467	3.954
2026-09-28T07:19:52.344Z	spark2	LOAD	117.323	1.692
2026-09-28T07:19:52.429Z	spark1	LOAD	116.467	3.954
2026-09-28T07:19:52.594Z	spark2	LOAD	117.322	1.692
2026-09-28T07:19:52.691Z	spark1	LOAD	116.467	3.954
2026-09-28T07:19:52.855Z	spark2	LOAD	117.319	1.692
2026-09-28T07:19:52.942Z	spark1	LOAD	116.460	3.954
2026-09-28T07:19:53.105Z	spark2	LOAD	117.304	1.692
2026-09-28T07:19:53.192Z	spark1	LOAD	116.460	3.954
2026-09-28T07:19:53.355Z	spark2	LOAD	117.319	1.692
2026-09-28T07:19:53.442Z	spark1	LOAD	116.454	3.954
2026-09-28T07:19:53.605Z	spark2	LOAD	117.216	1.692
2026-09-28T07:19:53.707Z	spark1	LOAD	116.474	3.954
2026-09-28T07:19:53.868Z	spark2	LOAD	117.197	1.692
2026-09-28T07:19:53.957Z	spark1	LOAD	116.476	3.954
2026-09-28T07:19:54.117Z	spark2	LOAD	117.123	1.692
2026-09-28T07:19:54.209Z	spark1	LOAD	116.478	3.954
2026-09-28T07:19:54.368Z	spark2	LOAD	117.097	1.692
2026-09-28T07:19:54.458Z	spark1	LOAD	116.478	3.954
2026-09-28T07:19:54.619Z	spark2	LOAD	117.061	1.692
2026-09-28T07:19:54.725Z	spark1	LOAD	116.449	3.954
2026-09-28T07:19:54.879Z	spark2	LOAD	117.025	1.692
2026-09-28T07:19:54.975Z	spark1	LOAD	116.432	3.954
2026-09-28T07:19:55.130Z	spark2	LOAD	116.990	1.692
2026-09-28T07:19:55.226Z	spark1	LOAD	116.407	3.954
2026-09-28T07:19:55.380Z	spark2	LOAD	116.990	1.692
2026-09-28T07:19:55.476Z	spark1	LOAD	116.392	3.954
2026-09-28T07:19:55.630Z	spark2	LOAD	116.987	1.692
2026-09-28T07:19:55.738Z	spark1	LOAD	116.373	3.954
2026-09-28T07:19:55.892Z	spark2	LOAD	116.967	1.692
2026-09-28T07:19:55.989Z	spark1	LOAD	116.375	3.954
2026-09-28T07:19:56.144Z	spark2	LOAD	116.971	1.692
2026-09-28T07:19:56.239Z	spark1	LOAD	116.376	3.954
2026-09-28T07:19:56.394Z	spark2	LOAD	116.968	1.692
2026-09-28T07:19:56.489Z	spark1	LOAD	116.384	3.954
2026-09-28T07:19:56.645Z	spark2	LOAD	116.952	1.692
2026-09-28T07:19:56.752Z	spark1	LOAD	116.384	3.954
2026-09-28T07:19:56.908Z	spark2	LOAD	116.945	1.692
2026-09-28T07:19:57.002Z	spark1	LOAD	116.384	3.954
2026-09-28T07:19:57.159Z	spark2	LOAD	116.940	1.692
2026-09-28T07:19:57.253Z	spark1	LOAD	116.482	3.954
2026-09-28T07:19:57.409Z	spark2	LOAD	116.932	1.692
2026-09-28T07:19:57.503Z	spark1	LOAD	116.476	3.954
2026-09-28T07:19:57.659Z	spark2	LOAD	116.907	1.692
2026-09-28T07:19:57.771Z	spark1	LOAD	116.482	3.954
2026-09-28T07:19:57.922Z	spark2	LOAD	116.901	1.692
2026-09-28T07:19:58.022Z	spark1	LOAD	116.482	3.954
2026-09-28T07:19:58.173Z	spark2	LOAD	116.903	1.692
2026-09-28T07:19:58.273Z	spark1	LOAD	116.487	3.954
2026-09-28T07:19:58.423Z	spark2	LOAD	116.890	1.692
2026-09-28T07:19:58.524Z	spark1	LOAD	116.486	3.954
2026-09-28T07:19:58.675Z	spark2	LOAD	116.892	1.692
2026-09-28T07:19:58.791Z	spark1	LOAD	116.485	3.954
2026-09-28T07:19:58.939Z	spark2	LOAD	116.891	1.692
2026-09-28T07:19:59.042Z	spark1	LOAD	116.485	3.954
2026-09-28T07:19:59.189Z	spark2	LOAD	116.876	1.692
2026-09-28T07:19:59.292Z	spark1	LOAD	116.472	3.954
2026-09-28T07:19:59.441Z	spark2	LOAD	116.875	1.692
2026-09-28T07:19:59.543Z	spark1	LOAD	116.467	3.954
2026-09-28T07:19:59.691Z	spark2	LOAD	116.852	1.692
2026-09-28T07:19:59.810Z	spark1	LOAD	116.470	3.954
2026-09-28T07:19:59.951Z	spark2	LOAD	116.834	1.692
2026-09-28T07:20:00.061Z	spark1	LOAD	116.469	3.954
2026-09-28T07:20:00.201Z	spark2	LOAD	116.834	1.692
2026-09-28T07:20:00.312Z	spark1	LOAD	116.460	3.954
2026-09-28T07:20:00.453Z	spark2	LOAD	116.828	1.692
2026-09-28T07:20:00.563Z	spark1	LOAD	116.460	3.954
2026-09-28T07:20:00.703Z	spark2	LOAD	116.824	1.692
2026-09-28T07:20:00.831Z	spark1	LOAD	116.460	3.954
2026-09-28T07:20:00.965Z	spark2	LOAD	116.822	1.692
2026-09-28T07:20:01.082Z	spark1	LOAD	116.460	3.954
2026-09-28T07:20:01.215Z	spark2	LOAD	116.819	1.692
2026-09-28T07:20:01.333Z	spark1	LOAD	116.460	3.954
2026-09-28T07:20:01.465Z	spark2	LOAD	116.819	1.692
2026-09-28T07:20:01.584Z	spark1	LOAD	116.459	3.954
2026-09-28T07:20:01.717Z	spark2	LOAD	116.805	1.692
2026-09-28T07:20:01.850Z	spark1	LOAD	116.460	3.954
2026-09-28T07:20:01.978Z	spark2	LOAD	116.806	1.692
2026-09-28T07:20:02.101Z	spark1	LOAD	116.465	3.954
2026-09-28T07:20:02.229Z	spark2	LOAD	116.804	1.692
2026-09-28T07:20:02.352Z	spark1	LOAD	116.466	3.954
2026-09-28T07:20:02.479Z	spark2	LOAD	116.795	1.692
2026-09-28T07:20:02.603Z	spark1	LOAD	116.466	3.954
2026-09-28T07:20:02.729Z	spark2	LOAD	116.797	1.692
2026-09-28T07:20:02.867Z	spark1	LOAD	116.466	3.954
2026-09-28T07:20:02.995Z	spark2	LOAD	116.794	1.692
2026-09-28T07:20:03.117Z	spark1	LOAD	116.466	3.954
2026-09-28T07:20:03.245Z	spark2	LOAD	116.791	1.692
2026-09-28T07:20:03.368Z	spark1	LOAD	116.466	3.954
2026-09-28T07:20:03.495Z	spark2	LOAD	116.789	1.692
2026-09-28T07:20:03.618Z	spark1	LOAD	116.466	3.954
2026-09-28T07:20:03.746Z	spark2	LOAD	116.780	1.692
2026-09-28T07:20:03.881Z	spark1	LOAD	116.449	3.954
2026-09-28T07:20:04.008Z	spark2	LOAD	116.776	1.692
2026-09-28T07:20:04.132Z	spark1	LOAD	116.461	3.954
2026-09-28T07:20:04.258Z	spark2	LOAD	116.763	1.692
2026-09-28T07:20:04.383Z	spark1	LOAD	116.461	3.954
2026-09-28T07:20:04.509Z	spark2	LOAD	116.761	1.692
2026-09-28T07:20:04.633Z	spark1	LOAD	116.461	3.954
2026-09-28T07:20:04.760Z	spark2	LOAD	116.756	1.692
2026-09-28T07:20:04.900Z	spark1	LOAD	116.461	3.954
2026-09-28T07:20:05.021Z	spark2	LOAD	116.754	1.692
2026-09-28T07:20:05.151Z	spark1	LOAD	116.461	3.954
2026-09-28T07:20:05.271Z	spark2	LOAD	116.747	1.692
2026-09-28T07:20:05.401Z	spark1	LOAD	116.461	3.954
2026-09-28T07:20:05.521Z	spark2	LOAD	116.740	1.692
2026-09-28T07:20:05.652Z	spark1	LOAD	116.458	3.954
2026-09-28T07:20:05.774Z	spark2	LOAD	116.730	1.692
2026-09-28T07:20:05.913Z	spark1	LOAD	116.458	3.954
2026-09-28T07:20:06.031Z	spark2	LOAD	116.723	1.692
2026-09-28T07:20:06.164Z	spark1	LOAD	116.434	3.954
2026-09-28T07:20:06.282Z	spark2	LOAD	116.724	1.692
2026-09-28T07:20:06.414Z	spark1	LOAD	116.406	3.954
2026-09-28T07:20:06.532Z	spark2	LOAD	116.724	1.692
2026-09-28T07:20:06.664Z	spark1	LOAD	116.405	3.954
2026-09-28T07:20:06.783Z	spark2	LOAD	116.713	1.692
2026-09-28T07:20:06.930Z	spark1	LOAD	116.403	3.954
2026-09-28T07:20:07.048Z	spark2	LOAD	116.698	1.692
2026-09-28T07:20:07.181Z	spark1	LOAD	116.404	3.954
2026-09-28T07:20:07.300Z	spark2	LOAD	116.692	1.692
2026-09-28T07:20:07.431Z	spark1	LOAD	116.404	3.954
2026-09-28T07:20:07.550Z	spark2	LOAD	116.689	1.692
2026-09-28T07:20:07.683Z	spark1	LOAD	116.399	3.954
2026-09-28T07:20:07.801Z	spark2	LOAD	116.685	1.692
2026-09-28T07:20:07.949Z	spark1	LOAD	116.399	3.954
2026-09-28T07:20:08.060Z	spark2	LOAD	116.685	1.692
2026-09-28T07:20:08.201Z	spark1	LOAD	116.400	3.954
2026-09-28T07:20:08.311Z	spark2	LOAD	116.673	1.692
2026-09-28T07:20:08.450Z	spark1	LOAD	116.400	3.954
2026-09-28T07:20:08.561Z	spark2	LOAD	116.664	1.692
2026-09-28T07:20:08.701Z	spark1	LOAD	116.400	3.954
2026-09-28T07:20:08.811Z	spark2	LOAD	116.667	1.692
2026-09-28T07:20:08.968Z	spark1	LOAD	116.420	3.954
2026-09-28T07:20:09.076Z	spark2	LOAD	116.664	1.692
2026-09-28T07:20:09.218Z	spark1	LOAD	116.381	3.954
2026-09-28T07:20:09.326Z	spark2	LOAD	116.664	1.692
2026-09-28T07:20:09.469Z	spark1	LOAD	116.355	3.954
2026-09-28T07:20:09.577Z	spark2	LOAD	116.645	1.692
2026-09-28T07:20:09.719Z	spark1	LOAD	116.346	3.954
2026-09-28T07:20:09.827Z	spark2	LOAD	116.622	1.692
2026-09-28T07:20:09.981Z	spark1	LOAD	116.342	3.954
2026-09-28T07:20:10.087Z	spark2	LOAD	116.602	1.692
2026-09-28T07:20:10.232Z	spark1	LOAD	116.347	3.954
2026-09-28T07:20:10.337Z	spark2	LOAD	116.598	1.692
2026-09-28T07:20:10.482Z	spark1	LOAD	116.340	3.954
2026-09-28T07:20:10.587Z	spark2	LOAD	116.563	1.692
2026-09-28T07:20:10.732Z	spark1	LOAD	116.318	3.954
2026-09-28T07:20:10.839Z	spark2	LOAD	116.501	1.692
2026-09-28T07:20:10.999Z	spark1	LOAD	116.313	3.954
2026-09-28T07:20:11.098Z	spark2	LOAD	116.502	1.692
2026-09-28T07:20:11.249Z	spark1	LOAD	116.316	3.954
2026-09-28T07:20:11.349Z	spark2	LOAD	116.504	1.692
2026-09-28T07:20:11.500Z	spark1	LOAD	116.300	3.954
2026-09-28T07:20:11.599Z	spark2	LOAD	116.506	1.692
2026-09-28T07:20:11.750Z	spark1	LOAD	116.282	3.954
2026-09-28T07:20:11.849Z	spark2	LOAD	116.508	1.692
2026-09-28T07:20:12.016Z	spark1	LOAD	116.285	3.954
2026-09-28T07:20:12.114Z	spark2	LOAD	116.505	1.692
2026-09-28T07:20:12.267Z	spark1	LOAD	116.301	3.954
2026-09-28T07:20:12.365Z	spark2	LOAD	116.501	1.692
2026-09-28T07:20:12.517Z	spark1	LOAD	116.301	3.954
2026-09-28T07:20:12.616Z	spark2	LOAD	116.496	1.692
2026-09-28T07:20:12.768Z	spark1	LOAD	116.301	3.954
2026-09-28T07:20:12.866Z	spark2	LOAD	116.497	1.692
2026-09-28T07:20:13.034Z	spark1	LOAD	116.323	3.954
2026-09-28T07:20:13.127Z	spark2	LOAD	116.154	1.692
2026-09-28T07:20:13.284Z	spark1	LOAD	116.326	3.954
2026-09-28T07:20:13.377Z	spark2	LOAD	115.934	1.692
2026-09-28T07:20:13.534Z	spark1	LOAD	116.327	3.954
2026-09-28T07:20:13.628Z	spark2	LOAD	115.655	1.692
2026-09-28T07:20:13.784Z	spark1	LOAD	116.322	3.954
2026-09-28T07:20:13.878Z	spark2	LOAD	115.583	1.692
2026-09-28T07:20:14.046Z	spark1	LOAD	116.323	3.954
2026-09-28T07:20:14.143Z	spark2	LOAD	115.560	1.692
2026-09-28T07:20:14.296Z	spark1	LOAD	116.337	3.954
2026-09-28T07:20:14.394Z	spark2	LOAD	115.560	1.692
2026-09-28T07:20:14.546Z	spark1	LOAD	116.335	3.954
2026-09-28T07:20:14.644Z	spark2	LOAD	116.115	1.692
2026-09-28T07:20:14.797Z	spark1	LOAD	116.334	3.954
2026-09-28T07:20:14.894Z	spark2	LOAD	116.153	1.692
2026-09-28T07:20:15.059Z	spark1	LOAD	116.336	3.954
2026-09-28T07:20:15.156Z	spark2	LOAD	116.149	1.692
2026-09-28T07:20:15.309Z	spark1	LOAD	116.335	3.954
2026-09-28T07:20:15.408Z	spark2	LOAD	115.941	1.692
2026-09-28T07:20:15.559Z	spark1	LOAD	116.336	3.954
2026-09-28T07:20:15.658Z	spark2	LOAD	115.897	1.692
2026-09-28T07:20:15.810Z	spark1	LOAD	116.329	3.954
2026-09-28T07:20:15.908Z	spark2	LOAD	115.852	1.692
2026-09-28T07:20:16.071Z	spark1	LOAD	116.333	3.954
2026-09-28T07:20:16.173Z	spark2	LOAD	115.806	1.692
2026-09-28T07:20:16.322Z	spark1	LOAD	116.328	3.954
2026-09-28T07:20:16.424Z	spark2	LOAD	115.777	1.692
2026-09-28T07:20:16.572Z	spark1	LOAD	116.343	3.954
2026-09-28T07:20:16.674Z	spark2	LOAD	115.748	1.692
2026-09-28T07:20:16.823Z	spark1	LOAD	116.338	3.954
2026-09-28T07:20:16.925Z	spark2	LOAD	115.728	1.692
2026-09-28T07:20:17.086Z	spark1	LOAD	116.340	3.954
2026-09-28T07:20:17.190Z	spark2	LOAD	115.719	1.692
2026-09-28T07:20:17.337Z	spark1	LOAD	116.327	3.954
2026-09-28T07:20:17.441Z	spark2	LOAD	115.717	1.692
2026-09-28T07:20:17.587Z	spark1	LOAD	116.341	3.954
2026-09-28T07:20:17.691Z	spark2	LOAD	115.712	1.692
2026-09-28T07:20:17.837Z	spark1	LOAD	116.354	3.954
2026-09-28T07:20:17.941Z	spark2	LOAD	115.672	1.692
2026-09-28T07:20:18.105Z	spark1	LOAD	116.358	3.954
2026-09-28T07:20:18.203Z	spark2	LOAD	115.654	1.692
2026-09-28T07:20:18.356Z	spark1	LOAD	116.354	3.954
2026-09-28T07:20:18.455Z	spark2	LOAD	115.622	1.692
2026-09-28T07:20:18.606Z	spark1	LOAD	116.350	3.953
2026-09-28T07:20:18.704Z	spark2	LOAD	115.605	1.692
2026-09-28T07:20:18.856Z	spark1	LOAD	116.352	3.953
2026-09-28T07:20:18.955Z	spark2	LOAD	115.599	1.692
2026-09-28T07:20:19.123Z	spark1	LOAD	116.360	3.953
2026-09-28T07:20:19.221Z	spark2	LOAD	115.599	1.692
2026-09-28T07:20:19.373Z	spark1	LOAD	116.273	3.953
2026-09-28T07:20:19.471Z	spark2	LOAD	115.565	1.692
2026-09-28T07:20:19.624Z	spark1	LOAD	116.246	3.953
2026-09-28T07:20:19.722Z	spark2	LOAD	115.521	1.692
2026-09-28T07:20:19.874Z	spark1	LOAD	116.194	3.953
2026-09-28T07:20:19.972Z	spark2	LOAD	115.148	1.692
2026-09-28T07:20:20.136Z	spark1	LOAD	116.188	3.953
2026-09-28T07:20:20.239Z	spark2	LOAD	115.026	1.692
2026-09-28T07:20:20.386Z	spark1	LOAD	116.134	3.953
2026-09-28T07:20:20.490Z	spark2	LOAD	114.922	1.692
2026-09-28T07:20:20.636Z	spark1	LOAD	116.119	3.953
2026-09-28T07:20:20.740Z	spark2	LOAD	115.188	1.692
2026-09-28T07:20:20.886Z	spark1	LOAD	116.073	3.953
2026-09-28T07:20:20.991Z	spark2	LOAD	115.280	1.692
2026-09-28T07:20:21.152Z	spark1	LOAD	116.048	3.953
2026-09-28T07:20:21.256Z	spark2	LOAD	115.188	1.692
2026-09-28T07:20:21.403Z	spark1	LOAD	116.044	3.953
2026-09-28T07:20:21.507Z	spark2	LOAD	115.157	1.692
2026-09-28T07:20:21.653Z	spark1	LOAD	116.044	3.953
2026-09-28T07:20:21.757Z	spark2	LOAD	115.156	1.692
2026-09-28T07:20:21.904Z	spark1	LOAD	116.025	3.953
2026-09-28T07:20:22.008Z	spark2	LOAD	115.138	1.692
2026-09-28T07:20:22.170Z	spark1	LOAD	116.029	3.953
2026-09-28T07:20:22.268Z	spark2	LOAD	115.147	1.692
2026-09-28T07:20:22.420Z	spark1	LOAD	116.004	3.953
2026-09-28T07:20:22.519Z	spark2	LOAD	115.147	1.692
2026-09-28T07:20:22.670Z	spark1	LOAD	115.992	3.953
2026-09-28T07:20:22.770Z	spark2	LOAD	115.147	1.692
2026-09-28T07:20:22.921Z	spark1	LOAD	115.979	3.953
2026-09-28T07:20:23.021Z	spark2	LOAD	115.147	1.692
2026-09-28T07:20:23.184Z	spark1	LOAD	115.981	3.953
2026-09-28T07:20:23.286Z	spark2	LOAD	115.147	1.692
2026-09-28T07:20:23.434Z	spark1	LOAD	115.966	3.953
2026-09-28T07:20:23.537Z	spark2	LOAD	115.147	1.692
2026-09-28T07:20:23.684Z	spark1	LOAD	115.944	3.953
2026-09-28T07:20:23.788Z	spark2	LOAD	115.150	1.692
2026-09-28T07:20:23.935Z	spark1	LOAD	115.937	3.953
2026-09-28T07:20:24.039Z	spark2	LOAD	115.150	1.692
2026-09-28T07:20:24.204Z	spark1	LOAD	115.938	3.953
2026-09-28T07:20:24.305Z	spark2	LOAD	115.150	1.692
2026-09-28T07:20:24.454Z	spark1	LOAD	115.901	3.953
2026-09-28T07:20:24.556Z	spark2	LOAD	115.150	1.692
2026-09-28T07:20:24.705Z	spark1	LOAD	115.896	3.953
2026-09-28T07:20:24.807Z	spark2	LOAD	115.150	1.692
2026-09-28T07:20:24.955Z	spark1	LOAD	115.894	3.953
2026-09-28T07:20:25.058Z	spark2	LOAD	115.151	1.692
2026-09-28T07:20:25.224Z	spark1	LOAD	115.879	3.953
2026-09-28T07:20:25.323Z	spark2	LOAD	115.151	1.692
2026-09-28T07:20:25.474Z	spark1	LOAD	115.858	3.953
2026-09-28T07:20:25.574Z	spark2	LOAD	115.151	1.692
2026-09-28T07:20:25.725Z	spark1	LOAD	115.860	3.953
2026-09-28T07:20:25.825Z	spark2	LOAD	115.151	1.692
2026-09-28T07:20:25.975Z	spark1	LOAD	115.860	3.953
2026-09-28T07:20:26.076Z	spark2	LOAD	115.152	1.692
2026-09-28T07:20:26.237Z	spark1	LOAD	115.850	3.953
2026-09-28T07:20:26.342Z	spark2	LOAD	115.152	1.692
2026-09-28T07:20:26.487Z	spark1	LOAD	115.849	3.953
2026-09-28T07:20:26.592Z	spark2	LOAD	115.152	1.692
2026-09-28T07:20:26.737Z	spark1	LOAD	115.871	3.953
2026-09-28T07:20:26.843Z	spark2	LOAD	115.152	1.692
2026-09-28T07:20:26.988Z	spark1	LOAD	115.877	3.953
2026-09-28T07:20:27.094Z	spark2	LOAD	115.153	1.692
2026-09-28T07:20:27.254Z	spark1	LOAD	115.879	3.953
2026-09-28T07:20:27.359Z	spark2	LOAD	115.153	1.692
2026-09-28T07:20:27.505Z	spark1	LOAD	115.879	3.953
2026-09-28T07:20:27.611Z	spark2	LOAD	115.153	1.692
2026-09-28T07:20:27.755Z	spark1	LOAD	115.878	3.953
2026-09-28T07:20:27.862Z	spark2	LOAD	115.153	1.692
2026-09-28T07:20:28.005Z	spark1	LOAD	115.881	3.953
2026-09-28T07:20:28.113Z	spark2	LOAD	115.153	1.692
2026-09-28T07:20:28.268Z	spark1	LOAD	115.865	3.953
2026-09-28T07:20:28.373Z	spark2	LOAD	115.153	1.692
2026-09-28T07:20:28.518Z	spark1	LOAD	115.861	3.953
2026-09-28T07:20:28.624Z	spark2	LOAD	115.153	1.692
2026-09-28T07:20:28.768Z	spark1	LOAD	115.857	3.953
2026-09-28T07:20:28.875Z	spark2	LOAD	115.153	1.692
2026-09-28T07:20:29.018Z	spark1	LOAD	115.859	3.953
2026-09-28T07:20:29.126Z	spark2	LOAD	115.153	1.692
2026-09-28T07:20:29.286Z	spark1	LOAD	115.852	3.953
2026-09-28T07:20:29.387Z	spark2	LOAD	115.152	1.692
2026-09-28T07:20:29.537Z	spark1	LOAD	115.854	3.953
2026-09-28T07:20:29.637Z	spark2	LOAD	115.152	1.692
2026-09-28T07:20:29.787Z	spark1	LOAD	115.847	3.953
2026-09-28T07:20:29.888Z	spark2	LOAD	115.153	1.692
2026-09-28T07:20:30.038Z	spark1	LOAD	115.835	3.953
2026-09-28T07:20:30.139Z	spark2	LOAD	115.153	1.692
2026-09-28T07:20:30.300Z	spark1	LOAD	115.802	3.953
2026-09-28T07:20:30.400Z	spark2	LOAD	115.153	1.692
2026-09-28T07:20:30.551Z	spark1	LOAD	115.783	3.953
2026-09-28T07:20:30.651Z	spark2	LOAD	115.153	1.692
2026-09-28T07:20:30.801Z	spark1	LOAD	115.780	3.953
2026-09-28T07:20:30.901Z	spark2	LOAD	115.153	1.692
2026-09-28T07:20:31.052Z	spark1	LOAD	115.780	3.953
2026-09-28T07:20:31.152Z	spark2	LOAD	115.153	1.692
2026-09-28T07:20:31.313Z	spark1	LOAD	115.776	3.953
2026-09-28T07:20:31.418Z	spark2	LOAD	115.152	1.692
2026-09-28T07:20:31.563Z	spark1	LOAD	115.785	3.953
2026-09-28T07:20:31.670Z	spark2	LOAD	115.152	1.692
2026-09-28T07:20:31.814Z	spark1	LOAD	115.782	3.953
2026-09-28T07:20:31.920Z	spark2	LOAD	115.152	1.692
2026-09-28T07:20:32.064Z	spark1	LOAD	115.782	3.953
2026-09-28T07:20:32.170Z	spark2	LOAD	115.152	1.692
2026-09-28T07:20:32.325Z	spark1	LOAD	115.732	3.953
2026-09-28T07:20:32.432Z	spark2	LOAD	115.152	1.692
2026-09-28T07:20:32.575Z	spark1	LOAD	115.728	3.953
2026-09-28T07:20:32.683Z	spark2	LOAD	115.152	1.692
2026-09-28T07:20:32.826Z	spark1	LOAD	115.696	3.953
2026-09-28T07:20:32.933Z	spark2	LOAD	115.152	1.692
2026-09-28T07:20:33.076Z	spark1	LOAD	115.716	3.953
2026-09-28T07:20:33.183Z	spark2	LOAD	115.122	1.692
2026-09-28T07:20:33.340Z	spark1	LOAD	115.713	3.953
2026-09-28T07:20:33.444Z	spark2	LOAD	115.123	1.692
2026-09-28T07:20:33.590Z	spark1	LOAD	115.686	3.953
2026-09-28T07:20:33.694Z	spark2	LOAD	115.123	1.692
2026-09-28T07:20:33.841Z	spark1	LOAD	115.702	3.953
2026-09-28T07:20:33.945Z	spark2	LOAD	115.123	1.692
2026-09-28T07:20:34.091Z	spark1	LOAD	115.695	3.953
2026-09-28T07:20:34.196Z	spark2	LOAD	115.123	1.692
2026-09-28T07:20:34.360Z	spark1	LOAD	115.690	3.953
2026-09-28T07:20:34.462Z	spark2	LOAD	115.123	1.692
2026-09-28T07:20:34.611Z	spark1	LOAD	115.676	3.953
2026-09-28T07:20:34.713Z	spark2	LOAD	115.123	1.692
2026-09-28T07:20:34.861Z	spark1	LOAD	115.667	3.953
2026-09-28T07:20:34.964Z	spark2	LOAD	115.122	1.692
2026-09-28T07:20:35.111Z	spark1	LOAD	115.661	3.953
2026-09-28T07:20:35.215Z	spark2	LOAD	115.122	1.692
2026-09-28T07:20:35.374Z	spark1	LOAD	115.663	3.953
2026-09-28T07:20:35.476Z	spark2	LOAD	115.122	1.692
2026-09-28T07:20:35.624Z	spark1	LOAD	115.666	3.953
2026-09-28T07:20:35.726Z	spark2	LOAD	115.122	1.692
2026-09-28T07:20:35.874Z	spark1	LOAD	115.666	3.953
2026-09-28T07:20:35.978Z	spark2	LOAD	115.122	1.692
2026-09-28T07:20:36.124Z	spark1	LOAD	115.642	3.953
2026-09-28T07:20:36.229Z	spark2	LOAD	115.122	1.692
2026-09-28T07:20:36.392Z	spark1	LOAD	115.629	3.953
2026-09-28T07:20:36.495Z	spark2	LOAD	115.122	1.692
2026-09-28T07:20:36.642Z	spark1	LOAD	115.613	3.953
2026-09-28T07:20:36.745Z	spark2	LOAD	115.122	1.692
2026-09-28T07:20:36.892Z	spark1	LOAD	115.609	3.953
2026-09-28T07:20:36.996Z	spark2	LOAD	115.123	1.692
2026-09-28T07:20:37.143Z	spark1	LOAD	115.576	3.953
2026-09-28T07:20:37.248Z	spark2	LOAD	115.123	1.692
2026-09-28T07:20:37.405Z	spark1	LOAD	115.542	3.953
2026-09-28T07:20:37.514Z	spark2	LOAD	115.123	1.692
2026-09-28T07:20:37.656Z	spark1	LOAD	115.544	3.953
2026-09-28T07:20:37.764Z	spark2	LOAD	115.123	1.692
2026-09-28T07:20:37.906Z	spark1	LOAD	115.551	3.953
2026-09-28T07:20:38.016Z	spark2	LOAD	115.124	1.692
2026-09-28T07:20:38.156Z	spark1	LOAD	115.553	3.953
2026-09-28T07:20:38.267Z	spark2	LOAD	115.124	1.692
2026-09-28T07:20:38.419Z	spark1	LOAD	115.541	3.953
2026-09-28T07:20:38.532Z	spark2	LOAD	115.124	1.692
2026-09-28T07:20:38.669Z	spark1	LOAD	115.543	3.953
2026-09-28T07:20:38.783Z	spark2	LOAD	115.124	1.692
2026-09-28T07:20:38.919Z	spark1	LOAD	115.554	3.953
2026-09-28T07:20:39.034Z	spark2	LOAD	115.124	1.691
2026-09-28T07:20:39.170Z	spark1	LOAD	115.561	3.953
2026-09-28T07:20:39.285Z	spark2	LOAD	115.122	1.691
2026-09-28T07:20:39.436Z	spark1	LOAD	115.134	3.953
2026-09-28T07:20:39.551Z	spark2	LOAD	115.122	1.691
2026-09-28T07:20:39.687Z	spark1	LOAD	114.917	3.953
2026-09-28T07:20:39.802Z	spark2	LOAD	115.122	1.691
2026-09-28T07:20:39.937Z	spark1	LOAD	114.673	3.953
2026-09-28T07:20:40.052Z	spark2	LOAD	115.122	1.691
2026-09-28T07:20:40.188Z	spark1	LOAD	114.645	3.953
2026-09-28T07:20:40.304Z	spark2	LOAD	115.122	1.691
2026-09-28T07:20:40.450Z	spark1	LOAD	114.613	3.953
2026-09-28T07:20:40.569Z	spark2	LOAD	115.122	1.691
2026-09-28T07:20:40.700Z	spark1	LOAD	114.609	3.953
2026-09-28T07:20:40.820Z	spark2	LOAD	115.122	1.691
2026-09-28T07:20:40.951Z	spark1	LOAD	114.944	3.953
2026-09-28T07:20:41.071Z	spark2	LOAD	115.124	1.691
2026-09-28T07:20:41.201Z	spark1	LOAD	114.949	3.953
2026-09-28T07:20:41.322Z	spark2	LOAD	115.124	1.691
2026-09-28T07:20:41.464Z	spark1	LOAD	114.924	3.953
2026-09-28T07:20:41.588Z	spark2	LOAD	115.124	1.691
2026-09-28T07:20:41.714Z	spark1	LOAD	114.924	3.953
2026-09-28T07:20:41.839Z	spark2	LOAD	115.124	1.691
2026-09-28T07:20:41.964Z	spark1	LOAD	114.894	3.953
2026-09-28T07:20:42.090Z	spark2	LOAD	115.126	1.691
2026-09-28T07:20:42.215Z	spark1	LOAD	114.880	3.953
2026-09-28T07:20:42.341Z	spark2	LOAD	115.126	1.691
2026-09-28T07:20:42.482Z	spark1	LOAD	114.871	3.953
2026-09-28T07:20:42.606Z	spark2	LOAD	115.126	1.691
2026-09-28T07:20:42.732Z	spark1	LOAD	114.861	3.953
2026-09-28T07:20:42.857Z	spark2	LOAD	115.126	1.691
2026-09-28T07:20:42.982Z	spark1	LOAD	114.707	3.953
2026-09-28T07:20:43.109Z	spark2	LOAD	115.128	1.691
2026-09-28T07:20:43.233Z	spark1	LOAD	114.721	3.953
2026-09-28T07:20:43.359Z	spark2	LOAD	115.128	1.691
2026-09-28T07:20:43.499Z	spark1	LOAD	114.715	3.953
2026-09-28T07:20:43.624Z	spark2	LOAD	115.128	1.691
2026-09-28T07:20:43.749Z	spark1	LOAD	114.701	3.953
2026-09-28T07:20:43.874Z	spark2	LOAD	115.126	1.691
2026-09-28T07:20:44.000Z	spark1	LOAD	114.680	3.953
2026-09-28T07:20:44.125Z	spark2	LOAD	115.131	1.691
2026-09-28T07:20:44.250Z	spark1	LOAD	114.670	3.953
2026-09-28T07:20:44.376Z	spark2	LOAD	115.130	1.691
2026-09-28T07:20:44.513Z	spark1	LOAD	114.668	3.953
2026-09-28T07:20:44.642Z	spark2	LOAD	115.130	1.691
2026-09-28T07:20:44.763Z	spark1	LOAD	114.624	3.953
2026-09-28T07:20:44.893Z	spark2	LOAD	115.138	1.691
2026-09-28T07:20:45.013Z	spark1	LOAD	114.595	3.953
2026-09-28T07:20:45.144Z	spark2	LOAD	115.138	1.691
2026-09-28T07:20:45.264Z	spark1	LOAD	114.512	3.953
2026-09-28T07:20:45.395Z	spark2	LOAD	115.140	1.691
2026-09-28T07:20:45.530Z	spark1	LOAD	114.500	3.953
2026-09-28T07:20:45.660Z	spark2	LOAD	115.140	1.691
2026-09-28T07:20:45.781Z	spark1	LOAD	114.471	3.953
2026-09-28T07:20:45.912Z	spark2	LOAD	115.140	1.691
2026-09-28T07:20:46.031Z	spark1	LOAD	114.457	3.953
2026-09-28T07:20:46.163Z	spark2	LOAD	115.146	1.691
2026-09-28T07:20:46.282Z	spark1	LOAD	114.435	3.953
2026-09-28T07:20:46.414Z	spark2	LOAD	115.146	1.691
2026-09-28T07:20:46.548Z	spark1	LOAD	114.443	3.953
2026-09-28T07:20:46.679Z	spark2	LOAD	115.148	1.691
2026-09-28T07:20:46.798Z	spark1	LOAD	114.442	3.953
2026-09-28T07:20:46.930Z	spark2	LOAD	115.149	1.691
2026-09-28T07:20:47.049Z	spark1	LOAD	114.397	3.953
2026-09-28T07:20:47.181Z	spark2	LOAD	115.149	1.691
2026-09-28T07:20:47.299Z	spark1	LOAD	114.372	3.953
2026-09-28T07:20:47.432Z	spark2	LOAD	115.150	1.691
2026-09-28T07:20:47.569Z	spark1	LOAD	114.343	3.953
2026-09-28T07:20:47.694Z	spark2	LOAD	115.150	1.691
2026-09-28T07:20:47.819Z	spark1	LOAD	114.319	3.953
2026-09-28T07:20:47.945Z	spark2	LOAD	115.157	1.691
2026-09-28T07:20:48.069Z	spark1	LOAD	114.307	3.953
2026-09-28T07:20:48.196Z	spark2	LOAD	115.157	1.691
2026-09-28T07:20:48.319Z	spark1	LOAD	114.315	3.953
2026-09-28T07:20:48.446Z	spark2	LOAD	115.157	1.691
2026-09-28T07:20:48.580Z	spark1	LOAD	114.316	3.953
2026-09-28T07:20:48.712Z	spark2	LOAD	115.157	1.691
2026-09-28T07:20:48.831Z	spark1	LOAD	114.316	3.953
2026-09-28T07:20:48.964Z	spark2	LOAD	115.162	1.691
2026-09-28T07:20:49.081Z	spark1	LOAD	114.313	3.953
2026-09-28T07:20:49.214Z	spark2	LOAD	115.164	1.691
2026-09-28T07:20:49.331Z	spark1	LOAD	114.054	3.953
2026-09-28T07:20:49.465Z	spark2	LOAD	115.166	1.691
2026-09-28T07:20:49.600Z	spark1	LOAD	113.642	3.953
2026-09-28T07:20:49.727Z	spark2	LOAD	115.168	1.691
2026-09-28T07:20:49.849Z	spark1	LOAD	113.514	3.953
2026-09-28T07:20:49.978Z	spark2	LOAD	115.170	1.691
2026-09-28T07:20:50.100Z	spark1	LOAD	113.431	3.953
2026-09-28T07:20:50.229Z	spark2	LOAD	115.179	1.691
2026-09-28T07:20:50.350Z	spark1	LOAD	113.810	3.953
2026-09-28T07:20:50.480Z	spark2	LOAD	115.179	1.691
2026-09-28T07:20:50.617Z	spark1	LOAD	113.768	3.953
2026-09-28T07:20:50.745Z	spark2	LOAD	115.179	1.691
2026-09-28T07:20:50.868Z	spark1	LOAD	113.737	3.953
2026-09-28T07:20:50.996Z	spark2	LOAD	115.182	1.691
2026-09-28T07:20:51.118Z	spark1	LOAD	113.745	3.953
2026-09-28T07:20:51.246Z	spark2	LOAD	115.185	1.691
2026-09-28T07:20:51.368Z	spark1	LOAD	113.713	3.953
2026-09-28T07:20:51.497Z	spark2	LOAD	115.185	1.691
2026-09-28T07:20:51.635Z	spark1	LOAD	113.709	3.953
2026-09-28T07:20:51.762Z	spark2	LOAD	115.188	1.691
2026-09-28T07:20:51.885Z	spark1	LOAD	113.708	3.953
2026-09-28T07:20:52.012Z	spark2	LOAD	115.189	1.691
2026-09-28T07:20:52.135Z	spark1	LOAD	113.727	3.953
2026-09-28T07:20:52.264Z	spark2	LOAD	115.196	1.691
2026-09-28T07:20:52.386Z	spark1	LOAD	113.694	3.953
2026-09-28T07:20:52.514Z	spark2	LOAD	115.196	1.691
2026-09-28T07:20:52.653Z	spark1	LOAD	113.685	3.953
2026-09-28T07:20:52.779Z	spark2	LOAD	115.196	1.691
2026-09-28T07:20:52.903Z	spark1	LOAD	113.698	3.953
2026-09-28T07:20:53.030Z	spark2	LOAD	115.196	1.691
2026-09-28T07:20:53.153Z	spark1	LOAD	113.669	3.953
2026-09-28T07:20:53.280Z	spark2	LOAD	115.199	1.691
2026-09-28T07:20:53.404Z	spark1	LOAD	113.639	3.953
2026-09-28T07:20:53.531Z	spark2	LOAD	115.201	1.691
2026-09-28T07:20:53.670Z	spark1	LOAD	113.647	3.953
2026-09-28T07:20:53.791Z	spark2	LOAD	115.202	1.691
2026-09-28T07:20:53.920Z	spark1	LOAD	113.664	3.953
2026-09-28T07:20:54.042Z	spark2	LOAD	115.206	1.691
2026-09-28T07:20:54.170Z	spark1	LOAD	113.658	3.953
2026-09-28T07:20:54.293Z	spark2	LOAD	115.206	1.691
2026-09-28T07:20:54.421Z	spark1	LOAD	113.611	3.953
2026-09-28T07:20:54.544Z	spark2	LOAD	115.205	1.691
2026-09-28T07:20:54.688Z	spark1	LOAD	113.204	3.953
2026-09-28T07:20:54.805Z	spark2	LOAD	115.203	1.691
2026-09-28T07:20:54.939Z	spark1	LOAD	113.107	3.953
2026-09-28T07:20:55.055Z	spark2	LOAD	115.232	1.691
2026-09-28T07:20:55.190Z	spark1	LOAD	113.042	3.953
2026-09-28T07:20:55.306Z	spark2	LOAD	115.232	1.691
2026-09-28T07:20:55.440Z	spark1	LOAD	112.978	3.953
2026-09-28T07:20:55.556Z	spark2	LOAD	115.232	1.691
2026-09-28T07:20:55.707Z	spark1	LOAD	113.381	3.953
2026-09-28T07:20:55.818Z	spark2	LOAD	115.232	1.691
2026-09-28T07:20:55.958Z	spark1	LOAD	113.365	3.953
2026-09-28T07:20:56.069Z	spark2	LOAD	115.234	1.691
2026-09-28T07:20:56.209Z	spark1	LOAD	113.344	3.953
2026-09-28T07:20:56.320Z	spark2	LOAD	115.235	1.691
2026-09-28T07:20:56.460Z	spark1	LOAD	113.344	3.953
2026-09-28T07:20:56.571Z	spark2	LOAD	115.235	1.691
2026-09-28T07:20:56.728Z	spark1	LOAD	113.344	3.953
2026-09-28T07:20:56.835Z	spark2	LOAD	115.235	1.691
2026-09-28T07:20:56.978Z	spark1	LOAD	113.360	3.953
2026-09-28T07:20:57.085Z	spark2	LOAD	115.237	1.691
2026-09-28T07:20:57.229Z	spark1	LOAD	113.360	3.953
2026-09-28T07:20:57.336Z	spark2	LOAD	115.237	1.691
2026-09-28T07:20:57.480Z	spark1	LOAD	113.363	3.953
2026-09-28T07:20:57.587Z	spark2	LOAD	115.238	1.691
2026-09-28T07:20:57.742Z	spark1	LOAD	113.363	3.953
2026-09-28T07:20:57.848Z	spark2	LOAD	115.239	1.691
2026-09-28T07:20:57.993Z	spark1	LOAD	113.375	3.953
2026-09-28T07:20:58.100Z	spark2	LOAD	115.240	1.691
2026-09-28T07:20:58.243Z	spark1	LOAD	113.377	3.953
2026-09-28T07:20:58.349Z	spark2	LOAD	115.240	1.691
2026-09-28T07:20:58.495Z	spark1	LOAD	113.377	3.953
2026-09-28T07:20:58.600Z	spark2	LOAD	115.241	1.691
2026-09-28T07:20:58.763Z	spark1	LOAD	113.377	3.953
2026-09-28T07:20:58.864Z	spark2	LOAD	115.241	1.691
2026-09-28T07:20:59.013Z	spark1	LOAD	113.384	3.953
2026-09-28T07:20:59.114Z	spark2	LOAD	115.243	1.691
2026-09-28T07:20:59.263Z	spark1	LOAD	113.388	3.953
2026-09-28T07:20:59.366Z	spark2	LOAD	115.243	1.691
2026-09-28T07:20:59.514Z	spark1	LOAD	113.359	3.953
2026-09-28T07:20:59.616Z	spark2	LOAD	115.245	1.691
2026-09-28T07:20:59.781Z	spark1	LOAD	113.359	3.953
2026-09-28T07:20:59.882Z	spark2	LOAD	115.244	1.691
2026-09-28T07:21:00.031Z	spark1	LOAD	113.364	3.953
2026-09-28T07:21:00.132Z	spark2	LOAD	115.245	1.691
2026-09-28T07:21:00.281Z	spark1	LOAD	113.366	3.953
2026-09-28T07:21:00.383Z	spark2	LOAD	115.246	1.691
2026-09-28T07:21:00.532Z	spark1	LOAD	113.365	3.953
2026-09-28T07:21:00.635Z	spark2	LOAD	115.246	1.691
2026-09-28T07:21:00.794Z	spark1	LOAD	113.366	3.953
2026-09-28T07:21:00.895Z	spark2	LOAD	115.246	1.691
2026-09-28T07:21:01.046Z	spark1	LOAD	113.377	3.953
2026-09-28T07:21:01.147Z	spark2	LOAD	115.248	1.691
2026-09-28T07:21:01.296Z	spark1	LOAD	113.377	3.953
2026-09-28T07:21:01.397Z	spark2	LOAD	115.248	1.691
2026-09-28T07:21:01.546Z	spark1	LOAD	113.379	3.953
2026-09-28T07:21:01.647Z	spark2	LOAD	115.249	1.691
2026-09-28T07:21:01.813Z	spark1	LOAD	113.396	3.953
2026-09-28T07:21:01.912Z	spark2	LOAD	115.249	1.691
2026-09-28T07:21:02.064Z	spark1	LOAD	113.404	3.953
2026-09-28T07:21:02.163Z	spark2	LOAD	115.250	1.691
2026-09-28T07:21:02.315Z	spark1	LOAD	113.405	3.953
2026-09-28T07:21:02.414Z	spark2	LOAD	115.250	1.691
2026-09-28T07:21:02.565Z	spark1	LOAD	113.405	3.953
2026-09-28T07:21:02.664Z	spark2	LOAD	115.250	1.691
2026-09-28T07:21:02.832Z	spark1	LOAD	113.405	3.953
2026-09-28T07:21:02.926Z	spark2	LOAD	115.250	1.691
2026-09-28T07:21:03.083Z	spark1	LOAD	113.377	3.953
2026-09-28T07:21:03.175Z	spark2	LOAD	115.175	1.691
2026-09-28T07:21:03.333Z	spark1	LOAD	112.873	3.953
2026-09-28T07:21:03.425Z	spark2	LOAD	114.650	1.691
2026-09-28T07:21:03.583Z	spark1	LOAD	112.717	3.953
2026-09-28T07:21:03.675Z	spark2	LOAD	114.488	1.691
2026-09-28T07:21:03.844Z	spark1	LOAD	112.500	3.953
2026-09-28T07:21:03.937Z	spark2	LOAD	114.272	1.691
2026-09-28T07:21:04.094Z	spark1	LOAD	112.324	3.953
2026-09-28T07:21:04.188Z	spark2	LOAD	114.042	1.691
2026-09-28T07:21:04.345Z	spark1	LOAD	112.116	3.953
2026-09-28T07:21:04.438Z	spark2	LOAD	113.859	1.691
2026-09-28T07:21:04.595Z	spark1	LOAD	111.922	3.953
2026-09-28T07:21:04.689Z	spark2	LOAD	113.687	1.691
2026-09-28T07:21:04.858Z	spark1	LOAD	111.696	3.953
2026-09-28T07:21:04.954Z	spark2	LOAD	113.437	1.691
2026-09-28T07:21:05.108Z	spark1	LOAD	111.073	3.953
2026-09-28T07:21:05.204Z	spark2	LOAD	112.809	1.691
2026-09-28T07:21:05.359Z	spark1	LOAD	110.836	3.953
2026-09-28T07:21:05.454Z	spark2	LOAD	112.582	1.691
2026-09-28T07:21:05.609Z	spark1	LOAD	110.672	3.953
2026-09-28T07:21:05.704Z	spark2	LOAD	112.438	1.691
2026-09-28T07:21:05.871Z	spark1	LOAD	110.443	3.953
2026-09-28T07:21:05.969Z	spark2	LOAD	112.034	1.691
2026-09-28T07:21:06.121Z	spark1	LOAD	110.182	3.953
2026-09-28T07:21:06.219Z	spark2	LOAD	111.675	1.691
2026-09-28T07:21:06.372Z	spark1	LOAD	109.642	3.953
2026-09-28T07:21:06.470Z	spark2	LOAD	111.342	1.691
2026-09-28T07:21:06.622Z	spark1	LOAD	109.615	3.953
2026-09-28T07:21:06.721Z	spark2	LOAD	111.315	1.691
2026-09-28T07:21:06.888Z	spark1	LOAD	108.932	3.953
2026-09-28T07:21:06.986Z	spark2	LOAD	109.327	1.691
2026-09-28T07:21:07.139Z	spark1	LOAD	104.574	3.953
2026-09-28T07:21:07.236Z	spark2	LOAD	103.114	1.691
2026-09-28T07:21:07.389Z	spark1	LOAD	98.009	3.953
2026-09-28T07:21:07.487Z	spark2	LOAD	96.606	1.691
2026-09-28T07:21:07.639Z	spark1	LOAD	91.220	3.953
2026-09-28T07:21:07.737Z	spark2	LOAD	89.796	1.691
2026-09-28T07:21:07.902Z	spark1	LOAD	84.485	3.953
2026-09-28T07:21:08.000Z	spark2	LOAD	82.735	1.691
2026-09-28T07:21:08.153Z	spark1	LOAD	77.345	3.953
2026-09-28T07:21:08.250Z	spark2	LOAD	75.865	1.691
2026-09-28T07:21:08.403Z	spark1	LOAD	70.499	3.953
2026-09-28T07:21:08.501Z	spark2	LOAD	68.942	1.691
2026-09-28T07:21:08.653Z	spark1	LOAD	63.583	3.953
2026-09-28T07:21:08.751Z	spark2	LOAD	61.921	1.691
2026-09-28T07:21:08.921Z	spark1	LOAD	55.990	3.953
2026-09-28T07:21:09.016Z	spark2	LOAD	54.725	1.691
2026-09-28T07:21:09.171Z	spark1	LOAD	49.121	3.953
2026-09-28T07:21:09.267Z	spark2	LOAD	47.683	1.691
2026-09-28T07:21:09.422Z	spark1	LOAD	42.182	3.953
2026-09-28T07:21:09.517Z	spark2	LOAD	40.778	1.691
2026-09-28T07:21:09.673Z	spark1	LOAD	34.998	3.953
2026-09-28T07:21:09.767Z	spark2	LOAD	33.816	1.691
2026-09-28T07:21:09.940Z	spark1	LOAD	28.111	3.953
2026-09-28T07:21:10.029Z	spark2	LOAD	26.404	1.691
2026-09-28T07:21:10.191Z	spark1	LOAD	21.128	3.953
2026-09-28T07:21:10.279Z	spark2	LOAD	20.627	1.691
2026-09-28T07:21:10.442Z	spark1	LOAD	18.844	3.953
2026-09-28T07:21:10.530Z	spark2	LOAD	20.414	1.691
2026-09-28T07:21:10.693Z	spark1	LOAD	18.383	3.953
2026-09-28T07:21:10.780Z	spark2	LOAD	19.969	1.691
2026-09-28T07:21:10.955Z	spark1	LOAD	18.256	3.953
2026-09-28T07:21:11.041Z	spark2	LOAD	19.806	1.691
2026-09-28T07:21:11.206Z	spark1	LOAD	18.246	3.953
2026-09-28T07:21:11.292Z	spark2	LOAD	19.644	1.691
2026-09-28T07:21:11.456Z	spark1	LOAD	18.219	3.953
2026-09-28T07:21:11.543Z	spark2	LOAD	19.496	1.691
2026-09-28T07:21:11.707Z	spark1	LOAD	18.196	3.953
2026-09-28T07:21:11.793Z	spark2	LOAD	19.341	1.691
2026-09-28T07:21:11.974Z	spark1	LOAD	18.135	3.953
2026-09-28T07:21:12.059Z	spark2	LOAD	19.175	1.691
2026-09-28T07:21:12.225Z	spark1	LOAD	18.110	3.953
2026-09-28T07:21:12.310Z	spark2	LOAD	19.018	1.691
2026-09-28T07:21:12.476Z	spark1	LOAD	18.083	3.953
2026-09-28T07:21:12.560Z	spark2	LOAD	18.857	1.691
2026-09-28T07:21:12.726Z	spark1	LOAD	18.055	3.953
2026-09-28T07:21:12.811Z	spark2	LOAD	18.696	1.691
2026-09-28T07:21:12.996Z	spark1	LOAD	18.027	3.953
2026-09-28T07:21:13.071Z	spark2	LOAD	18.530	1.691
2026-09-28T07:21:13.246Z	spark1	LOAD	17.999	3.953
2026-09-28T07:21:13.322Z	spark2	LOAD	18.368	1.691
2026-09-28T07:21:13.496Z	spark1	LOAD	17.970	3.953
2026-09-28T07:21:13.572Z	spark2	LOAD	18.205	1.691
2026-09-28T07:21:13.747Z	spark1	LOAD	17.941	3.953
2026-09-28T07:21:13.823Z	spark2	LOAD	18.048	1.691
2026-09-28T07:21:14.014Z	spark1	LOAD	17.909	3.953
2026-09-28T07:21:14.088Z	spark2	LOAD	17.902	1.691
2026-09-28T07:21:14.265Z	spark1	LOAD	17.880	3.953
2026-09-28T07:21:14.338Z	spark2	LOAD	17.925	1.691
2026-09-28T07:21:14.515Z	spark1	LOAD	17.853	3.953
2026-09-28T07:21:14.589Z	spark2	LOAD	19.282	1.691
2026-09-28T07:21:14.766Z	spark1	LOAD	17.825	3.953
2026-09-28T07:21:14.839Z	spark2	LOAD	20.149	1.691
2026-09-28T07:21:15.032Z	spark1	LOAD	17.794	3.953
2026-09-28T07:21:15.100Z	spark2	LOAD	20.112	1.691
2026-09-28T07:21:15.283Z	spark1	LOAD	17.767	3.953
2026-09-28T07:21:15.351Z	spark2	LOAD	20.079	1.691
2026-09-28T07:21:15.533Z	spark1	LOAD	17.739	3.953
2026-09-28T07:21:15.601Z	spark2	LOAD	20.044	1.691
2026-09-28T07:21:15.783Z	spark1	LOAD	17.711	3.953
2026-09-28T07:21:15.851Z	spark2	LOAD	20.004	1.691
2026-09-28T07:21:16.050Z	spark1	LOAD	17.683	3.953
2026-09-28T07:21:16.117Z	spark2	LOAD	19.857	1.691
2026-09-28T07:21:16.300Z	spark1	LOAD	17.652	3.953
2026-09-28T07:21:16.366Z	spark2	LOAD	19.706	1.691
2026-09-28T07:21:16.551Z	spark1	LOAD	17.624	3.953
2026-09-28T07:21:16.617Z	spark2	LOAD	19.538	1.691
2026-09-28T07:21:16.801Z	spark1	LOAD	17.598	3.953
2026-09-28T07:21:16.868Z	spark2	LOAD	19.312	1.691
2026-09-28T07:21:17.068Z	spark1	LOAD	17.579	3.953
2026-09-28T07:21:17.133Z	spark2	LOAD	19.115	1.691
2026-09-28T07:21:17.319Z	spark1	LOAD	17.552	3.953
2026-09-28T07:21:17.384Z	spark2	LOAD	18.930	1.691
2026-09-28T07:21:17.570Z	spark1	LOAD	17.524	3.953
2026-09-28T07:21:17.635Z	spark2	LOAD	18.750	1.691
2026-09-28T07:21:17.820Z	spark1	LOAD	17.496	3.953
2026-09-28T07:21:17.885Z	spark2	LOAD	18.576	1.691
2026-09-28T07:21:18.090Z	spark1	LOAD	17.451	3.953
2026-09-28T07:21:18.146Z	spark2	LOAD	18.469	1.691
2026-09-28T07:21:18.340Z	spark1	LOAD	17.437	3.953
2026-09-28T07:21:18.396Z	spark2	LOAD	18.430	1.691
2026-09-28T07:21:18.590Z	spark1	LOAD	17.408	3.953
2026-09-28T07:21:18.647Z	spark2	LOAD	19.154	1.691
2026-09-28T07:21:18.840Z	spark1	LOAD	17.381	3.953
2026-09-28T07:21:18.897Z	spark2	LOAD	20.221	1.691
2026-09-28T07:21:19.108Z	spark1	LOAD	17.350	3.953
2026-09-28T07:21:19.163Z	spark2	LOAD	20.230	1.691
2026-09-28T07:21:19.359Z	spark1	LOAD	17.329	3.953
2026-09-28T07:21:19.413Z	spark2	LOAD	20.250	1.691
2026-09-28T07:21:19.609Z	spark1	LOAD	17.301	3.953
2026-09-28T07:21:19.664Z	spark2	LOAD	20.268	1.691
2026-09-28T07:21:19.860Z	spark1	LOAD	17.274	3.953
2026-09-28T07:21:19.914Z	spark2	LOAD	20.281	1.691
2026-09-28T07:21:20.129Z	spark1	LOAD	17.230	3.953
2026-09-28T07:21:20.179Z	spark2	LOAD	20.695	1.691
2026-09-28T07:21:20.380Z	spark1	LOAD	17.202	3.953
2026-09-28T07:21:20.430Z	spark2	LOAD	20.697	1.691
2026-09-28T07:21:20.630Z	spark1	LOAD	17.174	3.953
2026-09-28T07:21:20.680Z	spark2	LOAD	20.226	1.691
2026-09-28T07:21:20.881Z	spark1	LOAD	17.147	3.953
2026-09-28T07:21:20.930Z	spark2	LOAD	20.621	1.691
2026-09-28T07:21:21.144Z	spark1	LOAD	17.116	3.953
2026-09-28T07:21:21.195Z	spark2	LOAD	20.019	1.691
2026-09-28T07:21:21.395Z	spark1	LOAD	17.091	3.953
2026-09-28T07:21:21.445Z	spark2	LOAD	20.601	1.691
2026-09-28T07:21:21.645Z	spark1	LOAD	17.063	3.953
2026-09-28T07:21:21.695Z	spark2	LOAD	19.875	1.691
2026-09-28T07:21:21.897Z	spark1	LOAD	17.035	3.953
2026-09-28T07:21:21.946Z	spark2	LOAD	20.150	1.691
2026-09-28T07:21:22.166Z	spark1	LOAD	16.981	3.953
2026-09-28T07:21:22.214Z	spark2	LOAD	20.147	1.691
2026-09-28T07:21:22.416Z	spark1	LOAD	16.954	3.953
2026-09-28T07:21:22.464Z	spark2	LOAD	20.091	1.691
2026-09-28T07:21:22.666Z	spark1	LOAD	16.928	3.953
2026-09-28T07:21:22.714Z	spark2	LOAD	19.981	1.691
2026-09-28T07:21:22.917Z	spark1	LOAD	16.904	3.953
2026-09-28T07:21:22.964Z	spark2	LOAD	19.868	1.691
2026-09-28T07:21:23.180Z	spark1	LOAD	16.877	3.953
2026-09-28T07:21:23.226Z	spark2	LOAD	19.757	1.691
2026-09-28T07:21:23.430Z	spark1	LOAD	16.849	3.953
2026-09-28T07:21:23.476Z	spark2	LOAD	19.234	1.691
2026-09-28T07:21:23.681Z	spark1	LOAD	16.822	3.953
2026-09-28T07:21:23.726Z	spark2	LOAD	19.069	1.691
2026-09-28T07:21:23.932Z	spark1	LOAD	16.796	3.953
2026-09-28T07:21:23.976Z	spark2	LOAD	19.466	1.691
2026-09-28T07:21:24.199Z	spark1	LOAD	16.759	3.953
2026-09-28T07:21:24.241Z	spark2	LOAD	19.354	1.691
2026-09-28T07:21:24.450Z	spark1	LOAD	16.729	3.953
2026-09-28T07:21:24.492Z	spark2	LOAD	19.290	1.691
2026-09-28T07:21:24.700Z	spark1	LOAD	16.713	3.953
2026-09-28T07:21:24.742Z	spark2	LOAD	19.167	1.691
2026-09-28T07:21:24.950Z	spark1	LOAD	16.692	3.953
2026-09-28T07:21:24.992Z	spark2	LOAD	19.075	1.691
2026-09-28T07:21:25.219Z	spark1	LOAD	16.666	3.953
2026-09-28T07:21:25.257Z	spark2	LOAD	18.952	1.691
2026-09-28T07:21:25.470Z	spark1	LOAD	16.645	3.953
2026-09-28T07:21:25.507Z	spark2	LOAD	18.865	1.691
2026-09-28T07:21:25.720Z	spark1	LOAD	16.622	3.953
2026-09-28T07:21:25.758Z	spark2	LOAD	18.778	1.691
2026-09-28T07:21:25.970Z	spark1	LOAD	16.598	3.953
2026-09-28T07:21:26.007Z	spark2	LOAD	18.665	1.691
2026-09-28T07:21:26.237Z	spark1	LOAD	16.571	3.953
2026-09-28T07:21:26.269Z	spark2	LOAD	18.584	1.691
2026-09-28T07:21:26.488Z	spark1	LOAD	16.544	3.953
2026-09-28T07:21:26.518Z	spark2	LOAD	18.488	1.691
2026-09-28T07:21:26.738Z	spark1	LOAD	16.517	3.953
2026-09-28T07:21:26.769Z	spark2	LOAD	18.382	1.691
2026-09-28T07:21:26.989Z	spark1	LOAD	16.490	3.953
2026-09-28T07:21:27.019Z	spark2	LOAD	18.280	1.691
2026-09-28T07:21:27.258Z	spark1	LOAD	16.448	3.953
2026-09-28T07:21:27.280Z	spark2	LOAD	18.153	1.716
2026-09-28T07:21:27.508Z	spark1	LOAD	16.415	3.953
2026-09-28T07:21:27.531Z	spark2	LOAD	18.417	1.828
2026-09-28T07:21:27.759Z	spark1	LOAD	16.387	3.953
2026-09-28T07:21:27.781Z	spark2	LOAD	20.783	1.828
2026-09-28T07:21:28.009Z	spark1	LOAD	16.368	3.953
2026-09-28T07:21:28.031Z	spark2	LOAD	20.662	1.828
2026-09-28T07:21:28.272Z	spark1	LOAD	16.348	3.953
2026-09-28T07:21:28.292Z	spark2	LOAD	20.557	1.828
2026-09-28T07:21:28.522Z	spark1	LOAD	16.321	3.953
2026-09-28T07:21:28.543Z	spark2	LOAD	20.447	1.828
2026-09-28T07:21:28.772Z	spark1	LOAD	16.293	3.953
2026-09-28T07:21:28.793Z	spark2	LOAD	20.335	1.828
2026-09-28T07:21:29.023Z	spark1	LOAD	16.312	3.953
2026-09-28T07:21:29.043Z	spark2	LOAD	20.232	1.828
2026-09-28T07:21:29.285Z	spark1	LOAD	16.335	3.953
2026-09-28T07:21:29.304Z	spark2	LOAD	20.122	1.828
2026-09-28T07:21:29.535Z	spark1	LOAD	17.307	3.953
2026-09-28T07:21:29.554Z	spark2	LOAD	20.010	1.828
2026-09-28T07:21:29.786Z	spark1	LOAD	18.912	3.953
2026-09-28T07:21:29.804Z	spark2	LOAD	20.008	1.884
2026-09-28T07:21:30.036Z	spark1	LOAD	18.795	3.953
2026-09-28T07:21:30.055Z	spark2	LOAD	20.046	1.991
2026-09-28T07:21:30.302Z	spark1	LOAD	18.636	3.953
2026-09-28T07:21:30.315Z	spark2	LOAD	20.218	2.241
2026-09-28T07:21:30.553Z	spark1	LOAD	18.517	3.953
2026-09-28T07:21:30.566Z	spark2	LOAD	20.030	2.489
2026-09-28T07:21:30.803Z	spark1	LOAD	18.377	3.953
2026-09-28T07:21:30.816Z	spark2	LOAD	20.308	2.687
2026-09-28T07:21:31.053Z	spark1	LOAD	18.233	3.953
2026-09-28T07:21:31.066Z	spark2	LOAD	20.261	2.818
2026-09-28T07:21:31.320Z	spark1	LOAD	18.090	3.953
2026-09-28T07:21:31.328Z	spark2	LOAD	20.310	2.930
2026-09-28T07:21:31.570Z	spark1	LOAD	17.942	3.953
2026-09-28T07:21:31.578Z	spark2	LOAD	20.404	3.036
2026-09-28T07:21:31.820Z	spark1	LOAD	17.774	3.953
2026-09-28T07:21:31.829Z	spark2	LOAD	20.370	3.140
2026-09-28T07:21:32.070Z	spark1	LOAD	17.597	3.953
2026-09-28T07:21:32.079Z	spark2	LOAD	20.686	3.264
2026-09-28T07:21:32.337Z	spark1	LOAD	17.402	3.953
2026-09-28T07:21:32.339Z	spark2	LOAD	20.742	3.398
2026-09-28T07:21:32.588Z	spark1	LOAD	17.215	3.953
2026-09-28T07:21:32.590Z	spark2	LOAD	20.894	3.512
2026-09-28T07:21:32.838Z	spark1	LOAD	17.045	3.953
2026-09-28T07:21:32.841Z	spark2	LOAD	20.986	3.621
2026-09-28T07:21:33.089Z	spark1	LOAD	16.871	3.953
2026-09-28T07:21:33.091Z	spark2	LOAD	20.938	3.661
2026-09-28T07:21:33.350Z	spark2	LOAD	20.913	3.770
2026-09-28T07:21:33.356Z	spark1	LOAD	16.778	3.953
2026-09-28T07:21:33.600Z	spark2	LOAD	20.879	3.770
2026-09-28T07:21:33.606Z	spark1	LOAD	16.606	3.953
2026-09-28T07:21:33.851Z	spark2	LOAD	20.779	3.773
2026-09-28T07:21:33.857Z	spark1	LOAD	16.801	3.953
2026-09-28T07:21:34.100Z	spark2	LOAD	20.674	3.773
2026-09-28T07:21:34.107Z	spark1	LOAD	18.532	3.953
2026-09-28T07:21:34.361Z	spark2	LOAD	20.564	3.773
2026-09-28T07:21:34.370Z	spark1	LOAD	18.564	3.953
2026-09-28T07:21:34.612Z	spark2	LOAD	20.453	3.773
2026-09-28T07:21:34.620Z	spark1	LOAD	18.612	3.953
2026-09-28T07:21:34.862Z	spark2	LOAD	21.553	3.773
2026-09-28T07:21:34.870Z	spark1	LOAD	18.628	3.953
2026-09-28T07:21:35.112Z	spark2	LOAD	22.775	3.773
2026-09-28T07:21:35.120Z	spark1	LOAD	18.648	3.953
2026-09-28T07:21:35.375Z	spark2	LOAD	22.637	3.773
2026-09-28T07:21:35.387Z	spark1	LOAD	18.663	3.953
2026-09-28T07:21:35.625Z	spark2	LOAD	22.514	3.773
2026-09-28T07:21:35.638Z	spark1	LOAD	18.680	3.953
2026-09-28T07:21:35.876Z	spark2	LOAD	22.392	3.773
2026-09-28T07:21:35.888Z	spark1	LOAD	18.697	3.953
2026-09-28T07:21:36.126Z	spark2	LOAD	22.259	3.773
2026-09-28T07:21:36.138Z	spark1	LOAD	18.709	3.953
2026-09-28T07:21:36.391Z	spark2	LOAD	22.120	3.773
2026-09-28T07:21:36.400Z	spark1	LOAD	18.691	3.953
2026-09-28T07:21:36.641Z	spark2	LOAD	22.026	3.773
2026-09-28T07:21:36.651Z	spark1	LOAD	18.638	3.953
2026-09-28T07:21:36.892Z	spark2	LOAD	22.013	3.833
2026-09-28T07:21:36.901Z	spark1	LOAD	18.622	3.953
2026-09-28T07:21:37.142Z	spark2	LOAD	22.040	3.880
2026-09-28T07:21:37.151Z	spark1	LOAD	18.604	3.953
2026-09-28T07:21:37.407Z	spark2	LOAD	22.029	3.881
2026-09-28T07:21:37.413Z	spark1	LOAD	18.578	3.953
2026-09-28T07:21:37.657Z	spark2	LOAD	22.007	3.881
2026-09-28T07:21:37.664Z	spark1	LOAD	18.558	3.953
2026-09-28T07:21:37.907Z	spark2	LOAD	21.983	3.881
2026-09-28T07:21:37.914Z	spark1	LOAD	18.536	3.953
2026-09-28T07:21:38.157Z	spark2	LOAD	21.943	3.881
2026-09-28T07:21:38.164Z	spark1	LOAD	18.489	3.953
2026-09-28T07:21:38.422Z	spark2	LOAD	21.936	3.881
2026-09-28T07:21:38.431Z	spark1	LOAD	18.461	3.953
2026-09-28T07:21:38.672Z	spark2	LOAD	21.343	3.881
2026-09-28T07:21:38.682Z	spark1	LOAD	18.445	3.953
2026-09-28T07:21:38.922Z	spark2	LOAD	21.263	3.881
2026-09-28T07:21:38.932Z	spark1	LOAD	18.424	3.953
2026-09-28T07:21:39.172Z	spark2	LOAD	21.289	3.881
2026-09-28T07:21:39.182Z	spark1	LOAD	18.499	3.953
2026-09-28T07:21:39.438Z	spark2	LOAD	21.267	3.881
2026-09-28T07:21:39.445Z	spark1	LOAD	18.465	3.953
2026-09-28T07:21:39.688Z	spark2	LOAD	21.707	3.881
2026-09-28T07:21:39.696Z	spark1	LOAD	18.435	3.953
2026-09-28T07:21:39.938Z	spark2	LOAD	21.699	3.881
2026-09-28T07:21:39.946Z	spark1	LOAD	18.414	3.953
2026-09-28T07:21:40.189Z	spark2	LOAD	21.625	3.885
2026-09-28T07:21:40.197Z	spark1	LOAD	18.385	3.953
2026-09-28T07:21:40.450Z	spark2	LOAD	21.503	3.885
2026-09-28T07:21:40.459Z	spark1	LOAD	18.351	3.953
2026-09-28T07:21:40.700Z	spark2	LOAD	21.389	3.885
2026-09-28T07:21:40.709Z	spark1	LOAD	18.301	3.953
2026-09-28T07:21:40.950Z	spark2	LOAD	21.269	3.887
2026-09-28T07:21:40.959Z	spark1	LOAD	18.282	3.953
2026-09-28T07:21:41.200Z	spark2	LOAD	21.140	3.887
2026-09-28T07:21:41.210Z	spark1	LOAD	18.237	3.953
2026-09-28T07:21:41.460Z	spark2	LOAD	21.044	3.889
2026-09-28T07:21:41.471Z	spark1	LOAD	18.195	3.953
2026-09-28T07:21:41.710Z	spark2	LOAD	20.614	3.889
2026-09-28T07:21:41.721Z	spark1	LOAD	18.153	3.953
2026-09-28T07:21:41.960Z	spark2	LOAD	20.821	3.891
2026-09-28T07:21:41.971Z	spark1	LOAD	18.117	3.953
2026-09-28T07:21:42.211Z	spark2	LOAD	20.681	3.891
2026-09-28T07:21:42.221Z	spark1	LOAD	18.075	3.953
2026-09-28T07:21:42.473Z	spark2	LOAD	20.584	3.891
2026-09-28T07:21:42.484Z	spark1	LOAD	18.043	3.953
2026-09-28T07:21:42.723Z	spark2	LOAD	20.478	3.891
2026-09-28T07:21:42.734Z	spark1	LOAD	17.999	3.953
2026-09-28T07:21:42.973Z	spark2	LOAD	20.357	3.891
2026-09-28T07:21:42.984Z	spark1	LOAD	17.981	3.953
2026-09-28T07:21:43.224Z	spark2	LOAD	20.241	3.891
2026-09-28T07:21:43.234Z	spark1	LOAD	17.950	3.953
2026-09-28T07:21:43.489Z	spark2	LOAD	21.006	3.893
2026-09-28T07:21:43.503Z	spark1	LOAD	17.901	3.953
2026-09-28T07:21:43.739Z	spark2	LOAD	22.482	3.893
2026-09-28T07:21:43.753Z	spark1	LOAD	17.855	3.953
2026-09-28T07:21:43.989Z	spark2	LOAD	22.461	3.893
2026-09-28T07:21:44.004Z	spark1	LOAD	17.849	3.953
2026-09-28T07:21:44.239Z	spark2	LOAD	22.407	3.893
2026-09-28T07:21:44.255Z	spark1	LOAD	17.826	3.953
2026-09-28T07:21:44.500Z	spark2	LOAD	22.373	3.893
2026-09-28T07:21:44.521Z	spark1	LOAD	17.800	3.953
2026-09-28T07:21:44.751Z	spark2	LOAD	22.351	3.893
2026-09-28T07:21:44.772Z	spark1	LOAD	17.755	3.953
2026-09-28T07:21:45.002Z	spark2	LOAD	22.321	3.893
2026-09-28T07:21:45.022Z	spark1	LOAD	17.742	3.953
2026-09-28T07:21:45.252Z	spark2	LOAD	22.267	3.893
2026-09-28T07:21:45.272Z	spark1	LOAD	17.718	3.953
2026-09-28T07:21:45.512Z	spark2	LOAD	22.106	3.893
2026-09-28T07:21:45.539Z	spark1	LOAD	17.694	3.953
2026-09-28T07:21:45.762Z	spark2	LOAD	21.988	3.893
2026-09-28T07:21:45.790Z	spark1	LOAD	17.671	3.953
2026-09-28T07:21:46.013Z	spark2	LOAD	21.871	3.893
2026-09-28T07:21:46.040Z	spark1	LOAD	17.651	3.953
2026-09-28T07:21:46.263Z	spark2	LOAD	21.770	3.893
2026-09-28T07:21:46.291Z	spark1	LOAD	17.628	3.953
2026-09-28T07:21:46.528Z	spark2	LOAD	21.659	3.893
2026-09-28T07:21:46.554Z	spark1	LOAD	17.598	3.953
2026-09-28T07:21:46.778Z	spark2	LOAD	21.653	3.893
2026-09-28T07:21:46.804Z	spark1	LOAD	17.571	3.953
2026-09-28T07:21:47.028Z	spark2	LOAD	21.095	3.895
2026-09-28T07:21:47.054Z	spark1	LOAD	17.555	3.953
2026-09-28T07:21:47.278Z	spark2	LOAD	21.443	3.897
2026-09-28T07:21:47.304Z	spark1	LOAD	17.526	3.953
2026-09-28T07:21:47.539Z	spark2	LOAD	21.354	3.898
2026-09-28T07:21:47.573Z	spark1	LOAD	17.498	3.953
2026-09-28T07:21:47.789Z	spark2	LOAD	21.251	3.900
2026-09-28T07:21:47.824Z	spark1	LOAD	17.471	3.953
2026-09-28T07:21:48.040Z	spark2	LOAD	21.136	3.901
2026-09-28T07:21:48.074Z	spark1	LOAD	17.458	3.953
2026-09-28T07:21:48.290Z	spark2	LOAD	21.045	3.901
2026-09-28T07:21:48.324Z	spark1	LOAD	17.432	3.953
2026-09-28T07:21:48.550Z	spark2	LOAD	20.836	3.903
2026-09-28T07:21:48.586Z	spark1	LOAD	17.403	3.953
2026-09-28T07:21:48.800Z	spark2	LOAD	20.336	3.905
2026-09-28T07:21:48.837Z	spark1	LOAD	17.351	3.953
2026-09-28T07:21:49.051Z	spark2	LOAD	20.693	3.905
2026-09-28T07:21:49.088Z	spark1	LOAD	17.333	3.953
2026-09-28T07:21:49.301Z	spark2	LOAD	20.182	3.905
2026-09-28T07:21:49.338Z	spark1	LOAD	17.262	3.953
2026-09-28T07:21:49.566Z	spark2	LOAD	20.002	3.906
2026-09-28T07:21:49.600Z	spark1	LOAD	17.234	3.953
2026-09-28T07:21:49.816Z	spark2	LOAD	20.477	3.905
2026-09-28T07:21:49.851Z	spark1	LOAD	17.214	3.953
2026-09-28T07:21:50.067Z	spark2	LOAD	22.409	3.905
2026-09-28T07:21:50.101Z	spark1	LOAD	17.208	3.953
2026-09-28T07:21:50.318Z	spark2	LOAD	22.318	3.905
2026-09-28T07:21:50.352Z	spark1	LOAD	17.165	3.953
2026-09-28T07:21:50.583Z	spark2	LOAD	22.225	3.905
2026-09-28T07:21:50.621Z	spark1	LOAD	17.138	3.953
2026-09-28T07:21:50.833Z	spark2	LOAD	22.099	3.905
2026-09-28T07:21:50.872Z	spark1	LOAD	17.099	3.953
2026-09-28T07:21:51.084Z	spark2	LOAD	22.079	3.905
2026-09-28T07:21:51.122Z	spark1	LOAD	17.088	3.953
2026-09-28T07:21:51.334Z	spark2	LOAD	21.928	3.905
2026-09-28T07:21:51.372Z	spark1	LOAD	17.065	3.953
2026-09-28T07:21:51.599Z	spark2	LOAD	21.798	3.905
2026-09-28T07:21:51.635Z	spark1	LOAD	17.038	3.953
2026-09-28T07:21:51.850Z	spark2	LOAD	22.040	3.905
2026-09-28T07:21:51.885Z	spark1	LOAD	17.023	3.953
2026-09-28T07:21:52.099Z	spark2	LOAD	21.578	3.905
2026-09-28T07:21:52.136Z	spark1	LOAD	17.013	3.953
2026-09-28T07:21:52.350Z	spark2	LOAD	21.952	3.906
2026-09-28T07:21:52.386Z	spark1	LOAD	16.995	3.953
2026-09-28T07:21:52.611Z	spark2	LOAD	21.824	3.906
2026-09-28T07:21:52.653Z	spark1	LOAD	17.191	3.953
2026-09-28T07:21:52.861Z	spark2	LOAD	21.712	3.906
2026-09-28T07:21:52.903Z	spark1	LOAD	17.132	3.953
2026-09-28T07:21:53.111Z	spark2	LOAD	21.617	3.906
2026-09-28T07:21:53.154Z	spark1	LOAD	16.769	3.953
2026-09-28T07:21:53.362Z	spark2	LOAD	21.622	3.911
2026-09-28T07:21:53.404Z	spark1	LOAD	17.129	3.953
2026-09-28T07:21:53.627Z	spark2	LOAD	21.317	3.961
2026-09-28T07:21:53.665Z	spark1	LOAD	17.093	3.953
2026-09-28T07:21:53.877Z	spark2	LOAD	21.424	4.114
2026-09-28T07:21:53.916Z	spark1	LOAD	17.184	4.072
2026-09-28T07:21:54.128Z	spark2	LOAD	21.453	4.176
2026-09-28T07:21:54.166Z	spark1	LOAD	17.152	4.072
2026-09-28T07:21:54.379Z	spark2	LOAD	21.679	4.200
2026-09-28T07:21:54.416Z	spark1	LOAD	17.105	4.072
2026-09-28T07:21:54.641Z	spark2	LOAD	21.549	4.205
2026-09-28T07:21:54.684Z	spark1	LOAD	17.073	4.072
2026-09-28T07:21:54.891Z	spark2	LOAD	21.423	4.207
2026-09-28T07:21:54.934Z	spark1	LOAD	17.021	4.072
2026-09-28T07:21:55.142Z	spark2	LOAD	21.310	4.207
2026-09-28T07:21:55.185Z	spark1	LOAD	16.980	4.072
2026-09-28T07:21:55.392Z	spark2	LOAD	21.209	4.209
2026-09-28T07:21:55.435Z	spark1	LOAD	16.958	4.072
2026-09-28T07:21:55.653Z	spark2	LOAD	21.083	4.209
2026-09-28T07:21:55.704Z	spark1	LOAD	16.922	4.072
2026-09-28T07:21:55.903Z	spark2	LOAD	20.947	4.212
2026-09-28T07:21:55.954Z	spark1	LOAD	16.893	4.072
2026-09-28T07:21:56.153Z	spark2	LOAD	20.775	4.214
2026-09-28T07:21:56.205Z	spark1	LOAD	16.863	4.072
2026-09-28T07:21:56.403Z	spark2	LOAD	20.748	4.214
2026-09-28T07:21:56.455Z	spark1	LOAD	16.832	4.072
2026-09-28T07:21:56.669Z	spark2	LOAD	20.862	4.212
2026-09-28T07:21:56.717Z	spark1	LOAD	16.825	4.072
2026-09-28T07:21:56.920Z	spark2	LOAD	22.700	4.199
2026-09-28T07:21:56.968Z	spark1	LOAD	16.788	4.072
2026-09-28T07:21:57.170Z	spark2	LOAD	23.250	4.199
2026-09-28T07:21:57.219Z	spark1	LOAD	16.729	4.072
2026-09-28T07:21:57.421Z	spark2	LOAD	23.220	4.199
2026-09-28T07:21:57.469Z	spark1	LOAD	16.698	4.072
2026-09-28T07:21:57.685Z	spark2	LOAD	23.118	4.199
2026-09-28T07:21:57.730Z	spark1	LOAD	16.683	4.072
2026-09-28T07:21:57.935Z	spark2	LOAD	22.991	4.199
2026-09-28T07:21:57.980Z	spark1	LOAD	16.647	4.072
2026-09-28T07:21:58.185Z	spark2	LOAD	22.873	4.199
2026-09-28T07:21:58.231Z	spark1	LOAD	16.622	4.072
2026-09-28T07:21:58.436Z	spark2	LOAD	22.755	4.199
2026-09-28T07:21:58.481Z	spark1	LOAD	16.589	4.072
2026-09-28T07:21:58.701Z	spark2	LOAD	22.622	4.199
2026-09-28T07:21:58.750Z	spark1	LOAD	16.539	4.072
2026-09-28T07:21:58.951Z	spark2	LOAD	22.511	4.199
2026-09-28T07:21:59.001Z	spark1	LOAD	16.528	4.072
2026-09-28T07:21:59.201Z	spark2	LOAD	22.422	4.199
2026-09-28T07:21:59.251Z	spark1	LOAD	16.500	4.072
2026-09-28T07:21:59.451Z	spark2	LOAD	22.306	4.199
2026-09-28T07:21:59.502Z	spark1	LOAD	16.456	4.072
2026-09-28T07:21:59.716Z	spark2	LOAD	22.248	4.204
2026-09-28T07:21:59.764Z	spark1	LOAD	16.421	4.072
2026-09-28T07:21:59.966Z	spark2	LOAD	22.147	4.207
2026-09-28T07:22:00.014Z	spark1	LOAD	16.417	4.072
2026-09-28T07:22:00.217Z	spark2	LOAD	22.029	4.207
2026-09-28T07:22:00.265Z	spark1	LOAD	16.366	4.072
2026-09-28T07:22:00.467Z	spark2	LOAD	21.918	4.209
2026-09-28T07:22:00.515Z	spark1	LOAD	16.318	4.072
2026-09-28T07:22:00.732Z	spark2	LOAD	21.837	4.211
2026-09-28T07:22:00.776Z	spark1	LOAD	16.289	4.072
2026-09-28T07:22:00.983Z	spark2	LOAD	21.691	4.211
2026-09-28T07:22:01.027Z	spark1	LOAD	17.363	4.072
2026-09-28T07:22:01.233Z	spark2	LOAD	21.544	4.211
2026-09-28T07:22:01.277Z	spark1	LOAD	19.167	4.072
2026-09-28T07:22:01.483Z	spark2	LOAD	21.435	4.207
2026-09-28T07:22:01.527Z	spark1	LOAD	19.121	4.072
2026-09-28T07:22:01.744Z	spark2	LOAD	21.387	4.209
2026-09-28T07:22:01.790Z	spark1	LOAD	19.096	4.072
2026-09-28T07:22:01.994Z	spark2	LOAD	21.283	4.216
2026-09-28T07:22:02.040Z	spark1	LOAD	19.070	4.072
2026-09-28T07:22:02.244Z	spark2	LOAD	21.189	4.224
2026-09-28T07:22:02.290Z	spark1	LOAD	19.041	4.072
2026-09-28T07:22:02.495Z	spark2	LOAD	21.100	4.228
2026-09-28T07:22:02.541Z	spark1	LOAD	19.015	4.072
2026-09-28T07:22:02.759Z	spark2	LOAD	20.966	4.231
2026-09-28T07:22:02.807Z	spark1	LOAD	18.983	4.072
2026-09-28T07:22:03.009Z	spark2	LOAD	20.837	4.233
2026-09-28T07:22:03.058Z	spark1	LOAD	18.957	4.072
2026-09-28T07:22:03.260Z	spark2	LOAD	20.773	4.233
2026-09-28T07:22:03.309Z	spark1	LOAD	18.904	4.072
2026-09-28T07:22:03.510Z	spark2	LOAD	20.654	4.233
2026-09-28T07:22:03.559Z	spark1	LOAD	18.876	4.072
2026-09-28T07:22:03.774Z	spark2	LOAD	20.595	4.233
2026-09-28T07:22:03.829Z	spark1	LOAD	18.843	4.072
2026-09-28T07:22:04.025Z	spark2	LOAD	21.716	4.232
2026-09-28T07:22:04.079Z	spark1	LOAD	18.818	4.072
2026-09-28T07:22:04.276Z	spark2	LOAD	23.304	4.232
2026-09-28T07:22:04.329Z	spark1	LOAD	18.787	4.072
2026-09-28T07:22:04.526Z	spark2	LOAD	23.304	4.232
2026-09-28T07:22:04.580Z	spark1	LOAD	18.750	4.072
2026-09-28T07:22:04.785Z	spark2	LOAD	23.228	4.232
2026-09-28T07:22:04.842Z	spark1	LOAD	18.720	4.072
2026-09-28T07:22:05.036Z	spark2	LOAD	23.130	4.232
2026-09-28T07:22:05.093Z	spark1	LOAD	18.690	4.072
2026-09-28T07:22:05.286Z	spark2	LOAD	23.027	4.232
2026-09-28T07:22:05.343Z	spark1	LOAD	18.641	4.072
2026-09-28T07:22:05.537Z	spark2	LOAD	22.928	4.232
2026-09-28T07:22:05.593Z	spark1	LOAD	18.617	4.072
2026-09-28T07:22:05.796Z	spark2	LOAD	22.815	4.177
2026-09-28T07:22:05.860Z	spark1	LOAD	18.588	4.072
2026-09-28T07:22:06.046Z	spark2	LOAD	22.673	4.177
2026-09-28T07:22:06.111Z	spark1	LOAD	18.562	4.072
2026-09-28T07:22:06.297Z	spark2	LOAD	22.563	4.177
2026-09-28T07:22:06.362Z	spark1	LOAD	18.537	4.072
2026-09-28T07:22:06.547Z	spark2	LOAD	22.450	4.177
2026-09-28T07:22:06.613Z	spark1	LOAD	18.509	4.072
2026-09-28T07:22:06.813Z	spark2	LOAD	22.322	4.177
2026-09-28T07:22:06.879Z	spark1	LOAD	18.478	4.072
2026-09-28T07:22:07.063Z	spark2	LOAD	22.203	4.180
2026-09-28T07:22:07.129Z	spark1	LOAD	18.447	4.072
2026-09-28T07:22:07.313Z	spark2	LOAD	22.268	4.196
2026-09-28T07:22:07.379Z	spark1	LOAD	18.383	4.072
2026-09-28T07:22:07.563Z	spark2	LOAD	22.228	4.220
2026-09-28T07:22:07.630Z	spark1	LOAD	18.354	4.072
2026-09-28T07:22:07.824Z	spark2	LOAD	22.133	4.267
2026-09-28T07:22:07.897Z	spark1	LOAD	18.324	4.072
2026-09-28T07:22:08.075Z	spark2	LOAD	21.977	4.288
2026-09-28T07:22:08.147Z	spark1	LOAD	18.298	4.072
2026-09-28T07:22:08.325Z	spark2	LOAD	22.058	4.289
2026-09-28T07:22:08.397Z	spark1	LOAD	18.277	4.072
2026-09-28T07:22:08.575Z	spark2	LOAD	21.960	4.289
2026-09-28T07:22:08.648Z	spark1	LOAD	18.248	4.072
2026-09-28T07:22:08.838Z	spark2	LOAD	21.777	4.289
2026-09-28T07:22:08.917Z	spark1	LOAD	18.215	4.072
2026-09-28T07:22:09.089Z	spark2	LOAD	21.703	4.289
2026-09-28T07:22:09.167Z	spark1	LOAD	18.184	4.072
2026-09-28T07:22:09.339Z	spark2	LOAD	21.601	4.289
2026-09-28T07:22:09.417Z	spark1	LOAD	18.116	4.072
2026-09-28T07:22:09.590Z	spark2	LOAD	21.497	4.289
2026-09-28T07:22:09.668Z	spark1	LOAD	18.088	4.072
2026-09-28T07:22:09.849Z	spark2	LOAD	21.403	4.289
2026-09-28T07:22:09.935Z	spark1	LOAD	18.060	4.072
2026-09-28T07:22:10.099Z	spark2	LOAD	21.337	4.289
2026-09-28T07:22:10.185Z	spark1	LOAD	18.049	4.072
2026-09-28T07:22:10.350Z	spark2	LOAD	21.211	4.289
2026-09-28T07:22:10.436Z	spark1	LOAD	18.026	4.072
2026-09-28T07:22:10.600Z	spark2	LOAD	21.095	4.289
2026-09-28T07:22:10.686Z	spark1	LOAD	18.037	4.072
2026-09-28T07:22:10.862Z	spark2	LOAD	21.459	4.290
2026-09-28T07:22:10.948Z	spark1	LOAD	18.000	4.072
2026-09-28T07:22:11.112Z	spark2	LOAD	23.475	4.290
2026-09-28T07:22:11.199Z	spark1	LOAD	17.975	4.072
2026-09-28T07:22:11.362Z	spark2	LOAD	23.340	4.290
2026-09-28T07:22:11.449Z	spark1	LOAD	17.942	4.072
2026-09-28T07:22:11.613Z	spark2	LOAD	23.248	4.290
2026-09-28T07:22:11.699Z	spark1	LOAD	17.900	4.072
2026-09-28T07:22:11.873Z	spark2	LOAD	23.114	4.290
2026-09-28T07:22:11.966Z	spark1	LOAD	17.865	4.072
2026-09-28T07:22:12.123Z	spark2	LOAD	22.997	4.286
2026-09-28T07:22:12.216Z	spark1	LOAD	17.827	4.072
2026-09-28T07:22:12.373Z	spark2	LOAD	22.903	4.283
2026-09-28T07:22:12.467Z	spark1	LOAD	17.793	4.072
2026-09-28T07:22:12.623Z	spark2	LOAD	22.778	4.282
2026-09-28T07:22:12.717Z	spark1	LOAD	17.767	4.072
2026-09-28T07:22:12.884Z	spark2	LOAD	22.677	4.281
2026-09-28T07:22:12.985Z	spark1	LOAD	17.717	4.072
2026-09-28T07:22:13.134Z	spark2	LOAD	22.615	4.278
2026-09-28T07:22:13.235Z	spark1	LOAD	17.697	4.072
2026-09-28T07:22:13.385Z	spark2	LOAD	22.055	4.278
2026-09-28T07:22:13.485Z	spark1	LOAD	17.623	4.072
2026-09-28T07:22:13.635Z	spark2	LOAD	22.381	4.280
2026-09-28T07:22:13.735Z	spark1	LOAD	17.591	4.072
2026-09-28T07:22:13.900Z	spark2	LOAD	22.214	4.282
2026-09-28T07:22:14.005Z	spark1	LOAD	17.562	4.072
2026-09-28T07:22:14.151Z	spark2	LOAD	22.115	4.282
2026-09-28T07:22:14.255Z	spark1	LOAD	17.571	4.072
2026-09-28T07:22:14.401Z	spark2	LOAD	22.036	4.283
2026-09-28T07:22:14.506Z	spark1	LOAD	17.525	4.072
2026-09-28T07:22:14.651Z	spark2	LOAD	21.923	4.284
2026-09-28T07:22:14.756Z	spark1	LOAD	17.486	4.072
2026-09-28T07:22:14.916Z	spark2	LOAD	21.477	4.284
2026-09-28T07:22:15.017Z	spark1	LOAD	17.454	4.072
2026-09-28T07:22:15.166Z	spark2	LOAD	21.725	4.284
2026-09-28T07:22:15.268Z	spark1	LOAD	17.428	4.072
2026-09-28T07:22:15.416Z	spark2	LOAD	21.605	4.285
2026-09-28T07:22:15.518Z	spark1	LOAD	17.364	4.072
2026-09-28T07:22:15.667Z	spark2	LOAD	21.459	4.285
2026-09-28T07:22:15.769Z	spark1	LOAD	17.347	4.072
2026-09-28T07:22:15.932Z	spark2	LOAD	21.338	4.285
2026-09-28T07:22:16.036Z	spark1	LOAD	17.318	4.072
2026-09-28T07:22:16.182Z	spark2	LOAD	21.227	4.287
2026-09-28T07:22:16.286Z	spark1	LOAD	17.289	4.072
2026-09-28T07:22:16.432Z	spark2	LOAD	21.133	4.287
2026-09-28T07:22:16.537Z	spark1	LOAD	17.261	4.072
2026-09-28T07:22:16.682Z	spark2	LOAD	21.013	4.287
2026-09-28T07:22:16.787Z	spark1	LOAD	17.280	4.072
2026-09-28T07:22:16.942Z	spark2	LOAD	20.871	4.288
2026-09-28T07:22:17.054Z	spark1	LOAD	17.234	4.072
2026-09-28T07:22:17.192Z	spark2	LOAD	22.931	4.290
2026-09-28T07:22:17.304Z	spark1	LOAD	17.206	4.072
2026-09-28T07:22:17.443Z	spark2	LOAD	23.518	4.290
2026-09-28T07:22:17.554Z	spark1	LOAD	17.149	4.072
2026-09-28T07:22:17.693Z	spark2	LOAD	23.405	4.290
2026-09-28T07:22:17.805Z	spark1	LOAD	17.123	4.072
2026-09-28T07:22:17.957Z	spark2	LOAD	23.283	4.290
2026-09-28T07:22:18.073Z	spark1	LOAD	17.105	4.072
2026-09-28T07:22:18.207Z	spark2	LOAD	23.180	4.290
2026-09-28T07:22:18.323Z	spark1	LOAD	17.077	4.072
2026-09-28T07:22:18.458Z	spark2	LOAD	23.072	4.290
2026-09-28T07:22:18.574Z	spark1	LOAD	17.045	4.072
2026-09-28T07:22:18.708Z	spark2	LOAD	22.942	4.290
2026-09-28T07:22:18.824Z	spark1	LOAD	17.011	4.072
2026-09-28T07:22:18.972Z	spark2	LOAD	22.850	4.290
2026-09-28T07:22:19.087Z	spark1	LOAD	16.976	4.072
2026-09-28T07:22:19.223Z	spark2	LOAD	22.735	4.290
2026-09-28T07:22:19.337Z	spark1	LOAD	16.966	4.072
2026-09-28T07:22:19.473Z	spark2	LOAD	22.607	4.290
2026-09-28T07:22:19.587Z	spark1	LOAD	16.914	4.072
2026-09-28T07:22:19.724Z	spark2	LOAD	22.395	4.290
2026-09-28T07:22:19.838Z	spark1	LOAD	16.862	4.072
2026-09-28T07:22:19.988Z	spark2	LOAD	22.377	4.291
2026-09-28T07:22:20.104Z	spark1	LOAD	16.831	4.072
2026-09-28T07:22:20.239Z	spark2	LOAD	22.255	4.292
2026-09-28T07:22:20.355Z	spark1	LOAD	16.807	4.072
2026-09-28T07:22:20.489Z	spark2	LOAD	22.165	4.294
2026-09-28T07:22:20.606Z	spark1	LOAD	16.789	4.072
2026-09-28T07:22:20.739Z	spark2	LOAD	22.066	4.295
2026-09-28T07:22:20.856Z	spark1	LOAD	16.771	4.072
2026-09-28T07:22:21.001Z	spark2	LOAD	21.492	4.295
2026-09-28T07:22:21.122Z	spark1	LOAD	16.724	4.072
2026-09-28T07:22:21.251Z	spark2	LOAD	21.806	4.296
2026-09-28T07:22:21.373Z	spark1	LOAD	16.688	4.072
2026-09-28T07:22:21.501Z	spark2	LOAD	21.687	4.299
2026-09-28T07:22:21.623Z	spark1	LOAD	16.658	4.072
2026-09-28T07:22:21.752Z	spark2	LOAD	21.602	4.304
2026-09-28T07:22:21.874Z	spark1	LOAD	16.600	4.072
2026-09-28T07:22:22.016Z	spark2	LOAD	21.505	4.315
2026-09-28T07:22:22.136Z	spark1	LOAD	16.591	4.072
2026-09-28T07:22:22.266Z	spark2	LOAD	21.406	4.315
2026-09-28T07:22:22.386Z	spark1	LOAD	16.578	4.072
2026-09-28T07:22:22.517Z	spark2	LOAD	21.293	4.316
2026-09-28T07:22:22.637Z	spark1	LOAD	16.546	4.072
2026-09-28T07:22:22.767Z	spark2	LOAD	21.152	4.316
2026-09-28T07:22:22.888Z	spark1	LOAD	16.508	4.072
2026-09-28T07:22:23.027Z	spark2	LOAD	21.036	4.316
2026-09-28T07:22:23.154Z	spark1	LOAD	16.459	4.072
2026-09-28T07:22:23.278Z	spark2	LOAD	20.917	4.318
2026-09-28T07:22:23.404Z	spark1	LOAD	16.426	4.072
2026-09-28T07:22:23.528Z	spark2	LOAD	20.810	4.314
2026-09-28T07:22:23.654Z	spark1	LOAD	16.396	4.072
2026-09-28T07:22:23.778Z	spark2	LOAD	22.631	4.310
2026-09-28T07:22:23.904Z	spark1	LOAD	16.348	4.072
2026-09-28T07:22:24.038Z	spark2	LOAD	23.227	4.307
2026-09-28T07:22:24.171Z	spark1	LOAD	17.588	4.072
2026-09-28T07:22:24.289Z	spark2	LOAD	23.130	4.303
2026-09-28T07:22:24.422Z	spark1	LOAD	19.158	4.072
2026-09-28T07:22:24.538Z	spark2	LOAD	23.046	4.303
2026-09-28T07:22:24.672Z	spark1	LOAD	19.131	4.072
2026-09-28T07:22:24.789Z	spark2	LOAD	22.940	4.303
2026-09-28T07:22:24.922Z	spark1	LOAD	19.097	4.072
2026-09-28T07:22:25.054Z	spark2	LOAD	22.853	4.303
2026-09-28T07:22:25.189Z	spark1	LOAD	19.061	4.072
2026-09-28T07:22:25.304Z	spark2	LOAD	22.759	4.303
2026-09-28T07:22:25.439Z	spark1	LOAD	19.033	4.072
2026-09-28T07:22:25.555Z	spark2	LOAD	22.650	4.303
2026-09-28T07:22:25.690Z	spark1	LOAD	18.979	4.072
2026-09-28T07:22:25.805Z	spark2	LOAD	22.536	4.303
2026-09-28T07:22:25.940Z	spark1	LOAD	18.940	4.072
2026-09-28T07:22:26.070Z	spark2	LOAD	22.449	4.303
2026-09-28T07:22:26.209Z	spark1	LOAD	18.905	4.072
2026-09-28T07:22:26.320Z	spark2	LOAD	22.590	4.304
2026-09-28T07:22:26.459Z	spark1	LOAD	18.873	4.072
2026-09-28T07:22:26.571Z	spark2	LOAD	22.484	4.304
2026-09-28T07:22:26.710Z	spark1	LOAD	18.846	4.072
2026-09-28T07:22:26.822Z	spark2	LOAD	22.382	4.304
2026-09-28T07:22:26.960Z	spark1	LOAD	18.815	4.072
2026-09-28T07:22:27.086Z	spark2	LOAD	22.284	4.305
2026-09-28T07:22:27.227Z	spark1	LOAD	18.783	4.072
2026-09-28T07:22:27.336Z	spark2	LOAD	22.170	4.307
2026-09-28T07:22:27.478Z	spark1	LOAD	18.750	4.072
2026-09-28T07:22:27.586Z	spark2	LOAD	22.079	4.307
2026-09-28T07:22:27.728Z	spark1	LOAD	18.718	4.072
2026-09-28T07:22:27.837Z	spark2	LOAD	21.994	4.307
2026-09-28T07:22:27.978Z	spark1	LOAD	18.667	4.072
2026-09-28T07:22:28.099Z	spark2	LOAD	21.905	4.307
2026-09-28T07:22:28.244Z	spark1	LOAD	18.629	4.072
2026-09-28T07:22:28.350Z	spark2	LOAD	21.804	4.307
2026-09-28T07:22:28.494Z	spark1	LOAD	18.595	4.072
2026-09-28T07:22:28.600Z	spark2	LOAD	21.669	4.307
2026-09-28T07:22:28.745Z	spark1	LOAD	18.563	4.072
2026-09-28T07:22:28.850Z	spark2	LOAD	21.593	4.307
2026-09-28T07:22:28.995Z	spark1	LOAD	18.531	4.072
2026-09-28T07:22:29.114Z	spark2	LOAD	21.509	4.307
2026-09-28T07:22:29.262Z	spark1	LOAD	18.495	4.072
2026-09-28T07:22:29.364Z	spark2	LOAD	21.420	4.308
2026-09-28T07:22:29.512Z	spark1	LOAD	18.453	4.072
2026-09-28T07:22:29.615Z	spark2	LOAD	21.353	4.309
2026-09-28T07:22:29.763Z	spark1	LOAD	18.425	4.072
2026-09-28T07:22:29.865Z	spark2	LOAD	21.278	4.311
2026-09-28T07:22:30.013Z	spark1	LOAD	18.365	4.072
2026-09-28T07:22:30.126Z	spark2	LOAD	21.171	4.316
2026-09-28T07:22:30.275Z	spark1	LOAD	18.329	4.072
2026-09-28T07:22:30.377Z	spark2	LOAD	22.792	4.316
2026-09-28T07:22:30.525Z	spark1	LOAD	18.298	4.072
2026-09-28T07:22:30.627Z	spark2	LOAD	23.518	4.316
2026-09-28T07:22:30.776Z	spark1	LOAD	18.267	4.072
2026-09-28T07:22:30.878Z	spark2	LOAD	23.468	4.316
2026-09-28T07:22:31.026Z	spark1	LOAD	18.238	4.072
2026-09-28T07:22:31.139Z	spark2	LOAD	23.355	4.316
2026-09-28T07:22:31.293Z	spark1	LOAD	18.203	4.072
2026-09-28T07:22:31.389Z	spark2	LOAD	23.261	4.316
2026-09-28T07:22:31.543Z	spark1	LOAD	18.177	4.072
2026-09-28T07:22:31.639Z	spark2	LOAD	23.138	4.316
2026-09-28T07:22:31.794Z	spark1	LOAD	18.148	4.072
2026-09-28T07:22:31.889Z	spark2	LOAD	22.979	4.316
2026-09-28T07:22:32.044Z	spark1	LOAD	18.097	4.072
2026-09-28T07:22:32.150Z	spark2	LOAD	22.880	4.316
2026-09-28T07:22:32.311Z	spark1	LOAD	18.061	4.072
2026-09-28T07:22:32.401Z	spark2	LOAD	22.756	4.316
2026-09-28T07:22:32.562Z	spark1	LOAD	18.027	4.072
2026-09-28T07:22:32.651Z	spark2	LOAD	22.651	4.316
2026-09-28T07:22:32.812Z	spark1	LOAD	18.030	4.072
2026-09-28T07:22:32.901Z	spark2	LOAD	22.555	4.318
2026-09-28T07:22:33.063Z	spark1	LOAD	17.984	4.073
2026-09-28T07:22:33.166Z	spark2	LOAD	22.425	4.319
2026-09-28T07:22:33.330Z	spark1	LOAD	17.946	4.073
2026-09-28T07:22:33.416Z	spark2	LOAD	22.266	4.320
2026-09-28T07:22:33.581Z	spark1	LOAD	17.916	4.073
2026-09-28T07:22:33.667Z	spark2	LOAD	22.183	4.320
2026-09-28T07:22:33.831Z	spark1	LOAD	17.887	4.073
2026-09-28T07:22:33.917Z	spark2	LOAD	22.089	4.321
2026-09-28T07:22:34.081Z	spark1	LOAD	17.818	4.073
2026-09-28T07:22:34.178Z	spark2	LOAD	21.976	4.321
2026-09-28T07:22:34.344Z	spark1	LOAD	17.756	4.073
2026-09-28T07:22:34.428Z	spark2	LOAD	21.860	4.321
2026-09-28T07:22:34.594Z	spark1	LOAD	17.715	4.073
2026-09-28T07:22:34.679Z	spark2	LOAD	21.283	4.319
2026-09-28T07:22:34.844Z	spark1	LOAD	17.684	4.073
2026-09-28T07:22:34.929Z	spark2	LOAD	21.594	4.319
2026-09-28T07:22:35.094Z	spark1	LOAD	17.705	4.073
2026-09-28T07:22:35.190Z	spark2	LOAD	21.416	4.315
2026-09-28T07:22:35.362Z	spark1	LOAD	17.639	4.073
2026-09-28T07:22:35.440Z	spark2	LOAD	21.348	4.312
2026-09-28T07:22:35.612Z	spark1	LOAD	17.607	4.073
2026-09-28T07:22:35.691Z	spark2	LOAD	21.228	4.312
2026-09-28T07:22:35.862Z	spark1	LOAD	17.575	4.073
2026-09-28T07:22:35.941Z	spark2	LOAD	21.117	4.312
2026-09-28T07:22:36.113Z	spark1	LOAD	17.511	4.073
2026-09-28T07:22:36.205Z	spark2	LOAD	20.971	4.312
2026-09-28T07:22:36.382Z	spark1	LOAD	17.474	4.073
2026-09-28T07:22:36.456Z	spark2	LOAD	20.856	4.312
2026-09-28T07:22:36.632Z	spark1	LOAD	17.454	4.073
2026-09-28T07:22:36.707Z	spark2	LOAD	20.760	4.312
2026-09-28T07:22:36.883Z	spark1	LOAD	17.422	4.073
2026-09-28T07:22:36.958Z	spark2	LOAD	22.829	4.312
2026-09-28T07:22:37.133Z	spark1	LOAD	17.395	4.073
2026-09-28T07:22:37.218Z	spark2	LOAD	23.387	4.312
2026-09-28T07:22:37.396Z	spark1	LOAD	17.361	4.073
2026-09-28T07:22:37.468Z	spark2	LOAD	23.375	4.312
2026-09-28T07:22:37.646Z	spark1	LOAD	17.330	4.073
2026-09-28T07:22:37.719Z	spark2	LOAD	23.312	4.312
2026-09-28T07:22:37.897Z	spark1	LOAD	17.293	4.073
2026-09-28T07:22:37.970Z	spark2	LOAD	23.221	4.312
2026-09-28T07:22:38.147Z	spark1	LOAD	17.281	4.073
2026-09-28T07:22:38.231Z	spark2	LOAD	23.120	4.312
2026-09-28T07:22:38.415Z	spark1	LOAD	17.244	4.073
2026-09-28T07:22:38.481Z	spark2	LOAD	23.030	4.312
2026-09-28T07:22:38.666Z	spark1	LOAD	17.212	4.073
2026-09-28T07:22:38.731Z	spark2	LOAD	22.937	4.312
2026-09-28T07:22:38.916Z	spark1	LOAD	17.182	4.073
2026-09-28T07:22:38.982Z	spark2	LOAD	22.850	4.312
2026-09-28T07:22:39.166Z	spark1	LOAD	17.150	4.073
2026-09-28T07:22:39.246Z	spark2	LOAD	22.782	4.312
2026-09-28T07:22:39.435Z	spark1	LOAD	17.113	4.073
2026-09-28T07:22:39.496Z	spark2	LOAD	22.686	4.312
2026-09-28T07:22:39.685Z	spark1	LOAD	17.069	4.073
2026-09-28T07:22:39.746Z	spark2	LOAD	22.624	4.313
2026-09-28T07:22:39.936Z	spark1	LOAD	17.041	4.073
2026-09-28T07:22:39.997Z	spark2	LOAD	22.536	4.313
2026-09-28T07:22:40.186Z	spark1	LOAD	16.981	4.073
2026-09-28T07:22:40.261Z	spark2	LOAD	22.441	4.313
2026-09-28T07:22:40.453Z	spark1	LOAD	16.962	4.073
2026-09-28T07:22:40.511Z	spark2	LOAD	22.354	4.313
2026-09-28T07:22:40.704Z	spark1	LOAD	16.931	4.073
2026-09-28T07:22:40.762Z	spark2	LOAD	22.105	4.314
2026-09-28T07:22:40.955Z	spark1	LOAD	16.899	4.073
2026-09-28T07:22:41.012Z	spark2	LOAD	21.717	4.314
2026-09-28T07:22:41.205Z	spark1	LOAD	16.871	4.073
2026-09-28T07:22:41.272Z	spark2	LOAD	21.616	4.314
2026-09-28T07:22:41.474Z	spark1	LOAD	16.839	4.073
2026-09-28T07:22:41.522Z	spark2	LOAD	21.987	4.316
2026-09-28T07:22:41.725Z	spark1	LOAD	16.810	4.073
2026-09-28T07:22:41.773Z	spark2	LOAD	21.902	4.318
2026-09-28T07:22:41.975Z	spark1	LOAD	16.782	4.073
2026-09-28T07:22:42.024Z	spark2	LOAD	21.811	4.318
2026-09-28T07:22:42.225Z	spark1	LOAD	16.739	4.073
2026-09-28T07:22:42.283Z	spark2	LOAD	21.746	4.318
2026-09-28T07:22:42.487Z	spark1	LOAD	16.733	4.073
2026-09-28T07:22:42.534Z	spark2	LOAD	21.660	4.318
2026-09-28T07:22:42.738Z	spark1	LOAD	16.688	4.073
2026-09-28T07:22:42.784Z	spark2	LOAD	21.585	4.318
2026-09-28T07:22:42.988Z	spark1	LOAD	16.660	4.073
2026-09-28T07:22:43.035Z	spark2	LOAD	21.505	4.318
2026-09-28T07:22:43.238Z	spark1	LOAD	16.625	4.073
2026-09-28T07:22:43.299Z	spark2	LOAD	21.414	4.319
2026-09-28T07:22:43.505Z	spark1	LOAD	16.594	4.073
2026-09-28T07:22:43.550Z	spark2	LOAD	21.329	4.319
2026-09-28T07:22:43.755Z	spark1	LOAD	16.563	4.073
2026-09-28T07:22:43.801Z	spark2	LOAD	22.660	4.319
2026-09-28T07:22:44.005Z	spark1	LOAD	16.536	4.073
2026-09-28T07:22:44.051Z	spark2	LOAD	23.519	4.319
2026-09-28T07:22:44.256Z	spark1	LOAD	16.505	4.073
2026-09-28T07:22:44.316Z	spark2	LOAD	23.427	4.319
2026-09-28T07:22:44.524Z	spark1	LOAD	16.460	4.073
2026-09-28T07:22:44.566Z	spark2	LOAD	23.344	4.319
2026-09-28T07:22:44.775Z	spark1	LOAD	16.431	4.073
2026-09-28T07:22:44.817Z	spark2	LOAD	23.238	4.319
2026-09-28T07:22:45.026Z	spark1	LOAD	16.401	4.073
2026-09-28T07:22:45.067Z	spark2	LOAD	23.131	4.319
2026-09-28T07:22:45.277Z	spark1	LOAD	16.373	4.073
2026-09-28T07:22:45.332Z	spark2	LOAD	23.005	4.319
2026-09-28T07:22:45.543Z	spark1	LOAD	16.291	4.073
2026-09-28T07:22:45.583Z	spark2	LOAD	22.874	4.319
2026-09-28T07:22:45.794Z	spark1	LOAD	16.261	4.073
2026-09-28T07:22:45.833Z	spark2	LOAD	22.722	4.316
2026-09-28T07:22:46.044Z	spark1	LOAD	16.230	4.073
2026-09-28T07:22:46.083Z	spark2	LOAD	22.629	4.313
2026-09-28T07:22:46.295Z	spark1	LOAD	16.196	4.073
2026-09-28T07:22:46.344Z	spark2	LOAD	22.510	4.310
2026-09-28T07:22:46.562Z	spark1	LOAD	16.117	4.073
2026-09-28T07:22:46.594Z	spark2	LOAD	22.429	4.308
2026-09-28T07:22:46.812Z	spark1	LOAD	16.088	4.073
2026-09-28T07:22:46.845Z	spark2	LOAD	21.861	4.307
2026-09-28T07:22:47.063Z	spark1	LOAD	16.084	4.074
2026-09-28T07:22:47.095Z	spark2	LOAD	22.201	4.309
2026-09-28T07:22:47.313Z	spark1	LOAD	16.051	4.074
2026-09-28T07:22:47.359Z	spark2	LOAD	22.127	4.309
2026-09-28T07:22:47.581Z	spark1	LOAD	16.020	4.074
2026-09-28T07:22:47.610Z	spark2	LOAD	22.016	4.309
2026-09-28T07:22:47.831Z	spark1	LOAD	15.988	4.074
2026-09-28T07:22:47.860Z	spark2	LOAD	21.958	4.309
2026-09-28T07:22:48.082Z	spark1	LOAD	15.973	4.074
2026-09-28T07:22:48.110Z	spark2	LOAD	21.863	4.309
2026-09-28T07:22:48.332Z	spark1	LOAD	15.931	4.074
2026-09-28T07:22:48.375Z	spark2	LOAD	21.750	4.309
2026-09-28T07:22:48.595Z	spark1	LOAD	17.481	4.074
2026-09-28T07:22:48.626Z	spark2	LOAD	21.624	4.311
2026-09-28T07:22:48.845Z	spark1	LOAD	19.100	4.074
2026-09-28T07:22:48.876Z	spark2	LOAD	21.511	4.311
2026-09-28T07:22:49.096Z	spark1	LOAD	19.065	4.074
2026-09-28T07:22:49.126Z	spark2	LOAD	21.427	4.311
2026-09-28T07:22:49.346Z	spark1	LOAD	19.037	4.074
2026-09-28T07:22:49.390Z	spark2	LOAD	21.319	4.312
2026-09-28T07:22:49.613Z	spark1	LOAD	18.990	4.074
2026-09-28T07:22:49.640Z	spark2	LOAD	21.210	4.312
2026-09-28T07:22:49.864Z	spark1	LOAD	18.959	4.074
2026-09-28T07:22:49.890Z	spark2	LOAD	21.076	4.313
2026-09-28T07:22:50.115Z	spark1	LOAD	18.928	4.074
2026-09-28T07:22:50.140Z	spark2	LOAD	20.969	4.313
2026-09-28T07:22:50.365Z	spark1	LOAD	18.897	4.074
2026-09-28T07:22:50.406Z	spark2	LOAD	20.857	4.313
2026-09-28T07:22:50.634Z	spark1	LOAD	18.839	4.074
2026-09-28T07:22:50.657Z	spark2	LOAD	21.785	4.313
2026-09-28T07:22:50.884Z	spark1	LOAD	18.812	4.074
2026-09-28T07:22:50.907Z	spark2	LOAD	23.323	4.313
2026-09-28T07:22:51.134Z	spark1	LOAD	18.843	4.074
2026-09-28T07:22:51.158Z	spark2	LOAD	23.308	4.313
2026-09-28T07:22:51.385Z	spark1	LOAD	18.812	4.074
2026-09-28T07:22:51.423Z	spark2	LOAD	23.295	4.313
2026-09-28T07:22:51.647Z	spark1	LOAD	18.782	4.074
2026-09-28T07:22:51.673Z	spark2	LOAD	23.232	4.313
2026-09-28T07:22:51.897Z	spark1	LOAD	18.752	4.074
2026-09-28T07:22:51.924Z	spark2	LOAD	23.176	4.313
2026-09-28T07:22:52.147Z	spark1	LOAD	18.724	4.074
2026-09-28T07:22:52.174Z	spark2	LOAD	23.090	4.313
2026-09-28T07:22:52.398Z	spark1	LOAD	18.693	4.074
2026-09-28T07:22:52.435Z	spark2	LOAD	22.995	4.313
2026-09-28T07:22:52.667Z	spark1	LOAD	18.643	4.074
2026-09-28T07:22:52.685Z	spark2	LOAD	22.882	4.313
2026-09-28T07:22:52.917Z	spark1	LOAD	18.614	4.074
2026-09-28T07:22:52.935Z	spark2	LOAD	22.766	4.312
2026-09-28T07:22:53.168Z	spark1	LOAD	18.587	4.074
2026-09-28T07:22:53.186Z	spark2	LOAD	22.664	4.312
2026-09-28T07:22:53.418Z	spark1	LOAD	18.561	4.074
2026-09-28T07:22:53.446Z	spark2	LOAD	22.580	4.312
2026-09-28T07:22:53.685Z	spark1	LOAD	18.529	4.074
2026-09-28T07:22:53.697Z	spark2	LOAD	22.483	4.312
2026-09-28T07:22:53.935Z	spark1	LOAD	18.503	4.074
2026-09-28T07:22:53.947Z	spark2	LOAD	22.393	4.312
2026-09-28T07:22:54.186Z	spark1	LOAD	18.471	4.074
2026-09-28T07:22:54.198Z	spark2	LOAD	22.294	4.312
2026-09-28T07:22:54.436Z	spark1	LOAD	18.439	4.074
2026-09-28T07:22:54.462Z	spark2	LOAD	22.128	4.314
2026-09-28T07:22:54.706Z	spark1	LOAD	18.363	4.074
2026-09-28T07:22:54.712Z	spark2	LOAD	21.718	4.314
2026-09-28T07:22:54.956Z	spark1	LOAD	18.333	4.074
2026-09-28T07:22:54.963Z	spark2	LOAD	22.049	4.315
2026-09-28T07:22:55.207Z	spark1	LOAD	18.306	4.074
2026-09-28T07:22:55.212Z	spark2	LOAD	21.947	4.315
2026-09-28T07:22:55.457Z	spark1	LOAD	18.279	4.074
2026-09-28T07:22:55.473Z	spark2	LOAD	21.837	4.315
2026-09-28T07:22:55.723Z	spark2	LOAD	21.742	4.315
2026-09-28T07:22:55.725Z	spark1	LOAD	18.186	4.074
2026-09-28T07:22:55.973Z	spark2	LOAD	21.609	4.315
2026-09-28T07:22:55.976Z	spark1	LOAD	18.153	4.074
2026-09-28T07:22:56.224Z	spark2	LOAD	21.068	4.315
2026-09-28T07:22:56.226Z	spark1	LOAD	18.125	4.074
2026-09-28T07:22:56.476Z	spark1	LOAD	18.059	4.074
2026-09-28T07:22:56.488Z	spark2	LOAD	21.409	4.316
2026-09-28T07:22:56.738Z	spark2	LOAD	21.286	4.317
2026-09-28T07:22:56.744Z	spark1	LOAD	18.001	4.074
2026-09-28T07:22:56.989Z	spark2	LOAD	21.221	4.344
2026-09-28T07:22:56.994Z	spark1	LOAD	17.974	4.074
2026-09-28T07:22:57.239Z	spark2	LOAD	22.325	4.355
2026-09-28T07:22:57.244Z	spark1	LOAD	17.958	4.074
2026-09-28T07:22:57.495Z	spark1	LOAD	17.909	4.074
2026-09-28T07:22:57.504Z	spark2	LOAD	23.509	4.351
2026-09-28T07:22:57.754Z	spark2	LOAD	23.407	4.347
2026-09-28T07:22:57.764Z	spark1	LOAD	17.879	4.074
2026-09-28T07:22:58.005Z	spark2	LOAD	23.306	4.345
2026-09-28T07:22:58.015Z	spark1	LOAD	17.853	4.074
2026-09-28T07:22:58.255Z	spark2	LOAD	23.182	4.345
2026-09-28T07:22:58.265Z	spark1	LOAD	17.823	4.074
2026-09-28T07:22:58.516Z	spark1	LOAD	17.796	4.074
2026-09-28T07:22:58.520Z	spark2	LOAD	23.062	4.345
2026-09-28T07:22:58.770Z	spark2	LOAD	22.917	4.345
2026-09-28T07:22:58.779Z	spark1	LOAD	17.850	4.074
2026-09-28T07:22:59.020Z	spark2	LOAD	22.785	4.345
2026-09-28T07:22:59.029Z	spark1	LOAD	17.818	4.074
2026-09-28T07:22:59.271Z	spark2	LOAD	22.773	4.356
2026-09-28T07:22:59.279Z	spark1	LOAD	17.788	4.074
2026-09-28T07:22:59.530Z	spark1	LOAD	17.757	4.074
2026-09-28T07:22:59.532Z	spark2	LOAD	22.664	4.358
2026-09-28T07:22:59.782Z	spark2	LOAD	22.535	4.359
2026-09-28T07:22:59.797Z	spark1	LOAD	17.718	4.074
2026-09-28T07:23:00.032Z	spark2	LOAD	22.438	4.359
2026-09-28T07:23:00.047Z	spark1	LOAD	17.691	4.074
2026-09-28T07:23:00.283Z	spark2	LOAD	22.345	4.360
2026-09-28T07:23:00.298Z	spark1	LOAD	17.656	4.074
2026-09-28T07:23:00.542Z	spark2	LOAD	22.034	4.361
2026-09-28T07:23:00.548Z	spark1	LOAD	17.617	4.074
2026-09-28T07:23:00.793Z	spark2	LOAD	21.665	4.361
2026-09-28T07:23:00.815Z	spark1	LOAD	17.565	4.074
2026-09-28T07:23:01.043Z	spark2	LOAD	21.700	4.362
2026-09-28T07:23:01.066Z	spark1	LOAD	17.536	4.074
2026-09-28T07:23:01.293Z	spark2	LOAD	21.881	4.363
2026-09-28T07:23:01.316Z	spark1	LOAD	17.505	4.074
2026-09-28T07:23:01.558Z	spark2	LOAD	21.821	4.364
2026-09-28T07:23:01.566Z	spark1	LOAD	17.440	4.075
2026-09-28T07:23:01.809Z	spark2	LOAD	21.681	4.364
2026-09-28T07:23:01.828Z	spark1	LOAD	17.447	4.075
2026-09-28T07:23:02.059Z	spark2	LOAD	21.582	4.365
2026-09-28T07:23:02.079Z	spark1	LOAD	17.419	4.075
2026-09-28T07:23:02.309Z	spark2	LOAD	21.476	4.365
2026-09-28T07:23:02.329Z	spark1	LOAD	17.383	4.075
2026-09-28T07:23:02.574Z	spark2	LOAD	21.363	4.367
2026-09-28T07:23:02.579Z	spark1	LOAD	17.351	4.075
2026-09-28T07:23:02.825Z	spark2	LOAD	21.232	4.370
2026-09-28T07:23:02.841Z	spark1	LOAD	17.279	4.075
2026-09-28T07:23:03.075Z	spark2	LOAD	21.115	4.371
2026-09-28T07:23:03.091Z	spark1	LOAD	17.248	4.075
2026-09-28T07:23:03.325Z	spark2	LOAD	20.997	4.371
2026-09-28T07:23:03.342Z	spark1	LOAD	17.214	4.075
2026-09-28T07:23:03.586Z	spark2	LOAD	22.597	4.370
2026-09-28T07:23:03.592Z	spark1	LOAD	17.256	4.075
2026-09-28T07:23:03.836Z	spark2	LOAD	23.403	4.370
2026-09-28T07:23:03.855Z	spark1	LOAD	17.223	4.075
2026-09-28T07:23:04.086Z	spark2	LOAD	23.391	4.370
2026-09-28T07:23:04.105Z	spark1	LOAD	17.190	4.075
2026-09-28T07:23:04.337Z	spark2	LOAD	23.296	4.370
2026-09-28T07:23:04.355Z	spark1	LOAD	17.153	4.075
2026-09-28T07:23:04.597Z	spark2	LOAD	23.168	4.370
2026-09-28T07:23:04.606Z	spark1	LOAD	17.096	4.075
2026-09-28T07:23:04.847Z	spark2	LOAD	23.067	4.370
2026-09-28T07:23:04.868Z	spark1	LOAD	17.029	4.075
2026-09-28T07:23:05.098Z	spark2	LOAD	22.971	4.370
2026-09-28T07:23:05.118Z	spark1	LOAD	17.006	4.075
2026-09-28T07:23:05.349Z	spark2	LOAD	22.880	4.370
2026-09-28T07:23:05.368Z	spark1	LOAD	16.983	4.075
2026-09-28T07:23:05.609Z	spark2	LOAD	22.774	4.370
2026-09-28T07:23:05.619Z	spark1	LOAD	16.952	4.075
2026-09-28T07:23:05.859Z	spark2	LOAD	22.694	4.370
2026-09-28T07:23:05.886Z	spark1	LOAD	16.916	4.075
2026-09-28T07:23:06.110Z	spark2	LOAD	22.612	4.370
2026-09-28T07:23:06.136Z	spark1	LOAD	16.886	4.075
2026-09-28T07:23:06.360Z	spark2	LOAD	22.529	4.370
2026-09-28T07:23:06.387Z	spark1	LOAD	16.870	4.075
2026-09-28T07:23:06.624Z	spark2	LOAD	22.434	4.370
2026-09-28T07:23:06.637Z	spark1	LOAD	16.841	4.075
2026-09-28T07:23:06.875Z	spark2	LOAD	22.489	4.371
2026-09-28T07:23:06.899Z	spark1	LOAD	16.757	4.075
2026-09-28T07:23:07.125Z	spark2	LOAD	21.970	4.371
2026-09-28T07:23:07.149Z	spark1	LOAD	16.744	4.075
2026-09-28T07:23:07.375Z	spark2	LOAD	21.870	4.371
2026-09-28T07:23:07.400Z	spark1	LOAD	16.422	4.075
2026-09-28T07:23:07.636Z	spark2	LOAD	21.784	4.371
2026-09-28T07:23:07.650Z	spark1	LOAD	16.640	4.075
2026-09-28T07:23:07.886Z	spark2	LOAD	22.145	4.371
2026-09-28T07:23:07.913Z	spark1	LOAD	16.597	4.075
2026-09-28T07:23:08.137Z	spark2	LOAD	22.012	4.368
2026-09-28T07:23:08.164Z	spark1	LOAD	16.563	4.075
2026-09-28T07:23:08.387Z	spark2	LOAD	21.880	4.365
2026-09-28T07:23:08.415Z	spark1	LOAD	16.552	4.075
2026-09-28T07:23:08.651Z	spark2	LOAD	21.779	4.362
2026-09-28T07:23:08.665Z	spark1	LOAD	16.493	4.075
2026-09-28T07:23:08.902Z	spark2	LOAD	21.674	4.360
2026-09-28T07:23:08.932Z	spark1	LOAD	16.445	4.075
2026-09-28T07:23:09.151Z	spark2	LOAD	21.589	4.358
2026-09-28T07:23:09.182Z	spark1	LOAD	16.445	4.075
2026-09-28T07:23:09.402Z	spark2	LOAD	21.495	4.358
2026-09-28T07:23:09.432Z	spark1	LOAD	16.413	4.075
2026-09-28T07:23:09.663Z	spark2	LOAD	21.389	4.358
2026-09-28T07:23:09.683Z	spark1	LOAD	16.371	4.075
2026-09-28T07:23:09.913Z	spark2	LOAD	20.872	4.358
2026-09-28T07:23:09.949Z	spark1	LOAD	16.323	4.075
2026-09-28T07:23:10.163Z	spark2	LOAD	22.555	4.357
2026-09-28T07:23:10.200Z	spark1	LOAD	16.313	4.075
2026-09-28T07:23:10.414Z	spark2	LOAD	23.557	4.357
2026-09-28T07:23:10.450Z	spark1	LOAD	16.281	4.075
2026-09-28T07:23:10.675Z	spark2	LOAD	23.496	4.357
2026-09-28T07:23:10.700Z	spark1	LOAD	16.250	4.075
2026-09-28T07:23:10.925Z	spark2	LOAD	23.395	4.357
2026-09-28T07:23:10.969Z	spark1	LOAD	16.217	4.075
2026-09-28T07:23:11.175Z	spark2	LOAD	23.307	4.357
2026-09-28T07:23:11.219Z	spark1	LOAD	16.158	4.082
2026-09-28T07:23:11.425Z	spark2	LOAD	23.199	4.357
2026-09-28T07:23:11.470Z	spark1	LOAD	16.134	4.088
2026-09-28T07:23:11.686Z	spark2	LOAD	23.061	4.352
2026-09-28T07:23:11.720Z	spark1	LOAD	16.103	4.088
2026-09-28T07:23:11.936Z	spark2	LOAD	22.922	4.352
2026-09-28T07:23:11.987Z	spark1	LOAD	15.928	4.239
2026-09-28T07:23:12.187Z	spark2	LOAD	22.813	4.352
2026-09-28T07:23:12.237Z	spark1	LOAD	15.913	4.241
2026-09-28T07:23:12.437Z	spark2	LOAD	22.713	4.352
2026-09-28T07:23:12.488Z	spark1	LOAD	15.875	4.241
2026-09-28T07:23:12.698Z	spark2	LOAD	22.600	4.352
2026-09-28T07:23:12.738Z	spark1	LOAD	17.018	4.241
2026-09-28T07:23:12.948Z	spark2	LOAD	22.074	4.352
2026-09-28T07:23:13.001Z	spark1	LOAD	18.556	4.241
2026-09-28T07:23:13.198Z	spark2	LOAD	22.377	4.352
2026-09-28T07:23:13.251Z	spark1	LOAD	18.979	4.241
2026-09-28T07:23:13.448Z	spark2	LOAD	22.260	4.352
2026-09-28T07:23:13.502Z	spark1	LOAD	18.948	4.241
2026-09-28T07:23:13.709Z	spark2	LOAD	21.705	4.352
2026-09-28T07:23:13.752Z	spark1	LOAD	18.917	4.241
2026-09-28T07:23:13.960Z	spark2	LOAD	22.035	4.352
2026-09-28T07:23:14.019Z	spark1	LOAD	18.883	4.241
2026-09-28T07:23:14.210Z	spark2	LOAD	21.946	4.352
2026-09-28T07:23:14.269Z	spark1	LOAD	18.846	4.241
2026-09-28T07:23:14.460Z	spark2	LOAD	21.788	4.352
2026-09-28T07:23:14.520Z	spark1	LOAD	18.815	4.241
2026-09-28T07:23:14.721Z	spark2	LOAD	21.655	4.352
2026-09-28T07:23:14.770Z	spark1	LOAD	18.766	4.241
2026-09-28T07:23:14.971Z	spark2	LOAD	21.563	4.352
2026-09-28T07:23:15.032Z	spark1	LOAD	18.725	4.241
2026-09-28T07:23:15.222Z	spark2	LOAD	21.449	4.352
2026-09-28T07:23:15.283Z	spark1	LOAD	18.670	4.241
2026-09-28T07:23:15.472Z	spark2	LOAD	21.332	4.352
2026-09-28T07:23:15.533Z	spark1	LOAD	18.637	4.241
2026-09-28T07:23:15.736Z	spark2	LOAD	21.205	4.352
2026-09-28T07:23:15.784Z	spark1	LOAD	18.600	4.241
2026-09-28T07:23:15.987Z	spark2	LOAD	21.063	4.352
2026-09-28T07:23:16.046Z	spark1	LOAD	18.564	4.241
2026-09-28T07:23:16.237Z	spark2	LOAD	20.949	4.352
2026-09-28T07:23:16.297Z	spark1	LOAD	18.527	4.241
2026-09-28T07:23:16.487Z	spark2	LOAD	21.394	4.352
2026-09-28T07:23:16.547Z	spark1	LOAD	18.488	4.262
2026-09-28T07:23:16.752Z	spark2	LOAD	23.168	4.352
2026-09-28T07:23:16.797Z	spark1	LOAD	18.451	4.262
2026-09-28T07:23:17.003Z	spark2	LOAD	23.139	4.352
2026-09-28T07:23:17.066Z	spark1	LOAD	18.410	4.262
2026-09-28T07:23:17.252Z	spark2	LOAD	23.004	4.352
2026-09-28T07:23:17.317Z	spark1	LOAD	18.361	4.262
2026-09-28T07:23:17.502Z	spark2	LOAD	22.883	4.352
2026-09-28T07:23:17.567Z	spark1	LOAD	18.327	4.262
2026-09-28T07:23:17.763Z	spark2	LOAD	22.734	4.352
2026-09-28T07:23:17.818Z	spark1	LOAD	18.295	4.262
2026-09-28T07:23:18.014Z	spark2	LOAD	22.618	4.352
2026-09-28T07:23:18.085Z	spark1	LOAD	18.259	4.262
2026-09-28T07:23:18.263Z	spark2	LOAD	22.499	4.352
2026-09-28T07:23:18.335Z	spark1	LOAD	18.227	4.262
2026-09-28T07:23:18.514Z	spark2	LOAD	22.379	4.352
2026-09-28T07:23:18.585Z	spark1	LOAD	18.193	4.262
2026-09-28T07:23:18.778Z	spark2	LOAD	22.222	4.352
2026-09-28T07:23:18.835Z	spark1	LOAD	18.122	4.262
2026-09-28T07:23:19.028Z	spark2	LOAD	22.093	4.352
2026-09-28T07:23:19.098Z	spark1	LOAD	18.082	4.262
2026-09-28T07:23:19.279Z	spark2	LOAD	21.938	4.348
2026-09-28T07:23:19.348Z	spark1	LOAD	18.038	4.262
2026-09-28T07:23:19.529Z	spark2	LOAD	22.114	4.345
2026-09-28T07:23:19.598Z	spark1	LOAD	18.010	4.262
2026-09-28T07:23:19.789Z	spark2	LOAD	21.954	4.342
2026-09-28T07:23:19.849Z	spark1	LOAD	17.973	4.262
2026-09-28T07:23:20.040Z	spark2	LOAD	21.842	4.341
2026-09-28T07:23:20.111Z	spark1	LOAD	17.922	4.262
2026-09-28T07:23:20.290Z	spark2	LOAD	21.686	4.337
2026-09-28T07:23:20.362Z	spark1	LOAD	17.894	4.262
2026-09-28T07:23:20.540Z	spark2	LOAD	21.578	4.337
2026-09-28T07:23:20.612Z	spark1	LOAD	17.868	4.262
2026-09-28T07:23:20.802Z	spark2	LOAD	21.473	4.337
2026-09-28T07:23:20.862Z	spark1	LOAD	17.840	4.262
2026-09-28T07:23:21.051Z	spark2	LOAD	21.369	4.337
2026-09-28T07:23:21.130Z	spark1	LOAD	17.809	4.262
2026-09-28T07:23:21.301Z	spark2	LOAD	21.263	4.342
2026-09-28T07:23:21.380Z	spark1	LOAD	17.758	4.262
2026-09-28T07:23:21.552Z	spark2	LOAD	21.157	4.343
2026-09-28T07:23:21.631Z	spark1	LOAD	17.730	4.262
2026-09-28T07:23:21.817Z	spark2	LOAD	21.036	4.343
2026-09-28T07:23:21.881Z	spark1	LOAD	17.703	4.262
2026-09-28T07:23:22.067Z	spark2	LOAD	20.932	4.344
2026-09-28T07:23:22.143Z	spark1	LOAD	18.071	4.262
2026-09-28T07:23:22.318Z	spark2	LOAD	20.816	4.344
2026-09-28T07:23:22.394Z	spark1	LOAD	18.170	4.395
2026-09-28T07:23:22.568Z	spark2	LOAD	21.727	4.344
2026-09-28T07:23:22.644Z	spark1	LOAD	18.132	4.395
2026-09-28T07:23:22.829Z	spark2	LOAD	23.263	4.344
2026-09-28T07:23:22.895Z	spark1	LOAD	18.090	4.395
2026-09-28T07:23:23.079Z	spark2	LOAD	23.232	4.344
2026-09-28T07:23:23.162Z	spark1	LOAD	18.167	4.513
2026-09-28T07:23:23.329Z	spark2	LOAD	23.204	4.344
2026-09-28T07:23:23.413Z	spark1	LOAD	18.100	4.513
2026-09-28T07:23:23.580Z	spark2	LOAD	23.114	4.344
2026-09-28T07:23:23.663Z	spark1	LOAD	18.133	4.540
2026-09-28T07:23:23.844Z	spark2	LOAD	22.997	4.344
2026-09-28T07:23:23.913Z	spark1	LOAD	18.185	4.635
2026-09-28T07:23:24.094Z	spark2	LOAD	22.894	4.344
2026-09-28T07:23:24.180Z	spark1	LOAD	18.148	4.635
2026-09-28T07:23:24.345Z	spark2	LOAD	22.763	4.344
2026-09-28T07:23:24.430Z	spark1	LOAD	18.172	4.710
2026-09-28T07:23:24.595Z	spark2	LOAD	22.672	4.344
2026-09-28T07:23:24.680Z	spark1	LOAD	18.183	4.759
2026-09-28T07:23:24.860Z	spark2	LOAD	22.626	4.344
2026-09-28T07:23:24.931Z	spark1	LOAD	18.145	4.759
2026-09-28T07:23:25.109Z	spark2	LOAD	22.505	4.344
2026-09-28T07:23:25.193Z	spark1	LOAD	18.216	4.884
2026-09-28T07:23:25.360Z	spark2	LOAD	22.387	4.344
2026-09-28T07:23:25.443Z	spark1	LOAD	18.147	4.884
2026-09-28T07:23:25.610Z	spark2	LOAD	22.251	4.344
2026-09-28T07:23:25.693Z	spark1	LOAD	18.119	4.884
2026-09-28T07:23:25.874Z	spark2	LOAD	22.134	4.345
2026-09-28T07:23:25.944Z	spark1	LOAD	18.268	5.012
2026-09-28T07:23:26.125Z	spark2	LOAD	22.034	4.347
2026-09-28T07:23:26.213Z	spark1	LOAD	18.235	5.012
2026-09-28T07:23:26.375Z	spark2	LOAD	21.929	4.348
2026-09-28T07:23:26.463Z	spark1	LOAD	18.202	5.012
2026-09-28T07:23:26.625Z	spark2	LOAD	21.352	4.348
2026-09-28T07:23:26.714Z	spark1	LOAD	18.301	5.136
2026-09-28T07:23:26.891Z	spark2	LOAD	21.235	4.349
2026-09-28T07:23:26.965Z	spark1	LOAD	18.271	5.136
2026-09-28T07:23:27.141Z	spark2	LOAD	21.583	4.350
2026-09-28T07:23:27.227Z	spark1	LOAD	18.232	5.136
2026-09-28T07:23:27.391Z	spark2	LOAD	21.523	4.351
2026-09-28T07:23:27.477Z	spark1	LOAD	18.295	5.260
2026-09-28T07:23:27.641Z	spark2	LOAD	21.319	4.352
2026-09-28T07:23:27.728Z	spark1	LOAD	18.263	5.260
2026-09-28T07:23:27.902Z	spark2	LOAD	21.304	4.354
2026-09-28T07:23:27.978Z	spark1	LOAD	18.276	5.305
2026-09-28T07:23:28.153Z	spark2	LOAD	21.171	4.355
2026-09-28T07:23:28.240Z	spark1	LOAD	18.317	5.380
2026-09-28T07:23:28.403Z	spark2	LOAD	21.069	4.356
2026-09-28T07:23:28.491Z	spark1	LOAD	18.284	5.380
2026-09-28T07:23:28.653Z	spark2	LOAD	20.970	4.358
2026-09-28T07:23:28.741Z	spark1	LOAD	18.280	5.411
2026-09-28T07:23:28.918Z	spark2	LOAD	22.006	4.358
2026-09-28T07:23:28.992Z	spark1	LOAD	18.337	5.499
2026-09-28T07:23:29.168Z	spark2	LOAD	23.549	4.358
2026-09-28T07:23:29.259Z	spark1	LOAD	18.299	5.499
2026-09-28T07:23:29.418Z	spark2	LOAD	23.527	4.358
2026-09-28T07:23:29.509Z	spark1	LOAD	18.351	5.610
2026-09-28T07:23:29.668Z	spark2	LOAD	23.438	4.358
2026-09-28T07:23:29.759Z	spark1	LOAD	18.346	5.626
2026-09-28T07:23:29.934Z	spark2	LOAD	23.344	4.358
2026-09-28T07:23:30.010Z	spark1	LOAD	18.309	5.626
2026-09-28T07:23:30.184Z	spark2	LOAD	23.254	4.358
2026-09-28T07:23:30.272Z	spark1	LOAD	18.346	5.746
2026-09-28T07:23:30.434Z	spark2	LOAD	23.108	4.358
2026-09-28T07:23:30.523Z	spark1	LOAD	18.307	5.746
2026-09-28T07:23:30.685Z	spark2	LOAD	22.964	4.355
2026-09-28T07:23:30.773Z	spark1	LOAD	18.272	5.746
2026-09-28T07:23:30.948Z	spark2	LOAD	22.814	4.351
2026-09-28T07:23:31.023Z	spark1	LOAD	18.427	5.869
2026-09-28T07:23:31.199Z	spark2	LOAD	22.694	4.348
2026-09-28T07:23:31.286Z	spark1	LOAD	18.369	5.869
2026-09-28T07:23:31.449Z	spark2	LOAD	22.612	4.345
2026-09-28T07:23:31.536Z	spark1	LOAD	18.467	5.970
2026-09-28T07:23:31.699Z	spark2	LOAD	22.506	4.344
2026-09-28T07:23:31.787Z	spark1	LOAD	18.451	5.990
2026-09-28T07:23:31.960Z	spark2	LOAD	22.408	4.345
2026-09-28T07:23:32.037Z	spark1	LOAD	18.413	6.078
2026-09-28T07:23:32.211Z	spark2	LOAD	21.868	4.345
2026-09-28T07:23:32.306Z	spark1	LOAD	18.442	6.140
2026-09-28T07:23:32.461Z	spark2	LOAD	22.225	4.346
2026-09-28T07:23:32.557Z	spark1	LOAD	18.613	6.239
2026-09-28T07:23:32.712Z	spark2	LOAD	22.129	4.347
2026-09-28T07:23:32.807Z	spark1	LOAD	18.648	6.287
2026-09-28T07:23:32.972Z	spark2	LOAD	21.538	4.347
2026-09-28T07:23:33.057Z	spark1	LOAD	18.719	6.397
2026-09-28T07:23:33.223Z	spark2	LOAD	21.900	4.348
2026-09-28T07:23:33.319Z	spark1	LOAD	18.813	6.522
2026-09-28T07:23:33.473Z	spark2	LOAD	21.794	4.348
2026-09-28T07:23:33.569Z	spark1	LOAD	18.865	6.609
2026-09-28T07:23:33.724Z	spark2	LOAD	21.690	4.349
2026-09-28T07:23:33.820Z	spark1	LOAD	18.950	6.718
2026-09-28T07:23:33.989Z	spark2	LOAD	21.578	4.350
2026-09-28T07:23:34.070Z	spark1	LOAD	19.007	6.821
2026-09-28T07:23:34.239Z	spark2	LOAD	21.023	4.350
2026-09-28T07:23:34.334Z	spark1	LOAD	19.018	6.873
2026-09-28T07:23:34.490Z	spark2	LOAD	20.963	4.351
2026-09-28T07:23:34.584Z	spark1	LOAD	19.075	6.965
2026-09-28T07:23:34.740Z	spark2	LOAD	21.296	4.353
2026-09-28T07:23:34.834Z	spark1	LOAD	19.024	6.965
2026-09-28T07:23:35.004Z	spark2	LOAD	21.185	4.354
2026-09-28T07:23:35.085Z	spark1	LOAD	18.954	7.006
2026-09-28T07:23:35.255Z	spark2	LOAD	21.081	4.355
2026-09-28T07:23:35.354Z	spark1	LOAD	19.002	7.086
2026-09-28T07:23:35.506Z	spark2	LOAD	21.432	4.355
2026-09-28T07:23:35.604Z	spark1	LOAD	19.081	7.142
2026-09-28T07:23:35.756Z	spark2	LOAD	23.447	4.355
2026-09-28T07:23:35.854Z	spark1	LOAD	19.165	7.227
2026-09-28T07:23:36.020Z	spark2	LOAD	23.553	4.355
2026-09-28T07:23:36.105Z	spark1	LOAD	18.987	7.266
2026-09-28T07:23:36.271Z	spark2	LOAD	23.441	4.355
2026-09-28T07:23:36.371Z	spark1	LOAD	18.952	7.266
2026-09-28T07:23:36.521Z	spark2	LOAD	23.313	4.355
2026-09-28T07:23:36.622Z	spark1	LOAD	18.922	7.266
2026-09-28T07:23:36.771Z	spark2	LOAD	23.198	4.355
2026-09-28T07:23:36.873Z	spark1	LOAD	19.983	7.266
2026-09-28T07:23:37.032Z	spark2	LOAD	23.073	4.355
2026-09-28T07:23:37.123Z	spark1	LOAD	21.851	7.266
2026-09-28T07:23:37.282Z	spark2	LOAD	22.965	4.355
2026-09-28T07:23:37.386Z	spark1	LOAD	22.124	7.266
2026-09-28T07:23:37.533Z	spark2	LOAD	22.812	4.355
2026-09-28T07:23:37.636Z	spark1	LOAD	22.087	7.266
2026-09-28T07:23:37.782Z	spark2	LOAD	22.684	4.355
2026-09-28T07:23:37.886Z	spark1	LOAD	22.039	7.266
2026-09-28T07:23:38.044Z	spark2	LOAD	22.559	4.355
2026-09-28T07:23:38.137Z	spark1	LOAD	22.011	7.266
2026-09-28T07:23:38.294Z	spark2	LOAD	22.468	4.355
2026-09-28T07:23:38.405Z	spark1	LOAD	21.973	7.266
2026-09-28T07:23:38.544Z	spark2	LOAD	22.327	4.356
2026-09-28T07:23:38.655Z	spark1	LOAD	21.943	7.266
2026-09-28T07:23:38.794Z	spark2	LOAD	22.217	4.357
2026-09-28T07:23:38.905Z	spark1	LOAD	21.908	7.266
2026-09-28T07:23:39.059Z	spark2	LOAD	21.625	4.357
2026-09-28T07:23:39.156Z	spark1	LOAD	21.877	7.266
2026-09-28T07:23:39.310Z	spark2	LOAD	21.826	4.358
2026-09-28T07:23:39.418Z	spark1	LOAD	21.843	7.266
2026-09-28T07:23:39.560Z	spark2	LOAD	21.855	4.359
2026-09-28T07:23:39.668Z	spark1	LOAD	21.811	7.266
2026-09-28T07:23:39.810Z	spark2	LOAD	21.731	4.360
2026-09-28T07:23:39.918Z	spark1	LOAD	21.743	7.266
2026-09-28T07:23:40.074Z	spark2	LOAD	21.596	4.361
2026-09-28T07:23:40.169Z	spark1	LOAD	21.708	7.266
2026-09-28T07:23:40.325Z	spark2	LOAD	21.030	4.362
2026-09-28T07:23:40.430Z	spark1	LOAD	21.678	7.266
2026-09-28T07:23:40.575Z	spark2	LOAD	20.915	4.363
2026-09-28T07:23:40.681Z	spark1	LOAD	21.648	7.266
2026-09-28T07:23:40.826Z	spark2	LOAD	21.187	4.365
2026-09-28T07:23:40.931Z	spark1	LOAD	21.620	7.266
2026-09-28T07:23:41.091Z	spark2	LOAD	21.077	4.367
2026-09-28T07:23:41.182Z	spark1	LOAD	21.574	7.266
2026-09-28T07:23:41.342Z	spark2	LOAD	20.940	4.367
2026-09-28T07:23:41.443Z	spark1	LOAD	21.518	7.266
2026-09-28T07:23:41.592Z	spark2	LOAD	20.808	4.367
2026-09-28T07:23:41.694Z	spark1	LOAD	21.491	7.266
2026-09-28T07:23:41.842Z	spark2	LOAD	22.735	4.363
2026-09-28T07:23:41.944Z	spark1	LOAD	21.453	7.266
2026-09-28T07:23:42.102Z	spark2	LOAD	23.438	4.359
2026-09-28T07:23:42.194Z	spark1	LOAD	21.401	7.266
2026-09-28T07:23:42.352Z	spark2	LOAD	23.378	4.355
2026-09-28T07:23:42.464Z	spark1	LOAD	21.372	7.266
2026-09-28T07:23:42.603Z	spark2	LOAD	23.277	4.352
2026-09-28T07:23:42.714Z	spark1	LOAD	21.346	7.266
2026-09-28T07:23:42.853Z	spark2	LOAD	23.255	4.351
2026-09-28T07:23:42.965Z	spark1	LOAD	21.320	7.266
2026-09-28T07:23:43.118Z	spark2	LOAD	23.139	4.351
2026-09-28T07:23:43.215Z	spark1	LOAD	21.295	7.266
2026-09-28T07:23:43.369Z	spark2	LOAD	23.061	4.351
2026-09-28T07:23:43.477Z	spark1	LOAD	21.262	7.266
2026-09-28T07:23:43.619Z	spark2	LOAD	22.956	4.351
2026-09-28T07:23:43.728Z	spark1	LOAD	21.231	7.266
2026-09-28T07:23:43.870Z	spark2	LOAD	22.867	4.351
2026-09-28T07:23:43.978Z	spark1	LOAD	21.186	7.266
2026-09-28T07:23:44.134Z	spark2	LOAD	22.772	4.351
2026-09-28T07:23:44.228Z	spark1	LOAD	21.159	7.266
2026-09-28T07:23:44.385Z	spark2	LOAD	22.671	4.351
2026-09-28T07:23:44.496Z	spark1	LOAD	21.129	7.266
2026-09-28T07:23:44.635Z	spark2	LOAD	22.590	4.351
2026-09-28T07:23:44.746Z	spark1	LOAD	21.089	7.266
2026-09-28T07:23:44.885Z	spark2	LOAD	22.493	4.351
2026-09-28T07:23:44.996Z	spark1	LOAD	21.061	7.266
2026-09-28T07:23:45.145Z	spark2	LOAD	22.420	4.352
2026-09-28T07:23:45.247Z	spark1	LOAD	21.031	7.266
2026-09-28T07:23:45.396Z	spark2	LOAD	21.889	4.352
2026-09-28T07:23:45.513Z	spark1	LOAD	20.995	7.266
2026-09-28T07:23:45.646Z	spark2	LOAD	22.263	4.353
2026-09-28T07:23:45.763Z	spark1	LOAD	20.970	7.266
2026-09-28T07:23:45.897Z	spark2	LOAD	21.713	4.353
2026-09-28T07:23:46.014Z	spark1	LOAD	20.915	7.266
2026-09-28T07:23:46.156Z	spark2	LOAD	22.068	4.353
2026-09-28T07:23:46.264Z	spark1	LOAD	20.888	7.266
2026-09-28T07:23:46.406Z	spark2	LOAD	21.971	4.353
2026-09-28T07:23:46.532Z	spark1	LOAD	20.855	7.266
2026-09-28T07:23:46.657Z	spark2	LOAD	21.883	4.363
2026-09-28T07:23:46.782Z	spark1	LOAD	20.823	7.266
2026-09-28T07:23:46.907Z	spark2	LOAD	21.780	4.363
2026-09-28T07:23:47.033Z	spark1	LOAD	20.793	7.266
2026-09-28T07:23:47.172Z	spark2	LOAD	21.697	4.363
2026-09-28T07:23:47.283Z	spark1	LOAD	20.762	7.266
2026-09-28T07:23:47.423Z	spark2	LOAD	21.561	4.365
2026-09-28T07:23:47.551Z	spark1	LOAD	20.729	7.266
2026-09-28T07:23:47.673Z	spark2	LOAD	21.448	4.365
2026-09-28T07:23:47.802Z	spark1	LOAD	20.940	7.266
2026-09-28T07:23:47.923Z	spark2	LOAD	21.344	4.365
2026-09-28T07:23:48.052Z	spark1	LOAD	20.863	7.267
2026-09-28T07:23:48.187Z	spark2	LOAD	21.236	4.366
2026-09-28T07:23:48.302Z	spark1	LOAD	20.829	7.267
2026-09-28T07:23:48.438Z	spark2	LOAD	21.514	4.367
2026-09-28T07:23:48.564Z	spark1	LOAD	20.798	7.268
2026-09-28T07:23:48.688Z	spark2	LOAD	23.277	4.367
2026-09-28T07:23:48.815Z	spark1	LOAD	20.768	7.268
2026-09-28T07:23:48.938Z	spark2	LOAD	23.400	4.367
2026-09-28T07:23:49.065Z	spark1	LOAD	20.748	7.268
2026-09-28T07:23:49.199Z	spark2	LOAD	23.319	4.367
2026-09-28T07:23:49.315Z	spark1	LOAD	20.709	7.268
2026-09-28T07:23:49.449Z	spark2	LOAD	23.206	4.367
2026-09-28T07:23:49.582Z	spark1	LOAD	20.679	7.268
2026-09-28T07:23:49.699Z	spark2	LOAD	23.096	4.367
2026-09-28T07:23:49.832Z	spark1	LOAD	20.638	7.271
2026-09-28T07:23:49.950Z	spark2	LOAD	22.986	4.367
2026-09-28T07:23:50.083Z	spark1	LOAD	20.578	7.271
2026-09-28T07:23:50.214Z	spark2	LOAD	22.856	4.367
2026-09-28T07:23:50.333Z	spark1	LOAD	20.545	7.271
2026-09-28T07:23:50.464Z	spark2	LOAD	22.805	4.367
2026-09-28T07:23:50.595Z	spark1	LOAD	20.521	7.274
2026-09-28T07:23:50.715Z	spark2	LOAD	22.690	4.366
2026-09-28T07:23:50.846Z	spark1	LOAD	20.489	7.274
2026-09-28T07:23:50.965Z	spark2	LOAD	22.657	4.367
2026-09-28T07:23:51.096Z	spark1	LOAD	20.459	7.274
2026-09-28T07:23:51.230Z	spark2	LOAD	22.542	4.369
2026-09-28T07:23:51.346Z	spark1	LOAD	20.429	7.274
2026-09-28T07:23:51.480Z	spark2	LOAD	22.410	4.369
2026-09-28T07:23:51.612Z	spark1	LOAD	20.413	7.275
2026-09-28T07:23:51.730Z	spark2	LOAD	22.288	4.369
2026-09-28T07:23:51.863Z	spark1	LOAD	20.381	7.275
2026-09-28T07:23:51.981Z	spark2	LOAD	22.178	4.369
2026-09-28T07:23:52.113Z	spark1	LOAD	20.352	7.275
2026-09-28T07:23:52.241Z	spark2	LOAD	22.057	4.369
2026-09-28T07:23:52.363Z	spark1	LOAD	20.323	7.279
2026-09-28T07:23:52.491Z	spark2	LOAD	21.940	4.371
2026-09-28T07:23:52.631Z	spark1	LOAD	20.276	7.279
2026-09-28T07:23:52.741Z	spark2	LOAD	21.806	4.370
2026-09-28T07:23:52.881Z	spark1	LOAD	20.248	7.279
2026-09-28T07:23:52.991Z	spark2	LOAD	21.659	4.366
2026-09-28T07:23:53.131Z	spark1	LOAD	20.219	7.279
2026-09-28T07:23:53.257Z	spark2	LOAD	21.597	4.363
2026-09-28T07:23:53.381Z	spark1	LOAD	20.186	7.285
2026-09-28T07:23:53.507Z	spark2	LOAD	21.480	4.361
2026-09-28T07:23:53.648Z	spark1	LOAD	20.146	7.284
2026-09-28T07:23:53.757Z	spark2	LOAD	21.126	4.358
2026-09-28T07:23:53.898Z	spark1	LOAD	20.113	7.284
2026-09-28T07:23:54.007Z	spark2	LOAD	21.282	4.359
2026-09-28T07:23:54.148Z	spark1	LOAD	20.126	7.289
2026-09-28T07:23:54.272Z	spark2	LOAD	21.135	4.359
2026-09-28T07:23:54.399Z	spark1	LOAD	20.070	7.289
2026-09-28T07:23:54.523Z	spark2	LOAD	21.050	4.359
2026-09-28T07:23:54.661Z	spark1	LOAD	20.033	7.289
2026-09-28T07:23:54.773Z	spark2	LOAD	21.066	4.360
2026-09-28T07:23:54.911Z	spark1	LOAD	20.004	7.294
2026-09-28T07:23:55.023Z	spark2	LOAD	23.258	4.360
2026-09-28T07:23:55.161Z	spark1	LOAD	19.971	7.294
2026-09-28T07:23:55.284Z	spark2	LOAD	23.572	4.360
2026-09-28T07:23:55.412Z	spark1	LOAD	19.945	7.294
2026-09-28T07:23:55.535Z	spark2	LOAD	23.522	4.360
2026-09-28T07:23:55.673Z	spark1	LOAD	19.909	7.294
2026-09-28T07:23:55.785Z	spark2	LOAD	23.404	4.360
2026-09-28T07:23:55.924Z	spark1	LOAD	19.876	7.298
2026-09-28T07:23:56.036Z	spark2	LOAD	23.330	4.360
2026-09-28T07:23:56.175Z	spark1	LOAD	19.844	7.298
2026-09-28T07:23:56.300Z	spark2	LOAD	23.218	4.360
2026-09-28T07:23:56.425Z	spark1	LOAD	19.767	7.298
2026-09-28T07:23:56.550Z	spark2	LOAD	23.132	4.360
2026-09-28T07:23:56.692Z	spark1	LOAD	19.799	7.303
2026-09-28T07:23:56.801Z	spark2	LOAD	23.033	4.360
2026-09-28T07:23:56.942Z	spark1	LOAD	19.759	7.303
2026-09-28T07:23:57.051Z	spark2	LOAD	22.934	4.360
2026-09-28T07:23:57.193Z	spark1	LOAD	19.717	7.303
2026-09-28T07:23:57.316Z	spark2	LOAD	22.817	4.360
2026-09-28T07:23:57.443Z	spark1	LOAD	19.686	7.303
2026-09-28T07:23:57.566Z	spark2	LOAD	22.706	4.360
2026-09-28T07:23:57.711Z	spark1	LOAD	19.673	7.303
2026-09-28T07:23:57.817Z	spark2	LOAD	22.617	4.360
2026-09-28T07:23:57.962Z	spark1	LOAD	19.638	7.303
2026-09-28T07:23:58.067Z	spark2	LOAD	22.515	4.360
2026-09-28T07:23:58.212Z	spark1	LOAD	19.606	7.303
2026-09-28T07:23:58.327Z	spark2	LOAD	22.423	4.360
2026-09-28T07:23:58.462Z	spark1	LOAD	19.536	7.303
2026-09-28T07:23:58.578Z	spark2	LOAD	22.360	4.360
2026-09-28T07:23:58.729Z	spark1	LOAD	19.502	7.308
2026-09-28T07:23:58.827Z	spark2	LOAD	21.795	4.360
2026-09-28T07:23:58.980Z	spark1	LOAD	19.473	7.308
2026-09-28T07:23:59.079Z	spark2	LOAD	21.966	4.360
2026-09-28T07:23:59.231Z	spark1	LOAD	19.437	7.308
2026-09-28T07:23:59.339Z	spark2	LOAD	21.599	4.360
2026-09-28T07:23:59.481Z	spark1	LOAD	19.407	7.308
2026-09-28T07:23:59.589Z	spark2	LOAD	21.972	4.361
2026-09-28T07:23:59.748Z	spark1	LOAD	19.374	7.312
2026-09-28T07:23:59.840Z	spark2	LOAD	21.907	4.362
2026-09-28T07:23:59.998Z	spark1	LOAD	19.334	7.312
2026-09-28T07:24:00.090Z	spark2	LOAD	21.343	4.362
2026-09-28T07:24:00.248Z	spark1	LOAD	19.301	7.312
2026-09-28T07:24:00.351Z	spark2	LOAD	21.733	4.364
2026-09-28T07:24:00.499Z	spark1	LOAD	19.301	7.312
2026-09-28T07:24:00.601Z	spark2	LOAD	21.607	4.365
2026-09-28T07:24:00.761Z	spark1	LOAD	19.265	7.312
2026-09-28T07:24:00.851Z	spark2	LOAD	21.502	4.366
2026-09-28T07:24:01.011Z	spark1	LOAD	19.235	7.312
2026-09-28T07:24:01.101Z	spark2	LOAD	21.400	4.366
2026-09-28T07:24:01.261Z	spark1	LOAD	19.205	7.312
2026-09-28T07:24:01.362Z	spark2	LOAD	21.282	4.367
2026-09-28T07:24:01.511Z	spark1	LOAD	19.177	7.312
2026-09-28T07:24:01.613Z	spark2	LOAD	21.695	4.367
2026-09-28T07:24:01.778Z	spark1	LOAD	19.145	7.317
2026-09-28T07:24:01.863Z	spark2	LOAD	23.463	4.367
2026-09-28T07:24:02.029Z	spark1	LOAD	19.119	7.317
2026-09-28T07:24:02.113Z	spark2	LOAD	23.361	4.367
2026-09-28T07:24:02.279Z	spark1	LOAD	19.953	7.317
2026-09-28T07:24:02.375Z	spark2	LOAD	23.261	4.367
2026-09-28T07:24:02.530Z	spark1	LOAD	22.105	7.317
2026-09-28T07:24:02.625Z	spark2	LOAD	23.158	4.367
2026-09-28T07:24:02.793Z	spark1	LOAD	22.362	7.317
2026-09-28T07:24:02.875Z	spark2	LOAD	23.050	4.367
2026-09-28T07:24:03.043Z	spark1	LOAD	22.339	7.317
2026-09-28T07:24:03.126Z	spark2	LOAD	22.931	4.367
2026-09-28T07:24:03.294Z	spark1	LOAD	22.284	7.317
2026-09-28T07:24:03.390Z	spark2	LOAD	22.818	4.367
2026-09-28T07:24:03.544Z	spark1	LOAD	22.239	7.317
2026-09-28T07:24:03.640Z	spark2	LOAD	22.702	4.367
2026-09-28T07:24:03.806Z	spark1	LOAD	22.204	7.317
2026-09-28T07:24:03.890Z	spark2	LOAD	22.572	4.364
2026-09-28T07:24:04.056Z	spark1	LOAD	22.176	7.317
2026-09-28T07:24:04.140Z	spark2	LOAD	22.572	4.361
2026-09-28T07:24:04.306Z	spark1	LOAD	22.143	7.317
2026-09-28T07:24:04.400Z	spark2	LOAD	22.438	4.358
2026-09-28T07:24:04.556Z	spark1	LOAD	22.062	7.317
2026-09-28T07:24:04.651Z	spark2	LOAD	22.367	4.355
2026-09-28T07:24:04.819Z	spark1	LOAD	22.028	7.317
2026-09-28T07:24:04.901Z	spark2	LOAD	21.772	4.354
2026-09-28T07:24:05.069Z	spark1	LOAD	21.999	7.317
2026-09-28T07:24:05.151Z	spark2	LOAD	21.859	4.355
2026-09-28T07:24:05.320Z	spark1	LOAD	21.966	7.317
2026-09-28T07:24:05.412Z	spark2	LOAD	21.598	4.355
2026-09-28T07:24:05.570Z	spark1	LOAD	21.935	7.317
2026-09-28T07:24:05.662Z	spark2	LOAD	21.963	4.356
2026-09-28T07:24:05.836Z	spark1	LOAD	21.901	7.317
2026-09-28T07:24:05.913Z	spark2	LOAD	21.854	4.357
2026-09-28T07:24:06.087Z	spark1	LOAD	21.873	7.317
2026-09-28T07:24:06.163Z	spark2	LOAD	21.274	4.357
2026-09-28T07:24:06.337Z	spark1	LOAD	21.848	7.317
2026-09-28T07:24:06.423Z	spark2	LOAD	21.630	4.360
2026-09-28T07:24:06.587Z	spark1	LOAD	21.813	7.317
2026-09-28T07:24:06.673Z	spark2	LOAD	21.553	4.360
2026-09-28T07:24:06.853Z	spark1	LOAD	21.786	7.317
2026-09-28T07:24:06.924Z	spark2	LOAD	21.424	4.360
2026-09-28T07:24:07.103Z	spark1	LOAD	21.760	7.317
2026-09-28T07:24:07.174Z	spark2	LOAD	21.329	4.361
2026-09-28T07:24:07.354Z	spark1	LOAD	21.734	7.317
2026-09-28T07:24:07.435Z	spark2	LOAD	21.218	4.362
2026-09-28T07:24:07.605Z	spark1	LOAD	21.755	7.317
2026-09-28T07:24:07.685Z	spark2	LOAD	21.120	4.362
2026-09-28T07:24:07.872Z	spark1	LOAD	21.725	7.317
2026-09-28T07:24:07.935Z	spark2	LOAD	21.038	4.362
2026-09-28T07:24:08.122Z	spark1	LOAD	21.695	7.317
2026-09-28T07:24:08.185Z	spark2	LOAD	20.950	4.362
2026-09-28T07:24:08.373Z	spark1	LOAD	21.596	7.317
2026-09-28T07:24:08.450Z	spark2	LOAD	22.341	4.365
2026-09-28T07:24:08.623Z	spark1	LOAD	21.543	7.317
2026-09-28T07:24:08.700Z	spark2	LOAD	23.607	4.365
2026-09-28T07:24:08.886Z	spark1	LOAD	21.512	7.317
2026-09-28T07:24:08.950Z	spark2	LOAD	23.509	4.365
2026-09-28T07:24:09.136Z	spark1	LOAD	21.485	7.317
2026-09-28T07:24:09.201Z	spark2	LOAD	23.394	4.365
2026-09-28T07:24:09.387Z	spark1	LOAD	21.451	7.317
2026-09-28T07:24:09.461Z	spark2	LOAD	23.283	4.365
2026-09-28T07:24:09.637Z	spark1	LOAD	21.423	7.317
2026-09-28T07:24:09.711Z	spark2	LOAD	23.181	4.365
2026-09-28T07:24:09.899Z	spark1	LOAD	21.382	7.317
2026-09-28T07:24:09.961Z	spark2	LOAD	23.077	4.365
2026-09-28T07:24:10.150Z	spark1	LOAD	21.360	7.317
2026-09-28T07:24:10.212Z	spark2	LOAD	22.961	4.365
2026-09-28T07:24:10.400Z	spark1	LOAD	21.330	7.317
2026-09-28T07:24:10.473Z	spark2	LOAD	22.832	4.365
2026-09-28T07:24:10.650Z	spark1	LOAD	21.282	7.317
2026-09-28T07:24:10.723Z	spark2	LOAD	22.720	4.365
2026-09-28T07:24:10.912Z	spark1	LOAD	21.247	7.317
2026-09-28T07:24:10.973Z	spark2	LOAD	22.612	4.365
2026-09-28T07:24:11.163Z	spark1	LOAD	21.220	7.317
2026-09-28T07:24:11.223Z	spark2	LOAD	22.512	4.365
2026-09-28T07:24:11.413Z	spark1	LOAD	21.193	7.317
2026-09-28T07:24:11.484Z	spark2	LOAD	22.408	4.365
2026-09-28T07:24:11.663Z	spark1	LOAD	21.172	7.317
2026-09-28T07:24:11.734Z	spark2	LOAD	22.281	4.365
2026-09-28T07:24:11.926Z	spark1	LOAD	21.137	7.317
2026-09-28T07:24:11.984Z	spark2	LOAD	22.176	4.365
2026-09-28T07:24:12.176Z	spark1	LOAD	21.109	7.317
2026-09-28T07:24:12.235Z	spark2	LOAD	22.061	4.365
2026-09-28T07:24:12.426Z	spark1	LOAD	21.119	7.317
2026-09-28T07:24:12.500Z	spark2	LOAD	21.948	4.365
2026-09-28T07:24:12.676Z	spark1	LOAD	21.051	7.317
2026-09-28T07:24:12.750Z	spark2	LOAD	21.844	4.365
2026-09-28T07:24:12.943Z	spark1	LOAD	21.026	7.317
2026-09-28T07:24:13.000Z	spark2	LOAD	21.716	4.366
2026-09-28T07:24:13.194Z	spark1	LOAD	20.995	7.317
2026-09-28T07:24:13.251Z	spark2	LOAD	21.642	4.366
2026-09-28T07:24:13.444Z	spark1	LOAD	20.963	7.317
2026-09-28T07:24:13.512Z	spark2	LOAD	21.538	4.366
2026-09-28T07:24:13.694Z	spark1	LOAD	20.940	7.321
2026-09-28T07:24:13.762Z	spark2	LOAD	21.399	4.366
2026-09-28T07:24:13.963Z	spark1	LOAD	20.903	7.321
2026-09-28T07:24:14.012Z	spark2	LOAD	21.281	4.366
2026-09-28T07:24:14.214Z	spark1	LOAD	20.870	7.321
2026-09-28T07:24:14.262Z	spark2	LOAD	21.124	4.366
2026-09-28T07:24:14.464Z	spark1	LOAD	20.875	7.321
2026-09-28T07:24:14.523Z	spark2	LOAD	21.025	4.366
2026-09-28T07:24:14.714Z	spark1	LOAD	20.834	7.321
2026-09-28T07:24:14.773Z	spark2	LOAD	20.903	4.366
2026-09-28T07:24:14.976Z	spark1	LOAD	20.765	7.321
2026-09-28T07:24:15.023Z	spark2	LOAD	22.661	4.362
2026-09-28T07:24:15.227Z	spark1	LOAD	20.738	7.321
2026-09-28T07:24:15.273Z	spark2	LOAD	23.289	4.359
2026-09-28T07:24:15.477Z	spark1	LOAD	20.731	7.321
2026-09-28T07:24:15.533Z	spark2	LOAD	23.191	4.355
2026-09-28T07:24:15.727Z	spark1	LOAD	20.696	7.321
2026-09-28T07:24:15.784Z	spark2	LOAD	23.092	4.352
2026-09-28T07:24:15.989Z	spark1	LOAD	20.664	7.321
2026-09-28T07:24:16.034Z	spark2	LOAD	23.005	4.351
2026-09-28T07:24:16.239Z	spark1	LOAD	20.666	7.321
2026-09-28T07:24:16.284Z	spark2	LOAD	22.904	4.351
2026-09-28T07:24:16.490Z	spark1	LOAD	20.636	7.324
2026-09-28T07:24:16.545Z	spark2	LOAD	22.826	4.351
2026-09-28T07:24:16.740Z	spark1	LOAD	20.606	7.324
2026-09-28T07:24:16.795Z	spark2	LOAD	22.725	4.351
2026-09-28T07:24:17.001Z	spark1	LOAD	20.529	7.324
2026-09-28T07:24:17.046Z	spark2	LOAD	22.632	4.351
2026-09-28T07:24:17.251Z	spark1	LOAD	20.515	7.325
2026-09-28T07:24:17.297Z	spark2	LOAD	22.536	4.351
2026-09-28T07:24:17.502Z	spark1	LOAD	20.486	7.325
2026-09-28T07:24:17.557Z	spark2	LOAD	22.402	4.351
2026-09-28T07:24:17.752Z	spark1	LOAD	20.451	7.325
2026-09-28T07:24:17.808Z	spark2	LOAD	22.478	4.351
2026-09-28T07:24:18.019Z	spark1	LOAD	20.409	7.325
2026-09-28T07:24:18.058Z	spark2	LOAD	22.385	4.351
2026-09-28T07:24:18.270Z	spark1	LOAD	20.356	7.330
2026-09-28T07:24:18.309Z	spark2	LOAD	22.264	4.351
2026-09-28T07:24:18.520Z	spark1	LOAD	20.327	7.330
2026-09-28T07:24:18.570Z	spark2	LOAD	22.125	4.351
2026-09-28T07:24:18.771Z	spark1	LOAD	20.321	7.334
2026-09-28T07:24:18.820Z	spark2	LOAD	22.088	4.352
2026-09-28T07:24:19.034Z	spark1	LOAD	20.254	7.334
2026-09-28T07:24:19.071Z	spark2	LOAD	21.524	4.352
2026-09-28T07:24:19.284Z	spark1	LOAD	20.224	7.334
2026-09-28T07:24:19.321Z	spark2	LOAD	21.889	4.353
2026-09-28T07:24:19.535Z	spark1	LOAD	20.203	7.338
2026-09-28T07:24:19.581Z	spark2	LOAD	21.777	4.353
2026-09-28T07:24:19.785Z	spark1	LOAD	20.173	7.338
2026-09-28T07:24:19.832Z	spark2	LOAD	21.660	4.353
2026-09-28T07:24:20.054Z	spark1	LOAD	20.134	7.338
2026-09-28T07:24:20.082Z	spark2	LOAD	21.551	4.354
2026-09-28T07:24:20.304Z	spark1	LOAD	20.103	7.339
2026-09-28T07:24:20.332Z	spark2	LOAD	21.369	4.355
2026-09-28T07:24:20.554Z	spark1	LOAD	20.070	7.339
2026-09-28T07:24:20.597Z	spark2	LOAD	20.831	4.355
2026-09-28T07:24:20.805Z	spark1	LOAD	20.035	7.339
2026-09-28T07:24:20.848Z	spark2	LOAD	20.743	4.356
2026-09-28T07:24:21.067Z	spark1	LOAD	19.988	7.339
2026-09-28T07:24:21.098Z	spark2	LOAD	20.642	4.356
2026-09-28T07:24:21.318Z	spark1	LOAD	19.958	7.339
2026-09-28T07:24:21.348Z	spark2	LOAD	21.027	4.358
2026-09-28T07:24:21.568Z	spark1	LOAD	19.932	7.339
2026-09-28T07:24:21.610Z	spark2	LOAD	22.206	4.357
2026-09-28T07:24:21.819Z	spark1	LOAD	19.903	7.339
2026-09-28T07:24:21.860Z	spark2	LOAD	22.911	4.357
2026-09-28T07:24:22.087Z	spark1	LOAD	19.865	7.339
2026-09-28T07:24:22.111Z	spark2	LOAD	22.895	4.357
2026-09-28T07:24:22.338Z	spark1	LOAD	19.836	7.339
2026-09-28T07:24:22.361Z	spark2	LOAD	22.802	4.357
2026-09-28T07:24:22.588Z	spark1	LOAD	19.813	7.343
2026-09-28T07:24:22.622Z	spark2	LOAD	22.770	4.357
2026-09-28T07:24:22.839Z	spark1	LOAD	19.775	7.343
2026-09-28T07:24:22.872Z	spark2	LOAD	22.680	4.357
2026-09-28T07:24:23.102Z	spark1	LOAD	19.487	7.344
2026-09-28T07:24:23.122Z	spark2	LOAD	22.569	4.357
2026-09-28T07:24:23.352Z	spark1	LOAD	19.456	7.344
2026-09-28T07:24:23.373Z	spark2	LOAD	22.437	4.357
2026-09-28T07:24:23.602Z	spark1	LOAD	19.422	7.344
2026-09-28T07:24:23.633Z	spark2	LOAD	22.318	4.357
2026-09-28T07:24:23.852Z	spark1	LOAD	19.391	7.344
2026-09-28T07:24:23.884Z	spark2	LOAD	22.203	4.357
2026-09-28T07:24:24.115Z	spark1	LOAD	19.630	7.344
2026-09-28T07:24:24.134Z	spark2	LOAD	22.093	4.357
2026-09-28T07:24:24.365Z	spark1	LOAD	19.602	7.344
2026-09-28T07:24:24.385Z	spark2	LOAD	22.457	4.358
2026-09-28T07:24:24.616Z	spark1	LOAD	19.571	7.344
2026-09-28T07:24:24.649Z	spark2	LOAD	22.310	4.359
2026-09-28T07:24:24.866Z	spark1	LOAD	19.528	7.344
2026-09-28T07:24:24.899Z	spark2	LOAD	22.195	4.359
2026-09-28T07:24:25.128Z	spark1	LOAD	19.518	7.344
2026-09-28T07:24:25.149Z	spark2	LOAD	22.085	4.359
2026-09-28T07:24:25.378Z	spark1	LOAD	19.477	7.344
2026-09-28T07:24:25.400Z	spark2	LOAD	21.797	4.359
2026-09-28T07:24:25.628Z	spark1	LOAD	19.394	7.344
2026-09-28T07:24:25.664Z	spark2	LOAD	21.893	4.360
2026-09-28T07:24:25.879Z	spark1	LOAD	19.608	7.344
2026-09-28T07:24:25.914Z	spark2	LOAD	21.797	4.360
2026-09-28T07:24:26.141Z	spark1	LOAD	22.209	7.344
2026-09-28T07:24:26.164Z	spark2	LOAD	21.636	4.357
2026-09-28T07:24:26.392Z	spark1	LOAD	22.447	7.344
2026-09-28T07:24:26.414Z	spark2	LOAD	21.510	4.354
2026-09-28T07:24:26.642Z	spark1	LOAD	22.410	7.344
2026-09-28T07:24:26.674Z	spark2	LOAD	21.388	4.351
2026-09-28T07:24:26.893Z	spark1	LOAD	22.346	7.344
2026-09-28T07:24:26.925Z	spark2	LOAD	21.291	4.349
2026-09-28T07:24:27.161Z	spark1	LOAD	22.294	7.344
2026-09-28T07:24:27.175Z	spark2	LOAD	21.178	4.346
2026-09-28T07:24:27.411Z	spark1	LOAD	22.267	7.344
2026-09-28T07:24:27.425Z	spark2	LOAD	21.044	4.346
2026-09-28T07:24:27.661Z	spark1	LOAD	22.240	7.344
2026-09-28T07:24:27.689Z	spark2	LOAD	20.959	4.347
2026-09-28T07:24:27.912Z	spark1	LOAD	22.212	7.344
2026-09-28T07:24:27.940Z	spark2	LOAD	21.652	4.347
2026-09-28T07:24:28.173Z	spark1	LOAD	22.181	7.344
2026-09-28T07:24:28.190Z	spark2	LOAD	23.137	4.347
2026-09-28T07:24:28.424Z	spark1	LOAD	22.135	7.344
2026-09-28T07:24:28.440Z	spark2	LOAD	23.053	4.347
2026-09-28T07:24:28.674Z	spark1	LOAD	22.105	7.344
2026-09-28T07:24:28.702Z	spark2	LOAD	22.995	4.347
2026-09-28T07:24:28.925Z	spark1	LOAD	22.076	7.344
2026-09-28T07:24:28.952Z	spark2	LOAD	22.971	4.347
2026-09-28T07:24:29.192Z	spark1	LOAD	22.023	7.344
2026-09-28T07:24:29.202Z	spark2	LOAD	22.940	4.347
2026-09-28T07:24:29.443Z	spark1	LOAD	21.995	7.344
2026-09-28T07:24:29.453Z	spark2	LOAD	22.910	4.347
2026-09-28T07:24:29.693Z	spark1	LOAD	21.965	7.344
2026-09-28T07:24:29.713Z	spark2	LOAD	22.782	4.347
2026-09-28T07:24:29.943Z	spark1	LOAD	21.931	7.344
2026-09-28T07:24:29.964Z	spark2	LOAD	22.678	4.347
2026-09-28T07:24:30.210Z	spark1	LOAD	21.906	7.344
2026-09-28T07:24:30.214Z	spark2	LOAD	22.579	4.347
2026-09-28T07:24:30.461Z	spark1	LOAD	21.875	7.344
2026-09-28T07:24:30.464Z	spark2	LOAD	22.473	4.347
2026-09-28T07:24:30.711Z	spark1	LOAD	21.847	7.344
2026-09-28T07:24:30.728Z	spark2	LOAD	22.335	4.347
2026-09-28T07:24:30.961Z	spark1	LOAD	21.814	7.344
2026-09-28T07:24:30.979Z	spark2	LOAD	22.223	4.347
2026-09-28T07:24:31.228Z	spark1	LOAD	21.747	7.344
2026-09-28T07:24:31.229Z	spark2	LOAD	21.887	4.347
2026-09-28T07:24:31.478Z	spark1	LOAD	21.721	7.344
2026-09-28T07:24:31.479Z	spark2	LOAD	22.248	4.348
2026-09-28T07:24:31.728Z	spark1	LOAD	21.689	7.344
2026-09-28T07:24:31.745Z	spark2	LOAD	22.123	4.348
2026-09-28T07:24:31.978Z	spark1	LOAD	21.663	7.344
2026-09-28T07:24:31.995Z	spark2	LOAD	21.998	4.348
2026-09-28T07:24:32.241Z	spark1	LOAD	21.635	7.344
2026-09-28T07:24:32.246Z	spark2	LOAD	21.843	4.349
2026-09-28T07:24:32.491Z	spark1	LOAD	21.609	7.344
2026-09-28T07:24:32.496Z	spark2	LOAD	21.720	4.349
2026-09-28T07:24:32.741Z	spark1	LOAD	21.568	7.341
2026-09-28T07:24:32.760Z	spark2	LOAD	21.641	4.350
2026-09-28T07:24:32.992Z	spark1	LOAD	21.537	7.341
2026-09-28T07:24:33.010Z	spark2	LOAD	21.544	4.352
2026-09-28T07:24:33.261Z	spark2	LOAD	21.482	4.353
2026-09-28T07:24:33.261Z	spark1	LOAD	21.478	7.341
2026-09-28T07:24:33.511Z	spark2	LOAD	21.333	4.353
2026-09-28T07:24:33.511Z	spark1	LOAD	21.459	7.341
2026-09-28T07:24:33.762Z	spark1	LOAD	21.429	7.341
2026-09-28T07:24:33.771Z	spark2	LOAD	21.235	4.353
2026-09-28T07:24:34.013Z	spark1	LOAD	21.399	7.341
2026-09-28T07:24:34.021Z	spark2	LOAD	21.226	4.353
2026-09-28T07:24:34.271Z	spark2	LOAD	21.119	4.353
2026-09-28T07:24:34.275Z	spark1	LOAD	21.363	7.341
2026-09-28T07:24:34.522Z	spark2	LOAD	21.060	4.360
2026-09-28T07:24:34.525Z	spark1	LOAD	21.335	7.341
2026-09-28T07:24:34.775Z	spark1	LOAD	21.307	7.341
2026-09-28T07:24:34.786Z	spark2	LOAD	20.937	4.369
2026-09-28T07:24:35.026Z	spark1	LOAD	21.262	7.341
2026-09-28T07:24:35.037Z	spark2	LOAD	23.257	4.370
2026-09-28T07:24:35.287Z	spark1	LOAD	21.206	7.341
2026-09-28T07:24:35.287Z	spark2	LOAD	23.595	4.370
2026-09-28T07:24:35.537Z	spark1	LOAD	21.179	7.341
2026-09-28T07:24:35.537Z	spark2	LOAD	23.477	4.370
2026-09-28T07:24:35.788Z	spark1	LOAD	21.152	7.341
2026-09-28T07:24:35.802Z	spark2	LOAD	23.355	4.370
2026-09-28T07:24:36.038Z	spark1	LOAD	21.123	7.341
2026-09-28T07:24:36.052Z	spark2	LOAD	23.247	4.370
2026-09-28T07:24:36.301Z	spark1	LOAD	21.093	7.341
2026-09-28T07:24:36.303Z	spark2	LOAD	23.133	4.370
2026-09-28T07:24:36.551Z	spark1	LOAD	21.070	7.341
2026-09-28T07:24:36.553Z	spark2	LOAD	23.033	4.371
2026-09-28T07:24:36.802Z	spark1	LOAD	21.041	7.341
2026-09-28T07:24:36.819Z	spark2	LOAD	22.903	4.372
2026-09-28T07:24:37.052Z	spark1	LOAD	20.946	7.341
2026-09-28T07:24:37.069Z	spark2	LOAD	22.760	4.372
2026-09-28T07:24:37.314Z	spark1	LOAD	20.927	7.342
2026-09-28T07:24:37.319Z	spark2	LOAD	22.640	4.372
2026-09-28T07:24:37.565Z	spark1	LOAD	20.876	7.342
2026-09-28T07:24:37.570Z	spark2	LOAD	22.496	4.369
2026-09-28T07:24:37.815Z	spark1	LOAD	20.851	7.342
2026-09-28T07:24:37.830Z	spark2	LOAD	22.334	4.365
2026-09-28T07:24:38.065Z	spark1	LOAD	20.815	7.342
2026-09-28T07:24:38.080Z	spark2	LOAD	22.200	4.362
2026-09-28T07:24:38.331Z	spark2	LOAD	22.086	4.360
2026-09-28T07:24:38.334Z	spark1	LOAD	20.856	7.342
2026-09-28T07:24:38.581Z	spark2	LOAD	21.989	4.359
2026-09-28T07:24:38.584Z	spark1	LOAD	20.826	7.342
2026-09-28T07:24:38.835Z	spark1	LOAD	20.796	7.342
2026-09-28T07:24:38.846Z	spark2	LOAD	21.880	4.361
2026-09-28T07:24:39.085Z	spark1	LOAD	20.765	7.342
2026-09-28T07:24:39.097Z	spark2	LOAD	21.790	4.363
2026-09-28T07:24:39.347Z	spark2	LOAD	21.698	4.363
2026-09-28T07:24:39.348Z	spark1	LOAD	20.728	7.342
2026-09-28T07:24:39.597Z	spark2	LOAD	21.635	4.365
2026-09-28T07:24:39.598Z	spark1	LOAD	20.679	7.342
2026-09-28T07:24:39.849Z	spark1	LOAD	20.651	7.342
2026-09-28T07:24:39.861Z	spark2	LOAD	21.506	4.365
2026-09-28T07:24:40.099Z	spark1	LOAD	20.615	7.342
2026-09-28T07:24:40.112Z	spark2	LOAD	21.408	4.365
2026-09-28T07:24:40.362Z	spark2	LOAD	21.303	4.365
2026-09-28T07:24:40.367Z	spark1	LOAD	20.605	7.343
2026-09-28T07:24:40.613Z	spark2	LOAD	20.715	4.365
2026-09-28T07:24:40.617Z	spark1	LOAD	20.569	7.343
2026-09-28T07:24:40.867Z	spark1	LOAD	20.536	7.343
2026-09-28T07:24:40.877Z	spark2	LOAD	21.077	4.366
2026-09-28T07:24:41.118Z	spark1	LOAD	20.515	7.343
2026-09-28T07:24:41.127Z	spark2	LOAD	20.761	4.366
2026-09-28T07:24:41.378Z	spark2	LOAD	21.476	4.366
2026-09-28T07:24:41.380Z	spark1	LOAD	20.471	7.344
2026-09-28T07:24:41.628Z	spark2	LOAD	22.902	4.366
2026-09-28T07:24:41.631Z	spark1	LOAD	20.422	7.344
2026-09-28T07:24:41.881Z	spark1	LOAD	20.390	7.344
2026-09-28T07:24:41.890Z	spark2	LOAD	22.906	4.366
2026-09-28T07:24:42.131Z	spark1	LOAD	20.357	7.344
2026-09-28T07:24:42.140Z	spark2	LOAD	22.906	4.362
2026-09-28T07:24:42.391Z	spark2	LOAD	22.888	4.354
2026-09-28T07:24:42.398Z	spark1	LOAD	20.324	7.344
2026-09-28T07:24:42.641Z	spark2	LOAD	22.868	4.344
2026-09-28T07:24:42.649Z	spark1	LOAD	20.291	7.344
2026-09-28T07:24:42.899Z	spark1	LOAD	20.260	7.344
2026-09-28T07:24:42.906Z	spark2	LOAD	22.793	4.344
2026-09-28T07:24:43.149Z	spark1	LOAD	20.229	7.344
2026-09-28T07:24:43.157Z	spark2	LOAD	22.678	4.344
2026-09-28T07:24:43.407Z	spark2	LOAD	22.475	4.344
2026-09-28T07:24:43.410Z	spark1	LOAD	20.201	7.345
2026-09-28T07:24:43.658Z	spark2	LOAD	19.452	4.344
2026-09-28T07:24:43.660Z	spark1	LOAD	20.141	7.345
2026-09-28T07:24:43.911Z	spark1	LOAD	20.111	7.345
2026-09-28T07:24:43.926Z	spark2	LOAD	17.990	4.349
2026-09-28T07:24:44.161Z	spark1	LOAD	20.083	7.346
2026-09-28T07:24:44.177Z	spark2	LOAD	16.084	4.356
2026-09-28T07:24:44.427Z	spark2	LOAD	16.109	4.356
2026-09-28T07:24:44.428Z	spark1	LOAD	20.042	7.346
2026-09-28T07:24:44.678Z	spark2	LOAD	21.845	4.356
2026-09-28T07:24:44.678Z	spark1	LOAD	20.014	7.346
2026-09-28T07:24:44.928Z	spark1	LOAD	20.002	7.346
2026-09-28T07:24:44.950Z	spark2	LOAD	16.259	4.356
2026-09-28T07:24:45.178Z	spark1	LOAD	19.951	7.346
2026-09-28T07:24:45.201Z	spark2	LOAD	16.659	4.357
2026-09-28T07:24:45.442Z	spark1	LOAD	19.912	7.346
2026-09-28T07:24:45.452Z	spark2	LOAD	21.245	4.357
2026-09-28T07:24:45.692Z	spark1	LOAD	19.886	7.346
2026-09-28T07:24:45.702Z	spark2	LOAD	16.036	4.357
2026-09-28T07:24:45.943Z	spark1	LOAD	19.845	7.346
2026-09-28T07:24:45.981Z	spark2	LOAD	17.940	4.357
2026-09-28T07:24:46.193Z	spark1	LOAD	19.816	7.346
2026-09-28T07:24:46.231Z	spark2	LOAD	19.517	4.357
2026-09-28T07:24:46.456Z	spark1	LOAD	19.781	7.346
2026-09-28T07:24:46.482Z	spark2	LOAD	16.035	4.357
2026-09-28T07:24:46.706Z	spark1	LOAD	19.760	7.346
2026-09-28T07:24:46.732Z	spark2	LOAD	18.050	4.356
2026-09-28T07:24:46.956Z	spark1	LOAD	19.719	7.347
2026-09-28T07:24:46.994Z	spark2	LOAD	19.326	4.356
2026-09-28T07:24:47.207Z	spark1	LOAD	19.688	7.347
2026-09-28T07:24:47.244Z	spark2	LOAD	15.935	4.356
2026-09-28T07:24:47.474Z	spark1	LOAD	19.651	7.347
2026-09-28T07:24:47.495Z	spark2	LOAD	21.512	4.356
2026-09-28T07:24:47.724Z	spark1	LOAD	19.553	7.348
2026-09-28T07:24:47.745Z	spark2	LOAD	17.930	4.356
2026-09-28T07:24:47.974Z	spark1	LOAD	19.524	7.348
2026-09-28T07:24:48.012Z	spark2	LOAD	15.709	4.356
2026-09-28T07:24:48.225Z	spark1	LOAD	19.441	7.348
2026-09-28T07:24:48.263Z	spark2	LOAD	21.321	4.356
2026-09-28T07:24:48.492Z	spark1	LOAD	19.509	7.348
2026-09-28T07:24:48.513Z	spark2	LOAD	16.017	4.354
2026-09-28T07:24:48.742Z	spark1	LOAD	19.475	7.348
2026-09-28T07:24:48.763Z	spark2	LOAD	17.010	4.351
2026-09-28T07:24:48.993Z	spark1	LOAD	19.441	7.348
2026-09-28T07:24:49.027Z	spark2	LOAD	19.555	4.346
2026-09-28T07:24:49.243Z	spark1	LOAD	19.384	7.348
2026-09-28T07:24:49.278Z	spark2	LOAD	15.897	4.343
2026-09-28T07:24:49.511Z	spark1	LOAD	19.367	7.349
2026-09-28T07:24:49.529Z	spark2	LOAD	22.687	4.340
2026-09-28T07:24:49.761Z	spark1	LOAD	19.309	7.349
2026-09-28T07:24:49.780Z	spark2	LOAD	16.973	4.340
2026-09-28T07:24:50.011Z	spark1	LOAD	19.270	7.349
2026-09-28T07:24:50.041Z	spark2	LOAD	15.604	4.340
2026-09-28T07:24:50.262Z	spark1	LOAD	19.225	7.349
2026-09-28T07:24:50.292Z	spark2	LOAD	20.913	4.340
2026-09-28T07:24:50.528Z	spark1	LOAD	19.178	7.349
2026-09-28T07:24:50.544Z	spark2	LOAD	15.952	4.340
2026-09-28T07:24:50.778Z	spark1	LOAD	20.403	7.349
2026-09-28T07:24:50.794Z	spark2	LOAD	19.386	4.340
2026-09-28T07:24:51.029Z	spark1	LOAD	22.229	7.349
2026-09-28T07:24:51.056Z	spark2	LOAD	18.177	4.340
2026-09-28T07:24:51.279Z	spark1	LOAD	22.392	7.349
2026-09-28T07:24:51.307Z	spark2	LOAD	15.630	4.340
2026-09-28T07:24:51.541Z	spark1	LOAD	22.353	7.349
2026-09-28T07:24:51.558Z	spark2	LOAD	20.975	4.340
2026-09-28T07:24:51.792Z	spark1	LOAD	22.305	7.349
2026-09-28T07:24:51.810Z	spark2	LOAD	15.931	4.340
2026-09-28T07:24:52.042Z	spark1	LOAD	22.276	7.349
2026-09-28T07:24:52.098Z	spark2	LOAD	21.897	4.340
2026-09-28T07:24:52.292Z	spark1	LOAD	22.244	7.349
2026-09-28T07:24:52.348Z	spark2	LOAD	17.462	4.340
2026-09-28T07:24:52.561Z	spark1	LOAD	22.201	7.349
2026-09-28T07:24:52.599Z	spark2	LOAD	15.609	4.340
2026-09-28T07:24:52.812Z	spark1	LOAD	22.161	7.349
2026-09-28T07:24:52.850Z	spark2	LOAD	20.763	4.340
2026-09-28T07:24:53.062Z	spark1	LOAD	22.121	7.349
2026-09-28T07:24:53.113Z	spark2	LOAD	15.949	4.340
2026-09-28T07:24:53.312Z	spark1	LOAD	22.080	7.349
2026-09-28T07:24:53.364Z	spark2	LOAD	20.959	4.340
2026-09-28T07:24:53.579Z	spark1	LOAD	22.040	7.349
2026-09-28T07:24:53.615Z	spark2	LOAD	17.815	4.340
2026-09-28T07:24:53.829Z	spark1	LOAD	21.970	7.349
2026-09-28T07:24:53.865Z	spark2	LOAD	15.620	4.340
2026-09-28T07:24:54.080Z	spark1	LOAD	21.938	7.349
2026-09-28T07:24:54.127Z	spark2	LOAD	20.809	4.340
2026-09-28T07:24:54.330Z	spark1	LOAD	21.898	7.349
2026-09-28T07:24:54.378Z	spark2	LOAD	15.929	4.340
2026-09-28T07:24:54.598Z	spark1	LOAD	21.856	7.349
2026-09-28T07:24:54.629Z	spark2	LOAD	21.118	4.340
2026-09-28T07:24:54.849Z	spark1	LOAD	21.817	7.349
2026-09-28T07:24:54.879Z	spark2	LOAD	17.699	4.340
2026-09-28T07:24:55.099Z	spark1	LOAD	21.769	7.349
2026-09-28T07:24:55.141Z	spark2	LOAD	15.581	4.340
2026-09-28T07:24:55.350Z	spark1	LOAD	21.734	7.349
2026-09-28T07:24:55.392Z	spark2	LOAD	20.652	4.340
2026-09-28T07:24:55.616Z	spark1	LOAD	21.693	7.349
2026-09-28T07:24:55.642Z	spark2	LOAD	15.941	4.340
2026-09-28T07:24:55.867Z	spark1	LOAD	21.639	7.349
2026-09-28T07:24:55.893Z	spark2	LOAD	22.651	4.340
2026-09-28T07:24:56.117Z	spark1	LOAD	21.607	7.349
2026-09-28T07:24:56.155Z	spark2	LOAD	16.513	4.340
2026-09-28T07:24:56.367Z	spark1	LOAD	21.573	7.349
2026-09-28T07:24:56.405Z	spark2	LOAD	15.964	4.340
2026-09-28T07:24:56.634Z	spark1	LOAD	21.530	7.349
2026-09-28T07:24:56.656Z	spark2	LOAD	19.896	4.340
2026-09-28T07:24:56.885Z	spark1	LOAD	21.495	7.349
2026-09-28T07:24:56.907Z	spark2	LOAD	15.832	4.340
2026-09-28T07:24:57.135Z	spark1	LOAD	21.458	7.349
2026-09-28T07:24:57.168Z	spark2	LOAD	21.510	4.340
2026-09-28T07:24:57.386Z	spark1	LOAD	21.428	7.349
2026-09-28T07:24:57.418Z	spark2	LOAD	15.930	4.340
2026-09-28T07:24:57.652Z	spark1	LOAD	21.385	7.349
2026-09-28T07:24:57.669Z	spark2	LOAD	18.253	4.340
2026-09-28T07:24:57.902Z	spark1	LOAD	21.273	7.349
2026-09-28T07:24:57.919Z	spark2	LOAD	18.789	4.340
2026-09-28T07:24:58.153Z	spark1	LOAD	21.271	7.349
2026-09-28T07:24:58.181Z	spark2	LOAD	15.619	4.340
2026-09-28T07:24:58.403Z	spark1	LOAD	21.238	7.349
2026-09-28T07:24:58.432Z	spark2	LOAD	20.938	4.340
2026-09-28T07:24:58.666Z	spark1	LOAD	21.202	7.349
2026-09-28T07:24:58.684Z	spark2	LOAD	15.948	4.340
2026-09-28T07:24:58.917Z	spark1	LOAD	21.163	7.349
2026-09-28T07:24:58.934Z	spark2	LOAD	22.625	4.340
2026-09-28T07:24:59.167Z	spark1	LOAD	21.123	7.349
2026-09-28T07:24:59.196Z	spark2	LOAD	16.365	4.340
2026-09-28T07:24:59.417Z	spark1	LOAD	21.184	7.349
2026-09-28T07:24:59.447Z	spark2	LOAD	16.865	4.340
2026-09-28T07:24:59.679Z	spark1	LOAD	21.130	7.349
2026-09-28T07:24:59.697Z	spark2	LOAD	19.425	4.338
2026-09-28T07:24:59.929Z	spark1	LOAD	21.084	7.349
2026-09-28T07:24:59.947Z	spark2	LOAD	15.681	4.334
2026-09-28T07:25:00.180Z	spark1	LOAD	21.003	7.349
2026-09-28T07:25:00.229Z	spark2	LOAD	20.873	4.330
2026-09-28T07:25:00.430Z	spark1	LOAD	20.982	7.349
2026-09-28T07:25:00.480Z	spark2	LOAD	15.867	4.327
2026-09-28T07:25:00.697Z	spark1	LOAD	20.937	7.349
2026-09-28T07:25:00.730Z	spark2	LOAD	22.304	4.325
2026-09-28T07:25:00.947Z	spark1	LOAD	20.895	7.349
2026-09-28T07:25:00.980Z	spark2	LOAD	16.578	4.325
2026-09-28T07:25:01.198Z	spark1	LOAD	20.858	7.359
2026-09-28T07:25:01.243Z	spark2	LOAD	17.494	4.325
2026-09-28T07:25:01.448Z	spark1	LOAD	20.845	7.359
2026-09-28T07:25:01.493Z	spark2	LOAD	19.216	4.325
2026-09-28T07:25:01.715Z	spark1	LOAD	20.784	7.360
2026-09-28T07:25:01.745Z	spark2	LOAD	15.561	4.325
2026-09-28T07:25:01.965Z	spark1	LOAD	20.786	7.360
2026-09-28T07:25:01.995Z	spark2	LOAD	20.885	4.325
2026-09-28T07:25:02.215Z	spark1	LOAD	20.359	7.360
2026-09-28T07:25:02.262Z	spark2	LOAD	15.870	4.325
2026-09-28T07:25:02.466Z	spark1	LOAD	20.271	7.360
2026-09-28T07:25:02.513Z	spark2	LOAD	22.007	4.325
2026-09-28T07:25:02.728Z	spark1	LOAD	20.236	7.360
2026-09-28T07:25:02.764Z	spark2	LOAD	16.153	4.325
2026-09-28T07:25:02.978Z	spark1	LOAD	20.194	7.361
2026-09-28T07:25:03.014Z	spark2	LOAD	17.024	4.325
2026-09-28T07:25:03.228Z	spark1	LOAD	20.445	7.361
2026-09-28T07:25:03.276Z	spark2	LOAD	19.195	4.325
2026-09-28T07:25:03.479Z	spark1	LOAD	20.196	7.362
2026-09-28T07:25:03.527Z	spark2	LOAD	15.560	4.325
2026-09-28T07:25:03.745Z	spark1	LOAD	20.163	7.362
2026-09-28T07:25:03.778Z	spark2	LOAD	21.036	4.325
2026-09-28T07:25:03.995Z	spark1	LOAD	20.468	7.363
2026-09-28T07:25:04.028Z	spark2	LOAD	15.874	4.325
2026-09-28T07:25:04.246Z	spark1	LOAD	20.478	7.364
2026-09-28T07:25:04.295Z	spark2	LOAD	22.328	4.325
2026-09-28T07:25:04.496Z	spark1	LOAD	20.437	7.365
2026-09-28T07:25:04.545Z	spark2	LOAD	15.880	4.325
2026-09-28T07:25:04.766Z	spark1	LOAD	20.390	7.365
2026-09-28T07:25:04.796Z	spark2	LOAD	17.743	4.325
2026-09-28T07:25:05.016Z	spark1	LOAD	20.348	7.365
2026-09-28T07:25:05.047Z	spark2	LOAD	18.416	4.325
2026-09-28T07:25:05.266Z	spark1	LOAD	20.335	7.366
2026-09-28T07:25:05.312Z	spark2	LOAD	15.898	4.325
2026-09-28T07:25:05.517Z	spark1	LOAD	19.957	7.366
2026-09-28T07:25:05.563Z	spark2	LOAD	19.540	4.325
2026-09-28T07:25:05.780Z	spark1	LOAD	20.300	7.376
2026-09-28T07:25:05.816Z	spark2	LOAD	15.551	4.325
2026-09-28T07:25:06.031Z	spark1	LOAD	20.261	7.377
2026-09-28T07:25:06.066Z	spark2	LOAD	20.936	4.325
2026-09-28T07:25:06.281Z	spark1	LOAD	20.203	7.377
2026-09-28T07:25:06.333Z	spark2	LOAD	15.810	4.325
2026-09-28T07:25:06.531Z	spark1	LOAD	20.185	7.379
2026-09-28T07:25:06.584Z	spark2	LOAD	21.929	4.325
2026-09-28T07:25:06.802Z	spark1	LOAD	20.140	7.379
2026-09-28T07:25:06.834Z	spark2	LOAD	15.877	4.325
2026-09-28T07:25:07.052Z	spark1	LOAD	20.100	7.379
2026-09-28T07:25:07.085Z	spark2	LOAD	19.945	4.325
2026-09-28T07:25:07.303Z	spark1	LOAD	20.031	7.379
2026-09-28T07:25:07.349Z	spark2	LOAD	16.969	4.325
2026-09-28T07:25:07.553Z	spark1	LOAD	19.992	7.379
2026-09-28T07:25:07.600Z	spark2	LOAD	16.434	4.325
2026-09-28T07:25:07.820Z	spark1	LOAD	19.945	7.379
2026-09-28T07:25:07.850Z	spark2	LOAD	19.326	4.325
2026-09-28T07:25:08.070Z	spark1	LOAD	19.949	7.379
2026-09-28T07:25:08.101Z	spark2	LOAD	15.557	4.325
2026-09-28T07:25:08.321Z	spark1	LOAD	19.869	7.379
2026-09-28T07:25:08.366Z	spark2	LOAD	20.312	4.325
2026-09-28T07:25:08.571Z	spark1	LOAD	19.836	7.379
2026-09-28T07:25:08.616Z	spark2	LOAD	15.747	4.325
2026-09-28T07:25:08.840Z	spark1	LOAD	19.778	7.379
2026-09-28T07:25:08.868Z	spark2	LOAD	21.442	4.325
2026-09-28T07:25:09.090Z	spark1	LOAD	19.735	7.379
2026-09-28T07:25:09.119Z	spark2	LOAD	15.861	4.325
2026-09-28T07:25:09.340Z	spark1	LOAD	19.687	7.379
2026-09-28T07:25:09.401Z	spark2	LOAD	22.200	4.325
2026-09-28T07:25:09.591Z	spark1	LOAD	19.686	7.380
2026-09-28T07:25:09.651Z	spark2	LOAD	15.887	4.325
2026-09-28T07:25:09.853Z	spark1	LOAD	19.650	7.380
2026-09-28T07:25:09.902Z	spark2	LOAD	18.485	4.325
2026-09-28T07:25:10.103Z	spark1	LOAD	19.605	7.380
2026-09-28T07:25:10.152Z	spark2	LOAD	22.488	4.325
2026-09-28T07:25:10.354Z	spark1	LOAD	19.580	7.380
2026-09-28T07:25:10.417Z	spark2	LOAD	22.699	4.325
2026-09-28T07:25:10.604Z	spark1	LOAD	19.524	7.380
2026-09-28T07:25:10.667Z	spark2	LOAD	22.666	4.324
2026-09-28T07:25:10.871Z	spark1	LOAD	19.479	7.380
2026-09-28T07:25:10.917Z	spark2	LOAD	22.804	4.320
2026-09-28T07:25:11.121Z	spark1	LOAD	19.380	7.380
2026-09-28T07:25:11.168Z	spark2	LOAD	22.845	4.316
2026-09-28T07:25:11.372Z	spark1	LOAD	19.387	7.380
2026-09-28T07:25:11.433Z	spark2	LOAD	22.541	4.312
2026-09-28T07:25:11.622Z	spark1	LOAD	19.346	7.380
2026-09-28T07:25:11.683Z	spark2	LOAD	23.032	4.311
2026-09-28T07:25:11.889Z	spark1	LOAD	19.328	7.381
2026-09-28T07:25:11.933Z	spark2	LOAD	22.950	4.311
2026-09-28T07:25:12.140Z	spark1	LOAD	19.288	7.381
2026-09-28T07:25:12.184Z	spark2	LOAD	23.362	4.309
2026-09-28T07:25:12.390Z	spark1	LOAD	19.221	7.381
2026-09-28T07:25:12.450Z	spark2	LOAD	23.417	4.308
2026-09-28T07:25:12.640Z	spark1	LOAD	20.712	7.380
2026-09-28T07:25:12.702Z	spark2	LOAD	23.454	4.308
2026-09-28T07:25:12.903Z	spark1	LOAD	22.507	7.380
2026-09-28T07:25:12.952Z	spark2	LOAD	23.035	4.308
2026-09-28T07:25:13.153Z	spark1	LOAD	22.478	7.380
2026-09-28T07:25:13.202Z	spark2	LOAD	23.767	4.308
2026-09-28T07:25:13.404Z	spark1	LOAD	22.444	7.380
2026-09-28T07:25:13.468Z	spark2	LOAD	23.340	4.308
2026-09-28T07:25:13.654Z	spark1	LOAD	22.408	7.380
2026-09-28T07:25:13.720Z	spark2	LOAD	23.840	4.308
2026-09-28T07:25:13.917Z	spark1	LOAD	22.370	7.380
2026-09-28T07:25:13.970Z	spark2	LOAD	23.759	4.308
2026-09-28T07:25:14.167Z	spark1	LOAD	22.341	7.380
2026-09-28T07:25:14.220Z	spark2	LOAD	23.915	4.308
2026-09-28T07:25:14.417Z	spark1	LOAD	22.271	7.380
2026-09-28T07:25:14.486Z	spark2	LOAD	24.293	4.308
2026-09-28T07:25:14.668Z	spark1	LOAD	22.239	7.380
2026-09-28T07:25:14.736Z	spark2	LOAD	22.607	4.308
2026-09-28T07:25:14.929Z	spark1	LOAD	22.210	7.380
2026-09-28T07:25:14.987Z	spark2	LOAD	24.782	4.308
2026-09-28T07:25:15.179Z	spark1	LOAD	22.165	7.380
2026-09-28T07:25:15.238Z	spark2	LOAD	24.779	4.308
2026-09-28T07:25:15.430Z	spark1	LOAD	22.131	7.380
2026-09-28T07:25:15.497Z	spark2	LOAD	24.773	4.308
2026-09-28T07:25:15.680Z	spark1	LOAD	22.060	7.380
2026-09-28T07:25:15.747Z	spark2	LOAD	24.768	4.308
2026-09-28T07:25:15.945Z	spark1	LOAD	22.031	7.380
2026-09-28T07:25:15.998Z	spark2	LOAD	24.760	4.308
2026-09-28T07:25:16.195Z	spark1	LOAD	21.996	7.380
2026-09-28T07:25:16.248Z	spark2	LOAD	22.893	4.308
2026-09-28T07:25:16.445Z	spark1	LOAD	21.942	7.380
2026-09-28T07:25:16.510Z	spark2	LOAD	22.878	4.308
2026-09-28T07:25:16.696Z	spark1	LOAD	21.911	7.380
2026-09-28T07:25:16.760Z	spark2	LOAD	22.879	4.308
2026-09-28T07:25:16.958Z	spark1	LOAD	21.877	7.380
2026-09-28T07:25:17.012Z	spark2	LOAD	22.349	4.308
2026-09-28T07:25:17.209Z	spark1	LOAD	21.845	7.380
2026-09-28T07:25:17.262Z	spark2	LOAD	21.762	4.308
2026-09-28T07:25:17.459Z	spark1	LOAD	21.817	7.380
2026-09-28T07:25:17.526Z	spark2	LOAD	21.723	4.308
2026-09-28T07:25:17.709Z	spark1	LOAD	21.786	7.380
2026-09-28T07:25:17.776Z	spark2	LOAD	21.686	4.308
2026-09-28T07:25:17.975Z	spark1	LOAD	21.752	7.380
2026-09-28T07:25:18.027Z	spark2	LOAD	21.653	4.308
2026-09-28T07:25:18.226Z	spark1	LOAD	21.721	7.380
2026-09-28T07:25:18.278Z	spark2	LOAD	21.617	4.308
2026-09-28T07:25:18.476Z	spark1	LOAD	21.662	7.380
2026-09-28T07:25:18.539Z	spark2	LOAD	21.592	4.308
2026-09-28T07:25:18.726Z	spark1	LOAD	21.615	7.380
2026-09-28T07:25:18.789Z	spark2	LOAD	21.556	4.308
2026-09-28T07:25:18.995Z	spark1	LOAD	21.580	7.380
2026-09-28T07:25:19.039Z	spark2	LOAD	21.520	4.308
2026-09-28T07:25:19.245Z	spark1	LOAD	21.546	7.380
2026-09-28T07:25:19.290Z	spark2	LOAD	21.413	4.308
2026-09-28T07:25:19.496Z	spark1	LOAD	21.514	7.380
2026-09-28T07:25:19.555Z	spark2	LOAD	21.284	4.308
2026-09-28T07:25:19.746Z	spark1	LOAD	21.483	7.380
2026-09-28T07:25:19.805Z	spark2	LOAD	21.156	4.308
2026-09-28T07:25:20.008Z	spark1	LOAD	21.447	7.380
2026-09-28T07:25:20.056Z	spark2	LOAD	21.031	4.308
2026-09-28T07:25:20.258Z	spark1	LOAD	21.405	7.380
2026-09-28T07:25:20.306Z	spark2	LOAD	20.926	4.308
2026-09-28T07:25:20.509Z	spark1	LOAD	21.372	7.380
2026-09-28T07:25:20.567Z	spark2	LOAD	21.414	4.308
2026-09-28T07:25:20.759Z	spark1	LOAD	21.307	7.380
2026-09-28T07:25:20.819Z	spark2	LOAD	21.471	4.308
2026-09-28T07:25:21.021Z	spark1	LOAD	21.272	7.380
2026-09-28T07:25:21.071Z	spark2	LOAD	21.708	4.308
2026-09-28T07:25:21.271Z	spark1	LOAD	21.204	7.380
2026-09-28T07:25:21.322Z	spark2	LOAD	21.864	4.308
2026-09-28T07:25:21.522Z	spark1	LOAD	21.173	7.380
2026-09-28T07:25:21.593Z	spark2	LOAD	21.888	4.308
2026-09-28T07:25:21.772Z	spark1	LOAD	21.142	7.380
2026-09-28T07:25:21.844Z	spark2	LOAD	22.084	4.304
2026-09-28T07:25:22.039Z	spark1	LOAD	21.111	7.380
2026-09-28T07:25:22.094Z	spark2	LOAD	21.882	4.300
2026-09-28T07:25:22.289Z	spark1	LOAD	20.992	7.380
2026-09-28T07:25:22.345Z	spark2	LOAD	22.215	4.297
2026-09-28T07:25:22.540Z	spark1	LOAD	20.955	7.380
2026-09-28T07:25:22.616Z	spark2	LOAD	22.541	4.295
2026-09-28T07:25:22.790Z	spark1	LOAD	20.888	7.380
2026-09-28T07:25:22.867Z	spark2	LOAD	22.525	4.295
2026-09-28T07:25:23.059Z	spark1	LOAD	20.990	7.380
2026-09-28T07:25:23.118Z	spark2	LOAD	22.525	4.295
2026-09-28T07:25:23.309Z	spark1	LOAD	20.943	7.380
2026-09-28T07:25:23.369Z	spark2	LOAD	22.525	4.295
2026-09-28T07:25:23.560Z	spark1	LOAD	20.909	7.380
2026-09-28T07:25:23.634Z	spark2	LOAD	22.519	4.295
2026-09-28T07:25:23.810Z	spark1	LOAD	20.872	7.380
2026-09-28T07:25:23.885Z	spark2	LOAD	22.503	4.295
2026-09-28T07:25:24.077Z	spark1	LOAD	20.839	7.380
2026-09-28T07:25:24.136Z	spark2	LOAD	22.496	4.295
2026-09-28T07:25:24.328Z	spark1	LOAD	20.803	7.380
2026-09-28T07:25:24.387Z	spark2	LOAD	22.488	4.295
2026-09-28T07:25:24.578Z	spark1	LOAD	20.767	7.380
2026-09-28T07:25:24.647Z	spark2	LOAD	22.488	4.295
2026-09-28T07:25:24.828Z	spark1	LOAD	20.701	7.380
2026-09-28T07:25:24.898Z	spark2	LOAD	22.486	4.295
2026-09-28T07:25:25.090Z	spark1	LOAD	20.696	7.380
2026-09-28T07:25:25.148Z	spark2	LOAD	22.473	4.295
2026-09-28T07:25:25.341Z	spark1	LOAD	20.657	7.380
2026-09-28T07:25:25.399Z	spark2	LOAD	22.473	4.295
2026-09-28T07:25:25.591Z	spark1	LOAD	20.624	7.380
2026-09-28T07:25:25.664Z	spark2	LOAD	22.473	4.295
2026-09-28T07:25:25.841Z	spark1	LOAD	20.611	7.382
2026-09-28T07:25:25.915Z	spark2	LOAD	22.473	4.295
2026-09-28T07:25:26.108Z	spark1	LOAD	20.562	7.382
2026-09-28T07:25:26.167Z	spark2	LOAD	22.457	4.295
2026-09-28T07:25:26.358Z	spark1	LOAD	20.516	7.382
2026-09-28T07:25:26.417Z	spark2	LOAD	22.457	4.295
2026-09-28T07:25:26.608Z	spark1	LOAD	20.499	7.382
2026-09-28T07:25:26.677Z	spark2	LOAD	22.457	4.295
2026-09-28T07:25:26.858Z	spark1	LOAD	20.426	7.382
2026-09-28T07:25:26.927Z	spark2	LOAD	22.449	4.295
2026-09-28T07:25:27.120Z	spark1	LOAD	20.388	7.382
2026-09-28T07:25:27.177Z	spark2	LOAD	22.449	4.295
2026-09-28T07:25:27.371Z	spark1	LOAD	20.354	7.382
2026-09-28T07:25:27.428Z	spark2	LOAD	22.449	4.295
2026-09-28T07:25:27.621Z	spark1	LOAD	20.346	7.383
2026-09-28T07:25:27.690Z	spark2	LOAD	22.448	4.295
2026-09-28T07:25:27.871Z	spark1	LOAD	20.307	7.383
2026-09-28T07:25:27.941Z	spark2	LOAD	22.448	4.295
2026-09-28T07:25:28.138Z	spark1	LOAD	20.266	7.383
2026-09-28T07:25:28.192Z	spark2	LOAD	22.448	4.295
2026-09-28T07:25:28.388Z	spark1	LOAD	20.227	7.383
2026-09-28T07:25:28.443Z	spark2	LOAD	22.448	4.295
2026-09-28T07:25:28.639Z	spark1	LOAD	20.189	7.383
2026-09-28T07:25:28.708Z	spark2	LOAD	22.432	4.295
2026-09-28T07:25:28.889Z	spark1	LOAD	20.105	7.383
2026-09-28T07:25:28.959Z	spark2	LOAD	22.417	4.295
2026-09-28T07:25:29.155Z	spark1	LOAD	20.107	7.383
2026-09-28T07:25:29.210Z	spark2	LOAD	22.401	4.295
2026-09-28T07:25:29.406Z	spark1	LOAD	20.075	7.383
2026-09-28T07:25:29.461Z	spark2	LOAD	22.409	4.295
2026-09-28T07:25:29.656Z	spark1	LOAD	20.040	7.383
2026-09-28T07:25:29.726Z	spark2	LOAD	22.409	4.295
2026-09-28T07:25:29.907Z	spark1	LOAD	20.002	7.383
2026-09-28T07:25:29.977Z	spark2	LOAD	22.409	4.295
2026-09-28T07:25:30.169Z	spark1	LOAD	19.941	7.384
2026-09-28T07:25:30.227Z	spark2	LOAD	22.409	4.295
2026-09-28T07:25:30.419Z	spark1	LOAD	19.910	7.384
2026-09-28T07:25:30.478Z	spark2	LOAD	22.409	4.295
2026-09-28T07:25:30.670Z	spark1	LOAD	19.895	7.384
2026-09-28T07:25:30.744Z	spark2	LOAD	22.400	4.295
2026-09-28T07:25:30.920Z	spark1	LOAD	19.814	7.384
2026-09-28T07:25:30.995Z	spark2	LOAD	22.394	4.295
2026-09-28T07:25:31.187Z	spark1	LOAD	19.773	7.384
2026-09-28T07:25:31.246Z	spark2	LOAD	22.380	4.295
2026-09-28T07:25:31.437Z	spark1	LOAD	19.750	7.386
2026-09-28T07:25:31.497Z	spark2	LOAD	22.372	4.295
2026-09-28T07:25:31.688Z	spark1	LOAD	19.709	7.386
2026-09-28T07:25:31.762Z	spark2	LOAD	22.371	4.295
2026-09-28T07:25:31.938Z	spark1	LOAD	19.666	7.386
2026-09-28T07:25:32.013Z	spark2	LOAD	22.367	4.295
2026-09-28T07:25:32.205Z	spark1	LOAD	19.606	7.386
2026-09-28T07:25:32.264Z	spark2	LOAD	22.353	4.295
2026-09-28T07:25:32.455Z	spark1	LOAD	19.535	7.386
2026-09-28T07:25:32.515Z	spark2	LOAD	22.345	4.295
2026-09-28T07:25:32.705Z	spark1	LOAD	19.499	7.386
2026-09-28T07:25:32.779Z	spark2	LOAD	22.322	4.292
2026-09-28T07:25:32.956Z	spark1	LOAD	19.438	7.386
2026-09-28T07:25:33.029Z	spark2	LOAD	22.327	4.288
2026-09-28T07:25:33.223Z	spark1	LOAD	19.403	7.386
2026-09-28T07:25:33.280Z	spark2	LOAD	22.319	4.287
2026-09-28T07:25:33.473Z	spark1	LOAD	19.356	7.387
2026-09-28T07:25:33.530Z	spark2	LOAD	22.312	4.284
2026-09-28T07:25:33.724Z	spark1	LOAD	19.330	7.388
2026-09-28T07:25:33.795Z	spark2	LOAD	22.295	4.283
2026-09-28T07:25:33.974Z	spark1	LOAD	20.376	7.388
2026-09-28T07:25:34.046Z	spark2	LOAD	22.295	4.283
2026-09-28T07:25:34.237Z	spark1	LOAD	22.355	7.388
2026-09-28T07:25:34.297Z	spark2	LOAD	23.474	4.283
2026-09-28T07:25:34.487Z	spark1	LOAD	22.511	7.388
2026-09-28T07:25:34.548Z	spark2	LOAD	23.473	4.283
2026-09-28T07:25:34.737Z	spark1	LOAD	22.476	7.388
2026-09-28T07:25:34.814Z	spark2	LOAD	23.471	4.283
2026-09-28T07:25:34.988Z	spark1	LOAD	22.403	7.388
2026-09-28T07:25:35.064Z	spark2	LOAD	23.471	4.283
2026-09-28T07:25:35.254Z	spark1	LOAD	22.369	7.388
2026-09-28T07:25:35.315Z	spark2	LOAD	23.471	4.283
2026-09-28T07:25:35.504Z	spark1	LOAD	22.337	7.388
2026-09-28T07:25:35.567Z	spark2	LOAD	23.479	4.283
2026-09-28T07:25:35.755Z	spark1	LOAD	22.304	7.388
2026-09-28T07:25:35.831Z	spark2	LOAD	23.478	4.283
2026-09-28T07:25:36.005Z	spark1	LOAD	22.266	7.388
2026-09-28T07:25:36.083Z	spark2	LOAD	23.479	4.283
2026-09-28T07:25:36.272Z	spark1	LOAD	22.224	7.388
2026-09-28T07:25:36.333Z	spark2	LOAD	23.479	4.283
2026-09-28T07:25:36.523Z	spark1	LOAD	22.186	7.388
2026-09-28T07:25:36.584Z	spark2	LOAD	23.479	4.283
2026-09-28T07:25:36.773Z	spark1	LOAD	22.148	7.388
2026-09-28T07:25:36.846Z	spark2	LOAD	23.478	4.283
2026-09-28T07:25:37.023Z	spark1	LOAD	22.091	7.388
2026-09-28T07:25:37.097Z	spark2	LOAD	23.485	4.283
2026-09-28T07:25:37.290Z	spark1	LOAD	22.057	7.388
2026-09-28T07:25:37.348Z	spark2	LOAD	23.485	4.283
2026-09-28T07:25:37.540Z	spark1	LOAD	22.019	7.388
2026-09-28T07:25:37.599Z	spark2	LOAD	23.486	4.283
2026-09-28T07:25:37.790Z	spark1	LOAD	21.988	7.388
2026-09-28T07:25:37.864Z	spark2	LOAD	23.486	4.283
2026-09-28T07:25:38.041Z	spark1	LOAD	21.955	7.388
2026-09-28T07:25:38.115Z	spark2	LOAD	23.494	4.283
2026-09-28T07:25:38.308Z	spark1	LOAD	21.914	7.388
2026-09-28T07:25:38.366Z	spark2	LOAD	23.494	4.283
2026-09-28T07:25:38.558Z	spark1	LOAD	21.880	7.388
2026-09-28T07:25:38.617Z	spark2	LOAD	23.494	4.283
2026-09-28T07:25:38.808Z	spark1	LOAD	21.848	7.388
2026-09-28T07:25:38.879Z	spark2	LOAD	23.494	4.283
2026-09-28T07:25:39.058Z	spark1	LOAD	21.786	7.388
2026-09-28T07:25:39.129Z	spark2	LOAD	23.495	4.283
2026-09-28T07:25:39.320Z	spark1	LOAD	21.816	7.389
2026-09-28T07:25:39.380Z	spark2	LOAD	23.495	4.283
2026-09-28T07:25:39.570Z	spark1	LOAD	21.778	7.389
2026-09-28T07:25:39.631Z	spark2	LOAD	23.502	4.283
2026-09-28T07:25:39.820Z	spark1	LOAD	21.743	7.389
2026-09-28T07:25:39.892Z	spark2	LOAD	23.502	4.283
2026-09-28T07:25:40.071Z	spark1	LOAD	21.703	7.389
2026-09-28T07:25:40.143Z	spark2	LOAD	23.504	4.283
2026-09-28T07:25:40.333Z	spark1	LOAD	21.653	7.389
2026-09-28T07:25:40.394Z	spark2	LOAD	23.504	4.283
2026-09-28T07:25:40.583Z	spark1	LOAD	21.618	7.389
2026-09-28T07:25:40.644Z	spark2	LOAD	23.504	4.283
2026-09-28T07:25:40.833Z	spark1	LOAD	21.575	7.389
2026-09-28T07:25:40.905Z	spark2	LOAD	23.511	4.283
2026-09-28T07:25:41.084Z	spark1	LOAD	21.536	7.389
2026-09-28T07:25:41.155Z	spark2	LOAD	23.513	4.283
2026-09-28T07:25:41.346Z	spark1	LOAD	21.470	7.389
2026-09-28T07:25:41.407Z	spark2	LOAD	23.513	4.283
2026-09-28T07:25:41.597Z	spark1	LOAD	21.442	7.389
2026-09-28T07:25:41.657Z	spark2	LOAD	23.513	4.283
2026-09-28T07:25:41.847Z	spark1	LOAD	21.407	7.389
2026-09-28T07:25:41.922Z	spark2	LOAD	23.521	4.283
2026-09-28T07:25:42.098Z	spark1	LOAD	21.369	7.389
2026-09-28T07:25:42.172Z	spark2	LOAD	23.521	4.283
2026-09-28T07:25:42.359Z	spark1	LOAD	21.329	7.389
2026-09-28T07:25:42.423Z	spark2	LOAD	23.521	4.283
2026-09-28T07:25:42.609Z	spark1	LOAD	21.300	7.389
2026-09-28T07:25:42.674Z	spark2	LOAD	23.521	4.283
2026-09-28T07:25:42.860Z	spark1	LOAD	21.269	7.389
2026-09-28T07:25:42.934Z	spark2	LOAD	23.529	4.283
2026-09-28T07:25:43.110Z	spark1	LOAD	21.238	7.389
2026-09-28T07:25:43.185Z	spark2	LOAD	23.529	4.283
2026-09-28T07:25:43.377Z	spark1	LOAD	21.178	7.389
2026-09-28T07:25:43.435Z	spark2	LOAD	23.529	4.283
2026-09-28T07:25:43.627Z	spark1	LOAD	21.139	7.389
2026-09-28T07:25:43.685Z	spark2	LOAD	23.529	4.283
2026-09-28T07:25:43.877Z	spark1	LOAD	21.046	7.389
2026-09-28T07:25:43.945Z	spark2	LOAD	23.538	4.281
2026-09-28T07:25:44.128Z	spark1	LOAD	21.008	7.389
2026-09-28T07:25:44.195Z	spark2	LOAD	23.539	4.277
2026-09-28T07:25:44.396Z	spark1	LOAD	20.976	7.389
2026-09-28T07:25:44.446Z	spark2	LOAD	23.533	4.273
2026-09-28T07:25:44.647Z	spark1	LOAD	20.933	7.389
2026-09-28T07:25:44.697Z	spark2	LOAD	23.533	4.272
2026-09-28T07:25:44.898Z	spark1	LOAD	20.884	7.389
2026-09-28T07:25:44.961Z	spark2	LOAD	23.532	4.272
2026-09-28T07:25:45.148Z	spark1	LOAD	20.839	7.389
2026-09-28T07:25:45.211Z	spark2	LOAD	23.532	4.272
2026-09-28T07:25:45.410Z	spark1	LOAD	20.781	7.389
2026-09-28T07:25:45.461Z	spark2	LOAD	23.532	4.272
2026-09-28T07:25:45.660Z	spark1	LOAD	20.735	7.389
2026-09-28T07:25:45.712Z	spark2	LOAD	23.532	4.272
2026-09-28T07:25:45.911Z	spark1	LOAD	20.688	7.389
2026-09-28T07:25:45.973Z	spark2	LOAD	23.532	4.272
2026-09-28T07:25:46.161Z	spark1	LOAD	20.652	7.389
2026-09-28T07:25:46.225Z	spark2	LOAD	23.532	4.272
2026-09-28T07:25:46.427Z	spark1	LOAD	20.607	7.389
2026-09-28T07:25:46.475Z	spark2	LOAD	23.532	4.272
2026-09-28T07:25:46.678Z	spark1	LOAD	20.568	7.389
2026-09-28T07:25:46.726Z	spark2	LOAD	23.532	4.272
2026-09-28T07:25:46.928Z	spark1	LOAD	20.534	7.389
2026-09-28T07:25:46.987Z	spark2	LOAD	23.533	4.272
2026-09-28T07:25:47.178Z	spark1	LOAD	20.495	7.389
2026-09-28T07:25:47.236Z	spark2	LOAD	23.535	4.272
2026-09-28T07:25:47.444Z	spark1	LOAD	20.420	7.389
2026-09-28T07:25:47.487Z	spark2	LOAD	23.535	4.272
2026-09-28T07:25:47.695Z	spark1	LOAD	20.385	7.389
2026-09-28T07:25:47.738Z	spark2	LOAD	23.535	4.272
2026-09-28T07:25:47.945Z	spark1	LOAD	20.343	7.389
2026-09-28T07:25:48.000Z	spark2	LOAD	23.540	4.272
2026-09-28T07:25:48.195Z	spark1	LOAD	20.300	7.389
2026-09-28T07:25:48.249Z	spark2	LOAD	23.541	4.272
2026-09-28T07:25:48.462Z	spark1	LOAD	20.260	7.389
2026-09-28T07:25:48.501Z	spark2	LOAD	23.541	4.272
2026-09-28T07:25:48.713Z	spark1	LOAD	20.222	7.389
2026-09-28T07:25:48.751Z	spark2	LOAD	23.541	4.272
2026-09-28T07:25:48.963Z	spark1	LOAD	20.204	7.389
2026-09-28T07:25:49.012Z	spark2	LOAD	23.541	4.272
2026-09-28T07:25:49.214Z	spark1	LOAD	20.162	7.389
2026-09-28T07:25:49.262Z	spark2	LOAD	23.541	4.272
2026-09-28T07:25:49.480Z	spark1	LOAD	20.072	7.389
2026-09-28T07:25:49.513Z	spark2	LOAD	23.541	4.272
2026-09-28T07:25:49.730Z	spark1	LOAD	20.027	7.389
2026-09-28T07:25:49.763Z	spark2	LOAD	23.545	4.272
2026-09-28T07:25:49.981Z	spark1	LOAD	19.991	7.389
2026-09-28T07:25:50.028Z	spark2	LOAD	23.545	4.272
2026-09-28T07:25:50.231Z	spark1	LOAD	19.937	7.389
2026-09-28T07:25:50.279Z	spark2	LOAD	23.545	4.272
2026-09-28T07:25:50.493Z	spark1	LOAD	19.895	7.389
2026-09-28T07:25:50.530Z	spark2	LOAD	23.545	4.272
2026-09-28T07:25:50.743Z	spark1	LOAD	19.857	7.389
2026-09-28T07:25:50.781Z	spark2	LOAD	23.545	4.272
2026-09-28T07:25:50.993Z	spark1	LOAD	19.822	7.389
2026-09-28T07:25:51.041Z	spark2	LOAD	23.549	4.272
2026-09-28T07:25:51.244Z	spark1	LOAD	19.786	7.389
2026-09-28T07:25:51.293Z	spark2	LOAD	23.549	4.272
2026-09-28T07:25:51.510Z	spark1	LOAD	19.721	7.389
2026-09-28T07:25:51.544Z	spark2	LOAD	23.560	4.272
2026-09-28T07:25:51.760Z	spark1	LOAD	19.682	7.389
2026-09-28T07:25:51.794Z	spark2	LOAD	23.560	4.272
2026-09-28T07:25:52.011Z	spark1	LOAD	19.649	7.389
2026-09-28T07:25:52.056Z	spark2	LOAD	23.563	4.272
2026-09-28T07:25:52.261Z	spark1	LOAD	19.607	7.389
2026-09-28T07:25:52.306Z	spark2	LOAD	23.563	4.272
2026-09-28T07:25:52.528Z	spark1	LOAD	19.561	7.389
2026-09-28T07:25:52.557Z	spark2	LOAD	23.563	4.272
2026-09-28T07:25:52.779Z	spark1	LOAD	19.525	7.387
2026-09-28T07:25:52.808Z	spark2	LOAD	23.563	4.272
2026-09-28T07:25:53.029Z	spark1	LOAD	19.486	7.386
2026-09-28T07:25:53.069Z	spark2	LOAD	23.564	4.272
2026-09-28T07:25:53.280Z	spark1	LOAD	19.447	7.386
2026-09-28T07:25:53.320Z	spark2	LOAD	23.567	4.272
2026-09-28T07:25:53.545Z	spark1	LOAD	19.399	7.385
2026-09-28T07:25:53.570Z	spark2	LOAD	23.567	4.272
2026-09-28T07:25:53.796Z	spark1	LOAD	19.363	7.385
2026-09-28T07:25:53.821Z	spark2	LOAD	23.568	4.272
2026-09-28T07:25:54.047Z	spark1	LOAD	19.325	7.385
2026-09-28T07:25:54.082Z	spark2	LOAD	23.569	4.272
2026-09-28T07:25:54.297Z	spark1	LOAD	19.286	7.385
2026-09-28T07:25:54.332Z	spark2	LOAD	23.569	4.272
2026-09-28T07:25:54.563Z	spark1	LOAD	19.204	7.385
2026-09-28T07:25:54.582Z	spark2	LOAD	23.569	4.272
2026-09-28T07:25:54.813Z	spark1	LOAD	19.213	7.385
2026-09-28T07:25:54.833Z	spark2	LOAD	23.566	4.270
2026-09-28T07:25:55.063Z	spark1	LOAD	19.240	7.385
2026-09-28T07:25:55.093Z	spark2	LOAD	23.545	4.266
2026-09-28T07:25:55.313Z	spark1	LOAD	20.776	7.385
2026-09-28T07:25:55.343Z	spark2	LOAD	23.549	4.262
2026-09-28T07:25:55.581Z	spark1	LOAD	22.402	7.385
2026-09-28T07:25:55.593Z	spark2	LOAD	23.549	4.262
2026-09-28T07:25:55.831Z	spark1	LOAD	22.383	7.385
2026-09-28T07:25:55.844Z	spark2	LOAD	23.549	4.262
2026-09-28T07:25:56.082Z	spark1	LOAD	22.347	7.385
2026-09-28T07:25:56.110Z	spark2	LOAD	23.551	4.262
2026-09-28T07:25:56.332Z	spark1	LOAD	22.317	7.385
2026-09-28T07:25:56.359Z	spark2	LOAD	23.551	4.262
2026-09-28T07:25:56.598Z	spark1	LOAD	22.280	7.385
2026-09-28T07:25:56.610Z	spark2	LOAD	23.551	4.262
2026-09-28T07:25:56.849Z	spark1	LOAD	22.249	7.385
2026-09-28T07:25:56.861Z	spark2	LOAD	23.551	4.262
2026-09-28T07:25:57.099Z	spark1	LOAD	22.212	7.385
2026-09-28T07:25:57.122Z	spark2	LOAD	23.554	4.262
2026-09-28T07:25:57.349Z	spark1	LOAD	22.173	7.385
2026-09-28T07:25:57.373Z	spark2	LOAD	23.554	4.262
2026-09-28T07:25:57.616Z	spark1	LOAD	22.106	7.385
2026-09-28T07:25:57.624Z	spark2	LOAD	23.554	4.262
2026-09-28T07:25:57.867Z	spark1	LOAD	22.123	7.385
2026-09-28T07:25:57.874Z	spark2	LOAD	23.554	4.262
2026-09-28T07:25:58.117Z	spark1	LOAD	22.071	7.385
2026-09-28T07:25:58.136Z	spark2	LOAD	23.555	4.262
2026-09-28T07:25:58.368Z	spark1	LOAD	22.037	7.385
2026-09-28T07:25:58.386Z	spark2	LOAD	23.555	4.262
2026-09-28T07:25:58.629Z	spark1	LOAD	22.000	7.385
2026-09-28T07:25:58.637Z	spark2	LOAD	23.555	4.262
2026-09-28T07:25:58.879Z	spark1	LOAD	21.966	7.385
2026-09-28T07:25:58.888Z	spark2	LOAD	23.555	4.262
2026-09-28T07:25:59.130Z	spark1	LOAD	21.933	7.385
2026-09-28T07:25:59.154Z	spark2	LOAD	23.557	4.262
2026-09-28T07:25:59.380Z	spark1	LOAD	21.898	7.385
2026-09-28T07:25:59.404Z	spark2	LOAD	23.557	4.262
2026-09-28T07:25:59.641Z	spark1	LOAD	21.849	7.385
2026-09-28T07:25:59.654Z	spark2	LOAD	23.557	4.262
2026-09-28T07:25:59.891Z	spark1	LOAD	21.810	7.385
2026-09-28T07:25:59.905Z	spark2	LOAD	23.557	4.262
2026-09-28T07:26:00.142Z	spark1	LOAD	21.779	7.385
2026-09-28T07:26:00.166Z	spark2	LOAD	23.560	4.262
2026-09-28T07:26:00.392Z	spark1	LOAD	21.737	7.385
2026-09-28T07:26:00.417Z	spark2	LOAD	23.560	4.262
2026-09-28T07:26:00.659Z	spark1	LOAD	21.698	7.385
2026-09-28T07:26:00.668Z	spark2	LOAD	23.560	4.262
2026-09-28T07:26:00.910Z	spark1	LOAD	21.667	7.385
2026-09-28T07:26:00.918Z	spark2	LOAD	23.560	4.262
2026-09-28T07:26:01.160Z	spark1	LOAD	21.629	7.385
2026-09-28T07:26:01.179Z	spark2	LOAD	23.562	4.262
2026-09-28T07:26:01.410Z	spark1	LOAD	21.594	7.385
2026-09-28T07:26:01.430Z	spark2	LOAD	23.562	4.262
2026-09-28T07:26:01.679Z	spark1	LOAD	21.558	7.385
2026-09-28T07:26:01.680Z	spark2	LOAD	23.563	4.262
2026-09-28T07:26:01.929Z	spark1	LOAD	21.508	7.385
2026-09-28T07:26:01.931Z	spark2	LOAD	23.563	4.262
2026-09-28T07:26:02.179Z	spark1	LOAD	21.476	7.385
2026-09-28T07:26:02.192Z	spark2	LOAD	23.563	4.262
2026-09-28T07:26:02.429Z	spark1	LOAD	21.440	7.385
2026-09-28T07:26:02.443Z	spark2	LOAD	23.563	4.262
2026-09-28T07:26:02.692Z	spark1	LOAD	21.404	7.385
2026-09-28T07:26:02.694Z	spark2	LOAD	23.563	4.262
2026-09-28T07:26:02.943Z	spark1	LOAD	21.368	7.385
2026-09-28T07:26:02.945Z	spark2	LOAD	23.563	4.262
2026-09-28T07:26:03.193Z	spark1	LOAD	21.332	7.385
2026-09-28T07:26:03.205Z	spark2	LOAD	23.563	4.262
2026-09-28T07:26:03.443Z	spark1	LOAD	21.294	7.385
2026-09-28T07:26:03.455Z	spark2	LOAD	23.563	4.262
2026-09-28T07:26:03.706Z	spark1	LOAD	21.258	7.385
2026-09-28T07:26:03.706Z	spark2	LOAD	23.563	4.262
2026-09-28T07:26:03.956Z	spark1	LOAD	21.211	7.385
2026-09-28T07:26:03.957Z	spark2	LOAD	23.563	4.262
2026-09-28T07:26:04.207Z	spark1	LOAD	21.172	7.385
2026-09-28T07:26:04.218Z	spark2	LOAD	23.563	4.262
2026-09-28T07:26:04.457Z	spark1	LOAD	21.129	7.385
2026-09-28T07:26:04.468Z	spark2	LOAD	23.563	4.262
2026-09-28T07:26:04.719Z	spark2	LOAD	23.563	4.262
2026-09-28T07:26:04.724Z	spark1	LOAD	21.085	7.385
2026-09-28T07:26:04.970Z	spark2	LOAD	23.563	4.262
2026-09-28T07:26:04.974Z	spark1	LOAD	21.049	7.385
2026-09-28T07:26:05.224Z	spark1	LOAD	20.993	7.385
2026-09-28T07:26:05.231Z	spark2	LOAD	23.563	4.262
2026-09-28T07:26:05.475Z	spark1	LOAD	20.946	7.385
2026-09-28T07:26:05.481Z	spark2	LOAD	23.563	4.262
2026-09-28T07:26:05.732Z	spark2	LOAD	23.561	4.260
2026-09-28T07:26:05.741Z	spark1	LOAD	20.910	7.385
2026-09-28T07:26:05.982Z	spark2	LOAD	23.535	4.256
2026-09-28T07:26:05.991Z	spark1	LOAD	20.866	7.385
2026-09-28T07:26:06.242Z	spark1	LOAD	20.808	7.385
2026-09-28T07:26:06.243Z	spark2	LOAD	23.551	4.252
2026-09-28T07:26:06.493Z	spark1	LOAD	20.773	7.385
2026-09-28T07:26:06.493Z	spark2	LOAD	23.551	4.252
2026-09-28T07:26:06.745Z	spark2	LOAD	23.551	4.252
2026-09-28T07:26:06.762Z	spark1	LOAD	20.750	7.385
2026-09-28T07:26:06.996Z	spark2	LOAD	23.553	4.252
2026-09-28T07:26:07.012Z	spark1	LOAD	20.717	7.385
2026-09-28T07:26:07.258Z	spark2	LOAD	23.553	4.252
2026-09-28T07:26:07.262Z	spark1	LOAD	20.699	7.385
2026-09-28T07:26:07.509Z	spark2	LOAD	23.553	4.252
2026-09-28T07:26:07.513Z	spark1	LOAD	20.663	7.385
2026-09-28T07:26:07.760Z	spark2	LOAD	23.553	4.252
2026-09-28T07:26:07.774Z	spark1	LOAD	20.625	7.390
2026-09-28T07:26:08.011Z	spark2	LOAD	23.554	4.252
2026-09-28T07:26:08.024Z	spark1	LOAD	20.566	7.390
2026-09-28T07:26:08.275Z	spark1	LOAD	20.528	7.390
2026-09-28T07:26:08.276Z	spark2	LOAD	23.554	4.252
2026-09-28T07:26:08.525Z	spark1	LOAD	20.488	7.390
2026-09-28T07:26:08.527Z	spark2	LOAD	23.554	4.252
2026-09-28T07:26:08.778Z	spark2	LOAD	23.554	4.252
2026-09-28T07:26:08.786Z	spark1	LOAD	20.446	7.390
2026-09-28T07:26:09.029Z	spark2	LOAD	23.554	4.252
2026-09-28T07:26:09.036Z	spark1	LOAD	20.430	7.426
2026-09-28T07:26:09.286Z	spark1	LOAD	20.391	7.426
2026-09-28T07:26:09.290Z	spark2	LOAD	23.553	4.252
2026-09-28T07:26:09.537Z	spark1	LOAD	20.362	7.426
2026-09-28T07:26:09.540Z	spark2	LOAD	23.553	4.252
2026-09-28T07:26:09.791Z	spark2	LOAD	23.553	4.252
2026-09-28T07:26:09.803Z	spark1	LOAD	20.321	7.426
2026-09-28T07:26:10.041Z	spark2	LOAD	23.555	4.252
2026-09-28T07:26:10.054Z	spark1	LOAD	20.269	7.426
2026-09-28T07:26:10.303Z	spark2	LOAD	23.555	4.252
2026-09-28T07:26:10.304Z	spark1	LOAD	20.215	7.426
2026-09-28T07:26:10.554Z	spark2	LOAD	23.555	4.252
2026-09-28T07:26:10.554Z	spark1	LOAD	20.183	7.426
2026-09-28T07:26:10.804Z	spark2	LOAD	23.555	4.252
2026-09-28T07:26:10.821Z	spark1	LOAD	20.198	7.426
2026-09-28T07:26:11.055Z	spark2	LOAD	23.555	4.252
2026-09-28T07:26:11.071Z	spark1	LOAD	20.145	7.426
2026-09-28T07:26:11.317Z	spark2	LOAD	23.555	4.252
2026-09-28T07:26:11.321Z	spark1	LOAD	20.128	7.427
2026-09-28T07:26:11.568Z	spark2	LOAD	23.555	4.252
2026-09-28T07:26:11.572Z	spark1	LOAD	20.085	7.427
2026-09-28T07:26:11.819Z	spark2	LOAD	23.555	4.252
2026-09-28T07:26:11.833Z	spark1	LOAD	20.048	7.427
2026-09-28T07:26:12.070Z	spark2	LOAD	23.555	4.252
2026-09-28T07:26:12.083Z	spark1	LOAD	19.980	7.427
2026-09-28T07:26:12.334Z	spark1	LOAD	19.947	7.427
2026-09-28T07:26:12.335Z	spark2	LOAD	23.555	4.252
2026-09-28T07:26:12.584Z	spark1	LOAD	19.911	7.427
2026-09-28T07:26:12.586Z	spark2	LOAD	23.555	4.252
2026-09-28T07:26:12.837Z	spark2	LOAD	23.555	4.252
2026-09-28T07:26:12.845Z	spark1	LOAD	19.874	7.427
2026-09-28T07:26:13.087Z	spark2	LOAD	23.555	4.252
2026-09-28T07:26:13.095Z	spark1	LOAD	19.840	7.427
2026-09-28T07:26:13.346Z	spark1	LOAD	19.798	7.427
2026-09-28T07:26:13.349Z	spark2	LOAD	23.555	4.252
2026-09-28T07:26:13.596Z	spark1	LOAD	19.780	7.427
2026-09-28T07:26:13.599Z	spark2	LOAD	23.555	4.252
2026-09-28T07:26:13.851Z	spark2	LOAD	23.555	4.252
2026-09-28T07:26:13.863Z	spark1	LOAD	19.731	7.427
2026-09-28T07:26:14.100Z	spark2	LOAD	23.555	4.252
2026-09-28T07:26:14.114Z	spark1	LOAD	19.664	7.428
2026-09-28T07:26:14.364Z	spark1	LOAD	19.630	7.428
2026-09-28T07:26:14.366Z	spark2	LOAD	23.555	4.252
2026-09-28T07:26:14.614Z	spark1	LOAD	19.597	7.428
2026-09-28T07:26:14.616Z	spark2	LOAD	23.555	4.252
2026-09-28T07:26:14.868Z	spark2	LOAD	23.555	4.252
2026-09-28T07:26:14.880Z	spark1	LOAD	19.556	7.428
2026-09-28T07:26:15.119Z	spark2	LOAD	23.555	4.252
2026-09-28T07:26:15.130Z	spark1	LOAD	20.142	7.428
2026-09-28T07:26:15.381Z	spark1	LOAD	21.958	7.428
2026-09-28T07:26:15.384Z	spark2	LOAD	23.555	4.252
2026-09-28T07:26:15.631Z	spark1	LOAD	22.547	7.428
2026-09-28T07:26:15.634Z	spark2	LOAD	23.555	4.252
2026-09-28T07:26:15.885Z	spark2	LOAD	23.555	4.252
2026-09-28T07:26:15.893Z	spark1	LOAD	22.507	7.428
2026-09-28T07:26:16.136Z	spark2	LOAD	23.555	4.252
2026-09-28T07:26:16.143Z	spark1	LOAD	22.432	7.428
2026-09-28T07:26:16.393Z	spark1	LOAD	22.381	7.428
2026-09-28T07:26:16.401Z	spark2	LOAD	23.555	4.252
2026-09-28T07:26:16.644Z	spark1	LOAD	22.344	7.428
2026-09-28T07:26:16.651Z	spark2	LOAD	23.550	4.250
2026-09-28T07:26:16.901Z	spark2	LOAD	23.537	4.246
2026-09-28T07:26:16.910Z	spark1	LOAD	22.286	7.428
2026-09-28T07:26:17.153Z	spark2	LOAD	23.536	4.243
2026-09-28T07:26:17.160Z	spark1	LOAD	22.240	7.427
2026-09-28T07:26:17.410Z	spark1	LOAD	22.200	7.427
2026-09-28T07:26:17.413Z	spark2	LOAD	23.535	4.243
2026-09-28T07:26:17.661Z	spark1	LOAD	22.158	7.427
2026-09-28T07:26:17.664Z	spark2	LOAD	23.535	4.243
2026-09-28T07:26:17.915Z	spark2	LOAD	23.535	4.243
2026-09-28T07:26:17.923Z	spark1	LOAD	22.121	7.427
2026-09-28T07:26:18.165Z	spark2	LOAD	23.535	4.243
2026-09-28T07:26:18.174Z	spark1	LOAD	22.068	7.427
2026-09-28T07:26:18.424Z	spark1	LOAD	22.033	7.427
2026-09-28T07:26:18.426Z	spark2	LOAD	23.535	4.243
2026-09-28T07:26:18.674Z	spark1	LOAD	21.998	7.427
2026-09-28T07:26:18.677Z	spark2	LOAD	23.535	4.243
2026-09-28T07:26:18.927Z	spark2	LOAD	23.535	4.243
2026-09-28T07:26:18.941Z	spark1	LOAD	21.958	7.427
2026-09-28T07:26:19.178Z	spark2	LOAD	23.535	4.243
2026-09-28T07:26:19.192Z	spark1	LOAD	21.920	7.427
2026-09-28T07:26:19.439Z	spark2	LOAD	23.535	4.243
2026-09-28T07:26:19.442Z	spark1	LOAD	21.883	7.427
2026-09-28T07:26:19.691Z	spark2	LOAD	23.535	4.243
2026-09-28T07:26:19.692Z	spark1	LOAD	21.839	7.427
2026-09-28T07:26:19.941Z	spark2	LOAD	23.535	4.243
2026-09-28T07:26:19.953Z	spark1	LOAD	21.797	7.427
2026-09-28T07:26:20.193Z	spark2	LOAD	23.535	4.243
2026-09-28T07:26:20.203Z	spark1	LOAD	21.735	7.427
2026-09-28T07:26:20.453Z	spark2	LOAD	23.535	4.243
2026-09-28T07:26:20.454Z	spark1	LOAD	21.688	7.427
2026-09-28T07:26:20.704Z	spark2	LOAD	23.535	4.243
2026-09-28T07:26:20.704Z	spark1	LOAD	21.654	7.427
2026-09-28T07:26:20.955Z	spark2	LOAD	23.535	4.243
2026-09-28T07:26:20.965Z	spark1	LOAD	21.612	7.427
2026-09-28T07:26:21.205Z	spark2	LOAD	23.535	4.243
2026-09-28T07:26:21.216Z	spark1	LOAD	21.573	7.427
2026-09-28T07:26:21.466Z	spark1	LOAD	21.540	7.427
2026-09-28T07:26:21.469Z	spark2	LOAD	23.535	4.243
2026-09-28T07:26:21.717Z	spark1	LOAD	21.507	7.427
2026-09-28T07:26:21.720Z	spark2	LOAD	23.535	4.243
2026-09-28T07:26:21.972Z	spark2	LOAD	23.535	4.243
2026-09-28T07:26:21.983Z	spark1	LOAD	21.466	7.427
2026-09-28T07:26:22.223Z	spark2	LOAD	23.535	4.243
2026-09-28T07:26:22.233Z	spark1	LOAD	21.436	7.427
2026-09-28T07:26:22.484Z	spark1	LOAD	21.376	7.427
2026-09-28T07:26:22.484Z	spark2	LOAD	23.535	4.243
2026-09-28T07:26:22.734Z	spark1	LOAD	21.337	7.427
2026-09-28T07:26:22.735Z	spark2	LOAD	23.535	4.243
2026-09-28T07:26:22.986Z	spark2	LOAD	23.536	4.243
2026-09-28T07:26:22.995Z	spark1	LOAD	21.300	7.427
2026-09-28T07:26:23.236Z	spark2	LOAD	23.536	4.243
2026-09-28T07:26:23.246Z	spark1	LOAD	21.265	7.427
2026-09-28T07:26:23.497Z	spark1	LOAD	21.294	7.427
2026-09-28T07:26:23.502Z	spark2	LOAD	23.536	4.243
2026-09-28T07:26:23.747Z	spark1	LOAD	21.240	7.427
2026-09-28T07:26:23.752Z	spark2	LOAD	23.536	4.243
2026-09-28T07:26:24.003Z	spark2	LOAD	23.536	4.243
2026-09-28T07:26:24.013Z	spark1	LOAD	21.195	7.427
2026-09-28T07:26:24.254Z	spark2	LOAD	23.536	4.243
2026-09-28T07:26:24.264Z	spark1	LOAD	21.152	7.427
2026-09-28T07:26:24.514Z	spark1	LOAD	21.084	7.428
2026-09-28T07:26:24.515Z	spark2	LOAD	23.536	4.243
2026-09-28T07:26:24.765Z	spark1	LOAD	21.053	7.428
2026-09-28T07:26:24.766Z	spark2	LOAD	23.536	4.243
2026-09-28T07:26:25.017Z	spark2	LOAD	23.536	4.243
2026-09-28T07:26:25.026Z	spark1	LOAD	21.014	7.428
2026-09-28T07:26:25.267Z	spark2	LOAD	23.536	4.243
2026-09-28T07:26:25.276Z	spark1	LOAD	20.975	7.428
2026-09-28T07:26:25.526Z	spark1	LOAD	20.924	7.428
2026-09-28T07:26:25.532Z	spark2	LOAD	23.535	4.243
2026-09-28T07:26:25.777Z	spark1	LOAD	20.884	7.428
2026-09-28T07:26:25.783Z	spark2	LOAD	23.535	4.243
2026-09-28T07:26:26.034Z	spark2	LOAD	23.535	4.243
2026-09-28T07:26:26.044Z	spark1	LOAD	20.917	7.429
2026-09-28T07:26:26.285Z	spark2	LOAD	23.535	4.243
2026-09-28T07:26:26.294Z	spark1	LOAD	20.873	7.429
2026-09-28T07:26:26.544Z	spark1	LOAD	20.824	7.429
2026-09-28T07:26:26.546Z	spark2	LOAD	23.535	4.243
2026-09-28T07:26:26.794Z	spark1	LOAD	20.790	7.429
2026-09-28T07:26:26.797Z	spark2	LOAD	23.535	4.243
2026-09-28T07:26:27.047Z	spark2	LOAD	23.535	4.243
2026-09-28T07:26:27.063Z	spark1	LOAD	20.720	7.429
2026-09-28T07:26:27.297Z	spark2	LOAD	23.535	4.243
2026-09-28T07:26:27.313Z	spark1	LOAD	20.668	7.429
2026-09-28T07:26:27.561Z	spark2	LOAD	23.523	4.240
2026-09-28T07:26:27.564Z	spark1	LOAD	20.631	7.429
2026-09-28T07:26:27.811Z	spark2	LOAD	23.506	4.237
2026-09-28T07:26:27.814Z	spark1	LOAD	20.576	7.429
2026-09-28T07:26:28.062Z	spark2	LOAD	23.503	4.233
2026-09-28T07:26:28.082Z	spark1	LOAD	20.533	7.429
2026-09-28T07:26:28.313Z	spark2	LOAD	23.503	4.230
2026-09-28T07:26:28.333Z	spark1	LOAD	20.495	7.429
2026-09-28T07:26:28.578Z	spark2	LOAD	23.502	4.230
2026-09-28T07:26:28.584Z	spark1	LOAD	20.434	7.429
2026-09-28T07:26:28.828Z	spark2	LOAD	23.502	4.230
2026-09-28T07:26:28.834Z	spark1	LOAD	20.397	7.429
2026-09-28T07:26:29.079Z	spark2	LOAD	23.502	4.230
2026-09-28T07:26:29.102Z	spark1	LOAD	20.350	7.429
2026-09-28T07:26:29.329Z	spark2	LOAD	23.502	4.230
2026-09-28T07:26:29.352Z	spark1	LOAD	20.310	7.429
2026-09-28T07:26:29.591Z	spark2	LOAD	23.502	4.230
2026-09-28T07:26:29.603Z	spark1	LOAD	20.274	7.429
2026-09-28T07:26:29.842Z	spark2	LOAD	23.502	4.230
2026-09-28T07:26:29.853Z	spark1	LOAD	20.298	7.429
2026-09-28T07:26:30.093Z	spark2	LOAD	23.502	4.230
2026-09-28T07:26:30.115Z	spark1	LOAD	20.252	7.429
2026-09-28T07:26:30.343Z	spark2	LOAD	23.503	4.230
2026-09-28T07:26:30.365Z	spark1	LOAD	20.142	7.429
2026-09-28T07:26:30.604Z	spark2	LOAD	23.503	4.230
2026-09-28T07:26:30.615Z	spark1	LOAD	20.065	7.429
2026-09-28T07:26:30.854Z	spark2	LOAD	23.503	4.230
2026-09-28T07:26:30.866Z	spark1	LOAD	20.127	7.430
2026-09-28T07:26:31.105Z	spark2	LOAD	23.503	4.230
2026-09-28T07:26:31.135Z	spark1	LOAD	20.077	7.430
2026-09-28T07:26:31.356Z	spark2	LOAD	23.503	4.230
2026-09-28T07:26:31.385Z	spark1	LOAD	20.033	7.430
2026-09-28T07:26:31.617Z	spark2	LOAD	23.502	4.230
2026-09-28T07:26:31.635Z	spark1	LOAD	19.992	7.430
2026-09-28T07:26:31.868Z	spark2	LOAD	23.503	4.230
2026-09-28T07:26:31.886Z	spark1	LOAD	19.840	7.431
2026-09-28T07:26:32.118Z	spark2	LOAD	23.504	4.230
2026-09-28T07:26:32.148Z	spark1	LOAD	19.799	7.431
2026-09-28T07:26:32.369Z	spark2	LOAD	23.505	4.230
2026-09-28T07:26:32.398Z	spark1	LOAD	19.890	7.431
2026-09-28T07:26:32.635Z	spark2	LOAD	23.505	4.230
2026-09-28T07:26:32.649Z	spark1	LOAD	19.828	7.431
2026-09-28T07:26:32.885Z	spark2	LOAD	23.505	4.230
2026-09-28T07:26:32.899Z	spark1	LOAD	19.788	7.431
2026-09-28T07:26:33.137Z	spark2	LOAD	23.506	4.230
2026-09-28T07:26:33.166Z	spark1	LOAD	19.748	7.431
2026-09-28T07:26:33.387Z	spark2	LOAD	23.506	4.230
2026-09-28T07:26:33.416Z	spark1	LOAD	19.717	7.432
2026-09-28T07:26:33.649Z	spark2	LOAD	23.506	4.230
2026-09-28T07:26:33.667Z	spark1	LOAD	19.682	7.432
2026-09-28T07:26:33.899Z	spark2	LOAD	23.506	4.230
2026-09-28T07:26:33.918Z	spark1	LOAD	19.642	7.432
2026-09-28T07:26:34.150Z	spark2	LOAD	23.508	4.230
2026-09-28T07:26:34.186Z	spark1	LOAD	19.601	7.432
2026-09-28T07:26:34.400Z	spark2	LOAD	23.508	4.230
2026-09-28T07:26:34.436Z	spark1	LOAD	19.559	7.432
2026-09-28T07:26:34.661Z	spark2	LOAD	23.508	4.230
2026-09-28T07:26:34.687Z	spark1	LOAD	19.499	7.432
2026-09-28T07:26:34.912Z	spark2	LOAD	23.509	4.230
2026-09-28T07:26:34.937Z	spark1	LOAD	19.481	7.432
2026-09-28T07:26:35.163Z	spark2	LOAD	23.509	4.230
2026-09-28T07:26:35.199Z	spark1	LOAD	19.435	7.432
2026-09-28T07:26:35.414Z	spark2	LOAD	23.509	4.230
2026-09-28T07:26:35.449Z	spark1	LOAD	19.366	7.432
2026-09-28T07:26:35.677Z	spark2	LOAD	23.509	4.230
2026-09-28T07:26:35.699Z	spark1	LOAD	19.333	7.432
2026-09-28T07:26:35.927Z	spark2	LOAD	23.509	4.230
2026-09-28T07:26:35.950Z	spark1	LOAD	19.299	7.432
2026-09-28T07:26:36.178Z	spark2	LOAD	23.510	4.230
2026-09-28T07:26:36.217Z	spark1	LOAD	20.198	7.431
2026-09-28T07:26:36.429Z	spark2	LOAD	23.510	4.230
2026-09-28T07:26:36.467Z	spark1	LOAD	22.412	7.431
2026-09-28T07:26:36.694Z	spark2	LOAD	23.510	4.230
2026-09-28T07:26:36.717Z	spark1	LOAD	22.535	7.431
2026-09-28T07:26:36.944Z	spark2	LOAD	23.511	4.230
2026-09-28T07:26:36.967Z	spark1	LOAD	22.511	7.431
2026-09-28T07:26:37.195Z	spark2	LOAD	23.511	4.230
2026-09-28T07:26:37.235Z	spark1	LOAD	22.476	7.431
2026-09-28T07:26:37.445Z	spark2	LOAD	23.511	4.230
2026-09-28T07:26:37.486Z	spark1	LOAD	22.445	7.431
2026-09-28T07:26:37.710Z	spark2	LOAD	23.511	4.230
2026-09-28T07:26:37.736Z	spark1	LOAD	22.412	7.431
2026-09-28T07:26:37.961Z	spark2	LOAD	23.511	4.230
2026-09-28T07:26:37.986Z	spark1	LOAD	22.358	7.431
2026-09-28T07:26:38.212Z	spark2	LOAD	23.511	4.230
2026-09-28T07:26:38.248Z	spark1	LOAD	22.317	7.431
2026-09-28T07:26:38.462Z	spark2	LOAD	23.508	4.227
2026-09-28T07:26:38.499Z	spark1	LOAD	22.285	7.431
2026-09-28T07:26:38.721Z	spark2	LOAD	23.492	4.225
2026-09-28T07:26:38.749Z	spark1	LOAD	22.227	7.431
2026-09-28T07:26:38.971Z	spark2	LOAD	23.500	4.222
2026-09-28T07:26:38.999Z	spark1	LOAD	22.171	7.431
2026-09-28T07:26:39.223Z	spark2	LOAD	23.500	4.222
2026-09-28T07:26:39.266Z	spark1	LOAD	22.131	7.431
2026-09-28T07:26:39.474Z	spark2	LOAD	23.500	4.222
2026-09-28T07:26:39.516Z	spark1	LOAD	22.102	7.431
2026-09-28T07:26:39.739Z	spark2	LOAD	23.500	4.222
2026-09-28T07:26:39.766Z	spark1	LOAD	22.067	7.431
2026-09-28T07:26:39.989Z	spark2	LOAD	23.500	4.222
2026-09-28T07:26:40.017Z	spark1	LOAD	22.038	7.431
2026-09-28T07:26:40.240Z	spark2	LOAD	23.500	4.222
2026-09-28T07:26:40.284Z	spark1	LOAD	21.999	7.431
2026-09-28T07:26:40.491Z	spark2	LOAD	23.500	4.222
2026-09-28T07:26:40.535Z	spark1	LOAD	21.956	7.431
2026-09-28T07:26:40.756Z	spark2	LOAD	23.500	4.222
2026-09-28T07:26:40.785Z	spark1	LOAD	21.907	7.431
2026-09-28T07:26:41.007Z	spark2	LOAD	23.499	4.222
2026-09-28T07:26:41.036Z	spark1	LOAD	21.875	7.431
2026-09-28T07:26:41.258Z	spark2	LOAD	23.499	4.222
2026-09-28T07:26:41.297Z	spark1	LOAD	21.846	7.431
2026-09-28T07:26:41.509Z	spark2	LOAD	23.499	4.222
2026-09-28T07:26:41.547Z	spark1	LOAD	21.815	7.431
2026-09-28T07:26:41.774Z	spark2	LOAD	23.499	4.222
2026-09-28T07:26:41.797Z	spark1	LOAD	21.790	7.431
2026-09-28T07:26:42.024Z	spark2	LOAD	23.499	4.222
2026-09-28T07:26:42.048Z	spark1	LOAD	21.755	7.431
2026-09-28T07:26:42.275Z	spark2	LOAD	23.499	4.222
2026-09-28T07:26:42.309Z	spark1	LOAD	21.726	7.431
2026-09-28T07:26:42.525Z	spark2	LOAD	23.499	4.222
2026-09-28T07:26:42.560Z	spark1	LOAD	21.689	7.431
2026-09-28T07:26:42.790Z	spark2	LOAD	23.499	4.222
2026-09-28T07:26:42.810Z	spark1	LOAD	21.646	7.431
2026-09-28T07:26:43.041Z	spark2	LOAD	23.500	4.222
2026-09-28T07:26:43.060Z	spark1	LOAD	21.599	7.431
2026-09-28T07:26:43.291Z	spark2	LOAD	23.501	4.222
2026-09-28T07:26:43.327Z	spark1	LOAD	21.572	7.431
2026-09-28T07:26:43.543Z	spark2	LOAD	23.501	4.222
2026-09-28T07:26:43.577Z	spark1	LOAD	21.542	7.431
2026-09-28T07:26:43.808Z	spark2	LOAD	23.501	4.222
2026-09-28T07:26:43.828Z	spark1	LOAD	21.512	7.431
2026-09-28T07:26:44.058Z	spark2	LOAD	23.501	4.222
2026-09-28T07:26:44.078Z	spark1	LOAD	21.475	7.431
2026-09-28T07:26:44.308Z	spark2	LOAD	23.502	4.222
2026-09-28T07:26:44.346Z	spark1	LOAD	21.429	7.431
2026-09-28T07:26:44.560Z	spark2	LOAD	23.502	4.222
2026-09-28T07:26:44.596Z	spark1	LOAD	21.400	7.431
2026-09-28T07:26:44.824Z	spark2	LOAD	23.502	4.222
2026-09-28T07:26:44.846Z	spark1	LOAD	21.366	7.431
2026-09-28T07:26:45.075Z	spark2	LOAD	23.502	4.222
2026-09-28T07:26:45.097Z	spark1	LOAD	21.309	7.431
2026-09-28T07:26:45.326Z	spark2	LOAD	23.502	4.222
2026-09-28T07:26:45.359Z	spark1	LOAD	21.270	7.431
2026-09-28T07:26:45.577Z	spark2	LOAD	23.502	4.222
2026-09-28T07:26:45.610Z	spark1	LOAD	21.229	7.431
2026-09-28T07:26:45.842Z	spark2	LOAD	23.502	4.222
2026-09-28T07:26:45.860Z	spark1	LOAD	21.195	7.431
2026-09-28T07:26:46.093Z	spark2	LOAD	23.502	4.222
2026-09-28T07:26:46.110Z	spark1	LOAD	21.162	7.431
2026-09-28T07:26:46.343Z	spark2	LOAD	23.502	4.222
2026-09-28T07:26:46.372Z	spark1	LOAD	21.117	7.431
2026-09-28T07:26:46.593Z	spark2	LOAD	23.502	4.222
2026-09-28T07:26:46.622Z	spark1	LOAD	21.095	7.431
2026-09-28T07:26:46.858Z	spark2	LOAD	23.502	4.222
2026-09-28T07:26:46.873Z	spark1	LOAD	21.063	7.431
2026-09-28T07:26:47.108Z	spark2	LOAD	23.502	4.222
2026-09-28T07:26:47.123Z	spark1	LOAD	20.984	7.431
2026-09-28T07:26:47.359Z	spark2	LOAD	23.502	4.222
2026-09-28T07:26:47.392Z	spark1	LOAD	20.941	7.431
2026-09-28T07:26:47.610Z	spark2	LOAD	23.502	4.222
2026-09-28T07:26:47.642Z	spark1	LOAD	20.941	7.431
2026-09-28T07:26:47.874Z	spark2	LOAD	23.502	4.222
2026-09-28T07:26:47.892Z	spark1	LOAD	20.903	7.431
2026-09-28T07:26:48.126Z	spark2	LOAD	23.502	4.222
2026-09-28T07:26:48.142Z	spark1	LOAD	20.862	7.431
2026-09-28T07:26:48.377Z	spark2	LOAD	23.502	4.222
2026-09-28T07:26:48.404Z	spark1	LOAD	20.782	7.431
2026-09-28T07:26:48.627Z	spark2	LOAD	23.502	4.222
2026-09-28T07:26:48.655Z	spark1	LOAD	20.747	7.431
2026-09-28T07:26:48.892Z	spark2	LOAD	23.502	4.222
2026-09-28T07:26:48.905Z	spark1	LOAD	20.700	7.431
2026-09-28T07:26:49.142Z	spark2	LOAD	23.502	4.222
2026-09-28T07:26:49.155Z	spark1	LOAD	20.590	7.431
2026-09-28T07:26:49.392Z	spark2	LOAD	23.501	4.221
2026-09-28T07:26:49.417Z	spark1	LOAD	20.555	7.431
2026-09-28T07:26:49.643Z	spark2	LOAD	23.503	4.218
2026-09-28T07:26:49.667Z	spark1	LOAD	20.580	7.431
2026-09-28T07:26:49.908Z	spark2	LOAD	23.510	4.216
2026-09-28T07:26:49.918Z	spark1	LOAD	20.519	7.431
2026-09-28T07:26:50.160Z	spark2	LOAD	23.510	4.216
2026-09-28T07:26:50.168Z	spark1	LOAD	20.486	7.431
2026-09-28T07:26:50.410Z	spark2	LOAD	23.510	4.216
2026-09-28T07:26:50.434Z	spark1	LOAD	20.426	7.431
2026-09-28T07:26:50.661Z	spark2	LOAD	23.510	4.216
2026-09-28T07:26:50.685Z	spark1	LOAD	20.430	7.431
2026-09-28T07:26:50.921Z	spark2	LOAD	23.508	4.216
2026-09-28T07:26:50.935Z	spark1	LOAD	20.392	7.431
2026-09-28T07:26:51.172Z	spark2	LOAD	23.508	4.216
2026-09-28T07:26:51.186Z	spark1	LOAD	20.316	7.431
2026-09-28T07:26:51.423Z	spark2	LOAD	23.508	4.216
2026-09-28T07:26:51.449Z	spark1	LOAD	20.272	7.431
2026-09-28T07:26:51.674Z	spark2	LOAD	23.508	4.216
2026-09-28T07:26:51.699Z	spark1	LOAD	20.242	7.431
2026-09-28T07:26:51.939Z	spark2	LOAD	23.508	4.216
2026-09-28T07:26:51.949Z	spark1	LOAD	20.210	7.431
2026-09-28T07:26:52.190Z	spark2	LOAD	23.508	4.216
2026-09-28T07:26:52.200Z	spark1	LOAD	20.181	7.431
2026-09-28T07:26:52.440Z	spark2	LOAD	23.508	4.216
2026-09-28T07:26:52.467Z	spark1	LOAD	20.139	7.431
2026-09-28T07:26:52.691Z	spark2	LOAD	23.508	4.216
2026-09-28T07:26:52.717Z	spark1	LOAD	20.110	7.431
2026-09-28T07:26:52.956Z	spark2	LOAD	23.509	4.216
2026-09-28T07:26:52.967Z	spark1	LOAD	20.079	7.431
2026-09-28T07:26:53.208Z	spark2	LOAD	23.509	4.216
2026-09-28T07:26:53.218Z	spark1	LOAD	20.021	7.431
2026-09-28T07:26:53.458Z	spark2	LOAD	23.509	4.216
2026-09-28T07:26:53.479Z	spark1	LOAD	19.989	7.431
2026-09-28T07:26:53.709Z	spark2	LOAD	23.509	4.216
2026-09-28T07:26:53.729Z	spark1	LOAD	19.955	7.431
2026-09-28T07:26:53.973Z	spark2	LOAD	23.509	4.216
2026-09-28T07:26:53.979Z	spark1	LOAD	19.925	7.431
2026-09-28T07:26:54.224Z	spark2	LOAD	23.509	4.216
2026-09-28T07:26:54.229Z	spark1	LOAD	19.886	7.431
2026-09-28T07:26:54.475Z	spark2	LOAD	23.509	4.216
2026-09-28T07:26:54.496Z	spark1	LOAD	19.849	7.431
2026-09-28T07:26:54.726Z	spark2	LOAD	23.509	4.216
2026-09-28T07:26:54.746Z	spark1	LOAD	19.815	7.431
2026-09-28T07:26:54.991Z	spark2	LOAD	23.509	4.216
2026-09-28T07:26:54.997Z	spark1	LOAD	19.795	7.432
2026-09-28T07:26:55.241Z	spark2	LOAD	23.509	4.216
2026-09-28T07:26:55.247Z	spark1	LOAD	19.729	7.432
2026-09-28T07:26:55.492Z	spark2	LOAD	23.509	4.216
2026-09-28T07:26:55.514Z	spark1	LOAD	19.681	7.432
2026-09-28T07:26:55.743Z	spark2	LOAD	23.509	4.216
2026-09-28T07:26:55.764Z	spark1	LOAD	19.647	7.432
2026-09-28T07:26:56.007Z	spark2	LOAD	23.509	4.216
2026-09-28T07:26:56.014Z	spark1	LOAD	19.617	7.432
2026-09-28T07:26:56.258Z	spark2	LOAD	23.509	4.216
2026-09-28T07:26:56.264Z	spark1	LOAD	19.581	7.432
2026-09-28T07:26:56.509Z	spark2	LOAD	23.509	4.216
2026-09-28T07:26:56.531Z	spark1	LOAD	19.532	7.432
2026-09-28T07:26:56.760Z	spark2	LOAD	23.509	4.216
2026-09-28T07:26:56.781Z	spark1	LOAD	19.500	7.432
2026-09-28T07:26:57.025Z	spark2	LOAD	23.510	4.216
2026-09-28T07:26:57.031Z	spark1	LOAD	19.464	7.432
2026-09-28T07:26:57.275Z	spark2	LOAD	23.510	4.216
2026-09-28T07:26:57.282Z	spark1	LOAD	19.572	7.432
2026-09-28T07:26:57.526Z	spark2	LOAD	23.510	4.216
2026-09-28T07:26:57.548Z	spark1	LOAD	21.347	7.432
2026-09-28T07:26:57.778Z	spark2	LOAD	23.510	4.216
2026-09-28T07:26:57.798Z	spark1	LOAD	22.592	7.432
2026-09-28T07:26:58.043Z	spark2	LOAD	23.510	4.216
2026-09-28T07:26:58.049Z	spark1	LOAD	22.564	7.433
2026-09-28T07:26:58.294Z	spark2	LOAD	23.510	4.216
2026-09-28T07:26:58.299Z	spark1	LOAD	22.536	7.433
2026-09-28T07:26:58.543Z	spark2	LOAD	23.510	4.216
2026-09-28T07:26:58.561Z	spark1	LOAD	22.497	7.433
2026-09-28T07:26:58.795Z	spark2	LOAD	23.510	4.216
2026-09-28T07:26:58.812Z	spark1	LOAD	22.464	7.433
2026-09-28T07:26:59.059Z	spark2	LOAD	23.510	4.216
2026-09-28T07:26:59.062Z	spark1	LOAD	22.429	7.433
2026-09-28T07:26:59.309Z	spark2	LOAD	23.510	4.216
2026-09-28T07:26:59.313Z	spark1	LOAD	22.368	7.433
2026-09-28T07:26:59.560Z	spark2	LOAD	23.510	4.216
2026-09-28T07:26:59.579Z	spark1	LOAD	22.326	7.433
2026-09-28T07:26:59.811Z	spark2	LOAD	23.510	4.216
2026-09-28T07:26:59.829Z	spark1	LOAD	22.279	7.433
2026-09-28T07:27:00.076Z	spark2	LOAD	23.510	4.216
2026-09-28T07:27:00.079Z	spark1	LOAD	22.220	7.432
2026-09-28T07:27:00.326Z	spark2	LOAD	23.511	4.215
2026-09-28T07:27:00.330Z	spark1	LOAD	22.250	7.432
2026-09-28T07:27:00.576Z	spark2	LOAD	23.499	4.214
2026-09-28T07:27:00.596Z	spark1	LOAD	22.189	7.432
2026-09-28T07:27:00.827Z	spark2	LOAD	23.512	4.212
2026-09-28T07:27:00.847Z	spark1	LOAD	22.130	7.432
2026-09-28T07:27:01.088Z	spark2	LOAD	23.512	4.212
2026-09-28T07:27:01.097Z	spark1	LOAD	22.094	7.432
2026-09-28T07:27:01.339Z	spark2	LOAD	23.512	4.212
2026-09-28T07:27:01.347Z	spark1	LOAD	22.030	7.432
2026-09-28T07:27:01.590Z	spark2	LOAD	23.512	4.212
2026-09-28T07:27:01.608Z	spark1	LOAD	21.992	7.432
2026-09-28T07:27:01.840Z	spark2	LOAD	23.512	4.212
2026-09-28T07:27:01.858Z	spark1	LOAD	21.963	7.432
2026-09-28T07:27:02.105Z	spark2	LOAD	23.512	4.212
2026-09-28T07:27:02.109Z	spark1	LOAD	21.926	7.432
2026-09-28T07:27:02.356Z	spark2	LOAD	23.512	4.212
2026-09-28T07:27:02.359Z	spark1	LOAD	21.889	7.433
2026-09-28T07:27:02.606Z	spark2	LOAD	23.512	4.212
2026-09-28T07:27:02.625Z	spark1	LOAD	21.821	7.433
2026-09-28T07:27:02.857Z	spark2	LOAD	23.512	4.212
2026-09-28T07:27:02.876Z	spark1	LOAD	21.790	7.433
2026-09-28T07:27:03.122Z	spark2	LOAD	23.512	4.212
2026-09-28T07:27:03.126Z	spark1	LOAD	21.751	7.433
2026-09-28T07:27:03.372Z	spark2	LOAD	23.512	4.212
2026-09-28T07:27:03.376Z	spark1	LOAD	21.716	7.433
2026-09-28T07:27:03.623Z	spark2	LOAD	23.512	4.212
2026-09-28T07:27:03.644Z	spark1	LOAD	21.646	7.433
2026-09-28T07:27:03.874Z	spark2	LOAD	23.512	4.212
2026-09-28T07:27:03.894Z	spark1	LOAD	21.607	7.433
2026-09-28T07:27:04.138Z	spark2	LOAD	23.512	4.212
2026-09-28T07:27:04.144Z	spark1	LOAD	21.576	7.433
2026-09-28T07:27:04.389Z	spark2	LOAD	23.512	4.212
2026-09-28T07:27:04.395Z	spark1	LOAD	21.578	7.433
2026-09-28T07:27:04.639Z	spark2	LOAD	23.512	4.212
2026-09-28T07:27:04.661Z	spark1	LOAD	21.542	7.433
2026-09-28T07:27:04.890Z	spark2	LOAD	23.512	4.212
2026-09-28T07:27:04.912Z	spark1	LOAD	21.506	7.433
2026-09-28T07:27:05.155Z	spark2	LOAD	23.512	4.212
2026-09-28T07:27:05.162Z	spark1	LOAD	21.469	7.433
2026-09-28T07:27:05.406Z	spark2	LOAD	23.512	4.211
2026-09-28T07:27:05.413Z	spark1	LOAD	21.431	7.433
2026-09-28T07:27:05.656Z	spark2	LOAD	23.512	4.211
2026-09-28T07:27:05.679Z	spark1	LOAD	21.399	7.433
2026-09-28T07:27:05.907Z	spark2	LOAD	23.512	4.211
2026-09-28T07:27:05.930Z	spark1	LOAD	21.355	7.432
2026-09-28T07:27:06.172Z	spark2	LOAD	23.512	4.211
2026-09-28T07:27:06.180Z	spark1	LOAD	21.321	7.432
2026-09-28T07:27:06.422Z	spark2	LOAD	23.512	4.211
2026-09-28T07:27:06.430Z	spark1	LOAD	21.278	7.432
2026-09-28T07:27:06.673Z	spark2	LOAD	23.512	4.211
2026-09-28T07:27:06.695Z	spark1	LOAD	21.239	7.432
2026-09-28T07:27:06.924Z	spark2	LOAD	23.512	4.211
2026-09-28T07:27:06.945Z	spark1	LOAD	21.208	7.433
2026-09-28T07:27:07.188Z	spark2	LOAD	23.512	4.211
2026-09-28T07:27:07.196Z	spark1	LOAD	21.163	7.432
2026-09-28T07:27:07.439Z	spark2	LOAD	23.512	4.211
2026-09-28T07:27:07.446Z	spark1	LOAD	21.130	7.432
2026-09-28T07:27:07.690Z	spark2	LOAD	23.512	4.211
2026-09-28T07:27:07.708Z	spark1	LOAD	21.052	7.432
2026-09-28T07:27:07.940Z	spark2	LOAD	23.512	4.211
2026-09-28T07:27:07.959Z	spark1	LOAD	21.087	7.433
2026-09-28T07:27:08.205Z	spark2	LOAD	23.512	4.211
2026-09-28T07:27:08.209Z	spark1	LOAD	21.033	7.431
2026-09-28T07:27:08.456Z	spark2	LOAD	23.512	4.211
2026-09-28T07:27:08.459Z	spark1	LOAD	20.989	7.431
2026-09-28T07:27:08.707Z	spark2	LOAD	23.512	4.211
2026-09-28T07:27:08.725Z	spark1	LOAD	20.940	7.431
2026-09-28T07:27:08.957Z	spark2	LOAD	23.513	4.211
2026-09-28T07:27:08.976Z	spark1	LOAD	20.826	7.431
2026-09-28T07:27:09.222Z	spark2	LOAD	23.513	4.211
2026-09-28T07:27:09.226Z	spark1	LOAD	20.780	7.431
2026-09-28T07:27:09.473Z	spark2	LOAD	23.513	4.211
2026-09-28T07:27:09.476Z	spark1	LOAD	20.739	7.431
2026-09-28T07:27:09.724Z	spark2	LOAD	23.513	4.211
2026-09-28T07:27:09.743Z	spark1	LOAD	20.661	7.431
2026-09-28T07:27:09.974Z	spark2	LOAD	23.514	4.211
2026-09-28T07:27:09.993Z	spark1	LOAD	20.624	7.431
2026-09-28T07:27:10.239Z	spark2	LOAD	23.514	4.211
2026-09-28T07:27:10.243Z	spark1	LOAD	20.586	7.431
2026-09-28T07:27:10.490Z	spark2	LOAD	23.514	4.211
2026-09-28T07:27:10.493Z	spark1	LOAD	20.545	7.431
2026-09-28T07:27:10.740Z	spark2	LOAD	23.514	4.211
2026-09-28T07:27:10.754Z	spark1	LOAD	20.471	7.431
2026-09-28T07:27:10.991Z	spark2	LOAD	23.514	4.211
2026-09-28T07:27:11.004Z	spark1	LOAD	20.420	7.431
2026-09-28T07:27:11.250Z	spark2	LOAD	23.511	4.209
2026-09-28T07:27:11.255Z	spark1	LOAD	20.385	7.431
2026-09-28T07:27:11.500Z	spark2	LOAD	23.489	4.207
2026-09-28T07:27:11.505Z	spark1	LOAD	20.345	7.431
2026-09-28T07:27:11.751Z	spark2	LOAD	23.497	4.204
2026-09-28T07:27:11.771Z	spark1	LOAD	20.294	7.431
2026-09-28T07:27:12.001Z	spark2	LOAD	23.491	4.200
2026-09-28T07:27:12.021Z	spark1	LOAD	20.265	7.431
2026-09-28T07:27:12.264Z	spark2	LOAD	23.491	4.199
2026-09-28T07:27:12.271Z	spark1	LOAD	20.234	7.431
2026-09-28T07:27:12.515Z	spark2	LOAD	23.491	4.199
2026-09-28T07:27:12.521Z	spark1	LOAD	20.202	7.431
2026-09-28T07:27:12.765Z	spark2	LOAD	23.491	4.199
2026-09-28T07:27:12.788Z	spark1	LOAD	20.166	7.431
2026-09-28T07:27:13.016Z	spark2	LOAD	23.491	4.199
2026-09-28T07:27:13.038Z	spark1	LOAD	20.134	7.431
2026-09-28T07:27:13.281Z	spark2	LOAD	23.492	4.199
2026-09-28T07:27:13.289Z	spark1	LOAD	20.100	7.431
2026-09-28T07:27:13.532Z	spark2	LOAD	23.492	4.199
2026-09-28T07:27:13.539Z	spark1	LOAD	20.067	7.431
2026-09-28T07:27:13.782Z	spark2	LOAD	23.492	4.199
2026-09-28T07:27:13.801Z	spark1	LOAD	20.074	7.443
2026-09-28T07:27:14.033Z	spark2	LOAD	23.492	4.199
2026-09-28T07:27:14.051Z	spark1	LOAD	20.044	7.443
2026-09-28T07:27:14.297Z	spark2	LOAD	23.492	4.199
2026-09-28T07:27:14.301Z	spark1	LOAD	20.006	7.443
2026-09-28T07:27:14.549Z	spark2	LOAD	23.492	4.199
2026-09-28T07:27:14.552Z	spark1	LOAD	20.011	7.444
2026-09-28T07:27:14.799Z	spark2	LOAD	23.492	4.199
2026-09-28T07:27:14.813Z	spark1	LOAD	19.971	7.444
2026-09-28T07:27:15.050Z	spark2	LOAD	23.492	4.199
2026-09-28T07:27:15.064Z	spark1	LOAD	19.943	7.444
2026-09-28T07:27:15.314Z	spark1	LOAD	19.898	7.440
2026-09-28T07:27:15.314Z	spark2	LOAD	23.492	4.199
2026-09-28T07:27:15.564Z	spark1	LOAD	19.878	7.440
2026-09-28T07:27:15.566Z	spark2	LOAD	23.492	4.199
2026-09-28T07:27:15.816Z	spark2	LOAD	23.492	4.199
2026-09-28T07:27:15.826Z	spark1	LOAD	19.800	7.440
2026-09-28T07:27:16.067Z	spark2	LOAD	23.493	4.199
2026-09-28T07:27:16.075Z	spark1	LOAD	19.764	7.440
2026-09-28T07:27:16.326Z	spark1	LOAD	19.721	7.440
2026-09-28T07:27:16.331Z	spark2	LOAD	23.493	4.199
2026-09-28T07:27:16.576Z	spark1	LOAD	19.706	7.440
2026-09-28T07:27:16.581Z	spark2	LOAD	23.493	4.199
2026-09-28T07:27:16.833Z	spark2	LOAD	23.493	4.199
2026-09-28T07:27:16.844Z	spark1	LOAD	19.666	7.440
2026-09-28T07:27:17.083Z	spark2	LOAD	23.494	4.199
2026-09-28T07:27:17.095Z	spark1	LOAD	19.629	7.440
2026-09-28T07:27:17.345Z	spark1	LOAD	19.583	7.440
2026-09-28T07:27:17.349Z	spark2	LOAD	23.494	4.199
2026-09-28T07:27:17.595Z	spark1	LOAD	19.542	7.440
2026-09-28T07:27:17.599Z	spark2	LOAD	23.494	4.199
2026-09-28T07:27:17.850Z	spark2	LOAD	23.494	4.199
2026-09-28T07:27:17.862Z	spark1	LOAD	19.471	7.440
2026-09-28T07:27:18.101Z	spark2	LOAD	23.494	4.199
2026-09-28T07:27:18.112Z	spark1	LOAD	19.436	7.440
2026-09-28T07:27:18.363Z	spark1	LOAD	20.278	7.440
2026-09-28T07:27:18.365Z	spark2	LOAD	23.494	4.199
2026-09-28T07:27:18.613Z	spark1	LOAD	21.641	7.440
2026-09-28T07:27:18.616Z	spark2	LOAD	23.494	4.199
2026-09-28T07:27:18.866Z	spark2	LOAD	23.494	4.199
2026-09-28T07:27:18.880Z	spark1	LOAD	22.630	7.440
2026-09-28T07:27:19.117Z	spark2	LOAD	23.494	4.199
2026-09-28T07:27:19.130Z	spark1	LOAD	22.597	7.440
2026-09-28T07:27:19.379Z	spark2	LOAD	23.494	4.199
2026-09-28T07:27:19.380Z	spark1	LOAD	22.586	7.440
2026-09-28T07:27:19.629Z	spark2	LOAD	23.494	4.199
2026-09-28T07:27:19.631Z	spark1	LOAD	22.556	7.440
2026-09-28T07:27:19.880Z	spark2	LOAD	23.494	4.199
2026-09-28T07:27:19.893Z	spark1	LOAD	22.489	7.440
2026-09-28T07:27:20.131Z	spark2	LOAD	23.494	4.199
2026-09-28T07:27:20.144Z	spark1	LOAD	22.458	7.440
2026-09-28T07:27:20.394Z	spark1	LOAD	22.425	7.440
2026-09-28T07:27:20.395Z	spark2	LOAD	23.494	4.199
2026-09-28T07:27:20.645Z	spark1	LOAD	22.373	7.440
2026-09-28T07:27:20.646Z	spark2	LOAD	23.494	4.199
2026-09-28T07:27:20.896Z	spark2	LOAD	23.494	4.199
2026-09-28T07:27:20.911Z	spark1	LOAD	22.337	7.440
2026-09-28T07:27:21.147Z	spark2	LOAD	23.494	4.199
2026-09-28T07:27:21.161Z	spark1	LOAD	22.297	7.440
2026-09-28T07:27:21.407Z	spark2	LOAD	23.494	4.199
2026-09-28T07:27:21.412Z	spark1	LOAD	22.258	7.440
2026-09-28T07:27:21.658Z	spark2	LOAD	23.494	4.199
2026-09-28T07:27:21.662Z	spark1	LOAD	22.202	7.440
2026-09-28T07:27:21.908Z	spark2	LOAD	23.494	4.199
2026-09-28T07:27:21.924Z	spark1	LOAD	22.130	7.440
2026-09-28T07:27:22.158Z	spark2	LOAD	23.490	4.197
2026-09-28T07:27:22.174Z	spark1	LOAD	22.096	7.440
2026-09-28T07:27:22.423Z	spark2	LOAD	23.479	4.196
2026-09-28T07:27:22.425Z	spark1	LOAD	22.065	7.440
2026-09-28T07:27:22.674Z	spark2	LOAD	23.491	4.192
2026-09-28T07:27:22.675Z	spark1	LOAD	22.016	7.440
2026-09-28T07:27:22.924Z	spark2	LOAD	23.488	4.191
2026-09-28T07:27:22.941Z	spark1	LOAD	21.982	7.440
2026-09-28T07:27:23.175Z	spark2	LOAD	23.488	4.191
2026-09-28T07:27:23.191Z	spark1	LOAD	21.951	7.440
2026-09-28T07:27:23.440Z	spark2	LOAD	23.488	4.191
2026-09-28T07:27:23.442Z	spark1	LOAD	21.916	7.440
2026-09-28T07:27:23.691Z	spark2	LOAD	23.488	4.191
2026-09-28T07:27:23.692Z	spark1	LOAD	21.880	7.440
2026-09-28T07:27:23.941Z	spark2	LOAD	23.488	4.191
2026-09-28T07:27:23.953Z	spark1	LOAD	21.832	7.440
2026-09-28T07:27:24.192Z	spark2	LOAD	23.488	4.191
2026-09-28T07:27:24.204Z	spark1	LOAD	21.795	7.440
2026-09-28T07:27:24.454Z	spark2	LOAD	23.488	4.191
2026-09-28T07:27:24.454Z	spark1	LOAD	21.755	7.440
2026-09-28T07:27:24.704Z	spark1	LOAD	21.713	7.440
2026-09-28T07:27:24.705Z	spark2	LOAD	23.488	4.191
2026-09-28T07:27:24.956Z	spark2	LOAD	23.489	4.191
2026-09-28T07:27:24.971Z	spark1	LOAD	21.672	7.440
2026-09-28T07:27:25.206Z	spark2	LOAD	23.489	4.191
2026-09-28T07:27:25.222Z	spark1	LOAD	21.635	7.440
2026-09-28T07:27:25.472Z	spark2	LOAD	23.489	4.191
2026-09-28T07:27:25.472Z	spark1	LOAD	21.592	7.440
2026-09-28T07:27:25.722Z	spark2	LOAD	23.489	4.191
2026-09-28T07:27:25.722Z	spark1	LOAD	21.542	7.440
2026-09-28T07:27:25.973Z	spark2	LOAD	23.489	4.191
2026-09-28T07:27:25.989Z	spark1	LOAD	21.467	7.440
2026-09-28T07:27:26.224Z	spark2	LOAD	23.489	4.191
2026-09-28T07:27:26.239Z	spark1	LOAD	21.433	7.440
2026-09-28T07:27:26.489Z	spark2	LOAD	23.489	4.191
2026-09-28T07:27:26.489Z	spark1	LOAD	21.400	7.440
2026-09-28T07:27:26.739Z	spark2	LOAD	23.489	4.191
2026-09-28T07:27:26.740Z	spark1	LOAD	21.364	7.440
2026-09-28T07:27:26.990Z	spark2	LOAD	23.489	4.191
2026-09-28T07:27:27.008Z	spark1	LOAD	21.326	7.440
2026-09-28T07:27:27.241Z	spark2	LOAD	23.489	4.191
2026-09-28T07:27:27.258Z	spark1	LOAD	21.290	7.440
2026-09-28T07:27:27.505Z	spark2	LOAD	23.489	4.191
2026-09-28T07:27:27.509Z	spark1	LOAD	21.259	7.440
2026-09-28T07:27:27.755Z	spark2	LOAD	23.489	4.191
2026-09-28T07:27:27.759Z	spark1	LOAD	21.221	7.440
2026-09-28T07:27:28.006Z	spark2	LOAD	23.488	4.191
2026-09-28T07:27:28.021Z	spark1	LOAD	21.181	7.440
2026-09-28T07:27:28.258Z	spark2	LOAD	23.488	4.191
2026-09-28T07:27:28.272Z	spark1	LOAD	21.176	7.440
2026-09-28T07:27:28.522Z	spark1	LOAD	21.138	7.440
2026-09-28T07:27:28.523Z	spark2	LOAD	23.488	4.191
2026-09-28T07:27:28.772Z	spark1	LOAD	21.100	7.439
2026-09-28T07:27:28.773Z	spark2	LOAD	23.488	4.191
2026-09-28T07:27:29.024Z	spark2	LOAD	23.488	4.191
2026-09-28T07:27:29.038Z	spark1	LOAD	21.058	7.440
2026-09-28T07:27:29.274Z	spark2	LOAD	23.488	4.191
2026-09-28T07:27:29.289Z	spark1	LOAD	21.018	7.439
2026-09-28T07:27:29.538Z	spark2	LOAD	23.488	4.191
2026-09-28T07:27:29.539Z	spark1	LOAD	20.985	7.439
2026-09-28T07:27:29.789Z	spark1	LOAD	20.949	7.439
2026-09-28T07:27:29.789Z	spark2	LOAD	23.488	4.191
2026-09-28T07:27:30.040Z	spark2	LOAD	23.488	4.191
2026-09-28T07:27:30.050Z	spark1	LOAD	20.929	7.439
2026-09-28T07:27:30.291Z	spark2	LOAD	23.488	4.191
2026-09-28T07:27:30.301Z	spark1	LOAD	20.881	7.439
2026-09-28T07:27:30.551Z	spark1	LOAD	20.843	7.439
2026-09-28T07:27:30.556Z	spark2	LOAD	23.488	4.191
2026-09-28T07:27:30.801Z	spark1	LOAD	20.791	7.439
2026-09-28T07:27:30.806Z	spark2	LOAD	23.488	4.191
2026-09-28T07:27:31.057Z	spark2	LOAD	23.488	4.191
2026-09-28T07:27:31.068Z	spark1	LOAD	20.754	7.439
2026-09-28T07:27:31.308Z	spark2	LOAD	23.488	4.191
2026-09-28T07:27:31.319Z	spark1	LOAD	20.726	7.439
2026-09-28T07:27:31.569Z	spark1	LOAD	20.693	7.439
2026-09-28T07:27:31.572Z	spark2	LOAD	23.488	4.191
2026-09-28T07:27:31.819Z	spark1	LOAD	20.659	7.439
2026-09-28T07:27:31.823Z	spark2	LOAD	23.488	4.191
2026-09-28T07:27:32.073Z	spark2	LOAD	23.488	4.191
2026-09-28T07:27:32.087Z	spark1	LOAD	20.613	7.439
2026-09-28T07:27:32.325Z	spark2	LOAD	23.488	4.191
2026-09-28T07:27:32.337Z	spark1	LOAD	20.541	7.439
2026-09-28T07:27:32.587Z	spark1	LOAD	20.459	7.439
2026-09-28T07:27:32.589Z	spark2	LOAD	23.488	4.191
2026-09-28T07:27:32.838Z	spark1	LOAD	20.410	7.439
2026-09-28T07:27:32.840Z	spark2	LOAD	23.488	4.191
2026-09-28T07:27:33.089Z	spark2	LOAD	23.485	4.189
2026-09-28T07:27:33.100Z	spark1	LOAD	20.451	7.440
2026-09-28T07:27:33.340Z	spark2	LOAD	23.465	4.188
2026-09-28T07:27:33.351Z	spark1	LOAD	20.390	7.440
2026-09-28T07:27:33.601Z	spark1	LOAD	20.333	7.440
2026-09-28T07:27:33.605Z	spark2	LOAD	23.465	4.185
2026-09-28T07:27:33.852Z	spark1	LOAD	20.308	7.440
2026-09-28T07:27:33.856Z	spark2	LOAD	23.465	4.184
2026-09-28T07:27:34.107Z	spark2	LOAD	23.468	4.184
2026-09-28T07:27:34.114Z	spark1	LOAD	20.274	7.440
2026-09-28T07:27:34.359Z	spark2	LOAD	23.468	4.184
2026-09-28T07:27:34.364Z	spark1	LOAD	20.227	7.440
2026-09-28T07:27:34.614Z	spark1	LOAD	20.199	7.440
2026-09-28T07:27:34.620Z	spark2	LOAD	23.468	4.184
2026-09-28T07:27:34.865Z	spark1	LOAD	20.155	7.440
2026-09-28T07:27:34.871Z	spark2	LOAD	23.470	4.184
2026-09-28T07:27:35.122Z	spark2	LOAD	23.471	4.184
2026-09-28T07:27:35.132Z	spark1	LOAD	20.133	7.440
2026-09-28T07:27:35.372Z	spark2	LOAD	23.471	4.184
2026-09-28T07:27:35.382Z	spark1	LOAD	20.095	7.440
2026-09-28T07:27:35.633Z	spark1	LOAD	20.053	7.440
2026-09-28T07:27:35.637Z	spark2	LOAD	23.471	4.184
2026-09-28T07:27:35.883Z	spark1	LOAD	20.013	7.440
2026-09-28T07:27:35.887Z	spark2	LOAD	23.473	4.184
2026-09-28T07:27:36.138Z	spark2	LOAD	23.474	4.184
2026-09-28T07:27:36.149Z	spark1	LOAD	19.972	7.441
2026-09-28T07:27:36.388Z	spark2	LOAD	23.474	4.184
2026-09-28T07:27:36.399Z	spark1	LOAD	19.900	7.441
2026-09-28T07:27:36.649Z	spark1	LOAD	19.855	7.441
2026-09-28T07:27:36.653Z	spark2	LOAD	23.474	4.184
2026-09-28T07:27:36.900Z	spark1	LOAD	19.819	7.441
2026-09-28T07:27:36.904Z	spark2	LOAD	23.475	4.184
2026-09-28T07:27:37.154Z	spark2	LOAD	23.475	4.184
2026-09-28T07:27:37.167Z	spark1	LOAD	19.772	7.441
2026-09-28T07:27:37.405Z	spark2	LOAD	23.475	4.184
2026-09-28T07:27:37.417Z	spark1	LOAD	19.711	7.442
2026-09-28T07:27:37.667Z	spark1	LOAD	19.671	7.442
2026-09-28T07:27:37.670Z	spark2	LOAD	23.475	4.184
2026-09-28T07:27:37.918Z	spark1	LOAD	19.631	7.433
2026-09-28T07:27:37.920Z	spark2	LOAD	23.476	4.184
2026-09-28T07:27:38.171Z	spark2	LOAD	23.476	4.184
2026-09-28T07:27:38.179Z	spark1	LOAD	19.649	7.433
2026-09-28T07:27:38.422Z	spark2	LOAD	23.476	4.184
2026-09-28T07:27:38.429Z	spark1	LOAD	19.583	7.433
2026-09-28T07:27:38.680Z	spark1	LOAD	20.082	7.433
2026-09-28T07:27:38.687Z	spark2	LOAD	23.476	4.184
2026-09-28T07:27:38.930Z	spark1	LOAD	21.503	7.433
2026-09-28T07:27:38.937Z	spark2	LOAD	23.478	4.184
2026-09-28T07:27:39.189Z	spark2	LOAD	23.478	4.184
2026-09-28T07:27:39.196Z	spark1	LOAD	22.715	7.433
2026-09-28T07:27:39.438Z	spark2	LOAD	23.478	4.184
2026-09-28T07:27:39.446Z	spark1	LOAD	22.687	7.433
2026-09-28T07:27:39.697Z	spark1	LOAD	22.660	7.433
2026-09-28T07:27:39.702Z	spark2	LOAD	23.478	4.184
2026-09-28T07:27:39.947Z	spark1	LOAD	22.633	7.433
2026-09-28T07:27:39.954Z	spark2	LOAD	23.479	4.184
2026-09-28T07:27:40.204Z	spark2	LOAD	23.479	4.184
2026-09-28T07:27:40.214Z	spark1	LOAD	22.602	7.433
2026-09-28T07:27:40.456Z	spark2	LOAD	23.479	4.184
2026-09-28T07:27:40.464Z	spark1	LOAD	22.536	7.433
2026-09-28T07:27:40.714Z	spark1	LOAD	22.497	7.433
2026-09-28T07:27:40.720Z	spark2	LOAD	23.479	4.184
2026-09-28T07:27:40.965Z	spark1	LOAD	22.473	7.433
2026-09-28T07:27:40.971Z	spark2	LOAD	23.480	4.184
2026-09-28T07:27:41.221Z	spark2	LOAD	23.480	4.184
2026-09-28T07:27:41.231Z	spark1	LOAD	22.443	7.433
2026-09-28T07:27:41.472Z	spark2	LOAD	23.480	4.184
2026-09-28T07:27:41.481Z	spark1	LOAD	22.416	7.433
2026-09-28T07:27:41.732Z	spark1	LOAD	22.384	7.433
2026-09-28T07:27:41.737Z	spark2	LOAD	23.480	4.184
2026-09-28T07:27:41.982Z	spark1	LOAD	22.358	7.433
2026-09-28T07:27:41.988Z	spark2	LOAD	23.480	4.184
2026-09-28T07:27:42.239Z	spark2	LOAD	23.480	4.184
2026-09-28T07:27:42.244Z	spark1	LOAD	22.323	7.433
2026-09-28T07:27:42.490Z	spark2	LOAD	23.480	4.184
2026-09-28T07:27:42.494Z	spark1	LOAD	22.262	7.433
2026-09-28T07:27:42.745Z	spark1	LOAD	22.237	7.433
2026-09-28T07:27:42.751Z	spark2	LOAD	23.480	4.184
2026-09-28T07:27:42.995Z	spark1	LOAD	22.211	7.433
2026-09-28T07:27:43.002Z	spark2	LOAD	23.480	4.184
2026-09-28T07:27:43.252Z	spark2	LOAD	23.480	4.184
2026-09-28T07:27:43.262Z	spark1	LOAD	22.183	7.433
2026-09-28T07:27:43.502Z	spark2	LOAD	23.480	4.184
2026-09-28T07:27:43.512Z	spark1	LOAD	22.133	7.433
2026-09-28T07:27:43.762Z	spark1	LOAD	22.107	7.433
2026-09-28T07:27:43.768Z	spark2	LOAD	23.480	4.184
2026-09-28T07:27:44.013Z	spark1	LOAD	22.078	7.433
2026-09-28T07:27:44.018Z	spark2	LOAD	23.487	4.181
2026-09-28T07:27:44.269Z	spark2	LOAD	23.463	4.181
2026-09-28T07:27:44.280Z	spark1	LOAD	22.050	7.433
2026-09-28T07:27:44.519Z	spark2	LOAD	23.466	4.180
2026-09-28T07:27:44.530Z	spark1	LOAD	21.978	7.433
2026-09-28T07:27:44.780Z	spark1	LOAD	21.949	7.433
2026-09-28T07:27:44.783Z	spark2	LOAD	23.463	4.177
2026-09-28T07:27:45.031Z	spark1	LOAD	21.920	7.433
2026-09-28T07:27:45.034Z	spark2	LOAD	23.463	4.177
2026-09-28T07:27:45.284Z	spark2	LOAD	23.462	4.177
2026-09-28T07:27:45.301Z	spark1	LOAD	21.887	7.433
2026-09-28T07:27:45.535Z	spark2	LOAD	23.462	4.177
2026-09-28T07:27:45.551Z	spark1	LOAD	21.857	7.433
2026-09-28T07:27:45.796Z	spark2	LOAD	23.462	4.177
2026-09-28T07:27:45.801Z	spark1	LOAD	21.817	7.433
2026-09-28T07:27:46.046Z	spark2	LOAD	23.464	4.177
2026-09-28T07:27:46.052Z	spark1	LOAD	21.790	7.433
2026-09-28T07:27:46.297Z	spark2	LOAD	23.464	4.177
2026-09-28T07:27:46.313Z	spark1	LOAD	21.759	7.433
2026-09-28T07:27:46.547Z	spark2	LOAD	23.464	4.177
2026-09-28T07:27:46.564Z	spark1	LOAD	21.723	7.433
2026-09-28T07:27:46.809Z	spark2	LOAD	23.464	4.177
2026-09-28T07:27:46.814Z	spark1	LOAD	21.713	7.433
2026-09-28T07:27:47.059Z	spark2	LOAD	23.466	4.177
2026-09-28T07:27:47.065Z	spark1	LOAD	21.686	7.433
2026-09-28T07:27:47.310Z	spark2	LOAD	23.466	4.177
2026-09-28T07:27:47.330Z	spark1	LOAD	21.658	7.433
2026-09-28T07:27:47.560Z	spark2	LOAD	23.466	4.177
2026-09-28T07:27:47.581Z	spark1	LOAD	21.628	7.433
2026-09-28T07:27:47.825Z	spark2	LOAD	23.465	4.177
2026-09-28T07:27:47.831Z	spark1	LOAD	21.599	7.433
2026-09-28T07:27:48.077Z	spark2	LOAD	23.465	4.177
2026-09-28T07:27:48.081Z	spark1	LOAD	21.573	7.433
2026-09-28T07:27:48.327Z	spark2	LOAD	23.465	4.177
2026-09-28T07:27:48.347Z	spark1	LOAD	21.537	7.433
2026-09-28T07:27:48.578Z	spark2	LOAD	23.465	4.177
2026-09-28T07:27:48.598Z	spark1	LOAD	21.510	7.433
2026-09-28T07:27:48.839Z	spark2	LOAD	23.465	4.177
2026-09-28T07:27:48.848Z	spark1	LOAD	21.452	7.433
2026-09-28T07:27:49.090Z	spark2	LOAD	23.465	4.177
2026-09-28T07:27:49.098Z	spark1	LOAD	21.416	7.433
2026-09-28T07:27:49.341Z	spark2	LOAD	23.464	4.177
2026-09-28T07:27:49.361Z	spark1	LOAD	21.385	7.433
2026-09-28T07:27:49.591Z	spark2	LOAD	23.464	4.177
2026-09-28T07:27:49.611Z	spark1	LOAD	21.355	7.433
2026-09-28T07:27:49.852Z	spark2	LOAD	23.464	4.177
2026-09-28T07:27:49.862Z	spark1	LOAD	21.362	7.433
2026-09-28T07:27:50.103Z	spark2	LOAD	23.464	4.177
2026-09-28T07:27:50.112Z	spark1	LOAD	21.333	7.433
2026-09-28T07:27:50.354Z	spark2	LOAD	23.464	4.177
2026-09-28T07:27:50.373Z	spark1	LOAD	21.297	7.433
2026-09-28T07:27:50.605Z	spark2	LOAD	23.464	4.177
2026-09-28T07:27:50.624Z	spark1	LOAD	21.266	7.433
2026-09-28T07:27:50.869Z	spark2	LOAD	23.463	4.177
2026-09-28T07:27:50.874Z	spark1	LOAD	21.205	7.433
2026-09-28T07:27:51.120Z	spark2	LOAD	23.463	4.177
2026-09-28T07:27:51.125Z	spark1	LOAD	21.175	7.433
2026-09-28T07:27:51.370Z	spark2	LOAD	23.463	4.177
2026-09-28T07:27:51.387Z	spark1	LOAD	21.141	7.433
2026-09-28T07:27:51.620Z	spark2	LOAD	23.463	4.177
2026-09-28T07:27:51.637Z	spark1	LOAD	21.112	7.433
2026-09-28T07:27:51.886Z	spark2	LOAD	23.463	4.177
2026-09-28T07:27:51.888Z	spark1	LOAD	21.078	7.433
2026-09-28T07:27:52.136Z	spark2	LOAD	23.463	4.177
2026-09-28T07:27:52.138Z	spark1	LOAD	21.050	7.433
2026-09-28T07:27:52.387Z	spark2	LOAD	23.463	4.177
2026-09-28T07:27:52.405Z	spark1	LOAD	21.019	7.433
2026-09-28T07:27:52.638Z	spark2	LOAD	23.463	4.177
2026-09-28T07:27:52.655Z	spark1	LOAD	20.990	7.433
2026-09-28T07:27:52.898Z	spark2	LOAD	23.463	4.177
2026-09-28T07:27:52.906Z	spark1	LOAD	20.925	7.433
2026-09-28T07:27:53.148Z	spark2	LOAD	23.463	4.177
2026-09-28T07:27:53.156Z	spark1	LOAD	20.901	7.433
2026-09-28T07:27:53.400Z	spark2	LOAD	23.463	4.177
2026-09-28T07:27:53.423Z	spark1	LOAD	20.863	7.433
2026-09-28T07:27:53.650Z	spark2	LOAD	23.463	4.177
2026-09-28T07:27:53.674Z	spark1	LOAD	20.883	7.433
2026-09-28T07:27:53.912Z	spark2	LOAD	23.464	4.177
2026-09-28T07:27:53.924Z	spark1	LOAD	20.847	7.433
2026-09-28T07:27:54.162Z	spark2	LOAD	23.464	4.177
2026-09-28T07:27:54.174Z	spark1	LOAD	20.807	7.433
2026-09-28T07:27:54.413Z	spark2	LOAD	23.464	4.177
2026-09-28T07:27:54.441Z	spark1	LOAD	20.768	7.433
2026-09-28T07:27:54.663Z	spark2	LOAD	23.464	4.177
2026-09-28T07:27:54.691Z	spark1	LOAD	20.679	7.433
2026-09-28T07:27:54.924Z	spark2	LOAD	23.464	4.176
2026-09-28T07:27:54.942Z	spark1	LOAD	20.622	7.433
2026-09-28T07:27:55.174Z	spark2	LOAD	23.467	4.175
2026-09-28T07:27:55.193Z	spark1	LOAD	20.589	7.433
2026-09-28T07:27:55.424Z	spark2	LOAD	23.463	4.173
2026-09-28T07:27:55.455Z	spark1	LOAD	20.529	7.433
2026-09-28T07:27:55.674Z	spark2	LOAD	23.460	4.172
2026-09-28T07:27:55.706Z	spark1	LOAD	20.486	7.433
2026-09-28T07:27:55.941Z	spark2	LOAD	23.459	4.172
2026-09-28T07:27:55.957Z	spark1	LOAD	20.418	7.433
2026-09-28T07:27:56.189Z	spark2	LOAD	23.456	4.172
2026-09-28T07:27:56.207Z	spark1	LOAD	20.382	7.433
2026-09-28T07:27:56.441Z	spark2	LOAD	23.457	4.172
2026-09-28T07:27:56.470Z	spark1	LOAD	20.346	7.433
2026-09-28T07:27:56.692Z	spark2	LOAD	23.457	4.172
2026-09-28T07:27:56.720Z	spark1	LOAD	20.297	7.433
2026-09-28T07:27:56.956Z	spark2	LOAD	23.457	4.172
2026-09-28T07:27:56.970Z	spark1	LOAD	20.220	7.433
2026-09-28T07:27:57.207Z	spark2	LOAD	23.457	4.172
2026-09-28T07:27:57.221Z	spark1	LOAD	20.228	7.433
2026-09-28T07:27:57.457Z	spark2	LOAD	23.457	4.172
2026-09-28T07:27:57.489Z	spark1	LOAD	20.166	7.433
2026-09-28T07:27:57.708Z	spark2	LOAD	23.457	4.172
2026-09-28T07:27:57.740Z	spark1	LOAD	20.125	7.433
2026-09-28T07:27:57.972Z	spark2	LOAD	23.457	4.172
2026-09-28T07:27:57.990Z	spark1	LOAD	20.103	7.433
2026-09-28T07:27:58.223Z	spark2	LOAD	23.457	4.172
2026-09-28T07:27:58.241Z	spark1	LOAD	20.043	7.433
2026-09-28T07:27:58.474Z	spark2	LOAD	23.457	4.172
2026-09-28T07:27:58.502Z	spark1	LOAD	19.998	7.433
2026-09-28T07:27:58.724Z	spark2	LOAD	23.457	4.172
2026-09-28T07:27:58.752Z	spark1	LOAD	19.961	7.433
2026-09-28T07:27:58.984Z	spark2	LOAD	23.458	4.172
2026-09-28T07:27:59.002Z	spark1	LOAD	19.890	7.433
2026-09-28T07:27:59.235Z	spark2	LOAD	23.458	4.172
2026-09-28T07:27:59.252Z	spark1	LOAD	19.844	7.433
2026-09-28T07:27:59.486Z	spark2	LOAD	23.458	4.172
2026-09-28T07:27:59.515Z	spark1	LOAD	19.801	7.433
2026-09-28T07:27:59.736Z	spark2	LOAD	23.458	4.172
2026-09-28T07:27:59.765Z	spark1	LOAD	19.750	7.433
2026-09-28T07:28:00.001Z	spark2	LOAD	23.457	4.172
2026-09-28T07:28:00.015Z	spark1	LOAD	19.711	7.433
2026-09-28T07:28:00.251Z	spark2	LOAD	23.458	4.172
2026-09-28T07:28:00.265Z	spark1	LOAD	19.672	7.433
2026-09-28T07:28:00.501Z	spark2	LOAD	23.458	4.172
2026-09-28T07:28:00.528Z	spark1	LOAD	19.675	7.433
2026-09-28T07:28:00.752Z	spark2	LOAD	23.458	4.172
2026-09-28T07:28:00.778Z	spark1	LOAD	19.595	7.433
2026-09-28T07:28:01.012Z	spark2	LOAD	23.458	4.172
2026-09-28T07:28:01.029Z	spark1	LOAD	19.538	7.433
2026-09-28T07:28:01.262Z	spark2	LOAD	23.458	4.172
2026-09-28T07:28:01.279Z	spark1	LOAD	19.505	7.433
2026-09-28T07:28:01.513Z	spark2	LOAD	23.458	4.172
2026-09-28T07:28:01.541Z	spark1	LOAD	19.469	7.433
2026-09-28T07:28:01.762Z	spark2	LOAD	23.458	4.172
2026-09-28T07:28:01.791Z	spark1	LOAD	19.435	7.433
2026-09-28T07:28:02.028Z	spark2	LOAD	23.458	4.172
2026-09-28T07:28:02.041Z	spark1	LOAD	19.439	7.433
2026-09-28T07:28:02.279Z	spark2	LOAD	23.458	4.172
2026-09-28T07:28:02.292Z	spark1	LOAD	19.402	7.433
2026-09-28T07:28:02.530Z	spark2	LOAD	23.458	4.172
2026-09-28T07:28:02.554Z	spark1	LOAD	19.364	7.433
2026-09-28T07:28:02.780Z	spark2	LOAD	23.458	4.172
2026-09-28T07:28:02.804Z	spark1	LOAD	19.267	7.433
2026-09-28T07:28:03.040Z	spark2	LOAD	23.458	4.172
2026-09-28T07:28:03.054Z	spark1	LOAD	20.741	7.433
2026-09-28T07:28:03.291Z	spark2	LOAD	23.458	4.172
2026-09-28T07:28:03.305Z	spark1	LOAD	22.422	7.433
2026-09-28T07:28:03.542Z	spark2	LOAD	23.458	4.172
2026-09-28T07:28:03.567Z	spark1	LOAD	22.396	7.433
2026-09-28T07:28:03.792Z	spark2	LOAD	23.458	4.172
2026-09-28T07:28:03.817Z	spark1	LOAD	22.361	7.433
2026-09-28T07:28:04.052Z	spark2	LOAD	23.458	4.172
2026-09-28T07:28:04.067Z	spark1	LOAD	22.331	7.433
2026-09-28T07:28:04.303Z	spark2	LOAD	23.458	4.172
2026-09-28T07:28:04.318Z	spark1	LOAD	22.303	7.433
2026-09-28T07:28:04.555Z	spark2	LOAD	23.458	4.172
2026-09-28T07:28:04.580Z	spark1	LOAD	22.276	7.433
2026-09-28T07:28:04.804Z	spark2	LOAD	23.458	4.172
2026-09-28T07:28:04.830Z	spark1	LOAD	22.248	7.433
2026-09-28T07:28:05.065Z	spark2	LOAD	23.458	4.172
2026-09-28T07:28:05.080Z	spark1	LOAD	22.188	7.433
2026-09-28T07:28:05.315Z	spark2	LOAD	23.458	4.172
2026-09-28T07:28:05.331Z	spark1	LOAD	22.159	7.433
2026-09-28T07:28:05.566Z	spark2	LOAD	23.458	4.172
2026-09-28T07:28:05.593Z	spark1	LOAD	22.102	7.433
2026-09-28T07:28:05.817Z	spark2	LOAD	23.458	4.171
2026-09-28T07:28:05.843Z	spark1	LOAD	22.069	7.433
2026-09-28T07:28:06.077Z	spark2	LOAD	23.437	4.170
2026-09-28T07:28:06.093Z	spark1	LOAD	22.041	7.433
2026-09-28T07:28:06.328Z	spark2	LOAD	23.446	4.169
2026-09-28T07:28:06.344Z	spark1	LOAD	22.000	7.433
2026-09-28T07:28:06.578Z	spark2	LOAD	23.443	4.168
2026-09-28T07:28:06.605Z	spark1	LOAD	21.963	7.433
2026-09-28T07:28:06.828Z	spark2	LOAD	23.439	4.167
2026-09-28T07:28:06.856Z	spark1	LOAD	21.932	7.433
2026-09-28T07:28:07.090Z	spark2	LOAD	23.438	4.167
2026-09-28T07:28:07.106Z	spark1	LOAD	21.904	7.433
2026-09-28T07:28:07.341Z	spark2	LOAD	23.438	4.167
2026-09-28T07:28:07.356Z	spark1	LOAD	21.858	7.433
2026-09-28T07:28:07.592Z	spark2	LOAD	23.438	4.167
2026-09-28T07:28:07.623Z	spark1	LOAD	21.819	7.433
2026-09-28T07:28:07.843Z	spark2	LOAD	23.438	4.167
2026-09-28T07:28:07.874Z	spark1	LOAD	21.787	7.433
2026-09-28T07:28:08.109Z	spark2	LOAD	23.439	4.167
2026-09-28T07:28:08.124Z	spark1	LOAD	21.751	7.433
2026-09-28T07:28:08.360Z	spark2	LOAD	23.439	4.167
2026-09-28T07:28:08.374Z	spark1	LOAD	21.714	7.433
2026-09-28T07:28:08.610Z	spark2	LOAD	23.439	4.167
2026-09-28T07:28:08.636Z	spark1	LOAD	21.680	7.433
2026-09-28T07:28:08.862Z	spark2	LOAD	23.439	4.167
2026-09-28T07:28:08.887Z	spark1	LOAD	21.645	7.433
2026-09-28T07:28:09.123Z	spark2	LOAD	23.439	4.167
2026-09-28T07:28:09.137Z	spark1	LOAD	21.614	7.433
2026-09-28T07:28:09.374Z	spark2	LOAD	23.439	4.167
2026-09-28T07:28:09.388Z	spark1	LOAD	21.567	7.433
2026-09-28T07:28:09.625Z	spark2	LOAD	23.439	4.167
2026-09-28T07:28:09.649Z	spark1	LOAD	21.537	7.433
2026-09-28T07:28:09.876Z	spark2	LOAD	23.439	4.167
2026-09-28T07:28:09.900Z	spark1	LOAD	21.508	7.433
2026-09-28T07:28:10.138Z	spark2	LOAD	23.439	4.167
2026-09-28T07:28:10.151Z	spark1	LOAD	21.481	7.433
2026-09-28T07:28:10.389Z	spark2	LOAD	23.439	4.167
2026-09-28T07:28:10.402Z	spark1	LOAD	21.450	7.433
2026-09-28T07:28:10.639Z	spark2	LOAD	23.439	4.167
2026-09-28T07:28:10.664Z	spark1	LOAD	21.417	7.433
2026-09-28T07:28:10.890Z	spark2	LOAD	23.439	4.167
2026-09-28T07:28:10.915Z	spark1	LOAD	21.386	7.433
2026-09-28T07:28:11.151Z	spark2	LOAD	23.439	4.167
2026-09-28T07:28:11.166Z	spark1	LOAD	21.356	7.433
2026-09-28T07:28:11.402Z	spark2	LOAD	23.439	4.167
2026-09-28T07:28:11.415Z	spark1	LOAD	21.309	7.433
2026-09-28T07:28:11.652Z	spark2	LOAD	23.439	4.167
2026-09-28T07:28:11.682Z	spark1	LOAD	21.274	7.433
2026-09-28T07:28:11.904Z	spark2	LOAD	23.439	4.167
2026-09-28T07:28:11.932Z	spark1	LOAD	21.215	7.433
2026-09-28T07:28:12.165Z	spark2	LOAD	23.440	4.167
2026-09-28T07:28:12.183Z	spark1	LOAD	21.180	7.433
2026-09-28T07:28:12.416Z	spark2	LOAD	23.440	4.167
2026-09-28T07:28:12.433Z	spark1	LOAD	21.145	7.433
2026-09-28T07:28:12.667Z	spark2	LOAD	23.440	4.167
2026-09-28T07:28:12.696Z	spark1	LOAD	21.107	7.433
2026-09-28T07:28:12.918Z	spark2	LOAD	23.440	4.167
2026-09-28T07:28:12.947Z	spark1	LOAD	21.062	7.433
2026-09-28T07:28:13.184Z	spark2	LOAD	23.440	4.167
2026-09-28T07:28:13.197Z	spark1	LOAD	21.026	7.433
2026-09-28T07:28:13.435Z	spark2	LOAD	23.440	4.167
2026-09-28T07:28:13.447Z	spark1	LOAD	21.086	7.433
2026-09-28T07:28:13.685Z	spark2	LOAD	23.440	4.167
2026-09-28T07:28:13.709Z	spark1	LOAD	21.044	7.433
2026-09-28T07:28:13.936Z	spark2	LOAD	23.440	4.167
2026-09-28T07:28:13.959Z	spark1	LOAD	21.006	7.433
2026-09-28T07:28:14.199Z	spark2	LOAD	23.440	4.167
2026-09-28T07:28:14.210Z	spark1	LOAD	20.971	7.433
2026-09-28T07:28:14.450Z	spark2	LOAD	23.440	4.167
2026-09-28T07:28:14.460Z	spark1	LOAD	20.911	7.433
2026-09-28T07:28:14.701Z	spark2	LOAD	23.440	4.167
2026-09-28T07:28:14.726Z	spark1	LOAD	20.870	7.433
2026-09-28T07:28:14.953Z	spark2	LOAD	23.440	4.167
2026-09-28T07:28:14.977Z	spark1	LOAD	20.833	7.433
2026-09-28T07:28:15.214Z	spark2	LOAD	23.441	4.167
2026-09-28T07:28:15.227Z	spark1	LOAD	20.813	7.433
2026-09-28T07:28:15.465Z	spark2	LOAD	23.441	4.167
2026-09-28T07:28:15.477Z	spark1	LOAD	20.752	7.433
2026-09-28T07:28:15.715Z	spark2	LOAD	23.441	4.167
2026-09-28T07:28:15.743Z	spark1	LOAD	20.708	7.433
2026-09-28T07:28:15.967Z	spark2	LOAD	23.441	4.167
2026-09-28T07:28:15.994Z	spark1	LOAD	20.675	7.433
2026-09-28T07:28:16.228Z	spark2	LOAD	23.441	4.167
2026-09-28T07:28:16.244Z	spark1	LOAD	20.640	7.433
2026-09-28T07:28:16.478Z	spark2	LOAD	23.441	4.167
2026-09-28T07:28:16.494Z	spark1	LOAD	20.573	7.433
2026-09-28T07:28:16.728Z	spark2	LOAD	23.443	4.167
2026-09-28T07:28:16.762Z	spark1	LOAD	20.562	7.433
2026-09-28T07:28:16.978Z	spark2	LOAD	23.425	4.166
2026-09-28T07:28:17.012Z	spark1	LOAD	20.521	7.433
2026-09-28T07:28:17.239Z	spark2	LOAD	23.436	4.165
2026-09-28T07:28:17.262Z	spark1	LOAD	20.464	7.433
2026-09-28T07:28:17.490Z	spark2	LOAD	23.436	4.165
2026-09-28T07:28:17.512Z	spark1	LOAD	20.468	7.433
2026-09-28T07:28:17.741Z	spark2	LOAD	23.436	4.165
2026-09-28T07:28:17.779Z	spark1	LOAD	20.433	7.433
2026-09-28T07:28:17.992Z	spark2	LOAD	23.436	4.165
2026-09-28T07:28:18.029Z	spark1	LOAD	20.373	7.433
2026-09-28T07:28:18.258Z	spark2	LOAD	23.436	4.165
2026-09-28T07:28:18.279Z	spark1	LOAD	20.358	7.433
2026-09-28T07:28:18.508Z	spark2	LOAD	23.436	4.165
2026-09-28T07:28:18.530Z	spark1	LOAD	20.323	7.433
2026-09-28T07:28:18.759Z	spark2	LOAD	23.436	4.165
2026-09-28T07:28:18.791Z	spark1	LOAD	20.288	7.433
2026-09-28T07:28:19.009Z	spark2	LOAD	23.436	4.165
2026-09-28T07:28:19.042Z	spark1	LOAD	20.256	7.433
2026-09-28T07:28:19.270Z	spark2	LOAD	23.435	4.165
2026-09-28T07:28:19.292Z	spark1	LOAD	20.193	7.433
2026-09-28T07:28:19.521Z	spark2	LOAD	23.435	4.165
2026-09-28T07:28:19.543Z	spark1	LOAD	20.146	7.433
2026-09-28T07:28:19.772Z	spark2	LOAD	23.435	4.165
2026-09-28T07:28:19.804Z	spark1	LOAD	20.115	7.433
2026-09-28T07:28:20.022Z	spark2	LOAD	23.435	4.165
2026-09-28T07:28:20.055Z	spark1	LOAD	20.088	7.433
2026-09-28T07:28:20.287Z	spark2	LOAD	23.435	4.165
2026-09-28T07:28:20.306Z	spark1	LOAD	20.095	7.433
2026-09-28T07:28:20.538Z	spark2	LOAD	23.435	4.165
2026-09-28T07:28:20.556Z	spark1	LOAD	20.064	7.433
2026-09-28T07:28:20.789Z	spark2	LOAD	23.435	4.165
2026-09-28T07:28:20.817Z	spark1	LOAD	20.021	7.433
2026-09-28T07:28:21.039Z	spark2	LOAD	23.438	4.165
2026-09-28T07:28:21.067Z	spark1	LOAD	19.991	7.433
2026-09-28T07:28:21.301Z	spark2	LOAD	23.438	4.165
2026-09-28T07:28:21.318Z	spark1	LOAD	19.961	7.433
2026-09-28T07:28:21.552Z	spark2	LOAD	23.438	4.165
2026-09-28T07:28:21.568Z	spark1	LOAD	19.906	7.433
2026-09-28T07:28:21.802Z	spark2	LOAD	23.438	4.165
2026-09-28T07:28:21.834Z	spark1	LOAD	19.885	7.433
2026-09-28T07:28:22.054Z	spark2	LOAD	23.439	4.165
2026-09-28T07:28:22.085Z	spark1	LOAD	19.860	7.433
2026-09-28T07:28:22.313Z	spark2	LOAD	23.440	4.165
2026-09-28T07:28:22.335Z	spark1	LOAD	19.831	7.433
2026-09-28T07:28:22.564Z	spark2	LOAD	23.440	4.165
2026-09-28T07:28:22.586Z	spark1	LOAD	19.803	7.433
2026-09-28T07:28:22.815Z	spark2	LOAD	23.440	4.165
2026-09-28T07:28:22.848Z	spark1	LOAD	19.770	7.433
2026-09-28T07:28:23.066Z	spark2	LOAD	23.442	4.165
2026-09-28T07:28:23.098Z	spark1	LOAD	19.742	7.433
2026-09-28T07:28:23.330Z	spark2	LOAD	23.442	4.165
2026-09-28T07:28:23.348Z	spark1	LOAD	19.712	7.433
2026-09-28T07:28:23.581Z	spark2	LOAD	23.442	4.165
2026-09-28T07:28:23.599Z	spark1	LOAD	19.683	7.433
2026-09-28T07:28:23.831Z	spark2	LOAD	23.442	4.165
2026-09-28T07:28:23.861Z	spark1	LOAD	19.625	7.433
2026-09-28T07:28:24.082Z	spark2	LOAD	23.443	4.165
2026-09-28T07:28:24.111Z	spark1	LOAD	19.602	7.433
2026-09-28T07:28:24.347Z	spark2	LOAD	23.443	4.165
2026-09-28T07:28:24.362Z	spark1	LOAD	19.568	7.433
2026-09-28T07:28:24.598Z	spark2	LOAD	23.443	4.165
2026-09-28T07:28:24.612Z	spark1	LOAD	19.541	7.433
2026-09-28T07:28:24.849Z	spark2	LOAD	23.443	4.165
2026-09-28T07:28:24.873Z	spark1	LOAD	19.505	7.433
2026-09-28T07:28:25.100Z	spark2	LOAD	23.445	4.165
2026-09-28T07:28:25.124Z	spark1	LOAD	19.475	7.433
2026-09-28T07:28:25.365Z	spark2	LOAD	23.445	4.165
2026-09-28T07:28:25.374Z	spark1	LOAD	19.441	7.433
2026-09-28T07:28:25.615Z	spark2	LOAD	23.445	4.165
2026-09-28T07:28:25.624Z	spark1	LOAD	19.406	7.433
2026-09-28T07:28:25.865Z	spark2	LOAD	23.445	4.165
2026-09-28T07:28:25.886Z	spark1	LOAD	19.357	7.433
2026-09-28T07:28:26.116Z	spark2	LOAD	23.445	4.165
2026-09-28T07:28:26.136Z	spark1	LOAD	19.324	7.433
2026-09-28T07:28:26.377Z	spark2	LOAD	23.445	4.165
2026-09-28T07:28:26.387Z	spark1	LOAD	19.293	7.433
2026-09-28T07:28:26.628Z	spark2	LOAD	23.445	4.165
2026-09-28T07:28:26.637Z	spark1	LOAD	19.262	7.433
2026-09-28T07:28:26.878Z	spark2	LOAD	23.445	4.165
2026-09-28T07:28:26.904Z	spark1	LOAD	20.187	7.433
2026-09-28T07:28:27.129Z	spark2	LOAD	23.445	4.165
2026-09-28T07:28:27.154Z	spark1	LOAD	22.534	7.433
2026-09-28T07:28:27.393Z	spark2	LOAD	23.445	4.165
2026-09-28T07:28:27.404Z	spark1	LOAD	22.456	7.433
2026-09-28T07:28:27.643Z	spark2	LOAD	23.445	4.165
2026-09-28T07:28:27.655Z	spark1	LOAD	22.421	7.433
2026-09-28T07:28:27.894Z	spark2	LOAD	23.419	4.164
2026-09-28T07:28:27.916Z	spark1	LOAD	22.374	7.433
2026-09-28T07:28:28.144Z	spark2	LOAD	23.443	4.163
2026-09-28T07:28:28.166Z	spark1	LOAD	22.320	7.433
2026-09-28T07:28:28.405Z	spark2	LOAD	23.442	4.161
2026-09-28T07:28:28.417Z	spark1	LOAD	22.293	7.433
2026-09-28T07:28:28.655Z	spark2	LOAD	23.442	4.161
2026-09-28T07:28:28.667Z	spark1	LOAD	22.267	7.433
2026-09-28T07:28:28.907Z	spark2	LOAD	23.442	4.161
2026-09-28T07:28:28.929Z	spark1	LOAD	22.240	7.433
2026-09-28T07:28:29.157Z	spark2	LOAD	23.443	4.161
2026-09-28T07:28:29.179Z	spark1	LOAD	22.220	7.433
2026-09-28T07:28:29.419Z	spark2	LOAD	23.443	4.161
2026-09-28T07:28:29.430Z	spark1	LOAD	22.199	7.433
2026-09-28T07:28:29.669Z	spark2	LOAD	23.443	4.161
2026-09-28T07:28:29.681Z	spark1	LOAD	22.171	7.433
2026-09-28T07:28:29.919Z	spark2	LOAD	23.443	4.161
2026-09-28T07:28:29.943Z	spark1	LOAD	22.129	7.433
2026-09-28T07:28:30.169Z	spark2	LOAD	23.443	4.161
2026-09-28T07:28:30.193Z	spark1	LOAD	22.110	7.433
2026-09-28T07:28:30.431Z	spark2	LOAD	23.443	4.161
2026-09-28T07:28:30.443Z	spark1	LOAD	22.088	7.433
2026-09-28T07:28:30.682Z	spark2	LOAD	23.443	4.161
2026-09-28T07:28:30.695Z	spark1	LOAD	22.059	7.433
2026-09-28T07:28:30.933Z	spark2	LOAD	23.443	4.161
2026-09-28T07:28:30.961Z	spark1	LOAD	22.014	7.433
2026-09-28T07:28:31.184Z	spark2	LOAD	23.443	4.161
2026-09-28T07:28:31.211Z	spark1	LOAD	21.985	7.433
2026-09-28T07:28:31.449Z	spark2	LOAD	23.443	4.161
2026-09-28T07:28:31.462Z	spark1	LOAD	21.963	7.433
2026-09-28T07:28:31.700Z	spark2	LOAD	23.443	4.161
2026-09-28T07:28:31.712Z	spark1	LOAD	21.932	7.433
2026-09-28T07:28:31.950Z	spark2	LOAD	23.443	4.161
2026-09-28T07:28:31.974Z	spark1	LOAD	21.875	7.433
2026-09-28T07:28:32.201Z	spark2	LOAD	23.443	4.161
2026-09-28T07:28:32.224Z	spark1	LOAD	21.846	7.433
2026-09-28T07:28:32.467Z	spark2	LOAD	23.443	4.161
2026-09-28T07:28:32.475Z	spark1	LOAD	21.820	7.433
2026-09-28T07:28:32.717Z	spark2	LOAD	23.443	4.161
2026-09-28T07:28:32.725Z	spark1	LOAD	21.792	7.433
2026-09-28T07:28:32.968Z	spark2	LOAD	23.443	4.161
2026-09-28T07:28:32.993Z	spark1	LOAD	21.755	7.433
2026-09-28T07:28:33.219Z	spark2	LOAD	23.443	4.161
2026-09-28T07:28:33.243Z	spark1	LOAD	21.729	7.433
2026-09-28T07:28:33.480Z	spark2	LOAD	23.443	4.161
2026-09-28T07:28:33.494Z	spark1	LOAD	21.703	7.433
2026-09-28T07:28:33.730Z	spark2	LOAD	23.443	4.161
2026-09-28T07:28:33.744Z	spark1	LOAD	21.669	7.433
2026-09-28T07:28:33.981Z	spark2	LOAD	23.443	4.161
2026-09-28T07:28:34.011Z	spark1	LOAD	21.603	7.433
2026-09-28T07:28:34.232Z	spark2	LOAD	23.443	4.161
2026-09-28T07:28:34.261Z	spark1	LOAD	21.575	7.433
2026-09-28T07:28:34.497Z	spark2	LOAD	23.443	4.161
2026-09-28T07:28:34.512Z	spark1	LOAD	21.555	7.433
2026-09-28T07:28:34.748Z	spark2	LOAD	23.443	4.161
2026-09-28T07:28:34.762Z	spark1	LOAD	21.528	7.432
2026-09-28T07:28:34.999Z	spark2	LOAD	23.443	4.161
2026-09-28T07:28:35.031Z	spark1	LOAD	21.503	7.433
2026-09-28T07:28:35.250Z	spark2	LOAD	23.443	4.161
2026-09-28T07:28:35.281Z	spark1	LOAD	21.476	7.433
2026-09-28T07:28:35.512Z	spark2	LOAD	23.443	4.161
2026-09-28T07:28:35.531Z	spark1	LOAD	21.448	7.433
2026-09-28T07:28:35.762Z	spark2	LOAD	23.443	4.161
2026-09-28T07:28:35.782Z	spark1	LOAD	21.415	7.433
2026-09-28T07:28:36.012Z	spark2	LOAD	23.443	4.161
2026-09-28T07:28:36.048Z	spark1	LOAD	21.354	7.433
2026-09-28T07:28:36.263Z	spark2	LOAD	23.443	4.161
2026-09-28T07:28:36.298Z	spark1	LOAD	21.329	7.433
2026-09-28T07:28:36.528Z	spark2	LOAD	23.443	4.161
2026-09-28T07:28:36.548Z	spark1	LOAD	21.305	7.433
2026-09-28T07:28:36.780Z	spark2	LOAD	23.443	4.161
2026-09-28T07:28:36.799Z	spark1	LOAD	21.278	7.433
2026-09-28T07:28:37.030Z	spark2	LOAD	23.443	4.161
2026-09-28T07:28:37.061Z	spark1	LOAD	21.247	7.433
2026-09-28T07:28:37.281Z	spark2	LOAD	23.443	4.161
2026-09-28T07:28:37.312Z	spark1	LOAD	21.217	7.433
2026-09-28T07:28:37.542Z	spark2	LOAD	23.443	4.161
2026-09-28T07:28:37.562Z	spark1	LOAD	21.182	7.433
2026-09-28T07:28:37.793Z	spark2	LOAD	23.443	4.161
2026-09-28T07:28:37.812Z	spark1	LOAD	21.150	7.433
2026-09-28T07:28:38.042Z	spark2	LOAD	23.443	4.161
2026-09-28T07:28:38.080Z	spark1	LOAD	21.080	7.433
2026-09-28T07:28:38.293Z	spark2	LOAD	23.443	4.161
2026-09-28T07:28:38.330Z	spark1	LOAD	21.113	7.433
2026-09-28T07:28:38.554Z	spark2	LOAD	23.443	4.161
2026-09-28T07:28:38.580Z	spark1	LOAD	21.070	7.433
2026-09-28T07:28:38.805Z	spark2	LOAD	23.418	4.160
2026-09-28T07:28:38.831Z	spark1	LOAD	21.033	7.433
2026-09-28T07:28:39.055Z	spark2	LOAD	23.425	4.159
2026-09-28T07:28:39.097Z	spark1	LOAD	20.975	7.433
2026-09-28T07:28:39.306Z	spark2	LOAD	23.425	4.158
2026-09-28T07:28:39.347Z	spark1	LOAD	20.945	7.433
2026-09-28T07:28:39.572Z	spark2	LOAD	23.425	4.158
2026-09-28T07:28:39.597Z	spark1	LOAD	20.911	7.433
2026-09-28T07:28:39.822Z	spark2	LOAD	23.425	4.158
2026-09-28T07:28:39.848Z	spark1	LOAD	20.875	7.433
2026-09-28T07:28:40.072Z	spark2	LOAD	23.427	4.158
2026-09-28T07:28:40.114Z	spark1	LOAD	20.801	7.433
2026-09-28T07:28:40.323Z	spark2	LOAD	23.427	4.158
2026-09-28T07:28:40.364Z	spark1	LOAD	20.767	7.433
2026-09-28T07:28:40.584Z	spark2	LOAD	23.427	4.158
2026-09-28T07:28:40.615Z	spark1	LOAD	20.740	7.433
2026-09-28T07:28:40.835Z	spark2	LOAD	23.427	4.158
2026-09-28T07:28:40.865Z	spark1	LOAD	20.702	7.433
2026-09-28T07:28:41.086Z	spark2	LOAD	23.429	4.158
2026-09-28T07:28:41.134Z	spark1	LOAD	20.674	7.433
2026-09-28T07:28:41.337Z	spark2	LOAD	23.429	4.158
2026-09-28T07:28:41.385Z	spark1	LOAD	20.646	7.433
2026-09-28T07:28:41.598Z	spark2	LOAD	23.430	4.158
2026-09-28T07:28:41.635Z	spark1	LOAD	20.616	7.433
2026-09-28T07:28:41.849Z	spark2	LOAD	23.430	4.158
2026-09-28T07:28:41.886Z	spark1	LOAD	20.583	7.433
2026-09-28T07:28:42.099Z	spark2	LOAD	23.431	4.158
2026-09-28T07:28:42.152Z	spark1	LOAD	20.528	7.433
2026-09-28T07:28:42.350Z	spark2	LOAD	23.431	4.158
2026-09-28T07:28:42.403Z	spark1	LOAD	20.487	7.433
2026-09-28T07:28:42.611Z	spark2	LOAD	23.431	4.158
2026-09-28T07:28:42.653Z	spark1	LOAD	20.465	7.433
2026-09-28T07:28:42.862Z	spark2	LOAD	23.431	4.158
2026-09-28T07:28:42.903Z	spark1	LOAD	20.438	7.433
2026-09-28T07:28:43.112Z	spark2	LOAD	23.432	4.158
2026-09-28T07:28:43.170Z	spark1	LOAD	20.408	7.433
2026-09-28T07:28:43.364Z	spark2	LOAD	23.432	4.158
2026-09-28T07:28:43.421Z	spark1	LOAD	20.374	7.433
2026-09-28T07:28:43.624Z	spark2	LOAD	23.432	4.158
2026-09-28T07:28:43.672Z	spark1	LOAD	20.338	7.433
2026-09-28T07:28:43.875Z	spark2	LOAD	23.432	4.158
2026-09-28T07:28:43.922Z	spark1	LOAD	20.300	7.433
2026-09-28T07:28:44.126Z	spark2	LOAD	23.432	4.158
2026-09-28T07:28:44.188Z	spark1	LOAD	20.263	7.433
2026-09-28T07:28:44.377Z	spark2	LOAD	23.432	4.158
2026-09-28T07:28:44.439Z	spark1	LOAD	20.192	7.433
2026-09-28T07:28:44.637Z	spark2	LOAD	23.432	4.158
2026-09-28T07:28:44.689Z	spark1	LOAD	20.164	7.433
2026-09-28T07:28:44.888Z	spark2	LOAD	23.432	4.158
2026-09-28T07:28:44.939Z	spark1	LOAD	20.136	7.433
2026-09-28T07:28:45.138Z	spark2	LOAD	23.432	4.158
2026-09-28T07:28:45.201Z	spark1	LOAD	20.148	7.433
2026-09-28T07:28:45.389Z	spark2	LOAD	23.432	4.158
2026-09-28T07:28:45.451Z	spark1	LOAD	20.123	7.433
2026-09-28T07:28:45.649Z	spark2	LOAD	23.432	4.158
2026-09-28T07:28:45.702Z	spark1	LOAD	20.095	7.433
2026-09-28T07:28:45.900Z	spark2	LOAD	23.432	4.158
2026-09-28T07:28:45.952Z	spark1	LOAD	20.060	7.433
2026-09-28T07:28:46.151Z	spark2	LOAD	23.432	4.158
2026-09-28T07:28:46.214Z	spark1	LOAD	20.099	7.433
2026-09-28T07:28:46.402Z	spark2	LOAD	23.432	4.158
2026-09-28T07:28:46.465Z	spark1	LOAD	20.034	7.433
2026-09-28T07:28:46.662Z	spark2	LOAD	23.432	4.158
2026-09-28T07:28:46.716Z	spark1	LOAD	20.032	7.434
2026-09-28T07:28:46.913Z	spark2	LOAD	23.432	4.158
2026-09-28T07:28:46.966Z	spark1	LOAD	19.997	7.434
2026-09-28T07:28:47.165Z	spark2	LOAD	23.432	4.158
2026-09-28T07:28:47.229Z	spark1	LOAD	19.956	7.434
2026-09-28T07:28:47.416Z	spark2	LOAD	23.432	4.158
2026-09-28T07:28:47.479Z	spark1	LOAD	19.901	7.434
2026-09-28T07:28:47.677Z	spark2	LOAD	23.432	4.158
2026-09-28T07:28:47.730Z	spark1	LOAD	19.894	7.435
2026-09-28T07:28:47.928Z	spark2	LOAD	23.431	4.158
2026-09-28T07:28:47.980Z	spark1	LOAD	19.876	7.435
2026-09-28T07:28:48.179Z	spark2	LOAD	23.431	4.158
2026-09-28T07:28:48.243Z	spark1	LOAD	19.837	7.435
2026-09-28T07:28:48.429Z	spark2	LOAD	23.431	4.158
2026-09-28T07:28:48.493Z	spark1	LOAD	19.789	7.435
2026-09-28T07:28:48.691Z	spark2	LOAD	23.431	4.158
2026-09-28T07:28:48.744Z	spark1	LOAD	19.757	7.435
2026-09-28T07:28:48.942Z	spark2	LOAD	23.431	4.158
2026-09-28T07:28:48.994Z	spark1	LOAD	19.738	7.435
2026-09-28T07:28:49.193Z	spark2	LOAD	23.431	4.158
2026-09-28T07:28:49.255Z	spark1	LOAD	19.689	7.435
2026-09-28T07:28:49.444Z	spark2	LOAD	23.431	4.158
2026-09-28T07:28:49.506Z	spark1	LOAD	19.648	7.435
2026-09-28T07:28:49.709Z	spark2	LOAD	23.434	4.157
2026-09-28T07:28:49.756Z	spark1	LOAD	19.632	7.435
2026-09-28T07:28:49.960Z	spark2	LOAD	23.439	4.157
2026-09-28T07:28:50.006Z	spark1	LOAD	19.599	7.435
2026-09-28T07:28:50.210Z	spark2	LOAD	23.448	4.155
2026-09-28T07:28:50.269Z	spark1	LOAD	19.553	7.439
2026-09-28T07:28:50.461Z	spark2	LOAD	23.448	4.155
2026-09-28T07:28:50.519Z	spark1	LOAD	19.494	7.440
2026-09-28T07:28:50.723Z	spark2	LOAD	23.448	4.155
2026-09-28T07:28:50.769Z	spark1	LOAD	19.465	7.440
2026-09-28T07:28:50.974Z	spark2	LOAD	23.448	4.155
2026-09-28T07:28:51.019Z	spark1	LOAD	19.436	7.440
2026-09-28T07:28:51.225Z	spark2	LOAD	23.448	4.155
2026-09-28T07:28:51.287Z	spark1	LOAD	19.402	7.441
2026-09-28T07:28:51.476Z	spark2	LOAD	23.448	4.155
2026-09-28T07:28:51.538Z	spark1	LOAD	19.731	7.441
2026-09-28T07:28:51.737Z	spark2	LOAD	23.448	4.155
2026-09-28T07:28:51.788Z	spark1	LOAD	21.202	7.441
2026-09-28T07:28:51.988Z	spark2	LOAD	23.448	4.155
2026-09-28T07:28:52.038Z	spark1	LOAD	22.598	7.441
2026-09-28T07:28:52.239Z	spark2	LOAD	23.447	4.155
2026-09-28T07:28:52.309Z	spark1	LOAD	22.567	7.441
2026-09-28T07:28:52.489Z	spark2	LOAD	23.447	4.155
2026-09-28T07:28:52.560Z	spark1	LOAD	22.511	7.441
2026-09-28T07:28:52.750Z	spark2	LOAD	23.447	4.155
2026-09-28T07:28:52.810Z	spark1	LOAD	22.478	7.441
2026-09-28T07:28:53.002Z	spark2	LOAD	23.447	4.155
2026-09-28T07:28:53.060Z	spark1	LOAD	22.452	7.441
2026-09-28T07:28:53.252Z	spark2	LOAD	23.447	4.155
2026-09-28T07:28:53.327Z	spark1	LOAD	22.414	7.441
2026-09-28T07:28:53.503Z	spark2	LOAD	23.447	4.155
2026-09-28T07:28:53.578Z	spark1	LOAD	22.390	7.441
2026-09-28T07:28:53.764Z	spark2	LOAD	23.447	4.155
2026-09-28T07:28:53.828Z	spark1	LOAD	22.360	7.441
2026-09-28T07:28:54.015Z	spark2	LOAD	23.447	4.155
2026-09-28T07:28:54.078Z	spark1	LOAD	22.331	7.441
2026-09-28T07:28:54.265Z	spark2	LOAD	23.447	4.155
2026-09-28T07:28:54.347Z	spark1	LOAD	22.297	7.441
2026-09-28T07:28:54.516Z	spark2	LOAD	23.447	4.155
2026-09-28T07:28:54.598Z	spark1	LOAD	22.235	7.441
2026-09-28T07:28:54.777Z	spark2	LOAD	23.447	4.155
2026-09-28T07:28:54.848Z	spark1	LOAD	22.210	7.441
2026-09-28T07:28:55.029Z	spark2	LOAD	23.446	4.155
2026-09-28T07:28:55.099Z	spark1	LOAD	22.185	7.441
2026-09-28T07:28:55.278Z	spark2	LOAD	23.446	4.155
2026-09-28T07:28:55.365Z	spark1	LOAD	22.162	7.441
2026-09-28T07:28:55.529Z	spark2	LOAD	23.446	4.155
2026-09-28T07:28:55.615Z	spark1	LOAD	22.130	7.441
2026-09-28T07:28:55.794Z	spark2	LOAD	23.447	4.155
2026-09-28T07:28:55.866Z	spark1	LOAD	22.088	7.441
2026-09-28T07:28:56.045Z	spark2	LOAD	23.447	4.155
2026-09-28T07:28:56.116Z	spark1	LOAD	22.059	7.441
2026-09-28T07:28:56.296Z	spark2	LOAD	23.447	4.155
2026-09-28T07:28:56.382Z	spark1	LOAD	22.005	7.441
2026-09-28T07:28:56.547Z	spark2	LOAD	23.447	4.155
2026-09-28T07:28:56.633Z	spark1	LOAD	21.948	7.441
2026-09-28T07:28:56.808Z	spark2	LOAD	23.447	4.155
2026-09-28T07:28:56.884Z	spark1	LOAD	21.919	7.441
2026-09-28T07:28:57.059Z	spark2	LOAD	23.447	4.155
2026-09-28T07:28:57.134Z	spark1	LOAD	21.886	7.441
2026-09-28T07:28:57.309Z	spark2	LOAD	23.447	4.155
2026-09-28T07:28:57.399Z	spark1	LOAD	21.848	7.441
2026-09-28T07:28:57.559Z	spark2	LOAD	23.447	4.155
2026-09-28T07:28:57.650Z	spark1	LOAD	21.818	7.441
2026-09-28T07:28:57.821Z	spark2	LOAD	23.447	4.155
2026-09-28T07:28:57.900Z	spark1	LOAD	21.786	7.441
2026-09-28T07:28:58.071Z	spark2	LOAD	23.447	4.155
2026-09-28T07:28:58.151Z	spark1	LOAD	21.756	7.441
2026-09-28T07:28:58.323Z	spark2	LOAD	23.447	4.155
2026-09-28T07:28:58.419Z	spark1	LOAD	21.722	7.441
2026-09-28T07:28:58.573Z	spark2	LOAD	23.447	4.155
2026-09-28T07:28:58.669Z	spark1	LOAD	21.657	7.441
2026-09-28T07:28:58.834Z	spark2	LOAD	23.447	4.155
2026-09-28T07:28:58.920Z	spark1	LOAD	21.631	7.441
2026-09-28T07:28:59.086Z	spark2	LOAD	23.447	4.155
2026-09-28T07:28:59.170Z	spark1	LOAD	21.605	7.441
2026-09-28T07:28:59.336Z	spark2	LOAD	23.447	4.155
2026-09-28T07:28:59.437Z	spark1	LOAD	21.566	7.441
2026-09-28T07:28:59.586Z	spark2	LOAD	23.447	4.155
2026-09-28T07:28:59.687Z	spark1	LOAD	21.544	7.441
2026-09-28T07:28:59.852Z	spark2	LOAD	23.447	4.155
2026-09-28T07:28:59.938Z	spark1	LOAD	21.512	7.441
2026-09-28T07:29:00.102Z	spark2	LOAD	23.447	4.155
2026-09-28T07:29:00.188Z	spark1	LOAD	21.457	7.441
2026-09-28T07:29:00.353Z	spark2	LOAD	23.447	4.155
2026-09-28T07:29:00.455Z	spark1	LOAD	21.388	7.441
2026-09-28T07:29:00.603Z	spark2	LOAD	23.445	4.154
2026-09-28T07:29:00.705Z	spark1	LOAD	21.342	7.441
2026-09-28T07:29:00.864Z	spark2	LOAD	23.436	4.154
2026-09-28T07:29:00.955Z	spark1	LOAD	21.304	7.441
2026-09-28T07:29:01.115Z	spark2	LOAD	23.442	4.153
2026-09-28T07:29:01.206Z	spark1	LOAD	21.261	7.441
2026-09-28T07:29:01.366Z	spark2	LOAD	23.442	4.153
2026-09-28T07:29:01.469Z	spark1	LOAD	21.228	7.441
2026-09-28T07:29:01.616Z	spark2	LOAD	23.442	4.153
2026-09-28T07:29:01.719Z	spark1	LOAD	21.199	7.441
2026-09-28T07:29:01.877Z	spark2	LOAD	23.441	4.153
2026-09-28T07:29:01.970Z	spark1	LOAD	21.170	7.441
2026-09-28T07:29:02.128Z	spark2	LOAD	23.441	4.153
2026-09-28T07:29:02.220Z	spark1	LOAD	21.246	7.444
2026-09-28T07:29:02.379Z	spark2	LOAD	23.441	4.153
2026-09-28T07:29:02.495Z	spark1	LOAD	21.205	7.444
2026-09-28T07:29:02.630Z	spark2	LOAD	23.441	4.153
2026-09-28T07:29:02.745Z	spark1	LOAD	21.143	7.444
2026-09-28T07:29:02.891Z	spark2	LOAD	23.441	4.153
2026-09-28T07:29:02.996Z	spark1	LOAD	21.111	7.444
2026-09-28T07:29:03.142Z	spark2	LOAD	23.441	4.153
2026-09-28T07:29:03.246Z	spark1	LOAD	21.114	7.445
2026-09-28T07:29:03.392Z	spark2	LOAD	23.441	4.153
2026-09-28T07:29:03.507Z	spark1	LOAD	21.076	7.443
2026-09-28T07:29:03.643Z	spark2	LOAD	23.441	4.153
2026-09-28T07:29:03.757Z	spark1	LOAD	21.049	7.443
2026-09-28T07:29:03.904Z	spark2	LOAD	23.440	4.153
2026-09-28T07:29:04.008Z	spark1	LOAD	21.013	7.443
2026-09-28T07:29:04.155Z	spark2	LOAD	23.440	4.153
2026-09-28T07:29:04.258Z	spark1	LOAD	20.982	7.446
2026-09-28T07:29:04.406Z	spark2	LOAD	23.440	4.153
2026-09-28T07:29:04.524Z	spark1	LOAD	20.948	7.446
2026-09-28T07:29:04.657Z	spark2	LOAD	23.440	4.153
2026-09-28T07:29:04.775Z	spark1	LOAD	20.916	7.446
2026-09-28T07:29:04.918Z	spark2	LOAD	23.441	4.153
2026-09-28T07:29:05.025Z	spark1	LOAD	20.901	7.446
2026-09-28T07:29:05.169Z	spark2	LOAD	23.441	4.153
2026-09-28T07:29:05.275Z	spark1	LOAD	20.863	7.449
2026-09-28T07:29:05.419Z	spark2	LOAD	23.441	4.153
2026-09-28T07:29:05.542Z	spark1	LOAD	20.825	7.449
2026-09-28T07:29:05.670Z	spark2	LOAD	23.441	4.153
2026-09-28T07:29:05.792Z	spark1	LOAD	20.792	7.449
2026-09-28T07:29:05.935Z	spark2	LOAD	23.442	4.153
2026-09-28T07:29:06.042Z	spark1	LOAD	20.757	7.449
2026-09-28T07:29:06.186Z	spark2	LOAD	23.442	4.153
2026-09-28T07:29:06.293Z	spark1	LOAD	20.683	7.449
2026-09-28T07:29:06.437Z	spark2	LOAD	23.442	4.153
2026-09-28T07:29:06.559Z	spark1	LOAD	20.653	7.449
2026-09-28T07:29:06.688Z	spark2	LOAD	23.442	4.153
2026-09-28T07:29:06.810Z	spark1	LOAD	20.615	7.449
2026-09-28T07:29:06.949Z	spark2	LOAD	23.442	4.153
2026-09-28T07:29:07.060Z	spark1	LOAD	20.549	7.449
2026-09-28T07:29:07.199Z	spark2	LOAD	23.442	4.153
2026-09-28T07:29:07.310Z	spark1	LOAD	20.539	7.449
2026-09-28T07:29:07.450Z	spark2	LOAD	23.442	4.153
2026-09-28T07:29:07.576Z	spark1	LOAD	20.500	7.449
2026-09-28T07:29:07.702Z	spark2	LOAD	23.442	4.153
2026-09-28T07:29:07.827Z	spark1	LOAD	20.466	7.449
2026-09-28T07:29:07.963Z	spark2	LOAD	23.442	4.153
2026-09-28T07:29:08.078Z	spark1	LOAD	20.428	7.449
2026-09-28T07:29:08.213Z	spark2	LOAD	23.442	4.153
2026-09-28T07:29:08.328Z	spark1	LOAD	20.390	7.449
2026-09-28T07:29:08.464Z	spark2	LOAD	23.442	4.153
2026-09-28T07:29:08.595Z	spark1	LOAD	20.353	7.449
2026-09-28T07:29:08.714Z	spark2	LOAD	23.442	4.153
2026-09-28T07:29:08.845Z	spark1	LOAD	20.313	7.449
2026-09-28T07:29:08.976Z	spark2	LOAD	23.442	4.153
2026-09-28T07:29:09.096Z	spark1	LOAD	20.292	7.449
2026-09-28T07:29:09.227Z	spark2	LOAD	23.442	4.153
2026-09-28T07:29:09.346Z	spark1	LOAD	20.239	7.449
2026-09-28T07:29:09.478Z	spark2	LOAD	23.442	4.153
2026-09-28T07:29:09.614Z	spark1	LOAD	20.202	7.449
2026-09-28T07:29:09.729Z	spark2	LOAD	23.442	4.153
2026-09-28T07:29:09.865Z	spark1	LOAD	20.169	7.449
2026-09-28T07:29:09.991Z	spark2	LOAD	23.442	4.153
2026-09-28T07:29:10.115Z	spark1	LOAD	20.133	7.449
2026-09-28T07:29:10.241Z	spark2	LOAD	23.442	4.153
2026-09-28T07:29:10.365Z	spark1	LOAD	20.094	7.449
2026-09-28T07:29:10.493Z	spark2	LOAD	23.442	4.153
2026-09-28T07:29:10.633Z	spark1	LOAD	20.054	7.449
2026-09-28T07:29:10.743Z	spark2	LOAD	23.442	4.153
2026-09-28T07:29:10.883Z	spark1	LOAD	20.020	7.449
2026-09-28T07:29:11.008Z	spark2	LOAD	23.442	4.153
2026-09-28T07:29:11.134Z	spark1	LOAD	19.902	7.449
2026-09-28T07:29:11.260Z	spark2	LOAD	23.442	4.153
2026-09-28T07:29:11.384Z	spark1	LOAD	19.924	7.449
2026-09-28T07:29:11.510Z	spark2	LOAD	23.441	4.152
2026-09-28T07:29:11.650Z	spark1	LOAD	19.889	7.449
2026-09-28T07:29:11.760Z	spark2	LOAD	23.423	4.152
2026-09-28T07:29:11.900Z	spark1	LOAD	19.856	7.449
2026-09-28T07:29:12.026Z	spark2	LOAD	23.427	4.152
2026-09-28T07:29:12.151Z	spark1	LOAD	19.817	7.449
2026-09-28T07:29:12.277Z	spark2	LOAD	23.427	4.151
2026-09-28T07:29:12.401Z	spark1	LOAD	19.838	7.449
2026-09-28T07:29:12.528Z	spark2	LOAD	23.427	4.151
2026-09-28T07:29:12.669Z	spark1	LOAD	19.803	7.449
2026-09-28T07:29:12.779Z	spark2	LOAD	23.427	4.151
2026-09-28T07:29:12.920Z	spark1	LOAD	19.766	7.449
2026-09-28T07:29:13.044Z	spark2	LOAD	23.426	4.151
2026-09-28T07:29:13.170Z	spark1	LOAD	19.708	7.449
2026-09-28T07:29:13.295Z	spark2	LOAD	23.426	4.151
2026-09-28T07:29:13.421Z	spark1	LOAD	19.681	7.449
2026-09-28T07:29:13.546Z	spark2	LOAD	23.426	4.151
2026-09-28T07:29:13.687Z	spark1	LOAD	19.644	7.449
2026-09-28T07:29:13.796Z	spark2	LOAD	23.426	4.151
2026-09-28T07:29:13.938Z	spark1	LOAD	19.613	7.449
2026-09-28T07:29:14.058Z	spark2	LOAD	23.426	4.151
2026-09-28T07:29:14.188Z	spark1	LOAD	19.615	7.449
2026-09-28T07:29:14.309Z	spark2	LOAD	23.426	4.151
2026-09-28T07:29:14.438Z	spark1	LOAD	19.576	7.449
2026-09-28T07:29:14.560Z	spark2	LOAD	23.426	4.151
2026-09-28T07:29:14.700Z	spark1	LOAD	19.535	7.449
2026-09-28T07:29:14.811Z	spark2	LOAD	23.426	4.151
2026-09-28T07:29:14.950Z	spark1	LOAD	19.498	7.449
2026-09-28T07:29:15.072Z	spark2	LOAD	23.426	4.151
2026-09-28T07:29:15.201Z	spark1	LOAD	19.438	7.450
2026-09-28T07:29:15.324Z	spark2	LOAD	23.426	4.151
2026-09-28T07:29:15.451Z	spark1	LOAD	20.123	7.449
2026-09-28T07:29:15.575Z	spark2	LOAD	23.426	4.151
2026-09-28T07:29:15.714Z	spark1	LOAD	22.252	7.449
2026-09-28T07:29:15.825Z	spark2	LOAD	23.426	4.151
2026-09-28T07:29:15.964Z	spark1	LOAD	22.545	7.449
2026-09-28T07:29:16.090Z	spark2	LOAD	23.426	4.151
2026-09-28T07:29:16.215Z	spark1	LOAD	22.506	7.449
2026-09-28T07:29:16.340Z	spark2	LOAD	23.426	4.151
2026-09-28T07:29:16.465Z	spark1	LOAD	22.476	7.449
2026-09-28T07:29:16.592Z	spark2	LOAD	23.426	4.151
2026-09-28T07:29:16.727Z	spark1	LOAD	22.438	7.449
2026-09-28T07:29:16.842Z	spark2	LOAD	23.426	4.151
2026-09-28T07:29:16.978Z	spark1	LOAD	22.401	7.449
2026-09-28T07:29:17.103Z	spark2	LOAD	23.426	4.151
2026-09-28T07:29:17.228Z	spark1	LOAD	22.340	7.449
2026-09-28T07:29:17.354Z	spark2	LOAD	23.426	4.151
2026-09-28T07:29:17.479Z	spark1	LOAD	22.302	7.449
2026-09-28T07:29:17.605Z	spark2	LOAD	23.426	4.151
2026-09-28T07:29:17.746Z	spark1	LOAD	22.252	7.449
2026-09-28T07:29:17.856Z	spark2	LOAD	23.426	4.151
2026-09-28T07:29:17.996Z	spark1	LOAD	22.215	7.449
2026-09-28T07:29:18.122Z	spark2	LOAD	23.425	4.151
2026-09-28T07:29:18.247Z	spark1	LOAD	22.179	7.449
2026-09-28T07:29:18.373Z	spark2	LOAD	23.425	4.151
2026-09-28T07:29:18.497Z	spark1	LOAD	22.144	7.449
2026-09-28T07:29:18.624Z	spark2	LOAD	23.425	4.151
2026-09-28T07:29:18.758Z	spark1	LOAD	22.106	7.449
2026-09-28T07:29:18.874Z	spark2	LOAD	23.425	4.151
2026-09-28T07:29:19.008Z	spark1	LOAD	22.068	7.449
2026-09-28T07:29:19.135Z	spark2	LOAD	23.425	4.151
2026-09-28T07:29:19.259Z	spark1	LOAD	21.993	7.449
2026-09-28T07:29:19.386Z	spark2	LOAD	23.425	4.151
2026-09-28T07:29:19.509Z	spark1	LOAD	21.952	7.449
2026-09-28T07:29:19.637Z	spark2	LOAD	23.425	4.151
2026-09-28T07:29:19.777Z	spark1	LOAD	21.917	7.449
2026-09-28T07:29:19.888Z	spark2	LOAD	23.425	4.151
2026-09-28T07:29:20.027Z	spark1	LOAD	21.882	7.449
2026-09-28T07:29:20.153Z	spark2	LOAD	23.426	4.151
2026-09-28T07:29:20.277Z	spark1	LOAD	21.845	7.449
2026-09-28T07:29:20.404Z	spark2	LOAD	23.426	4.151
2026-09-28T07:29:20.528Z	spark1	LOAD	21.815	7.449
2026-09-28T07:29:20.655Z	spark2	LOAD	23.426	4.151
2026-09-28T07:29:20.797Z	spark1	LOAD	21.776	7.449
2026-09-28T07:29:20.906Z	spark2	LOAD	23.426	4.151
2026-09-28T07:29:21.047Z	spark1	LOAD	21.734	7.449
2026-09-28T07:29:21.167Z	spark2	LOAD	23.427	4.151
2026-09-28T07:29:21.298Z	spark1	LOAD	21.671	7.449
2026-09-28T07:29:21.418Z	spark2	LOAD	23.427	4.151
2026-09-28T07:29:21.548Z	spark1	LOAD	21.632	7.449
2026-09-28T07:29:21.668Z	spark2	LOAD	23.427	4.151
2026-09-28T07:29:21.810Z	spark1	LOAD	21.593	7.449
2026-09-28T07:29:21.919Z	spark2	LOAD	23.427	4.151
2026-09-28T07:29:22.060Z	spark1	LOAD	21.517	7.449
2026-09-28T07:29:22.180Z	spark2	LOAD	23.427	4.151
2026-09-28T07:29:22.311Z	spark1	LOAD	21.479	7.449
2026-09-28T07:29:22.431Z	spark2	LOAD	23.427	4.151
2026-09-28T07:29:22.561Z	spark1	LOAD	21.443	7.449
2026-09-28T07:29:22.681Z	spark2	LOAD	23.402	4.151
2026-09-28T07:29:22.827Z	spark1	LOAD	21.396	7.449
2026-09-28T07:29:22.932Z	spark2	LOAD	23.412	4.150
2026-09-28T07:29:23.078Z	spark1	LOAD	21.352	7.449
2026-09-28T07:29:23.194Z	spark2	LOAD	23.412	4.150
2026-09-28T07:29:23.328Z	spark1	LOAD	21.293	7.449
2026-09-28T07:29:23.445Z	spark2	LOAD	23.412	4.150
2026-09-28T07:29:23.578Z	spark1	LOAD	21.260	7.449
2026-09-28T07:29:23.696Z	spark2	LOAD	23.412	4.150
2026-09-28T07:29:23.840Z	spark1	LOAD	21.223	7.449
2026-09-28T07:29:23.947Z	spark2	LOAD	23.412	4.150
2026-09-28T07:29:24.090Z	spark1	LOAD	21.190	7.449
2026-09-28T07:29:24.211Z	spark2	LOAD	23.412	4.150
2026-09-28T07:29:24.341Z	spark1	LOAD	21.243	7.450
2026-09-28T07:29:24.463Z	spark2	LOAD	23.412	4.150
2026-09-28T07:29:24.591Z	spark1	LOAD	21.203	7.450
2026-09-28T07:29:24.713Z	spark2	LOAD	23.412	4.150
2026-09-28T07:29:24.858Z	spark1	LOAD	21.160	7.450
2026-09-28T07:29:24.964Z	spark2	LOAD	23.412	4.150
2026-09-28T07:29:25.108Z	spark1	LOAD	21.133	7.450
2026-09-28T07:29:25.225Z	spark2	LOAD	23.412	4.150
2026-09-28T07:29:25.358Z	spark1	LOAD	21.053	7.450
2026-09-28T07:29:25.476Z	spark2	LOAD	23.412	4.150
2026-09-28T07:29:25.608Z	spark1	LOAD	21.018	7.450
2026-09-28T07:29:25.727Z	spark2	LOAD	23.412	4.150
2026-09-28T07:29:25.875Z	spark1	LOAD	20.995	7.450
2026-09-28T07:29:25.978Z	spark2	LOAD	23.412	4.150
2026-09-28T07:29:26.126Z	spark1	LOAD	20.940	7.450
2026-09-28T07:29:26.243Z	spark2	LOAD	23.412	4.150
2026-09-28T07:29:26.376Z	spark1	LOAD	20.900	7.450
2026-09-28T07:29:26.494Z	spark2	LOAD	23.412	4.150
2026-09-28T07:29:26.627Z	spark1	LOAD	20.857	7.452
2026-09-28T07:29:26.745Z	spark2	LOAD	23.412	4.150
2026-09-28T07:29:26.893Z	spark1	LOAD	20.819	7.452
2026-09-28T07:29:26.996Z	spark2	LOAD	23.413	4.150
2026-09-28T07:29:27.143Z	spark1	LOAD	20.781	7.452
2026-09-28T07:29:27.258Z	spark2	LOAD	23.413	4.150
2026-09-28T07:29:27.393Z	spark1	LOAD	20.722	7.452
2026-09-28T07:29:27.508Z	spark2	LOAD	23.413	4.150
2026-09-28T07:29:27.644Z	spark1	LOAD	20.686	7.452
2026-09-28T07:29:27.760Z	spark2	LOAD	23.413	4.150
2026-09-28T07:29:27.911Z	spark1	LOAD	20.647	7.452
2026-09-28T07:29:28.010Z	spark2	LOAD	23.414	4.150
2026-09-28T07:29:28.161Z	spark1	LOAD	20.619	7.452
2026-09-28T07:29:28.276Z	spark2	LOAD	23.414	4.150
2026-09-28T07:29:28.412Z	spark1	LOAD	20.581	7.452
2026-09-28T07:29:28.526Z	spark2	LOAD	23.414	4.150
2026-09-28T07:29:28.662Z	spark1	LOAD	20.547	7.452
2026-09-28T07:29:28.777Z	spark2	LOAD	23.414	4.150
2026-09-28T07:29:28.929Z	spark1	LOAD	20.510	7.452
2026-09-28T07:29:29.027Z	spark2	LOAD	23.414	4.150
2026-09-28T07:29:29.179Z	spark1	LOAD	20.471	7.452
2026-09-28T07:29:29.288Z	spark2	LOAD	23.414	4.150
2026-09-28T07:29:29.429Z	spark1	LOAD	20.410	7.452
2026-09-28T07:29:29.539Z	spark2	LOAD	23.414	4.150
2026-09-28T07:29:29.680Z	spark1	LOAD	20.395	7.452
2026-09-28T07:29:29.790Z	spark2	LOAD	23.414	4.150
2026-09-28T07:29:29.941Z	spark1	LOAD	20.359	7.452
2026-09-28T07:29:30.041Z	spark2	LOAD	23.414	4.150
2026-09-28T07:29:30.191Z	spark1	LOAD	20.327	7.452
2026-09-28T07:29:30.302Z	spark2	LOAD	23.414	4.150
2026-09-28T07:29:30.442Z	spark1	LOAD	20.293	7.452
2026-09-28T07:29:30.552Z	spark2	LOAD	23.414	4.150
2026-09-28T07:29:30.692Z	spark1	LOAD	20.266	7.452
2026-09-28T07:29:30.802Z	spark2	LOAD	23.414	4.150
2026-09-28T07:29:30.959Z	spark1	LOAD	20.221	7.452
2026-09-28T07:29:31.054Z	spark2	LOAD	23.414	4.150
2026-09-28T07:29:31.210Z	spark1	LOAD	20.179	7.452
2026-09-28T07:29:31.318Z	spark2	LOAD	23.414	4.150
2026-09-28T07:29:31.460Z	spark1	LOAD	20.163	7.452
2026-09-28T07:29:31.569Z	spark2	LOAD	23.414	4.150
2026-09-28T07:29:31.710Z	spark1	LOAD	20.100	7.452
2026-09-28T07:29:31.819Z	spark2	LOAD	23.414	4.150
2026-09-28T07:29:31.979Z	spark1	LOAD	20.087	7.452
2026-09-28T07:29:32.070Z	spark2	LOAD	23.413	4.150
2026-09-28T07:29:32.229Z	spark1	LOAD	20.049	7.454
2026-09-28T07:29:32.334Z	spark2	LOAD	23.413	4.150
2026-09-28T07:29:32.480Z	spark1	LOAD	20.004	7.454
2026-09-28T07:29:32.585Z	spark2	LOAD	23.413	4.150
2026-09-28T07:29:32.730Z	spark1	LOAD	19.965	7.454
2026-09-28T07:29:32.836Z	spark2	LOAD	23.413	4.150
2026-09-28T07:29:32.997Z	spark1	LOAD	19.899	7.454
2026-09-28T07:29:33.086Z	spark2	LOAD	23.413	4.150
2026-09-28T07:29:33.248Z	spark1	LOAD	19.843	7.454
2026-09-28T07:29:33.350Z	spark2	LOAD	23.412	4.149
2026-09-28T07:29:33.498Z	spark1	LOAD	19.756	7.454
2026-09-28T07:29:33.600Z	spark2	LOAD	23.415	4.149
2026-09-28T07:29:33.748Z	spark1	LOAD	19.675	7.456
2026-09-28T07:29:33.851Z	spark2	LOAD	23.425	4.149
2026-09-28T07:29:34.018Z	spark1	LOAD	19.629	7.456
2026-09-28T07:29:34.102Z	spark2	LOAD	23.424	4.149
2026-09-28T07:29:34.268Z	spark1	LOAD	19.596	7.456
2026-09-28T07:29:34.368Z	spark2	LOAD	23.423	4.149
2026-09-28T07:29:34.519Z	spark1	LOAD	19.559	7.456
2026-09-28T07:29:34.618Z	spark2	LOAD	23.423	4.149
2026-09-28T07:29:34.769Z	spark1	LOAD	19.528	7.456
2026-09-28T07:29:34.869Z	spark2	LOAD	23.423	4.149
2026-09-28T07:29:35.030Z	spark1	LOAD	19.494	7.456
2026-09-28T07:29:35.120Z	spark2	LOAD	23.423	4.149
2026-09-28T07:29:35.280Z	spark1	LOAD	19.465	7.456
2026-09-28T07:29:35.385Z	spark2	LOAD	23.423	4.149
2026-09-28T07:29:35.530Z	spark1	LOAD	19.430	7.456
2026-09-28T07:29:35.635Z	spark2	LOAD	23.423	4.149
2026-09-28T07:29:35.781Z	spark1	LOAD	19.358	7.456
2026-09-28T07:29:35.886Z	spark2	LOAD	23.423	4.149
2026-09-28T07:29:36.047Z	spark1	LOAD	19.321	7.455
2026-09-28T07:29:36.136Z	spark2	LOAD	23.423	4.149
2026-09-28T07:29:36.298Z	spark1	LOAD	19.283	7.455
2026-09-28T07:29:36.401Z	spark2	LOAD	23.423	4.149
2026-09-28T07:29:36.548Z	spark1	LOAD	19.251	7.455
2026-09-28T07:29:36.651Z	spark2	LOAD	23.423	4.149
2026-09-28T07:29:36.799Z	spark1	LOAD	19.221	7.455
2026-09-28T07:29:36.901Z	spark2	LOAD	23.423	4.149
2026-09-28T07:29:37.068Z	spark1	LOAD	20.245	7.455
2026-09-28T07:29:37.152Z	spark2	LOAD	23.423	4.149
2026-09-28T07:29:37.319Z	spark1	LOAD	21.851	7.455
2026-09-28T07:29:37.416Z	spark2	LOAD	23.423	4.149
2026-09-28T07:29:37.569Z	spark1	LOAD	22.476	7.455
2026-09-28T07:29:37.666Z	spark2	LOAD	23.423	4.149
2026-09-28T07:29:37.819Z	spark1	LOAD	22.450	7.455
2026-09-28T07:29:37.917Z	spark2	LOAD	23.423	4.149
2026-09-28T07:29:38.082Z	spark1	LOAD	22.413	7.455
2026-09-28T07:29:38.168Z	spark2	LOAD	23.423	4.149
2026-09-28T07:29:38.332Z	spark1	LOAD	22.385	7.455
2026-09-28T07:29:38.432Z	spark2	LOAD	23.423	4.149
2026-09-28T07:29:38.582Z	spark1	LOAD	22.354	7.455
2026-09-28T07:29:38.683Z	spark2	LOAD	23.423	4.149
2026-09-28T07:29:38.832Z	spark1	LOAD	22.325	7.455
2026-09-28T07:29:38.934Z	spark2	LOAD	23.423	4.149
2026-09-28T07:29:39.094Z	spark1	LOAD	22.294	7.455
2026-09-28T07:29:39.184Z	spark2	LOAD	23.423	4.149
2026-09-28T07:29:39.345Z	spark1	LOAD	22.251	7.454
2026-09-28T07:29:39.449Z	spark2	LOAD	23.423	4.149
2026-09-28T07:29:39.595Z	spark1	LOAD	22.206	7.454
2026-09-28T07:29:39.700Z	spark2	LOAD	23.423	4.149
2026-09-28T07:29:39.845Z	spark1	LOAD	22.151	7.453
2026-09-28T07:29:39.951Z	spark2	LOAD	23.423	4.149
2026-09-28T07:29:40.113Z	spark1	LOAD	22.120	7.453
2026-09-28T07:29:40.202Z	spark2	LOAD	23.423	4.149
2026-09-28T07:29:40.364Z	spark1	LOAD	22.088	7.453
2026-09-28T07:29:40.466Z	spark2	LOAD	23.423	4.149
2026-09-28T07:29:40.614Z	spark1	LOAD	22.057	7.445
2026-09-28T07:29:40.717Z	spark2	LOAD	23.423	4.149
2026-09-28T07:29:40.864Z	spark1	LOAD	22.029	7.444
2026-09-28T07:29:40.967Z	spark2	LOAD	23.423	4.149
2026-09-28T07:29:41.127Z	spark1	LOAD	21.978	7.444
2026-09-28T07:29:41.218Z	spark2	LOAD	23.423	4.149
2026-09-28T07:29:41.377Z	spark1	LOAD	21.948	7.444
2026-09-28T07:29:41.483Z	spark2	LOAD	23.423	4.149
2026-09-28T07:29:41.627Z	spark1	LOAD	21.913	7.444
2026-09-28T07:29:41.733Z	spark2	LOAD	23.423	4.149
2026-09-28T07:29:41.878Z	spark1	LOAD	21.863	7.444
2026-09-28T07:29:41.984Z	spark2	LOAD	23.423	4.149
2026-09-28T07:29:42.144Z	spark1	LOAD	21.830	7.444
2026-09-28T07:29:42.234Z	spark2	LOAD	23.423	4.149
2026-09-28T07:29:42.395Z	spark1	LOAD	21.803	7.444
2026-09-28T07:29:42.499Z	spark2	LOAD	23.423	4.149
2026-09-28T07:29:42.645Z	spark1	LOAD	21.770	7.444
2026-09-28T07:29:42.749Z	spark2	LOAD	23.423	4.149
2026-09-28T07:29:42.896Z	spark1	LOAD	21.740	7.444
2026-09-28T07:29:43.001Z	spark2	LOAD	23.423	4.149
2026-09-28T07:29:43.157Z	spark1	LOAD	21.709	7.444
2026-09-28T07:29:43.251Z	spark2	LOAD	23.423	4.149
2026-09-28T07:29:43.407Z	spark1	LOAD	21.676	7.444
2026-09-28T07:29:43.515Z	spark2	LOAD	23.423	4.149
2026-09-28T07:29:43.658Z	spark1	LOAD	21.639	7.444
2026-09-28T07:29:43.765Z	spark2	LOAD	23.423	4.149
2026-09-28T07:29:43.908Z	spark1	LOAD	21.528	7.444
2026-09-28T07:29:44.016Z	spark2	LOAD	23.423	4.149
2026-09-28T07:29:44.174Z	spark1	LOAD	21.492	7.444
2026-09-28T07:29:44.266Z	spark2	LOAD	23.422	4.148
2026-09-28T07:29:44.424Z	spark1	LOAD	21.454	7.444
2026-09-28T07:29:44.530Z	spark2	LOAD	23.407	4.148
2026-09-28T07:29:44.675Z	spark1	LOAD	21.396	7.444
2026-09-28T07:29:44.781Z	spark2	LOAD	23.420	4.148
2026-09-28T07:29:44.925Z	spark1	LOAD	21.368	7.444
2026-09-28T07:29:45.032Z	spark2	LOAD	23.418	4.148
2026-09-28T07:29:45.192Z	spark1	LOAD	21.328	7.444
2026-09-28T07:29:45.282Z	spark2	LOAD	23.418	4.148
2026-09-28T07:29:45.442Z	spark1	LOAD	21.291	7.444
2026-09-28T07:29:45.548Z	spark2	LOAD	23.418	4.148
2026-09-28T07:29:45.693Z	spark1	LOAD	21.254	7.444
2026-09-28T07:29:45.798Z	spark2	LOAD	23.418	4.148
2026-09-28T07:29:45.943Z	spark1	LOAD	21.193	7.444
2026-09-28T07:29:46.049Z	spark2	LOAD	23.419	4.148
2026-09-28T07:29:46.209Z	spark1	LOAD	21.134	7.443
2026-09-28T07:29:46.299Z	spark2	LOAD	23.419	4.148
2026-09-28T07:29:46.460Z	spark1	LOAD	21.104	7.443
2026-09-28T07:29:46.563Z	spark2	LOAD	23.419	4.148
2026-09-28T07:29:46.710Z	spark1	LOAD	21.072	7.443
2026-09-28T07:29:46.815Z	spark2	LOAD	23.419	4.148
2026-09-28T07:29:46.960Z	spark1	LOAD	21.047	7.443
2026-09-28T07:29:47.066Z	spark2	LOAD	23.420	4.148
2026-09-28T07:29:47.228Z	spark1	LOAD	20.996	7.443
2026-09-28T07:29:47.316Z	spark2	LOAD	23.420	4.148
2026-09-28T07:29:47.478Z	spark1	LOAD	20.969	7.443
2026-09-28T07:29:47.580Z	spark2	LOAD	23.420	4.148
2026-09-28T07:29:47.728Z	spark1	LOAD	20.932	7.443
2026-09-28T07:29:47.831Z	spark2	LOAD	23.420	4.148
2026-09-28T07:29:47.978Z	spark1	LOAD	20.935	7.443
2026-09-28T07:29:48.081Z	spark2	LOAD	23.420	4.148
2026-09-28T07:29:48.244Z	spark1	LOAD	20.894	7.443
2026-09-28T07:29:48.332Z	spark2	LOAD	23.420	4.148
2026-09-28T07:29:48.495Z	spark1	LOAD	20.855	7.443
2026-09-28T07:29:48.596Z	spark2	LOAD	23.420	4.148
2026-09-28T07:29:48.745Z	spark1	LOAD	20.833	7.443
2026-09-28T07:29:48.847Z	spark2	LOAD	23.420	4.148
2026-09-28T07:29:48.996Z	spark1	LOAD	20.794	7.443
2026-09-28T07:29:49.097Z	spark2	LOAD	23.420	4.148
2026-09-28T07:29:49.263Z	spark1	LOAD	20.753	7.443
2026-09-28T07:29:49.349Z	spark2	LOAD	23.420	4.148
2026-09-28T07:29:49.513Z	spark1	LOAD	20.714	7.443
2026-09-28T07:29:49.612Z	spark2	LOAD	23.420	4.148
2026-09-28T07:29:49.763Z	spark1	LOAD	20.674	7.443
2026-09-28T07:29:49.864Z	spark2	LOAD	23.420	4.148
2026-09-28T07:29:50.013Z	spark1	LOAD	20.598	7.443
2026-09-28T07:29:50.114Z	spark2	LOAD	23.420	4.148
2026-09-28T07:29:50.280Z	spark1	LOAD	20.555	7.443
2026-09-28T07:29:50.365Z	spark2	LOAD	23.420	4.148
2026-09-28T07:29:50.530Z	spark1	LOAD	20.521	7.443
2026-09-28T07:29:50.630Z	spark2	LOAD	23.420	4.148
2026-09-28T07:29:50.780Z	spark1	LOAD	20.486	7.443
2026-09-28T07:29:50.880Z	spark2	LOAD	23.420	4.148
2026-09-28T07:29:51.031Z	spark1	LOAD	20.446	7.443
2026-09-28T07:29:51.132Z	spark2	LOAD	23.420	4.148
2026-09-28T07:29:51.292Z	spark1	LOAD	20.443	7.443
2026-09-28T07:29:51.382Z	spark2	LOAD	23.420	4.148
2026-09-28T07:29:51.542Z	spark1	LOAD	20.407	7.443
2026-09-28T07:29:51.647Z	spark2	LOAD	23.420	4.148
2026-09-28T07:29:51.793Z	spark1	LOAD	20.366	7.443
2026-09-28T07:29:51.898Z	spark2	LOAD	23.420	4.148
2026-09-28T07:29:52.043Z	spark1	LOAD	20.288	7.443
2026-09-28T07:29:52.148Z	spark2	LOAD	23.420	4.148
2026-09-28T07:29:52.305Z	spark1	LOAD	20.255	7.443
2026-09-28T07:29:52.399Z	spark2	LOAD	23.420	4.148
2026-09-28T07:29:52.555Z	spark1	LOAD	20.217	7.443
2026-09-28T07:29:52.663Z	spark2	LOAD	23.420	4.148
2026-09-28T07:29:52.806Z	spark1	LOAD	20.180	7.443
2026-09-28T07:29:52.914Z	spark2	LOAD	23.420	4.148
2026-09-28T07:29:53.056Z	spark1	LOAD	20.165	7.443
2026-09-28T07:29:53.164Z	spark2	LOAD	23.420	4.148
2026-09-28T07:29:53.318Z	spark1	LOAD	20.121	7.443
2026-09-28T07:29:53.415Z	spark2	LOAD	23.420	4.148
2026-09-28T07:29:53.569Z	spark1	LOAD	20.078	7.443
2026-09-28T07:29:53.680Z	spark2	LOAD	23.420	4.148
2026-09-28T07:29:53.820Z	spark1	LOAD	20.037	7.443
2026-09-28T07:29:53.931Z	spark2	LOAD	23.420	4.148
2026-09-28T07:29:54.070Z	spark1	LOAD	19.989	7.443
2026-09-28T07:29:54.181Z	spark2	LOAD	23.420	4.148
2026-09-28T07:29:54.336Z	spark1	LOAD	19.931	7.443
2026-09-28T07:29:54.432Z	spark2	LOAD	23.420	4.148
2026-09-28T07:29:54.586Z	spark1	LOAD	19.894	7.443
2026-09-28T07:29:54.696Z	spark2	LOAD	23.420	4.148
2026-09-28T07:29:54.837Z	spark1	LOAD	19.818	7.443
2026-09-28T07:29:54.946Z	spark2	LOAD	23.420	4.148
2026-09-28T07:29:55.087Z	spark1	LOAD	19.818	7.443
2026-09-28T07:29:55.197Z	spark2	LOAD	23.398	4.147
2026-09-28T07:29:55.349Z	spark1	LOAD	19.781	7.443
2026-09-28T07:29:55.447Z	spark2	LOAD	23.410	4.147
2026-09-28T07:29:55.599Z	spark1	LOAD	19.747	7.443
2026-09-28T07:29:55.707Z	spark2	LOAD	23.420	4.147
2026-09-28T07:29:55.850Z	spark1	LOAD	19.705	7.445
2026-09-28T07:29:55.958Z	spark2	LOAD	23.420	4.146
2026-09-28T07:29:56.100Z	spark1	LOAD	19.658	7.445
2026-09-28T07:29:56.209Z	spark2	LOAD	23.420	4.146
2026-09-28T07:29:56.368Z	spark1	LOAD	19.604	7.445
2026-09-28T07:29:56.459Z	spark2	LOAD	23.420	4.146
2026-09-28T07:29:56.618Z	spark1	LOAD	19.532	7.447
2026-09-28T07:29:56.724Z	spark2	LOAD	23.420	4.146
2026-09-28T07:29:56.869Z	spark1	LOAD	19.497	7.447
2026-09-28T07:29:56.975Z	spark2	LOAD	23.420	4.146
2026-09-28T07:29:57.119Z	spark1	LOAD	19.473	7.447
2026-09-28T07:29:57.226Z	spark2	LOAD	23.421	4.146
2026-09-28T07:29:57.381Z	spark1	LOAD	19.440	7.447
2026-09-28T07:29:57.475Z	spark2	LOAD	23.421	4.146
2026-09-28T07:29:57.632Z	spark1	LOAD	19.399	7.447
2026-09-28T07:29:57.741Z	spark2	LOAD	23.421	4.146
2026-09-28T07:29:57.882Z	spark1	LOAD	19.368	7.448
2026-09-28T07:29:57.992Z	spark2	LOAD	23.422	4.146
2026-09-28T07:29:58.133Z	spark1	LOAD	20.675	7.447
2026-09-28T07:29:58.242Z	spark2	LOAD	23.422	4.146
2026-09-28T07:29:58.396Z	spark1	LOAD	22.514	7.447
2026-09-28T07:29:58.494Z	spark2	LOAD	23.422	4.146
2026-09-28T07:29:58.646Z	spark1	LOAD	22.478	7.447
2026-09-28T07:29:58.755Z	spark2	LOAD	23.421	4.146
2026-09-28T07:29:58.897Z	spark1	LOAD	22.452	7.447
2026-09-28T07:29:59.006Z	spark2	LOAD	23.421	4.146
2026-09-28T07:29:59.147Z	spark1	LOAD	22.418	7.447
2026-09-28T07:29:59.257Z	spark2	LOAD	23.421	4.146
2026-09-28T07:29:59.409Z	spark1	LOAD	22.374	7.447
2026-09-28T07:29:59.507Z	spark2	LOAD	23.421	4.146
2026-09-28T07:29:59.660Z	spark1	LOAD	22.336	7.447
2026-09-28T07:29:59.772Z	spark2	LOAD	23.421	4.146
2026-09-28T07:29:59.910Z	spark1	LOAD	22.301	7.447
2026-09-28T07:30:00.023Z	spark2	LOAD	23.421	4.146
2026-09-28T07:30:00.160Z	spark1	LOAD	22.267	7.447
2026-09-28T07:30:00.273Z	spark2	LOAD	23.421	4.146
2026-09-28T07:30:00.422Z	spark1	LOAD	22.210	7.447
2026-09-28T07:30:00.524Z	spark2	LOAD	23.421	4.146
2026-09-28T07:30:00.673Z	spark1	LOAD	22.177	7.447
2026-09-28T07:30:00.788Z	spark2	LOAD	23.421	4.146
2026-09-28T07:30:00.923Z	spark1	LOAD	22.141	7.447
2026-09-28T07:30:01.039Z	spark2	LOAD	23.421	4.146
2026-09-28T07:30:01.173Z	spark1	LOAD	22.096	7.447
2026-09-28T07:30:01.289Z	spark2	LOAD	23.421	4.146
2026-09-28T07:30:01.442Z	spark1	LOAD	22.056	7.447
2026-09-28T07:30:01.540Z	spark2	LOAD	23.421	4.146
2026-09-28T07:30:01.693Z	spark1	LOAD	22.020	7.447
2026-09-28T07:30:01.805Z	spark2	LOAD	23.421	4.146
2026-09-28T07:30:01.943Z	spark1	LOAD	21.983	7.447
2026-09-28T07:30:02.056Z	spark2	LOAD	23.421	4.146
2026-09-28T07:30:02.193Z	spark1	LOAD	21.950	7.447
2026-09-28T07:30:02.307Z	spark2	LOAD	23.421	4.146
2026-09-28T07:30:02.461Z	spark1	LOAD	21.889	7.447
2026-09-28T07:30:02.557Z	spark2	LOAD	23.421	4.146
2026-09-28T07:30:02.711Z	spark1	LOAD	21.846	7.447
2026-09-28T07:30:02.822Z	spark2	LOAD	23.421	4.146
2026-09-28T07:30:02.961Z	spark1	LOAD	21.813	7.447
2026-09-28T07:30:03.073Z	spark2	LOAD	23.421	4.146
2026-09-28T07:30:03.212Z	spark1	LOAD	21.775	7.447
2026-09-28T07:30:03.323Z	spark2	LOAD	23.421	4.146
2026-09-28T07:30:03.478Z	spark1	LOAD	21.736	7.447
2026-09-28T07:30:03.575Z	spark2	LOAD	23.421	4.146
2026-09-28T07:30:03.729Z	spark1	LOAD	21.713	7.447
2026-09-28T07:30:03.834Z	spark2	LOAD	23.421	4.146
2026-09-28T07:30:03.979Z	spark1	LOAD	21.680	7.447
2026-09-28T07:30:04.085Z	spark2	LOAD	23.421	4.146
2026-09-28T07:30:04.229Z	spark1	LOAD	21.647	7.447
2026-09-28T07:30:04.336Z	spark2	LOAD	23.421	4.146
2026-09-28T07:30:04.496Z	spark1	LOAD	21.579	7.447
2026-09-28T07:30:04.586Z	spark2	LOAD	23.421	4.146
2026-09-28T07:30:04.746Z	spark1	LOAD	21.547	7.447
2026-09-28T07:30:04.851Z	spark2	LOAD	23.421	4.146
2026-09-28T07:30:04.996Z	spark1	LOAD	21.504	7.447
2026-09-28T07:30:05.101Z	spark2	LOAD	23.421	4.146
2026-09-28T07:30:05.247Z	spark1	LOAD	21.471	7.447
2026-09-28T07:30:05.352Z	spark2	LOAD	23.421	4.146
2026-09-28T07:30:05.514Z	spark1	LOAD	21.428	7.447
2026-09-28T07:30:05.603Z	spark2	LOAD	23.421	4.146
2026-09-28T07:30:05.764Z	spark1	LOAD	21.389	7.447
2026-09-28T07:30:05.868Z	spark2	LOAD	23.421	4.146
2026-09-28T07:30:06.014Z	spark1	LOAD	21.298	7.447
2026-09-28T07:30:06.118Z	spark2	LOAD	23.421	4.146
2026-09-28T07:30:06.265Z	spark1	LOAD	21.255	7.447
2026-09-28T07:30:06.368Z	spark2	LOAD	23.418	4.146
2026-09-28T07:30:06.527Z	spark1	LOAD	21.316	7.447
2026-09-28T07:30:06.619Z	spark2	LOAD	23.401	4.145
2026-09-28T07:30:06.778Z	spark1	LOAD	21.242	7.447
2026-09-28T07:30:06.884Z	spark2	LOAD	23.401	4.145
2026-09-28T07:30:07.028Z	spark1	LOAD	21.198	7.447
2026-09-28T07:30:07.135Z	spark2	LOAD	23.401	4.145
2026-09-28T07:30:07.279Z	spark1	LOAD	21.197	7.447
2026-09-28T07:30:07.386Z	spark2	LOAD	23.401	4.145
2026-09-28T07:30:07.546Z	spark1	LOAD	21.148	7.447
2026-09-28T07:30:07.636Z	spark2	LOAD	23.401	4.145
2026-09-28T07:30:07.796Z	spark1	LOAD	21.069	7.448
2026-09-28T07:30:07.901Z	spark2	LOAD	23.401	4.145
2026-09-28T07:30:08.047Z	spark1	LOAD	21.038	7.448
2026-09-28T07:30:08.151Z	spark2	LOAD	23.401	4.145
2026-09-28T07:30:08.297Z	spark1	LOAD	21.002	7.448
2026-09-28T07:30:08.402Z	spark2	LOAD	23.403	4.145
2026-09-28T07:30:08.559Z	spark1	LOAD	20.945	7.448
2026-09-28T07:30:08.653Z	spark2	LOAD	23.403	4.145
2026-09-28T07:30:08.809Z	spark1	LOAD	20.911	7.448
2026-09-28T07:30:08.917Z	spark2	LOAD	23.403	4.145
2026-09-28T07:30:09.060Z	spark1	LOAD	20.872	7.448
2026-09-28T07:30:09.168Z	spark2	LOAD	23.403	4.145
2026-09-28T07:30:09.310Z	spark1	LOAD	20.834	7.448
2026-09-28T07:30:09.419Z	spark2	LOAD	23.403	4.145
2026-09-28T07:30:09.577Z	spark1	LOAD	20.795	7.448
2026-09-28T07:30:09.670Z	spark2	LOAD	23.403	4.145
2026-09-28T07:30:09.827Z	spark1	LOAD	20.760	7.448
2026-09-28T07:30:09.934Z	spark2	LOAD	23.403	4.145
2026-09-28T07:30:10.078Z	spark1	LOAD	20.714	7.448
2026-09-28T07:30:10.185Z	spark2	LOAD	23.404	4.145
2026-09-28T07:30:10.328Z	spark1	LOAD	20.681	7.448
2026-09-28T07:30:10.435Z	spark2	LOAD	23.404	4.145
2026-09-28T07:30:10.590Z	spark1	LOAD	20.637	7.448
2026-09-28T07:30:10.686Z	spark2	LOAD	23.404	4.145
2026-09-28T07:30:10.841Z	spark1	LOAD	20.618	7.448
2026-09-28T07:30:10.951Z	spark2	LOAD	23.404	4.145
2026-09-28T07:30:11.091Z	spark1	LOAD	20.583	7.448
2026-09-28T07:30:11.202Z	spark2	LOAD	23.404	4.145
2026-09-28T07:30:11.341Z	spark1	LOAD	20.554	7.448
2026-09-28T07:30:11.453Z	spark2	LOAD	23.404	4.145
2026-09-28T07:30:11.610Z	spark1	LOAD	20.498	7.448
2026-09-28T07:30:11.704Z	spark2	LOAD	23.404	4.145
2026-09-28T07:30:11.861Z	spark1	LOAD	20.462	7.448
2026-09-28T07:30:11.968Z	spark2	LOAD	23.404	4.145
2026-09-28T07:30:12.111Z	spark1	LOAD	20.425	7.448
2026-09-28T07:30:12.219Z	spark2	LOAD	23.404	4.145
2026-09-28T07:30:12.361Z	spark1	LOAD	20.390	7.448
2026-09-28T07:30:12.469Z	spark2	LOAD	23.404	4.145
2026-09-28T07:30:12.624Z	spark1	LOAD	20.345	7.449
2026-09-28T07:30:12.720Z	spark2	LOAD	23.404	4.145
2026-09-28T07:30:12.875Z	spark1	LOAD	20.281	7.449
2026-09-28T07:30:12.984Z	spark2	LOAD	23.404	4.145
2026-09-28T07:30:13.125Z	spark1	LOAD	20.242	7.449
2026-09-28T07:30:13.235Z	spark2	LOAD	23.404	4.145
2026-09-28T07:30:13.375Z	spark1	LOAD	20.210	7.449
2026-09-28T07:30:13.485Z	spark2	LOAD	23.404	4.145
2026-09-28T07:30:13.643Z	spark1	LOAD	20.167	7.449
2026-09-28T07:30:13.736Z	spark2	LOAD	23.404	4.145
2026-09-28T07:30:13.893Z	spark1	LOAD	20.133	7.449
2026-09-28T07:30:14.001Z	spark2	LOAD	23.404	4.145
2026-09-28T07:30:14.144Z	spark1	LOAD	20.098	7.449
2026-09-28T07:30:14.252Z	spark2	LOAD	23.404	4.145
2026-09-28T07:30:14.394Z	spark1	LOAD	20.065	7.449
2026-09-28T07:30:14.502Z	spark2	LOAD	23.404	4.145
2026-09-28T07:30:14.655Z	spark1	LOAD	20.020	7.449
2026-09-28T07:30:14.752Z	spark2	LOAD	23.404	4.145
2026-09-28T07:30:14.905Z	spark1	LOAD	20.005	7.449
2026-09-28T07:30:15.017Z	spark2	LOAD	23.404	4.145
2026-09-28T07:30:15.156Z	spark1	LOAD	19.972	7.449
2026-09-28T07:30:15.267Z	spark2	LOAD	23.404	4.145
2026-09-28T07:30:15.406Z	spark1	LOAD	19.965	7.449
2026-09-28T07:30:15.519Z	spark2	LOAD	23.404	4.145
2026-09-28T07:30:15.669Z	spark1	LOAD	19.920	7.449
2026-09-28T07:30:15.769Z	spark2	LOAD	23.404	4.145
2026-09-28T07:30:15.919Z	spark1	LOAD	19.883	7.449
2026-09-28T07:30:16.034Z	spark2	LOAD	23.404	4.145
2026-09-28T07:30:16.169Z	spark1	LOAD	19.833	7.449
2026-09-28T07:30:16.285Z	spark2	LOAD	23.404	4.145
2026-09-28T07:30:16.420Z	spark1	LOAD	19.813	7.449
2026-09-28T07:30:16.535Z	spark2	LOAD	23.404	4.145
2026-09-28T07:30:16.687Z	spark1	LOAD	19.749	7.449
2026-09-28T07:30:16.785Z	spark2	LOAD	23.404	4.145
2026-09-28T07:30:16.938Z	spark1	LOAD	19.691	7.449
2026-09-28T07:30:17.050Z	spark2	LOAD	23.404	4.145
2026-09-28T07:30:17.188Z	spark1	LOAD	19.626	7.449
2026-09-28T07:30:17.300Z	spark2	LOAD	23.384	4.145
2026-09-28T07:30:17.439Z	spark1	LOAD	19.582	7.449
2026-09-28T07:30:17.551Z	spark2	LOAD	23.413	4.144
2026-09-28T07:30:17.700Z	spark1	LOAD	19.551	7.449
2026-09-28T07:30:17.802Z	spark2	LOAD	23.413	4.144
2026-09-28T07:30:17.951Z	spark1	LOAD	19.517	7.449
2026-09-28T07:30:18.067Z	spark2	LOAD	23.412	4.144
2026-09-28T07:30:18.201Z	spark1	LOAD	19.489	7.449
2026-09-28T07:30:18.317Z	spark2	LOAD	23.412	4.144
2026-09-28T07:30:18.452Z	spark1	LOAD	19.457	7.449
2026-09-28T07:30:18.568Z	spark2	LOAD	23.412	4.144
2026-09-28T07:30:18.718Z	spark1	LOAD	19.422	7.449
2026-09-28T07:30:18.818Z	spark2	LOAD	23.412	4.144
2026-09-28T07:30:18.969Z	spark1	LOAD	20.581	7.449
2026-09-28T07:30:19.083Z	spark2	LOAD	23.412	4.144
2026-09-28T07:30:19.219Z	spark1	LOAD	21.991	7.449
2026-09-28T07:30:19.333Z	spark2	LOAD	23.412	4.144
2026-09-28T07:30:19.469Z	spark1	LOAD	22.581	7.449
2026-09-28T07:30:19.583Z	spark2	LOAD	23.412	4.144
2026-09-28T07:30:19.735Z	spark1	LOAD	22.544	7.449
2026-09-28T07:30:19.835Z	spark2	LOAD	23.412	4.144
2026-09-28T07:30:19.986Z	spark1	LOAD	22.513	7.449
2026-09-28T07:30:20.096Z	spark2	LOAD	23.412	4.144
2026-09-28T07:30:20.236Z	spark1	LOAD	22.483	7.449
2026-09-28T07:30:20.347Z	spark2	LOAD	23.412	4.144
2026-09-28T07:30:20.486Z	spark1	LOAD	22.453	7.449
2026-09-28T07:30:20.597Z	spark2	LOAD	23.412	4.144
2026-09-28T07:30:20.752Z	spark1	LOAD	22.392	7.449
2026-09-28T07:30:20.847Z	spark2	LOAD	23.412	4.144
2026-09-28T07:30:21.003Z	spark1	LOAD	22.330	7.449
2026-09-28T07:30:21.109Z	spark2	LOAD	23.412	4.144
2026-09-28T07:30:21.253Z	spark1	LOAD	22.283	7.449
2026-09-28T07:30:21.360Z	spark2	LOAD	23.412	4.144
2026-09-28T07:30:21.504Z	spark1	LOAD	22.248	7.449
2026-09-28T07:30:21.610Z	spark2	LOAD	23.412	4.144
2026-09-28T07:30:21.766Z	spark1	LOAD	22.215	7.449
2026-09-28T07:30:21.860Z	spark2	LOAD	23.412	4.144
2026-09-28T07:30:22.016Z	spark1	LOAD	22.181	7.449
2026-09-28T07:30:22.122Z	spark2	LOAD	23.411	4.144
2026-09-28T07:30:22.266Z	spark1	LOAD	22.153	7.449
2026-09-28T07:30:22.373Z	spark2	LOAD	23.411	4.144
2026-09-28T07:30:22.517Z	spark1	LOAD	22.119	7.449
2026-09-28T07:30:22.623Z	spark2	LOAD	23.411	4.144
2026-09-28T07:30:22.783Z	spark1	LOAD	22.074	7.449
2026-09-28T07:30:22.874Z	spark2	LOAD	23.411	4.144
2026-09-28T07:30:23.034Z	spark1	LOAD	22.012	7.449
2026-09-28T07:30:23.136Z	spark2	LOAD	23.411	4.144
2026-09-28T07:30:23.284Z	spark1	LOAD	21.972	7.449
2026-09-28T07:30:23.386Z	spark2	LOAD	23.411	4.144
2026-09-28T07:30:23.534Z	spark1	LOAD	21.937	7.449
2026-09-28T07:30:23.637Z	spark2	LOAD	23.411	4.144
2026-09-28T07:30:23.796Z	spark1	LOAD	21.899	7.449
2026-09-28T07:30:23.887Z	spark2	LOAD	23.411	4.144
2026-09-28T07:30:24.046Z	spark1	LOAD	21.862	7.449
2026-09-28T07:30:24.148Z	spark2	LOAD	23.411	4.144
2026-09-28T07:30:24.297Z	spark1	LOAD	21.822	7.449
2026-09-28T07:30:24.399Z	spark2	LOAD	23.411	4.144
2026-09-28T07:30:24.547Z	spark1	LOAD	21.779	7.449
2026-09-28T07:30:24.649Z	spark2	LOAD	23.411	4.144
2026-09-28T07:30:24.814Z	spark1	LOAD	21.733	7.449
2026-09-28T07:30:24.900Z	spark2	LOAD	23.411	4.144
2026-09-28T07:30:25.064Z	spark1	LOAD	21.680	7.449
2026-09-28T07:30:25.164Z	spark2	LOAD	23.411	4.144
2026-09-28T07:30:25.314Z	spark1	LOAD	21.642	7.449
2026-09-28T07:30:25.415Z	spark2	LOAD	23.411	4.144
2026-09-28T07:30:25.565Z	spark1	LOAD	21.607	7.449
2026-09-28T07:30:25.665Z	spark2	LOAD	23.411	4.144
2026-09-28T07:30:25.833Z	spark1	LOAD	21.562	7.449
2026-09-28T07:30:25.916Z	spark2	LOAD	23.411	4.144
2026-09-28T07:30:26.083Z	spark1	LOAD	21.527	7.449
2026-09-28T07:30:26.177Z	spark2	LOAD	23.411	4.144
2026-09-28T07:30:26.333Z	spark1	LOAD	21.482	7.449
2026-09-28T07:30:26.428Z	spark2	LOAD	23.411	4.144
2026-09-28T07:30:26.584Z	spark1	LOAD	21.456	7.449
2026-09-28T07:30:26.678Z	spark2	LOAD	23.411	4.144
2026-09-28T07:30:26.850Z	spark1	LOAD	21.420	7.449
2026-09-28T07:30:26.929Z	spark2	LOAD	23.411	4.144
2026-09-28T07:30:27.100Z	spark1	LOAD	21.354	7.449
2026-09-28T07:30:27.191Z	spark2	LOAD	23.411	4.144
2026-09-28T07:30:27.350Z	spark1	LOAD	21.324	7.449
2026-09-28T07:30:27.441Z	spark2	LOAD	23.411	4.144
2026-09-28T07:30:27.601Z	spark1	LOAD	21.285	7.449
2026-09-28T07:30:27.692Z	spark2	LOAD	23.411	4.144
2026-09-28T07:30:27.868Z	spark1	LOAD	21.216	7.448
2026-09-28T07:30:27.943Z	spark2	LOAD	23.411	4.144
2026-09-28T07:30:28.119Z	spark1	LOAD	21.182	7.448
2026-09-28T07:30:28.208Z	spark2	LOAD	23.385	4.144
2026-09-28T07:30:28.369Z	spark1	LOAD	21.153	7.448
2026-09-28T07:30:28.458Z	spark2	LOAD	23.403	4.143
2026-09-28T07:30:28.620Z	spark1	LOAD	21.181	7.449
2026-09-28T07:30:28.709Z	spark2	LOAD	23.403	4.143
2026-09-28T07:30:28.886Z	spark1	LOAD	21.137	7.449
2026-09-28T07:30:28.960Z	spark2	LOAD	23.403	4.143
2026-09-28T07:30:29.136Z	spark1	LOAD	21.071	7.449
2026-09-28T07:30:29.221Z	spark2	LOAD	23.402	4.143
2026-09-28T07:30:29.387Z	spark1	LOAD	21.034	7.449
2026-09-28T07:30:29.471Z	spark2	LOAD	23.402	4.143
2026-09-28T07:30:29.637Z	spark1	LOAD	21.028	7.449
2026-09-28T07:30:29.722Z	spark2	LOAD	23.402	4.143
2026-09-28T07:30:29.904Z	spark1	LOAD	20.984	7.449
2026-09-28T07:30:29.973Z	spark2	LOAD	23.402	4.143
2026-09-28T07:30:30.154Z	spark1	LOAD	20.947	7.449
2026-09-28T07:30:30.235Z	spark2	LOAD	23.402	4.143
2026-09-28T07:30:30.404Z	spark1	LOAD	20.913	7.449
2026-09-28T07:30:30.486Z	spark2	LOAD	23.402	4.143
2026-09-28T07:30:30.655Z	spark1	LOAD	20.873	7.449
2026-09-28T07:30:30.736Z	spark2	LOAD	23.402	4.143
2026-09-28T07:30:30.921Z	spark1	LOAD	20.830	7.449
2026-09-28T07:30:30.986Z	spark2	LOAD	23.402	4.143
2026-09-28T07:30:31.171Z	spark1	LOAD	20.793	7.449
2026-09-28T07:30:31.247Z	spark2	LOAD	23.402	4.143
2026-09-28T07:30:31.421Z	spark1	LOAD	20.721	7.449
2026-09-28T07:30:31.497Z	spark2	LOAD	23.402	4.143
2026-09-28T07:30:31.672Z	spark1	LOAD	20.689	7.449
2026-09-28T07:30:31.748Z	spark2	LOAD	23.402	4.143
2026-09-28T07:30:31.940Z	spark1	LOAD	20.686	7.449
2026-09-28T07:30:31.999Z	spark2	LOAD	23.402	4.143
2026-09-28T07:30:32.190Z	spark1	LOAD	20.650	7.449
2026-09-28T07:30:32.260Z	spark2	LOAD	23.402	4.143
2026-09-28T07:30:32.441Z	spark1	LOAD	20.609	7.449
2026-09-28T07:30:32.511Z	spark2	LOAD	23.402	4.143
2026-09-28T07:30:32.691Z	spark1	LOAD	20.570	7.449
2026-09-28T07:30:32.762Z	spark2	LOAD	23.402	4.143
2026-09-28T07:30:32.957Z	spark1	LOAD	20.530	7.449
2026-09-28T07:30:33.013Z	spark2	LOAD	23.404	4.143
2026-09-28T07:30:33.208Z	spark1	LOAD	20.479	7.449
2026-09-28T07:30:33.278Z	spark2	LOAD	23.404	4.143
2026-09-28T07:30:33.458Z	spark1	LOAD	20.450	7.449
2026-09-28T07:30:33.530Z	spark2	LOAD	23.404	4.143
2026-09-28T07:30:33.708Z	spark1	LOAD	20.412	7.449
2026-09-28T07:30:33.781Z	spark2	LOAD	23.404	4.143
2026-09-28T07:30:33.975Z	spark1	LOAD	20.369	7.449
2026-09-28T07:30:34.032Z	spark2	LOAD	23.404	4.143
2026-09-28T07:30:34.226Z	spark1	LOAD	20.326	7.449
2026-09-28T07:30:34.293Z	spark2	LOAD	23.404	4.143
2026-09-28T07:30:34.476Z	spark1	LOAD	20.297	7.449
2026-09-28T07:30:34.544Z	spark2	LOAD	23.404	4.143
2026-09-28T07:30:34.727Z	spark1	LOAD	20.252	7.449
2026-09-28T07:30:34.794Z	spark2	LOAD	23.404	4.143
2026-09-28T07:30:34.995Z	spark1	LOAD	20.211	7.450
2026-09-28T07:30:35.046Z	spark2	LOAD	23.403	4.143
2026-09-28T07:30:35.246Z	spark1	LOAD	20.175	7.450
2026-09-28T07:30:35.306Z	spark2	LOAD	23.403	4.143
2026-09-28T07:30:35.496Z	spark1	LOAD	20.100	7.450
2026-09-28T07:30:35.557Z	spark2	LOAD	23.403	4.143
2026-09-28T07:30:35.746Z	spark1	LOAD	20.071	7.450
2026-09-28T07:30:35.808Z	spark2	LOAD	23.403	4.143
2026-09-28T07:30:36.012Z	spark1	LOAD	20.041	7.450
2026-09-28T07:30:36.058Z	spark2	LOAD	23.403	4.143
2026-09-28T07:30:36.263Z	spark1	LOAD	20.000	7.450
2026-09-28T07:30:36.320Z	spark2	LOAD	23.403	4.143
2026-09-28T07:30:36.513Z	spark1	LOAD	19.969	7.450
2026-09-28T07:30:36.570Z	spark2	LOAD	23.403	4.143
2026-09-28T07:30:36.763Z	spark1	LOAD	19.963	7.450
2026-09-28T07:30:36.821Z	spark2	LOAD	23.403	4.143
2026-09-28T07:30:37.029Z	spark1	LOAD	19.922	7.450
2026-09-28T07:30:37.072Z	spark2	LOAD	23.403	4.143
2026-09-28T07:30:37.280Z	spark1	LOAD	19.887	7.450
2026-09-28T07:30:37.337Z	spark2	LOAD	23.403	4.143
2026-09-28T07:30:37.530Z	spark1	LOAD	19.816	7.450
2026-09-28T07:30:37.587Z	spark2	LOAD	23.403	4.143
2026-09-28T07:30:37.780Z	spark1	LOAD	19.777	7.450
2026-09-28T07:30:37.838Z	spark2	LOAD	23.403	4.143
2026-09-28T07:30:38.039Z	spark1	LOAD	19.778	7.450
2026-09-28T07:30:38.088Z	spark2	LOAD	23.403	4.143
2026-09-28T07:30:38.290Z	spark1	LOAD	19.744	7.450
2026-09-28T07:30:38.353Z	spark2	LOAD	23.403	4.143
2026-09-28T07:30:38.540Z	spark1	LOAD	19.706	7.450
2026-09-28T07:30:38.602Z	spark2	LOAD	23.403	4.143
2026-09-28T07:30:38.790Z	spark1	LOAD	19.643	7.450
2026-09-28T07:30:38.853Z	spark2	LOAD	23.403	4.143
2026-09-28T07:30:39.057Z	spark1	LOAD	19.606	7.451
2026-09-28T07:30:39.103Z	spark2	LOAD	23.400	4.143
2026-09-28T07:30:39.307Z	spark1	LOAD	19.563	7.451
2026-09-28T07:30:39.368Z	spark2	LOAD	23.399	4.143
2026-09-28T07:30:39.557Z	spark1	LOAD	19.494	7.451
2026-09-28T07:30:39.619Z	spark2	LOAD	23.399	4.143
2026-09-28T07:30:39.807Z	spark1	LOAD	19.458	7.451
2026-09-28T07:30:39.870Z	spark2	LOAD	23.399	4.143
2026-09-28T07:30:40.074Z	spark1	LOAD	19.803	7.451
2026-09-28T07:30:40.121Z	spark2	LOAD	23.400	4.143
2026-09-28T07:30:40.324Z	spark1	LOAD	21.687	7.451
2026-09-28T07:30:40.396Z	spark2	LOAD	23.400	4.143
2026-09-28T07:30:40.575Z	spark1	LOAD	22.589	7.451
2026-09-28T07:30:40.645Z	spark2	LOAD	23.400	4.143
2026-09-28T07:30:40.825Z	spark1	LOAD	22.559	7.451
2026-09-28T07:30:40.897Z	spark2	LOAD	23.400	4.143
2026-09-28T07:30:41.094Z	spark1	LOAD	22.525	7.451
2026-09-28T07:30:41.147Z	spark2	LOAD	23.400	4.143
2026-09-28T07:30:41.344Z	spark1	LOAD	22.487	7.451
2026-09-28T07:30:41.411Z	spark2	LOAD	23.400	4.143
2026-09-28T07:30:41.594Z	spark1	LOAD	22.433	7.451
2026-09-28T07:30:41.662Z	spark2	LOAD	23.400	4.143
2026-09-28T07:30:41.844Z	spark1	LOAD	22.405	7.451
2026-09-28T07:30:41.912Z	spark2	LOAD	23.400	4.143
2026-09-28T07:30:42.106Z	spark1	LOAD	22.384	7.451
2026-09-28T07:30:42.164Z	spark2	LOAD	23.400	4.143
2026-09-28T07:30:42.357Z	spark1	LOAD	22.356	7.451
2026-09-28T07:30:42.428Z	spark2	LOAD	23.400	4.143
2026-09-28T07:30:42.607Z	spark1	LOAD	22.323	7.450
2026-09-28T07:30:42.679Z	spark2	LOAD	23.400	4.143
2026-09-28T07:30:42.857Z	spark1	LOAD	22.289	7.450
2026-09-28T07:30:42.930Z	spark2	LOAD	23.401	4.143
2026-09-28T07:30:43.123Z	spark1	LOAD	22.255	7.450
2026-09-28T07:30:43.179Z	spark2	LOAD	23.401	4.143
2026-09-28T07:30:43.373Z	spark1	LOAD	22.228	7.450
2026-09-28T07:30:43.440Z	spark2	LOAD	23.401	4.143
2026-09-28T07:30:43.624Z	spark1	LOAD	22.166	7.450
2026-09-28T07:30:43.691Z	spark2	LOAD	23.401	4.143
2026-09-28T07:30:43.874Z	spark1	LOAD	22.135	7.450
2026-09-28T07:30:43.942Z	spark2	LOAD	23.401	4.143
2026-09-28T07:30:44.136Z	spark1	LOAD	22.183	7.451
2026-09-28T07:30:44.193Z	spark2	LOAD	23.401	4.143
2026-09-28T07:30:44.386Z	spark1	LOAD	22.171	7.451
2026-09-28T07:30:44.454Z	spark2	LOAD	23.401	4.143
2026-09-28T07:30:44.636Z	spark1	LOAD	22.138	7.451
2026-09-28T07:30:44.705Z	spark2	LOAD	23.401	4.143
2026-09-28T07:30:44.887Z	spark1	LOAD	22.102	7.451
2026-09-28T07:30:44.956Z	spark2	LOAD	23.402	4.143
2026-09-28T07:30:45.149Z	spark1	LOAD	22.064	7.451
2026-09-28T07:30:45.206Z	spark2	LOAD	23.402	4.143
2026-09-28T07:30:45.400Z	spark1	LOAD	22.052	7.451
2026-09-28T07:30:45.471Z	spark2	LOAD	23.402	4.143
2026-09-28T07:30:45.651Z	spark1	LOAD	21.991	7.451
2026-09-28T07:30:45.722Z	spark2	LOAD	23.402	4.143
2026-09-28T07:30:45.901Z	spark1	LOAD	21.959	7.451
2026-09-28T07:30:45.972Z	spark2	LOAD	23.404	4.143
2026-09-28T07:30:46.168Z	spark1	LOAD	21.925	7.451
2026-09-28T07:30:46.223Z	spark2	LOAD	23.404	4.143
2026-09-28T07:30:46.418Z	spark1	LOAD	21.882	7.451
2026-09-28T07:30:46.487Z	spark2	LOAD	23.404	4.143
2026-09-28T07:30:46.669Z	spark1	LOAD	21.855	7.451
2026-09-28T07:30:46.737Z	spark2	LOAD	23.404	4.143
2026-09-28T07:30:46.919Z	spark1	LOAD	21.825	7.450
2026-09-28T07:30:46.989Z	spark2	LOAD	23.405	4.143
2026-09-28T07:30:47.181Z	spark1	LOAD	21.792	7.451
2026-09-28T07:30:47.240Z	spark2	LOAD	23.405	4.143
2026-09-28T07:30:47.431Z	spark1	LOAD	21.760	7.451
2026-09-28T07:30:47.504Z	spark2	LOAD	23.405	4.143
2026-09-28T07:30:47.682Z	spark1	LOAD	21.709	7.451
2026-09-28T07:30:47.755Z	spark2	LOAD	23.405	4.143
2026-09-28T07:30:47.932Z	spark1	LOAD	21.661	7.451
2026-09-28T07:30:48.006Z	spark2	LOAD	23.407	4.143
2026-09-28T07:30:48.193Z	spark1	LOAD	21.629	7.451
2026-09-28T07:30:48.257Z	spark2	LOAD	23.407	4.143
2026-09-28T07:30:48.444Z	spark1	LOAD	21.655	7.451
2026-09-28T07:30:48.522Z	spark2	LOAD	23.408	4.143
2026-09-28T07:30:48.694Z	spark1	LOAD	21.614	7.451
2026-09-28T07:30:48.772Z	spark2	LOAD	23.408	4.143
2026-09-28T07:30:48.945Z	spark1	LOAD	21.575	7.451
2026-09-28T07:30:49.023Z	spark2	LOAD	23.409	4.143
2026-09-28T07:30:49.206Z	spark1	LOAD	21.539	7.451
2026-09-28T07:30:49.273Z	spark2	LOAD	23.409	4.143
2026-09-28T07:30:49.456Z	spark1	LOAD	21.463	7.450
2026-09-28T07:30:49.538Z	spark2	LOAD	23.409	4.143
2026-09-28T07:30:49.707Z	spark1	LOAD	21.465	7.450
2026-09-28T07:30:49.788Z	spark2	LOAD	23.409	4.143
2026-09-28T07:30:49.957Z	spark1	LOAD	21.402	7.450
2026-09-28T07:30:50.038Z	spark2	LOAD	23.406	4.142
2026-09-28T07:30:50.218Z	spark1	LOAD	21.368	7.450
2026-09-28T07:30:50.288Z	spark2	LOAD	23.400	4.142
2026-09-28T07:30:50.469Z	spark1	LOAD	21.328	7.450
2026-09-28T07:30:50.553Z	spark2	LOAD	23.400	4.142
2026-09-28T07:30:50.719Z	spark1	LOAD	21.298	7.450
2026-09-28T07:30:50.804Z	spark2	LOAD	23.400	4.142
2026-09-28T07:30:50.969Z	spark1	LOAD	21.269	7.450
2026-09-28T07:30:51.055Z	spark2	LOAD	23.400	4.142
2026-09-28T07:30:51.230Z	spark1	LOAD	21.231	7.450
2026-09-28T07:30:51.305Z	spark2	LOAD	23.400	4.142
2026-09-28T07:30:51.481Z	spark1	LOAD	21.186	7.450
2026-09-28T07:30:51.570Z	spark2	LOAD	23.400	4.142
2026-09-28T07:30:51.731Z	spark1	LOAD	21.156	7.450
2026-09-28T07:30:51.821Z	spark2	LOAD	23.400	4.142
2026-09-28T07:30:51.981Z	spark1	LOAD	21.094	7.450
2026-09-28T07:30:52.072Z	spark2	LOAD	23.400	4.142
2026-09-28T07:30:52.248Z	spark1	LOAD	21.058	7.450
2026-09-28T07:30:52.322Z	spark2	LOAD	23.400	4.142
2026-09-28T07:30:52.499Z	spark1	LOAD	21.028	7.450
2026-09-28T07:30:52.586Z	spark2	LOAD	23.400	4.142
2026-09-28T07:30:52.750Z	spark1	LOAD	20.997	7.450
2026-09-28T07:30:52.837Z	spark2	LOAD	23.400	4.142
2026-09-28T07:30:53.000Z	spark1	LOAD	20.964	7.450
2026-09-28T07:30:53.087Z	spark2	LOAD	23.400	4.142
2026-09-28T07:30:53.267Z	spark1	LOAD	20.935	7.450
2026-09-28T07:30:53.338Z	spark2	LOAD	23.400	4.142
2026-09-28T07:30:53.517Z	spark1	LOAD	20.907	7.450
2026-09-28T07:30:53.603Z	spark2	LOAD	23.400	4.142
2026-09-28T07:30:53.767Z	spark1	LOAD	20.877	7.450
2026-09-28T07:30:53.854Z	spark2	LOAD	23.400	4.142
2026-09-28T07:30:54.018Z	spark1	LOAD	20.833	7.450
2026-09-28T07:30:54.105Z	spark2	LOAD	23.400	4.142
2026-09-28T07:30:54.280Z	spark1	LOAD	20.804	7.450
2026-09-28T07:30:54.355Z	spark2	LOAD	23.400	4.142
2026-09-28T07:30:54.531Z	spark1	LOAD	20.775	7.450
2026-09-28T07:30:54.620Z	spark2	LOAD	23.400	4.142
2026-09-28T07:30:54.781Z	spark1	LOAD	20.747	7.450
2026-09-28T07:30:54.871Z	spark2	LOAD	23.400	4.142
2026-09-28T07:30:55.032Z	spark1	LOAD	20.728	7.450
2026-09-28T07:30:55.121Z	spark2	LOAD	23.400	4.142
2026-09-28T07:30:55.294Z	spark1	LOAD	20.699	7.450
2026-09-28T07:30:55.372Z	spark2	LOAD	23.400	4.142
2026-09-28T07:30:55.545Z	spark1	LOAD	20.675	7.454
2026-09-28T07:30:55.637Z	spark2	LOAD	23.400	4.142
2026-09-28T07:30:55.795Z	spark1	LOAD	20.649	7.454
2026-09-28T07:30:55.888Z	spark2	LOAD	23.400	4.142
2026-09-28T07:30:56.045Z	spark1	LOAD	20.606	7.454
2026-09-28T07:30:56.138Z	spark2	LOAD	23.400	4.142
2026-09-28T07:30:56.312Z	spark1	LOAD	20.563	7.454
2026-09-28T07:30:56.389Z	spark2	LOAD	23.400	4.142
2026-09-28T07:30:56.563Z	spark1	LOAD	20.539	7.454
2026-09-28T07:30:56.653Z	spark2	LOAD	23.400	4.142
2026-09-28T07:30:56.813Z	spark1	LOAD	20.512	7.454
2026-09-28T07:30:56.904Z	spark2	LOAD	23.400	4.142
2026-09-28T07:30:57.064Z	spark1	LOAD	20.485	7.454
2026-09-28T07:30:57.154Z	spark2	LOAD	23.400	4.142
2026-09-28T07:30:57.325Z	spark1	LOAD	20.450	7.454
2026-09-28T07:30:57.405Z	spark2	LOAD	23.400	4.142
2026-09-28T07:30:57.575Z	spark1	LOAD	20.426	7.454
2026-09-28T07:30:57.669Z	spark2	LOAD	23.400	4.142
2026-09-28T07:30:57.826Z	spark1	LOAD	20.398	7.454
2026-09-28T07:30:57.920Z	spark2	LOAD	23.400	4.142
2026-09-28T07:30:58.076Z	spark1	LOAD	20.337	7.454
2026-09-28T07:30:58.171Z	spark2	LOAD	23.400	4.142
2026-09-28T07:30:58.342Z	spark1	LOAD	20.306	7.454
2026-09-28T07:30:58.421Z	spark2	LOAD	23.400	4.142
2026-09-28T07:30:58.593Z	spark1	LOAD	20.279	7.454
2026-09-28T07:30:58.686Z	spark2	LOAD	23.400	4.142
2026-09-28T07:30:58.844Z	spark1	LOAD	20.251	7.454
2026-09-28T07:30:58.937Z	spark2	LOAD	23.400	4.142
2026-09-28T07:30:59.094Z	spark1	LOAD	20.219	7.454
2026-09-28T07:30:59.187Z	spark2	LOAD	23.401	4.142
2026-09-28T07:30:59.361Z	spark1	LOAD	20.182	7.454
2026-09-28T07:30:59.438Z	spark2	LOAD	23.401	4.142
2026-09-28T07:30:59.611Z	spark1	LOAD	20.147	7.454
2026-09-28T07:30:59.702Z	spark2	LOAD	23.401	4.142
2026-09-28T07:30:59.861Z	spark1	LOAD	20.112	7.454
2026-09-28T07:30:59.953Z	spark2	LOAD	23.401	4.142
2026-09-28T07:31:00.112Z	spark1	LOAD	20.054	7.454
2026-09-28T07:31:00.203Z	spark2	LOAD	23.401	4.142
2026-09-28T07:31:00.378Z	spark1	LOAD	19.999	7.454
2026-09-28T07:31:00.454Z	spark2	LOAD	23.401	4.142
2026-09-28T07:31:00.628Z	spark1	LOAD	19.950	7.454
2026-09-28T07:31:00.719Z	spark2	LOAD	23.401	4.142
2026-09-28T07:31:00.879Z	spark1	LOAD	19.919	7.454
2026-09-28T07:31:00.968Z	spark2	LOAD	23.409	4.142
2026-09-28T07:31:01.129Z	spark1	LOAD	19.888	7.454
2026-09-28T07:31:01.218Z	spark2	LOAD	23.388	4.142
2026-09-28T07:31:01.396Z	spark1	LOAD	19.834	7.454
2026-09-28T07:31:01.470Z	spark2	LOAD	23.399	4.141
2026-09-28T07:31:01.647Z	spark1	LOAD	19.804	7.454
2026-09-28T07:31:01.731Z	spark2	LOAD	23.399	4.141
2026-09-28T07:31:01.897Z	spark1	LOAD	19.776	7.454
2026-09-28T07:31:01.981Z	spark2	LOAD	23.400	4.141
2026-09-28T07:31:02.147Z	spark1	LOAD	19.719	7.454
2026-09-28T07:31:02.232Z	spark2	LOAD	23.400	4.141
2026-09-28T07:31:02.414Z	spark1	LOAD	19.690	7.454
2026-09-28T07:31:02.483Z	spark2	LOAD	23.400	4.141
2026-09-28T07:31:02.664Z	spark1	LOAD	19.660	7.454
2026-09-28T07:31:02.748Z	spark2	LOAD	23.401	4.141
2026-09-28T07:31:02.914Z	spark1	LOAD	19.632	7.454
2026-09-28T07:31:02.999Z	spark2	LOAD	23.403	4.141
2026-09-28T07:31:03.165Z	spark1	LOAD	19.603	7.454
2026-09-28T07:31:03.250Z	spark2	LOAD	23.403	4.141
2026-09-28T07:31:03.426Z	spark1	LOAD	19.574	7.454
2026-09-28T07:31:03.500Z	spark2	LOAD	23.403	4.141
2026-09-28T07:31:03.677Z	spark1	LOAD	19.546	7.454
2026-09-28T07:31:03.765Z	spark2	LOAD	23.403	4.141
2026-09-28T07:31:03.927Z	spark1	LOAD	19.515	7.454
2026-09-28T07:31:04.015Z	spark2	LOAD	23.404	4.141
2026-09-28T07:31:04.178Z	spark1	LOAD	19.462	7.454
2026-09-28T07:31:04.266Z	spark2	LOAD	23.405	4.141
2026-09-28T07:31:04.444Z	spark1	LOAD	19.524	7.454
2026-09-28T07:31:04.516Z	spark2	LOAD	23.405	4.141
2026-09-28T07:31:04.695Z	spark1	LOAD	19.494	7.454
2026-09-28T07:31:04.781Z	spark2	LOAD	23.406	4.141
2026-09-28T07:31:04.946Z	spark1	LOAD	19.468	7.454
2026-09-28T07:31:05.032Z	spark2	LOAD	23.407	4.141
2026-09-28T07:31:05.196Z	spark1	LOAD	20.209	7.454
2026-09-28T07:31:05.282Z	spark2	LOAD	23.407	4.141
2026-09-28T07:31:05.458Z	spark1	LOAD	21.891	7.454
2026-09-28T07:31:05.533Z	spark2	LOAD	23.407	4.141
2026-09-28T07:31:05.708Z	spark1	LOAD	22.653	7.454
2026-09-28T07:31:05.798Z	spark2	LOAD	23.407	4.141
2026-09-28T07:31:05.958Z	spark1	LOAD	22.622	7.454
2026-09-28T07:31:06.049Z	spark2	LOAD	23.407	4.141
2026-09-28T07:31:06.208Z	spark1	LOAD	22.565	7.454
2026-09-28T07:31:06.299Z	spark2	LOAD	23.409	4.141
2026-09-28T07:31:06.471Z	spark1	LOAD	22.532	7.454
2026-09-28T07:31:06.550Z	spark2	LOAD	23.409	4.141
2026-09-28T07:31:06.722Z	spark1	LOAD	22.509	7.454
2026-09-28T07:31:06.812Z	spark2	LOAD	23.408	4.141
2026-09-28T07:31:06.972Z	spark1	LOAD	22.482	7.454
2026-09-28T07:31:07.062Z	spark2	LOAD	23.407	4.141
2026-09-28T07:31:07.222Z	spark1	LOAD	22.470	7.454
2026-09-28T07:31:07.314Z	spark2	LOAD	23.407	4.141
2026-09-28T07:31:07.488Z	spark1	LOAD	22.437	7.454
2026-09-28T07:31:07.564Z	spark2	LOAD	23.407	4.141
2026-09-28T07:31:07.738Z	spark1	LOAD	22.406	7.454
2026-09-28T07:31:07.829Z	spark2	LOAD	23.407	4.141
2026-09-28T07:31:07.989Z	spark1	LOAD	22.371	7.454
2026-09-28T07:31:08.079Z	spark2	LOAD	23.406	4.141
2026-09-28T07:31:08.239Z	spark1	LOAD	22.310	7.453
2026-09-28T07:31:08.330Z	spark2	LOAD	23.406	4.141
2026-09-28T07:31:08.506Z	spark1	LOAD	22.275	7.453
2026-09-28T07:31:08.581Z	spark2	LOAD	23.406	4.141
2026-09-28T07:31:08.756Z	spark1	LOAD	22.246	7.453
2026-09-28T07:31:08.847Z	spark2	LOAD	23.408	4.141
2026-09-28T07:31:09.006Z	spark1	LOAD	22.220	7.453
2026-09-28T07:31:09.098Z	spark2	LOAD	23.408	4.141
2026-09-28T07:31:09.257Z	spark1	LOAD	22.199	7.453
2026-09-28T07:31:09.348Z	spark2	LOAD	23.408	4.141
2026-09-28T07:31:09.524Z	spark1	LOAD	22.166	7.453
2026-09-28T07:31:09.599Z	spark2	LOAD	23.408	4.141
2026-09-28T07:31:09.774Z	spark1	LOAD	22.140	7.453
2026-09-28T07:31:09.864Z	spark2	LOAD	23.407	4.141
2026-09-28T07:31:10.025Z	spark1	LOAD	22.113	7.453
2026-09-28T07:31:10.116Z	spark2	LOAD	23.407	4.141
2026-09-28T07:31:10.275Z	spark1	LOAD	22.065	7.453
2026-09-28T07:31:10.366Z	spark2	LOAD	23.407	4.141
2026-09-28T07:31:10.543Z	spark1	LOAD	22.021	7.453
2026-09-28T07:31:10.617Z	spark2	LOAD	23.407	4.141
2026-09-28T07:31:10.793Z	spark1	LOAD	21.992	7.453
2026-09-28T07:31:10.877Z	spark2	LOAD	23.407	4.141
2026-09-28T07:31:11.043Z	spark1	LOAD	21.963	7.453
2026-09-28T07:31:11.127Z	spark2	LOAD	23.407	4.141
2026-09-28T07:31:11.294Z	spark1	LOAD	21.935	7.453
2026-09-28T07:31:11.378Z	spark2	LOAD	23.407	4.141
2026-09-28T07:31:11.560Z	spark1	LOAD	21.866	7.453
2026-09-28T07:31:11.628Z	spark2	LOAD	23.407	4.141
2026-09-28T07:31:11.810Z	spark1	LOAD	21.826	7.452
2026-09-28T07:31:11.893Z	spark2	LOAD	23.406	4.141
2026-09-28T07:31:12.060Z	spark1	LOAD	21.796	7.452
2026-09-28T07:31:12.142Z	spark2	LOAD	23.407	4.141
2026-09-28T07:31:12.311Z	spark1	LOAD	21.754	7.452
2026-09-28T07:31:12.394Z	spark2	LOAD	23.421	4.141
2026-09-28T07:31:12.577Z	spark1	LOAD	21.705	7.452
2026-09-28T07:31:12.644Z	spark2	LOAD	23.421	4.141
2026-09-28T07:31:12.828Z	spark1	LOAD	21.674	7.452
2026-09-28T07:31:12.905Z	spark2	LOAD	23.421	4.141
2026-09-28T07:31:13.078Z	spark1	LOAD	21.647	7.452
2026-09-28T07:31:13.156Z	spark2	LOAD	23.422	4.141
2026-09-28T07:31:13.329Z	spark1	LOAD	21.622	7.452
2026-09-28T07:31:13.407Z	spark2	LOAD	23.422	4.141
2026-09-28T07:31:13.595Z	spark1	LOAD	21.595	7.452
2026-09-28T07:31:13.658Z	spark2	LOAD	23.422	4.141
2026-09-28T07:31:13.845Z	spark1	LOAD	21.570	7.452
2026-09-28T07:31:13.922Z	spark2	LOAD	23.421	4.141
2026-09-28T07:31:14.095Z	spark1	LOAD	21.543	7.452
2026-09-28T07:31:14.173Z	spark2	LOAD	23.421	4.141
2026-09-28T07:31:14.346Z	spark1	LOAD	21.515	7.452
2026-09-28T07:31:14.424Z	spark2	LOAD	23.421	4.141
2026-09-28T07:31:14.608Z	spark1	LOAD	21.474	7.452
2026-09-28T07:31:14.674Z	spark2	LOAD	23.421	4.141
2026-09-28T07:31:14.859Z	spark1	LOAD	21.445	7.452
2026-09-28T07:31:14.940Z	spark2	LOAD	23.421	4.141
2026-09-28T07:31:15.109Z	spark1	LOAD	21.414	7.452
2026-09-28T07:31:15.189Z	spark2	LOAD	23.421	4.141
2026-09-28T07:31:15.359Z	spark1	LOAD	21.384	7.452
2026-09-28T07:31:15.441Z	spark2	LOAD	23.421	4.141
2026-09-28T07:31:15.626Z	spark1	LOAD	21.350	7.452
2026-09-28T07:31:15.692Z	spark2	LOAD	23.421	4.141
2026-09-28T07:31:15.877Z	spark1	LOAD	21.315	7.452
2026-09-28T07:31:15.956Z	spark2	LOAD	23.421	4.141
2026-09-28T07:31:16.127Z	spark1	LOAD	21.286	7.452
2026-09-28T07:31:16.206Z	spark2	LOAD	23.421	4.141
2026-09-28T07:31:16.377Z	spark1	LOAD	21.248	7.452
2026-09-28T07:31:16.456Z	spark2	LOAD	23.421	4.141
2026-09-28T07:31:16.639Z	spark1	LOAD	21.192	7.452
2026-09-28T07:31:16.708Z	spark2	LOAD	23.421	4.141
2026-09-28T07:31:16.890Z	spark1	LOAD	21.170	7.452
2026-09-28T07:31:16.972Z	spark2	LOAD	23.421	4.141
2026-09-28T07:31:17.140Z	spark1	LOAD	21.138	7.452
2026-09-28T07:31:17.223Z	spark2	LOAD	23.421	4.141
2026-09-28T07:31:17.391Z	spark1	LOAD	21.104	7.452
2026-09-28T07:31:17.474Z	spark2	LOAD	23.421	4.141
2026-09-28T07:31:17.658Z	spark1	LOAD	21.066	7.452
2026-09-28T07:31:17.724Z	spark2	LOAD	23.421	4.141
2026-09-28T07:31:17.908Z	spark1	LOAD	21.028	7.452
2026-09-28T07:31:17.989Z	spark2	LOAD	23.421	4.141
2026-09-28T07:31:18.159Z	spark1	LOAD	20.992	7.452
2026-09-28T07:31:18.240Z	spark2	LOAD	23.421	4.141
2026-09-28T07:31:18.409Z	spark1	LOAD	20.974	7.452
2026-09-28T07:31:18.490Z	spark2	LOAD	23.421	4.141
2026-09-28T07:31:18.671Z	spark1	LOAD	20.913	7.452
2026-09-28T07:31:18.741Z	spark2	LOAD	23.421	4.141
2026-09-28T07:31:18.922Z	spark1	LOAD	20.947	7.452
2026-09-28T07:31:19.006Z	spark2	LOAD	23.421	4.141
2026-09-28T07:31:19.172Z	spark1	LOAD	20.908	7.452
2026-09-28T07:31:19.256Z	spark2	LOAD	23.421	4.141
2026-09-28T07:31:19.423Z	spark1	LOAD	20.868	7.452
2026-09-28T07:31:19.507Z	spark2	LOAD	23.421	4.141
2026-09-28T07:31:19.685Z	spark1	LOAD	20.832	7.452
2026-09-28T07:31:19.758Z	spark2	LOAD	23.421	4.141
2026-09-28T07:31:19.936Z	spark1	LOAD	20.819	7.452
2026-09-28T07:31:20.022Z	spark2	LOAD	23.421	4.141
2026-09-28T07:31:20.186Z	spark1	LOAD	20.781	7.452
2026-09-28T07:31:20.273Z	spark2	LOAD	23.421	4.141
2026-09-28T07:31:20.436Z	spark1	LOAD	20.746	7.452
2026-09-28T07:31:20.523Z	spark2	LOAD	23.421	4.141
2026-09-28T07:31:20.703Z	spark1	LOAD	20.681	7.452
2026-09-28T07:31:20.774Z	spark2	LOAD	23.421	4.141
2026-09-28T07:31:20.954Z	spark1	LOAD	20.648	7.452
2026-09-28T07:31:21.039Z	spark2	LOAD	23.421	4.141
2026-09-28T07:31:21.204Z	spark1	LOAD	20.615	7.452
2026-09-28T07:31:21.290Z	spark2	LOAD	23.421	4.141
2026-09-28T07:31:21.455Z	spark1	LOAD	20.567	7.452
2026-09-28T07:31:21.540Z	spark2	LOAD	23.421	4.141
2026-09-28T07:31:21.721Z	spark1	LOAD	20.537	7.452
2026-09-28T07:31:21.792Z	spark2	LOAD	23.421	4.141
2026-09-28T07:31:21.972Z	spark1	LOAD	20.506	7.452
2026-09-28T07:31:22.057Z	spark2	LOAD	23.421	4.141
2026-09-28T07:31:22.222Z	spark1	LOAD	20.479	7.452
2026-09-28T07:31:22.307Z	spark2	LOAD	23.421	4.141
2026-09-28T07:31:22.472Z	spark1	LOAD	20.428	7.452
2026-09-28T07:31:22.557Z	spark2	LOAD	23.421	4.141
2026-09-28T07:31:22.739Z	spark1	LOAD	20.401	7.452
2026-09-28T07:31:22.807Z	spark2	LOAD	23.421	4.141
2026-09-28T07:31:22.989Z	spark1	LOAD	20.363	7.452
2026-09-28T07:31:23.071Z	spark2	LOAD	23.402	4.141
2026-09-28T07:31:23.240Z	spark1	LOAD	20.346	7.452
2026-09-28T07:31:23.322Z	spark2	LOAD	23.405	4.141
2026-09-28T07:31:23.490Z	spark1	LOAD	20.308	7.452
2026-09-28T07:31:23.574Z	spark2	LOAD	23.405	4.141
2026-09-28T07:31:23.757Z	spark1	LOAD	20.271	7.452
2026-09-28T07:31:23.824Z	spark2	LOAD	23.405	4.141
2026-09-28T07:31:24.007Z	spark1	LOAD	20.234	7.452
2026-09-28T07:31:24.087Z	spark2	LOAD	23.406	4.141
2026-09-28T07:31:24.257Z	spark1	LOAD	20.199	7.452
2026-09-28T07:31:24.337Z	spark2	LOAD	23.406	4.141
2026-09-28T07:31:24.508Z	spark1	LOAD	20.166	7.452
2026-09-28T07:31:24.589Z	spark2	LOAD	23.406	4.141
2026-09-28T07:31:24.770Z	spark1	LOAD	20.101	7.452
2026-09-28T07:31:24.839Z	spark2	LOAD	23.406	4.141
2026-09-28T07:31:25.021Z	spark1	LOAD	20.071	7.452
2026-09-28T07:31:25.101Z	spark2	LOAD	23.408	4.141
2026-09-28T07:31:25.271Z	spark1	LOAD	20.083	7.452
2026-09-28T07:31:25.352Z	spark2	LOAD	23.408	4.141
2026-09-28T07:31:25.522Z	spark1	LOAD	20.040	7.452
2026-09-28T07:31:25.602Z	spark2	LOAD	23.408	4.141
2026-09-28T07:31:25.790Z	spark1	LOAD	20.001	7.452
2026-09-28T07:31:25.853Z	spark2	LOAD	23.409	4.141
2026-09-28T07:31:26.040Z	spark1	LOAD	19.966	7.452
2026-09-28T07:31:26.118Z	spark2	LOAD	23.409	4.141
2026-09-28T07:31:26.291Z	spark1	LOAD	19.933	7.452
2026-09-28T07:31:26.368Z	spark2	LOAD	23.409	4.141
2026-09-28T07:31:26.541Z	spark1	LOAD	19.890	7.452
2026-09-28T07:31:26.618Z	spark2	LOAD	23.409	4.141
2026-09-28T07:31:26.808Z	spark1	LOAD	19.829	7.452
2026-09-28T07:31:26.869Z	spark2	LOAD	23.409	4.141
2026-09-28T07:31:27.058Z	spark1	LOAD	19.796	7.452
2026-09-28T07:31:27.134Z	spark2	LOAD	23.409	4.141
2026-09-28T07:31:27.309Z	spark1	LOAD	19.755	7.452
2026-09-28T07:31:27.385Z	spark2	LOAD	23.409	4.141
2026-09-28T07:31:27.559Z	spark1	LOAD	19.747	7.452
2026-09-28T07:31:27.637Z	spark2	LOAD	23.409	4.141
2026-09-28T07:31:27.821Z	spark1	LOAD	19.704	7.452
2026-09-28T07:31:27.887Z	spark2	LOAD	23.409	4.141
2026-09-28T07:31:28.071Z	spark1	LOAD	19.644	7.452
2026-09-28T07:31:28.150Z	spark2	LOAD	23.409	4.141
2026-09-28T07:31:28.322Z	spark1	LOAD	19.594	7.452
2026-09-28T07:31:28.400Z	spark2	LOAD	23.409	4.141
2026-09-28T07:31:28.572Z	spark1	LOAD	19.563	7.453
2026-09-28T07:31:28.651Z	spark2	LOAD	23.409	4.141
2026-09-28T07:31:28.838Z	spark1	LOAD	19.495	7.453
2026-09-28T07:31:28.902Z	spark2	LOAD	23.409	4.141
2026-09-28T07:31:29.089Z	spark1	LOAD	19.462	7.453
2026-09-28T07:31:29.166Z	spark2	LOAD	23.409	4.141
2026-09-28T07:31:29.339Z	spark1	LOAD	19.431	7.453
2026-09-28T07:31:29.417Z	spark2	LOAD	23.407	4.141
2026-09-28T07:31:29.589Z	spark1	LOAD	19.403	7.453
2026-09-28T07:31:29.667Z	spark2	LOAD	23.407	4.141
2026-09-28T07:31:29.856Z	spark1	LOAD	19.360	7.453
2026-09-28T07:31:29.919Z	spark2	LOAD	23.407	4.141
2026-09-28T07:31:30.106Z	spark1	LOAD	21.135	7.452
2026-09-28T07:31:30.184Z	spark2	LOAD	23.409	4.141
2026-09-28T07:31:30.357Z	spark1	LOAD	22.581	7.452
2026-09-28T07:31:30.434Z	spark2	LOAD	23.409	4.141
2026-09-28T07:31:30.608Z	spark1	LOAD	22.625	7.452
2026-09-28T07:31:30.685Z	spark2	LOAD	23.409	4.141
2026-09-28T07:31:30.874Z	spark1	LOAD	22.570	7.452
2026-09-28T07:31:30.935Z	spark2	LOAD	23.409	4.141
2026-09-28T07:31:31.125Z	spark1	LOAD	22.542	7.452
2026-09-28T07:31:31.200Z	spark2	LOAD	23.409	4.141
2026-09-28T07:31:31.375Z	spark1	LOAD	22.518	7.452
2026-09-28T07:31:31.451Z	spark2	LOAD	23.409	4.141
2026-09-28T07:31:31.625Z	spark1	LOAD	22.486	7.452
2026-09-28T07:31:31.701Z	spark2	LOAD	23.409	4.141
2026-09-28T07:31:31.892Z	spark1	LOAD	22.447	7.452
2026-09-28T07:31:31.952Z	spark2	LOAD	23.409	4.141
2026-09-28T07:31:32.142Z	spark1	LOAD	22.417	7.452
2026-09-28T07:31:32.217Z	spark2	LOAD	23.409	4.141
2026-09-28T07:31:32.393Z	spark1	LOAD	22.391	7.452
2026-09-28T07:31:32.467Z	spark2	LOAD	23.409	4.141
2026-09-28T07:31:32.643Z	spark1	LOAD	22.361	7.452
2026-09-28T07:31:32.718Z	spark2	LOAD	23.409	4.141
2026-09-28T07:31:32.910Z	spark1	LOAD	22.323	7.452
2026-09-28T07:31:32.969Z	spark2	LOAD	23.409	4.141
2026-09-28T07:31:33.160Z	spark1	LOAD	22.260	7.452
2026-09-28T07:31:33.230Z	spark2	LOAD	23.409	4.141
2026-09-28T07:31:33.410Z	spark1	LOAD	22.200	7.452
2026-09-28T07:31:33.480Z	spark2	LOAD	23.409	4.141
2026-09-28T07:31:33.660Z	spark1	LOAD	22.162	7.452
2026-09-28T07:31:33.730Z	spark2	LOAD	23.409	4.141
2026-09-28T07:31:33.927Z	spark1	LOAD	22.132	7.452
2026-09-28T07:31:33.981Z	spark2	LOAD	23.397	4.140
2026-09-28T07:31:34.178Z	spark1	LOAD	22.081	7.452
2026-09-28T07:31:34.246Z	spark2	LOAD	23.420	4.140
2026-09-28T07:31:34.428Z	spark1	LOAD	22.058	7.452
2026-09-28T07:31:34.497Z	spark2	LOAD	23.420	4.140
2026-09-28T07:31:34.679Z	spark1	LOAD	22.027	7.452
2026-09-28T07:31:34.748Z	spark2	LOAD	23.420	4.140
2026-09-28T07:31:34.948Z	spark1	LOAD	22.019	7.452
2026-09-28T07:31:34.999Z	spark2	LOAD	23.420	4.140
2026-09-28T07:31:35.198Z	spark1	LOAD	21.976	7.452
2026-09-28T07:31:35.261Z	spark2	LOAD	23.420	4.140
2026-09-28T07:31:35.449Z	spark1	LOAD	21.951	7.452
2026-09-28T07:31:35.512Z	spark2	LOAD	23.420	4.140
2026-09-28T07:31:35.699Z	spark1	LOAD	21.928	7.452
2026-09-28T07:31:35.764Z	spark2	LOAD	23.420	4.140
2026-09-28T07:31:35.961Z	spark1	LOAD	21.894	7.452
2026-09-28T07:31:36.014Z	spark2	LOAD	23.420	4.140
2026-09-28T07:31:36.211Z	spark1	LOAD	21.863	7.452
2026-09-28T07:31:36.275Z	spark2	LOAD	23.420	4.140
2026-09-28T07:31:36.462Z	spark1	LOAD	21.818	7.452
2026-09-28T07:31:36.527Z	spark2	LOAD	23.420	4.140
2026-09-28T07:31:36.712Z	spark1	LOAD	21.798	7.452
2026-09-28T07:31:36.778Z	spark2	LOAD	23.420	4.140
2026-09-28T07:31:36.974Z	spark1	LOAD	21.766	7.452
2026-09-28T07:31:37.028Z	spark2	LOAD	23.420	4.140
2026-09-28T07:31:37.225Z	spark1	LOAD	21.723	7.452
2026-09-28T07:31:37.289Z	spark2	LOAD	23.420	4.140
2026-09-28T07:31:37.475Z	spark1	LOAD	21.696	7.452
2026-09-28T07:31:37.540Z	spark2	LOAD	23.420	4.140
2026-09-28T07:31:37.726Z	spark1	LOAD	21.664	7.452
2026-09-28T07:31:37.790Z	spark2	LOAD	23.420	4.140
2026-09-28T07:31:37.992Z	spark1	LOAD	21.633	7.452
2026-09-28T07:31:38.041Z	spark2	LOAD	23.419	4.140
2026-09-28T07:31:38.243Z	spark1	LOAD	21.605	7.452
2026-09-28T07:31:38.306Z	spark2	LOAD	23.419	4.140
2026-09-28T07:31:38.493Z	spark1	LOAD	21.578	7.452
2026-09-28T07:31:38.556Z	spark2	LOAD	23.419	4.140
2026-09-28T07:31:38.744Z	spark1	LOAD	21.547	7.452
2026-09-28T07:31:38.807Z	spark2	LOAD	23.419	4.140
2026-09-28T07:31:39.010Z	spark1	LOAD	21.516	7.452
2026-09-28T07:31:39.058Z	spark2	LOAD	23.419	4.140
2026-09-28T07:31:39.260Z	spark1	LOAD	21.449	7.452
2026-09-28T07:31:39.323Z	spark2	LOAD	23.419	4.140
2026-09-28T07:31:39.511Z	spark1	LOAD	21.421	7.452
2026-09-28T07:31:39.574Z	spark2	LOAD	23.415	4.140
2026-09-28T07:31:39.761Z	spark1	LOAD	21.391	7.452
2026-09-28T07:31:39.825Z	spark2	LOAD	23.415	4.140
2026-09-28T07:31:40.028Z	spark1	LOAD	21.353	7.452
2026-09-28T07:31:40.075Z	spark2	LOAD	23.415	4.140
2026-09-28T07:31:40.278Z	spark1	LOAD	21.323	7.452
2026-09-28T07:31:40.340Z	spark2	LOAD	23.415	4.140
2026-09-28T07:31:40.529Z	spark1	LOAD	21.295	7.452
2026-09-28T07:31:40.591Z	spark2	LOAD	23.415	4.140
2026-09-28T07:31:40.779Z	spark1	LOAD	21.268	7.452
2026-09-28T07:31:40.841Z	spark2	LOAD	23.415	4.140
2026-09-28T07:31:41.048Z	spark1	LOAD	21.233	7.452
2026-09-28T07:31:41.092Z	spark2	LOAD	23.415	4.140
2026-09-28T07:31:41.299Z	spark1	LOAD	21.252	7.452
2026-09-28T07:31:41.356Z	spark2	LOAD	23.415	4.140
2026-09-28T07:31:41.550Z	spark1	LOAD	21.207	7.452
2026-09-28T07:31:41.606Z	spark2	LOAD	23.415	4.140
2026-09-28T07:31:41.800Z	spark1	LOAD	21.177	7.452
2026-09-28T07:31:41.857Z	spark2	LOAD	23.415	4.140
2026-09-28T07:31:42.067Z	spark1	LOAD	21.138	7.452
2026-09-28T07:31:42.108Z	spark2	LOAD	23.415	4.140
2026-09-28T07:31:42.317Z	spark1	LOAD	21.119	7.452
2026-09-28T07:31:42.373Z	spark2	LOAD	23.415	4.140
2026-09-28T07:31:42.568Z	spark1	LOAD	21.086	7.452
2026-09-28T07:31:42.623Z	spark2	LOAD	23.415	4.140
2026-09-28T07:31:42.818Z	spark1	LOAD	21.052	7.452
2026-09-28T07:31:42.874Z	spark2	LOAD	23.415	4.140
2026-09-28T07:31:43.080Z	spark1	LOAD	21.016	7.452
2026-09-28T07:31:43.124Z	spark2	LOAD	23.415	4.140
2026-09-28T07:31:43.330Z	spark1	LOAD	20.949	7.452
2026-09-28T07:31:43.390Z	spark2	LOAD	23.415	4.140
2026-09-28T07:31:43.581Z	spark1	LOAD	20.920	7.452
2026-09-28T07:31:43.640Z	spark2	LOAD	23.415	4.140
2026-09-28T07:31:43.832Z	spark1	LOAD	20.890	7.452
2026-09-28T07:31:43.891Z	spark2	LOAD	23.415	4.140
2026-09-28T07:31:44.098Z	spark1	LOAD	20.854	7.452
2026-09-28T07:31:44.141Z	spark2	LOAD	23.415	4.140
2026-09-28T07:31:44.348Z	spark1	LOAD	20.749	7.452
2026-09-28T07:31:44.406Z	spark2	LOAD	23.415	4.140
2026-09-28T07:31:44.599Z	spark1	LOAD	20.713	7.452
2026-09-28T07:31:44.656Z	spark2	LOAD	23.415	4.140
2026-09-28T07:31:44.849Z	spark1	LOAD	20.687	7.452
2026-09-28T07:31:44.906Z	spark2	LOAD	23.392	4.140
2026-09-28T07:31:45.111Z	spark1	LOAD	20.642	7.452
2026-09-28T07:31:45.157Z	spark2	LOAD	23.406	4.140
2026-09-28T07:31:45.362Z	spark1	LOAD	20.590	7.452
2026-09-28T07:31:45.418Z	spark2	LOAD	23.405	4.140
2026-09-28T07:31:45.612Z	spark1	LOAD	20.603	7.452
2026-09-28T07:31:45.668Z	spark2	LOAD	23.405	4.140
2026-09-28T07:31:45.862Z	spark1	LOAD	20.576	7.452
2026-09-28T07:31:45.919Z	spark2	LOAD	23.405	4.140
2026-09-28T07:31:46.127Z	spark1	LOAD	20.548	7.452
2026-09-28T07:31:46.169Z	spark2	LOAD	23.404	4.140
2026-09-28T07:31:46.377Z	spark1	LOAD	20.518	7.452
2026-09-28T07:31:46.434Z	spark2	LOAD	23.404	4.140
2026-09-28T07:31:46.628Z	spark1	LOAD	20.555	7.452
2026-09-28T07:31:46.684Z	spark2	LOAD	23.404	4.140
2026-09-28T07:31:46.878Z	spark1	LOAD	20.517	7.452
2026-09-28T07:31:46.936Z	spark2	LOAD	23.404	4.140
2026-09-28T07:31:47.141Z	spark1	LOAD	20.474	7.452
2026-09-28T07:31:47.187Z	spark2	LOAD	23.404	4.140
2026-09-28T07:31:47.391Z	spark1	LOAD	20.412	7.452
2026-09-28T07:31:47.451Z	spark2	LOAD	23.404	4.140
2026-09-28T07:31:47.641Z	spark1	LOAD	20.359	7.452
2026-09-28T07:31:47.702Z	spark2	LOAD	23.404	4.140
2026-09-28T07:31:47.892Z	spark1	LOAD	20.337	7.452
2026-09-28T07:31:47.953Z	spark2	LOAD	23.404	4.140
2026-09-28T07:31:48.158Z	spark1	LOAD	20.305	7.452
2026-09-28T07:31:48.203Z	spark2	LOAD	23.405	4.140
2026-09-28T07:31:48.409Z	spark1	LOAD	20.275	7.452
2026-09-28T07:31:48.468Z	spark2	LOAD	23.405	4.140
2026-09-28T07:31:48.659Z	spark1	LOAD	20.247	7.452
2026-09-28T07:31:48.718Z	spark2	LOAD	23.405	4.140
2026-09-28T07:31:48.909Z	spark1	LOAD	20.215	7.452
2026-09-28T07:31:48.969Z	spark2	LOAD	23.406	4.140
2026-09-28T07:31:49.175Z	spark1	LOAD	20.183	7.452
2026-09-28T07:31:49.220Z	spark2	LOAD	23.406	4.140
2026-09-28T07:31:49.426Z	spark1	LOAD	20.131	7.452
2026-09-28T07:31:49.484Z	spark2	LOAD	23.406	4.140
2026-09-28T07:31:49.676Z	spark1	LOAD	20.116	7.452
2026-09-28T07:31:49.735Z	spark2	LOAD	23.406	4.140
2026-09-28T07:31:49.927Z	spark1	LOAD	20.077	7.452
2026-09-28T07:31:49.985Z	spark2	LOAD	23.407	4.140
2026-09-28T07:31:50.194Z	spark1	LOAD	20.044	7.452
2026-09-28T07:31:50.235Z	spark2	LOAD	23.407	4.140
2026-09-28T07:31:50.445Z	spark1	LOAD	20.019	7.452
2026-09-28T07:31:50.500Z	spark2	LOAD	23.407	4.140
2026-09-28T07:31:50.695Z	spark1	LOAD	19.981	7.452
2026-09-28T07:31:50.750Z	spark2	LOAD	23.407	4.140
2026-09-28T07:31:50.945Z	spark1	LOAD	19.946	7.452
2026-09-28T07:31:51.000Z	spark2	LOAD	23.407	4.140
2026-09-28T07:31:51.214Z	spark1	LOAD	19.911	7.452
2026-09-28T07:31:51.251Z	spark2	LOAD	23.407	4.140
2026-09-28T07:31:51.464Z	spark1	LOAD	19.852	7.452
2026-09-28T07:31:51.515Z	spark2	LOAD	23.407	4.140
2026-09-28T07:31:51.715Z	spark1	LOAD	19.808	7.452
2026-09-28T07:31:51.766Z	spark2	LOAD	23.407	4.140
2026-09-28T07:31:51.965Z	spark1	LOAD	19.768	7.452
2026-09-28T07:31:52.016Z	spark2	LOAD	23.407	4.140
2026-09-28T07:31:52.232Z	spark1	LOAD	19.739	7.452
2026-09-28T07:31:52.267Z	spark2	LOAD	23.407	4.140
2026-09-28T07:31:52.482Z	spark1	LOAD	19.714	7.452
2026-09-28T07:31:52.531Z	spark2	LOAD	23.407	4.140
2026-09-28T07:31:52.733Z	spark1	LOAD	19.685	7.452
2026-09-28T07:31:52.781Z	spark2	LOAD	23.407	4.140
2026-09-28T07:31:52.983Z	spark1	LOAD	19.655	7.452
2026-09-28T07:31:53.032Z	spark2	LOAD	23.407	4.140
2026-09-28T07:31:53.251Z	spark1	LOAD	19.614	7.452
2026-09-28T07:31:53.282Z	spark2	LOAD	23.407	4.140
2026-09-28T07:31:53.502Z	spark1	LOAD	19.565	7.452
2026-09-28T07:31:53.547Z	spark2	LOAD	23.407	4.140
2026-09-28T07:31:53.753Z	spark1	LOAD	19.529	7.452
2026-09-28T07:31:53.797Z	spark2	LOAD	23.407	4.140
2026-09-28T07:31:54.003Z	spark1	LOAD	19.494	7.452
2026-09-28T07:31:54.048Z	spark2	LOAD	23.407	4.140
2026-09-28T07:31:54.266Z	spark1	LOAD	21.202	7.452
2026-09-28T07:31:54.299Z	spark2	LOAD	23.407	4.140
2026-09-28T07:31:54.516Z	spark1	LOAD	22.697	7.452
2026-09-28T07:31:54.564Z	spark2	LOAD	23.407	4.140
2026-09-28T07:31:54.766Z	spark1	LOAD	22.666	7.452
2026-09-28T07:31:54.814Z	spark2	LOAD	23.407	4.140
2026-09-28T07:31:55.016Z	spark1	LOAD	22.640	7.452
2026-09-28T07:31:55.064Z	spark2	LOAD	23.407	4.140
2026-09-28T07:31:55.277Z	spark1	LOAD	22.570	7.452
2026-09-28T07:31:55.314Z	spark2	LOAD	23.407	4.140
2026-09-28T07:31:55.528Z	spark1	LOAD	22.540	7.452
2026-09-28T07:31:55.578Z	spark2	LOAD	23.406	4.140
2026-09-28T07:31:55.778Z	spark1	LOAD	22.495	7.452
2026-09-28T07:31:55.829Z	spark2	LOAD	23.388	4.140
2026-09-28T07:31:56.029Z	spark1	LOAD	22.454	7.452
2026-09-28T07:31:56.079Z	spark2	LOAD	23.381	4.140
2026-09-28T07:31:56.291Z	spark1	LOAD	22.412	7.452
2026-09-28T07:31:56.330Z	spark2	LOAD	23.381	4.140
2026-09-28T07:31:56.541Z	spark1	LOAD	22.376	7.452
2026-09-28T07:31:56.596Z	spark2	LOAD	23.381	4.140
2026-09-28T07:31:56.791Z	spark1	LOAD	22.353	7.452
2026-09-28T07:31:56.847Z	spark2	LOAD	23.381	4.140
2026-09-28T07:31:57.042Z	spark1	LOAD	22.334	7.452
2026-09-28T07:31:57.097Z	spark2	LOAD	23.383	4.140
2026-09-28T07:31:57.304Z	spark1	LOAD	22.307	7.452
2026-09-28T07:31:57.348Z	spark2	LOAD	23.383	4.140
2026-09-28T07:31:57.555Z	spark1	LOAD	22.281	7.452
2026-09-28T07:31:57.612Z	spark2	LOAD	23.383	4.140
2026-09-28T07:31:57.805Z	spark1	LOAD	22.242	7.452
2026-09-28T07:31:57.863Z	spark2	LOAD	23.383	4.140
2026-09-28T07:31:58.055Z	spark1	LOAD	22.214	7.452
2026-09-28T07:31:58.114Z	spark2	LOAD	23.385	4.140
2026-09-28T07:31:58.321Z	spark1	LOAD	22.193	7.452
2026-09-28T07:31:58.364Z	spark2	LOAD	23.385	4.140
2026-09-28T07:31:58.572Z	spark1	LOAD	22.171	7.452
2026-09-28T07:31:58.629Z	spark2	LOAD	23.385	4.140
2026-09-28T07:31:58.823Z	spark1	LOAD	22.144	7.452
2026-09-28T07:31:58.880Z	spark2	LOAD	23.385	4.140
2026-09-28T07:31:59.073Z	spark1	LOAD	22.120	7.452
2026-09-28T07:31:59.131Z	spark2	LOAD	23.388	4.140
2026-09-28T07:31:59.335Z	spark1	LOAD	22.091	7.452
2026-09-28T07:31:59.382Z	spark2	LOAD	23.388	4.140
2026-09-28T07:31:59.585Z	spark1	LOAD	22.064	7.452
2026-09-28T07:31:59.643Z	spark2	LOAD	23.387	4.140
2026-09-28T07:31:59.836Z	spark1	LOAD	22.015	7.452
2026-09-28T07:31:59.894Z	spark2	LOAD	23.387	4.140
2026-09-28T07:32:00.086Z	spark1	LOAD	21.990	7.452
2026-09-28T07:32:00.145Z	spark2	LOAD	23.391	4.140
2026-09-28T07:32:00.347Z	spark1	LOAD	21.961	7.452
2026-09-28T07:32:00.396Z	spark2	LOAD	23.391	4.140
2026-09-28T07:32:00.597Z	spark1	LOAD	21.935	7.452
2026-09-28T07:32:00.661Z	spark2	LOAD	23.391	4.140
2026-09-28T07:32:00.848Z	spark1	LOAD	21.908	7.452
2026-09-28T07:32:00.911Z	spark2	LOAD	23.392	4.140
2026-09-28T07:32:01.098Z	spark1	LOAD	21.880	7.452
2026-09-28T07:32:01.162Z	spark2	LOAD	23.392	4.140
2026-09-28T07:32:01.365Z	spark1	LOAD	21.846	7.452
2026-09-28T07:32:01.412Z	spark2	LOAD	23.392	4.140
2026-09-28T07:32:01.616Z	spark1	LOAD	21.804	7.452
2026-09-28T07:32:01.677Z	spark2	LOAD	23.392	4.140
2026-09-28T07:32:01.866Z	spark1	LOAD	21.744	7.452
2026-09-28T07:32:01.927Z	spark2	LOAD	23.392	4.140
2026-09-28T07:32:02.116Z	spark1	LOAD	21.716	7.452
2026-09-28T07:32:02.178Z	spark2	LOAD	23.392	4.140
2026-09-28T07:32:02.385Z	spark1	LOAD	21.691	7.452
2026-09-28T07:32:02.428Z	spark2	LOAD	23.392	4.140
2026-09-28T07:32:02.636Z	spark1	LOAD	21.664	7.452
2026-09-28T07:32:02.689Z	spark2	LOAD	23.392	4.140
2026-09-28T07:32:02.886Z	spark1	LOAD	21.636	7.452
2026-09-28T07:32:02.939Z	spark2	LOAD	23.392	4.140
2026-09-28T07:32:03.137Z	spark1	LOAD	21.606	7.452
2026-09-28T07:32:03.191Z	spark2	LOAD	23.392	4.140
2026-09-28T07:32:03.399Z	spark1	LOAD	21.572	7.452
2026-09-28T07:32:03.441Z	spark2	LOAD	23.392	4.140
2026-09-28T07:32:03.649Z	spark1	LOAD	21.544	7.452
2026-09-28T07:32:03.703Z	spark2	LOAD	23.391	4.140
2026-09-28T07:32:03.899Z	spark1	LOAD	21.488	7.452
2026-09-28T07:32:03.952Z	spark2	LOAD	23.391	4.140
2026-09-28T07:32:04.150Z	spark1	LOAD	21.458	7.452
2026-09-28T07:32:04.204Z	spark2	LOAD	23.391	4.140
2026-09-28T07:32:04.412Z	spark1	LOAD	21.429	7.452
2026-09-28T07:32:04.455Z	spark2	LOAD	23.391	4.140
2026-09-28T07:32:04.663Z	spark1	LOAD	21.401	7.452
2026-09-28T07:32:04.719Z	spark2	LOAD	23.391	4.140
2026-09-28T07:32:04.913Z	spark1	LOAD	21.373	7.452
2026-09-28T07:32:04.970Z	spark2	LOAD	23.391	4.140
2026-09-28T07:32:05.164Z	spark1	LOAD	21.343	7.452
2026-09-28T07:32:05.221Z	spark2	LOAD	23.391	4.140
2026-09-28T07:32:05.430Z	spark1	LOAD	21.312	7.452
2026-09-28T07:32:05.471Z	spark2	LOAD	23.391	4.140
2026-09-28T07:32:05.680Z	spark1	LOAD	21.279	7.452
2026-09-28T07:32:05.736Z	spark2	LOAD	23.391	4.140
2026-09-28T07:32:05.931Z	spark1	LOAD	21.265	7.452
2026-09-28T07:32:05.987Z	spark2	LOAD	23.391	4.140
2026-09-28T07:32:06.181Z	spark1	LOAD	21.185	7.452
2026-09-28T07:32:06.238Z	spark2	LOAD	23.391	4.140
2026-09-28T07:32:06.451Z	spark1	LOAD	21.143	7.451
2026-09-28T07:32:06.488Z	spark2	LOAD	23.391	4.140
2026-09-28T07:32:06.702Z	spark1	LOAD	21.176	7.452
2026-09-28T07:32:06.752Z	spark2	LOAD	23.396	4.140
2026-09-28T07:32:06.952Z	spark1	LOAD	21.139	7.452
2026-09-28T07:32:07.002Z	spark2	LOAD	23.384	4.140
2026-09-28T07:32:07.202Z	spark1	LOAD	21.079	7.452
2026-09-28T07:32:07.253Z	spark2	LOAD	23.391	4.139
2026-09-28T07:32:07.469Z	spark1	LOAD	21.074	7.452
2026-09-28T07:32:07.503Z	spark2	LOAD	23.391	4.139
2026-09-28T07:32:07.719Z	spark1	LOAD	21.025	7.452
2026-09-28T07:32:07.769Z	spark2	LOAD	23.391	4.139
2026-09-28T07:32:07.969Z	spark1	LOAD	20.971	7.452
2026-09-28T07:32:08.020Z	spark2	LOAD	23.391	4.139
2026-09-28T07:32:08.220Z	spark1	LOAD	20.971	7.452
2026-09-28T07:32:08.270Z	spark2	LOAD	23.391	4.139
2026-09-28T07:32:08.488Z	spark1	LOAD	20.923	7.452
2026-09-28T07:32:08.521Z	spark2	LOAD	23.391	4.139
2026-09-28T07:32:08.739Z	spark1	LOAD	20.891	7.452
2026-09-28T07:32:08.786Z	spark2	LOAD	23.391	4.139
2026-09-28T07:32:08.990Z	spark1	LOAD	20.859	7.452
2026-09-28T07:32:09.036Z	spark2	LOAD	23.391	4.139
2026-09-28T07:32:09.240Z	spark1	LOAD	20.828	7.452
2026-09-28T07:32:09.287Z	spark2	LOAD	23.391	4.139
2026-09-28T07:32:09.502Z	spark1	LOAD	20.799	7.453
2026-09-28T07:32:09.537Z	spark2	LOAD	23.391	4.139
2026-09-28T07:32:09.753Z	spark1	LOAD	20.766	7.453
2026-09-28T07:32:09.802Z	spark2	LOAD	23.391	4.139
2026-09-28T07:32:10.003Z	spark1	LOAD	20.699	7.453
2026-09-28T07:32:10.053Z	spark2	LOAD	23.391	4.139
2026-09-28T07:32:10.254Z	spark1	LOAD	20.701	7.453
2026-09-28T07:32:10.304Z	spark2	LOAD	23.391	4.139
2026-09-28T07:32:10.516Z	spark1	LOAD	20.649	7.453
2026-09-28T07:32:10.555Z	spark2	LOAD	23.391	4.139
2026-09-28T07:32:10.767Z	spark1	LOAD	20.611	7.453
2026-09-28T07:32:10.819Z	spark2	LOAD	23.391	4.139
2026-09-28T07:32:11.017Z	spark1	LOAD	20.579	7.453
2026-09-28T07:32:11.070Z	spark2	LOAD	23.391	4.139
2026-09-28T07:32:11.267Z	spark1	LOAD	20.557	7.453
2026-09-28T07:32:11.321Z	spark2	LOAD	23.392	4.139
2026-09-28T07:32:11.529Z	spark1	LOAD	20.523	7.453
2026-09-28T07:32:11.571Z	spark2	LOAD	23.392	4.139
2026-09-28T07:32:11.780Z	spark1	LOAD	20.471	7.453
2026-09-28T07:32:11.836Z	spark2	LOAD	23.392	4.139
2026-09-28T07:32:12.030Z	spark1	LOAD	20.372	7.454
2026-09-28T07:32:12.087Z	spark2	LOAD	23.392	4.139
2026-09-28T07:32:12.280Z	spark1	LOAD	20.308	7.454
2026-09-28T07:32:12.338Z	spark2	LOAD	23.392	4.139
2026-09-28T07:32:12.547Z	spark1	LOAD	20.322	7.454
2026-09-28T07:32:12.588Z	spark2	LOAD	23.392	4.139
2026-09-28T07:32:12.797Z	spark1	LOAD	20.296	7.454
2026-09-28T07:32:12.852Z	spark2	LOAD	23.392	4.139
2026-09-28T07:32:13.048Z	spark1	LOAD	20.262	7.454
2026-09-28T07:32:13.103Z	spark2	LOAD	23.392	4.139
2026-09-28T07:32:13.298Z	spark1	LOAD	20.237	7.454
2026-09-28T07:32:13.354Z	spark2	LOAD	23.393	4.139
2026-09-28T07:32:13.565Z	spark1	LOAD	20.201	7.454
2026-09-28T07:32:13.605Z	spark2	LOAD	23.393	4.139
2026-09-28T07:32:13.815Z	spark1	LOAD	20.194	7.455
2026-09-28T07:32:13.870Z	spark2	LOAD	23.393	4.139
2026-09-28T07:32:14.065Z	spark1	LOAD	20.129	7.455
2026-09-28T07:32:14.120Z	spark2	LOAD	23.393	4.139
2026-09-28T07:32:14.316Z	spark1	LOAD	20.095	7.455
2026-09-28T07:32:14.371Z	spark2	LOAD	23.393	4.139
2026-09-28T07:32:14.582Z	spark1	LOAD	20.096	7.455
2026-09-28T07:32:14.622Z	spark2	LOAD	23.393	4.139
2026-09-28T07:32:14.832Z	spark1	LOAD	20.049	7.455
2026-09-28T07:32:14.887Z	spark2	LOAD	23.393	4.139
2026-09-28T07:32:15.083Z	spark1	LOAD	20.017	7.455
2026-09-28T07:32:15.138Z	spark2	LOAD	23.393	4.139
2026-09-28T07:32:15.334Z	spark1	LOAD	19.984	7.455
2026-09-28T07:32:15.388Z	spark2	LOAD	23.393	4.139
2026-09-28T07:32:15.600Z	spark1	LOAD	19.957	7.455
2026-09-28T07:32:15.639Z	spark2	LOAD	23.393	4.139
2026-09-28T07:32:15.851Z	spark1	LOAD	19.923	7.455
2026-09-28T07:32:15.903Z	spark2	LOAD	23.393	4.139
2026-09-28T07:32:16.101Z	spark1	LOAD	19.857	7.455
2026-09-28T07:32:16.154Z	spark2	LOAD	23.393	4.139
2026-09-28T07:32:16.352Z	spark1	LOAD	19.855	7.455
2026-09-28T07:32:16.404Z	spark2	LOAD	23.393	4.139
2026-09-28T07:32:16.612Z	spark1	LOAD	19.804	7.455
2026-09-28T07:32:16.655Z	spark2	LOAD	23.393	4.139
2026-09-28T07:32:16.863Z	spark1	LOAD	19.766	7.455
2026-09-28T07:32:16.920Z	spark2	LOAD	23.393	4.139
2026-09-28T07:32:17.113Z	spark1	LOAD	19.746	7.455
2026-09-28T07:32:17.170Z	spark2	LOAD	23.393	4.139
2026-09-28T07:32:17.364Z	spark1	LOAD	19.624	7.455
2026-09-28T07:32:17.421Z	spark2	LOAD	23.393	4.139
2026-09-28T07:32:17.626Z	spark1	LOAD	19.641	7.455
2026-09-28T07:32:17.670Z	spark2	LOAD	23.391	4.139
2026-09-28T07:32:17.876Z	spark1	LOAD	19.605	7.455
2026-09-28T07:32:17.936Z	spark2	LOAD	23.386	4.139
2026-09-28T07:32:18.126Z	spark1	LOAD	19.308	7.456
2026-09-28T07:32:18.186Z	spark2	LOAD	23.397	4.139
2026-09-28T07:32:18.377Z	spark1	LOAD	19.544	7.456
2026-09-28T07:32:18.436Z	spark2	LOAD	23.397	4.139
2026-09-28T07:32:18.647Z	spark1	LOAD	19.491	7.456
2026-09-28T07:32:18.687Z	spark2	LOAD	23.397	4.139
2026-09-28T07:32:18.897Z	spark1	LOAD	20.970	7.456
2026-09-28T07:32:18.952Z	spark2	LOAD	23.398	4.139
2026-09-28T07:32:19.147Z	spark1	LOAD	22.737	7.456
2026-09-28T07:32:19.203Z	spark2	LOAD	23.398	4.139
2026-09-28T07:32:19.398Z	spark1	LOAD	22.709	7.456
2026-09-28T07:32:19.454Z	spark2	LOAD	23.398	4.139
2026-09-28T07:32:19.665Z	spark1	LOAD	22.670	7.456
2026-09-28T07:32:19.705Z	spark2	LOAD	23.398	4.139
2026-09-28T07:32:19.915Z	spark1	LOAD	22.641	7.456
2026-09-28T07:32:19.969Z	spark2	LOAD	23.399	4.139
2026-09-28T07:32:20.166Z	spark1	LOAD	22.605	7.456
2026-09-28T07:32:20.219Z	spark2	LOAD	23.399	4.139
2026-09-28T07:32:20.416Z	spark1	LOAD	22.530	7.456
2026-09-28T07:32:20.471Z	spark2	LOAD	23.399	4.139
2026-09-28T07:32:20.682Z	spark1	LOAD	22.504	7.456
2026-09-28T07:32:20.722Z	spark2	LOAD	23.400	4.139
2026-09-28T07:32:20.933Z	spark1	LOAD	22.486	7.456
2026-09-28T07:32:20.988Z	spark2	LOAD	23.400	4.139
2026-09-28T07:32:21.183Z	spark1	LOAD	22.458	7.456
2026-09-28T07:32:21.238Z	spark2	LOAD	23.400	4.139
2026-09-28T07:32:21.433Z	spark1	LOAD	22.422	7.456
2026-09-28T07:32:21.489Z	spark2	LOAD	23.400	4.139
2026-09-28T07:32:21.701Z	spark1	LOAD	22.367	7.456
2026-09-28T07:32:21.740Z	spark2	LOAD	23.400	4.139
2026-09-28T07:32:21.952Z	spark1	LOAD	22.332	7.456
2026-09-28T07:32:22.005Z	spark2	LOAD	23.400	4.139
2026-09-28T07:32:22.202Z	spark1	LOAD	22.298	7.456
2026-09-28T07:32:22.256Z	spark2	LOAD	23.400	4.139
2026-09-28T07:32:22.452Z	spark1	LOAD	22.251	7.456
2026-09-28T07:32:22.507Z	spark2	LOAD	23.400	4.139
2026-09-28T07:32:22.714Z	spark1	LOAD	22.216	7.456
2026-09-28T07:32:22.757Z	spark2	LOAD	23.400	4.139
2026-09-28T07:32:22.965Z	spark1	LOAD	22.180	7.456
2026-09-28T07:32:23.019Z	spark2	LOAD	23.399	4.139
2026-09-28T07:32:23.215Z	spark1	LOAD	22.150	7.456
2026-09-28T07:32:23.270Z	spark2	LOAD	23.399	4.139
2026-09-28T07:32:23.466Z	spark1	LOAD	22.079	7.456
2026-09-28T07:32:23.520Z	spark2	LOAD	23.399	4.139
2026-09-28T07:32:23.731Z	spark1	LOAD	22.040	7.456
2026-09-28T07:32:23.770Z	spark2	LOAD	23.399	4.139
2026-09-28T07:32:23.981Z	spark1	LOAD	22.008	7.456
2026-09-28T07:32:24.035Z	spark2	LOAD	23.399	4.139
2026-09-28T07:32:24.232Z	spark1	LOAD	21.982	7.456
2026-09-28T07:32:24.285Z	spark2	LOAD	23.399	4.139
2026-09-28T07:32:24.482Z	spark1	LOAD	21.928	7.456
2026-09-28T07:32:24.536Z	spark2	LOAD	23.399	4.139
2026-09-28T07:32:24.749Z	spark1	LOAD	21.894	7.456
2026-09-28T07:32:24.788Z	spark2	LOAD	23.399	4.139
2026-09-28T07:32:24.999Z	spark1	LOAD	21.861	7.456
2026-09-28T07:32:25.051Z	spark2	LOAD	23.400	4.139
2026-09-28T07:32:25.250Z	spark1	LOAD	21.827	7.456
2026-09-28T07:32:25.303Z	spark2	LOAD	23.400	4.139
2026-09-28T07:32:25.500Z	spark1	LOAD	21.789	7.456
2026-09-28T07:32:25.553Z	spark2	LOAD	23.400	4.139
2026-09-28T07:32:25.769Z	spark1	LOAD	21.757	7.456
2026-09-28T07:32:25.804Z	spark2	LOAD	23.400	4.139
2026-09-28T07:32:26.019Z	spark1	LOAD	21.718	7.456
2026-09-28T07:32:26.066Z	spark2	LOAD	23.400	4.139
2026-09-28T07:32:26.270Z	spark1	LOAD	21.682	7.456
2026-09-28T07:32:26.317Z	spark2	LOAD	23.400	4.139
2026-09-28T07:32:26.520Z	spark1	LOAD	21.625	7.456
2026-09-28T07:32:26.567Z	spark2	LOAD	23.400	4.139
2026-09-28T07:32:26.786Z	spark1	LOAD	21.582	7.456
2026-09-28T07:32:26.818Z	spark2	LOAD	23.400	4.139
2026-09-28T07:32:27.037Z	spark1	LOAD	21.553	7.456
2026-09-28T07:32:27.084Z	spark2	LOAD	23.400	4.139
2026-09-28T07:32:27.287Z	spark1	LOAD	21.525	7.456
2026-09-28T07:32:27.334Z	spark2	LOAD	23.400	4.139
2026-09-28T07:32:27.537Z	spark1	LOAD	21.496	7.455
2026-09-28T07:32:27.584Z	spark2	LOAD	23.400	4.139
2026-09-28T07:32:27.798Z	spark1	LOAD	21.455	7.455
2026-09-28T07:32:27.835Z	spark2	LOAD	23.400	4.139
2026-09-28T07:32:28.049Z	spark1	LOAD	21.417	7.455
2026-09-28T07:32:28.100Z	spark2	LOAD	23.400	4.139
2026-09-28T07:32:28.299Z	spark1	LOAD	21.337	7.455
2026-09-28T07:32:28.351Z	spark2	LOAD	23.400	4.139
2026-09-28T07:32:28.549Z	spark1	LOAD	21.380	7.455
2026-09-28T07:32:28.601Z	spark2	LOAD	23.400	4.139
2026-09-28T07:32:28.812Z	spark1	LOAD	21.334	7.455
2026-09-28T07:32:28.851Z	spark2	LOAD	23.395	4.139
2026-09-28T07:32:29.062Z	spark1	LOAD	21.237	7.455
2026-09-28T07:32:29.116Z	spark2	LOAD	23.410	4.139
2026-09-28T07:32:29.312Z	spark1	LOAD	21.250	7.455
2026-09-28T07:32:29.367Z	spark2	LOAD	23.410	4.139
2026-09-28T07:32:29.562Z	spark1	LOAD	21.214	7.455
2026-09-28T07:32:29.618Z	spark2	LOAD	23.410	4.139
2026-09-28T07:32:29.829Z	spark1	LOAD	21.185	7.455
2026-09-28T07:32:29.868Z	spark2	LOAD	23.410	4.139
2026-09-28T07:32:30.079Z	spark1	LOAD	21.152	7.457
2026-09-28T07:32:30.134Z	spark2	LOAD	23.408	4.139
2026-09-28T07:32:30.330Z	spark1	LOAD	21.119	7.460
2026-09-28T07:32:30.385Z	spark2	LOAD	23.408	4.139
2026-09-28T07:32:30.580Z	spark1	LOAD	21.080	7.459
2026-09-28T07:32:30.636Z	spark2	LOAD	23.408	4.139
2026-09-28T07:32:30.843Z	spark1	LOAD	21.039	7.460
2026-09-28T07:32:30.887Z	spark2	LOAD	23.408	4.139
2026-09-28T07:32:31.094Z	spark1	LOAD	21.011	7.460
2026-09-28T07:32:31.148Z	spark2	LOAD	23.408	4.139
2026-09-28T07:32:31.344Z	spark1	LOAD	20.980	7.460
2026-09-28T07:32:31.398Z	spark2	LOAD	23.408	4.139
2026-09-28T07:32:31.594Z	spark1	LOAD	20.944	7.460
2026-09-28T07:32:31.649Z	spark2	LOAD	23.408	4.139
2026-09-28T07:32:31.862Z	spark1	LOAD	20.902	7.459
2026-09-28T07:32:31.899Z	spark2	LOAD	23.408	4.139
2026-09-28T07:32:32.112Z	spark1	LOAD	20.870	7.459
2026-09-28T07:32:32.165Z	spark2	LOAD	23.408	4.139
2026-09-28T07:32:32.363Z	spark1	LOAD	20.834	7.459
2026-09-28T07:32:32.416Z	spark2	LOAD	23.408	4.139
2026-09-28T07:32:32.613Z	spark1	LOAD	20.773	7.459
2026-09-28T07:32:32.667Z	spark2	LOAD	23.408	4.139
2026-09-28T07:32:32.875Z	spark1	LOAD	20.740	7.459
2026-09-28T07:32:32.918Z	spark2	LOAD	23.408	4.139
2026-09-28T07:32:33.125Z	spark1	LOAD	20.699	7.459
2026-09-28T07:32:33.177Z	spark2	LOAD	23.408	4.139
2026-09-28T07:32:33.376Z	spark1	LOAD	20.660	7.459
2026-09-28T07:32:33.428Z	spark2	LOAD	23.408	4.139
2026-09-28T07:32:33.626Z	spark1	LOAD	20.620	7.459
2026-09-28T07:32:33.679Z	spark2	LOAD	23.408	4.139
2026-09-28T07:32:33.893Z	spark1	LOAD	20.580	7.459
2026-09-28T07:32:33.930Z	spark2	LOAD	23.408	4.139
2026-09-28T07:32:34.143Z	spark1	LOAD	20.538	7.459
2026-09-28T07:32:34.192Z	spark2	LOAD	23.408	4.139
2026-09-28T07:32:34.393Z	spark1	LOAD	20.499	7.459
2026-09-28T07:32:34.443Z	spark2	LOAD	23.408	4.139
2026-09-28T07:32:34.644Z	spark1	LOAD	20.428	7.459
2026-09-28T07:32:34.693Z	spark2	LOAD	23.408	4.139
2026-09-28T07:32:34.906Z	spark1	LOAD	20.360	7.459
2026-09-28T07:32:34.944Z	spark2	LOAD	23.408	4.139
2026-09-28T07:32:35.156Z	spark1	LOAD	20.338	7.459
2026-09-28T07:32:35.209Z	spark2	LOAD	23.408	4.139
2026-09-28T07:32:35.406Z	spark1	LOAD	20.301	7.459
2026-09-28T07:32:35.460Z	spark2	LOAD	23.408	4.139
2026-09-28T07:32:35.657Z	spark1	LOAD	20.264	7.459
2026-09-28T07:32:35.711Z	spark2	LOAD	23.408	4.139
2026-09-28T07:32:35.925Z	spark1	LOAD	20.223	7.459
2026-09-28T07:32:35.962Z	spark2	LOAD	23.408	4.139
2026-09-28T07:32:36.175Z	spark1	LOAD	20.186	7.459
2026-09-28T07:32:36.223Z	spark2	LOAD	23.408	4.139
2026-09-28T07:32:36.425Z	spark1	LOAD	20.151	7.459
2026-09-28T07:32:36.474Z	spark2	LOAD	23.408	4.139
2026-09-28T07:32:36.675Z	spark1	LOAD	20.080	7.459
2026-09-28T07:32:36.725Z	spark2	LOAD	23.408	4.139
2026-09-28T07:32:36.941Z	spark1	LOAD	20.124	7.459
2026-09-28T07:32:36.976Z	spark2	LOAD	23.408	4.139
2026-09-28T07:32:37.191Z	spark1	LOAD	20.078	7.459
2026-09-28T07:32:37.237Z	spark2	LOAD	23.408	4.139
2026-09-28T07:32:37.442Z	spark1	LOAD	20.015	7.459
2026-09-28T07:32:37.488Z	spark2	LOAD	23.408	4.139
2026-09-28T07:32:37.692Z	spark1	LOAD	19.978	7.459
2026-09-28T07:32:37.739Z	spark2	LOAD	23.408	4.139
2026-09-28T07:32:37.954Z	spark1	LOAD	19.917	7.459
2026-09-28T07:32:37.989Z	spark2	LOAD	23.408	4.139
2026-09-28T07:32:38.205Z	spark1	LOAD	19.888	7.459
2026-09-28T07:32:38.249Z	spark2	LOAD	23.408	4.139
2026-09-28T07:32:38.455Z	spark1	LOAD	19.855	7.459
2026-09-28T07:32:38.500Z	spark2	LOAD	23.408	4.139
2026-09-28T07:32:38.705Z	spark1	LOAD	19.818	7.459
2026-09-28T07:32:38.751Z	spark2	LOAD	23.408	4.139
2026-09-28T07:32:38.972Z	spark1	LOAD	19.761	7.459
2026-09-28T07:32:39.002Z	spark2	LOAD	23.408	4.139
2026-09-28T07:32:39.222Z	spark1	LOAD	19.740	7.459
2026-09-28T07:32:39.263Z	spark2	LOAD	23.408	4.139
2026-09-28T07:32:39.473Z	spark1	LOAD	19.699	7.459
2026-09-28T07:32:39.514Z	spark2	LOAD	23.407	4.139
2026-09-28T07:32:39.723Z	spark1	LOAD	19.662	7.459
2026-09-28T07:32:39.763Z	spark2	LOAD	23.377	4.139
2026-09-28T07:32:39.985Z	spark1	LOAD	19.657	7.460
2026-09-28T07:32:40.014Z	spark2	LOAD	23.386	4.139
2026-09-28T07:32:40.235Z	spark1	LOAD	19.635	7.463
2026-09-28T07:32:40.274Z	spark2	LOAD	23.386	4.139
2026-09-28T07:32:40.486Z	spark1	LOAD	19.601	7.463
2026-09-28T07:32:40.526Z	spark2	LOAD	23.386	4.139
2026-09-28T07:32:40.736Z	spark1	LOAD	19.567	7.463
2026-09-28T07:32:40.776Z	spark2	LOAD	23.386	4.139
2026-09-28T07:32:41.004Z	spark1	LOAD	19.495	7.463
2026-09-28T07:32:41.027Z	spark2	LOAD	23.391	4.139
2026-09-28T07:32:41.255Z	spark1	LOAD	19.462	7.463
2026-09-28T07:32:41.288Z	spark2	LOAD	23.391	4.139
2026-09-28T07:32:41.505Z	spark1	LOAD	21.115	7.463
2026-09-28T07:32:41.539Z	spark2	LOAD	23.391	4.139
2026-09-28T07:32:41.755Z	spark1	LOAD	22.648	7.463
2026-09-28T07:32:41.789Z	spark2	LOAD	23.391	4.139
2026-09-28T07:32:42.018Z	spark1	LOAD	22.729	7.463
2026-09-28T07:32:42.040Z	spark2	LOAD	23.391	4.139
2026-09-28T07:32:42.268Z	spark1	LOAD	22.698	7.463
2026-09-28T07:32:42.301Z	spark2	LOAD	23.391	4.139
2026-09-28T07:32:42.518Z	spark1	LOAD	22.661	7.463
2026-09-28T07:32:42.552Z	spark2	LOAD	23.391	4.139
2026-09-28T07:32:42.769Z	spark1	LOAD	22.625	7.463
2026-09-28T07:32:42.803Z	spark2	LOAD	23.391	4.139
2026-09-28T07:32:43.036Z	spark1	LOAD	22.576	7.463
2026-09-28T07:32:43.054Z	spark2	LOAD	23.391	4.139
2026-09-28T07:32:43.286Z	spark1	LOAD	22.542	7.463
2026-09-28T07:32:43.316Z	spark2	LOAD	23.391	4.139
2026-09-28T07:32:43.536Z	spark1	LOAD	22.510	7.463
2026-09-28T07:32:43.567Z	spark2	LOAD	23.391	4.139
2026-09-28T07:32:43.787Z	spark1	LOAD	22.473	7.463
2026-09-28T07:32:43.817Z	spark2	LOAD	23.391	4.139
2026-09-28T07:32:44.049Z	spark1	LOAD	22.433	7.463
2026-09-28T07:32:44.068Z	spark2	LOAD	23.391	4.139
2026-09-28T07:32:44.300Z	spark1	LOAD	22.399	7.463
2026-09-28T07:32:44.332Z	spark2	LOAD	23.391	4.139
2026-09-28T07:32:44.550Z	spark1	LOAD	22.363	7.463
2026-09-28T07:32:44.583Z	spark2	LOAD	23.391	4.139
2026-09-28T07:32:44.801Z	spark1	LOAD	22.328	7.463
2026-09-28T07:32:44.834Z	spark2	LOAD	23.391	4.139
2026-09-28T07:32:45.068Z	spark1	LOAD	22.275	7.463
2026-09-28T07:32:45.085Z	spark2	LOAD	23.392	4.139
2026-09-28T07:32:45.318Z	spark1	LOAD	22.239	7.463
2026-09-28T07:32:45.347Z	spark2	LOAD	23.392	4.139
2026-09-28T07:32:45.568Z	spark1	LOAD	22.209	7.463
2026-09-28T07:32:45.597Z	spark2	LOAD	23.392	4.139
2026-09-28T07:32:45.819Z	spark1	LOAD	22.172	7.463
2026-09-28T07:32:45.848Z	spark2	LOAD	23.392	4.139
2026-09-28T07:32:46.088Z	spark1	LOAD	22.135	7.463
2026-09-28T07:32:46.099Z	spark2	LOAD	23.393	4.139
2026-09-28T07:32:46.338Z	spark1	LOAD	22.099	7.463
2026-09-28T07:32:46.360Z	spark2	LOAD	23.393	4.139
2026-09-28T07:32:46.588Z	spark1	LOAD	22.070	7.463
2026-09-28T07:32:46.611Z	spark2	LOAD	23.393	4.139
2026-09-28T07:32:46.838Z	spark1	LOAD	22.022	7.463
2026-09-28T07:32:46.862Z	spark2	LOAD	23.393	4.139
2026-09-28T07:32:47.100Z	spark1	LOAD	21.979	7.463
2026-09-28T07:32:47.113Z	spark2	LOAD	23.394	4.139
2026-09-28T07:32:47.351Z	spark1	LOAD	21.945	7.463
2026-09-28T07:32:47.375Z	spark2	LOAD	23.394	4.139
2026-09-28T07:32:47.601Z	spark1	LOAD	21.913	7.463
2026-09-28T07:32:47.625Z	spark2	LOAD	23.394	4.139
2026-09-28T07:32:47.851Z	spark1	LOAD	21.872	7.463
2026-09-28T07:32:47.876Z	spark2	LOAD	23.394	4.139
2026-09-28T07:32:48.113Z	spark1	LOAD	21.830	7.463
2026-09-28T07:32:48.127Z	spark2	LOAD	23.394	4.139
2026-09-28T07:32:48.364Z	spark1	LOAD	21.787	7.463
2026-09-28T07:32:48.393Z	spark2	LOAD	23.394	4.139
2026-09-28T07:32:48.614Z	spark1	LOAD	21.750	7.463
2026-09-28T07:32:48.644Z	spark2	LOAD	23.394	4.139
2026-09-28T07:32:48.864Z	spark1	LOAD	21.713	7.463
2026-09-28T07:32:48.894Z	spark2	LOAD	23.394	4.139
2026-09-28T07:32:49.125Z	spark1	LOAD	21.641	7.463
2026-09-28T07:32:49.145Z	spark2	LOAD	23.394	4.139
2026-09-28T07:32:49.375Z	spark1	LOAD	21.606	7.463
2026-09-28T07:32:49.406Z	spark2	LOAD	23.394	4.139
2026-09-28T07:32:49.626Z	spark1	LOAD	21.574	7.463
2026-09-28T07:32:49.657Z	spark2	LOAD	23.394	4.139
2026-09-28T07:32:49.876Z	spark1	LOAD	21.541	7.463
2026-09-28T07:32:49.908Z	spark2	LOAD	23.394	4.139
2026-09-28T07:32:50.143Z	spark1	LOAD	21.460	7.462
2026-09-28T07:32:50.158Z	spark2	LOAD	23.394	4.139
2026-09-28T07:32:50.393Z	spark1	LOAD	21.422	7.462
2026-09-28T07:32:50.419Z	spark2	LOAD	23.394	4.139
2026-09-28T07:32:50.644Z	spark1	LOAD	21.388	7.462
2026-09-28T07:32:50.669Z	spark2	LOAD	23.386	4.139
2026-09-28T07:32:50.894Z	spark1	LOAD	21.348	7.462
2026-09-28T07:32:50.920Z	spark2	LOAD	23.397	4.139
2026-09-28T07:32:51.157Z	spark1	LOAD	21.294	7.462
2026-09-28T07:32:51.170Z	spark2	LOAD	23.397	4.139
2026-09-28T07:32:51.407Z	spark1	LOAD	21.263	7.462
2026-09-28T07:32:51.430Z	spark2	LOAD	23.397	4.139
2026-09-28T07:32:51.658Z	spark1	LOAD	21.231	7.462
2026-09-28T07:32:51.681Z	spark2	LOAD	23.397	4.139
2026-09-28T07:32:51.908Z	spark1	LOAD	21.197	7.462
2026-09-28T07:32:51.932Z	spark2	LOAD	23.397	4.139
2026-09-28T07:32:52.174Z	spark1	LOAD	21.159	7.462
2026-09-28T07:32:52.183Z	spark2	LOAD	23.397	4.139
2026-09-28T07:32:52.424Z	spark1	LOAD	21.128	7.462
2026-09-28T07:32:52.449Z	spark2	LOAD	23.397	4.139
2026-09-28T07:32:52.675Z	spark1	LOAD	21.096	7.462
2026-09-28T07:32:52.700Z	spark2	LOAD	23.397	4.139
2026-09-28T07:32:52.925Z	spark1	LOAD	21.058	7.462
2026-09-28T07:32:52.950Z	spark2	LOAD	23.399	4.139
2026-09-28T07:32:53.192Z	spark1	LOAD	20.992	7.462
2026-09-28T07:32:53.201Z	spark2	LOAD	23.399	4.139
2026-09-28T07:32:53.442Z	spark1	LOAD	20.955	7.462
2026-09-28T07:32:53.461Z	spark2	LOAD	23.398	4.139
2026-09-28T07:32:53.693Z	spark1	LOAD	20.921	7.462
2026-09-28T07:32:53.713Z	spark2	LOAD	23.398	4.139
2026-09-28T07:32:53.943Z	spark1	LOAD	20.891	7.462
2026-09-28T07:32:53.963Z	spark2	LOAD	23.398	4.139
2026-09-28T07:32:54.209Z	spark1	LOAD	20.855	7.462
2026-09-28T07:32:54.214Z	spark2	LOAD	23.398	4.139
2026-09-28T07:32:54.459Z	spark1	LOAD	20.890	7.462
2026-09-28T07:32:54.476Z	spark2	LOAD	23.398	4.139
2026-09-28T07:32:54.710Z	spark1	LOAD	20.842	7.462
2026-09-28T07:32:54.726Z	spark2	LOAD	23.399	4.139
2026-09-28T07:32:54.960Z	spark1	LOAD	20.801	7.462
2026-09-28T07:32:54.977Z	spark2	LOAD	23.399	4.139
2026-09-28T07:32:55.226Z	spark1	LOAD	20.728	7.462
2026-09-28T07:32:55.228Z	spark2	LOAD	23.399	4.139
2026-09-28T07:32:55.477Z	spark1	LOAD	20.720	7.462
2026-09-28T07:32:55.492Z	spark2	LOAD	23.399	4.139
2026-09-28T07:32:55.727Z	spark1	LOAD	20.680	7.462
2026-09-28T07:32:55.743Z	spark2	LOAD	23.399	4.139
2026-09-28T07:32:55.977Z	spark1	LOAD	20.637	7.462
2026-09-28T07:32:55.993Z	spark2	LOAD	23.399	4.139
2026-09-28T07:32:56.239Z	spark1	LOAD	20.608	7.462
2026-09-28T07:32:56.245Z	spark2	LOAD	23.399	4.139
2026-09-28T07:32:56.490Z	spark1	LOAD	20.567	7.462
2026-09-28T07:32:56.509Z	spark2	LOAD	23.399	4.139
2026-09-28T07:32:56.740Z	spark1	LOAD	20.515	7.462
2026-09-28T07:32:56.760Z	spark2	LOAD	23.399	4.139
2026-09-28T07:32:56.990Z	spark1	LOAD	20.475	7.462
2026-09-28T07:32:57.011Z	spark2	LOAD	23.399	4.139
2026-09-28T07:32:57.258Z	spark1	LOAD	20.377	7.462
2026-09-28T07:32:57.261Z	spark2	LOAD	23.399	4.139
2026-09-28T07:32:57.509Z	spark1	LOAD	20.340	7.462
2026-09-28T07:32:57.526Z	spark2	LOAD	23.399	4.139
2026-09-28T07:32:57.759Z	spark1	LOAD	20.310	7.462
2026-09-28T07:32:57.777Z	spark2	LOAD	23.399	4.139
2026-09-28T07:32:58.010Z	spark1	LOAD	20.276	7.462
2026-09-28T07:32:58.027Z	spark2	LOAD	23.399	4.139
2026-09-28T07:32:58.276Z	spark1	LOAD	20.229	7.462
2026-09-28T07:32:58.278Z	spark2	LOAD	23.399	4.139
2026-09-28T07:32:58.526Z	spark1	LOAD	20.188	7.462
2026-09-28T07:32:58.543Z	spark2	LOAD	23.399	4.139
2026-09-28T07:32:58.777Z	spark1	LOAD	20.149	7.462
2026-09-28T07:32:58.793Z	spark2	LOAD	23.399	4.139
2026-09-28T07:32:59.027Z	spark1	LOAD	20.161	7.462
2026-09-28T07:32:59.044Z	spark2	LOAD	23.399	4.139
2026-09-28T07:32:59.295Z	spark1	LOAD	20.087	7.462
2026-09-28T07:32:59.295Z	spark2	LOAD	23.399	4.139
2026-09-28T07:32:59.545Z	spark1	LOAD	20.050	7.462
2026-09-28T07:32:59.561Z	spark2	LOAD	23.399	4.139
2026-09-28T07:32:59.795Z	spark1	LOAD	20.015	7.462
2026-09-28T07:32:59.811Z	spark2	LOAD	23.399	4.139
2026-09-28T07:33:00.046Z	spark1	LOAD	19.982	7.462
2026-09-28T07:33:00.062Z	spark2	LOAD	23.400	4.139
2026-09-28T07:33:00.312Z	spark2	LOAD	23.400	4.139
2026-09-28T07:33:00.312Z	spark1	LOAD	19.934	7.462
2026-09-28T07:33:00.563Z	spark1	LOAD	19.922	7.462
2026-09-28T07:33:00.577Z	spark2	LOAD	23.400	4.139
2026-09-28T07:33:00.813Z	spark1	LOAD	19.859	7.463
2026-09-28T07:33:00.828Z	spark2	LOAD	23.400	4.139
2026-09-28T07:33:01.063Z	spark1	LOAD	19.764	7.462
2026-09-28T07:33:01.078Z	spark2	LOAD	23.399	4.139
2026-09-28T07:33:01.328Z	spark2	LOAD	23.399	4.139
2026-09-28T07:33:01.332Z	spark1	LOAD	19.711	7.462
2026-09-28T07:33:01.582Z	spark1	LOAD	19.660	7.462
2026-09-28T07:33:01.589Z	spark2	LOAD	23.386	4.139
2026-09-28T07:33:01.832Z	spark1	LOAD	19.662	7.462
2026-09-28T07:33:01.840Z	spark2	LOAD	23.385	4.139
2026-09-28T07:33:02.083Z	spark1	LOAD	19.591	7.463
2026-09-28T07:33:02.091Z	spark2	LOAD	23.386	4.139
2026-09-28T07:33:02.341Z	spark2	LOAD	23.386	4.139
2026-09-28T07:33:02.346Z	spark1	LOAD	19.535	7.463
2026-09-28T07:33:02.596Z	spark1	LOAD	19.452	7.463
2026-09-28T07:33:02.606Z	spark2	LOAD	23.386	4.139
2026-09-28T07:33:02.846Z	spark1	LOAD	19.402	7.463
2026-09-28T07:33:02.857Z	spark2	LOAD	23.386	4.139
2026-09-28T07:33:03.098Z	spark1	LOAD	19.549	7.463
2026-09-28T07:33:03.108Z	spark2	LOAD	23.386	4.139
2026-09-28T07:33:03.358Z	spark2	LOAD	23.388	4.139
2026-09-28T07:33:03.360Z	spark1	LOAD	21.302	7.463
2026-09-28T07:33:03.611Z	spark1	LOAD	22.587	7.463
2026-09-28T07:33:03.623Z	spark2	LOAD	23.388	4.139
2026-09-28T07:33:03.861Z	spark1	LOAD	22.581	7.463
2026-09-28T07:33:03.874Z	spark2	LOAD	23.388	4.139
2026-09-28T07:33:04.111Z	spark1	LOAD	22.559	7.453
2026-09-28T07:33:04.124Z	spark2	LOAD	23.388	4.139
2026-09-28T07:33:04.376Z	spark2	LOAD	23.388	4.139
2026-09-28T07:33:04.378Z	spark1	LOAD	22.537	7.442
2026-09-28T07:33:04.629Z	spark1	LOAD	22.462	7.442
2026-09-28T07:33:04.640Z	spark2	LOAD	23.388	4.139
2026-09-28T07:33:04.879Z	spark1	LOAD	22.232	7.442
2026-09-28T07:33:04.891Z	spark2	LOAD	23.390	4.139
2026-09-28T07:33:05.130Z	spark1	LOAD	22.143	7.442
2026-09-28T07:33:05.141Z	spark2	LOAD	23.390	4.139
2026-09-28T07:33:05.393Z	spark2	LOAD	23.390	4.139
2026-09-28T07:33:05.395Z	spark1	LOAD	22.099	7.442
2026-09-28T07:33:05.646Z	spark1	LOAD	19.807	7.442
2026-09-28T07:33:05.656Z	spark2	LOAD	23.390	4.139
2026-09-28T07:33:05.896Z	spark1	LOAD	18.375	7.443
2026-09-28T07:33:05.908Z	spark2	LOAD	23.392	4.139
2026-09-28T07:33:06.147Z	spark1	LOAD	16.665	7.448
2026-09-28T07:33:06.158Z	spark2	LOAD	23.392	4.139
2026-09-28T07:33:06.409Z	spark2	LOAD	23.392	4.139
2026-09-28T07:33:06.417Z	spark1	LOAD	14.958	7.450
2026-09-28T07:33:06.668Z	spark1	LOAD	16.207	7.450
2026-09-28T07:33:06.674Z	spark2	LOAD	23.392	4.139
2026-09-28T07:33:06.919Z	spark1	LOAD	18.506	7.450
2026-09-28T07:33:06.924Z	spark2	LOAD	23.395	4.139
2026-09-28T07:33:07.169Z	spark1	LOAD	14.894	7.450
2026-09-28T07:33:07.175Z	spark2	LOAD	23.395	4.139
2026-09-28T07:33:07.426Z	spark2	LOAD	23.395	4.139
2026-09-28T07:33:07.438Z	spark1	LOAD	18.305	7.450
2026-09-28T07:33:07.688Z	spark1	LOAD	18.089	7.450
2026-09-28T07:33:07.690Z	spark2	LOAD	23.395	4.139
2026-09-28T07:33:07.940Z	spark1	LOAD	14.570	7.450
2026-09-28T07:33:07.942Z	spark2	LOAD	23.396	4.139
2026-09-28T07:33:08.190Z	spark1	LOAD	21.619	7.450
2026-09-28T07:33:08.191Z	spark2	LOAD	23.398	4.139
2026-09-28T07:33:08.442Z	spark2	LOAD	23.398	4.139
2026-09-28T07:33:08.457Z	spark1	LOAD	14.896	7.449
2026-09-28T07:33:08.707Z	spark2	LOAD	23.398	4.139
2026-09-28T07:33:08.707Z	spark1	LOAD	15.822	7.449
2026-09-28T07:33:08.957Z	spark2	LOAD	23.399	4.139
2026-09-28T07:33:08.958Z	spark1	LOAD	18.928	7.449
2026-09-28T07:33:09.207Z	spark2	LOAD	23.399	4.139
2026-09-28T07:33:09.208Z	spark1	LOAD	14.634	7.449
2026-09-28T07:33:09.459Z	spark2	LOAD	23.399	4.139
2026-09-28T07:33:09.493Z	spark1	LOAD	20.143	7.449
2026-09-28T07:33:09.724Z	spark2	LOAD	23.399	4.139
2026-09-28T07:33:09.745Z	spark1	LOAD	14.872	7.449
2026-09-28T07:33:09.974Z	spark2	LOAD	23.399	4.139
2026-09-28T07:33:09.995Z	spark1	LOAD	18.085	7.449
2026-09-28T07:33:10.225Z	spark2	LOAD	23.400	4.139
2026-09-28T07:33:10.246Z	spark1	LOAD	17.514	7.449
2026-09-28T07:33:10.476Z	spark2	LOAD	23.400	4.139
2026-09-28T07:33:10.508Z	spark1	LOAD	14.488	7.449
2026-09-28T07:33:10.738Z	spark2	LOAD	23.399	4.139
2026-09-28T07:33:10.759Z	spark1	LOAD	19.288	7.449
2026-09-28T07:33:10.988Z	spark2	LOAD	23.399	4.139
2026-09-28T07:33:11.009Z	spark1	LOAD	14.766	7.449
2026-09-28T07:33:11.239Z	spark2	LOAD	23.399	4.139
2026-09-28T07:33:11.259Z	spark1	LOAD	20.467	7.449
2026-09-28T07:33:11.490Z	spark2	LOAD	23.399	4.139
2026-09-28T07:33:11.531Z	spark1	LOAD	14.886	7.449
2026-09-28T07:33:11.754Z	spark2	LOAD	23.402	4.139
2026-09-28T07:33:11.780Z	spark1	LOAD	18.827	7.449
2026-09-28T07:33:12.005Z	spark2	LOAD	23.402	4.139
2026-09-28T07:33:12.031Z	spark1	LOAD	17.375	7.449
2026-09-28T07:33:12.255Z	spark2	LOAD	23.402	4.139
2026-09-28T07:33:12.281Z	spark1	LOAD	14.435	7.449
2026-09-28T07:33:12.505Z	spark2	LOAD	23.397	4.139
2026-09-28T07:33:12.549Z	spark1	LOAD	18.516	7.449
2026-09-28T07:33:12.770Z	spark2	LOAD	23.388	4.139
2026-09-28T07:33:12.799Z	spark1	LOAD	14.474	7.449
2026-09-28T07:33:13.021Z	spark2	LOAD	23.389	4.139
2026-09-28T07:33:13.050Z	spark1	LOAD	20.073	7.449
2026-09-28T07:33:13.271Z	spark2	LOAD	23.389	4.139
2026-09-28T07:33:13.301Z	spark1	LOAD	14.765	7.449
2026-09-28T07:33:13.522Z	spark2	LOAD	23.389	4.139
2026-09-28T07:33:13.580Z	spark1	LOAD	20.830	7.449
2026-09-28T07:33:13.787Z	spark2	LOAD	23.388	4.139
2026-09-28T07:33:13.830Z	spark1	LOAD	15.223	7.449
2026-09-28T07:33:14.039Z	spark2	LOAD	23.389	4.139
2026-09-28T07:33:14.081Z	spark1	LOAD	16.619	7.449
2026-09-28T07:33:14.289Z	spark2	LOAD	23.389	4.139
2026-09-28T07:33:14.332Z	spark1	LOAD	17.571	7.449
2026-09-28T07:33:14.540Z	spark2	LOAD	23.389	4.139
2026-09-28T07:33:14.594Z	spark1	LOAD	14.383	7.449
2026-09-28T07:33:14.805Z	spark2	LOAD	23.389	4.139
2026-09-28T07:33:14.845Z	spark1	LOAD	18.816	7.449
2026-09-28T07:33:15.055Z	spark2	LOAD	23.390	4.139
2026-09-28T07:33:15.095Z	spark1	LOAD	14.573	7.449
2026-09-28T07:33:15.306Z	spark2	LOAD	23.390	4.139
2026-09-28T07:33:15.346Z	spark1	LOAD	20.069	7.449
2026-09-28T07:33:15.556Z	spark2	LOAD	23.390	4.139
2026-09-28T07:33:15.620Z	spark1	LOAD	14.762	7.449
2026-09-28T07:33:15.821Z	spark2	LOAD	23.390	4.139
2026-09-28T07:33:15.870Z	spark1	LOAD	21.498	7.449
2026-09-28T07:33:16.073Z	spark2	LOAD	23.390	4.139
2026-09-28T07:33:16.121Z	spark1	LOAD	15.010	7.449
2026-09-28T07:33:16.324Z	spark2	LOAD	23.390	4.139
2026-09-28T07:33:16.371Z	spark1	LOAD	16.934	7.449
2026-09-28T07:33:16.574Z	spark2	LOAD	23.390	4.139
2026-09-28T07:33:16.633Z	spark1	LOAD	16.977	7.449
2026-09-28T07:33:16.839Z	spark2	LOAD	23.390	4.139
2026-09-28T07:33:16.884Z	spark1	LOAD	14.391	7.449
2026-09-28T07:33:17.090Z	spark2	LOAD	23.391	4.139
2026-09-28T07:33:17.134Z	spark1	LOAD	18.535	7.449
2026-09-28T07:33:17.340Z	spark2	LOAD	23.391	4.139
2026-09-28T07:33:17.385Z	spark1	LOAD	14.466	7.449
2026-09-28T07:33:17.590Z	spark2	LOAD	23.391	4.139
2026-09-28T07:33:17.665Z	spark1	LOAD	19.470	7.449
2026-09-28T07:33:17.857Z	spark2	LOAD	23.391	4.139
2026-09-28T07:33:17.915Z	spark1	LOAD	14.746	7.449
2026-09-28T07:33:18.107Z	spark2	LOAD	23.391	4.139
2026-09-28T07:33:18.166Z	spark1	LOAD	20.359	7.449
2026-09-28T07:33:18.358Z	spark2	LOAD	23.391	4.139
2026-09-28T07:33:18.417Z	spark1	LOAD	14.757	7.449
2026-09-28T07:33:18.608Z	spark2	LOAD	23.391	4.139
2026-09-28T07:33:18.708Z	spark1	LOAD	21.007	7.449
2026-09-28T07:33:18.873Z	spark2	LOAD	23.391	4.139
2026-09-28T07:33:18.958Z	spark1	LOAD	14.765	7.449
2026-09-28T07:33:19.124Z	spark2	LOAD	23.391	4.139
2026-09-28T07:33:19.209Z	spark1	LOAD	18.212	7.449
2026-09-28T07:33:19.375Z	spark2	LOAD	23.391	4.139
2026-09-28T07:33:19.459Z	spark1	LOAD	16.776	7.449
2026-09-28T07:33:19.625Z	spark2	LOAD	23.391	4.139
2026-09-28T07:33:19.727Z	spark1	LOAD	15.182	7.449
2026-09-28T07:33:19.890Z	spark2	LOAD	23.391	4.139
2026-09-28T07:33:19.977Z	spark1	LOAD	18.355	7.449
2026-09-28T07:33:20.141Z	spark2	LOAD	23.391	4.139
2026-09-28T07:33:20.228Z	spark1	LOAD	14.470	7.449
2026-09-28T07:33:20.390Z	spark2	LOAD	23.391	4.139
2026-09-28T07:33:20.479Z	spark1	LOAD	19.794	7.449
2026-09-28T07:33:20.641Z	spark2	LOAD	23.391	4.139
2026-09-28T07:33:20.753Z	spark1	LOAD	14.697	7.449
2026-09-28T07:33:20.906Z	spark2	LOAD	23.391	4.139
2026-09-28T07:33:21.004Z	spark1	LOAD	20.309	7.449
2026-09-28T07:33:21.156Z	spark2	LOAD	23.391	4.139
2026-09-28T07:33:21.256Z	spark1	LOAD	14.772	7.449
2026-09-28T07:33:21.408Z	spark2	LOAD	23.391	4.139
2026-09-28T07:33:21.506Z	spark1	LOAD	21.235	7.449
2026-09-28T07:33:21.658Z	spark2	LOAD	23.391	4.139
2026-09-28T07:33:21.773Z	spark1	LOAD	14.781	7.449
2026-09-28T07:33:21.923Z	spark2	LOAD	23.393	4.139
2026-09-28T07:33:22.023Z	spark1	LOAD	17.919	7.449
2026-09-28T07:33:22.174Z	spark2	LOAD	23.396	4.139
2026-09-28T07:33:22.274Z	spark1	LOAD	17.405	7.449
2026-09-28T07:33:22.425Z	spark2	LOAD	23.396	4.139
2026-09-28T07:33:22.524Z	spark1	LOAD	14.442	7.449
2026-09-28T07:33:22.675Z	spark2	LOAD	23.396	4.139
2026-09-28T07:33:22.791Z	spark1	LOAD	18.571	7.448
2026-09-28T07:33:22.940Z	spark2	LOAD	23.396	4.139
2026-09-28T07:33:23.042Z	spark1	LOAD	14.671	7.448
2026-09-28T07:33:23.190Z	spark2	LOAD	23.396	4.139
2026-09-28T07:33:23.293Z	spark1	LOAD	20.208	7.448
2026-09-28T07:33:23.441Z	spark2	LOAD	23.395	4.139
2026-09-28T07:33:23.544Z	spark1	LOAD	14.780	7.448
2026-09-28T07:33:23.691Z	spark2	LOAD	23.389	4.139
2026-09-28T07:33:23.819Z	spark1	LOAD	20.586	7.448
2026-09-28T07:33:23.956Z	spark2	LOAD	23.395	4.139
2026-09-28T07:33:24.070Z	spark1	LOAD	14.760	7.448
2026-09-28T07:33:24.208Z	spark2	LOAD	23.395	4.139
2026-09-28T07:33:24.320Z	spark1	LOAD	18.246	7.448
2026-09-28T07:33:24.459Z	spark2	LOAD	23.395	4.139
2026-09-28T07:33:24.571Z	spark1	LOAD	16.635	7.448
2026-09-28T07:33:24.709Z	spark2	LOAD	23.395	4.139
2026-09-28T07:33:24.833Z	spark1	LOAD	15.034	7.448
2026-09-28T07:33:24.971Z	spark2	LOAD	23.395	4.139
2026-09-28T07:33:25.084Z	spark1	LOAD	18.226	7.448
2026-09-28T07:33:25.222Z	spark2	LOAD	23.395	4.139
2026-09-28T07:33:25.335Z	spark1	LOAD	14.456	7.448
2026-09-28T07:33:25.472Z	spark2	LOAD	23.395	4.139
2026-09-28T07:33:25.586Z	spark1	LOAD	19.781	7.448
2026-09-28T07:33:25.722Z	spark2	LOAD	23.395	4.139
2026-09-28T07:33:25.854Z	spark1	LOAD	14.711	7.448
2026-09-28T07:33:25.988Z	spark2	LOAD	23.397	4.139
2026-09-28T07:33:26.105Z	spark1	LOAD	21.353	7.448
2026-09-28T07:33:26.237Z	spark2	LOAD	23.397	4.139
2026-09-28T07:33:26.355Z	spark1	LOAD	15.325	7.448
2026-09-28T07:33:26.489Z	spark2	LOAD	23.397	4.139
2026-09-28T07:33:26.605Z	spark1	LOAD	15.776	7.448
2026-09-28T07:33:26.740Z	spark2	LOAD	23.397	4.139
2026-09-28T07:33:26.869Z	spark1	LOAD	18.311	7.448
2026-09-28T07:33:27.001Z	spark2	LOAD	23.398	4.139
2026-09-28T07:33:27.119Z	spark1	LOAD	14.453	7.448
2026-09-28T07:33:27.252Z	spark2	LOAD	23.398	4.139
2026-09-28T07:33:27.369Z	spark1	LOAD	20.620	7.448
2026-09-28T07:33:27.503Z	spark2	LOAD	23.398	4.139
2026-09-28T07:33:27.619Z	spark1	LOAD	14.783	7.448
2026-09-28T07:33:27.753Z	spark2	LOAD	23.398	4.139
2026-09-28T07:33:27.887Z	spark1	LOAD	16.270	7.448
2026-09-28T07:33:28.014Z	spark2	LOAD	23.398	4.139
2026-09-28T07:33:28.138Z	spark1	LOAD	18.049	7.448
2026-09-28T07:33:28.265Z	spark2	LOAD	23.398	4.139
2026-09-28T07:33:28.388Z	spark1	LOAD	14.447	7.448
2026-09-28T07:33:28.516Z	spark2	LOAD	23.398	4.139
2026-09-28T07:33:28.639Z	spark1	LOAD	20.357	7.448
2026-09-28T07:33:28.766Z	spark2	LOAD	23.398	4.139
2026-09-28T07:33:28.920Z	spark1	LOAD	14.777	7.448
2026-09-28T07:33:29.027Z	spark2	LOAD	23.398	4.139
2026-09-28T07:33:29.171Z	spark1	LOAD	20.088	7.448
2026-09-28T07:33:29.278Z	spark2	LOAD	23.398	4.139
2026-09-28T07:33:29.421Z	spark1	LOAD	16.379	7.448
2026-09-28T07:33:29.529Z	spark2	LOAD	23.398	4.139
2026-09-28T07:33:29.672Z	spark1	LOAD	14.387	7.448
2026-09-28T07:33:29.779Z	spark2	LOAD	23.398	4.139
2026-09-28T07:33:29.940Z	spark1	LOAD	18.671	7.448
2026-09-28T07:33:30.040Z	spark2	LOAD	23.398	4.139
2026-09-28T07:33:30.190Z	spark1	LOAD	14.623	7.448
2026-09-28T07:33:30.292Z	spark2	LOAD	23.398	4.139
2026-09-28T07:33:30.441Z	spark1	LOAD	20.616	7.448
2026-09-28T07:33:30.543Z	spark2	LOAD	23.398	4.139
2026-09-28T07:33:30.692Z	spark1	LOAD	14.781	7.448
2026-09-28T07:33:30.794Z	spark2	LOAD	23.398	4.139
2026-09-28T07:33:30.959Z	spark1	LOAD	17.377	7.448
2026-09-28T07:33:31.055Z	spark2	LOAD	23.398	4.139
2026-09-28T07:33:31.210Z	spark1	LOAD	21.391	7.448
2026-09-28T07:33:31.306Z	spark2	LOAD	23.398	4.139
2026-09-28T07:33:31.460Z	spark1	LOAD	21.573	7.448
2026-09-28T07:33:31.557Z	spark2	LOAD	23.398	4.139
2026-09-28T07:33:31.711Z	spark1	LOAD	21.751	7.448
2026-09-28T07:33:31.807Z	spark2	LOAD	23.398	4.139
2026-09-28T07:33:31.977Z	spark1	LOAD	21.510	7.448
2026-09-28T07:33:32.072Z	spark2	LOAD	23.398	4.139
2026-09-28T07:33:32.227Z	spark1	LOAD	21.901	7.448
2026-09-28T07:33:32.323Z	spark2	LOAD	23.398	4.139
2026-09-28T07:33:32.478Z	spark1	LOAD	21.798	7.448
2026-09-28T07:33:32.572Z	spark2	LOAD	23.398	4.139
2026-09-28T07:33:32.728Z	spark1	LOAD	21.767	7.448
2026-09-28T07:33:32.824Z	spark2	LOAD	23.398	4.139
2026-09-28T07:33:32.993Z	spark1	LOAD	22.051	7.448
2026-09-28T07:33:33.086Z	spark2	LOAD	23.399	4.139
2026-09-28T07:33:33.243Z	spark1	LOAD	22.213	7.448
2026-09-28T07:33:33.336Z	spark2	LOAD	23.399	4.139
2026-09-28T07:33:33.494Z	spark1	LOAD	22.400	7.448
2026-09-28T07:33:33.587Z	spark2	LOAD	23.399	4.139
2026-09-28T07:33:33.745Z	spark1	LOAD	22.366	7.448
2026-09-28T07:33:33.837Z	spark2	LOAD	23.399	4.139
2026-09-28T07:33:34.013Z	spark1	LOAD	22.570	7.448
2026-09-28T07:33:34.098Z	spark2	LOAD	23.399	4.139
2026-09-28T07:33:34.264Z	spark1	LOAD	22.460	7.448
2026-09-28T07:33:34.348Z	spark2	LOAD	23.399	4.139
2026-09-28T07:33:34.514Z	spark1	LOAD	22.070	7.448
2026-09-28T07:33:34.598Z	spark2	LOAD	23.389	4.139
2026-09-28T07:33:34.764Z	spark1	LOAD	22.221	7.448
2026-09-28T07:33:34.849Z	spark2	LOAD	23.405	4.139
2026-09-28T07:33:35.033Z	spark1	LOAD	22.658	7.448
2026-09-28T07:33:35.111Z	spark2	LOAD	23.403	4.139
2026-09-28T07:33:35.283Z	spark1	LOAD	22.676	7.448
2026-09-28T07:33:35.362Z	spark2	LOAD	23.403	4.139
2026-09-28T07:33:35.534Z	spark1	LOAD	23.003	7.448
2026-09-28T07:33:35.613Z	spark2	LOAD	23.403	4.139
2026-09-28T07:33:35.785Z	spark1	LOAD	22.968	7.448
2026-09-28T07:33:35.863Z	spark2	LOAD	23.403	4.139
2026-09-28T07:33:36.048Z	spark1	LOAD	21.920	7.448
2026-09-28T07:33:36.124Z	spark2	LOAD	23.403	4.139
2026-09-28T07:33:36.298Z	spark1	LOAD	23.698	7.448
2026-09-28T07:33:36.375Z	spark2	LOAD	23.403	4.139
2026-09-28T07:33:36.549Z	spark1	LOAD	23.683	7.448
2026-09-28T07:33:36.625Z	spark2	LOAD	23.403	4.139
2026-09-28T07:33:36.799Z	spark1	LOAD	23.678	7.448
2026-09-28T07:33:36.876Z	spark2	LOAD	23.403	4.139
2026-09-28T07:33:37.060Z	spark1	LOAD	23.678	7.448
2026-09-28T07:33:37.140Z	spark2	LOAD	23.403	4.139
2026-09-28T07:33:37.311Z	spark1	LOAD	23.679	7.448
2026-09-28T07:33:37.390Z	spark2	LOAD	23.403	4.139
2026-09-28T07:33:37.562Z	spark1	LOAD	21.805	7.448
2026-09-28T07:33:37.641Z	spark2	LOAD	23.403	4.139
2026-09-28T07:33:37.812Z	spark1	LOAD	21.790	7.448
2026-09-28T07:33:37.891Z	spark2	LOAD	23.403	4.139
2026-09-28T07:33:38.074Z	spark1	LOAD	21.796	7.448
2026-09-28T07:33:38.152Z	spark2	LOAD	23.403	4.139
2026-09-28T07:33:38.324Z	spark1	LOAD	21.789	7.448
2026-09-28T07:33:38.403Z	spark2	LOAD	23.403	4.139
2026-09-28T07:33:38.574Z	spark1	LOAD	20.687	7.448
2026-09-28T07:33:38.654Z	spark2	LOAD	23.403	4.139
2026-09-28T07:33:38.825Z	spark1	LOAD	20.661	7.448
2026-09-28T07:33:38.904Z	spark2	LOAD	23.403	4.139
2026-09-28T07:33:39.093Z	spark1	LOAD	20.616	7.448
2026-09-28T07:33:39.169Z	spark2	LOAD	23.403	4.139
2026-09-28T07:33:39.343Z	spark1	LOAD	20.573	7.448
2026-09-28T07:33:39.421Z	spark2	LOAD	23.403	4.139
2026-09-28T07:33:39.594Z	spark1	LOAD	20.529	7.448
2026-09-28T07:33:39.671Z	spark2	LOAD	23.403	4.139
2026-09-28T07:33:39.844Z	spark1	LOAD	20.486	7.448
2026-09-28T07:33:39.923Z	spark2	LOAD	23.403	4.139
2026-09-28T07:33:40.106Z	spark1	LOAD	20.443	7.448
2026-09-28T07:33:40.183Z	spark2	LOAD	23.403	4.139
2026-09-28T07:33:40.357Z	spark1	LOAD	20.348	7.448
2026-09-28T07:33:40.434Z	spark2	LOAD	23.403	4.139
2026-09-28T07:33:40.607Z	spark1	LOAD	20.257	7.448
2026-09-28T07:33:40.685Z	spark2	LOAD	23.403	4.139
2026-09-28T07:33:40.857Z	spark1	LOAD	20.201	7.448
2026-09-28T07:33:40.935Z	spark2	LOAD	23.403	4.139
2026-09-28T07:33:41.118Z	spark1	LOAD	20.154	7.448
2026-09-28T07:33:41.196Z	spark2	LOAD	23.403	4.139
2026-09-28T07:33:41.368Z	spark1	LOAD	20.116	7.448
2026-09-28T07:33:41.447Z	spark2	LOAD	23.403	4.139
2026-09-28T07:33:41.618Z	spark1	LOAD	20.045	7.448
2026-09-28T07:33:41.698Z	spark2	LOAD	23.403	4.139
2026-09-28T07:33:41.869Z	spark1	LOAD	20.001	7.446
2026-09-28T07:33:41.949Z	spark2	LOAD	23.403	4.139
2026-09-28T07:33:42.137Z	spark1	LOAD	19.958	7.446
2026-09-28T07:33:42.211Z	spark2	LOAD	23.403	4.139
2026-09-28T07:33:42.388Z	spark1	LOAD	19.884	7.446
2026-09-28T07:33:42.461Z	spark2	LOAD	23.403	4.139
2026-09-28T07:33:42.638Z	spark1	LOAD	19.814	7.446
2026-09-28T07:33:42.712Z	spark2	LOAD	23.403	4.139
2026-09-28T07:33:42.888Z	spark1	LOAD	19.766	7.446
2026-09-28T07:33:42.963Z	spark2	LOAD	23.403	4.139
2026-09-28T07:33:43.151Z	spark1	LOAD	19.670	7.446
2026-09-28T07:33:43.228Z	spark2	LOAD	23.403	4.139
2026-09-28T07:33:43.401Z	spark1	LOAD	19.758	7.446
2026-09-28T07:33:43.480Z	spark2	LOAD	23.403	4.139
2026-09-28T07:33:43.652Z	spark1	LOAD	20.602	7.446
2026-09-28T07:33:43.730Z	spark2	LOAD	23.403	4.139
2026-09-28T07:33:43.903Z	spark1	LOAD	20.839	7.446
2026-09-28T07:33:43.981Z	spark2	LOAD	23.403	4.139
2026-09-28T07:33:44.171Z	spark1	LOAD	20.991	7.446
2026-09-28T07:33:44.243Z	spark2	LOAD	23.402	4.139
2026-09-28T07:33:44.421Z	spark1	LOAD	21.189	7.446
2026-09-28T07:33:44.493Z	spark2	LOAD	23.402	4.139
2026-09-28T07:33:44.672Z	spark1	LOAD	21.245	7.446
2026-09-28T07:33:44.743Z	spark2	LOAD	23.402	4.139
2026-09-28T07:33:44.922Z	spark1	LOAD	21.079	7.446
2026-09-28T07:33:44.994Z	spark2	LOAD	23.402	4.139
2026-09-28T07:33:45.192Z	spark1	LOAD	21.692	7.446
2026-09-28T07:33:45.255Z	spark2	LOAD	23.401	4.139
2026-09-28T07:33:45.443Z	spark1	LOAD	21.686	7.446
2026-09-28T07:33:45.506Z	spark2	LOAD	23.396	4.139
2026-09-28T07:33:45.693Z	spark1	LOAD	21.682	7.446
2026-09-28T07:33:45.756Z	spark2	LOAD	23.399	4.139
2026-09-28T07:33:45.943Z	spark1	LOAD	21.653	7.446
2026-09-28T07:33:46.007Z	spark2	LOAD	23.399	4.139
2026-09-28T07:33:46.205Z	spark1	LOAD	21.653	7.446
2026-09-28T07:33:46.272Z	spark2	LOAD	23.398	4.139
2026-09-28T07:33:46.455Z	spark1	LOAD	21.653	7.446
2026-09-28T07:33:46.523Z	spark2	LOAD	23.398	4.139
2026-09-28T07:33:46.706Z	spark1	LOAD	21.646	7.446
2026-09-28T07:33:46.773Z	spark2	LOAD	23.398	4.139
2026-09-28T07:33:46.956Z	spark1	LOAD	21.635	7.446
2026-09-28T07:33:47.025Z	spark2	LOAD	23.399	4.139
2026-09-28T07:33:47.217Z	spark1	LOAD	21.631	7.446
2026-09-28T07:33:47.285Z	spark2	LOAD	23.399	4.139
2026-09-28T07:33:47.468Z	spark1	LOAD	21.619	7.446
2026-09-28T07:33:47.536Z	spark2	LOAD	23.399	4.139
2026-09-28T07:33:47.718Z	spark1	LOAD	21.611	7.446
2026-09-28T07:33:47.787Z	spark2	LOAD	23.399	4.139
2026-09-28T07:33:47.969Z	spark1	LOAD	21.614	7.446
2026-09-28T07:33:48.038Z	spark2	LOAD	23.400	4.139
2026-09-28T07:33:48.231Z	spark1	LOAD	21.607	7.446
2026-09-28T07:33:48.299Z	spark2	LOAD	23.400	4.139
2026-09-28T07:33:48.481Z	spark1	LOAD	21.599	7.446
2026-09-28T07:33:48.549Z	spark2	LOAD	23.400	4.139
2026-09-28T07:33:48.731Z	spark1	LOAD	21.592	7.446
2026-09-28T07:33:48.800Z	spark2	LOAD	23.400	4.139
2026-09-28T07:33:48.981Z	spark1	LOAD	21.596	7.446
2026-09-28T07:33:49.051Z	spark2	LOAD	23.401	4.139
2026-09-28T07:33:49.244Z	spark1	LOAD	21.595	7.446
2026-09-28T07:33:49.313Z	spark2	LOAD	23.401	4.139
2026-09-28T07:33:49.494Z	spark1	LOAD	21.595	7.446
2026-09-28T07:33:49.564Z	spark2	LOAD	23.401	4.139
2026-09-28T07:33:49.745Z	spark1	LOAD	21.580	7.446
2026-09-28T07:33:49.814Z	spark2	LOAD	23.401	4.139
2026-09-28T07:33:49.996Z	spark1	LOAD	21.575	7.446
2026-09-28T07:33:50.065Z	spark2	LOAD	23.401	4.139
2026-09-28T07:33:50.262Z	spark1	LOAD	21.578	7.446
2026-09-28T07:33:50.330Z	spark2	LOAD	23.401	4.139
2026-09-28T07:33:50.513Z	spark1	LOAD	21.563	7.446
2026-09-28T07:33:50.581Z	spark2	LOAD	23.401	4.139
2026-09-28T07:33:50.764Z	spark1	LOAD	21.556	7.446
2026-09-28T07:33:50.832Z	spark2	LOAD	23.401	4.139
2026-09-28T07:33:51.014Z	spark1	LOAD	21.564	7.446
2026-09-28T07:33:51.083Z	spark2	LOAD	23.401	4.139
2026-09-28T07:33:51.276Z	spark1	LOAD	21.564	7.446
2026-09-28T07:33:51.349Z	spark2	LOAD	23.400	4.139
2026-09-28T07:33:51.527Z	spark1	LOAD	21.556	7.446
2026-09-28T07:33:51.600Z	spark2	LOAD	23.400	4.139
2026-09-28T07:33:51.777Z	spark1	LOAD	21.534	7.446
2026-09-28T07:33:51.850Z	spark2	LOAD	23.400	4.139
2026-09-28T07:33:52.027Z	spark1	LOAD	21.528	7.446
2026-09-28T07:33:52.102Z	spark2	LOAD	23.400	4.139
2026-09-28T07:33:52.293Z	spark1	LOAD	21.523	7.446
2026-09-28T07:33:52.362Z	spark2	LOAD	23.400	4.139
2026-09-28T07:33:52.544Z	spark1	LOAD	21.518	7.446
2026-09-28T07:33:52.613Z	spark2	LOAD	23.400	4.139
2026-09-28T07:33:52.794Z	spark1	LOAD	21.509	7.446
2026-09-28T07:33:52.864Z	spark2	LOAD	23.401	4.139
2026-09-28T07:33:53.044Z	spark1	LOAD	21.489	7.446
2026-09-28T07:33:53.115Z	spark2	LOAD	23.401	4.139
2026-09-28T07:33:53.308Z	spark1	LOAD	21.474	7.446
2026-09-28T07:33:53.377Z	spark2	LOAD	23.401	4.139
2026-09-28T07:33:53.558Z	spark1	LOAD	21.467	7.446
2026-09-28T07:33:53.626Z	spark2	LOAD	23.401	4.139
2026-09-28T07:33:53.809Z	spark1	LOAD	21.459	7.446
2026-09-28T07:33:53.877Z	spark2	LOAD	23.401	4.139
2026-09-28T07:33:54.059Z	spark1	LOAD	21.454	7.446
2026-09-28T07:33:54.127Z	spark2	LOAD	23.401	4.139
2026-09-28T07:33:54.326Z	spark1	LOAD	21.444	7.446
2026-09-28T07:33:54.389Z	spark2	LOAD	23.401	4.139
2026-09-28T07:33:54.576Z	spark1	LOAD	21.422	7.446
2026-09-28T07:33:54.639Z	spark2	LOAD	23.401	4.139
2026-09-28T07:33:54.826Z	spark1	LOAD	21.415	7.446
2026-09-28T07:33:54.890Z	spark2	LOAD	23.401	4.139
2026-09-28T07:33:55.077Z	spark1	LOAD	21.409	7.446
2026-09-28T07:33:55.140Z	spark2	LOAD	23.401	4.139
2026-09-28T07:33:55.339Z	spark1	LOAD	22.583	7.446
2026-09-28T07:33:55.406Z	spark2	LOAD	23.401	4.139
2026-09-28T07:33:55.589Z	spark1	PROFILE	22.578	7.446
2026-09-28T07:33:55.655Z	spark2	PROFILE	23.401	4.139
2026-09-28T07:33:55.839Z	spark1	PROFILE	22.566	7.445
2026-09-28T07:33:55.906Z	spark2	PROFILE	23.398	4.139
2026-09-28T07:33:56.090Z	spark1	PROFILE	22.576	7.445
2026-09-28T07:33:56.156Z	spark2	PROFILE	23.397	4.139
2026-09-28T07:33:56.357Z	spark1	PROFILE	22.452	7.445
2026-09-28T07:33:56.418Z	spark2	PROFILE	23.097	4.138
2026-09-28T07:33:56.607Z	spark1	PROFILE	22.269	7.445
2026-09-28T07:33:56.668Z	spark2	PROFILE	22.990	4.138
2026-09-28T07:33:56.857Z	spark1	PROFILE	22.254	7.445
2026-09-28T07:33:56.919Z	spark2	PROFILE	22.990	4.138
2026-09-28T07:33:57.108Z	spark1	PROFILE	22.221	7.445
2026-09-28T07:33:57.170Z	spark2	PROFILE	22.967	4.138
2026-09-28T07:33:57.374Z	spark1	PROFILE	22.213	7.445
2026-09-28T07:33:57.434Z	spark2	PROFILE	22.810	4.138
2026-09-28T07:33:57.625Z	spark1	PROFILE	19.147	7.445
2026-09-28T07:33:57.685Z	spark2	PROFILE	19.608	4.138
2026-09-28T07:33:57.875Z	spark1	PROFILE	19.151	7.445
2026-09-28T07:33:57.935Z	spark2	PROFILE	19.609	4.138
2026-09-28T07:33:58.126Z	spark1	PROFILE	19.186	7.445
2026-09-28T07:33:58.186Z	spark2	PROFILE	19.581	4.138
2026-09-28T07:33:58.388Z	spark1	PROFILE	18.194	7.444
2026-09-28T07:33:58.447Z	spark2	PROFILE	18.650	4.138
2026-09-28T07:33:58.638Z	spark1	PROFILE	18.167	7.439
2026-09-28T07:33:58.698Z	spark2	PROFILE	18.601	4.138
2026-09-28T07:33:58.888Z	spark1	PROFILE	16.798	7.439
2026-09-28T07:33:58.948Z	spark2	PROFILE	18.514	4.138
2026-09-28T07:33:59.139Z	spark1	PROFILE	16.786	7.439
2026-09-28T07:33:59.199Z	spark2	PROFILE	17.215	4.138
2026-09-28T07:33:59.406Z	spark1	PROFILE	16.785	7.439
2026-09-28T07:33:59.459Z	spark2	PROFILE	17.215	4.138
2026-09-28T07:33:59.656Z	spark1	PROFILE	16.070	7.439
2026-09-28T07:33:59.710Z	spark2	PROFILE	17.215	4.138
2026-09-28T07:33:59.906Z	spark1	PROFILE	15.994	7.439
2026-09-28T07:33:59.960Z	spark2	PROFILE	17.215	4.138
2026-09-28T07:34:00.157Z	spark1	PROFILE	15.963	7.439
2026-09-28T07:34:00.211Z	spark2	PROFILE	16.494	4.138
2026-09-28T07:34:00.424Z	spark1	PROFILE	15.962	7.439
2026-09-28T07:34:00.472Z	spark2	PROFILE	16.478	4.138
2026-09-28T07:34:00.674Z	spark1	PROFILE	15.959	7.439
2026-09-28T07:34:00.723Z	spark2	PROFILE	16.456	4.138
2026-09-28T07:34:00.925Z	spark1	PROFILE	15.960	7.439
2026-09-28T07:34:00.973Z	spark2	PROFILE	16.456	4.138
2026-09-28T07:34:01.175Z	spark1	PROFILE	15.937	7.439
2026-09-28T07:34:01.224Z	spark2	PROFILE	16.456	4.138
2026-09-28T07:34:01.437Z	spark1	PROFILE	15.932	7.439
2026-09-28T07:34:01.484Z	spark2	PROFILE	16.456	4.138
2026-09-28T07:34:01.688Z	spark1	PROFILE	15.932	7.439
2026-09-28T07:34:01.734Z	spark2	PROFILE	16.456	4.138
2026-09-28T07:34:01.938Z	spark1	PROFILE	15.925	7.439
2026-09-28T07:34:01.985Z	spark2	PROFILE	16.448	4.138
2026-09-28T07:34:02.188Z	spark1	PROFILE	15.921	7.439
2026-09-28T07:34:02.236Z	spark2	PROFILE	16.446	4.138
2026-09-28T07:34:02.457Z	spark1	PROFILE	15.920	7.439
2026-09-28T07:34:02.497Z	spark2	PROFILE	16.446	4.138
2026-09-28T07:34:02.707Z	spark1	PROFILE	15.913	7.439
2026-09-28T07:34:02.748Z	spark2	PROFILE	16.442	4.138
2026-09-28T07:34:02.957Z	spark1	PROFILE	15.915	7.439
2026-09-28T07:34:02.999Z	spark2	PROFILE	16.442	4.138
2026-09-28T07:34:03.207Z	spark1	PROFILE	15.915	7.439
2026-09-28T07:34:03.249Z	spark2	PROFILE	16.440	4.138
2026-09-28T07:34:03.474Z	spark1	PROFILE	15.919	7.439
2026-09-28T07:34:03.510Z	spark2	PROFILE	16.440	4.138
2026-09-28T07:34:03.725Z	spark1	PROFILE	15.917	7.439
2026-09-28T07:34:03.761Z	spark2	PROFILE	16.432	4.138
2026-09-28T07:34:03.975Z	spark1	PROFILE	15.905	7.439
2026-09-28T07:34:04.011Z	spark2	PROFILE	16.432	4.138
2026-09-28T07:34:04.225Z	spark1	PROFILE	15.912	7.439
2026-09-28T07:34:04.262Z	spark2	PROFILE	16.425	4.138
2026-09-28T07:34:04.493Z	spark1	PROFILE	15.912	7.439
2026-09-28T07:34:04.523Z	spark2	PROFILE	16.417	4.138
2026-09-28T07:34:04.743Z	spark1	PROFILE	15.912	7.439
2026-09-28T07:34:04.774Z	spark2	PROFILE	16.417	4.138
2026-09-28T07:34:04.994Z	spark1	PROFILE	15.912	7.439
2026-09-28T07:34:05.024Z	spark2	PROFILE	16.418	4.138
2026-09-28T07:34:05.244Z	spark1	PROFILE	15.906	7.439
2026-09-28T07:34:05.275Z	spark2	PROFILE	16.419	4.138
2026-09-28T07:34:05.506Z	spark1	PROFILE	15.907	7.439
2026-09-28T07:34:05.535Z	spark2	PROFILE	16.411	4.138
2026-09-28T07:34:05.757Z	spark1	PROFILE	15.892	7.439
2026-09-28T07:34:05.786Z	spark2	PROFILE	16.416	4.138
2026-09-28T07:34:06.007Z	spark1	PROFILE	15.865	7.439
2026-09-28T07:34:06.036Z	spark2	PROFILE	16.417	4.138
2026-09-28T07:34:06.257Z	spark1	PROFILE	15.879	7.439
2026-09-28T07:34:06.286Z	spark2	PROFILE	16.403	4.138
2026-09-28T07:34:06.525Z	spark1	PROFILE	15.879	7.439
2026-09-28T07:34:06.547Z	spark2	PROFILE	16.402	4.138
2026-09-28T07:34:06.775Z	spark1	PROFILE	15.844	7.439
2026-09-28T07:34:06.797Z	spark2	PROFILE	16.387	4.138
2026-09-28T07:34:07.025Z	spark1	PROFILE	15.855	7.439
2026-09-28T07:34:07.048Z	spark2	PROFILE	16.392	4.138
2026-09-28T07:34:07.276Z	spark1	PROFILE	15.741	7.439
2026-09-28T07:34:07.298Z	spark2	PROFILE	16.391	4.138
2026-09-28T07:34:07.545Z	spark1	PROFILE	14.785	7.438
2026-09-28T07:34:07.558Z	spark2	PROFILE	16.221	4.138
2026-09-28T07:34:07.795Z	spark1	PROFILE	15.000	7.438
2026-09-28T07:34:07.808Z	spark2	PROFILE	15.687	4.138
2026-09-28T07:34:08.046Z	spark1	PROFILE	14.997	7.437
2026-09-28T07:34:08.059Z	spark2	PROFILE	15.042	4.136
2026-09-28T07:34:08.297Z	spark1	PROFILE	14.978	7.437
2026-09-28T07:34:08.310Z	spark2	PROFILE	15.042	4.136
2026-09-28T07:34:08.577Z	spark1	PROFILE	14.977	7.437
2026-09-28T07:34:08.578Z	spark2	PROFILE	15.036	4.136
2026-09-28T07:34:08.827Z	spark1	PROFILE	14.976	7.437
2026-09-28T07:34:08.829Z	spark2	PROFILE	15.036	4.136
2026-09-28T07:34:09.077Z	spark1	PROFILE	14.974	7.437
2026-09-28T07:34:09.080Z	spark2	PROFILE	15.036	4.136
2026-09-28T07:34:09.328Z	spark1	PROFILE	14.972	7.437
2026-09-28T07:34:09.330Z	spark2	PROFILE	15.036	4.136
2026-09-28T07:34:09.595Z	spark2	PROFILE	15.036	4.136
2026-09-28T07:34:09.599Z	spark1	PROFILE	14.971	7.437
2026-09-28T07:34:09.847Z	spark2	PROFILE	15.036	4.136
2026-09-28T07:34:09.850Z	spark1	PROFILE	14.971	7.437
2026-09-28T07:34:10.097Z	spark2	PROFILE	15.036	4.136
2026-09-28T07:34:10.100Z	spark1	PROFILE	14.971	7.437
2026-09-28T07:34:10.348Z	spark2	PROFILE	15.036	4.136
2026-09-28T07:34:10.351Z	spark1	PROFILE	14.953	7.437
2026-09-28T07:34:10.608Z	spark2	PROFILE	15.036	4.136
2026-09-28T07:34:10.617Z	spark1	PROFILE	14.953	7.437
2026-09-28T07:34:10.859Z	spark2	PROFILE	15.036	4.136
2026-09-28T07:34:10.868Z	spark1	PROFILE	14.953	7.437
2026-09-28T07:34:11.110Z	spark2	PROFILE	15.036	4.136
2026-09-28T07:34:11.119Z	spark1	PROFILE	14.953	7.437
2026-09-28T07:34:11.361Z	spark2	PROFILE	15.036	4.136
2026-09-28T07:34:11.369Z	spark1	PROFILE	14.953	7.437
2026-09-28T07:34:11.628Z	spark2	PROFILE	15.036	4.136
2026-09-28T07:34:11.638Z	spark1	PROFILE	14.952	7.437
2026-09-28T07:34:11.878Z	spark2	PROFILE	15.036	4.136
2026-09-28T07:34:11.889Z	spark1	PROFILE	14.951	7.437
2026-09-28T07:34:12.128Z	spark2	PROFILE	15.036	4.136
2026-09-28T07:34:12.139Z	spark1	PROFILE	14.944	7.437
2026-09-28T07:34:12.379Z	spark2	PROFILE	15.036	4.136
2026-09-28T07:34:12.390Z	spark1	PROFILE	14.927	7.437
2026-09-28T07:34:12.638Z	spark2	PROFILE	15.036	4.136
2026-09-28T07:34:12.657Z	spark1	PROFILE	14.927	7.437
2026-09-28T07:34:12.890Z	spark2	PROFILE	15.036	4.136
2026-09-28T07:34:12.907Z	spark1	PROFILE	14.927	7.437
2026-09-28T07:34:13.140Z	spark2	PROFILE	15.035	4.136
2026-09-28T07:34:13.157Z	spark1	PROFILE	14.926	7.437
2026-09-28T07:34:13.392Z	spark2	PROFILE	15.022	4.136
2026-09-28T07:34:13.408Z	spark1	PROFILE	14.914	7.437
2026-09-28T07:34:13.664Z	spark2	PROFILE	15.021	4.136
2026-09-28T07:34:13.670Z	spark1	PROFILE	14.910	7.437
2026-09-28T07:34:13.915Z	spark2	PROFILE	15.012	4.136
2026-09-28T07:34:13.921Z	spark1	PROFILE	14.916	7.437
2026-09-28T07:34:14.166Z	spark2	PROFILE	15.003	4.136
2026-09-28T07:34:14.171Z	spark1	PROFILE	14.916	7.437
2026-09-28T07:34:14.416Z	spark2	PROFILE	15.354	4.136
2026-09-28T07:34:14.421Z	spark1	PROFILE	14.840	7.437
2026-09-28T07:34:14.677Z	spark2	PROFILE	15.341	4.136
2026-09-28T07:34:14.689Z	spark1	PROFILE	14.842	7.436
2026-09-28T07:34:14.926Z	spark2	PROFILE	15.338	4.136
2026-09-28T07:34:14.939Z	spark1	PROFILE	14.832	7.436
2026-09-28T07:34:15.177Z	spark2	PROFILE	15.339	4.136
2026-09-28T07:34:15.189Z	spark1	PROFILE	14.819	7.436
2026-09-28T07:34:15.428Z	spark2	PROFILE	15.339	4.136
2026-09-28T07:34:15.440Z	spark1	PROFILE	14.826	7.436
2026-09-28T07:34:15.693Z	spark2	PROFILE	15.334	4.136
2026-09-28T07:34:15.703Z	spark1	PROFILE	14.819	7.436
2026-09-28T07:34:15.943Z	spark2	PROFILE	15.320	4.136
2026-09-28T07:34:15.953Z	spark1	PROFILE	14.812	7.436
2026-09-28T07:34:16.193Z	spark2	PROFILE	15.283	4.136
2026-09-28T07:34:16.204Z	spark1	PROFILE	14.773	7.436
2026-09-28T07:34:16.444Z	spark2	PROFILE	16.226	4.136
2026-09-28T07:34:16.454Z	spark1	PROFILE	18.570	7.436
2026-09-28T07:34:16.709Z	spark2	PROFILE	14.355	4.136
2026-09-28T07:34:16.722Z	spark1	PROFILE	14.322	7.436
2026-09-28T07:34:16.960Z	spark2	PROFILE	14.298	4.136
2026-09-28T07:34:16.972Z	spark1	PROFILE	14.288	7.436
2026-09-28T07:34:17.210Z	spark2	PROFILE	14.292	4.136
2026-09-28T07:34:17.223Z	spark1	PROFILE	14.267	7.436
2026-09-28T07:34:17.460Z	spark2	PROFILE	14.288	4.136
2026-09-28T07:34:17.473Z	spark1	PROFILE	14.264	7.436
2026-09-28T07:34:17.722Z	spark2	PROFILE	14.237	4.136
2026-09-28T07:34:17.735Z	spark1	PROFILE	14.227	7.436
2026-09-28T07:34:17.972Z	spark2	PROFILE	14.236	4.136
2026-09-28T07:34:17.985Z	spark1	PROFILE	14.219	7.436
2026-09-28T07:34:18.223Z	spark2	PROFILE	14.211	4.136
2026-09-28T07:34:18.236Z	spark1	PROFILE	14.218	7.436
2026-09-28T07:34:18.473Z	spark2	PROFILE	14.190	4.136
2026-09-28T07:34:18.486Z	spark1	PROFILE	14.193	7.436
2026-09-28T07:34:18.737Z	spark2	PROFILE	14.149	4.136
2026-09-28T07:34:18.756Z	spark1	PROFILE	14.193	7.436
2026-09-28T07:34:18.987Z	spark2	PROFILE	14.137	4.136
2026-09-28T07:34:19.006Z	spark1	PROFILE	14.196	7.436
2026-09-28T07:34:19.238Z	spark2	PROFILE	14.153	4.136
2026-09-28T07:34:19.257Z	spark1	PROFILE	14.199	7.436
2026-09-28T07:34:19.488Z	spark2	PROFILE	14.149	4.136
2026-09-28T07:34:19.508Z	spark1	PROFILE	14.198	7.436
2026-09-28T07:34:19.750Z	spark2	PROFILE	14.147	4.136
2026-09-28T07:34:19.774Z	spark1	PROFILE	14.196	7.436
2026-09-28T07:34:20.000Z	spark2	PROFILE	14.149	4.136
2026-09-28T07:34:20.024Z	spark1	PROFILE	14.202	7.436
2026-09-28T07:34:20.251Z	spark2	PROFILE	14.087	4.136
2026-09-28T07:34:20.276Z	spark1	PROFILE	14.161	7.436
2026-09-28T07:34:20.501Z	spark2	PROFILE	13.904	4.136
2026-09-28T07:34:20.526Z	spark1	PROFILE	13.919	7.436
2026-09-28T07:34:20.761Z	spark2	KV_READY	14.996	4.136
2026-09-28T07:34:20.788Z	spark1	KV_READY	15.110	7.436
2026-09-28T07:34:21.013Z	spark2	KV_READY	14.058	4.136
2026-09-28T07:34:21.039Z	spark1	KV_READY	12.713	7.436
2026-09-28T07:34:21.263Z	spark2	KV_READY	13.790	4.136
2026-09-28T07:34:21.289Z	spark1	KV_READY	12.708	7.436
2026-09-28T07:34:21.513Z	spark2	KV_READY	13.775	4.136
2026-09-28T07:34:21.539Z	spark1	KV_READY	12.689	7.436
2026-09-28T07:34:21.774Z	spark2	KV_READY	13.772	4.136
2026-09-28T07:34:21.801Z	spark1	KV_READY	12.683	7.436
2026-09-28T07:34:22.024Z	spark2	KV_READY	13.560	4.136
2026-09-28T07:34:22.051Z	spark1	KV_READY	12.676	7.436
2026-09-28T07:34:22.275Z	spark2	KV_READY	13.408	4.136
2026-09-28T07:34:22.302Z	spark1	KV_READY	12.666	7.436
2026-09-28T07:34:22.524Z	spark2	KV_READY	13.406	4.136
2026-09-28T07:34:22.552Z	spark1	KV_READY	12.653	7.436
2026-09-28T07:34:22.791Z	spark2	KV_READY	13.401	4.136
2026-09-28T07:34:22.813Z	spark1	KV_READY	12.648	7.436
2026-09-28T07:34:23.041Z	spark2	KV_READY	13.862	4.136
2026-09-28T07:34:23.063Z	spark1	KV_READY	12.641	7.436
2026-09-28T07:34:23.293Z	spark2	KV_READY	13.691	4.136
2026-09-28T07:34:23.313Z	spark1	KV_READY	12.552	7.436
2026-09-28T07:34:23.544Z	spark2	KV_READY	13.186	4.136
2026-09-28T07:34:23.564Z	spark1	KV_READY	13.022	7.436
2026-09-28T07:34:23.814Z	spark2	KV_READY	13.654	4.136
2026-09-28T07:34:23.834Z	spark1	KV_READY	13.021	7.436
2026-09-28T07:34:24.064Z	spark2	KV_READY	13.653	4.136
2026-09-28T07:34:24.085Z	spark1	KV_READY	13.021	7.436
2026-09-28T07:34:24.314Z	spark2	KV_READY	13.573	4.136
2026-09-28T07:34:24.335Z	spark1	KV_READY	13.020	7.436
2026-09-28T07:34:24.564Z	spark2	KV_READY	13.573	4.136
2026-09-28T07:34:24.585Z	spark1	KV_READY	13.007	7.436
2026-09-28T07:34:24.828Z	spark2	KV_READY	13.556	4.136
2026-09-28T07:34:24.854Z	spark1	KV_READY	13.001	7.436
2026-09-28T07:34:25.079Z	spark2	KV_READY	13.556	4.136
2026-09-28T07:34:25.105Z	spark1	KV_READY	13.005	7.436
2026-09-28T07:34:25.329Z	spark2	KV_READY	13.556	4.135
2026-09-28T07:34:25.355Z	spark1	KV_READY	13.005	7.436
2026-09-28T07:34:25.580Z	spark2	KV_READY	13.556	4.135
2026-09-28T07:34:25.605Z	spark1	KV_READY	13.005	7.436
2026-09-28T07:34:25.847Z	spark2	KV_READY	13.556	4.135
2026-09-28T07:34:25.873Z	spark1	KV_READY	13.005	7.436
2026-09-28T07:34:26.097Z	spark2	KV_READY	12.867	4.135
2026-09-28T07:34:26.123Z	spark1	KV_READY	12.758	7.436
2026-09-28T07:34:26.348Z	spark2	KV_READY	13.052	4.135
2026-09-28T07:34:26.373Z	spark1	KV_READY	12.753	7.436
2026-09-28T07:34:26.598Z	spark2	KV_READY	13.265	4.135
2026-09-28T07:34:26.623Z	spark1	KV_READY	12.976	7.436
2026-09-28T07:34:26.860Z	spark2	KV_READY	13.227	4.135
2026-09-28T07:34:26.891Z	spark1	KV_READY	12.901	7.436
2026-09-28T07:34:27.111Z	spark2	KV_READY	13.250	4.135
2026-09-28T07:34:27.141Z	spark1	KV_READY	12.913	7.436
2026-09-28T07:34:27.362Z	spark2	KV_READY	13.129	4.135
2026-09-28T07:34:27.391Z	spark1	KV_READY	12.796	7.435
2026-09-28T07:34:27.612Z	spark2	KV_READY	13.123	4.135
2026-09-28T07:34:27.642Z	spark1	KV_READY	12.794	7.435
2026-09-28T07:34:27.878Z	spark2	KV_READY	13.110	4.135
2026-09-28T07:34:27.906Z	spark1	KV_READY	12.778	7.435
2026-09-28T07:34:28.128Z	spark2	KV_READY	13.100	4.135
2026-09-28T07:34:28.156Z	spark1	KV_READY	12.777	7.435
2026-09-28T07:34:28.379Z	spark2	KV_READY	13.041	4.134
2026-09-28T07:34:28.407Z	spark1	KV_READY	12.722	7.435
2026-09-28T07:34:28.630Z	spark2	KV_READY	13.041	4.134
2026-09-28T07:34:28.657Z	spark1	KV_READY	12.704	7.435
2026-09-28T07:34:28.891Z	spark2	KV_READY	13.137	4.134
2026-09-28T07:34:28.920Z	spark1	KV_READY	12.604	7.435
2026-09-28T07:34:29.142Z	spark2	KV_READY	13.137	4.134
2026-09-28T07:34:29.170Z	spark1	KV_READY	12.596	7.435
2026-09-28T07:34:29.392Z	spark2	KV_READY	13.129	4.134
2026-09-28T07:34:29.421Z	spark1	KV_READY	12.589	7.435
2026-09-28T07:34:29.643Z	spark2	KV_READY	13.048	4.134
2026-09-28T07:34:29.671Z	spark1	KV_READY	12.627	7.435
2026-09-28T07:34:29.910Z	spark2	KV_READY	13.334	4.134
2026-09-28T07:34:29.934Z	spark1	KV_READY	13.021	7.435
2026-09-28T07:34:30.160Z	spark2	KV_READY	13.245	4.134
2026-09-28T07:34:30.185Z	spark1	KV_READY	12.899	7.435
2026-09-28T07:34:30.411Z	spark2	KV_READY	13.201	4.134
2026-09-28T07:34:30.436Z	spark1	KV_READY	12.785	7.435
2026-09-28T07:34:30.661Z	spark2	KV_READY	13.156	4.134
2026-09-28T07:34:30.686Z	spark1	KV_READY	12.732	7.435
2026-09-28T07:34:30.931Z	spark2	KV_READY	13.157	4.134
2026-09-28T07:34:30.960Z	spark1	KV_READY	12.710	7.434
2026-09-28T07:34:31.182Z	spark2	KV_READY	13.157	4.134
2026-09-28T07:34:31.211Z	spark1	KV_READY	12.708	7.434
2026-09-28T07:34:31.433Z	spark2	KV_READY	13.157	4.134
2026-09-28T07:34:31.462Z	spark1	KV_READY	12.708	7.434
2026-09-28T07:34:31.684Z	spark2	KV_READY	13.157	4.134
2026-09-28T07:34:31.712Z	spark1	KV_READY	12.708	7.434
2026-09-28T07:34:31.948Z	spark2	KV_READY	13.157	4.134
2026-09-28T07:34:31.975Z	spark1	KV_READY	12.618	7.434
2026-09-28T07:34:32.200Z	spark2	KV_READY	13.157	4.134
2026-09-28T07:34:32.225Z	spark1	KV_READY	12.317	7.434
2026-09-28T07:34:32.451Z	spark2	KV_READY	13.157	4.134
2026-09-28T07:34:32.476Z	spark1	KV_READY	12.317	7.434
2026-09-28T07:34:32.702Z	spark2	KV_READY	13.157	4.134
2026-09-28T07:34:32.726Z	spark1	KV_READY	12.239	7.434
2026-09-28T07:34:32.962Z	spark2	KV_READY	13.158	4.134
2026-09-28T07:34:32.993Z	spark1	KV_READY	12.115	7.434
2026-09-28T07:34:33.213Z	spark2	KV_READY	13.160	4.134
2026-09-28T07:34:33.243Z	spark1	KV_READY	12.115	7.434
2026-09-28T07:34:33.463Z	spark2	KV_READY	13.160	4.134
2026-09-28T07:34:33.493Z	spark1	KV_READY	12.115	7.434
2026-09-28T07:34:33.714Z	spark2	KV_READY	13.161	4.134
2026-09-28T07:34:33.744Z	spark1	KV_READY	12.116	7.434
2026-09-28T07:34:33.975Z	spark2	KV_READY	13.163	4.134
2026-09-28T07:34:34.006Z	spark1	KV_READY	12.112	7.434
2026-09-28T07:34:34.226Z	spark2	KV_READY	13.163	4.134
2026-09-28T07:34:34.256Z	spark1	KV_READY	12.112	7.434
2026-09-28T07:34:34.477Z	spark2	KV_READY	13.163	4.134
2026-09-28T07:34:34.507Z	spark1	KV_READY	12.103	7.434
2026-09-28T07:34:34.727Z	spark2	KV_READY	13.163	4.134
2026-09-28T07:34:34.757Z	spark1	KV_READY	12.103	7.434
2026-09-28T07:34:34.993Z	spark2	KV_READY	13.164	4.134
2026-09-28T07:34:35.019Z	spark1	KV_READY	12.015	7.434
2026-09-28T07:34:35.243Z	spark2	KV_READY	13.164	4.134
2026-09-28T07:34:35.269Z	spark1	KV_READY	11.914	7.433
2026-09-28T07:34:35.493Z	spark2	KV_READY	13.164	4.134
2026-09-28T07:34:35.519Z	spark1	KV_READY	11.796	7.433
2026-09-28T07:34:35.743Z	spark2	KV_READY	13.164	4.134
2026-09-28T07:34:35.770Z	spark1	KV_READY	11.796	7.433
2026-09-28T07:34:36.004Z	spark2	KV_READY	13.164	4.134
2026-09-28T07:34:36.033Z	spark1	KV_READY	11.751	7.433
2026-09-28T07:34:36.256Z	spark2	KV_READY	13.164	4.134
2026-09-28T07:34:36.285Z	spark1	KV_READY	11.748	7.433
2026-09-28T07:34:36.506Z	spark2	KV_READY	13.164	4.134
2026-09-28T07:34:36.535Z	spark1	KV_READY	11.743	7.433
2026-09-28T07:34:36.757Z	spark2	KV_READY	13.164	4.134
2026-09-28T07:34:36.786Z	spark1	KV_READY	11.736	7.433
2026-09-28T07:34:37.022Z	spark2	KV_READY	13.164	4.134
2026-09-28T07:34:37.048Z	spark1	KV_READY	11.710	7.433
2026-09-28T07:34:37.272Z	spark2	KV_READY	13.164	4.134
2026-09-28T07:34:37.299Z	spark1	KV_READY	12.411	7.433
2026-09-28T07:34:37.523Z	spark2	KV_READY	13.164	4.134
2026-09-28T07:34:37.550Z	spark1	KV_READY	12.404	7.433
2026-09-28T07:34:37.774Z	spark2	KV_READY	13.164	4.134
2026-09-28T07:34:37.800Z	spark1	KV_READY	12.395	7.433
2026-09-28T07:34:38.039Z	spark2	KV_READY	13.164	4.134
2026-09-28T07:34:38.063Z	spark1	KV_READY	12.387	7.433
2026-09-28T07:34:38.290Z	spark2	KV_READY	13.164	4.134
2026-09-28T07:34:38.313Z	spark1	KV_READY	12.379	7.433
2026-09-28T07:34:38.541Z	spark2	KV_READY	13.164	4.134
2026-09-28T07:34:38.563Z	spark1	KV_READY	12.370	7.433
2026-09-28T07:34:38.792Z	spark2	KV_READY	13.164	4.134
2026-09-28T07:34:38.813Z	spark1	KV_READY	12.366	7.433
2026-09-28T07:34:39.056Z	spark2	KV_READY	13.165	4.134
2026-09-28T07:34:39.079Z	spark1	KV_READY	12.331	7.433
2026-09-28T07:34:39.308Z	spark2	KV_READY	13.165	4.134
2026-09-28T07:34:39.329Z	spark1	KV_READY	12.277	7.432
2026-09-28T07:34:39.558Z	spark2	KV_READY	13.165	4.134
2026-09-28T07:34:39.580Z	spark1	KV_READY	11.987	7.432
2026-09-28T07:34:39.809Z	spark2	KV_READY	13.165	4.134
2026-09-28T07:34:39.831Z	spark1	KV_READY	11.979	7.432
2026-09-28T07:34:40.074Z	spark2	KV_READY	13.166	4.134
2026-09-28T07:34:40.093Z	spark1	KV_READY	11.608	7.432
2026-09-28T07:34:40.324Z	spark2	KV_READY	13.165	4.134
2026-09-28T07:34:40.343Z	spark1	KV_READY	11.559	7.432
2026-09-28T07:34:40.575Z	spark2	KV_READY	13.155	4.134
2026-09-28T07:34:40.594Z	spark1	KV_READY	11.577	7.432
2026-09-28T07:34:40.825Z	spark2	KV_READY	13.166	4.134
2026-09-28T07:34:40.844Z	spark1	KV_READY	11.537	7.432
2026-09-28T07:34:41.090Z	spark2	KV_READY	13.166	4.134
2026-09-28T07:34:41.110Z	spark1	KV_READY	11.487	7.432
2026-09-28T07:34:41.341Z	spark2	KV_READY	13.166	4.134
2026-09-28T07:34:41.360Z	spark1	KV_READY	11.475	7.432
2026-09-28T07:34:41.591Z	spark2	KV_READY	13.166	4.134
2026-09-28T07:34:41.611Z	spark1	KV_READY	11.459	7.432
2026-09-28T07:34:41.842Z	spark2	KV_READY	13.166	4.134
2026-09-28T07:34:41.861Z	spark1	KV_READY	11.444	7.432
2026-09-28T07:34:42.108Z	spark2	KV_READY	13.166	4.134
2026-09-28T07:34:42.127Z	spark1	KV_READY	11.436	7.432
2026-09-28T07:34:42.359Z	spark2	KV_READY	13.167	4.134
2026-09-28T07:34:42.378Z	spark1	KV_READY	11.409	7.432
2026-09-28T07:34:42.608Z	spark2	KV_READY	13.167	4.134
2026-09-28T07:34:42.628Z	spark1	KV_READY	11.399	7.432
2026-09-28T07:34:42.859Z	spark2	KV_READY	13.167	4.134
2026-09-28T07:34:42.879Z	spark1	KV_READY	11.391	7.432
2026-09-28T07:34:43.118Z	spark2	KV_READY	13.167	4.134
2026-09-28T07:34:43.145Z	spark1	KV_READY	11.357	7.432
2026-09-28T07:34:43.370Z	spark2	KV_READY	13.167	4.134
2026-09-28T07:34:43.396Z	spark1	KV_READY	11.349	7.432
2026-09-28T07:34:43.620Z	spark2	KV_READY	13.167	4.134
2026-09-28T07:34:43.646Z	spark1	KV_READY	11.326	7.432
2026-09-28T07:34:43.871Z	spark2	KV_READY	13.168	4.134
2026-09-28T07:34:43.897Z	spark1	KV_READY	11.323	7.432
2026-09-28T07:34:44.132Z	spark2	KV_READY	13.168	4.134
2026-09-28T07:34:44.164Z	spark1	KV_READY	11.296	7.432
2026-09-28T07:34:44.383Z	spark2	KV_READY	13.168	4.134
2026-09-28T07:34:44.414Z	spark1	KV_READY	11.288	7.432
2026-09-28T07:34:44.633Z	spark2	KV_READY	13.168	4.134
2026-09-28T07:34:44.665Z	spark1	KV_READY	11.274	7.432
2026-09-28T07:34:44.884Z	spark2	KV_READY	13.168	4.134
2026-09-28T07:34:44.915Z	spark1	KV_READY	11.258	7.432
2026-09-28T07:34:45.146Z	spark2	KV_READY	13.168	4.134
2026-09-28T07:34:45.177Z	spark1	KV_READY	11.238	7.432
2026-09-28T07:34:45.397Z	spark2	KV_READY	13.168	4.134
2026-09-28T07:34:45.427Z	spark1	KV_READY	11.227	7.432
2026-09-28T07:34:45.648Z	spark2	KV_READY	13.168	4.134
2026-09-28T07:34:45.678Z	spark1	KV_READY	11.217	7.432
2026-09-28T07:34:45.899Z	spark2	KV_READY	13.168	4.134
2026-09-28T07:34:45.928Z	spark1	KV_READY	11.210	7.432
2026-09-28T07:34:46.160Z	spark2	KV_READY	13.167	4.134
2026-09-28T07:34:46.196Z	spark1	KV_READY	11.202	7.432
2026-09-28T07:34:46.410Z	spark2	KV_READY	13.167	4.134
2026-09-28T07:34:46.446Z	spark1	KV_READY	11.186	7.432
2026-09-28T07:34:46.660Z	spark2	KV_READY	13.167	4.134
2026-09-28T07:34:46.697Z	spark1	KV_READY	11.179	7.432
2026-09-28T07:34:46.911Z	spark2	KV_READY	13.167	4.134
2026-09-28T07:34:46.947Z	spark1	KV_READY	11.166	7.432
2026-09-28T07:34:47.172Z	spark2	KV_READY	13.167	4.134
2026-09-28T07:34:47.213Z	spark1	KV_READY	11.132	7.432
2026-09-28T07:34:47.423Z	spark2	KV_READY	13.167	4.134
2026-09-28T07:34:47.464Z	spark1	KV_READY	11.131	7.432
2026-09-28T07:34:47.674Z	spark2	KV_READY	13.167	4.134
2026-09-28T07:34:47.715Z	spark1	KV_READY	11.123	7.432
2026-09-28T07:34:47.925Z	spark2	KV_READY	13.168	4.134
2026-09-28T07:34:47.965Z	spark1	KV_READY	11.125	7.432
2026-09-28T07:34:48.190Z	spark2	KV_READY	13.168	4.134
2026-09-28T07:34:48.232Z	spark1	KV_READY	11.125	7.432
2026-09-28T07:34:48.441Z	spark2	KV_READY	13.168	4.134
2026-09-28T07:34:48.482Z	spark1	KV_READY	11.125	7.431
2026-09-28T07:34:48.692Z	spark2	KV_READY	13.168	4.134
2026-09-28T07:34:48.733Z	spark1	KV_READY	11.115	7.430
2026-09-28T07:34:48.942Z	spark2	KV_READY	13.173	4.134
2026-09-28T07:34:48.983Z	spark1	KV_READY	11.119	7.430
2026-09-28T07:34:49.204Z	spark2	KV_READY	13.173	4.134
2026-09-28T07:34:49.249Z	spark1	KV_READY	11.112	7.429
2026-09-28T07:34:49.455Z	spark2	KV_READY	13.173	4.134
2026-09-28T07:34:49.499Z	spark1	KV_READY	11.094	7.429
2026-09-28T07:34:49.706Z	spark2	KV_READY	13.173	4.134
2026-09-28T07:34:49.750Z	spark1	KV_READY	11.086	7.428
2026-09-28T07:34:49.957Z	spark2	KV_READY	13.178	4.134
2026-09-28T07:34:50.001Z	spark1	KV_READY	11.079	7.426
2026-09-28T07:34:50.218Z	spark2	KV_READY	13.178	4.134
2026-09-28T07:34:50.263Z	spark1	KV_READY	11.080	7.426
2026-09-28T07:34:50.469Z	spark2	KV_READY	13.178	4.134
2026-09-28T07:34:50.514Z	spark1	KV_READY	11.075	7.425
2026-09-28T07:34:50.720Z	spark2	KV_READY	13.178	4.134
2026-09-28T07:34:50.765Z	spark1	KV_READY	11.071	7.425
2026-09-28T07:34:50.970Z	spark2	KV_READY	13.182	4.134
2026-09-28T07:34:51.015Z	spark1	KV_READY	11.060	7.425
2026-09-28T07:34:51.230Z	spark2	KV_READY	13.182	4.134
2026-09-28T07:34:51.282Z	spark1	KV_READY	11.040	7.425
2026-09-28T07:34:51.480Z	spark2	KV_READY	13.177	4.134
2026-09-28T07:34:51.532Z	spark1	KV_READY	11.023	7.424
2026-09-28T07:34:51.732Z	spark2	KV_READY	13.206	4.134
2026-09-28T07:34:51.782Z	spark1	KV_READY	11.008	7.424
2026-09-28T07:34:51.983Z	spark2	KV_READY	13.207	4.134
2026-09-28T07:34:52.033Z	spark1	KV_READY	11.012	7.424
2026-09-28T07:34:52.244Z	spark2	KV_READY	13.206	4.134
2026-09-28T07:34:52.298Z	spark1	KV_READY	11.001	7.424
2026-09-28T07:34:52.495Z	spark2	KV_READY	13.206	4.134
2026-09-28T07:34:52.549Z	spark1	KV_READY	10.984	7.423
2026-09-28T07:34:52.746Z	spark2	KV_READY	13.206	4.134
2026-09-28T07:34:52.799Z	spark1	KV_READY	10.983	7.423
2026-09-28T07:34:52.996Z	spark2	KV_READY	13.206	4.134
2026-09-28T07:34:53.049Z	spark1	KV_READY	10.970	7.423
2026-09-28T07:34:53.261Z	spark2	KV_READY	13.205	4.134
2026-09-28T07:34:53.312Z	spark1	KV_READY	10.969	7.423
2026-09-28T07:34:53.512Z	spark2	KV_READY	13.205	4.134
2026-09-28T07:34:53.562Z	spark1	KV_READY	10.936	7.423
2026-09-28T07:34:53.763Z	spark2	KV_READY	13.205	4.134
2026-09-28T07:34:53.812Z	spark1	KV_READY	10.918	7.423
2026-09-28T07:34:54.013Z	spark2	KV_READY	13.205	4.134
2026-09-28T07:34:54.063Z	spark1	KV_READY	10.911	7.423
2026-09-28T07:34:54.279Z	spark2	KV_READY	13.205	4.134
2026-09-28T07:34:54.330Z	spark1	KV_READY	10.902	7.423
2026-09-28T07:34:54.529Z	spark2	KV_READY	13.205	4.134
2026-09-28T07:34:54.579Z	spark1	KV_READY	10.891	7.423
2026-09-28T07:34:54.780Z	spark2	KV_READY	13.205	4.134
2026-09-28T07:34:54.830Z	spark1	KV_READY	10.878	7.423
2026-09-28T07:34:55.031Z	spark2	KV_READY	13.205	4.134
2026-09-28T07:34:55.081Z	spark1	KV_READY	10.871	7.423
2026-09-28T07:34:55.292Z	spark2	KV_READY	13.205	4.134
2026-09-28T07:34:55.347Z	spark1	KV_READY	10.869	7.423
2026-09-28T07:34:55.542Z	spark2	KV_READY	13.205	4.134
2026-09-28T07:34:55.598Z	spark1	KV_READY	10.830	7.423
2026-09-28T07:34:55.793Z	spark2	KV_READY	13.205	4.134
2026-09-28T07:34:55.848Z	spark1	KV_READY	10.830	7.423
2026-09-28T07:34:56.044Z	spark2	KV_READY	13.205	4.134
2026-09-28T07:34:56.098Z	spark1	KV_READY	10.827	7.423
2026-09-28T07:34:56.304Z	spark2	KV_READY	13.205	4.134
2026-09-28T07:34:56.365Z	spark1	KV_READY	10.826	7.423
2026-09-28T07:34:56.554Z	spark2	KV_READY	13.205	4.134
2026-09-28T07:34:56.615Z	spark1	KV_READY	10.818	7.423
2026-09-28T07:34:56.805Z	spark2	KV_READY	13.205	4.134
2026-09-28T07:34:56.866Z	spark1	KV_READY	10.818	7.423
2026-09-28T07:34:57.056Z	spark2	KV_READY	13.205	4.134
2026-09-28T07:34:57.116Z	spark1	KV_READY	10.814	7.423
2026-09-28T07:34:57.317Z	spark2	KV_READY	13.205	4.134
2026-09-28T07:34:57.383Z	spark1	KV_READY	10.819	7.423
2026-09-28T07:34:57.568Z	spark2	KV_READY	13.205	4.134
2026-09-28T07:34:57.633Z	spark1	KV_READY	10.798	7.423
2026-09-28T07:34:57.819Z	spark2	KV_READY	13.205	4.134
2026-09-28T07:34:57.883Z	spark1	KV_READY	10.791	7.423
2026-09-28T07:34:58.069Z	spark2	KV_READY	13.206	4.134
2026-09-28T07:34:58.133Z	spark1	KV_READY	10.785	7.423
2026-09-28T07:34:58.334Z	spark2	KV_READY	13.206	4.134
2026-09-28T07:34:58.400Z	spark1	KV_READY	10.785	7.423
2026-09-28T07:34:58.584Z	spark2	KV_READY	13.206	4.134
2026-09-28T07:34:58.650Z	spark1	KV_READY	10.770	7.423
2026-09-28T07:34:58.837Z	spark2	KV_READY	13.206	4.134
2026-09-28T07:34:58.900Z	spark1	KV_READY	10.771	7.423
2026-09-28T07:34:59.088Z	spark2	KV_READY	13.207	4.134
2026-09-28T07:34:59.151Z	spark1	KV_READY	10.765	7.423
2026-09-28T07:34:59.347Z	spark2	KV_READY	13.207	4.134
2026-09-28T07:34:59.418Z	spark1	KV_READY	10.750	7.423
2026-09-28T07:34:59.598Z	spark2	KV_READY	13.207	4.134
2026-09-28T07:34:59.668Z	spark1	KV_READY	10.734	7.423
2026-09-28T07:34:59.849Z	spark2	KV_READY	13.207	4.134
2026-09-28T07:34:59.919Z	spark1	KV_READY	10.728	7.423
2026-09-28T07:35:00.100Z	spark2	KV_READY	13.208	4.134
2026-09-28T07:35:00.169Z	spark1	KV_READY	10.720	7.423
2026-09-28T07:35:00.365Z	spark2	KV_READY	13.209	4.134
2026-09-28T07:35:00.436Z	spark1	KV_READY	10.717	7.423
2026-09-28T07:35:00.614Z	spark2	KV_READY	13.209	4.134
2026-09-28T07:35:00.686Z	spark1	KV_READY	10.701	7.423
2026-09-28T07:35:00.865Z	spark2	KV_READY	13.209	4.134
2026-09-28T07:35:00.936Z	spark1	KV_READY	10.685	7.423
2026-09-28T07:35:01.116Z	spark2	KV_READY	13.209	4.134
2026-09-28T07:35:01.186Z	spark1	KV_READY	10.692	7.423
2026-09-28T07:35:01.377Z	spark2	KV_READY	13.209	4.134
2026-09-28T07:35:01.453Z	spark1	KV_READY	10.683	7.423
2026-09-28T07:35:01.627Z	spark2	KV_READY	13.209	4.134
2026-09-28T07:35:01.703Z	spark1	KV_READY	10.650	7.423
2026-09-28T07:35:01.878Z	spark2	KV_READY	13.209	4.134
2026-09-28T07:35:01.953Z	spark1	KV_READY	10.613	7.422
2026-09-28T07:35:02.128Z	spark2	KV_READY	13.209	4.134
2026-09-28T07:35:02.203Z	spark1	KV_READY	10.596	7.422
2026-09-28T07:35:02.393Z	spark2	KV_READY	13.183	4.134
2026-09-28T07:35:02.469Z	spark1	KV_READY	10.566	7.422
2026-09-28T07:35:02.644Z	spark2	KV_READY	13.208	4.134
2026-09-28T07:35:02.720Z	spark1	KV_READY	10.533	7.422
2026-09-28T07:35:02.894Z	spark2	KV_READY	13.202	4.134
2026-09-28T07:35:02.971Z	spark1	KV_READY	10.530	7.422
2026-09-28T07:35:03.145Z	spark2	KV_READY	13.204	4.134
2026-09-28T07:35:03.221Z	spark1	KV_READY	10.525	7.422
2026-09-28T07:35:03.406Z	spark2	KV_READY	13.202	4.134
2026-09-28T07:35:03.485Z	spark1	KV_READY	10.508	7.422
2026-09-28T07:35:03.658Z	spark2	KV_READY	13.209	4.134
2026-09-28T07:35:03.735Z	spark1	KV_READY	10.484	7.422
2026-09-28T07:35:03.909Z	spark2	KV_READY	13.209	4.134
2026-09-28T07:35:03.985Z	spark1	KV_READY	10.487	7.422
2026-09-28T07:35:04.160Z	spark2	KV_READY	13.209	4.134
2026-09-28T07:35:04.235Z	spark1	KV_READY	10.477	7.422
2026-09-28T07:35:04.425Z	spark2	KV_READY	13.216	4.134
2026-09-28T07:35:04.503Z	spark1	KV_READY	10.470	7.422
2026-09-28T07:35:04.675Z	spark2	KV_READY	13.216	4.134
2026-09-28T07:35:04.753Z	spark1	KV_READY	10.463	7.422
2026-09-28T07:35:04.926Z	spark2	KV_READY	13.216	4.134
2026-09-28T07:35:05.004Z	spark1	KV_READY	10.480	7.421
2026-09-28T07:35:05.177Z	spark2	KV_READY	13.216	4.134
2026-09-28T07:35:05.254Z	spark1	KV_READY	10.340	7.399
2026-09-28T07:35:05.441Z	spark2	KV_READY	13.216	4.134
2026-09-28T07:35:05.521Z	spark1	KV_READY	10.296	7.372
2026-09-28T07:35:05.692Z	spark2	KV_READY	13.216	4.134
2026-09-28T07:35:05.771Z	spark1	KV_READY	10.291	7.366
2026-09-28T07:35:05.943Z	spark2	KV_READY	13.216	4.134
2026-09-28T07:35:06.022Z	spark1	KV_READY	10.295	7.366
2026-09-28T07:35:06.193Z	spark2	KV_READY	13.216	4.134
2026-09-28T07:35:06.272Z	spark1	KV_READY	10.271	7.349
2026-09-28T07:35:06.458Z	spark2	KV_READY	13.216	4.134
2026-09-28T07:35:06.539Z	spark1	KV_READY	10.245	7.319
2026-09-28T07:35:06.709Z	spark2	KV_READY	13.216	4.134
2026-09-28T07:35:06.790Z	spark1	KV_READY	10.238	7.291
2026-09-28T07:35:06.959Z	spark2	KV_READY	13.216	4.134
2026-09-28T07:35:07.041Z	spark1	KV_READY	10.214	7.262
2026-09-28T07:35:07.211Z	spark2	KV_READY	13.216	4.134
2026-09-28T07:35:07.291Z	spark1	KV_READY	10.294	7.253
2026-09-28T07:35:07.476Z	spark2	KV_READY	13.216	4.134
2026-09-28T07:35:07.558Z	spark1	KV_READY	10.287	7.247
2026-09-28T07:35:07.727Z	spark2	KV_READY	13.216	4.134
2026-09-28T07:35:07.808Z	spark1	KV_READY	10.240	7.247
2026-09-28T07:35:07.978Z	spark2	KV_READY	13.216	4.134
2026-09-28T07:35:08.058Z	spark1	KV_READY	10.304	7.246
2026-09-28T07:35:08.227Z	spark2	KV_READY	13.216	4.134
2026-09-28T07:35:08.309Z	spark1	KV_READY	11.045	7.246
2026-09-28T07:35:08.493Z	spark2	KV_READY	13.215	4.134
2026-09-28T07:35:08.571Z	spark1	KV_READY	11.034	7.245
2026-09-28T07:35:08.743Z	spark2	KV_READY	13.215	4.134
2026-09-28T07:35:08.821Z	spark1	KV_READY	10.945	7.246
2026-09-28T07:35:08.994Z	spark2	KV_READY	13.215	4.134
2026-09-28T07:35:09.072Z	spark1	KV_READY	10.732	7.246
2026-09-28T07:35:09.245Z	spark2	KV_READY	13.215	4.134
2026-09-28T07:35:09.322Z	spark1	KV_READY	10.334	7.246
2026-09-28T07:35:09.509Z	spark2	KV_READY	13.215	4.134
2026-09-28T07:35:09.589Z	spark1	KV_READY	10.260	7.246
2026-09-28T07:35:09.759Z	spark2	KV_READY	13.215	4.134
2026-09-28T07:35:09.839Z	spark1	KV_READY	10.195	7.246
2026-09-28T07:35:10.010Z	spark2	KV_READY	13.215	4.134
2026-09-28T07:35:10.090Z	spark1	KV_READY	10.176	7.246
2026-09-28T07:35:10.261Z	spark2	KV_READY	13.215	4.134
2026-09-28T07:35:10.340Z	spark1	KV_READY	10.016	7.246
2026-09-28T07:35:10.527Z	spark2	KV_READY	13.215	4.134
2026-09-28T07:35:10.608Z	spark1	KV_READY	9.463	7.246
2026-09-28T07:35:10.778Z	spark2	KV_READY	13.215	4.134
2026-09-28T07:35:10.858Z	spark1	KV_READY	9.048	7.246
2026-09-28T07:35:11.028Z	spark2	KV_READY	13.215	4.134
2026-09-28T07:35:11.109Z	spark1	KV_READY	9.016	7.246
2026-09-28T07:35:11.279Z	spark2	KV_READY	13.215	4.134
2026-09-28T07:35:11.359Z	spark1	KV_READY	8.315	7.246
2026-09-28T07:35:11.543Z	spark2	KV_READY	13.215	4.134
2026-09-28T07:35:11.622Z	spark1	KV_READY	8.339	7.246
2026-09-28T07:35:11.794Z	spark2	KV_READY	13.215	4.134
2026-09-28T07:35:11.872Z	spark1	KV_READY	8.162	7.246
2026-09-28T07:35:12.045Z	spark2	KV_READY	13.215	4.134
2026-09-28T07:35:12.122Z	spark1	KV_READY	8.066	7.246
2026-09-28T07:35:12.294Z	spark2	KV_READY	13.215	4.134
2026-09-28T07:35:12.373Z	spark1	KV_READY	7.971	7.246
2026-09-28T07:35:12.559Z	spark2	KV_READY	13.218	4.134
2026-09-28T07:35:12.637Z	spark1	KV_READY	7.831	7.246
2026-09-28T07:35:12.810Z	spark2	KV_READY	13.218	4.134
2026-09-28T07:35:12.888Z	spark1	KV_READY	7.659	7.246
2026-09-28T07:35:13.060Z	spark2	KV_READY	13.218	4.134
2026-09-28T07:35:13.139Z	spark1	KV_READY	8.744	7.246
2026-09-28T07:35:13.311Z	spark2	KV_READY	13.214	4.134
2026-09-28T07:35:13.389Z	spark1	KV_READY	8.705	7.246
2026-09-28T07:35:13.576Z	spark2	KV_READY	13.206	4.134
2026-09-28T07:35:13.653Z	spark1	KV_READY	8.690	7.246
2026-09-28T07:35:13.827Z	spark2	KV_READY	13.206	4.134
2026-09-28T07:35:13.903Z	spark1	KV_READY	8.690	7.246
2026-09-28T07:35:14.077Z	spark2	KV_READY	13.206	4.134
2026-09-28T07:35:14.153Z	spark1	KV_READY	8.675	7.246
2026-09-28T07:35:14.328Z	spark2	KV_READY	13.206	4.134
2026-09-28T07:35:14.404Z	spark1	KV_READY	8.675	7.246
2026-09-28T07:35:14.593Z	spark2	KV_READY	13.209	4.134
2026-09-28T07:35:14.667Z	spark1	KV_READY	8.549	7.246
2026-09-28T07:35:14.844Z	spark2	KV_READY	13.209	4.134
2026-09-28T07:35:14.917Z	spark1	KV_READY	8.620	7.246
2026-09-28T07:35:15.095Z	spark2	KV_READY	13.211	4.134
2026-09-28T07:35:15.168Z	spark1	KV_READY	9.310	7.246
2026-09-28T07:35:15.346Z	spark2	KV_READY	13.211	4.134
2026-09-28T07:35:15.419Z	spark1	KV_READY	10.395	7.246
2026-09-28T07:35:15.611Z	spark2	KV_READY	13.211	4.134
2026-09-28T07:35:15.687Z	spark1	KV_READY	10.037	7.246
2026-09-28T07:35:15.861Z	spark2	KV_READY	13.211	4.134
2026-09-28T07:35:15.937Z	spark1	KV_READY	9.937	7.246
2026-09-28T07:35:16.112Z	spark2	KV_READY	13.213	4.134
2026-09-28T07:35:16.188Z	spark1	KV_READY	9.875	7.246
2026-09-28T07:35:16.363Z	spark2	KV_READY	13.213	4.134
2026-09-28T07:35:16.438Z	spark1	KV_READY	9.875	7.246
2026-09-28T07:35:16.628Z	spark2	KV_READY	13.213	4.134
2026-09-28T07:35:16.700Z	spark1	KV_READY	8.860	7.246
2026-09-28T07:35:16.878Z	spark2	KV_READY	13.213	4.134
2026-09-28T07:35:16.951Z	spark1	KV_READY	8.506	7.246
2026-09-28T07:35:17.130Z	spark2	KV_READY	13.213	4.134
2026-09-28T07:35:17.201Z	spark1	KV_READY	7.982	7.246
2026-09-28T07:35:17.379Z	spark2	KV_READY	13.213	4.134
2026-09-28T07:35:17.452Z	spark1	KV_READY	7.187	7.246
2026-09-28T07:35:17.644Z	spark2	KV_READY	13.213	4.134
2026-09-28T07:35:17.714Z	spark1	KV_READY	7.177	7.246
2026-09-28T07:35:17.895Z	spark2	KV_READY	13.213	4.134
2026-09-28T07:35:17.964Z	spark1	KV_READY	7.167	7.246
2026-09-28T07:35:18.145Z	spark2	KV_READY	13.213	4.134
2026-09-28T07:35:18.214Z	spark1	KV_READY	7.026	7.245
2026-09-28T07:35:18.397Z	spark2	KV_READY	13.213	4.134
2026-09-28T07:35:18.465Z	spark1	KV_READY	7.025	7.245
2026-09-28T07:35:18.661Z	spark2	KV_READY	13.213	4.134
2026-09-28T07:35:18.732Z	spark1	KV_READY	7.024	7.245
2026-09-28T07:35:18.912Z	spark2	KV_READY	13.213	4.134
2026-09-28T07:35:18.982Z	spark1	KV_READY	7.024	7.245
2026-09-28T07:35:19.163Z	spark2	KV_READY	13.213	4.134
2026-09-28T07:35:19.232Z	spark1	KV_READY	7.023	7.245
2026-09-28T07:35:19.413Z	spark2	KV_READY	13.213	4.134
2026-09-28T07:35:19.482Z	spark1	KV_READY	7.022	7.245
2026-09-28T07:35:19.698Z	spark2	KV_READY	13.213	4.134
2026-09-28T07:35:19.750Z	spark1	SERVING	7.014	7.245
2026-09-28T07:35:19.929Z	spark2	SERVING	13.213	4.134
2026-09-28T07:35:20.000Z	spark1	SERVING	7.014	7.245
2026-09-28T07:35:20.251Z	spark1	SERVING	6.990	7.245
2026-09-28T07:35:20.501Z	spark1	SERVING	6.989	7.245
2026-09-28T07:35:20.696Z	spark2	SERVING	13.213	4.134
2026-09-28T07:35:20.769Z	spark1	SERVING	6.989	7.245
2026-09-28T07:35:21.718Z	spark2	SERVING	13.213	4.134
2026-09-28T07:35:21.794Z	spark1	SERVING	6.981	7.245
2026-09-28T07:35:22.294Z	spark1	SERVING	6.965	7.245
2026-09-28T07:35:22.545Z	spark1	SERVING	6.965	7.245
2026-09-28T07:35:22.808Z	spark1	SERVING	6.962	7.245
2026-09-28T07:35:23.821Z	spark1	SERVING	6.933	7.245
2026-09-28T07:35:24.072Z	spark1	SERVING	6.924	7.245
2026-09-28T07:35:24.238Z	spark2	SERVING	13.197	4.134
2026-09-28T07:35:24.322Z	spark1	SERVING	6.897	7.245
2026-09-28T07:35:24.572Z	spark1	SERVING	6.897	7.245
2026-09-28T07:35:24.839Z	spark1	SERVING	6.894	7.245
2026-09-28T07:35:29.313Z	spark2	SERVING	13.203	4.134
2026-09-28T07:35:29.920Z	spark1	SERVING	6.968	7.245
2026-09-28T07:35:34.387Z	spark2	SERVING	13.206	4.134
2026-09-28T07:35:35.013Z	spark1	SERVING	7.086	7.243
2026-09-28T07:35:36.161Z	spark2	SERVING	13.196	4.134
2026-09-28T07:35:40.094Z	spark1	SERVING	7.066	7.242
2026-09-28T07:35:41.231Z	spark2	SERVING	13.199	4.134
2026-09-28T07:35:45.179Z	spark1	SERVING	7.114	7.241
2026-09-28T07:35:46.301Z	spark2	SERVING	13.200	4.134
2026-09-28T07:35:50.257Z	spark1	SERVING	7.077	7.241
2026-09-28T07:35:50.363Z	spark2	SERVING	13.196	4.134
2026-09-28T07:35:52.888Z	spark2	SERVING	13.185	4.133
2026-09-28T07:35:53.148Z	spark2	SERVING	13.183	4.133
2026-09-28T07:35:53.649Z	spark2	SERVING	13.160	4.133
2026-09-28T07:35:53.899Z	spark2	SERVING	13.158	4.133
2026-09-28T07:35:54.160Z	spark2	SERVING	13.158	4.133
2026-09-28T07:35:54.321Z	spark1	SERVING	6.884	7.239
2026-09-28T07:35:54.411Z	spark2	SERVING	13.153	4.133
2026-09-28T07:35:55.183Z	spark2	SERVING	13.153	4.133
2026-09-28T07:35:57.481Z	spark2	SERVING	13.131	4.133
2026-09-28T07:35:57.730Z	spark2	SERVING	13.125	4.133
2026-09-28T07:35:59.457Z	spark1	SERVING	6.905	7.239
2026-09-28T07:36:02.855Z	spark2	SERVING	13.147	4.133
2026-09-28T07:36:04.593Z	spark1	SERVING	6.976	7.239
2026-09-28T07:36:07.968Z	spark2	SERVING	13.153	4.133
2026-09-28T07:36:09.737Z	spark1	SERVING	7.010	7.239
2026-09-28T07:36:13.082Z	spark2	SERVING	13.159	4.133
2026-09-28T07:36:14.867Z	spark1	SERVING	7.059	7.239
2026-09-28T07:36:18.202Z	spark2	SERVING	13.162	4.133
2026-09-28T07:36:19.997Z	spark1	SERVING	7.094	7.238
2026-09-28T07:36:23.331Z	spark2	SERVING	13.169	4.132
2026-09-28T07:36:25.127Z	spark1	SERVING	7.130	7.238
2026-09-28T07:36:28.459Z	spark2	SERVING	13.172	4.132
2026-09-28T07:36:30.258Z	spark1	SERVING	7.122	7.238
2026-09-28T07:36:33.573Z	spark2	SERVING	13.166	4.132
2026-09-28T07:36:35.381Z	spark1	SERVING	7.111	7.238
2026-09-28T07:36:38.699Z	spark2	SERVING	13.170	4.132
2026-09-28T07:36:40.515Z	spark1	SERVING	7.134	7.237
2026-09-28T07:36:43.813Z	spark2	SERVING	13.160	4.132
2026-09-28T07:36:45.643Z	spark1	SERVING	7.116	7.237
2026-09-28T07:36:48.929Z	spark2	SERVING	13.161	4.132
2026-09-28T07:36:50.773Z	spark1	SERVING	7.130	7.237
2026-09-28T07:36:54.044Z	spark2	SERVING	13.142	4.132
2026-09-28T07:36:55.891Z	spark1	SERVING	7.104	7.237
2026-09-28T07:36:59.157Z	spark2	SERVING	13.150	4.132
2026-09-28T07:37:01.022Z	spark1	SERVING	7.113	7.237
2026-09-28T07:37:04.274Z	spark2	SERVING	13.159	4.132
2026-09-28T07:37:06.156Z	spark1	SERVING	7.100	7.237
2026-09-28T07:37:09.406Z	spark2	SERVING	13.164	4.132
2026-09-28T07:37:11.279Z	spark1	SERVING	7.119	7.236
2026-09-28T07:37:14.529Z	spark2	SERVING	13.165	4.132
2026-09-28T07:37:16.405Z	spark1	SERVING	7.089	7.236
2026-09-28T07:37:19.646Z	spark2	SERVING	13.178	4.131
2026-09-28T07:37:21.543Z	spark1	SERVING	7.091	7.236
2026-09-28T07:37:24.764Z	spark2	SERVING	14.415	4.131
2026-09-28T07:37:26.674Z	spark1	SERVING	8.058	7.236
2026-09-28T07:37:29.883Z	spark2	SERVING	14.393	4.131
2026-09-28T07:37:31.797Z	spark1	SERVING	8.067	7.236
2026-09-28T07:37:35.004Z	spark2	SERVING	14.397	4.131
2026-09-28T07:37:36.915Z	spark1	SERVING	8.076	7.235
2026-09-28T07:37:40.127Z	spark2	SERVING	14.389	4.131
2026-09-28T07:37:42.038Z	spark1	SERVING	8.061	7.235
2026-09-28T07:37:45.246Z	spark2	SERVING	14.389	4.131
2026-09-28T07:37:47.164Z	spark1	SERVING	8.101	7.235
2026-09-28T07:37:50.373Z	spark2	SERVING	14.392	4.131
2026-09-28T07:37:52.278Z	spark1	SERVING	8.095	7.235
2026-09-28T07:37:55.496Z	spark2	SERVING	14.392	4.131
2026-09-28T07:37:57.409Z	spark1	SERVING	8.127	7.235
2026-09-28T07:38:00.618Z	spark2	SERVING	14.396	4.131
2026-09-28T07:38:02.531Z	spark1	SERVING	8.090	7.235
2026-09-28T07:38:05.734Z	spark2	SERVING	14.399	4.131
2026-09-28T07:38:07.646Z	spark1	SERVING	8.108	7.235
2026-09-28T07:38:10.852Z	spark2	SERVING	14.400	4.131
2026-09-28T07:38:12.773Z	spark1	SERVING	8.105	7.235
2026-09-28T07:38:15.968Z	spark2	SERVING	14.384	4.131
2026-09-28T07:38:17.906Z	spark1	SERVING	8.121	7.235
2026-09-28T07:38:21.082Z	spark2	SERVING	14.387	4.131
2026-09-28T07:38:23.035Z	spark1	SERVING	8.100	7.235
2026-09-28T07:38:26.197Z	spark2	SERVING	14.388	4.130
2026-09-28T07:38:28.168Z	spark1	SERVING	8.083	7.235
2026-09-28T07:38:31.316Z	spark2	SERVING	14.389	4.130
2026-09-28T07:38:33.295Z	spark1	SERVING	8.109	7.235
2026-09-28T07:38:36.428Z	spark2	SERVING	14.379	4.130
2026-09-28T07:38:38.431Z	spark1	SERVING	8.111	7.235
2026-09-28T07:38:41.547Z	spark2	SERVING	14.383	4.130
2026-09-28T07:38:43.569Z	spark1	SERVING	8.119	7.235
2026-09-28T07:38:46.657Z	spark2	SERVING	14.371	4.130
2026-09-28T07:38:48.701Z	spark1	SERVING	8.113	7.235
2026-09-28T07:38:51.777Z	spark2	SERVING	14.376	4.130
2026-09-28T07:38:53.839Z	spark1	SERVING	8.116	7.234
2026-09-28T07:38:56.890Z	spark2	SERVING	14.383	4.130
2026-09-28T07:38:58.978Z	spark1	SERVING	8.124	7.234
2026-09-28T07:39:02.009Z	spark2	SERVING	14.390	4.130
2026-09-28T07:39:04.106Z	spark1	SERVING	8.134	7.234
2026-09-28T07:39:07.136Z	spark2	SERVING	14.390	4.130
2026-09-28T07:39:09.237Z	spark1	SERVING	8.100	7.234
2026-09-28T07:39:12.250Z	spark2	SERVING	14.386	4.130
2026-09-28T07:39:14.372Z	spark1	SERVING	8.110	7.234
2026-09-28T07:39:17.375Z	spark2	SERVING	15.034	4.130
2026-09-28T07:39:19.499Z	spark1	SERVING	8.733	7.234
2026-09-28T07:39:22.498Z	spark2	SERVING	15.035	4.130
2026-09-28T07:39:24.631Z	spark1	SERVING	8.735	7.234
2026-09-28T07:39:27.617Z	spark2	SERVING	15.036	4.130
2026-09-28T07:39:29.753Z	spark1	SERVING	8.764	7.234
2026-09-28T07:39:32.728Z	spark2	SERVING	15.053	4.130
2026-09-28T07:39:34.887Z	spark1	SERVING	8.742	7.234
2026-09-28T07:39:37.834Z	spark2	SERVING	15.053	4.130
2026-09-28T07:39:40.012Z	spark1	SERVING	8.739	7.234
2026-09-28T07:39:42.952Z	spark2	SERVING	15.024	4.130
2026-09-28T07:39:45.131Z	spark1	SERVING	8.733	7.233
2026-09-28T07:39:48.069Z	spark2	SERVING	15.029	4.130
2026-09-28T07:39:50.262Z	spark1	SERVING	8.758	7.233
2026-09-28T07:39:53.190Z	spark2	SERVING	15.022	4.130
2026-09-28T07:39:55.387Z	spark1	SERVING	8.787	7.233
2026-09-28T07:39:58.310Z	spark2	SERVING	15.019	4.129
2026-09-28T07:40:00.516Z	spark1	SERVING	8.780	7.233
2026-09-28T07:40:03.436Z	spark2	SERVING	15.027	4.129
2026-09-28T07:40:05.649Z	spark1	SERVING	8.756	7.233
2026-09-28T07:40:08.560Z	spark2	SERVING	15.026	4.129
2026-09-28T07:40:10.787Z	spark1	SERVING	8.754	7.233
2026-09-28T07:40:13.686Z	spark2	SERVING	15.026	4.129
2026-09-28T07:40:15.924Z	spark1	SERVING	8.712	7.233
2026-09-28T07:40:18.815Z	spark2	SERVING	15.029	4.129
2026-09-28T07:40:21.046Z	spark1	SERVING	8.747	7.233
2026-09-28T07:40:23.933Z	spark2	SERVING	15.043	4.129
2026-09-28T07:40:26.180Z	spark1	SERVING	8.778	7.233
2026-09-28T07:40:29.046Z	spark2	SERVING	15.027	4.129
2026-09-28T07:40:31.316Z	spark1	SERVING	8.756	7.233
2026-09-28T07:40:34.160Z	spark2	SERVING	15.027	4.129
2026-09-28T07:40:36.447Z	spark1	SERVING	8.760	7.233
2026-09-28T07:40:39.280Z	spark2	SERVING	15.017	4.129
2026-09-28T07:40:41.573Z	spark1	SERVING	8.745	7.233
2026-09-28T07:40:44.397Z	spark2	SERVING	15.025	4.129
2026-09-28T07:40:46.696Z	spark1	SERVING	8.758	7.233
2026-09-28T07:40:49.522Z	spark2	SERVING	15.015	4.129
2026-09-28T07:40:51.823Z	spark1	SERVING	8.725	7.233
2026-09-28T07:40:54.642Z	spark2	SERVING	15.017	4.129
2026-09-28T07:40:56.961Z	spark1	SERVING	8.739	7.233
2026-09-28T07:40:59.748Z	spark2	SERVING	15.016	4.129
2026-09-28T07:41:02.091Z	spark1	SERVING	8.724	7.233
2026-09-28T07:41:04.865Z	spark2	SERVING	15.023	4.129
2026-09-28T07:41:07.227Z	spark1	SERVING	8.732	7.233
2026-09-28T07:41:09.975Z	spark2	SERVING	15.020	4.129
2026-09-28T07:41:12.365Z	spark1	SERVING	8.729	7.232
2026-09-28T07:41:15.092Z	spark2	SERVING	15.013	4.129
2026-09-28T07:41:17.497Z	spark1	SERVING	8.732	7.232
2026-09-28T07:41:20.199Z	spark2	SERVING	15.022	4.129
2026-09-28T07:41:22.627Z	spark1	SERVING	8.739	7.232
2026-09-28T07:41:25.309Z	spark2	SERVING	15.041	4.129
2026-09-28T07:41:27.760Z	spark1	SERVING	8.749	7.232
2026-09-28T07:41:30.412Z	spark2	SERVING	15.039	4.129
2026-09-28T07:41:32.884Z	spark1	SERVING	8.745	7.232
2026-09-28T07:41:35.529Z	spark2	SERVING	15.040	4.129
2026-09-28T07:41:38.014Z	spark1	SERVING	8.738	7.232
2026-09-28T07:41:40.645Z	spark2	SERVING	15.040	4.129
2026-09-28T07:41:43.146Z	spark1	SERVING	8.741	7.232
2026-09-28T07:41:45.760Z	spark2	SERVING	15.030	4.129
2026-09-28T07:41:48.285Z	spark1	SERVING	8.732	7.232
2026-09-28T07:41:50.886Z	spark2	SERVING	15.031	4.129
2026-09-28T07:41:53.416Z	spark1	SERVING	8.757	7.232
2026-09-28T07:41:56.004Z	spark2	SERVING	15.037	4.129
2026-09-28T07:41:58.549Z	spark1	SERVING	8.710	7.231
2026-09-28T07:42:01.124Z	spark2	SERVING	15.025	4.129
2026-09-28T07:42:03.671Z	spark1	SERVING	8.729	7.231
2026-09-28T07:42:06.236Z	spark2	SERVING	15.039	4.129
2026-09-28T07:42:08.805Z	spark1	SERVING	8.683	7.231
2026-09-28T07:42:11.348Z	spark2	SERVING	15.019	4.129
2026-09-28T07:42:13.922Z	spark1	SERVING	8.711	7.231
2026-09-28T07:42:16.463Z	spark2	SERVING	15.028	4.129
2026-09-28T07:42:19.039Z	spark1	SERVING	8.706	7.231
2026-09-28T07:42:21.574Z	spark2	SERVING	15.038	4.129
2026-09-28T07:42:24.163Z	spark1	SERVING	8.710	7.231
2026-09-28T07:42:26.698Z	spark2	SERVING	15.038	4.129
2026-09-28T07:42:29.302Z	spark1	SERVING	8.736	7.231
2026-09-28T07:42:31.811Z	spark2	SERVING	15.039	4.129
2026-09-28T07:42:34.427Z	spark1	SERVING	8.712	7.231
2026-09-28T07:42:36.928Z	spark2	SERVING	15.038	4.129
2026-09-28T07:42:39.543Z	spark1	SERVING	8.715	7.231
2026-09-28T07:42:42.040Z	spark2	SERVING	15.037	4.129
2026-09-28T07:42:44.663Z	spark1	SERVING	8.710	7.231
2026-09-28T07:42:47.156Z	spark2	SERVING	15.038	4.129
2026-09-28T07:42:49.781Z	spark1	SERVING	8.736	7.231
2026-09-28T07:42:52.276Z	spark2	SERVING	15.038	4.129
2026-09-28T07:42:54.899Z	spark1	SERVING	8.730	7.231
2026-09-28T07:42:57.396Z	spark2	SERVING	15.027	4.129
2026-09-28T07:43:00.015Z	spark1	SERVING	8.745	7.231
2026-09-28T07:43:02.509Z	spark2	SERVING	15.030	4.129
2026-09-28T07:43:05.138Z	spark1	SERVING	8.733	7.231
2026-09-28T07:43:07.627Z	spark2	SERVING	15.034	4.129
2026-09-28T07:43:10.272Z	spark1	SERVING	8.738	7.230
2026-09-28T07:43:12.734Z	spark2	SERVING	15.037	4.129
2026-09-28T07:43:15.394Z	spark1	SERVING	8.732	7.230
2026-09-28T07:43:17.852Z	spark2	SERVING	15.042	4.129
2026-09-28T07:43:20.517Z	spark1	SERVING	8.720	7.230
2026-09-28T07:43:22.967Z	spark2	SERVING	15.043	4.129
2026-09-28T07:43:25.648Z	spark1	SERVING	8.729	7.230
2026-09-28T07:43:28.084Z	spark2	SERVING	15.045	4.129
2026-09-28T07:43:30.769Z	spark1	SERVING	8.726	7.230
2026-09-28T07:43:33.194Z	spark2	SERVING	15.045	4.129
2026-09-28T07:43:35.902Z	spark1	SERVING	8.739	7.230
2026-09-28T07:43:38.307Z	spark2	SERVING	15.046	4.129
2026-09-28T07:43:41.036Z	spark1	SERVING	8.740	7.230
2026-09-28T07:43:43.422Z	spark2	SERVING	15.049	4.129
2026-09-28T07:43:46.152Z	spark1	SERVING	8.745	7.230
2026-09-28T07:43:48.538Z	spark2	SERVING	15.049	4.129
2026-09-28T07:43:51.287Z	spark1	SERVING	8.723	7.230
2026-09-28T07:43:53.657Z	spark2	SERVING	15.050	4.129
2026-09-28T07:43:56.414Z	spark1	SERVING	8.736	7.230
2026-09-28T07:43:58.765Z	spark2	SERVING	15.053	4.129
2026-09-28T07:44:01.538Z	spark1	SERVING	8.700	7.230
2026-09-28T07:44:03.876Z	spark2	SERVING	15.036	4.129
2026-09-28T07:44:06.660Z	spark1	SERVING	8.707	7.230
2026-09-28T07:44:08.987Z	spark2	SERVING	15.046	4.129
2026-09-28T07:44:11.790Z	spark1	SERVING	8.708	7.230
2026-09-28T07:44:14.106Z	spark2	SERVING	15.035	4.129
2026-09-28T07:44:16.921Z	spark1	SERVING	8.715	7.230
2026-09-28T07:44:19.221Z	spark2	SERVING	15.040	4.129
2026-09-28T07:44:22.051Z	spark1	SERVING	8.713	7.230
2026-09-28T07:44:24.337Z	spark2	SERVING	15.022	4.129
2026-09-28T07:44:27.184Z	spark1	SERVING	8.727	7.230
2026-09-28T07:44:29.456Z	spark2	SERVING	15.038	4.129
2026-09-28T07:44:32.320Z	spark1	SERVING	8.727	7.229
2026-09-28T07:44:34.570Z	spark2	SERVING	15.053	4.129
2026-09-28T07:44:37.456Z	spark1	SERVING	8.750	7.226
2026-09-28T07:44:39.685Z	spark2	SERVING	15.052	4.129
2026-09-28T07:44:42.591Z	spark1	SERVING	8.747	7.226
2026-09-28T07:44:44.796Z	spark2	SERVING	15.052	4.129
2026-09-28T07:44:47.724Z	spark1	SERVING	8.706	7.226
2026-09-28T07:44:49.911Z	spark2	SERVING	15.054	4.129
2026-09-28T07:44:52.853Z	spark1	SERVING	8.740	7.226
2026-09-28T07:44:55.026Z	spark2	SERVING	15.057	4.129
2026-09-28T07:44:57.968Z	spark1	SERVING	8.726	7.226
2026-09-28T07:45:00.145Z	spark2	SERVING	15.064	4.128
2026-09-28T07:45:03.085Z	spark1	SERVING	8.727	7.226
2026-09-28T07:45:05.259Z	spark2	SERVING	15.064	4.128
2026-09-28T07:45:08.207Z	spark1	SERVING	8.712	7.226
2026-09-28T07:45:10.380Z	spark2	SERVING	15.038	4.128
2026-09-28T07:45:13.341Z	spark1	SERVING	8.720	7.226
2026-09-28T07:45:15.500Z	spark2	SERVING	15.040	4.128
2026-09-28T07:45:18.466Z	spark1	SERVING	8.710	7.226
2026-09-28T07:45:20.618Z	spark2	SERVING	15.004	4.128
2026-09-28T07:45:23.598Z	spark1	SERVING	8.712	7.226
2026-09-28T07:45:25.740Z	spark2	SERVING	15.010	4.128
2026-09-28T07:45:28.723Z	spark1	SERVING	8.737	7.226
2026-09-28T07:45:30.858Z	spark2	SERVING	15.023	4.128
2026-09-28T07:45:33.860Z	spark1	SERVING	8.737	7.226
2026-09-28T07:45:35.979Z	spark2	SERVING	15.023	4.128
2026-09-28T07:45:38.977Z	spark1	SERVING	8.749	7.226
2026-09-28T07:45:41.107Z	spark2	SERVING	15.023	4.128
2026-09-28T07:45:44.110Z	spark1	SERVING	8.711	7.226
2026-09-28T07:45:46.234Z	spark2	SERVING	15.025	4.128
2026-09-28T07:45:49.251Z	spark1	SERVING	8.726	7.226
2026-09-28T07:45:51.362Z	spark2	SERVING	15.026	4.128
2026-09-28T07:45:54.389Z	spark1	SERVING	8.729	7.226
2026-09-28T07:45:56.497Z	spark2	SERVING	15.009	4.128
2026-09-28T07:45:59.529Z	spark1	SERVING	8.733	7.226
2026-09-28T07:46:01.621Z	spark2	SERVING	15.010	4.128
2026-09-28T07:46:04.665Z	spark1	SERVING	8.697	7.226
2026-09-28T07:46:06.737Z	spark2	SERVING	15.001	4.128
2026-09-28T07:46:09.791Z	spark1	SERVING	8.732	7.226
2026-09-28T07:46:11.860Z	spark2	SERVING	15.009	4.128
2026-09-28T07:46:14.903Z	spark1	SERVING	8.714	7.226
2026-09-28T07:46:16.984Z	spark2	SERVING	15.013	4.128
2026-09-28T07:46:20.042Z	spark1	SERVING	8.710	7.226
2026-09-28T07:46:22.107Z	spark2	SERVING	15.016	4.128
2026-09-28T07:46:25.172Z	spark1	SERVING	8.726	7.226
2026-09-28T07:46:27.224Z	spark2	SERVING	14.987	4.128
2026-09-28T07:46:30.301Z	spark1	SERVING	8.723	7.226
2026-09-28T07:46:32.340Z	spark2	SERVING	14.997	4.128
2026-09-28T07:46:35.426Z	spark1	SERVING	8.738	7.226
2026-09-28T07:46:37.457Z	spark2	SERVING	15.008	4.128
2026-09-28T07:46:40.564Z	spark1	SERVING	8.719	7.226
2026-09-28T07:46:42.575Z	spark2	SERVING	15.023	4.128
2026-09-28T07:46:45.691Z	spark1	SERVING	8.730	7.226
2026-09-28T07:46:47.687Z	spark2	SERVING	15.023	4.128
2026-09-28T07:46:50.830Z	spark1	SERVING	8.677	7.226
2026-09-28T07:46:52.800Z	spark2	SERVING	15.026	4.127
2026-09-28T07:46:55.953Z	spark1	SERVING	8.713	7.226
2026-09-28T07:46:57.914Z	spark2	SERVING	15.026	4.127
2026-09-28T07:47:01.084Z	spark1	SERVING	8.705	7.226
2026-09-28T07:47:03.031Z	spark2	SERVING	15.019	4.127
2026-09-28T07:47:06.218Z	spark1	SERVING	8.730	7.226
2026-09-28T07:47:08.148Z	spark2	SERVING	15.019	4.127
2026-09-28T07:47:11.343Z	spark1	SERVING	8.719	7.225
2026-09-28T07:47:13.264Z	spark2	SERVING	15.020	4.127
2026-09-28T07:47:16.464Z	spark1	SERVING	8.686	7.225
2026-09-28T07:47:18.384Z	spark2	SERVING	15.025	4.127
2026-09-28T07:47:21.578Z	spark1	SERVING	8.689	7.225
2026-09-28T07:47:23.508Z	spark2	SERVING	15.021	4.127
2026-09-28T07:47:26.695Z	spark1	SERVING	8.709	7.225
2026-09-28T07:47:28.621Z	spark2	SERVING	15.027	4.127
2026-09-28T07:47:31.835Z	spark1	SERVING	8.700	7.225
2026-09-28T07:47:33.740Z	spark2	SERVING	15.013	4.127
2026-09-28T07:47:36.976Z	spark1	SERVING	8.697	7.225
2026-09-28T07:47:38.853Z	spark2	SERVING	15.013	4.127
2026-09-28T07:47:42.107Z	spark1	SERVING	8.709	7.225
2026-09-28T07:47:43.973Z	spark2	SERVING	15.020	4.127
2026-09-28T07:47:47.241Z	spark1	SERVING	8.687	7.221
2026-09-28T07:47:49.089Z	spark2	SERVING	15.020	4.127
2026-09-28T07:47:52.377Z	spark1	SERVING	8.673	7.218
2026-09-28T07:47:54.206Z	spark2	SERVING	15.023	4.127
2026-09-28T07:47:57.516Z	spark1	SERVING	8.652	7.218
2026-09-28T07:47:59.323Z	spark2	SERVING	15.016	4.127
2026-09-28T07:48:02.654Z	spark1	SERVING	8.661	7.218
2026-09-28T07:48:04.439Z	spark2	SERVING	15.020	4.127
2026-09-28T07:48:07.781Z	spark1	SERVING	8.676	7.218
2026-09-28T07:48:09.555Z	spark2	SERVING	15.009	4.127
2026-09-28T07:48:12.908Z	spark1	SERVING	8.734	7.217
2026-09-28T07:48:14.671Z	spark2	SERVING	15.013	4.127
2026-09-28T07:48:18.035Z	spark1	SERVING	8.720	7.217
2026-09-28T07:48:19.793Z	spark2	SERVING	15.016	4.127
2026-09-28T07:48:23.152Z	spark1	SERVING	8.685	7.217
2026-09-28T07:48:24.914Z	spark2	SERVING	15.021	4.127
2026-09-28T07:48:28.278Z	spark1	SERVING	8.699	7.216
2026-09-28T07:48:30.033Z	spark2	SERVING	15.023	4.127
2026-09-28T07:48:33.409Z	spark1	SERVING	8.658	7.214
2026-09-28T07:48:35.141Z	spark2	SERVING	15.016	4.127
2026-09-28T07:48:38.539Z	spark1	SERVING	8.706	7.212
2026-09-28T07:48:40.256Z	spark2	SERVING	15.020	4.126
2026-09-28T07:48:43.645Z	spark1	SERVING	8.683	7.212
2026-09-28T07:48:45.376Z	spark2	SERVING	15.023	4.126
2026-09-28T07:48:48.752Z	spark1	SERVING	8.685	7.212
2026-09-28T07:48:50.492Z	spark2	SERVING	15.024	4.126
2026-09-28T07:48:53.882Z	spark1	SERVING	8.655	7.212
2026-09-28T07:48:55.601Z	spark2	SERVING	15.021	4.126
2026-09-28T07:48:59.006Z	spark1	SERVING	8.685	7.212
2026-09-28T07:49:00.716Z	spark2	SERVING	15.023	4.126
2026-09-28T07:49:04.126Z	spark1	SERVING	8.657	7.208
2026-09-28T07:49:05.829Z	spark2	SERVING	15.027	4.126
2026-09-28T07:49:09.252Z	spark1	SERVING	8.655	7.208
2026-09-28T07:49:10.942Z	spark2	SERVING	15.023	4.126
2026-09-28T07:49:14.366Z	spark1	SERVING	8.658	7.208
2026-09-28T07:49:16.049Z	spark2	SERVING	15.024	4.126
2026-09-28T07:49:19.482Z	spark1	SERVING	8.639	7.208
2026-09-28T07:49:21.166Z	spark2	SERVING	15.024	4.126
2026-09-28T07:49:24.599Z	spark1	SERVING	8.650	7.208
2026-09-28T07:49:26.281Z	spark2	SERVING	15.011	4.126
2026-09-28T07:49:29.719Z	spark1	SERVING	8.638	7.208
2026-09-28T07:49:31.397Z	spark2	SERVING	15.016	4.126
2026-09-28T07:49:34.845Z	spark1	SERVING	8.666	7.208
2026-09-28T07:49:36.515Z	spark2	SERVING	15.017	4.126
2026-09-28T07:49:39.972Z	spark1	SERVING	8.629	7.208
2026-09-28T07:49:41.629Z	spark2	SERVING	15.008	4.126
2026-09-28T07:49:45.097Z	spark1	SERVING	8.671	7.208
2026-09-28T07:49:46.749Z	spark2	SERVING	15.010	4.126
2026-09-28T07:49:50.225Z	spark1	SERVING	8.663	7.208
2026-09-28T07:49:51.866Z	spark2	SERVING	15.019	4.126
2026-09-28T07:49:55.349Z	spark1	SERVING	8.664	7.208
2026-09-28T07:49:56.984Z	spark2	SERVING	15.019	4.126
2026-09-28T07:50:00.481Z	spark1	SERVING	8.636	7.208
2026-09-28T07:50:02.099Z	spark2	SERVING	15.034	4.125
2026-09-28T07:50:05.603Z	spark1	SERVING	8.656	7.208
2026-09-28T07:50:07.213Z	spark2	SERVING	15.034	4.125
2026-09-28T07:50:10.728Z	spark1	SERVING	8.678	7.207
2026-09-28T07:50:12.329Z	spark2	SERVING	15.007	4.125
2026-09-28T07:50:15.852Z	spark1	SERVING	8.674	7.207
2026-09-28T07:50:17.444Z	spark2	SERVING	15.012	4.125
2026-09-28T07:50:20.976Z	spark1	SERVING	8.699	7.207
2026-09-28T07:50:22.564Z	spark2	SERVING	15.006	4.125
2026-09-28T07:50:26.100Z	spark1	SERVING	8.680	7.207
2026-09-28T07:50:27.674Z	spark2	SERVING	15.008	4.125
2026-09-28T07:50:31.225Z	spark1	SERVING	8.690	7.207
2026-09-28T07:50:32.789Z	spark2	SERVING	15.011	4.125
2026-09-28T07:50:36.356Z	spark1	SERVING	8.661	7.207
2026-09-28T07:50:37.905Z	spark2	SERVING	15.006	4.125
2026-09-28T07:50:41.471Z	spark1	SERVING	8.696	7.207
2026-09-28T07:50:43.028Z	spark2	SERVING	15.011	4.125
2026-09-28T07:50:46.588Z	spark1	SERVING	8.663	7.207
2026-09-28T07:50:48.144Z	spark2	SERVING	14.986	4.125
2026-09-28T07:50:51.715Z	spark1	SERVING	8.666	7.207
2026-09-28T07:50:53.263Z	spark2	SERVING	14.993	4.125
2026-09-28T07:50:56.838Z	spark1	SERVING	8.540	7.207
2026-09-28T07:50:58.386Z	spark2	SERVING	15.001	4.125
2026-09-28T07:51:01.960Z	spark1	SERVING	8.627	7.206
2026-09-28T07:51:03.506Z	spark2	SERVING	15.003	4.125
2026-09-28T07:51:07.082Z	spark1	SERVING	8.632	7.199
2026-09-28T07:51:08.616Z	spark2	SERVING	15.003	4.125
2026-09-28T07:51:12.192Z	spark1	SERVING	7.221	7.199
2026-09-28T07:51:13.733Z	spark2	SERVING	13.542	4.125
2026-09-28T07:51:17.310Z	spark1	SERVING	7.675	7.198
2026-09-28T07:51:18.837Z	spark2	SERVING	13.544	4.125
2026-09-28T07:51:22.428Z	spark1	SERVING	7.026	7.198
2026-09-28T07:51:23.942Z	spark2	SERVING	13.545	4.125
2026-09-28T07:51:27.266Z	spark1	SERVING	6.882	7.198
2026-09-28T07:51:27.531Z	spark1	SERVING	6.882	7.198
2026-09-28T07:51:27.782Z	spark1	SERVING	6.882	7.198
2026-09-28T07:51:29.043Z	spark2	SERVING	13.545	4.125
2026-09-28T07:51:29.312Z	spark1	SERVING	6.877	7.197
2026-09-28T07:51:29.581Z	spark1	SERVING	6.877	7.197
2026-09-28T07:51:29.832Z	spark1	SERVING	6.863	7.197
2026-09-28T07:51:30.082Z	spark1	SERVING	6.846	7.197
2026-09-28T07:51:30.609Z	spark1	SERVING	6.845	7.197
2026-09-28T07:51:31.110Z	spark1	SERVING	6.844	7.197
2026-09-28T07:51:32.908Z	spark1	SERVING	6.795	7.151
2026-09-28T07:51:34.157Z	spark2	SERVING	13.532	4.125
2026-09-28T07:51:34.177Z	spark1	SERVING	6.794	7.142
2026-09-28T07:51:34.427Z	spark1	SERVING	6.794	7.142
2026-09-28T07:51:39.269Z	spark2	SERVING	13.539	4.125
2026-09-28T07:51:39.535Z	spark1	SERVING	6.832	7.141
2026-09-28T07:51:41.076Z	spark1	SERVING	6.791	7.141
2026-09-28T07:51:41.854Z	spark1	SERVING	6.791	7.141
2026-09-28T07:51:44.361Z	spark2	SERVING	13.552	4.125
2026-09-28T07:51:46.972Z	spark1	SERVING	6.797	7.141
2026-09-28T07:51:48.752Z	spark1	SERVING	6.778	7.141
2026-09-28T07:51:49.468Z	spark2	SERVING	13.553	4.125
2026-09-28T07:51:53.871Z	spark1	SERVING	6.813	7.141
2026-09-28T07:51:54.578Z	spark2	SERVING	13.567	4.125
2026-09-28T07:51:58.984Z	spark1	SERVING	6.832	7.141
2026-09-28T07:51:59.684Z	spark2	SERVING	13.569	4.125
2026-09-28T07:52:04.106Z	spark1	SERVING	6.804	7.141
2026-09-28T07:52:04.788Z	spark2	SERVING	13.559	4.125
2026-09-28T07:52:09.223Z	spark1	SERVING	6.814	7.141
2026-09-28T07:52:09.895Z	spark2	SERVING	13.558	4.125
2026-09-28T07:52:14.321Z	spark1	SERVING	6.868	7.141
2026-09-28T07:52:15.001Z	spark2	SERVING	13.557	4.125
2026-09-28T07:52:19.451Z	spark1	SERVING	6.851	7.141
2026-09-28T07:52:20.110Z	spark2	SERVING	13.562	4.125
2026-09-28T07:52:24.569Z	spark1	SERVING	7.543	7.140
2026-09-28T07:52:25.237Z	spark2	SERVING	13.558	4.125
2026-09-28T07:52:29.674Z	spark1	SERVING	6.923	7.140
2026-09-28T07:52:30.349Z	spark2	SERVING	13.555	4.125
2026-09-28T07:52:34.794Z	spark1	SERVING	6.867	7.140
2026-09-28T07:52:35.464Z	spark2	SERVING	13.557	4.125
2026-09-28T07:52:39.923Z	spark1	SERVING	6.814	7.140
2026-09-28T07:52:40.588Z	spark2	SERVING	13.559	4.125
2026-09-28T07:52:45.046Z	spark1	SERVING	6.815	7.140
2026-09-28T07:52:45.692Z	spark2	SERVING	13.559	4.125
2026-09-28T07:52:50.165Z	spark1	SERVING	6.805	7.140
2026-09-28T07:52:50.796Z	spark2	SERVING	13.561	4.125
2026-09-28T07:52:55.295Z	spark1	SERVING	6.825	7.140
2026-09-28T07:52:55.910Z	spark2	SERVING	13.561	4.125
2026-09-28T07:53:00.409Z	spark1	SERVING	6.813	7.140
2026-09-28T07:53:01.007Z	spark2	SERVING	13.556	4.125
2026-09-28T07:53:05.533Z	spark1	SERVING	6.793	7.140
2026-09-28T07:53:06.121Z	spark2	SERVING	13.560	4.125
2026-09-28T07:53:08.601Z	spark1	SERVING	6.771	7.139
2026-09-28T07:53:09.898Z	spark1	SERVING	6.758	7.139
2026-09-28T07:53:10.148Z	spark1	SERVING	6.756	7.139
2026-09-28T07:53:10.398Z	spark1	SERVING	6.756	7.139
2026-09-28T07:53:10.649Z	spark1	SERVING	6.747	7.139
2026-09-28T07:53:10.915Z	spark1	SERVING	6.723	7.139
2026-09-28T07:53:11.236Z	spark2	SERVING	13.557	4.125
2026-09-28T07:53:16.027Z	spark1	SERVING	6.777	7.139
2026-09-28T07:53:16.356Z	spark2	SERVING	13.558	4.125
2026-09-28T07:53:21.132Z	spark1	SERVING	6.739	7.139
2026-09-28T07:53:21.464Z	spark2	SERVING	13.547	4.125
2026-09-28T07:53:21.633Z	spark1	SERVING	6.718	7.139
2026-09-28T07:53:21.883Z	spark1	SERVING	6.699	7.139
2026-09-28T07:53:26.584Z	spark2	SERVING	13.558	4.125
2026-09-28T07:53:27.003Z	spark1	SERVING	6.789	7.139
2026-09-28T07:53:31.681Z	spark2	SERVING	13.558	4.125
2026-09-28T07:53:32.110Z	spark1	SERVING	6.796	7.139
2026-09-28T07:53:36.800Z	spark2	SERVING	13.558	4.125
2026-09-28T07:53:37.231Z	spark1	SERVING	6.816	7.139
2026-09-28T07:53:41.918Z	spark2	SERVING	13.559	4.125
2026-09-28T07:53:42.348Z	spark1	SERVING	6.842	7.139
2026-09-28T07:53:47.018Z	spark2	SERVING	13.557	4.125
2026-09-28T07:53:47.454Z	spark1	SERVING	6.771	7.139
2026-09-28T07:53:52.127Z	spark2	SERVING	13.563	4.125
2026-09-28T07:53:52.570Z	spark1	SERVING	6.843	7.139
2026-09-28T07:53:57.248Z	spark2	SERVING	13.561	4.125
2026-09-28T07:53:57.688Z	spark1	SERVING	6.798	7.139
2026-09-28T07:54:02.345Z	spark2	SERVING	13.561	4.125
2026-09-28T07:54:02.804Z	spark1	SERVING	6.793	7.139
2026-09-28T07:54:07.442Z	spark2	SERVING	13.561	4.125
2026-09-28T07:54:07.927Z	spark1	SERVING	6.738	7.139
2026-09-28T07:54:12.540Z	spark2	SERVING	13.564	4.125
2026-09-28T07:54:13.032Z	spark1	SERVING	6.738	7.139
2026-09-28T07:54:17.654Z	spark2	SERVING	13.538	4.125
2026-09-28T07:54:18.148Z	spark1	SERVING	6.767	7.139
2026-09-28T07:54:22.772Z	spark2	SERVING	13.543	4.125
2026-09-28T07:54:23.269Z	spark1	SERVING	6.776	7.139
2026-09-28T07:54:27.892Z	spark2	SERVING	13.552	4.125
2026-09-28T07:54:28.399Z	spark1	SERVING	6.785	7.139
2026-09-28T07:54:33.014Z	spark2	SERVING	13.546	4.125
2026-09-28T07:54:33.525Z	spark1	SERVING	6.787	7.139
2026-09-28T07:54:38.130Z	spark2	SERVING	13.546	4.125
2026-09-28T07:54:38.653Z	spark1	SERVING	6.830	7.139
2026-09-28T07:54:43.244Z	spark2	SERVING	13.544	4.125
2026-09-28T07:54:43.779Z	spark1	SERVING	6.802	7.139
2026-09-28T07:54:48.376Z	spark2	SERVING	13.545	4.125
2026-09-28T07:54:48.914Z	spark1	SERVING	6.815	7.139
2026-09-28T07:54:53.490Z	spark2	SERVING	13.557	4.125
2026-09-28T07:54:54.048Z	spark1	SERVING	6.783	7.139
2026-09-28T07:54:58.603Z	spark2	SERVING	13.559	4.125
2026-09-28T07:54:59.181Z	spark1	SERVING	6.798	7.139
2026-09-28T07:55:03.729Z	spark2	SERVING	13.561	4.125
2026-09-28T07:55:04.313Z	spark1	SERVING	6.751	7.139
2026-09-28T07:55:08.857Z	spark2	SERVING	13.564	4.125
2026-09-28T07:55:09.446Z	spark1	SERVING	6.792	7.138
2026-09-28T07:55:13.968Z	spark2	SERVING	13.536	4.125
2026-09-28T07:55:14.587Z	spark1	SERVING	6.751	7.137
2026-09-28T07:55:19.084Z	spark2	SERVING	13.539	4.125
2026-09-28T07:55:19.705Z	spark1	SERVING	6.796	7.137
2026-09-28T07:55:24.205Z	spark2	SERVING	13.548	4.125
2026-09-28T07:55:24.843Z	spark1	SERVING	6.731	7.137
2026-09-28T07:55:29.322Z	spark2	SERVING	13.568	4.125
2026-09-28T07:55:29.970Z	spark1	SERVING	6.760	7.137
2026-09-28T07:55:34.441Z	spark2	SERVING	13.569	4.125
2026-09-28T07:55:35.109Z	spark1	SERVING	6.798	7.137
2026-09-28T07:55:39.563Z	spark2	SERVING	13.566	4.125
2026-09-28T07:55:40.230Z	spark1	SERVING	6.793	7.137
2026-09-28T07:55:44.689Z	spark2	SERVING	13.567	4.125
2026-09-28T07:55:45.352Z	spark1	SERVING	6.814	7.137
2026-09-28T07:55:49.812Z	spark2	SERVING	13.560	4.125
2026-09-28T07:55:50.487Z	spark1	SERVING	6.764	7.137
2026-09-28T07:55:54.930Z	spark2	SERVING	13.561	4.125
2026-09-28T07:55:55.610Z	spark1	SERVING	6.817	7.136
2026-09-28T07:56:00.058Z	spark2	SERVING	13.563	4.125
2026-09-28T07:56:00.745Z	spark1	SERVING	6.797	7.136
2026-09-28T07:56:05.186Z	spark2	SERVING	13.565	4.125
2026-09-28T07:56:05.876Z	spark1	SERVING	6.804	7.136
2026-09-28T07:56:10.313Z	spark2	SERVING	13.563	4.125
2026-09-28T07:56:11.007Z	spark1	SERVING	6.767	7.136
2026-09-28T07:56:15.436Z	spark2	SERVING	13.564	4.125
2026-09-28T07:56:16.147Z	spark1	SERVING	6.794	7.136
2026-09-28T07:56:20.557Z	spark2	SERVING	13.560	4.125
2026-09-28T07:56:21.280Z	spark1	SERVING	6.772	7.136
2026-09-28T07:56:25.682Z	spark2	SERVING	13.559	4.125
2026-09-28T07:56:26.410Z	spark1	SERVING	6.740	7.136
2026-09-28T07:56:30.807Z	spark2	SERVING	13.555	4.125
2026-09-28T07:56:31.543Z	spark1	SERVING	6.775	7.136
2026-09-28T07:56:35.926Z	spark2	SERVING	13.535	4.125
2026-09-28T07:56:36.678Z	spark1	SERVING	6.739	7.136
2026-09-28T07:56:41.052Z	spark2	SERVING	13.538	4.125
2026-09-28T07:56:41.818Z	spark1	SERVING	6.791	7.136
2026-09-28T07:56:46.173Z	spark2	SERVING	13.525	4.125
2026-09-28T07:56:46.951Z	spark1	SERVING	6.746	7.136
2026-09-28T07:56:51.302Z	spark2	SERVING	13.529	4.125
2026-09-28T07:56:52.087Z	spark1	SERVING	6.777	7.136
2026-09-28T07:56:56.430Z	spark2	SERVING	13.528	4.125
2026-09-28T07:56:57.233Z	spark1	SERVING	6.738	7.136
2026-09-28T07:57:01.556Z	spark2	SERVING	13.529	4.125
2026-09-28T07:57:02.366Z	spark1	SERVING	6.795	7.136
2026-09-28T07:57:06.679Z	spark2	SERVING	13.515	4.125
2026-09-28T07:57:07.501Z	spark1	SERVING	8.437	7.136
2026-09-28T07:57:11.800Z	spark2	SERVING	13.514	4.125
2026-09-28T07:57:12.632Z	spark1	SERVING	9.630	7.136
2026-09-28T07:57:16.916Z	spark2	SERVING	13.513	4.125
2026-09-28T07:57:17.744Z	spark1	SERVING	9.617	7.136
2026-09-28T07:57:22.044Z	spark2	SERVING	13.515	4.125
2026-09-28T07:57:22.860Z	spark1	SERVING	9.657	7.136
2026-09-28T07:57:27.151Z	spark2	SERVING	13.517	4.125
2026-09-28T07:57:27.991Z	spark1	SERVING	9.667	7.136
2026-09-28T07:57:32.272Z	spark2	SERVING	13.508	4.125
2026-09-28T07:57:33.114Z	spark1	SERVING	9.666	7.136
2026-09-28T07:57:37.375Z	spark2	SERVING	13.512	4.125
2026-09-28T07:57:38.256Z	spark1	SERVING	9.684	7.136
2026-09-28T07:57:42.480Z	spark2	SERVING	13.522	4.124
2026-09-28T07:57:43.367Z	spark1	SERVING	9.655	7.136
2026-09-28T07:57:47.608Z	spark2	SERVING	13.524	4.124
2026-09-28T07:57:48.495Z	spark1	SERVING	9.666	7.136
2026-09-28T07:57:52.717Z	spark2	SERVING	13.508	4.124
2026-09-28T07:57:53.609Z	spark1	SERVING	9.649	7.136
2026-09-28T07:57:57.831Z	spark2	SERVING	13.522	4.124
2026-09-28T07:57:58.740Z	spark1	SERVING	9.664	7.136
2026-09-28T07:58:02.952Z	spark2	SERVING	13.513	4.124
2026-09-28T07:58:03.870Z	spark1	SERVING	9.656	7.136
2026-09-28T07:58:08.069Z	spark2	SERVING	13.514	4.124
2026-09-28T07:58:09.001Z	spark1	SERVING	9.655	7.136
2026-09-28T07:58:13.193Z	spark2	SERVING	13.523	4.124
2026-09-28T07:58:14.137Z	spark1	SERVING	9.662	7.136
2026-09-28T07:58:18.318Z	spark2	SERVING	13.526	4.124
2026-09-28T07:58:19.263Z	spark1	SERVING	9.671	7.136
2026-09-28T07:58:23.436Z	spark2	SERVING	13.528	4.124
2026-09-28T07:58:24.403Z	spark1	SERVING	9.639	7.136
2026-09-28T07:58:28.554Z	spark2	SERVING	13.520	4.124
2026-09-28T07:58:29.531Z	spark1	SERVING	9.651	7.136
2026-09-28T07:58:33.654Z	spark2	SERVING	13.520	4.124
2026-09-28T07:58:34.664Z	spark1	SERVING	9.660	7.136
2026-09-28T07:58:38.771Z	spark2	SERVING	13.525	4.124
2026-09-28T07:58:39.782Z	spark1	SERVING	9.653	7.136
2026-09-28T07:58:43.887Z	spark2	SERVING	13.529	4.124
2026-09-28T07:58:44.914Z	spark1	SERVING	9.672	7.136
2026-09-28T07:58:48.999Z	spark2	SERVING	13.531	4.124
2026-09-28T07:58:50.049Z	spark1	SERVING	9.653	7.136
2026-09-28T07:58:54.116Z	spark2	SERVING	13.536	4.124
2026-09-28T07:58:55.173Z	spark1	SERVING	9.654	7.136
2026-09-28T07:58:59.228Z	spark2	SERVING	13.527	4.124
2026-09-28T07:59:00.308Z	spark1	SERVING	9.638	7.136
2026-09-28T07:59:04.334Z	spark2	SERVING	13.530	4.124
2026-09-28T07:59:05.404Z	spark1	SERVING	9.750	7.136
2026-09-28T07:59:09.402Z	spark2	SERVING	13.516	4.124
2026-09-28T07:59:10.495Z	spark1	SERVING	9.716	7.136
2026-09-28T07:59:14.471Z	spark2	SERVING	13.524	4.124
2026-09-28T07:59:15.569Z	spark1	SERVING	9.738	7.136
2026-09-28T07:59:19.561Z	spark2	SERVING	13.528	4.124
2026-09-28T07:59:20.696Z	spark1	SERVING	9.610	7.136
2026-09-28T07:59:24.692Z	spark2	SERVING	13.532	4.124
2026-09-28T07:59:25.837Z	spark1	SERVING	9.630	7.136
2026-09-28T07:59:29.813Z	spark2	SERVING	13.533	4.124
2026-09-28T07:59:30.967Z	spark1	SERVING	9.675	7.135
2026-09-28T07:59:34.936Z	spark2	SERVING	13.513	4.124
2026-09-28T07:59:36.097Z	spark1	SERVING	9.698	7.135
2026-09-28T07:59:40.060Z	spark2	SERVING	13.527	4.124
2026-09-28T07:59:41.236Z	spark1	SERVING	9.677	7.135
2026-09-28T07:59:45.181Z	spark2	SERVING	13.522	4.124
2026-09-28T07:59:46.362Z	spark1	SERVING	9.685	7.135
2026-09-28T07:59:50.301Z	spark2	SERVING	13.528	4.124
2026-09-28T07:59:51.500Z	spark1	SERVING	9.703	7.135
2026-09-28T07:59:55.415Z	spark2	SERVING	13.521	4.124
2026-09-28T07:59:56.637Z	spark1	SERVING	9.636	7.128
2026-09-28T08:00:00.538Z	spark2	SERVING	13.526	4.124
2026-09-28T08:00:01.771Z	spark1	SERVING	9.672	7.128
2026-09-28T08:00:05.670Z	spark2	SERVING	13.517	4.123
2026-09-28T08:00:06.898Z	spark1	SERVING	9.662	7.128
2026-09-28T08:00:10.790Z	spark2	SERVING	13.527	4.123
2026-09-28T08:00:12.045Z	spark1	SERVING	9.636	7.128
2026-09-28T08:00:15.912Z	spark2	SERVING	13.515	4.123
2026-09-28T08:00:17.181Z	spark1	SERVING	9.614	7.128
2026-09-28T08:00:21.045Z	spark2	SERVING	13.520	4.123
2026-09-28T08:00:22.318Z	spark1	SERVING	9.648	7.128
2026-09-28T08:00:26.164Z	spark2	SERVING	13.523	4.123
2026-09-28T08:00:27.452Z	spark1	SERVING	9.647	7.128
2026-09-28T08:00:31.297Z	spark2	SERVING	13.524	4.123
2026-09-28T08:00:32.590Z	spark1	SERVING	9.664	7.128
2026-09-28T08:00:36.423Z	spark2	SERVING	13.524	4.123
2026-09-28T08:00:37.724Z	spark1	SERVING	9.663	7.128
2026-09-28T08:00:41.548Z	spark2	SERVING	13.518	4.123
2026-09-28T08:00:42.858Z	spark1	SERVING	9.635	7.128
2026-09-28T08:00:46.669Z	spark2	SERVING	13.519	4.123
2026-09-28T08:00:47.990Z	spark1	SERVING	9.632	7.128
2026-09-28T08:00:51.788Z	spark2	SERVING	13.508	4.123
2026-09-28T08:00:53.129Z	spark1	SERVING	9.621	7.125
2026-09-28T08:00:56.904Z	spark2	SERVING	13.508	4.123
2026-09-28T08:00:58.258Z	spark1	SERVING	9.603	7.125
2026-09-28T08:01:02.022Z	spark2	SERVING	13.513	4.122
2026-09-28T08:01:03.386Z	spark1	SERVING	9.598	7.125
2026-09-28T08:01:07.132Z	spark2	SERVING	13.520	4.122
2026-09-28T08:01:08.499Z	spark1	SERVING	9.673	7.125
2026-09-28T08:01:12.212Z	spark2	SERVING	13.530	4.122
2026-09-28T08:01:13.583Z	spark1	SERVING	9.675	7.124
2026-09-28T08:01:17.296Z	spark2	SERVING	13.531	4.122
2026-09-28T08:01:18.664Z	spark1	SERVING	9.675	7.124
2026-09-28T08:01:22.373Z	spark2	SERVING	13.531	4.122
2026-09-28T08:01:23.746Z	spark1	SERVING	9.648	7.124
2026-09-28T08:01:27.451Z	spark2	SERVING	13.524	4.122
2026-09-28T08:01:28.858Z	spark1	SERVING	9.544	7.124
2026-09-28T08:01:32.579Z	spark2	SERVING	13.524	4.122
2026-09-28T08:01:33.989Z	spark1	SERVING	9.557	7.124
2026-09-28T08:01:37.696Z	spark2	SERVING	13.521	4.122
2026-09-28T08:01:39.124Z	spark1	SERVING	9.610	7.124
2026-09-28T08:01:42.824Z	spark2	SERVING	13.525	4.122
2026-09-28T08:01:44.260Z	spark1	SERVING	9.632	7.124
2026-09-28T08:01:47.948Z	spark2	SERVING	13.524	4.122
2026-09-28T08:01:49.381Z	spark1	SERVING	9.629	7.124
2026-09-28T08:01:53.072Z	spark2	SERVING	13.524	4.122
2026-09-28T08:01:54.510Z	spark1	SERVING	9.662	7.124
2026-09-28T08:01:58.191Z	spark2	SERVING	13.502	4.122
2026-09-28T08:01:59.654Z	spark1	SERVING	9.616	7.124
2026-09-28T08:02:03.315Z	spark2	SERVING	13.517	4.122
2026-09-28T08:02:04.785Z	spark1	SERVING	9.639	7.124
2026-09-28T08:02:08.436Z	spark2	SERVING	13.524	4.122
2026-09-28T08:02:09.921Z	spark1	SERVING	9.631	7.124
2026-09-28T08:02:13.553Z	spark2	SERVING	13.524	4.122
2026-09-28T08:02:15.060Z	spark1	SERVING	9.602	7.124
2026-09-28T08:02:18.675Z	spark2	SERVING	13.526	4.122
2026-09-28T08:02:20.196Z	spark1	SERVING	9.657	7.124
2026-09-28T08:02:23.758Z	spark2	SERVING	13.532	4.122
2026-09-28T08:02:25.289Z	spark1	SERVING	9.666	7.124
2026-09-28T08:02:28.832Z	spark2	SERVING	13.530	4.122
2026-09-28T08:02:30.365Z	spark1	SERVING	9.623	7.124
2026-09-28T08:02:33.913Z	spark2	SERVING	13.521	4.122
2026-09-28T08:02:35.459Z	spark1	SERVING	9.637	7.124
2026-09-28T08:02:39.024Z	spark2	SERVING	13.524	4.122
2026-09-28T08:02:40.591Z	spark1	SERVING	9.613	7.124
2026-09-28T08:02:44.145Z	spark2	SERVING	13.530	4.122
2026-09-28T08:02:45.730Z	spark1	SERVING	9.671	7.124
2026-09-28T08:02:49.254Z	spark2	SERVING	13.530	4.122
2026-09-28T08:02:50.861Z	spark1	SERVING	9.665	7.124
2026-09-28T08:02:54.380Z	spark2	SERVING	13.516	4.122
2026-09-28T08:02:55.988Z	spark1	SERVING	9.682	7.124
2026-09-28T08:02:59.512Z	spark2	SERVING	13.523	4.122
2026-09-28T08:03:01.117Z	spark1	SERVING	9.686	7.124
2026-09-28T08:03:04.633Z	spark2	SERVING	13.511	4.122
2026-09-28T08:03:06.250Z	spark1	SERVING	9.648	7.124
2026-09-28T08:03:09.756Z	spark2	SERVING	13.520	4.122
2026-09-28T08:03:11.384Z	spark1	SERVING	9.673	7.123
2026-09-28T08:03:14.872Z	spark2	SERVING	13.526	4.122
2026-09-28T08:03:16.504Z	spark1	SERVING	9.654	7.123
2026-09-28T08:03:19.996Z	spark2	SERVING	13.525	4.122
2026-09-28T08:03:21.635Z	spark1	SERVING	9.670	7.123
2026-09-28T08:03:25.118Z	spark2	SERVING	13.528	4.122
2026-09-28T08:03:26.773Z	spark1	SERVING	9.653	7.123
2026-09-28T08:03:30.231Z	spark2	SERVING	13.541	4.122
2026-09-28T08:03:31.904Z	spark1	SERVING	9.662	7.123
2026-09-28T08:03:35.359Z	spark2	SERVING	13.544	4.122
2026-09-28T08:03:37.035Z	spark1	SERVING	9.670	7.123
2026-09-28T08:03:40.487Z	spark2	SERVING	13.536	4.122
2026-09-28T08:03:42.166Z	spark1	SERVING	9.666	7.123
2026-09-28T08:03:45.602Z	spark2	SERVING	13.540	4.122
2026-09-28T08:03:47.296Z	spark1	SERVING	9.660	7.123
2026-09-28T08:03:50.722Z	spark2	SERVING	13.536	4.122
2026-09-28T08:03:52.427Z	spark1	SERVING	9.649	7.123
2026-09-28T08:03:55.847Z	spark2	SERVING	13.538	4.122
2026-09-28T08:03:57.558Z	spark1	SERVING	9.651	7.123
2026-09-28T08:04:00.974Z	spark2	SERVING	13.537	4.122
2026-09-28T08:04:02.689Z	spark1	SERVING	9.660	7.123
2026-09-28T08:04:06.095Z	spark2	SERVING	13.541	4.122
2026-09-28T08:04:07.824Z	spark1	SERVING	9.662	7.123
2026-09-28T08:04:11.215Z	spark2	SERVING	13.479	4.122
2026-09-28T08:04:12.960Z	spark1	SERVING	9.666	7.123
2026-09-28T08:04:16.350Z	spark2	SERVING	13.450	4.122
2026-09-28T08:04:18.092Z	spark1	SERVING	9.657	7.123
2026-09-28T08:04:21.475Z	spark2	SERVING	13.377	4.122
2026-09-28T08:04:23.219Z	spark1	SERVING	9.637	7.123
2026-09-28T08:04:26.600Z	spark2	SERVING	13.402	4.122
2026-09-28T08:04:28.346Z	spark1	SERVING	9.630	7.123
2026-09-28T08:04:31.684Z	spark2	SERVING	13.443	4.122
2026-09-28T08:04:33.430Z	spark1	SERVING	9.645	7.121
2026-09-28T08:04:36.763Z	spark2	SERVING	13.455	4.122
2026-09-28T08:04:38.506Z	spark1	SERVING	9.664	7.121
2026-09-28T08:04:41.838Z	spark2	SERVING	13.457	4.122
2026-09-28T08:04:43.584Z	spark1	SERVING	9.676	7.120
2026-09-28T08:04:46.915Z	spark2	SERVING	13.435	4.122
2026-09-28T08:04:48.672Z	spark1	SERVING	9.653	7.120
2026-09-28T08:04:51.981Z	spark2	SERVING	13.425	4.122
2026-09-28T08:04:53.755Z	spark1	SERVING	9.666	7.120
2026-09-28T08:04:57.055Z	spark2	SERVING	13.422	4.122
2026-09-28T08:04:58.838Z	spark1	SERVING	9.657	7.120
2026-09-28T08:05:02.126Z	spark2	SERVING	13.431	4.122
2026-09-28T08:05:03.916Z	spark1	SERVING	9.672	7.120
2026-09-28T08:05:07.211Z	spark2	SERVING	13.450	4.122
2026-09-28T08:05:08.998Z	spark1	SERVING	9.655	7.120
2026-09-28T08:05:12.289Z	spark2	SERVING	13.481	4.122
2026-09-28T08:05:14.084Z	spark1	SERVING	9.661	7.120
2026-09-28T08:05:17.384Z	spark2	SERVING	13.489	4.122
2026-09-28T08:05:19.191Z	spark1	SERVING	9.574	7.116
2026-09-28T08:05:22.503Z	spark2	SERVING	13.489	4.122
2026-09-28T08:05:24.319Z	spark1	SERVING	9.612	7.116
2026-09-28T08:05:27.620Z	spark2	SERVING	13.485	4.122
2026-09-28T08:05:29.445Z	spark1	SERVING	9.587	7.116
2026-09-28T08:05:32.692Z	spark2	SERVING	13.490	4.122
2026-09-28T08:05:34.521Z	spark1	SERVING	9.619	7.116
2026-09-28T08:05:37.774Z	spark2	SERVING	13.489	4.122
2026-09-28T08:05:39.604Z	spark1	SERVING	9.614	7.116
2026-09-28T08:05:42.857Z	spark2	SERVING	13.496	4.122
2026-09-28T08:05:44.683Z	spark1	SERVING	9.641	7.116
2026-09-28T08:05:47.935Z	spark2	SERVING	13.501	4.121
2026-09-28T08:05:49.762Z	spark1	SERVING	9.628	7.116
