INFO 09-28 11:03:51 [model.py:679] Resolved architecture: Glm5NextForConditionalGeneration
INFO 09-28 11:03:51 [model.py:1972] Using max model len 327680
INFO 09-28 11:03:59 [cache.py:282] Using fp8_e4m3 data type to store kv cache. It reduces the GPU memory footprint and boosts the performance. Meanwhile, it may cause accuracy drop without a proper scaling factor
INFO 09-28 11:03:59 [arg_utils.py:2168] Inferred data_parallel_rank 0 from node_rank 1
INFO 09-28 11:03:59 [model.py:679] Resolved architecture: DFlash2DraftModel
INFO 09-28 11:03:59 [model.py:1972] Using max model len 1048576
INFO 09-28 11:03:59 [speculative.py:1256] Overriding draft model max model len from 1048576 to 327680
INFO 09-28 11:03:59 [config.py:605] Mamba cache mode is set to 'align' for Glm5NextForConditionalGeneration by default when prefix caching is enabled
WARNING 09-28 11:03:59 [modelopt.py:1012] Detected ModelOpt NVFP4 checkpoint (quant_algo=NVFP4). Please note that the format is experimental and could change in future.
INFO 09-28 11:03:59 [vllm.py:1336] Auto-enabling VLLM_USE_BREAKABLE_CUDAGRAPH=1. Set VLLM_USE_BREAKABLE_CUDAGRAPH=0 to opt out.
INFO 09-28 11:03:59 [kernel.py:306] Final IR op priority after setting platform defaults: IrOpPriorityConfig(rms_norm=['vllm_c', 'native'], fused_add_rms_norm=['vllm_c', 'native'])
WARNING 09-28 11:03:59 [vllm.py:1866] max_num_scheduled_tokens is set to 2048 based on the speculative decoding settings. This may lead to suboptimal performance. Consider increasing max_num_batched_tokens to accommodate the additional draft token slots, or decrease num_speculative_tokens.
INFO 09-28 11:03:59 [compilation.py:329] Enabled custom fusions: norm_quant, act_quant
INFO 09-28 11:03:59 [serve.py:216] Launching vLLM (v0.1.dev20051+g487ecf187) headless multiproc executor, with head node address 10.100.8.1:29521 for torch.distributed process group.
(Worker pid=191) INFO 09-28 11:04:06 [parallel_state.py:1638] world_size=2 rank=1 local_rank=0 distributed_init_method=tcp://10.100.8.1:29521 backend=nccl
(Worker pid=191) WARNING 09-28 11:04:53 [symm_mem.py:67] SymmMemCommunicator: Device capability 12.1 not supported, communicator is not available.
(Worker pid=191) WARNING 09-28 11:04:53 [custom_all_reduce.py:254] Custom collectives are disabled because this multi-node group does not support MNNVL multicast.
(Worker pid=191) INFO 09-28 11:04:54 [parallel_state.py:1982] rank 1 in world size 2 is assigned as DP rank 0, PP rank 0, PCP rank 0, TP rank 1, EP rank 1, EPLB rank N/A
(Worker pid=191) INFO 09-28 11:04:54 [gpu_worker.py:386] Using V2 Model Runner
(Worker_TP1 pid=191) INFO 09-28 11:04:55 [model_runner.py:354] Loading model from scratch...
(Worker_TP1 pid=191) INFO 09-28 11:04:55 [cuda.py:592] Using backend AttentionBackendEnum.FLASH_ATTN for vit attention
(Worker_TP1 pid=191) INFO 09-28 11:04:55 [mm_encoder_attention.py:375] Using AttentionBackendEnum.FLASH_ATTN for MMEncoderAttention.
(Worker_TP1 pid=191) INFO 09-28 11:04:55 [kernel.py:306] Final IR op priority after setting platform defaults: IrOpPriorityConfig(rms_norm=['vllm_c', 'native'], fused_add_rms_norm=['vllm_c', 'native'])
(Worker_TP1 pid=191) WARNING 09-28 11:04:55 [vllm.py:1866] max_num_scheduled_tokens is set to 2048 based on the speculative decoding settings. This may lead to suboptimal performance. Consider increasing max_num_batched_tokens to accommodate the additional draft token slots, or decrease num_speculative_tokens.
(Worker_TP1 pid=191) INFO 09-28 11:04:55 [__init__.py:1073] Using MarlinNvFp4LinearKernel for NVFP4 GEMM
(Worker_TP1 pid=191) INFO 09-28 11:04:55 [cuda.py:533] Using FLASHINFER_MLA_SPARSE_SM90 attention backend out of potential backends: ['FLASHINFER_MLA_SPARSE_SM90', 'FLASHINFER_MLA_SPARSE_SM120'].
(Worker_TP1 pid=191) INFO 09-28 11:04:55 [selector.py:217] Using HND KV cache layout for FLASHINFER_MLA_SPARSE_SM90 backend.
(Worker_TP1 pid=191) WARNING 09-28 11:04:55 [mla_attention.py:567] No MLA prefill backend supports this model; sparse MLA will use the top-k MQA path only (no dense-MHA prefill).
(Worker_TP1 pid=191) INFO 09-28 11:04:55 [deep_gemm.py:191] deep_gemm not found in site-packages, trying vendored vllm.third_party.deep_gemm
(Worker_TP1 pid=191) INFO 09-28 11:04:55 [deep_gemm.py:136] DeepGEMM E8M0 enabled on current platform.
(Worker_TP1 pid=191) INFO 09-28 11:04:55 [nvfp4.py:244] Using 'MARLIN' NvFp4 MoE backend out of potential backends: ['FLASHINFER_TRTLLM', 'FLASHINFER_CUTEDSL', 'FLASHINFER_CUTLASS', 'VLLM_CUTLASS', 'MARLIN', 'HUMMING', 'EMULATION'].
(Worker_TP1 pid=191) INFO 09-28 11:04:59 [weight_utils.py:858] Filesystem type for checkpoints: EXT4. Checkpoint size: 190.40 GiB. Available RAM: 20.57 GiB.
(Worker_TP1 pid=191) INFO 09-28 11:04:59 [weight_utils.py:888] Auto-prefetch is disabled because the filesystem (EXT4) is not a recognized network FS (NFS/Lustre) and the checkpoint size (190.40 GiB) exceeds 90% of available RAM (20.57 GiB).
(Worker_TP1 pid=191) INFO 09-28 11:08:32 [default_loader.py:430] Loading weights took 213.31 seconds
(Worker_TP1 pid=191) WARNING 09-28 11:08:33 [marlin.py:34] Your GPU does not have native support for FP4 computation but FP4 quantization is being used. Weight-only FP4 compression will be used leveraging the Marlin kernel. This may degrade performance for compute-heavy workloads.
(Worker_TP1 pid=191) WARNING 09-28 11:08:34 [marlin_utils_fp4.py:354] Your GPU does not have native support for FP4 computation but FP4 quantization is being used. Weight-only FP4 compression will be used leveraging the Marlin kernel. This may degrade performance for compute-heavy workloads.
(Worker_TP1 pid=191) INFO 09-28 11:08:34 [nvfp4.py:564] Using MoEPrepareAndFinalizeNoDPEPModular
(Worker_TP1 pid=191) WARNING 09-28 11:09:01 [marlin_utils.py:238] Marlin requires thread-tile padding for some weight shapes in this model. Activations and/or outputs of the padded layers are padded/sliced on every forward; performance may be degraded.
(Worker_TP1 pid=191) INFO 09-28 11:09:06 [glm53_fp8_w8a16.py:505] GLM53_NVFP4_W4A16+GLM53_INT8_W8A16 (group 128): Glm5NextForConditionalGeneration kda_in[int8]=34 layers 3340.5->1700.7 MiB, kda_o[int8]=34 layers 1088.0->552.5 MiB, mla[int8]=22 layers 968.0->491.6 MiB, shared[int8]=84 layers 1008.0->511.9 MiB, lm_head[int8]=1 layers 605.0->307.2 MiB; torch reserved 88.96 -> 86.74 GiB
(Worker_TP1 pid=191) INFO 09-28 11:09:06 [eagle3_utils.py:28] Using Eagle3 auxiliary layers from config: (6, 15, 25, 34, 43)
(Worker_TP1 pid=191) INFO 09-28 11:09:07 [kernel.py:306] Final IR op priority after setting platform defaults: IrOpPriorityConfig(rms_norm=['vllm_c', 'native'], fused_add_rms_norm=['vllm_c', 'native'])
(Worker_TP1 pid=191) INFO 09-28 11:09:08 [cuda.py:533] Using FLASHINFER attention backend out of potential backends: ['FLASHINFER', 'TRITON_ATTN'].
(Worker_TP1 pid=191) INFO 09-28 11:09:08 [weight_utils.py:858] Filesystem type for checkpoints: EXT4. Checkpoint size: 2.18 GiB. Available RAM: 21.78 GiB.
(Worker_TP1 pid=191) INFO 09-28 11:09:08 [weight_utils.py:881] Auto-prefetch is disabled because the filesystem (EXT4) is not a recognized network FS (NFS/Lustre). If you want to force prefetching, start vLLM with --safetensors-load-strategy=prefetch.
(Worker_TP1 pid=191) INFO 09-28 11:09:12 [default_loader.py:430] Loading weights took 3.58 seconds
(Worker_TP1 pid=191) INFO 09-28 11:09:14 [glm53_fp8_w8a16.py:505] GLM53_NVFP4_W4A16+GLM53_INT8_W8A16 (group 128): DFlash2Qwen3ForCausalLM draft[nvfp4]=32 layers 1162.0->326.8 MiB; torch reserved 89.36 -> 88.51 GiB
(Worker_TP1 pid=191) WARNING 09-28 11:09:14 [speculator.py:195] Draft model DFlash2Qwen3ForCausalLM does not support external multimodal embeddings. Embeddings from the target model will not be passed to the drafter; using text-only draft inputs instead.
(Worker_TP1 pid=191) INFO 09-28 11:09:23 [model_runner.py:375] Model loading took 86.18 GiB and 268.137893 seconds
(Worker_TP1 pid=191) INFO 09-28 11:09:23 [glm53_adaptive_verify.py:181] GLM53_ADAPTIVE_VERIFY: tau=0.3 max=7 (k=7); masked verify rows reuse their anchor's experts in 42 MoE layers
(Worker_TP1 pid=191) INFO 09-28 11:09:23 [glm53_expert_census.py:219] GLM53_EXPERT_CENSUS: recording 42 MoE layers x top-8 for real steps 0..1999 on rank 1 into /cache/huggingface/glm53-census/census-e5f3-20260928
(Worker_TP1 pid=191) INFO 09-28 11:09:23 [interface.py:926] Setting attention block size to 4608 tokens to ensure that attention page size is >= mamba page size.
(Worker_TP1 pid=191) INFO 09-28 11:09:23 [interface.py:950] Padding mamba page size by 0.70% to ensure that mamba page size and attention page size are exactly equal.
INFO 09-28 11:17:19 [torch_utils.py:262] Reducing Torch threads from 20 to 1 for serving. Set OMP_NUM_THREADS in the external environment to override.
(Worker_TP1 pid=191) INFO 09-28 11:17:20 [attention.py:203] GLM53_KPOOL_TAIL_FIX: kpool tail ring 16 slots (index_kpool=4, k=7)
(Worker_TP1 pid=191) INFO 09-28 11:17:22 [encoder_runner.py:119] Encoder cache will be initialized with a budget of 32242 tokens, and profiled with 1 video items of the maximum feature size.
(Worker_TP1 pid=191) INFO 09-28 11:17:44 [marlin_utils.py:625] Marlin kernel can achieve better performance for small size_n with experimental use_atomic_add feature. You can consider set environment variable VLLM_MARLIN_USE_ATOMIC_ADD to 1 if possible.
(Worker_TP1 pid=191) INFO 09-28 11:17:44 [gpu_worker.py:492] Initial free memory 111.32 GiB, reserved 4.14 GiB memory for KV Cache as specified by kv_cache_memory_bytes config and skipped memory profiling. This does not respect the gpu_memory_utilization config. Only use kv_cache_memory_bytes config when you want manual control of KV cache memory size. If OOM'ed, check the difference of initial free memory between the current run and the previous run where kv_cache_memory_bytes is suggested and update it correspondingly.
(Worker_TP1 pid=191) INFO 09-28 11:17:44 [indexer.py:790] DSA indexer decode path: use_flattening=True supports_varlen=False (next_n=8, use_fp4_indexer_cache=False)
(Worker_TP1 pid=191) INFO 09-28 11:17:44 [flashinfer.py:889] FlashInfer resolved query dtypes: prefill=torch.bfloat16, decode=torch.bfloat16, decode_backend=xqa, kv_cache_dtype=torch.float8_e4m3fn, arch=sm121
(Worker_TP1 pid=191) INFO 09-28 11:17:44 [kernel.py:306] Final IR op priority after setting platform defaults: IrOpPriorityConfig(rms_norm=['vllm_c', 'native'], fused_add_rms_norm=['vllm_c', 'native'])
(Worker_TP1 pid=191) INFO 09-28 11:17:46 [spec_decode_rejection_warmup.py:64] Warming up spec-decode rejection sampler kernels (vocab=154880, num_spec=7, dtype_pairs=[('torch.bfloat16', 'torch.float32'), ('torch.float32', 'torch.float32'), ('torch.bfloat16', 'torch.bfloat16'), ('torch.float32', 'torch.bfloat16')], block_verify=False).
(Worker_TP1 pid=191) INFO 09-28 11:17:46 [kernel_warmup.py:95] Warming up ll_bf16 router GEMM kernels for shapes: ((4096, 288),).
(Worker_TP1 pid=191) 2026-09-28 11:17:48,445 - INFO - autotuner.py:2789 - flashinfer.jit: [Autotuner]: Loaded 0 configs from /jit-cache/vllm/flashinfer_autotune_cache/0.6.18.dev20260819/121a/1001b2b49181ad11a118c58f3dc601f3e265776d8af4e053eb352f0526a4d8a3/autotune_configs.json
(Worker_TP1 pid=191) 2026-09-28 11:17:48,446 - INFO - autotuner.py:972 - flashinfer.jit: [Autotuner]: Autotuning process starts ...
(Worker_TP1 pid=191) WARNING 09-28 11:17:50 [flashinfer.py:1308] Using FlashInfer for draft model non-causal attention; TRTLLM can still be used for target model causal attention.
(Worker_TP1 pid=191) 2026-09-28 11:17:50,400 - INFO - autotuner.py:995 - flashinfer.jit: [Autotuner]: Autotuning process ends
(Worker_TP1 pid=191) INFO 09-28 11:17:50 [breakable_cudagraph.py:288] Breakable CUDA graph enabled
(Worker_TP1 pid=191) INFO 09-28 11:17:53 [speculator.py:137] Capturing model for DFlash2 speculator...
(Worker_TP1 pid=191) INFO 09-28 11:17:53 [model_runner.py:1028] Graph capturing finished in 4 secs, took 0.30 GiB
(Worker_TP1 pid=191) INFO 09-28 11:17:55 [jit_monitor.py:79] Kernel JIT monitor activated; monitored JIT compilations during inference will use mode=warn.
(Worker_TP1 pid=191) INFO 09-28 11:17:55 [torch_utils.py:262] Reducing Torch threads from 20 to 1 for serving. Set OMP_NUM_THREADS in the external environment to override.
(Worker_TP1 pid=191) WARNING 09-28 11:19:04 [jit_monitor.py:135] Triton kernel JIT compilation during inference: _gumbel_sample_kernel. This causes a latency spike; consider extending warmup to cover this shape/config.
(Worker_TP1 pid=191) WARNING 09-28 11:19:04 [jit_monitor.py:135] Triton kernel JIT compilation during inference: _prepare_dflash_inputs_kernel. This causes a latency spike; consider extending warmup to cover this shape/config.
(Worker_TP1 pid=191) INFO 09-28 11:19:07 [wrapper.py:32] GPU profiling will start 8 steps after start_profile.
(Worker_TP1 pid=191) INFO 09-28 11:19:07 [wrapper.py:39] GPU profiling will stop after 30 worker steps, or when stop_profile is received.
(Worker_TP1 pid=191) INFO 09-28 11:19:07 [wrapper.py:189] Torch profiling enabled. Traces will be saved to: /cache/huggingface/glm53-prof
(Worker_TP1 pid=191) INFO 09-28 11:19:08 [wrapper.py:110] Starting profiler after delay...
USDT:2026-09-28 11:19:08 191:191 SyncActivityProfilerHandler.cpp:52] profiler_start
(Worker_TP1 pid=191) INFO 09-28 11:19:11 [wrapper.py:126] Max profiling iterations reached. Stopping profiler...
USDT:2026-09-28 11:19:11 191:191 SyncActivityProfilerHandler.cpp:59] profiler_stop
(Worker_TP1 pid=191) -------------------------------------------------------  ------------  ------------  ------------  ------------  ------------  ------------  ------------  ------------  ------------  ------------  
(Worker_TP1 pid=191)                                                    Name    Self CPU %      Self CPU   CPU total %     CPU total  CPU time avg     Self CUDA   Self CUDA %    CUDA total  CUDA time avg    # of Calls  
(Worker_TP1 pid=191) -------------------------------------------------------  ------------  ------------  ------------  ------------  ------------  ------------  ------------  ------------  ------------  ------------  
(Worker_TP1 pid=191)                    execute_context_0(0)_generation_1(8)         0.00%       0.000us         0.00%       0.000us       0.000us        4.023s       173.88%        4.023s       1.474ms          2730  
(Worker_TP1 pid=191) void marlin_moe_wna16::Marlin<1125899906909960l, 562...         0.00%       0.000us         0.00%       0.000us       0.000us     989.121ms        42.75%     989.121ms     392.508us          2520  
(Worker_TP1 pid=191) void marlin::Marlin<1125899906909960l, 1125899923621...         0.00%       0.000us         0.00%       0.000us       0.000us     368.956ms        15.95%     368.956ms      86.609us          4260  
(Worker_TP1 pid=191) void marlin::Marlin<1125899906909960l, 1125899923621...         0.00%       0.000us         0.00%       0.000us       0.000us     250.525ms        10.83%     250.525ms     245.613us          1020  
(Worker_TP1 pid=191) ncclDevKernel_AllReduce_Sum_bf16_RING_LL(ncclDevKern...         0.00%       0.000us         0.00%       0.000us       0.000us     190.696ms         8.24%     190.696ms      62.319us          3060  
(Worker_TP1 pid=191) void marlin::Marlin<1125899906909960l, 5629499534871...         0.00%       0.000us         0.00%       0.000us       0.000us      66.940ms         2.89%      66.940ms      82.642us           810  
(Worker_TP1 pid=191) void cutlass::Kernel2<cutlass_80_wmma_tensorop_bf16_...         0.00%       0.000us         0.00%       0.000us       0.000us      63.325ms         2.74%      63.325ms      18.041us          3510  
(Worker_TP1 pid=191)             fused_recurrent_gated_delta_rule_fwd_kernel         0.00%       0.000us         0.00%       0.000us       0.000us      58.470ms         2.53%      58.470ms      57.324us          1020  
(Worker_TP1 pid=191)                                         _C::marlin_gemm         0.08%       1.999ms         0.16%       3.689ms      61.476us      49.682ms         2.15%      49.682ms     828.028us            60  
(Worker_TP1 pid=191)                                        vllm::all_reduce         0.08%       2.007ms         0.10%       2.469ms      82.312us      45.434ms         1.96%      45.434ms       1.514ms            30  
(Worker_TP1 pid=191)                               mhc_fused_tilelang_kernel         0.00%       0.000us         0.00%       0.000us       0.000us      45.319ms         1.96%      45.319ms      16.973us          2670  
(Worker_TP1 pid=191) void cutlass::Kernel2<cutlass_80_wmma_tensorop_bf16_...         0.00%       0.000us         0.00%       0.000us       0.000us      41.533ms         1.80%      41.533ms      17.305us          2400  
(Worker_TP1 pid=191) void cublasLt::splitKreduce_kernel<32, 16, int, __nv...         0.00%       0.000us         0.00%       0.000us       0.000us      35.536ms         1.54%      35.536ms      11.175us          3180  
(Worker_TP1 pid=191) void gemmSN_NN_kernel<float, 256, 4, 2, 8, 4, 4, fal...         0.00%       0.000us         0.00%       0.000us       0.000us      23.795ms         1.03%      23.795ms      72.105us           330  
(Worker_TP1 pid=191) void cutlass::Kernel2<cutlass_80_wmma_tensorop_bf16_...         0.00%       0.000us         0.00%       0.000us       0.000us      15.014ms         0.65%      15.014ms      45.496us           330  
(Worker_TP1 pid=191)              mhc_pre_big_fuse_with_norm_tilelang_kernel         0.00%       0.000us         0.00%       0.000us       0.000us      13.649ms         0.59%      13.649ms       5.055us          2700  
(Worker_TP1 pid=191) void cutlass::Kernel2<cutlass_80_wmma_tensorop_bf16_...         0.00%       0.000us         0.00%       0.000us       0.000us      12.925ms         0.56%      12.925ms      39.167us           330  
(Worker_TP1 pid=191) void at::native::elementwise_kernel<128, 4, at::nati...         0.00%       0.000us         0.00%       0.000us       0.000us       9.541ms         0.41%       9.541ms       1.828us          5220  
(Worker_TP1 pid=191) void flashinfer::mla::BatchMLAPagedAttentionKernel<f...         0.00%       0.000us         0.00%       0.000us       0.000us       9.139ms         0.40%       9.139ms      27.694us           330  
(Worker_TP1 pid=191) void at::native::unrolled_elementwise_kernel<at::nat...         0.00%       0.000us         0.00%       0.000us       0.000us       8.002ms         0.35%       8.002ms       2.750us          2910  
(Worker_TP1 pid=191) void at::native::elementwise_kernel<128, 2, at::nati...         0.00%       0.000us         0.00%       0.000us       0.000us       7.384ms         0.32%       7.384ms       5.724us          1290  
(Worker_TP1 pid=191)                            _causal_conv1d_update_kernel         0.00%       0.000us         0.00%       0.000us       0.000us       7.363ms         0.32%       7.363ms       7.219us          1020  
(Worker_TP1 pid=191) void at::native::elementwise_kernel<128, 2, at::nati...         0.00%       0.000us         0.00%       0.000us       0.000us       6.370ms         0.28%       6.370ms       4.007us          1590  
(Worker_TP1 pid=191)                                                aten::mm         0.06%       1.469ms         0.07%       1.594ms      53.144us       5.930ms         0.26%       5.930ms     197.666us            30  
(Worker_TP1 pid=191) void vllm::moe::moe_align_block_size_kernel<int>(int...         0.00%       0.000us         0.00%       0.000us       0.000us       5.895ms         0.25%       5.895ms       4.679us          1260  
(Worker_TP1 pid=191) void marlin::Marlin<1125899906909960l, 5629499534871...         0.00%       0.000us         0.00%       0.000us       0.000us       5.879ms         0.25%       5.879ms      17.817us           330  
(Worker_TP1 pid=191) void vllm::act_and_mul_kernel<c10::BFloat16, __nv_bf...         0.00%       0.000us         0.00%       0.000us       0.000us       5.511ms         0.24%       5.511ms       2.111us          2610  
(Worker_TP1 pid=191) ncclDevKernel_AllGather_RING_LL(ncclDevKernelArgsSto...         0.00%       0.000us         0.00%       0.000us       0.000us       5.157ms         0.22%       5.157ms      57.305us            90  
(Worker_TP1 pid=191)                                        vllm::all_gather         0.13%       3.107ms         0.20%       4.749ms     158.296us       4.493ms         0.19%       4.813ms     160.441us            30  
(Worker_TP1 pid=191) void at::native::vectorized_gather_kernel<16, long>(...         0.00%       0.000us         0.00%       0.000us       0.000us       4.262ms         0.18%       4.262ms       3.088us          1380  
(Worker_TP1 pid=191) void vllm::moe::single_group_topk::detail::single_gr...         0.00%       0.000us         0.00%       0.000us       0.000us       4.195ms         0.18%       4.195ms       3.329us          1260  
(Worker_TP1 pid=191)                                             aten::copy_         0.18%       4.345ms        90.17%        2.135s     527.250us       3.391ms         0.15%       3.393ms       0.838us          4050  
(Worker_TP1 pid=191) void at::native::vectorized_elementwise_kernel<4, at...         0.00%       0.000us         0.00%       0.000us       0.000us       2.707ms         0.12%       2.707ms       1.455us          1860  
(Worker_TP1 pid=191)                                           memcpy32_post         0.00%       0.000us         0.00%       0.000us       0.000us       2.619ms         0.11%       2.619ms       1.091us          2400  
(Worker_TP1 pid=191) void vllm::moe::moe_sum_vec_kernel<c10::BFloat16, in...         0.00%       0.000us         0.00%       0.000us       0.000us       2.604ms         0.11%       2.604ms       2.066us          1260  
(Worker_TP1 pid=191)                             layer_norm_gated_fwd_kernel         0.00%       0.000us         0.00%       0.000us       0.000us       2.594ms         0.11%       2.594ms       2.544us          1020  
(Worker_TP1 pid=191) void at::native::elementwise_kernel<128, 4, at::nati...         0.00%       0.000us         0.00%       0.000us       0.000us       2.566ms         0.11%       2.566ms       2.086us          1230  
(Worker_TP1 pid=191) kernel_mha(unsigned int, unsigned int, unsigned int,...         0.00%       0.000us         0.00%       0.000us       0.000us       2.477ms         0.11%       2.477ms      16.514us           150  
(Worker_TP1 pid=191) void at::native::vectorized_elementwise_kernel<4, at...         0.00%       0.000us         0.00%       0.000us       0.000us       2.426ms         0.10%       2.426ms       0.899us          2700  
(Worker_TP1 pid=191)                     _kpool_decode_update_batched_kernel         0.00%       0.000us         0.00%       0.000us       0.000us       2.386ms         0.10%       2.386ms       7.231us           330  
(Worker_TP1 pid=191) void at::native::elementwise_kernel<128, 2, at::nati...         0.00%       0.000us         0.00%       0.000us       0.000us       2.269ms         0.10%       2.269ms       1.801us          1260  
(Worker_TP1 pid=191) void at::native::elementwise_kernel<128, 4, at::nati...         0.00%       0.000us         0.00%       0.000us       0.000us       2.178ms         0.09%       2.178ms       3.630us           600  
(Worker_TP1 pid=191) void at::native::elementwise_kernel<128, 4, at::nati...         0.00%       0.000us         0.00%       0.000us       0.000us       2.043ms         0.09%       2.043ms       3.405us           600  
(Worker_TP1 pid=191) void vllm::persistent::persistent_topk_kernel<512, 4...         0.00%       0.000us         0.00%       0.000us       0.000us       1.943ms         0.08%       1.943ms       5.888us           330  
(Worker_TP1 pid=191)                                cudaEventRecordWithFlags         0.01%     291.186us         0.01%     291.186us       0.485us       1.828ms         0.08%       1.828ms       3.047us           600  
(Worker_TP1 pid=191) void vllm::moe::count_and_sort_expert_tokens_kernel<...         0.00%       0.000us         0.00%       0.000us       0.000us       1.678ms         0.07%       1.678ms       1.332us          1260  
(Worker_TP1 pid=191) void vllm::concat_and_cache_mla_kernel<__nv_bfloat16...         0.00%       0.000us         0.00%       0.000us       0.000us       1.353ms         0.06%       1.353ms       4.099us           330  
(Worker_TP1 pid=191)                                      _fwht_quant_kernel         0.00%       0.000us         0.00%       0.000us       0.000us       1.327ms         0.06%       1.327ms       4.022us           330  
(Worker_TP1 pid=191) void deep_gemm::sm120_fp8_paged_mqa_logits<1u, 32u, ...         0.00%       0.000us         0.00%       0.000us       0.000us       1.295ms         0.06%       1.295ms       3.926us           330  
(Worker_TP1 pid=191) void vllm::reshape_and_cache_flash_kernel<__nv_bfloa...         0.00%       0.000us         0.00%       0.000us       0.000us       1.199ms         0.05%       1.199ms       3.998us           300  
(Worker_TP1 pid=191) void at::native::unrolled_elementwise_kernel<at::nat...         0.00%       0.000us         0.00%       0.000us       0.000us       1.131ms         0.05%       1.131ms       1.885us           600  
(Worker_TP1 pid=191)                          Memcpy DtoD (Device -> Device)         0.00%       0.000us         0.00%       0.000us       0.000us       1.120ms         0.05%       1.120ms       1.334us           840  
(Worker_TP1 pid=191)                                             aten::index         0.17%       4.032ms         0.43%      10.084ms      12.449us       1.013ms         0.04%       1.069ms       1.320us           810  
(Worker_TP1 pid=191) void at::native::reduce_kernel<128, 4, at::native::R...         0.00%       0.000us         0.00%       0.000us       0.000us     888.419us         0.04%     888.419us       4.936us           180  
(Worker_TP1 pid=191)                          Memcpy HtoD (Pinned -> Device)         0.00%       0.000us         0.00%       0.000us       0.000us     876.165us         0.04%     876.165us       1.718us           510  
(Worker_TP1 pid=191) std::enable_if<(((8)>(0)))&&vllm::_typeConvert<c10::...         0.00%       0.000us         0.00%       0.000us       0.000us     866.633us         0.04%     866.633us       2.889us           300  
(Worker_TP1 pid=191) void at::native::unrolled_elementwise_kernel<at::nat...         0.00%       0.000us         0.00%       0.000us       0.000us     822.408us         0.04%     822.408us       1.192us           690  
(Worker_TP1 pid=191) void at::native::index_elementwise_kernel<128, 4, at...         0.00%       0.000us         0.00%       0.000us       0.000us     821.032us         0.04%     821.032us       2.105us           390  
(Worker_TP1 pid=191) void flashinfer::sampling::RadixTopKKernel_Unified<1...         0.00%       0.000us         0.00%       0.000us       0.000us     774.375us         0.03%     774.375us      25.812us            30  
(Worker_TP1 pid=191) void at::native::vectorized_elementwise_kernel<4, at...         0.00%       0.000us         0.00%       0.000us       0.000us     748.740us         0.03%     748.740us       1.248us           600  
(Worker_TP1 pid=191)                                mhc_post_tilelang_kernel         0.00%       0.000us         0.00%       0.000us       0.000us     745.890us         0.03%     745.890us       4.144us           180  
(Worker_TP1 pid=191) void at::native::vectorized_elementwise_kernel<2, at...         0.00%       0.000us         0.00%       0.000us       0.000us     665.217us         0.03%     665.217us       1.109us           600  
(Worker_TP1 pid=191)                   _C_cache_ops::reshape_and_cache_flash         0.02%     495.124us         0.04%       1.010ms       6.732us     645.891us         0.03%     645.891us       4.306us           150  
(Worker_TP1 pid=191)               _convert_req_index_to_global_index_kernel         0.00%       0.000us         0.00%       0.000us       0.000us     635.842us         0.03%     635.842us       1.927us           330  
(Worker_TP1 pid=191) void vllm::rms_norm_kernel<c10::BFloat16, 8, 3, true...         0.00%       0.000us         0.00%       0.000us       0.000us     630.886us         0.03%     630.886us       2.103us           300  
(Worker_TP1 pid=191)           triton_per_fused__to_copy_native_layer_norm_0         0.00%       0.000us         0.00%       0.000us       0.000us     566.725us         0.02%     566.725us       1.717us           330  
(Worker_TP1 pid=191) void at::native::vectorized_elementwise_kernel<4, at...         0.00%       0.000us         0.00%       0.000us       0.000us     563.619us         0.02%     563.619us       1.174us           480  
(Worker_TP1 pid=191)                              _fused_q_kv_rmsnorm_kernel         0.00%       0.000us         0.00%       0.000us       0.000us     562.433us         0.02%     562.433us       1.704us           330  
(Worker_TP1 pid=191) void at::native::vectorized_elementwise_kernel<4, at...         0.00%       0.000us         0.00%       0.000us       0.000us     507.299us         0.02%     507.299us       1.127us           450  
(Worker_TP1 pid=191) void vllm::rotary_embedding_kernel<c10::BFloat16, c1...         0.00%       0.000us         0.00%       0.000us       0.000us     495.779us         0.02%     495.779us       2.754us           180  
(Worker_TP1 pid=191) void (anonymous namespace)::elementwise_kernel_with_...         0.00%       0.000us         0.00%       0.000us       0.000us     479.460us         0.02%     479.460us       0.761us           630  
(Worker_TP1 pid=191)                                               aten::sub         0.07%       1.727ms         0.13%       3.091ms       4.293us     467.395us         0.02%     467.395us       0.649us           720  
(Worker_TP1 pid=191) void at::native::vectorized_elementwise_kernel<4, at...         0.00%       0.000us         0.00%       0.000us       0.000us     458.629us         0.02%     458.629us       0.764us           600  
(Worker_TP1 pid=191) void deep_gemm::sm120_tf32_hc_prenorm_gemm_impl<24u,...         0.00%       0.000us         0.00%       0.000us       0.000us     450.721us         0.02%     450.721us      15.024us            30  
(Worker_TP1 pid=191)                                            aten::gather         0.03%     793.073us         0.06%       1.400ms       9.331us     423.908us         0.02%     423.908us       2.826us           150  
(Worker_TP1 pid=191) void at::native::_scatter_gather_elementwise_kernel<...         0.00%       0.000us         0.00%       0.000us       0.000us     423.908us         0.02%     423.908us       2.826us           150  
(Worker_TP1 pid=191) void at::native::(anonymous namespace)::indexSelectS...         0.00%       0.000us         0.00%       0.000us       0.000us     360.516us         0.02%     360.516us       6.009us            60  
(Worker_TP1 pid=191)                                      aten::floor_divide         0.03%     695.506us         0.08%       1.947ms       9.272us     345.890us         0.01%     345.890us       1.647us           210  
(Worker_TP1 pid=191)                    _expand_pools_and_append_tail_kernel         0.00%       0.000us         0.00%       0.000us       0.000us     329.409us         0.01%     329.409us       0.998us           330  
(Worker_TP1 pid=191)                        Memcpy DtoH (Device -> Pageable)         0.00%       0.000us         0.00%       0.000us       0.000us     320.034us         0.01%     320.034us       2.667us           120  
(Worker_TP1 pid=191) void vllm::act_and_mul_kernel<c10::BFloat16, __nv_bf...         0.00%       0.000us         0.00%       0.000us       0.000us     316.610us         0.01%     316.610us       2.111us           150  
(Worker_TP1 pid=191)                        triton_poi_fused_mul_unsqueeze_0         0.00%       0.000us         0.00%       0.000us       0.000us     307.712us         0.01%     307.712us       0.932us           330  
(Worker_TP1 pid=191)                                            aten::arange         0.06%       1.376ms         0.22%       5.284ms       7.339us     302.144us         0.01%     604.288us       0.839us           720  
(Worker_TP1 pid=191) void vllm::rms_norm_kernel<c10::BFloat16, 8, 2, true...         0.00%       0.000us         0.00%       0.000us       0.000us     299.810us         0.01%     299.810us       3.331us            90  
(Worker_TP1 pid=191)                                  aten::_index_put_impl_         0.03%     633.059us         0.06%       1.390ms      11.580us     284.257us         0.01%     284.257us       2.369us           120  
(Worker_TP1 pid=191)                                      aten::index_select         0.03%     786.358us         0.09%       2.064ms      13.761us     280.193us         0.01%     501.762us       3.345us           150  
(Worker_TP1 pid=191) void (anonymous namespace)::elementwise_kernel_with_...         0.00%       0.000us         0.00%       0.000us       0.000us     273.856us         0.01%     273.856us       1.141us           240  
(Worker_TP1 pid=191)                      _compute_local_logits_stats_kernel         0.00%       0.000us         0.00%       0.000us       0.000us     271.905us         0.01%     271.905us       9.063us            30  
(Worker_TP1 pid=191) void at::native::vectorized_elementwise_kernel<4, at...         0.00%       0.000us         0.00%       0.000us       0.000us     265.378us         0.01%     265.378us       1.474us           180  
(Worker_TP1 pid=191)                                            _C::rms_norm         0.01%     339.874us         0.04%     866.820us      14.447us     252.672us         0.01%     252.672us       4.211us            60  
(Worker_TP1 pid=191)                                        Memset (Unknown)         0.00%       0.000us         0.00%       0.000us       0.000us     237.570us         0.01%     237.570us       0.720us           330  
(Worker_TP1 pid=191)                                               aten::add         0.04%     959.525us         0.07%       1.584ms       4.799us     227.392us         0.01%     227.392us       0.689us           330  
(Worker_TP1 pid=191) void flashinfer::sampling::RadixTopKKernel_Unified<1...         0.00%       0.000us         0.00%       0.000us       0.000us     205.249us         0.01%     205.249us       6.842us            30  
(Worker_TP1 pid=191)                                             aten::fill_         0.05%       1.225ms         0.15%       3.531ms       2.675us     202.947us         0.01%     206.499us       0.156us          1320  
(Worker_TP1 pid=191)                                     _post_update_kernel         0.00%       0.000us         0.00%       0.000us       0.000us     202.240us         0.01%     202.240us       6.741us            30  
(Worker_TP1 pid=191) void at::native::unrolled_elementwise_kernel<at::nat...         0.00%       0.000us         0.00%       0.000us       0.000us     192.705us         0.01%     192.705us       1.071us           180  
(Worker_TP1 pid=191)                                            aten::clamp_         0.02%     572.436us         0.05%       1.087ms       6.039us     181.890us         0.01%     181.890us       1.011us           180  
(Worker_TP1 pid=191)                                                aten::gt         0.02%     473.924us         0.04%     881.893us       7.349us     164.961us         0.01%     164.961us       1.375us           120  
(Worker_TP1 pid=191) void at::native::vectorized_elementwise_kernel<4, at...         0.00%       0.000us         0.00%       0.000us       0.000us     164.961us         0.01%     164.961us       2.749us            60  
(Worker_TP1 pid=191) void at::native::(anonymous namespace)::indexSelectS...         0.00%       0.000us         0.00%       0.000us       0.000us     163.745us         0.01%     163.745us       2.729us            60  
(Worker_TP1 pid=191) -------------------------------------------------------  ------------  ------------  ------------  ------------  ------------  ------------  ------------  ------------  ------------  ------------  
(Worker_TP1 pid=191) Self CPU time total: 2.368s
(Worker_TP1 pid=191) Self CUDA time total: 2.314s
(Worker_TP1 pid=191) 
(Worker_TP1 pid=191) INFO 09-28 11:19:17 [wrapper.py:80] Profiler stopped successfully.
(Worker_TP1 pid=191) /usr/local/lib/python3.12/dist-packages/torch/profiler/profiler.py:300: UserWarning: Warning: Profiler clears events at the end of each cycle. Only events from the current cycle will be reported. To keep events across cycles, set acc_events=True.
(Worker_TP1 pid=191)   _warn_once(
USDT:2026-09-28 11:19:56 191:191 SyncActivityProfilerHandler.cpp:52] profiler_start
USDT:2026-09-28 11:19:59 191:191 SyncActivityProfilerHandler.cpp:59] profiler_stop
(Worker_TP1 pid=191) -------------------------------------------------------  ------------  ------------  ------------  ------------  ------------  ------------  ------------  ------------  ------------  ------------  
(Worker_TP1 pid=191)                                                    Name    Self CPU %      Self CPU   CPU total %     CPU total  CPU time avg     Self CUDA   Self CUDA %    CUDA total  CUDA time avg    # of Calls  
(Worker_TP1 pid=191) -------------------------------------------------------  ------------  ------------  ------------  ------------  ------------  ------------  ------------  ------------  ------------  ------------  
(Worker_TP1 pid=191)                    execute_context_0(0)_generation_1(8)         0.00%       0.000us         0.00%       0.000us       0.000us        4.343s       176.89%        4.343s       1.591ms          2730  
(Worker_TP1 pid=191) void marlin_moe_wna16::Marlin<1125899906909960l, 562...         0.00%       0.000us         0.00%       0.000us       0.000us        1.172s        47.74%        1.172s     465.153us          2520  
(Worker_TP1 pid=191) void marlin::Marlin<1125899906909960l, 1125899923621...         0.00%       0.000us         0.00%       0.000us       0.000us     369.773ms        15.06%     369.773ms      86.801us          4260  
(Worker_TP1 pid=191) void marlin::Marlin<1125899906909960l, 1125899923621...         0.00%       0.000us         0.00%       0.000us       0.000us     251.269ms        10.23%     251.269ms     246.342us          1020  
(Worker_TP1 pid=191) ncclDevKernel_AllReduce_Sum_bf16_RING_LL(ncclDevKern...         0.00%       0.000us         0.00%       0.000us       0.000us     145.173ms         5.91%     145.173ms      47.442us          3060  
(Worker_TP1 pid=191) void marlin::Marlin<1125899906909960l, 5629499534871...         0.00%       0.000us         0.00%       0.000us       0.000us      66.925ms         2.73%      66.925ms      82.623us           810  
(Worker_TP1 pid=191) void cutlass::Kernel2<cutlass_80_wmma_tensorop_bf16_...         0.00%       0.000us         0.00%       0.000us       0.000us      63.536ms         2.59%      63.536ms      18.102us          3510  
(Worker_TP1 pid=191)             fused_recurrent_gated_delta_rule_fwd_kernel         0.00%       0.000us         0.00%       0.000us       0.000us      58.935ms         2.40%      58.935ms      57.780us          1020  
(Worker_TP1 pid=191)                                         _C::marlin_gemm         0.10%       2.433ms         0.17%       4.334ms      72.239us      49.510ms         2.02%      49.510ms     825.162us            60  
(Worker_TP1 pid=191)                               mhc_fused_tilelang_kernel         0.00%       0.000us         0.00%       0.000us       0.000us      45.619ms         1.86%      45.619ms      17.086us          2670  
(Worker_TP1 pid=191) void cutlass::Kernel2<cutlass_80_wmma_tensorop_bf16_...         0.00%       0.000us         0.00%       0.000us       0.000us      41.515ms         1.69%      41.515ms      17.298us          2400  
(Worker_TP1 pid=191) void cublasLt::splitKreduce_kernel<32, 16, int, __nv...         0.00%       0.000us         0.00%       0.000us       0.000us      35.368ms         1.44%      35.368ms      11.122us          3180  
(Worker_TP1 pid=191) void gemmSN_NN_kernel<float, 256, 4, 2, 8, 4, 4, fal...         0.00%       0.000us         0.00%       0.000us       0.000us      23.888ms         0.97%      23.888ms      72.388us           330  
(Worker_TP1 pid=191)                                        vllm::all_reduce         0.08%       2.007ms         0.10%       2.484ms      82.799us      21.060ms         0.86%      21.060ms     701.998us            30  
(Worker_TP1 pid=191) void cutlass::Kernel2<cutlass_80_wmma_tensorop_bf16_...         0.00%       0.000us         0.00%       0.000us       0.000us      15.139ms         0.62%      15.139ms      45.875us           330  
(Worker_TP1 pid=191)              mhc_pre_big_fuse_with_norm_tilelang_kernel         0.00%       0.000us         0.00%       0.000us       0.000us      13.763ms         0.56%      13.763ms       5.097us          2700  
(Worker_TP1 pid=191) void cutlass::Kernel2<cutlass_80_wmma_tensorop_bf16_...         0.00%       0.000us         0.00%       0.000us       0.000us      12.930ms         0.53%      12.930ms      39.183us           330  
(Worker_TP1 pid=191) void flashinfer::mla::BatchMLAPagedAttentionKernel<f...         0.00%       0.000us         0.00%       0.000us       0.000us       9.551ms         0.39%       9.551ms      28.943us           330  
(Worker_TP1 pid=191) void at::native::elementwise_kernel<128, 4, at::nati...         0.00%       0.000us         0.00%       0.000us       0.000us       9.477ms         0.39%       9.477ms       1.816us          5220  
(Worker_TP1 pid=191) void at::native::unrolled_elementwise_kernel<at::nat...         0.00%       0.000us         0.00%       0.000us       0.000us       8.017ms         0.33%       8.017ms       2.755us          2910  
(Worker_TP1 pid=191)                            _causal_conv1d_update_kernel         0.00%       0.000us         0.00%       0.000us       0.000us       7.472ms         0.30%       7.472ms       7.325us          1020  
(Worker_TP1 pid=191) void at::native::elementwise_kernel<128, 2, at::nati...         0.00%       0.000us         0.00%       0.000us       0.000us       7.455ms         0.30%       7.455ms       5.779us          1290  
(Worker_TP1 pid=191) void at::native::elementwise_kernel<128, 2, at::nati...         0.00%       0.000us         0.00%       0.000us       0.000us       6.344ms         0.26%       6.344ms       3.990us          1590  
(Worker_TP1 pid=191)                                                aten::mm         0.06%       1.577ms         0.07%       1.705ms      56.824us       5.951ms         0.24%       5.951ms     198.364us            30  
(Worker_TP1 pid=191) void marlin::Marlin<1125899906909960l, 5629499534871...         0.00%       0.000us         0.00%       0.000us       0.000us       5.885ms         0.24%       5.885ms      17.834us           330  
(Worker_TP1 pid=191) void vllm::moe::moe_align_block_size_kernel<int>(int...         0.00%       0.000us         0.00%       0.000us       0.000us       5.845ms         0.24%       5.845ms       4.639us          1260  
(Worker_TP1 pid=191) void vllm::act_and_mul_kernel<c10::BFloat16, __nv_bf...         0.00%       0.000us         0.00%       0.000us       0.000us       5.665ms         0.23%       5.665ms       2.171us          2610  
(Worker_TP1 pid=191) ncclDevKernel_AllGather_RING_LL(ncclDevKernelArgsSto...         0.00%       0.000us         0.00%       0.000us       0.000us       5.165ms         0.21%       5.165ms      57.392us            90  
(Worker_TP1 pid=191)                                        vllm::all_gather         0.18%       4.356ms         0.27%       6.607ms     220.244us       4.529ms         0.18%       4.844ms     161.477us            30  
(Worker_TP1 pid=191) void at::native::vectorized_gather_kernel<16, long>(...         0.00%       0.000us         0.00%       0.000us       0.000us       4.360ms         0.18%       4.360ms       3.159us          1380  
(Worker_TP1 pid=191) void vllm::moe::single_group_topk::detail::single_gr...         0.00%       0.000us         0.00%       0.000us       0.000us       4.189ms         0.17%       4.189ms       3.325us          1260  
(Worker_TP1 pid=191)                                             aten::copy_         0.19%       4.658ms        90.48%        2.248s     554.976us       3.398ms         0.14%       3.398ms       0.839us          4050  
(Worker_TP1 pid=191) void vllm::moe::moe_sum_vec_kernel<c10::BFloat16, in...         0.00%       0.000us         0.00%       0.000us       0.000us       2.846ms         0.12%       2.846ms       2.258us          1260  
(Worker_TP1 pid=191) void at::native::vectorized_elementwise_kernel<4, at...         0.00%       0.000us         0.00%       0.000us       0.000us       2.704ms         0.11%       2.704ms       1.454us          1860  
(Worker_TP1 pid=191)                                           memcpy32_post         0.00%       0.000us         0.00%       0.000us       0.000us       2.686ms         0.11%       2.686ms       1.119us          2400  
(Worker_TP1 pid=191)                             layer_norm_gated_fwd_kernel         0.00%       0.000us         0.00%       0.000us       0.000us       2.596ms         0.11%       2.596ms       2.546us          1020  
(Worker_TP1 pid=191) void at::native::elementwise_kernel<128, 4, at::nati...         0.00%       0.000us         0.00%       0.000us       0.000us       2.541ms         0.10%       2.541ms       2.066us          1230  
(Worker_TP1 pid=191) kernel_mha(unsigned int, unsigned int, unsigned int,...         0.00%       0.000us         0.00%       0.000us       0.000us       2.515ms         0.10%       2.515ms      16.764us           150  
(Worker_TP1 pid=191) void at::native::vectorized_elementwise_kernel<4, at...         0.00%       0.000us         0.00%       0.000us       0.000us       2.438ms         0.10%       2.438ms       0.903us          2700  
(Worker_TP1 pid=191)                     _kpool_decode_update_batched_kernel         0.00%       0.000us         0.00%       0.000us       0.000us       2.350ms         0.10%       2.350ms       7.121us           330  
(Worker_TP1 pid=191) void vllm::persistent::persistent_topk_kernel<512, 4...         0.00%       0.000us         0.00%       0.000us       0.000us       2.251ms         0.09%       2.251ms       6.820us           330  
(Worker_TP1 pid=191) void at::native::elementwise_kernel<128, 2, at::nati...         0.00%       0.000us         0.00%       0.000us       0.000us       2.245ms         0.09%       2.245ms       1.781us          1260  
(Worker_TP1 pid=191) void at::native::elementwise_kernel<128, 4, at::nati...         0.00%       0.000us         0.00%       0.000us       0.000us       2.153ms         0.09%       2.153ms       3.589us           600  
(Worker_TP1 pid=191) void at::native::elementwise_kernel<128, 4, at::nati...         0.00%       0.000us         0.00%       0.000us       0.000us       2.039ms         0.08%       2.039ms       3.398us           600  
(Worker_TP1 pid=191) void vllm::moe::count_and_sort_expert_tokens_kernel<...         0.00%       0.000us         0.00%       0.000us       0.000us       1.739ms         0.07%       1.739ms       1.380us          1260  
(Worker_TP1 pid=191) void deep_gemm::sm120_fp8_paged_mqa_logits<1u, 32u, ...         0.00%       0.000us         0.00%       0.000us       0.000us       1.363ms         0.06%       1.363ms       4.130us           330  
(Worker_TP1 pid=191) void vllm::concat_and_cache_mla_kernel<__nv_bfloat16...         0.00%       0.000us         0.00%       0.000us       0.000us       1.354ms         0.06%       1.354ms       4.103us           330  
(Worker_TP1 pid=191)                                      _fwht_quant_kernel         0.00%       0.000us         0.00%       0.000us       0.000us       1.340ms         0.05%       1.340ms       4.061us           330  
(Worker_TP1 pid=191) void at::native::unrolled_elementwise_kernel<at::nat...         0.00%       0.000us         0.00%       0.000us       0.000us       1.171ms         0.05%       1.171ms       1.951us           600  
(Worker_TP1 pid=191) void vllm::reshape_and_cache_flash_kernel<__nv_bfloa...         0.00%       0.000us         0.00%       0.000us       0.000us       1.163ms         0.05%       1.163ms       3.876us           300  
(Worker_TP1 pid=191)                          Memcpy DtoD (Device -> Device)         0.00%       0.000us         0.00%       0.000us       0.000us       1.015ms         0.04%       1.015ms       1.209us           840  
(Worker_TP1 pid=191)                                             aten::index         0.17%       4.234ms         0.43%      10.659ms      13.159us     999.783us         0.04%       1.089ms       1.345us           810  
(Worker_TP1 pid=191)                          Memcpy HtoD (Pinned -> Device)         0.00%       0.000us         0.00%       0.000us       0.000us     906.437us         0.04%     906.437us       1.777us           510  
(Worker_TP1 pid=191) void at::native::reduce_kernel<128, 4, at::native::R...         0.00%       0.000us         0.00%       0.000us       0.000us     904.901us         0.04%     904.901us       5.027us           180  
(Worker_TP1 pid=191) std::enable_if<(((8)>(0)))&&vllm::_typeConvert<c10::...         0.00%       0.000us         0.00%       0.000us       0.000us     860.678us         0.04%     860.678us       2.869us           300  
(Worker_TP1 pid=191) void at::native::unrolled_elementwise_kernel<at::nat...         0.00%       0.000us         0.00%       0.000us       0.000us     823.781us         0.03%     823.781us       1.194us           690  
(Worker_TP1 pid=191)                                mhc_post_tilelang_kernel         0.00%       0.000us         0.00%       0.000us       0.000us     793.508us         0.03%     793.508us       4.408us           180  
(Worker_TP1 pid=191) void at::native::index_elementwise_kernel<128, 4, at...         0.00%       0.000us         0.00%       0.000us       0.000us     792.903us         0.03%     792.903us       2.033us           390  
(Worker_TP1 pid=191) void flashinfer::sampling::RadixTopKKernel_Unified<1...         0.00%       0.000us         0.00%       0.000us       0.000us     790.247us         0.03%     790.247us      26.342us            30  
(Worker_TP1 pid=191) void at::native::vectorized_elementwise_kernel<4, at...         0.00%       0.000us         0.00%       0.000us       0.000us     737.283us         0.03%     737.283us       1.229us           600  
(Worker_TP1 pid=191) void at::native::vectorized_elementwise_kernel<2, at...         0.00%       0.000us         0.00%       0.000us       0.000us     663.300us         0.03%     663.300us       1.105us           600  
(Worker_TP1 pid=191) void vllm::rms_norm_kernel<c10::BFloat16, 8, 3, true...         0.00%       0.000us         0.00%       0.000us       0.000us     633.764us         0.03%     633.764us       2.113us           300  
(Worker_TP1 pid=191)               _convert_req_index_to_global_index_kernel         0.00%       0.000us         0.00%       0.000us       0.000us     623.109us         0.03%     623.109us       1.888us           330  
(Worker_TP1 pid=191)                   _C_cache_ops::reshape_and_cache_flash         0.02%     551.185us         0.04%       1.048ms       6.990us     612.675us         0.02%     612.675us       4.084us           150  
(Worker_TP1 pid=191)           triton_per_fused__to_copy_native_layer_norm_0         0.00%       0.000us         0.00%       0.000us       0.000us     569.122us         0.02%     569.122us       1.725us           330  
(Worker_TP1 pid=191) void at::native::vectorized_elementwise_kernel<4, at...         0.00%       0.000us         0.00%       0.000us       0.000us     564.833us         0.02%     564.833us       1.177us           480  
(Worker_TP1 pid=191)                              _fused_q_kv_rmsnorm_kernel         0.00%       0.000us         0.00%       0.000us       0.000us     563.139us         0.02%     563.139us       1.706us           330  
(Worker_TP1 pid=191) void at::native::vectorized_elementwise_kernel<4, at...         0.00%       0.000us         0.00%       0.000us       0.000us     519.555us         0.02%     519.555us       1.155us           450  
(Worker_TP1 pid=191) void vllm::rotary_embedding_kernel<c10::BFloat16, c1...         0.00%       0.000us         0.00%       0.000us       0.000us     489.859us         0.02%     489.859us       2.721us           180  
(Worker_TP1 pid=191)                                               aten::sub         0.07%       1.764ms         0.13%       3.169ms       4.402us     481.729us         0.02%     481.729us       0.669us           720  
(Worker_TP1 pid=191) void (anonymous namespace)::elementwise_kernel_with_...         0.00%       0.000us         0.00%       0.000us       0.000us     470.657us         0.02%     470.657us       0.747us           630  
(Worker_TP1 pid=191) void at::native::vectorized_elementwise_kernel<4, at...         0.00%       0.000us         0.00%       0.000us       0.000us     457.281us         0.02%     457.281us       0.762us           600  
(Worker_TP1 pid=191) void deep_gemm::sm120_tf32_hc_prenorm_gemm_impl<24u,...         0.00%       0.000us         0.00%       0.000us       0.000us     448.226us         0.02%     448.226us      14.941us            30  
USDT:2026-09-28 11:20:40 191:191 SyncActivityProfilerHandler.cpp:52] profiler_start
USDT:2026-09-28 11:20:43 191:191 SyncActivityProfilerHandler.cpp:59] profiler_stop
(Worker_TP1 pid=191)                                            aten::gather         0.03%     863.234us         0.06%       1.509ms      10.057us     443.940us         0.02%     443.940us       2.960us           150  
(Worker_TP1 pid=191) void at::native::_scatter_gather_elementwise_kernel<...         0.00%       0.000us         0.00%       0.000us       0.000us     443.940us         0.02%     443.940us       2.960us           150  
(Worker_TP1 pid=191) void at::native::(anonymous namespace)::indexSelectS...         0.00%       0.000us         0.00%       0.000us       0.000us     392.225us         0.02%     392.225us       6.537us            60  
(Worker_TP1 pid=191)                                      aten::floor_divide         0.03%     755.220us         0.08%       1.994ms       9.496us     351.458us         0.01%     351.458us       1.674us           210  
(Worker_TP1 pid=191)                    _expand_pools_and_append_tail_kernel         0.00%       0.000us         0.00%       0.000us       0.000us     331.299us         0.01%     331.299us       1.004us           330  
(Worker_TP1 pid=191)                        Memcpy DtoH (Device -> Pageable)         0.00%       0.000us         0.00%       0.000us       0.000us     323.267us         0.01%     323.267us       2.694us           120  
(Worker_TP1 pid=191) void vllm::act_and_mul_kernel<c10::BFloat16, __nv_bf...         0.00%       0.000us         0.00%       0.000us       0.000us     314.466us         0.01%     314.466us       2.096us           150  
(Worker_TP1 pid=191)                        triton_poi_fused_mul_unsqueeze_0         0.00%       0.000us         0.00%       0.000us       0.000us     308.515us         0.01%     308.515us       0.935us           330  
(Worker_TP1 pid=191)                                      aten::index_select         0.03%     852.083us         0.09%       2.184ms      14.561us     304.865us         0.01%     540.132us       3.601us           150  
(Worker_TP1 pid=191)                                            aten::arange         0.06%       1.386ms         0.21%       5.336ms       7.411us     303.905us         0.01%     607.810us       0.844us           720  
(Worker_TP1 pid=191)                                  aten::_index_put_impl_         0.03%     655.207us         0.06%       1.389ms      11.576us     287.905us         0.01%     287.905us       2.399us           120  
(Worker_TP1 pid=191)                      _compute_local_logits_stats_kernel         0.00%       0.000us         0.00%       0.000us       0.000us     284.259us         0.01%     284.259us       9.475us            30  
(Worker_TP1 pid=191) void vllm::rms_norm_kernel<c10::BFloat16, 8, 2, true...         0.00%       0.000us         0.00%       0.000us       0.000us     281.889us         0.01%     281.889us       3.132us            90  
(Worker_TP1 pid=191) void (anonymous namespace)::elementwise_kernel_with_...         0.00%       0.000us         0.00%       0.000us       0.000us     275.841us         0.01%     275.841us       1.149us           240  
(Worker_TP1 pid=191) void at::native::vectorized_elementwise_kernel<4, at...         0.00%       0.000us         0.00%       0.000us       0.000us     272.898us         0.01%     272.898us       1.516us           180  
(Worker_TP1 pid=191)                                        Memset (Unknown)         0.00%       0.000us         0.00%       0.000us       0.000us     264.800us         0.01%     264.800us       0.802us           330  
(Worker_TP1 pid=191)                                            _C::rms_norm         0.01%     357.987us         0.04%       1.021ms      17.015us     231.810us         0.01%     234.946us       3.916us            60  
(Worker_TP1 pid=191)                                               aten::add         0.04%     989.304us         0.06%       1.611ms       4.883us     224.992us         0.01%     224.992us       0.682us           330  
(Worker_TP1 pid=191)                                             aten::fill_         0.05%       1.240ms         0.09%       2.324ms       1.761us     207.553us         0.01%     210.593us       0.160us          1320  
(Worker_TP1 pid=191) void flashinfer::sampling::RadixTopKKernel_Unified<1...         0.00%       0.000us         0.00%       0.000us       0.000us     203.584us         0.01%     203.584us       6.786us            30  
(Worker_TP1 pid=191) void at::native::unrolled_elementwise_kernel<at::nat...         0.00%       0.000us         0.00%       0.000us       0.000us     197.376us         0.01%     197.376us       1.097us           180  
(Worker_TP1 pid=191)                                     _post_update_kernel         0.00%       0.000us         0.00%       0.000us       0.000us     187.873us         0.01%     187.873us       6.262us            30  
(Worker_TP1 pid=191)                                                aten::gt         0.02%     496.802us         0.04%     933.094us       7.776us     185.857us         0.01%     185.857us       1.549us           120  
(Worker_TP1 pid=191) void at::native::vectorized_elementwise_kernel<4, at...         0.00%       0.000us         0.00%       0.000us       0.000us     185.857us         0.01%     185.857us       3.098us            60  
(Worker_TP1 pid=191)                                            aten::clamp_         0.02%     500.786us         0.04%       1.002ms       5.566us     182.784us         0.01%     182.784us       1.015us           180  
(Worker_TP1 pid=191) void at::native::(anonymous namespace)::indexSelectS...         0.00%       0.000us         0.00%       0.000us       0.000us     164.961us         0.01%     164.961us       2.749us            60  
(Worker_TP1 pid=191) void at::native::index_elementwise_kernel<128, 4, at...         0.00%       0.000us         0.00%       0.000us       0.000us     157.666us         0.01%     157.666us       2.628us            60  
(Worker_TP1 pid=191) -------------------------------------------------------  ------------  ------------  ------------  ------------  ------------  ------------  ------------  ------------  ------------  ------------  
(Worker_TP1 pid=191) Self CPU time total: 2.484s
(Worker_TP1 pid=191) Self CUDA time total: 2.455s
(Worker_TP1 pid=191) 
(Worker_TP1 pid=191) -------------------------------------------------------  ------------  ------------  ------------  ------------  ------------  ------------  ------------  ------------  ------------  ------------  
(Worker_TP1 pid=191)                                                    Name    Self CPU %      Self CPU   CPU total %     CPU total  CPU time avg     Self CUDA   Self CUDA %    CUDA total  CUDA time avg    # of Calls  
(Worker_TP1 pid=191) -------------------------------------------------------  ------------  ------------  ------------  ------------  ------------  ------------  ------------  ------------  ------------  ------------  
(Worker_TP1 pid=191)                    execute_context_0(0)_generation_1(8)         0.00%       0.000us         0.00%       0.000us       0.000us        5.084s       179.50%        5.084s       1.862ms          2730  
(Worker_TP1 pid=191) void marlin_moe_wna16::Marlin<1125899906909960l, 562...         0.00%       0.000us         0.00%       0.000us       0.000us        1.488s        52.54%        1.488s     590.446us          2520  
(Worker_TP1 pid=191) void marlin::Marlin<1125899906909960l, 1125899923621...         0.00%       0.000us         0.00%       0.000us       0.000us     370.936ms        13.10%     370.936ms      87.074us          4260  
(Worker_TP1 pid=191) void marlin::Marlin<1125899906909960l, 1125899923621...         0.00%       0.000us         0.00%       0.000us       0.000us     251.473ms         8.88%     251.473ms     246.542us          1020  
(Worker_TP1 pid=191) ncclDevKernel_AllReduce_Sum_bf16_RING_LL(ncclDevKern...         0.00%       0.000us         0.00%       0.000us       0.000us     197.724ms         6.98%     197.724ms      64.616us          3060  
(Worker_TP1 pid=191) void marlin::Marlin<1125899906909960l, 5629499534871...         0.00%       0.000us         0.00%       0.000us       0.000us      66.955ms         2.36%      66.955ms      82.660us           810  
(Worker_TP1 pid=191) void cutlass::Kernel2<cutlass_80_wmma_tensorop_bf16_...         0.00%       0.000us         0.00%       0.000us       0.000us      63.875ms         2.26%      63.875ms      18.198us          3510  
(Worker_TP1 pid=191)             fused_recurrent_gated_delta_rule_fwd_kernel         0.00%       0.000us         0.00%       0.000us       0.000us      59.737ms         2.11%      59.737ms      58.566us          1020  
(Worker_TP1 pid=191)                                         _C::marlin_gemm         0.08%       2.231ms         0.14%       3.897ms      64.957us      49.942ms         1.76%      49.942ms     832.359us            60  
(Worker_TP1 pid=191)                               mhc_fused_tilelang_kernel         0.00%       0.000us         0.00%       0.000us       0.000us      45.707ms         1.61%      45.707ms      17.119us          2670  
(Worker_TP1 pid=191) void cutlass::Kernel2<cutlass_80_wmma_tensorop_bf16_...         0.00%       0.000us         0.00%       0.000us       0.000us      41.646ms         1.47%      41.646ms      17.353us          2400  
(Worker_TP1 pid=191) void cublasLt::splitKreduce_kernel<32, 16, int, __nv...         0.00%       0.000us         0.00%       0.000us       0.000us      35.513ms         1.25%      35.513ms      11.168us          3180  
(Worker_TP1 pid=191) void gemmSN_NN_kernel<float, 256, 4, 2, 8, 4, 4, fal...         0.00%       0.000us         0.00%       0.000us       0.000us      24.306ms         0.86%      24.306ms      73.655us           330  
(Worker_TP1 pid=191) void cutlass::Kernel2<cutlass_80_wmma_tensorop_bf16_...         0.00%       0.000us         0.00%       0.000us       0.000us      15.182ms         0.54%      15.182ms      46.005us           330  
(Worker_TP1 pid=191)              mhc_pre_big_fuse_with_norm_tilelang_kernel         0.00%       0.000us         0.00%       0.000us       0.000us      13.708ms         0.48%      13.708ms       5.077us          2700  
(Worker_TP1 pid=191) void cutlass::Kernel2<cutlass_80_wmma_tensorop_bf16_...         0.00%       0.000us         0.00%       0.000us       0.000us      12.971ms         0.46%      12.971ms      39.305us           330  
(Worker_TP1 pid=191) void flashinfer::mla::BatchMLAPagedAttentionKernel<f...         0.00%       0.000us         0.00%       0.000us       0.000us      12.543ms         0.44%      12.543ms      38.010us           330  
(Worker_TP1 pid=191)                                        vllm::all_reduce         0.08%       2.189ms         0.09%       2.659ms      88.623us      10.914ms         0.39%      10.914ms     363.816us            30  
(Worker_TP1 pid=191) void at::native::elementwise_kernel<128, 4, at::nati...         0.00%       0.000us         0.00%       0.000us       0.000us       9.545ms         0.34%       9.545ms       1.829us          5220  
(Worker_TP1 pid=191) void at::native::unrolled_elementwise_kernel<at::nat...         0.00%       0.000us         0.00%       0.000us       0.000us       8.082ms         0.29%       8.082ms       2.777us          2910  
(Worker_TP1 pid=191) void at::native::elementwise_kernel<128, 2, at::nati...         0.00%       0.000us         0.00%       0.000us       0.000us       7.411ms         0.26%       7.411ms       5.745us          1290  
(Worker_TP1 pid=191)                            _causal_conv1d_update_kernel         0.00%       0.000us         0.00%       0.000us       0.000us       7.313ms         0.26%       7.313ms       7.169us          1020  
(Worker_TP1 pid=191) void at::native::elementwise_kernel<128, 2, at::nati...         0.00%       0.000us         0.00%       0.000us       0.000us       6.508ms         0.23%       6.508ms       4.093us          1590  
(Worker_TP1 pid=191) ncclDevKernel_AllGather_RING_LL(ncclDevKernelArgsSto...         0.00%       0.000us         0.00%       0.000us       0.000us       6.079ms         0.21%       6.079ms      67.541us            90  
(Worker_TP1 pid=191)                                                aten::mm         0.05%       1.463ms         0.06%       1.594ms      53.131us       5.983ms         0.21%       5.983ms     199.443us            30  
(Worker_TP1 pid=191) void vllm::act_and_mul_kernel<c10::BFloat16, __nv_bf...         0.00%       0.000us         0.00%       0.000us       0.000us       5.955ms         0.21%       5.955ms       2.281us          2610  
(Worker_TP1 pid=191) void marlin::Marlin<1125899906909960l, 5629499534871...         0.00%       0.000us         0.00%       0.000us       0.000us       5.852ms         0.21%       5.852ms      17.733us           330  
(Worker_TP1 pid=191) void vllm::moe::moe_align_block_size_kernel<int>(int...         0.00%       0.000us         0.00%       0.000us       0.000us       5.846ms         0.21%       5.846ms       4.640us          1260  
(Worker_TP1 pid=191)                                        vllm::all_gather         0.12%       3.528ms         0.19%       5.465ms     182.180us       4.894ms         0.17%       5.251ms     175.029us            30  
(Worker_TP1 pid=191) void at::native::vectorized_gather_kernel<16, long>(...         0.00%       0.000us         0.00%       0.000us       0.000us       4.389ms         0.15%       4.389ms       3.181us          1380  
(Worker_TP1 pid=191) void vllm::moe::single_group_topk::detail::single_gr...         0.00%       0.000us         0.00%       0.000us       0.000us       4.272ms         0.15%       4.272ms       3.391us          1260  
(Worker_TP1 pid=191)                                             aten::copy_         0.16%       4.652ms        91.88%        2.626s     648.363us       3.482ms         0.12%       3.483ms       0.860us          4050  
(Worker_TP1 pid=191) void vllm::moe::moe_sum_vec_kernel<c10::BFloat16, in...         0.00%       0.000us         0.00%       0.000us       0.000us       3.210ms         0.11%       3.210ms       2.548us          1260  
(Worker_TP1 pid=191) kernel_mha(unsigned int, unsigned int, unsigned int,...         0.00%       0.000us         0.00%       0.000us       0.000us       2.875ms         0.10%       2.875ms      19.166us           150  
(Worker_TP1 pid=191) void at::native::vectorized_elementwise_kernel<4, at...         0.00%       0.000us         0.00%       0.000us       0.000us       2.708ms         0.10%       2.708ms       1.456us          1860  
(Worker_TP1 pid=191)                                           memcpy32_post         0.00%       0.000us         0.00%       0.000us       0.000us       2.678ms         0.09%       2.678ms       1.116us          2400  
(Worker_TP1 pid=191)                             layer_norm_gated_fwd_kernel         0.00%       0.000us         0.00%       0.000us       0.000us       2.590ms         0.09%       2.590ms       2.539us          1020  
(Worker_TP1 pid=191) void at::native::elementwise_kernel<128, 4, at::nati...         0.00%       0.000us         0.00%       0.000us       0.000us       2.526ms         0.09%       2.526ms       2.054us          1230  
(Worker_TP1 pid=191) void at::native::vectorized_elementwise_kernel<4, at...         0.00%       0.000us         0.00%       0.000us       0.000us       2.451ms         0.09%       2.451ms       0.908us          2700  
(Worker_TP1 pid=191) void vllm::persistent::persistent_topk_kernel<512, 4...         0.00%       0.000us         0.00%       0.000us       0.000us       2.365ms         0.08%       2.365ms       7.168us           330  
(Worker_TP1 pid=191) void at::native::elementwise_kernel<128, 4, at::nati...         0.00%       0.000us         0.00%       0.000us       0.000us       2.160ms         0.08%       2.160ms       3.599us           600  
(Worker_TP1 pid=191) void at::native::elementwise_kernel<128, 2, at::nati...         0.00%       0.000us         0.00%       0.000us       0.000us       2.073ms         0.07%       2.073ms       1.646us          1260  
(Worker_TP1 pid=191) void at::native::elementwise_kernel<128, 4, at::nati...         0.00%       0.000us         0.00%       0.000us       0.000us       1.989ms         0.07%       1.989ms       3.316us           600  
(Worker_TP1 pid=191) void vllm::moe::count_and_sort_expert_tokens_kernel<...         0.00%       0.000us         0.00%       0.000us       0.000us       1.731ms         0.06%       1.731ms       1.374us          1260  
(Worker_TP1 pid=191)                     _kpool_decode_update_batched_kernel         0.00%       0.000us         0.00%       0.000us       0.000us       1.693ms         0.06%       1.693ms       5.130us           330  
(Worker_TP1 pid=191) void deep_gemm::sm120_fp8_paged_mqa_logits<1u, 32u, ...         0.00%       0.000us         0.00%       0.000us       0.000us       1.539ms         0.05%       1.539ms       4.663us           330  
(Worker_TP1 pid=191)                                      _fwht_quant_kernel         0.00%       0.000us         0.00%       0.000us       0.000us       1.371ms         0.05%       1.371ms       4.154us           330  
(Worker_TP1 pid=191) void vllm::concat_and_cache_mla_kernel<__nv_bfloat16...         0.00%       0.000us         0.00%       0.000us       0.000us       1.366ms         0.05%       1.366ms       4.138us           330  
(Worker_TP1 pid=191) void vllm::reshape_and_cache_flash_kernel<__nv_bfloa...         0.00%       0.000us         0.00%       0.000us       0.000us       1.191ms         0.04%       1.191ms       3.968us           300  
(Worker_TP1 pid=191) void at::native::unrolled_elementwise_kernel<at::nat...         0.00%       0.000us         0.00%       0.000us       0.000us       1.170ms         0.04%       1.170ms       1.950us           600  
(Worker_TP1 pid=191)                          Memcpy DtoD (Device -> Device)         0.00%       0.000us         0.00%       0.000us       0.000us       1.028ms         0.04%       1.028ms       1.223us           840  
(Worker_TP1 pid=191)                                             aten::index         0.15%       4.160ms         0.37%      10.502ms      12.966us     970.790us         0.03%       1.028ms       1.270us           810  
(Worker_TP1 pid=191)                          Memcpy HtoD (Pinned -> Device)         0.00%       0.000us         0.00%       0.000us       0.000us     896.674us         0.03%     896.674us       1.758us           510  
(Worker_TP1 pid=191) void at::native::reduce_kernel<128, 4, at::native::R...         0.00%       0.000us         0.00%       0.000us       0.000us     890.537us         0.03%     890.537us       4.947us           180  
(Worker_TP1 pid=191) std::enable_if<(((8)>(0)))&&vllm::_typeConvert<c10::...         0.00%       0.000us         0.00%       0.000us       0.000us     870.532us         0.03%     870.532us       2.902us           300  
(Worker_TP1 pid=191) void at::native::unrolled_elementwise_kernel<at::nat...         0.00%       0.000us         0.00%       0.000us       0.000us     842.022us         0.03%     842.022us       1.220us           690  
(Worker_TP1 pid=191) void flashinfer::sampling::RadixTopKKernel_Unified<1...         0.00%       0.000us         0.00%       0.000us       0.000us     792.416us         0.03%     792.416us      26.414us            30  
(Worker_TP1 pid=191) void at::native::index_elementwise_kernel<128, 4, at...         0.00%       0.000us         0.00%       0.000us       0.000us     782.182us         0.03%     782.182us       2.006us           390  
(Worker_TP1 pid=191)                                mhc_post_tilelang_kernel         0.00%       0.000us         0.00%       0.000us       0.000us     753.541us         0.03%     753.541us       4.186us           180  
(Worker_TP1 pid=191) void at::native::vectorized_elementwise_kernel<4, at...         0.00%       0.000us         0.00%       0.000us       0.000us     735.013us         0.03%     735.013us       1.225us           600  
(Worker_TP1 pid=191) void at::native::vectorized_elementwise_kernel<2, at...         0.00%       0.000us         0.00%       0.000us       0.000us     671.876us         0.02%     671.876us       1.120us           600  
(Worker_TP1 pid=191)           triton_per_fused__to_copy_native_layer_norm_0         0.00%       0.000us         0.00%       0.000us       0.000us     649.187us         0.02%     649.187us       1.967us           330  
(Worker_TP1 pid=191)                   _C_cache_ops::reshape_and_cache_flash         0.02%     583.024us         0.04%       1.084ms       7.228us     644.259us         0.02%     644.259us       4.295us           150  
(Worker_TP1 pid=191) void vllm::rms_norm_kernel<c10::BFloat16, 8, 3, true...         0.00%       0.000us         0.00%       0.000us       0.000us     630.694us         0.02%     630.694us       2.102us           300  
(Worker_TP1 pid=191)               _convert_req_index_to_global_index_kernel         0.00%       0.000us         0.00%       0.000us       0.000us     623.074us         0.02%     623.074us       1.888us           330  
(Worker_TP1 pid=191) void at::native::vectorized_elementwise_kernel<4, at...         0.00%       0.000us         0.00%       0.000us       0.000us     603.008us         0.02%     603.008us       1.256us           480  
(Worker_TP1 pid=191) void at::native::(anonymous namespace)::indexSelectS...         0.00%       0.000us         0.00%       0.000us       0.000us     581.025us         0.02%     581.025us       9.684us            60  
(Worker_TP1 pid=191)                              _fused_q_kv_rmsnorm_kernel         0.00%       0.000us         0.00%       0.000us       0.000us     564.005us         0.02%     564.005us       1.709us           330  
(Worker_TP1 pid=191) void at::native::vectorized_elementwise_kernel<4, at...         0.00%       0.000us         0.00%       0.000us       0.000us     509.155us         0.02%     509.155us       1.131us           450  
(Worker_TP1 pid=191)                                               aten::sub         0.06%       1.809ms         0.11%       3.250ms       4.514us     507.776us         0.02%     507.776us       0.705us           720  
(Worker_TP1 pid=191)                                      aten::index_select         0.03%     815.696us         0.07%       2.082ms      13.877us     505.763us         0.02%     747.619us       4.984us           150  
(Worker_TP1 pid=191) void vllm::rotary_embedding_kernel<c10::BFloat16, c1...         0.00%       0.000us         0.00%       0.000us       0.000us     494.113us         0.02%     494.113us       2.745us           180  
(Worker_TP1 pid=191) void (anonymous namespace)::elementwise_kernel_with_...         0.00%       0.000us         0.00%       0.000us       0.000us     475.810us         0.02%     475.810us       0.755us           630  
(Worker_TP1 pid=191) void at::native::vectorized_elementwise_kernel<4, at...         0.00%       0.000us         0.00%       0.000us       0.000us     460.325us         0.02%     460.325us       0.767us           600  
(Worker_TP1 pid=191)                                            aten::gather         0.03%     857.429us         0.05%       1.509ms      10.059us     459.650us         0.02%     459.650us       3.064us           150  
(Worker_TP1 pid=191) void at::native::_scatter_gather_elementwise_kernel<...         0.00%       0.000us         0.00%       0.000us       0.000us     459.650us         0.02%     459.650us       3.064us           150  
(Worker_TP1 pid=191) void deep_gemm::sm120_tf32_hc_prenorm_gemm_impl<24u,...         0.00%       0.000us         0.00%       0.000us       0.000us     450.563us         0.02%     450.563us      15.019us            30  
(Worker_TP1 pid=191)                        Memcpy DtoH (Device -> Pageable)         0.00%       0.000us         0.00%       0.000us       0.000us     369.889us         0.01%     369.889us       3.082us           120  
(Worker_TP1 pid=191)                                      aten::floor_divide         0.03%     714.897us         0.07%       1.927ms       9.178us     359.777us         0.01%     359.777us       1.713us           210  
(Worker_TP1 pid=191)                    _expand_pools_and_append_tail_kernel         0.00%       0.000us         0.00%       0.000us       0.000us     337.699us         0.01%     337.699us       1.023us           330  
(Worker_TP1 pid=191) void vllm::act_and_mul_kernel<c10::BFloat16, __nv_bf...         0.00%       0.000us         0.00%       0.000us       0.000us     313.633us         0.01%     313.633us       2.091us           150  
(Worker_TP1 pid=191)                                            aten::arange         0.05%       1.456ms         0.20%       5.581ms       7.751us     304.994us         0.01%     609.988us       0.847us           720  
USDT:2026-09-28 11:21:21 191:191 SyncActivityProfilerHandler.cpp:52] profiler_start
USDT:2026-09-28 11:21:24 191:191 SyncActivityProfilerHandler.cpp:59] profiler_stop
(Worker_TP1 pid=191)                        triton_poi_fused_mul_unsqueeze_0         0.00%       0.000us         0.00%       0.000us       0.000us     304.225us         0.01%     304.225us       0.922us           330  
(Worker_TP1 pid=191)                                  aten::_index_put_impl_         0.02%     628.277us         0.05%       1.462ms      12.184us     286.337us         0.01%     286.337us       2.386us           120  
(Worker_TP1 pid=191) void vllm::rms_norm_kernel<c10::BFloat16, 8, 2, true...         0.00%       0.000us         0.00%       0.000us       0.000us     285.376us         0.01%     285.376us       3.171us            90  
(Worker_TP1 pid=191)                      _compute_local_logits_stats_kernel         0.00%       0.000us         0.00%       0.000us       0.000us     281.921us         0.01%     281.921us       9.397us            30  
(Worker_TP1 pid=191) void (anonymous namespace)::elementwise_kernel_with_...         0.00%       0.000us         0.00%       0.000us       0.000us     272.674us         0.01%     272.674us       1.136us           240  
(Worker_TP1 pid=191) void at::native::vectorized_elementwise_kernel<4, at...         0.00%       0.000us         0.00%       0.000us       0.000us     271.457us         0.01%     271.457us       1.508us           180  
(Worker_TP1 pid=191)                                        Memset (Unknown)         0.00%       0.000us         0.00%       0.000us       0.000us     236.322us         0.01%     236.322us       0.716us           330  
(Worker_TP1 pid=191)                                            _C::rms_norm         0.01%     384.066us         0.03%     901.207us      15.020us     234.497us         0.01%     234.497us       3.908us            60  
(Worker_TP1 pid=191)                                     _post_update_kernel         0.00%       0.000us         0.00%       0.000us       0.000us     233.984us         0.01%     233.984us       7.799us            30  
(Worker_TP1 pid=191)                                            _bias_kernel         0.00%       0.000us         0.00%       0.000us       0.000us     220.896us         0.01%     220.896us       7.363us            30  
(Worker_TP1 pid=191)                                               aten::add         0.04%       1.004ms         0.06%       1.618ms       4.902us     220.002us         0.01%     220.002us       0.667us           330  
(Worker_TP1 pid=191)                                             aten::fill_         0.04%       1.269ms         0.08%       2.360ms       1.788us     218.529us         0.01%     221.217us       0.168us          1320  
(Worker_TP1 pid=191) void flashinfer::sampling::RadixTopKKernel_Unified<1...         0.00%       0.000us         0.00%       0.000us       0.000us     209.282us         0.01%     209.282us       6.976us            30  
(Worker_TP1 pid=191) void at::native::unrolled_elementwise_kernel<at::nat...         0.00%       0.000us         0.00%       0.000us       0.000us     198.464us         0.01%     198.464us       1.103us           180  
(Worker_TP1 pid=191)                                       _rejection_kernel         0.00%       0.000us         0.00%       0.000us       0.000us     183.553us         0.01%     183.553us       6.118us            30  
(Worker_TP1 pid=191)                                            aten::clamp_         0.02%     510.736us         0.04%       1.008ms       5.599us     181.570us         0.01%     181.570us       1.009us           180  
(Worker_TP1 pid=191) void at::native::(anonymous namespace)::indexSelectS...         0.00%       0.000us         0.00%       0.000us       0.000us     168.194us         0.01%     168.194us       2.803us            60  
(Worker_TP1 pid=191) void at::native::index_elementwise_kernel<128, 4, at...         0.00%       0.000us         0.00%       0.000us       0.000us     167.808us         0.01%     167.808us       2.797us            60  
(Worker_TP1 pid=191) -------------------------------------------------------  ------------  ------------  ------------  ------------  ------------  ------------  ------------  ------------  ------------  ------------  
(Worker_TP1 pid=191) Self CPU time total: 2.858s
(Worker_TP1 pid=191) Self CUDA time total: 2.832s
(Worker_TP1 pid=191) 
(Worker_TP1 pid=191) -------------------------------------------------------  ------------  ------------  ------------  ------------  ------------  ------------  ------------  ------------  ------------  ------------  
(Worker_TP1 pid=191)                                                    Name    Self CPU %      Self CPU   CPU total %     CPU total  CPU time avg     Self CUDA   Self CUDA %    CUDA total  CUDA time avg    # of Calls  
(Worker_TP1 pid=191) -------------------------------------------------------  ------------  ------------  ------------  ------------  ------------  ------------  ------------  ------------  ------------  ------------  
(Worker_TP1 pid=191)                   execute_context_0(0)_generation_2(16)         0.00%       0.000us         0.00%       0.000us       0.000us        5.617s       177.51%        5.617s       2.058ms          2730  
(Worker_TP1 pid=191) void marlin_moe_wna16::Marlin<1125899906909960l, 562...         0.00%       0.000us         0.00%       0.000us       0.000us        1.626s        51.40%        1.626s     645.426us          2520  
(Worker_TP1 pid=191) void marlin::Marlin<1125899906909960l, 1125899923621...         0.00%       0.000us         0.00%       0.000us       0.000us     399.359ms        12.62%     399.359ms      93.746us          4260  
(Worker_TP1 pid=191) void marlin::Marlin<1125899906909960l, 1125899923621...         0.00%       0.000us         0.00%       0.000us       0.000us     273.802ms         8.65%     273.802ms     268.433us          1020  
(Worker_TP1 pid=191) ncclDevKernel_AllReduce_Sum_bf16_RING_LL(ncclDevKern...         0.00%       0.000us         0.00%       0.000us       0.000us     206.697ms         6.53%     206.697ms      67.548us          3060  
(Worker_TP1 pid=191)             fused_recurrent_gated_delta_rule_fwd_kernel         0.00%       0.000us         0.00%       0.000us       0.000us     152.899ms         4.83%     152.899ms     149.901us          1020  
(Worker_TP1 pid=191) void marlin::Marlin<1125899906909960l, 5629499534871...         0.00%       0.000us         0.00%       0.000us       0.000us      70.887ms         2.24%      70.887ms      87.515us           810  
(Worker_TP1 pid=191) void cutlass::Kernel2<cutlass_80_wmma_tensorop_bf16_...         0.00%       0.000us         0.00%       0.000us       0.000us      67.991ms         2.15%      67.991ms      19.371us          3510  
(Worker_TP1 pid=191)                               mhc_fused_tilelang_kernel         0.00%       0.000us         0.00%       0.000us       0.000us      63.036ms         1.99%      63.036ms      23.609us          2670  
(Worker_TP1 pid=191)                                         _C::marlin_gemm         0.06%       1.920ms         0.11%       3.519ms      58.656us      50.566ms         1.60%      50.566ms     842.767us            60  
(Worker_TP1 pid=191) void cutlass::Kernel2<cutlass_80_wmma_tensorop_bf16_...         0.00%       0.000us         0.00%       0.000us       0.000us      41.846ms         1.32%      41.846ms      17.436us          2400  
(Worker_TP1 pid=191) void cublasLt::splitKreduce_kernel<32, 16, int, __nv...         0.00%       0.000us         0.00%       0.000us       0.000us      34.907ms         1.10%      34.907ms      10.977us          3180  
(Worker_TP1 pid=191) void gemmSN_NN_kernel<float, 256, 4, 2, 8, 4, 4, fal...         0.00%       0.000us         0.00%       0.000us       0.000us      23.397ms         0.74%      23.397ms      70.901us           330  
(Worker_TP1 pid=191) void cutlass::Kernel2<cutlass_80_wmma_tensorop_bf16_...         0.00%       0.000us         0.00%       0.000us       0.000us      15.221ms         0.48%      15.221ms      46.123us           330  
(Worker_TP1 pid=191) void cutlass::Kernel2<cutlass_80_wmma_tensorop_bf16_...         0.00%       0.000us         0.00%       0.000us       0.000us      13.888ms         0.44%      13.888ms      42.084us           330  
(Worker_TP1 pid=191)              mhc_pre_big_fuse_with_norm_tilelang_kernel         0.00%       0.000us         0.00%       0.000us       0.000us      13.736ms         0.43%      13.736ms       5.088us          2700  
(Worker_TP1 pid=191)                                        vllm::all_reduce         0.06%       1.862ms         0.07%       2.316ms      77.199us      12.994ms         0.41%      12.994ms     433.125us            30  
(Worker_TP1 pid=191) void at::native::elementwise_kernel<128, 4, at::nati...         0.00%       0.000us         0.00%       0.000us       0.000us      11.323ms         0.36%      11.323ms       2.169us          5220  
(Worker_TP1 pid=191) void at::native::unrolled_elementwise_kernel<at::nat...         0.00%       0.000us         0.00%       0.000us       0.000us      10.349ms         0.33%      10.349ms       3.557us          2910  
(Worker_TP1 pid=191) ncclDevKernel_AllGather_RING_LL(ncclDevKernelArgsSto...         0.00%       0.000us         0.00%       0.000us       0.000us       8.707ms         0.28%       8.707ms      96.747us            90  
(Worker_TP1 pid=191) void vllm::moe::moe_align_block_size_kernel<int>(int...         0.00%       0.000us         0.00%       0.000us       0.000us       8.355ms         0.26%       8.355ms       6.631us          1260  
(Worker_TP1 pid=191)                            _causal_conv1d_update_kernel         0.00%       0.000us         0.00%       0.000us       0.000us       8.210ms         0.26%       8.210ms       8.049us          1020  
(Worker_TP1 pid=191) void at::native::elementwise_kernel<128, 2, at::nati...         0.00%       0.000us         0.00%       0.000us       0.000us       8.165ms         0.26%       8.165ms       5.135us          1590  
(Worker_TP1 pid=191) void flashinfer::mla::BatchMLAPagedAttentionKernel<f...         0.00%       0.000us         0.00%       0.000us       0.000us       8.138ms         0.26%       8.138ms      24.660us           330  
(Worker_TP1 pid=191)                                        vllm::all_gather         0.09%       2.854ms         0.14%       4.509ms     150.302us       7.581ms         0.24%       8.359ms     278.640us            30  
(Worker_TP1 pid=191) void vllm::act_and_mul_kernel<c10::BFloat16, __nv_bf...         0.00%       0.000us         0.00%       0.000us       0.000us       7.057ms         0.22%       7.057ms       2.704us          2610  
(Worker_TP1 pid=191) void marlin::Marlin<1125899906909960l, 5629499534871...         0.00%       0.000us         0.00%       0.000us       0.000us       6.105ms         0.19%       6.105ms      18.501us           330  
(Worker_TP1 pid=191)                                                aten::mm         0.05%       1.516ms         0.05%       1.641ms      54.705us       5.987ms         0.19%       5.987ms     199.570us            30  
(Worker_TP1 pid=191) void vllm::moe::count_and_sort_expert_tokens_kernel<...         0.00%       0.000us         0.00%       0.000us       0.000us       5.960ms         0.19%       5.960ms       4.730us          1260  
(Worker_TP1 pid=191) void vllm::moe::single_group_topk::detail::single_gr...         0.00%       0.000us         0.00%       0.000us       0.000us       5.199ms         0.16%       5.199ms       4.126us          1260  
(Worker_TP1 pid=191) void vllm::moe::moe_sum_vec_kernel<c10::BFloat16, in...         0.00%       0.000us         0.00%       0.000us       0.000us       4.762ms         0.15%       4.762ms       3.779us          1260  
(Worker_TP1 pid=191)                                             aten::copy_         0.15%       4.582ms        93.21%        2.935s     730.002us       4.590ms         0.15%       4.601ms       1.145us          4020  
(Worker_TP1 pid=191)                             layer_norm_gated_fwd_kernel         0.00%       0.000us         0.00%       0.000us       0.000us       4.242ms         0.13%       4.242ms       4.159us          1020  
(Worker_TP1 pid=191) void at::native::elementwise_kernel<128, 2, at::nati...         0.00%       0.000us         0.00%       0.000us       0.000us       4.139ms         0.13%       4.139ms       3.208us          1290  
(Worker_TP1 pid=191) void at::native::vectorized_elementwise_kernel<4, at...         0.00%       0.000us         0.00%       0.000us       0.000us       4.072ms         0.13%       4.072ms       1.508us          2700  
(Worker_TP1 pid=191) void at::native::vectorized_gather_kernel<16, long>(...         0.00%       0.000us         0.00%       0.000us       0.000us       3.641ms         0.12%       3.641ms       2.427us          1500  
(Worker_TP1 pid=191) void at::native::vectorized_elementwise_kernel<4, at...         0.00%       0.000us         0.00%       0.000us       0.000us       3.181ms         0.10%       3.181ms       1.710us          1860  
(Worker_TP1 pid=191)                                           memcpy32_post         0.00%       0.000us         0.00%       0.000us       0.000us       2.627ms         0.08%       2.627ms       1.109us          2370  
(Worker_TP1 pid=191)                     _kpool_decode_update_batched_kernel         0.00%       0.000us         0.00%       0.000us       0.000us       2.624ms         0.08%       2.624ms       7.953us           330  
(Worker_TP1 pid=191) void vllm::persistent::persistent_topk_kernel<512, 4...         0.00%       0.000us         0.00%       0.000us       0.000us       2.498ms         0.08%       2.498ms       7.571us           330  
(Worker_TP1 pid=191) void at::native::elementwise_kernel<128, 4, at::nati...         0.00%       0.000us         0.00%       0.000us       0.000us       2.448ms         0.08%       2.448ms       1.990us          1230  
(Worker_TP1 pid=191) kernel_mha(unsigned int, unsigned int, unsigned int,...         0.00%       0.000us         0.00%       0.000us       0.000us       2.245ms         0.07%       2.245ms      14.969us           150  
(Worker_TP1 pid=191) void at::native::elementwise_kernel<128, 4, at::nati...         0.00%       0.000us         0.00%       0.000us       0.000us       2.156ms         0.07%       2.156ms       3.593us           600  
(Worker_TP1 pid=191) void at::native::elementwise_kernel<128, 2, at::nati...         0.00%       0.000us         0.00%       0.000us       0.000us       2.044ms         0.06%       2.044ms       1.622us          1260  
(Worker_TP1 pid=191) void at::native::elementwise_kernel<128, 4, at::nati...         0.00%       0.000us         0.00%       0.000us       0.000us       2.032ms         0.06%       2.032ms       3.386us           600  
(Worker_TP1 pid=191) void deep_gemm::sm120_fp8_paged_mqa_logits<1u, 32u, ...         0.00%       0.000us         0.00%       0.000us       0.000us       1.518ms         0.05%       1.518ms       4.600us           330  
(Worker_TP1 pid=191) void vllm::concat_and_cache_mla_kernel<__nv_bfloat16...         0.00%       0.000us         0.00%       0.000us       0.000us       1.375ms         0.04%       1.375ms       4.167us           330  
(Worker_TP1 pid=191)                                      _fwht_quant_kernel         0.00%       0.000us         0.00%       0.000us       0.000us       1.349ms         0.04%       1.349ms       4.089us           330  
(Worker_TP1 pid=191) void vllm::reshape_and_cache_flash_kernel<__nv_bfloa...         0.00%       0.000us         0.00%       0.000us       0.000us       1.215ms         0.04%       1.215ms       4.049us           300  
(Worker_TP1 pid=191) void at::native::unrolled_elementwise_kernel<at::nat...         0.00%       0.000us         0.00%       0.000us       0.000us       1.141ms         0.04%       1.141ms       1.902us           600  
(Worker_TP1 pid=191)                                             aten::index         0.13%       4.048ms         0.32%      10.158ms      12.541us       1.045ms         0.03%       1.099ms       1.357us           810  
(Worker_TP1 pid=191)                          Memcpy DtoD (Device -> Device)         0.00%       0.000us         0.00%       0.000us       0.000us       1.002ms         0.03%       1.002ms       1.193us           840  
(Worker_TP1 pid=191) void at::native::reduce_kernel<128, 4, at::native::R...         0.00%       0.000us         0.00%       0.000us       0.000us     946.087us         0.03%     946.087us       5.256us           180  
(Worker_TP1 pid=191) std::enable_if<(((8)>(0)))&&vllm::_typeConvert<c10::...         0.00%       0.000us         0.00%       0.000us       0.000us     934.787us         0.03%     934.787us       3.116us           300  
(Worker_TP1 pid=191) void flashinfer::sampling::RadixTopKKernel_Unified<1...         0.00%       0.000us         0.00%       0.000us       0.000us     918.146us         0.03%     918.146us      30.605us            30  
(Worker_TP1 pid=191) void at::native::unrolled_elementwise_kernel<at::nat...         0.00%       0.000us         0.00%       0.000us       0.000us     865.251us         0.03%     865.251us       1.254us           690  
(Worker_TP1 pid=191)                          Memcpy HtoD (Pinned -> Device)         0.00%       0.000us         0.00%       0.000us       0.000us     864.651us         0.03%     864.651us       1.695us           510  
(Worker_TP1 pid=191)                                mhc_post_tilelang_kernel         0.00%       0.000us         0.00%       0.000us       0.000us     856.133us         0.03%     856.133us       4.756us           180  
(Worker_TP1 pid=191) void at::native::vectorized_elementwise_kernel<2, at...         0.00%       0.000us         0.00%       0.000us       0.000us     729.282us         0.02%     729.282us       1.215us           600  
(Worker_TP1 pid=191) void at::native::vectorized_elementwise_kernel<4, at...         0.00%       0.000us         0.00%       0.000us       0.000us     720.706us         0.02%     720.706us       1.201us           600  
(Worker_TP1 pid=191)               _convert_req_index_to_global_index_kernel         0.00%       0.000us         0.00%       0.000us       0.000us     680.837us         0.02%     680.837us       2.063us           330  
(Worker_TP1 pid=191)                   _C_cache_ops::reshape_and_cache_flash         0.02%     591.651us         0.03%       1.091ms       7.276us     679.493us         0.02%     679.493us       4.530us           150  
(Worker_TP1 pid=191) void vllm::rms_norm_kernel<c10::BFloat16, 8, 3, true...         0.00%       0.000us         0.00%       0.000us       0.000us     630.244us         0.02%     630.244us       2.101us           300  
(Worker_TP1 pid=191)                              _fused_q_kv_rmsnorm_kernel         0.00%       0.000us         0.00%       0.000us       0.000us     613.378us         0.02%     613.378us       1.859us           330  
(Worker_TP1 pid=191) void at::native::index_elementwise_kernel<128, 4, at...         0.00%       0.000us         0.00%       0.000us       0.000us     603.137us         0.02%     603.137us       2.234us           270  
(Worker_TP1 pid=191) void at::native::vectorized_elementwise_kernel<4, at...         0.00%       0.000us         0.00%       0.000us       0.000us     576.866us         0.02%     576.866us       1.202us           480  
(Worker_TP1 pid=191)           triton_per_fused__to_copy_native_layer_norm_0         0.00%       0.000us         0.00%       0.000us       0.000us     568.708us         0.02%     568.708us       1.723us           330  
(Worker_TP1 pid=191) void at::native::vectorized_elementwise_kernel<4, at...         0.00%       0.000us         0.00%       0.000us       0.000us     525.154us         0.02%     525.154us       1.167us           450  
(Worker_TP1 pid=191) void at::native::(anonymous namespace)::indexSelectS...         0.00%       0.000us         0.00%       0.000us       0.000us     505.188us         0.02%     505.188us       8.420us            60  
(Worker_TP1 pid=191) void at::native::vectorized_elementwise_kernel<4, at...         0.00%       0.000us         0.00%       0.000us       0.000us     498.304us         0.02%     498.304us       0.831us           600  
(Worker_TP1 pid=191) void vllm::rotary_embedding_kernel<c10::BFloat16, c1...         0.00%       0.000us         0.00%       0.000us       0.000us     492.000us         0.02%     492.000us       2.733us           180  
(Worker_TP1 pid=191)                                               aten::sub         0.05%       1.703ms         0.10%       3.090ms       4.292us     480.354us         0.02%     480.354us       0.667us           720  
(Worker_TP1 pid=191) void (anonymous namespace)::elementwise_kernel_with_...         0.00%       0.000us         0.00%       0.000us       0.000us     469.604us         0.01%     469.604us       0.745us           630  
(Worker_TP1 pid=191)                                      aten::index_select         0.02%     754.273us         0.06%       2.007ms      13.377us     453.699us         0.01%     664.775us       4.432us           150  
(Worker_TP1 pid=191) void deep_gemm::sm120_tf32_hc_prenorm_gemm_impl<24u,...         0.00%       0.000us         0.00%       0.000us       0.000us     450.178us         0.01%     450.178us      15.006us            30  
(Worker_TP1 pid=191)                                            aten::gather         0.03%     803.492us         0.05%       1.467ms       9.777us     441.124us         0.01%     441.124us       2.941us           150  
(Worker_TP1 pid=191) void at::native::_scatter_gather_elementwise_kernel<...         0.00%       0.000us         0.00%       0.000us       0.000us     441.124us         0.01%     441.124us       2.941us           150  
(Worker_TP1 pid=191)                        Memcpy DtoH (Device -> Pageable)         0.00%       0.000us         0.00%       0.000us       0.000us     368.544us         0.01%     368.544us       3.071us           120  
(Worker_TP1 pid=191)                      _compute_local_logits_stats_kernel         0.00%       0.000us         0.00%       0.000us       0.000us     363.841us         0.01%     363.841us      12.128us            30  
(Worker_TP1 pid=191)                    _expand_pools_and_append_tail_kernel         0.00%       0.000us         0.00%       0.000us       0.000us     362.820us         0.01%     362.820us       1.099us           330  
(Worker_TP1 pid=191)                                      aten::floor_divide         0.02%     671.621us         0.06%       1.869ms       8.899us     345.185us         0.01%     345.185us       1.644us           210  
(Worker_TP1 pid=191) void vllm::act_and_mul_kernel<c10::BFloat16, __nv_bf...         0.00%       0.000us         0.00%       0.000us       0.000us     320.643us         0.01%     320.643us       2.138us           150  
(Worker_TP1 pid=191)                                                memset32         0.00%       0.000us         0.00%       0.000us       0.000us     315.523us         0.01%     315.523us       0.956us           330  
(Worker_TP1 pid=191)                        triton_poi_fused_mul_unsqueeze_0         0.00%       0.000us         0.00%       0.000us       0.000us     315.331us         0.01%     315.331us       0.956us           330  
(Worker_TP1 pid=191)                                            aten::arange         0.04%       1.203ms         0.16%       5.129ms       7.124us     304.674us         0.01%     609.348us       0.846us           720  
(Worker_TP1 pid=191) void vllm::rms_norm_kernel<c10::BFloat16, 8, 2, true...         0.00%       0.000us         0.00%       0.000us       0.000us     300.928us         0.01%     300.928us       3.344us            90  
(Worker_TP1 pid=191)                                  aten::_index_put_impl_         0.02%     542.947us         0.04%       1.247ms      10.395us     283.424us         0.01%     283.424us       2.362us           120  
(Worker_TP1 pid=191) void (anonymous namespace)::elementwise_kernel_with_...         0.00%       0.000us         0.00%       0.000us       0.000us     276.418us         0.01%     276.418us       1.152us           240  
(Worker_TP1 pid=191) void at::native::vectorized_elementwise_kernel<4, at...         0.00%       0.000us         0.00%       0.000us       0.000us     266.177us         0.01%     266.177us       1.479us           180  
(Worker_TP1 pid=191) void at::native::(anonymous namespace)::indexSelectS...         0.00%       0.000us         0.00%       0.000us       0.000us     261.889us         0.01%     261.889us       4.365us            60  
(Worker_TP1 pid=191) void at::native::index_elementwise_kernel<128, 4, at...         0.00%       0.000us         0.00%       0.000us       0.000us     245.410us         0.01%     245.410us       4.090us            60  
(Worker_TP1 pid=191)                                            _C::rms_norm         0.01%     365.490us         0.03%     882.421us      14.707us     241.472us         0.01%     241.472us       4.025us            60  
(Worker_TP1 pid=191) void flashinfer::sampling::RadixTopKKernel_Unified<1...         0.00%       0.000us         0.00%       0.000us       0.000us     225.664us         0.01%     225.664us       7.522us            30  
(Worker_TP1 pid=191)                                               aten::add         0.03%     905.459us         0.05%       1.532ms       4.642us     222.272us         0.01%     222.272us       0.674us           330  
(Worker_TP1 pid=191)                                                aten::gt         0.01%     460.417us         0.03%     838.978us       6.991us     204.352us         0.01%     204.352us       1.703us           120  
(Worker_TP1 pid=191) void at::native::vectorized_elementwise_kernel<4, at...         0.00%       0.000us         0.00%       0.000us       0.000us     204.352us         0.01%     204.352us       3.406us            60  
(Worker_TP1 pid=191)                                             aten::fill_         0.04%       1.164ms         0.07%       2.332ms       1.654us     199.712us         0.01%     202.208us       0.143us          1410  
(Worker_TP1 pid=191) void at::native::unrolled_elementwise_kernel<at::nat...         0.00%       0.000us         0.00%       0.000us       0.000us     194.466us         0.01%     194.466us       1.080us           180  
(Worker_TP1 pid=191)                                            aten::clamp_         0.02%     488.420us         0.03%     996.245us       5.535us     180.896us         0.01%     180.896us       1.005us           180  
(Worker_TP1 pid=191)                                            _bias_kernel         0.00%       0.000us         0.00%       0.000us       0.000us     170.944us         0.01%     170.944us       5.698us            30  
(Worker_TP1 pid=191) -------------------------------------------------------  ------------  ------------  ------------  ------------  ------------  ------------  ------------  ------------  ------------  ------------  
(Worker_TP1 pid=191) Self CPU time total: 3.148s
(Worker_TP1 pid=191) Self CUDA time total: 3.164s
(Worker_TP1 pid=191) 
(Worker_TP1 pid=191) INFO 09-28 11:23:42 [glm53_expert_census.py:160] GLM53_EXPERT_CENSUS: rank 1 recorded steps 0..1999 into /cache/huggingface/glm53-census/census-e5f3-20260928
(Worker_TP1 pid=191) WARNING 09-28 11:24:36 [jit_monitor.py:135] Triton kernel JIT compilation during inference: _compute_local_logits_stats_kernel. This causes a latency spike; consider extending warmup to cover this shape/config.
(Worker_TP1 pid=191) WARNING 09-28 11:24:36 [jit_monitor.py:135] Triton kernel JIT compilation during inference: _rejection_kernel. This causes a latency spike; consider extending warmup to cover this shape/config.
(Worker_TP1 pid=191) WARNING 09-28 11:24:36 [jit_monitor.py:135] Triton kernel JIT compilation during inference: _resample_kernel. This causes a latency spike; consider extending warmup to cover this shape/config.
(Worker_TP1 pid=191) WARNING 09-28 11:25:02 [jit_monitor.py:135] TileLang JIT compilation during inference: mhc_pre_big_fuse_with_norm_tilelang. This causes a latency spike; consider extending warmup to cover this shape/config.
USDT:2026-09-28 11:25:09 191:191 SyncActivityProfilerHandler.cpp:52] profiler_start
USDT:2026-09-28 11:25:14 191:191 SyncActivityProfilerHandler.cpp:59] profiler_stop
(Worker_TP1 pid=191) -------------------------------------------------------  ------------  ------------  ------------  ------------  ------------  ------------  ------------  ------------  ------------  ------------  
(Worker_TP1 pid=191)                                                    Name    Self CPU %      Self CPU   CPU total %     CPU total  CPU time avg     Self CUDA   Self CUDA %    CUDA total  CUDA time avg    # of Calls  
(Worker_TP1 pid=191) -------------------------------------------------------  ------------  ------------  ------------  ------------  ------------  ------------  ------------  ------------  ------------  ------------  
(Worker_TP1 pid=191)                 execute_context_1(1152)_generation_0(0)         0.00%       0.000us         0.00%       0.000us       0.000us        2.870s        57.50%        2.870s     956.582ms             3  
(Worker_TP1 pid=191)                    execute_context_0(0)_generation_1(8)         0.00%       0.000us         0.00%       0.000us       0.000us        1.778s        35.62%        1.778s       1.395ms          1274  
(Worker_TP1 pid=191)                           _moe_C::moe_wna16_marlin_gemm         0.15%       7.744ms         0.82%      41.085ms     122.275us        1.320s        26.45%        1.752s       5.215ms           336  
(Worker_TP1 pid=191) void marlin_moe_wna16::Marlin<1125899906909960l, 562...         0.00%       0.000us         0.00%       0.000us       0.000us        1.320s        26.45%        1.320s       3.929ms           336  
(Worker_TP1 pid=191)                                     Command Buffer Full        38.44%        1.927s        38.44%        1.927s     618.489us        1.276s        25.57%        1.276s     409.570us          3116  
(Worker_TP1 pid=191)                 execute_context_1(1267)_generation_0(0)         0.00%       0.000us         0.00%       0.000us       0.000us        1.087s        21.77%        1.087s        1.087s             1  
(Worker_TP1 pid=191)                                         _C::marlin_gemm         0.36%      17.908ms         2.26%     113.210ms     149.749us     920.021ms        18.44%        1.235s       1.634ms           756  
(Worker_TP1 pid=191) void marlin::Marlin<1125899906909960l, 1125899923621...         0.00%       0.000us         0.00%       0.000us       0.000us     608.577ms        12.19%     608.577ms       1.749ms           348  
(Worker_TP1 pid=191) ncclDevKernel_AllReduce_Sum_bf16_RING_LL(ncclDevKern...         0.00%       0.000us         0.00%       0.000us       0.000us     433.275ms         8.68%     433.275ms     235.989us          1836  
(Worker_TP1 pid=191) void flashinfer::mla::BatchMLAPagedAttentionKernel<f...         0.00%       0.000us         0.00%       0.000us       0.000us     420.199ms         8.42%     420.199ms       2.122ms           198  
(Worker_TP1 pid=191)                 vllm::unified_mla_attention_with_output         0.17%       8.566ms         2.76%     138.414ms       3.146ms     408.268ms         8.18%     605.959ms      13.772ms            44  
(Worker_TP1 pid=191) void marlin_moe_wna16::Marlin<1125899906909960l, 562...         0.00%       0.000us         0.00%       0.000us       0.000us     403.542ms         8.09%     403.542ms     343.148us          1176  
(Worker_TP1 pid=191)                                        vllm::all_reduce         0.35%      17.757ms         2.23%     111.733ms     295.590us     361.088ms         7.24%     464.357ms       1.228ms           378  
(Worker_TP1 pid=191)                       vllm::mhc_fused_post_pre_tilelang         0.92%      46.131ms         2.04%     102.218ms     287.129us     272.495ms         5.46%     414.585ms       1.165ms           356  
(Worker_TP1 pid=191) void marlin::Marlin<1125899906909960l, 1125899923621...         0.00%       0.000us         0.00%       0.000us       0.000us     235.260ms         4.71%     235.260ms     335.128us           702  
(Worker_TP1 pid=191) void marlin::Marlin<1125899906909960l, 1125899923621...         0.00%       0.000us         0.00%       0.000us       0.000us     186.715ms         3.74%     186.715ms      93.545us          1996  
(Worker_TP1 pid=191)                                mhc_post_tilelang_kernel         0.00%       0.000us         0.00%       0.000us       0.000us     145.580ms         2.92%     145.580ms     313.750us           464  
(Worker_TP1 pid=191) void marlin::Marlin<1125899906909960l, 1125899923621...         0.00%       0.000us         0.00%       0.000us       0.000us     117.420ms         2.35%     117.420ms     246.680us           476  
(Worker_TP1 pid=191)                                             aten::copy_         0.17%       8.413ms        54.82%        2.749s     698.702us      94.777ms         1.90%     122.080ms      31.032us          3934  
(Worker_TP1 pid=191) void at::native::elementwise_kernel<128, 4, at::nati...         0.00%       0.000us         0.00%       0.000us       0.000us      78.179ms         1.57%      78.179ms      26.130us          2992  
(Worker_TP1 pid=191)              mhc_pre_big_fuse_with_norm_tilelang_kernel         0.00%       0.000us         0.00%       0.000us       0.000us      77.959ms         1.56%      77.959ms      48.123us          1620  
(Worker_TP1 pid=191)                                                aten::mm         1.01%      50.739ms         5.03%     252.055ms     297.937us      71.131ms         1.43%      88.098ms     104.135us           846  
(Worker_TP1 pid=191) void deep_gemm::sm120_tf32_hc_prenorm_gemm_impl<24u,...         0.00%       0.000us         0.00%       0.000us       0.000us      66.346ms         1.33%      66.346ms     184.294us           360  
(Worker_TP1 pid=191) void vllm::moe::moe_sum_vec_kernel<c10::BFloat16, in...         0.00%       0.000us         0.00%       0.000us       0.000us      63.230ms         1.27%      63.230ms      83.637us           756  
(Worker_TP1 pid=191)                                         _moe_C::moe_sum         0.01%     405.744us         3.09%     154.836ms     921.643us      61.934ms         1.24%      89.863ms     534.897us           168  
(Worker_TP1 pid=191)                                  chunk_gla_fwd_kernel_o         0.00%       0.000us         0.00%       0.000us       0.000us      50.634ms         1.01%      50.634ms     372.307us           136  
(Worker_TP1 pid=191) void marlin::Marlin<1125899906909960l, 5629499534871...         0.00%       0.000us         0.00%       0.000us       0.000us      47.351ms         0.95%      47.351ms       1.007ms            47  
(Worker_TP1 pid=191)                                recompute_w_u_fwd_kernel         0.00%       0.000us         0.00%       0.000us       0.000us      46.074ms         0.92%      46.074ms     338.778us           136  
(Worker_TP1 pid=191)                             _C::silu_and_mul_with_clamp         0.02%       1.140ms         0.62%      30.951ms      88.940us      41.902ms         0.84%      58.275ms     167.457us           348  
(Worker_TP1 pid=191) void vllm::act_and_mul_kernel<c10::BFloat16, __nv_bf...         0.00%       0.000us         0.00%       0.000us       0.000us      41.902ms         0.84%      41.902ms     120.408us           348  
(Worker_TP1 pid=191)                               _causal_conv1d_fwd_kernel         0.00%       0.000us         0.00%       0.000us       0.000us      41.453ms         0.83%      41.453ms     304.798us           136  
(Worker_TP1 pid=191)          chunk_gated_delta_rule_fwd_kernel_h_blockdim64         0.00%       0.000us         0.00%       0.000us       0.000us      39.489ms         0.79%      39.489ms     290.362us           136  
(Worker_TP1 pid=191) void marlin::Marlin<1125899906909960l, 5629499534871...         0.00%       0.000us         0.00%       0.000us       0.000us      36.857ms         0.74%      36.857ms      80.474us           458  
(Worker_TP1 pid=191)     chunk_kda_scaled_dot_kkt_fwd_kernel_intra_sub_inter         0.00%       0.000us         0.00%       0.000us       0.000us      34.513ms         0.69%      34.513ms     253.774us           136  
(Worker_TP1 pid=191)     chunk_kda_scaled_dot_kkt_fwd_kernel_intra_sub_intra         0.00%       0.000us         0.00%       0.000us       0.000us      30.239ms         0.61%      30.239ms     222.347us           136  
(Worker_TP1 pid=191) void cutlass::Kernel2<cutlass_80_wmma_tensorop_bf16_...         0.00%       0.000us         0.00%       0.000us       0.000us      30.025ms         0.60%      30.025ms      18.330us          1638  
(Worker_TP1 pid=191)                                               aten::bmm         0.03%       1.634ms         1.17%      58.535ms     665.175us      29.732ms         0.60%      35.158ms     399.520us            88  
(Worker_TP1 pid=191)             fused_recurrent_gated_delta_rule_fwd_kernel         0.00%       0.000us         0.00%       0.000us       0.000us      27.762ms         0.56%      27.762ms      58.324us           476  
(Worker_TP1 pid=191)                              kda_gate_cumsum_fwd_kernel         0.00%       0.000us         0.00%       0.000us       0.000us      22.313ms         0.45%      22.313ms     164.065us           136  
(Worker_TP1 pid=191)                               mhc_fused_tilelang_kernel         0.00%       0.000us         0.00%       0.000us       0.000us      21.350ms         0.43%      21.350ms      17.134us          1246  
(Worker_TP1 pid=191) void cutlass::Kernel2<cutlass_80_wmma_tensorop_bf16_...         0.00%       0.000us         0.00%       0.000us       0.000us      19.396ms         0.39%      19.396ms      17.318us          1120  
(Worker_TP1 pid=191) void cublasLt::splitKreduce_kernel<32, 16, int, __nv...         0.00%       0.000us         0.00%       0.000us       0.000us      17.804ms         0.36%      17.804ms      11.997us          1484  
(Worker_TP1 pid=191) void cutlass::Kernel2<cutlass_80_tensorop_bf16_s1681...         0.00%       0.000us         0.00%       0.000us       0.000us      17.774ms         0.36%      17.774ms      62.804us           283  
(Worker_TP1 pid=191)                                             aten::fill_         0.06%       3.086ms         4.74%     237.555ms     160.510us      16.616ms         0.33%      21.718ms      14.674us          1480  
(Worker_TP1 pid=191) void cutlass::Kernel2<cutlass_80_tensorop_bf16_s1681...         0.00%       0.000us         0.00%       0.000us       0.000us      16.472ms         0.33%      16.472ms     374.374us            44  
(Worker_TP1 pid=191) void at::native::vectorized_elementwise_kernel<4, at...         0.00%       0.000us         0.00%       0.000us       0.000us      15.760ms         0.32%      15.760ms      14.122us          1116  
(Worker_TP1 pid=191)                                               aten::add         0.05%       2.258ms         0.70%      34.904ms      73.637us      14.600ms         0.29%      21.170ms      44.663us           474  
(Worker_TP1 pid=191) void cutlass::Kernel2<cutlass_80_tensorop_bf16_s1681...         0.00%       0.000us         0.00%       0.000us       0.000us      13.259ms         0.27%      13.259ms     301.349us            44  
(Worker_TP1 pid=191)                     merge_16x16_to_64x64_inverse_kernel         0.00%       0.000us         0.00%       0.000us       0.000us      13.113ms         0.26%      13.113ms      96.416us           136  
(Worker_TP1 pid=191) nvjet_sm121_tst_mma_64x128x64_4_64x32x64_tmaAB_bz_TN...         0.00%       0.000us         0.00%       0.000us       0.000us      12.835ms         0.26%      12.835ms      50.933us           252  
(Worker_TP1 pid=191)                                      l2norm_fwd_kernel2         0.00%       0.000us         0.00%       0.000us       0.000us      12.076ms         0.24%      12.076ms      44.398us           272  
(Worker_TP1 pid=191)                         vllm::sparse_attn_indexer_kpool         0.29%      14.467ms         3.35%     168.165ms       3.822ms      11.668ms         0.23%      35.961ms     817.305us            44  
(Worker_TP1 pid=191) void at::native::vectorized_elementwise_kernel<4, at...         0.00%       0.000us         0.00%       0.000us       0.000us      11.578ms         0.23%      11.578ms      42.566us           272  
(Worker_TP1 pid=191) void gemmSN_NN_kernel<float, 256, 4, 2, 8, 4, 4, fal...         0.00%       0.000us         0.00%       0.000us       0.000us      11.239ms         0.23%      11.239ms      72.981us           154  
(Worker_TP1 pid=191)                             layer_norm_gated_fwd_kernel         0.00%       0.000us         0.00%       0.000us       0.000us      11.015ms         0.22%      11.015ms      17.998us           612  
(Worker_TP1 pid=191)                          Memcpy DtoD (Device -> Device)         0.00%       0.000us         0.00%       0.000us       0.000us      10.753ms         0.22%      10.753ms      14.149us           760  
(Worker_TP1 pid=191) void at::native::unrolled_elementwise_kernel<at::nat...         0.00%       0.000us         0.00%       0.000us       0.000us       9.658ms         0.19%       9.658ms       5.531us          1746  
(Worker_TP1 pid=191)                                 vllm::mhc_post_tilelang         0.02%       1.219ms         0.10%       4.778ms     199.094us       9.142ms         0.18%      12.464ms     519.315us            24  
(Worker_TP1 pid=191) void deep_gemm::sm120_fp8_mqa_logits<32u, 128u, fals...         0.00%       0.000us         0.00%       0.000us       0.000us       8.575ms         0.17%       8.575ms     194.896us            44  
(Worker_TP1 pid=191) nvjet_sm121_tst_mma_128x208x64_2_32x104x64_tmaAB_bz_...         0.00%       0.000us         0.00%       0.000us       0.000us       7.871ms         0.16%       7.871ms     238.509us            33  
(Worker_TP1 pid=191) void vllm::persistent::persistent_topk_kernel<512, 4...         0.00%       0.000us         0.00%       0.000us       0.000us       7.738ms         0.16%       7.738ms      50.248us           154  
(Worker_TP1 pid=191) void cutlass::Kernel2<cutlass_80_wmma_tensorop_bf16_...         0.00%       0.000us         0.00%       0.000us       0.000us       7.110ms         0.14%       7.110ms      46.169us           154  
(Worker_TP1 pid=191) void at::native::elementwise_kernel<128, 2, at::nati...         0.00%       0.000us         0.00%       0.000us       0.000us       6.843ms         0.14%       6.843ms       7.173us           954  
(Worker_TP1 pid=191) nvjet_sm121_tst_mma_64x96x64_4_16x96x64_tmaAB_bz_TNN...         0.00%       0.000us         0.00%       0.000us       0.000us       6.622ms         0.13%       6.622ms      78.832us            84  
(Worker_TP1 pid=191) void cutlass::Kernel2<cutlass_80_tensorop_bf16_s1681...         0.00%       0.000us         0.00%       0.000us       0.000us       6.414ms         0.13%       6.414ms     194.354us            33  
(Worker_TP1 pid=191) void cutlass::Kernel2<cutlass_80_wmma_tensorop_bf16_...         0.00%       0.000us         0.00%       0.000us       0.000us       6.280ms         0.13%       6.280ms      40.781us           154  
(Worker_TP1 pid=191) void at::native::reduce_kernel<128, 4, at::native::R...         0.00%       0.000us         0.00%       0.000us       0.000us       5.647ms         0.11%       5.647ms      52.284us           108  
(Worker_TP1 pid=191) void at::native::vectorized_elementwise_kernel<4, at...         0.00%       0.000us         0.00%       0.000us       0.000us       5.444ms         0.11%       5.444ms       3.287us          1656  
(Worker_TP1 pid=191)                                              aten::mean         0.01%     547.907us         0.06%       2.765ms     115.198us       5.230ms         0.10%       7.838ms     326.580us            24  
(Worker_TP1 pid=191) void vllm::moe::moe_align_block_size_kernel<int>(int...         0.00%       0.000us         0.00%       0.000us       0.000us       4.916ms         0.10%       4.916ms       6.502us           756  
(Worker_TP1 pid=191)               _convert_req_index_to_global_index_kernel         0.00%       0.000us         0.00%       0.000us       0.000us       4.013ms         0.08%       4.013ms      20.265us           198  
(Worker_TP1 pid=191) nvjet_sm121_tst_mma_96x64x64_4_48x32x64_tmaAB_bz_TNN...         0.00%       0.000us         0.00%       0.000us       0.000us       3.777ms         0.08%       3.777ms      85.832us            44  
(Worker_TP1 pid=191) ncclDevKernel_AllGather_RING_LL(ncclDevKernelArgsSto...         0.00%       0.000us         0.00%       0.000us       0.000us       3.648ms         0.07%       3.648ms      67.562us            54  
