ts	node	phase	memavail_gib	swap_used_gib
2026-09-28T12:08:15.368Z	spark1	LOAD	116.402	4.139
2026-09-28T12:08:15.580Z	spark2	LOAD	117.316	1.711
2026-09-28T12:08:15.629Z	spark1	LOAD	116.410	4.139
2026-09-28T12:08:15.846Z	spark2	LOAD	117.314	1.711
2026-09-28T12:08:15.879Z	spark1	LOAD	116.413	4.139
2026-09-28T12:08:16.096Z	spark2	LOAD	117.322	1.711
2026-09-28T12:08:16.130Z	spark1	LOAD	116.413	4.139
2026-09-28T12:08:16.347Z	spark2	LOAD	117.319	1.711
2026-09-28T12:08:16.381Z	spark1	LOAD	116.412	4.139
2026-09-28T12:08:16.596Z	spark2	LOAD	117.310	1.711
2026-09-28T12:08:16.647Z	spark1	LOAD	116.412	4.139
2026-09-28T12:08:16.862Z	spark2	LOAD	117.305	1.711
2026-09-28T12:08:16.897Z	spark1	LOAD	116.413	4.139
2026-09-28T12:08:17.113Z	spark2	LOAD	117.297	1.711
2026-09-28T12:08:17.148Z	spark1	LOAD	116.426	4.139
2026-09-28T12:08:17.364Z	spark2	LOAD	117.282	1.711
2026-09-28T12:08:17.398Z	spark1	LOAD	116.421	4.139
2026-09-28T12:08:17.614Z	spark2	LOAD	117.172	1.711
2026-09-28T12:08:17.661Z	spark1	LOAD	116.415	4.139
2026-09-28T12:08:17.878Z	spark2	LOAD	117.127	1.711
2026-09-28T12:08:17.912Z	spark1	LOAD	116.416	4.139
2026-09-28T12:08:18.129Z	spark2	LOAD	117.067	1.711
2026-09-28T12:08:18.162Z	spark1	LOAD	116.415	4.139
2026-09-28T12:08:18.379Z	spark2	LOAD	117.044	1.711
2026-09-28T12:08:18.413Z	spark1	LOAD	116.415	4.139
2026-09-28T12:08:18.629Z	spark2	LOAD	117.024	1.711
2026-09-28T12:08:18.680Z	spark1	LOAD	116.414	4.139
2026-09-28T12:08:18.895Z	spark2	LOAD	116.990	1.711
2026-09-28T12:08:18.930Z	spark1	LOAD	116.414	4.139
2026-09-28T12:08:19.145Z	spark2	LOAD	116.964	1.711
2026-09-28T12:08:19.181Z	spark1	LOAD	116.404	4.139
2026-09-28T12:08:19.395Z	spark2	LOAD	116.966	1.711
2026-09-28T12:08:19.431Z	spark1	LOAD	116.410	4.139
2026-09-28T12:08:19.647Z	spark2	LOAD	116.964	1.711
2026-09-28T12:08:19.697Z	spark1	LOAD	116.410	4.139
2026-09-28T12:08:19.907Z	spark2	LOAD	116.949	1.711
2026-09-28T12:08:19.948Z	spark1	LOAD	116.411	4.139
2026-09-28T12:08:20.158Z	spark2	LOAD	116.936	1.711
2026-09-28T12:08:20.198Z	spark1	LOAD	116.412	4.139
2026-09-28T12:08:20.409Z	spark2	LOAD	116.940	1.711
2026-09-28T12:08:20.449Z	spark1	LOAD	116.412	4.139
2026-09-28T12:08:20.658Z	spark2	LOAD	116.939	1.711
2026-09-28T12:08:20.716Z	spark1	LOAD	116.411	4.139
2026-09-28T12:08:20.920Z	spark2	LOAD	116.913	1.711
2026-09-28T12:08:20.967Z	spark1	LOAD	116.414	4.139
2026-09-28T12:08:21.170Z	spark2	LOAD	116.909	1.711
2026-09-28T12:08:21.218Z	spark1	LOAD	116.401	4.139
2026-09-28T12:08:21.420Z	spark2	LOAD	116.906	1.711
2026-09-28T12:08:21.468Z	spark1	LOAD	116.402	4.139
2026-09-28T12:08:21.671Z	spark2	LOAD	116.900	1.711
2026-09-28T12:08:21.735Z	spark1	LOAD	116.402	4.139
2026-09-28T12:08:21.937Z	spark2	LOAD	116.879	1.711
2026-09-28T12:08:21.986Z	spark1	LOAD	116.403	4.139
2026-09-28T12:08:22.188Z	spark2	LOAD	116.867	1.711
2026-09-28T12:08:22.236Z	spark1	LOAD	116.403	4.139
2026-09-28T12:08:22.439Z	spark2	LOAD	116.868	1.711
2026-09-28T12:08:22.487Z	spark1	LOAD	116.403	4.139
2026-09-28T12:08:22.690Z	spark2	LOAD	116.868	1.711
2026-09-28T12:08:22.754Z	spark1	LOAD	116.403	4.139
2026-09-28T12:08:22.949Z	spark2	LOAD	116.855	1.711
2026-09-28T12:08:23.004Z	spark1	LOAD	116.401	4.139
2026-09-28T12:08:23.199Z	spark2	LOAD	116.856	1.711
2026-09-28T12:08:23.254Z	spark1	LOAD	116.411	4.139
2026-09-28T12:08:23.450Z	spark2	LOAD	116.852	1.711
2026-09-28T12:08:23.505Z	spark1	LOAD	116.404	4.139
2026-09-28T12:08:23.701Z	spark2	LOAD	116.840	1.711
2026-09-28T12:08:23.771Z	spark1	LOAD	116.403	4.139
2026-09-28T12:08:23.967Z	spark2	LOAD	116.838	1.711
2026-09-28T12:08:24.021Z	spark1	LOAD	116.390	4.139
2026-09-28T12:08:24.216Z	spark2	LOAD	116.837	1.711
2026-09-28T12:08:24.271Z	spark1	LOAD	116.403	4.139
2026-09-28T12:08:24.467Z	spark2	LOAD	116.833	1.711
2026-09-28T12:08:24.523Z	spark1	LOAD	116.404	4.139
2026-09-28T12:08:24.717Z	spark2	LOAD	116.807	1.711
2026-09-28T12:08:24.789Z	spark1	LOAD	116.404	4.139
2026-09-28T12:08:24.982Z	spark2	LOAD	116.808	1.711
2026-09-28T12:08:25.040Z	spark1	LOAD	116.384	4.139
2026-09-28T12:08:25.232Z	spark2	LOAD	116.808	1.711
2026-09-28T12:08:25.290Z	spark1	LOAD	116.406	4.139
2026-09-28T12:08:25.482Z	spark2	LOAD	116.805	1.711
2026-09-28T12:08:25.541Z	spark1	LOAD	116.403	4.139
2026-09-28T12:08:25.734Z	spark2	LOAD	116.804	1.711
2026-09-28T12:08:25.808Z	spark1	LOAD	116.401	4.139
2026-09-28T12:08:25.995Z	spark2	LOAD	116.803	1.711
2026-09-28T12:08:26.059Z	spark1	LOAD	116.402	4.139
2026-09-28T12:08:26.245Z	spark2	LOAD	116.786	1.711
2026-09-28T12:08:26.309Z	spark1	LOAD	116.403	4.139
2026-09-28T12:08:26.495Z	spark2	LOAD	116.795	1.711
2026-09-28T12:08:26.560Z	spark1	LOAD	116.403	4.139
2026-09-28T12:08:26.746Z	spark2	LOAD	116.789	1.711
2026-09-28T12:08:26.826Z	spark1	LOAD	116.403	4.139
2026-09-28T12:08:27.011Z	spark2	LOAD	116.783	1.711
2026-09-28T12:08:27.077Z	spark1	LOAD	116.404	4.139
2026-09-28T12:08:27.262Z	spark2	LOAD	116.784	1.711
2026-09-28T12:08:27.328Z	spark1	LOAD	116.389	4.139
2026-09-28T12:08:27.512Z	spark2	LOAD	116.785	1.711
2026-09-28T12:08:27.578Z	spark1	LOAD	116.403	4.139
2026-09-28T12:08:27.763Z	spark2	LOAD	116.781	1.711
2026-09-28T12:08:27.846Z	spark1	LOAD	116.402	4.139
2026-09-28T12:08:28.023Z	spark2	LOAD	116.779	1.711
2026-09-28T12:08:28.096Z	spark1	LOAD	116.403	4.139
2026-09-28T12:08:28.275Z	spark2	LOAD	116.773	1.711
2026-09-28T12:08:28.347Z	spark1	LOAD	116.405	4.139
2026-09-28T12:08:28.524Z	spark2	LOAD	116.766	1.711
2026-09-28T12:08:28.597Z	spark1	LOAD	116.409	4.139
2026-09-28T12:08:28.776Z	spark2	LOAD	116.753	1.711
2026-09-28T12:08:28.858Z	spark1	LOAD	116.409	4.139
2026-09-28T12:08:29.040Z	spark2	LOAD	116.752	1.711
2026-09-28T12:08:29.108Z	spark1	LOAD	116.409	4.139
2026-09-28T12:08:29.292Z	spark2	LOAD	116.747	1.711
2026-09-28T12:08:29.359Z	spark1	LOAD	116.409	4.139
2026-09-28T12:08:29.541Z	spark2	LOAD	116.741	1.711
2026-09-28T12:08:29.609Z	spark1	LOAD	116.391	4.139
2026-09-28T12:08:29.792Z	spark2	LOAD	116.737	1.711
2026-09-28T12:08:29.876Z	spark1	LOAD	116.392	4.139
2026-09-28T12:08:30.057Z	spark2	LOAD	116.719	1.711
2026-09-28T12:08:30.126Z	spark1	LOAD	116.392	4.139
2026-09-28T12:08:30.307Z	spark2	LOAD	116.726	1.711
2026-09-28T12:08:30.377Z	spark1	LOAD	116.392	4.139
2026-09-28T12:08:30.557Z	spark2	LOAD	116.717	1.711
2026-09-28T12:08:30.627Z	spark1	LOAD	116.392	4.139
2026-09-28T12:08:30.808Z	spark2	LOAD	116.710	1.711
2026-09-28T12:08:30.893Z	spark1	LOAD	116.392	4.139
2026-09-28T12:08:31.072Z	spark2	LOAD	116.703	1.711
2026-09-28T12:08:31.143Z	spark1	LOAD	116.392	4.139
2026-09-28T12:08:31.323Z	spark2	LOAD	116.697	1.711
2026-09-28T12:08:31.394Z	spark1	LOAD	116.392	4.139
2026-09-28T12:08:31.574Z	spark2	LOAD	116.691	1.711
2026-09-28T12:08:31.644Z	spark1	LOAD	116.390	4.139
2026-09-28T12:08:31.825Z	spark2	LOAD	116.681	1.711
2026-09-28T12:08:31.911Z	spark1	LOAD	116.390	4.139
2026-09-28T12:08:32.085Z	spark2	LOAD	116.676	1.711
2026-09-28T12:08:32.162Z	spark1	LOAD	116.389	4.139
2026-09-28T12:08:32.336Z	spark2	LOAD	116.671	1.711
2026-09-28T12:08:32.412Z	spark1	LOAD	116.389	4.139
2026-09-28T12:08:32.586Z	spark2	LOAD	116.671	1.711
2026-09-28T12:08:32.663Z	spark1	LOAD	116.383	4.139
2026-09-28T12:08:32.838Z	spark2	LOAD	116.550	1.711
2026-09-28T12:08:32.931Z	spark1	LOAD	116.382	4.139
2026-09-28T12:08:33.098Z	spark2	LOAD	116.430	1.711
2026-09-28T12:08:33.182Z	spark1	LOAD	116.384	4.139
2026-09-28T12:08:33.349Z	spark2	LOAD	116.388	1.711
2026-09-28T12:08:33.433Z	spark1	LOAD	116.384	4.139
2026-09-28T12:08:33.599Z	spark2	LOAD	116.336	1.711
2026-09-28T12:08:33.684Z	spark1	LOAD	116.378	4.139
2026-09-28T12:08:33.850Z	spark2	LOAD	116.315	1.711
2026-09-28T12:08:33.947Z	spark1	LOAD	116.379	4.139
2026-09-28T12:08:34.115Z	spark2	LOAD	116.290	1.711
2026-09-28T12:08:34.198Z	spark1	LOAD	116.379	4.139
2026-09-28T12:08:34.366Z	spark2	LOAD	116.258	1.711
2026-09-28T12:08:34.448Z	spark1	LOAD	116.380	4.139
2026-09-28T12:08:34.617Z	spark2	LOAD	116.238	1.711
2026-09-28T12:08:34.699Z	spark1	LOAD	116.380	4.139
2026-09-28T12:08:34.868Z	spark2	LOAD	116.230	1.711
2026-09-28T12:08:34.961Z	spark1	LOAD	116.384	4.139
2026-09-28T12:08:35.127Z	spark2	LOAD	116.230	1.711
2026-09-28T12:08:35.212Z	spark1	LOAD	116.383	4.139
2026-09-28T12:08:35.378Z	spark2	LOAD	116.193	1.711
2026-09-28T12:08:35.462Z	spark1	LOAD	116.383	4.139
2026-09-28T12:08:35.627Z	spark2	LOAD	116.157	1.711
2026-09-28T12:08:35.713Z	spark1	LOAD	116.358	4.139
2026-09-28T12:08:35.878Z	spark2	LOAD	116.146	1.711
2026-09-28T12:08:35.975Z	spark1	LOAD	116.368	4.139
2026-09-28T12:08:36.139Z	spark2	LOAD	116.131	1.711
2026-09-28T12:08:36.225Z	spark1	LOAD	116.369	4.139
2026-09-28T12:08:36.390Z	spark2	LOAD	116.123	1.711
2026-09-28T12:08:36.476Z	spark1	LOAD	116.370	4.139
2026-09-28T12:08:36.640Z	spark2	LOAD	116.125	1.711
2026-09-28T12:08:36.727Z	spark1	LOAD	116.370	4.139
2026-09-28T12:08:36.891Z	spark2	LOAD	116.125	1.711
2026-09-28T12:08:36.993Z	spark1	LOAD	116.377	4.139
2026-09-28T12:08:37.151Z	spark2	LOAD	116.125	1.711
2026-09-28T12:08:37.244Z	spark1	LOAD	116.377	4.139
2026-09-28T12:08:37.401Z	spark2	LOAD	116.125	1.711
2026-09-28T12:08:37.494Z	spark1	LOAD	116.373	4.139
2026-09-28T12:08:37.652Z	spark2	LOAD	116.104	1.711
2026-09-28T12:08:37.745Z	spark1	LOAD	116.380	4.139
2026-09-28T12:08:37.903Z	spark2	LOAD	116.086	1.711
2026-09-28T12:08:38.011Z	spark1	LOAD	116.390	4.139
2026-09-28T12:08:38.163Z	spark2	LOAD	116.076	1.711
2026-09-28T12:08:38.262Z	spark1	LOAD	116.390	4.139
2026-09-28T12:08:38.414Z	spark2	LOAD	116.054	1.711
2026-09-28T12:08:38.513Z	spark1	LOAD	116.390	4.139
2026-09-28T12:08:38.664Z	spark2	LOAD	116.019	1.711
2026-09-28T12:08:38.764Z	spark1	LOAD	116.393	4.139
2026-09-28T12:08:38.913Z	spark2	LOAD	116.019	1.711
2026-09-28T12:08:39.032Z	spark1	LOAD	116.396	4.139
2026-09-28T12:08:39.173Z	spark2	LOAD	116.014	1.711
2026-09-28T12:08:39.283Z	spark1	LOAD	116.396	4.139
2026-09-28T12:08:39.425Z	spark2	LOAD	115.992	1.711
2026-09-28T12:08:39.533Z	spark1	LOAD	116.392	4.139
2026-09-28T12:08:39.674Z	spark2	LOAD	115.994	1.711
2026-09-28T12:08:39.783Z	spark1	LOAD	116.411	4.139
2026-09-28T12:08:39.925Z	spark2	LOAD	115.996	1.711
2026-09-28T12:08:40.046Z	spark1	LOAD	116.411	4.139
2026-09-28T12:08:40.190Z	spark2	LOAD	115.990	1.711
2026-09-28T12:08:40.297Z	spark1	LOAD	116.411	4.139
2026-09-28T12:08:40.442Z	spark2	LOAD	115.988	1.711
2026-09-28T12:08:40.548Z	spark1	LOAD	116.411	4.139
2026-09-28T12:08:40.692Z	spark2	LOAD	115.986	1.711
2026-09-28T12:08:40.799Z	spark1	LOAD	116.411	4.139
2026-09-28T12:08:40.943Z	spark2	LOAD	115.982	1.711
2026-09-28T12:08:41.066Z	spark1	LOAD	116.411	4.139
2026-09-28T12:08:41.209Z	spark2	LOAD	115.968	1.711
2026-09-28T12:08:41.316Z	spark1	LOAD	116.411	4.139
2026-09-28T12:08:41.458Z	spark2	LOAD	115.950	1.711
2026-09-28T12:08:41.567Z	spark1	LOAD	116.410	4.139
2026-09-28T12:08:41.710Z	spark2	LOAD	115.950	1.711
2026-09-28T12:08:41.817Z	spark1	LOAD	116.402	4.139
2026-09-28T12:08:41.960Z	spark2	LOAD	115.529	1.711
2026-09-28T12:08:42.083Z	spark1	LOAD	116.410	4.139
2026-09-28T12:08:42.226Z	spark2	LOAD	115.404	1.711
2026-09-28T12:08:42.333Z	spark1	LOAD	116.390	4.139
2026-09-28T12:08:42.476Z	spark2	LOAD	115.314	1.711
2026-09-28T12:08:42.584Z	spark1	LOAD	116.332	4.139
2026-09-28T12:08:42.728Z	spark2	LOAD	115.272	1.711
2026-09-28T12:08:42.834Z	spark1	LOAD	116.166	4.139
2026-09-28T12:08:42.978Z	spark2	LOAD	115.272	1.711
2026-09-28T12:08:43.101Z	spark1	LOAD	116.120	4.139
2026-09-28T12:08:43.243Z	spark2	LOAD	115.271	1.711
2026-09-28T12:08:43.352Z	spark1	LOAD	116.074	4.139
2026-09-28T12:08:43.494Z	spark2	LOAD	115.858	1.711
2026-09-28T12:08:43.603Z	spark1	LOAD	116.074	4.139
2026-09-28T12:08:43.745Z	spark2	LOAD	115.858	1.711
2026-09-28T12:08:43.853Z	spark1	LOAD	116.064	4.139
2026-09-28T12:08:43.995Z	spark2	LOAD	116.561	1.711
2026-09-28T12:08:44.121Z	spark1	LOAD	116.055	4.139
2026-09-28T12:08:44.260Z	spark2	LOAD	116.543	1.711
2026-09-28T12:08:44.371Z	spark1	LOAD	116.055	4.139
2026-09-28T12:08:44.510Z	spark2	LOAD	116.543	1.711
2026-09-28T12:08:44.622Z	spark1	LOAD	116.056	4.139
2026-09-28T12:08:44.761Z	spark2	LOAD	116.512	1.711
2026-09-28T12:08:44.873Z	spark1	LOAD	116.035	4.139
2026-09-28T12:08:45.011Z	spark2	LOAD	116.477	1.711
2026-09-28T12:08:45.135Z	spark1	LOAD	116.032	4.139
2026-09-28T12:08:45.272Z	spark2	LOAD	116.448	1.711
2026-09-28T12:08:45.386Z	spark1	LOAD	116.020	4.139
2026-09-28T12:08:45.522Z	spark2	LOAD	116.414	1.711
2026-09-28T12:08:45.636Z	spark1	LOAD	116.017	4.139
2026-09-28T12:08:45.772Z	spark2	LOAD	116.054	1.711
2026-09-28T12:08:45.886Z	spark1	LOAD	115.966	4.139
2026-09-28T12:08:46.022Z	spark2	LOAD	115.733	1.711
2026-09-28T12:08:46.153Z	spark1	LOAD	115.977	4.139
2026-09-28T12:08:46.288Z	spark2	LOAD	115.571	1.711
2026-09-28T12:08:46.404Z	spark1	LOAD	115.977	4.139
2026-09-28T12:08:46.539Z	spark2	LOAD	115.479	1.711
2026-09-28T12:08:46.654Z	spark1	LOAD	115.963	4.139
2026-09-28T12:08:46.788Z	spark2	LOAD	116.064	1.711
2026-09-28T12:08:46.905Z	spark1	LOAD	115.961	4.139
2026-09-28T12:08:47.040Z	spark2	LOAD	116.065	1.711
2026-09-28T12:08:47.172Z	spark1	LOAD	115.946	4.139
2026-09-28T12:08:47.304Z	spark2	LOAD	115.908	1.711
2026-09-28T12:08:47.422Z	spark1	LOAD	115.946	4.139
2026-09-28T12:08:47.554Z	spark2	LOAD	115.829	1.711
2026-09-28T12:08:47.673Z	spark1	LOAD	115.952	4.139
2026-09-28T12:08:47.806Z	spark2	LOAD	115.785	1.711
2026-09-28T12:08:47.923Z	spark1	LOAD	115.947	4.139
2026-09-28T12:08:48.057Z	spark2	LOAD	115.785	1.711
2026-09-28T12:08:48.191Z	spark1	LOAD	115.932	4.139
2026-09-28T12:08:48.318Z	spark2	LOAD	115.765	1.711
2026-09-28T12:08:48.441Z	spark1	LOAD	115.928	4.139
2026-09-28T12:08:48.569Z	spark2	LOAD	115.737	1.711
2026-09-28T12:08:48.692Z	spark1	LOAD	115.924	4.139
2026-09-28T12:08:48.819Z	spark2	LOAD	115.712	1.711
2026-09-28T12:08:48.942Z	spark1	LOAD	115.924	4.139
2026-09-28T12:08:49.070Z	spark2	LOAD	115.691	1.711
2026-09-28T12:08:49.209Z	spark1	LOAD	115.923	4.139
2026-09-28T12:08:49.335Z	spark2	LOAD	115.691	1.711
2026-09-28T12:08:49.460Z	spark1	LOAD	115.906	4.139
2026-09-28T12:08:49.586Z	spark2	LOAD	115.683	1.711
2026-09-28T12:08:49.710Z	spark1	LOAD	115.906	4.139
2026-09-28T12:08:49.836Z	spark2	LOAD	115.641	1.711
2026-09-28T12:08:49.961Z	spark1	LOAD	115.908	4.139
2026-09-28T12:08:50.087Z	spark2	LOAD	115.624	1.711
2026-09-28T12:08:50.223Z	spark1	LOAD	115.897	4.139
2026-09-28T12:08:50.353Z	spark2	LOAD	115.599	1.711
2026-09-28T12:08:50.473Z	spark1	LOAD	115.887	4.139
2026-09-28T12:08:50.604Z	spark2	LOAD	115.566	1.711
2026-09-28T12:08:50.724Z	spark1	LOAD	115.885	4.139
2026-09-28T12:08:50.855Z	spark2	LOAD	115.517	1.711
2026-09-28T12:08:50.974Z	spark1	LOAD	115.878	4.139
2026-09-28T12:08:51.105Z	spark2	LOAD	115.485	1.711
2026-09-28T12:08:51.236Z	spark1	LOAD	115.872	4.139
2026-09-28T12:08:51.371Z	spark2	LOAD	115.485	1.711
2026-09-28T12:08:51.486Z	spark1	LOAD	115.865	4.139
2026-09-28T12:08:51.621Z	spark2	LOAD	115.485	1.711
2026-09-28T12:08:51.737Z	spark1	LOAD	115.851	4.139
2026-09-28T12:08:51.872Z	spark2	LOAD	115.485	1.711
2026-09-28T12:08:51.987Z	spark1	LOAD	115.843	4.139
2026-09-28T12:08:52.123Z	spark2	LOAD	116.153	1.711
2026-09-28T12:08:52.251Z	spark1	LOAD	115.837	4.139
2026-09-28T12:08:52.389Z	spark2	LOAD	115.969	1.711
2026-09-28T12:08:52.500Z	spark1	LOAD	115.819	4.139
2026-09-28T12:08:52.639Z	spark2	LOAD	115.914	1.711
2026-09-28T12:08:52.750Z	spark1	LOAD	115.814	4.139
2026-09-28T12:08:52.889Z	spark2	LOAD	115.870	1.711
2026-09-28T12:08:53.000Z	spark1	LOAD	115.804	4.139
2026-09-28T12:08:53.140Z	spark2	LOAD	115.821	1.711
2026-09-28T12:08:53.266Z	spark1	LOAD	115.787	4.139
2026-09-28T12:08:53.405Z	spark2	LOAD	115.799	1.711
2026-09-28T12:08:53.517Z	spark1	LOAD	115.784	4.139
2026-09-28T12:08:53.657Z	spark2	LOAD	115.762	1.711
2026-09-28T12:08:53.767Z	spark1	LOAD	115.782	4.139
2026-09-28T12:08:53.907Z	spark2	LOAD	115.745	1.711
2026-09-28T12:08:54.018Z	spark1	LOAD	115.776	4.139
2026-09-28T12:08:54.157Z	spark2	LOAD	115.731	1.711
2026-09-28T12:08:54.280Z	spark1	LOAD	115.625	4.139
2026-09-28T12:08:54.423Z	spark2	LOAD	115.728	1.711
2026-09-28T12:08:54.531Z	spark1	LOAD	115.534	4.139
2026-09-28T12:08:54.674Z	spark2	LOAD	115.726	1.711
2026-09-28T12:08:54.782Z	spark1	LOAD	115.487	4.139
2026-09-28T12:08:54.925Z	spark2	LOAD	115.715	1.711
2026-09-28T12:08:55.033Z	spark1	LOAD	115.436	4.139
2026-09-28T12:08:55.176Z	spark2	LOAD	115.674	1.711
2026-09-28T12:08:55.295Z	spark1	LOAD	115.414	4.139
2026-09-28T12:08:55.441Z	spark2	LOAD	115.661	1.711
2026-09-28T12:08:55.546Z	spark1	LOAD	115.382	4.139
2026-09-28T12:08:55.692Z	spark2	LOAD	115.632	1.711
2026-09-28T12:08:55.797Z	spark1	LOAD	115.360	4.139
2026-09-28T12:08:55.943Z	spark2	LOAD	115.612	1.711
2026-09-28T12:08:56.047Z	spark1	LOAD	115.342	4.139
2026-09-28T12:08:56.193Z	spark2	LOAD	115.613	1.711
2026-09-28T12:08:56.314Z	spark1	LOAD	115.328	4.139
2026-09-28T12:08:56.459Z	spark2	LOAD	115.609	1.711
2026-09-28T12:08:56.565Z	spark1	LOAD	115.305	4.139
2026-09-28T12:08:56.710Z	spark2	LOAD	115.568	1.711
2026-09-28T12:08:56.815Z	spark1	LOAD	115.265	4.139
2026-09-28T12:08:56.960Z	spark2	LOAD	115.510	1.711
2026-09-28T12:08:57.065Z	spark1	LOAD	115.240	4.139
2026-09-28T12:08:57.211Z	spark2	LOAD	115.078	1.711
2026-09-28T12:08:57.332Z	spark1	LOAD	115.212	4.139
2026-09-28T12:08:57.471Z	spark2	LOAD	114.963	1.711
2026-09-28T12:08:57.582Z	spark1	LOAD	115.204	4.139
2026-09-28T12:08:57.722Z	spark2	LOAD	114.857	1.711
2026-09-28T12:08:57.833Z	spark1	LOAD	115.196	4.139
2026-09-28T12:08:57.972Z	spark2	LOAD	115.080	1.711
2026-09-28T12:08:58.083Z	spark1	LOAD	115.196	4.139
2026-09-28T12:08:58.223Z	spark2	LOAD	115.181	1.711
2026-09-28T12:08:58.350Z	spark1	LOAD	115.153	4.139
2026-09-28T12:08:58.483Z	spark2	LOAD	115.165	1.711
2026-09-28T12:08:58.601Z	spark1	LOAD	115.104	4.139
2026-09-28T12:08:58.734Z	spark2	LOAD	115.142	1.711
2026-09-28T12:08:58.851Z	spark1	LOAD	115.083	4.139
2026-09-28T12:08:58.985Z	spark2	LOAD	115.134	1.711
2026-09-28T12:08:59.101Z	spark1	LOAD	115.076	4.139
2026-09-28T12:08:59.235Z	spark2	LOAD	115.135	1.711
2026-09-28T12:08:59.364Z	spark1	LOAD	115.053	4.139
2026-09-28T12:08:59.501Z	spark2	LOAD	115.134	1.711
2026-09-28T12:08:59.614Z	spark1	LOAD	115.054	4.139
2026-09-28T12:08:59.752Z	spark2	LOAD	115.134	1.711
2026-09-28T12:08:59.865Z	spark1	LOAD	115.054	4.139
2026-09-28T12:09:00.002Z	spark2	LOAD	115.134	1.711
2026-09-28T12:09:00.115Z	spark1	LOAD	115.055	4.139
2026-09-28T12:09:00.253Z	spark2	LOAD	115.134	1.711
2026-09-28T12:09:00.382Z	spark1	LOAD	115.051	4.139
2026-09-28T12:09:00.514Z	spark2	LOAD	115.133	1.711
2026-09-28T12:09:00.633Z	spark1	LOAD	115.048	4.139
2026-09-28T12:09:00.767Z	spark2	LOAD	115.133	1.711
2026-09-28T12:09:00.883Z	spark1	LOAD	115.024	4.139
2026-09-28T12:09:01.016Z	spark2	LOAD	115.134	1.711
2026-09-28T12:09:01.134Z	spark1	LOAD	115.014	4.139
2026-09-28T12:09:01.266Z	spark2	LOAD	115.142	1.711
2026-09-28T12:09:01.401Z	spark1	LOAD	114.585	4.139
2026-09-28T12:09:01.532Z	spark2	LOAD	115.142	1.711
2026-09-28T12:09:01.651Z	spark1	LOAD	114.463	4.139
2026-09-28T12:09:01.783Z	spark2	LOAD	115.142	1.711
2026-09-28T12:09:01.902Z	spark1	LOAD	114.387	4.139
2026-09-28T12:09:02.034Z	spark2	LOAD	115.142	1.711
2026-09-28T12:09:02.152Z	spark1	LOAD	114.663	4.139
2026-09-28T12:09:02.285Z	spark2	LOAD	115.143	1.711
2026-09-28T12:09:02.413Z	spark1	LOAD	114.952	4.139
2026-09-28T12:09:02.545Z	spark2	LOAD	115.142	1.711
2026-09-28T12:09:02.664Z	spark1	LOAD	114.955	4.139
2026-09-28T12:09:02.796Z	spark2	LOAD	115.142	1.711
2026-09-28T12:09:02.914Z	spark1	LOAD	114.959	4.139
2026-09-28T12:09:03.048Z	spark2	LOAD	115.142	1.711
2026-09-28T12:09:03.165Z	spark1	LOAD	115.691	4.139
2026-09-28T12:09:03.297Z	spark2	LOAD	115.143	1.711
2026-09-28T12:09:03.428Z	spark1	LOAD	115.678	4.139
2026-09-28T12:09:03.559Z	spark2	LOAD	115.143	1.711
2026-09-28T12:09:03.678Z	spark1	LOAD	115.678	4.139
2026-09-28T12:09:03.810Z	spark2	LOAD	115.143	1.711
2026-09-28T12:09:03.928Z	spark1	LOAD	115.650	4.139
2026-09-28T12:09:04.061Z	spark2	LOAD	115.144	1.711
2026-09-28T12:09:04.179Z	spark1	LOAD	115.611	4.139
2026-09-28T12:09:04.312Z	spark2	LOAD	115.144	1.711
2026-09-28T12:09:04.446Z	spark1	LOAD	115.570	4.139
2026-09-28T12:09:04.573Z	spark2	LOAD	115.144	1.711
2026-09-28T12:09:04.696Z	spark1	LOAD	115.533	4.139
2026-09-28T12:09:04.823Z	spark2	LOAD	115.144	1.711
2026-09-28T12:09:04.947Z	spark1	LOAD	115.170	4.139
2026-09-28T12:09:05.074Z	spark2	LOAD	115.146	1.711
2026-09-28T12:09:05.197Z	spark1	LOAD	114.835	4.139
2026-09-28T12:09:05.324Z	spark2	LOAD	115.146	1.711
2026-09-28T12:09:05.460Z	spark1	LOAD	114.650	4.139
2026-09-28T12:09:05.586Z	spark2	LOAD	115.146	1.711
2026-09-28T12:09:05.710Z	spark1	LOAD	114.597	4.139
2026-09-28T12:09:05.836Z	spark2	LOAD	115.146	1.711
2026-09-28T12:09:05.961Z	spark1	LOAD	114.876	4.139
2026-09-28T12:09:06.088Z	spark2	LOAD	115.147	1.711
2026-09-28T12:09:06.211Z	spark1	LOAD	114.879	4.139
2026-09-28T12:09:06.339Z	spark2	LOAD	115.147	1.711
2026-09-28T12:09:06.478Z	spark1	LOAD	114.878	4.139
2026-09-28T12:09:06.604Z	spark2	LOAD	115.147	1.711
2026-09-28T12:09:06.729Z	spark1	LOAD	114.795	4.139
2026-09-28T12:09:06.855Z	spark2	LOAD	115.147	1.711
2026-09-28T12:09:06.979Z	spark1	LOAD	114.689	4.139
2026-09-28T12:09:07.106Z	spark2	LOAD	115.148	1.711
2026-09-28T12:09:07.230Z	spark1	LOAD	114.642	4.139
2026-09-28T12:09:07.356Z	spark2	LOAD	115.148	1.711
2026-09-28T12:09:07.492Z	spark1	LOAD	114.600	4.139
2026-09-28T12:09:07.621Z	spark2	LOAD	115.148	1.711
2026-09-28T12:09:07.742Z	spark1	LOAD	114.546	4.139
2026-09-28T12:09:07.873Z	spark2	LOAD	115.148	1.711
2026-09-28T12:09:07.992Z	spark1	LOAD	114.542	4.139
2026-09-28T12:09:08.123Z	spark2	LOAD	115.148	1.711
2026-09-28T12:09:08.243Z	spark1	LOAD	114.507	4.139
2026-09-28T12:09:08.373Z	spark2	LOAD	115.125	1.711
2026-09-28T12:09:08.505Z	spark1	LOAD	114.478	4.139
2026-09-28T12:09:08.634Z	spark2	LOAD	115.118	1.711
2026-09-28T12:09:08.756Z	spark1	LOAD	114.467	4.139
2026-09-28T12:09:08.885Z	spark2	LOAD	115.118	1.711
2026-09-28T12:09:09.006Z	spark1	LOAD	114.477	4.139
2026-09-28T12:09:09.136Z	spark2	LOAD	115.118	1.711
2026-09-28T12:09:09.257Z	spark1	LOAD	114.439	4.139
2026-09-28T12:09:09.386Z	spark2	LOAD	115.118	1.711
2026-09-28T12:09:09.521Z	spark1	LOAD	114.414	4.139
2026-09-28T12:09:09.650Z	spark2	LOAD	115.118	1.711
2026-09-28T12:09:09.771Z	spark1	LOAD	114.388	4.139
2026-09-28T12:09:09.902Z	spark2	LOAD	115.118	1.711
2026-09-28T12:09:10.021Z	spark1	LOAD	114.359	4.139
2026-09-28T12:09:10.153Z	spark2	LOAD	115.120	1.711
2026-09-28T12:09:10.272Z	spark1	LOAD	114.337	4.139
2026-09-28T12:09:10.404Z	spark2	LOAD	115.120	1.711
2026-09-28T12:09:10.539Z	spark1	LOAD	114.276	4.139
2026-09-28T12:09:10.668Z	spark2	LOAD	115.120	1.711
2026-09-28T12:09:10.790Z	spark1	LOAD	114.264	4.139
2026-09-28T12:09:10.918Z	spark2	LOAD	115.120	1.711
2026-09-28T12:09:11.040Z	spark1	LOAD	114.273	4.139
2026-09-28T12:09:11.169Z	spark2	LOAD	115.121	1.711
2026-09-28T12:09:11.291Z	spark1	LOAD	114.273	4.139
2026-09-28T12:09:11.420Z	spark2	LOAD	115.121	1.711
2026-09-28T12:09:11.555Z	spark1	LOAD	114.803	4.139
2026-09-28T12:09:11.685Z	spark2	LOAD	115.128	1.711
2026-09-28T12:09:11.805Z	spark1	LOAD	114.803	4.139
2026-09-28T12:09:11.935Z	spark2	LOAD	115.128	1.711
2026-09-28T12:09:12.056Z	spark1	LOAD	114.810	4.139
2026-09-28T12:09:12.186Z	spark2	LOAD	115.128	1.711
2026-09-28T12:09:12.306Z	spark1	LOAD	114.795	4.139
2026-09-28T12:09:12.436Z	spark2	LOAD	115.128	1.711
2026-09-28T12:09:12.573Z	spark1	LOAD	114.780	4.139
2026-09-28T12:09:12.700Z	spark2	LOAD	115.128	1.711
2026-09-28T12:09:12.824Z	spark1	LOAD	114.766	4.139
2026-09-28T12:09:12.952Z	spark2	LOAD	115.128	1.711
2026-09-28T12:09:13.074Z	spark1	LOAD	114.758	4.139
2026-09-28T12:09:13.202Z	spark2	LOAD	115.128	1.711
2026-09-28T12:09:13.325Z	spark1	LOAD	114.745	4.139
2026-09-28T12:09:13.453Z	spark2	LOAD	115.128	1.711
2026-09-28T12:09:13.593Z	spark1	LOAD	114.623	4.139
2026-09-28T12:09:13.718Z	spark2	LOAD	115.128	1.711
2026-09-28T12:09:13.843Z	spark1	LOAD	114.623	4.139
2026-09-28T12:09:13.969Z	spark2	LOAD	115.128	1.711
2026-09-28T12:09:14.093Z	spark1	LOAD	114.638	4.139
2026-09-28T12:09:14.219Z	spark2	LOAD	115.128	1.711
2026-09-28T12:09:14.343Z	spark1	LOAD	114.608	4.139
2026-09-28T12:09:14.470Z	spark2	LOAD	115.128	1.711
2026-09-28T12:09:14.606Z	spark1	LOAD	114.608	4.139
2026-09-28T12:09:14.734Z	spark2	LOAD	115.128	1.711
2026-09-28T12:09:14.857Z	spark1	LOAD	114.477	4.139
2026-09-28T12:09:14.986Z	spark2	LOAD	115.128	1.711
2026-09-28T12:09:15.107Z	spark1	LOAD	114.414	4.139
2026-09-28T12:09:15.237Z	spark2	LOAD	115.128	1.711
2026-09-28T12:09:15.358Z	spark1	LOAD	114.371	4.139
2026-09-28T12:09:15.488Z	spark2	LOAD	115.135	1.711
2026-09-28T12:09:15.625Z	spark1	LOAD	114.370	4.139
2026-09-28T12:09:15.749Z	spark2	LOAD	115.134	1.711
2026-09-28T12:09:15.875Z	spark1	LOAD	114.370	4.139
2026-09-28T12:09:16.000Z	spark2	LOAD	115.134	1.711
2026-09-28T12:09:16.126Z	spark1	LOAD	114.378	4.139
2026-09-28T12:09:16.250Z	spark2	LOAD	115.134	1.711
2026-09-28T12:09:16.376Z	spark1	LOAD	114.364	4.139
2026-09-28T12:09:16.501Z	spark2	LOAD	115.134	1.711
2026-09-28T12:09:16.644Z	spark1	LOAD	114.335	4.139
2026-09-28T12:09:16.766Z	spark2	LOAD	115.134	1.711
2026-09-28T12:09:16.894Z	spark1	LOAD	114.331	4.139
2026-09-28T12:09:17.017Z	spark2	LOAD	115.142	1.711
2026-09-28T12:09:17.145Z	spark1	LOAD	114.339	4.139
2026-09-28T12:09:17.268Z	spark2	LOAD	115.142	1.711
2026-09-28T12:09:17.395Z	spark1	LOAD	114.302	4.139
2026-09-28T12:09:17.519Z	spark2	LOAD	115.142	1.711
2026-09-28T12:09:17.656Z	spark1	LOAD	114.285	4.139
2026-09-28T12:09:17.783Z	spark2	LOAD	115.142	1.711
2026-09-28T12:09:17.906Z	spark1	LOAD	114.265	4.139
2026-09-28T12:09:18.033Z	spark2	LOAD	115.149	1.711
2026-09-28T12:09:18.157Z	spark1	LOAD	114.229	4.139
2026-09-28T12:09:18.284Z	spark2	LOAD	115.153	1.711
2026-09-28T12:09:18.408Z	spark1	LOAD	114.219	4.139
2026-09-28T12:09:18.535Z	spark2	LOAD	115.153	1.711
2026-09-28T12:09:18.670Z	spark1	LOAD	114.202	4.139
2026-09-28T12:09:18.798Z	spark2	LOAD	115.153	1.711
2026-09-28T12:09:18.920Z	spark1	LOAD	114.231	4.139
2026-09-28T12:09:19.048Z	spark2	LOAD	115.153	1.711
2026-09-28T12:09:19.171Z	spark1	LOAD	114.161	4.139
2026-09-28T12:09:19.299Z	spark2	LOAD	115.141	1.711
2026-09-28T12:09:19.421Z	spark1	LOAD	114.146	4.139
2026-09-28T12:09:19.550Z	spark2	LOAD	115.164	1.711
2026-09-28T12:09:19.689Z	spark1	LOAD	113.722	4.139
2026-09-28T12:09:19.814Z	spark2	LOAD	115.163	1.711
2026-09-28T12:09:19.939Z	spark1	LOAD	113.547	4.139
2026-09-28T12:09:20.064Z	spark2	LOAD	115.167	1.711
2026-09-28T12:09:20.189Z	spark1	LOAD	113.408	4.139
2026-09-28T12:09:20.316Z	spark2	LOAD	115.167	1.711
2026-09-28T12:09:20.439Z	spark1	LOAD	113.454	4.139
2026-09-28T12:09:20.566Z	spark2	LOAD	115.167	1.711
2026-09-28T12:09:20.707Z	spark1	LOAD	113.634	4.139
2026-09-28T12:09:20.831Z	spark2	LOAD	115.167	1.711
2026-09-28T12:09:20.957Z	spark1	LOAD	113.625	4.139
2026-09-28T12:09:21.082Z	spark2	LOAD	115.174	1.711
2026-09-28T12:09:21.208Z	spark1	LOAD	113.608	4.139
2026-09-28T12:09:21.333Z	spark2	LOAD	115.174	1.711
2026-09-28T12:09:21.458Z	spark1	LOAD	113.595	4.139
2026-09-28T12:09:21.583Z	spark2	LOAD	115.174	1.711
2026-09-28T12:09:21.720Z	spark1	LOAD	113.593	4.139
2026-09-28T12:09:21.848Z	spark2	LOAD	115.174	1.711
2026-09-28T12:09:21.971Z	spark1	LOAD	113.591	4.139
2026-09-28T12:09:22.098Z	spark2	LOAD	115.181	1.711
2026-09-28T12:09:22.222Z	spark1	LOAD	113.582	4.139
2026-09-28T12:09:22.350Z	spark2	LOAD	115.181	1.711
2026-09-28T12:09:22.472Z	spark1	LOAD	113.545	4.139
2026-09-28T12:09:22.601Z	spark2	LOAD	115.181	1.711
2026-09-28T12:09:22.739Z	spark1	LOAD	113.535	4.139
2026-09-28T12:09:22.862Z	spark2	LOAD	115.182	1.711
2026-09-28T12:09:22.990Z	spark1	LOAD	113.522	4.139
2026-09-28T12:09:23.112Z	spark2	LOAD	115.185	1.711
2026-09-28T12:09:23.240Z	spark1	LOAD	113.527	4.139
2026-09-28T12:09:23.363Z	spark2	LOAD	115.185	1.711
2026-09-28T12:09:23.491Z	spark1	LOAD	113.535	4.139
2026-09-28T12:09:23.613Z	spark2	LOAD	115.187	1.711
2026-09-28T12:09:23.758Z	spark1	LOAD	113.535	4.139
2026-09-28T12:09:23.877Z	spark2	LOAD	115.187	1.711
2026-09-28T12:09:24.009Z	spark1	LOAD	113.556	4.139
2026-09-28T12:09:24.128Z	spark2	LOAD	115.191	1.711
2026-09-28T12:09:24.259Z	spark1	LOAD	113.381	4.139
2026-09-28T12:09:24.380Z	spark2	LOAD	115.191	1.711
2026-09-28T12:09:24.510Z	spark1	LOAD	113.174	4.139
2026-09-28T12:09:24.630Z	spark2	LOAD	115.191	1.711
2026-09-28T12:09:24.778Z	spark1	LOAD	113.079	4.139
2026-09-28T12:09:24.894Z	spark2	LOAD	115.191	1.711
2026-09-28T12:09:25.029Z	spark1	LOAD	113.020	4.139
2026-09-28T12:09:25.145Z	spark2	LOAD	115.194	1.711
2026-09-28T12:09:25.279Z	spark1	LOAD	113.443	4.139
2026-09-28T12:09:25.396Z	spark2	LOAD	115.194	1.711
2026-09-28T12:09:25.530Z	spark1	LOAD	113.302	4.139
2026-09-28T12:09:25.647Z	spark2	LOAD	115.195	1.711
2026-09-28T12:09:25.791Z	spark1	LOAD	113.295	4.139
2026-09-28T12:09:25.912Z	spark2	LOAD	115.198	1.711
2026-09-28T12:09:26.041Z	spark1	LOAD	113.274	4.139
2026-09-28T12:09:26.162Z	spark2	LOAD	115.198	1.711
2026-09-28T12:09:26.292Z	spark1	LOAD	113.274	4.139
2026-09-28T12:09:26.412Z	spark2	LOAD	115.198	1.711
2026-09-28T12:09:26.543Z	spark1	LOAD	113.274	4.139
2026-09-28T12:09:26.663Z	spark2	LOAD	115.198	1.711
2026-09-28T12:09:26.805Z	spark1	LOAD	113.274	4.139
2026-09-28T12:09:26.927Z	spark2	LOAD	115.201	1.711
2026-09-28T12:09:27.056Z	spark1	LOAD	113.277	4.139
2026-09-28T12:09:27.177Z	spark2	LOAD	115.201	1.711
2026-09-28T12:09:27.306Z	spark1	LOAD	113.283	4.139
2026-09-28T12:09:27.428Z	spark2	LOAD	115.201	1.711
2026-09-28T12:09:27.556Z	spark1	LOAD	113.281	4.139
2026-09-28T12:09:27.679Z	spark2	LOAD	115.201	1.711
2026-09-28T12:09:27.823Z	spark1	LOAD	113.285	4.139
2026-09-28T12:09:27.944Z	spark2	LOAD	115.202	1.711
2026-09-28T12:09:28.075Z	spark1	LOAD	113.286	4.139
2026-09-28T12:09:28.194Z	spark2	LOAD	115.202	1.711
2026-09-28T12:09:28.325Z	spark1	LOAD	113.269	4.139
2026-09-28T12:09:28.444Z	spark2	LOAD	115.136	1.711
2026-09-28T12:09:28.576Z	spark1	LOAD	112.825	4.139
2026-09-28T12:09:28.695Z	spark2	LOAD	114.639	1.711
2026-09-28T12:09:28.843Z	spark1	LOAD	112.730	4.139
2026-09-28T12:09:28.959Z	spark2	LOAD	114.416	1.711
2026-09-28T12:09:29.093Z	spark1	LOAD	112.474	4.139
2026-09-28T12:09:29.210Z	spark2	LOAD	114.166	1.711
2026-09-28T12:09:29.344Z	spark1	LOAD	112.216	4.139
2026-09-28T12:09:29.461Z	spark2	LOAD	113.934	1.711
2026-09-28T12:09:29.594Z	spark1	LOAD	111.992	4.139
2026-09-28T12:09:29.711Z	spark2	LOAD	113.725	1.711
2026-09-28T12:09:29.855Z	spark1	LOAD	111.741	4.139
2026-09-28T12:09:29.976Z	spark2	LOAD	113.415	1.711
2026-09-28T12:09:30.106Z	spark1	LOAD	111.082	4.139
2026-09-28T12:09:30.226Z	spark2	LOAD	112.760	1.711
2026-09-28T12:09:30.356Z	spark1	LOAD	110.930	4.139
2026-09-28T12:09:30.477Z	spark2	LOAD	112.484	1.711
2026-09-28T12:09:30.606Z	spark1	LOAD	110.642	4.139
2026-09-28T12:09:30.728Z	spark2	LOAD	112.263	1.711
2026-09-28T12:09:30.873Z	spark1	LOAD	110.528	4.139
2026-09-28T12:09:30.988Z	spark2	LOAD	112.079	1.711
2026-09-28T12:09:31.123Z	spark1	LOAD	110.218	4.139
2026-09-28T12:09:31.238Z	spark2	LOAD	111.865	1.711
2026-09-28T12:09:31.374Z	spark1	LOAD	109.889	4.139
2026-09-28T12:09:31.488Z	spark2	LOAD	111.293	1.711
2026-09-28T12:09:31.624Z	spark1	LOAD	109.611	4.139
2026-09-28T12:09:31.739Z	spark2	LOAD	111.267	1.711
2026-09-28T12:09:31.891Z	spark1	LOAD	109.541	4.139
2026-09-28T12:09:32.004Z	spark2	LOAD	109.965	1.711
2026-09-28T12:09:32.142Z	spark1	LOAD	106.368	4.139
2026-09-28T12:09:32.254Z	spark2	LOAD	105.994	1.711
2026-09-28T12:09:32.393Z	spark1	LOAD	99.904	4.139
2026-09-28T12:09:32.505Z	spark2	LOAD	100.065	1.711
2026-09-28T12:09:32.643Z	spark1	LOAD	93.190	4.139
2026-09-28T12:09:32.755Z	spark2	LOAD	93.998	1.711
2026-09-28T12:09:32.908Z	spark1	LOAD	85.940	4.139
2026-09-28T12:09:33.021Z	spark2	LOAD	87.280	1.711
2026-09-28T12:09:33.158Z	spark1	LOAD	79.072	4.139
2026-09-28T12:09:33.272Z	spark2	LOAD	81.030	1.711
2026-09-28T12:09:33.408Z	spark1	LOAD	72.459	4.139
2026-09-28T12:09:33.523Z	spark2	LOAD	74.654	1.711
2026-09-28T12:09:33.659Z	spark1	LOAD	65.506	4.139
2026-09-28T12:09:33.774Z	spark2	LOAD	68.260	1.711
2026-09-28T12:09:33.928Z	spark1	LOAD	57.289	4.139
2026-09-28T12:09:34.040Z	spark2	LOAD	61.656	1.711
2026-09-28T12:09:34.178Z	spark1	LOAD	53.541	4.139
2026-09-28T12:09:34.291Z	spark2	LOAD	55.306	1.711
2026-09-28T12:09:34.429Z	spark1	LOAD	49.791	4.139
2026-09-28T12:09:34.542Z	spark2	LOAD	48.849	1.711
2026-09-28T12:09:34.679Z	spark1	LOAD	47.754	4.139
2026-09-28T12:09:34.793Z	spark2	LOAD	42.423	1.711
2026-09-28T12:09:34.944Z	spark1	LOAD	47.080	4.139
2026-09-28T12:09:35.059Z	spark2	LOAD	35.717	1.711
2026-09-28T12:09:35.195Z	spark1	LOAD	46.396	4.139
2026-09-28T12:09:35.310Z	spark2	LOAD	29.273	1.711
2026-09-28T12:09:35.445Z	spark1	LOAD	45.696	4.139
2026-09-28T12:09:35.560Z	spark2	LOAD	22.850	1.711
2026-09-28T12:09:35.696Z	spark1	LOAD	45.574	4.139
2026-09-28T12:09:35.811Z	spark2	LOAD	20.563	1.711
2026-09-28T12:09:35.964Z	spark1	LOAD	45.432	4.139
2026-09-28T12:09:36.075Z	spark2	LOAD	20.424	1.711
2026-09-28T12:09:36.215Z	spark1	LOAD	45.280	4.139
2026-09-28T12:09:36.326Z	spark2	LOAD	20.079	1.711
2026-09-28T12:09:36.465Z	spark1	LOAD	45.148	4.139
2026-09-28T12:09:36.577Z	spark2	LOAD	19.875	1.711
2026-09-28T12:09:36.715Z	spark1	LOAD	45.019	4.139
2026-09-28T12:09:36.827Z	spark2	LOAD	19.711	1.711
2026-09-28T12:09:36.983Z	spark1	LOAD	44.761	4.139
2026-09-28T12:09:37.091Z	spark2	LOAD	19.579	1.711
2026-09-28T12:09:37.234Z	spark1	LOAD	44.761	4.139
2026-09-28T12:09:37.342Z	spark2	LOAD	19.443	1.711
2026-09-28T12:09:37.484Z	spark1	LOAD	44.686	4.139
2026-09-28T12:09:37.592Z	spark2	LOAD	19.310	1.711
2026-09-28T12:09:37.734Z	spark1	LOAD	44.436	4.139
2026-09-28T12:09:37.843Z	spark2	LOAD	19.173	1.711
2026-09-28T12:09:38.002Z	spark1	LOAD	44.414	4.139
2026-09-28T12:09:38.109Z	spark2	LOAD	19.030	1.711
2026-09-28T12:09:38.253Z	spark1	LOAD	44.406	4.139
2026-09-28T12:09:38.359Z	spark2	LOAD	18.895	1.711
2026-09-28T12:09:38.503Z	spark1	LOAD	44.269	4.139
2026-09-28T12:09:38.610Z	spark2	LOAD	18.757	1.711
2026-09-28T12:09:38.753Z	spark1	LOAD	44.260	4.139
2026-09-28T12:09:38.861Z	spark2	LOAD	18.620	1.711
2026-09-28T12:09:39.016Z	spark1	LOAD	44.159	4.139
2026-09-28T12:09:39.126Z	spark2	LOAD	18.480	1.711
2026-09-28T12:09:39.266Z	spark1	LOAD	44.096	4.139
2026-09-28T12:09:39.377Z	spark2	LOAD	18.343	1.711
2026-09-28T12:09:39.517Z	spark1	LOAD	43.918	4.139
2026-09-28T12:09:39.628Z	spark2	LOAD	18.191	1.711
2026-09-28T12:09:39.767Z	spark1	LOAD	43.918	4.139
2026-09-28T12:09:39.879Z	spark2	LOAD	18.033	1.711
2026-09-28T12:09:40.030Z	spark1	LOAD	43.789	4.139
2026-09-28T12:09:40.145Z	spark2	LOAD	17.904	1.711
2026-09-28T12:09:40.281Z	spark1	LOAD	43.779	4.139
2026-09-28T12:09:40.394Z	spark2	LOAD	17.906	1.711
2026-09-28T12:09:40.532Z	spark1	LOAD	43.634	4.139
2026-09-28T12:09:40.646Z	spark2	LOAD	19.213	1.711
2026-09-28T12:09:40.782Z	spark1	LOAD	43.628	4.139
2026-09-28T12:09:40.896Z	spark2	LOAD	20.128	1.711
2026-09-28T12:09:41.050Z	spark1	LOAD	43.538	4.139
2026-09-28T12:09:41.156Z	spark2	LOAD	20.090	1.711
2026-09-28T12:09:41.300Z	spark1	LOAD	43.534	4.139
2026-09-28T12:09:41.407Z	spark2	LOAD	20.056	1.711
2026-09-28T12:09:41.551Z	spark1	LOAD	43.429	4.139
2026-09-28T12:09:41.657Z	spark2	LOAD	20.024	1.711
2026-09-28T12:09:41.801Z	spark1	LOAD	43.415	4.139
2026-09-28T12:09:41.907Z	spark2	LOAD	19.993	1.711
2026-09-28T12:09:42.069Z	spark1	LOAD	43.327	4.139
2026-09-28T12:09:42.172Z	spark2	LOAD	19.900	1.711
2026-09-28T12:09:42.319Z	spark1	LOAD	43.207	4.139
2026-09-28T12:09:42.423Z	spark2	LOAD	19.765	1.711
2026-09-28T12:09:42.570Z	spark1	LOAD	43.154	4.139
2026-09-28T12:09:42.673Z	spark2	LOAD	19.585	1.711
2026-09-28T12:09:42.820Z	spark1	LOAD	43.112	4.139
2026-09-28T12:09:42.923Z	spark2	LOAD	19.343	1.711
2026-09-28T12:09:43.087Z	spark1	LOAD	43.056	4.139
2026-09-28T12:09:43.188Z	spark2	LOAD	19.128	1.711
2026-09-28T12:09:43.338Z	spark1	LOAD	43.076	4.139
2026-09-28T12:09:43.439Z	spark2	LOAD	18.945	1.711
2026-09-28T12:09:43.588Z	spark1	LOAD	42.980	4.139
2026-09-28T12:09:43.689Z	spark2	LOAD	18.763	1.711
2026-09-28T12:09:43.838Z	spark1	LOAD	42.886	4.139
2026-09-28T12:09:43.939Z	spark2	LOAD	18.591	1.711
2026-09-28T12:09:44.101Z	spark1	LOAD	42.872	4.139
2026-09-28T12:09:44.204Z	spark2	LOAD	18.629	1.711
2026-09-28T12:09:44.352Z	spark1	LOAD	42.781	4.139
2026-09-28T12:09:44.455Z	spark2	LOAD	18.531	1.711
2026-09-28T12:09:44.603Z	spark1	LOAD	42.781	4.139
2026-09-28T12:09:44.706Z	spark2	LOAD	18.446	1.711
2026-09-28T12:09:44.853Z	spark1	LOAD	42.679	4.139
2026-09-28T12:09:44.957Z	spark2	LOAD	18.586	1.711
2026-09-28T12:09:45.116Z	spark1	LOAD	42.564	4.139
2026-09-28T12:09:45.230Z	spark2	LOAD	20.384	1.711
2026-09-28T12:09:45.367Z	spark1	LOAD	42.563	4.139
2026-09-28T12:09:45.480Z	spark2	LOAD	20.672	1.711
2026-09-28T12:09:45.617Z	spark1	LOAD	42.459	4.139
2026-09-28T12:09:45.730Z	spark2	LOAD	20.682	1.711
2026-09-28T12:09:45.868Z	spark1	LOAD	42.454	4.139
2026-09-28T12:09:45.981Z	spark2	LOAD	20.697	1.711
2026-09-28T12:09:46.131Z	spark1	LOAD	42.358	4.139
2026-09-28T12:09:46.245Z	spark2	LOAD	20.706	1.711
2026-09-28T12:09:46.381Z	spark1	LOAD	42.253	4.139
2026-09-28T12:09:46.495Z	spark2	LOAD	20.725	1.711
2026-09-28T12:09:46.632Z	spark1	LOAD	42.259	4.139
2026-09-28T12:09:46.745Z	spark2	LOAD	20.726	1.711
2026-09-28T12:09:46.882Z	spark1	LOAD	42.177	4.139
2026-09-28T12:09:46.996Z	spark2	LOAD	20.727	1.711
2026-09-28T12:09:47.149Z	spark1	LOAD	42.163	4.139
2026-09-28T12:09:47.256Z	spark2	LOAD	20.728	1.711
2026-09-28T12:09:47.400Z	spark1	LOAD	42.075	4.139
2026-09-28T12:09:47.506Z	spark2	LOAD	20.624	1.711
2026-09-28T12:09:47.651Z	spark1	LOAD	41.978	4.139
2026-09-28T12:09:47.757Z	spark2	LOAD	20.035	1.711
2026-09-28T12:09:47.901Z	spark1	LOAD	41.964	4.139
2026-09-28T12:09:48.007Z	spark2	LOAD	20.429	1.711
2026-09-28T12:09:48.168Z	spark1	LOAD	41.878	4.139
2026-09-28T12:09:48.273Z	spark2	LOAD	20.158	1.711
2026-09-28T12:09:48.419Z	spark1	LOAD	41.843	4.139
2026-09-28T12:09:48.523Z	spark2	LOAD	19.971	1.711
2026-09-28T12:09:48.669Z	spark1	LOAD	41.766	4.139
2026-09-28T12:09:48.773Z	spark2	LOAD	20.003	1.711
2026-09-28T12:09:48.919Z	spark1	LOAD	41.666	4.139
2026-09-28T12:09:49.024Z	spark2	LOAD	19.903	1.711
2026-09-28T12:09:49.186Z	spark1	LOAD	41.655	4.139
2026-09-28T12:09:49.284Z	spark2	LOAD	19.822	1.711
2026-09-28T12:09:49.437Z	spark1	LOAD	41.565	4.139
2026-09-28T12:09:49.534Z	spark2	LOAD	19.726	1.711
2026-09-28T12:09:49.687Z	spark1	LOAD	41.565	4.139
2026-09-28T12:09:49.784Z	spark2	LOAD	19.606	1.711
2026-09-28T12:09:49.938Z	spark1	LOAD	40.544	4.139
2026-09-28T12:09:50.035Z	spark2	LOAD	19.510	1.711
2026-09-28T12:09:50.201Z	spark1	LOAD	40.063	4.139
2026-09-28T12:09:50.295Z	spark2	LOAD	19.400	1.711
2026-09-28T12:09:50.452Z	spark1	LOAD	39.855	4.139
2026-09-28T12:09:50.545Z	spark2	LOAD	19.305	1.711
2026-09-28T12:09:50.703Z	spark1	LOAD	39.720	4.139
2026-09-28T12:09:50.795Z	spark2	LOAD	19.215	1.711
2026-09-28T12:09:50.953Z	spark1	LOAD	39.588	4.139
2026-09-28T12:09:51.046Z	spark2	LOAD	19.125	1.711
2026-09-28T12:09:51.222Z	spark1	LOAD	39.442	4.139
2026-09-28T12:09:51.311Z	spark2	LOAD	18.954	1.711
2026-09-28T12:09:51.473Z	spark1	LOAD	39.314	4.139
2026-09-28T12:09:51.561Z	spark2	LOAD	18.858	1.711
2026-09-28T12:09:51.723Z	spark1	LOAD	39.214	4.139
2026-09-28T12:09:51.811Z	spark2	LOAD	18.879	1.711
2026-09-28T12:09:51.974Z	spark1	LOAD	39.071	4.139
2026-09-28T12:09:52.061Z	spark2	LOAD	18.764	1.711
2026-09-28T12:09:52.241Z	spark1	LOAD	39.069	4.139
2026-09-28T12:09:52.326Z	spark2	LOAD	18.182	1.711
2026-09-28T12:09:52.491Z	spark1	LOAD	39.090	4.139
2026-09-28T12:09:52.576Z	spark2	LOAD	18.525	1.711
2026-09-28T12:09:52.741Z	spark1	LOAD	38.406	4.139
2026-09-28T12:09:52.826Z	spark2	LOAD	18.031	1.711
2026-09-28T12:09:52.992Z	spark1	LOAD	37.762	4.139
2026-09-28T12:09:53.076Z	spark2	LOAD	17.939	1.711
2026-09-28T12:09:53.260Z	spark1	LOAD	36.502	4.139
2026-09-28T12:09:53.342Z	spark2	LOAD	17.844	1.711
2026-09-28T12:09:53.510Z	spark1	LOAD	32.387	4.139
2026-09-28T12:09:53.592Z	spark2	LOAD	17.759	1.711
2026-09-28T12:09:53.761Z	spark1	LOAD	31.380	4.139
2026-09-28T12:09:53.842Z	spark2	LOAD	17.652	1.711
2026-09-28T12:09:54.011Z	spark1	LOAD	31.057	4.139
2026-09-28T12:09:54.093Z	spark2	LOAD	18.762	1.711
2026-09-28T12:09:54.280Z	spark1	LOAD	29.313	4.140
2026-09-28T12:09:54.358Z	spark2	LOAD	20.096	1.711
2026-09-28T12:09:54.530Z	spark1	LOAD	27.960	4.140
2026-09-28T12:09:54.608Z	spark2	LOAD	20.004	1.711
2026-09-28T12:09:54.780Z	spark1	LOAD	27.662	4.140
2026-09-28T12:09:54.859Z	spark2	LOAD	19.935	1.711
2026-09-28T12:09:55.030Z	spark1	LOAD	27.662	4.140
2026-09-28T12:09:55.109Z	spark2	LOAD	19.858	1.711
2026-09-28T12:09:55.309Z	spark1	LOAD	27.659	4.140
2026-09-28T12:09:55.374Z	spark2	LOAD	19.771	1.711
2026-09-28T12:09:55.559Z	spark1	LOAD	26.484	4.140
2026-09-28T12:09:55.624Z	spark2	LOAD	19.670	1.711
2026-09-28T12:09:55.810Z	spark1	LOAD	25.403	4.140
2026-09-28T12:09:55.874Z	spark2	LOAD	19.577	1.711
2026-09-28T12:09:56.060Z	spark1	LOAD	25.293	4.140
2026-09-28T12:09:56.124Z	spark2	LOAD	19.483	1.711
2026-09-28T12:09:56.340Z	spark1	LOAD	25.137	4.140
2026-09-28T12:09:56.385Z	spark2	LOAD	19.390	1.711
2026-09-28T12:09:56.591Z	spark1	LOAD	25.136	4.140
2026-09-28T12:09:56.635Z	spark2	LOAD	19.294	1.711
2026-09-28T12:09:56.842Z	spark1	LOAD	25.133	4.140
2026-09-28T12:09:56.886Z	spark2	LOAD	19.198	1.711
2026-09-28T12:09:57.092Z	spark1	LOAD	25.019	4.140
2026-09-28T12:09:57.135Z	spark2	LOAD	19.644	1.711
2026-09-28T12:09:57.360Z	spark1	LOAD	24.901	4.140
2026-09-28T12:09:57.397Z	spark2	LOAD	19.541	1.711
2026-09-28T12:09:57.611Z	spark1	LOAD	24.604	4.141
2026-09-28T12:09:57.647Z	spark2	LOAD	19.456	1.711
2026-09-28T12:09:57.861Z	spark1	LOAD	24.295	4.141
2026-09-28T12:09:57.897Z	spark2	LOAD	19.341	1.711
2026-09-28T12:09:58.111Z	spark1	LOAD	22.386	4.141
2026-09-28T12:09:58.148Z	spark2	LOAD	19.260	1.711
2026-09-28T12:09:58.376Z	spark1	LOAD	18.604	4.141
2026-09-28T12:09:58.409Z	spark2	LOAD	19.136	1.711
2026-09-28T12:09:58.626Z	spark1	LOAD	18.902	4.141
2026-09-28T12:09:58.659Z	spark2	LOAD	19.085	1.711
2026-09-28T12:09:58.877Z	spark1	LOAD	18.471	4.141
2026-09-28T12:09:58.909Z	spark2	LOAD	18.980	1.711
2026-09-28T12:09:59.127Z	spark1	LOAD	18.453	4.141
2026-09-28T12:09:59.159Z	spark2	LOAD	18.790	1.712
2026-09-28T12:09:59.399Z	spark1	LOAD	17.876	4.141
2026-09-28T12:09:59.421Z	spark2	LOAD	18.840	1.712
2026-09-28T12:09:59.649Z	spark1	LOAD	17.690	4.141
2026-09-28T12:09:59.671Z	spark2	LOAD	18.743	1.712
2026-09-28T12:09:59.900Z	spark1	LOAD	18.339	4.141
2026-09-28T12:09:59.921Z	spark2	LOAD	18.643	1.712
2026-09-28T12:10:00.150Z	spark1	LOAD	18.313	4.141
2026-09-28T12:10:00.171Z	spark2	LOAD	18.552	1.712
2026-09-28T12:10:00.417Z	spark1	LOAD	18.285	4.141
2026-09-28T12:10:00.439Z	spark2	LOAD	18.481	1.712
2026-09-28T12:10:00.667Z	spark1	LOAD	17.874	4.141
2026-09-28T12:10:00.689Z	spark2	LOAD	18.396	1.712
2026-09-28T12:10:00.918Z	spark1	LOAD	18.255	4.140
2026-09-28T12:10:00.940Z	spark2	LOAD	18.307	1.712
2026-09-28T12:10:01.168Z	spark1	LOAD	18.228	4.140
2026-09-28T12:10:01.190Z	spark2	LOAD	19.469	1.712
2026-09-28T12:10:01.437Z	spark1	LOAD	18.046	4.140
2026-09-28T12:10:01.451Z	spark2	LOAD	20.391	1.712
2026-09-28T12:10:01.687Z	spark1	LOAD	17.478	4.140
2026-09-28T12:10:01.702Z	spark2	LOAD	20.347	1.712
2026-09-28T12:10:01.937Z	spark1	LOAD	18.119	4.140
2026-09-28T12:10:01.952Z	spark2	LOAD	20.165	1.712
2026-09-28T12:10:02.187Z	spark1	LOAD	18.129	4.140
2026-09-28T12:10:02.203Z	spark2	LOAD	20.079	1.712
2026-09-28T12:10:02.455Z	spark1	LOAD	17.918	4.140
2026-09-28T12:10:02.463Z	spark2	LOAD	19.997	1.712
2026-09-28T12:10:02.705Z	spark1	LOAD	17.382	4.140
2026-09-28T12:10:02.714Z	spark2	LOAD	19.968	1.712
2026-09-28T12:10:02.956Z	spark1	LOAD	18.039	4.140
2026-09-28T12:10:02.964Z	spark2	LOAD	19.949	1.712
2026-09-28T12:10:03.206Z	spark1	LOAD	18.012	4.140
2026-09-28T12:10:03.214Z	spark2	LOAD	19.919	1.712
2026-09-28T12:10:03.474Z	spark1	LOAD	18.001	4.140
2026-09-28T12:10:03.478Z	spark2	LOAD	19.790	1.712
2026-09-28T12:10:03.724Z	spark1	LOAD	17.275	4.140
2026-09-28T12:10:03.730Z	spark2	LOAD	19.715	1.712
2026-09-28T12:10:03.974Z	spark1	LOAD	17.918	4.140
2026-09-28T12:10:03.979Z	spark2	LOAD	19.566	1.712
2026-09-28T12:10:04.224Z	spark1	LOAD	17.887	4.140
2026-09-28T12:10:04.229Z	spark2	LOAD	19.478	1.712
2026-09-28T12:10:04.489Z	spark2	LOAD	19.323	1.712
2026-09-28T12:10:04.495Z	spark1	LOAD	17.898	4.140
2026-09-28T12:10:04.740Z	spark2	LOAD	19.276	1.712
2026-09-28T12:10:04.745Z	spark1	LOAD	17.101	4.140
2026-09-28T12:10:04.990Z	spark2	LOAD	19.165	1.712
2026-09-28T12:10:04.995Z	spark1	LOAD	17.838	4.140
2026-09-28T12:10:05.241Z	spark2	LOAD	19.012	1.712
2026-09-28T12:10:05.246Z	spark1	LOAD	17.809	4.140
2026-09-28T12:10:05.504Z	spark2	LOAD	18.884	1.712
2026-09-28T12:10:05.507Z	spark1	LOAD	17.557	4.140
2026-09-28T12:10:05.755Z	spark2	LOAD	18.772	1.712
2026-09-28T12:10:05.758Z	spark1	LOAD	17.029	4.140
2026-09-28T12:10:06.005Z	spark2	LOAD	18.688	1.712
2026-09-28T12:10:06.008Z	spark1	LOAD	17.711	4.140
2026-09-28T12:10:06.256Z	spark2	LOAD	18.582	1.712
2026-09-28T12:10:06.258Z	spark1	LOAD	17.652	4.140
2026-09-28T12:10:06.520Z	spark2	LOAD	18.422	1.712
2026-09-28T12:10:06.521Z	spark1	LOAD	17.204	4.140
2026-09-28T12:10:06.771Z	spark2	LOAD	18.351	1.712
2026-09-28T12:10:06.771Z	spark1	LOAD	17.658	4.140
2026-09-28T12:10:07.021Z	spark2	LOAD	18.244	1.712
2026-09-28T12:10:07.021Z	spark1	LOAD	17.634	4.140
2026-09-28T12:10:07.271Z	spark2	LOAD	18.142	1.712
2026-09-28T12:10:07.272Z	spark1	LOAD	17.283	4.140
2026-09-28T12:10:07.532Z	spark2	LOAD	18.014	1.712
2026-09-28T12:10:07.535Z	spark1	LOAD	17.272	4.140
2026-09-28T12:10:07.782Z	spark2	LOAD	18.418	1.712
2026-09-28T12:10:07.786Z	spark1	LOAD	17.506	4.140
2026-09-28T12:10:08.032Z	spark2	LOAD	20.240	1.712
2026-09-28T12:10:08.036Z	spark1	LOAD	17.535	4.140
2026-09-28T12:10:08.283Z	spark2	LOAD	20.472	1.712
2026-09-28T12:10:08.287Z	spark1	LOAD	17.507	4.140
2026-09-28T12:10:08.547Z	spark2	LOAD	20.359	1.712
2026-09-28T12:10:08.548Z	spark1	LOAD	17.486	4.140
2026-09-28T12:10:08.798Z	spark2	LOAD	20.291	1.712
2026-09-28T12:10:08.798Z	spark1	LOAD	17.462	4.140
2026-09-28T12:10:09.048Z	spark2	LOAD	20.245	1.712
2026-09-28T12:10:09.049Z	spark1	LOAD	17.435	4.140
2026-09-28T12:10:09.298Z	spark2	LOAD	20.158	1.712
2026-09-28T12:10:09.299Z	spark1	LOAD	17.293	4.140
2026-09-28T12:10:09.563Z	spark2	LOAD	20.066	1.712
2026-09-28T12:10:09.566Z	spark1	LOAD	17.390	4.140
2026-09-28T12:10:09.814Z	spark2	LOAD	19.966	1.712
2026-09-28T12:10:09.816Z	spark1	LOAD	17.367	4.140
2026-09-28T12:10:10.064Z	spark2	LOAD	19.804	1.712
2026-09-28T12:10:10.067Z	spark1	LOAD	17.344	4.140
2026-09-28T12:10:10.315Z	spark2	LOAD	19.680	1.712
2026-09-28T12:10:10.317Z	spark1	LOAD	17.265	4.140
2026-09-28T12:10:10.575Z	spark2	LOAD	19.545	1.712
2026-09-28T12:10:10.587Z	spark1	LOAD	17.236	4.140
2026-09-28T12:10:10.825Z	spark2	LOAD	19.427	1.712
2026-09-28T12:10:10.837Z	spark1	LOAD	17.215	4.140
2026-09-28T12:10:11.076Z	spark2	LOAD	19.300	1.712
2026-09-28T12:10:11.088Z	spark1	LOAD	17.187	4.140
2026-09-28T12:10:11.326Z	spark2	LOAD	19.184	1.712
2026-09-28T12:10:11.338Z	spark1	LOAD	17.160	4.140
2026-09-28T12:10:11.591Z	spark2	LOAD	18.752	1.712
2026-09-28T12:10:11.601Z	spark1	LOAD	17.135	4.140
2026-09-28T12:10:11.841Z	spark2	LOAD	19.086	1.712
2026-09-28T12:10:11.851Z	spark1	LOAD	17.105	4.140
2026-09-28T12:10:12.091Z	spark2	LOAD	18.970	1.712
2026-09-28T12:10:12.102Z	spark1	LOAD	17.073	4.140
2026-09-28T12:10:12.341Z	spark2	LOAD	18.842	1.712
2026-09-28T12:10:12.352Z	spark1	LOAD	17.026	4.140
2026-09-28T12:10:12.602Z	spark2	LOAD	18.745	1.712
2026-09-28T12:10:12.615Z	spark1	LOAD	16.998	4.140
2026-09-28T12:10:12.852Z	spark2	LOAD	18.612	1.712
2026-09-28T12:10:12.865Z	spark1	LOAD	16.971	4.140
2026-09-28T12:10:13.103Z	spark2	LOAD	18.511	1.712
2026-09-28T12:10:13.115Z	spark1	LOAD	16.936	4.140
2026-09-28T12:10:13.353Z	spark2	LOAD	18.410	1.713
2026-09-28T12:10:13.365Z	spark1	LOAD	16.913	4.140
2026-09-28T12:10:13.613Z	spark2	LOAD	18.305	1.713
2026-09-28T12:10:13.633Z	spark1	LOAD	16.884	4.140
2026-09-28T12:10:13.864Z	spark2	LOAD	18.191	1.713
2026-09-28T12:10:13.884Z	spark1	LOAD	16.853	4.140
2026-09-28T12:10:14.114Z	spark2	LOAD	18.146	1.713
2026-09-28T12:10:14.134Z	spark1	LOAD	16.835	4.140
2026-09-28T12:10:14.365Z	spark2	LOAD	18.384	1.713
2026-09-28T12:10:14.384Z	spark1	LOAD	16.792	4.140
2026-09-28T12:10:14.626Z	spark2	LOAD	19.882	1.713
2026-09-28T12:10:14.654Z	spark1	LOAD	16.763	4.140
2026-09-28T12:10:14.877Z	spark2	LOAD	20.120	1.713
2026-09-28T12:10:14.905Z	spark1	LOAD	16.736	4.140
2026-09-28T12:10:15.127Z	spark2	LOAD	20.059	1.713
2026-09-28T12:10:15.155Z	spark1	LOAD	16.723	4.140
2026-09-28T12:10:15.378Z	spark2	LOAD	19.962	1.713
2026-09-28T12:10:15.406Z	spark1	LOAD	16.705	4.140
2026-09-28T12:10:15.642Z	spark2	LOAD	19.845	1.713
2026-09-28T12:10:15.673Z	spark1	LOAD	16.683	4.140
2026-09-28T12:10:15.892Z	spark2	LOAD	19.652	1.713
2026-09-28T12:10:15.923Z	spark1	LOAD	16.645	4.140
2026-09-28T12:10:16.143Z	spark2	LOAD	19.505	1.713
2026-09-28T12:10:16.173Z	spark1	LOAD	16.616	4.140
2026-09-28T12:10:16.393Z	spark2	LOAD	19.393	1.713
2026-09-28T12:10:16.423Z	spark1	LOAD	16.562	4.140
2026-09-28T12:10:16.653Z	spark2	LOAD	19.274	1.713
2026-09-28T12:10:16.690Z	spark1	LOAD	16.533	4.140
2026-09-28T12:10:16.903Z	spark2	LOAD	19.659	1.713
2026-09-28T12:10:16.941Z	spark1	LOAD	16.511	4.140
2026-09-28T12:10:17.154Z	spark2	LOAD	19.118	1.713
2026-09-28T12:10:17.191Z	spark1	LOAD	16.486	4.140
2026-09-28T12:10:17.404Z	spark2	LOAD	19.318	1.713
2026-09-28T12:10:17.441Z	spark1	LOAD	16.454	4.140
2026-09-28T12:10:17.664Z	spark2	LOAD	18.999	1.713
2026-09-28T12:10:17.705Z	spark1	LOAD	16.427	4.140
2026-09-28T12:10:17.914Z	spark2	LOAD	19.288	1.713
2026-09-28T12:10:17.955Z	spark1	LOAD	16.410	4.140
2026-09-28T12:10:18.165Z	spark2	LOAD	19.309	1.851
2026-09-28T12:10:18.205Z	spark1	LOAD	16.430	4.140
2026-09-28T12:10:18.415Z	spark2	LOAD	19.524	2.145
2026-09-28T12:10:18.455Z	spark1	LOAD	16.429	4.140
2026-09-28T12:10:18.676Z	spark2	LOAD	19.903	2.554
2026-09-28T12:10:18.719Z	spark1	LOAD	17.153	4.140
2026-09-28T12:10:18.926Z	spark2	LOAD	20.022	2.716
2026-09-28T12:10:18.969Z	spark1	LOAD	19.014	4.140
2026-09-28T12:10:19.176Z	spark2	LOAD	20.119	2.858
2026-09-28T12:10:19.220Z	spark1	LOAD	18.898	4.140
2026-09-28T12:10:19.426Z	spark2	LOAD	20.257	3.011
2026-09-28T12:10:19.470Z	spark1	LOAD	18.725	4.140
2026-09-28T12:10:19.688Z	spark2	LOAD	20.383	3.180
2026-09-28T12:10:19.737Z	spark1	LOAD	18.561	4.140
2026-09-28T12:10:19.938Z	spark2	LOAD	20.500	3.328
2026-09-28T12:10:19.987Z	spark1	LOAD	17.726	4.140
2026-09-28T12:10:20.188Z	spark2	LOAD	20.603	3.473
2026-09-28T12:10:20.238Z	spark1	LOAD	18.373	4.140
2026-09-28T12:10:20.438Z	spark2	LOAD	20.578	3.514
2026-09-28T12:10:20.488Z	spark1	LOAD	18.271	4.140
2026-09-28T12:10:20.703Z	spark2	LOAD	20.481	3.515
2026-09-28T12:10:20.757Z	spark1	LOAD	18.154	4.140
2026-09-28T12:10:20.953Z	spark2	LOAD	20.378	3.516
2026-09-28T12:10:21.007Z	spark1	LOAD	18.044	4.140
2026-09-28T12:10:21.204Z	spark2	LOAD	20.263	3.516
2026-09-28T12:10:21.257Z	spark1	LOAD	17.880	4.140
2026-09-28T12:10:21.455Z	spark2	LOAD	20.159	3.516
2026-09-28T12:10:21.508Z	spark1	LOAD	17.752	4.140
2026-09-28T12:10:21.715Z	spark2	LOAD	20.034	3.516
2026-09-28T12:10:21.771Z	spark1	LOAD	17.602	4.140
2026-09-28T12:10:21.965Z	spark2	LOAD	19.927	3.516
2026-09-28T12:10:22.022Z	spark1	LOAD	17.316	4.140
2026-09-28T12:10:22.215Z	spark2	LOAD	19.838	3.516
2026-09-28T12:10:22.272Z	spark1	LOAD	17.394	4.140
2026-09-28T12:10:22.466Z	spark2	LOAD	19.921	3.516
2026-09-28T12:10:22.522Z	spark1	LOAD	17.156	4.140
2026-09-28T12:10:22.730Z	spark2	LOAD	21.300	3.516
2026-09-28T12:10:22.785Z	spark1	LOAD	17.043	4.140
2026-09-28T12:10:22.980Z	spark2	LOAD	22.082	3.516
2026-09-28T12:10:23.036Z	spark1	LOAD	16.957	4.140
2026-09-28T12:10:23.231Z	spark2	LOAD	22.053	3.516
2026-09-28T12:10:23.286Z	spark1	LOAD	16.904	4.140
2026-09-28T12:10:23.481Z	spark2	LOAD	21.958	3.516
2026-09-28T12:10:23.536Z	spark1	LOAD	16.549	4.250
2026-09-28T12:10:23.745Z	spark2	LOAD	21.829	3.516
2026-09-28T12:10:23.802Z	spark1	LOAD	16.929	4.402
2026-09-28T12:10:23.996Z	spark2	LOAD	21.724	3.516
2026-09-28T12:10:24.052Z	spark1	LOAD	18.470	4.481
2026-09-28T12:10:24.246Z	spark2	LOAD	21.618	3.516
2026-09-28T12:10:24.303Z	spark1	LOAD	19.348	4.481
2026-09-28T12:10:24.496Z	spark2	LOAD	21.504	3.516
2026-09-28T12:10:24.553Z	spark1	LOAD	19.320	4.481
2026-09-28T12:10:24.757Z	spark2	LOAD	21.355	3.516
2026-09-28T12:10:24.821Z	spark1	LOAD	19.421	4.481
2026-09-28T12:10:25.007Z	spark2	LOAD	21.240	3.516
2026-09-28T12:10:25.072Z	spark1	LOAD	19.289	4.481
2026-09-28T12:10:25.257Z	spark2	LOAD	21.123	3.516
2026-09-28T12:10:25.322Z	spark1	LOAD	18.908	4.481
2026-09-28T12:10:25.507Z	spark2	LOAD	21.006	3.516
2026-09-28T12:10:25.572Z	spark1	LOAD	18.774	4.481
2026-09-28T12:10:25.768Z	spark2	LOAD	20.879	3.516
2026-09-28T12:10:25.834Z	spark1	LOAD	18.773	4.481
2026-09-28T12:10:26.019Z	spark2	LOAD	20.742	3.516
2026-09-28T12:10:26.084Z	spark1	LOAD	18.778	4.481
2026-09-28T12:10:26.269Z	spark2	LOAD	20.499	3.516
2026-09-28T12:10:26.335Z	spark1	LOAD	18.762	4.481
2026-09-28T12:10:26.519Z	spark2	LOAD	20.389	3.516
2026-09-28T12:10:26.585Z	spark1	LOAD	18.722	4.481
2026-09-28T12:10:26.784Z	spark2	LOAD	20.706	3.516
2026-09-28T12:10:26.854Z	spark1	LOAD	18.662	4.481
2026-09-28T12:10:27.034Z	spark2	LOAD	20.596	3.516
2026-09-28T12:10:27.104Z	spark1	LOAD	18.592	4.481
2026-09-28T12:10:27.285Z	spark2	LOAD	20.486	3.516
2026-09-28T12:10:27.355Z	spark1	LOAD	18.563	4.481
2026-09-28T12:10:27.535Z	spark2	LOAD	20.319	3.516
2026-09-28T12:10:27.605Z	spark1	LOAD	18.541	4.481
2026-09-28T12:10:27.799Z	spark2	LOAD	20.181	3.516
2026-09-28T12:10:27.867Z	spark1	LOAD	18.528	4.481
2026-09-28T12:10:28.049Z	spark2	LOAD	20.088	3.516
2026-09-28T12:10:28.117Z	spark1	LOAD	18.473	4.481
2026-09-28T12:10:28.300Z	spark2	LOAD	19.993	3.516
2026-09-28T12:10:28.367Z	spark1	LOAD	18.443	4.481
2026-09-28T12:10:28.550Z	spark2	LOAD	19.896	3.516
2026-09-28T12:10:28.618Z	spark1	LOAD	18.421	4.481
2026-09-28T12:10:28.810Z	spark2	LOAD	19.766	3.516
2026-09-28T12:10:28.886Z	spark1	LOAD	18.538	4.481
2026-09-28T12:10:29.061Z	spark2	LOAD	19.722	3.516
2026-09-28T12:10:29.136Z	spark1	LOAD	18.511	4.481
2026-09-28T12:10:29.311Z	spark2	LOAD	20.868	3.516
2026-09-28T12:10:29.386Z	spark1	LOAD	18.467	4.481
2026-09-28T12:10:29.562Z	spark2	LOAD	22.284	3.516
2026-09-28T12:10:29.636Z	spark1	LOAD	18.435	4.481
2026-09-28T12:10:29.826Z	spark2	LOAD	22.434	3.516
2026-09-28T12:10:29.899Z	spark1	LOAD	18.401	4.481
2026-09-28T12:10:30.077Z	spark2	LOAD	22.372	3.516
2026-09-28T12:10:30.150Z	spark1	LOAD	18.364	4.481
2026-09-28T12:10:30.327Z	spark2	LOAD	22.284	3.516
2026-09-28T12:10:30.400Z	spark1	LOAD	18.330	4.481
2026-09-28T12:10:30.577Z	spark2	LOAD	22.195	3.516
2026-09-28T12:10:30.650Z	spark1	LOAD	18.292	4.481
2026-09-28T12:10:30.842Z	spark2	LOAD	22.083	3.516
2026-09-28T12:10:30.918Z	spark1	LOAD	18.242	4.481
2026-09-28T12:10:31.092Z	spark2	LOAD	21.985	3.516
2026-09-28T12:10:31.168Z	spark1	LOAD	18.207	4.481
2026-09-28T12:10:31.343Z	spark2	LOAD	21.863	3.516
2026-09-28T12:10:31.418Z	spark1	LOAD	18.171	4.481
2026-09-28T12:10:31.593Z	spark2	LOAD	21.737	3.516
2026-09-28T12:10:31.669Z	spark1	LOAD	18.137	4.481
2026-09-28T12:10:31.858Z	spark2	LOAD	21.620	3.516
2026-09-28T12:10:31.936Z	spark1	LOAD	18.101	4.481
2026-09-28T12:10:32.108Z	spark2	LOAD	21.506	3.516
2026-09-28T12:10:32.187Z	spark1	LOAD	18.062	4.481
2026-09-28T12:10:32.359Z	spark2	LOAD	21.443	3.516
2026-09-28T12:10:32.437Z	spark1	LOAD	18.027	4.481
2026-09-28T12:10:32.609Z	spark2	LOAD	21.364	3.516
2026-09-28T12:10:32.688Z	spark1	LOAD	17.996	4.481
2026-09-28T12:10:32.869Z	spark2	LOAD	21.246	3.517
2026-09-28T12:10:32.955Z	spark1	LOAD	17.951	4.481
2026-09-28T12:10:33.119Z	spark2	LOAD	21.132	3.517
2026-09-28T12:10:33.205Z	spark1	LOAD	17.891	4.481
2026-09-28T12:10:33.370Z	spark2	LOAD	21.007	3.517
2026-09-28T12:10:33.455Z	spark1	LOAD	17.874	4.481
2026-09-28T12:10:33.620Z	spark2	LOAD	20.896	3.517
2026-09-28T12:10:33.705Z	spark1	LOAD	17.847	4.481
2026-09-28T12:10:33.880Z	spark2	LOAD	20.338	3.517
2026-09-28T12:10:33.968Z	spark1	LOAD	17.821	4.481
2026-09-28T12:10:34.130Z	spark2	LOAD	20.686	3.517
2026-09-28T12:10:34.219Z	spark1	LOAD	17.791	4.481
2026-09-28T12:10:34.381Z	spark2	LOAD	20.575	3.517
2026-09-28T12:10:34.469Z	spark1	LOAD	17.764	4.481
2026-09-28T12:10:34.631Z	spark2	LOAD	20.472	3.517
2026-09-28T12:10:34.719Z	spark1	LOAD	17.736	4.481
2026-09-28T12:10:34.891Z	spark2	LOAD	20.359	3.518
2026-09-28T12:10:34.987Z	spark1	LOAD	17.715	4.481
2026-09-28T12:10:35.142Z	spark2	LOAD	20.283	3.518
2026-09-28T12:10:35.237Z	spark1	LOAD	17.689	4.481
2026-09-28T12:10:35.392Z	spark2	LOAD	20.164	3.518
2026-09-28T12:10:35.487Z	spark1	LOAD	17.658	4.481
2026-09-28T12:10:35.642Z	spark2	LOAD	20.043	3.518
2026-09-28T12:10:35.738Z	spark1	LOAD	17.630	4.481
2026-09-28T12:10:35.903Z	spark2	LOAD	21.628	3.518
2026-09-28T12:10:36.004Z	spark1	LOAD	17.607	4.481
2026-09-28T12:10:36.153Z	spark2	LOAD	22.405	3.518
2026-09-28T12:10:36.255Z	spark1	LOAD	17.577	4.481
2026-09-28T12:10:36.403Z	spark2	LOAD	22.370	3.518
2026-09-28T12:10:36.505Z	spark1	LOAD	17.546	4.481
2026-09-28T12:10:36.654Z	spark2	LOAD	22.276	3.518
2026-09-28T12:10:36.756Z	spark1	LOAD	17.515	4.481
2026-09-28T12:10:36.914Z	spark2	LOAD	22.152	3.518
2026-09-28T12:10:37.023Z	spark1	LOAD	17.477	4.481
2026-09-28T12:10:37.164Z	spark2	LOAD	22.032	3.518
2026-09-28T12:10:37.273Z	spark1	LOAD	17.448	4.481
2026-09-28T12:10:37.414Z	spark2	LOAD	21.926	3.518
2026-09-28T12:10:37.524Z	spark1	LOAD	17.423	4.481
2026-09-28T12:10:37.665Z	spark2	LOAD	21.819	3.518
2026-09-28T12:10:37.774Z	spark1	LOAD	17.397	4.481
2026-09-28T12:10:37.926Z	spark2	LOAD	21.670	3.518
2026-09-28T12:10:38.036Z	spark1	LOAD	17.332	4.481
2026-09-28T12:10:38.175Z	spark2	LOAD	21.533	3.518
2026-09-28T12:10:38.286Z	spark1	LOAD	17.272	4.481
2026-09-28T12:10:38.426Z	spark2	LOAD	21.380	3.517
2026-09-28T12:10:38.536Z	spark1	LOAD	17.251	4.481
2026-09-28T12:10:38.677Z	spark2	LOAD	21.282	3.518
2026-09-28T12:10:38.786Z	spark1	LOAD	17.225	4.481
2026-09-28T12:10:38.936Z	spark2	LOAD	21.150	3.518
2026-09-28T12:10:39.054Z	spark1	LOAD	17.170	4.481
2026-09-28T12:10:39.187Z	spark2	LOAD	20.612	3.518
2026-09-28T12:10:39.304Z	spark1	LOAD	17.147	4.481
2026-09-28T12:10:39.437Z	spark2	LOAD	20.921	3.519
2026-09-28T12:10:39.555Z	spark1	LOAD	17.120	4.481
2026-09-28T12:10:39.688Z	spark2	LOAD	20.841	3.519
2026-09-28T12:10:39.805Z	spark1	LOAD	17.095	4.481
2026-09-28T12:10:39.953Z	spark2	LOAD	20.709	3.519
2026-09-28T12:10:40.072Z	spark1	LOAD	17.074	4.481
2026-09-28T12:10:40.203Z	spark2	LOAD	20.598	3.519
2026-09-28T12:10:40.323Z	spark1	LOAD	17.044	4.481
2026-09-28T12:10:40.453Z	spark2	LOAD	20.460	3.519
2026-09-28T12:10:40.573Z	spark1	LOAD	17.018	4.481
2026-09-28T12:10:40.703Z	spark2	LOAD	20.339	3.519
2026-09-28T12:10:40.824Z	spark1	LOAD	16.991	4.481
2026-09-28T12:10:40.964Z	spark2	LOAD	20.252	3.520
2026-09-28T12:10:41.090Z	spark1	LOAD	16.949	4.481
2026-09-28T12:10:41.214Z	spark2	LOAD	20.144	3.520
2026-09-28T12:10:41.340Z	spark1	LOAD	16.924	4.481
2026-09-28T12:10:41.465Z	spark2	LOAD	20.062	3.520
2026-09-28T12:10:41.591Z	spark1	LOAD	16.895	4.481
2026-09-28T12:10:41.715Z	spark2	LOAD	19.979	3.521
2026-09-28T12:10:41.841Z	spark1	LOAD	16.863	4.481
2026-09-28T12:10:41.980Z	spark2	LOAD	19.974	3.556
2026-09-28T12:10:42.103Z	spark1	LOAD	16.828	4.481
2026-09-28T12:10:42.231Z	spark2	LOAD	21.551	3.556
2026-09-28T12:10:42.354Z	spark1	LOAD	16.794	4.481
2026-09-28T12:10:42.482Z	spark2	LOAD	22.567	3.556
2026-09-28T12:10:42.604Z	spark1	LOAD	16.761	4.481
2026-09-28T12:10:42.732Z	spark2	LOAD	22.539	3.556
2026-09-28T12:10:42.854Z	spark1	LOAD	16.728	4.481
2026-09-28T12:10:42.992Z	spark2	LOAD	22.472	3.556
2026-09-28T12:10:43.122Z	spark1	LOAD	16.664	4.481
2026-09-28T12:10:43.243Z	spark2	LOAD	22.386	3.556
2026-09-28T12:10:43.373Z	spark1	LOAD	16.636	4.481
2026-09-28T12:10:43.493Z	spark2	LOAD	22.292	3.556
2026-09-28T12:10:43.623Z	spark1	LOAD	16.601	4.481
2026-09-28T12:10:43.744Z	spark2	LOAD	22.194	3.556
2026-09-28T12:10:43.873Z	spark1	LOAD	16.574	4.481
2026-09-28T12:10:44.004Z	spark2	LOAD	22.089	3.556
2026-09-28T12:10:44.142Z	spark1	LOAD	16.545	4.481
2026-09-28T12:10:44.255Z	spark2	LOAD	21.986	3.556
2026-09-28T12:10:44.393Z	spark1	LOAD	16.521	4.481
2026-09-28T12:10:44.505Z	spark2	LOAD	21.900	3.556
2026-09-28T12:10:44.644Z	spark1	LOAD	16.493	4.481
2026-09-28T12:10:44.755Z	spark2	LOAD	21.798	3.556
2026-09-28T12:10:44.894Z	spark1	LOAD	16.465	4.481
2026-09-28T12:10:45.016Z	spark2	LOAD	21.665	3.556
2026-09-28T12:10:45.161Z	spark1	LOAD	16.414	4.481
2026-09-28T12:10:45.266Z	spark2	LOAD	21.551	3.556
2026-09-28T12:10:45.411Z	spark1	LOAD	16.382	4.481
2026-09-28T12:10:45.517Z	spark2	LOAD	21.420	3.556
2026-09-28T12:10:45.662Z	spark1	LOAD	16.351	4.481
2026-09-28T12:10:45.767Z	spark2	LOAD	21.320	3.556
2026-09-28T12:10:45.912Z	spark1	LOAD	16.322	4.481
2026-09-28T12:10:46.028Z	spark2	LOAD	21.224	3.556
2026-09-28T12:10:46.179Z	spark1	LOAD	16.289	4.481
2026-09-28T12:10:46.277Z	spark2	LOAD	21.117	3.556
2026-09-28T12:10:46.430Z	spark1	LOAD	16.250	4.481
2026-09-28T12:10:46.528Z	spark2	LOAD	20.988	3.556
2026-09-28T12:10:46.680Z	spark1	LOAD	16.219	4.481
2026-09-28T12:10:46.778Z	spark2	LOAD	20.471	3.556
2026-09-28T12:10:46.931Z	spark1	LOAD	16.186	4.481
2026-09-28T12:10:47.043Z	spark2	LOAD	20.633	3.721
2026-09-28T12:10:47.193Z	spark1	LOAD	16.188	4.482
2026-09-28T12:10:47.293Z	spark2	LOAD	21.019	3.732
2026-09-28T12:10:47.444Z	spark1	LOAD	16.954	4.611
2026-09-28T12:10:47.544Z	spark2	LOAD	20.986	3.732
2026-09-28T12:10:47.694Z	spark1	LOAD	16.919	4.611
2026-09-28T12:10:47.795Z	spark2	LOAD	20.981	3.733
2026-09-28T12:10:47.944Z	spark1	LOAD	17.031	4.740
2026-09-28T12:10:48.059Z	spark2	LOAD	20.962	3.734
2026-09-28T12:10:48.212Z	spark1	LOAD	16.984	4.740
2026-09-28T12:10:48.309Z	spark2	LOAD	20.956	3.735
2026-09-28T12:10:48.463Z	spark1	LOAD	16.952	4.740
2026-09-28T12:10:48.560Z	spark2	LOAD	20.529	3.736
2026-09-28T12:10:48.713Z	spark1	LOAD	16.667	4.740
2026-09-28T12:10:48.810Z	spark2	LOAD	20.533	3.736
2026-09-28T12:10:48.963Z	spark1	LOAD	17.046	4.879
2026-09-28T12:10:49.071Z	spark2	LOAD	20.533	3.738
2026-09-28T12:10:49.230Z	spark1	LOAD	16.962	4.879
2026-09-28T12:10:49.321Z	spark2	LOAD	20.527	3.738
2026-09-28T12:10:49.481Z	spark1	LOAD	17.094	4.981
2026-09-28T12:10:49.572Z	spark2	LOAD	20.937	3.744
2026-09-28T12:10:49.731Z	spark1	LOAD	17.083	5.005
2026-09-28T12:10:49.822Z	spark2	LOAD	20.913	3.744
2026-09-28T12:10:49.982Z	spark1	LOAD	17.805	5.005
2026-09-28T12:10:50.083Z	spark2	LOAD	20.829	3.744
2026-09-28T12:10:50.251Z	spark1	LOAD	19.322	5.005
2026-09-28T12:10:50.334Z	spark2	LOAD	20.746	3.744
2026-09-28T12:10:50.501Z	spark1	LOAD	19.931	5.005
2026-09-28T12:10:50.584Z	spark2	LOAD	20.631	3.744
2026-09-28T12:10:50.751Z	spark1	LOAD	19.380	5.005
2026-09-28T12:10:50.834Z	spark2	LOAD	20.497	3.744
2026-09-28T12:10:51.002Z	spark1	LOAD	19.872	5.008
2026-09-28T12:10:51.095Z	spark2	LOAD	20.389	3.745
2026-09-28T12:10:51.265Z	spark1	LOAD	19.840	5.008
2026-09-28T12:10:51.345Z	spark2	LOAD	20.221	3.745
2026-09-28T12:10:51.515Z	spark1	LOAD	19.808	5.008
2026-09-28T12:10:51.595Z	spark2	LOAD	19.764	3.745
2026-09-28T12:10:51.765Z	spark1	LOAD	19.778	5.008
2026-09-28T12:10:51.845Z	spark2	LOAD	20.994	3.745
2026-09-28T12:10:52.015Z	spark1	LOAD	19.746	5.008
2026-09-28T12:10:52.111Z	spark2	LOAD	22.557	3.745
2026-09-28T12:10:52.282Z	spark1	LOAD	19.714	5.008
2026-09-28T12:10:52.361Z	spark2	LOAD	22.472	3.745
2026-09-28T12:10:52.533Z	spark1	LOAD	19.688	5.008
2026-09-28T12:10:52.612Z	spark2	LOAD	22.385	3.745
2026-09-28T12:10:52.783Z	spark1	LOAD	19.662	5.008
2026-09-28T12:10:52.862Z	spark2	LOAD	22.313	3.745
2026-09-28T12:10:53.033Z	spark1	LOAD	19.614	5.008
2026-09-28T12:10:53.123Z	spark2	LOAD	22.216	3.745
2026-09-28T12:10:53.296Z	spark1	LOAD	19.331	5.008
2026-09-28T12:10:53.373Z	spark2	LOAD	22.135	3.745
2026-09-28T12:10:53.546Z	spark1	LOAD	19.223	5.072
2026-09-28T12:10:53.623Z	spark2	LOAD	22.055	3.745
2026-09-28T12:10:53.796Z	spark1	LOAD	19.671	5.114
2026-09-28T12:10:53.874Z	spark2	LOAD	21.968	3.745
2026-09-28T12:10:54.047Z	spark1	LOAD	19.664	5.126
2026-09-28T12:10:54.134Z	spark2	LOAD	21.866	3.745
2026-09-28T12:10:54.310Z	spark1	LOAD	19.743	5.220
2026-09-28T12:10:54.384Z	spark2	LOAD	21.738	3.745
2026-09-28T12:10:54.560Z	spark1	LOAD	19.850	5.340
2026-09-28T12:10:54.634Z	spark2	LOAD	21.641	3.745
2026-09-28T12:10:54.811Z	spark1	LOAD	19.927	5.428
2026-09-28T12:10:54.885Z	spark2	LOAD	21.550	3.745
2026-09-28T12:10:55.061Z	spark1	LOAD	19.966	5.483
2026-09-28T12:10:55.144Z	spark2	LOAD	21.455	3.745
2026-09-28T12:10:55.326Z	spark1	LOAD	20.032	5.578
2026-09-28T12:10:55.394Z	spark2	LOAD	21.806	3.745
2026-09-28T12:10:55.576Z	spark1	LOAD	19.981	5.578
2026-09-28T12:10:55.645Z	spark2	LOAD	21.727	3.746
2026-09-28T12:10:55.826Z	spark1	LOAD	19.969	5.578
2026-09-28T12:10:55.895Z	spark2	LOAD	21.623	3.746
2026-09-28T12:10:56.077Z	spark1	LOAD	19.934	5.578
2026-09-28T12:10:56.160Z	spark2	LOAD	21.100	3.746
2026-09-28T12:10:56.344Z	spark1	LOAD	19.894	5.578
2026-09-28T12:10:56.410Z	spark2	LOAD	21.445	3.747
2026-09-28T12:10:56.594Z	spark1	LOAD	19.860	5.578
2026-09-28T12:10:56.660Z	spark2	LOAD	21.343	3.747
2026-09-28T12:10:56.845Z	spark1	LOAD	19.818	5.578
2026-09-28T12:10:56.910Z	spark2	LOAD	21.241	3.747
2026-09-28T12:10:57.095Z	spark1	LOAD	19.786	5.578
2026-09-28T12:10:57.175Z	spark2	LOAD	21.160	3.748
2026-09-28T12:10:57.362Z	spark1	LOAD	19.751	5.578
2026-09-28T12:10:57.425Z	spark2	LOAD	21.061	3.749
2026-09-28T12:10:57.613Z	spark1	LOAD	19.699	5.578
2026-09-28T12:10:57.675Z	spark2	LOAD	20.995	3.749
2026-09-28T12:10:57.863Z	spark1	LOAD	19.669	5.578
2026-09-28T12:10:57.925Z	spark2	LOAD	20.921	3.749
2026-09-28T12:10:58.113Z	spark1	LOAD	19.619	5.578
2026-09-28T12:10:58.190Z	spark2	LOAD	20.853	3.749
2026-09-28T12:10:58.380Z	spark1	LOAD	19.592	5.578
2026-09-28T12:10:58.440Z	spark2	LOAD	20.781	3.749
2026-09-28T12:10:58.631Z	spark1	LOAD	19.558	5.578
2026-09-28T12:10:58.690Z	spark2	LOAD	20.686	3.749
2026-09-28T12:10:58.881Z	spark1	LOAD	19.526	5.578
2026-09-28T12:10:58.941Z	spark2	LOAD	20.589	3.749
2026-09-28T12:10:59.131Z	spark1	LOAD	19.494	5.578
2026-09-28T12:10:59.201Z	spark2	LOAD	21.156	3.749
2026-09-28T12:10:59.398Z	spark1	LOAD	19.462	5.578
2026-09-28T12:10:59.451Z	spark2	LOAD	22.727	3.749
2026-09-28T12:10:59.648Z	spark1	LOAD	19.390	5.578
2026-09-28T12:10:59.701Z	spark2	LOAD	22.770	3.749
2026-09-28T12:10:59.899Z	spark1	LOAD	19.355	5.578
2026-09-28T12:10:59.952Z	spark2	LOAD	22.739	3.749
2026-09-28T12:11:00.149Z	spark1	LOAD	19.328	5.578
2026-09-28T12:11:00.216Z	spark2	LOAD	22.695	3.749
2026-09-28T12:11:00.416Z	spark1	LOAD	19.252	5.578
2026-09-28T12:11:00.466Z	spark2	LOAD	22.607	3.749
2026-09-28T12:11:00.667Z	spark1	LOAD	19.215	5.578
2026-09-28T12:11:00.717Z	spark2	LOAD	22.496	3.749
2026-09-28T12:11:00.917Z	spark1	LOAD	19.184	5.578
2026-09-28T12:11:00.967Z	spark2	LOAD	22.359	3.749
2026-09-28T12:11:01.168Z	spark1	LOAD	19.153	5.578
2026-09-28T12:11:01.231Z	spark2	LOAD	22.248	3.749
2026-09-28T12:11:01.430Z	spark1	LOAD	19.122	5.578
2026-09-28T12:11:01.481Z	spark2	LOAD	22.098	3.749
2026-09-28T12:11:01.680Z	spark1	LOAD	19.068	5.578
2026-09-28T12:11:01.731Z	spark2	LOAD	22.032	3.748
2026-09-28T12:11:01.931Z	spark1	LOAD	19.044	5.578
2026-09-28T12:11:01.982Z	spark2	LOAD	21.503	3.748
2026-09-28T12:11:02.182Z	spark1	LOAD	19.028	5.578
2026-09-28T12:11:02.247Z	spark2	LOAD	21.391	3.748
2026-09-28T12:11:02.443Z	spark1	LOAD	18.998	5.578
2026-09-28T12:11:02.497Z	spark2	LOAD	21.228	3.749
2026-09-28T12:11:02.694Z	spark1	LOAD	18.967	5.578
2026-09-28T12:11:02.747Z	spark2	LOAD	21.562	3.749
2026-09-28T12:11:02.944Z	spark1	LOAD	18.940	5.578
2026-09-28T12:11:02.998Z	spark2	LOAD	21.459	3.749
2026-09-28T12:11:03.194Z	spark1	LOAD	18.900	5.578
2026-09-28T12:11:03.262Z	spark2	LOAD	21.349	3.750
2026-09-28T12:11:03.461Z	spark1	LOAD	18.275	5.578
2026-09-28T12:11:03.512Z	spark2	LOAD	21.240	3.750
2026-09-28T12:11:03.711Z	spark1	LOAD	18.213	5.578
2026-09-28T12:11:03.763Z	spark2	LOAD	21.150	3.750
2026-09-28T12:11:03.962Z	spark1	LOAD	18.184	5.578
2026-09-28T12:11:04.013Z	spark2	LOAD	21.016	3.750
2026-09-28T12:11:04.212Z	spark1	LOAD	18.151	5.578
2026-09-28T12:11:04.278Z	spark2	LOAD	20.875	3.750
2026-09-28T12:11:04.478Z	spark1	LOAD	18.227	5.639
2026-09-28T12:11:04.528Z	spark2	LOAD	20.769	3.750
2026-09-28T12:11:04.729Z	spark1	LOAD	18.998	5.816
2026-09-28T12:11:04.778Z	spark2	LOAD	20.671	3.750
2026-09-28T12:11:04.979Z	spark1	LOAD	19.000	5.825
2026-09-28T12:11:05.028Z	spark2	LOAD	20.552	3.751
2026-09-28T12:11:05.230Z	spark1	LOAD	18.994	5.825
2026-09-28T12:11:05.293Z	spark2	LOAD	20.414	3.751
2026-09-28T12:11:05.498Z	spark1	LOAD	18.980	5.825
2026-09-28T12:11:05.544Z	spark2	LOAD	20.295	3.751
2026-09-28T12:11:05.748Z	spark1	LOAD	18.943	5.825
2026-09-28T12:11:05.794Z	spark2	LOAD	20.198	3.751
2026-09-28T12:11:05.998Z	spark1	LOAD	18.789	5.826
2026-09-28T12:11:06.045Z	spark2	LOAD	20.790	3.751
2026-09-28T12:11:06.249Z	spark1	LOAD	18.791	5.826
2026-09-28T12:11:06.305Z	spark2	LOAD	22.718	3.751
2026-09-28T12:11:06.517Z	spark1	LOAD	18.907	5.826
2026-09-28T12:11:06.555Z	spark2	LOAD	22.677	3.751
2026-09-28T12:11:06.768Z	spark1	LOAD	18.966	5.833
2026-09-28T12:11:06.806Z	spark2	LOAD	22.569	3.751
2026-09-28T12:11:07.018Z	spark1	LOAD	18.931	5.838
2026-09-28T12:11:07.056Z	spark2	LOAD	22.495	3.751
2026-09-28T12:11:07.268Z	spark1	LOAD	18.770	5.838
2026-09-28T12:11:07.320Z	spark2	LOAD	22.413	3.751
2026-09-28T12:11:07.537Z	spark1	LOAD	18.880	5.840
2026-09-28T12:11:07.570Z	spark2	LOAD	22.348	3.751
2026-09-28T12:11:07.787Z	spark1	LOAD	18.822	5.840
2026-09-28T12:11:07.822Z	spark2	LOAD	22.287	3.751
2026-09-28T12:11:08.038Z	spark1	LOAD	18.791	5.840
2026-09-28T12:11:08.071Z	spark2	LOAD	22.247	3.751
2026-09-28T12:11:08.288Z	spark1	LOAD	18.777	5.840
2026-09-28T12:11:08.332Z	spark2	LOAD	22.205	3.751
2026-09-28T12:11:08.551Z	spark1	LOAD	18.734	5.841
2026-09-28T12:11:08.582Z	spark2	LOAD	22.153	3.751
2026-09-28T12:11:08.802Z	spark1	LOAD	18.697	5.841
2026-09-28T12:11:08.833Z	spark2	LOAD	22.064	3.751
2026-09-28T12:11:09.052Z	spark1	LOAD	18.675	5.842
2026-09-28T12:11:09.083Z	spark2	LOAD	21.971	3.751
2026-09-28T12:11:09.303Z	spark1	LOAD	18.652	5.842
2026-09-28T12:11:09.347Z	spark2	LOAD	21.626	3.751
2026-09-28T12:11:09.566Z	spark1	LOAD	18.606	5.843
2026-09-28T12:11:09.597Z	spark2	LOAD	21.428	3.751
2026-09-28T12:11:09.816Z	spark1	LOAD	18.560	5.844
2026-09-28T12:11:09.848Z	spark2	LOAD	21.344	3.751
2026-09-28T12:11:10.066Z	spark1	LOAD	18.538	5.846
2026-09-28T12:11:10.099Z	spark2	LOAD	21.254	3.751
2026-09-28T12:11:10.316Z	spark1	LOAD	18.504	5.847
2026-09-28T12:11:10.359Z	spark2	LOAD	21.600	3.752
2026-09-28T12:11:10.585Z	spark1	LOAD	18.479	5.848
2026-09-28T12:11:10.610Z	spark2	LOAD	21.511	3.753
2026-09-28T12:11:10.835Z	spark1	LOAD	18.461	5.854
2026-09-28T12:11:10.860Z	spark2	LOAD	21.417	3.753
2026-09-28T12:11:11.086Z	spark1	LOAD	18.424	5.854
2026-09-28T12:11:11.110Z	spark2	LOAD	21.331	3.753
2026-09-28T12:11:11.336Z	spark1	LOAD	18.390	5.854
2026-09-28T12:11:11.371Z	spark2	LOAD	21.234	3.753
2026-09-28T12:11:11.598Z	spark1	LOAD	18.353	5.857
2026-09-28T12:11:11.621Z	spark2	LOAD	21.147	3.753
2026-09-28T12:11:11.848Z	spark1	LOAD	18.285	5.856
2026-09-28T12:11:11.872Z	spark2	LOAD	21.106	3.753
2026-09-28T12:11:12.098Z	spark1	LOAD	18.241	5.860
2026-09-28T12:11:12.122Z	spark2	LOAD	21.014	3.756
2026-09-28T12:11:12.349Z	spark1	LOAD	18.220	5.860
2026-09-28T12:11:12.382Z	spark2	LOAD	20.982	3.808
2026-09-28T12:11:12.617Z	spark1	LOAD	18.185	5.860
2026-09-28T12:11:12.632Z	spark2	LOAD	21.075	3.954
2026-09-28T12:11:12.867Z	spark1	LOAD	17.954	5.860
2026-09-28T12:11:12.882Z	spark2	LOAD	21.055	4.015
2026-09-28T12:11:13.118Z	spark1	LOAD	18.151	5.866
2026-09-28T12:11:13.133Z	spark2	LOAD	20.958	4.012
2026-09-28T12:11:13.368Z	spark1	LOAD	17.527	5.866
2026-09-28T12:11:13.399Z	spark2	LOAD	21.868	4.012
2026-09-28T12:11:13.635Z	spark1	LOAD	18.815	5.866
2026-09-28T12:11:13.649Z	spark2	LOAD	23.152	4.012
2026-09-28T12:11:13.886Z	spark1	LOAD	20.325	5.866
2026-09-28T12:11:13.899Z	spark2	LOAD	23.117	4.012
2026-09-28T12:11:14.136Z	spark1	LOAD	20.273	5.866
2026-09-28T12:11:14.150Z	spark2	LOAD	23.022	4.012
2026-09-28T12:11:14.386Z	spark1	LOAD	20.246	5.866
2026-09-28T12:11:14.410Z	spark2	LOAD	22.913	4.012
2026-09-28T12:11:14.648Z	spark1	LOAD	20.211	5.866
2026-09-28T12:11:14.661Z	spark2	LOAD	22.816	4.012
2026-09-28T12:11:14.898Z	spark1	LOAD	20.176	5.866
2026-09-28T12:11:14.911Z	spark2	LOAD	22.708	4.012
2026-09-28T12:11:15.149Z	spark1	LOAD	20.828	5.873
2026-09-28T12:11:15.161Z	spark2	LOAD	22.593	4.012
2026-09-28T12:11:15.399Z	spark1	LOAD	20.823	5.873
2026-09-28T12:11:15.421Z	spark2	LOAD	22.468	4.012
2026-09-28T12:11:15.667Z	spark1	LOAD	20.821	5.873
2026-09-28T12:11:15.672Z	spark2	LOAD	22.351	4.012
2026-09-28T12:11:15.917Z	spark1	LOAD	20.819	5.873
2026-09-28T12:11:15.921Z	spark2	LOAD	22.258	4.012
2026-09-28T12:11:16.167Z	spark1	LOAD	20.807	5.873
2026-09-28T12:11:16.172Z	spark2	LOAD	22.137	4.012
2026-09-28T12:11:16.418Z	spark1	LOAD	20.787	5.874
2026-09-28T12:11:16.436Z	spark2	LOAD	21.997	4.009
2026-09-28T12:11:16.686Z	spark1	LOAD	20.754	5.874
2026-09-28T12:11:16.686Z	spark2	LOAD	21.858	4.009
2026-09-28T12:11:16.936Z	spark1	LOAD	20.721	5.874
2026-09-28T12:11:16.937Z	spark2	LOAD	21.598	4.009
2026-09-28T12:11:17.187Z	spark1	LOAD	20.679	5.874
2026-09-28T12:11:17.187Z	spark2	LOAD	21.716	4.011
2026-09-28T12:11:17.437Z	spark1	LOAD	20.648	5.874
2026-09-28T12:11:17.447Z	spark2	LOAD	21.179	4.011
2026-09-28T12:11:17.698Z	spark2	LOAD	21.506	4.013
2026-09-28T12:11:17.704Z	spark1	LOAD	20.610	5.874
2026-09-28T12:11:17.948Z	spark2	LOAD	20.964	4.013
2026-09-28T12:11:17.954Z	spark1	LOAD	20.570	5.874
2026-09-28T12:11:18.198Z	spark2	LOAD	21.269	4.013
2026-09-28T12:11:18.205Z	spark1	LOAD	20.519	5.874
2026-09-28T12:11:18.455Z	spark1	LOAD	20.483	5.874
2026-09-28T12:11:18.458Z	spark2	LOAD	21.142	4.015
2026-09-28T12:11:18.709Z	spark2	LOAD	21.039	4.020
2026-09-28T12:11:18.717Z	spark1	LOAD	20.460	5.874
2026-09-28T12:11:18.960Z	spark2	LOAD	20.938	4.020
2026-09-28T12:11:18.968Z	spark1	LOAD	20.427	5.874
2026-09-28T12:11:19.210Z	spark2	LOAD	20.846	4.021
2026-09-28T12:11:19.218Z	spark1	LOAD	20.399	5.874
2026-09-28T12:11:19.468Z	spark1	LOAD	20.368	5.874
2026-09-28T12:11:19.475Z	spark2	LOAD	20.732	4.021
2026-09-28T12:11:19.725Z	spark2	LOAD	20.634	4.021
2026-09-28T12:11:19.730Z	spark1	LOAD	20.330	5.874
2026-09-28T12:11:19.975Z	spark2	LOAD	20.524	4.022
2026-09-28T12:11:19.980Z	spark1	LOAD	20.293	5.874
2026-09-28T12:11:20.226Z	spark2	LOAD	20.918	4.022
2026-09-28T12:11:20.230Z	spark1	LOAD	20.221	5.874
2026-09-28T12:11:20.481Z	spark1	LOAD	20.209	5.873
2026-09-28T12:11:20.491Z	spark2	LOAD	22.519	4.022
2026-09-28T12:11:20.741Z	spark2	LOAD	22.750	4.022
2026-09-28T12:11:20.749Z	spark1	LOAD	20.175	5.873
2026-09-28T12:11:20.992Z	spark2	LOAD	22.734	4.022
2026-09-28T12:11:20.999Z	spark1	LOAD	20.143	5.873
2026-09-28T12:11:21.242Z	spark2	LOAD	22.722	4.022
2026-09-28T12:11:21.250Z	spark1	LOAD	20.117	5.873
2026-09-28T12:11:21.500Z	spark1	LOAD	20.085	5.873
2026-09-28T12:11:21.506Z	spark2	LOAD	22.705	4.022
2026-09-28T12:11:21.757Z	spark2	LOAD	22.698	4.022
2026-09-28T12:11:21.767Z	spark1	LOAD	20.042	5.873
2026-09-28T12:11:22.007Z	spark2	LOAD	22.679	4.022
2026-09-28T12:11:22.017Z	spark1	LOAD	20.021	5.873
2026-09-28T12:11:22.257Z	spark2	LOAD	22.589	4.022
2026-09-28T12:11:22.267Z	spark1	LOAD	19.962	5.873
2026-09-28T12:11:22.518Z	spark1	LOAD	19.682	5.873
2026-09-28T12:11:22.521Z	spark2	LOAD	22.487	4.022
2026-09-28T12:11:22.772Z	spark2	LOAD	22.363	4.022
2026-09-28T12:11:22.783Z	spark1	LOAD	19.309	5.873
2026-09-28T12:11:23.021Z	spark2	LOAD	22.342	4.022
2026-09-28T12:11:23.033Z	spark1	LOAD	19.214	5.873
2026-09-28T12:11:23.272Z	spark2	LOAD	21.778	4.022
2026-09-28T12:11:23.284Z	spark1	LOAD	19.168	5.873
2026-09-28T12:11:23.534Z	spark1	LOAD	19.143	5.873
2026-09-28T12:11:23.537Z	spark2	LOAD	22.084	4.019
2026-09-28T12:11:23.787Z	spark2	LOAD	21.991	4.018
2026-09-28T12:11:23.796Z	spark1	LOAD	19.112	5.873
2026-09-28T12:11:24.038Z	spark2	LOAD	21.479	4.016
2026-09-28T12:11:24.046Z	spark1	LOAD	19.051	5.873
2026-09-28T12:11:24.288Z	spark2	LOAD	21.361	4.013
2026-09-28T12:11:24.297Z	spark1	LOAD	19.000	5.873
2026-09-28T12:11:24.547Z	spark1	LOAD	18.963	5.873
2026-09-28T12:11:24.548Z	spark2	LOAD	21.689	4.010
2026-09-28T12:11:24.799Z	spark2	LOAD	21.593	4.010
2026-09-28T12:11:24.814Z	spark1	LOAD	18.922	5.873
2026-09-28T12:11:25.049Z	spark2	LOAD	21.497	4.010
2026-09-28T12:11:25.065Z	spark1	LOAD	18.887	5.873
2026-09-28T12:11:25.299Z	spark2	LOAD	21.412	4.011
2026-09-28T12:11:25.315Z	spark1	LOAD	19.568	5.879
2026-09-28T12:11:25.563Z	spark2	LOAD	21.298	4.012
2026-09-28T12:11:25.565Z	spark1	LOAD	19.538	5.885
2026-09-28T12:11:25.813Z	spark2	LOAD	21.209	4.013
2026-09-28T12:11:25.829Z	spark1	LOAD	19.505	5.891
2026-09-28T12:11:26.063Z	spark2	LOAD	21.119	4.013
2026-09-28T12:11:26.080Z	spark1	LOAD	19.476	5.893
2026-09-28T12:11:26.314Z	spark2	LOAD	21.017	4.013
2026-09-28T12:11:26.330Z	spark1	LOAD	19.424	5.898
2026-09-28T12:11:26.578Z	spark2	LOAD	20.901	4.015
2026-09-28T12:11:26.580Z	spark1	LOAD	19.419	5.902
2026-09-28T12:11:26.829Z	spark2	LOAD	20.813	4.016
2026-09-28T12:11:26.843Z	spark1	LOAD	19.340	5.907
2026-09-28T12:11:27.080Z	spark2	LOAD	22.251	4.016
2026-09-28T12:11:27.093Z	spark1	LOAD	19.351	5.910
2026-09-28T12:11:27.330Z	spark2	LOAD	22.736	4.016
2026-09-28T12:11:27.343Z	spark1	LOAD	19.301	5.914
2026-09-28T12:11:27.593Z	spark1	LOAD	19.285	5.920
2026-09-28T12:11:27.594Z	spark2	LOAD	22.626	4.016
2026-09-28T12:11:27.845Z	spark2	LOAD	22.529	4.016
2026-09-28T12:11:27.864Z	spark1	LOAD	19.254	5.924
2026-09-28T12:11:28.095Z	spark2	LOAD	22.439	4.016
2026-09-28T12:11:28.114Z	spark1	LOAD	18.625	5.924
2026-09-28T12:11:28.346Z	spark2	LOAD	22.337	4.016
2026-09-28T12:11:28.365Z	spark1	LOAD	18.921	5.928
2026-09-28T12:11:28.610Z	spark2	LOAD	22.216	4.016
2026-09-28T12:11:28.615Z	spark1	LOAD	19.157	5.933
2026-09-28T12:11:28.861Z	spark2	LOAD	22.096	4.016
2026-09-28T12:11:28.883Z	spark1	LOAD	19.155	5.933
2026-09-28T12:11:29.111Z	spark2	LOAD	22.007	4.016
2026-09-28T12:11:29.134Z	spark1	LOAD	18.548	5.933
2026-09-28T12:11:29.361Z	spark2	LOAD	21.954	4.016
2026-09-28T12:11:29.384Z	spark1	LOAD	19.111	5.934
2026-09-28T12:11:29.625Z	spark2	LOAD	22.304	4.018
2026-09-28T12:11:29.634Z	spark1	LOAD	19.094	5.934
2026-09-28T12:11:29.876Z	spark2	LOAD	22.213	4.018
2026-09-28T12:11:29.904Z	spark1	LOAD	19.056	5.934
2026-09-28T12:11:30.127Z	spark2	LOAD	22.088	4.020
2026-09-28T12:11:30.154Z	spark1	LOAD	18.814	5.934
2026-09-28T12:11:30.377Z	spark2	LOAD	22.013	4.020
2026-09-28T12:11:30.404Z	spark1	LOAD	18.996	5.938
2026-09-28T12:11:30.638Z	spark2	LOAD	21.918	4.022
2026-09-28T12:11:30.655Z	spark1	LOAD	18.963	5.938
2026-09-28T12:11:30.888Z	spark2	LOAD	21.280	4.022
2026-09-28T12:11:30.925Z	spark1	LOAD	18.922	5.938
2026-09-28T12:11:31.138Z	spark2	LOAD	21.441	4.022
2026-09-28T12:11:31.175Z	spark1	LOAD	18.990	6.037
2026-09-28T12:11:31.388Z	spark2	LOAD	21.516	4.022
2026-09-28T12:11:31.425Z	spark1	LOAD	19.032	6.114
2026-09-28T12:11:31.652Z	spark2	LOAD	20.960	4.022
2026-09-28T12:11:31.675Z	spark1	LOAD	18.999	6.114
2026-09-28T12:11:31.902Z	spark2	LOAD	21.388	4.022
2026-09-28T12:11:31.943Z	spark1	LOAD	18.959	6.114
2026-09-28T12:11:32.152Z	spark2	LOAD	21.273	4.022
2026-09-28T12:11:32.194Z	spark1	LOAD	18.921	6.114
2026-09-28T12:11:32.403Z	spark2	LOAD	21.161	4.022
2026-09-28T12:11:32.444Z	spark1	LOAD	18.883	6.114
2026-09-28T12:11:32.662Z	spark2	LOAD	21.049	4.022
2026-09-28T12:11:32.694Z	spark1	LOAD	18.823	6.114
2026-09-28T12:11:32.913Z	spark2	LOAD	20.936	4.022
2026-09-28T12:11:32.962Z	spark1	LOAD	18.820	6.114
2026-09-28T12:11:33.163Z	spark2	LOAD	20.802	4.022
2026-09-28T12:11:33.212Z	spark1	LOAD	18.771	6.114
2026-09-28T12:11:33.413Z	spark2	LOAD	20.727	4.022
2026-09-28T12:11:33.462Z	spark1	LOAD	18.737	6.114
2026-09-28T12:11:33.679Z	spark2	LOAD	20.646	4.062
2026-09-28T12:11:33.713Z	spark1	LOAD	18.699	6.114
2026-09-28T12:11:33.929Z	spark2	LOAD	21.699	4.062
2026-09-28T12:11:33.976Z	spark1	LOAD	18.643	6.114
2026-09-28T12:11:34.180Z	spark2	LOAD	23.088	4.062
2026-09-28T12:11:34.226Z	spark1	LOAD	18.203	6.114
2026-09-28T12:11:34.430Z	spark2	LOAD	23.241	4.061
2026-09-28T12:11:34.476Z	spark1	LOAD	18.011	6.114
2026-09-28T12:11:34.691Z	spark2	LOAD	23.131	4.057
2026-09-28T12:11:34.726Z	spark1	LOAD	18.059	6.175
2026-09-28T12:11:34.941Z	spark2	LOAD	23.024	4.056
2026-09-28T12:11:34.989Z	spark1	LOAD	18.677	6.266
2026-09-28T12:11:35.191Z	spark2	LOAD	22.922	4.053
2026-09-28T12:11:35.239Z	spark1	LOAD	18.769	6.395
2026-09-28T12:11:35.441Z	spark2	LOAD	22.839	4.051
2026-09-28T12:11:35.489Z	spark1	LOAD	18.822	6.485
2026-09-28T12:11:35.701Z	spark2	LOAD	22.758	4.051
2026-09-28T12:11:35.740Z	spark1	LOAD	18.871	6.568
2026-09-28T12:11:35.952Z	spark2	LOAD	22.689	4.051
2026-09-28T12:11:36.008Z	spark1	LOAD	18.934	6.668
2026-09-28T12:11:36.202Z	spark2	LOAD	22.588	4.051
2026-09-28T12:11:36.259Z	spark1	LOAD	18.939	6.707
2026-09-28T12:11:36.452Z	spark2	LOAD	22.461	4.051
2026-09-28T12:11:36.509Z	spark1	LOAD	19.053	6.854
2026-09-28T12:11:36.712Z	spark2	LOAD	22.356	4.051
2026-09-28T12:11:36.760Z	spark1	LOAD	19.126	6.945
2026-09-28T12:11:36.963Z	spark2	LOAD	22.262	4.051
2026-09-28T12:11:37.023Z	spark1	LOAD	19.210	7.069
2026-09-28T12:11:37.213Z	spark2	LOAD	22.159	4.051
2026-09-28T12:11:37.273Z	spark1	LOAD	19.250	7.132
2026-09-28T12:11:37.464Z	spark2	LOAD	22.061	4.051
2026-09-28T12:11:37.524Z	spark1	LOAD	19.327	7.232
2026-09-28T12:11:37.728Z	spark2	LOAD	21.924	4.051
2026-09-28T12:11:37.774Z	spark1	LOAD	19.361	7.297
2026-09-28T12:11:37.978Z	spark2	LOAD	21.822	4.051
2026-09-28T12:11:38.042Z	spark1	LOAD	19.053	7.297
2026-09-28T12:11:38.228Z	spark2	LOAD	21.732	4.051
2026-09-28T12:11:38.292Z	spark1	LOAD	19.336	7.322
2026-09-28T12:11:38.479Z	spark2	LOAD	21.627	4.051
2026-09-28T12:11:38.543Z	spark1	LOAD	19.299	7.322
2026-09-28T12:11:38.738Z	spark2	LOAD	21.523	4.051
2026-09-28T12:11:38.793Z	spark1	LOAD	19.246	7.322
2026-09-28T12:11:38.989Z	spark2	LOAD	21.442	4.051
2026-09-28T12:11:39.056Z	spark1	LOAD	19.209	7.322
2026-09-28T12:11:39.240Z	spark2	LOAD	21.344	4.051
2026-09-28T12:11:39.306Z	spark1	LOAD	19.021	7.322
2026-09-28T12:11:39.490Z	spark2	LOAD	20.802	4.051
2026-09-28T12:11:39.556Z	spark1	LOAD	19.186	7.328
2026-09-28T12:11:39.750Z	spark2	LOAD	21.274	4.111
2026-09-28T12:11:39.806Z	spark1	LOAD	20.206	7.327
2026-09-28T12:11:40.000Z	spark2	LOAD	21.189	4.113
2026-09-28T12:11:40.070Z	spark1	LOAD	22.015	7.327
2026-09-28T12:11:40.252Z	spark2	LOAD	21.082	4.113
2026-09-28T12:11:40.321Z	spark1	LOAD	22.417	7.327
2026-09-28T12:11:40.501Z	spark2	LOAD	20.981	4.113
2026-09-28T12:11:40.571Z	spark1	LOAD	22.388	7.327
2026-09-28T12:11:40.769Z	spark2	LOAD	22.142	4.113
2026-09-28T12:11:40.821Z	spark1	LOAD	22.329	7.327
2026-09-28T12:11:41.020Z	spark2	LOAD	23.345	4.113
2026-09-28T12:11:41.088Z	spark1	LOAD	22.294	7.327
2026-09-28T12:11:41.270Z	spark2	LOAD	23.285	4.113
2026-09-28T12:11:41.339Z	spark1	LOAD	22.260	7.327
2026-09-28T12:11:41.520Z	spark2	LOAD	23.192	4.113
2026-09-28T12:11:41.589Z	spark1	LOAD	22.226	7.327
2026-09-28T12:11:41.780Z	spark2	LOAD	23.088	4.113
2026-09-28T12:11:41.839Z	spark1	LOAD	22.193	7.327
2026-09-28T12:11:42.030Z	spark2	LOAD	23.000	4.113
2026-09-28T12:11:42.101Z	spark1	LOAD	22.159	7.327
2026-09-28T12:11:42.281Z	spark2	LOAD	22.901	4.113
2026-09-28T12:11:42.351Z	spark1	LOAD	22.128	7.327
2026-09-28T12:11:42.531Z	spark2	LOAD	22.809	4.113
2026-09-28T12:11:42.602Z	spark1	LOAD	21.756	7.327
2026-09-28T12:11:42.791Z	spark2	LOAD	22.678	4.113
2026-09-28T12:11:42.852Z	spark1	LOAD	21.539	7.327
2026-09-28T12:11:43.042Z	spark2	LOAD	22.562	4.113
2026-09-28T12:11:43.119Z	spark1	LOAD	21.467	7.327
2026-09-28T12:11:43.291Z	spark2	LOAD	22.447	4.113
2026-09-28T12:11:43.370Z	spark1	LOAD	22.004	7.328
2026-09-28T12:11:43.542Z	spark2	LOAD	22.329	4.113
2026-09-28T12:11:43.620Z	spark1	LOAD	21.984	7.328
2026-09-28T12:11:43.802Z	spark2	LOAD	22.219	4.113
2026-09-28T12:11:43.871Z	spark1	LOAD	21.945	7.328
2026-09-28T12:11:44.053Z	spark2	LOAD	22.106	4.113
2026-09-28T12:11:44.133Z	spark1	LOAD	21.914	7.328
2026-09-28T12:11:44.302Z	spark2	LOAD	21.568	4.113
2026-09-28T12:11:44.383Z	spark1	LOAD	21.886	7.327
2026-09-28T12:11:44.552Z	spark2	LOAD	21.516	4.115
2026-09-28T12:11:44.633Z	spark1	LOAD	21.848	7.327
2026-09-28T12:11:44.812Z	spark2	LOAD	21.805	4.116
2026-09-28T12:11:44.884Z	spark1	LOAD	21.801	7.327
2026-09-28T12:11:45.063Z	spark2	LOAD	21.372	4.116
2026-09-28T12:11:45.153Z	spark1	LOAD	21.765	7.327
2026-09-28T12:11:45.313Z	spark2	LOAD	21.540	4.118
2026-09-28T12:11:45.403Z	spark1	LOAD	21.694	7.327
2026-09-28T12:11:45.563Z	spark2	LOAD	21.452	4.119
2026-09-28T12:11:45.654Z	spark1	LOAD	21.662	7.327
2026-09-28T12:11:45.828Z	spark2	LOAD	21.309	4.117
2026-09-28T12:11:45.904Z	spark1	LOAD	21.627	7.327
2026-09-28T12:11:46.079Z	spark2	LOAD	21.154	4.114
2026-09-28T12:11:46.172Z	spark1	LOAD	21.593	7.327
2026-09-28T12:11:46.329Z	spark2	LOAD	21.054	4.114
2026-09-28T12:11:46.422Z	spark1	LOAD	21.543	7.327
2026-09-28T12:11:46.580Z	spark2	LOAD	20.944	4.112
2026-09-28T12:11:46.672Z	spark1	LOAD	21.516	7.327
2026-09-28T12:11:46.844Z	spark2	LOAD	20.796	4.110
2026-09-28T12:11:46.922Z	spark1	LOAD	21.430	7.327
2026-09-28T12:11:47.094Z	spark2	LOAD	20.685	4.109
2026-09-28T12:11:47.190Z	spark1	LOAD	21.401	7.327
2026-09-28T12:11:47.345Z	spark2	LOAD	20.610	4.109
2026-09-28T12:11:47.440Z	spark1	LOAD	21.375	7.327
2026-09-28T12:11:47.595Z	spark2	LOAD	21.934	4.109
2026-09-28T12:11:47.690Z	spark1	LOAD	21.349	7.327
2026-09-28T12:11:47.860Z	spark2	LOAD	22.737	4.109
2026-09-28T12:11:47.941Z	spark1	LOAD	21.321	7.327
2026-09-28T12:11:48.110Z	spark2	LOAD	22.726	4.109
2026-09-28T12:11:48.208Z	spark1	LOAD	21.293	7.327
2026-09-28T12:11:48.360Z	spark2	LOAD	22.676	4.109
2026-09-28T12:11:48.459Z	spark1	LOAD	21.254	7.327
2026-09-28T12:11:48.610Z	spark2	LOAD	22.598	4.109
2026-09-28T12:11:48.709Z	spark1	LOAD	21.227	7.327
2026-09-28T12:11:48.875Z	spark2	LOAD	22.503	4.109
2026-09-28T12:11:48.960Z	spark1	LOAD	21.177	7.327
2026-09-28T12:11:49.125Z	spark2	LOAD	22.389	4.109
2026-09-28T12:11:49.227Z	spark1	LOAD	21.148	7.327
2026-09-28T12:11:49.375Z	spark2	LOAD	22.330	4.109
2026-09-28T12:11:49.477Z	spark1	LOAD	21.119	7.327
2026-09-28T12:11:49.625Z	spark2	LOAD	22.299	4.109
2026-09-28T12:11:49.727Z	spark1	LOAD	20.612	7.327
2026-09-28T12:11:49.886Z	spark2	LOAD	22.187	4.109
2026-09-28T12:11:49.977Z	spark1	LOAD	20.481	7.327
2026-09-28T12:11:50.136Z	spark2	LOAD	22.062	4.109
2026-09-28T12:11:50.244Z	spark1	LOAD	20.445	7.327
2026-09-28T12:11:50.386Z	spark2	LOAD	21.946	4.109
2026-09-28T12:11:50.496Z	spark1	LOAD	21.009	7.328
2026-09-28T12:11:50.637Z	spark2	LOAD	21.646	4.109
2026-09-28T12:11:50.746Z	spark1	LOAD	20.970	7.328
2026-09-28T12:11:50.898Z	spark2	LOAD	21.950	4.111
2026-09-28T12:11:50.996Z	spark1	LOAD	20.940	7.328
2026-09-28T12:11:51.148Z	spark2	LOAD	21.842	4.111
2026-09-28T12:11:51.266Z	spark1	LOAD	20.881	7.328
2026-09-28T12:11:51.399Z	spark2	LOAD	21.739	4.112
2026-09-28T12:11:51.516Z	spark1	LOAD	20.847	7.328
2026-09-28T12:11:51.649Z	spark2	LOAD	21.317	4.112
2026-09-28T12:11:51.766Z	spark1	LOAD	20.814	7.328
2026-09-28T12:11:51.914Z	spark2	LOAD	21.063	4.112
2026-09-28T12:11:52.017Z	spark1	LOAD	20.760	7.328
2026-09-28T12:11:52.164Z	spark2	LOAD	20.970	4.113
2026-09-28T12:11:52.284Z	spark1	LOAD	20.352	7.328
2026-09-28T12:11:52.415Z	spark2	LOAD	21.324	4.116
2026-09-28T12:11:52.534Z	spark1	LOAD	20.429	7.328
2026-09-28T12:11:52.666Z	spark2	LOAD	21.209	4.117
2026-09-28T12:11:52.784Z	spark1	LOAD	20.397	7.327
2026-09-28T12:11:52.926Z	spark2	LOAD	21.085	4.117
2026-09-28T12:11:53.035Z	spark1	LOAD	20.366	7.327
2026-09-28T12:11:53.177Z	spark2	LOAD	20.939	4.117
2026-09-28T12:11:53.304Z	spark1	LOAD	20.678	7.328
2026-09-28T12:11:53.427Z	spark2	LOAD	20.823	4.118
2026-09-28T12:11:53.554Z	spark1	LOAD	20.643	7.328
2026-09-28T12:11:53.677Z	spark2	LOAD	20.710	4.120
2026-09-28T12:11:53.804Z	spark1	LOAD	20.612	7.328
2026-09-28T12:11:53.937Z	spark2	LOAD	20.584	4.120
2026-09-28T12:11:54.055Z	spark1	LOAD	20.581	7.328
2026-09-28T12:11:54.188Z	spark2	LOAD	21.345	4.120
2026-09-28T12:11:54.322Z	spark1	LOAD	20.147	7.328
2026-09-28T12:11:54.439Z	spark2	LOAD	23.139	4.120
2026-09-28T12:11:54.573Z	spark1	LOAD	20.521	7.329
2026-09-28T12:11:54.689Z	spark2	LOAD	23.109	4.120
2026-09-28T12:11:54.823Z	spark1	LOAD	20.489	7.329
2026-09-28T12:11:54.948Z	spark2	LOAD	23.067	4.120
2026-09-28T12:11:55.073Z	spark1	LOAD	20.445	7.329
2026-09-28T12:11:55.198Z	spark2	LOAD	22.965	4.120
2026-09-28T12:11:55.340Z	spark1	LOAD	19.805	7.329
2026-09-28T12:11:55.449Z	spark2	LOAD	22.866	4.120
2026-09-28T12:11:55.591Z	spark1	LOAD	19.769	7.329
2026-09-28T12:11:55.699Z	spark2	LOAD	22.762	4.120
2026-09-28T12:11:55.841Z	spark1	LOAD	20.329	7.329
2026-09-28T12:11:55.960Z	spark2	LOAD	22.652	4.120
2026-09-28T12:11:56.092Z	spark1	LOAD	20.296	7.329
2026-09-28T12:11:56.210Z	spark2	LOAD	22.549	4.120
2026-09-28T12:11:56.359Z	spark1	LOAD	20.241	7.329
2026-09-28T12:11:56.460Z	spark2	LOAD	22.439	4.120
2026-09-28T12:11:56.609Z	spark1	LOAD	20.230	7.329
2026-09-28T12:11:56.710Z	spark2	LOAD	22.335	4.120
2026-09-28T12:11:56.859Z	spark1	LOAD	19.614	7.329
2026-09-28T12:11:56.975Z	spark2	LOAD	21.777	4.117
2026-09-28T12:11:57.109Z	spark1	LOAD	20.159	7.329
2026-09-28T12:11:57.225Z	spark2	LOAD	21.638	4.114
2026-09-28T12:11:57.377Z	spark1	LOAD	20.087	7.329
2026-09-28T12:11:57.476Z	spark2	LOAD	21.933	4.112
2026-09-28T12:11:57.627Z	spark1	LOAD	20.063	7.329
2026-09-28T12:11:57.726Z	spark2	LOAD	21.426	4.109
2026-09-28T12:11:57.877Z	spark1	LOAD	19.430	7.329
2026-09-28T12:11:57.986Z	spark2	LOAD	21.290	4.107
2026-09-28T12:11:58.128Z	spark1	LOAD	19.429	7.330
2026-09-28T12:11:58.237Z	spark2	LOAD	21.600	4.107
2026-09-28T12:11:58.390Z	spark1	LOAD	19.947	7.330
2026-09-28T12:11:58.487Z	spark2	LOAD	21.083	4.107
2026-09-28T12:11:58.641Z	spark1	LOAD	19.916	7.330
2026-09-28T12:11:58.737Z	spark2	LOAD	21.405	4.107
2026-09-28T12:11:58.891Z	spark1	LOAD	19.884	7.330
2026-09-28T12:11:59.003Z	spark2	LOAD	21.351	4.107
2026-09-28T12:11:59.141Z	spark1	LOAD	19.852	7.330
2026-09-28T12:11:59.253Z	spark2	LOAD	21.235	4.107
2026-09-28T12:11:59.403Z	spark1	LOAD	19.792	7.330
2026-09-28T12:11:59.503Z	spark2	LOAD	21.121	4.107
2026-09-28T12:11:59.653Z	spark1	LOAD	19.756	7.330
2026-09-28T12:11:59.754Z	spark2	LOAD	21.021	4.107
2026-09-28T12:11:59.903Z	spark1	LOAD	19.756	7.330
2026-09-28T12:12:00.018Z	spark2	LOAD	20.875	4.107
2026-09-28T12:12:00.153Z	spark1	LOAD	19.721	7.330
2026-09-28T12:12:00.269Z	spark2	LOAD	20.765	4.107
2026-09-28T12:12:00.414Z	spark1	LOAD	19.501	7.330
2026-09-28T12:12:00.519Z	spark2	LOAD	20.679	4.107
2026-09-28T12:12:00.665Z	spark1	LOAD	19.081	7.330
2026-09-28T12:12:00.770Z	spark2	LOAD	21.555	4.107
2026-09-28T12:12:00.915Z	spark1	LOAD	19.594	7.328
2026-09-28T12:12:01.031Z	spark2	LOAD	23.006	4.107
2026-09-28T12:12:01.165Z	spark1	LOAD	19.120	7.328
2026-09-28T12:12:01.281Z	spark2	LOAD	23.300	4.107
2026-09-28T12:12:01.432Z	spark1	LOAD	18.926	7.328
2026-09-28T12:12:01.531Z	spark2	LOAD	23.195	4.107
2026-09-28T12:12:01.682Z	spark1	LOAD	18.893	7.328
2026-09-28T12:12:01.781Z	spark2	LOAD	23.088	4.107
2026-09-28T12:12:01.932Z	spark1	LOAD	18.863	7.328
2026-09-28T12:12:02.046Z	spark2	LOAD	22.984	4.107
2026-09-28T12:12:02.183Z	spark1	LOAD	18.849	7.328
2026-09-28T12:12:02.296Z	spark2	LOAD	22.831	4.107
2026-09-28T12:12:02.445Z	spark1	LOAD	19.404	7.328
2026-09-28T12:12:02.547Z	spark2	LOAD	22.739	4.107
2026-09-28T12:12:02.695Z	spark1	LOAD	19.375	7.328
2026-09-28T12:12:02.797Z	spark2	LOAD	22.634	4.107
2026-09-28T12:12:02.946Z	spark1	LOAD	19.374	7.328
2026-09-28T12:12:03.062Z	spark2	LOAD	22.511	4.107
2026-09-28T12:12:03.196Z	spark1	LOAD	19.343	7.328
2026-09-28T12:12:03.312Z	spark2	LOAD	22.400	4.107
2026-09-28T12:12:03.457Z	spark1	LOAD	19.263	7.328
2026-09-28T12:12:03.562Z	spark2	LOAD	22.327	4.107
2026-09-28T12:12:03.708Z	spark1	LOAD	19.905	7.328
2026-09-28T12:12:03.813Z	spark2	LOAD	22.218	4.107
2026-09-28T12:12:03.959Z	spark1	LOAD	21.545	7.328
2026-09-28T12:12:04.077Z	spark2	LOAD	22.134	4.107
2026-09-28T12:12:04.209Z	spark1	LOAD	22.382	7.328
2026-09-28T12:12:04.327Z	spark2	LOAD	22.021	4.107
2026-09-28T12:12:04.471Z	spark1	LOAD	22.359	7.328
2026-09-28T12:12:04.578Z	spark2	LOAD	21.517	4.107
2026-09-28T12:12:04.721Z	spark1	LOAD	22.327	7.328
2026-09-28T12:12:04.828Z	spark2	LOAD	21.843	4.109
2026-09-28T12:12:04.972Z	spark1	LOAD	22.296	7.328
2026-09-28T12:12:05.088Z	spark2	LOAD	21.714	4.109
2026-09-28T12:12:05.222Z	spark1	LOAD	22.260	7.328
2026-09-28T12:12:05.338Z	spark2	LOAD	21.665	4.127
2026-09-28T12:12:05.490Z	spark1	LOAD	22.202	7.328
2026-09-28T12:12:05.589Z	spark2	LOAD	21.598	4.157
2026-09-28T12:12:05.740Z	spark1	LOAD	22.251	7.328
2026-09-28T12:12:05.839Z	spark2	LOAD	21.487	4.157
2026-09-28T12:12:05.991Z	spark1	LOAD	22.215	7.328
2026-09-28T12:12:06.104Z	spark2	LOAD	21.364	4.157
2026-09-28T12:12:06.241Z	spark1	LOAD	22.178	7.328
2026-09-28T12:12:06.355Z	spark2	LOAD	21.262	4.157
2026-09-28T12:12:06.503Z	spark1	LOAD	22.144	7.328
2026-09-28T12:12:06.605Z	spark2	LOAD	21.195	4.157
2026-09-28T12:12:06.754Z	spark1	LOAD	22.113	7.328
2026-09-28T12:12:06.855Z	spark2	LOAD	21.096	4.157
2026-09-28T12:12:07.004Z	spark1	LOAD	22.078	7.328
2026-09-28T12:12:07.116Z	spark2	LOAD	20.987	4.157
2026-09-28T12:12:07.254Z	spark1	LOAD	22.053	7.328
2026-09-28T12:12:07.366Z	spark2	LOAD	20.889	4.157
2026-09-28T12:12:07.517Z	spark1	LOAD	22.001	7.328
2026-09-28T12:12:07.616Z	spark2	LOAD	20.780	4.157
2026-09-28T12:12:07.767Z	spark1	LOAD	21.902	7.327
2026-09-28T12:12:07.866Z	spark2	LOAD	22.079	4.157
2026-09-28T12:12:08.018Z	spark1	LOAD	21.869	7.327
2026-09-28T12:12:08.131Z	spark2	LOAD	23.297	4.154
2026-09-28T12:12:08.268Z	spark1	LOAD	21.838	7.327
2026-09-28T12:12:08.381Z	spark2	LOAD	23.188	4.151
2026-09-28T12:12:08.537Z	spark1	LOAD	21.794	7.327
2026-09-28T12:12:08.632Z	spark2	LOAD	23.040	4.151
2026-09-28T12:12:08.788Z	spark1	LOAD	21.768	7.327
2026-09-28T12:12:08.882Z	spark2	LOAD	22.937	4.151
2026-09-28T12:12:09.038Z	spark1	LOAD	21.714	7.327
2026-09-28T12:12:09.142Z	spark2	LOAD	22.884	4.147
2026-09-28T12:12:09.288Z	spark1	LOAD	21.678	7.327
2026-09-28T12:12:09.392Z	spark2	LOAD	22.797	4.145
2026-09-28T12:12:09.555Z	spark1	LOAD	21.635	7.327
2026-09-28T12:12:09.643Z	spark2	LOAD	22.707	4.142
2026-09-28T12:12:09.806Z	spark1	LOAD	21.585	7.327
2026-09-28T12:12:09.893Z	spark2	LOAD	22.568	4.142
2026-09-28T12:12:10.056Z	spark1	LOAD	21.556	7.327
2026-09-28T12:12:10.158Z	spark2	LOAD	22.447	4.142
2026-09-28T12:12:10.306Z	spark1	LOAD	21.537	7.327
2026-09-28T12:12:10.408Z	spark2	LOAD	22.341	4.142
2026-09-28T12:12:10.568Z	spark1	LOAD	21.503	7.327
2026-09-28T12:12:10.659Z	spark2	LOAD	22.263	4.144
2026-09-28T12:12:10.818Z	spark1	LOAD	21.475	7.327
2026-09-28T12:12:10.909Z	spark2	LOAD	22.121	4.145
2026-09-28T12:12:11.068Z	spark1	LOAD	21.444	7.327
2026-09-28T12:12:11.175Z	spark2	LOAD	22.050	4.148
2026-09-28T12:12:11.319Z	spark1	LOAD	21.414	7.327
2026-09-28T12:12:11.425Z	spark2	LOAD	21.938	4.150
2026-09-28T12:12:11.581Z	spark1	LOAD	21.379	7.327
2026-09-28T12:12:11.675Z	spark2	LOAD	21.821	4.150
2026-09-28T12:12:11.832Z	spark1	LOAD	21.314	7.327
2026-09-28T12:12:11.925Z	spark2	LOAD	21.699	4.151
2026-09-28T12:12:12.082Z	spark1	LOAD	21.288	7.327
2026-09-28T12:12:12.185Z	spark2	LOAD	21.565	4.151
2026-09-28T12:12:12.332Z	spark1	LOAD	21.260	7.327
2026-09-28T12:12:12.436Z	spark2	LOAD	21.432	4.154
2026-09-28T12:12:12.601Z	spark1	LOAD	21.226	7.327
2026-09-28T12:12:12.686Z	spark2	LOAD	21.323	4.154
2026-09-28T12:12:12.852Z	spark1	LOAD	21.199	7.327
2026-09-28T12:12:12.936Z	spark2	LOAD	21.211	4.155
2026-09-28T12:12:13.102Z	spark1	LOAD	21.165	7.327
2026-09-28T12:12:13.202Z	spark2	LOAD	21.104	4.156
2026-09-28T12:12:13.352Z	spark1	LOAD	21.119	7.327
2026-09-28T12:12:13.452Z	spark2	LOAD	20.669	4.156
2026-09-28T12:12:13.620Z	spark1	LOAD	21.080	7.327
2026-09-28T12:12:13.702Z	spark2	LOAD	20.390	4.156
2026-09-28T12:12:13.871Z	spark1	LOAD	21.016	7.327
2026-09-28T12:12:13.952Z	spark2	LOAD	20.262	4.156
2026-09-28T12:12:14.121Z	spark1	LOAD	20.988	7.327
2026-09-28T12:12:14.213Z	spark2	LOAD	20.621	4.160
2026-09-28T12:12:14.372Z	spark1	LOAD	20.962	7.327
2026-09-28T12:12:14.463Z	spark2	LOAD	20.833	4.160
2026-09-28T12:12:14.634Z	spark1	LOAD	20.934	7.327
2026-09-28T12:12:14.713Z	spark2	LOAD	22.810	4.160
2026-09-28T12:12:14.885Z	spark1	LOAD	20.908	7.327
2026-09-28T12:12:14.964Z	spark2	LOAD	23.083	4.160
2026-09-28T12:12:15.135Z	spark1	LOAD	20.882	7.327
2026-09-28T12:12:15.224Z	spark2	LOAD	22.993	4.160
2026-09-28T12:12:15.385Z	spark1	LOAD	20.853	7.327
2026-09-28T12:12:15.474Z	spark2	LOAD	22.890	4.160
2026-09-28T12:12:15.651Z	spark1	LOAD	20.822	7.327
2026-09-28T12:12:15.725Z	spark2	LOAD	22.814	4.160
2026-09-28T12:12:15.902Z	spark1	LOAD	20.765	7.327
2026-09-28T12:12:15.975Z	spark2	LOAD	22.751	4.160
2026-09-28T12:12:16.152Z	spark1	LOAD	20.734	7.327
2026-09-28T12:12:16.236Z	spark2	LOAD	22.692	4.160
2026-09-28T12:12:16.402Z	spark1	LOAD	20.707	7.327
2026-09-28T12:12:16.486Z	spark2	LOAD	22.677	4.160
2026-09-28T12:12:16.670Z	spark1	LOAD	20.676	7.327
2026-09-28T12:12:16.736Z	spark2	LOAD	22.606	4.160
2026-09-28T12:12:16.920Z	spark1	LOAD	20.646	7.327
2026-09-28T12:12:16.987Z	spark2	LOAD	22.528	4.160
2026-09-28T12:12:17.170Z	spark1	LOAD	20.655	7.327
2026-09-28T12:12:17.252Z	spark2	LOAD	22.434	4.160
2026-09-28T12:12:17.421Z	spark1	LOAD	20.623	7.327
2026-09-28T12:12:17.502Z	spark2	LOAD	22.318	4.160
2026-09-28T12:12:17.690Z	spark1	LOAD	20.217	7.327
2026-09-28T12:12:17.752Z	spark2	LOAD	22.228	4.160
2026-09-28T12:12:17.940Z	spark1	LOAD	19.954	7.327
2026-09-28T12:12:18.002Z	spark2	LOAD	22.127	4.160
2026-09-28T12:12:18.190Z	spark1	LOAD	19.922	7.327
2026-09-28T12:12:18.263Z	spark2	LOAD	22.032	4.160
2026-09-28T12:12:18.440Z	spark1	LOAD	19.883	7.327
2026-09-28T12:12:18.513Z	spark2	LOAD	21.614	4.160
2026-09-28T12:12:18.703Z	spark1	LOAD	19.848	7.327
2026-09-28T12:12:18.763Z	spark2	LOAD	21.960	4.161
2026-09-28T12:12:18.953Z	spark1	LOAD	19.816	7.327
2026-09-28T12:12:19.013Z	spark2	LOAD	21.729	4.163
2026-09-28T12:12:19.203Z	spark1	LOAD	19.722	7.326
2026-09-28T12:12:19.279Z	spark2	LOAD	21.273	4.163
2026-09-28T12:12:19.454Z	spark1	LOAD	19.676	7.326
2026-09-28T12:12:19.529Z	spark2	LOAD	21.598	4.163
2026-09-28T12:12:19.716Z	spark1	LOAD	19.638	7.326
2026-09-28T12:12:19.780Z	spark2	LOAD	21.475	4.161
2026-09-28T12:12:19.966Z	spark1	LOAD	19.585	7.327
2026-09-28T12:12:20.030Z	spark2	LOAD	21.388	4.160
2026-09-28T12:12:20.217Z	spark1	LOAD	20.100	7.327
2026-09-28T12:12:20.294Z	spark2	LOAD	21.267	4.159
2026-09-28T12:12:20.467Z	spark1	LOAD	20.074	7.327
2026-09-28T12:12:20.545Z	spark2	LOAD	21.137	4.156
2026-09-28T12:12:20.729Z	spark1	LOAD	20.164	7.327
2026-09-28T12:12:20.796Z	spark2	LOAD	21.068	4.153
2026-09-28T12:12:20.980Z	spark1	LOAD	20.135	7.327
2026-09-28T12:12:21.046Z	spark2	LOAD	20.960	4.153
2026-09-28T12:12:21.230Z	spark1	LOAD	20.098	7.327
2026-09-28T12:12:21.306Z	spark2	LOAD	21.803	4.153
2026-09-28T12:12:21.480Z	spark1	LOAD	20.046	7.327
2026-09-28T12:12:21.556Z	spark2	LOAD	23.305	4.153
2026-09-28T12:12:21.743Z	spark1	LOAD	19.879	7.327
2026-09-28T12:12:21.806Z	spark2	LOAD	23.214	4.153
2026-09-28T12:12:21.994Z	spark1	LOAD	19.961	7.327
2026-09-28T12:12:22.056Z	spark2	LOAD	23.109	4.153
2026-09-28T12:12:22.244Z	spark1	LOAD	19.763	7.327
2026-09-28T12:12:22.317Z	spark2	LOAD	23.014	4.153
2026-09-28T12:12:22.494Z	spark1	LOAD	19.893	7.327
2026-09-28T12:12:22.567Z	spark2	LOAD	22.920	4.153
2026-09-28T12:12:22.763Z	spark1	LOAD	19.855	7.327
2026-09-28T12:12:22.817Z	spark2	LOAD	22.811	4.153
2026-09-28T12:12:23.013Z	spark1	LOAD	19.577	7.327
2026-09-28T12:12:23.068Z	spark2	LOAD	22.705	4.153
2026-09-28T12:12:23.263Z	spark1	LOAD	19.806	7.328
2026-09-28T12:12:23.328Z	spark2	LOAD	22.615	4.153
2026-09-28T12:12:23.514Z	spark1	LOAD	19.762	7.328
2026-09-28T12:12:23.578Z	spark2	LOAD	22.501	4.153
2026-09-28T12:12:23.782Z	spark1	LOAD	19.734	7.328
2026-09-28T12:12:23.829Z	spark2	LOAD	22.408	4.153
2026-09-28T12:12:24.033Z	spark1	LOAD	19.676	7.328
2026-09-28T12:12:24.079Z	spark2	LOAD	22.314	4.153
2026-09-28T12:12:24.283Z	spark1	LOAD	19.645	7.328
2026-09-28T12:12:24.339Z	spark2	LOAD	22.211	4.153
2026-09-28T12:12:24.533Z	spark1	LOAD	19.612	7.328
2026-09-28T12:12:24.589Z	spark2	LOAD	22.104	4.153
2026-09-28T12:12:24.801Z	spark1	LOAD	19.558	7.328
2026-09-28T12:12:24.839Z	spark2	LOAD	21.575	4.154
2026-09-28T12:12:25.051Z	spark1	LOAD	19.560	7.328
2026-09-28T12:12:25.090Z	spark2	LOAD	21.439	4.154
2026-09-28T12:12:25.301Z	spark1	LOAD	19.537	7.328
2026-09-28T12:12:25.350Z	spark2	LOAD	21.726	4.154
2026-09-28T12:12:25.551Z	spark1	LOAD	19.458	7.328
2026-09-28T12:12:25.600Z	spark2	LOAD	21.660	4.154
2026-09-28T12:12:25.814Z	spark1	LOAD	19.465	7.328
2026-09-28T12:12:25.850Z	spark2	LOAD	21.427	4.155
2026-09-28T12:12:26.064Z	spark1	LOAD	19.437	7.328
2026-09-28T12:12:26.100Z	spark2	LOAD	21.445	4.156
2026-09-28T12:12:26.314Z	spark1	LOAD	19.408	7.328
2026-09-28T12:12:26.365Z	spark2	LOAD	21.323	4.156
2026-09-28T12:12:26.565Z	spark1	LOAD	19.363	7.328
2026-09-28T12:12:26.615Z	spark2	LOAD	21.007	4.158
2026-09-28T12:12:26.832Z	spark1	LOAD	19.326	7.328
2026-09-28T12:12:26.865Z	spark2	LOAD	20.666	4.158
2026-09-28T12:12:27.083Z	spark1	LOAD	19.290	7.328
2026-09-28T12:12:27.116Z	spark2	LOAD	20.548	4.158
2026-09-28T12:12:27.333Z	spark1	LOAD	19.255	7.328
2026-09-28T12:12:27.377Z	spark2	LOAD	20.861	4.163
2026-09-28T12:12:27.584Z	spark1	LOAD	19.315	7.398
2026-09-28T12:12:27.627Z	spark2	LOAD	20.808	4.164
2026-09-28T12:12:27.847Z	spark1	LOAD	19.390	7.507
2026-09-28T12:12:27.877Z	spark2	LOAD	21.208	4.164
2026-09-28T12:12:28.097Z	spark1	LOAD	19.362	7.507
2026-09-28T12:12:28.128Z	spark2	LOAD	22.634	4.164
2026-09-28T12:12:28.348Z	spark1	LOAD	19.655	7.505
2026-09-28T12:12:28.393Z	spark2	LOAD	23.374	4.164
2026-09-28T12:12:28.599Z	spark1	LOAD	21.286	7.505
2026-09-28T12:12:28.644Z	spark2	LOAD	23.313	4.164
2026-09-28T12:12:28.862Z	spark1	LOAD	22.556	7.505
2026-09-28T12:12:28.894Z	spark2	LOAD	23.204	4.164
2026-09-28T12:12:29.112Z	spark1	LOAD	22.522	7.505
2026-09-28T12:12:29.144Z	spark2	LOAD	23.128	4.164
2026-09-28T12:12:29.363Z	spark1	LOAD	22.556	7.560
2026-09-28T12:12:29.409Z	spark2	LOAD	23.063	4.164
2026-09-28T12:12:29.613Z	spark1	LOAD	22.520	7.560
2026-09-28T12:12:29.659Z	spark2	LOAD	22.958	4.164
2026-09-28T12:12:29.875Z	spark1	LOAD	22.482	7.560
2026-09-28T12:12:29.910Z	spark2	LOAD	22.879	4.164
2026-09-28T12:12:30.125Z	spark1	LOAD	22.448	7.560
2026-09-28T12:12:30.160Z	spark2	LOAD	22.804	4.164
2026-09-28T12:12:30.375Z	spark1	LOAD	22.376	7.561
2026-09-28T12:12:30.425Z	spark2	LOAD	22.710	4.164
2026-09-28T12:12:30.626Z	spark1	LOAD	22.342	7.561
2026-09-28T12:12:30.675Z	spark2	LOAD	22.602	4.162
2026-09-28T12:12:30.893Z	spark1	LOAD	22.319	7.561
2026-09-28T12:12:30.925Z	spark2	LOAD	22.417	4.159
2026-09-28T12:12:31.143Z	spark1	LOAD	22.285	7.561
2026-09-28T12:12:31.175Z	spark2	LOAD	22.294	4.158
2026-09-28T12:12:31.394Z	spark1	LOAD	22.230	7.561
2026-09-28T12:12:31.436Z	spark2	LOAD	22.199	4.155
2026-09-28T12:12:31.644Z	spark1	LOAD	22.198	7.561
2026-09-28T12:12:31.687Z	spark2	LOAD	22.118	4.152
2026-09-28T12:12:31.911Z	spark1	LOAD	22.158	7.561
2026-09-28T12:12:31.937Z	spark2	LOAD	22.097	4.151
2026-09-28T12:12:32.161Z	spark1	LOAD	22.126	7.561
2026-09-28T12:12:32.187Z	spark2	LOAD	22.046	4.173
2026-09-28T12:12:32.411Z	spark1	LOAD	22.065	7.561
2026-09-28T12:12:32.451Z	spark2	LOAD	21.979	4.215
2026-09-28T12:12:32.661Z	spark1	LOAD	22.047	7.561
2026-09-28T12:12:32.702Z	spark2	LOAD	21.887	4.215
2026-09-28T12:12:32.929Z	spark1	LOAD	22.011	7.561
2026-09-28T12:12:32.952Z	spark2	LOAD	21.812	4.217
2026-09-28T12:12:33.179Z	spark1	LOAD	21.979	7.561
2026-09-28T12:12:33.203Z	spark2	LOAD	21.736	4.221
2026-09-28T12:12:33.429Z	spark1	LOAD	21.945	7.561
2026-09-28T12:12:33.467Z	spark2	LOAD	21.639	4.221
2026-09-28T12:12:33.679Z	spark1	LOAD	21.901	7.561
2026-09-28T12:12:33.718Z	spark2	LOAD	21.558	4.221
2026-09-28T12:12:33.948Z	spark1	LOAD	21.871	7.561
2026-09-28T12:12:33.968Z	spark2	LOAD	21.445	4.221
2026-09-28T12:12:34.199Z	spark1	LOAD	21.838	7.561
2026-09-28T12:12:34.219Z	spark2	LOAD	21.365	4.222
2026-09-28T12:12:34.449Z	spark1	LOAD	21.794	7.561
2026-09-28T12:12:34.483Z	spark2	LOAD	21.283	4.223
2026-09-28T12:12:34.699Z	spark1	LOAD	21.767	7.561
2026-09-28T12:12:34.734Z	spark2	LOAD	21.185	4.223
2026-09-28T12:12:34.967Z	spark1	LOAD	21.732	7.561
2026-09-28T12:12:34.984Z	spark2	LOAD	21.080	4.223
2026-09-28T12:12:35.217Z	spark1	LOAD	21.703	7.561
2026-09-28T12:12:35.235Z	spark2	LOAD	21.585	4.223
2026-09-28T12:12:35.468Z	spark1	LOAD	21.673	7.561
2026-09-28T12:12:35.500Z	spark2	LOAD	23.076	4.223
2026-09-28T12:12:35.718Z	spark1	LOAD	21.643	7.561
2026-09-28T12:12:35.751Z	spark2	LOAD	23.275	4.223
2026-09-28T12:12:35.987Z	spark1	LOAD	21.610	7.561
2026-09-28T12:12:36.001Z	spark2	LOAD	23.198	4.223
2026-09-28T12:12:36.238Z	spark1	LOAD	21.582	7.561
2026-09-28T12:12:36.251Z	spark2	LOAD	23.111	4.223
2026-09-28T12:12:36.488Z	spark1	LOAD	21.525	7.561
2026-09-28T12:12:36.515Z	spark2	LOAD	23.024	4.223
2026-09-28T12:12:36.738Z	spark1	LOAD	21.508	7.561
2026-09-28T12:12:36.766Z	spark2	LOAD	22.934	4.223
2026-09-28T12:12:37.001Z	spark1	LOAD	21.472	7.561
2026-09-28T12:12:37.016Z	spark2	LOAD	22.865	4.223
2026-09-28T12:12:37.252Z	spark1	LOAD	21.440	7.561
2026-09-28T12:12:37.266Z	spark2	LOAD	22.781	4.223
2026-09-28T12:12:37.502Z	spark1	LOAD	21.410	7.561
2026-09-28T12:12:37.532Z	spark2	LOAD	22.677	4.223
2026-09-28T12:12:37.752Z	spark1	LOAD	21.379	7.561
2026-09-28T12:12:37.782Z	spark2	LOAD	22.573	4.223
2026-09-28T12:12:38.022Z	spark1	LOAD	21.343	7.561
2026-09-28T12:12:38.033Z	spark2	LOAD	22.472	4.223
2026-09-28T12:12:38.272Z	spark1	LOAD	21.311	7.561
2026-09-28T12:12:38.283Z	spark2	LOAD	22.402	4.223
2026-09-28T12:12:38.522Z	spark1	LOAD	21.249	7.561
2026-09-28T12:12:38.547Z	spark2	LOAD	22.308	4.223
2026-09-28T12:12:38.773Z	spark1	LOAD	21.218	7.561
2026-09-28T12:12:38.797Z	spark2	LOAD	22.190	4.224
2026-09-28T12:12:39.042Z	spark1	LOAD	21.183	7.561
2026-09-28T12:12:39.048Z	spark2	LOAD	22.094	4.224
2026-09-28T12:12:39.292Z	spark1	LOAD	21.156	7.561
2026-09-28T12:12:39.298Z	spark2	LOAD	22.005	4.224
2026-09-28T12:12:39.543Z	spark1	LOAD	21.124	7.561
2026-09-28T12:12:39.559Z	spark2	LOAD	21.899	4.224
2026-09-28T12:12:39.793Z	spark1	LOAD	21.094	7.561
2026-09-28T12:12:39.809Z	spark2	LOAD	21.758	4.224
2026-09-28T12:12:40.056Z	spark1	LOAD	21.059	7.561
2026-09-28T12:12:40.059Z	spark2	LOAD	21.623	4.224
2026-09-28T12:12:40.306Z	spark1	LOAD	21.027	7.561
2026-09-28T12:12:40.309Z	spark2	LOAD	21.509	4.226
2026-09-28T12:12:40.556Z	spark1	LOAD	20.957	7.561
2026-09-28T12:12:40.570Z	spark2	LOAD	21.403	4.227
2026-09-28T12:12:40.807Z	spark1	LOAD	20.928	7.561
2026-09-28T12:12:40.821Z	spark2	LOAD	21.318	4.228
2026-09-28T12:12:41.069Z	spark1	LOAD	20.896	7.561
2026-09-28T12:12:41.071Z	spark2	LOAD	21.215	4.228
2026-09-28T12:12:41.319Z	spark1	LOAD	20.836	7.561
2026-09-28T12:12:41.320Z	spark2	LOAD	20.675	4.228
2026-09-28T12:12:41.569Z	spark1	LOAD	20.795	7.561
2026-09-28T12:12:41.586Z	spark2	LOAD	20.571	4.228
2026-09-28T12:12:41.820Z	spark1	LOAD	20.762	7.561
2026-09-28T12:12:41.836Z	spark2	LOAD	20.911	4.227
2026-09-28T12:12:42.086Z	spark2	LOAD	20.761	4.225
2026-09-28T12:12:42.087Z	spark1	LOAD	20.728	7.561
2026-09-28T12:12:42.336Z	spark2	LOAD	21.130	4.225
2026-09-28T12:12:42.338Z	spark1	LOAD	20.700	7.561
2026-09-28T12:12:42.588Z	spark1	LOAD	20.625	7.561
2026-09-28T12:12:42.596Z	spark2	LOAD	22.642	4.222
2026-09-28T12:12:42.838Z	spark1	LOAD	20.606	7.561
2026-09-28T12:12:42.847Z	spark2	LOAD	23.085	4.219
2026-09-28T12:12:43.097Z	spark2	LOAD	22.983	4.217
2026-09-28T12:12:43.100Z	spark1	LOAD	20.576	7.561
2026-09-28T12:12:43.348Z	spark2	LOAD	22.868	4.217
2026-09-28T12:12:43.351Z	spark1	LOAD	20.550	7.561
2026-09-28T12:12:43.601Z	spark1	LOAD	20.510	7.561
2026-09-28T12:12:43.612Z	spark2	LOAD	22.758	4.217
2026-09-28T12:12:43.851Z	spark1	LOAD	20.485	7.561
2026-09-28T12:12:43.863Z	spark2	LOAD	22.652	4.217
2026-09-28T12:12:44.113Z	spark2	LOAD	22.542	4.217
2026-09-28T12:12:44.118Z	spark1	LOAD	20.458	7.561
2026-09-28T12:12:44.364Z	spark2	LOAD	22.406	4.217
2026-09-28T12:12:44.369Z	spark1	LOAD	20.434	7.561
2026-09-28T12:12:44.619Z	spark1	LOAD	20.384	7.561
2026-09-28T12:12:44.628Z	spark2	LOAD	22.301	4.217
2026-09-28T12:12:44.869Z	spark1	LOAD	20.353	7.561
2026-09-28T12:12:44.878Z	spark2	LOAD	22.201	4.217
2026-09-28T12:12:45.128Z	spark2	LOAD	22.374	4.217
2026-09-28T12:12:45.132Z	spark1	LOAD	20.323	7.561
2026-09-28T12:12:45.378Z	spark2	LOAD	22.265	4.219
2026-09-28T12:12:45.382Z	spark1	LOAD	20.283	7.561
2026-09-28T12:12:45.632Z	spark1	LOAD	20.255	7.561
2026-09-28T12:12:45.639Z	spark2	LOAD	22.161	4.219
2026-09-28T12:12:45.883Z	spark1	LOAD	20.225	7.561
2026-09-28T12:12:45.889Z	spark2	LOAD	22.055	4.219
2026-09-28T12:12:46.139Z	spark2	LOAD	21.951	4.220
2026-09-28T12:12:46.151Z	spark1	LOAD	20.194	7.561
2026-09-28T12:12:46.389Z	spark2	LOAD	21.833	4.220
2026-09-28T12:12:46.401Z	spark1	LOAD	20.167	7.561
2026-09-28T12:12:46.650Z	spark2	LOAD	21.713	4.220
2026-09-28T12:12:46.651Z	spark1	LOAD	20.136	7.561
2026-09-28T12:12:46.900Z	spark2	LOAD	21.574	4.220
2026-09-28T12:12:46.901Z	spark1	LOAD	20.076	7.561
2026-09-28T12:12:47.151Z	spark2	LOAD	21.496	4.220
2026-09-28T12:12:47.164Z	spark1	LOAD	20.036	7.561
2026-09-28T12:12:47.401Z	spark2	LOAD	21.363	4.220
2026-09-28T12:12:47.415Z	spark1	LOAD	20.072	7.561
2026-09-28T12:12:47.665Z	spark1	LOAD	20.035	7.561
2026-09-28T12:12:47.665Z	spark2	LOAD	21.261	4.223
2026-09-28T12:12:47.915Z	spark1	LOAD	19.997	7.561
2026-09-28T12:12:47.916Z	spark2	LOAD	21.161	4.224
2026-09-28T12:12:48.166Z	spark2	LOAD	21.043	4.224
2026-09-28T12:12:48.183Z	spark1	LOAD	19.764	7.561
2026-09-28T12:12:48.417Z	spark2	LOAD	20.927	4.225
2026-09-28T12:12:48.434Z	spark1	LOAD	19.374	7.561
2026-09-28T12:12:48.681Z	spark2	LOAD	20.806	4.225
2026-09-28T12:12:48.684Z	spark1	LOAD	19.325	7.561
2026-09-28T12:12:48.931Z	spark2	LOAD	20.320	4.225
2026-09-28T12:12:48.934Z	spark1	LOAD	19.252	7.560
2026-09-28T12:12:49.182Z	spark2	LOAD	21.521	4.225
2026-09-28T12:12:49.197Z	spark1	LOAD	19.230	7.560
2026-09-28T12:12:49.432Z	spark2	LOAD	22.890	4.225
2026-09-28T12:12:49.447Z	spark1	LOAD	19.191	7.560
2026-09-28T12:12:49.693Z	spark2	LOAD	22.861	4.225
2026-09-28T12:12:49.698Z	spark1	LOAD	19.157	7.560
2026-09-28T12:12:49.943Z	spark2	LOAD	22.810	4.225
2026-09-28T12:12:49.948Z	spark1	LOAD	19.125	7.560
2026-09-28T12:12:50.194Z	spark2	LOAD	22.710	4.225
2026-09-28T12:12:50.215Z	spark1	LOAD	19.089	7.560
2026-09-28T12:12:50.444Z	spark2	LOAD	22.615	4.225
2026-09-28T12:12:50.466Z	spark1	LOAD	19.050	7.560
2026-09-28T12:12:50.704Z	spark2	LOAD	22.542	4.225
2026-09-28T12:12:50.716Z	spark1	LOAD	19.608	7.561
2026-09-28T12:12:50.955Z	spark2	LOAD	22.479	4.225
2026-09-28T12:12:50.966Z	spark1	LOAD	19.579	7.561
2026-09-28T12:12:51.205Z	spark2	LOAD	22.406	4.225
2026-09-28T12:12:51.234Z	spark1	LOAD	19.539	7.561
2026-09-28T12:12:51.455Z	spark2	LOAD	22.300	4.225
2026-09-28T12:12:51.484Z	spark1	LOAD	19.506	7.561
2026-09-28T12:12:51.720Z	spark2	LOAD	22.194	4.225
2026-09-28T12:12:51.735Z	spark1	LOAD	19.474	7.562
2026-09-28T12:12:51.971Z	spark2	LOAD	22.074	4.225
2026-09-28T12:12:51.985Z	spark1	LOAD	19.439	7.562
2026-09-28T12:12:52.221Z	spark2	LOAD	21.929	4.225
2026-09-28T12:12:52.252Z	spark1	LOAD	19.397	7.563
2026-09-28T12:12:52.472Z	spark2	LOAD	21.809	4.225
2026-09-28T12:12:52.502Z	spark1	LOAD	19.348	7.563
2026-09-28T12:12:52.732Z	spark2	LOAD	21.670	4.225
2026-09-28T12:12:52.752Z	spark1	LOAD	19.292	7.565
2026-09-28T12:12:52.982Z	spark2	LOAD	21.536	4.224
2026-09-28T12:12:53.002Z	spark1	LOAD	19.947	7.565
2026-09-28T12:12:53.233Z	spark2	LOAD	21.386	4.221
2026-09-28T12:12:53.270Z	spark1	LOAD	22.061	7.565
2026-09-28T12:12:53.483Z	spark2	LOAD	21.273	4.219
2026-09-28T12:12:53.520Z	spark1	LOAD	22.255	7.565
2026-09-28T12:12:53.743Z	spark2	LOAD	21.660	4.218
2026-09-28T12:12:53.770Z	spark1	LOAD	22.222	7.565
2026-09-28T12:12:53.994Z	spark2	LOAD	21.443	4.216
2026-09-28T12:12:54.021Z	spark1	LOAD	22.145	7.565
2026-09-28T12:12:54.244Z	spark2	LOAD	21.460	4.217
2026-09-28T12:12:54.283Z	spark1	LOAD	21.882	7.565
2026-09-28T12:12:54.495Z	spark2	LOAD	21.380	4.217
2026-09-28T12:12:54.533Z	spark1	LOAD	22.420	7.567
2026-09-28T12:12:54.759Z	spark2	LOAD	21.271	4.220
2026-09-28T12:12:54.784Z	spark1	LOAD	22.393	7.567
2026-09-28T12:12:55.009Z	spark2	LOAD	21.180	4.223
2026-09-28T12:12:55.034Z	spark1	LOAD	22.352	7.567
2026-09-28T12:12:55.260Z	spark2	LOAD	21.078	4.238
2026-09-28T12:12:55.303Z	spark1	LOAD	22.317	7.567
2026-09-28T12:12:55.510Z	spark2	LOAD	20.968	4.239
2026-09-28T12:12:55.553Z	spark1	LOAD	22.288	7.567
2026-09-28T12:12:55.776Z	spark2	LOAD	20.834	4.244
2026-09-28T12:12:55.803Z	spark1	LOAD	22.253	7.567
2026-09-28T12:12:56.027Z	spark2	LOAD	22.012	4.245
2026-09-28T12:12:56.053Z	spark1	LOAD	22.122	7.567
2026-09-28T12:12:56.277Z	spark2	LOAD	23.478	4.245
2026-09-28T12:12:56.321Z	spark1	LOAD	22.258	7.569
2026-09-28T12:12:56.527Z	spark2	LOAD	23.412	4.245
2026-09-28T12:12:56.572Z	spark1	LOAD	22.226	7.569
2026-09-28T12:12:56.792Z	spark2	LOAD	23.289	4.245
2026-09-28T12:12:56.822Z	spark1	LOAD	22.190	7.569
2026-09-28T12:12:57.042Z	spark2	LOAD	23.204	4.245
2026-09-28T12:12:57.072Z	spark1	LOAD	22.129	7.569
2026-09-28T12:12:57.293Z	spark2	LOAD	23.111	4.245
2026-09-28T12:12:57.340Z	spark1	LOAD	22.125	7.569
2026-09-28T12:12:57.543Z	spark2	LOAD	23.026	4.245
2026-09-28T12:12:57.590Z	spark1	LOAD	21.926	7.569
2026-09-28T12:12:57.808Z	spark2	LOAD	22.929	4.245
2026-09-28T12:12:57.840Z	spark1	LOAD	21.492	7.569
2026-09-28T12:12:58.058Z	spark2	LOAD	22.832	4.245
2026-09-28T12:12:58.090Z	spark1	LOAD	22.021	7.570
2026-09-28T12:12:58.309Z	spark2	LOAD	22.692	4.245
2026-09-28T12:12:58.359Z	spark1	LOAD	21.969	7.517
2026-09-28T12:12:58.559Z	spark2	LOAD	22.581	4.245
2026-09-28T12:12:58.609Z	spark1	LOAD	21.931	7.517
2026-09-28T12:12:58.821Z	spark2	LOAD	22.480	4.245
2026-09-28T12:12:58.859Z	spark1	LOAD	21.895	7.517
2026-09-28T12:12:59.070Z	spark2	LOAD	22.379	4.245
2026-09-28T12:12:59.110Z	spark1	LOAD	21.782	7.517
2026-09-28T12:12:59.321Z	spark2	LOAD	22.284	4.245
2026-09-28T12:12:59.377Z	spark1	LOAD	21.746	7.517
2026-09-28T12:12:59.571Z	spark2	LOAD	22.151	4.245
2026-09-28T12:12:59.627Z	spark1	LOAD	21.713	7.517
2026-09-28T12:12:59.835Z	spark2	LOAD	22.041	4.245
2026-09-28T12:12:59.877Z	spark1	LOAD	21.684	7.517
2026-09-28T12:13:00.086Z	spark2	LOAD	21.932	4.245
2026-09-28T12:13:00.128Z	spark1	LOAD	21.656	7.517
2026-09-28T12:13:00.336Z	spark2	LOAD	21.828	4.245
2026-09-28T12:13:00.390Z	spark1	LOAD	21.616	7.517
2026-09-28T12:13:00.586Z	spark2	LOAD	21.750	4.245
2026-09-28T12:13:00.641Z	spark1	LOAD	21.579	7.517
2026-09-28T12:13:00.847Z	spark2	LOAD	21.624	4.245
2026-09-28T12:13:00.891Z	spark1	LOAD	21.546	7.517
2026-09-28T12:13:01.097Z	spark2	LOAD	21.496	4.245
2026-09-28T12:13:01.142Z	spark1	LOAD	21.488	7.517
2026-09-28T12:13:01.347Z	spark2	LOAD	20.947	4.245
2026-09-28T12:13:01.404Z	spark1	LOAD	21.453	7.517
2026-09-28T12:13:01.598Z	spark2	LOAD	21.325	4.247
2026-09-28T12:13:01.655Z	spark1	LOAD	21.417	7.517
2026-09-28T12:13:01.863Z	spark2	LOAD	21.217	4.248
2026-09-28T12:13:01.905Z	spark1	LOAD	21.385	7.517
2026-09-28T12:13:02.113Z	spark2	LOAD	21.113	4.248
2026-09-28T12:13:02.155Z	spark1	LOAD	21.354	7.517
2026-09-28T12:13:02.364Z	spark2	LOAD	21.000	4.249
2026-09-28T12:13:02.418Z	spark1	LOAD	21.319	7.517
2026-09-28T12:13:02.614Z	spark2	LOAD	20.874	4.250
2026-09-28T12:13:02.669Z	spark1	LOAD	21.286	7.517
2026-09-28T12:13:02.878Z	spark2	LOAD	20.749	4.250
2026-09-28T12:13:02.919Z	spark1	LOAD	21.258	7.517
2026-09-28T12:13:03.128Z	spark2	LOAD	22.187	4.250
2026-09-28T12:13:03.169Z	spark1	LOAD	21.198	7.517
2026-09-28T12:13:03.379Z	spark2	LOAD	23.210	4.250
2026-09-28T12:13:03.435Z	spark1	LOAD	21.170	7.517
2026-09-28T12:13:03.630Z	spark2	LOAD	23.182	4.250
2026-09-28T12:13:03.685Z	spark1	LOAD	21.103	7.517
2026-09-28T12:13:03.890Z	spark2	LOAD	23.152	4.250
2026-09-28T12:13:03.936Z	spark1	LOAD	21.148	7.517
2026-09-28T12:13:04.141Z	spark2	LOAD	23.035	4.248
2026-09-28T12:13:04.186Z	spark1	LOAD	20.630	7.517
2026-09-28T12:13:04.390Z	spark2	LOAD	22.890	4.245
2026-09-28T12:13:04.449Z	spark1	LOAD	20.562	7.517
2026-09-28T12:13:04.641Z	spark2	LOAD	22.808	4.243
2026-09-28T12:13:04.699Z	spark1	LOAD	20.496	7.517
2026-09-28T12:13:04.901Z	spark2	LOAD	22.699	4.243
2026-09-28T12:13:04.949Z	spark1	LOAD	20.500	7.517
2026-09-28T12:13:05.151Z	spark2	LOAD	22.593	4.240
2026-09-28T12:13:05.200Z	spark1	LOAD	21.021	7.517
2026-09-28T12:13:05.402Z	spark2	LOAD	22.567	4.238
2026-09-28T12:13:05.469Z	spark1	LOAD	20.969	7.517
2026-09-28T12:13:05.652Z	spark2	LOAD	22.433	4.239
2026-09-28T12:13:05.720Z	spark1	LOAD	20.932	7.517
2026-09-28T12:13:05.913Z	spark2	LOAD	22.314	4.239
2026-09-28T12:13:05.970Z	spark1	LOAD	20.900	7.517
2026-09-28T12:13:06.163Z	spark2	LOAD	22.192	4.239
2026-09-28T12:13:06.221Z	spark1	LOAD	20.866	7.517
2026-09-28T12:13:06.414Z	spark2	LOAD	22.067	4.239
2026-09-28T12:13:06.488Z	spark1	LOAD	20.828	7.517
2026-09-28T12:13:06.665Z	spark2	LOAD	21.940	4.239
2026-09-28T12:13:06.738Z	spark1	LOAD	20.817	7.517
2026-09-28T12:13:06.926Z	spark2	LOAD	21.827	4.239
2026-09-28T12:13:06.989Z	spark1	LOAD	20.775	7.517
2026-09-28T12:13:07.177Z	spark2	LOAD	21.680	4.240
2026-09-28T12:13:07.239Z	spark1	LOAD	20.741	7.518
2026-09-28T12:13:07.426Z	spark2	LOAD	21.566	4.240
2026-09-28T12:13:07.508Z	spark1	LOAD	20.702	7.518
2026-09-28T12:13:07.676Z	spark2	LOAD	21.469	4.242
2026-09-28T12:13:07.758Z	spark1	LOAD	20.674	7.519
2026-09-28T12:13:07.936Z	spark2	LOAD	21.345	4.242
2026-09-28T12:13:08.009Z	spark1	LOAD	20.642	7.520
2026-09-28T12:13:08.187Z	spark2	LOAD	21.237	4.242
2026-09-28T12:13:08.260Z	spark1	LOAD	20.612	7.520
2026-09-28T12:13:08.437Z	spark2	LOAD	21.080	4.242
2026-09-28T12:13:08.522Z	spark1	LOAD	20.491	7.520
2026-09-28T12:13:08.687Z	spark2	LOAD	20.964	4.242
2026-09-28T12:13:08.772Z	spark1	LOAD	20.497	7.520
2026-09-28T12:13:08.948Z	spark2	LOAD	20.846	4.243
2026-09-28T12:13:09.022Z	spark1	LOAD	20.466	7.520
2026-09-28T12:13:09.198Z	spark2	LOAD	20.742	4.243
2026-09-28T12:13:09.273Z	spark1	LOAD	20.119	7.520
2026-09-28T12:13:09.449Z	spark2	LOAD	21.536	4.244
2026-09-28T12:13:09.534Z	spark1	LOAD	19.807	7.520
2026-09-28T12:13:09.699Z	spark2	LOAD	23.004	4.244
2026-09-28T12:13:09.784Z	spark1	LOAD	19.777	7.520
2026-09-28T12:13:09.958Z	spark2	LOAD	23.264	4.244
2026-09-28T12:13:10.034Z	spark1	LOAD	19.748	7.520
2026-09-28T12:13:10.208Z	spark2	LOAD	23.203	4.244
2026-09-28T12:13:10.285Z	spark1	LOAD	20.265	7.520
2026-09-28T12:13:10.459Z	spark2	LOAD	23.069	4.244
2026-09-28T12:13:10.553Z	spark1	LOAD	20.262	7.520
2026-09-28T12:13:10.709Z	spark2	LOAD	22.955	4.244
2026-09-28T12:13:10.803Z	spark1	LOAD	20.115	7.520
2026-09-28T12:13:10.974Z	spark2	LOAD	22.840	4.244
2026-09-28T12:13:11.053Z	spark1	LOAD	20.198	7.520
2026-09-28T12:13:11.224Z	spark2	LOAD	22.849	4.244
2026-09-28T12:13:11.304Z	spark1	LOAD	20.159	7.520
2026-09-28T12:13:11.474Z	spark2	LOAD	22.751	4.245
2026-09-28T12:13:11.566Z	spark1	LOAD	20.134	7.520
2026-09-28T12:13:11.725Z	spark2	LOAD	22.604	4.245
2026-09-28T12:13:11.817Z	spark1	LOAD	20.111	7.520
2026-09-28T12:13:11.985Z	spark2	LOAD	22.082	4.245
2026-09-28T12:13:12.067Z	spark1	LOAD	20.069	7.520
2026-09-28T12:13:12.235Z	spark2	LOAD	21.977	4.245
2026-09-28T12:13:12.317Z	spark1	LOAD	20.034	7.520
2026-09-28T12:13:12.486Z	spark2	LOAD	21.871	4.245
2026-09-28T12:13:12.587Z	spark1	LOAD	20.006	7.520
2026-09-28T12:13:12.736Z	spark2	LOAD	21.775	4.245
2026-09-28T12:13:12.838Z	spark1	LOAD	19.976	7.520
2026-09-28T12:13:13.000Z	spark2	LOAD	22.134	4.250
2026-09-28T12:13:13.088Z	spark1	LOAD	19.509	7.520
2026-09-28T12:13:13.250Z	spark2	LOAD	22.017	4.252
2026-09-28T12:13:13.339Z	spark1	LOAD	19.354	7.520
2026-09-28T12:13:13.500Z	spark2	LOAD	21.908	4.252
2026-09-28T12:13:13.600Z	spark1	LOAD	19.867	7.520
2026-09-28T12:13:13.751Z	spark2	LOAD	21.800	4.252
2026-09-28T12:13:13.851Z	spark1	LOAD	19.834	7.520
2026-09-28T12:13:14.015Z	spark2	LOAD	21.694	4.255
2026-09-28T12:13:14.101Z	spark1	LOAD	19.802	7.520
2026-09-28T12:13:14.265Z	spark2	LOAD	21.593	4.263
2026-09-28T12:13:14.351Z	spark1	LOAD	19.768	7.520
2026-09-28T12:13:14.515Z	spark2	LOAD	21.517	4.267
2026-09-28T12:13:14.619Z	spark1	LOAD	19.733	7.520
2026-09-28T12:13:14.766Z	spark2	LOAD	21.417	4.277
2026-09-28T12:13:14.870Z	spark1	LOAD	19.639	7.519
2026-09-28T12:13:15.030Z	spark2	LOAD	21.295	4.277
2026-09-28T12:13:15.120Z	spark1	LOAD	19.605	7.519
2026-09-28T12:13:15.280Z	spark2	LOAD	21.164	4.276
2026-09-28T12:13:15.370Z	spark1	LOAD	19.576	7.519
2026-09-28T12:13:15.530Z	spark2	LOAD	21.052	4.276
2026-09-28T12:13:15.639Z	spark1	LOAD	19.523	7.519
2026-09-28T12:13:15.781Z	spark2	LOAD	20.903	4.275
2026-09-28T12:13:15.889Z	spark1	LOAD	19.505	7.519
2026-09-28T12:13:16.046Z	spark2	LOAD	20.754	4.275
2026-09-28T12:13:16.140Z	spark1	LOAD	19.542	7.519
2026-09-28T12:13:16.297Z	spark2	LOAD	21.710	4.273
2026-09-28T12:13:16.390Z	spark1	LOAD	21.239	7.519
2026-09-28T12:13:16.547Z	spark2	LOAD	22.972	4.270
2026-09-28T12:13:16.652Z	spark1	LOAD	22.551	7.519
2026-09-28T12:13:16.796Z	spark2	LOAD	23.230	4.267
2026-09-28T12:13:16.902Z	spark1	LOAD	22.525	7.519
2026-09-28T12:13:17.057Z	spark2	LOAD	23.248	4.259
2026-09-28T12:13:17.153Z	spark1	LOAD	22.498	7.519
2026-09-28T12:13:17.308Z	spark2	LOAD	23.244	4.251
2026-09-28T12:13:17.403Z	spark1	LOAD	22.472	7.516
2026-09-28T12:13:17.558Z	spark2	LOAD	23.191	4.245
2026-09-28T12:13:17.672Z	spark1	LOAD	22.427	7.516
2026-09-28T12:13:17.808Z	spark2	LOAD	23.193	4.245
2026-09-28T12:13:17.922Z	spark1	LOAD	22.400	7.516
2026-09-28T12:13:18.069Z	spark2	LOAD	23.117	4.245
2026-09-28T12:13:18.173Z	spark1	LOAD	22.370	7.516
2026-09-28T12:13:18.319Z	spark2	LOAD	23.017	4.245
2026-09-28T12:13:18.423Z	spark1	LOAD	22.338	7.516
2026-09-28T12:13:18.570Z	spark2	LOAD	19.186	4.245
2026-09-28T12:13:18.691Z	spark1	LOAD	22.298	7.516
2026-09-28T12:13:18.820Z	spark2	LOAD	16.790	4.248
2026-09-28T12:13:18.941Z	spark1	LOAD	22.236	7.516
2026-09-28T12:13:19.085Z	spark2	LOAD	16.301	4.256
2026-09-28T12:13:19.191Z	spark1	LOAD	22.208	7.516
2026-09-28T12:13:19.336Z	spark2	LOAD	15.705	4.258
2026-09-28T12:13:19.441Z	spark1	LOAD	22.178	7.516
2026-09-28T12:13:19.587Z	spark2	LOAD	21.456	4.258
2026-09-28T12:13:19.711Z	spark1	LOAD	22.125	7.516
2026-09-28T12:13:19.838Z	spark2	LOAD	16.475	4.258
2026-09-28T12:13:19.961Z	spark1	LOAD	22.100	7.516
2026-09-28T12:13:20.099Z	spark2	LOAD	15.513	4.258
2026-09-28T12:13:20.212Z	spark1	LOAD	22.070	7.516
2026-09-28T12:13:20.350Z	spark2	LOAD	21.532	4.258
2026-09-28T12:13:20.462Z	spark1	LOAD	22.055	7.516
2026-09-28T12:13:20.600Z	spark2	LOAD	16.494	4.258
2026-09-28T12:13:20.725Z	spark1	LOAD	21.754	7.516
2026-09-28T12:13:20.850Z	spark2	LOAD	15.528	4.258
2026-09-28T12:13:20.975Z	spark1	LOAD	21.428	7.516
2026-09-28T12:13:21.112Z	spark2	LOAD	21.469	4.258
2026-09-28T12:13:21.225Z	spark1	LOAD	21.386	7.516
2026-09-28T12:13:21.362Z	spark2	LOAD	16.353	4.258
2026-09-28T12:13:21.476Z	spark1	LOAD	21.364	7.516
2026-09-28T12:13:21.613Z	spark2	LOAD	15.723	4.258
2026-09-28T12:13:21.739Z	spark1	LOAD	21.299	7.516
2026-09-28T12:13:21.864Z	spark2	LOAD	21.240	4.257
2026-09-28T12:13:21.989Z	spark1	LOAD	21.262	7.516
2026-09-28T12:13:22.133Z	spark2	LOAD	15.889	4.257
2026-09-28T12:13:22.239Z	spark1	LOAD	21.227	7.516
2026-09-28T12:13:22.384Z	spark2	LOAD	16.522	4.257
2026-09-28T12:13:22.490Z	spark1	LOAD	21.202	7.516
2026-09-28T12:13:22.635Z	spark2	LOAD	20.602	4.257
2026-09-28T12:13:22.751Z	spark1	LOAD	21.162	7.516
2026-09-28T12:13:22.888Z	spark2	LOAD	15.883	4.257
2026-09-28T12:13:23.001Z	spark1	LOAD	21.137	7.516
2026-09-28T12:13:23.168Z	spark2	LOAD	20.386	4.257
2026-09-28T12:13:23.252Z	spark1	LOAD	21.108	7.516
2026-09-28T12:13:23.419Z	spark2	LOAD	18.325	4.257
2026-09-28T12:13:23.502Z	spark1	LOAD	21.073	7.516
2026-09-28T12:13:23.670Z	spark2	LOAD	15.595	4.257
2026-09-28T12:13:23.764Z	spark1	LOAD	21.006	7.516
2026-09-28T12:13:23.921Z	spark2	LOAD	21.458	4.257
2026-09-28T12:13:24.015Z	spark1	LOAD	20.975	7.516
2026-09-28T12:13:24.188Z	spark2	LOAD	16.150	4.257
2026-09-28T12:13:24.265Z	spark1	LOAD	20.943	7.516
2026-09-28T12:13:24.440Z	spark2	LOAD	15.882	4.257
2026-09-28T12:13:24.515Z	spark1	LOAD	20.912	7.516
2026-09-28T12:13:24.690Z	spark2	LOAD	20.293	4.257
2026-09-28T12:13:24.782Z	spark1	LOAD	20.879	7.516
2026-09-28T12:13:24.942Z	spark2	LOAD	15.877	4.257
2026-09-28T12:13:25.032Z	spark1	LOAD	20.849	7.516
2026-09-28T12:13:25.215Z	spark2	LOAD	21.225	4.257
2026-09-28T12:13:25.282Z	spark1	LOAD	20.821	7.516
2026-09-28T12:13:25.466Z	spark2	LOAD	17.818	4.257
2026-09-28T12:13:25.533Z	spark1	LOAD	20.788	7.516
2026-09-28T12:13:25.718Z	spark2	LOAD	15.556	4.257
2026-09-28T12:13:25.795Z	spark1	LOAD	20.750	7.516
2026-09-28T12:13:25.969Z	spark2	LOAD	21.237	4.257
2026-09-28T12:13:26.046Z	spark1	LOAD	20.722	7.516
2026-09-28T12:13:26.238Z	spark2	LOAD	15.877	4.257
2026-09-28T12:13:26.296Z	spark1	LOAD	20.660	7.516
2026-09-28T12:13:26.489Z	spark2	LOAD	18.388	4.257
2026-09-28T12:13:26.546Z	spark1	LOAD	20.625	7.516
2026-09-28T12:13:26.739Z	spark2	LOAD	19.160	4.256
2026-09-28T12:13:26.814Z	spark1	LOAD	20.596	7.516
2026-09-28T12:13:26.989Z	spark2	LOAD	15.704	4.254
2026-09-28T12:13:27.064Z	spark1	LOAD	20.569	7.516
2026-09-28T12:13:27.249Z	spark2	LOAD	21.412	4.251
2026-09-28T12:13:27.314Z	spark1	LOAD	20.526	7.516
2026-09-28T12:13:27.500Z	spark2	LOAD	15.952	4.248
2026-09-28T12:13:27.565Z	spark1	LOAD	20.493	7.516
2026-09-28T12:13:27.751Z	spark2	LOAD	16.421	4.246
2026-09-28T12:13:27.828Z	spark1	LOAD	20.460	7.516
2026-09-28T12:13:28.002Z	spark2	LOAD	19.363	4.245
2026-09-28T12:13:28.078Z	spark1	LOAD	20.404	7.516
2026-09-28T12:13:28.273Z	spark2	LOAD	15.558	4.245
2026-09-28T12:13:28.329Z	spark1	LOAD	21.023	7.516
2026-09-28T12:13:28.524Z	spark2	LOAD	21.356	4.245
2026-09-28T12:13:28.579Z	spark1	LOAD	20.990	7.516
2026-09-28T12:13:28.775Z	spark2	LOAD	15.782	4.245
2026-09-28T12:13:28.841Z	spark1	LOAD	20.938	7.516
2026-09-28T12:13:29.026Z	spark2	LOAD	17.028	4.245
2026-09-28T12:13:29.091Z	spark1	LOAD	20.907	7.516
2026-09-28T12:13:29.291Z	spark2	LOAD	18.851	4.245
2026-09-28T12:13:29.341Z	spark1	LOAD	20.886	7.517
2026-09-28T12:13:29.543Z	spark2	LOAD	15.452	4.245
2026-09-28T12:13:29.592Z	spark1	LOAD	20.856	7.517
2026-09-28T12:13:29.794Z	spark2	LOAD	21.238	4.245
2026-09-28T12:13:29.862Z	spark1	LOAD	20.822	7.517
2026-09-28T12:13:30.046Z	spark2	LOAD	15.753	4.245
2026-09-28T12:13:30.112Z	spark1	LOAD	20.717	7.517
2026-09-28T12:13:30.329Z	spark2	LOAD	21.181	4.245
2026-09-28T12:13:30.362Z	spark1	LOAD	20.760	7.520
2026-09-28T12:13:30.580Z	spark2	LOAD	17.452	4.245
2026-09-28T12:13:30.613Z	spark1	LOAD	20.726	7.520
2026-09-28T12:13:30.831Z	spark2	LOAD	15.409	4.245
2026-09-28T12:13:30.876Z	spark1	LOAD	20.689	7.520
2026-09-28T12:13:31.081Z	spark2	LOAD	20.219	4.245
2026-09-28T12:13:31.126Z	spark1	LOAD	20.655	7.520
2026-09-28T12:13:31.342Z	spark2	LOAD	15.687	4.245
2026-09-28T12:13:31.377Z	spark1	LOAD	20.621	7.520
2026-09-28T12:13:31.593Z	spark2	LOAD	22.026	4.245
2026-09-28T12:13:31.627Z	spark1	LOAD	20.592	7.520
2026-09-28T12:13:31.844Z	spark2	LOAD	16.126	4.245
2026-09-28T12:13:31.895Z	spark1	LOAD	20.554	7.520
2026-09-28T12:13:32.096Z	spark2	LOAD	16.550	4.245
2026-09-28T12:13:32.145Z	spark1	LOAD	20.506	7.520
2026-09-28T12:13:32.361Z	spark2	LOAD	18.968	4.245
2026-09-28T12:13:32.395Z	spark1	LOAD	20.469	7.520
2026-09-28T12:13:32.613Z	spark2	LOAD	15.451	4.245
2026-09-28T12:13:32.646Z	spark1	LOAD	20.443	7.520
2026-09-28T12:13:32.864Z	spark2	LOAD	20.925	4.245
2026-09-28T12:13:32.913Z	spark1	LOAD	20.404	7.520
2026-09-28T12:13:33.116Z	spark2	LOAD	15.751	4.245
2026-09-28T12:13:33.164Z	spark1	LOAD	20.097	7.520
2026-09-28T12:13:33.392Z	spark2	LOAD	22.478	4.245
2026-09-28T12:13:33.414Z	spark1	LOAD	20.347	7.521
2026-09-28T12:13:33.643Z	spark2	LOAD	16.638	4.245
2026-09-28T12:13:33.664Z	spark1	LOAD	20.308	7.521
2026-09-28T12:13:33.893Z	spark2	LOAD	16.253	4.245
2026-09-28T12:13:33.931Z	spark1	LOAD	20.270	7.521
2026-09-28T12:13:34.145Z	spark2	LOAD	19.340	4.245
2026-09-28T12:13:34.182Z	spark1	LOAD	20.207	7.521
2026-09-28T12:13:34.413Z	spark2	LOAD	15.455	4.245
2026-09-28T12:13:34.433Z	spark1	LOAD	20.178	7.521
2026-09-28T12:13:34.664Z	spark2	LOAD	20.799	4.245
2026-09-28T12:13:34.683Z	spark1	LOAD	20.181	7.520
2026-09-28T12:13:34.915Z	spark2	LOAD	15.775	4.245
2026-09-28T12:13:34.945Z	spark1	LOAD	20.068	7.520
2026-09-28T12:13:35.165Z	spark2	LOAD	22.200	4.245
2026-09-28T12:13:35.195Z	spark1	LOAD	20.131	7.521
2026-09-28T12:13:35.430Z	spark2	LOAD	16.518	4.245
2026-09-28T12:13:35.446Z	spark1	LOAD	20.097	7.521
2026-09-28T12:13:35.681Z	spark2	LOAD	16.613	4.245
2026-09-28T12:13:35.696Z	spark1	LOAD	20.064	7.521
2026-09-28T12:13:35.932Z	spark2	LOAD	19.241	4.245
2026-09-28T12:13:35.961Z	spark1	LOAD	20.028	7.521
2026-09-28T12:13:36.184Z	spark2	LOAD	15.454	4.245
2026-09-28T12:13:36.211Z	spark1	LOAD	19.719	7.521
2026-09-28T12:13:36.461Z	spark2	LOAD	20.776	4.245
2026-09-28T12:13:36.462Z	spark1	LOAD	19.956	7.521
2026-09-28T12:13:36.712Z	spark2	LOAD	15.774	4.245
2026-09-28T12:13:36.712Z	spark1	LOAD	19.936	7.521
2026-09-28T12:13:36.963Z	spark2	LOAD	22.491	4.245
2026-09-28T12:13:36.979Z	spark1	LOAD	19.890	7.523
2026-09-28T12:13:37.214Z	spark2	LOAD	16.662	4.245
2026-09-28T12:13:37.229Z	spark1	LOAD	19.856	7.523
2026-09-28T12:13:37.479Z	spark2	LOAD	17.408	4.245
2026-09-28T12:13:37.480Z	spark1	LOAD	19.778	7.522
2026-09-28T12:13:37.730Z	spark1	LOAD	19.735	7.522
2026-09-28T12:13:37.731Z	spark2	LOAD	18.913	4.245
2026-09-28T12:13:37.981Z	spark2	LOAD	15.451	4.243
2026-09-28T12:13:37.992Z	spark1	LOAD	19.531	7.524
2026-09-28T12:13:38.232Z	spark2	LOAD	20.893	4.240
2026-09-28T12:13:38.242Z	spark1	LOAD	19.671	7.524
2026-09-28T12:13:38.492Z	spark1	LOAD	19.623	7.524
2026-09-28T12:13:38.499Z	spark2	LOAD	15.713	4.238
2026-09-28T12:13:38.742Z	spark1	LOAD	19.604	7.525
2026-09-28T12:13:38.750Z	spark2	LOAD	22.148	4.237
2026-09-28T12:13:39.001Z	spark2	LOAD	16.157	4.237
2026-09-28T12:13:39.009Z	spark1	LOAD	19.571	7.525
2026-09-28T12:13:39.252Z	spark2	LOAD	16.946	4.237
2026-09-28T12:13:39.260Z	spark1	LOAD	19.538	7.525
2026-09-28T12:13:39.510Z	spark1	LOAD	19.507	7.525
2026-09-28T12:13:39.518Z	spark2	LOAD	19.179	4.237
2026-09-28T12:13:39.760Z	spark1	LOAD	19.474	7.525
2026-09-28T12:13:39.769Z	spark2	LOAD	15.411	4.237
2026-09-28T12:13:40.020Z	spark2	LOAD	21.069	4.237
2026-09-28T12:13:40.023Z	spark1	LOAD	19.461	7.529
2026-09-28T12:13:40.272Z	spark2	LOAD	15.733	4.237
2026-09-28T12:13:40.273Z	spark1	LOAD	19.401	7.529
2026-09-28T12:13:40.523Z	spark1	LOAD	19.372	7.532
2026-09-28T12:13:40.551Z	spark2	LOAD	22.448	4.237
2026-09-28T12:13:40.774Z	spark1	LOAD	19.799	7.534
2026-09-28T12:13:40.802Z	spark2	LOAD	16.495	4.237
2026-09-28T12:13:41.036Z	spark1	LOAD	22.036	7.534
2026-09-28T12:13:41.054Z	spark2	LOAD	16.414	4.237
2026-09-28T12:13:41.286Z	spark1	LOAD	22.645	7.534
2026-09-28T12:13:41.304Z	spark2	LOAD	19.307	4.237
2026-09-28T12:13:41.537Z	spark1	LOAD	22.603	7.534
2026-09-28T12:13:41.573Z	spark2	LOAD	15.417	4.237
2026-09-28T12:13:41.787Z	spark1	LOAD	22.561	7.534
2026-09-28T12:13:41.824Z	spark2	LOAD	21.163	4.237
2026-09-28T12:13:42.057Z	spark1	LOAD	22.518	7.534
2026-09-28T12:13:42.077Z	spark2	LOAD	15.738	4.237
2026-09-28T12:13:42.306Z	spark1	LOAD	22.445	7.534
2026-09-28T12:13:42.327Z	spark2	LOAD	19.930	4.237
2026-09-28T12:13:42.557Z	spark1	LOAD	22.410	7.534
2026-09-28T12:13:42.592Z	spark2	LOAD	17.338	4.237
2026-09-28T12:13:42.807Z	spark1	LOAD	22.373	7.534
2026-09-28T12:13:42.844Z	spark2	LOAD	15.746	4.237
2026-09-28T12:13:43.073Z	spark1	LOAD	22.342	7.534
2026-09-28T12:13:43.094Z	spark2	LOAD	19.629	4.237
2026-09-28T12:13:43.324Z	spark1	LOAD	22.303	7.534
2026-09-28T12:13:43.345Z	spark2	LOAD	15.546	4.237
2026-09-28T12:13:43.574Z	spark1	LOAD	22.260	7.534
2026-09-28T12:13:43.621Z	spark2	LOAD	20.826	4.237
2026-09-28T12:13:43.824Z	spark1	LOAD	22.211	7.534
2026-09-28T12:13:43.872Z	spark2	LOAD	15.728	4.237
2026-09-28T12:13:44.091Z	spark1	LOAD	21.756	7.534
2026-09-28T12:13:44.123Z	spark2	LOAD	22.362	4.237
2026-09-28T12:13:44.341Z	spark1	LOAD	21.594	7.534
2026-09-28T12:13:44.374Z	spark2	LOAD	16.638	4.237
2026-09-28T12:13:44.592Z	spark1	LOAD	22.110	7.535
2026-09-28T12:13:44.640Z	spark2	LOAD	17.123	4.237
2026-09-28T12:13:44.842Z	spark1	LOAD	22.071	7.535
2026-09-28T12:13:44.891Z	spark2	LOAD	19.109	4.237
2026-09-28T12:13:45.110Z	spark1	LOAD	22.049	7.535
2026-09-28T12:13:45.143Z	spark2	LOAD	15.428	4.237
2026-09-28T12:13:45.361Z	spark1	LOAD	22.013	7.535
2026-09-28T12:13:45.393Z	spark2	LOAD	22.461	4.237
2026-09-28T12:13:45.611Z	spark1	LOAD	21.971	7.535
2026-09-28T12:13:45.654Z	spark2	LOAD	22.277	4.236
2026-09-28T12:13:45.862Z	spark1	LOAD	21.928	7.535
2026-09-28T12:13:45.905Z	spark2	LOAD	22.505	4.236
2026-09-28T12:13:46.123Z	spark1	LOAD	21.884	7.535
2026-09-28T12:13:46.155Z	spark2	LOAD	22.512	4.236
2026-09-28T12:13:46.374Z	spark1	LOAD	21.816	7.535
2026-09-28T12:13:46.406Z	spark2	LOAD	22.628	4.236
2026-09-28T12:13:46.624Z	spark1	LOAD	21.778	7.535
2026-09-28T12:13:46.668Z	spark2	LOAD	22.805	4.236
2026-09-28T12:13:46.874Z	spark1	LOAD	21.756	7.534
2026-09-28T12:13:46.919Z	spark2	LOAD	23.016	4.236
2026-09-28T12:13:47.137Z	spark1	LOAD	21.706	7.534
2026-09-28T12:13:47.170Z	spark2	LOAD	22.544	4.236
2026-09-28T12:13:47.387Z	spark1	LOAD	21.673	7.534
2026-09-28T12:13:47.421Z	spark2	LOAD	23.076	4.236
2026-09-28T12:13:47.637Z	spark1	LOAD	21.631	7.534
2026-09-28T12:13:47.688Z	spark2	LOAD	23.194	4.236
2026-09-28T12:13:47.888Z	spark1	LOAD	21.589	7.534
2026-09-28T12:13:47.939Z	spark2	LOAD	23.388	4.236
2026-09-28T12:13:48.155Z	spark1	LOAD	21.528	7.534
2026-09-28T12:13:48.190Z	spark2	LOAD	22.714	4.236
2026-09-28T12:13:48.406Z	spark1	LOAD	21.482	7.534
2026-09-28T12:13:48.441Z	spark2	LOAD	23.092	4.236
2026-09-28T12:13:48.656Z	spark1	LOAD	21.432	7.534
2026-09-28T12:13:48.706Z	spark2	LOAD	23.563	4.236
2026-09-28T12:13:48.906Z	spark1	LOAD	21.391	7.534
2026-09-28T12:13:48.956Z	spark2	LOAD	23.220	4.234
2026-09-28T12:13:49.169Z	spark1	LOAD	21.352	7.534
2026-09-28T12:13:49.207Z	spark2	LOAD	23.413	4.231
2026-09-28T12:13:49.419Z	spark1	LOAD	21.296	7.534
2026-09-28T12:13:49.457Z	spark2	LOAD	23.970	4.229
2026-09-28T12:13:49.670Z	spark1	LOAD	21.251	7.534
2026-09-28T12:13:49.725Z	spark2	LOAD	23.745	4.228
2026-09-28T12:13:49.920Z	spark1	LOAD	21.220	7.534
2026-09-28T12:13:49.974Z	spark2	LOAD	23.661	4.228
2026-09-28T12:13:50.187Z	spark1	LOAD	21.172	7.534
2026-09-28T12:13:50.226Z	spark2	LOAD	24.044	4.228
2026-09-28T12:13:50.437Z	spark1	LOAD	21.134	7.534
2026-09-28T12:13:50.476Z	spark2	LOAD	23.582	4.228
2026-09-28T12:13:50.687Z	spark1	LOAD	21.075	7.534
2026-09-28T12:13:50.743Z	spark2	LOAD	24.388	4.228
2026-09-28T12:13:50.938Z	spark1	LOAD	21.032	7.534
2026-09-28T12:13:50.994Z	spark2	LOAD	24.582	4.228
2026-09-28T12:13:51.204Z	spark1	LOAD	20.735	7.534
2026-09-28T12:13:51.245Z	spark2	LOAD	24.579	4.228
2026-09-28T12:13:51.455Z	spark1	LOAD	20.404	7.534
2026-09-28T12:13:51.495Z	spark2	LOAD	24.577	4.228
2026-09-28T12:13:51.705Z	spark1	LOAD	20.364	7.534
2026-09-28T12:13:51.756Z	spark2	LOAD	24.577	4.228
2026-09-28T12:13:51.956Z	spark1	LOAD	20.326	7.534
2026-09-28T12:13:52.007Z	spark2	LOAD	24.575	4.228
2026-09-28T12:13:52.224Z	spark1	LOAD	20.284	7.534
2026-09-28T12:13:52.257Z	spark2	LOAD	24.451	4.228
2026-09-28T12:13:52.475Z	spark1	LOAD	20.819	7.535
2026-09-28T12:13:52.507Z	spark2	LOAD	22.696	4.228
2026-09-28T12:13:52.725Z	spark1	LOAD	20.761	7.535
2026-09-28T12:13:52.767Z	spark2	LOAD	22.682	4.228
2026-09-28T12:13:52.975Z	spark1	LOAD	20.717	7.535
2026-09-28T12:13:53.018Z	spark2	LOAD	22.682	4.228
2026-09-28T12:13:53.242Z	spark1	LOAD	20.657	7.535
2026-09-28T12:13:53.268Z	spark2	LOAD	21.579	4.228
2026-09-28T12:13:53.493Z	spark1	LOAD	20.679	7.535
2026-09-28T12:13:53.518Z	spark2	LOAD	21.557	4.228
2026-09-28T12:13:53.743Z	spark1	LOAD	20.623	7.535
2026-09-28T12:13:53.783Z	spark2	LOAD	21.535	4.228
2026-09-28T12:13:53.993Z	spark1	LOAD	20.581	7.535
2026-09-28T12:13:54.034Z	spark2	LOAD	21.506	4.228
2026-09-28T12:13:54.256Z	spark1	LOAD	20.542	7.535
2026-09-28T12:13:54.284Z	spark2	LOAD	21.478	4.228
2026-09-28T12:13:54.506Z	spark1	LOAD	20.507	7.535
2026-09-28T12:13:54.535Z	spark2	LOAD	21.449	4.228
2026-09-28T12:13:54.756Z	spark1	LOAD	20.448	7.535
2026-09-28T12:13:54.802Z	spark2	LOAD	21.415	4.228
2026-09-28T12:13:55.007Z	spark1	LOAD	20.053	7.535
2026-09-28T12:13:55.053Z	spark2	LOAD	21.386	4.228
2026-09-28T12:13:55.273Z	spark1	LOAD	20.388	7.535
2026-09-28T12:13:55.303Z	spark2	LOAD	21.357	4.228
2026-09-28T12:13:55.524Z	spark1	LOAD	20.355	7.535
2026-09-28T12:13:55.554Z	spark2	LOAD	21.331	4.228
2026-09-28T12:13:55.774Z	spark1	LOAD	20.312	7.535
2026-09-28T12:13:55.818Z	spark2	LOAD	21.298	4.228
2026-09-28T12:13:56.024Z	spark1	LOAD	19.793	7.535
2026-09-28T12:13:56.068Z	spark2	LOAD	21.152	4.228
2026-09-28T12:13:56.287Z	spark1	LOAD	20.228	7.536
2026-09-28T12:13:56.318Z	spark2	LOAD	21.023	4.228
2026-09-28T12:13:56.537Z	spark1	LOAD	20.187	7.536
2026-09-28T12:13:56.568Z	spark2	LOAD	20.863	4.228
2026-09-28T12:13:56.787Z	spark1	LOAD	20.117	7.536
2026-09-28T12:13:56.829Z	spark2	LOAD	20.645	4.228
2026-09-28T12:13:57.038Z	spark1	LOAD	20.097	7.536
2026-09-28T12:13:57.079Z	spark2	LOAD	21.035	4.228
2026-09-28T12:13:57.301Z	spark1	LOAD	20.053	7.536
2026-09-28T12:13:57.331Z	spark2	LOAD	21.200	4.228
2026-09-28T12:13:57.551Z	spark1	LOAD	20.013	7.536
2026-09-28T12:13:57.582Z	spark2	LOAD	21.456	4.228
2026-09-28T12:13:57.802Z	spark1	LOAD	19.974	7.536
2026-09-28T12:13:57.857Z	spark2	LOAD	21.751	4.228
2026-09-28T12:13:58.052Z	spark1	LOAD	19.930	7.536
2026-09-28T12:13:58.108Z	spark2	LOAD	21.733	4.228
2026-09-28T12:13:58.319Z	spark1	LOAD	19.883	7.536
2026-09-28T12:13:58.359Z	spark2	LOAD	21.730	4.228
2026-09-28T12:13:58.569Z	spark1	LOAD	19.836	7.536
2026-09-28T12:13:58.610Z	spark2	LOAD	21.917	4.228
2026-09-28T12:13:58.819Z	spark1	LOAD	19.752	7.536
2026-09-28T12:13:58.888Z	spark2	LOAD	21.551	4.228
2026-09-28T12:13:59.070Z	spark1	LOAD	19.531	7.536
2026-09-28T12:13:59.139Z	spark2	LOAD	22.373	4.228
2026-09-28T12:13:59.337Z	spark1	LOAD	19.182	7.536
2026-09-28T12:13:59.389Z	spark2	LOAD	22.369	4.228
2026-09-28T12:13:59.587Z	spark1	LOAD	19.663	7.537
2026-09-28T12:13:59.639Z	spark2	LOAD	22.361	4.228
2026-09-28T12:13:59.837Z	spark1	LOAD	19.618	7.537
2026-09-28T12:13:59.904Z	spark2	LOAD	22.361	4.227
2026-09-28T12:14:00.088Z	spark1	LOAD	19.577	7.537
2026-09-28T12:14:00.154Z	spark2	LOAD	22.305	4.225
2026-09-28T12:14:00.355Z	spark1	LOAD	19.201	7.537
2026-09-28T12:14:00.405Z	spark2	LOAD	22.308	4.222
2026-09-28T12:14:00.606Z	spark1	LOAD	19.481	7.537
2026-09-28T12:14:00.656Z	spark2	LOAD	22.298	4.221
2026-09-28T12:14:00.856Z	spark1	LOAD	19.412	7.536
2026-09-28T12:14:00.920Z	spark2	LOAD	22.283	4.221
2026-09-28T12:14:01.106Z	spark1	LOAD	19.374	7.536
2026-09-28T12:14:01.171Z	spark2	LOAD	22.275	4.221
2026-09-28T12:14:01.373Z	spark1	LOAD	18.821	7.537
2026-09-28T12:14:01.422Z	spark2	LOAD	22.268	4.221
2026-09-28T12:14:01.624Z	spark1	LOAD	19.693	7.536
2026-09-28T12:14:01.672Z	spark2	LOAD	22.252	4.221
2026-09-28T12:14:01.875Z	spark1	LOAD	21.983	7.536
2026-09-28T12:14:01.934Z	spark2	LOAD	22.244	4.221
2026-09-28T12:14:02.125Z	spark1	LOAD	22.387	7.536
2026-09-28T12:14:02.183Z	spark2	LOAD	22.229	4.221
2026-09-28T12:14:02.388Z	spark1	LOAD	22.630	7.538
2026-09-28T12:14:02.434Z	spark2	LOAD	22.214	4.221
2026-09-28T12:14:02.638Z	spark1	LOAD	22.590	7.538
2026-09-28T12:14:02.685Z	spark2	LOAD	22.198	4.221
2026-09-28T12:14:02.889Z	spark1	LOAD	22.525	7.538
2026-09-28T12:14:02.946Z	spark2	LOAD	22.198	4.221
2026-09-28T12:14:03.139Z	spark1	LOAD	22.485	7.538
2026-09-28T12:14:03.197Z	spark2	LOAD	22.183	4.221
2026-09-28T12:14:03.408Z	spark1	LOAD	22.449	7.538
2026-09-28T12:14:03.447Z	spark2	LOAD	22.167	4.221
2026-09-28T12:14:03.658Z	spark1	LOAD	22.405	7.538
2026-09-28T12:14:03.698Z	spark2	LOAD	22.160	4.221
2026-09-28T12:14:03.909Z	spark1	LOAD	22.355	7.538
2026-09-28T12:14:03.959Z	spark2	LOAD	22.145	4.221
2026-09-28T12:14:04.159Z	spark1	LOAD	22.317	7.538
2026-09-28T12:14:04.209Z	spark2	LOAD	22.145	4.221
2026-09-28T12:14:04.428Z	spark1	LOAD	22.030	7.538
2026-09-28T12:14:04.460Z	spark2	LOAD	22.130	4.221
2026-09-28T12:14:04.678Z	spark1	LOAD	21.789	7.538
2026-09-28T12:14:04.711Z	spark2	LOAD	22.122	4.221
2026-09-28T12:14:04.928Z	spark1	LOAD	21.724	7.538
2026-09-28T12:14:04.972Z	spark2	LOAD	22.127	4.221
2026-09-28T12:14:05.179Z	spark1	LOAD	21.693	7.538
2026-09-28T12:14:05.222Z	spark2	LOAD	22.115	4.221
2026-09-28T12:14:05.441Z	spark1	LOAD	21.657	7.538
2026-09-28T12:14:05.475Z	spark2	LOAD	22.101	4.221
2026-09-28T12:14:05.692Z	spark1	LOAD	21.619	7.538
2026-09-28T12:14:05.724Z	spark2	LOAD	22.094	4.221
2026-09-28T12:14:05.942Z	spark1	LOAD	21.590	7.538
2026-09-28T12:14:05.985Z	spark2	LOAD	22.094	4.221
2026-09-28T12:14:06.193Z	spark1	LOAD	21.560	7.538
2026-09-28T12:14:06.235Z	spark2	LOAD	22.080	4.221
2026-09-28T12:14:06.461Z	spark1	LOAD	21.524	7.538
2026-09-28T12:14:06.487Z	spark2	LOAD	22.072	4.221
2026-09-28T12:14:06.711Z	spark1	LOAD	21.488	7.538
2026-09-28T12:14:06.737Z	spark2	LOAD	22.057	4.221
2026-09-28T12:14:06.961Z	spark1	LOAD	21.429	7.538
2026-09-28T12:14:07.001Z	spark2	LOAD	22.059	4.221
2026-09-28T12:14:07.211Z	spark1	LOAD	21.377	7.538
2026-09-28T12:14:07.251Z	spark2	LOAD	22.052	4.221
2026-09-28T12:14:07.474Z	spark1	LOAD	21.333	7.538
2026-09-28T12:14:07.502Z	spark2	LOAD	22.037	4.221
2026-09-28T12:14:07.724Z	spark1	LOAD	21.288	7.538
2026-09-28T12:14:07.752Z	spark2	LOAD	22.029	4.221
2026-09-28T12:14:07.974Z	spark1	LOAD	21.248	7.538
2026-09-28T12:14:08.013Z	spark2	LOAD	23.206	4.221
2026-09-28T12:14:08.224Z	spark1	LOAD	21.200	7.538
2026-09-28T12:14:08.263Z	spark2	LOAD	23.205	4.221
2026-09-28T12:14:08.491Z	spark1	LOAD	21.152	7.538
2026-09-28T12:14:08.514Z	spark2	LOAD	23.205	4.221
2026-09-28T12:14:08.741Z	spark1	LOAD	21.107	7.538
2026-09-28T12:14:08.765Z	spark2	LOAD	23.205	4.221
2026-09-28T12:14:08.991Z	spark1	LOAD	21.048	7.538
2026-09-28T12:14:09.025Z	spark2	LOAD	23.212	4.221
2026-09-28T12:14:09.242Z	spark1	LOAD	20.983	7.538
2026-09-28T12:14:09.276Z	spark2	LOAD	23.212	4.221
2026-09-28T12:14:09.504Z	spark1	LOAD	20.940	7.538
2026-09-28T12:14:09.527Z	spark2	LOAD	23.212	4.221
2026-09-28T12:14:09.754Z	spark1	LOAD	20.890	7.538
2026-09-28T12:14:09.777Z	spark2	LOAD	23.212	4.221
2026-09-28T12:14:10.005Z	spark1	LOAD	20.849	7.538
2026-09-28T12:14:10.041Z	spark2	LOAD	23.220	4.221
2026-09-28T12:14:10.255Z	spark1	LOAD	20.807	7.538
2026-09-28T12:14:10.292Z	spark2	LOAD	23.220	4.221
2026-09-28T12:14:10.516Z	spark1	LOAD	20.715	7.538
2026-09-28T12:14:10.543Z	spark2	LOAD	23.220	4.221
2026-09-28T12:14:10.766Z	spark1	LOAD	20.666	7.538
2026-09-28T12:14:10.793Z	spark2	LOAD	23.220	4.221
2026-09-28T12:14:11.017Z	spark1	LOAD	20.629	7.534
2026-09-28T12:14:11.052Z	spark2	LOAD	23.208	4.218
2026-09-28T12:14:11.267Z	spark1	LOAD	20.422	7.534
2026-09-28T12:14:11.303Z	spark2	LOAD	23.203	4.216
2026-09-28T12:14:11.535Z	spark1	LOAD	20.389	7.534
2026-09-28T12:14:11.553Z	spark2	LOAD	23.199	4.213
2026-09-28T12:14:11.785Z	spark1	LOAD	20.355	7.534
2026-09-28T12:14:11.804Z	spark2	LOAD	23.198	4.212
2026-09-28T12:14:12.036Z	spark1	LOAD	20.318	7.534
2026-09-28T12:14:12.066Z	spark2	LOAD	23.205	4.212
2026-09-28T12:14:12.286Z	spark1	LOAD	20.285	7.534
2026-09-28T12:14:12.316Z	spark2	LOAD	23.205	4.212
2026-09-28T12:14:12.553Z	spark1	LOAD	20.246	7.534
2026-09-28T12:14:12.567Z	spark2	LOAD	23.205	4.212
2026-09-28T12:14:12.803Z	spark1	LOAD	20.779	7.537
2026-09-28T12:14:12.817Z	spark2	LOAD	23.205	4.212
2026-09-28T12:14:13.053Z	spark1	LOAD	20.802	7.544
2026-09-28T12:14:13.078Z	spark2	LOAD	23.212	4.212
2026-09-28T12:14:13.304Z	spark1	LOAD	20.731	7.548
2026-09-28T12:14:13.328Z	spark2	LOAD	23.212	4.212
2026-09-28T12:14:13.567Z	spark1	LOAD	20.745	7.551
2026-09-28T12:14:13.579Z	spark2	LOAD	23.212	4.212
2026-09-28T12:14:13.817Z	spark1	LOAD	20.699	7.553
2026-09-28T12:14:13.829Z	spark2	LOAD	23.212	4.212
2026-09-28T12:14:14.067Z	spark1	LOAD	20.674	7.556
2026-09-28T12:14:14.095Z	spark2	LOAD	23.220	4.212
2026-09-28T12:14:14.318Z	spark1	LOAD	20.634	7.556
2026-09-28T12:14:14.345Z	spark2	LOAD	23.220	4.212
2026-09-28T12:14:14.586Z	spark1	LOAD	20.583	7.556
2026-09-28T12:14:14.595Z	spark2	LOAD	23.220	4.212
2026-09-28T12:14:14.837Z	spark1	LOAD	20.541	7.556
2026-09-28T12:14:14.846Z	spark2	LOAD	23.220	4.212
2026-09-28T12:14:15.087Z	spark1	LOAD	20.513	7.558
2026-09-28T12:14:15.112Z	spark2	LOAD	23.228	4.212
2026-09-28T12:14:15.338Z	spark1	LOAD	20.454	7.558
2026-09-28T12:14:15.362Z	spark2	LOAD	23.228	4.212
2026-09-28T12:14:15.606Z	spark1	LOAD	20.412	7.559
2026-09-28T12:14:15.613Z	spark2	LOAD	23.228	4.212
2026-09-28T12:14:15.856Z	spark1	LOAD	20.401	7.564
2026-09-28T12:14:15.864Z	spark2	LOAD	23.228	4.212
2026-09-28T12:14:16.106Z	spark1	LOAD	20.358	7.564
2026-09-28T12:14:16.129Z	spark2	LOAD	23.237	4.212
2026-09-28T12:14:16.357Z	spark1	LOAD	20.322	7.564
2026-09-28T12:14:16.379Z	spark2	LOAD	23.237	4.212
2026-09-28T12:14:16.625Z	spark1	LOAD	20.279	7.564
2026-09-28T12:14:16.631Z	spark2	LOAD	23.237	4.212
2026-09-28T12:14:16.876Z	spark1	LOAD	20.243	7.564
2026-09-28T12:14:16.881Z	spark2	LOAD	23.237	4.212
2026-09-28T12:14:17.126Z	spark1	LOAD	20.207	7.564
2026-09-28T12:14:17.145Z	spark2	LOAD	23.245	4.212
2026-09-28T12:14:17.376Z	spark1	LOAD	20.143	7.564
2026-09-28T12:14:17.396Z	spark2	LOAD	23.245	4.212
2026-09-28T12:14:17.639Z	spark1	LOAD	20.140	7.564
2026-09-28T12:14:17.646Z	spark2	LOAD	23.245	4.212
2026-09-28T12:14:17.889Z	spark1	LOAD	20.101	7.564
2026-09-28T12:14:17.897Z	spark2	LOAD	23.253	4.212
2026-09-28T12:14:18.139Z	spark1	LOAD	20.057	7.564
2026-09-28T12:14:18.158Z	spark2	LOAD	23.253	4.212
2026-09-28T12:14:18.390Z	spark1	LOAD	20.015	7.564
2026-09-28T12:14:18.408Z	spark2	LOAD	23.253	4.212
2026-09-28T12:14:18.656Z	spark1	LOAD	19.892	7.564
2026-09-28T12:14:18.658Z	spark2	LOAD	23.253	4.212
2026-09-28T12:14:18.906Z	spark1	LOAD	19.926	7.567
2026-09-28T12:14:18.909Z	spark2	LOAD	23.263	4.212
2026-09-28T12:14:19.157Z	spark1	LOAD	19.885	7.567
2026-09-28T12:14:19.170Z	spark2	LOAD	23.263	4.212
2026-09-28T12:14:19.407Z	spark1	LOAD	19.818	7.567
2026-09-28T12:14:19.421Z	spark2	LOAD	23.263	4.212
2026-09-28T12:14:19.671Z	spark2	LOAD	23.263	4.212
2026-09-28T12:14:19.674Z	spark1	LOAD	19.814	7.568
2026-09-28T12:14:19.922Z	spark2	LOAD	23.272	4.212
2026-09-28T12:14:19.924Z	spark1	LOAD	19.776	7.570
2026-09-28T12:14:20.174Z	spark1	LOAD	19.748	7.572
2026-09-28T12:14:20.186Z	spark2	LOAD	23.272	4.212
2026-09-28T12:14:20.425Z	spark1	LOAD	19.711	7.572
2026-09-28T12:14:20.436Z	spark2	LOAD	23.272	4.212
2026-09-28T12:14:20.686Z	spark1	LOAD	19.670	7.572
2026-09-28T12:14:20.687Z	spark2	LOAD	23.272	4.212
2026-09-28T12:14:20.936Z	spark1	LOAD	19.642	7.575
2026-09-28T12:14:20.938Z	spark2	LOAD	23.282	4.212
2026-09-28T12:14:21.187Z	spark1	LOAD	19.600	7.575
2026-09-28T12:14:21.203Z	spark2	LOAD	23.282	4.212
2026-09-28T12:14:21.437Z	spark1	LOAD	19.488	7.575
2026-09-28T12:14:21.453Z	spark2	LOAD	23.282	4.212
2026-09-28T12:14:21.699Z	spark1	LOAD	19.304	7.575
2026-09-28T12:14:21.703Z	spark2	LOAD	23.278	4.212
2026-09-28T12:14:21.950Z	spark1	LOAD	19.484	7.576
2026-09-28T12:14:21.954Z	spark2	LOAD	23.262	4.210
2026-09-28T12:14:22.200Z	spark1	LOAD	19.446	7.576
2026-09-28T12:14:22.214Z	spark2	LOAD	23.279	4.208
2026-09-28T12:14:22.451Z	spark1	LOAD	19.702	7.576
2026-09-28T12:14:22.464Z	spark2	LOAD	23.297	4.208
2026-09-28T12:14:22.713Z	spark1	LOAD	21.334	7.575
2026-09-28T12:14:22.715Z	spark2	LOAD	23.293	4.206
2026-09-28T12:14:22.963Z	spark1	LOAD	22.584	7.575
2026-09-28T12:14:22.965Z	spark2	LOAD	23.293	4.204
2026-09-28T12:14:23.214Z	spark1	LOAD	22.547	7.575
2026-09-28T12:14:23.230Z	spark2	LOAD	23.292	4.201
2026-09-28T12:14:23.464Z	spark1	LOAD	22.476	7.575
2026-09-28T12:14:23.480Z	spark2	LOAD	23.291	4.200
2026-09-28T12:14:23.731Z	spark1	LOAD	22.133	7.575
2026-09-28T12:14:23.731Z	spark2	LOAD	23.291	4.200
2026-09-28T12:14:23.981Z	spark1	LOAD	22.082	7.575
2026-09-28T12:14:23.982Z	spark2	LOAD	23.298	4.200
2026-09-28T12:14:24.231Z	spark1	LOAD	22.047	7.575
2026-09-28T12:14:24.247Z	spark2	LOAD	23.298	4.200
2026-09-28T12:14:24.481Z	spark1	LOAD	22.014	7.575
2026-09-28T12:14:24.498Z	spark2	LOAD	23.298	4.200
2026-09-28T12:14:24.743Z	spark1	LOAD	21.971	7.575
2026-09-28T12:14:24.749Z	spark2	LOAD	23.298	4.200
2026-09-28T12:14:24.994Z	spark1	LOAD	21.935	7.575
2026-09-28T12:14:24.999Z	spark2	LOAD	23.306	4.200
2026-09-28T12:14:25.244Z	spark1	LOAD	21.899	7.575
2026-09-28T12:14:25.264Z	spark2	LOAD	23.306	4.200
2026-09-28T12:14:25.494Z	spark1	LOAD	21.836	7.575
2026-09-28T12:14:25.514Z	spark2	LOAD	23.306	4.200
2026-09-28T12:14:25.763Z	spark1	LOAD	21.791	7.575
2026-09-28T12:14:25.764Z	spark2	LOAD	23.306	4.200
2026-09-28T12:14:26.013Z	spark1	LOAD	21.754	7.575
2026-09-28T12:14:26.015Z	spark2	LOAD	23.314	4.200
2026-09-28T12:14:26.264Z	spark1	LOAD	21.714	7.575
2026-09-28T12:14:26.289Z	spark2	LOAD	23.317	4.200
2026-09-28T12:14:26.514Z	spark1	LOAD	21.676	7.575
2026-09-28T12:14:26.539Z	spark2	LOAD	23.317	4.200
2026-09-28T12:14:26.781Z	spark1	LOAD	21.642	7.575
2026-09-28T12:14:26.790Z	spark2	LOAD	23.317	4.200
2026-09-28T12:14:27.032Z	spark1	LOAD	21.606	7.575
2026-09-28T12:14:27.041Z	spark2	LOAD	23.325	4.200
2026-09-28T12:14:27.282Z	spark1	LOAD	21.566	7.575
2026-09-28T12:14:27.306Z	spark2	LOAD	23.326	4.200
2026-09-28T12:14:27.532Z	spark1	LOAD	21.524	7.575
2026-09-28T12:14:27.556Z	spark2	LOAD	23.326	4.200
2026-09-28T12:14:27.801Z	spark1	LOAD	21.474	7.575
2026-09-28T12:14:27.808Z	spark2	LOAD	23.326	4.200
2026-09-28T12:14:28.052Z	spark1	LOAD	21.437	7.575
2026-09-28T12:14:28.058Z	spark2	LOAD	23.334	4.200
2026-09-28T12:14:28.302Z	spark1	LOAD	21.393	7.575
2026-09-28T12:14:28.320Z	spark2	LOAD	23.325	4.200
2026-09-28T12:14:28.553Z	spark1	LOAD	21.359	7.575
2026-09-28T12:14:28.570Z	spark2	LOAD	23.325	4.200
2026-09-28T12:14:28.815Z	spark1	LOAD	21.318	7.575
2026-09-28T12:14:28.821Z	spark2	LOAD	23.325	4.200
2026-09-28T12:14:29.066Z	spark1	LOAD	21.269	7.575
2026-09-28T12:14:29.071Z	spark2	LOAD	23.335	4.200
2026-09-28T12:14:29.316Z	spark1	LOAD	21.228	7.575
2026-09-28T12:14:29.336Z	spark2	LOAD	23.335	4.200
2026-09-28T12:14:29.566Z	spark1	LOAD	21.191	7.575
2026-09-28T12:14:29.587Z	spark2	LOAD	23.335	4.200
2026-09-28T12:14:29.833Z	spark1	LOAD	21.129	7.575
2026-09-28T12:14:29.838Z	spark2	LOAD	23.335	4.200
2026-09-28T12:14:30.084Z	spark1	LOAD	21.091	7.575
2026-09-28T12:14:30.088Z	spark2	LOAD	23.343	4.200
2026-09-28T12:14:30.334Z	spark1	LOAD	21.056	7.575
2026-09-28T12:14:30.350Z	spark2	LOAD	23.343	4.200
2026-09-28T12:14:30.584Z	spark1	LOAD	21.017	7.575
2026-09-28T12:14:30.600Z	spark2	LOAD	23.343	4.200
2026-09-28T12:14:30.847Z	spark1	LOAD	20.976	7.575
2026-09-28T12:14:30.852Z	spark2	LOAD	23.343	4.200
2026-09-28T12:14:31.097Z	spark1	LOAD	20.933	7.575
2026-09-28T12:14:31.102Z	spark2	LOAD	23.352	4.200
2026-09-28T12:14:31.347Z	spark1	LOAD	20.898	7.575
2026-09-28T12:14:31.362Z	spark2	LOAD	23.351	4.200
2026-09-28T12:14:31.597Z	spark1	LOAD	20.859	7.575
2026-09-28T12:14:31.613Z	spark2	LOAD	23.351	4.200
2026-09-28T12:14:31.860Z	spark1	LOAD	20.736	7.575
2026-09-28T12:14:31.864Z	spark2	LOAD	23.351	4.200
2026-09-28T12:14:32.110Z	spark1	LOAD	20.702	7.575
2026-09-28T12:14:32.114Z	spark2	LOAD	23.358	4.200
2026-09-28T12:14:32.360Z	spark1	LOAD	20.668	7.575
2026-09-28T12:14:32.379Z	spark2	LOAD	23.358	4.200
2026-09-28T12:14:32.611Z	spark1	LOAD	20.584	7.575
2026-09-28T12:14:32.630Z	spark2	LOAD	23.358	4.200
2026-09-28T12:14:32.878Z	spark1	LOAD	20.537	7.575
2026-09-28T12:14:32.881Z	spark2	LOAD	23.358	4.200
2026-09-28T12:14:33.128Z	spark1	LOAD	20.272	7.575
2026-09-28T12:14:33.131Z	spark2	LOAD	23.360	4.198
2026-09-28T12:14:33.379Z	spark1	LOAD	20.215	7.575
2026-09-28T12:14:33.395Z	spark2	LOAD	23.335	4.196
2026-09-28T12:14:33.629Z	spark1	LOAD	20.166	7.575
2026-09-28T12:14:33.646Z	spark2	LOAD	23.328	4.193
2026-09-28T12:14:33.896Z	spark1	LOAD	20.080	7.575
2026-09-28T12:14:33.896Z	spark2	LOAD	23.331	4.193
2026-09-28T12:14:34.146Z	spark1	LOAD	20.042	7.575
2026-09-28T12:14:34.147Z	spark2	LOAD	23.330	4.193
2026-09-28T12:14:34.397Z	spark1	LOAD	20.578	7.575
2026-09-28T12:14:34.413Z	spark2	LOAD	23.330	4.193
2026-09-28T12:14:34.647Z	spark1	LOAD	20.541	7.575
2026-09-28T12:14:34.664Z	spark2	LOAD	23.330	4.193
2026-09-28T12:14:34.909Z	spark1	LOAD	20.500	7.575
2026-09-28T12:14:34.915Z	spark2	LOAD	23.337	4.193
2026-09-28T12:14:35.159Z	spark1	LOAD	20.459	7.575
2026-09-28T12:14:35.165Z	spark2	LOAD	23.337	4.193
2026-09-28T12:14:35.410Z	spark1	LOAD	20.495	7.575
2026-09-28T12:14:35.431Z	spark2	LOAD	23.337	4.193
2026-09-28T12:14:35.660Z	spark1	LOAD	20.459	7.576
2026-09-28T12:14:35.682Z	spark2	LOAD	23.337	4.193
2026-09-28T12:14:35.926Z	spark1	LOAD	20.381	7.576
2026-09-28T12:14:35.933Z	spark2	LOAD	23.338	4.193
2026-09-28T12:14:36.177Z	spark1	LOAD	20.341	7.576
2026-09-28T12:14:36.184Z	spark2	LOAD	23.338	4.193
2026-09-28T12:14:36.427Z	spark1	LOAD	20.223	7.576
2026-09-28T12:14:36.448Z	spark2	LOAD	23.344	4.193
2026-09-28T12:14:36.677Z	spark1	LOAD	20.298	7.576
2026-09-28T12:14:36.699Z	spark2	LOAD	23.344	4.193
2026-09-28T12:14:36.946Z	spark1	LOAD	20.197	7.576
2026-09-28T12:14:36.949Z	spark2	LOAD	23.346	4.193
2026-09-28T12:14:37.196Z	spark1	LOAD	20.154	7.576
2026-09-28T12:14:37.200Z	spark2	LOAD	23.346	4.193
2026-09-28T12:14:37.447Z	spark1	LOAD	20.116	7.576
2026-09-28T12:14:37.462Z	spark2	LOAD	23.346	4.193
2026-09-28T12:14:37.697Z	spark1	LOAD	20.071	7.576
2026-09-28T12:14:37.713Z	spark2	LOAD	23.346	4.193
2026-09-28T12:14:37.963Z	spark1	LOAD	20.068	7.576
2026-09-28T12:14:37.964Z	spark2	LOAD	23.352	4.193
2026-09-28T12:14:38.213Z	spark1	LOAD	20.025	7.576
2026-09-28T12:14:38.215Z	spark2	LOAD	23.352	4.193
2026-09-28T12:14:38.464Z	spark1	LOAD	19.983	7.576
2026-09-28T12:14:38.479Z	spark2	LOAD	23.352	4.193
2026-09-28T12:14:38.714Z	spark1	LOAD	19.965	7.577
2026-09-28T12:14:38.730Z	spark2	LOAD	23.352	4.193
2026-09-28T12:14:38.981Z	spark2	LOAD	23.356	4.193
2026-09-28T12:14:38.982Z	spark1	LOAD	19.901	7.577
2026-09-28T12:14:39.232Z	spark2	LOAD	23.356	4.193
2026-09-28T12:14:39.233Z	spark1	LOAD	19.856	7.577
2026-09-28T12:14:39.483Z	spark1	LOAD	19.829	7.577
2026-09-28T12:14:39.498Z	spark2	LOAD	23.356	4.193
2026-09-28T12:14:39.733Z	spark1	LOAD	19.796	7.577
2026-09-28T12:14:39.748Z	spark2	LOAD	23.356	4.193
2026-09-28T12:14:39.999Z	spark2	LOAD	23.358	4.193
2026-09-28T12:14:40.000Z	spark1	LOAD	19.712	7.577
2026-09-28T12:14:40.250Z	spark2	LOAD	23.358	4.193
2026-09-28T12:14:40.250Z	spark1	LOAD	19.431	7.577
2026-09-28T12:14:40.501Z	spark1	LOAD	19.192	7.577
2026-09-28T12:14:40.511Z	spark2	LOAD	23.358	4.193
2026-09-28T12:14:40.751Z	spark1	LOAD	19.570	7.578
2026-09-28T12:14:40.762Z	spark2	LOAD	23.358	4.193
2026-09-28T12:14:41.013Z	spark2	LOAD	23.360	4.193
2026-09-28T12:14:41.019Z	spark1	LOAD	19.594	7.580
2026-09-28T12:14:41.264Z	spark2	LOAD	23.360	4.193
2026-09-28T12:14:41.269Z	spark1	LOAD	19.552	7.580
2026-09-28T12:14:41.520Z	spark1	LOAD	19.276	7.580
2026-09-28T12:14:41.529Z	spark2	LOAD	23.360	4.193
2026-09-28T12:14:41.770Z	spark1	LOAD	19.468	7.581
2026-09-28T12:14:41.781Z	spark2	LOAD	23.360	4.193
2026-09-28T12:14:42.032Z	spark2	LOAD	23.362	4.193
2026-09-28T12:14:42.033Z	spark1	LOAD	19.391	7.581
2026-09-28T12:14:42.283Z	spark1	LOAD	19.361	7.581
2026-09-28T12:14:42.283Z	spark2	LOAD	23.362	4.193
2026-09-28T12:14:42.533Z	spark1	LOAD	19.316	7.581
2026-09-28T12:14:42.543Z	spark2	LOAD	23.362	4.193
2026-09-28T12:14:42.784Z	spark1	LOAD	19.313	7.581
2026-09-28T12:14:42.795Z	spark2	LOAD	23.362	4.193
2026-09-28T12:14:43.045Z	spark2	LOAD	23.363	4.193
2026-09-28T12:14:43.052Z	spark1	LOAD	19.271	7.581
2026-09-28T12:14:43.297Z	spark2	LOAD	23.363	4.193
2026-09-28T12:14:43.303Z	spark1	LOAD	19.426	7.581
2026-09-28T12:14:43.553Z	spark1	LOAD	20.762	7.581
2026-09-28T12:14:43.558Z	spark2	LOAD	23.362	4.193
2026-09-28T12:14:43.803Z	spark1	LOAD	22.386	7.581
2026-09-28T12:14:43.808Z	spark2	LOAD	23.362	4.193
2026-09-28T12:14:44.058Z	spark2	LOAD	23.363	4.191
2026-09-28T12:14:44.066Z	spark1	LOAD	22.427	7.581
2026-09-28T12:14:44.308Z	spark2	LOAD	23.353	4.189
2026-09-28T12:14:44.316Z	spark1	LOAD	22.395	7.581
2026-09-28T12:14:44.566Z	spark1	LOAD	22.352	7.581
2026-09-28T12:14:44.569Z	spark2	LOAD	23.354	4.186
2026-09-28T12:14:44.817Z	spark1	LOAD	22.314	7.581
2026-09-28T12:14:44.820Z	spark2	LOAD	23.354	4.186
2026-09-28T12:14:45.071Z	spark2	LOAD	23.353	4.186
2026-09-28T12:14:45.084Z	spark1	LOAD	22.277	7.581
2026-09-28T12:14:45.322Z	spark2	LOAD	23.353	4.186
2026-09-28T12:14:45.334Z	spark1	LOAD	22.252	7.581
2026-09-28T12:14:45.583Z	spark2	LOAD	23.353	4.186
2026-09-28T12:14:45.584Z	spark1	LOAD	22.221	7.581
2026-09-28T12:14:45.834Z	spark2	LOAD	23.353	4.186
2026-09-28T12:14:45.835Z	spark1	LOAD	22.181	7.581
2026-09-28T12:14:46.084Z	spark2	LOAD	23.354	4.186
2026-09-28T12:14:46.097Z	spark1	LOAD	22.162	7.581
2026-09-28T12:14:46.336Z	spark2	LOAD	23.354	4.186
2026-09-28T12:14:46.347Z	spark1	LOAD	22.113	7.581
2026-09-28T12:14:46.597Z	spark2	LOAD	23.354	4.186
2026-09-28T12:14:46.598Z	spark1	LOAD	22.080	7.581
2026-09-28T12:14:46.848Z	spark2	LOAD	23.354	4.186
2026-09-28T12:14:46.848Z	spark1	LOAD	22.042	7.581
2026-09-28T12:14:47.099Z	spark2	LOAD	23.356	4.186
2026-09-28T12:14:47.115Z	spark1	LOAD	21.995	7.581
2026-09-28T12:14:47.350Z	spark2	LOAD	23.356	4.186
2026-09-28T12:14:47.366Z	spark1	LOAD	21.967	7.581
2026-09-28T12:14:47.615Z	spark2	LOAD	23.356	4.186
2026-09-28T12:14:47.616Z	spark1	LOAD	21.934	7.581
2026-09-28T12:14:47.866Z	spark1	LOAD	21.897	7.581
2026-09-28T12:14:47.866Z	spark2	LOAD	23.356	4.186
2026-09-28T12:14:48.117Z	spark2	LOAD	23.357	4.186
2026-09-28T12:14:48.133Z	spark1	LOAD	21.837	7.581
2026-09-28T12:14:48.368Z	spark2	LOAD	23.358	4.186
2026-09-28T12:14:48.383Z	spark1	LOAD	21.802	7.581
2026-09-28T12:14:48.629Z	spark2	LOAD	23.358	4.186
2026-09-28T12:14:48.634Z	spark1	LOAD	21.762	7.581
2026-09-28T12:14:48.880Z	spark2	LOAD	23.358	4.186
2026-09-28T12:14:48.884Z	spark1	LOAD	21.728	7.581
2026-09-28T12:14:49.131Z	spark2	LOAD	23.358	4.186
2026-09-28T12:14:49.147Z	spark1	LOAD	21.681	7.581
2026-09-28T12:14:49.381Z	spark2	LOAD	23.358	4.186
2026-09-28T12:14:49.397Z	spark1	LOAD	21.652	7.581
2026-09-28T12:14:49.646Z	spark2	LOAD	23.357	4.186
2026-09-28T12:14:49.648Z	spark1	LOAD	21.607	7.581
2026-09-28T12:14:49.896Z	spark2	LOAD	23.357	4.186
2026-09-28T12:14:49.898Z	spark1	LOAD	21.578	7.581
2026-09-28T12:14:50.146Z	spark2	LOAD	23.357	4.186
2026-09-28T12:14:50.166Z	spark1	LOAD	21.503	7.581
2026-09-28T12:14:50.397Z	spark2	LOAD	23.357	4.186
2026-09-28T12:14:50.416Z	spark1	LOAD	21.470	7.581
2026-09-28T12:14:50.658Z	spark2	LOAD	23.357	4.186
2026-09-28T12:14:50.667Z	spark1	LOAD	21.430	7.581
2026-09-28T12:14:50.909Z	spark2	LOAD	23.357	4.186
2026-09-28T12:14:50.917Z	spark1	LOAD	21.404	7.581
2026-09-28T12:14:51.160Z	spark2	LOAD	23.359	4.186
2026-09-28T12:14:51.185Z	spark1	LOAD	21.363	7.581
2026-09-28T12:14:51.411Z	spark2	LOAD	23.359	4.186
2026-09-28T12:14:51.435Z	spark1	LOAD	21.319	7.581
2026-09-28T12:14:51.676Z	spark2	LOAD	23.359	4.186
2026-09-28T12:14:51.686Z	spark1	LOAD	21.287	7.581
2026-09-28T12:14:51.927Z	spark2	LOAD	23.359	4.186
2026-09-28T12:14:51.936Z	spark1	LOAD	21.247	7.581
2026-09-28T12:14:52.178Z	spark2	LOAD	23.359	4.186
2026-09-28T12:14:52.203Z	spark1	LOAD	21.185	7.581
2026-09-28T12:14:52.429Z	spark2	LOAD	23.359	4.186
2026-09-28T12:14:52.453Z	spark1	LOAD	21.148	7.581
2026-09-28T12:14:52.690Z	spark2	LOAD	23.359	4.186
2026-09-28T12:14:52.703Z	spark1	LOAD	21.114	7.581
2026-09-28T12:14:52.940Z	spark2	LOAD	23.359	4.186
2026-09-28T12:14:52.954Z	spark1	LOAD	21.076	7.580
2026-09-28T12:14:53.192Z	spark2	LOAD	23.359	4.186
2026-09-28T12:14:53.216Z	spark1	LOAD	21.039	7.580
2026-09-28T12:14:53.442Z	spark2	LOAD	23.359	4.186
2026-09-28T12:14:53.467Z	spark1	LOAD	21.008	7.580
2026-09-28T12:14:53.708Z	spark2	LOAD	23.359	4.186
2026-09-28T12:14:53.717Z	spark1	LOAD	20.471	7.580
2026-09-28T12:14:53.957Z	spark2	LOAD	23.360	4.186
2026-09-28T12:14:53.967Z	spark1	LOAD	20.419	7.580
2026-09-28T12:14:54.209Z	spark2	LOAD	23.360	4.186
2026-09-28T12:14:54.236Z	spark1	LOAD	20.362	7.580
2026-09-28T12:14:54.459Z	spark2	LOAD	23.360	4.186
2026-09-28T12:14:54.486Z	spark1	LOAD	20.254	7.580
2026-09-28T12:14:54.720Z	spark2	LOAD	23.360	4.186
2026-09-28T12:14:54.737Z	spark1	LOAD	20.805	7.580
2026-09-28T12:14:54.971Z	spark2	LOAD	23.359	4.184
2026-09-28T12:14:54.987Z	spark1	LOAD	20.762	7.580
2026-09-28T12:14:55.221Z	spark2	LOAD	23.359	4.183
2026-09-28T12:14:55.250Z	spark1	LOAD	20.726	7.580
2026-09-28T12:14:55.471Z	spark2	LOAD	23.367	4.180
2026-09-28T12:14:55.500Z	spark1	LOAD	20.697	7.580
2026-09-28T12:14:55.737Z	spark2	LOAD	23.365	4.180
2026-09-28T12:14:55.750Z	spark1	LOAD	20.653	7.580
2026-09-28T12:14:55.988Z	spark2	LOAD	23.365	4.180
2026-09-28T12:14:56.001Z	spark1	LOAD	20.612	7.580
2026-09-28T12:14:56.239Z	spark2	LOAD	23.365	4.180
2026-09-28T12:14:56.269Z	spark1	LOAD	20.554	7.580
2026-09-28T12:14:56.489Z	spark2	LOAD	23.365	4.180
2026-09-28T12:14:56.519Z	spark1	LOAD	20.487	7.580
2026-09-28T12:14:56.755Z	spark2	LOAD	23.365	4.180
2026-09-28T12:14:56.771Z	spark1	LOAD	20.449	7.580
2026-09-28T12:14:57.006Z	spark2	LOAD	23.365	4.180
2026-09-28T12:14:57.021Z	spark1	LOAD	20.416	7.580
2026-09-28T12:14:57.255Z	spark2	LOAD	23.365	4.180
2026-09-28T12:14:57.288Z	spark1	LOAD	20.083	7.580
2026-09-28T12:14:57.506Z	spark2	LOAD	23.365	4.180
2026-09-28T12:14:57.538Z	spark1	LOAD	19.949	7.580
2026-09-28T12:14:57.771Z	spark2	LOAD	23.365	4.180
2026-09-28T12:14:57.788Z	spark1	LOAD	19.845	7.580
2026-09-28T12:14:58.022Z	spark2	LOAD	23.365	4.180
2026-09-28T12:14:58.039Z	spark1	LOAD	19.720	7.580
2026-09-28T12:14:58.273Z	spark2	LOAD	23.365	4.180
2026-09-28T12:14:58.301Z	spark1	LOAD	20.196	7.580
2026-09-28T12:14:58.524Z	spark2	LOAD	23.365	4.180
2026-09-28T12:14:58.551Z	spark1	LOAD	19.644	7.580
2026-09-28T12:14:58.786Z	spark2	LOAD	23.365	4.180
2026-09-28T12:14:58.802Z	spark1	LOAD	19.605	7.580
2026-09-28T12:14:59.036Z	spark2	LOAD	23.365	4.180
2026-09-28T12:14:59.052Z	spark1	LOAD	20.152	7.580
2026-09-28T12:14:59.287Z	spark2	LOAD	23.365	4.180
2026-09-28T12:14:59.313Z	spark1	LOAD	20.109	7.580
2026-09-28T12:14:59.538Z	spark2	LOAD	23.365	4.180
2026-09-28T12:14:59.563Z	spark1	LOAD	20.068	7.580
2026-09-28T12:14:59.803Z	spark2	LOAD	23.364	4.180
2026-09-28T12:14:59.814Z	spark1	LOAD	20.026	7.580
2026-09-28T12:15:00.055Z	spark2	LOAD	23.363	4.180
2026-09-28T12:15:00.064Z	spark1	LOAD	19.997	7.580
2026-09-28T12:15:00.305Z	spark2	LOAD	23.363	4.180
2026-09-28T12:15:00.326Z	spark1	LOAD	19.959	7.580
2026-09-28T12:15:00.556Z	spark2	LOAD	23.363	4.180
2026-09-28T12:15:00.577Z	spark1	LOAD	19.897	7.580
2026-09-28T12:15:00.817Z	spark2	LOAD	23.363	4.180
2026-09-28T12:15:00.827Z	spark1	LOAD	19.861	7.580
2026-09-28T12:15:01.068Z	spark2	LOAD	23.363	4.180
2026-09-28T12:15:01.077Z	spark1	LOAD	19.826	7.580
2026-09-28T12:15:01.318Z	spark2	LOAD	23.363	4.180
2026-09-28T12:15:01.339Z	spark1	LOAD	19.780	7.580
2026-09-28T12:15:01.569Z	spark2	LOAD	23.363	4.180
2026-09-28T12:15:01.590Z	spark1	LOAD	19.744	7.580
2026-09-28T12:15:01.834Z	spark2	LOAD	23.363	4.180
2026-09-28T12:15:01.840Z	spark1	LOAD	19.736	7.580
2026-09-28T12:15:02.085Z	spark2	LOAD	23.363	4.180
2026-09-28T12:15:02.090Z	spark1	LOAD	19.687	7.580
2026-09-28T12:15:02.336Z	spark2	LOAD	23.363	4.180
2026-09-28T12:15:02.357Z	spark1	LOAD	19.091	7.580
2026-09-28T12:15:02.587Z	spark2	LOAD	23.363	4.180
2026-09-28T12:15:02.608Z	spark1	LOAD	19.492	7.580
2026-09-28T12:15:02.852Z	spark2	LOAD	23.363	4.180
2026-09-28T12:15:02.858Z	spark1	LOAD	19.614	7.580
2026-09-28T12:15:03.103Z	spark2	LOAD	23.363	4.180
2026-09-28T12:15:03.108Z	spark1	LOAD	21.049	7.579
2026-09-28T12:15:03.353Z	spark2	LOAD	23.363	4.180
2026-09-28T12:15:03.375Z	spark1	LOAD	22.603	7.579
2026-09-28T12:15:03.604Z	spark2	LOAD	23.363	4.180
2026-09-28T12:15:03.626Z	spark1	LOAD	22.393	7.579
2026-09-28T12:15:03.869Z	spark2	LOAD	23.363	4.180
2026-09-28T12:15:03.876Z	spark1	LOAD	22.541	7.579
2026-09-28T12:15:04.120Z	spark2	LOAD	23.363	4.180
2026-09-28T12:15:04.126Z	spark1	LOAD	22.481	7.579
2026-09-28T12:15:04.371Z	spark2	LOAD	23.363	4.180
2026-09-28T12:15:04.396Z	spark1	LOAD	22.439	7.579
2026-09-28T12:15:04.622Z	spark2	LOAD	23.363	4.180
2026-09-28T12:15:04.646Z	spark1	LOAD	22.023	7.579
2026-09-28T12:15:04.883Z	spark2	LOAD	23.363	4.180
2026-09-28T12:15:04.896Z	spark1	LOAD	21.853	7.579
2026-09-28T12:15:05.133Z	spark2	LOAD	23.363	4.180
2026-09-28T12:15:05.147Z	spark1	LOAD	21.745	7.579
2026-09-28T12:15:05.384Z	spark2	LOAD	23.364	4.180
2026-09-28T12:15:05.408Z	spark1	LOAD	21.679	7.579
2026-09-28T12:15:05.635Z	spark2	LOAD	23.364	4.180
2026-09-28T12:15:05.658Z	spark1	LOAD	21.622	7.579
2026-09-28T12:15:05.899Z	spark2	LOAD	23.361	4.178
2026-09-28T12:15:05.909Z	spark1	LOAD	21.584	7.579
2026-09-28T12:15:06.149Z	spark2	LOAD	23.357	4.177
2026-09-28T12:15:06.159Z	spark1	LOAD	21.541	7.579
2026-09-28T12:15:06.400Z	spark2	LOAD	23.359	4.175
2026-09-28T12:15:06.426Z	spark1	LOAD	21.483	7.579
2026-09-28T12:15:06.651Z	spark2	LOAD	23.359	4.175
2026-09-28T12:15:06.676Z	spark1	LOAD	21.427	7.579
2026-09-28T12:15:06.913Z	spark2	LOAD	23.359	4.175
2026-09-28T12:15:06.926Z	spark1	LOAD	21.402	7.579
2026-09-28T12:15:07.163Z	spark2	LOAD	23.360	4.175
2026-09-28T12:15:07.177Z	spark1	LOAD	21.367	7.579
2026-09-28T12:15:07.414Z	spark2	LOAD	23.360	4.175
2026-09-28T12:15:07.439Z	spark1	LOAD	21.325	7.579
2026-09-28T12:15:07.664Z	spark2	LOAD	23.360	4.175
2026-09-28T12:15:07.689Z	spark1	LOAD	21.294	7.579
2026-09-28T12:15:07.928Z	spark2	LOAD	23.360	4.175
2026-09-28T12:15:07.940Z	spark1	LOAD	21.255	7.579
2026-09-28T12:15:08.179Z	spark2	LOAD	23.360	4.175
2026-09-28T12:15:08.190Z	spark1	LOAD	21.221	7.579
2026-09-28T12:15:08.429Z	spark2	LOAD	23.360	4.175
2026-09-28T12:15:08.458Z	spark1	LOAD	21.183	7.579
2026-09-28T12:15:08.680Z	spark2	LOAD	23.360	4.175
2026-09-28T12:15:08.708Z	spark1	LOAD	21.112	7.579
2026-09-28T12:15:08.945Z	spark2	LOAD	23.362	4.175
2026-09-28T12:15:08.958Z	spark1	LOAD	21.074	7.579
2026-09-28T12:15:09.196Z	spark2	LOAD	23.362	4.175
2026-09-28T12:15:09.208Z	spark1	LOAD	21.030	7.579
2026-09-28T12:15:09.446Z	spark2	LOAD	23.362	4.175
2026-09-28T12:15:09.475Z	spark1	LOAD	20.998	7.579
2026-09-28T12:15:09.696Z	spark2	LOAD	23.362	4.175
2026-09-28T12:15:09.726Z	spark1	LOAD	20.963	7.579
2026-09-28T12:15:09.962Z	spark2	LOAD	23.363	4.175
2026-09-28T12:15:09.976Z	spark1	LOAD	20.927	7.579
2026-09-28T12:15:10.214Z	spark2	LOAD	23.363	4.175
2026-09-28T12:15:10.226Z	spark1	LOAD	20.888	7.579
2026-09-28T12:15:10.464Z	spark2	LOAD	23.363	4.175
2026-09-28T12:15:10.496Z	spark1	LOAD	21.185	7.579
2026-09-28T12:15:10.714Z	spark2	LOAD	23.363	4.175
2026-09-28T12:15:10.746Z	spark1	LOAD	20.817	7.579
2026-09-28T12:15:10.979Z	spark2	LOAD	23.363	4.175
2026-09-28T12:15:10.996Z	spark1	LOAD	21.355	7.579
2026-09-28T12:15:11.230Z	spark2	LOAD	23.365	4.175
2026-09-28T12:15:11.247Z	spark1	LOAD	21.313	7.579
2026-09-28T12:15:11.481Z	spark2	LOAD	23.365	4.175
2026-09-28T12:15:11.515Z	spark1	LOAD	20.701	7.579
2026-09-28T12:15:11.731Z	spark2	LOAD	23.365	4.175
2026-09-28T12:15:11.766Z	spark1	LOAD	20.654	7.579
2026-09-28T12:15:11.996Z	spark2	LOAD	23.365	4.175
2026-09-28T12:15:12.016Z	spark1	LOAD	21.179	7.579
2026-09-28T12:15:12.247Z	spark2	LOAD	23.365	4.175
2026-09-28T12:15:12.266Z	spark1	LOAD	21.142	7.579
2026-09-28T12:15:12.498Z	spark2	LOAD	23.365	4.175
2026-09-28T12:15:12.534Z	spark1	LOAD	20.582	7.579
2026-09-28T12:15:12.749Z	spark2	LOAD	23.365	4.175
2026-09-28T12:15:12.785Z	spark1	LOAD	21.052	7.579
2026-09-28T12:15:13.010Z	spark2	LOAD	23.372	4.175
2026-09-28T12:15:13.035Z	spark1	LOAD	21.034	7.579
2026-09-28T12:15:13.260Z	spark2	LOAD	23.372	4.175
2026-09-28T12:15:13.285Z	spark1	LOAD	20.990	7.579
2026-09-28T12:15:13.511Z	spark2	LOAD	23.372	4.175
2026-09-28T12:15:13.552Z	spark1	LOAD	20.977	7.580
2026-09-28T12:15:13.762Z	spark2	LOAD	23.372	4.175
2026-09-28T12:15:13.803Z	spark1	LOAD	20.944	7.580
2026-09-28T12:15:14.022Z	spark2	LOAD	23.372	4.175
2026-09-28T12:15:14.053Z	spark1	LOAD	20.899	7.580
2026-09-28T12:15:14.273Z	spark2	LOAD	23.372	4.175
2026-09-28T12:15:14.303Z	spark1	LOAD	20.859	7.580
2026-09-28T12:15:14.524Z	spark2	LOAD	23.372	4.175
2026-09-28T12:15:14.565Z	spark1	LOAD	20.813	7.580
2026-09-28T12:15:14.774Z	spark2	LOAD	23.372	4.175
2026-09-28T12:15:14.816Z	spark1	LOAD	20.771	7.580
2026-09-28T12:15:15.040Z	spark2	LOAD	23.372	4.175
2026-09-28T12:15:15.066Z	spark1	LOAD	20.703	7.580
2026-09-28T12:15:15.290Z	spark2	LOAD	23.372	4.175
2026-09-28T12:15:15.316Z	spark1	LOAD	20.669	7.580
2026-09-28T12:15:15.541Z	spark2	LOAD	23.372	4.175
2026-09-28T12:15:15.584Z	spark1	LOAD	20.640	7.580
2026-09-28T12:15:15.791Z	spark2	LOAD	23.372	4.175
2026-09-28T12:15:15.834Z	spark1	LOAD	20.597	7.580
2026-09-28T12:15:16.057Z	spark2	LOAD	23.372	4.175
2026-09-28T12:15:16.085Z	spark1	LOAD	20.567	7.580
2026-09-28T12:15:16.307Z	spark2	LOAD	23.372	4.175
2026-09-28T12:15:16.335Z	spark1	LOAD	20.501	7.580
2026-09-28T12:15:16.558Z	spark2	LOAD	23.372	4.175
2026-09-28T12:15:16.602Z	spark1	LOAD	20.450	7.580
2026-09-28T12:15:16.808Z	spark2	LOAD	23.369	4.172
2026-09-28T12:15:16.852Z	spark1	LOAD	20.416	7.580
2026-09-28T12:15:17.072Z	spark2	LOAD	23.358	4.171
2026-09-28T12:15:17.102Z	spark1	LOAD	20.036	7.580
2026-09-28T12:15:17.322Z	spark2	LOAD	23.356	4.168
2026-09-28T12:15:17.353Z	spark1	LOAD	19.761	7.580
2026-09-28T12:15:17.573Z	spark2	LOAD	23.352	4.167
2026-09-28T12:15:17.619Z	spark1	LOAD	19.789	7.580
2026-09-28T12:15:17.824Z	spark2	LOAD	23.352	4.167
2026-09-28T12:15:17.870Z	spark1	LOAD	20.303	7.580
2026-09-28T12:15:18.085Z	spark2	LOAD	23.352	4.167
2026-09-28T12:15:18.121Z	spark1	LOAD	20.267	7.580
2026-09-28T12:15:18.336Z	spark2	LOAD	23.352	4.167
2026-09-28T12:15:18.371Z	spark1	LOAD	20.022	7.581
2026-09-28T12:15:18.587Z	spark2	LOAD	23.352	4.167
2026-09-28T12:15:18.638Z	spark1	LOAD	20.215	7.583
2026-09-28T12:15:18.837Z	spark2	LOAD	23.352	4.167
2026-09-28T12:15:18.888Z	spark1	LOAD	20.201	7.583
2026-09-28T12:15:19.098Z	spark2	LOAD	23.353	4.167
2026-09-28T12:15:19.139Z	spark1	LOAD	20.123	7.584
2026-09-28T12:15:19.349Z	spark2	LOAD	23.353	4.167
2026-09-28T12:15:19.389Z	spark1	LOAD	20.083	7.584
2026-09-28T12:15:19.600Z	spark2	LOAD	23.353	4.167
2026-09-28T12:15:19.652Z	spark1	LOAD	20.038	7.584
2026-09-28T12:15:19.850Z	spark2	LOAD	23.354	4.167
2026-09-28T12:15:19.903Z	spark1	LOAD	19.998	7.584
2026-09-28T12:15:20.115Z	spark2	LOAD	23.356	4.167
2026-09-28T12:15:20.153Z	spark1	LOAD	19.962	7.584
2026-09-28T12:15:20.366Z	spark2	LOAD	23.356	4.167
2026-09-28T12:15:20.403Z	spark1	LOAD	19.928	7.584
2026-09-28T12:15:20.617Z	spark2	LOAD	23.356	4.167
2026-09-28T12:15:20.666Z	spark1	LOAD	19.918	7.584
2026-09-28T12:15:20.868Z	spark2	LOAD	23.356	4.167
2026-09-28T12:15:20.917Z	spark1	LOAD	19.877	7.584
2026-09-28T12:15:21.129Z	spark2	LOAD	23.356	4.167
2026-09-28T12:15:21.167Z	spark1	LOAD	19.739	7.584
2026-09-28T12:15:21.380Z	spark2	LOAD	23.357	4.167
2026-09-28T12:15:21.417Z	spark1	LOAD	19.799	7.585
2026-09-28T12:15:21.630Z	spark2	LOAD	23.357	4.167
2026-09-28T12:15:21.680Z	spark1	LOAD	19.757	7.585
2026-09-28T12:15:21.882Z	spark2	LOAD	23.357	4.167
2026-09-28T12:15:21.930Z	spark1	LOAD	19.715	7.585
2026-09-28T12:15:22.147Z	spark2	LOAD	23.358	4.167
2026-09-28T12:15:22.180Z	spark1	LOAD	19.682	7.585
2026-09-28T12:15:22.398Z	spark2	LOAD	23.358	4.167
2026-09-28T12:15:22.431Z	spark1	LOAD	19.260	7.585
2026-09-28T12:15:22.648Z	spark2	LOAD	23.358	4.167
2026-09-28T12:15:22.700Z	spark1	LOAD	19.596	7.586
2026-09-28T12:15:22.899Z	spark2	LOAD	23.358	4.167
2026-09-28T12:15:22.951Z	spark1	LOAD	19.554	7.586
2026-09-28T12:15:23.164Z	spark2	LOAD	23.358	4.167
2026-09-28T12:15:23.201Z	spark1	LOAD	19.483	7.586
2026-09-28T12:15:23.414Z	spark2	LOAD	23.358	4.167
2026-09-28T12:15:23.452Z	spark1	LOAD	19.444	7.586
2026-09-28T12:15:23.665Z	spark2	LOAD	23.358	4.167
2026-09-28T12:15:23.717Z	spark1	LOAD	19.399	7.586
2026-09-28T12:15:23.916Z	spark2	LOAD	23.358	4.167
2026-09-28T12:15:23.968Z	spark1	LOAD	19.361	7.586
2026-09-28T12:15:24.177Z	spark2	LOAD	23.358	4.167
2026-09-28T12:15:24.218Z	spark1	LOAD	20.315	7.585
2026-09-28T12:15:24.429Z	spark2	LOAD	23.358	4.167
2026-09-28T12:15:24.469Z	spark1	LOAD	21.929	7.585
2026-09-28T12:15:24.678Z	spark2	LOAD	23.358	4.167
2026-09-28T12:15:24.735Z	spark1	LOAD	22.668	7.585
2026-09-28T12:15:24.929Z	spark2	LOAD	23.358	4.167
2026-09-28T12:15:24.985Z	spark1	LOAD	22.629	7.585
2026-09-28T12:15:25.194Z	spark2	LOAD	23.359	4.167
2026-09-28T12:15:25.236Z	spark1	LOAD	22.567	7.585
2026-09-28T12:15:25.445Z	spark2	LOAD	23.359	4.167
2026-09-28T12:15:25.486Z	spark1	LOAD	22.529	7.585
2026-09-28T12:15:25.696Z	spark2	LOAD	23.359	4.167
2026-09-28T12:15:25.753Z	spark1	LOAD	22.493	7.585
2026-09-28T12:15:25.947Z	spark2	LOAD	23.359	4.167
2026-09-28T12:15:26.003Z	spark1	LOAD	22.464	7.585
2026-09-28T12:15:26.212Z	spark2	LOAD	23.358	4.167
2026-09-28T12:15:26.253Z	spark1	LOAD	22.425	7.585
2026-09-28T12:15:26.463Z	spark2	LOAD	23.358	4.167
2026-09-28T12:15:26.504Z	spark1	LOAD	22.398	7.585
2026-09-28T12:15:26.714Z	spark2	LOAD	23.358	4.167
2026-09-28T12:15:26.769Z	spark1	LOAD	22.358	7.585
2026-09-28T12:15:26.965Z	spark2	LOAD	23.358	4.167
2026-09-28T12:15:27.019Z	spark1	LOAD	22.326	7.585
2026-09-28T12:15:27.225Z	spark2	LOAD	23.357	4.167
2026-09-28T12:15:27.269Z	spark1	LOAD	22.219	7.585
2026-09-28T12:15:27.476Z	spark2	LOAD	23.357	4.167
2026-09-28T12:15:27.519Z	spark1	LOAD	22.173	7.585
2026-09-28T12:15:27.727Z	spark2	LOAD	23.331	4.165
2026-09-28T12:15:27.781Z	spark1	LOAD	22.156	7.585
2026-09-28T12:15:27.977Z	spark2	LOAD	23.353	4.165
2026-09-28T12:15:28.032Z	spark1	LOAD	22.130	7.585
2026-09-28T12:15:28.238Z	spark2	LOAD	23.345	4.164
2026-09-28T12:15:28.282Z	spark1	LOAD	22.084	7.585
2026-09-28T12:15:28.489Z	spark2	LOAD	23.345	4.161
2026-09-28T12:15:28.532Z	spark1	LOAD	22.048	7.585
2026-09-28T12:15:28.739Z	spark2	LOAD	23.345	4.161
2026-09-28T12:15:28.794Z	spark1	LOAD	22.014	7.585
2026-09-28T12:15:28.990Z	spark2	LOAD	23.345	4.161
2026-09-28T12:15:29.045Z	spark1	LOAD	21.979	7.585
2026-09-28T12:15:29.255Z	spark2	LOAD	23.345	4.161
2026-09-28T12:15:29.295Z	spark1	LOAD	21.927	7.585
2026-09-28T12:15:29.506Z	spark2	LOAD	23.345	4.161
2026-09-28T12:15:29.545Z	spark1	LOAD	21.889	7.585
2026-09-28T12:15:29.757Z	spark2	LOAD	23.345	4.161
2026-09-28T12:15:29.811Z	spark1	LOAD	21.855	7.585
2026-09-28T12:15:30.007Z	spark2	LOAD	23.345	4.161
2026-09-28T12:15:30.062Z	spark1	LOAD	21.821	7.585
2026-09-28T12:15:30.273Z	spark2	LOAD	23.345	4.161
2026-09-28T12:15:30.312Z	spark1	LOAD	21.787	7.585
2026-09-28T12:15:30.524Z	spark2	LOAD	23.345	4.161
2026-09-28T12:15:30.563Z	spark1	LOAD	21.748	7.585
2026-09-28T12:15:30.775Z	spark2	LOAD	23.345	4.161
2026-09-28T12:15:30.832Z	spark1	LOAD	21.702	7.585
2026-09-28T12:15:31.026Z	spark2	LOAD	23.346	4.161
2026-09-28T12:15:31.082Z	spark1	LOAD	21.665	7.585
2026-09-28T12:15:31.287Z	spark2	LOAD	23.346	4.161
2026-09-28T12:15:31.332Z	spark1	LOAD	21.617	7.585
2026-09-28T12:15:31.537Z	spark2	LOAD	23.346	4.161
2026-09-28T12:15:31.582Z	spark1	LOAD	21.578	7.585
2026-09-28T12:15:31.788Z	spark2	LOAD	23.346	4.161
2026-09-28T12:15:31.843Z	spark1	LOAD	21.532	7.585
2026-09-28T12:15:32.039Z	spark2	LOAD	23.346	4.161
2026-09-28T12:15:32.094Z	spark1	LOAD	21.489	7.585
2026-09-28T12:15:32.304Z	spark2	LOAD	23.346	4.161
2026-09-28T12:15:32.344Z	spark1	LOAD	21.447	7.585
2026-09-28T12:15:32.555Z	spark2	LOAD	23.346	4.161
2026-09-28T12:15:32.594Z	spark1	LOAD	21.407	7.585
2026-09-28T12:15:32.805Z	spark2	LOAD	23.346	4.161
2026-09-28T12:15:32.856Z	spark1	LOAD	21.370	7.585
2026-09-28T12:15:33.055Z	spark2	LOAD	23.346	4.161
2026-09-28T12:15:33.107Z	spark1	LOAD	21.332	7.585
2026-09-28T12:15:33.321Z	spark2	LOAD	23.346	4.161
2026-09-28T12:15:33.357Z	spark1	LOAD	21.273	7.585
2026-09-28T12:15:33.571Z	spark2	LOAD	23.346	4.161
2026-09-28T12:15:33.607Z	spark1	LOAD	21.237	7.585
2026-09-28T12:15:33.822Z	spark2	LOAD	23.346	4.161
2026-09-28T12:15:33.869Z	spark1	LOAD	21.196	7.585
2026-09-28T12:15:34.073Z	spark2	LOAD	23.346	4.161
2026-09-28T12:15:34.119Z	spark1	LOAD	21.162	7.585
2026-09-28T12:15:34.337Z	spark2	LOAD	23.346	4.161
2026-09-28T12:15:34.370Z	spark1	LOAD	21.114	7.585
2026-09-28T12:15:34.587Z	spark2	LOAD	23.346	4.161
2026-09-28T12:15:34.620Z	spark1	LOAD	21.080	7.585
2026-09-28T12:15:34.838Z	spark2	LOAD	23.346	4.161
2026-09-28T12:15:34.886Z	spark1	LOAD	21.031	7.585
2026-09-28T12:15:35.089Z	spark2	LOAD	23.346	4.161
2026-09-28T12:15:35.137Z	spark1	LOAD	20.996	7.585
2026-09-28T12:15:35.353Z	spark2	LOAD	23.346	4.161
2026-09-28T12:15:35.387Z	spark1	LOAD	20.960	7.585
2026-09-28T12:15:35.604Z	spark2	LOAD	23.346	4.161
2026-09-28T12:15:35.638Z	spark1	LOAD	20.890	7.585
2026-09-28T12:15:35.854Z	spark2	LOAD	23.346	4.161
2026-09-28T12:15:35.899Z	spark1	LOAD	20.853	7.585
2026-09-28T12:15:36.106Z	spark2	LOAD	23.346	4.161
2026-09-28T12:15:36.150Z	spark1	LOAD	20.783	7.585
2026-09-28T12:15:36.367Z	spark2	LOAD	23.346	4.161
2026-09-28T12:15:36.400Z	spark1	LOAD	20.750	7.585
2026-09-28T12:15:36.618Z	spark2	LOAD	23.346	4.161
2026-09-28T12:15:36.651Z	spark1	LOAD	20.445	7.585
2026-09-28T12:15:36.869Z	spark2	LOAD	23.346	4.161
2026-09-28T12:15:36.913Z	spark1	LOAD	20.196	7.585
2026-09-28T12:15:37.120Z	spark2	LOAD	23.346	4.161
2026-09-28T12:15:37.163Z	spark1	LOAD	20.147	7.585
2026-09-28T12:15:37.381Z	spark2	LOAD	23.346	4.161
2026-09-28T12:15:37.414Z	spark1	LOAD	20.117	7.585
2026-09-28T12:15:37.631Z	spark2	LOAD	23.346	4.161
2026-09-28T12:15:37.664Z	spark1	LOAD	20.033	7.585
2026-09-28T12:15:37.882Z	spark2	LOAD	23.346	4.161
2026-09-28T12:15:37.931Z	spark1	LOAD	19.991	7.585
2026-09-28T12:15:38.132Z	spark2	LOAD	23.346	4.161
2026-09-28T12:15:38.182Z	spark1	LOAD	19.955	7.585
2026-09-28T12:15:38.393Z	spark2	LOAD	23.346	4.161
2026-09-28T12:15:38.432Z	spark1	LOAD	20.466	7.585
2026-09-28T12:15:38.643Z	spark2	LOAD	23.346	4.161
2026-09-28T12:15:38.682Z	spark1	LOAD	20.428	7.585
2026-09-28T12:15:38.894Z	spark2	LOAD	23.323	4.159
2026-09-28T12:15:38.949Z	spark1	LOAD	19.944	7.585
2026-09-28T12:15:39.144Z	spark2	LOAD	23.331	4.158
2026-09-28T12:15:39.199Z	spark1	LOAD	20.340	7.585
2026-09-28T12:15:39.408Z	spark2	LOAD	23.328	4.157
2026-09-28T12:15:39.450Z	spark1	LOAD	20.301	7.585
2026-09-28T12:15:39.659Z	spark2	LOAD	23.328	4.157
2026-09-28T12:15:39.700Z	spark1	LOAD	20.200	7.585
2026-09-28T12:15:39.909Z	spark2	LOAD	23.329	4.157
2026-09-28T12:15:39.967Z	spark1	LOAD	20.289	7.585
2026-09-28T12:15:40.160Z	spark2	LOAD	23.330	4.157
2026-09-28T12:15:40.218Z	spark1	LOAD	20.022	7.585
2026-09-28T12:15:40.425Z	spark2	LOAD	23.330	4.157
2026-09-28T12:15:40.468Z	spark1	LOAD	19.662	7.585
2026-09-28T12:15:40.675Z	spark2	LOAD	23.330	4.157
2026-09-28T12:15:40.718Z	spark1	LOAD	20.179	7.585
2026-09-28T12:15:40.926Z	spark2	LOAD	23.332	4.157
2026-09-28T12:15:40.985Z	spark1	LOAD	20.085	7.585
2026-09-28T12:15:41.176Z	spark2	LOAD	23.333	4.157
2026-09-28T12:15:41.236Z	spark1	LOAD	20.097	7.585
2026-09-28T12:15:41.441Z	spark2	LOAD	23.333	4.157
2026-09-28T12:15:41.486Z	spark1	LOAD	20.057	7.585
2026-09-28T12:15:41.692Z	spark2	LOAD	23.333	4.157
2026-09-28T12:15:41.736Z	spark1	LOAD	19.976	7.585
2026-09-28T12:15:41.943Z	spark2	LOAD	23.335	4.157
2026-09-28T12:15:42.002Z	spark1	LOAD	19.932	7.585
2026-09-28T12:15:42.194Z	spark2	LOAD	23.336	4.157
2026-09-28T12:15:42.253Z	spark1	LOAD	19.928	7.585
2026-09-28T12:15:42.458Z	spark2	LOAD	23.336	4.157
2026-09-28T12:15:42.503Z	spark1	LOAD	19.881	7.585
2026-09-28T12:15:42.709Z	spark2	LOAD	23.336	4.157
2026-09-28T12:15:42.754Z	spark1	LOAD	19.842	7.585
2026-09-28T12:15:42.959Z	spark2	LOAD	23.336	4.157
2026-09-28T12:15:43.021Z	spark1	LOAD	19.788	7.585
2026-09-28T12:15:43.210Z	spark2	LOAD	23.337	4.157
2026-09-28T12:15:43.271Z	spark1	LOAD	19.749	7.585
2026-09-28T12:15:43.475Z	spark2	LOAD	23.337	4.157
2026-09-28T12:15:43.522Z	spark1	LOAD	19.727	7.585
2026-09-28T12:15:43.724Z	spark2	LOAD	23.337	4.157
2026-09-28T12:15:43.772Z	spark1	LOAD	19.661	7.585
2026-09-28T12:15:43.976Z	spark2	LOAD	23.337	4.157
2026-09-28T12:15:44.034Z	spark1	LOAD	19.621	7.585
2026-09-28T12:15:44.227Z	spark2	LOAD	23.337	4.157
2026-09-28T12:15:44.285Z	spark1	LOAD	19.568	7.585
2026-09-28T12:15:44.487Z	spark2	LOAD	23.337	4.157
2026-09-28T12:15:44.535Z	spark1	LOAD	19.556	7.585
2026-09-28T12:15:44.738Z	spark2	LOAD	23.337	4.157
2026-09-28T12:15:44.785Z	spark1	LOAD	19.522	7.586
2026-09-28T12:15:44.989Z	spark2	LOAD	23.337	4.157
2026-09-28T12:15:45.052Z	spark1	LOAD	20.852	7.586
2026-09-28T12:15:45.240Z	spark2	LOAD	23.337	4.157
2026-09-28T12:15:45.303Z	spark1	LOAD	22.713	7.586
2026-09-28T12:15:45.501Z	spark2	LOAD	23.336	4.157
2026-09-28T12:15:45.553Z	spark1	LOAD	22.676	7.586
2026-09-28T12:15:45.752Z	spark2	LOAD	23.336	4.157
2026-09-28T12:15:45.803Z	spark1	LOAD	22.617	7.586
2026-09-28T12:15:46.003Z	spark2	LOAD	23.336	4.157
2026-09-28T12:15:46.072Z	spark1	LOAD	22.589	7.586
2026-09-28T12:15:46.253Z	spark2	LOAD	23.336	4.157
2026-09-28T12:15:46.323Z	spark1	LOAD	22.548	7.586
2026-09-28T12:15:46.514Z	spark2	LOAD	23.336	4.157
2026-09-28T12:15:46.574Z	spark1	LOAD	22.516	7.586
2026-09-28T12:15:46.765Z	spark2	LOAD	23.336	4.157
2026-09-28T12:15:46.824Z	spark1	LOAD	22.473	7.586
2026-09-28T12:15:47.016Z	spark2	LOAD	23.336	4.157
2026-09-28T12:15:47.091Z	spark1	LOAD	22.427	7.586
2026-09-28T12:15:47.267Z	spark2	LOAD	23.336	4.157
2026-09-28T12:15:47.341Z	spark1	LOAD	22.389	7.586
2026-09-28T12:15:47.528Z	spark2	LOAD	23.336	4.157
2026-09-28T12:15:47.592Z	spark1	LOAD	22.349	7.586
2026-09-28T12:15:47.778Z	spark2	LOAD	23.336	4.157
2026-09-28T12:15:47.842Z	spark1	LOAD	22.269	7.586
2026-09-28T12:15:48.029Z	spark2	LOAD	23.336	4.157
2026-09-28T12:15:48.110Z	spark1	LOAD	22.229	7.586
2026-09-28T12:15:48.281Z	spark2	LOAD	23.336	4.157
2026-09-28T12:15:48.360Z	spark1	LOAD	22.191	7.586
2026-09-28T12:15:48.541Z	spark2	LOAD	23.336	4.157
2026-09-28T12:15:48.610Z	spark1	LOAD	22.158	7.586
2026-09-28T12:15:48.792Z	spark2	LOAD	23.336	4.157
2026-09-28T12:15:48.860Z	spark1	LOAD	22.109	7.586
2026-09-28T12:15:49.042Z	spark2	LOAD	23.336	4.157
2026-09-28T12:15:49.123Z	spark1	LOAD	22.073	7.586
2026-09-28T12:15:49.292Z	spark2	LOAD	23.336	4.157
2026-09-28T12:15:49.373Z	spark1	LOAD	21.967	7.585
2026-09-28T12:15:49.557Z	spark2	LOAD	23.336	4.157
2026-09-28T12:15:49.624Z	spark1	LOAD	21.929	7.585
2026-09-28T12:15:49.807Z	spark2	LOAD	23.336	4.155
2026-09-28T12:15:49.874Z	spark1	LOAD	21.524	7.585
2026-09-28T12:15:50.058Z	spark2	LOAD	23.336	4.155
2026-09-28T12:15:50.136Z	spark1	LOAD	21.297	7.585
2026-09-28T12:15:50.308Z	spark2	LOAD	23.334	4.154
2026-09-28T12:15:50.387Z	spark1	LOAD	21.260	7.585
2026-09-28T12:15:50.573Z	spark2	LOAD	23.334	4.154
2026-09-28T12:15:50.637Z	spark1	LOAD	21.225	7.585
2026-09-28T12:15:50.824Z	spark2	LOAD	23.334	4.154
2026-09-28T12:15:50.887Z	spark1	LOAD	21.193	7.585
2026-09-28T12:15:51.075Z	spark2	LOAD	23.335	4.154
2026-09-28T12:15:51.155Z	spark1	LOAD	21.156	7.585
2026-09-28T12:15:51.325Z	spark2	LOAD	23.336	4.154
2026-09-28T12:15:51.405Z	spark1	LOAD	21.119	7.585
2026-09-28T12:15:51.590Z	spark2	LOAD	23.336	4.154
2026-09-28T12:15:51.655Z	spark1	LOAD	21.087	7.585
2026-09-28T12:15:51.841Z	spark2	LOAD	23.336	4.154
2026-09-28T12:15:51.905Z	spark1	LOAD	21.017	7.585
2026-09-28T12:15:52.091Z	spark2	LOAD	23.336	4.154
2026-09-28T12:15:52.171Z	spark1	LOAD	20.973	7.585
2026-09-28T12:15:52.341Z	spark2	LOAD	23.336	4.154
2026-09-28T12:15:52.422Z	spark1	LOAD	20.925	7.585
2026-09-28T12:15:52.606Z	spark2	LOAD	23.336	4.154
2026-09-28T12:15:52.672Z	spark1	LOAD	20.896	7.585
2026-09-28T12:15:52.856Z	spark2	LOAD	23.336	4.154
2026-09-28T12:15:52.923Z	spark1	LOAD	20.855	7.585
2026-09-28T12:15:53.107Z	spark2	LOAD	23.336	4.154
2026-09-28T12:15:53.186Z	spark1	LOAD	20.813	7.585
2026-09-28T12:15:53.357Z	spark2	LOAD	23.336	4.154
2026-09-28T12:15:53.436Z	spark1	LOAD	20.781	7.585
2026-09-28T12:15:53.622Z	spark2	LOAD	23.336	4.154
2026-09-28T12:15:53.686Z	spark1	LOAD	20.736	7.585
2026-09-28T12:15:53.872Z	spark2	LOAD	23.336	4.154
2026-09-28T12:15:53.937Z	spark1	LOAD	20.662	7.585
2026-09-28T12:15:54.124Z	spark2	LOAD	23.336	4.154
2026-09-28T12:15:54.203Z	spark1	LOAD	20.583	7.585
2026-09-28T12:15:54.373Z	spark2	LOAD	23.336	4.154
2026-09-28T12:15:54.453Z	spark1	LOAD	20.552	7.585
2026-09-28T12:15:54.634Z	spark2	LOAD	23.335	4.154
2026-09-28T12:15:54.704Z	spark1	LOAD	21.184	7.586
2026-09-28T12:15:54.885Z	spark2	LOAD	23.335	4.154
2026-09-28T12:15:54.954Z	spark1	LOAD	21.135	7.586
2026-09-28T12:15:55.135Z	spark2	LOAD	23.335	4.154
2026-09-28T12:15:55.217Z	spark1	LOAD	21.027	7.586
2026-09-28T12:15:55.387Z	spark2	LOAD	23.335	4.154
2026-09-28T12:15:55.467Z	spark1	LOAD	21.048	7.586
2026-09-28T12:15:55.647Z	spark2	LOAD	23.334	4.154
2026-09-28T12:15:55.717Z	spark1	LOAD	21.010	7.586
2026-09-28T12:15:55.898Z	spark2	LOAD	23.334	4.154
2026-09-28T12:15:55.968Z	spark1	LOAD	20.862	7.586
2026-09-28T12:15:56.150Z	spark2	LOAD	23.334	4.154
2026-09-28T12:15:56.235Z	spark1	LOAD	20.803	7.586
2026-09-28T12:15:56.401Z	spark2	LOAD	23.334	4.154
2026-09-28T12:15:56.485Z	spark1	LOAD	20.769	7.586
2026-09-28T12:15:56.665Z	spark2	LOAD	23.334	4.154
2026-09-28T12:15:56.735Z	spark1	LOAD	20.730	7.586
2026-09-28T12:15:56.916Z	spark2	LOAD	23.334	4.154
2026-09-28T12:15:56.986Z	spark1	LOAD	20.692	7.586
2026-09-28T12:15:57.167Z	spark2	LOAD	23.334	4.154
2026-09-28T12:15:57.253Z	spark1	LOAD	20.650	7.586
2026-09-28T12:15:57.418Z	spark2	LOAD	23.334	4.154
2026-09-28T12:15:57.503Z	spark1	LOAD	20.612	7.586
2026-09-28T12:15:57.684Z	spark2	LOAD	23.333	4.154
2026-09-28T12:15:57.753Z	spark1	LOAD	20.573	7.586
2026-09-28T12:15:57.934Z	spark2	LOAD	23.333	4.154
2026-09-28T12:15:58.003Z	spark1	LOAD	20.535	7.586
2026-09-28T12:15:58.185Z	spark2	LOAD	23.333	4.154
2026-09-28T12:15:58.270Z	spark1	LOAD	20.495	7.586
2026-09-28T12:15:58.436Z	spark2	LOAD	23.333	4.154
2026-09-28T12:15:58.521Z	spark1	LOAD	20.457	7.586
2026-09-28T12:15:58.697Z	spark2	LOAD	23.333	4.154
2026-09-28T12:15:58.772Z	spark1	LOAD	20.447	7.586
2026-09-28T12:15:58.947Z	spark2	LOAD	23.333	4.154
2026-09-28T12:15:59.022Z	spark1	LOAD	20.412	7.586
2026-09-28T12:15:59.197Z	spark2	LOAD	23.333	4.154
2026-09-28T12:15:59.283Z	spark1	LOAD	19.944	7.586
2026-09-28T12:15:59.447Z	spark2	LOAD	23.333	4.154
2026-09-28T12:15:59.534Z	spark1	LOAD	19.811	7.586
2026-09-28T12:15:59.709Z	spark2	LOAD	23.333	4.154
2026-09-28T12:15:59.784Z	spark1	LOAD	20.323	7.586
2026-09-28T12:15:59.960Z	spark2	LOAD	23.334	4.154
2026-09-28T12:16:00.034Z	spark1	LOAD	20.285	7.586
2026-09-28T12:16:00.210Z	spark2	LOAD	23.334	4.154
2026-09-28T12:16:00.297Z	spark1	LOAD	20.187	7.585
2026-09-28T12:16:00.461Z	spark2	LOAD	23.334	4.154
2026-09-28T12:16:00.548Z	spark1	LOAD	19.846	7.585
2026-09-28T12:16:00.726Z	spark2	LOAD	23.332	4.152
2026-09-28T12:16:00.798Z	spark1	LOAD	19.601	7.585
2026-09-28T12:16:00.977Z	spark2	LOAD	23.338	4.152
2026-09-28T12:16:01.048Z	spark1	LOAD	20.085	7.585
2026-09-28T12:16:01.227Z	spark2	LOAD	23.338	4.152
2026-09-28T12:16:01.315Z	spark1	LOAD	20.038	7.585
2026-09-28T12:16:01.478Z	spark2	LOAD	23.338	4.152
2026-09-28T12:16:01.565Z	spark1	LOAD	19.745	7.584
2026-09-28T12:16:01.743Z	spark2	LOAD	23.337	4.152
2026-09-28T12:16:01.815Z	spark1	LOAD	19.971	7.585
2026-09-28T12:16:01.994Z	spark2	LOAD	23.337	4.152
2026-09-28T12:16:02.066Z	spark1	LOAD	19.925	7.585
2026-09-28T12:16:02.245Z	spark2	LOAD	23.337	4.152
2026-09-28T12:16:02.328Z	spark1	LOAD	19.871	7.585
2026-09-28T12:16:02.496Z	spark2	LOAD	23.337	4.152
2026-09-28T12:16:02.578Z	spark1	LOAD	19.277	7.585
2026-09-28T12:16:02.756Z	spark2	LOAD	23.337	4.152
2026-09-28T12:16:02.828Z	spark1	LOAD	19.781	7.585
2026-09-28T12:16:03.007Z	spark2	LOAD	23.337	4.152
2026-09-28T12:16:03.079Z	spark1	LOAD	19.638	7.585
2026-09-28T12:16:03.258Z	spark2	LOAD	23.337	4.152
2026-09-28T12:16:03.342Z	spark1	LOAD	19.706	7.585
2026-09-28T12:16:03.509Z	spark2	LOAD	23.337	4.152
2026-09-28T12:16:03.592Z	spark1	LOAD	19.662	7.585
2026-09-28T12:16:03.770Z	spark2	LOAD	23.337	4.152
2026-09-28T12:16:03.842Z	spark1	LOAD	19.620	7.585
2026-09-28T12:16:04.021Z	spark2	LOAD	23.337	4.152
2026-09-28T12:16:04.092Z	spark1	LOAD	19.586	7.585
2026-09-28T12:16:04.272Z	spark2	LOAD	23.337	4.152
2026-09-28T12:16:04.361Z	spark1	LOAD	19.500	7.584
2026-09-28T12:16:04.523Z	spark2	LOAD	23.337	4.152
2026-09-28T12:16:04.611Z	spark1	LOAD	19.603	7.584
2026-09-28T12:16:04.783Z	spark2	LOAD	23.337	4.152
2026-09-28T12:16:04.862Z	spark1	LOAD	21.374	7.584
2026-09-28T12:16:05.035Z	spark2	LOAD	23.337	4.152
2026-09-28T12:16:05.112Z	spark1	LOAD	22.672	7.584
2026-09-28T12:16:05.286Z	spark2	LOAD	23.337	4.152
2026-09-28T12:16:05.374Z	spark1	LOAD	22.638	7.584
2026-09-28T12:16:05.536Z	spark2	LOAD	23.337	4.152
2026-09-28T12:16:05.624Z	spark1	LOAD	22.627	7.584
2026-09-28T12:16:05.802Z	spark2	LOAD	23.336	4.152
2026-09-28T12:16:05.875Z	spark1	LOAD	22.598	7.584
2026-09-28T12:16:06.053Z	spark2	LOAD	23.336	4.152
2026-09-28T12:16:06.125Z	spark1	LOAD	22.559	7.584
2026-09-28T12:16:06.304Z	spark2	LOAD	23.336	4.152
2026-09-28T12:16:06.392Z	spark1	LOAD	22.494	7.584
2026-09-28T12:16:06.555Z	spark2	LOAD	23.336	4.152
2026-09-28T12:16:06.642Z	spark1	LOAD	22.452	7.584
2026-09-28T12:16:06.816Z	spark2	LOAD	23.336	4.152
2026-09-28T12:16:06.893Z	spark1	LOAD	22.417	7.584
2026-09-28T12:16:07.067Z	spark2	LOAD	23.336	4.152
2026-09-28T12:16:07.143Z	spark1	LOAD	22.379	7.584
2026-09-28T12:16:07.318Z	spark2	LOAD	23.336	4.152
2026-09-28T12:16:07.405Z	spark1	LOAD	22.341	7.584
2026-09-28T12:16:07.569Z	spark2	LOAD	23.336	4.151
2026-09-28T12:16:07.656Z	spark1	LOAD	22.303	7.584
2026-09-28T12:16:07.830Z	spark2	LOAD	23.336	4.151
2026-09-28T12:16:07.906Z	spark1	LOAD	22.265	7.584
2026-09-28T12:16:08.081Z	spark2	LOAD	23.336	4.151
2026-09-28T12:16:08.156Z	spark1	LOAD	22.229	7.584
2026-09-28T12:16:08.332Z	spark2	LOAD	23.336	4.151
2026-09-28T12:16:08.423Z	spark1	LOAD	22.157	7.584
2026-09-28T12:16:08.583Z	spark2	LOAD	23.337	4.151
2026-09-28T12:16:08.673Z	spark1	LOAD	22.124	7.584
2026-09-28T12:16:08.844Z	spark2	LOAD	23.336	4.151
2026-09-28T12:16:08.923Z	spark1	LOAD	22.091	7.584
2026-09-28T12:16:09.095Z	spark2	LOAD	23.336	4.151
2026-09-28T12:16:09.174Z	spark1	LOAD	22.059	7.584
2026-09-28T12:16:09.346Z	spark2	LOAD	23.336	4.151
2026-09-28T12:16:09.435Z	spark1	LOAD	22.010	7.584
2026-09-28T12:16:09.598Z	spark2	LOAD	23.336	4.151
2026-09-28T12:16:09.686Z	spark1	LOAD	21.973	7.584
2026-09-28T12:16:09.863Z	spark2	LOAD	23.336	4.151
2026-09-28T12:16:09.936Z	spark1	LOAD	21.931	7.584
2026-09-28T12:16:10.114Z	spark2	LOAD	23.336	4.151
2026-09-28T12:16:10.186Z	spark1	LOAD	21.890	7.584
2026-09-28T12:16:10.365Z	spark2	LOAD	23.336	4.151
2026-09-28T12:16:10.448Z	spark1	LOAD	21.821	7.584
2026-09-28T12:16:10.616Z	spark2	LOAD	23.336	4.151
2026-09-28T12:16:10.698Z	spark1	LOAD	21.783	7.584
2026-09-28T12:16:10.877Z	spark2	LOAD	23.336	4.151
2026-09-28T12:16:10.948Z	spark1	LOAD	21.747	7.584
2026-09-28T12:16:11.127Z	spark2	LOAD	23.336	4.151
2026-09-28T12:16:11.198Z	spark1	LOAD	21.677	7.583
2026-09-28T12:16:11.378Z	spark2	LOAD	23.336	4.151
2026-09-28T12:16:11.460Z	spark1	LOAD	21.649	7.583
2026-09-28T12:16:11.629Z	spark2	LOAD	23.335	4.150
2026-09-28T12:16:11.711Z	spark1	LOAD	21.611	7.583
2026-09-28T12:16:11.893Z	spark2	LOAD	23.318	4.150
2026-09-28T12:16:11.961Z	spark1	LOAD	21.558	7.583
2026-09-28T12:16:12.145Z	spark2	LOAD	23.317	4.148
2026-09-28T12:16:12.212Z	spark1	LOAD	21.529	7.583
2026-09-28T12:16:12.395Z	spark2	LOAD	23.317	4.148
2026-09-28T12:16:12.478Z	spark1	LOAD	21.466	7.583
2026-09-28T12:16:12.647Z	spark2	LOAD	23.317	4.148
2026-09-28T12:16:12.729Z	spark1	LOAD	21.435	7.583
2026-09-28T12:16:12.908Z	spark2	LOAD	23.319	4.148
2026-09-28T12:16:12.979Z	spark1	LOAD	21.406	7.583
2026-09-28T12:16:13.160Z	spark2	LOAD	23.319	4.148
2026-09-28T12:16:13.230Z	spark1	LOAD	21.372	7.583
2026-09-28T12:16:13.411Z	spark2	LOAD	23.319	4.148
2026-09-28T12:16:13.496Z	spark1	LOAD	21.335	7.583
2026-09-28T12:16:13.662Z	spark2	LOAD	23.319	4.148
2026-09-28T12:16:13.747Z	spark1	LOAD	21.298	7.583
2026-09-28T12:16:13.927Z	spark2	LOAD	23.320	4.148
2026-09-28T12:16:13.997Z	spark1	LOAD	21.263	7.583
2026-09-28T12:16:14.178Z	spark2	LOAD	23.320	4.148
2026-09-28T12:16:14.247Z	spark1	LOAD	21.225	7.583
2026-09-28T12:16:14.428Z	spark2	LOAD	23.320	4.148
2026-09-28T12:16:14.509Z	spark1	LOAD	21.151	7.583
2026-09-28T12:16:14.679Z	spark2	LOAD	23.320	4.148
2026-09-28T12:16:14.759Z	spark1	LOAD	21.114	7.583
2026-09-28T12:16:14.944Z	spark2	LOAD	23.320	4.148
2026-09-28T12:16:15.010Z	spark1	LOAD	21.081	7.583
2026-09-28T12:16:15.195Z	spark2	LOAD	23.320	4.148
2026-09-28T12:16:15.260Z	spark1	LOAD	21.050	7.583
2026-09-28T12:16:15.446Z	spark2	LOAD	23.320	4.148
2026-09-28T12:16:15.522Z	spark1	LOAD	20.699	7.583
2026-09-28T12:16:15.697Z	spark2	LOAD	23.320	4.148
2026-09-28T12:16:15.772Z	spark1	LOAD	20.435	7.583
2026-09-28T12:16:15.963Z	spark2	LOAD	23.321	4.148
2026-09-28T12:16:16.023Z	spark1	LOAD	20.398	7.583
2026-09-28T12:16:16.213Z	spark2	LOAD	23.321	4.148
2026-09-28T12:16:16.274Z	spark1	LOAD	20.364	7.583
2026-09-28T12:16:16.464Z	spark2	LOAD	23.321	4.148
2026-09-28T12:16:16.543Z	spark1	LOAD	20.294	7.583
2026-09-28T12:16:16.715Z	spark2	LOAD	23.321	4.148
2026-09-28T12:16:16.793Z	spark1	LOAD	20.882	7.583
2026-09-28T12:16:16.976Z	spark2	LOAD	23.321	4.148
2026-09-28T12:16:17.043Z	spark1	LOAD	20.842	7.583
2026-09-28T12:16:17.227Z	spark2	LOAD	23.321	4.148
2026-09-28T12:16:17.294Z	spark1	LOAD	20.803	7.583
2026-09-28T12:16:17.477Z	spark2	LOAD	23.321	4.148
2026-09-28T12:16:17.557Z	spark1	LOAD	20.824	7.583
2026-09-28T12:16:17.728Z	spark2	LOAD	23.321	4.148
2026-09-28T12:16:17.807Z	spark1	LOAD	20.772	7.583
2026-09-28T12:16:17.989Z	spark2	LOAD	23.321	4.148
2026-09-28T12:16:18.057Z	spark1	LOAD	20.742	7.583
2026-09-28T12:16:18.240Z	spark2	LOAD	23.321	4.148
2026-09-28T12:16:18.308Z	spark1	LOAD	20.705	7.583
2026-09-28T12:16:18.491Z	spark2	LOAD	23.321	4.148
2026-09-28T12:16:18.574Z	spark1	LOAD	20.659	7.583
2026-09-28T12:16:18.741Z	spark2	LOAD	23.321	4.148
2026-09-28T12:16:18.825Z	spark1	LOAD	20.587	7.583
2026-09-28T12:16:19.007Z	spark2	LOAD	23.322	4.148
2026-09-28T12:16:19.075Z	spark1	LOAD	20.552	7.583
2026-09-28T12:16:19.258Z	spark2	LOAD	23.322	4.148
2026-09-28T12:16:19.325Z	spark1	LOAD	20.508	7.583
2026-09-28T12:16:19.509Z	spark2	LOAD	23.322	4.148
2026-09-28T12:16:19.593Z	spark1	LOAD	20.464	7.583
2026-09-28T12:16:19.760Z	spark2	LOAD	23.322	4.148
2026-09-28T12:16:19.843Z	spark1	LOAD	20.428	7.583
2026-09-28T12:16:20.021Z	spark2	LOAD	23.322	4.148
2026-09-28T12:16:20.093Z	spark1	LOAD	20.394	7.583
2026-09-28T12:16:20.271Z	spark2	LOAD	23.322	4.148
2026-09-28T12:16:20.344Z	spark1	LOAD	20.336	7.583
2026-09-28T12:16:20.522Z	spark2	LOAD	23.322	4.148
2026-09-28T12:16:20.605Z	spark1	LOAD	19.835	7.583
2026-09-28T12:16:20.773Z	spark2	LOAD	23.322	4.148
2026-09-28T12:16:20.856Z	spark1	LOAD	19.757	7.583
2026-09-28T12:16:21.035Z	spark2	LOAD	23.322	4.148
2026-09-28T12:16:21.107Z	spark1	LOAD	20.262	7.583
2026-09-28T12:16:21.285Z	spark2	LOAD	23.322	4.148
2026-09-28T12:16:21.357Z	spark1	LOAD	20.229	7.583
2026-09-28T12:16:21.536Z	spark2	LOAD	23.322	4.148
2026-09-28T12:16:21.625Z	spark1	LOAD	20.164	7.583
2026-09-28T12:16:21.786Z	spark2	LOAD	23.322	4.148
2026-09-28T12:16:21.875Z	spark1	LOAD	20.112	7.583
2026-09-28T12:16:22.051Z	spark2	LOAD	23.322	4.148
2026-09-28T12:16:22.125Z	spark1	LOAD	20.054	7.583
2026-09-28T12:16:22.301Z	spark2	LOAD	23.322	4.148
2026-09-28T12:16:22.376Z	spark1	LOAD	20.036	7.583
2026-09-28T12:16:22.551Z	spark2	LOAD	23.320	4.147
2026-09-28T12:16:22.638Z	spark1	LOAD	19.991	7.583
2026-09-28T12:16:22.801Z	spark2	LOAD	23.309	4.147
2026-09-28T12:16:22.888Z	spark1	LOAD	19.645	7.583
2026-09-28T12:16:23.062Z	spark2	LOAD	23.310	4.145
2026-09-28T12:16:23.138Z	spark1	LOAD	19.925	7.583
2026-09-28T12:16:23.313Z	spark2	LOAD	23.310	4.145
2026-09-28T12:16:23.389Z	spark1	LOAD	19.884	7.584
2026-09-28T12:16:23.564Z	spark2	LOAD	23.310	4.145
2026-09-28T12:16:23.651Z	spark1	LOAD	19.751	7.584
2026-09-28T12:16:23.814Z	spark2	LOAD	23.310	4.145
2026-09-28T12:16:23.902Z	spark1	LOAD	19.834	7.586
2026-09-28T12:16:24.079Z	spark2	LOAD	23.311	4.145
2026-09-28T12:16:24.152Z	spark1	LOAD	19.798	7.586
2026-09-28T12:16:24.329Z	spark2	LOAD	23.311	4.145
2026-09-28T12:16:24.402Z	spark1	LOAD	19.738	7.586
2026-09-28T12:16:24.580Z	spark2	LOAD	23.311	4.145
2026-09-28T12:16:24.670Z	spark1	LOAD	19.697	7.586
2026-09-28T12:16:24.830Z	spark2	LOAD	23.311	4.145
2026-09-28T12:16:24.921Z	spark1	LOAD	19.636	7.586
2026-09-28T12:16:25.096Z	spark2	LOAD	23.312	4.145
2026-09-28T12:16:25.171Z	spark1	LOAD	19.597	7.586
2026-09-28T12:16:25.346Z	spark2	LOAD	23.312	4.145
2026-09-28T12:16:25.421Z	spark1	LOAD	19.278	7.586
2026-09-28T12:16:25.597Z	spark2	LOAD	23.312	4.145
2026-09-28T12:16:25.688Z	spark1	LOAD	21.525	7.586
2026-09-28T12:16:25.847Z	spark2	LOAD	23.312	4.145
2026-09-28T12:16:25.939Z	spark1	LOAD	22.437	7.586
2026-09-28T12:16:26.108Z	spark2	LOAD	23.312	4.145
2026-09-28T12:16:26.189Z	spark1	LOAD	22.408	7.586
2026-09-28T12:16:26.359Z	spark2	LOAD	23.312	4.145
2026-09-28T12:16:26.439Z	spark1	LOAD	22.375	7.586
2026-09-28T12:16:26.610Z	spark2	LOAD	23.313	4.145
2026-09-28T12:16:26.701Z	spark1	LOAD	22.336	7.586
2026-09-28T12:16:26.860Z	spark2	LOAD	23.313	4.145
2026-09-28T12:16:26.951Z	spark1	LOAD	22.297	7.586
2026-09-28T12:16:27.121Z	spark2	LOAD	23.314	4.145
2026-09-28T12:16:27.201Z	spark1	LOAD	22.269	7.586
2026-09-28T12:16:27.371Z	spark2	LOAD	23.314	4.145
2026-09-28T12:16:27.452Z	spark1	LOAD	22.244	7.586
2026-09-28T12:16:27.621Z	spark2	LOAD	23.314	4.145
2026-09-28T12:16:27.714Z	spark1	LOAD	22.212	7.586
2026-09-28T12:16:27.872Z	spark2	LOAD	23.314	4.145
2026-09-28T12:16:27.964Z	spark1	LOAD	22.180	7.586
2026-09-28T12:16:28.132Z	spark2	LOAD	23.314	4.145
2026-09-28T12:16:28.214Z	spark1	LOAD	22.156	7.586
2026-09-28T12:16:28.382Z	spark2	LOAD	23.314	4.145
2026-09-28T12:16:28.465Z	spark1	LOAD	22.128	7.586
2026-09-28T12:16:28.633Z	spark2	LOAD	23.314	4.145
2026-09-28T12:16:28.726Z	spark1	LOAD	22.089	7.586
2026-09-28T12:16:28.884Z	spark2	LOAD	23.314	4.145
2026-09-28T12:16:28.976Z	spark1	LOAD	22.023	7.586
2026-09-28T12:16:29.145Z	spark2	LOAD	23.314	4.145
2026-09-28T12:16:29.227Z	spark1	LOAD	21.999	7.586
2026-09-28T12:16:29.396Z	spark2	LOAD	23.315	4.145
2026-09-28T12:16:29.477Z	spark1	LOAD	21.953	7.586
2026-09-28T12:16:29.646Z	spark2	LOAD	23.315	4.145
2026-09-28T12:16:29.739Z	spark1	LOAD	21.930	7.586
2026-09-28T12:16:29.897Z	spark2	LOAD	23.315	4.145
2026-09-28T12:16:29.990Z	spark1	LOAD	21.913	7.586
2026-09-28T12:16:30.158Z	spark2	LOAD	23.315	4.145
2026-09-28T12:16:30.240Z	spark1	LOAD	21.880	7.586
2026-09-28T12:16:30.408Z	spark2	LOAD	23.315	4.145
2026-09-28T12:16:30.491Z	spark1	LOAD	21.854	7.586
2026-09-28T12:16:30.658Z	spark2	LOAD	23.315	4.145
2026-09-28T12:16:30.757Z	spark1	LOAD	21.823	7.586
2026-09-28T12:16:30.909Z	spark2	LOAD	23.315	4.145
2026-09-28T12:16:31.007Z	spark1	LOAD	21.772	7.586
2026-09-28T12:16:31.170Z	spark2	LOAD	23.315	4.145
2026-09-28T12:16:31.258Z	spark1	LOAD	21.748	7.586
2026-09-28T12:16:31.420Z	spark2	LOAD	23.315	4.145
2026-09-28T12:16:31.508Z	spark1	LOAD	21.720	7.586
2026-09-28T12:16:31.671Z	spark2	LOAD	23.315	4.145
2026-09-28T12:16:31.771Z	spark1	LOAD	21.683	7.586
2026-09-28T12:16:31.921Z	spark2	LOAD	23.315	4.145
2026-09-28T12:16:32.021Z	spark1	LOAD	21.650	7.586
2026-09-28T12:16:32.183Z	spark2	LOAD	23.315	4.145
2026-09-28T12:16:32.272Z	spark1	LOAD	21.621	7.586
2026-09-28T12:16:32.434Z	spark2	LOAD	23.315	4.145
2026-09-28T12:16:32.522Z	spark1	LOAD	21.590	7.586
2026-09-28T12:16:32.684Z	spark2	LOAD	23.315	4.145
2026-09-28T12:16:32.788Z	spark1	LOAD	21.551	7.586
2026-09-28T12:16:32.935Z	spark2	LOAD	23.315	4.145
2026-09-28T12:16:33.039Z	spark1	LOAD	21.465	7.586
2026-09-28T12:16:33.195Z	spark2	LOAD	23.315	4.145
2026-09-28T12:16:33.289Z	spark1	LOAD	21.427	7.586
2026-09-28T12:16:33.446Z	spark2	LOAD	23.287	4.144
2026-09-28T12:16:33.539Z	spark1	LOAD	21.390	7.586
2026-09-28T12:16:33.697Z	spark2	LOAD	23.295	4.144
2026-09-28T12:16:33.802Z	spark1	LOAD	21.356	7.586
2026-09-28T12:16:33.948Z	spark2	LOAD	23.312	4.143
2026-09-28T12:16:34.052Z	spark1	LOAD	21.310	7.586
2026-09-28T12:16:34.213Z	spark2	LOAD	23.311	4.142
2026-09-28T12:16:34.302Z	spark1	LOAD	21.280	7.586
2026-09-28T12:16:34.464Z	spark2	LOAD	23.311	4.142
2026-09-28T12:16:34.552Z	spark1	LOAD	21.242	7.586
2026-09-28T12:16:34.715Z	spark2	LOAD	23.312	4.142
2026-09-28T12:16:34.819Z	spark1	LOAD	21.208	7.586
2026-09-28T12:16:34.966Z	spark2	LOAD	23.312	4.142
2026-09-28T12:16:35.070Z	spark1	LOAD	21.171	7.586
2026-09-28T12:16:35.227Z	spark2	LOAD	23.312	4.142
2026-09-28T12:16:35.320Z	spark1	LOAD	21.142	7.586
2026-09-28T12:16:35.477Z	spark2	LOAD	23.312	4.142
2026-09-28T12:16:35.570Z	spark1	LOAD	21.123	7.586
2026-09-28T12:16:35.728Z	spark2	LOAD	23.312	4.142
2026-09-28T12:16:35.837Z	spark1	LOAD	21.092	7.586
2026-09-28T12:16:35.979Z	spark2	LOAD	23.312	4.142
2026-09-28T12:16:36.087Z	spark1	LOAD	21.059	7.586
2026-09-28T12:16:36.240Z	spark2	LOAD	23.312	4.142
2026-09-28T12:16:36.337Z	spark1	LOAD	21.031	7.586
2026-09-28T12:16:36.492Z	spark2	LOAD	23.312	4.142
2026-09-28T12:16:36.588Z	spark1	LOAD	20.998	7.586
2026-09-28T12:16:36.742Z	spark2	LOAD	23.312	4.142
2026-09-28T12:16:36.850Z	spark1	LOAD	20.956	7.586
2026-09-28T12:16:36.992Z	spark2	LOAD	23.312	4.142
2026-09-28T12:16:37.100Z	spark1	LOAD	20.922	7.586
2026-09-28T12:16:37.252Z	spark2	LOAD	23.312	4.142
2026-09-28T12:16:37.351Z	spark1	LOAD	20.875	7.586
2026-09-28T12:16:37.503Z	spark2	LOAD	23.312	4.142
2026-09-28T12:16:37.601Z	spark1	LOAD	20.848	7.586
2026-09-28T12:16:37.753Z	spark2	LOAD	23.312	4.142
2026-09-28T12:16:37.869Z	spark1	LOAD	20.815	7.586
2026-09-28T12:16:38.004Z	spark2	LOAD	23.312	4.142
2026-09-28T12:16:38.120Z	spark1	LOAD	20.786	7.586
2026-09-28T12:16:38.266Z	spark2	LOAD	23.312	4.142
2026-09-28T12:16:38.370Z	spark1	LOAD	20.756	7.586
2026-09-28T12:16:38.516Z	spark2	LOAD	23.312	4.142
2026-09-28T12:16:38.621Z	spark1	LOAD	20.719	7.586
2026-09-28T12:16:38.766Z	spark2	LOAD	23.312	4.142
2026-09-28T12:16:38.888Z	spark1	LOAD	20.684	7.586
2026-09-28T12:16:39.017Z	spark2	LOAD	23.313	4.142
2026-09-28T12:16:39.138Z	spark1	LOAD	20.658	7.586
2026-09-28T12:16:39.277Z	spark2	LOAD	23.313	4.142
2026-09-28T12:16:39.388Z	spark1	LOAD	20.581	7.586
2026-09-28T12:16:39.527Z	spark2	LOAD	23.313	4.142
2026-09-28T12:16:39.639Z	spark1	LOAD	20.549	7.586
2026-09-28T12:16:39.778Z	spark2	LOAD	23.313	4.142
2026-09-28T12:16:39.906Z	spark1	LOAD	20.513	7.586
2026-09-28T12:16:40.029Z	spark2	LOAD	23.315	4.142
2026-09-28T12:16:40.156Z	spark1	LOAD	20.483	7.586
2026-09-28T12:16:40.289Z	spark2	LOAD	23.315	4.142
2026-09-28T12:16:40.407Z	spark1	LOAD	20.450	7.586
2026-09-28T12:16:40.541Z	spark2	LOAD	23.315	4.142
2026-09-28T12:16:40.657Z	spark1	LOAD	20.424	7.586
2026-09-28T12:16:40.791Z	spark2	LOAD	23.315	4.142
2026-09-28T12:16:40.919Z	spark1	LOAD	20.389	7.586
2026-09-28T12:16:41.043Z	spark2	LOAD	23.317	4.142
2026-09-28T12:16:41.169Z	spark1	LOAD	20.643	7.586
2026-09-28T12:16:41.303Z	spark2	LOAD	23.317	4.142
2026-09-28T12:16:41.419Z	spark1	LOAD	20.032	7.586
2026-09-28T12:16:41.554Z	spark2	LOAD	23.317	4.142
2026-09-28T12:16:41.670Z	spark1	LOAD	19.994	7.586
2026-09-28T12:16:41.805Z	spark2	LOAD	23.317	4.142
2026-09-28T12:16:41.931Z	spark1	LOAD	19.957	7.586
2026-09-28T12:16:42.055Z	spark2	LOAD	23.318	4.142
2026-09-28T12:16:42.182Z	spark1	LOAD	19.925	7.586
2026-09-28T12:16:42.320Z	spark2	LOAD	23.318	4.142
2026-09-28T12:16:42.432Z	spark1	LOAD	19.855	7.586
2026-09-28T12:16:42.572Z	spark2	LOAD	23.318	4.142
2026-09-28T12:16:42.682Z	spark1	LOAD	19.828	7.586
2026-09-28T12:16:42.821Z	spark2	LOAD	23.320	4.142
2026-09-28T12:16:42.944Z	spark1	LOAD	19.801	7.586
2026-09-28T12:16:43.073Z	spark2	LOAD	23.320	4.142
2026-09-28T12:16:43.194Z	spark1	LOAD	20.340	7.586
2026-09-28T12:16:43.338Z	spark2	LOAD	23.320	4.142
2026-09-28T12:16:43.444Z	spark1	LOAD	20.268	7.586
2026-09-28T12:16:43.589Z	spark2	LOAD	23.320	4.142
2026-09-28T12:16:43.694Z	spark1	LOAD	20.239	7.586
2026-09-28T12:16:43.839Z	spark2	LOAD	23.320	4.142
2026-09-28T12:16:43.957Z	spark1	LOAD	19.747	7.586
2026-09-28T12:16:44.090Z	spark2	LOAD	23.321	4.142
2026-09-28T12:16:44.207Z	spark1	LOAD	19.559	7.585
2026-09-28T12:16:44.351Z	spark2	LOAD	23.321	4.142
2026-09-28T12:16:44.458Z	spark1	LOAD	20.164	7.586
2026-09-28T12:16:44.601Z	spark2	LOAD	23.296	4.141
2026-09-28T12:16:44.708Z	spark1	LOAD	20.127	7.586
2026-09-28T12:16:44.851Z	spark2	LOAD	23.325	4.140
2026-09-28T12:16:44.976Z	spark1	LOAD	20.060	7.586
2026-09-28T12:16:45.101Z	spark2	LOAD	23.324	4.139
2026-09-28T12:16:45.226Z	spark1	LOAD	20.061	7.587
2026-09-28T12:16:45.362Z	spark2	LOAD	23.324	4.139
2026-09-28T12:16:45.476Z	spark1	LOAD	20.000	7.587
2026-09-28T12:16:45.613Z	spark2	LOAD	23.324	4.139
2026-09-28T12:16:45.727Z	spark1	LOAD	19.970	7.587
2026-09-28T12:16:45.864Z	spark2	LOAD	23.324	4.139
2026-09-28T12:16:45.989Z	spark1	LOAD	19.936	7.587
2026-09-28T12:16:46.114Z	spark2	LOAD	23.324	4.139
2026-09-28T12:16:46.240Z	spark1	LOAD	19.903	7.587
2026-09-28T12:16:46.376Z	spark2	LOAD	23.324	4.139
2026-09-28T12:16:46.490Z	spark1	LOAD	19.875	7.587
2026-09-28T12:16:46.626Z	spark2	LOAD	23.324	4.139
2026-09-28T12:16:46.740Z	spark1	LOAD	19.625	7.587
2026-09-28T12:16:46.877Z	spark2	LOAD	23.324	4.139
2026-09-28T12:16:47.008Z	spark1	LOAD	19.849	7.588
2026-09-28T12:16:47.128Z	spark2	LOAD	23.324	4.139
2026-09-28T12:16:47.258Z	spark1	LOAD	19.815	7.588
2026-09-28T12:16:47.389Z	spark2	LOAD	23.324	4.139
2026-09-28T12:16:47.509Z	spark1	LOAD	19.727	7.588
2026-09-28T12:16:47.640Z	spark2	LOAD	23.324	4.139
2026-09-28T12:16:47.759Z	spark1	LOAD	19.651	7.588
2026-09-28T12:16:47.891Z	spark2	LOAD	23.324	4.139
2026-09-28T12:16:48.026Z	spark1	LOAD	19.695	7.588
2026-09-28T12:16:48.142Z	spark2	LOAD	23.324	4.139
2026-09-28T12:16:48.276Z	spark1	LOAD	19.663	7.588
2026-09-28T12:16:48.402Z	spark2	LOAD	23.324	4.139
2026-09-28T12:16:48.527Z	spark1	LOAD	19.625	7.588
2026-09-28T12:16:48.653Z	spark2	LOAD	23.324	4.139
2026-09-28T12:16:48.777Z	spark1	LOAD	19.589	7.588
2026-09-28T12:16:48.903Z	spark2	LOAD	23.323	4.139
2026-09-28T12:16:49.044Z	spark1	LOAD	19.552	7.588
2026-09-28T12:16:49.153Z	spark2	LOAD	23.323	4.139
2026-09-28T12:16:49.294Z	spark1	LOAD	19.513	7.588
2026-09-28T12:16:49.415Z	spark2	LOAD	23.323	4.139
2026-09-28T12:16:49.545Z	spark1	LOAD	19.427	7.588
2026-09-28T12:16:49.665Z	spark2	LOAD	23.324	4.139
2026-09-28T12:16:49.795Z	spark1	LOAD	19.939	7.588
2026-09-28T12:16:49.916Z	spark2	LOAD	23.324	4.139
2026-09-28T12:16:50.062Z	spark1	LOAD	21.760	7.588
2026-09-28T12:16:50.168Z	spark2	LOAD	23.324	4.139
2026-09-28T12:16:50.312Z	spark1	LOAD	22.595	7.588
2026-09-28T12:16:50.428Z	spark2	LOAD	23.324	4.139
2026-09-28T12:16:50.563Z	spark1	LOAD	22.569	7.588
2026-09-28T12:16:50.679Z	spark2	LOAD	23.324	4.139
2026-09-28T12:16:50.813Z	spark1	LOAD	22.549	7.588
2026-09-28T12:16:50.929Z	spark2	LOAD	23.324	4.139
2026-09-28T12:16:51.079Z	spark1	LOAD	22.505	7.588
2026-09-28T12:16:51.179Z	spark2	LOAD	23.324	4.139
2026-09-28T12:16:51.330Z	spark1	LOAD	22.487	7.588
2026-09-28T12:16:51.441Z	spark2	LOAD	23.324	4.139
2026-09-28T12:16:51.580Z	spark1	LOAD	22.521	7.588
2026-09-28T12:16:51.692Z	spark2	LOAD	23.324	4.139
2026-09-28T12:16:51.831Z	spark1	LOAD	22.477	7.588
2026-09-28T12:16:51.943Z	spark2	LOAD	23.324	4.139
2026-09-28T12:16:52.093Z	spark1	LOAD	21.993	7.588
2026-09-28T12:16:52.194Z	spark2	LOAD	23.324	4.139
2026-09-28T12:16:52.343Z	spark1	LOAD	21.888	7.588
2026-09-28T12:16:52.455Z	spark2	LOAD	23.324	4.139
2026-09-28T12:16:52.594Z	spark1	LOAD	21.824	7.588
2026-09-28T12:16:52.705Z	spark2	LOAD	23.324	4.139
2026-09-28T12:16:52.844Z	spark1	LOAD	22.268	7.589
2026-09-28T12:16:52.955Z	spark2	LOAD	23.324	4.139
2026-09-28T12:16:53.112Z	spark1	LOAD	22.322	7.589
2026-09-28T12:16:53.205Z	spark2	LOAD	23.324	4.139
2026-09-28T12:16:53.363Z	spark1	LOAD	22.283	7.589
2026-09-28T12:16:53.467Z	spark2	LOAD	23.324	4.139
2026-09-28T12:16:53.613Z	spark1	LOAD	22.229	7.589
2026-09-28T12:16:53.718Z	spark2	LOAD	23.324	4.139
2026-09-28T12:16:53.863Z	spark1	LOAD	22.195	7.589
2026-09-28T12:16:53.969Z	spark2	LOAD	23.324	4.139
2026-09-28T12:16:54.132Z	spark1	LOAD	21.861	7.589
2026-09-28T12:16:54.220Z	spark2	LOAD	23.324	4.139
2026-09-28T12:16:54.382Z	spark1	LOAD	21.744	7.589
2026-09-28T12:16:54.481Z	spark2	LOAD	23.324	4.139
2026-09-28T12:16:54.632Z	spark1	LOAD	21.547	7.589
2026-09-28T12:16:54.731Z	spark2	LOAD	23.324	4.139
2026-09-28T12:16:54.883Z	spark1	LOAD	21.495	7.589
2026-09-28T12:16:54.982Z	spark2	LOAD	23.324	4.139
2026-09-28T12:16:55.149Z	spark1	LOAD	21.453	7.588
2026-09-28T12:16:55.232Z	spark2	LOAD	23.324	4.139
2026-09-28T12:16:55.400Z	spark1	LOAD	21.458	7.588
2026-09-28T12:16:55.493Z	spark2	LOAD	23.320	4.138
2026-09-28T12:16:55.650Z	spark1	LOAD	21.423	7.588
2026-09-28T12:16:55.743Z	spark2	LOAD	23.319	4.138
2026-09-28T12:16:55.900Z	spark1	LOAD	21.354	7.588
2026-09-28T12:16:55.995Z	spark2	LOAD	23.317	4.136
2026-09-28T12:16:56.168Z	spark1	LOAD	21.319	7.588
2026-09-28T12:16:56.245Z	spark2	LOAD	23.316	4.136
2026-09-28T12:16:56.418Z	spark1	LOAD	21.286	7.588
2026-09-28T12:16:56.505Z	spark2	LOAD	23.316	4.136
2026-09-28T12:16:56.668Z	spark1	LOAD	21.254	7.588
2026-09-28T12:16:56.757Z	spark2	LOAD	23.316	4.136
2026-09-28T12:16:56.918Z	spark1	LOAD	21.222	7.588
2026-09-28T12:16:57.007Z	spark2	LOAD	23.316	4.136
2026-09-28T12:16:57.185Z	spark1	LOAD	21.182	7.588
2026-09-28T12:16:57.258Z	spark2	LOAD	23.316	4.136
2026-09-28T12:16:57.435Z	spark1	LOAD	21.150	7.588
2026-09-28T12:16:57.522Z	spark2	LOAD	23.316	4.136
2026-09-28T12:16:57.686Z	spark1	LOAD	21.123	7.588
2026-09-28T12:16:57.773Z	spark2	LOAD	23.316	4.136
2026-09-28T12:16:57.936Z	spark1	LOAD	21.059	7.588
2026-09-28T12:16:58.024Z	spark2	LOAD	23.316	4.136
2026-09-28T12:16:58.203Z	spark1	LOAD	21.031	7.588
2026-09-28T12:16:58.274Z	spark2	LOAD	23.316	4.136
2026-09-28T12:16:58.453Z	spark1	LOAD	21.005	7.588
2026-09-28T12:16:58.539Z	spark2	LOAD	23.316	4.136
2026-09-28T12:16:58.703Z	spark1	LOAD	20.975	7.588
2026-09-28T12:16:58.789Z	spark2	LOAD	23.316	4.136
2026-09-28T12:16:58.954Z	spark1	LOAD	20.945	7.588
2026-09-28T12:16:59.041Z	spark2	LOAD	23.317	4.136
2026-09-28T12:16:59.216Z	spark1	LOAD	20.879	7.588
2026-09-28T12:16:59.292Z	spark2	LOAD	23.317	4.136
2026-09-28T12:16:59.467Z	spark1	LOAD	20.841	7.588
2026-09-28T12:16:59.556Z	spark2	LOAD	23.317	4.136
2026-09-28T12:16:59.717Z	spark1	LOAD	20.813	7.588
2026-09-28T12:16:59.807Z	spark2	LOAD	23.317	4.136
2026-09-28T12:16:59.967Z	spark1	LOAD	20.748	7.588
2026-09-28T12:17:00.059Z	spark2	LOAD	23.318	4.136
2026-09-28T12:17:00.235Z	spark1	LOAD	20.724	7.588
2026-09-28T12:17:00.309Z	spark2	LOAD	23.318	4.136
2026-09-28T12:17:00.485Z	spark1	LOAD	20.695	7.588
2026-09-28T12:17:00.573Z	spark2	LOAD	23.318	4.136
2026-09-28T12:17:00.736Z	spark1	LOAD	20.667	7.588
2026-09-28T12:17:00.824Z	spark2	LOAD	23.318	4.136
2026-09-28T12:17:00.986Z	spark1	LOAD	20.638	7.588
2026-09-28T12:17:01.074Z	spark2	LOAD	23.319	4.136
2026-09-28T12:17:01.255Z	spark1	LOAD	20.601	7.588
2026-09-28T12:17:01.324Z	spark2	LOAD	23.319	4.136
2026-09-28T12:17:01.506Z	spark1	LOAD	20.566	7.588
2026-09-28T12:17:01.589Z	spark2	LOAD	23.319	4.136
2026-09-28T12:17:01.756Z	spark1	LOAD	20.532	7.588
2026-09-28T12:17:01.840Z	spark2	LOAD	23.319	4.136
2026-09-28T12:17:02.007Z	spark1	LOAD	20.465	7.588
2026-09-28T12:17:02.090Z	spark2	LOAD	23.319	4.136
2026-09-28T12:17:02.273Z	spark1	LOAD	20.425	7.588
2026-09-28T12:17:02.341Z	spark2	LOAD	23.319	4.136
2026-09-28T12:17:02.523Z	spark1	LOAD	20.394	7.588
2026-09-28T12:17:02.605Z	spark2	LOAD	23.319	4.136
2026-09-28T12:17:02.773Z	spark1	LOAD	20.913	7.588
2026-09-28T12:17:02.856Z	spark2	LOAD	23.319	4.136
2026-09-28T12:17:03.024Z	spark1	LOAD	20.882	7.588
2026-09-28T12:17:03.108Z	spark2	LOAD	23.319	4.136
2026-09-28T12:17:03.286Z	spark1	LOAD	20.883	7.588
2026-09-28T12:17:03.357Z	spark2	LOAD	23.319	4.136
2026-09-28T12:17:03.536Z	spark1	LOAD	20.456	7.588
2026-09-28T12:17:03.622Z	spark2	LOAD	23.319	4.136
2026-09-28T12:17:03.786Z	spark1	LOAD	20.823	7.588
2026-09-28T12:17:03.872Z	spark2	LOAD	23.319	4.136
2026-09-28T12:17:04.036Z	spark1	LOAD	20.416	7.588
2026-09-28T12:17:04.122Z	spark2	LOAD	23.319	4.136
2026-09-28T12:17:04.303Z	spark1	LOAD	20.175	7.588
2026-09-28T12:17:04.373Z	spark2	LOAD	23.319	4.136
2026-09-28T12:17:04.554Z	spark1	LOAD	20.118	7.588
2026-09-28T12:17:04.638Z	spark2	LOAD	23.319	4.136
2026-09-28T12:17:04.804Z	spark1	LOAD	20.700	7.589
2026-09-28T12:17:04.888Z	spark2	LOAD	23.319	4.136
2026-09-28T12:17:05.054Z	spark1	LOAD	20.654	7.589
2026-09-28T12:17:05.139Z	spark2	LOAD	23.319	4.136
2026-09-28T12:17:05.317Z	spark1	LOAD	20.616	7.589
2026-09-28T12:17:05.390Z	spark2	LOAD	23.319	4.136
2026-09-28T12:17:05.567Z	spark1	LOAD	20.580	7.589
2026-09-28T12:17:05.654Z	spark2	LOAD	23.319	4.136
2026-09-28T12:17:05.818Z	spark1	LOAD	20.500	7.589
2026-09-28T12:17:05.905Z	spark2	LOAD	23.319	4.136
2026-09-28T12:17:06.068Z	spark1	LOAD	20.393	7.589
2026-09-28T12:17:06.155Z	spark2	LOAD	23.319	4.136
2026-09-28T12:17:06.331Z	spark1	LOAD	20.364	7.589
2026-09-28T12:17:06.405Z	spark2	LOAD	23.313	4.135
2026-09-28T12:17:06.581Z	spark1	LOAD	20.112	7.589
2026-09-28T12:17:06.669Z	spark2	LOAD	23.294	4.135
2026-09-28T12:17:06.831Z	spark1	LOAD	20.387	7.589
2026-09-28T12:17:06.920Z	spark2	LOAD	23.294	4.134
2026-09-28T12:17:07.082Z	spark1	LOAD	20.357	7.589
2026-09-28T12:17:07.170Z	spark2	LOAD	23.295	4.134
2026-09-28T12:17:07.346Z	spark1	LOAD	20.317	7.589
2026-09-28T12:17:07.421Z	spark2	LOAD	23.295	4.134
2026-09-28T12:17:07.597Z	spark1	LOAD	19.917	7.589
2026-09-28T12:17:07.686Z	spark2	LOAD	23.295	4.134
2026-09-28T12:17:07.847Z	spark1	LOAD	19.716	7.589
2026-09-28T12:17:07.936Z	spark2	LOAD	23.295	4.134
2026-09-28T12:17:08.097Z	spark1	LOAD	19.654	7.589
2026-09-28T12:17:08.186Z	spark2	LOAD	23.295	4.134
2026-09-28T12:17:08.359Z	spark1	LOAD	20.206	7.589
2026-09-28T12:17:08.437Z	spark2	LOAD	23.295	4.134
2026-09-28T12:17:08.609Z	spark1	LOAD	20.179	7.589
2026-09-28T12:17:08.703Z	spark2	LOAD	23.295	4.134
2026-09-28T12:17:08.860Z	spark1	LOAD	20.145	7.589
2026-09-28T12:17:08.954Z	spark2	LOAD	23.296	4.134
2026-09-28T12:17:09.110Z	spark1	LOAD	20.112	7.589
2026-09-28T12:17:09.205Z	spark2	LOAD	23.298	4.134
2026-09-28T12:17:09.379Z	spark1	LOAD	20.070	7.589
2026-09-28T12:17:09.456Z	spark2	LOAD	23.298	4.134
2026-09-28T12:17:09.629Z	spark1	LOAD	20.028	7.589
2026-09-28T12:17:09.716Z	spark2	LOAD	23.298	4.134
2026-09-28T12:17:09.879Z	spark1	LOAD	19.990	7.589
2026-09-28T12:17:09.966Z	spark2	LOAD	23.300	4.134
2026-09-28T12:17:10.129Z	spark1	LOAD	19.922	7.589
2026-09-28T12:17:10.218Z	spark2	LOAD	23.300	4.134
2026-09-28T12:17:10.392Z	spark1	LOAD	19.892	7.589
2026-09-28T12:17:10.468Z	spark2	LOAD	23.300	4.134
2026-09-28T12:17:10.642Z	spark1	LOAD	19.860	7.589
2026-09-28T12:17:10.733Z	spark2	LOAD	23.300	4.134
2026-09-28T12:17:10.892Z	spark1	LOAD	19.834	7.589
2026-09-28T12:17:10.983Z	spark2	LOAD	23.301	4.134
2026-09-28T12:17:11.143Z	spark1	LOAD	19.804	7.589
2026-09-28T12:17:11.235Z	spark2	LOAD	23.301	4.134
2026-09-28T12:17:11.411Z	spark1	LOAD	19.772	7.589
2026-09-28T12:17:11.486Z	spark2	LOAD	23.301	4.134
2026-09-28T12:17:11.662Z	spark1	LOAD	19.746	7.589
2026-09-28T12:17:11.750Z	spark2	LOAD	23.301	4.134
2026-09-28T12:17:11.913Z	spark1	LOAD	19.714	7.589
2026-09-28T12:17:12.000Z	spark2	LOAD	23.301	4.134
2026-09-28T12:17:12.163Z	spark1	LOAD	19.648	7.589
2026-09-28T12:17:12.250Z	spark2	LOAD	23.302	4.134
2026-09-28T12:17:12.430Z	spark1	LOAD	19.624	7.589
2026-09-28T12:17:12.502Z	spark2	LOAD	23.302	4.134
2026-09-28T12:17:12.681Z	spark1	LOAD	19.602	7.589
2026-09-28T12:17:12.766Z	spark2	LOAD	23.302	4.134
2026-09-28T12:17:12.931Z	spark1	LOAD	19.566	7.589
2026-09-28T12:17:13.016Z	spark2	LOAD	23.302	4.134
2026-09-28T12:17:13.181Z	spark1	LOAD	19.041	7.589
2026-09-28T12:17:13.266Z	spark2	LOAD	23.302	4.134
2026-09-28T12:17:13.448Z	spark1	LOAD	19.001	7.589
2026-09-28T12:17:13.516Z	spark2	LOAD	23.302	4.134
2026-09-28T12:17:13.698Z	spark1	LOAD	18.985	7.589
2026-09-28T12:17:13.780Z	spark2	LOAD	23.302	4.134
2026-09-28T12:17:13.949Z	spark1	LOAD	19.484	7.589
2026-09-28T12:17:14.031Z	spark2	LOAD	23.303	4.134
2026-09-28T12:17:14.199Z	spark1	LOAD	19.454	7.589
2026-09-28T12:17:14.281Z	spark2	LOAD	23.303	4.134
2026-09-28T12:17:14.461Z	spark1	LOAD	19.390	7.589
2026-09-28T12:17:14.532Z	spark2	LOAD	23.303	4.134
2026-09-28T12:17:14.712Z	spark1	LOAD	20.744	7.589
2026-09-28T12:17:14.793Z	spark2	LOAD	23.303	4.134
2026-09-28T12:17:14.962Z	spark1	LOAD	22.615	7.589
2026-09-28T12:17:15.044Z	spark2	LOAD	23.303	4.134
2026-09-28T12:17:15.213Z	spark1	LOAD	22.585	7.589
2026-09-28T12:17:15.295Z	spark2	LOAD	23.303	4.134
2026-09-28T12:17:15.480Z	spark1	LOAD	22.557	7.589
2026-09-28T12:17:15.546Z	spark2	LOAD	23.303	4.134
2026-09-28T12:17:15.730Z	spark1	LOAD	22.522	7.589
2026-09-28T12:17:15.811Z	spark2	LOAD	23.302	4.134
2026-09-28T12:17:15.980Z	spark1	LOAD	22.492	7.589
2026-09-28T12:17:16.062Z	spark2	LOAD	23.301	4.134
2026-09-28T12:17:16.231Z	spark1	LOAD	22.462	7.589
2026-09-28T12:17:16.312Z	spark2	LOAD	23.301	4.134
2026-09-28T12:17:16.499Z	spark1	LOAD	22.402	7.589
2026-09-28T12:17:16.563Z	spark2	LOAD	23.301	4.134
2026-09-28T12:17:16.750Z	spark1	LOAD	22.348	7.589
2026-09-28T12:17:16.823Z	spark2	LOAD	23.301	4.134
2026-09-28T12:17:17.000Z	spark1	LOAD	22.311	7.589
2026-09-28T12:17:17.075Z	spark2	LOAD	23.302	4.134
2026-09-28T12:17:17.250Z	spark1	LOAD	22.285	7.589
2026-09-28T12:17:17.325Z	spark2	LOAD	23.301	4.133
2026-09-28T12:17:17.513Z	spark1	LOAD	22.250	7.589
2026-09-28T12:17:17.575Z	spark2	LOAD	23.305	4.133
2026-09-28T12:17:17.763Z	spark1	LOAD	22.201	7.589
2026-09-28T12:17:17.841Z	spark2	LOAD	23.311	4.132
2026-09-28T12:17:18.013Z	spark1	LOAD	22.185	7.589
2026-09-28T12:17:18.092Z	spark2	LOAD	23.311	4.132
2026-09-28T12:17:18.264Z	spark1	LOAD	22.162	7.589
2026-09-28T12:17:18.342Z	spark2	LOAD	23.311	4.132
2026-09-28T12:17:18.533Z	spark1	LOAD	22.098	7.589
2026-09-28T12:17:18.593Z	spark2	LOAD	23.311	4.132
2026-09-28T12:17:18.784Z	spark1	LOAD	22.071	7.589
2026-09-28T12:17:18.854Z	spark2	LOAD	23.311	4.132
2026-09-28T12:17:19.034Z	spark1	LOAD	22.052	7.589
2026-09-28T12:17:19.104Z	spark2	LOAD	23.311	4.132
2026-09-28T12:17:19.284Z	spark1	LOAD	22.026	7.589
2026-09-28T12:17:19.354Z	spark2	LOAD	23.311	4.132
2026-09-28T12:17:19.546Z	spark1	LOAD	21.982	7.589
2026-09-28T12:17:19.604Z	spark2	LOAD	23.311	4.132
2026-09-28T12:17:19.796Z	spark1	LOAD	21.949	7.589
2026-09-28T12:17:19.866Z	spark2	LOAD	23.311	4.132
2026-09-28T12:17:20.047Z	spark1	LOAD	21.938	7.589
2026-09-28T12:17:20.116Z	spark2	LOAD	23.311	4.132
2026-09-28T12:17:20.297Z	spark1	LOAD	21.906	7.589
2026-09-28T12:17:20.368Z	spark2	LOAD	23.311	4.132
2026-09-28T12:17:20.565Z	spark1	LOAD	21.850	7.589
2026-09-28T12:17:20.618Z	spark2	LOAD	23.311	4.132
2026-09-28T12:17:20.815Z	spark1	LOAD	21.827	7.589
2026-09-28T12:17:20.879Z	spark2	LOAD	23.311	4.132
2026-09-28T12:17:21.066Z	spark1	LOAD	21.790	7.589
2026-09-28T12:17:21.130Z	spark2	LOAD	23.311	4.132
2026-09-28T12:17:21.316Z	spark1	LOAD	21.762	7.589
2026-09-28T12:17:21.380Z	spark2	LOAD	23.311	4.132
2026-09-28T12:17:21.584Z	spark1	LOAD	21.731	7.589
2026-09-28T12:17:21.631Z	spark2	LOAD	23.311	4.132
2026-09-28T12:17:21.835Z	spark1	LOAD	21.702	7.589
2026-09-28T12:17:21.896Z	spark2	LOAD	23.311	4.132
2026-09-28T12:17:22.085Z	spark1	LOAD	21.667	7.589
2026-09-28T12:17:22.147Z	spark2	LOAD	23.311	4.132
2026-09-28T12:17:22.336Z	spark1	LOAD	21.632	7.589
2026-09-28T12:17:22.397Z	spark2	LOAD	23.311	4.132
2026-09-28T12:17:22.602Z	spark1	LOAD	21.580	7.589
2026-09-28T12:17:22.648Z	spark2	LOAD	23.311	4.132
2026-09-28T12:17:22.853Z	spark1	LOAD	21.556	7.589
2026-09-28T12:17:22.909Z	spark2	LOAD	23.311	4.132
2026-09-28T12:17:23.103Z	spark1	LOAD	21.526	7.589
2026-09-28T12:17:23.159Z	spark2	LOAD	23.311	4.132
2026-09-28T12:17:23.353Z	spark1	LOAD	21.490	7.589
2026-09-28T12:17:23.409Z	spark2	LOAD	23.311	4.132
2026-09-28T12:17:23.616Z	spark1	LOAD	21.454	7.589
2026-09-28T12:17:23.660Z	spark2	LOAD	23.311	4.132
2026-09-28T12:17:23.866Z	spark1	LOAD	21.148	7.589
2026-09-28T12:17:23.925Z	spark2	LOAD	23.310	4.132
2026-09-28T12:17:24.117Z	spark1	LOAD	20.854	7.589
2026-09-28T12:17:24.176Z	spark2	LOAD	23.310	4.132
2026-09-28T12:17:24.367Z	spark1	LOAD	20.823	7.589
2026-09-28T12:17:24.426Z	spark2	LOAD	23.310	4.132
2026-09-28T12:17:24.634Z	spark1	LOAD	20.852	7.589
2026-09-28T12:17:24.677Z	spark2	LOAD	23.310	4.132
2026-09-28T12:17:24.884Z	spark1	LOAD	21.351	7.589
2026-09-28T12:17:24.937Z	spark2	LOAD	23.310	4.132
2026-09-28T12:17:25.134Z	spark1	LOAD	21.320	7.589
2026-09-28T12:17:25.188Z	spark2	LOAD	23.310	4.132
2026-09-28T12:17:25.384Z	spark1	LOAD	21.288	7.589
2026-09-28T12:17:25.438Z	spark2	LOAD	23.310	4.132
2026-09-28T12:17:25.654Z	spark1	LOAD	21.246	7.589
2026-09-28T12:17:25.688Z	spark2	LOAD	23.310	4.132
2026-09-28T12:17:25.905Z	spark1	LOAD	21.214	7.589
2026-09-28T12:17:25.950Z	spark2	LOAD	23.310	4.132
2026-09-28T12:17:26.156Z	spark1	LOAD	21.178	7.589
2026-09-28T12:17:26.200Z	spark2	LOAD	23.310	4.132
2026-09-28T12:17:26.406Z	spark1	LOAD	21.150	7.589
2026-09-28T12:17:26.451Z	spark2	LOAD	23.310	4.132
2026-09-28T12:17:26.674Z	spark1	LOAD	21.094	7.589
2026-09-28T12:17:26.702Z	spark2	LOAD	23.310	4.132
2026-09-28T12:17:26.924Z	spark1	LOAD	21.061	7.589
2026-09-28T12:17:26.961Z	spark2	LOAD	23.310	4.132
2026-09-28T12:17:27.174Z	spark1	LOAD	21.018	7.589
2026-09-28T12:17:27.212Z	spark2	LOAD	23.310	4.132
2026-09-28T12:17:27.425Z	spark1	LOAD	20.996	7.589
2026-09-28T12:17:27.463Z	spark2	LOAD	23.310	4.132
2026-09-28T12:17:27.687Z	spark1	LOAD	20.953	7.589
2026-09-28T12:17:27.714Z	spark2	LOAD	23.310	4.132
2026-09-28T12:17:27.937Z	spark1	LOAD	20.920	7.589
2026-09-28T12:17:27.979Z	spark2	LOAD	23.310	4.132
2026-09-28T12:17:28.188Z	spark1	LOAD	20.879	7.589
2026-09-28T12:17:28.229Z	spark2	LOAD	23.309	4.132
2026-09-28T12:17:28.438Z	spark1	LOAD	20.845	7.589
2026-09-28T12:17:28.479Z	spark2	LOAD	23.316	4.132
2026-09-28T12:17:28.706Z	spark1	LOAD	20.765	7.589
2026-09-28T12:17:28.730Z	spark2	LOAD	23.321	4.131
2026-09-28T12:17:28.956Z	spark1	LOAD	20.729	7.589
2026-09-28T12:17:28.990Z	spark2	LOAD	23.321	4.131
2026-09-28T12:17:29.206Z	spark1	LOAD	20.700	7.589
2026-09-28T12:17:29.241Z	spark2	LOAD	23.321	4.131
2026-09-28T12:17:29.456Z	spark1	LOAD	20.670	7.589
2026-09-28T12:17:29.492Z	spark2	LOAD	23.321	4.131
2026-09-28T12:17:29.723Z	spark1	LOAD	20.355	7.589
2026-09-28T12:17:29.742Z	spark2	LOAD	23.321	4.131
2026-09-28T12:17:29.974Z	spark1	LOAD	20.647	7.589
2026-09-28T12:17:30.008Z	spark2	LOAD	23.321	4.131
2026-09-28T12:17:30.224Z	spark1	LOAD	20.598	7.589
2026-09-28T12:17:30.258Z	spark2	LOAD	23.321	4.131
2026-09-28T12:17:30.475Z	spark1	LOAD	20.562	7.589
2026-09-28T12:17:30.509Z	spark2	LOAD	23.321	4.131
2026-09-28T12:17:30.744Z	spark1	LOAD	20.487	7.589
2026-09-28T12:17:30.759Z	spark2	LOAD	23.321	4.131
2026-09-28T12:17:30.994Z	spark1	LOAD	20.453	7.591
2026-09-28T12:17:31.024Z	spark2	LOAD	23.321	4.131
2026-09-28T12:17:31.245Z	spark1	LOAD	20.420	7.591
2026-09-28T12:17:31.275Z	spark2	LOAD	23.321	4.131
2026-09-28T12:17:31.495Z	spark1	LOAD	20.387	7.591
2026-09-28T12:17:31.524Z	spark2	LOAD	23.321	4.131
2026-09-28T12:17:31.764Z	spark1	LOAD	20.381	7.591
2026-09-28T12:17:31.775Z	spark2	LOAD	23.321	4.131
2026-09-28T12:17:32.015Z	spark1	LOAD	19.843	7.591
2026-09-28T12:17:32.040Z	spark2	LOAD	23.321	4.131
2026-09-28T12:17:32.265Z	spark1	LOAD	20.376	7.591
2026-09-28T12:17:32.291Z	spark2	LOAD	23.321	4.131
2026-09-28T12:17:32.516Z	spark1	LOAD	20.340	7.591
2026-09-28T12:17:32.541Z	spark2	LOAD	23.321	4.131
2026-09-28T12:17:32.777Z	spark1	LOAD	20.262	7.591
2026-09-28T12:17:32.792Z	spark2	LOAD	23.321	4.131
2026-09-28T12:17:33.027Z	spark1	LOAD	20.249	7.591
2026-09-28T12:17:33.056Z	spark2	LOAD	23.320	4.131
2026-09-28T12:17:33.278Z	spark1	LOAD	20.220	7.591
2026-09-28T12:17:33.307Z	spark2	LOAD	23.320	4.131
2026-09-28T12:17:33.528Z	spark1	LOAD	20.190	7.591
2026-09-28T12:17:33.557Z	spark2	LOAD	23.320	4.131
2026-09-28T12:17:33.796Z	spark1	LOAD	20.151	7.591
2026-09-28T12:17:33.809Z	spark2	LOAD	23.320	4.131
2026-09-28T12:17:34.046Z	spark1	LOAD	20.114	7.591
2026-09-28T12:17:34.069Z	spark2	LOAD	23.320	4.131
2026-09-28T12:17:34.297Z	spark1	LOAD	20.083	7.591
2026-09-28T12:17:34.319Z	spark2	LOAD	23.320	4.131
2026-09-28T12:17:34.547Z	spark1	LOAD	20.039	7.591
2026-09-28T12:17:34.570Z	spark2	LOAD	23.320	4.131
2026-09-28T12:17:34.814Z	spark1	LOAD	19.999	7.591
2026-09-28T12:17:34.820Z	spark2	LOAD	23.320	4.131
2026-09-28T12:17:35.064Z	spark1	LOAD	19.938	7.591
2026-09-28T12:17:35.085Z	spark2	LOAD	23.320	4.131
2026-09-28T12:17:35.315Z	spark1	LOAD	19.908	7.591
2026-09-28T12:17:35.336Z	spark2	LOAD	23.320	4.131
2026-09-28T12:17:35.565Z	spark1	LOAD	19.882	7.591
2026-09-28T12:17:35.587Z	spark2	LOAD	23.320	4.131
2026-09-28T12:17:35.832Z	spark1	LOAD	19.842	7.591
2026-09-28T12:17:35.838Z	spark2	LOAD	23.320	4.131
2026-09-28T12:17:36.083Z	spark1	LOAD	19.823	7.591
2026-09-28T12:17:36.098Z	spark2	LOAD	23.319	4.131
2026-09-28T12:17:36.333Z	spark1	LOAD	19.796	7.591
2026-09-28T12:17:36.349Z	spark2	LOAD	23.319	4.131
2026-09-28T12:17:36.584Z	spark1	LOAD	19.765	7.591
2026-09-28T12:17:36.600Z	spark2	LOAD	23.319	4.131
2026-09-28T12:17:36.846Z	spark1	LOAD	19.728	7.591
2026-09-28T12:17:36.850Z	spark2	LOAD	23.319	4.131
2026-09-28T12:17:37.097Z	spark1	LOAD	19.675	7.591
2026-09-28T12:17:37.115Z	spark2	LOAD	23.319	4.131
2026-09-28T12:17:37.347Z	spark1	LOAD	19.640	7.591
2026-09-28T12:17:37.365Z	spark2	LOAD	23.319	4.131
2026-09-28T12:17:37.598Z	spark1	LOAD	19.604	7.591
2026-09-28T12:17:37.616Z	spark2	LOAD	23.319	4.131
2026-09-28T12:17:37.865Z	spark1	LOAD	19.559	7.591
2026-09-28T12:17:37.867Z	spark2	LOAD	23.319	4.131
2026-09-28T12:17:38.116Z	spark1	LOAD	19.534	7.591
2026-09-28T12:17:38.128Z	spark2	LOAD	23.319	4.131
2026-09-28T12:17:38.367Z	spark1	LOAD	19.577	7.591
2026-09-28T12:17:38.379Z	spark2	LOAD	23.319	4.131
2026-09-28T12:17:38.618Z	spark1	LOAD	20.976	7.591
2026-09-28T12:17:38.629Z	spark2	LOAD	23.319	4.131
2026-09-28T12:17:38.880Z	spark2	LOAD	23.319	4.131
2026-09-28T12:17:38.885Z	spark1	LOAD	22.643	7.591
2026-09-28T12:17:39.135Z	spark1	LOAD	22.630	7.591
2026-09-28T12:17:39.140Z	spark2	LOAD	23.307	4.130
2026-09-28T12:17:39.386Z	spark1	LOAD	22.606	7.591
2026-09-28T12:17:39.390Z	spark2	LOAD	23.311	4.130
2026-09-28T12:17:39.636Z	spark1	LOAD	22.536	7.591
2026-09-28T12:17:39.641Z	spark2	LOAD	23.298	4.130
2026-09-28T12:17:39.892Z	spark2	LOAD	23.299	4.130
2026-09-28T12:17:39.903Z	spark1	LOAD	22.496	7.591
2026-09-28T12:17:40.153Z	spark1	LOAD	22.472	7.591
2026-09-28T12:17:40.157Z	spark2	LOAD	23.298	4.130
2026-09-28T12:17:40.404Z	spark1	LOAD	22.446	7.591
2026-09-28T12:17:40.408Z	spark2	LOAD	23.298	4.130
2026-09-28T12:17:40.654Z	spark1	LOAD	22.421	7.591
2026-09-28T12:17:40.659Z	spark2	LOAD	23.298	4.130
2026-09-28T12:17:40.910Z	spark2	LOAD	23.298	4.130
2026-09-28T12:17:40.917Z	spark1	LOAD	21.944	7.591
2026-09-28T12:17:41.167Z	spark1	LOAD	21.817	7.591
2026-09-28T12:17:41.175Z	spark2	LOAD	23.298	4.130
2026-09-28T12:17:41.417Z	spark1	LOAD	21.788	7.591
2026-09-28T12:17:41.427Z	spark2	LOAD	23.298	4.130
2026-09-28T12:17:41.668Z	spark1	LOAD	21.760	7.591
2026-09-28T12:17:41.677Z	spark2	LOAD	23.298	4.130
2026-09-28T12:17:41.928Z	spark2	LOAD	23.298	4.130
2026-09-28T12:17:41.936Z	spark1	LOAD	21.814	7.591
2026-09-28T12:17:42.187Z	spark1	LOAD	22.332	7.591
2026-09-28T12:17:42.189Z	spark2	LOAD	23.298	4.130
2026-09-28T12:17:42.437Z	spark1	LOAD	22.277	7.591
2026-09-28T12:17:42.439Z	spark2	LOAD	23.298	4.130
2026-09-28T12:17:42.688Z	spark1	LOAD	22.249	7.591
2026-09-28T12:17:42.690Z	spark2	LOAD	23.298	4.130
2026-09-28T12:17:42.941Z	spark2	LOAD	23.298	4.130
2026-09-28T12:17:42.949Z	spark1	LOAD	22.185	7.592
2026-09-28T12:17:43.199Z	spark1	LOAD	22.131	7.592
2026-09-28T12:17:43.205Z	spark2	LOAD	23.298	4.130
2026-09-28T12:17:43.450Z	spark1	LOAD	22.102	7.592
2026-09-28T12:17:43.457Z	spark2	LOAD	23.298	4.130
2026-09-28T12:17:43.700Z	spark1	LOAD	21.937	7.592
2026-09-28T12:17:43.708Z	spark2	LOAD	23.298	4.130
2026-09-28T12:17:43.959Z	spark2	LOAD	23.298	4.130
2026-09-28T12:17:43.962Z	spark1	LOAD	21.531	7.592
2026-09-28T12:17:44.213Z	spark1	LOAD	21.468	7.592
2026-09-28T12:17:44.220Z	spark2	LOAD	23.298	4.130
2026-09-28T12:17:44.463Z	spark1	LOAD	21.435	7.592
2026-09-28T12:17:44.470Z	spark2	LOAD	23.298	4.130
2026-09-28T12:17:44.714Z	spark1	LOAD	21.399	7.592
2026-09-28T12:17:44.722Z	spark2	LOAD	23.298	4.130
2026-09-28T12:17:44.972Z	spark2	LOAD	23.298	4.130
2026-09-28T12:17:44.981Z	spark1	LOAD	21.365	7.592
2026-09-28T12:17:45.231Z	spark1	LOAD	21.316	7.592
2026-09-28T12:17:45.236Z	spark2	LOAD	23.297	4.130
2026-09-28T12:17:45.482Z	spark1	LOAD	21.283	7.592
2026-09-28T12:17:45.488Z	spark2	LOAD	23.297	4.130
2026-09-28T12:17:45.732Z	spark1	LOAD	21.258	7.592
2026-09-28T12:17:45.738Z	spark2	LOAD	23.297	4.130
2026-09-28T12:17:45.988Z	spark2	LOAD	23.297	4.130
2026-09-28T12:17:45.994Z	spark1	LOAD	21.232	7.592
2026-09-28T12:17:46.244Z	spark1	LOAD	21.199	7.592
2026-09-28T12:17:46.249Z	spark2	LOAD	23.297	4.130
2026-09-28T12:17:46.494Z	spark1	LOAD	21.169	7.592
2026-09-28T12:17:46.500Z	spark2	LOAD	23.297	4.130
2026-09-28T12:17:46.744Z	spark1	LOAD	21.134	7.592
2026-09-28T12:17:46.750Z	spark2	LOAD	23.297	4.130
2026-09-28T12:17:47.002Z	spark2	LOAD	23.297	4.130
2026-09-28T12:17:47.011Z	spark1	LOAD	21.100	7.592
2026-09-28T12:17:47.262Z	spark1	LOAD	21.030	7.592
2026-09-28T12:17:47.263Z	spark2	LOAD	23.297	4.130
2026-09-28T12:17:47.512Z	spark1	LOAD	21.004	7.592
2026-09-28T12:17:47.513Z	spark2	LOAD	23.299	4.130
2026-09-28T12:17:47.762Z	spark1	LOAD	20.971	7.592
2026-09-28T12:17:47.764Z	spark2	LOAD	23.299	4.130
2026-09-28T12:17:48.014Z	spark2	LOAD	23.300	4.130
2026-09-28T12:17:48.029Z	spark1	LOAD	20.944	7.592
2026-09-28T12:17:48.275Z	spark2	LOAD	23.300	4.130
2026-09-28T12:17:48.279Z	spark1	LOAD	20.912	7.592
2026-09-28T12:17:48.527Z	spark2	LOAD	23.300	4.130
2026-09-28T12:17:48.529Z	spark1	LOAD	20.872	7.592
2026-09-28T12:17:48.778Z	spark2	LOAD	23.300	4.130
2026-09-28T12:17:48.780Z	spark1	LOAD	20.851	7.592
2026-09-28T12:17:49.029Z	spark2	LOAD	23.301	4.130
2026-09-28T12:17:49.047Z	spark1	LOAD	20.825	7.592
2026-09-28T12:17:49.290Z	spark2	LOAD	23.301	4.130
2026-09-28T12:17:49.297Z	spark1	LOAD	20.762	7.592
2026-09-28T12:17:49.541Z	spark2	LOAD	23.301	4.130
2026-09-28T12:17:49.548Z	spark1	LOAD	20.735	7.592
2026-09-28T12:17:49.791Z	spark2	LOAD	23.301	4.130
2026-09-28T12:17:49.798Z	spark1	LOAD	20.666	7.592
2026-09-28T12:17:50.043Z	spark2	LOAD	23.301	4.130
2026-09-28T12:17:50.059Z	spark1	LOAD	20.628	7.592
2026-09-28T12:17:50.304Z	spark2	LOAD	23.300	4.130
2026-09-28T12:17:50.309Z	spark1	LOAD	20.605	7.592
2026-09-28T12:17:50.553Z	spark2	LOAD	23.301	4.130
2026-09-28T12:17:50.559Z	spark1	LOAD	20.582	7.592
2026-09-28T12:17:50.805Z	spark2	LOAD	23.300	4.129
2026-09-28T12:17:50.810Z	spark1	LOAD	20.532	7.592
2026-09-28T12:17:51.056Z	spark2	LOAD	23.301	4.129
2026-09-28T12:17:51.076Z	spark1	LOAD	20.496	7.592
2026-09-28T12:17:51.321Z	spark2	LOAD	23.300	4.129
2026-09-28T12:17:51.326Z	spark1	LOAD	20.420	7.592
2026-09-28T12:17:51.572Z	spark2	LOAD	23.300	4.129
2026-09-28T12:17:51.577Z	spark1	LOAD	20.393	7.592
2026-09-28T12:17:51.823Z	spark2	LOAD	23.300	4.129
2026-09-28T12:17:51.827Z	spark1	LOAD	20.365	7.592
2026-09-28T12:17:52.074Z	spark2	LOAD	23.300	4.129
2026-09-28T12:17:52.094Z	spark1	LOAD	20.331	7.592
2026-09-28T12:17:52.336Z	spark2	LOAD	23.300	4.129
2026-09-28T12:17:52.345Z	spark1	LOAD	20.303	7.592
2026-09-28T12:17:52.587Z	spark2	LOAD	23.300	4.129
2026-09-28T12:17:52.595Z	spark1	LOAD	20.268	7.592
2026-09-28T12:17:52.837Z	spark2	LOAD	23.300	4.129
2026-09-28T12:17:52.845Z	spark1	LOAD	20.224	7.592
2026-09-28T12:17:53.088Z	spark2	LOAD	23.300	4.129
2026-09-28T12:17:53.115Z	spark1	LOAD	20.191	7.592
2026-09-28T12:17:53.353Z	spark2	LOAD	23.300	4.129
2026-09-28T12:17:53.365Z	spark1	LOAD	20.131	7.592
2026-09-28T12:17:53.604Z	spark2	LOAD	23.300	4.129
2026-09-28T12:17:53.616Z	spark1	LOAD	20.115	7.592
2026-09-28T12:17:53.855Z	spark2	LOAD	23.300	4.129
2026-09-28T12:17:53.866Z	spark1	LOAD	20.082	7.592
2026-09-28T12:17:54.106Z	spark2	LOAD	23.300	4.129
2026-09-28T12:17:54.133Z	spark1	LOAD	20.049	7.592
2026-09-28T12:17:54.366Z	spark2	LOAD	23.300	4.129
2026-09-28T12:17:54.383Z	spark1	LOAD	20.018	7.592
2026-09-28T12:17:54.617Z	spark2	LOAD	23.300	4.129
2026-09-28T12:17:54.634Z	spark1	LOAD	19.979	7.592
2026-09-28T12:17:54.868Z	spark2	LOAD	23.300	4.129
2026-09-28T12:17:54.884Z	spark1	LOAD	19.947	7.592
2026-09-28T12:17:55.119Z	spark2	LOAD	23.301	4.129
2026-09-28T12:17:55.151Z	spark1	LOAD	19.917	7.592
2026-09-28T12:17:55.383Z	spark2	LOAD	23.302	4.129
2026-09-28T12:17:55.401Z	spark1	LOAD	19.888	7.592
2026-09-28T12:17:55.633Z	spark2	LOAD	23.302	4.129
2026-09-28T12:17:55.651Z	spark1	LOAD	19.834	7.592
2026-09-28T12:17:55.884Z	spark2	LOAD	23.302	4.129
2026-09-28T12:17:55.902Z	spark1	LOAD	19.803	7.592
2026-09-28T12:17:56.134Z	spark2	LOAD	23.303	4.129
2026-09-28T12:17:56.165Z	spark1	LOAD	19.771	7.592
2026-09-28T12:17:56.399Z	spark2	LOAD	23.303	4.129
2026-09-28T12:17:56.415Z	spark1	LOAD	19.742	7.592
2026-09-28T12:17:56.650Z	spark2	LOAD	23.303	4.129
2026-09-28T12:17:56.665Z	spark1	LOAD	19.712	7.592
2026-09-28T12:17:56.901Z	spark2	LOAD	23.303	4.129
2026-09-28T12:17:56.915Z	spark1	LOAD	19.674	7.592
2026-09-28T12:17:57.152Z	spark2	LOAD	23.304	4.129
2026-09-28T12:17:57.183Z	spark1	LOAD	19.636	7.592
2026-09-28T12:17:57.412Z	spark2	LOAD	23.304	4.129
2026-09-28T12:17:57.433Z	spark1	LOAD	19.600	7.592
2026-09-28T12:17:57.664Z	spark2	LOAD	23.304	4.129
2026-09-28T12:17:57.683Z	spark1	LOAD	19.540	7.592
2026-09-28T12:17:57.914Z	spark2	LOAD	23.305	4.129
2026-09-28T12:17:57.934Z	spark1	LOAD	19.514	7.592
2026-09-28T12:17:58.164Z	spark2	LOAD	23.305	4.129
2026-09-28T12:17:58.195Z	spark1	LOAD	19.481	7.592
2026-09-28T12:17:58.425Z	spark2	LOAD	23.304	4.129
2026-09-28T12:17:58.445Z	spark1	LOAD	20.101	7.592
2026-09-28T12:17:58.675Z	spark2	LOAD	23.304	4.129
2026-09-28T12:17:58.695Z	spark1	LOAD	20.070	7.592
2026-09-28T12:17:58.926Z	spark2	LOAD	23.304	4.129
2026-09-28T12:17:58.945Z	spark1	LOAD	20.034	7.592
2026-09-28T12:17:59.177Z	spark2	LOAD	23.304	4.129
2026-09-28T12:17:59.214Z	spark1	LOAD	19.994	7.592
2026-09-28T12:17:59.441Z	spark2	LOAD	23.305	4.129
2026-09-28T12:17:59.464Z	spark1	LOAD	19.961	7.592
2026-09-28T12:17:59.692Z	spark2	LOAD	23.305	4.129
2026-09-28T12:17:59.715Z	spark1	LOAD	19.886	7.592
2026-09-28T12:17:59.942Z	spark2	LOAD	23.305	4.129
2026-09-28T12:17:59.966Z	spark1	LOAD	19.856	7.592
2026-09-28T12:18:00.193Z	spark2	LOAD	23.305	4.129
2026-09-28T12:18:00.228Z	spark1	LOAD	19.820	7.592
2026-09-28T12:18:00.453Z	spark2	LOAD	23.305	4.129
2026-09-28T12:18:00.478Z	spark1	LOAD	19.792	7.592
2026-09-28T12:18:00.704Z	spark2	LOAD	23.305	4.129
2026-09-28T12:18:00.728Z	spark1	LOAD	19.712	7.591
2026-09-28T12:18:00.954Z	spark2	LOAD	23.305	4.129
2026-09-28T12:18:00.978Z	spark1	LOAD	19.675	7.591
2026-09-28T12:18:01.204Z	spark2	LOAD	23.302	4.129
2026-09-28T12:18:01.246Z	spark1	LOAD	19.701	7.591
2026-09-28T12:18:01.463Z	spark2	LOAD	23.294	4.129
2026-09-28T12:18:01.497Z	spark1	LOAD	19.655	7.591
2026-09-28T12:18:01.715Z	spark2	LOAD	23.293	4.128
2026-09-28T12:18:01.747Z	spark1	LOAD	19.576	7.591
2026-09-28T12:18:01.965Z	spark2	LOAD	23.293	4.128
2026-09-28T12:18:01.997Z	spark1	LOAD	19.491	7.591
2026-09-28T12:18:02.216Z	spark2	LOAD	23.293	4.128
2026-09-28T12:18:02.264Z	spark1	LOAD	20.317	7.591
2026-09-28T12:18:02.482Z	spark2	LOAD	23.293	4.128
2026-09-28T12:18:02.515Z	spark1	LOAD	21.732	7.591
2026-09-28T12:18:02.733Z	spark2	LOAD	23.293	4.128
2026-09-28T12:18:02.765Z	spark1	LOAD	22.494	7.591
2026-09-28T12:18:02.983Z	spark2	LOAD	23.293	4.128
2026-09-28T12:18:03.015Z	spark1	LOAD	22.715	7.591
2026-09-28T12:18:03.234Z	spark2	LOAD	23.293	4.128
2026-09-28T12:18:03.278Z	spark1	LOAD	22.671	7.591
2026-09-28T12:18:03.494Z	spark2	LOAD	23.293	4.128
2026-09-28T12:18:03.528Z	spark1	LOAD	22.635	7.591
2026-09-28T12:18:03.746Z	spark2	LOAD	23.293	4.128
2026-09-28T12:18:03.779Z	spark1	LOAD	22.560	7.591
2026-09-28T12:18:03.996Z	spark2	LOAD	23.293	4.128
2026-09-28T12:18:04.029Z	spark1	LOAD	22.523	7.591
2026-09-28T12:18:04.247Z	spark2	LOAD	23.293	4.128
2026-09-28T12:18:04.296Z	spark1	LOAD	22.485	7.591
2026-09-28T12:18:04.507Z	spark2	LOAD	23.293	4.128
2026-09-28T12:18:04.546Z	spark1	LOAD	22.442	7.591
2026-09-28T12:18:04.758Z	spark2	LOAD	23.293	4.128
2026-09-28T12:18:04.797Z	spark1	LOAD	22.399	7.591
2026-09-28T12:18:05.009Z	spark2	LOAD	23.293	4.128
2026-09-28T12:18:05.047Z	spark1	LOAD	22.364	7.591
2026-09-28T12:18:05.259Z	spark2	LOAD	23.292	4.128
2026-09-28T12:18:05.310Z	spark1	LOAD	22.323	7.591
2026-09-28T12:18:05.526Z	spark2	LOAD	23.292	4.128
2026-09-28T12:18:05.561Z	spark1	LOAD	22.291	7.591
2026-09-28T12:18:05.776Z	spark2	LOAD	23.292	4.128
2026-09-28T12:18:05.811Z	spark1	LOAD	22.221	7.591
2026-09-28T12:18:06.027Z	spark2	LOAD	23.291	4.128
2026-09-28T12:18:06.061Z	spark1	LOAD	22.190	7.591
2026-09-28T12:18:06.277Z	spark2	LOAD	23.291	4.128
2026-09-28T12:18:06.329Z	spark1	LOAD	22.153	7.591
2026-09-28T12:18:06.538Z	spark2	LOAD	23.291	4.128
2026-09-28T12:18:06.579Z	spark1	LOAD	22.116	7.591
2026-09-28T12:18:06.789Z	spark2	LOAD	23.291	4.128
2026-09-28T12:18:06.830Z	spark1	LOAD	22.081	7.591
2026-09-28T12:18:07.040Z	spark2	LOAD	23.291	4.128
2026-09-28T12:18:07.080Z	spark1	LOAD	22.042	7.591
2026-09-28T12:18:07.290Z	spark2	LOAD	23.291	4.128
2026-09-28T12:18:07.342Z	spark1	LOAD	22.009	7.591
2026-09-28T12:18:07.555Z	spark2	LOAD	23.291	4.128
2026-09-28T12:18:07.593Z	spark1	LOAD	21.960	7.591
2026-09-28T12:18:07.806Z	spark2	LOAD	23.291	4.128
2026-09-28T12:18:07.843Z	spark1	LOAD	21.909	7.591
2026-09-28T12:18:08.057Z	spark2	LOAD	23.291	4.128
2026-09-28T12:18:08.094Z	spark1	LOAD	21.878	7.591
2026-09-28T12:18:08.308Z	spark2	LOAD	23.291	4.128
2026-09-28T12:18:08.363Z	spark1	LOAD	21.837	7.591
2026-09-28T12:18:08.568Z	spark2	LOAD	23.291	4.128
2026-09-28T12:18:08.613Z	spark1	LOAD	21.792	7.591
2026-09-28T12:18:08.820Z	spark2	LOAD	23.291	4.128
2026-09-28T12:18:08.864Z	spark1	LOAD	21.769	7.591
2026-09-28T12:18:09.070Z	spark2	LOAD	23.291	4.128
2026-09-28T12:18:09.114Z	spark1	LOAD	21.721	7.591
2026-09-28T12:18:09.320Z	spark2	LOAD	23.292	4.128
2026-09-28T12:18:09.382Z	spark1	LOAD	21.686	7.591
2026-09-28T12:18:09.580Z	spark2	LOAD	23.292	4.128
2026-09-28T12:18:09.633Z	spark1	LOAD	21.646	7.591
2026-09-28T12:18:09.831Z	spark2	LOAD	23.292	4.128
2026-09-28T12:18:09.883Z	spark1	LOAD	21.564	7.591
2026-09-28T12:18:10.082Z	spark2	LOAD	23.292	4.128
2026-09-28T12:18:10.133Z	spark1	LOAD	21.528	7.591
2026-09-28T12:18:10.333Z	spark2	LOAD	23.292	4.128
2026-09-28T12:18:10.400Z	spark1	LOAD	21.498	7.591
2026-09-28T12:18:10.593Z	spark2	LOAD	23.292	4.128
2026-09-28T12:18:10.650Z	spark1	LOAD	21.454	7.591
2026-09-28T12:18:10.843Z	spark2	LOAD	23.292	4.128
2026-09-28T12:18:10.900Z	spark1	LOAD	21.420	7.591
2026-09-28T12:18:11.094Z	spark2	LOAD	23.292	4.128
2026-09-28T12:18:11.151Z	spark1	LOAD	21.388	7.591
2026-09-28T12:18:11.345Z	spark2	LOAD	23.293	4.128
2026-09-28T12:18:11.419Z	spark1	LOAD	20.855	7.591
2026-09-28T12:18:11.610Z	spark2	LOAD	23.293	4.128
2026-09-28T12:18:11.669Z	spark1	LOAD	20.767	7.591
2026-09-28T12:18:11.860Z	spark2	LOAD	23.293	4.128
2026-09-28T12:18:11.919Z	spark1	LOAD	20.639	7.591
2026-09-28T12:18:12.110Z	spark2	LOAD	23.293	4.128
2026-09-28T12:18:12.169Z	spark1	LOAD	20.590	7.591
2026-09-28T12:18:12.360Z	spark2	LOAD	23.291	4.128
2026-09-28T12:18:12.436Z	spark1	LOAD	21.219	7.591
2026-09-28T12:18:12.621Z	spark2	LOAD	23.295	4.128
2026-09-28T12:18:12.686Z	spark1	LOAD	21.163	7.591
2026-09-28T12:18:12.872Z	spark2	LOAD	23.295	4.128
2026-09-28T12:18:12.936Z	spark1	LOAD	21.124	7.591
2026-09-28T12:18:13.123Z	spark2	LOAD	23.296	4.128
2026-09-28T12:18:13.187Z	spark1	LOAD	21.112	7.593
2026-09-28T12:18:13.373Z	spark2	LOAD	23.296	4.128
2026-09-28T12:18:13.454Z	spark1	LOAD	21.019	7.593
2026-09-28T12:18:13.639Z	spark2	LOAD	23.296	4.128
2026-09-28T12:18:13.704Z	spark1	LOAD	20.773	7.593
2026-09-28T12:18:13.890Z	spark2	LOAD	23.296	4.128
2026-09-28T12:18:13.954Z	spark1	LOAD	20.744	7.593
2026-09-28T12:18:14.141Z	spark2	LOAD	23.296	4.128
2026-09-28T12:18:14.204Z	spark1	LOAD	20.966	7.593
2026-09-28T12:18:14.391Z	spark2	LOAD	23.296	4.128
2026-09-28T12:18:14.471Z	spark1	LOAD	20.463	7.593
2026-09-28T12:18:14.656Z	spark2	LOAD	23.296	4.128
2026-09-28T12:18:14.721Z	spark1	LOAD	20.725	7.593
2026-09-28T12:18:14.907Z	spark2	LOAD	23.296	4.128
2026-09-28T12:18:14.971Z	spark1	LOAD	20.312	7.593
2026-09-28T12:18:15.157Z	spark2	LOAD	23.296	4.128
2026-09-28T12:18:15.221Z	spark1	LOAD	20.275	7.593
2026-09-28T12:18:15.408Z	spark2	LOAD	23.296	4.128
2026-09-28T12:18:15.489Z	spark1	LOAD	20.230	7.593
2026-09-28T12:18:15.673Z	spark2	LOAD	23.296	4.128
2026-09-28T12:18:15.739Z	spark1	LOAD	20.197	7.593
2026-09-28T12:18:15.924Z	spark2	LOAD	23.296	4.128
2026-09-28T12:18:15.990Z	spark1	LOAD	20.159	7.593
2026-09-28T12:18:16.175Z	spark2	LOAD	23.296	4.128
2026-09-28T12:18:16.240Z	spark1	LOAD	20.153	7.593
2026-09-28T12:18:16.425Z	spark2	LOAD	23.296	4.128
2026-09-28T12:18:16.508Z	spark1	LOAD	20.097	7.593
2026-09-28T12:18:16.690Z	spark2	LOAD	23.296	4.128
2026-09-28T12:18:16.758Z	spark1	LOAD	20.056	7.593
2026-09-28T12:18:16.940Z	spark2	LOAD	23.296	4.128
2026-09-28T12:18:17.008Z	spark1	LOAD	20.017	7.593
2026-09-28T12:18:17.191Z	spark2	LOAD	23.296	4.128
2026-09-28T12:18:17.259Z	spark1	LOAD	20.515	7.593
2026-09-28T12:18:17.442Z	spark2	LOAD	23.296	4.128
2026-09-28T12:18:17.526Z	spark1	LOAD	20.472	7.593
2026-09-28T12:18:17.702Z	spark2	LOAD	23.296	4.128
2026-09-28T12:18:17.776Z	spark1	LOAD	20.424	7.593
2026-09-28T12:18:17.954Z	spark2	LOAD	23.296	4.128
2026-09-28T12:18:18.027Z	spark1	LOAD	20.402	7.593
2026-09-28T12:18:18.204Z	spark2	LOAD	23.296	4.128
2026-09-28T12:18:18.277Z	spark1	LOAD	20.339	7.593
2026-09-28T12:18:18.455Z	spark2	LOAD	23.296	4.128
2026-09-28T12:18:18.544Z	spark1	LOAD	20.342	7.593
2026-09-28T12:18:18.716Z	spark2	LOAD	23.296	4.128
2026-09-28T12:18:18.794Z	spark1	LOAD	20.300	7.594
2026-09-28T12:18:18.966Z	spark2	LOAD	23.296	4.128
2026-09-28T12:18:19.045Z	spark1	LOAD	20.258	7.594
2026-09-28T12:18:19.217Z	spark2	LOAD	23.296	4.128
2026-09-28T12:18:19.295Z	spark1	LOAD	20.212	7.594
2026-09-28T12:18:19.468Z	spark2	LOAD	23.296	4.128
2026-09-28T12:18:19.558Z	spark1	LOAD	20.165	7.594
2026-09-28T12:18:19.729Z	spark2	LOAD	23.295	4.128
2026-09-28T12:18:19.808Z	spark1	LOAD	20.116	7.594
2026-09-28T12:18:19.981Z	spark2	LOAD	23.296	4.128
2026-09-28T12:18:20.059Z	spark1	LOAD	20.072	7.594
2026-09-28T12:18:20.231Z	spark2	LOAD	23.296	4.128
2026-09-28T12:18:20.309Z	spark1	LOAD	20.007	7.594
2026-09-28T12:18:20.481Z	spark2	LOAD	23.296	4.128
2026-09-28T12:18:20.575Z	spark1	LOAD	19.974	7.594
2026-09-28T12:18:20.742Z	spark2	LOAD	23.296	4.128
2026-09-28T12:18:20.826Z	spark1	LOAD	19.942	7.594
2026-09-28T12:18:20.992Z	spark2	LOAD	23.296	4.128
2026-09-28T12:18:21.076Z	spark1	LOAD	19.852	7.594
2026-09-28T12:18:21.243Z	spark2	LOAD	23.296	4.128
2026-09-28T12:18:21.327Z	spark1	LOAD	19.513	7.594
2026-09-28T12:18:21.493Z	spark2	LOAD	23.296	4.128
2026-09-28T12:18:21.593Z	spark1	LOAD	19.785	7.594
2026-09-28T12:18:21.755Z	spark2	LOAD	23.296	4.128
2026-09-28T12:18:21.844Z	spark1	LOAD	19.752	7.594
2026-09-28T12:18:22.006Z	spark2	LOAD	23.296	4.128
2026-09-28T12:18:22.094Z	spark1	LOAD	19.710	7.595
2026-09-28T12:18:22.257Z	spark2	LOAD	23.296	4.128
2026-09-28T12:18:22.344Z	spark1	LOAD	19.639	7.595
2026-09-28T12:18:22.508Z	spark2	LOAD	23.296	4.128
2026-09-28T12:18:22.606Z	spark1	LOAD	19.324	7.595
2026-09-28T12:18:22.769Z	spark2	LOAD	23.296	4.128
2026-09-28T12:18:22.856Z	spark1	LOAD	19.561	7.595
2026-09-28T12:18:23.019Z	spark2	LOAD	23.296	4.127
2026-09-28T12:18:23.106Z	spark1	LOAD	19.524	7.595
2026-09-28T12:18:23.269Z	spark2	LOAD	23.292	4.127
2026-09-28T12:18:23.357Z	spark1	LOAD	19.476	7.595
2026-09-28T12:18:23.521Z	spark2	LOAD	23.298	4.127
2026-09-28T12:18:23.618Z	spark1	LOAD	19.213	7.595
2026-09-28T12:18:23.781Z	spark2	LOAD	23.298	4.127
2026-09-28T12:18:23.869Z	spark1	LOAD	19.398	7.595
2026-09-28T12:18:24.032Z	spark2	LOAD	23.298	4.127
2026-09-28T12:18:24.119Z	spark1	LOAD	19.360	7.595
2026-09-28T12:18:24.283Z	spark2	LOAD	23.298	4.127
2026-09-28T12:18:24.369Z	spark1	LOAD	20.692	7.594
2026-09-28T12:18:24.534Z	spark2	LOAD	23.298	4.127
2026-09-28T12:18:24.636Z	spark1	LOAD	22.400	7.594
2026-09-28T12:18:24.795Z	spark2	LOAD	23.298	4.127
2026-09-28T12:18:24.887Z	spark1	LOAD	22.613	7.594
2026-09-28T12:18:25.046Z	spark2	LOAD	23.298	4.127
2026-09-28T12:18:25.137Z	spark1	LOAD	22.586	7.594
2026-09-28T12:18:25.297Z	spark2	LOAD	23.298	4.127
2026-09-28T12:18:25.387Z	spark1	LOAD	22.550	7.594
2026-09-28T12:18:25.548Z	spark2	LOAD	23.298	4.127
2026-09-28T12:18:25.655Z	spark1	LOAD	22.542	7.594
2026-09-28T12:18:25.809Z	spark2	LOAD	23.298	4.127
2026-09-28T12:18:25.905Z	spark1	LOAD	22.204	7.594
2026-09-28T12:18:26.061Z	spark2	LOAD	23.298	4.127
2026-09-28T12:18:26.155Z	spark1	LOAD	22.104	7.594
2026-09-28T12:18:26.311Z	spark2	LOAD	23.298	4.127
2026-09-28T12:18:26.406Z	spark1	LOAD	22.470	7.595
2026-09-28T12:18:26.562Z	spark2	LOAD	23.298	4.127
2026-09-28T12:18:26.675Z	spark1	LOAD	22.427	7.595
2026-09-28T12:18:26.823Z	spark2	LOAD	23.298	4.127
2026-09-28T12:18:26.926Z	spark1	LOAD	22.091	7.595
2026-09-28T12:18:27.074Z	spark2	LOAD	23.298	4.127
2026-09-28T12:18:27.176Z	spark1	LOAD	21.840	7.595
2026-09-28T12:18:27.325Z	spark2	LOAD	23.298	4.127
2026-09-28T12:18:27.427Z	spark1	LOAD	21.794	7.595
2026-09-28T12:18:27.577Z	spark2	LOAD	23.298	4.127
2026-09-28T12:18:27.689Z	spark1	LOAD	21.748	7.595
2026-09-28T12:18:27.837Z	spark2	LOAD	23.298	4.127
2026-09-28T12:18:27.940Z	spark1	LOAD	21.705	7.595
2026-09-28T12:18:28.088Z	spark2	LOAD	23.298	4.127
2026-09-28T12:18:28.190Z	spark1	LOAD	21.650	7.595
2026-09-28T12:18:28.338Z	spark2	LOAD	23.298	4.127
2026-09-28T12:18:28.440Z	spark1	LOAD	21.594	7.594
2026-09-28T12:18:28.589Z	spark2	LOAD	23.298	4.127
2026-09-28T12:18:28.708Z	spark1	LOAD	21.554	7.594
2026-09-28T12:18:28.854Z	spark2	LOAD	23.298	4.127
2026-09-28T12:18:28.959Z	spark1	LOAD	21.517	7.594
2026-09-28T12:18:29.105Z	spark2	LOAD	23.298	4.127
2026-09-28T12:18:29.209Z	spark1	LOAD	21.479	7.594
2026-09-28T12:18:29.356Z	spark2	LOAD	23.298	4.127
2026-09-28T12:18:29.459Z	spark1	LOAD	21.434	7.594
2026-09-28T12:18:29.607Z	spark2	LOAD	23.298	4.127
2026-09-28T12:18:29.721Z	spark1	LOAD	21.397	7.594
2026-09-28T12:18:29.868Z	spark2	LOAD	23.298	4.127
2026-09-28T12:18:29.971Z	spark1	LOAD	21.347	7.594
2026-09-28T12:18:30.118Z	spark2	LOAD	23.298	4.127
2026-09-28T12:18:30.221Z	spark1	LOAD	21.309	7.594
2026-09-28T12:18:30.369Z	spark2	LOAD	23.298	4.127
2026-09-28T12:18:30.472Z	spark1	LOAD	21.247	7.594
2026-09-28T12:18:30.620Z	spark2	LOAD	23.298	4.127
2026-09-28T12:18:30.739Z	spark1	LOAD	21.210	7.594
2026-09-28T12:18:30.881Z	spark2	LOAD	23.298	4.127
2026-09-28T12:18:30.990Z	spark1	LOAD	21.177	7.594
2026-09-28T12:18:31.132Z	spark2	LOAD	23.298	4.127
2026-09-28T12:18:31.240Z	spark1	LOAD	21.146	7.594
2026-09-28T12:18:31.383Z	spark2	LOAD	23.298	4.127
2026-09-28T12:18:31.490Z	spark1	LOAD	21.106	7.594
2026-09-28T12:18:31.634Z	spark2	LOAD	23.298	4.127
2026-09-28T12:18:31.758Z	spark1	LOAD	21.065	7.594
2026-09-28T12:18:31.894Z	spark2	LOAD	23.298	4.127
2026-09-28T12:18:32.008Z	spark1	LOAD	21.019	7.594
2026-09-28T12:18:32.145Z	spark2	LOAD	23.298	4.127
2026-09-28T12:18:32.258Z	spark1	LOAD	20.987	7.594
2026-09-28T12:18:32.396Z	spark2	LOAD	23.298	4.127
2026-09-28T12:18:32.508Z	spark1	LOAD	20.929	7.594
2026-09-28T12:18:32.646Z	spark2	LOAD	23.298	4.127
2026-09-28T12:18:32.776Z	spark1	LOAD	20.882	7.594
2026-09-28T12:18:32.912Z	spark2	LOAD	23.298	4.127
2026-09-28T12:18:33.026Z	spark1	LOAD	20.849	7.594
2026-09-28T12:18:33.163Z	spark2	LOAD	23.298	4.127
2026-09-28T12:18:33.276Z	spark1	LOAD	20.812	7.594
2026-09-28T12:18:33.413Z	spark2	LOAD	23.298	4.127
2026-09-28T12:18:33.526Z	spark1	LOAD	20.740	7.594
2026-09-28T12:18:33.664Z	spark2	LOAD	23.298	4.127
2026-09-28T12:18:33.788Z	spark1	LOAD	20.691	7.594
2026-09-28T12:18:33.928Z	spark2	LOAD	23.296	4.127
2026-09-28T12:18:34.038Z	spark1	LOAD	20.654	7.594
2026-09-28T12:18:34.179Z	spark2	LOAD	23.298	4.127
2026-09-28T12:18:34.288Z	spark1	LOAD	20.616	7.594
2026-09-28T12:18:34.430Z	spark2	LOAD	23.310	4.126
2026-09-28T12:18:34.539Z	spark1	LOAD	20.543	7.594
2026-09-28T12:18:34.681Z	spark2	LOAD	23.310	4.126
2026-09-28T12:18:34.807Z	spark1	LOAD	20.500	7.594
2026-09-28T12:18:34.943Z	spark2	LOAD	23.310	4.126
2026-09-28T12:18:35.057Z	spark1	LOAD	20.467	7.594
2026-09-28T12:18:35.193Z	spark2	LOAD	23.310	4.126
2026-09-28T12:18:35.308Z	spark1	LOAD	20.442	7.594
2026-09-28T12:18:35.444Z	spark2	LOAD	23.310	4.126
2026-09-28T12:18:35.558Z	spark1	LOAD	20.403	7.594
2026-09-28T12:18:35.695Z	spark2	LOAD	23.310	4.126
2026-09-28T12:18:35.819Z	spark1	LOAD	20.361	7.594
2026-09-28T12:18:35.957Z	spark2	LOAD	23.310	4.126
2026-09-28T12:18:36.070Z	spark1	LOAD	20.332	7.594
2026-09-28T12:18:36.208Z	spark2	LOAD	23.310	4.126
2026-09-28T12:18:36.320Z	spark1	LOAD	20.283	7.594
2026-09-28T12:18:36.458Z	spark2	LOAD	23.310	4.126
2026-09-28T12:18:36.570Z	spark1	LOAD	20.252	7.594
2026-09-28T12:18:36.708Z	spark2	LOAD	23.310	4.126
2026-09-28T12:18:36.838Z	spark1	LOAD	20.184	7.594
2026-09-28T12:18:36.970Z	spark2	LOAD	23.309	4.126
2026-09-28T12:18:37.088Z	spark1	LOAD	20.155	7.594
2026-09-28T12:18:37.220Z	spark2	LOAD	23.309	4.126
2026-09-28T12:18:37.338Z	spark1	LOAD	20.116	7.594
2026-09-28T12:18:37.472Z	spark2	LOAD	23.309	4.126
2026-09-28T12:18:37.588Z	spark1	LOAD	20.086	7.594
2026-09-28T12:18:37.723Z	spark2	LOAD	23.309	4.126
2026-09-28T12:18:37.855Z	spark1	LOAD	20.044	7.594
2026-09-28T12:18:37.984Z	spark2	LOAD	23.309	4.126
2026-09-28T12:18:38.105Z	spark1	LOAD	20.009	7.594
2026-09-28T12:18:38.234Z	spark2	LOAD	23.309	4.126
2026-09-28T12:18:38.356Z	spark1	LOAD	19.975	7.594
2026-09-28T12:18:38.485Z	spark2	LOAD	23.309	4.126
2026-09-28T12:18:38.606Z	spark1	LOAD	19.938	7.594
2026-09-28T12:18:38.736Z	spark2	LOAD	23.309	4.126
2026-09-28T12:18:38.874Z	spark1	LOAD	19.873	7.594
2026-09-28T12:18:38.997Z	spark2	LOAD	23.309	4.126
2026-09-28T12:18:39.124Z	spark1	LOAD	19.839	7.594
2026-09-28T12:18:39.247Z	spark2	LOAD	23.309	4.126
2026-09-28T12:18:39.374Z	spark1	LOAD	19.808	7.594
2026-09-28T12:18:39.498Z	spark2	LOAD	23.309	4.126
2026-09-28T12:18:39.625Z	spark1	LOAD	19.774	7.594
2026-09-28T12:18:39.749Z	spark2	LOAD	23.309	4.126
2026-09-28T12:18:39.888Z	spark1	LOAD	19.722	7.594
2026-09-28T12:18:40.010Z	spark2	LOAD	23.309	4.126
2026-09-28T12:18:40.138Z	spark1	LOAD	19.684	7.594
2026-09-28T12:18:40.260Z	spark2	LOAD	23.309	4.126
2026-09-28T12:18:40.388Z	spark1	LOAD	19.643	7.594
2026-09-28T12:18:40.512Z	spark2	LOAD	23.309	4.126
2026-09-28T12:18:40.638Z	spark1	LOAD	19.606	7.594
2026-09-28T12:18:40.762Z	spark2	LOAD	23.309	4.126
2026-09-28T12:18:40.906Z	spark1	LOAD	19.540	7.594
2026-09-28T12:18:41.023Z	spark2	LOAD	23.309	4.126
2026-09-28T12:18:41.157Z	spark1	LOAD	19.504	7.594
2026-09-28T12:18:41.274Z	spark2	LOAD	23.309	4.126
2026-09-28T12:18:41.407Z	spark1	LOAD	20.113	7.594
2026-09-28T12:18:41.524Z	spark2	LOAD	23.309	4.126
2026-09-28T12:18:41.657Z	spark1	LOAD	20.063	7.595
2026-09-28T12:18:41.776Z	spark2	LOAD	23.309	4.126
2026-09-28T12:18:41.925Z	spark1	LOAD	20.015	7.595
2026-09-28T12:18:42.037Z	spark2	LOAD	23.309	4.126
2026-09-28T12:18:42.175Z	spark1	LOAD	19.976	7.595
2026-09-28T12:18:42.287Z	spark2	LOAD	23.309	4.126
2026-09-28T12:18:42.426Z	spark1	LOAD	19.936	7.595
2026-09-28T12:18:42.538Z	spark2	LOAD	23.309	4.126
2026-09-28T12:18:42.676Z	spark1	LOAD	19.895	7.595
2026-09-28T12:18:42.789Z	spark2	LOAD	23.309	4.126
2026-09-28T12:18:42.943Z	spark1	LOAD	19.819	7.595
2026-09-28T12:18:43.050Z	spark2	LOAD	23.309	4.126
2026-09-28T12:18:43.193Z	spark1	LOAD	19.786	7.595
2026-09-28T12:18:43.301Z	spark2	LOAD	23.309	4.126
2026-09-28T12:18:43.444Z	spark1	LOAD	19.593	7.595
2026-09-28T12:18:43.552Z	spark2	LOAD	23.309	4.126
2026-09-28T12:18:43.694Z	spark1	LOAD	19.256	7.595
2026-09-28T12:18:43.803Z	spark2	LOAD	23.309	4.126
2026-09-28T12:18:43.957Z	spark1	LOAD	19.192	7.595
2026-09-28T12:18:44.064Z	spark2	LOAD	23.309	4.126
2026-09-28T12:18:44.207Z	spark1	LOAD	19.646	7.595
2026-09-28T12:18:44.314Z	spark2	LOAD	23.309	4.126
2026-09-28T12:18:44.457Z	spark1	LOAD	19.559	7.595
2026-09-28T12:18:44.565Z	spark2	LOAD	23.309	4.126
2026-09-28T12:18:44.707Z	spark1	LOAD	19.515	7.595
2026-09-28T12:18:44.815Z	spark2	LOAD	23.309	4.126
2026-09-28T12:18:44.970Z	spark1	LOAD	19.467	7.595
2026-09-28T12:18:45.074Z	spark2	LOAD	23.310	4.126
2026-09-28T12:18:45.220Z	spark1	LOAD	19.631	7.594
2026-09-28T12:18:45.325Z	spark2	LOAD	23.290	4.126
2026-09-28T12:18:45.470Z	spark1	LOAD	22.009	7.594
2026-09-28T12:18:45.576Z	spark2	LOAD	23.296	4.126
2026-09-28T12:18:45.721Z	spark1	LOAD	22.643	7.594
2026-09-28T12:18:45.827Z	spark2	LOAD	23.296	4.126
2026-09-28T12:18:45.987Z	spark1	LOAD	22.592	7.594
2026-09-28T12:18:46.088Z	spark2	LOAD	23.295	4.126
2026-09-28T12:18:46.238Z	spark1	LOAD	22.556	7.594
2026-09-28T12:18:46.338Z	spark2	LOAD	23.295	4.126
2026-09-28T12:18:46.488Z	spark1	LOAD	22.564	7.594
2026-09-28T12:18:46.589Z	spark2	LOAD	23.295	4.126
2026-09-28T12:18:46.739Z	spark1	LOAD	21.999	7.594
2026-09-28T12:18:46.840Z	spark2	LOAD	23.295	4.126
2026-09-28T12:18:47.006Z	spark1	LOAD	22.494	7.594
2026-09-28T12:18:47.100Z	spark2	LOAD	23.295	4.126
2026-09-28T12:18:47.256Z	spark1	LOAD	22.451	7.594
2026-09-28T12:18:47.351Z	spark2	LOAD	23.295	4.126
2026-09-28T12:18:47.507Z	spark1	LOAD	22.415	7.594
2026-09-28T12:18:47.602Z	spark2	LOAD	23.295	4.126
2026-09-28T12:18:47.757Z	spark1	LOAD	22.386	7.596
2026-09-28T12:18:47.853Z	spark2	LOAD	23.295	4.126
2026-09-28T12:18:48.028Z	spark1	LOAD	22.334	7.596
2026-09-28T12:18:48.114Z	spark2	LOAD	23.296	4.126
2026-09-28T12:18:48.279Z	spark1	LOAD	22.294	7.596
2026-09-28T12:18:48.366Z	spark2	LOAD	23.296	4.126
2026-09-28T12:18:48.529Z	spark1	LOAD	22.256	7.596
2026-09-28T12:18:48.617Z	spark2	LOAD	23.296	4.126
2026-09-28T12:18:48.779Z	spark1	LOAD	22.221	7.596
2026-09-28T12:18:48.867Z	spark2	LOAD	23.296	4.126
2026-09-28T12:18:49.042Z	spark1	LOAD	22.158	7.596
2026-09-28T12:18:49.127Z	spark2	LOAD	23.297	4.126
2026-09-28T12:18:49.292Z	spark1	LOAD	22.096	7.596
2026-09-28T12:18:49.379Z	spark2	LOAD	23.297	4.126
2026-09-28T12:18:49.543Z	spark1	LOAD	21.723	7.596
2026-09-28T12:18:49.629Z	spark2	LOAD	23.297	4.126
2026-09-28T12:18:49.793Z	spark1	LOAD	22.062	7.596
2026-09-28T12:18:49.879Z	spark2	LOAD	23.298	4.126
2026-09-28T12:18:50.057Z	spark1	LOAD	21.933	7.596
2026-09-28T12:18:50.141Z	spark2	LOAD	23.298	4.126
2026-09-28T12:18:50.307Z	spark1	LOAD	21.981	7.597
2026-09-28T12:18:50.392Z	spark2	LOAD	23.298	4.126
2026-09-28T12:18:50.557Z	spark1	LOAD	21.947	7.597
2026-09-28T12:18:50.643Z	spark2	LOAD	23.298	4.126
2026-09-28T12:18:50.808Z	spark1	LOAD	21.859	7.597
2026-09-28T12:18:50.894Z	spark2	LOAD	23.299	4.126
2026-09-28T12:18:51.074Z	spark1	LOAD	21.878	7.597
2026-09-28T12:18:51.159Z	spark2	LOAD	23.299	4.126
2026-09-28T12:18:51.324Z	spark1	LOAD	21.627	7.597
2026-09-28T12:18:51.409Z	spark2	LOAD	23.299	4.126
2026-09-28T12:18:51.574Z	spark1	LOAD	21.847	7.597
2026-09-28T12:18:51.660Z	spark2	LOAD	23.299	4.126
2026-09-28T12:18:51.825Z	spark1	LOAD	21.802	7.597
2026-09-28T12:18:51.911Z	spark2	LOAD	23.299	4.126
2026-09-28T12:18:52.087Z	spark1	LOAD	21.745	7.597
2026-09-28T12:18:52.175Z	spark2	LOAD	23.298	4.126
2026-09-28T12:18:52.338Z	spark1	LOAD	21.718	7.597
2026-09-28T12:18:52.427Z	spark2	LOAD	23.299	4.126
2026-09-28T12:18:52.588Z	spark1	LOAD	21.672	7.597
2026-09-28T12:18:52.677Z	spark2	LOAD	23.299	4.126
2026-09-28T12:18:52.838Z	spark1	LOAD	21.632	7.597
2026-09-28T12:18:52.927Z	spark2	LOAD	23.299	4.126
2026-09-28T12:18:53.106Z	spark1	LOAD	21.555	7.597
2026-09-28T12:18:53.188Z	spark2	LOAD	23.299	4.126
2026-09-28T12:18:53.356Z	spark1	LOAD	21.505	7.597
2026-09-28T12:18:53.438Z	spark2	LOAD	23.299	4.126
2026-09-28T12:18:53.607Z	spark1	LOAD	21.464	7.597
2026-09-28T12:18:53.689Z	spark2	LOAD	23.299	4.126
2026-09-28T12:18:53.857Z	spark1	LOAD	21.419	7.597
2026-09-28T12:18:53.939Z	spark2	LOAD	23.299	4.126
2026-09-28T12:18:54.124Z	spark1	LOAD	21.383	7.597
2026-09-28T12:18:54.200Z	spark2	LOAD	23.299	4.126
2026-09-28T12:18:54.374Z	spark1	LOAD	21.340	7.597
2026-09-28T12:18:54.450Z	spark2	LOAD	23.299	4.126
2026-09-28T12:18:54.625Z	spark1	LOAD	21.302	7.597
2026-09-28T12:18:54.702Z	spark2	LOAD	23.299	4.126
2026-09-28T12:18:54.875Z	spark1	LOAD	21.259	7.597
2026-09-28T12:18:54.953Z	spark2	LOAD	23.299	4.126
2026-09-28T12:18:55.142Z	spark1	LOAD	21.160	7.597
2026-09-28T12:18:55.214Z	spark2	LOAD	23.298	4.126
2026-09-28T12:18:55.393Z	spark1	LOAD	21.120	7.597
2026-09-28T12:18:55.465Z	spark2	LOAD	23.298	4.126
2026-09-28T12:18:55.643Z	spark1	LOAD	21.035	7.597
2026-09-28T12:18:55.717Z	spark2	LOAD	23.298	4.126
2026-09-28T12:18:55.893Z	spark1	LOAD	20.998	7.597
2026-09-28T12:18:55.966Z	spark2	LOAD	23.295	4.126
2026-09-28T12:18:56.161Z	spark1	LOAD	20.961	7.597
2026-09-28T12:18:56.231Z	spark2	LOAD	23.278	4.126
2026-09-28T12:18:56.411Z	spark1	LOAD	20.921	7.597
2026-09-28T12:18:56.482Z	spark2	LOAD	23.291	4.126
2026-09-28T12:18:56.661Z	spark1	LOAD	20.878	7.597
2026-09-28T12:18:56.732Z	spark2	LOAD	23.291	4.126
2026-09-28T12:18:56.912Z	spark1	LOAD	20.849	7.597
2026-09-28T12:18:56.983Z	spark2	LOAD	23.290	4.126
2026-09-28T12:18:57.173Z	spark1	LOAD	20.800	7.597
2026-09-28T12:18:57.244Z	spark2	LOAD	23.290	4.126
2026-09-28T12:18:57.424Z	spark1	LOAD	20.758	7.597
2026-09-28T12:18:57.496Z	spark2	LOAD	23.290	4.126
2026-09-28T12:18:57.674Z	spark1	LOAD	20.726	7.597
2026-09-28T12:18:57.747Z	spark2	LOAD	23.290	4.126
2026-09-28T12:18:57.924Z	spark1	LOAD	20.687	7.597
2026-09-28T12:18:57.998Z	spark2	LOAD	23.290	4.126
2026-09-28T12:18:58.191Z	spark1	LOAD	20.641	7.597
2026-09-28T12:18:58.259Z	spark2	LOAD	23.290	4.126
2026-09-28T12:18:58.441Z	spark1	LOAD	20.603	7.597
2026-09-28T12:18:58.510Z	spark2	LOAD	23.290	4.126
2026-09-28T12:18:58.692Z	spark1	LOAD	20.571	7.597
2026-09-28T12:18:58.760Z	spark2	LOAD	23.290	4.126
2026-09-28T12:18:58.942Z	spark1	LOAD	20.521	7.597
2026-09-28T12:18:59.011Z	spark2	LOAD	23.291	4.126
2026-09-28T12:18:59.209Z	spark1	LOAD	20.483	7.597
2026-09-28T12:18:59.273Z	spark2	LOAD	23.291	4.126
2026-09-28T12:18:59.460Z	spark1	LOAD	20.422	7.597
2026-09-28T12:18:59.525Z	spark2	LOAD	23.291	4.126
2026-09-28T12:18:59.710Z	spark1	LOAD	20.396	7.597
2026-09-28T12:18:59.776Z	spark2	LOAD	23.291	4.126
2026-09-28T12:18:59.961Z	spark1	LOAD	20.351	7.597
2026-09-28T12:19:00.026Z	spark2	LOAD	23.292	4.126
2026-09-28T12:19:00.223Z	spark1	LOAD	20.314	7.597
2026-09-28T12:19:00.287Z	spark2	LOAD	23.292	4.126
2026-09-28T12:19:00.473Z	spark1	LOAD	20.275	7.597
2026-09-28T12:19:00.538Z	spark2	LOAD	23.292	4.126
2026-09-28T12:19:00.723Z	spark1	LOAD	20.235	7.597
2026-09-28T12:19:00.788Z	spark2	LOAD	23.292	4.126
2026-09-28T12:19:00.974Z	spark1	LOAD	20.200	7.597
2026-09-28T12:19:01.039Z	spark2	LOAD	23.293	4.126
2026-09-28T12:19:01.236Z	spark1	LOAD	20.162	7.597
2026-09-28T12:19:01.301Z	spark2	LOAD	23.293	4.126
2026-09-28T12:19:01.487Z	spark1	LOAD	19.592	7.597
2026-09-28T12:19:01.551Z	spark2	LOAD	23.293	4.126
2026-09-28T12:19:01.737Z	spark1	LOAD	19.549	7.597
2026-09-28T12:19:01.803Z	spark2	LOAD	23.293	4.126
2026-09-28T12:19:01.987Z	spark1	LOAD	19.503	7.597
2026-09-28T12:19:02.054Z	spark2	LOAD	23.293	4.126
2026-09-28T12:19:02.249Z	spark1	LOAD	19.467	7.597
2026-09-28T12:19:02.320Z	spark2	LOAD	23.293	4.126
2026-09-28T12:19:02.499Z	spark1	LOAD	19.435	7.597
2026-09-28T12:19:02.570Z	spark2	LOAD	23.293	4.126
2026-09-28T12:19:02.750Z	spark1	LOAD	19.399	7.597
2026-09-28T12:19:02.821Z	spark2	LOAD	23.293	4.126
2026-09-28T12:19:03.000Z	spark1	LOAD	19.354	7.597
2026-09-28T12:19:03.071Z	spark2	LOAD	23.293	4.126
2026-09-28T12:19:03.266Z	spark1	LOAD	19.896	7.597
2026-09-28T12:19:03.332Z	spark2	LOAD	23.293	4.126
2026-09-28T12:19:03.516Z	spark1	LOAD	19.827	7.597
2026-09-28T12:19:03.584Z	spark2	LOAD	23.293	4.126
2026-09-28T12:19:03.767Z	spark1	LOAD	19.807	7.597
2026-09-28T12:19:03.835Z	spark2	LOAD	23.293	4.126
2026-09-28T12:19:04.017Z	spark1	LOAD	19.733	7.597
2026-09-28T12:19:04.085Z	spark2	LOAD	23.293	4.126
2026-09-28T12:19:04.278Z	spark1	LOAD	19.606	7.597
2026-09-28T12:19:04.350Z	spark2	LOAD	23.293	4.126
2026-09-28T12:19:04.529Z	spark1	LOAD	19.702	7.598
2026-09-28T12:19:04.601Z	spark2	LOAD	23.293	4.126
2026-09-28T12:19:04.779Z	spark1	LOAD	19.575	7.598
2026-09-28T12:19:04.851Z	spark2	LOAD	23.293	4.126
2026-09-28T12:19:05.029Z	spark1	LOAD	19.606	7.598
2026-09-28T12:19:05.102Z	spark2	LOAD	23.293	4.126
2026-09-28T12:19:05.296Z	spark1	LOAD	19.611	7.597
2026-09-28T12:19:05.363Z	spark2	LOAD	23.293	4.126
2026-09-28T12:19:05.546Z	spark1	LOAD	21.586	7.597
2026-09-28T12:19:05.614Z	spark2	LOAD	23.293	4.126
2026-09-28T12:19:05.796Z	spark1	LOAD	22.730	7.597
2026-09-28T12:19:05.865Z	spark2	LOAD	23.293	4.126
2026-09-28T12:19:06.047Z	spark1	LOAD	22.698	7.597
2026-09-28T12:19:06.116Z	spark2	LOAD	23.293	4.126
2026-09-28T12:19:06.309Z	spark1	LOAD	22.667	7.597
2026-09-28T12:19:06.376Z	spark2	LOAD	23.293	4.126
2026-09-28T12:19:06.559Z	spark1	LOAD	22.618	7.597
2026-09-28T12:19:06.627Z	spark2	LOAD	23.293	4.126
2026-09-28T12:19:06.809Z	spark1	LOAD	22.572	7.597
2026-09-28T12:19:06.877Z	spark2	LOAD	23.293	4.126
2026-09-28T12:19:07.060Z	spark1	LOAD	22.511	7.597
2026-09-28T12:19:07.128Z	spark2	LOAD	23.292	4.125
2026-09-28T12:19:07.322Z	spark1	LOAD	22.471	7.597
2026-09-28T12:19:07.387Z	spark2	LOAD	23.275	4.125
2026-09-28T12:19:07.573Z	spark1	LOAD	22.392	7.597
2026-09-28T12:19:07.639Z	spark2	LOAD	23.286	4.125
2026-09-28T12:19:07.823Z	spark1	LOAD	22.356	7.597
2026-09-28T12:19:07.890Z	spark2	LOAD	23.287	4.125
2026-09-28T12:19:08.073Z	spark1	LOAD	22.317	7.597
2026-09-28T12:19:08.140Z	spark2	LOAD	23.288	4.125
2026-09-28T12:19:08.340Z	spark1	LOAD	22.279	7.597
2026-09-28T12:19:08.406Z	spark2	LOAD	23.288	4.125
2026-09-28T12:19:08.590Z	spark1	LOAD	22.238	7.597
2026-09-28T12:19:08.657Z	spark2	LOAD	23.288	4.125
2026-09-28T12:19:08.840Z	spark1	LOAD	22.195	7.597
2026-09-28T12:19:08.907Z	spark2	LOAD	23.289	4.125
2026-09-28T12:19:09.091Z	spark1	LOAD	22.160	7.597
2026-09-28T12:19:09.158Z	spark2	LOAD	23.289	4.125
2026-09-28T12:19:09.353Z	spark1	LOAD	22.115	7.597
2026-09-28T12:19:09.419Z	spark2	LOAD	23.289	4.125
2026-09-28T12:19:09.603Z	spark1	LOAD	22.053	7.597
2026-09-28T12:19:09.670Z	spark2	LOAD	23.289	4.125
2026-09-28T12:19:09.854Z	spark1	LOAD	22.013	7.597
2026-09-28T12:19:09.921Z	spark2	LOAD	23.290	4.125
2026-09-28T12:19:10.104Z	spark1	LOAD	21.975	7.597
2026-09-28T12:19:10.172Z	spark2	LOAD	23.290	4.125
2026-09-28T12:19:10.366Z	spark1	LOAD	21.943	7.597
2026-09-28T12:19:10.437Z	spark2	LOAD	23.290	4.125
2026-09-28T12:19:10.617Z	spark1	LOAD	21.901	7.597
2026-09-28T12:19:10.688Z	spark2	LOAD	23.290	4.125
2026-09-28T12:19:10.867Z	spark1	LOAD	21.856	7.597
2026-09-28T12:19:10.939Z	spark2	LOAD	23.290	4.125
2026-09-28T12:19:11.117Z	spark1	LOAD	21.815	7.597
2026-09-28T12:19:11.189Z	spark2	LOAD	23.290	4.125
2026-09-28T12:19:11.380Z	spark1	LOAD	21.763	7.597
2026-09-28T12:19:11.450Z	spark2	LOAD	23.290	4.125
2026-09-28T12:19:11.630Z	spark1	LOAD	21.704	7.597
2026-09-28T12:19:11.701Z	spark2	LOAD	23.290	4.125
2026-09-28T12:19:11.880Z	spark1	LOAD	21.642	7.597
2026-09-28T12:19:11.952Z	spark2	LOAD	23.290	4.125
2026-09-28T12:19:12.131Z	spark1	LOAD	21.592	7.597
2026-09-28T12:19:12.203Z	spark2	LOAD	23.290	4.125
2026-09-28T12:19:12.398Z	spark1	LOAD	21.543	7.597
2026-09-28T12:19:12.463Z	spark2	LOAD	23.289	4.125
2026-09-28T12:19:12.648Z	spark1	LOAD	21.505	7.597
2026-09-28T12:19:12.714Z	spark2	LOAD	23.289	4.125
2026-09-28T12:19:12.899Z	spark1	LOAD	21.455	7.597
2026-09-28T12:19:12.965Z	spark2	LOAD	23.290	4.125
2026-09-28T12:19:13.149Z	spark1	LOAD	21.411	7.597
2026-09-28T12:19:13.216Z	spark2	LOAD	23.290	4.125
2026-09-28T12:19:13.415Z	spark1	LOAD	21.363	7.597
2026-09-28T12:19:13.482Z	spark2	LOAD	23.290	4.125
2026-09-28T12:19:13.665Z	spark1	LOAD	21.312	7.597
2026-09-28T12:19:13.732Z	spark2	LOAD	23.290	4.125
2026-09-28T12:19:13.916Z	spark1	LOAD	20.856	7.597
2026-09-28T12:19:13.983Z	spark2	LOAD	23.290	4.125
2026-09-28T12:19:14.166Z	spark1	LOAD	20.682	7.597
2026-09-28T12:19:14.234Z	spark2	LOAD	23.290	4.125
2026-09-28T12:19:14.433Z	spark1	LOAD	20.622	7.597
2026-09-28T12:19:14.495Z	spark2	LOAD	23.290	4.125
2026-09-28T12:19:14.684Z	spark1	LOAD	20.597	7.597
2026-09-28T12:19:14.746Z	spark2	LOAD	23.290	4.125
2026-09-28T12:19:14.934Z	spark1	LOAD	21.081	7.597
2026-09-28T12:19:14.997Z	spark2	LOAD	23.290	4.125
2026-09-28T12:19:15.184Z	spark1	LOAD	21.044	7.597
2026-09-28T12:19:15.248Z	spark2	LOAD	23.290	4.125
2026-09-28T12:19:15.451Z	spark1	LOAD	21.027	7.597
2026-09-28T12:19:15.513Z	spark2	LOAD	23.290	4.125
2026-09-28T12:19:15.702Z	spark1	LOAD	20.980	7.597
2026-09-28T12:19:15.764Z	spark2	LOAD	23.290	4.125
2026-09-28T12:19:15.952Z	spark1	LOAD	20.914	7.597
2026-09-28T12:19:16.015Z	spark2	LOAD	23.290	4.125
2026-09-28T12:19:16.202Z	spark1	LOAD	20.900	7.597
2026-09-28T12:19:16.265Z	spark2	LOAD	23.290	4.125
2026-09-28T12:19:16.464Z	spark1	LOAD	20.287	7.597
2026-09-28T12:19:16.526Z	spark2	LOAD	23.289	4.125
2026-09-28T12:19:16.715Z	spark1	LOAD	20.811	7.597
2026-09-28T12:19:16.776Z	spark2	LOAD	23.289	4.125
2026-09-28T12:19:16.965Z	spark1	LOAD	20.772	7.597
2026-09-28T12:19:17.027Z	spark2	LOAD	23.289	4.125
2026-09-28T12:19:17.215Z	spark1	LOAD	20.731	7.597
2026-09-28T12:19:17.278Z	spark2	LOAD	23.289	4.125
2026-09-28T12:19:17.478Z	spark1	LOAD	20.695	7.597
2026-09-28T12:19:17.544Z	spark2	LOAD	23.289	4.125
2026-09-28T12:19:17.728Z	spark1	LOAD	20.615	7.597
2026-09-28T12:19:17.795Z	spark2	LOAD	23.289	4.125
2026-09-28T12:19:17.978Z	spark1	LOAD	20.587	7.598
2026-09-28T12:19:18.045Z	spark2	LOAD	23.288	4.125
2026-09-28T12:19:18.229Z	spark1	LOAD	20.569	7.598
2026-09-28T12:19:18.295Z	spark2	LOAD	23.276	4.125
2026-09-28T12:19:18.495Z	spark1	LOAD	20.501	7.598
2026-09-28T12:19:18.556Z	spark2	LOAD	23.290	4.125
2026-09-28T12:19:18.745Z	spark1	LOAD	20.462	7.598
2026-09-28T12:19:18.807Z	spark2	LOAD	23.290	4.125
2026-09-28T12:19:18.995Z	spark1	LOAD	20.148	7.598
2026-09-28T12:19:19.058Z	spark2	LOAD	23.289	4.125
2026-09-28T12:19:19.246Z	spark1	LOAD	20.406	7.598
2026-09-28T12:19:19.308Z	spark2	LOAD	23.289	4.125
2026-09-28T12:19:19.509Z	spark1	LOAD	20.142	7.598
2026-09-28T12:19:19.573Z	spark2	LOAD	23.289	4.125
2026-09-28T12:19:19.759Z	spark1	LOAD	20.334	7.598
2026-09-28T12:19:19.825Z	spark2	LOAD	23.289	4.125
2026-09-28T12:19:20.009Z	spark1	LOAD	20.264	7.598
2026-09-28T12:19:20.076Z	spark2	LOAD	23.289	4.125
2026-09-28T12:19:20.260Z	spark1	LOAD	20.238	7.598
2026-09-28T12:19:20.325Z	spark2	LOAD	23.289	4.125
2026-09-28T12:19:20.527Z	spark1	LOAD	20.171	7.591
2026-09-28T12:19:20.591Z	spark2	LOAD	23.289	4.125
2026-09-28T12:19:20.777Z	spark1	LOAD	20.099	7.561
2026-09-28T12:19:20.842Z	spark2	LOAD	23.289	4.125
2026-09-28T12:19:21.027Z	spark1	LOAD	20.032	7.555
2026-09-28T12:19:21.092Z	spark2	LOAD	23.289	4.125
2026-09-28T12:19:21.278Z	spark1	LOAD	19.672	7.553
2026-09-28T12:19:21.343Z	spark2	LOAD	23.289	4.125
2026-09-28T12:19:21.540Z	spark1	LOAD	19.970	7.551
2026-09-28T12:19:21.608Z	spark2	LOAD	23.289	4.125
2026-09-28T12:19:21.790Z	spark1	LOAD	19.939	7.548
2026-09-28T12:19:21.858Z	spark2	LOAD	23.289	4.125
2026-09-28T12:19:22.040Z	spark1	LOAD	19.522	7.546
2026-09-28T12:19:22.110Z	spark2	LOAD	23.289	4.125
2026-09-28T12:19:22.291Z	spark1	LOAD	19.273	7.543
2026-09-28T12:19:22.361Z	spark2	LOAD	23.289	4.125
2026-09-28T12:19:22.553Z	spark1	LOAD	19.270	7.542
2026-09-28T12:19:22.622Z	spark2	LOAD	23.289	4.125
2026-09-28T12:19:22.804Z	spark1	LOAD	19.230	7.540
2026-09-28T12:19:22.872Z	spark2	LOAD	23.289	4.125
2026-09-28T12:19:23.054Z	spark1	LOAD	19.185	7.539
2026-09-28T12:19:23.123Z	spark2	LOAD	23.289	4.125
2026-09-28T12:19:23.304Z	spark1	LOAD	19.149	7.531
2026-09-28T12:19:23.373Z	spark2	LOAD	23.289	4.125
2026-09-28T12:19:23.570Z	spark1	LOAD	19.101	7.530
2026-09-28T12:19:23.635Z	spark2	LOAD	23.289	4.125
2026-09-28T12:19:23.820Z	spark1	LOAD	19.639	7.530
2026-09-28T12:19:23.886Z	spark2	LOAD	23.289	4.125
2026-09-28T12:19:24.070Z	spark1	LOAD	19.562	7.530
2026-09-28T12:19:24.137Z	spark2	LOAD	23.289	4.125
2026-09-28T12:19:24.320Z	spark1	LOAD	19.517	7.530
2026-09-28T12:19:24.388Z	spark2	LOAD	23.289	4.125
2026-09-28T12:19:24.587Z	spark1	LOAD	19.490	7.530
2026-09-28T12:19:24.649Z	spark2	LOAD	23.289	4.125
2026-09-28T12:19:24.838Z	spark1	LOAD	19.462	7.530
2026-09-28T12:19:24.900Z	spark2	LOAD	23.289	4.125
2026-09-28T12:19:25.088Z	spark1	LOAD	19.198	7.530
2026-09-28T12:19:25.150Z	spark2	LOAD	23.289	4.125
2026-09-28T12:19:25.338Z	spark1	LOAD	19.411	7.530
2026-09-28T12:19:25.401Z	spark2	LOAD	23.289	4.125
2026-09-28T12:19:25.605Z	spark1	LOAD	19.369	7.530
2026-09-28T12:19:25.667Z	spark2	LOAD	23.289	4.125
2026-09-28T12:19:25.855Z	spark1	LOAD	19.827	7.529
2026-09-28T12:19:25.918Z	spark2	LOAD	23.289	4.125
2026-09-28T12:19:26.105Z	spark1	LOAD	21.364	7.529
2026-09-28T12:19:26.169Z	spark2	LOAD	23.289	4.125
2026-09-28T12:19:26.356Z	spark1	LOAD	22.457	7.529
2026-09-28T12:19:26.420Z	spark2	LOAD	23.289	4.125
2026-09-28T12:19:26.623Z	spark1	LOAD	22.426	7.529
2026-09-28T12:19:26.685Z	spark2	LOAD	23.289	4.125
2026-09-28T12:19:26.873Z	spark1	LOAD	22.391	7.529
2026-09-28T12:19:26.936Z	spark2	LOAD	23.289	4.125
2026-09-28T12:19:27.124Z	spark1	LOAD	22.363	7.529
2026-09-28T12:19:27.187Z	spark2	LOAD	23.289	4.125
2026-09-28T12:19:27.374Z	spark1	LOAD	22.336	7.529
2026-09-28T12:19:27.438Z	spark2	LOAD	23.289	4.125
2026-09-28T12:19:27.636Z	spark1	LOAD	22.308	7.529
2026-09-28T12:19:27.698Z	spark2	LOAD	23.289	4.125
2026-09-28T12:19:27.887Z	spark1	LOAD	22.283	7.529
2026-09-28T12:19:27.949Z	spark2	LOAD	23.289	4.125
2026-09-28T12:19:28.137Z	spark1	LOAD	22.227	7.529
2026-09-28T12:19:28.199Z	spark2	LOAD	23.289	4.125
2026-09-28T12:19:28.387Z	spark1	LOAD	22.188	7.529
2026-09-28T12:19:28.451Z	spark2	LOAD	23.289	4.125
2026-09-28T12:19:28.656Z	spark1	LOAD	22.113	7.529
2026-09-28T12:19:28.711Z	spark2	LOAD	23.289	4.125
2026-09-28T12:19:28.907Z	spark1	LOAD	22.082	7.529
2026-09-28T12:19:28.962Z	spark2	LOAD	23.288	4.125
2026-09-28T12:19:29.157Z	spark1	LOAD	22.050	7.529
2026-09-28T12:19:29.212Z	spark2	LOAD	23.285	4.125
2026-09-28T12:19:29.408Z	spark1	LOAD	22.005	7.529
2026-09-28T12:19:29.464Z	spark2	LOAD	23.285	4.125
2026-09-28T12:19:29.670Z	spark1	LOAD	21.971	7.529
2026-09-28T12:19:29.725Z	spark2	LOAD	23.286	4.125
2026-09-28T12:19:29.920Z	spark1	LOAD	21.940	7.529
2026-09-28T12:19:29.975Z	spark2	LOAD	23.287	4.125
2026-09-28T12:19:30.171Z	spark1	LOAD	21.930	7.529
2026-09-28T12:19:30.226Z	spark2	LOAD	23.287	4.125
2026-09-28T12:19:30.421Z	spark1	LOAD	21.882	7.529
2026-09-28T12:19:30.477Z	spark2	LOAD	23.287	4.125
2026-09-28T12:19:30.689Z	spark1	LOAD	21.845	7.529
2026-09-28T12:19:30.737Z	spark2	LOAD	23.287	4.125
2026-09-28T12:19:30.939Z	spark1	LOAD	21.818	7.529
2026-09-28T12:19:30.988Z	spark2	LOAD	23.288	4.125
2026-09-28T12:19:31.190Z	spark1	LOAD	21.794	7.529
2026-09-28T12:19:31.239Z	spark2	LOAD	23.288	4.125
2026-09-28T12:19:31.440Z	spark1	LOAD	21.764	7.529
2026-09-28T12:19:31.490Z	spark2	LOAD	23.288	4.125
2026-09-28T12:19:31.702Z	spark1	LOAD	21.740	7.529
2026-09-28T12:19:31.755Z	spark2	LOAD	23.288	4.125
2026-09-28T12:19:31.953Z	spark1	LOAD	21.703	7.529
2026-09-28T12:19:32.005Z	spark2	LOAD	23.289	4.125
2026-09-28T12:19:32.203Z	spark1	LOAD	21.678	7.528
2026-09-28T12:19:32.257Z	spark2	LOAD	23.289	4.125
2026-09-28T12:19:32.454Z	spark1	LOAD	21.632	7.528
2026-09-28T12:19:32.507Z	spark2	LOAD	23.289	4.125
2026-09-28T12:19:32.717Z	spark1	LOAD	21.603	7.528
2026-09-28T12:19:32.768Z	spark2	LOAD	23.289	4.125
2026-09-28T12:19:32.967Z	spark1	LOAD	21.577	7.528
2026-09-28T12:19:33.020Z	spark2	LOAD	23.289	4.125
2026-09-28T12:19:33.217Z	spark1	LOAD	21.541	7.528
2026-09-28T12:19:33.270Z	spark2	LOAD	23.289	4.125
2026-09-28T12:19:33.467Z	spark1	LOAD	21.513	7.528
2026-09-28T12:19:33.521Z	spark2	LOAD	23.290	4.125
2026-09-28T12:19:33.730Z	spark1	LOAD	21.480	7.528
2026-09-28T12:19:33.781Z	spark2	LOAD	23.290	4.125
2026-09-28T12:19:33.980Z	spark1	LOAD	21.445	7.528
2026-09-28T12:19:34.032Z	spark2	LOAD	23.290	4.125
2026-09-28T12:19:34.230Z	spark1	LOAD	21.410	7.528
2026-09-28T12:19:34.282Z	spark2	LOAD	23.290	4.125
2026-09-28T12:19:34.481Z	spark1	LOAD	21.344	7.528
2026-09-28T12:19:34.532Z	spark2	LOAD	23.290	4.125
2026-09-28T12:19:34.748Z	spark1	LOAD	21.310	7.528
2026-09-28T12:19:34.798Z	spark2	LOAD	23.290	4.125
2026-09-28T12:19:34.999Z	spark1	LOAD	21.272	7.528
2026-09-28T12:19:35.049Z	spark2	LOAD	23.290	4.125
2026-09-28T12:19:35.249Z	spark1	LOAD	21.236	7.528
2026-09-28T12:19:35.299Z	spark2	LOAD	23.290	4.125
2026-09-28T12:19:35.499Z	spark1	LOAD	21.201	7.528
2026-09-28T12:19:35.551Z	spark2	LOAD	23.290	4.125
2026-09-28T12:19:35.769Z	spark1	LOAD	21.153	7.528
2026-09-28T12:19:35.816Z	spark2	LOAD	23.290	4.125
2026-09-28T12:19:36.020Z	spark1	LOAD	20.585	7.528
2026-09-28T12:19:36.066Z	spark2	LOAD	23.290	4.125
2026-09-28T12:19:36.270Z	spark1	LOAD	20.555	7.528
2026-09-28T12:19:36.316Z	spark2	LOAD	23.290	4.125
2026-09-28T12:19:36.521Z	spark1	LOAD	20.492	7.528
2026-09-28T12:19:36.567Z	spark2	LOAD	23.290	4.125
2026-09-28T12:19:36.788Z	spark1	LOAD	21.114	7.528
2026-09-28T12:19:36.827Z	spark2	LOAD	23.290	4.125
2026-09-28T12:19:37.038Z	spark1	LOAD	21.061	7.527
2026-09-28T12:19:37.079Z	spark2	LOAD	23.290	4.125
2026-09-28T12:19:37.288Z	spark1	LOAD	21.022	7.527
2026-09-28T12:19:37.330Z	spark2	LOAD	23.290	4.125
2026-09-28T12:19:37.539Z	spark1	LOAD	20.988	7.527
2026-09-28T12:19:37.581Z	spark2	LOAD	23.290	4.125
2026-09-28T12:19:37.809Z	spark1	LOAD	20.958	7.527
2026-09-28T12:19:37.842Z	spark2	LOAD	23.289	4.125
2026-09-28T12:19:38.059Z	spark1	LOAD	20.926	7.527
2026-09-28T12:19:38.093Z	spark2	LOAD	23.289	4.125
2026-09-28T12:19:38.310Z	spark1	LOAD	20.888	7.527
2026-09-28T12:19:38.343Z	spark2	LOAD	23.289	4.125
2026-09-28T12:19:38.560Z	spark1	LOAD	20.727	7.527
2026-09-28T12:19:38.593Z	spark2	LOAD	23.289	4.125
2026-09-28T12:19:38.827Z	spark1	LOAD	20.505	7.527
2026-09-28T12:19:38.858Z	spark2	LOAD	23.289	4.125
2026-09-28T12:19:39.077Z	spark1	LOAD	20.805	7.527
2026-09-28T12:19:39.110Z	spark2	LOAD	23.289	4.125
2026-09-28T12:19:39.327Z	spark1	LOAD	20.418	7.527
2026-09-28T12:19:39.361Z	spark2	LOAD	23.289	4.125
2026-09-28T12:19:39.578Z	spark1	LOAD	20.119	7.527
2026-09-28T12:19:39.612Z	spark2	LOAD	23.288	4.125
2026-09-28T12:19:39.839Z	spark1	LOAD	20.635	7.527
2026-09-28T12:19:39.873Z	spark2	LOAD	23.287	4.125
2026-09-28T12:19:40.090Z	spark1	LOAD	20.258	7.527
2026-09-28T12:19:40.123Z	spark2	LOAD	23.278	4.125
2026-09-28T12:19:40.341Z	spark1	LOAD	20.553	7.527
2026-09-28T12:19:40.375Z	spark2	LOAD	23.278	4.125
2026-09-28T12:19:40.591Z	spark1	LOAD	20.603	7.527
2026-09-28T12:19:40.624Z	spark2	LOAD	23.278	4.125
2026-09-28T12:19:40.852Z	spark1	LOAD	20.426	7.527
2026-09-28T12:19:40.886Z	spark2	LOAD	23.278	4.125
2026-09-28T12:19:41.102Z	spark1	LOAD	20.388	7.527
2026-09-28T12:19:41.137Z	spark2	LOAD	23.278	4.125
2026-09-28T12:19:41.353Z	spark1	LOAD	20.194	7.527
2026-09-28T12:19:41.387Z	spark2	LOAD	23.278	4.125
2026-09-28T12:19:41.603Z	spark1	LOAD	20.068	7.527
2026-09-28T12:19:41.637Z	spark2	LOAD	23.278	4.125
2026-09-28T12:19:41.866Z	spark1	LOAD	19.859	7.527
2026-09-28T12:19:41.903Z	spark2	LOAD	23.279	4.125
2026-09-28T12:19:42.116Z	spark1	LOAD	19.824	7.527
2026-09-28T12:19:42.154Z	spark2	LOAD	23.279	4.125
2026-09-28T12:19:42.367Z	spark1	LOAD	19.800	7.527
2026-09-28T12:19:42.404Z	spark2	LOAD	23.279	4.125
2026-09-28T12:19:42.617Z	spark1	LOAD	19.742	7.527
2026-09-28T12:19:42.655Z	spark2	LOAD	23.279	4.125
2026-09-28T12:19:42.886Z	spark1	LOAD	19.709	7.527
2026-09-28T12:19:42.920Z	spark2	LOAD	23.281	4.125
2026-09-28T12:19:43.137Z	spark1	LOAD	19.678	7.527
2026-09-28T12:19:43.169Z	spark2	LOAD	23.281	4.125
2026-09-28T12:19:43.387Z	spark1	LOAD	19.641	7.527
2026-09-28T12:19:43.421Z	spark2	LOAD	23.281	4.125
2026-09-28T12:19:43.637Z	spark1	LOAD	19.607	7.527
2026-09-28T12:19:43.671Z	spark2	LOAD	23.281	4.125
2026-09-28T12:19:43.904Z	spark1	LOAD	19.572	7.527
2026-09-28T12:19:43.933Z	spark2	LOAD	23.283	4.125
2026-09-28T12:19:44.154Z	spark1	LOAD	19.548	7.527
2026-09-28T12:19:44.184Z	spark2	LOAD	23.283	4.125
2026-09-28T12:19:44.404Z	spark1	LOAD	19.516	7.527
2026-09-28T12:19:44.434Z	spark2	LOAD	23.283	4.125
2026-09-28T12:19:44.654Z	spark1	LOAD	19.441	7.527
2026-09-28T12:19:44.684Z	spark2	LOAD	23.283	4.125
2026-09-28T12:19:44.924Z	spark1	LOAD	19.409	7.527
2026-09-28T12:19:44.945Z	spark2	LOAD	23.284	4.125
2026-09-28T12:19:45.174Z	spark1	LOAD	19.378	7.527
2026-09-28T12:19:45.195Z	spark2	LOAD	23.284	4.125
2026-09-28T12:19:45.425Z	spark1	LOAD	19.355	7.527
2026-09-28T12:19:45.446Z	spark2	LOAD	23.284	4.125
2026-09-28T12:19:45.676Z	spark1	LOAD	19.326	7.527
2026-09-28T12:19:45.697Z	spark2	LOAD	23.284	4.125
2026-09-28T12:19:45.943Z	spark1	LOAD	19.293	7.527
2026-09-28T12:19:45.961Z	spark2	LOAD	23.286	4.125
2026-09-28T12:19:46.193Z	spark1	LOAD	19.254	7.527
2026-09-28T12:19:46.212Z	spark2	LOAD	23.286	4.125
2026-09-28T12:19:46.444Z	spark1	LOAD	19.236	7.527
2026-09-28T12:19:46.462Z	spark2	LOAD	23.286	4.125
2026-09-28T12:19:46.694Z	spark1	LOAD	19.172	7.527
2026-09-28T12:19:46.713Z	spark2	LOAD	23.286	4.125
2026-09-28T12:19:46.964Z	spark1	LOAD	19.142	7.527
2026-09-28T12:19:46.976Z	spark2	LOAD	23.286	4.125
2026-09-28T12:19:47.214Z	spark1	LOAD	19.120	7.527
2026-09-28T12:19:47.226Z	spark2	LOAD	23.286	4.125
2026-09-28T12:19:47.464Z	spark1	LOAD	19.091	7.527
2026-09-28T12:19:47.477Z	spark2	LOAD	23.286	4.125
2026-09-28T12:19:47.715Z	spark1	LOAD	19.059	7.527
2026-09-28T12:19:47.727Z	spark2	LOAD	23.286	4.125
2026-09-28T12:19:47.977Z	spark1	LOAD	19.027	7.527
2026-09-28T12:19:47.988Z	spark2	LOAD	23.286	4.125
2026-09-28T12:19:48.228Z	spark1	LOAD	18.994	7.527
2026-09-28T12:19:48.239Z	spark2	LOAD	23.286	4.125
2026-09-28T12:19:48.478Z	spark1	LOAD	18.962	7.527
2026-09-28T12:19:48.489Z	spark2	LOAD	23.286	4.125
2026-09-28T12:19:48.728Z	spark1	LOAD	18.904	7.526
2026-09-28T12:19:48.740Z	spark2	LOAD	23.286	4.125
2026-09-28T12:19:48.996Z	spark1	LOAD	18.867	7.526
2026-09-28T12:19:49.005Z	spark2	LOAD	23.286	4.125
2026-09-28T12:19:49.246Z	spark1	LOAD	18.841	7.526
2026-09-28T12:19:49.255Z	spark2	LOAD	23.286	4.125
2026-09-28T12:19:49.496Z	spark1	LOAD	19.449	7.527
2026-09-28T12:19:49.506Z	spark2	LOAD	23.286	4.125
2026-09-28T12:19:49.747Z	spark1	LOAD	19.408	7.527
2026-09-28T12:19:49.757Z	spark2	LOAD	23.286	4.125
2026-09-28T12:19:50.016Z	spark1	LOAD	19.371	7.527
2026-09-28T12:19:50.018Z	spark2	LOAD	23.285	4.125
2026-09-28T12:19:50.266Z	spark1	LOAD	19.288	7.527
2026-09-28T12:19:50.268Z	spark2	LOAD	23.285	4.125
2026-09-28T12:19:50.517Z	spark1	LOAD	19.293	7.528
2026-09-28T12:19:50.519Z	spark2	LOAD	23.285	4.125
2026-09-28T12:19:50.767Z	spark1	LOAD	19.193	7.528
2026-09-28T12:19:50.769Z	spark2	LOAD	23.257	4.125
2026-09-28T12:19:51.034Z	spark2	LOAD	23.241	4.125
2026-09-28T12:19:51.035Z	spark1	LOAD	20.597	7.528
2026-09-28T12:19:51.284Z	spark2	LOAD	23.244	4.124
2026-09-28T12:19:51.285Z	spark1	LOAD	21.985	7.528
2026-09-28T12:19:51.535Z	spark2	LOAD	23.244	4.124
2026-09-28T12:19:51.536Z	spark1	LOAD	22.420	7.528
2026-09-28T12:19:51.786Z	spark2	LOAD	23.244	4.124
2026-09-28T12:19:51.786Z	spark1	LOAD	22.393	7.528
2026-09-28T12:19:52.052Z	spark2	LOAD	23.247	4.124
2026-09-28T12:19:52.052Z	spark1	LOAD	22.364	7.528
2026-09-28T12:19:52.302Z	spark2	LOAD	23.247	4.124
2026-09-28T12:19:52.302Z	spark1	LOAD	22.340	7.528
2026-09-28T12:19:52.552Z	spark2	LOAD	23.247	4.124
2026-09-28T12:19:52.553Z	spark1	LOAD	22.308	7.528
2026-09-28T12:19:52.803Z	spark2	LOAD	23.247	4.124
2026-09-28T12:19:52.803Z	spark1	LOAD	22.249	7.528
2026-09-28T12:19:53.064Z	spark2	LOAD	23.252	4.124
2026-09-28T12:19:53.064Z	spark1	LOAD	22.222	7.528
2026-09-28T12:19:53.314Z	spark1	LOAD	22.190	7.528
2026-09-28T12:19:53.315Z	spark2	LOAD	23.252	4.124
2026-09-28T12:19:53.565Z	spark1	LOAD	22.156	7.528
2026-09-28T12:19:53.566Z	spark2	LOAD	23.252	4.124
2026-09-28T12:19:53.815Z	spark1	LOAD	22.128	7.528
2026-09-28T12:19:53.817Z	spark2	LOAD	23.252	4.124
2026-09-28T12:19:54.076Z	spark1	LOAD	22.100	7.528
2026-09-28T12:19:54.078Z	spark2	LOAD	23.259	4.124
2026-09-28T12:19:54.327Z	spark1	LOAD	22.072	7.528
2026-09-28T12:19:54.329Z	spark2	LOAD	23.259	4.124
2026-09-28T12:19:54.577Z	spark1	LOAD	22.038	7.528
2026-09-28T12:19:54.579Z	spark2	LOAD	23.259	4.124
2026-09-28T12:19:54.827Z	spark1	LOAD	21.977	7.528
2026-09-28T12:19:54.829Z	spark2	LOAD	23.259	4.124
2026-09-28T12:19:55.089Z	spark1	LOAD	21.932	7.528
2026-09-28T12:19:55.090Z	spark2	LOAD	23.265	4.124
2026-09-28T12:19:55.339Z	spark1	LOAD	21.905	7.528
2026-09-28T12:19:55.341Z	spark2	LOAD	23.265	4.124
2026-09-28T12:19:55.589Z	spark1	LOAD	21.873	7.528
2026-09-28T12:19:55.592Z	spark2	LOAD	23.265	4.124
2026-09-28T12:19:55.840Z	spark1	LOAD	21.851	7.528
2026-09-28T12:19:55.843Z	spark2	LOAD	23.265	4.124
2026-09-28T12:19:56.104Z	spark2	LOAD	23.269	4.124
2026-09-28T12:19:56.106Z	spark1	LOAD	21.823	7.528
2026-09-28T12:19:56.354Z	spark2	LOAD	23.269	4.124
2026-09-28T12:19:56.356Z	spark1	LOAD	21.792	7.528
2026-09-28T12:19:56.605Z	spark2	LOAD	23.269	4.124
2026-09-28T12:19:56.607Z	spark1	LOAD	21.765	7.528
2026-09-28T12:19:56.855Z	spark2	LOAD	23.269	4.124
2026-09-28T12:19:56.857Z	spark1	LOAD	21.736	7.528
2026-09-28T12:19:57.116Z	spark2	LOAD	23.272	4.124
2026-09-28T12:19:57.119Z	spark1	LOAD	21.695	7.528
2026-09-28T12:19:57.367Z	spark2	LOAD	23.272	4.124
2026-09-28T12:19:57.369Z	spark1	LOAD	21.665	7.528
2026-09-28T12:19:57.618Z	spark2	LOAD	23.272	4.124
2026-09-28T12:19:57.619Z	spark1	LOAD	21.634	7.528
2026-09-28T12:19:57.869Z	spark2	LOAD	23.272	4.124
2026-09-28T12:19:57.869Z	spark1	LOAD	21.606	7.528
2026-09-28T12:19:58.134Z	spark2	LOAD	23.272	4.124
2026-09-28T12:19:58.136Z	spark1	LOAD	21.570	7.528
2026-09-28T12:19:58.384Z	spark2	LOAD	23.272	4.124
2026-09-28T12:19:58.386Z	spark1	LOAD	21.533	7.528
2026-09-28T12:19:58.636Z	spark2	LOAD	23.274	4.124
2026-09-28T12:19:58.636Z	spark1	LOAD	21.502	7.528
2026-09-28T12:19:58.887Z	spark2	LOAD	23.274	4.124
2026-09-28T12:19:58.887Z	spark1	LOAD	21.473	7.528
2026-09-28T12:19:59.147Z	spark2	LOAD	23.273	4.124
2026-09-28T12:19:59.149Z	spark1	LOAD	21.421	7.528
2026-09-28T12:19:59.399Z	spark2	LOAD	23.273	4.124
2026-09-28T12:19:59.400Z	spark1	LOAD	21.390	7.528
2026-09-28T12:19:59.649Z	spark2	LOAD	23.273	4.124
2026-09-28T12:19:59.650Z	spark1	LOAD	21.354	7.528
2026-09-28T12:19:59.899Z	spark2	LOAD	23.273	4.124
2026-09-28T12:19:59.900Z	spark1	LOAD	21.325	7.528
2026-09-28T12:20:00.160Z	spark2	LOAD	23.275	4.124
2026-09-28T12:20:00.167Z	spark1	LOAD	21.281	7.528
2026-09-28T12:20:00.411Z	spark2	LOAD	23.275	4.124
2026-09-28T12:20:00.418Z	spark1	LOAD	21.247	7.528
2026-09-28T12:20:00.661Z	spark2	LOAD	23.275	4.124
2026-09-28T12:20:00.668Z	spark1	LOAD	21.217	7.528
2026-09-28T12:20:00.912Z	spark2	LOAD	23.275	4.124
2026-09-28T12:20:00.919Z	spark1	LOAD	21.183	7.527
2026-09-28T12:20:01.177Z	spark2	LOAD	23.276	4.124
2026-09-28T12:20:01.188Z	spark1	LOAD	21.137	7.527
2026-09-28T12:20:01.428Z	spark2	LOAD	23.276	4.124
2026-09-28T12:20:01.438Z	spark1	LOAD	21.073	7.527
2026-09-28T12:20:01.678Z	spark2	LOAD	23.276	4.124
2026-09-28T12:20:01.689Z	spark1	LOAD	21.041	7.527
2026-09-28T12:20:01.928Z	spark2	LOAD	23.269	4.124
2026-09-28T12:20:01.939Z	spark1	LOAD	21.009	7.527
2026-09-28T12:20:02.194Z	spark2	LOAD	23.283	4.124
2026-09-28T12:20:02.207Z	spark1	LOAD	20.963	7.527
2026-09-28T12:20:02.445Z	spark2	LOAD	23.283	4.124
2026-09-28T12:20:02.457Z	spark1	LOAD	20.925	7.527
2026-09-28T12:20:02.696Z	spark2	LOAD	23.283	4.124
2026-09-28T12:20:02.708Z	spark1	LOAD	20.896	7.527
2026-09-28T12:20:02.947Z	spark2	LOAD	23.283	4.124
2026-09-28T12:20:02.958Z	spark1	LOAD	20.870	7.527
2026-09-28T12:20:03.220Z	spark1	LOAD	20.815	7.527
2026-09-28T12:20:03.221Z	spark2	LOAD	23.283	4.124
2026-09-28T12:20:03.471Z	spark1	LOAD	20.782	7.527
2026-09-28T12:20:03.471Z	spark2	LOAD	23.283	4.124
2026-09-28T12:20:03.721Z	spark1	LOAD	20.833	7.527
2026-09-28T12:20:03.723Z	spark2	LOAD	23.283	4.124
2026-09-28T12:20:03.971Z	spark1	LOAD	20.223	7.527
2026-09-28T12:20:03.973Z	spark2	LOAD	23.284	4.124
2026-09-28T12:20:04.234Z	spark1	LOAD	20.183	7.527
2026-09-28T12:20:04.239Z	spark2	LOAD	23.284	4.124
2026-09-28T12:20:04.484Z	spark1	LOAD	20.147	7.527
2026-09-28T12:20:04.489Z	spark2	LOAD	23.284	4.124
2026-09-28T12:20:04.734Z	spark1	LOAD	20.119	7.527
2026-09-28T12:20:04.740Z	spark2	LOAD	23.284	4.124
2026-09-28T12:20:04.985Z	spark1	LOAD	20.089	7.527
2026-09-28T12:20:04.991Z	spark2	LOAD	23.284	4.124
2026-09-28T12:20:05.248Z	spark1	LOAD	20.001	7.527
2026-09-28T12:20:05.252Z	spark2	LOAD	23.284	4.124
2026-09-28T12:20:05.498Z	spark1	LOAD	20.598	7.527
2026-09-28T12:20:05.503Z	spark2	LOAD	23.284	4.124
2026-09-28T12:20:05.748Z	spark1	LOAD	20.567	7.527
2026-09-28T12:20:05.754Z	spark2	LOAD	23.284	4.124
2026-09-28T12:20:05.999Z	spark1	LOAD	20.536	7.526
2026-09-28T12:20:06.005Z	spark2	LOAD	23.284	4.124
2026-09-28T12:20:06.261Z	spark1	LOAD	20.500	7.526
2026-09-28T12:20:06.270Z	spark2	LOAD	23.284	4.124
2026-09-28T12:20:06.511Z	spark1	LOAD	20.464	7.526
2026-09-28T12:20:06.521Z	spark2	LOAD	23.284	4.124
2026-09-28T12:20:06.762Z	spark1	LOAD	20.436	7.526
2026-09-28T12:20:06.773Z	spark2	LOAD	23.284	4.124
2026-09-28T12:20:07.012Z	spark1	LOAD	20.416	7.526
2026-09-28T12:20:07.024Z	spark2	LOAD	23.284	4.124
2026-09-28T12:20:07.275Z	spark1	LOAD	20.352	7.526
2026-09-28T12:20:07.284Z	spark2	LOAD	23.284	4.124
2026-09-28T12:20:07.525Z	spark1	LOAD	20.334	7.526
2026-09-28T12:20:07.535Z	spark2	LOAD	23.284	4.124
2026-09-28T12:20:07.775Z	spark1	LOAD	20.305	7.526
2026-09-28T12:20:07.786Z	spark2	LOAD	23.284	4.124
2026-09-28T12:20:08.026Z	spark1	LOAD	20.287	7.527
2026-09-28T12:20:08.037Z	spark2	LOAD	23.284	4.124
2026-09-28T12:20:08.293Z	spark1	LOAD	20.152	7.526
2026-09-28T12:20:08.298Z	spark2	LOAD	23.284	4.124
2026-09-28T12:20:08.543Z	spark1	LOAD	20.090	7.526
2026-09-28T12:20:08.548Z	spark2	LOAD	23.284	4.124
2026-09-28T12:20:08.794Z	spark1	LOAD	20.059	7.526
2026-09-28T12:20:08.799Z	spark2	LOAD	23.284	4.124
2026-09-28T12:20:09.044Z	spark1	LOAD	20.020	7.526
2026-09-28T12:20:09.050Z	spark2	LOAD	23.284	4.124
2026-09-28T12:20:09.307Z	spark1	LOAD	19.972	7.526
2026-09-28T12:20:09.314Z	spark2	LOAD	23.284	4.124
2026-09-28T12:20:09.557Z	spark1	LOAD	19.669	7.526
2026-09-28T12:20:09.565Z	spark2	LOAD	23.284	4.124
2026-09-28T12:20:09.807Z	spark1	LOAD	19.921	7.527
2026-09-28T12:20:09.816Z	spark2	LOAD	23.284	4.124
2026-09-28T12:20:10.058Z	spark1	LOAD	19.891	7.527
2026-09-28T12:20:10.067Z	spark2	LOAD	23.284	4.124
2026-09-28T12:20:10.320Z	spark1	LOAD	19.848	7.527
2026-09-28T12:20:10.328Z	spark2	LOAD	23.284	4.124
2026-09-28T12:20:10.570Z	spark1	LOAD	19.817	7.527
2026-09-28T12:20:10.579Z	spark2	LOAD	23.284	4.124
2026-09-28T12:20:10.821Z	spark1	LOAD	19.791	7.527
2026-09-28T12:20:10.829Z	spark2	LOAD	23.284	4.124
2026-09-28T12:20:11.071Z	spark1	LOAD	19.766	7.527
2026-09-28T12:20:11.080Z	spark2	LOAD	23.284	4.124
2026-09-28T12:20:11.334Z	spark1	LOAD	19.710	7.527
2026-09-28T12:20:11.346Z	spark2	LOAD	23.283	4.124
2026-09-28T12:20:11.584Z	spark1	LOAD	19.685	7.527
2026-09-28T12:20:11.596Z	spark2	LOAD	23.283	4.124
2026-09-28T12:20:11.834Z	spark1	LOAD	19.659	7.527
2026-09-28T12:20:11.846Z	spark2	LOAD	23.283	4.124
2026-09-28T12:20:12.084Z	spark1	LOAD	19.630	7.527
2026-09-28T12:20:12.097Z	spark2	LOAD	23.283	4.124
2026-09-28T12:20:12.346Z	spark1	LOAD	19.554	7.526
2026-09-28T12:20:12.361Z	spark2	LOAD	23.283	4.124
2026-09-28T12:20:12.596Z	spark1	LOAD	19.529	7.526
2026-09-28T12:20:12.611Z	spark2	LOAD	23.282	4.124
2026-09-28T12:20:12.846Z	spark1	LOAD	19.506	7.526
2026-09-28T12:20:12.862Z	spark2	LOAD	23.278	4.124
2026-09-28T12:20:13.096Z	spark1	LOAD	19.455	7.526
2026-09-28T12:20:13.113Z	spark2	LOAD	23.282	4.124
2026-09-28T12:20:13.364Z	spark1	LOAD	18.982	7.526
2026-09-28T12:20:13.378Z	spark2	LOAD	23.282	4.124
2026-09-28T12:20:13.614Z	spark1	LOAD	18.819	7.526
2026-09-28T12:20:13.628Z	spark2	LOAD	23.282	4.124
2026-09-28T12:20:13.865Z	spark1	LOAD	18.756	7.526
2026-09-28T12:20:13.879Z	spark2	LOAD	23.282	4.124
2026-09-28T12:20:14.115Z	spark1	LOAD	19.359	7.526
2026-09-28T12:20:14.130Z	spark2	LOAD	23.282	4.124
2026-09-28T12:20:14.384Z	spark1	LOAD	19.326	7.526
2026-09-28T12:20:14.394Z	spark2	LOAD	23.285	4.124
2026-09-28T12:20:14.634Z	spark1	LOAD	19.317	7.526
2026-09-28T12:20:14.645Z	spark2	LOAD	23.285	4.124
2026-09-28T12:20:14.885Z	spark1	LOAD	19.265	7.526
2026-09-28T12:20:14.896Z	spark2	LOAD	23.286	4.124
2026-09-28T12:20:15.135Z	spark1	LOAD	19.182	7.526
2026-09-28T12:20:15.146Z	spark2	LOAD	23.287	4.124
2026-09-28T12:20:15.403Z	spark1	LOAD	18.577	7.526
2026-09-28T12:20:15.410Z	spark2	LOAD	23.287	4.124
2026-09-28T12:20:15.653Z	spark1	LOAD	19.118	7.527
2026-09-28T12:20:15.661Z	spark2	LOAD	23.287	4.124
2026-09-28T12:20:15.904Z	spark1	LOAD	20.490	7.527
2026-09-28T12:20:15.911Z	spark2	LOAD	23.287	4.124
2026-09-28T12:20:16.153Z	spark1	LOAD	21.965	7.527
2026-09-28T12:20:16.162Z	spark2	LOAD	23.287	4.124
2026-09-28T12:20:16.421Z	spark1	LOAD	22.388	7.527
2026-09-28T12:20:16.427Z	spark2	LOAD	23.287	4.124
2026-09-28T12:20:16.672Z	spark1	LOAD	22.346	7.527
2026-09-28T12:20:16.677Z	spark2	LOAD	23.287	4.124
2026-09-28T12:20:16.922Z	spark1	LOAD	22.310	7.527
2026-09-28T12:20:16.927Z	spark2	LOAD	23.287	4.124
2026-09-28T12:20:17.172Z	spark1	LOAD	22.231	7.527
2026-09-28T12:20:17.178Z	spark2	LOAD	23.287	4.124
2026-09-28T12:20:17.435Z	spark1	LOAD	22.304	7.528
2026-09-28T12:20:17.442Z	spark2	LOAD	23.287	4.124
2026-09-28T12:20:17.685Z	spark1	LOAD	22.258	7.528
2026-09-28T12:20:17.693Z	spark2	LOAD	23.287	4.124
2026-09-28T12:20:17.935Z	spark1	LOAD	22.275	7.528
2026-09-28T12:20:17.943Z	spark2	LOAD	23.287	4.124
2026-09-28T12:20:18.185Z	spark1	LOAD	22.231	7.528
2026-09-28T12:20:18.194Z	spark2	LOAD	23.287	4.124
2026-09-28T12:20:18.447Z	spark1	LOAD	22.181	7.528
2026-09-28T12:20:18.460Z	spark2	LOAD	23.287	4.124
2026-09-28T12:20:18.698Z	spark1	LOAD	22.140	7.528
2026-09-28T12:20:18.710Z	spark2	LOAD	23.287	4.124
2026-09-28T12:20:18.948Z	spark1	LOAD	22.101	7.528
2026-09-28T12:20:18.961Z	spark2	LOAD	23.287	4.124
2026-09-28T12:20:19.198Z	spark1	LOAD	22.055	7.528
2026-09-28T12:20:19.211Z	spark2	LOAD	23.287	4.124
2026-09-28T12:20:19.465Z	spark1	LOAD	21.964	7.528
2026-09-28T12:20:19.477Z	spark2	LOAD	23.287	4.124
2026-09-28T12:20:19.716Z	spark1	LOAD	21.924	7.528
2026-09-28T12:20:19.727Z	spark2	LOAD	23.287	4.124
2026-09-28T12:20:19.966Z	spark1	LOAD	21.875	7.528
2026-09-28T12:20:19.978Z	spark2	LOAD	23.287	4.124
2026-09-28T12:20:20.217Z	spark1	LOAD	21.827	7.528
2026-09-28T12:20:20.228Z	spark2	LOAD	23.287	4.124
2026-09-28T12:20:20.484Z	spark1	LOAD	21.822	7.528
2026-09-28T12:20:20.493Z	spark2	LOAD	23.287	4.124
2026-09-28T12:20:20.734Z	spark1	LOAD	21.794	7.528
2026-09-28T12:20:20.744Z	spark2	LOAD	23.287	4.124
2026-09-28T12:20:20.985Z	spark1	LOAD	21.767	7.528
2026-09-28T12:20:20.994Z	spark2	LOAD	23.287	4.124
2026-09-28T12:20:21.235Z	spark1	LOAD	21.736	7.528
2026-09-28T12:20:21.245Z	spark2	LOAD	23.287	4.124
2026-09-28T12:20:21.496Z	spark1	LOAD	21.703	7.528
2026-09-28T12:20:21.509Z	spark2	LOAD	23.287	4.124
2026-09-28T12:20:21.746Z	spark1	LOAD	21.650	7.528
2026-09-28T12:20:21.760Z	spark2	LOAD	23.287	4.124
2026-09-28T12:20:21.996Z	spark1	LOAD	21.613	7.528
2026-09-28T12:20:22.011Z	spark2	LOAD	23.287	4.124
2026-09-28T12:20:22.247Z	spark1	LOAD	21.572	7.528
2026-09-28T12:20:22.262Z	spark2	LOAD	23.287	4.124
2026-09-28T12:20:22.508Z	spark1	LOAD	21.532	7.528
2026-09-28T12:20:22.527Z	spark2	LOAD	23.287	4.124
2026-09-28T12:20:22.759Z	spark1	LOAD	21.534	7.528
2026-09-28T12:20:22.777Z	spark2	LOAD	23.287	4.124
2026-09-28T12:20:23.009Z	spark1	LOAD	21.485	7.528
2026-09-28T12:20:23.028Z	spark2	LOAD	23.287	4.124
2026-09-28T12:20:23.259Z	spark1	LOAD	21.441	7.528
2026-09-28T12:20:23.278Z	spark2	LOAD	23.287	4.124
2026-09-28T12:20:23.526Z	spark1	LOAD	21.408	7.528
2026-09-28T12:20:23.542Z	spark2	LOAD	23.286	4.124
2026-09-28T12:20:23.776Z	spark1	LOAD	21.347	7.528
2026-09-28T12:20:23.793Z	spark2	LOAD	23.272	4.124
2026-09-28T12:20:24.027Z	spark1	LOAD	21.285	7.528
2026-09-28T12:20:24.044Z	spark2	LOAD	23.283	4.124
2026-09-28T12:20:24.277Z	spark1	LOAD	21.231	7.528
2026-09-28T12:20:24.294Z	spark2	LOAD	23.283	4.124
2026-09-28T12:20:24.539Z	spark1	LOAD	21.193	7.528
2026-09-28T12:20:24.560Z	spark2	LOAD	23.282	4.124
2026-09-28T12:20:24.789Z	spark1	LOAD	21.156	7.528
2026-09-28T12:20:24.810Z	spark2	LOAD	23.282	4.124
2026-09-28T12:20:25.040Z	spark1	LOAD	20.977	7.528
2026-09-28T12:20:25.061Z	spark2	LOAD	23.284	4.124
2026-09-28T12:20:25.290Z	spark1	LOAD	20.932	7.528
2026-09-28T12:20:25.312Z	spark2	LOAD	23.284	4.124
2026-09-28T12:20:25.557Z	spark1	LOAD	20.891	7.528
2026-09-28T12:20:25.576Z	spark2	LOAD	23.284	4.124
2026-09-28T12:20:25.808Z	spark1	LOAD	20.818	7.528
2026-09-28T12:20:25.828Z	spark2	LOAD	23.284	4.124
2026-09-28T12:20:26.058Z	spark1	LOAD	20.938	7.528
2026-09-28T12:20:26.078Z	spark2	LOAD	23.286	4.124
2026-09-28T12:20:26.308Z	spark1	LOAD	20.904	7.528
2026-09-28T12:20:26.329Z	spark2	LOAD	23.286	4.124
2026-09-28T12:20:26.570Z	spark1	LOAD	20.858	7.528
2026-09-28T12:20:26.594Z	spark2	LOAD	23.286	4.124
2026-09-28T12:20:26.820Z	spark1	LOAD	20.815	7.528
2026-09-28T12:20:26.846Z	spark2	LOAD	23.286	4.124
2026-09-28T12:20:27.070Z	spark1	LOAD	20.789	7.527
2026-09-28T12:20:27.097Z	spark2	LOAD	23.287	4.124
2026-09-28T12:20:27.321Z	spark1	LOAD	20.758	7.527
2026-09-28T12:20:27.348Z	spark2	LOAD	23.287	4.124
2026-09-28T12:20:27.588Z	spark1	LOAD	20.732	7.527
2026-09-28T12:20:27.609Z	spark2	LOAD	23.286	4.124
2026-09-28T12:20:27.838Z	spark1	LOAD	20.674	7.527
2026-09-28T12:20:27.859Z	spark2	LOAD	23.286	4.124
2026-09-28T12:20:28.089Z	spark1	LOAD	20.273	7.527
2026-09-28T12:20:28.110Z	spark2	LOAD	23.286	4.124
2026-09-28T12:20:28.339Z	spark1	LOAD	20.034	7.527
2026-09-28T12:20:28.361Z	spark2	LOAD	23.286	4.124
2026-09-28T12:20:28.607Z	spark1	LOAD	19.998	7.527
2026-09-28T12:20:28.626Z	spark2	LOAD	23.286	4.124
2026-09-28T12:20:28.857Z	spark1	LOAD	19.963	7.527
2026-09-28T12:20:28.877Z	spark2	LOAD	23.286	4.124
2026-09-28T12:20:29.108Z	spark1	LOAD	19.921	7.527
2026-09-28T12:20:29.128Z	spark2	LOAD	23.286	4.124
2026-09-28T12:20:29.358Z	spark1	LOAD	19.892	7.527
2026-09-28T12:20:29.378Z	spark2	LOAD	23.286	4.124
2026-09-28T12:20:29.621Z	spark1	LOAD	20.620	7.529
2026-09-28T12:20:29.642Z	spark2	LOAD	23.286	4.124
2026-09-28T12:20:29.872Z	spark1	LOAD	20.559	7.529
2026-09-28T12:20:29.893Z	spark2	LOAD	23.286	4.124
2026-09-28T12:20:30.122Z	spark1	LOAD	20.573	7.530
2026-09-28T12:20:30.143Z	spark2	LOAD	23.286	4.124
2026-09-28T12:20:30.372Z	spark1	LOAD	20.509	7.530
2026-09-28T12:20:30.394Z	spark2	LOAD	23.286	4.124
2026-09-28T12:20:30.642Z	spark1	LOAD	20.461	7.530
2026-09-28T12:20:30.659Z	spark2	LOAD	23.286	4.124
2026-09-28T12:20:30.893Z	spark1	LOAD	20.381	7.530
2026-09-28T12:20:30.909Z	spark2	LOAD	23.286	4.124
2026-09-28T12:20:31.143Z	spark1	LOAD	20.348	7.530
2026-09-28T12:20:31.160Z	spark2	LOAD	23.286	4.124
2026-09-28T12:20:31.393Z	spark1	LOAD	20.392	7.530
2026-09-28T12:20:31.411Z	spark2	LOAD	23.286	4.124
2026-09-28T12:20:31.655Z	spark1	LOAD	20.344	7.530
2026-09-28T12:20:31.676Z	spark2	LOAD	23.286	4.124
2026-09-28T12:20:31.905Z	spark1	LOAD	20.142	7.530
2026-09-28T12:20:31.926Z	spark2	LOAD	23.286	4.124
2026-09-28T12:20:32.156Z	spark1	LOAD	20.257	7.530
2026-09-28T12:20:32.177Z	spark2	LOAD	23.286	4.124
2026-09-28T12:20:32.406Z	spark1	LOAD	20.181	7.530
2026-09-28T12:20:32.428Z	spark2	LOAD	23.286	4.124
2026-09-28T12:20:32.668Z	spark1	LOAD	20.158	7.530
2026-09-28T12:20:32.689Z	spark2	LOAD	23.286	4.124
2026-09-28T12:20:32.918Z	spark1	LOAD	20.127	7.530
2026-09-28T12:20:32.940Z	spark2	LOAD	23.286	4.124
2026-09-28T12:20:33.169Z	spark1	LOAD	20.088	7.530
2026-09-28T12:20:33.190Z	spark2	LOAD	23.286	4.124
2026-09-28T12:20:33.419Z	spark1	LOAD	20.032	7.530
2026-09-28T12:20:33.441Z	spark2	LOAD	23.286	4.124
2026-09-28T12:20:33.687Z	spark1	LOAD	19.998	7.530
2026-09-28T12:20:33.706Z	spark2	LOAD	23.286	4.124
2026-09-28T12:20:33.937Z	spark1	LOAD	19.854	7.530
2026-09-28T12:20:33.956Z	spark2	LOAD	23.286	4.124
2026-09-28T12:20:34.187Z	spark1	LOAD	19.790	7.529
2026-09-28T12:20:34.207Z	spark2	LOAD	23.286	4.124
2026-09-28T12:20:34.437Z	spark1	LOAD	19.324	7.529
2026-09-28T12:20:34.457Z	spark2	LOAD	23.285	4.124
2026-09-28T12:20:34.700Z	spark1	LOAD	19.881	7.529
2026-09-28T12:20:34.722Z	spark2	LOAD	23.266	4.124
2026-09-28T12:20:34.950Z	spark1	LOAD	19.834	7.529
2026-09-28T12:20:34.972Z	spark2	LOAD	23.285	4.124
2026-09-28T12:20:35.200Z	spark1	LOAD	19.785	7.529
2026-09-28T12:20:35.223Z	spark2	LOAD	23.283	4.124
2026-09-28T12:20:35.450Z	spark1	LOAD	19.729	7.529
2026-09-28T12:20:35.473Z	spark2	LOAD	23.283	4.124
2026-09-28T12:20:35.718Z	spark1	LOAD	19.700	7.529
2026-09-28T12:20:35.739Z	spark2	LOAD	23.282	4.124
2026-09-28T12:20:35.968Z	spark1	LOAD	19.639	7.529
2026-09-28T12:20:35.989Z	spark2	LOAD	23.282	4.124
2026-09-28T12:20:36.218Z	spark1	LOAD	19.609	7.529
2026-09-28T12:20:36.240Z	spark2	LOAD	23.282	4.124
2026-09-28T12:20:36.469Z	spark1	LOAD	19.568	7.529
2026-09-28T12:20:36.490Z	spark2	LOAD	23.282	4.124
2026-09-28T12:20:36.738Z	spark1	LOAD	19.535	7.529
2026-09-28T12:20:36.756Z	spark2	LOAD	23.282	4.124
2026-09-28T12:20:36.989Z	spark1	LOAD	19.516	7.529
2026-09-28T12:20:37.007Z	spark2	LOAD	23.284	4.124
2026-09-28T12:20:37.239Z	spark1	LOAD	19.461	7.529
2026-09-28T12:20:37.257Z	spark2	LOAD	23.284	4.124
2026-09-28T12:20:37.489Z	spark1	LOAD	19.426	7.529
2026-09-28T12:20:37.508Z	spark2	LOAD	23.284	4.124
2026-09-28T12:20:37.751Z	spark1	LOAD	19.387	7.529
2026-09-28T12:20:37.768Z	spark2	LOAD	23.284	4.124
2026-09-28T12:20:38.001Z	spark1	LOAD	19.339	7.529
2026-09-28T12:20:38.019Z	spark2	LOAD	23.286	4.124
2026-09-28T12:20:38.252Z	spark1	LOAD	19.308	7.529
2026-09-28T12:20:38.270Z	spark2	LOAD	23.286	4.124
2026-09-28T12:20:38.502Z	spark1	LOAD	19.046	7.529
2026-09-28T12:20:38.521Z	spark2	LOAD	23.286	4.124
2026-09-28T12:20:38.763Z	spark1	LOAD	20.713	7.529
2026-09-28T12:20:38.785Z	spark2	LOAD	23.285	4.124
2026-09-28T12:20:39.013Z	spark1	LOAD	21.904	7.529
2026-09-28T12:20:39.036Z	spark2	LOAD	23.287	4.124
2026-09-28T12:20:39.263Z	spark1	LOAD	21.874	7.529
2026-09-28T12:20:39.286Z	spark2	LOAD	23.287	4.124
2026-09-28T12:20:39.514Z	spark1	LOAD	21.837	7.529
2026-09-28T12:20:39.537Z	spark2	LOAD	23.287	4.124
2026-09-28T12:20:39.775Z	spark1	LOAD	21.799	7.529
2026-09-28T12:20:39.798Z	spark2	LOAD	23.287	4.124
2026-09-28T12:20:40.025Z	spark1	LOAD	21.756	7.529
2026-09-28T12:20:40.049Z	spark2	LOAD	23.288	4.124
2026-09-28T12:20:40.275Z	spark1	LOAD	21.688	7.529
2026-09-28T12:20:40.299Z	spark2	LOAD	23.288	4.124
2026-09-28T12:20:40.525Z	spark1	LOAD	21.661	7.529
2026-09-28T12:20:40.550Z	spark2	LOAD	23.288	4.124
2026-09-28T12:20:40.787Z	spark1	LOAD	21.626	7.529
2026-09-28T12:20:40.811Z	spark2	LOAD	23.288	4.124
2026-09-28T12:20:41.038Z	spark1	LOAD	21.589	7.529
2026-09-28T12:20:41.061Z	spark2	LOAD	23.288	4.124
2026-09-28T12:20:41.288Z	spark1	LOAD	21.553	7.529
2026-09-28T12:20:41.312Z	spark2	LOAD	23.288	4.124
2026-09-28T12:20:41.538Z	spark1	LOAD	21.533	7.529
2026-09-28T12:20:41.563Z	spark2	LOAD	23.288	4.124
2026-09-28T12:20:41.800Z	spark1	LOAD	21.489	7.529
2026-09-28T12:20:41.824Z	spark2	LOAD	23.288	4.124
2026-09-28T12:20:42.050Z	spark1	LOAD	21.441	7.529
2026-09-28T12:20:42.075Z	spark2	LOAD	23.288	4.124
2026-09-28T12:20:42.300Z	spark1	LOAD	21.382	7.529
2026-09-28T12:20:42.325Z	spark2	LOAD	23.288	4.124
2026-09-28T12:20:42.551Z	spark1	LOAD	21.340	7.529
2026-09-28T12:20:42.575Z	spark2	LOAD	23.288	4.124
2026-09-28T12:20:42.813Z	spark1	LOAD	21.309	7.529
2026-09-28T12:20:42.836Z	spark2	LOAD	23.288	4.124
2026-09-28T12:20:43.064Z	spark1	LOAD	21.286	7.529
2026-09-28T12:20:43.086Z	spark2	LOAD	23.288	4.124
2026-09-28T12:20:43.314Z	spark1	LOAD	21.236	7.529
2026-09-28T12:20:43.337Z	spark2	LOAD	23.288	4.124
2026-09-28T12:20:43.564Z	spark1	LOAD	21.227	7.529
2026-09-28T12:20:43.588Z	spark2	LOAD	23.288	4.124
2026-09-28T12:20:43.827Z	spark1	LOAD	21.199	7.529
2026-09-28T12:20:43.852Z	spark2	LOAD	23.288	4.124
2026-09-28T12:20:44.077Z	spark1	LOAD	21.165	7.529
2026-09-28T12:20:44.103Z	spark2	LOAD	23.288	4.124
2026-09-28T12:20:44.327Z	spark1	LOAD	21.099	7.529
2026-09-28T12:20:44.354Z	spark2	LOAD	23.288	4.124
2026-09-28T12:20:44.578Z	spark1	LOAD	21.073	7.529
2026-09-28T12:20:44.604Z	spark2	LOAD	23.288	4.124
2026-09-28T12:20:44.843Z	spark1	LOAD	21.032	7.529
2026-09-28T12:20:44.864Z	spark2	LOAD	23.288	4.124
2026-09-28T12:20:45.093Z	spark1	LOAD	20.975	7.529
2026-09-28T12:20:45.114Z	spark2	LOAD	23.288	4.124
2026-09-28T12:20:45.343Z	spark1	LOAD	20.966	7.529
2026-09-28T12:20:45.365Z	spark2	LOAD	23.288	4.124
2026-09-28T12:20:45.594Z	spark1	LOAD	21.691	7.529
2026-09-28T12:20:45.615Z	spark2	LOAD	23.287	4.124
2026-09-28T12:20:45.861Z	spark1	LOAD	21.667	7.529
2026-09-28T12:20:45.876Z	spark2	LOAD	23.277	4.124
2026-09-28T12:20:46.111Z	spark1	LOAD	21.613	7.529
2026-09-28T12:20:46.127Z	spark2	LOAD	23.274	4.124
2026-09-28T12:20:46.361Z	spark1	LOAD	21.559	7.529
2026-09-28T12:20:46.377Z	spark2	LOAD	23.274	4.124
2026-09-28T12:20:46.612Z	spark1	LOAD	21.536	7.529
2026-09-28T12:20:46.629Z	spark2	LOAD	23.274	4.124
2026-09-28T12:20:46.883Z	spark1	LOAD	21.508	7.529
2026-09-28T12:20:46.890Z	spark2	LOAD	23.274	4.124
2026-09-28T12:20:47.133Z	spark1	LOAD	21.535	7.529
2026-09-28T12:20:47.140Z	spark2	LOAD	23.274	4.124
2026-09-28T12:20:47.383Z	spark1	LOAD	21.493	7.529
2026-09-28T12:20:47.391Z	spark2	LOAD	23.274	4.124
2026-09-28T12:20:47.633Z	spark1	LOAD	21.319	7.530
2026-09-28T12:20:47.641Z	spark2	LOAD	23.274	4.124
2026-09-28T12:20:47.902Z	spark1	LOAD	20.950	7.530
2026-09-28T12:20:47.906Z	spark2	LOAD	23.274	4.124
2026-09-28T12:20:48.152Z	spark1	LOAD	20.817	7.530
2026-09-28T12:20:48.156Z	spark2	LOAD	23.274	4.124
2026-09-28T12:20:48.403Z	spark1	LOAD	21.354	7.530
2026-09-28T12:20:48.407Z	spark2	LOAD	23.274	4.124
2026-09-28T12:20:48.653Z	spark1	LOAD	21.324	7.530
2026-09-28T12:20:48.658Z	spark2	LOAD	23.274	4.124
2026-09-28T12:20:48.920Z	spark1	LOAD	20.932	7.530
2026-09-28T12:20:48.923Z	spark2	LOAD	23.275	4.124
2026-09-28T12:20:49.170Z	spark1	LOAD	20.782	7.530
2026-09-28T12:20:49.173Z	spark2	LOAD	23.275	4.124
2026-09-28T12:20:49.421Z	spark1	LOAD	20.650	7.530
2026-09-28T12:20:49.424Z	spark2	LOAD	23.275	4.124
2026-09-28T12:20:49.671Z	spark1	LOAD	20.613	7.530
2026-09-28T12:20:49.674Z	spark2	LOAD	23.275	4.124
2026-09-28T12:20:49.933Z	spark1	LOAD	20.578	7.530
2026-09-28T12:20:49.939Z	spark2	LOAD	23.278	4.124
2026-09-28T12:20:50.184Z	spark1	LOAD	20.541	7.530
2026-09-28T12:20:50.190Z	spark2	LOAD	23.278	4.124
2026-09-28T12:20:50.434Z	spark1	LOAD	20.470	7.530
2026-09-28T12:20:50.440Z	spark2	LOAD	23.278	4.124
2026-09-28T12:20:50.684Z	spark1	LOAD	20.430	7.530
2026-09-28T12:20:50.691Z	spark2	LOAD	23.278	4.124
2026-09-28T12:20:50.948Z	spark1	LOAD	20.401	7.530
2026-09-28T12:20:50.952Z	spark2	LOAD	23.280	4.124
2026-09-28T12:20:51.198Z	spark1	LOAD	20.361	7.530
2026-09-28T12:20:51.202Z	spark2	LOAD	23.280	4.124
2026-09-28T12:20:51.448Z	spark1	LOAD	20.333	7.530
2026-09-28T12:20:51.454Z	spark2	LOAD	23.280	4.124
2026-09-28T12:20:51.698Z	spark1	LOAD	20.285	7.530
2026-09-28T12:20:51.705Z	spark2	LOAD	23.280	4.124
2026-09-28T12:20:51.966Z	spark2	LOAD	23.281	4.124
2026-09-28T12:20:51.971Z	spark1	LOAD	20.259	7.530
2026-09-28T12:20:52.216Z	spark2	LOAD	23.281	4.124
2026-09-28T12:20:52.221Z	spark1	LOAD	20.220	7.530
2026-09-28T12:20:52.466Z	spark2	LOAD	23.281	4.124
2026-09-28T12:20:52.471Z	spark1	LOAD	20.166	7.530
2026-09-28T12:20:52.717Z	spark2	LOAD	23.281	4.124
2026-09-28T12:20:52.722Z	spark1	LOAD	20.131	7.530
2026-09-28T12:20:52.977Z	spark2	LOAD	23.282	4.124
2026-09-28T12:20:52.989Z	spark1	LOAD	20.096	7.530
2026-09-28T12:20:53.228Z	spark2	LOAD	23.282	4.124
2026-09-28T12:20:53.240Z	spark1	LOAD	20.057	7.530
2026-09-28T12:20:53.479Z	spark2	LOAD	23.282	4.124
2026-09-28T12:20:53.490Z	spark1	LOAD	20.024	7.530
2026-09-28T12:20:53.730Z	spark2	LOAD	23.282	4.124
2026-09-28T12:20:53.740Z	spark1	LOAD	19.991	7.530
2026-09-28T12:20:53.991Z	spark2	LOAD	23.282	4.124
2026-09-28T12:20:54.007Z	spark1	LOAD	19.947	7.530
2026-09-28T12:20:54.242Z	spark2	LOAD	23.282	4.124
2026-09-28T12:20:54.258Z	spark1	LOAD	19.910	7.530
2026-09-28T12:20:54.492Z	spark2	LOAD	23.282	4.124
2026-09-28T12:20:54.508Z	spark1	LOAD	19.866	7.529
2026-09-28T12:20:54.742Z	spark2	LOAD	23.282	4.124
2026-09-28T12:20:54.758Z	spark1	LOAD	19.820	7.529
2026-09-28T12:20:55.007Z	spark2	LOAD	23.282	4.124
2026-09-28T12:20:55.020Z	spark1	LOAD	19.781	7.529
2026-09-28T12:20:55.258Z	spark2	LOAD	23.282	4.124
2026-09-28T12:20:55.270Z	spark1	LOAD	19.742	7.529
2026-09-28T12:20:55.509Z	spark2	LOAD	23.290	4.124
2026-09-28T12:20:55.520Z	spark1	LOAD	19.693	7.529
2026-09-28T12:20:55.759Z	spark2	LOAD	23.290	4.124
2026-09-28T12:20:55.770Z	spark1	LOAD	19.653	7.529
2026-09-28T12:20:56.020Z	spark2	LOAD	23.291	4.124
2026-09-28T12:20:56.038Z	spark1	LOAD	19.591	7.529
2026-09-28T12:20:56.271Z	spark2	LOAD	23.291	4.124
2026-09-28T12:20:56.288Z	spark1	LOAD	19.514	7.529
2026-09-28T12:20:56.522Z	spark2	LOAD	23.275	4.124
2026-09-28T12:20:56.538Z	spark1	LOAD	19.460	7.529
2026-09-28T12:20:56.772Z	spark2	LOAD	23.264	4.124
2026-09-28T12:20:56.788Z	spark1	LOAD	19.428	7.529
2026-09-28T12:20:57.032Z	spark2	LOAD	23.267	4.124
2026-09-28T12:20:57.056Z	spark1	LOAD	19.385	7.529
2026-09-28T12:20:57.284Z	spark2	LOAD	23.267	4.124
2026-09-28T12:20:57.307Z	spark1	LOAD	19.339	7.529
2026-09-28T12:20:57.534Z	spark2	LOAD	23.267	4.124
2026-09-28T12:20:57.557Z	spark1	LOAD	19.311	7.529
2026-09-28T12:20:57.785Z	spark2	LOAD	23.267	4.124
2026-09-28T12:20:57.807Z	spark1	LOAD	19.274	7.529
2026-09-28T12:20:58.050Z	spark2	LOAD	23.268	4.124
2026-09-28T12:20:58.075Z	spark1	LOAD	19.247	7.529
2026-09-28T12:20:58.301Z	spark2	LOAD	23.268	4.124
2026-09-28T12:20:58.325Z	spark1	LOAD	19.220	7.529
2026-09-28T12:20:58.552Z	spark2	LOAD	23.268	4.124
2026-09-28T12:20:58.575Z	spark1	LOAD	19.179	7.529
2026-09-28T12:20:58.802Z	spark2	LOAD	23.268	4.124
2026-09-28T12:20:58.825Z	spark1	LOAD	19.135	7.529
2026-09-28T12:20:59.067Z	spark2	LOAD	23.269	4.124
2026-09-28T12:20:59.089Z	spark1	LOAD	19.103	7.529
2026-09-28T12:20:59.318Z	spark2	LOAD	23.269	4.124
2026-09-28T12:20:59.340Z	spark1	LOAD	19.052	7.529
2026-09-28T12:20:59.569Z	spark2	LOAD	23.269	4.124
2026-09-28T12:20:59.590Z	spark1	LOAD	19.044	7.529
2026-09-28T12:20:59.819Z	spark2	LOAD	23.269	4.124
2026-09-28T12:20:59.840Z	spark1	LOAD	19.017	7.529
2026-09-28T12:21:00.084Z	spark2	LOAD	23.269	4.124
2026-09-28T12:21:00.110Z	spark1	LOAD	18.973	7.529
2026-09-28T12:21:00.335Z	spark2	LOAD	23.269	4.124
2026-09-28T12:21:00.360Z	spark1	LOAD	18.940	7.529
2026-09-28T12:21:00.585Z	spark2	LOAD	23.269	4.124
2026-09-28T12:21:00.611Z	spark1	LOAD	18.911	7.529
2026-09-28T12:21:00.835Z	spark2	LOAD	23.269	4.124
2026-09-28T12:21:00.861Z	spark1	LOAD	18.844	7.529
2026-09-28T12:21:01.100Z	spark2	LOAD	23.269	4.124
2026-09-28T12:21:01.131Z	spark1	LOAD	18.814	7.529
2026-09-28T12:21:01.351Z	spark2	LOAD	23.269	4.124
2026-09-28T12:21:01.381Z	spark1	LOAD	18.789	7.529
2026-09-28T12:21:01.602Z	spark2	LOAD	23.269	4.124
2026-09-28T12:21:01.632Z	spark1	LOAD	18.760	7.529
2026-09-28T12:21:01.852Z	spark2	LOAD	23.269	4.124
2026-09-28T12:21:01.882Z	spark1	LOAD	18.712	7.529
2026-09-28T12:21:02.117Z	spark2	LOAD	23.269	4.124
2026-09-28T12:21:02.144Z	spark1	LOAD	18.685	7.529
2026-09-28T12:21:02.368Z	spark2	LOAD	23.269	4.124
2026-09-28T12:21:02.395Z	spark1	LOAD	18.654	7.529
2026-09-28T12:21:02.618Z	spark2	LOAD	23.269	4.124
2026-09-28T12:21:02.645Z	spark1	LOAD	19.339	7.529
2026-09-28T12:21:02.868Z	spark2	LOAD	23.269	4.124
2026-09-28T12:21:02.895Z	spark1	LOAD	20.817	7.529
2026-09-28T12:21:03.133Z	spark2	LOAD	23.271	4.124
2026-09-28T12:21:03.163Z	spark1	LOAD	21.856	7.529
2026-09-28T12:21:03.384Z	spark2	LOAD	23.271	4.124
2026-09-28T12:21:03.413Z	spark1	LOAD	21.831	7.529
2026-09-28T12:21:03.634Z	spark2	LOAD	23.271	4.124
2026-09-28T12:21:03.663Z	spark1	LOAD	21.802	7.529
2026-09-28T12:21:03.886Z	spark2	LOAD	23.272	4.124
2026-09-28T12:21:03.914Z	spark1	LOAD	21.748	7.529
2026-09-28T12:21:04.151Z	spark2	LOAD	23.272	4.124
2026-09-28T12:21:04.181Z	spark1	LOAD	21.719	7.529
2026-09-28T12:21:04.401Z	spark2	LOAD	23.272	4.124
2026-09-28T12:21:04.431Z	spark1	LOAD	21.696	7.529
2026-09-28T12:21:04.652Z	spark2	LOAD	23.272	4.124
2026-09-28T12:21:04.682Z	spark1	LOAD	21.667	7.529
2026-09-28T12:21:04.902Z	spark2	LOAD	23.274	4.124
2026-09-28T12:21:04.932Z	spark1	LOAD	21.620	7.529
2026-09-28T12:21:05.167Z	spark2	LOAD	23.273	4.124
2026-09-28T12:21:05.199Z	spark1	LOAD	21.594	7.529
2026-09-28T12:21:05.417Z	spark2	LOAD	23.273	4.124
2026-09-28T12:21:05.449Z	spark1	LOAD	21.555	7.529
2026-09-28T12:21:05.668Z	spark2	LOAD	23.274	4.124
2026-09-28T12:21:05.700Z	spark1	LOAD	21.530	7.529
2026-09-28T12:21:05.919Z	spark2	LOAD	23.275	4.124
2026-09-28T12:21:05.950Z	spark1	LOAD	21.484	7.529
2026-09-28T12:21:06.179Z	spark2	LOAD	23.275	4.124
2026-09-28T12:21:06.218Z	spark1	LOAD	21.453	7.529
2026-09-28T12:21:06.431Z	spark2	LOAD	23.275	4.124
2026-09-28T12:21:06.468Z	spark1	LOAD	22.166	7.529
2026-09-28T12:21:06.681Z	spark2	LOAD	23.275	4.124
2026-09-28T12:21:06.718Z	spark1	LOAD	22.151	7.529
2026-09-28T12:21:06.932Z	spark2	LOAD	23.276	4.124
2026-09-28T12:21:06.968Z	spark1	LOAD	22.077	7.532
2026-09-28T12:21:07.197Z	spark2	LOAD	23.276	4.124
2026-09-28T12:21:07.231Z	spark1	LOAD	21.975	7.532
2026-09-28T12:21:07.448Z	spark2	LOAD	23.276	4.124
2026-09-28T12:21:07.481Z	spark1	LOAD	21.531	7.532
2026-09-28T12:21:07.699Z	spark2	LOAD	23.276	4.124
2026-09-28T12:21:07.731Z	spark1	LOAD	22.018	7.532
2026-09-28T12:21:07.949Z	spark2	LOAD	23.268	4.124
2026-09-28T12:21:07.982Z	spark1	LOAD	21.953	7.532
2026-09-28T12:21:08.215Z	spark2	LOAD	23.288	4.124
2026-09-28T12:21:08.244Z	spark1	LOAD	21.820	7.532
2026-09-28T12:21:08.465Z	spark2	LOAD	23.288	4.124
2026-09-28T12:21:08.494Z	spark1	LOAD	21.791	7.532
2026-09-28T12:21:08.716Z	spark2	LOAD	23.288	4.124
2026-09-28T12:21:08.745Z	spark1	LOAD	21.760	7.532
2026-09-28T12:21:08.966Z	spark2	LOAD	23.288	4.124
2026-09-28T12:21:08.995Z	spark1	LOAD	21.691	7.532
2026-09-28T12:21:09.232Z	spark2	LOAD	23.287	4.124
2026-09-28T12:21:09.262Z	spark1	LOAD	21.660	7.532
2026-09-28T12:21:09.483Z	spark2	LOAD	23.287	4.124
2026-09-28T12:21:09.512Z	spark1	LOAD	21.631	7.532
2026-09-28T12:21:09.734Z	spark2	LOAD	23.287	4.124
2026-09-28T12:21:09.762Z	spark1	LOAD	21.597	7.532
2026-09-28T12:21:09.985Z	spark2	LOAD	23.287	4.124
2026-09-28T12:21:10.012Z	spark1	LOAD	21.570	7.532
2026-09-28T12:21:10.250Z	spark2	LOAD	23.287	4.124
2026-09-28T12:21:10.279Z	spark1	LOAD	21.536	7.532
2026-09-28T12:21:10.501Z	spark2	LOAD	23.287	4.124
2026-09-28T12:21:10.529Z	spark1	LOAD	21.493	7.532
2026-09-28T12:21:10.752Z	spark2	LOAD	23.287	4.124
2026-09-28T12:21:10.780Z	spark1	LOAD	21.466	7.532
2026-09-28T12:21:11.003Z	spark2	LOAD	23.287	4.124
2026-09-28T12:21:11.030Z	spark1	LOAD	21.417	7.532
2026-09-28T12:21:11.264Z	spark2	LOAD	23.287	4.124
2026-09-28T12:21:11.296Z	spark1	LOAD	21.391	7.532
2026-09-28T12:21:11.515Z	spark2	LOAD	23.287	4.124
2026-09-28T12:21:11.547Z	spark1	LOAD	21.361	7.532
2026-09-28T12:21:11.765Z	spark2	LOAD	23.287	4.124
2026-09-28T12:21:11.797Z	spark1	LOAD	21.331	7.532
2026-09-28T12:21:12.015Z	spark2	LOAD	23.287	4.124
2026-09-28T12:21:12.047Z	spark1	LOAD	21.296	7.532
2026-09-28T12:21:12.280Z	spark2	LOAD	23.287	4.124
2026-09-28T12:21:12.314Z	spark1	LOAD	21.254	7.532
2026-09-28T12:21:12.531Z	spark2	LOAD	23.287	4.124
2026-09-28T12:21:12.564Z	spark1	LOAD	21.225	7.532
2026-09-28T12:21:12.782Z	spark2	LOAD	23.287	4.124
2026-09-28T12:21:12.815Z	spark1	LOAD	21.198	7.532
2026-09-28T12:21:13.033Z	spark2	LOAD	23.289	4.124
2026-09-28T12:21:13.065Z	spark1	LOAD	21.144	7.532
2026-09-28T12:21:13.294Z	spark2	LOAD	23.289	4.124
2026-09-28T12:21:13.332Z	spark1	LOAD	21.110	7.532
2026-09-28T12:21:13.545Z	spark2	LOAD	23.289	4.124
2026-09-28T12:21:13.582Z	spark1	LOAD	21.080	7.532
2026-09-28T12:21:13.795Z	spark2	LOAD	23.289	4.124
2026-09-28T12:21:13.832Z	spark1	LOAD	21.048	7.532
2026-09-28T12:21:14.046Z	spark2	LOAD	23.291	4.124
2026-09-28T12:21:14.082Z	spark1	LOAD	21.017	7.532
2026-09-28T12:21:14.306Z	spark2	LOAD	23.291	4.124
2026-09-28T12:21:14.344Z	spark1	LOAD	20.982	7.532
2026-09-28T12:21:14.557Z	spark2	LOAD	23.291	4.124
2026-09-28T12:21:14.595Z	spark1	LOAD	20.951	7.532
2026-09-28T12:21:14.807Z	spark2	LOAD	23.291	4.124
2026-09-28T12:21:14.845Z	spark1	LOAD	20.918	7.532
2026-09-28T12:21:15.058Z	spark2	LOAD	23.292	4.124
2026-09-28T12:21:15.095Z	spark1	LOAD	20.864	7.532
2026-09-28T12:21:15.320Z	spark2	LOAD	23.292	4.124
2026-09-28T12:21:15.363Z	spark1	LOAD	20.828	7.532
2026-09-28T12:21:15.571Z	spark2	LOAD	23.292	4.124
2026-09-28T12:21:15.613Z	spark1	LOAD	20.784	7.532
2026-09-28T12:21:15.822Z	spark2	LOAD	23.292	4.124
2026-09-28T12:21:15.863Z	spark1	LOAD	20.756	7.532
2026-09-28T12:21:16.072Z	spark2	LOAD	23.293	4.124
2026-09-28T12:21:16.114Z	spark1	LOAD	20.726	7.532
2026-09-28T12:21:16.333Z	spark2	LOAD	23.293	4.124
2026-09-28T12:21:16.375Z	spark1	LOAD	20.692	7.532
2026-09-28T12:21:16.584Z	spark2	LOAD	23.293	4.124
2026-09-28T12:21:16.626Z	spark1	LOAD	20.662	7.532
2026-09-28T12:21:16.835Z	spark2	LOAD	23.293	4.124
2026-09-28T12:21:16.876Z	spark1	LOAD	20.633	7.532
2026-09-28T12:21:17.086Z	spark2	LOAD	23.293	4.124
2026-09-28T12:21:17.126Z	spark1	LOAD	20.571	7.532
2026-09-28T12:21:17.347Z	spark2	LOAD	23.293	4.124
2026-09-28T12:21:17.394Z	spark1	LOAD	20.535	7.532
2026-09-28T12:21:17.597Z	spark2	LOAD	23.293	4.124
2026-09-28T12:21:17.644Z	spark1	LOAD	20.508	7.532
2026-09-28T12:21:17.848Z	spark2	LOAD	23.293	4.124
2026-09-28T12:21:17.894Z	spark1	LOAD	20.480	7.532
2026-09-28T12:21:18.099Z	spark2	LOAD	23.293	4.124
2026-09-28T12:21:18.144Z	spark1	LOAD	20.448	7.532
2026-09-28T12:21:18.364Z	spark2	LOAD	23.293	4.124
2026-09-28T12:21:18.407Z	spark1	LOAD	20.391	7.532
2026-09-28T12:21:18.613Z	spark2	LOAD	23.293	4.124
2026-09-28T12:21:18.657Z	spark1	LOAD	20.365	7.532
2026-09-28T12:21:18.864Z	spark2	LOAD	23.274	4.124
2026-09-28T12:21:18.908Z	spark1	LOAD	20.336	7.532
2026-09-28T12:21:19.115Z	spark2	LOAD	23.292	4.124
2026-09-28T12:21:19.158Z	spark1	LOAD	20.278	7.532
2026-09-28T12:21:19.380Z	spark2	LOAD	23.292	4.124
2026-09-28T12:21:19.425Z	spark1	LOAD	20.226	7.532
2026-09-28T12:21:19.631Z	spark2	LOAD	23.292	4.124
2026-09-28T12:21:19.676Z	spark1	LOAD	20.199	7.532
2026-09-28T12:21:19.882Z	spark2	LOAD	23.292	4.124
2026-09-28T12:21:19.926Z	spark1	LOAD	20.276	7.532
2026-09-28T12:21:20.132Z	spark2	LOAD	23.292	4.124
2026-09-28T12:21:20.176Z	spark1	LOAD	20.220	7.532
2026-09-28T12:21:20.397Z	spark2	LOAD	23.292	4.124
2026-09-28T12:21:20.444Z	spark1	LOAD	19.712	7.532
2026-09-28T12:21:20.648Z	spark2	LOAD	23.292	4.124
2026-09-28T12:21:20.695Z	spark1	LOAD	19.592	7.532
2026-09-28T12:21:20.898Z	spark2	LOAD	23.292	4.124
2026-09-28T12:21:20.945Z	spark1	LOAD	19.559	7.532
2026-09-28T12:21:21.149Z	spark2	LOAD	23.293	4.124
2026-09-28T12:21:21.195Z	spark1	LOAD	19.529	7.532
2026-09-28T12:21:21.409Z	spark2	LOAD	23.293	4.124
2026-09-28T12:21:21.458Z	spark1	LOAD	19.464	7.532
2026-09-28T12:21:21.659Z	spark2	LOAD	23.293	4.124
2026-09-28T12:21:21.708Z	spark1	LOAD	19.434	7.532
2026-09-28T12:21:21.910Z	spark2	LOAD	23.294	4.124
2026-09-28T12:21:21.959Z	spark1	LOAD	19.404	7.532
2026-09-28T12:21:22.161Z	spark2	LOAD	23.294	4.124
2026-09-28T12:21:22.210Z	spark1	LOAD	19.374	7.532
2026-09-28T12:21:22.422Z	spark2	LOAD	23.294	4.124
2026-09-28T12:21:22.478Z	spark1	LOAD	19.988	7.532
2026-09-28T12:21:22.672Z	spark2	LOAD	23.294	4.124
2026-09-28T12:21:22.728Z	spark1	LOAD	19.951	7.532
2026-09-28T12:21:22.923Z	spark2	LOAD	23.294	4.124
2026-09-28T12:21:22.979Z	spark1	LOAD	19.930	7.532
2026-09-28T12:21:23.174Z	spark2	LOAD	23.294	4.124
2026-09-28T12:21:23.229Z	spark1	LOAD	19.888	7.532
2026-09-28T12:21:23.435Z	spark2	LOAD	23.294	4.124
2026-09-28T12:21:23.497Z	spark1	LOAD	19.834	7.532
2026-09-28T12:21:23.686Z	spark2	LOAD	23.294	4.124
2026-09-28T12:21:23.747Z	spark1	LOAD	19.785	7.532
2026-09-28T12:21:23.936Z	spark2	LOAD	23.294	4.124
2026-09-28T12:21:23.997Z	spark1	LOAD	19.754	7.532
2026-09-28T12:21:24.187Z	spark2	LOAD	23.294	4.124
2026-09-28T12:21:24.248Z	spark1	LOAD	19.720	7.532
2026-09-28T12:21:24.452Z	spark2	LOAD	23.294	4.124
2026-09-28T12:21:24.515Z	spark1	LOAD	19.687	7.532
2026-09-28T12:21:24.703Z	spark2	LOAD	23.294	4.124
2026-09-28T12:21:24.765Z	spark1	LOAD	19.656	7.532
2026-09-28T12:21:24.954Z	spark2	LOAD	23.294	4.124
2026-09-28T12:21:25.015Z	spark1	LOAD	19.641	7.532
2026-09-28T12:21:25.204Z	spark2	LOAD	23.294	4.124
2026-09-28T12:21:25.266Z	spark1	LOAD	19.598	7.532
2026-09-28T12:21:25.465Z	spark2	LOAD	23.294	4.124
2026-09-28T12:21:25.528Z	spark1	LOAD	19.532	7.532
2026-09-28T12:21:25.716Z	spark2	LOAD	23.294	4.124
2026-09-28T12:21:25.778Z	spark1	LOAD	19.500	7.532
2026-09-28T12:21:25.966Z	spark2	LOAD	23.294	4.124
2026-09-28T12:21:26.028Z	spark1	LOAD	19.470	7.532
2026-09-28T12:21:26.217Z	spark2	LOAD	23.294	4.124
2026-09-28T12:21:26.279Z	spark1	LOAD	19.445	7.532
2026-09-28T12:21:26.483Z	spark2	LOAD	23.294	4.124
2026-09-28T12:21:26.546Z	spark1	LOAD	19.412	7.532
2026-09-28T12:21:26.733Z	spark2	LOAD	23.294	4.124
2026-09-28T12:21:26.796Z	spark1	LOAD	19.371	7.532
2026-09-28T12:21:26.984Z	spark2	LOAD	23.295	4.124
2026-09-28T12:21:27.047Z	spark1	LOAD	19.337	7.532
2026-09-28T12:21:27.235Z	spark2	LOAD	23.295	4.124
2026-09-28T12:21:27.298Z	spark1	LOAD	20.225	7.532
2026-09-28T12:21:27.499Z	spark2	LOAD	23.295	4.124
2026-09-28T12:21:27.560Z	spark1	LOAD	21.664	7.532
2026-09-28T12:21:27.750Z	spark2	LOAD	23.295	4.124
2026-09-28T12:21:27.810Z	spark1	LOAD	22.606	7.532
2026-09-28T12:21:28.001Z	spark2	LOAD	23.295	4.124
2026-09-28T12:21:28.060Z	spark1	LOAD	22.573	7.532
2026-09-28T12:21:28.251Z	spark2	LOAD	23.295	4.124
2026-09-28T12:21:28.311Z	spark1	LOAD	22.541	7.532
2026-09-28T12:21:28.511Z	spark2	LOAD	23.295	4.124
2026-09-28T12:21:28.574Z	spark1	LOAD	22.509	7.532
2026-09-28T12:21:28.762Z	spark2	LOAD	23.295	4.124
2026-09-28T12:21:28.824Z	spark1	LOAD	22.481	7.532
2026-09-28T12:21:29.013Z	spark2	LOAD	23.294	4.124
2026-09-28T12:21:29.074Z	spark1	LOAD	22.449	7.532
2026-09-28T12:21:29.263Z	spark2	LOAD	23.294	4.124
2026-09-28T12:21:29.324Z	spark1	LOAD	22.361	7.532
2026-09-28T12:21:29.523Z	spark2	LOAD	23.294	4.124
2026-09-28T12:21:29.592Z	spark1	LOAD	22.300	7.532
2026-09-28T12:21:29.773Z	spark2	LOAD	23.278	4.124
2026-09-28T12:21:29.843Z	spark1	LOAD	22.274	7.532
2026-09-28T12:21:30.024Z	spark2	LOAD	23.289	4.124
2026-09-28T12:21:30.093Z	spark1	LOAD	22.260	7.532
2026-09-28T12:21:30.275Z	spark2	LOAD	23.289	4.124
2026-09-28T12:21:30.343Z	spark1	LOAD	22.218	7.532
2026-09-28T12:21:30.540Z	spark2	LOAD	23.289	4.124
2026-09-28T12:21:30.605Z	spark1	LOAD	22.180	7.532
2026-09-28T12:21:30.791Z	spark2	LOAD	23.289	4.124
2026-09-28T12:21:30.856Z	spark1	LOAD	22.150	7.532
2026-09-28T12:21:31.042Z	spark2	LOAD	23.290	4.124
2026-09-28T12:21:31.106Z	spark1	LOAD	22.123	7.532
2026-09-28T12:21:31.293Z	spark2	LOAD	23.290	4.124
2026-09-28T12:21:31.356Z	spark1	LOAD	22.096	7.532
2026-09-28T12:21:31.554Z	spark2	LOAD	23.290	4.124
2026-09-28T12:21:31.619Z	spark1	LOAD	22.035	7.532
2026-09-28T12:21:31.805Z	spark2	LOAD	23.290	4.124
2026-09-28T12:21:31.869Z	spark1	LOAD	22.011	7.532
2026-09-28T12:21:32.055Z	spark2	LOAD	23.291	4.124
2026-09-28T12:21:32.120Z	spark1	LOAD	21.985	7.532
2026-09-28T12:21:32.306Z	spark2	LOAD	23.291	4.124
2026-09-28T12:21:32.370Z	spark1	LOAD	21.965	7.532
2026-09-28T12:21:32.567Z	spark2	LOAD	23.291	4.124
2026-09-28T12:21:32.639Z	spark1	LOAD	21.929	7.532
2026-09-28T12:21:32.818Z	spark2	LOAD	23.291	4.124
2026-09-28T12:21:32.889Z	spark1	LOAD	21.901	7.532
2026-09-28T12:21:33.069Z	spark2	LOAD	23.292	4.124
2026-09-28T12:21:33.139Z	spark1	LOAD	21.874	7.532
2026-09-28T12:21:33.320Z	spark2	LOAD	23.292	4.124
2026-09-28T12:21:33.390Z	spark1	LOAD	21.846	7.532
2026-09-28T12:21:33.581Z	spark2	LOAD	23.292	4.124
2026-09-28T12:21:33.652Z	spark1	LOAD	21.786	7.532
2026-09-28T12:21:33.831Z	spark2	LOAD	23.292	4.124
2026-09-28T12:21:33.902Z	spark1	LOAD	21.759	7.532
2026-09-28T12:21:34.082Z	spark2	LOAD	23.292	4.124
2026-09-28T12:21:34.152Z	spark1	LOAD	21.726	7.532
2026-09-28T12:21:34.333Z	spark2	LOAD	23.292	4.124
2026-09-28T12:21:34.403Z	spark1	LOAD	21.693	7.532
2026-09-28T12:21:34.596Z	spark2	LOAD	23.292	4.124
2026-09-28T12:21:34.670Z	spark1	LOAD	21.659	7.532
2026-09-28T12:21:34.848Z	spark2	LOAD	23.292	4.124
2026-09-28T12:21:34.920Z	spark1	LOAD	21.618	7.532
2026-09-28T12:21:35.099Z	spark2	LOAD	23.292	4.124
2026-09-28T12:21:35.171Z	spark1	LOAD	21.589	7.532
2026-09-28T12:21:35.350Z	spark2	LOAD	23.292	4.124
2026-09-28T12:21:35.421Z	spark1	LOAD	21.550	7.532
2026-09-28T12:21:35.614Z	spark2	LOAD	23.292	4.124
2026-09-28T12:21:35.684Z	spark1	LOAD	21.483	7.532
2026-09-28T12:21:35.866Z	spark2	LOAD	23.292	4.124
2026-09-28T12:21:35.934Z	spark1	LOAD	21.458	7.532
2026-09-28T12:21:36.117Z	spark2	LOAD	23.292	4.124
2026-09-28T12:21:36.184Z	spark1	LOAD	21.419	7.532
2026-09-28T12:21:36.368Z	spark2	LOAD	23.292	4.124
2026-09-28T12:21:36.435Z	spark1	LOAD	21.382	7.532
2026-09-28T12:21:36.634Z	spark2	LOAD	23.292	4.124
2026-09-28T12:21:36.697Z	spark1	LOAD	21.352	7.532
2026-09-28T12:21:36.885Z	spark2	LOAD	23.292	4.124
2026-09-28T12:21:36.948Z	spark1	LOAD	21.317	7.532
2026-09-28T12:21:37.136Z	spark2	LOAD	23.292	4.124
2026-09-28T12:21:37.198Z	spark1	LOAD	21.279	7.532
2026-09-28T12:21:37.386Z	spark2	LOAD	23.292	4.124
2026-09-28T12:21:37.448Z	spark1	LOAD	21.241	7.532
2026-09-28T12:21:37.651Z	spark2	LOAD	23.291	4.124
2026-09-28T12:21:37.716Z	spark1	LOAD	21.174	7.532
2026-09-28T12:21:37.901Z	spark2	LOAD	23.291	4.124
2026-09-28T12:21:37.966Z	spark1	LOAD	21.143	7.532
2026-09-28T12:21:38.152Z	spark2	LOAD	23.291	4.124
2026-09-28T12:21:38.216Z	spark1	LOAD	21.113	7.532
2026-09-28T12:21:38.403Z	spark2	LOAD	23.291	4.124
2026-09-28T12:21:38.466Z	spark1	LOAD	21.085	7.532
2026-09-28T12:21:38.664Z	spark2	LOAD	23.291	4.124
2026-09-28T12:21:38.730Z	spark1	LOAD	21.051	7.531
2026-09-28T12:21:38.915Z	spark2	LOAD	23.291	4.124
2026-09-28T12:21:38.980Z	spark1	LOAD	21.017	7.531
2026-09-28T12:21:39.165Z	spark2	LOAD	23.291	4.124
2026-09-28T12:21:39.230Z	spark1	LOAD	20.977	7.531
2026-09-28T12:21:39.416Z	spark2	LOAD	23.291	4.124
2026-09-28T12:21:39.481Z	spark1	LOAD	20.942	7.531
2026-09-28T12:21:39.681Z	spark2	LOAD	23.291	4.124
2026-09-28T12:21:39.749Z	spark1	LOAD	20.868	7.531
2026-09-28T12:21:39.932Z	spark2	LOAD	23.291	4.124
2026-09-28T12:21:40.000Z	spark1	LOAD	20.829	7.531
2026-09-28T12:21:40.183Z	spark2	LOAD	23.291	4.124
2026-09-28T12:21:40.250Z	spark1	LOAD	20.775	7.531
2026-09-28T12:21:40.433Z	spark2	LOAD	23.291	4.124
2026-09-28T12:21:40.500Z	spark1	LOAD	20.740	7.531
2026-09-28T12:21:40.693Z	spark2	LOAD	23.275	4.124
2026-09-28T12:21:40.767Z	spark1	LOAD	20.483	7.531
2026-09-28T12:21:40.944Z	spark2	LOAD	23.290	4.124
2026-09-28T12:21:41.018Z	spark1	LOAD	20.138	7.531
2026-09-28T12:21:41.195Z	spark2	LOAD	23.290	4.124
2026-09-28T12:21:41.268Z	spark1	LOAD	20.098	7.531
2026-09-28T12:21:41.446Z	spark2	LOAD	23.290	4.124
2026-09-28T12:21:41.518Z	spark1	LOAD	20.020	7.531
2026-09-28T12:21:41.708Z	spark2	LOAD	23.290	4.124
2026-09-28T12:21:41.784Z	spark1	LOAD	19.945	7.531
2026-09-28T12:21:41.958Z	spark2	LOAD	23.291	4.124
2026-09-28T12:21:42.035Z	spark1	LOAD	20.582	7.531
2026-09-28T12:21:42.209Z	spark2	LOAD	23.291	4.124
2026-09-28T12:21:42.285Z	spark1	LOAD	20.535	7.531
2026-09-28T12:21:42.459Z	spark2	LOAD	23.291	4.124
2026-09-28T12:21:42.535Z	spark1	LOAD	20.486	7.531
2026-09-28T12:21:42.724Z	spark2	LOAD	23.291	4.124
2026-09-28T12:21:42.803Z	spark1	LOAD	20.469	7.531
2026-09-28T12:21:42.976Z	spark2	LOAD	23.291	4.124
2026-09-28T12:21:43.053Z	spark1	LOAD	20.422	7.531
2026-09-28T12:21:43.225Z	spark2	LOAD	23.291	4.124
2026-09-28T12:21:43.303Z	spark1	LOAD	20.382	7.531
2026-09-28T12:21:43.477Z	spark2	LOAD	23.291	4.124
2026-09-28T12:21:43.554Z	spark1	LOAD	20.341	7.531
2026-09-28T12:21:43.738Z	spark2	LOAD	23.291	4.124
2026-09-28T12:21:43.817Z	spark1	LOAD	20.040	7.532
2026-09-28T12:21:43.989Z	spark2	LOAD	23.291	4.124
2026-09-28T12:21:44.067Z	spark1	LOAD	20.243	7.532
2026-09-28T12:21:44.240Z	spark2	LOAD	23.291	4.124
2026-09-28T12:21:44.317Z	spark1	LOAD	20.201	7.532
2026-09-28T12:21:44.490Z	spark2	LOAD	23.291	4.124
2026-09-28T12:21:44.567Z	spark1	LOAD	20.167	7.532
2026-09-28T12:21:44.750Z	spark2	LOAD	23.291	4.124
2026-09-28T12:21:44.835Z	spark1	LOAD	20.105	7.532
2026-09-28T12:21:45.002Z	spark2	LOAD	23.291	4.124
2026-09-28T12:21:45.085Z	spark1	LOAD	20.093	7.532
2026-09-28T12:21:45.252Z	spark2	LOAD	23.291	4.124
2026-09-28T12:21:45.335Z	spark1	LOAD	20.057	7.532
2026-09-28T12:21:45.503Z	spark2	LOAD	23.291	4.124
2026-09-28T12:21:45.586Z	spark1	LOAD	19.988	7.532
2026-09-28T12:21:45.764Z	spark2	LOAD	23.291	4.124
2026-09-28T12:21:45.848Z	spark1	LOAD	19.972	7.532
2026-09-28T12:21:46.014Z	spark2	LOAD	23.291	4.124
2026-09-28T12:21:46.099Z	spark1	LOAD	19.351	7.532
2026-09-28T12:21:46.265Z	spark2	LOAD	23.291	4.124
2026-09-28T12:21:46.349Z	spark1	LOAD	19.924	7.532
2026-09-28T12:21:46.516Z	spark2	LOAD	23.291	4.124
2026-09-28T12:21:46.600Z	spark1	LOAD	19.884	7.532
2026-09-28T12:21:46.777Z	spark2	LOAD	23.291	4.124
2026-09-28T12:21:46.861Z	spark1	LOAD	19.839	7.532
2026-09-28T12:21:47.028Z	spark2	LOAD	23.292	4.124
2026-09-28T12:21:47.111Z	spark1	LOAD	19.804	7.532
2026-09-28T12:21:47.278Z	spark2	LOAD	23.292	4.124
2026-09-28T12:21:47.362Z	spark1	LOAD	19.765	7.532
2026-09-28T12:21:47.529Z	spark2	LOAD	23.292	4.124
2026-09-28T12:21:47.612Z	spark1	LOAD	19.725	7.532
2026-09-28T12:21:47.790Z	spark2	LOAD	23.292	4.124
2026-09-28T12:21:47.875Z	spark1	LOAD	19.253	7.532
2026-09-28T12:21:48.041Z	spark2	LOAD	23.292	4.124
2026-09-28T12:21:48.125Z	spark1	LOAD	19.625	7.532
2026-09-28T12:21:48.292Z	spark2	LOAD	23.292	4.124
2026-09-28T12:21:48.375Z	spark1	LOAD	19.587	7.532
2026-09-28T12:21:48.543Z	spark2	LOAD	23.292	4.124
2026-09-28T12:21:48.626Z	spark1	LOAD	19.549	7.532
2026-09-28T12:21:48.803Z	spark2	LOAD	23.291	4.124
2026-09-28T12:21:48.888Z	spark1	LOAD	19.187	7.532
2026-09-28T12:21:49.054Z	spark2	LOAD	23.291	4.124
2026-09-28T12:21:49.138Z	spark1	LOAD	19.494	7.532
2026-09-28T12:21:49.304Z	spark2	LOAD	23.291	4.124
2026-09-28T12:21:49.389Z	spark1	LOAD	19.190	7.532
2026-09-28T12:21:49.555Z	spark2	LOAD	23.291	4.124
2026-09-28T12:21:49.639Z	spark1	LOAD	18.819	7.532
2026-09-28T12:21:49.816Z	spark2	LOAD	23.291	4.124
2026-09-28T12:21:49.906Z	spark1	LOAD	20.049	7.532
2026-09-28T12:21:50.067Z	spark2	LOAD	23.291	4.124
2026-09-28T12:21:50.156Z	spark1	LOAD	22.199	7.532
2026-09-28T12:21:50.318Z	spark2	LOAD	23.291	4.124
2026-09-28T12:21:50.407Z	spark1	LOAD	22.661	7.532
2026-09-28T12:21:50.569Z	spark2	LOAD	23.291	4.124
2026-09-28T12:21:50.657Z	spark1	LOAD	22.636	7.523
2026-09-28T12:21:50.830Z	spark2	LOAD	23.291	4.124
2026-09-28T12:21:50.924Z	spark1	LOAD	22.605	7.513
2026-09-28T12:21:51.081Z	spark2	LOAD	23.291	4.124
2026-09-28T12:21:51.175Z	spark1	LOAD	22.484	7.512
2026-09-28T12:21:51.330Z	spark2	LOAD	23.290	4.124
2026-09-28T12:21:51.425Z	spark1	LOAD	22.312	7.512
2026-09-28T12:21:51.581Z	spark2	LOAD	23.272	4.124
2026-09-28T12:21:51.675Z	spark1	LOAD	22.196	7.512
2026-09-28T12:21:51.841Z	spark2	LOAD	23.280	4.124
2026-09-28T12:21:51.938Z	spark1	LOAD	22.132	7.512
2026-09-28T12:21:52.091Z	spark2	LOAD	23.278	4.124
2026-09-28T12:21:52.188Z	spark1	LOAD	20.262	7.512
2026-09-28T12:21:52.342Z	spark2	LOAD	23.278	4.124
2026-09-28T12:21:52.439Z	spark1	LOAD	19.060	7.515
2026-09-28T12:21:52.593Z	spark2	LOAD	23.278	4.124
2026-09-28T12:21:52.689Z	spark1	LOAD	18.583	7.515
2026-09-28T12:21:52.857Z	spark2	LOAD	23.278	4.124
2026-09-28T12:21:52.958Z	spark1	LOAD	17.394	7.516
2026-09-28T12:21:53.109Z	spark2	LOAD	23.280	4.124
2026-09-28T12:21:53.208Z	spark1	LOAD	16.581	7.517
2026-09-28T12:21:53.359Z	spark2	LOAD	23.280	4.124
2026-09-28T12:21:53.459Z	spark1	LOAD	15.478	7.520
2026-09-28T12:21:53.610Z	spark2	LOAD	23.280	4.124
2026-09-28T12:21:53.710Z	spark1	LOAD	14.808	7.520
2026-09-28T12:21:53.871Z	spark2	LOAD	23.280	4.124
2026-09-28T12:21:53.976Z	spark1	LOAD	20.675	7.520
2026-09-28T12:21:54.122Z	spark2	LOAD	23.282	4.124
2026-09-28T12:21:54.226Z	spark1	LOAD	15.197	7.520
2026-09-28T12:21:54.372Z	spark2	LOAD	23.282	4.124
2026-09-28T12:21:54.477Z	spark1	LOAD	14.554	7.520
2026-09-28T12:21:54.623Z	spark2	LOAD	23.282	4.124
2026-09-28T12:21:54.727Z	spark1	LOAD	20.555	7.520
2026-09-28T12:21:54.884Z	spark2	LOAD	23.284	4.124
2026-09-28T12:21:54.997Z	spark1	LOAD	14.908	7.520
2026-09-28T12:21:55.134Z	spark2	LOAD	23.284	4.124
2026-09-28T12:21:55.248Z	spark1	LOAD	16.598	7.520
2026-09-28T12:21:55.385Z	spark2	LOAD	23.284	4.124
2026-09-28T12:21:55.498Z	spark1	LOAD	18.985	7.520
2026-09-28T12:21:55.635Z	spark2	LOAD	23.284	4.124
2026-09-28T12:21:55.749Z	spark1	LOAD	14.895	7.520
2026-09-28T12:21:55.900Z	spark2	LOAD	23.285	4.124
2026-09-28T12:21:56.012Z	spark1	LOAD	16.804	7.520
2026-09-28T12:21:56.151Z	spark2	LOAD	23.285	4.124
2026-09-28T12:21:56.262Z	spark1	LOAD	18.509	7.520
2026-09-28T12:21:56.401Z	spark2	LOAD	23.285	4.124
2026-09-28T12:21:56.513Z	spark1	LOAD	14.581	7.520
2026-09-28T12:21:56.652Z	spark2	LOAD	23.285	4.124
2026-09-28T12:21:56.764Z	spark1	LOAD	20.853	7.520
2026-09-28T12:21:56.912Z	spark2	LOAD	23.288	4.124
2026-09-28T12:21:57.027Z	spark1	LOAD	14.900	7.520
2026-09-28T12:21:57.163Z	spark2	LOAD	23.288	4.124
2026-09-28T12:21:57.278Z	spark1	LOAD	17.501	7.520
2026-09-28T12:21:57.414Z	spark2	LOAD	23.288	4.124
2026-09-28T12:21:57.529Z	spark1	LOAD	17.634	7.520
2026-09-28T12:21:57.665Z	spark2	LOAD	23.288	4.124
2026-09-28T12:21:57.780Z	spark1	LOAD	14.546	7.520
2026-09-28T12:21:57.925Z	spark2	LOAD	23.288	4.124
2026-09-28T12:21:58.043Z	spark1	LOAD	19.345	7.520
2026-09-28T12:21:58.176Z	spark2	LOAD	23.288	4.124
2026-09-28T12:21:58.294Z	spark1	LOAD	14.797	7.520
2026-09-28T12:21:58.426Z	spark2	LOAD	23.288	4.124
2026-09-28T12:21:58.544Z	spark1	LOAD	21.157	7.520
2026-09-28T12:21:58.677Z	spark2	LOAD	23.288	4.124
2026-09-28T12:21:58.795Z	spark1	LOAD	14.899	7.520
2026-09-28T12:21:58.939Z	spark2	LOAD	23.288	4.124
2026-09-28T12:21:59.058Z	spark1	LOAD	17.149	7.520
2026-09-28T12:21:59.189Z	spark2	LOAD	23.288	4.124
2026-09-28T12:21:59.308Z	spark1	LOAD	17.618	7.520
2026-09-28T12:21:59.440Z	spark2	LOAD	23.288	4.124
2026-09-28T12:21:59.559Z	spark1	LOAD	14.534	7.520
2026-09-28T12:21:59.690Z	spark2	LOAD	23.288	4.124
2026-09-28T12:21:59.811Z	spark1	LOAD	19.584	7.520
2026-09-28T12:21:59.956Z	spark2	LOAD	23.288	4.124
2026-09-28T12:22:00.078Z	spark1	LOAD	14.761	7.520
2026-09-28T12:22:00.206Z	spark2	LOAD	23.288	4.124
2026-09-28T12:22:00.329Z	spark1	LOAD	20.431	7.520
2026-09-28T12:22:00.456Z	spark2	LOAD	23.288	4.124
2026-09-28T12:22:00.580Z	spark1	LOAD	14.861	7.520
2026-09-28T12:22:00.707Z	spark2	LOAD	23.288	4.124
2026-09-28T12:22:00.830Z	spark1	LOAD	19.500	7.519
2026-09-28T12:22:00.972Z	spark2	LOAD	23.288	4.124
2026-09-28T12:22:01.094Z	spark1	LOAD	16.011	7.519
2026-09-28T12:22:01.222Z	spark2	LOAD	23.288	4.124
2026-09-28T12:22:01.345Z	spark1	LOAD	15.411	7.519
2026-09-28T12:22:01.474Z	spark2	LOAD	23.288	4.124
2026-09-28T12:22:01.596Z	spark1	LOAD	18.320	7.519
2026-09-28T12:22:01.724Z	spark2	LOAD	23.288	4.124
2026-09-28T12:22:01.846Z	spark1	LOAD	14.558	7.519
2026-09-28T12:22:01.984Z	spark2	LOAD	23.288	4.124
2026-09-28T12:22:02.124Z	spark1	LOAD	19.422	7.519
2026-09-28T12:22:02.234Z	spark2	LOAD	23.288	4.124
2026-09-28T12:22:02.375Z	spark1	LOAD	14.767	7.519
2026-09-28T12:22:02.484Z	spark2	LOAD	23.260	4.124
2026-09-28T12:22:02.625Z	spark1	LOAD	20.764	7.519
2026-09-28T12:22:02.735Z	spark2	LOAD	23.260	4.124
2026-09-28T12:22:02.876Z	spark1	LOAD	14.841	7.519
2026-09-28T12:22:02.997Z	spark2	LOAD	23.256	4.124
2026-09-28T12:22:03.153Z	spark1	LOAD	20.612	7.519
2026-09-28T12:22:03.246Z	spark2	LOAD	23.256	4.124
2026-09-28T12:22:03.404Z	spark1	LOAD	15.728	7.519
2026-09-28T12:22:03.498Z	spark2	LOAD	23.256	4.124
2026-09-28T12:22:03.654Z	spark1	LOAD	15.882	7.519
2026-09-28T12:22:03.747Z	spark2	LOAD	23.256	4.124
2026-09-28T12:22:03.905Z	spark1	LOAD	17.936	7.519
2026-09-28T12:22:04.009Z	spark2	LOAD	23.260	4.124
2026-09-28T12:22:04.172Z	spark1	LOAD	14.493	7.519
2026-09-28T12:22:04.260Z	spark2	LOAD	23.260	4.124
2026-09-28T12:22:04.423Z	spark1	LOAD	19.041	7.519
2026-09-28T12:22:04.510Z	spark2	LOAD	23.260	4.124
2026-09-28T12:22:04.674Z	spark1	LOAD	14.792	7.519
2026-09-28T12:22:04.761Z	spark2	LOAD	23.260	4.124
2026-09-28T12:22:04.924Z	spark1	LOAD	20.456	7.518
2026-09-28T12:22:05.022Z	spark2	LOAD	23.264	4.124
2026-09-28T12:22:05.197Z	spark1	LOAD	14.876	7.518
2026-09-28T12:22:05.273Z	spark2	LOAD	23.264	4.124
2026-09-28T12:22:05.448Z	spark1	LOAD	21.532	7.518
2026-09-28T12:22:05.524Z	spark2	LOAD	23.264	4.124
2026-09-28T12:22:05.698Z	spark1	LOAD	15.234	7.518
2026-09-28T12:22:05.774Z	spark2	LOAD	23.264	4.124
2026-09-28T12:22:05.949Z	spark1	LOAD	16.679	7.518
2026-09-28T12:22:06.040Z	spark2	LOAD	23.265	4.124
2026-09-28T12:22:06.211Z	spark1	LOAD	17.252	7.518
2026-09-28T12:22:06.290Z	spark2	LOAD	23.265	4.124
2026-09-28T12:22:06.462Z	spark1	LOAD	14.486	7.518
2026-09-28T12:22:06.541Z	spark2	LOAD	23.265	4.124
2026-09-28T12:22:06.711Z	spark1	LOAD	19.282	7.518
2026-09-28T12:22:06.792Z	spark2	LOAD	23.268	4.124
2026-09-28T12:22:06.962Z	spark1	LOAD	14.762	7.518
2026-09-28T12:22:07.058Z	spark2	LOAD	23.267	4.124
2026-09-28T12:22:07.229Z	spark1	LOAD	20.165	7.518
2026-09-28T12:22:07.307Z	spark2	LOAD	23.267	4.124
2026-09-28T12:22:07.479Z	spark1	LOAD	14.882	7.518
2026-09-28T12:22:07.558Z	spark2	LOAD	23.267	4.124
2026-09-28T12:22:07.730Z	spark1	LOAD	21.326	7.518
2026-09-28T12:22:07.808Z	spark2	LOAD	23.267	4.124
2026-09-28T12:22:07.980Z	spark1	LOAD	14.892	7.518
2026-09-28T12:22:08.073Z	spark2	LOAD	23.270	4.124
2026-09-28T12:22:08.242Z	spark1	LOAD	18.069	7.518
2026-09-28T12:22:08.325Z	spark2	LOAD	23.270	4.124
2026-09-28T12:22:08.493Z	spark1	LOAD	17.564	7.518
2026-09-28T12:22:08.576Z	spark2	LOAD	23.270	4.124
2026-09-28T12:22:08.744Z	spark1	LOAD	14.556	7.518
2026-09-28T12:22:08.826Z	spark2	LOAD	23.270	4.124
2026-09-28T12:22:08.995Z	spark1	LOAD	20.151	7.518
2026-09-28T12:22:09.087Z	spark2	LOAD	23.274	4.124
2026-09-28T12:22:09.266Z	spark1	LOAD	14.867	7.518
2026-09-28T12:22:09.339Z	spark2	LOAD	23.274	4.124
2026-09-28T12:22:09.517Z	spark1	LOAD	21.110	7.518
2026-09-28T12:22:09.590Z	spark2	LOAD	23.274	4.124
2026-09-28T12:22:09.768Z	spark1	LOAD	16.562	7.518
2026-09-28T12:22:09.840Z	spark2	LOAD	23.274	4.124
2026-09-28T12:22:10.018Z	spark1	LOAD	14.512	7.518
2026-09-28T12:22:10.105Z	spark2	LOAD	23.276	4.124
2026-09-28T12:22:10.281Z	spark1	LOAD	19.577	7.518
2026-09-28T12:22:10.357Z	spark2	LOAD	23.276	4.124
2026-09-28T12:22:10.531Z	spark1	LOAD	14.887	7.518
2026-09-28T12:22:10.608Z	spark2	LOAD	23.278	4.124
2026-09-28T12:22:10.782Z	spark1	LOAD	21.524	7.518
2026-09-28T12:22:10.858Z	spark2	LOAD	23.278	4.124
2026-09-28T12:22:11.033Z	spark1	LOAD	16.589	7.518
2026-09-28T12:22:11.125Z	spark2	LOAD	23.279	4.124
2026-09-28T12:22:11.300Z	spark1	LOAD	14.905	7.518
2026-09-28T12:22:11.374Z	spark2	LOAD	23.279	4.124
2026-09-28T12:22:11.550Z	spark1	LOAD	19.380	7.518
2026-09-28T12:22:11.624Z	spark2	LOAD	23.279	4.124
2026-09-28T12:22:11.801Z	spark1	LOAD	14.832	7.518
2026-09-28T12:22:11.875Z	spark2	LOAD	23.279	4.124
2026-09-28T12:22:12.051Z	spark1	LOAD	15.911	7.518
2026-09-28T12:22:12.136Z	spark2	LOAD	23.281	4.124
2026-09-28T12:22:12.319Z	spark1	LOAD	18.528	7.518
2026-09-28T12:22:12.388Z	spark2	LOAD	23.281	4.124
2026-09-28T12:22:12.569Z	spark1	LOAD	16.087	7.518
2026-09-28T12:22:12.638Z	spark2	LOAD	23.281	4.124
2026-09-28T12:22:12.820Z	spark1	LOAD	16.088	7.518
2026-09-28T12:22:12.888Z	spark2	LOAD	23.281	4.124
2026-09-28T12:22:13.070Z	spark1	LOAD	16.040	7.518
2026-09-28T12:22:13.149Z	spark2	LOAD	23.283	4.124
2026-09-28T12:22:13.338Z	spark1	LOAD	16.036	7.518
2026-09-28T12:22:13.400Z	spark2	LOAD	23.283	4.124
2026-09-28T12:22:13.588Z	spark1	LOAD	16.033	7.518
2026-09-28T12:22:13.651Z	spark2	LOAD	23.283	4.124
2026-09-28T12:22:13.838Z	spark1	LOAD	16.049	7.518
2026-09-28T12:22:13.902Z	spark2	LOAD	23.283	4.124
2026-09-28T12:22:14.089Z	spark1	LOAD	16.044	7.518
2026-09-28T12:22:14.167Z	spark2	LOAD	23.285	4.124
2026-09-28T12:22:14.355Z	spark1	LOAD	16.023	7.518
2026-09-28T12:22:14.418Z	spark2	LOAD	23.285	4.124
2026-09-28T12:22:14.605Z	spark1	LOAD	15.960	7.518
2026-09-28T12:22:14.669Z	spark2	LOAD	23.285	4.124
2026-09-28T12:22:14.856Z	spark1	LOAD	15.682	7.518
2026-09-28T12:22:14.920Z	spark2	LOAD	23.287	4.124
2026-09-28T12:22:15.106Z	spark1	LOAD	15.538	7.518
2026-09-28T12:22:15.180Z	spark2	LOAD	23.287	4.124
2026-09-28T12:22:15.369Z	spark1	LOAD	15.535	7.518
2026-09-28T12:22:15.432Z	spark2	LOAD	23.287	4.124
2026-09-28T12:22:15.619Z	spark1	LOAD	15.535	7.518
2026-09-28T12:22:15.683Z	spark2	LOAD	23.287	4.124
2026-09-28T12:22:15.870Z	spark1	LOAD	15.526	7.518
2026-09-28T12:22:15.933Z	spark2	LOAD	23.287	4.124
2026-09-28T12:22:16.120Z	spark1	LOAD	15.525	7.518
2026-09-28T12:22:16.197Z	spark2	LOAD	23.287	4.124
2026-09-28T12:22:16.392Z	spark1	LOAD	15.523	7.518
2026-09-28T12:22:16.449Z	spark2	LOAD	23.287	4.124
2026-09-28T12:22:16.643Z	spark1	LOAD	15.523	7.518
2026-09-28T12:22:16.699Z	spark2	LOAD	23.287	4.124
2026-09-28T12:22:16.893Z	spark1	LOAD	15.399	7.518
2026-09-28T12:22:16.950Z	spark2	LOAD	23.287	4.124
2026-09-28T12:22:17.143Z	spark1	LOAD	15.503	7.519
2026-09-28T12:22:17.210Z	spark2	LOAD	23.287	4.124
2026-09-28T12:22:17.426Z	spark1	LOAD	16.896	7.519
2026-09-28T12:22:17.461Z	spark2	LOAD	23.288	4.124
2026-09-28T12:22:17.676Z	spark1	LOAD	19.048	7.519
2026-09-28T12:22:17.711Z	spark2	LOAD	23.287	4.124
2026-09-28T12:22:17.926Z	spark1	LOAD	15.020	7.519
2026-09-28T12:22:17.961Z	spark2	LOAD	23.293	4.124
2026-09-28T12:22:18.176Z	spark1	LOAD	15.020	7.519
2026-09-28T12:22:18.227Z	spark2	LOAD	23.293	4.124
2026-09-28T12:22:18.445Z	spark1	LOAD	15.017	7.519
2026-09-28T12:22:18.478Z	spark2	LOAD	23.293	4.124
2026-09-28T12:22:18.696Z	spark1	LOAD	15.017	7.519
2026-09-28T12:22:18.729Z	spark2	LOAD	23.293	4.124
2026-09-28T12:22:18.946Z	spark1	LOAD	15.014	7.519
2026-09-28T12:22:18.979Z	spark2	LOAD	23.293	4.124
2026-09-28T12:22:19.196Z	spark1	LOAD	14.982	7.519
2026-09-28T12:22:19.241Z	spark2	LOAD	23.293	4.124
2026-09-28T12:22:19.459Z	spark1	LOAD	14.986	7.519
2026-09-28T12:22:19.491Z	spark2	LOAD	23.293	4.124
2026-09-28T12:22:19.709Z	spark1	LOAD	14.984	7.519
2026-09-28T12:22:19.743Z	spark2	LOAD	23.293	4.124
2026-09-28T12:22:19.960Z	spark1	LOAD	14.983	7.519
2026-09-28T12:22:19.994Z	spark2	LOAD	23.293	4.124
2026-09-28T12:22:20.210Z	spark1	LOAD	14.983	7.519
2026-09-28T12:22:20.258Z	spark2	LOAD	23.293	4.124
2026-09-28T12:22:20.473Z	spark1	LOAD	14.996	7.519
2026-09-28T12:22:20.509Z	spark2	LOAD	23.293	4.124
2026-09-28T12:22:20.723Z	spark1	LOAD	14.972	7.519
2026-09-28T12:22:20.760Z	spark2	LOAD	23.293	4.124
2026-09-28T12:22:20.974Z	spark1	LOAD	14.752	7.519
2026-09-28T12:22:21.011Z	spark2	LOAD	23.294	4.124
2026-09-28T12:22:21.224Z	spark1	LOAD	14.749	7.519
2026-09-28T12:22:21.275Z	spark2	LOAD	23.294	4.124
2026-09-28T12:22:21.488Z	spark1	LOAD	14.746	7.519
2026-09-28T12:22:21.527Z	spark2	LOAD	23.294	4.124
2026-09-28T12:22:21.738Z	spark1	LOAD	14.746	7.519
2026-09-28T12:22:21.777Z	spark2	LOAD	23.294	4.124
2026-09-28T12:22:21.989Z	spark1	LOAD	14.746	7.519
2026-09-28T12:22:22.027Z	spark2	LOAD	23.294	4.124
2026-09-28T12:22:22.239Z	spark1	LOAD	14.745	7.519
2026-09-28T12:22:22.291Z	spark2	LOAD	23.294	4.124
2026-09-28T12:22:22.502Z	spark1	LOAD	14.745	7.519
2026-09-28T12:22:22.542Z	spark2	LOAD	23.294	4.124
2026-09-28T12:22:22.753Z	spark1	LOAD	14.682	7.519
2026-09-28T12:22:22.793Z	spark2	LOAD	23.294	4.124
2026-09-28T12:22:23.004Z	spark1	LOAD	14.687	7.519
2026-09-28T12:22:23.044Z	spark2	LOAD	23.294	4.124
2026-09-28T12:22:23.254Z	spark1	LOAD	14.687	7.519
2026-09-28T12:22:23.308Z	spark2	LOAD	23.294	4.124
2026-09-28T12:22:23.517Z	spark1	LOAD	14.683	7.519
2026-09-28T12:22:23.560Z	spark2	LOAD	23.294	4.124
2026-09-28T12:22:23.768Z	spark1	LOAD	14.682	7.519
2026-09-28T12:22:23.810Z	spark2	LOAD	23.294	4.124
2026-09-28T12:22:24.018Z	spark1	LOAD	14.680	7.519
2026-09-28T12:22:24.060Z	spark2	LOAD	23.294	4.124
2026-09-28T12:22:24.269Z	spark1	LOAD	14.677	7.519
2026-09-28T12:22:24.326Z	spark2	LOAD	23.294	4.124
2026-09-28T12:22:24.531Z	spark1	LOAD	14.652	7.519
2026-09-28T12:22:24.576Z	spark2	LOAD	23.294	4.124
2026-09-28T12:22:24.781Z	spark1	LOAD	14.619	7.519
2026-09-28T12:22:24.828Z	spark2	LOAD	23.294	4.124
2026-09-28T12:22:25.032Z	spark1	LOAD	14.660	7.519
2026-09-28T12:22:25.079Z	spark2	LOAD	23.294	4.124
2026-09-28T12:22:25.283Z	spark1	LOAD	14.660	7.519
2026-09-28T12:22:25.343Z	spark2	LOAD	23.294	4.124
2026-09-28T12:22:25.546Z	spark1	LOAD	14.658	7.519
2026-09-28T12:22:25.594Z	spark2	LOAD	23.294	4.124
2026-09-28T12:22:25.796Z	spark1	LOAD	14.607	7.519
2026-09-28T12:22:25.845Z	spark2	LOAD	23.294	4.124
2026-09-28T12:22:26.047Z	spark1	LOAD	14.661	7.519
2026-09-28T12:22:26.096Z	spark2	LOAD	23.294	4.124
2026-09-28T12:22:26.297Z	spark1	LOAD	14.658	7.519
2026-09-28T12:22:26.361Z	spark2	LOAD	23.294	4.124
2026-09-28T12:22:26.564Z	spark1	LOAD	14.653	7.519
2026-09-28T12:22:26.612Z	spark2	LOAD	23.294	4.124
2026-09-28T12:22:26.815Z	spark1	LOAD	14.646	7.519
2026-09-28T12:22:26.862Z	spark2	LOAD	23.294	4.124
2026-09-28T12:22:27.065Z	spark1	LOAD	14.636	7.519
2026-09-28T12:22:27.113Z	spark2	LOAD	23.294	4.124
2026-09-28T12:22:27.316Z	spark1	LOAD	14.636	7.519
2026-09-28T12:22:27.378Z	spark2	LOAD	23.294	4.124
2026-09-28T12:22:27.583Z	spark1	LOAD	14.634	7.519
2026-09-28T12:22:27.628Z	spark2	LOAD	23.294	4.124
2026-09-28T12:22:27.833Z	spark1	LOAD	14.619	7.519
2026-09-28T12:22:27.879Z	spark2	LOAD	23.294	4.124
2026-09-28T12:22:28.083Z	spark1	LOAD	14.904	7.519
2026-09-28T12:22:28.129Z	spark2	LOAD	23.294	4.124
2026-09-28T12:22:28.333Z	spark1	LOAD	19.817	7.519
2026-09-28T12:22:28.395Z	spark2	LOAD	23.294	4.124
2026-09-28T12:22:28.601Z	spark1	LOAD	15.251	7.519
2026-09-28T12:22:28.644Z	spark2	LOAD	23.292	4.124
2026-09-28T12:22:28.851Z	spark1	LOAD	15.246	7.519
2026-09-28T12:22:28.895Z	spark2	LOAD	23.290	4.123
2026-09-28T12:22:29.101Z	spark1	LOAD	15.212	7.519
2026-09-28T12:22:29.146Z	spark2	LOAD	23.290	4.123
2026-09-28T12:22:29.352Z	spark1	LOAD	15.153	7.519
2026-09-28T12:22:29.412Z	spark2	LOAD	23.290	4.123
2026-09-28T12:22:29.615Z	spark1	LOAD	15.013	7.519
2026-09-28T12:22:29.662Z	spark2	LOAD	23.290	4.123
2026-09-28T12:22:29.866Z	spark1	LOAD	15.001	7.519
2026-09-28T12:22:29.913Z	spark2	LOAD	23.290	4.123
2026-09-28T12:22:30.117Z	spark1	LOAD	14.997	7.519
2026-09-28T12:22:30.163Z	spark2	LOAD	23.290	4.123
2026-09-28T12:22:30.368Z	spark1	LOAD	14.956	7.519
2026-09-28T12:22:30.428Z	spark2	LOAD	23.290	4.123
2026-09-28T12:22:30.635Z	spark1	LOAD	14.956	7.519
2026-09-28T12:22:30.679Z	spark2	LOAD	23.290	4.123
2026-09-28T12:22:30.886Z	spark1	LOAD	14.957	7.519
2026-09-28T12:22:30.930Z	spark2	LOAD	23.290	4.123
2026-09-28T12:22:31.136Z	spark1	LOAD	14.960	7.518
2026-09-28T12:22:31.180Z	spark2	LOAD	23.290	4.123
2026-09-28T12:22:31.387Z	spark1	LOAD	14.944	7.518
2026-09-28T12:22:31.444Z	spark2	LOAD	23.290	4.123
2026-09-28T12:22:31.654Z	spark1	LOAD	14.955	7.518
2026-09-28T12:22:31.695Z	spark2	LOAD	23.290	4.123
2026-09-28T12:22:31.905Z	spark1	LOAD	14.955	7.518
2026-09-28T12:22:31.945Z	spark2	LOAD	23.290	4.123
2026-09-28T12:22:32.156Z	spark1	LOAD	14.942	7.518
2026-09-28T12:22:32.197Z	spark2	LOAD	23.290	4.123
2026-09-28T12:22:32.408Z	spark1	LOAD	14.696	7.518
2026-09-28T12:22:32.461Z	spark2	LOAD	23.290	4.123
2026-09-28T12:22:32.681Z	spark1	LOAD	19.165	7.518
2026-09-28T12:22:32.712Z	spark2	LOAD	23.290	4.123
2026-09-28T12:22:32.931Z	spark1	LOAD	18.023	7.518
2026-09-28T12:22:32.962Z	spark2	LOAD	23.291	4.123
2026-09-28T12:22:33.181Z	spark1	LOAD	15.046	7.518
2026-09-28T12:22:33.213Z	spark2	LOAD	23.291	4.123
2026-09-28T12:22:33.432Z	spark1	LOAD	14.940	7.518
2026-09-28T12:22:33.478Z	spark2	LOAD	23.291	4.123
2026-09-28T12:22:33.702Z	spark1	LOAD	14.694	7.518
2026-09-28T12:22:33.729Z	spark2	LOAD	23.291	4.123
2026-09-28T12:22:33.952Z	spark1	LOAD	18.171	7.518
2026-09-28T12:22:33.980Z	spark2	LOAD	23.293	4.123
2026-09-28T12:22:34.203Z	spark1	LOAD	18.343	7.518
2026-09-28T12:22:34.231Z	spark2	LOAD	23.293	4.123
2026-09-28T12:22:34.454Z	spark1	LOAD	15.002	7.518
2026-09-28T12:22:34.496Z	spark2	LOAD	23.293	4.123
2026-09-28T12:22:34.722Z	spark1	LOAD	14.884	7.518
2026-09-28T12:22:34.746Z	spark2	LOAD	23.293	4.123
2026-09-28T12:22:34.973Z	spark1	LOAD	14.671	7.518
2026-09-28T12:22:34.998Z	spark2	LOAD	23.293	4.123
2026-09-28T12:22:35.224Z	spark1	LOAD	21.217	7.518
2026-09-28T12:22:35.248Z	spark2	LOAD	23.293	4.123
2026-09-28T12:22:35.475Z	spark1	LOAD	17.038	7.518
2026-09-28T12:22:35.513Z	spark2	LOAD	23.293	4.123
2026-09-28T12:22:35.744Z	spark1	LOAD	14.974	7.518
2026-09-28T12:22:35.764Z	spark2	LOAD	23.293	4.123
2026-09-28T12:22:35.995Z	spark1	LOAD	14.752	7.518
2026-09-28T12:22:36.014Z	spark2	LOAD	23.293	4.123
2026-09-28T12:22:36.245Z	spark1	LOAD	15.490	7.518
2026-09-28T12:22:36.265Z	spark2	LOAD	23.293	4.123
2026-09-28T12:22:36.496Z	spark1	LOAD	19.737	7.518
2026-09-28T12:22:36.529Z	spark2	LOAD	23.293	4.123
2026-09-28T12:22:36.761Z	spark1	LOAD	15.061	7.518
2026-09-28T12:22:36.780Z	spark2	LOAD	23.293	4.123
2026-09-28T12:22:37.012Z	spark1	LOAD	14.972	7.517
2026-09-28T12:22:37.031Z	spark2	LOAD	23.293	4.123
2026-09-28T12:22:37.263Z	spark1	LOAD	14.949	7.517
2026-09-28T12:22:37.281Z	spark2	LOAD	23.293	4.123
2026-09-28T12:22:37.514Z	spark1	LOAD	14.949	7.517
2026-09-28T12:22:37.546Z	spark2	LOAD	23.293	4.123
2026-09-28T12:22:37.782Z	spark1	LOAD	14.953	7.517
2026-09-28T12:22:37.797Z	spark2	LOAD	23.293	4.123
2026-09-28T12:22:38.032Z	spark1	LOAD	14.952	7.517
2026-09-28T12:22:38.048Z	spark2	LOAD	23.294	4.123
2026-09-28T12:22:38.283Z	spark1	LOAD	14.951	7.517
2026-09-28T12:22:38.299Z	spark2	LOAD	23.294	4.123
2026-09-28T12:22:38.533Z	spark1	LOAD	14.951	7.517
2026-09-28T12:22:38.560Z	spark2	LOAD	23.294	4.123
2026-09-28T12:22:38.801Z	spark1	LOAD	14.942	7.517
2026-09-28T12:22:38.810Z	spark2	LOAD	23.294	4.123
2026-09-28T12:22:39.051Z	spark1	LOAD	14.914	7.517
2026-09-28T12:22:39.061Z	spark2	LOAD	23.294	4.123
2026-09-28T12:22:39.302Z	spark1	LOAD	14.920	7.517
2026-09-28T12:22:39.311Z	spark2	LOAD	23.294	4.123
2026-09-28T12:22:39.553Z	spark1	LOAD	14.920	7.517
2026-09-28T12:22:39.576Z	spark2	LOAD	23.294	4.123
2026-09-28T12:22:39.821Z	spark1	LOAD	14.906	7.517
2026-09-28T12:22:39.827Z	spark2	LOAD	23.294	4.123
2026-09-28T12:22:40.071Z	spark1	LOAD	14.784	7.517
2026-09-28T12:22:40.077Z	spark2	LOAD	23.294	4.123
2026-09-28T12:22:40.322Z	spark1	LOAD	14.637	7.516
2026-09-28T12:22:40.327Z	spark2	LOAD	23.294	4.123
2026-09-28T12:22:40.572Z	spark1	LOAD	20.418	7.516
2026-09-28T12:22:40.591Z	spark2	LOAD	23.301	4.123
2026-09-28T12:22:40.842Z	spark2	LOAD	23.305	4.123
2026-09-28T12:22:40.845Z	spark1	LOAD	15.104	7.516
2026-09-28T12:22:41.094Z	spark2	LOAD	23.304	4.123
2026-09-28T12:22:41.097Z	spark1	LOAD	15.140	7.516
2026-09-28T12:22:41.345Z	spark2	LOAD	23.304	4.123
2026-09-28T12:22:41.347Z	spark1	LOAD	15.127	7.516
2026-09-28T12:22:41.597Z	spark1	LOAD	15.026	7.516
2026-09-28T12:22:41.609Z	spark2	LOAD	23.304	4.123
2026-09-28T12:22:41.861Z	spark2	LOAD	23.304	4.123
2026-09-28T12:22:41.866Z	spark1	LOAD	15.008	7.516
2026-09-28T12:22:42.113Z	spark2	LOAD	23.304	4.123
2026-09-28T12:22:42.116Z	spark1	LOAD	14.965	7.516
2026-09-28T12:22:42.364Z	spark2	LOAD	23.304	4.123
2026-09-28T12:22:42.366Z	spark1	LOAD	14.965	7.516
2026-09-28T12:22:42.616Z	spark1	LOAD	14.906	7.516
2026-09-28T12:22:42.624Z	spark2	LOAD	23.304	4.123
2026-09-28T12:22:42.875Z	spark2	LOAD	23.304	4.123
2026-09-28T12:22:42.884Z	spark1	LOAD	14.660	7.516
2026-09-28T12:22:43.126Z	spark2	LOAD	23.304	4.123
2026-09-28T12:22:43.135Z	spark1	LOAD	20.794	7.516
2026-09-28T12:22:43.377Z	spark2	LOAD	23.304	4.123
2026-09-28T12:22:43.385Z	spark1	LOAD	15.394	7.516
2026-09-28T12:22:43.636Z	spark1	LOAD	14.952	7.516
2026-09-28T12:22:43.641Z	spark2	LOAD	23.303	4.123
2026-09-28T12:22:43.891Z	spark2	LOAD	23.303	4.123
2026-09-28T12:22:43.898Z	spark1	LOAD	14.716	7.516
2026-09-28T12:22:44.143Z	spark2	LOAD	23.303	4.123
2026-09-28T12:22:44.149Z	spark1	LOAD	16.950	7.516
2026-09-28T12:22:44.395Z	spark2	LOAD	23.303	4.123
2026-09-28T12:22:44.401Z	spark1	LOAD	18.558	7.516
2026-09-28T12:22:44.651Z	spark1	LOAD	15.448	7.516
2026-09-28T12:22:44.656Z	spark2	LOAD	23.303	4.123
2026-09-28T12:22:44.907Z	spark2	LOAD	23.303	4.123
2026-09-28T12:22:44.919Z	spark1	LOAD	15.434	7.516
2026-09-28T12:22:45.157Z	spark2	LOAD	23.302	4.123
2026-09-28T12:22:45.169Z	spark1	LOAD	15.414	7.515
2026-09-28T12:22:45.408Z	spark2	LOAD	23.302	4.123
2026-09-28T12:22:45.420Z	spark1	LOAD	15.376	7.512
2026-09-28T12:22:45.670Z	spark1	LOAD	15.463	7.512
2026-09-28T12:22:45.674Z	spark2	LOAD	23.302	4.123
2026-09-28T12:22:45.924Z	spark2	LOAD	23.302	4.123
2026-09-28T12:22:45.937Z	spark1	LOAD	15.385	7.512
2026-09-28T12:22:46.175Z	spark2	LOAD	23.302	4.123
2026-09-28T12:22:46.187Z	spark1	LOAD	15.325	7.512
2026-09-28T12:22:46.427Z	spark2	LOAD	23.302	4.123
2026-09-28T12:22:46.438Z	spark1	LOAD	15.186	7.512
2026-09-28T12:22:46.689Z	spark1	LOAD	14.980	7.512
2026-09-28T12:22:46.691Z	spark2	LOAD	23.302	4.123
2026-09-28T12:22:46.943Z	spark2	LOAD	23.301	4.123
2026-09-28T12:22:46.956Z	spark1	LOAD	14.990	7.512
2026-09-28T12:22:47.193Z	spark2	LOAD	23.301	4.123
2026-09-28T12:22:47.207Z	spark1	LOAD	14.981	7.512
2026-09-28T12:22:47.444Z	spark2	LOAD	23.301	4.123
2026-09-28T12:22:47.457Z	spark1	LOAD	14.981	7.512
2026-09-28T12:22:47.705Z	spark2	LOAD	23.301	4.123
2026-09-28T12:22:47.708Z	spark1	LOAD	14.980	7.512
2026-09-28T12:22:47.956Z	spark2	LOAD	23.300	4.123
2026-09-28T12:22:47.970Z	spark1	LOAD	14.751	7.512
2026-09-28T12:22:48.207Z	spark2	LOAD	23.300	4.123
2026-09-28T12:22:48.221Z	spark1	LOAD	15.467	7.512
2026-09-28T12:22:48.458Z	spark2	LOAD	23.300	4.123
2026-09-28T12:22:48.471Z	spark1	LOAD	19.740	7.512
2026-09-28T12:22:48.722Z	spark2	LOAD	23.300	4.123
2026-09-28T12:22:48.722Z	spark1	LOAD	15.451	7.512
2026-09-28T12:22:48.973Z	spark2	LOAD	23.300	4.123
2026-09-28T12:22:48.984Z	spark1	LOAD	14.994	7.512
2026-09-28T12:22:49.223Z	spark2	LOAD	23.300	4.123
2026-09-28T12:22:49.234Z	spark1	LOAD	14.985	7.512
2026-09-28T12:22:49.473Z	spark2	LOAD	23.300	4.123
2026-09-28T12:22:49.485Z	spark1	LOAD	14.985	7.512
2026-09-28T12:22:49.735Z	spark1	LOAD	14.958	7.512
2026-09-28T12:22:49.738Z	spark2	LOAD	23.299	4.123
2026-09-28T12:22:49.989Z	spark2	LOAD	23.299	4.123
2026-09-28T12:22:49.997Z	spark1	LOAD	14.914	7.512
2026-09-28T12:22:50.239Z	spark2	LOAD	23.299	4.123
2026-09-28T12:22:50.247Z	spark1	LOAD	14.689	7.512
2026-09-28T12:22:50.490Z	spark2	LOAD	23.299	4.123
2026-09-28T12:22:50.498Z	spark1	LOAD	20.237	7.512
2026-09-28T12:22:50.749Z	spark1	LOAD	21.716	7.512
2026-09-28T12:22:50.754Z	spark2	LOAD	23.299	4.123
2026-09-28T12:22:51.005Z	spark2	LOAD	23.299	4.123
2026-09-28T12:22:51.016Z	spark1	LOAD	21.597	7.512
2026-09-28T12:22:51.256Z	spark2	LOAD	23.299	4.123
2026-09-28T12:22:51.267Z	spark1	LOAD	21.721	7.511
2026-09-28T12:22:51.505Z	spark2	LOAD	23.280	4.123
2026-09-28T12:22:51.518Z	spark1	LOAD	21.756	7.511
2026-09-28T12:22:51.769Z	spark1	LOAD	21.494	7.511
2026-09-28T12:22:51.771Z	spark2	LOAD	23.279	4.123
2026-09-28T12:22:52.022Z	spark2	LOAD	23.279	4.123
2026-09-28T12:22:52.041Z	spark1	LOAD	22.047	7.511
2026-09-28T12:22:52.272Z	spark2	LOAD	23.279	4.123
2026-09-28T12:22:52.292Z	spark1	LOAD	21.548	7.511
2026-09-28T12:22:52.523Z	spark2	LOAD	23.279	4.123
2026-09-28T12:22:52.542Z	spark1	LOAD	22.299	7.511
2026-09-28T12:22:52.789Z	spark2	LOAD	23.282	4.123
2026-09-28T12:22:52.793Z	spark1	LOAD	22.440	7.511
2026-09-28T12:22:53.039Z	spark2	LOAD	23.282	4.123
2026-09-28T12:22:53.061Z	spark1	LOAD	21.851	7.511
2026-09-28T12:22:53.290Z	spark2	LOAD	23.282	4.123
2026-09-28T12:22:53.313Z	spark1	LOAD	22.339	7.511
2026-09-28T12:22:53.540Z	spark2	LOAD	23.282	4.123
2026-09-28T12:22:53.564Z	spark1	LOAD	22.439	7.511
2026-09-28T12:22:53.804Z	spark2	LOAD	23.282	4.123
2026-09-28T12:22:53.814Z	spark1	LOAD	22.691	7.511
2026-09-28T12:22:54.056Z	spark2	LOAD	23.283	4.123
2026-09-28T12:22:54.083Z	spark1	LOAD	22.633	7.511
2026-09-28T12:22:54.307Z	spark2	LOAD	23.283	4.123
2026-09-28T12:22:54.334Z	spark1	LOAD	22.254	7.511
2026-09-28T12:22:54.557Z	spark2	LOAD	23.283	4.123
2026-09-28T12:22:54.585Z	spark1	LOAD	22.373	7.511
2026-09-28T12:22:54.818Z	spark2	LOAD	23.283	4.123
2026-09-28T12:22:54.836Z	spark1	LOAD	23.104	7.511
2026-09-28T12:22:55.068Z	spark2	LOAD	23.284	4.123
2026-09-28T12:22:55.104Z	spark1	LOAD	23.047	7.511
2026-09-28T12:22:55.319Z	spark2	LOAD	23.284	4.123
2026-09-28T12:22:55.355Z	spark1	LOAD	23.094	7.511
2026-09-28T12:22:55.570Z	spark2	LOAD	23.284	4.123
2026-09-28T12:22:55.605Z	spark1	LOAD	23.370	7.511
2026-09-28T12:22:55.835Z	spark2	LOAD	23.284	4.123
2026-09-28T12:22:55.856Z	spark1	LOAD	23.370	7.511
2026-09-28T12:22:56.086Z	spark2	LOAD	23.285	4.123
2026-09-28T12:22:56.124Z	spark1	LOAD	23.232	7.511
2026-09-28T12:22:56.336Z	spark2	LOAD	23.285	4.123
2026-09-28T12:22:56.374Z	spark1	LOAD	23.722	7.511
2026-09-28T12:22:56.587Z	spark2	LOAD	23.285	4.123
2026-09-28T12:22:56.625Z	spark1	LOAD	23.716	7.511
2026-09-28T12:22:56.851Z	spark2	LOAD	23.285	4.123
2026-09-28T12:22:56.876Z	spark1	LOAD	23.717	7.511
2026-09-28T12:22:57.102Z	spark2	LOAD	23.287	4.123
2026-09-28T12:22:57.138Z	spark1	LOAD	23.702	7.511
2026-09-28T12:22:57.352Z	spark2	LOAD	23.287	4.123
2026-09-28T12:22:57.389Z	spark1	LOAD	23.699	7.510
2026-09-28T12:22:57.603Z	spark2	LOAD	23.287	4.123
2026-09-28T12:22:57.640Z	spark1	LOAD	23.693	7.509
2026-09-28T12:22:57.868Z	spark2	LOAD	23.288	4.123
2026-09-28T12:22:57.890Z	spark1	LOAD	21.811	7.509
2026-09-28T12:22:58.119Z	spark2	LOAD	23.288	4.123
2026-09-28T12:22:58.161Z	spark1	LOAD	21.795	7.509
2026-09-28T12:22:58.369Z	spark2	LOAD	23.293	4.123
2026-09-28T12:22:58.411Z	spark1	LOAD	21.788	7.509
2026-09-28T12:22:58.619Z	spark2	LOAD	23.293	4.123
2026-09-28T12:22:58.663Z	spark1	LOAD	21.641	7.508
2026-09-28T12:22:58.883Z	spark2	LOAD	23.293	4.123
2026-09-28T12:22:58.913Z	spark1	LOAD	20.692	7.508
2026-09-28T12:22:59.134Z	spark2	LOAD	23.293	4.123
2026-09-28T12:22:59.176Z	spark1	LOAD	20.667	7.508
2026-09-28T12:22:59.385Z	spark2	LOAD	23.294	4.123
2026-09-28T12:22:59.426Z	spark1	LOAD	20.643	7.508
2026-09-28T12:22:59.635Z	spark2	LOAD	23.294	4.123
2026-09-28T12:22:59.676Z	spark1	LOAD	20.615	7.508
2026-09-28T12:22:59.901Z	spark2	LOAD	23.294	4.123
2026-09-28T12:22:59.927Z	spark1	LOAD	20.579	7.508
2026-09-28T12:23:00.150Z	spark2	LOAD	23.294	4.123
2026-09-28T12:23:00.188Z	spark1	LOAD	20.544	7.508
2026-09-28T12:23:00.402Z	spark2	LOAD	23.294	4.123
2026-09-28T12:23:00.439Z	spark1	LOAD	20.516	7.508
2026-09-28T12:23:00.652Z	spark2	LOAD	23.294	4.123
2026-09-28T12:23:00.690Z	spark1	LOAD	20.498	7.508
2026-09-28T12:23:00.917Z	spark2	LOAD	23.294	4.123
2026-09-28T12:23:00.940Z	spark1	LOAD	20.461	7.508
2026-09-28T12:23:01.168Z	spark2	LOAD	23.295	4.123
2026-09-28T12:23:01.206Z	spark1	LOAD	20.423	7.507
2026-09-28T12:23:01.419Z	spark2	LOAD	23.295	4.123
2026-09-28T12:23:01.457Z	spark1	LOAD	20.240	7.507
2026-09-28T12:23:01.669Z	spark2	LOAD	23.295	4.123
2026-09-28T12:23:01.707Z	spark1	LOAD	20.184	7.507
2026-09-28T12:23:01.934Z	spark2	LOAD	23.295	4.123
2026-09-28T12:23:01.957Z	spark1	LOAD	20.101	7.507
2026-09-28T12:23:02.184Z	spark2	LOAD	23.294	4.123
2026-09-28T12:23:02.228Z	spark1	LOAD	20.066	7.507
2026-09-28T12:23:02.434Z	spark2	LOAD	23.274	4.123
2026-09-28T12:23:02.478Z	spark1	LOAD	20.034	7.507
2026-09-28T12:23:02.685Z	spark2	LOAD	23.284	4.123
2026-09-28T12:23:02.729Z	spark1	LOAD	19.943	7.507
2026-09-28T12:23:02.950Z	spark2	LOAD	23.284	4.123
2026-09-28T12:23:02.979Z	spark1	LOAD	19.903	7.507
2026-09-28T12:23:03.200Z	spark2	LOAD	23.283	4.123
2026-09-28T12:23:03.246Z	spark1	LOAD	19.898	7.507
2026-09-28T12:23:03.451Z	spark2	LOAD	23.283	4.123
2026-09-28T12:23:03.497Z	spark1	LOAD	19.818	7.507
2026-09-28T12:23:03.702Z	spark2	LOAD	23.283	4.123
2026-09-28T12:23:03.748Z	spark1	LOAD	19.778	7.507
2026-09-28T12:23:03.967Z	spark2	LOAD	23.283	4.123
2026-09-28T12:23:03.998Z	spark1	LOAD	19.741	7.507
2026-09-28T12:23:04.217Z	spark2	LOAD	23.283	4.123
2026-09-28T12:23:04.266Z	spark1	LOAD	19.749	7.507
2026-09-28T12:23:04.468Z	spark2	LOAD	23.283	4.123
2026-09-28T12:23:04.517Z	spark1	LOAD	19.615	7.507
2026-09-28T12:23:04.718Z	spark2	LOAD	23.283	4.123
2026-09-28T12:23:04.767Z	spark1	LOAD	20.900	7.507
2026-09-28T12:23:04.983Z	spark2	LOAD	23.285	4.123
2026-09-28T12:23:05.018Z	spark1	LOAD	20.555	7.507
2026-09-28T12:23:05.234Z	spark2	LOAD	23.285	4.123
2026-09-28T12:23:05.284Z	spark1	LOAD	20.810	7.507
2026-09-28T12:23:05.485Z	spark2	LOAD	23.285	4.123
2026-09-28T12:23:05.535Z	spark1	LOAD	20.963	7.507
2026-09-28T12:23:05.736Z	spark2	LOAD	23.285	4.123
2026-09-28T12:23:05.786Z	spark1	LOAD	21.080	7.507
2026-09-28T12:23:06.000Z	spark2	LOAD	23.286	4.123
2026-09-28T12:23:06.037Z	spark1	LOAD	21.210	7.507
2026-09-28T12:23:06.251Z	spark2	LOAD	23.286	4.123
2026-09-28T12:23:06.321Z	spark1	LOAD	20.890	7.507
2026-09-28T12:23:06.502Z	spark2	LOAD	23.286	4.123
2026-09-28T12:23:06.572Z	spark1	LOAD	21.708	7.507
2026-09-28T12:23:06.752Z	spark2	LOAD	23.286	4.123
2026-09-28T12:23:06.822Z	spark1	LOAD	21.696	7.507
2026-09-28T12:23:07.016Z	spark2	LOAD	23.287	4.123
2026-09-28T12:23:07.073Z	spark1	LOAD	21.697	7.507
2026-09-28T12:23:07.267Z	spark2	LOAD	23.287	4.123
2026-09-28T12:23:07.341Z	spark1	LOAD	21.682	7.507
2026-09-28T12:23:07.518Z	spark2	LOAD	23.287	4.123
2026-09-28T12:23:07.592Z	spark1	LOAD	21.665	7.507
2026-09-28T12:23:07.770Z	spark2	LOAD	23.287	4.123
2026-09-28T12:23:07.842Z	spark1	LOAD	21.658	7.507
2026-09-28T12:23:08.034Z	spark2	LOAD	23.287	4.123
2026-09-28T12:23:08.093Z	spark1	LOAD	21.650	7.507
2026-09-28T12:23:08.286Z	spark2	LOAD	23.287	4.123
2026-09-28T12:23:08.355Z	spark1	LOAD	21.644	7.507
2026-09-28T12:23:08.536Z	spark2	LOAD	23.287	4.123
2026-09-28T12:23:08.606Z	spark1	LOAD	21.628	7.507
2026-09-28T12:23:08.787Z	spark2	LOAD	23.287	4.123
2026-09-28T12:23:08.856Z	spark1	LOAD	21.621	7.507
2026-09-28T12:23:09.048Z	spark2	LOAD	23.287	4.123
2026-09-28T12:23:09.106Z	spark1	LOAD	21.625	7.507
2026-09-28T12:23:09.299Z	spark2	LOAD	23.287	4.123
2026-09-28T12:23:09.369Z	spark1	LOAD	21.616	7.507
2026-09-28T12:23:09.549Z	spark2	LOAD	23.287	4.123
2026-09-28T12:23:09.620Z	spark1	LOAD	21.587	7.507
2026-09-28T12:23:09.801Z	spark2	LOAD	23.287	4.123
2026-09-28T12:23:09.869Z	spark1	LOAD	21.584	7.507
2026-09-28T12:23:10.062Z	spark2	LOAD	23.287	4.123
2026-09-28T12:23:10.120Z	spark1	LOAD	21.581	7.507
2026-09-28T12:23:10.313Z	spark2	LOAD	23.287	4.123
2026-09-28T12:23:10.388Z	spark1	LOAD	21.565	7.507
2026-09-28T12:23:10.563Z	spark2	LOAD	23.287	4.123
2026-09-28T12:23:10.638Z	spark1	LOAD	21.550	7.507
2026-09-28T12:23:10.814Z	spark2	LOAD	23.287	4.123
2026-09-28T12:23:10.889Z	spark1	LOAD	21.546	7.507
2026-09-28T12:23:11.074Z	spark2	LOAD	23.287	4.123
2026-09-28T12:23:11.139Z	spark1	LOAD	21.522	7.507
2026-09-28T12:23:11.324Z	spark2	LOAD	23.287	4.123
2026-09-28T12:23:11.402Z	spark1	LOAD	21.514	7.507
2026-09-28T12:23:11.575Z	spark2	LOAD	23.287	4.123
2026-09-28T12:23:11.653Z	spark1	LOAD	21.470	7.507
2026-09-28T12:23:11.827Z	spark2	LOAD	23.287	4.123
2026-09-28T12:23:11.904Z	spark1	LOAD	21.466	7.506
2026-09-28T12:23:12.091Z	spark2	LOAD	23.287	4.123
2026-09-28T12:23:12.154Z	spark1	LOAD	21.459	7.506
2026-09-28T12:23:12.341Z	spark2	LOAD	23.287	4.123
2026-09-28T12:23:12.421Z	spark1	LOAD	21.451	7.506
2026-09-28T12:23:12.592Z	spark2	LOAD	23.287	4.123
2026-09-28T12:23:12.672Z	spark1	LOAD	21.426	7.506
2026-09-28T12:23:12.843Z	spark2	LOAD	23.287	4.123
2026-09-28T12:23:12.922Z	spark1	LOAD	21.405	7.506
2026-09-28T12:23:13.103Z	spark2	LOAD	23.286	4.123
2026-09-28T12:23:13.172Z	spark1	LOAD	21.404	7.506
2026-09-28T12:23:13.353Z	spark2	LOAD	23.293	4.123
2026-09-28T12:23:13.435Z	spark1	LOAD	21.396	7.506
2026-09-28T12:23:13.603Z	spark2	LOAD	23.295	4.123
2026-09-28T12:23:13.685Z	spark1	LOAD	21.365	7.506
2026-09-28T12:23:13.854Z	spark2	LOAD	23.309	4.123
2026-09-28T12:23:13.935Z	spark1	LOAD	21.342	7.506
2026-09-28T12:23:14.115Z	spark2	LOAD	23.308	4.123
2026-09-28T12:23:14.185Z	spark1	LOAD	21.331	7.506
2026-09-28T12:23:14.366Z	spark2	LOAD	23.308	4.123
2026-09-28T12:23:14.452Z	spark1	LOAD	21.329	7.506
2026-09-28T12:23:14.617Z	spark2	LOAD	23.308	4.123
2026-09-28T12:23:14.702Z	spark1	LOAD	21.324	7.506
2026-09-28T12:23:14.867Z	spark2	LOAD	23.308	4.123
2026-09-28T12:23:14.953Z	spark1	LOAD	21.323	7.506
2026-09-28T12:23:15.132Z	spark2	LOAD	23.307	4.123
2026-09-28T12:23:15.203Z	spark1	LOAD	21.314	7.506
2026-09-28T12:23:15.384Z	spark2	LOAD	23.307	4.123
2026-09-28T12:23:15.471Z	spark1	LOAD	21.305	7.506
2026-09-28T12:23:15.634Z	spark2	LOAD	23.307	4.123
2026-09-28T12:23:15.722Z	spark1	LOAD	21.283	7.506
2026-09-28T12:23:15.885Z	spark2	LOAD	23.307	4.123
2026-09-28T12:23:15.972Z	spark1	LOAD	21.280	7.506
2026-09-28T12:23:16.151Z	spark2	LOAD	23.307	4.123
2026-09-28T12:23:16.222Z	spark1	LOAD	22.488	7.506
2026-09-28T12:23:16.400Z	spark2	PROFILE	23.307	4.123
2026-09-28T12:23:16.485Z	spark1	PROFILE	22.482	7.506
2026-09-28T12:23:16.652Z	spark2	PROFILE	23.299	4.123
2026-09-28T12:23:16.735Z	spark1	PROFILE	22.469	7.506
2026-09-28T12:23:16.902Z	spark2	PROFILE	23.299	4.123
2026-09-28T12:23:16.986Z	spark1	PROFILE	22.472	7.506
2026-09-28T12:23:17.166Z	spark2	PROFILE	23.171	4.123
2026-09-28T12:23:17.236Z	spark1	PROFILE	22.347	7.506
2026-09-28T12:23:17.417Z	spark2	PROFILE	23.002	4.123
2026-09-28T12:23:17.500Z	spark1	PROFILE	22.177	7.506
2026-09-28T12:23:17.667Z	spark2	PROFILE	22.986	4.123
2026-09-28T12:23:17.750Z	spark1	PROFILE	22.173	7.506
2026-09-28T12:23:17.918Z	spark2	PROFILE	22.963	4.123
2026-09-28T12:23:18.001Z	spark1	PROFILE	22.137	7.506
2026-09-28T12:23:18.179Z	spark2	PROFILE	22.962	4.123
2026-09-28T12:23:18.251Z	spark1	PROFILE	22.133	7.506
2026-09-28T12:23:18.429Z	spark2	PROFILE	19.644	4.123
2026-09-28T12:23:18.518Z	spark1	PROFILE	20.943	7.506
2026-09-28T12:23:18.680Z	spark2	PROFILE	19.900	4.123
2026-09-28T12:23:18.768Z	spark1	PROFILE	20.922	7.506
2026-09-28T12:23:18.930Z	spark2	PROFILE	19.971	4.123
2026-09-28T12:23:19.018Z	spark1	PROFILE	20.921	7.506
2026-09-28T12:23:19.192Z	spark2	PROFILE	18.926	4.123
2026-09-28T12:23:19.269Z	spark1	PROFILE	20.920	7.506
2026-09-28T12:23:19.442Z	spark2	PROFILE	18.857	4.123
2026-09-28T12:23:19.536Z	spark1	PROFILE	20.919	7.506
2026-09-28T12:23:19.693Z	spark2	PROFILE	17.486	4.123
2026-09-28T12:23:19.786Z	spark1	PROFILE	20.744	7.506
2026-09-28T12:23:19.944Z	spark2	PROFILE	17.487	4.123
2026-09-28T12:23:20.037Z	spark1	PROFILE	20.748	7.506
2026-09-28T12:23:20.205Z	spark2	PROFILE	17.487	4.123
2026-09-28T12:23:20.287Z	spark1	PROFILE	20.749	7.506
2026-09-28T12:23:20.455Z	spark2	PROFILE	17.474	4.123
2026-09-28T12:23:20.552Z	spark1	PROFILE	20.747	7.506
2026-09-28T12:23:20.706Z	spark2	PROFILE	16.749	4.123
2026-09-28T12:23:20.802Z	spark1	PROFILE	20.747	7.506
2026-09-28T12:23:20.956Z	spark2	PROFILE	16.694	4.123
2026-09-28T12:23:21.053Z	spark1	PROFILE	21.205	7.507
2026-09-28T12:23:21.216Z	spark2	PROFILE	16.655	4.123
2026-09-28T12:23:21.303Z	spark1	PROFILE	21.112	7.507
2026-09-28T12:23:21.467Z	spark2	PROFILE	16.655	4.123
2026-09-28T12:23:21.583Z	spark1	PROFILE	21.054	7.507
2026-09-28T12:23:21.717Z	spark2	PROFILE	16.655	4.123
2026-09-28T12:23:21.834Z	spark1	PROFILE	20.996	7.506
2026-09-28T12:23:21.968Z	spark2	PROFILE	16.655	4.123
2026-09-28T12:23:22.085Z	spark1	PROFILE	20.595	7.508
2026-09-28T12:23:22.229Z	spark2	PROFILE	16.655	4.123
2026-09-28T12:23:22.335Z	spark1	PROFILE	20.562	7.508
2026-09-28T12:23:22.479Z	spark2	PROFILE	16.652	4.123
2026-09-28T12:23:22.606Z	spark1	PROFILE	20.550	7.506
2026-09-28T12:23:22.729Z	spark2	PROFILE	16.648	4.123
2026-09-28T12:23:22.857Z	spark1	PROFILE	20.549	7.506
2026-09-28T12:23:22.981Z	spark2	PROFILE	16.648	4.123
2026-09-28T12:23:23.107Z	spark1	PROFILE	20.548	7.506
2026-09-28T12:23:23.242Z	spark2	PROFILE	16.644	4.123
2026-09-28T12:23:23.357Z	spark1	PROFILE	20.548	7.506
2026-09-28T12:23:23.492Z	spark2	PROFILE	16.644	4.123
2026-09-28T12:23:23.620Z	spark1	PROFILE	20.450	7.506
2026-09-28T12:23:23.743Z	spark2	PROFILE	16.637	4.123
2026-09-28T12:23:23.870Z	spark1	PROFILE	20.355	7.506
2026-09-28T12:23:23.994Z	spark2	PROFILE	16.630	4.123
2026-09-28T12:23:24.120Z	spark1	PROFILE	20.210	7.506
2026-09-28T12:23:24.255Z	spark2	PROFILE	16.629	4.123
2026-09-28T12:23:24.370Z	spark1	PROFILE	20.264	7.506
2026-09-28T12:23:24.505Z	spark2	PROFILE	16.617	4.123
2026-09-28T12:23:24.638Z	spark1	PROFILE	20.279	7.506
2026-09-28T12:23:24.755Z	spark2	PROFILE	16.601	4.123
2026-09-28T12:23:24.889Z	spark1	PROFILE	20.260	7.506
2026-09-28T12:23:25.007Z	spark2	PROFILE	16.600	4.123
2026-09-28T12:23:25.140Z	spark1	PROFILE	20.282	7.506
2026-09-28T12:23:25.271Z	spark2	PROFILE	16.599	4.123
2026-09-28T12:23:25.390Z	spark1	PROFILE	20.171	7.506
2026-09-28T12:23:25.522Z	spark2	PROFILE	16.601	4.123
2026-09-28T12:23:25.653Z	spark1	PROFILE	20.141	7.506
2026-09-28T12:23:25.773Z	spark2	PROFILE	16.600	4.123
2026-09-28T12:23:25.904Z	spark1	PROFILE	20.130	7.506
2026-09-28T12:23:26.024Z	spark2	PROFILE	16.585	4.123
2026-09-28T12:23:26.154Z	spark1	PROFILE	20.102	7.506
2026-09-28T12:23:26.288Z	spark2	PROFILE	16.585	4.123
2026-09-28T12:23:26.404Z	spark1	PROFILE	20.099	7.506
2026-09-28T12:23:26.539Z	spark2	PROFILE	16.578	4.123
2026-09-28T12:23:26.672Z	spark1	PROFILE	20.009	7.506
2026-09-28T12:23:26.790Z	spark2	PROFILE	16.578	4.123
2026-09-28T12:23:26.922Z	spark1	PROFILE	20.000	7.506
2026-09-28T12:23:27.041Z	spark2	PROFILE	16.578	4.123
2026-09-28T12:23:27.172Z	spark1	PROFILE	20.000	7.506
2026-09-28T12:23:27.305Z	spark2	PROFILE	16.563	4.123
2026-09-28T12:23:27.423Z	spark1	PROFILE	20.002	7.506
2026-09-28T12:23:27.556Z	spark2	PROFILE	16.564	4.123
2026-09-28T12:23:27.693Z	spark1	PROFILE	19.898	7.506
2026-09-28T12:23:27.806Z	spark2	PROFILE	16.564	4.123
2026-09-28T12:23:27.943Z	spark1	PROFILE	19.868	7.506
2026-09-28T12:23:28.056Z	spark2	PROFILE	15.707	4.123
2026-09-28T12:23:28.193Z	spark1	PROFILE	19.815	7.506
2026-09-28T12:23:28.322Z	spark2	PROFILE	15.291	4.122
2026-09-28T12:23:28.443Z	spark1	PROFILE	19.742	7.507
2026-09-28T12:23:28.572Z	spark2	PROFILE	15.291	4.122
2026-09-28T12:23:28.712Z	spark1	PROFILE	19.737	7.507
2026-09-28T12:23:28.823Z	spark2	PROFILE	15.289	4.122
2026-09-28T12:23:28.962Z	spark1	PROFILE	19.729	7.507
2026-09-28T12:23:29.074Z	spark2	PROFILE	15.289	4.122
2026-09-28T12:23:29.212Z	spark1	PROFILE	19.676	7.507
2026-09-28T12:23:29.338Z	spark2	PROFILE	15.285	4.122
2026-09-28T12:23:29.463Z	spark1	PROFILE	19.675	7.507
2026-09-28T12:23:29.589Z	spark2	PROFILE	15.290	4.122
2026-09-28T12:23:29.731Z	spark1	PROFILE	19.670	7.507
2026-09-28T12:23:29.839Z	spark2	PROFILE	15.290	4.122
2026-09-28T12:23:29.981Z	spark1	PROFILE	19.644	7.507
2026-09-28T12:23:30.089Z	spark2	PROFILE	15.289	4.122
2026-09-28T12:23:30.232Z	spark1	PROFILE	20.569	7.507
2026-09-28T12:23:30.354Z	spark2	PROFILE	15.289	4.122
2026-09-28T12:23:30.483Z	spark1	PROFILE	20.562	7.507
2026-09-28T12:23:30.604Z	spark2	PROFILE	15.289	4.122
2026-09-28T12:23:30.750Z	spark1	PROFILE	20.356	7.507
2026-09-28T12:23:30.855Z	spark2	PROFILE	15.289	4.122
2026-09-28T12:23:31.000Z	spark1	PROFILE	19.603	7.507
2026-09-28T12:23:31.106Z	spark2	PROFILE	15.289	4.122
2026-09-28T12:23:31.251Z	spark1	PROFILE	19.524	7.507
2026-09-28T12:23:31.371Z	spark2	PROFILE	15.288	4.122
2026-09-28T12:23:31.501Z	spark1	PROFILE	18.185	7.507
2026-09-28T12:23:31.621Z	spark2	PROFILE	15.288	4.122
2026-09-28T12:23:31.766Z	spark1	PROFILE	18.186	7.507
2026-09-28T12:23:31.872Z	spark2	PROFILE	15.288	4.122
2026-09-28T12:23:32.016Z	spark1	PROFILE	18.186	7.507
2026-09-28T12:23:32.123Z	spark2	PROFILE	15.288	4.122
2026-09-28T12:23:32.266Z	spark1	PROFILE	18.022	7.507
2026-09-28T12:23:32.387Z	spark2	PROFILE	15.286	4.122
2026-09-28T12:23:32.517Z	spark1	PROFILE	17.133	7.507
2026-09-28T12:23:32.638Z	spark2	PROFILE	15.286	4.122
2026-09-28T12:23:32.785Z	spark1	PROFILE	16.990	7.507
2026-09-28T12:23:32.888Z	spark2	PROFILE	15.286	4.122
2026-09-28T12:23:33.035Z	spark1	PROFILE	16.799	7.507
2026-09-28T12:23:33.138Z	spark2	PROFILE	15.286	4.122
2026-09-28T12:23:33.285Z	spark1	PROFILE	16.797	7.507
2026-09-28T12:23:33.403Z	spark2	PROFILE	15.286	4.122
2026-09-28T12:23:33.536Z	spark1	PROFILE	16.768	7.507
2026-09-28T12:23:33.653Z	spark2	PROFILE	15.286	4.122
2026-09-28T12:23:33.799Z	spark1	PROFILE	16.768	7.507
2026-09-28T12:23:33.905Z	spark2	PROFILE	15.286	4.122
2026-09-28T12:23:34.050Z	spark1	PROFILE	16.768	7.507
2026-09-28T12:23:34.155Z	spark2	PROFILE	15.286	4.122
2026-09-28T12:23:34.300Z	spark1	PROFILE	16.748	7.507
2026-09-28T12:23:34.419Z	spark2	PROFILE	15.286	4.122
2026-09-28T12:23:34.551Z	spark1	PROFILE	16.748	7.507
2026-09-28T12:23:34.669Z	spark2	PROFILE	15.286	4.122
2026-09-28T12:23:34.813Z	spark1	PROFILE	16.743	7.507
2026-09-28T12:23:34.919Z	spark2	PROFILE	15.286	4.122
2026-09-28T12:23:35.063Z	spark1	PROFILE	16.682	7.507
2026-09-28T12:23:35.169Z	spark2	PROFILE	15.285	4.122
2026-09-28T12:23:35.313Z	spark1	PROFILE	16.673	7.507
2026-09-28T12:23:35.430Z	spark2	PROFILE	15.259	4.122
2026-09-28T12:23:35.564Z	spark1	PROFILE	16.663	7.507
2026-09-28T12:23:35.680Z	spark2	PROFILE	15.223	4.122
2026-09-28T12:23:35.830Z	spark1	PROFILE	16.664	7.507
2026-09-28T12:23:35.930Z	spark2	PROFILE	15.225	4.122
2026-09-28T12:23:36.081Z	spark1	PROFILE	16.647	7.507
2026-09-28T12:23:36.181Z	spark2	PROFILE	15.226	4.122
2026-09-28T12:23:36.331Z	spark1	PROFILE	16.635	7.507
2026-09-28T12:23:36.445Z	spark2	PROFILE	15.226	4.122
2026-09-28T12:23:36.582Z	spark1	PROFILE	16.633	7.507
2026-09-28T12:23:36.695Z	spark2	PROFILE	15.226	4.122
2026-09-28T12:23:36.845Z	spark1	PROFILE	16.623	7.506
2026-09-28T12:23:36.946Z	spark2	PROFILE	15.226	4.122
2026-09-28T12:23:37.096Z	spark1	PROFILE	16.614	7.504
2026-09-28T12:23:37.197Z	spark2	PROFILE	15.226	4.122
2026-09-28T12:23:37.346Z	spark1	PROFILE	16.606	7.504
2026-09-28T12:23:37.461Z	spark2	PROFILE	15.226	4.122
2026-09-28T12:23:37.596Z	spark1	PROFILE	16.606	7.504
2026-09-28T12:23:37.712Z	spark2	PROFILE	15.226	4.122
2026-09-28T12:23:37.858Z	spark1	PROFILE	16.606	7.504
2026-09-28T12:23:37.962Z	spark2	PROFILE	15.226	4.122
2026-09-28T12:23:38.109Z	spark1	PROFILE	16.607	7.504
2026-09-28T12:23:38.213Z	spark2	PROFILE	15.226	4.122
2026-09-28T12:23:38.359Z	spark1	PROFILE	16.607	7.503
2026-09-28T12:23:38.477Z	spark2	PROFILE	15.226	4.122
2026-09-28T12:23:38.610Z	spark1	PROFILE	16.588	7.503
2026-09-28T12:23:38.728Z	spark2	PROFILE	15.226	4.122
2026-09-28T12:23:38.878Z	spark1	PROFILE	16.579	7.503
2026-09-28T12:23:38.977Z	spark2	PROFILE	15.226	4.122
2026-09-28T12:23:39.129Z	spark1	PROFILE	16.581	7.503
2026-09-28T12:23:39.228Z	spark2	PROFILE	15.226	4.122
2026-09-28T12:23:39.379Z	spark1	PROFILE	16.581	7.503
2026-09-28T12:23:39.492Z	spark2	PROFILE	15.227	4.122
2026-09-28T12:23:39.630Z	spark1	PROFILE	16.570	7.503
2026-09-28T12:23:39.742Z	spark2	PROFILE	15.227	4.122
2026-09-28T12:23:39.896Z	spark1	PROFILE	16.572	7.503
2026-09-28T12:23:39.993Z	spark2	PROFILE	15.227	4.122
2026-09-28T12:23:40.147Z	spark1	PROFILE	16.574	7.503
2026-09-28T12:23:40.243Z	spark2	PROFILE	15.226	4.122
2026-09-28T12:23:40.397Z	spark1	PROFILE	15.241	7.502
2026-09-28T12:23:40.508Z	spark2	PROFILE	15.223	4.121
2026-09-28T12:23:40.647Z	spark1	PROFILE	15.666	7.502
2026-09-28T12:23:40.758Z	spark2	PROFILE	15.219	4.121
2026-09-28T12:23:40.914Z	spark1	PROFILE	15.664	7.502
2026-09-28T12:23:41.008Z	spark2	PROFILE	15.219	4.121
2026-09-28T12:23:41.164Z	spark1	PROFILE	15.641	7.502
2026-09-28T12:23:41.259Z	spark2	PROFILE	15.219	4.121
2026-09-28T12:23:41.415Z	spark1	PROFILE	15.641	7.502
2026-09-28T12:23:41.524Z	spark2	PROFILE	15.219	4.121
2026-09-28T12:23:41.666Z	spark1	PROFILE	15.637	7.501
2026-09-28T12:23:41.775Z	spark2	PROFILE	15.219	4.121
2026-09-28T12:23:41.936Z	spark1	PROFILE	15.637	7.501
2026-09-28T12:23:42.025Z	spark2	PROFILE	15.219	4.121
2026-09-28T12:23:42.187Z	spark1	PROFILE	15.634	7.501
2026-09-28T12:23:42.276Z	spark2	PROFILE	15.219	4.121
2026-09-28T12:23:42.437Z	spark1	PROFILE	15.632	7.501
2026-09-28T12:23:42.548Z	spark2	PROFILE	15.219	4.121
2026-09-28T12:23:42.687Z	spark1	PROFILE	15.612	7.501
2026-09-28T12:23:42.799Z	spark2	PROFILE	15.218	4.121
2026-09-28T12:23:42.957Z	spark1	PROFILE	15.612	7.501
2026-09-28T12:23:43.049Z	spark2	PROFILE	15.218	4.121
2026-09-28T12:23:43.208Z	spark1	PROFILE	15.610	7.501
2026-09-28T12:23:43.300Z	spark2	PROFILE	15.218	4.121
2026-09-28T12:23:43.458Z	spark1	PROFILE	15.610	7.501
2026-09-28T12:23:43.564Z	spark2	PROFILE	15.218	4.121
2026-09-28T12:23:43.709Z	spark1	PROFILE	15.610	7.501
2026-09-28T12:23:43.815Z	spark2	PROFILE	15.218	4.121
2026-09-28T12:23:43.978Z	spark1	PROFILE	15.610	7.501
2026-09-28T12:23:44.066Z	spark2	PROFILE	15.218	4.121
2026-09-28T12:23:44.228Z	spark1	PROFILE	15.610	7.501
2026-09-28T12:23:44.316Z	spark2	PROFILE	15.218	4.121
2026-09-28T12:23:44.478Z	spark1	PROFILE	15.609	7.501
2026-09-28T12:23:44.587Z	spark2	PROFILE	15.219	4.121
2026-09-28T12:23:44.728Z	spark1	PROFILE	15.595	7.501
2026-09-28T12:23:44.838Z	spark2	PROFILE	15.219	4.121
2026-09-28T12:23:44.991Z	spark1	PROFILE	15.595	7.501
2026-09-28T12:23:45.088Z	spark2	PROFILE	15.219	4.121
2026-09-28T12:23:45.242Z	spark1	PROFILE	15.595	7.501
2026-09-28T12:23:45.339Z	spark2	PROFILE	15.219	4.121
2026-09-28T12:23:45.493Z	spark1	PROFILE	15.595	7.501
2026-09-28T12:23:45.603Z	spark2	PROFILE	15.219	4.121
2026-09-28T12:23:45.743Z	spark1	PROFILE	15.595	7.501
2026-09-28T12:23:45.854Z	spark2	PROFILE	15.219	4.121
2026-09-28T12:23:46.005Z	spark1	PROFILE	15.581	7.501
2026-09-28T12:23:46.105Z	spark2	PROFILE	15.219	4.121
2026-09-28T12:23:46.255Z	spark1	PROFILE	15.567	7.501
2026-09-28T12:23:46.355Z	spark2	PROFILE	15.218	4.121
2026-09-28T12:23:46.506Z	spark1	PROFILE	15.567	7.501
2026-09-28T12:23:46.618Z	spark2	PROFILE	15.200	4.121
2026-09-28T12:23:46.756Z	spark1	PROFILE	15.567	7.501
2026-09-28T12:23:46.868Z	spark2	PROFILE	15.207	4.121
2026-09-28T12:23:47.030Z	spark1	PROFILE	15.560	7.501
2026-09-28T12:23:47.118Z	spark2	PROFILE	15.204	4.121
2026-09-28T12:23:47.280Z	spark1	PROFILE	15.555	7.501
2026-09-28T12:23:47.369Z	spark2	PROFILE	15.193	4.120
2026-09-28T12:23:47.530Z	spark1	PROFILE	15.146	7.500
2026-09-28T12:23:47.635Z	spark2	PROFILE	15.191	4.120
2026-09-28T12:23:47.780Z	spark1	PROFILE	14.983	7.500
2026-09-28T12:23:47.886Z	spark2	PROFILE	15.190	4.120
2026-09-28T12:23:48.047Z	spark1	PROFILE	15.634	7.500
2026-09-28T12:23:48.136Z	spark2	PROFILE	15.174	4.120
2026-09-28T12:23:48.299Z	spark1	PROFILE	15.572	7.500
2026-09-28T12:23:48.387Z	spark2	PROFILE	15.130	4.120
2026-09-28T12:23:48.548Z	spark1	PROFILE	15.595	7.500
2026-09-28T12:23:48.653Z	spark2	PROFILE	15.584	4.120
2026-09-28T12:23:48.799Z	spark1	PROFILE	15.457	7.500
2026-09-28T12:23:48.903Z	spark2	PROFILE	15.424	4.120
2026-09-28T12:23:49.072Z	spark1	PROFILE	15.334	7.500
2026-09-28T12:23:49.154Z	spark2	PROFILE	15.031	4.120
2026-09-28T12:23:49.323Z	spark1	PROFILE	15.126	7.500
2026-09-28T12:23:49.403Z	spark2	PROFILE	14.811	4.120
2026-09-28T12:23:49.574Z	spark1	PROFILE	15.294	7.500
2026-09-28T12:23:49.663Z	spark2	PROFILE	14.807	4.120
2026-09-28T12:23:49.824Z	spark1	PROFILE	15.288	7.500
2026-09-28T12:23:49.914Z	spark2	PROFILE	14.807	4.120
2026-09-28T12:23:50.093Z	spark1	PROFILE	15.289	7.500
2026-09-28T12:23:50.165Z	spark2	PROFILE	14.807	4.120
2026-09-28T12:23:50.344Z	spark1	PROFILE	15.282	7.500
2026-09-28T12:23:50.415Z	spark2	PROFILE	14.807	4.120
2026-09-28T12:23:50.594Z	spark1	PROFILE	15.281	7.500
2026-09-28T12:23:50.680Z	spark2	PROFILE	14.807	4.120
2026-09-28T12:23:50.844Z	spark1	PROFILE	15.280	7.500
2026-09-28T12:23:50.931Z	spark2	PROFILE	14.807	4.120
2026-09-28T12:23:51.112Z	spark1	PROFILE	15.279	7.500
2026-09-28T12:23:51.182Z	spark2	PROFILE	14.807	4.120
2026-09-28T12:23:51.363Z	spark1	PROFILE	15.272	7.500
2026-09-28T12:23:51.432Z	spark2	PROFILE	14.807	4.120
2026-09-28T12:23:51.614Z	spark1	PROFILE	15.267	7.500
2026-09-28T12:23:51.698Z	spark2	PROFILE	14.807	4.120
2026-09-28T12:23:51.864Z	spark1	PROFILE	15.267	7.500
2026-09-28T12:23:51.948Z	spark2	PROFILE	14.807	4.120
2026-09-28T12:23:52.132Z	spark1	PROFILE	15.266	7.500
2026-09-28T12:23:52.199Z	spark2	PROFILE	14.807	4.120
2026-09-28T12:23:52.382Z	spark1	PROFILE	15.266	7.500
2026-09-28T12:23:52.450Z	spark2	PROFILE	14.807	4.120
2026-09-28T12:23:52.633Z	spark1	PROFILE	15.266	7.500
2026-09-28T12:23:52.715Z	spark2	PROFILE	14.807	4.120
2026-09-28T12:23:52.884Z	spark1	PROFILE	15.266	7.500
2026-09-28T12:23:52.965Z	spark2	PROFILE	14.805	4.120
2026-09-28T12:23:53.151Z	spark1	PROFILE	15.257	7.500
2026-09-28T12:23:53.216Z	spark2	PROFILE	14.782	4.120
2026-09-28T12:23:53.402Z	spark1	PROFILE	15.147	7.500
2026-09-28T12:23:53.466Z	spark2	PROFILE	14.613	4.120
2026-09-28T12:23:53.653Z	spark1	PROFILE	15.007	7.500
2026-09-28T12:23:53.727Z	spark2	PROFILE	14.550	4.120
2026-09-28T12:23:53.903Z	spark1	PROFILE	14.993	7.500
2026-09-28T12:23:53.977Z	spark2	PROFILE	14.537	4.120
2026-09-28T12:23:54.165Z	spark1	PROFILE	14.959	7.500
2026-09-28T12:23:54.228Z	spark2	PROFILE	14.499	4.120
2026-09-28T12:23:54.415Z	spark1	PROFILE	14.920	7.500
2026-09-28T12:23:54.478Z	spark2	PROFILE	14.492	4.120
2026-09-28T12:23:54.665Z	spark1	PROFILE	14.919	7.500
2026-09-28T12:23:54.743Z	spark2	PROFILE	14.478	4.120
2026-09-28T12:23:54.916Z	spark1	PROFILE	14.941	7.500
2026-09-28T12:23:54.993Z	spark2	PROFILE	14.488	4.120
2026-09-28T12:23:55.187Z	spark1	PROFILE	14.831	7.500
2026-09-28T12:23:55.243Z	spark2	PROFILE	14.426	4.120
2026-09-28T12:23:55.438Z	spark1	PROFILE	14.700	7.500
2026-09-28T12:23:55.493Z	spark2	PROFILE	14.339	4.120
2026-09-28T12:23:55.688Z	spark1	PROFILE	14.685	7.500
2026-09-28T12:23:55.758Z	spark2	PROFILE	14.249	4.120
2026-09-28T12:23:55.938Z	spark1	PROFILE	14.672	7.500
2026-09-28T12:23:56.008Z	spark2	PROFILE	14.371	4.120
2026-09-28T12:23:56.201Z	spark1	PROFILE	15.582	7.500
2026-09-28T12:23:56.259Z	spark2	PROFILE	15.454	4.120
2026-09-28T12:23:56.452Z	spark1	PROFILE	15.520	7.500
2026-09-28T12:23:56.510Z	spark2	PROFILE	15.438	4.120
2026-09-28T12:23:56.702Z	spark1	PROFILE	15.515	7.500
2026-09-28T12:23:56.775Z	spark2	PROFILE	15.438	4.120
2026-09-28T12:23:56.953Z	spark1	PROFILE	15.503	7.500
2026-09-28T12:23:57.026Z	spark2	PROFILE	15.430	4.120
2026-09-28T12:23:57.213Z	spark1	PROFILE	15.498	7.500
2026-09-28T12:23:57.276Z	spark2	PROFILE	15.427	4.120
2026-09-28T12:23:57.464Z	spark1	PROFILE	15.447	7.500
2026-09-28T12:23:57.527Z	spark2	PROFILE	15.423	4.120
2026-09-28T12:23:57.714Z	spark1	PROFILE	15.408	7.500
2026-09-28T12:23:57.787Z	spark2	PROFILE	15.427	4.120
2026-09-28T12:23:57.964Z	spark1	PROFILE	15.407	7.500
2026-09-28T12:23:58.038Z	spark2	PROFILE	15.378	4.120
2026-09-28T12:23:58.227Z	spark1	PROFILE	15.394	7.500
2026-09-28T12:23:58.287Z	spark2	PROFILE	15.327	4.120
2026-09-28T12:23:58.478Z	spark1	PROFILE	15.321	7.500
2026-09-28T12:23:58.539Z	spark2	PROFILE	15.274	4.120
2026-09-28T12:23:58.728Z	spark1	PROFILE	15.322	7.500
2026-09-28T12:23:58.806Z	spark2	PROFILE	15.274	4.120
2026-09-28T12:23:58.979Z	spark1	PROFILE	15.291	7.500
2026-09-28T12:23:59.057Z	spark2	PROFILE	15.274	4.120
2026-09-28T12:23:59.246Z	spark1	PROFILE	17.442	7.500
2026-09-28T12:23:59.308Z	spark2	PROFILE	18.395	4.120
2026-09-28T12:23:59.496Z	spark1	PROFILE	15.182	7.501
2026-09-28T12:23:59.559Z	spark2	PROFILE	14.344	4.120
2026-09-28T12:23:59.747Z	spark1	PROFILE	15.049	7.501
2026-09-28T12:23:59.823Z	spark2	PROFILE	14.343	4.120
2026-09-28T12:23:59.997Z	spark1	PROFILE	14.541	7.501
2026-09-28T12:24:00.073Z	spark2	PROFILE	14.305	4.120
2026-09-28T12:24:00.260Z	spark1	PROFILE	14.494	7.501
2026-09-28T12:24:00.324Z	spark2	PROFILE	14.293	4.120
2026-09-28T12:24:00.510Z	spark1	PROFILE	14.478	7.501
2026-09-28T12:24:00.573Z	spark2	PROFILE	14.289	4.120
2026-09-28T12:24:00.760Z	spark1	PROFILE	14.431	7.500
2026-09-28T12:24:00.834Z	spark2	PROFILE	14.254	4.120
2026-09-28T12:24:01.011Z	spark1	PROFILE	14.431	7.500
2026-09-28T12:24:01.084Z	spark2	PROFILE	14.254	4.120
2026-09-28T12:24:01.284Z	spark1	PROFILE	14.432	7.500
2026-09-28T12:24:01.335Z	spark2	PROFILE	14.254	4.120
2026-09-28T12:24:01.535Z	spark1	PROFILE	14.432	7.500
2026-09-28T12:24:01.586Z	spark2	PROFILE	14.254	4.120
2026-09-28T12:24:01.785Z	spark1	PROFILE	14.417	7.500
2026-09-28T12:24:01.856Z	spark2	PROFILE	14.224	4.120
2026-09-28T12:24:02.035Z	spark1	PROFILE	14.242	7.500
2026-09-28T12:24:02.107Z	spark2	PROFILE	14.046	4.120
2026-09-28T12:24:02.299Z	spark1	PROFILE	13.905	7.500
2026-09-28T12:24:02.357Z	spark2	PROFILE	13.723	4.120
2026-09-28T12:24:02.550Z	spark1	PROFILE	13.721	7.500
2026-09-28T12:24:02.608Z	spark2	PROFILE	13.529	4.120
2026-09-28T12:24:02.800Z	spark1	PROFILE	13.406	7.500
2026-09-28T12:24:02.870Z	spark2	PROFILE	14.143	4.120
2026-09-28T12:24:03.050Z	spark1	PROFILE	13.206	7.500
2026-09-28T12:24:03.120Z	spark2	PROFILE	13.796	4.120
2026-09-28T12:24:03.314Z	spark1	PROFILE	12.981	7.500
2026-09-28T12:24:03.371Z	spark2	PROFILE	14.121	4.120
2026-09-28T12:24:03.564Z	spark1	PROFILE	12.941	7.500
2026-09-28T12:24:03.621Z	spark2	PROFILE	14.288	4.120
2026-09-28T12:24:03.814Z	spark1	PROFILE	12.915	7.500
2026-09-28T12:24:03.888Z	spark2	PROFILE	13.784	4.120
2026-09-28T12:24:04.065Z	spark1	PROFILE	12.924	7.500
2026-09-28T12:24:04.139Z	spark2	PROFILE	13.550	4.120
2026-09-28T12:24:04.333Z	spark1	PROFILE	12.698	7.500
2026-09-28T12:24:04.390Z	spark2	PROFILE	13.279	4.120
2026-09-28T12:24:04.584Z	spark1	PROFILE	12.529	7.500
2026-09-28T12:24:04.640Z	spark2	PROFILE	13.082	4.120
2026-09-28T12:24:04.834Z	spark1	PROFILE	12.391	7.500
2026-09-28T12:24:04.902Z	spark2	PROFILE	12.845	4.120
2026-09-28T12:24:05.085Z	spark1	PROFILE	12.223	7.500
2026-09-28T12:24:05.153Z	spark2	PROFILE	12.710	4.120
2026-09-28T12:24:05.349Z	spark1	PROFILE	12.113	7.500
2026-09-28T12:24:05.403Z	spark2	PROFILE	12.662	4.120
2026-09-28T12:24:05.600Z	spark1	PROFILE	12.094	7.500
2026-09-28T12:24:05.654Z	spark2	PROFILE	12.679	4.120
2026-09-28T12:24:05.850Z	spark1	PROFILE	12.221	7.500
2026-09-28T12:24:05.915Z	spark2	PROFILE	12.462	4.120
2026-09-28T12:24:06.100Z	spark1	PROFILE	14.396	7.500
2026-09-28T12:24:06.165Z	spark2	PROFILE	12.285	4.120
2026-09-28T12:24:06.368Z	spark1	PROFILE	14.179	7.500
2026-09-28T12:24:06.416Z	spark2	PROFILE	12.101	4.120
2026-09-28T12:24:06.619Z	spark1	PROFILE	14.009	7.500
2026-09-28T12:24:06.666Z	spark2	PROFILE	11.978	4.120
2026-09-28T12:24:06.869Z	spark1	PROFILE	13.855	7.500
2026-09-28T12:24:06.932Z	spark2	PROFILE	11.852	4.120
2026-09-28T12:24:07.120Z	spark1	PROFILE	13.732	7.500
2026-09-28T12:24:07.182Z	spark2	PROFILE	11.742	4.120
2026-09-28T12:24:07.383Z	spark1	PROFILE	13.607	7.500
2026-09-28T12:24:07.433Z	spark2	PROFILE	11.647	4.120
2026-09-28T12:24:07.634Z	spark1	PROFILE	13.500	7.500
2026-09-28T12:24:07.684Z	spark2	PROFILE	11.590	4.120
2026-09-28T12:24:07.885Z	spark1	PROFILE	13.446	7.500
2026-09-28T12:24:07.945Z	spark2	PROFILE	11.549	4.120
2026-09-28T12:24:08.135Z	spark1	PROFILE	13.373	7.500
2026-09-28T12:24:08.195Z	spark2	PROFILE	11.547	4.120
2026-09-28T12:24:08.404Z	spark1	PROFILE	13.354	7.500
2026-09-28T12:24:08.445Z	spark2	PROFILE	11.431	4.120
2026-09-28T12:24:08.654Z	spark1	PROFILE	13.217	7.500
2026-09-28T12:24:08.696Z	spark2	PROFILE	11.349	4.120
2026-09-28T12:24:08.905Z	spark1	PROFILE	13.169	7.500
2026-09-28T12:24:08.957Z	spark2	PROFILE	11.338	4.120
2026-09-28T12:24:09.156Z	spark1	PROFILE	13.168	7.500
2026-09-28T12:24:09.207Z	spark2	PROFILE	11.293	4.120
2026-09-28T12:24:09.419Z	spark1	PROFILE	13.147	7.500
2026-09-28T12:24:09.458Z	spark2	PROFILE	11.286	4.120
2026-09-28T12:24:09.669Z	spark1	PROFILE	13.147	7.500
2026-09-28T12:24:09.708Z	spark2	PROFILE	11.286	4.120
2026-09-28T12:24:09.919Z	spark1	PROFILE	13.147	7.500
2026-09-28T12:24:09.968Z	spark2	PROFILE	11.286	4.120
2026-09-28T12:24:10.169Z	spark1	PROFILE	13.137	7.500
2026-09-28T12:24:10.219Z	spark2	PROFILE	11.286	4.120
2026-09-28T12:24:10.437Z	spark1	PROFILE	13.136	7.500
2026-09-28T12:24:10.469Z	spark2	PROFILE	11.294	4.120
2026-09-28T12:24:10.688Z	spark1	PROFILE	13.136	7.500
2026-09-28T12:24:10.720Z	spark2	PROFILE	13.447	4.120
2026-09-28T12:24:10.938Z	spark1	PROFILE	13.138	7.500
2026-09-28T12:24:10.995Z	spark2	PROFILE	13.353	4.120
2026-09-28T12:24:11.189Z	spark1	PROFILE	13.315	7.500
2026-09-28T12:24:11.246Z	spark2	PROFILE	13.353	4.120
2026-09-28T12:24:11.466Z	spark1	PROFILE	13.307	7.500
2026-09-28T12:24:11.496Z	spark2	PROFILE	13.352	4.120
2026-09-28T12:24:11.716Z	spark1	PROFILE	13.307	7.500
2026-09-28T12:24:11.747Z	spark2	PROFILE	13.351	4.120
2026-09-28T12:24:11.966Z	spark1	PROFILE	13.313	7.500
2026-09-28T12:24:12.008Z	spark2	PROFILE	13.346	4.120
2026-09-28T12:24:12.217Z	spark1	PROFILE	13.320	7.500
2026-09-28T12:24:12.258Z	spark2	PROFILE	13.345	4.120
2026-09-28T12:24:12.480Z	spark1	PROFILE	13.316	7.500
2026-09-28T12:24:12.508Z	spark2	PROFILE	13.342	4.120
2026-09-28T12:24:12.731Z	spark1	PROFILE	13.316	7.500
2026-09-28T12:24:12.758Z	spark2	PROFILE	13.338	4.120
2026-09-28T12:24:12.981Z	spark1	PROFILE	13.314	7.500
2026-09-28T12:24:13.024Z	spark2	PROFILE	13.337	4.120
2026-09-28T12:24:13.231Z	spark1	PROFILE	13.310	7.500
2026-09-28T12:24:13.274Z	spark2	PROFILE	13.334	4.120
2026-09-28T12:24:13.494Z	spark1	PROFILE	13.310	7.500
2026-09-28T12:24:13.525Z	spark2	PROFILE	13.335	4.120
2026-09-28T12:24:13.745Z	spark1	PROFILE	13.307	7.500
2026-09-28T12:24:13.776Z	spark2	PROFILE	13.331	4.120
2026-09-28T12:24:13.995Z	spark1	PROFILE	13.307	7.500
2026-09-28T12:24:14.036Z	spark2	PROFILE	13.322	4.120
2026-09-28T12:24:14.245Z	spark1	PROFILE	13.303	7.500
2026-09-28T12:24:14.287Z	spark2	PROFILE	13.322	4.120
2026-09-28T12:24:14.508Z	spark1	PROFILE	13.295	7.500
2026-09-28T12:24:14.537Z	spark2	PROFILE	13.320	4.120
2026-09-28T12:24:14.759Z	spark1	PROFILE	13.295	7.500
2026-09-28T12:24:14.788Z	spark2	PROFILE	13.229	4.120
2026-09-28T12:24:15.009Z	spark1	PROFILE	13.294	7.500
2026-09-28T12:24:15.053Z	spark2	PROFILE	13.228	4.120
2026-09-28T12:24:15.259Z	spark1	PROFILE	13.267	7.500
2026-09-28T12:24:15.303Z	spark2	PROFILE	13.485	4.120
2026-09-28T12:24:15.528Z	spark1	PROFILE	13.194	7.500
2026-09-28T12:24:15.554Z	spark2	PROFILE	13.364	4.120
2026-09-28T12:24:15.778Z	spark1	PROFILE	13.151	7.500
2026-09-28T12:24:15.805Z	spark2	PROFILE	13.280	4.120
2026-09-28T12:24:16.029Z	spark1	PROFILE	13.260	7.500
2026-09-28T12:24:16.070Z	spark2	PROFILE	13.217	4.120
2026-09-28T12:24:16.279Z	spark1	PROFILE	13.162	7.500
2026-09-28T12:24:16.321Z	spark2	PROFILE	13.196	4.120
2026-09-28T12:24:16.542Z	spark1	PROFILE	13.077	7.500
2026-09-28T12:24:16.571Z	spark2	PROFILE	13.181	4.120
2026-09-28T12:24:16.793Z	spark1	PROFILE	13.059	7.500
2026-09-28T12:24:16.821Z	spark2	PROFILE	13.173	4.120
2026-09-28T12:24:17.043Z	spark1	PROFILE	13.032	7.500
2026-09-28T12:24:17.087Z	spark2	PROFILE	13.163	4.120
2026-09-28T12:24:17.294Z	spark1	PROFILE	13.017	7.500
2026-09-28T12:24:17.337Z	spark2	PROFILE	13.155	4.120
2026-09-28T12:24:17.558Z	spark1	PROFILE	13.002	7.500
2026-09-28T12:24:17.588Z	spark2	PROFILE	13.147	4.120
2026-09-28T12:24:17.808Z	spark1	PROFILE	12.987	7.500
2026-09-28T12:24:17.838Z	spark2	PROFILE	13.147	4.120
2026-09-28T12:24:18.059Z	spark1	PROFILE	12.989	7.500
2026-09-28T12:24:18.099Z	spark2	PROFILE	13.147	4.120
2026-09-28T12:24:18.309Z	spark1	PROFILE	12.981	7.500
2026-09-28T12:24:18.349Z	spark2	PROFILE	13.147	4.120
2026-09-28T12:24:18.572Z	spark1	PROFILE	12.956	7.500
2026-09-28T12:24:18.600Z	spark2	PROFILE	13.180	4.120
2026-09-28T12:24:18.823Z	spark1	PROFILE	12.956	7.500
2026-09-28T12:24:18.850Z	spark2	PROFILE	13.180	4.120
2026-09-28T12:24:19.073Z	spark1	PROFILE	12.959	7.500
2026-09-28T12:24:19.115Z	spark2	PROFILE	13.181	4.120
2026-09-28T12:24:19.323Z	spark1	PROFILE	13.060	7.500
2026-09-28T12:24:19.365Z	spark2	PROFILE	13.181	4.120
2026-09-28T12:24:19.591Z	spark1	PROFILE	13.050	7.499
2026-09-28T12:24:19.616Z	spark2	PROFILE	13.189	4.120
2026-09-28T12:24:19.841Z	spark1	PROFILE	13.043	7.499
2026-09-28T12:24:19.866Z	spark2	PROFILE	13.195	4.120
2026-09-28T12:24:20.092Z	spark1	PROFILE	13.035	7.499
2026-09-28T12:24:20.127Z	spark2	PROFILE	13.173	4.120
2026-09-28T12:24:20.342Z	spark1	PROFILE	13.033	7.499
2026-09-28T12:24:20.376Z	spark2	PROFILE	13.164	4.120
2026-09-28T12:24:20.609Z	spark1	PROFILE	13.019	7.499
2026-09-28T12:24:20.626Z	spark2	PROFILE	13.137	4.120
2026-09-28T12:24:20.860Z	spark1	PROFILE	13.004	7.499
2026-09-28T12:24:20.877Z	spark2	PROFILE	13.143	4.120
2026-09-28T12:24:21.110Z	spark1	PROFILE	13.006	7.499
2026-09-28T12:24:21.142Z	spark2	PROFILE	13.143	4.120
2026-09-28T12:24:21.361Z	spark1	PROFILE	13.004	7.499
2026-09-28T12:24:21.393Z	spark2	PROFILE	13.143	4.120
2026-09-28T12:24:21.624Z	spark1	PROFILE	13.001	7.499
2026-09-28T12:24:21.643Z	spark2	PROFILE	13.143	4.120
2026-09-28T12:24:21.874Z	spark1	PROFILE	12.989	7.499
2026-09-28T12:24:21.894Z	spark2	PROFILE	13.143	4.120
2026-09-28T12:24:22.125Z	spark1	PROFILE	12.988	7.499
2026-09-28T12:24:22.155Z	spark2	PROFILE	13.151	4.120
2026-09-28T12:24:22.375Z	spark1	PROFILE	12.980	7.499
2026-09-28T12:24:22.405Z	spark2	PROFILE	13.151	4.120
2026-09-28T12:24:22.643Z	spark1	PROFILE	12.993	7.499
2026-09-28T12:24:22.657Z	spark2	PROFILE	13.151	4.120
2026-09-28T12:24:22.893Z	spark1	PROFILE	12.993	7.499
2026-09-28T12:24:22.907Z	spark2	PROFILE	13.156	4.120
2026-09-28T12:24:23.144Z	spark1	PROFILE	12.994	7.499
2026-09-28T12:24:23.171Z	spark2	PROFILE	13.164	4.120
2026-09-28T12:24:23.394Z	spark1	PROFILE	12.994	7.499
2026-09-28T12:24:23.422Z	spark2	PROFILE	13.164	4.120
2026-09-28T12:24:23.657Z	spark1	PROFILE	12.994	7.499
2026-09-28T12:24:23.673Z	spark2	PROFILE	13.164	4.120
2026-09-28T12:24:23.907Z	spark1	PROFILE	12.994	7.499
2026-09-28T12:24:23.923Z	spark2	PROFILE	13.164	4.120
2026-09-28T12:24:24.158Z	spark1	PROFILE	13.004	7.499
2026-09-28T12:24:24.189Z	spark2	PROFILE	13.170	4.120
2026-09-28T12:24:24.408Z	spark1	PROFILE	13.004	7.499
2026-09-28T12:24:24.439Z	spark2	PROFILE	13.170	4.120
2026-09-28T12:24:24.671Z	spark1	PROFILE	13.003	7.499
2026-09-28T12:24:24.690Z	spark2	PROFILE	13.170	4.120
2026-09-28T12:24:24.921Z	spark1	PROFILE	13.003	7.499
2026-09-28T12:24:24.940Z	spark2	PROFILE	13.178	4.120
2026-09-28T12:24:25.171Z	spark1	PROFILE	13.013	7.499
2026-09-28T12:24:25.202Z	spark2	PROFILE	13.181	4.120
2026-09-28T12:24:25.421Z	spark1	PROFILE	13.012	7.499
2026-09-28T12:24:25.451Z	spark2	PROFILE	13.182	4.120
2026-09-28T12:24:25.689Z	spark1	PROFILE	13.012	7.499
2026-09-28T12:24:25.702Z	spark2	PROFILE	13.182	4.120
2026-09-28T12:24:25.939Z	spark1	PROFILE	13.013	7.499
2026-09-28T12:24:25.953Z	spark2	PROFILE	13.190	4.120
2026-09-28T12:24:26.190Z	spark1	PROFILE	13.020	7.499
2026-09-28T12:24:26.214Z	spark2	PROFILE	13.193	4.120
2026-09-28T12:24:26.441Z	spark1	PROFILE	13.015	7.499
2026-09-28T12:24:26.465Z	spark2	PROFILE	13.193	4.120
2026-09-28T12:24:26.708Z	spark1	PROFILE	13.013	7.499
2026-09-28T12:24:26.715Z	spark2	PROFILE	13.193	4.120
2026-09-28T12:24:26.958Z	spark1	PROFILE	13.014	7.499
2026-09-28T12:24:26.966Z	spark2	PROFILE	13.193	4.120
2026-09-28T12:24:27.208Z	spark1	PROFILE	13.018	7.499
2026-09-28T12:24:27.227Z	spark2	PROFILE	13.203	4.120
2026-09-28T12:24:27.459Z	spark1	PROFILE	13.020	7.499
2026-09-28T12:24:27.477Z	spark2	PROFILE	13.206	4.120
2026-09-28T12:24:27.721Z	spark1	PROFILE	13.019	7.499
2026-09-28T12:24:27.729Z	spark2	PROFILE	13.206	4.120
2026-09-28T12:24:27.971Z	spark1	PROFILE	13.022	7.499
2026-09-28T12:24:27.978Z	spark2	PROFILE	13.206	4.120
2026-09-28T12:24:28.221Z	spark1	PROFILE	13.030	7.499
2026-09-28T12:24:28.244Z	spark2	PROFILE	13.216	4.120
2026-09-28T12:24:28.472Z	spark1	PROFILE	13.030	7.499
2026-09-28T12:24:28.494Z	spark2	PROFILE	13.216	4.120
2026-09-28T12:24:28.739Z	spark1	PROFILE	13.033	7.499
2026-09-28T12:24:28.745Z	spark2	PROFILE	13.216	4.120
2026-09-28T12:24:28.990Z	spark1	PROFILE	13.038	7.499
2026-09-28T12:24:28.995Z	spark2	PROFILE	13.216	4.120
2026-09-28T12:24:29.240Z	spark1	PROFILE	13.042	7.499
2026-09-28T12:24:29.261Z	spark2	PROFILE	13.226	4.120
2026-09-28T12:24:29.490Z	spark1	PROFILE	13.042	7.499
2026-09-28T12:24:29.511Z	spark2	PROFILE	13.228	4.120
2026-09-28T12:24:29.759Z	spark1	PROFILE	13.042	7.499
2026-09-28T12:24:29.761Z	spark2	PROFILE	13.229	4.120
2026-09-28T12:24:30.009Z	spark1	PROFILE	13.056	7.499
2026-09-28T12:24:30.012Z	spark2	PROFILE	13.230	4.120
2026-09-28T12:24:30.260Z	spark1	PROFILE	13.068	7.499
2026-09-28T12:24:30.273Z	spark2	PROFILE	13.243	4.120
2026-09-28T12:24:30.510Z	spark1	PROFILE	13.068	7.499
2026-09-28T12:24:30.524Z	spark2	PROFILE	13.244	4.120
2026-09-28T12:24:30.774Z	spark2	PROFILE	13.244	4.120
2026-09-28T12:24:30.777Z	spark1	PROFILE	13.074	7.499
2026-09-28T12:24:31.024Z	spark2	PROFILE	13.243	4.120
2026-09-28T12:24:31.027Z	spark1	PROFILE	13.076	7.499
2026-09-28T12:24:31.278Z	spark1	PROFILE	13.076	7.499
2026-09-28T12:24:31.288Z	spark2	PROFILE	13.247	4.120
2026-09-28T12:24:31.528Z	spark1	PROFILE	13.070	7.499
2026-09-28T12:24:31.539Z	spark2	PROFILE	13.236	4.120
2026-09-28T12:24:31.790Z	spark2	PROFILE	13.236	4.120
2026-09-28T12:24:31.791Z	spark1	PROFILE	13.070	7.499
2026-09-28T12:24:32.040Z	spark2	PROFILE	13.237	4.120
2026-09-28T12:24:32.041Z	spark1	PROFILE	13.072	7.499
2026-09-28T12:24:32.291Z	spark1	PROFILE	13.072	7.499
2026-09-28T12:24:32.306Z	spark2	PROFILE	13.237	4.120
2026-09-28T12:24:32.542Z	spark1	PROFILE	13.072	7.499
2026-09-28T12:24:32.556Z	spark2	PROFILE	13.237	4.120
2026-09-28T12:24:32.807Z	spark2	PROFILE	13.237	4.120
2026-09-28T12:24:32.809Z	spark1	PROFILE	13.071	7.499
2026-09-28T12:24:33.057Z	spark2	PROFILE	13.237	4.120
2026-09-28T12:24:33.059Z	spark1	PROFILE	13.073	7.499
2026-09-28T12:24:33.310Z	spark1	PROFILE	13.073	7.499
2026-09-28T12:24:33.317Z	spark2	PROFILE	13.239	4.120
2026-09-28T12:24:33.560Z	spark1	PROFILE	13.073	7.499
2026-09-28T12:24:33.569Z	spark2	PROFILE	13.239	4.120
2026-09-28T12:24:33.819Z	spark2	PROFILE	13.239	4.120
2026-09-28T12:24:33.828Z	spark1	PROFILE	13.073	7.499
2026-09-28T12:24:34.070Z	spark2	PROFILE	13.239	4.120
2026-09-28T12:24:34.079Z	spark1	PROFILE	13.074	7.499
2026-09-28T12:24:34.329Z	spark1	PROFILE	13.082	7.499
2026-09-28T12:24:34.335Z	spark2	PROFILE	13.238	4.120
2026-09-28T12:24:34.580Z	spark1	PROFILE	13.082	7.499
2026-09-28T12:24:34.585Z	spark2	PROFILE	13.238	4.120
2026-09-28T12:24:34.836Z	spark2	PROFILE	13.238	4.120
2026-09-28T12:24:34.843Z	spark1	PROFILE	13.082	7.499
2026-09-28T12:24:35.087Z	spark2	PROFILE	13.238	4.120
2026-09-28T12:24:35.094Z	spark1	PROFILE	13.083	7.499
2026-09-28T12:24:35.344Z	spark1	PROFILE	13.084	7.499
2026-09-28T12:24:35.347Z	spark2	PROFILE	13.239	4.120
2026-09-28T12:24:35.595Z	spark1	PROFILE	13.084	7.499
2026-09-28T12:24:35.597Z	spark2	PROFILE	13.239	4.120
2026-09-28T12:24:35.848Z	spark2	PROFILE	13.239	4.120
2026-09-28T12:24:35.858Z	spark1	PROFILE	13.084	7.499
2026-09-28T12:24:36.098Z	spark2	PROFILE	13.239	4.120
2026-09-28T12:24:36.108Z	spark1	PROFILE	13.085	7.499
2026-09-28T12:24:36.358Z	spark1	PROFILE	13.093	7.499
2026-09-28T12:24:36.359Z	spark2	PROFILE	13.247	4.120
2026-09-28T12:24:36.609Z	spark1	PROFILE	13.094	7.499
2026-09-28T12:24:36.610Z	spark2	PROFILE	13.247	4.120
2026-09-28T12:24:36.861Z	spark2	PROFILE	13.247	4.120
2026-09-28T12:24:36.873Z	spark1	PROFILE	13.087	7.496
2026-09-28T12:24:37.112Z	spark2	PROFILE	13.251	4.120
2026-09-28T12:24:37.123Z	spark1	PROFILE	13.095	7.496
2026-09-28T12:24:37.373Z	spark1	PROFILE	13.095	7.496
2026-09-28T12:24:37.377Z	spark2	PROFILE	13.251	4.120
2026-09-28T12:24:37.624Z	spark1	PROFILE	13.095	7.496
2026-09-28T12:24:37.627Z	spark2	PROFILE	13.255	4.120
2026-09-28T12:24:37.877Z	spark2	PROFILE	13.255	4.120
2026-09-28T12:24:37.892Z	spark1	PROFILE	13.095	7.496
2026-09-28T12:24:38.128Z	spark2	PROFILE	13.255	4.120
2026-09-28T12:24:38.142Z	spark1	PROFILE	13.106	7.496
2026-09-28T12:24:38.389Z	spark2	PROFILE	13.258	4.120
2026-09-28T12:24:38.393Z	spark1	PROFILE	13.106	7.496
2026-09-28T12:24:38.639Z	spark2	PROFILE	13.258	4.120
2026-09-28T12:24:38.643Z	spark1	PROFILE	13.106	7.496
2026-09-28T12:24:38.890Z	spark2	PROFILE	13.258	4.120
2026-09-28T12:24:38.906Z	spark1	PROFILE	13.110	7.496
2026-09-28T12:24:39.140Z	spark2	PROFILE	13.258	4.120
2026-09-28T12:24:39.156Z	spark1	PROFILE	13.120	7.496
2026-09-28T12:24:39.406Z	spark2	PROFILE	13.258	4.120
2026-09-28T12:24:39.407Z	spark1	PROFILE	13.119	7.496
2026-09-28T12:24:39.656Z	spark2	PROFILE	13.258	4.120
2026-09-28T12:24:39.657Z	spark1	PROFILE	13.117	7.496
2026-09-28T12:24:39.906Z	spark2	PROFILE	13.258	4.120
2026-09-28T12:24:39.919Z	spark1	PROFILE	13.124	7.496
2026-09-28T12:24:40.157Z	spark2	PROFILE	13.258	4.120
2026-09-28T12:24:40.169Z	spark1	PROFILE	13.130	7.496
2026-09-28T12:24:40.418Z	spark2	PROFILE	13.259	4.120
2026-09-28T12:24:40.420Z	spark1	PROFILE	13.129	7.496
2026-09-28T12:24:40.669Z	spark2	PROFILE	13.263	4.120
2026-09-28T12:24:40.670Z	spark1	PROFILE	13.136	7.496
2026-09-28T12:24:40.920Z	spark2	PROFILE	13.263	4.120
2026-09-28T12:24:40.938Z	spark1	PROFILE	13.137	7.496
2026-09-28T12:24:41.170Z	spark2	PROFILE	13.271	4.120
2026-09-28T12:24:41.189Z	spark1	PROFILE	13.152	7.496
2026-09-28T12:24:41.435Z	spark2	PROFILE	13.271	4.120
2026-09-28T12:24:41.439Z	spark1	PROFILE	13.140	7.496
2026-09-28T12:24:41.685Z	spark2	PROFILE	13.271	4.120
2026-09-28T12:24:41.689Z	spark1	PROFILE	13.134	7.496
2026-09-28T12:24:41.936Z	spark2	PROFILE	13.271	4.120
2026-09-28T12:24:41.958Z	spark1	PROFILE	13.149	7.496
2026-09-28T12:24:42.186Z	spark2	PROFILE	13.268	4.120
2026-09-28T12:24:42.208Z	spark1	PROFILE	13.149	7.496
2026-09-28T12:24:42.451Z	spark2	PROFILE	13.271	4.120
2026-09-28T12:24:42.458Z	spark1	PROFILE	13.149	7.496
2026-09-28T12:24:42.702Z	spark2	PROFILE	13.271	4.120
2026-09-28T12:24:42.709Z	spark1	PROFILE	13.143	7.496
2026-09-28T12:24:42.953Z	spark2	PROFILE	13.271	4.120
2026-09-28T12:24:42.972Z	spark1	PROFILE	13.143	7.496
2026-09-28T12:24:43.203Z	spark2	PROFILE	13.271	4.120
2026-09-28T12:24:43.222Z	spark1	PROFILE	13.147	7.496
2026-09-28T12:24:43.468Z	spark2	PROFILE	13.275	4.120
2026-09-28T12:24:43.473Z	spark1	PROFILE	13.147	7.496
2026-09-28T12:24:43.719Z	spark2	PROFILE	13.277	4.120
2026-09-28T12:24:43.723Z	spark1	PROFILE	13.147	7.496
2026-09-28T12:24:43.969Z	spark2	PROFILE	13.277	4.120
2026-09-28T12:24:43.986Z	spark1	PROFILE	13.148	7.496
2026-09-28T12:24:44.219Z	spark2	PROFILE	13.277	4.120
2026-09-28T12:24:44.237Z	spark1	PROFILE	13.157	7.496
2026-09-28T12:24:44.484Z	spark2	PROFILE	13.277	4.120
2026-09-28T12:24:44.487Z	spark1	PROFILE	13.157	7.496
2026-09-28T12:24:44.735Z	spark2	PROFILE	13.277	4.120
2026-09-28T12:24:44.737Z	spark1	PROFILE	13.157	7.496
2026-09-28T12:24:44.985Z	spark2	PROFILE	13.277	4.120
2026-09-28T12:24:45.004Z	spark1	PROFILE	13.167	7.496
2026-09-28T12:24:45.235Z	spark2	PROFILE	13.277	4.120
2026-09-28T12:24:45.255Z	spark1	PROFILE	13.178	7.496
2026-09-28T12:24:45.500Z	spark2	PROFILE	13.285	4.120
2026-09-28T12:24:45.505Z	spark1	PROFILE	13.178	7.496
2026-09-28T12:24:45.751Z	spark2	PROFILE	13.287	4.120
2026-09-28T12:24:45.755Z	spark1	PROFILE	13.179	7.496
2026-09-28T12:24:46.001Z	spark2	PROFILE	13.287	4.120
2026-09-28T12:24:46.023Z	spark1	PROFILE	13.186	7.496
2026-09-28T12:24:46.252Z	spark2	PROFILE	13.287	4.120
2026-09-28T12:24:46.274Z	spark1	PROFILE	13.188	7.496
2026-09-28T12:24:46.513Z	spark2	PROFILE	13.287	4.120
2026-09-28T12:24:46.524Z	spark1	PROFILE	13.193	7.496
2026-09-28T12:24:46.763Z	spark2	PROFILE	13.287	4.120
2026-09-28T12:24:46.775Z	spark1	PROFILE	13.193	7.496
2026-09-28T12:24:47.014Z	spark2	PROFILE	13.287	4.120
2026-09-28T12:24:47.042Z	spark1	PROFILE	13.200	7.496
2026-09-28T12:24:47.265Z	spark2	PROFILE	13.296	4.120
2026-09-28T12:24:47.293Z	spark1	PROFILE	13.201	7.496
2026-09-28T12:24:47.530Z	spark2	PROFILE	13.296	4.120
2026-09-28T12:24:47.543Z	spark1	PROFILE	13.201	7.496
2026-09-28T12:24:47.781Z	spark2	PROFILE	13.296	4.120
2026-09-28T12:24:47.793Z	spark1	PROFILE	13.201	7.496
2026-09-28T12:24:48.031Z	spark2	PROFILE	13.297	4.120
2026-09-28T12:24:48.055Z	spark1	PROFILE	13.207	7.496
2026-09-28T12:24:48.282Z	spark2	PROFILE	13.297	4.120
2026-09-28T12:24:48.305Z	spark1	PROFILE	13.208	7.496
2026-09-28T12:24:48.548Z	spark2	PROFILE	13.297	4.120
2026-09-28T12:24:48.556Z	spark1	PROFILE	13.208	7.496
2026-09-28T12:24:48.798Z	spark2	PROFILE	13.292	4.120
2026-09-28T12:24:48.806Z	spark1	PROFILE	13.208	7.496
2026-09-28T12:24:49.049Z	spark2	PROFILE	13.308	4.120
2026-09-28T12:24:49.069Z	spark1	PROFILE	13.210	7.496
2026-09-28T12:24:49.299Z	spark2	PROFILE	13.310	4.120
2026-09-28T12:24:49.320Z	spark1	PROFILE	13.218	7.496
2026-09-28T12:24:49.564Z	spark2	PROFILE	13.303	4.120
2026-09-28T12:24:49.570Z	spark1	PROFILE	13.218	7.496
2026-09-28T12:24:49.814Z	spark2	PROFILE	13.308	4.120
2026-09-28T12:24:49.821Z	spark1	PROFILE	13.218	7.496
2026-09-28T12:24:50.065Z	spark2	PROFILE	13.316	4.120
2026-09-28T12:24:50.088Z	spark1	PROFILE	13.219	7.496
2026-09-28T12:24:50.316Z	spark2	PROFILE	13.317	4.120
2026-09-28T12:24:50.338Z	spark1	PROFILE	13.217	7.496
2026-09-28T12:24:50.577Z	spark2	PROFILE	13.318	4.120
2026-09-28T12:24:50.589Z	spark1	PROFILE	13.217	7.496
2026-09-28T12:24:50.828Z	spark2	PROFILE	13.335	4.120
2026-09-28T12:24:50.840Z	spark1	PROFILE	13.217	7.496
2026-09-28T12:24:51.079Z	spark2	PROFILE	13.335	4.120
2026-09-28T12:24:51.103Z	spark1	PROFILE	13.217	7.496
2026-09-28T12:24:51.329Z	spark2	PROFILE	13.335	4.120
2026-09-28T12:24:51.353Z	spark1	PROFILE	13.214	7.496
2026-09-28T12:24:51.595Z	spark2	PROFILE	13.335	4.120
2026-09-28T12:24:51.604Z	spark1	PROFILE	13.219	7.496
2026-09-28T12:24:51.845Z	spark2	PROFILE	13.335	4.120
2026-09-28T12:24:51.855Z	spark1	PROFILE	13.219	7.496
2026-09-28T12:24:52.096Z	spark2	PROFILE	13.335	4.120
2026-09-28T12:24:52.122Z	spark1	PROFILE	13.219	7.496
2026-09-28T12:24:52.346Z	spark2	PROFILE	13.335	4.120
2026-09-28T12:24:52.373Z	spark1	PROFILE	13.219	7.496
2026-09-28T12:24:52.607Z	spark2	PROFILE	13.343	4.120
2026-09-28T12:24:52.623Z	spark1	PROFILE	13.237	7.496
2026-09-28T12:24:52.857Z	spark2	PROFILE	13.344	4.120
2026-09-28T12:24:52.874Z	spark1	PROFILE	13.229	7.496
2026-09-28T12:24:53.108Z	spark2	PROFILE	13.345	4.120
2026-09-28T12:24:53.142Z	spark1	PROFILE	13.232	7.496
2026-09-28T12:24:53.358Z	spark2	PROFILE	13.332	4.120
2026-09-28T12:24:53.392Z	spark1	PROFILE	13.226	7.495
2026-09-28T12:24:53.623Z	spark2	PROFILE	13.332	4.120
2026-09-28T12:24:53.643Z	spark1	PROFILE	13.226	7.495
2026-09-28T12:24:53.874Z	spark2	PROFILE	13.332	4.120
2026-09-28T12:24:53.894Z	spark1	PROFILE	13.227	7.495
2026-09-28T12:24:54.124Z	spark2	PROFILE	13.332	4.120
2026-09-28T12:24:54.156Z	spark1	PROFILE	13.228	7.495
2026-09-28T12:24:54.375Z	spark2	PROFILE	13.332	4.120
2026-09-28T12:24:54.406Z	spark1	PROFILE	13.231	7.495
2026-09-28T12:24:54.636Z	spark2	PROFILE	13.340	4.120
2026-09-28T12:24:54.657Z	spark1	PROFILE	13.235	7.495
2026-09-28T12:24:54.886Z	spark2	PROFILE	13.340	4.120
2026-09-28T12:24:54.907Z	spark1	PROFILE	13.235	7.495
2026-09-28T12:24:55.137Z	spark2	PROFILE	13.340	4.120
2026-09-28T12:24:55.175Z	spark1	PROFILE	13.235	7.495
2026-09-28T12:24:55.387Z	spark2	PROFILE	13.340	4.120
2026-09-28T12:24:55.425Z	spark1	PROFILE	13.239	7.495
2026-09-28T12:24:55.652Z	spark2	PROFILE	13.340	4.120
2026-09-28T12:24:55.676Z	spark1	PROFILE	13.238	7.495
2026-09-28T12:24:55.903Z	spark2	PROFILE	13.340	4.120
2026-09-28T12:24:55.926Z	spark1	PROFILE	13.242	7.495
2026-09-28T12:24:56.154Z	spark2	PROFILE	13.340	4.120
2026-09-28T12:24:56.189Z	spark1	PROFILE	13.243	7.495
2026-09-28T12:24:56.404Z	spark2	PROFILE	13.347	4.120
2026-09-28T12:24:56.439Z	spark1	PROFILE	13.240	7.495
2026-09-28T12:24:56.665Z	spark2	PROFILE	13.347	4.120
2026-09-28T12:24:56.689Z	spark1	PROFILE	13.240	7.495
2026-09-28T12:24:56.916Z	spark2	PROFILE	13.347	4.120
2026-09-28T12:24:56.940Z	spark1	PROFILE	13.239	7.495
2026-09-28T12:24:57.166Z	spark2	PROFILE	13.348	4.120
2026-09-28T12:24:57.208Z	spark1	PROFILE	13.242	7.495
2026-09-28T12:24:57.416Z	spark2	PROFILE	13.348	4.120
2026-09-28T12:24:57.458Z	spark1	PROFILE	13.249	7.495
2026-09-28T12:24:57.677Z	spark2	PROFILE	13.348	4.120
2026-09-28T12:24:57.709Z	spark1	PROFILE	13.252	7.495
2026-09-28T12:24:57.928Z	spark2	PROFILE	13.348	4.120
2026-09-28T12:24:57.959Z	spark1	PROFILE	13.496	7.495
2026-09-28T12:24:58.179Z	spark2	PROFILE	13.349	4.120
2026-09-28T12:24:58.222Z	spark1	PROFILE	14.525	7.495
2026-09-28T12:24:58.430Z	spark2	PROFILE	13.349	4.120
2026-09-28T12:24:58.472Z	spark1	PROFILE	14.410	7.495
2026-09-28T12:24:58.695Z	spark2	PROFILE	13.349	4.120
2026-09-28T12:24:58.723Z	spark1	PROFILE	14.289	7.495
2026-09-28T12:24:58.945Z	spark2	PROFILE	13.349	4.120
2026-09-28T12:24:58.973Z	spark1	PROFILE	14.182	7.495
2026-09-28T12:24:59.196Z	spark2	PROFILE	13.349	4.120
2026-09-28T12:24:59.240Z	spark1	PROFILE	14.058	7.495
2026-09-28T12:24:59.446Z	spark2	PROFILE	13.349	4.120
2026-09-28T12:24:59.490Z	spark1	PROFILE	13.951	7.495
2026-09-28T12:24:59.711Z	spark2	PROFILE	13.349	4.120
2026-09-28T12:24:59.740Z	spark1	PROFILE	13.836	7.495
2026-09-28T12:24:59.961Z	spark2	PROFILE	13.351	4.120
2026-09-28T12:24:59.991Z	spark1	PROFILE	13.729	7.495
2026-09-28T12:25:00.212Z	spark2	PROFILE	13.351	4.120
2026-09-28T12:25:00.254Z	spark1	PROFILE	13.643	7.495
2026-09-28T12:25:00.463Z	spark2	PROFILE	13.351	4.120
2026-09-28T12:25:00.504Z	spark1	PROFILE	13.620	7.495
2026-09-28T12:25:00.723Z	spark2	PROFILE	13.350	4.120
2026-09-28T12:25:00.755Z	spark1	PROFILE	13.620	7.495
2026-09-28T12:25:00.974Z	spark2	PROFILE	13.358	4.120
2026-09-28T12:25:01.005Z	spark1	PROFILE	13.613	7.495
2026-09-28T12:25:01.224Z	spark2	PROFILE	13.360	4.120
2026-09-28T12:25:01.273Z	spark1	PROFILE	13.597	7.495
2026-09-28T12:25:01.474Z	spark2	PROFILE	13.360	4.120
2026-09-28T12:25:01.523Z	spark1	PROFILE	13.596	7.495
2026-09-28T12:25:01.735Z	spark2	PROFILE	13.360	4.120
2026-09-28T12:25:01.774Z	spark1	PROFILE	13.587	7.495
2026-09-28T12:25:01.987Z	spark2	PROFILE	13.368	4.120
2026-09-28T12:25:02.024Z	spark1	PROFILE	13.588	7.495
2026-09-28T12:25:02.237Z	spark2	PROFILE	13.368	4.120
2026-09-28T12:25:02.287Z	spark1	PROFILE	13.588	7.495
2026-09-28T12:25:02.489Z	spark2	PROFILE	13.512	4.120
2026-09-28T12:25:02.537Z	spark1	PROFILE	13.588	7.495
2026-09-28T12:25:02.749Z	spark2	PROFILE	14.653	4.120
2026-09-28T12:25:02.787Z	spark1	PROFILE	13.588	7.495
2026-09-28T12:25:02.999Z	spark2	PROFILE	14.531	4.120
2026-09-28T12:25:03.038Z	spark1	PROFILE	13.582	7.495
2026-09-28T12:25:03.250Z	spark2	PROFILE	14.408	4.120
2026-09-28T12:25:03.301Z	spark1	PROFILE	13.582	7.495
2026-09-28T12:25:03.500Z	spark2	PROFILE	14.293	4.120
2026-09-28T12:25:03.550Z	spark1	PROFILE	13.576	7.495
2026-09-28T12:25:03.766Z	spark2	PROFILE	14.170	4.120
2026-09-28T12:25:03.801Z	spark1	PROFILE	13.572	7.495
2026-09-28T12:25:04.016Z	spark2	PROFILE	14.066	4.120
2026-09-28T12:25:04.051Z	spark1	PROFILE	13.572	7.495
2026-09-28T12:25:04.266Z	spark2	PROFILE	14.077	4.120
2026-09-28T12:25:04.316Z	spark1	PROFILE	13.561	7.495
2026-09-28T12:25:04.517Z	spark2	PROFILE	13.988	4.120
2026-09-28T12:25:04.566Z	spark1	PROFILE	13.561	7.495
2026-09-28T12:25:04.783Z	spark2	PROFILE	13.826	4.120
2026-09-28T12:25:04.817Z	spark1	PROFILE	13.539	7.495
2026-09-28T12:25:05.033Z	spark2	PROFILE	13.779	4.120
2026-09-28T12:25:05.068Z	spark1	PROFILE	13.538	7.495
2026-09-28T12:25:05.284Z	spark2	PROFILE	13.763	4.120
2026-09-28T12:25:05.336Z	spark1	PROFILE	13.541	7.495
2026-09-28T12:25:05.535Z	spark2	PROFILE	13.716	4.120
2026-09-28T12:25:05.587Z	spark1	PROFILE	13.541	7.495
2026-09-28T12:25:05.797Z	spark2	PROFILE	13.589	4.120
2026-09-28T12:25:05.837Z	spark1	PROFILE	13.544	7.495
2026-09-28T12:25:06.047Z	spark2	PROFILE	13.522	4.120
2026-09-28T12:25:06.088Z	spark1	PROFILE	13.545	7.495
2026-09-28T12:25:06.299Z	spark2	PROFILE	13.522	4.120
2026-09-28T12:25:06.356Z	spark1	PROFILE	13.545	7.495
2026-09-28T12:25:06.549Z	spark2	PROFILE	13.522	4.120
2026-09-28T12:25:06.606Z	spark1	PROFILE	13.552	7.495
2026-09-28T12:25:06.810Z	spark2	PROFILE	13.513	4.120
2026-09-28T12:25:06.857Z	spark1	PROFILE	13.537	7.495
2026-09-28T12:25:07.061Z	spark2	PROFILE	13.498	4.120
2026-09-28T12:25:07.107Z	spark1	PROFILE	13.536	7.495
2026-09-28T12:25:07.312Z	spark2	PROFILE	13.423	4.120
2026-09-28T12:25:07.376Z	spark1	PROFILE	13.537	7.495
2026-09-28T12:25:07.563Z	spark2	PROFILE	13.316	4.120
2026-09-28T12:25:07.627Z	spark1	PROFILE	13.538	7.495
2026-09-28T12:25:07.823Z	spark2	PROFILE	13.284	4.120
2026-09-28T12:25:07.877Z	spark1	PROFILE	13.538	7.495
2026-09-28T12:25:08.074Z	spark2	PROFILE	13.283	4.120
2026-09-28T12:25:08.127Z	spark1	PROFILE	13.539	7.495
2026-09-28T12:25:08.326Z	spark2	PROFILE	13.283	4.120
2026-09-28T12:25:08.395Z	spark1	PROFILE	13.539	7.495
2026-09-28T12:25:08.576Z	spark2	PROFILE	13.283	4.120
2026-09-28T12:25:08.646Z	spark1	PROFILE	13.523	7.495
2026-09-28T12:25:08.838Z	spark2	PROFILE	13.274	4.120
2026-09-28T12:25:08.897Z	spark1	PROFILE	13.523	7.495
2026-09-28T12:25:09.087Z	spark2	PROFILE	13.259	4.120
2026-09-28T12:25:09.147Z	spark1	PROFILE	13.526	7.495
2026-09-28T12:25:09.339Z	spark2	PROFILE	13.259	4.120
2026-09-28T12:25:09.410Z	spark1	PROFILE	13.526	7.495
2026-09-28T12:25:09.589Z	spark2	PROFILE	13.259	4.120
2026-09-28T12:25:09.660Z	spark1	PROFILE	13.526	7.495
2026-09-28T12:25:09.850Z	spark2	PROFILE	13.257	4.120
2026-09-28T12:25:09.911Z	spark1	PROFILE	13.518	7.495
2026-09-28T12:25:10.101Z	spark2	PROFILE	13.257	4.120
2026-09-28T12:25:10.162Z	spark1	PROFILE	13.518	7.495
2026-09-28T12:25:10.351Z	spark2	PROFILE	13.257	4.120
2026-09-28T12:25:10.430Z	spark1	PROFILE	13.509	7.495
2026-09-28T12:25:10.602Z	spark2	PROFILE	13.257	4.120
2026-09-28T12:25:10.680Z	spark1	PROFILE	13.493	7.495
2026-09-28T12:25:10.864Z	spark2	PROFILE	13.241	4.120
2026-09-28T12:25:10.931Z	spark1	PROFILE	13.495	7.495
2026-09-28T12:25:11.114Z	spark2	PROFILE	13.241	4.120
2026-09-28T12:25:11.181Z	spark1	PROFILE	13.495	7.495
2026-09-28T12:25:11.365Z	spark2	PROFILE	13.241	4.120
2026-09-28T12:25:11.449Z	spark1	PROFILE	13.495	7.495
2026-09-28T12:25:11.615Z	spark2	PROFILE	13.241	4.120
2026-09-28T12:25:11.699Z	spark1	PROFILE	13.501	7.495
2026-09-28T12:25:11.875Z	spark2	PROFILE	13.238	4.120
2026-09-28T12:25:11.949Z	spark1	PROFILE	13.508	7.495
2026-09-28T12:25:12.127Z	spark2	PROFILE	13.238	4.120
2026-09-28T12:25:12.200Z	spark1	PROFILE	13.508	7.495
2026-09-28T12:25:12.378Z	spark2	PROFILE	13.238	4.120
2026-09-28T12:25:12.463Z	spark1	PROFILE	13.507	7.495
2026-09-28T12:25:12.628Z	spark2	PROFILE	13.220	4.120
2026-09-28T12:25:12.713Z	spark1	PROFILE	13.500	7.495
2026-09-28T12:25:12.893Z	spark2	PROFILE	13.181	4.120
2026-09-28T12:25:12.964Z	spark1	PROFILE	13.493	7.495
2026-09-28T12:25:13.144Z	spark2	PROFILE	13.163	4.120
2026-09-28T12:25:13.215Z	spark1	PROFILE	13.493	7.495
2026-09-28T12:25:13.395Z	spark2	PROFILE	13.163	4.120
2026-09-28T12:25:13.479Z	spark1	PROFILE	13.493	7.495
2026-09-28T12:25:13.645Z	spark2	PROFILE	13.163	4.120
2026-09-28T12:25:13.729Z	spark1	PROFILE	13.493	7.495
2026-09-28T12:25:13.910Z	spark2	PROFILE	13.163	4.120
2026-09-28T12:25:13.979Z	spark1	PROFILE	13.479	7.495
2026-09-28T12:25:14.161Z	spark2	PROFILE	13.163	4.120
2026-09-28T12:25:14.230Z	spark1	PROFILE	13.479	7.495
2026-09-28T12:25:14.411Z	spark2	PROFILE	13.140	4.120
2026-09-28T12:25:14.498Z	spark1	PROFILE	13.459	7.494
2026-09-28T12:25:14.662Z	spark2	PROFILE	13.119	4.120
2026-09-28T12:25:14.748Z	spark1	PROFILE	13.441	7.494
2026-09-28T12:25:14.927Z	spark2	PROFILE	13.013	4.120
2026-09-28T12:25:14.999Z	spark1	PROFILE	13.442	7.494
2026-09-28T12:25:15.177Z	spark2	PROFILE	12.974	4.120
2026-09-28T12:25:15.249Z	spark1	PROFILE	13.421	7.494
2026-09-28T12:25:15.428Z	spark2	PROFILE	12.974	4.120
2026-09-28T12:25:15.517Z	spark1	PROFILE	13.422	7.494
2026-09-28T12:25:15.678Z	spark2	PROFILE	12.974	4.120
2026-09-28T12:25:15.767Z	spark1	PROFILE	13.420	7.494
2026-09-28T12:25:15.940Z	spark2	PROFILE	12.973	4.120
2026-09-28T12:25:16.017Z	spark1	PROFILE	13.417	7.494
2026-09-28T12:25:16.190Z	spark2	PROFILE	12.973	4.120
2026-09-28T12:25:16.268Z	spark1	PROFILE	13.416	7.494
2026-09-28T12:25:16.442Z	spark2	PROFILE	12.966	4.120
2026-09-28T12:25:16.531Z	spark1	PROFILE	13.417	7.494
2026-09-28T12:25:16.692Z	spark2	PROFILE	12.958	4.120
2026-09-28T12:25:16.782Z	spark1	PROFILE	13.402	7.494
2026-09-28T12:25:16.953Z	spark2	PROFILE	12.956	4.120
2026-09-28T12:25:17.032Z	spark1	PROFILE	13.405	7.494
2026-09-28T12:25:17.203Z	spark2	PROFILE	12.957	4.120
2026-09-28T12:25:17.283Z	spark1	PROFILE	13.405	7.494
2026-09-28T12:25:17.454Z	spark2	PROFILE	12.957	4.120
2026-09-28T12:25:17.546Z	spark1	PROFILE	13.404	7.494
2026-09-28T12:25:17.706Z	spark2	PROFILE	12.950	4.120
2026-09-28T12:25:17.796Z	spark1	PROFILE	13.404	7.494
2026-09-28T12:25:17.967Z	spark2	PROFILE	12.949	4.120
2026-09-28T12:25:18.046Z	spark1	PROFILE	13.386	7.494
2026-09-28T12:25:18.217Z	spark2	PROFILE	12.949	4.120
2026-09-28T12:25:18.297Z	spark1	PROFILE	13.395	7.494
2026-09-28T12:25:18.467Z	spark2	PROFILE	12.934	4.120
2026-09-28T12:25:18.564Z	spark1	PROFILE	13.395	7.494
2026-09-28T12:25:18.718Z	spark2	PROFILE	12.934	4.120
2026-09-28T12:25:18.814Z	spark1	PROFILE	13.393	7.492
2026-09-28T12:25:18.984Z	spark2	PROFILE	12.933	4.120
2026-09-28T12:25:19.065Z	spark1	PROFILE	13.381	7.491
2026-09-28T12:25:19.234Z	spark2	PROFILE	12.933	4.120
2026-09-28T12:25:19.315Z	spark1	PROFILE	13.383	7.489
2026-09-28T12:25:19.485Z	spark2	PROFILE	12.933	4.120
2026-09-28T12:25:19.578Z	spark1	PROFILE	13.381	7.489
2026-09-28T12:25:19.735Z	spark2	PROFILE	12.933	4.120
2026-09-28T12:25:19.828Z	spark1	PROFILE	13.381	7.489
2026-09-28T12:25:20.001Z	spark2	PROFILE	12.930	4.120
2026-09-28T12:25:20.079Z	spark1	PROFILE	13.382	7.489
2026-09-28T12:25:20.251Z	spark2	PROFILE	12.923	4.120
2026-09-28T12:25:20.329Z	spark1	PROFILE	13.369	7.489
2026-09-28T12:25:20.503Z	spark2	PROFILE	12.897	4.120
2026-09-28T12:25:20.591Z	spark1	PROFILE	13.369	7.489
2026-09-28T12:25:20.753Z	spark2	PROFILE	12.869	4.120
2026-09-28T12:25:20.841Z	spark1	PROFILE	13.369	7.489
2026-09-28T12:25:21.018Z	spark2	PROFILE	12.869	4.120
2026-09-28T12:25:21.091Z	spark1	PROFILE	13.362	7.489
2026-09-28T12:25:21.268Z	spark2	PROFILE	12.871	4.120
2026-09-28T12:25:21.342Z	spark1	PROFILE	13.355	7.489
2026-09-28T12:25:21.518Z	spark2	PROFILE	12.871	4.120
2026-09-28T12:25:21.605Z	spark1	PROFILE	13.351	7.489
2026-09-28T12:25:21.770Z	spark2	PROFILE	12.872	4.120
2026-09-28T12:25:21.855Z	spark1	PROFILE	13.351	7.489
2026-09-28T12:25:22.035Z	spark2	PROFILE	12.870	4.120
2026-09-28T12:25:22.106Z	spark1	PROFILE	13.354	7.489
2026-09-28T12:25:22.286Z	spark2	PROFILE	12.863	4.120
2026-09-28T12:25:22.357Z	spark1	PROFILE	13.363	7.489
2026-09-28T12:25:22.537Z	spark2	PROFILE	12.855	4.120
2026-09-28T12:25:22.625Z	spark1	PROFILE	13.363	7.489
2026-09-28T12:25:22.787Z	spark2	PROFILE	12.855	4.120
2026-09-28T12:25:22.876Z	spark1	PROFILE	13.365	7.489
2026-09-28T12:25:23.048Z	spark2	PROFILE	12.854	4.120
2026-09-28T12:25:23.126Z	spark1	PROFILE	13.363	7.489
2026-09-28T12:25:23.299Z	spark2	PROFILE	12.854	4.120
2026-09-28T12:25:23.377Z	spark1	PROFILE	13.345	7.489
2026-09-28T12:25:23.550Z	spark2	PROFILE	12.855	4.120
2026-09-28T12:25:23.640Z	spark1	PROFILE	13.345	7.489
2026-09-28T12:25:23.801Z	spark2	PROFILE	12.855	4.120
2026-09-28T12:25:23.891Z	spark1	PROFILE	13.345	7.489
2026-09-28T12:25:24.063Z	spark2	PROFILE	12.864	4.120
2026-09-28T12:25:24.141Z	spark1	PROFILE	13.345	7.489
2026-09-28T12:25:24.313Z	spark2	PROFILE	12.850	4.120
2026-09-28T12:25:24.392Z	spark1	PROFILE	13.345	7.489
2026-09-28T12:25:24.565Z	spark2	PROFILE	12.832	4.120
2026-09-28T12:25:24.655Z	spark1	PROFILE	13.087	7.489
2026-09-28T12:25:24.815Z	spark2	PROFILE	12.832	4.120
2026-09-28T12:25:24.905Z	spark1	PROFILE	12.730	7.489
2026-09-28T12:25:25.075Z	spark2	PROFILE	12.831	4.120
2026-09-28T12:25:25.156Z	spark1	PROFILE	12.722	7.489
2026-09-28T12:25:25.325Z	spark2	PROFILE	12.831	4.120
2026-09-28T12:25:25.406Z	spark1	PROFILE	12.727	7.489
2026-09-28T12:25:25.575Z	spark2	PROFILE	12.838	4.120
2026-09-28T12:25:25.669Z	spark1	PROFILE	12.724	7.489
2026-09-28T12:25:25.827Z	spark2	PROFILE	12.796	4.120
2026-09-28T12:25:25.920Z	spark1	PROFILE	12.717	7.489
2026-09-28T12:25:26.091Z	spark2	PROFILE	12.746	4.120
2026-09-28T12:25:26.170Z	spark1	PROFILE	12.717	7.489
2026-09-28T12:25:26.342Z	spark2	PROFILE	12.713	4.120
2026-09-28T12:25:26.421Z	spark1	PROFILE	12.729	7.489
2026-09-28T12:25:26.594Z	spark2	PROFILE	12.697	4.120
2026-09-28T12:25:26.689Z	spark1	PROFILE	12.720	7.489
2026-09-28T12:25:26.844Z	spark2	PROFILE	12.697	4.120
2026-09-28T12:25:26.940Z	spark1	PROFILE	12.721	7.488
2026-09-28T12:25:27.110Z	spark2	PROFILE	12.698	4.120
2026-09-28T12:25:27.190Z	spark1	PROFILE	12.728	7.488
2026-09-28T12:25:27.360Z	spark2	PROFILE	12.699	4.120
2026-09-28T12:25:27.441Z	spark1	PROFILE	12.692	7.488
2026-09-28T12:25:27.611Z	spark2	PROFILE	12.332	4.120
2026-09-28T12:25:27.709Z	spark1	PROFILE	12.757	7.488
2026-09-28T12:25:27.861Z	spark2	PROFILE	12.079	4.120
2026-09-28T12:25:27.959Z	spark1	PROFILE	13.953	7.488
2026-09-28T12:25:28.123Z	spark2	PROFILE	12.074	4.120
2026-09-28T12:25:28.210Z	spark1	PROFILE	13.953	7.488
2026-09-28T12:25:28.373Z	spark2	PROFILE	12.067	4.120
2026-09-28T12:25:28.460Z	spark1	PROFILE	13.840	7.488
2026-09-28T12:25:28.624Z	spark2	PROFILE	12.067	4.120
2026-09-28T12:25:28.729Z	spark1	PROFILE	13.699	7.488
2026-09-28T12:25:28.875Z	spark2	PROFILE	12.059	4.120
2026-09-28T12:25:28.980Z	spark1	PROFILE	13.614	7.488
2026-09-28T12:25:29.135Z	spark2	PROFILE	12.066	4.120
2026-09-28T12:25:29.230Z	spark1	PROFILE	13.553	7.488
2026-09-28T12:25:29.387Z	spark2	PROFILE	12.069	4.120
2026-09-28T12:25:29.480Z	spark1	PROFILE	13.422	7.488
2026-09-28T12:25:29.637Z	spark2	PROFILE	12.061	4.120
2026-09-28T12:25:29.742Z	spark1	PROFILE	13.398	7.488
2026-09-28T12:25:29.888Z	spark2	PROFILE	12.056	4.120
2026-09-28T12:25:29.992Z	spark1	PROFILE	13.345	7.488
2026-09-28T12:25:30.150Z	spark2	PROFILE	12.017	4.120
2026-09-28T12:25:30.243Z	spark1	PROFILE	13.327	7.488
2026-09-28T12:25:30.400Z	spark2	PROFILE	12.997	4.120
2026-09-28T12:25:30.493Z	spark1	PROFILE	13.296	7.488
2026-09-28T12:25:30.651Z	spark2	PROFILE	14.223	4.120
2026-09-28T12:25:30.761Z	spark1	PROFILE	13.280	7.488
2026-09-28T12:25:30.902Z	spark2	PROFILE	14.588	4.120
2026-09-28T12:25:31.012Z	spark1	PROFILE	13.272	7.488
2026-09-28T12:25:31.167Z	spark2	PROFILE	14.609	4.120
2026-09-28T12:25:31.262Z	spark1	PROFILE	13.255	7.488
2026-09-28T12:25:31.418Z	spark2	PROFILE	14.440	4.120
2026-09-28T12:25:31.513Z	spark1	PROFILE	13.240	7.488
2026-09-28T12:25:31.669Z	spark2	PROFILE	14.379	4.120
2026-09-28T12:25:31.776Z	spark1	PROFILE	13.239	7.488
2026-09-28T12:25:31.919Z	spark2	PROFILE	14.317	4.120
2026-09-28T12:25:32.027Z	spark1	PROFILE	13.224	7.488
2026-09-28T12:25:32.185Z	spark2	PROFILE	14.239	4.120
2026-09-28T12:25:32.278Z	spark1	PROFILE	13.209	7.488
2026-09-28T12:25:32.435Z	spark2	PROFILE	14.116	4.120
2026-09-28T12:25:32.528Z	spark1	PROFILE	13.199	7.488
2026-09-28T12:25:32.685Z	spark2	PROFILE	14.112	4.120
2026-09-28T12:25:32.791Z	spark1	PROFILE	13.183	7.488
2026-09-28T12:25:32.936Z	spark2	PROFILE	14.062	4.120
2026-09-28T12:25:33.041Z	spark1	PROFILE	13.176	7.488
2026-09-28T12:25:33.198Z	spark2	PROFILE	14.053	4.120
2026-09-28T12:25:33.291Z	spark1	PROFILE	13.160	7.488
2026-09-28T12:25:33.448Z	spark2	PROFILE	14.023	4.120
2026-09-28T12:25:33.542Z	spark1	PROFILE	13.146	7.488
2026-09-28T12:25:33.698Z	spark2	PROFILE	14.015	4.120
2026-09-28T12:25:33.810Z	spark1	PROFILE	13.129	7.488
2026-09-28T12:25:33.949Z	spark2	PROFILE	14.000	4.120
2026-09-28T12:25:34.060Z	spark1	PROFILE	13.129	7.488
2026-09-28T12:25:34.215Z	spark2	PROFILE	14.000	4.120
2026-09-28T12:25:34.312Z	spark1	PROFILE	13.114	7.488
2026-09-28T12:25:34.466Z	spark2	PROFILE	13.985	4.120
2026-09-28T12:25:34.562Z	spark1	PROFILE	13.100	7.488
2026-09-28T12:25:34.716Z	spark2	PROFILE	13.970	4.120
2026-09-28T12:25:34.825Z	spark1	PROFILE	13.100	7.488
2026-09-28T12:25:34.967Z	spark2	PROFILE	13.963	4.120
2026-09-28T12:25:35.075Z	spark1	PROFILE	13.095	7.488
2026-09-28T12:25:35.232Z	spark2	PROFILE	13.957	4.120
2026-09-28T12:25:35.326Z	spark1	PROFILE	13.427	7.488
2026-09-28T12:25:35.482Z	spark2	PROFILE	13.942	4.120
2026-09-28T12:25:35.576Z	spark1	PROFILE	13.365	7.488
2026-09-28T12:25:35.733Z	spark2	PROFILE	13.935	4.120
2026-09-28T12:25:35.838Z	spark1	PROFILE	13.177	7.488
2026-09-28T12:25:35.984Z	spark2	PROFILE	13.919	4.120
2026-09-28T12:25:36.089Z	spark1	PROFILE	13.187	7.488
2026-09-28T12:25:36.249Z	spark2	PROFILE	13.911	4.120
2026-09-28T12:25:36.339Z	spark1	PROFILE	13.162	7.488
2026-09-28T12:25:36.499Z	spark2	PROFILE	13.896	4.120
2026-09-28T12:25:36.589Z	spark1	PROFILE	13.137	7.488
2026-09-28T12:25:36.750Z	spark2	PROFILE	13.868	4.120
2026-09-28T12:25:36.856Z	spark1	PROFILE	13.143	7.488
2026-09-28T12:25:37.000Z	spark2	PROFILE	13.832	4.119
2026-09-28T12:25:37.107Z	spark1	PROFILE	13.153	7.488
2026-09-28T12:25:37.261Z	spark2	PROFILE	13.822	4.119
2026-09-28T12:25:37.357Z	spark1	PROFILE	13.134	7.488
2026-09-28T12:25:37.512Z	spark2	PROFILE	13.807	4.119
2026-09-28T12:25:37.607Z	spark1	PROFILE	13.134	7.488
2026-09-28T12:25:37.763Z	spark2	PROFILE	13.792	4.119
2026-09-28T12:25:37.874Z	spark1	PROFILE	13.149	7.488
2026-09-28T12:25:38.014Z	spark2	PROFILE	13.792	4.119
2026-09-28T12:25:38.125Z	spark1	PROFILE	13.153	7.488
2026-09-28T12:25:38.279Z	spark2	PROFILE	13.787	4.119
2026-09-28T12:25:38.375Z	spark1	PROFILE	13.153	7.488
2026-09-28T12:25:38.529Z	spark2	PROFILE	14.179	4.119
2026-09-28T12:25:38.626Z	spark1	PROFILE	13.153	7.488
2026-09-28T12:25:38.779Z	spark2	PROFILE	14.134	4.119
2026-09-28T12:25:38.893Z	spark1	PROFILE	13.157	7.488
2026-09-28T12:25:39.030Z	spark2	PROFILE	13.939	4.119
2026-09-28T12:25:39.144Z	spark1	PROFILE	13.127	7.488
2026-09-28T12:25:39.291Z	spark2	PROFILE	13.922	4.119
2026-09-28T12:25:39.394Z	spark1	KV_READY	13.128	7.488
2026-09-28T12:25:39.541Z	spark2	KV_READY	15.141	4.119
2026-09-28T12:25:39.644Z	spark1	KV_READY	14.354	7.488
2026-09-28T12:25:39.792Z	spark2	KV_READY	13.267	4.119
2026-09-28T12:25:39.906Z	spark1	KV_READY	13.703	7.488
2026-09-28T12:25:40.042Z	spark2	KV_READY	13.275	4.119
2026-09-28T12:25:40.156Z	spark1	KV_READY	13.693	7.488
2026-09-28T12:25:40.304Z	spark2	KV_READY	13.283	4.119
2026-09-28T12:25:40.407Z	spark1	KV_READY	13.478	7.487
2026-09-28T12:25:40.555Z	spark2	KV_READY	13.283	4.119
2026-09-28T12:25:40.657Z	spark1	KV_READY	13.477	7.487
2026-09-28T12:25:40.805Z	spark2	KV_READY	13.283	4.119
2026-09-28T12:25:40.919Z	spark1	KV_READY	13.464	7.487
2026-09-28T12:25:41.056Z	spark2	KV_READY	13.297	4.119
2026-09-28T12:25:41.169Z	spark1	KV_READY	13.464	7.487
2026-09-28T12:25:41.317Z	spark2	KV_READY	13.305	4.119
2026-09-28T12:25:41.420Z	spark1	KV_READY	13.463	7.487
2026-09-28T12:25:41.567Z	spark2	KV_READY	13.305	4.119
2026-09-28T12:25:41.671Z	spark1	KV_READY	13.428	7.487
2026-09-28T12:25:41.820Z	spark2	KV_READY	13.305	4.119
2026-09-28T12:25:41.939Z	spark1	KV_READY	13.356	7.487
2026-09-28T12:25:42.069Z	spark2	KV_READY	13.317	4.119
2026-09-28T12:25:42.190Z	spark1	KV_READY	13.221	7.487
2026-09-28T12:25:42.329Z	spark2	KV_READY	13.327	4.119
2026-09-28T12:25:42.440Z	spark1	KV_READY	13.190	7.487
2026-09-28T12:25:42.579Z	spark2	KV_READY	13.329	4.119
2026-09-28T12:25:42.690Z	spark1	KV_READY	13.160	7.487
2026-09-28T12:25:42.829Z	spark2	KV_READY	13.293	4.119
2026-09-28T12:25:42.957Z	spark1	KV_READY	13.106	7.487
2026-09-28T12:25:43.079Z	spark2	KV_READY	13.295	4.119
2026-09-28T12:25:43.208Z	spark1	KV_READY	13.089	7.487
2026-09-28T12:25:43.344Z	spark2	KV_READY	13.293	4.119
2026-09-28T12:25:43.459Z	spark1	KV_READY	13.050	7.487
2026-09-28T12:25:43.594Z	spark2	KV_READY	13.269	4.119
2026-09-28T12:25:43.710Z	spark1	KV_READY	13.019	7.487
2026-09-28T12:25:43.845Z	spark2	KV_READY	13.269	4.119
2026-09-28T12:25:43.973Z	spark1	KV_READY	13.021	7.487
2026-09-28T12:25:44.095Z	spark2	KV_READY	13.274	4.119
2026-09-28T12:25:44.223Z	spark1	KV_READY	12.997	7.487
2026-09-28T12:25:44.360Z	spark2	KV_READY	13.246	4.119
2026-09-28T12:25:44.473Z	spark1	KV_READY	12.962	7.487
2026-09-28T12:25:44.610Z	spark2	KV_READY	13.216	4.119
2026-09-28T12:25:44.724Z	spark1	KV_READY	12.951	7.487
2026-09-28T12:25:44.861Z	spark2	KV_READY	13.209	4.119
2026-09-28T12:25:44.991Z	spark1	KV_READY	12.907	7.487
2026-09-28T12:25:45.111Z	spark2	KV_READY	13.182	4.119
2026-09-28T12:25:45.241Z	spark1	KV_READY	12.912	7.487
2026-09-28T12:25:45.371Z	spark2	KV_READY	13.160	4.119
2026-09-28T12:25:45.492Z	spark1	KV_READY	12.902	7.487
2026-09-28T12:25:45.622Z	spark2	KV_READY	13.163	4.119
2026-09-28T12:25:45.742Z	spark1	KV_READY	12.916	7.487
2026-09-28T12:25:45.872Z	spark2	KV_READY	13.174	4.119
2026-09-28T12:25:46.011Z	spark1	KV_READY	12.914	7.487
2026-09-28T12:25:46.123Z	spark2	KV_READY	13.176	4.119
2026-09-28T12:25:46.261Z	spark1	KV_READY	12.955	7.487
2026-09-28T12:25:46.389Z	spark2	KV_READY	13.173	4.119
2026-09-28T12:25:46.512Z	spark1	KV_READY	12.948	7.487
2026-09-28T12:25:46.639Z	spark2	KV_READY	13.177	4.119
2026-09-28T12:25:46.763Z	spark1	KV_READY	12.975	7.487
2026-09-28T12:25:46.889Z	spark2	KV_READY	13.183	4.119
2026-09-28T12:25:47.031Z	spark1	KV_READY	13.734	7.487
2026-09-28T12:25:47.140Z	spark2	KV_READY	13.183	4.119
2026-09-28T12:25:47.281Z	spark1	KV_READY	13.676	7.487
2026-09-28T12:25:47.405Z	spark2	KV_READY	13.174	4.119
2026-09-28T12:25:47.531Z	spark1	KV_READY	13.651	7.487
2026-09-28T12:25:47.655Z	spark2	KV_READY	13.138	4.119
2026-09-28T12:25:47.781Z	spark1	KV_READY	13.481	7.487
2026-09-28T12:25:47.906Z	spark2	KV_READY	12.926	4.119
2026-09-28T12:25:48.051Z	spark1	KV_READY	13.247	7.487
2026-09-28T12:25:48.157Z	spark2	KV_READY	12.842	4.119
2026-09-28T12:25:48.302Z	spark1	KV_READY	13.023	7.487
2026-09-28T12:25:48.423Z	spark2	KV_READY	12.446	4.119
2026-09-28T12:25:48.552Z	spark1	KV_READY	12.537	7.487
2026-09-28T12:25:48.673Z	spark2	KV_READY	12.257	4.119
2026-09-28T12:25:48.803Z	spark1	KV_READY	12.723	7.487
2026-09-28T12:25:48.923Z	spark2	KV_READY	12.804	4.119
2026-09-28T12:25:49.081Z	spark1	KV_READY	12.566	7.487
2026-09-28T12:25:49.174Z	spark2	KV_READY	12.467	4.119
2026-09-28T12:25:49.331Z	spark1	KV_READY	12.875	7.487
2026-09-28T12:25:49.440Z	spark2	KV_READY	12.842	4.119
2026-09-28T12:25:49.581Z	spark1	KV_READY	12.552	7.487
2026-09-28T12:25:49.690Z	spark2	KV_READY	12.660	4.119
2026-09-28T12:25:49.832Z	spark1	KV_READY	13.513	7.487
2026-09-28T12:25:49.940Z	spark2	KV_READY	12.302	4.119
2026-09-28T12:25:50.101Z	spark1	KV_READY	13.093	7.487
2026-09-28T12:25:50.191Z	spark2	KV_READY	13.172	4.119
2026-09-28T12:25:50.351Z	spark1	KV_READY	12.797	7.487
2026-09-28T12:25:50.458Z	spark2	KV_READY	13.001	4.119
2026-09-28T12:25:50.601Z	spark1	KV_READY	12.718	7.487
2026-09-28T12:25:50.708Z	spark2	KV_READY	12.940	4.119
2026-09-28T12:25:50.851Z	spark1	KV_READY	12.691	7.487
2026-09-28T12:25:50.959Z	spark2	KV_READY	12.902	4.119
2026-09-28T12:25:51.113Z	spark1	KV_READY	12.665	7.487
2026-09-28T12:25:51.210Z	spark2	KV_READY	12.902	4.119
2026-09-28T12:25:51.364Z	spark1	KV_READY	12.665	7.487
2026-09-28T12:25:51.471Z	spark2	KV_READY	12.870	4.119
2026-09-28T12:25:51.614Z	spark1	KV_READY	12.641	7.487
2026-09-28T12:25:51.721Z	spark2	KV_READY	12.862	4.119
2026-09-28T12:25:51.864Z	spark1	KV_READY	12.624	7.487
2026-09-28T12:25:51.972Z	spark2	KV_READY	12.862	4.119
2026-09-28T12:25:52.131Z	spark1	KV_READY	12.621	7.487
2026-09-28T12:25:52.221Z	spark2	KV_READY	12.855	4.119
2026-09-28T12:25:52.382Z	spark1	KV_READY	13.316	7.487
2026-09-28T12:25:52.487Z	spark2	KV_READY	12.883	4.119
2026-09-28T12:25:52.632Z	spark1	KV_READY	13.324	7.487
2026-09-28T12:25:52.738Z	spark2	KV_READY	12.883	4.119
2026-09-28T12:25:52.883Z	spark1	KV_READY	13.284	7.487
2026-09-28T12:25:52.989Z	spark2	KV_READY	12.883	4.119
2026-09-28T12:25:53.147Z	spark1	KV_READY	13.284	7.487
2026-09-28T12:25:53.240Z	spark2	KV_READY	12.883	4.119
2026-09-28T12:25:53.398Z	spark1	KV_READY	13.283	7.487
2026-09-28T12:25:53.501Z	spark2	KV_READY	12.868	4.119
2026-09-28T12:25:53.648Z	spark1	KV_READY	13.164	7.487
2026-09-28T12:25:53.751Z	spark2	KV_READY	12.868	4.119
2026-09-28T12:25:53.898Z	spark1	KV_READY	13.057	7.486
2026-09-28T12:25:54.001Z	spark2	KV_READY	12.868	4.119
2026-09-28T12:25:54.160Z	spark1	KV_READY	12.965	7.486
2026-09-28T12:25:54.252Z	spark2	KV_READY	12.868	4.119
2026-09-28T12:25:54.410Z	spark1	KV_READY	12.956	7.486
2026-09-28T12:25:54.512Z	spark2	KV_READY	12.883	4.119
2026-09-28T12:25:54.661Z	spark1	KV_READY	12.779	7.486
2026-09-28T12:25:54.762Z	spark2	KV_READY	12.615	4.119
2026-09-28T12:25:54.911Z	spark1	KV_READY	12.589	7.486
2026-09-28T12:25:55.013Z	spark2	KV_READY	12.112	4.119
2026-09-28T12:25:55.186Z	spark1	KV_READY	12.570	7.486
2026-09-28T12:25:55.263Z	spark2	KV_READY	12.444	4.119
2026-09-28T12:25:55.436Z	spark1	KV_READY	12.343	7.486
2026-09-28T12:25:55.534Z	spark2	KV_READY	12.197	4.119
2026-09-28T12:25:55.687Z	spark1	KV_READY	11.463	7.486
2026-09-28T12:25:55.784Z	spark2	KV_READY	11.200	4.119
2026-09-28T12:25:55.937Z	spark1	KV_READY	10.094	7.486
2026-09-28T12:25:56.035Z	spark2	KV_READY	10.146	4.119
2026-09-28T12:25:56.209Z	spark1	KV_READY	9.031	7.486
2026-09-28T12:25:56.286Z	spark2	KV_READY	9.117	4.119
2026-09-28T12:25:56.459Z	spark1	KV_READY	8.510	7.486
2026-09-28T12:25:56.555Z	spark2	KV_READY	8.855	4.119
2026-09-28T12:25:56.710Z	spark1	KV_READY	8.275	7.486
2026-09-28T12:25:56.806Z	spark2	KV_READY	8.420	4.119
2026-09-28T12:25:56.960Z	spark1	KV_READY	7.520	7.486
2026-09-28T12:25:57.056Z	spark2	KV_READY	7.902	4.119
2026-09-28T12:25:57.232Z	spark1	KV_READY	6.874	7.486
2026-09-28T12:25:57.307Z	spark2	KV_READY	7.806	4.119
2026-09-28T12:25:57.483Z	spark1	KV_READY	6.716	7.486
2026-09-28T12:25:57.576Z	spark2	KV_READY	7.748	4.119
2026-09-28T12:25:57.733Z	spark1	KV_READY	6.625	7.486
2026-09-28T12:25:57.826Z	spark2	KV_READY	7.687	4.119
2026-09-28T12:25:57.984Z	spark1	KV_READY	6.578	7.486
2026-09-28T12:25:58.076Z	spark2	KV_READY	7.654	4.119
2026-09-28T12:25:58.255Z	spark1	KV_READY	6.520	7.486
2026-09-28T12:25:58.326Z	spark2	KV_READY	7.636	4.119
2026-09-28T12:25:58.506Z	spark1	KV_READY	6.458	7.486
2026-09-28T12:25:58.595Z	spark2	KV_READY	7.823	4.119
2026-09-28T12:25:58.756Z	spark1	KV_READY	6.419	7.486
2026-09-28T12:25:58.846Z	spark2	KV_READY	7.809	4.119
2026-09-28T12:25:59.007Z	spark1	KV_READY	6.419	7.486
2026-09-28T12:25:59.096Z	spark2	KV_READY	10.548	4.119
2026-09-28T12:25:59.277Z	spark1	KV_READY	11.004	7.486
2026-09-28T12:25:59.346Z	spark2	KV_READY	10.463	4.119
2026-09-28T12:25:59.527Z	spark1	KV_READY	12.372	7.486
2026-09-28T12:25:59.614Z	spark2	KV_READY	11.692	4.119
2026-09-28T12:25:59.778Z	spark1	KV_READY	12.432	7.486
2026-09-28T12:25:59.865Z	spark2	KV_READY	11.621	4.119
2026-09-28T12:26:00.028Z	spark1	KV_READY	12.342	7.486
2026-09-28T12:26:00.116Z	spark2	KV_READY	11.864	4.119
2026-09-28T12:26:00.302Z	spark1	KV_READY	12.623	7.486
2026-09-28T12:26:00.365Z	spark2	KV_READY	11.814	4.119
2026-09-28T12:26:00.553Z	spark1	KV_READY	12.533	7.486
2026-09-28T12:26:00.634Z	spark2	KV_READY	11.714	4.119
2026-09-28T12:26:00.803Z	spark1	KV_READY	12.387	7.486
2026-09-28T12:26:00.884Z	spark2	KV_READY	11.604	4.119
2026-09-28T12:26:01.053Z	spark1	KV_READY	12.280	7.486
2026-09-28T12:26:01.135Z	spark2	KV_READY	11.334	4.119
2026-09-28T12:26:01.326Z	spark1	KV_READY	11.888	7.486
2026-09-28T12:26:01.385Z	spark2	KV_READY	11.215	4.119
2026-09-28T12:26:01.576Z	spark1	KV_READY	11.693	7.486
2026-09-28T12:26:01.652Z	spark2	KV_READY	11.202	4.119
2026-09-28T12:26:01.827Z	spark1	KV_READY	12.342	7.486
2026-09-28T12:26:01.903Z	spark2	KV_READY	11.051	4.119
2026-09-28T12:26:02.077Z	spark1	KV_READY	12.278	7.486
2026-09-28T12:26:02.153Z	spark2	KV_READY	11.030	4.119
2026-09-28T12:26:02.346Z	spark1	KV_READY	12.234	7.486
2026-09-28T12:26:02.404Z	spark2	KV_READY	10.997	4.119
2026-09-28T12:26:02.596Z	spark1	KV_READY	12.201	7.486
2026-09-28T12:26:02.666Z	spark2	KV_READY	10.928	4.119
2026-09-28T12:26:02.847Z	spark1	KV_READY	12.179	7.486
2026-09-28T12:26:02.917Z	spark2	KV_READY	10.921	4.119
2026-09-28T12:26:03.098Z	spark1	KV_READY	12.216	7.486
2026-09-28T12:26:03.168Z	spark2	KV_READY	10.983	4.119
2026-09-28T12:26:03.361Z	spark1	KV_READY	12.225	7.486
2026-09-28T12:26:03.419Z	spark2	KV_READY	10.990	4.119
2026-09-28T12:26:03.611Z	spark1	KV_READY	12.223	7.486
2026-09-28T12:26:03.679Z	spark2	KV_READY	10.999	4.119
2026-09-28T12:26:03.862Z	spark1	KV_READY	12.223	7.486
2026-09-28T12:26:03.931Z	spark2	KV_READY	11.015	4.119
2026-09-28T12:26:04.112Z	spark1	KV_READY	12.219	7.486
2026-09-28T12:26:04.182Z	spark2	KV_READY	11.020	4.119
2026-09-28T12:26:04.376Z	spark1	KV_READY	12.219	7.486
2026-09-28T12:26:04.433Z	spark2	KV_READY	11.020	4.119
2026-09-28T12:26:04.627Z	spark1	KV_READY	12.228	7.486
2026-09-28T12:26:04.693Z	spark2	KV_READY	11.037	4.119
2026-09-28T12:26:04.878Z	spark1	KV_READY	12.228	7.486
2026-09-28T12:26:04.944Z	spark2	KV_READY	11.044	4.119
2026-09-28T12:26:05.129Z	spark1	KV_READY	12.238	7.486
2026-09-28T12:26:05.195Z	spark2	KV_READY	11.055	4.119
2026-09-28T12:26:05.397Z	spark1	KV_READY	12.238	7.486
2026-09-28T12:26:05.446Z	spark2	KV_READY	11.071	4.119
2026-09-28T12:26:05.648Z	spark1	KV_READY	12.238	7.485
2026-09-28T12:26:05.706Z	spark2	KV_READY	11.057	4.119
2026-09-28T12:26:05.899Z	spark1	KV_READY	12.209	7.485
2026-09-28T12:26:05.958Z	spark2	KV_READY	11.026	4.119
2026-09-28T12:26:06.150Z	spark1	KV_READY	12.202	7.485
2026-09-28T12:26:06.208Z	spark2	KV_READY	11.044	4.119
2026-09-28T12:26:06.412Z	spark1	KV_READY	12.202	7.485
2026-09-28T12:26:06.459Z	spark2	KV_READY	11.037	4.119
2026-09-28T12:26:06.663Z	spark1	KV_READY	12.200	7.485
2026-09-28T12:26:06.719Z	spark2	KV_READY	11.038	4.119
2026-09-28T12:26:06.914Z	spark1	KV_READY	12.205	7.485
2026-09-28T12:26:06.970Z	spark2	KV_READY	11.045	4.119
2026-09-28T12:26:07.164Z	spark1	KV_READY	12.205	7.485
2026-09-28T12:26:07.221Z	spark2	KV_READY	11.053	4.119
2026-09-28T12:26:07.433Z	spark1	KV_READY	12.212	7.485
2026-09-28T12:26:07.471Z	spark2	KV_READY	11.072	4.119
2026-09-28T12:26:07.683Z	spark1	KV_READY	12.213	7.485
2026-09-28T12:26:07.732Z	spark2	KV_READY	11.089	4.119
2026-09-28T12:26:07.934Z	spark1	KV_READY	12.213	7.485
2026-09-28T12:26:07.983Z	spark2	KV_READY	11.089	4.119
2026-09-28T12:26:08.184Z	spark1	KV_READY	12.228	7.485
2026-09-28T12:26:08.233Z	spark2	KV_READY	11.115	4.119
2026-09-28T12:26:08.452Z	spark1	KV_READY	12.228	7.485
2026-09-28T12:26:08.484Z	spark2	KV_READY	11.115	4.119
2026-09-28T12:26:08.703Z	spark1	KV_READY	12.235	7.485
2026-09-28T12:26:08.746Z	spark2	KV_READY	11.100	4.119
2026-09-28T12:26:08.953Z	spark1	KV_READY	12.226	7.485
2026-09-28T12:26:08.996Z	spark2	KV_READY	11.106	4.119
2026-09-28T12:26:09.204Z	spark1	KV_READY	12.226	7.485
2026-09-28T12:26:09.247Z	spark2	KV_READY	11.115	4.119
2026-09-28T12:26:09.472Z	spark1	KV_READY	12.224	7.485
2026-09-28T12:26:09.497Z	spark2	KV_READY	11.130	4.119
2026-09-28T12:26:09.722Z	spark1	KV_READY	12.219	7.485
2026-09-28T12:26:09.762Z	spark2	KV_READY	11.181	4.119
2026-09-28T12:26:09.973Z	spark1	KV_READY	12.219	7.485
2026-09-28T12:26:10.012Z	spark2	KV_READY	11.207	4.119
2026-09-28T12:26:10.223Z	spark1	KV_READY	12.210	7.485
2026-09-28T12:26:10.262Z	spark2	KV_READY	11.222	4.119
2026-09-28T12:26:10.491Z	spark1	KV_READY	12.210	7.485
2026-09-28T12:26:10.514Z	spark2	KV_READY	11.222	4.119
2026-09-28T12:26:10.742Z	spark1	KV_READY	12.228	7.485
2026-09-28T12:26:10.775Z	spark2	KV_READY	11.222	4.119
2026-09-28T12:26:10.993Z	spark1	KV_READY	12.246	7.485
2026-09-28T12:26:11.026Z	spark2	KV_READY	11.223	4.119
2026-09-28T12:26:11.243Z	spark1	KV_READY	12.255	7.485
2026-09-28T12:26:11.276Z	spark2	KV_READY	11.268	4.119
2026-09-28T12:26:11.507Z	spark1	KV_READY	12.255	7.485
2026-09-28T12:26:11.527Z	spark2	KV_READY	11.270	4.119
2026-09-28T12:26:11.757Z	spark1	KV_READY	12.255	7.485
2026-09-28T12:26:11.788Z	spark2	KV_READY	11.270	4.119
2026-09-28T12:26:12.008Z	spark1	KV_READY	12.266	7.485
2026-09-28T12:26:12.039Z	spark2	KV_READY	11.288	4.119
2026-09-28T12:26:12.259Z	spark1	KV_READY	12.274	7.485
2026-09-28T12:26:12.289Z	spark2	KV_READY	11.313	4.119
2026-09-28T12:26:12.527Z	spark1	KV_READY	12.282	7.485
2026-09-28T12:26:12.541Z	spark2	KV_READY	11.313	4.119
2026-09-28T12:26:12.778Z	spark1	KV_READY	12.293	7.485
2026-09-28T12:26:12.802Z	spark2	KV_READY	11.324	4.119
2026-09-28T12:26:13.028Z	spark1	KV_READY	12.298	7.485
2026-09-28T12:26:13.051Z	spark2	KV_READY	11.326	4.119
2026-09-28T12:26:13.279Z	spark1	KV_READY	12.314	7.485
2026-09-28T12:26:13.303Z	spark2	KV_READY	11.341	4.119
2026-09-28T12:26:13.542Z	spark1	KV_READY	12.314	7.485
2026-09-28T12:26:13.554Z	spark2	KV_READY	11.357	4.119
2026-09-28T12:26:13.792Z	spark1	KV_READY	12.314	7.485
2026-09-28T12:26:13.814Z	spark2	KV_READY	11.368	4.119
2026-09-28T12:26:14.043Z	spark1	KV_READY	12.327	7.485
2026-09-28T12:26:14.065Z	spark2	KV_READY	11.379	4.119
2026-09-28T12:26:14.293Z	spark1	KV_READY	12.327	7.485
2026-09-28T12:26:14.315Z	spark2	KV_READY	11.394	4.119
2026-09-28T12:26:14.562Z	spark1	KV_READY	12.334	7.485
2026-09-28T12:26:14.567Z	spark2	KV_READY	11.409	4.119
2026-09-28T12:26:14.812Z	spark1	KV_READY	12.341	7.485
2026-09-28T12:26:14.827Z	spark2	KV_READY	11.809	4.119
2026-09-28T12:26:15.063Z	spark1	KV_READY	12.767	7.485
2026-09-28T12:26:15.077Z	spark2	KV_READY	11.822	4.119
2026-09-28T12:26:15.313Z	spark1	KV_READY	12.728	7.485
2026-09-28T12:26:15.328Z	spark2	KV_READY	11.845	4.119
2026-09-28T12:26:15.575Z	spark1	KV_READY	12.654	7.485
2026-09-28T12:26:15.579Z	spark2	KV_READY	11.849	4.119
2026-09-28T12:26:15.826Z	spark1	KV_READY	12.655	7.485
2026-09-28T12:26:15.843Z	spark2	KV_READY	11.842	4.119
2026-09-28T12:26:16.076Z	spark1	KV_READY	12.222	7.485
2026-09-28T12:26:16.094Z	spark2	KV_READY	11.645	4.119
2026-09-28T12:26:16.327Z	spark1	KV_READY	12.775	7.485
2026-09-28T12:26:16.345Z	spark2	KV_READY	11.644	4.119
2026-09-28T12:26:16.589Z	spark1	KV_READY	12.752	7.485
2026-09-28T12:26:16.595Z	spark2	KV_READY	11.642	4.119
2026-09-28T12:26:16.839Z	spark1	KV_READY	12.712	7.485
2026-09-28T12:26:16.863Z	spark2	KV_READY	11.651	4.119
2026-09-28T12:26:17.090Z	spark1	KV_READY	12.693	7.485
2026-09-28T12:26:17.113Z	spark2	KV_READY	11.670	4.119
2026-09-28T12:26:17.340Z	spark1	KV_READY	12.666	7.485
2026-09-28T12:26:17.364Z	spark2	KV_READY	11.685	4.119
2026-09-28T12:26:17.608Z	spark1	KV_READY	12.630	7.485
2026-09-28T12:26:17.614Z	spark2	KV_READY	11.685	4.119
2026-09-28T12:26:17.858Z	spark1	KV_READY	12.630	7.485
2026-09-28T12:26:17.879Z	spark2	KV_READY	11.712	4.119
2026-09-28T12:26:18.109Z	spark1	KV_READY	12.592	7.485
2026-09-28T12:26:18.130Z	spark2	KV_READY	11.727	4.119
2026-09-28T12:26:18.360Z	spark1	KV_READY	12.592	7.485
2026-09-28T12:26:18.380Z	spark2	KV_READY	11.735	4.119
2026-09-28T12:26:18.623Z	spark1	KV_READY	12.592	7.485
2026-09-28T12:26:18.632Z	spark2	KV_READY	11.752	4.119
2026-09-28T12:26:18.873Z	spark1	KV_READY	12.556	7.485
2026-09-28T12:26:18.892Z	spark2	KV_READY	11.757	4.119
2026-09-28T12:26:19.124Z	spark1	KV_READY	12.561	7.485
2026-09-28T12:26:19.143Z	spark2	KV_READY	11.769	4.119
2026-09-28T12:26:19.375Z	spark1	KV_READY	12.565	7.485
2026-09-28T12:26:19.392Z	spark2	KV_READY	11.797	4.119
2026-09-28T12:26:19.638Z	spark1	KV_READY	12.556	7.485
2026-09-28T12:26:19.644Z	spark2	KV_READY	11.794	4.119
2026-09-28T12:26:19.889Z	spark1	KV_READY	12.541	7.485
2026-09-28T12:26:19.911Z	spark2	KV_READY	11.807	4.119
2026-09-28T12:26:20.140Z	spark1	KV_READY	12.543	7.485
2026-09-28T12:26:20.161Z	spark2	KV_READY	11.815	4.119
2026-09-28T12:26:20.390Z	spark1	KV_READY	12.560	7.485
2026-09-28T12:26:20.411Z	spark2	KV_READY	11.854	4.119
2026-09-28T12:26:20.658Z	spark1	KV_READY	12.545	7.485
2026-09-28T12:26:20.662Z	spark2	KV_READY	11.861	4.119
2026-09-28T12:26:20.909Z	spark1	KV_READY	12.529	7.485
2026-09-28T12:26:20.927Z	spark2	KV_READY	11.877	4.119
2026-09-28T12:26:21.159Z	spark1	KV_READY	12.502	7.485
2026-09-28T12:26:21.177Z	spark2	KV_READY	11.912	4.119
2026-09-28T12:26:21.410Z	spark1	KV_READY	12.502	7.485
2026-09-28T12:26:21.428Z	spark2	KV_READY	11.912	4.119
2026-09-28T12:26:21.677Z	spark1	KV_READY	12.496	7.485
2026-09-28T12:26:21.679Z	spark2	KV_READY	11.912	4.119
2026-09-28T12:26:21.928Z	spark1	KV_READY	12.474	7.485
2026-09-28T12:26:21.946Z	spark2	KV_READY	11.937	4.119
2026-09-28T12:26:22.179Z	spark1	KV_READY	12.485	7.485
2026-09-28T12:26:22.196Z	spark2	KV_READY	11.946	4.119
2026-09-28T12:26:22.429Z	spark1	KV_READY	12.484	7.485
2026-09-28T12:26:22.446Z	spark2	KV_READY	11.956	4.119
2026-09-28T12:26:22.697Z	spark1	KV_READY	12.481	7.485
2026-09-28T12:26:22.697Z	spark2	KV_READY	11.954	4.119
2026-09-28T12:26:22.947Z	spark1	KV_READY	12.483	7.485
2026-09-28T12:26:22.959Z	spark2	KV_READY	12.003	4.119
2026-09-28T12:26:23.197Z	spark1	KV_READY	12.474	7.485
2026-09-28T12:26:23.209Z	spark2	KV_READY	12.013	4.119
2026-09-28T12:26:23.449Z	spark1	KV_READY	12.484	7.485
2026-09-28T12:26:23.460Z	spark2	KV_READY	12.013	4.119
2026-09-28T12:26:23.710Z	spark2	KV_READY	12.014	4.119
2026-09-28T12:26:23.717Z	spark1	KV_READY	12.478	7.485
2026-09-28T12:26:23.968Z	spark1	KV_READY	12.470	7.485
2026-09-28T12:26:23.976Z	spark2	KV_READY	12.033	4.119
2026-09-28T12:26:24.218Z	spark1	KV_READY	12.470	7.485
2026-09-28T12:26:24.226Z	spark2	KV_READY	12.045	4.119
2026-09-28T12:26:24.469Z	spark1	KV_READY	12.470	7.485
2026-09-28T12:26:24.476Z	spark2	KV_READY	12.045	4.119
2026-09-28T12:26:24.727Z	spark2	KV_READY	12.061	4.119
2026-09-28T12:26:24.732Z	spark1	KV_READY	12.483	7.485
2026-09-28T12:26:24.983Z	spark1	KV_READY	12.502	7.485
2026-09-28T12:26:24.994Z	spark2	KV_READY	12.093	4.119
2026-09-28T12:26:25.233Z	spark1	KV_READY	12.525	7.485
2026-09-28T12:26:25.245Z	spark2	KV_READY	12.106	4.119
2026-09-28T12:26:25.484Z	spark1	KV_READY	12.522	7.485
2026-09-28T12:26:25.495Z	spark2	KV_READY	12.105	4.119
2026-09-28T12:26:25.746Z	spark2	KV_READY	12.104	4.119
2026-09-28T12:26:25.752Z	spark1	KV_READY	12.528	7.485
2026-09-28T12:26:26.003Z	spark1	KV_READY	12.528	7.485
2026-09-28T12:26:26.010Z	spark2	KV_READY	12.127	4.119
2026-09-28T12:26:26.253Z	spark1	KV_READY	12.514	7.485
2026-09-28T12:26:26.261Z	spark2	KV_READY	12.148	4.119
2026-09-28T12:26:26.504Z	spark1	KV_READY	12.527	7.485
2026-09-28T12:26:26.511Z	spark2	KV_READY	12.164	4.119
2026-09-28T12:26:26.760Z	spark2	KV_READY	12.164	4.119
2026-09-28T12:26:26.774Z	spark1	KV_READY	12.514	7.485
2026-09-28T12:26:27.024Z	spark1	KV_READY	12.514	7.485
2026-09-28T12:26:27.026Z	spark2	KV_READY	12.183	4.119
2026-09-28T12:26:27.275Z	spark1	KV_READY	12.501	7.485
2026-09-28T12:26:27.277Z	spark2	KV_READY	12.215	4.119
2026-09-28T12:26:27.525Z	spark1	KV_READY	12.497	7.485
2026-09-28T12:26:27.528Z	spark2	KV_READY	12.223	4.119
2026-09-28T12:26:27.779Z	spark2	KV_READY	12.223	4.119
2026-09-28T12:26:27.789Z	spark1	KV_READY	12.507	7.485
2026-09-28T12:26:28.039Z	spark1	KV_READY	12.498	7.485
2026-09-28T12:26:28.043Z	spark2	KV_READY	12.243	4.119
2026-09-28T12:26:28.289Z	spark1	KV_READY	12.490	7.485
2026-09-28T12:26:28.293Z	spark2	KV_READY	12.266	4.119
2026-09-28T12:26:28.541Z	spark1	KV_READY	12.482	7.485
2026-09-28T12:26:28.544Z	spark2	KV_READY	12.275	4.119
2026-09-28T12:26:28.795Z	spark2	KV_READY	12.275	4.119
2026-09-28T12:26:28.809Z	spark1	KV_READY	12.481	7.485
2026-09-28T12:26:29.059Z	spark2	KV_READY	12.285	4.119
2026-09-28T12:26:29.059Z	spark1	KV_READY	12.494	7.485
2026-09-28T12:26:29.310Z	spark1	KV_READY	12.484	7.485
2026-09-28T12:26:29.310Z	spark2	KV_READY	12.293	4.119
2026-09-28T12:26:29.560Z	spark2	KV_READY	12.293	4.119
2026-09-28T12:26:29.560Z	spark1	KV_READY	12.470	7.485
2026-09-28T12:26:29.812Z	spark2	KV_READY	12.300	4.119
2026-09-28T12:26:29.827Z	spark1	KV_READY	12.487	7.485
2026-09-28T12:26:30.075Z	spark2	KV_READY	12.310	4.119
2026-09-28T12:26:30.078Z	spark1	KV_READY	12.485	7.485
2026-09-28T12:26:30.326Z	spark2	KV_READY	12.326	4.119
2026-09-28T12:26:30.328Z	spark1	KV_READY	12.462	7.485
2026-09-28T12:26:30.576Z	spark2	KV_READY	12.326	4.119
2026-09-28T12:26:30.579Z	spark1	KV_READY	12.462	7.485
2026-09-28T12:26:30.827Z	spark2	KV_READY	12.329	4.119
2026-09-28T12:26:30.842Z	spark1	KV_READY	12.463	7.485
2026-09-28T12:26:31.090Z	spark2	KV_READY	12.359	4.119
2026-09-28T12:26:31.093Z	spark1	KV_READY	12.469	7.485
2026-09-28T12:26:31.339Z	spark2	KV_READY	12.366	4.119
2026-09-28T12:26:31.343Z	spark1	KV_READY	12.460	7.485
2026-09-28T12:26:31.590Z	spark2	KV_READY	12.398	4.119
2026-09-28T12:26:31.593Z	spark1	KV_READY	12.454	7.485
2026-09-28T12:26:31.840Z	spark2	KV_READY	12.432	4.118
2026-09-28T12:26:31.854Z	spark1	KV_READY	12.477	7.485
2026-09-28T12:26:32.105Z	spark1	KV_READY	12.480	7.485
2026-09-28T12:26:32.106Z	spark2	KV_READY	12.463	4.118
2026-09-28T12:26:32.355Z	spark1	KV_READY	12.470	7.485
2026-09-28T12:26:32.356Z	spark2	KV_READY	12.489	4.118
2026-09-28T12:26:32.605Z	spark1	KV_READY	12.478	7.485
2026-09-28T12:26:32.606Z	spark2	KV_READY	12.482	4.118
2026-09-28T12:26:32.858Z	spark2	KV_READY	12.489	4.118
2026-09-28T12:26:32.875Z	spark1	KV_READY	12.470	7.485
2026-09-28T12:26:33.122Z	spark2	KV_READY	12.489	4.118
2026-09-28T12:26:33.125Z	spark1	KV_READY	12.484	7.485
2026-09-28T12:26:33.373Z	spark2	KV_READY	12.506	4.118
2026-09-28T12:26:33.375Z	spark1	KV_READY	12.485	7.485
2026-09-28T12:26:33.623Z	spark2	KV_READY	12.506	4.118
2026-09-28T12:26:33.626Z	spark1	KV_READY	12.486	7.485
2026-09-28T12:26:33.874Z	spark2	KV_READY	12.507	4.118
2026-09-28T12:26:33.895Z	spark1	KV_READY	12.494	7.485
2026-09-28T12:26:34.145Z	spark2	KV_READY	12.507	4.118
2026-09-28T12:26:34.146Z	spark1	KV_READY	12.502	7.485
2026-09-28T12:26:34.396Z	spark2	KV_READY	12.511	4.118
2026-09-28T12:26:34.397Z	spark1	KV_READY	12.498	7.485
2026-09-28T12:26:34.647Z	spark2	KV_READY	12.516	4.118
2026-09-28T12:26:34.647Z	spark1	KV_READY	12.498	7.485
2026-09-28T12:26:34.897Z	spark2	KV_READY	12.509	4.118
2026-09-28T12:26:34.909Z	spark1	KV_READY	12.496	7.485
2026-09-28T12:26:35.160Z	spark1	KV_READY	12.506	7.485
2026-09-28T12:26:35.164Z	spark2	KV_READY	12.505	4.118
2026-09-28T12:26:35.410Z	spark1	KV_READY	12.496	7.485
2026-09-28T12:26:35.414Z	spark2	KV_READY	12.508	4.118
2026-09-28T12:26:35.660Z	spark1	KV_READY	12.498	7.485
2026-09-28T12:26:35.665Z	spark2	KV_READY	12.508	4.118
2026-09-28T12:26:35.916Z	spark2	KV_READY	12.515	4.118
2026-09-28T12:26:35.927Z	spark1	KV_READY	12.521	7.485
2026-09-28T12:26:36.177Z	spark1	KV_READY	12.519	7.485
2026-09-28T12:26:36.178Z	spark2	KV_READY	12.535	4.118
2026-09-28T12:26:36.428Z	spark1	KV_READY	12.525	7.485
2026-09-28T12:26:36.428Z	spark2	KV_READY	12.535	4.118
2026-09-28T12:26:36.678Z	spark1	KV_READY	12.530	7.485
2026-09-28T12:26:36.679Z	spark2	KV_READY	12.553	4.118
2026-09-28T12:26:36.930Z	spark2	KV_READY	12.553	4.118
2026-09-28T12:26:36.945Z	spark1	KV_READY	12.522	7.485
2026-09-28T12:26:37.196Z	spark1	KV_READY	12.538	7.485
2026-09-28T12:26:37.199Z	spark2	KV_READY	12.574	4.118
2026-09-28T12:26:37.447Z	spark1	KV_READY	12.536	7.485
2026-09-28T12:26:37.450Z	spark2	KV_READY	12.581	4.118
2026-09-28T12:26:37.698Z	spark1	KV_READY	12.540	7.485
2026-09-28T12:26:37.701Z	spark2	KV_READY	12.585	4.118
2026-09-28T12:26:37.952Z	spark2	KV_READY	11.881	4.118
2026-09-28T12:26:37.974Z	spark1	KV_READY	12.535	7.485
2026-09-28T12:26:38.222Z	spark2	KV_READY	11.887	4.118
2026-09-28T12:26:38.225Z	spark1	KV_READY	12.551	7.485
2026-09-28T12:26:38.473Z	spark2	KV_READY	11.878	4.118
2026-09-28T12:26:38.476Z	spark1	KV_READY	12.546	7.485
2026-09-28T12:26:38.724Z	spark2	KV_READY	11.861	4.118
2026-09-28T12:26:38.726Z	spark1	KV_READY	12.448	7.485
2026-09-28T12:26:38.975Z	spark2	KV_READY	11.892	4.118
2026-09-28T12:26:38.988Z	spark1	KV_READY	12.448	7.485
2026-09-28T12:26:39.239Z	spark1	KV_READY	12.578	7.485
2026-09-28T12:26:39.240Z	spark2	KV_READY	11.891	4.118
2026-09-28T12:26:39.489Z	spark1	KV_READY	12.533	7.485
2026-09-28T12:26:39.491Z	spark2	KV_READY	11.893	4.118
2026-09-28T12:26:39.739Z	spark1	KV_READY	12.432	7.485
2026-09-28T12:26:39.741Z	spark2	KV_READY	11.894	4.118
2026-09-28T12:26:39.993Z	spark2	KV_READY	11.892	4.118
2026-09-28T12:26:40.006Z	spark1	KV_READY	12.419	7.485
2026-09-28T12:26:40.257Z	spark1	KV_READY	12.417	7.485
2026-09-28T12:26:40.258Z	spark2	KV_READY	11.904	4.118
2026-09-28T12:26:40.508Z	spark1	KV_READY	12.417	7.485
2026-09-28T12:26:40.509Z	spark2	KV_READY	11.915	4.118
2026-09-28T12:26:40.758Z	spark1	KV_READY	12.416	7.485
2026-09-28T12:26:40.759Z	spark2	KV_READY	11.922	4.118
2026-09-28T12:26:41.010Z	spark2	KV_READY	11.925	4.118
2026-09-28T12:26:41.021Z	spark1	KV_READY	12.397	7.485
2026-09-28T12:26:41.272Z	spark1	KV_READY	12.408	7.485
2026-09-28T12:26:41.276Z	spark2	KV_READY	11.930	4.118
2026-09-28T12:26:41.522Z	spark1	KV_READY	12.405	7.485
2026-09-28T12:26:41.527Z	spark2	KV_READY	11.928	4.118
2026-09-28T12:26:41.772Z	spark1	KV_READY	12.387	7.485
2026-09-28T12:26:41.778Z	spark2	KV_READY	11.922	4.118
2026-09-28T12:26:42.030Z	spark2	KV_READY	11.900	4.118
2026-09-28T12:26:42.035Z	spark1	KV_READY	12.341	7.485
2026-09-28T12:26:42.286Z	spark1	KV_READY	12.360	7.485
2026-09-28T12:26:42.294Z	spark2	KV_READY	11.897	4.118
2026-09-28T12:26:42.536Z	spark1	KV_READY	12.347	7.485
2026-09-28T12:26:42.545Z	spark2	KV_READY	11.897	4.118
2026-09-28T12:26:42.787Z	spark1	KV_READY	12.341	7.485
2026-09-28T12:26:42.795Z	spark2	KV_READY	11.913	4.118
2026-09-28T12:26:43.045Z	spark2	KV_READY	11.925	4.118
2026-09-28T12:26:43.055Z	spark1	KV_READY	12.339	7.485
2026-09-28T12:26:43.305Z	spark1	KV_READY	12.320	7.485
2026-09-28T12:26:43.306Z	spark2	KV_READY	11.921	4.118
2026-09-28T12:26:43.556Z	spark1	KV_READY	12.305	7.485
2026-09-28T12:26:43.558Z	spark2	KV_READY	11.906	4.118
2026-09-28T12:26:43.806Z	spark1	KV_READY	12.324	7.485
2026-09-28T12:26:43.807Z	spark2	KV_READY	11.920	4.118
2026-09-28T12:26:44.058Z	spark2	KV_READY	11.930	4.118
2026-09-28T12:26:44.069Z	spark1	KV_READY	12.315	7.485
2026-09-28T12:26:44.320Z	spark1	KV_READY	12.314	7.485
2026-09-28T12:26:44.324Z	spark2	KV_READY	11.948	4.118
2026-09-28T12:26:44.571Z	spark1	KV_READY	12.311	7.485
2026-09-28T12:26:44.575Z	spark2	KV_READY	11.962	4.118
2026-09-28T12:26:44.822Z	spark1	KV_READY	12.311	7.485
2026-09-28T12:26:44.825Z	spark2	KV_READY	11.959	4.118
2026-09-28T12:26:45.076Z	spark2	KV_READY	11.972	4.118
2026-09-28T12:26:45.089Z	spark1	KV_READY	12.313	7.485
2026-09-28T12:26:45.339Z	spark1	KV_READY	12.312	7.485
2026-09-28T12:26:45.342Z	spark2	KV_READY	11.978	4.118
2026-09-28T12:26:45.590Z	spark1	KV_READY	12.290	7.485
2026-09-28T12:26:45.592Z	spark2	KV_READY	11.963	4.118
2026-09-28T12:26:45.840Z	spark1	KV_READY	12.327	7.485
2026-09-28T12:26:45.843Z	spark2	KV_READY	11.980	4.118
2026-09-28T12:26:46.094Z	spark2	KV_READY	11.996	4.118
2026-09-28T12:26:46.107Z	spark1	KV_READY	12.326	7.485
2026-09-28T12:26:46.357Z	spark1	KV_READY	12.331	7.485
2026-09-28T12:26:46.364Z	spark2	KV_READY	12.013	4.118
2026-09-28T12:26:46.607Z	spark1	KV_READY	12.316	7.485
2026-09-28T12:26:46.616Z	spark2	KV_READY	12.028	4.118
2026-09-28T12:26:46.857Z	spark1	KV_READY	12.336	7.485
2026-09-28T12:26:46.867Z	spark2	KV_READY	12.040	4.118
2026-09-28T12:26:47.117Z	spark2	KV_READY	12.039	4.118
2026-09-28T12:26:47.119Z	spark1	KV_READY	12.339	7.485
2026-09-28T12:26:47.370Z	spark1	KV_READY	12.333	7.485
2026-09-28T12:26:47.378Z	spark2	KV_READY	12.053	4.118
2026-09-28T12:26:47.620Z	spark1	KV_READY	12.333	7.485
2026-09-28T12:26:47.628Z	spark2	KV_READY	12.049	4.118
2026-09-28T12:26:47.871Z	spark1	KV_READY	12.323	7.485
2026-09-28T12:26:47.878Z	spark2	KV_READY	12.051	4.118
2026-09-28T12:26:48.130Z	spark2	KV_READY	12.059	4.118
2026-09-28T12:26:48.138Z	spark1	KV_READY	12.336	7.485
2026-09-28T12:26:48.388Z	spark1	KV_READY	12.320	7.485
2026-09-28T12:26:48.398Z	spark2	KV_READY	12.081	4.118
2026-09-28T12:26:48.638Z	spark1	KV_READY	12.333	7.485
2026-09-28T12:26:48.649Z	spark2	KV_READY	12.081	4.118
2026-09-28T12:26:48.889Z	spark1	KV_READY	12.324	7.485
2026-09-28T12:26:48.901Z	spark2	KV_READY	12.092	4.118
2026-09-28T12:26:49.150Z	spark1	KV_READY	12.329	7.485
2026-09-28T12:26:49.151Z	spark2	KV_READY	12.094	4.118
2026-09-28T12:26:49.400Z	spark1	KV_READY	12.320	7.485
2026-09-28T12:26:49.417Z	spark2	KV_READY	12.093	4.118
2026-09-28T12:26:49.651Z	spark1	KV_READY	12.317	7.485
2026-09-28T12:26:49.668Z	spark2	KV_READY	12.093	4.118
2026-09-28T12:26:49.901Z	spark1	KV_READY	12.309	7.485
2026-09-28T12:26:49.919Z	spark2	KV_READY	12.103	4.118
2026-09-28T12:26:50.162Z	spark1	KV_READY	12.292	7.485
2026-09-28T12:26:50.170Z	spark2	KV_READY	12.103	4.118
2026-09-28T12:26:50.413Z	spark1	KV_READY	12.289	7.485
2026-09-28T12:26:50.435Z	spark2	KV_READY	12.101	4.118
2026-09-28T12:26:50.663Z	spark1	KV_READY	12.299	7.485
2026-09-28T12:26:50.685Z	spark2	KV_READY	12.117	4.118
2026-09-28T12:26:50.913Z	spark1	KV_READY	12.294	7.485
2026-09-28T12:26:50.936Z	spark2	KV_READY	12.105	4.118
2026-09-28T12:26:51.175Z	spark1	KV_READY	12.306	7.485
2026-09-28T12:26:51.186Z	spark2	KV_READY	12.124	4.118
2026-09-28T12:26:51.426Z	spark1	KV_READY	12.296	7.485
2026-09-28T12:26:51.448Z	spark2	KV_READY	12.134	4.118
2026-09-28T12:26:51.676Z	spark1	KV_READY	12.289	7.485
2026-09-28T12:26:51.699Z	spark2	KV_READY	12.124	4.118
2026-09-28T12:26:51.926Z	spark1	KV_READY	12.287	7.485
2026-09-28T12:26:51.949Z	spark2	KV_READY	12.133	4.118
2026-09-28T12:26:52.190Z	spark1	KV_READY	12.299	7.485
2026-09-28T12:26:52.201Z	spark2	KV_READY	12.144	4.118
2026-09-28T12:26:52.440Z	spark1	KV_READY	12.296	7.485
2026-09-28T12:26:52.466Z	spark2	KV_READY	12.156	4.118
2026-09-28T12:26:52.691Z	spark1	KV_READY	12.287	7.485
2026-09-28T12:26:52.716Z	spark2	KV_READY	12.150	4.118
2026-09-28T12:26:52.941Z	spark1	KV_READY	12.302	7.485
2026-09-28T12:26:52.966Z	spark2	KV_READY	12.158	4.118
2026-09-28T12:26:53.204Z	spark1	KV_READY	12.297	7.485
2026-09-28T12:26:53.217Z	spark2	KV_READY	12.143	4.118
2026-09-28T12:26:53.455Z	spark1	KV_READY	12.282	7.484
2026-09-28T12:26:53.482Z	spark2	KV_READY	12.164	4.118
2026-09-28T12:26:53.705Z	spark1	KV_READY	12.267	7.484
2026-09-28T12:26:53.732Z	spark2	KV_READY	12.172	4.118
2026-09-28T12:26:53.956Z	spark1	KV_READY	12.250	7.484
2026-09-28T12:26:53.983Z	spark2	KV_READY	12.194	4.118
2026-09-28T12:26:54.224Z	spark1	KV_READY	12.236	7.484
2026-09-28T12:26:54.232Z	spark2	KV_READY	12.212	4.118
2026-09-28T12:26:54.475Z	spark1	KV_READY	12.229	7.484
2026-09-28T12:26:54.497Z	spark2	KV_READY	12.220	4.118
2026-09-28T12:26:54.725Z	spark1	KV_READY	12.243	7.484
2026-09-28T12:26:54.748Z	spark2	KV_READY	12.222	4.118
2026-09-28T12:26:54.975Z	spark1	KV_READY	12.236	7.484
2026-09-28T12:26:54.998Z	spark2	KV_READY	12.228	4.118
2026-09-28T12:26:55.249Z	spark2	KV_READY	12.221	4.118
2026-09-28T12:26:55.249Z	spark1	KV_READY	12.226	7.484
2026-09-28T12:26:55.500Z	spark1	KV_READY	12.234	7.484
2026-09-28T12:26:55.518Z	spark2	KV_READY	12.228	4.118
2026-09-28T12:26:55.751Z	spark1	KV_READY	12.239	7.484
2026-09-28T12:26:55.770Z	spark2	KV_READY	12.220	4.118
2026-09-28T12:26:56.001Z	spark1	KV_READY	12.237	7.484
2026-09-28T12:26:56.020Z	spark2	KV_READY	12.220	4.118
2026-09-28T12:26:56.268Z	spark1	KV_READY	12.232	7.484
2026-09-28T12:26:56.271Z	spark2	KV_READY	12.213	4.118
2026-09-28T12:26:56.519Z	spark1	KV_READY	12.229	7.484
2026-09-28T12:26:56.532Z	spark2	KV_READY	12.238	4.118
2026-09-28T12:26:56.769Z	spark1	KV_READY	12.249	7.484
2026-09-28T12:26:56.782Z	spark2	KV_READY	12.222	4.118
2026-09-28T12:26:57.019Z	spark1	KV_READY	12.241	7.484
2026-09-28T12:26:57.032Z	spark2	KV_READY	12.215	4.118
2026-09-28T12:26:57.283Z	spark2	KV_READY	12.201	4.118
2026-09-28T12:26:57.287Z	spark1	KV_READY	12.244	7.484
2026-09-28T12:26:57.537Z	spark1	KV_READY	12.241	7.484
2026-09-28T12:26:57.544Z	spark2	KV_READY	12.217	4.118
2026-09-28T12:26:57.788Z	spark1	KV_READY	12.208	7.484
2026-09-28T12:26:57.795Z	spark2	KV_READY	12.221	4.118
2026-09-28T12:26:58.038Z	spark1	KV_READY	12.239	7.484
2026-09-28T12:26:58.044Z	spark2	KV_READY	12.217	4.118
2026-09-28T12:26:58.296Z	spark2	KV_READY	12.216	4.118
2026-09-28T12:26:58.301Z	spark1	KV_READY	12.225	7.484
2026-09-28T12:26:58.551Z	spark1	KV_READY	12.227	7.484
2026-09-28T12:26:58.556Z	spark2	KV_READY	12.228	4.118
2026-09-28T12:26:58.802Z	spark1	KV_READY	12.239	7.484
2026-09-28T12:26:58.806Z	spark2	KV_READY	12.232	4.118
2026-09-28T12:26:59.052Z	spark1	KV_READY	12.244	7.484
2026-09-28T12:26:59.057Z	spark2	KV_READY	12.232	4.118
2026-09-28T12:26:59.307Z	spark2	KV_READY	12.238	4.118
2026-09-28T12:26:59.327Z	spark1	KV_READY	12.235	7.484
2026-09-28T12:26:59.571Z	spark2	KV_READY	12.229	4.118
2026-09-28T12:26:59.577Z	spark1	KV_READY	12.238	7.484
2026-09-28T12:26:59.822Z	spark2	KV_READY	12.229	4.118
2026-09-28T12:26:59.828Z	spark1	KV_READY	12.247	7.484
2026-09-28T12:27:00.073Z	spark2	KV_READY	12.229	4.118
2026-09-28T12:27:00.079Z	spark1	KV_READY	12.254	7.484
2026-09-28T12:27:00.324Z	spark2	KV_READY	12.207	4.118
2026-09-28T12:27:00.355Z	spark1	KV_READY	12.240	7.484
2026-09-28T12:27:00.584Z	spark2	KV_READY	12.215	4.118
2026-09-28T12:27:00.606Z	spark1	KV_READY	12.228	7.484
2026-09-28T12:27:00.834Z	spark2	KV_READY	12.213	4.118
2026-09-28T12:27:00.857Z	spark1	KV_READY	12.226	7.484
2026-09-28T12:27:01.084Z	spark2	KV_READY	12.220	4.118
2026-09-28T12:27:01.107Z	spark1	KV_READY	12.218	7.484
2026-09-28T12:27:01.336Z	spark2	KV_READY	12.237	4.118
2026-09-28T12:27:01.376Z	spark1	KV_READY	12.230	7.483
2026-09-28T12:27:01.600Z	spark2	KV_READY	12.062	4.118
2026-09-28T12:27:01.626Z	spark1	KV_READY	12.478	7.519
2026-09-28T12:27:01.850Z	spark2	KV_READY	11.696	4.118
2026-09-28T12:27:01.877Z	spark1	KV_READY	12.449	7.538
2026-09-28T12:27:02.101Z	spark2	KV_READY	11.247	4.118
2026-09-28T12:27:02.127Z	spark1	KV_READY	11.865	7.538
2026-09-28T12:27:02.351Z	spark2	KV_READY	11.183	4.118
2026-09-28T12:27:02.402Z	spark1	KV_READY	11.488	7.538
2026-09-28T12:27:02.612Z	spark2	KV_READY	10.993	4.118
2026-09-28T12:27:02.652Z	spark1	KV_READY	11.288	7.538
2026-09-28T12:27:02.863Z	spark2	KV_READY	11.073	4.118
2026-09-28T12:27:02.902Z	spark1	KV_READY	12.255	7.538
2026-09-28T12:27:03.113Z	spark2	KV_READY	10.975	4.118
2026-09-28T12:27:03.153Z	spark1	KV_READY	12.107	7.538
2026-09-28T12:27:03.364Z	spark2	KV_READY	10.940	4.118
2026-09-28T12:27:03.416Z	spark1	KV_READY	11.926	7.538
2026-09-28T12:27:03.630Z	spark2	KV_READY	10.900	4.118
2026-09-28T12:27:03.666Z	spark1	KV_READY	11.793	7.538
2026-09-28T12:27:03.881Z	spark2	KV_READY	10.900	4.118
2026-09-28T12:27:03.917Z	spark1	KV_READY	11.748	7.538
2026-09-28T12:27:04.131Z	spark2	KV_READY	10.897	4.118
2026-09-28T12:27:04.167Z	spark1	KV_READY	11.749	7.538
2026-09-28T12:27:04.381Z	spark2	KV_READY	10.866	4.118
2026-09-28T12:27:04.429Z	spark1	KV_READY	11.730	7.538
2026-09-28T12:27:04.647Z	spark2	KV_READY	10.867	4.118
2026-09-28T12:27:04.679Z	spark1	KV_READY	11.689	7.538
2026-09-28T12:27:04.897Z	spark2	KV_READY	10.872	4.118
2026-09-28T12:27:04.929Z	spark1	KV_READY	11.687	7.538
2026-09-28T12:27:05.147Z	spark2	KV_READY	10.874	4.118
2026-09-28T12:27:05.180Z	spark1	KV_READY	11.680	7.538
2026-09-28T12:27:05.399Z	spark2	KV_READY	10.874	4.118
2026-09-28T12:27:05.447Z	spark1	KV_READY	11.651	7.538
2026-09-28T12:27:05.663Z	spark2	KV_READY	10.874	4.118
2026-09-28T12:27:05.697Z	spark1	KV_READY	11.652	7.538
2026-09-28T12:27:05.915Z	spark2	KV_READY	10.877	4.118
2026-09-28T12:27:05.948Z	spark1	KV_READY	11.652	7.538
2026-09-28T12:27:06.165Z	spark2	KV_READY	10.887	4.118
2026-09-28T12:27:06.198Z	spark1	KV_READY	11.651	7.538
2026-09-28T12:27:06.416Z	spark2	KV_READY	10.891	4.118
2026-09-28T12:27:06.466Z	spark1	KV_READY	11.648	7.538
2026-09-28T12:27:06.677Z	spark2	KV_READY	10.867	4.118
2026-09-28T12:27:06.716Z	spark1	KV_READY	11.634	7.538
2026-09-28T12:27:06.927Z	spark2	KV_READY	10.921	4.118
2026-09-28T12:27:06.966Z	spark1	KV_READY	11.719	7.538
2026-09-28T12:27:07.178Z	spark2	KV_READY	10.927	4.118
2026-09-28T12:27:07.217Z	spark1	KV_READY	11.718	7.538
2026-09-28T12:27:07.428Z	spark2	KV_READY	11.333	4.118
2026-09-28T12:27:07.484Z	spark1	KV_READY	12.131	7.538
2026-09-28T12:27:07.695Z	spark2	KV_READY	11.251	4.118
2026-09-28T12:27:07.734Z	spark1	KV_READY	12.137	7.538
2026-09-28T12:27:07.945Z	spark2	KV_READY	11.128	4.118
2026-09-28T12:27:07.985Z	spark1	KV_READY	12.095	7.538
2026-09-28T12:27:08.196Z	spark2	KV_READY	11.136	4.118
2026-09-28T12:27:08.235Z	spark1	KV_READY	12.036	7.538
2026-09-28T12:27:08.446Z	spark2	KV_READY	11.080	4.118
2026-09-28T12:27:08.497Z	spark1	KV_READY	11.980	7.538
2026-09-28T12:27:08.708Z	spark2	KV_READY	10.926	4.118
2026-09-28T12:27:08.748Z	spark1	KV_READY	11.984	7.538
2026-09-28T12:27:08.958Z	spark2	KV_READY	10.905	4.118
2026-09-28T12:27:08.998Z	spark1	KV_READY	11.949	7.538
2026-09-28T12:27:09.210Z	spark2	KV_READY	10.922	4.118
2026-09-28T12:27:09.248Z	spark1	KV_READY	11.959	7.538
2026-09-28T12:27:09.460Z	spark2	KV_READY	10.922	4.118
2026-09-28T12:27:09.516Z	spark1	KV_READY	11.959	7.538
2026-09-28T12:27:09.721Z	spark2	KV_READY	10.923	4.118
2026-09-28T12:27:09.767Z	spark1	KV_READY	11.959	7.538
2026-09-28T12:27:09.973Z	spark2	KV_READY	10.933	4.118
2026-09-28T12:27:10.017Z	spark1	KV_READY	11.985	7.538
2026-09-28T12:27:10.223Z	spark2	KV_READY	10.933	4.118
2026-09-28T12:27:10.267Z	spark1	KV_READY	11.993	7.538
2026-09-28T12:27:10.473Z	spark2	KV_READY	10.940	4.118
2026-09-28T12:27:10.530Z	spark1	KV_READY	12.002	7.538
2026-09-28T12:27:10.735Z	spark2	KV_READY	10.939	4.118
2026-09-28T12:27:10.781Z	spark1	KV_READY	12.009	7.538
2026-09-28T12:27:10.985Z	spark2	KV_READY	10.950	4.118
2026-09-28T12:27:11.032Z	spark1	KV_READY	12.033	7.538
2026-09-28T12:27:11.235Z	spark2	KV_READY	10.949	4.118
2026-09-28T12:27:11.283Z	spark1	KV_READY	12.033	7.538
2026-09-28T12:27:11.486Z	spark2	KV_READY	10.950	4.118
2026-09-28T12:27:11.545Z	spark1	KV_READY	12.040	7.538
2026-09-28T12:27:11.751Z	spark2	KV_READY	10.950	4.118
2026-09-28T12:27:11.796Z	spark1	KV_READY	12.040	7.538
2026-09-28T12:27:12.002Z	spark2	KV_READY	10.958	4.118
2026-09-28T12:27:12.047Z	spark1	KV_READY	12.080	7.538
2026-09-28T12:27:12.253Z	spark2	KV_READY	10.983	4.118
2026-09-28T12:27:12.298Z	spark1	KV_READY	12.080	7.538
2026-09-28T12:27:12.503Z	spark2	KV_READY	10.990	4.118
2026-09-28T12:27:12.561Z	spark1	KV_READY	12.080	7.538
2026-09-28T12:27:12.765Z	spark2	KV_READY	10.998	4.118
2026-09-28T12:27:12.811Z	spark1	KV_READY	12.078	7.538
2026-09-28T12:27:13.016Z	spark2	KV_READY	11.008	4.118
2026-09-28T12:27:13.062Z	spark1	KV_READY	12.112	7.538
2026-09-28T12:27:13.266Z	spark2	KV_READY	10.983	4.118
2026-09-28T12:27:13.312Z	spark1	KV_READY	12.126	7.538
2026-09-28T12:27:13.517Z	spark2	KV_READY	10.862	4.118
2026-09-28T12:27:13.576Z	spark1	KV_READY	12.126	7.538
2026-09-28T12:27:13.782Z	spark2	KV_READY	10.817	4.118
2026-09-28T12:27:13.827Z	spark1	KV_READY	12.126	7.538
2026-09-28T12:27:14.033Z	spark2	KV_READY	10.861	4.118
2026-09-28T12:27:14.077Z	spark1	KV_READY	12.159	7.538
2026-09-28T12:27:14.283Z	spark2	KV_READY	10.849	4.118
2026-09-28T12:27:14.328Z	spark1	KV_READY	12.151	7.538
2026-09-28T12:27:14.533Z	spark2	KV_READY	10.797	4.118
2026-09-28T12:27:14.591Z	spark1	KV_READY	12.103	7.538
2026-09-28T12:27:14.799Z	spark2	KV_READY	10.759	4.118
2026-09-28T12:27:14.841Z	spark1	KV_READY	12.068	7.538
2026-09-28T12:27:15.049Z	spark2	KV_READY	10.713	4.118
2026-09-28T12:27:15.092Z	spark1	KV_READY	12.108	7.538
2026-09-28T12:27:15.299Z	spark2	KV_READY	10.750	4.118
2026-09-28T12:27:15.342Z	spark1	KV_READY	12.095	7.538
2026-09-28T12:27:15.549Z	spark2	KV_READY	10.751	4.118
2026-09-28T12:27:15.604Z	spark1	KV_READY	12.082	7.538
2026-09-28T12:27:15.810Z	spark2	KV_READY	10.754	4.118
2026-09-28T12:27:15.855Z	spark1	KV_READY	11.921	7.538
2026-09-28T12:27:16.060Z	spark2	KV_READY	10.776	4.117
2026-09-28T12:27:16.105Z	spark1	KV_READY	11.974	7.538
2026-09-28T12:27:16.312Z	spark2	KV_READY	10.776	4.117
2026-09-28T12:27:16.355Z	spark1	KV_READY	11.980	7.538
2026-09-28T12:27:16.562Z	spark2	KV_READY	10.776	4.117
2026-09-28T12:27:16.623Z	spark1	KV_READY	11.987	7.538
2026-09-28T12:27:16.823Z	spark2	KV_READY	10.776	4.117
2026-09-28T12:27:16.874Z	spark1	KV_READY	12.012	7.538
2026-09-28T12:27:17.073Z	spark2	KV_READY	10.801	4.117
2026-09-28T12:27:17.124Z	spark1	KV_READY	12.026	7.538
2026-09-28T12:27:17.323Z	spark2	KV_READY	10.801	4.117
2026-09-28T12:27:17.375Z	spark1	KV_READY	12.026	7.538
2026-09-28T12:27:17.574Z	spark2	KV_READY	10.801	4.117
2026-09-28T12:27:17.642Z	spark1	KV_READY	12.026	7.538
2026-09-28T12:27:17.839Z	spark2	KV_READY	10.824	4.117
2026-09-28T12:27:17.893Z	spark1	KV_READY	12.049	7.538
2026-09-28T12:27:18.089Z	spark2	KV_READY	10.835	4.117
2026-09-28T12:27:18.143Z	spark1	KV_READY	12.071	7.538
2026-09-28T12:27:18.340Z	spark2	KV_READY	10.850	4.117
2026-09-28T12:27:18.394Z	spark1	KV_READY	12.079	7.538
2026-09-28T12:27:18.591Z	spark2	KV_READY	10.850	4.117
2026-09-28T12:27:18.662Z	spark1	KV_READY	12.079	7.538
2026-09-28T12:27:18.855Z	spark2	KV_READY	10.858	4.117
2026-09-28T12:27:18.912Z	spark1	KV_READY	12.128	7.538
2026-09-28T12:27:19.106Z	spark2	KV_READY	10.880	4.117
2026-09-28T12:27:19.163Z	spark1	KV_READY	12.130	7.538
2026-09-28T12:27:19.356Z	spark2	KV_READY	10.887	4.117
2026-09-28T12:27:19.413Z	spark1	KV_READY	12.130	7.538
2026-09-28T12:27:19.607Z	spark2	KV_READY	10.893	4.117
2026-09-28T12:27:19.676Z	spark1	KV_READY	12.130	7.538
2026-09-28T12:27:19.868Z	spark2	KV_READY	10.908	4.117
2026-09-28T12:27:19.926Z	spark1	KV_READY	12.163	7.538
2026-09-28T12:27:20.118Z	spark2	KV_READY	10.870	4.117
2026-09-28T12:27:20.176Z	spark1	KV_READY	12.174	7.538
2026-09-28T12:27:20.369Z	spark2	KV_READY	10.946	4.117
2026-09-28T12:27:20.427Z	spark1	KV_READY	12.175	7.538
2026-09-28T12:27:20.620Z	spark2	KV_READY	10.935	4.117
2026-09-28T12:27:20.688Z	spark1	KV_READY	12.189	7.538
2026-09-28T12:27:20.879Z	spark2	KV_READY	10.943	4.117
2026-09-28T12:27:20.939Z	spark1	KV_READY	12.176	7.538
2026-09-28T12:27:21.129Z	spark2	KV_READY	10.956	4.117
2026-09-28T12:27:21.190Z	spark1	KV_READY	12.174	7.538
2026-09-28T12:27:21.380Z	spark2	KV_READY	10.968	4.117
2026-09-28T12:27:21.440Z	spark1	KV_READY	12.178	7.538
2026-09-28T12:27:21.630Z	spark2	KV_READY	10.967	4.117
2026-09-28T12:27:21.703Z	spark1	KV_READY	12.178	7.538
2026-09-28T12:27:21.890Z	spark2	KV_READY	10.981	4.117
2026-09-28T12:27:21.953Z	spark1	KV_READY	12.185	7.538
2026-09-28T12:27:22.141Z	spark2	KV_READY	10.993	4.117
2026-09-28T12:27:22.204Z	spark1	KV_READY	12.160	7.538
2026-09-28T12:27:22.392Z	spark2	KV_READY	10.925	4.117
2026-09-28T12:27:22.454Z	spark1	KV_READY	11.999	7.538
2026-09-28T12:27:22.643Z	spark2	KV_READY	10.829	4.117
2026-09-28T12:27:22.717Z	spark1	KV_READY	11.945	7.538
2026-09-28T12:27:22.907Z	spark2	KV_READY	10.830	4.117
2026-09-28T12:27:22.967Z	spark1	KV_READY	12.026	7.538
2026-09-28T12:27:23.157Z	spark2	KV_READY	10.868	4.117
2026-09-28T12:27:23.218Z	spark1	KV_READY	12.045	7.538
2026-09-28T12:27:23.408Z	spark2	KV_READY	10.811	4.117
2026-09-28T12:27:23.468Z	spark1	KV_READY	11.964	7.538
2026-09-28T12:27:23.658Z	spark2	KV_READY	10.794	4.117
2026-09-28T12:27:23.732Z	spark1	KV_READY	11.962	7.538
2026-09-28T12:27:23.923Z	spark2	KV_READY	10.798	4.117
2026-09-28T12:27:23.982Z	spark1	KV_READY	12.001	7.537
2026-09-28T12:27:24.173Z	spark2	KV_READY	10.812	4.117
2026-09-28T12:27:24.232Z	spark1	KV_READY	12.002	7.537
2026-09-28T12:27:24.424Z	spark2	KV_READY	10.809	4.117
2026-09-28T12:27:24.483Z	spark1	KV_READY	11.933	7.537
2026-09-28T12:27:24.673Z	spark2	KV_READY	10.810	4.117
2026-09-28T12:27:24.750Z	spark1	KV_READY	11.911	7.537
2026-09-28T12:27:24.933Z	spark2	KV_READY	10.820	4.117
2026-09-28T12:27:25.000Z	spark1	KV_READY	11.958	7.537
2026-09-28T12:27:25.184Z	spark2	KV_READY	10.835	4.117
2026-09-28T12:27:25.252Z	spark1	KV_READY	11.957	7.537
2026-09-28T12:27:25.435Z	spark2	KV_READY	10.835	4.117
2026-09-28T12:27:25.502Z	spark1	KV_READY	11.957	7.537
2026-09-28T12:27:25.686Z	spark2	KV_READY	10.839	4.117
2026-09-28T12:27:25.769Z	spark1	KV_READY	11.958	7.537
2026-09-28T12:27:25.952Z	spark2	KV_READY	10.854	4.117
2026-09-28T12:27:26.019Z	spark1	KV_READY	11.997	7.537
2026-09-28T12:27:26.202Z	spark2	KV_READY	10.876	4.117
2026-09-28T12:27:26.269Z	spark1	KV_READY	12.025	7.537
2026-09-28T12:27:26.454Z	spark2	KV_READY	10.877	4.117
2026-09-28T12:27:26.520Z	spark1	KV_READY	12.023	7.537
2026-09-28T12:27:26.704Z	spark2	KV_READY	10.897	4.117
2026-09-28T12:27:26.783Z	spark1	KV_READY	12.024	7.537
2026-09-28T12:27:26.964Z	spark2	KV_READY	10.949	4.117
2026-09-28T12:27:27.033Z	spark1	KV_READY	12.067	7.537
2026-09-28T12:27:27.215Z	spark2	KV_READY	10.948	4.117
2026-09-28T12:27:27.284Z	spark1	KV_READY	12.067	7.537
2026-09-28T12:27:27.466Z	spark2	KV_READY	10.948	4.117
2026-09-28T12:27:27.534Z	spark1	KV_READY	12.067	7.537
2026-09-28T12:27:27.717Z	spark2	KV_READY	10.948	4.117
2026-09-28T12:27:27.796Z	spark1	KV_READY	12.067	7.537
2026-09-28T12:27:27.982Z	spark2	KV_READY	10.960	4.117
2026-09-28T12:27:28.047Z	spark1	KV_READY	12.092	7.537
2026-09-28T12:27:28.233Z	spark2	KV_READY	10.980	4.117
2026-09-28T12:27:28.297Z	spark1	KV_READY	12.107	7.537
2026-09-28T12:27:28.484Z	spark2	KV_READY	10.984	4.117
2026-09-28T12:27:28.548Z	spark1	KV_READY	12.107	7.537
2026-09-28T12:27:28.735Z	spark2	KV_READY	10.984	4.117
2026-09-28T12:27:28.815Z	spark1	KV_READY	12.107	7.537
2026-09-28T12:27:28.999Z	spark2	KV_READY	11.025	4.117
2026-09-28T12:27:29.065Z	spark1	KV_READY	12.138	7.537
2026-09-28T12:27:29.251Z	spark2	KV_READY	11.025	4.117
2026-09-28T12:27:29.316Z	spark1	KV_READY	12.087	7.537
2026-09-28T12:27:29.501Z	spark2	KV_READY	11.024	4.117
2026-09-28T12:27:29.567Z	spark1	KV_READY	11.980	7.537
2026-09-28T12:27:29.752Z	spark2	KV_READY	10.950	4.117
2026-09-28T12:27:29.834Z	spark1	KV_READY	11.941	7.537
2026-09-28T12:27:30.017Z	spark2	KV_READY	10.954	4.117
2026-09-28T12:27:30.084Z	spark1	KV_READY	11.984	7.537
2026-09-28T12:27:30.267Z	spark2	KV_READY	10.950	4.117
2026-09-28T12:27:30.334Z	spark1	KV_READY	11.993	7.537
2026-09-28T12:27:30.517Z	spark2	KV_READY	10.971	4.117
2026-09-28T12:27:30.585Z	spark1	KV_READY	11.993	7.537
2026-09-28T12:27:30.768Z	spark2	KV_READY	10.982	4.117
2026-09-28T12:27:30.856Z	spark1	KV_READY	12.001	7.537
2026-09-28T12:27:31.032Z	spark2	KV_READY	10.980	4.116
2026-09-28T12:27:31.106Z	spark1	KV_READY	12.002	7.537
2026-09-28T12:27:31.283Z	spark2	KV_READY	10.986	4.116
2026-09-28T12:27:31.356Z	spark1	KV_READY	12.017	7.537
2026-09-28T12:27:31.533Z	spark2	KV_READY	10.985	4.116
2026-09-28T12:27:31.607Z	spark1	KV_READY	12.026	7.537
2026-09-28T12:27:31.784Z	spark2	KV_READY	10.982	4.116
2026-09-28T12:27:31.875Z	spark1	KV_READY	12.011	7.537
2026-09-28T12:27:32.044Z	spark2	KV_READY	10.999	4.116
2026-09-28T12:27:32.125Z	spark1	KV_READY	12.016	7.537
2026-09-28T12:27:32.295Z	spark2	KV_READY	11.026	4.116
2026-09-28T12:27:32.375Z	spark1	KV_READY	12.015	7.537
2026-09-28T12:27:32.546Z	spark2	KV_READY	11.031	4.116
2026-09-28T12:27:32.626Z	spark1	KV_READY	12.013	7.537
2026-09-28T12:27:32.797Z	spark2	KV_READY	10.997	4.116
2026-09-28T12:27:32.893Z	spark1	KV_READY	12.012	7.537
2026-09-28T12:27:33.057Z	spark2	KV_READY	11.015	4.116
2026-09-28T12:27:33.144Z	spark1	KV_READY	12.044	7.537
2026-09-28T12:27:33.307Z	spark2	KV_READY	11.482	4.116
2026-09-28T12:27:33.394Z	spark1	KV_READY	12.461	7.537
2026-09-28T12:27:33.558Z	spark2	KV_READY	11.413	4.116
2026-09-28T12:27:33.644Z	spark1	KV_READY	12.392	7.537
2026-09-28T12:27:33.808Z	spark2	KV_READY	11.410	4.116
2026-09-28T12:27:33.907Z	spark1	KV_READY	12.411	7.537
2026-09-28T12:27:34.069Z	spark2	KV_READY	11.432	4.116
2026-09-28T12:27:34.157Z	spark1	KV_READY	12.441	7.537
2026-09-28T12:27:34.319Z	spark2	KV_READY	11.450	4.116
2026-09-28T12:27:34.408Z	spark1	KV_READY	12.406	7.537
2026-09-28T12:27:34.570Z	spark2	KV_READY	11.436	4.116
2026-09-28T12:27:34.658Z	spark1	KV_READY	12.418	7.537
2026-09-28T12:27:34.820Z	spark2	KV_READY	11.444	4.116
2026-09-28T12:27:34.920Z	spark1	KV_READY	12.412	7.537
2026-09-28T12:27:35.080Z	spark2	KV_READY	11.483	4.116
2026-09-28T12:27:35.170Z	spark1	KV_READY	12.424	7.537
2026-09-28T12:27:35.331Z	spark2	KV_READY	11.242	4.116
2026-09-28T12:27:35.421Z	spark1	KV_READY	12.103	7.537
2026-09-28T12:27:35.581Z	spark2	KV_READY	11.001	4.116
2026-09-28T12:27:35.671Z	spark1	KV_READY	11.827	7.537
2026-09-28T12:27:35.832Z	spark2	KV_READY	10.846	4.116
2026-09-28T12:27:35.935Z	spark1	KV_READY	11.793	7.537
2026-09-28T12:27:36.092Z	spark2	KV_READY	10.689	4.116
2026-09-28T12:27:36.185Z	spark1	KV_READY	11.695	7.537
2026-09-28T12:27:36.343Z	spark2	KV_READY	10.549	4.116
2026-09-28T12:27:36.435Z	spark1	KV_READY	11.623	7.537
2026-09-28T12:27:36.593Z	spark2	KV_READY	10.318	4.116
2026-09-28T12:27:36.685Z	spark1	KV_READY	11.657	7.537
2026-09-28T12:27:36.843Z	spark2	KV_READY	10.077	4.116
2026-09-28T12:27:36.953Z	spark1	KV_READY	11.576	7.537
2026-09-28T12:27:37.104Z	spark2	KV_READY	9.805	4.116
2026-09-28T12:27:37.203Z	spark1	KV_READY	12.059	7.537
2026-09-28T12:27:37.354Z	spark2	KV_READY	9.507	4.116
2026-09-28T12:27:37.453Z	spark1	KV_READY	11.733	7.537
2026-09-28T12:27:37.604Z	spark2	KV_READY	9.213	4.116
2026-09-28T12:27:37.704Z	spark1	KV_READY	11.458	7.537
2026-09-28T12:27:37.855Z	spark2	KV_READY	8.896	4.116
2026-09-28T12:27:37.972Z	spark1	KV_READY	10.780	7.537
2026-09-28T12:27:38.116Z	spark2	KV_READY	8.754	4.116
2026-09-28T12:27:38.222Z	spark1	KV_READY	10.538	7.537
2026-09-28T12:27:38.366Z	spark2	KV_READY	8.729	4.116
2026-09-28T12:27:38.473Z	spark1	KV_READY	10.475	7.537
2026-09-28T12:27:38.617Z	spark2	KV_READY	9.477	4.116
2026-09-28T12:27:38.723Z	spark1	KV_READY	10.528	7.537
2026-09-28T12:27:38.867Z	spark2	KV_READY	9.223	4.116
2026-09-28T12:27:38.987Z	spark1	KV_READY	10.102	7.537
2026-09-28T12:27:39.134Z	spark2	KV_READY	8.861	4.116
2026-09-28T12:27:39.237Z	spark1	KV_READY	9.783	7.537
2026-09-28T12:27:39.384Z	spark2	KV_READY	8.478	4.116
2026-09-28T12:27:39.488Z	spark1	KV_READY	9.375	7.537
2026-09-28T12:27:39.635Z	spark2	KV_READY	8.286	4.116
2026-09-28T12:27:39.738Z	spark1	KV_READY	9.178	7.537
2026-09-28T12:27:39.886Z	spark2	KV_READY	8.176	4.116
2026-09-28T12:27:40.001Z	spark1	KV_READY	9.060	7.537
2026-09-28T12:27:40.152Z	spark2	KV_READY	8.147	4.116
2026-09-28T12:27:40.252Z	spark1	KV_READY	9.035	7.537
2026-09-28T12:27:40.402Z	spark2	KV_READY	8.106	4.116
2026-09-28T12:27:40.502Z	spark1	KV_READY	8.980	7.537
2026-09-28T12:27:40.653Z	spark2	KV_READY	8.102	4.116
2026-09-28T12:27:40.752Z	spark1	KV_READY	8.973	7.537
2026-09-28T12:27:40.904Z	spark2	KV_READY	8.110	4.116
2026-09-28T12:27:41.015Z	spark1	KV_READY	8.980	7.537
2026-09-28T12:27:41.170Z	spark2	KV_READY	8.135	4.116
2026-09-28T12:27:41.265Z	spark1	KV_READY	8.968	7.537
2026-09-28T12:27:41.420Z	spark2	KV_READY	8.138	4.116
2026-09-28T12:27:41.516Z	spark1	KV_READY	8.955	7.537
2026-09-28T12:27:41.672Z	spark2	KV_READY	8.134	4.116
2026-09-28T12:27:41.766Z	spark1	KV_READY	8.953	7.537
2026-09-28T12:27:41.922Z	spark2	KV_READY	8.142	4.116
2026-09-28T12:27:42.028Z	spark1	KV_READY	8.961	7.537
2026-09-28T12:27:42.188Z	spark2	KV_READY	8.157	4.116
2026-09-28T12:27:42.279Z	spark1	KV_READY	9.080	7.537
2026-09-28T12:27:42.439Z	spark2	KV_READY	8.165	4.116
2026-09-28T12:27:42.529Z	spark1	KV_READY	9.061	7.537
2026-09-28T12:27:42.689Z	spark2	KV_READY	8.189	4.116
2026-09-28T12:27:42.780Z	spark1	KV_READY	9.061	7.537
2026-09-28T12:27:42.940Z	spark2	KV_READY	8.214	4.116
2026-09-28T12:27:43.052Z	spark1	KV_READY	9.078	7.537
2026-09-28T12:27:43.205Z	spark2	KV_READY	8.222	4.116
2026-09-28T12:27:43.302Z	spark1	KV_READY	9.078	7.537
2026-09-28T12:27:43.456Z	spark2	KV_READY	8.222	4.116
2026-09-28T12:27:43.552Z	spark1	KV_READY	9.080	7.537
2026-09-28T12:27:43.707Z	spark2	KV_READY	8.224	4.116
2026-09-28T12:27:43.803Z	spark1	KV_READY	9.079	7.537
2026-09-28T12:27:43.957Z	spark2	KV_READY	8.239	4.116
2026-09-28T12:27:44.065Z	spark1	KV_READY	9.088	7.537
2026-09-28T12:27:44.218Z	spark2	KV_READY	8.263	4.116
2026-09-28T12:27:44.316Z	spark1	KV_READY	9.096	7.537
2026-09-28T12:27:44.469Z	spark2	KV_READY	11.956	4.116
2026-09-28T12:27:44.566Z	spark1	KV_READY	11.668	7.537
2026-09-28T12:27:44.719Z	spark2	KV_READY	11.833	4.116
2026-09-28T12:27:44.817Z	spark1	KV_READY	11.560	7.537
2026-09-28T12:27:44.970Z	spark2	KV_READY	11.825	4.116
2026-09-28T12:27:45.080Z	spark1	KV_READY	11.556	7.537
2026-09-28T12:27:45.231Z	spark2	KV_READY	11.823	4.116
2026-09-28T12:27:45.330Z	spark1	KV_READY	11.556	7.537
2026-09-28T12:27:45.482Z	spark2	KV_READY	11.823	4.116
2026-09-28T12:27:45.580Z	spark1	KV_READY	11.530	7.537
2026-09-28T12:27:45.732Z	spark2	KV_READY	11.817	4.116
2026-09-28T12:27:45.831Z	spark1	KV_READY	11.524	7.537
2026-09-28T12:27:45.983Z	spark2	KV_READY	11.813	4.116
2026-09-28T12:27:46.094Z	spark1	KV_READY	11.520	7.537
2026-09-28T12:27:46.249Z	spark2	KV_READY	11.811	4.116
2026-09-28T12:27:46.345Z	spark1	KV_READY	11.520	7.537
2026-09-28T12:27:46.500Z	spark2	KV_READY	11.811	4.116
2026-09-28T12:27:46.595Z	spark1	KV_READY	11.520	7.537
2026-09-28T12:27:46.751Z	spark2	KV_READY	11.810	4.116
2026-09-28T12:27:46.846Z	spark1	KV_READY	11.516	7.537
2026-09-28T12:27:47.001Z	spark2	KV_READY	11.809	4.116
2026-09-28T12:27:47.109Z	spark1	KV_READY	11.503	7.537
2026-09-28T12:27:47.266Z	spark2	KV_READY	11.829	4.116
2026-09-28T12:27:47.359Z	spark1	KV_READY	11.485	7.537
2026-09-28T12:27:47.517Z	spark2	KV_READY	11.695	4.116
2026-09-28T12:27:47.610Z	spark1	KV_READY	11.371	7.537
2026-09-28T12:27:47.767Z	spark2	KV_READY	11.595	4.116
2026-09-28T12:27:47.860Z	spark1	KV_READY	11.261	7.537
2026-09-28T12:27:48.018Z	spark2	KV_READY	11.533	4.116
2026-09-28T12:27:48.129Z	spark1	KV_READY	11.205	7.537
2026-09-28T12:27:48.283Z	spark2	KV_READY	11.486	4.116
2026-09-28T12:27:48.379Z	spark1	KV_READY	11.113	7.536
2026-09-28T12:27:48.534Z	spark2	KV_READY	11.429	4.116
2026-09-28T12:27:48.629Z	spark1	KV_READY	11.085	7.536
2026-09-28T12:27:48.784Z	spark2	KV_READY	11.402	4.116
2026-09-28T12:27:48.880Z	spark1	KV_READY	11.066	7.536
2026-09-28T12:27:49.034Z	spark2	KV_READY	11.347	4.116
2026-09-28T12:27:49.142Z	spark1	KV_READY	11.040	7.536
2026-09-28T12:27:49.300Z	spark2	KV_READY	11.339	4.116
2026-09-28T12:27:49.392Z	spark1	KV_READY	11.033	7.536
2026-09-28T12:27:49.551Z	spark2	KV_READY	11.307	4.116
2026-09-28T12:27:49.642Z	spark1	KV_READY	11.038	7.536
2026-09-28T12:27:49.801Z	spark2	KV_READY	11.307	4.116
2026-09-28T12:27:49.893Z	spark1	KV_READY	11.058	7.536
2026-09-28T12:27:50.052Z	spark2	KV_READY	11.308	4.116
2026-09-28T12:27:50.156Z	spark1	KV_READY	11.060	7.536
2026-09-28T12:27:50.313Z	spark2	KV_READY	11.309	4.116
2026-09-28T12:27:50.406Z	spark1	KV_READY	11.060	7.536
2026-09-28T12:27:50.564Z	spark2	KV_READY	11.309	4.116
2026-09-28T12:27:50.657Z	spark1	KV_READY	11.060	7.536
2026-09-28T12:27:50.815Z	spark2	KV_READY	11.316	4.116
2026-09-28T12:27:50.908Z	spark1	KV_READY	11.061	7.536
2026-09-28T12:27:51.066Z	spark2	KV_READY	11.316	4.116
2026-09-28T12:27:51.169Z	spark1	KV_READY	11.071	7.536
2026-09-28T12:27:51.330Z	spark2	KV_READY	11.320	4.116
2026-09-28T12:27:51.420Z	spark1	KV_READY	11.071	7.536
2026-09-28T12:27:51.582Z	spark2	KV_READY	11.320	4.116
2026-09-28T12:27:51.670Z	spark1	KV_READY	11.071	7.536
2026-09-28T12:27:51.831Z	spark2	KV_READY	11.320	4.116
2026-09-28T12:27:51.920Z	spark1	KV_READY	11.077	7.536
2026-09-28T12:27:52.082Z	spark2	KV_READY	11.328	4.116
2026-09-28T12:27:52.182Z	spark1	KV_READY	11.084	7.536
2026-09-28T12:27:52.348Z	spark2	KV_READY	11.330	4.116
2026-09-28T12:27:52.433Z	spark1	KV_READY	11.084	7.536
2026-09-28T12:27:52.600Z	spark2	KV_READY	11.330	4.116
2026-09-28T12:27:52.683Z	spark1	KV_READY	11.084	7.536
2026-09-28T12:27:52.850Z	spark2	KV_READY	11.330	4.116
2026-09-28T12:27:52.933Z	spark1	KV_READY	11.092	7.536
2026-09-28T12:27:53.102Z	spark2	KV_READY	11.330	4.116
2026-09-28T12:27:53.201Z	spark1	KV_READY	11.093	7.536
2026-09-28T12:27:53.366Z	spark2	KV_READY	11.340	4.116
2026-09-28T12:27:53.451Z	spark1	KV_READY	11.102	7.536
2026-09-28T12:27:53.617Z	spark2	KV_READY	11.340	4.116
2026-09-28T12:27:53.701Z	spark1	KV_READY	11.102	7.536
2026-09-28T12:27:53.868Z	spark2	KV_READY	11.341	4.116
2026-09-28T12:27:53.952Z	spark1	KV_READY	11.114	7.536
2026-09-28T12:27:54.118Z	spark2	KV_READY	11.341	4.116
2026-09-28T12:27:54.215Z	spark1	KV_READY	11.113	7.536
2026-09-28T12:27:54.379Z	spark2	KV_READY	11.341	4.116
2026-09-28T12:27:54.465Z	spark1	KV_READY	11.113	7.536
2026-09-28T12:27:54.630Z	spark2	KV_READY	11.337	4.116
2026-09-28T12:27:54.716Z	spark1	KV_READY	11.114	7.536
2026-09-28T12:27:54.882Z	spark2	KV_READY	11.337	4.116
2026-09-28T12:27:54.966Z	spark1	KV_READY	11.128	7.536
2026-09-28T12:27:55.132Z	spark2	KV_READY	11.339	4.116
2026-09-28T12:27:55.235Z	spark1	KV_READY	11.128	7.536
2026-09-28T12:27:55.394Z	spark2	KV_READY	11.357	4.116
2026-09-28T12:27:55.485Z	spark1	KV_READY	11.128	7.536
2026-09-28T12:27:55.644Z	spark2	KV_READY	11.357	4.116
2026-09-28T12:27:55.735Z	spark1	KV_READY	11.128	7.536
2026-09-28T12:27:55.895Z	spark2	KV_READY	11.357	4.116
2026-09-28T12:27:55.985Z	spark1	KV_READY	11.146	7.536
2026-09-28T12:27:56.146Z	spark2	KV_READY	11.366	4.116
2026-09-28T12:27:56.248Z	spark1	KV_READY	11.146	7.536
2026-09-28T12:27:56.410Z	spark2	KV_READY	11.365	4.116
2026-09-28T12:27:56.499Z	spark1	KV_READY	11.146	7.536
2026-09-28T12:27:56.661Z	spark2	KV_READY	11.365	4.116
2026-09-28T12:27:56.749Z	spark1	KV_READY	11.146	7.536
2026-09-28T12:27:56.911Z	spark2	KV_READY	12.151	4.116
2026-09-28T12:27:56.999Z	spark1	KV_READY	11.159	7.536
2026-09-28T12:27:57.163Z	spark2	KV_READY	12.038	4.116
2026-09-28T12:27:57.266Z	spark1	KV_READY	11.166	7.536
2026-09-28T12:27:57.428Z	spark2	KV_READY	11.908	4.116
2026-09-28T12:27:57.517Z	spark1	KV_READY	11.166	7.536
2026-09-28T12:27:57.679Z	spark2	KV_READY	11.894	4.116
2026-09-28T12:27:57.767Z	spark1	KV_READY	11.166	7.536
2026-09-28T12:27:57.930Z	spark2	KV_READY	11.886	4.116
2026-09-28T12:27:58.018Z	spark1	KV_READY	11.171	7.536
2026-09-28T12:27:58.181Z	spark2	KV_READY	11.894	4.116
2026-09-28T12:27:58.286Z	spark1	KV_READY	11.955	7.536
2026-09-28T12:27:58.442Z	spark2	KV_READY	11.901	4.116
2026-09-28T12:27:58.537Z	spark1	KV_READY	11.825	7.536
2026-09-28T12:27:58.693Z	spark2	KV_READY	11.901	4.116
2026-09-28T12:27:58.787Z	spark1	KV_READY	11.710	7.536
2026-09-28T12:27:58.944Z	spark2	KV_READY	11.898	4.116
2026-09-28T12:27:59.038Z	spark1	KV_READY	11.693	7.536
2026-09-28T12:27:59.194Z	spark2	KV_READY	11.895	4.116
2026-09-28T12:27:59.300Z	spark1	KV_READY	11.701	7.536
2026-09-28T12:27:59.460Z	spark2	KV_READY	11.893	4.116
2026-09-28T12:27:59.551Z	spark1	KV_READY	11.698	7.536
2026-09-28T12:27:59.710Z	spark2	KV_READY	11.889	4.116
2026-09-28T12:27:59.801Z	spark1	KV_READY	11.697	7.536
2026-09-28T12:27:59.960Z	spark2	KV_READY	11.876	4.116
2026-09-28T12:28:00.052Z	spark1	KV_READY	11.686	7.536
2026-09-28T12:28:00.211Z	spark2	KV_READY	11.875	4.116
2026-09-28T12:28:00.315Z	spark1	KV_READY	11.684	7.536
2026-09-28T12:28:00.476Z	spark2	KV_READY	11.879	4.116
2026-09-28T12:28:00.565Z	spark1	KV_READY	11.684	7.536
2026-09-28T12:28:00.727Z	spark2	KV_READY	11.875	4.116
2026-09-28T12:28:00.816Z	spark1	KV_READY	11.679	7.535
2026-09-28T12:28:00.978Z	spark2	KV_READY	11.867	4.116
2026-09-28T12:28:01.066Z	spark1	KV_READY	11.688	7.535
2026-09-28T12:28:01.228Z	spark2	KV_READY	11.868	4.116
2026-09-28T12:28:01.329Z	spark1	KV_READY	11.688	7.535
2026-09-28T12:28:01.488Z	spark2	KV_READY	11.869	4.116
2026-09-28T12:28:01.579Z	spark1	KV_READY	11.687	7.535
2026-09-28T12:28:01.739Z	spark2	KV_READY	11.869	4.116
2026-09-28T12:28:01.830Z	spark1	KV_READY	11.685	7.535
2026-09-28T12:28:01.989Z	spark2	KV_READY	11.861	4.116
2026-09-28T12:28:02.080Z	spark1	KV_READY	11.703	7.535
2026-09-28T12:28:02.239Z	spark2	KV_READY	11.869	4.116
2026-09-28T12:28:02.347Z	spark1	KV_READY	11.696	7.535
2026-09-28T12:28:02.505Z	spark2	KV_READY	11.868	4.116
2026-09-28T12:28:02.597Z	spark1	KV_READY	11.688	7.535
2026-09-28T12:28:02.756Z	spark2	KV_READY	11.874	4.116
2026-09-28T12:28:02.847Z	spark1	KV_READY	11.688	7.535
2026-09-28T12:28:03.007Z	spark2	KV_READY	11.871	4.116
2026-09-28T12:28:03.098Z	spark1	KV_READY	11.701	7.535
2026-09-28T12:28:03.259Z	spark2	KV_READY	11.871	4.116
2026-09-28T12:28:03.362Z	spark1	KV_READY	11.700	7.535
2026-09-28T12:28:03.523Z	spark2	KV_READY	11.871	4.116
2026-09-28T12:28:03.612Z	spark1	KV_READY	11.694	7.535
2026-09-28T12:28:03.774Z	spark2	KV_READY	11.867	4.116
2026-09-28T12:28:03.863Z	spark1	KV_READY	11.700	7.535
2026-09-28T12:28:04.025Z	spark2	KV_READY	11.872	4.116
2026-09-28T12:28:04.113Z	spark1	KV_READY	11.704	7.535
2026-09-28T12:28:04.276Z	spark2	KV_READY	11.872	4.116
2026-09-28T12:28:04.381Z	spark1	KV_READY	11.718	7.535
2026-09-28T12:28:04.541Z	spark2	KV_READY	11.835	4.116
2026-09-28T12:28:04.631Z	spark1	KV_READY	11.715	7.535
2026-09-28T12:28:04.791Z	spark2	KV_READY	11.835	4.116
2026-09-28T12:28:04.882Z	spark1	KV_READY	11.715	7.535
2026-09-28T12:28:05.042Z	spark2	KV_READY	11.832	4.116
2026-09-28T12:28:05.132Z	spark1	KV_READY	11.716	7.535
2026-09-28T12:28:05.293Z	spark2	KV_READY	12.040	4.116
2026-09-28T12:28:05.396Z	spark1	KV_READY	11.716	7.535
2026-09-28T12:28:05.554Z	spark2	KV_READY	11.927	4.116
2026-09-28T12:28:05.646Z	spark1	KV_READY	11.716	7.535
2026-09-28T12:28:05.804Z	spark2	KV_READY	11.835	4.116
2026-09-28T12:28:05.897Z	spark1	KV_READY	11.708	7.535
2026-09-28T12:28:06.055Z	spark2	KV_READY	11.804	4.116
2026-09-28T12:28:06.147Z	spark1	KV_READY	11.712	7.535
2026-09-28T12:28:06.306Z	spark2	KV_READY	11.735	4.116
2026-09-28T12:28:06.410Z	spark1	KV_READY	11.682	7.535
2026-09-28T12:28:06.567Z	spark2	KV_READY	11.673	4.116
2026-09-28T12:28:06.660Z	spark1	KV_READY	11.675	7.535
2026-09-28T12:28:06.817Z	spark2	KV_READY	11.643	4.116
2026-09-28T12:28:06.910Z	spark1	KV_READY	11.906	7.535
2026-09-28T12:28:07.067Z	spark2	KV_READY	11.629	4.116
2026-09-28T12:28:07.160Z	spark1	KV_READY	11.765	7.535
2026-09-28T12:28:07.318Z	spark2	KV_READY	11.622	4.116
2026-09-28T12:28:07.428Z	spark1	KV_READY	11.664	7.535
2026-09-28T12:28:07.579Z	spark2	KV_READY	11.610	4.116
2026-09-28T12:28:07.678Z	spark1	KV_READY	11.619	7.535
2026-09-28T12:28:07.830Z	spark2	KV_READY	11.603	4.116
2026-09-28T12:28:07.928Z	spark1	KV_READY	11.550	7.535
2026-09-28T12:28:08.081Z	spark2	KV_READY	11.588	4.116
2026-09-28T12:28:08.179Z	spark1	KV_READY	11.491	7.535
2026-09-28T12:28:08.331Z	spark2	KV_READY	11.588	4.116
2026-09-28T12:28:08.442Z	spark1	KV_READY	11.480	7.535
2026-09-28T12:28:08.592Z	spark2	KV_READY	11.588	4.116
2026-09-28T12:28:08.692Z	spark1	KV_READY	11.459	7.535
2026-09-28T12:28:08.842Z	spark2	KV_READY	11.596	4.116
2026-09-28T12:28:08.942Z	spark1	KV_READY	11.454	7.535
2026-09-28T12:28:09.093Z	spark2	KV_READY	11.596	4.116
2026-09-28T12:28:09.193Z	spark1	KV_READY	11.446	7.535
2026-09-28T12:28:09.343Z	spark2	KV_READY	11.604	4.116
2026-09-28T12:28:09.460Z	spark1	KV_READY	11.439	7.535
2026-09-28T12:28:09.604Z	spark2	KV_READY	11.604	4.116
2026-09-28T12:28:09.710Z	spark1	KV_READY	11.424	7.535
2026-09-28T12:28:09.855Z	spark2	KV_READY	11.604	4.116
2026-09-28T12:28:09.960Z	spark1	KV_READY	11.417	7.535
2026-09-28T12:28:10.106Z	spark2	KV_READY	11.604	4.116
2026-09-28T12:28:10.211Z	spark1	KV_READY	11.420	7.535
2026-09-28T12:28:10.356Z	spark2	KV_READY	11.617	4.116
2026-09-28T12:28:10.478Z	spark1	KV_READY	11.423	7.535
2026-09-28T12:28:10.620Z	spark2	KV_READY	11.836	4.116
2026-09-28T12:28:10.729Z	spark1	KV_READY	11.428	7.535
2026-09-28T12:28:10.870Z	spark2	KV_READY	11.749	4.116
2026-09-28T12:28:10.979Z	spark1	KV_READY	11.435	7.535
2026-09-28T12:28:11.121Z	spark2	KV_READY	11.749	4.116
2026-09-28T12:28:11.230Z	spark1	KV_READY	11.435	7.535
2026-09-28T12:28:11.371Z	spark2	KV_READY	11.749	4.116
2026-09-28T12:28:11.493Z	spark1	KV_READY	11.436	7.535
2026-09-28T12:28:11.631Z	spark2	KV_READY	11.749	4.116
2026-09-28T12:28:11.743Z	spark1	KV_READY	11.436	7.535
2026-09-28T12:28:11.882Z	spark2	KV_READY	11.750	4.116
2026-09-28T12:28:11.993Z	spark1	KV_READY	11.698	7.535
2026-09-28T12:28:12.132Z	spark2	KV_READY	11.765	4.116
2026-09-28T12:28:12.244Z	spark1	KV_READY	11.599	7.535
2026-09-28T12:28:12.383Z	spark2	KV_READY	11.765	4.116
2026-09-28T12:28:12.510Z	spark1	KV_READY	11.583	7.535
2026-09-28T12:28:12.642Z	spark2	KV_READY	11.735	4.116
2026-09-28T12:28:12.760Z	spark1	KV_READY	11.581	7.535
2026-09-28T12:28:12.893Z	spark2	KV_READY	11.749	4.116
2026-09-28T12:28:13.011Z	spark1	KV_READY	11.602	7.535
2026-09-28T12:28:13.144Z	spark2	KV_READY	11.748	4.116
2026-09-28T12:28:13.261Z	spark1	KV_READY	11.601	7.535
2026-09-28T12:28:13.394Z	spark2	KV_READY	11.746	4.116
2026-09-28T12:28:13.528Z	spark1	KV_READY	11.601	7.535
2026-09-28T12:28:13.654Z	spark2	KV_READY	11.740	4.116
2026-09-28T12:28:13.779Z	spark1	KV_READY	11.601	7.535
2026-09-28T12:28:13.905Z	spark2	KV_READY	11.714	4.116
2026-09-28T12:28:14.030Z	spark1	KV_READY	11.633	7.535
2026-09-28T12:28:14.156Z	spark2	KV_READY	11.706	4.116
2026-09-28T12:28:14.281Z	spark1	KV_READY	11.595	7.535
2026-09-28T12:28:14.406Z	spark2	KV_READY	11.663	4.116
2026-09-28T12:28:14.549Z	spark1	KV_READY	11.570	7.535
2026-09-28T12:28:14.672Z	spark2	KV_READY	11.647	4.116
2026-09-28T12:28:14.799Z	spark1	KV_READY	11.585	7.535
2026-09-28T12:28:14.921Z	spark2	KV_READY	11.665	4.116
2026-09-28T12:28:15.050Z	spark1	KV_READY	11.626	7.535
2026-09-28T12:28:15.171Z	spark2	KV_READY	11.680	4.116
2026-09-28T12:28:15.300Z	spark1	KV_READY	11.606	7.535
2026-09-28T12:28:15.422Z	spark2	KV_READY	11.689	4.116
2026-09-28T12:28:15.562Z	spark1	KV_READY	11.619	7.535
2026-09-28T12:28:15.688Z	spark2	KV_READY	11.709	4.116
2026-09-28T12:28:15.812Z	spark1	KV_READY	11.580	7.535
2026-09-28T12:28:15.938Z	spark2	KV_READY	11.709	4.116
2026-09-28T12:28:16.063Z	spark1	KV_READY	11.614	7.535
2026-09-28T12:28:16.189Z	spark2	KV_READY	11.718	4.116
2026-09-28T12:28:16.313Z	spark1	KV_READY	11.615	7.535
2026-09-28T12:28:16.439Z	spark2	KV_READY	11.718	4.116
2026-09-28T12:28:16.576Z	spark1	KV_READY	11.614	7.535
2026-09-28T12:28:16.701Z	spark2	KV_READY	11.711	4.116
2026-09-28T12:28:16.826Z	spark1	KV_READY	11.614	7.535
2026-09-28T12:28:16.952Z	spark2	KV_READY	11.672	4.116
2026-09-28T12:28:17.077Z	spark1	KV_READY	11.632	7.535
2026-09-28T12:28:17.202Z	spark2	KV_READY	11.658	4.116
2026-09-28T12:28:17.327Z	spark1	KV_READY	11.638	7.535
2026-09-28T12:28:17.452Z	spark2	KV_READY	11.635	4.116
2026-09-28T12:28:17.595Z	spark1	KV_READY	11.649	7.535
2026-09-28T12:28:17.717Z	spark2	KV_READY	11.640	4.116
2026-09-28T12:28:17.845Z	spark1	KV_READY	11.634	7.535
2026-09-28T12:28:17.968Z	spark2	KV_READY	11.655	4.116
2026-09-28T12:28:18.096Z	spark1	KV_READY	11.663	7.535
2026-09-28T12:28:18.219Z	spark2	KV_READY	11.657	4.116
2026-09-28T12:28:18.346Z	spark1	KV_READY	11.667	7.535
2026-09-28T12:28:18.470Z	spark2	KV_READY	11.657	4.116
2026-09-28T12:28:18.609Z	spark1	KV_READY	11.665	7.535
2026-09-28T12:28:18.735Z	spark2	KV_READY	11.674	4.116
2026-09-28T12:28:18.860Z	spark1	KV_READY	11.497	7.535
2026-09-28T12:28:18.987Z	spark2	KV_READY	11.690	4.116
2026-09-28T12:28:19.110Z	spark1	KV_READY	11.479	7.535
2026-09-28T12:28:19.237Z	spark2	KV_READY	11.697	4.116
2026-09-28T12:28:19.361Z	spark1	KV_READY	11.479	7.535
2026-09-28T12:28:19.488Z	spark2	KV_READY	11.697	4.116
2026-09-28T12:28:19.623Z	spark1	KV_READY	11.448	7.535
2026-09-28T12:28:19.753Z	spark2	KV_READY	11.698	4.116
2026-09-28T12:28:19.874Z	spark1	KV_READY	11.450	7.535
2026-09-28T12:28:20.004Z	spark2	KV_READY	11.731	4.116
2026-09-28T12:28:20.124Z	spark1	KV_READY	11.468	7.535
2026-09-28T12:28:20.255Z	spark2	KV_READY	11.739	4.116
2026-09-28T12:28:20.375Z	spark1	KV_READY	11.468	7.535
2026-09-28T12:28:20.507Z	spark2	KV_READY	11.739	4.116
2026-09-28T12:28:20.636Z	spark1	KV_READY	11.478	7.534
2026-09-28T12:28:20.767Z	spark2	KV_READY	11.739	4.116
2026-09-28T12:28:20.887Z	spark1	KV_READY	11.465	7.534
2026-09-28T12:28:21.017Z	spark2	KV_READY	11.770	4.116
2026-09-28T12:28:21.137Z	spark1	KV_READY	11.499	7.534
2026-09-28T12:28:21.267Z	spark2	KV_READY	11.772	4.116
2026-09-28T12:28:21.388Z	spark1	KV_READY	11.496	7.534
2026-09-28T12:28:21.518Z	spark2	KV_READY	11.766	4.116
2026-09-28T12:28:21.652Z	spark1	KV_READY	11.494	7.534
2026-09-28T12:28:21.783Z	spark2	KV_READY	11.776	4.116
2026-09-28T12:28:21.902Z	spark1	KV_READY	11.464	7.534
2026-09-28T12:28:22.034Z	spark2	KV_READY	11.792	4.116
2026-09-28T12:28:22.153Z	spark1	KV_READY	11.484	7.534
2026-09-28T12:28:22.285Z	spark2	KV_READY	11.807	4.116
2026-09-28T12:28:22.403Z	spark1	KV_READY	11.481	7.534
2026-09-28T12:28:22.535Z	spark2	KV_READY	11.807	4.116
2026-09-28T12:28:22.664Z	spark1	KV_READY	11.471	7.533
2026-09-28T12:28:22.796Z	spark2	KV_READY	11.807	4.116
2026-09-28T12:28:22.914Z	spark1	KV_READY	11.492	7.533
2026-09-28T12:28:23.047Z	spark2	KV_READY	11.826	4.116
2026-09-28T12:28:23.165Z	spark1	KV_READY	11.492	7.533
2026-09-28T12:28:23.298Z	spark2	KV_READY	11.826	4.116
2026-09-28T12:28:23.416Z	spark1	KV_READY	11.489	7.533
2026-09-28T12:28:23.548Z	spark2	KV_READY	11.826	4.116
2026-09-28T12:28:23.678Z	spark1	KV_READY	11.483	7.533
2026-09-28T12:28:23.812Z	spark2	KV_READY	11.826	4.116
2026-09-28T12:28:23.928Z	spark1	KV_READY	11.496	7.533
2026-09-28T12:28:24.064Z	spark2	KV_READY	11.852	4.116
2026-09-28T12:28:24.179Z	spark1	KV_READY	11.497	7.533
2026-09-28T12:28:24.315Z	spark2	KV_READY	11.859	4.116
2026-09-28T12:28:24.429Z	spark1	KV_READY	11.499	7.533
2026-09-28T12:28:24.566Z	spark2	KV_READY	11.859	4.116
2026-09-28T12:28:24.691Z	spark1	KV_READY	11.489	7.533
2026-09-28T12:28:24.826Z	spark2	KV_READY	11.859	4.116
2026-09-28T12:28:24.942Z	spark1	KV_READY	11.508	7.533
2026-09-28T12:28:25.076Z	spark2	KV_READY	11.886	4.116
2026-09-28T12:28:25.193Z	spark1	KV_READY	11.520	7.533
2026-09-28T12:28:25.327Z	spark2	KV_READY	11.886	4.116
2026-09-28T12:28:25.443Z	spark1	KV_READY	11.518	7.533
2026-09-28T12:28:25.577Z	spark2	KV_READY	11.886	4.116
2026-09-28T12:28:25.706Z	spark1	KV_READY	11.511	7.533
2026-09-28T12:28:25.838Z	spark2	KV_READY	11.885	4.116
2026-09-28T12:28:25.957Z	spark1	KV_READY	11.409	7.533
2026-09-28T12:28:26.089Z	spark2	KV_READY	11.907	4.116
2026-09-28T12:28:26.208Z	spark1	KV_READY	11.409	7.533
2026-09-28T12:28:26.340Z	spark2	KV_READY	11.914	4.116
2026-09-28T12:28:26.459Z	spark1	KV_READY	11.405	7.533
2026-09-28T12:28:26.589Z	spark2	KV_READY	11.914	4.116
2026-09-28T12:28:26.721Z	spark1	KV_READY	11.390	7.533
2026-09-28T12:28:26.850Z	spark2	KV_READY	11.914	4.116
2026-09-28T12:28:26.972Z	spark1	KV_READY	11.409	7.533
2026-09-28T12:28:27.101Z	spark2	KV_READY	11.937	4.116
2026-09-28T12:28:27.223Z	spark1	KV_READY	11.400	7.533
2026-09-28T12:28:27.352Z	spark2	KV_READY	11.937	4.116
2026-09-28T12:28:27.473Z	spark1	KV_READY	11.397	7.533
2026-09-28T12:28:27.602Z	spark2	KV_READY	11.937	4.116
2026-09-28T12:28:27.740Z	spark1	KV_READY	11.389	7.533
2026-09-28T12:28:27.864Z	spark2	KV_READY	11.937	4.116
2026-09-28T12:28:27.990Z	spark1	KV_READY	11.406	7.533
2026-09-28T12:28:28.115Z	spark2	KV_READY	11.952	4.116
2026-09-28T12:28:28.241Z	spark1	KV_READY	11.398	7.533
2026-09-28T12:28:28.366Z	spark2	KV_READY	11.959	4.116
2026-09-28T12:28:28.491Z	spark1	KV_READY	11.391	7.533
2026-09-28T12:28:28.617Z	spark2	KV_READY	11.959	4.116
2026-09-28T12:28:28.758Z	spark1	KV_READY	11.368	7.533
2026-09-28T12:28:28.882Z	spark2	KV_READY	11.959	4.116
2026-09-28T12:28:29.009Z	spark1	KV_READY	11.383	7.533
2026-09-28T12:28:29.133Z	spark2	KV_READY	11.979	4.116
2026-09-28T12:28:29.259Z	spark1	KV_READY	11.390	7.533
2026-09-28T12:28:29.384Z	spark2	KV_READY	11.979	4.116
2026-09-28T12:28:29.510Z	spark1	KV_READY	11.374	7.533
2026-09-28T12:28:29.634Z	spark2	KV_READY	11.979	4.116
2026-09-28T12:28:29.776Z	spark1	KV_READY	11.367	7.533
2026-09-28T12:28:29.899Z	spark2	KV_READY	11.992	4.116
2026-09-28T12:28:30.027Z	spark1	KV_READY	11.362	7.533
2026-09-28T12:28:30.150Z	spark2	KV_READY	11.992	4.116
2026-09-28T12:28:30.277Z	spark1	KV_READY	11.354	7.533
2026-09-28T12:28:30.401Z	spark2	KV_READY	12.000	4.116
2026-09-28T12:28:30.528Z	spark1	KV_READY	11.346	7.533
2026-09-28T12:28:30.650Z	spark2	KV_READY	12.000	4.116
2026-09-28T12:28:30.795Z	spark1	KV_READY	11.338	7.533
2026-09-28T12:28:30.911Z	spark2	KV_READY	12.016	4.116
2026-09-28T12:28:31.045Z	spark1	KV_READY	11.360	7.533
2026-09-28T12:28:31.162Z	spark2	KV_READY	12.018	4.116
2026-09-28T12:28:31.296Z	spark1	KV_READY	11.348	7.533
2026-09-28T12:28:31.413Z	spark2	KV_READY	12.018	4.116
2026-09-28T12:28:31.547Z	spark1	KV_READY	11.339	7.533
2026-09-28T12:28:31.664Z	spark2	KV_READY	12.018	4.116
2026-09-28T12:28:31.813Z	spark1	KV_READY	11.298	7.533
2026-09-28T12:28:31.925Z	spark2	KV_READY	12.019	4.116
2026-09-28T12:28:32.064Z	spark1	KV_READY	11.290	7.533
2026-09-28T12:28:32.175Z	spark2	KV_READY	12.042	4.116
2026-09-28T12:28:32.314Z	spark1	KV_READY	11.289	7.533
2026-09-28T12:28:32.425Z	spark2	KV_READY	12.042	4.116
2026-09-28T12:28:32.564Z	spark1	KV_READY	11.281	7.533
2026-09-28T12:28:32.677Z	spark2	KV_READY	12.070	4.116
2026-09-28T12:28:32.832Z	spark1	KV_READY	11.285	7.532
2026-09-28T12:28:32.937Z	spark2	KV_READY	12.070	4.116
2026-09-28T12:28:33.082Z	spark1	KV_READY	11.298	7.532
2026-09-28T12:28:33.188Z	spark2	KV_READY	12.080	4.116
2026-09-28T12:28:33.333Z	spark1	KV_READY	11.285	7.532
2026-09-28T12:28:33.439Z	spark2	KV_READY	12.080	4.116
2026-09-28T12:28:33.583Z	spark1	KV_READY	11.270	7.532
2026-09-28T12:28:33.689Z	spark2	KV_READY	12.080	4.116
2026-09-28T12:28:33.851Z	spark1	KV_READY	11.266	7.532
2026-09-28T12:28:33.951Z	spark2	KV_READY	12.094	4.116
2026-09-28T12:28:34.102Z	spark1	KV_READY	11.292	7.532
2026-09-28T12:28:34.201Z	spark2	KV_READY	12.094	4.116
2026-09-28T12:28:34.352Z	spark1	KV_READY	11.285	7.532
2026-09-28T12:28:34.452Z	spark2	KV_READY	12.102	4.116
2026-09-28T12:28:34.603Z	spark1	KV_READY	11.274	7.532
2026-09-28T12:28:34.703Z	spark2	KV_READY	12.102	4.116
2026-09-28T12:28:34.870Z	spark1	KV_READY	11.294	7.532
2026-09-28T12:28:34.968Z	spark2	KV_READY	12.115	4.116
2026-09-28T12:28:35.120Z	spark1	KV_READY	11.283	7.532
2026-09-28T12:28:35.219Z	spark2	KV_READY	12.115	4.116
2026-09-28T12:28:35.370Z	spark1	KV_READY	11.283	7.532
2026-09-28T12:28:35.469Z	spark2	KV_READY	12.116	4.116
2026-09-28T12:28:35.621Z	spark1	KV_READY	11.284	7.532
2026-09-28T12:28:35.720Z	spark2	KV_READY	12.116	4.116
2026-09-28T12:28:35.890Z	spark1	KV_READY	11.280	7.531
2026-09-28T12:28:35.986Z	spark2	KV_READY	12.130	4.116
2026-09-28T12:28:36.140Z	spark1	KV_READY	11.291	7.531
2026-09-28T12:28:36.236Z	spark2	KV_READY	12.139	4.116
2026-09-28T12:28:36.391Z	spark1	KV_READY	11.291	7.530
2026-09-28T12:28:36.486Z	spark2	KV_READY	12.139	4.116
2026-09-28T12:28:36.642Z	spark1	KV_READY	11.284	7.529
2026-09-28T12:28:36.737Z	spark2	KV_READY	12.139	4.116
2026-09-28T12:28:36.907Z	spark1	KV_READY	11.291	7.529
2026-09-28T12:28:37.002Z	spark2	KV_READY	12.159	4.116
2026-09-28T12:28:37.158Z	spark1	KV_READY	11.290	7.527
2026-09-28T12:28:37.252Z	spark2	KV_READY	12.161	4.116
2026-09-28T12:28:37.408Z	spark1	KV_READY	11.277	7.526
2026-09-28T12:28:37.504Z	spark2	KV_READY	12.162	4.116
2026-09-28T12:28:37.658Z	spark1	KV_READY	11.270	7.526
2026-09-28T12:28:37.754Z	spark2	KV_READY	12.162	4.116
2026-09-28T12:28:37.926Z	spark1	KV_READY	11.271	7.525
2026-09-28T12:28:38.019Z	spark2	KV_READY	12.174	4.116
2026-09-28T12:28:38.177Z	spark1	KV_READY	11.282	7.525
2026-09-28T12:28:38.270Z	spark2	KV_READY	12.184	4.116
2026-09-28T12:28:38.427Z	spark1	KV_READY	11.280	7.525
2026-09-28T12:28:38.521Z	spark2	KV_READY	12.184	4.116
2026-09-28T12:28:38.678Z	spark1	KV_READY	11.274	7.524
2026-09-28T12:28:38.772Z	spark2	KV_READY	12.184	4.116
2026-09-28T12:28:38.945Z	spark1	KV_READY	11.291	7.524
2026-09-28T12:28:39.036Z	spark2	KV_READY	12.197	4.116
2026-09-28T12:28:39.195Z	spark1	KV_READY	11.273	7.524
2026-09-28T12:28:39.287Z	spark2	KV_READY	12.198	4.116
2026-09-28T12:28:39.445Z	spark1	KV_READY	11.273	7.523
2026-09-28T12:28:39.538Z	spark2	KV_READY	12.198	4.116
2026-09-28T12:28:39.696Z	spark1	KV_READY	11.258	7.523
2026-09-28T12:28:39.789Z	spark2	KV_READY	12.198	4.116
2026-09-28T12:28:39.963Z	spark1	KV_READY	11.274	7.523
2026-09-28T12:28:40.053Z	spark2	KV_READY	12.208	4.116
2026-09-28T12:28:40.214Z	spark1	KV_READY	11.273	7.523
2026-09-28T12:28:40.304Z	spark2	KV_READY	12.217	4.116
2026-09-28T12:28:40.464Z	spark1	KV_READY	11.268	7.523
2026-09-28T12:28:40.554Z	spark2	KV_READY	12.217	4.116
2026-09-28T12:28:40.715Z	spark1	KV_READY	11.263	7.522
2026-09-28T12:28:40.805Z	spark2	KV_READY	12.217	4.116
2026-09-28T12:28:40.982Z	spark1	KV_READY	11.259	7.513
2026-09-28T12:28:41.069Z	spark2	KV_READY	12.226	4.116
2026-09-28T12:28:41.232Z	spark1	KV_READY	11.193	7.474
2026-09-28T12:28:41.320Z	spark2	KV_READY	12.226	4.116
2026-09-28T12:28:41.483Z	spark1	KV_READY	11.143	7.462
2026-09-28T12:28:41.572Z	spark2	KV_READY	12.226	4.116
2026-09-28T12:28:41.733Z	spark1	KV_READY	11.128	7.453
2026-09-28T12:28:41.822Z	spark2	KV_READY	12.226	4.116
2026-09-28T12:28:41.996Z	spark1	KV_READY	11.138	7.453
2026-09-28T12:28:42.086Z	spark2	KV_READY	12.235	4.116
2026-09-28T12:28:42.246Z	spark1	KV_READY	11.136	7.453
2026-09-28T12:28:42.336Z	spark2	KV_READY	12.245	4.116
2026-09-28T12:28:42.497Z	spark1	KV_READY	11.113	7.443
2026-09-28T12:28:42.588Z	spark2	KV_READY	12.245	4.116
2026-09-28T12:28:42.747Z	spark1	KV_READY	11.114	7.430
2026-09-28T12:28:42.838Z	spark2	KV_READY	12.245	4.116
2026-09-28T12:28:43.014Z	spark1	KV_READY	11.106	7.404
2026-09-28T12:28:43.102Z	spark2	KV_READY	12.251	4.116
2026-09-28T12:28:43.264Z	spark1	KV_READY	11.074	7.378
2026-09-28T12:28:43.352Z	spark2	KV_READY	12.259	4.115
2026-09-28T12:28:43.515Z	spark1	KV_READY	11.643	7.361
2026-09-28T12:28:43.603Z	spark2	KV_READY	12.253	4.115
2026-09-28T12:28:43.765Z	spark1	KV_READY	11.643	7.361
2026-09-28T12:28:43.854Z	spark2	KV_READY	12.264	4.115
2026-09-28T12:28:44.033Z	spark1	KV_READY	11.612	7.361
2026-09-28T12:28:44.115Z	spark2	KV_READY	12.271	4.115
2026-09-28T12:28:44.284Z	spark1	KV_READY	11.604	7.361
2026-09-28T12:28:44.365Z	spark2	KV_READY	12.278	4.115
2026-09-28T12:28:44.535Z	spark1	KV_READY	11.684	7.367
2026-09-28T12:28:44.617Z	spark2	KV_READY	12.278	4.115
2026-09-28T12:28:44.786Z	spark1	KV_READY	11.636	7.369
2026-09-28T12:28:44.866Z	spark2	KV_READY	12.278	4.115
2026-09-28T12:28:45.056Z	spark1	KV_READY	11.632	7.369
2026-09-28T12:28:45.132Z	spark2	KV_READY	12.285	4.115
2026-09-28T12:28:45.306Z	spark1	KV_READY	11.612	7.369
2026-09-28T12:28:45.382Z	spark2	KV_READY	12.285	4.115
2026-09-28T12:28:45.556Z	spark1	KV_READY	11.612	7.370
2026-09-28T12:28:45.633Z	spark2	KV_READY	12.285	4.115
2026-09-28T12:28:45.807Z	spark1	KV_READY	11.611	7.370
2026-09-28T12:28:45.884Z	spark2	KV_READY	12.286	4.115
2026-09-28T12:28:46.070Z	spark1	KV_READY	11.609	7.370
2026-09-28T12:28:46.149Z	spark2	KV_READY	12.294	4.115
2026-09-28T12:28:46.321Z	spark1	KV_READY	11.609	7.370
2026-09-28T12:28:46.399Z	spark2	KV_READY	12.302	4.115
2026-09-28T12:28:46.572Z	spark1	KV_READY	11.609	7.370
2026-09-28T12:28:46.650Z	spark2	KV_READY	12.303	4.115
2026-09-28T12:28:46.822Z	spark1	KV_READY	11.609	7.370
2026-09-28T12:28:46.901Z	spark2	KV_READY	12.311	4.115
2026-09-28T12:28:47.089Z	spark1	KV_READY	11.615	7.370
2026-09-28T12:28:47.166Z	spark2	KV_READY	12.311	4.115
2026-09-28T12:28:47.339Z	spark1	KV_READY	11.647	7.383
2026-09-28T12:28:47.418Z	spark2	KV_READY	12.311	4.115
2026-09-28T12:28:47.590Z	spark1	KV_READY	11.624	7.383
2026-09-28T12:28:47.669Z	spark2	KV_READY	12.311	4.115
2026-09-28T12:28:47.841Z	spark1	KV_READY	11.623	7.383
2026-09-28T12:28:47.920Z	spark2	KV_READY	12.319	4.115
2026-09-28T12:28:48.104Z	spark1	KV_READY	11.496	7.384
2026-09-28T12:28:48.182Z	spark2	KV_READY	12.320	4.115
2026-09-28T12:28:48.354Z	spark1	KV_READY	11.237	7.384
2026-09-28T12:28:48.433Z	spark2	KV_READY	12.328	4.115
2026-09-28T12:28:48.605Z	spark1	KV_READY	11.171	7.431
2026-09-28T12:28:48.684Z	spark2	KV_READY	12.328	4.115
2026-09-28T12:28:48.855Z	spark1	KV_READY	11.204	7.440
2026-09-28T12:28:48.933Z	spark2	KV_READY	12.334	4.115
2026-09-28T12:28:49.119Z	spark1	KV_READY	11.112	7.440
2026-09-28T12:28:49.199Z	spark2	KV_READY	12.333	4.115
2026-09-28T12:28:49.369Z	spark1	KV_READY	11.079	7.456
2026-09-28T12:28:49.449Z	spark2	KV_READY	12.333	4.115
2026-09-28T12:28:49.620Z	spark1	KV_READY	11.085	7.508
2026-09-28T12:28:49.700Z	spark2	KV_READY	12.333	4.115
2026-09-28T12:28:49.870Z	spark1	KV_READY	11.082	7.530
2026-09-28T12:28:49.951Z	spark2	KV_READY	12.341	4.115
2026-09-28T12:28:50.138Z	spark1	KV_READY	11.151	7.532
2026-09-28T12:28:50.216Z	spark2	KV_READY	12.346	4.115
2026-09-28T12:28:50.388Z	spark1	KV_READY	11.154	7.611
2026-09-28T12:28:50.467Z	spark2	KV_READY	12.346	4.115
2026-09-28T12:28:50.639Z	spark1	KV_READY	11.154	7.611
2026-09-28T12:28:50.718Z	spark2	KV_READY	12.346	4.115
2026-09-28T12:28:50.889Z	spark1	KV_READY	11.107	7.644
2026-09-28T12:28:50.968Z	spark2	KV_READY	12.359	4.115
2026-09-28T12:28:51.153Z	spark1	KV_READY	11.116	7.747
2026-09-28T12:28:51.233Z	spark2	KV_READY	12.359	4.115
2026-09-28T12:28:51.403Z	spark1	KV_READY	11.115	7.751
2026-09-28T12:28:51.483Z	spark2	KV_READY	12.359	4.115
2026-09-28T12:28:51.654Z	spark1	KV_READY	11.049	7.823
2026-09-28T12:28:51.734Z	spark2	KV_READY	12.359	4.115
2026-09-28T12:28:51.904Z	spark1	KV_READY	11.005	7.927
2026-09-28T12:28:51.985Z	spark2	KV_READY	12.371	4.115
2026-09-28T12:28:52.172Z	spark1	KV_READY	10.995	8.025
2026-09-28T12:28:52.250Z	spark2	KV_READY	12.371	4.115
2026-09-28T12:28:52.422Z	spark1	KV_READY	10.965	8.090
2026-09-28T12:28:52.501Z	spark2	KV_READY	12.371	4.115
2026-09-28T12:28:52.673Z	spark1	KV_READY	10.913	8.174
2026-09-28T12:28:52.752Z	spark2	KV_READY	12.371	4.115
2026-09-28T12:28:52.924Z	spark1	KV_READY	10.920	8.239
2026-09-28T12:28:53.002Z	spark2	KV_READY	12.382	4.115
2026-09-28T12:28:53.192Z	spark1	KV_READY	10.920	8.241
2026-09-28T12:28:53.266Z	spark2	KV_READY	12.382	4.115
2026-09-28T12:28:53.443Z	spark1	KV_READY	10.917	8.246
2026-09-28T12:28:53.517Z	spark2	KV_READY	12.382	4.115
2026-09-28T12:28:53.693Z	spark1	KV_READY	10.794	8.302
2026-09-28T12:28:53.768Z	spark2	KV_READY	12.382	4.115
2026-09-28T12:28:53.943Z	spark1	KV_READY	10.974	8.346
2026-09-28T12:28:54.018Z	spark2	KV_READY	12.396	4.115
2026-09-28T12:28:54.205Z	spark1	KV_READY	10.639	8.388
2026-09-28T12:28:54.282Z	spark2	KV_READY	12.395	4.115
2026-09-28T12:28:54.456Z	spark1	KV_READY	10.443	8.388
2026-09-28T12:28:54.532Z	spark2	KV_READY	12.391	4.115
2026-09-28T12:28:54.706Z	spark1	KV_READY	9.709	8.391
2026-09-28T12:28:54.784Z	spark2	KV_READY	12.408	4.115
2026-09-28T12:28:54.957Z	spark1	KV_READY	9.686	8.391
2026-09-28T12:28:55.035Z	spark2	KV_READY	12.408	4.115
2026-09-28T12:28:55.221Z	spark1	KV_READY	11.230	8.391
2026-09-28T12:28:55.300Z	spark2	KV_READY	12.407	4.115
2026-09-28T12:28:55.471Z	spark1	KV_READY	12.465	8.390
2026-09-28T12:28:55.550Z	spark2	KV_READY	12.415	4.115
2026-09-28T12:28:55.722Z	spark1	KV_READY	12.469	8.390
2026-09-28T12:28:55.802Z	spark2	KV_READY	12.415	4.115
2026-09-28T12:28:55.972Z	spark1	KV_READY	12.466	8.390
2026-09-28T12:28:56.052Z	spark2	KV_READY	12.415	4.115
2026-09-28T12:28:56.240Z	spark1	KV_READY	12.466	8.390
2026-09-28T12:28:56.317Z	spark2	KV_READY	12.415	4.115
2026-09-28T12:28:56.491Z	spark1	KV_READY	12.462	8.390
2026-09-28T12:28:56.569Z	spark2	KV_READY	12.415	4.115
2026-09-28T12:28:56.741Z	spark1	KV_READY	12.450	8.390
2026-09-28T12:28:56.818Z	spark2	KV_READY	12.416	4.115
2026-09-28T12:28:56.992Z	spark1	KV_READY	12.270	8.390
2026-09-28T12:28:57.070Z	spark2	KV_READY	12.431	4.115
2026-09-28T12:28:57.260Z	spark1	KV_READY	12.466	8.390
2026-09-28T12:28:57.333Z	spark2	KV_READY	12.431	4.115
2026-09-28T12:28:57.510Z	spark1	KV_READY	12.119	8.390
2026-09-28T12:28:57.584Z	spark2	KV_READY	12.431	4.115
2026-09-28T12:28:57.761Z	spark1	KV_READY	12.002	8.390
2026-09-28T12:28:57.835Z	spark2	KV_READY	12.431	4.115
2026-09-28T12:28:58.011Z	spark1	KV_READY	11.922	8.390
2026-09-28T12:28:58.085Z	spark2	KV_READY	12.439	4.115
2026-09-28T12:28:58.274Z	spark1	KV_READY	11.904	8.390
2026-09-28T12:28:58.350Z	spark2	KV_READY	12.439	4.115
2026-09-28T12:28:58.524Z	spark1	KV_READY	11.368	8.390
2026-09-28T12:28:58.601Z	spark2	KV_READY	12.439	4.115
2026-09-28T12:28:58.775Z	spark1	KV_READY	10.857	8.390
2026-09-28T12:28:58.852Z	spark2	KV_READY	12.439	4.115
2026-09-28T12:28:59.026Z	spark1	KV_READY	10.547	8.390
2026-09-28T12:28:59.104Z	spark2	KV_READY	12.447	4.115
2026-09-28T12:28:59.295Z	spark1	KV_READY	9.169	8.390
2026-09-28T12:28:59.364Z	spark2	KV_READY	12.446	4.115
2026-09-28T12:28:59.546Z	spark1	KV_READY	10.231	8.389
2026-09-28T12:28:59.614Z	spark2	KV_READY	12.446	4.115
2026-09-28T12:28:59.796Z	spark1	KV_READY	10.202	8.386
2026-09-28T12:28:59.865Z	spark2	KV_READY	12.446	4.115
2026-09-28T12:29:00.047Z	spark1	KV_READY	10.194	8.381
2026-09-28T12:29:00.116Z	spark2	KV_READY	12.447	4.115
2026-09-28T12:29:00.310Z	spark1	KV_READY	10.190	8.377
2026-09-28T12:29:00.381Z	spark2	KV_READY	12.455	4.115
2026-09-28T12:29:00.561Z	spark1	KV_READY	10.176	8.368
2026-09-28T12:29:00.632Z	spark2	KV_READY	12.455	4.115
2026-09-28T12:29:00.811Z	spark1	KV_READY	10.168	8.360
2026-09-28T12:29:00.883Z	spark2	KV_READY	12.455	4.115
2026-09-28T12:29:01.062Z	spark1	KV_READY	10.153	8.352
2026-09-28T12:29:01.132Z	spark2	KV_READY	12.455	4.115
2026-09-28T12:29:01.325Z	spark1	KV_READY	10.137	8.341
2026-09-28T12:29:01.398Z	spark2	KV_READY	12.455	4.115
2026-09-28T12:29:01.575Z	spark1	KV_READY	10.134	8.335
2026-09-28T12:29:01.647Z	spark2	KV_READY	12.455	4.115
2026-09-28T12:29:01.826Z	spark1	KV_READY	10.108	8.328
2026-09-28T12:29:01.898Z	spark2	KV_READY	12.455	4.115
2026-09-28T12:29:02.076Z	spark1	KV_READY	10.101	8.320
2026-09-28T12:29:02.148Z	spark2	KV_READY	12.458	4.115
2026-09-28T12:29:02.339Z	spark1	KV_READY	10.086	8.312
2026-09-28T12:29:02.413Z	spark2	KV_READY	12.466	4.115
2026-09-28T12:29:02.589Z	spark1	KV_READY	10.083	8.305
2026-09-28T12:29:02.664Z	spark2	KV_READY	12.466	4.115
2026-09-28T12:29:02.840Z	spark1	KV_READY	10.070	8.297
2026-09-28T12:29:02.914Z	spark2	KV_READY	12.467	4.115
2026-09-28T12:29:03.090Z	spark1	KV_READY	10.061	8.291
2026-09-28T12:29:03.165Z	spark2	KV_READY	12.467	4.115
2026-09-28T12:29:03.353Z	spark1	KV_READY	10.057	8.284
2026-09-28T12:29:03.430Z	spark2	KV_READY	12.467	4.115
2026-09-28T12:29:03.604Z	spark1	KV_READY	10.045	8.277
2026-09-28T12:29:03.680Z	spark2	KV_READY	12.467	4.115
2026-09-28T12:29:03.854Z	spark1	KV_READY	10.025	8.270
2026-09-28T12:29:03.931Z	spark2	KV_READY	12.467	4.115
2026-09-28T12:29:04.105Z	spark1	KV_READY	10.013	8.264
2026-09-28T12:29:04.182Z	spark2	KV_READY	12.467	4.115
2026-09-28T12:29:04.368Z	spark1	KV_READY	9.998	8.257
2026-09-28T12:29:04.442Z	spark2	KV_READY	12.473	4.115
2026-09-28T12:29:04.619Z	spark1	KV_READY	9.990	8.245
2026-09-28T12:29:04.693Z	spark2	KV_READY	12.473	4.115
2026-09-28T12:29:04.869Z	spark1	KV_READY	9.982	8.239
2026-09-28T12:29:04.944Z	spark2	KV_READY	12.474	4.115
2026-09-28T12:29:05.119Z	spark1	KV_READY	9.968	8.233
2026-09-28T12:29:05.194Z	spark2	KV_READY	12.474	4.115
2026-09-28T12:29:05.385Z	spark1	KV_READY	9.960	8.226
2026-09-28T12:29:05.454Z	spark2	KV_READY	12.465	4.115
2026-09-28T12:29:05.636Z	spark1	KV_READY	9.941	8.216
2026-09-28T12:29:05.706Z	spark2	KV_READY	12.472	4.115
2026-09-28T12:29:05.886Z	spark1	KV_READY	9.900	8.206
2026-09-28T12:29:05.957Z	spark2	KV_READY	12.472	4.115
2026-09-28T12:29:06.137Z	spark1	KV_READY	9.883	8.194
2026-09-28T12:29:06.208Z	spark2	KV_READY	12.479	4.115
2026-09-28T12:29:06.404Z	spark1	KV_READY	9.874	8.185
2026-09-28T12:29:06.470Z	spark2	KV_READY	12.479	4.115
2026-09-28T12:29:06.655Z	spark1	KV_READY	9.858	8.177
2026-09-28T12:29:06.722Z	spark2	KV_READY	12.479	4.115
2026-09-28T12:29:06.905Z	spark1	KV_READY	9.850	8.167
2026-09-28T12:29:06.971Z	spark2	KV_READY	12.480	4.115
2026-09-28T12:29:07.156Z	spark1	KV_READY	9.838	8.153
2026-09-28T12:29:07.222Z	spark2	KV_READY	12.480	4.115
2026-09-28T12:29:07.419Z	spark1	KV_READY	9.820	8.138
2026-09-28T12:29:07.487Z	spark2	KV_READY	12.480	4.115
2026-09-28T12:29:07.670Z	spark1	KV_READY	9.806	8.129
2026-09-28T12:29:07.737Z	spark2	KV_READY	12.480	4.115
2026-09-28T12:29:07.920Z	spark1	KV_READY	9.799	8.119
2026-09-28T12:29:07.988Z	spark2	KV_READY	12.481	4.115
2026-09-28T12:29:08.171Z	spark1	KV_READY	9.785	8.106
2026-09-28T12:29:08.238Z	spark2	KV_READY	12.489	4.115
2026-09-28T12:29:08.437Z	spark1	KV_READY	9.777	8.092
2026-09-28T12:29:08.503Z	spark2	KV_READY	12.489	4.115
2026-09-28T12:29:08.688Z	spark1	KV_READY	9.762	8.080
2026-09-28T12:29:08.754Z	spark2	KV_READY	12.489	4.115
2026-09-28T12:29:08.939Z	spark1	KV_READY	9.756	8.067
2026-09-28T12:29:09.005Z	spark2	KV_READY	12.498	4.115
2026-09-28T12:29:09.190Z	spark1	KV_READY	9.756	8.054
2026-09-28T12:29:09.255Z	spark2	KV_READY	12.498	4.115
2026-09-28T12:29:09.457Z	spark1	KV_READY	9.756	8.038
2026-09-28T12:29:09.516Z	spark2	KV_READY	12.497	4.115
2026-09-28T12:29:09.708Z	spark1	KV_READY	9.741	8.024
2026-09-28T12:29:09.766Z	spark2	KV_READY	12.497	4.115
2026-09-28T12:29:09.958Z	spark1	KV_READY	9.721	8.007
2026-09-28T12:29:10.017Z	spark2	KV_READY	12.506	4.115
2026-09-28T12:29:10.209Z	spark1	KV_READY	9.719	8.000
2026-09-28T12:29:10.267Z	spark2	KV_READY	12.506	4.115
2026-09-28T12:29:10.471Z	spark1	KV_READY	9.712	8.000
2026-09-28T12:29:10.530Z	spark2	KV_READY	12.506	4.115
2026-09-28T12:29:10.722Z	spark1	KV_READY	9.704	8.000
2026-09-28T12:29:10.779Z	spark2	KV_READY	12.506	4.115
2026-09-28T12:29:10.973Z	spark1	KV_READY	9.706	8.000
2026-09-28T12:29:11.031Z	spark2	KV_READY	12.514	4.115
2026-09-28T12:29:11.223Z	spark1	KV_READY	9.706	8.000
2026-09-28T12:29:11.282Z	spark2	KV_READY	12.514	4.115
2026-09-28T12:29:11.491Z	spark1	KV_READY	9.707	8.000
2026-09-28T12:29:11.547Z	spark2	KV_READY	12.514	4.115
2026-09-28T12:29:11.742Z	spark1	KV_READY	9.707	8.000
2026-09-28T12:29:11.802Z	spark2	KV_READY	12.514	4.115
2026-09-28T12:29:11.992Z	spark1	SERVING	9.716	8.000
2026-09-28T12:29:12.049Z	spark2	SERVING	12.522	4.115
2026-09-28T12:29:12.511Z	spark1	SERVING	9.716	7.999
2026-09-28T12:29:12.762Z	spark1	SERVING	9.716	7.999
2026-09-28T12:29:14.032Z	spark1	SERVING	9.702	7.999
2026-09-28T12:29:14.283Z	spark1	SERVING	9.700	7.999
2026-09-28T12:29:14.545Z	spark1	SERVING	9.697	7.999
2026-09-28T12:29:14.796Z	spark1	SERVING	9.697	7.999
2026-09-28T12:29:16.578Z	spark1	SERVING	9.695	7.999
2026-09-28T12:29:17.130Z	spark2	SERVING	12.545	4.115
2026-09-28T12:29:17.597Z	spark1	SERVING	9.684	7.999
2026-09-28T12:29:20.388Z	spark1	SERVING	9.664	7.995
2026-09-28T12:29:21.925Z	spark1	SERVING	9.662	7.995
2026-09-28T12:29:22.175Z	spark1	SERVING	9.660	7.995
2026-09-28T12:29:22.205Z	spark2	SERVING	12.549	4.115
2026-09-28T12:29:23.705Z	spark1	SERVING	9.655	7.995
2026-09-28T12:29:24.207Z	spark1	SERVING	9.652	7.995
2026-09-28T12:29:26.751Z	spark1	SERVING	9.647	7.994
2026-09-28T12:29:27.282Z	spark2	SERVING	12.542	4.114
2026-09-28T12:29:27.503Z	spark1	SERVING	9.639	7.994
2026-09-28T12:29:27.765Z	spark1	SERVING	9.636	7.994
2026-09-28T12:29:28.266Z	spark1	SERVING	9.631	7.994
2026-09-28T12:29:28.517Z	spark1	SERVING	9.624	7.994
2026-09-28T12:29:28.545Z	spark2	SERVING	12.518	4.114
2026-09-28T12:29:28.783Z	spark1	SERVING	9.623	7.994
2026-09-28T12:29:29.284Z	spark1	SERVING	9.612	7.994
2026-09-28T12:29:29.558Z	spark2	SERVING	12.515	4.114
2026-09-28T12:29:29.814Z	spark1	SERVING	9.602	7.994
2026-09-28T12:29:29.828Z	spark2	SERVING	12.511	4.114
2026-09-28T12:29:30.078Z	spark2	SERVING	12.509	4.114
2026-09-28T12:29:30.315Z	spark1	SERVING	9.590	7.993
2026-09-28T12:29:30.329Z	spark2	SERVING	12.499	4.114
2026-09-28T12:29:35.449Z	spark2	SERVING	12.517	4.114
2026-09-28T12:29:35.449Z	spark1	SERVING	9.619	7.993
2026-09-28T12:29:38.517Z	spark1	SERVING	9.576	7.993
2026-09-28T12:29:38.767Z	spark1	SERVING	9.572	7.993
2026-09-28T12:29:40.554Z	spark2	SERVING	12.542	4.114
2026-09-28T12:29:43.898Z	spark1	SERVING	9.609	7.992
2026-09-28T12:29:45.664Z	spark2	SERVING	12.547	4.114
2026-09-28T12:29:49.035Z	spark1	SERVING	9.618	7.992
2026-09-28T12:29:50.786Z	spark2	SERVING	12.536	4.114
2026-09-28T12:29:54.173Z	spark1	SERVING	9.588	7.992
2026-09-28T12:29:54.701Z	spark1	SERVING	9.567	7.992
2026-09-28T12:29:54.951Z	spark1	SERVING	9.544	7.992
2026-09-28T12:29:55.202Z	spark1	SERVING	9.520	7.992
2026-09-28T12:29:55.728Z	spark1	SERVING	9.498	7.992
2026-09-28T12:29:55.906Z	spark2	SERVING	12.544	4.114
2026-09-28T12:29:55.978Z	spark1	SERVING	9.491	7.992
2026-09-28T12:29:56.228Z	spark1	SERVING	9.481	7.992
2026-09-28T12:29:56.505Z	spark1	SERVING	9.481	7.992
2026-09-28T12:30:01.020Z	spark2	SERVING	12.548	4.114
2026-09-28T12:30:01.631Z	spark1	SERVING	9.548	7.991
2026-09-28T12:30:06.135Z	spark2	SERVING	12.562	4.114
2026-09-28T12:30:06.765Z	spark1	SERVING	9.566	7.991
2026-09-28T12:30:11.247Z	spark2	SERVING	12.564	4.114
2026-09-28T12:30:11.896Z	spark1	SERVING	9.600	7.990
2026-09-28T12:30:16.367Z	spark2	SERVING	12.555	4.114
2026-09-28T12:30:17.022Z	spark1	SERVING	9.588	7.990
2026-09-28T12:30:21.484Z	spark2	SERVING	12.558	4.114
2026-09-28T12:30:22.144Z	spark1	SERVING	9.595	7.990
2026-09-28T12:30:26.594Z	spark2	SERVING	12.554	4.114
2026-09-28T12:30:27.275Z	spark1	SERVING	9.575	7.990
2026-09-28T12:30:31.717Z	spark2	SERVING	12.559	4.114
2026-09-28T12:30:32.411Z	spark1	SERVING	9.594	7.990
2026-09-28T12:30:36.825Z	spark2	SERVING	12.542	4.114
2026-09-28T12:30:37.543Z	spark1	SERVING	9.583	7.990
2026-09-28T12:30:41.947Z	spark2	SERVING	12.543	4.114
2026-09-28T12:30:42.660Z	spark1	SERVING	9.596	7.990
2026-09-28T12:30:47.057Z	spark2	SERVING	12.544	4.114
2026-09-28T12:30:47.783Z	spark1	SERVING	9.590	7.990
2026-09-28T12:30:52.179Z	spark2	SERVING	12.546	4.114
2026-09-28T12:30:52.909Z	spark1	SERVING	9.599	7.990
2026-09-28T12:30:57.288Z	spark2	SERVING	12.535	4.114
2026-09-28T12:30:58.046Z	spark1	SERVING	9.589	7.990
2026-09-28T12:31:02.409Z	spark2	SERVING	13.539	4.114
2026-09-28T12:31:03.179Z	spark1	SERVING	9.799	7.227
2026-09-28T12:31:07.523Z	spark2	SERVING	13.544	4.113
2026-09-28T12:31:08.293Z	spark1	SERVING	9.793	7.227
2026-09-28T12:31:12.635Z	spark2	SERVING	13.528	4.113
2026-09-28T12:31:13.415Z	spark1	SERVING	9.800	7.227
2026-09-28T12:31:17.756Z	spark2	SERVING	13.535	4.113
2026-09-28T12:31:18.537Z	spark1	SERVING	9.817	7.227
2026-09-28T12:31:22.878Z	spark2	SERVING	13.532	4.113
2026-09-28T12:31:23.664Z	spark1	SERVING	9.799	7.226
2026-09-28T12:31:28.001Z	spark2	SERVING	13.534	4.113
2026-09-28T12:31:28.795Z	spark1	SERVING	9.819	7.226
2026-09-28T12:31:33.125Z	spark2	SERVING	13.531	4.113
2026-09-28T12:31:33.928Z	spark1	SERVING	9.796	7.226
2026-09-28T12:31:38.236Z	spark2	SERVING	13.531	4.113
2026-09-28T12:31:39.062Z	spark1	SERVING	9.824	7.226
2026-09-28T12:31:43.348Z	spark2	SERVING	13.547	4.113
2026-09-28T12:31:44.184Z	spark1	SERVING	9.800	7.225
2026-09-28T12:31:48.463Z	spark2	SERVING	13.546	4.113
2026-09-28T12:31:49.316Z	spark1	SERVING	9.832	7.225
2026-09-28T12:31:53.582Z	spark2	SERVING	13.560	4.113
2026-09-28T12:31:54.447Z	spark1	SERVING	9.817	7.225
2026-09-28T12:31:58.696Z	spark2	SERVING	13.560	4.113
2026-09-28T12:31:59.556Z	spark1	SERVING	9.826	7.225
2026-09-28T12:32:03.793Z	spark2	SERVING	13.553	4.113
2026-09-28T12:32:04.689Z	spark1	SERVING	9.803	7.223
2026-09-28T12:32:08.914Z	spark2	SERVING	13.543	4.113
2026-09-28T12:32:09.815Z	spark1	SERVING	9.802	7.223
2026-09-28T12:32:14.033Z	spark2	SERVING	13.545	4.113
2026-09-28T12:32:14.939Z	spark1	SERVING	9.811	7.223
2026-09-28T12:32:19.147Z	spark2	SERVING	13.553	4.113
2026-09-28T12:32:20.070Z	spark1	SERVING	9.810	7.223
2026-09-28T12:32:24.262Z	spark2	SERVING	13.553	4.113
2026-09-28T12:32:25.198Z	spark1	SERVING	9.809	7.223
2026-09-28T12:32:29.377Z	spark2	SERVING	13.552	4.113
2026-09-28T12:32:30.338Z	spark1	SERVING	9.727	7.156
2026-09-28T12:32:34.496Z	spark2	SERVING	13.554	4.113
2026-09-28T12:32:35.472Z	spark1	SERVING	9.725	7.156
2026-09-28T12:32:39.618Z	spark2	SERVING	13.553	4.112
2026-09-28T12:32:40.604Z	spark1	SERVING	9.694	7.155
2026-09-28T12:32:44.742Z	spark2	SERVING	13.553	4.112
2026-09-28T12:32:45.732Z	spark1	SERVING	9.707	7.155
2026-09-28T12:32:49.858Z	spark2	SERVING	13.563	4.112
2026-09-28T12:32:50.863Z	spark1	SERVING	9.683	7.155
2026-09-28T12:32:54.969Z	spark2	SERVING	14.217	4.112
2026-09-28T12:32:55.984Z	spark1	SERVING	9.704	7.152
2026-09-28T12:33:00.087Z	spark2	SERVING	14.211	4.112
2026-09-28T12:33:01.115Z	spark1	SERVING	9.695	7.151
2026-09-28T12:33:05.207Z	spark2	SERVING	14.206	4.112
2026-09-28T12:33:06.236Z	spark1	SERVING	9.706	7.151
2026-09-28T12:33:10.323Z	spark2	SERVING	14.207	4.112
2026-09-28T12:33:11.370Z	spark1	SERVING	9.691	7.151
2026-09-28T12:33:15.434Z	spark2	SERVING	14.195	4.112
2026-09-28T12:33:16.500Z	spark1	SERVING	9.708	7.151
2026-09-28T12:33:20.546Z	spark2	SERVING	14.195	4.112
2026-09-28T12:33:21.629Z	spark1	SERVING	9.723	7.151
2026-09-28T12:33:25.662Z	spark2	SERVING	14.195	4.112
2026-09-28T12:33:26.762Z	spark1	SERVING	9.686	7.151
2026-09-28T12:33:30.783Z	spark2	SERVING	14.199	4.112
2026-09-28T12:33:31.892Z	spark1	SERVING	9.676	7.151
2026-09-28T12:33:35.891Z	spark2	SERVING	14.194	4.111
2026-09-28T12:33:37.020Z	spark1	SERVING	9.711	7.151
2026-09-28T12:33:41.010Z	spark2	SERVING	14.197	4.111
2026-09-28T12:33:42.150Z	spark1	SERVING	9.705	7.151
2026-09-28T12:33:43.925Z	spark1	SERVING	9.372	7.151
2026-09-28T12:33:44.693Z	spark1	SERVING	9.334	7.151
2026-09-28T12:33:45.710Z	spark1	SERVING	9.334	7.151
2026-09-28T12:33:46.101Z	spark2	SERVING	13.896	4.111
2026-09-28T12:33:49.277Z	spark1	SERVING	9.202	7.151
2026-09-28T12:33:49.528Z	spark1	SERVING	9.187	7.151
2026-09-28T12:33:49.778Z	spark1	SERVING	9.146	7.151
2026-09-28T12:33:50.029Z	spark1	SERVING	9.101	7.151
2026-09-28T12:33:50.307Z	spark1	SERVING	9.096	7.151
2026-09-28T12:33:51.184Z	spark2	SERVING	13.643	4.111
2026-09-28T12:33:55.438Z	spark1	SERVING	9.142	7.151
2026-09-28T12:33:56.301Z	spark2	SERVING	13.747	4.111
2026-09-28T12:34:00.572Z	spark1	SERVING	9.202	7.151
2026-09-28T12:34:01.408Z	spark2	SERVING	13.844	4.111
2026-09-28T12:34:05.692Z	spark1	SERVING	9.299	7.151
2026-09-28T12:34:06.533Z	spark2	SERVING	13.938	4.111
2026-09-28T12:34:10.816Z	spark1	SERVING	9.408	7.151
2026-09-28T12:34:11.653Z	spark2	SERVING	13.999	4.111
2026-09-28T12:34:15.937Z	spark1	SERVING	9.516	7.151
2026-09-28T12:34:16.764Z	spark2	SERVING	14.078	4.111
2026-09-28T12:34:21.072Z	spark1	SERVING	9.556	7.151
2026-09-28T12:34:21.882Z	spark2	SERVING	14.099	4.111
2026-09-28T12:34:26.217Z	spark1	SERVING	9.615	7.151
2026-09-28T12:34:27.003Z	spark2	SERVING	14.120	4.111
2026-09-28T12:34:31.357Z	spark1	SERVING	9.610	7.150
2026-09-28T12:34:32.118Z	spark2	SERVING	14.142	4.111
2026-09-28T12:34:36.491Z	spark1	SERVING	9.610	7.150
2026-09-28T12:34:37.238Z	spark2	SERVING	14.142	4.111
2026-09-28T12:34:41.627Z	spark1	SERVING	9.611	7.150
2026-09-28T12:34:42.350Z	spark2	SERVING	14.128	4.111
2026-09-28T12:34:46.752Z	spark1	SERVING	9.625	7.150
2026-09-28T12:34:47.465Z	spark2	SERVING	14.138	4.111
2026-09-28T12:34:51.881Z	spark1	SERVING	9.627	7.150
2026-09-28T12:34:52.580Z	spark2	SERVING	14.122	4.111
2026-09-28T12:34:57.017Z	spark1	SERVING	9.643	7.149
2026-09-28T12:34:57.700Z	spark2	SERVING	14.126	4.111
2026-09-28T12:35:02.146Z	spark1	SERVING	9.644	7.149
2026-09-28T12:35:02.816Z	spark2	SERVING	14.125	4.111
2026-09-28T12:35:07.264Z	spark1	SERVING	9.635	7.149
2026-09-28T12:35:07.921Z	spark2	SERVING	14.121	4.111
2026-09-28T12:35:12.392Z	spark1	SERVING	9.625	7.149
2026-09-28T12:35:13.032Z	spark2	SERVING	14.124	4.111
2026-09-28T12:35:17.525Z	spark1	SERVING	9.576	7.149
2026-09-28T12:35:18.152Z	spark2	SERVING	14.101	4.111
2026-09-28T12:35:22.652Z	spark1	SERVING	9.591	7.149
2026-09-28T12:35:23.270Z	spark2	SERVING	14.112	4.111
2026-09-28T12:35:27.782Z	spark1	SERVING	9.599	7.149
2026-09-28T12:35:28.385Z	spark2	SERVING	14.107	4.111
2026-09-28T12:35:32.903Z	spark1	SERVING	9.618	7.149
2026-09-28T12:35:33.506Z	spark2	SERVING	14.112	4.111
2026-09-28T12:35:38.034Z	spark1	SERVING	9.598	7.149
2026-09-28T12:35:38.622Z	spark2	SERVING	14.109	4.110
2026-09-28T12:35:43.161Z	spark1	SERVING	9.605	7.149
2026-09-28T12:35:43.721Z	spark2	SERVING	14.110	4.110
2026-09-28T12:35:48.282Z	spark1	SERVING	9.621	7.149
2026-09-28T12:35:48.842Z	spark2	SERVING	14.096	4.110
2026-09-28T12:35:53.408Z	spark1	SERVING	9.605	7.149
2026-09-28T12:35:53.958Z	spark2	SERVING	14.103	4.110
2026-09-28T12:35:58.531Z	spark1	SERVING	9.604	7.149
2026-09-28T12:35:59.073Z	spark2	SERVING	14.108	4.110
2026-09-28T12:36:03.660Z	spark1	SERVING	9.585	7.149
2026-09-28T12:36:04.182Z	spark2	SERVING	14.110	4.110
2026-09-28T12:36:08.796Z	spark1	SERVING	9.590	7.149
2026-09-28T12:36:09.299Z	spark2	SERVING	14.110	4.110
2026-09-28T12:36:13.932Z	spark1	SERVING	9.574	7.149
2026-09-28T12:36:14.421Z	spark2	SERVING	14.100	4.110
2026-09-28T12:36:19.059Z	spark1	SERVING	9.609	7.149
2026-09-28T12:36:19.531Z	spark2	SERVING	14.108	4.110
2026-09-28T12:36:24.172Z	spark1	SERVING	9.574	7.149
2026-09-28T12:36:24.655Z	spark2	SERVING	14.106	4.110
2026-09-28T12:36:29.285Z	spark1	SERVING	9.614	7.149
2026-09-28T12:36:29.766Z	spark2	SERVING	14.107	4.110
2026-09-28T12:36:34.414Z	spark1	SERVING	9.646	7.147
2026-09-28T12:36:34.886Z	spark2	SERVING	13.924	4.109
2026-09-28T12:36:39.535Z	spark1	SERVING	9.663	7.147
2026-09-28T12:36:39.997Z	spark2	SERVING	13.946	4.109
2026-09-28T12:36:44.667Z	spark1	SERVING	9.628	7.147
2026-09-28T12:36:45.118Z	spark2	SERVING	13.932	4.109
2026-09-28T12:36:49.787Z	spark1	SERVING	9.624	7.147
2026-09-28T12:36:50.231Z	spark2	SERVING	14.104	4.109
2026-09-28T12:36:54.909Z	spark1	SERVING	9.639	7.147
2026-09-28T12:36:55.344Z	spark2	SERVING	14.109	4.109
2026-09-28T12:37:00.037Z	spark1	SERVING	9.639	7.147
2026-09-28T12:37:00.456Z	spark2	SERVING	14.108	4.109
2026-09-28T12:37:05.169Z	spark1	SERVING	9.624	7.147
2026-09-28T12:37:05.570Z	spark2	SERVING	14.109	4.109
2026-09-28T12:37:10.292Z	spark1	SERVING	9.618	7.147
2026-09-28T12:37:10.685Z	spark2	SERVING	14.111	4.109
2026-09-28T12:37:15.408Z	spark1	SERVING	9.620	7.147
2026-09-28T12:37:15.797Z	spark2	SERVING	14.111	4.109
2026-09-28T12:37:20.532Z	spark1	SERVING	9.597	7.147
2026-09-28T12:37:20.910Z	spark2	SERVING	14.113	4.109
2026-09-28T12:37:25.640Z	spark1	SERVING	9.621	7.147
2026-09-28T12:37:26.024Z	spark2	SERVING	14.114	4.109
2026-09-28T12:37:30.761Z	spark1	SERVING	9.589	7.147
2026-09-28T12:37:31.133Z	spark2	SERVING	14.125	4.109
2026-09-28T12:37:35.886Z	spark1	SERVING	9.616	7.147
2026-09-28T12:37:36.248Z	spark2	SERVING	14.124	4.109
2026-09-28T12:37:41.014Z	spark1	SERVING	9.612	7.147
2026-09-28T12:37:41.363Z	spark2	SERVING	14.111	4.109
2026-09-28T12:37:46.148Z	spark1	SERVING	9.619	7.147
2026-09-28T12:37:46.477Z	spark2	SERVING	14.115	4.109
2026-09-28T12:37:51.272Z	spark1	SERVING	9.626	7.147
2026-09-28T12:37:51.597Z	spark2	SERVING	14.118	4.109
2026-09-28T12:37:56.402Z	spark1	SERVING	9.613	7.147
2026-09-28T12:37:56.710Z	spark2	SERVING	14.111	4.109
2026-09-28T12:38:01.524Z	spark1	SERVING	9.630	7.146
2026-09-28T12:38:01.819Z	spark2	SERVING	14.122	4.109
2026-09-28T12:38:06.650Z	spark1	SERVING	9.631	7.146
2026-09-28T12:38:06.926Z	spark2	SERVING	14.123	4.109
2026-09-28T12:38:11.772Z	spark1	SERVING	9.623	7.146
2026-09-28T12:38:12.047Z	spark2	SERVING	14.122	4.109
2026-09-28T12:38:16.902Z	spark1	SERVING	9.629	7.146
2026-09-28T12:38:17.166Z	spark2	SERVING	14.110	4.109
2026-09-28T12:38:22.032Z	spark1	SERVING	9.629	7.146
2026-09-28T12:38:22.282Z	spark2	SERVING	14.116	4.109
2026-09-28T12:38:27.168Z	spark1	SERVING	9.609	7.146
2026-09-28T12:38:27.388Z	spark2	SERVING	14.120	4.109
2026-09-28T12:38:32.295Z	spark1	SERVING	9.628	7.146
2026-09-28T12:38:32.503Z	spark2	SERVING	14.121	4.109
2026-09-28T12:38:37.426Z	spark1	SERVING	9.614	7.146
2026-09-28T12:38:37.617Z	spark2	SERVING	14.101	4.109
2026-09-28T12:38:42.557Z	spark1	SERVING	9.629	7.146
2026-09-28T12:38:42.727Z	spark2	SERVING	14.110	4.109
2026-09-28T12:38:47.683Z	spark1	SERVING	9.628	7.146
2026-09-28T12:38:47.840Z	spark2	SERVING	14.117	4.109
2026-09-28T12:38:52.792Z	spark1	SERVING	9.606	7.146
2026-09-28T12:38:52.957Z	spark2	SERVING	14.120	4.109
2026-09-28T12:38:57.915Z	spark1	SERVING	9.627	7.146
2026-09-28T12:38:58.093Z	spark2	SERVING	14.120	4.109
2026-09-28T12:39:03.047Z	spark1	SERVING	9.627	7.146
2026-09-28T12:39:03.213Z	spark2	SERVING	14.112	4.109
2026-09-28T12:39:08.174Z	spark1	SERVING	9.610	7.146
2026-09-28T12:39:08.331Z	spark2	SERVING	14.112	4.109
2026-09-28T12:39:13.297Z	spark1	SERVING	9.616	7.146
2026-09-28T12:39:13.442Z	spark2	SERVING	14.116	4.109
2026-09-28T12:39:18.425Z	spark1	SERVING	9.618	7.146
2026-09-28T12:39:18.560Z	spark2	SERVING	14.115	4.109
2026-09-28T12:39:23.561Z	spark1	SERVING	9.634	7.146
2026-09-28T12:39:23.677Z	spark2	SERVING	14.113	4.109
2026-09-28T12:39:28.692Z	spark1	SERVING	9.638	7.146
2026-09-28T12:39:28.798Z	spark2	SERVING	14.116	4.109
2026-09-28T12:39:33.824Z	spark1	SERVING	9.599	7.146
2026-09-28T12:39:33.921Z	spark2	SERVING	14.117	4.109
2026-09-28T12:39:38.955Z	spark1	SERVING	9.609	7.146
2026-09-28T12:39:39.040Z	spark2	SERVING	14.118	4.109
2026-09-28T12:39:44.080Z	spark1	SERVING	9.614	7.146
2026-09-28T12:39:44.157Z	spark2	SERVING	14.107	4.109
2026-09-28T12:39:49.197Z	spark1	SERVING	9.585	7.146
2026-09-28T12:39:49.264Z	spark2	SERVING	14.103	4.109
2026-09-28T12:39:54.319Z	spark1	SERVING	9.594	7.146
2026-09-28T12:39:54.386Z	spark2	SERVING	14.106	4.109
2026-09-28T12:39:59.451Z	spark1	SERVING	9.581	7.146
2026-09-28T12:39:59.511Z	spark2	SERVING	14.108	4.109
2026-09-28T12:40:04.572Z	spark1	SERVING	9.624	7.145
2026-09-28T12:40:04.632Z	spark2	SERVING	14.109	4.109
2026-09-28T12:40:09.702Z	spark1	SERVING	9.584	7.145
2026-09-28T12:40:09.745Z	spark2	SERVING	14.117	4.109
2026-09-28T12:40:14.832Z	spark1	SERVING	9.588	7.145
2026-09-28T12:40:14.858Z	spark2	SERVING	14.119	4.109
2026-09-28T12:40:19.954Z	spark1	SERVING	9.575	7.145
2026-09-28T12:40:19.976Z	spark2	SERVING	14.104	4.109
2026-09-28T12:40:25.075Z	spark1	SERVING	9.595	7.145
2026-09-28T12:40:25.090Z	spark2	SERVING	14.106	4.109
2026-09-28T12:40:30.204Z	spark1	SERVING	9.579	7.145
2026-09-28T12:40:30.210Z	spark2	SERVING	14.119	4.109
2026-09-28T12:40:35.330Z	spark2	SERVING	14.123	4.109
2026-09-28T12:40:35.339Z	spark1	SERVING	9.590	7.145
2026-09-28T12:40:40.451Z	spark2	SERVING	14.119	4.109
2026-09-28T12:40:40.475Z	spark1	SERVING	9.593	7.145
2026-09-28T12:40:45.572Z	spark2	SERVING	14.097	4.109
2026-09-28T12:40:45.604Z	spark1	SERVING	9.597	7.145
2026-09-28T12:40:50.691Z	spark2	SERVING	14.104	4.109
2026-09-28T12:40:50.727Z	spark1	SERVING	9.616	7.145
2026-09-28T12:40:55.797Z	spark2	SERVING	14.105	4.109
2026-09-28T12:40:55.857Z	spark1	SERVING	9.601	7.145
2026-09-28T12:41:00.908Z	spark2	SERVING	14.110	4.109
2026-09-28T12:41:00.991Z	spark1	SERVING	9.623	7.145
2026-09-28T12:41:06.020Z	spark2	SERVING	14.116	4.109
2026-09-28T12:41:06.124Z	spark1	SERVING	9.596	7.145
2026-09-28T12:41:11.138Z	spark2	SERVING	14.116	4.109
2026-09-28T12:41:11.252Z	spark1	SERVING	9.608	7.145
2026-09-28T12:41:16.259Z	spark2	SERVING	14.112	4.109
2026-09-28T12:41:16.384Z	spark1	SERVING	9.587	7.145
2026-09-28T12:41:21.373Z	spark2	SERVING	14.113	4.109
2026-09-28T12:41:21.517Z	spark1	SERVING	9.615	7.145
2026-09-28T12:41:26.491Z	spark2	SERVING	14.104	4.108
2026-09-28T12:41:26.647Z	spark1	SERVING	9.589	7.145
2026-09-28T12:41:31.609Z	spark2	SERVING	14.106	4.108
2026-09-28T12:41:31.770Z	spark1	SERVING	9.586	7.145
2026-09-28T12:41:36.724Z	spark2	SERVING	14.103	4.108
2026-09-28T12:41:36.906Z	spark1	SERVING	9.616	7.145
2026-09-28T12:41:41.837Z	spark2	SERVING	14.102	4.108
2026-09-28T12:41:42.033Z	spark1	SERVING	9.623	7.145
2026-09-28T12:41:46.956Z	spark2	SERVING	14.104	4.108
2026-09-28T12:41:47.153Z	spark1	SERVING	9.596	7.145
2026-09-28T12:41:52.068Z	spark2	SERVING	14.094	4.108
2026-09-28T12:41:52.282Z	spark1	SERVING	9.609	7.145
2026-09-28T12:41:57.186Z	spark2	SERVING	14.100	4.108
2026-09-28T12:41:57.409Z	spark1	SERVING	9.614	7.145
2026-09-28T12:42:02.302Z	spark2	SERVING	14.128	4.108
2026-09-28T12:42:02.536Z	spark1	SERVING	9.613	7.144
2026-09-28T12:42:07.416Z	spark2	SERVING	14.128	4.108
2026-09-28T12:42:07.653Z	spark1	SERVING	9.624	7.144
2026-09-28T12:42:12.528Z	spark2	SERVING	14.105	4.108
2026-09-28T12:42:12.780Z	spark1	SERVING	9.602	7.144
2026-09-28T12:42:17.642Z	spark2	SERVING	14.120	4.108
2026-09-28T12:42:17.915Z	spark1	SERVING	9.625	7.144
2026-09-28T12:42:22.763Z	spark2	SERVING	14.110	4.108
2026-09-28T12:42:23.050Z	spark1	SERVING	9.616	7.144
2026-09-28T12:42:27.884Z	spark2	SERVING	14.122	4.108
2026-09-28T12:42:28.175Z	spark1	SERVING	9.638	7.144
2026-09-28T12:42:33.000Z	spark2	SERVING	14.121	4.108
2026-09-28T12:42:33.314Z	spark1	SERVING	9.609	7.144
2026-09-28T12:42:38.096Z	spark2	SERVING	14.121	4.108
2026-09-28T12:42:38.425Z	spark1	SERVING	9.644	7.144
2026-09-28T12:42:43.208Z	spark2	SERVING	14.119	4.108
2026-09-28T12:42:43.564Z	spark1	SERVING	9.617	7.144
2026-09-28T12:42:48.324Z	spark2	SERVING	14.105	4.108
2026-09-28T12:42:48.695Z	spark1	SERVING	9.605	7.144
2026-09-28T12:42:53.439Z	spark2	SERVING	14.114	4.108
2026-09-28T12:42:53.824Z	spark1	SERVING	9.611	7.144
2026-09-28T12:42:58.559Z	spark2	SERVING	14.102	4.108
2026-09-28T12:42:58.952Z	spark1	SERVING	9.634	7.144
2026-09-28T12:43:03.676Z	spark2	SERVING	14.112	4.108
2026-09-28T12:43:04.082Z	spark1	SERVING	9.642	7.144
2026-09-28T12:43:08.786Z	spark2	SERVING	14.115	4.108
2026-09-28T12:43:09.205Z	spark1	SERVING	9.372	7.144
2026-09-28T12:43:13.848Z	spark2	SERVING	13.568	4.108
2026-09-28T12:43:14.282Z	spark1	SERVING	9.056	7.144
2026-09-28T12:43:14.532Z	spark1	SERVING	9.014	7.144
2026-09-28T12:43:14.782Z	spark1	SERVING	8.992	7.144
2026-09-28T12:43:15.032Z	spark1	SERVING	8.918	7.144
2026-09-28T12:43:18.932Z	spark2	SERVING	13.264	4.108
2026-09-28T12:43:20.134Z	spark1	SERVING	9.139	7.143
2026-09-28T12:43:24.036Z	spark2	SERVING	13.338	4.108
2026-09-28T12:43:25.256Z	spark1	SERVING	9.126	7.143
2026-09-28T12:43:29.136Z	spark2	SERVING	13.423	4.108
2026-09-28T12:43:30.375Z	spark1	SERVING	9.067	7.143
2026-09-28T12:43:34.240Z	spark2	SERVING	13.478	4.108
2026-09-28T12:43:35.488Z	spark1	SERVING	9.084	7.143
2026-09-28T12:43:39.348Z	spark2	SERVING	13.535	4.108
2026-09-28T12:43:40.608Z	spark1	SERVING	9.023	7.143
2026-09-28T12:43:44.464Z	spark2	SERVING	13.618	4.108
2026-09-28T12:43:45.726Z	spark1	SERVING	9.030	7.143
2026-09-28T12:43:49.574Z	spark2	SERVING	13.607	4.108
2026-09-28T12:43:50.856Z	spark1	SERVING	9.306	7.143
2026-09-28T12:43:54.683Z	spark2	SERVING	13.675	4.108
2026-09-28T12:43:55.981Z	spark1	SERVING	9.231	7.143
2026-09-28T12:43:59.791Z	spark2	SERVING	13.727	4.108
2026-09-28T12:44:01.096Z	spark1	SERVING	9.248	7.142
2026-09-28T12:44:04.887Z	spark2	SERVING	13.765	4.108
2026-09-28T12:44:06.217Z	spark1	SERVING	9.241	7.142
2026-09-28T12:44:09.990Z	spark2	SERVING	13.801	4.108
2026-09-28T12:44:11.348Z	spark1	SERVING	9.245	7.142
2026-09-28T12:44:15.102Z	spark2	SERVING	13.832	4.107
2026-09-28T12:44:16.461Z	spark1	SERVING	9.238	7.142
2026-09-28T12:44:20.209Z	spark2	SERVING	13.852	4.107
2026-09-28T12:44:21.580Z	spark1	SERVING	9.273	7.142
2026-09-28T12:44:25.320Z	spark2	SERVING	13.859	4.107
2026-09-28T12:44:26.688Z	spark1	SERVING	9.274	7.142
2026-09-28T12:44:30.420Z	spark2	SERVING	13.865	4.107
2026-09-28T12:44:31.800Z	spark1	SERVING	9.284	7.142
2026-09-28T12:44:35.518Z	spark2	SERVING	13.845	4.107
2026-09-28T12:44:36.914Z	spark1	SERVING	9.269	7.142
2026-09-28T12:44:40.626Z	spark2	SERVING	13.854	4.107
2026-09-28T12:44:42.026Z	spark1	SERVING	9.284	7.142
2026-09-28T12:44:45.735Z	spark2	SERVING	13.855	4.107
2026-09-28T12:44:47.147Z	spark1	SERVING	9.284	7.142
2026-09-28T12:44:50.839Z	spark2	SERVING	13.848	4.107
2026-09-28T12:44:52.255Z	spark1	SERVING	9.300	7.142
2026-09-28T12:44:55.942Z	spark2	SERVING	13.850	4.107
2026-09-28T12:44:57.368Z	spark1	SERVING	9.283	7.142
2026-09-28T12:45:01.051Z	spark2	SERVING	13.849	4.107
2026-09-28T12:45:02.484Z	spark1	SERVING	9.274	7.142
2026-09-28T12:45:06.154Z	spark2	SERVING	13.631	4.107
2026-09-28T12:45:07.596Z	spark1	SERVING	9.645	7.142
2026-09-28T12:45:11.243Z	spark2	SERVING	13.612	4.107
2026-09-28T12:45:12.696Z	spark1	SERVING	9.671	7.142
2026-09-28T12:45:16.343Z	spark2	SERVING	13.617	4.107
2026-09-28T12:45:17.811Z	spark1	SERVING	9.662	7.142
2026-09-28T12:45:21.443Z	spark2	SERVING	13.620	4.107
2026-09-28T12:45:22.929Z	spark1	SERVING	9.641	7.142
2026-09-28T12:45:26.532Z	spark2	SERVING	13.503	4.107
2026-09-28T12:45:28.012Z	spark1	SERVING	9.614	7.147
2026-09-28T12:45:31.619Z	spark2	SERVING	13.379	4.107
2026-09-28T12:45:33.115Z	spark1	SERVING	9.076	7.157
2026-09-28T12:45:36.734Z	spark2	SERVING	13.371	4.107
2026-09-28T12:45:38.211Z	spark1	SERVING	9.026	7.156
2026-09-28T12:45:41.846Z	spark2	SERVING	13.343	4.107
2026-09-28T12:45:43.321Z	spark1	SERVING	9.489	7.156
2026-09-28T12:45:46.956Z	spark2	SERVING	13.349	4.107
2026-09-28T12:45:48.427Z	spark1	SERVING	9.411	7.156
2026-09-28T12:45:52.059Z	spark2	SERVING	13.343	4.106
2026-09-28T12:45:53.546Z	spark1	SERVING	9.384	7.156
2026-09-28T12:45:57.156Z	spark2	SERVING	13.355	4.106
2026-09-28T12:45:58.646Z	spark1	SERVING	9.490	7.156
2026-09-28T12:46:02.255Z	spark2	SERVING	13.356	4.106
2026-09-28T12:46:03.744Z	spark1	SERVING	9.402	7.154
2026-09-28T12:46:07.363Z	spark2	SERVING	13.331	4.106
2026-09-28T12:46:08.862Z	spark1	SERVING	9.401	7.154
2026-09-28T12:46:12.479Z	spark2	SERVING	13.341	4.106
2026-09-28T12:46:13.978Z	spark1	SERVING	9.401	7.154
2026-09-28T12:46:17.590Z	spark2	SERVING	13.357	4.106
2026-09-28T12:46:19.095Z	spark1	SERVING	9.367	7.154
2026-09-28T12:46:22.703Z	spark2	SERVING	13.358	4.106
2026-09-28T12:46:24.210Z	spark1	SERVING	9.446	7.154
2026-09-28T12:46:27.812Z	spark2	SERVING	13.356	4.106
2026-09-28T12:46:29.317Z	spark1	SERVING	9.335	7.154
2026-09-28T12:46:32.920Z	spark2	SERVING	13.360	4.106
2026-09-28T12:46:34.429Z	spark1	SERVING	9.437	7.154
2026-09-28T12:46:38.019Z	spark2	SERVING	13.357	4.106
2026-09-28T12:46:39.531Z	spark1	SERVING	9.383	7.154
2026-09-28T12:46:43.127Z	spark2	SERVING	13.355	4.106
2026-09-28T12:46:44.655Z	spark1	SERVING	9.262	7.154
2026-09-28T12:46:48.232Z	spark2	SERVING	13.359	4.106
2026-09-28T12:46:49.778Z	spark1	SERVING	9.230	7.154
2026-09-28T12:46:53.338Z	spark2	SERVING	13.350	4.106
2026-09-28T12:46:54.906Z	spark1	SERVING	9.232	7.154
2026-09-28T12:46:58.449Z	spark2	SERVING	13.351	4.106
2026-09-28T12:47:00.032Z	spark1	SERVING	9.235	7.154
2026-09-28T12:47:03.560Z	spark2	SERVING	13.359	4.106
2026-09-28T12:47:05.154Z	spark1	SERVING	9.237	7.154
2026-09-28T12:47:08.668Z	spark2	SERVING	13.360	4.106
2026-09-28T12:47:10.272Z	spark1	SERVING	9.195	7.154
2026-09-28T12:47:13.782Z	spark2	SERVING	13.352	4.106
2026-09-28T12:47:15.400Z	spark1	SERVING	9.195	7.154
2026-09-28T12:47:18.905Z	spark2	SERVING	13.355	4.106
2026-09-28T12:47:20.515Z	spark1	SERVING	9.047	7.154
2026-09-28T12:47:24.017Z	spark2	SERVING	13.343	4.106
2026-09-28T12:47:25.641Z	spark1	SERVING	9.006	7.154
2026-09-28T12:47:29.124Z	spark2	SERVING	13.344	4.106
2026-09-28T12:47:30.773Z	spark1	SERVING	9.007	7.154
2026-09-28T12:47:34.229Z	spark2	SERVING	13.351	4.106
2026-09-28T12:47:35.899Z	spark1	SERVING	8.963	7.154
2026-09-28T12:47:39.339Z	spark2	SERVING	13.354	4.106
2026-09-28T12:47:41.016Z	spark1	SERVING	8.949	7.154
2026-09-28T12:47:44.440Z	spark2	SERVING	13.354	4.106
2026-09-28T12:47:46.133Z	spark1	SERVING	8.962	7.154
2026-09-28T12:47:49.555Z	spark2	SERVING	13.358	4.106
2026-09-28T12:47:51.242Z	spark1	SERVING	8.977	7.154
2026-09-28T12:47:54.667Z	spark2	SERVING	13.364	4.106
2026-09-28T12:47:56.356Z	spark1	SERVING	8.952	7.153
2026-09-28T12:47:59.772Z	spark2	SERVING	13.346	4.106
2026-09-28T12:48:01.472Z	spark1	SERVING	8.951	7.153
2026-09-28T12:48:04.882Z	spark2	SERVING	13.358	4.106
2026-09-28T12:48:06.590Z	spark1	SERVING	8.910	7.153
2026-09-28T12:48:09.994Z	spark2	SERVING	13.353	4.106
2026-09-28T12:48:10.184Z	spark1	SERVING	8.886	7.153
2026-09-28T12:48:14.523Z	spark1	SERVING	8.883	7.153
2026-09-28T12:48:15.112Z	spark2	SERVING	13.340	4.106
2026-09-28T12:48:15.297Z	spark1	SERVING	8.792	7.153
2026-09-28T12:48:16.573Z	spark1	SERVING	8.769	7.153
2026-09-28T12:48:16.823Z	spark1	SERVING	8.756	7.153
2026-09-28T12:48:17.849Z	spark1	SERVING	8.749	7.153
2026-09-28T12:48:18.373Z	spark1	SERVING	8.741	7.153
2026-09-28T12:48:18.624Z	spark1	SERVING	8.726	7.153
2026-09-28T12:48:20.226Z	spark2	SERVING	13.357	4.106
2026-09-28T12:48:20.678Z	spark1	SERVING	8.704	7.152
2026-09-28T12:48:22.728Z	spark1	SERVING	8.689	7.152
2026-09-28T12:48:24.783Z	spark1	SERVING	8.668	7.152
2026-09-28T12:48:25.034Z	spark1	SERVING	8.668	7.152
2026-09-28T12:48:25.308Z	spark1	SERVING	8.668	7.152
2026-09-28T12:48:25.339Z	spark2	SERVING	13.365	4.106
2026-09-28T12:48:26.833Z	spark1	SERVING	8.651	7.152
2026-09-28T12:48:27.083Z	spark1	SERVING	8.649	7.152
2026-09-28T12:48:27.860Z	spark1	SERVING	8.622	7.152
2026-09-28T12:48:29.135Z	spark1	SERVING	8.603	7.152
2026-09-28T12:48:30.459Z	spark2	SERVING	13.341	4.106
2026-09-28T12:48:31.186Z	spark1	SERVING	8.600	7.152
2026-09-28T12:48:35.575Z	spark2	SERVING	13.353	4.106
2026-09-28T12:48:36.306Z	spark1	SERVING	8.650	7.152
2026-09-28T12:48:40.684Z	spark2	SERVING	13.365	4.106
2026-09-28T12:48:41.442Z	spark1	SERVING	8.614	7.152
2026-09-28T12:48:41.714Z	spark1	SERVING	8.596	7.152
2026-09-28T12:48:45.799Z	spark2	SERVING	13.364	4.106
2026-09-28T12:48:46.828Z	spark1	SERVING	9.088	7.152
2026-09-28T12:48:50.908Z	spark2	SERVING	13.362	4.106
2026-09-28T12:48:51.941Z	spark1	SERVING	8.925	7.152
2026-09-28T12:48:56.021Z	spark2	SERVING	13.368	4.106
2026-09-28T12:48:57.061Z	spark1	SERVING	8.909	7.152
2026-09-28T12:49:01.134Z	spark2	SERVING	13.367	4.106
2026-09-28T12:49:02.198Z	spark1	SERVING	8.858	7.151
2026-09-28T12:49:06.246Z	spark2	SERVING	13.367	4.106
2026-09-28T12:49:07.320Z	spark1	SERVING	8.794	7.151
2026-09-28T12:49:11.362Z	spark2	SERVING	13.367	4.106
2026-09-28T12:49:12.439Z	spark1	SERVING	8.740	7.151
2026-09-28T12:49:16.470Z	spark2	SERVING	13.362	4.106
2026-09-28T12:49:17.570Z	spark1	SERVING	8.651	7.151
2026-09-28T12:49:21.575Z	spark2	SERVING	13.364	4.106
2026-09-28T12:49:22.682Z	spark1	SERVING	8.635	7.151
2026-09-28T12:49:24.208Z	spark1	SERVING	8.591	7.151
2026-09-28T12:49:24.459Z	spark1	SERVING	8.573	7.151
2026-09-28T12:49:24.730Z	spark1	SERVING	8.559	7.151
2026-09-28T12:49:25.231Z	spark1	SERVING	8.542	7.151
2026-09-28T12:49:25.482Z	spark1	SERVING	8.531	7.151
2026-09-28T12:49:25.752Z	spark1	SERVING	8.529	7.151
2026-09-28T12:49:26.689Z	spark2	SERVING	13.346	4.106
2026-09-28T12:49:30.869Z	spark1	SERVING	8.546	7.150
2026-09-28T12:49:31.807Z	spark2	SERVING	13.352	4.106
2026-09-28T12:49:35.991Z	spark1	SERVING	8.579	7.150
2026-09-28T12:49:36.920Z	spark2	SERVING	13.354	4.106
2026-09-28T12:49:41.117Z	spark1	SERVING	8.614	7.150
2026-09-28T12:49:42.036Z	spark2	SERVING	13.358	4.106
2026-09-28T12:49:46.248Z	spark1	SERVING	8.647	7.150
2026-09-28T12:49:47.154Z	spark2	SERVING	13.358	4.106
2026-09-28T12:49:51.375Z	spark1	SERVING	8.647	7.150
2026-09-28T12:49:52.272Z	spark2	SERVING	13.356	4.106
2026-09-28T12:49:56.502Z	spark1	SERVING	8.661	7.150
2026-09-28T12:49:57.383Z	spark2	SERVING	13.360	4.106
2026-09-28T12:50:01.634Z	spark1	SERVING	8.567	7.149
2026-09-28T12:50:02.496Z	spark2	SERVING	13.353	4.106
2026-09-28T12:50:06.763Z	spark1	SERVING	8.538	7.149
2026-09-28T12:50:07.608Z	spark2	SERVING	13.362	4.106
2026-09-28T12:50:08.815Z	spark1	SERVING	8.528	7.149
2026-09-28T12:50:09.065Z	spark1	SERVING	8.521	7.149
2026-09-28T12:50:09.316Z	spark1	SERVING	8.493	7.149
2026-09-28T12:50:09.566Z	spark1	SERVING	8.493	7.149
2026-09-28T12:50:09.839Z	spark1	SERVING	8.492	7.149
2026-09-28T12:50:10.090Z	spark1	SERVING	8.485	7.149
2026-09-28T12:50:10.341Z	spark1	SERVING	8.485	7.149
2026-09-28T12:50:11.612Z	spark1	SERVING	8.482	7.149
2026-09-28T12:50:12.714Z	spark2	SERVING	13.360	4.106
2026-09-28T12:50:16.706Z	spark1	SERVING	9.030	7.150
2026-09-28T12:50:17.796Z	spark2	SERVING	12.758	4.106
2026-09-28T12:50:21.797Z	spark1	SERVING	8.520	7.150
2026-09-28T12:50:21.843Z	spark2	SERVING	12.463	4.106
2026-09-28T12:50:22.353Z	spark2	SERVING	12.448	4.106
2026-09-28T12:50:23.327Z	spark1	SERVING	8.288	7.150
2026-09-28T12:50:23.577Z	spark1	SERVING	8.134	7.150
2026-09-28T12:50:23.827Z	spark1	SERVING	8.022	7.150
2026-09-28T12:50:24.094Z	spark1	SERVING	8.017	7.150
2026-09-28T12:50:24.344Z	spark1	SERVING	8.000	7.150
2026-09-28T12:50:24.845Z	spark1	SERVING	7.993	7.150
2026-09-28T12:50:25.107Z	spark1	SERVING	7.937	7.150
2026-09-28T12:50:25.358Z	spark1	SERVING	7.916	7.150
2026-09-28T12:50:25.608Z	spark1	SERVING	7.915	7.150
2026-09-28T12:50:26.131Z	spark1	SERVING	7.915	7.150
2026-09-28T12:50:26.381Z	spark1	SERVING	7.914	7.150
2026-09-28T12:50:26.632Z	spark1	SERVING	7.913	7.150
2026-09-28T12:50:26.882Z	spark1	SERVING	7.881	7.150
2026-09-28T12:50:27.144Z	spark1	SERVING	7.858	7.150
2026-09-28T12:50:27.448Z	spark2	SERVING	12.467	4.106
2026-09-28T12:50:28.667Z	spark1	SERVING	7.844	7.150
2026-09-28T12:50:28.918Z	spark1	SERVING	7.824	7.150
2026-09-28T12:50:29.190Z	spark1	SERVING	7.818	7.150
2026-09-28T12:50:29.441Z	spark1	SERVING	7.818	7.150
2026-09-28T12:50:29.942Z	spark1	SERVING	7.818	7.150
2026-09-28T12:50:30.461Z	spark1	SERVING	7.817	7.150
2026-09-28T12:50:30.712Z	spark1	SERVING	7.792	7.150
2026-09-28T12:50:31.232Z	spark1	SERVING	7.783	7.149
2026-09-28T12:50:32.546Z	spark2	SERVING	12.467	4.106
2026-09-28T12:50:32.757Z	spark1	SERVING	7.773	7.149
2026-09-28T12:50:33.008Z	spark1	SERVING	7.769	7.149
2026-09-28T12:50:33.282Z	spark1	SERVING	7.726	7.149
2026-09-28T12:50:33.297Z	spark2	SERVING	12.446	4.106
2026-09-28T12:50:33.532Z	spark1	SERVING	7.724	7.149
2026-09-28T12:50:33.783Z	spark1	SERVING	7.703	7.149
2026-09-28T12:50:34.303Z	spark1	SERVING	7.692	7.149
2026-09-28T12:50:34.553Z	spark1	SERVING	7.691	7.149
2026-09-28T12:50:36.079Z	spark1	SERVING	7.683	7.149
2026-09-28T12:50:38.400Z	spark2	SERVING	12.456	4.106
2026-09-28T12:50:41.179Z	spark1	SERVING	7.720	7.149
2026-09-28T12:50:43.494Z	spark2	SERVING	12.457	4.106
2026-09-28T12:50:44.262Z	spark2	SERVING	12.441	4.106
2026-09-28T12:50:44.512Z	spark2	SERVING	12.440	4.106
2026-09-28T12:50:44.775Z	spark2	SERVING	12.430	4.106
2026-09-28T12:50:46.276Z	spark1	SERVING	7.692	7.149
2026-09-28T12:50:46.548Z	spark1	SERVING	7.677	7.149
2026-09-28T12:50:47.823Z	spark1	SERVING	7.667	7.149
2026-09-28T12:50:49.887Z	spark2	SERVING	12.445	4.106
2026-09-28T12:50:52.941Z	spark1	SERVING	7.710	7.149
2026-09-28T12:50:54.994Z	spark2	SERVING	12.452	4.106
2026-09-28T12:50:58.046Z	spark1	SERVING	7.692	7.149
2026-09-28T12:51:00.098Z	spark2	SERVING	12.452	4.106
2026-09-28T12:51:03.149Z	spark1	SERVING	7.706	7.149
2026-09-28T12:51:05.196Z	spark2	SERVING	12.452	4.106
2026-09-28T12:51:08.271Z	spark1	SERVING	7.732	7.149
2026-09-28T12:51:10.310Z	spark2	SERVING	12.459	4.106
2026-09-28T12:51:13.387Z	spark1	SERVING	7.745	7.149
2026-09-28T12:51:15.419Z	spark2	SERVING	12.463	4.106
2026-09-28T12:51:18.504Z	spark1	SERVING	7.797	7.149
2026-09-28T12:51:20.514Z	spark2	SERVING	12.467	4.106
2026-09-28T12:51:23.605Z	spark1	SERVING	7.786	7.149
2026-09-28T12:51:25.609Z	spark2	SERVING	12.467	4.106
2026-09-28T12:51:28.669Z	spark2	SERVING	12.422	4.106
2026-09-28T12:51:28.717Z	spark1	SERVING	7.657	7.149
2026-09-28T12:51:28.920Z	spark2	SERVING	12.299	4.106
2026-09-28T12:51:28.967Z	spark1	SERVING	7.498	7.149
2026-09-28T12:51:29.170Z	spark2	SERVING	12.131	4.106
2026-09-28T12:51:29.218Z	spark1	SERVING	7.370	7.149
2026-09-28T12:51:29.485Z	spark1	SERVING	7.342	7.149
2026-09-28T12:51:33.733Z	spark2	SERVING	12.068	4.106
2026-09-28T12:51:34.233Z	spark2	SERVING	12.062	4.106
2026-09-28T12:51:34.484Z	spark2	SERVING	12.039	4.106
2026-09-28T12:51:34.562Z	spark1	SERVING	7.679	7.149
2026-09-28T12:51:39.585Z	spark2	SERVING	12.132	4.106
2026-09-28T12:51:39.678Z	spark1	SERVING	7.383	7.149
2026-09-28T12:51:44.699Z	spark2	SERVING	12.227	4.106
2026-09-28T12:51:44.787Z	spark1	SERVING	8.305	7.149
2026-09-28T12:51:49.810Z	spark2	SERVING	12.299	4.106
2026-09-28T12:51:49.918Z	spark1	SERVING	7.950	7.149
2026-09-28T12:51:54.907Z	spark2	SERVING	12.360	4.106
2026-09-28T12:51:55.027Z	spark1	SERVING	7.702	7.149
2026-09-28T12:52:00.010Z	spark2	SERVING	12.413	4.106
2026-09-28T12:52:00.145Z	spark1	SERVING	7.654	7.149
2026-09-28T12:52:05.127Z	spark2	SERVING	12.445	4.106
2026-09-28T12:52:05.264Z	spark1	SERVING	7.482	7.148
2026-09-28T12:52:10.238Z	spark2	SERVING	12.458	4.106
2026-09-28T12:52:10.369Z	spark1	SERVING	7.427	7.148
2026-09-28T12:52:13.700Z	spark1	SERVING	7.332	7.148
2026-09-28T12:52:14.469Z	spark1	SERVING	7.315	7.148
2026-09-28T12:52:14.720Z	spark1	SERVING	7.315	7.148
2026-09-28T12:52:15.334Z	spark2	SERVING	12.466	4.106
2026-09-28T12:52:19.818Z	spark1	SERVING	8.525	7.258
2026-09-28T12:52:20.413Z	spark2	SERVING	12.466	4.106
2026-09-28T12:52:24.929Z	spark1	SERVING	8.509	7.257
2026-09-28T12:52:25.508Z	spark2	SERVING	12.471	4.106
2026-09-28T12:52:30.029Z	spark1	SERVING	8.125	7.257
2026-09-28T12:52:30.607Z	spark2	SERVING	12.469	4.106
2026-09-28T12:52:35.135Z	spark1	SERVING	7.929	7.257
2026-09-28T12:52:35.720Z	spark2	SERVING	12.468	4.106
2026-09-28T12:52:40.261Z	spark1	SERVING	7.851	7.257
2026-09-28T12:52:40.827Z	spark2	SERVING	12.465	4.105
2026-09-28T12:52:45.370Z	spark1	SERVING	7.851	7.257
2026-09-28T12:52:45.930Z	spark2	SERVING	12.466	4.105
2026-09-28T12:52:50.480Z	spark1	SERVING	7.805	7.257
2026-09-28T12:52:51.036Z	spark2	SERVING	12.471	4.105
2026-09-28T12:52:55.597Z	spark1	SERVING	7.883	7.257
2026-09-28T12:52:56.141Z	spark2	SERVING	12.470	4.105
2026-09-28T12:53:00.727Z	spark1	SERVING	7.842	7.257
2026-09-28T12:53:01.255Z	spark2	SERVING	12.453	4.105
2026-09-28T12:53:05.850Z	spark1	SERVING	7.818	7.257
2026-09-28T12:53:06.358Z	spark2	SERVING	12.458	4.105
2026-09-28T12:53:10.969Z	spark1	SERVING	7.796	7.257
2026-09-28T12:53:11.459Z	spark2	SERVING	12.449	4.105
2026-09-28T12:53:16.084Z	spark1	SERVING	7.791	7.257
2026-09-28T12:53:16.568Z	spark2	SERVING	12.453	4.105
2026-09-28T12:53:21.180Z	spark1	SERVING	7.759	7.257
2026-09-28T12:53:21.650Z	spark2	SERVING	12.467	4.105
2026-09-28T12:53:26.321Z	spark1	SERVING	7.851	7.257
2026-09-28T12:53:26.769Z	spark2	SERVING	12.470	4.105
2026-09-28T12:53:31.456Z	spark1	SERVING	7.882	7.257
2026-09-28T12:53:31.887Z	spark2	SERVING	12.475	4.105
2026-09-28T12:53:36.588Z	spark1	SERVING	7.929	7.257
2026-09-28T12:53:37.008Z	spark2	SERVING	12.460	4.105
2026-09-28T12:53:41.729Z	spark1	SERVING	7.963	7.257
2026-09-28T12:53:42.128Z	spark2	SERVING	12.466	4.105
2026-09-28T12:53:46.858Z	spark1	SERVING	7.959	7.257
2026-09-28T12:53:47.244Z	spark2	SERVING	12.446	4.105
2026-09-28T12:53:51.983Z	spark1	SERVING	7.984	7.257
2026-09-28T12:53:52.361Z	spark2	SERVING	12.452	4.105
2026-09-28T12:53:57.114Z	spark1	SERVING	7.966	7.257
2026-09-28T12:53:57.475Z	spark2	SERVING	12.456	4.105
2026-09-28T12:54:02.246Z	spark1	SERVING	7.981	7.257
2026-09-28T12:54:02.597Z	spark2	SERVING	12.457	4.105
2026-09-28T12:54:07.374Z	spark1	SERVING	7.960	7.257
2026-09-28T12:54:07.715Z	spark2	SERVING	12.464	4.105
2026-09-28T12:54:12.506Z	spark1	SERVING	7.958	7.257
2026-09-28T12:54:12.837Z	spark2	SERVING	12.466	4.105
2026-09-28T12:54:17.640Z	spark1	SERVING	7.952	7.256
2026-09-28T12:54:17.956Z	spark2	SERVING	12.450	4.105
2026-09-28T12:54:22.774Z	spark1	SERVING	7.965	7.256
2026-09-28T12:54:23.077Z	spark2	SERVING	12.460	4.105
2026-09-28T12:54:27.901Z	spark1	SERVING	7.915	7.256
2026-09-28T12:54:28.195Z	spark2	SERVING	12.456	4.105
2026-09-28T12:54:33.032Z	spark1	SERVING	7.897	7.256
2026-09-28T12:54:33.309Z	spark2	SERVING	12.459	4.105
2026-09-28T12:54:38.167Z	spark1	SERVING	7.906	7.256
2026-09-28T12:54:38.431Z	spark2	SERVING	12.459	4.105
2026-09-28T12:54:43.309Z	spark1	SERVING	7.924	7.302
2026-09-28T12:54:43.549Z	spark2	SERVING	12.458	4.105
2026-09-28T12:54:48.444Z	spark1	SERVING	7.645	7.302
2026-09-28T12:54:48.668Z	spark2	SERVING	12.144	4.105
2026-09-28T12:54:53.237Z	spark2	SERVING	12.009	4.105
2026-09-28T12:54:53.487Z	spark2	SERVING	11.969	4.105
2026-09-28T12:54:53.518Z	spark1	SERVING	7.379	7.302
2026-09-28T12:54:53.737Z	spark2	SERVING	11.950	4.105
2026-09-28T12:54:54.018Z	spark1	SERVING	7.267	7.302
2026-09-28T12:54:54.281Z	spark1	SERVING	7.209	7.302
2026-09-28T12:54:55.032Z	spark1	SERVING	7.198	7.302
2026-09-28T12:54:55.559Z	spark1	SERVING	7.197	7.302
2026-09-28T12:54:56.592Z	spark1	SERVING	7.116	7.302
2026-09-28T12:54:56.798Z	spark2	SERVING	11.801	4.105
2026-09-28T12:54:56.842Z	spark1	SERVING	6.949	7.302
2026-09-28T12:54:57.064Z	spark2	SERVING	11.690	4.105
2026-09-28T12:54:57.092Z	spark1	SERVING	6.845	7.302
2026-09-28T12:54:57.361Z	spark1	SERVING	6.822	7.302
2026-09-28T12:55:00.431Z	spark1	SERVING	6.712	7.302
2026-09-28T12:55:00.682Z	spark1	SERVING	6.566	7.302
2026-09-28T12:55:01.712Z	spark1	SERVING	6.480	7.302
2026-09-28T12:55:01.962Z	spark1	SERVING	6.313	7.302
2026-09-28T12:55:02.158Z	spark2	SERVING	11.756	4.104
2026-09-28T12:55:02.213Z	spark1	SERVING	6.260	7.302
2026-09-28T12:55:02.476Z	spark1	SERVING	6.256	7.302
2026-09-28T12:55:06.780Z	spark1	SERVING	6.169	7.302
2026-09-28T12:55:07.030Z	spark1	SERVING	6.132	7.302
2026-09-28T12:55:07.238Z	spark2	SERVING	11.727	4.104
2026-09-28T12:55:07.280Z	spark1	SERVING	6.091	7.302
2026-09-28T12:55:11.131Z	spark1	SERVING	6.052	7.302
2026-09-28T12:55:11.322Z	spark2	SERVING	11.631	4.104
2026-09-28T12:55:11.381Z	spark1	SERVING	5.891	7.302
2026-09-28T12:55:11.573Z	spark2	SERVING	11.557	4.104
2026-09-28T12:55:11.644Z	spark1	SERVING	5.840	7.302
2026-09-28T12:55:12.657Z	spark1	SERVING	5.836	7.301
2026-09-28T12:55:12.908Z	spark1	SERVING	5.833	7.301
2026-09-28T12:55:15.948Z	spark1	SERVING	5.725	7.301
2026-09-28T12:55:16.198Z	spark1	SERVING	5.694	7.301
2026-09-28T12:55:16.448Z	spark1	SERVING	5.622	7.301
2026-09-28T12:55:16.653Z	spark2	SERVING	11.628	4.104
2026-09-28T12:55:16.710Z	spark1	SERVING	5.558	7.301
2026-09-28T12:55:21.775Z	spark2	SERVING	11.807	4.104
2026-09-28T12:55:21.835Z	spark1	SERVING	5.808	7.301
2026-09-28T12:55:26.860Z	spark2	SERVING	11.737	4.104
2026-09-28T12:55:26.921Z	spark1	SERVING	5.812	7.301
2026-09-28T12:55:31.963Z	spark2	SERVING	11.706	4.104
2026-09-28T12:55:32.031Z	spark1	SERVING	5.730	7.301
2026-09-28T12:55:37.082Z	spark2	SERVING	11.885	4.104
2026-09-28T12:55:37.173Z	spark1	SERVING	6.013	7.301
2026-09-28T12:55:42.205Z	spark2	SERVING	12.030	4.104
2026-09-28T12:55:42.319Z	spark1	SERVING	6.304	7.301
2026-09-28T12:55:47.329Z	spark2	SERVING	12.172	4.104
2026-09-28T12:55:47.467Z	spark1	SERVING	6.514	7.301
2026-09-28T12:55:52.454Z	spark2	SERVING	12.256	4.104
2026-09-28T12:55:52.593Z	spark1	SERVING	6.695	7.301
2026-09-28T12:55:57.563Z	spark2	SERVING	12.342	4.104
2026-09-28T12:55:57.701Z	spark1	SERVING	8.526	7.308
2026-09-28T12:56:02.674Z	spark2	SERVING	12.386	4.104
2026-09-28T12:56:02.808Z	spark1	SERVING	10.635	7.311
2026-09-28T12:56:07.791Z	spark2	SERVING	12.407	4.104
2026-09-28T12:56:07.922Z	spark1	SERVING	10.587	7.311
2026-09-28T12:56:12.901Z	spark2	SERVING	12.429	4.104
2026-09-28T12:56:13.043Z	spark1	SERVING	10.558	7.311
2026-09-28T12:56:18.011Z	spark2	SERVING	12.436	4.104
2026-09-28T12:56:18.137Z	spark1	SERVING	10.554	7.311
2026-09-28T12:56:23.116Z	spark2	SERVING	12.411	4.104
2026-09-28T12:56:23.242Z	spark1	SERVING	10.549	7.311
2026-09-28T12:56:28.232Z	spark2	SERVING	12.421	4.104
2026-09-28T12:56:28.345Z	spark1	SERVING	10.585	7.311
2026-09-28T12:56:33.345Z	spark2	SERVING	12.408	4.104
2026-09-28T12:56:33.461Z	spark1	SERVING	10.569	7.310
2026-09-28T12:56:38.428Z	spark2	SERVING	12.415	4.104
2026-09-28T12:56:38.552Z	spark1	SERVING	10.583	7.310
2026-09-28T12:56:43.514Z	spark2	SERVING	12.414	4.104
2026-09-28T12:56:43.659Z	spark1	SERVING	10.553	7.310
2026-09-28T12:56:48.604Z	spark2	SERVING	12.418	4.104
2026-09-28T12:56:48.758Z	spark1	SERVING	10.603	7.310
2026-09-28T12:56:53.707Z	spark2	SERVING	12.421	4.104
2026-09-28T12:56:53.883Z	spark1	SERVING	10.578	7.310
2026-09-28T12:56:58.815Z	spark2	SERVING	12.426	4.104
2026-09-28T12:56:58.994Z	spark1	SERVING	10.600	7.310
2026-09-28T12:57:03.927Z	spark2	SERVING	12.424	4.104
2026-09-28T12:57:04.111Z	spark1	SERVING	10.557	7.310
2026-09-28T12:57:09.043Z	spark2	SERVING	12.425	4.104
2026-09-28T12:57:09.230Z	spark1	SERVING	10.604	7.310
2026-09-28T12:57:14.135Z	spark2	SERVING	12.425	4.104
2026-09-28T12:57:14.344Z	spark1	SERVING	10.595	7.310
2026-09-28T12:57:19.244Z	spark2	SERVING	12.434	4.104
2026-09-28T12:57:19.453Z	spark1	SERVING	10.569	7.310
2026-09-28T12:57:24.345Z	spark2	SERVING	12.435	4.104
2026-09-28T12:57:24.562Z	spark1	SERVING	10.581	7.310
2026-09-28T12:57:29.426Z	spark2	SERVING	12.421	4.104
2026-09-28T12:57:29.642Z	spark1	SERVING	10.569	7.310
2026-09-28T12:57:34.524Z	spark2	SERVING	12.427	4.104
2026-09-28T12:57:34.763Z	spark1	SERVING	10.564	7.310
2026-09-28T12:57:39.630Z	spark2	SERVING	12.435	4.104
2026-09-28T12:57:39.879Z	spark1	SERVING	10.541	7.310
2026-09-28T12:57:44.735Z	spark2	SERVING	12.437	4.104
2026-09-28T12:57:45.002Z	spark1	SERVING	10.556	7.310
2026-09-28T12:57:49.842Z	spark2	SERVING	12.424	4.104
2026-09-28T12:57:50.118Z	spark1	SERVING	10.551	7.310
2026-09-28T12:57:54.943Z	spark2	SERVING	12.424	4.104
2026-09-28T12:57:55.239Z	spark1	SERVING	10.602	7.310
2026-09-28T12:58:00.036Z	spark2	SERVING	12.425	4.104
2026-09-28T12:58:00.349Z	spark1	SERVING	10.605	7.310
2026-09-28T12:58:05.147Z	spark2	SERVING	12.425	4.104
2026-09-28T12:58:05.459Z	spark1	SERVING	10.602	7.310
2026-09-28T12:58:10.253Z	spark2	SERVING	12.421	4.104
2026-09-28T12:58:10.581Z	spark1	SERVING	10.627	7.310
2026-09-28T12:58:15.370Z	spark2	SERVING	12.426	4.104
2026-09-28T12:58:15.719Z	spark1	SERVING	10.624	7.310
2026-09-28T12:58:20.486Z	spark2	SERVING	12.428	4.104
2026-09-28T12:58:20.851Z	spark1	SERVING	10.621	7.310
2026-09-28T12:58:25.598Z	spark2	SERVING	12.443	4.104
2026-09-28T12:58:25.977Z	spark1	SERVING	10.634	7.310
2026-09-28T12:58:30.722Z	spark2	SERVING	12.444	4.104
2026-09-28T12:58:31.104Z	spark1	SERVING	10.641	7.310
2026-09-28T12:58:35.842Z	spark2	SERVING	12.431	4.104
2026-09-28T12:58:36.237Z	spark1	SERVING	10.640	7.310
2026-09-28T12:58:40.969Z	spark2	SERVING	12.431	4.104
2026-09-28T12:58:41.376Z	spark1	SERVING	10.656	7.310
2026-09-28T12:58:46.087Z	spark2	SERVING	12.427	4.104
2026-09-28T12:58:46.485Z	spark1	SERVING	10.635	7.310
2026-09-28T12:58:51.204Z	spark2	SERVING	12.428	4.104
2026-09-28T12:58:51.586Z	spark1	SERVING	10.617	7.310
2026-09-28T12:58:56.327Z	spark2	SERVING	12.411	4.104
2026-09-28T12:58:56.721Z	spark1	SERVING	10.628	7.310
2026-09-28T12:59:01.454Z	spark2	SERVING	12.416	4.104
2026-09-28T12:59:01.842Z	spark1	SERVING	10.640	7.310
2026-09-28T12:59:06.579Z	spark2	SERVING	12.437	4.104
2026-09-28T12:59:06.971Z	spark1	SERVING	10.636	7.310
2026-09-28T12:59:11.703Z	spark2	SERVING	12.439	4.104
2026-09-28T12:59:12.096Z	spark1	SERVING	10.664	7.310
2026-09-28T12:59:16.821Z	spark2	SERVING	12.439	4.104
2026-09-28T12:59:17.225Z	spark1	SERVING	10.641	7.310
2026-09-28T12:59:21.941Z	spark2	SERVING	12.425	4.104
2026-09-28T12:59:22.359Z	spark1	SERVING	10.612	7.309
2026-09-28T12:59:27.048Z	spark2	SERVING	12.430	4.104
2026-09-28T12:59:27.472Z	spark1	SERVING	10.644	7.309
2026-09-28T12:59:32.157Z	spark2	SERVING	12.438	4.104
2026-09-28T12:59:32.595Z	spark1	SERVING	10.625	7.309
2026-09-28T12:59:37.267Z	spark2	SERVING	12.441	4.104
2026-09-28T12:59:37.726Z	spark1	SERVING	10.637	7.309
2026-09-28T12:59:42.387Z	spark2	SERVING	12.428	4.104
2026-09-28T12:59:42.845Z	spark1	SERVING	10.638	7.309
2026-09-28T12:59:47.511Z	spark2	SERVING	12.431	4.104
2026-09-28T12:59:47.968Z	spark1	SERVING	10.645	7.309
2026-09-28T12:59:52.635Z	spark2	SERVING	12.440	4.104
2026-09-28T12:59:53.096Z	spark1	SERVING	10.640	7.309
2026-09-28T12:59:57.714Z	spark2	SERVING	12.432	4.103
2026-09-28T12:59:58.173Z	spark1	SERVING	10.683	7.309
2026-09-28T13:00:02.793Z	spark2	SERVING	12.449	4.103
2026-09-28T13:00:03.256Z	spark1	SERVING	10.681	7.309
2026-09-28T13:00:07.874Z	spark2	SERVING	12.449	4.103
2026-09-28T13:00:08.330Z	spark1	SERVING	10.704	7.309
2026-09-28T13:00:12.957Z	spark2	SERVING	12.448	4.103
2026-09-28T13:00:13.405Z	spark1	SERVING	10.693	7.309
2026-09-28T13:00:18.041Z	spark2	SERVING	12.452	4.103
2026-09-28T13:00:18.481Z	spark1	SERVING	10.677	7.309
2026-09-28T13:00:23.126Z	spark2	SERVING	12.452	4.103
2026-09-28T13:00:23.561Z	spark1	SERVING	10.673	7.309
2026-09-28T13:00:28.208Z	spark2	SERVING	12.447	4.103
2026-09-28T13:00:28.633Z	spark1	SERVING	10.660	7.309
2026-09-28T13:00:33.296Z	spark2	SERVING	12.451	4.103
2026-09-28T13:00:33.711Z	spark1	SERVING	10.674	7.309
2026-09-28T13:00:38.372Z	spark2	SERVING	12.442	4.103
2026-09-28T13:00:38.790Z	spark1	SERVING	10.652	7.309
2026-09-28T13:00:43.456Z	spark2	SERVING	12.451	4.103
2026-09-28T13:00:43.878Z	spark1	SERVING	10.696	7.309
2026-09-28T13:00:48.537Z	spark2	SERVING	12.451	4.103
2026-09-28T13:00:48.955Z	spark1	SERVING	10.688	7.308
2026-09-28T13:00:53.642Z	spark2	SERVING	12.440	4.103
2026-09-28T13:00:54.058Z	spark1	SERVING	10.672	7.308
2026-09-28T13:00:58.744Z	spark2	SERVING	12.425	4.103
2026-09-28T13:00:59.177Z	spark1	SERVING	10.641	7.308
2026-09-28T13:01:03.855Z	spark2	SERVING	12.427	4.103
2026-09-28T13:01:04.303Z	spark1	SERVING	10.651	7.308
2026-09-28T13:01:08.967Z	spark2	SERVING	12.426	4.103
2026-09-28T13:01:09.413Z	spark1	SERVING	10.638	7.308
2026-09-28T13:01:14.085Z	spark2	SERVING	12.429	4.103
2026-09-28T13:01:14.517Z	spark1	SERVING	10.635	7.308
2026-09-28T13:01:19.191Z	spark2	SERVING	12.422	4.103
2026-09-28T13:01:19.612Z	spark1	SERVING	10.630	7.308
2026-09-28T13:01:24.306Z	spark2	SERVING	12.430	4.103
2026-09-28T13:01:24.725Z	spark1	SERVING	10.623	7.308
2026-09-28T13:01:29.425Z	spark2	SERVING	12.423	4.103
2026-09-28T13:01:29.851Z	spark1	SERVING	10.574	7.308
2026-09-28T13:01:34.541Z	spark2	SERVING	12.432	4.103
2026-09-28T13:01:34.963Z	spark1	SERVING	10.629	7.308
2026-09-28T13:01:39.656Z	spark2	SERVING	12.431	4.103
2026-09-28T13:01:40.077Z	spark1	SERVING	10.648	7.308
2026-09-28T13:01:44.769Z	spark2	SERVING	12.406	4.103
2026-09-28T13:01:45.188Z	spark1	SERVING	10.622	7.308
2026-09-28T13:01:49.876Z	spark2	SERVING	12.412	4.103
2026-09-28T13:01:50.308Z	spark1	SERVING	10.643	7.308
2026-09-28T13:01:54.982Z	spark2	SERVING	12.402	4.103
2026-09-28T13:01:55.422Z	spark1	SERVING	10.658	7.308
2026-09-28T13:02:00.088Z	spark2	SERVING	12.408	4.103
2026-09-28T13:02:00.528Z	spark1	SERVING	10.654	7.308
2026-09-28T13:02:05.197Z	spark2	SERVING	12.416	4.103
2026-09-28T13:02:05.640Z	spark1	SERVING	10.631	7.308
2026-09-28T13:02:10.308Z	spark2	SERVING	12.418	4.103
2026-09-28T13:02:10.762Z	spark1	SERVING	10.644	7.308
2026-09-28T13:02:15.418Z	spark2	SERVING	12.413	4.103
2026-09-28T13:02:15.877Z	spark1	SERVING	10.634	7.308
2026-09-28T13:02:20.528Z	spark2	SERVING	12.417	4.103
2026-09-28T13:02:20.993Z	spark1	SERVING	10.652	7.308
2026-09-28T13:02:25.639Z	spark2	SERVING	12.411	4.103
2026-09-28T13:02:26.100Z	spark1	SERVING	10.630	7.307
2026-09-28T13:02:30.758Z	spark2	SERVING	12.410	4.103
2026-09-28T13:02:31.211Z	spark1	SERVING	10.645	7.307
2026-09-28T13:02:35.854Z	spark2	SERVING	12.419	4.103
2026-09-28T13:02:36.298Z	spark1	SERVING	10.612	7.307
2026-09-28T13:02:40.952Z	spark2	SERVING	12.423	4.102
2026-09-28T13:02:41.402Z	spark1	SERVING	10.639	7.307
2026-09-28T13:02:46.065Z	spark2	SERVING	12.425	4.102
2026-09-28T13:02:46.508Z	spark1	SERVING	10.631	7.307
2026-09-28T13:02:51.176Z	spark2	SERVING	12.427	4.102
2026-09-28T13:02:51.617Z	spark1	SERVING	10.661	7.307
2026-09-28T13:02:56.290Z	spark2	SERVING	12.427	4.102
2026-09-28T13:02:56.727Z	spark1	SERVING	10.664	7.307
2026-09-28T13:03:01.407Z	spark2	SERVING	12.401	4.102
2026-09-28T13:03:01.834Z	spark1	SERVING	10.640	7.307
2026-09-28T13:03:06.521Z	spark2	SERVING	12.417	4.102
2026-09-28T13:03:06.945Z	spark1	SERVING	10.654	7.307
2026-09-28T13:03:11.629Z	spark2	SERVING	12.409	4.102
2026-09-28T13:03:12.060Z	spark1	SERVING	10.660	7.307
2026-09-28T13:03:16.723Z	spark2	SERVING	12.421	4.102
2026-09-28T13:03:17.161Z	spark1	SERVING	10.669	7.307
2026-09-28T13:03:21.833Z	spark2	SERVING	12.431	4.102
2026-09-28T13:03:22.274Z	spark1	SERVING	10.641	7.307
2026-09-28T13:03:26.942Z	spark2	SERVING	12.425	4.102
2026-09-28T13:03:27.392Z	spark1	SERVING	10.652	7.307
2026-09-28T13:03:32.044Z	spark2	SERVING	12.427	4.102
2026-09-28T13:03:32.521Z	spark1	SERVING	10.675	7.307
2026-09-28T13:03:37.156Z	spark2	SERVING	12.434	4.102
2026-09-28T13:03:37.637Z	spark1	SERVING	10.668	7.307
2026-09-28T13:03:42.264Z	spark2	SERVING	12.434	4.102
2026-09-28T13:03:42.761Z	spark1	SERVING	10.670	7.307
2026-09-28T13:03:47.376Z	spark2	SERVING	12.425	4.102
2026-09-28T13:03:47.884Z	spark1	SERVING	10.670	7.307
2026-09-28T13:03:52.481Z	spark2	SERVING	12.429	4.102
2026-09-28T13:03:53.002Z	spark1	SERVING	10.691	7.307
2026-09-28T13:03:57.564Z	spark2	SERVING	12.428	4.102
2026-09-28T13:03:58.093Z	spark1	SERVING	10.663	7.307
2026-09-28T13:04:02.681Z	spark2	SERVING	12.424	4.102
2026-09-28T13:04:03.211Z	spark1	SERVING	10.630	7.307
2026-09-28T13:04:07.778Z	spark2	SERVING	12.363	4.102
2026-09-28T13:04:08.322Z	spark1	SERVING	10.625	7.307
2026-09-28T13:04:12.900Z	spark2	SERVING	12.344	4.102
2026-09-28T13:04:13.437Z	spark1	SERVING	10.625	7.307
2026-09-28T13:04:18.010Z	spark2	SERVING	12.244	4.102
2026-09-28T13:04:18.544Z	spark1	SERVING	10.620	7.307
2026-09-28T13:04:23.126Z	spark2	SERVING	12.294	4.102
2026-09-28T13:04:23.660Z	spark1	SERVING	10.654	7.307
2026-09-28T13:04:28.204Z	spark2	SERVING	12.333	4.101
2026-09-28T13:04:28.772Z	spark1	SERVING	10.642	7.307
2026-09-28T13:04:33.294Z	spark2	SERVING	12.346	4.101
2026-09-28T13:04:33.870Z	spark1	SERVING	10.660	7.307
2026-09-28T13:04:38.363Z	spark2	SERVING	12.329	4.101
2026-09-28T13:04:38.978Z	spark1	SERVING	10.647	7.304
2026-09-28T13:04:43.462Z	spark2	SERVING	12.352	4.101
2026-09-28T13:04:44.093Z	spark1	SERVING	10.668	7.304
2026-09-28T13:04:48.566Z	spark2	SERVING	12.369	4.101
2026-09-28T13:04:49.210Z	spark1	SERVING	10.653	7.304
2026-09-28T13:04:53.661Z	spark2	SERVING	12.370	4.101
2026-09-28T13:04:54.319Z	spark1	SERVING	10.654	7.304
2026-09-28T13:04:58.758Z	spark2	SERVING	12.350	4.101
2026-09-28T13:04:59.425Z	spark1	SERVING	10.666	7.304
2026-09-28T13:05:03.864Z	spark2	SERVING	12.361	4.101
2026-09-28T13:05:04.528Z	spark1	SERVING	10.662	7.304
2026-09-28T13:05:08.963Z	spark2	SERVING	12.365	4.101
2026-09-28T13:05:09.639Z	spark1	SERVING	10.645	7.304
2026-09-28T13:05:14.036Z	spark2	SERVING	12.374	4.101
2026-09-28T13:05:14.728Z	spark1	SERVING	10.631	7.304
2026-09-28T13:05:19.126Z	spark2	SERVING	12.390	4.101
2026-09-28T13:05:19.841Z	spark1	SERVING	10.663	7.304
2026-09-28T13:05:24.229Z	spark2	SERVING	12.407	4.101
2026-09-28T13:05:24.945Z	spark1	SERVING	10.654	7.304
2026-09-28T13:05:29.326Z	spark2	SERVING	12.413	4.101
2026-09-28T13:05:30.064Z	spark1	SERVING	10.679	7.304
2026-09-28T13:05:34.430Z	spark2	SERVING	12.407	4.101
2026-09-28T13:05:35.185Z	spark1	SERVING	10.631	7.304
2026-09-28T13:05:39.532Z	spark2	SERVING	12.412	4.101
2026-09-28T13:05:40.303Z	spark1	SERVING	10.653	7.304
2026-09-28T13:05:44.643Z	spark2	SERVING	12.412	4.101
2026-09-28T13:05:45.417Z	spark1	SERVING	10.648	7.304
2026-09-28T13:05:49.742Z	spark2	SERVING	12.407	4.101
2026-09-28T13:05:50.520Z	spark1	SERVING	10.645	7.304
2026-09-28T13:05:54.836Z	spark2	SERVING	12.409	4.101
2026-09-28T13:05:55.625Z	spark1	SERVING	10.636	7.304
2026-09-28T13:05:59.912Z	spark2	SERVING	12.409	4.101
2026-09-28T13:06:00.700Z	spark1	SERVING	10.677	7.304
2026-09-28T13:06:04.987Z	spark2	SERVING	12.415	4.101
2026-09-28T13:06:05.789Z	spark1	SERVING	10.655	7.304
2026-09-28T13:06:10.057Z	spark2	SERVING	12.431	4.101
2026-09-28T13:06:10.880Z	spark1	SERVING	10.630	7.304
2026-09-28T13:06:15.131Z	spark2	SERVING	12.432	4.101
2026-09-28T13:06:15.971Z	spark1	SERVING	10.657	7.304
2026-09-28T13:06:20.204Z	spark2	SERVING	12.425	4.101
2026-09-28T13:06:21.053Z	spark1	SERVING	10.666	7.304
2026-09-28T13:06:25.281Z	spark2	SERVING	12.434	4.101
2026-09-28T13:06:26.146Z	spark1	SERVING	10.679	7.303
2026-09-28T13:06:30.356Z	spark2	SERVING	12.412	4.101
2026-09-28T13:06:31.221Z	spark1	SERVING	10.647	7.303
2026-09-28T13:06:35.430Z	spark2	SERVING	12.413	4.101
2026-09-28T13:06:36.308Z	spark1	SERVING	10.667	7.303
2026-09-28T13:06:40.507Z	spark2	SERVING	12.415	4.101
2026-09-28T13:06:41.380Z	spark1	SERVING	10.658	7.303
2026-09-28T13:06:45.592Z	spark2	SERVING	12.415	4.101
2026-09-28T13:06:46.466Z	spark1	SERVING	10.688	7.303
2026-09-28T13:06:50.659Z	spark2	SERVING	12.393	4.101
2026-09-28T13:06:51.543Z	spark1	SERVING	10.617	7.303
2026-09-28T13:06:55.780Z	spark2	SERVING	12.381	4.101
2026-09-28T13:06:56.662Z	spark1	SERVING	10.611	7.303
2026-09-28T13:07:00.899Z	spark2	SERVING	12.390	4.101
2026-09-28T13:07:01.779Z	spark1	SERVING	10.600	7.303
2026-09-28T13:07:05.996Z	spark2	SERVING	12.406	4.101
2026-09-28T13:07:06.877Z	spark1	SERVING	10.602	7.303
2026-09-28T13:07:11.102Z	spark2	SERVING	12.406	4.101
2026-09-28T13:07:11.991Z	spark1	SERVING	10.628	7.303
2026-09-28T13:07:16.213Z	spark2	SERVING	12.387	4.101
2026-09-28T13:07:17.100Z	spark1	SERVING	10.624	7.303
2026-09-28T13:07:21.335Z	spark2	SERVING	12.393	4.101
2026-09-28T13:07:22.228Z	spark1	SERVING	10.630	7.303
2026-09-28T13:07:26.451Z	spark2	SERVING	12.401	4.101
2026-09-28T13:07:27.352Z	spark1	SERVING	10.628	7.303
2026-09-28T13:07:31.565Z	spark2	SERVING	12.402	4.101
2026-09-28T13:07:32.480Z	spark1	SERVING	10.630	7.303
2026-09-28T13:07:36.678Z	spark2	SERVING	12.381	4.101
2026-09-28T13:07:37.586Z	spark1	SERVING	10.629	7.303
2026-09-28T13:07:41.789Z	spark2	SERVING	12.381	4.101
2026-09-28T13:07:42.696Z	spark1	SERVING	10.629	7.303
2026-09-28T13:07:46.883Z	spark2	SERVING	12.393	4.101
2026-09-28T13:07:47.782Z	spark1	SERVING	10.595	7.303
2026-09-28T13:07:51.996Z	spark2	SERVING	12.394	4.101
2026-09-28T13:07:52.909Z	spark1	SERVING	10.631	7.303
2026-09-28T13:07:57.111Z	spark2	SERVING	12.373	4.101
2026-09-28T13:07:58.031Z	spark1	SERVING	10.613	7.303
2026-09-28T13:08:02.229Z	spark2	SERVING	12.404	4.101
2026-09-28T13:08:03.145Z	spark1	SERVING	10.621	7.303
2026-09-28T13:08:07.346Z	spark2	SERVING	12.403	4.101
2026-09-28T13:08:08.265Z	spark1	SERVING	10.611	7.303
2026-09-28T13:08:12.462Z	spark2	SERVING	12.398	4.101
2026-09-28T13:08:13.386Z	spark1	SERVING	10.603	7.303
2026-09-28T13:08:17.575Z	spark2	SERVING	12.398	4.101
2026-09-28T13:08:18.501Z	spark1	SERVING	10.634	7.303
2026-09-28T13:08:22.680Z	spark2	SERVING	12.385	4.101
2026-09-28T13:08:23.600Z	spark1	SERVING	10.625	7.303
2026-09-28T13:08:27.778Z	spark2	SERVING	12.385	4.101
2026-09-28T13:08:28.700Z	spark1	SERVING	10.626	7.303
2026-09-28T13:08:32.885Z	spark2	SERVING	12.393	4.101
2026-09-28T13:08:33.810Z	spark1	SERVING	10.604	7.303
2026-09-28T13:08:38.001Z	spark2	SERVING	12.394	4.101
2026-09-28T13:08:38.929Z	spark1	SERVING	10.624	7.303
2026-09-28T13:08:43.116Z	spark2	SERVING	12.394	4.101
2026-09-28T13:08:44.053Z	spark1	SERVING	10.622	7.303
2026-09-28T13:08:48.227Z	spark2	SERVING	12.393	4.101
2026-09-28T13:08:49.181Z	spark1	SERVING	10.638	7.303
2026-09-28T13:08:53.335Z	spark2	SERVING	12.390	4.101
2026-09-28T13:08:54.296Z	spark1	SERVING	10.609	7.303
2026-09-28T13:08:58.441Z	spark2	SERVING	12.394	4.101
2026-09-28T13:08:59.414Z	spark1	SERVING	10.622	7.303
2026-09-28T13:09:03.543Z	spark2	SERVING	12.391	4.101
2026-09-28T13:09:04.506Z	spark1	SERVING	10.617	7.303
2026-09-28T13:09:08.647Z	spark2	SERVING	12.390	4.101
2026-09-28T13:09:09.619Z	spark1	SERVING	10.630	7.303
2026-09-28T13:09:13.763Z	spark2	SERVING	12.390	4.101
2026-09-28T13:09:14.729Z	spark1	SERVING	10.641	7.303
2026-09-28T13:09:18.877Z	spark2	SERVING	12.378	4.101
2026-09-28T13:09:19.842Z	spark1	SERVING	10.642	7.303
2026-09-28T13:09:23.983Z	spark2	SERVING	12.410	4.101
2026-09-28T13:09:24.951Z	spark1	SERVING	10.703	7.303
2026-09-28T13:09:29.062Z	spark2	SERVING	12.425	4.101
2026-09-28T13:09:30.025Z	spark1	SERVING	10.670	7.303
2026-09-28T13:09:34.146Z	spark2	SERVING	12.427	4.101
2026-09-28T13:09:35.104Z	spark1	SERVING	10.651	7.303
2026-09-28T13:09:39.231Z	spark2	SERVING	12.414	4.101
2026-09-28T13:09:40.184Z	spark1	SERVING	10.647	7.303
2026-09-28T13:09:44.313Z	spark2	SERVING	12.426	4.101
2026-09-28T13:09:45.268Z	spark1	SERVING	10.673	7.303
2026-09-28T13:09:49.394Z	spark2	SERVING	12.422	4.101
2026-09-28T13:09:50.354Z	spark1	SERVING	10.657	7.301
2026-09-28T13:09:54.467Z	spark2	SERVING	12.423	4.101
2026-09-28T13:09:55.436Z	spark1	SERVING	10.659	7.301
2026-09-28T13:09:59.539Z	spark2	SERVING	12.419	4.101
2026-09-28T13:10:00.513Z	spark1	SERVING	10.665	7.301
2026-09-28T13:10:04.613Z	spark2	SERVING	12.423	4.101
2026-09-28T13:10:05.600Z	spark1	SERVING	10.672	7.300
2026-09-28T13:10:09.682Z	spark2	SERVING	12.426	4.101
2026-09-28T13:10:10.693Z	spark1	SERVING	10.644	7.300
2026-09-28T13:10:14.754Z	spark2	SERVING	12.429	4.101
2026-09-28T13:10:15.780Z	spark1	SERVING	10.665	7.300
2026-09-28T13:10:19.819Z	spark2	SERVING	12.430	4.101
2026-09-28T13:10:20.856Z	spark1	SERVING	10.624	7.300
2026-09-28T13:10:24.902Z	spark2	SERVING	12.422	4.101
2026-09-28T13:10:25.933Z	spark1	SERVING	10.671	7.300
2026-09-28T13:10:29.972Z	spark2	SERVING	12.423	4.101
2026-09-28T13:10:31.024Z	spark1	SERVING	10.668	7.300
2026-09-28T13:10:35.049Z	spark2	SERVING	12.415	4.101
2026-09-28T13:10:36.110Z	spark1	SERVING	10.648	7.300
2026-09-28T13:10:40.135Z	spark2	SERVING	12.420	4.101
2026-09-28T13:10:41.199Z	spark1	SERVING	10.661	7.300
2026-09-28T13:10:45.216Z	spark2	SERVING	12.412	4.101
2026-09-28T13:10:46.291Z	spark1	SERVING	10.660	7.300
2026-09-28T13:10:50.298Z	spark2	SERVING	12.422	4.101
2026-09-28T13:10:51.376Z	spark1	SERVING	10.675	7.299
2026-09-28T13:10:55.377Z	spark2	SERVING	12.422	4.100
2026-09-28T13:10:56.449Z	spark1	SERVING	10.668	7.299
2026-09-28T13:11:00.454Z	spark2	SERVING	12.430	4.100
2026-09-28T13:11:01.524Z	spark1	SERVING	10.654	7.298
2026-09-28T13:11:05.524Z	spark2	SERVING	12.444	4.100
2026-09-28T13:11:06.605Z	spark1	SERVING	10.627	7.298
2026-09-28T13:11:10.596Z	spark2	SERVING	12.443	4.100
2026-09-28T13:11:11.689Z	spark1	SERVING	10.631	7.298
2026-09-28T13:11:15.666Z	spark2	SERVING	12.450	4.100
2026-09-28T13:11:16.772Z	spark1	SERVING	10.607	7.298
2026-09-28T13:11:20.738Z	spark2	SERVING	12.448	4.100
2026-09-28T13:11:21.864Z	spark1	SERVING	10.648	7.298
2026-09-28T13:11:25.805Z	spark2	SERVING	12.445	4.100
2026-09-28T13:11:26.943Z	spark1	SERVING	10.616	7.298
2026-09-28T13:11:30.876Z	spark2	SERVING	12.442	4.100
2026-09-28T13:11:32.022Z	spark1	SERVING	10.619	7.297
