ts	node	phase	memavail_gib	swap_used_gib
2026-09-27T13:41:38.419Z	spark1	LOAD	116.334	3.503
2026-09-27T13:41:38.596Z	spark2	LOAD	117.238	1.684
2026-09-27T13:41:38.681Z	spark1	LOAD	116.340	3.503
2026-09-27T13:41:38.857Z	spark2	LOAD	117.244	1.684
2026-09-27T13:41:38.932Z	spark1	LOAD	116.341	3.503
2026-09-27T13:41:39.108Z	spark2	LOAD	117.244	1.684
2026-09-27T13:41:39.182Z	spark1	LOAD	116.341	3.503
2026-09-27T13:41:39.358Z	spark2	LOAD	117.244	1.684
2026-09-27T13:41:39.433Z	spark1	LOAD	116.342	3.503
2026-09-27T13:41:39.609Z	spark2	LOAD	117.244	1.684
2026-09-27T13:41:39.696Z	spark1	LOAD	116.342	3.503
2026-09-27T13:41:39.875Z	spark2	LOAD	117.244	1.684
2026-09-27T13:41:39.946Z	spark1	LOAD	116.342	3.503
2026-09-27T13:41:40.125Z	spark2	LOAD	117.246	1.684
2026-09-27T13:41:40.197Z	spark1	LOAD	116.342	3.503
2026-09-27T13:41:40.377Z	spark2	LOAD	117.246	1.684
2026-09-27T13:41:40.447Z	spark1	LOAD	116.331	3.503
2026-09-27T13:41:40.626Z	spark2	LOAD	117.239	1.684
2026-09-27T13:41:40.714Z	spark1	LOAD	116.331	3.503
2026-09-27T13:41:40.892Z	spark2	LOAD	117.239	1.684
2026-09-27T13:41:40.964Z	spark1	LOAD	116.331	3.503
2026-09-27T13:41:41.143Z	spark2	LOAD	117.239	1.684
2026-09-27T13:41:41.215Z	spark1	LOAD	116.325	3.503
2026-09-27T13:41:41.394Z	spark2	LOAD	117.239	1.684
2026-09-27T13:41:41.465Z	spark1	LOAD	116.325	3.503
2026-09-27T13:41:41.644Z	spark2	LOAD	117.240	1.684
2026-09-27T13:41:41.728Z	spark1	LOAD	116.323	3.503
2026-09-27T13:41:41.907Z	spark2	LOAD	117.240	1.684
2026-09-27T13:41:41.978Z	spark1	LOAD	116.325	3.503
2026-09-27T13:41:42.158Z	spark2	LOAD	117.240	1.684
2026-09-27T13:41:42.229Z	spark1	LOAD	116.325	3.503
2026-09-27T13:41:42.409Z	spark2	LOAD	117.240	1.684
2026-09-27T13:41:42.479Z	spark1	LOAD	116.330	3.503
2026-09-27T13:41:42.657Z	spark2	LOAD	117.236	1.684
2026-09-27T13:41:42.743Z	spark1	LOAD	116.339	3.503
2026-09-27T13:41:42.919Z	spark2	LOAD	117.237	1.684
2026-09-27T13:41:42.994Z	spark1	LOAD	116.340	3.503
2026-09-27T13:41:43.171Z	spark2	LOAD	117.237	1.684
2026-09-27T13:41:43.244Z	spark1	LOAD	116.340	3.503
2026-09-27T13:41:43.421Z	spark2	LOAD	117.242	1.684
2026-09-27T13:41:43.494Z	spark1	LOAD	116.340	3.503
2026-09-27T13:41:43.671Z	spark2	LOAD	117.242	1.684
2026-09-27T13:41:43.756Z	spark1	LOAD	116.332	3.503
2026-09-27T13:41:43.931Z	spark2	LOAD	117.240	1.684
2026-09-27T13:41:44.007Z	spark1	LOAD	116.333	3.503
2026-09-27T13:41:44.180Z	spark2	LOAD	117.243	1.684
2026-09-27T13:41:44.258Z	spark1	LOAD	116.340	3.503
2026-09-27T13:41:44.431Z	spark2	LOAD	117.241	1.684
2026-09-27T13:41:44.508Z	spark1	LOAD	116.349	3.503
2026-09-27T13:41:44.681Z	spark2	LOAD	117.240	1.684
2026-09-27T13:41:44.774Z	spark1	LOAD	116.349	3.503
2026-09-27T13:41:44.942Z	spark2	LOAD	117.243	1.684
2026-09-27T13:41:45.024Z	spark1	LOAD	116.343	3.503
2026-09-27T13:41:45.192Z	spark2	LOAD	117.238	1.684
2026-09-27T13:41:45.274Z	spark1	LOAD	116.336	3.503
2026-09-27T13:41:45.443Z	spark2	LOAD	117.234	1.684
2026-09-27T13:41:45.524Z	spark1	LOAD	116.336	3.503
2026-09-27T13:41:45.693Z	spark2	LOAD	117.179	1.684
2026-09-27T13:41:45.786Z	spark1	LOAD	116.311	3.503
2026-09-27T13:41:45.957Z	spark2	LOAD	117.154	1.684
2026-09-27T13:41:46.036Z	spark1	LOAD	116.311	3.503
2026-09-27T13:41:46.208Z	spark2	LOAD	117.148	1.684
2026-09-27T13:41:46.287Z	spark1	LOAD	116.311	3.502
2026-09-27T13:41:46.458Z	spark2	LOAD	117.130	1.684
2026-09-27T13:41:46.538Z	spark1	LOAD	116.308	3.502
2026-09-27T13:41:46.709Z	spark2	LOAD	117.118	1.684
2026-09-27T13:41:46.801Z	spark1	LOAD	116.307	3.502
2026-09-27T13:41:46.969Z	spark2	LOAD	117.072	1.684
2026-09-27T13:41:47.051Z	spark1	LOAD	116.309	3.502
2026-09-27T13:41:47.219Z	spark2	LOAD	117.041	1.684
2026-09-27T13:41:47.302Z	spark1	LOAD	116.309	3.502
2026-09-27T13:41:47.470Z	spark2	LOAD	117.018	1.684
2026-09-27T13:41:47.552Z	spark1	LOAD	116.309	3.502
2026-09-27T13:41:47.720Z	spark2	LOAD	116.990	1.684
2026-09-27T13:41:47.814Z	spark1	LOAD	116.308	3.502
2026-09-27T13:41:47.985Z	spark2	LOAD	116.967	1.684
2026-09-27T13:41:48.064Z	spark1	LOAD	116.312	3.502
2026-09-27T13:41:48.235Z	spark2	LOAD	116.922	1.684
2026-09-27T13:41:48.315Z	spark1	LOAD	116.312	3.502
2026-09-27T13:41:48.484Z	spark2	LOAD	116.923	1.684
2026-09-27T13:41:48.565Z	spark1	LOAD	116.314	3.502
2026-09-27T13:41:48.736Z	spark2	LOAD	116.921	1.684
2026-09-27T13:41:48.830Z	spark1	LOAD	116.314	3.502
2026-09-27T13:41:48.998Z	spark2	LOAD	116.901	1.684
2026-09-27T13:41:49.081Z	spark1	LOAD	116.318	3.502
2026-09-27T13:41:49.248Z	spark2	LOAD	116.904	1.684
2026-09-27T13:41:49.331Z	spark1	LOAD	116.317	3.502
2026-09-27T13:41:49.499Z	spark2	LOAD	116.901	1.684
2026-09-27T13:41:49.582Z	spark1	LOAD	116.314	3.502
2026-09-27T13:41:49.750Z	spark2	LOAD	116.881	1.684
2026-09-27T13:41:49.845Z	spark1	LOAD	116.314	3.502
2026-09-27T13:41:50.011Z	spark2	LOAD	116.880	1.684
2026-09-27T13:41:50.095Z	spark1	LOAD	116.323	3.502
2026-09-27T13:41:50.261Z	spark2	LOAD	116.872	1.684
2026-09-27T13:41:50.347Z	spark1	LOAD	116.323	3.502
2026-09-27T13:41:50.511Z	spark2	LOAD	116.850	1.684
2026-09-27T13:41:50.596Z	spark1	LOAD	116.318	3.502
2026-09-27T13:41:50.762Z	spark2	LOAD	116.834	1.684
2026-09-27T13:41:50.858Z	spark1	LOAD	116.317	3.502
2026-09-27T13:41:51.027Z	spark2	LOAD	116.835	1.684
2026-09-27T13:41:51.109Z	spark1	LOAD	116.320	3.502
2026-09-27T13:41:51.277Z	spark2	LOAD	116.823	1.684
2026-09-27T13:41:51.359Z	spark1	LOAD	116.320	3.502
2026-09-27T13:41:51.528Z	spark2	LOAD	116.826	1.684
2026-09-27T13:41:51.610Z	spark1	LOAD	116.320	3.502
2026-09-27T13:41:51.779Z	spark2	LOAD	116.816	1.684
2026-09-27T13:41:51.873Z	spark1	LOAD	116.311	3.502
2026-09-27T13:41:52.044Z	spark2	LOAD	116.802	1.684
2026-09-27T13:41:52.124Z	spark1	LOAD	116.320	3.502
2026-09-27T13:41:52.294Z	spark2	LOAD	116.800	1.684
2026-09-27T13:41:52.374Z	spark1	LOAD	116.319	3.502
2026-09-27T13:41:52.545Z	spark2	LOAD	116.797	1.684
2026-09-27T13:41:52.624Z	spark1	LOAD	116.310	3.502
2026-09-27T13:41:52.796Z	spark2	LOAD	116.790	1.684
2026-09-27T13:41:52.886Z	spark1	LOAD	116.335	3.502
2026-09-27T13:41:53.060Z	spark2	LOAD	116.782	1.684
2026-09-27T13:41:53.136Z	spark1	LOAD	116.335	3.502
2026-09-27T13:41:53.311Z	spark2	LOAD	116.780	1.684
2026-09-27T13:41:53.387Z	spark1	LOAD	116.335	3.502
2026-09-27T13:41:53.562Z	spark2	LOAD	116.781	1.684
2026-09-27T13:41:53.638Z	spark1	LOAD	116.335	3.502
2026-09-27T13:41:53.812Z	spark2	LOAD	116.777	1.684
2026-09-27T13:41:53.901Z	spark1	LOAD	116.335	3.502
2026-09-27T13:41:54.073Z	spark2	LOAD	116.774	1.684
2026-09-27T13:41:54.151Z	spark1	LOAD	116.336	3.502
2026-09-27T13:41:54.323Z	spark2	LOAD	116.774	1.684
2026-09-27T13:41:54.402Z	spark1	LOAD	116.336	3.502
2026-09-27T13:41:54.573Z	spark2	LOAD	116.775	1.684
2026-09-27T13:41:54.652Z	spark1	LOAD	116.338	3.502
2026-09-27T13:41:54.825Z	spark2	LOAD	116.759	1.684
2026-09-27T13:41:54.915Z	spark1	LOAD	116.337	3.502
2026-09-27T13:41:55.089Z	spark2	LOAD	116.763	1.684
2026-09-27T13:41:55.165Z	spark1	LOAD	116.328	3.502
2026-09-27T13:41:55.340Z	spark2	LOAD	116.750	1.684
2026-09-27T13:41:55.416Z	spark1	LOAD	116.328	3.502
2026-09-27T13:41:55.591Z	spark2	LOAD	116.756	1.684
2026-09-27T13:41:55.666Z	spark1	LOAD	116.328	3.502
2026-09-27T13:41:55.840Z	spark2	LOAD	116.755	1.684
2026-09-27T13:41:55.926Z	spark1	LOAD	116.311	3.502
2026-09-27T13:41:56.105Z	spark2	LOAD	116.751	1.684
2026-09-27T13:41:56.177Z	spark1	LOAD	116.308	3.502
2026-09-27T13:41:56.356Z	spark2	LOAD	116.741	1.684
2026-09-27T13:41:56.428Z	spark1	LOAD	116.308	3.502
2026-09-27T13:41:56.606Z	spark2	LOAD	116.693	1.683
2026-09-27T13:41:56.677Z	spark1	LOAD	116.291	3.502
2026-09-27T13:41:56.858Z	spark2	LOAD	116.690	1.683
2026-09-27T13:41:56.944Z	spark1	LOAD	116.284	3.502
2026-09-27T13:41:57.118Z	spark2	LOAD	116.678	1.683
2026-09-27T13:41:57.194Z	spark1	LOAD	116.284	3.502
2026-09-27T13:41:57.369Z	spark2	LOAD	116.677	1.683
2026-09-27T13:41:57.445Z	spark1	LOAD	116.285	3.502
2026-09-27T13:41:57.620Z	spark2	LOAD	116.669	1.683
2026-09-27T13:41:57.696Z	spark1	LOAD	116.285	3.502
2026-09-27T13:41:57.870Z	spark2	LOAD	116.665	1.683
2026-09-27T13:41:57.962Z	spark1	LOAD	116.285	3.502
2026-09-27T13:41:58.130Z	spark2	LOAD	116.656	1.683
2026-09-27T13:41:58.212Z	spark1	LOAD	116.285	3.502
2026-09-27T13:41:58.381Z	spark2	LOAD	116.637	1.683
2026-09-27T13:41:58.463Z	spark1	LOAD	116.285	3.502
2026-09-27T13:41:58.631Z	spark2	LOAD	116.640	1.683
2026-09-27T13:41:58.713Z	spark1	LOAD	116.234	3.502
2026-09-27T13:41:58.881Z	spark2	LOAD	116.636	1.683
2026-09-27T13:41:58.980Z	spark1	LOAD	116.245	3.502
2026-09-27T13:41:59.142Z	spark2	LOAD	116.625	1.683
2026-09-27T13:41:59.230Z	spark1	LOAD	116.248	3.502
2026-09-27T13:41:59.393Z	spark2	LOAD	116.623	1.683
2026-09-27T13:41:59.481Z	spark1	LOAD	116.255	3.502
2026-09-27T13:41:59.644Z	spark2	LOAD	116.611	1.683
2026-09-27T13:41:59.731Z	spark1	LOAD	116.255	3.502
2026-09-27T13:41:59.895Z	spark2	LOAD	116.605	1.683
2026-09-27T13:41:59.998Z	spark1	LOAD	116.264	3.502
2026-09-27T13:42:00.155Z	spark2	LOAD	116.596	1.683
2026-09-27T13:42:00.248Z	spark1	LOAD	116.264	3.502
2026-09-27T13:42:00.405Z	spark2	LOAD	116.591	1.683
2026-09-27T13:42:00.500Z	spark1	LOAD	116.264	3.502
2026-09-27T13:42:00.657Z	spark2	LOAD	116.582	1.683
2026-09-27T13:42:00.749Z	spark1	LOAD	116.264	3.502
2026-09-27T13:42:00.906Z	spark2	LOAD	116.583	1.683
2026-09-27T13:42:01.015Z	spark1	LOAD	116.274	3.502
2026-09-27T13:42:01.168Z	spark2	LOAD	116.432	1.683
2026-09-27T13:42:01.265Z	spark1	LOAD	116.282	3.502
2026-09-27T13:42:01.418Z	spark2	LOAD	116.327	1.683
2026-09-27T13:42:01.516Z	spark1	LOAD	116.282	3.502
2026-09-27T13:42:01.668Z	spark2	LOAD	116.279	1.683
2026-09-27T13:42:01.766Z	spark1	LOAD	116.282	3.502
2026-09-27T13:42:01.918Z	spark2	LOAD	116.236	1.683
2026-09-27T13:42:02.029Z	spark1	LOAD	116.299	3.502
2026-09-27T13:42:02.180Z	spark2	LOAD	116.207	1.683
2026-09-27T13:42:02.279Z	spark1	LOAD	116.299	3.502
2026-09-27T13:42:02.431Z	spark2	LOAD	116.182	1.683
2026-09-27T13:42:02.529Z	spark1	LOAD	116.299	3.502
2026-09-27T13:42:02.681Z	spark2	LOAD	116.155	1.683
2026-09-27T13:42:02.779Z	spark1	LOAD	116.294	3.502
2026-09-27T13:42:02.931Z	spark2	LOAD	116.132	1.683
2026-09-27T13:42:03.041Z	spark1	LOAD	116.315	3.502
2026-09-27T13:42:03.192Z	spark2	LOAD	116.132	1.683
2026-09-27T13:42:03.292Z	spark1	LOAD	116.313	3.502
2026-09-27T13:42:03.442Z	spark2	LOAD	116.129	1.683
2026-09-27T13:42:03.542Z	spark1	LOAD	116.313	3.502
2026-09-27T13:42:03.694Z	spark2	LOAD	116.085	1.683
2026-09-27T13:42:03.792Z	spark1	LOAD	116.313	3.502
2026-09-27T13:42:03.944Z	spark2	LOAD	116.070	1.683
2026-09-27T13:42:04.055Z	spark1	LOAD	116.317	3.502
2026-09-27T13:42:04.205Z	spark2	LOAD	116.051	1.683
2026-09-27T13:42:04.306Z	spark1	LOAD	116.317	3.502
2026-09-27T13:42:04.456Z	spark2	LOAD	116.034	1.683
2026-09-27T13:42:04.557Z	spark1	LOAD	116.317	3.502
2026-09-27T13:42:04.707Z	spark2	LOAD	116.028	1.683
2026-09-27T13:42:04.808Z	spark1	LOAD	116.320	3.502
2026-09-27T13:42:04.958Z	spark2	LOAD	116.029	1.683
2026-09-27T13:42:05.069Z	spark1	LOAD	116.341	3.502
2026-09-27T13:42:05.218Z	spark2	LOAD	116.039	1.683
2026-09-27T13:42:05.320Z	spark1	LOAD	116.349	3.502
2026-09-27T13:42:05.468Z	spark2	LOAD	116.038	1.683
2026-09-27T13:42:05.571Z	spark1	LOAD	116.349	3.502
2026-09-27T13:42:05.718Z	spark2	LOAD	116.038	1.683
2026-09-27T13:42:05.821Z	spark1	LOAD	116.345	3.502
2026-09-27T13:42:05.969Z	spark2	LOAD	116.023	1.683
2026-09-27T13:42:06.088Z	spark1	LOAD	116.347	3.502
2026-09-27T13:42:06.233Z	spark2	LOAD	116.006	1.683
2026-09-27T13:42:06.338Z	spark1	LOAD	116.347	3.502
2026-09-27T13:42:06.485Z	spark2	LOAD	115.986	1.683
2026-09-27T13:42:06.589Z	spark1	LOAD	116.340	3.502
2026-09-27T13:42:06.735Z	spark2	LOAD	115.964	1.683
2026-09-27T13:42:06.839Z	spark1	LOAD	116.340	3.502
2026-09-27T13:42:06.985Z	spark2	LOAD	115.933	1.683
2026-09-27T13:42:07.106Z	spark1	LOAD	116.338	3.502
2026-09-27T13:42:07.245Z	spark2	LOAD	115.922	1.683
2026-09-27T13:42:07.356Z	spark1	LOAD	116.336	3.502
2026-09-27T13:42:07.495Z	spark2	LOAD	115.888	1.683
2026-09-27T13:42:07.607Z	spark1	LOAD	116.320	3.502
2026-09-27T13:42:07.747Z	spark2	LOAD	115.890	1.683
2026-09-27T13:42:07.858Z	spark1	LOAD	116.320	3.502
2026-09-27T13:42:07.997Z	spark2	LOAD	115.892	1.683
2026-09-27T13:42:08.121Z	spark1	LOAD	116.322	3.502
2026-09-27T13:42:08.257Z	spark2	LOAD	115.891	1.683
2026-09-27T13:42:08.372Z	spark1	LOAD	116.322	3.502
2026-09-27T13:42:08.508Z	spark2	LOAD	115.889	1.683
2026-09-27T13:42:08.622Z	spark1	LOAD	116.330	3.502
2026-09-27T13:42:08.758Z	spark2	LOAD	115.887	1.683
2026-09-27T13:42:08.872Z	spark1	LOAD	116.326	3.502
2026-09-27T13:42:09.009Z	spark2	LOAD	115.884	1.683
2026-09-27T13:42:09.138Z	spark1	LOAD	116.311	3.502
2026-09-27T13:42:09.269Z	spark2	LOAD	115.883	1.683
2026-09-27T13:42:09.390Z	spark1	LOAD	116.328	3.502
2026-09-27T13:42:09.520Z	spark2	LOAD	115.874	1.683
2026-09-27T13:42:09.640Z	spark1	LOAD	116.325	3.502
2026-09-27T13:42:09.770Z	spark2	LOAD	115.844	1.683
2026-09-27T13:42:09.891Z	spark1	LOAD	116.328	3.502
2026-09-27T13:42:10.022Z	spark2	LOAD	115.842	1.683
2026-09-27T13:42:10.154Z	spark1	LOAD	116.326	3.502
2026-09-27T13:42:10.283Z	spark2	LOAD	115.452	1.683
2026-09-27T13:42:10.405Z	spark1	LOAD	116.326	3.502
2026-09-27T13:42:10.531Z	spark2	LOAD	115.307	1.683
2026-09-27T13:42:10.655Z	spark1	LOAD	116.306	3.502
2026-09-27T13:42:10.781Z	spark2	LOAD	115.231	1.683
2026-09-27T13:42:10.906Z	spark1	LOAD	116.300	3.502
2026-09-27T13:42:11.032Z	spark2	LOAD	115.204	1.683
2026-09-27T13:42:11.168Z	spark1	LOAD	116.306	3.502
2026-09-27T13:42:11.297Z	spark2	LOAD	115.204	1.683
2026-09-27T13:42:11.418Z	spark1	LOAD	116.194	3.502
2026-09-27T13:42:11.548Z	spark2	LOAD	115.209	1.683
2026-09-27T13:42:11.669Z	spark1	LOAD	116.180	3.502
2026-09-27T13:42:11.798Z	spark2	LOAD	115.818	1.683
2026-09-27T13:42:11.919Z	spark1	LOAD	116.117	3.502
2026-09-27T13:42:12.048Z	spark2	LOAD	115.827	1.683
2026-09-27T13:42:12.187Z	spark1	LOAD	116.088	3.502
2026-09-27T13:42:12.313Z	spark2	LOAD	116.514	1.683
2026-09-27T13:42:12.437Z	spark1	LOAD	116.056	3.502
2026-09-27T13:42:12.563Z	spark2	LOAD	116.492	1.683
2026-09-27T13:42:12.687Z	spark1	LOAD	116.046	3.502
2026-09-27T13:42:12.814Z	spark2	LOAD	116.492	1.683
2026-09-27T13:42:12.938Z	spark1	LOAD	116.012	3.502
2026-09-27T13:42:13.064Z	spark2	LOAD	116.470	1.683
2026-09-27T13:42:13.199Z	spark1	LOAD	116.011	3.502
2026-09-27T13:42:13.330Z	spark2	LOAD	116.428	1.683
2026-09-27T13:42:13.449Z	spark1	LOAD	116.007	3.502
2026-09-27T13:42:13.580Z	spark2	LOAD	116.399	1.683
2026-09-27T13:42:13.700Z	spark1	LOAD	116.003	3.502
2026-09-27T13:42:13.831Z	spark2	LOAD	116.368	1.683
2026-09-27T13:42:13.951Z	spark1	LOAD	115.979	3.502
2026-09-27T13:42:14.080Z	spark2	LOAD	115.888	1.683
2026-09-27T13:42:14.212Z	spark1	LOAD	115.982	3.502
2026-09-27T13:42:14.348Z	spark2	LOAD	115.567	1.683
2026-09-27T13:42:14.463Z	spark1	LOAD	115.981	3.502
2026-09-27T13:42:14.599Z	spark2	LOAD	115.465	1.683
2026-09-27T13:42:14.714Z	spark1	LOAD	115.972	3.502
2026-09-27T13:42:14.849Z	spark2	LOAD	115.441	1.683
2026-09-27T13:42:14.964Z	spark1	LOAD	115.958	3.502
2026-09-27T13:42:15.100Z	spark2	LOAD	115.565	1.683
2026-09-27T13:42:15.226Z	spark1	LOAD	115.931	3.502
2026-09-27T13:42:15.360Z	spark2	LOAD	115.565	1.683
2026-09-27T13:42:15.477Z	spark1	LOAD	115.927	3.502
2026-09-27T13:42:15.611Z	spark2	LOAD	115.453	1.683
2026-09-27T13:42:15.727Z	spark1	LOAD	115.893	3.502
2026-09-27T13:42:15.861Z	spark2	LOAD	115.339	1.683
2026-09-27T13:42:15.977Z	spark1	LOAD	115.864	3.502
2026-09-27T13:42:16.111Z	spark2	LOAD	115.299	1.683
2026-09-27T13:42:16.243Z	spark1	LOAD	115.864	3.502
2026-09-27T13:42:16.373Z	spark2	LOAD	115.250	1.683
2026-09-27T13:42:16.493Z	spark1	LOAD	115.857	3.502
2026-09-27T13:42:16.624Z	spark2	LOAD	115.222	1.683
2026-09-27T13:42:16.743Z	spark1	LOAD	115.857	3.502
2026-09-27T13:42:16.875Z	spark2	LOAD	115.200	1.683
2026-09-27T13:42:16.994Z	spark1	LOAD	115.858	3.502
2026-09-27T13:42:17.126Z	spark2	LOAD	115.172	1.683
2026-09-27T13:42:17.259Z	spark1	LOAD	115.836	3.502
2026-09-27T13:42:17.392Z	spark2	LOAD	115.158	1.683
2026-09-27T13:42:17.510Z	spark1	LOAD	115.819	3.502
2026-09-27T13:42:17.643Z	spark2	LOAD	115.156	1.683
2026-09-27T13:42:17.760Z	spark1	LOAD	115.810	3.502
2026-09-27T13:42:17.893Z	spark2	LOAD	115.139	1.683
2026-09-27T13:42:18.010Z	spark1	LOAD	115.804	3.502
2026-09-27T13:42:18.143Z	spark2	LOAD	115.099	1.683
2026-09-27T13:42:18.276Z	spark1	LOAD	115.798	3.502
2026-09-27T13:42:18.404Z	spark2	LOAD	115.088	1.683
2026-09-27T13:42:18.527Z	spark1	LOAD	115.769	3.502
2026-09-27T13:42:18.655Z	spark2	LOAD	115.064	1.683
2026-09-27T13:42:18.777Z	spark1	LOAD	115.768	3.502
2026-09-27T13:42:18.906Z	spark2	LOAD	115.033	1.683
2026-09-27T13:42:19.028Z	spark1	LOAD	115.767	3.502
2026-09-27T13:42:19.156Z	spark2	LOAD	114.982	1.683
2026-09-27T13:42:19.293Z	spark1	LOAD	115.763	3.502
2026-09-27T13:42:19.421Z	spark2	LOAD	114.961	1.683
2026-09-27T13:42:19.544Z	spark1	LOAD	115.754	3.502
2026-09-27T13:42:19.672Z	spark2	LOAD	114.961	1.683
2026-09-27T13:42:19.795Z	spark1	LOAD	115.753	3.502
2026-09-27T13:42:19.923Z	spark2	LOAD	114.961	1.683
2026-09-27T13:42:20.045Z	spark1	LOAD	115.755	3.502
2026-09-27T13:42:20.174Z	spark2	LOAD	114.963	1.683
2026-09-27T13:42:20.311Z	spark1	LOAD	115.741	3.502
2026-09-27T13:42:20.436Z	spark2	LOAD	115.605	1.683
2026-09-27T13:42:20.562Z	spark1	LOAD	115.750	3.502
2026-09-27T13:42:20.686Z	spark2	LOAD	115.391	1.683
2026-09-27T13:42:20.812Z	spark1	LOAD	115.758	3.502
2026-09-27T13:42:20.937Z	spark2	LOAD	115.340	1.683
2026-09-27T13:42:21.062Z	spark1	LOAD	115.758	3.502
2026-09-27T13:42:21.188Z	spark2	LOAD	115.297	1.683
2026-09-27T13:42:21.324Z	spark1	LOAD	115.749	3.502
2026-09-27T13:42:21.453Z	spark2	LOAD	115.258	1.683
2026-09-27T13:42:21.574Z	spark1	LOAD	115.741	3.502
2026-09-27T13:42:21.705Z	spark2	LOAD	115.240	1.683
2026-09-27T13:42:21.824Z	spark1	LOAD	115.737	3.502
2026-09-27T13:42:21.956Z	spark2	LOAD	115.216	1.683
2026-09-27T13:42:22.074Z	spark1	LOAD	115.732	3.502
2026-09-27T13:42:22.207Z	spark2	LOAD	115.197	1.683
2026-09-27T13:42:22.338Z	spark1	LOAD	115.729	3.502
2026-09-27T13:42:22.467Z	spark2	LOAD	115.191	1.683
2026-09-27T13:42:22.588Z	spark1	LOAD	115.716	3.502
2026-09-27T13:42:22.718Z	spark2	LOAD	115.190	1.683
2026-09-27T13:42:22.839Z	spark1	LOAD	115.709	3.502
2026-09-27T13:42:22.968Z	spark2	LOAD	115.192	1.683
2026-09-27T13:42:23.089Z	spark1	LOAD	115.711	3.500
2026-09-27T13:42:23.219Z	spark2	LOAD	115.159	1.683
2026-09-27T13:42:23.351Z	spark1	LOAD	115.698	3.500
2026-09-27T13:42:23.485Z	spark2	LOAD	115.135	1.683
2026-09-27T13:42:23.601Z	spark1	LOAD	115.673	3.500
2026-09-27T13:42:23.735Z	spark2	LOAD	115.127	1.683
2026-09-27T13:42:23.852Z	spark1	LOAD	115.663	3.500
2026-09-27T13:42:23.987Z	spark2	LOAD	115.099	1.683
2026-09-27T13:42:24.102Z	spark1	LOAD	115.647	3.500
2026-09-27T13:42:24.237Z	spark2	LOAD	115.086	1.683
2026-09-27T13:42:24.364Z	spark1	LOAD	115.653	3.500
2026-09-27T13:42:24.498Z	spark2	LOAD	115.084	1.683
2026-09-27T13:42:24.615Z	spark1	LOAD	115.654	3.500
2026-09-27T13:42:24.749Z	spark2	LOAD	115.067	1.683
2026-09-27T13:42:24.865Z	spark1	LOAD	115.643	3.500
2026-09-27T13:42:25.000Z	spark2	LOAD	115.023	1.683
2026-09-27T13:42:25.116Z	spark1	LOAD	115.639	3.500
2026-09-27T13:42:25.250Z	spark2	LOAD	114.737	1.683
2026-09-27T13:42:25.378Z	spark1	LOAD	115.626	3.500
2026-09-27T13:42:25.515Z	spark2	LOAD	114.519	1.683
2026-09-27T13:42:25.628Z	spark1	LOAD	115.616	3.500
2026-09-27T13:42:25.766Z	spark2	LOAD	114.423	1.683
2026-09-27T13:42:25.879Z	spark1	LOAD	115.607	3.500
2026-09-27T13:42:26.017Z	spark2	LOAD	114.350	1.683
2026-09-27T13:42:26.129Z	spark1	LOAD	115.611	3.500
2026-09-27T13:42:26.267Z	spark2	LOAD	114.727	1.683
2026-09-27T13:42:26.392Z	spark1	LOAD	115.609	3.500
2026-09-27T13:42:26.532Z	spark2	LOAD	114.550	1.683
2026-09-27T13:42:26.643Z	spark1	LOAD	115.474	3.500
2026-09-27T13:42:26.783Z	spark2	LOAD	114.543	1.683
2026-09-27T13:42:26.894Z	spark1	LOAD	115.387	3.500
2026-09-27T13:42:27.034Z	spark2	LOAD	114.535	1.683
2026-09-27T13:42:27.144Z	spark1	LOAD	115.343	3.500
2026-09-27T13:42:27.285Z	spark2	LOAD	114.535	1.683
2026-09-27T13:42:27.406Z	spark1	LOAD	115.291	3.500
2026-09-27T13:42:27.546Z	spark2	LOAD	114.543	1.683
2026-09-27T13:42:27.656Z	spark1	LOAD	115.271	3.500
2026-09-27T13:42:27.796Z	spark2	LOAD	114.543	1.683
2026-09-27T13:42:27.907Z	spark1	LOAD	115.226	3.500
2026-09-27T13:42:28.047Z	spark2	LOAD	114.551	1.683
2026-09-27T13:42:28.157Z	spark1	LOAD	115.203	3.500
2026-09-27T13:42:28.298Z	spark2	LOAD	114.556	1.683
2026-09-27T13:42:28.419Z	spark1	LOAD	115.189	3.500
2026-09-27T13:42:28.562Z	spark2	LOAD	114.559	1.683
2026-09-27T13:42:28.669Z	spark1	LOAD	115.193	3.499
2026-09-27T13:42:28.813Z	spark2	LOAD	114.559	1.683
2026-09-27T13:42:28.920Z	spark1	LOAD	115.174	3.499
2026-09-27T13:42:29.062Z	spark2	LOAD	114.572	1.683
2026-09-27T13:42:29.170Z	spark1	LOAD	115.132	3.499
2026-09-27T13:42:29.313Z	spark2	LOAD	114.570	1.683
2026-09-27T13:42:29.432Z	spark1	LOAD	115.101	3.499
2026-09-27T13:42:29.578Z	spark2	LOAD	114.570	1.683
2026-09-27T13:42:29.683Z	spark1	LOAD	115.073	3.499
2026-09-27T13:42:29.829Z	spark2	LOAD	114.588	1.683
2026-09-27T13:42:29.934Z	spark1	LOAD	115.105	3.499
2026-09-27T13:42:30.081Z	spark2	LOAD	114.591	1.683
2026-09-27T13:42:30.184Z	spark1	LOAD	115.104	3.499
2026-09-27T13:42:30.331Z	spark2	LOAD	114.591	1.683
2026-09-27T13:42:30.446Z	spark1	LOAD	115.104	3.499
2026-09-27T13:42:30.596Z	spark2	LOAD	114.591	1.683
2026-09-27T13:42:30.696Z	spark1	LOAD	115.104	3.499
2026-09-27T13:42:30.847Z	spark2	LOAD	114.591	1.683
2026-09-27T13:42:30.946Z	spark1	LOAD	115.098	3.499
2026-09-27T13:42:31.097Z	spark2	LOAD	114.607	1.683
2026-09-27T13:42:31.197Z	spark1	LOAD	115.070	3.499
2026-09-27T13:42:31.347Z	spark2	LOAD	114.614	1.683
2026-09-27T13:42:31.465Z	spark1	LOAD	115.054	3.499
2026-09-27T13:42:31.613Z	spark2	LOAD	114.621	1.683
2026-09-27T13:42:31.715Z	spark1	LOAD	115.041	3.499
2026-09-27T13:42:31.863Z	spark2	LOAD	114.629	1.683
2026-09-27T13:42:31.966Z	spark1	LOAD	115.008	3.499
2026-09-27T13:42:32.114Z	spark2	LOAD	114.637	1.683
2026-09-27T13:42:32.216Z	spark1	LOAD	114.983	3.499
2026-09-27T13:42:32.364Z	spark2	LOAD	114.637	1.683
2026-09-27T13:42:32.482Z	spark1	LOAD	114.976	3.499
2026-09-27T13:42:32.629Z	spark2	LOAD	114.636	1.683
2026-09-27T13:42:32.733Z	spark1	LOAD	114.956	3.499
2026-09-27T13:42:32.880Z	spark2	LOAD	114.652	1.683
2026-09-27T13:42:32.983Z	spark1	LOAD	114.959	3.499
2026-09-27T13:42:33.130Z	spark2	LOAD	114.659	1.683
2026-09-27T13:42:33.233Z	spark1	LOAD	114.960	3.499
2026-09-27T13:42:33.381Z	spark2	LOAD	114.659	1.683
2026-09-27T13:42:33.495Z	spark1	LOAD	114.963	3.499
2026-09-27T13:42:33.646Z	spark2	LOAD	114.659	1.683
2026-09-27T13:42:33.746Z	spark1	LOAD	114.962	3.499
2026-09-27T13:42:33.896Z	spark2	LOAD	114.674	1.683
2026-09-27T13:42:33.996Z	spark1	LOAD	114.962	3.498
2026-09-27T13:42:34.147Z	spark2	LOAD	114.681	1.683
2026-09-27T13:42:34.247Z	spark1	LOAD	114.959	3.498
2026-09-27T13:42:34.397Z	spark2	LOAD	114.681	1.683
2026-09-27T13:42:34.513Z	spark1	LOAD	114.927	3.498
2026-09-27T13:42:34.659Z	spark2	LOAD	114.681	1.683
2026-09-27T13:42:34.764Z	spark1	LOAD	114.922	3.498
2026-09-27T13:42:34.909Z	spark2	LOAD	114.695	1.683
2026-09-27T13:42:35.014Z	spark1	LOAD	114.559	3.498
2026-09-27T13:42:35.160Z	spark2	LOAD	114.703	1.683
2026-09-27T13:42:35.264Z	spark1	LOAD	114.406	3.498
2026-09-27T13:42:35.411Z	spark2	LOAD	114.703	1.683
2026-09-27T13:42:35.530Z	spark1	LOAD	114.337	3.497
2026-09-27T13:42:35.676Z	spark2	LOAD	114.702	1.683
2026-09-27T13:42:35.780Z	spark1	LOAD	114.294	3.497
2026-09-27T13:42:35.926Z	spark2	LOAD	114.715	1.683
2026-09-27T13:42:36.031Z	spark1	LOAD	114.270	3.497
2026-09-27T13:42:36.177Z	spark2	LOAD	114.715	1.683
2026-09-27T13:42:36.281Z	spark1	LOAD	114.265	3.497
2026-09-27T13:42:36.427Z	spark2	LOAD	114.715	1.683
2026-09-27T13:42:36.548Z	spark1	LOAD	114.746	3.497
2026-09-27T13:42:36.692Z	spark2	LOAD	114.715	1.683
2026-09-27T13:42:36.799Z	spark1	LOAD	114.746	3.497
2026-09-27T13:42:36.943Z	spark2	LOAD	114.730	1.683
2026-09-27T13:42:37.050Z	spark1	LOAD	115.342	3.497
2026-09-27T13:42:37.193Z	spark2	LOAD	114.738	1.683
2026-09-27T13:42:37.300Z	spark1	LOAD	115.415	3.497
2026-09-27T13:42:37.444Z	spark2	LOAD	114.738	1.683
2026-09-27T13:42:37.562Z	spark1	LOAD	115.414	3.497
2026-09-27T13:42:37.709Z	spark2	LOAD	114.737	1.683
2026-09-27T13:42:37.813Z	spark1	LOAD	115.414	3.497
2026-09-27T13:42:37.960Z	spark2	LOAD	114.750	1.683
2026-09-27T13:42:38.063Z	spark1	LOAD	115.401	3.497
2026-09-27T13:42:38.211Z	spark2	LOAD	114.759	1.683
2026-09-27T13:42:38.313Z	spark1	LOAD	115.390	3.497
2026-09-27T13:42:38.462Z	spark2	LOAD	114.759	1.683
2026-09-27T13:42:38.579Z	spark1	LOAD	115.346	3.497
2026-09-27T13:42:38.723Z	spark2	LOAD	114.759	1.683
2026-09-27T13:42:38.830Z	spark1	LOAD	115.316	3.497
2026-09-27T13:42:38.974Z	spark2	LOAD	114.772	1.683
2026-09-27T13:42:39.080Z	spark1	LOAD	114.886	3.497
2026-09-27T13:42:39.224Z	spark2	LOAD	114.776	1.683
2026-09-27T13:42:39.331Z	spark1	LOAD	114.593	3.497
2026-09-27T13:42:39.475Z	spark2	LOAD	114.776	1.683
2026-09-27T13:42:39.598Z	spark1	LOAD	114.471	3.497
2026-09-27T13:42:39.740Z	spark2	LOAD	114.775	1.683
2026-09-27T13:42:39.848Z	spark1	LOAD	114.745	3.497
2026-09-27T13:42:39.990Z	spark2	LOAD	114.796	1.683
2026-09-27T13:42:40.098Z	spark1	LOAD	115.059	3.497
2026-09-27T13:42:40.240Z	spark2	LOAD	114.818	1.682
2026-09-27T13:42:40.349Z	spark1	LOAD	115.038	3.497
2026-09-27T13:42:40.491Z	spark2	LOAD	114.818	1.682
2026-09-27T13:42:40.610Z	spark1	LOAD	115.037	3.497
2026-09-27T13:42:40.756Z	spark2	LOAD	114.818	1.682
2026-09-27T13:42:40.861Z	spark1	LOAD	114.846	3.497
2026-09-27T13:42:41.006Z	spark2	LOAD	114.828	1.682
2026-09-27T13:42:41.111Z	spark1	LOAD	114.788	3.497
2026-09-27T13:42:41.257Z	spark2	LOAD	114.833	1.682
2026-09-27T13:42:41.361Z	spark1	LOAD	114.746	3.497
2026-09-27T13:42:41.508Z	spark2	LOAD	114.833	1.682
2026-09-27T13:42:41.627Z	spark1	LOAD	114.691	3.497
2026-09-27T13:42:41.773Z	spark2	LOAD	114.833	1.682
2026-09-27T13:42:41.878Z	spark1	LOAD	114.669	3.497
2026-09-27T13:42:42.024Z	spark2	LOAD	114.833	1.682
2026-09-27T13:42:42.128Z	spark1	LOAD	114.645	3.497
2026-09-27T13:42:42.274Z	spark2	LOAD	114.839	1.682
2026-09-27T13:42:42.378Z	spark1	LOAD	114.632	3.497
2026-09-27T13:42:42.524Z	spark2	LOAD	114.839	1.682
2026-09-27T13:42:42.644Z	spark1	LOAD	114.608	3.497
2026-09-27T13:42:42.788Z	spark2	LOAD	114.839	1.682
2026-09-27T13:42:42.894Z	spark1	LOAD	114.608	3.497
2026-09-27T13:42:43.039Z	spark2	LOAD	114.851	1.682
2026-09-27T13:42:43.144Z	spark1	LOAD	114.605	3.497
2026-09-27T13:42:43.290Z	spark2	LOAD	114.851	1.682
2026-09-27T13:42:43.395Z	spark1	LOAD	114.566	3.497
2026-09-27T13:42:43.540Z	spark2	LOAD	114.851	1.682
2026-09-27T13:42:43.657Z	spark1	LOAD	114.546	3.497
2026-09-27T13:42:43.805Z	spark2	LOAD	114.850	1.682
2026-09-27T13:42:43.907Z	spark1	LOAD	114.522	3.497
2026-09-27T13:42:44.056Z	spark2	LOAD	114.856	1.682
2026-09-27T13:42:44.158Z	spark1	LOAD	114.491	3.497
2026-09-27T13:42:44.306Z	spark2	LOAD	114.861	1.682
2026-09-27T13:42:44.408Z	spark1	LOAD	114.468	3.497
2026-09-27T13:42:44.556Z	spark2	LOAD	114.861	1.682
2026-09-27T13:42:44.670Z	spark1	LOAD	114.412	3.497
2026-09-27T13:42:44.822Z	spark2	LOAD	114.861	1.682
2026-09-27T13:42:44.921Z	spark1	LOAD	114.399	3.497
2026-09-27T13:42:45.073Z	spark2	LOAD	114.880	1.682
2026-09-27T13:42:45.171Z	spark1	LOAD	114.401	3.497
2026-09-27T13:42:45.323Z	spark2	LOAD	114.880	1.682
2026-09-27T13:42:45.421Z	spark1	LOAD	114.400	3.497
2026-09-27T13:42:45.574Z	spark2	LOAD	114.880	1.682
2026-09-27T13:42:45.688Z	spark1	LOAD	114.400	3.497
2026-09-27T13:42:45.838Z	spark2	LOAD	114.884	1.682
2026-09-27T13:42:45.938Z	spark1	LOAD	114.925	3.497
2026-09-27T13:42:46.089Z	spark2	LOAD	114.899	1.682
2026-09-27T13:42:46.188Z	spark1	LOAD	114.924	3.497
2026-09-27T13:42:46.341Z	spark2	LOAD	114.899	1.682
2026-09-27T13:42:46.439Z	spark1	LOAD	114.917	3.497
2026-09-27T13:42:46.591Z	spark2	LOAD	114.900	1.682
2026-09-27T13:42:46.705Z	spark1	LOAD	114.912	3.496
2026-09-27T13:42:46.856Z	spark2	LOAD	114.899	1.682
2026-09-27T13:42:46.956Z	spark1	LOAD	114.890	3.496
2026-09-27T13:42:47.106Z	spark2	LOAD	114.922	1.682
2026-09-27T13:42:47.207Z	spark1	LOAD	114.900	3.496
2026-09-27T13:42:47.357Z	spark2	LOAD	114.922	1.682
2026-09-27T13:42:47.458Z	spark1	LOAD	114.877	3.496
2026-09-27T13:42:47.607Z	spark2	LOAD	114.923	1.682
2026-09-27T13:42:47.720Z	spark1	LOAD	114.792	3.496
2026-09-27T13:42:47.873Z	spark2	LOAD	114.924	1.682
2026-09-27T13:42:47.971Z	spark1	LOAD	114.757	3.496
2026-09-27T13:42:48.123Z	spark2	LOAD	114.925	1.682
2026-09-27T13:42:48.221Z	spark1	LOAD	114.749	3.496
2026-09-27T13:42:48.373Z	spark2	LOAD	114.939	1.682
2026-09-27T13:42:48.472Z	spark1	LOAD	114.754	3.496
2026-09-27T13:42:48.625Z	spark2	LOAD	114.943	1.682
2026-09-27T13:42:48.739Z	spark1	LOAD	114.720	3.496
2026-09-27T13:42:48.889Z	spark2	LOAD	114.942	1.682
2026-09-27T13:42:48.989Z	spark1	LOAD	114.723	3.496
2026-09-27T13:42:49.140Z	spark2	LOAD	114.943	1.682
2026-09-27T13:42:49.242Z	spark1	LOAD	114.514	3.496
2026-09-27T13:42:49.391Z	spark2	LOAD	114.945	1.682
2026-09-27T13:42:49.490Z	spark1	LOAD	114.471	3.496
2026-09-27T13:42:49.641Z	spark2	LOAD	114.945	1.682
2026-09-27T13:42:49.756Z	spark1	LOAD	114.431	3.496
2026-09-27T13:42:49.906Z	spark2	LOAD	114.948	1.682
2026-09-27T13:42:50.007Z	spark1	LOAD	114.400	3.495
2026-09-27T13:42:50.156Z	spark2	LOAD	114.948	1.682
2026-09-27T13:42:50.258Z	spark1	LOAD	114.385	3.495
2026-09-27T13:42:50.407Z	spark2	LOAD	114.948	1.682
2026-09-27T13:42:50.508Z	spark1	LOAD	114.367	3.495
2026-09-27T13:42:50.658Z	spark2	LOAD	114.948	1.682
2026-09-27T13:42:50.775Z	spark1	LOAD	114.342	3.495
2026-09-27T13:42:50.922Z	spark2	LOAD	114.939	1.682
2026-09-27T13:42:51.026Z	spark1	LOAD	114.329	3.495
2026-09-27T13:42:51.172Z	spark2	LOAD	114.927	1.682
2026-09-27T13:42:51.276Z	spark1	LOAD	114.325	3.495
2026-09-27T13:42:51.424Z	spark2	LOAD	114.960	1.682
2026-09-27T13:42:51.527Z	spark1	LOAD	114.321	3.495
2026-09-27T13:42:51.675Z	spark2	LOAD	114.960	1.682
2026-09-27T13:42:51.789Z	spark1	LOAD	114.278	3.495
2026-09-27T13:42:51.936Z	spark2	LOAD	114.960	1.682
2026-09-27T13:42:52.040Z	spark1	LOAD	114.275	3.495
2026-09-27T13:42:52.186Z	spark2	LOAD	114.960	1.682
2026-09-27T13:42:52.290Z	spark1	LOAD	114.243	3.495
2026-09-27T13:42:52.437Z	spark2	LOAD	114.968	1.682
2026-09-27T13:42:52.540Z	spark1	LOAD	114.215	3.495
2026-09-27T13:42:52.687Z	spark2	LOAD	114.967	1.682
2026-09-27T13:42:52.807Z	spark1	LOAD	114.207	3.495
2026-09-27T13:42:52.948Z	spark2	LOAD	114.965	1.682
2026-09-27T13:42:53.058Z	spark1	LOAD	114.207	3.495
2026-09-27T13:42:53.199Z	spark2	LOAD	114.965	1.682
2026-09-27T13:42:53.308Z	spark1	LOAD	114.184	3.495
2026-09-27T13:42:53.450Z	spark2	LOAD	114.965	1.682
2026-09-27T13:42:53.558Z	spark1	LOAD	114.142	3.495
2026-09-27T13:42:53.701Z	spark2	LOAD	114.965	1.682
2026-09-27T13:42:53.821Z	spark1	LOAD	114.128	3.495
2026-09-27T13:42:53.963Z	spark2	LOAD	114.967	1.682
2026-09-27T13:42:54.072Z	spark1	LOAD	113.612	3.495
2026-09-27T13:42:54.213Z	spark2	LOAD	114.967	1.682
2026-09-27T13:42:54.322Z	spark1	LOAD	113.471	3.495
2026-09-27T13:42:54.464Z	spark2	LOAD	114.967	1.682
2026-09-27T13:42:54.572Z	spark1	LOAD	113.386	3.495
2026-09-27T13:42:54.714Z	spark2	LOAD	114.967	1.682
2026-09-27T13:42:54.835Z	spark1	LOAD	113.773	3.495
2026-09-27T13:42:54.979Z	spark2	LOAD	114.973	1.682
2026-09-27T13:42:55.085Z	spark1	LOAD	113.910	3.495
2026-09-27T13:42:55.230Z	spark2	LOAD	114.976	1.682
2026-09-27T13:42:55.335Z	spark1	LOAD	113.869	3.495
2026-09-27T13:42:55.481Z	spark2	LOAD	114.976	1.682
2026-09-27T13:42:55.586Z	spark1	LOAD	113.855	3.495
2026-09-27T13:42:55.731Z	spark2	LOAD	114.976	1.682
2026-09-27T13:42:55.848Z	spark1	LOAD	113.837	3.495
2026-09-27T13:42:55.997Z	spark2	LOAD	114.989	1.682
2026-09-27T13:42:56.098Z	spark1	LOAD	113.834	3.495
2026-09-27T13:42:56.247Z	spark2	LOAD	114.998	1.682
2026-09-27T13:42:56.348Z	spark1	LOAD	113.834	3.495
2026-09-27T13:42:56.498Z	spark2	LOAD	114.998	1.682
2026-09-27T13:42:56.599Z	spark1	LOAD	113.814	3.495
2026-09-27T13:42:56.749Z	spark2	LOAD	114.998	1.682
2026-09-27T13:42:56.865Z	spark1	LOAD	113.772	3.495
2026-09-27T13:42:57.014Z	spark2	LOAD	115.008	1.682
2026-09-27T13:42:57.115Z	spark1	LOAD	113.761	3.495
2026-09-27T13:42:57.264Z	spark2	LOAD	115.012	1.682
2026-09-27T13:42:57.365Z	spark1	LOAD	113.731	3.495
2026-09-27T13:42:57.515Z	spark2	LOAD	115.012	1.682
2026-09-27T13:42:57.616Z	spark1	LOAD	113.711	3.495
2026-09-27T13:42:57.766Z	spark2	LOAD	115.023	1.682
2026-09-27T13:42:57.878Z	spark1	LOAD	113.710	3.495
2026-09-27T13:42:58.030Z	spark2	LOAD	115.031	1.682
2026-09-27T13:42:58.129Z	spark1	LOAD	113.695	3.495
2026-09-27T13:42:58.281Z	spark2	LOAD	115.031	1.682
2026-09-27T13:42:58.379Z	spark1	LOAD	113.671	3.495
2026-09-27T13:42:58.533Z	spark2	LOAD	115.031	1.682
2026-09-27T13:42:58.629Z	spark1	LOAD	113.458	3.495
2026-09-27T13:42:58.783Z	spark2	LOAD	115.033	1.682
2026-09-27T13:42:58.891Z	spark1	LOAD	113.172	3.495
2026-09-27T13:42:59.047Z	spark2	LOAD	115.042	1.682
2026-09-27T13:42:59.141Z	spark1	LOAD	113.060	3.495
2026-09-27T13:42:59.298Z	spark2	LOAD	115.042	1.682
2026-09-27T13:42:59.392Z	spark1	LOAD	112.966	3.495
2026-09-27T13:42:59.549Z	spark2	LOAD	115.042	1.682
2026-09-27T13:42:59.642Z	spark1	LOAD	113.491	3.495
2026-09-27T13:42:59.800Z	spark2	LOAD	115.044	1.682
2026-09-27T13:42:59.908Z	spark1	LOAD	113.322	3.495
2026-09-27T13:43:00.066Z	spark2	LOAD	115.053	1.682
2026-09-27T13:43:00.159Z	spark1	LOAD	113.322	3.495
2026-09-27T13:43:00.318Z	spark2	LOAD	115.057	1.682
2026-09-27T13:43:00.410Z	spark1	LOAD	113.287	3.495
2026-09-27T13:43:00.569Z	spark2	LOAD	115.057	1.682
2026-09-27T13:43:00.659Z	spark1	LOAD	113.263	3.495
2026-09-27T13:43:00.819Z	spark2	LOAD	115.057	1.682
2026-09-27T13:43:00.925Z	spark1	LOAD	113.277	3.495
2026-09-27T13:43:01.084Z	spark2	LOAD	115.068	1.682
2026-09-27T13:43:01.175Z	spark1	LOAD	113.277	3.495
2026-09-27T13:43:01.335Z	spark2	LOAD	115.070	1.682
2026-09-27T13:43:01.425Z	spark1	LOAD	113.274	3.495
2026-09-27T13:43:01.586Z	spark2	LOAD	115.070	1.682
2026-09-27T13:43:01.676Z	spark1	LOAD	113.286	3.495
2026-09-27T13:43:01.836Z	spark2	LOAD	115.081	1.682
2026-09-27T13:43:01.937Z	spark1	LOAD	113.285	3.495
2026-09-27T13:43:02.097Z	spark2	LOAD	115.106	1.682
2026-09-27T13:43:02.187Z	spark1	LOAD	113.278	3.495
2026-09-27T13:43:02.348Z	spark2	LOAD	115.118	1.682
2026-09-27T13:43:02.438Z	spark1	LOAD	113.265	3.495
2026-09-27T13:43:02.599Z	spark2	LOAD	115.118	1.682
2026-09-27T13:43:02.689Z	spark1	LOAD	113.257	3.495
2026-09-27T13:43:02.850Z	spark2	LOAD	115.118	1.682
2026-09-27T13:43:02.951Z	spark1	LOAD	113.269	3.495
2026-09-27T13:43:03.112Z	spark2	LOAD	115.123	1.682
2026-09-27T13:43:03.202Z	spark1	LOAD	113.284	3.495
2026-09-27T13:43:03.363Z	spark2	LOAD	115.124	1.682
2026-09-27T13:43:03.453Z	spark1	LOAD	113.284	3.495
2026-09-27T13:43:03.613Z	spark2	LOAD	115.124	1.682
2026-09-27T13:43:03.703Z	spark1	LOAD	113.284	3.495
2026-09-27T13:43:03.864Z	spark2	LOAD	115.124	1.682
2026-09-27T13:43:03.966Z	spark1	LOAD	113.283	3.495
2026-09-27T13:43:04.125Z	spark2	LOAD	115.129	1.682
2026-09-27T13:43:04.217Z	spark1	LOAD	113.288	3.495
2026-09-27T13:43:04.377Z	spark2	LOAD	115.129	1.682
2026-09-27T13:43:04.467Z	spark1	LOAD	113.288	3.495
2026-09-27T13:43:04.628Z	spark2	LOAD	115.129	1.682
2026-09-27T13:43:04.718Z	spark1	LOAD	113.288	3.495
2026-09-27T13:43:04.879Z	spark2	LOAD	115.129	1.682
2026-09-27T13:43:04.981Z	spark1	LOAD	113.299	3.495
2026-09-27T13:43:05.144Z	spark2	LOAD	115.135	1.682
2026-09-27T13:43:05.233Z	spark1	LOAD	113.299	3.495
2026-09-27T13:43:05.394Z	spark2	LOAD	115.135	1.682
2026-09-27T13:43:05.483Z	spark1	LOAD	113.289	3.495
2026-09-27T13:43:05.646Z	spark2	LOAD	115.135	1.682
2026-09-27T13:43:05.734Z	spark1	LOAD	113.287	3.495
2026-09-27T13:43:05.895Z	spark2	LOAD	115.135	1.682
2026-09-27T13:43:05.999Z	spark1	LOAD	113.292	3.495
2026-09-27T13:43:06.161Z	spark2	LOAD	115.134	1.682
2026-09-27T13:43:06.250Z	spark1	LOAD	113.299	3.495
2026-09-27T13:43:06.412Z	spark2	LOAD	115.135	1.682
2026-09-27T13:43:06.501Z	spark1	LOAD	113.299	3.495
2026-09-27T13:43:06.663Z	spark2	LOAD	115.135	1.682
2026-09-27T13:43:06.752Z	spark1	LOAD	113.293	3.494
2026-09-27T13:43:06.914Z	spark2	LOAD	115.135	1.682
2026-09-27T13:43:07.018Z	spark1	LOAD	113.294	3.494
2026-09-27T13:43:07.180Z	spark2	LOAD	115.138	1.682
2026-09-27T13:43:07.269Z	spark1	LOAD	113.290	3.494
2026-09-27T13:43:07.430Z	spark2	LOAD	115.138	1.682
2026-09-27T13:43:07.519Z	spark1	LOAD	113.290	3.494
2026-09-27T13:43:07.681Z	spark2	LOAD	115.138	1.682
2026-09-27T13:43:07.770Z	spark1	LOAD	113.290	3.494
2026-09-27T13:43:07.933Z	spark2	LOAD	115.142	1.682
2026-09-27T13:43:08.033Z	spark1	LOAD	113.293	3.494
2026-09-27T13:43:08.194Z	spark2	LOAD	115.142	1.682
2026-09-27T13:43:08.284Z	spark1	LOAD	113.293	3.494
2026-09-27T13:43:08.445Z	spark2	LOAD	115.144	1.682
2026-09-27T13:43:08.535Z	spark1	LOAD	113.293	3.494
2026-09-27T13:43:08.696Z	spark2	LOAD	115.144	1.682
2026-09-27T13:43:08.786Z	spark1	LOAD	113.293	3.494
2026-09-27T13:43:08.947Z	spark2	LOAD	115.144	1.682
2026-09-27T13:43:09.054Z	spark1	LOAD	113.274	3.494
2026-09-27T13:43:09.212Z	spark2	LOAD	115.147	1.682
2026-09-27T13:43:09.304Z	spark1	LOAD	113.270	3.494
2026-09-27T13:43:09.463Z	spark2	LOAD	115.147	1.682
2026-09-27T13:43:09.556Z	spark1	LOAD	113.264	3.494
2026-09-27T13:43:09.715Z	spark2	LOAD	115.147	1.682
2026-09-27T13:43:09.807Z	spark1	LOAD	113.264	3.494
2026-09-27T13:43:09.965Z	spark2	LOAD	115.149	1.682
2026-09-27T13:43:10.068Z	spark1	LOAD	113.266	3.494
2026-09-27T13:43:10.226Z	spark2	LOAD	115.149	1.682
2026-09-27T13:43:10.319Z	spark1	LOAD	113.266	3.494
2026-09-27T13:43:10.477Z	spark2	LOAD	115.149	1.682
2026-09-27T13:43:10.570Z	spark1	LOAD	113.266	3.494
2026-09-27T13:43:10.728Z	spark2	LOAD	115.149	1.682
2026-09-27T13:43:10.820Z	spark1	LOAD	113.267	3.494
2026-09-27T13:43:10.978Z	spark2	LOAD	115.152	1.682
2026-09-27T13:43:11.084Z	spark1	LOAD	113.266	3.494
2026-09-27T13:43:11.245Z	spark2	LOAD	115.153	1.682
2026-09-27T13:43:11.335Z	spark1	LOAD	113.271	3.494
2026-09-27T13:43:11.496Z	spark2	LOAD	115.153	1.682
2026-09-27T13:43:11.585Z	spark1	LOAD	113.271	3.494
2026-09-27T13:43:11.748Z	spark2	LOAD	115.153	1.682
2026-09-27T13:43:11.836Z	spark1	LOAD	113.278	3.494
2026-09-27T13:43:11.998Z	spark2	LOAD	115.155	1.682
2026-09-27T13:43:12.103Z	spark1	LOAD	113.274	3.494
2026-09-27T13:43:12.263Z	spark2	LOAD	115.154	1.682
2026-09-27T13:43:12.353Z	spark1	LOAD	113.282	3.494
2026-09-27T13:43:12.513Z	spark2	LOAD	115.154	1.682
2026-09-27T13:43:12.604Z	spark1	LOAD	113.279	3.494
2026-09-27T13:43:12.764Z	spark2	LOAD	115.149	1.682
2026-09-27T13:43:12.855Z	spark1	LOAD	113.279	3.494
2026-09-27T13:43:13.014Z	spark2	LOAD	115.142	1.682
2026-09-27T13:43:13.117Z	spark1	LOAD	113.282	3.494
2026-09-27T13:43:13.281Z	spark2	LOAD	115.158	1.682
2026-09-27T13:43:13.367Z	spark1	LOAD	113.273	3.494
2026-09-27T13:43:13.531Z	spark2	LOAD	115.158	1.682
2026-09-27T13:43:13.618Z	spark1	LOAD	113.273	3.494
2026-09-27T13:43:13.783Z	spark2	LOAD	115.158	1.682
2026-09-27T13:43:13.869Z	spark1	LOAD	113.273	3.494
2026-09-27T13:43:14.034Z	spark2	LOAD	115.156	1.682
2026-09-27T13:43:14.136Z	spark1	LOAD	113.278	3.494
2026-09-27T13:43:14.299Z	spark2	LOAD	115.156	1.682
2026-09-27T13:43:14.386Z	spark1	LOAD	113.275	3.494
2026-09-27T13:43:14.550Z	spark2	LOAD	115.156	1.682
2026-09-27T13:43:14.636Z	spark1	LOAD	113.275	3.494
2026-09-27T13:43:14.802Z	spark2	LOAD	115.156	1.682
2026-09-27T13:43:14.887Z	spark1	LOAD	113.275	3.494
2026-09-27T13:43:15.052Z	spark2	LOAD	115.156	1.682
2026-09-27T13:43:15.150Z	spark1	LOAD	113.276	3.494
2026-09-27T13:43:15.312Z	spark2	LOAD	115.158	1.682
2026-09-27T13:43:15.400Z	spark1	LOAD	113.276	3.494
2026-09-27T13:43:15.563Z	spark2	LOAD	115.158	1.682
2026-09-27T13:43:15.650Z	spark1	LOAD	113.260	3.494
2026-09-27T13:43:15.814Z	spark2	LOAD	115.158	1.682
2026-09-27T13:43:15.901Z	spark1	LOAD	113.255	3.494
2026-09-27T13:43:16.065Z	spark2	LOAD	115.158	1.682
2026-09-27T13:43:16.164Z	spark1	LOAD	113.261	3.494
2026-09-27T13:43:16.326Z	spark2	LOAD	115.158	1.682
2026-09-27T13:43:16.414Z	spark1	LOAD	113.254	3.494
2026-09-27T13:43:16.577Z	spark2	LOAD	115.158	1.682
2026-09-27T13:43:16.665Z	spark1	LOAD	113.254	3.494
2026-09-27T13:43:16.829Z	spark2	LOAD	115.158	1.682
2026-09-27T13:43:16.915Z	spark1	LOAD	113.266	3.494
2026-09-27T13:43:17.080Z	spark2	LOAD	115.159	1.682
2026-09-27T13:43:17.178Z	spark1	LOAD	113.250	3.494
2026-09-27T13:43:17.342Z	spark2	LOAD	115.159	1.682
2026-09-27T13:43:17.428Z	spark1	LOAD	113.250	3.494
2026-09-27T13:43:17.592Z	spark2	LOAD	115.159	1.682
2026-09-27T13:43:17.679Z	spark1	LOAD	113.250	3.494
2026-09-27T13:43:17.844Z	spark2	LOAD	115.159	1.682
2026-09-27T13:43:17.930Z	spark1	LOAD	113.255	3.494
2026-09-27T13:43:18.094Z	spark2	LOAD	115.161	1.682
2026-09-27T13:43:18.192Z	spark1	LOAD	113.264	3.494
2026-09-27T13:43:18.360Z	spark2	LOAD	115.161	1.682
2026-09-27T13:43:18.444Z	spark1	LOAD	113.264	3.494
2026-09-27T13:43:18.612Z	spark2	LOAD	115.161	1.682
2026-09-27T13:43:18.694Z	spark1	LOAD	113.257	3.494
2026-09-27T13:43:18.861Z	spark2	LOAD	115.161	1.682
2026-09-27T13:43:18.945Z	spark1	LOAD	113.270	3.494
2026-09-27T13:43:19.113Z	spark2	LOAD	115.161	1.682
2026-09-27T13:43:19.206Z	spark1	LOAD	113.267	3.494
2026-09-27T13:43:19.378Z	spark2	LOAD	115.162	1.682
2026-09-27T13:43:19.457Z	spark1	LOAD	113.275	3.494
2026-09-27T13:43:19.629Z	spark2	LOAD	115.162	1.682
2026-09-27T13:43:19.707Z	spark1	LOAD	113.275	3.494
2026-09-27T13:43:19.880Z	spark2	LOAD	115.162	1.682
2026-09-27T13:43:19.959Z	spark1	LOAD	113.284	3.494
2026-09-27T13:43:20.131Z	spark2	LOAD	115.163	1.682
2026-09-27T13:43:20.221Z	spark1	LOAD	113.284	3.494
2026-09-27T13:43:20.397Z	spark2	LOAD	115.163	1.682
2026-09-27T13:43:20.472Z	spark1	LOAD	113.280	3.494
2026-09-27T13:43:20.647Z	spark2	LOAD	115.163	1.682
2026-09-27T13:43:20.723Z	spark1	LOAD	113.281	3.494
2026-09-27T13:43:20.899Z	spark2	LOAD	115.164	1.682
2026-09-27T13:43:20.974Z	spark1	LOAD	113.299	3.494
2026-09-27T13:43:21.150Z	spark2	LOAD	115.165	1.682
2026-09-27T13:43:21.240Z	spark1	LOAD	113.300	3.494
2026-09-27T13:43:21.411Z	spark2	LOAD	115.165	1.682
2026-09-27T13:43:21.491Z	spark1	LOAD	113.302	3.494
2026-09-27T13:43:21.661Z	spark2	LOAD	115.165	1.682
2026-09-27T13:43:21.742Z	spark1	LOAD	113.301	3.494
2026-09-27T13:43:21.913Z	spark2	LOAD	115.166	1.682
2026-09-27T13:43:21.992Z	spark1	LOAD	113.317	3.494
2026-09-27T13:43:22.164Z	spark2	LOAD	115.166	1.682
2026-09-27T13:43:22.259Z	spark1	LOAD	113.317	3.494
2026-09-27T13:43:22.429Z	spark2	LOAD	115.166	1.682
2026-09-27T13:43:22.510Z	spark1	LOAD	113.317	3.494
2026-09-27T13:43:22.680Z	spark2	LOAD	115.166	1.682
2026-09-27T13:43:22.761Z	spark1	LOAD	113.317	3.494
2026-09-27T13:43:22.931Z	spark2	LOAD	115.166	1.682
2026-09-27T13:43:23.011Z	spark1	LOAD	113.332	3.494
2026-09-27T13:43:23.180Z	spark2	LOAD	115.166	1.682
2026-09-27T13:43:23.277Z	spark1	LOAD	113.300	3.494
2026-09-27T13:43:23.445Z	spark2	LOAD	114.900	1.682
2026-09-27T13:43:23.527Z	spark1	LOAD	112.923	3.494
2026-09-27T13:43:23.695Z	spark2	LOAD	114.554	1.682
2026-09-27T13:43:23.777Z	spark1	LOAD	112.663	3.494
2026-09-27T13:43:23.945Z	spark2	LOAD	114.255	1.682
2026-09-27T13:43:24.028Z	spark1	LOAD	112.422	3.494
2026-09-27T13:43:24.196Z	spark2	LOAD	114.015	1.682
2026-09-27T13:43:24.295Z	spark1	LOAD	112.174	3.494
2026-09-27T13:43:24.456Z	spark2	LOAD	113.808	1.682
2026-09-27T13:43:24.545Z	spark1	LOAD	111.992	3.494
2026-09-27T13:43:24.706Z	spark2	LOAD	113.621	1.682
2026-09-27T13:43:24.796Z	spark1	LOAD	111.748	3.494
2026-09-27T13:43:24.956Z	spark2	LOAD	113.423	1.682
2026-09-27T13:43:25.046Z	spark1	LOAD	111.572	3.494
2026-09-27T13:43:25.207Z	spark2	LOAD	112.766	1.682
2026-09-27T13:43:25.314Z	spark1	LOAD	110.928	3.494
2026-09-27T13:43:25.471Z	spark2	LOAD	112.531	1.682
2026-09-27T13:43:25.564Z	spark1	LOAD	110.678	3.494
2026-09-27T13:43:25.722Z	spark2	LOAD	112.323	1.682
2026-09-27T13:43:25.815Z	spark1	LOAD	110.448	3.494
2026-09-27T13:43:25.972Z	spark2	LOAD	112.127	1.682
2026-09-27T13:43:26.065Z	spark1	LOAD	110.212	3.494
2026-09-27T13:43:26.222Z	spark2	LOAD	111.874	1.682
2026-09-27T13:43:26.327Z	spark1	LOAD	109.978	3.494
2026-09-27T13:43:26.484Z	spark2	LOAD	111.630	1.682
2026-09-27T13:43:26.577Z	spark1	LOAD	109.744	3.494
2026-09-27T13:43:26.735Z	spark2	LOAD	111.236	1.682
2026-09-27T13:43:26.828Z	spark1	LOAD	109.451	3.494
2026-09-27T13:43:26.986Z	spark2	LOAD	111.209	1.682
2026-09-27T13:43:27.078Z	spark1	LOAD	109.070	3.494
2026-09-27T13:43:27.236Z	spark2	LOAD	109.149	1.682
2026-09-27T13:43:27.341Z	spark1	LOAD	104.333	3.494
2026-09-27T13:43:27.502Z	spark2	LOAD	102.909	1.682
2026-09-27T13:43:27.592Z	spark1	LOAD	98.283	3.494
2026-09-27T13:43:27.753Z	spark2	LOAD	96.938	1.682
2026-09-27T13:43:27.843Z	spark1	LOAD	91.519	3.494
2026-09-27T13:43:28.004Z	spark2	LOAD	90.895	1.682
2026-09-27T13:43:28.094Z	spark1	LOAD	84.656	3.494
2026-09-27T13:43:28.255Z	spark2	LOAD	84.861	1.682
2026-09-27T13:43:28.357Z	spark1	LOAD	77.507	3.494
2026-09-27T13:43:28.516Z	spark2	LOAD	78.428	1.682
2026-09-27T13:43:28.608Z	spark1	LOAD	70.529	3.494
2026-09-27T13:43:28.767Z	spark2	LOAD	72.307	1.682
2026-09-27T13:43:28.858Z	spark1	LOAD	63.724	3.494
2026-09-27T13:43:29.018Z	spark2	LOAD	66.003	1.682
2026-09-27T13:43:29.109Z	spark1	LOAD	56.978	3.494
2026-09-27T13:43:29.269Z	spark2	LOAD	59.761	1.682
2026-09-27T13:43:29.378Z	spark1	LOAD	49.522	3.494
2026-09-27T13:43:29.530Z	spark2	LOAD	53.406	1.682
2026-09-27T13:43:29.628Z	spark1	LOAD	42.937	3.494
2026-09-27T13:43:29.781Z	spark2	LOAD	47.102	1.682
2026-09-27T13:43:29.878Z	spark1	LOAD	36.033	3.494
2026-09-27T13:43:30.032Z	spark2	LOAD	40.837	1.682
2026-09-27T13:43:30.129Z	spark1	LOAD	28.941	3.494
2026-09-27T13:43:30.283Z	spark2	LOAD	34.596	1.682
2026-09-27T13:43:30.397Z	spark1	LOAD	21.605	3.494
2026-09-27T13:43:30.544Z	spark2	LOAD	28.201	1.682
2026-09-27T13:43:30.647Z	spark1	LOAD	18.671	3.494
2026-09-27T13:43:30.795Z	spark2	LOAD	21.916	1.682
2026-09-27T13:43:30.898Z	spark1	LOAD	18.303	3.494
2026-09-27T13:43:31.046Z	spark2	LOAD	20.458	1.682
2026-09-27T13:43:31.149Z	spark1	LOAD	18.128	3.493
2026-09-27T13:43:31.297Z	spark2	LOAD	20.189	1.682
2026-09-27T13:43:31.418Z	spark1	LOAD	18.105	3.493
2026-09-27T13:43:31.558Z	spark2	LOAD	19.842	1.682
2026-09-27T13:43:31.668Z	spark1	LOAD	18.061	3.493
2026-09-27T13:43:31.809Z	spark2	LOAD	19.689	1.682
2026-09-27T13:43:31.919Z	spark1	LOAD	18.035	3.493
2026-09-27T13:43:32.060Z	spark2	LOAD	19.537	1.682
2026-09-27T13:43:32.169Z	spark1	LOAD	18.008	3.493
2026-09-27T13:43:32.311Z	spark2	LOAD	19.392	1.682
2026-09-27T13:43:32.432Z	spark1	LOAD	17.978	3.493
2026-09-27T13:43:32.571Z	spark2	LOAD	19.230	1.682
2026-09-27T13:43:32.682Z	spark1	LOAD	17.950	3.493
2026-09-27T13:43:32.821Z	spark2	LOAD	19.077	1.682
2026-09-27T13:43:32.932Z	spark1	LOAD	17.924	3.493
2026-09-27T13:43:33.072Z	spark2	LOAD	18.923	1.682
2026-09-27T13:43:33.183Z	spark1	LOAD	17.895	3.493
2026-09-27T13:43:33.323Z	spark2	LOAD	18.770	1.682
2026-09-27T13:43:33.451Z	spark1	LOAD	17.865	3.493
2026-09-27T13:43:33.583Z	spark2	LOAD	18.635	1.682
2026-09-27T13:43:33.701Z	spark1	LOAD	17.835	3.493
2026-09-27T13:43:33.834Z	spark2	LOAD	18.510	1.682
2026-09-27T13:43:33.952Z	spark1	LOAD	17.807	3.493
2026-09-27T13:43:34.084Z	spark2	LOAD	18.376	1.682
2026-09-27T13:43:34.202Z	spark1	LOAD	17.762	3.493
2026-09-27T13:43:34.334Z	spark2	LOAD	18.248	1.682
2026-09-27T13:43:34.471Z	spark1	LOAD	17.726	3.493
2026-09-27T13:43:34.600Z	spark2	LOAD	18.093	1.682
2026-09-27T13:43:34.721Z	spark1	LOAD	17.698	3.493
2026-09-27T13:43:34.850Z	spark2	LOAD	17.888	1.682
2026-09-27T13:43:34.972Z	spark1	LOAD	17.648	3.493
2026-09-27T13:43:35.100Z	spark2	LOAD	17.773	1.682
2026-09-27T13:43:35.222Z	spark1	LOAD	17.621	3.493
2026-09-27T13:43:35.350Z	spark2	LOAD	17.774	1.682
2026-09-27T13:43:35.485Z	spark1	LOAD	17.592	3.493
2026-09-27T13:43:35.611Z	spark2	LOAD	18.924	1.682
2026-09-27T13:43:35.735Z	spark1	LOAD	17.569	3.493
2026-09-27T13:43:35.861Z	spark2	LOAD	19.760	1.682
2026-09-27T13:43:35.985Z	spark1	LOAD	17.543	3.493
2026-09-27T13:43:36.112Z	spark2	LOAD	19.730	1.682
2026-09-27T13:43:36.236Z	spark1	LOAD	17.515	3.493
2026-09-27T13:43:36.362Z	spark2	LOAD	19.692	1.682
2026-09-27T13:43:36.502Z	spark1	LOAD	17.492	3.493
2026-09-27T13:43:36.622Z	spark2	LOAD	19.650	1.682
2026-09-27T13:43:36.753Z	spark1	LOAD	17.467	3.493
2026-09-27T13:43:36.873Z	spark2	LOAD	19.611	1.682
2026-09-27T13:43:37.003Z	spark1	LOAD	17.442	3.493
2026-09-27T13:43:37.124Z	spark2	LOAD	19.574	1.682
2026-09-27T13:43:37.253Z	spark1	LOAD	17.418	3.493
2026-09-27T13:43:37.375Z	spark2	LOAD	19.534	1.682
2026-09-27T13:43:37.520Z	spark1	LOAD	17.390	3.493
2026-09-27T13:43:37.635Z	spark2	LOAD	19.381	1.682
2026-09-27T13:43:37.770Z	spark1	LOAD	17.349	3.493
2026-09-27T13:43:37.885Z	spark2	LOAD	19.233	1.682
2026-09-27T13:43:38.021Z	spark1	LOAD	17.325	3.493
2026-09-27T13:43:38.136Z	spark2	LOAD	19.087	1.682
2026-09-27T13:43:38.272Z	spark1	LOAD	17.304	3.493
2026-09-27T13:43:38.387Z	spark2	LOAD	18.938	1.682
2026-09-27T13:43:38.540Z	spark1	LOAD	17.273	3.493
2026-09-27T13:43:38.647Z	spark2	LOAD	18.771	1.682
2026-09-27T13:43:38.790Z	spark1	LOAD	17.247	3.493
2026-09-27T13:43:38.898Z	spark2	LOAD	18.595	1.682
2026-09-27T13:43:39.040Z	spark1	LOAD	17.219	3.493
2026-09-27T13:43:39.148Z	spark2	LOAD	18.424	1.682
2026-09-27T13:43:39.291Z	spark1	LOAD	17.191	3.493
2026-09-27T13:43:39.399Z	spark2	LOAD	18.326	1.682
2026-09-27T13:43:39.558Z	spark1	LOAD	17.161	3.493
2026-09-27T13:43:39.663Z	spark2	LOAD	18.165	1.682
2026-09-27T13:43:39.808Z	spark1	LOAD	17.125	3.493
2026-09-27T13:43:39.913Z	spark2	LOAD	18.331	1.682
2026-09-27T13:43:40.059Z	spark1	LOAD	17.109	3.493
2026-09-27T13:43:40.163Z	spark2	LOAD	19.786	1.682
2026-09-27T13:43:40.309Z	spark1	LOAD	17.081	3.493
2026-09-27T13:43:40.414Z	spark2	LOAD	19.793	1.682
2026-09-27T13:43:40.578Z	spark1	LOAD	17.054	3.493
2026-09-27T13:43:40.678Z	spark2	LOAD	19.810	1.682
2026-09-27T13:43:40.829Z	spark1	LOAD	17.025	3.493
2026-09-27T13:43:40.929Z	spark2	LOAD	19.834	1.682
2026-09-27T13:43:41.079Z	spark1	LOAD	16.997	3.493
2026-09-27T13:43:41.179Z	spark2	LOAD	19.851	1.682
2026-09-27T13:43:41.329Z	spark1	LOAD	16.968	3.493
2026-09-27T13:43:41.429Z	spark2	LOAD	19.866	1.682
2026-09-27T13:43:41.590Z	spark1	LOAD	16.935	3.493
2026-09-27T13:43:41.690Z	spark2	LOAD	19.890	1.682
2026-09-27T13:43:41.840Z	spark1	LOAD	16.905	3.493
2026-09-27T13:43:41.940Z	spark2	LOAD	19.904	1.682
2026-09-27T13:43:42.091Z	spark1	LOAD	16.884	3.493
2026-09-27T13:43:42.191Z	spark2	LOAD	19.913	1.682
2026-09-27T13:43:42.341Z	spark1	LOAD	16.859	3.493
2026-09-27T13:43:42.441Z	spark2	LOAD	19.781	1.682
2026-09-27T13:43:42.607Z	spark1	LOAD	16.828	3.493
2026-09-27T13:43:42.703Z	spark2	LOAD	19.677	1.682
2026-09-27T13:43:42.858Z	spark1	LOAD	16.801	3.493
2026-09-27T13:43:42.953Z	spark2	LOAD	19.390	1.682
2026-09-27T13:43:43.109Z	spark1	LOAD	16.775	3.493
2026-09-27T13:43:43.204Z	spark2	LOAD	19.293	1.682
2026-09-27T13:43:43.359Z	spark1	LOAD	16.749	3.493
2026-09-27T13:43:43.455Z	spark2	LOAD	19.421	1.682
2026-09-27T13:43:43.626Z	spark1	LOAD	16.716	3.493
2026-09-27T13:43:43.722Z	spark2	LOAD	19.527	1.682
2026-09-27T13:43:43.876Z	spark1	LOAD	16.689	3.493
2026-09-27T13:43:43.972Z	spark2	LOAD	19.411	1.682
2026-09-27T13:43:44.127Z	spark1	LOAD	16.663	3.493
2026-09-27T13:43:44.223Z	spark2	LOAD	19.302	1.682
2026-09-27T13:43:44.377Z	spark1	LOAD	16.636	3.493
2026-09-27T13:43:44.473Z	spark2	LOAD	19.565	1.682
2026-09-27T13:43:44.644Z	spark1	LOAD	16.606	3.493
2026-09-27T13:43:44.738Z	spark2	LOAD	19.606	1.682
2026-09-27T13:43:44.894Z	spark1	LOAD	16.578	3.493
2026-09-27T13:43:44.988Z	spark2	LOAD	19.487	1.682
2026-09-27T13:43:45.144Z	spark1	LOAD	16.548	3.493
2026-09-27T13:43:45.239Z	spark2	LOAD	19.379	1.682
2026-09-27T13:43:45.395Z	spark1	LOAD	16.514	3.493
2026-09-27T13:43:45.489Z	spark2	LOAD	19.004	1.682
2026-09-27T13:43:45.660Z	spark1	LOAD	16.486	3.493
2026-09-27T13:43:45.751Z	spark2	LOAD	19.163	1.682
2026-09-27T13:43:45.911Z	spark1	LOAD	16.460	3.493
2026-09-27T13:43:46.001Z	spark2	LOAD	19.049	1.682
2026-09-27T13:43:46.161Z	spark1	LOAD	16.432	3.493
2026-09-27T13:43:46.252Z	spark2	LOAD	18.963	1.682
2026-09-27T13:43:46.412Z	spark1	LOAD	16.398	3.493
2026-09-27T13:43:46.502Z	spark2	LOAD	18.866	1.682
2026-09-27T13:43:46.678Z	spark1	LOAD	16.364	3.493
2026-09-27T13:43:46.761Z	spark2	LOAD	18.744	1.682
2026-09-27T13:43:46.929Z	spark1	LOAD	16.339	3.493
2026-09-27T13:43:47.012Z	spark2	LOAD	18.534	1.682
2026-09-27T13:43:47.178Z	spark1	LOAD	16.310	3.493
2026-09-27T13:43:47.262Z	spark2	LOAD	18.125	1.682
2026-09-27T13:43:47.429Z	spark1	LOAD	16.283	3.493
2026-09-27T13:43:47.512Z	spark2	LOAD	18.515	1.682
2026-09-27T13:43:47.696Z	spark1	LOAD	16.253	3.493
2026-09-27T13:43:47.774Z	spark2	LOAD	17.933	1.682
2026-09-27T13:43:47.947Z	spark1	LOAD	16.228	3.493
2026-09-27T13:43:48.024Z	spark2	LOAD	17.816	1.682
2026-09-27T13:43:48.197Z	spark1	LOAD	16.218	3.493
2026-09-27T13:43:48.274Z	spark2	LOAD	18.483	1.682
2026-09-27T13:43:48.447Z	spark1	LOAD	16.191	3.493
2026-09-27T13:43:48.525Z	spark2	LOAD	20.364	1.682
2026-09-27T13:43:48.714Z	spark1	LOAD	16.222	3.493
2026-09-27T13:43:48.790Z	spark2	LOAD	20.582	1.682
2026-09-27T13:43:48.964Z	spark1	LOAD	16.232	3.493
2026-09-27T13:43:49.040Z	spark2	LOAD	20.576	1.682
2026-09-27T13:43:49.215Z	spark1	LOAD	16.900	3.493
2026-09-27T13:43:49.291Z	spark2	LOAD	20.489	1.682
2026-09-27T13:43:49.465Z	spark1	LOAD	18.727	3.493
2026-09-27T13:43:49.541Z	spark2	LOAD	20.366	1.682
2026-09-27T13:43:49.727Z	spark1	LOAD	18.596	3.493
2026-09-27T13:43:49.801Z	spark2	LOAD	20.244	1.682
2026-09-27T13:43:49.978Z	spark1	LOAD	18.483	3.493
2026-09-27T13:43:50.051Z	spark2	LOAD	20.126	1.682
2026-09-27T13:43:50.228Z	spark1	LOAD	18.332	3.493
2026-09-27T13:43:50.302Z	spark2	LOAD	19.999	1.682
2026-09-27T13:43:50.478Z	spark1	LOAD	18.205	3.493
2026-09-27T13:43:50.551Z	spark2	LOAD	19.401	1.682
2026-09-27T13:43:50.745Z	spark1	LOAD	18.054	3.493
2026-09-27T13:43:50.816Z	spark2	LOAD	19.796	1.682
2026-09-27T13:43:50.996Z	spark1	LOAD	17.923	3.493
2026-09-27T13:43:51.067Z	spark2	LOAD	19.701	1.682
2026-09-27T13:43:51.246Z	spark1	LOAD	17.804	3.493
2026-09-27T13:43:51.317Z	spark2	LOAD	19.605	1.682
2026-09-27T13:43:51.496Z	spark1	LOAD	17.665	3.493
2026-09-27T13:43:51.567Z	spark2	LOAD	19.511	1.682
2026-09-27T13:43:51.763Z	spark1	LOAD	17.517	3.493
2026-09-27T13:43:51.831Z	spark2	LOAD	19.596	1.822
2026-09-27T13:43:52.013Z	spark1	LOAD	17.376	3.493
2026-09-27T13:43:52.082Z	spark2	LOAD	19.608	1.908
2026-09-27T13:43:52.264Z	spark1	LOAD	17.205	3.493
2026-09-27T13:43:52.332Z	spark2	LOAD	19.668	2.045
2026-09-27T13:43:52.514Z	spark1	LOAD	17.053	3.493
2026-09-27T13:43:52.583Z	spark2	LOAD	19.880	2.313
2026-09-27T13:43:52.781Z	spark1	LOAD	16.892	3.493
2026-09-27T13:43:52.845Z	spark2	LOAD	20.020	2.536
2026-09-27T13:43:53.031Z	spark1	LOAD	16.742	3.493
2026-09-27T13:43:53.095Z	spark2	LOAD	20.060	2.710
2026-09-27T13:43:53.282Z	spark1	LOAD	16.613	3.493
2026-09-27T13:43:53.346Z	spark2	LOAD	19.796	2.832
2026-09-27T13:43:53.532Z	spark1	LOAD	16.500	3.493
2026-09-27T13:43:53.596Z	spark2	LOAD	19.843	2.950
2026-09-27T13:43:53.799Z	spark1	LOAD	16.330	3.493
2026-09-27T13:43:53.858Z	spark2	LOAD	20.223	3.095
2026-09-27T13:43:54.049Z	spark1	LOAD	18.092	3.493
2026-09-27T13:43:54.108Z	spark2	LOAD	20.206	3.219
2026-09-27T13:43:54.300Z	spark1	LOAD	18.142	3.493
2026-09-27T13:43:54.358Z	spark2	LOAD	19.833	3.219
2026-09-27T13:43:54.550Z	spark1	LOAD	18.195	3.493
2026-09-27T13:43:54.608Z	spark2	LOAD	19.878	3.310
2026-09-27T13:43:54.811Z	spark1	LOAD	18.219	3.493
2026-09-27T13:43:54.873Z	spark2	LOAD	20.424	3.449
2026-09-27T13:43:55.062Z	spark1	LOAD	18.243	3.493
2026-09-27T13:43:55.123Z	spark2	LOAD	19.913	3.476
2026-09-27T13:43:55.312Z	spark1	LOAD	18.261	3.493
2026-09-27T13:43:55.374Z	spark2	LOAD	20.045	3.627
2026-09-27T13:43:55.562Z	spark1	LOAD	18.275	3.493
2026-09-27T13:43:55.624Z	spark2	LOAD	20.453	3.729
2026-09-27T13:43:55.823Z	spark1	LOAD	18.288	3.493
2026-09-27T13:43:55.885Z	spark2	LOAD	20.548	3.808
2026-09-27T13:43:56.073Z	spark1	LOAD	18.285	3.493
2026-09-27T13:43:56.136Z	spark2	LOAD	20.677	3.838
2026-09-27T13:43:56.323Z	spark1	LOAD	18.272	3.493
2026-09-27T13:43:56.386Z	spark2	LOAD	22.351	3.838
2026-09-27T13:43:56.574Z	spark1	LOAD	18.244	3.493
2026-09-27T13:43:56.637Z	spark2	LOAD	22.874	3.838
2026-09-27T13:43:56.840Z	spark1	LOAD	18.217	3.493
2026-09-27T13:43:56.902Z	spark2	LOAD	22.676	3.838
2026-09-27T13:43:57.090Z	spark1	LOAD	18.204	3.493
2026-09-27T13:43:57.153Z	spark2	LOAD	22.502	3.838
2026-09-27T13:43:57.341Z	spark1	LOAD	18.159	3.493
2026-09-27T13:43:57.402Z	spark2	LOAD	22.387	3.838
2026-09-27T13:43:57.591Z	spark1	LOAD	18.140	3.493
2026-09-27T13:43:57.653Z	spark2	LOAD	22.241	3.838
2026-09-27T13:43:57.857Z	spark1	LOAD	18.117	3.493
2026-09-27T13:43:57.913Z	spark2	LOAD	22.121	3.838
2026-09-27T13:43:58.107Z	spark1	LOAD	18.114	3.493
2026-09-27T13:43:58.164Z	spark2	LOAD	22.050	3.876
2026-09-27T13:43:58.357Z	spark1	LOAD	18.073	3.493
2026-09-27T13:43:58.413Z	spark2	LOAD	21.504	3.876
2026-09-27T13:43:58.608Z	spark1	LOAD	18.053	3.493
2026-09-27T13:43:58.664Z	spark2	LOAD	21.374	3.876
2026-09-27T13:43:58.875Z	spark1	LOAD	18.294	3.493
2026-09-27T13:43:58.925Z	spark2	LOAD	21.306	3.876
2026-09-27T13:43:59.125Z	spark1	LOAD	18.264	3.493
2026-09-27T13:43:59.175Z	spark2	LOAD	21.596	3.876
2026-09-27T13:43:59.375Z	spark1	LOAD	18.233	3.493
2026-09-27T13:43:59.425Z	spark2	LOAD	21.494	3.876
2026-09-27T13:43:59.626Z	spark1	LOAD	18.200	3.493
2026-09-27T13:43:59.676Z	spark2	LOAD	21.406	3.876
2026-09-27T13:43:59.892Z	spark1	LOAD	18.172	3.493
2026-09-27T13:43:59.937Z	spark2	LOAD	21.303	3.876
2026-09-27T13:44:00.142Z	spark1	LOAD	18.141	3.493
2026-09-27T13:44:00.187Z	spark2	LOAD	21.312	3.969
2026-09-27T13:44:00.392Z	spark1	LOAD	18.110	3.493
2026-09-27T13:44:00.437Z	spark2	LOAD	21.337	4.045
2026-09-27T13:44:00.643Z	spark1	LOAD	18.056	3.493
2026-09-27T13:44:00.688Z	spark2	LOAD	21.184	4.049
2026-09-27T13:44:00.909Z	spark1	LOAD	18.023	3.493
2026-09-27T13:44:00.955Z	spark2	LOAD	20.890	4.049
2026-09-27T13:44:01.159Z	spark1	LOAD	17.990	3.493
2026-09-27T13:44:01.205Z	spark2	LOAD	21.181	4.050
2026-09-27T13:44:01.409Z	spark1	LOAD	17.959	3.493
2026-09-27T13:44:01.455Z	spark2	LOAD	21.005	4.050
2026-09-27T13:44:01.660Z	spark1	LOAD	17.928	3.493
2026-09-27T13:44:01.706Z	spark2	LOAD	20.901	4.050
2026-09-27T13:44:01.926Z	spark1	LOAD	17.901	3.493
2026-09-27T13:44:01.972Z	spark2	LOAD	20.842	4.057
2026-09-27T13:44:02.176Z	spark1	LOAD	17.864	3.493
2026-09-27T13:44:02.222Z	spark2	LOAD	21.309	4.062
2026-09-27T13:44:02.426Z	spark1	LOAD	17.832	3.493
2026-09-27T13:44:02.473Z	spark2	LOAD	20.876	4.081
2026-09-27T13:44:02.677Z	spark1	LOAD	17.778	3.493
2026-09-27T13:44:02.723Z	spark2	LOAD	20.831	4.081
2026-09-27T13:44:02.944Z	spark1	LOAD	17.753	3.493
2026-09-27T13:44:02.985Z	spark2	LOAD	20.830	4.082
2026-09-27T13:44:03.194Z	spark1	LOAD	17.725	3.493
2026-09-27T13:44:03.235Z	spark2	LOAD	21.069	4.082
2026-09-27T13:44:03.444Z	spark1	LOAD	17.698	3.493
2026-09-27T13:44:03.485Z	spark2	LOAD	21.240	4.089
2026-09-27T13:44:03.694Z	spark1	LOAD	17.642	3.493
2026-09-27T13:44:03.736Z	spark2	LOAD	21.135	4.089
2026-09-27T13:44:03.960Z	spark1	LOAD	17.630	3.493
2026-09-27T13:44:04.000Z	spark2	LOAD	21.032	4.089
2026-09-27T13:44:04.210Z	spark1	LOAD	17.608	3.493
2026-09-27T13:44:04.252Z	spark2	LOAD	20.925	4.089
2026-09-27T13:44:04.461Z	spark1	LOAD	17.592	3.493
2026-09-27T13:44:04.501Z	spark2	LOAD	20.785	4.089
2026-09-27T13:44:04.711Z	spark1	LOAD	17.562	3.493
2026-09-27T13:44:04.751Z	spark2	LOAD	20.676	4.089
2026-09-27T13:44:04.972Z	spark1	LOAD	17.553	3.493
2026-09-27T13:44:05.012Z	spark2	LOAD	20.558	4.089
2026-09-27T13:44:05.223Z	spark1	LOAD	17.533	3.493
2026-09-27T13:44:05.263Z	spark2	LOAD	20.459	4.090
2026-09-27T13:44:05.473Z	spark1	LOAD	17.970	3.493
2026-09-27T13:44:05.513Z	spark2	LOAD	20.590	4.083
2026-09-27T13:44:05.723Z	spark1	LOAD	17.939	3.493
2026-09-27T13:44:05.764Z	spark2	LOAD	22.663	4.066
2026-09-27T13:44:05.990Z	spark1	LOAD	17.905	3.493
2026-09-27T13:44:06.029Z	spark2	LOAD	22.894	4.066
2026-09-27T13:44:06.240Z	spark1	LOAD	17.874	3.493
2026-09-27T13:44:06.279Z	spark2	LOAD	22.864	4.066
2026-09-27T13:44:06.490Z	spark1	LOAD	18.427	3.493
2026-09-27T13:44:06.530Z	spark2	LOAD	22.837	4.066
2026-09-27T13:44:06.741Z	spark1	LOAD	18.398	3.493
2026-09-27T13:44:06.780Z	spark2	LOAD	22.753	4.060
2026-09-27T13:44:07.003Z	spark1	LOAD	18.366	3.493
2026-09-27T13:44:07.045Z	spark2	LOAD	22.635	4.060
2026-09-27T13:44:07.253Z	spark1	LOAD	18.337	3.493
2026-09-27T13:44:07.295Z	spark2	LOAD	22.531	4.060
2026-09-27T13:44:07.503Z	spark1	LOAD	18.247	3.493
2026-09-27T13:44:07.545Z	spark2	LOAD	22.410	4.060
2026-09-27T13:44:07.754Z	spark1	LOAD	18.215	3.493
2026-09-27T13:44:07.795Z	spark2	LOAD	22.232	4.060
2026-09-27T13:44:08.019Z	spark1	LOAD	18.181	3.493
2026-09-27T13:44:08.056Z	spark2	LOAD	22.082	4.060
2026-09-27T13:44:08.270Z	spark1	LOAD	18.151	3.493
2026-09-27T13:44:08.307Z	spark2	LOAD	22.093	4.060
2026-09-27T13:44:08.520Z	spark1	LOAD	18.105	3.493
2026-09-27T13:44:08.557Z	spark2	LOAD	21.991	4.060
2026-09-27T13:44:08.770Z	spark1	LOAD	18.060	3.493
2026-09-27T13:44:08.807Z	spark2	LOAD	21.875	4.061
2026-09-27T13:44:09.037Z	spark1	LOAD	18.092	3.493
2026-09-27T13:44:09.073Z	spark2	LOAD	21.801	4.061
2026-09-27T13:44:09.288Z	spark1	LOAD	18.050	3.493
2026-09-27T13:44:09.322Z	spark2	LOAD	21.236	4.061
2026-09-27T13:44:09.538Z	spark1	LOAD	17.903	3.493
2026-09-27T13:44:09.573Z	spark2	LOAD	21.583	4.061
2026-09-27T13:44:09.789Z	spark1	LOAD	17.434	3.493
2026-09-27T13:44:09.823Z	spark2	LOAD	21.283	4.062
2026-09-27T13:44:10.057Z	spark1	LOAD	17.404	3.493
2026-09-27T13:44:10.083Z	spark2	LOAD	21.101	4.062
2026-09-27T13:44:10.308Z	spark1	LOAD	17.922	3.493
2026-09-27T13:44:10.334Z	spark2	LOAD	21.251	4.062
2026-09-27T13:44:10.558Z	spark1	LOAD	17.892	3.493
2026-09-27T13:44:10.584Z	spark2	LOAD	20.698	4.062
2026-09-27T13:44:10.808Z	spark1	LOAD	17.657	3.493
2026-09-27T13:44:10.833Z	spark2	LOAD	21.013	4.062
2026-09-27T13:44:11.077Z	spark1	LOAD	17.632	3.493
2026-09-27T13:44:11.094Z	spark2	LOAD	20.891	4.062
2026-09-27T13:44:11.327Z	spark1	LOAD	17.608	3.493
2026-09-27T13:44:11.345Z	spark2	LOAD	20.771	4.062
2026-09-27T13:44:11.578Z	spark1	LOAD	17.740	3.493
2026-09-27T13:44:11.595Z	spark2	LOAD	20.643	4.062
2026-09-27T13:44:11.829Z	spark1	LOAD	17.163	3.493
2026-09-27T13:44:11.845Z	spark2	LOAD	20.566	4.062
2026-09-27T13:44:12.091Z	spark1	LOAD	17.270	3.621
2026-09-27T13:44:12.110Z	spark2	LOAD	21.848	4.062
2026-09-27T13:44:12.341Z	spark1	LOAD	17.801	3.621
2026-09-27T13:44:12.361Z	spark2	LOAD	23.084	4.062
2026-09-27T13:44:12.591Z	spark1	LOAD	17.867	3.718
2026-09-27T13:44:12.611Z	spark2	LOAD	23.053	4.062
2026-09-27T13:44:12.842Z	spark1	LOAD	17.838	3.746
2026-09-27T13:44:12.861Z	spark2	LOAD	22.957	4.062
2026-09-27T13:44:13.103Z	spark1	LOAD	17.883	3.835
2026-09-27T13:44:13.122Z	spark2	LOAD	22.837	4.062
2026-09-27T13:44:13.354Z	spark1	LOAD	17.912	3.880
2026-09-27T13:44:13.372Z	spark2	LOAD	22.651	4.062
2026-09-27T13:44:13.604Z	spark1	LOAD	17.884	3.880
2026-09-27T13:44:13.623Z	spark2	LOAD	22.512	4.062
2026-09-27T13:44:13.855Z	spark1	LOAD	17.983	4.007
2026-09-27T13:44:13.872Z	spark2	LOAD	22.391	4.062
2026-09-27T13:44:14.117Z	spark1	LOAD	17.953	4.005
2026-09-27T13:44:14.132Z	spark2	LOAD	22.268	4.062
2026-09-27T13:44:14.367Z	spark1	LOAD	18.010	4.095
2026-09-27T13:44:14.383Z	spark2	LOAD	22.151	4.062
2026-09-27T13:44:14.618Z	spark1	LOAD	18.196	4.306
2026-09-27T13:44:14.633Z	spark2	LOAD	22.064	4.062
2026-09-27T13:44:14.868Z	spark1	LOAD	18.289	4.437
2026-09-27T13:44:14.883Z	spark2	LOAD	21.925	4.062
2026-09-27T13:44:15.136Z	spark1	LOAD	18.348	4.518
2026-09-27T13:44:15.148Z	spark2	LOAD	21.799	4.062
2026-09-27T13:44:15.386Z	spark1	LOAD	18.319	4.518
2026-09-27T13:44:15.398Z	spark2	LOAD	21.694	4.062
2026-09-27T13:44:15.636Z	spark1	LOAD	18.284	4.518
2026-09-27T13:44:15.649Z	spark2	LOAD	21.569	4.062
2026-09-27T13:44:15.887Z	spark1	LOAD	18.388	4.646
2026-09-27T13:44:15.899Z	spark2	LOAD	21.450	4.062
2026-09-27T13:44:16.154Z	spark1	LOAD	18.355	4.646
2026-09-27T13:44:16.159Z	spark2	LOAD	21.344	4.062
2026-09-27T13:44:16.404Z	spark1	LOAD	18.388	4.710
2026-09-27T13:44:16.409Z	spark2	LOAD	21.212	4.062
2026-09-27T13:44:16.655Z	spark1	LOAD	18.421	4.775
2026-09-27T13:44:16.660Z	spark2	LOAD	21.107	4.062
2026-09-27T13:44:16.905Z	spark1	LOAD	18.358	4.775
2026-09-27T13:44:16.910Z	spark2	LOAD	20.998	4.062
2026-09-27T13:44:17.167Z	spark1	LOAD	18.475	4.903
2026-09-27T13:44:17.175Z	spark2	LOAD	20.938	4.090
2026-09-27T13:44:17.417Z	spark1	LOAD	18.450	4.903
2026-09-27T13:44:17.425Z	spark2	LOAD	20.929	4.138
2026-09-27T13:44:17.668Z	spark1	LOAD	18.425	4.903
2026-09-27T13:44:17.676Z	spark2	LOAD	20.932	4.182
2026-09-27T13:44:17.918Z	spark1	LOAD	18.539	5.039
2026-09-27T13:44:17.926Z	spark2	LOAD	20.865	4.197
2026-09-27T13:44:18.184Z	spark1	LOAD	18.505	5.039
2026-09-27T13:44:18.186Z	spark2	LOAD	20.796	4.199
2026-09-27T13:44:18.434Z	spark1	LOAD	18.573	5.147
2026-09-27T13:44:18.436Z	spark2	LOAD	20.718	4.199
2026-09-27T13:44:18.685Z	spark1	LOAD	18.538	5.165
2026-09-27T13:44:18.687Z	spark2	LOAD	20.607	4.199
2026-09-27T13:44:18.935Z	spark1	LOAD	18.504	5.165
2026-09-27T13:44:18.937Z	spark2	LOAD	21.032	4.189
2026-09-27T13:44:19.196Z	spark1	LOAD	18.605	5.291
2026-09-27T13:44:19.203Z	spark2	LOAD	23.101	4.161
2026-09-27T13:44:19.447Z	spark1	LOAD	18.548	5.291
2026-09-27T13:44:19.453Z	spark2	LOAD	23.022	4.161
2026-09-27T13:44:19.697Z	spark1	LOAD	18.595	5.365
2026-09-27T13:44:19.703Z	spark2	LOAD	22.915	4.161
2026-09-27T13:44:19.947Z	spark1	LOAD	18.615	5.416
2026-09-27T13:44:19.954Z	spark2	LOAD	22.823	4.161
2026-09-27T13:44:20.214Z	spark1	LOAD	18.639	5.444
2026-09-27T13:44:20.214Z	spark2	LOAD	22.722	4.161
2026-09-27T13:44:20.464Z	spark1	LOAD	18.703	5.543
2026-09-27T13:44:20.464Z	spark2	LOAD	22.618	4.161
2026-09-27T13:44:20.715Z	spark1	LOAD	18.669	5.543
2026-09-27T13:44:20.715Z	spark2	LOAD	22.533	4.161
2026-09-27T13:44:20.965Z	spark1	LOAD	18.631	5.543
2026-09-27T13:44:20.965Z	spark2	LOAD	22.435	4.161
2026-09-27T13:44:21.230Z	spark2	LOAD	22.318	4.161
2026-09-27T13:44:21.232Z	spark1	LOAD	20.046	5.543
2026-09-27T13:44:21.480Z	spark2	LOAD	22.225	4.161
2026-09-27T13:44:21.482Z	spark1	LOAD	21.364	5.543
2026-09-27T13:44:21.730Z	spark2	LOAD	22.137	4.161
2026-09-27T13:44:21.733Z	spark1	LOAD	21.472	5.543
2026-09-27T13:44:21.981Z	spark2	LOAD	22.160	4.161
2026-09-27T13:44:21.983Z	spark1	LOAD	21.442	5.543
2026-09-27T13:44:22.246Z	spark2	LOAD	22.066	4.161
2026-09-27T13:44:22.249Z	spark1	LOAD	21.410	5.543
2026-09-27T13:44:22.496Z	spark2	LOAD	21.960	4.161
2026-09-27T13:44:22.499Z	spark1	LOAD	21.387	5.543
2026-09-27T13:44:22.747Z	spark2	LOAD	21.858	4.161
2026-09-27T13:44:22.749Z	spark1	LOAD	21.364	5.543
2026-09-27T13:44:22.997Z	spark2	LOAD	21.772	4.162
2026-09-27T13:44:23.000Z	spark1	LOAD	21.334	5.543
2026-09-27T13:44:23.262Z	spark2	LOAD	21.221	4.162
2026-09-27T13:44:23.267Z	spark1	LOAD	21.289	5.543
2026-09-27T13:44:23.513Z	spark2	LOAD	21.561	4.164
2026-09-27T13:44:23.517Z	spark1	LOAD	21.258	5.543
2026-09-27T13:44:23.763Z	spark2	LOAD	21.006	4.164
2026-09-27T13:44:23.767Z	spark1	LOAD	21.233	5.543
2026-09-27T13:44:24.013Z	spark2	LOAD	21.346	4.163
2026-09-27T13:44:24.017Z	spark1	LOAD	21.203	5.543
2026-09-27T13:44:24.279Z	spark2	LOAD	21.230	4.163
2026-09-27T13:44:24.285Z	spark1	LOAD	21.167	5.543
2026-09-27T13:44:24.529Z	spark2	LOAD	21.086	4.163
2026-09-27T13:44:24.536Z	spark1	LOAD	21.136	5.543
2026-09-27T13:44:24.779Z	spark2	LOAD	20.999	4.163
2026-09-27T13:44:24.786Z	spark1	LOAD	21.108	5.543
2026-09-27T13:44:25.029Z	spark2	LOAD	20.883	4.163
2026-09-27T13:44:25.037Z	spark1	LOAD	21.078	5.543
2026-09-27T13:44:25.290Z	spark2	LOAD	20.752	4.163
2026-09-27T13:44:25.303Z	spark1	LOAD	21.009	5.543
2026-09-27T13:44:25.541Z	spark2	LOAD	20.631	4.163
2026-09-27T13:44:25.554Z	spark1	LOAD	20.981	5.543
2026-09-27T13:44:25.791Z	spark2	LOAD	20.533	4.163
2026-09-27T13:44:25.804Z	spark1	LOAD	20.954	5.543
2026-09-27T13:44:26.042Z	spark2	LOAD	20.514	4.163
2026-09-27T13:44:26.055Z	spark1	LOAD	20.926	5.543
2026-09-27T13:44:26.307Z	spark2	LOAD	22.212	4.163
2026-09-27T13:44:26.317Z	spark1	LOAD	20.898	5.543
2026-09-27T13:44:26.558Z	spark2	LOAD	22.851	4.163
2026-09-27T13:44:26.567Z	spark1	LOAD	20.859	5.543
2026-09-27T13:44:26.807Z	spark2	LOAD	22.776	4.163
2026-09-27T13:44:26.817Z	spark1	LOAD	20.825	5.543
2026-09-27T13:44:27.058Z	spark2	LOAD	22.685	4.163
2026-09-27T13:44:27.068Z	spark1	LOAD	20.790	5.543
2026-09-27T13:44:27.318Z	spark2	LOAD	22.655	4.163
2026-09-27T13:44:27.329Z	spark1	LOAD	20.730	5.543
2026-09-27T13:44:27.569Z	spark2	LOAD	22.617	4.163
2026-09-27T13:44:27.580Z	spark1	LOAD	20.699	5.543
2026-09-27T13:44:27.819Z	spark2	LOAD	22.514	4.163
2026-09-27T13:44:27.830Z	spark1	LOAD	20.664	5.543
2026-09-27T13:44:28.069Z	spark2	LOAD	22.406	4.113
2026-09-27T13:44:28.080Z	spark1	LOAD	20.638	5.543
2026-09-27T13:44:28.330Z	spark2	LOAD	22.290	4.113
2026-09-27T13:44:28.341Z	spark1	LOAD	20.607	5.543
2026-09-27T13:44:28.580Z	spark2	LOAD	22.180	4.113
2026-09-27T13:44:28.592Z	spark1	LOAD	20.578	5.543
2026-09-27T13:44:28.831Z	spark2	LOAD	22.162	4.113
2026-09-27T13:44:28.842Z	spark1	LOAD	20.545	5.543
2026-09-27T13:44:29.080Z	spark2	LOAD	21.648	4.113
2026-09-27T13:44:29.092Z	spark1	LOAD	20.516	5.543
2026-09-27T13:44:29.341Z	spark2	LOAD	22.132	4.113
2026-09-27T13:44:29.359Z	spark1	LOAD	20.462	5.543
2026-09-27T13:44:29.592Z	spark2	LOAD	22.018	4.113
2026-09-27T13:44:29.609Z	spark1	LOAD	20.398	5.543
2026-09-27T13:44:29.842Z	spark2	LOAD	21.927	4.113
2026-09-27T13:44:29.859Z	spark1	LOAD	20.361	5.543
2026-09-27T13:44:30.092Z	spark2	LOAD	21.768	4.113
2026-09-27T13:44:30.110Z	spark1	LOAD	20.329	5.543
2026-09-27T13:44:30.353Z	spark2	LOAD	21.715	4.113
2026-09-27T13:44:30.377Z	spark1	LOAD	20.301	5.543
2026-09-27T13:44:30.603Z	spark2	LOAD	21.565	4.113
2026-09-27T13:44:30.627Z	spark1	LOAD	20.329	5.543
2026-09-27T13:44:30.853Z	spark2	LOAD	21.441	4.113
2026-09-27T13:44:30.877Z	spark1	LOAD	20.394	5.646
2026-09-27T13:44:31.104Z	spark2	LOAD	21.319	4.113
2026-09-27T13:44:31.127Z	spark1	LOAD	20.389	5.673
2026-09-27T13:44:31.368Z	spark2	LOAD	21.187	4.113
2026-09-27T13:44:31.396Z	spark1	LOAD	20.392	5.723
2026-09-27T13:44:31.619Z	spark2	LOAD	21.071	4.113
2026-09-27T13:44:31.646Z	spark1	LOAD	20.437	5.795
2026-09-27T13:44:31.869Z	spark2	LOAD	20.991	4.113
2026-09-27T13:44:31.897Z	spark1	LOAD	19.842	5.795
2026-09-27T13:44:32.119Z	spark2	LOAD	20.874	4.113
2026-09-27T13:44:32.147Z	spark1	LOAD	19.831	5.808
2026-09-27T13:44:32.380Z	spark2	LOAD	20.757	4.113
2026-09-27T13:44:32.414Z	spark1	LOAD	20.460	5.919
2026-09-27T13:44:32.630Z	spark2	LOAD	23.056	4.113
2026-09-27T13:44:32.664Z	spark1	LOAD	20.442	5.919
2026-09-27T13:44:32.880Z	spark2	LOAD	23.255	4.115
2026-09-27T13:44:32.914Z	spark1	LOAD	19.885	5.964
2026-09-27T13:44:33.131Z	spark2	LOAD	23.145	4.120
2026-09-27T13:44:33.164Z	spark1	LOAD	20.487	6.043
2026-09-27T13:44:33.395Z	spark2	LOAD	23.046	4.126
2026-09-27T13:44:33.432Z	spark1	LOAD	20.470	6.060
2026-09-27T13:44:33.646Z	spark2	LOAD	22.826	4.126
2026-09-27T13:44:33.682Z	spark1	LOAD	20.551	6.170
2026-09-27T13:44:33.896Z	spark2	LOAD	22.849	4.129
2026-09-27T13:44:33.933Z	spark1	LOAD	20.524	6.170
2026-09-27T13:44:34.147Z	spark2	LOAD	22.738	4.129
2026-09-27T13:44:34.183Z	spark1	LOAD	20.496	6.170
2026-09-27T13:44:34.412Z	spark2	LOAD	22.614	4.129
2026-09-27T13:44:34.452Z	spark1	LOAD	20.558	6.272
2026-09-27T13:44:34.663Z	spark2	LOAD	22.483	4.129
2026-09-27T13:44:34.702Z	spark1	LOAD	20.525	6.274
2026-09-27T13:44:34.913Z	spark2	LOAD	22.371	4.132
2026-09-27T13:44:34.952Z	spark1	LOAD	20.578	6.358
2026-09-27T13:44:35.164Z	spark2	LOAD	22.258	4.132
2026-09-27T13:44:35.203Z	spark1	LOAD	20.590	6.399
2026-09-27T13:44:35.428Z	spark2	LOAD	22.146	4.132
2026-09-27T13:44:35.465Z	spark1	LOAD	20.567	6.420
2026-09-27T13:44:35.678Z	spark2	LOAD	22.050	4.135
2026-09-27T13:44:35.715Z	spark1	LOAD	20.643	6.514
2026-09-27T13:44:35.929Z	spark2	LOAD	21.917	4.135
2026-09-27T13:44:35.966Z	spark1	LOAD	20.609	6.514
2026-09-27T13:44:36.179Z	spark2	LOAD	21.825	4.137
2026-09-27T13:44:36.216Z	spark1	LOAD	20.577	6.518
2026-09-27T13:44:36.440Z	spark2	LOAD	21.716	4.137
2026-09-27T13:44:36.484Z	spark1	LOAD	20.545	6.520
2026-09-27T13:44:36.691Z	spark2	LOAD	21.621	4.140
2026-09-27T13:44:36.735Z	spark1	LOAD	20.508	6.525
2026-09-27T13:44:36.940Z	spark2	LOAD	21.528	4.140
2026-09-27T13:44:36.985Z	spark1	LOAD	20.478	6.529
2026-09-27T13:44:37.190Z	spark2	LOAD	21.419	4.142
2026-09-27T13:44:37.235Z	spark1	LOAD	20.488	6.569
2026-09-27T13:44:37.455Z	spark2	LOAD	21.276	4.145
2026-09-27T13:44:37.502Z	spark1	LOAD	20.451	6.578
2026-09-27T13:44:37.705Z	spark2	LOAD	21.161	4.145
2026-09-27T13:44:37.753Z	spark1	LOAD	20.427	6.583
2026-09-27T13:44:37.956Z	spark2	LOAD	21.046	4.145
2026-09-27T13:44:38.003Z	spark1	LOAD	20.385	6.583
2026-09-27T13:44:38.206Z	spark2	LOAD	20.934	4.147
2026-09-27T13:44:38.253Z	spark1	LOAD	20.395	6.584
2026-09-27T13:44:38.470Z	spark2	LOAD	20.815	4.150
2026-09-27T13:44:38.515Z	spark1	LOAD	20.382	6.620
2026-09-27T13:44:38.721Z	spark2	LOAD	20.697	4.152
2026-09-27T13:44:38.765Z	spark1	LOAD	20.367	6.641
2026-09-27T13:44:38.972Z	spark2	LOAD	20.613	4.152
2026-09-27T13:44:39.016Z	spark1	LOAD	20.360	6.665
2026-09-27T13:44:39.222Z	spark2	LOAD	22.210	4.152
2026-09-27T13:44:39.266Z	spark1	LOAD	20.327	6.665
2026-09-27T13:44:39.486Z	spark2	LOAD	23.100	4.152
2026-09-27T13:44:39.528Z	spark1	LOAD	20.291	6.665
2026-09-27T13:44:39.736Z	spark2	LOAD	23.011	4.152
2026-09-27T13:44:39.778Z	spark1	LOAD	20.235	6.665
2026-09-27T13:44:39.987Z	spark2	LOAD	22.892	4.152
2026-09-27T13:44:40.029Z	spark1	LOAD	20.233	6.665
2026-09-27T13:44:40.237Z	spark2	LOAD	22.775	4.152
2026-09-27T13:44:40.279Z	spark1	LOAD	20.197	6.665
2026-09-27T13:44:40.497Z	spark2	LOAD	22.648	4.152
2026-09-27T13:44:40.541Z	spark1	LOAD	20.159	6.665
2026-09-27T13:44:40.748Z	spark2	LOAD	22.502	4.152
2026-09-27T13:44:40.791Z	spark1	LOAD	20.112	6.665
2026-09-27T13:44:40.998Z	spark2	LOAD	22.420	4.152
2026-09-27T13:44:41.041Z	spark1	LOAD	20.096	6.665
2026-09-27T13:44:41.249Z	spark2	LOAD	22.261	4.149
2026-09-27T13:44:41.292Z	spark1	LOAD	20.066	6.665
2026-09-27T13:44:41.514Z	spark2	LOAD	22.323	4.149
2026-09-27T13:44:41.559Z	spark1	LOAD	20.021	6.665
2026-09-27T13:44:41.764Z	spark2	LOAD	22.303	4.147
2026-09-27T13:44:41.809Z	spark1	LOAD	19.961	6.665
2026-09-27T13:44:42.014Z	spark2	LOAD	21.731	4.145
2026-09-27T13:44:42.059Z	spark1	LOAD	19.894	6.665
2026-09-27T13:44:42.265Z	spark2	LOAD	22.041	4.145
2026-09-27T13:44:42.309Z	spark1	LOAD	19.782	6.665
2026-09-27T13:44:42.526Z	spark2	LOAD	21.915	4.145
2026-09-27T13:44:42.577Z	spark1	LOAD	19.613	6.665
2026-09-27T13:44:42.776Z	spark2	LOAD	21.791	4.145
2026-09-27T13:44:42.827Z	spark1	LOAD	19.273	6.665
2026-09-27T13:44:43.026Z	spark2	LOAD	21.661	4.145
2026-09-27T13:44:43.077Z	spark1	LOAD	19.346	6.665
2026-09-27T13:44:43.277Z	spark2	LOAD	21.554	4.145
2026-09-27T13:44:43.327Z	spark1	LOAD	19.308	6.665
2026-09-27T13:44:43.541Z	spark2	LOAD	21.406	4.145
2026-09-27T13:44:43.594Z	spark1	LOAD	20.548	6.665
2026-09-27T13:44:43.791Z	spark2	LOAD	21.295	4.145
2026-09-27T13:44:43.844Z	spark1	LOAD	21.964	6.665
2026-09-27T13:44:44.041Z	spark2	LOAD	21.182	4.145
2026-09-27T13:44:44.095Z	spark1	LOAD	22.120	6.665
2026-09-27T13:44:44.292Z	spark2	LOAD	21.069	4.145
2026-09-27T13:44:44.345Z	spark1	LOAD	22.084	6.665
2026-09-27T13:44:44.556Z	spark2	LOAD	20.971	4.145
2026-09-27T13:44:44.612Z	spark1	LOAD	22.050	6.664
2026-09-27T13:44:44.807Z	spark2	LOAD	20.857	4.145
2026-09-27T13:44:44.862Z	spark1	LOAD	22.018	6.664
2026-09-27T13:44:45.058Z	spark2	LOAD	20.741	4.145
2026-09-27T13:44:45.113Z	spark1	LOAD	21.883	6.664
2026-09-27T13:44:45.308Z	spark2	LOAD	20.648	4.145
2026-09-27T13:44:45.363Z	spark1	LOAD	21.847	6.664
2026-09-27T13:44:45.568Z	spark2	LOAD	20.666	4.144
2026-09-27T13:44:45.632Z	spark1	LOAD	21.814	6.664
2026-09-27T13:44:45.819Z	spark2	LOAD	22.381	4.144
2026-09-27T13:44:45.882Z	spark1	LOAD	21.739	6.664
2026-09-27T13:44:46.069Z	spark2	LOAD	23.087	4.144
2026-09-27T13:44:46.132Z	spark1	LOAD	21.705	6.664
2026-09-27T13:44:46.320Z	spark2	LOAD	23.068	4.144
2026-09-27T13:44:46.383Z	spark1	LOAD	21.671	6.664
2026-09-27T13:44:46.585Z	spark2	LOAD	22.979	4.144
2026-09-27T13:44:46.644Z	spark1	LOAD	21.327	6.664
2026-09-27T13:44:46.835Z	spark2	LOAD	22.862	4.144
2026-09-27T13:44:46.894Z	spark1	LOAD	21.240	6.664
2026-09-27T13:44:47.085Z	spark2	LOAD	22.783	4.144
2026-09-27T13:44:47.144Z	spark1	LOAD	21.328	6.664
2026-09-27T13:44:47.336Z	spark2	LOAD	22.706	4.144
2026-09-27T13:44:47.395Z	spark1	LOAD	21.298	6.664
2026-09-27T13:44:47.596Z	spark2	LOAD	22.623	4.144
2026-09-27T13:44:47.661Z	spark1	LOAD	21.261	6.664
2026-09-27T13:44:47.847Z	spark2	LOAD	22.542	4.144
2026-09-27T13:44:47.911Z	spark1	LOAD	21.205	6.664
2026-09-27T13:44:48.097Z	spark2	LOAD	22.434	4.144
2026-09-27T13:44:48.162Z	spark1	LOAD	21.137	6.664
2026-09-27T13:44:48.347Z	spark2	LOAD	22.354	4.144
2026-09-27T13:44:48.412Z	spark1	LOAD	21.144	6.664
2026-09-27T13:44:48.608Z	spark2	LOAD	22.340	4.144
2026-09-27T13:44:48.680Z	spark1	LOAD	21.105	6.664
2026-09-27T13:44:48.858Z	spark2	LOAD	22.314	4.144
2026-09-27T13:44:48.930Z	spark1	LOAD	21.078	6.664
2026-09-27T13:44:49.108Z	spark2	LOAD	22.222	4.144
2026-09-27T13:44:49.181Z	spark1	LOAD	21.049	6.664
2026-09-27T13:44:49.359Z	spark2	LOAD	21.685	4.144
2026-09-27T13:44:49.431Z	spark1	LOAD	21.022	6.664
2026-09-27T13:44:49.619Z	spark2	LOAD	21.586	4.144
2026-09-27T13:44:49.699Z	spark1	LOAD	20.988	6.664
2026-09-27T13:44:49.869Z	spark2	LOAD	21.936	4.144
2026-09-27T13:44:49.950Z	spark1	LOAD	20.926	6.664
2026-09-27T13:44:50.119Z	spark2	LOAD	21.841	4.144
2026-09-27T13:44:50.200Z	spark1	LOAD	20.892	6.664
2026-09-27T13:44:50.369Z	spark2	LOAD	21.747	4.144
2026-09-27T13:44:50.450Z	spark1	LOAD	20.861	6.664
2026-09-27T13:44:50.630Z	spark2	LOAD	21.660	4.144
2026-09-27T13:44:50.711Z	spark1	LOAD	20.826	6.664
2026-09-27T13:44:50.880Z	spark2	LOAD	21.625	4.164
2026-09-27T13:44:50.961Z	spark1	LOAD	20.792	6.664
2026-09-27T13:44:51.131Z	spark2	LOAD	21.586	4.176
2026-09-27T13:44:51.212Z	spark1	LOAD	21.535	6.664
2026-09-27T13:44:51.381Z	spark2	LOAD	21.489	4.176
2026-09-27T13:44:51.462Z	spark1	LOAD	21.532	6.664
2026-09-27T13:44:51.641Z	spark2	LOAD	21.397	4.176
2026-09-27T13:44:51.723Z	spark1	LOAD	21.475	6.664
2026-09-27T13:44:51.891Z	spark2	LOAD	21.323	4.177
2026-09-27T13:44:51.973Z	spark1	LOAD	21.376	6.664
2026-09-27T13:44:52.142Z	spark2	LOAD	21.235	4.176
2026-09-27T13:44:52.224Z	spark1	LOAD	21.347	6.664
2026-09-27T13:44:52.392Z	spark2	LOAD	21.113	4.174
2026-09-27T13:44:52.474Z	spark1	LOAD	21.321	6.664
2026-09-27T13:44:52.659Z	spark2	LOAD	21.006	4.174
2026-09-27T13:44:52.740Z	spark1	LOAD	21.292	6.664
2026-09-27T13:44:52.909Z	spark2	LOAD	21.473	4.166
2026-09-27T13:44:52.990Z	spark1	LOAD	21.253	6.664
2026-09-27T13:44:53.160Z	spark2	LOAD	23.273	4.151
2026-09-27T13:44:53.241Z	spark1	LOAD	21.226	6.664
2026-09-27T13:44:53.410Z	spark2	LOAD	23.242	4.151
2026-09-27T13:44:53.491Z	spark1	LOAD	21.201	6.664
2026-09-27T13:44:53.671Z	spark2	LOAD	23.135	4.151
2026-09-27T13:44:53.758Z	spark1	LOAD	21.168	6.664
2026-09-27T13:44:53.921Z	spark2	LOAD	23.031	4.151
2026-09-27T13:44:54.009Z	spark1	LOAD	21.115	6.664
2026-09-27T13:44:54.171Z	spark2	LOAD	22.907	4.151
2026-09-27T13:44:54.259Z	spark1	LOAD	21.090	6.664
2026-09-27T13:44:54.421Z	spark2	LOAD	22.772	4.151
2026-09-27T13:44:54.510Z	spark1	LOAD	21.062	6.664
2026-09-27T13:44:54.682Z	spark2	LOAD	22.680	4.151
2026-09-27T13:44:54.776Z	spark1	LOAD	21.124	6.664
2026-09-27T13:44:54.933Z	spark2	LOAD	22.563	4.151
2026-09-27T13:44:55.027Z	spark1	LOAD	21.095	6.664
2026-09-27T13:44:55.183Z	spark2	LOAD	22.461	4.151
2026-09-27T13:44:55.277Z	spark1	LOAD	21.064	6.664
2026-09-27T13:44:55.434Z	spark2	LOAD	22.342	4.151
2026-09-27T13:44:55.527Z	spark1	LOAD	21.040	6.664
2026-09-27T13:44:55.698Z	spark2	LOAD	22.239	4.151
2026-09-27T13:44:55.795Z	spark1	LOAD	21.002	6.664
2026-09-27T13:44:55.948Z	spark2	LOAD	22.073	4.152
2026-09-27T13:44:56.045Z	spark1	LOAD	20.954	6.664
2026-09-27T13:44:56.198Z	spark2	LOAD	21.527	4.152
2026-09-27T13:44:56.295Z	spark1	LOAD	20.963	6.701
2026-09-27T13:44:56.449Z	spark2	LOAD	21.854	4.152
2026-09-27T13:44:56.546Z	spark1	LOAD	20.931	6.701
2026-09-27T13:44:56.714Z	spark2	LOAD	21.312	4.152
2026-09-27T13:44:56.809Z	spark1	LOAD	20.897	6.701
2026-09-27T13:44:56.963Z	spark2	LOAD	21.635	4.152
2026-09-27T13:44:57.059Z	spark1	LOAD	20.875	6.701
2026-09-27T13:44:57.214Z	spark2	LOAD	21.099	4.150
2026-09-27T13:44:57.309Z	spark1	LOAD	20.856	6.701
2026-09-27T13:44:57.465Z	spark2	LOAD	21.408	4.151
2026-09-27T13:44:57.559Z	spark1	LOAD	20.824	6.701
2026-09-27T13:44:57.724Z	spark2	LOAD	21.296	4.151
2026-09-27T13:44:57.821Z	spark1	LOAD	20.784	6.701
2026-09-27T13:44:57.974Z	spark2	LOAD	21.170	4.151
2026-09-27T13:44:58.072Z	spark1	LOAD	20.196	6.701
2026-09-27T13:44:58.225Z	spark2	LOAD	21.049	4.151
2026-09-27T13:44:58.322Z	spark1	LOAD	20.124	6.701
2026-09-27T13:44:58.475Z	spark2	LOAD	20.926	4.151
2026-09-27T13:44:58.572Z	spark1	LOAD	20.106	6.702
2026-09-27T13:44:58.736Z	spark2	LOAD	20.816	4.151
2026-09-27T13:44:58.841Z	spark1	LOAD	20.620	6.702
2026-09-27T13:44:58.986Z	spark2	LOAD	20.723	4.152
2026-09-27T13:44:59.091Z	spark1	LOAD	20.595	6.702
2026-09-27T13:44:59.236Z	spark2	LOAD	20.605	4.150
2026-09-27T13:44:59.341Z	spark1	LOAD	20.644	6.702
2026-09-27T13:44:59.487Z	spark2	LOAD	21.092	4.150
2026-09-27T13:44:59.592Z	spark1	LOAD	20.614	6.702
2026-09-27T13:44:59.748Z	spark2	LOAD	23.291	4.150
2026-09-27T13:44:59.859Z	spark1	LOAD	20.516	6.702
2026-09-27T13:44:59.998Z	spark2	LOAD	23.186	4.150
2026-09-27T13:45:00.109Z	spark1	LOAD	20.291	6.702
2026-09-27T13:45:00.248Z	spark2	LOAD	23.094	4.150
2026-09-27T13:45:00.360Z	spark1	LOAD	20.175	6.702
2026-09-27T13:45:00.499Z	spark2	LOAD	23.027	4.150
2026-09-27T13:45:00.610Z	spark1	LOAD	20.131	6.702
2026-09-27T13:45:00.764Z	spark2	LOAD	22.968	4.150
2026-09-27T13:45:00.877Z	spark1	LOAD	20.019	6.702
2026-09-27T13:45:01.014Z	spark2	LOAD	22.876	4.150
2026-09-27T13:45:01.127Z	spark1	LOAD	20.279	6.703
2026-09-27T13:45:01.265Z	spark2	LOAD	22.786	4.150
2026-09-27T13:45:01.378Z	spark1	LOAD	20.238	6.703
2026-09-27T13:45:01.515Z	spark2	LOAD	22.688	4.150
2026-09-27T13:45:01.628Z	spark1	LOAD	20.447	6.703
2026-09-27T13:45:01.775Z	spark2	LOAD	22.627	4.150
2026-09-27T13:45:01.896Z	spark1	LOAD	20.412	6.703
2026-09-27T13:45:02.025Z	spark2	LOAD	22.528	4.150
2026-09-27T13:45:02.146Z	spark1	LOAD	20.368	6.703
2026-09-27T13:45:02.276Z	spark2	LOAD	22.431	4.150
2026-09-27T13:45:02.397Z	spark1	LOAD	20.318	6.703
2026-09-27T13:45:02.526Z	spark2	LOAD	22.331	4.150
2026-09-27T13:45:02.647Z	spark1	LOAD	20.294	6.703
2026-09-27T13:45:02.790Z	spark2	LOAD	22.224	4.150
2026-09-27T13:45:02.913Z	spark1	LOAD	20.242	6.703
2026-09-27T13:45:03.041Z	spark2	LOAD	22.129	4.150
2026-09-27T13:45:03.164Z	spark1	LOAD	20.201	6.703
2026-09-27T13:45:03.291Z	spark2	LOAD	22.037	4.165
2026-09-27T13:45:03.415Z	spark1	LOAD	20.167	6.703
2026-09-27T13:45:03.542Z	spark2	LOAD	21.958	4.180
2026-09-27T13:45:03.666Z	spark1	LOAD	20.140	6.703
2026-09-27T13:45:03.806Z	spark2	LOAD	21.890	4.194
2026-09-27T13:45:03.932Z	spark1	LOAD	20.107	6.703
2026-09-27T13:45:04.057Z	spark2	LOAD	21.797	4.193
2026-09-27T13:45:04.182Z	spark1	LOAD	20.062	6.703
2026-09-27T13:45:04.307Z	spark2	LOAD	21.699	4.191
2026-09-27T13:45:04.433Z	spark1	LOAD	20.034	6.703
2026-09-27T13:45:04.557Z	spark2	LOAD	21.599	4.190
2026-09-27T13:45:04.684Z	spark1	LOAD	20.016	6.703
2026-09-27T13:45:04.819Z	spark2	LOAD	21.532	4.191
2026-09-27T13:45:04.950Z	spark1	LOAD	19.989	6.703
2026-09-27T13:45:05.069Z	spark2	LOAD	21.430	4.191
2026-09-27T13:45:05.200Z	spark1	LOAD	19.961	6.703
2026-09-27T13:45:05.319Z	spark2	LOAD	21.351	4.191
2026-09-27T13:45:05.451Z	spark1	LOAD	19.930	6.703
2026-09-27T13:45:05.570Z	spark2	LOAD	21.290	4.191
2026-09-27T13:45:05.701Z	spark1	LOAD	19.903	6.703
2026-09-27T13:45:05.829Z	spark2	LOAD	21.215	4.191
2026-09-27T13:45:05.970Z	spark1	LOAD	19.873	6.703
2026-09-27T13:45:06.079Z	spark2	LOAD	21.075	4.191
2026-09-27T13:45:06.220Z	spark1	LOAD	19.840	6.703
2026-09-27T13:45:06.329Z	spark2	LOAD	22.445	4.191
2026-09-27T13:45:06.471Z	spark1	LOAD	19.805	6.703
2026-09-27T13:45:06.580Z	spark2	LOAD	23.349	4.191
2026-09-27T13:45:06.721Z	spark1	LOAD	19.755	6.703
2026-09-27T13:45:06.845Z	spark2	LOAD	23.224	4.191
2026-09-27T13:45:06.987Z	spark1	LOAD	19.712	6.703
2026-09-27T13:45:07.096Z	spark2	LOAD	23.106	4.191
2026-09-27T13:45:07.238Z	spark1	LOAD	19.723	6.703
2026-09-27T13:45:07.346Z	spark2	LOAD	23.014	4.191
2026-09-27T13:45:07.488Z	spark1	LOAD	19.685	6.703
2026-09-27T13:45:07.596Z	spark2	LOAD	22.894	4.191
2026-09-27T13:45:07.738Z	spark1	LOAD	19.648	6.703
2026-09-27T13:45:07.856Z	spark2	LOAD	22.740	4.191
2026-09-27T13:45:08.006Z	spark1	LOAD	19.610	6.703
2026-09-27T13:45:08.106Z	spark2	LOAD	22.628	4.191
2026-09-27T13:45:08.257Z	spark1	LOAD	19.576	6.703
2026-09-27T13:45:08.356Z	spark2	LOAD	22.511	4.191
2026-09-27T13:45:08.507Z	spark1	LOAD	19.514	6.703
2026-09-27T13:45:08.607Z	spark2	LOAD	22.003	4.191
2026-09-27T13:45:08.757Z	spark1	LOAD	19.477	6.703
2026-09-27T13:45:08.872Z	spark2	LOAD	22.331	4.191
2026-09-27T13:45:09.025Z	spark1	LOAD	19.444	6.703
2026-09-27T13:45:09.122Z	spark2	LOAD	22.207	4.191
2026-09-27T13:45:09.275Z	spark1	LOAD	19.410	6.703
2026-09-27T13:45:09.372Z	spark2	LOAD	22.077	4.191
2026-09-27T13:45:09.526Z	spark1	LOAD	20.519	6.702
2026-09-27T13:45:09.623Z	spark2	LOAD	21.997	4.191
2026-09-27T13:45:09.777Z	spark1	LOAD	22.644	6.702
2026-09-27T13:45:09.887Z	spark2	LOAD	21.870	4.191
2026-09-27T13:45:10.044Z	spark1	LOAD	22.684	6.702
2026-09-27T13:45:10.137Z	spark2	LOAD	21.766	4.191
2026-09-27T13:45:10.294Z	spark1	LOAD	22.632	6.702
2026-09-27T13:45:10.387Z	spark2	LOAD	21.677	4.191
2026-09-27T13:45:10.545Z	spark1	LOAD	22.558	6.701
2026-09-27T13:45:10.638Z	spark2	LOAD	21.125	4.191
2026-09-27T13:45:10.795Z	spark1	LOAD	22.522	6.700
2026-09-27T13:45:10.904Z	spark2	LOAD	21.434	4.191
2026-09-27T13:45:11.062Z	spark1	LOAD	22.485	6.700
2026-09-27T13:45:11.154Z	spark2	LOAD	21.330	4.192
2026-09-27T13:45:11.312Z	spark1	LOAD	22.455	6.700
2026-09-27T13:45:11.404Z	spark2	LOAD	20.802	4.192
2026-09-27T13:45:11.562Z	spark1	LOAD	22.426	6.700
2026-09-27T13:45:11.655Z	spark2	LOAD	21.109	4.192
2026-09-27T13:45:11.813Z	spark1	LOAD	22.385	6.700
2026-09-27T13:45:11.920Z	spark2	LOAD	21.020	4.192
2026-09-27T13:45:12.078Z	spark1	LOAD	22.347	6.699
2026-09-27T13:45:12.170Z	spark2	LOAD	20.873	4.192
2026-09-27T13:45:12.329Z	spark1	LOAD	22.318	6.699
2026-09-27T13:45:12.420Z	spark2	LOAD	20.751	4.192
2026-09-27T13:45:12.579Z	spark1	LOAD	22.316	6.699
2026-09-27T13:45:12.670Z	spark2	LOAD	20.654	4.192
2026-09-27T13:45:12.830Z	spark1	LOAD	22.289	6.699
2026-09-27T13:45:12.931Z	spark2	LOAD	22.080	4.192
2026-09-27T13:45:13.096Z	spark1	LOAD	22.262	6.699
2026-09-27T13:45:13.181Z	spark2	LOAD	23.178	4.192
2026-09-27T13:45:13.347Z	spark1	LOAD	22.234	6.699
2026-09-27T13:45:13.432Z	spark2	LOAD	23.172	4.192
2026-09-27T13:45:13.597Z	spark1	LOAD	22.205	6.699
2026-09-27T13:45:13.682Z	spark2	LOAD	23.158	4.192
2026-09-27T13:45:13.848Z	spark1	LOAD	22.176	6.699
2026-09-27T13:45:13.942Z	spark2	LOAD	23.104	4.192
2026-09-27T13:45:14.113Z	spark1	LOAD	22.143	6.699
2026-09-27T13:45:14.192Z	spark2	LOAD	23.009	4.192
2026-09-27T13:45:14.363Z	spark1	LOAD	22.077	6.699
2026-09-27T13:45:14.442Z	spark2	LOAD	22.912	4.192
2026-09-27T13:45:14.614Z	spark1	LOAD	22.011	6.699
2026-09-27T13:45:14.693Z	spark2	LOAD	22.800	4.191
2026-09-27T13:45:14.864Z	spark1	LOAD	21.979	6.699
2026-09-27T13:45:14.953Z	spark2	LOAD	22.662	4.187
2026-09-27T13:45:15.124Z	spark1	LOAD	21.951	6.699
2026-09-27T13:45:15.203Z	spark2	LOAD	22.526	4.186
2026-09-27T13:45:15.375Z	spark1	LOAD	21.905	6.699
2026-09-27T13:45:15.453Z	spark2	LOAD	22.446	4.183
2026-09-27T13:45:15.625Z	spark1	LOAD	21.877	6.699
2026-09-27T13:45:15.704Z	spark2	LOAD	22.377	4.182
2026-09-27T13:45:15.875Z	spark1	LOAD	21.841	6.699
2026-09-27T13:45:15.963Z	spark2	LOAD	22.279	4.180
2026-09-27T13:45:16.137Z	spark1	LOAD	21.808	6.698
2026-09-27T13:45:16.214Z	spark2	LOAD	22.192	4.180
2026-09-27T13:45:16.387Z	spark1	LOAD	21.779	6.698
2026-09-27T13:45:16.464Z	spark2	LOAD	22.115	4.180
2026-09-27T13:45:16.637Z	spark1	LOAD	21.710	6.698
2026-09-27T13:45:16.715Z	spark2	LOAD	22.012	4.181
2026-09-27T13:45:16.888Z	spark1	LOAD	21.757	6.698
2026-09-27T13:45:16.975Z	spark2	LOAD	21.946	4.181
2026-09-27T13:45:17.149Z	spark1	LOAD	21.712	6.698
2026-09-27T13:45:17.226Z	spark2	LOAD	21.870	4.181
2026-09-27T13:45:17.400Z	spark1	LOAD	21.681	6.698
2026-09-27T13:45:17.476Z	spark2	LOAD	21.800	4.181
2026-09-27T13:45:17.650Z	spark1	LOAD	21.644	6.698
2026-09-27T13:45:17.726Z	spark2	LOAD	21.719	4.181
2026-09-27T13:45:17.901Z	spark1	LOAD	21.618	6.698
2026-09-27T13:45:17.986Z	spark2	LOAD	21.637	4.181
2026-09-27T13:45:18.163Z	spark1	LOAD	21.581	6.698
2026-09-27T13:45:18.237Z	spark2	LOAD	21.567	4.181
2026-09-27T13:45:18.413Z	spark1	LOAD	21.550	6.698
2026-09-27T13:45:18.488Z	spark2	LOAD	21.472	4.181
2026-09-27T13:45:18.663Z	spark1	LOAD	21.491	6.698
2026-09-27T13:45:18.738Z	spark2	LOAD	21.387	4.181
2026-09-27T13:45:18.914Z	spark1	LOAD	21.455	6.698
2026-09-27T13:45:18.998Z	spark2	LOAD	21.296	4.181
2026-09-27T13:45:19.181Z	spark1	LOAD	21.425	6.698
2026-09-27T13:45:19.249Z	spark2	LOAD	21.223	4.182
2026-09-27T13:45:19.432Z	spark1	LOAD	21.396	6.698
2026-09-27T13:45:19.499Z	spark2	LOAD	21.165	4.182
2026-09-27T13:45:19.682Z	spark1	LOAD	21.368	6.698
2026-09-27T13:45:19.749Z	spark2	LOAD	21.073	4.185
2026-09-27T13:45:19.933Z	spark1	LOAD	21.338	6.698
2026-09-27T13:45:20.015Z	spark2	LOAD	21.004	4.200
2026-09-27T13:45:20.194Z	spark1	LOAD	21.311	6.698
2026-09-27T13:45:20.265Z	spark2	LOAD	22.165	4.200
2026-09-27T13:45:20.444Z	spark1	LOAD	21.276	6.698
2026-09-27T13:45:20.515Z	spark2	LOAD	23.456	4.200
2026-09-27T13:45:20.694Z	spark1	LOAD	21.220	6.698
2026-09-27T13:45:20.766Z	spark2	LOAD	23.365	4.200
2026-09-27T13:45:20.945Z	spark1	LOAD	21.192	6.698
2026-09-27T13:45:21.025Z	spark2	LOAD	23.261	4.200
2026-09-27T13:45:21.208Z	spark1	LOAD	21.160	6.698
2026-09-27T13:45:21.276Z	spark2	LOAD	23.157	4.200
2026-09-27T13:45:21.458Z	spark1	LOAD	21.131	6.698
2026-09-27T13:45:21.527Z	spark2	LOAD	23.062	4.200
2026-09-27T13:45:21.708Z	spark1	LOAD	21.094	6.698
2026-09-27T13:45:21.777Z	spark2	LOAD	22.973	4.200
2026-09-27T13:45:21.959Z	spark1	LOAD	21.104	6.699
2026-09-27T13:45:22.042Z	spark2	LOAD	22.861	4.200
2026-09-27T13:45:22.224Z	spark1	LOAD	21.057	6.698
2026-09-27T13:45:22.292Z	spark2	LOAD	22.738	4.200
2026-09-27T13:45:22.474Z	spark1	LOAD	21.041	6.698
2026-09-27T13:45:22.543Z	spark2	LOAD	22.652	4.200
2026-09-27T13:45:22.724Z	spark1	LOAD	20.997	6.699
2026-09-27T13:45:22.793Z	spark2	LOAD	22.563	4.200
2026-09-27T13:45:22.975Z	spark1	LOAD	20.967	6.699
2026-09-27T13:45:23.053Z	spark2	LOAD	22.478	4.200
2026-09-27T13:45:23.241Z	spark1	LOAD	20.936	6.699
2026-09-27T13:45:23.303Z	spark2	LOAD	22.374	4.200
2026-09-27T13:45:23.491Z	spark1	LOAD	20.908	6.699
2026-09-27T13:45:23.553Z	spark2	LOAD	22.263	4.200
2026-09-27T13:45:23.741Z	spark1	LOAD	20.875	6.699
2026-09-27T13:45:23.804Z	spark2	LOAD	22.190	4.200
2026-09-27T13:45:23.991Z	spark1	LOAD	20.840	6.699
2026-09-27T13:45:24.065Z	spark2	LOAD	22.135	4.219
2026-09-27T13:45:24.260Z	spark1	LOAD	20.805	6.699
2026-09-27T13:45:24.315Z	spark2	LOAD	22.118	4.267
2026-09-27T13:45:24.510Z	spark1	LOAD	20.781	6.699
2026-09-27T13:45:24.565Z	spark2	LOAD	21.492	4.268
2026-09-27T13:45:24.760Z	spark1	LOAD	20.712	6.699
2026-09-27T13:45:24.815Z	spark2	LOAD	21.378	4.268
2026-09-27T13:45:25.011Z	spark1	LOAD	20.674	6.699
2026-09-27T13:45:25.076Z	spark2	LOAD	21.687	4.269
2026-09-27T13:45:25.277Z	spark1	LOAD	20.698	6.699
2026-09-27T13:45:25.326Z	spark2	LOAD	21.624	4.269
2026-09-27T13:45:25.527Z	spark1	LOAD	20.611	6.699
2026-09-27T13:45:25.577Z	spark2	LOAD	21.521	4.270
2026-09-27T13:45:25.777Z	spark1	LOAD	20.574	6.699
2026-09-27T13:45:25.827Z	spark2	LOAD	21.407	4.273
2026-09-27T13:45:26.027Z	spark1	LOAD	20.530	6.699
2026-09-27T13:45:26.095Z	spark2	LOAD	21.244	4.271
2026-09-27T13:45:26.288Z	spark1	LOAD	20.525	6.699
2026-09-27T13:45:26.344Z	spark2	LOAD	21.100	4.268
2026-09-27T13:45:26.538Z	spark1	LOAD	20.467	6.699
2026-09-27T13:45:26.595Z	spark2	LOAD	21.022	4.265
2026-09-27T13:45:26.789Z	spark1	LOAD	20.422	6.699
2026-09-27T13:45:26.845Z	spark2	LOAD	20.925	4.265
2026-09-27T13:45:27.039Z	spark1	LOAD	19.836	6.699
2026-09-27T13:45:27.110Z	spark2	LOAD	20.853	4.266
2026-09-27T13:45:27.302Z	spark1	LOAD	20.390	6.699
2026-09-27T13:45:27.361Z	spark2	LOAD	21.906	4.266
2026-09-27T13:45:27.552Z	spark1	LOAD	20.360	6.699
2026-09-27T13:45:27.611Z	spark2	LOAD	23.333	4.262
2026-09-27T13:45:27.803Z	spark1	LOAD	20.283	6.699
2026-09-27T13:45:27.861Z	spark2	LOAD	23.325	4.262
2026-09-27T13:45:28.053Z	spark1	LOAD	20.255	6.699
2026-09-27T13:45:28.125Z	spark2	LOAD	23.294	4.262
2026-09-27T13:45:28.321Z	spark1	LOAD	20.218	6.699
2026-09-27T13:45:28.376Z	spark2	LOAD	23.264	4.262
2026-09-27T13:45:28.571Z	spark1	LOAD	19.647	6.699
2026-09-27T13:45:28.626Z	spark2	LOAD	23.231	4.262
2026-09-27T13:45:28.822Z	spark1	LOAD	20.166	6.700
2026-09-27T13:45:28.876Z	spark2	LOAD	23.158	4.262
2026-09-27T13:45:29.072Z	spark1	LOAD	20.123	6.700
2026-09-27T13:45:29.141Z	spark2	LOAD	23.080	4.262
2026-09-27T13:45:29.339Z	spark1	LOAD	20.088	6.700
2026-09-27T13:45:29.392Z	spark2	LOAD	23.000	4.262
2026-09-27T13:45:29.589Z	spark1	LOAD	20.059	6.700
2026-09-27T13:45:29.642Z	spark2	LOAD	22.924	4.262
2026-09-27T13:45:29.839Z	spark1	LOAD	20.041	6.700
2026-09-27T13:45:29.892Z	spark2	LOAD	22.843	4.262
2026-09-27T13:45:30.090Z	spark1	LOAD	20.006	6.700
2026-09-27T13:45:30.157Z	spark2	LOAD	22.729	4.262
2026-09-27T13:45:30.358Z	spark1	LOAD	19.969	6.700
2026-09-27T13:45:30.407Z	spark2	LOAD	22.641	4.262
2026-09-27T13:45:30.608Z	spark1	LOAD	19.928	6.700
2026-09-27T13:45:30.658Z	spark2	LOAD	22.134	4.262
2026-09-27T13:45:30.858Z	spark1	LOAD	19.908	6.700
2026-09-27T13:45:30.907Z	spark2	LOAD	22.498	4.264
2026-09-27T13:45:31.109Z	spark1	LOAD	19.854	6.700
2026-09-27T13:45:31.172Z	spark2	LOAD	22.407	4.264
2026-09-27T13:45:31.370Z	spark1	LOAD	19.818	6.700
2026-09-27T13:45:31.422Z	spark2	LOAD	22.194	4.264
2026-09-27T13:45:31.621Z	spark1	LOAD	19.769	6.700
2026-09-27T13:45:31.672Z	spark2	LOAD	21.733	4.265
2026-09-27T13:45:31.871Z	spark1	LOAD	19.720	6.700
2026-09-27T13:45:31.923Z	spark2	LOAD	21.696	4.266
2026-09-27T13:45:32.121Z	spark1	LOAD	19.688	6.700
2026-09-27T13:45:32.189Z	spark2	LOAD	22.032	4.269
2026-09-27T13:45:32.388Z	spark1	LOAD	19.682	6.700
2026-09-27T13:45:32.439Z	spark2	LOAD	21.945	4.269
2026-09-27T13:45:32.638Z	spark1	LOAD	19.652	6.700
2026-09-27T13:45:32.689Z	spark2	LOAD	21.855	4.269
2026-09-27T13:45:32.889Z	spark1	LOAD	19.634	6.700
2026-09-27T13:45:32.939Z	spark2	LOAD	21.760	4.271
2026-09-27T13:45:33.139Z	spark1	LOAD	19.598	6.700
2026-09-27T13:45:33.203Z	spark2	LOAD	21.647	4.273
2026-09-27T13:45:33.407Z	spark1	LOAD	19.554	6.700
2026-09-27T13:45:33.454Z	spark2	LOAD	21.550	4.273
2026-09-27T13:45:33.658Z	spark1	LOAD	20.888	6.700
2026-09-27T13:45:33.704Z	spark2	LOAD	21.449	4.273
2026-09-27T13:45:33.909Z	spark1	LOAD	22.343	6.700
2026-09-27T13:45:33.955Z	spark2	LOAD	21.353	4.272
2026-09-27T13:45:34.160Z	spark1	LOAD	22.674	6.700
2026-09-27T13:45:34.219Z	spark2	LOAD	21.241	4.273
2026-09-27T13:45:34.421Z	spark1	LOAD	22.653	6.700
2026-09-27T13:45:34.470Z	spark2	LOAD	21.135	4.274
2026-09-27T13:45:34.671Z	spark1	LOAD	22.626	6.700
2026-09-27T13:45:34.720Z	spark2	LOAD	23.261	4.274
2026-09-27T13:45:34.922Z	spark1	LOAD	22.594	6.700
2026-09-27T13:45:34.970Z	spark2	LOAD	23.225	4.274
2026-09-27T13:45:35.172Z	spark1	LOAD	22.531	6.700
2026-09-27T13:45:35.235Z	spark2	LOAD	23.114	4.274
2026-09-27T13:45:35.438Z	spark1	LOAD	22.487	6.700
2026-09-27T13:45:35.486Z	spark2	LOAD	23.085	4.274
2026-09-27T13:45:35.688Z	spark1	LOAD	22.460	6.700
2026-09-27T13:45:35.736Z	spark2	LOAD	23.058	4.274
2026-09-27T13:45:35.939Z	spark1	LOAD	22.431	6.700
2026-09-27T13:45:35.987Z	spark2	LOAD	22.979	4.274
2026-09-27T13:45:36.189Z	spark1	LOAD	22.404	6.700
2026-09-27T13:45:36.251Z	spark2	LOAD	22.833	4.274
2026-09-27T13:45:36.450Z	spark1	LOAD	22.311	6.700
2026-09-27T13:45:36.502Z	spark2	LOAD	22.715	4.274
2026-09-27T13:45:36.700Z	spark1	LOAD	22.241	6.700
2026-09-27T13:45:36.752Z	spark2	LOAD	22.599	4.274
2026-09-27T13:45:36.950Z	spark1	LOAD	22.214	6.700
2026-09-27T13:45:37.003Z	spark2	LOAD	22.448	4.271
2026-09-27T13:45:37.201Z	spark1	LOAD	22.176	6.700
2026-09-27T13:45:37.262Z	spark2	LOAD	22.326	4.269
2026-09-27T13:45:37.466Z	spark1	LOAD	22.084	6.700
2026-09-27T13:45:37.512Z	spark2	LOAD	22.222	4.268
2026-09-27T13:45:37.717Z	spark1	LOAD	22.046	6.700
2026-09-27T13:45:37.763Z	spark2	LOAD	21.656	4.265
2026-09-27T13:45:37.967Z	spark1	LOAD	22.019	6.700
2026-09-27T13:45:38.013Z	spark2	LOAD	21.993	4.266
2026-09-27T13:45:38.218Z	spark1	LOAD	21.992	6.700
2026-09-27T13:45:38.278Z	spark2	LOAD	21.447	4.266
2026-09-27T13:45:38.483Z	spark1	LOAD	21.964	6.700
2026-09-27T13:45:38.528Z	spark2	LOAD	21.725	4.267
2026-09-27T13:45:38.734Z	spark1	LOAD	21.938	6.700
2026-09-27T13:45:38.779Z	spark2	LOAD	21.182	4.267
2026-09-27T13:45:38.984Z	spark1	LOAD	21.909	6.700
2026-09-27T13:45:39.029Z	spark2	LOAD	21.519	4.268
2026-09-27T13:45:39.235Z	spark1	LOAD	21.850	6.700
2026-09-27T13:45:39.294Z	spark2	LOAD	21.424	4.269
2026-09-27T13:45:39.500Z	spark1	LOAD	21.828	6.700
2026-09-27T13:45:39.544Z	spark2	LOAD	21.308	4.269
2026-09-27T13:45:39.751Z	spark1	LOAD	21.804	6.700
2026-09-27T13:45:39.795Z	spark2	LOAD	21.195	4.269
2026-09-27T13:45:40.001Z	spark1	LOAD	21.778	6.700
2026-09-27T13:45:40.045Z	spark2	LOAD	21.093	4.269
2026-09-27T13:45:40.252Z	spark1	LOAD	21.747	6.700
2026-09-27T13:45:40.310Z	spark2	LOAD	20.974	4.269
2026-09-27T13:45:40.517Z	spark1	LOAD	21.716	6.700
2026-09-27T13:45:40.560Z	spark2	LOAD	20.888	4.270
2026-09-27T13:45:40.767Z	spark1	LOAD	21.688	6.700
2026-09-27T13:45:40.811Z	spark2	LOAD	20.785	4.271
2026-09-27T13:45:41.018Z	spark1	LOAD	21.658	6.700
2026-09-27T13:45:41.062Z	spark2	LOAD	22.785	4.271
2026-09-27T13:45:41.268Z	spark1	LOAD	21.598	6.700
2026-09-27T13:45:41.326Z	spark2	LOAD	23.314	4.271
2026-09-27T13:45:41.530Z	spark1	LOAD	21.576	6.700
2026-09-27T13:45:41.576Z	spark2	LOAD	23.256	4.271
2026-09-27T13:45:41.780Z	spark1	LOAD	21.537	6.700
2026-09-27T13:45:41.826Z	spark2	LOAD	23.143	4.271
2026-09-27T13:45:42.030Z	spark1	LOAD	21.509	6.700
2026-09-27T13:45:42.076Z	spark2	LOAD	23.035	4.271
2026-09-27T13:45:42.280Z	spark1	LOAD	21.478	6.700
2026-09-27T13:45:42.337Z	spark2	LOAD	22.885	4.271
2026-09-27T13:45:42.549Z	spark1	LOAD	21.450	6.700
2026-09-27T13:45:42.587Z	spark2	LOAD	22.768	4.271
2026-09-27T13:45:42.799Z	spark1	LOAD	21.423	6.700
2026-09-27T13:45:42.837Z	spark2	LOAD	22.658	4.271
2026-09-27T13:45:43.049Z	spark1	LOAD	21.468	6.700
2026-09-27T13:45:43.088Z	spark2	LOAD	22.546	4.271
2026-09-27T13:45:43.300Z	spark1	LOAD	21.407	6.700
2026-09-27T13:45:43.353Z	spark2	LOAD	22.425	4.271
2026-09-27T13:45:43.565Z	spark1	LOAD	21.370	6.700
2026-09-27T13:45:43.603Z	spark2	LOAD	22.321	4.272
2026-09-27T13:45:43.816Z	spark1	LOAD	21.338	6.700
2026-09-27T13:45:43.854Z	spark2	LOAD	22.209	4.273
2026-09-27T13:45:44.066Z	spark1	LOAD	21.309	6.700
2026-09-27T13:45:44.104Z	spark2	LOAD	22.136	4.277
2026-09-27T13:45:44.316Z	spark1	LOAD	21.273	6.700
2026-09-27T13:45:44.365Z	spark2	LOAD	22.018	4.277
2026-09-27T13:45:44.578Z	spark1	LOAD	21.241	6.700
2026-09-27T13:45:44.615Z	spark2	LOAD	21.475	4.277
2026-09-27T13:45:44.828Z	spark1	LOAD	21.211	6.700
2026-09-27T13:45:44.866Z	spark2	LOAD	21.338	4.277
2026-09-27T13:45:45.079Z	spark1	LOAD	21.206	6.700
2026-09-27T13:45:45.116Z	spark2	LOAD	21.656	4.278
2026-09-27T13:45:45.329Z	spark1	LOAD	21.145	6.700
2026-09-27T13:45:45.381Z	spark2	LOAD	21.540	4.278
2026-09-27T13:45:45.594Z	spark1	LOAD	21.112	6.700
2026-09-27T13:45:45.631Z	spark2	LOAD	21.442	4.279
2026-09-27T13:45:45.844Z	spark1	LOAD	21.085	6.700
2026-09-27T13:45:45.882Z	spark2	LOAD	21.334	4.280
2026-09-27T13:45:46.095Z	spark1	LOAD	21.054	6.700
2026-09-27T13:45:46.131Z	spark2	LOAD	21.210	4.280
2026-09-27T13:45:46.345Z	spark1	LOAD	21.016	6.700
2026-09-27T13:45:46.396Z	spark2	LOAD	21.090	4.280
2026-09-27T13:45:46.611Z	spark1	LOAD	21.006	6.700
2026-09-27T13:45:46.646Z	spark2	LOAD	20.980	4.281
2026-09-27T13:45:46.861Z	spark1	LOAD	20.956	6.699
2026-09-27T13:45:46.896Z	spark2	LOAD	20.882	4.283
2026-09-27T13:45:47.112Z	spark1	LOAD	20.932	6.699
2026-09-27T13:45:47.147Z	spark2	LOAD	20.778	4.283
2026-09-27T13:45:47.362Z	spark1	LOAD	20.880	6.699
2026-09-27T13:45:47.412Z	spark2	LOAD	20.712	4.285
2026-09-27T13:45:47.622Z	spark1	LOAD	20.825	6.699
2026-09-27T13:45:47.662Z	spark2	LOAD	22.427	4.285
2026-09-27T13:45:47.873Z	spark1	LOAD	20.783	6.699
2026-09-27T13:45:47.913Z	spark2	LOAD	23.439	4.285
2026-09-27T13:45:48.123Z	spark1	LOAD	20.764	6.699
2026-09-27T13:45:48.163Z	spark2	LOAD	23.285	4.281
2026-09-27T13:45:48.374Z	spark1	LOAD	20.789	6.699
2026-09-27T13:45:48.427Z	spark2	LOAD	23.112	4.278
2026-09-27T13:45:48.641Z	spark1	LOAD	20.721	6.699
2026-09-27T13:45:48.678Z	spark2	LOAD	23.015	4.275
2026-09-27T13:45:48.891Z	spark1	LOAD	20.689	6.699
2026-09-27T13:45:48.928Z	spark2	LOAD	22.906	4.272
2026-09-27T13:45:49.142Z	spark1	LOAD	20.657	6.699
2026-09-27T13:45:49.178Z	spark2	LOAD	22.767	4.272
2026-09-27T13:45:49.392Z	spark1	LOAD	20.570	6.699
2026-09-27T13:45:49.442Z	spark2	LOAD	22.654	4.272
2026-09-27T13:45:49.653Z	spark1	LOAD	20.615	6.699
2026-09-27T13:45:49.693Z	spark2	LOAD	22.145	4.272
2026-09-27T13:45:49.903Z	spark1	LOAD	20.024	6.699
2026-09-27T13:45:49.943Z	spark2	LOAD	22.048	4.272
2026-09-27T13:45:50.154Z	spark1	LOAD	19.995	6.699
2026-09-27T13:45:50.194Z	spark2	LOAD	22.369	4.273
2026-09-27T13:45:50.404Z	spark1	LOAD	20.533	6.699
2026-09-27T13:45:50.454Z	spark2	LOAD	22.238	4.275
2026-09-27T13:45:50.665Z	spark1	LOAD	20.481	6.699
2026-09-27T13:45:50.704Z	spark2	LOAD	22.084	4.281
2026-09-27T13:45:50.916Z	spark1	LOAD	20.447	6.699
2026-09-27T13:45:50.955Z	spark2	LOAD	22.109	4.286
2026-09-27T13:45:51.166Z	spark1	LOAD	20.411	6.699
2026-09-27T13:45:51.205Z	spark2	LOAD	22.004	4.286
2026-09-27T13:45:51.417Z	spark1	LOAD	20.382	6.699
2026-09-27T13:45:51.469Z	spark2	LOAD	21.909	4.302
2026-09-27T13:45:51.683Z	spark1	LOAD	20.317	6.699
2026-09-27T13:45:51.720Z	spark2	LOAD	21.787	4.302
2026-09-27T13:45:51.933Z	spark1	LOAD	20.278	6.699
2026-09-27T13:45:51.969Z	spark2	LOAD	21.651	4.302
2026-09-27T13:45:52.184Z	spark1	LOAD	20.245	6.699
2026-09-27T13:45:52.220Z	spark2	LOAD	21.533	4.301
2026-09-27T13:45:52.434Z	spark1	LOAD	20.213	6.699
2026-09-27T13:45:52.480Z	spark2	LOAD	21.494	4.302
2026-09-27T13:45:52.702Z	spark1	LOAD	20.199	6.699
2026-09-27T13:45:52.731Z	spark2	LOAD	21.379	4.302
2026-09-27T13:45:52.952Z	spark1	LOAD	20.167	6.699
2026-09-27T13:45:52.982Z	spark2	LOAD	21.262	4.303
2026-09-27T13:45:53.202Z	spark1	LOAD	20.136	6.699
2026-09-27T13:45:53.232Z	spark2	LOAD	21.129	4.304
2026-09-27T13:45:53.453Z	spark1	LOAD	20.109	6.699
2026-09-27T13:45:53.492Z	spark2	LOAD	21.009	4.304
2026-09-27T13:45:53.719Z	spark1	LOAD	20.073	6.699
2026-09-27T13:45:53.743Z	spark2	LOAD	20.890	4.304
2026-09-27T13:45:53.970Z	spark1	LOAD	20.044	6.699
2026-09-27T13:45:53.993Z	spark2	LOAD	21.604	4.304
2026-09-27T13:45:54.220Z	spark1	LOAD	20.015	6.699
2026-09-27T13:45:54.243Z	spark2	LOAD	23.371	4.304
2026-09-27T13:45:54.470Z	spark1	LOAD	19.974	6.699
2026-09-27T13:45:54.504Z	spark2	LOAD	23.241	4.304
2026-09-27T13:45:54.731Z	spark1	LOAD	19.911	6.699
2026-09-27T13:45:54.755Z	spark2	LOAD	23.140	4.304
2026-09-27T13:45:54.981Z	spark1	LOAD	19.852	6.699
2026-09-27T13:45:55.005Z	spark2	LOAD	23.038	4.304
2026-09-27T13:45:55.231Z	spark1	LOAD	19.817	6.699
2026-09-27T13:45:55.255Z	spark2	LOAD	22.885	4.304
2026-09-27T13:45:55.482Z	spark1	LOAD	19.503	6.714
2026-09-27T13:45:55.520Z	spark2	LOAD	22.985	4.304
2026-09-27T13:45:55.751Z	spark1	LOAD	19.384	6.765
2026-09-27T13:45:55.770Z	spark2	LOAD	22.866	4.304
2026-09-27T13:45:56.001Z	spark1	LOAD	19.330	6.765
2026-09-27T13:45:56.021Z	spark2	LOAD	22.767	4.304
2026-09-27T13:45:56.252Z	spark1	LOAD	19.298	6.765
2026-09-27T13:45:56.271Z	spark2	LOAD	22.671	4.304
2026-09-27T13:45:56.502Z	spark1	LOAD	19.143	6.765
2026-09-27T13:45:56.535Z	spark2	LOAD	22.588	4.304
2026-09-27T13:45:56.763Z	spark1	LOAD	19.660	6.766
2026-09-27T13:45:56.785Z	spark2	LOAD	22.501	4.305
2026-09-27T13:45:57.014Z	spark1	LOAD	19.266	6.767
2026-09-27T13:45:57.036Z	spark2	LOAD	22.419	4.305
2026-09-27T13:45:57.264Z	spark1	LOAD	19.097	6.766
2026-09-27T13:45:57.287Z	spark2	LOAD	22.317	4.305
2026-09-27T13:45:57.514Z	spark1	LOAD	19.400	6.768
2026-09-27T13:45:57.547Z	spark2	LOAD	22.198	4.305
2026-09-27T13:45:57.783Z	spark1	LOAD	19.425	6.768
2026-09-27T13:45:57.797Z	spark2	LOAD	22.083	4.305
2026-09-27T13:45:58.033Z	spark1	LOAD	19.387	6.768
2026-09-27T13:45:58.049Z	spark2	LOAD	21.942	4.305
2026-09-27T13:45:58.283Z	spark1	LOAD	19.447	6.769
2026-09-27T13:45:58.298Z	spark2	LOAD	21.831	4.306
2026-09-27T13:45:58.534Z	spark1	LOAD	19.933	6.767
2026-09-27T13:45:58.564Z	spark2	LOAD	21.708	4.306
2026-09-27T13:45:58.796Z	spark1	LOAD	21.676	6.763
2026-09-27T13:45:58.814Z	spark2	LOAD	21.571	4.306
2026-09-27T13:45:59.047Z	spark1	LOAD	22.677	6.763
2026-09-27T13:45:59.064Z	spark2	LOAD	21.465	4.306
2026-09-27T13:45:59.297Z	spark1	LOAD	22.666	6.763
2026-09-27T13:45:59.315Z	spark2	LOAD	21.351	4.303
2026-09-27T13:45:59.547Z	spark1	LOAD	22.637	6.763
2026-09-27T13:45:59.576Z	spark2	LOAD	21.181	4.299
2026-09-27T13:45:59.814Z	spark1	LOAD	22.564	6.763
2026-09-27T13:45:59.826Z	spark2	LOAD	21.092	4.296
2026-09-27T13:46:00.064Z	spark1	LOAD	22.540	6.763
2026-09-27T13:46:00.076Z	spark2	LOAD	20.957	4.294
2026-09-27T13:46:00.315Z	spark1	LOAD	22.511	6.763
2026-09-27T13:46:00.326Z	spark2	LOAD	21.277	4.295
2026-09-27T13:46:00.565Z	spark1	LOAD	22.483	6.763
2026-09-27T13:46:00.588Z	spark2	LOAD	23.067	4.295
2026-09-27T13:46:00.832Z	spark1	LOAD	22.447	6.763
2026-09-27T13:46:00.839Z	spark2	LOAD	23.505	4.296
2026-09-27T13:46:01.083Z	spark1	LOAD	22.422	6.763
2026-09-27T13:46:01.089Z	spark2	LOAD	23.382	4.296
2026-09-27T13:46:01.334Z	spark1	LOAD	22.397	6.763
2026-09-27T13:46:01.339Z	spark2	LOAD	23.266	4.297
2026-09-27T13:46:01.585Z	spark1	LOAD	22.362	6.763
2026-09-27T13:46:01.600Z	spark2	LOAD	23.146	4.298
2026-09-27T13:46:01.846Z	spark1	LOAD	22.313	6.763
2026-09-27T13:46:01.850Z	spark2	LOAD	23.031	4.298
2026-09-27T13:46:02.096Z	spark1	LOAD	22.289	6.763
2026-09-27T13:46:02.101Z	spark2	LOAD	22.913	4.298
2026-09-27T13:46:02.347Z	spark1	LOAD	22.261	6.763
2026-09-27T13:46:02.351Z	spark2	LOAD	22.782	4.299
2026-09-27T13:46:02.597Z	spark1	LOAD	22.232	6.763
2026-09-27T13:46:02.611Z	spark2	LOAD	22.689	4.300
2026-09-27T13:46:02.861Z	spark2	LOAD	22.584	4.300
2026-09-27T13:46:02.863Z	spark1	LOAD	22.201	6.763
2026-09-27T13:46:03.112Z	spark2	LOAD	22.197	4.300
2026-09-27T13:46:03.113Z	spark1	LOAD	22.171	6.763
2026-09-27T13:46:03.362Z	spark2	LOAD	21.937	4.300
2026-09-27T13:46:03.363Z	spark1	LOAD	22.141	6.763
2026-09-27T13:46:03.614Z	spark1	LOAD	22.111	6.763
2026-09-27T13:46:03.626Z	spark2	LOAD	21.783	4.300
2026-09-27T13:46:03.877Z	spark2	LOAD	21.673	4.300
2026-09-27T13:46:03.880Z	spark1	LOAD	22.053	6.763
2026-09-27T13:46:04.127Z	spark2	LOAD	21.562	4.300
2026-09-27T13:46:04.131Z	spark1	LOAD	22.025	6.763
2026-09-27T13:46:04.377Z	spark2	LOAD	21.445	4.300
2026-09-27T13:46:04.381Z	spark1	LOAD	21.992	6.763
2026-09-27T13:46:04.632Z	spark1	LOAD	21.955	6.763
2026-09-27T13:46:04.639Z	spark2	LOAD	21.323	4.300
2026-09-27T13:46:04.889Z	spark2	LOAD	21.200	4.300
2026-09-27T13:46:04.894Z	spark1	LOAD	21.920	6.763
2026-09-27T13:46:05.140Z	spark2	LOAD	21.062	4.300
2026-09-27T13:46:05.144Z	spark1	LOAD	21.887	6.763
2026-09-27T13:46:05.390Z	spark2	LOAD	20.957	4.300
2026-09-27T13:46:05.395Z	spark1	LOAD	21.859	6.763
2026-09-27T13:46:05.645Z	spark1	LOAD	21.832	6.763
2026-09-27T13:46:05.650Z	spark2	LOAD	20.833	4.300
2026-09-27T13:46:05.901Z	spark2	LOAD	20.662	4.300
2026-09-27T13:46:05.912Z	spark1	LOAD	21.783	6.763
2026-09-27T13:46:06.152Z	spark2	LOAD	20.991	4.301
2026-09-27T13:46:06.162Z	spark1	LOAD	21.765	6.763
2026-09-27T13:46:06.402Z	spark2	LOAD	20.847	4.301
2026-09-27T13:46:06.413Z	spark1	LOAD	21.736	6.763
2026-09-27T13:46:06.663Z	spark1	LOAD	21.707	6.763
2026-09-27T13:46:06.665Z	spark2	LOAD	20.750	4.303
2026-09-27T13:46:06.916Z	spark2	LOAD	21.278	4.303
2026-09-27T13:46:06.929Z	spark1	LOAD	21.666	6.763
2026-09-27T13:46:07.167Z	spark2	LOAD	23.039	4.303
2026-09-27T13:46:07.179Z	spark1	LOAD	21.648	6.763
2026-09-27T13:46:07.416Z	spark2	LOAD	23.174	4.303
2026-09-27T13:46:07.430Z	spark1	LOAD	21.615	6.763
2026-09-27T13:46:07.677Z	spark2	LOAD	23.115	4.303
2026-09-27T13:46:07.680Z	spark1	LOAD	21.586	6.763
2026-09-27T13:46:07.927Z	spark2	LOAD	23.005	4.303
2026-09-27T13:46:07.942Z	spark1	LOAD	21.529	6.763
2026-09-27T13:46:08.177Z	spark2	LOAD	22.919	4.303
2026-09-27T13:46:08.192Z	spark1	LOAD	21.492	6.763
2026-09-27T13:46:08.427Z	spark2	LOAD	22.809	4.303
2026-09-27T13:46:08.443Z	spark1	LOAD	21.464	6.763
2026-09-27T13:46:08.688Z	spark2	LOAD	22.726	4.303
2026-09-27T13:46:08.693Z	spark1	LOAD	21.432	6.763
2026-09-27T13:46:08.938Z	spark2	LOAD	22.630	4.303
2026-09-27T13:46:08.956Z	spark1	LOAD	21.394	6.763
2026-09-27T13:46:09.189Z	spark2	LOAD	22.547	4.303
2026-09-27T13:46:09.207Z	spark1	LOAD	21.364	6.763
2026-09-27T13:46:09.439Z	spark2	LOAD	22.458	4.303
2026-09-27T13:46:09.457Z	spark1	LOAD	21.406	6.764
2026-09-27T13:46:09.703Z	spark2	LOAD	22.336	4.303
2026-09-27T13:46:09.707Z	spark1	LOAD	21.376	6.764
2026-09-27T13:46:09.953Z	spark2	LOAD	22.254	4.303
2026-09-27T13:46:09.975Z	spark1	LOAD	21.293	6.764
2026-09-27T13:46:10.204Z	spark2	LOAD	22.165	4.303
2026-09-27T13:46:10.226Z	spark1	LOAD	21.301	6.765
2026-09-27T13:46:10.454Z	spark2	LOAD	22.275	4.299
2026-09-27T13:46:10.476Z	spark1	LOAD	21.255	6.765
2026-09-27T13:46:10.715Z	spark2	LOAD	22.209	4.297
2026-09-27T13:46:10.726Z	spark1	LOAD	21.220	6.765
2026-09-27T13:46:10.965Z	spark2	LOAD	22.058	4.294
2026-09-27T13:46:10.987Z	spark1	LOAD	21.191	6.765
2026-09-27T13:46:11.215Z	spark2	LOAD	21.980	4.292
2026-09-27T13:46:11.238Z	spark1	LOAD	21.130	6.765
2026-09-27T13:46:11.465Z	spark2	LOAD	21.833	4.291
2026-09-27T13:46:11.489Z	spark1	LOAD	21.094	6.765
2026-09-27T13:46:11.730Z	spark2	LOAD	21.379	4.291
2026-09-27T13:46:11.740Z	spark1	LOAD	21.061	6.766
2026-09-27T13:46:11.980Z	spark2	LOAD	21.736	4.292
2026-09-27T13:46:12.001Z	spark1	LOAD	21.025	6.766
2026-09-27T13:46:12.231Z	spark2	LOAD	21.663	4.292
2026-09-27T13:46:12.251Z	spark1	LOAD	20.956	6.766
2026-09-27T13:46:12.481Z	spark2	LOAD	21.582	4.292
2026-09-27T13:46:12.502Z	spark1	LOAD	20.922	6.766
2026-09-27T13:46:12.741Z	spark2	LOAD	21.479	4.293
2026-09-27T13:46:12.752Z	spark1	LOAD	20.942	6.767
2026-09-27T13:46:12.992Z	spark2	LOAD	21.404	4.293
2026-09-27T13:46:13.019Z	spark1	LOAD	20.900	6.767
2026-09-27T13:46:13.243Z	spark2	LOAD	21.322	4.293
2026-09-27T13:46:13.269Z	spark1	LOAD	20.861	6.767
2026-09-27T13:46:13.493Z	spark2	LOAD	21.229	4.293
2026-09-27T13:46:13.520Z	spark1	LOAD	20.826	6.767
2026-09-27T13:46:13.757Z	spark2	LOAD	21.146	4.293
2026-09-27T13:46:13.770Z	spark1	LOAD	20.791	6.767
2026-09-27T13:46:14.007Z	spark2	LOAD	21.060	4.293
2026-09-27T13:46:14.032Z	spark1	LOAD	20.756	6.768
2026-09-27T13:46:14.258Z	spark2	LOAD	22.106	4.293
2026-09-27T13:46:14.282Z	spark1	LOAD	20.701	6.768
2026-09-27T13:46:14.508Z	spark2	LOAD	23.354	4.293
2026-09-27T13:46:14.533Z	spark1	LOAD	20.666	6.768
2026-09-27T13:46:14.770Z	spark2	LOAD	23.334	4.293
2026-09-27T13:46:14.783Z	spark1	LOAD	20.631	6.768
2026-09-27T13:46:15.020Z	spark2	LOAD	23.263	4.293
2026-09-27T13:46:15.049Z	spark1	LOAD	20.597	6.768
2026-09-27T13:46:15.270Z	spark2	LOAD	23.134	4.293
2026-09-27T13:46:15.299Z	spark1	LOAD	20.519	6.768
2026-09-27T13:46:15.520Z	spark2	LOAD	23.013	4.293
2026-09-27T13:46:15.549Z	spark1	LOAD	20.491	6.768
2026-09-27T13:46:15.781Z	spark2	LOAD	22.891	4.293
2026-09-27T13:46:15.799Z	spark1	LOAD	20.454	6.767
2026-09-27T13:46:16.030Z	spark2	LOAD	22.777	4.293
2026-09-27T13:46:16.066Z	spark1	LOAD	20.416	6.767
2026-09-27T13:46:16.280Z	spark2	LOAD	22.723	4.293
2026-09-27T13:46:16.316Z	spark1	LOAD	20.438	6.767
2026-09-27T13:46:16.531Z	spark2	LOAD	22.640	4.293
2026-09-27T13:46:16.567Z	spark1	LOAD	20.407	6.767
2026-09-27T13:46:16.790Z	spark2	LOAD	22.525	4.293
2026-09-27T13:46:16.817Z	spark1	LOAD	20.372	6.767
2026-09-27T13:46:17.040Z	spark2	LOAD	22.415	4.295
2026-09-27T13:46:17.084Z	spark1	LOAD	20.304	6.767
2026-09-27T13:46:17.291Z	spark2	LOAD	22.333	4.296
2026-09-27T13:46:17.334Z	spark1	LOAD	20.275	6.767
2026-09-27T13:46:17.541Z	spark2	LOAD	22.186	4.296
2026-09-27T13:46:17.585Z	spark1	LOAD	20.240	6.767
2026-09-27T13:46:17.801Z	spark2	LOAD	22.096	4.296
2026-09-27T13:46:17.835Z	spark1	LOAD	20.214	6.767
2026-09-27T13:46:18.052Z	spark2	LOAD	21.993	4.299
2026-09-27T13:46:18.101Z	spark1	LOAD	20.227	6.768
2026-09-27T13:46:18.302Z	spark2	LOAD	21.879	4.299
2026-09-27T13:46:18.352Z	spark1	LOAD	20.156	6.768
2026-09-27T13:46:18.553Z	spark2	LOAD	21.766	4.300
2026-09-27T13:46:18.602Z	spark1	LOAD	20.116	6.768
2026-09-27T13:46:18.813Z	spark2	LOAD	21.642	4.301
2026-09-27T13:46:18.852Z	spark1	LOAD	19.767	6.768
2026-09-27T13:46:19.064Z	spark2	LOAD	21.581	4.302
2026-09-27T13:46:19.114Z	spark1	LOAD	19.569	6.768
2026-09-27T13:46:19.314Z	spark2	LOAD	21.461	4.302
2026-09-27T13:46:19.364Z	spark1	LOAD	20.076	6.768
2026-09-27T13:46:19.564Z	spark2	LOAD	21.358	4.302
2026-09-27T13:46:19.615Z	spark1	LOAD	20.044	6.768
2026-09-27T13:46:19.826Z	spark2	LOAD	21.246	4.303
2026-09-27T13:46:19.865Z	spark1	LOAD	20.011	6.768
2026-09-27T13:46:20.075Z	spark2	LOAD	21.150	4.303
2026-09-27T13:46:20.132Z	spark1	LOAD	19.960	6.768
2026-09-27T13:46:20.326Z	spark2	LOAD	21.020	4.304
2026-09-27T13:46:20.382Z	spark1	LOAD	19.907	6.768
2026-09-27T13:46:20.577Z	spark2	LOAD	20.965	4.304
2026-09-27T13:46:20.633Z	spark1	LOAD	19.880	6.768
2026-09-27T13:46:20.842Z	spark2	LOAD	21.102	4.304
2026-09-27T13:46:20.883Z	spark1	LOAD	19.848	6.768
2026-09-27T13:46:21.092Z	spark2	LOAD	23.256	4.304
2026-09-27T13:46:21.144Z	spark1	LOAD	19.820	6.768
2026-09-27T13:46:21.343Z	spark2	LOAD	23.341	4.304
2026-09-27T13:46:21.394Z	spark1	LOAD	19.773	6.767
2026-09-27T13:46:21.594Z	spark2	LOAD	23.224	4.303
2026-09-27T13:46:21.644Z	spark1	LOAD	19.739	6.767
2026-09-27T13:46:21.853Z	spark2	LOAD	23.104	4.300
2026-09-27T13:46:21.894Z	spark1	LOAD	19.738	6.767
2026-09-27T13:46:22.104Z	spark2	LOAD	22.983	4.296
2026-09-27T13:46:22.156Z	spark1	LOAD	19.698	6.767
2026-09-27T13:46:22.354Z	spark2	LOAD	22.868	4.293
2026-09-27T13:46:22.407Z	spark1	LOAD	19.618	6.767
2026-09-27T13:46:22.604Z	spark2	LOAD	22.778	4.290
2026-09-27T13:46:22.657Z	spark1	LOAD	19.600	6.767
2026-09-27T13:46:22.868Z	spark2	LOAD	22.695	4.290
2026-09-27T13:46:22.908Z	spark1	LOAD	19.561	6.767
2026-09-27T13:46:23.119Z	spark2	LOAD	22.615	4.290
2026-09-27T13:46:23.174Z	spark1	LOAD	19.526	6.767
2026-09-27T13:46:23.369Z	spark2	LOAD	22.479	4.290
2026-09-27T13:46:23.424Z	spark1	LOAD	19.485	6.767
2026-09-27T13:46:23.619Z	spark2	LOAD	22.394	4.290
2026-09-27T13:46:23.674Z	spark1	LOAD	19.459	6.767
2026-09-27T13:46:23.880Z	spark2	LOAD	22.284	4.290
2026-09-27T13:46:23.924Z	spark1	LOAD	20.683	6.767
2026-09-27T13:46:24.130Z	spark2	LOAD	22.187	4.290
2026-09-27T13:46:24.191Z	spark1	LOAD	22.159	6.767
2026-09-27T13:46:24.380Z	spark2	LOAD	22.112	4.290
2026-09-27T13:46:24.441Z	spark1	LOAD	22.757	6.767
2026-09-27T13:46:24.631Z	spark2	LOAD	22.128	4.291
2026-09-27T13:46:24.692Z	spark1	LOAD	22.733	6.767
2026-09-27T13:46:24.891Z	spark2	LOAD	21.995	4.291
2026-09-27T13:46:24.942Z	spark1	LOAD	22.709	6.767
2026-09-27T13:46:25.141Z	spark2	LOAD	21.908	4.291
2026-09-27T13:46:25.210Z	spark1	LOAD	22.677	6.767
2026-09-27T13:46:25.392Z	spark2	LOAD	21.371	4.291
2026-09-27T13:46:25.460Z	spark1	LOAD	22.652	6.767
2026-09-27T13:46:25.643Z	spark2	LOAD	21.726	4.291
2026-09-27T13:46:25.711Z	spark1	LOAD	22.627	6.767
2026-09-27T13:46:25.903Z	spark2	LOAD	21.180	4.291
2026-09-27T13:46:25.962Z	spark1	LOAD	22.599	6.767
2026-09-27T13:46:26.154Z	spark2	LOAD	21.515	4.293
2026-09-27T13:46:26.228Z	spark1	LOAD	22.568	6.767
2026-09-27T13:46:26.403Z	spark2	LOAD	20.990	4.293
2026-09-27T13:46:26.478Z	spark1	LOAD	22.501	6.767
2026-09-27T13:46:26.654Z	spark2	LOAD	21.313	4.294
2026-09-27T13:46:26.728Z	spark1	LOAD	22.470	6.767
2026-09-27T13:46:26.914Z	spark2	LOAD	21.227	4.295
2026-09-27T13:46:26.979Z	spark1	LOAD	22.430	6.767
2026-09-27T13:46:27.164Z	spark2	LOAD	21.110	4.296
2026-09-27T13:46:27.240Z	spark1	LOAD	22.403	6.767
2026-09-27T13:46:27.415Z	spark2	LOAD	21.913	4.296
2026-09-27T13:46:27.491Z	spark1	LOAD	22.375	6.767
2026-09-27T13:46:27.665Z	spark2	LOAD	23.494	4.296
2026-09-27T13:46:27.741Z	spark1	LOAD	22.340	6.767
2026-09-27T13:46:27.930Z	spark2	LOAD	23.399	4.296
2026-09-27T13:46:27.992Z	spark1	LOAD	22.310	6.767
2026-09-27T13:46:28.180Z	spark2	LOAD	23.294	4.296
2026-09-27T13:46:28.253Z	spark1	LOAD	22.273	6.767
2026-09-27T13:46:28.430Z	spark2	LOAD	23.181	4.296
2026-09-27T13:46:28.503Z	spark1	LOAD	22.207	6.767
2026-09-27T13:46:28.681Z	spark2	LOAD	23.071	4.296
2026-09-27T13:46:28.753Z	spark1	LOAD	22.174	6.767
2026-09-27T13:46:28.946Z	spark2	LOAD	22.943	4.296
2026-09-27T13:46:29.004Z	spark1	LOAD	22.142	6.767
2026-09-27T13:46:29.196Z	spark2	LOAD	22.851	4.296
2026-09-27T13:46:29.266Z	spark1	LOAD	22.108	6.767
2026-09-27T13:46:29.446Z	spark2	LOAD	22.746	4.296
2026-09-27T13:46:29.516Z	spark1	LOAD	22.062	6.711
2026-09-27T13:46:29.697Z	spark2	LOAD	22.640	4.296
2026-09-27T13:46:29.766Z	spark1	LOAD	22.030	6.711
2026-09-27T13:46:29.962Z	spark2	LOAD	22.554	4.296
2026-09-27T13:46:30.017Z	spark1	LOAD	21.943	6.711
2026-09-27T13:46:30.212Z	spark2	LOAD	22.431	4.297
2026-09-27T13:46:30.285Z	spark1	LOAD	21.906	6.711
2026-09-27T13:46:30.463Z	spark2	LOAD	22.307	4.298
2026-09-27T13:46:30.536Z	spark1	LOAD	21.876	6.711
2026-09-27T13:46:30.713Z	spark2	LOAD	22.203	4.299
2026-09-27T13:46:30.786Z	spark1	LOAD	21.819	6.711
2026-09-27T13:46:30.979Z	spark2	LOAD	21.653	4.299
2026-09-27T13:46:31.037Z	spark1	LOAD	21.788	6.711
2026-09-27T13:46:31.229Z	spark2	LOAD	22.018	4.300
2026-09-27T13:46:31.299Z	spark1	LOAD	21.754	6.711
2026-09-27T13:46:31.479Z	spark2	LOAD	21.452	4.300
2026-09-27T13:46:31.549Z	spark1	LOAD	21.719	6.711
2026-09-27T13:46:31.730Z	spark2	LOAD	21.764	4.301
2026-09-27T13:46:31.800Z	spark1	LOAD	21.687	6.711
2026-09-27T13:46:31.990Z	spark2	LOAD	21.663	4.302
2026-09-27T13:46:32.050Z	spark1	LOAD	21.646	6.711
2026-09-27T13:46:32.240Z	spark2	LOAD	21.140	4.303
2026-09-27T13:46:32.317Z	spark1	LOAD	21.616	6.711
2026-09-27T13:46:32.490Z	spark2	LOAD	21.349	4.305
2026-09-27T13:46:32.567Z	spark1	LOAD	21.552	6.711
2026-09-27T13:46:32.740Z	spark2	LOAD	21.353	4.305
2026-09-27T13:46:32.817Z	spark1	LOAD	21.509	6.711
2026-09-27T13:46:33.001Z	spark2	LOAD	21.212	4.302
2026-09-27T13:46:33.067Z	spark1	LOAD	21.481	6.711
2026-09-27T13:46:33.251Z	spark2	LOAD	21.099	4.299
2026-09-27T13:46:33.329Z	spark1	LOAD	21.451	6.711
2026-09-27T13:46:33.502Z	spark2	LOAD	21.005	4.298
2026-09-27T13:46:33.579Z	spark1	LOAD	21.404	6.711
2026-09-27T13:46:33.752Z	spark2	LOAD	20.894	4.295
2026-09-27T13:46:33.830Z	spark1	LOAD	21.429	6.711
2026-09-27T13:46:34.017Z	spark2	LOAD	20.834	4.294
2026-09-27T13:46:34.080Z	spark1	LOAD	21.402	6.711
2026-09-27T13:46:34.268Z	spark2	LOAD	22.634	4.294
2026-09-27T13:46:34.342Z	spark1	LOAD	21.465	6.711
2026-09-27T13:46:34.518Z	spark2	LOAD	23.439	4.294
2026-09-27T13:46:34.592Z	spark1	LOAD	21.430	6.711
2026-09-27T13:46:34.769Z	spark2	LOAD	23.371	4.294
2026-09-27T13:46:34.843Z	spark1	LOAD	21.369	6.711
2026-09-27T13:46:35.028Z	spark2	LOAD	23.244	4.294
2026-09-27T13:46:35.093Z	spark1	LOAD	21.334	6.711
2026-09-27T13:46:35.279Z	spark2	LOAD	23.149	4.294
2026-09-27T13:46:35.359Z	spark1	LOAD	21.306	6.711
2026-09-27T13:46:35.529Z	spark2	LOAD	23.047	4.294
2026-09-27T13:46:35.610Z	spark1	LOAD	21.272	6.711
2026-09-27T13:46:35.779Z	spark2	LOAD	22.950	4.294
2026-09-27T13:46:35.861Z	spark1	LOAD	21.236	6.711
2026-09-27T13:46:36.040Z	spark2	LOAD	22.836	4.294
2026-09-27T13:46:36.111Z	spark1	LOAD	21.203	6.711
2026-09-27T13:46:36.290Z	spark2	LOAD	22.724	4.294
2026-09-27T13:46:36.378Z	spark1	LOAD	21.165	6.711
2026-09-27T13:46:36.540Z	spark2	LOAD	22.625	4.294
2026-09-27T13:46:36.628Z	spark1	LOAD	21.135	6.711
2026-09-27T13:46:36.791Z	spark2	LOAD	22.520	4.294
2026-09-27T13:46:36.879Z	spark1	LOAD	21.081	6.711
2026-09-27T13:46:37.052Z	spark2	LOAD	22.408	4.294
2026-09-27T13:46:37.130Z	spark1	LOAD	21.043	6.711
2026-09-27T13:46:37.302Z	spark2	LOAD	22.307	4.294
2026-09-27T13:46:37.396Z	spark1	LOAD	21.014	6.715
2026-09-27T13:46:37.552Z	spark2	LOAD	22.204	4.294
2026-09-27T13:46:37.646Z	spark1	LOAD	21.001	6.721
2026-09-27T13:46:37.803Z	spark2	LOAD	22.091	4.294
2026-09-27T13:46:37.897Z	spark1	LOAD	20.972	6.725
2026-09-27T13:46:38.063Z	spark2	LOAD	21.996	4.295
2026-09-27T13:46:38.148Z	spark1	LOAD	20.935	6.725
2026-09-27T13:46:38.313Z	spark2	LOAD	21.883	4.295
2026-09-27T13:46:38.410Z	spark1	LOAD	20.909	6.729
2026-09-27T13:46:38.565Z	spark2	LOAD	21.791	4.295
2026-09-27T13:46:38.660Z	spark1	LOAD	20.850	6.733
2026-09-27T13:46:38.814Z	spark2	LOAD	21.692	4.296
2026-09-27T13:46:38.911Z	spark1	LOAD	20.794	6.739
2026-09-27T13:46:39.075Z	spark2	LOAD	21.603	4.297
2026-09-27T13:46:39.161Z	spark1	LOAD	20.596	6.739
2026-09-27T13:46:39.326Z	spark2	LOAD	21.022	4.297
2026-09-27T13:46:39.429Z	spark1	LOAD	20.216	6.739
2026-09-27T13:46:39.576Z	spark2	LOAD	20.936	4.297
2026-09-27T13:46:39.679Z	spark1	LOAD	20.740	6.740
2026-09-27T13:46:39.826Z	spark2	LOAD	21.285	4.298
2026-09-27T13:46:39.929Z	spark1	LOAD	20.707	6.740
2026-09-27T13:46:40.086Z	spark2	LOAD	20.763	4.298
2026-09-27T13:46:40.180Z	spark1	LOAD	20.678	6.740
2026-09-27T13:46:40.336Z	spark2	LOAD	21.090	4.299
2026-09-27T13:46:40.446Z	spark1	LOAD	20.641	6.740
2026-09-27T13:46:40.587Z	spark2	LOAD	20.999	4.302
2026-09-27T13:46:40.697Z	spark1	LOAD	20.618	6.740
2026-09-27T13:46:40.837Z	spark2	LOAD	20.878	4.303
2026-09-27T13:46:40.947Z	spark1	LOAD	20.549	6.740
2026-09-27T13:46:41.097Z	spark2	LOAD	20.782	4.304
2026-09-27T13:46:41.198Z	spark1	LOAD	20.561	6.740
2026-09-27T13:46:41.348Z	spark2	LOAD	21.930	4.304
2026-09-27T13:46:41.458Z	spark1	LOAD	20.514	6.740
2026-09-27T13:46:41.598Z	spark2	LOAD	23.069	4.304
2026-09-27T13:46:41.709Z	spark1	LOAD	20.485	6.740
2026-09-27T13:46:41.849Z	spark2	LOAD	23.041	4.304
2026-09-27T13:46:41.959Z	spark1	LOAD	20.447	6.740
2026-09-27T13:46:42.110Z	spark2	LOAD	23.010	4.304
2026-09-27T13:46:42.209Z	spark1	LOAD	20.423	6.740
2026-09-27T13:46:42.360Z	spark2	LOAD	22.981	4.304
2026-09-27T13:46:42.471Z	spark1	LOAD	20.386	6.740
2026-09-27T13:46:42.610Z	spark2	LOAD	22.950	4.304
2026-09-27T13:46:42.722Z	spark1	LOAD	20.148	6.740
2026-09-27T13:46:42.861Z	spark2	LOAD	22.926	4.304
2026-09-27T13:46:42.972Z	spark1	LOAD	19.833	6.740
2026-09-27T13:46:43.122Z	spark2	LOAD	22.842	4.304
2026-09-27T13:46:43.223Z	spark1	LOAD	20.287	6.740
2026-09-27T13:46:43.371Z	spark2	LOAD	22.736	4.304
2026-09-27T13:46:43.491Z	spark1	LOAD	20.226	6.740
2026-09-27T13:46:43.621Z	spark2	LOAD	22.636	4.304
2026-09-27T13:46:43.741Z	spark1	LOAD	20.187	6.739
2026-09-27T13:46:43.872Z	spark2	LOAD	22.515	4.304
2026-09-27T13:46:43.992Z	spark1	LOAD	20.155	6.740
2026-09-27T13:46:44.132Z	spark2	LOAD	22.379	4.301
2026-09-27T13:46:44.242Z	spark1	LOAD	20.120	6.740
2026-09-27T13:46:44.382Z	spark2	LOAD	22.225	4.297
2026-09-27T13:46:44.508Z	spark1	LOAD	20.088	6.740
2026-09-27T13:46:44.633Z	spark2	LOAD	22.211	4.294
2026-09-27T13:46:44.758Z	spark1	LOAD	20.048	6.740
2026-09-27T13:46:44.883Z	spark2	LOAD	22.112	4.293
2026-09-27T13:46:45.009Z	spark1	LOAD	20.044	6.740
2026-09-27T13:46:45.147Z	spark2	LOAD	22.006	4.295
2026-09-27T13:46:45.259Z	spark1	LOAD	20.036	6.740
2026-09-27T13:46:45.398Z	spark2	LOAD	21.936	4.295
2026-09-27T13:46:45.521Z	spark1	LOAD	20.000	6.740
2026-09-27T13:46:45.648Z	spark2	LOAD	21.846	4.295
2026-09-27T13:46:45.772Z	spark1	LOAD	19.967	6.740
2026-09-27T13:46:45.899Z	spark2	LOAD	21.770	4.295
2026-09-27T13:46:46.022Z	spark1	LOAD	19.934	6.740
2026-09-27T13:46:46.158Z	spark2	LOAD	21.683	4.295
2026-09-27T13:46:46.273Z	spark1	LOAD	19.902	6.740
2026-09-27T13:46:46.408Z	spark2	LOAD	21.561	4.296
2026-09-27T13:46:46.535Z	spark1	LOAD	19.862	6.740
2026-09-27T13:46:46.659Z	spark2	LOAD	21.441	4.296
2026-09-27T13:46:46.785Z	spark1	LOAD	19.829	6.741
2026-09-27T13:46:46.909Z	spark2	LOAD	21.309	4.296
2026-09-27T13:46:47.035Z	spark1	LOAD	19.758	6.741
2026-09-27T13:46:47.171Z	spark2	LOAD	21.222	4.296
2026-09-27T13:46:47.286Z	spark1	LOAD	21.058	6.741
2026-09-27T13:46:47.421Z	spark2	LOAD	21.053	4.296
2026-09-27T13:46:47.549Z	spark1	LOAD	22.832	6.741
2026-09-27T13:46:47.670Z	spark2	LOAD	21.092	4.296
2026-09-27T13:46:47.800Z	spark1	LOAD	22.814	6.741
2026-09-27T13:46:47.921Z	spark2	LOAD	21.015	4.297
2026-09-27T13:46:48.051Z	spark1	LOAD	22.790	6.741
2026-09-27T13:46:48.187Z	spark2	LOAD	21.624	4.298
2026-09-27T13:46:48.301Z	spark1	LOAD	22.761	6.741
2026-09-27T13:46:48.438Z	spark2	LOAD	23.372	4.298
2026-09-27T13:46:48.568Z	spark1	LOAD	22.725	6.741
2026-09-27T13:46:48.689Z	spark2	LOAD	23.375	4.298
2026-09-27T13:46:48.818Z	spark1	LOAD	22.700	6.741
2026-09-27T13:46:48.940Z	spark2	LOAD	23.348	4.298
2026-09-27T13:46:49.069Z	spark1	LOAD	22.669	6.741
2026-09-27T13:46:49.205Z	spark2	LOAD	23.220	4.298
2026-09-27T13:46:49.319Z	spark1	LOAD	22.612	6.740
2026-09-27T13:46:49.454Z	spark2	LOAD	23.119	4.298
2026-09-27T13:46:49.586Z	spark1	LOAD	22.580	6.740
2026-09-27T13:46:49.704Z	spark2	LOAD	23.012	4.298
2026-09-27T13:46:49.837Z	spark1	LOAD	22.509	6.740
2026-09-27T13:46:49.955Z	spark2	LOAD	22.906	4.298
2026-09-27T13:46:50.087Z	spark1	LOAD	22.475	6.739
2026-09-27T13:46:50.219Z	spark2	LOAD	22.765	4.298
2026-09-27T13:46:50.337Z	spark1	LOAD	22.443	6.739
2026-09-27T13:46:50.469Z	spark2	LOAD	22.655	4.298
2026-09-27T13:46:50.599Z	spark1	LOAD	22.406	6.739
2026-09-27T13:46:50.720Z	spark2	LOAD	22.542	4.298
2026-09-27T13:46:50.849Z	spark1	LOAD	22.373	6.739
2026-09-27T13:46:50.970Z	spark2	LOAD	22.430	4.298
2026-09-27T13:46:51.100Z	spark1	LOAD	22.339	6.739
2026-09-27T13:46:51.231Z	spark2	LOAD	22.319	4.298
2026-09-27T13:46:51.350Z	spark1	LOAD	22.291	6.739
2026-09-27T13:46:51.481Z	spark2	LOAD	22.263	4.298
2026-09-27T13:46:51.612Z	spark1	LOAD	22.251	6.739
2026-09-27T13:46:51.731Z	spark2	LOAD	22.158	4.298
2026-09-27T13:46:51.862Z	spark1	LOAD	22.222	6.739
2026-09-27T13:46:51.981Z	spark2	LOAD	22.045	4.299
2026-09-27T13:46:52.112Z	spark1	LOAD	22.183	6.739
2026-09-27T13:46:52.246Z	spark2	LOAD	21.946	4.299
2026-09-27T13:46:52.362Z	spark1	LOAD	22.155	6.739
2026-09-27T13:46:52.496Z	spark2	LOAD	21.870	4.299
2026-09-27T13:46:52.628Z	spark1	LOAD	22.117	6.739
2026-09-27T13:46:52.747Z	spark2	LOAD	21.755	4.299
2026-09-27T13:46:52.879Z	spark1	LOAD	22.085	6.739
2026-09-27T13:46:52.997Z	spark2	LOAD	21.626	4.300
2026-09-27T13:46:53.129Z	spark1	LOAD	22.056	6.739
2026-09-27T13:46:53.262Z	spark2	LOAD	21.538	4.301
2026-09-27T13:46:53.379Z	spark1	LOAD	22.001	6.739
2026-09-27T13:46:53.512Z	spark2	LOAD	21.430	4.301
2026-09-27T13:46:53.645Z	spark1	LOAD	21.966	6.739
2026-09-27T13:46:53.762Z	spark2	LOAD	21.311	4.301
2026-09-27T13:46:53.896Z	spark1	LOAD	21.935	6.739
2026-09-27T13:46:54.012Z	spark2	LOAD	21.204	4.303
2026-09-27T13:46:54.146Z	spark1	LOAD	21.897	6.739
2026-09-27T13:46:54.277Z	spark2	LOAD	21.055	4.303
2026-09-27T13:46:54.396Z	spark1	LOAD	21.860	6.739
2026-09-27T13:46:54.527Z	spark2	LOAD	20.968	4.304
2026-09-27T13:46:54.657Z	spark1	LOAD	21.780	6.739
2026-09-27T13:46:54.778Z	spark2	LOAD	21.476	4.304
2026-09-27T13:46:54.907Z	spark1	LOAD	21.741	6.739
2026-09-27T13:46:55.028Z	spark2	LOAD	23.343	4.304
2026-09-27T13:46:55.157Z	spark1	LOAD	21.710	6.739
2026-09-27T13:46:55.292Z	spark2	LOAD	23.426	4.300
2026-09-27T13:46:55.408Z	spark1	LOAD	21.657	6.739
2026-09-27T13:46:55.543Z	spark2	LOAD	23.281	4.297
2026-09-27T13:46:55.675Z	spark1	LOAD	21.622	6.739
2026-09-27T13:46:55.794Z	spark2	LOAD	23.124	4.293
2026-09-27T13:46:55.925Z	spark1	LOAD	21.576	6.739
2026-09-27T13:46:56.044Z	spark2	LOAD	22.927	4.291
2026-09-27T13:46:56.175Z	spark1	LOAD	21.548	6.739
2026-09-27T13:46:56.304Z	spark2	LOAD	22.628	4.291
2026-09-27T13:46:56.426Z	spark1	LOAD	21.521	6.739
2026-09-27T13:46:56.555Z	spark2	LOAD	22.523	4.291
2026-09-27T13:46:56.687Z	spark1	LOAD	21.097	6.738
2026-09-27T13:46:56.805Z	spark2	LOAD	22.419	4.291
2026-09-27T13:46:56.938Z	spark1	LOAD	21.536	6.738
2026-09-27T13:46:57.055Z	spark2	LOAD	22.306	4.291
2026-09-27T13:46:57.188Z	spark1	LOAD	21.496	6.738
2026-09-27T13:46:57.315Z	spark2	LOAD	22.179	4.291
2026-09-27T13:46:57.438Z	spark1	LOAD	21.427	6.738
2026-09-27T13:46:57.566Z	spark2	LOAD	22.041	4.291
2026-09-27T13:46:57.700Z	spark1	LOAD	21.399	6.738
2026-09-27T13:46:57.817Z	spark2	LOAD	22.383	4.292
2026-09-27T13:46:57.950Z	spark1	LOAD	21.365	6.738
2026-09-27T13:46:58.067Z	spark2	LOAD	22.282	4.292
2026-09-27T13:46:58.200Z	spark1	LOAD	21.376	6.738
2026-09-27T13:46:58.328Z	spark2	LOAD	22.177	4.294
2026-09-27T13:46:58.450Z	spark1	LOAD	20.818	6.739
2026-09-27T13:46:58.578Z	spark2	LOAD	22.052	4.294
2026-09-27T13:46:58.716Z	spark1	LOAD	21.306	6.739
2026-09-27T13:46:58.829Z	spark2	LOAD	21.931	4.294
2026-09-27T13:46:58.966Z	spark1	LOAD	21.272	6.739
2026-09-27T13:46:59.080Z	spark2	LOAD	21.813	4.294
2026-09-27T13:46:59.217Z	spark1	LOAD	21.242	6.739
2026-09-27T13:46:59.344Z	spark2	LOAD	21.689	4.292
2026-09-27T13:46:59.467Z	spark1	LOAD	21.225	6.740
2026-09-27T13:46:59.594Z	spark2	LOAD	21.575	4.291
2026-09-27T13:46:59.734Z	spark1	LOAD	21.189	6.741
2026-09-27T13:46:59.845Z	spark2	LOAD	21.497	4.292
2026-09-27T13:46:59.984Z	spark1	LOAD	21.155	6.741
2026-09-27T13:47:00.095Z	spark2	LOAD	20.914	4.292
2026-09-27T13:47:00.235Z	spark1	LOAD	21.128	6.741
2026-09-27T13:47:00.359Z	spark2	LOAD	21.245	4.293
2026-09-27T13:47:00.485Z	spark1	LOAD	21.068	6.741
2026-09-27T13:47:00.610Z	spark2	LOAD	20.683	4.293
2026-09-27T13:47:00.754Z	spark1	LOAD	21.031	6.741
2026-09-27T13:47:00.860Z	spark2	LOAD	21.039	4.294
2026-09-27T13:47:01.004Z	spark1	LOAD	20.997	6.741
2026-09-27T13:47:01.111Z	spark2	LOAD	20.942	4.295
2026-09-27T13:47:01.254Z	spark1	LOAD	20.967	6.741
2026-09-27T13:47:01.375Z	spark2	LOAD	21.256	4.295
2026-09-27T13:47:01.504Z	spark1	LOAD	20.932	6.741
2026-09-27T13:47:01.626Z	spark2	LOAD	22.933	4.295
2026-09-27T13:47:01.771Z	spark1	LOAD	20.895	6.741
2026-09-27T13:47:01.876Z	spark2	LOAD	23.283	4.295
2026-09-27T13:47:02.021Z	spark1	LOAD	20.860	6.741
2026-09-27T13:47:02.127Z	spark2	LOAD	23.255	4.295
2026-09-27T13:47:02.272Z	spark1	LOAD	20.833	6.742
2026-09-27T13:47:02.391Z	spark2	LOAD	23.229	4.295
2026-09-27T13:47:02.523Z	spark1	LOAD	20.800	6.742
2026-09-27T13:47:02.642Z	spark2	LOAD	23.164	4.295
2026-09-27T13:47:02.784Z	spark1	LOAD	20.765	6.742
2026-09-27T13:47:02.892Z	spark2	LOAD	22.980	4.295
2026-09-27T13:47:03.035Z	spark1	LOAD	20.735	6.742
2026-09-27T13:47:03.142Z	spark2	LOAD	23.002	4.295
2026-09-27T13:47:03.285Z	spark1	LOAD	20.667	6.742
2026-09-27T13:47:03.402Z	spark2	LOAD	22.894	4.295
2026-09-27T13:47:03.535Z	spark1	LOAD	20.614	6.742
2026-09-27T13:47:03.653Z	spark2	LOAD	22.771	4.295
2026-09-27T13:47:03.802Z	spark1	LOAD	20.574	6.742
2026-09-27T13:47:03.903Z	spark2	LOAD	22.660	4.295
2026-09-27T13:47:04.053Z	spark1	LOAD	20.622	6.743
2026-09-27T13:47:04.153Z	spark2	LOAD	22.481	4.296
2026-09-27T13:47:04.303Z	spark1	LOAD	20.581	6.743
2026-09-27T13:47:04.414Z	spark2	LOAD	21.993	4.296
2026-09-27T13:47:04.553Z	spark1	LOAD	20.542	6.743
2026-09-27T13:47:04.664Z	spark2	LOAD	22.364	4.297
2026-09-27T13:47:04.818Z	spark1	LOAD	20.508	6.743
2026-09-27T13:47:04.915Z	spark2	LOAD	22.246	4.297
2026-09-27T13:47:05.069Z	spark1	LOAD	20.476	6.743
2026-09-27T13:47:05.165Z	spark2	LOAD	22.106	4.297
2026-09-27T13:47:05.319Z	spark1	LOAD	20.444	6.743
2026-09-27T13:47:05.425Z	spark2	LOAD	21.988	4.297
2026-09-27T13:47:05.569Z	spark1	LOAD	20.388	6.743
2026-09-27T13:47:05.676Z	spark2	LOAD	21.872	4.297
2026-09-27T13:47:05.831Z	spark1	LOAD	20.342	6.743
2026-09-27T13:47:05.926Z	spark2	LOAD	21.760	4.297
2026-09-27T13:47:06.081Z	spark1	LOAD	20.300	6.743
2026-09-27T13:47:06.176Z	spark2	LOAD	21.635	4.297
2026-09-27T13:47:06.332Z	spark1	LOAD	20.273	6.743
2026-09-27T13:47:06.441Z	spark2	LOAD	21.495	4.294
2026-09-27T13:47:06.582Z	spark1	LOAD	20.246	6.742
2026-09-27T13:47:06.691Z	spark2	LOAD	21.362	4.291
2026-09-27T13:47:06.844Z	spark1	LOAD	20.185	6.742
2026-09-27T13:47:06.942Z	spark2	LOAD	21.258	4.289
2026-09-27T13:47:07.094Z	spark1	LOAD	20.138	6.742
2026-09-27T13:47:07.192Z	spark2	LOAD	21.143	4.286
2026-09-27T13:47:07.345Z	spark1	LOAD	20.162	6.742
2026-09-27T13:47:07.457Z	spark2	LOAD	21.025	4.286
2026-09-27T13:47:07.595Z	spark1	LOAD	20.130	6.742
2026-09-27T13:47:07.707Z	spark2	LOAD	20.896	4.288
2026-09-27T13:47:07.861Z	spark1	LOAD	20.073	6.742
2026-09-27T13:47:07.958Z	spark2	LOAD	21.559	4.288
2026-09-27T13:47:08.111Z	spark1	LOAD	20.042	6.742
2026-09-27T13:47:08.208Z	spark2	LOAD	23.305	4.288
2026-09-27T13:47:08.362Z	spark1	LOAD	20.032	6.742
2026-09-27T13:47:08.473Z	spark2	LOAD	23.436	4.287
2026-09-27T13:47:08.612Z	spark1	LOAD	19.999	6.742
2026-09-27T13:47:08.724Z	spark2	LOAD	23.441	4.278
2026-09-27T13:47:08.873Z	spark1	LOAD	19.964	6.742
2026-09-27T13:47:08.975Z	spark2	LOAD	23.444	4.267
2026-09-27T13:47:09.123Z	spark1	LOAD	19.934	6.742
2026-09-27T13:47:09.225Z	spark2	LOAD	23.387	4.267
2026-09-27T13:47:09.374Z	spark1	LOAD	19.903	6.742
2026-09-27T13:47:09.486Z	spark2	LOAD	23.216	4.267
2026-09-27T13:47:09.624Z	spark1	LOAD	19.871	6.742
2026-09-27T13:47:09.737Z	spark2	LOAD	23.120	4.267
2026-09-27T13:47:09.891Z	spark1	LOAD	19.800	6.742
2026-09-27T13:47:09.988Z	spark2	LOAD	20.326	4.267
2026-09-27T13:47:10.142Z	spark1	LOAD	19.802	6.743
2026-09-27T13:47:10.239Z	spark2	LOAD	19.010	4.279
2026-09-27T13:47:10.392Z	spark1	LOAD	19.766	6.743
2026-09-27T13:47:10.505Z	spark2	LOAD	18.388	4.281
2026-09-27T13:47:10.643Z	spark1	LOAD	19.728	6.743
2026-09-27T13:47:10.756Z	spark2	LOAD	18.066	4.281
2026-09-27T13:47:10.909Z	spark1	LOAD	19.688	6.743
2026-09-27T13:47:11.007Z	spark2	LOAD	17.741	4.281
2026-09-27T13:47:11.159Z	spark1	LOAD	19.649	6.743
2026-09-27T13:47:11.258Z	spark2	LOAD	17.342	4.281
2026-09-27T13:47:11.410Z	spark1	LOAD	19.615	6.743
2026-09-27T13:47:11.520Z	spark2	LOAD	16.817	4.281
2026-09-27T13:47:11.660Z	spark1	LOAD	19.957	6.743
2026-09-27T13:47:11.771Z	spark2	LOAD	16.416	4.281
2026-09-27T13:47:11.923Z	spark1	LOAD	21.492	6.743
2026-09-27T13:47:12.022Z	spark2	LOAD	16.159	4.281
2026-09-27T13:47:12.173Z	spark1	LOAD	22.799	6.743
2026-09-27T13:47:12.273Z	spark2	LOAD	16.049	4.281
2026-09-27T13:47:12.424Z	spark1	LOAD	22.789	6.743
2026-09-27T13:47:12.555Z	spark2	LOAD	16.360	4.285
2026-09-27T13:47:12.674Z	spark1	LOAD	22.757	6.743
2026-09-27T13:47:12.805Z	spark2	LOAD	18.098	4.286
2026-09-27T13:47:12.940Z	spark1	LOAD	22.694	6.743
2026-09-27T13:47:13.058Z	spark2	LOAD	20.553	4.286
2026-09-27T13:47:13.190Z	spark1	LOAD	22.661	6.743
2026-09-27T13:47:13.308Z	spark2	LOAD	16.748	4.286
2026-09-27T13:47:13.441Z	spark1	LOAD	22.629	6.743
2026-09-27T13:47:13.568Z	spark2	LOAD	16.237	4.286
2026-09-27T13:47:13.691Z	spark1	LOAD	22.594	6.743
2026-09-27T13:47:13.818Z	spark2	LOAD	16.012	4.286
2026-09-27T13:47:13.957Z	spark1	LOAD	22.535	6.743
2026-09-27T13:47:14.070Z	spark2	LOAD	16.008	4.286
2026-09-27T13:47:14.207Z	spark1	LOAD	22.505	6.743
2026-09-27T13:47:14.320Z	spark2	LOAD	15.914	4.286
2026-09-27T13:47:14.458Z	spark1	LOAD	22.472	6.743
2026-09-27T13:47:14.582Z	spark2	LOAD	16.044	4.289
2026-09-27T13:47:14.708Z	spark1	LOAD	22.440	6.743
2026-09-27T13:47:14.833Z	spark2	LOAD	21.819	4.289
2026-09-27T13:47:14.969Z	spark1	LOAD	22.404	6.743
2026-09-27T13:47:15.084Z	spark2	LOAD	16.747	4.289
2026-09-27T13:47:15.219Z	spark1	LOAD	22.372	6.743
2026-09-27T13:47:15.335Z	spark2	LOAD	16.138	4.289
2026-09-27T13:47:15.470Z	spark1	LOAD	22.342	6.743
2026-09-27T13:47:15.598Z	spark2	LOAD	15.968	4.289
2026-09-27T13:47:15.720Z	spark1	LOAD	22.304	6.743
2026-09-27T13:47:15.848Z	spark2	LOAD	15.891	4.289
2026-09-27T13:47:15.985Z	spark1	LOAD	22.245	6.742
2026-09-27T13:47:16.099Z	spark2	LOAD	15.692	4.289
2026-09-27T13:47:16.236Z	spark1	LOAD	22.210	6.742
2026-09-27T13:47:16.350Z	spark2	LOAD	22.882	4.289
2026-09-27T13:47:16.486Z	spark1	LOAD	22.180	6.742
2026-09-27T13:47:16.610Z	spark2	LOAD	17.783	4.289
2026-09-27T13:47:16.736Z	spark1	LOAD	22.140	6.742
2026-09-27T13:47:16.860Z	spark2	LOAD	16.186	4.289
2026-09-27T13:47:17.002Z	spark1	LOAD	22.058	6.742
2026-09-27T13:47:17.111Z	spark2	LOAD	16.040	4.289
2026-09-27T13:47:17.252Z	spark1	LOAD	22.010	6.742
2026-09-27T13:47:17.361Z	spark2	LOAD	15.937	4.288
2026-09-27T13:47:17.503Z	spark1	LOAD	21.982	6.742
2026-09-27T13:47:17.621Z	spark2	LOAD	15.690	4.284
2026-09-27T13:47:17.753Z	spark1	LOAD	21.951	6.742
2026-09-27T13:47:17.871Z	spark2	LOAD	16.885	4.282
2026-09-27T13:47:18.014Z	spark1	LOAD	21.884	6.742
2026-09-27T13:47:18.121Z	spark2	LOAD	21.585	4.279
2026-09-27T13:47:18.264Z	spark1	LOAD	21.851	6.742
2026-09-27T13:47:18.372Z	spark2	LOAD	16.465	4.278
2026-09-27T13:47:18.515Z	spark1	LOAD	21.801	6.742
2026-09-27T13:47:18.633Z	spark2	LOAD	16.185	4.275
2026-09-27T13:47:18.765Z	spark1	LOAD	21.769	6.742
2026-09-27T13:47:18.884Z	spark2	LOAD	16.011	4.275
2026-09-27T13:47:19.027Z	spark1	LOAD	21.736	6.742
2026-09-27T13:47:19.135Z	spark2	LOAD	15.936	4.275
2026-09-27T13:47:19.277Z	spark1	LOAD	21.700	6.742
2026-09-27T13:47:19.385Z	spark2	LOAD	15.819	4.275
2026-09-27T13:47:19.528Z	spark1	LOAD	21.661	6.742
2026-09-27T13:47:19.646Z	spark2	LOAD	15.664	4.275
2026-09-27T13:47:19.778Z	spark1	LOAD	21.630	6.742
2026-09-27T13:47:19.898Z	spark2	LOAD	22.653	4.275
2026-09-27T13:47:20.044Z	spark1	LOAD	21.580	6.742
2026-09-27T13:47:20.149Z	spark2	LOAD	17.330	4.275
2026-09-27T13:47:20.295Z	spark1	LOAD	21.555	6.742
2026-09-27T13:47:20.400Z	spark2	LOAD	16.020	4.275
2026-09-27T13:47:20.545Z	spark1	LOAD	21.527	6.742
2026-09-27T13:47:20.669Z	spark2	LOAD	15.878	4.275
2026-09-27T13:47:20.795Z	spark1	LOAD	21.497	6.742
2026-09-27T13:47:20.920Z	spark2	LOAD	15.676	4.275
2026-09-27T13:47:21.063Z	spark1	LOAD	21.562	6.742
2026-09-27T13:47:21.170Z	spark2	LOAD	22.736	4.275
2026-09-27T13:47:21.313Z	spark1	LOAD	21.527	6.742
2026-09-27T13:47:21.421Z	spark2	LOAD	17.535	4.275
2026-09-27T13:47:21.564Z	spark1	LOAD	21.491	6.742
2026-09-27T13:47:21.682Z	spark2	LOAD	15.993	4.275
2026-09-27T13:47:21.814Z	spark1	LOAD	21.434	6.742
2026-09-27T13:47:21.934Z	spark2	LOAD	15.863	4.275
2026-09-27T13:47:22.081Z	spark1	LOAD	21.368	6.742
2026-09-27T13:47:22.184Z	spark2	LOAD	15.660	4.275
2026-09-27T13:47:22.331Z	spark1	LOAD	21.325	6.742
2026-09-27T13:47:22.434Z	spark2	LOAD	21.643	4.275
2026-09-27T13:47:22.581Z	spark1	LOAD	21.295	6.742
2026-09-27T13:47:22.697Z	spark2	LOAD	16.836	4.275
2026-09-27T13:47:22.832Z	spark1	LOAD	21.261	6.742
2026-09-27T13:47:22.947Z	spark2	LOAD	15.973	4.275
2026-09-27T13:47:23.098Z	spark1	LOAD	21.218	6.742
2026-09-27T13:47:23.198Z	spark2	LOAD	15.752	4.275
2026-09-27T13:47:23.348Z	spark1	LOAD	21.181	6.742
2026-09-27T13:47:23.448Z	spark2	LOAD	16.077	4.275
2026-09-27T13:47:23.599Z	spark1	LOAD	21.148	6.742
2026-09-27T13:47:23.709Z	spark2	LOAD	20.117	4.275
2026-09-27T13:47:23.849Z	spark1	LOAD	21.111	6.742
2026-09-27T13:47:23.959Z	spark2	LOAD	16.046	4.275
2026-09-27T13:47:24.115Z	spark1	LOAD	21.052	6.742
2026-09-27T13:47:24.210Z	spark2	LOAD	15.925	4.275
2026-09-27T13:47:24.365Z	spark1	LOAD	21.013	6.742
2026-09-27T13:47:24.460Z	spark2	LOAD	15.699	4.275
2026-09-27T13:47:24.615Z	spark1	LOAD	20.977	6.742
2026-09-27T13:47:24.728Z	spark2	LOAD	20.570	4.275
2026-09-27T13:47:24.866Z	spark1	LOAD	20.944	6.742
2026-09-27T13:47:24.978Z	spark2	LOAD	18.149	4.275
2026-09-27T13:47:25.132Z	spark1	LOAD	20.906	6.742
2026-09-27T13:47:25.229Z	spark2	LOAD	16.007	4.275
2026-09-27T13:47:25.383Z	spark1	LOAD	20.904	6.742
2026-09-27T13:47:25.479Z	spark2	LOAD	15.802	4.275
2026-09-27T13:47:25.633Z	spark1	LOAD	20.863	6.742
2026-09-27T13:47:25.745Z	spark2	LOAD	15.632	4.275
2026-09-27T13:47:25.884Z	spark1	LOAD	20.828	6.742
2026-09-27T13:47:25.997Z	spark2	LOAD	20.292	4.275
2026-09-27T13:47:26.151Z	spark1	LOAD	20.785	6.742
2026-09-27T13:47:26.246Z	spark2	LOAD	16.023	4.275
2026-09-27T13:47:26.401Z	spark1	LOAD	20.716	6.742
2026-09-27T13:47:26.496Z	spark2	LOAD	15.908	4.275
2026-09-27T13:47:26.651Z	spark1	LOAD	20.676	6.742
2026-09-27T13:47:26.758Z	spark2	LOAD	15.683	4.275
2026-09-27T13:47:26.901Z	spark1	LOAD	20.638	6.742
2026-09-27T13:47:27.009Z	spark2	LOAD	22.535	4.275
2026-09-27T13:47:27.168Z	spark1	LOAD	20.579	6.742
2026-09-27T13:47:27.259Z	spark2	LOAD	16.969	4.275
2026-09-27T13:47:27.419Z	spark1	LOAD	20.548	6.742
2026-09-27T13:47:27.510Z	spark2	LOAD	15.945	4.275
2026-09-27T13:47:27.669Z	spark1	LOAD	20.517	6.742
2026-09-27T13:47:27.775Z	spark2	LOAD	15.699	4.275
2026-09-27T13:47:27.919Z	spark1	LOAD	20.486	6.742
2026-09-27T13:47:28.027Z	spark2	LOAD	20.032	4.275
2026-09-27T13:47:28.179Z	spark1	LOAD	20.440	6.742
2026-09-27T13:47:28.276Z	spark2	LOAD	18.228	4.275
2026-09-27T13:47:28.429Z	spark1	LOAD	20.365	6.742
2026-09-27T13:47:28.526Z	spark2	LOAD	15.974	4.275
2026-09-27T13:47:28.679Z	spark1	LOAD	20.304	6.742
2026-09-27T13:47:28.791Z	spark2	LOAD	15.736	4.275
2026-09-27T13:47:28.930Z	spark1	LOAD	20.265	6.742
2026-09-27T13:47:29.042Z	spark2	LOAD	16.093	4.272
2026-09-27T13:47:29.196Z	spark1	LOAD	20.219	6.742
2026-09-27T13:47:29.292Z	spark2	LOAD	20.306	4.268
2026-09-27T13:47:29.447Z	spark1	LOAD	20.203	6.742
2026-09-27T13:47:29.542Z	spark2	LOAD	15.995	4.265
2026-09-27T13:47:29.697Z	spark1	LOAD	20.161	6.742
2026-09-27T13:47:29.809Z	spark2	LOAD	15.899	4.263
2026-09-27T13:47:29.947Z	spark1	LOAD	20.132	6.742
2026-09-27T13:47:30.059Z	spark2	LOAD	15.667	4.262
2026-09-27T13:47:30.214Z	spark1	LOAD	20.084	6.742
2026-09-27T13:47:30.309Z	spark2	LOAD	22.415	4.262
2026-09-27T13:47:30.464Z	spark1	LOAD	20.013	6.741
2026-09-27T13:47:30.560Z	spark2	LOAD	16.609	4.262
2026-09-27T13:47:30.714Z	spark1	LOAD	19.981	6.741
2026-09-27T13:47:30.824Z	spark2	LOAD	15.877	4.262
2026-09-27T13:47:30.965Z	spark1	LOAD	19.950	6.741
2026-09-27T13:47:31.075Z	spark2	LOAD	15.641	4.262
2026-09-27T13:47:31.227Z	spark1	LOAD	19.918	6.741
2026-09-27T13:47:31.326Z	spark2	LOAD	21.562	4.262
2026-09-27T13:47:31.477Z	spark1	LOAD	19.880	6.741
2026-09-27T13:47:31.576Z	spark2	LOAD	16.227	4.262
2026-09-27T13:47:31.727Z	spark1	LOAD	19.840	6.741
2026-09-27T13:47:31.838Z	spark2	LOAD	15.780	4.262
2026-09-27T13:47:31.978Z	spark1	LOAD	19.792	6.741
2026-09-27T13:47:32.089Z	spark2	LOAD	15.626	4.262
2026-09-27T13:47:32.240Z	spark1	LOAD	19.747	6.741
2026-09-27T13:47:32.339Z	spark2	LOAD	20.885	4.262
2026-09-27T13:47:32.490Z	spark1	LOAD	19.728	6.741
2026-09-27T13:47:32.591Z	spark2	LOAD	15.981	4.262
2026-09-27T13:47:32.740Z	spark1	LOAD	19.686	6.741
2026-09-27T13:47:32.871Z	spark2	LOAD	15.669	4.262
2026-09-27T13:47:32.991Z	spark1	LOAD	19.631	6.741
2026-09-27T13:47:33.121Z	spark2	LOAD	22.609	4.262
2026-09-27T13:47:33.253Z	spark1	LOAD	19.590	6.741
2026-09-27T13:47:33.372Z	spark2	LOAD	16.742	4.262
2026-09-27T13:47:33.503Z	spark1	LOAD	19.651	6.741
2026-09-27T13:47:33.623Z	spark2	LOAD	15.671	4.262
2026-09-27T13:47:33.753Z	spark1	LOAD	21.460	6.741
2026-09-27T13:47:33.884Z	spark2	LOAD	22.108	4.262
2026-09-27T13:47:34.003Z	spark1	LOAD	22.819	6.741
2026-09-27T13:47:34.135Z	spark2	LOAD	16.523	4.262
2026-09-27T13:47:34.270Z	spark1	LOAD	22.796	6.741
2026-09-27T13:47:34.385Z	spark2	LOAD	15.660	4.262
2026-09-27T13:47:34.521Z	spark1	LOAD	22.724	6.741
2026-09-27T13:47:34.636Z	spark2	LOAD	22.270	4.262
2026-09-27T13:47:34.771Z	spark1	LOAD	22.683	6.741
2026-09-27T13:47:34.898Z	spark2	LOAD	16.427	4.262
2026-09-27T13:47:35.021Z	spark1	LOAD	22.644	6.741
2026-09-27T13:47:35.148Z	spark2	LOAD	15.647	4.262
2026-09-27T13:47:35.283Z	spark1	LOAD	22.609	6.741
2026-09-27T13:47:35.399Z	spark2	LOAD	22.011	4.262
2026-09-27T13:47:35.533Z	spark1	LOAD	22.571	6.741
2026-09-27T13:47:35.650Z	spark2	LOAD	16.069	4.262
2026-09-27T13:47:35.784Z	spark1	LOAD	22.537	6.741
2026-09-27T13:47:35.911Z	spark2	LOAD	15.621	4.262
2026-09-27T13:47:36.034Z	spark1	LOAD	22.500	6.741
2026-09-27T13:47:36.162Z	spark2	LOAD	21.154	4.262
2026-09-27T13:47:36.296Z	spark1	LOAD	22.464	6.741
2026-09-27T13:47:36.413Z	spark2	LOAD	15.976	4.262
2026-09-27T13:47:36.546Z	spark1	LOAD	22.368	6.741
2026-09-27T13:47:36.663Z	spark2	LOAD	15.999	4.262
2026-09-27T13:47:36.796Z	spark1	LOAD	22.336	6.741
2026-09-27T13:47:36.925Z	spark2	LOAD	19.682	4.262
2026-09-27T13:47:37.047Z	spark1	LOAD	22.307	6.741
2026-09-27T13:47:37.174Z	spark2	LOAD	15.857	4.262
2026-09-27T13:47:37.313Z	spark1	LOAD	22.256	6.741
2026-09-27T13:47:37.425Z	spark2	LOAD	19.493	4.262
2026-09-27T13:47:37.563Z	spark1	LOAD	22.219	6.741
2026-09-27T13:47:37.676Z	spark2	LOAD	18.779	4.262
2026-09-27T13:47:37.813Z	spark1	LOAD	22.185	6.741
2026-09-27T13:47:37.937Z	spark2	LOAD	15.659	4.262
2026-09-27T13:47:38.064Z	spark1	LOAD	22.151	6.741
2026-09-27T13:47:38.187Z	spark2	LOAD	21.981	4.262
2026-09-27T13:47:38.330Z	spark1	LOAD	22.116	6.741
2026-09-27T13:47:38.439Z	spark2	LOAD	16.004	4.262
2026-09-27T13:47:38.580Z	spark1	LOAD	22.058	6.741
2026-09-27T13:47:38.689Z	spark2	LOAD	15.626	4.262
2026-09-27T13:47:38.830Z	spark1	LOAD	22.017	6.740
2026-09-27T13:47:38.951Z	spark2	LOAD	20.835	4.262
2026-09-27T13:47:39.081Z	spark1	LOAD	21.983	6.740
2026-09-27T13:47:39.202Z	spark2	LOAD	15.953	4.262
2026-09-27T13:47:39.344Z	spark1	LOAD	21.941	6.740
2026-09-27T13:47:39.452Z	spark2	LOAD	16.813	4.262
2026-09-27T13:47:39.594Z	spark1	LOAD	21.863	6.740
2026-09-27T13:47:39.703Z	spark2	LOAD	19.298	4.262
2026-09-27T13:47:39.844Z	spark1	LOAD	21.824	6.740
2026-09-27T13:47:39.965Z	spark2	LOAD	15.651	4.261
2026-09-27T13:47:40.095Z	spark1	LOAD	21.794	6.740
2026-09-27T13:47:40.215Z	spark2	LOAD	21.615	4.258
2026-09-27T13:47:40.361Z	spark1	LOAD	21.758	6.740
2026-09-27T13:47:40.465Z	spark2	LOAD	15.941	4.254
2026-09-27T13:47:40.611Z	spark1	LOAD	21.685	6.740
2026-09-27T13:47:40.716Z	spark2	LOAD	18.137	4.252
2026-09-27T13:47:40.861Z	spark1	LOAD	21.657	6.740
2026-09-27T13:47:40.976Z	spark2	LOAD	18.103	4.250
2026-09-27T13:47:41.112Z	spark1	LOAD	21.628	6.740
2026-09-27T13:47:41.227Z	spark2	LOAD	15.568	4.250
2026-09-27T13:47:41.378Z	spark1	LOAD	21.596	6.740
2026-09-27T13:47:41.477Z	spark2	LOAD	20.174	4.250
2026-09-27T13:47:41.628Z	spark1	LOAD	21.554	6.740
2026-09-27T13:47:41.728Z	spark2	LOAD	15.786	4.250
2026-09-27T13:47:41.878Z	spark1	LOAD	21.496	6.740
2026-09-27T13:47:41.994Z	spark2	LOAD	21.487	4.250
2026-09-27T13:47:42.129Z	spark1	LOAD	21.463	6.740
2026-09-27T13:47:42.246Z	spark2	LOAD	15.906	4.250
2026-09-27T13:47:42.395Z	spark1	LOAD	21.417	6.740
2026-09-27T13:47:42.496Z	spark2	LOAD	19.241	4.250
2026-09-27T13:47:42.645Z	spark1	LOAD	21.419	6.740
2026-09-27T13:47:42.746Z	spark2	LOAD	17.962	4.250
2026-09-27T13:47:42.896Z	spark1	LOAD	21.374	6.740
2026-09-27T13:47:43.008Z	spark2	LOAD	15.865	4.250
2026-09-27T13:47:43.146Z	spark1	LOAD	20.808	6.740
2026-09-27T13:47:43.259Z	spark2	LOAD	20.086	4.250
2026-09-27T13:47:43.412Z	spark1	LOAD	21.305	6.740
2026-09-27T13:47:43.510Z	spark2	LOAD	15.762	4.250
2026-09-27T13:47:43.662Z	spark1	LOAD	21.246	6.740
2026-09-27T13:47:43.760Z	spark2	LOAD	21.501	4.250
2026-09-27T13:47:43.913Z	spark1	LOAD	21.196	6.740
2026-09-27T13:47:44.033Z	spark2	LOAD	15.919	4.250
2026-09-27T13:47:44.163Z	spark1	LOAD	21.148	6.740
2026-09-27T13:47:44.284Z	spark2	LOAD	22.005	4.250
2026-09-27T13:47:44.425Z	spark1	LOAD	21.109	6.740
2026-09-27T13:47:44.535Z	spark2	LOAD	16.630	4.250
2026-09-27T13:47:44.675Z	spark1	LOAD	21.037	6.740
2026-09-27T13:47:44.785Z	spark2	LOAD	16.757	4.250
2026-09-27T13:47:44.925Z	spark1	LOAD	21.011	6.740
2026-09-27T13:47:45.046Z	spark2	LOAD	19.270	4.250
2026-09-27T13:47:45.176Z	spark1	LOAD	20.967	6.740
2026-09-27T13:47:45.297Z	spark2	LOAD	15.593	4.250
2026-09-27T13:47:45.444Z	spark1	LOAD	20.920	6.740
2026-09-27T13:47:45.547Z	spark2	LOAD	21.008	4.250
2026-09-27T13:47:45.694Z	spark1	LOAD	20.886	6.740
2026-09-27T13:47:45.798Z	spark2	LOAD	15.916	4.250
2026-09-27T13:47:45.945Z	spark1	LOAD	20.809	6.740
2026-09-27T13:47:46.062Z	spark2	LOAD	22.414	4.250
2026-09-27T13:47:46.195Z	spark1	LOAD	20.767	6.740
2026-09-27T13:47:46.313Z	spark2	LOAD	15.924	4.250
2026-09-27T13:47:46.462Z	spark1	LOAD	20.721	6.740
2026-09-27T13:47:46.564Z	spark2	LOAD	17.786	4.250
2026-09-27T13:47:46.712Z	spark1	LOAD	20.676	6.740
2026-09-27T13:47:46.815Z	spark2	LOAD	18.628	4.250
2026-09-27T13:47:46.962Z	spark1	LOAD	20.616	6.740
2026-09-27T13:47:47.077Z	spark2	LOAD	15.563	4.250
2026-09-27T13:47:47.212Z	spark1	LOAD	20.620	6.740
2026-09-27T13:47:47.327Z	spark2	LOAD	20.530	4.250
2026-09-27T13:47:47.474Z	spark1	LOAD	20.573	6.740
2026-09-27T13:47:47.578Z	spark2	LOAD	15.808	4.250
2026-09-27T13:47:47.725Z	spark1	LOAD	20.526	6.740
2026-09-27T13:47:47.829Z	spark2	LOAD	21.487	4.250
2026-09-27T13:47:47.975Z	spark1	LOAD	20.496	6.741
2026-09-27T13:47:48.095Z	spark2	LOAD	15.905	4.250
2026-09-27T13:47:48.225Z	spark1	LOAD	20.451	6.741
2026-09-27T13:47:48.345Z	spark2	LOAD	20.157	4.250
2026-09-27T13:47:48.486Z	spark1	LOAD	20.407	6.741
2026-09-27T13:47:48.596Z	spark2	LOAD	17.419	4.250
2026-09-27T13:47:48.736Z	spark1	LOAD	20.379	6.741
2026-09-27T13:47:48.847Z	spark2	LOAD	15.969	4.250
2026-09-27T13:47:48.986Z	spark1	LOAD	20.316	6.741
2026-09-27T13:47:49.108Z	spark2	LOAD	22.636	4.250
2026-09-27T13:47:49.237Z	spark1	LOAD	20.279	6.741
2026-09-27T13:47:49.358Z	spark2	LOAD	22.630	4.250
2026-09-27T13:47:49.499Z	spark1	LOAD	20.239	6.741
2026-09-27T13:47:49.609Z	spark2	LOAD	22.627	4.250
2026-09-27T13:47:49.750Z	spark1	LOAD	20.206	6.741
2026-09-27T13:47:49.859Z	spark2	LOAD	22.622	4.250
2026-09-27T13:47:50.001Z	spark1	LOAD	20.165	6.741
2026-09-27T13:47:50.120Z	spark2	LOAD	22.616	4.250
2026-09-27T13:47:50.251Z	spark1	LOAD	20.154	6.741
2026-09-27T13:47:50.372Z	spark2	LOAD	22.604	4.250
2026-09-27T13:47:50.517Z	spark1	LOAD	20.111	6.741
2026-09-27T13:47:50.621Z	spark2	LOAD	20.475	4.250
2026-09-27T13:47:50.768Z	spark1	LOAD	20.023	6.740
2026-09-27T13:47:50.872Z	spark2	LOAD	20.468	4.250
2026-09-27T13:47:51.018Z	spark1	LOAD	19.979	6.740
2026-09-27T13:47:51.136Z	spark2	LOAD	20.450	4.249
2026-09-27T13:47:51.268Z	spark1	LOAD	19.936	6.740
2026-09-27T13:47:51.386Z	spark2	LOAD	20.416	4.246
2026-09-27T13:47:51.535Z	spark1	LOAD	19.886	6.740
2026-09-27T13:47:51.637Z	spark2	LOAD	19.766	4.243
2026-09-27T13:47:51.785Z	spark1	LOAD	19.864	6.741
2026-09-27T13:47:51.887Z	spark2	LOAD	19.728	4.240
2026-09-27T13:47:52.035Z	spark1	LOAD	19.851	6.741
2026-09-27T13:47:52.152Z	spark2	LOAD	19.692	4.240
2026-09-27T13:47:52.286Z	spark1	LOAD	19.798	6.741
2026-09-27T13:47:52.401Z	spark2	LOAD	19.661	4.240
2026-09-27T13:47:52.552Z	spark1	LOAD	19.228	6.741
2026-09-27T13:47:52.652Z	spark2	LOAD	19.627	4.240
2026-09-27T13:47:52.802Z	spark1	LOAD	19.738	6.741
2026-09-27T13:47:52.902Z	spark2	LOAD	19.589	4.239
2026-09-27T13:47:53.053Z	spark1	LOAD	19.648	6.741
2026-09-27T13:47:53.163Z	spark2	LOAD	19.557	4.239
2026-09-27T13:47:53.304Z	spark1	LOAD	19.615	6.740
2026-09-27T13:47:53.413Z	spark2	LOAD	19.526	4.239
2026-09-27T13:47:53.570Z	spark1	LOAD	21.576	6.740
2026-09-27T13:47:53.665Z	spark2	LOAD	19.494	4.239
2026-09-27T13:47:53.820Z	spark1	LOAD	22.728	6.740
2026-09-27T13:47:53.914Z	spark2	LOAD	19.356	4.239
2026-09-27T13:47:54.070Z	spark1	LOAD	22.722	6.740
2026-09-27T13:47:54.179Z	spark2	LOAD	19.204	4.239
2026-09-27T13:47:54.321Z	spark1	LOAD	22.691	6.740
2026-09-27T13:47:54.430Z	spark2	LOAD	19.052	4.239
2026-09-27T13:47:54.582Z	spark1	LOAD	22.651	6.740
2026-09-27T13:47:54.680Z	spark2	LOAD	18.948	4.239
2026-09-27T13:47:54.832Z	spark1	LOAD	22.606	6.740
2026-09-27T13:47:54.930Z	spark2	LOAD	19.708	4.239
2026-09-27T13:47:55.083Z	spark1	LOAD	22.552	6.740
2026-09-27T13:47:55.196Z	spark2	LOAD	19.707	4.239
2026-09-27T13:47:55.333Z	spark1	LOAD	22.517	6.740
2026-09-27T13:47:55.445Z	spark2	LOAD	19.700	4.239
2026-09-27T13:47:55.594Z	spark1	LOAD	22.474	6.740
2026-09-27T13:47:55.696Z	spark2	LOAD	19.693	4.239
2026-09-27T13:47:55.844Z	spark1	LOAD	22.432	6.740
2026-09-27T13:47:55.947Z	spark2	LOAD	19.676	4.239
2026-09-27T13:47:56.094Z	spark1	LOAD	22.399	6.740
2026-09-27T13:47:56.212Z	spark2	LOAD	19.667	4.239
2026-09-27T13:47:56.345Z	spark1	LOAD	22.363	6.740
2026-09-27T13:47:56.463Z	spark2	LOAD	19.652	4.239
2026-09-27T13:47:56.607Z	spark1	LOAD	22.322	6.740
2026-09-27T13:47:56.713Z	spark2	LOAD	19.644	4.239
2026-09-27T13:47:56.857Z	spark1	LOAD	22.283	6.740
2026-09-27T13:47:56.964Z	spark2	LOAD	19.629	4.239
2026-09-27T13:47:57.107Z	spark1	LOAD	22.230	6.740
2026-09-27T13:47:57.228Z	spark2	LOAD	19.619	4.239
2026-09-27T13:47:57.358Z	spark1	LOAD	22.175	6.740
2026-09-27T13:47:57.479Z	spark2	LOAD	19.605	4.239
2026-09-27T13:47:57.620Z	spark1	LOAD	22.137	6.740
2026-09-27T13:47:57.729Z	spark2	LOAD	19.597	4.239
2026-09-27T13:47:57.870Z	spark1	LOAD	22.102	6.740
2026-09-27T13:47:57.979Z	spark2	LOAD	19.582	4.239
2026-09-27T13:47:58.120Z	spark1	LOAD	22.062	6.740
2026-09-27T13:47:58.244Z	spark2	LOAD	19.573	4.239
2026-09-27T13:47:58.370Z	spark1	LOAD	22.025	6.740
2026-09-27T13:47:58.495Z	spark2	LOAD	19.565	4.239
2026-09-27T13:47:58.636Z	spark1	LOAD	21.986	6.740
2026-09-27T13:47:58.746Z	spark2	LOAD	19.546	4.239
2026-09-27T13:47:58.887Z	spark1	LOAD	21.947	6.740
2026-09-27T13:47:58.997Z	spark2	LOAD	19.538	4.239
2026-09-27T13:47:59.137Z	spark1	LOAD	21.888	6.740
2026-09-27T13:47:59.262Z	spark2	LOAD	19.520	4.239
2026-09-27T13:47:59.388Z	spark1	LOAD	21.849	6.740
2026-09-27T13:47:59.512Z	spark2	LOAD	19.504	4.239
2026-09-27T13:47:59.650Z	spark1	LOAD	21.808	6.740
2026-09-27T13:47:59.763Z	spark2	LOAD	19.496	4.239
2026-09-27T13:47:59.900Z	spark1	LOAD	21.770	6.740
2026-09-27T13:48:00.013Z	spark2	LOAD	19.488	4.239
2026-09-27T13:48:00.151Z	spark1	LOAD	21.736	6.740
2026-09-27T13:48:00.279Z	spark2	LOAD	19.479	4.239
2026-09-27T13:48:00.401Z	spark1	LOAD	21.697	6.740
2026-09-27T13:48:00.530Z	spark2	LOAD	19.464	4.239
2026-09-27T13:48:00.668Z	spark1	LOAD	21.655	6.740
2026-09-27T13:48:00.780Z	spark2	LOAD	19.468	4.239
2026-09-27T13:48:00.918Z	spark1	LOAD	21.617	6.740
2026-09-27T13:48:01.031Z	spark2	LOAD	19.456	4.239
2026-09-27T13:48:01.168Z	spark1	LOAD	21.554	6.740
2026-09-27T13:48:01.296Z	spark2	LOAD	19.449	4.239
2026-09-27T13:48:01.419Z	spark1	LOAD	21.517	6.740
2026-09-27T13:48:01.547Z	spark2	LOAD	19.434	4.239
2026-09-27T13:48:01.680Z	spark1	LOAD	21.540	6.740
2026-09-27T13:48:01.798Z	spark2	LOAD	19.427	4.239
2026-09-27T13:48:01.930Z	spark1	LOAD	21.521	6.740
2026-09-27T13:48:02.048Z	spark2	LOAD	19.411	4.239
2026-09-27T13:48:02.180Z	spark1	LOAD	21.496	6.740
2026-09-27T13:48:02.313Z	spark2	LOAD	19.363	4.236
2026-09-27T13:48:02.431Z	spark1	LOAD	21.447	6.740
2026-09-27T13:48:02.564Z	spark2	LOAD	19.341	4.233
2026-09-27T13:48:02.697Z	spark1	LOAD	20.806	6.740
2026-09-27T13:48:02.815Z	spark2	LOAD	19.326	4.231
2026-09-27T13:48:02.947Z	spark1	LOAD	20.769	6.740
2026-09-27T13:48:03.066Z	spark2	LOAD	19.314	4.230
2026-09-27T13:48:03.197Z	spark1	LOAD	21.267	6.740
2026-09-27T13:48:03.331Z	spark2	LOAD	19.307	4.230
2026-09-27T13:48:03.448Z	spark1	LOAD	21.253	6.740
2026-09-27T13:48:03.581Z	spark2	LOAD	19.291	4.230
2026-09-27T13:48:03.710Z	spark1	LOAD	20.691	6.740
2026-09-27T13:48:03.832Z	spark2	LOAD	19.284	4.230
2026-09-27T13:48:03.961Z	spark1	LOAD	20.623	6.740
2026-09-27T13:48:04.082Z	spark2	LOAD	20.513	4.230
2026-09-27T13:48:04.211Z	spark1	LOAD	21.115	6.740
2026-09-27T13:48:04.348Z	spark2	LOAD	20.519	4.230
2026-09-27T13:48:04.461Z	spark1	LOAD	21.074	6.740
2026-09-27T13:48:04.598Z	spark2	LOAD	20.519	4.230
2026-09-27T13:48:04.723Z	spark1	LOAD	21.029	6.740
2026-09-27T13:48:04.850Z	spark2	LOAD	20.519	4.230
2026-09-27T13:48:04.974Z	spark1	LOAD	20.990	6.740
2026-09-27T13:48:05.100Z	spark2	LOAD	20.519	4.230
2026-09-27T13:48:05.224Z	spark1	LOAD	20.956	6.740
2026-09-27T13:48:05.366Z	spark2	LOAD	20.519	4.230
2026-09-27T13:48:05.474Z	spark1	LOAD	20.884	6.740
2026-09-27T13:48:05.617Z	spark2	LOAD	20.519	4.230
2026-09-27T13:48:05.735Z	spark1	LOAD	20.870	6.741
2026-09-27T13:48:05.868Z	spark2	LOAD	20.526	4.230
2026-09-27T13:48:05.986Z	spark1	LOAD	20.834	6.741
2026-09-27T13:48:06.119Z	spark2	LOAD	20.526	4.230
2026-09-27T13:48:06.236Z	spark1	LOAD	20.799	6.741
2026-09-27T13:48:06.384Z	spark2	LOAD	20.525	4.230
2026-09-27T13:48:06.486Z	spark1	LOAD	20.723	6.741
2026-09-27T13:48:06.636Z	spark2	LOAD	20.525	4.230
2026-09-27T13:48:06.748Z	spark1	LOAD	20.664	6.741
2026-09-27T13:48:06.886Z	spark2	LOAD	20.532	4.230
2026-09-27T13:48:06.999Z	spark1	LOAD	20.595	6.741
2026-09-27T13:48:07.137Z	spark2	LOAD	20.532	4.230
2026-09-27T13:48:07.249Z	spark1	LOAD	20.551	6.741
2026-09-27T13:48:07.402Z	spark2	LOAD	20.532	4.230
2026-09-27T13:48:07.499Z	spark1	LOAD	20.518	6.741
2026-09-27T13:48:07.652Z	spark2	LOAD	20.532	4.230
2026-09-27T13:48:07.765Z	spark1	LOAD	20.454	6.741
2026-09-27T13:48:07.904Z	spark2	LOAD	20.538	4.230
2026-09-27T13:48:08.015Z	spark1	LOAD	20.395	6.741
2026-09-27T13:48:08.154Z	spark2	LOAD	20.538	4.230
2026-09-27T13:48:08.265Z	spark1	LOAD	20.332	6.741
2026-09-27T13:48:08.416Z	spark2	LOAD	20.538	4.230
2026-09-27T13:48:08.516Z	spark1	LOAD	20.189	6.742
2026-09-27T13:48:08.667Z	spark2	LOAD	20.538	4.230
2026-09-27T13:48:08.776Z	spark1	LOAD	20.219	6.742
2026-09-27T13:48:08.918Z	spark2	LOAD	20.543	4.230
2026-09-27T13:48:09.026Z	spark1	LOAD	20.177	6.744
2026-09-27T13:48:09.168Z	spark2	LOAD	20.544	4.230
2026-09-27T13:48:09.277Z	spark1	LOAD	20.100	6.745
2026-09-27T13:48:09.433Z	spark2	LOAD	20.544	4.230
2026-09-27T13:48:09.527Z	spark1	LOAD	20.025	6.745
2026-09-27T13:48:09.684Z	spark2	LOAD	20.544	4.230
2026-09-27T13:48:09.788Z	spark1	LOAD	19.968	6.745
2026-09-27T13:48:09.935Z	spark2	LOAD	20.553	4.230
2026-09-27T13:48:10.038Z	spark1	LOAD	19.935	6.745
2026-09-27T13:48:10.185Z	spark2	LOAD	20.553	4.230
2026-09-27T13:48:10.288Z	spark1	LOAD	19.886	6.745
2026-09-27T13:48:10.447Z	spark2	LOAD	20.553	4.230
2026-09-27T13:48:10.539Z	spark1	LOAD	19.835	6.745
2026-09-27T13:48:10.698Z	spark2	LOAD	20.553	4.230
2026-09-27T13:48:10.800Z	spark1	LOAD	19.781	6.746
2026-09-27T13:48:10.949Z	spark2	LOAD	20.559	4.230
2026-09-27T13:48:11.050Z	spark1	LOAD	19.748	6.746
2026-09-27T13:48:11.200Z	spark2	LOAD	20.560	4.230
2026-09-27T13:48:11.301Z	spark1	LOAD	19.697	6.746
2026-09-27T13:48:11.464Z	spark2	LOAD	20.560	4.230
2026-09-27T13:48:11.551Z	spark1	LOAD	19.617	6.747
2026-09-27T13:48:11.715Z	spark2	LOAD	20.560	4.230
2026-09-27T13:48:11.812Z	spark1	LOAD	19.566	6.747
2026-09-27T13:48:11.966Z	spark2	LOAD	20.566	4.230
2026-09-27T13:48:12.062Z	spark1	LOAD	19.541	6.747
2026-09-27T13:48:12.217Z	spark2	LOAD	20.566	4.230
2026-09-27T13:48:12.313Z	spark1	LOAD	19.490	6.747
2026-09-27T13:48:12.478Z	spark2	LOAD	20.566	4.230
2026-09-27T13:48:12.563Z	spark1	LOAD	19.433	6.747
2026-09-27T13:48:12.728Z	spark2	LOAD	20.566	4.230
2026-09-27T13:48:12.829Z	spark1	LOAD	19.368	6.747
2026-09-27T13:48:12.979Z	spark2	LOAD	20.570	4.230
2026-09-27T13:48:13.079Z	spark1	LOAD	19.363	6.747
2026-09-27T13:48:13.229Z	spark2	LOAD	20.541	4.227
2026-09-27T13:48:13.330Z	spark1	LOAD	19.286	6.747
2026-09-27T13:48:13.490Z	spark2	LOAD	20.542	4.223
2026-09-27T13:48:13.580Z	spark1	LOAD	20.330	6.747
2026-09-27T13:48:13.741Z	spark2	LOAD	20.542	4.221
2026-09-27T13:48:13.842Z	spark1	LOAD	21.911	6.747
2026-09-27T13:48:13.993Z	spark2	LOAD	20.542	4.221
2026-09-27T13:48:14.092Z	spark1	LOAD	22.598	6.747
2026-09-27T13:48:14.244Z	spark2	LOAD	20.543	4.221
2026-09-27T13:48:14.343Z	spark1	LOAD	22.544	6.747
2026-09-27T13:48:14.509Z	spark2	LOAD	20.543	4.221
2026-09-27T13:48:14.593Z	spark1	LOAD	22.516	6.747
2026-09-27T13:48:14.760Z	spark2	LOAD	20.543	4.221
2026-09-27T13:48:14.854Z	spark1	LOAD	22.477	6.747
2026-09-27T13:48:15.011Z	spark2	LOAD	20.547	4.221
2026-09-27T13:48:15.105Z	spark1	LOAD	22.443	6.747
2026-09-27T13:48:15.262Z	spark2	LOAD	20.547	4.221
2026-09-27T13:48:15.356Z	spark1	LOAD	22.411	6.747
2026-09-27T13:48:15.522Z	spark2	LOAD	20.547	4.221
2026-09-27T13:48:15.606Z	spark1	LOAD	22.340	6.747
2026-09-27T13:48:15.772Z	spark2	LOAD	20.547	4.221
2026-09-27T13:48:15.872Z	spark1	LOAD	22.310	6.747
2026-09-27T13:48:16.023Z	spark2	LOAD	20.553	4.221
2026-09-27T13:48:16.122Z	spark1	LOAD	22.264	6.747
2026-09-27T13:48:16.273Z	spark2	LOAD	20.553	4.221
2026-09-27T13:48:16.373Z	spark1	LOAD	22.233	6.747
2026-09-27T13:48:16.538Z	spark2	LOAD	20.553	4.221
2026-09-27T13:48:16.624Z	spark1	LOAD	22.175	6.747
2026-09-27T13:48:16.789Z	spark2	LOAD	20.553	4.221
2026-09-27T13:48:16.890Z	spark1	LOAD	22.135	6.747
2026-09-27T13:48:17.040Z	spark2	LOAD	20.558	4.221
2026-09-27T13:48:17.140Z	spark1	LOAD	22.100	6.747
2026-09-27T13:48:17.290Z	spark2	LOAD	20.558	4.221
2026-09-27T13:48:17.390Z	spark1	LOAD	22.044	6.747
2026-09-27T13:48:17.552Z	spark2	LOAD	20.558	4.221
2026-09-27T13:48:17.641Z	spark1	LOAD	21.993	6.747
2026-09-27T13:48:17.803Z	spark2	LOAD	20.558	4.221
2026-09-27T13:48:17.908Z	spark1	LOAD	21.954	6.747
2026-09-27T13:48:18.053Z	spark2	LOAD	20.563	4.221
2026-09-27T13:48:18.158Z	spark1	LOAD	21.921	6.747
2026-09-27T13:48:18.304Z	spark2	LOAD	20.563	4.221
2026-09-27T13:48:18.408Z	spark1	LOAD	21.878	6.747
2026-09-27T13:48:18.565Z	spark2	LOAD	20.563	4.221
2026-09-27T13:48:18.659Z	spark1	LOAD	21.847	6.747
2026-09-27T13:48:18.816Z	spark2	LOAD	20.563	4.221
2026-09-27T13:48:18.920Z	spark1	LOAD	21.805	6.747
2026-09-27T13:48:19.067Z	spark2	LOAD	20.565	4.221
2026-09-27T13:48:19.171Z	spark1	LOAD	21.775	6.747
2026-09-27T13:48:19.317Z	spark2	LOAD	20.565	4.221
2026-09-27T13:48:19.421Z	spark1	LOAD	21.741	6.747
2026-09-27T13:48:19.579Z	spark2	LOAD	20.564	4.221
2026-09-27T13:48:19.671Z	spark1	LOAD	21.682	6.747
2026-09-27T13:48:19.829Z	spark2	LOAD	20.564	4.221
2026-09-27T13:48:19.938Z	spark1	LOAD	21.639	6.746
2026-09-27T13:48:20.080Z	spark2	LOAD	20.566	4.221
2026-09-27T13:48:20.188Z	spark1	LOAD	21.607	6.746
2026-09-27T13:48:20.331Z	spark2	LOAD	20.566	4.221
2026-09-27T13:48:20.438Z	spark1	LOAD	21.580	6.746
2026-09-27T13:48:20.592Z	spark2	LOAD	20.566	4.221
2026-09-27T13:48:20.689Z	spark1	LOAD	21.546	6.746
2026-09-27T13:48:20.842Z	spark2	LOAD	20.566	4.221
2026-09-27T13:48:20.951Z	spark1	LOAD	21.505	6.746
2026-09-27T13:48:21.094Z	spark2	LOAD	20.570	4.221
2026-09-27T13:48:21.201Z	spark1	LOAD	21.472	6.746
2026-09-27T13:48:21.344Z	spark2	LOAD	20.570	4.221
2026-09-27T13:48:21.451Z	spark1	LOAD	21.431	6.746
2026-09-27T13:48:21.604Z	spark2	LOAD	20.568	4.221
2026-09-27T13:48:21.701Z	spark1	LOAD	21.353	6.746
2026-09-27T13:48:21.854Z	spark2	LOAD	20.570	4.221
2026-09-27T13:48:21.963Z	spark1	LOAD	21.302	6.746
2026-09-27T13:48:22.104Z	spark2	LOAD	20.571	4.221
2026-09-27T13:48:22.213Z	spark1	LOAD	21.267	6.746
2026-09-27T13:48:22.354Z	spark2	LOAD	20.571	4.221
2026-09-27T13:48:22.464Z	spark1	LOAD	21.300	6.746
2026-09-27T13:48:22.619Z	spark2	LOAD	20.574	4.221
2026-09-27T13:48:22.714Z	spark1	LOAD	21.258	6.746
2026-09-27T13:48:22.869Z	spark2	LOAD	20.574	4.221
2026-09-27T13:48:22.980Z	spark1	LOAD	21.207	6.746
2026-09-27T13:48:23.121Z	spark2	LOAD	20.575	4.221
2026-09-27T13:48:23.231Z	spark1	LOAD	21.218	6.746
2026-09-27T13:48:23.371Z	spark2	LOAD	20.575	4.221
2026-09-27T13:48:23.481Z	spark1	LOAD	20.629	6.746
2026-09-27T13:48:23.632Z	spark2	LOAD	20.575	4.221
2026-09-27T13:48:23.731Z	spark1	LOAD	20.595	6.746
2026-09-27T13:48:23.883Z	spark2	LOAD	20.575	4.221
2026-09-27T13:48:23.997Z	spark1	LOAD	21.077	6.746
2026-09-27T13:48:24.133Z	spark2	LOAD	20.557	4.218
2026-09-27T13:48:24.248Z	spark1	LOAD	21.025	6.746
2026-09-27T13:48:24.383Z	spark2	LOAD	20.565	4.215
2026-09-27T13:48:24.498Z	spark1	LOAD	20.992	6.746
2026-09-27T13:48:24.643Z	spark2	LOAD	20.554	4.215
2026-09-27T13:48:24.748Z	spark1	LOAD	20.933	6.746
2026-09-27T13:48:24.894Z	spark2	LOAD	20.560	4.213
2026-09-27T13:48:25.010Z	spark1	LOAD	20.854	6.746
2026-09-27T13:48:25.145Z	spark2	LOAD	20.562	4.212
2026-09-27T13:48:25.261Z	spark1	LOAD	20.815	6.747
2026-09-27T13:48:25.396Z	spark2	LOAD	20.562	4.212
2026-09-27T13:48:25.511Z	spark1	LOAD	20.783	6.747
2026-09-27T13:48:25.661Z	spark2	LOAD	20.562	4.212
2026-09-27T13:48:25.762Z	spark1	LOAD	20.764	6.747
2026-09-27T13:48:25.911Z	spark2	LOAD	20.562	4.212
2026-09-27T13:48:26.028Z	spark1	LOAD	20.726	6.747
2026-09-27T13:48:26.163Z	spark2	LOAD	20.562	4.212
2026-09-27T13:48:26.278Z	spark1	LOAD	20.568	6.747
2026-09-27T13:48:26.412Z	spark2	LOAD	20.562	4.212
2026-09-27T13:48:26.529Z	spark1	LOAD	20.656	6.747
2026-09-27T13:48:26.676Z	spark2	LOAD	20.563	4.212
2026-09-27T13:48:26.779Z	spark1	LOAD	20.602	6.747
2026-09-27T13:48:26.927Z	spark2	LOAD	20.563	4.212
2026-09-27T13:48:27.045Z	spark1	LOAD	20.560	6.748
2026-09-27T13:48:27.178Z	spark2	LOAD	20.563	4.212
2026-09-27T13:48:27.296Z	spark1	LOAD	20.521	6.748
2026-09-27T13:48:27.429Z	spark2	LOAD	20.563	4.212
2026-09-27T13:48:27.546Z	spark1	LOAD	20.479	6.748
2026-09-27T13:48:27.690Z	spark2	LOAD	20.563	4.212
2026-09-27T13:48:27.796Z	spark1	LOAD	20.443	6.749
2026-09-27T13:48:27.941Z	spark2	LOAD	20.565	4.212
2026-09-27T13:48:28.066Z	spark1	LOAD	20.371	6.749
2026-09-27T13:48:28.192Z	spark2	LOAD	20.565	4.212
2026-09-27T13:48:28.316Z	spark1	LOAD	20.336	6.749
2026-09-27T13:48:28.443Z	spark2	LOAD	20.565	4.212
2026-09-27T13:48:28.566Z	spark1	LOAD	20.303	6.749
2026-09-27T13:48:28.703Z	spark2	LOAD	20.565	4.212
2026-09-27T13:48:28.817Z	spark1	LOAD	20.271	6.749
2026-09-27T13:48:28.953Z	spark2	LOAD	20.565	4.212
2026-09-27T13:48:29.083Z	spark1	LOAD	20.240	6.749
2026-09-27T13:48:29.204Z	spark2	LOAD	20.565	4.212
2026-09-27T13:48:29.333Z	spark1	LOAD	20.198	6.749
2026-09-27T13:48:29.455Z	spark2	LOAD	20.565	4.212
2026-09-27T13:48:29.584Z	spark1	LOAD	20.155	6.749
2026-09-27T13:48:29.715Z	spark2	LOAD	20.565	4.212
2026-09-27T13:48:29.834Z	spark1	LOAD	20.133	6.749
2026-09-27T13:48:29.966Z	spark2	LOAD	20.565	4.212
2026-09-27T13:48:30.096Z	spark1	LOAD	20.074	6.749
2026-09-27T13:48:30.217Z	spark2	LOAD	20.565	4.212
2026-09-27T13:48:30.346Z	spark1	LOAD	20.043	6.749
2026-09-27T13:48:30.468Z	spark2	LOAD	20.565	4.212
2026-09-27T13:48:30.596Z	spark1	LOAD	20.007	6.749
2026-09-27T13:48:30.734Z	spark2	LOAD	20.566	4.212
2026-09-27T13:48:30.847Z	spark1	LOAD	19.962	6.749
2026-09-27T13:48:30.984Z	spark2	LOAD	20.566	4.212
2026-09-27T13:48:31.112Z	spark1	LOAD	19.942	6.749
2026-09-27T13:48:31.235Z	spark2	LOAD	20.566	4.212
2026-09-27T13:48:31.363Z	spark1	LOAD	19.906	6.749
2026-09-27T13:48:31.486Z	spark2	LOAD	20.566	4.212
2026-09-27T13:48:31.613Z	spark1	LOAD	19.863	6.749
2026-09-27T13:48:31.746Z	spark2	LOAD	20.566	4.212
2026-09-27T13:48:31.864Z	spark1	LOAD	19.841	6.749
2026-09-27T13:48:31.997Z	spark2	LOAD	20.566	4.212
2026-09-27T13:48:32.130Z	spark1	LOAD	19.757	6.749
2026-09-27T13:48:32.249Z	spark2	LOAD	20.566	4.212
2026-09-27T13:48:32.380Z	spark1	LOAD	19.748	6.749
2026-09-27T13:48:32.500Z	spark2	LOAD	20.566	4.212
2026-09-27T13:48:32.630Z	spark1	LOAD	19.711	6.749
2026-09-27T13:48:32.765Z	spark2	LOAD	20.566	4.212
2026-09-27T13:48:32.881Z	spark1	LOAD	19.641	6.749
2026-09-27T13:48:33.016Z	spark2	LOAD	20.566	4.212
2026-09-27T13:48:33.147Z	spark1	LOAD	20.675	6.749
2026-09-27T13:48:33.266Z	spark2	LOAD	20.566	4.212
2026-09-27T13:48:33.397Z	spark1	LOAD	22.645	6.749
2026-09-27T13:48:33.517Z	spark2	LOAD	20.566	4.212
2026-09-27T13:48:33.648Z	spark1	LOAD	22.625	6.749
2026-09-27T13:48:33.782Z	spark2	LOAD	20.566	4.212
2026-09-27T13:48:33.898Z	spark1	LOAD	22.593	6.749
2026-09-27T13:48:34.034Z	spark2	LOAD	20.566	4.212
2026-09-27T13:48:34.164Z	spark1	LOAD	22.532	6.749
2026-09-27T13:48:34.284Z	spark2	LOAD	20.566	4.212
2026-09-27T13:48:34.414Z	spark1	LOAD	22.496	6.749
2026-09-27T13:48:34.535Z	spark2	LOAD	20.566	4.212
2026-09-27T13:48:34.664Z	spark1	LOAD	22.468	6.749
2026-09-27T13:48:34.801Z	spark2	LOAD	20.566	4.212
2026-09-27T13:48:34.915Z	spark1	LOAD	22.378	6.748
2026-09-27T13:48:35.052Z	spark2	LOAD	20.566	4.212
2026-09-27T13:48:35.181Z	spark1	LOAD	22.332	6.748
2026-09-27T13:48:35.302Z	spark2	LOAD	20.563	4.211
2026-09-27T13:48:35.432Z	spark1	LOAD	22.299	6.748
2026-09-27T13:48:35.552Z	spark2	LOAD	20.544	4.208
2026-09-27T13:48:35.682Z	spark1	LOAD	22.256	6.748
2026-09-27T13:48:35.818Z	spark2	LOAD	20.551	4.205
2026-09-27T13:48:35.932Z	spark1	LOAD	22.221	6.748
2026-09-27T13:48:36.069Z	spark2	LOAD	20.550	4.205
2026-09-27T13:48:36.200Z	spark1	LOAD	22.157	6.748
2026-09-27T13:48:36.320Z	spark2	LOAD	20.550	4.205
2026-09-27T13:48:36.451Z	spark1	LOAD	22.124	6.748
2026-09-27T13:48:36.571Z	spark2	LOAD	20.550	4.205
2026-09-27T13:48:36.701Z	spark1	LOAD	22.096	6.748
2026-09-27T13:48:36.836Z	spark2	LOAD	20.549	4.205
2026-09-27T13:48:36.952Z	spark1	LOAD	22.061	6.748
2026-09-27T13:48:37.087Z	spark2	LOAD	20.549	4.205
2026-09-27T13:48:37.218Z	spark1	LOAD	22.026	6.748
2026-09-27T13:48:37.337Z	spark2	LOAD	20.549	4.205
2026-09-27T13:48:37.468Z	spark1	LOAD	21.983	6.748
2026-09-27T13:48:37.587Z	spark2	LOAD	20.549	4.205
2026-09-27T13:48:37.719Z	spark1	LOAD	21.951	6.748
2026-09-27T13:48:37.852Z	spark2	LOAD	20.549	4.205
2026-09-27T13:48:37.970Z	spark1	LOAD	21.916	6.748
2026-09-27T13:48:38.103Z	spark2	LOAD	20.550	4.205
2026-09-27T13:48:38.238Z	spark1	LOAD	21.859	6.748
2026-09-27T13:48:38.353Z	spark2	LOAD	20.550	4.205
2026-09-27T13:48:38.488Z	spark1	LOAD	21.827	6.748
2026-09-27T13:48:38.603Z	spark2	LOAD	20.550	4.205
2026-09-27T13:48:38.738Z	spark1	LOAD	21.798	6.748
2026-09-27T13:48:38.864Z	spark2	LOAD	20.550	4.205
2026-09-27T13:48:38.989Z	spark1	LOAD	21.767	6.748
2026-09-27T13:48:39.116Z	spark2	LOAD	20.551	4.205
2026-09-27T13:48:39.250Z	spark1	LOAD	21.728	6.748
2026-09-27T13:48:39.367Z	spark2	LOAD	20.551	4.205
2026-09-27T13:48:39.501Z	spark1	LOAD	21.693	6.748
2026-09-27T13:48:39.618Z	spark2	LOAD	20.551	4.205
2026-09-27T13:48:39.751Z	spark1	LOAD	21.657	6.748
2026-09-27T13:48:39.882Z	spark2	LOAD	20.551	4.205
2026-09-27T13:48:40.001Z	spark1	LOAD	21.626	6.748
2026-09-27T13:48:40.133Z	spark2	LOAD	20.551	4.205
2026-09-27T13:48:40.262Z	spark1	LOAD	21.576	6.748
2026-09-27T13:48:40.384Z	spark2	LOAD	20.551	4.205
2026-09-27T13:48:40.513Z	spark1	LOAD	21.544	6.748
2026-09-27T13:48:40.635Z	spark2	LOAD	20.551	4.205
2026-09-27T13:48:40.763Z	spark1	LOAD	21.514	6.748
2026-09-27T13:48:40.895Z	spark2	LOAD	20.551	4.205
2026-09-27T13:48:41.014Z	spark1	LOAD	21.488	6.748
2026-09-27T13:48:41.147Z	spark2	LOAD	20.551	4.205
2026-09-27T13:48:41.280Z	spark1	LOAD	21.445	6.748
2026-09-27T13:48:41.398Z	spark2	LOAD	20.551	4.205
2026-09-27T13:48:41.531Z	spark1	LOAD	21.410	6.748
2026-09-27T13:48:41.648Z	spark2	LOAD	20.551	4.205
2026-09-27T13:48:41.781Z	spark1	LOAD	21.369	6.748
2026-09-27T13:48:41.914Z	spark2	LOAD	20.551	4.205
2026-09-27T13:48:42.031Z	spark1	LOAD	21.332	6.748
2026-09-27T13:48:42.165Z	spark2	LOAD	20.551	4.205
2026-09-27T13:48:42.293Z	spark1	LOAD	21.263	6.748
2026-09-27T13:48:42.415Z	spark2	LOAD	20.551	4.205
2026-09-27T13:48:42.544Z	spark1	LOAD	21.210	6.748
2026-09-27T13:48:42.667Z	spark2	LOAD	20.551	4.205
2026-09-27T13:48:42.794Z	spark1	LOAD	21.247	6.748
2026-09-27T13:48:42.932Z	spark2	LOAD	20.551	4.205
2026-09-27T13:48:43.045Z	spark1	LOAD	21.196	6.748
2026-09-27T13:48:43.183Z	spark2	LOAD	20.551	4.205
2026-09-27T13:48:43.307Z	spark1	LOAD	21.148	6.748
2026-09-27T13:48:43.434Z	spark2	LOAD	20.551	4.205
2026-09-27T13:48:43.558Z	spark1	LOAD	21.108	6.748
2026-09-27T13:48:43.685Z	spark2	LOAD	20.551	4.205
2026-09-27T13:48:43.808Z	spark1	LOAD	21.068	6.748
2026-09-27T13:48:43.949Z	spark2	LOAD	20.551	4.205
2026-09-27T13:48:44.059Z	spark1	LOAD	21.036	6.748
2026-09-27T13:48:44.200Z	spark2	LOAD	20.551	4.205
2026-09-27T13:48:44.327Z	spark1	LOAD	21.002	6.748
2026-09-27T13:48:44.450Z	spark2	LOAD	20.551	4.205
2026-09-27T13:48:44.577Z	spark1	LOAD	20.991	6.748
2026-09-27T13:48:44.701Z	spark2	LOAD	20.551	4.205
2026-09-27T13:48:44.827Z	spark1	LOAD	20.952	6.748
2026-09-27T13:48:44.962Z	spark2	LOAD	20.551	4.205
2026-09-27T13:48:45.077Z	spark1	LOAD	20.913	6.748
2026-09-27T13:48:45.213Z	spark2	LOAD	20.551	4.205
2026-09-27T13:48:45.339Z	spark1	LOAD	20.871	6.748
2026-09-27T13:48:45.464Z	spark2	LOAD	20.551	4.205
2026-09-27T13:48:45.589Z	spark1	LOAD	20.833	6.748
2026-09-27T13:48:45.715Z	spark2	LOAD	20.551	4.205
2026-09-27T13:48:45.839Z	spark1	LOAD	20.731	6.748
2026-09-27T13:48:45.979Z	spark2	LOAD	20.552	4.205
2026-09-27T13:48:46.090Z	spark1	LOAD	20.683	6.748
2026-09-27T13:48:46.230Z	spark2	LOAD	20.552	4.203
2026-09-27T13:48:46.352Z	spark1	LOAD	20.646	6.748
2026-09-27T13:48:46.480Z	spark2	LOAD	20.540	4.200
2026-09-27T13:48:46.602Z	spark1	LOAD	20.576	6.748
2026-09-27T13:48:46.731Z	spark2	LOAD	20.546	4.197
2026-09-27T13:48:46.852Z	spark1	LOAD	20.531	6.748
2026-09-27T13:48:46.995Z	spark2	LOAD	20.545	4.195
2026-09-27T13:48:47.103Z	spark1	LOAD	20.498	6.748
2026-09-27T13:48:47.246Z	spark2	LOAD	20.545	4.193
2026-09-27T13:48:47.369Z	spark1	LOAD	20.456	6.748
2026-09-27T13:48:47.497Z	spark2	LOAD	20.545	4.193
2026-09-27T13:48:47.619Z	spark1	LOAD	20.414	6.748
2026-09-27T13:48:47.748Z	spark2	LOAD	20.545	4.193
2026-09-27T13:48:47.870Z	spark1	LOAD	20.375	6.748
2026-09-27T13:48:48.009Z	spark2	LOAD	20.545	4.193
2026-09-27T13:48:48.120Z	spark1	LOAD	20.338	6.748
2026-09-27T13:48:48.259Z	spark2	LOAD	20.545	4.193
2026-09-27T13:48:48.386Z	spark1	LOAD	20.291	6.748
2026-09-27T13:48:48.510Z	spark2	LOAD	20.545	4.193
2026-09-27T13:48:48.636Z	spark1	LOAD	20.228	6.748
2026-09-27T13:48:48.761Z	spark2	LOAD	20.545	4.193
2026-09-27T13:48:48.887Z	spark1	LOAD	20.194	6.748
2026-09-27T13:48:49.021Z	spark2	LOAD	20.545	4.193
2026-09-27T13:48:49.137Z	spark1	LOAD	20.219	6.748
2026-09-27T13:48:49.272Z	spark2	LOAD	20.545	4.193
2026-09-27T13:48:49.403Z	spark1	LOAD	20.175	6.748
2026-09-27T13:48:49.522Z	spark2	LOAD	20.545	4.193
2026-09-27T13:48:49.654Z	spark1	LOAD	20.135	6.748
2026-09-27T13:48:49.773Z	spark2	LOAD	20.545	4.193
2026-09-27T13:48:49.904Z	spark1	LOAD	20.097	6.748
2026-09-27T13:48:50.038Z	spark2	LOAD	20.545	4.193
2026-09-27T13:48:50.154Z	spark1	LOAD	20.059	6.748
2026-09-27T13:48:50.289Z	spark2	LOAD	20.545	4.193
2026-09-27T13:48:50.416Z	spark1	LOAD	20.014	6.747
2026-09-27T13:48:50.539Z	spark2	LOAD	20.545	4.193
2026-09-27T13:48:50.666Z	spark1	LOAD	19.940	6.747
2026-09-27T13:48:50.791Z	spark2	LOAD	20.545	4.193
2026-09-27T13:48:50.917Z	spark1	LOAD	19.900	6.747
2026-09-27T13:48:51.051Z	spark2	LOAD	20.545	4.193
2026-09-27T13:48:51.167Z	spark1	LOAD	19.893	6.747
2026-09-27T13:48:51.302Z	spark2	LOAD	20.545	4.193
2026-09-27T13:48:51.434Z	spark1	LOAD	19.843	6.747
2026-09-27T13:48:51.553Z	spark2	LOAD	20.545	4.193
2026-09-27T13:48:51.684Z	spark1	LOAD	19.807	6.747
2026-09-27T13:48:51.803Z	spark2	LOAD	20.545	4.193
2026-09-27T13:48:51.935Z	spark1	LOAD	19.764	6.747
2026-09-27T13:48:52.068Z	spark2	LOAD	20.545	4.193
2026-09-27T13:48:52.185Z	spark1	LOAD	19.732	6.747
2026-09-27T13:48:52.319Z	spark2	LOAD	20.545	4.193
2026-09-27T13:48:52.454Z	spark1	LOAD	19.683	6.747
2026-09-27T13:48:52.568Z	spark2	LOAD	20.545	4.193
2026-09-27T13:48:52.704Z	spark1	LOAD	19.617	6.747
2026-09-27T13:48:52.819Z	spark2	LOAD	20.545	4.193
2026-09-27T13:48:52.955Z	spark1	LOAD	19.464	6.747
2026-09-27T13:48:53.083Z	spark2	LOAD	20.545	4.193
2026-09-27T13:48:53.205Z	spark1	LOAD	19.590	6.747
2026-09-27T13:48:53.334Z	spark2	LOAD	20.545	4.193
2026-09-27T13:48:53.471Z	spark1	LOAD	19.542	6.747
2026-09-27T13:48:53.585Z	spark2	LOAD	20.545	4.193
2026-09-27T13:48:53.722Z	spark1	LOAD	19.496	6.747
2026-09-27T13:48:53.836Z	spark2	LOAD	20.545	4.193
2026-09-27T13:48:53.972Z	spark1	LOAD	19.452	6.747
2026-09-27T13:48:54.101Z	spark2	LOAD	20.545	4.193
2026-09-27T13:48:54.223Z	spark1	LOAD	19.413	6.747
2026-09-27T13:48:54.351Z	spark2	LOAD	20.545	4.193
2026-09-27T13:48:54.490Z	spark1	LOAD	19.659	6.747
2026-09-27T13:48:54.602Z	spark2	LOAD	20.545	4.193
2026-09-27T13:48:54.739Z	spark1	LOAD	21.295	6.747
2026-09-27T13:48:54.853Z	spark2	LOAD	20.545	4.193
2026-09-27T13:48:54.990Z	spark1	LOAD	22.671	6.747
2026-09-27T13:48:55.117Z	spark2	LOAD	20.545	4.193
2026-09-27T13:48:55.240Z	spark1	LOAD	22.640	6.747
2026-09-27T13:48:55.368Z	spark2	LOAD	20.545	4.193
2026-09-27T13:48:55.506Z	spark1	LOAD	22.612	6.747
2026-09-27T13:48:55.619Z	spark2	LOAD	20.545	4.193
2026-09-27T13:48:55.757Z	spark1	LOAD	22.584	6.747
2026-09-27T13:48:55.870Z	spark2	LOAD	20.545	4.193
2026-09-27T13:48:56.007Z	spark1	LOAD	22.396	6.747
2026-09-27T13:48:56.133Z	spark2	LOAD	20.548	4.193
2026-09-27T13:48:56.258Z	spark1	LOAD	22.109	6.747
2026-09-27T13:48:56.385Z	spark2	LOAD	20.548	4.193
2026-09-27T13:48:56.523Z	spark1	LOAD	21.994	6.747
2026-09-27T13:48:56.636Z	spark2	LOAD	20.548	4.193
2026-09-27T13:48:56.773Z	spark1	LOAD	21.886	6.747
2026-09-27T13:48:56.886Z	spark2	LOAD	20.548	4.193
2026-09-27T13:48:57.024Z	spark1	LOAD	21.862	6.747
2026-09-27T13:48:57.150Z	spark2	LOAD	20.546	4.192
2026-09-27T13:48:57.274Z	spark1	LOAD	21.821	6.747
2026-09-27T13:48:57.400Z	spark2	LOAD	20.529	4.188
2026-09-27T13:48:57.541Z	spark1	LOAD	21.755	6.747
2026-09-27T13:48:57.652Z	spark2	LOAD	20.536	4.186
2026-09-27T13:48:57.791Z	spark1	LOAD	21.715	6.747
2026-09-27T13:48:57.902Z	spark2	LOAD	20.532	4.182
2026-09-27T13:48:58.042Z	spark1	LOAD	21.680	6.747
2026-09-27T13:48:58.167Z	spark2	LOAD	20.524	4.182
2026-09-27T13:48:58.292Z	spark1	LOAD	21.640	6.747
2026-09-27T13:48:58.418Z	spark2	LOAD	20.524	4.182
2026-09-27T13:48:58.559Z	spark1	LOAD	21.591	6.747
2026-09-27T13:48:58.669Z	spark2	LOAD	20.524	4.182
2026-09-27T13:48:58.809Z	spark1	LOAD	21.536	6.747
2026-09-27T13:48:58.919Z	spark2	LOAD	20.524	4.182
2026-09-27T13:48:59.060Z	spark1	LOAD	21.508	6.747
2026-09-27T13:48:59.184Z	spark2	LOAD	20.525	4.182
2026-09-27T13:48:59.310Z	spark1	LOAD	21.477	6.747
2026-09-27T13:48:59.435Z	spark2	LOAD	20.525	4.182
2026-09-27T13:48:59.577Z	spark1	LOAD	21.428	6.747
2026-09-27T13:48:59.686Z	spark2	LOAD	20.525	4.182
2026-09-27T13:48:59.827Z	spark1	LOAD	21.392	6.747
2026-09-27T13:48:59.937Z	spark2	LOAD	20.526	4.182
2026-09-27T13:49:00.077Z	spark1	LOAD	21.360	6.747
2026-09-27T13:49:00.202Z	spark2	LOAD	20.526	4.182
2026-09-27T13:49:00.328Z	spark1	LOAD	21.330	6.747
2026-09-27T13:49:00.452Z	spark2	LOAD	20.526	4.182
2026-09-27T13:49:00.595Z	spark1	LOAD	21.288	6.747
2026-09-27T13:49:00.703Z	spark2	LOAD	20.526	4.182
2026-09-27T13:49:00.845Z	spark1	LOAD	21.227	6.747
2026-09-27T13:49:00.952Z	spark2	LOAD	20.527	4.182
2026-09-27T13:49:01.095Z	spark1	LOAD	21.191	6.747
2026-09-27T13:49:01.217Z	spark2	LOAD	20.527	4.182
2026-09-27T13:49:01.346Z	spark1	LOAD	21.156	6.747
2026-09-27T13:49:01.468Z	spark2	LOAD	20.527	4.182
2026-09-27T13:49:01.607Z	spark1	LOAD	21.117	6.747
2026-09-27T13:49:01.718Z	spark2	LOAD	20.527	4.182
2026-09-27T13:49:01.857Z	spark1	LOAD	21.080	6.746
2026-09-27T13:49:01.969Z	spark2	LOAD	20.527	4.182
2026-09-27T13:49:02.107Z	spark1	LOAD	21.040	6.746
2026-09-27T13:49:02.235Z	spark2	LOAD	20.527	4.182
2026-09-27T13:49:02.357Z	spark1	LOAD	21.005	6.746
2026-09-27T13:49:02.485Z	spark2	LOAD	20.527	4.182
2026-09-27T13:49:02.618Z	spark1	LOAD	20.956	6.746
2026-09-27T13:49:02.736Z	spark2	LOAD	20.527	4.182
2026-09-27T13:49:02.869Z	spark1	LOAD	20.891	6.746
2026-09-27T13:49:02.987Z	spark2	LOAD	20.527	4.182
2026-09-27T13:49:03.119Z	spark1	LOAD	20.858	6.746
2026-09-27T13:49:03.252Z	spark2	LOAD	20.527	4.182
2026-09-27T13:49:03.370Z	spark1	LOAD	20.825	6.746
2026-09-27T13:49:03.502Z	spark2	LOAD	20.527	4.182
2026-09-27T13:49:03.636Z	spark1	LOAD	20.785	6.746
2026-09-27T13:49:03.753Z	spark2	LOAD	20.527	4.182
2026-09-27T13:49:03.886Z	spark1	LOAD	20.751	6.746
2026-09-27T13:49:04.003Z	spark2	LOAD	20.527	4.182
2026-09-27T13:49:04.137Z	spark1	LOAD	20.715	6.746
2026-09-27T13:49:04.267Z	spark2	LOAD	20.527	4.182
2026-09-27T13:49:04.387Z	spark1	LOAD	21.268	6.747
2026-09-27T13:49:04.518Z	spark2	LOAD	20.527	4.182
2026-09-27T13:49:04.653Z	spark1	LOAD	21.225	6.747
2026-09-27T13:49:04.768Z	spark2	LOAD	20.527	4.182
2026-09-27T13:49:04.904Z	spark1	LOAD	21.153	6.747
2026-09-27T13:49:05.020Z	spark2	LOAD	20.527	4.182
2026-09-27T13:49:05.154Z	spark1	LOAD	21.160	6.747
2026-09-27T13:49:05.281Z	spark2	LOAD	20.527	4.182
2026-09-27T13:49:05.404Z	spark1	LOAD	21.105	6.747
2026-09-27T13:49:05.531Z	spark2	LOAD	20.527	4.182
2026-09-27T13:49:05.666Z	spark1	LOAD	21.067	6.747
2026-09-27T13:49:05.782Z	spark2	LOAD	20.527	4.182
2026-09-27T13:49:05.916Z	spark1	LOAD	21.033	6.747
2026-09-27T13:49:06.032Z	spark2	LOAD	20.528	4.182
2026-09-27T13:49:06.167Z	spark1	LOAD	20.997	6.747
2026-09-27T13:49:06.298Z	spark2	LOAD	20.528	4.182
2026-09-27T13:49:06.418Z	spark1	LOAD	20.963	6.747
2026-09-27T13:49:06.548Z	spark2	LOAD	20.528	4.182
2026-09-27T13:49:06.680Z	spark1	LOAD	20.915	6.746
2026-09-27T13:49:06.798Z	spark2	LOAD	20.528	4.182
2026-09-27T13:49:06.930Z	spark1	LOAD	20.838	6.746
2026-09-27T13:49:07.049Z	spark2	LOAD	20.528	4.182
2026-09-27T13:49:07.180Z	spark1	LOAD	20.778	6.746
2026-09-27T13:49:07.314Z	spark2	LOAD	20.528	4.182
2026-09-27T13:49:07.431Z	spark1	LOAD	20.768	6.746
2026-09-27T13:49:07.564Z	spark2	LOAD	20.528	4.182
2026-09-27T13:49:07.692Z	spark1	LOAD	20.665	6.746
2026-09-27T13:49:07.815Z	spark2	LOAD	20.528	4.182
2026-09-27T13:49:07.943Z	spark1	LOAD	20.624	6.746
2026-09-27T13:49:08.065Z	spark2	LOAD	20.527	4.180
2026-09-27T13:49:08.193Z	spark1	LOAD	20.633	6.746
2026-09-27T13:49:08.325Z	spark2	LOAD	20.503	4.178
2026-09-27T13:49:08.444Z	spark1	LOAD	20.572	6.746
2026-09-27T13:49:08.576Z	spark2	LOAD	20.504	4.176
2026-09-27T13:49:08.705Z	spark1	LOAD	20.523	6.746
2026-09-27T13:49:08.827Z	spark2	LOAD	20.504	4.176
2026-09-27T13:49:08.955Z	spark1	LOAD	20.485	6.746
2026-09-27T13:49:09.078Z	spark2	LOAD	20.504	4.176
2026-09-27T13:49:09.206Z	spark1	LOAD	20.410	6.746
2026-09-27T13:49:09.344Z	spark2	LOAD	20.504	4.176
2026-09-27T13:49:09.456Z	spark1	LOAD	20.414	6.746
2026-09-27T13:49:09.594Z	spark2	LOAD	20.504	4.176
2026-09-27T13:49:09.722Z	spark1	LOAD	20.358	6.746
2026-09-27T13:49:09.845Z	spark2	LOAD	20.504	4.176
2026-09-27T13:49:09.973Z	spark1	LOAD	20.315	6.746
2026-09-27T13:49:10.096Z	spark2	LOAD	20.504	4.176
2026-09-27T13:49:10.223Z	spark1	LOAD	20.275	6.746
2026-09-27T13:49:10.360Z	spark2	LOAD	20.504	4.176
2026-09-27T13:49:10.473Z	spark1	LOAD	20.236	6.746
2026-09-27T13:49:10.611Z	spark2	LOAD	20.504	4.176
2026-09-27T13:49:10.739Z	spark1	LOAD	20.198	6.746
2026-09-27T13:49:10.862Z	spark2	LOAD	20.505	4.176
2026-09-27T13:49:10.990Z	spark1	LOAD	20.158	6.746
2026-09-27T13:49:11.113Z	spark2	LOAD	20.505	4.176
2026-09-27T13:49:11.240Z	spark1	LOAD	20.104	6.746
2026-09-27T13:49:11.377Z	spark2	LOAD	20.505	4.176
2026-09-27T13:49:11.491Z	spark1	LOAD	20.062	6.746
2026-09-27T13:49:11.628Z	spark2	LOAD	20.505	4.176
2026-09-27T13:49:11.757Z	spark1	LOAD	20.017	6.746
2026-09-27T13:49:11.878Z	spark2	LOAD	20.506	4.176
2026-09-27T13:49:12.007Z	spark1	LOAD	19.979	6.746
2026-09-27T13:49:12.129Z	spark2	LOAD	20.506	4.176
2026-09-27T13:49:12.258Z	spark1	LOAD	19.944	6.746
2026-09-27T13:49:12.394Z	spark2	LOAD	20.506	4.176
2026-09-27T13:49:12.508Z	spark1	LOAD	19.908	6.746
2026-09-27T13:49:12.645Z	spark2	LOAD	20.506	4.176
2026-09-27T13:49:12.770Z	spark1	LOAD	19.872	6.746
2026-09-27T13:49:12.896Z	spark2	LOAD	20.506	4.176
2026-09-27T13:49:13.020Z	spark1	LOAD	19.831	6.746
2026-09-27T13:49:13.146Z	spark2	LOAD	20.508	4.176
2026-09-27T13:49:13.271Z	spark1	LOAD	19.791	6.746
2026-09-27T13:49:13.410Z	spark2	LOAD	20.508	4.176
2026-09-27T13:49:13.521Z	spark1	LOAD	19.762	6.746
2026-09-27T13:49:13.662Z	spark2	LOAD	20.508	4.176
2026-09-27T13:49:13.789Z	spark1	LOAD	19.718	6.746
2026-09-27T13:49:13.912Z	spark2	LOAD	20.510	4.176
2026-09-27T13:49:14.039Z	spark1	LOAD	19.664	6.746
2026-09-27T13:49:14.163Z	spark2	LOAD	20.510	4.176
2026-09-27T13:49:14.290Z	spark1	LOAD	19.628	6.746
2026-09-27T13:49:14.427Z	spark2	LOAD	20.510	4.176
2026-09-27T13:49:14.540Z	spark1	LOAD	19.588	6.748
2026-09-27T13:49:14.678Z	spark2	LOAD	20.510	4.176
2026-09-27T13:49:14.802Z	spark1	LOAD	19.547	6.748
2026-09-27T13:49:14.929Z	spark2	LOAD	20.511	4.176
2026-09-27T13:49:15.052Z	spark1	LOAD	19.504	6.748
2026-09-27T13:49:15.180Z	spark2	LOAD	20.511	4.176
2026-09-27T13:49:15.303Z	spark1	LOAD	20.931	6.748
2026-09-27T13:49:15.445Z	spark2	LOAD	20.511	4.176
2026-09-27T13:49:15.553Z	spark1	LOAD	22.685	6.748
2026-09-27T13:49:15.695Z	spark2	LOAD	20.511	4.176
2026-09-27T13:49:15.815Z	spark1	LOAD	22.649	6.748
2026-09-27T13:49:15.946Z	spark2	LOAD	20.511	4.176
2026-09-27T13:49:16.065Z	spark1	LOAD	22.611	6.748
2026-09-27T13:49:16.196Z	spark2	LOAD	20.511	4.176
2026-09-27T13:49:16.316Z	spark1	LOAD	22.568	6.748
2026-09-27T13:49:16.461Z	spark2	LOAD	20.511	4.176
2026-09-27T13:49:16.566Z	spark1	LOAD	22.521	6.748
2026-09-27T13:49:16.712Z	spark2	LOAD	20.511	4.176
2026-09-27T13:49:16.833Z	spark1	LOAD	22.474	6.748
2026-09-27T13:49:16.963Z	spark2	LOAD	20.511	4.176
2026-09-27T13:49:17.083Z	spark1	LOAD	22.434	6.748
2026-09-27T13:49:17.213Z	spark2	LOAD	20.511	4.176
2026-09-27T13:49:17.333Z	spark1	LOAD	22.375	6.748
2026-09-27T13:49:17.477Z	spark2	LOAD	20.512	4.176
2026-09-27T13:49:17.584Z	spark1	LOAD	22.330	6.748
2026-09-27T13:49:17.728Z	spark2	LOAD	20.512	4.176
2026-09-27T13:49:17.850Z	spark1	LOAD	22.294	6.748
2026-09-27T13:49:17.979Z	spark2	LOAD	20.512	4.176
2026-09-27T13:49:18.101Z	spark1	LOAD	22.260	6.748
2026-09-27T13:49:18.230Z	spark2	LOAD	20.512	4.176
2026-09-27T13:49:18.351Z	spark1	LOAD	22.226	6.748
2026-09-27T13:49:18.494Z	spark2	LOAD	20.512	4.176
2026-09-27T13:49:18.601Z	spark1	LOAD	22.161	6.748
2026-09-27T13:49:18.745Z	spark2	LOAD	20.512	4.176
2026-09-27T13:49:18.863Z	spark1	LOAD	22.111	6.748
2026-09-27T13:49:18.996Z	spark2	LOAD	20.511	4.174
2026-09-27T13:49:19.114Z	spark1	LOAD	22.078	6.748
2026-09-27T13:49:19.246Z	spark2	LOAD	20.514	4.173
2026-09-27T13:49:19.364Z	spark1	LOAD	22.009	6.748
2026-09-27T13:49:19.507Z	spark2	LOAD	20.514	4.171
2026-09-27T13:49:19.615Z	spark1	LOAD	21.974	6.748
2026-09-27T13:49:19.757Z	spark2	LOAD	20.514	4.171
2026-09-27T13:49:19.876Z	spark1	LOAD	21.938	6.748
2026-09-27T13:49:20.007Z	spark2	LOAD	20.515	4.171
2026-09-27T13:49:20.127Z	spark1	LOAD	21.882	6.748
2026-09-27T13:49:20.257Z	spark2	LOAD	20.515	4.171
2026-09-27T13:49:20.377Z	spark1	LOAD	21.851	6.748
2026-09-27T13:49:20.523Z	spark2	LOAD	20.516	4.171
2026-09-27T13:49:20.627Z	spark1	LOAD	21.816	6.748
2026-09-27T13:49:20.773Z	spark2	LOAD	20.516	4.171
2026-09-27T13:49:20.893Z	spark1	LOAD	21.776	6.748
2026-09-27T13:49:21.023Z	spark2	LOAD	20.516	4.171
2026-09-27T13:49:21.143Z	spark1	LOAD	21.742	6.748
2026-09-27T13:49:21.274Z	spark2	LOAD	20.516	4.171
2026-09-27T13:49:21.394Z	spark1	LOAD	21.687	6.747
2026-09-27T13:49:21.539Z	spark2	LOAD	20.516	4.171
2026-09-27T13:49:21.644Z	spark1	LOAD	21.653	6.747
2026-09-27T13:49:21.789Z	spark2	LOAD	20.516	4.171
2026-09-27T13:49:21.910Z	spark1	LOAD	21.612	6.747
2026-09-27T13:49:22.040Z	spark2	LOAD	20.516	4.171
2026-09-27T13:49:22.160Z	spark1	LOAD	21.577	6.747
2026-09-27T13:49:22.290Z	spark2	LOAD	20.516	4.171
2026-09-27T13:49:22.410Z	spark1	LOAD	21.542	6.747
2026-09-27T13:49:22.554Z	spark2	LOAD	20.516	4.171
2026-09-27T13:49:22.661Z	spark1	LOAD	21.489	6.747
2026-09-27T13:49:22.805Z	spark2	LOAD	20.516	4.171
2026-09-27T13:49:22.927Z	spark1	LOAD	21.445	6.747
2026-09-27T13:49:23.056Z	spark2	LOAD	20.516	4.171
2026-09-27T13:49:23.177Z	spark1	LOAD	21.406	6.747
2026-09-27T13:49:23.306Z	spark2	LOAD	20.516	4.171
2026-09-27T13:49:23.427Z	spark1	LOAD	21.343	6.747
2026-09-27T13:49:23.571Z	spark2	LOAD	20.516	4.171
2026-09-27T13:49:23.677Z	spark1	LOAD	21.304	6.747
2026-09-27T13:49:23.822Z	spark2	LOAD	20.516	4.171
2026-09-27T13:49:23.936Z	spark1	LOAD	21.261	6.747
2026-09-27T13:49:24.072Z	spark2	LOAD	20.516	4.171
2026-09-27T13:49:24.186Z	spark1	LOAD	21.225	6.747
2026-09-27T13:49:24.323Z	spark2	LOAD	20.516	4.171
2026-09-27T13:49:24.436Z	spark1	LOAD	21.199	6.747
2026-09-27T13:49:24.588Z	spark2	LOAD	20.516	4.171
2026-09-27T13:49:24.687Z	spark1	LOAD	21.161	6.747
2026-09-27T13:49:24.839Z	spark2	LOAD	20.516	4.171
2026-09-27T13:49:24.953Z	spark1	LOAD	21.116	6.747
2026-09-27T13:49:25.089Z	spark2	LOAD	20.516	4.171
2026-09-27T13:49:25.203Z	spark1	LOAD	21.073	6.747
2026-09-27T13:49:25.340Z	spark2	LOAD	20.516	4.171
2026-09-27T13:49:25.453Z	spark1	LOAD	21.032	6.747
2026-09-27T13:49:25.605Z	spark2	LOAD	20.516	4.171
2026-09-27T13:49:25.703Z	spark1	LOAD	20.972	6.747
2026-09-27T13:49:25.856Z	spark2	LOAD	20.516	4.171
2026-09-27T13:49:25.970Z	spark1	LOAD	20.927	6.747
2026-09-27T13:49:26.106Z	spark2	LOAD	20.516	4.171
2026-09-27T13:49:26.221Z	spark1	LOAD	20.880	6.748
2026-09-27T13:49:26.357Z	spark2	LOAD	20.516	4.171
2026-09-27T13:49:26.471Z	spark1	LOAD	20.836	6.748
2026-09-27T13:49:26.622Z	spark2	LOAD	20.516	4.171
2026-09-27T13:49:26.722Z	spark1	LOAD	20.817	6.748
2026-09-27T13:49:26.873Z	spark2	LOAD	20.516	4.171
2026-09-27T13:49:26.984Z	spark1	LOAD	20.767	6.748
2026-09-27T13:49:27.123Z	spark2	LOAD	20.516	4.171
2026-09-27T13:49:27.234Z	spark1	LOAD	20.728	6.748
2026-09-27T13:49:27.373Z	spark2	LOAD	20.516	4.171
2026-09-27T13:49:27.484Z	spark1	LOAD	20.702	6.748
2026-09-27T13:49:27.638Z	spark2	LOAD	20.516	4.171
2026-09-27T13:49:27.735Z	spark1	LOAD	20.621	6.748
2026-09-27T13:49:27.889Z	spark2	LOAD	20.516	4.171
2026-09-27T13:49:27.999Z	spark1	LOAD	20.575	6.748
2026-09-27T13:49:28.140Z	spark2	LOAD	20.516	4.171
2026-09-27T13:49:28.249Z	spark1	LOAD	20.545	6.748
2026-09-27T13:49:28.390Z	spark2	LOAD	20.516	4.171
2026-09-27T13:49:28.499Z	spark1	LOAD	20.513	6.748
2026-09-27T13:49:28.654Z	spark2	LOAD	20.516	4.171
2026-09-27T13:49:28.750Z	spark1	LOAD	20.489	6.750
2026-09-27T13:49:28.905Z	spark2	LOAD	20.516	4.171
2026-09-27T13:49:29.016Z	spark1	LOAD	20.442	6.750
2026-09-27T13:49:29.155Z	spark2	LOAD	20.516	4.171
2026-09-27T13:49:29.266Z	spark1	LOAD	20.459	6.750
2026-09-27T13:49:29.406Z	spark2	LOAD	20.516	4.171
2026-09-27T13:49:29.516Z	spark1	LOAD	20.410	6.750
2026-09-27T13:49:29.670Z	spark2	LOAD	20.515	4.171
2026-09-27T13:49:29.767Z	spark1	LOAD	20.339	6.750
2026-09-27T13:49:29.921Z	spark2	LOAD	20.488	4.169
2026-09-27T13:49:30.033Z	spark1	LOAD	20.303	6.750
2026-09-27T13:49:30.172Z	spark2	LOAD	20.491	4.168
2026-09-27T13:49:30.283Z	spark1	LOAD	20.271	6.750
2026-09-27T13:49:30.421Z	spark2	LOAD	20.496	4.167
2026-09-27T13:49:30.533Z	spark1	LOAD	20.200	6.750
2026-09-27T13:49:30.686Z	spark2	LOAD	20.488	4.163
2026-09-27T13:49:30.784Z	spark1	LOAD	20.162	6.750
2026-09-27T13:49:30.937Z	spark2	LOAD	20.489	4.162
2026-09-27T13:49:31.045Z	spark1	LOAD	20.167	6.750
2026-09-27T13:49:31.188Z	spark2	LOAD	20.489	4.162
2026-09-27T13:49:31.296Z	spark1	LOAD	20.123	6.750
2026-09-27T13:49:31.438Z	spark2	LOAD	20.489	4.162
2026-09-27T13:49:31.546Z	spark1	LOAD	20.086	6.750
2026-09-27T13:49:31.703Z	spark2	LOAD	20.488	4.162
2026-09-27T13:49:31.797Z	spark1	LOAD	20.027	6.750
2026-09-27T13:49:31.953Z	spark2	LOAD	20.490	4.162
2026-09-27T13:49:32.062Z	spark1	LOAD	19.973	6.750
2026-09-27T13:49:32.203Z	spark2	LOAD	20.490	4.162
2026-09-27T13:49:32.313Z	spark1	LOAD	19.928	6.750
2026-09-27T13:49:32.454Z	spark2	LOAD	20.490	4.162
2026-09-27T13:49:32.563Z	spark1	LOAD	19.920	6.750
2026-09-27T13:49:32.715Z	spark2	LOAD	20.490	4.162
2026-09-27T13:49:32.814Z	spark1	LOAD	19.875	6.750
2026-09-27T13:49:32.967Z	spark2	LOAD	20.491	4.162
2026-09-27T13:49:33.082Z	spark1	LOAD	19.842	6.750
2026-09-27T13:49:33.217Z	spark2	LOAD	20.491	4.162
2026-09-27T13:49:33.332Z	spark1	LOAD	19.759	6.750
2026-09-27T13:49:33.469Z	spark2	LOAD	20.491	4.162
2026-09-27T13:49:33.582Z	spark1	LOAD	19.711	6.750
2026-09-27T13:49:33.734Z	spark2	LOAD	20.491	4.162
2026-09-27T13:49:33.833Z	spark1	LOAD	19.631	6.750
2026-09-27T13:49:33.985Z	spark2	LOAD	20.492	4.162
2026-09-27T13:49:34.100Z	spark1	LOAD	19.593	6.750
2026-09-27T13:49:34.236Z	spark2	LOAD	20.493	4.162
2026-09-27T13:49:34.350Z	spark1	LOAD	19.563	6.750
2026-09-27T13:49:34.487Z	spark2	LOAD	20.493	4.162
2026-09-27T13:49:34.601Z	spark1	LOAD	19.559	6.750
2026-09-27T13:49:34.748Z	spark2	LOAD	20.492	4.162
2026-09-27T13:49:34.851Z	spark1	LOAD	19.500	6.750
2026-09-27T13:49:34.998Z	spark2	LOAD	20.492	4.162
2026-09-27T13:49:35.118Z	spark1	LOAD	19.633	6.749
2026-09-27T13:49:35.249Z	spark2	LOAD	20.492	4.162
2026-09-27T13:49:35.368Z	spark1	LOAD	21.864	6.749
2026-09-27T13:49:35.500Z	spark2	LOAD	20.492	4.162
2026-09-27T13:49:35.619Z	spark1	LOAD	22.653	6.749
2026-09-27T13:49:35.762Z	spark2	LOAD	20.492	4.162
2026-09-27T13:49:35.869Z	spark1	LOAD	22.593	6.749
2026-09-27T13:49:36.013Z	spark2	LOAD	20.492	4.162
2026-09-27T13:49:36.136Z	spark1	LOAD	22.581	6.749
2026-09-27T13:49:36.264Z	spark2	LOAD	20.492	4.162
2026-09-27T13:49:36.387Z	spark1	LOAD	22.542	6.749
2026-09-27T13:49:36.515Z	spark2	LOAD	20.492	4.162
2026-09-27T13:49:36.637Z	spark1	LOAD	22.503	6.749
2026-09-27T13:49:36.780Z	spark2	LOAD	20.492	4.162
2026-09-27T13:49:36.888Z	spark1	LOAD	22.464	6.749
2026-09-27T13:49:37.030Z	spark2	LOAD	20.492	4.162
2026-09-27T13:49:37.150Z	spark1	LOAD	22.422	6.749
2026-09-27T13:49:37.281Z	spark2	LOAD	20.492	4.162
2026-09-27T13:49:37.401Z	spark1	LOAD	22.385	6.749
2026-09-27T13:49:37.532Z	spark2	LOAD	20.492	4.162
2026-09-27T13:49:37.651Z	spark1	LOAD	22.327	6.749
2026-09-27T13:49:37.794Z	spark2	LOAD	20.492	4.162
2026-09-27T13:49:37.901Z	spark1	LOAD	22.269	6.749
2026-09-27T13:49:38.044Z	spark2	LOAD	20.492	4.162
2026-09-27T13:49:38.169Z	spark1	LOAD	22.232	6.749
2026-09-27T13:49:38.296Z	spark2	LOAD	20.492	4.162
2026-09-27T13:49:38.419Z	spark1	LOAD	22.201	6.749
2026-09-27T13:49:38.547Z	spark2	LOAD	20.492	4.162
2026-09-27T13:49:38.670Z	spark1	LOAD	22.170	6.749
2026-09-27T13:49:38.807Z	spark2	LOAD	20.492	4.162
2026-09-27T13:49:38.921Z	spark1	LOAD	22.130	6.749
2026-09-27T13:49:39.058Z	spark2	LOAD	20.492	4.162
2026-09-27T13:49:39.183Z	spark1	LOAD	22.084	6.749
2026-09-27T13:49:39.308Z	spark2	LOAD	20.492	4.162
2026-09-27T13:49:39.433Z	spark1	LOAD	22.054	6.749
2026-09-27T13:49:39.559Z	spark2	LOAD	20.492	4.162
2026-09-27T13:49:39.684Z	spark1	LOAD	22.021	6.749
2026-09-27T13:49:39.821Z	spark2	LOAD	20.492	4.162
2026-09-27T13:49:39.934Z	spark1	LOAD	21.963	6.749
2026-09-27T13:49:40.072Z	spark2	LOAD	20.492	4.162
2026-09-27T13:49:40.196Z	spark1	LOAD	21.919	6.749
2026-09-27T13:49:40.323Z	spark2	LOAD	20.492	4.162
2026-09-27T13:49:40.446Z	spark1	LOAD	21.883	6.749
2026-09-27T13:49:40.574Z	spark2	LOAD	20.492	4.162
2026-09-27T13:49:40.697Z	spark1	LOAD	21.826	6.749
2026-09-27T13:49:40.838Z	spark2	LOAD	20.492	4.162
2026-09-27T13:49:40.947Z	spark1	LOAD	21.790	6.749
2026-09-27T13:49:41.088Z	spark2	LOAD	20.491	4.159
2026-09-27T13:49:41.214Z	spark1	LOAD	21.752	6.748
2026-09-27T13:49:41.338Z	spark2	LOAD	20.495	4.159
2026-09-27T13:49:41.464Z	spark1	LOAD	21.692	6.748
2026-09-27T13:49:41.590Z	spark2	LOAD	20.494	4.155
2026-09-27T13:49:41.715Z	spark1	LOAD	21.660	6.748
2026-09-27T13:49:41.855Z	spark2	LOAD	20.492	4.154
2026-09-27T13:49:41.965Z	spark1	LOAD	21.601	6.748
2026-09-27T13:49:42.106Z	spark2	LOAD	20.492	4.154
2026-09-27T13:49:42.231Z	spark1	LOAD	21.570	6.748
2026-09-27T13:49:42.356Z	spark2	LOAD	20.492	4.154
2026-09-27T13:49:42.481Z	spark1	LOAD	21.533	6.748
2026-09-27T13:49:42.607Z	spark2	LOAD	20.492	4.154
2026-09-27T13:49:42.732Z	spark1	LOAD	21.486	6.748
2026-09-27T13:49:42.869Z	spark2	LOAD	20.490	4.154
2026-09-27T13:49:42.982Z	spark1	LOAD	21.447	6.748
2026-09-27T13:49:43.120Z	spark2	LOAD	20.490	4.154
2026-09-27T13:49:43.244Z	spark1	LOAD	21.407	6.748
2026-09-27T13:49:43.371Z	spark2	LOAD	20.490	4.154
2026-09-27T13:49:43.495Z	spark1	LOAD	21.372	6.748
2026-09-27T13:49:43.621Z	spark2	LOAD	20.490	4.154
2026-09-27T13:49:43.745Z	spark1	LOAD	21.335	6.748
2026-09-27T13:49:43.886Z	spark2	LOAD	20.490	4.154
2026-09-27T13:49:43.995Z	spark1	LOAD	21.344	6.748
2026-09-27T13:49:44.137Z	spark2	LOAD	20.490	4.154
2026-09-27T13:49:44.257Z	spark1	LOAD	21.270	6.748
2026-09-27T13:49:44.388Z	spark2	LOAD	20.490	4.154
2026-09-27T13:49:44.508Z	spark1	LOAD	21.235	6.748
2026-09-27T13:49:44.639Z	spark2	LOAD	20.490	4.154
2026-09-27T13:49:44.758Z	spark1	LOAD	21.226	6.749
2026-09-27T13:49:44.904Z	spark2	LOAD	20.491	4.154
2026-09-27T13:49:45.008Z	spark1	LOAD	21.165	6.748
2026-09-27T13:49:45.154Z	spark2	LOAD	20.491	4.154
2026-09-27T13:49:45.269Z	spark1	LOAD	21.124	6.748
2026-09-27T13:49:45.405Z	spark2	LOAD	20.491	4.154
2026-09-27T13:49:45.519Z	spark1	LOAD	21.088	6.748
2026-09-27T13:49:45.657Z	spark2	LOAD	20.491	4.154
2026-09-27T13:49:45.770Z	spark1	LOAD	21.047	6.748
2026-09-27T13:49:45.918Z	spark2	LOAD	20.491	4.154
2026-09-27T13:49:46.020Z	spark1	LOAD	21.006	6.748
2026-09-27T13:49:46.169Z	spark2	LOAD	20.491	4.154
2026-09-27T13:49:46.282Z	spark1	LOAD	20.873	6.749
2026-09-27T13:49:46.420Z	spark2	LOAD	20.491	4.154
2026-09-27T13:49:46.532Z	spark1	LOAD	20.834	6.749
2026-09-27T13:49:46.671Z	spark2	LOAD	20.491	4.154
2026-09-27T13:49:46.783Z	spark1	LOAD	20.797	6.749
2026-09-27T13:49:46.931Z	spark2	LOAD	20.491	4.154
2026-09-27T13:49:47.033Z	spark1	LOAD	20.836	6.749
2026-09-27T13:49:47.182Z	spark2	LOAD	20.491	4.154
2026-09-27T13:49:47.295Z	spark1	LOAD	20.786	6.749
2026-09-27T13:49:47.433Z	spark2	LOAD	20.491	4.154
2026-09-27T13:49:47.545Z	spark1	LOAD	20.755	6.749
2026-09-27T13:49:47.683Z	spark2	LOAD	20.491	4.154
2026-09-27T13:49:47.795Z	spark1	LOAD	20.643	6.749
2026-09-27T13:49:47.944Z	spark2	LOAD	20.491	4.154
2026-09-27T13:49:48.046Z	spark1	LOAD	20.606	6.749
2026-09-27T13:49:48.195Z	spark2	LOAD	20.491	4.154
2026-09-27T13:49:48.312Z	spark1	LOAD	20.530	6.749
2026-09-27T13:49:48.445Z	spark2	LOAD	20.491	4.154
2026-09-27T13:49:48.562Z	spark1	LOAD	20.081	6.749
2026-09-27T13:49:48.697Z	spark2	LOAD	20.491	4.154
2026-09-27T13:49:48.812Z	spark1	LOAD	20.039	6.749
2026-09-27T13:49:48.957Z	spark2	LOAD	20.491	4.154
2026-09-27T13:49:49.063Z	spark1	LOAD	20.538	6.750
2026-09-27T13:49:49.207Z	spark2	LOAD	20.491	4.154
2026-09-27T13:49:49.324Z	spark1	LOAD	20.497	6.750
2026-09-27T13:49:49.458Z	spark2	LOAD	20.491	4.154
2026-09-27T13:49:49.574Z	spark1	LOAD	20.473	6.749
2026-09-27T13:49:49.708Z	spark2	LOAD	20.491	4.154
2026-09-27T13:49:49.825Z	spark1	LOAD	19.894	6.749
2026-09-27T13:49:49.969Z	spark2	LOAD	20.490	4.154
2026-09-27T13:49:50.075Z	spark1	LOAD	20.391	6.749
2026-09-27T13:49:50.219Z	spark2	LOAD	20.490	4.154
2026-09-27T13:49:50.336Z	spark1	LOAD	20.316	6.749
2026-09-27T13:49:50.469Z	spark2	LOAD	20.490	4.154
2026-09-27T13:49:50.587Z	spark1	LOAD	20.276	6.749
2026-09-27T13:49:50.721Z	spark2	LOAD	20.490	4.154
2026-09-27T13:49:50.837Z	spark1	LOAD	20.269	6.750
2026-09-27T13:49:50.980Z	spark2	LOAD	20.490	4.154
2026-09-27T13:49:51.087Z	spark1	LOAD	20.230	6.750
2026-09-27T13:49:51.231Z	spark2	LOAD	20.490	4.154
2026-09-27T13:49:51.355Z	spark1	LOAD	19.645	6.749
2026-09-27T13:49:51.481Z	spark2	LOAD	20.490	4.154
2026-09-27T13:49:51.605Z	spark1	LOAD	19.496	6.749
2026-09-27T13:49:51.732Z	spark2	LOAD	20.490	4.154
2026-09-27T13:49:51.855Z	spark1	LOAD	20.091	6.749
2026-09-27T13:49:51.992Z	spark2	LOAD	20.486	4.152
2026-09-27T13:49:52.105Z	spark1	LOAD	20.051	6.749
2026-09-27T13:49:52.242Z	spark2	LOAD	20.495	4.151
2026-09-27T13:49:52.368Z	spark1	LOAD	20.017	6.749
2026-09-27T13:49:52.493Z	spark2	LOAD	20.493	4.149
2026-09-27T13:49:52.618Z	spark1	LOAD	19.974	6.749
2026-09-27T13:49:52.744Z	spark2	LOAD	20.493	4.149
2026-09-27T13:49:52.869Z	spark1	LOAD	19.922	6.749
2026-09-27T13:49:53.003Z	spark2	LOAD	20.493	4.149
2026-09-27T13:49:53.119Z	spark1	LOAD	19.854	6.749
2026-09-27T13:49:53.254Z	spark2	LOAD	20.493	4.149
2026-09-27T13:49:53.384Z	spark1	LOAD	19.838	6.749
2026-09-27T13:49:53.506Z	spark2	LOAD	20.493	4.149
2026-09-27T13:49:53.635Z	spark1	LOAD	19.797	6.749
2026-09-27T13:49:53.757Z	spark2	LOAD	20.493	4.149
2026-09-27T13:49:53.885Z	spark1	LOAD	19.755	6.749
2026-09-27T13:49:54.018Z	spark2	LOAD	20.493	4.149
2026-09-27T13:49:54.135Z	spark1	LOAD	19.727	6.749
2026-09-27T13:49:54.268Z	spark2	LOAD	20.493	4.149
2026-09-27T13:49:54.397Z	spark1	LOAD	19.637	6.749
2026-09-27T13:49:54.519Z	spark2	LOAD	20.493	4.149
2026-09-27T13:49:54.647Z	spark1	LOAD	19.600	6.749
2026-09-27T13:49:54.770Z	spark2	LOAD	20.492	4.149
2026-09-27T13:49:54.898Z	spark1	LOAD	19.596	6.749
2026-09-27T13:49:55.030Z	spark2	LOAD	20.492	4.149
2026-09-27T13:49:55.148Z	spark1	LOAD	19.558	6.749
2026-09-27T13:49:55.281Z	spark2	LOAD	20.492	4.149
2026-09-27T13:49:55.410Z	spark1	LOAD	19.523	6.749
2026-09-27T13:49:55.532Z	spark2	LOAD	20.492	4.149
2026-09-27T13:49:55.660Z	spark1	LOAD	21.574	6.749
2026-09-27T13:49:55.781Z	spark2	LOAD	20.492	4.149
2026-09-27T13:49:55.911Z	spark1	LOAD	22.633	6.749
2026-09-27T13:49:56.042Z	spark2	LOAD	20.491	4.149
2026-09-27T13:49:56.161Z	spark1	LOAD	22.606	6.749
2026-09-27T13:49:56.293Z	spark2	LOAD	20.491	4.149
2026-09-27T13:49:56.427Z	spark1	LOAD	22.555	6.749
2026-09-27T13:49:56.544Z	spark2	LOAD	20.491	4.149
2026-09-27T13:49:56.677Z	spark1	LOAD	22.524	6.748
2026-09-27T13:49:56.795Z	spark2	LOAD	20.491	4.149
2026-09-27T13:49:56.928Z	spark1	LOAD	22.502	6.748
2026-09-27T13:49:57.060Z	spark2	LOAD	20.491	4.149
2026-09-27T13:49:57.178Z	spark1	LOAD	22.473	6.748
2026-09-27T13:49:57.312Z	spark2	LOAD	20.491	4.149
2026-09-27T13:49:57.445Z	spark1	LOAD	22.442	6.748
2026-09-27T13:49:57.562Z	spark2	LOAD	20.491	4.149
2026-09-27T13:49:57.696Z	spark1	LOAD	22.405	6.748
2026-09-27T13:49:57.812Z	spark2	LOAD	20.491	4.149
2026-09-27T13:49:57.946Z	spark1	LOAD	22.383	6.748
2026-09-27T13:49:58.074Z	spark2	LOAD	20.490	4.149
2026-09-27T13:49:58.197Z	spark1	LOAD	22.363	6.748
2026-09-27T13:49:58.324Z	spark2	LOAD	20.490	4.149
2026-09-27T13:49:58.463Z	spark1	LOAD	22.322	6.748
2026-09-27T13:49:58.576Z	spark2	LOAD	20.490	4.149
2026-09-27T13:49:58.713Z	spark1	LOAD	22.294	6.748
2026-09-27T13:49:58.827Z	spark2	LOAD	20.490	4.149
2026-09-27T13:49:58.964Z	spark1	LOAD	22.265	6.748
2026-09-27T13:49:59.086Z	spark2	LOAD	20.490	4.149
2026-09-27T13:49:59.214Z	spark1	LOAD	22.234	6.748
2026-09-27T13:49:59.337Z	spark2	LOAD	20.490	4.149
2026-09-27T13:49:59.481Z	spark1	LOAD	22.205	6.748
2026-09-27T13:49:59.587Z	spark2	LOAD	20.490	4.149
2026-09-27T13:49:59.731Z	spark1	LOAD	22.176	6.748
2026-09-27T13:49:59.838Z	spark2	LOAD	20.490	4.149
2026-09-27T13:49:59.982Z	spark1	LOAD	22.145	6.748
2026-09-27T13:50:00.103Z	spark2	LOAD	20.490	4.149
2026-09-27T13:50:00.232Z	spark1	LOAD	22.108	6.748
2026-09-27T13:50:00.354Z	spark2	LOAD	20.490	4.149
2026-09-27T13:50:00.493Z	spark1	LOAD	22.056	6.748
2026-09-27T13:50:00.605Z	spark2	LOAD	20.490	4.149
2026-09-27T13:50:00.744Z	spark1	LOAD	22.032	6.748
2026-09-27T13:50:00.856Z	spark2	LOAD	20.490	4.149
2026-09-27T13:50:00.995Z	spark1	LOAD	22.005	6.748
2026-09-27T13:50:01.118Z	spark2	LOAD	20.490	4.149
2026-09-27T13:50:01.245Z	spark1	LOAD	21.974	6.747
2026-09-27T13:50:01.369Z	spark2	LOAD	20.490	4.149
2026-09-27T13:50:01.506Z	spark1	LOAD	21.937	6.747
2026-09-27T13:50:01.620Z	spark2	LOAD	20.490	4.149
2026-09-27T13:50:01.756Z	spark1	LOAD	21.897	6.747
2026-09-27T13:50:01.870Z	spark2	LOAD	20.490	4.149
2026-09-27T13:50:02.007Z	spark1	LOAD	21.870	6.747
2026-09-27T13:50:02.137Z	spark2	LOAD	20.490	4.149
2026-09-27T13:50:02.257Z	spark1	LOAD	21.840	6.747
2026-09-27T13:50:02.387Z	spark2	LOAD	20.490	4.149
2026-09-27T13:50:02.518Z	spark1	LOAD	21.792	6.747
2026-09-27T13:50:02.638Z	spark2	LOAD	20.490	4.149
2026-09-27T13:50:02.769Z	spark1	LOAD	21.722	6.747
2026-09-27T13:50:02.888Z	spark2	LOAD	20.489	4.148
2026-09-27T13:50:03.019Z	spark1	LOAD	21.691	6.747
2026-09-27T13:50:03.147Z	spark2	LOAD	20.488	4.148
2026-09-27T13:50:03.270Z	spark1	LOAD	21.644	6.747
2026-09-27T13:50:03.398Z	spark2	LOAD	20.483	4.146
2026-09-27T13:50:03.537Z	spark1	LOAD	21.613	6.747
2026-09-27T13:50:03.650Z	spark2	LOAD	20.483	4.146
2026-09-27T13:50:03.787Z	spark1	LOAD	21.588	6.747
2026-09-27T13:50:03.900Z	spark2	LOAD	20.483	4.146
2026-09-27T13:50:04.038Z	spark1	LOAD	21.557	6.747
2026-09-27T13:50:04.161Z	spark2	LOAD	20.483	4.146
2026-09-27T13:50:04.288Z	spark1	LOAD	21.527	6.747
2026-09-27T13:50:04.412Z	spark2	LOAD	20.483	4.146
2026-09-27T13:50:04.554Z	spark1	LOAD	21.499	6.747
2026-09-27T13:50:04.663Z	spark2	LOAD	20.483	4.146
2026-09-27T13:50:04.805Z	spark1	LOAD	21.459	6.747
2026-09-27T13:50:04.914Z	spark2	LOAD	20.483	4.146
2026-09-27T13:50:05.055Z	spark1	LOAD	21.435	6.747
2026-09-27T13:50:05.175Z	spark2	LOAD	20.483	4.146
2026-09-27T13:50:05.306Z	spark1	LOAD	21.408	6.747
2026-09-27T13:50:05.426Z	spark2	LOAD	20.483	4.146
2026-09-27T13:50:05.572Z	spark1	LOAD	21.373	6.747
2026-09-27T13:50:05.678Z	spark2	LOAD	20.483	4.146
2026-09-27T13:50:05.822Z	spark1	LOAD	21.357	6.747
2026-09-27T13:50:05.929Z	spark2	LOAD	20.483	4.146
2026-09-27T13:50:06.073Z	spark1	LOAD	21.327	6.747
2026-09-27T13:50:06.189Z	spark2	LOAD	20.483	4.146
2026-09-27T13:50:06.323Z	spark1	LOAD	21.300	6.747
2026-09-27T13:50:06.440Z	spark2	LOAD	20.483	4.146
2026-09-27T13:50:06.584Z	spark1	LOAD	21.262	6.747
2026-09-27T13:50:06.691Z	spark2	LOAD	20.483	4.146
2026-09-27T13:50:06.834Z	spark1	LOAD	21.202	6.747
2026-09-27T13:50:06.942Z	spark2	LOAD	20.484	4.146
2026-09-27T13:50:07.084Z	spark1	LOAD	21.172	6.747
2026-09-27T13:50:07.204Z	spark2	LOAD	20.484	4.146
2026-09-27T13:50:07.335Z	spark1	LOAD	21.142	6.747
2026-09-27T13:50:07.455Z	spark2	LOAD	20.484	4.146
2026-09-27T13:50:07.602Z	spark1	LOAD	21.138	6.747
2026-09-27T13:50:07.706Z	spark2	LOAD	20.484	4.146
2026-09-27T13:50:07.852Z	spark1	LOAD	21.095	6.747
2026-09-27T13:50:07.957Z	spark2	LOAD	20.487	4.146
2026-09-27T13:50:08.103Z	spark1	LOAD	21.067	6.747
2026-09-27T13:50:08.218Z	spark2	LOAD	20.487	4.146
2026-09-27T13:50:08.353Z	spark1	LOAD	21.086	6.747
2026-09-27T13:50:08.470Z	spark2	LOAD	20.487	4.146
2026-09-27T13:50:08.619Z	spark1	LOAD	21.042	6.747
2026-09-27T13:50:08.720Z	spark2	LOAD	20.487	4.146
2026-09-27T13:50:08.870Z	spark1	LOAD	20.991	6.747
2026-09-27T13:50:08.971Z	spark2	LOAD	20.487	4.146
2026-09-27T13:50:09.120Z	spark1	LOAD	20.953	6.747
2026-09-27T13:50:09.236Z	spark2	LOAD	20.487	4.146
2026-09-27T13:50:09.370Z	spark1	LOAD	20.950	6.748
2026-09-27T13:50:09.488Z	spark2	LOAD	20.487	4.146
2026-09-27T13:50:09.632Z	spark1	LOAD	20.913	6.748
2026-09-27T13:50:09.739Z	spark2	LOAD	20.487	4.146
2026-09-27T13:50:09.882Z	spark1	LOAD	20.878	6.748
2026-09-27T13:50:09.989Z	spark2	LOAD	20.487	4.146
2026-09-27T13:50:10.133Z	spark1	LOAD	20.844	6.748
2026-09-27T13:50:10.253Z	spark2	LOAD	20.486	4.146
2026-09-27T13:50:10.383Z	spark1	LOAD	20.792	6.747
2026-09-27T13:50:10.504Z	spark2	LOAD	20.486	4.146
2026-09-27T13:50:10.650Z	spark1	LOAD	20.762	6.743
2026-09-27T13:50:10.755Z	spark2	LOAD	20.486	4.146
2026-09-27T13:50:10.900Z	spark1	LOAD	20.702	6.743
2026-09-27T13:50:11.006Z	spark2	LOAD	20.486	4.146
2026-09-27T13:50:11.150Z	spark1	LOAD	20.672	6.743
2026-09-27T13:50:11.268Z	spark2	LOAD	20.487	4.146
2026-09-27T13:50:11.400Z	spark1	LOAD	20.588	6.743
2026-09-27T13:50:11.519Z	spark2	LOAD	20.487	4.146
2026-09-27T13:50:11.661Z	spark1	LOAD	20.549	6.743
2026-09-27T13:50:11.770Z	spark2	LOAD	20.487	4.146
2026-09-27T13:50:11.912Z	spark1	LOAD	20.520	6.743
2026-09-27T13:50:12.021Z	spark2	LOAD	20.487	4.146
2026-09-27T13:50:12.162Z	spark1	LOAD	20.489	6.743
2026-09-27T13:50:12.281Z	spark2	LOAD	20.487	4.146
2026-09-27T13:50:12.413Z	spark1	LOAD	20.425	6.743
2026-09-27T13:50:12.533Z	spark2	LOAD	20.487	4.146
2026-09-27T13:50:12.681Z	spark1	LOAD	20.393	6.743
2026-09-27T13:50:12.783Z	spark2	LOAD	20.487	4.146
2026-09-27T13:50:12.930Z	spark1	LOAD	20.324	6.743
2026-09-27T13:50:13.033Z	spark2	LOAD	20.487	4.146
2026-09-27T13:50:13.181Z	spark1	LOAD	20.309	6.743
2026-09-27T13:50:13.298Z	spark2	LOAD	20.486	4.146
2026-09-27T13:50:13.431Z	spark1	LOAD	20.243	6.742
2026-09-27T13:50:13.549Z	spark2	LOAD	20.486	4.146
2026-09-27T13:50:13.698Z	spark1	LOAD	20.204	6.742
2026-09-27T13:50:13.799Z	spark2	LOAD	20.481	4.144
2026-09-27T13:50:13.948Z	spark1	LOAD	20.171	6.742
2026-09-27T13:50:14.049Z	spark2	LOAD	20.461	4.143
2026-09-27T13:50:14.199Z	spark1	LOAD	20.117	6.742
2026-09-27T13:50:14.309Z	spark2	LOAD	20.461	4.141
2026-09-27T13:50:14.449Z	spark1	LOAD	20.074	6.742
2026-09-27T13:50:14.560Z	spark2	LOAD	20.461	4.141
2026-09-27T13:50:14.715Z	spark1	LOAD	20.040	6.742
2026-09-27T13:50:14.812Z	spark2	LOAD	20.461	4.141
2026-09-27T13:50:14.965Z	spark1	LOAD	19.983	6.742
2026-09-27T13:50:15.062Z	spark2	LOAD	20.461	4.141
2026-09-27T13:50:15.215Z	spark1	LOAD	19.946	6.742
2026-09-27T13:50:15.324Z	spark2	LOAD	20.460	4.141
2026-09-27T13:50:15.465Z	spark1	LOAD	19.911	6.742
2026-09-27T13:50:15.575Z	spark2	LOAD	20.460	4.141
2026-09-27T13:50:15.731Z	spark1	LOAD	19.874	6.742
2026-09-27T13:50:15.825Z	spark2	LOAD	20.460	4.141
2026-09-27T13:50:15.981Z	spark1	LOAD	19.839	6.742
2026-09-27T13:50:16.076Z	spark2	LOAD	20.460	4.141
2026-09-27T13:50:16.232Z	spark1	LOAD	19.797	6.742
2026-09-27T13:50:16.337Z	spark2	LOAD	20.462	4.141
2026-09-27T13:50:16.482Z	spark1	LOAD	19.754	6.742
2026-09-27T13:50:16.588Z	spark2	LOAD	20.462	4.141
2026-09-27T13:50:16.744Z	spark1	LOAD	19.716	6.742
2026-09-27T13:50:16.838Z	spark2	LOAD	20.462	4.141
2026-09-27T13:50:16.994Z	spark1	LOAD	19.621	6.742
2026-09-27T13:50:17.089Z	spark2	LOAD	20.462	4.141
2026-09-27T13:50:17.244Z	spark1	LOAD	19.589	6.742
2026-09-27T13:50:17.350Z	spark2	LOAD	20.462	4.141
2026-09-27T13:50:17.495Z	spark1	LOAD	19.620	6.742
2026-09-27T13:50:17.600Z	spark2	LOAD	20.462	4.141
2026-09-27T13:50:17.760Z	spark1	LOAD	19.562	6.742
2026-09-27T13:50:17.851Z	spark2	LOAD	20.462	4.141
2026-09-27T13:50:18.011Z	spark1	LOAD	19.526	6.742
2026-09-27T13:50:18.102Z	spark2	LOAD	20.463	4.141
2026-09-27T13:50:18.261Z	spark1	LOAD	19.318	6.742
2026-09-27T13:50:18.363Z	spark2	LOAD	20.463	4.141
2026-09-27T13:50:18.511Z	spark1	LOAD	19.374	6.742
2026-09-27T13:50:18.613Z	spark2	LOAD	20.463	4.141
2026-09-27T13:50:18.780Z	spark1	LOAD	19.123	6.743
2026-09-27T13:50:18.864Z	spark2	LOAD	20.463	4.141
2026-09-27T13:50:19.029Z	spark1	LOAD	20.397	6.742
2026-09-27T13:50:19.114Z	spark2	LOAD	20.466	4.141
2026-09-27T13:50:19.280Z	spark1	LOAD	22.341	6.742
2026-09-27T13:50:19.380Z	spark2	LOAD	20.466	4.141
2026-09-27T13:50:19.530Z	spark1	LOAD	22.304	6.742
2026-09-27T13:50:19.630Z	spark2	LOAD	20.466	4.141
2026-09-27T13:50:19.798Z	spark1	LOAD	22.280	6.742
2026-09-27T13:50:19.881Z	spark2	LOAD	20.466	4.141
2026-09-27T13:50:20.048Z	spark1	LOAD	22.250	6.742
2026-09-27T13:50:20.131Z	spark2	LOAD	20.466	4.141
2026-09-27T13:50:20.299Z	spark1	LOAD	22.222	6.742
2026-09-27T13:50:20.393Z	spark2	LOAD	20.465	4.141
2026-09-27T13:50:20.549Z	spark1	LOAD	22.188	6.742
2026-09-27T13:50:20.644Z	spark2	LOAD	20.465	4.141
2026-09-27T13:50:20.815Z	spark1	LOAD	22.147	6.742
2026-09-27T13:50:20.894Z	spark2	LOAD	20.465	4.141
2026-09-27T13:50:21.066Z	spark1	LOAD	22.120	6.742
2026-09-27T13:50:21.145Z	spark2	LOAD	20.466	4.141
2026-09-27T13:50:21.316Z	spark1	LOAD	22.059	6.742
2026-09-27T13:50:21.411Z	spark2	LOAD	20.466	4.141
2026-09-27T13:50:21.566Z	spark1	LOAD	22.037	6.742
2026-09-27T13:50:21.661Z	spark2	LOAD	20.466	4.141
2026-09-27T13:50:21.834Z	spark1	LOAD	21.998	6.742
2026-09-27T13:50:21.912Z	spark2	LOAD	20.466	4.141
2026-09-27T13:50:22.084Z	spark1	LOAD	21.973	6.742
2026-09-27T13:50:22.163Z	spark2	LOAD	20.466	4.141
2026-09-27T13:50:22.335Z	spark1	LOAD	21.936	6.742
2026-09-27T13:50:22.423Z	spark2	LOAD	20.466	4.141
2026-09-27T13:50:22.585Z	spark1	LOAD	21.897	6.742
2026-09-27T13:50:22.674Z	spark2	LOAD	20.466	4.141
2026-09-27T13:50:22.851Z	spark1	LOAD	21.847	6.742
2026-09-27T13:50:22.924Z	spark2	LOAD	20.466	4.141
2026-09-27T13:50:23.101Z	spark1	LOAD	21.821	6.742
2026-09-27T13:50:23.175Z	spark2	LOAD	20.466	4.141
2026-09-27T13:50:23.352Z	spark1	LOAD	21.771	6.742
2026-09-27T13:50:23.436Z	spark2	LOAD	20.466	4.141
2026-09-27T13:50:23.602Z	spark1	LOAD	21.735	6.742
2026-09-27T13:50:23.687Z	spark2	LOAD	20.466	4.141
2026-09-27T13:50:23.864Z	spark1	LOAD	21.701	6.742
2026-09-27T13:50:23.938Z	spark2	LOAD	20.466	4.141
2026-09-27T13:50:24.114Z	spark1	LOAD	21.645	6.742
2026-09-27T13:50:24.188Z	spark2	LOAD	20.466	4.141
2026-09-27T13:50:24.364Z	spark1	LOAD	21.606	6.742
2026-09-27T13:50:24.449Z	spark2	LOAD	20.466	4.141
2026-09-27T13:50:24.615Z	spark1	LOAD	21.583	6.742
2026-09-27T13:50:24.699Z	spark2	LOAD	20.463	4.140
2026-09-27T13:50:24.880Z	spark1	LOAD	21.548	6.742
2026-09-27T13:50:24.949Z	spark2	LOAD	20.459	4.139
2026-09-27T13:50:25.130Z	spark1	LOAD	21.492	6.742
2026-09-27T13:50:25.199Z	spark2	LOAD	20.459	4.139
2026-09-27T13:50:25.381Z	spark1	LOAD	21.433	6.742
2026-09-27T13:50:25.465Z	spark2	LOAD	20.459	4.139
2026-09-27T13:50:25.631Z	spark1	LOAD	21.400	6.742
2026-09-27T13:50:25.715Z	spark2	LOAD	20.459	4.139
2026-09-27T13:50:25.897Z	spark1	LOAD	21.368	6.742
2026-09-27T13:50:25.966Z	spark2	LOAD	20.461	4.139
2026-09-27T13:50:26.148Z	spark1	LOAD	21.341	6.742
2026-09-27T13:50:26.216Z	spark2	LOAD	20.461	4.139
2026-09-27T13:50:26.398Z	spark1	LOAD	21.310	6.742
2026-09-27T13:50:26.477Z	spark2	LOAD	20.461	4.139
2026-09-27T13:50:26.648Z	spark1	LOAD	21.283	6.742
2026-09-27T13:50:26.727Z	spark2	LOAD	20.461	4.139
2026-09-27T13:50:26.916Z	spark1	LOAD	21.251	6.742
2026-09-27T13:50:26.978Z	spark2	LOAD	20.462	4.139
2026-09-27T13:50:27.167Z	spark1	LOAD	21.221	6.742
2026-09-27T13:50:27.228Z	spark2	LOAD	20.462	4.139
2026-09-27T13:50:27.417Z	spark1	LOAD	21.181	6.742
2026-09-27T13:50:27.493Z	spark2	LOAD	20.462	4.139
2026-09-27T13:50:27.667Z	spark1	LOAD	21.129	6.742
2026-09-27T13:50:27.744Z	spark2	LOAD	20.462	4.139
2026-09-27T13:50:27.933Z	spark1	LOAD	21.090	6.742
2026-09-27T13:50:27.994Z	spark2	LOAD	20.462	4.139
2026-09-27T13:50:28.184Z	spark1	LOAD	21.055	6.742
2026-09-27T13:50:28.245Z	spark2	LOAD	20.463	4.139
2026-09-27T13:50:28.434Z	spark1	LOAD	21.020	6.742
2026-09-27T13:50:28.506Z	spark2	LOAD	20.463	4.139
2026-09-27T13:50:28.685Z	spark1	LOAD	20.980	6.742
2026-09-27T13:50:28.756Z	spark2	LOAD	20.463	4.139
2026-09-27T13:50:28.951Z	spark1	LOAD	21.095	6.742
2026-09-27T13:50:29.007Z	spark2	LOAD	20.463	4.139
2026-09-27T13:50:29.201Z	spark1	LOAD	20.964	6.742
2026-09-27T13:50:29.258Z	spark2	LOAD	20.463	4.139
2026-09-27T13:50:29.451Z	spark1	LOAD	21.026	6.742
2026-09-27T13:50:29.523Z	spark2	LOAD	20.463	4.139
2026-09-27T13:50:29.702Z	spark1	LOAD	21.023	6.742
2026-09-27T13:50:29.773Z	spark2	LOAD	20.463	4.139
2026-09-27T13:50:29.969Z	spark1	LOAD	20.975	6.742
2026-09-27T13:50:30.024Z	spark2	LOAD	20.463	4.139
2026-09-27T13:50:30.219Z	spark1	LOAD	20.934	6.742
2026-09-27T13:50:30.275Z	spark2	LOAD	20.463	4.139
2026-09-27T13:50:30.469Z	spark1	LOAD	21.014	6.742
2026-09-27T13:50:30.535Z	spark2	LOAD	20.463	4.139
2026-09-27T13:50:30.720Z	spark1	LOAD	21.017	6.742
2026-09-27T13:50:30.785Z	spark2	LOAD	20.463	4.139
2026-09-27T13:50:30.987Z	spark1	LOAD	20.986	6.743
2026-09-27T13:50:31.035Z	spark2	LOAD	20.463	4.139
2026-09-27T13:50:31.237Z	spark1	LOAD	20.947	6.743
2026-09-27T13:50:31.287Z	spark2	LOAD	20.463	4.139
2026-09-27T13:50:31.487Z	spark1	LOAD	20.881	6.743
2026-09-27T13:50:31.548Z	spark2	LOAD	20.463	4.139
2026-09-27T13:50:31.738Z	spark1	LOAD	20.851	6.743
2026-09-27T13:50:31.798Z	spark2	LOAD	20.463	4.139
2026-09-27T13:50:32.005Z	spark1	LOAD	20.806	6.743
2026-09-27T13:50:32.049Z	spark2	LOAD	20.463	4.139
2026-09-27T13:50:32.255Z	spark1	LOAD	20.773	6.743
2026-09-27T13:50:32.300Z	spark2	LOAD	20.463	4.139
2026-09-27T13:50:32.506Z	spark1	LOAD	20.743	6.743
2026-09-27T13:50:32.564Z	spark2	LOAD	20.463	4.139
2026-09-27T13:50:32.756Z	spark1	LOAD	20.703	6.743
2026-09-27T13:50:32.815Z	spark2	LOAD	20.463	4.139
2026-09-27T13:50:33.018Z	spark1	LOAD	20.656	6.743
2026-09-27T13:50:33.066Z	spark2	LOAD	20.463	4.139
2026-09-27T13:50:33.268Z	spark1	LOAD	20.668	6.743
2026-09-27T13:50:33.316Z	spark2	LOAD	20.463	4.139
2026-09-27T13:50:33.519Z	spark1	LOAD	20.602	6.743
2026-09-27T13:50:33.577Z	spark2	LOAD	20.463	4.139
2026-09-27T13:50:33.769Z	spark1	LOAD	20.597	6.743
2026-09-27T13:50:33.828Z	spark2	LOAD	20.463	4.139
2026-09-27T13:50:34.038Z	spark1	LOAD	20.528	6.743
2026-09-27T13:50:34.079Z	spark2	LOAD	20.463	4.139
2026-09-27T13:50:34.288Z	spark1	LOAD	20.512	6.743
2026-09-27T13:50:34.329Z	spark2	LOAD	20.463	4.139
2026-09-27T13:50:34.538Z	spark1	LOAD	20.466	6.743
2026-09-27T13:50:34.589Z	spark2	LOAD	20.463	4.139
2026-09-27T13:50:34.788Z	spark1	LOAD	20.421	6.743
2026-09-27T13:50:34.840Z	spark2	LOAD	20.463	4.139
2026-09-27T13:50:35.054Z	spark1	LOAD	20.375	6.743
2026-09-27T13:50:35.091Z	spark2	LOAD	20.463	4.139
2026-09-27T13:50:35.304Z	spark1	LOAD	20.361	6.743
2026-09-27T13:50:35.341Z	spark2	LOAD	20.462	4.139
2026-09-27T13:50:35.555Z	spark1	LOAD	20.307	6.743
2026-09-27T13:50:35.601Z	spark2	LOAD	20.467	4.137
2026-09-27T13:50:35.805Z	spark1	LOAD	20.271	6.743
2026-09-27T13:50:35.851Z	spark2	LOAD	20.455	4.137
2026-09-27T13:50:36.067Z	spark1	LOAD	20.262	6.743
2026-09-27T13:50:36.102Z	spark2	LOAD	20.464	4.136
2026-09-27T13:50:36.317Z	spark1	LOAD	20.280	6.743
2026-09-27T13:50:36.353Z	spark2	LOAD	20.461	4.134
2026-09-27T13:50:36.568Z	spark1	LOAD	20.249	6.743
2026-09-27T13:50:36.613Z	spark2	LOAD	20.461	4.134
2026-09-27T13:50:36.818Z	spark1	LOAD	20.187	6.743
2026-09-27T13:50:36.864Z	spark2	LOAD	20.461	4.134
2026-09-27T13:50:37.082Z	spark1	LOAD	20.132	6.743
2026-09-27T13:50:37.115Z	spark2	LOAD	20.461	4.134
2026-09-27T13:50:37.332Z	spark1	LOAD	20.073	6.743
2026-09-27T13:50:37.366Z	spark2	LOAD	20.461	4.134
2026-09-27T13:50:37.582Z	spark1	LOAD	19.987	6.743
2026-09-27T13:50:37.630Z	spark2	LOAD	20.461	4.134
2026-09-27T13:50:37.833Z	spark1	LOAD	19.915	6.743
2026-09-27T13:50:37.881Z	spark2	LOAD	20.461	4.134
2026-09-27T13:50:38.095Z	spark1	LOAD	19.883	6.743
2026-09-27T13:50:38.132Z	spark2	LOAD	20.460	4.134
2026-09-27T13:50:38.345Z	spark1	LOAD	19.979	6.743
2026-09-27T13:50:38.382Z	spark2	LOAD	20.460	4.134
2026-09-27T13:50:38.595Z	spark1	LOAD	19.887	6.743
2026-09-27T13:50:38.648Z	spark2	LOAD	20.460	4.134
2026-09-27T13:50:38.846Z	spark1	LOAD	19.828	6.743
2026-09-27T13:50:38.899Z	spark2	LOAD	20.460	4.134
2026-09-27T13:50:39.112Z	spark1	LOAD	19.790	6.743
2026-09-27T13:50:39.149Z	spark2	LOAD	20.460	4.134
2026-09-27T13:50:39.363Z	spark1	LOAD	19.766	6.743
2026-09-27T13:50:39.400Z	spark2	LOAD	20.460	4.134
2026-09-27T13:50:39.613Z	spark1	LOAD	19.625	6.743
2026-09-27T13:50:39.660Z	spark2	LOAD	20.460	4.134
2026-09-27T13:50:39.863Z	spark1	LOAD	19.668	6.744
2026-09-27T13:50:39.910Z	spark2	LOAD	20.460	4.134
2026-09-27T13:50:40.130Z	spark1	LOAD	19.666	6.744
2026-09-27T13:50:40.161Z	spark2	LOAD	20.461	4.134
2026-09-27T13:50:40.380Z	spark1	LOAD	19.614	6.744
2026-09-27T13:50:40.412Z	spark2	LOAD	20.461	4.134
2026-09-27T13:50:40.631Z	spark1	LOAD	19.582	6.744
2026-09-27T13:50:40.677Z	spark2	LOAD	20.461	4.134
2026-09-27T13:50:40.881Z	spark1	LOAD	19.557	6.744
2026-09-27T13:50:40.927Z	spark2	LOAD	20.461	4.134
2026-09-27T13:50:41.148Z	spark1	LOAD	19.518	6.744
2026-09-27T13:50:41.177Z	spark2	LOAD	20.461	4.134
2026-09-27T13:50:41.398Z	spark1	LOAD	19.481	6.744
2026-09-27T13:50:41.428Z	spark2	LOAD	20.461	4.134
2026-09-27T13:50:41.648Z	spark1	LOAD	19.502	6.744
2026-09-27T13:50:41.693Z	spark2	LOAD	20.461	4.134
2026-09-27T13:50:41.899Z	spark1	LOAD	19.463	6.743
2026-09-27T13:50:41.943Z	spark2	LOAD	20.461	4.134
2026-09-27T13:50:42.166Z	spark1	LOAD	21.449	6.743
2026-09-27T13:50:42.195Z	spark2	LOAD	20.461	4.134
2026-09-27T13:50:42.416Z	spark1	LOAD	22.738	6.743
2026-09-27T13:50:42.445Z	spark2	LOAD	20.461	4.134
2026-09-27T13:50:42.667Z	spark1	LOAD	22.704	6.743
2026-09-27T13:50:42.711Z	spark2	LOAD	20.461	4.134
2026-09-27T13:50:42.917Z	spark1	LOAD	22.679	6.743
2026-09-27T13:50:42.961Z	spark2	LOAD	20.461	4.134
2026-09-27T13:50:43.184Z	spark1	LOAD	22.647	6.743
2026-09-27T13:50:43.212Z	spark2	LOAD	20.461	4.134
2026-09-27T13:50:43.434Z	spark1	LOAD	22.619	6.743
2026-09-27T13:50:43.463Z	spark2	LOAD	20.461	4.134
2026-09-27T13:50:43.685Z	spark1	LOAD	22.588	6.743
2026-09-27T13:50:43.727Z	spark2	LOAD	20.461	4.134
2026-09-27T13:50:43.935Z	spark1	LOAD	22.531	6.743
2026-09-27T13:50:43.977Z	spark2	LOAD	20.461	4.134
2026-09-27T13:50:44.201Z	spark1	LOAD	22.503	6.743
2026-09-27T13:50:44.227Z	spark2	LOAD	20.461	4.134
2026-09-27T13:50:44.451Z	spark1	LOAD	22.475	6.743
2026-09-27T13:50:44.478Z	spark2	LOAD	20.461	4.134
2026-09-27T13:50:44.702Z	spark1	LOAD	22.447	6.743
2026-09-27T13:50:44.743Z	spark2	LOAD	20.461	4.134
2026-09-27T13:50:44.952Z	spark1	LOAD	22.423	6.743
2026-09-27T13:50:44.993Z	spark2	LOAD	20.461	4.134
2026-09-27T13:50:45.214Z	spark1	LOAD	22.391	6.743
2026-09-27T13:50:45.244Z	spark2	LOAD	20.461	4.134
2026-09-27T13:50:45.464Z	spark1	LOAD	22.365	6.743
2026-09-27T13:50:45.494Z	spark2	LOAD	20.461	4.134
2026-09-27T13:50:45.714Z	spark1	LOAD	22.333	6.743
2026-09-27T13:50:45.757Z	spark2	LOAD	20.461	4.134
2026-09-27T13:50:45.965Z	spark1	LOAD	22.284	6.743
2026-09-27T13:50:46.008Z	spark2	LOAD	20.461	4.134
2026-09-27T13:50:46.231Z	spark1	LOAD	22.213	6.743
2026-09-27T13:50:46.259Z	spark2	LOAD	20.461	4.134
2026-09-27T13:50:46.482Z	spark1	LOAD	22.184	6.743
2026-09-27T13:50:46.509Z	spark2	LOAD	20.459	4.134
2026-09-27T13:50:46.732Z	spark1	LOAD	22.163	6.743
2026-09-27T13:50:46.773Z	spark2	LOAD	20.449	4.133
2026-09-27T13:50:46.982Z	spark1	LOAD	22.115	6.743
2026-09-27T13:50:47.024Z	spark2	LOAD	20.459	4.131
2026-09-27T13:50:47.249Z	spark1	LOAD	22.082	6.743
2026-09-27T13:50:47.276Z	spark2	LOAD	20.458	4.131
2026-09-27T13:50:47.499Z	spark1	LOAD	22.054	6.743
2026-09-27T13:50:47.526Z	spark2	LOAD	20.458	4.131
2026-09-27T13:50:47.750Z	spark1	LOAD	22.024	6.743
2026-09-27T13:50:47.791Z	spark2	LOAD	20.458	4.131
2026-09-27T13:50:48.000Z	spark1	LOAD	21.966	6.743
2026-09-27T13:50:48.042Z	spark2	LOAD	20.458	4.131
2026-09-27T13:50:48.268Z	spark1	LOAD	21.928	6.743
2026-09-27T13:50:48.293Z	spark2	LOAD	20.458	4.131
2026-09-27T13:50:48.518Z	spark1	LOAD	21.906	6.743
2026-09-27T13:50:48.543Z	spark2	LOAD	20.458	4.131
2026-09-27T13:50:48.769Z	spark1	LOAD	21.881	6.743
2026-09-27T13:50:48.809Z	spark2	LOAD	20.458	4.131
2026-09-27T13:50:49.019Z	spark1	LOAD	21.855	6.743
2026-09-27T13:50:49.058Z	spark2	LOAD	20.458	4.131
2026-09-27T13:50:49.281Z	spark1	LOAD	21.822	6.743
2026-09-27T13:50:49.309Z	spark2	LOAD	20.458	4.131
2026-09-27T13:50:49.531Z	spark1	LOAD	21.796	6.743
2026-09-27T13:50:49.559Z	spark2	LOAD	20.458	4.131
2026-09-27T13:50:49.782Z	spark1	LOAD	21.762	6.743
2026-09-27T13:50:49.824Z	spark2	LOAD	20.458	4.131
2026-09-27T13:50:50.032Z	spark1	LOAD	21.710	6.743
2026-09-27T13:50:50.075Z	spark2	LOAD	20.458	4.131
2026-09-27T13:50:50.299Z	spark1	LOAD	21.686	6.743
2026-09-27T13:50:50.326Z	spark2	LOAD	20.458	4.131
2026-09-27T13:50:50.549Z	spark1	LOAD	21.653	6.743
2026-09-27T13:50:50.576Z	spark2	LOAD	20.458	4.131
2026-09-27T13:50:50.800Z	spark1	LOAD	21.622	6.743
2026-09-27T13:50:50.841Z	spark2	LOAD	20.458	4.131
2026-09-27T13:50:51.050Z	spark1	LOAD	21.595	6.743
2026-09-27T13:50:51.092Z	spark2	LOAD	20.458	4.131
2026-09-27T13:50:51.312Z	spark1	LOAD	21.562	6.743
2026-09-27T13:50:51.343Z	spark2	LOAD	20.458	4.131
2026-09-27T13:50:51.562Z	spark1	LOAD	21.534	6.743
2026-09-27T13:50:51.593Z	spark2	LOAD	20.458	4.131
2026-09-27T13:50:51.812Z	spark1	LOAD	21.505	6.743
2026-09-27T13:50:51.858Z	spark2	LOAD	20.458	4.131
2026-09-27T13:50:52.063Z	spark1	LOAD	21.454	6.743
2026-09-27T13:50:52.108Z	spark2	LOAD	20.458	4.131
2026-09-27T13:50:52.330Z	spark1	LOAD	21.418	6.743
2026-09-27T13:50:52.360Z	spark2	LOAD	20.458	4.131
2026-09-27T13:50:52.580Z	spark1	LOAD	21.389	6.743
2026-09-27T13:50:52.610Z	spark2	LOAD	20.458	4.131
2026-09-27T13:50:52.830Z	spark1	LOAD	21.353	6.743
2026-09-27T13:50:52.875Z	spark2	LOAD	20.458	4.131
2026-09-27T13:50:53.081Z	spark1	LOAD	21.332	6.743
2026-09-27T13:50:53.125Z	spark2	LOAD	20.458	4.131
2026-09-27T13:50:53.346Z	spark1	LOAD	21.299	6.743
2026-09-27T13:50:53.376Z	spark2	LOAD	20.458	4.131
2026-09-27T13:50:53.597Z	spark1	LOAD	21.271	6.743
2026-09-27T13:50:53.627Z	spark2	LOAD	20.458	4.131
2026-09-27T13:50:53.848Z	spark1	LOAD	21.248	6.743
2026-09-27T13:50:53.890Z	spark2	LOAD	20.458	4.131
2026-09-27T13:50:54.098Z	spark1	LOAD	21.239	6.743
2026-09-27T13:50:54.141Z	spark2	LOAD	20.458	4.131
2026-09-27T13:50:54.359Z	spark1	LOAD	21.202	6.743
2026-09-27T13:50:54.393Z	spark2	LOAD	20.458	4.131
2026-09-27T13:50:54.610Z	spark1	LOAD	21.161	6.743
2026-09-27T13:50:54.643Z	spark2	LOAD	20.458	4.131
2026-09-27T13:50:54.860Z	spark1	LOAD	21.132	6.743
2026-09-27T13:50:54.905Z	spark2	LOAD	20.458	4.131
2026-09-27T13:50:55.110Z	spark1	LOAD	21.100	6.743
2026-09-27T13:50:55.155Z	spark2	LOAD	20.458	4.131
2026-09-27T13:50:55.371Z	spark1	LOAD	21.070	6.743
2026-09-27T13:50:55.406Z	spark2	LOAD	20.458	4.131
2026-09-27T13:50:55.622Z	spark1	LOAD	21.042	6.743
2026-09-27T13:50:55.656Z	spark2	LOAD	20.458	4.131
2026-09-27T13:50:55.872Z	spark1	LOAD	21.004	6.743
2026-09-27T13:50:55.920Z	spark2	LOAD	20.458	4.131
2026-09-27T13:50:56.122Z	spark1	LOAD	20.936	6.743
2026-09-27T13:50:56.171Z	spark2	LOAD	20.458	4.131
2026-09-27T13:50:56.384Z	spark1	LOAD	20.902	6.743
2026-09-27T13:50:56.422Z	spark2	LOAD	20.458	4.131
2026-09-27T13:50:56.635Z	spark1	LOAD	20.868	6.743
2026-09-27T13:50:56.672Z	spark2	LOAD	20.458	4.131
2026-09-27T13:50:56.886Z	spark1	LOAD	20.829	6.744
2026-09-27T13:50:56.937Z	spark2	LOAD	20.458	4.131
2026-09-27T13:50:57.136Z	spark1	LOAD	20.747	6.743
2026-09-27T13:50:57.187Z	spark2	LOAD	20.458	4.131
2026-09-27T13:50:57.397Z	spark1	LOAD	20.724	6.744
2026-09-27T13:50:57.437Z	spark2	LOAD	20.457	4.130
2026-09-27T13:50:57.647Z	spark1	LOAD	20.695	6.744
2026-09-27T13:50:57.688Z	spark2	LOAD	20.449	4.130
2026-09-27T13:50:57.897Z	spark1	LOAD	20.644	6.744
2026-09-27T13:50:57.954Z	spark2	LOAD	20.453	4.129
2026-09-27T13:50:58.147Z	spark1	LOAD	20.597	6.744
2026-09-27T13:50:58.204Z	spark2	LOAD	20.453	4.129
2026-09-27T13:50:58.408Z	spark1	LOAD	20.587	6.744
2026-09-27T13:50:58.456Z	spark2	LOAD	20.453	4.129
2026-09-27T13:50:58.659Z	spark1	LOAD	20.559	6.744
2026-09-27T13:50:58.707Z	spark2	LOAD	20.453	4.129
2026-09-27T13:50:58.909Z	spark1	LOAD	20.530	6.744
2026-09-27T13:50:58.972Z	spark2	LOAD	20.452	4.129
2026-09-27T13:50:59.160Z	spark1	LOAD	20.504	6.744
2026-09-27T13:50:59.223Z	spark2	LOAD	20.452	4.129
2026-09-27T13:50:59.421Z	spark1	LOAD	20.512	6.744
2026-09-27T13:50:59.474Z	spark2	LOAD	20.452	4.129
2026-09-27T13:50:59.672Z	spark1	LOAD	20.482	6.744
2026-09-27T13:50:59.724Z	spark2	LOAD	20.452	4.129
2026-09-27T13:50:59.922Z	spark1	LOAD	20.455	6.744
2026-09-27T13:50:59.985Z	spark2	LOAD	20.452	4.129
2026-09-27T13:51:00.172Z	spark1	LOAD	20.426	6.744
2026-09-27T13:51:00.236Z	spark2	LOAD	20.452	4.129
2026-09-27T13:51:00.435Z	spark1	LOAD	20.024	6.744
2026-09-27T13:51:00.486Z	spark2	LOAD	20.452	4.129
2026-09-27T13:51:00.686Z	spark1	LOAD	19.993	6.744
2026-09-27T13:51:00.737Z	spark2	LOAD	20.452	4.129
2026-09-27T13:51:00.936Z	spark1	LOAD	19.947	6.744
2026-09-27T13:51:00.997Z	spark2	LOAD	20.452	4.129
2026-09-27T13:51:01.187Z	spark1	LOAD	19.821	6.744
2026-09-27T13:51:01.248Z	spark2	LOAD	20.452	4.129
2026-09-27T13:51:01.449Z	spark1	LOAD	20.321	6.744
2026-09-27T13:51:01.499Z	spark2	LOAD	20.452	4.129
2026-09-27T13:51:01.699Z	spark1	LOAD	20.289	6.744
2026-09-27T13:51:01.750Z	spark2	LOAD	20.452	4.129
2026-09-27T13:51:01.950Z	spark1	LOAD	20.248	6.744
2026-09-27T13:51:02.011Z	spark2	LOAD	20.452	4.129
2026-09-27T13:51:02.200Z	spark1	LOAD	19.776	6.744
2026-09-27T13:51:02.260Z	spark2	LOAD	20.452	4.129
2026-09-27T13:51:02.466Z	spark1	LOAD	20.185	6.744
2026-09-27T13:51:02.512Z	spark2	LOAD	20.452	4.129
2026-09-27T13:51:02.717Z	spark1	LOAD	20.153	6.744
2026-09-27T13:51:02.762Z	spark2	LOAD	20.452	4.129
2026-09-27T13:51:02.967Z	spark1	LOAD	20.101	6.744
2026-09-27T13:51:03.024Z	spark2	LOAD	20.451	4.129
2026-09-27T13:51:03.217Z	spark1	LOAD	20.074	6.744
2026-09-27T13:51:03.274Z	spark2	LOAD	20.451	4.129
2026-09-27T13:51:03.484Z	spark1	LOAD	20.056	6.744
2026-09-27T13:51:03.525Z	spark2	LOAD	20.451	4.129
2026-09-27T13:51:03.734Z	spark1	LOAD	20.022	6.744
2026-09-27T13:51:03.776Z	spark2	LOAD	20.451	4.129
2026-09-27T13:51:03.985Z	spark1	LOAD	19.990	6.744
2026-09-27T13:51:04.037Z	spark2	LOAD	20.451	4.129
2026-09-27T13:51:04.235Z	spark1	LOAD	19.795	6.744
2026-09-27T13:51:04.287Z	spark2	LOAD	20.451	4.129
2026-09-27T13:51:04.501Z	spark1	LOAD	19.403	6.744
2026-09-27T13:51:04.538Z	spark2	LOAD	20.451	4.129
2026-09-27T13:51:04.751Z	spark1	LOAD	19.892	6.744
2026-09-27T13:51:04.789Z	spark2	LOAD	20.451	4.129
2026-09-27T13:51:05.001Z	spark1	LOAD	19.858	6.744
2026-09-27T13:51:05.050Z	spark2	LOAD	20.451	4.129
2026-09-27T13:51:05.252Z	spark1	LOAD	19.826	6.744
2026-09-27T13:51:05.300Z	spark2	LOAD	20.451	4.129
2026-09-27T13:51:05.520Z	spark1	LOAD	19.796	6.744
2026-09-27T13:51:05.551Z	spark2	LOAD	20.451	4.129
2026-09-27T13:51:05.771Z	spark1	LOAD	19.755	6.744
2026-09-27T13:51:05.801Z	spark2	LOAD	20.451	4.129
2026-09-27T13:51:06.021Z	spark1	LOAD	19.704	6.744
2026-09-27T13:51:06.067Z	spark2	LOAD	20.451	4.129
2026-09-27T13:51:06.271Z	spark1	LOAD	19.224	6.744
2026-09-27T13:51:06.317Z	spark2	LOAD	20.451	4.129
2026-09-27T13:51:06.533Z	spark1	LOAD	19.831	6.744
2026-09-27T13:51:06.568Z	spark2	LOAD	20.451	4.129
2026-09-27T13:51:06.784Z	spark1	LOAD	21.438	6.742
2026-09-27T13:51:06.819Z	spark2	LOAD	20.451	4.129
2026-09-27T13:51:07.035Z	spark1	LOAD	22.841	6.742
2026-09-27T13:51:07.079Z	spark2	LOAD	20.450	4.129
2026-09-27T13:51:07.285Z	spark1	LOAD	22.798	6.742
2026-09-27T13:51:07.330Z	spark2	LOAD	20.450	4.129
2026-09-27T13:51:07.548Z	spark1	LOAD	22.773	6.742
2026-09-27T13:51:07.581Z	spark2	LOAD	20.450	4.129
2026-09-27T13:51:07.799Z	spark1	LOAD	22.738	6.742
2026-09-27T13:51:07.831Z	spark2	LOAD	20.450	4.129
2026-09-27T13:51:08.049Z	spark1	LOAD	22.653	6.742
2026-09-27T13:51:08.091Z	spark2	LOAD	20.450	4.129
2026-09-27T13:51:08.299Z	spark1	LOAD	22.614	6.742
2026-09-27T13:51:08.341Z	spark2	LOAD	20.449	4.128
2026-09-27T13:51:08.566Z	spark1	LOAD	22.554	6.742
2026-09-27T13:51:08.591Z	spark2	LOAD	20.439	4.127
2026-09-27T13:51:08.816Z	spark1	LOAD	22.501	6.742
2026-09-27T13:51:08.843Z	spark2	LOAD	20.449	4.126
2026-09-27T13:51:09.067Z	spark1	LOAD	22.470	6.742
2026-09-27T13:51:09.104Z	spark2	LOAD	20.448	4.126
2026-09-27T13:51:09.317Z	spark1	LOAD	22.439	6.742
2026-09-27T13:51:09.355Z	spark2	LOAD	20.451	4.126
2026-09-27T13:51:09.579Z	spark1	LOAD	22.401	6.742
2026-09-27T13:51:09.604Z	spark2	LOAD	20.451	4.126
2026-09-27T13:51:09.829Z	spark1	LOAD	22.368	6.742
2026-09-27T13:51:09.855Z	spark2	LOAD	20.451	4.126
2026-09-27T13:51:10.080Z	spark1	LOAD	22.328	6.742
2026-09-27T13:51:10.116Z	spark2	LOAD	20.452	4.126
2026-09-27T13:51:10.330Z	spark1	LOAD	22.295	6.742
2026-09-27T13:51:10.367Z	spark2	LOAD	20.452	4.126
2026-09-27T13:51:10.591Z	spark1	LOAD	22.213	6.742
2026-09-27T13:51:10.617Z	spark2	LOAD	20.452	4.126
2026-09-27T13:51:10.841Z	spark1	LOAD	22.180	6.742
2026-09-27T13:51:10.868Z	spark2	LOAD	20.452	4.126
2026-09-27T13:51:11.092Z	spark1	LOAD	22.156	6.742
2026-09-27T13:51:11.128Z	spark2	LOAD	20.452	4.126
2026-09-27T13:51:11.343Z	spark1	LOAD	22.117	6.742
2026-09-27T13:51:11.379Z	spark2	LOAD	20.452	4.126
2026-09-27T13:51:11.604Z	spark1	LOAD	22.080	6.742
2026-09-27T13:51:11.629Z	spark2	LOAD	20.452	4.126
2026-09-27T13:51:11.854Z	spark1	LOAD	22.049	6.742
2026-09-27T13:51:11.881Z	spark2	LOAD	20.452	4.126
2026-09-27T13:51:12.105Z	spark1	LOAD	22.013	6.742
2026-09-27T13:51:12.146Z	spark2	LOAD	20.452	4.126
2026-09-27T13:51:12.355Z	spark1	LOAD	21.976	6.742
2026-09-27T13:51:12.397Z	spark2	LOAD	20.452	4.126
2026-09-27T13:51:12.618Z	spark1	LOAD	21.898	6.742
2026-09-27T13:51:12.647Z	spark2	LOAD	20.452	4.126
2026-09-27T13:51:12.868Z	spark1	LOAD	21.866	6.742
2026-09-27T13:51:12.898Z	spark2	LOAD	20.452	4.126
2026-09-27T13:51:13.119Z	spark1	LOAD	21.826	6.742
2026-09-27T13:51:13.159Z	spark2	LOAD	20.452	4.126
2026-09-27T13:51:13.369Z	spark1	LOAD	21.787	6.742
2026-09-27T13:51:13.410Z	spark2	LOAD	20.452	4.126
2026-09-27T13:51:13.637Z	spark1	LOAD	21.752	6.742
2026-09-27T13:51:13.661Z	spark2	LOAD	20.452	4.126
2026-09-27T13:51:13.888Z	spark1	LOAD	21.731	6.742
2026-09-27T13:51:13.911Z	spark2	LOAD	20.452	4.126
2026-09-27T13:51:14.139Z	spark1	LOAD	21.704	6.742
2026-09-27T13:51:14.176Z	spark2	LOAD	20.452	4.126
2026-09-27T13:51:14.389Z	spark1	LOAD	21.670	6.742
2026-09-27T13:51:14.427Z	spark2	LOAD	20.452	4.126
2026-09-27T13:51:14.653Z	spark1	LOAD	21.605	6.742
2026-09-27T13:51:14.678Z	spark2	LOAD	20.452	4.126
2026-09-27T13:51:14.904Z	spark1	LOAD	21.586	6.742
2026-09-27T13:51:14.929Z	spark2	LOAD	20.452	4.126
2026-09-27T13:51:15.154Z	spark1	LOAD	21.561	6.742
2026-09-27T13:51:15.190Z	spark2	LOAD	20.452	4.126
2026-09-27T13:51:15.404Z	spark1	LOAD	21.535	6.742
2026-09-27T13:51:15.441Z	spark2	LOAD	20.452	4.126
2026-09-27T13:51:15.670Z	spark1	LOAD	21.506	6.742
2026-09-27T13:51:15.692Z	spark2	LOAD	20.452	4.126
2026-09-27T13:51:15.920Z	spark1	LOAD	21.475	6.742
2026-09-27T13:51:15.942Z	spark2	LOAD	20.452	4.126
2026-09-27T13:51:16.171Z	spark1	LOAD	21.447	6.742
2026-09-27T13:51:16.203Z	spark2	LOAD	20.452	4.126
2026-09-27T13:51:16.421Z	spark1	LOAD	21.495	6.742
2026-09-27T13:51:16.453Z	spark2	LOAD	20.452	4.126
2026-09-27T13:51:16.689Z	spark1	LOAD	21.425	6.742
2026-09-27T13:51:16.704Z	spark2	LOAD	20.452	4.126
2026-09-27T13:51:16.939Z	spark1	LOAD	21.387	6.742
2026-09-27T13:51:16.955Z	spark2	LOAD	20.452	4.126
2026-09-27T13:51:17.189Z	spark1	LOAD	21.388	6.742
2026-09-27T13:51:17.220Z	spark2	LOAD	20.452	4.126
2026-09-27T13:51:17.440Z	spark1	LOAD	21.353	6.743
2026-09-27T13:51:17.471Z	spark2	LOAD	20.452	4.126
2026-09-27T13:51:17.702Z	spark1	LOAD	21.302	6.743
2026-09-27T13:51:17.722Z	spark2	LOAD	20.452	4.126
2026-09-27T13:51:17.952Z	spark1	LOAD	21.261	6.743
2026-09-27T13:51:17.972Z	spark2	LOAD	20.452	4.126
2026-09-27T13:51:18.203Z	spark1	LOAD	21.221	6.743
2026-09-27T13:51:18.234Z	spark2	LOAD	20.452	4.126
2026-09-27T13:51:18.453Z	spark1	LOAD	21.181	6.743
2026-09-27T13:51:18.485Z	spark2	LOAD	20.452	4.126
2026-09-27T13:51:18.720Z	spark1	LOAD	21.117	6.743
2026-09-27T13:51:18.735Z	spark2	LOAD	20.452	4.126
2026-09-27T13:51:18.970Z	spark1	LOAD	21.033	6.742
2026-09-27T13:51:18.986Z	spark2	LOAD	20.451	4.126
2026-09-27T13:51:19.220Z	spark1	LOAD	20.994	6.742
2026-09-27T13:51:19.251Z	spark2	LOAD	20.450	4.125
2026-09-27T13:51:19.471Z	spark1	LOAD	20.957	6.742
2026-09-27T13:51:19.501Z	spark2	LOAD	20.441	4.125
2026-09-27T13:51:19.737Z	spark1	LOAD	20.898	6.742
2026-09-27T13:51:19.752Z	spark2	LOAD	20.453	4.124
2026-09-27T13:51:19.988Z	spark1	LOAD	20.843	6.742
2026-09-27T13:51:20.003Z	spark2	LOAD	20.452	4.124
2026-09-27T13:51:20.238Z	spark1	LOAD	20.809	6.742
2026-09-27T13:51:20.267Z	spark2	LOAD	20.452	4.124
2026-09-27T13:51:20.488Z	spark1	LOAD	20.773	6.742
2026-09-27T13:51:20.517Z	spark2	LOAD	20.452	4.124
2026-09-27T13:51:20.755Z	spark1	LOAD	20.742	6.742
2026-09-27T13:51:20.769Z	spark2	LOAD	20.452	4.124
2026-09-27T13:51:21.005Z	spark1	LOAD	20.726	6.742
2026-09-27T13:51:21.019Z	spark2	LOAD	20.452	4.124
2026-09-27T13:51:21.255Z	spark1	LOAD	20.697	6.742
2026-09-27T13:51:21.281Z	spark2	LOAD	20.451	4.124
2026-09-27T13:51:21.506Z	spark1	LOAD	20.671	6.743
2026-09-27T13:51:21.531Z	spark2	LOAD	20.451	4.124
2026-09-27T13:51:21.773Z	spark1	LOAD	20.633	6.743
2026-09-27T13:51:21.782Z	spark2	LOAD	20.451	4.124
2026-09-27T13:51:22.024Z	spark1	LOAD	20.602	6.742
2026-09-27T13:51:22.034Z	spark2	LOAD	20.450	4.124
2026-09-27T13:51:22.274Z	spark1	LOAD	20.573	6.742
2026-09-27T13:51:22.294Z	spark2	LOAD	20.450	4.124
2026-09-27T13:51:22.525Z	spark1	LOAD	20.541	6.742
2026-09-27T13:51:22.544Z	spark2	LOAD	20.450	4.124
2026-09-27T13:51:22.792Z	spark1	LOAD	20.504	6.742
2026-09-27T13:51:22.795Z	spark2	LOAD	20.450	4.124
2026-09-27T13:51:23.043Z	spark1	LOAD	20.428	6.742
2026-09-27T13:51:23.046Z	spark2	LOAD	20.450	4.124
2026-09-27T13:51:23.293Z	spark1	LOAD	20.394	6.742
2026-09-27T13:51:23.311Z	spark2	LOAD	20.450	4.124
2026-09-27T13:51:23.544Z	spark1	LOAD	20.360	6.742
2026-09-27T13:51:23.562Z	spark2	LOAD	20.450	4.124
2026-09-27T13:51:23.805Z	spark1	LOAD	20.331	6.742
2026-09-27T13:51:23.814Z	spark2	LOAD	20.450	4.124
2026-09-27T13:51:24.055Z	spark1	LOAD	20.303	6.742
2026-09-27T13:51:24.064Z	spark2	LOAD	20.450	4.124
2026-09-27T13:51:24.306Z	spark1	LOAD	20.275	6.742
2026-09-27T13:51:24.325Z	spark2	LOAD	20.450	4.124
2026-09-27T13:51:24.556Z	spark1	LOAD	20.238	6.742
2026-09-27T13:51:24.575Z	spark2	LOAD	20.450	4.124
2026-09-27T13:51:24.822Z	spark1	LOAD	20.230	6.742
2026-09-27T13:51:24.827Z	spark2	LOAD	20.450	4.124
2026-09-27T13:51:25.072Z	spark1	LOAD	20.171	6.742
2026-09-27T13:51:25.077Z	spark2	LOAD	20.451	4.124
2026-09-27T13:51:25.323Z	spark1	LOAD	20.178	6.742
2026-09-27T13:51:25.338Z	spark2	LOAD	20.451	4.124
2026-09-27T13:51:25.573Z	spark1	LOAD	20.142	6.742
2026-09-27T13:51:25.588Z	spark2	LOAD	20.451	4.124
2026-09-27T13:51:25.839Z	spark2	LOAD	20.451	4.124
2026-09-27T13:51:25.842Z	spark1	LOAD	20.096	6.742
2026-09-27T13:51:26.090Z	spark2	LOAD	20.451	4.124
2026-09-27T13:51:26.092Z	spark1	LOAD	20.087	6.742
2026-09-27T13:51:26.343Z	spark1	LOAD	20.037	6.742
2026-09-27T13:51:26.351Z	spark2	LOAD	20.451	4.124
2026-09-27T13:51:26.593Z	spark1	LOAD	20.002	6.742
2026-09-27T13:51:26.602Z	spark2	LOAD	20.451	4.124
2026-09-27T13:51:26.852Z	spark2	LOAD	20.451	4.124
2026-09-27T13:51:26.854Z	spark1	LOAD	19.962	6.742
2026-09-27T13:51:27.103Z	spark2	LOAD	20.451	4.124
2026-09-27T13:51:27.104Z	spark1	LOAD	19.891	6.742
2026-09-27T13:51:27.355Z	spark1	LOAD	19.869	6.742
2026-09-27T13:51:27.364Z	spark2	LOAD	20.450	4.124
2026-09-27T13:51:27.605Z	spark1	LOAD	19.842	6.742
2026-09-27T13:51:27.615Z	spark2	LOAD	20.450	4.124
2026-09-27T13:51:27.865Z	spark2	LOAD	20.450	4.124
2026-09-27T13:51:27.868Z	spark1	LOAD	19.794	6.742
2026-09-27T13:51:28.117Z	spark2	LOAD	20.450	4.124
2026-09-27T13:51:28.119Z	spark1	LOAD	19.743	6.742
2026-09-27T13:51:28.369Z	spark1	LOAD	19.705	6.742
2026-09-27T13:51:28.381Z	spark2	LOAD	20.450	4.124
2026-09-27T13:51:28.620Z	spark1	LOAD	20.015	6.742
2026-09-27T13:51:28.632Z	spark2	LOAD	20.450	4.124
2026-09-27T13:51:28.883Z	spark2	LOAD	20.450	4.124
2026-09-27T13:51:28.884Z	spark1	LOAD	21.596	6.742
2026-09-27T13:51:29.134Z	spark2	LOAD	20.450	4.124
2026-09-27T13:51:29.134Z	spark1	LOAD	22.824	6.742
2026-09-27T13:51:29.384Z	spark1	LOAD	22.795	6.742
2026-09-27T13:51:29.395Z	spark2	LOAD	20.450	4.124
2026-09-27T13:51:29.635Z	spark1	LOAD	22.761	6.742
2026-09-27T13:51:29.646Z	spark2	LOAD	20.450	4.124
2026-09-27T13:51:29.895Z	spark2	LOAD	20.450	4.124
2026-09-27T13:51:29.896Z	spark1	LOAD	22.685	6.741
2026-09-27T13:51:30.146Z	spark2	LOAD	20.450	4.124
2026-09-27T13:51:30.147Z	spark1	LOAD	22.645	6.741
2026-09-27T13:51:30.397Z	spark1	LOAD	22.600	6.741
2026-09-27T13:51:30.410Z	spark2	LOAD	20.434	4.123
2026-09-27T13:51:30.647Z	spark1	LOAD	22.537	6.741
2026-09-27T13:51:30.661Z	spark2	LOAD	20.442	4.123
2026-09-27T13:51:30.909Z	spark1	LOAD	22.492	6.741
2026-09-27T13:51:30.912Z	spark2	LOAD	20.442	4.123
2026-09-27T13:51:31.159Z	spark1	LOAD	22.421	6.741
2026-09-27T13:51:31.163Z	spark2	LOAD	20.441	4.123
2026-09-27T13:51:31.409Z	spark1	LOAD	22.379	6.741
2026-09-27T13:51:31.427Z	spark2	LOAD	20.441	4.123
2026-09-27T13:51:31.660Z	spark1	LOAD	22.337	6.741
2026-09-27T13:51:31.678Z	spark2	LOAD	20.441	4.123
2026-09-27T13:51:31.922Z	spark1	LOAD	22.288	6.741
2026-09-27T13:51:31.928Z	spark2	LOAD	20.441	4.123
2026-09-27T13:51:32.172Z	spark1	LOAD	22.243	6.741
2026-09-27T13:51:32.179Z	spark2	LOAD	20.441	4.123
2026-09-27T13:51:32.422Z	spark1	LOAD	22.197	6.741
2026-09-27T13:51:32.440Z	spark2	LOAD	20.441	4.123
2026-09-27T13:51:32.672Z	spark1	LOAD	22.153	6.741
2026-09-27T13:51:32.690Z	spark2	LOAD	20.441	4.123
2026-09-27T13:51:32.934Z	spark1	LOAD	22.104	6.741
2026-09-27T13:51:32.941Z	spark2	LOAD	20.441	4.123
2026-09-27T13:51:33.184Z	spark1	LOAD	22.035	6.741
2026-09-27T13:51:33.192Z	spark2	LOAD	20.441	4.123
2026-09-27T13:51:33.435Z	spark1	LOAD	21.990	6.741
2026-09-27T13:51:33.455Z	spark2	LOAD	20.438	4.123
2026-09-27T13:51:33.686Z	spark1	LOAD	21.949	6.741
2026-09-27T13:51:33.705Z	spark2	LOAD	20.438	4.123
2026-09-27T13:51:33.946Z	spark1	LOAD	21.901	6.741
2026-09-27T13:51:33.955Z	spark2	LOAD	20.438	4.123
2026-09-27T13:51:34.197Z	spark1	LOAD	21.853	6.741
2026-09-27T13:51:34.206Z	spark2	LOAD	20.438	4.123
2026-09-27T13:51:34.448Z	spark1	LOAD	21.806	6.741
2026-09-27T13:51:34.472Z	spark2	LOAD	20.438	4.123
2026-09-27T13:51:34.698Z	spark1	LOAD	21.759	6.741
2026-09-27T13:51:34.722Z	spark2	LOAD	20.438	4.123
2026-09-27T13:51:34.964Z	spark1	LOAD	21.710	6.741
2026-09-27T13:51:34.973Z	spark2	LOAD	20.438	4.123
2026-09-27T13:51:35.214Z	spark1	LOAD	21.639	6.741
2026-09-27T13:51:35.224Z	spark2	LOAD	20.438	4.123
2026-09-27T13:51:35.465Z	spark1	LOAD	21.600	6.741
2026-09-27T13:51:35.489Z	spark2	LOAD	20.438	4.123
2026-09-27T13:51:35.715Z	spark1	LOAD	21.549	6.741
2026-09-27T13:51:35.740Z	spark2	LOAD	20.438	4.123
2026-09-27T13:51:35.981Z	spark1	LOAD	21.502	6.741
2026-09-27T13:51:35.990Z	spark2	LOAD	20.438	4.123
2026-09-27T13:51:36.231Z	spark1	LOAD	21.454	6.741
2026-09-27T13:51:36.241Z	spark2	LOAD	20.438	4.123
2026-09-27T13:51:36.482Z	spark1	LOAD	21.407	6.741
2026-09-27T13:51:36.503Z	spark2	LOAD	20.438	4.123
2026-09-27T13:51:36.732Z	spark1	LOAD	21.359	6.741
2026-09-27T13:51:36.754Z	spark2	LOAD	20.438	4.123
2026-09-27T13:51:36.993Z	spark1	LOAD	21.309	6.741
2026-09-27T13:51:37.005Z	spark2	LOAD	20.438	4.123
2026-09-27T13:51:37.244Z	spark1	LOAD	21.263	6.741
2026-09-27T13:51:37.255Z	spark2	LOAD	20.438	4.123
2026-09-27T13:51:37.494Z	spark1	LOAD	21.199	6.741
2026-09-27T13:51:37.521Z	spark2	LOAD	20.438	4.123
2026-09-27T13:51:37.745Z	spark1	LOAD	21.161	6.741
2026-09-27T13:51:37.771Z	spark2	LOAD	20.438	4.123
2026-09-27T13:51:38.012Z	spark1	LOAD	21.115	6.741
2026-09-27T13:51:38.022Z	spark2	LOAD	20.438	4.123
2026-09-27T13:51:38.262Z	spark1	LOAD	21.132	6.741
2026-09-27T13:51:38.273Z	spark2	LOAD	20.438	4.123
2026-09-27T13:51:38.512Z	spark1	LOAD	20.850	6.741
2026-09-27T13:51:38.538Z	spark2	LOAD	20.438	4.123
2026-09-27T13:51:38.762Z	spark1	LOAD	20.503	6.741
2026-09-27T13:51:38.788Z	spark2	LOAD	20.438	4.123
2026-09-27T13:51:39.029Z	spark1	LOAD	20.793	6.741
2026-09-27T13:51:39.040Z	spark2	LOAD	20.438	4.123
2026-09-27T13:51:39.279Z	spark1	LOAD	20.963	6.741
2026-09-27T13:51:39.291Z	spark2	LOAD	20.438	4.123
2026-09-27T13:51:39.529Z	spark1	LOAD	20.896	6.741
2026-09-27T13:51:39.550Z	spark2	LOAD	20.438	4.123
2026-09-27T13:51:39.780Z	spark1	LOAD	20.879	6.741
2026-09-27T13:51:39.800Z	spark2	LOAD	20.438	4.123
2026-09-27T13:51:40.045Z	spark1	LOAD	20.839	6.742
2026-09-27T13:51:40.051Z	spark2	LOAD	20.438	4.123
2026-09-27T13:51:40.295Z	spark1	LOAD	20.790	6.742
2026-09-27T13:51:40.301Z	spark2	LOAD	20.438	4.123
2026-09-27T13:51:40.546Z	spark1	LOAD	20.741	6.742
2026-09-27T13:51:40.563Z	spark2	LOAD	20.438	4.123
2026-09-27T13:51:40.796Z	spark1	LOAD	20.644	6.742
2026-09-27T13:51:40.813Z	spark2	LOAD	20.438	4.123
2026-09-27T13:51:41.058Z	spark1	LOAD	20.602	6.742
2026-09-27T13:51:41.064Z	spark2	LOAD	20.438	4.123
2026-09-27T13:51:41.308Z	spark1	LOAD	20.550	6.742
2026-09-27T13:51:41.314Z	spark2	LOAD	20.433	4.122
2026-09-27T13:51:41.559Z	spark1	LOAD	20.485	6.742
2026-09-27T13:51:41.579Z	spark2	LOAD	20.426	4.122
2026-09-27T13:51:41.809Z	spark1	LOAD	20.422	6.742
2026-09-27T13:51:41.829Z	spark2	LOAD	20.432	4.121
2026-09-27T13:51:42.070Z	spark1	LOAD	20.377	6.742
2026-09-27T13:51:42.081Z	spark2	LOAD	20.431	4.121
2026-09-27T13:51:42.321Z	spark1	LOAD	20.341	6.742
2026-09-27T13:51:42.331Z	spark2	LOAD	20.431	4.121
2026-09-27T13:51:42.571Z	spark1	LOAD	20.309	6.742
2026-09-27T13:51:42.596Z	spark2	LOAD	20.431	4.121
2026-09-27T13:51:42.821Z	spark1	LOAD	20.320	6.742
2026-09-27T13:51:42.846Z	spark2	LOAD	20.431	4.121
2026-09-27T13:51:43.082Z	spark1	LOAD	20.252	6.742
2026-09-27T13:51:43.097Z	spark2	LOAD	20.431	4.121
2026-09-27T13:51:43.333Z	spark1	LOAD	20.206	6.742
2026-09-27T13:51:43.348Z	spark2	LOAD	20.431	4.121
2026-09-27T13:51:43.583Z	spark1	LOAD	20.091	6.742
2026-09-27T13:51:43.608Z	spark2	LOAD	20.430	4.121
2026-09-27T13:51:43.834Z	spark1	LOAD	20.147	6.742
2026-09-27T13:51:43.859Z	spark2	LOAD	20.430	4.121
2026-09-27T13:51:44.099Z	spark1	LOAD	20.088	6.742
2026-09-27T13:51:44.110Z	spark2	LOAD	20.430	4.121
2026-09-27T13:51:44.349Z	spark1	LOAD	19.886	6.742
2026-09-27T13:51:44.360Z	spark2	LOAD	20.430	4.121
2026-09-27T13:51:44.600Z	spark1	LOAD	19.935	6.742
2026-09-27T13:51:44.622Z	spark2	LOAD	20.430	4.121
2026-09-27T13:51:44.850Z	spark1	LOAD	19.906	6.742
2026-09-27T13:51:44.873Z	spark2	LOAD	20.430	4.121
2026-09-27T13:51:45.116Z	spark1	LOAD	19.861	6.742
2026-09-27T13:51:45.123Z	spark2	LOAD	20.430	4.121
2026-09-27T13:51:45.366Z	spark1	LOAD	19.816	6.742
2026-09-27T13:51:45.375Z	spark2	LOAD	20.430	4.121
2026-09-27T13:51:45.617Z	spark1	LOAD	19.773	6.742
2026-09-27T13:51:45.635Z	spark2	LOAD	20.430	4.121
2026-09-27T13:51:45.867Z	spark1	LOAD	19.742	6.742
2026-09-27T13:51:45.886Z	spark2	LOAD	20.430	4.121
2026-09-27T13:51:46.129Z	spark1	LOAD	19.697	6.743
2026-09-27T13:51:46.136Z	spark2	LOAD	20.430	4.121
2026-09-27T13:51:46.379Z	spark1	LOAD	19.648	6.743
2026-09-27T13:51:46.387Z	spark2	LOAD	20.430	4.121
2026-09-27T13:51:46.629Z	spark1	LOAD	19.608	6.743
2026-09-27T13:51:46.647Z	spark2	LOAD	20.430	4.121
2026-09-27T13:51:46.879Z	spark1	LOAD	19.565	6.743
2026-09-27T13:51:46.898Z	spark2	LOAD	20.430	4.121
2026-09-27T13:51:47.148Z	spark1	LOAD	19.524	6.743
2026-09-27T13:51:47.150Z	spark2	LOAD	20.430	4.121
2026-09-27T13:51:47.398Z	spark1	LOAD	19.491	6.743
2026-09-27T13:51:47.401Z	spark2	LOAD	20.430	4.121
2026-09-27T13:51:47.648Z	spark1	LOAD	20.711	6.743
2026-09-27T13:51:47.662Z	spark2	LOAD	20.430	4.121
2026-09-27T13:51:47.899Z	spark1	LOAD	22.523	6.743
2026-09-27T13:51:47.911Z	spark2	LOAD	20.430	4.121
2026-09-27T13:51:48.162Z	spark2	LOAD	20.430	4.121
2026-09-27T13:51:48.165Z	spark1	LOAD	22.744	6.743
2026-09-27T13:51:48.413Z	spark2	LOAD	20.430	4.121
2026-09-27T13:51:48.415Z	spark1	LOAD	22.714	6.743
2026-09-27T13:51:48.665Z	spark1	LOAD	22.672	6.743
2026-09-27T13:51:48.673Z	spark2	LOAD	20.430	4.121
2026-09-27T13:51:48.916Z	spark1	LOAD	22.628	6.743
2026-09-27T13:51:48.924Z	spark2	LOAD	20.430	4.121
2026-09-27T13:51:49.175Z	spark2	LOAD	20.430	4.121
2026-09-27T13:51:49.177Z	spark1	LOAD	22.580	6.743
2026-09-27T13:51:49.426Z	spark2	LOAD	20.430	4.121
2026-09-27T13:51:49.428Z	spark1	LOAD	22.539	6.743
2026-09-27T13:51:49.678Z	spark1	LOAD	22.462	6.743
2026-09-27T13:51:49.687Z	spark2	LOAD	20.430	4.121
2026-09-27T13:51:49.928Z	spark1	LOAD	22.423	6.743
2026-09-27T13:51:49.937Z	spark2	LOAD	20.430	4.121
2026-09-27T13:51:50.188Z	spark2	LOAD	20.430	4.121
2026-09-27T13:51:50.196Z	spark1	LOAD	22.379	6.743
2026-09-27T13:51:50.439Z	spark2	LOAD	20.430	4.121
2026-09-27T13:51:50.446Z	spark1	LOAD	22.340	6.743
2026-09-27T13:51:50.696Z	spark1	LOAD	22.297	6.743
2026-09-27T13:51:50.699Z	spark2	LOAD	20.429	4.121
2026-09-27T13:51:50.947Z	spark1	LOAD	22.256	6.743
2026-09-27T13:51:50.950Z	spark2	LOAD	20.429	4.121
2026-09-27T13:51:51.201Z	spark2	LOAD	20.429	4.121
2026-09-27T13:51:51.212Z	spark1	LOAD	22.209	6.743
2026-09-27T13:51:51.453Z	spark2	LOAD	20.429	4.121
2026-09-27T13:51:51.463Z	spark1	LOAD	22.164	6.743
2026-09-27T13:51:51.713Z	spark1	LOAD	22.091	6.743
2026-09-27T13:51:51.713Z	spark2	LOAD	20.429	4.121
2026-09-27T13:51:51.963Z	spark1	LOAD	22.041	6.743
2026-09-27T13:51:51.964Z	spark2	LOAD	20.429	4.121
2026-09-27T13:51:52.214Z	spark2	LOAD	20.429	4.120
2026-09-27T13:51:52.224Z	spark1	LOAD	21.995	6.743
2026-09-27T13:51:52.464Z	spark2	LOAD	20.406	4.120
2026-09-27T13:51:52.475Z	spark1	LOAD	21.946	6.743
2026-09-27T13:51:52.725Z	spark1	LOAD	21.901	6.743
2026-09-27T13:51:52.725Z	spark2	LOAD	20.413	4.120
2026-09-27T13:51:52.976Z	spark1	LOAD	21.864	6.743
2026-09-27T13:51:52.976Z	spark2	LOAD	20.412	4.120
2026-09-27T13:51:53.227Z	spark2	LOAD	20.412	4.120
2026-09-27T13:51:53.237Z	spark1	LOAD	21.818	6.743
2026-09-27T13:51:53.476Z	spark2	LOAD	20.412	4.120
2026-09-27T13:51:53.488Z	spark1	LOAD	21.779	6.743
2026-09-27T13:51:53.738Z	spark2	LOAD	20.412	4.120
2026-09-27T13:51:53.738Z	spark1	LOAD	21.719	6.743
2026-09-27T13:51:53.988Z	spark1	LOAD	21.681	6.743
2026-09-27T13:51:53.989Z	spark2	LOAD	20.412	4.120
2026-09-27T13:51:54.240Z	spark2	LOAD	20.412	4.120
2026-09-27T13:51:54.254Z	spark1	LOAD	21.642	6.743
2026-09-27T13:51:54.491Z	spark2	LOAD	20.412	4.120
2026-09-27T13:51:54.504Z	spark1	LOAD	21.605	6.743
2026-09-27T13:51:54.753Z	spark2	LOAD	20.412	4.120
2026-09-27T13:51:54.755Z	spark1	LOAD	21.567	6.743
2026-09-27T13:51:55.003Z	spark2	LOAD	20.413	4.120
2026-09-27T13:51:55.005Z	spark1	LOAD	21.532	6.743
2026-09-27T13:51:55.254Z	spark2	LOAD	20.413	4.120
2026-09-27T13:51:55.267Z	spark1	LOAD	21.499	6.743
2026-09-27T13:51:55.504Z	spark2	LOAD	20.413	4.120
2026-09-27T13:51:55.517Z	spark1	LOAD	21.468	6.743
2026-09-27T13:51:55.768Z	spark1	LOAD	21.431	6.743
2026-09-27T13:51:55.770Z	spark2	LOAD	20.413	4.120
2026-09-27T13:51:56.018Z	spark1	LOAD	21.370	6.743
2026-09-27T13:51:56.021Z	spark2	LOAD	20.413	4.120
2026-09-27T13:51:56.272Z	spark2	LOAD	20.413	4.120
2026-09-27T13:51:56.286Z	spark1	LOAD	21.339	6.743
2026-09-27T13:51:56.522Z	spark2	LOAD	20.413	4.120
2026-09-27T13:51:56.537Z	spark1	LOAD	21.302	6.743
2026-09-27T13:51:56.787Z	spark2	LOAD	20.413	4.120
2026-09-27T13:51:56.787Z	spark1	LOAD	21.266	6.743
2026-09-27T13:51:57.037Z	spark1	LOAD	21.227	6.743
2026-09-27T13:51:57.038Z	spark2	LOAD	20.414	4.120
2026-09-27T13:51:57.288Z	spark2	LOAD	20.414	4.120
2026-09-27T13:51:57.303Z	spark1	LOAD	21.181	6.743
2026-09-27T13:51:57.539Z	spark2	LOAD	20.414	4.120
2026-09-27T13:51:57.554Z	spark1	LOAD	21.143	6.743
2026-09-27T13:51:57.804Z	spark1	LOAD	21.098	6.743
2026-09-27T13:51:57.804Z	spark2	LOAD	20.414	4.120
2026-09-27T13:51:58.054Z	spark1	LOAD	21.025	6.743
2026-09-27T13:51:58.055Z	spark2	LOAD	20.415	4.120
2026-09-27T13:51:58.305Z	spark2	LOAD	20.415	4.120
2026-09-27T13:51:58.316Z	spark1	LOAD	20.966	6.743
2026-09-27T13:51:58.556Z	spark2	LOAD	20.415	4.120
2026-09-27T13:51:58.566Z	spark1	LOAD	20.932	6.743
2026-09-27T13:51:58.817Z	spark1	LOAD	20.878	6.743
2026-09-27T13:51:58.821Z	spark2	LOAD	20.415	4.120
2026-09-27T13:51:59.067Z	spark1	LOAD	20.852	6.743
2026-09-27T13:51:59.072Z	spark2	LOAD	20.415	4.120
2026-09-27T13:51:59.322Z	spark2	LOAD	20.415	4.120
2026-09-27T13:51:59.329Z	spark1	LOAD	20.807	6.743
2026-09-27T13:51:59.573Z	spark2	LOAD	20.415	4.120
2026-09-27T13:51:59.579Z	spark1	LOAD	20.765	6.743
2026-09-27T13:51:59.830Z	spark1	LOAD	20.718	6.743
2026-09-27T13:51:59.838Z	spark2	LOAD	20.415	4.120
2026-09-27T13:52:00.080Z	spark1	LOAD	20.661	6.743
2026-09-27T13:52:00.089Z	spark2	LOAD	20.415	4.120
2026-09-27T13:52:00.339Z	spark2	LOAD	20.414	4.120
2026-09-27T13:52:00.348Z	spark1	LOAD	20.613	6.743
2026-09-27T13:52:00.589Z	spark2	LOAD	20.417	4.120
2026-09-27T13:52:00.599Z	spark1	LOAD	20.575	6.744
2026-09-27T13:52:00.849Z	spark1	LOAD	20.533	6.744
2026-09-27T13:52:00.854Z	spark2	LOAD	20.417	4.120
2026-09-27T13:52:01.099Z	spark1	LOAD	20.488	6.744
2026-09-27T13:52:01.105Z	spark2	LOAD	20.417	4.120
2026-09-27T13:52:01.355Z	spark2	LOAD	20.417	4.120
2026-09-27T13:52:01.365Z	spark1	LOAD	20.441	6.744
2026-09-27T13:52:01.606Z	spark2	LOAD	20.417	4.120
2026-09-27T13:52:01.616Z	spark1	LOAD	20.393	6.744
2026-09-27T13:52:01.866Z	spark1	LOAD	20.347	6.744
2026-09-27T13:52:01.870Z	spark2	LOAD	20.417	4.120
2026-09-27T13:52:02.116Z	spark1	LOAD	20.273	6.744
2026-09-27T13:52:02.122Z	spark2	LOAD	20.417	4.120
2026-09-27T13:52:02.372Z	spark2	LOAD	20.417	4.120
2026-09-27T13:52:02.378Z	spark1	LOAD	20.227	6.744
2026-09-27T13:52:02.623Z	spark2	LOAD	20.417	4.120
2026-09-27T13:52:02.628Z	spark1	LOAD	20.183	6.744
2026-09-27T13:52:02.878Z	spark1	LOAD	20.083	6.743
2026-09-27T13:52:02.883Z	spark2	LOAD	20.417	4.120
2026-09-27T13:52:03.129Z	spark1	LOAD	20.040	6.743
2026-09-27T13:52:03.133Z	spark2	LOAD	20.417	4.119
2026-09-27T13:52:03.384Z	spark2	LOAD	20.400	4.119
2026-09-27T13:52:03.390Z	spark1	LOAD	20.020	6.744
2026-09-27T13:52:03.635Z	spark2	LOAD	20.413	4.119
2026-09-27T13:52:03.640Z	spark1	LOAD	19.959	6.744
2026-09-27T13:52:03.891Z	spark1	LOAD	19.921	6.744
2026-09-27T13:52:03.900Z	spark2	LOAD	20.413	4.119
2026-09-27T13:52:04.141Z	spark1	LOAD	19.924	6.744
2026-09-27T13:52:04.151Z	spark2	LOAD	20.413	4.119
2026-09-27T13:52:04.402Z	spark2	LOAD	20.413	4.119
2026-09-27T13:52:04.408Z	spark1	LOAD	19.881	6.744
2026-09-27T13:52:04.653Z	spark2	LOAD	20.413	4.119
2026-09-27T13:52:04.658Z	spark1	LOAD	19.834	6.744
2026-09-27T13:52:04.908Z	spark1	LOAD	19.830	6.744
2026-09-27T13:52:04.913Z	spark2	LOAD	20.414	4.119
2026-09-27T13:52:05.159Z	spark1	LOAD	19.788	6.744
2026-09-27T13:52:05.164Z	spark2	LOAD	20.414	4.119
2026-09-27T13:52:05.415Z	spark2	LOAD	20.414	4.119
2026-09-27T13:52:05.425Z	spark1	LOAD	19.741	6.744
2026-09-27T13:52:05.665Z	spark2	LOAD	20.414	4.119
2026-09-27T13:52:05.675Z	spark1	LOAD	19.701	6.744
2026-09-27T13:52:05.925Z	spark1	LOAD	19.655	6.744
2026-09-27T13:52:05.929Z	spark2	LOAD	20.415	4.119
2026-09-27T13:52:06.176Z	spark1	LOAD	19.586	6.744
2026-09-27T13:52:06.180Z	spark2	LOAD	20.415	4.119
2026-09-27T13:52:06.431Z	spark2	LOAD	20.415	4.119
2026-09-27T13:52:06.438Z	spark1	LOAD	20.932	6.744
2026-09-27T13:52:06.681Z	spark2	LOAD	20.416	4.119
2026-09-27T13:52:06.688Z	spark1	LOAD	22.768	6.744
2026-09-27T13:52:06.938Z	spark1	LOAD	22.731	6.744
2026-09-27T13:52:06.947Z	spark2	LOAD	20.416	4.119
2026-09-27T13:52:07.188Z	spark1	LOAD	22.691	6.744
2026-09-27T13:52:07.197Z	spark2	LOAD	20.416	4.119
2026-09-27T13:52:07.448Z	spark2	LOAD	20.416	4.119
2026-09-27T13:52:07.455Z	spark1	LOAD	22.661	6.744
2026-09-27T13:52:07.699Z	spark2	LOAD	20.416	4.119
2026-09-27T13:52:07.705Z	spark1	LOAD	22.627	6.744
2026-09-27T13:52:07.956Z	spark1	LOAD	22.577	6.744
2026-09-27T13:52:07.963Z	spark2	LOAD	20.416	4.119
2026-09-27T13:52:08.206Z	spark1	LOAD	22.495	6.744
2026-09-27T13:52:08.214Z	spark2	LOAD	20.416	4.119
2026-09-27T13:52:08.464Z	spark2	LOAD	20.416	4.119
2026-09-27T13:52:08.473Z	spark1	LOAD	22.451	6.744
2026-09-27T13:52:08.715Z	spark2	LOAD	20.416	4.119
2026-09-27T13:52:08.723Z	spark1	LOAD	22.407	6.744
2026-09-27T13:52:08.973Z	spark1	LOAD	22.365	6.744
2026-09-27T13:52:08.980Z	spark2	LOAD	20.416	4.119
2026-09-27T13:52:09.223Z	spark1	LOAD	22.321	6.744
2026-09-27T13:52:09.231Z	spark2	LOAD	20.416	4.119
2026-09-27T13:52:09.481Z	spark2	LOAD	20.416	4.119
2026-09-27T13:52:09.491Z	spark1	LOAD	22.272	6.744
2026-09-27T13:52:09.732Z	spark2	LOAD	20.416	4.119
2026-09-27T13:52:09.741Z	spark1	LOAD	22.226	6.743
2026-09-27T13:52:09.992Z	spark1	LOAD	22.181	6.743
2026-09-27T13:52:09.993Z	spark2	LOAD	20.416	4.119
2026-09-27T13:52:10.242Z	spark1	LOAD	22.102	6.743
2026-09-27T13:52:10.244Z	spark2	LOAD	20.417	4.119
2026-09-27T13:52:10.495Z	spark2	LOAD	20.417	4.119
2026-09-27T13:52:10.508Z	spark1	LOAD	22.057	6.743
2026-09-27T13:52:10.745Z	spark2	LOAD	20.424	4.119
2026-09-27T13:52:10.758Z	spark1	LOAD	22.012	6.743
2026-09-27T13:52:11.009Z	spark1	LOAD	21.968	6.743
2026-09-27T13:52:11.011Z	spark2	LOAD	20.424	4.119
2026-09-27T13:52:11.259Z	spark1	LOAD	21.975	6.743
2026-09-27T13:52:11.262Z	spark2	LOAD	20.424	4.119
2026-09-27T13:52:11.512Z	spark2	LOAD	20.424	4.119
2026-09-27T13:52:11.521Z	spark1	LOAD	21.928	6.743
2026-09-27T13:52:11.762Z	spark2	LOAD	20.424	4.119
2026-09-27T13:52:11.771Z	spark1	LOAD	21.879	6.743
2026-09-27T13:52:12.021Z	spark1	LOAD	21.834	6.743
2026-09-27T13:52:12.022Z	spark2	LOAD	20.424	4.119
2026-09-27T13:52:12.272Z	spark1	LOAD	21.751	6.743
2026-09-27T13:52:12.273Z	spark2	LOAD	20.424	4.119
2026-09-27T13:52:12.523Z	spark2	LOAD	20.424	4.119
2026-09-27T13:52:12.533Z	spark1	LOAD	21.705	6.743
2026-09-27T13:52:12.774Z	spark2	LOAD	20.424	4.119
2026-09-27T13:52:12.783Z	spark1	LOAD	21.660	6.743
2026-09-27T13:52:13.034Z	spark1	LOAD	21.613	6.743
2026-09-27T13:52:13.038Z	spark2	LOAD	20.424	4.119
2026-09-27T13:52:13.284Z	spark1	LOAD	21.554	6.743
2026-09-27T13:52:13.289Z	spark2	LOAD	20.424	4.119
2026-09-27T13:52:13.539Z	spark2	LOAD	20.424	4.119
2026-09-27T13:52:13.550Z	spark1	LOAD	21.598	6.744
2026-09-27T13:52:13.790Z	spark2	LOAD	20.424	4.119
2026-09-27T13:52:13.800Z	spark1	LOAD	21.489	6.744
2026-09-27T13:52:14.051Z	spark1	LOAD	21.440	6.743
2026-09-27T13:52:14.051Z	spark2	LOAD	20.422	4.119
2026-09-27T13:52:14.301Z	spark1	LOAD	21.378	6.744
2026-09-27T13:52:14.301Z	spark2	LOAD	20.419	4.118
2026-09-27T13:52:14.552Z	spark2	LOAD	20.417	4.117
2026-09-27T13:52:14.563Z	spark1	LOAD	21.308	6.744
2026-09-27T13:52:14.803Z	spark2	LOAD	20.417	4.117
2026-09-27T13:52:14.813Z	spark1	LOAD	21.236	6.744
2026-09-27T13:52:15.063Z	spark1	LOAD	21.196	6.744
2026-09-27T13:52:15.068Z	spark2	LOAD	20.417	4.117
2026-09-27T13:52:15.313Z	spark1	LOAD	21.137	6.744
2026-09-27T13:52:15.319Z	spark2	LOAD	20.417	4.117
2026-09-27T13:52:15.569Z	spark2	LOAD	20.417	4.117
2026-09-27T13:52:15.579Z	spark1	LOAD	21.140	6.744
2026-09-27T13:52:15.820Z	spark2	LOAD	20.417	4.117
2026-09-27T13:52:15.829Z	spark1	LOAD	21.101	6.744
2026-09-27T13:52:16.080Z	spark1	LOAD	21.100	6.744
2026-09-27T13:52:16.080Z	spark2	LOAD	20.417	4.117
2026-09-27T13:52:16.330Z	spark1	LOAD	21.066	6.745
2026-09-27T13:52:16.330Z	spark2	LOAD	20.417	4.117
2026-09-27T13:52:16.582Z	spark2	LOAD	20.417	4.117
2026-09-27T13:52:16.597Z	spark1	LOAD	21.002	6.745
2026-09-27T13:52:16.832Z	spark2	LOAD	20.417	4.117
2026-09-27T13:52:16.848Z	spark1	LOAD	20.968	6.745
2026-09-27T13:52:17.098Z	spark2	LOAD	20.417	4.117
2026-09-27T13:52:17.098Z	spark1	LOAD	20.928	6.745
2026-09-27T13:52:17.347Z	spark2	LOAD	20.417	4.117
2026-09-27T13:52:17.348Z	spark1	LOAD	20.886	6.745
2026-09-27T13:52:17.598Z	spark2	LOAD	20.417	4.117
2026-09-27T13:52:17.610Z	spark1	LOAD	20.851	6.745
2026-09-27T13:52:17.849Z	spark2	LOAD	20.417	4.117
2026-09-27T13:52:17.860Z	spark1	LOAD	20.818	6.746
2026-09-27T13:52:18.111Z	spark1	LOAD	20.776	6.746
2026-09-27T13:52:18.111Z	spark2	LOAD	20.416	4.117
2026-09-27T13:52:18.362Z	spark1	LOAD	20.715	6.746
2026-09-27T13:52:18.362Z	spark2	LOAD	20.416	4.117
2026-09-27T13:52:18.613Z	spark2	LOAD	20.416	4.117
2026-09-27T13:52:18.623Z	spark1	LOAD	20.630	6.746
2026-09-27T13:52:18.863Z	spark2	LOAD	20.416	4.117
2026-09-27T13:52:18.874Z	spark1	LOAD	20.589	6.746
2026-09-27T13:52:19.124Z	spark1	LOAD	20.552	6.746
2026-09-27T13:52:19.128Z	spark2	LOAD	20.417	4.117
2026-09-27T13:52:19.374Z	spark1	LOAD	20.543	6.746
2026-09-27T13:52:19.379Z	spark2	LOAD	20.417	4.117
2026-09-27T13:52:19.629Z	spark2	LOAD	20.417	4.117
2026-09-27T13:52:19.640Z	spark1	LOAD	20.503	6.746
2026-09-27T13:52:19.880Z	spark2	LOAD	20.417	4.117
2026-09-27T13:52:19.891Z	spark1	LOAD	20.460	6.746
2026-09-27T13:52:20.141Z	spark1	LOAD	20.423	6.745
2026-09-27T13:52:20.145Z	spark2	LOAD	20.418	4.117
2026-09-27T13:52:20.391Z	spark1	LOAD	20.386	6.745
2026-09-27T13:52:20.397Z	spark2	LOAD	20.418	4.117
2026-09-27T13:52:20.648Z	spark2	LOAD	20.418	4.117
2026-09-27T13:52:20.653Z	spark1	LOAD	20.318	6.745
2026-09-27T13:52:20.899Z	spark2	LOAD	20.419	4.117
2026-09-27T13:52:20.904Z	spark1	LOAD	20.283	6.745
2026-09-27T13:52:21.154Z	spark1	LOAD	20.239	6.745
2026-09-27T13:52:21.164Z	spark2	LOAD	20.419	4.117
2026-09-27T13:52:21.405Z	spark1	LOAD	20.197	6.745
2026-09-27T13:52:21.414Z	spark2	LOAD	20.419	4.117
2026-09-27T13:52:21.665Z	spark2	LOAD	20.419	4.117
2026-09-27T13:52:21.671Z	spark1	LOAD	20.146	6.745
2026-09-27T13:52:21.915Z	spark2	LOAD	20.419	4.117
2026-09-27T13:52:21.921Z	spark1	LOAD	20.099	6.745
2026-09-27T13:52:22.171Z	spark1	LOAD	20.054	6.745
2026-09-27T13:52:22.180Z	spark2	LOAD	20.419	4.117
2026-09-27T13:52:22.422Z	spark1	LOAD	20.043	6.746
2026-09-27T13:52:22.431Z	spark2	LOAD	20.419	4.117
2026-09-27T13:52:22.682Z	spark2	LOAD	20.419	4.117
2026-09-27T13:52:22.688Z	spark1	LOAD	19.973	6.746
2026-09-27T13:52:22.932Z	spark2	LOAD	20.419	4.117
2026-09-27T13:52:22.939Z	spark1	LOAD	19.970	6.746
2026-09-27T13:52:23.189Z	spark1	LOAD	19.913	6.750
2026-09-27T13:52:23.197Z	spark2	LOAD	20.419	4.117
2026-09-27T13:52:23.440Z	spark1	LOAD	19.845	6.750
2026-09-27T13:52:23.448Z	spark2	LOAD	20.419	4.117
2026-09-27T13:52:23.699Z	spark2	LOAD	20.419	4.117
2026-09-27T13:52:23.701Z	spark1	LOAD	19.851	6.750
2026-09-27T13:52:23.949Z	spark2	LOAD	20.419	4.117
2026-09-27T13:52:23.952Z	spark1	LOAD	19.810	6.750
2026-09-27T13:52:24.202Z	spark1	LOAD	19.768	6.750
2026-09-27T13:52:24.213Z	spark2	LOAD	20.419	4.117
2026-09-27T13:52:24.452Z	spark1	LOAD	19.726	6.750
2026-09-27T13:52:24.464Z	spark2	LOAD	20.419	4.117
2026-09-27T13:52:24.715Z	spark2	LOAD	20.419	4.117
2026-09-27T13:52:24.718Z	spark1	LOAD	21.167	6.750
2026-09-27T13:52:24.965Z	spark2	LOAD	20.418	4.117
2026-09-27T13:52:24.969Z	spark1	LOAD	22.839	6.750
2026-09-27T13:52:25.219Z	spark1	LOAD	22.808	6.750
2026-09-27T13:52:25.229Z	spark2	LOAD	20.401	4.117
2026-09-27T13:52:25.469Z	spark1	LOAD	22.751	6.750
2026-09-27T13:52:25.480Z	spark2	LOAD	20.414	4.117
2026-09-27T13:52:25.730Z	spark2	LOAD	20.414	4.117
2026-09-27T13:52:25.732Z	spark1	LOAD	22.708	6.750
2026-09-27T13:52:25.980Z	spark2	LOAD	20.414	4.117
2026-09-27T13:52:25.982Z	spark1	LOAD	22.668	6.750
2026-09-27T13:52:26.233Z	spark1	LOAD	22.604	6.750
2026-09-27T13:52:26.247Z	spark2	LOAD	20.414	4.117
2026-09-27T13:52:26.483Z	spark1	LOAD	22.561	6.750
2026-09-27T13:52:26.497Z	spark2	LOAD	20.414	4.117
2026-09-27T13:52:26.748Z	spark2	LOAD	20.414	4.117
2026-09-27T13:52:26.751Z	spark1	LOAD	22.493	6.750
2026-09-27T13:52:26.998Z	spark2	LOAD	20.414	4.117
2026-09-27T13:52:27.001Z	spark1	LOAD	22.455	6.750
2026-09-27T13:52:27.252Z	spark1	LOAD	22.416	6.750
2026-09-27T13:52:27.258Z	spark2	LOAD	20.415	4.117
2026-09-27T13:52:27.502Z	spark1	LOAD	22.373	6.750
2026-09-27T13:52:27.509Z	spark2	LOAD	20.415	4.117
2026-09-27T13:52:27.760Z	spark2	LOAD	20.415	4.117
2026-09-27T13:52:27.768Z	spark1	LOAD	22.322	6.750
2026-09-27T13:52:28.011Z	spark2	LOAD	20.415	4.117
2026-09-27T13:52:28.019Z	spark1	LOAD	22.282	6.750
2026-09-27T13:52:28.269Z	spark1	LOAD	22.220	6.750
2026-09-27T13:52:28.276Z	spark2	LOAD	20.414	4.117
2026-09-27T13:52:28.519Z	spark1	LOAD	22.177	6.750
2026-09-27T13:52:28.526Z	spark2	LOAD	20.414	4.117
2026-09-27T13:52:28.777Z	spark2	LOAD	20.414	4.117
2026-09-27T13:52:28.785Z	spark1	LOAD	22.103	6.750
2026-09-27T13:52:29.028Z	spark2	LOAD	20.414	4.117
2026-09-27T13:52:29.035Z	spark1	LOAD	22.060	6.750
2026-09-27T13:52:29.286Z	spark1	LOAD	22.018	6.750
2026-09-27T13:52:29.288Z	spark2	LOAD	20.414	4.117
2026-09-27T13:52:29.536Z	spark1	LOAD	21.976	6.750
2026-09-27T13:52:29.539Z	spark2	LOAD	20.414	4.117
2026-09-27T13:52:29.790Z	spark2	LOAD	20.414	4.117
2026-09-27T13:52:29.798Z	spark1	LOAD	21.932	6.750
2026-09-27T13:52:30.041Z	spark2	LOAD	20.414	4.117
2026-09-27T13:52:30.048Z	spark1	LOAD	21.887	6.750
2026-09-27T13:52:30.299Z	spark1	LOAD	21.841	6.750
2026-09-27T13:52:30.301Z	spark2	LOAD	20.414	4.117
2026-09-27T13:52:30.549Z	spark1	LOAD	21.799	6.750
2026-09-27T13:52:30.551Z	spark2	LOAD	20.414	4.117
2026-09-27T13:52:30.802Z	spark2	LOAD	20.414	4.117
2026-09-27T13:52:30.815Z	spark1	LOAD	21.727	6.750
2026-09-27T13:52:31.052Z	spark2	LOAD	20.414	4.117
2026-09-27T13:52:31.065Z	spark1	LOAD	21.685	6.750
2026-09-27T13:52:31.313Z	spark2	LOAD	20.416	4.117
2026-09-27T13:52:31.316Z	spark1	LOAD	21.645	6.750
2026-09-27T13:52:31.563Z	spark2	LOAD	20.416	4.117
2026-09-27T13:52:31.566Z	spark1	LOAD	21.602	6.749
2026-09-27T13:52:31.814Z	spark2	LOAD	20.416	4.117
2026-09-27T13:52:31.827Z	spark1	LOAD	21.545	6.749
2026-09-27T13:52:32.065Z	spark2	LOAD	20.417	4.117
2026-09-27T13:52:32.077Z	spark1	LOAD	21.501	6.749
2026-09-27T13:52:32.325Z	spark2	LOAD	20.417	4.117
2026-09-27T13:52:32.328Z	spark1	LOAD	21.463	6.749
2026-09-27T13:52:32.576Z	spark2	LOAD	20.417	4.117
2026-09-27T13:52:32.578Z	spark1	LOAD	21.430	6.749
2026-09-27T13:52:32.827Z	spark2	LOAD	20.417	4.117
2026-09-27T13:52:32.840Z	spark1	LOAD	21.358	6.749
2026-09-27T13:52:33.077Z	spark2	LOAD	20.417	4.117
2026-09-27T13:52:33.090Z	spark1	LOAD	21.321	6.749
2026-09-27T13:52:33.338Z	spark2	LOAD	20.417	4.117
2026-09-27T13:52:33.341Z	spark1	LOAD	21.271	6.749
2026-09-27T13:52:33.589Z	spark2	LOAD	20.417	4.117
2026-09-27T13:52:33.591Z	spark1	LOAD	21.295	6.750
2026-09-27T13:52:33.839Z	spark2	LOAD	20.417	4.117
2026-09-27T13:52:33.857Z	spark1	LOAD	21.247	6.750
2026-09-27T13:52:34.090Z	spark2	LOAD	20.417	4.117
2026-09-27T13:52:34.107Z	spark1	LOAD	21.197	6.750
2026-09-27T13:52:34.351Z	spark2	LOAD	20.417	4.117
2026-09-27T13:52:34.358Z	spark1	LOAD	21.154	6.750
2026-09-27T13:52:34.602Z	spark2	LOAD	20.417	4.117
2026-09-27T13:52:34.608Z	spark1	LOAD	21.101	6.750
2026-09-27T13:52:34.852Z	spark2	LOAD	20.417	4.117
2026-09-27T13:52:34.870Z	spark1	LOAD	21.026	6.750
2026-09-27T13:52:35.103Z	spark2	LOAD	20.417	4.117
2026-09-27T13:52:35.120Z	spark1	LOAD	20.986	6.750
2026-09-27T13:52:35.365Z	spark2	LOAD	20.417	4.117
2026-09-27T13:52:35.370Z	spark1	LOAD	20.958	6.750
2026-09-27T13:52:35.616Z	spark2	LOAD	20.417	4.117
2026-09-27T13:52:35.620Z	spark1	LOAD	20.928	6.750
2026-09-27T13:52:35.866Z	spark2	LOAD	20.417	4.117
2026-09-27T13:52:35.885Z	spark1	LOAD	20.872	6.750
2026-09-27T13:52:36.116Z	spark2	LOAD	20.405	4.116
2026-09-27T13:52:36.135Z	spark1	LOAD	20.841	6.750
2026-09-27T13:52:36.381Z	spark2	LOAD	20.415	4.116
2026-09-27T13:52:36.386Z	spark1	LOAD	20.802	6.752
2026-09-27T13:52:36.632Z	spark2	LOAD	20.415	4.116
2026-09-27T13:52:36.636Z	spark1	LOAD	20.756	6.752
2026-09-27T13:52:36.883Z	spark2	LOAD	20.415	4.116
2026-09-27T13:52:36.903Z	spark1	LOAD	20.677	6.752
2026-09-27T13:52:37.132Z	spark2	LOAD	20.416	4.116
2026-09-27T13:52:37.154Z	spark1	LOAD	20.636	6.752
2026-09-27T13:52:37.393Z	spark2	LOAD	20.416	4.116
2026-09-27T13:52:37.404Z	spark1	LOAD	20.591	6.752
2026-09-27T13:52:37.644Z	spark2	LOAD	20.416	4.116
2026-09-27T13:52:37.655Z	spark1	LOAD	20.555	6.752
2026-09-27T13:52:37.895Z	spark2	LOAD	20.417	4.116
2026-09-27T13:52:37.916Z	spark1	LOAD	20.509	6.752
2026-09-27T13:52:38.146Z	spark2	LOAD	20.417	4.116
2026-09-27T13:52:38.167Z	spark1	LOAD	20.473	6.752
2026-09-27T13:52:38.411Z	spark2	LOAD	20.417	4.116
2026-09-27T13:52:38.417Z	spark1	LOAD	20.411	6.752
2026-09-27T13:52:38.661Z	spark2	LOAD	20.417	4.116
2026-09-27T13:52:38.667Z	spark1	LOAD	20.369	6.752
2026-09-27T13:52:38.912Z	spark2	LOAD	20.417	4.116
2026-09-27T13:52:38.935Z	spark1	LOAD	20.308	6.752
2026-09-27T13:52:39.162Z	spark2	LOAD	20.418	4.116
2026-09-27T13:52:39.186Z	spark1	LOAD	20.267	6.751
2026-09-27T13:52:39.424Z	spark2	LOAD	20.418	4.116
2026-09-27T13:52:39.436Z	spark1	LOAD	20.228	6.751
2026-09-27T13:52:39.675Z	spark2	LOAD	20.418	4.116
2026-09-27T13:52:39.686Z	spark1	LOAD	20.185	6.751
2026-09-27T13:52:39.926Z	spark2	LOAD	20.418	4.116
2026-09-27T13:52:39.954Z	spark1	LOAD	20.134	6.751
2026-09-27T13:52:40.177Z	spark2	LOAD	20.418	4.116
2026-09-27T13:52:40.204Z	spark1	LOAD	20.095	6.751
2026-09-27T13:52:40.438Z	spark2	LOAD	20.417	4.116
2026-09-27T13:52:40.455Z	spark1	LOAD	20.059	6.751
2026-09-27T13:52:40.688Z	spark2	LOAD	20.417	4.116
2026-09-27T13:52:40.705Z	spark1	LOAD	20.030	6.752
2026-09-27T13:52:40.939Z	spark2	LOAD	20.417	4.116
2026-09-27T13:52:40.971Z	spark1	LOAD	19.457	6.752
2026-09-27T13:52:41.188Z	spark2	LOAD	20.417	4.116
2026-09-27T13:52:41.221Z	spark1	LOAD	19.950	6.752
2026-09-27T13:52:41.449Z	spark2	LOAD	20.417	4.116
2026-09-27T13:52:41.471Z	spark1	LOAD	19.486	6.752
2026-09-27T13:52:41.700Z	spark2	LOAD	20.417	4.116
2026-09-27T13:52:41.721Z	spark1	LOAD	19.860	6.752
2026-09-27T13:52:41.951Z	spark2	LOAD	20.417	4.116
2026-09-27T13:52:41.988Z	spark1	LOAD	19.394	6.752
2026-09-27T13:52:42.202Z	spark2	LOAD	20.417	4.116
2026-09-27T13:52:42.238Z	spark1	LOAD	19.244	6.752
2026-09-27T13:52:42.463Z	spark2	LOAD	20.417	4.116
2026-09-27T13:52:42.489Z	spark1	LOAD	19.730	6.752
2026-09-27T13:52:42.714Z	spark2	LOAD	20.417	4.116
2026-09-27T13:52:42.739Z	spark1	LOAD	20.181	6.751
2026-09-27T13:52:42.965Z	spark2	LOAD	20.417	4.116
2026-09-27T13:52:43.001Z	spark1	LOAD	22.041	6.751
2026-09-27T13:52:43.215Z	spark2	LOAD	20.417	4.116
2026-09-27T13:52:43.251Z	spark1	LOAD	22.819	6.751
2026-09-27T13:52:43.476Z	spark2	LOAD	20.417	4.116
2026-09-27T13:52:43.501Z	spark1	LOAD	22.771	6.751
2026-09-27T13:52:43.727Z	spark2	LOAD	20.417	4.116
2026-09-27T13:52:43.752Z	spark1	LOAD	22.743	6.751
2026-09-27T13:52:43.978Z	spark2	LOAD	20.417	4.116
2026-09-27T13:52:44.021Z	spark1	LOAD	22.710	6.751
2026-09-27T13:52:44.228Z	spark2	LOAD	20.417	4.116
2026-09-27T13:52:44.271Z	spark1	LOAD	22.675	6.751
2026-09-27T13:52:44.493Z	spark2	LOAD	20.416	4.116
2026-09-27T13:52:44.521Z	spark1	LOAD	22.647	6.751
2026-09-27T13:52:44.744Z	spark2	LOAD	20.416	4.116
2026-09-27T13:52:44.772Z	spark1	LOAD	22.613	6.751
2026-09-27T13:52:44.995Z	spark2	LOAD	20.416	4.116
2026-09-27T13:52:45.038Z	spark1	LOAD	22.574	6.751
2026-09-27T13:52:45.246Z	spark2	LOAD	20.416	4.116
2026-09-27T13:52:45.288Z	spark1	LOAD	22.501	6.751
2026-09-27T13:52:45.512Z	spark2	LOAD	20.416	4.116
2026-09-27T13:52:45.539Z	spark1	LOAD	22.465	6.751
2026-09-27T13:52:45.763Z	spark2	LOAD	20.416	4.116
2026-09-27T13:52:45.789Z	spark1	LOAD	22.428	6.751
2026-09-27T13:52:46.014Z	spark2	LOAD	20.416	4.116
2026-09-27T13:52:46.051Z	spark1	LOAD	22.397	6.751
2026-09-27T13:52:46.264Z	spark2	LOAD	20.416	4.116
2026-09-27T13:52:46.301Z	spark1	LOAD	22.359	6.751
2026-09-27T13:52:46.529Z	spark2	LOAD	20.416	4.116
2026-09-27T13:52:46.552Z	spark1	LOAD	22.280	6.751
2026-09-27T13:52:46.779Z	spark2	LOAD	20.416	4.116
2026-09-27T13:52:46.802Z	spark1	LOAD	22.241	6.751
2026-09-27T13:52:47.029Z	spark2	LOAD	20.415	4.116
2026-09-27T13:52:47.068Z	spark1	LOAD	22.201	6.751
2026-09-27T13:52:47.280Z	spark2	LOAD	20.409	4.116
2026-09-27T13:52:47.318Z	spark1	LOAD	22.148	6.751
2026-09-27T13:52:47.546Z	spark2	LOAD	20.417	4.115
2026-09-27T13:52:47.568Z	spark1	LOAD	22.098	6.751
2026-09-27T13:52:47.797Z	spark2	LOAD	20.417	4.115
2026-09-27T13:52:47.819Z	spark1	LOAD	22.066	6.751
2026-09-27T13:52:48.048Z	spark2	LOAD	20.418	4.115
2026-09-27T13:52:48.081Z	spark1	LOAD	22.032	6.751
2026-09-27T13:52:48.298Z	spark2	LOAD	20.418	4.115
2026-09-27T13:52:48.331Z	spark1	LOAD	22.011	6.751
2026-09-27T13:52:48.564Z	spark2	LOAD	20.417	4.115
2026-09-27T13:52:48.581Z	spark1	LOAD	21.978	6.751
2026-09-27T13:52:48.815Z	spark2	LOAD	20.417	4.115
2026-09-27T13:52:48.832Z	spark1	LOAD	21.944	6.751
2026-09-27T13:52:49.066Z	spark2	LOAD	20.418	4.115
2026-09-27T13:52:49.099Z	spark1	LOAD	21.907	6.751
2026-09-27T13:52:49.316Z	spark2	LOAD	20.418	4.115
2026-09-27T13:52:49.350Z	spark1	LOAD	21.848	6.751
2026-09-27T13:52:49.581Z	spark2	LOAD	20.418	4.115
2026-09-27T13:52:49.600Z	spark1	LOAD	21.817	6.751
2026-09-27T13:52:49.832Z	spark2	LOAD	20.418	4.115
2026-09-27T13:52:49.850Z	spark1	LOAD	21.778	6.751
2026-09-27T13:52:50.083Z	spark2	LOAD	20.420	4.115
2026-09-27T13:52:50.112Z	spark1	LOAD	21.741	6.751
2026-09-27T13:52:50.334Z	spark2	LOAD	20.420	4.115
2026-09-27T13:52:50.363Z	spark1	LOAD	21.709	6.751
2026-09-27T13:52:50.599Z	spark2	LOAD	20.420	4.115
2026-09-27T13:52:50.613Z	spark1	LOAD	21.671	6.751
2026-09-27T13:52:50.849Z	spark2	LOAD	20.420	4.115
2026-09-27T13:52:50.863Z	spark1	LOAD	21.629	6.751
2026-09-27T13:52:51.100Z	spark2	LOAD	20.420	4.115
2026-09-27T13:52:51.129Z	spark1	LOAD	21.588	6.751
2026-09-27T13:52:51.350Z	spark2	LOAD	20.421	4.115
2026-09-27T13:52:51.380Z	spark1	LOAD	21.522	6.751
2026-09-27T13:52:51.611Z	spark2	LOAD	20.421	4.115
2026-09-27T13:52:51.630Z	spark1	LOAD	21.574	6.751
2026-09-27T13:52:51.862Z	spark2	LOAD	20.421	4.115
2026-09-27T13:52:51.880Z	spark1	LOAD	21.530	6.751
2026-09-27T13:52:52.113Z	spark2	LOAD	20.421	4.115
2026-09-27T13:52:52.146Z	spark1	LOAD	21.493	6.751
2026-09-27T13:52:52.363Z	spark2	LOAD	20.421	4.115
2026-09-27T13:52:52.397Z	spark1	LOAD	21.454	6.751
2026-09-27T13:52:52.628Z	spark2	LOAD	20.421	4.115
2026-09-27T13:52:52.647Z	spark1	LOAD	21.402	6.752
2026-09-27T13:52:52.879Z	spark2	LOAD	20.421	4.115
2026-09-27T13:52:52.897Z	spark1	LOAD	21.367	6.754
2026-09-27T13:52:53.129Z	spark2	LOAD	20.421	4.115
2026-09-27T13:52:53.165Z	spark1	LOAD	21.324	6.754
2026-09-27T13:52:53.380Z	spark2	LOAD	20.421	4.115
2026-09-27T13:52:53.416Z	spark1	LOAD	21.235	6.754
2026-09-27T13:52:53.640Z	spark2	LOAD	20.421	4.115
2026-09-27T13:52:53.666Z	spark1	LOAD	21.206	6.754
2026-09-27T13:52:53.891Z	spark2	LOAD	20.421	4.115
2026-09-27T13:52:53.916Z	spark1	LOAD	21.167	6.754
2026-09-27T13:52:54.141Z	spark2	LOAD	20.421	4.115
2026-09-27T13:52:54.183Z	spark1	LOAD	21.131	6.753
2026-09-27T13:52:54.392Z	spark2	LOAD	20.421	4.115
2026-09-27T13:52:54.433Z	spark1	LOAD	21.094	6.753
2026-09-27T13:52:54.656Z	spark2	LOAD	20.421	4.115
2026-09-27T13:52:54.684Z	spark1	LOAD	21.059	6.753
2026-09-27T13:52:54.908Z	spark2	LOAD	20.421	4.115
2026-09-27T13:52:54.934Z	spark1	LOAD	21.020	6.753
2026-09-27T13:52:55.158Z	spark2	LOAD	20.421	4.115
2026-09-27T13:52:55.200Z	spark1	LOAD	20.980	6.753
2026-09-27T13:52:55.409Z	spark2	LOAD	20.421	4.115
2026-09-27T13:52:55.450Z	spark1	LOAD	20.918	6.753
2026-09-27T13:52:55.669Z	spark2	LOAD	20.421	4.115
2026-09-27T13:52:55.701Z	spark1	LOAD	20.879	6.753
2026-09-27T13:52:55.920Z	spark2	LOAD	20.421	4.115
2026-09-27T13:52:55.951Z	spark1	LOAD	20.838	6.754
2026-09-27T13:52:56.170Z	spark2	LOAD	20.421	4.115
2026-09-27T13:52:56.213Z	spark1	LOAD	20.798	6.754
2026-09-27T13:52:56.421Z	spark2	LOAD	20.421	4.115
2026-09-27T13:52:56.463Z	spark1	LOAD	20.757	6.754
2026-09-27T13:52:56.682Z	spark2	LOAD	20.421	4.115
2026-09-27T13:52:56.714Z	spark1	LOAD	20.717	6.754
2026-09-27T13:52:56.934Z	spark2	LOAD	20.421	4.115
2026-09-27T13:52:56.964Z	spark1	LOAD	20.683	6.754
2026-09-27T13:52:57.184Z	spark2	LOAD	20.421	4.115
2026-09-27T13:52:57.226Z	spark1	LOAD	20.637	6.754
2026-09-27T13:52:57.435Z	spark2	LOAD	20.421	4.115
2026-09-27T13:52:57.476Z	spark1	LOAD	20.537	6.754
2026-09-27T13:52:57.696Z	spark2	LOAD	20.421	4.115
2026-09-27T13:52:57.726Z	spark1	LOAD	20.488	6.754
2026-09-27T13:52:57.946Z	spark2	LOAD	20.420	4.115
2026-09-27T13:52:57.977Z	spark1	LOAD	20.475	6.754
2026-09-27T13:52:58.196Z	spark2	LOAD	20.396	4.115
2026-09-27T13:52:58.239Z	spark1	LOAD	20.433	6.754
2026-09-27T13:52:58.448Z	spark2	LOAD	20.402	4.115
2026-09-27T13:52:58.489Z	spark1	LOAD	20.377	6.754
2026-09-27T13:52:58.709Z	spark2	LOAD	20.402	4.115
2026-09-27T13:52:58.739Z	spark1	LOAD	20.350	6.754
2026-09-27T13:52:58.960Z	spark2	LOAD	20.402	4.115
2026-09-27T13:52:58.989Z	spark1	LOAD	20.324	6.754
2026-09-27T13:52:59.211Z	spark2	LOAD	20.402	4.115
2026-09-27T13:52:59.251Z	spark1	LOAD	20.290	6.754
2026-09-27T13:52:59.462Z	spark2	LOAD	20.402	4.115
2026-09-27T13:52:59.501Z	spark1	LOAD	20.258	6.754
2026-09-27T13:52:59.723Z	spark2	LOAD	20.402	4.115
2026-09-27T13:52:59.752Z	spark1	LOAD	20.226	6.755
2026-09-27T13:52:59.974Z	spark2	LOAD	20.403	4.115
2026-09-27T13:53:00.003Z	spark1	LOAD	20.195	6.755
2026-09-27T13:53:00.224Z	spark2	LOAD	20.403	4.115
2026-09-27T13:53:00.265Z	spark1	LOAD	20.205	6.755
2026-09-27T13:53:00.475Z	spark2	LOAD	20.403	4.115
2026-09-27T13:53:00.516Z	spark1	LOAD	20.163	6.755
2026-09-27T13:53:00.741Z	spark2	LOAD	20.402	4.115
2026-09-27T13:53:00.766Z	spark1	LOAD	20.130	6.755
2026-09-27T13:53:00.991Z	spark2	LOAD	20.403	4.115
2026-09-27T13:53:01.016Z	spark1	LOAD	20.094	6.755
2026-09-27T13:53:01.242Z	spark2	LOAD	20.403	4.115
2026-09-27T13:53:01.282Z	spark1	LOAD	20.054	6.755
2026-09-27T13:53:01.492Z	spark2	LOAD	20.403	4.115
2026-09-27T13:53:01.533Z	spark1	LOAD	20.020	6.755
2026-09-27T13:53:01.757Z	spark2	LOAD	20.403	4.115
2026-09-27T13:53:01.784Z	spark1	LOAD	19.967	6.755
2026-09-27T13:53:02.008Z	spark2	LOAD	20.413	4.115
2026-09-27T13:53:02.034Z	spark1	LOAD	19.929	6.755
2026-09-27T13:53:02.259Z	spark2	LOAD	20.413	4.115
2026-09-27T13:53:02.300Z	spark1	LOAD	19.889	6.755
2026-09-27T13:53:02.511Z	spark2	LOAD	20.413	4.115
2026-09-27T13:53:02.550Z	spark1	LOAD	19.851	6.755
2026-09-27T13:53:02.771Z	spark2	LOAD	20.413	4.115
2026-09-27T13:53:02.801Z	spark1	LOAD	19.819	6.755
2026-09-27T13:53:03.021Z	spark2	LOAD	20.413	4.115
2026-09-27T13:53:03.051Z	spark1	LOAD	19.810	6.756
2026-09-27T13:53:03.272Z	spark2	LOAD	20.413	4.115
2026-09-27T13:53:03.318Z	spark1	LOAD	19.759	6.756
2026-09-27T13:53:03.523Z	spark2	LOAD	20.413	4.115
2026-09-27T13:53:03.568Z	spark1	LOAD	19.708	6.756
2026-09-27T13:53:03.787Z	spark2	LOAD	20.413	4.115
2026-09-27T13:53:03.818Z	spark1	LOAD	19.688	6.756
2026-09-27T13:53:04.038Z	spark2	LOAD	20.413	4.115
2026-09-27T13:53:04.069Z	spark1	LOAD	19.655	6.756
2026-09-27T13:53:04.290Z	spark2	LOAD	20.414	4.115
2026-09-27T13:53:04.330Z	spark1	LOAD	20.798	6.756
2026-09-27T13:53:04.540Z	spark2	LOAD	20.414	4.115
2026-09-27T13:53:04.580Z	spark1	LOAD	22.585	6.756
2026-09-27T13:53:04.800Z	spark2	LOAD	20.414	4.115
2026-09-27T13:53:04.831Z	spark1	LOAD	22.819	6.756
2026-09-27T13:53:05.050Z	spark2	LOAD	20.414	4.115
2026-09-27T13:53:05.081Z	spark1	LOAD	22.782	6.756
2026-09-27T13:53:05.301Z	spark2	LOAD	20.414	4.115
2026-09-27T13:53:05.347Z	spark1	LOAD	22.748	6.756
2026-09-27T13:53:05.552Z	spark2	LOAD	20.414	4.115
2026-09-27T13:53:05.597Z	spark1	LOAD	22.713	6.756
2026-09-27T13:53:05.813Z	spark2	LOAD	20.414	4.115
2026-09-27T13:53:05.848Z	spark1	LOAD	22.662	6.756
2026-09-27T13:53:06.064Z	spark2	LOAD	20.414	4.115
2026-09-27T13:53:06.098Z	spark1	LOAD	22.634	6.756
2026-09-27T13:53:06.314Z	spark2	LOAD	20.414	4.115
2026-09-27T13:53:06.360Z	spark1	LOAD	22.598	6.756
2026-09-27T13:53:06.564Z	spark2	LOAD	20.414	4.115
2026-09-27T13:53:06.610Z	spark1	LOAD	22.555	6.755
2026-09-27T13:53:06.825Z	spark2	LOAD	20.414	4.115
2026-09-27T13:53:06.860Z	spark1	LOAD	22.518	6.755
2026-09-27T13:53:07.077Z	spark2	LOAD	20.414	4.115
2026-09-27T13:53:07.111Z	spark1	LOAD	22.477	6.755
2026-09-27T13:53:07.328Z	spark2	LOAD	20.414	4.115
2026-09-27T13:53:07.372Z	spark1	LOAD	22.437	6.755
2026-09-27T13:53:07.578Z	spark2	LOAD	20.414	4.115
2026-09-27T13:53:07.622Z	spark1	LOAD	22.400	6.755
2026-09-27T13:53:07.843Z	spark2	LOAD	20.414	4.115
2026-09-27T13:53:07.872Z	spark1	LOAD	22.336	6.755
2026-09-27T13:53:08.093Z	spark2	LOAD	20.413	4.115
2026-09-27T13:53:08.122Z	spark1	LOAD	22.301	6.755
2026-09-27T13:53:08.344Z	spark2	LOAD	20.413	4.115
2026-09-27T13:53:08.388Z	spark1	LOAD	22.213	6.755
2026-09-27T13:53:08.595Z	spark2	LOAD	20.413	4.115
2026-09-27T13:53:08.638Z	spark1	LOAD	22.169	6.754
2026-09-27T13:53:08.854Z	spark2	LOAD	20.412	4.115
2026-09-27T13:53:08.889Z	spark1	LOAD	22.139	6.754
2026-09-27T13:53:09.105Z	spark2	LOAD	20.409	4.115
2026-09-27T13:53:09.139Z	spark1	LOAD	22.104	6.754
2026-09-27T13:53:09.356Z	spark2	LOAD	20.415	4.115
2026-09-27T13:53:09.406Z	spark1	LOAD	22.058	6.754
2026-09-27T13:53:09.606Z	spark2	LOAD	20.415	4.115
2026-09-27T13:53:09.656Z	spark1	LOAD	22.026	6.754
2026-09-27T13:53:09.868Z	spark2	LOAD	20.415	4.115
2026-09-27T13:53:09.906Z	spark1	LOAD	21.966	6.754
2026-09-27T13:53:10.118Z	spark2	LOAD	20.415	4.115
2026-09-27T13:53:10.156Z	spark1	LOAD	21.936	6.754
2026-09-27T13:53:10.369Z	spark2	LOAD	20.415	4.115
2026-09-27T13:53:10.415Z	spark1	LOAD	21.894	6.754
2026-09-27T13:53:10.620Z	spark2	LOAD	20.415	4.115
2026-09-27T13:53:10.666Z	spark1	LOAD	21.861	6.754
2026-09-27T13:53:10.885Z	spark2	LOAD	20.415	4.115
2026-09-27T13:53:10.916Z	spark1	LOAD	21.827	6.754
2026-09-27T13:53:11.136Z	spark2	LOAD	20.417	4.115
2026-09-27T13:53:11.166Z	spark1	LOAD	21.793	6.754
2026-09-27T13:53:11.386Z	spark2	LOAD	20.417	4.115
2026-09-27T13:53:11.432Z	spark1	LOAD	21.751	6.754
2026-09-27T13:53:11.637Z	spark2	LOAD	20.417	4.115
2026-09-27T13:53:11.682Z	spark1	LOAD	21.716	6.754
2026-09-27T13:53:11.902Z	spark2	LOAD	20.417	4.115
2026-09-27T13:53:11.933Z	spark1	LOAD	21.663	6.754
2026-09-27T13:53:12.153Z	spark2	LOAD	20.418	4.115
2026-09-27T13:53:12.183Z	spark1	LOAD	21.625	6.754
2026-09-27T13:53:12.403Z	spark2	LOAD	20.418	4.115
2026-09-27T13:53:12.450Z	spark1	LOAD	21.601	6.754
2026-09-27T13:53:12.655Z	spark2	LOAD	20.418	4.115
2026-09-27T13:53:12.700Z	spark1	LOAD	21.554	6.754
2026-09-27T13:53:12.921Z	spark2	LOAD	20.418	4.115
2026-09-27T13:53:12.951Z	spark1	LOAD	21.502	6.754
2026-09-27T13:53:13.171Z	spark2	LOAD	20.418	4.115
2026-09-27T13:53:13.201Z	spark1	LOAD	21.450	6.754
2026-09-27T13:53:13.422Z	spark2	LOAD	20.418	4.115
2026-09-27T13:53:13.467Z	spark1	LOAD	21.390	6.754
2026-09-27T13:53:13.673Z	spark2	LOAD	20.418	4.115
2026-09-27T13:53:13.717Z	spark1	LOAD	21.345	6.754
2026-09-27T13:53:13.933Z	spark2	LOAD	20.418	4.115
2026-09-27T13:53:13.967Z	spark1	LOAD	21.275	6.754
2026-09-27T13:53:14.184Z	spark2	LOAD	20.418	4.115
2026-09-27T13:53:14.217Z	spark1	LOAD	21.257	6.755
2026-09-27T13:53:14.435Z	spark2	LOAD	20.418	4.115
2026-09-27T13:53:14.478Z	spark1	LOAD	21.193	6.755
2026-09-27T13:53:14.685Z	spark2	LOAD	20.418	4.115
2026-09-27T13:53:14.729Z	spark1	LOAD	21.143	6.755
2026-09-27T13:53:14.945Z	spark2	LOAD	20.418	4.115
2026-09-27T13:53:14.979Z	spark1	LOAD	21.120	6.755
2026-09-27T13:53:15.196Z	spark2	LOAD	20.418	4.115
2026-09-27T13:53:15.229Z	spark1	LOAD	21.099	6.755
2026-09-27T13:53:15.447Z	spark2	LOAD	20.418	4.115
2026-09-27T13:53:15.495Z	spark1	LOAD	21.055	6.755
2026-09-27T13:53:15.698Z	spark2	LOAD	20.418	4.115
2026-09-27T13:53:15.745Z	spark1	LOAD	21.008	6.755
2026-09-27T13:53:15.963Z	spark2	LOAD	20.418	4.115
2026-09-27T13:53:15.996Z	spark1	LOAD	20.942	6.756
2026-09-27T13:53:16.215Z	spark2	LOAD	20.418	4.115
2026-09-27T13:53:16.246Z	spark1	LOAD	20.899	6.756
2026-09-27T13:53:16.465Z	spark2	LOAD	20.418	4.115
2026-09-27T13:53:16.508Z	spark1	LOAD	20.855	6.756
2026-09-27T13:53:16.715Z	spark2	LOAD	20.418	4.115
2026-09-27T13:53:16.758Z	spark1	LOAD	20.846	6.757
2026-09-27T13:53:16.976Z	spark2	LOAD	20.419	4.115
2026-09-27T13:53:17.009Z	spark1	LOAD	20.800	6.757
2026-09-27T13:53:17.226Z	spark2	LOAD	20.419	4.115
2026-09-27T13:53:17.259Z	spark1	LOAD	20.764	6.757
2026-09-27T13:53:17.477Z	spark2	LOAD	20.419	4.115
2026-09-27T13:53:17.526Z	spark1	LOAD	20.718	6.756
2026-09-27T13:53:17.729Z	spark2	LOAD	20.419	4.115
2026-09-27T13:53:17.776Z	spark1	LOAD	20.685	6.756
2026-09-27T13:53:17.994Z	spark2	LOAD	20.420	4.115
2026-09-27T13:53:18.026Z	spark1	LOAD	20.650	6.756
2026-09-27T13:53:18.245Z	spark2	LOAD	20.420	4.115
2026-09-27T13:53:18.276Z	spark1	LOAD	20.601	6.756
2026-09-27T13:53:18.495Z	spark2	LOAD	20.420	4.115
2026-09-27T13:53:18.543Z	spark1	LOAD	20.577	6.757
2026-09-27T13:53:18.746Z	spark2	LOAD	20.420	4.115
2026-09-27T13:53:18.793Z	spark1	LOAD	20.545	6.757
2026-09-27T13:53:19.006Z	spark2	LOAD	20.420	4.115
2026-09-27T13:53:19.043Z	spark1	LOAD	20.534	6.757
2026-09-27T13:53:19.256Z	spark2	LOAD	20.420	4.115
2026-09-27T13:53:19.294Z	spark1	LOAD	20.482	6.757
2026-09-27T13:53:19.507Z	spark2	LOAD	20.420	4.115
2026-09-27T13:53:19.560Z	spark1	LOAD	20.415	6.757
2026-09-27T13:53:19.758Z	spark2	LOAD	20.419	4.114
2026-09-27T13:53:19.810Z	spark1	LOAD	20.395	6.758
2026-09-27T13:53:20.018Z	spark2	LOAD	20.407	4.114
2026-09-27T13:53:20.060Z	spark1	LOAD	20.361	6.758
2026-09-27T13:53:20.269Z	spark2	LOAD	20.420	4.114
2026-09-27T13:53:20.311Z	spark1	LOAD	20.278	6.758
2026-09-27T13:53:20.520Z	spark2	LOAD	20.420	4.114
2026-09-27T13:53:20.578Z	spark1	LOAD	20.261	6.758
2026-09-27T13:53:20.771Z	spark2	LOAD	20.420	4.114
2026-09-27T13:53:20.828Z	spark1	LOAD	20.238	6.758
2026-09-27T13:53:21.036Z	spark2	LOAD	20.420	4.114
2026-09-27T13:53:21.079Z	spark1	LOAD	20.209	6.758
2026-09-27T13:53:21.286Z	spark2	LOAD	20.420	4.114
2026-09-27T13:53:21.329Z	spark1	LOAD	20.183	6.758
2026-09-27T13:53:21.537Z	spark2	LOAD	20.420	4.114
2026-09-27T13:53:21.595Z	spark1	LOAD	20.151	6.758
2026-09-27T13:53:21.786Z	spark2	LOAD	20.420	4.114
2026-09-27T13:53:21.845Z	spark1	LOAD	20.114	6.758
2026-09-27T13:53:22.047Z	spark2	LOAD	20.420	4.114
2026-09-27T13:53:22.096Z	spark1	LOAD	20.079	6.757
2026-09-27T13:53:22.298Z	spark2	LOAD	20.420	4.114
2026-09-27T13:53:22.346Z	spark1	LOAD	20.015	6.757
2026-09-27T13:53:22.548Z	spark2	LOAD	20.422	4.114
2026-09-27T13:53:22.614Z	spark1	LOAD	19.984	6.757
2026-09-27T13:53:22.798Z	spark2	LOAD	20.423	4.114
2026-09-27T13:53:22.864Z	spark1	LOAD	19.954	6.757
2026-09-27T13:53:23.059Z	spark2	LOAD	20.423	4.114
2026-09-27T13:53:23.115Z	spark1	LOAD	19.924	6.757
2026-09-27T13:53:23.309Z	spark2	LOAD	20.423	4.114
2026-09-27T13:53:23.366Z	spark1	LOAD	19.894	6.757
2026-09-27T13:53:23.560Z	spark2	LOAD	20.423	4.114
2026-09-27T13:53:23.627Z	spark1	LOAD	19.850	6.757
2026-09-27T13:53:23.810Z	spark2	LOAD	20.423	4.114
2026-09-27T13:53:23.877Z	spark1	LOAD	19.819	6.757
2026-09-27T13:53:24.076Z	spark2	LOAD	20.423	4.114
2026-09-27T13:53:24.128Z	spark1	LOAD	19.789	6.757
2026-09-27T13:53:24.327Z	spark2	LOAD	20.423	4.114
2026-09-27T13:53:24.378Z	spark1	LOAD	19.798	6.757
2026-09-27T13:53:24.576Z	spark2	LOAD	20.423	4.114
2026-09-27T13:53:24.640Z	spark1	LOAD	19.761	6.757
2026-09-27T13:53:24.827Z	spark2	LOAD	20.423	4.114
2026-09-27T13:53:24.890Z	spark1	LOAD	19.723	6.757
2026-09-27T13:53:25.092Z	spark2	LOAD	20.423	4.114
2026-09-27T13:53:25.140Z	spark1	LOAD	19.689	6.757
2026-09-27T13:53:25.343Z	spark2	LOAD	20.422	4.114
2026-09-27T13:53:25.391Z	spark1	LOAD	19.626	6.757
2026-09-27T13:53:25.593Z	spark2	LOAD	20.422	4.114
2026-09-27T13:53:25.653Z	spark1	LOAD	19.588	6.757
2026-09-27T13:53:25.844Z	spark2	LOAD	20.422	4.114
2026-09-27T13:53:25.903Z	spark1	LOAD	19.554	6.757
2026-09-27T13:53:26.108Z	spark2	LOAD	20.422	4.114
2026-09-27T13:53:26.153Z	spark1	LOAD	19.528	6.758
2026-09-27T13:53:26.359Z	spark2	LOAD	20.422	4.114
2026-09-27T13:53:26.404Z	spark1	LOAD	19.468	6.757
2026-09-27T13:53:26.610Z	spark2	LOAD	20.422	4.114
2026-09-27T13:53:26.665Z	spark1	LOAD	19.429	6.757
2026-09-27T13:53:26.861Z	spark2	LOAD	20.422	4.114
2026-09-27T13:53:26.916Z	spark1	LOAD	19.411	6.757
2026-09-27T13:53:27.127Z	spark2	LOAD	20.422	4.114
2026-09-27T13:53:27.166Z	spark1	LOAD	20.587	6.757
2026-09-27T13:53:27.378Z	spark2	LOAD	20.422	4.114
2026-09-27T13:53:27.417Z	spark1	LOAD	22.101	6.757
2026-09-27T13:53:27.629Z	spark2	LOAD	20.422	4.114
2026-09-27T13:53:27.684Z	spark1	LOAD	22.686	6.757
2026-09-27T13:53:27.879Z	spark2	LOAD	20.422	4.114
2026-09-27T13:53:27.935Z	spark1	LOAD	22.654	6.757
2026-09-27T13:53:28.140Z	spark2	LOAD	20.422	4.114
2026-09-27T13:53:28.185Z	spark1	LOAD	22.622	6.757
2026-09-27T13:53:28.391Z	spark2	LOAD	20.422	4.114
2026-09-27T13:53:28.435Z	spark1	LOAD	22.552	6.757
2026-09-27T13:53:28.641Z	spark2	LOAD	20.422	4.114
2026-09-27T13:53:28.698Z	spark1	LOAD	22.511	6.757
2026-09-27T13:53:28.892Z	spark2	LOAD	20.422	4.114
2026-09-27T13:53:28.949Z	spark1	LOAD	22.478	6.756
2026-09-27T13:53:29.156Z	spark2	LOAD	20.422	4.114
2026-09-27T13:53:29.199Z	spark1	LOAD	22.446	6.755
2026-09-27T13:53:29.407Z	spark2	LOAD	20.422	4.114
2026-09-27T13:53:29.449Z	spark1	LOAD	22.422	6.754
2026-09-27T13:53:29.658Z	spark2	LOAD	20.422	4.114
2026-09-27T13:53:29.712Z	spark1	LOAD	22.383	6.754
2026-09-27T13:53:29.908Z	spark2	LOAD	20.422	4.114
2026-09-27T13:53:29.962Z	spark1	LOAD	22.346	6.754
2026-09-27T13:53:30.173Z	spark2	LOAD	20.422	4.114
2026-09-27T13:53:30.212Z	spark1	LOAD	22.294	6.754
2026-09-27T13:53:30.423Z	spark2	LOAD	20.422	4.114
2026-09-27T13:53:30.463Z	spark1	LOAD	22.222	6.753
2026-09-27T13:53:30.674Z	spark2	LOAD	20.422	4.114
2026-09-27T13:53:30.729Z	spark1	LOAD	22.192	6.753
2026-09-27T13:53:30.923Z	spark2	LOAD	20.413	4.114
2026-09-27T13:53:30.979Z	spark1	LOAD	22.162	6.753
2026-09-27T13:53:31.188Z	spark2	LOAD	20.417	4.114
2026-09-27T13:53:31.229Z	spark1	LOAD	22.105	6.753
2026-09-27T13:53:31.439Z	spark2	LOAD	20.417	4.114
2026-09-27T13:53:31.480Z	spark1	LOAD	22.075	6.753
2026-09-27T13:53:31.690Z	spark2	LOAD	20.417	4.114
2026-09-27T13:53:31.746Z	spark1	LOAD	22.074	6.753
2026-09-27T13:53:31.941Z	spark2	LOAD	20.417	4.114
2026-09-27T13:53:31.997Z	spark1	LOAD	22.039	6.753
2026-09-27T13:53:32.201Z	spark2	LOAD	20.417	4.114
2026-09-27T13:53:32.247Z	spark1	LOAD	22.011	6.753
2026-09-27T13:53:32.452Z	spark2	LOAD	20.417	4.114
2026-09-27T13:53:32.497Z	spark1	LOAD	21.962	6.753
2026-09-27T13:53:32.704Z	spark2	LOAD	20.421	4.114
2026-09-27T13:53:32.763Z	spark1	LOAD	21.933	6.753
2026-09-27T13:53:32.954Z	spark2	LOAD	20.421	4.114
2026-09-27T13:53:33.013Z	spark1	LOAD	21.899	6.753
2026-09-27T13:53:33.215Z	spark2	LOAD	20.421	4.114
2026-09-27T13:53:33.264Z	spark1	LOAD	21.864	6.753
2026-09-27T13:53:33.465Z	spark2	LOAD	20.421	4.114
2026-09-27T13:53:33.514Z	spark1	LOAD	21.818	6.753
2026-09-27T13:53:33.716Z	spark2	LOAD	20.421	4.114
2026-09-27T13:53:33.783Z	spark1	LOAD	21.779	6.753
2026-09-27T13:53:33.967Z	spark2	LOAD	20.421	4.114
2026-09-27T13:53:34.033Z	spark1	LOAD	21.740	6.753
2026-09-27T13:53:34.228Z	spark2	LOAD	20.422	4.114
2026-09-27T13:53:34.283Z	spark1	LOAD	21.689	6.752
2026-09-27T13:53:34.479Z	spark2	LOAD	20.422	4.114
2026-09-27T13:53:34.534Z	spark1	LOAD	21.618	6.751
2026-09-27T13:53:34.730Z	spark2	LOAD	20.422	4.114
2026-09-27T13:53:34.800Z	spark1	LOAD	21.571	6.745
2026-09-27T13:53:34.980Z	spark2	LOAD	20.423	4.114
2026-09-27T13:53:35.050Z	spark1	LOAD	21.507	6.720
2026-09-27T13:53:35.245Z	spark2	LOAD	20.423	4.114
2026-09-27T13:53:35.300Z	spark1	LOAD	21.444	6.712
2026-09-27T13:53:35.495Z	spark2	LOAD	20.423	4.114
2026-09-27T13:53:35.550Z	spark1	LOAD	21.387	6.710
2026-09-27T13:53:35.746Z	spark2	LOAD	20.423	4.114
2026-09-27T13:53:35.817Z	spark1	LOAD	21.305	6.698
2026-09-27T13:53:35.997Z	spark2	LOAD	20.423	4.114
2026-09-27T13:53:36.067Z	spark1	LOAD	21.248	6.695
2026-09-27T13:53:36.258Z	spark2	LOAD	20.423	4.114
2026-09-27T13:53:36.317Z	spark1	LOAD	21.159	6.695
2026-09-27T13:53:36.509Z	spark2	LOAD	20.423	4.114
2026-09-27T13:53:36.568Z	spark1	LOAD	21.138	6.693
2026-09-27T13:53:36.760Z	spark2	LOAD	20.423	4.114
2026-09-27T13:53:36.829Z	spark1	LOAD	21.172	6.693
2026-09-27T13:53:37.011Z	spark2	LOAD	20.423	4.114
2026-09-27T13:53:37.079Z	spark1	LOAD	21.156	6.693
2026-09-27T13:53:37.272Z	spark2	LOAD	20.423	4.114
2026-09-27T13:53:37.329Z	spark1	LOAD	21.115	6.693
2026-09-27T13:53:37.523Z	spark2	LOAD	20.423	4.114
2026-09-27T13:53:37.579Z	spark1	LOAD	21.074	6.693
2026-09-27T13:53:37.774Z	spark2	LOAD	20.423	4.114
2026-09-27T13:53:37.843Z	spark1	LOAD	21.027	6.693
2026-09-27T13:53:38.025Z	spark2	LOAD	20.423	4.114
2026-09-27T13:53:38.094Z	spark1	LOAD	20.985	6.693
2026-09-27T13:53:38.290Z	spark2	LOAD	20.423	4.114
2026-09-27T13:53:38.344Z	spark1	LOAD	20.941	6.693
2026-09-27T13:53:38.541Z	spark2	LOAD	20.423	4.114
2026-09-27T13:53:38.594Z	spark1	LOAD	20.885	6.693
2026-09-27T13:53:38.792Z	spark2	LOAD	20.423	4.114
2026-09-27T13:53:38.861Z	spark1	LOAD	20.828	6.693
2026-09-27T13:53:39.042Z	spark2	LOAD	20.423	4.114
2026-09-27T13:53:39.111Z	spark1	LOAD	20.796	6.693
2026-09-27T13:53:39.307Z	spark2	LOAD	20.423	4.114
2026-09-27T13:53:39.362Z	spark1	LOAD	20.763	6.693
2026-09-27T13:53:39.558Z	spark2	LOAD	20.423	4.114
2026-09-27T13:53:39.612Z	spark1	LOAD	20.725	6.693
2026-09-27T13:53:39.809Z	spark2	LOAD	20.423	4.114
2026-09-27T13:53:39.874Z	spark1	LOAD	20.685	6.693
2026-09-27T13:53:40.059Z	spark2	LOAD	20.423	4.114
2026-09-27T13:53:40.125Z	spark1	LOAD	20.649	6.693
2026-09-27T13:53:40.324Z	spark2	LOAD	20.423	4.114
2026-09-27T13:53:40.375Z	spark1	LOAD	20.617	6.693
2026-09-27T13:53:40.575Z	spark2	LOAD	20.423	4.114
2026-09-27T13:53:40.625Z	spark1	LOAD	20.579	6.693
2026-09-27T13:53:40.826Z	spark2	LOAD	20.423	4.114
2026-09-27T13:53:40.892Z	spark1	LOAD	20.499	6.693
2026-09-27T13:53:41.077Z	spark2	LOAD	20.423	4.114
2026-09-27T13:53:41.142Z	spark1	LOAD	20.450	6.693
2026-09-27T13:53:41.337Z	spark2	LOAD	20.423	4.114
2026-09-27T13:53:41.392Z	spark1	LOAD	20.492	6.692
2026-09-27T13:53:41.587Z	spark2	LOAD	20.423	4.114
2026-09-27T13:53:41.643Z	spark1	LOAD	20.447	6.692
2026-09-27T13:53:41.838Z	spark2	LOAD	20.407	4.114
2026-09-27T13:53:41.909Z	spark1	LOAD	20.402	6.692
2026-09-27T13:53:42.089Z	spark2	LOAD	20.430	4.114
2026-09-27T13:53:42.159Z	spark1	LOAD	20.299	6.692
2026-09-27T13:53:42.351Z	spark2	LOAD	20.430	4.114
2026-09-27T13:53:42.409Z	spark1	LOAD	19.849	6.692
2026-09-27T13:53:42.602Z	spark2	LOAD	20.430	4.114
2026-09-27T13:53:42.660Z	spark1	LOAD	19.753	6.692
2026-09-27T13:53:42.853Z	spark2	LOAD	20.430	4.114
2026-09-27T13:53:42.926Z	spark1	LOAD	20.257	6.692
2026-09-27T13:53:43.103Z	spark2	LOAD	20.430	4.114
2026-09-27T13:53:43.176Z	spark1	LOAD	20.226	6.692
2026-09-27T13:53:43.364Z	spark2	LOAD	20.430	4.114
2026-09-27T13:53:43.427Z	spark1	LOAD	20.184	6.692
2026-09-27T13:53:43.615Z	spark2	LOAD	20.430	4.114
2026-09-27T13:53:43.677Z	spark1	LOAD	20.132	6.692
2026-09-27T13:53:43.866Z	spark2	LOAD	20.430	4.114
2026-09-27T13:53:43.940Z	spark1	LOAD	20.109	6.693
2026-09-27T13:53:44.117Z	spark2	LOAD	20.430	4.114
2026-09-27T13:53:44.190Z	spark1	LOAD	20.057	6.693
2026-09-27T13:53:44.378Z	spark2	LOAD	20.430	4.114
2026-09-27T13:53:44.440Z	spark1	LOAD	20.017	6.693
2026-09-27T13:53:44.629Z	spark2	LOAD	20.430	4.114
2026-09-27T13:53:44.691Z	spark1	LOAD	19.949	6.693
2026-09-27T13:53:44.880Z	spark2	LOAD	20.430	4.114
2026-09-27T13:53:44.959Z	spark1	LOAD	19.915	6.693
2026-09-27T13:53:45.130Z	spark2	LOAD	20.430	4.114
2026-09-27T13:53:45.209Z	spark1	LOAD	19.878	6.693
2026-09-27T13:53:45.395Z	spark2	LOAD	20.429	4.114
2026-09-27T13:53:45.460Z	spark1	LOAD	19.839	6.693
2026-09-27T13:53:45.646Z	spark2	LOAD	20.429	4.114
2026-09-27T13:53:45.710Z	spark1	LOAD	19.799	6.693
2026-09-27T13:53:45.897Z	spark2	LOAD	20.429	4.114
2026-09-27T13:53:45.976Z	spark1	LOAD	19.766	6.693
2026-09-27T13:53:46.148Z	spark2	LOAD	20.429	4.114
2026-09-27T13:53:46.226Z	spark1	LOAD	19.735	6.693
2026-09-27T13:53:46.410Z	spark2	LOAD	20.429	4.114
2026-09-27T13:53:46.477Z	spark1	LOAD	19.703	6.693
2026-09-27T13:53:46.660Z	spark2	LOAD	20.429	4.114
2026-09-27T13:53:46.727Z	spark1	LOAD	19.663	6.693
2026-09-27T13:53:46.910Z	spark2	LOAD	20.429	4.114
2026-09-27T13:53:46.994Z	spark1	LOAD	19.634	6.693
2026-09-27T13:53:47.161Z	spark2	LOAD	20.429	4.114
2026-09-27T13:53:47.244Z	spark1	LOAD	19.588	6.693
2026-09-27T13:53:47.422Z	spark2	LOAD	20.429	4.114
2026-09-27T13:53:47.494Z	spark1	LOAD	19.551	6.693
2026-09-27T13:53:47.673Z	spark2	LOAD	20.429	4.114
2026-09-27T13:53:47.745Z	spark1	LOAD	19.516	6.693
2026-09-27T13:53:47.925Z	spark2	LOAD	20.429	4.114
2026-09-27T13:53:48.007Z	spark1	LOAD	19.484	6.694
2026-09-27T13:53:48.175Z	spark2	LOAD	20.429	4.114
2026-09-27T13:53:48.258Z	spark1	LOAD	19.443	6.694
2026-09-27T13:53:48.435Z	spark2	LOAD	20.429	4.114
2026-09-27T13:53:48.508Z	spark1	LOAD	19.401	6.694
2026-09-27T13:53:48.686Z	spark2	LOAD	20.429	4.114
2026-09-27T13:53:48.759Z	spark1	LOAD	20.626	6.694
2026-09-27T13:53:48.936Z	spark2	LOAD	20.429	4.114
2026-09-27T13:53:49.021Z	spark1	LOAD	22.283	6.694
2026-09-27T13:53:49.187Z	spark2	LOAD	20.429	4.114
2026-09-27T13:53:49.271Z	spark1	LOAD	22.565	6.694
2026-09-27T13:53:49.452Z	spark2	LOAD	20.429	4.114
2026-09-27T13:53:49.522Z	spark1	LOAD	22.529	6.694
2026-09-27T13:53:49.703Z	spark2	LOAD	20.429	4.114
2026-09-27T13:53:49.772Z	spark1	LOAD	22.496	6.694
2026-09-27T13:53:49.954Z	spark2	LOAD	20.429	4.114
2026-09-27T13:53:50.040Z	spark1	LOAD	22.458	6.694
2026-09-27T13:53:50.206Z	spark2	LOAD	20.429	4.114
2026-09-27T13:53:50.290Z	spark1	LOAD	22.429	6.694
2026-09-27T13:53:50.466Z	spark2	LOAD	20.429	4.114
2026-09-27T13:53:50.540Z	spark1	LOAD	22.392	6.694
2026-09-27T13:53:50.717Z	spark2	LOAD	20.429	4.114
2026-09-27T13:53:50.791Z	spark1	LOAD	22.353	6.694
2026-09-27T13:53:50.968Z	spark2	LOAD	20.429	4.114
2026-09-27T13:53:51.056Z	spark1	LOAD	22.283	6.694
2026-09-27T13:53:51.218Z	spark2	LOAD	20.429	4.114
2026-09-27T13:53:51.306Z	spark1	LOAD	22.246	6.694
2026-09-27T13:53:51.483Z	spark2	LOAD	20.429	4.114
2026-09-27T13:53:51.557Z	spark1	LOAD	22.212	6.694
2026-09-27T13:53:51.735Z	spark2	LOAD	20.429	4.114
2026-09-27T13:53:51.807Z	spark1	LOAD	22.174	6.694
2026-09-27T13:53:51.986Z	spark2	LOAD	20.429	4.114
2026-09-27T13:53:52.075Z	spark1	LOAD	22.125	6.694
2026-09-27T13:53:52.236Z	spark2	LOAD	20.429	4.114
2026-09-27T13:53:52.325Z	spark1	LOAD	22.055	6.694
2026-09-27T13:53:52.497Z	spark2	LOAD	20.423	4.114
2026-09-27T13:53:52.575Z	spark1	LOAD	22.022	6.694
2026-09-27T13:53:52.747Z	spark2	LOAD	20.410	4.114
2026-09-27T13:53:52.826Z	spark1	LOAD	21.988	6.694
2026-09-27T13:53:52.997Z	spark2	LOAD	20.400	4.114
2026-09-27T13:53:53.092Z	spark1	LOAD	21.918	6.694
2026-09-27T13:53:53.249Z	spark2	LOAD	20.409	4.114
2026-09-27T13:53:53.342Z	spark1	LOAD	21.908	6.694
2026-09-27T13:53:53.509Z	spark2	LOAD	20.409	4.114
2026-09-27T13:53:53.593Z	spark1	LOAD	21.901	6.694
2026-09-27T13:53:53.761Z	spark2	LOAD	20.409	4.114
2026-09-27T13:53:53.843Z	spark1	LOAD	21.864	6.694
2026-09-27T13:53:54.012Z	spark2	LOAD	20.411	4.114
2026-09-27T13:53:54.110Z	spark1	LOAD	21.813	6.694
2026-09-27T13:53:54.263Z	spark2	LOAD	20.411	4.114
2026-09-27T13:53:54.360Z	spark1	LOAD	21.694	6.694
2026-09-27T13:53:54.528Z	spark2	LOAD	20.410	4.114
2026-09-27T13:53:54.610Z	spark1	LOAD	21.625	6.694
2026-09-27T13:53:54.779Z	spark2	LOAD	20.410	4.114
2026-09-27T13:53:54.861Z	spark1	LOAD	21.536	6.694
2026-09-27T13:53:55.030Z	spark2	LOAD	20.413	4.114
2026-09-27T13:53:55.127Z	spark1	LOAD	21.453	6.694
2026-09-27T13:53:55.280Z	spark2	LOAD	20.413	4.114
2026-09-27T13:53:55.378Z	spark1	LOAD	21.381	6.694
2026-09-27T13:53:55.544Z	spark2	LOAD	20.413	4.114
2026-09-27T13:53:55.628Z	spark1	LOAD	21.345	6.694
2026-09-27T13:53:55.796Z	spark2	LOAD	20.413	4.114
2026-09-27T13:53:55.878Z	spark1	LOAD	21.307	6.694
2026-09-27T13:53:56.046Z	spark2	LOAD	20.416	4.114
2026-09-27T13:53:56.145Z	spark1	LOAD	21.256	6.694
2026-09-27T13:53:56.297Z	spark2	LOAD	20.416	4.114
2026-09-27T13:53:56.395Z	spark1	LOAD	21.217	6.694
2026-09-27T13:53:56.558Z	spark2	LOAD	20.416	4.114
2026-09-27T13:53:56.645Z	spark1	LOAD	21.177	6.694
2026-09-27T13:53:56.809Z	spark2	LOAD	20.416	4.114
2026-09-27T13:53:56.896Z	spark1	LOAD	21.135	6.694
2026-09-27T13:53:57.060Z	spark2	LOAD	20.419	4.114
2026-09-27T13:53:57.158Z	spark1	LOAD	21.093	6.694
2026-09-27T13:53:57.311Z	spark2	LOAD	20.419	4.114
2026-09-27T13:53:57.408Z	spark1	LOAD	21.020	6.694
2026-09-27T13:53:57.576Z	spark2	LOAD	20.418	4.114
2026-09-27T13:53:57.659Z	spark1	LOAD	20.984	6.694
2026-09-27T13:53:57.827Z	spark2	LOAD	20.418	4.114
2026-09-27T13:53:57.909Z	spark1	LOAD	20.935	6.694
2026-09-27T13:53:58.078Z	spark2	LOAD	20.419	4.114
2026-09-27T13:53:58.177Z	spark1	LOAD	20.897	6.694
2026-09-27T13:53:58.328Z	spark2	LOAD	20.419	4.114
2026-09-27T13:53:58.428Z	spark1	LOAD	20.858	6.694
2026-09-27T13:53:58.589Z	spark2	LOAD	20.419	4.114
2026-09-27T13:53:58.678Z	spark1	LOAD	20.821	6.694
2026-09-27T13:53:58.841Z	spark2	LOAD	20.419	4.114
2026-09-27T13:53:58.928Z	spark1	LOAD	20.773	6.694
2026-09-27T13:53:59.091Z	spark2	LOAD	20.420	4.114
2026-09-27T13:53:59.191Z	spark1	LOAD	20.843	6.694
2026-09-27T13:53:59.341Z	spark2	LOAD	20.420	4.114
2026-09-27T13:53:59.441Z	spark1	LOAD	20.799	6.694
2026-09-27T13:53:59.602Z	spark2	LOAD	20.420	4.114
2026-09-27T13:53:59.691Z	spark1	LOAD	20.769	6.694
2026-09-27T13:53:59.854Z	spark2	LOAD	20.420	4.114
2026-09-27T13:53:59.942Z	spark1	LOAD	20.736	6.694
2026-09-27T13:54:00.105Z	spark2	LOAD	20.421	4.114
2026-09-27T13:54:00.208Z	spark1	LOAD	20.703	6.694
2026-09-27T13:54:00.356Z	spark2	LOAD	20.421	4.114
2026-09-27T13:54:00.458Z	spark1	LOAD	20.673	6.694
2026-09-27T13:54:00.620Z	spark2	LOAD	20.421	4.114
2026-09-27T13:54:00.708Z	spark1	LOAD	20.639	6.694
2026-09-27T13:54:00.872Z	spark2	LOAD	20.422	4.114
2026-09-27T13:54:00.959Z	spark1	LOAD	20.617	6.694
2026-09-27T13:54:01.122Z	spark2	LOAD	20.422	4.114
2026-09-27T13:54:01.220Z	spark1	LOAD	20.580	6.694
2026-09-27T13:54:01.373Z	spark2	LOAD	20.422	4.114
2026-09-27T13:54:01.471Z	spark1	LOAD	20.516	6.694
2026-09-27T13:54:01.635Z	spark2	LOAD	20.421	4.114
2026-09-27T13:54:01.721Z	spark1	LOAD	20.488	6.694
2026-09-27T13:54:01.886Z	spark2	LOAD	20.422	4.114
2026-09-27T13:54:01.971Z	spark1	LOAD	20.449	6.693
2026-09-27T13:54:02.136Z	spark2	LOAD	20.422	4.114
2026-09-27T13:54:02.232Z	spark1	LOAD	20.427	6.693
2026-09-27T13:54:02.387Z	spark2	LOAD	20.422	4.114
2026-09-27T13:54:02.483Z	spark1	LOAD	20.502	6.693
2026-09-27T13:54:02.647Z	spark2	LOAD	20.422	4.114
2026-09-27T13:54:02.733Z	spark1	LOAD	20.512	6.695
2026-09-27T13:54:02.898Z	spark2	LOAD	20.422	4.114
2026-09-27T13:54:02.984Z	spark1	LOAD	20.479	6.695
2026-09-27T13:54:03.148Z	spark2	LOAD	20.422	4.114
2026-09-27T13:54:03.246Z	spark1	LOAD	20.380	6.695
2026-09-27T13:54:03.399Z	spark2	LOAD	20.422	4.114
2026-09-27T13:54:03.496Z	spark1	LOAD	20.362	6.695
2026-09-27T13:54:03.663Z	spark2	LOAD	20.421	4.114
2026-09-27T13:54:03.746Z	spark1	LOAD	20.322	6.695
2026-09-27T13:54:03.913Z	spark2	LOAD	20.413	4.114
2026-09-27T13:54:03.997Z	spark1	LOAD	20.307	6.695
2026-09-27T13:54:04.164Z	spark2	LOAD	20.425	4.113
2026-09-27T13:54:04.266Z	spark1	LOAD	20.248	6.695
2026-09-27T13:54:04.414Z	spark2	LOAD	20.425	4.113
2026-09-27T13:54:04.516Z	spark1	LOAD	20.206	6.695
2026-09-27T13:54:04.676Z	spark2	LOAD	20.425	4.113
2026-09-27T13:54:04.766Z	spark1	LOAD	20.170	6.695
2026-09-27T13:54:04.927Z	spark2	LOAD	20.425	4.113
2026-09-27T13:54:05.017Z	spark1	LOAD	20.127	6.695
2026-09-27T13:54:05.177Z	spark2	LOAD	20.425	4.113
2026-09-27T13:54:05.284Z	spark1	LOAD	20.090	6.696
2026-09-27T13:54:05.429Z	spark2	LOAD	20.425	4.113
2026-09-27T13:54:05.534Z	spark1	LOAD	20.028	6.696
2026-09-27T13:54:05.694Z	spark2	LOAD	20.425	4.113
2026-09-27T13:54:05.784Z	spark1	LOAD	19.992	6.696
2026-09-27T13:54:05.945Z	spark2	LOAD	20.426	4.113
2026-09-27T13:54:06.035Z	spark1	LOAD	19.957	6.698
2026-09-27T13:54:06.196Z	spark2	LOAD	20.426	4.113
2026-09-27T13:54:06.304Z	spark1	LOAD	19.920	6.698
2026-09-27T13:54:06.447Z	spark2	LOAD	20.426	4.113
2026-09-27T13:54:06.554Z	spark1	LOAD	19.880	6.698
2026-09-27T13:54:06.708Z	spark2	LOAD	20.425	4.113
2026-09-27T13:54:06.805Z	spark1	LOAD	19.842	6.699
2026-09-27T13:54:06.959Z	spark2	LOAD	20.425	4.113
2026-09-27T13:54:07.055Z	spark1	LOAD	19.801	6.699
2026-09-27T13:54:07.209Z	spark2	LOAD	20.425	4.113
2026-09-27T13:54:07.324Z	spark1	LOAD	19.759	6.700
2026-09-27T13:54:07.461Z	spark2	LOAD	20.425	4.113
2026-09-27T13:54:07.574Z	spark1	LOAD	19.700	6.700
2026-09-27T13:54:07.722Z	spark2	LOAD	20.425	4.113
2026-09-27T13:54:07.825Z	spark1	LOAD	19.667	6.700
2026-09-27T13:54:07.973Z	spark2	LOAD	20.425	4.113
2026-09-27T13:54:08.075Z	spark1	LOAD	19.661	6.700
2026-09-27T13:54:08.224Z	spark2	LOAD	20.425	4.113
2026-09-27T13:54:08.337Z	spark1	LOAD	19.602	6.701
2026-09-27T13:54:08.474Z	spark2	LOAD	20.425	4.113
2026-09-27T13:54:08.587Z	spark1	LOAD	19.548	6.701
2026-09-27T13:54:08.736Z	spark2	LOAD	20.425	4.113
2026-09-27T13:54:08.837Z	spark1	LOAD	19.508	6.701
2026-09-27T13:54:08.986Z	spark2	LOAD	20.425	4.113
2026-09-27T13:54:09.088Z	spark1	LOAD	19.441	6.701
2026-09-27T13:54:09.238Z	spark2	LOAD	20.425	4.113
2026-09-27T13:54:09.355Z	spark1	LOAD	19.423	6.702
2026-09-27T13:54:09.488Z	spark2	LOAD	20.425	4.113
2026-09-27T13:54:09.605Z	spark1	LOAD	19.349	6.702
2026-09-27T13:54:09.749Z	spark2	LOAD	20.425	4.113
2026-09-27T13:54:09.856Z	spark1	LOAD	20.710	6.701
2026-09-27T13:54:09.999Z	spark2	LOAD	20.425	4.113
2026-09-27T13:54:10.106Z	spark1	LOAD	22.588	6.701
2026-09-27T13:54:10.250Z	spark2	LOAD	20.425	4.113
2026-09-27T13:54:10.373Z	spark1	LOAD	22.570	6.701
2026-09-27T13:54:10.500Z	spark2	LOAD	20.425	4.113
2026-09-27T13:54:10.624Z	spark1	LOAD	22.539	6.701
2026-09-27T13:54:10.766Z	spark2	LOAD	20.424	4.113
2026-09-27T13:54:10.874Z	spark1	LOAD	22.502	6.701
2026-09-27T13:54:11.017Z	spark2	LOAD	20.424	4.113
2026-09-27T13:54:11.125Z	spark1	LOAD	22.467	6.701
2026-09-27T13:54:11.267Z	spark2	LOAD	20.424	4.113
2026-09-27T13:54:11.393Z	spark1	LOAD	22.424	6.701
2026-09-27T13:54:11.518Z	spark2	LOAD	20.424	4.113
2026-09-27T13:54:11.643Z	spark1	LOAD	22.362	6.701
2026-09-27T13:54:11.779Z	spark2	LOAD	20.424	4.113
2026-09-27T13:54:11.894Z	spark1	LOAD	22.320	6.701
2026-09-27T13:54:12.029Z	spark2	LOAD	20.424	4.113
2026-09-27T13:54:12.144Z	spark1	LOAD	22.286	6.701
2026-09-27T13:54:12.280Z	spark2	LOAD	20.424	4.113
2026-09-27T13:54:12.411Z	spark1	LOAD	22.250	6.701
2026-09-27T13:54:12.531Z	spark2	LOAD	20.424	4.113
2026-09-27T13:54:12.661Z	spark1	LOAD	22.212	6.701
2026-09-27T13:54:12.793Z	spark2	LOAD	20.424	4.113
2026-09-27T13:54:12.911Z	spark1	LOAD	22.172	6.701
2026-09-27T13:54:13.045Z	spark2	LOAD	20.424	4.113
2026-09-27T13:54:13.162Z	spark1	LOAD	22.131	6.701
2026-09-27T13:54:13.295Z	spark2	LOAD	20.424	4.113
2026-09-27T13:54:13.428Z	spark1	LOAD	22.091	6.701
2026-09-27T13:54:13.546Z	spark2	LOAD	20.424	4.113
2026-09-27T13:54:13.678Z	spark1	LOAD	22.027	6.701
2026-09-27T13:54:13.806Z	spark2	LOAD	20.424	4.113
2026-09-27T13:54:13.929Z	spark1	LOAD	21.950	6.701
2026-09-27T13:54:14.058Z	spark2	LOAD	20.424	4.113
2026-09-27T13:54:14.179Z	spark1	LOAD	21.805	6.701
2026-09-27T13:54:14.308Z	spark2	LOAD	20.424	4.113
2026-09-27T13:54:14.448Z	spark1	LOAD	21.714	6.701
2026-09-27T13:54:14.559Z	spark2	LOAD	20.423	4.113
2026-09-27T13:54:14.698Z	spark1	LOAD	21.630	6.701
2026-09-27T13:54:14.819Z	spark2	LOAD	20.414	4.113
2026-09-27T13:54:14.949Z	spark1	LOAD	21.554	6.701
2026-09-27T13:54:15.070Z	spark2	LOAD	20.429	4.113
2026-09-27T13:54:15.199Z	spark1	LOAD	21.510	6.701
2026-09-27T13:54:15.321Z	spark2	LOAD	20.429	4.113
2026-09-27T13:54:15.461Z	spark1	LOAD	21.466	6.701
2026-09-27T13:54:15.572Z	spark2	LOAD	20.429	4.113
2026-09-27T13:54:15.711Z	spark1	LOAD	21.426	6.701
2026-09-27T13:54:15.833Z	spark2	LOAD	20.429	4.113
2026-09-27T13:54:15.961Z	spark1	LOAD	21.373	6.701
2026-09-27T13:54:16.083Z	spark2	LOAD	20.429	4.113
2026-09-27T13:54:16.212Z	spark1	LOAD	21.331	6.701
2026-09-27T13:54:16.334Z	spark2	LOAD	20.429	4.113
2026-09-27T13:54:16.478Z	spark1	LOAD	21.294	6.701
2026-09-27T13:54:16.585Z	spark2	LOAD	20.429	4.113
2026-09-27T13:54:16.728Z	spark1	LOAD	21.257	6.701
2026-09-27T13:54:16.847Z	spark2	LOAD	20.429	4.113
2026-09-27T13:54:16.979Z	spark1	LOAD	21.218	6.701
2026-09-27T13:54:17.098Z	spark2	LOAD	20.430	4.113
2026-09-27T13:54:17.229Z	spark1	LOAD	21.181	6.701
2026-09-27T13:54:17.349Z	spark2	LOAD	20.430	4.113
2026-09-27T13:54:17.495Z	spark1	LOAD	21.138	6.701
2026-09-27T13:54:17.600Z	spark2	LOAD	20.430	4.113
2026-09-27T13:54:17.745Z	spark1	LOAD	21.090	6.701
2026-09-27T13:54:17.860Z	spark2	LOAD	20.430	4.113
2026-09-27T13:54:17.995Z	spark1	LOAD	21.038	6.701
2026-09-27T13:54:18.110Z	spark2	LOAD	20.430	4.113
2026-09-27T13:54:18.246Z	spark1	LOAD	21.000	6.701
2026-09-27T13:54:18.361Z	spark2	LOAD	20.430	4.113
2026-09-27T13:54:18.507Z	spark1	LOAD	21.003	6.701
2026-09-27T13:54:18.611Z	spark2	LOAD	20.430	4.113
2026-09-27T13:54:18.758Z	spark1	LOAD	20.924	6.701
2026-09-27T13:54:18.877Z	spark2	LOAD	20.430	4.113
2026-09-27T13:54:19.008Z	spark1	LOAD	20.956	6.701
2026-09-27T13:54:19.127Z	spark2	LOAD	20.430	4.113
2026-09-27T13:54:19.258Z	spark1	LOAD	21.139	6.701
2026-09-27T13:54:19.378Z	spark2	LOAD	20.430	4.113
2026-09-27T13:54:19.525Z	spark1	LOAD	21.103	6.701
2026-09-27T13:54:19.629Z	spark2	LOAD	20.430	4.113
2026-09-27T13:54:19.775Z	spark1	LOAD	21.064	6.701
2026-09-27T13:54:19.891Z	spark2	LOAD	20.429	4.113
2026-09-27T13:54:20.026Z	spark1	LOAD	21.007	6.701
2026-09-27T13:54:20.141Z	spark2	LOAD	20.429	4.113
2026-09-27T13:54:20.276Z	spark1	LOAD	20.972	6.701
2026-09-27T13:54:20.392Z	spark2	LOAD	20.429	4.113
2026-09-27T13:54:20.544Z	spark1	LOAD	20.942	6.701
2026-09-27T13:54:20.643Z	spark2	LOAD	20.429	4.113
2026-09-27T13:54:20.795Z	spark1	LOAD	20.902	6.701
2026-09-27T13:54:20.908Z	spark2	LOAD	20.429	4.113
2026-09-27T13:54:21.045Z	spark1	LOAD	20.864	6.701
2026-09-27T13:54:21.159Z	spark2	LOAD	20.429	4.113
2026-09-27T13:54:21.295Z	spark1	LOAD	20.830	6.701
2026-09-27T13:54:21.410Z	spark2	LOAD	20.429	4.113
2026-09-27T13:54:21.557Z	spark1	LOAD	20.779	6.698
2026-09-27T13:54:21.661Z	spark2	LOAD	20.429	4.113
2026-09-27T13:54:21.808Z	spark1	LOAD	20.740	6.696
2026-09-27T13:54:21.921Z	spark2	LOAD	20.429	4.113
2026-09-27T13:54:22.058Z	spark1	LOAD	20.674	6.696
2026-09-27T13:54:22.172Z	spark2	LOAD	20.429	4.113
2026-09-27T13:54:22.308Z	spark1	LOAD	20.640	6.696
2026-09-27T13:54:22.423Z	spark2	LOAD	20.429	4.113
2026-09-27T13:54:22.569Z	spark1	LOAD	20.603	6.696
2026-09-27T13:54:22.674Z	spark2	LOAD	20.429	4.113
2026-09-27T13:54:22.820Z	spark1	LOAD	20.594	6.696
2026-09-27T13:54:22.939Z	spark2	LOAD	20.429	4.113
2026-09-27T13:54:23.070Z	spark1	LOAD	20.004	6.696
2026-09-27T13:54:23.189Z	spark2	LOAD	20.429	4.113
2026-09-27T13:54:23.320Z	spark1	LOAD	20.517	6.696
2026-09-27T13:54:23.440Z	spark2	LOAD	20.429	4.113
2026-09-27T13:54:23.586Z	spark1	LOAD	20.473	6.696
2026-09-27T13:54:23.691Z	spark2	LOAD	20.429	4.113
2026-09-27T13:54:23.837Z	spark1	LOAD	20.426	6.696
2026-09-27T13:54:23.956Z	spark2	LOAD	20.430	4.113
2026-09-27T13:54:24.087Z	spark1	LOAD	20.375	6.696
2026-09-27T13:54:24.207Z	spark2	LOAD	20.430	4.113
2026-09-27T13:54:24.337Z	spark1	LOAD	20.354	6.696
2026-09-27T13:54:24.457Z	spark2	LOAD	20.430	4.113
2026-09-27T13:54:24.604Z	spark1	LOAD	19.782	6.696
2026-09-27T13:54:24.707Z	spark2	LOAD	20.430	4.113
2026-09-27T13:54:24.854Z	spark1	LOAD	20.282	6.696
2026-09-27T13:54:24.969Z	spark2	LOAD	20.430	4.113
2026-09-27T13:54:25.105Z	spark1	LOAD	20.243	6.696
2026-09-27T13:54:25.220Z	spark2	LOAD	20.430	4.113
2026-09-27T13:54:25.355Z	spark1	LOAD	20.193	6.696
2026-09-27T13:54:25.471Z	spark2	LOAD	20.430	4.113
2026-09-27T13:54:25.617Z	spark1	LOAD	20.166	6.696
2026-09-27T13:54:25.721Z	spark2	LOAD	20.426	4.113
2026-09-27T13:54:25.867Z	spark1	LOAD	20.111	6.696
2026-09-27T13:54:25.986Z	spark2	LOAD	20.422	4.113
2026-09-27T13:54:26.118Z	spark1	LOAD	20.030	6.696
2026-09-27T13:54:26.237Z	spark2	LOAD	20.422	4.113
2026-09-27T13:54:26.368Z	spark1	LOAD	19.996	6.696
2026-09-27T13:54:26.488Z	spark2	LOAD	20.422	4.113
2026-09-27T13:54:26.637Z	spark1	LOAD	19.948	6.696
2026-09-27T13:54:26.739Z	spark2	LOAD	20.422	4.113
2026-09-27T13:54:26.887Z	spark1	LOAD	19.908	6.696
2026-09-27T13:54:27.000Z	spark2	LOAD	20.423	4.113
2026-09-27T13:54:27.137Z	spark1	LOAD	19.900	6.696
2026-09-27T13:54:27.251Z	spark2	LOAD	20.423	4.113
2026-09-27T13:54:27.388Z	spark1	LOAD	19.849	6.696
2026-09-27T13:54:27.502Z	spark2	LOAD	20.423	4.113
2026-09-27T13:54:27.654Z	spark1	LOAD	19.785	6.696
2026-09-27T13:54:27.752Z	spark2	LOAD	20.423	4.113
2026-09-27T13:54:27.904Z	spark1	LOAD	19.748	6.696
2026-09-27T13:54:28.012Z	spark2	LOAD	20.426	4.113
2026-09-27T13:54:28.155Z	spark1	LOAD	19.696	6.696
2026-09-27T13:54:28.263Z	spark2	LOAD	20.426	4.113
2026-09-27T13:54:28.406Z	spark1	LOAD	19.668	6.696
2026-09-27T13:54:28.514Z	spark2	LOAD	20.426	4.113
2026-09-27T13:54:28.667Z	spark1	LOAD	19.646	6.696
2026-09-27T13:54:28.764Z	spark2	LOAD	20.426	4.113
2026-09-27T13:54:28.918Z	spark1	LOAD	19.615	6.696
2026-09-27T13:54:29.025Z	spark2	LOAD	20.428	4.113
2026-09-27T13:54:29.168Z	spark1	LOAD	19.582	6.696
2026-09-27T13:54:29.276Z	spark2	LOAD	20.428	4.113
2026-09-27T13:54:29.419Z	spark1	LOAD	19.544	6.696
2026-09-27T13:54:29.526Z	spark2	LOAD	20.428	4.113
2026-09-27T13:54:29.681Z	spark1	LOAD	19.509	6.696
2026-09-27T13:54:29.777Z	spark2	LOAD	20.428	4.113
2026-09-27T13:54:29.931Z	spark1	LOAD	19.475	6.696
2026-09-27T13:54:30.037Z	spark2	LOAD	20.430	4.113
2026-09-27T13:54:30.182Z	spark1	LOAD	19.427	6.696
2026-09-27T13:54:30.288Z	spark2	LOAD	20.430	4.113
2026-09-27T13:54:30.432Z	spark1	LOAD	19.403	6.696
2026-09-27T13:54:30.538Z	spark2	LOAD	20.430	4.113
2026-09-27T13:54:30.699Z	spark1	LOAD	19.367	6.696
2026-09-27T13:54:30.789Z	spark2	LOAD	20.430	4.113
2026-09-27T13:54:30.950Z	spark1	LOAD	19.324	6.696
2026-09-27T13:54:31.055Z	spark2	LOAD	20.431	4.113
2026-09-27T13:54:31.200Z	spark1	LOAD	19.299	6.696
2026-09-27T13:54:31.306Z	spark2	LOAD	20.431	4.113
2026-09-27T13:54:31.451Z	spark1	LOAD	20.706	6.696
2026-09-27T13:54:31.556Z	spark2	LOAD	20.431	4.113
2026-09-27T13:54:31.718Z	spark1	LOAD	22.284	6.696
2026-09-27T13:54:31.808Z	spark2	LOAD	20.431	4.113
2026-09-27T13:54:31.968Z	spark1	LOAD	22.456	6.696
2026-09-27T13:54:32.070Z	spark2	LOAD	20.431	4.113
2026-09-27T13:54:32.218Z	spark1	LOAD	22.399	6.696
2026-09-27T13:54:32.321Z	spark2	LOAD	20.431	4.113
2026-09-27T13:54:32.469Z	spark1	LOAD	22.369	6.696
2026-09-27T13:54:32.572Z	spark2	LOAD	20.431	4.113
2026-09-27T13:54:32.731Z	spark1	LOAD	22.339	6.696
2026-09-27T13:54:32.823Z	spark2	LOAD	20.432	4.113
2026-09-27T13:54:32.981Z	spark1	LOAD	22.315	6.696
2026-09-27T13:54:33.084Z	spark2	LOAD	20.431	4.113
2026-09-27T13:54:33.231Z	spark1	LOAD	22.295	6.696
2026-09-27T13:54:33.335Z	spark2	LOAD	20.431	4.113
2026-09-27T13:54:33.481Z	spark1	LOAD	22.273	6.696
2026-09-27T13:54:33.586Z	spark2	LOAD	20.431	4.113
2026-09-27T13:54:33.743Z	spark1	LOAD	22.230	6.696
2026-09-27T13:54:33.837Z	spark2	LOAD	20.431	4.113
2026-09-27T13:54:33.993Z	spark1	LOAD	22.208	6.696
2026-09-27T13:54:34.102Z	spark2	LOAD	20.436	4.113
2026-09-27T13:54:34.244Z	spark1	LOAD	22.167	6.696
2026-09-27T13:54:34.352Z	spark2	LOAD	20.436	4.113
2026-09-27T13:54:34.494Z	spark1	LOAD	22.127	6.696
2026-09-27T13:54:34.603Z	spark2	LOAD	20.436	4.113
2026-09-27T13:54:34.761Z	spark1	LOAD	22.095	6.696
2026-09-27T13:54:34.853Z	spark2	LOAD	20.436	4.113
2026-09-27T13:54:35.011Z	spark1	LOAD	22.072	6.696
2026-09-27T13:54:35.115Z	spark2	LOAD	20.436	4.113
2026-09-27T13:54:35.262Z	spark1	LOAD	22.045	6.696
2026-09-27T13:54:35.365Z	spark2	LOAD	20.436	4.113
2026-09-27T13:54:35.512Z	spark1	LOAD	22.017	6.696
2026-09-27T13:54:35.616Z	spark2	LOAD	20.436	4.113
2026-09-27T13:54:35.778Z	spark1	LOAD	21.976	6.696
2026-09-27T13:54:35.868Z	spark2	LOAD	20.436	4.113
2026-09-27T13:54:36.028Z	spark1	LOAD	21.950	6.696
2026-09-27T13:54:36.127Z	spark2	LOAD	20.436	4.113
2026-09-27T13:54:36.278Z	spark1	LOAD	21.884	6.696
2026-09-27T13:54:36.378Z	spark2	LOAD	20.436	4.113
2026-09-27T13:54:36.529Z	spark1	LOAD	21.847	6.696
2026-09-27T13:54:36.629Z	spark2	LOAD	20.436	4.113
2026-09-27T13:54:36.795Z	spark1	LOAD	21.799	6.696
2026-09-27T13:54:36.880Z	spark2	LOAD	20.436	4.113
2026-09-27T13:54:37.045Z	spark1	LOAD	21.757	6.696
2026-09-27T13:54:37.144Z	spark2	LOAD	20.436	4.113
2026-09-27T13:54:37.295Z	spark1	LOAD	21.729	6.696
2026-09-27T13:54:37.394Z	spark2	LOAD	20.410	4.113
2026-09-27T13:54:37.545Z	spark1	LOAD	21.693	6.696
2026-09-27T13:54:37.646Z	spark2	LOAD	20.415	4.113
2026-09-27T13:54:37.811Z	spark1	LOAD	21.655	6.696
2026-09-27T13:54:37.896Z	spark2	LOAD	20.415	4.113
2026-09-27T13:54:38.061Z	spark1	LOAD	21.631	6.696
2026-09-27T13:54:38.161Z	spark2	LOAD	20.415	4.113
2026-09-27T13:54:38.312Z	spark1	LOAD	21.596	6.696
2026-09-27T13:54:38.412Z	spark2	LOAD	20.416	4.113
2026-09-27T13:54:38.562Z	spark1	LOAD	21.566	6.696
2026-09-27T13:54:38.663Z	spark2	LOAD	20.416	4.113
2026-09-27T13:54:38.823Z	spark1	LOAD	21.521	6.696
2026-09-27T13:54:38.914Z	spark2	LOAD	20.416	4.113
2026-09-27T13:54:39.073Z	spark1	LOAD	21.482	6.696
2026-09-27T13:54:39.174Z	spark2	LOAD	20.416	4.113
2026-09-27T13:54:39.324Z	spark1	LOAD	21.456	6.696
2026-09-27T13:54:39.425Z	spark2	LOAD	20.416	4.113
2026-09-27T13:54:39.574Z	spark1	LOAD	21.428	6.696
2026-09-27T13:54:39.676Z	spark2	LOAD	20.416	4.113
2026-09-27T13:54:39.835Z	spark1	LOAD	21.398	6.696
2026-09-27T13:54:39.927Z	spark2	LOAD	20.416	4.113
2026-09-27T13:54:40.085Z	spark1	LOAD	21.368	6.696
2026-09-27T13:54:40.189Z	spark2	LOAD	20.417	4.113
2026-09-27T13:54:40.336Z	spark1	LOAD	21.342	6.696
2026-09-27T13:54:40.440Z	spark2	LOAD	20.417	4.113
2026-09-27T13:54:40.586Z	spark1	LOAD	21.317	6.696
2026-09-27T13:54:40.690Z	spark2	LOAD	20.417	4.113
2026-09-27T13:54:40.848Z	spark1	LOAD	21.285	6.696
2026-09-27T13:54:40.942Z	spark2	LOAD	20.418	4.113
2026-09-27T13:54:41.098Z	spark1	LOAD	21.235	6.696
2026-09-27T13:54:41.203Z	spark2	LOAD	20.419	4.113
2026-09-27T13:54:41.348Z	spark1	LOAD	21.214	6.696
2026-09-27T13:54:41.454Z	spark2	LOAD	20.419	4.113
2026-09-27T13:54:41.599Z	spark1	LOAD	21.187	6.696
2026-09-27T13:54:41.705Z	spark2	LOAD	20.419	4.113
2026-09-27T13:54:41.865Z	spark1	LOAD	21.159	6.696
2026-09-27T13:54:41.955Z	spark2	LOAD	20.419	4.113
2026-09-27T13:54:42.116Z	spark1	LOAD	21.134	6.696
2026-09-27T13:54:42.220Z	spark2	LOAD	20.419	4.113
2026-09-27T13:54:42.366Z	spark1	LOAD	21.104	6.696
2026-09-27T13:54:42.471Z	spark2	LOAD	20.419	4.113
2026-09-27T13:54:42.616Z	spark1	LOAD	21.077	6.696
2026-09-27T13:54:42.721Z	spark2	LOAD	20.419	4.113
2026-09-27T13:54:42.884Z	spark1	LOAD	21.044	6.696
2026-09-27T13:54:42.972Z	spark2	LOAD	20.419	4.113
2026-09-27T13:54:43.134Z	spark1	LOAD	21.015	6.696
2026-09-27T13:54:43.234Z	spark2	LOAD	20.419	4.113
2026-09-27T13:54:43.384Z	spark1	LOAD	20.960	6.695
2026-09-27T13:54:43.485Z	spark2	LOAD	20.419	4.113
2026-09-27T13:54:43.635Z	spark1	LOAD	20.931	6.695
2026-09-27T13:54:43.735Z	spark2	LOAD	20.419	4.113
2026-09-27T13:54:43.901Z	spark1	LOAD	20.896	6.695
2026-09-27T13:54:43.987Z	spark2	LOAD	20.419	4.113
2026-09-27T13:54:44.151Z	spark1	LOAD	20.958	6.695
2026-09-27T13:54:44.248Z	spark2	LOAD	20.419	4.113
2026-09-27T13:54:44.402Z	spark1	LOAD	20.929	6.698
2026-09-27T13:54:44.499Z	spark2	LOAD	20.419	4.113
2026-09-27T13:54:44.652Z	spark1	LOAD	20.904	6.700
2026-09-27T13:54:44.751Z	spark2	LOAD	20.419	4.113
2026-09-27T13:54:44.918Z	spark1	LOAD	20.893	6.701
2026-09-27T13:54:45.001Z	spark2	LOAD	20.420	4.113
2026-09-27T13:54:45.168Z	spark1	LOAD	20.865	6.701
2026-09-27T13:54:45.262Z	spark2	LOAD	20.420	4.113
2026-09-27T13:54:45.419Z	spark1	LOAD	20.837	6.701
2026-09-27T13:54:45.514Z	spark2	LOAD	20.420	4.113
2026-09-27T13:54:45.669Z	spark1	LOAD	20.796	6.701
2026-09-27T13:54:45.765Z	spark2	LOAD	20.420	4.113
2026-09-27T13:54:45.938Z	spark1	LOAD	20.504	6.701
2026-09-27T13:54:46.016Z	spark2	LOAD	20.420	4.113
2026-09-27T13:54:46.189Z	spark1	LOAD	20.721	6.702
2026-09-27T13:54:46.281Z	spark2	LOAD	20.420	4.113
2026-09-27T13:54:46.439Z	spark1	LOAD	20.714	6.702
2026-09-27T13:54:46.532Z	spark2	LOAD	20.420	4.113
2026-09-27T13:54:46.689Z	spark1	LOAD	20.691	6.703
2026-09-27T13:54:46.782Z	spark2	LOAD	20.420	4.113
2026-09-27T13:54:46.956Z	spark1	LOAD	20.653	6.703
2026-09-27T13:54:47.033Z	spark2	LOAD	20.420	4.113
2026-09-27T13:54:47.207Z	spark1	LOAD	20.071	6.703
2026-09-27T13:54:47.292Z	spark2	LOAD	20.420	4.113
2026-09-27T13:54:47.457Z	spark1	LOAD	20.015	6.703
2026-09-27T13:54:47.544Z	spark2	LOAD	20.420	4.113
2026-09-27T13:54:47.707Z	spark1	LOAD	19.933	6.703
2026-09-27T13:54:47.794Z	spark2	LOAD	20.420	4.113
2026-09-27T13:54:47.970Z	spark1	LOAD	20.513	6.703
2026-09-27T13:54:48.044Z	spark2	LOAD	20.420	4.113
2026-09-27T13:54:48.221Z	spark1	LOAD	20.480	6.703
2026-09-27T13:54:48.304Z	spark2	LOAD	20.394	4.113
2026-09-27T13:54:48.471Z	spark1	LOAD	20.457	6.703
2026-09-27T13:54:48.555Z	spark2	LOAD	20.432	4.113
2026-09-27T13:54:48.721Z	spark1	LOAD	20.397	6.703
2026-09-27T13:54:48.806Z	spark2	LOAD	20.432	4.113
2026-09-27T13:54:48.987Z	spark1	LOAD	20.353	6.703
2026-09-27T13:54:49.057Z	spark2	LOAD	20.432	4.113
2026-09-27T13:54:49.238Z	spark1	LOAD	20.325	6.704
2026-09-27T13:54:49.318Z	spark2	LOAD	20.432	4.113
2026-09-27T13:54:49.488Z	spark1	LOAD	20.265	6.704
2026-09-27T13:54:49.569Z	spark2	LOAD	20.432	4.113
2026-09-27T13:54:49.739Z	spark1	LOAD	20.231	6.704
2026-09-27T13:54:49.820Z	spark2	LOAD	20.432	4.113
2026-09-27T13:54:50.004Z	spark1	LOAD	20.212	6.704
2026-09-27T13:54:50.071Z	spark2	LOAD	20.432	4.113
2026-09-27T13:54:50.255Z	spark1	LOAD	20.183	6.704
2026-09-27T13:54:50.331Z	spark2	LOAD	20.432	4.113
2026-09-27T13:54:50.505Z	spark1	LOAD	20.144	6.704
2026-09-27T13:54:50.583Z	spark2	LOAD	20.432	4.113
2026-09-27T13:54:50.755Z	spark1	LOAD	20.115	6.704
2026-09-27T13:54:50.832Z	spark2	LOAD	20.432	4.113
2026-09-27T13:54:51.022Z	spark1	LOAD	20.087	6.704
2026-09-27T13:54:51.083Z	spark2	LOAD	20.431	4.113
2026-09-27T13:54:51.272Z	spark1	LOAD	20.057	6.704
2026-09-27T13:54:51.344Z	spark2	LOAD	20.431	4.113
2026-09-27T13:54:51.523Z	spark1	LOAD	19.992	6.704
2026-09-27T13:54:51.595Z	spark2	LOAD	20.431	4.113
2026-09-27T13:54:51.773Z	spark1	LOAD	19.970	6.704
2026-09-27T13:54:51.845Z	spark2	LOAD	20.431	4.113
2026-09-27T13:54:52.042Z	spark1	LOAD	19.942	6.704
2026-09-27T13:54:52.097Z	spark2	LOAD	20.431	4.113
2026-09-27T13:54:52.293Z	spark1	LOAD	19.913	6.704
2026-09-27T13:54:52.361Z	spark2	LOAD	20.431	4.113
2026-09-27T13:54:52.543Z	spark1	LOAD	19.852	6.704
2026-09-27T13:54:52.612Z	spark2	LOAD	20.431	4.113
2026-09-27T13:54:52.793Z	spark1	LOAD	19.820	6.705
2026-09-27T13:54:52.863Z	spark2	LOAD	20.431	4.113
2026-09-27T13:54:53.055Z	spark1	LOAD	19.790	6.705
2026-09-27T13:54:53.114Z	spark2	LOAD	20.431	4.113
2026-09-27T13:54:53.306Z	spark1	LOAD	19.762	6.705
2026-09-27T13:54:53.375Z	spark2	LOAD	20.431	4.113
2026-09-27T13:54:53.556Z	spark1	LOAD	19.728	6.705
2026-09-27T13:54:53.626Z	spark2	LOAD	20.431	4.113
2026-09-27T13:54:53.806Z	spark1	LOAD	19.773	6.705
2026-09-27T13:54:53.877Z	spark2	LOAD	20.431	4.113
2026-09-27T13:54:54.073Z	spark1	LOAD	19.724	6.705
2026-09-27T13:54:54.128Z	spark2	LOAD	20.431	4.113
2026-09-27T13:54:54.324Z	spark1	LOAD	19.688	6.705
2026-09-27T13:54:54.389Z	spark2	LOAD	20.430	4.113
2026-09-27T13:54:54.575Z	spark1	LOAD	19.645	6.705
2026-09-27T13:54:54.640Z	spark2	LOAD	20.430	4.113
2026-09-27T13:54:54.825Z	spark1	LOAD	19.618	6.705
2026-09-27T13:54:54.891Z	spark2	LOAD	20.430	4.113
2026-09-27T13:54:55.085Z	spark1	LOAD	19.578	6.705
2026-09-27T13:54:55.142Z	spark2	LOAD	20.430	4.113
2026-09-27T13:54:55.336Z	spark1	LOAD	19.541	6.705
2026-09-27T13:54:55.404Z	spark2	LOAD	20.430	4.113
2026-09-27T13:54:55.586Z	spark1	LOAD	19.443	6.705
2026-09-27T13:54:55.654Z	spark2	LOAD	20.430	4.113
2026-09-27T13:54:55.836Z	spark1	LOAD	19.418	6.705
2026-09-27T13:54:55.905Z	spark2	LOAD	20.430	4.113
2026-09-27T13:54:56.103Z	spark1	LOAD	19.550	6.705
2026-09-27T13:54:56.156Z	spark2	LOAD	20.430	4.113
2026-09-27T13:54:56.353Z	spark1	LOAD	21.019	6.705
2026-09-27T13:54:56.417Z	spark2	LOAD	20.430	4.113
2026-09-27T13:54:56.603Z	spark1	LOAD	22.452	6.705
2026-09-27T13:54:56.667Z	spark2	LOAD	20.430	4.113
2026-09-27T13:54:56.854Z	spark1	LOAD	22.689	6.705
2026-09-27T13:54:56.918Z	spark2	LOAD	20.430	4.113
2026-09-27T13:54:57.116Z	spark1	LOAD	22.685	6.705
2026-09-27T13:54:57.168Z	spark2	LOAD	20.430	4.113
2026-09-27T13:54:57.367Z	spark1	LOAD	22.666	6.695
2026-09-27T13:54:57.430Z	spark2	LOAD	20.430	4.113
2026-09-27T13:54:57.617Z	spark1	LOAD	22.633	6.684
2026-09-27T13:54:57.682Z	spark2	LOAD	20.430	4.113
2026-09-27T13:54:57.868Z	spark1	LOAD	22.559	6.683
2026-09-27T13:54:57.932Z	spark2	LOAD	20.430	4.113
2026-09-27T13:54:58.130Z	spark1	LOAD	22.543	6.683
2026-09-27T13:54:58.182Z	spark2	LOAD	20.430	4.113
2026-09-27T13:54:58.381Z	spark1	LOAD	22.386	6.683
2026-09-27T13:54:58.442Z	spark2	LOAD	20.430	4.113
2026-09-27T13:54:58.631Z	spark1	LOAD	22.249	6.683
2026-09-27T13:54:58.693Z	spark2	LOAD	20.430	4.113
2026-09-27T13:54:58.881Z	spark1	LOAD	22.167	6.682
2026-09-27T13:54:58.943Z	spark2	LOAD	20.429	4.113
2026-09-27T13:54:59.143Z	spark1	LOAD	22.156	6.682
2026-09-27T13:54:59.195Z	spark2	LOAD	20.431	4.113
2026-09-27T13:54:59.393Z	spark1	LOAD	20.493	6.682
2026-09-27T13:54:59.453Z	spark2	LOAD	20.399	4.113
2026-09-27T13:54:59.644Z	spark1	LOAD	20.264	6.682
2026-09-27T13:54:59.704Z	spark2	LOAD	20.411	4.113
2026-09-27T13:54:59.894Z	spark1	LOAD	20.021	6.682
2026-09-27T13:54:59.955Z	spark2	LOAD	20.410	4.113
2026-09-27T13:55:00.160Z	spark1	LOAD	19.683	6.682
2026-09-27T13:55:00.207Z	spark2	LOAD	20.410	4.113
2026-09-27T13:55:00.411Z	spark1	LOAD	19.284	6.682
2026-09-27T13:55:00.472Z	spark2	LOAD	20.410	4.113
2026-09-27T13:55:00.662Z	spark1	LOAD	18.836	6.682
2026-09-27T13:55:00.723Z	spark2	LOAD	20.410	4.113
2026-09-27T13:55:00.912Z	spark1	LOAD	18.413	6.682
2026-09-27T13:55:00.973Z	spark2	LOAD	20.410	4.113
2026-09-27T13:55:01.172Z	spark1	LOAD	18.022	6.682
2026-09-27T13:55:01.224Z	spark2	LOAD	20.410	4.113
2026-09-27T13:55:01.422Z	spark1	LOAD	17.474	6.682
2026-09-27T13:55:01.485Z	spark2	LOAD	20.410	4.113
2026-09-27T13:55:01.673Z	spark1	LOAD	16.884	6.682
2026-09-27T13:55:01.736Z	spark2	LOAD	20.410	4.113
2026-09-27T13:55:01.923Z	spark1	LOAD	16.547	6.682
2026-09-27T13:55:01.987Z	spark2	LOAD	20.411	4.113
2026-09-27T13:55:02.191Z	spark1	LOAD	16.100	6.684
2026-09-27T13:55:02.238Z	spark2	LOAD	20.411	4.113
2026-09-27T13:55:02.441Z	spark1	LOAD	15.207	6.685
2026-09-27T13:55:02.497Z	spark2	LOAD	20.411	4.113
2026-09-27T13:55:02.692Z	spark1	LOAD	14.978	6.685
2026-09-27T13:55:02.748Z	spark2	LOAD	20.411	4.113
2026-09-27T13:55:02.943Z	spark1	LOAD	15.710	6.685
2026-09-27T13:55:02.999Z	spark2	LOAD	20.413	4.113
2026-09-27T13:55:03.205Z	spark1	LOAD	21.133	6.685
2026-09-27T13:55:03.250Z	spark2	LOAD	20.413	4.113
2026-09-27T13:55:03.456Z	spark1	LOAD	16.479	6.685
2026-09-27T13:55:03.511Z	spark2	LOAD	20.413	4.113
2026-09-27T13:55:03.708Z	spark1	LOAD	15.524	6.688
2026-09-27T13:55:03.762Z	spark2	LOAD	20.413	4.113
2026-09-27T13:55:03.958Z	spark1	LOAD	15.954	6.688
2026-09-27T13:55:04.013Z	spark2	LOAD	20.415	4.113
2026-09-27T13:55:04.221Z	spark1	LOAD	20.113	6.688
2026-09-27T13:55:04.264Z	spark2	LOAD	20.415	4.113
2026-09-27T13:55:04.472Z	spark1	LOAD	14.928	6.688
2026-09-27T13:55:04.524Z	spark2	LOAD	20.415	4.113
2026-09-27T13:55:04.723Z	spark1	LOAD	15.978	6.688
2026-09-27T13:55:04.775Z	spark2	LOAD	20.415	4.113
2026-09-27T13:55:04.974Z	spark1	LOAD	19.331	6.688
2026-09-27T13:55:05.026Z	spark2	LOAD	20.416	4.113
2026-09-27T13:55:05.242Z	spark1	LOAD	14.846	6.688
2026-09-27T13:55:05.277Z	spark2	LOAD	20.416	4.113
2026-09-27T13:55:05.493Z	spark1	LOAD	19.999	6.688
2026-09-27T13:55:05.541Z	spark2	LOAD	20.416	4.113
2026-09-27T13:55:05.744Z	spark1	LOAD	17.037	6.688
2026-09-27T13:55:05.792Z	spark2	LOAD	20.416	4.113
2026-09-27T13:55:05.994Z	spark1	LOAD	14.573	6.688
2026-09-27T13:55:06.043Z	spark2	LOAD	20.416	4.113
2026-09-27T13:55:06.262Z	spark1	LOAD	19.930	6.688
2026-09-27T13:55:06.293Z	spark2	LOAD	20.416	4.113
2026-09-27T13:55:06.513Z	spark1	LOAD	14.927	6.688
2026-09-27T13:55:06.555Z	spark2	LOAD	20.416	4.113
2026-09-27T13:55:06.763Z	spark1	LOAD	20.052	6.687
2026-09-27T13:55:06.806Z	spark2	LOAD	20.416	4.113
2026-09-27T13:55:07.014Z	spark1	LOAD	17.039	6.687
2026-09-27T13:55:07.056Z	spark2	LOAD	20.416	4.113
2026-09-27T13:55:07.277Z	spark1	LOAD	14.528	6.687
2026-09-27T13:55:07.307Z	spark2	LOAD	20.416	4.113
2026-09-27T13:55:07.528Z	spark1	LOAD	19.768	6.687
2026-09-27T13:55:07.572Z	spark2	LOAD	20.416	4.113
2026-09-27T13:55:07.779Z	spark1	LOAD	14.900	6.687
2026-09-27T13:55:07.823Z	spark2	LOAD	20.416	4.113
2026-09-27T13:55:08.030Z	spark1	LOAD	20.148	6.687
2026-09-27T13:55:08.074Z	spark2	LOAD	20.416	4.113
2026-09-27T13:55:08.291Z	spark1	LOAD	16.692	6.687
2026-09-27T13:55:08.324Z	spark2	LOAD	20.416	4.113
2026-09-27T13:55:08.542Z	spark1	LOAD	14.586	6.687
2026-09-27T13:55:08.586Z	spark2	LOAD	20.416	4.113
2026-09-27T13:55:08.792Z	spark1	LOAD	20.000	6.687
2026-09-27T13:55:08.835Z	spark2	LOAD	20.416	4.113
2026-09-27T13:55:09.044Z	spark1	LOAD	14.912	6.687
2026-09-27T13:55:09.086Z	spark2	LOAD	20.416	4.113
2026-09-27T13:55:09.327Z	spark1	LOAD	21.629	6.687
2026-09-27T13:55:09.337Z	spark2	LOAD	20.416	4.113
2026-09-27T13:55:09.577Z	spark1	LOAD	16.132	6.687
2026-09-27T13:55:09.602Z	spark2	LOAD	20.416	4.113
2026-09-27T13:55:09.828Z	spark1	LOAD	14.510	6.687
2026-09-27T13:55:09.852Z	spark2	LOAD	20.416	4.113
2026-09-27T13:55:10.079Z	spark1	LOAD	19.019	6.687
2026-09-27T13:55:10.104Z	spark2	LOAD	20.416	4.113
2026-09-27T13:55:10.341Z	spark1	LOAD	14.572	6.687
2026-09-27T13:55:10.355Z	spark2	LOAD	20.417	4.113
2026-09-27T13:55:10.591Z	spark1	LOAD	20.440	6.687
2026-09-27T13:55:10.619Z	spark2	LOAD	20.417	4.113
2026-09-27T13:55:10.843Z	spark1	LOAD	14.853	6.687
2026-09-27T13:55:10.869Z	spark2	LOAD	20.417	4.113
2026-09-27T13:55:11.093Z	spark1	LOAD	18.589	6.687
2026-09-27T13:55:11.120Z	spark2	LOAD	20.416	4.113
2026-09-27T13:55:11.359Z	spark1	LOAD	16.348	6.686
2026-09-27T13:55:11.370Z	spark2	LOAD	20.416	4.113
2026-09-27T13:55:11.610Z	spark1	LOAD	15.039	6.686
2026-09-27T13:55:11.635Z	spark2	LOAD	20.416	4.113
2026-09-27T13:55:11.860Z	spark1	LOAD	19.008	6.686
2026-09-27T13:55:11.886Z	spark2	LOAD	20.416	4.113
2026-09-27T13:55:12.110Z	spark1	LOAD	14.656	6.686
2026-09-27T13:55:12.137Z	spark2	LOAD	20.416	4.113
2026-09-27T13:55:12.387Z	spark2	LOAD	20.416	4.113
2026-09-27T13:55:12.391Z	spark1	LOAD	20.120	6.686
2026-09-27T13:55:12.642Z	spark1	LOAD	14.878	6.686
2026-09-27T13:55:12.649Z	spark2	LOAD	20.416	4.113
2026-09-27T13:55:12.892Z	spark1	LOAD	21.022	6.686
2026-09-27T13:55:12.899Z	spark2	LOAD	20.416	4.113
2026-09-27T13:55:13.143Z	spark1	LOAD	15.627	6.686
2026-09-27T13:55:13.150Z	spark2	LOAD	20.416	4.113
2026-09-27T13:55:13.400Z	spark2	LOAD	20.416	4.113
2026-09-27T13:55:13.410Z	spark1	LOAD	17.700	6.686
2026-09-27T13:55:13.661Z	spark1	LOAD	17.194	6.686
2026-09-27T13:55:13.665Z	spark2	LOAD	20.416	4.113
2026-09-27T13:55:13.911Z	spark1	LOAD	14.534	6.686
2026-09-27T13:55:13.916Z	spark2	LOAD	20.418	4.113
2026-09-27T13:55:14.162Z	spark1	LOAD	19.030	6.686
2026-09-27T13:55:14.166Z	spark2	LOAD	20.417	4.113
2026-09-27T13:55:14.418Z	spark2	LOAD	20.417	4.113
2026-09-27T13:55:14.431Z	spark1	LOAD	14.574	6.686
2026-09-27T13:55:14.678Z	spark2	LOAD	20.417	4.113
2026-09-27T13:55:14.681Z	spark1	LOAD	20.438	6.686
2026-09-27T13:55:14.929Z	spark2	LOAD	20.419	4.113
2026-09-27T13:55:14.931Z	spark1	LOAD	14.880	6.686
2026-09-27T13:55:15.179Z	spark2	LOAD	20.419	4.113
2026-09-27T13:55:15.182Z	spark1	LOAD	17.896	6.686
2026-09-27T13:55:15.431Z	spark2	LOAD	20.419	4.113
2026-09-27T13:55:15.444Z	spark1	LOAD	17.313	6.686
2026-09-27T13:55:15.695Z	spark2	LOAD	20.419	4.113
2026-09-27T13:55:15.695Z	spark1	LOAD	14.532	6.686
2026-09-27T13:55:15.945Z	spark2	LOAD	20.419	4.113
2026-09-27T13:55:15.945Z	spark1	LOAD	19.611	6.686
2026-09-27T13:55:16.196Z	spark2	LOAD	20.419	4.113
2026-09-27T13:55:16.196Z	spark1	LOAD	14.868	6.686
2026-09-27T13:55:16.446Z	spark2	LOAD	20.419	4.113
2026-09-27T13:55:16.463Z	spark1	LOAD	20.761	6.686
2026-09-27T13:55:16.707Z	spark2	LOAD	20.419	4.113
2026-09-27T13:55:16.713Z	spark1	LOAD	15.972	6.686
2026-09-27T13:55:16.958Z	spark2	LOAD	20.419	4.113
2026-09-27T13:55:16.964Z	spark1	LOAD	15.329	6.686
2026-09-27T13:55:17.208Z	spark2	LOAD	20.419	4.113
2026-09-27T13:55:17.214Z	spark1	LOAD	18.489	6.685
2026-09-27T13:55:17.459Z	spark2	LOAD	20.419	4.113
2026-09-27T13:55:17.480Z	spark1	LOAD	14.567	6.685
2026-09-27T13:55:17.719Z	spark2	LOAD	20.419	4.113
2026-09-27T13:55:17.731Z	spark1	LOAD	20.166	6.685
2026-09-27T13:55:17.970Z	spark2	LOAD	20.419	4.113
2026-09-27T13:55:17.982Z	spark1	LOAD	14.890	6.685
2026-09-27T13:55:18.220Z	spark2	LOAD	20.419	4.113
2026-09-27T13:55:18.233Z	spark1	LOAD	19.559	6.685
2026-09-27T13:55:18.470Z	spark2	LOAD	20.419	4.113
2026-09-27T13:55:18.500Z	spark1	LOAD	16.480	6.685
2026-09-27T13:55:18.731Z	spark2	LOAD	20.419	4.113
2026-09-27T13:55:18.750Z	spark1	LOAD	14.516	6.685
2026-09-27T13:55:18.982Z	spark2	LOAD	20.419	4.113
2026-09-27T13:55:19.001Z	spark1	LOAD	19.582	6.685
2026-09-27T13:55:19.233Z	spark2	LOAD	20.419	4.113
2026-09-27T13:55:19.251Z	spark1	LOAD	14.851	6.685
2026-09-27T13:55:19.483Z	spark2	LOAD	20.419	4.113
2026-09-27T13:55:19.514Z	spark1	LOAD	20.802	6.685
2026-09-27T13:55:19.749Z	spark2	LOAD	20.419	4.113
2026-09-27T13:55:19.765Z	spark1	LOAD	16.455	6.685
2026-09-27T13:55:20.000Z	spark2	LOAD	20.419	4.113
2026-09-27T13:55:20.016Z	spark1	LOAD	14.624	6.685
2026-09-27T13:55:20.251Z	spark2	LOAD	20.419	4.113
2026-09-27T13:55:20.267Z	spark1	LOAD	19.941	6.685
2026-09-27T13:55:20.502Z	spark2	LOAD	20.419	4.113
2026-09-27T13:55:20.533Z	spark1	LOAD	14.877	6.685
2026-09-27T13:55:20.762Z	spark2	LOAD	20.419	4.113
2026-09-27T13:55:20.783Z	spark1	LOAD	17.978	6.685
2026-09-27T13:55:21.013Z	spark2	LOAD	20.419	4.113
2026-09-27T13:55:21.033Z	spark1	LOAD	18.279	6.685
2026-09-27T13:55:21.263Z	spark2	LOAD	20.420	4.113
2026-09-27T13:55:21.284Z	spark1	LOAD	14.554	6.685
2026-09-27T13:55:21.514Z	spark2	LOAD	20.406	4.113
2026-09-27T13:55:21.565Z	spark1	LOAD	20.094	6.685
2026-09-27T13:55:21.778Z	spark2	LOAD	20.422	4.113
2026-09-27T13:55:21.816Z	spark1	LOAD	14.848	6.685
2026-09-27T13:55:22.028Z	spark2	LOAD	20.421	4.113
2026-09-27T13:55:22.066Z	spark1	LOAD	18.101	6.684
2026-09-27T13:55:22.281Z	spark2	LOAD	20.421	4.113
2026-09-27T13:55:22.316Z	spark1	LOAD	17.501	6.684
2026-09-27T13:55:22.531Z	spark2	LOAD	20.421	4.113
2026-09-27T13:55:22.586Z	spark1	LOAD	14.493	6.684
2026-09-27T13:55:22.796Z	spark2	LOAD	20.421	4.113
2026-09-27T13:55:22.836Z	spark1	LOAD	19.958	6.684
2026-09-27T13:55:23.046Z	spark2	LOAD	20.422	4.113
2026-09-27T13:55:23.087Z	spark1	LOAD	14.861	6.684
2026-09-27T13:55:23.298Z	spark2	LOAD	20.422	4.113
2026-09-27T13:55:23.337Z	spark1	LOAD	18.495	6.684
2026-09-27T13:55:23.548Z	spark2	LOAD	20.422	4.113
2026-09-27T13:55:23.599Z	spark1	LOAD	17.012	6.684
2026-09-27T13:55:23.814Z	spark2	LOAD	20.422	4.113
2026-09-27T13:55:23.849Z	spark1	LOAD	14.495	6.684
2026-09-27T13:55:24.064Z	spark2	LOAD	20.422	4.113
2026-09-27T13:55:24.100Z	spark1	LOAD	19.861	6.684
2026-09-27T13:55:24.314Z	spark2	LOAD	20.422	4.113
2026-09-27T13:55:24.351Z	spark1	LOAD	14.838	6.684
2026-09-27T13:55:24.565Z	spark2	LOAD	20.422	4.113
2026-09-27T13:55:24.625Z	spark1	LOAD	21.081	6.684
2026-09-27T13:55:24.829Z	spark2	LOAD	20.422	4.113
2026-09-27T13:55:24.876Z	spark1	LOAD	16.309	6.684
2026-09-27T13:55:25.080Z	spark2	LOAD	20.422	4.113
2026-09-27T13:55:25.126Z	spark1	LOAD	14.496	6.684
2026-09-27T13:55:25.330Z	spark2	LOAD	20.422	4.113
2026-09-27T13:55:25.377Z	spark1	LOAD	19.861	6.684
2026-09-27T13:55:25.581Z	spark2	LOAD	20.422	4.113
2026-09-27T13:55:25.645Z	spark1	LOAD	14.858	6.684
2026-09-27T13:55:25.846Z	spark2	LOAD	20.422	4.113
2026-09-27T13:55:25.895Z	spark1	LOAD	20.922	6.684
2026-09-27T13:55:26.096Z	spark2	LOAD	20.422	4.113
2026-09-27T13:55:26.145Z	spark1	LOAD	16.396	6.684
2026-09-27T13:55:26.349Z	spark2	LOAD	20.422	4.113
2026-09-27T13:55:26.396Z	spark1	LOAD	14.479	6.684
2026-09-27T13:55:26.597Z	spark2	LOAD	20.422	4.113
2026-09-27T13:55:26.662Z	spark1	LOAD	19.867	6.684
2026-09-27T13:55:26.861Z	spark2	LOAD	20.422	4.113
2026-09-27T13:55:26.913Z	spark1	LOAD	14.863	6.684
2026-09-27T13:55:27.112Z	spark2	LOAD	20.422	4.113
2026-09-27T13:55:27.164Z	spark1	LOAD	17.600	6.684
2026-09-27T13:55:27.362Z	spark2	LOAD	20.422	4.113
2026-09-27T13:55:27.414Z	spark1	LOAD	17.733	6.684
2026-09-27T13:55:27.614Z	spark2	LOAD	20.422	4.113
2026-09-27T13:55:27.683Z	spark1	LOAD	14.518	6.684
2026-09-27T13:55:27.877Z	spark2	LOAD	20.422	4.113
2026-09-27T13:55:27.934Z	spark1	LOAD	19.860	6.684
2026-09-27T13:55:28.128Z	spark2	LOAD	20.422	4.113
2026-09-27T13:55:28.184Z	spark1	LOAD	14.858	6.684
2026-09-27T13:55:28.379Z	spark2	LOAD	20.422	4.113
2026-09-27T13:55:28.435Z	spark1	LOAD	20.634	6.684
2026-09-27T13:55:28.629Z	spark2	LOAD	20.422	4.113
2026-09-27T13:55:28.696Z	spark1	LOAD	16.115	6.684
2026-09-27T13:55:28.894Z	spark2	LOAD	20.422	4.113
2026-09-27T13:55:28.946Z	spark1	LOAD	15.200	6.684
2026-09-27T13:55:29.144Z	spark2	LOAD	20.422	4.113
2026-09-27T13:55:29.197Z	spark1	LOAD	21.588	6.684
2026-09-27T13:55:29.394Z	spark2	LOAD	20.422	4.113
2026-09-27T13:55:29.447Z	spark1	LOAD	21.585	6.684
2026-09-27T13:55:29.645Z	spark2	LOAD	20.422	4.113
2026-09-27T13:55:29.712Z	spark1	LOAD	21.582	6.684
2026-09-27T13:55:29.909Z	spark2	LOAD	20.422	4.113
2026-09-27T13:55:29.963Z	spark1	LOAD	21.578	6.684
2026-09-27T13:55:30.161Z	spark2	LOAD	20.422	4.113
2026-09-27T13:55:30.213Z	spark1	LOAD	21.577	6.684
2026-09-27T13:55:30.411Z	spark2	LOAD	20.422	4.113
2026-09-27T13:55:30.463Z	spark1	LOAD	20.975	6.684
2026-09-27T13:55:30.662Z	spark2	LOAD	20.422	4.113
2026-09-27T13:55:30.725Z	spark1	LOAD	19.435	6.684
2026-09-27T13:55:30.923Z	spark2	LOAD	20.422	4.113
2026-09-27T13:55:30.976Z	spark1	LOAD	19.420	6.684
2026-09-27T13:55:31.173Z	spark2	LOAD	20.422	4.113
2026-09-27T13:55:31.226Z	spark1	LOAD	19.412	6.684
2026-09-27T13:55:31.423Z	spark2	LOAD	20.422	4.113
2026-09-27T13:55:31.476Z	spark1	LOAD	18.770	6.683
2026-09-27T13:55:31.673Z	spark2	LOAD	20.422	4.113
2026-09-27T13:55:31.742Z	spark1	LOAD	18.739	6.683
2026-09-27T13:55:31.935Z	spark2	LOAD	20.422	4.113
2026-09-27T13:55:31.993Z	spark1	LOAD	18.679	6.683
2026-09-27T13:55:32.185Z	spark2	LOAD	20.421	4.113
2026-09-27T13:55:32.243Z	spark1	LOAD	18.639	6.683
2026-09-27T13:55:32.435Z	spark2	LOAD	20.404	4.113
2026-09-27T13:55:32.493Z	spark1	LOAD	18.601	6.683
2026-09-27T13:55:32.686Z	spark2	LOAD	20.419	4.113
2026-09-27T13:55:32.760Z	spark1	LOAD	18.550	6.683
2026-09-27T13:55:32.951Z	spark2	LOAD	20.420	4.113
2026-09-27T13:55:33.010Z	spark1	LOAD	18.512	6.683
2026-09-27T13:55:33.202Z	spark2	LOAD	20.420	4.113
2026-09-27T13:55:33.261Z	spark1	LOAD	18.467	6.683
2026-09-27T13:55:33.453Z	spark2	LOAD	20.420	4.113
2026-09-27T13:55:33.511Z	spark1	LOAD	18.433	6.683
2026-09-27T13:55:33.703Z	spark2	LOAD	20.420	4.113
2026-09-27T13:55:33.777Z	spark1	LOAD	18.358	6.683
2026-09-27T13:55:33.968Z	spark2	LOAD	20.420	4.113
2026-09-27T13:55:34.028Z	spark1	LOAD	18.299	6.683
2026-09-27T13:55:34.218Z	spark2	LOAD	20.420	4.113
2026-09-27T13:55:34.278Z	spark1	LOAD	18.260	6.683
2026-09-27T13:55:34.468Z	spark2	LOAD	20.420	4.113
2026-09-27T13:55:34.529Z	spark1	LOAD	18.229	6.683
2026-09-27T13:55:34.719Z	spark2	LOAD	20.420	4.113
2026-09-27T13:55:34.795Z	spark1	LOAD	18.230	6.683
2026-09-27T13:55:34.984Z	spark2	LOAD	20.420	4.113
2026-09-27T13:55:35.046Z	spark1	LOAD	18.158	6.683
2026-09-27T13:55:35.235Z	spark2	LOAD	20.420	4.113
2026-09-27T13:55:35.296Z	spark1	LOAD	18.088	6.683
2026-09-27T13:55:35.486Z	spark2	LOAD	20.420	4.113
2026-09-27T13:55:35.547Z	spark1	LOAD	18.042	6.683
2026-09-27T13:55:35.736Z	spark2	LOAD	20.420	4.113
2026-09-27T13:55:35.814Z	spark1	LOAD	18.012	6.683
2026-09-27T13:55:35.998Z	spark2	LOAD	20.420	4.113
2026-09-27T13:55:36.064Z	spark1	LOAD	17.979	6.683
2026-09-27T13:55:36.249Z	spark2	LOAD	20.420	4.113
2026-09-27T13:55:36.315Z	spark1	LOAD	17.939	6.683
2026-09-27T13:55:36.499Z	spark2	LOAD	20.420	4.113
2026-09-27T13:55:36.565Z	spark1	LOAD	17.936	6.683
2026-09-27T13:55:36.749Z	spark2	LOAD	20.420	4.113
2026-09-27T13:55:36.833Z	spark1	LOAD	17.843	6.683
2026-09-27T13:55:37.014Z	spark2	LOAD	20.420	4.113
2026-09-27T13:55:37.083Z	spark1	LOAD	17.762	6.683
2026-09-27T13:55:37.265Z	spark2	LOAD	20.420	4.113
2026-09-27T13:55:37.333Z	spark1	LOAD	18.692	6.683
2026-09-27T13:55:37.516Z	spark2	LOAD	20.420	4.113
2026-09-27T13:55:37.584Z	spark1	LOAD	18.692	6.683
2026-09-27T13:55:37.766Z	spark2	LOAD	20.420	4.113
2026-09-27T13:55:37.849Z	spark1	LOAD	18.676	6.683
2026-09-27T13:55:38.032Z	spark2	LOAD	20.420	4.113
2026-09-27T13:55:38.099Z	spark1	LOAD	18.679	6.683
2026-09-27T13:55:38.282Z	spark2	LOAD	20.420	4.113
2026-09-27T13:55:38.351Z	spark1	LOAD	18.671	6.683
2026-09-27T13:55:38.533Z	spark2	LOAD	20.420	4.113
2026-09-27T13:55:38.601Z	spark1	LOAD	18.668	6.683
2026-09-27T13:55:38.783Z	spark2	LOAD	20.420	4.113
2026-09-27T13:55:38.862Z	spark1	LOAD	18.664	6.683
2026-09-27T13:55:39.049Z	spark2	LOAD	20.420	4.113
2026-09-27T13:55:39.113Z	spark1	LOAD	18.656	6.683
2026-09-27T13:55:39.299Z	spark2	LOAD	20.420	4.113
2026-09-27T13:55:39.363Z	spark1	LOAD	18.632	6.683
2026-09-27T13:55:39.550Z	spark2	LOAD	20.420	4.113
2026-09-27T13:55:39.614Z	spark1	LOAD	18.632	6.683
2026-09-27T13:55:39.801Z	spark2	LOAD	20.420	4.113
2026-09-27T13:55:39.876Z	spark1	LOAD	18.627	6.683
2026-09-27T13:55:40.066Z	spark2	LOAD	20.420	4.113
2026-09-27T13:55:40.127Z	spark1	LOAD	18.629	6.683
2026-09-27T13:55:40.317Z	spark2	LOAD	20.420	4.113
2026-09-27T13:55:40.377Z	spark1	LOAD	18.615	6.683
2026-09-27T13:55:40.567Z	spark2	LOAD	20.420	4.113
2026-09-27T13:55:40.628Z	spark1	LOAD	18.615	6.683
2026-09-27T13:55:40.818Z	spark2	LOAD	20.420	4.113
2026-09-27T13:55:40.890Z	spark1	LOAD	18.619	6.683
2026-09-27T13:55:41.082Z	spark2	LOAD	20.420	4.113
2026-09-27T13:55:41.140Z	spark1	LOAD	18.621	6.683
2026-09-27T13:55:41.332Z	spark2	LOAD	20.420	4.113
2026-09-27T13:55:41.391Z	spark1	LOAD	18.580	6.683
2026-09-27T13:55:41.583Z	spark2	LOAD	20.420	4.113
2026-09-27T13:55:41.641Z	spark1	LOAD	18.579	6.683
2026-09-27T13:55:41.833Z	spark2	LOAD	20.420	4.113
2026-09-27T13:55:41.906Z	spark1	LOAD	18.572	6.683
2026-09-27T13:55:42.098Z	spark2	LOAD	20.420	4.113
2026-09-27T13:55:42.156Z	spark1	LOAD	18.553	6.683
2026-09-27T13:55:42.348Z	spark2	LOAD	20.420	4.113
2026-09-27T13:55:42.407Z	spark1	LOAD	18.542	6.683
2026-09-27T13:55:42.599Z	spark2	LOAD	20.420	4.113
2026-09-27T13:55:42.657Z	spark1	LOAD	18.521	6.683
2026-09-27T13:55:42.849Z	spark2	LOAD	20.420	4.113
2026-09-27T13:55:42.918Z	spark1	LOAD	18.496	6.683
2026-09-27T13:55:43.113Z	spark2	LOAD	20.419	4.113
2026-09-27T13:55:43.169Z	spark1	LOAD	18.485	6.683
2026-09-27T13:55:43.363Z	spark2	LOAD	20.408	4.113
2026-09-27T13:55:43.419Z	spark1	LOAD	18.451	6.683
2026-09-27T13:55:43.615Z	spark2	LOAD	20.413	4.113
2026-09-27T13:55:43.670Z	spark1	LOAD	18.446	6.683
2026-09-27T13:55:43.864Z	spark2	LOAD	20.413	4.113
2026-09-27T13:55:43.932Z	spark1	LOAD	18.432	6.683
2026-09-27T13:55:44.130Z	spark2	LOAD	20.413	4.113
2026-09-27T13:55:44.182Z	spark1	LOAD	18.443	6.683
2026-09-27T13:55:44.380Z	spark2	LOAD	20.413	4.113
2026-09-27T13:55:44.432Z	spark1	LOAD	18.431	6.683
2026-09-27T13:55:44.631Z	spark2	LOAD	20.413	4.113
2026-09-27T13:55:44.682Z	spark1	LOAD	18.425	6.683
2026-09-27T13:55:44.881Z	spark2	LOAD	20.414	4.113
2026-09-27T13:55:44.943Z	spark1	LOAD	18.416	6.683
2026-09-27T13:55:45.146Z	spark2	LOAD	20.416	4.113
2026-09-27T13:55:45.194Z	spark1	LOAD	18.407	6.683
2026-09-27T13:55:45.396Z	spark2	LOAD	20.416	4.113
2026-09-27T13:55:45.444Z	spark1	LOAD	18.391	6.683
2026-09-27T13:55:45.647Z	spark2	LOAD	20.416	4.113
2026-09-27T13:55:45.694Z	spark1	LOAD	18.370	6.683
2026-09-27T13:55:45.897Z	spark2	LOAD	20.417	4.113
2026-09-27T13:55:45.956Z	spark1	LOAD	18.364	6.683
2026-09-27T13:55:46.161Z	spark2	LOAD	20.418	4.113
2026-09-27T13:55:46.206Z	spark1	LOAD	18.356	6.682
2026-09-27T13:55:46.412Z	spark2	LOAD	20.418	4.113
2026-09-27T13:55:46.456Z	spark1	LOAD	18.347	6.682
2026-09-27T13:55:46.662Z	spark2	LOAD	20.418	4.113
2026-09-27T13:55:46.706Z	spark1	LOAD	18.333	6.682
2026-09-27T13:55:46.913Z	spark2	LOAD	20.418	4.113
2026-09-27T13:55:46.968Z	spark1	LOAD	18.331	6.682
2026-09-27T13:55:47.177Z	spark2	LOAD	20.418	4.113
2026-09-27T13:55:47.218Z	spark1	LOAD	19.340	6.682
2026-09-27T13:55:47.428Z	spark2	PROFILE	20.418	4.113
2026-09-27T13:55:47.469Z	spark1	PROFILE	19.562	6.682
2026-09-27T13:55:47.678Z	spark2	PROFILE	20.415	4.112
2026-09-27T13:55:47.719Z	spark1	PROFILE	19.560	6.682
2026-09-27T13:55:47.930Z	spark2	PROFILE	20.415	4.112
2026-09-27T13:55:47.982Z	spark1	PROFILE	19.560	6.681
2026-09-27T13:55:48.194Z	spark2	PROFILE	20.370	4.112
2026-09-27T13:55:48.232Z	spark1	PROFILE	19.468	6.681
2026-09-27T13:55:48.444Z	spark2	PROFILE	20.195	4.112
2026-09-27T13:55:48.482Z	spark1	PROFILE	19.284	6.681
2026-09-27T13:55:48.696Z	spark2	PROFILE	20.110	4.112
2026-09-27T13:55:48.733Z	spark1	PROFILE	19.246	6.681
2026-09-27T13:55:48.946Z	spark2	PROFILE	20.103	4.112
2026-09-27T13:55:48.994Z	spark1	PROFILE	19.214	6.681
2026-09-27T13:55:49.211Z	spark2	PROFILE	20.064	4.112
2026-09-27T13:55:49.244Z	spark1	PROFILE	19.206	6.681
2026-09-27T13:55:49.461Z	spark2	PROFILE	19.762	4.112
2026-09-27T13:55:49.495Z	spark1	PROFILE	17.324	6.681
2026-09-27T13:55:49.712Z	spark2	PROFILE	16.933	4.112
2026-09-27T13:55:49.746Z	spark1	PROFILE	16.140	6.681
2026-09-27T13:55:49.962Z	spark2	PROFILE	17.012	4.112
2026-09-27T13:55:50.012Z	spark1	PROFILE	16.135	6.681
2026-09-27T13:55:50.227Z	spark2	PROFILE	17.011	4.112
2026-09-27T13:55:50.262Z	spark1	PROFILE	15.815	6.681
2026-09-27T13:55:50.477Z	spark2	PROFILE	16.882	4.112
2026-09-27T13:55:50.512Z	spark1	PROFILE	15.388	6.681
2026-09-27T13:55:50.727Z	spark2	PROFILE	16.070	4.113
2026-09-27T13:55:50.763Z	spark1	PROFILE	15.855	6.681
2026-09-27T13:55:50.979Z	spark2	PROFILE	16.018	4.113
2026-09-27T13:55:51.025Z	spark1	PROFILE	15.385	6.681
2026-09-27T13:55:51.238Z	spark2	PROFILE	16.359	4.113
2026-09-27T13:55:51.275Z	spark1	PROFILE	14.617	6.681
2026-09-27T13:55:51.489Z	spark2	PROFILE	14.618	4.113
2026-09-27T13:55:51.526Z	spark1	PROFILE	14.297	6.681
2026-09-27T13:55:51.739Z	spark2	PROFILE	15.064	4.113
2026-09-27T13:55:51.776Z	spark1	PROFILE	14.013	6.681
2026-09-27T13:55:51.991Z	spark2	PROFILE	15.060	4.113
2026-09-27T13:55:52.043Z	spark1	PROFILE	14.498	6.681
2026-09-27T13:55:52.256Z	spark2	PROFILE	15.043	4.113
2026-09-27T13:55:52.294Z	spark1	PROFILE	14.496	6.681
2026-09-27T13:55:52.507Z	spark2	PROFILE	14.605	4.113
2026-09-27T13:55:52.545Z	spark1	PROFILE	14.500	6.681
2026-09-27T13:55:52.757Z	spark2	PROFILE	15.039	4.113
2026-09-27T13:55:52.795Z	spark1	PROFILE	14.489	6.681
2026-09-27T13:55:53.007Z	spark2	PROFILE	14.360	4.113
2026-09-27T13:55:53.061Z	spark1	PROFILE	13.248	6.683
2026-09-27T13:55:53.272Z	spark2	PROFILE	14.336	4.113
2026-09-27T13:55:53.312Z	spark1	PROFILE	13.229	6.683
2026-09-27T13:55:53.523Z	spark2	PROFILE	14.258	4.113
2026-09-27T13:55:53.563Z	spark1	PROFILE	13.119	6.683
2026-09-27T13:55:53.773Z	spark2	PROFILE	14.256	4.113
2026-09-27T13:55:53.813Z	spark1	PROFILE	13.088	6.683
2026-09-27T13:55:54.023Z	spark2	PROFILE	14.204	4.113
2026-09-27T13:55:54.079Z	spark1	PROFILE	13.039	6.683
2026-09-27T13:55:54.289Z	spark2	PROFILE	14.169	4.113
2026-09-27T13:55:54.329Z	spark1	PROFILE	13.037	6.683
2026-09-27T13:55:54.539Z	spark2	PROFILE	14.170	4.113
2026-09-27T13:55:54.580Z	spark1	PROFILE	13.023	6.683
2026-09-27T13:55:54.789Z	spark2	PROFILE	14.166	4.113
2026-09-27T13:55:54.830Z	spark1	PROFILE	13.023	6.683
2026-09-27T13:55:55.040Z	spark2	PROFILE	14.166	4.113
2026-09-27T13:55:55.096Z	spark1	PROFILE	13.025	6.683
2026-09-27T13:55:55.300Z	spark2	PROFILE	14.159	4.113
2026-09-27T13:55:55.347Z	spark1	PROFILE	13.017	6.683
2026-09-27T13:55:55.551Z	spark2	PROFILE	14.159	4.113
2026-09-27T13:55:55.597Z	spark1	PROFILE	13.017	6.683
2026-09-27T13:55:55.802Z	spark2	PROFILE	14.157	4.113
2026-09-27T13:55:55.848Z	spark1	PROFILE	13.015	6.683
2026-09-27T13:55:56.053Z	spark2	PROFILE	14.154	4.113
2026-09-27T13:55:56.109Z	spark1	PROFILE	13.028	6.683
2026-09-27T13:55:56.317Z	spark2	PROFILE	14.149	4.113
2026-09-27T13:55:56.359Z	spark1	PROFILE	13.050	6.683
2026-09-27T13:55:56.568Z	spark2	PROFILE	14.141	4.113
2026-09-27T13:55:56.610Z	spark1	PROFILE	13.020	6.683
2026-09-27T13:55:56.819Z	spark2	PROFILE	14.141	4.113
2026-09-27T13:55:56.861Z	spark1	PROFILE	13.020	6.683
2026-09-27T13:55:57.069Z	spark2	PROFILE	14.141	4.113
2026-09-27T13:55:57.122Z	spark1	PROFILE	13.020	6.683
2026-09-27T13:55:57.334Z	spark2	PROFILE	14.134	4.113
2026-09-27T13:55:57.373Z	spark1	PROFILE	13.013	6.683
2026-09-27T13:55:57.584Z	spark2	PROFILE	14.134	4.113
2026-09-27T13:55:57.623Z	spark1	PROFILE	13.013	6.683
2026-09-27T13:55:57.835Z	spark2	PROFILE	14.132	4.113
2026-09-27T13:55:57.873Z	spark1	PROFILE	13.011	6.683
2026-09-27T13:55:58.086Z	spark2	PROFILE	14.132	4.113
2026-09-27T13:55:58.136Z	spark1	PROFILE	13.010	6.683
2026-09-27T13:55:58.351Z	spark2	PROFILE	14.132	4.113
2026-09-27T13:55:58.386Z	spark1	PROFILE	13.003	6.683
2026-09-27T13:55:58.602Z	spark2	PROFILE	14.117	4.113
2026-09-27T13:55:58.637Z	spark1	PROFILE	12.996	6.683
2026-09-27T13:55:58.854Z	spark2	PROFILE	14.117	4.113
2026-09-27T13:55:58.887Z	spark1	PROFILE	12.988	6.683
2026-09-27T13:55:59.103Z	spark2	PROFILE	14.102	4.113
2026-09-27T13:55:59.154Z	spark1	PROFILE	12.992	6.683
2026-09-27T13:55:59.369Z	spark2	PROFILE	14.101	4.113
2026-09-27T13:55:59.404Z	spark1	PROFILE	12.992	6.683
2026-09-27T13:55:59.620Z	spark2	PROFILE	14.101	4.113
2026-09-27T13:55:59.654Z	spark1	PROFILE	12.984	6.683
2026-09-27T13:55:59.870Z	spark2	PROFILE	14.101	4.113
2026-09-27T13:55:59.905Z	spark1	PROFILE	12.984	6.683
2026-09-27T13:56:00.121Z	spark2	PROFILE	14.101	4.113
2026-09-27T13:56:00.171Z	spark1	PROFILE	12.982	6.683
2026-09-27T13:56:00.382Z	spark2	PROFILE	14.101	4.113
2026-09-27T13:56:00.422Z	spark1	PROFILE	12.972	6.683
2026-09-27T13:56:00.632Z	spark2	PROFILE	13.802	4.113
2026-09-27T13:56:00.672Z	spark1	PROFILE	12.965	6.683
2026-09-27T13:56:00.883Z	spark2	PROFILE	13.688	4.112
2026-09-27T13:56:00.923Z	spark1	PROFILE	12.848	6.683
2026-09-27T13:56:01.133Z	spark2	PROFILE	13.685	4.112
2026-09-27T13:56:01.187Z	spark1	PROFILE	12.564	6.683
2026-09-27T13:56:01.393Z	spark2	PROFILE	13.679	4.111
2026-09-27T13:56:01.437Z	spark1	PROFILE	12.541	6.681
2026-09-27T13:56:01.644Z	spark2	PROFILE	12.656	4.111
2026-09-27T13:56:01.688Z	spark1	PROFILE	12.488	6.681
2026-09-27T13:56:01.895Z	spark2	PROFILE	12.655	4.111
2026-09-27T13:56:01.938Z	spark1	PROFILE	12.351	6.681
2026-09-27T13:56:02.145Z	spark2	PROFILE	12.655	4.111
2026-09-27T13:56:02.202Z	spark1	PROFILE	12.080	6.681
2026-09-27T13:56:02.410Z	spark2	PROFILE	12.654	4.111
2026-09-27T13:56:02.452Z	spark1	PROFILE	11.959	6.681
2026-09-27T13:56:02.660Z	spark2	PROFILE	12.654	4.111
2026-09-27T13:56:02.703Z	spark1	PROFILE	11.959	6.681
2026-09-27T13:56:02.911Z	spark2	PROFILE	12.653	4.111
2026-09-27T13:56:02.954Z	spark1	PROFILE	11.957	6.681
2026-09-27T13:56:03.162Z	spark2	PROFILE	12.653	4.111
2026-09-27T13:56:03.224Z	spark1	PROFILE	11.953	6.681
2026-09-27T13:56:03.424Z	spark2	PROFILE	12.651	4.111
2026-09-27T13:56:03.475Z	spark1	PROFILE	11.953	6.681
2026-09-27T13:56:03.675Z	spark2	PROFILE	12.651	4.111
2026-09-27T13:56:03.725Z	spark1	PROFILE	11.953	6.680
2026-09-27T13:56:03.925Z	spark2	PROFILE	12.651	4.111
2026-09-27T13:56:03.976Z	spark1	PROFILE	11.953	6.680
2026-09-27T13:56:04.176Z	spark2	PROFILE	12.651	4.111
2026-09-27T13:56:04.242Z	spark1	PROFILE	11.926	6.680
2026-09-27T13:56:04.437Z	spark2	PROFILE	12.651	4.111
2026-09-27T13:56:04.492Z	spark1	PROFILE	11.891	6.680
2026-09-27T13:56:04.687Z	spark2	PROFILE	12.651	4.111
2026-09-27T13:56:04.742Z	spark1	PROFILE	11.870	6.680
2026-09-27T13:56:04.939Z	spark2	PROFILE	12.650	4.111
2026-09-27T13:56:04.993Z	spark1	PROFILE	11.841	6.680
2026-09-27T13:56:05.189Z	spark2	PROFILE	12.632	4.111
2026-09-27T13:56:05.263Z	spark1	PROFILE	11.841	6.680
2026-09-27T13:56:05.459Z	spark2	PROFILE	12.614	4.111
2026-09-27T13:56:05.514Z	spark1	PROFILE	11.841	6.680
2026-09-27T13:56:05.710Z	spark2	PROFILE	12.583	4.111
2026-09-27T13:56:05.764Z	spark1	PROFILE	11.841	6.680
2026-09-27T13:56:05.959Z	spark2	PROFILE	12.557	4.110
2026-09-27T13:56:06.014Z	spark1	PROFILE	11.841	6.680
2026-09-27T13:56:06.210Z	spark2	PROFILE	12.557	4.110
2026-09-27T13:56:06.281Z	spark1	PROFILE	11.841	6.680
2026-09-27T13:56:06.475Z	spark2	PROFILE	12.557	4.110
2026-09-27T13:56:06.531Z	spark1	PROFILE	11.841	6.680
2026-09-27T13:56:06.726Z	spark2	PROFILE	12.557	4.110
2026-09-27T13:56:06.782Z	spark1	PROFILE	11.841	6.680
2026-09-27T13:56:06.977Z	spark2	PROFILE	12.562	4.110
2026-09-27T13:56:07.032Z	spark1	PROFILE	11.841	6.680
2026-09-27T13:56:07.228Z	spark2	PROFILE	12.561	4.110
2026-09-27T13:56:07.296Z	spark1	PROFILE	11.834	6.680
2026-09-27T13:56:07.495Z	spark2	PROFILE	12.549	4.110
2026-09-27T13:56:07.547Z	spark1	PROFILE	11.828	6.680
2026-09-27T13:56:07.745Z	spark2	PROFILE	12.547	4.110
2026-09-27T13:56:07.797Z	spark1	PROFILE	11.827	6.680
2026-09-27T13:56:07.995Z	spark2	PROFILE	12.975	4.110
2026-09-27T13:56:08.048Z	spark1	PROFILE	12.389	6.681
2026-09-27T13:56:08.247Z	spark2	PROFILE	12.933	4.110
2026-09-27T13:56:08.310Z	spark1	PROFILE	12.352	6.681
2026-09-27T13:56:08.507Z	spark2	PROFILE	13.097	4.110
2026-09-27T13:56:08.560Z	spark1	PROFILE	11.911	6.681
2026-09-27T13:56:08.759Z	spark2	PROFILE	12.940	4.110
2026-09-27T13:56:08.811Z	spark1	PROFILE	11.679	6.681
2026-09-27T13:56:09.009Z	spark2	PROFILE	12.817	4.110
2026-09-27T13:56:09.061Z	spark1	PROFILE	11.510	6.681
2026-09-27T13:56:09.260Z	spark2	PROFILE	12.800	4.110
2026-09-27T13:56:09.322Z	spark1	PROFILE	12.492	6.682
2026-09-27T13:56:09.519Z	spark2	PROFILE	12.783	4.110
2026-09-27T13:56:09.573Z	spark1	PROFILE	12.492	6.682
2026-09-27T13:56:09.770Z	spark2	PROFILE	12.783	4.110
2026-09-27T13:56:09.823Z	spark1	PROFILE	12.491	6.682
2026-09-27T13:56:10.020Z	spark2	PROFILE	12.783	4.110
2026-09-27T13:56:10.074Z	spark1	PROFILE	12.491	6.682
2026-09-27T13:56:10.270Z	spark2	PROFILE	12.783	4.110
2026-09-27T13:56:10.336Z	spark1	PROFILE	12.486	6.682
2026-09-27T13:56:10.531Z	spark2	PROFILE	12.782	4.110
2026-09-27T13:56:10.586Z	spark1	PROFILE	12.466	6.682
2026-09-27T13:56:10.782Z	spark2	PROFILE	12.781	4.110
2026-09-27T13:56:10.837Z	spark1	PROFILE	12.465	6.682
2026-09-27T13:56:11.032Z	spark2	PROFILE	12.781	4.110
2026-09-27T13:56:11.088Z	spark1	PROFILE	12.465	6.682
2026-09-27T13:56:11.282Z	spark2	PROFILE	12.781	4.110
2026-09-27T13:56:11.350Z	spark1	PROFILE	12.464	6.682
2026-09-27T13:56:11.546Z	spark2	PROFILE	12.780	4.110
2026-09-27T13:56:11.600Z	spark1	PROFILE	12.461	6.682
2026-09-27T13:56:11.797Z	spark2	PROFILE	12.780	4.110
2026-09-27T13:56:11.851Z	spark1	PROFILE	12.461	6.682
2026-09-27T13:56:12.048Z	spark2	PROFILE	12.780	4.110
2026-09-27T13:56:12.101Z	spark1	PROFILE	12.461	6.682
2026-09-27T13:56:12.298Z	spark2	PROFILE	12.795	4.110
2026-09-27T13:56:12.362Z	spark1	PROFILE	12.461	6.682
2026-09-27T13:56:12.559Z	spark2	PROFILE	12.794	4.110
2026-09-27T13:56:12.613Z	spark1	PROFILE	12.459	6.682
2026-09-27T13:56:12.808Z	spark2	PROFILE	12.794	4.110
2026-09-27T13:56:12.863Z	spark1	PROFILE	12.449	6.682
2026-09-27T13:56:13.059Z	spark2	PROFILE	12.794	4.110
2026-09-27T13:56:13.114Z	spark1	PROFILE	12.323	6.682
2026-09-27T13:56:13.310Z	spark2	PROFILE	12.791	4.110
2026-09-27T13:56:13.376Z	spark1	PROFILE	12.207	6.682
2026-09-27T13:56:13.570Z	spark2	PROFILE	12.633	4.110
2026-09-27T13:56:13.627Z	spark1	PROFILE	12.176	6.682
2026-09-27T13:56:13.821Z	spark2	PROFILE	12.568	4.110
2026-09-27T13:56:13.877Z	spark1	PROFILE	12.471	6.682
2026-09-27T13:56:14.071Z	spark2	PROFILE	12.515	4.110
2026-09-27T13:56:14.127Z	spark1	PROFILE	12.406	6.682
2026-09-27T13:56:14.321Z	spark2	PROFILE	12.495	4.110
2026-09-27T13:56:14.394Z	spark1	PROFILE	12.384	6.682
2026-09-27T13:56:14.583Z	spark2	PROFILE	12.480	4.110
2026-09-27T13:56:14.644Z	spark1	PROFILE	12.290	6.682
2026-09-27T13:56:14.833Z	spark2	PROFILE	12.466	4.110
2026-09-27T13:56:14.895Z	spark1	PROFILE	12.148	6.682
2026-09-27T13:56:15.083Z	spark2	PROFILE	12.444	4.110
2026-09-27T13:56:15.145Z	spark1	PROFILE	12.233	6.682
2026-09-27T13:56:15.334Z	spark2	PROFILE	12.454	4.110
2026-09-27T13:56:15.408Z	spark1	PROFILE	12.171	6.682
2026-09-27T13:56:15.594Z	spark2	PROFILE	12.415	4.110
2026-09-27T13:56:15.658Z	spark1	PROFILE	12.169	6.682
2026-09-27T13:56:15.844Z	spark2	PROFILE	12.728	4.110
2026-09-27T13:56:15.909Z	spark1	PROFILE	12.481	6.685
2026-09-27T13:56:16.094Z	spark2	PROFILE	12.967	4.110
2026-09-27T13:56:16.159Z	spark1	PROFILE	12.359	6.697
2026-09-27T13:56:16.345Z	spark2	PROFILE	12.960	4.110
2026-09-27T13:56:16.428Z	spark1	PROFILE	12.340	6.697
2026-09-27T13:56:16.606Z	spark2	PROFILE	12.925	4.110
2026-09-27T13:56:16.678Z	spark1	PROFILE	12.306	6.697
2026-09-27T13:56:16.857Z	spark2	PROFILE	12.878	4.110
2026-09-27T13:56:16.928Z	spark1	PROFILE	12.284	6.697
2026-09-27T13:56:17.107Z	spark2	PROFILE	12.853	4.110
2026-09-27T13:56:17.179Z	spark1	PROFILE	12.271	6.697
2026-09-27T13:56:17.357Z	spark2	PROFILE	12.808	4.110
2026-09-27T13:56:17.442Z	spark1	PROFILE	12.262	6.697
2026-09-27T13:56:17.621Z	spark2	PROFILE	12.882	4.110
2026-09-27T13:56:17.693Z	spark1	PROFILE	12.260	6.697
2026-09-27T13:56:17.871Z	spark2	PROFILE	12.880	4.110
2026-09-27T13:56:17.943Z	spark1	PROFILE	12.257	6.697
2026-09-27T13:56:18.122Z	spark2	PROFILE	12.870	4.110
2026-09-27T13:56:18.194Z	spark1	PROFILE	12.219	6.697
2026-09-27T13:56:18.372Z	spark2	PROFILE	12.813	4.110
2026-09-27T13:56:18.461Z	spark1	PROFILE	12.189	6.697
2026-09-27T13:56:18.636Z	spark2	PROFILE	12.790	4.110
2026-09-27T13:56:18.711Z	spark1	PROFILE	12.167	6.697
2026-09-27T13:56:18.887Z	spark2	PROFILE	12.767	4.110
2026-09-27T13:56:18.962Z	spark1	PROFILE	11.877	6.703
2026-09-27T13:56:19.137Z	spark2	PROFILE	12.533	4.110
2026-09-27T13:56:19.212Z	spark1	PROFILE	11.555	6.723
2026-09-27T13:56:19.387Z	spark2	PROFILE	11.722	4.110
2026-09-27T13:56:19.475Z	spark1	PROFILE	11.517	6.723
2026-09-27T13:56:19.648Z	spark2	PROFILE	12.158	4.110
2026-09-27T13:56:19.725Z	spark1	PROFILE	11.555	6.745
2026-09-27T13:56:19.899Z	spark2	PROFILE	12.098	4.110
2026-09-27T13:56:19.975Z	spark1	PROFILE	11.548	6.745
2026-09-27T13:56:20.149Z	spark2	PROFILE	12.072	4.110
2026-09-27T13:56:20.226Z	spark1	PROFILE	11.539	6.747
2026-09-27T13:56:20.400Z	spark2	PROFILE	12.071	4.110
2026-09-27T13:56:20.497Z	spark1	PROFILE	11.534	6.747
2026-09-27T13:56:20.666Z	spark2	PROFILE	12.069	4.110
2026-09-27T13:56:20.747Z	spark1	PROFILE	11.532	6.747
2026-09-27T13:56:20.916Z	spark2	PROFILE	12.069	4.110
2026-09-27T13:56:20.997Z	spark1	PROFILE	11.482	6.747
2026-09-27T13:56:21.166Z	spark2	PROFILE	12.006	4.110
2026-09-27T13:56:21.247Z	spark1	PROFILE	11.406	6.747
2026-09-27T13:56:21.416Z	spark2	PROFILE	11.906	4.110
2026-09-27T13:56:21.510Z	spark1	PROFILE	11.298	6.747
2026-09-27T13:56:21.678Z	spark2	PROFILE	11.623	4.110
2026-09-27T13:56:21.760Z	spark1	PROFILE	10.987	6.746
2026-09-27T13:56:21.928Z	spark2	PROFILE	11.561	4.110
2026-09-27T13:56:22.011Z	spark1	PROFILE	10.935	6.745
2026-09-27T13:56:22.178Z	spark2	PROFILE	11.299	4.110
2026-09-27T13:56:22.261Z	spark1	PROFILE	10.886	6.745
2026-09-27T13:56:22.429Z	spark2	PROFILE	11.212	4.110
2026-09-27T13:56:22.526Z	spark1	PROFILE	10.761	6.745
2026-09-27T13:56:22.691Z	spark2	PROFILE	11.285	4.110
2026-09-27T13:56:22.776Z	spark1	PROFILE	10.648	6.745
2026-09-27T13:56:22.940Z	spark2	PROFILE	11.219	4.110
2026-09-27T13:56:23.027Z	spark1	PROFILE	10.559	6.745
2026-09-27T13:56:23.191Z	spark2	PROFILE	11.139	4.110
2026-09-27T13:56:23.278Z	spark1	PROFILE	10.459	6.745
2026-09-27T13:56:23.441Z	spark2	PROFILE	11.118	4.110
2026-09-27T13:56:23.555Z	spark1	PROFILE	10.423	6.745
2026-09-27T13:56:23.707Z	spark2	PROFILE	11.011	4.110
2026-09-27T13:56:23.806Z	spark1	PROFILE	10.996	6.745
2026-09-27T13:56:23.957Z	spark2	PROFILE	10.851	4.110
2026-09-27T13:56:24.056Z	spark1	PROFILE	10.797	6.745
2026-09-27T13:56:24.207Z	spark2	PROFILE	10.705	4.110
2026-09-27T13:56:24.307Z	spark1	PROFILE	10.641	6.745
2026-09-27T13:56:24.458Z	spark2	PROFILE	10.551	4.110
2026-09-27T13:56:24.584Z	spark1	PROFILE	10.463	6.745
2026-09-27T13:56:24.722Z	spark2	PROFILE	10.644	4.110
2026-09-27T13:56:24.835Z	spark1	PROFILE	10.391	6.745
2026-09-27T13:56:24.972Z	spark2	PROFILE	10.562	4.110
2026-09-27T13:56:25.085Z	spark1	PROFILE	10.282	6.745
2026-09-27T13:56:25.223Z	spark2	PROFILE	10.635	4.110
2026-09-27T13:56:25.336Z	spark1	PROFILE	10.448	6.745
2026-09-27T13:56:25.473Z	spark2	PROFILE	10.466	4.110
2026-09-27T13:56:25.613Z	spark1	PROFILE	11.067	6.745
2026-09-27T13:56:25.739Z	spark2	PROFILE	11.230	4.110
2026-09-27T13:56:25.864Z	spark1	PROFILE	10.768	6.745
2026-09-27T13:56:25.989Z	spark2	PROFILE	10.977	4.110
2026-09-27T13:56:26.114Z	spark1	PROFILE	10.537	6.745
2026-09-27T13:56:26.240Z	spark2	PROFILE	10.721	4.110
2026-09-27T13:56:26.364Z	spark1	PROFILE	10.409	6.745
2026-09-27T13:56:26.490Z	spark2	PROFILE	10.444	4.110
2026-09-27T13:56:26.632Z	spark1	PROFILE	10.280	6.745
2026-09-27T13:56:26.750Z	spark2	PROFILE	10.722	4.110
2026-09-27T13:56:26.882Z	spark1	PROFILE	10.243	6.745
2026-09-27T13:56:27.000Z	spark2	PROFILE	10.645	4.110
2026-09-27T13:56:27.133Z	spark1	PROFILE	9.484	6.745
2026-09-27T13:56:27.250Z	spark2	PROFILE	10.569	4.110
2026-09-27T13:56:27.383Z	spark1	PROFILE	9.406	6.745
2026-09-27T13:56:27.501Z	spark2	PROFILE	10.532	4.110
2026-09-27T13:56:27.651Z	spark1	PROFILE	9.367	6.745
2026-09-27T13:56:27.761Z	spark2	PROFILE	10.452	4.110
2026-09-27T13:56:27.902Z	spark1	PROFILE	9.358	6.745
2026-09-27T13:56:28.012Z	spark2	PROFILE	10.184	4.110
2026-09-27T13:56:28.152Z	spark1	PROFILE	9.195	6.745
2026-09-27T13:56:28.262Z	spark2	PROFILE	10.160	4.110
2026-09-27T13:56:28.403Z	spark1	PROFILE	9.142	6.745
2026-09-27T13:56:28.512Z	spark2	PROFILE	10.160	4.110
2026-09-27T13:56:28.664Z	spark1	PROFILE	9.141	6.745
2026-09-27T13:56:28.778Z	spark2	PROFILE	10.160	4.110
2026-09-27T13:56:28.915Z	spark1	PROFILE	9.140	6.745
2026-09-27T13:56:29.029Z	spark2	PROFILE	10.160	4.110
2026-09-27T13:56:29.165Z	spark1	PROFILE	9.099	6.744
2026-09-27T13:56:29.279Z	spark2	PROFILE	10.160	4.110
2026-09-27T13:56:29.416Z	spark1	PROFILE	9.098	6.744
2026-09-27T13:56:29.530Z	spark2	PROFILE	10.160	4.110
2026-09-27T13:56:29.679Z	spark1	PROFILE	9.096	6.744
2026-09-27T13:56:29.796Z	spark2	PROFILE	10.160	4.110
2026-09-27T13:56:29.929Z	spark1	PROFILE	9.096	6.744
2026-09-27T13:56:30.046Z	spark2	PROFILE	10.160	4.110
2026-09-27T13:56:30.180Z	spark1	PROFILE	9.096	6.744
2026-09-27T13:56:30.296Z	spark2	PROFILE	10.160	4.110
2026-09-27T13:56:30.430Z	spark1	PROFILE	9.096	6.744
2026-09-27T13:56:30.547Z	spark2	PROFILE	10.160	4.110
2026-09-27T13:56:30.703Z	spark1	PROFILE	9.096	6.744
2026-09-27T13:56:30.808Z	spark2	PROFILE	10.160	4.110
2026-09-27T13:56:30.953Z	spark1	PROFILE	9.096	6.744
2026-09-27T13:56:31.058Z	spark2	PROFILE	10.144	4.110
2026-09-27T13:56:31.204Z	spark1	PROFILE	9.068	6.744
2026-09-27T13:56:31.309Z	spark2	PROFILE	10.144	4.110
2026-09-27T13:56:31.454Z	spark1	PROFILE	9.067	6.744
2026-09-27T13:56:31.559Z	spark2	PROFILE	10.144	4.110
2026-09-27T13:56:31.717Z	spark1	PROFILE	9.061	6.744
2026-09-27T13:56:31.825Z	spark2	PROFILE	10.128	4.110
2026-09-27T13:56:31.967Z	spark1	PROFILE	9.062	6.744
2026-09-27T13:56:32.076Z	spark2	PROFILE	10.096	4.110
2026-09-27T13:56:32.218Z	spark1	PROFILE	9.062	6.744
2026-09-27T13:56:32.326Z	spark2	PROFILE	10.096	4.110
2026-09-27T13:56:32.468Z	spark1	PROFILE	9.062	6.744
2026-09-27T13:56:32.576Z	spark2	PROFILE	10.096	4.110
2026-09-27T13:56:32.730Z	spark1	PROFILE	9.060	6.744
2026-09-27T13:56:32.838Z	spark2	PROFILE	10.096	4.110
2026-09-27T13:56:32.981Z	spark1	PROFILE	9.062	6.744
2026-09-27T13:56:33.088Z	spark2	PROFILE	10.393	4.110
2026-09-27T13:56:33.231Z	spark1	PROFILE	9.918	6.748
2026-09-27T13:56:33.339Z	spark2	PROFILE	10.620	4.110
2026-09-27T13:56:33.482Z	spark1	PROFILE	10.096	6.748
2026-09-27T13:56:33.589Z	spark2	PROFILE	10.575	4.110
2026-09-27T13:56:33.760Z	spark1	PROFILE	10.029	6.748
2026-09-27T13:56:33.865Z	spark2	PROFILE	10.572	4.110
2026-09-27T13:56:34.011Z	spark1	PROFILE	10.029	6.748
2026-09-27T13:56:34.115Z	spark2	PROFILE	10.569	4.110
2026-09-27T13:56:34.262Z	spark1	PROFILE	10.019	6.748
2026-09-27T13:56:34.366Z	spark2	PROFILE	10.566	4.110
2026-09-27T13:56:34.512Z	spark1	PROFILE	10.019	6.748
2026-09-27T13:56:34.616Z	spark2	PROFILE	10.566	4.110
2026-09-27T13:56:34.779Z	spark1	PROFILE	10.018	6.748
2026-09-27T13:56:34.877Z	spark2	PROFILE	10.560	4.110
2026-09-27T13:56:35.030Z	spark1	PROFILE	10.014	6.748
2026-09-27T13:56:35.128Z	spark2	PROFILE	10.560	4.110
2026-09-27T13:56:35.280Z	spark1	PROFILE	9.998	6.748
2026-09-27T13:56:35.378Z	spark2	PROFILE	10.556	4.110
2026-09-27T13:56:35.531Z	spark1	PROFILE	9.996	6.748
2026-09-27T13:56:35.629Z	spark2	PROFILE	10.554	4.110
2026-09-27T13:56:35.802Z	spark1	PROFILE	9.994	6.748
2026-09-27T13:56:35.894Z	spark2	PROFILE	10.551	4.110
2026-09-27T13:56:36.052Z	spark1	PROFILE	9.991	6.748
2026-09-27T13:56:36.145Z	spark2	PROFILE	10.547	4.110
2026-09-27T13:56:36.303Z	spark1	PROFILE	9.987	6.748
2026-09-27T13:56:36.395Z	spark2	PROFILE	10.547	4.110
2026-09-27T13:56:36.553Z	spark1	PROFILE	9.987	6.748
2026-09-27T13:56:36.646Z	spark2	PROFILE	10.539	4.110
2026-09-27T13:56:36.816Z	spark1	PROFILE	9.977	6.748
2026-09-27T13:56:36.911Z	spark2	PROFILE	10.538	4.110
2026-09-27T13:56:37.066Z	spark1	PROFILE	9.977	6.748
2026-09-27T13:56:37.161Z	spark2	PROFILE	10.536	4.110
2026-09-27T13:56:37.317Z	spark1	PROFILE	9.953	6.748
2026-09-27T13:56:37.411Z	spark2	PROFILE	10.445	4.110
2026-09-27T13:56:37.567Z	spark1	PROFILE	9.926	6.751
2026-09-27T13:56:37.662Z	spark2	PROFILE	10.445	4.110
2026-09-27T13:56:37.834Z	spark1	PROFILE	9.915	6.751
2026-09-27T13:56:37.923Z	spark2	PROFILE	10.674	4.110
2026-09-27T13:56:38.084Z	spark1	PROFILE	10.167	6.763
2026-09-27T13:56:38.173Z	spark2	PROFILE	10.564	4.110
2026-09-27T13:56:38.335Z	spark1	PROFILE	10.064	6.763
2026-09-27T13:56:38.423Z	spark2	PROFILE	10.483	4.110
2026-09-27T13:56:38.585Z	spark1	PROFILE	9.969	6.763
2026-09-27T13:56:38.673Z	spark2	PROFILE	10.435	4.110
2026-09-27T13:56:38.863Z	spark1	PROFILE	9.916	6.763
2026-09-27T13:56:38.935Z	spark2	PROFILE	10.394	4.110
2026-09-27T13:56:39.114Z	spark1	PROFILE	9.890	6.763
2026-09-27T13:56:39.185Z	spark2	PROFILE	10.380	4.110
2026-09-27T13:56:39.364Z	spark1	PROFILE	9.869	6.763
2026-09-27T13:56:39.435Z	spark2	PROFILE	10.365	4.110
2026-09-27T13:56:39.614Z	spark1	PROFILE	9.853	6.763
2026-09-27T13:56:39.686Z	spark2	PROFILE	10.357	4.110
2026-09-27T13:56:39.878Z	spark1	PROFILE	9.836	6.763
2026-09-27T13:56:39.947Z	spark2	PROFILE	10.349	4.110
2026-09-27T13:56:40.129Z	spark1	PROFILE	9.833	6.763
2026-09-27T13:56:40.198Z	spark2	PROFILE	10.350	4.110
2026-09-27T13:56:40.379Z	spark1	PROFILE	9.833	6.763
2026-09-27T13:56:40.448Z	spark2	PROFILE	10.350	4.110
2026-09-27T13:56:40.630Z	spark1	PROFILE	9.833	6.763
2026-09-27T13:56:40.699Z	spark2	PROFILE	10.350	4.110
2026-09-27T13:56:40.893Z	spark1	PROFILE	9.831	6.763
2026-09-27T13:56:40.964Z	spark2	PROFILE	10.400	4.110
2026-09-27T13:56:41.143Z	spark1	PROFILE	9.938	6.763
2026-09-27T13:56:41.214Z	spark2	PROFILE	10.400	4.110
2026-09-27T13:56:41.394Z	spark1	PROFILE	9.934	6.763
2026-09-27T13:56:41.465Z	spark2	PROFILE	10.400	4.110
2026-09-27T13:56:41.644Z	spark1	PROFILE	9.906	6.763
2026-09-27T13:56:41.715Z	spark2	PROFILE	10.400	4.110
2026-09-27T13:56:41.904Z	spark1	PROFILE	9.906	6.763
2026-09-27T13:56:41.981Z	spark2	PROFILE	10.399	4.110
2026-09-27T13:56:42.154Z	spark1	PROFILE	9.909	6.763
2026-09-27T13:56:42.232Z	spark2	PROFILE	10.399	4.110
2026-09-27T13:56:42.404Z	spark1	PROFILE	9.917	6.763
2026-09-27T13:56:42.482Z	spark2	PROFILE	10.399	4.110
2026-09-27T13:56:42.655Z	spark1	PROFILE	9.917	6.763
2026-09-27T13:56:42.732Z	spark2	PROFILE	10.399	4.110
2026-09-27T13:56:42.918Z	spark1	PROFILE	9.917	6.763
2026-09-27T13:56:42.998Z	spark2	PROFILE	10.399	4.110
2026-09-27T13:56:43.168Z	spark1	PROFILE	9.917	6.763
2026-09-27T13:56:43.247Z	spark2	PROFILE	10.399	4.110
2026-09-27T13:56:43.420Z	spark1	PROFILE	9.920	6.763
2026-09-27T13:56:43.498Z	spark2	PROFILE	10.399	4.110
2026-09-27T13:56:43.670Z	spark1	PROFILE	9.913	6.763
2026-09-27T13:56:43.749Z	spark2	PROFILE	10.399	4.110
2026-09-27T13:56:43.932Z	spark1	PROFILE	9.913	6.763
2026-09-27T13:56:44.014Z	spark2	PROFILE	10.407	4.110
2026-09-27T13:56:44.183Z	spark1	PROFILE	9.910	6.763
2026-09-27T13:56:44.265Z	spark2	PROFILE	10.407	4.110
2026-09-27T13:56:44.433Z	spark1	PROFILE	9.917	6.763
2026-09-27T13:56:44.516Z	spark2	PROFILE	10.410	4.110
2026-09-27T13:56:44.684Z	spark1	PROFILE	9.917	6.763
2026-09-27T13:56:44.766Z	spark2	PROFILE	10.410	4.110
2026-09-27T13:56:44.946Z	spark1	PROFILE	9.921	6.763
2026-09-27T13:56:45.031Z	spark2	PROFILE	10.410	4.110
2026-09-27T13:56:45.197Z	spark1	PROFILE	9.922	6.763
2026-09-27T13:56:45.282Z	spark2	PROFILE	10.410	4.110
2026-09-27T13:56:45.448Z	spark1	PROFILE	9.922	6.763
2026-09-27T13:56:45.532Z	spark2	PROFILE	10.410	4.110
2026-09-27T13:56:45.698Z	spark1	PROFILE	9.918	6.763
2026-09-27T13:56:45.782Z	spark2	PROFILE	10.410	4.110
2026-09-27T13:56:45.959Z	spark1	PROFILE	9.920	6.763
2026-09-27T13:56:46.047Z	spark2	PROFILE	10.410	4.110
2026-09-27T13:56:46.210Z	spark1	PROFILE	9.922	6.763
2026-09-27T13:56:46.298Z	spark2	PROFILE	10.421	4.110
2026-09-27T13:56:46.461Z	spark1	PROFILE	9.922	6.763
2026-09-27T13:56:46.548Z	spark2	PROFILE	10.421	4.110
2026-09-27T13:56:46.711Z	spark1	PROFILE	9.929	6.763
2026-09-27T13:56:46.800Z	spark2	PROFILE	10.429	4.110
2026-09-27T13:56:46.979Z	spark1	PROFILE	9.931	6.762
2026-09-27T13:56:47.064Z	spark2	PROFILE	10.429	4.110
2026-09-27T13:56:47.230Z	spark1	PROFILE	9.933	6.762
2026-09-27T13:56:47.315Z	spark2	PROFILE	10.430	4.110
2026-09-27T13:56:47.480Z	spark1	PROFILE	9.936	6.762
2026-09-27T13:56:47.566Z	spark2	PROFILE	10.430	4.110
2026-09-27T13:56:47.730Z	spark1	PROFILE	9.926	6.762
2026-09-27T13:56:47.817Z	spark2	PROFILE	10.430	4.110
2026-09-27T13:56:47.997Z	spark1	PROFILE	9.926	6.762
2026-09-27T13:56:48.078Z	spark2	PROFILE	10.433	4.110
2026-09-27T13:56:48.248Z	spark1	PROFILE	9.933	6.762
2026-09-27T13:56:48.328Z	spark2	PROFILE	10.433	4.110
2026-09-27T13:56:48.498Z	spark1	PROFILE	9.933	6.762
2026-09-27T13:56:48.579Z	spark2	PROFILE	10.433	4.110
2026-09-27T13:56:48.748Z	spark1	PROFILE	9.933	6.762
2026-09-27T13:56:48.829Z	spark2	PROFILE	10.433	4.110
2026-09-27T13:56:49.014Z	spark1	PROFILE	9.936	6.762
2026-09-27T13:56:49.095Z	spark2	PROFILE	10.443	4.110
2026-09-27T13:56:49.264Z	spark1	PROFILE	9.950	6.762
2026-09-27T13:56:49.345Z	spark2	PROFILE	10.443	4.110
2026-09-27T13:56:49.515Z	spark1	PROFILE	9.948	6.762
2026-09-27T13:56:49.594Z	spark2	PROFILE	10.451	4.110
2026-09-27T13:56:49.765Z	spark1	PROFILE	9.937	6.762
2026-09-27T13:56:49.846Z	spark2	PROFILE	10.445	4.110
2026-09-27T13:56:50.032Z	spark1	PROFILE	9.941	6.762
2026-09-27T13:56:50.111Z	spark2	PROFILE	10.458	4.110
2026-09-27T13:56:50.282Z	spark1	PROFILE	9.941	6.762
2026-09-27T13:56:50.362Z	spark2	PROFILE	10.458	4.110
2026-09-27T13:56:50.533Z	spark1	PROFILE	9.941	6.762
2026-09-27T13:56:50.612Z	spark2	PROFILE	10.458	4.110
2026-09-27T13:56:50.783Z	spark1	PROFILE	9.941	6.762
2026-09-27T13:56:50.862Z	spark2	PROFILE	10.458	4.110
2026-09-27T13:56:51.050Z	spark1	PROFILE	9.950	6.762
2026-09-27T13:56:51.123Z	spark2	PROFILE	10.460	4.110
2026-09-27T13:56:51.301Z	spark1	PROFILE	9.950	6.762
2026-09-27T13:56:51.373Z	spark2	PROFILE	10.460	4.110
2026-09-27T13:56:51.552Z	spark1	PROFILE	9.950	6.762
2026-09-27T13:56:51.624Z	spark2	PROFILE	10.460	4.110
2026-09-27T13:56:51.802Z	spark1	PROFILE	9.928	6.762
2026-09-27T13:56:51.874Z	spark2	PROFILE	10.469	4.110
2026-09-27T13:56:52.063Z	spark1	PROFILE	9.937	6.762
2026-09-27T13:56:52.139Z	spark2	PROFILE	10.469	4.110
2026-09-27T13:56:52.314Z	spark1	PROFILE	9.937	6.762
2026-09-27T13:56:52.390Z	spark2	PROFILE	10.469	4.110
2026-09-27T13:56:52.564Z	spark1	PROFILE	9.938	6.762
2026-09-27T13:56:52.640Z	spark2	PROFILE	10.469	4.110
2026-09-27T13:56:52.815Z	spark1	PROFILE	9.938	6.762
2026-09-27T13:56:52.891Z	spark2	PROFILE	10.469	4.110
2026-09-27T13:56:53.083Z	spark1	PROFILE	9.950	6.762
2026-09-27T13:56:53.157Z	spark2	PROFILE	10.470	4.110
2026-09-27T13:56:53.333Z	spark1	PROFILE	9.958	6.762
2026-09-27T13:56:53.407Z	spark2	PROFILE	10.470	4.110
2026-09-27T13:56:53.583Z	spark1	PROFILE	9.958	6.762
2026-09-27T13:56:53.657Z	spark2	PROFILE	10.470	4.110
2026-09-27T13:56:53.834Z	spark1	PROFILE	9.955	6.762
2026-09-27T13:56:53.908Z	spark2	PROFILE	10.478	4.110
2026-09-27T13:56:54.100Z	spark1	PROFILE	9.965	6.762
2026-09-27T13:56:54.173Z	spark2	PROFILE	10.478	4.110
2026-09-27T13:56:54.352Z	spark1	PROFILE	9.967	6.762
2026-09-27T13:56:54.424Z	spark2	PROFILE	10.481	4.110
2026-09-27T13:56:54.601Z	spark1	PROFILE	9.967	6.762
2026-09-27T13:56:54.674Z	spark2	PROFILE	10.481	4.110
2026-09-27T13:56:54.852Z	spark1	PROFILE	9.967	6.762
2026-09-27T13:56:54.924Z	spark2	PROFILE	10.481	4.110
2026-09-27T13:56:55.114Z	spark1	PROFILE	9.971	6.762
2026-09-27T13:56:55.190Z	spark2	PROFILE	10.479	4.110
2026-09-27T13:56:55.364Z	spark1	PROFILE	9.971	6.762
2026-09-27T13:56:55.440Z	spark2	PROFILE	10.479	4.110
2026-09-27T13:56:55.615Z	spark1	PROFILE	9.979	6.762
2026-09-27T13:56:55.691Z	spark2	PROFILE	10.479	4.110
2026-09-27T13:56:55.865Z	spark1	PROFILE	9.957	6.755
2026-09-27T13:56:55.941Z	spark2	PROFILE	10.479	4.110
2026-09-27T13:56:56.127Z	spark1	PROFILE	9.959	6.733
2026-09-27T13:56:56.203Z	spark2	PROFILE	10.479	4.110
2026-09-27T13:56:56.377Z	spark1	PROFILE	9.957	6.732
2026-09-27T13:56:56.452Z	spark2	PROFILE	10.487	4.110
2026-09-27T13:56:56.627Z	spark1	PROFILE	9.955	6.731
2026-09-27T13:56:56.703Z	spark2	PROFILE	10.489	4.110
2026-09-27T13:56:56.878Z	spark1	PROFILE	9.954	6.730
2026-09-27T13:56:56.954Z	spark2	PROFILE	10.489	4.110
2026-09-27T13:56:57.145Z	spark1	PROFILE	9.960	6.729
2026-09-27T13:56:57.214Z	spark2	PROFILE	10.489	4.110
2026-09-27T13:56:57.396Z	spark1	PROFILE	9.960	6.728
2026-09-27T13:56:57.465Z	spark2	PROFILE	10.493	4.110
2026-09-27T13:56:57.647Z	spark1	PROFILE	9.960	6.725
2026-09-27T13:56:57.715Z	spark2	PROFILE	10.493	4.110
2026-09-27T13:56:57.898Z	spark1	PROFILE	9.960	6.724
2026-09-27T13:56:57.964Z	spark2	PROFILE	10.493	4.110
2026-09-27T13:56:58.164Z	spark1	PROFILE	9.970	6.724
2026-09-27T13:56:58.227Z	spark2	PROFILE	10.493	4.110
2026-09-27T13:56:58.415Z	spark1	PROFILE	9.970	6.723
2026-09-27T13:56:58.477Z	spark2	PROFILE	10.493	4.110
2026-09-27T13:56:58.666Z	spark1	PROFILE	9.971	6.722
2026-09-27T13:56:58.727Z	spark2	PROFILE	10.500	4.110
2026-09-27T13:56:58.917Z	spark1	PROFILE	9.979	6.721
2026-09-27T13:56:58.978Z	spark2	PROFILE	10.500	4.110
2026-09-27T13:56:59.179Z	spark1	PROFILE	9.980	6.721
2026-09-27T13:56:59.238Z	spark2	PROFILE	10.500	4.110
2026-09-27T13:56:59.430Z	spark1	PROFILE	9.975	6.719
2026-09-27T13:56:59.489Z	spark2	PROFILE	10.500	4.110
2026-09-27T13:56:59.680Z	spark1	PROFILE	9.984	6.719
2026-09-27T13:56:59.739Z	spark2	PROFILE	10.500	4.110
2026-09-27T13:56:59.930Z	spark1	PROFILE	9.983	6.719
2026-09-27T13:56:59.989Z	spark2	PROFILE	10.501	4.110
2026-09-27T13:57:00.191Z	spark1	PROFILE	9.989	6.718
2026-09-27T13:57:00.251Z	spark2	PROFILE	10.509	4.110
2026-09-27T13:57:00.442Z	spark1	PROFILE	9.995	6.717
2026-09-27T13:57:00.502Z	spark2	PROFILE	10.506	4.110
2026-09-27T13:57:00.693Z	spark1	PROFILE	9.995	6.717
2026-09-27T13:57:00.752Z	spark2	PROFILE	10.500	4.110
2026-09-27T13:57:00.944Z	spark1	PROFILE	9.994	6.717
2026-09-27T13:57:01.003Z	spark2	PROFILE	10.512	4.110
2026-09-27T13:57:01.206Z	spark1	PROFILE	9.995	6.717
2026-09-27T13:57:01.263Z	spark2	PROFILE	10.512	4.110
2026-09-27T13:57:01.457Z	spark1	PROFILE	9.995	6.717
2026-09-27T13:57:01.513Z	spark2	PROFILE	10.512	4.110
2026-09-27T13:57:01.707Z	spark1	PROFILE	9.994	6.717
2026-09-27T13:57:01.763Z	spark2	PROFILE	10.512	4.110
2026-09-27T13:57:01.957Z	spark1	PROFILE	10.002	6.717
2026-09-27T13:57:02.013Z	spark2	PROFILE	10.519	4.110
2026-09-27T13:57:02.222Z	spark1	PROFILE	10.005	6.716
2026-09-27T13:57:02.275Z	spark2	PROFILE	10.519	4.110
2026-09-27T13:57:02.472Z	spark1	PROFILE	10.005	6.716
2026-09-27T13:57:02.525Z	spark2	PROFILE	10.519	4.110
2026-09-27T13:57:02.723Z	spark1	PROFILE	10.006	6.716
2026-09-27T13:57:02.777Z	spark2	PROFILE	10.519	4.110
2026-09-27T13:57:02.974Z	spark1	PROFILE	10.008	6.716
2026-09-27T13:57:03.027Z	spark2	PROFILE	10.528	4.110
2026-09-27T13:57:03.237Z	spark1	PROFILE	10.008	6.716
2026-09-27T13:57:03.293Z	spark2	PROFILE	10.528	4.110
2026-09-27T13:57:03.488Z	spark1	PROFILE	10.008	6.716
2026-09-27T13:57:03.544Z	spark2	PROFILE	10.528	4.110
2026-09-27T13:57:03.739Z	spark1	PROFILE	10.008	6.716
2026-09-27T13:57:03.794Z	spark2	PROFILE	10.528	4.110
2026-09-27T13:57:03.990Z	spark1	PROFILE	10.016	6.716
2026-09-27T13:57:04.044Z	spark2	PROFILE	10.537	4.110
2026-09-27T13:57:04.252Z	spark1	PROFILE	10.013	6.716
2026-09-27T13:57:04.309Z	spark2	PROFILE	10.537	4.110
2026-09-27T13:57:04.503Z	spark1	PROFILE	10.019	6.716
2026-09-27T13:57:04.560Z	spark2	PROFILE	10.537	4.110
2026-09-27T13:57:04.754Z	spark1	PROFILE	10.019	6.716
2026-09-27T13:57:04.810Z	spark2	PROFILE	10.537	4.110
2026-09-27T13:57:05.005Z	spark1	PROFILE	10.020	6.716
2026-09-27T13:57:05.061Z	spark2	PROFILE	10.546	4.110
2026-09-27T13:57:05.268Z	spark1	PROFILE	10.029	6.716
2026-09-27T13:57:05.321Z	spark2	PROFILE	10.546	4.110
2026-09-27T13:57:05.519Z	spark1	PROFILE	10.029	6.716
2026-09-27T13:57:05.572Z	spark2	PROFILE	10.546	4.110
2026-09-27T13:57:05.769Z	spark1	PROFILE	10.029	6.716
2026-09-27T13:57:05.822Z	spark2	PROFILE	10.546	4.110
2026-09-27T13:57:06.020Z	spark1	PROFILE	10.029	6.716
2026-09-27T13:57:06.072Z	spark2	PROFILE	10.554	4.110
2026-09-27T13:57:06.283Z	spark1	PROFILE	10.042	6.716
2026-09-27T13:57:06.337Z	spark2	PROFILE	10.554	4.110
2026-09-27T13:57:06.534Z	spark1	PROFILE	10.042	6.716
2026-09-27T13:57:06.588Z	spark2	PROFILE	10.554	4.110
2026-09-27T13:57:06.784Z	spark1	PROFILE	10.041	6.715
2026-09-27T13:57:06.839Z	spark2	PROFILE	10.554	4.110
2026-09-27T13:57:07.035Z	spark1	PROFILE	10.050	6.715
2026-09-27T13:57:07.090Z	spark2	PROFILE	10.561	4.110
2026-09-27T13:57:07.302Z	spark1	PROFILE	10.051	6.715
2026-09-27T13:57:07.350Z	spark2	PROFILE	10.561	4.110
2026-09-27T13:57:07.552Z	spark1	PROFILE	10.051	6.715
2026-09-27T13:57:07.601Z	spark2	PROFILE	10.562	4.110
2026-09-27T13:57:07.803Z	spark1	PROFILE	10.051	6.715
2026-09-27T13:57:07.852Z	spark2	PROFILE	10.562	4.110
2026-09-27T13:57:08.054Z	spark1	PROFILE	10.059	6.715
2026-09-27T13:57:08.102Z	spark2	PROFILE	10.570	4.110
2026-09-27T13:57:08.317Z	spark1	PROFILE	10.056	6.715
2026-09-27T13:57:08.369Z	spark2	PROFILE	10.570	4.110
2026-09-27T13:57:08.567Z	spark1	PROFILE	10.056	6.715
2026-09-27T13:57:08.619Z	spark2	PROFILE	10.570	4.110
2026-09-27T13:57:08.818Z	spark1	PROFILE	10.056	6.715
2026-09-27T13:57:08.869Z	spark2	PROFILE	10.570	4.110
2026-09-27T13:57:09.069Z	spark1	PROFILE	10.065	6.715
2026-09-27T13:57:09.119Z	spark2	PROFILE	10.577	4.110
2026-09-27T13:57:09.334Z	spark1	PROFILE	10.065	6.715
2026-09-27T13:57:09.384Z	spark2	PROFILE	10.577	4.110
2026-09-27T13:57:09.585Z	spark1	PROFILE	10.065	6.715
2026-09-27T13:57:09.635Z	spark2	PROFILE	10.577	4.110
2026-09-27T13:57:09.835Z	spark1	PROFILE	10.065	6.715
2026-09-27T13:57:09.885Z	spark2	PROFILE	10.577	4.110
2026-09-27T13:57:10.086Z	spark1	PROFILE	10.073	6.715
2026-09-27T13:57:10.136Z	spark2	PROFILE	10.585	4.110
2026-09-27T13:57:10.353Z	spark1	PROFILE	10.081	6.715
2026-09-27T13:57:10.399Z	spark2	PROFILE	10.584	4.110
2026-09-27T13:57:10.604Z	spark1	PROFILE	10.081	6.715
2026-09-27T13:57:10.648Z	spark2	PROFILE	10.584	4.110
2026-09-27T13:57:10.855Z	spark1	PROFILE	10.081	6.715
2026-09-27T13:57:10.899Z	spark2	PROFILE	10.584	4.110
2026-09-27T13:57:11.105Z	spark1	PROFILE	10.065	6.715
2026-09-27T13:57:11.149Z	spark2	PROFILE	10.592	4.110
2026-09-27T13:57:11.372Z	spark1	PROFILE	10.063	6.715
2026-09-27T13:57:11.410Z	spark2	PROFILE	10.593	4.110
2026-09-27T13:57:11.623Z	spark1	PROFILE	10.063	6.715
2026-09-27T13:57:11.660Z	spark2	PROFILE	10.602	4.110
2026-09-27T13:57:11.874Z	spark1	PROFILE	10.063	6.715
2026-09-27T13:57:11.910Z	spark2	PROFILE	10.581	4.110
2026-09-27T13:57:12.125Z	spark1	PROFILE	10.049	6.715
2026-09-27T13:57:12.161Z	spark2	PROFILE	10.578	4.110
2026-09-27T13:57:12.391Z	spark1	PROFILE	10.045	6.715
2026-09-27T13:57:12.426Z	spark2	PROFILE	10.578	4.110
2026-09-27T13:57:12.642Z	spark1	PROFILE	10.052	6.715
2026-09-27T13:57:12.677Z	spark2	PROFILE	10.578	4.110
2026-09-27T13:57:12.893Z	spark1	PROFILE	10.052	6.715
2026-09-27T13:57:12.929Z	spark2	PROFILE	10.578	4.110
2026-09-27T13:57:13.144Z	spark1	PROFILE	10.057	6.715
2026-09-27T13:57:13.178Z	spark2	PROFILE	10.586	4.110
2026-09-27T13:57:13.407Z	spark1	PROFILE	10.057	6.715
2026-09-27T13:57:13.439Z	spark2	PROFILE	10.586	4.110
2026-09-27T13:57:13.657Z	spark1	PROFILE	10.057	6.715
2026-09-27T13:57:13.690Z	spark2	PROFILE	10.587	4.110
2026-09-27T13:57:13.909Z	spark1	PROFILE	10.057	6.715
2026-09-27T13:57:13.940Z	spark2	PROFILE	10.587	4.110
2026-09-27T13:57:14.159Z	spark1	PROFILE	10.064	6.715
2026-09-27T13:57:14.190Z	spark2	PROFILE	10.587	4.110
2026-09-27T13:57:14.425Z	spark1	PROFILE	10.041	6.715
2026-09-27T13:57:14.455Z	spark2	PROFILE	10.586	4.110
2026-09-27T13:57:14.676Z	spark1	PROFILE	10.058	6.715
2026-09-27T13:57:14.707Z	spark2	PROFILE	10.586	4.110
2026-09-27T13:57:14.926Z	spark1	PROFILE	10.060	6.715
2026-09-27T13:57:14.957Z	spark2	PROFILE	10.594	4.110
2026-09-27T13:57:15.177Z	spark1	PROFILE	10.064	6.715
2026-09-27T13:57:15.208Z	spark2	PROFILE	10.593	4.110
2026-09-27T13:57:15.443Z	spark1	PROFILE	10.063	6.715
2026-09-27T13:57:15.469Z	spark2	PROFILE	10.593	4.110
2026-09-27T13:57:15.694Z	spark1	PROFILE	10.063	6.715
2026-09-27T13:57:15.720Z	spark2	PROFILE	10.593	4.110
2026-09-27T13:57:15.945Z	spark1	PROFILE	10.063	6.715
2026-09-27T13:57:15.970Z	spark2	PROFILE	10.593	4.110
2026-09-27T13:57:16.195Z	spark1	PROFILE	10.069	6.715
2026-09-27T13:57:16.221Z	spark2	PROFILE	10.599	4.110
2026-09-27T13:57:16.458Z	spark1	PROFILE	10.070	6.715
2026-09-27T13:57:16.486Z	spark2	PROFILE	10.599	4.110
2026-09-27T13:57:16.708Z	spark1	PROFILE	10.059	6.715
2026-09-27T13:57:16.737Z	spark2	PROFILE	10.599	4.110
2026-09-27T13:57:16.959Z	spark1	PROFILE	10.063	6.715
2026-09-27T13:57:16.989Z	spark2	PROFILE	10.599	4.110
2026-09-27T13:57:17.210Z	spark1	PROFILE	10.070	6.715
2026-09-27T13:57:17.239Z	spark2	PROFILE	10.599	4.110
2026-09-27T13:57:17.477Z	spark1	PROFILE	10.070	6.715
2026-09-27T13:57:17.504Z	spark2	PROFILE	10.599	4.110
2026-09-27T13:57:17.728Z	spark1	PROFILE	10.070	6.715
2026-09-27T13:57:17.756Z	spark2	PROFILE	10.600	4.110
2026-09-27T13:57:17.979Z	spark1	PROFILE	10.074	6.715
2026-09-27T13:57:18.007Z	spark2	PROFILE	10.613	4.110
2026-09-27T13:57:18.230Z	spark1	PROFILE	10.077	6.715
2026-09-27T13:57:18.258Z	spark2	PROFILE	10.613	4.110
2026-09-27T13:57:18.492Z	spark1	PROFILE	10.077	6.715
2026-09-27T13:57:18.523Z	spark2	PROFILE	10.613	4.110
2026-09-27T13:57:18.743Z	spark1	PROFILE	10.101	6.715
2026-09-27T13:57:18.774Z	spark2	PROFILE	10.613	4.110
2026-09-27T13:57:18.993Z	spark1	PROFILE	10.102	6.715
2026-09-27T13:57:19.025Z	spark2	PROFILE	10.613	4.110
2026-09-27T13:57:19.244Z	spark1	PROFILE	10.102	6.715
2026-09-27T13:57:19.276Z	spark2	PROFILE	10.618	4.110
2026-09-27T13:57:19.510Z	spark1	PROFILE	10.096	6.715
2026-09-27T13:57:19.542Z	spark2	PROFILE	10.618	4.110
2026-09-27T13:57:19.762Z	spark1	PROFILE	10.096	6.715
2026-09-27T13:57:19.793Z	spark2	PROFILE	10.618	4.110
2026-09-27T13:57:20.012Z	spark1	PROFILE	10.098	6.715
2026-09-27T13:57:20.044Z	spark2	PROFILE	10.618	4.110
2026-09-27T13:57:20.263Z	spark1	PROFILE	10.098	6.715
2026-09-27T13:57:20.295Z	spark2	PROFILE	10.618	4.110
2026-09-27T13:57:20.525Z	spark1	PROFILE	10.098	6.715
2026-09-27T13:57:20.559Z	spark2	PROFILE	10.618	4.110
2026-09-27T13:57:20.775Z	spark1	PROFILE	10.111	6.715
2026-09-27T13:57:20.809Z	spark2	PROFILE	10.618	4.110
2026-09-27T13:57:21.025Z	spark1	PROFILE	10.112	6.715
2026-09-27T13:57:21.061Z	spark2	PROFILE	10.618	4.110
2026-09-27T13:57:21.276Z	spark1	PROFILE	10.113	6.715
2026-09-27T13:57:21.312Z	spark2	PROFILE	10.622	4.110
2026-09-27T13:57:21.538Z	spark1	PROFILE	10.235	6.715
2026-09-27T13:57:21.577Z	spark2	PROFILE	10.622	4.110
2026-09-27T13:57:21.788Z	spark1	PROFILE	10.937	6.716
2026-09-27T13:57:21.828Z	spark2	PROFILE	10.619	4.110
2026-09-27T13:57:22.039Z	spark1	PROFILE	11.496	6.716
2026-09-27T13:57:22.079Z	spark2	PROFILE	11.941	4.110
2026-09-27T13:57:22.289Z	spark1	PROFILE	11.333	6.716
2026-09-27T13:57:22.329Z	spark2	PROFILE	11.813	4.110
2026-09-27T13:57:22.555Z	spark1	PROFILE	11.199	6.716
2026-09-27T13:57:22.590Z	spark2	PROFILE	11.680	4.110
2026-09-27T13:57:22.806Z	spark1	PROFILE	11.063	6.716
2026-09-27T13:57:22.841Z	spark2	PROFILE	11.536	4.110
2026-09-27T13:57:23.057Z	spark1	PROFILE	10.950	6.716
2026-09-27T13:57:23.091Z	spark2	PROFILE	11.427	4.110
2026-09-27T13:57:23.307Z	spark1	PROFILE	10.842	6.716
2026-09-27T13:57:23.341Z	spark2	PROFILE	11.304	4.110
2026-09-27T13:57:23.575Z	spark1	PROFILE	10.719	6.716
2026-09-27T13:57:23.607Z	spark2	PROFILE	11.181	4.110
2026-09-27T13:57:23.825Z	spark1	PROFILE	10.612	6.716
2026-09-27T13:57:23.857Z	spark2	PROFILE	11.066	4.110
2026-09-27T13:57:24.076Z	spark1	PROFILE	10.550	6.716
2026-09-27T13:57:24.108Z	spark2	PROFILE	10.989	4.110
2026-09-27T13:57:24.326Z	spark1	PROFILE	10.532	6.716
2026-09-27T13:57:24.358Z	spark2	PROFILE	10.969	4.110
2026-09-27T13:57:24.589Z	spark1	PROFILE	10.547	6.716
2026-09-27T13:57:24.624Z	spark2	PROFILE	10.969	4.110
2026-09-27T13:57:24.840Z	spark1	PROFILE	10.522	6.716
2026-09-27T13:57:24.874Z	spark2	PROFILE	10.946	4.110
2026-09-27T13:57:25.091Z	spark1	PROFILE	10.529	6.716
2026-09-27T13:57:25.124Z	spark2	PROFILE	10.946	4.110
2026-09-27T13:57:25.342Z	spark1	PROFILE	10.529	6.715
2026-09-27T13:57:25.375Z	spark2	PROFILE	10.946	4.110
2026-09-27T13:57:25.609Z	spark1	PROFILE	10.529	6.715
2026-09-27T13:57:25.636Z	spark2	PROFILE	10.946	4.110
2026-09-27T13:57:25.859Z	spark1	PROFILE	10.529	6.715
2026-09-27T13:57:25.887Z	spark2	PROFILE	10.946	4.110
2026-09-27T13:57:26.110Z	spark1	PROFILE	10.530	6.715
2026-09-27T13:57:26.137Z	spark2	PROFILE	10.946	4.110
2026-09-27T13:57:26.361Z	spark1	PROFILE	10.530	6.715
2026-09-27T13:57:26.387Z	spark2	PROFILE	10.946	4.110
2026-09-27T13:57:26.623Z	spark1	PROFILE	10.515	6.715
2026-09-27T13:57:26.650Z	spark2	PROFILE	10.942	4.110
2026-09-27T13:57:26.873Z	spark1	PROFILE	10.502	6.715
2026-09-27T13:57:26.900Z	spark2	PROFILE	10.941	4.110
2026-09-27T13:57:27.125Z	spark1	PROFILE	10.502	6.715
2026-09-27T13:57:27.151Z	spark2	PROFILE	10.943	4.110
2026-09-27T13:57:27.376Z	spark1	PROFILE	10.502	6.715
2026-09-27T13:57:27.401Z	spark2	PROFILE	10.943	4.110
2026-09-27T13:57:27.639Z	spark1	PROFILE	10.502	6.715
2026-09-27T13:57:27.663Z	spark2	PROFILE	10.951	4.110
2026-09-27T13:57:27.890Z	spark1	PROFILE	10.502	6.715
2026-09-27T13:57:27.913Z	spark2	PROFILE	10.951	4.110
2026-09-27T13:57:28.141Z	spark1	PROFILE	10.503	6.715
2026-09-27T13:57:28.164Z	spark2	PROFILE	10.945	4.110
2026-09-27T13:57:28.392Z	spark1	PROFILE	10.496	6.715
2026-09-27T13:57:28.413Z	spark2	PROFILE	10.932	4.110
2026-09-27T13:57:28.658Z	spark1	PROFILE	10.480	6.715
2026-09-27T13:57:28.679Z	spark2	PROFILE	10.933	4.110
2026-09-27T13:57:28.908Z	spark1	PROFILE	10.485	6.715
2026-09-27T13:57:28.931Z	spark2	PROFILE	10.933	4.110
2026-09-27T13:57:29.159Z	spark1	PROFILE	10.484	6.715
2026-09-27T13:57:29.181Z	spark2	PROFILE	10.933	4.110
2026-09-27T13:57:29.410Z	spark1	PROFILE	10.482	6.715
2026-09-27T13:57:29.431Z	spark2	PROFILE	10.933	4.110
2026-09-27T13:57:29.676Z	spark1	PROFILE	10.482	6.715
2026-09-27T13:57:29.693Z	spark2	PROFILE	10.933	4.110
2026-09-27T13:57:29.927Z	spark1	PROFILE	10.482	6.715
2026-09-27T13:57:29.944Z	spark2	PROFILE	10.933	4.110
2026-09-27T13:57:30.178Z	spark1	PROFILE	10.482	6.715
2026-09-27T13:57:30.194Z	spark2	PROFILE	10.919	4.110
2026-09-27T13:57:30.429Z	spark1	PROFILE	10.483	6.715
2026-09-27T13:57:30.445Z	spark2	PROFILE	10.919	4.110
2026-09-27T13:57:30.695Z	spark1	PROFILE	10.475	6.715
2026-09-27T13:57:30.709Z	spark2	PROFILE	10.921	4.110
2026-09-27T13:57:30.946Z	spark1	PROFILE	10.468	6.715
2026-09-27T13:57:30.960Z	spark2	PROFILE	10.920	4.110
2026-09-27T13:57:31.196Z	spark1	PROFILE	10.460	6.715
2026-09-27T13:57:31.211Z	spark2	PROFILE	10.920	4.110
2026-09-27T13:57:31.446Z	spark1	PROFILE	10.460	6.715
2026-09-27T13:57:31.462Z	spark2	PROFILE	10.920	4.110
2026-09-27T13:57:31.712Z	spark1	PROFILE	10.461	6.715
2026-09-27T13:57:31.727Z	spark2	PROFILE	10.920	4.110
2026-09-27T13:57:31.962Z	spark1	PROFILE	10.462	6.715
2026-09-27T13:57:31.977Z	spark2	PROFILE	10.905	4.110
2026-09-27T13:57:32.213Z	spark1	PROFILE	10.462	6.715
2026-09-27T13:57:32.229Z	spark2	PROFILE	10.907	4.110
2026-09-27T13:57:32.464Z	spark1	PROFILE	10.454	6.715
2026-09-27T13:57:32.479Z	spark2	PROFILE	10.907	4.110
2026-09-27T13:57:32.731Z	spark1	PROFILE	10.451	6.715
2026-09-27T13:57:32.744Z	spark2	PROFILE	10.907	4.110
2026-09-27T13:57:32.982Z	spark1	PROFILE	10.444	6.715
2026-09-27T13:57:32.995Z	spark2	PROFILE	10.907	4.110
2026-09-27T13:57:33.232Z	spark1	PROFILE	10.435	6.715
2026-09-27T13:57:33.245Z	spark2	PROFILE	10.907	4.110
2026-09-27T13:57:33.483Z	spark1	PROFILE	10.432	6.715
2026-09-27T13:57:33.495Z	spark2	PROFILE	10.908	4.110
2026-09-27T13:57:33.750Z	spark1	PROFILE	10.432	6.715
2026-09-27T13:57:33.756Z	spark2	PROFILE	10.880	4.110
2026-09-27T13:57:34.000Z	spark1	PROFILE	10.420	6.715
2026-09-27T13:57:34.007Z	spark2	PROFILE	10.885	4.109
2026-09-27T13:57:34.251Z	spark1	PROFILE	10.407	6.715
2026-09-27T13:57:34.257Z	spark2	PROFILE	10.885	4.109
2026-09-27T13:57:34.501Z	spark1	PROFILE	10.394	6.715
2026-09-27T13:57:34.507Z	spark2	PROFILE	10.885	4.109
2026-09-27T13:57:34.764Z	spark1	PROFILE	10.394	6.715
2026-09-27T13:57:34.773Z	spark2	PROFILE	10.885	4.109
2026-09-27T13:57:35.014Z	spark1	PROFILE	10.376	6.715
2026-09-27T13:57:35.023Z	spark2	PROFILE	10.887	4.109
2026-09-27T13:57:35.265Z	spark1	PROFILE	10.393	6.715
2026-09-27T13:57:35.274Z	spark2	PROFILE	10.887	4.109
2026-09-27T13:57:35.515Z	spark1	PROFILE	10.393	6.715
2026-09-27T13:57:35.523Z	spark2	PROFILE	10.887	4.109
2026-09-27T13:57:35.775Z	spark1	PROFILE	10.392	6.715
2026-09-27T13:57:35.790Z	spark2	PROFILE	10.872	4.109
2026-09-27T13:57:36.026Z	spark1	PROFILE	10.395	6.715
2026-09-27T13:57:36.040Z	spark2	PROFILE	10.873	4.109
2026-09-27T13:57:36.277Z	spark1	PROFILE	10.395	6.715
2026-09-27T13:57:36.291Z	spark2	PROFILE	10.873	4.109
2026-09-27T13:57:36.527Z	spark1	PROFILE	10.372	6.715
2026-09-27T13:57:36.541Z	spark2	PROFILE	10.873	4.109
2026-09-27T13:57:36.789Z	spark1	PROFILE	10.372	6.715
2026-09-27T13:57:36.807Z	spark2	PROFILE	10.873	4.109
2026-09-27T13:57:37.039Z	spark1	PROFILE	10.376	6.715
2026-09-27T13:57:37.056Z	spark2	PROFILE	10.872	4.109
2026-09-27T13:57:37.289Z	spark1	PROFILE	10.387	6.715
2026-09-27T13:57:37.307Z	spark2	PROFILE	10.866	4.109
2026-09-27T13:57:37.540Z	spark1	PROFILE	10.387	6.715
2026-09-27T13:57:37.557Z	spark2	PROFILE	10.858	4.109
2026-09-27T13:57:37.807Z	spark1	PROFILE	10.379	6.715
2026-09-27T13:57:37.819Z	spark2	PROFILE	10.859	4.109
2026-09-27T13:57:38.058Z	spark1	PROFILE	10.381	6.715
2026-09-27T13:57:38.070Z	spark2	PROFILE	10.851	4.109
2026-09-27T13:57:38.309Z	spark1	PROFILE	10.381	6.715
2026-09-27T13:57:38.320Z	spark2	PROFILE	10.852	4.109
2026-09-27T13:57:38.559Z	spark1	PROFILE	10.374	6.715
2026-09-27T13:57:38.571Z	spark2	PROFILE	10.852	4.109
2026-09-27T13:57:38.821Z	spark1	PROFILE	10.374	6.715
2026-09-27T13:57:38.832Z	spark2	PROFILE	10.852	4.109
2026-09-27T13:57:39.071Z	spark1	PROFILE	10.373	6.715
2026-09-27T13:57:39.082Z	spark2	PROFILE	10.852	4.109
2026-09-27T13:57:39.322Z	spark1	PROFILE	10.364	6.715
2026-09-27T13:57:39.333Z	spark2	PROFILE	10.852	4.109
2026-09-27T13:57:39.572Z	spark1	PROFILE	10.366	6.715
2026-09-27T13:57:39.583Z	spark2	PROFILE	10.837	4.109
2026-09-27T13:57:39.835Z	spark1	PROFILE	10.366	6.715
2026-09-27T13:57:39.844Z	spark2	PROFILE	10.837	4.109
2026-09-27T13:57:40.085Z	spark1	PROFILE	10.367	6.715
2026-09-27T13:57:40.095Z	spark2	PROFILE	10.837	4.109
2026-09-27T13:57:40.336Z	spark1	PROFILE	10.367	6.714
2026-09-27T13:57:40.346Z	spark2	PROFILE	10.837	4.109
2026-09-27T13:57:40.586Z	spark1	PROFILE	10.344	6.714
2026-09-27T13:57:40.596Z	spark2	PROFILE	10.836	4.109
2026-09-27T13:57:40.852Z	spark1	PROFILE	10.344	6.714
2026-09-27T13:57:40.860Z	spark2	PROFILE	10.837	4.109
2026-09-27T13:57:41.102Z	spark1	PROFILE	10.346	6.714
2026-09-27T13:57:41.111Z	spark2	PROFILE	10.836	4.109
2026-09-27T13:57:41.353Z	spark1	PROFILE	10.357	6.714
2026-09-27T13:57:41.361Z	spark2	PROFILE	10.836	4.109
2026-09-27T13:57:41.603Z	spark1	PROFILE	10.357	6.714
2026-09-27T13:57:41.611Z	spark2	PROFILE	10.822	4.109
2026-09-27T13:57:41.866Z	spark1	PROFILE	10.359	6.714
2026-09-27T13:57:41.872Z	spark2	PROFILE	10.822	4.109
2026-09-27T13:57:42.116Z	spark1	PROFILE	10.360	6.714
2026-09-27T13:57:42.123Z	spark2	PROFILE	10.822	4.109
2026-09-27T13:57:42.366Z	spark1	PROFILE	10.360	6.714
2026-09-27T13:57:42.373Z	spark2	PROFILE	10.822	4.109
2026-09-27T13:57:42.617Z	spark1	PROFILE	10.360	6.714
2026-09-27T13:57:42.624Z	spark2	PROFILE	10.823	4.109
2026-09-27T13:57:42.883Z	spark1	PROFILE	10.352	6.714
2026-09-27T13:57:42.885Z	spark2	PROFILE	10.823	4.109
2026-09-27T13:57:43.133Z	spark1	PROFILE	10.353	6.714
2026-09-27T13:57:43.136Z	spark2	PROFILE	10.823	4.109
2026-09-27T13:57:43.384Z	spark1	PROFILE	10.349	6.714
2026-09-27T13:57:43.385Z	spark2	PROFILE	10.823	4.109
2026-09-27T13:57:43.634Z	spark1	PROFILE	10.349	6.714
2026-09-27T13:57:43.636Z	spark2	PROFILE	10.808	4.109
2026-09-27T13:57:43.900Z	spark1	PROFILE	10.333	6.714
2026-09-27T13:57:43.901Z	spark2	PROFILE	10.808	4.109
2026-09-27T13:57:44.150Z	spark1	PROFILE	10.328	6.714
2026-09-27T13:57:44.151Z	spark2	PROFILE	10.808	4.109
2026-09-27T13:57:44.400Z	spark1	PROFILE	10.328	6.714
2026-09-27T13:57:44.401Z	spark2	PROFILE	10.813	4.109
2026-09-27T13:57:44.651Z	spark2	PROFILE	10.796	4.109
2026-09-27T13:57:44.651Z	spark1	PROFILE	10.328	6.714
2026-09-27T13:57:44.917Z	spark2	PROFILE	10.802	4.109
2026-09-27T13:57:44.918Z	spark1	PROFILE	10.298	6.714
2026-09-27T13:57:45.167Z	spark2	PROFILE	10.802	4.109
2026-09-27T13:57:45.179Z	spark1	PROFILE	10.300	6.714
2026-09-27T13:57:45.418Z	spark2	PROFILE	10.799	4.109
2026-09-27T13:57:45.419Z	spark1	PROFILE	10.301	6.714
2026-09-27T13:57:45.668Z	spark2	PROFILE	10.780	4.109
2026-09-27T13:57:45.669Z	spark1	PROFILE	10.301	6.714
2026-09-27T13:57:45.931Z	spark1	PROFILE	10.301	6.714
2026-09-27T13:57:45.934Z	spark2	PROFILE	10.779	4.109
2026-09-27T13:57:46.181Z	spark1	PROFILE	10.304	6.714
2026-09-27T13:57:46.184Z	spark2	PROFILE	10.780	4.109
2026-09-27T13:57:46.432Z	spark1	PROFILE	10.304	6.714
2026-09-27T13:57:46.434Z	spark2	PROFILE	10.780	4.109
2026-09-27T13:57:46.682Z	spark1	PROFILE	10.302	6.714
2026-09-27T13:57:46.685Z	spark2	PROFILE	10.658	4.109
2026-09-27T13:57:46.947Z	spark2	PROFILE	10.277	4.109
2026-09-27T13:57:46.949Z	spark1	PROFILE	10.283	6.714
2026-09-27T13:57:47.197Z	spark2	PROFILE	10.155	4.109
2026-09-27T13:57:47.200Z	spark1	PROFILE	10.283	6.714
2026-09-27T13:57:47.448Z	spark2	PROFILE	10.158	4.109
2026-09-27T13:57:47.450Z	spark1	PROFILE	10.274	6.714
2026-09-27T13:57:47.698Z	spark2	PROFILE	10.159	4.109
2026-09-27T13:57:47.701Z	spark1	PROFILE	10.274	6.714
2026-09-27T13:57:47.960Z	spark2	PROFILE	10.159	4.109
2026-09-27T13:57:47.962Z	spark1	PROFILE	10.274	6.714
2026-09-27T13:57:48.210Z	spark2	PROFILE	10.151	4.109
2026-09-27T13:57:48.212Z	spark1	PROFILE	10.106	6.714
2026-09-27T13:57:48.461Z	spark2	PROFILE	10.144	4.109
2026-09-27T13:57:48.463Z	spark1	PROFILE	9.949	6.714
2026-09-27T13:57:48.711Z	spark2	PROFILE	10.152	4.109
2026-09-27T13:57:48.713Z	spark1	PROFILE	9.513	6.714
2026-09-27T13:57:48.972Z	spark2	PROFILE	10.152	4.109
2026-09-27T13:57:48.980Z	spark1	PROFILE	9.463	6.714
2026-09-27T13:57:49.223Z	spark2	PROFILE	10.152	4.109
2026-09-27T13:57:49.231Z	spark1	PROFILE	9.422	6.714
2026-09-27T13:57:49.474Z	spark2	PROFILE	9.990	4.109
2026-09-27T13:57:49.481Z	spark1	PROFILE	9.168	6.714
2026-09-27T13:57:49.724Z	spark2	PROFILE	10.945	4.109
2026-09-27T13:57:49.732Z	spark1	PROFILE	9.168	6.714
2026-09-27T13:57:49.985Z	spark2	PROFILE	11.765	4.109
2026-09-27T13:57:49.998Z	spark1	PROFILE	9.159	6.714
2026-09-27T13:57:50.236Z	spark2	PROFILE	11.773	4.109
2026-09-27T13:57:50.249Z	spark1	PROFILE	9.159	6.714
2026-09-27T13:57:50.487Z	spark2	PROFILE	11.575	4.109
2026-09-27T13:57:50.500Z	spark1	PROFILE	9.159	6.714
2026-09-27T13:57:50.737Z	spark2	PROFILE	11.506	4.109
2026-09-27T13:57:50.750Z	spark1	PROFILE	9.150	6.714
2026-09-27T13:57:50.999Z	spark2	PROFILE	11.443	4.109
2026-09-27T13:57:51.013Z	spark1	PROFILE	9.117	6.714
2026-09-27T13:57:51.250Z	spark2	PROFILE	11.359	4.109
2026-09-27T13:57:51.263Z	spark1	PROFILE	9.724	6.714
2026-09-27T13:57:51.499Z	spark2	PROFILE	11.251	4.109
2026-09-27T13:57:51.514Z	spark1	PROFILE	10.835	6.714
2026-09-27T13:57:51.751Z	spark2	PROFILE	11.236	4.109
2026-09-27T13:57:51.764Z	spark1	PROFILE	11.282	6.714
2026-09-27T13:57:52.017Z	spark2	PROFILE	11.196	4.109
2026-09-27T13:57:52.028Z	spark1	PROFILE	11.337	6.714
2026-09-27T13:57:52.267Z	spark2	PROFILE	11.181	4.109
2026-09-27T13:57:52.279Z	spark1	PROFILE	11.165	6.714
2026-09-27T13:57:52.518Z	spark2	PROFILE	11.157	4.109
2026-09-27T13:57:52.529Z	spark1	PROFILE	11.096	6.714
2026-09-27T13:57:52.768Z	spark2	PROFILE	11.142	4.109
2026-09-27T13:57:52.780Z	spark1	PROFILE	11.042	6.714
2026-09-27T13:57:53.029Z	spark2	PROFILE	11.135	4.109
2026-09-27T13:57:53.047Z	spark1	PROFILE	10.949	6.714
2026-09-27T13:57:53.279Z	spark2	PROFILE	11.128	4.109
2026-09-27T13:57:53.297Z	spark1	PROFILE	10.849	6.714
2026-09-27T13:57:53.530Z	spark2	PROFILE	11.113	4.109
2026-09-27T13:57:53.547Z	spark1	PROFILE	10.834	6.714
2026-09-27T13:57:53.781Z	spark2	PROFILE	11.097	4.109
2026-09-27T13:57:53.798Z	spark1	PROFILE	10.788	6.714
2026-09-27T13:57:54.046Z	spark2	PROFILE	11.089	4.109
2026-09-27T13:57:54.062Z	spark1	PROFILE	10.773	6.714
2026-09-27T13:57:54.297Z	spark2	PROFILE	11.081	4.109
2026-09-27T13:57:54.312Z	spark1	PROFILE	10.750	6.714
2026-09-27T13:57:54.547Z	spark2	PROFILE	11.066	4.109
2026-09-27T13:57:54.563Z	spark1	PROFILE	10.730	6.714
2026-09-27T13:57:54.798Z	spark2	PROFILE	11.058	4.109
2026-09-27T13:57:54.813Z	spark1	PROFILE	10.729	6.714
2026-09-27T13:57:55.059Z	spark2	PROFILE	11.034	4.109
2026-09-27T13:57:55.079Z	spark1	PROFILE	10.698	6.714
2026-09-27T13:57:55.309Z	spark2	PROFILE	11.005	4.109
2026-09-27T13:57:55.330Z	spark1	PROFILE	10.682	6.714
2026-09-27T13:57:55.560Z	spark2	PROFILE	10.946	4.109
2026-09-27T13:57:55.580Z	spark1	PROFILE	10.658	6.714
2026-09-27T13:57:55.810Z	spark2	PROFILE	10.923	4.109
2026-09-27T13:57:55.830Z	spark1	PROFILE	10.648	6.714
2026-09-27T13:57:56.076Z	spark2	PROFILE	10.916	4.109
2026-09-27T13:57:56.097Z	spark1	PROFILE	10.640	6.714
2026-09-27T13:57:56.327Z	spark2	PROFILE	10.902	4.109
2026-09-27T13:57:56.348Z	spark1	PROFILE	10.623	6.713
2026-09-27T13:57:56.577Z	spark2	PROFILE	10.894	4.109
2026-09-27T13:57:56.598Z	spark1	PROFILE	10.614	6.713
2026-09-27T13:57:56.828Z	spark2	PROFILE	10.886	4.109
2026-09-27T13:57:56.849Z	spark1	PROFILE	10.591	6.713
2026-09-27T13:57:57.093Z	spark2	PROFILE	11.274	4.109
2026-09-27T13:57:57.115Z	spark1	PROFILE	10.583	6.713
2026-09-27T13:57:57.343Z	spark2	PROFILE	11.279	4.109
2026-09-27T13:57:57.366Z	spark1	PROFILE	10.567	6.713
2026-09-27T13:57:57.594Z	spark2	PROFILE	11.288	4.109
2026-09-27T13:57:57.616Z	spark1	PROFILE	10.551	6.713
2026-09-27T13:57:57.844Z	spark2	PROFILE	11.288	4.109
2026-09-27T13:57:57.866Z	spark1	PROFILE	10.554	6.713
2026-09-27T13:57:58.108Z	spark2	PROFILE	11.288	4.109
2026-09-27T13:57:58.129Z	spark1	PROFILE	10.539	6.713
2026-09-27T13:57:58.359Z	spark2	PROFILE	11.289	4.109
2026-09-27T13:57:58.380Z	spark1	PROFILE	10.532	6.713
2026-09-27T13:57:58.609Z	spark2	PROFILE	11.289	4.109
2026-09-27T13:57:58.630Z	spark1	PROFILE	10.525	6.713
2026-09-27T13:57:58.859Z	spark2	PROFILE	11.300	4.109
2026-09-27T13:57:58.880Z	spark1	PROFILE	10.695	6.713
2026-09-27T13:57:59.120Z	spark2	PROFILE	11.300	4.109
2026-09-27T13:57:59.147Z	spark1	PROFILE	10.858	6.713
2026-09-27T13:57:59.371Z	spark2	PROFILE	11.300	4.109
2026-09-27T13:57:59.398Z	spark1	PROFILE	10.761	6.713
2026-09-27T13:57:59.621Z	spark2	PROFILE	11.283	4.109
2026-09-27T13:57:59.648Z	spark1	PROFILE	10.581	6.713
2026-09-27T13:57:59.873Z	spark2	PROFILE	11.273	4.109
2026-09-27T13:57:59.899Z	spark1	PROFILE	10.562	6.713
2026-09-27T13:58:00.134Z	spark2	KV_READY	12.407	4.109
2026-09-27T13:58:00.161Z	spark1	KV_READY	11.810	6.713
2026-09-27T13:58:00.385Z	spark2	KV_READY	10.114	4.109
2026-09-27T13:58:00.412Z	spark1	KV_READY	10.131	6.713
2026-09-27T13:58:00.635Z	spark2	KV_READY	10.114	4.109
2026-09-27T13:58:00.662Z	spark1	KV_READY	10.107	6.713
2026-09-27T13:58:00.886Z	spark2	KV_READY	10.112	4.109
2026-09-27T13:58:00.912Z	spark1	KV_READY	9.920	6.713
2026-09-27T13:58:01.151Z	spark2	KV_READY	10.108	4.109
2026-09-27T13:58:01.179Z	spark1	KV_READY	9.910	6.713
2026-09-27T13:58:01.401Z	spark2	KV_READY	10.110	4.109
2026-09-27T13:58:01.430Z	spark1	KV_READY	9.894	6.713
2026-09-27T13:58:01.651Z	spark2	KV_READY	10.091	4.109
2026-09-27T13:58:01.680Z	spark1	KV_READY	9.855	6.713
2026-09-27T13:58:01.901Z	spark2	KV_READY	10.076	4.109
2026-09-27T13:58:01.931Z	spark1	KV_READY	9.797	6.713
2026-09-27T13:58:02.162Z	spark2	KV_READY	10.079	4.109
2026-09-27T13:58:02.197Z	spark1	KV_READY	9.753	6.713
2026-09-27T13:58:02.412Z	spark2	KV_READY	10.043	4.109
2026-09-27T13:58:02.448Z	spark1	KV_READY	9.753	6.713
2026-09-27T13:58:02.663Z	spark2	KV_READY	10.060	4.109
2026-09-27T13:58:02.698Z	spark1	KV_READY	9.721	6.713
2026-09-27T13:58:02.913Z	spark2	KV_READY	10.084	4.109
2026-09-27T13:58:02.948Z	spark1	KV_READY	9.702	6.713
2026-09-27T13:58:03.175Z	spark2	KV_READY	10.047	4.109
2026-09-27T13:58:03.214Z	spark1	KV_READY	9.667	6.713
2026-09-27T13:58:03.425Z	spark2	KV_READY	10.046	4.109
2026-09-27T13:58:03.465Z	spark1	KV_READY	9.655	6.713
2026-09-27T13:58:03.676Z	spark2	KV_READY	10.035	4.109
2026-09-27T13:58:03.716Z	spark1	KV_READY	9.647	6.713
2026-09-27T13:58:03.927Z	spark2	KV_READY	10.020	4.109
2026-09-27T13:58:03.967Z	spark1	KV_READY	9.638	6.713
2026-09-27T13:58:04.192Z	spark2	KV_READY	10.010	4.109
2026-09-27T13:58:04.233Z	spark1	KV_READY	9.638	6.713
2026-09-27T13:58:04.443Z	spark2	KV_READY	10.008	4.109
2026-09-27T13:58:04.483Z	spark1	KV_READY	9.633	6.713
2026-09-27T13:58:04.693Z	spark2	KV_READY	10.005	4.109
2026-09-27T13:58:04.734Z	spark1	KV_READY	9.657	6.713
2026-09-27T13:58:04.943Z	spark2	KV_READY	10.007	4.109
2026-09-27T13:58:04.984Z	spark1	KV_READY	9.658	6.713
2026-09-27T13:58:05.203Z	spark2	KV_READY	9.999	4.109
2026-09-27T13:58:05.251Z	spark1	KV_READY	9.661	6.713
2026-09-27T13:58:05.454Z	spark2	KV_READY	9.998	4.109
2026-09-27T13:58:05.501Z	spark1	KV_READY	9.661	6.713
2026-09-27T13:58:05.705Z	spark2	KV_READY	9.993	4.109
2026-09-27T13:58:05.751Z	spark1	KV_READY	9.657	6.713
2026-09-27T13:58:05.955Z	spark2	KV_READY	9.983	4.109
2026-09-27T13:58:06.002Z	spark1	KV_READY	9.560	6.713
2026-09-27T13:58:06.221Z	spark2	KV_READY	9.883	4.109
2026-09-27T13:58:06.270Z	spark1	KV_READY	9.368	6.713
2026-09-27T13:58:06.471Z	spark2	KV_READY	9.787	4.109
2026-09-27T13:58:06.521Z	spark1	KV_READY	9.211	6.713
2026-09-27T13:58:06.721Z	spark2	KV_READY	9.467	4.109
2026-09-27T13:58:06.771Z	spark1	KV_READY	8.972	6.713
2026-09-27T13:58:06.972Z	spark2	KV_READY	9.287	4.109
2026-09-27T13:58:07.021Z	spark1	KV_READY	8.802	6.713
2026-09-27T13:58:07.238Z	spark2	KV_READY	9.056	4.109
2026-09-27T13:58:07.298Z	spark1	KV_READY	8.459	6.713
2026-09-27T13:58:07.488Z	spark2	KV_READY	8.818	4.109
2026-09-27T13:58:07.548Z	spark1	KV_READY	8.226	6.713
2026-09-27T13:58:07.738Z	spark2	KV_READY	8.580	4.109
2026-09-27T13:58:07.799Z	spark1	KV_READY	7.964	6.713
2026-09-27T13:58:07.989Z	spark2	KV_READY	8.574	4.109
2026-09-27T13:58:08.049Z	spark1	KV_READY	7.918	6.713
2026-09-27T13:58:08.251Z	spark2	KV_READY	10.382	4.109
2026-09-27T13:58:08.316Z	spark1	KV_READY	7.801	6.713
2026-09-27T13:58:08.502Z	spark2	KV_READY	10.144	4.109
2026-09-27T13:58:08.566Z	spark1	KV_READY	7.568	6.713
2026-09-27T13:58:08.753Z	spark2	KV_READY	10.089	4.109
2026-09-27T13:58:08.817Z	spark1	KV_READY	7.508	6.713
2026-09-27T13:58:09.004Z	spark2	KV_READY	10.059	4.109
2026-09-27T13:58:09.067Z	spark1	KV_READY	7.685	6.713
2026-09-27T13:58:09.264Z	spark2	KV_READY	9.976	4.109
2026-09-27T13:58:09.335Z	spark1	KV_READY	7.626	6.713
2026-09-27T13:58:09.515Z	spark2	KV_READY	9.892	4.109
2026-09-27T13:58:09.585Z	spark1	KV_READY	7.542	6.713
2026-09-27T13:58:09.766Z	spark2	KV_READY	9.780	4.109
2026-09-27T13:58:09.836Z	spark1	KV_READY	7.322	6.713
2026-09-27T13:58:10.016Z	spark2	KV_READY	9.648	4.109
2026-09-27T13:58:10.086Z	spark1	KV_READY	7.216	6.713
2026-09-27T13:58:10.283Z	spark2	KV_READY	9.932	4.109
2026-09-27T13:58:10.354Z	spark1	KV_READY	9.562	6.713
2026-09-27T13:58:10.533Z	spark2	KV_READY	9.870	4.109
2026-09-27T13:58:10.604Z	spark1	KV_READY	9.401	6.713
2026-09-27T13:58:10.783Z	spark2	KV_READY	9.708	4.109
2026-09-27T13:58:10.855Z	spark1	KV_READY	9.238	6.713
2026-09-27T13:58:11.034Z	spark2	KV_READY	9.631	4.109
2026-09-27T13:58:11.105Z	spark1	KV_READY	9.113	6.713
2026-09-27T13:58:11.299Z	spark2	KV_READY	9.516	4.109
2026-09-27T13:58:11.373Z	spark1	KV_READY	10.150	6.713
2026-09-27T13:58:11.549Z	spark2	KV_READY	9.281	4.109
2026-09-27T13:58:11.624Z	spark1	KV_READY	10.032	6.713
2026-09-27T13:58:11.800Z	spark2	KV_READY	9.135	4.109
2026-09-27T13:58:11.874Z	spark1	KV_READY	9.900	6.713
2026-09-27T13:58:12.050Z	spark2	KV_READY	9.056	4.109
2026-09-27T13:58:12.124Z	spark1	KV_READY	9.768	6.713
2026-09-27T13:58:12.316Z	spark2	KV_READY	9.037	4.109
2026-09-27T13:58:12.391Z	spark1	KV_READY	9.816	6.713
2026-09-27T13:58:12.567Z	spark2	KV_READY	9.072	4.109
2026-09-27T13:58:12.642Z	spark1	KV_READY	9.778	6.713
2026-09-27T13:58:12.818Z	spark2	KV_READY	9.065	4.109
2026-09-27T13:58:12.892Z	spark1	KV_READY	9.719	6.713
2026-09-27T13:58:13.068Z	spark2	KV_READY	9.049	4.109
2026-09-27T13:58:13.143Z	spark1	KV_READY	9.711	6.713
2026-09-27T13:58:13.333Z	spark2	KV_READY	9.049	4.109
2026-09-27T13:58:13.410Z	spark1	KV_READY	9.705	6.713
2026-09-27T13:58:13.584Z	spark2	KV_READY	9.049	4.109
2026-09-27T13:58:13.661Z	spark1	KV_READY	9.684	6.713
2026-09-27T13:58:13.834Z	spark2	KV_READY	9.097	4.109
2026-09-27T13:58:13.911Z	spark1	KV_READY	10.227	6.713
2026-09-27T13:58:14.085Z	spark2	KV_READY	9.046	4.109
2026-09-27T13:58:14.161Z	spark1	KV_READY	10.023	6.713
2026-09-27T13:58:14.346Z	spark2	KV_READY	8.939	4.109
2026-09-27T13:58:14.429Z	spark1	KV_READY	9.935	6.713
2026-09-27T13:58:14.596Z	spark2	KV_READY	8.871	4.109
2026-09-27T13:58:14.680Z	spark1	KV_READY	9.868	6.713
2026-09-27T13:58:14.847Z	spark2	KV_READY	8.787	4.109
2026-09-27T13:58:14.931Z	spark1	KV_READY	8.966	6.713
2026-09-27T13:58:15.097Z	spark2	KV_READY	8.807	4.109
2026-09-27T13:58:15.181Z	spark1	KV_READY	8.574	6.713
2026-09-27T13:58:15.362Z	spark2	KV_READY	9.969	4.109
2026-09-27T13:58:15.448Z	spark1	KV_READY	8.453	6.713
2026-09-27T13:58:15.613Z	spark2	KV_READY	9.815	4.109
2026-09-27T13:58:15.698Z	spark1	KV_READY	8.266	6.713
2026-09-27T13:58:15.863Z	spark2	KV_READY	9.523	4.109
2026-09-27T13:58:15.949Z	spark1	KV_READY	7.997	6.713
2026-09-27T13:58:16.114Z	spark2	KV_READY	9.264	4.109
2026-09-27T13:58:16.199Z	spark1	KV_READY	7.941	6.713
2026-09-27T13:58:16.380Z	spark2	KV_READY	9.220	4.109
2026-09-27T13:58:16.467Z	spark1	KV_READY	7.948	6.713
2026-09-27T13:58:16.630Z	spark2	KV_READY	9.220	4.109
2026-09-27T13:58:16.718Z	spark1	KV_READY	7.948	6.713
2026-09-27T13:58:16.881Z	spark2	KV_READY	9.218	4.109
2026-09-27T13:58:16.968Z	spark1	KV_READY	7.926	6.713
2026-09-27T13:58:17.131Z	spark2	KV_READY	9.222	4.109
2026-09-27T13:58:17.219Z	spark1	KV_READY	7.924	6.713
2026-09-27T13:58:17.397Z	spark2	KV_READY	9.205	4.109
2026-09-27T13:58:17.486Z	spark1	KV_READY	7.923	6.713
2026-09-27T13:58:17.647Z	spark2	KV_READY	9.188	4.109
2026-09-27T13:58:17.737Z	spark1	KV_READY	9.758	6.713
2026-09-27T13:58:17.897Z	spark2	KV_READY	10.343	4.109
2026-09-27T13:58:17.987Z	spark1	KV_READY	9.691	6.713
2026-09-27T13:58:18.148Z	spark2	KV_READY	10.311	4.109
2026-09-27T13:58:18.237Z	spark1	KV_READY	9.647	6.713
2026-09-27T13:58:18.414Z	spark2	KV_READY	10.306	4.109
2026-09-27T13:58:18.500Z	spark1	KV_READY	9.642	6.713
2026-09-27T13:58:18.664Z	spark2	KV_READY	10.299	4.109
2026-09-27T13:58:18.751Z	spark1	KV_READY	9.635	6.713
2026-09-27T13:58:18.914Z	spark2	KV_READY	10.276	4.109
2026-09-27T13:58:19.001Z	spark1	KV_READY	9.601	6.713
2026-09-27T13:58:19.165Z	spark2	KV_READY	10.231	4.109
2026-09-27T13:58:19.251Z	spark1	KV_READY	9.493	6.713
2026-09-27T13:58:19.430Z	spark2	KV_READY	10.116	4.109
2026-09-27T13:58:19.520Z	spark1	KV_READY	9.394	6.713
2026-09-27T13:58:19.680Z	spark2	KV_READY	10.070	4.109
2026-09-27T13:58:19.770Z	spark1	KV_READY	9.408	6.713
2026-09-27T13:58:19.930Z	spark2	KV_READY	9.974	4.109
2026-09-27T13:58:20.021Z	spark1	KV_READY	9.270	6.713
2026-09-27T13:58:20.181Z	spark2	KV_READY	9.878	4.109
2026-09-27T13:58:20.271Z	spark1	KV_READY	10.002	6.712
2026-09-27T13:58:20.447Z	spark2	KV_READY	9.822	4.109
2026-09-27T13:58:20.534Z	spark1	KV_READY	9.834	6.712
2026-09-27T13:58:20.697Z	spark2	KV_READY	9.818	4.109
2026-09-27T13:58:20.784Z	spark1	KV_READY	9.756	6.712
2026-09-27T13:58:20.947Z	spark2	KV_READY	9.675	4.109
2026-09-27T13:58:21.034Z	spark1	KV_READY	10.037	6.712
2026-09-27T13:58:21.198Z	spark2	KV_READY	9.495	4.109
2026-09-27T13:58:21.284Z	spark1	KV_READY	9.824	6.712
2026-09-27T13:58:21.463Z	spark2	KV_READY	9.440	4.109
2026-09-27T13:58:21.552Z	spark1	KV_READY	10.087	6.712
2026-09-27T13:58:21.714Z	spark2	KV_READY	9.066	4.109
2026-09-27T13:58:21.803Z	spark1	KV_READY	9.774	6.711
2026-09-27T13:58:21.964Z	spark2	KV_READY	8.837	4.109
2026-09-27T13:58:22.053Z	spark1	KV_READY	9.567	6.711
2026-09-27T13:58:22.214Z	spark2	KV_READY	8.684	4.109
2026-09-27T13:58:22.303Z	spark1	KV_READY	9.147	6.711
2026-09-27T13:58:22.476Z	spark2	KV_READY	9.180	4.109
2026-09-27T13:58:22.570Z	spark1	KV_READY	8.746	6.711
2026-09-27T13:58:22.726Z	spark2	KV_READY	9.180	4.109
2026-09-27T13:58:22.820Z	spark1	KV_READY	8.657	6.711
2026-09-27T13:58:22.976Z	spark2	KV_READY	9.182	4.109
2026-09-27T13:58:23.071Z	spark1	KV_READY	8.655	6.711
2026-09-27T13:58:23.227Z	spark2	KV_READY	9.184	4.109
2026-09-27T13:58:23.321Z	spark1	KV_READY	8.655	6.711
2026-09-27T13:58:23.493Z	spark2	KV_READY	9.184	4.109
2026-09-27T13:58:23.588Z	spark1	KV_READY	8.653	6.711
2026-09-27T13:58:23.744Z	spark2	KV_READY	9.184	4.109
2026-09-27T13:58:23.839Z	spark1	KV_READY	8.653	6.711
2026-09-27T13:58:23.995Z	spark2	KV_READY	9.455	4.109
2026-09-27T13:58:24.089Z	spark1	KV_READY	9.503	6.711
2026-09-27T13:58:24.246Z	spark2	KV_READY	9.425	4.109
2026-09-27T13:58:24.339Z	spark1	KV_READY	9.429	6.711
2026-09-27T13:58:24.510Z	spark2	KV_READY	9.423	4.109
2026-09-27T13:58:24.606Z	spark1	KV_READY	9.313	6.711
2026-09-27T13:58:24.761Z	spark2	KV_READY	9.530	4.109
2026-09-27T13:58:24.856Z	spark1	KV_READY	9.296	6.711
2026-09-27T13:58:25.011Z	spark2	KV_READY	9.530	4.109
2026-09-27T13:58:25.106Z	spark1	KV_READY	9.281	6.711
2026-09-27T13:58:25.262Z	spark2	KV_READY	9.499	4.109
2026-09-27T13:58:25.357Z	spark1	KV_READY	9.274	6.711
2026-09-27T13:58:25.523Z	spark2	KV_READY	9.480	4.109
2026-09-27T13:58:25.624Z	spark1	KV_READY	9.219	6.711
2026-09-27T13:58:25.774Z	spark2	KV_READY	9.457	4.109
2026-09-27T13:58:25.874Z	spark1	KV_READY	9.075	6.711
2026-09-27T13:58:26.024Z	spark2	KV_READY	9.412	4.109
2026-09-27T13:58:26.124Z	spark1	KV_READY	8.861	6.711
2026-09-27T13:58:26.275Z	spark2	KV_READY	9.382	4.109
2026-09-27T13:58:26.374Z	spark1	KV_READY	9.442	6.711
2026-09-27T13:58:26.540Z	spark2	KV_READY	9.386	4.109
2026-09-27T13:58:26.641Z	spark1	KV_READY	9.380	6.711
2026-09-27T13:58:26.791Z	spark2	KV_READY	9.335	4.109
2026-09-27T13:58:26.892Z	spark1	KV_READY	9.274	6.711
2026-09-27T13:58:27.041Z	spark2	KV_READY	9.350	4.109
2026-09-27T13:58:27.142Z	spark1	KV_READY	10.250	6.711
2026-09-27T13:58:27.292Z	spark2	KV_READY	9.132	4.109
2026-09-27T13:58:27.392Z	spark1	KV_READY	10.106	6.711
2026-09-27T13:58:27.558Z	spark2	KV_READY	9.033	4.109
2026-09-27T13:58:27.656Z	spark1	KV_READY	9.668	6.711
2026-09-27T13:58:27.809Z	spark2	KV_READY	8.957	4.109
2026-09-27T13:58:27.906Z	spark1	KV_READY	9.074	6.711
2026-09-27T13:58:28.059Z	spark2	KV_READY	8.840	4.109
2026-09-27T13:58:28.156Z	spark1	KV_READY	8.616	6.711
2026-09-27T13:58:28.309Z	spark2	KV_READY	8.698	4.109
2026-09-27T13:58:28.407Z	spark1	KV_READY	8.418	6.711
2026-09-27T13:58:28.574Z	spark2	KV_READY	8.641	4.109
2026-09-27T13:58:28.674Z	spark1	KV_READY	8.040	6.711
2026-09-27T13:58:28.825Z	spark2	KV_READY	8.470	4.109
2026-09-27T13:58:28.925Z	spark1	KV_READY	7.914	6.711
2026-09-27T13:58:29.075Z	spark2	KV_READY	8.367	4.109
2026-09-27T13:58:29.175Z	spark1	KV_READY	7.904	6.711
2026-09-27T13:58:29.326Z	spark2	KV_READY	8.352	4.109
2026-09-27T13:58:29.425Z	spark1	KV_READY	7.904	6.711
2026-09-27T13:58:29.592Z	spark2	KV_READY	8.351	4.109
2026-09-27T13:58:29.693Z	spark1	KV_READY	7.898	6.711
2026-09-27T13:58:29.843Z	spark2	KV_READY	8.351	4.109
2026-09-27T13:58:29.943Z	spark1	KV_READY	7.898	6.711
2026-09-27T13:58:30.093Z	spark2	KV_READY	8.361	4.109
2026-09-27T13:58:30.194Z	spark1	KV_READY	7.898	6.711
2026-09-27T13:58:30.344Z	spark2	KV_READY	8.911	4.109
2026-09-27T13:58:30.445Z	spark1	KV_READY	7.898	6.711
2026-09-27T13:58:30.609Z	spark2	KV_READY	9.272	4.109
2026-09-27T13:58:30.712Z	spark1	KV_READY	7.858	6.711
2026-09-27T13:58:30.859Z	spark2	KV_READY	9.279	4.109
2026-09-27T13:58:30.962Z	spark1	KV_READY	10.302	6.711
2026-09-27T13:58:31.110Z	spark2	KV_READY	9.279	4.109
2026-09-27T13:58:31.212Z	spark1	KV_READY	10.203	6.711
2026-09-27T13:58:31.360Z	spark2	KV_READY	9.279	4.109
2026-09-27T13:58:31.462Z	spark1	KV_READY	10.172	6.711
2026-09-27T13:58:31.622Z	spark2	KV_READY	9.280	4.109
2026-09-27T13:58:31.729Z	spark1	KV_READY	10.167	6.711
2026-09-27T13:58:31.872Z	spark2	KV_READY	9.280	4.109
2026-09-27T13:58:31.980Z	spark1	KV_READY	10.167	6.711
2026-09-27T13:58:32.123Z	spark2	KV_READY	9.290	4.109
2026-09-27T13:58:32.230Z	spark1	KV_READY	10.166	6.711
2026-09-27T13:58:32.374Z	spark2	KV_READY	9.278	4.109
2026-09-27T13:58:32.481Z	spark1	KV_READY	10.123	6.711
2026-09-27T13:58:32.635Z	spark2	KV_READY	9.167	4.109
2026-09-27T13:58:32.743Z	spark1	KV_READY	9.928	6.711
2026-09-27T13:58:32.885Z	spark2	KV_READY	9.122	4.109
2026-09-27T13:58:32.993Z	spark1	KV_READY	9.857	6.711
2026-09-27T13:58:33.135Z	spark2	KV_READY	9.133	4.109
2026-09-27T13:58:33.244Z	spark1	KV_READY	9.805	6.711
2026-09-27T13:58:33.386Z	spark2	KV_READY	9.139	4.109
2026-09-27T13:58:33.494Z	spark1	KV_READY	9.688	6.711
2026-09-27T13:58:33.652Z	spark2	KV_READY	9.128	4.109
2026-09-27T13:58:33.761Z	spark1	KV_READY	10.217	6.711
2026-09-27T13:58:33.902Z	spark2	KV_READY	9.086	4.109
2026-09-27T13:58:34.011Z	spark1	KV_READY	10.012	6.711
2026-09-27T13:58:34.152Z	spark2	KV_READY	8.861	4.109
2026-09-27T13:58:34.261Z	spark1	KV_READY	9.877	6.711
2026-09-27T13:58:34.403Z	spark2	KV_READY	8.718	4.109
2026-09-27T13:58:34.512Z	spark1	KV_READY	9.967	6.711
2026-09-27T13:58:34.663Z	spark2	KV_READY	8.678	4.109
2026-09-27T13:58:34.775Z	spark1	KV_READY	9.698	6.711
2026-09-27T13:58:34.914Z	spark2	KV_READY	8.540	4.109
2026-09-27T13:58:35.025Z	spark1	KV_READY	9.583	6.711
2026-09-27T13:58:35.164Z	spark2	KV_READY	8.422	4.109
2026-09-27T13:58:35.276Z	spark1	KV_READY	9.789	6.711
2026-09-27T13:58:35.414Z	spark2	KV_READY	8.417	4.109
2026-09-27T13:58:35.526Z	spark1	KV_READY	9.328	6.711
2026-09-27T13:58:35.681Z	spark2	KV_READY	8.372	4.109
2026-09-27T13:58:35.793Z	spark1	KV_READY	8.847	6.711
2026-09-27T13:58:35.931Z	spark2	KV_READY	8.360	4.109
2026-09-27T13:58:36.043Z	spark1	KV_READY	8.756	6.711
2026-09-27T13:58:36.181Z	spark2	KV_READY	8.368	4.109
2026-09-27T13:58:36.294Z	spark1	KV_READY	8.739	6.711
2026-09-27T13:58:36.431Z	spark2	KV_READY	8.368	4.109
2026-09-27T13:58:36.544Z	spark1	KV_READY	8.739	6.711
2026-09-27T13:58:36.693Z	spark2	KV_READY	8.367	4.109
2026-09-27T13:58:36.811Z	spark1	KV_READY	8.660	6.711
2026-09-27T13:58:36.943Z	spark2	KV_READY	8.375	4.109
2026-09-27T13:58:37.061Z	spark1	KV_READY	8.657	6.711
2026-09-27T13:58:37.194Z	spark2	KV_READY	8.392	4.109
2026-09-27T13:58:37.311Z	spark1	KV_READY	8.656	6.711
2026-09-27T13:58:37.444Z	spark2	KV_READY	8.519	4.109
2026-09-27T13:58:37.562Z	spark1	KV_READY	8.655	6.711
2026-09-27T13:58:37.710Z	spark2	KV_READY	8.504	4.109
2026-09-27T13:58:37.824Z	spark1	KV_READY	9.177	6.711
2026-09-27T13:58:37.961Z	spark2	KV_READY	8.510	4.109
2026-09-27T13:58:38.075Z	spark1	KV_READY	9.047	6.711
2026-09-27T13:58:38.211Z	spark2	KV_READY	8.514	4.109
2026-09-27T13:58:38.325Z	spark1	KV_READY	9.040	6.711
2026-09-27T13:58:38.462Z	spark2	KV_READY	8.526	4.109
2026-09-27T13:58:38.575Z	spark1	KV_READY	9.039	6.711
2026-09-27T13:58:38.727Z	spark2	KV_READY	8.503	4.109
2026-09-27T13:58:38.837Z	spark1	KV_READY	9.032	6.711
2026-09-27T13:58:38.978Z	spark2	KV_READY	8.536	4.109
2026-09-27T13:58:39.087Z	spark1	KV_READY	8.971	6.711
2026-09-27T13:58:39.228Z	spark2	KV_READY	8.536	4.109
2026-09-27T13:58:39.338Z	spark1	KV_READY	8.868	6.710
2026-09-27T13:58:39.479Z	spark2	KV_READY	8.515	4.109
2026-09-27T13:58:39.588Z	spark1	KV_READY	9.402	6.710
2026-09-27T13:58:39.740Z	spark2	KV_READY	8.490	4.109
2026-09-27T13:58:39.859Z	spark1	KV_READY	9.357	6.710
2026-09-27T13:58:39.990Z	spark2	KV_READY	8.574	4.109
2026-09-27T13:58:40.109Z	spark1	KV_READY	9.744	6.710
2026-09-27T13:58:40.241Z	spark2	KV_READY	8.614	4.109
2026-09-27T13:58:40.359Z	spark1	KV_READY	9.978	6.710
2026-09-27T13:58:40.491Z	spark2	KV_READY	8.599	4.109
2026-09-27T13:58:40.609Z	spark1	KV_READY	9.843	6.710
2026-09-27T13:58:40.757Z	spark2	KV_READY	8.540	4.109
2026-09-27T13:58:40.872Z	spark1	KV_READY	9.674	6.710
2026-09-27T13:58:41.007Z	spark2	KV_READY	8.395	4.109
2026-09-27T13:58:41.123Z	spark1	KV_READY	9.129	6.710
2026-09-27T13:58:41.258Z	spark2	KV_READY	8.352	4.109
2026-09-27T13:58:41.373Z	spark1	KV_READY	8.580	6.710
2026-09-27T13:58:41.508Z	spark2	KV_READY	8.379	4.109
2026-09-27T13:58:41.623Z	spark1	KV_READY	8.393	6.710
2026-09-27T13:58:41.774Z	spark2	KV_READY	8.380	4.109
2026-09-27T13:58:41.895Z	spark1	KV_READY	8.173	6.710
2026-09-27T13:58:42.024Z	spark2	KV_READY	8.462	4.109
2026-09-27T13:58:42.145Z	spark1	KV_READY	7.982	6.710
2026-09-27T13:58:42.275Z	spark2	KV_READY	8.462	4.109
2026-09-27T13:58:42.396Z	spark1	KV_READY	7.718	6.710
2026-09-27T13:58:42.525Z	spark2	KV_READY	8.462	4.109
2026-09-27T13:58:42.646Z	spark1	KV_READY	7.574	6.710
2026-09-27T13:58:42.790Z	spark2	KV_READY	8.470	4.109
2026-09-27T13:58:42.907Z	spark1	KV_READY	7.418	6.710
2026-09-27T13:58:43.041Z	spark2	KV_READY	8.478	4.109
2026-09-27T13:58:43.157Z	spark1	KV_READY	7.322	6.710
2026-09-27T13:58:43.291Z	spark2	KV_READY	8.515	4.109
2026-09-27T13:58:43.408Z	spark1	KV_READY	7.258	6.710
2026-09-27T13:58:43.542Z	spark2	KV_READY	8.535	4.109
2026-09-27T13:58:43.658Z	spark1	KV_READY	7.218	6.710
2026-09-27T13:58:43.807Z	spark2	KV_READY	8.535	4.109
2026-09-27T13:58:43.920Z	spark1	KV_READY	7.225	6.710
2026-09-27T13:58:44.059Z	spark2	KV_READY	8.542	4.109
2026-09-27T13:58:44.170Z	spark1	KV_READY	7.215	6.710
2026-09-27T13:58:44.309Z	spark2	KV_READY	8.550	4.109
2026-09-27T13:58:44.421Z	spark1	KV_READY	7.194	6.710
2026-09-27T13:58:44.560Z	spark2	KV_READY	8.552	4.109
2026-09-27T13:58:44.671Z	spark1	KV_READY	7.184	6.710
2026-09-27T13:58:44.826Z	spark2	KV_READY	8.554	4.109
2026-09-27T13:58:44.933Z	spark1	KV_READY	7.191	6.710
2026-09-27T13:58:45.077Z	spark2	KV_READY	8.577	4.109
2026-09-27T13:58:45.183Z	spark1	KV_READY	7.168	6.710
2026-09-27T13:58:45.328Z	spark2	KV_READY	8.585	4.109
2026-09-27T13:58:45.434Z	spark1	KV_READY	7.169	6.710
2026-09-27T13:58:45.578Z	spark2	KV_READY	8.585	4.109
2026-09-27T13:58:45.684Z	spark1	KV_READY	7.161	6.710
2026-09-27T13:58:45.844Z	spark2	KV_READY	8.593	4.109
2026-09-27T13:58:45.951Z	spark1	KV_READY	7.153	6.710
2026-09-27T13:58:46.094Z	spark2	KV_READY	8.624	4.109
2026-09-27T13:58:46.202Z	spark1	KV_READY	7.146	6.710
2026-09-27T13:58:46.346Z	spark2	KV_READY	8.617	4.109
2026-09-27T13:58:46.452Z	spark1	KV_READY	7.146	6.710
2026-09-27T13:58:46.596Z	spark2	KV_READY	8.633	4.109
2026-09-27T13:58:46.703Z	spark1	KV_READY	7.145	6.710
2026-09-27T13:58:46.862Z	spark2	KV_READY	8.633	4.109
2026-09-27T13:58:46.965Z	spark1	KV_READY	7.150	6.710
2026-09-27T13:58:47.111Z	spark2	KV_READY	8.656	4.109
2026-09-27T13:58:47.216Z	spark1	KV_READY	7.131	6.710
2026-09-27T13:58:47.363Z	spark2	KV_READY	8.664	4.109
2026-09-27T13:58:47.466Z	spark1	KV_READY	7.131	6.710
2026-09-27T13:58:47.613Z	spark2	KV_READY	8.671	4.109
2026-09-27T13:58:47.716Z	spark1	KV_READY	7.131	6.710
2026-09-27T13:58:47.879Z	spark2	KV_READY	8.671	4.109
2026-09-27T13:58:47.983Z	spark1	KV_READY	7.130	6.710
2026-09-27T13:58:48.131Z	spark2	KV_READY	8.665	4.109
2026-09-27T13:58:48.233Z	spark1	KV_READY	7.138	6.710
2026-09-27T13:58:48.381Z	spark2	KV_READY	8.690	4.109
2026-09-27T13:58:48.484Z	spark1	KV_READY	7.138	6.710
2026-09-27T13:58:48.631Z	spark2	KV_READY	8.697	4.109
2026-09-27T13:58:48.735Z	spark1	KV_READY	7.138	6.710
2026-09-27T13:58:48.897Z	spark2	KV_READY	8.697	4.109
2026-09-27T13:58:49.001Z	spark1	KV_READY	7.162	6.710
2026-09-27T13:58:49.147Z	spark2	KV_READY	8.705	4.109
2026-09-27T13:58:49.251Z	spark1	KV_READY	7.151	6.710
2026-09-27T13:58:49.399Z	spark2	KV_READY	8.706	4.109
2026-09-27T13:58:49.501Z	spark1	KV_READY	7.151	6.710
2026-09-27T13:58:49.648Z	spark2	KV_READY	8.676	4.109
2026-09-27T13:58:49.752Z	spark1	KV_READY	7.151	6.710
2026-09-27T13:58:49.915Z	spark2	KV_READY	8.668	4.109
2026-09-27T13:58:50.014Z	spark1	KV_READY	7.166	6.710
2026-09-27T13:58:50.165Z	spark2	KV_READY	8.701	4.109
2026-09-27T13:58:50.264Z	spark1	KV_READY	7.168	6.710
2026-09-27T13:58:50.415Z	spark2	KV_READY	8.701	4.109
2026-09-27T13:58:50.514Z	spark1	KV_READY	7.171	6.710
2026-09-27T13:58:50.666Z	spark2	KV_READY	8.736	4.109
2026-09-27T13:58:50.765Z	spark1	KV_READY	7.169	6.710
2026-09-27T13:58:50.932Z	spark2	KV_READY	8.754	4.109
2026-09-27T13:58:51.031Z	spark1	KV_READY	7.119	6.710
2026-09-27T13:58:51.182Z	spark2	KV_READY	8.770	4.109
2026-09-27T13:58:51.282Z	spark1	KV_READY	7.114	6.710
2026-09-27T13:58:51.434Z	spark2	KV_READY	8.770	4.109
2026-09-27T13:58:51.533Z	spark1	KV_READY	7.091	6.710
2026-09-27T13:58:51.684Z	spark2	KV_READY	8.770	4.109
2026-09-27T13:58:51.783Z	spark1	KV_READY	7.091	6.710
2026-09-27T13:58:51.950Z	spark2	KV_READY	8.785	4.109
2026-09-27T13:58:52.050Z	spark1	KV_READY	7.130	6.710
2026-09-27T13:58:52.201Z	spark2	KV_READY	8.815	4.109
2026-09-27T13:58:52.300Z	spark1	KV_READY	7.143	6.710
2026-09-27T13:58:52.452Z	spark2	KV_READY	8.801	4.109
2026-09-27T13:58:52.550Z	spark1	KV_READY	7.149	6.710
2026-09-27T13:58:52.703Z	spark2	KV_READY	8.808	4.109
2026-09-27T13:58:52.801Z	spark1	KV_READY	7.149	6.710
2026-09-27T13:58:52.968Z	spark2	KV_READY	8.816	4.109
2026-09-27T13:58:53.068Z	spark1	KV_READY	7.195	6.710
2026-09-27T13:58:53.218Z	spark2	KV_READY	8.824	4.109
2026-09-27T13:58:53.318Z	spark1	KV_READY	7.211	6.710
2026-09-27T13:58:53.470Z	spark2	KV_READY	8.824	4.109
2026-09-27T13:58:53.569Z	spark1	KV_READY	7.215	6.710
2026-09-27T13:58:53.720Z	spark2	KV_READY	8.831	4.109
2026-09-27T13:58:53.819Z	spark1	KV_READY	7.215	6.710
2026-09-27T13:58:53.985Z	spark2	KV_READY	8.846	4.109
2026-09-27T13:58:54.081Z	spark1	KV_READY	7.238	6.710
2026-09-27T13:58:54.236Z	spark2	KV_READY	8.852	4.109
2026-09-27T13:58:54.332Z	spark1	KV_READY	7.238	6.710
2026-09-27T13:58:54.487Z	spark2	KV_READY	8.860	4.109
2026-09-27T13:58:54.583Z	spark1	KV_READY	7.246	6.710
2026-09-27T13:58:54.738Z	spark2	KV_READY	8.867	4.109
2026-09-27T13:58:54.834Z	spark1	KV_READY	7.242	6.710
2026-09-27T13:58:55.004Z	spark2	KV_READY	8.884	4.109
2026-09-27T13:58:55.101Z	spark1	KV_READY	7.285	6.710
2026-09-27T13:58:55.255Z	spark2	KV_READY	8.884	4.109
2026-09-27T13:58:55.351Z	spark1	KV_READY	7.293	6.710
2026-09-27T13:58:55.505Z	spark2	KV_READY	8.884	4.109
2026-09-27T13:58:55.602Z	spark1	KV_READY	7.293	6.710
2026-09-27T13:58:55.756Z	spark2	KV_READY	8.892	4.109
2026-09-27T13:58:55.852Z	spark1	KV_READY	7.293	6.710
2026-09-27T13:58:56.021Z	spark2	KV_READY	8.897	4.109
2026-09-27T13:58:56.118Z	spark1	KV_READY	7.342	6.710
2026-09-27T13:58:56.273Z	spark2	KV_READY	8.912	4.109
2026-09-27T13:58:56.369Z	spark1	KV_READY	7.344	6.710
2026-09-27T13:58:56.523Z	spark2	KV_READY	8.920	4.109
2026-09-27T13:58:56.620Z	spark1	KV_READY	7.344	6.710
2026-09-27T13:58:56.775Z	spark2	KV_READY	8.929	4.109
2026-09-27T13:58:56.870Z	spark1	KV_READY	7.351	6.710
2026-09-27T13:58:57.039Z	spark2	KV_READY	8.929	4.109
2026-09-27T13:58:57.137Z	spark1	KV_READY	7.399	6.707
2026-09-27T13:58:57.291Z	spark2	KV_READY	8.944	4.109
2026-09-27T13:58:57.387Z	spark1	KV_READY	7.407	6.707
2026-09-27T13:58:57.541Z	spark2	KV_READY	8.950	4.109
2026-09-27T13:58:57.637Z	spark1	KV_READY	7.408	6.707
2026-09-27T13:58:57.792Z	spark2	KV_READY	8.958	4.109
2026-09-27T13:58:57.887Z	spark1	KV_READY	7.411	6.707
2026-09-27T13:58:58.057Z	spark2	KV_READY	9.338	4.109
2026-09-27T13:58:58.150Z	spark1	KV_READY	7.452	6.707
2026-09-27T13:58:58.308Z	spark2	KV_READY	9.529	4.108
2026-09-27T13:58:58.400Z	spark1	KV_READY	7.467	6.707
2026-09-27T13:58:58.559Z	spark2	KV_READY	9.518	4.108
2026-09-27T13:58:58.651Z	spark1	KV_READY	7.467	6.707
2026-09-27T13:58:58.809Z	spark2	KV_READY	10.411	4.108
2026-09-27T13:58:58.902Z	spark1	KV_READY	7.490	6.707
2026-09-27T13:58:59.075Z	spark2	KV_READY	10.345	4.108
2026-09-27T13:58:59.168Z	spark1	KV_READY	7.498	6.707
2026-09-27T13:58:59.325Z	spark2	KV_READY	9.778	4.108
2026-09-27T13:58:59.419Z	spark1	KV_READY	7.529	6.707
2026-09-27T13:58:59.576Z	spark2	KV_READY	9.760	4.108
2026-09-27T13:58:59.669Z	spark1	KV_READY	7.529	6.707
2026-09-27T13:58:59.827Z	spark2	KV_READY	9.759	4.108
2026-09-27T13:58:59.920Z	spark1	KV_READY	7.543	6.707
2026-09-27T13:59:00.093Z	spark2	KV_READY	9.751	4.108
2026-09-27T13:59:00.186Z	spark1	KV_READY	7.943	6.706
2026-09-27T13:59:00.344Z	spark2	KV_READY	10.100	4.108
2026-09-27T13:59:00.436Z	spark1	KV_READY	9.602	6.706
2026-09-27T13:59:00.595Z	spark2	KV_READY	10.055	4.108
2026-09-27T13:59:00.687Z	spark1	KV_READY	9.528	6.706
2026-09-27T13:59:00.846Z	spark2	KV_READY	10.054	4.108
2026-09-27T13:59:00.938Z	spark1	KV_READY	9.470	6.706
2026-09-27T13:59:01.111Z	spark2	KV_READY	10.060	4.108
2026-09-27T13:59:01.208Z	spark1	KV_READY	9.959	6.706
2026-09-27T13:59:01.362Z	spark2	KV_READY	10.043	4.108
2026-09-27T13:59:01.459Z	spark1	KV_READY	9.766	6.706
2026-09-27T13:59:01.612Z	spark2	KV_READY	10.042	4.108
2026-09-27T13:59:01.709Z	spark1	KV_READY	9.740	6.706
2026-09-27T13:59:01.863Z	spark2	KV_READY	9.959	4.108
2026-09-27T13:59:01.960Z	spark1	KV_READY	9.732	6.706
2026-09-27T13:59:02.127Z	spark2	KV_READY	9.958	4.108
2026-09-27T13:59:02.222Z	spark1	KV_READY	9.696	6.706
2026-09-27T13:59:02.377Z	spark2	KV_READY	9.956	4.108
2026-09-27T13:59:02.472Z	spark1	KV_READY	9.680	6.706
2026-09-27T13:59:02.628Z	spark2	KV_READY	9.941	4.108
2026-09-27T13:59:02.723Z	spark1	KV_READY	9.626	6.706
2026-09-27T13:59:02.879Z	spark2	KV_READY	9.926	4.108
2026-09-27T13:59:02.973Z	spark1	KV_READY	9.625	6.706
2026-09-27T13:59:03.140Z	spark2	KV_READY	9.916	4.108
2026-09-27T13:59:03.242Z	spark1	KV_READY	9.601	6.706
2026-09-27T13:59:03.390Z	spark2	KV_READY	9.916	4.108
2026-09-27T13:59:03.493Z	spark1	KV_READY	9.612	6.706
2026-09-27T13:59:03.641Z	spark2	KV_READY	9.923	4.108
2026-09-27T13:59:03.744Z	spark1	KV_READY	9.587	6.706
2026-09-27T13:59:03.891Z	spark2	KV_READY	9.908	4.108
2026-09-27T13:59:03.995Z	spark1	KV_READY	9.587	6.706
2026-09-27T13:59:04.157Z	spark2	KV_READY	9.908	4.108
2026-09-27T13:59:04.257Z	spark1	KV_READY	9.523	6.706
2026-09-27T13:59:04.407Z	spark2	KV_READY	9.908	4.108
2026-09-27T13:59:04.507Z	spark1	KV_READY	9.516	6.706
2026-09-27T13:59:04.658Z	spark2	KV_READY	9.897	4.108
2026-09-27T13:59:04.757Z	spark1	KV_READY	9.505	6.706
2026-09-27T13:59:04.908Z	spark2	KV_READY	9.881	4.108
2026-09-27T13:59:05.008Z	spark1	KV_READY	9.505	6.706
2026-09-27T13:59:05.176Z	spark2	KV_READY	9.893	4.108
2026-09-27T13:59:05.274Z	spark1	KV_READY	9.496	6.706
2026-09-27T13:59:05.426Z	spark2	KV_READY	9.893	4.108
2026-09-27T13:59:05.525Z	spark1	KV_READY	9.485	6.706
2026-09-27T13:59:05.676Z	spark2	KV_READY	9.893	4.108
2026-09-27T13:59:05.775Z	spark1	KV_READY	9.499	6.706
2026-09-27T13:59:05.926Z	spark2	KV_READY	9.885	4.108
2026-09-27T13:59:06.026Z	spark1	KV_READY	9.484	6.706
2026-09-27T13:59:06.195Z	spark2	KV_READY	9.886	4.108
2026-09-27T13:59:06.292Z	spark1	KV_READY	9.467	6.706
2026-09-27T13:59:06.446Z	spark2	KV_READY	9.886	4.108
2026-09-27T13:59:06.542Z	spark1	KV_READY	9.470	6.706
2026-09-27T13:59:06.697Z	spark2	KV_READY	9.881	4.108
2026-09-27T13:59:06.792Z	spark1	KV_READY	9.468	6.706
2026-09-27T13:59:06.947Z	spark2	KV_READY	9.877	4.108
2026-09-27T13:59:07.043Z	spark1	KV_READY	9.473	6.706
2026-09-27T13:59:07.207Z	spark2	KV_READY	9.877	4.108
2026-09-27T13:59:07.309Z	spark1	KV_READY	9.472	6.706
2026-09-27T13:59:07.457Z	spark2	KV_READY	9.875	4.108
2026-09-27T13:59:07.560Z	spark1	KV_READY	9.454	6.706
2026-09-27T13:59:07.708Z	spark2	KV_READY	9.875	4.108
2026-09-27T13:59:07.810Z	spark1	KV_READY	9.444	6.706
2026-09-27T13:59:07.959Z	spark2	KV_READY	9.876	4.108
2026-09-27T13:59:08.061Z	spark1	KV_READY	9.439	6.706
2026-09-27T13:59:08.225Z	spark2	KV_READY	9.878	4.108
2026-09-27T13:59:08.327Z	spark1	KV_READY	9.449	6.706
2026-09-27T13:59:08.475Z	spark2	KV_READY	9.878	4.108
2026-09-27T13:59:08.577Z	spark1	KV_READY	9.449	6.706
2026-09-27T13:59:08.727Z	spark2	KV_READY	9.878	4.108
2026-09-27T13:59:08.828Z	spark1	KV_READY	9.446	6.706
2026-09-27T13:59:08.977Z	spark2	KV_READY	9.870	4.108
2026-09-27T13:59:09.078Z	spark1	KV_READY	9.436	6.706
2026-09-27T13:59:09.237Z	spark2	KV_READY	9.874	4.108
2026-09-27T13:59:09.344Z	spark1	KV_READY	9.456	6.706
2026-09-27T13:59:09.488Z	spark2	KV_READY	9.876	4.108
2026-09-27T13:59:09.595Z	spark1	KV_READY	9.447	6.706
2026-09-27T13:59:09.739Z	spark2	KV_READY	9.886	4.108
2026-09-27T13:59:09.845Z	spark1	KV_READY	9.430	6.706
2026-09-27T13:59:09.989Z	spark2	KV_READY	9.886	4.108
2026-09-27T13:59:10.096Z	spark1	KV_READY	9.433	6.706
2026-09-27T13:59:10.250Z	spark2	KV_READY	9.886	4.108
2026-09-27T13:59:10.362Z	spark1	KV_READY	9.431	6.706
2026-09-27T13:59:10.501Z	spark2	KV_READY	9.890	4.108
2026-09-27T13:59:10.613Z	spark1	KV_READY	9.416	6.706
2026-09-27T13:59:10.752Z	spark2	KV_READY	9.890	4.108
2026-09-27T13:59:10.863Z	spark1	KV_READY	9.416	6.705
2026-09-27T13:59:11.003Z	spark2	KV_READY	9.892	4.108
2026-09-27T13:59:11.114Z	spark1	KV_READY	9.418	6.705
2026-09-27T13:59:11.272Z	spark2	KV_READY	9.886	4.108
2026-09-27T13:59:11.376Z	spark1	KV_READY	9.425	6.705
2026-09-27T13:59:11.522Z	spark2	KV_READY	9.890	4.108
2026-09-27T13:59:11.626Z	spark1	KV_READY	9.432	6.705
2026-09-27T13:59:11.772Z	spark2	KV_READY	9.871	4.108
2026-09-27T13:59:11.877Z	spark1	KV_READY	9.414	6.705
2026-09-27T13:59:12.023Z	spark2	KV_READY	9.893	4.108
2026-09-27T13:59:12.127Z	spark1	KV_READY	9.382	6.705
2026-09-27T13:59:12.284Z	spark2	KV_READY	9.894	4.108
2026-09-27T13:59:12.394Z	spark1	KV_READY	9.404	6.705
2026-09-27T13:59:12.534Z	spark2	KV_READY	9.886	4.108
2026-09-27T13:59:12.645Z	spark1	KV_READY	9.404	6.705
2026-09-27T13:59:12.785Z	spark2	KV_READY	9.884	4.108
2026-09-27T13:59:12.895Z	spark1	KV_READY	9.397	6.705
2026-09-27T13:59:13.035Z	spark2	KV_READY	9.861	4.108
2026-09-27T13:59:13.146Z	spark1	KV_READY	9.391	6.705
2026-09-27T13:59:13.302Z	spark2	KV_READY	9.861	4.108
2026-09-27T13:59:13.416Z	spark1	KV_READY	9.414	6.705
2026-09-27T13:59:13.554Z	spark2	KV_READY	9.841	4.108
2026-09-27T13:59:13.667Z	spark1	KV_READY	9.399	6.705
2026-09-27T13:59:13.804Z	spark2	KV_READY	9.857	4.108
2026-09-27T13:59:13.917Z	spark1	KV_READY	9.418	6.705
2026-09-27T13:59:14.055Z	spark2	KV_READY	9.851	4.108
2026-09-27T13:59:14.168Z	spark1	KV_READY	9.418	6.705
2026-09-27T13:59:14.320Z	spark2	KV_READY	9.854	4.108
2026-09-27T13:59:14.434Z	spark1	KV_READY	9.417	6.705
2026-09-27T13:59:14.571Z	spark2	KV_READY	9.859	4.108
2026-09-27T13:59:14.685Z	spark1	KV_READY	9.417	6.705
2026-09-27T13:59:14.822Z	spark2	KV_READY	9.858	4.108
2026-09-27T13:59:14.935Z	spark1	KV_READY	9.414	6.705
2026-09-27T13:59:15.072Z	spark2	KV_READY	9.858	4.108
2026-09-27T13:59:15.185Z	spark1	KV_READY	9.418	6.705
2026-09-27T13:59:15.332Z	spark2	KV_READY	9.842	4.108
2026-09-27T13:59:15.447Z	spark1	KV_READY	9.431	6.705
2026-09-27T13:59:15.583Z	spark2	KV_READY	9.863	4.108
2026-09-27T13:59:15.698Z	spark1	KV_READY	9.431	6.705
2026-09-27T13:59:15.834Z	spark2	KV_READY	9.863	4.108
2026-09-27T13:59:15.948Z	spark1	KV_READY	9.479	6.705
2026-09-27T13:59:16.084Z	spark2	KV_READY	9.861	4.108
2026-09-27T13:59:16.199Z	spark1	KV_READY	9.501	6.705
2026-09-27T13:59:16.345Z	spark2	KV_READY	9.875	4.108
2026-09-27T13:59:16.462Z	spark1	KV_READY	9.500	6.705
2026-09-27T13:59:16.595Z	spark2	KV_READY	9.875	4.108
2026-09-27T13:59:16.713Z	spark1	KV_READY	9.500	6.705
2026-09-27T13:59:16.846Z	spark2	KV_READY	9.864	4.108
2026-09-27T13:59:16.964Z	spark1	KV_READY	9.505	6.705
2026-09-27T13:59:17.096Z	spark2	KV_READY	9.868	4.108
2026-09-27T13:59:17.214Z	spark1	KV_READY	9.507	6.705
2026-09-27T13:59:17.358Z	spark2	KV_READY	9.833	4.108
2026-09-27T13:59:17.476Z	spark1	KV_READY	9.507	6.705
2026-09-27T13:59:17.608Z	spark2	KV_READY	9.834	4.108
2026-09-27T13:59:17.726Z	spark1	KV_READY	9.507	6.705
2026-09-27T13:59:17.859Z	spark2	KV_READY	9.814	4.108
2026-09-27T13:59:17.976Z	spark1	KV_READY	9.510	6.705
2026-09-27T13:59:18.109Z	spark2	KV_READY	9.829	4.108
2026-09-27T13:59:18.227Z	spark1	KV_READY	9.506	6.705
2026-09-27T13:59:18.375Z	spark2	KV_READY	9.821	4.108
2026-09-27T13:59:18.496Z	spark1	KV_READY	9.506	6.705
2026-09-27T13:59:18.626Z	spark2	KV_READY	9.828	4.108
2026-09-27T13:59:18.747Z	spark1	KV_READY	9.506	6.705
2026-09-27T13:59:18.876Z	spark2	KV_READY	9.828	4.108
2026-09-27T13:59:18.997Z	spark1	KV_READY	9.505	6.705
2026-09-27T13:59:19.125Z	spark2	KV_READY	9.835	4.108
2026-09-27T13:59:19.248Z	spark1	KV_READY	9.505	6.705
2026-09-27T13:59:19.387Z	spark2	KV_READY	9.817	4.108
2026-09-27T13:59:19.510Z	spark1	KV_READY	9.519	6.705
2026-09-27T13:59:19.637Z	spark2	KV_READY	9.817	4.108
2026-09-27T13:59:19.760Z	spark1	KV_READY	9.505	6.705
2026-09-27T13:59:19.888Z	spark2	KV_READY	9.826	4.108
2026-09-27T13:59:20.010Z	spark1	KV_READY	9.637	6.705
2026-09-27T13:59:20.138Z	spark2	KV_READY	9.829	4.108
2026-09-27T13:59:20.260Z	spark1	KV_READY	9.631	6.705
2026-09-27T13:59:20.400Z	spark2	KV_READY	9.843	4.108
2026-09-27T13:59:20.523Z	spark1	KV_READY	9.597	6.705
2026-09-27T13:59:20.650Z	spark2	KV_READY	9.843	4.108
2026-09-27T13:59:20.773Z	spark1	KV_READY	9.593	6.705
2026-09-27T13:59:20.900Z	spark2	KV_READY	9.837	4.108
2026-09-27T13:59:21.024Z	spark1	KV_READY	9.563	6.705
2026-09-27T13:59:21.151Z	spark2	KV_READY	9.837	4.108
2026-09-27T13:59:21.274Z	spark1	KV_READY	9.562	6.705
2026-09-27T13:59:21.416Z	spark2	KV_READY	9.830	4.108
2026-09-27T13:59:21.541Z	spark1	KV_READY	9.545	6.705
2026-09-27T13:59:21.666Z	spark2	KV_READY	9.598	4.108
2026-09-27T13:59:21.791Z	spark1	KV_READY	9.544	6.705
2026-09-27T13:59:21.917Z	spark2	KV_READY	9.588	4.108
2026-09-27T13:59:22.041Z	spark1	KV_READY	9.518	6.705
2026-09-27T13:59:22.167Z	spark2	KV_READY	9.588	4.108
2026-09-27T13:59:22.292Z	spark1	KV_READY	9.476	6.705
2026-09-27T13:59:22.433Z	spark2	KV_READY	9.565	4.108
2026-09-27T13:59:22.558Z	spark1	KV_READY	9.487	6.705
2026-09-27T13:59:22.683Z	spark2	KV_READY	9.562	4.108
2026-09-27T13:59:22.808Z	spark1	KV_READY	9.487	6.705
2026-09-27T13:59:22.933Z	spark2	KV_READY	9.549	4.108
2026-09-27T13:59:23.058Z	spark1	KV_READY	9.493	6.705
2026-09-27T13:59:23.183Z	spark2	KV_READY	9.565	4.108
2026-09-27T13:59:23.309Z	spark1	KV_READY	9.491	6.705
2026-09-27T13:59:23.448Z	spark2	KV_READY	9.563	4.108
2026-09-27T13:59:23.571Z	spark1	KV_READY	9.473	6.705
2026-09-27T13:59:23.698Z	spark2	KV_READY	9.787	4.108
2026-09-27T13:59:23.821Z	spark1	KV_READY	9.469	6.705
2026-09-27T13:59:23.949Z	spark2	KV_READY	9.752	4.108
2026-09-27T13:59:24.072Z	spark1	KV_READY	9.594	6.705
2026-09-27T13:59:24.199Z	spark2	KV_READY	9.751	4.108
2026-09-27T13:59:24.322Z	spark1	KV_READY	9.527	6.705
2026-09-27T13:59:24.465Z	spark2	KV_READY	9.749	4.108
2026-09-27T13:59:24.589Z	spark1	KV_READY	9.512	6.705
2026-09-27T13:59:24.715Z	spark2	KV_READY	9.729	4.108
2026-09-27T13:59:24.840Z	spark1	KV_READY	9.470	6.705
2026-09-27T13:59:24.966Z	spark2	KV_READY	9.744	4.108
2026-09-27T13:59:25.090Z	spark1	KV_READY	9.470	6.705
2026-09-27T13:59:25.216Z	spark2	KV_READY	9.728	4.108
2026-09-27T13:59:25.341Z	spark1	KV_READY	9.471	6.705
2026-09-27T13:59:25.482Z	spark2	KV_READY	9.729	4.108
2026-09-27T13:59:25.608Z	spark1	KV_READY	9.469	6.705
2026-09-27T13:59:25.732Z	spark2	KV_READY	9.693	4.108
2026-09-27T13:59:25.858Z	spark1	KV_READY	9.469	6.705
2026-09-27T13:59:25.984Z	spark2	KV_READY	9.694	4.108
2026-09-27T13:59:26.108Z	spark1	KV_READY	9.465	6.705
2026-09-27T13:59:26.234Z	spark2	KV_READY	9.705	4.108
2026-09-27T13:59:26.358Z	spark1	KV_READY	9.408	6.705
2026-09-27T13:59:26.499Z	spark2	KV_READY	9.705	4.108
2026-09-27T13:59:26.625Z	spark1	KV_READY	9.414	6.705
2026-09-27T13:59:26.750Z	spark2	KV_READY	9.702	4.108
2026-09-27T13:59:26.876Z	spark1	KV_READY	9.413	6.705
2026-09-27T13:59:27.001Z	spark2	KV_READY	9.706	4.108
2026-09-27T13:59:27.126Z	spark1	KV_READY	9.380	6.705
2026-09-27T13:59:27.252Z	spark2	KV_READY	9.707	4.108
2026-09-27T13:59:27.377Z	spark1	KV_READY	9.381	6.704
2026-09-27T13:59:27.516Z	spark2	KV_READY	9.707	4.108
2026-09-27T13:59:27.643Z	spark1	KV_READY	9.363	6.704
2026-09-27T13:59:27.766Z	spark2	KV_READY	9.707	4.108
2026-09-27T13:59:27.893Z	spark1	KV_READY	9.526	6.704
2026-09-27T13:59:28.018Z	spark2	KV_READY	9.707	4.108
2026-09-27T13:59:28.144Z	spark1	KV_READY	9.545	6.704
2026-09-27T13:59:28.268Z	spark2	KV_READY	9.701	4.108
2026-09-27T13:59:28.394Z	spark1	KV_READY	9.516	6.704
2026-09-27T13:59:28.533Z	spark2	KV_READY	9.715	4.108
2026-09-27T13:59:28.669Z	spark1	KV_READY	9.516	6.704
2026-09-27T13:59:28.783Z	spark2	KV_READY	9.699	4.108
2026-09-27T13:59:28.920Z	spark1	KV_READY	9.501	6.704
2026-09-27T13:59:29.033Z	spark2	KV_READY	9.722	4.108
2026-09-27T13:59:29.170Z	spark1	KV_READY	9.521	6.704
2026-09-27T13:59:29.284Z	spark2	KV_READY	9.733	4.108
2026-09-27T13:59:29.421Z	spark1	KV_READY	9.504	6.704
2026-09-27T13:59:29.548Z	spark2	KV_READY	9.719	4.108
2026-09-27T13:59:29.693Z	spark1	KV_READY	9.506	6.704
2026-09-27T13:59:29.799Z	spark2	KV_READY	9.732	4.108
2026-09-27T13:59:29.943Z	spark1	KV_READY	9.482	6.704
2026-09-27T13:59:30.051Z	spark2	KV_READY	9.734	4.108
2026-09-27T13:59:30.194Z	spark1	KV_READY	9.475	6.704
2026-09-27T13:59:30.301Z	spark2	KV_READY	9.726	4.108
2026-09-27T13:59:30.444Z	spark1	KV_READY	9.459	6.704
2026-09-27T13:59:30.573Z	spark2	KV_READY	9.730	4.108
2026-09-27T13:59:30.710Z	spark1	KV_READY	9.443	6.704
2026-09-27T13:59:30.824Z	spark2	KV_READY	9.730	4.108
2026-09-27T13:59:30.961Z	spark1	KV_READY	9.444	6.704
2026-09-27T13:59:31.075Z	spark2	KV_READY	9.745	4.108
2026-09-27T13:59:31.211Z	spark1	KV_READY	9.423	6.704
2026-09-27T13:59:31.326Z	spark2	KV_READY	9.756	4.108
2026-09-27T13:59:31.462Z	spark1	KV_READY	9.423	6.704
2026-09-27T13:59:31.590Z	spark2	KV_READY	9.757	4.108
2026-09-27T13:59:31.729Z	spark1	KV_READY	9.413	6.704
2026-09-27T13:59:31.841Z	spark2	KV_READY	9.758	4.108
2026-09-27T13:59:31.979Z	spark1	KV_READY	9.412	6.704
2026-09-27T13:59:32.092Z	spark2	KV_READY	9.757	4.108
2026-09-27T13:59:32.230Z	spark1	KV_READY	9.417	6.704
2026-09-27T13:59:32.342Z	spark2	KV_READY	9.746	4.108
2026-09-27T13:59:32.480Z	spark1	KV_READY	9.398	6.704
2026-09-27T13:59:32.612Z	spark2	KV_READY	9.744	4.108
2026-09-27T13:59:32.753Z	spark1	KV_READY	9.389	6.704
2026-09-27T13:59:32.863Z	spark2	KV_READY	9.719	4.108
2026-09-27T13:59:33.003Z	spark1	KV_READY	9.389	6.704
2026-09-27T13:59:33.113Z	spark2	KV_READY	9.714	4.108
2026-09-27T13:59:33.254Z	spark1	KV_READY	9.399	6.704
2026-09-27T13:59:33.365Z	spark2	KV_READY	9.711	4.108
2026-09-27T13:59:33.504Z	spark1	KV_READY	9.398	6.704
2026-09-27T13:59:33.630Z	spark2	KV_READY	9.696	4.108
2026-09-27T13:59:33.771Z	spark1	KV_READY	9.398	6.704
2026-09-27T13:59:33.882Z	spark2	KV_READY	9.712	4.108
2026-09-27T13:59:34.022Z	spark1	KV_READY	9.407	6.704
2026-09-27T13:59:34.132Z	spark2	KV_READY	9.726	4.108
2026-09-27T13:59:34.272Z	spark1	KV_READY	9.399	6.704
2026-09-27T13:59:34.382Z	spark2	KV_READY	9.715	4.108
2026-09-27T13:59:34.522Z	spark1	KV_READY	9.394	6.704
2026-09-27T13:59:34.647Z	spark2	KV_READY	9.735	4.108
2026-09-27T13:59:34.784Z	spark1	KV_READY	9.367	6.704
2026-09-27T13:59:34.898Z	spark2	KV_READY	9.729	4.108
2026-09-27T13:59:35.035Z	spark1	KV_READY	9.371	6.704
2026-09-27T13:59:35.148Z	spark2	KV_READY	9.722	4.108
2026-09-27T13:59:35.285Z	spark1	KV_READY	9.368	6.704
2026-09-27T13:59:35.399Z	spark2	KV_READY	9.718	4.108
2026-09-27T13:59:35.535Z	spark1	KV_READY	9.349	6.704
2026-09-27T13:59:35.668Z	spark2	KV_READY	9.714	4.108
2026-09-27T13:59:35.803Z	spark1	KV_READY	9.333	6.704
2026-09-27T13:59:35.919Z	spark2	KV_READY	9.715	4.108
2026-09-27T13:59:36.053Z	spark1	KV_READY	9.332	6.704
2026-09-27T13:59:36.170Z	spark2	KV_READY	9.697	4.108
2026-09-27T13:59:36.304Z	spark1	KV_READY	9.339	6.704
2026-09-27T13:59:36.421Z	spark2	KV_READY	9.724	4.108
2026-09-27T13:59:36.554Z	spark1	KV_READY	9.323	6.704
2026-09-27T13:59:36.681Z	spark2	KV_READY	9.711	4.108
2026-09-27T13:59:36.826Z	spark1	KV_READY	9.347	6.704
2026-09-27T13:59:36.932Z	spark2	KV_READY	9.711	4.108
2026-09-27T13:59:37.076Z	spark1	KV_READY	9.346	6.704
2026-09-27T13:59:37.183Z	spark2	KV_READY	9.727	4.108
2026-09-27T13:59:37.326Z	spark1	KV_READY	9.360	6.704
2026-09-27T13:59:37.433Z	spark2	KV_READY	9.717	4.108
2026-09-27T13:59:37.577Z	spark1	KV_READY	9.350	6.704
2026-09-27T13:59:37.702Z	spark2	KV_READY	9.703	4.108
2026-09-27T13:59:37.844Z	spark1	KV_READY	9.339	6.704
2026-09-27T13:59:37.954Z	spark2	KV_READY	9.704	4.108
2026-09-27T13:59:38.094Z	spark1	KV_READY	9.366	6.704
2026-09-27T13:59:38.203Z	spark2	KV_READY	9.694	4.108
2026-09-27T13:59:38.344Z	spark1	KV_READY	9.368	6.704
2026-09-27T13:59:38.454Z	spark2	KV_READY	9.696	4.108
2026-09-27T13:59:38.595Z	spark1	KV_READY	9.369	6.704
2026-09-27T13:59:38.719Z	spark2	KV_READY	9.696	4.108
2026-09-27T13:59:38.857Z	spark1	KV_READY	9.350	6.704
2026-09-27T13:59:38.970Z	spark2	KV_READY	9.696	4.108
2026-09-27T13:59:39.107Z	spark1	KV_READY	9.347	6.704
2026-09-27T13:59:39.221Z	spark2	KV_READY	9.680	4.108
2026-09-27T13:59:39.358Z	spark1	KV_READY	9.346	6.704
2026-09-27T13:59:39.472Z	spark2	KV_READY	9.680	4.108
2026-09-27T13:59:39.608Z	spark1	KV_READY	9.329	6.704
2026-09-27T13:59:39.738Z	spark2	KV_READY	9.683	4.108
2026-09-27T13:59:39.870Z	spark1	KV_READY	9.340	6.704
2026-09-27T13:59:39.988Z	spark2	KV_READY	9.683	4.108
2026-09-27T13:59:40.121Z	spark1	KV_READY	9.343	6.704
2026-09-27T13:59:40.238Z	spark2	KV_READY	9.671	4.108
2026-09-27T13:59:40.371Z	spark1	KV_READY	9.343	6.704
2026-09-27T13:59:40.489Z	spark2	KV_READY	9.690	4.108
2026-09-27T13:59:40.621Z	spark1	KV_READY	9.341	6.704
2026-09-27T13:59:40.750Z	spark2	KV_READY	9.679	4.108
2026-09-27T13:59:40.888Z	spark1	KV_READY	9.344	6.704
2026-09-27T13:59:41.002Z	spark2	KV_READY	9.679	4.108
2026-09-27T13:59:41.138Z	spark1	KV_READY	9.324	6.704
2026-09-27T13:59:41.252Z	spark2	KV_READY	9.700	4.108
2026-09-27T13:59:41.389Z	spark1	KV_READY	9.308	6.704
2026-09-27T13:59:41.503Z	spark2	KV_READY	9.687	4.108
2026-09-27T13:59:41.639Z	spark1	KV_READY	9.308	6.704
2026-09-27T13:59:41.772Z	spark2	KV_READY	9.672	4.108
2026-09-27T13:59:41.900Z	spark1	KV_READY	9.314	6.704
2026-09-27T13:59:42.023Z	spark2	KV_READY	9.686	4.108
2026-09-27T13:59:42.150Z	spark1	KV_READY	9.320	6.704
2026-09-27T13:59:42.273Z	spark2	KV_READY	9.678	4.108
2026-09-27T13:59:42.401Z	spark1	KV_READY	9.304	6.704
2026-09-27T13:59:42.524Z	spark2	KV_READY	9.686	4.108
2026-09-27T13:59:42.651Z	spark1	KV_READY	9.316	6.704
2026-09-27T13:59:42.789Z	spark2	KV_READY	9.684	4.108
2026-09-27T13:59:42.918Z	spark1	KV_READY	9.351	6.704
2026-09-27T13:59:43.040Z	spark2	KV_READY	9.686	4.108
2026-09-27T13:59:43.168Z	spark1	KV_READY	9.338	6.704
2026-09-27T13:59:43.290Z	spark2	KV_READY	9.686	4.108
2026-09-27T13:59:43.418Z	spark1	KV_READY	9.358	6.704
2026-09-27T13:59:43.540Z	spark2	KV_READY	9.690	4.108
2026-09-27T13:59:43.669Z	spark1	KV_READY	9.354	6.704
2026-09-27T13:59:43.800Z	spark2	KV_READY	9.692	4.108
2026-09-27T13:59:43.941Z	spark1	KV_READY	9.341	6.704
2026-09-27T13:59:44.050Z	spark2	KV_READY	9.694	4.108
2026-09-27T13:59:44.192Z	spark1	KV_READY	9.358	6.704
2026-09-27T13:59:44.301Z	spark2	KV_READY	9.696	4.108
2026-09-27T13:59:44.442Z	spark1	KV_READY	9.350	6.704
2026-09-27T13:59:44.551Z	spark2	KV_READY	9.696	4.108
2026-09-27T13:59:44.693Z	spark1	KV_READY	9.347	6.704
2026-09-27T13:59:44.812Z	spark2	KV_READY	9.698	4.108
2026-09-27T13:59:44.964Z	spark1	KV_READY	9.336	6.704
2026-09-27T13:59:45.062Z	spark2	KV_READY	9.701	4.108
2026-09-27T13:59:45.215Z	spark1	KV_READY	9.316	6.704
2026-09-27T13:59:45.313Z	spark2	KV_READY	9.699	4.108
2026-09-27T13:59:45.465Z	spark1	KV_READY	9.301	6.704
2026-09-27T13:59:45.563Z	spark2	KV_READY	9.698	4.108
2026-09-27T13:59:45.716Z	spark1	KV_READY	9.293	6.704
2026-09-27T13:59:45.833Z	spark2	KV_READY	9.702	4.108
2026-09-27T13:59:45.984Z	spark1	KV_READY	9.296	6.704
2026-09-27T13:59:46.083Z	spark2	KV_READY	9.687	4.108
2026-09-27T13:59:46.234Z	spark1	KV_READY	9.380	6.704
2026-09-27T13:59:46.333Z	spark2	KV_READY	9.182	4.107
2026-09-27T13:59:46.485Z	spark1	KV_READY	9.219	6.704
2026-09-27T13:59:46.584Z	spark2	KV_READY	8.842	4.107
2026-09-27T13:59:46.735Z	spark1	KV_READY	8.914	6.704
2026-09-27T13:59:46.849Z	spark2	KV_READY	8.606	4.107
2026-09-27T13:59:46.997Z	spark1	KV_READY	8.664	6.704
2026-09-27T13:59:47.100Z	spark2	KV_READY	8.514	4.107
2026-09-27T13:59:47.247Z	spark1	KV_READY	8.617	6.704
2026-09-27T13:59:47.351Z	spark2	KV_READY	8.367	4.107
2026-09-27T13:59:47.497Z	spark1	KV_READY	8.618	6.704
2026-09-27T13:59:47.602Z	spark2	KV_READY	8.762	4.107
2026-09-27T13:59:47.748Z	spark1	KV_READY	9.101	6.704
2026-09-27T13:59:47.867Z	spark2	KV_READY	8.723	4.107
2026-09-27T13:59:48.010Z	spark1	KV_READY	8.918	6.704
2026-09-27T13:59:48.116Z	spark2	KV_READY	8.831	4.107
2026-09-27T13:59:48.261Z	spark1	KV_READY	8.869	6.704
2026-09-27T13:59:48.368Z	spark2	KV_READY	8.795	4.107
2026-09-27T13:59:48.512Z	spark1	KV_READY	8.590	6.704
2026-09-27T13:59:48.617Z	spark2	KV_READY	8.706	4.107
2026-09-27T13:59:48.762Z	spark1	KV_READY	8.515	6.704
2026-09-27T13:59:48.884Z	spark2	KV_READY	8.514	4.107
2026-09-27T13:59:49.024Z	spark1	KV_READY	8.362	6.704
2026-09-27T13:59:49.134Z	spark2	KV_READY	8.473	4.107
2026-09-27T13:59:49.274Z	spark1	KV_READY	8.301	6.704
2026-09-27T13:59:49.385Z	spark2	KV_READY	8.450	4.107
2026-09-27T13:59:49.524Z	spark1	KV_READY	8.212	6.704
2026-09-27T13:59:49.635Z	spark2	KV_READY	8.412	4.107
2026-09-27T13:59:49.775Z	spark1	KV_READY	8.175	6.703
2026-09-27T13:59:49.900Z	spark2	KV_READY	8.397	4.107
2026-09-27T13:59:50.036Z	spark1	KV_READY	8.132	6.703
2026-09-27T13:59:50.151Z	spark2	KV_READY	8.404	4.107
2026-09-27T13:59:50.286Z	spark1	KV_READY	8.124	6.703
2026-09-27T13:59:50.402Z	spark2	KV_READY	8.398	4.107
2026-09-27T13:59:50.537Z	spark1	KV_READY	8.117	6.703
2026-09-27T13:59:50.652Z	spark2	KV_READY	8.360	4.107
2026-09-27T13:59:50.787Z	spark1	KV_READY	8.078	6.703
2026-09-27T13:59:50.914Z	spark2	KV_READY	8.349	4.107
2026-09-27T13:59:51.049Z	spark1	KV_READY	8.028	6.703
2026-09-27T13:59:51.164Z	spark2	KV_READY	8.359	4.107
2026-09-27T13:59:51.299Z	spark1	KV_READY	7.997	6.703
2026-09-27T13:59:51.415Z	spark2	KV_READY	8.374	4.107
2026-09-27T13:59:51.550Z	spark1	KV_READY	7.989	6.703
2026-09-27T13:59:51.665Z	spark2	KV_READY	8.380	4.107
2026-09-27T13:59:51.801Z	spark1	KV_READY	7.989	6.703
2026-09-27T13:59:51.926Z	spark2	KV_READY	8.382	4.107
2026-09-27T13:59:52.063Z	spark1	KV_READY	7.996	6.703
2026-09-27T13:59:52.177Z	spark2	KV_READY	8.398	4.107
2026-09-27T13:59:52.314Z	spark1	KV_READY	7.996	6.703
2026-09-27T13:59:52.428Z	spark2	KV_READY	8.398	4.107
2026-09-27T13:59:52.565Z	spark1	KV_READY	7.996	6.703
2026-09-27T13:59:52.678Z	spark2	KV_READY	8.405	4.107
2026-09-27T13:59:52.816Z	spark1	KV_READY	7.989	6.703
2026-09-27T13:59:52.940Z	spark2	KV_READY	8.399	4.107
2026-09-27T13:59:53.078Z	spark1	KV_READY	7.977	6.703
2026-09-27T13:59:53.191Z	spark2	KV_READY	8.527	4.107
2026-09-27T13:59:53.328Z	spark1	KV_READY	7.938	6.703
2026-09-27T13:59:53.441Z	spark2	KV_READY	8.534	4.107
2026-09-27T13:59:53.579Z	spark1	KV_READY	8.405	6.703
2026-09-27T13:59:53.691Z	spark2	KV_READY	8.832	4.107
2026-09-27T13:59:53.829Z	spark1	KV_READY	8.649	6.703
2026-09-27T13:59:53.952Z	spark2	KV_READY	8.787	4.107
2026-09-27T13:59:54.092Z	spark1	KV_READY	8.675	6.703
2026-09-27T13:59:54.202Z	spark2	KV_READY	8.633	4.107
2026-09-27T13:59:54.342Z	spark1	KV_READY	9.503	6.703
2026-09-27T13:59:54.453Z	spark2	KV_READY	8.581	4.107
2026-09-27T13:59:54.592Z	spark1	KV_READY	9.416	6.703
2026-09-27T13:59:54.703Z	spark2	KV_READY	8.585	4.107
2026-09-27T13:59:54.843Z	spark1	KV_READY	9.321	6.703
2026-09-27T13:59:54.964Z	spark2	KV_READY	8.599	4.107
2026-09-27T13:59:55.109Z	spark1	KV_READY	9.489	6.703
2026-09-27T13:59:55.214Z	spark2	KV_READY	8.624	4.107
2026-09-27T13:59:55.360Z	spark1	KV_READY	9.356	6.703
2026-09-27T13:59:55.465Z	spark2	KV_READY	8.649	4.107
2026-09-27T13:59:55.610Z	spark1	KV_READY	9.323	6.703
2026-09-27T13:59:55.716Z	spark2	KV_READY	8.649	4.107
2026-09-27T13:59:55.860Z	spark1	KV_READY	9.251	6.703
2026-09-27T13:59:55.976Z	spark2	KV_READY	8.650	4.107
2026-09-27T13:59:56.127Z	spark1	KV_READY	9.239	6.703
2026-09-27T13:59:56.227Z	spark2	KV_READY	8.682	4.107
2026-09-27T13:59:56.378Z	spark1	KV_READY	9.239	6.703
2026-09-27T13:59:56.477Z	spark2	KV_READY	8.682	4.107
2026-09-27T13:59:56.628Z	spark1	KV_READY	9.200	6.703
2026-09-27T13:59:56.728Z	spark2	KV_READY	8.682	4.107
2026-09-27T13:59:56.878Z	spark1	KV_READY	9.197	6.703
2026-09-27T13:59:56.988Z	spark2	KV_READY	8.711	4.107
2026-09-27T13:59:57.145Z	spark1	KV_READY	9.188	6.703
2026-09-27T13:59:57.238Z	spark2	KV_READY	8.703	4.107
2026-09-27T13:59:57.395Z	spark1	KV_READY	9.147	6.703
2026-09-27T13:59:57.489Z	spark2	KV_READY	8.704	4.107
2026-09-27T13:59:57.646Z	spark1	KV_READY	9.147	6.703
2026-09-27T13:59:57.740Z	spark2	KV_READY	8.704	4.107
2026-09-27T13:59:57.896Z	spark1	KV_READY	9.147	6.703
2026-09-27T13:59:58.000Z	spark2	KV_READY	8.710	4.107
2026-09-27T13:59:58.163Z	spark1	KV_READY	9.146	6.703
2026-09-27T13:59:58.250Z	spark2	KV_READY	8.723	4.107
2026-09-27T13:59:58.413Z	spark1	KV_READY	9.146	6.703
2026-09-27T13:59:58.501Z	spark2	KV_READY	8.737	4.107
2026-09-27T13:59:58.663Z	spark1	KV_READY	9.146	6.703
2026-09-27T13:59:58.752Z	spark2	KV_READY	8.745	4.107
2026-09-27T13:59:58.914Z	spark1	KV_READY	9.147	6.703
2026-09-27T13:59:59.014Z	spark2	KV_READY	8.764	4.107
2026-09-27T13:59:59.181Z	spark1	KV_READY	9.146	6.703
2026-09-27T13:59:59.264Z	spark2	KV_READY	8.764	4.107
2026-09-27T13:59:59.431Z	spark1	KV_READY	9.136	6.703
2026-09-27T13:59:59.515Z	spark2	KV_READY	8.764	4.107
2026-09-27T13:59:59.682Z	spark1	KV_READY	9.136	6.703
2026-09-27T13:59:59.765Z	spark2	KV_READY	8.764	4.107
2026-09-27T13:59:59.932Z	spark1	KV_READY	9.548	6.703
2026-09-27T14:00:00.026Z	spark2	KV_READY	8.775	4.107
2026-09-27T14:00:00.199Z	spark1	KV_READY	9.378	6.703
2026-09-27T14:00:00.276Z	spark2	KV_READY	8.634	4.107
2026-09-27T14:00:00.449Z	spark1	KV_READY	9.354	6.703
2026-09-27T14:00:00.527Z	spark2	KV_READY	8.572	4.107
2026-09-27T14:00:00.700Z	spark1	KV_READY	9.291	6.703
2026-09-27T14:00:00.777Z	spark2	KV_READY	8.548	4.107
2026-09-27T14:00:00.950Z	spark1	KV_READY	9.283	6.703
2026-09-27T14:00:01.038Z	spark2	KV_READY	8.544	4.107
2026-09-27T14:00:01.212Z	spark1	KV_READY	9.238	6.703
2026-09-27T14:00:01.289Z	spark2	KV_READY	8.547	4.107
2026-09-27T14:00:01.463Z	spark1	KV_READY	9.124	6.703
2026-09-27T14:00:01.538Z	spark2	KV_READY	8.538	4.107
2026-09-27T14:00:01.713Z	spark1	KV_READY	9.375	6.703
2026-09-27T14:00:01.789Z	spark2	KV_READY	8.526	4.107
2026-09-27T14:00:01.963Z	spark1	KV_READY	9.317	6.703
2026-09-27T14:00:02.050Z	spark2	KV_READY	8.574	4.107
2026-09-27T14:00:02.230Z	spark1	KV_READY	9.276	6.703
2026-09-27T14:00:02.301Z	spark2	KV_READY	8.567	4.107
2026-09-27T14:00:02.481Z	spark1	KV_READY	9.224	6.703
2026-09-27T14:00:02.551Z	spark2	KV_READY	8.590	4.107
2026-09-27T14:00:02.732Z	spark1	KV_READY	9.222	6.703
2026-09-27T14:00:02.802Z	spark2	KV_READY	8.591	4.107
2026-09-27T14:00:02.982Z	spark1	KV_READY	9.222	6.703
2026-09-27T14:00:03.067Z	spark2	KV_READY	8.606	4.107
2026-09-27T14:00:03.249Z	spark1	KV_READY	9.219	6.703
2026-09-27T14:00:03.317Z	spark2	KV_READY	8.606	4.107
2026-09-27T14:00:03.499Z	spark1	KV_READY	9.189	6.703
2026-09-27T14:00:03.568Z	spark2	KV_READY	8.639	4.107
2026-09-27T14:00:03.750Z	spark1	KV_READY	9.189	6.703
2026-09-27T14:00:03.818Z	spark2	KV_READY	8.660	4.107
2026-09-27T14:00:04.001Z	spark1	KV_READY	9.189	6.703
2026-09-27T14:00:04.083Z	spark2	KV_READY	8.703	4.107
2026-09-27T14:00:04.272Z	spark1	KV_READY	9.189	6.703
2026-09-27T14:00:04.333Z	spark2	KV_READY	8.698	4.107
2026-09-27T14:00:04.523Z	spark1	KV_READY	9.189	6.703
2026-09-27T14:00:04.584Z	spark2	KV_READY	8.696	4.107
2026-09-27T14:00:04.773Z	spark1	KV_READY	9.189	6.703
2026-09-27T14:00:04.834Z	spark2	KV_READY	8.696	4.107
2026-09-27T14:00:05.024Z	spark1	KV_READY	9.195	6.703
2026-09-27T14:00:05.095Z	spark2	KV_READY	8.720	4.107
2026-09-27T14:00:05.286Z	spark1	KV_READY	9.204	6.703
2026-09-27T14:00:05.345Z	spark2	KV_READY	8.735	4.107
2026-09-27T14:00:05.537Z	spark1	KV_READY	9.190	6.703
2026-09-27T14:00:05.596Z	spark2	KV_READY	8.751	4.107
2026-09-27T14:00:05.788Z	spark1	KV_READY	9.187	6.703
2026-09-27T14:00:05.847Z	spark2	KV_READY	8.754	4.107
2026-09-27T14:00:06.038Z	spark1	KV_READY	9.187	6.703
2026-09-27T14:00:06.108Z	spark2	KV_READY	8.774	4.107
2026-09-27T14:00:06.305Z	spark1	KV_READY	9.196	6.703
2026-09-27T14:00:06.358Z	spark2	KV_READY	8.774	4.107
2026-09-27T14:00:06.556Z	spark1	KV_READY	9.196	6.703
2026-09-27T14:00:06.609Z	spark2	KV_READY	8.782	4.107
2026-09-27T14:00:06.806Z	spark1	KV_READY	9.156	6.703
2026-09-27T14:00:06.859Z	spark2	KV_READY	8.783	4.107
2026-09-27T14:00:07.057Z	spark1	KV_READY	9.139	6.703
2026-09-27T14:00:07.121Z	spark2	KV_READY	8.812	4.107
2026-09-27T14:00:07.323Z	spark1	KV_READY	9.110	6.703
2026-09-27T14:00:07.371Z	spark2	KV_READY	8.818	4.107
2026-09-27T14:00:07.574Z	spark1	KV_READY	8.662	6.703
2026-09-27T14:00:07.622Z	spark2	KV_READY	8.816	4.107
2026-09-27T14:00:07.824Z	spark1	KV_READY	8.458	6.703
2026-09-27T14:00:07.872Z	spark2	KV_READY	8.834	4.106
2026-09-27T14:00:08.075Z	spark1	KV_READY	8.454	6.703
2026-09-27T14:00:08.136Z	spark2	KV_READY	8.852	4.106
2026-09-27T14:00:08.338Z	spark1	KV_READY	8.409	6.703
2026-09-27T14:00:08.387Z	spark2	KV_READY	8.857	4.106
2026-09-27T14:00:08.589Z	spark1	KV_READY	8.256	6.703
2026-09-27T14:00:08.638Z	spark2	KV_READY	8.857	4.106
2026-09-27T14:00:08.839Z	spark1	KV_READY	8.141	6.703
2026-09-27T14:00:08.888Z	spark2	KV_READY	8.809	4.106
2026-09-27T14:00:09.090Z	spark1	KV_READY	8.081	6.703
2026-09-27T14:00:09.153Z	spark2	KV_READY	8.794	4.106
2026-09-27T14:00:09.359Z	spark1	KV_READY	8.101	6.703
2026-09-27T14:00:09.403Z	spark2	KV_READY	8.814	4.106
2026-09-27T14:00:09.609Z	spark1	KV_READY	7.979	6.703
2026-09-27T14:00:09.655Z	spark2	KV_READY	8.735	4.106
2026-09-27T14:00:09.860Z	spark1	KV_READY	7.961	6.703
2026-09-27T14:00:09.905Z	spark2	KV_READY	8.742	4.106
2026-09-27T14:00:10.111Z	spark1	KV_READY	7.969	6.702
2026-09-27T14:00:10.170Z	spark2	KV_READY	8.771	4.105
2026-09-27T14:00:10.376Z	spark1	KV_READY	7.944	6.702
2026-09-27T14:00:10.420Z	spark2	KV_READY	8.777	4.105
2026-09-27T14:00:10.627Z	spark1	KV_READY	7.944	6.702
2026-09-27T14:00:10.670Z	spark2	KV_READY	8.654	4.105
2026-09-27T14:00:10.877Z	spark1	KV_READY	7.944	6.702
2026-09-27T14:00:10.921Z	spark2	KV_READY	8.668	4.105
2026-09-27T14:00:11.128Z	spark1	KV_READY	7.923	6.702
2026-09-27T14:00:11.181Z	spark2	KV_READY	8.698	4.105
2026-09-27T14:00:11.389Z	spark1	KV_READY	7.913	6.702
2026-09-27T14:00:11.431Z	spark2	KV_READY	8.698	4.105
2026-09-27T14:00:11.640Z	spark1	KV_READY	7.895	6.702
2026-09-27T14:00:11.682Z	spark2	KV_READY	8.698	4.105
2026-09-27T14:00:11.890Z	spark1	KV_READY	7.895	6.702
2026-09-27T14:00:11.932Z	spark2	KV_READY	8.707	4.105
2026-09-27T14:00:12.141Z	spark1	KV_READY	7.906	6.702
2026-09-27T14:00:12.193Z	spark2	KV_READY	8.738	4.105
2026-09-27T14:00:12.403Z	spark1	KV_READY	7.906	6.702
2026-09-27T14:00:12.444Z	spark2	KV_READY	8.738	4.105
2026-09-27T14:00:12.653Z	spark1	KV_READY	7.899	6.702
2026-09-27T14:00:12.694Z	spark2	KV_READY	8.745	4.105
2026-09-27T14:00:12.904Z	spark1	KV_READY	7.906	6.702
2026-09-27T14:00:12.945Z	spark2	KV_READY	8.745	4.105
2026-09-27T14:00:13.154Z	spark1	KV_READY	7.922	6.702
2026-09-27T14:00:13.206Z	spark2	KV_READY	8.762	4.105
2026-09-27T14:00:13.416Z	spark1	KV_READY	7.922	6.702
2026-09-27T14:00:13.456Z	spark2	KV_READY	8.769	4.105
2026-09-27T14:00:13.666Z	spark1	KV_READY	7.910	6.702
2026-09-27T14:00:13.707Z	spark2	KV_READY	8.771	4.105
2026-09-27T14:00:13.917Z	spark1	KV_READY	7.916	6.702
2026-09-27T14:00:13.957Z	spark2	KV_READY	8.789	4.105
2026-09-27T14:00:14.167Z	spark1	KV_READY	7.924	6.702
2026-09-27T14:00:14.218Z	spark2	KV_READY	8.806	4.105
2026-09-27T14:00:14.434Z	spark1	KV_READY	7.930	6.702
2026-09-27T14:00:14.469Z	spark2	KV_READY	8.806	4.105
2026-09-27T14:00:14.684Z	spark1	KV_READY	7.930	6.702
2026-09-27T14:00:14.719Z	spark2	KV_READY	8.814	4.105
2026-09-27T14:00:14.935Z	spark1	KV_READY	7.938	6.702
2026-09-27T14:00:14.969Z	spark2	KV_READY	8.814	4.105
2026-09-27T14:00:15.186Z	spark1	KV_READY	7.926	6.702
2026-09-27T14:00:15.235Z	spark2	KV_READY	8.853	4.105
2026-09-27T14:00:15.453Z	spark1	KV_READY	7.802	6.702
2026-09-27T14:00:15.486Z	spark2	KV_READY	8.853	4.105
2026-09-27T14:00:15.703Z	spark1	KV_READY	7.753	6.702
2026-09-27T14:00:15.736Z	spark2	KV_READY	8.857	4.105
2026-09-27T14:00:15.954Z	spark1	KV_READY	7.786	6.702
2026-09-27T14:00:15.986Z	spark2	KV_READY	8.688	4.105
2026-09-27T14:00:16.204Z	spark1	KV_READY	7.761	6.702
2026-09-27T14:00:16.250Z	spark2	KV_READY	8.711	4.105
2026-09-27T14:00:16.466Z	spark1	KV_READY	7.761	6.702
2026-09-27T14:00:16.500Z	spark2	KV_READY	8.709	4.105
2026-09-27T14:00:16.717Z	spark1	KV_READY	7.761	6.702
2026-09-27T14:00:16.751Z	spark2	KV_READY	8.717	4.105
2026-09-27T14:00:16.967Z	spark1	KV_READY	7.786	6.702
2026-09-27T14:00:17.002Z	spark2	KV_READY	8.729	4.105
2026-09-27T14:00:17.218Z	spark1	KV_READY	7.764	6.702
2026-09-27T14:00:17.266Z	spark2	KV_READY	8.716	4.105
2026-09-27T14:00:17.481Z	spark1	KV_READY	7.763	6.702
2026-09-27T14:00:17.518Z	spark2	KV_READY	8.714	4.105
2026-09-27T14:00:17.731Z	spark1	KV_READY	7.748	6.702
2026-09-27T14:00:17.767Z	spark2	KV_READY	8.706	4.105
2026-09-27T14:00:17.983Z	spark1	KV_READY	7.769	6.702
2026-09-27T14:00:18.018Z	spark2	KV_READY	8.839	4.105
2026-09-27T14:00:18.233Z	spark1	KV_READY	7.729	6.702
2026-09-27T14:00:18.279Z	spark2	KV_READY	8.819	4.105
2026-09-27T14:00:18.500Z	spark1	KV_READY	7.682	6.702
2026-09-27T14:00:18.529Z	spark2	KV_READY	8.775	4.105
2026-09-27T14:00:18.751Z	spark1	KV_READY	7.624	6.702
2026-09-27T14:00:18.780Z	spark2	KV_READY	8.788	4.105
2026-09-27T14:00:19.001Z	spark1	KV_READY	7.646	6.702
2026-09-27T14:00:19.030Z	spark2	KV_READY	8.839	4.105
2026-09-27T14:00:19.252Z	spark1	KV_READY	9.267	6.702
2026-09-27T14:00:19.295Z	spark2	KV_READY	8.805	4.105
2026-09-27T14:00:19.514Z	spark1	KV_READY	9.209	6.702
2026-09-27T14:00:19.546Z	spark2	KV_READY	8.777	4.105
2026-09-27T14:00:19.765Z	spark1	KV_READY	9.652	6.702
2026-09-27T14:00:19.797Z	spark2	KV_READY	9.215	4.105
2026-09-27T14:00:20.015Z	spark1	KV_READY	9.519	6.702
2026-09-27T14:00:20.047Z	spark2	KV_READY	9.153	4.105
2026-09-27T14:00:20.265Z	spark1	KV_READY	9.493	6.702
2026-09-27T14:00:20.311Z	spark2	KV_READY	9.170	4.105
2026-09-27T14:00:20.528Z	spark1	KV_READY	9.454	6.702
2026-09-27T14:00:20.562Z	spark2	KV_READY	9.172	4.105
2026-09-27T14:00:20.778Z	spark1	KV_READY	9.452	6.702
2026-09-27T14:00:20.812Z	spark2	KV_READY	9.178	4.105
2026-09-27T14:00:21.028Z	spark1	KV_READY	9.429	6.702
2026-09-27T14:00:21.063Z	spark2	KV_READY	9.215	4.105
2026-09-27T14:00:21.279Z	spark1	KV_READY	9.422	6.702
2026-09-27T14:00:21.323Z	spark2	KV_READY	9.224	4.105
2026-09-27T14:00:21.541Z	spark1	KV_READY	9.373	6.702
2026-09-27T14:00:21.573Z	spark2	KV_READY	9.192	4.105
2026-09-27T14:00:21.791Z	spark1	KV_READY	9.250	6.702
2026-09-27T14:00:21.823Z	spark2	KV_READY	9.015	4.105
2026-09-27T14:00:22.041Z	spark1	KV_READY	9.125	6.701
2026-09-27T14:00:22.074Z	spark2	KV_READY	8.860	4.105
2026-09-27T14:00:22.291Z	spark1	KV_READY	8.976	6.701
2026-09-27T14:00:22.336Z	spark2	KV_READY	8.798	4.105
2026-09-27T14:00:22.554Z	spark1	KV_READY	8.580	6.701
2026-09-27T14:00:22.586Z	spark2	KV_READY	8.737	4.105
2026-09-27T14:00:22.804Z	spark1	KV_READY	8.210	6.701
2026-09-27T14:00:22.837Z	spark2	KV_READY	8.669	4.105
2026-09-27T14:00:23.054Z	spark1	KV_READY	7.971	6.701
2026-09-27T14:00:23.087Z	spark2	KV_READY	8.567	4.105
2026-09-27T14:00:23.305Z	spark1	KV_READY	7.721	6.701
2026-09-27T14:00:23.347Z	spark2	KV_READY	8.355	4.105
2026-09-27T14:00:23.567Z	spark1	KV_READY	7.330	6.701
2026-09-27T14:00:23.598Z	spark2	KV_READY	8.025	4.105
2026-09-27T14:00:23.817Z	spark1	KV_READY	7.020	6.701
2026-09-27T14:00:23.848Z	spark2	KV_READY	7.702	4.105
2026-09-27T14:00:24.067Z	spark1	KV_READY	6.741	6.701
2026-09-27T14:00:24.098Z	spark2	KV_READY	8.504	4.105
2026-09-27T14:00:24.318Z	spark1	KV_READY	6.433	6.701
2026-09-27T14:00:24.360Z	spark2	KV_READY	8.233	4.105
2026-09-27T14:00:24.585Z	spark1	KV_READY	6.170	6.701
2026-09-27T14:00:24.610Z	spark2	KV_READY	8.135	4.105
2026-09-27T14:00:24.835Z	spark1	KV_READY	6.226	6.701
2026-09-27T14:00:24.861Z	spark2	KV_READY	8.213	4.105
2026-09-27T14:00:25.086Z	spark1	KV_READY	6.631	6.701
2026-09-27T14:00:25.111Z	spark2	KV_READY	8.158	4.105
2026-09-27T14:00:25.336Z	spark1	KV_READY	6.847	6.701
2026-09-27T14:00:25.372Z	spark2	KV_READY	7.803	4.105
2026-09-27T14:00:25.603Z	spark1	KV_READY	6.494	6.701
2026-09-27T14:00:25.623Z	spark2	KV_READY	8.861	4.105
2026-09-27T14:00:25.854Z	spark1	KV_READY	6.140	6.701
2026-09-27T14:00:25.873Z	spark2	KV_READY	8.569	4.105
2026-09-27T14:00:26.104Z	spark1	KV_READY	8.177	6.701
2026-09-27T14:00:26.123Z	spark2	KV_READY	8.421	4.105
2026-09-27T14:00:26.355Z	spark1	KV_READY	7.992	6.701
2026-09-27T14:00:26.390Z	spark2	KV_READY	8.324	4.105
2026-09-27T14:00:26.622Z	spark1	KV_READY	7.917	6.701
2026-09-27T14:00:26.640Z	spark2	KV_READY	8.297	4.105
2026-09-27T14:00:26.872Z	spark1	KV_READY	7.861	6.701
2026-09-27T14:00:26.891Z	spark2	KV_READY	8.249	4.105
2026-09-27T14:00:27.123Z	spark1	KV_READY	7.860	6.701
2026-09-27T14:00:27.141Z	spark2	KV_READY	8.249	4.105
2026-09-27T14:00:27.373Z	spark1	KV_READY	7.859	6.701
2026-09-27T14:00:27.403Z	spark2	KV_READY	8.247	4.105
2026-09-27T14:00:27.640Z	spark1	KV_READY	7.858	6.701
2026-09-27T14:00:27.653Z	spark2	KV_READY	8.247	4.105
2026-09-27T14:00:27.890Z	spark1	KV_READY	7.858	6.701
2026-09-27T14:00:27.903Z	spark2	KV_READY	8.247	4.105
2026-09-27T14:00:28.141Z	spark1	KV_READY	7.831	6.701
2026-09-27T14:00:28.154Z	spark2	KV_READY	8.247	4.105
2026-09-27T14:00:28.391Z	spark1	KV_READY	7.828	6.701
2026-09-27T14:00:28.419Z	spark2	KV_READY	8.247	4.105
2026-09-27T14:00:28.658Z	spark1	KV_READY	7.828	6.701
2026-09-27T14:00:28.669Z	spark2	KV_READY	8.247	4.105
2026-09-27T14:00:28.908Z	spark1	KV_READY	7.828	6.701
2026-09-27T14:00:28.919Z	spark2	KV_READY	8.247	4.105
2026-09-27T14:00:29.158Z	spark1	KV_READY	7.784	6.701
2026-09-27T14:00:29.170Z	spark2	KV_READY	8.247	4.105
2026-09-27T14:00:29.408Z	spark1	KV_READY	7.773	6.701
2026-09-27T14:00:29.435Z	spark2	KV_READY	8.244	4.105
2026-09-27T14:00:29.670Z	spark1	KV_READY	7.772	6.701
2026-09-27T14:00:29.685Z	spark2	KV_READY	8.210	4.105
2026-09-27T14:00:29.920Z	spark1	KV_READY	7.772	6.701
2026-09-27T14:00:29.936Z	spark2	KV_READY	8.191	4.105
2026-09-27T14:00:30.171Z	spark1	KV_READY	7.766	6.701
2026-09-27T14:00:30.186Z	spark2	KV_READY	8.163	4.105
2026-09-27T14:00:30.421Z	spark1	KV_READY	7.752	6.701
2026-09-27T14:00:30.447Z	spark2	KV_READY	8.339	4.105
2026-09-27T14:00:30.688Z	spark1	KV_READY	7.751	6.701
2026-09-27T14:00:30.697Z	spark2	KV_READY	8.444	4.105
2026-09-27T14:00:30.938Z	spark1	KV_READY	7.759	6.701
2026-09-27T14:00:30.947Z	spark2	KV_READY	8.427	4.105
2026-09-27T14:00:31.189Z	spark1	KV_READY	8.093	6.701
2026-09-27T14:00:31.198Z	spark2	KV_READY	8.435	4.105
2026-09-27T14:00:31.439Z	spark1	KV_READY	8.070	6.701
2026-09-27T14:00:31.463Z	spark2	KV_READY	8.435	4.105
2026-09-27T14:00:31.701Z	spark1	KV_READY	8.070	6.701
2026-09-27T14:00:31.713Z	spark2	KV_READY	8.427	4.105
2026-09-27T14:00:31.952Z	spark1	KV_READY	8.070	6.701
2026-09-27T14:00:31.964Z	spark2	KV_READY	8.427	4.105
2026-09-27T14:00:32.202Z	spark1	KV_READY	8.069	6.701
2026-09-27T14:00:32.214Z	spark2	KV_READY	8.433	4.105
2026-09-27T14:00:32.453Z	spark1	KV_READY	8.065	6.701
2026-09-27T14:00:32.475Z	spark2	KV_READY	8.441	4.105
2026-09-27T14:00:32.715Z	spark1	KV_READY	8.064	6.701
2026-09-27T14:00:32.725Z	spark2	KV_READY	8.439	4.105
2026-09-27T14:00:32.965Z	spark1	KV_READY	8.063	6.701
2026-09-27T14:00:32.976Z	spark2	KV_READY	8.426	4.105
2026-09-27T14:00:33.216Z	spark1	KV_READY	8.065	6.701
2026-09-27T14:00:33.226Z	spark2	KV_READY	8.402	4.105
2026-09-27T14:00:33.466Z	spark1	KV_READY	8.065	6.701
2026-09-27T14:00:33.487Z	spark2	KV_READY	8.286	4.105
2026-09-27T14:00:33.728Z	spark1	KV_READY	8.149	6.701
2026-09-27T14:00:33.737Z	spark2	KV_READY	8.194	4.105
2026-09-27T14:00:33.979Z	spark1	KV_READY	8.052	6.701
2026-09-27T14:00:33.988Z	spark2	KV_READY	8.132	4.105
2026-09-27T14:00:34.229Z	spark1	KV_READY	7.939	6.701
2026-09-27T14:00:34.238Z	spark2	KV_READY	8.079	4.105
2026-09-27T14:00:34.480Z	spark1	KV_READY	8.381	6.701
2026-09-27T14:00:34.503Z	spark2	KV_READY	8.045	4.105
2026-09-27T14:00:34.747Z	spark1	KV_READY	8.333	6.701
2026-09-27T14:00:34.753Z	spark2	KV_READY	8.034	4.105
2026-09-27T14:00:34.997Z	spark1	KV_READY	8.286	6.701
2026-09-27T14:00:35.003Z	spark2	KV_READY	8.019	4.105
2026-09-27T14:00:35.248Z	spark1	KV_READY	8.118	6.701
2026-09-27T14:00:35.254Z	spark2	KV_READY	8.004	4.105
2026-09-27T14:00:35.498Z	spark1	KV_READY	8.056	6.701
2026-09-27T14:00:35.514Z	spark2	KV_READY	8.020	4.105
2026-09-27T14:00:35.760Z	spark1	KV_READY	7.910	6.701
2026-09-27T14:00:35.765Z	spark2	KV_READY	8.013	4.105
2026-09-27T14:00:36.011Z	spark1	KV_READY	7.829	6.701
2026-09-27T14:00:36.015Z	spark2	KV_READY	8.015	4.105
2026-09-27T14:00:36.261Z	spark1	KV_READY	7.392	6.701
2026-09-27T14:00:36.265Z	spark2	KV_READY	7.918	4.105
2026-09-27T14:00:36.512Z	spark1	KV_READY	7.276	6.701
2026-09-27T14:00:36.531Z	spark2	KV_READY	7.869	4.105
2026-09-27T14:00:36.774Z	spark1	KV_READY	7.143	6.701
2026-09-27T14:00:36.781Z	spark2	KV_READY	7.869	4.105
2026-09-27T14:00:37.025Z	spark1	KV_READY	7.060	6.701
2026-09-27T14:00:37.032Z	spark2	KV_READY	7.869	4.105
2026-09-27T14:00:37.275Z	spark1	KV_READY	6.944	6.701
2026-09-27T14:00:37.282Z	spark2	KV_READY	7.877	4.105
2026-09-27T14:00:37.525Z	spark1	KV_READY	6.880	6.701
2026-09-27T14:00:37.548Z	spark2	KV_READY	7.877	4.105
2026-09-27T14:00:37.792Z	spark1	KV_READY	6.854	6.701
2026-09-27T14:00:37.799Z	spark2	KV_READY	7.877	4.105
2026-09-27T14:00:38.043Z	spark1	KV_READY	6.838	6.701
2026-09-27T14:00:38.049Z	spark2	KV_READY	7.877	4.105
2026-09-27T14:00:38.293Z	spark1	KV_READY	6.810	6.701
2026-09-27T14:00:38.300Z	spark2	KV_READY	7.885	4.105
2026-09-27T14:00:38.544Z	spark1	KV_READY	6.808	6.701
2026-09-27T14:00:38.561Z	spark2	KV_READY	7.885	4.105
2026-09-27T14:00:38.811Z	spark2	KV_READY	7.885	4.105
2026-09-27T14:00:38.811Z	spark1	KV_READY	6.792	6.701
2026-09-27T14:00:39.061Z	spark2	KV_READY	7.885	4.105
2026-09-27T14:00:39.062Z	spark1	KV_READY	6.771	6.701
2026-09-27T14:00:39.312Z	spark2	KV_READY	7.886	4.105
2026-09-27T14:00:39.312Z	spark1	KV_READY	6.753	6.701
2026-09-27T14:00:39.562Z	spark1	KV_READY	6.738	6.701
2026-09-27T14:00:39.574Z	spark2	KV_READY	7.884	4.105
2026-09-27T14:00:39.824Z	spark2	KV_READY	7.884	4.105
2026-09-27T14:00:39.830Z	spark1	KV_READY	6.738	6.701
2026-09-27T14:00:40.075Z	spark2	KV_READY	7.884	4.105
2026-09-27T14:00:40.080Z	spark1	KV_READY	6.723	6.701
2026-09-27T14:00:40.325Z	spark2	KV_READY	7.891	4.105
2026-09-27T14:00:40.330Z	spark1	KV_READY	6.695	6.701
2026-09-27T14:00:40.581Z	spark1	KV_READY	6.661	6.701
2026-09-27T14:00:40.586Z	spark2	KV_READY	7.890	4.105
2026-09-27T14:00:40.836Z	spark2	KV_READY	7.884	4.105
2026-09-27T14:00:40.849Z	spark1	KV_READY	6.660	6.701
2026-09-27T14:00:41.086Z	spark2	KV_READY	7.876	4.105
2026-09-27T14:00:41.099Z	spark1	KV_READY	6.671	6.701
2026-09-27T14:00:41.336Z	spark2	KV_READY	7.888	4.105
2026-09-27T14:00:41.350Z	spark1	KV_READY	6.654	6.701
2026-09-27T14:00:41.600Z	spark1	KV_READY	6.644	6.701
2026-09-27T14:00:41.603Z	spark2	KV_READY	7.888	4.105
2026-09-27T14:00:41.853Z	spark2	KV_READY	7.888	4.105
2026-09-27T14:00:41.868Z	spark1	KV_READY	6.634	6.701
2026-09-27T14:00:42.104Z	spark2	KV_READY	8.083	4.105
2026-09-27T14:00:42.118Z	spark1	KV_READY	6.636	6.701
2026-09-27T14:00:42.355Z	spark2	KV_READY	8.076	4.105
2026-09-27T14:00:42.369Z	spark1	KV_READY	6.637	6.701
2026-09-27T14:00:42.616Z	spark2	KV_READY	8.085	4.105
2026-09-27T14:00:42.619Z	spark1	KV_READY	6.614	6.701
2026-09-27T14:00:42.867Z	spark2	KV_READY	8.087	4.105
2026-09-27T14:00:42.887Z	spark1	KV_READY	6.632	6.701
2026-09-27T14:00:43.117Z	spark2	KV_READY	8.109	4.105
2026-09-27T14:00:43.138Z	spark1	KV_READY	6.647	6.701
2026-09-27T14:00:43.368Z	spark2	KV_READY	8.109	4.105
2026-09-27T14:00:43.388Z	spark1	KV_READY	6.663	6.701
2026-09-27T14:00:43.630Z	spark2	KV_READY	8.108	4.105
2026-09-27T14:00:43.639Z	spark1	KV_READY	6.663	6.701
2026-09-27T14:00:43.880Z	spark2	KV_READY	8.108	4.105
2026-09-27T14:00:43.905Z	spark1	KV_READY	6.664	6.701
2026-09-27T14:00:44.131Z	spark2	KV_READY	8.116	4.105
2026-09-27T14:00:44.155Z	spark1	KV_READY	6.676	6.701
2026-09-27T14:00:44.382Z	spark2	KV_READY	8.967	4.105
2026-09-27T14:00:44.406Z	spark1	KV_READY	8.243	6.701
2026-09-27T14:00:44.642Z	spark2	KV_READY	8.839	4.105
2026-09-27T14:00:44.656Z	spark1	KV_READY	8.938	6.701
2026-09-27T14:00:44.893Z	spark2	KV_READY	8.701	4.105
2026-09-27T14:00:44.923Z	spark1	KV_READY	8.800	6.701
2026-09-27T14:00:45.145Z	spark2	KV_READY	8.643	4.105
2026-09-27T14:00:45.174Z	spark1	KV_READY	8.668	6.701
2026-09-27T14:00:45.395Z	spark2	KV_READY	8.636	4.105
2026-09-27T14:00:45.424Z	spark1	KV_READY	8.645	6.701
2026-09-27T14:00:45.656Z	spark2	KV_READY	8.636	4.105
2026-09-27T14:00:45.675Z	spark1	KV_READY	8.635	6.701
2026-09-27T14:00:45.907Z	spark2	KV_READY	8.635	4.105
2026-09-27T14:00:45.937Z	spark1	KV_READY	8.635	6.701
2026-09-27T14:00:46.157Z	spark2	KV_READY	8.655	4.105
2026-09-27T14:00:46.188Z	spark1	KV_READY	8.633	6.701
2026-09-27T14:00:46.408Z	spark2	KV_READY	8.654	4.105
2026-09-27T14:00:46.439Z	spark1	KV_READY	8.632	6.701
2026-09-27T14:00:46.667Z	spark2	KV_READY	8.660	4.105
2026-09-27T14:00:46.690Z	spark1	KV_READY	8.604	6.701
2026-09-27T14:00:46.918Z	spark2	KV_READY	8.658	4.105
2026-09-27T14:00:46.952Z	spark1	KV_READY	8.604	6.701
2026-09-27T14:00:47.170Z	spark2	KV_READY	8.662	4.105
2026-09-27T14:00:47.203Z	spark1	KV_READY	8.601	6.701
2026-09-27T14:00:47.419Z	spark2	KV_READY	8.669	4.105
2026-09-27T14:00:47.454Z	spark1	KV_READY	8.597	6.701
2026-09-27T14:00:47.680Z	spark2	KV_READY	8.670	4.105
2026-09-27T14:00:47.704Z	spark1	KV_READY	8.597	6.701
2026-09-27T14:00:47.931Z	spark2	KV_READY	8.668	4.105
2026-09-27T14:00:47.970Z	spark1	KV_READY	8.596	6.701
2026-09-27T14:00:48.182Z	spark2	KV_READY	8.680	4.105
2026-09-27T14:00:48.221Z	spark1	KV_READY	8.594	6.701
2026-09-27T14:00:48.433Z	spark2	KV_READY	8.676	4.105
2026-09-27T14:00:48.472Z	spark1	KV_READY	8.586	6.701
2026-09-27T14:00:48.693Z	spark2	KV_READY	8.669	4.105
2026-09-27T14:00:48.722Z	spark1	KV_READY	8.585	6.701
2026-09-27T14:00:48.944Z	spark2	KV_READY	8.677	4.105
2026-09-27T14:00:48.985Z	spark1	KV_READY	8.591	6.701
2026-09-27T14:00:49.195Z	spark2	KV_READY	8.686	4.105
2026-09-27T14:00:49.235Z	spark1	KV_READY	8.590	6.700
2026-09-27T14:00:49.445Z	spark2	KV_READY	8.690	4.105
2026-09-27T14:00:49.485Z	spark1	KV_READY	8.581	6.700
2026-09-27T14:00:49.707Z	spark2	KV_READY	8.690	4.105
2026-09-27T14:00:49.736Z	spark1	KV_READY	8.562	6.700
2026-09-27T14:00:49.957Z	spark2	KV_READY	8.690	4.105
2026-09-27T14:00:50.003Z	spark1	KV_READY	8.561	6.700
2026-09-27T14:00:50.208Z	spark2	KV_READY	8.705	4.105
2026-09-27T14:00:50.254Z	spark1	KV_READY	8.556	6.700
2026-09-27T14:00:50.459Z	spark2	KV_READY	8.705	4.105
2026-09-27T14:00:50.505Z	spark1	KV_READY	8.556	6.700
2026-09-27T14:00:50.719Z	spark2	KV_READY	8.706	4.105
2026-09-27T14:00:50.755Z	spark1	KV_READY	8.552	6.700
2026-09-27T14:00:50.970Z	spark2	KV_READY	8.710	4.105
2026-09-27T14:00:51.017Z	spark1	KV_READY	8.552	6.700
2026-09-27T14:00:51.221Z	spark2	KV_READY	8.729	4.105
2026-09-27T14:00:51.267Z	spark1	KV_READY	8.537	6.700
2026-09-27T14:00:51.471Z	spark2	KV_READY	8.726	4.105
2026-09-27T14:00:51.518Z	spark1	KV_READY	8.521	6.700
2026-09-27T14:00:51.733Z	spark2	KV_READY	8.727	4.105
2026-09-27T14:00:51.768Z	spark1	KV_READY	8.520	6.700
2026-09-27T14:00:51.982Z	spark2	KV_READY	8.768	4.105
2026-09-27T14:00:52.030Z	spark1	KV_READY	8.520	6.700
2026-09-27T14:00:52.233Z	spark2	KV_READY	8.769	4.104
2026-09-27T14:00:52.280Z	spark1	KV_READY	8.512	6.700
2026-09-27T14:00:52.483Z	spark2	KV_READY	8.731	4.104
2026-09-27T14:00:52.531Z	spark1	KV_READY	8.482	6.700
2026-09-27T14:00:52.748Z	spark2	KV_READY	8.724	4.104
2026-09-27T14:00:52.782Z	spark1	KV_READY	8.494	6.700
2026-09-27T14:00:52.999Z	spark2	KV_READY	8.723	4.104
2026-09-27T14:00:53.044Z	spark1	KV_READY	8.485	6.700
2026-09-27T14:00:53.249Z	spark2	KV_READY	8.897	4.104
2026-09-27T14:00:53.294Z	spark1	KV_READY	8.677	6.700
2026-09-27T14:00:53.499Z	spark2	KV_READY	8.775	4.104
2026-09-27T14:00:53.545Z	spark1	KV_READY	8.556	6.700
2026-09-27T14:00:53.760Z	spark2	KV_READY	8.706	4.104
2026-09-27T14:00:53.795Z	spark1	KV_READY	8.456	6.700
2026-09-27T14:00:54.011Z	spark2	KV_READY	8.651	4.104
2026-09-27T14:00:54.062Z	spark1	KV_READY	8.944	6.700
2026-09-27T14:00:54.262Z	spark2	KV_READY	8.581	4.104
2026-09-27T14:00:54.313Z	spark1	KV_READY	9.170	6.700
2026-09-27T14:00:54.512Z	spark2	KV_READY	8.543	4.104
2026-09-27T14:00:54.564Z	spark1	KV_READY	9.100	6.700
2026-09-27T14:00:54.778Z	spark2	KV_READY	8.530	4.104
2026-09-27T14:00:54.814Z	spark1	KV_READY	9.032	6.700
2026-09-27T14:00:55.029Z	spark2	KV_READY	8.514	4.104
2026-09-27T14:00:55.076Z	spark1	KV_READY	9.022	6.700
2026-09-27T14:00:55.279Z	spark2	KV_READY	8.522	4.104
2026-09-27T14:00:55.327Z	spark1	KV_READY	9.001	6.700
2026-09-27T14:00:55.530Z	spark2	KV_READY	8.513	4.104
2026-09-27T14:00:55.577Z	spark1	KV_READY	8.993	6.700
2026-09-27T14:00:55.797Z	spark2	KV_READY	8.505	4.104
2026-09-27T14:00:55.828Z	spark1	KV_READY	8.978	6.700
2026-09-27T14:00:56.048Z	spark2	KV_READY	8.505	4.104
2026-09-27T14:00:56.095Z	spark1	KV_READY	8.970	6.700
2026-09-27T14:00:56.298Z	spark2	KV_READY	8.520	4.104
2026-09-27T14:00:56.346Z	spark1	KV_READY	8.971	6.700
2026-09-27T14:00:56.550Z	spark2	KV_READY	8.520	4.104
2026-09-27T14:00:56.596Z	spark1	KV_READY	8.971	6.700
2026-09-27T14:00:56.811Z	spark2	KV_READY	8.529	4.104
2026-09-27T14:00:56.846Z	spark1	KV_READY	8.964	6.700
2026-09-27T14:00:57.062Z	spark2	KV_READY	8.529	4.104
2026-09-27T14:00:57.108Z	spark1	KV_READY	8.963	6.700
2026-09-27T14:00:57.312Z	spark2	KV_READY	8.540	4.104
2026-09-27T14:00:57.359Z	spark1	KV_READY	8.963	6.700
2026-09-27T14:00:57.562Z	spark2	KV_READY	8.540	4.104
2026-09-27T14:00:57.610Z	spark1	KV_READY	8.963	6.700
2026-09-27T14:00:57.828Z	spark2	KV_READY	8.556	4.104
2026-09-27T14:00:57.860Z	spark1	KV_READY	8.963	6.700
2026-09-27T14:00:58.079Z	spark2	KV_READY	8.816	4.104
2026-09-27T14:00:58.123Z	spark1	KV_READY	8.963	6.700
2026-09-27T14:00:58.329Z	spark2	KV_READY	8.846	4.104
2026-09-27T14:00:58.373Z	spark1	KV_READY	9.031	6.700
2026-09-27T14:00:58.580Z	spark2	KV_READY	8.827	4.104
2026-09-27T14:00:58.624Z	spark1	KV_READY	8.908	6.700
2026-09-27T14:00:58.840Z	spark2	KV_READY	8.835	4.104
2026-09-27T14:00:58.874Z	spark1	KV_READY	8.863	6.700
2026-09-27T14:00:59.091Z	spark2	KV_READY	8.881	4.104
2026-09-27T14:00:59.136Z	spark1	KV_READY	8.851	6.700
2026-09-27T14:00:59.341Z	spark2	KV_READY	8.889	4.104
2026-09-27T14:00:59.387Z	spark1	KV_READY	8.851	6.700
2026-09-27T14:00:59.592Z	spark2	KV_READY	8.889	4.104
2026-09-27T14:00:59.637Z	spark1	KV_READY	8.829	6.700
2026-09-27T14:00:59.857Z	spark2	KV_READY	8.890	4.104
2026-09-27T14:00:59.888Z	spark1	KV_READY	8.804	6.700
2026-09-27T14:01:00.108Z	spark2	KV_READY	8.902	4.104
2026-09-27T14:01:00.154Z	spark1	KV_READY	9.383	6.700
2026-09-27T14:01:00.358Z	spark2	KV_READY	8.910	4.104
2026-09-27T14:01:00.405Z	spark1	KV_READY	9.344	6.700
2026-09-27T14:01:00.609Z	spark2	KV_READY	8.875	4.104
2026-09-27T14:01:00.656Z	spark1	KV_READY	9.289	6.700
2026-09-27T14:01:00.873Z	spark2	KV_READY	8.852	4.104
2026-09-27T14:01:00.906Z	spark1	KV_READY	9.230	6.700
2026-09-27T14:01:01.124Z	spark2	KV_READY	8.896	4.104
2026-09-27T14:01:01.172Z	spark1	KV_READY	9.219	6.700
2026-09-27T14:01:01.374Z	spark2	KV_READY	8.894	4.104
2026-09-27T14:01:01.422Z	spark1	KV_READY	9.187	6.700
2026-09-27T14:01:01.626Z	spark2	KV_READY	8.894	4.104
2026-09-27T14:01:01.672Z	spark1	KV_READY	9.179	6.700
2026-09-27T14:01:01.890Z	spark2	KV_READY	8.887	4.104
2026-09-27T14:01:01.923Z	spark1	KV_READY	9.164	6.700
2026-09-27T14:01:02.140Z	spark2	KV_READY	8.908	4.104
2026-09-27T14:01:02.194Z	spark1	KV_READY	9.152	6.700
2026-09-27T14:01:02.390Z	spark2	KV_READY	8.908	4.104
2026-09-27T14:01:02.445Z	spark1	KV_READY	9.146	6.700
2026-09-27T14:01:02.641Z	spark2	KV_READY	8.916	4.104
2026-09-27T14:01:02.696Z	spark1	KV_READY	9.146	6.700
2026-09-27T14:01:02.900Z	spark2	KV_READY	8.940	4.104
2026-09-27T14:01:02.946Z	spark1	KV_READY	9.142	6.700
2026-09-27T14:01:03.151Z	spark2	KV_READY	8.948	4.104
2026-09-27T14:01:03.213Z	spark1	KV_READY	9.141	6.700
2026-09-27T14:01:03.401Z	spark2	KV_READY	8.933	4.104
2026-09-27T14:01:03.463Z	spark1	KV_READY	9.118	6.700
2026-09-27T14:01:03.652Z	spark2	KV_READY	8.930	4.104
2026-09-27T14:01:03.713Z	spark1	KV_READY	9.117	6.700
2026-09-27T14:01:03.918Z	spark2	KV_READY	8.940	4.104
2026-09-27T14:01:03.964Z	spark1	KV_READY	9.117	6.700
2026-09-27T14:01:04.168Z	spark2	KV_READY	8.956	4.104
2026-09-27T14:01:04.226Z	spark1	KV_READY	9.133	6.700
2026-09-27T14:01:04.419Z	spark2	KV_READY	8.956	4.104
2026-09-27T14:01:04.477Z	spark1	KV_READY	9.133	6.700
2026-09-27T14:01:04.670Z	spark2	KV_READY	8.956	4.104
2026-09-27T14:01:04.727Z	spark1	KV_READY	9.044	6.700
2026-09-27T14:01:04.931Z	spark2	KV_READY	8.971	4.104
2026-09-27T14:01:04.978Z	spark1	KV_READY	8.975	6.700
2026-09-27T14:01:05.182Z	spark2	KV_READY	8.982	4.104
2026-09-27T14:01:05.239Z	spark1	KV_READY	8.903	6.700
2026-09-27T14:01:05.433Z	spark2	KV_READY	8.992	4.104
2026-09-27T14:01:05.490Z	spark1	KV_READY	8.866	6.700
2026-09-27T14:01:05.685Z	spark2	KV_READY	8.992	4.104
2026-09-27T14:01:05.740Z	spark1	KV_READY	8.850	6.700
2026-09-27T14:01:05.946Z	spark2	KV_READY	9.007	4.104
2026-09-27T14:01:05.990Z	spark1	KV_READY	8.857	6.700
2026-09-27T14:01:06.196Z	spark2	KV_READY	9.010	4.104
2026-09-27T14:01:06.253Z	spark1	KV_READY	8.859	6.700
2026-09-27T14:01:06.447Z	spark2	KV_READY	9.010	4.104
2026-09-27T14:01:06.503Z	spark1	KV_READY	8.807	6.699
2026-09-27T14:01:06.698Z	spark2	KV_READY	9.010	4.104
2026-09-27T14:01:06.754Z	spark1	KV_READY	9.085	6.699
2026-09-27T14:01:06.962Z	spark2	KV_READY	9.032	4.104
2026-09-27T14:01:07.004Z	spark1	KV_READY	9.058	6.699
2026-09-27T14:01:07.213Z	spark2	KV_READY	9.040	4.104
2026-09-27T14:01:07.270Z	spark1	KV_READY	9.021	6.699
2026-09-27T14:01:07.464Z	spark2	KV_READY	9.040	4.104
2026-09-27T14:01:07.521Z	spark1	KV_READY	9.020	6.699
2026-09-27T14:01:07.715Z	spark2	KV_READY	9.040	4.104
2026-09-27T14:01:07.771Z	spark1	KV_READY	9.013	6.698
2026-09-27T14:01:07.980Z	spark2	KV_READY	9.069	4.104
2026-09-27T14:01:08.022Z	spark1	KV_READY	9.008	6.698
2026-09-27T14:01:08.230Z	spark2	KV_READY	9.087	4.104
2026-09-27T14:01:08.284Z	spark1	KV_READY	8.999	6.698
2026-09-27T14:01:08.481Z	spark2	KV_READY	9.087	4.104
2026-09-27T14:01:08.534Z	spark1	KV_READY	8.992	6.698
2026-09-27T14:01:08.732Z	spark2	KV_READY	9.087	4.104
2026-09-27T14:01:08.785Z	spark1	KV_READY	8.980	6.698
2026-09-27T14:01:08.992Z	spark2	KV_READY	9.099	4.104
2026-09-27T14:01:09.035Z	spark1	KV_READY	8.975	6.698
2026-09-27T14:01:09.243Z	spark2	KV_READY	9.100	4.104
2026-09-27T14:01:09.298Z	spark1	KV_READY	8.956	6.698
2026-09-27T14:01:09.494Z	spark2	KV_READY	9.100	4.104
2026-09-27T14:01:09.549Z	spark1	KV_READY	8.950	6.698
2026-09-27T14:01:09.744Z	spark2	KV_READY	9.100	4.104
2026-09-27T14:01:09.799Z	spark1	KV_READY	8.943	6.698
2026-09-27T14:01:10.006Z	spark2	KV_READY	9.123	4.104
2026-09-27T14:01:10.050Z	spark1	KV_READY	8.935	6.698
2026-09-27T14:01:10.257Z	spark2	KV_READY	9.123	4.104
2026-09-27T14:01:10.311Z	spark1	KV_READY	8.919	6.698
2026-09-27T14:01:10.508Z	spark2	KV_READY	9.129	4.104
2026-09-27T14:01:10.562Z	spark1	KV_READY	8.983	6.697
2026-09-27T14:01:10.759Z	spark2	KV_READY	9.129	4.104
2026-09-27T14:01:10.812Z	spark1	KV_READY	8.959	6.697
2026-09-27T14:01:11.019Z	spark2	KV_READY	9.150	4.104
2026-09-27T14:01:11.063Z	spark1	KV_READY	8.952	6.697
2026-09-27T14:01:11.270Z	spark2	KV_READY	9.150	4.104
2026-09-27T14:01:11.328Z	spark1	KV_READY	8.724	6.697
2026-09-27T14:01:11.520Z	spark2	KV_READY	9.150	4.104
2026-09-27T14:01:11.579Z	spark1	KV_READY	8.524	6.697
2026-09-27T14:01:11.771Z	spark2	KV_READY	9.150	4.104
2026-09-27T14:01:11.829Z	spark1	KV_READY	8.460	6.697
2026-09-27T14:01:12.033Z	spark2	KV_READY	9.174	4.104
2026-09-27T14:01:12.079Z	spark1	KV_READY	8.443	6.697
2026-09-27T14:01:12.284Z	spark2	KV_READY	9.182	4.104
2026-09-27T14:01:12.345Z	spark1	KV_READY	8.386	6.697
2026-09-27T14:01:12.534Z	spark2	KV_READY	9.182	4.104
2026-09-27T14:01:12.597Z	spark1	KV_READY	8.285	6.697
2026-09-27T14:01:12.785Z	spark2	KV_READY	9.182	4.104
2026-09-27T14:01:12.847Z	spark1	KV_READY	8.285	6.697
2026-09-27T14:01:13.045Z	spark2	KV_READY	9.210	4.104
2026-09-27T14:01:13.097Z	spark1	KV_READY	8.119	6.697
2026-09-27T14:01:13.295Z	spark2	KV_READY	9.209	4.104
2026-09-27T14:01:13.358Z	spark1	KV_READY	8.055	6.697
2026-09-27T14:01:13.546Z	spark2	KV_READY	9.210	4.104
2026-09-27T14:01:13.608Z	spark1	KV_READY	8.049	6.697
2026-09-27T14:01:13.796Z	spark2	KV_READY	9.232	4.104
2026-09-27T14:01:13.859Z	spark1	KV_READY	8.017	6.697
2026-09-27T14:01:14.057Z	spark2	KV_READY	9.243	4.104
2026-09-27T14:01:14.109Z	spark1	KV_READY	8.001	6.697
2026-09-27T14:01:14.308Z	spark2	KV_READY	9.259	4.104
2026-09-27T14:01:14.371Z	spark1	KV_READY	7.984	6.697
2026-09-27T14:01:14.560Z	spark2	KV_READY	9.259	4.104
2026-09-27T14:01:14.622Z	spark1	KV_READY	7.976	6.697
2026-09-27T14:01:14.809Z	spark2	KV_READY	9.268	4.104
2026-09-27T14:01:14.872Z	spark1	KV_READY	7.974	6.697
2026-09-27T14:01:15.075Z	spark2	KV_READY	9.277	4.104
2026-09-27T14:01:15.123Z	spark1	KV_READY	7.957	6.697
2026-09-27T14:01:15.326Z	spark2	KV_READY	9.277	4.104
2026-09-27T14:01:15.385Z	spark1	KV_READY	7.900	6.697
2026-09-27T14:01:15.577Z	spark2	KV_READY	9.277	4.104
2026-09-27T14:01:15.636Z	spark1	KV_READY	7.893	6.697
2026-09-27T14:01:15.827Z	spark2	KV_READY	9.277	4.104
2026-09-27T14:01:15.886Z	spark1	KV_READY	7.877	6.697
2026-09-27T14:01:16.087Z	spark2	KV_READY	9.299	4.104
2026-09-27T14:01:16.137Z	spark1	KV_READY	7.870	6.697
2026-09-27T14:01:16.338Z	spark2	KV_READY	9.302	4.104
2026-09-27T14:01:16.399Z	spark1	KV_READY	7.859	6.697
2026-09-27T14:01:16.588Z	spark2	KV_READY	9.302	4.104
2026-09-27T14:01:16.649Z	spark1	KV_READY	7.844	6.697
2026-09-27T14:01:16.840Z	spark2	KV_READY	9.302	4.104
2026-09-27T14:01:16.900Z	spark1	KV_READY	7.835	6.697
2026-09-27T14:01:17.100Z	spark2	KV_READY	9.329	4.104
2026-09-27T14:01:17.151Z	spark1	KV_READY	7.824	6.697
2026-09-27T14:01:17.351Z	spark2	KV_READY	9.329	4.104
2026-09-27T14:01:17.417Z	spark1	KV_READY	7.789	6.697
2026-09-27T14:01:17.602Z	spark2	KV_READY	9.329	4.104
2026-09-27T14:01:17.668Z	spark1	KV_READY	7.773	6.697
2026-09-27T14:01:17.853Z	spark2	KV_READY	9.346	4.104
2026-09-27T14:01:17.918Z	spark1	KV_READY	7.767	6.697
2026-09-27T14:01:18.117Z	spark2	KV_READY	9.348	4.104
2026-09-27T14:01:18.168Z	spark1	KV_READY	7.749	6.697
2026-09-27T14:01:18.368Z	spark2	KV_READY	9.349	4.104
2026-09-27T14:01:18.434Z	spark1	KV_READY	7.740	6.697
2026-09-27T14:01:18.618Z	spark2	KV_READY	9.350	4.104
2026-09-27T14:01:18.685Z	spark1	KV_READY	7.732	6.697
2026-09-27T14:01:18.870Z	spark2	KV_READY	9.361	4.104
2026-09-27T14:01:18.935Z	spark1	KV_READY	7.723	6.697
2026-09-27T14:01:19.135Z	spark2	KV_READY	9.369	4.104
2026-09-27T14:01:19.185Z	spark1	KV_READY	7.717	6.697
2026-09-27T14:01:19.385Z	spark2	KV_READY	9.369	4.104
2026-09-27T14:01:19.450Z	spark1	KV_READY	7.686	6.697
2026-09-27T14:01:19.636Z	spark2	KV_READY	9.369	4.104
2026-09-27T14:01:19.701Z	spark1	KV_READY	7.686	6.697
2026-09-27T14:01:19.886Z	spark2	KV_READY	9.386	4.104
2026-09-27T14:01:19.951Z	spark1	KV_READY	7.685	6.697
2026-09-27T14:01:20.150Z	spark2	KV_READY	9.388	4.104
2026-09-27T14:01:20.201Z	spark1	KV_READY	7.673	6.697
2026-09-27T14:01:20.400Z	spark2	KV_READY	9.396	4.104
2026-09-27T14:01:20.467Z	spark1	KV_READY	7.670	6.697
2026-09-27T14:01:20.650Z	spark2	KV_READY	9.396	4.104
2026-09-27T14:01:20.718Z	spark1	KV_READY	7.663	6.696
2026-09-27T14:01:20.901Z	spark2	KV_READY	9.416	4.104
2026-09-27T14:01:20.968Z	spark1	KV_READY	7.671	6.695
2026-09-27T14:01:21.163Z	spark2	KV_READY	9.415	4.104
2026-09-27T14:01:21.218Z	spark1	KV_READY	7.664	6.695
2026-09-27T14:01:21.413Z	spark2	KV_READY	9.415	4.104
2026-09-27T14:01:21.485Z	spark1	KV_READY	7.641	6.694
2026-09-27T14:01:21.663Z	spark2	KV_READY	9.415	4.104
2026-09-27T14:01:21.735Z	spark1	KV_READY	7.655	6.693
2026-09-27T14:01:21.915Z	spark2	KV_READY	9.426	4.104
2026-09-27T14:01:21.985Z	spark1	KV_READY	7.663	6.692
2026-09-27T14:01:22.180Z	spark2	KV_READY	9.441	4.104
2026-09-27T14:01:22.236Z	spark1	KV_READY	7.654	6.691
2026-09-27T14:01:22.430Z	spark2	KV_READY	9.441	4.104
2026-09-27T14:01:22.498Z	spark1	KV_READY	7.646	6.690
2026-09-27T14:01:22.681Z	spark2	KV_READY	9.442	4.104
2026-09-27T14:01:22.749Z	spark1	KV_READY	7.629	6.689
2026-09-27T14:01:22.933Z	spark2	KV_READY	9.465	4.104
2026-09-27T14:01:22.999Z	spark1	KV_READY	7.629	6.689
2026-09-27T14:01:23.192Z	spark2	KV_READY	9.465	4.104
2026-09-27T14:01:23.250Z	spark1	KV_READY	7.630	6.689
2026-09-27T14:01:23.443Z	spark2	KV_READY	9.465	4.104
2026-09-27T14:01:23.515Z	spark1	KV_READY	7.616	6.689
2026-09-27T14:01:23.693Z	spark2	KV_READY	9.467	4.104
2026-09-27T14:01:23.766Z	spark1	KV_READY	7.598	6.688
2026-09-27T14:01:23.944Z	spark2	KV_READY	9.476	4.104
2026-09-27T14:01:24.016Z	spark1	KV_READY	7.573	6.688
2026-09-27T14:01:24.204Z	spark2	KV_READY	9.489	4.104
2026-09-27T14:01:24.267Z	spark1	KV_READY	7.549	6.688
2026-09-27T14:01:24.455Z	spark2	KV_READY	9.485	4.104
2026-09-27T14:01:24.529Z	spark1	KV_READY	7.530	6.688
2026-09-27T14:01:24.705Z	spark2	KV_READY	9.491	4.104
2026-09-27T14:01:24.779Z	spark1	KV_READY	7.500	6.688
2026-09-27T14:01:24.956Z	spark2	KV_READY	9.492	4.104
2026-09-27T14:01:25.030Z	spark1	KV_READY	7.508	6.688
2026-09-27T14:01:25.216Z	spark2	KV_READY	9.499	4.104
2026-09-27T14:01:25.280Z	spark1	KV_READY	7.498	6.687
2026-09-27T14:01:25.468Z	spark2	KV_READY	9.499	4.104
2026-09-27T14:01:25.542Z	spark1	KV_READY	7.345	6.681
2026-09-27T14:01:25.718Z	spark2	KV_READY	9.499	4.104
2026-09-27T14:01:25.793Z	spark1	KV_READY	7.249	6.660
2026-09-27T14:01:25.968Z	spark2	KV_READY	9.502	4.104
2026-09-27T14:01:26.044Z	spark1	KV_READY	7.224	6.641
2026-09-27T14:01:26.234Z	spark2	KV_READY	9.517	4.104
2026-09-27T14:01:26.294Z	spark1	KV_READY	7.221	6.641
2026-09-27T14:01:26.484Z	spark2	KV_READY	9.517	4.104
2026-09-27T14:01:26.557Z	spark1	KV_READY	7.211	6.636
2026-09-27T14:01:26.735Z	spark2	KV_READY	9.517	4.104
2026-09-27T14:01:26.807Z	spark1	KV_READY	7.180	6.611
2026-09-27T14:01:26.986Z	spark2	KV_READY	9.518	4.104
2026-09-27T14:01:27.058Z	spark1	KV_READY	7.145	6.585
2026-09-27T14:01:27.246Z	spark2	KV_READY	9.518	4.104
2026-09-27T14:01:27.308Z	spark1	KV_READY	7.114	6.555
2026-09-27T14:01:27.497Z	spark2	KV_READY	9.518	4.104
2026-09-27T14:01:27.570Z	spark1	KV_READY	7.052	6.537
2026-09-27T14:01:27.749Z	spark2	KV_READY	9.518	4.104
2026-09-27T14:01:27.820Z	spark1	KV_READY	7.070	6.532
2026-09-27T14:01:28.000Z	spark2	KV_READY	9.527	4.104
2026-09-27T14:01:28.071Z	spark1	KV_READY	7.074	6.528
2026-09-27T14:01:28.264Z	spark2	KV_READY	9.536	4.104
2026-09-27T14:01:28.321Z	spark1	KV_READY	7.052	6.525
2026-09-27T14:01:28.515Z	spark2	KV_READY	9.536	4.104
2026-09-27T14:01:28.583Z	spark1	KV_READY	7.016	6.525
2026-09-27T14:01:28.765Z	spark2	KV_READY	9.536	4.104
2026-09-27T14:01:28.833Z	spark1	KV_READY	7.817	6.525
2026-09-27T14:01:29.016Z	spark2	KV_READY	9.540	4.104
2026-09-27T14:01:29.083Z	spark1	KV_READY	8.072	6.525
2026-09-27T14:01:29.278Z	spark2	KV_READY	9.540	4.104
2026-09-27T14:01:29.333Z	spark1	KV_READY	8.051	6.525
2026-09-27T14:01:29.529Z	spark2	KV_READY	9.540	4.104
2026-09-27T14:01:29.600Z	spark1	KV_READY	8.023	6.525
2026-09-27T14:01:29.779Z	spark2	KV_READY	9.544	4.104
2026-09-27T14:01:29.850Z	spark1	KV_READY	7.815	6.525
2026-09-27T14:01:30.029Z	spark2	KV_READY	9.556	4.104
2026-09-27T14:01:30.100Z	spark1	KV_READY	7.479	6.525
2026-09-27T14:01:30.291Z	spark2	KV_READY	9.556	4.104
2026-09-27T14:01:30.351Z	spark1	KV_READY	7.341	6.525
2026-09-27T14:01:30.541Z	spark2	KV_READY	9.556	4.104
2026-09-27T14:01:30.613Z	spark1	KV_READY	7.254	6.525
2026-09-27T14:01:30.793Z	spark2	KV_READY	9.556	4.104
2026-09-27T14:01:30.863Z	spark1	KV_READY	7.203	6.525
2026-09-27T14:01:31.043Z	spark2	KV_READY	9.571	4.104
2026-09-27T14:01:31.114Z	spark1	KV_READY	7.293	6.525
2026-09-27T14:01:31.307Z	spark2	KV_READY	9.570	4.104
2026-09-27T14:01:31.364Z	spark1	KV_READY	6.880	6.525
2026-09-27T14:01:31.558Z	spark2	KV_READY	9.570	4.104
2026-09-27T14:01:31.627Z	spark1	KV_READY	6.586	6.525
2026-09-27T14:01:31.808Z	spark2	KV_READY	9.570	4.104
2026-09-27T14:01:31.878Z	spark1	KV_READY	6.306	6.525
2026-09-27T14:01:32.059Z	spark2	KV_READY	9.585	4.104
2026-09-27T14:01:32.129Z	spark1	KV_READY	6.178	6.525
2026-09-27T14:01:32.319Z	spark2	KV_READY	9.585	4.104
2026-09-27T14:01:32.380Z	spark1	KV_READY	6.151	6.525
2026-09-27T14:01:32.570Z	spark2	KV_READY	9.585	4.104
2026-09-27T14:01:32.647Z	spark1	KV_READY	6.119	6.525
2026-09-27T14:01:32.820Z	spark2	KV_READY	9.585	4.104
2026-09-27T14:01:32.897Z	spark1	KV_READY	6.264	6.525
2026-09-27T14:01:33.071Z	spark2	KV_READY	9.598	4.104
2026-09-27T14:01:33.148Z	spark1	KV_READY	6.140	6.525
2026-09-27T14:01:33.332Z	spark2	KV_READY	9.598	4.104
2026-09-27T14:01:33.398Z	spark1	KV_READY	6.018	6.525
2026-09-27T14:01:33.583Z	spark2	KV_READY	9.598	4.104
2026-09-27T14:01:33.662Z	spark1	KV_READY	5.886	6.525
2026-09-27T14:01:33.834Z	spark2	KV_READY	9.609	4.104
2026-09-27T14:01:33.913Z	spark1	KV_READY	5.794	6.525
2026-09-27T14:01:34.084Z	spark2	KV_READY	9.609	4.104
2026-09-27T14:01:34.164Z	spark1	KV_READY	5.743	6.525
2026-09-27T14:01:34.345Z	spark2	KV_READY	9.609	4.104
2026-09-27T14:01:34.414Z	spark1	KV_READY	5.693	6.525
2026-09-27T14:01:34.595Z	spark2	KV_READY	9.609	4.104
2026-09-27T14:01:34.677Z	spark1	KV_READY	5.600	6.525
2026-09-27T14:01:34.845Z	spark2	KV_READY	9.611	4.104
2026-09-27T14:01:34.927Z	spark1	KV_READY	5.473	6.526
2026-09-27T14:01:35.095Z	spark2	KV_READY	9.610	4.104
2026-09-27T14:01:35.177Z	spark1	KV_READY	5.455	6.526
2026-09-27T14:01:35.356Z	spark2	KV_READY	9.619	4.104
2026-09-27T14:01:35.428Z	spark1	KV_READY	5.408	6.526
2026-09-27T14:01:35.606Z	spark2	KV_READY	9.630	4.104
2026-09-27T14:01:35.696Z	spark1	KV_READY	5.339	6.526
2026-09-27T14:01:35.856Z	spark2	KV_READY	9.656	4.104
2026-09-27T14:01:35.946Z	spark1	KV_READY	5.297	6.526
2026-09-27T14:01:36.107Z	spark2	KV_READY	9.655	4.104
2026-09-27T14:01:36.196Z	spark1	KV_READY	5.254	6.526
2026-09-27T14:01:36.368Z	spark2	KV_READY	9.655	4.104
2026-09-27T14:01:36.447Z	spark1	KV_READY	5.207	6.526
2026-09-27T14:01:36.620Z	spark2	KV_READY	9.655	4.104
2026-09-27T14:01:36.708Z	spark1	KV_READY	5.119	6.526
2026-09-27T14:01:36.869Z	spark2	KV_READY	9.656	4.104
2026-09-27T14:01:36.959Z	spark1	KV_READY	5.014	6.526
2026-09-27T14:01:37.121Z	spark2	KV_READY	9.657	4.104
2026-09-27T14:01:37.210Z	spark1	KV_READY	4.935	6.526
2026-09-27T14:01:37.382Z	spark2	KV_READY	9.657	4.104
2026-09-27T14:01:37.460Z	spark1	KV_READY	4.905	6.526
2026-09-27T14:01:37.632Z	spark2	KV_READY	9.657	4.104
2026-09-27T14:01:37.722Z	spark1	KV_READY	6.116	6.526
2026-09-27T14:01:37.883Z	spark2	KV_READY	9.657	4.104
2026-09-27T14:01:37.973Z	spark1	KV_READY	7.675	6.526
2026-09-27T14:01:38.133Z	spark2	KV_READY	9.661	4.104
2026-09-27T14:01:38.223Z	spark1	KV_READY	7.661	6.525
2026-09-27T14:01:38.394Z	spark2	KV_READY	9.668	4.104
2026-09-27T14:01:38.473Z	spark1	KV_READY	7.659	6.525
2026-09-27T14:01:38.645Z	spark2	KV_READY	9.668	4.104
2026-09-27T14:01:38.741Z	spark1	KV_READY	7.651	6.525
2026-09-27T14:01:38.896Z	spark2	KV_READY	9.668	4.104
2026-09-27T14:01:38.992Z	spark1	KV_READY	7.646	6.525
2026-09-27T14:01:39.146Z	spark2	KV_READY	9.668	4.104
2026-09-27T14:01:39.243Z	spark1	KV_READY	7.643	6.525
2026-09-27T14:01:39.408Z	spark2	KV_READY	9.668	4.104
2026-09-27T14:01:39.493Z	spark1	KV_READY	7.441	6.525
2026-09-27T14:01:39.658Z	spark2	KV_READY	9.668	4.104
2026-09-27T14:01:39.755Z	spark1	KV_READY	7.764	6.525
2026-09-27T14:01:39.909Z	spark2	KV_READY	9.668	4.104
2026-09-27T14:01:40.005Z	spark1	KV_READY	7.272	6.525
2026-09-27T14:01:40.160Z	spark2	KV_READY	9.670	4.104
2026-09-27T14:01:40.255Z	spark1	KV_READY	7.126	6.525
2026-09-27T14:01:40.426Z	spark2	KV_READY	9.670	4.104
2026-09-27T14:01:40.506Z	spark1	KV_READY	7.037	6.525
2026-09-27T14:01:40.676Z	spark2	KV_READY	9.670	4.104
2026-09-27T14:01:40.773Z	spark1	KV_READY	7.021	6.525
2026-09-27T14:01:40.928Z	spark2	KV_READY	9.670	4.104
2026-09-27T14:01:41.023Z	spark1	KV_READY	6.728	6.525
2026-09-27T14:01:41.177Z	spark2	KV_READY	9.670	4.104
2026-09-27T14:01:41.273Z	spark1	KV_READY	6.042	6.525
2026-09-27T14:01:41.442Z	spark2	KV_READY	9.670	4.104
2026-09-27T14:01:41.524Z	spark1	KV_READY	5.963	6.526
2026-09-27T14:01:41.692Z	spark2	KV_READY	9.670	4.104
2026-09-27T14:01:41.785Z	spark1	KV_READY	5.735	6.526
2026-09-27T14:01:41.944Z	spark2	KV_READY	9.670	4.104
2026-09-27T14:01:42.035Z	spark1	KV_READY	5.080	6.526
2026-09-27T14:01:42.195Z	spark2	KV_READY	9.671	4.104
2026-09-27T14:01:42.286Z	spark1	KV_READY	4.984	6.527
2026-09-27T14:01:42.459Z	spark2	KV_READY	9.671	4.104
2026-09-27T14:01:42.537Z	spark1	KV_READY	6.742	6.527
2026-09-27T14:01:42.709Z	spark2	KV_READY	9.671	4.104
2026-09-27T14:01:42.799Z	spark1	KV_READY	6.967	6.527
2026-09-27T14:01:42.960Z	spark2	KV_READY	9.671	4.104
2026-09-27T14:01:43.050Z	spark1	KV_READY	6.959	6.527
2026-09-27T14:01:43.211Z	spark2	KV_READY	9.671	4.104
2026-09-27T14:01:43.301Z	spark1	KV_READY	6.938	6.527
2026-09-27T14:01:43.472Z	spark2	KV_READY	9.671	4.104
2026-09-27T14:01:43.551Z	spark1	KV_READY	6.937	6.527
2026-09-27T14:01:43.722Z	spark2	KV_READY	9.671	4.104
2026-09-27T14:01:43.814Z	spark1	KV_READY	6.914	6.527
2026-09-27T14:01:43.973Z	spark2	KV_READY	9.672	4.104
2026-09-27T14:01:44.064Z	spark1	KV_READY	6.893	6.527
2026-09-27T14:01:44.224Z	spark2	KV_READY	9.672	4.104
2026-09-27T14:01:44.315Z	spark1	KV_READY	6.879	6.527
2026-09-27T14:01:44.484Z	spark2	KV_READY	9.672	4.104
2026-09-27T14:01:44.566Z	spark1	KV_READY	6.869	6.527
2026-09-27T14:01:44.735Z	spark2	KV_READY	9.672	4.104
2026-09-27T14:01:44.829Z	spark1	KV_READY	6.860	6.527
2026-09-27T14:01:44.986Z	spark2	KV_READY	9.673	4.104
2026-09-27T14:01:45.079Z	spark1	KV_READY	6.851	6.526
2026-09-27T14:01:45.236Z	spark2	KV_READY	9.673	4.104
2026-09-27T14:01:45.329Z	spark1	KV_READY	6.834	6.526
2026-09-27T14:01:45.497Z	spark2	KV_READY	9.673	4.104
2026-09-27T14:01:45.580Z	spark1	KV_READY	6.826	6.526
2026-09-27T14:01:45.747Z	spark2	KV_READY	9.673	4.104
2026-09-27T14:01:45.846Z	spark1	KV_READY	6.811	6.526
2026-09-27T14:01:45.998Z	spark2	KV_READY	9.673	4.104
2026-09-27T14:01:46.096Z	spark1	KV_READY	6.738	6.526
2026-09-27T14:01:46.248Z	spark2	KV_READY	9.672	4.104
2026-09-27T14:01:46.347Z	spark1	KV_READY	6.727	6.526
2026-09-27T14:01:46.510Z	spark2	KV_READY	9.667	4.104
2026-09-27T14:01:46.598Z	spark1	KV_READY	6.723	6.526
2026-09-27T14:01:46.759Z	spark2	KV_READY	9.667	4.104
2026-09-27T14:01:46.864Z	spark1	KV_READY	6.706	6.526
2026-09-27T14:01:47.011Z	spark2	KV_READY	9.665	4.104
2026-09-27T14:01:47.114Z	spark1	KV_READY	6.701	6.526
2026-09-27T14:01:47.261Z	spark2	KV_READY	9.665	4.104
2026-09-27T14:01:47.365Z	spark1	KV_READY	6.686	6.526
2026-09-27T14:01:47.523Z	spark2	KV_READY	9.664	4.104
2026-09-27T14:01:47.615Z	spark1	KV_READY	6.674	6.526
2026-09-27T14:01:47.773Z	spark2	KV_READY	9.664	4.104
2026-09-27T14:01:47.878Z	spark1	KV_READY	6.667	6.526
2026-09-27T14:01:48.024Z	spark2	KV_READY	9.665	4.104
2026-09-27T14:01:48.128Z	spark1	KV_READY	6.654	6.526
2026-09-27T14:01:48.276Z	spark2	KV_READY	9.665	4.104
2026-09-27T14:01:48.379Z	spark1	KV_READY	6.665	6.526
2026-09-27T14:01:48.541Z	spark2	KV_READY	9.665	4.104
2026-09-27T14:01:48.630Z	spark1	KV_READY	6.646	6.526
2026-09-27T14:01:48.792Z	spark2	KV_READY	9.665	4.104
2026-09-27T14:01:48.893Z	spark1	KV_READY	6.641	6.526
2026-09-27T14:01:49.043Z	spark2	KV_READY	9.665	4.104
2026-09-27T14:01:49.144Z	spark1	KV_READY	6.628	6.526
2026-09-27T14:01:49.293Z	spark2	KV_READY	9.665	4.104
2026-09-27T14:01:49.394Z	spark1	KV_READY	6.617	6.526
2026-09-27T14:01:49.558Z	spark2	KV_READY	9.664	4.104
2026-09-27T14:01:49.646Z	spark1	KV_READY	6.608	6.526
2026-09-27T14:01:49.809Z	spark2	KV_READY	9.664	4.104
2026-09-27T14:01:49.909Z	spark1	KV_READY	6.591	6.526
2026-09-27T14:01:50.059Z	spark2	KV_READY	9.664	4.104
2026-09-27T14:01:50.159Z	spark1	KV_READY	6.580	6.526
2026-09-27T14:01:50.310Z	spark2	KV_READY	9.668	4.104
2026-09-27T14:01:50.410Z	spark1	KV_READY	6.576	6.526
2026-09-27T14:01:50.571Z	spark2	KV_READY	9.668	4.104
2026-09-27T14:01:50.660Z	spark1	KV_READY	6.559	6.526
2026-09-27T14:01:50.822Z	spark2	KV_READY	9.668	4.104
2026-09-27T14:01:50.922Z	spark1	KV_READY	6.553	6.526
2026-09-27T14:01:51.073Z	spark2	KV_READY	9.668	4.104
2026-09-27T14:01:51.172Z	spark1	KV_READY	6.542	6.526
2026-09-27T14:01:51.323Z	spark2	KV_READY	9.668	4.104
2026-09-27T14:01:51.423Z	spark1	KV_READY	6.529	6.526
2026-09-27T14:01:51.589Z	spark2	KV_READY	9.669	4.104
2026-09-27T14:01:51.673Z	spark1	KV_READY	6.529	6.526
2026-09-27T14:01:51.839Z	spark2	KV_READY	9.669	4.104
2026-09-27T14:01:51.935Z	spark1	KV_READY	6.521	6.526
2026-09-27T14:01:52.089Z	spark2	KV_READY	9.669	4.104
2026-09-27T14:01:52.185Z	spark1	KV_READY	6.510	6.526
2026-09-27T14:01:52.340Z	spark2	KV_READY	9.672	4.104
2026-09-27T14:01:52.436Z	spark1	KV_READY	6.484	6.526
2026-09-27T14:01:52.600Z	spark2	KV_READY	9.671	4.104
2026-09-27T14:01:52.686Z	spark1	KV_READY	6.469	6.526
2026-09-27T14:01:52.851Z	spark2	KV_READY	9.672	4.104
2026-09-27T14:01:52.948Z	spark1	KV_READY	6.472	6.526
2026-09-27T14:01:53.102Z	spark2	KV_READY	9.672	4.104
2026-09-27T14:01:53.198Z	spark1	KV_READY	6.469	6.526
2026-09-27T14:01:53.352Z	spark2	KV_READY	9.672	4.104
2026-09-27T14:01:53.449Z	spark1	KV_READY	6.453	6.526
2026-09-27T14:01:53.614Z	spark2	KV_READY	9.672	4.104
2026-09-27T14:01:53.700Z	spark1	KV_READY	6.442	6.526
2026-09-27T14:01:53.864Z	spark2	KV_READY	9.672	4.104
2026-09-27T14:01:53.963Z	spark1	KV_READY	6.438	6.526
2026-09-27T14:01:54.115Z	spark2	KV_READY	9.672	4.104
2026-09-27T14:01:54.213Z	spark1	KV_READY	6.438	6.526
2026-09-27T14:01:54.365Z	spark2	KV_READY	9.676	4.104
2026-09-27T14:01:54.464Z	spark1	KV_READY	6.431	6.526
2026-09-27T14:01:54.626Z	spark2	KV_READY	9.675	4.104
2026-09-27T14:01:54.714Z	spark1	KV_READY	6.431	6.526
2026-09-27T14:01:54.883Z	spark2	KV_READY	9.675	4.104
2026-09-27T14:01:54.977Z	spark1	SERVING	6.432	6.526
2026-09-27T14:01:55.129Z	spark2	SERVING	9.675	4.104
2026-09-27T14:01:56.492Z	spark1	SERVING	6.407	6.526
2026-09-27T14:01:56.743Z	spark1	SERVING	6.407	6.526
2026-09-27T14:01:57.756Z	spark1	SERVING	6.403	6.524
2026-09-27T14:01:58.524Z	spark1	SERVING	6.391	6.524
2026-09-27T14:01:58.775Z	spark1	SERVING	6.389	6.524
2026-09-27T14:01:59.037Z	spark1	SERVING	6.387	6.524
2026-09-27T14:02:00.201Z	spark2	SERVING	9.679	4.104
2026-09-27T14:02:04.115Z	spark1	SERVING	6.405	6.524
2026-09-27T14:02:05.278Z	spark2	SERVING	9.698	4.104
2026-09-27T14:02:09.187Z	spark1	SERVING	6.387	6.523
2026-09-27T14:02:10.350Z	spark2	SERVING	9.687	4.103
2026-09-27T14:02:14.264Z	spark1	SERVING	6.413	6.523
2026-09-27T14:02:15.427Z	spark2	SERVING	9.691	4.103
2026-09-27T14:02:17.703Z	spark2	SERVING	9.662	4.103
2026-09-27T14:02:17.807Z	spark1	SERVING	6.375	6.523
2026-09-27T14:02:17.971Z	spark2	SERVING	9.656	4.103
2026-09-27T14:02:18.058Z	spark1	SERVING	6.369	6.523
2026-09-27T14:02:18.333Z	spark1	SERVING	6.357	6.523
2026-09-27T14:02:18.471Z	spark2	SERVING	9.651	4.103
2026-09-27T14:02:18.583Z	spark1	SERVING	6.344	6.523
2026-09-27T14:02:18.722Z	spark2	SERVING	9.651	4.103
2026-09-27T14:02:18.833Z	spark1	SERVING	6.338	6.523
2026-09-27T14:02:18.988Z	spark2	SERVING	9.651	4.103
2026-09-27T14:02:19.740Z	spark2	SERVING	9.636	4.103
2026-09-27T14:02:21.137Z	spark1	SERVING	6.334	6.522
2026-09-27T14:02:24.861Z	spark2	SERVING	9.655	4.103
2026-09-27T14:02:26.259Z	spark1	SERVING	6.387	6.520
2026-09-27T14:02:29.936Z	spark2	SERVING	9.662	4.103
2026-09-27T14:02:31.333Z	spark1	SERVING	6.365	6.520
2026-09-27T14:02:35.040Z	spark2	SERVING	9.666	4.103
2026-09-27T14:02:36.462Z	spark1	SERVING	6.377	6.520
2026-09-27T14:02:40.149Z	spark2	SERVING	9.669	4.103
2026-09-27T14:02:41.559Z	spark1	SERVING	6.386	6.520
2026-09-27T14:02:45.218Z	spark2	SERVING	9.667	4.103
2026-09-27T14:02:46.642Z	spark1	SERVING	6.342	6.520
2026-09-27T14:02:48.169Z	spark1	SERVING	6.312	6.520
2026-09-27T14:02:48.420Z	spark1	SERVING	6.247	6.520
2026-09-27T14:02:48.526Z	spark2	SERVING	9.520	4.103
2026-09-27T14:02:48.671Z	spark1	SERVING	6.079	6.520
2026-09-27T14:02:48.776Z	spark2	SERVING	9.351	4.103
2026-09-27T14:02:48.937Z	spark1	SERVING	5.976	6.520
2026-09-27T14:02:49.027Z	spark2	SERVING	9.312	4.103
2026-09-27T14:02:53.341Z	spark2	SERVING	9.187	4.103
2026-09-27T14:02:53.500Z	spark1	SERVING	5.962	6.520
2026-09-27T14:02:53.606Z	spark2	SERVING	9.171	4.103
2026-09-27T14:02:53.751Z	spark1	SERVING	5.808	6.520
2026-09-27T14:02:53.856Z	spark2	SERVING	9.134	4.103
2026-09-27T14:02:54.263Z	spark1	SERVING	5.781	6.520
2026-09-27T14:02:54.513Z	spark1	SERVING	5.778	6.520
2026-09-27T14:02:54.764Z	spark1	SERVING	5.778	6.520
2026-09-27T14:02:55.368Z	spark2	SERVING	9.107	4.103
2026-09-27T14:02:55.633Z	spark2	SERVING	8.922	4.103
2026-09-27T14:02:55.794Z	spark1	SERVING	5.665	6.520
2026-09-27T14:02:55.884Z	spark2	SERVING	8.884	4.103
2026-09-27T14:03:00.202Z	spark2	SERVING	8.859	4.103
2026-09-27T14:03:00.453Z	spark2	SERVING	8.811	4.103
2026-09-27T14:03:00.873Z	spark1	SERVING	5.682	6.520
2026-09-27T14:03:00.968Z	spark2	SERVING	8.793	4.103
2026-09-27T14:03:01.390Z	spark1	SERVING	5.657	6.520
2026-09-27T14:03:01.470Z	spark2	SERVING	8.790	4.103
2026-09-27T14:03:01.641Z	spark1	SERVING	5.650	6.519
2026-09-27T14:03:01.744Z	spark2	SERVING	8.781	4.103
2026-09-27T14:03:06.792Z	spark1	SERVING	6.758	6.519
2026-09-27T14:03:06.866Z	spark2	SERVING	8.977	4.102
2026-09-27T14:03:07.878Z	spark2	SERVING	8.748	4.102
2026-09-27T14:03:11.884Z	spark1	SERVING	6.668	6.519
2026-09-27T14:03:12.939Z	spark2	SERVING	8.824	4.102
2026-09-27T14:03:16.983Z	spark1	SERVING	6.615	6.518
2026-09-27T14:03:18.026Z	spark2	SERVING	9.014	4.102
2026-09-27T14:03:22.062Z	spark1	SERVING	6.810	6.518
2026-09-27T14:03:23.110Z	spark2	SERVING	9.167	4.102
2026-09-27T14:03:27.137Z	spark1	SERVING	6.977	6.517
2026-09-27T14:03:28.181Z	spark2	SERVING	9.314	4.102
2026-09-27T14:03:32.211Z	spark1	SERVING	7.097	6.517
2026-09-27T14:03:33.251Z	spark2	SERVING	9.426	4.102
2026-09-27T14:03:37.308Z	spark1	SERVING	7.111	6.517
2026-09-27T14:03:38.352Z	spark2	SERVING	9.477	4.102
2026-09-27T14:03:42.433Z	spark1	SERVING	7.108	6.515
2026-09-27T14:03:43.470Z	spark2	SERVING	9.511	4.102
2026-09-27T14:03:47.563Z	spark1	SERVING	7.157	6.515
2026-09-27T14:03:48.589Z	spark2	SERVING	9.536	4.101
2026-09-27T14:03:52.700Z	spark1	SERVING	7.148	6.515
2026-09-27T14:03:53.707Z	spark2	SERVING	9.547	4.101
2026-09-27T14:03:57.842Z	spark1	SERVING	7.181	6.515
2026-09-27T14:03:58.823Z	spark2	SERVING	9.563	4.101
2026-09-27T14:04:02.972Z	spark1	SERVING	7.171	6.515
2026-09-27T14:04:03.940Z	spark2	SERVING	9.574	4.101
2026-09-27T14:04:08.105Z	spark1	SERVING	7.156	6.515
2026-09-27T14:04:09.061Z	spark2	SERVING	9.518	4.101
2026-09-27T14:04:13.238Z	spark1	SERVING	7.168	6.514
2026-09-27T14:04:14.184Z	spark2	SERVING	9.447	4.101
2026-09-27T14:04:18.366Z	spark1	SERVING	7.148	6.514
2026-09-27T14:04:19.307Z	spark2	SERVING	9.431	4.101
2026-09-27T14:04:23.498Z	spark1	SERVING	7.126	6.511
2026-09-27T14:04:24.435Z	spark2	SERVING	9.478	4.101
2026-09-27T14:04:28.630Z	spark1	SERVING	7.149	6.511
2026-09-27T14:04:29.555Z	spark2	SERVING	9.475	4.101
2026-09-27T14:04:33.765Z	spark1	SERVING	7.098	6.511
2026-09-27T14:04:34.677Z	spark2	SERVING	9.471	4.101
2026-09-27T14:04:38.902Z	spark1	SERVING	7.137	6.510
2026-09-27T14:04:39.788Z	spark2	SERVING	9.519	4.101
2026-09-27T14:04:44.036Z	spark1	SERVING	7.150	6.510
2026-09-27T14:04:44.907Z	spark2	SERVING	9.478	4.101
2026-09-27T14:04:49.155Z	spark1	SERVING	7.158	6.510
2026-09-27T14:04:50.024Z	spark2	SERVING	9.483	4.101
2026-09-27T14:04:54.259Z	spark1	SERVING	7.160	6.508
2026-09-27T14:04:55.140Z	spark2	SERVING	9.495	4.101
2026-09-27T14:04:59.382Z	spark1	SERVING	7.137	6.508
2026-09-27T14:05:00.260Z	spark2	SERVING	9.480	4.101
2026-09-27T14:05:04.511Z	spark1	SERVING	7.159	6.508
2026-09-27T14:05:05.372Z	spark2	SERVING	9.492	4.101
2026-09-27T14:05:09.644Z	spark1	SERVING	7.131	6.508
2026-09-27T14:05:10.485Z	spark2	SERVING	9.518	4.101
2026-09-27T14:05:14.774Z	spark1	SERVING	7.144	6.508
2026-09-27T14:05:15.592Z	spark2	SERVING	9.499	4.101
2026-09-27T14:05:19.907Z	spark1	SERVING	7.150	6.508
2026-09-27T14:05:20.709Z	spark2	SERVING	9.532	4.101
2026-09-27T14:05:25.039Z	spark1	SERVING	7.170	6.507
2026-09-27T14:05:25.824Z	spark2	SERVING	9.548	4.101
2026-09-27T14:05:30.181Z	spark1	SERVING	7.126	6.507
2026-09-27T14:05:30.940Z	spark2	SERVING	9.552	4.101
2026-09-27T14:05:35.311Z	spark1	SERVING	7.134	6.507
2026-09-27T14:05:36.053Z	spark2	SERVING	9.555	4.101
2026-09-27T14:05:40.446Z	spark1	SERVING	7.157	6.507
2026-09-27T14:05:41.170Z	spark2	SERVING	9.533	4.101
2026-09-27T14:05:45.578Z	spark1	SERVING	7.167	6.507
2026-09-27T14:05:46.292Z	spark2	SERVING	9.560	4.101
2026-09-27T14:05:50.713Z	spark1	SERVING	8.160	6.507
2026-09-27T14:05:51.406Z	spark2	SERVING	10.804	4.101
2026-09-27T14:05:55.844Z	spark1	SERVING	8.135	6.507
2026-09-27T14:05:56.523Z	spark2	SERVING	10.787	4.101
2026-09-27T14:06:00.960Z	spark1	SERVING	8.150	6.507
2026-09-27T14:06:01.639Z	spark2	SERVING	10.795	4.101
2026-09-27T14:06:06.085Z	spark1	SERVING	8.143	6.506
2026-09-27T14:06:06.763Z	spark2	SERVING	10.769	4.101
2026-09-27T14:06:11.217Z	spark1	SERVING	8.159	6.506
2026-09-27T14:06:11.890Z	spark2	SERVING	10.788	4.101
2026-09-27T14:06:16.352Z	spark1	SERVING	8.139	6.506
2026-09-27T14:06:17.011Z	spark2	SERVING	10.793	4.101
2026-09-27T14:06:21.495Z	spark1	SERVING	8.145	6.506
2026-09-27T14:06:22.134Z	spark2	SERVING	10.801	4.101
2026-09-27T14:06:26.631Z	spark1	SERVING	8.132	6.506
2026-09-27T14:06:27.250Z	spark2	SERVING	10.778	4.101
2026-09-27T14:06:31.767Z	spark1	SERVING	8.167	6.506
2026-09-27T14:06:32.377Z	spark2	SERVING	10.787	4.101
2026-09-27T14:06:36.900Z	spark1	SERVING	8.168	6.506
2026-09-27T14:06:37.501Z	spark2	SERVING	10.786	4.101
2026-09-27T14:06:42.028Z	spark1	SERVING	8.137	6.506
2026-09-27T14:06:42.626Z	spark2	SERVING	10.791	4.101
2026-09-27T14:06:47.166Z	spark1	SERVING	8.148	6.506
2026-09-27T14:06:47.749Z	spark2	SERVING	10.795	4.101
2026-09-27T14:06:52.298Z	spark1	SERVING	8.133	6.506
2026-09-27T14:06:52.869Z	spark2	SERVING	10.798	4.101
2026-09-27T14:06:57.424Z	spark1	SERVING	8.172	6.506
2026-09-27T14:06:57.986Z	spark2	SERVING	10.799	4.101
2026-09-27T14:07:02.544Z	spark1	SERVING	8.154	6.506
2026-09-27T14:07:03.107Z	spark2	SERVING	10.803	4.101
2026-09-27T14:07:07.681Z	spark1	SERVING	8.174	6.505
2026-09-27T14:07:08.223Z	spark2	SERVING	10.804	4.101
2026-09-27T14:07:12.818Z	spark1	SERVING	8.151	6.505
2026-09-27T14:07:13.351Z	spark2	SERVING	10.776	4.101
2026-09-27T14:07:17.938Z	spark1	SERVING	8.181	6.505
2026-09-27T14:07:18.471Z	spark2	SERVING	10.780	4.101
2026-09-27T14:07:23.070Z	spark1	SERVING	8.152	6.505
2026-09-27T14:07:23.591Z	spark2	SERVING	10.766	4.101
2026-09-27T14:07:28.207Z	spark1	SERVING	8.177	6.505
2026-09-27T14:07:28.698Z	spark2	SERVING	10.770	4.101
2026-09-27T14:07:33.341Z	spark1	SERVING	8.173	6.505
2026-09-27T14:07:33.818Z	spark2	SERVING	10.777	4.101
2026-09-27T14:07:38.475Z	spark1	SERVING	8.186	6.505
2026-09-27T14:07:38.948Z	spark2	SERVING	10.789	4.101
2026-09-27T14:07:43.589Z	spark1	SERVING	8.193	6.505
2026-09-27T14:07:44.065Z	spark2	SERVING	10.791	4.101
2026-09-27T14:07:48.718Z	spark1	SERVING	8.165	6.505
2026-09-27T14:07:49.186Z	spark2	SERVING	10.788	4.100
2026-09-27T14:07:53.848Z	spark1	SERVING	8.181	6.505
2026-09-27T14:07:54.300Z	spark2	SERVING	10.788	4.100
2026-09-27T14:07:58.976Z	spark1	SERVING	8.190	6.505
2026-09-27T14:07:59.422Z	spark2	SERVING	10.789	4.100
2026-09-27T14:08:04.106Z	spark1	SERVING	8.168	6.505
2026-09-27T14:08:04.536Z	spark2	SERVING	10.790	4.100
2026-09-27T14:08:09.231Z	spark1	SERVING	8.156	6.505
2026-09-27T14:08:09.650Z	spark2	SERVING	10.784	4.100
2026-09-27T14:08:14.357Z	spark1	SERVING	8.178	6.505
2026-09-27T14:08:14.773Z	spark2	SERVING	10.785	4.100
2026-09-27T14:08:19.472Z	spark1	SERVING	8.150	6.505
2026-09-27T14:08:19.886Z	spark2	SERVING	10.782	4.100
2026-09-27T14:08:24.597Z	spark1	SERVING	8.151	6.504
2026-09-27T14:08:25.008Z	spark2	SERVING	10.784	4.100
2026-09-27T14:08:29.724Z	spark1	SERVING	8.133	6.504
2026-09-27T14:08:30.131Z	spark2	SERVING	10.785	4.100
2026-09-27T14:08:34.858Z	spark1	SERVING	8.171	6.504
2026-09-27T14:08:35.248Z	spark2	SERVING	10.795	4.100
2026-09-27T14:08:39.988Z	spark1	SERVING	8.164	6.504
2026-09-27T14:08:40.359Z	spark2	SERVING	10.796	4.100
2026-09-27T14:08:45.115Z	spark1	SERVING	8.794	6.504
2026-09-27T14:08:45.483Z	spark2	SERVING	11.451	4.100
2026-09-27T14:08:50.250Z	spark1	SERVING	8.824	6.504
2026-09-27T14:08:50.600Z	spark2	SERVING	11.454	4.100
2026-09-27T14:08:55.383Z	spark1	SERVING	8.813	6.504
2026-09-27T14:08:55.713Z	spark2	SERVING	11.452	4.100
2026-09-27T14:09:00.502Z	spark1	SERVING	8.829	6.504
2026-09-27T14:09:00.830Z	spark2	SERVING	11.452	4.100
2026-09-27T14:09:05.626Z	spark1	SERVING	8.798	6.504
2026-09-27T14:09:05.946Z	spark2	SERVING	11.453	4.100
2026-09-27T14:09:10.755Z	spark1	SERVING	8.815	6.504
2026-09-27T14:09:11.062Z	spark2	SERVING	11.452	4.100
2026-09-27T14:09:15.884Z	spark1	SERVING	8.797	6.504
2026-09-27T14:09:16.173Z	spark2	SERVING	11.456	4.100
2026-09-27T14:09:21.011Z	spark1	SERVING	8.794	6.504
2026-09-27T14:09:21.299Z	spark2	SERVING	11.458	4.100
2026-09-27T14:09:26.134Z	spark1	SERVING	8.791	6.503
2026-09-27T14:09:26.421Z	spark2	SERVING	11.445	4.100
2026-09-27T14:09:31.270Z	spark1	SERVING	8.805	6.503
2026-09-27T14:09:31.552Z	spark2	SERVING	11.439	4.100
2026-09-27T14:09:36.402Z	spark1	SERVING	8.814	6.503
2026-09-27T14:09:36.670Z	spark2	SERVING	11.445	4.100
2026-09-27T14:09:41.524Z	spark1	SERVING	8.754	6.503
2026-09-27T14:09:41.788Z	spark2	SERVING	11.379	4.100
2026-09-27T14:09:46.643Z	spark1	SERVING	8.759	6.503
2026-09-27T14:09:46.905Z	spark2	SERVING	11.409	4.100
2026-09-27T14:09:51.765Z	spark1	SERVING	8.776	6.503
2026-09-27T14:09:52.032Z	spark2	SERVING	11.423	4.099
2026-09-27T14:09:56.897Z	spark1	SERVING	8.769	6.502
2026-09-27T14:09:57.152Z	spark2	SERVING	11.432	4.099
2026-09-27T14:10:02.026Z	spark1	SERVING	8.776	6.502
2026-09-27T14:10:02.271Z	spark2	SERVING	11.439	4.099
2026-09-27T14:10:07.161Z	spark1	SERVING	8.809	6.502
2026-09-27T14:10:07.393Z	spark2	SERVING	11.442	4.099
2026-09-27T14:10:12.288Z	spark1	SERVING	8.808	6.502
2026-09-27T14:10:12.517Z	spark2	SERVING	11.425	4.099
2026-09-27T14:10:17.416Z	spark1	SERVING	8.822	6.502
2026-09-27T14:10:17.638Z	spark2	SERVING	11.431	4.099
2026-09-27T14:10:22.553Z	spark1	SERVING	8.792	6.501
2026-09-27T14:10:22.758Z	spark2	SERVING	11.424	4.099
2026-09-27T14:10:27.690Z	spark1	SERVING	8.807	6.501
2026-09-27T14:10:27.883Z	spark2	SERVING	11.437	4.099
2026-09-27T14:10:32.819Z	spark1	SERVING	8.836	6.501
2026-09-27T14:10:33.006Z	spark2	SERVING	11.438	4.099
2026-09-27T14:10:37.954Z	spark1	SERVING	8.814	6.501
2026-09-27T14:10:38.130Z	spark2	SERVING	11.432	4.099
2026-09-27T14:10:43.082Z	spark1	SERVING	8.845	6.501
2026-09-27T14:10:43.250Z	spark2	SERVING	11.441	4.099
2026-09-27T14:10:48.217Z	spark1	SERVING	8.820	6.501
2026-09-27T14:10:48.362Z	spark2	SERVING	11.449	4.099
2026-09-27T14:10:53.357Z	spark1	SERVING	8.821	6.501
2026-09-27T14:10:53.473Z	spark2	SERVING	11.449	4.099
2026-09-27T14:10:58.489Z	spark1	SERVING	8.794	6.501
2026-09-27T14:10:58.587Z	spark2	SERVING	11.449	4.099
2026-09-27T14:11:03.622Z	spark1	SERVING	8.813	6.501
2026-09-27T14:11:03.695Z	spark2	SERVING	11.449	4.099
2026-09-27T14:11:08.749Z	spark1	SERVING	8.790	6.500
2026-09-27T14:11:08.814Z	spark2	SERVING	11.456	4.099
2026-09-27T14:11:13.884Z	spark1	SERVING	8.800	6.500
2026-09-27T14:11:13.933Z	spark2	SERVING	11.455	4.099
2026-09-27T14:11:19.013Z	spark1	SERVING	8.794	6.500
2026-09-27T14:11:19.038Z	spark2	SERVING	11.449	4.099
2026-09-27T14:11:24.153Z	spark1	SERVING	8.805	6.500
2026-09-27T14:11:24.155Z	spark2	SERVING	11.461	4.099
2026-09-27T14:11:29.278Z	spark2	SERVING	11.462	4.099
2026-09-27T14:11:29.290Z	spark1	SERVING	8.817	6.500
2026-09-27T14:11:34.397Z	spark2	SERVING	11.467	4.099
2026-09-27T14:11:34.433Z	spark1	SERVING	8.778	6.500
2026-09-27T14:11:39.515Z	spark2	SERVING	11.467	4.099
2026-09-27T14:11:39.565Z	spark1	SERVING	8.792	6.500
2026-09-27T14:11:44.629Z	spark2	SERVING	11.440	4.099
2026-09-27T14:11:44.688Z	spark1	SERVING	8.806	6.500
2026-09-27T14:11:49.748Z	spark2	SERVING	11.446	4.099
2026-09-27T14:11:49.822Z	spark1	SERVING	8.810	6.500
2026-09-27T14:11:54.871Z	spark2	SERVING	11.444	4.099
2026-09-27T14:11:54.953Z	spark1	SERVING	8.800	6.500
2026-09-27T14:11:59.992Z	spark2	SERVING	11.448	4.099
2026-09-27T14:12:00.083Z	spark1	SERVING	8.827	6.500
2026-09-27T14:12:05.114Z	spark2	SERVING	11.445	4.099
2026-09-27T14:12:05.213Z	spark1	SERVING	8.806	6.500
2026-09-27T14:12:10.238Z	spark2	SERVING	11.446	4.099
2026-09-27T14:12:10.351Z	spark1	SERVING	8.795	6.500
2026-09-27T14:12:15.361Z	spark2	SERVING	11.452	4.099
2026-09-27T14:12:15.487Z	spark1	SERVING	8.803	6.500
2026-09-27T14:12:20.487Z	spark2	SERVING	11.461	4.099
2026-09-27T14:12:20.616Z	spark1	SERVING	8.815	6.500
2026-09-27T14:12:25.614Z	spark2	SERVING	11.460	4.099
2026-09-27T14:12:25.753Z	spark1	SERVING	8.813	6.500
2026-09-27T14:12:30.742Z	spark2	SERVING	11.451	4.099
2026-09-27T14:12:30.892Z	spark1	SERVING	8.811	6.500
2026-09-27T14:12:35.870Z	spark2	SERVING	11.457	4.098
2026-09-27T14:12:36.018Z	spark1	SERVING	8.830	6.500
2026-09-27T14:12:40.988Z	spark2	SERVING	11.458	4.098
2026-09-27T14:12:41.140Z	spark1	SERVING	8.822	6.500
2026-09-27T14:12:46.105Z	spark2	SERVING	11.457	4.098
2026-09-27T14:12:46.269Z	spark1	SERVING	8.812	6.500
2026-09-27T14:12:51.223Z	spark2	SERVING	11.439	4.098
2026-09-27T14:12:51.397Z	spark1	SERVING	8.809	6.500
2026-09-27T14:12:56.342Z	spark2	SERVING	11.445	4.098
2026-09-27T14:12:56.533Z	spark1	SERVING	8.823	6.500
2026-09-27T14:13:01.453Z	spark2	SERVING	11.453	4.098
2026-09-27T14:13:01.667Z	spark1	SERVING	8.764	6.500
2026-09-27T14:13:06.569Z	spark2	SERVING	11.453	4.098
2026-09-27T14:13:06.803Z	spark1	SERVING	8.802	6.500
2026-09-27T14:13:11.681Z	spark2	SERVING	11.454	4.098
2026-09-27T14:13:11.949Z	spark1	SERVING	8.782	6.500
2026-09-27T14:13:16.801Z	spark2	SERVING	11.438	4.098
2026-09-27T14:13:17.072Z	spark1	SERVING	8.802	6.500
2026-09-27T14:13:21.919Z	spark2	SERVING	11.440	4.098
2026-09-27T14:13:22.202Z	spark1	SERVING	8.782	6.500
2026-09-27T14:13:27.038Z	spark2	SERVING	11.448	4.098
2026-09-27T14:13:27.336Z	spark1	SERVING	8.784	6.500
2026-09-27T14:13:32.154Z	spark2	SERVING	11.450	4.098
2026-09-27T14:13:32.476Z	spark1	SERVING	8.794	6.500
2026-09-27T14:13:37.270Z	spark2	SERVING	11.443	4.098
2026-09-27T14:13:37.611Z	spark1	SERVING	8.787	6.500
2026-09-27T14:13:42.381Z	spark2	SERVING	11.447	4.098
2026-09-27T14:13:42.736Z	spark1	SERVING	8.800	6.499
2026-09-27T14:13:47.506Z	spark2	SERVING	11.454	4.098
2026-09-27T14:13:47.860Z	spark1	SERVING	8.767	6.499
2026-09-27T14:13:52.620Z	spark2	SERVING	11.454	4.098
2026-09-27T14:13:52.992Z	spark1	SERVING	8.795	6.499
2026-09-27T14:13:57.743Z	spark2	SERVING	11.451	4.098
2026-09-27T14:13:58.125Z	spark1	SERVING	8.765	6.499
2026-09-27T14:14:02.854Z	spark2	SERVING	11.451	4.098
2026-09-27T14:14:03.260Z	spark1	SERVING	8.785	6.499
2026-09-27T14:14:07.968Z	spark2	SERVING	11.452	4.098
2026-09-27T14:14:08.389Z	spark1	SERVING	8.766	6.499
2026-09-27T14:14:13.086Z	spark2	SERVING	11.447	4.098
2026-09-27T14:14:13.517Z	spark1	SERVING	8.778	6.499
2026-09-27T14:14:18.199Z	spark2	SERVING	11.448	4.098
2026-09-27T14:14:18.656Z	spark1	SERVING	8.776	6.499
2026-09-27T14:14:23.314Z	spark2	SERVING	11.452	4.098
2026-09-27T14:14:23.794Z	spark1	SERVING	8.792	6.499
2026-09-27T14:14:28.429Z	spark2	SERVING	11.454	4.098
2026-09-27T14:14:28.921Z	spark1	SERVING	8.789	6.499
2026-09-27T14:14:33.547Z	spark2	SERVING	11.470	4.098
2026-09-27T14:14:34.049Z	spark1	SERVING	8.777	6.499
2026-09-27T14:14:38.670Z	spark2	SERVING	11.469	4.098
2026-09-27T14:14:39.184Z	spark1	SERVING	8.794	6.499
2026-09-27T14:14:43.795Z	spark2	SERVING	11.462	4.098
2026-09-27T14:14:44.325Z	spark1	SERVING	8.781	6.499
2026-09-27T14:14:48.909Z	spark2	SERVING	11.462	4.098
2026-09-27T14:14:49.455Z	spark1	SERVING	8.802	6.499
2026-09-27T14:14:54.032Z	spark2	SERVING	11.434	4.098
2026-09-27T14:14:54.583Z	spark1	SERVING	8.782	6.499
2026-09-27T14:14:59.153Z	spark2	SERVING	11.444	4.098
2026-09-27T14:14:59.713Z	spark1	SERVING	8.800	6.499
2026-09-27T14:15:04.264Z	spark2	SERVING	11.446	4.098
2026-09-27T14:15:04.843Z	spark1	SERVING	8.785	6.499
2026-09-27T14:15:09.393Z	spark2	SERVING	11.439	4.098
2026-09-27T14:15:09.982Z	spark1	SERVING	8.796	6.499
2026-09-27T14:15:14.490Z	spark2	SERVING	11.073	4.098
2026-09-27T14:15:15.087Z	spark1	SERVING	8.469	6.499
2026-09-27T14:15:19.555Z	spark2	SERVING	10.539	4.097
2026-09-27T14:15:20.178Z	spark1	SERVING	7.804	6.499
2026-09-27T14:15:24.657Z	spark2	SERVING	10.544	4.097
2026-09-27T14:15:25.295Z	spark1	SERVING	7.981	6.497
2026-09-27T14:15:29.772Z	spark2	SERVING	10.636	4.097
2026-09-27T14:15:30.411Z	spark1	SERVING	8.123	6.497
2026-09-27T14:15:34.878Z	spark2	SERVING	10.740	4.097
2026-09-27T14:15:35.531Z	spark1	SERVING	8.223	6.497
2026-09-27T14:15:39.994Z	spark2	SERVING	10.818	4.097
2026-09-27T14:15:40.650Z	spark1	SERVING	8.299	6.497
2026-09-27T14:15:45.110Z	spark2	SERVING	10.874	4.097
2026-09-27T14:15:45.755Z	spark1	SERVING	8.416	6.497
2026-09-27T14:15:50.221Z	spark2	SERVING	10.865	4.097
2026-09-27T14:15:50.868Z	spark1	SERVING	8.327	6.496
2026-09-27T14:15:55.347Z	spark2	SERVING	10.922	4.097
2026-09-27T14:15:55.996Z	spark1	SERVING	8.350	6.496
2026-09-27T14:16:00.456Z	spark2	SERVING	10.961	4.097
2026-09-27T14:16:01.118Z	spark1	SERVING	8.258	6.496
2026-09-27T14:16:05.577Z	spark2	SERVING	11.008	4.097
2026-09-27T14:16:06.242Z	spark1	SERVING	8.295	6.496
2026-09-27T14:16:10.680Z	spark2	SERVING	11.027	4.097
2026-09-27T14:16:11.366Z	spark1	SERVING	8.319	6.496
2026-09-27T14:16:15.787Z	spark2	SERVING	11.025	4.097
2026-09-27T14:16:16.467Z	spark1	SERVING	8.306	6.496
2026-09-27T14:16:20.895Z	spark2	SERVING	11.037	4.097
2026-09-27T14:16:21.565Z	spark1	SERVING	8.331	6.496
2026-09-27T14:16:26.010Z	spark2	SERVING	11.060	4.097
2026-09-27T14:16:26.668Z	spark1	SERVING	8.307	6.496
2026-09-27T14:16:31.104Z	spark2	SERVING	11.059	4.097
2026-09-27T14:16:31.773Z	spark1	SERVING	8.331	6.496
2026-09-27T14:16:36.198Z	spark2	SERVING	11.049	4.097
2026-09-27T14:16:36.868Z	spark1	SERVING	8.346	6.496
2026-09-27T14:16:41.296Z	spark2	SERVING	11.051	4.097
2026-09-27T14:16:41.973Z	spark1	SERVING	8.353	6.496
2026-09-27T14:16:46.401Z	spark2	SERVING	11.054	4.097
2026-09-27T14:16:47.082Z	spark1	SERVING	8.334	6.496
2026-09-27T14:16:51.510Z	spark2	SERVING	11.053	4.097
2026-09-27T14:16:52.171Z	spark1	SERVING	8.330	6.496
2026-09-27T14:16:56.607Z	spark2	SERVING	11.067	4.097
2026-09-27T14:16:57.259Z	spark1	SERVING	8.217	6.495
2026-09-27T14:17:01.721Z	spark2	SERVING	11.065	4.097
2026-09-27T14:17:02.367Z	spark1	SERVING	8.319	6.495
2026-09-27T14:17:06.828Z	spark2	SERVING	11.065	4.097
2026-09-27T14:17:07.477Z	spark1	SERVING	8.308	6.495
2026-09-27T14:17:11.938Z	spark2	SERVING	11.054	4.097
2026-09-27T14:17:12.586Z	spark1	SERVING	8.305	6.495
2026-09-27T14:17:17.042Z	spark2	SERVING	11.037	4.097
2026-09-27T14:17:17.688Z	spark1	SERVING	8.295	6.495
2026-09-27T14:17:22.142Z	spark2	SERVING	11.058	4.097
2026-09-27T14:17:22.791Z	spark1	SERVING	8.297	6.495
2026-09-27T14:17:27.250Z	spark2	SERVING	11.056	4.097
2026-09-27T14:17:27.902Z	spark1	SERVING	8.288	6.495
2026-09-27T14:17:32.355Z	spark2	SERVING	11.018	4.097
2026-09-27T14:17:33.004Z	spark1	SERVING	8.300	6.495
2026-09-27T14:17:37.473Z	spark2	SERVING	11.001	4.097
2026-09-27T14:17:38.129Z	spark1	SERVING	8.292	6.495
2026-09-27T14:17:42.590Z	spark2	SERVING	10.989	4.097
2026-09-27T14:17:43.249Z	spark1	SERVING	8.260	6.494
2026-09-27T14:17:47.709Z	spark2	SERVING	10.989	4.097
2026-09-27T14:17:48.367Z	spark1	SERVING	8.336	6.494
2026-09-27T14:17:52.827Z	spark2	SERVING	10.986	4.097
2026-09-27T14:17:53.487Z	spark1	SERVING	8.306	6.494
2026-09-27T14:17:57.953Z	spark2	SERVING	10.993	4.097
2026-09-27T14:17:58.613Z	spark1	SERVING	8.311	6.494
2026-09-27T14:18:03.077Z	spark2	SERVING	10.995	4.097
2026-09-27T14:18:03.733Z	spark1	SERVING	8.319	6.494
2026-09-27T14:18:08.191Z	spark2	SERVING	11.009	4.097
2026-09-27T14:18:08.866Z	spark1	SERVING	8.326	6.494
2026-09-27T14:18:13.311Z	spark2	SERVING	11.009	4.097
2026-09-27T14:18:13.988Z	spark1	SERVING	8.331	6.494
2026-09-27T14:18:18.441Z	spark2	SERVING	10.999	4.097
2026-09-27T14:18:19.110Z	spark1	SERVING	8.343	6.494
2026-09-27T14:18:23.562Z	spark2	SERVING	11.003	4.097
2026-09-27T14:18:24.231Z	spark1	SERVING	8.334	6.494
2026-09-27T14:18:28.687Z	spark2	SERVING	10.956	4.097
2026-09-27T14:18:29.345Z	spark1	SERVING	8.280	6.494
2026-09-27T14:18:33.813Z	spark2	SERVING	10.966	4.097
2026-09-27T14:18:34.476Z	spark1	SERVING	8.303	6.494
2026-09-27T14:18:38.934Z	spark2	SERVING	10.995	4.097
2026-09-27T14:18:39.610Z	spark1	SERVING	8.334	6.494
2026-09-27T14:18:44.059Z	spark2	SERVING	10.996	4.097
2026-09-27T14:18:44.745Z	spark1	SERVING	8.343	6.494
2026-09-27T14:18:49.176Z	spark2	SERVING	10.999	4.097
2026-09-27T14:18:49.879Z	spark1	SERVING	8.321	6.494
2026-09-27T14:18:54.294Z	spark2	SERVING	11.001	4.097
2026-09-27T14:18:55.011Z	spark1	SERVING	8.321	6.494
2026-09-27T14:18:59.412Z	spark2	SERVING	10.989	4.097
2026-09-27T14:19:00.138Z	spark1	SERVING	8.297	6.494
2026-09-27T14:19:04.537Z	spark2	SERVING	10.995	4.097
2026-09-27T14:19:05.260Z	spark1	SERVING	8.322	6.494
2026-09-27T14:19:09.658Z	spark2	SERVING	10.997	4.097
2026-09-27T14:19:10.378Z	spark1	SERVING	8.298	6.494
2026-09-27T14:19:14.779Z	spark2	SERVING	11.008	4.097
2026-09-27T14:19:15.504Z	spark1	SERVING	8.297	6.494
2026-09-27T14:19:19.901Z	spark2	SERVING	11.014	4.097
2026-09-27T14:19:20.632Z	spark1	SERVING	8.320	6.494
2026-09-27T14:19:25.027Z	spark2	SERVING	11.003	4.097
2026-09-27T14:19:25.761Z	spark1	SERVING	8.295	6.493
2026-09-27T14:19:30.149Z	spark2	SERVING	11.005	4.097
2026-09-27T14:19:30.890Z	spark1	SERVING	8.310	6.493
2026-09-27T14:19:35.271Z	spark2	SERVING	10.957	4.097
2026-09-27T14:19:36.022Z	spark1	SERVING	8.303	6.493
2026-09-27T14:19:40.389Z	spark2	SERVING	10.973	4.097
2026-09-27T14:19:41.152Z	spark1	SERVING	8.286	6.493
2026-09-27T14:19:45.501Z	spark2	SERVING	10.984	4.097
2026-09-27T14:19:46.278Z	spark1	SERVING	8.302	6.493
2026-09-27T14:19:50.611Z	spark2	SERVING	10.987	4.097
2026-09-27T14:19:51.407Z	spark1	SERVING	8.306	6.493
2026-09-27T14:19:55.735Z	spark2	SERVING	10.982	4.097
2026-09-27T14:19:56.535Z	spark1	SERVING	8.316	6.493
2026-09-27T14:20:00.847Z	spark2	SERVING	10.996	4.097
2026-09-27T14:20:01.675Z	spark1	SERVING	8.322	6.493
2026-09-27T14:20:05.967Z	spark2	SERVING	10.996	4.097
2026-09-27T14:20:06.799Z	spark1	SERVING	8.235	6.493
2026-09-27T14:20:11.089Z	spark2	SERVING	10.992	4.097
2026-09-27T14:20:11.935Z	spark1	SERVING	8.239	6.493
2026-09-27T14:20:16.211Z	spark2	SERVING	10.993	4.097
2026-09-27T14:20:17.064Z	spark1	SERVING	8.237	6.493
2026-09-27T14:20:21.323Z	spark2	SERVING	10.990	4.097
2026-09-27T14:20:22.188Z	spark1	SERVING	8.233	6.493
2026-09-27T14:20:26.436Z	spark2	SERVING	10.993	4.097
2026-09-27T14:20:27.312Z	spark1	SERVING	8.241	6.493
2026-09-27T14:20:31.556Z	spark2	SERVING	10.996	4.097
2026-09-27T14:20:32.435Z	spark1	SERVING	8.252	6.493
2026-09-27T14:20:36.669Z	spark2	SERVING	11.000	4.097
2026-09-27T14:20:37.561Z	spark1	SERVING	8.253	6.493
2026-09-27T14:20:41.784Z	spark2	SERVING	10.989	4.097
2026-09-27T14:20:42.685Z	spark1	SERVING	8.237	6.493
2026-09-27T14:20:46.908Z	spark2	SERVING	10.993	4.097
2026-09-27T14:20:47.814Z	spark1	SERVING	8.271	6.493
2026-09-27T14:20:52.031Z	spark2	SERVING	10.993	4.097
2026-09-27T14:20:52.943Z	spark1	SERVING	8.222	6.493
2026-09-27T14:20:57.153Z	spark2	SERVING	11.000	4.097
2026-09-27T14:20:58.078Z	spark1	SERVING	8.249	6.493
2026-09-27T14:21:02.277Z	spark2	SERVING	11.000	4.097
2026-09-27T14:21:03.200Z	spark1	SERVING	8.250	6.493
2026-09-27T14:21:07.395Z	spark2	SERVING	11.002	4.097
2026-09-27T14:21:08.332Z	spark1	SERVING	8.287	6.493
2026-09-27T14:21:12.512Z	spark2	SERVING	11.005	4.097
2026-09-27T14:21:13.453Z	spark1	SERVING	8.302	6.493
2026-09-27T14:21:17.632Z	spark2	SERVING	10.995	4.097
2026-09-27T14:21:18.577Z	spark1	SERVING	8.262	6.493
2026-09-27T14:21:22.749Z	spark2	SERVING	10.996	4.097
2026-09-27T14:21:23.703Z	spark1	SERVING	8.267	6.493
2026-09-27T14:21:27.867Z	spark2	SERVING	10.990	4.097
2026-09-27T14:21:28.830Z	spark1	SERVING	8.269	6.493
2026-09-27T14:21:32.990Z	spark2	SERVING	10.991	4.097
2026-09-27T14:21:33.968Z	spark1	SERVING	8.307	6.493
2026-09-27T14:21:38.112Z	spark2	SERVING	10.972	4.097
2026-09-27T14:21:39.089Z	spark1	SERVING	8.293	6.493
2026-09-27T14:21:43.229Z	spark2	SERVING	10.981	4.097
2026-09-27T14:21:44.219Z	spark1	SERVING	8.301	6.493
2026-09-27T14:21:48.351Z	spark2	SERVING	10.967	4.096
2026-09-27T14:21:49.344Z	spark1	SERVING	8.304	6.493
2026-09-27T14:21:53.471Z	spark2	SERVING	10.994	4.096
2026-09-27T14:21:54.472Z	spark1	SERVING	8.306	6.493
2026-09-27T14:21:58.590Z	spark2	SERVING	10.997	4.096
2026-09-27T14:21:59.597Z	spark1	SERVING	8.302	6.492
2026-09-27T14:22:03.709Z	spark2	SERVING	10.986	4.096
2026-09-27T14:22:04.729Z	spark1	SERVING	8.303	6.492
2026-09-27T14:22:08.830Z	spark2	SERVING	10.992	4.096
2026-09-27T14:22:09.856Z	spark1	SERVING	8.299	6.492
2026-09-27T14:22:13.956Z	spark2	SERVING	10.989	4.096
2026-09-27T14:22:14.984Z	spark1	SERVING	8.276	6.492
2026-09-27T14:22:19.072Z	spark2	SERVING	10.989	4.096
2026-09-27T14:22:20.112Z	spark1	SERVING	8.311	6.492
2026-09-27T14:22:24.193Z	spark2	SERVING	10.980	4.096
2026-09-27T14:22:25.253Z	spark1	SERVING	8.303	6.492
2026-09-27T14:22:29.304Z	spark2	SERVING	10.984	4.096
2026-09-27T14:22:30.390Z	spark1	SERVING	8.323	6.492
2026-09-27T14:22:34.415Z	spark2	SERVING	11.002	4.096
2026-09-27T14:22:35.527Z	spark1	SERVING	8.285	6.492
2026-09-27T14:22:39.536Z	spark2	SERVING	11.004	4.096
2026-09-27T14:22:40.647Z	spark1	SERVING	8.308	6.492
2026-09-27T14:22:44.648Z	spark2	SERVING	10.999	4.096
2026-09-27T14:22:45.765Z	spark1	SERVING	8.289	6.492
2026-09-27T14:22:49.767Z	spark2	SERVING	11.002	4.096
2026-09-27T14:22:50.898Z	spark1	SERVING	8.301	6.492
2026-09-27T14:22:54.889Z	spark2	SERVING	11.004	4.096
2026-09-27T14:22:56.014Z	spark1	SERVING	8.289	6.492
2026-09-27T14:23:00.009Z	spark2	SERVING	10.985	4.096
2026-09-27T14:23:01.149Z	spark1	SERVING	8.300	6.492
2026-09-27T14:23:05.122Z	spark2	SERVING	10.995	4.096
2026-09-27T14:23:06.266Z	spark1	SERVING	8.323	6.492
2026-09-27T14:23:10.204Z	spark2	SERVING	10.992	4.096
2026-09-27T14:23:11.348Z	spark1	SERVING	8.285	6.492
2026-09-27T14:23:15.288Z	spark2	SERVING	10.998	4.096
2026-09-27T14:23:16.428Z	spark1	SERVING	8.278	6.491
2026-09-27T14:23:20.374Z	spark2	SERVING	10.988	4.096
2026-09-27T14:23:21.520Z	spark1	SERVING	8.287	6.491
2026-09-27T14:23:25.459Z	spark2	SERVING	10.989	4.096
2026-09-27T14:23:26.593Z	spark1	SERVING	8.303	6.491
2026-09-27T14:23:30.540Z	spark2	SERVING	11.006	4.095
2026-09-27T14:23:31.674Z	spark1	SERVING	8.285	6.491
2026-09-27T14:23:35.635Z	spark2	SERVING	11.006	4.095
2026-09-27T14:23:36.789Z	spark1	SERVING	8.301	6.491
2026-09-27T14:23:40.747Z	spark2	SERVING	10.999	4.095
2026-09-27T14:23:41.918Z	spark1	SERVING	8.269	6.491
2026-09-27T14:23:45.862Z	spark2	SERVING	10.998	4.095
2026-09-27T14:23:47.052Z	spark1	SERVING	8.304	6.491
2026-09-27T14:23:50.986Z	spark2	SERVING	10.999	4.095
2026-09-27T14:23:52.186Z	spark1	SERVING	8.302	6.491
2026-09-27T14:23:56.107Z	spark2	SERVING	10.985	4.095
2026-09-27T14:23:57.320Z	spark1	SERVING	8.306	6.490
2026-09-27T14:24:01.224Z	spark2	SERVING	10.986	4.095
2026-09-27T14:24:02.453Z	spark1	SERVING	8.302	6.490
2026-09-27T14:24:06.346Z	spark2	SERVING	10.970	4.095
2026-09-27T14:24:07.585Z	spark1	SERVING	8.305	6.490
2026-09-27T14:24:11.468Z	spark2	SERVING	10.973	4.095
2026-09-27T14:24:12.711Z	spark1	SERVING	8.318	6.490
2026-09-27T14:24:16.594Z	spark2	SERVING	10.970	4.095
2026-09-27T14:24:17.840Z	spark1	SERVING	8.302	6.490
2026-09-27T14:24:21.721Z	spark2	SERVING	10.972	4.095
2026-09-27T14:24:22.968Z	spark1	SERVING	8.308	6.487
2026-09-27T14:24:26.847Z	spark2	SERVING	10.971	4.095
2026-09-27T14:24:28.103Z	spark1	SERVING	8.290	6.487
2026-09-27T14:24:31.958Z	spark2	SERVING	10.972	4.095
2026-09-27T14:24:33.245Z	spark1	SERVING	8.314	6.487
2026-09-27T14:24:37.085Z	spark2	SERVING	10.980	4.095
2026-09-27T14:24:38.377Z	spark1	SERVING	8.307	6.487
2026-09-27T14:24:42.205Z	spark2	SERVING	10.984	4.095
2026-09-27T14:24:43.501Z	spark1	SERVING	8.306	6.487
2026-09-27T14:24:47.323Z	spark2	SERVING	10.984	4.095
2026-09-27T14:24:48.621Z	spark1	SERVING	8.311	6.487
2026-09-27T14:24:52.443Z	spark2	SERVING	10.986	4.095
2026-09-27T14:24:53.764Z	spark1	SERVING	8.319	6.487
2026-09-27T14:24:57.565Z	spark2	SERVING	10.987	4.095
2026-09-27T14:24:58.903Z	spark1	SERVING	8.298	6.487
2026-09-27T14:25:02.684Z	spark2	SERVING	10.981	4.095
2026-09-27T14:25:04.033Z	spark1	SERVING	8.309	6.487
2026-09-27T14:25:07.805Z	spark2	SERVING	10.982	4.095
2026-09-27T14:25:09.167Z	spark1	SERVING	8.301	6.487
2026-09-27T14:25:12.925Z	spark2	SERVING	10.966	4.095
2026-09-27T14:25:14.297Z	spark1	SERVING	8.310	6.487
2026-09-27T14:25:18.048Z	spark2	SERVING	10.972	4.095
2026-09-27T14:25:19.433Z	spark1	SERVING	8.310	6.487
2026-09-27T14:25:23.172Z	spark2	SERVING	10.982	4.095
2026-09-27T14:25:24.562Z	spark1	SERVING	8.292	6.487
2026-09-27T14:25:28.292Z	spark2	SERVING	10.987	4.095
2026-09-27T14:25:29.695Z	spark1	SERVING	8.306	6.487
2026-09-27T14:25:33.407Z	spark2	SERVING	10.994	4.095
2026-09-27T14:25:34.819Z	spark1	SERVING	8.312	6.487
2026-09-27T14:25:38.527Z	spark2	SERVING	10.996	4.095
2026-09-27T14:25:39.942Z	spark1	SERVING	8.292	6.487
2026-09-27T14:25:43.643Z	spark2	SERVING	10.969	4.095
2026-09-27T14:25:45.065Z	spark1	SERVING	8.316	6.487
2026-09-27T14:25:48.761Z	spark2	SERVING	11.002	4.095
2026-09-27T14:25:50.189Z	spark1	SERVING	8.297	6.487
2026-09-27T14:25:53.871Z	spark2	SERVING	11.004	4.095
2026-09-27T14:25:55.310Z	spark1	SERVING	8.302	6.487
2026-09-27T14:25:58.988Z	spark2	SERVING	11.002	4.095
2026-09-27T14:26:00.446Z	spark1	SERVING	8.327	6.481
2026-09-27T14:26:04.104Z	spark2	SERVING	11.002	4.095
2026-09-27T14:26:05.575Z	spark1	SERVING	8.342	6.481
2026-09-27T14:26:09.221Z	spark2	SERVING	10.980	4.095
2026-09-27T14:26:10.698Z	spark1	SERVING	8.328	6.481
2026-09-27T14:26:14.333Z	spark2	SERVING	10.984	4.095
2026-09-27T14:26:15.832Z	spark1	SERVING	8.330	6.481
2026-09-27T14:26:19.444Z	spark2	SERVING	10.977	4.095
2026-09-27T14:26:20.963Z	spark1	SERVING	8.315	6.481
2026-09-27T14:26:24.560Z	spark2	SERVING	10.990	4.095
2026-09-27T14:26:26.093Z	spark1	SERVING	8.322	6.481
2026-09-27T14:26:29.679Z	spark2	SERVING	10.987	4.095
2026-09-27T14:26:31.223Z	spark1	SERVING	8.320	6.481
2026-09-27T14:26:34.796Z	spark2	SERVING	10.995	4.095
2026-09-27T14:26:36.359Z	spark1	SERVING	8.329	6.481
2026-09-27T14:26:39.920Z	spark2	SERVING	10.998	4.095
2026-09-27T14:26:41.497Z	spark1	SERVING	8.320	6.481
2026-09-27T14:26:45.039Z	spark2	SERVING	11.004	4.095
2026-09-27T14:26:46.628Z	spark1	SERVING	8.343	6.481
2026-09-27T14:26:50.163Z	spark2	SERVING	11.004	4.095
2026-09-27T14:26:51.757Z	spark1	SERVING	8.307	6.481
2026-09-27T14:26:55.275Z	spark2	SERVING	10.992	4.095
2026-09-27T14:26:56.896Z	spark1	SERVING	8.320	6.481
2026-09-27T14:27:00.386Z	spark2	SERVING	11.002	4.095
2026-09-27T14:27:02.022Z	spark1	SERVING	8.322	6.481
2026-09-27T14:27:05.500Z	spark2	SERVING	10.993	4.095
2026-09-27T14:27:07.148Z	spark1	SERVING	8.318	6.481
2026-09-27T14:27:10.610Z	spark2	SERVING	11.000	4.095
2026-09-27T14:27:12.272Z	spark1	SERVING	8.331	6.480
2026-09-27T14:27:15.728Z	spark2	SERVING	11.002	4.095
2026-09-27T14:27:17.381Z	spark1	SERVING	8.312	6.480
2026-09-27T14:27:20.844Z	spark2	SERVING	11.002	4.095
2026-09-27T14:27:22.514Z	spark1	SERVING	8.313	6.479
2026-09-27T14:27:25.967Z	spark2	SERVING	10.970	4.095
2026-09-27T14:27:27.636Z	spark1	SERVING	8.275	6.479
2026-09-27T14:27:31.087Z	spark2	SERVING	10.983	4.095
2026-09-27T14:27:32.765Z	spark1	SERVING	8.305	6.479
2026-09-27T14:27:36.202Z	spark2	SERVING	10.989	4.095
2026-09-27T14:27:37.896Z	spark1	SERVING	8.289	6.479
2026-09-27T14:27:41.319Z	spark2	SERVING	11.013	4.095
2026-09-27T14:27:43.024Z	spark1	SERVING	8.312	6.479
2026-09-27T14:27:46.434Z	spark2	SERVING	11.011	4.095
2026-09-27T14:27:48.148Z	spark1	SERVING	8.276	6.479
2026-09-27T14:27:51.541Z	spark2	SERVING	10.996	4.095
2026-09-27T14:27:53.278Z	spark1	SERVING	8.320	6.479
2026-09-27T14:27:56.658Z	spark2	SERVING	10.998	4.095
2026-09-27T14:27:58.405Z	spark1	SERVING	8.311	6.479
2026-09-27T14:28:01.786Z	spark2	SERVING	10.977	4.095
2026-09-27T14:28:03.544Z	spark1	SERVING	8.302	6.479
2026-09-27T14:28:06.908Z	spark2	SERVING	10.977	4.095
2026-09-27T14:28:08.671Z	spark1	SERVING	8.294	6.479
2026-09-27T14:28:12.032Z	spark2	SERVING	10.992	4.095
2026-09-27T14:28:13.804Z	spark1	SERVING	8.288	6.479
2026-09-27T14:28:17.156Z	spark2	SERVING	10.992	4.095
2026-09-27T14:28:18.936Z	spark1	SERVING	8.316	6.479
2026-09-27T14:28:22.281Z	spark2	SERVING	10.981	4.094
2026-09-27T14:28:24.076Z	spark1	SERVING	8.285	6.479
2026-09-27T14:28:27.409Z	spark2	SERVING	10.983	4.094
2026-09-27T14:28:29.206Z	spark1	SERVING	8.309	6.479
2026-09-27T14:28:32.530Z	spark2	SERVING	10.969	4.094
2026-09-27T14:28:34.339Z	spark1	SERVING	8.285	6.479
2026-09-27T14:28:37.655Z	spark2	SERVING	10.958	4.094
2026-09-27T14:28:39.468Z	spark1	SERVING	8.291	6.479
2026-09-27T14:28:42.783Z	spark2	SERVING	10.975	4.094
2026-09-27T14:28:44.598Z	spark1	SERVING	8.298	6.479
2026-09-27T14:28:47.907Z	spark2	SERVING	10.962	4.094
2026-09-27T14:28:49.729Z	spark1	SERVING	8.288	6.479
2026-09-27T14:28:53.026Z	spark2	SERVING	10.977	4.094
2026-09-27T14:28:54.868Z	spark1	SERVING	8.303	6.479
2026-09-27T14:28:58.145Z	spark2	SERVING	10.983	4.094
2026-09-27T14:29:00.001Z	spark1	SERVING	8.277	6.479
2026-09-27T14:29:03.261Z	spark2	SERVING	10.985	4.094
2026-09-27T14:29:05.129Z	spark1	SERVING	8.287	6.479
2026-09-27T14:29:08.379Z	spark2	SERVING	10.968	4.094
2026-09-27T14:29:10.262Z	spark1	SERVING	8.281	6.478
2026-09-27T14:29:13.493Z	spark2	SERVING	10.975	4.094
2026-09-27T14:29:15.393Z	spark1	SERVING	8.284	6.478
2026-09-27T14:29:18.608Z	spark2	SERVING	10.981	4.094
2026-09-27T14:29:20.523Z	spark1	SERVING	8.264	6.478
2026-09-27T14:29:23.730Z	spark2	SERVING	10.984	4.094
2026-09-27T14:29:25.657Z	spark1	SERVING	8.299	6.478
2026-09-27T14:29:28.856Z	spark2	SERVING	10.981	4.094
2026-09-27T14:29:30.791Z	spark1	SERVING	8.298	6.478
2026-09-27T14:29:33.977Z	spark2	SERVING	10.980	4.094
2026-09-27T14:29:35.924Z	spark1	SERVING	8.293	6.478
2026-09-27T14:29:39.105Z	spark2	SERVING	10.984	4.094
2026-09-27T14:29:41.053Z	spark1	SERVING	8.254	6.478
2026-09-27T14:29:44.230Z	spark2	SERVING	10.973	4.094
2026-09-27T14:29:46.176Z	spark1	SERVING	8.273	6.478
2026-09-27T14:29:49.338Z	spark2	SERVING	10.975	4.094
2026-09-27T14:29:51.305Z	spark1	SERVING	8.263	6.478
2026-09-27T14:29:54.459Z	spark2	SERVING	10.976	4.094
2026-09-27T14:29:56.436Z	spark1	SERVING	8.277	6.478
2026-09-27T14:29:59.581Z	spark2	SERVING	10.981	4.094
2026-09-27T14:30:01.559Z	spark1	SERVING	8.306	6.478
2026-09-27T14:30:04.700Z	spark2	SERVING	10.982	4.094
2026-09-27T14:30:06.684Z	spark1	SERVING	8.293	6.478
2026-09-27T14:30:09.831Z	spark2	SERVING	10.986	4.094
2026-09-27T14:30:11.809Z	spark1	SERVING	8.303	6.478
2026-09-27T14:30:14.955Z	spark2	SERVING	10.991	4.094
2026-09-27T14:30:16.939Z	spark1	SERVING	8.326	6.478
2026-09-27T14:30:20.071Z	spark2	SERVING	10.991	4.094
2026-09-27T14:30:22.060Z	spark1	SERVING	8.311	6.478
2026-09-27T14:30:25.192Z	spark2	SERVING	10.999	4.094
2026-09-27T14:30:27.191Z	spark1	SERVING	8.305	6.478
2026-09-27T14:30:30.308Z	spark2	SERVING	10.997	4.094
2026-09-27T14:30:32.318Z	spark1	SERVING	8.297	6.478
2026-09-27T14:30:35.425Z	spark2	SERVING	10.997	4.094
2026-09-27T14:30:37.440Z	spark1	SERVING	8.292	6.478
2026-09-27T14:30:40.544Z	spark2	SERVING	11.007	4.094
2026-09-27T14:30:42.572Z	spark1	SERVING	8.306	6.478
2026-09-27T14:30:45.655Z	spark2	SERVING	11.016	4.094
2026-09-27T14:30:47.707Z	spark1	SERVING	8.266	6.478
2026-09-27T14:30:50.782Z	spark2	SERVING	10.998	4.094
2026-09-27T14:30:52.836Z	spark1	SERVING	8.302	6.478
2026-09-27T14:30:55.907Z	spark2	SERVING	10.998	4.094
2026-09-27T14:30:57.955Z	spark1	SERVING	8.314	6.478
2026-09-27T14:31:01.029Z	spark2	SERVING	11.003	4.094
2026-09-27T14:31:03.081Z	spark1	SERVING	8.304	6.478
2026-09-27T14:31:06.149Z	spark2	SERVING	11.005	4.094
2026-09-27T14:31:08.205Z	spark1	SERVING	8.317	6.477
2026-09-27T14:31:11.273Z	spark2	SERVING	10.996	4.094
2026-09-27T14:31:13.340Z	spark1	SERVING	8.306	6.477
2026-09-27T14:31:16.384Z	spark2	SERVING	10.999	4.094
2026-09-27T14:31:18.475Z	spark1	SERVING	8.297	6.477
2026-09-27T14:31:21.502Z	spark2	SERVING	10.985	4.094
2026-09-27T14:31:23.616Z	spark1	SERVING	8.283	6.477
2026-09-27T14:31:26.624Z	spark2	SERVING	10.986	4.094
2026-09-27T14:31:28.755Z	spark1	SERVING	8.269	6.477
2026-09-27T14:31:31.739Z	spark2	SERVING	10.986	4.094
2026-09-27T14:31:33.895Z	spark1	SERVING	8.252	6.477
2026-09-27T14:31:36.867Z	spark2	SERVING	10.995	4.094
2026-09-27T14:31:39.024Z	spark1	SERVING	8.277	6.477
2026-09-27T14:31:41.980Z	spark2	SERVING	10.995	4.094
2026-09-27T14:31:44.160Z	spark1	SERVING	8.255	6.477
2026-09-27T14:31:47.099Z	spark2	SERVING	10.993	4.094
2026-09-27T14:31:49.285Z	spark1	SERVING	8.271	6.477
2026-09-27T14:31:52.223Z	spark2	SERVING	10.993	4.094
2026-09-27T14:31:54.412Z	spark1	SERVING	8.288	6.477
2026-09-27T14:31:57.346Z	spark2	SERVING	10.992	4.094
2026-09-27T14:31:59.534Z	spark1	SERVING	8.290	6.477
2026-09-27T14:32:02.455Z	spark2	SERVING	10.993	4.094
2026-09-27T14:32:04.666Z	spark1	SERVING	8.305	6.477
2026-09-27T14:32:07.579Z	spark2	SERVING	10.988	4.094
2026-09-27T14:32:09.799Z	spark1	SERVING	8.316	6.477
2026-09-27T14:32:12.698Z	spark2	SERVING	10.991	4.094
2026-09-27T14:32:14.926Z	spark1	SERVING	8.302	6.477
2026-09-27T14:32:17.823Z	spark2	SERVING	10.986	4.093
2026-09-27T14:32:20.052Z	spark1	SERVING	8.299	6.477
2026-09-27T14:32:22.943Z	spark2	SERVING	10.985	4.093
2026-09-27T14:32:25.185Z	spark1	SERVING	8.290	6.476
2026-09-27T14:32:28.067Z	spark2	SERVING	10.986	4.093
2026-09-27T14:32:30.308Z	spark1	SERVING	8.312	6.476
2026-09-27T14:32:33.182Z	spark2	SERVING	10.996	4.093
2026-09-27T14:32:35.439Z	spark1	SERVING	8.331	6.476
2026-09-27T14:32:38.302Z	spark2	SERVING	11.003	4.093
2026-09-27T14:32:40.566Z	spark1	SERVING	8.285	6.476
2026-09-27T14:32:43.420Z	spark2	SERVING	11.004	4.093
2026-09-27T14:32:45.701Z	spark1	SERVING	8.296	6.476
2026-09-27T14:32:48.546Z	spark2	SERVING	11.003	4.093
2026-09-27T14:32:50.833Z	spark1	SERVING	8.317	6.476
2026-09-27T14:32:53.660Z	spark2	SERVING	10.980	4.093
2026-09-27T14:32:55.955Z	spark1	SERVING	8.312	6.476
2026-09-27T14:32:58.774Z	spark2	SERVING	10.982	4.093
2026-09-27T14:33:01.079Z	spark1	SERVING	8.301	6.476
2026-09-27T14:33:03.891Z	spark2	SERVING	10.969	4.093
2026-09-27T14:33:06.205Z	spark1	SERVING	8.304	6.476
2026-09-27T14:33:08.979Z	spark2	SERVING	10.977	4.093
2026-09-27T14:33:11.291Z	spark1	SERVING	8.315	6.476
2026-09-27T14:33:14.052Z	spark2	SERVING	10.982	4.093
2026-09-27T14:33:16.370Z	spark1	SERVING	8.309	6.476
2026-09-27T14:33:19.124Z	spark2	SERVING	10.985	4.093
2026-09-27T14:33:21.462Z	spark1	SERVING	7.314	6.476
2026-09-27T14:33:24.219Z	spark2	SERVING	10.102	4.093
2026-09-27T14:33:26.569Z	spark1	SERVING	7.219	6.473
2026-09-27T14:33:29.330Z	spark2	SERVING	10.098	4.093
2026-09-27T14:33:31.672Z	spark1	SERVING	7.260	6.473
2026-09-27T14:33:34.444Z	spark2	SERVING	10.079	4.093
2026-09-27T14:33:36.775Z	spark1	SERVING	7.219	6.473
2026-09-27T14:33:39.539Z	spark2	SERVING	10.075	4.093
2026-09-27T14:33:41.872Z	spark1	SERVING	7.250	6.473
2026-09-27T14:33:44.644Z	spark2	SERVING	10.077	4.093
2026-09-27T14:33:46.976Z	spark1	SERVING	7.262	6.472
2026-09-27T14:33:49.738Z	spark2	SERVING	10.072	4.093
2026-09-27T14:33:52.083Z	spark1	SERVING	7.268	6.472
2026-09-27T14:33:54.842Z	spark2	SERVING	10.073	4.093
2026-09-27T14:33:57.196Z	spark1	SERVING	7.254	6.472
2026-09-27T14:33:59.942Z	spark2	SERVING	10.088	4.093
2026-09-27T14:34:02.289Z	spark1	SERVING	7.255	6.472
2026-09-27T14:34:05.041Z	spark2	SERVING	10.088	4.093
2026-09-27T14:34:07.397Z	spark1	SERVING	7.260	6.472
2026-09-27T14:34:10.143Z	spark2	SERVING	10.055	4.093
2026-09-27T14:34:12.513Z	spark1	SERVING	7.253	6.472
2026-09-27T14:34:15.246Z	spark2	SERVING	10.058	4.093
2026-09-27T14:34:17.625Z	spark1	SERVING	7.280	6.472
2026-09-27T14:34:20.358Z	spark2	SERVING	10.063	4.092
2026-09-27T14:34:22.725Z	spark1	SERVING	7.218	6.472
2026-09-27T14:34:25.451Z	spark2	SERVING	9.718	4.092
2026-09-27T14:34:27.798Z	spark1	SERVING	6.947	6.472
2026-09-27T14:34:30.531Z	spark2	SERVING	9.552	4.092
2026-09-27T14:34:32.898Z	spark1	SERVING	6.820	6.471
2026-09-27T14:34:35.636Z	spark2	SERVING	9.657	4.092
2026-09-27T14:34:38.009Z	spark1	SERVING	6.942	6.471
2026-09-27T14:34:40.728Z	spark2	SERVING	9.747	4.092
2026-09-27T14:34:43.131Z	spark1	SERVING	7.001	6.471
2026-09-27T14:34:45.835Z	spark2	SERVING	9.802	4.092
2026-09-27T14:34:48.252Z	spark1	SERVING	7.067	6.471
2026-09-27T14:34:50.941Z	spark2	SERVING	9.866	4.092
2026-09-27T14:34:53.372Z	spark1	SERVING	7.142	6.471
2026-09-27T14:34:56.043Z	spark2	SERVING	9.900	4.092
2026-09-27T14:34:58.492Z	spark1	SERVING	7.181	6.471
2026-09-27T14:35:01.157Z	spark2	SERVING	9.943	4.092
2026-09-27T14:35:03.598Z	spark1	SERVING	7.196	6.471
2026-09-27T14:35:06.256Z	spark2	SERVING	9.992	4.092
2026-09-27T14:35:08.714Z	spark1	SERVING	7.191	6.471
2026-09-27T14:35:11.358Z	spark2	SERVING	10.006	4.092
2026-09-27T14:35:13.821Z	spark1	SERVING	7.218	6.471
2026-09-27T14:35:16.474Z	spark2	SERVING	10.044	4.092
2026-09-27T14:35:18.944Z	spark1	SERVING	7.211	6.471
2026-09-27T14:35:21.576Z	spark2	SERVING	10.045	4.092
2026-09-27T14:35:24.059Z	spark1	SERVING	7.221	6.471
2026-09-27T14:35:26.681Z	spark2	SERVING	10.045	4.092
2026-09-27T14:35:29.156Z	spark1	SERVING	7.196	6.471
2026-09-27T14:35:31.784Z	spark2	SERVING	10.047	4.092
2026-09-27T14:35:34.268Z	spark1	SERVING	7.218	6.471
2026-09-27T14:35:36.891Z	spark2	SERVING	10.051	4.092
2026-09-27T14:35:39.382Z	spark1	SERVING	7.192	6.471
2026-09-27T14:35:41.997Z	spark2	SERVING	10.056	4.092
2026-09-27T14:35:44.497Z	spark1	SERVING	7.231	6.471
2026-09-27T14:35:47.086Z	spark2	SERVING	10.056	4.092
2026-09-27T14:35:49.615Z	spark1	SERVING	7.197	6.471
2026-09-27T14:35:52.192Z	spark2	SERVING	10.042	4.092
2026-09-27T14:35:54.721Z	spark1	SERVING	7.189	6.471
2026-09-27T14:35:57.300Z	spark2	SERVING	10.045	4.092
2026-09-27T14:35:59.827Z	spark1	SERVING	7.198	6.471
2026-09-27T14:36:02.396Z	spark2	SERVING	10.049	4.092
2026-09-27T14:36:04.939Z	spark1	SERVING	7.210	6.471
2026-09-27T14:36:07.500Z	spark2	SERVING	10.050	4.092
2026-09-27T14:36:10.061Z	spark1	SERVING	7.224	6.471
2026-09-27T14:36:12.605Z	spark2	SERVING	10.039	4.092
2026-09-27T14:36:15.164Z	spark1	SERVING	7.187	6.471
2026-09-27T14:36:17.713Z	spark2	SERVING	10.045	4.092
2026-09-27T14:36:20.268Z	spark1	SERVING	7.227	6.471
2026-09-27T14:36:22.818Z	spark2	SERVING	10.026	4.092
2026-09-27T14:36:25.386Z	spark1	SERVING	7.196	6.471
2026-09-27T14:36:27.932Z	spark2	SERVING	10.028	4.092
2026-09-27T14:36:30.496Z	spark1	SERVING	7.195	6.471
2026-09-27T14:36:33.044Z	spark2	SERVING	10.039	4.092
2026-09-27T14:36:35.611Z	spark1	SERVING	7.175	6.471
2026-09-27T14:36:38.150Z	spark2	SERVING	10.039	4.092
2026-09-27T14:36:40.725Z	spark1	SERVING	7.206	6.471
2026-09-27T14:36:43.264Z	spark2	SERVING	10.041	4.092
2026-09-27T14:36:45.835Z	spark1	SERVING	7.201	6.471
2026-09-27T14:36:48.372Z	spark2	SERVING	10.034	4.092
2026-09-27T14:36:50.959Z	spark1	SERVING	7.202	6.471
2026-09-27T14:36:53.473Z	spark2	SERVING	10.034	4.092
2026-09-27T14:36:56.065Z	spark1	SERVING	7.228	6.471
2026-09-27T14:36:58.580Z	spark2	SERVING	10.055	4.092
2026-09-27T14:37:01.177Z	spark1	SERVING	7.203	6.471
2026-09-27T14:37:03.689Z	spark2	SERVING	10.054	4.092
2026-09-27T14:37:06.284Z	spark1	SERVING	7.209	6.471
2026-09-27T14:37:08.799Z	spark2	SERVING	10.045	4.092
2026-09-27T14:37:11.413Z	spark1	SERVING	7.172	6.470
2026-09-27T14:37:13.908Z	spark2	SERVING	10.047	4.092
2026-09-27T14:37:16.522Z	spark1	SERVING	7.209	6.470
2026-09-27T14:37:19.020Z	spark2	SERVING	10.044	4.092
2026-09-27T14:37:21.630Z	spark1	SERVING	7.209	6.470
2026-09-27T14:37:24.129Z	spark2	SERVING	10.049	4.092
2026-09-27T14:37:26.740Z	spark1	SERVING	7.212	6.470
2026-09-27T14:37:29.242Z	spark2	SERVING	10.052	4.092
2026-09-27T14:37:31.851Z	spark1	SERVING	7.213	6.470
2026-09-27T14:37:34.345Z	spark2	SERVING	10.054	4.092
2026-09-27T14:37:36.962Z	spark1	SERVING	7.228	6.470
2026-09-27T14:37:39.447Z	spark2	SERVING	10.054	4.092
2026-09-27T14:37:42.079Z	spark1	SERVING	7.180	6.470
2026-09-27T14:37:44.549Z	spark2	SERVING	10.052	4.092
2026-09-27T14:37:47.173Z	spark1	SERVING	7.196	6.470
2026-09-27T14:37:49.661Z	spark2	SERVING	10.054	4.092
2026-09-27T14:37:52.293Z	spark1	SERVING	7.202	6.470
2026-09-27T14:37:54.773Z	spark2	SERVING	10.064	4.092
2026-09-27T14:37:57.407Z	spark1	SERVING	7.195	6.470
2026-09-27T14:37:59.865Z	spark2	SERVING	10.064	4.092
2026-09-27T14:38:02.518Z	spark1	SERVING	7.203	6.470
2026-09-27T14:38:04.979Z	spark2	SERVING	10.054	4.092
2026-09-27T14:38:07.645Z	spark1	SERVING	7.197	6.470
2026-09-27T14:38:10.074Z	spark2	SERVING	10.057	4.092
2026-09-27T14:38:12.758Z	spark1	SERVING	7.192	6.470
2026-09-27T14:38:15.182Z	spark2	SERVING	10.057	4.092
2026-09-27T14:38:17.863Z	spark1	SERVING	7.209	6.470
2026-09-27T14:38:20.288Z	spark2	SERVING	10.060	4.092
2026-09-27T14:38:22.981Z	spark1	SERVING	7.215	6.470
2026-09-27T14:38:25.387Z	spark2	SERVING	10.060	4.092
2026-09-27T14:38:28.098Z	spark1	SERVING	7.191	6.470
2026-09-27T14:38:30.491Z	spark2	SERVING	10.055	4.092
2026-09-27T14:38:33.216Z	spark1	SERVING	7.195	6.470
2026-09-27T14:38:35.596Z	spark2	SERVING	10.056	4.092
2026-09-27T14:38:38.334Z	spark1	SERVING	7.182	6.470
2026-09-27T14:38:40.704Z	spark2	SERVING	10.071	4.092
2026-09-27T14:38:43.432Z	spark1	SERVING	7.200	6.470
2026-09-27T14:38:45.810Z	spark2	SERVING	10.071	4.092
2026-09-27T14:38:48.555Z	spark1	SERVING	7.146	6.470
2026-09-27T14:38:50.929Z	spark2	SERVING	10.054	4.092
2026-09-27T14:38:53.694Z	spark1	SERVING	7.159	6.470
2026-09-27T14:38:56.055Z	spark2	SERVING	10.057	4.092
2026-09-27T14:38:58.835Z	spark1	SERVING	7.168	6.470
2026-09-27T14:39:01.173Z	spark2	SERVING	10.055	4.092
2026-09-27T14:39:03.969Z	spark1	SERVING	7.177	6.470
2026-09-27T14:39:06.299Z	spark2	SERVING	10.056	4.092
2026-09-27T14:39:09.110Z	spark1	SERVING	7.182	6.470
2026-09-27T14:39:11.416Z	spark2	SERVING	10.062	4.092
2026-09-27T14:39:14.243Z	spark1	SERVING	7.159	6.470
2026-09-27T14:39:16.541Z	spark2	SERVING	10.065	4.092
2026-09-27T14:39:19.380Z	spark1	SERVING	7.157	6.470
2026-09-27T14:39:21.662Z	spark2	SERVING	10.067	4.092
2026-09-27T14:39:24.505Z	spark1	SERVING	7.155	6.470
2026-09-27T14:39:26.779Z	spark2	SERVING	10.065	4.092
2026-09-27T14:39:29.629Z	spark1	SERVING	7.182	6.470
2026-09-27T14:39:31.901Z	spark2	SERVING	10.068	4.092
2026-09-27T14:39:34.766Z	spark1	SERVING	7.154	6.470
2026-09-27T14:39:37.019Z	spark2	SERVING	10.061	4.092
2026-09-27T14:39:39.904Z	spark1	SERVING	7.195	6.470
2026-09-27T14:39:42.139Z	spark2	SERVING	10.062	4.092
2026-09-27T14:39:45.038Z	spark1	SERVING	7.155	6.470
2026-09-27T14:39:47.258Z	spark2	SERVING	10.063	4.092
2026-09-27T14:39:50.174Z	spark1	SERVING	7.178	6.470
2026-09-27T14:39:52.378Z	spark2	SERVING	10.062	4.092
2026-09-27T14:39:55.316Z	spark1	SERVING	7.163	6.470
2026-09-27T14:39:57.497Z	spark2	SERVING	10.076	4.092
2026-09-27T14:40:00.446Z	spark1	SERVING	7.164	6.470
2026-09-27T14:40:02.614Z	spark2	SERVING	10.077	4.092
2026-09-27T14:40:05.568Z	spark1	SERVING	7.184	6.470
2026-09-27T14:40:07.735Z	spark2	SERVING	10.063	4.092
2026-09-27T14:40:10.703Z	spark1	SERVING	7.148	6.470
2026-09-27T14:40:12.853Z	spark2	SERVING	10.066	4.092
2026-09-27T14:40:15.841Z	spark1	SERVING	7.171	6.470
2026-09-27T14:40:17.971Z	spark2	SERVING	10.066	4.092
2026-09-27T14:40:20.977Z	spark1	SERVING	7.155	6.470
2026-09-27T14:40:23.089Z	spark2	SERVING	10.060	4.092
2026-09-27T14:40:26.112Z	spark1	SERVING	7.161	6.470
2026-09-27T14:40:28.205Z	spark2	SERVING	10.059	4.092
2026-09-27T14:40:31.244Z	spark1	SERVING	7.183	6.470
2026-09-27T14:40:33.319Z	spark2	SERVING	10.065	4.092
2026-09-27T14:40:36.384Z	spark1	SERVING	7.185	6.470
2026-09-27T14:40:38.435Z	spark2	SERVING	10.066	4.092
2026-09-27T14:40:41.518Z	spark1	SERVING	7.128	6.470
2026-09-27T14:40:43.552Z	spark2	SERVING	10.052	4.092
2026-09-27T14:40:46.652Z	spark1	SERVING	7.157	6.470
2026-09-27T14:40:48.674Z	spark2	SERVING	10.055	4.092
2026-09-27T14:40:51.786Z	spark1	SERVING	7.177	6.470
2026-09-27T14:40:53.793Z	spark2	SERVING	10.072	4.092
2026-09-27T14:40:56.924Z	spark1	SERVING	7.179	6.470
2026-09-27T14:40:58.911Z	spark2	SERVING	10.074	4.092
2026-09-27T14:41:02.038Z	spark1	SERVING	7.196	6.470
2026-09-27T14:41:04.020Z	spark2	SERVING	10.060	4.092
2026-09-27T14:41:07.170Z	spark1	SERVING	7.143	6.469
2026-09-27T14:41:09.135Z	spark2	SERVING	10.067	4.092
2026-09-27T14:41:12.290Z	spark1	SERVING	7.152	6.469
2026-09-27T14:41:14.242Z	spark2	SERVING	10.067	4.092
2026-09-27T14:41:17.421Z	spark1	SERVING	7.150	6.469
2026-09-27T14:41:19.364Z	spark2	SERVING	10.069	4.092
2026-09-27T14:41:22.555Z	spark1	SERVING	7.162	6.469
2026-09-27T14:41:24.482Z	spark2	SERVING	10.071	4.092
2026-09-27T14:41:27.683Z	spark1	SERVING	7.138	6.469
2026-09-27T14:41:29.601Z	spark2	SERVING	10.054	4.092
2026-09-27T14:41:32.806Z	spark1	SERVING	7.165	6.469
2026-09-27T14:41:34.714Z	spark2	SERVING	10.056	4.092
2026-09-27T14:41:37.941Z	spark1	SERVING	7.149	6.469
2026-09-27T14:41:39.838Z	spark2	SERVING	10.047	4.092
2026-09-27T14:41:43.067Z	spark1	SERVING	7.157	6.469
2026-09-27T14:41:44.961Z	spark2	SERVING	10.047	4.092
2026-09-27T14:41:48.198Z	spark1	SERVING	7.151	6.469
2026-09-27T14:41:50.079Z	spark2	SERVING	10.044	4.092
2026-09-27T14:41:53.324Z	spark1	SERVING	7.162	6.469
2026-09-27T14:41:55.204Z	spark2	SERVING	10.048	4.092
2026-09-27T14:41:58.450Z	spark1	SERVING	7.168	6.469
2026-09-27T14:42:00.326Z	spark2	SERVING	10.027	4.092
2026-09-27T14:42:03.591Z	spark1	SERVING	7.134	6.469
2026-09-27T14:42:05.449Z	spark2	SERVING	10.027	4.092
2026-09-27T14:42:08.719Z	spark1	SERVING	7.147	6.469
2026-09-27T14:42:10.571Z	spark2	SERVING	10.037	4.092
2026-09-27T14:42:13.853Z	spark1	SERVING	7.139	6.469
2026-09-27T14:42:15.698Z	spark2	SERVING	10.027	4.092
2026-09-27T14:42:19.002Z	spark1	SERVING	7.133	6.469
2026-09-27T14:42:20.809Z	spark2	SERVING	10.031	4.092
2026-09-27T14:42:24.134Z	spark1	SERVING	7.137	6.469
2026-09-27T14:42:25.931Z	spark2	SERVING	10.045	4.092
2026-09-27T14:42:29.268Z	spark1	SERVING	7.166	6.469
2026-09-27T14:42:31.055Z	spark2	SERVING	10.045	4.092
2026-09-27T14:42:34.404Z	spark1	SERVING	7.140	6.469
2026-09-27T14:42:36.169Z	spark2	SERVING	10.055	4.092
2026-09-27T14:42:39.529Z	spark1	SERVING	6.853	6.469
2026-09-27T14:42:41.254Z	spark2	SERVING	9.742	4.092
2026-09-27T14:42:44.609Z	spark1	SERVING	6.639	6.469
2026-09-27T14:42:46.353Z	spark2	SERVING	9.528	4.092
2026-09-27T14:42:49.722Z	spark1	SERVING	6.549	6.469
2026-09-27T14:42:51.471Z	spark2	SERVING	9.587	4.092
2026-09-27T14:42:54.844Z	spark1	SERVING	6.685	6.469
2026-09-27T14:42:56.575Z	spark2	SERVING	9.625	4.092
2026-09-27T14:42:59.921Z	spark1	SERVING	6.635	6.469
2026-09-27T14:43:01.668Z	spark2	SERVING	9.488	4.092
2026-09-27T14:43:05.043Z	spark1	SERVING	6.535	6.469
2026-09-27T14:43:06.785Z	spark2	SERVING	9.589	4.092
2026-09-27T14:43:10.185Z	spark1	SERVING	6.697	6.469
2026-09-27T14:43:11.919Z	spark2	SERVING	9.718	4.092
2026-09-27T14:43:15.323Z	spark1	SERVING	6.871	6.469
2026-09-27T14:43:17.042Z	spark2	SERVING	9.816	4.092
2026-09-27T14:43:20.462Z	spark1	SERVING	6.979	6.469
2026-09-27T14:43:22.160Z	spark2	SERVING	9.903	4.092
2026-09-27T14:43:25.601Z	spark1	SERVING	7.069	6.469
2026-09-27T14:43:27.285Z	spark2	SERVING	9.965	4.092
2026-09-27T14:43:30.740Z	spark1	SERVING	7.104	6.469
2026-09-27T14:43:32.409Z	spark2	SERVING	9.980	4.092
2026-09-27T14:43:35.874Z	spark1	SERVING	7.154	6.469
2026-09-27T14:43:37.535Z	spark2	SERVING	10.009	4.092
2026-09-27T14:43:41.013Z	spark1	SERVING	7.122	6.469
2026-09-27T14:43:42.664Z	spark2	SERVING	10.027	4.092
2026-09-27T14:43:46.146Z	spark1	SERVING	7.130	6.469
2026-09-27T14:43:47.781Z	spark2	SERVING	10.032	4.092
2026-09-27T14:43:51.266Z	spark1	SERVING	7.142	6.469
2026-09-27T14:43:52.896Z	spark2	SERVING	10.037	4.092
2026-09-27T14:43:56.391Z	spark1	SERVING	7.143	6.469
2026-09-27T14:43:58.013Z	spark2	SERVING	10.036	4.092
2026-09-27T14:44:01.518Z	spark1	SERVING	7.131	6.469
2026-09-27T14:44:03.114Z	spark2	SERVING	10.036	4.091
2026-09-27T14:44:06.643Z	spark1	SERVING	7.090	6.469
2026-09-27T14:44:08.207Z	spark2	SERVING	10.018	4.091
2026-09-27T14:44:11.760Z	spark1	SERVING	7.145	6.469
2026-09-27T14:44:13.300Z	spark2	SERVING	10.026	4.091
2026-09-27T14:44:16.875Z	spark1	SERVING	7.131	6.469
2026-09-27T14:44:18.394Z	spark2	SERVING	10.018	4.091
2026-09-27T14:44:22.006Z	spark1	SERVING	7.135	6.468
2026-09-27T14:44:23.512Z	spark2	SERVING	10.026	4.091
2026-09-27T14:44:27.090Z	spark1	SERVING	7.118	6.468
2026-09-27T14:44:28.624Z	spark2	SERVING	10.041	4.091
2026-09-27T14:44:32.212Z	spark1	SERVING	7.116	6.468
2026-09-27T14:44:33.741Z	spark2	SERVING	10.042	4.091
2026-09-27T14:44:37.334Z	spark1	SERVING	7.135	6.468
2026-09-27T14:44:38.844Z	spark2	SERVING	10.031	4.091
2026-09-27T14:44:42.467Z	spark1	SERVING	7.128	6.468
2026-09-27T14:44:43.936Z	spark2	SERVING	10.038	4.091
2026-09-27T14:44:47.593Z	spark1	SERVING	7.155	6.468
2026-09-27T14:44:49.040Z	spark2	SERVING	10.036	4.091
2026-09-27T14:44:52.679Z	spark1	SERVING	7.134	6.468
2026-09-27T14:44:54.137Z	spark2	SERVING	10.039	4.091
2026-09-27T14:44:57.795Z	spark1	SERVING	7.136	6.468
2026-09-27T14:44:59.247Z	spark2	SERVING	10.046	4.091
2026-09-27T14:45:02.927Z	spark1	SERVING	7.126	6.468
2026-09-27T14:45:04.361Z	spark2	SERVING	10.038	4.091
2026-09-27T14:45:08.046Z	spark1	SERVING	7.115	6.468
2026-09-27T14:45:09.477Z	spark2	SERVING	10.039	4.091
2026-09-27T14:45:13.145Z	spark1	SERVING	7.117	6.468
2026-09-27T14:45:14.594Z	spark2	SERVING	10.052	4.091
2026-09-27T14:45:18.258Z	spark1	SERVING	7.127	6.468
2026-09-27T14:45:19.706Z	spark2	SERVING	10.052	4.091
2026-09-27T14:45:23.370Z	spark1	SERVING	7.130	6.468
2026-09-27T14:45:24.826Z	spark2	SERVING	10.034	4.091
2026-09-27T14:45:28.470Z	spark1	SERVING	7.191	6.468
2026-09-27T14:45:29.906Z	spark2	SERVING	10.040	4.091
2026-09-27T14:45:33.552Z	spark1	SERVING	7.204	6.468
2026-09-27T14:45:34.989Z	spark2	SERVING	10.056	4.091
2026-09-27T14:45:38.632Z	spark1	SERVING	7.212	6.468
2026-09-27T14:45:40.065Z	spark2	SERVING	10.057	4.091
2026-09-27T14:45:43.707Z	spark1	SERVING	7.255	6.468
2026-09-27T14:45:45.138Z	spark2	SERVING	10.046	4.091
2026-09-27T14:45:48.782Z	spark1	SERVING	7.258	6.468
2026-09-27T14:45:50.205Z	spark2	SERVING	10.048	4.091
2026-09-27T14:45:53.864Z	spark1	SERVING	7.280	6.468
2026-09-27T14:45:55.280Z	spark2	SERVING	10.038	4.091
2026-09-27T14:45:58.956Z	spark1	SERVING	7.277	6.468
2026-09-27T14:46:00.357Z	spark2	SERVING	10.041	4.091
2026-09-27T14:46:04.040Z	spark1	SERVING	7.286	6.468
2026-09-27T14:46:05.432Z	spark2	SERVING	10.044	4.091
2026-09-27T14:46:09.117Z	spark1	SERVING	7.239	6.467
2026-09-27T14:46:10.517Z	spark2	SERVING	10.030	4.091
2026-09-27T14:46:14.203Z	spark1	SERVING	7.252	6.467
2026-09-27T14:46:15.601Z	spark2	SERVING	10.030	4.091
2026-09-27T14:46:19.285Z	spark1	SERVING	7.233	6.467
2026-09-27T14:46:20.682Z	spark2	SERVING	10.052	4.091
2026-09-27T14:46:24.367Z	spark1	SERVING	7.257	6.467
2026-09-27T14:46:25.758Z	spark2	SERVING	10.052	4.091
2026-09-27T14:46:29.451Z	spark1	SERVING	7.236	6.467
2026-09-27T14:46:30.837Z	spark2	SERVING	10.057	4.091
2026-09-27T14:46:34.532Z	spark1	SERVING	7.241	6.467
2026-09-27T14:46:35.922Z	spark2	SERVING	10.057	4.091
2026-09-27T14:46:39.619Z	spark1	SERVING	7.258	6.467
2026-09-27T14:46:40.999Z	spark2	SERVING	10.065	4.090
2026-09-27T14:46:44.733Z	spark1	SERVING	7.241	6.467
2026-09-27T14:46:46.101Z	spark2	SERVING	10.065	4.090
2026-09-27T14:46:49.817Z	spark1	SERVING	7.228	6.467
2026-09-27T14:46:51.181Z	spark2	SERVING	10.051	4.090
2026-09-27T14:46:54.902Z	spark1	SERVING	7.245	6.467
2026-09-27T14:46:56.258Z	spark2	SERVING	10.052	4.090
2026-09-27T14:46:59.981Z	spark1	SERVING	7.274	6.467
2026-09-27T14:47:01.344Z	spark2	SERVING	10.048	4.090
2026-09-27T14:47:05.071Z	spark1	SERVING	7.250	6.467
2026-09-27T14:47:06.425Z	spark2	SERVING	10.050	4.090
2026-09-27T14:47:10.157Z	spark1	SERVING	7.237	6.467
2026-09-27T14:47:11.524Z	spark2	SERVING	10.055	4.090
2026-09-27T14:47:15.289Z	spark1	SERVING	7.239	6.467
2026-09-27T14:47:16.648Z	spark2	SERVING	10.049	4.090
2026-09-27T14:47:20.423Z	spark1	SERVING	7.245	6.467
2026-09-27T14:47:21.769Z	spark2	SERVING	10.051	4.090
2026-09-27T14:47:25.557Z	spark1	SERVING	7.247	6.467
2026-09-27T14:47:26.891Z	spark2	SERVING	10.044	4.090
2026-09-27T14:47:30.691Z	spark1	SERVING	7.254	6.467
2026-09-27T14:47:32.009Z	spark2	SERVING	10.046	4.090
2026-09-27T14:47:35.813Z	spark1	SERVING	7.237	6.467
2026-09-27T14:47:37.127Z	spark2	SERVING	10.043	4.090
2026-09-27T14:47:40.944Z	spark1	SERVING	7.261	6.467
2026-09-27T14:47:42.246Z	spark2	SERVING	10.043	4.090
2026-09-27T14:47:46.070Z	spark1	SERVING	7.244	6.467
2026-09-27T14:47:47.363Z	spark2	SERVING	10.045	4.090
2026-09-27T14:47:51.207Z	spark1	SERVING	7.249	6.467
2026-09-27T14:47:52.482Z	spark2	SERVING	10.045	4.090
2026-09-27T14:47:56.342Z	spark1	SERVING	7.135	6.467
2026-09-27T14:47:57.604Z	spark2	SERVING	10.034	4.090
2026-09-27T14:48:01.465Z	spark1	SERVING	7.222	6.467
2026-09-27T14:48:02.728Z	spark2	SERVING	10.038	4.090
2026-09-27T14:48:06.597Z	spark1	SERVING	7.249	6.467
2026-09-27T14:48:07.854Z	spark2	SERVING	10.038	4.090
2026-09-27T14:48:11.725Z	spark1	SERVING	7.219	6.467
2026-09-27T14:48:12.973Z	spark2	SERVING	10.039	4.090
2026-09-27T14:48:16.857Z	spark1	SERVING	7.237	6.467
2026-09-27T14:48:18.093Z	spark2	SERVING	10.040	4.090
2026-09-27T14:48:21.992Z	spark1	SERVING	7.213	6.467
2026-09-27T14:48:23.218Z	spark2	SERVING	10.042	4.090
2026-09-27T14:48:27.130Z	spark1	SERVING	7.237	6.467
2026-09-27T14:48:28.338Z	spark2	SERVING	10.042	4.090
2026-09-27T14:48:32.264Z	spark1	SERVING	7.216	6.467
2026-09-27T14:48:33.458Z	spark2	SERVING	10.033	4.090
2026-09-27T14:48:37.403Z	spark1	SERVING	7.240	6.467
2026-09-27T14:48:38.571Z	spark2	SERVING	10.034	4.090
2026-09-27T14:48:42.534Z	spark1	SERVING	7.209	6.467
2026-09-27T14:48:43.683Z	spark2	SERVING	10.056	4.090
2026-09-27T14:48:47.669Z	spark1	SERVING	7.232	6.467
2026-09-27T14:48:48.809Z	spark2	SERVING	10.055	4.090
2026-09-27T14:48:52.799Z	spark1	SERVING	7.219	6.467
2026-09-27T14:48:53.928Z	spark2	SERVING	10.041	4.090
2026-09-27T14:48:57.931Z	spark1	SERVING	7.235	6.467
2026-09-27T14:48:59.046Z	spark2	SERVING	10.045	4.090
2026-09-27T14:49:03.064Z	spark1	SERVING	7.261	6.467
2026-09-27T14:49:04.166Z	spark2	SERVING	10.046	4.090
2026-09-27T14:49:08.196Z	spark1	SERVING	7.217	6.467
2026-09-27T14:49:09.264Z	spark2	SERVING	10.051	4.090
2026-09-27T14:49:13.278Z	spark1	SERVING	7.246	6.467
2026-09-27T14:49:14.346Z	spark2	SERVING	10.052	4.090
2026-09-27T14:49:18.366Z	spark1	SERVING	7.254	6.467
2026-09-27T14:49:19.430Z	spark2	SERVING	10.046	4.090
2026-09-27T14:49:23.448Z	spark1	SERVING	7.271	6.466
2026-09-27T14:49:24.505Z	spark2	SERVING	10.055	4.090
2026-09-27T14:49:28.532Z	spark1	SERVING	7.273	6.466
2026-09-27T14:49:29.576Z	spark2	SERVING	10.064	4.090
2026-09-27T14:49:33.609Z	spark1	SERVING	7.274	6.466
2026-09-27T14:49:34.656Z	spark2	SERVING	10.063	4.090
2026-09-27T14:49:38.693Z	spark1	SERVING	7.256	6.466
2026-09-27T14:49:39.723Z	spark2	SERVING	10.072	4.090
2026-09-27T14:49:43.766Z	spark1	SERVING	7.284	6.466
2026-09-27T14:49:44.795Z	spark2	SERVING	10.074	4.090
2026-09-27T14:49:48.876Z	spark1	SERVING	7.258	6.466
2026-09-27T14:49:49.926Z	spark2	SERVING	10.073	4.090
2026-09-27T14:49:54.004Z	spark1	SERVING	7.236	6.466
2026-09-27T14:49:55.046Z	spark2	SERVING	10.074	4.090
2026-09-27T14:49:59.135Z	spark1	SERVING	7.240	6.466
2026-09-27T14:50:00.168Z	spark2	SERVING	10.035	4.090
2026-09-27T14:50:04.264Z	spark1	SERVING	7.252	6.466
2026-09-27T14:50:05.297Z	spark2	SERVING	10.049	4.090
2026-09-27T14:50:09.381Z	spark1	SERVING	7.249	6.466
2026-09-27T14:50:10.407Z	spark2	SERVING	10.041	4.090
2026-09-27T14:50:14.462Z	spark1	SERVING	7.248	6.466
2026-09-27T14:50:15.478Z	spark2	SERVING	10.041	4.090
2026-09-27T14:50:19.545Z	spark1	SERVING	7.255	6.466
2026-09-27T14:50:20.560Z	spark2	SERVING	10.043	4.090
2026-09-27T14:50:24.626Z	spark1	SERVING	7.247	6.466
2026-09-27T14:50:25.637Z	spark2	SERVING	10.041	4.090
2026-09-27T14:50:29.712Z	spark1	SERVING	7.256	6.466
2026-09-27T14:50:30.719Z	spark2	SERVING	10.043	4.090
2026-09-27T14:50:34.791Z	spark1	SERVING	7.237	6.466
2026-09-27T14:50:35.799Z	spark2	SERVING	10.037	4.090
2026-09-27T14:50:39.876Z	spark1	SERVING	7.235	6.466
2026-09-27T14:50:40.875Z	spark2	SERVING	10.039	4.090
2026-09-27T14:50:44.965Z	spark1	SERVING	7.218	6.466
2026-09-27T14:50:45.949Z	spark2	SERVING	10.022	4.090
2026-09-27T14:50:50.059Z	spark1	SERVING	7.248	6.466
2026-09-27T14:50:51.036Z	spark2	SERVING	10.026	4.090
2026-09-27T14:50:55.147Z	spark1	SERVING	7.255	6.466
2026-09-27T14:50:56.115Z	spark2	SERVING	10.043	4.090
2026-09-27T14:51:00.240Z	spark1	SERVING	7.236	6.465
2026-09-27T14:51:01.181Z	spark2	SERVING	10.043	4.090
2026-09-27T14:51:05.316Z	spark1	SERVING	7.219	6.465
2026-09-27T14:51:06.245Z	spark2	SERVING	10.034	4.090
2026-09-27T14:51:10.406Z	spark1	SERVING	7.207	6.464
2026-09-27T14:51:11.322Z	spark2	SERVING	10.034	4.090
2026-09-27T14:51:15.485Z	spark1	SERVING	7.069	6.464
2026-09-27T14:51:16.394Z	spark2	SERVING	10.036	4.090
2026-09-27T14:51:20.564Z	spark1	SERVING	7.033	6.464
2026-09-27T14:51:21.467Z	spark2	SERVING	10.037	4.090
2026-09-27T14:51:25.637Z	spark1	SERVING	7.060	6.464
2026-09-27T14:51:26.553Z	spark2	SERVING	10.039	4.090
2026-09-27T14:51:30.723Z	spark1	SERVING	7.071	6.464
2026-09-27T14:51:31.632Z	spark2	SERVING	10.057	4.090
2026-09-27T14:51:35.793Z	spark1	SERVING	7.077	6.464
2026-09-27T14:51:36.718Z	spark2	SERVING	10.057	4.090
2026-09-27T14:51:40.873Z	spark1	SERVING	7.067	6.464
2026-09-27T14:51:41.794Z	spark2	SERVING	10.046	4.090
2026-09-27T14:51:45.953Z	spark1	SERVING	7.091	6.464
2026-09-27T14:51:46.871Z	spark2	SERVING	10.050	4.090
2026-09-27T14:51:51.042Z	spark1	SERVING	7.087	6.464
2026-09-27T14:51:51.956Z	spark2	SERVING	10.049	4.090
2026-09-27T14:51:56.129Z	spark1	SERVING	7.077	6.463
2026-09-27T14:51:57.033Z	spark2	SERVING	10.049	4.090
2026-09-27T14:52:01.214Z	spark1	SERVING	7.055	6.463
2026-09-27T14:52:02.104Z	spark2	SERVING	10.035	4.090
2026-09-27T14:52:06.318Z	spark1	SERVING	6.941	6.463
2026-09-27T14:52:07.212Z	spark2	SERVING	10.036	4.090
2026-09-27T14:52:11.430Z	spark1	SERVING	6.917	6.463
2026-09-27T14:52:12.312Z	spark2	SERVING	10.021	4.090
2026-09-27T14:52:16.539Z	spark1	SERVING	6.911	6.463
2026-09-27T14:52:17.425Z	spark2	SERVING	10.023	4.090
2026-09-27T14:52:21.647Z	spark1	SERVING	6.951	6.463
2026-09-27T14:52:22.521Z	spark2	SERVING	10.023	4.090
2026-09-27T14:52:26.753Z	spark1	SERVING	6.983	6.463
2026-09-27T14:52:27.626Z	spark2	SERVING	10.005	4.090
2026-09-27T14:52:31.860Z	spark1	SERVING	7.007	6.463
2026-09-27T14:52:32.727Z	spark2	SERVING	10.011	4.090
2026-09-27T14:52:36.976Z	spark1	SERVING	6.980	6.463
2026-09-27T14:52:37.837Z	spark2	SERVING	10.016	4.090
2026-09-27T14:52:42.075Z	spark1	SERVING	7.000	6.463
2026-09-27T14:52:42.947Z	spark2	SERVING	10.015	4.090
2026-09-27T14:52:47.190Z	spark1	SERVING	6.950	6.463
2026-09-27T14:52:48.058Z	spark2	SERVING	10.003	4.090
2026-09-27T14:52:52.299Z	spark1	SERVING	6.981	6.463
2026-09-27T14:52:53.162Z	spark2	SERVING	10.008	4.090
2026-09-27T14:52:57.410Z	spark1	SERVING	6.944	6.463
2026-09-27T14:52:58.262Z	spark2	SERVING	10.017	4.090
2026-09-27T14:53:02.520Z	spark1	SERVING	6.969	6.463
2026-09-27T14:53:03.368Z	spark2	SERVING	10.019	4.090
2026-09-27T14:53:07.632Z	spark1	SERVING	6.969	6.463
2026-09-27T14:53:08.473Z	spark2	SERVING	10.028	4.090
2026-09-27T14:53:12.748Z	spark1	SERVING	6.979	6.463
2026-09-27T14:53:13.581Z	spark2	SERVING	10.034	4.090
2026-09-27T14:53:17.845Z	spark1	SERVING	6.947	6.463
2026-09-27T14:53:18.698Z	spark2	SERVING	10.036	4.090
2026-09-27T14:53:22.967Z	spark1	SERVING	6.978	6.463
2026-09-27T14:53:23.812Z	spark2	SERVING	10.040	4.090
2026-09-27T14:53:28.084Z	spark1	SERVING	6.972	6.463
2026-09-27T14:53:28.925Z	spark2	SERVING	10.044	4.090
2026-09-27T14:53:33.198Z	spark1	SERVING	6.957	6.463
2026-09-27T14:53:34.036Z	spark2	SERVING	10.044	4.090
2026-09-27T14:53:38.312Z	spark1	SERVING	6.971	6.463
2026-09-27T14:53:39.150Z	spark2	SERVING	10.048	4.090
2026-09-27T14:53:43.429Z	spark1	SERVING	6.960	6.463
2026-09-27T14:53:44.256Z	spark2	SERVING	10.044	4.090
2026-09-27T14:53:48.564Z	spark1	SERVING	6.973	6.463
2026-09-27T14:53:49.363Z	spark2	SERVING	10.046	4.090
2026-09-27T14:53:53.690Z	spark1	SERVING	6.936	6.463
2026-09-27T14:53:54.461Z	spark2	SERVING	10.040	4.090
2026-09-27T14:53:58.809Z	spark1	SERVING	6.976	6.463
2026-09-27T14:53:59.577Z	spark2	SERVING	10.043	4.090
2026-09-27T14:54:03.924Z	spark1	SERVING	6.941	6.463
2026-09-27T14:54:04.679Z	spark2	SERVING	10.032	4.089
2026-09-27T14:54:09.041Z	spark1	SERVING	6.958	6.463
2026-09-27T14:54:09.777Z	spark2	SERVING	10.036	4.089
2026-09-27T14:54:14.158Z	spark1	SERVING	6.980	6.463
2026-09-27T14:54:14.878Z	spark2	SERVING	10.011	4.089
2026-09-27T14:54:19.253Z	spark1	SERVING	6.982	6.463
2026-09-27T14:54:19.989Z	spark2	SERVING	10.022	4.089
2026-09-27T14:54:24.358Z	spark1	SERVING	6.977	6.463
2026-09-27T14:54:25.097Z	spark2	SERVING	10.028	4.089
2026-09-27T14:54:29.458Z	spark1	SERVING	6.990	6.463
2026-09-27T14:54:30.199Z	spark2	SERVING	10.046	4.089
2026-09-27T14:54:34.569Z	spark1	SERVING	6.994	6.463
2026-09-27T14:54:35.297Z	spark2	SERVING	10.048	4.089
2026-09-27T14:54:39.699Z	spark1	SERVING	6.948	6.463
2026-09-27T14:54:40.404Z	spark2	SERVING	10.036	4.089
2026-09-27T14:54:44.823Z	spark1	SERVING	6.997	6.463
2026-09-27T14:54:45.526Z	spark2	SERVING	10.042	4.089
2026-09-27T14:54:49.957Z	spark1	SERVING	6.966	6.463
2026-09-27T14:54:50.648Z	spark2	SERVING	10.040	4.089
2026-09-27T14:54:55.081Z	spark1	SERVING	6.973	6.463
2026-09-27T14:54:55.772Z	spark2	SERVING	10.043	4.089
2026-09-27T14:55:00.194Z	spark1	SERVING	6.949	6.463
2026-09-27T14:55:00.896Z	spark2	SERVING	10.034	4.089
2026-09-27T14:55:05.332Z	spark1	SERVING	6.977	6.463
2026-09-27T14:55:06.009Z	spark2	SERVING	10.034	4.089
2026-09-27T14:55:10.468Z	spark1	SERVING	6.973	6.463
2026-09-27T14:55:11.124Z	spark2	SERVING	10.043	4.089
2026-09-27T14:55:15.607Z	spark1	SERVING	6.977	6.463
2026-09-27T14:55:16.242Z	spark2	SERVING	10.042	4.089
2026-09-27T14:55:20.727Z	spark1	SERVING	6.976	6.463
2026-09-27T14:55:21.364Z	spark2	SERVING	10.034	4.089
2026-09-27T14:55:25.866Z	spark1	SERVING	6.982	6.463
2026-09-27T14:55:26.487Z	spark2	SERVING	10.036	4.089
2026-09-27T14:55:30.999Z	spark1	SERVING	7.015	6.463
2026-09-27T14:55:31.608Z	spark2	SERVING	10.039	4.089
2026-09-27T14:55:36.135Z	spark1	SERVING	7.009	6.463
2026-09-27T14:55:36.728Z	spark2	SERVING	10.028	4.089
2026-09-27T14:55:41.268Z	spark1	SERVING	6.997	6.463
2026-09-27T14:55:41.858Z	spark2	SERVING	10.031	4.089
2026-09-27T14:55:46.400Z	spark1	SERVING	6.987	6.463
2026-09-27T14:55:46.977Z	spark2	SERVING	10.021	4.089
2026-09-27T14:55:51.528Z	spark1	SERVING	7.006	6.463
2026-09-27T14:55:52.103Z	spark2	SERVING	10.024	4.089
2026-09-27T14:55:56.656Z	spark1	SERVING	6.970	6.463
2026-09-27T14:55:57.223Z	spark2	SERVING	10.036	4.089
2026-09-27T14:56:01.788Z	spark1	SERVING	6.999	6.463
2026-09-27T14:56:02.345Z	spark2	SERVING	10.035	4.089
2026-09-27T14:56:06.920Z	spark1	SERVING	6.975	6.463
2026-09-27T14:56:07.469Z	spark2	SERVING	10.032	4.089
2026-09-27T14:56:12.052Z	spark1	SERVING	7.005	6.463
2026-09-27T14:56:12.593Z	spark2	SERVING	10.033	4.089
2026-09-27T14:56:17.189Z	spark1	SERVING	6.987	6.463
2026-09-27T14:56:17.715Z	spark2	SERVING	10.017	4.089
2026-09-27T14:56:22.323Z	spark1	SERVING	6.983	6.463
2026-09-27T14:56:22.834Z	spark2	SERVING	10.022	4.089
2026-09-27T14:56:27.448Z	spark1	SERVING	7.002	6.463
2026-09-27T14:56:27.958Z	spark2	SERVING	10.025	4.089
2026-09-27T14:56:32.585Z	spark1	SERVING	7.014	6.463
2026-09-27T14:56:33.086Z	spark2	SERVING	10.010	4.089
2026-09-27T14:56:37.721Z	spark1	SERVING	7.016	6.463
2026-09-27T14:56:38.215Z	spark2	SERVING	10.016	4.089
2026-09-27T14:56:42.854Z	spark1	SERVING	7.008	6.463
2026-09-27T14:56:43.340Z	spark2	SERVING	10.029	4.089
2026-09-27T14:56:47.997Z	spark1	SERVING	7.044	6.463
2026-09-27T14:56:48.468Z	spark2	SERVING	10.029	4.089
2026-09-27T14:56:53.133Z	spark1	SERVING	7.000	6.463
2026-09-27T14:56:53.593Z	spark2	SERVING	10.029	4.089
2026-09-27T14:56:58.268Z	spark1	SERVING	7.013	6.463
2026-09-27T14:56:58.715Z	spark2	SERVING	10.029	4.089
2026-09-27T14:57:03.399Z	spark1	SERVING	7.004	6.463
2026-09-27T14:57:03.843Z	spark2	SERVING	10.018	4.089
2026-09-27T14:57:08.525Z	spark1	SERVING	7.020	6.463
2026-09-27T14:57:08.968Z	spark2	SERVING	10.019	4.089
2026-09-27T14:57:13.642Z	spark1	SERVING	7.006	6.462
2026-09-27T14:57:14.089Z	spark2	SERVING	10.018	4.089
2026-09-27T14:57:18.771Z	spark1	SERVING	7.031	6.462
2026-09-27T14:57:19.214Z	spark2	SERVING	10.017	4.089
2026-09-27T14:57:23.899Z	spark1	SERVING	7.015	6.462
2026-09-27T14:57:24.341Z	spark2	SERVING	10.017	4.089
2026-09-27T14:57:29.021Z	spark1	SERVING	7.004	6.462
2026-09-27T14:57:29.467Z	spark2	SERVING	10.027	4.088
2026-09-27T14:57:34.143Z	spark1	SERVING	7.035	6.462
2026-09-27T14:57:34.596Z	spark2	SERVING	10.028	4.088
2026-09-27T14:57:39.272Z	spark1	SERVING	7.012	6.462
2026-09-27T14:57:39.723Z	spark2	SERVING	10.008	4.088
2026-09-27T14:57:44.404Z	spark1	SERVING	7.021	6.462
2026-09-27T14:57:44.847Z	spark2	SERVING	10.014	4.088
2026-09-27T14:57:49.536Z	spark1	SERVING	6.994	6.462
2026-09-27T14:57:49.970Z	spark2	SERVING	10.011	4.088
2026-09-27T14:57:54.667Z	spark1	SERVING	7.004	6.462
2026-09-27T14:57:55.096Z	spark2	SERVING	10.018	4.088
2026-09-27T14:57:59.806Z	spark1	SERVING	6.983	6.462
2026-09-27T14:58:00.229Z	spark2	SERVING	10.015	4.088
2026-09-27T14:58:04.945Z	spark1	SERVING	6.995	6.462
2026-09-27T14:58:05.367Z	spark2	SERVING	10.018	4.088
2026-09-27T14:58:10.085Z	spark1	SERVING	6.976	6.462
2026-09-27T14:58:10.496Z	spark2	SERVING	10.026	4.088
2026-09-27T14:58:15.204Z	spark1	SERVING	7.013	6.462
2026-09-27T14:58:15.614Z	spark2	SERVING	10.027	4.088
2026-09-27T14:58:20.329Z	spark1	SERVING	7.002	6.462
2026-09-27T14:58:20.734Z	spark2	SERVING	10.026	4.088
2026-09-27T14:58:25.445Z	spark1	SERVING	6.981	6.462
2026-09-27T14:58:25.845Z	spark2	SERVING	10.013	4.088
2026-09-27T14:58:30.574Z	spark1	SERVING	6.984	6.462
2026-09-27T14:58:30.960Z	spark2	SERVING	10.020	4.088
2026-09-27T14:58:35.680Z	spark1	SERVING	6.974	6.462
2026-09-27T14:58:36.077Z	spark2	SERVING	10.019	4.088
2026-09-27T14:58:40.761Z	spark1	SERVING	6.982	6.462
2026-09-27T14:58:41.188Z	spark2	SERVING	10.020	4.088
2026-09-27T14:58:45.874Z	spark1	SERVING	6.979	6.462
2026-09-27T14:58:46.298Z	spark2	SERVING	10.006	4.088
2026-09-27T14:58:50.991Z	spark1	SERVING	6.987	6.462
2026-09-27T14:58:51.390Z	spark2	SERVING	10.012	4.088
2026-09-27T14:58:56.114Z	spark1	SERVING	6.992	6.462
2026-09-27T14:58:56.512Z	spark2	SERVING	10.027	4.088
2026-09-27T14:59:01.222Z	spark1	SERVING	7.010	6.462
2026-09-27T14:59:01.635Z	spark2	SERVING	10.027	4.088
2026-09-27T14:59:06.355Z	spark1	SERVING	6.982	6.462
2026-09-27T14:59:06.728Z	spark2	SERVING	10.006	4.088
2026-09-27T14:59:11.480Z	spark1	SERVING	7.003	6.462
2026-09-27T14:59:11.847Z	spark2	SERVING	10.012	4.088
2026-09-27T14:59:16.596Z	spark1	SERVING	6.992	6.462
2026-09-27T14:59:16.943Z	spark2	SERVING	10.020	4.088
2026-09-27T14:59:21.702Z	spark1	SERVING	6.979	6.462
2026-09-27T14:59:22.045Z	spark2	SERVING	10.025	4.088
2026-09-27T14:59:26.826Z	spark1	SERVING	6.990	6.462
2026-09-27T14:59:27.161Z	spark2	SERVING	10.025	4.088
2026-09-27T14:59:31.931Z	spark1	SERVING	6.987	6.462
2026-09-27T14:59:32.274Z	spark2	SERVING	10.012	4.088
2026-09-27T14:59:37.012Z	spark1	SERVING	7.000	6.462
2026-09-27T14:59:37.358Z	spark2	SERVING	10.014	4.088
2026-09-27T14:59:42.131Z	spark1	SERVING	6.989	6.462
2026-09-27T14:59:42.469Z	spark2	SERVING	10.018	4.088
2026-09-27T14:59:47.254Z	spark1	SERVING	6.998	6.462
2026-09-27T14:59:47.575Z	spark2	SERVING	10.021	4.088
2026-09-27T14:59:52.360Z	spark1	SERVING	7.074	6.462
2026-09-27T14:59:52.666Z	spark2	SERVING	10.002	4.088
2026-09-27T14:59:57.443Z	spark1	SERVING	7.118	6.462
2026-09-27T14:59:57.744Z	spark2	SERVING	10.019	4.088
2026-09-27T15:00:02.518Z	spark1	SERVING	7.099	6.462
2026-09-27T15:00:02.831Z	spark2	SERVING	10.037	4.088
2026-09-27T15:00:07.625Z	spark1	SERVING	7.065	6.462
2026-09-27T15:00:07.937Z	spark2	SERVING	10.035	4.088
2026-09-27T15:00:12.755Z	spark1	SERVING	7.030	6.462
2026-09-27T15:00:13.057Z	spark2	SERVING	10.025	4.088
2026-09-27T15:00:17.883Z	spark1	SERVING	7.070	6.462
2026-09-27T15:00:18.176Z	spark2	SERVING	10.028	4.088
2026-09-27T15:00:23.016Z	spark1	SERVING	7.063	6.462
2026-09-27T15:00:23.297Z	spark2	SERVING	10.027	4.088
2026-09-27T15:00:28.139Z	spark1	SERVING	7.089	6.462
2026-09-27T15:00:28.417Z	spark2	SERVING	10.023	4.088
2026-09-27T15:00:33.260Z	spark1	SERVING	7.084	6.462
2026-09-27T15:00:33.543Z	spark2	SERVING	10.023	4.088
2026-09-27T15:00:38.393Z	spark1	SERVING	7.071	6.462
2026-09-27T15:00:38.663Z	spark2	SERVING	10.017	4.088
2026-09-27T15:00:43.528Z	spark1	SERVING	7.083	6.462
2026-09-27T15:00:43.788Z	spark2	SERVING	10.021	4.088
2026-09-27T15:00:48.661Z	spark1	SERVING	7.072	6.462
2026-09-27T15:00:48.911Z	spark2	SERVING	10.018	4.088
2026-09-27T15:00:53.792Z	spark1	SERVING	7.088	6.462
2026-09-27T15:00:54.033Z	spark2	SERVING	10.018	4.088
2026-09-27T15:00:58.920Z	spark1	SERVING	7.036	6.462
2026-09-27T15:00:59.154Z	spark2	SERVING	9.991	4.088
2026-09-27T15:01:04.052Z	spark1	SERVING	7.081	6.462
2026-09-27T15:01:04.281Z	spark2	SERVING	10.002	4.088
2026-09-27T15:01:09.194Z	spark1	SERVING	7.054	6.462
2026-09-27T15:01:09.396Z	spark2	SERVING	10.018	4.088
2026-09-27T15:01:14.325Z	spark1	SERVING	7.079	6.462
2026-09-27T15:01:14.520Z	spark2	SERVING	10.019	4.088
2026-09-27T15:01:19.441Z	spark1	SERVING	7.072	6.462
2026-09-27T15:01:19.643Z	spark2	SERVING	10.021	4.088
2026-09-27T15:01:24.574Z	spark1	SERVING	7.053	6.462
2026-09-27T15:01:24.768Z	spark2	SERVING	10.035	4.088
2026-09-27T15:01:29.699Z	spark1	SERVING	7.089	6.462
2026-09-27T15:01:29.899Z	spark2	SERVING	10.041	4.088
2026-09-27T15:01:34.838Z	spark1	SERVING	7.075	6.462
2026-09-27T15:01:35.019Z	spark2	SERVING	10.033	4.088
2026-09-27T15:01:39.970Z	spark1	SERVING	7.092	6.462
2026-09-27T15:01:40.136Z	spark2	SERVING	10.035	4.088
2026-09-27T15:01:45.103Z	spark1	SERVING	7.081	6.461
2026-09-27T15:01:45.252Z	spark2	SERVING	10.030	4.088
2026-09-27T15:01:50.241Z	spark1	SERVING	7.093	6.461
2026-09-27T15:01:50.365Z	spark2	SERVING	10.030	4.088
2026-09-27T15:01:55.370Z	spark1	SERVING	7.055	6.461
2026-09-27T15:01:55.485Z	spark2	SERVING	10.012	4.088
2026-09-27T15:02:00.503Z	spark1	SERVING	7.067	6.461
2026-09-27T15:02:00.610Z	spark2	SERVING	10.026	4.088
2026-09-27T15:02:05.637Z	spark1	SERVING	7.024	6.461
2026-09-27T15:02:05.729Z	spark2	SERVING	10.005	4.088
2026-09-27T15:02:10.768Z	spark1	SERVING	7.058	6.461
2026-09-27T15:02:10.852Z	spark2	SERVING	10.022	4.088
2026-09-27T15:02:15.900Z	spark1	SERVING	7.057	6.461
2026-09-27T15:02:15.968Z	spark2	SERVING	10.013	4.088
2026-09-27T15:02:21.029Z	spark1	SERVING	7.051	6.461
2026-09-27T15:02:21.078Z	spark2	SERVING	10.017	4.088
2026-09-27T15:02:26.163Z	spark1	SERVING	7.034	6.460
2026-09-27T15:02:26.201Z	spark2	SERVING	10.022	4.088
2026-09-27T15:02:31.294Z	spark1	SERVING	7.036	6.460
2026-09-27T15:02:31.326Z	spark2	SERVING	10.027	4.088
2026-09-27T15:02:36.431Z	spark1	SERVING	7.043	6.460
2026-09-27T15:02:36.446Z	spark2	SERVING	10.029	4.088
2026-09-27T15:02:41.560Z	spark2	SERVING	10.024	4.088
2026-09-27T15:02:41.562Z	spark1	SERVING	7.032	6.460
2026-09-27T15:02:46.683Z	spark2	SERVING	10.024	4.088
2026-09-27T15:02:46.697Z	spark1	SERVING	7.069	6.460
2026-09-27T15:02:51.807Z	spark2	SERVING	10.039	4.088
2026-09-27T15:02:51.838Z	spark1	SERVING	7.056	6.460
2026-09-27T15:02:56.924Z	spark2	SERVING	10.044	4.088
2026-09-27T15:02:56.970Z	spark1	SERVING	7.089	6.460
2026-09-27T15:03:02.047Z	spark2	SERVING	10.035	4.088
2026-09-27T15:03:02.108Z	spark1	SERVING	7.059	6.460
2026-09-27T15:03:07.158Z	spark2	SERVING	10.035	4.088
2026-09-27T15:03:07.236Z	spark1	SERVING	7.080	6.460
2026-09-27T15:03:12.281Z	spark2	SERVING	10.026	4.088
2026-09-27T15:03:12.377Z	spark1	SERVING	7.066	6.460
2026-09-27T15:03:17.395Z	spark2	SERVING	10.025	4.088
2026-09-27T15:03:17.510Z	spark1	SERVING	7.053	6.460
2026-09-27T15:03:22.524Z	spark2	SERVING	10.027	4.088
2026-09-27T15:03:22.646Z	spark1	SERVING	7.051	6.460
2026-09-27T15:03:27.637Z	spark2	SERVING	10.025	4.088
2026-09-27T15:03:27.784Z	spark1	SERVING	7.061	6.460
2026-09-27T15:03:32.763Z	spark2	SERVING	10.029	4.088
2026-09-27T15:03:32.919Z	spark1	SERVING	7.071	6.460
2026-09-27T15:03:37.884Z	spark2	SERVING	10.022	4.088
2026-09-27T15:03:38.064Z	spark1	SERVING	7.072	6.460
2026-09-27T15:03:43.001Z	spark2	SERVING	10.023	4.088
2026-09-27T15:03:43.198Z	spark1	SERVING	7.072	6.460
2026-09-27T15:03:48.129Z	spark2	SERVING	10.032	4.088
2026-09-27T15:03:48.329Z	spark1	SERVING	7.051	6.460
2026-09-27T15:03:53.251Z	spark2	SERVING	10.037	4.088
2026-09-27T15:03:53.466Z	spark1	SERVING	7.076	6.460
2026-09-27T15:03:58.367Z	spark2	SERVING	10.028	4.088
2026-09-27T15:03:58.587Z	spark1	SERVING	7.060	6.460
2026-09-27T15:04:03.486Z	spark2	SERVING	10.034	4.088
2026-09-27T15:04:03.720Z	spark1	SERVING	7.091	6.460
2026-09-27T15:04:08.612Z	spark2	SERVING	9.971	4.088
2026-09-27T15:04:08.838Z	spark1	SERVING	7.055	6.460
2026-09-27T15:04:13.747Z	spark2	SERVING	9.876	4.088
2026-09-27T15:04:13.960Z	spark1	SERVING	7.066	6.460
2026-09-27T15:04:18.863Z	spark2	SERVING	9.915	4.088
2026-09-27T15:04:19.103Z	spark1	SERVING	7.075	6.460
2026-09-27T15:04:23.987Z	spark2	SERVING	9.955	4.088
2026-09-27T15:04:24.235Z	spark1	SERVING	7.066	6.457
2026-09-27T15:04:29.102Z	spark2	SERVING	9.976	4.088
2026-09-27T15:04:29.368Z	spark1	SERVING	7.082	6.457
2026-09-27T15:04:34.212Z	spark2	SERVING	9.953	4.088
2026-09-27T15:04:34.496Z	spark1	SERVING	7.052	6.457
2026-09-27T15:04:39.325Z	spark2	SERVING	9.942	4.088
2026-09-27T15:04:39.618Z	spark1	SERVING	7.074	6.457
2026-09-27T15:04:44.433Z	spark2	SERVING	9.968	4.088
2026-09-27T15:04:44.742Z	spark1	SERVING	7.045	6.457
2026-09-27T15:04:49.548Z	spark2	SERVING	9.977	4.088
2026-09-27T15:04:49.859Z	spark1	SERVING	7.045	6.457
2026-09-27T15:04:54.664Z	spark2	SERVING	10.000	4.088
2026-09-27T15:04:54.976Z	spark1	SERVING	7.039	6.457
2026-09-27T15:04:59.780Z	spark2	SERVING	9.979	4.088
2026-09-27T15:05:00.110Z	spark1	SERVING	7.056	6.457
2026-09-27T15:05:04.898Z	spark2	SERVING	9.965	4.088
2026-09-27T15:05:05.238Z	spark1	SERVING	7.039	6.457
2026-09-27T15:05:10.002Z	spark2	SERVING	9.959	4.088
2026-09-27T15:05:10.381Z	spark1	SERVING	7.060	6.457
2026-09-27T15:05:15.128Z	spark2	SERVING	9.949	4.088
2026-09-27T15:05:15.512Z	spark1	SERVING	7.045	6.457
2026-09-27T15:05:20.246Z	spark2	SERVING	9.946	4.088
2026-09-27T15:05:20.645Z	spark1	SERVING	7.061	6.457
2026-09-27T15:05:25.374Z	spark2	SERVING	9.954	4.088
2026-09-27T15:05:25.777Z	spark1	SERVING	7.074	6.457
2026-09-27T15:05:30.494Z	spark2	SERVING	9.967	4.088
2026-09-27T15:05:30.914Z	spark1	SERVING	7.047	6.457
2026-09-27T15:05:35.613Z	spark2	SERVING	9.977	4.088
2026-09-27T15:05:36.049Z	spark1	SERVING	7.048	6.457
2026-09-27T15:05:40.731Z	spark2	SERVING	9.988	4.088
2026-09-27T15:05:41.191Z	spark1	SERVING	7.063	6.457
2026-09-27T15:05:45.861Z	spark2	SERVING	9.990	4.088
2026-09-27T15:05:46.324Z	spark1	SERVING	7.063	6.457
2026-09-27T15:05:50.988Z	spark2	SERVING	9.996	4.088
2026-09-27T15:05:51.457Z	spark1	SERVING	7.046	6.457
2026-09-27T15:05:56.116Z	spark2	SERVING	9.997	4.088
2026-09-27T15:05:56.590Z	spark1	SERVING	7.053	6.457
2026-09-27T15:06:01.239Z	spark2	SERVING	10.001	4.088
2026-09-27T15:06:01.727Z	spark1	SERVING	7.071	6.457
2026-09-27T15:06:06.362Z	spark2	SERVING	10.009	4.088
2026-09-27T15:06:06.868Z	spark1	SERVING	7.093	6.457
2026-09-27T15:06:11.486Z	spark2	SERVING	10.011	4.088
2026-09-27T15:06:12.002Z	spark1	SERVING	7.099	6.457
2026-09-27T15:06:16.611Z	spark2	SERVING	9.990	4.088
2026-09-27T15:06:17.134Z	spark1	SERVING	7.103	6.457
2026-09-27T15:06:21.732Z	spark2	SERVING	9.997	4.088
2026-09-27T15:06:22.275Z	spark1	SERVING	7.073	6.457
2026-09-27T15:06:26.855Z	spark2	SERVING	9.995	4.088
2026-09-27T15:06:27.412Z	spark1	SERVING	7.103	6.457
2026-09-27T15:06:31.983Z	spark2	SERVING	9.999	4.088
2026-09-27T15:06:32.538Z	spark1	SERVING	7.100	6.457
2026-09-27T15:06:37.108Z	spark2	SERVING	9.981	4.088
2026-09-27T15:06:37.666Z	spark1	SERVING	7.076	6.457
2026-09-27T15:06:42.229Z	spark2	SERVING	9.995	4.088
2026-09-27T15:06:42.801Z	spark1	SERVING	7.095	6.457
2026-09-27T15:06:47.345Z	spark2	SERVING	10.007	4.088
2026-09-27T15:06:47.932Z	spark1	SERVING	7.071	6.457
2026-09-27T15:06:52.462Z	spark2	SERVING	10.012	4.088
2026-09-27T15:06:53.068Z	spark1	SERVING	7.087	6.457
2026-09-27T15:06:57.587Z	spark2	SERVING	9.995	4.088
2026-09-27T15:06:58.201Z	spark1	SERVING	7.071	6.457
2026-09-27T15:07:02.714Z	spark2	SERVING	9.999	4.088
2026-09-27T15:07:03.339Z	spark1	SERVING	7.096	6.457
2026-09-27T15:07:07.834Z	spark2	SERVING	10.001	4.088
2026-09-27T15:07:08.470Z	spark1	SERVING	7.091	6.457
2026-09-27T15:07:12.958Z	spark2	SERVING	9.998	4.088
2026-09-27T15:07:13.603Z	spark1	SERVING	7.075	6.457
2026-09-27T15:07:18.080Z	spark2	SERVING	10.001	4.088
2026-09-27T15:07:18.734Z	spark1	SERVING	7.091	6.457
2026-09-27T15:07:23.204Z	spark2	SERVING	10.003	4.087
2026-09-27T15:07:23.868Z	spark1	SERVING	7.078	6.457
2026-09-27T15:07:28.320Z	spark2	SERVING	10.006	4.087
2026-09-27T15:07:28.979Z	spark1	SERVING	7.083	6.457
2026-09-27T15:07:33.440Z	spark2	SERVING	10.018	4.087
2026-09-27T15:07:34.111Z	spark1	SERVING	7.058	6.457
2026-09-27T15:07:38.560Z	spark2	SERVING	10.018	4.087
2026-09-27T15:07:39.231Z	spark1	SERVING	7.075	6.457
2026-09-27T15:07:43.685Z	spark2	SERVING	10.021	4.087
2026-09-27T15:07:44.350Z	spark1	SERVING	7.056	6.457
2026-09-27T15:07:48.809Z	spark2	SERVING	10.022	4.087
2026-09-27T15:07:49.465Z	spark1	SERVING	7.055	6.457
2026-09-27T15:07:53.918Z	spark2	SERVING	10.010	4.087
2026-09-27T15:07:54.587Z	spark1	SERVING	7.065	6.457
2026-09-27T15:07:59.037Z	spark2	SERVING	10.010	4.087
2026-09-27T15:07:59.710Z	spark1	SERVING	7.067	6.457
2026-09-27T15:08:04.156Z	spark2	SERVING	10.012	4.087
2026-09-27T15:08:04.835Z	spark1	SERVING	7.076	6.457
2026-09-27T15:08:09.280Z	spark2	SERVING	10.009	4.087
2026-09-27T15:08:09.956Z	spark1	SERVING	7.038	6.457
2026-09-27T15:08:14.397Z	spark2	SERVING	10.011	4.087
2026-09-27T15:08:15.078Z	spark1	SERVING	7.064	6.457
2026-09-27T15:08:19.502Z	spark2	SERVING	10.021	4.087
2026-09-27T15:08:20.209Z	spark1	SERVING	7.075	6.457
2026-09-27T15:08:24.620Z	spark2	SERVING	10.023	4.087
2026-09-27T15:08:25.345Z	spark1	SERVING	7.071	6.457
2026-09-27T15:08:29.740Z	spark2	SERVING	10.014	4.087
2026-09-27T15:08:30.476Z	spark1	SERVING	7.035	6.457
2026-09-27T15:08:34.862Z	spark2	SERVING	10.014	4.087
2026-09-27T15:08:35.575Z	spark1	SERVING	7.056	6.457
2026-09-27T15:08:39.979Z	spark2	SERVING	10.010	4.087
2026-09-27T15:08:40.700Z	spark1	SERVING	7.060	6.457
2026-09-27T15:08:45.101Z	spark2	SERVING	10.015	4.087
2026-09-27T15:08:45.833Z	spark1	SERVING	7.074	6.457
2026-09-27T15:08:50.216Z	spark2	SERVING	10.004	4.087
2026-09-27T15:08:50.957Z	spark1	SERVING	7.081	6.457
2026-09-27T15:08:55.329Z	spark2	SERVING	10.007	4.087
2026-09-27T15:08:56.077Z	spark1	SERVING	7.066	6.457
2026-09-27T15:09:00.456Z	spark2	SERVING	10.007	4.087
2026-09-27T15:09:01.198Z	spark1	SERVING	7.069	6.457
2026-09-27T15:09:05.579Z	spark2	SERVING	10.014	4.087
2026-09-27T15:09:06.320Z	spark1	SERVING	7.071	6.457
2026-09-27T15:09:10.700Z	spark2	SERVING	10.014	4.087
2026-09-27T15:09:11.449Z	spark1	SERVING	7.072	6.457
2026-09-27T15:09:15.822Z	spark2	SERVING	10.015	4.087
2026-09-27T15:09:16.582Z	spark1	SERVING	7.063	6.457
2026-09-27T15:09:20.934Z	spark2	SERVING	10.024	4.087
2026-09-27T15:09:21.719Z	spark1	SERVING	7.077	6.457
2026-09-27T15:09:26.048Z	spark2	SERVING	10.021	4.087
2026-09-27T15:09:26.845Z	spark1	SERVING	7.083	6.457
2026-09-27T15:09:31.166Z	spark2	SERVING	10.024	4.087
2026-09-27T15:09:31.983Z	spark1	SERVING	7.067	6.457
2026-09-27T15:09:36.287Z	spark2	SERVING	10.029	4.087
2026-09-27T15:09:37.120Z	spark1	SERVING	7.058	6.457
2026-09-27T15:09:41.410Z	spark2	SERVING	10.033	4.087
2026-09-27T15:09:42.255Z	spark1	SERVING	7.072	6.457
2026-09-27T15:09:46.534Z	spark2	SERVING	10.028	4.087
2026-09-27T15:09:47.386Z	spark1	SERVING	7.054	6.457
2026-09-27T15:09:51.664Z	spark2	SERVING	10.028	4.087
2026-09-27T15:09:52.524Z	spark1	SERVING	7.070	6.457
2026-09-27T15:09:56.785Z	spark2	SERVING	10.029	4.087
2026-09-27T15:09:57.656Z	spark1	SERVING	7.055	6.457
2026-09-27T15:10:01.912Z	spark2	SERVING	9.994	4.087
2026-09-27T15:10:02.790Z	spark1	SERVING	7.071	6.457
2026-09-27T15:10:07.032Z	spark2	SERVING	10.011	4.087
2026-09-27T15:10:07.916Z	spark1	SERVING	7.060	6.457
2026-09-27T15:10:12.160Z	spark2	SERVING	10.015	4.087
2026-09-27T15:10:13.045Z	spark1	SERVING	7.056	6.457
2026-09-27T15:10:17.279Z	spark2	SERVING	10.020	4.087
2026-09-27T15:10:18.171Z	spark1	SERVING	7.056	6.457
2026-09-27T15:10:22.395Z	spark2	SERVING	10.015	4.087
2026-09-27T15:10:23.296Z	spark1	SERVING	7.038	6.456
2026-09-27T15:10:27.514Z	spark2	SERVING	10.018	4.087
2026-09-27T15:10:28.413Z	spark1	SERVING	7.035	6.456
2026-09-27T15:10:32.631Z	spark2	SERVING	10.022	4.087
2026-09-27T15:10:33.545Z	spark1	SERVING	7.046	6.456
2026-09-27T15:10:37.744Z	spark2	SERVING	10.022	4.087
2026-09-27T15:10:38.677Z	spark1	SERVING	7.086	6.456
2026-09-27T15:10:42.857Z	spark2	SERVING	10.018	4.087
2026-09-27T15:10:43.812Z	spark1	SERVING	7.051	6.456
2026-09-27T15:10:47.973Z	spark2	SERVING	10.021	4.087
2026-09-27T15:10:48.938Z	spark1	SERVING	7.067	6.456
2026-09-27T15:10:53.100Z	spark2	SERVING	10.022	4.087
2026-09-27T15:10:54.068Z	spark1	SERVING	7.047	6.456
2026-09-27T15:10:58.220Z	spark2	SERVING	10.015	4.087
2026-09-27T15:10:59.194Z	spark1	SERVING	7.065	6.456
2026-09-27T15:11:03.352Z	spark2	SERVING	10.015	4.087
2026-09-27T15:11:04.319Z	spark1	SERVING	7.056	6.456
2026-09-27T15:11:08.470Z	spark2	SERVING	9.994	4.087
2026-09-27T15:11:09.436Z	spark1	SERVING	7.044	6.456
2026-09-27T15:11:13.585Z	spark2	SERVING	10.005	4.087
2026-09-27T15:11:14.551Z	spark1	SERVING	7.049	6.456
2026-09-27T15:11:18.697Z	spark2	SERVING	10.013	4.087
2026-09-27T15:11:19.683Z	spark1	SERVING	7.058	6.456
2026-09-27T15:11:23.817Z	spark2	SERVING	10.012	4.087
2026-09-27T15:11:24.807Z	spark1	SERVING	7.055	6.456
2026-09-27T15:11:28.946Z	spark2	SERVING	9.999	4.087
2026-09-27T15:11:29.928Z	spark1	SERVING	7.029	6.456
2026-09-27T15:11:34.065Z	spark2	SERVING	10.002	4.087
2026-09-27T15:11:35.066Z	spark1	SERVING	7.043	6.456
2026-09-27T15:11:39.172Z	spark2	SERVING	10.005	4.086
2026-09-27T15:11:40.198Z	spark1	SERVING	7.050	6.456
2026-09-27T15:11:44.292Z	spark2	SERVING	10.004	4.086
2026-09-27T15:11:45.330Z	spark1	SERVING	7.044	6.456
2026-09-27T15:11:49.418Z	spark2	SERVING	10.004	4.086
2026-09-27T15:11:50.465Z	spark1	SERVING	7.003	6.456
2026-09-27T15:11:54.550Z	spark2	SERVING	10.011	4.086
2026-09-27T15:11:55.595Z	spark1	SERVING	7.035	6.456
2026-09-27T15:11:59.678Z	spark2	SERVING	10.012	4.086
2026-09-27T15:12:00.727Z	spark1	SERVING	7.045	6.456
2026-09-27T15:12:04.793Z	spark2	SERVING	10.007	4.086
2026-09-27T15:12:05.861Z	spark1	SERVING	7.025	6.456
2026-09-27T15:12:09.920Z	spark2	SERVING	10.007	4.086
2026-09-27T15:12:10.998Z	spark1	SERVING	7.021	6.456
2026-09-27T15:12:15.048Z	spark2	SERVING	10.017	4.086
2026-09-27T15:12:16.119Z	spark1	SERVING	7.040	6.456
2026-09-27T15:12:20.168Z	spark2	SERVING	10.019	4.086
2026-09-27T15:12:21.247Z	spark1	SERVING	7.041	6.456
2026-09-27T15:12:25.294Z	spark2	SERVING	10.003	4.086
2026-09-27T15:12:26.380Z	spark1	SERVING	7.045	6.456
2026-09-27T15:12:30.414Z	spark2	SERVING	10.011	4.086
2026-09-27T15:12:31.514Z	spark1	SERVING	7.053	6.456
2026-09-27T15:12:35.532Z	spark2	SERVING	10.019	4.086
2026-09-27T15:12:36.636Z	spark1	SERVING	7.077	6.456
2026-09-27T15:12:40.657Z	spark2	SERVING	10.022	4.086
2026-09-27T15:12:41.757Z	spark1	SERVING	7.077	6.456
2026-09-27T15:12:45.775Z	spark2	SERVING	10.022	4.086
2026-09-27T15:12:46.892Z	spark1	SERVING	7.018	6.456
2026-09-27T15:12:50.893Z	spark2	SERVING	10.016	4.086
2026-09-27T15:12:52.018Z	spark1	SERVING	7.065	6.456
2026-09-27T15:12:56.017Z	spark2	SERVING	10.017	4.086
2026-09-27T15:12:57.145Z	spark1	SERVING	7.073	6.456
2026-09-27T15:13:01.136Z	spark2	SERVING	10.022	4.086
2026-09-27T15:13:02.276Z	spark1	SERVING	7.060	6.456
2026-09-27T15:13:06.258Z	spark2	SERVING	10.024	4.086
2026-09-27T15:13:07.408Z	spark1	SERVING	7.064	6.456
2026-09-27T15:13:11.379Z	spark2	SERVING	10.000	4.086
2026-09-27T15:13:12.542Z	spark1	SERVING	7.076	6.456
2026-09-27T15:13:16.506Z	spark2	SERVING	10.012	4.086
2026-09-27T15:13:17.686Z	spark1	SERVING	7.067	6.456
2026-09-27T15:13:21.625Z	spark2	SERVING	10.006	4.086
2026-09-27T15:13:22.817Z	spark1	SERVING	7.035	6.456
2026-09-27T15:13:26.745Z	spark2	SERVING	10.017	4.086
2026-09-27T15:13:27.947Z	spark1	SERVING	7.076	6.456
2026-09-27T15:13:31.865Z	spark2	SERVING	10.010	4.086
2026-09-27T15:13:33.073Z	spark1	SERVING	7.082	6.456
2026-09-27T15:13:36.980Z	spark2	SERVING	10.011	4.086
2026-09-27T15:13:38.200Z	spark1	SERVING	7.081	6.456
2026-09-27T15:13:42.099Z	spark2	SERVING	10.016	4.086
2026-09-27T15:13:43.331Z	spark1	SERVING	7.030	6.456
2026-09-27T15:13:47.221Z	spark2	SERVING	10.024	4.086
2026-09-27T15:13:48.465Z	spark1	SERVING	7.072	6.456
2026-09-27T15:13:52.341Z	spark2	SERVING	10.025	4.086
2026-09-27T15:13:53.590Z	spark1	SERVING	7.051	6.456
2026-09-27T15:13:57.464Z	spark2	SERVING	10.015	4.086
2026-09-27T15:13:58.719Z	spark1	SERVING	7.069	6.456
2026-09-27T15:14:02.584Z	spark2	SERVING	10.017	4.086
2026-09-27T15:14:03.847Z	spark1	SERVING	7.086	6.456
2026-09-27T15:14:07.704Z	spark2	SERVING	10.029	4.086
2026-09-27T15:14:08.982Z	spark1	SERVING	7.083	6.456
2026-09-27T15:14:12.826Z	spark2	SERVING	10.038	4.086
2026-09-27T15:14:14.119Z	spark1	SERVING	7.110	6.456
2026-09-27T15:14:17.947Z	spark2	SERVING	10.029	4.086
2026-09-27T15:14:19.248Z	spark1	SERVING	7.075	6.456
2026-09-27T15:14:23.074Z	spark2	SERVING	10.031	4.086
2026-09-27T15:14:24.381Z	spark1	SERVING	7.088	6.456
2026-09-27T15:14:28.192Z	spark2	SERVING	9.992	4.086
2026-09-27T15:14:29.513Z	spark1	SERVING	7.078	6.456
2026-09-27T15:14:33.315Z	spark2	SERVING	10.002	4.086
2026-09-27T15:14:34.638Z	spark1	SERVING	7.080	6.456
2026-09-27T15:14:38.427Z	spark2	SERVING	10.004	4.086
2026-09-27T15:14:39.769Z	spark1	SERVING	7.016	6.456
2026-09-27T15:14:43.544Z	spark2	SERVING	10.020	4.086
2026-09-27T15:14:44.892Z	spark1	SERVING	7.073	6.456
2026-09-27T15:14:48.664Z	spark2	SERVING	10.022	4.086
2026-09-27T15:14:50.014Z	spark1	SERVING	7.023	6.456
2026-09-27T15:14:53.783Z	spark2	SERVING	10.012	4.086
2026-09-27T15:14:55.131Z	spark1	SERVING	7.061	6.456
2026-09-27T15:14:58.903Z	spark2	SERVING	10.013	4.086
2026-09-27T15:15:00.257Z	spark1	SERVING	7.063	6.456
2026-09-27T15:15:04.020Z	spark2	SERVING	10.020	4.086
2026-09-27T15:15:05.379Z	spark1	SERVING	7.038	6.456
2026-09-27T15:15:09.145Z	spark2	SERVING	10.022	4.086
2026-09-27T15:15:10.508Z	spark1	SERVING	7.040	6.455
2026-09-27T15:15:14.268Z	spark2	SERVING	10.018	4.086
2026-09-27T15:15:15.639Z	spark1	SERVING	7.047	6.455
2026-09-27T15:15:19.386Z	spark2	SERVING	10.024	4.086
2026-09-27T15:15:20.760Z	spark1	SERVING	7.049	6.455
2026-09-27T15:15:24.504Z	spark2	SERVING	10.016	4.086
2026-09-27T15:15:25.887Z	spark1	SERVING	7.052	6.455
2026-09-27T15:15:29.625Z	spark2	SERVING	10.019	4.086
2026-09-27T15:15:31.014Z	spark1	SERVING	7.046	6.455
2026-09-27T15:15:34.743Z	spark2	SERVING	10.007	4.086
2026-09-27T15:15:36.143Z	spark1	SERVING	7.042	6.455
2026-09-27T15:15:39.864Z	spark2	SERVING	10.019	4.086
2026-09-27T15:15:41.272Z	spark1	SERVING	7.052	6.455
2026-09-27T15:15:44.989Z	spark2	SERVING	10.018	4.086
2026-09-27T15:15:46.408Z	spark1	SERVING	7.033	6.455
2026-09-27T15:15:50.112Z	spark2	SERVING	10.030	4.086
2026-09-27T15:15:51.533Z	spark1	SERVING	7.035	6.455
2026-09-27T15:15:55.232Z	spark2	SERVING	10.030	4.086
2026-09-27T15:15:56.669Z	spark1	SERVING	7.070	6.455
2026-09-27T15:16:00.352Z	spark2	SERVING	10.030	4.086
2026-09-27T15:16:01.795Z	spark1	SERVING	7.082	6.455
2026-09-27T15:16:05.476Z	spark2	SERVING	10.030	4.086
2026-09-27T15:16:06.922Z	spark1	SERVING	7.073	6.455
2026-09-27T15:16:10.595Z	spark2	SERVING	10.042	4.086
2026-09-27T15:16:12.053Z	spark1	SERVING	7.096	6.455
2026-09-27T15:16:15.720Z	spark2	SERVING	10.043	4.086
2026-09-27T15:16:17.183Z	spark1	SERVING	7.088	6.455
2026-09-27T15:16:20.840Z	spark2	SERVING	10.010	4.086
2026-09-27T15:16:22.314Z	spark1	SERVING	7.070	6.455
2026-09-27T15:16:25.961Z	spark2	SERVING	10.018	4.086
2026-09-27T15:16:27.445Z	spark1	SERVING	7.085	6.455
2026-09-27T15:16:31.080Z	spark2	SERVING	10.032	4.086
2026-09-27T15:16:32.563Z	spark1	SERVING	7.049	6.455
2026-09-27T15:16:36.199Z	spark2	SERVING	10.033	4.086
2026-09-27T15:16:37.697Z	spark1	SERVING	7.070	6.455
2026-09-27T15:16:41.323Z	spark2	SERVING	10.032	4.086
2026-09-27T15:16:42.824Z	spark1	SERVING	7.075	6.455
2026-09-27T15:16:46.432Z	spark2	SERVING	10.012	4.086
2026-09-27T15:16:47.963Z	spark1	SERVING	7.069	6.455
2026-09-27T15:16:51.551Z	spark2	SERVING	10.020	4.086
2026-09-27T15:16:53.093Z	spark1	SERVING	7.054	6.455
2026-09-27T15:16:56.668Z	spark2	SERVING	10.017	4.086
2026-09-27T15:16:58.224Z	spark1	SERVING	7.062	6.455
2026-09-27T15:17:01.785Z	spark2	SERVING	10.020	4.086
2026-09-27T15:17:03.363Z	spark1	SERVING	7.084	6.455
2026-09-27T15:17:06.905Z	spark2	SERVING	10.028	4.086
2026-09-27T15:17:08.490Z	spark1	SERVING	7.038	6.455
2026-09-27T15:17:12.022Z	spark2	SERVING	10.028	4.086
2026-09-27T15:17:13.617Z	spark1	SERVING	7.062	6.455
2026-09-27T15:17:17.140Z	spark2	SERVING	10.020	4.086
2026-09-27T15:17:18.744Z	spark1	SERVING	7.053	6.455
2026-09-27T15:17:22.269Z	spark2	SERVING	10.027	4.086
2026-09-27T15:17:23.878Z	spark1	SERVING	7.049	6.455
2026-09-27T15:17:27.388Z	spark2	SERVING	10.018	4.086
2026-09-27T15:17:29.009Z	spark1	SERVING	7.032	6.455
2026-09-27T15:17:32.512Z	spark2	SERVING	10.030	4.086
2026-09-27T15:17:34.139Z	spark1	SERVING	7.037	6.455
2026-09-27T15:17:37.634Z	spark2	SERVING	10.028	4.086
2026-09-27T15:17:39.269Z	spark1	SERVING	7.032	6.455
2026-09-27T15:17:42.755Z	spark2	SERVING	10.026	4.086
2026-09-27T15:17:44.397Z	spark1	SERVING	7.043	6.455
2026-09-27T15:17:47.869Z	spark2	SERVING	10.026	4.086
2026-09-27T15:17:49.530Z	spark1	SERVING	7.035	6.455
2026-09-27T15:17:52.990Z	spark2	SERVING	10.007	4.086
2026-09-27T15:17:54.662Z	spark1	SERVING	7.035	6.455
2026-09-27T15:17:58.119Z	spark2	SERVING	10.018	4.086
2026-09-27T15:17:59.791Z	spark1	SERVING	7.054	6.455
2026-09-27T15:18:03.239Z	spark2	SERVING	10.017	4.086
2026-09-27T15:18:04.921Z	spark1	SERVING	7.040	6.455
2026-09-27T15:18:08.364Z	spark2	SERVING	10.018	4.086
2026-09-27T15:18:10.046Z	spark1	SERVING	7.040	6.455
2026-09-27T15:18:13.487Z	spark2	SERVING	10.004	4.086
2026-09-27T15:18:15.164Z	spark1	SERVING	7.041	6.455
2026-09-27T15:18:18.611Z	spark2	SERVING	10.007	4.086
2026-09-27T15:18:20.282Z	spark1	SERVING	7.044	6.455
2026-09-27T15:18:23.737Z	spark2	SERVING	9.996	4.086
2026-09-27T15:18:25.417Z	spark1	SERVING	7.029	6.455
2026-09-27T15:18:28.869Z	spark2	SERVING	10.000	4.086
2026-09-27T15:18:30.540Z	spark1	SERVING	7.060	6.455
2026-09-27T15:18:33.994Z	spark2	SERVING	10.011	4.086
2026-09-27T15:18:35.669Z	spark1	SERVING	7.056	6.455
2026-09-27T15:18:39.115Z	spark2	SERVING	10.018	4.086
2026-09-27T15:18:40.799Z	spark1	SERVING	7.038	6.455
2026-09-27T15:18:44.240Z	spark2	SERVING	10.023	4.086
2026-09-27T15:18:45.930Z	spark1	SERVING	7.064	6.455
2026-09-27T15:18:49.366Z	spark2	SERVING	10.016	4.086
2026-09-27T15:18:51.061Z	spark1	SERVING	7.067	6.455
2026-09-27T15:18:54.493Z	spark2	SERVING	10.021	4.086
2026-09-27T15:18:56.187Z	spark1	SERVING	6.988	6.455
2026-09-27T15:18:59.616Z	spark2	SERVING	10.011	4.086
2026-09-27T15:19:01.319Z	spark1	SERVING	7.024	6.455
2026-09-27T15:19:04.746Z	spark2	SERVING	10.014	4.086
2026-09-27T15:19:06.450Z	spark1	SERVING	7.036	6.455
2026-09-27T15:19:09.864Z	spark2	SERVING	10.015	4.085
2026-09-27T15:19:11.583Z	spark1	SERVING	7.056	6.455
2026-09-27T15:19:14.991Z	spark2	SERVING	10.015	4.085
2026-09-27T15:19:16.716Z	spark1	SERVING	7.066	6.455
2026-09-27T15:19:20.117Z	spark2	SERVING	10.020	4.085
2026-09-27T15:19:21.839Z	spark1	SERVING	7.046	6.455
2026-09-27T15:19:25.236Z	spark2	SERVING	10.021	4.085
2026-09-27T15:19:26.965Z	spark1	SERVING	7.052	6.455
2026-09-27T15:19:30.354Z	spark2	SERVING	10.021	4.085
2026-09-27T15:19:32.088Z	spark1	SERVING	7.059	6.455
2026-09-27T15:19:35.481Z	spark2	SERVING	10.015	4.085
2026-09-27T15:19:37.220Z	spark1	SERVING	7.062	6.455
2026-09-27T15:19:40.604Z	spark2	SERVING	10.016	4.085
2026-09-27T15:19:42.351Z	spark1	SERVING	7.029	6.455
2026-09-27T15:19:45.728Z	spark2	SERVING	10.015	4.085
2026-09-27T15:19:47.487Z	spark1	SERVING	7.027	6.454
2026-09-27T15:19:50.852Z	spark2	SERVING	10.015	4.085
2026-09-27T15:19:52.617Z	spark1	SERVING	7.013	6.454
2026-09-27T15:19:55.975Z	spark2	SERVING	10.010	4.085
2026-09-27T15:19:57.750Z	spark1	SERVING	7.033	6.453
2026-09-27T15:20:01.095Z	spark2	SERVING	10.014	4.085
2026-09-27T15:20:02.873Z	spark1	SERVING	7.044	6.453
2026-09-27T15:20:06.218Z	spark2	SERVING	10.012	4.085
2026-09-27T15:20:08.000Z	spark1	SERVING	6.933	6.453
2026-09-27T15:20:11.346Z	spark2	SERVING	10.014	4.085
2026-09-27T15:20:13.141Z	spark1	SERVING	6.935	6.453
2026-09-27T15:20:16.477Z	spark2	SERVING	10.005	4.085
2026-09-27T15:20:18.270Z	spark1	SERVING	6.921	6.453
2026-09-27T15:20:21.606Z	spark2	SERVING	10.008	4.085
2026-09-27T15:20:23.395Z	spark1	SERVING	6.991	6.453
2026-09-27T15:20:26.724Z	spark2	SERVING	10.013	4.085
2026-09-27T15:20:28.519Z	spark1	SERVING	6.962	6.453
2026-09-27T15:20:31.856Z	spark2	SERVING	9.998	4.085
2026-09-27T15:20:33.652Z	spark1	SERVING	6.986	6.453
2026-09-27T15:20:36.984Z	spark2	SERVING	10.008	4.085
2026-09-27T15:20:38.782Z	spark1	SERVING	6.977	6.453
2026-09-27T15:20:42.114Z	spark2	SERVING	10.009	4.085
2026-09-27T15:20:43.913Z	spark1	SERVING	6.965	6.453
2026-09-27T15:20:47.230Z	spark2	SERVING	10.011	4.085
2026-09-27T15:20:49.049Z	spark1	SERVING	6.978	6.453
2026-09-27T15:20:52.349Z	spark2	SERVING	10.008	4.085
2026-09-27T15:20:54.175Z	spark1	SERVING	6.997	6.453
2026-09-27T15:20:57.480Z	spark2	SERVING	10.010	4.085
2026-09-27T15:20:59.295Z	spark1	SERVING	6.963	6.453
2026-09-27T15:21:02.598Z	spark2	SERVING	9.999	4.085
2026-09-27T15:21:04.424Z	spark1	SERVING	6.976	6.453
2026-09-27T15:21:07.718Z	spark2	SERVING	10.004	4.085
2026-09-27T15:21:09.552Z	spark1	SERVING	6.985	6.453
2026-09-27T15:21:12.842Z	spark2	SERVING	10.017	4.085
2026-09-27T15:21:14.685Z	spark1	SERVING	7.008	6.453
2026-09-27T15:21:17.959Z	spark2	SERVING	10.022	4.085
2026-09-27T15:21:19.815Z	spark1	SERVING	7.017	6.453
2026-09-27T15:21:23.084Z	spark2	SERVING	10.026	4.085
2026-09-27T15:21:24.945Z	spark1	SERVING	7.025	6.453
2026-09-27T15:21:28.208Z	spark2	SERVING	10.029	4.085
2026-09-27T15:21:30.072Z	spark1	SERVING	7.020	6.453
2026-09-27T15:21:33.338Z	spark2	SERVING	10.029	4.085
2026-09-27T15:21:35.195Z	spark1	SERVING	7.023	6.453
2026-09-27T15:21:38.457Z	spark2	SERVING	10.013	4.085
2026-09-27T15:21:40.318Z	spark1	SERVING	7.013	6.453
2026-09-27T15:21:43.578Z	spark2	SERVING	10.015	4.085
2026-09-27T15:21:45.449Z	spark1	SERVING	7.030	6.453
2026-09-27T15:21:48.699Z	spark2	SERVING	10.010	4.085
2026-09-27T15:21:50.571Z	spark1	SERVING	7.019	6.453
2026-09-27T15:21:53.820Z	spark2	SERVING	10.011	4.085
2026-09-27T15:21:55.709Z	spark1	SERVING	7.052	6.453
2026-09-27T15:21:58.941Z	spark2	SERVING	10.021	4.085
2026-09-27T15:22:00.840Z	spark1	SERVING	7.034	6.453
2026-09-27T15:22:04.056Z	spark2	SERVING	10.023	4.085
2026-09-27T15:22:05.974Z	spark1	SERVING	7.055	6.453
2026-09-27T15:22:09.179Z	spark2	SERVING	10.022	4.085
2026-09-27T15:22:11.103Z	spark1	SERVING	7.009	6.453
2026-09-27T15:22:14.295Z	spark2	SERVING	10.016	4.085
2026-09-27T15:22:16.233Z	spark1	SERVING	7.048	6.453
2026-09-27T15:22:19.411Z	spark2	SERVING	10.018	4.085
2026-09-27T15:22:21.373Z	spark1	SERVING	7.024	6.453
2026-09-27T15:22:24.525Z	spark2	SERVING	10.015	4.084
2026-09-27T15:22:26.500Z	spark1	SERVING	7.028	6.453
2026-09-27T15:22:29.649Z	spark2	SERVING	10.017	4.084
2026-09-27T15:22:31.634Z	spark1	SERVING	7.032	6.453
2026-09-27T15:22:34.767Z	spark2	SERVING	10.015	4.084
2026-09-27T15:22:36.764Z	spark1	SERVING	7.033	6.453
2026-09-27T15:22:39.885Z	spark2	SERVING	10.004	4.084
2026-09-27T15:22:41.897Z	spark1	SERVING	7.041	6.453
2026-09-27T15:22:45.015Z	spark2	SERVING	9.991	4.084
2026-09-27T15:22:47.025Z	spark1	SERVING	7.022	6.453
2026-09-27T15:22:50.140Z	spark2	SERVING	9.993	4.084
2026-09-27T15:22:52.165Z	spark1	SERVING	7.038	6.453
2026-09-27T15:22:55.257Z	spark2	SERVING	9.989	4.084
2026-09-27T15:22:57.300Z	spark1	SERVING	7.045	6.453
2026-09-27T15:23:00.374Z	spark2	SERVING	9.996	4.084
2026-09-27T15:23:02.421Z	spark1	SERVING	7.049	6.453
2026-09-27T15:23:05.488Z	spark2	SERVING	9.997	4.084
2026-09-27T15:23:07.544Z	spark1	SERVING	7.039	6.453
2026-09-27T15:23:10.601Z	spark2	SERVING	9.983	4.084
2026-09-27T15:23:12.662Z	spark1	SERVING	7.071	6.453
2026-09-27T15:23:15.717Z	spark2	SERVING	9.988	4.084
2026-09-27T15:23:17.787Z	spark1	SERVING	7.024	6.453
2026-09-27T15:23:20.832Z	spark2	SERVING	9.985	4.084
2026-09-27T15:23:22.927Z	spark1	SERVING	7.025	6.452
2026-09-27T15:23:25.951Z	spark2	SERVING	9.987	4.084
2026-09-27T15:23:28.064Z	spark1	SERVING	7.022	6.452
2026-09-27T15:23:31.074Z	spark2	SERVING	9.980	4.084
2026-09-27T15:23:33.194Z	spark1	SERVING	7.034	6.452
2026-09-27T15:23:36.200Z	spark2	SERVING	9.989	4.084
2026-09-27T15:23:38.322Z	spark1	SERVING	7.057	6.452
2026-09-27T15:23:41.330Z	spark2	SERVING	9.998	4.084
2026-09-27T15:23:43.457Z	spark1	SERVING	7.035	6.452
2026-09-27T15:23:46.460Z	spark2	SERVING	10.001	4.084
2026-09-27T15:23:48.594Z	spark1	SERVING	7.033	6.452
2026-09-27T15:23:51.588Z	spark2	SERVING	9.998	4.083
2026-09-27T15:23:53.722Z	spark1	SERVING	7.037	6.452
2026-09-27T15:23:56.712Z	spark2	SERVING	9.997	4.083
2026-09-27T15:23:58.849Z	spark1	SERVING	7.047	6.452
2026-09-27T15:24:01.838Z	spark2	SERVING	9.998	4.083
2026-09-27T15:24:03.977Z	spark1	SERVING	7.015	6.452
2026-09-27T15:24:06.961Z	spark2	SERVING	10.009	4.083
2026-09-27T15:24:09.109Z	spark1	SERVING	7.042	6.452
2026-09-27T15:24:12.089Z	spark2	SERVING	10.009	4.083
2026-09-27T15:24:14.222Z	spark1	SERVING	7.023	6.452
2026-09-27T15:24:17.219Z	spark2	SERVING	9.997	4.083
2026-09-27T15:24:19.358Z	spark1	SERVING	7.025	6.452
2026-09-27T15:24:22.336Z	spark2	SERVING	10.000	4.083
2026-09-27T15:24:24.492Z	spark1	SERVING	7.017	6.449
2026-09-27T15:24:27.462Z	spark2	SERVING	10.010	4.083
2026-09-27T15:24:29.629Z	spark1	SERVING	7.007	6.449
2026-09-27T15:24:32.583Z	spark2	SERVING	10.010	4.083
2026-09-27T15:24:34.766Z	spark1	SERVING	7.035	6.449
2026-09-27T15:24:37.711Z	spark2	SERVING	10.003	4.083
2026-09-27T15:24:39.898Z	spark1	SERVING	7.040	6.449
2026-09-27T15:24:42.831Z	spark2	SERVING	10.012	4.083
2026-09-27T15:24:45.017Z	spark1	SERVING	7.060	6.449
2026-09-27T15:24:47.952Z	spark2	SERVING	10.010	4.083
2026-09-27T15:24:50.145Z	spark1	SERVING	7.045	6.449
2026-09-27T15:24:53.076Z	spark2	SERVING	10.011	4.083
2026-09-27T15:24:55.277Z	spark1	SERVING	7.064	6.449
2026-09-27T15:24:58.194Z	spark2	SERVING	10.008	4.083
2026-09-27T15:25:00.399Z	spark1	SERVING	7.029	6.449
2026-09-27T15:25:03.308Z	spark2	SERVING	9.999	4.083
2026-09-27T15:25:05.527Z	spark1	SERVING	7.051	6.449
2026-09-27T15:25:08.424Z	spark2	SERVING	10.004	4.083
2026-09-27T15:25:10.646Z	spark1	SERVING	7.023	6.449
2026-09-27T15:25:13.542Z	spark2	SERVING	9.995	4.083
2026-09-27T15:25:15.778Z	spark1	SERVING	7.030	6.449
2026-09-27T15:25:18.670Z	spark2	SERVING	9.998	4.083
2026-09-27T15:25:20.915Z	spark1	SERVING	7.027	6.449
2026-09-27T15:25:23.783Z	spark2	SERVING	9.986	4.083
2026-09-27T15:25:26.047Z	spark1	SERVING	7.042	6.449
2026-09-27T15:25:28.905Z	spark2	SERVING	9.988	4.083
2026-09-27T15:25:31.181Z	spark1	SERVING	7.048	6.449
2026-09-27T15:25:34.029Z	spark2	SERVING	9.975	4.083
2026-09-27T15:25:36.317Z	spark1	SERVING	7.022	6.449
2026-09-27T15:25:39.152Z	spark2	SERVING	9.975	4.083
2026-09-27T15:25:41.448Z	spark1	SERVING	7.059	6.449
2026-09-27T15:25:44.277Z	spark2	SERVING	9.960	4.083
2026-09-27T15:25:46.582Z	spark1	SERVING	7.020	6.448
2026-09-27T15:25:49.388Z	spark2	SERVING	9.968	4.083
2026-09-27T15:25:51.717Z	spark1	SERVING	7.034	6.448
2026-09-27T15:25:54.505Z	spark2	SERVING	9.974	4.083
2026-09-27T15:25:56.856Z	spark1	SERVING	7.050	6.448
2026-09-27T15:25:59.624Z	spark2	SERVING	9.976	4.083
2026-09-27T15:26:01.990Z	spark1	SERVING	7.055	6.448
2026-09-27T15:26:04.746Z	spark2	SERVING	9.981	4.083
2026-09-27T15:26:07.112Z	spark1	SERVING	7.016	6.448
2026-09-27T15:26:09.869Z	spark2	SERVING	9.988	4.083
2026-09-27T15:26:12.245Z	spark1	SERVING	7.043	6.448
2026-09-27T15:26:14.983Z	spark2	SERVING	9.988	4.083
2026-09-27T15:26:17.374Z	spark1	SERVING	7.031	6.448
2026-09-27T15:26:20.104Z	spark2	SERVING	9.978	4.083
2026-09-27T15:26:22.500Z	spark1	SERVING	7.037	6.448
2026-09-27T15:26:25.228Z	spark2	SERVING	9.978	4.083
2026-09-27T15:26:27.634Z	spark1	SERVING	7.062	6.448
2026-09-27T15:26:30.348Z	spark2	SERVING	9.986	4.083
2026-09-27T15:26:32.771Z	spark1	SERVING	7.052	6.448
2026-09-27T15:26:35.469Z	spark2	SERVING	9.989	4.083
2026-09-27T15:26:37.906Z	spark1	SERVING	7.055	6.448
2026-09-27T15:26:40.590Z	spark2	SERVING	9.986	4.083
2026-09-27T15:26:43.043Z	spark1	SERVING	7.013	6.447
2026-09-27T15:26:45.711Z	spark2	SERVING	9.987	4.083
2026-09-27T15:26:48.169Z	spark1	SERVING	7.023	6.447
2026-09-27T15:26:50.827Z	spark2	SERVING	9.956	4.083
2026-09-27T15:26:53.307Z	spark1	SERVING	7.027	6.447
2026-09-27T15:26:55.942Z	spark2	SERVING	9.960	4.083
2026-09-27T15:26:58.437Z	spark1	SERVING	7.031	6.447
2026-09-27T15:27:01.066Z	spark2	SERVING	9.971	4.083
2026-09-27T15:27:03.569Z	spark1	SERVING	7.018	6.447
2026-09-27T15:27:06.185Z	spark2	SERVING	9.983	4.083
2026-09-27T15:27:08.700Z	spark1	SERVING	7.041	6.447
2026-09-27T15:27:11.310Z	spark2	SERVING	9.985	4.083
2026-09-27T15:27:13.829Z	spark1	SERVING	7.007	6.447
2026-09-27T15:27:16.434Z	spark2	SERVING	9.975	4.083
2026-09-27T15:27:18.958Z	spark1	SERVING	7.027	6.447
2026-09-27T15:27:21.560Z	spark2	SERVING	9.974	4.083
2026-09-27T15:27:24.087Z	spark1	SERVING	7.031	6.446
2026-09-27T15:27:26.683Z	spark2	SERVING	9.976	4.083
2026-09-27T15:27:29.214Z	spark1	SERVING	7.012	6.446
2026-09-27T15:27:31.800Z	spark2	SERVING	9.984	4.083
2026-09-27T15:27:34.345Z	spark1	SERVING	7.012	6.446
2026-09-27T15:27:36.920Z	spark2	SERVING	9.973	4.083
2026-09-27T15:27:39.472Z	spark1	SERVING	7.007	6.446
2026-09-27T15:27:42.044Z	spark2	SERVING	9.974	4.083
2026-09-27T15:27:44.609Z	spark1	SERVING	7.021	6.446
2026-09-27T15:27:47.168Z	spark2	SERVING	9.977	4.083
2026-09-27T15:27:49.743Z	spark1	SERVING	7.001	6.446
2026-09-27T15:27:52.295Z	spark2	SERVING	9.989	4.083
2026-09-27T15:27:54.882Z	spark1	SERVING	7.024	6.446
2026-09-27T15:27:57.414Z	spark2	SERVING	9.991	4.083
2026-09-27T15:28:00.017Z	spark1	SERVING	7.043	6.446
2026-09-27T15:28:02.534Z	spark2	SERVING	9.965	4.083
2026-09-27T15:28:05.152Z	spark1	SERVING	7.036	6.446
2026-09-27T15:28:07.654Z	spark2	SERVING	9.974	4.083
2026-09-27T15:28:10.282Z	spark1	SERVING	7.016	6.446
2026-09-27T15:28:12.776Z	spark2	SERVING	9.977	4.083
2026-09-27T15:28:15.420Z	spark1	SERVING	7.051	6.446
2026-09-27T15:28:17.894Z	spark2	SERVING	9.982	4.083
2026-09-27T15:28:20.549Z	spark1	SERVING	7.031	6.446
2026-09-27T15:28:23.016Z	spark2	SERVING	9.976	4.083
2026-09-27T15:28:25.676Z	spark1	SERVING	7.017	6.446
2026-09-27T15:28:28.135Z	spark2	SERVING	9.992	4.083
2026-09-27T15:28:30.809Z	spark1	SERVING	7.041	6.446
2026-09-27T15:28:33.258Z	spark2	SERVING	9.976	4.083
2026-09-27T15:28:35.933Z	spark1	SERVING	7.019	6.446
2026-09-27T15:28:38.372Z	spark2	SERVING	9.982	4.083
2026-09-27T15:28:41.067Z	spark1	SERVING	7.043	6.446
2026-09-27T15:28:43.494Z	spark2	SERVING	9.990	4.083
2026-09-27T15:28:46.208Z	spark1	SERVING	7.031	6.446
2026-09-27T15:28:48.615Z	spark2	SERVING	9.990	4.083
2026-09-27T15:28:51.346Z	spark1	SERVING	7.039	6.446
2026-09-27T15:28:53.737Z	spark2	SERVING	9.992	4.083
2026-09-27T15:28:56.486Z	spark1	SERVING	7.029	6.446
2026-09-27T15:28:58.860Z	spark2	SERVING	9.990	4.083
2026-09-27T15:29:01.630Z	spark1	SERVING	7.034	6.446
2026-09-27T15:29:03.978Z	spark2	SERVING	9.995	4.083
2026-09-27T15:29:06.763Z	spark1	SERVING	7.002	6.446
2026-09-27T15:29:09.093Z	spark2	SERVING	9.958	4.082
2026-09-27T15:29:11.901Z	spark1	SERVING	7.030	6.446
2026-09-27T15:29:14.215Z	spark2	SERVING	9.870	4.076
2026-09-27T15:29:17.042Z	spark1	SERVING	7.021	6.446
2026-09-27T15:29:19.345Z	spark2	SERVING	9.899	4.076
2026-09-27T15:29:22.178Z	spark1	SERVING	7.012	6.446
2026-09-27T15:29:24.465Z	spark2	SERVING	9.921	4.076
2026-09-27T15:29:27.310Z	spark1	SERVING	7.041	6.446
2026-09-27T15:29:29.594Z	spark2	SERVING	9.935	4.076
2026-09-27T15:29:32.442Z	spark1	SERVING	7.017	6.446
2026-09-27T15:29:34.717Z	spark2	SERVING	9.939	4.076
2026-09-27T15:29:37.578Z	spark1	SERVING	7.027	6.446
2026-09-27T15:29:39.840Z	spark2	SERVING	9.942	4.076
2026-09-27T15:29:42.714Z	spark1	SERVING	6.980	6.446
2026-09-27T15:29:44.963Z	spark2	SERVING	9.962	4.076
2026-09-27T15:29:47.848Z	spark1	SERVING	6.988	6.446
2026-09-27T15:29:50.084Z	spark2	SERVING	9.964	4.076
2026-09-27T15:29:52.972Z	spark1	SERVING	6.956	6.446
2026-09-27T15:29:55.204Z	spark2	SERVING	9.963	4.076
2026-09-27T15:29:58.101Z	spark1	SERVING	6.978	6.446
2026-09-27T15:30:00.323Z	spark2	SERVING	9.963	4.076
2026-09-27T15:30:03.232Z	spark1	SERVING	6.969	6.446
2026-09-27T15:30:05.449Z	spark2	SERVING	9.969	4.076
2026-09-27T15:30:08.364Z	spark1	SERVING	7.013	6.446
2026-09-27T15:30:10.561Z	spark2	SERVING	9.969	4.076
2026-09-27T15:30:13.503Z	spark1	SERVING	7.015	6.446
2026-09-27T15:30:15.690Z	spark2	SERVING	9.944	4.076
2026-09-27T15:30:18.638Z	spark1	SERVING	6.991	6.446
2026-09-27T15:30:20.810Z	spark2	SERVING	9.957	4.076
2026-09-27T15:30:23.778Z	spark1	SERVING	6.997	6.446
2026-09-27T15:30:25.933Z	spark2	SERVING	9.965	4.076
2026-09-27T15:30:28.912Z	spark1	SERVING	7.002	6.446
2026-09-27T15:30:31.064Z	spark2	SERVING	9.967	4.076
2026-09-27T15:30:34.039Z	spark1	SERVING	7.035	6.446
2026-09-27T15:30:36.190Z	spark2	SERVING	9.977	4.076
2026-09-27T15:30:39.162Z	spark1	SERVING	7.019	6.446
2026-09-27T15:30:41.313Z	spark2	SERVING	9.976	4.076
2026-09-27T15:30:44.290Z	spark1	SERVING	7.030	6.446
2026-09-27T15:30:46.434Z	spark2	SERVING	9.977	4.076
2026-09-27T15:30:49.396Z	spark1	SERVING	7.001	6.446
2026-09-27T15:30:51.553Z	spark2	SERVING	9.971	4.076
2026-09-27T15:30:54.523Z	spark1	SERVING	7.028	6.446
2026-09-27T15:30:56.680Z	spark2	SERVING	9.973	4.076
2026-09-27T15:30:59.639Z	spark1	SERVING	7.025	6.446
2026-09-27T15:31:01.801Z	spark2	SERVING	9.979	4.076
2026-09-27T15:31:04.772Z	spark1	SERVING	7.011	6.446
2026-09-27T15:31:06.923Z	spark2	SERVING	9.980	4.076
2026-09-27T15:31:09.892Z	spark1	SERVING	7.012	6.446
2026-09-27T15:31:12.046Z	spark2	SERVING	9.976	4.076
2026-09-27T15:31:15.022Z	spark1	SERVING	7.016	6.446
2026-09-27T15:31:17.173Z	spark2	SERVING	9.979	4.076
2026-09-27T15:31:20.138Z	spark1	SERVING	7.013	6.446
2026-09-27T15:31:22.291Z	spark2	SERVING	9.955	4.076
2026-09-27T15:31:25.265Z	spark1	SERVING	7.016	6.446
2026-09-27T15:31:27.413Z	spark2	SERVING	9.964	4.076
2026-09-27T15:31:30.388Z	spark1	SERVING	7.020	6.446
2026-09-27T15:31:32.537Z	spark2	SERVING	9.975	4.076
2026-09-27T15:31:35.525Z	spark1	SERVING	7.033	6.446
2026-09-27T15:31:37.660Z	spark2	SERVING	9.976	4.076
2026-09-27T15:31:40.660Z	spark1	SERVING	7.037	6.446
2026-09-27T15:31:42.780Z	spark2	SERVING	9.978	4.076
2026-09-27T15:31:45.786Z	spark1	SERVING	6.973	6.445
2026-09-27T15:31:47.896Z	spark2	SERVING	9.983	4.076
2026-09-27T15:31:50.920Z	spark1	SERVING	7.027	6.445
2026-09-27T15:31:53.019Z	spark2	SERVING	9.984	4.076
2026-09-27T15:31:56.052Z	spark1	SERVING	7.026	6.445
2026-09-27T15:31:58.141Z	spark2	SERVING	9.973	4.076
2026-09-27T15:32:01.184Z	spark1	SERVING	7.022	6.445
2026-09-27T15:32:03.264Z	spark2	SERVING	9.981	4.076
2026-09-27T15:32:06.307Z	spark1	SERVING	7.029	6.445
2026-09-27T15:32:08.384Z	spark2	SERVING	9.983	4.076
2026-09-27T15:32:11.437Z	spark1	SERVING	7.056	6.445
2026-09-27T15:32:13.500Z	spark2	SERVING	9.991	4.076
2026-09-27T15:32:16.568Z	spark1	SERVING	7.032	6.445
2026-09-27T15:32:18.620Z	spark2	SERVING	9.970	4.076
2026-09-27T15:32:21.692Z	spark1	SERVING	7.044	6.445
2026-09-27T15:32:23.743Z	spark2	SERVING	9.974	4.076
2026-09-27T15:32:26.827Z	spark1	SERVING	7.056	6.445
2026-09-27T15:32:28.867Z	spark2	SERVING	9.974	4.076
2026-09-27T15:32:31.961Z	spark1	SERVING	7.034	6.445
2026-09-27T15:32:33.993Z	spark2	SERVING	9.978	4.076
2026-09-27T15:32:37.092Z	spark1	SERVING	7.050	6.445
2026-09-27T15:32:39.114Z	spark2	SERVING	9.978	4.076
2026-09-27T15:32:42.221Z	spark1	SERVING	7.032	6.445
2026-09-27T15:32:44.237Z	spark2	SERVING	9.971	4.076
2026-09-27T15:32:47.337Z	spark1	SERVING	7.047	6.445
2026-09-27T15:32:49.359Z	spark2	SERVING	9.973	4.076
2026-09-27T15:32:52.469Z	spark1	SERVING	7.016	6.445
2026-09-27T15:32:54.478Z	spark2	SERVING	9.980	4.076
2026-09-27T15:32:57.601Z	spark1	SERVING	7.024	6.445
2026-09-27T15:32:59.607Z	spark2	SERVING	9.979	4.076
2026-09-27T15:33:02.734Z	spark1	SERVING	6.995	6.445
2026-09-27T15:33:04.725Z	spark2	SERVING	9.980	4.076
2026-09-27T15:33:07.864Z	spark1	SERVING	7.010	6.445
2026-09-27T15:33:09.856Z	spark2	SERVING	9.982	4.076
2026-09-27T15:33:12.986Z	spark1	SERVING	7.021	6.445
2026-09-27T15:33:14.984Z	spark2	SERVING	9.982	4.076
2026-09-27T15:33:18.126Z	spark1	SERVING	6.996	6.445
2026-09-27T15:33:20.105Z	spark2	SERVING	9.982	4.076
2026-09-27T15:33:23.258Z	spark1	SERVING	6.998	6.445
2026-09-27T15:33:25.233Z	spark2	SERVING	9.968	4.076
2026-09-27T15:33:28.393Z	spark1	SERVING	6.995	6.445
2026-09-27T15:33:30.350Z	spark2	SERVING	9.972	4.076
2026-09-27T15:33:33.531Z	spark1	SERVING	7.007	6.445
2026-09-27T15:33:35.477Z	spark2	SERVING	9.949	4.076
2026-09-27T15:33:38.661Z	spark1	SERVING	7.017	6.445
2026-09-27T15:33:40.601Z	spark2	SERVING	9.959	4.076
2026-09-27T15:33:43.789Z	spark1	SERVING	7.021	6.445
2026-09-27T15:33:45.723Z	spark2	SERVING	9.964	4.076
2026-09-27T15:33:48.914Z	spark1	SERVING	7.000	6.445
2026-09-27T15:33:50.846Z	spark2	SERVING	9.964	4.076
2026-09-27T15:33:54.041Z	spark1	SERVING	7.028	6.445
2026-09-27T15:33:55.974Z	spark2	SERVING	9.966	4.076
2026-09-27T15:33:59.176Z	spark1	SERVING	7.022	6.445
2026-09-27T15:34:01.097Z	spark2	SERVING	9.951	4.076
2026-09-27T15:34:04.300Z	spark1	SERVING	7.015	6.445
2026-09-27T15:34:06.220Z	spark2	SERVING	9.964	4.076
2026-09-27T15:34:09.418Z	spark1	SERVING	7.017	6.445
2026-09-27T15:34:11.346Z	spark2	SERVING	9.963	4.076
2026-09-27T15:34:14.544Z	spark1	SERVING	7.037	6.445
2026-09-27T15:34:16.465Z	spark2	SERVING	9.966	4.076
2026-09-27T15:34:19.671Z	spark1	SERVING	7.041	6.445
2026-09-27T15:34:21.586Z	spark2	SERVING	9.967	4.076
2026-09-27T15:34:24.802Z	spark1	SERVING	6.993	6.444
2026-09-27T15:34:26.706Z	spark2	SERVING	9.971	4.076
2026-09-27T15:34:29.923Z	spark1	SERVING	7.019	6.444
2026-09-27T15:34:31.824Z	spark2	SERVING	9.970	4.076
2026-09-27T15:34:35.059Z	spark1	SERVING	7.004	6.444
2026-09-27T15:34:36.944Z	spark2	SERVING	9.972	4.076
2026-09-27T15:34:40.192Z	spark1	SERVING	7.018	6.444
2026-09-27T15:34:42.068Z	spark2	SERVING	9.970	4.076
2026-09-27T15:34:45.324Z	spark1	SERVING	6.997	6.444
2026-09-27T15:34:47.192Z	spark2	SERVING	9.964	4.076
2026-09-27T15:34:50.448Z	spark1	SERVING	7.003	6.444
2026-09-27T15:34:52.318Z	spark2	SERVING	9.971	4.076
2026-09-27T15:34:55.570Z	spark1	SERVING	6.997	6.444
2026-09-27T15:34:57.442Z	spark2	SERVING	9.954	4.076
2026-09-27T15:35:00.701Z	spark1	SERVING	7.013	6.444
2026-09-27T15:35:02.569Z	spark2	SERVING	9.960	4.076
2026-09-27T15:35:05.845Z	spark1	SERVING	6.997	6.444
2026-09-27T15:35:07.694Z	spark2	SERVING	9.967	4.076
2026-09-27T15:35:10.972Z	spark1	SERVING	7.015	6.444
2026-09-27T15:35:12.819Z	spark2	SERVING	9.967	4.076
2026-09-27T15:35:16.111Z	spark1	SERVING	7.023	6.444
2026-09-27T15:35:17.950Z	spark2	SERVING	9.959	4.075
2026-09-27T15:35:21.246Z	spark1	SERVING	7.002	6.444
2026-09-27T15:35:23.078Z	spark2	SERVING	9.964	4.075
2026-09-27T15:35:26.379Z	spark1	SERVING	7.019	6.444
2026-09-27T15:35:28.208Z	spark2	SERVING	9.953	4.075
2026-09-27T15:35:31.505Z	spark1	SERVING	6.977	6.444
2026-09-27T15:35:33.332Z	spark2	SERVING	9.982	4.075
2026-09-27T15:35:36.636Z	spark1	SERVING	6.994	6.444
2026-09-27T15:35:38.464Z	spark2	SERVING	9.983	4.075
2026-09-27T15:35:41.754Z	spark1	SERVING	7.002	6.444
2026-09-27T15:35:43.583Z	spark2	SERVING	9.984	4.075
2026-09-27T15:35:46.888Z	spark1	SERVING	6.991	6.444
2026-09-27T15:35:48.712Z	spark2	SERVING	9.987	4.075
2026-09-27T15:35:52.025Z	spark1	SERVING	6.995	6.444
2026-09-27T15:35:53.835Z	spark2	SERVING	9.963	4.075
2026-09-27T15:35:57.150Z	spark1	SERVING	6.989	6.444
2026-09-27T15:35:58.966Z	spark2	SERVING	9.972	4.075
2026-09-27T15:36:02.284Z	spark1	SERVING	7.026	6.444
2026-09-27T15:36:04.088Z	spark2	SERVING	9.978	4.075
2026-09-27T15:36:07.410Z	spark1	SERVING	7.032	6.444
2026-09-27T15:36:09.205Z	spark2	SERVING	9.982	4.075
2026-09-27T15:36:12.536Z	spark1	SERVING	7.032	6.444
2026-09-27T15:36:14.326Z	spark2	SERVING	9.963	4.075
2026-09-27T15:36:17.668Z	spark1	SERVING	7.026	6.444
2026-09-27T15:36:19.444Z	spark2	SERVING	9.969	4.075
2026-09-27T15:36:22.810Z	spark1	SERVING	7.055	6.444
2026-09-27T15:36:24.561Z	spark2	SERVING	9.969	4.075
2026-09-27T15:36:27.947Z	spark1	SERVING	7.033	6.444
2026-09-27T15:36:29.685Z	spark2	SERVING	9.974	4.075
2026-09-27T15:36:33.081Z	spark1	SERVING	7.037	6.444
2026-09-27T15:36:34.806Z	spark2	SERVING	9.976	4.075
2026-09-27T15:36:38.210Z	spark1	SERVING	7.016	6.444
2026-09-27T15:36:39.929Z	spark2	SERVING	9.981	4.075
2026-09-27T15:36:43.321Z	spark1	SERVING	7.035	6.444
2026-09-27T15:36:45.053Z	spark2	SERVING	9.983	4.075
2026-09-27T15:36:48.449Z	spark1	SERVING	7.041	6.444
2026-09-27T15:36:50.175Z	spark2	SERVING	9.983	4.075
2026-09-27T15:36:53.574Z	spark1	SERVING	7.043	6.444
2026-09-27T15:36:55.304Z	spark2	SERVING	9.985	4.075
2026-09-27T15:36:58.698Z	spark1	SERVING	7.042	6.444
2026-09-27T15:37:00.427Z	spark2	SERVING	9.959	4.075
2026-09-27T15:37:03.824Z	spark1	SERVING	7.020	6.444
2026-09-27T15:37:05.542Z	spark2	SERVING	9.962	4.075
2026-09-27T15:37:08.953Z	spark1	SERVING	7.025	6.444
2026-09-27T15:37:10.661Z	spark2	SERVING	9.966	4.075
2026-09-27T15:37:14.094Z	spark1	SERVING	7.021	6.444
2026-09-27T15:37:15.787Z	spark2	SERVING	9.976	4.075
2026-09-27T15:37:19.232Z	spark1	SERVING	7.025	6.444
2026-09-27T15:37:20.912Z	spark2	SERVING	9.961	4.075
2026-09-27T15:37:24.365Z	spark1	SERVING	7.005	6.444
2026-09-27T15:37:26.038Z	spark2	SERVING	9.985	4.075
2026-09-27T15:37:29.493Z	spark1	SERVING	7.003	6.444
2026-09-27T15:37:31.160Z	spark2	SERVING	9.985	4.075
2026-09-27T15:37:34.620Z	spark1	SERVING	6.975	6.444
2026-09-27T15:37:36.280Z	spark2	SERVING	9.967	4.075
2026-09-27T15:37:39.751Z	spark1	SERVING	6.998	6.444
2026-09-27T15:37:41.402Z	spark2	SERVING	9.979	4.075
2026-09-27T15:37:44.889Z	spark1	SERVING	7.004	6.444
2026-09-27T15:37:46.530Z	spark2	SERVING	9.982	4.075
2026-09-27T15:37:50.019Z	spark1	SERVING	6.994	6.444
2026-09-27T15:37:51.653Z	spark2	SERVING	9.982	4.075
2026-09-27T15:37:55.152Z	spark1	SERVING	7.004	6.444
2026-09-27T15:37:56.784Z	spark2	SERVING	9.979	4.075
2026-09-27T15:38:00.281Z	spark1	SERVING	7.033	6.444
2026-09-27T15:38:01.909Z	spark2	SERVING	9.980	4.075
2026-09-27T15:38:05.416Z	spark1	SERVING	7.005	6.444
2026-09-27T15:38:07.039Z	spark2	SERVING	9.984	4.075
2026-09-27T15:38:10.549Z	spark1	SERVING	7.005	6.444
2026-09-27T15:38:12.165Z	spark2	SERVING	9.985	4.075
2026-09-27T15:38:15.685Z	spark1	SERVING	7.042	6.444
2026-09-27T15:38:17.290Z	spark2	SERVING	9.963	4.075
2026-09-27T15:38:20.818Z	spark1	SERVING	7.047	6.444
2026-09-27T15:38:22.414Z	spark2	SERVING	9.989	4.075
2026-09-27T15:38:25.954Z	spark1	SERVING	7.024	6.444
2026-09-27T15:38:27.540Z	spark2	SERVING	9.988	4.075
2026-09-27T15:38:31.090Z	spark1	SERVING	7.005	6.444
2026-09-27T15:38:32.658Z	spark2	SERVING	9.980	4.075
2026-09-27T15:38:36.226Z	spark1	SERVING	7.008	6.444
2026-09-27T15:38:37.780Z	spark2	SERVING	9.982	4.075
2026-09-27T15:38:41.364Z	spark1	SERVING	6.808	6.444
2026-09-27T15:38:42.906Z	spark2	SERVING	9.973	4.075
2026-09-27T15:38:46.485Z	spark1	SERVING	6.856	6.433
2026-09-27T15:38:48.037Z	spark2	SERVING	9.973	4.075
2026-09-27T15:38:51.610Z	spark1	SERVING	6.855	6.432
2026-09-27T15:38:53.160Z	spark2	SERVING	9.985	4.075
2026-09-27T15:38:56.744Z	spark1	SERVING	6.923	6.431
2026-09-27T15:38:58.279Z	spark2	SERVING	9.985	4.075
2026-09-27T15:39:01.874Z	spark1	SERVING	6.967	6.431
2026-09-27T15:39:03.402Z	spark2	SERVING	9.961	4.075
2026-09-27T15:39:07.003Z	spark1	SERVING	6.968	6.431
2026-09-27T15:39:08.525Z	spark2	SERVING	9.967	4.075
2026-09-27T15:39:12.138Z	spark1	SERVING	6.987	6.431
2026-09-27T15:39:13.645Z	spark2	SERVING	9.958	4.075
2026-09-27T15:39:17.271Z	spark1	SERVING	6.951	6.431
2026-09-27T15:39:18.769Z	spark2	SERVING	9.964	4.075
2026-09-27T15:39:22.406Z	spark1	SERVING	6.928	6.431
2026-09-27T15:39:23.895Z	spark2	SERVING	9.979	4.075
2026-09-27T15:39:27.541Z	spark1	SERVING	6.920	6.430
2026-09-27T15:39:29.018Z	spark2	SERVING	9.970	4.075
2026-09-27T15:39:32.670Z	spark1	SERVING	6.921	6.430
2026-09-27T15:39:34.139Z	spark2	SERVING	9.974	4.075
2026-09-27T15:39:37.795Z	spark1	SERVING	6.927	6.430
2026-09-27T15:39:39.261Z	spark2	SERVING	9.972	4.075
2026-09-27T15:39:42.928Z	spark1	SERVING	6.963	6.430
2026-09-27T15:39:44.383Z	spark2	SERVING	9.979	4.075
2026-09-27T15:39:48.049Z	spark1	SERVING	6.945	6.430
2026-09-27T15:39:49.506Z	spark2	SERVING	9.975	4.075
2026-09-27T15:39:53.170Z	spark1	SERVING	6.970	6.430
2026-09-27T15:39:54.627Z	spark2	SERVING	9.976	4.075
2026-09-27T15:39:58.303Z	spark1	SERVING	6.941	6.430
2026-09-27T15:39:59.747Z	spark2	SERVING	9.973	4.075
2026-09-27T15:40:03.435Z	spark1	SERVING	6.963	6.430
2026-09-27T15:40:04.859Z	spark2	SERVING	9.976	4.075
2026-09-27T15:40:08.560Z	spark1	SERVING	6.960	6.430
2026-09-27T15:40:09.968Z	spark2	SERVING	9.966	4.075
2026-09-27T15:40:13.693Z	spark1	SERVING	7.001	6.420
2026-09-27T15:40:15.090Z	spark2	SERVING	9.972	4.075
2026-09-27T15:40:18.818Z	spark1	SERVING	6.998	6.420
2026-09-27T15:40:20.216Z	spark2	SERVING	9.972	4.075
2026-09-27T15:40:23.943Z	spark1	SERVING	6.991	6.420
2026-09-27T15:40:25.340Z	spark2	SERVING	9.978	4.075
2026-09-27T15:40:29.080Z	spark1	SERVING	7.032	6.420
2026-09-27T15:40:30.467Z	spark2	SERVING	9.983	4.075
2026-09-27T15:40:34.215Z	spark1	SERVING	7.005	6.420
2026-09-27T15:40:35.588Z	spark2	SERVING	9.999	4.075
2026-09-27T15:40:39.352Z	spark1	SERVING	6.996	6.420
2026-09-27T15:40:40.714Z	spark2	SERVING	10.000	4.075
2026-09-27T15:40:44.487Z	spark1	SERVING	7.015	6.420
2026-09-27T15:40:45.837Z	spark2	SERVING	9.982	4.075
2026-09-27T15:40:49.619Z	spark1	SERVING	7.014	6.420
2026-09-27T15:40:50.958Z	spark2	SERVING	9.983	4.075
2026-09-27T15:40:54.748Z	spark1	SERVING	7.006	6.420
2026-09-27T15:40:56.082Z	spark2	SERVING	9.966	4.075
2026-09-27T15:40:59.885Z	spark1	SERVING	7.020	6.420
2026-09-27T15:41:01.203Z	spark2	SERVING	9.977	4.075
2026-09-27T15:41:05.009Z	spark1	SERVING	7.034	6.420
2026-09-27T15:41:06.324Z	spark2	SERVING	9.970	4.075
2026-09-27T15:41:10.131Z	spark1	SERVING	7.007	6.420
2026-09-27T15:41:11.447Z	spark2	SERVING	9.978	4.075
2026-09-27T15:41:15.259Z	spark1	SERVING	7.029	6.420
2026-09-27T15:41:16.573Z	spark2	SERVING	9.979	4.075
2026-09-27T15:41:20.380Z	spark1	SERVING	6.997	6.420
2026-09-27T15:41:21.698Z	spark2	SERVING	9.981	4.075
2026-09-27T15:41:25.505Z	spark1	SERVING	7.009	6.420
2026-09-27T15:41:26.824Z	spark2	SERVING	9.986	4.075
2026-09-27T15:41:30.633Z	spark1	SERVING	7.012	6.420
2026-09-27T15:41:31.949Z	spark2	SERVING	9.984	4.075
2026-09-27T15:41:35.756Z	spark1	SERVING	7.031	6.420
2026-09-27T15:41:37.069Z	spark2	SERVING	9.985	4.075
2026-09-27T15:41:40.902Z	spark1	SERVING	7.043	6.420
2026-09-27T15:41:42.185Z	spark2	SERVING	9.979	4.075
2026-09-27T15:41:46.026Z	spark1	SERVING	7.049	6.420
2026-09-27T15:41:47.311Z	spark2	SERVING	9.982	4.075
2026-09-27T15:41:51.177Z	spark1	SERVING	7.018	6.420
2026-09-27T15:41:52.440Z	spark2	SERVING	9.967	4.075
2026-09-27T15:41:56.310Z	spark1	SERVING	7.021	6.420
2026-09-27T15:41:57.564Z	spark2	SERVING	9.972	4.075
2026-09-27T15:42:01.452Z	spark1	SERVING	7.046	6.420
2026-09-27T15:42:02.689Z	spark2	SERVING	9.965	4.075
2026-09-27T15:42:06.588Z	spark1	SERVING	7.016	6.420
2026-09-27T15:42:07.804Z	spark2	SERVING	9.969	4.075
2026-09-27T15:42:11.723Z	spark1	SERVING	7.040	6.420
2026-09-27T15:42:12.921Z	spark2	SERVING	9.970	4.075
2026-09-27T15:42:16.851Z	spark1	SERVING	7.029	6.420
2026-09-27T15:42:18.039Z	spark2	SERVING	9.976	4.075
2026-09-27T15:42:21.992Z	spark1	SERVING	7.037	6.420
2026-09-27T15:42:23.159Z	spark2	SERVING	9.979	4.075
2026-09-27T15:42:27.125Z	spark1	SERVING	7.001	6.420
2026-09-27T15:42:28.279Z	spark2	SERVING	9.978	4.075
2026-09-27T15:42:32.254Z	spark1	SERVING	7.036	6.420
2026-09-27T15:42:33.402Z	spark2	SERVING	9.982	4.075
2026-09-27T15:42:37.384Z	spark1	SERVING	6.994	6.420
2026-09-27T15:42:38.523Z	spark2	SERVING	9.977	4.075
2026-09-27T15:42:42.518Z	spark1	SERVING	7.007	6.420
2026-09-27T15:42:43.649Z	spark2	SERVING	9.979	4.075
2026-09-27T15:42:47.651Z	spark1	SERVING	7.009	6.420
2026-09-27T15:42:48.767Z	spark2	SERVING	9.968	4.075
2026-09-27T15:42:52.790Z	spark1	SERVING	7.008	6.420
2026-09-27T15:42:53.892Z	spark2	SERVING	9.971	4.075
2026-09-27T15:42:57.932Z	spark1	SERVING	7.006	6.420
2026-09-27T15:42:59.020Z	spark2	SERVING	9.953	4.075
2026-09-27T15:43:03.064Z	spark1	SERVING	7.002	6.420
2026-09-27T15:43:04.151Z	spark2	SERVING	9.963	4.075
2026-09-27T15:43:08.199Z	spark1	SERVING	6.993	6.420
2026-09-27T15:43:09.267Z	spark2	SERVING	9.973	4.075
2026-09-27T15:43:13.323Z	spark1	SERVING	6.995	6.420
2026-09-27T15:43:14.391Z	spark2	SERVING	9.977	4.075
2026-09-27T15:43:18.447Z	spark1	SERVING	7.004	6.420
2026-09-27T15:43:19.509Z	spark2	SERVING	9.987	4.075
2026-09-27T15:43:23.576Z	spark1	SERVING	7.007	6.420
2026-09-27T15:43:24.629Z	spark2	SERVING	9.971	4.075
2026-09-27T15:43:28.703Z	spark1	SERVING	7.018	6.420
2026-09-27T15:43:29.745Z	spark2	SERVING	9.975	4.075
2026-09-27T15:43:33.839Z	spark1	SERVING	7.004	6.420
2026-09-27T15:43:34.859Z	spark2	SERVING	9.964	4.075
2026-09-27T15:43:38.966Z	spark1	SERVING	7.000	6.420
2026-09-27T15:43:39.980Z	spark2	SERVING	9.969	4.075
2026-09-27T15:43:44.093Z	spark1	SERVING	6.991	6.420
2026-09-27T15:43:45.101Z	spark2	SERVING	9.977	4.075
2026-09-27T15:43:49.228Z	spark1	SERVING	7.011	6.420
2026-09-27T15:43:50.217Z	spark2	SERVING	9.976	4.075
2026-09-27T15:43:54.356Z	spark1	SERVING	7.012	6.417
2026-09-27T15:43:55.339Z	spark2	SERVING	9.978	4.075
2026-09-27T15:43:59.491Z	spark1	SERVING	7.013	6.416
2026-09-27T15:44:00.468Z	spark2	SERVING	9.982	4.075
2026-09-27T15:44:04.621Z	spark1	SERVING	7.018	6.416
2026-09-27T15:44:05.592Z	spark2	SERVING	9.983	4.075
2026-09-27T15:44:09.754Z	spark1	SERVING	6.981	6.416
2026-09-27T15:44:10.712Z	spark2	SERVING	9.978	4.075
2026-09-27T15:44:14.888Z	spark1	SERVING	6.942	6.412
2026-09-27T15:44:15.824Z	spark2	SERVING	9.978	4.075
2026-09-27T15:44:20.031Z	spark1	SERVING	6.955	6.412
2026-09-27T15:44:20.949Z	spark2	SERVING	9.976	4.074
2026-09-27T15:44:25.168Z	spark1	SERVING	6.968	6.412
2026-09-27T15:44:26.075Z	spark2	SERVING	9.977	4.074
2026-09-27T15:44:30.297Z	spark1	SERVING	6.936	6.412
2026-09-27T15:44:31.198Z	spark2	SERVING	9.963	4.074
2026-09-27T15:44:35.437Z	spark1	SERVING	6.957	6.412
2026-09-27T15:44:36.316Z	spark2	SERVING	9.965	4.074
2026-09-27T15:44:40.573Z	spark1	SERVING	6.927	6.411
2026-09-27T15:44:41.436Z	spark2	SERVING	9.971	4.074
2026-09-27T15:44:45.710Z	spark1	SERVING	6.953	6.411
2026-09-27T15:44:46.563Z	spark2	SERVING	9.970	4.074
2026-09-27T15:44:50.849Z	spark1	SERVING	6.960	6.411
2026-09-27T15:44:51.689Z	spark2	SERVING	9.964	4.074
2026-09-27T15:44:55.982Z	spark1	SERVING	6.956	6.411
2026-09-27T15:44:56.822Z	spark2	SERVING	9.966	4.074
2026-09-27T15:45:01.117Z	spark1	SERVING	6.989	6.411
2026-09-27T15:45:01.949Z	spark2	SERVING	9.969	4.074
2026-09-27T15:45:06.248Z	spark1	SERVING	6.966	6.411
2026-09-27T15:45:07.078Z	spark2	SERVING	9.969	4.074
2026-09-27T15:45:11.388Z	spark1	SERVING	6.972	6.411
2026-09-27T15:45:12.197Z	spark2	SERVING	9.973	4.074
2026-09-27T15:45:16.529Z	spark1	SERVING	6.966	6.411
2026-09-27T15:45:17.320Z	spark2	SERVING	9.962	4.074
2026-09-27T15:45:21.665Z	spark1	SERVING	6.942	6.410
2026-09-27T15:45:22.442Z	spark2	SERVING	9.965	4.074
2026-09-27T15:45:26.797Z	spark1	SERVING	6.919	6.410
2026-09-27T15:45:27.568Z	spark2	SERVING	9.953	4.074
2026-09-27T15:45:31.928Z	spark1	SERVING	6.951	6.409
2026-09-27T15:45:32.692Z	spark2	SERVING	9.957	4.074
2026-09-27T15:45:37.059Z	spark1	SERVING	6.925	6.409
2026-09-27T15:45:37.825Z	spark2	SERVING	9.958	4.074
2026-09-27T15:45:42.183Z	spark1	SERVING	6.960	6.409
2026-09-27T15:45:42.953Z	spark2	SERVING	9.964	4.074
2026-09-27T15:45:47.316Z	spark1	SERVING	6.942	6.409
2026-09-27T15:45:48.072Z	spark2	SERVING	9.974	4.074
2026-09-27T15:45:52.449Z	spark1	SERVING	6.937	6.409
2026-09-27T15:45:53.206Z	spark2	SERVING	9.982	4.074
2026-09-27T15:45:57.580Z	spark1	SERVING	6.921	6.409
2026-09-27T15:45:58.326Z	spark2	SERVING	9.982	4.074
2026-09-27T15:46:02.716Z	spark1	SERVING	6.928	6.409
2026-09-27T15:46:03.449Z	spark2	SERVING	9.990	4.074
2026-09-27T15:46:07.855Z	spark1	SERVING	6.938	6.409
2026-09-27T15:46:08.573Z	spark2	SERVING	9.989	4.074
2026-09-27T15:46:12.979Z	spark1	SERVING	6.942	6.409
2026-09-27T15:46:13.696Z	spark2	SERVING	9.978	4.074
2026-09-27T15:46:18.114Z	spark1	SERVING	6.955	6.409
2026-09-27T15:46:18.808Z	spark2	SERVING	9.979	4.074
2026-09-27T15:46:23.251Z	spark1	SERVING	6.911	6.409
2026-09-27T15:46:23.933Z	spark2	SERVING	9.953	4.074
2026-09-27T15:46:28.385Z	spark1	SERVING	6.936	6.409
2026-09-27T15:46:29.056Z	spark2	SERVING	9.960	4.074
2026-09-27T15:46:33.516Z	spark1	SERVING	6.932	6.408
2026-09-27T15:46:34.180Z	spark2	SERVING	9.982	4.073
2026-09-27T15:46:38.650Z	spark1	SERVING	6.947	6.408
2026-09-27T15:46:39.305Z	spark2	SERVING	9.982	4.073
2026-09-27T15:46:43.774Z	spark1	SERVING	6.934	6.408
2026-09-27T15:46:44.427Z	spark2	SERVING	9.959	4.073
2026-09-27T15:46:48.902Z	spark1	SERVING	6.944	6.408
2026-09-27T15:46:49.551Z	spark2	SERVING	9.968	4.073
2026-09-27T15:46:54.032Z	spark1	SERVING	6.939	6.407
2026-09-27T15:46:54.676Z	spark2	SERVING	9.967	4.073
2026-09-27T15:46:59.166Z	spark1	SERVING	6.949	6.407
2026-09-27T15:46:59.798Z	spark2	SERVING	9.982	4.073
2026-09-27T15:47:04.294Z	spark1	SERVING	6.960	6.407
2026-09-27T15:47:04.921Z	spark2	SERVING	9.987	4.073
2026-09-27T15:47:09.427Z	spark1	SERVING	6.929	6.405
2026-09-27T15:47:10.047Z	spark2	SERVING	9.974	4.073
2026-09-27T15:47:14.553Z	spark1	SERVING	6.944	6.405
2026-09-27T15:47:15.175Z	spark2	SERVING	9.988	4.073
2026-09-27T15:47:19.682Z	spark1	SERVING	6.966	6.405
2026-09-27T15:47:20.298Z	spark2	SERVING	9.987	4.073
2026-09-27T15:47:24.808Z	spark1	SERVING	6.968	6.403
2026-09-27T15:47:25.422Z	spark2	SERVING	9.987	4.073
2026-09-27T15:47:29.936Z	spark1	SERVING	6.938	6.403
2026-09-27T15:47:30.540Z	spark2	SERVING	9.976	4.073
2026-09-27T15:47:35.059Z	spark1	SERVING	6.946	6.403
2026-09-27T15:47:35.662Z	spark2	SERVING	9.978	4.073
2026-09-27T15:47:40.191Z	spark1	SERVING	6.919	6.403
2026-09-27T15:47:40.782Z	spark2	SERVING	9.973	4.073
2026-09-27T15:47:45.321Z	spark1	SERVING	6.958	6.396
2026-09-27T15:47:45.905Z	spark2	SERVING	9.979	4.073
2026-09-27T15:47:50.443Z	spark1	SERVING	6.940	6.396
2026-09-27T15:47:51.025Z	spark2	SERVING	9.980	4.073
2026-09-27T15:47:55.589Z	spark1	SERVING	6.926	6.396
2026-09-27T15:47:56.148Z	spark2	SERVING	9.977	4.073
2026-09-27T15:48:00.711Z	spark1	SERVING	6.939	6.396
2026-09-27T15:48:01.273Z	spark2	SERVING	9.979	4.073
2026-09-27T15:48:05.837Z	spark1	SERVING	6.969	6.396
2026-09-27T15:48:06.392Z	spark2	SERVING	9.966	4.073
2026-09-27T15:48:10.959Z	spark1	SERVING	6.968	6.396
2026-09-27T15:48:11.520Z	spark2	SERVING	9.970	4.073
2026-09-27T15:48:16.085Z	spark1	SERVING	6.948	6.396
2026-09-27T15:48:16.640Z	spark2	SERVING	9.953	4.073
2026-09-27T15:48:21.218Z	spark1	SERVING	6.974	6.396
2026-09-27T15:48:21.755Z	spark2	SERVING	9.963	4.073
2026-09-27T15:48:26.345Z	spark1	SERVING	6.969	6.396
2026-09-27T15:48:26.874Z	spark2	SERVING	9.956	4.073
2026-09-27T15:48:31.481Z	spark1	SERVING	6.984	6.396
2026-09-27T15:48:31.990Z	spark2	SERVING	9.959	4.073
2026-09-27T15:48:36.613Z	spark1	SERVING	6.949	6.396
2026-09-27T15:48:37.117Z	spark2	SERVING	9.972	4.073
2026-09-27T15:48:41.746Z	spark1	SERVING	6.943	6.396
2026-09-27T15:48:42.238Z	spark2	SERVING	9.972	4.073
2026-09-27T15:48:46.878Z	spark1	SERVING	6.939	6.396
2026-09-27T15:48:47.356Z	spark2	SERVING	9.967	4.073
2026-09-27T15:48:52.016Z	spark1	SERVING	6.949	6.396
2026-09-27T15:48:52.483Z	spark2	SERVING	9.977	4.073
2026-09-27T15:48:57.148Z	spark1	SERVING	6.957	6.396
2026-09-27T15:48:57.606Z	spark2	SERVING	9.977	4.073
2026-09-27T15:49:02.278Z	spark1	SERVING	6.925	6.396
2026-09-27T15:49:02.732Z	spark2	SERVING	9.973	4.073
2026-09-27T15:49:07.419Z	spark1	SERVING	6.941	6.396
2026-09-27T15:49:07.857Z	spark2	SERVING	9.973	4.073
2026-09-27T15:49:12.553Z	spark1	SERVING	6.934	6.396
2026-09-27T15:49:12.983Z	spark2	SERVING	9.980	4.073
2026-09-27T15:49:17.688Z	spark1	SERVING	6.944	6.396
2026-09-27T15:49:18.111Z	spark2	SERVING	9.981	4.073
2026-09-27T15:49:22.824Z	spark1	SERVING	6.937	6.396
2026-09-27T15:49:23.226Z	spark2	SERVING	9.969	4.073
2026-09-27T15:49:27.965Z	spark1	SERVING	6.949	6.396
2026-09-27T15:49:28.346Z	spark2	SERVING	9.977	4.073
2026-09-27T15:49:33.097Z	spark1	SERVING	6.935	6.396
2026-09-27T15:49:33.464Z	spark2	SERVING	9.985	4.073
2026-09-27T15:49:38.232Z	spark1	SERVING	6.931	6.396
2026-09-27T15:49:38.586Z	spark2	SERVING	9.988	4.073
2026-09-27T15:49:43.368Z	spark1	SERVING	6.953	6.396
2026-09-27T15:49:43.703Z	spark2	SERVING	9.973	4.073
2026-09-27T15:49:48.499Z	spark1	SERVING	6.943	6.396
2026-09-27T15:49:48.823Z	spark2	SERVING	9.991	4.073
2026-09-27T15:49:53.625Z	spark1	SERVING	6.950	6.396
2026-09-27T15:49:53.945Z	spark2	SERVING	9.990	4.073
2026-09-27T15:49:58.758Z	spark1	SERVING	6.898	6.396
2026-09-27T15:49:59.066Z	spark2	SERVING	9.995	4.073
2026-09-27T15:50:03.892Z	spark1	SERVING	6.938	6.396
2026-09-27T15:50:04.196Z	spark2	SERVING	9.995	4.073
2026-09-27T15:50:09.029Z	spark1	SERVING	6.942	6.395
2026-09-27T15:50:09.321Z	spark2	SERVING	9.985	4.073
2026-09-27T15:50:14.148Z	spark1	SERVING	6.966	6.395
2026-09-27T15:50:14.443Z	spark2	SERVING	9.986	4.073
2026-09-27T15:50:19.279Z	spark1	SERVING	6.937	6.395
2026-09-27T15:50:19.550Z	spark2	SERVING	9.984	4.073
2026-09-27T15:50:24.410Z	spark1	SERVING	6.937	6.395
2026-09-27T15:50:24.676Z	spark2	SERVING	9.986	4.073
2026-09-27T15:50:29.540Z	spark1	SERVING	6.937	6.395
2026-09-27T15:50:29.800Z	spark2	SERVING	9.977	4.073
2026-09-27T15:50:34.677Z	spark1	SERVING	6.924	6.391
2026-09-27T15:50:34.926Z	spark2	SERVING	9.981	4.073
2026-09-27T15:50:39.817Z	spark1	SERVING	6.922	6.391
2026-09-27T15:50:40.045Z	spark2	SERVING	9.981	4.073
2026-09-27T15:50:44.952Z	spark1	SERVING	6.935	6.391
2026-09-27T15:50:45.169Z	spark2	SERVING	9.986	4.073
2026-09-27T15:50:50.096Z	spark1	SERVING	6.943	6.391
2026-09-27T15:50:50.299Z	spark2	SERVING	9.987	4.073
2026-09-27T15:50:55.228Z	spark1	SERVING	6.917	6.391
2026-09-27T15:50:55.419Z	spark2	SERVING	9.977	4.073
2026-09-27T15:51:00.366Z	spark1	SERVING	6.937	6.391
2026-09-27T15:51:00.545Z	spark2	SERVING	9.980	4.073
2026-09-27T15:51:05.498Z	spark1	SERVING	6.918	6.391
2026-09-27T15:51:05.660Z	spark2	SERVING	9.973	4.073
2026-09-27T15:51:10.636Z	spark1	SERVING	6.903	6.391
2026-09-27T15:51:10.788Z	spark2	SERVING	9.977	4.073
2026-09-27T15:51:15.774Z	spark1	SERVING	6.931	6.391
2026-09-27T15:51:15.908Z	spark2	SERVING	9.986	4.073
2026-09-27T15:51:20.909Z	spark1	SERVING	6.929	6.391
2026-09-27T15:51:21.026Z	spark2	SERVING	9.989	4.073
2026-09-27T15:51:26.048Z	spark1	SERVING	6.920	6.391
2026-09-27T15:51:26.151Z	spark2	SERVING	9.970	4.073
2026-09-27T15:51:31.185Z	spark1	SERVING	6.936	6.391
2026-09-27T15:51:31.283Z	spark2	SERVING	9.976	4.073
2026-09-27T15:51:36.312Z	spark1	SERVING	6.918	6.391
2026-09-27T15:51:36.405Z	spark2	SERVING	9.949	4.073
2026-09-27T15:51:41.450Z	spark1	SERVING	6.943	6.391
2026-09-27T15:51:41.529Z	spark2	SERVING	9.956	4.073
2026-09-27T15:51:46.589Z	spark1	SERVING	6.964	6.391
2026-09-27T15:51:46.645Z	spark2	SERVING	9.961	4.073
2026-09-27T15:51:51.718Z	spark1	SERVING	6.930	6.391
2026-09-27T15:51:51.773Z	spark2	SERVING	9.968	4.073
2026-09-27T15:51:56.829Z	spark1	SERVING	6.917	6.391
2026-09-27T15:51:56.896Z	spark2	SERVING	9.969	4.073
2026-09-27T15:52:01.964Z	spark1	SERVING	6.927	6.391
2026-09-27T15:52:02.020Z	spark2	SERVING	9.986	4.073
2026-09-27T15:52:07.098Z	spark1	SERVING	6.924	6.391
2026-09-27T15:52:07.152Z	spark2	SERVING	9.985	4.073
2026-09-27T15:52:12.230Z	spark1	SERVING	6.916	6.391
2026-09-27T15:52:12.273Z	spark2	SERVING	9.979	4.073
2026-09-27T15:52:17.369Z	spark1	SERVING	6.936	6.391
2026-09-27T15:52:17.395Z	spark2	SERVING	9.981	4.073
2026-09-27T15:52:22.499Z	spark1	SERVING	6.924	6.391
2026-09-27T15:52:22.518Z	spark2	SERVING	9.969	4.073
2026-09-27T15:52:27.629Z	spark1	SERVING	6.937	6.391
2026-09-27T15:52:27.643Z	spark2	SERVING	9.971	4.073
2026-09-27T15:52:32.767Z	spark1	SERVING	6.959	6.391
2026-09-27T15:52:32.771Z	spark2	SERVING	9.970	4.073
2026-09-27T15:52:37.891Z	spark2	SERVING	9.975	4.073
2026-09-27T15:52:37.908Z	spark1	SERVING	6.956	6.391
2026-09-27T15:52:43.011Z	spark2	SERVING	9.980	4.073
2026-09-27T15:52:43.048Z	spark1	SERVING	6.960	6.391
2026-09-27T15:52:48.131Z	spark2	SERVING	9.964	4.073
2026-09-27T15:52:48.193Z	spark1	SERVING	6.943	6.391
2026-09-27T15:52:53.258Z	spark2	SERVING	9.976	4.073
2026-09-27T15:52:53.330Z	spark1	SERVING	6.960	6.391
2026-09-27T15:52:58.386Z	spark2	SERVING	9.972	4.072
2026-09-27T15:52:58.467Z	spark1	SERVING	6.911	6.391
2026-09-27T15:53:03.512Z	spark2	SERVING	9.973	4.072
2026-09-27T15:53:03.596Z	spark1	SERVING	6.941	6.391
2026-09-27T15:53:08.640Z	spark2	SERVING	9.962	4.072
2026-09-27T15:53:08.727Z	spark1	SERVING	6.929	6.390
2026-09-27T15:53:13.769Z	spark2	SERVING	9.965	4.072
2026-09-27T15:53:13.847Z	spark1	SERVING	6.923	6.390
2026-09-27T15:53:18.895Z	spark2	SERVING	9.964	4.072
2026-09-27T15:53:18.967Z	spark1	SERVING	6.955	6.390
2026-09-27T15:53:24.019Z	spark2	SERVING	9.965	4.072
2026-09-27T15:53:24.095Z	spark1	SERVING	6.946	6.390
2026-09-27T15:53:29.138Z	spark2	SERVING	9.955	4.072
2026-09-27T15:53:29.232Z	spark1	SERVING	6.921	6.390
2026-09-27T15:53:34.265Z	spark2	SERVING	9.976	4.072
2026-09-27T15:53:34.352Z	spark1	SERVING	6.938	6.390
2026-09-27T15:53:39.384Z	spark2	SERVING	9.978	4.072
2026-09-27T15:53:39.478Z	spark1	SERVING	6.927	6.390
2026-09-27T15:53:44.502Z	spark2	SERVING	9.980	4.072
2026-09-27T15:53:44.623Z	spark1	SERVING	6.911	6.390
2026-09-27T15:53:49.620Z	spark2	SERVING	9.982	4.072
2026-09-27T15:53:49.753Z	spark1	SERVING	6.933	6.390
2026-09-27T15:53:54.746Z	spark2	SERVING	9.970	4.072
2026-09-27T15:53:54.884Z	spark1	SERVING	6.939	6.390
2026-09-27T15:53:59.855Z	spark2	SERVING	9.973	4.072
2026-09-27T15:54:00.014Z	spark1	SERVING	6.940	6.390
2026-09-27T15:54:04.979Z	spark2	SERVING	9.971	4.072
2026-09-27T15:54:05.159Z	spark1	SERVING	6.910	6.390
2026-09-27T15:54:10.102Z	spark2	SERVING	9.976	4.072
2026-09-27T15:54:10.296Z	spark1	SERVING	6.927	6.390
2026-09-27T15:54:15.226Z	spark2	SERVING	9.984	4.072
2026-09-27T15:54:15.437Z	spark1	SERVING	6.924	6.390
2026-09-27T15:54:20.360Z	spark2	SERVING	9.986	4.072
2026-09-27T15:54:20.578Z	spark1	SERVING	6.934	6.390
2026-09-27T15:54:25.492Z	spark2	SERVING	9.977	4.072
2026-09-27T15:54:25.711Z	spark1	SERVING	6.936	6.390
2026-09-27T15:54:30.616Z	spark2	SERVING	9.984	4.072
2026-09-27T15:54:30.841Z	spark1	SERVING	6.935	6.390
2026-09-27T15:54:35.734Z	spark2	SERVING	9.983	4.072
2026-09-27T15:54:35.980Z	spark1	SERVING	6.956	6.390
2026-09-27T15:54:40.854Z	spark2	SERVING	9.973	4.072
2026-09-27T15:54:41.111Z	spark1	SERVING	6.946	6.390
2026-09-27T15:54:45.975Z	spark2	SERVING	9.973	4.072
2026-09-27T15:54:46.244Z	spark1	SERVING	6.970	6.390
2026-09-27T15:54:51.101Z	spark2	SERVING	9.974	4.072
2026-09-27T15:54:51.372Z	spark1	SERVING	6.965	6.390
2026-09-27T15:54:56.223Z	spark2	SERVING	9.979	4.072
2026-09-27T15:54:56.486Z	spark1	SERVING	6.959	6.390
2026-09-27T15:55:01.343Z	spark2	SERVING	9.944	4.072
2026-09-27T15:55:01.616Z	spark1	SERVING	6.929	6.390
2026-09-27T15:55:06.463Z	spark2	SERVING	9.957	4.072
2026-09-27T15:55:06.742Z	spark1	SERVING	6.971	6.390
2026-09-27T15:55:11.584Z	spark2	SERVING	9.976	4.072
2026-09-27T15:55:11.874Z	spark1	SERVING	6.959	6.390
2026-09-27T15:55:16.711Z	spark2	SERVING	9.979	4.072
2026-09-27T15:55:17.014Z	spark1	SERVING	6.968	6.390
2026-09-27T15:55:21.833Z	spark2	SERVING	9.976	4.072
2026-09-27T15:55:22.141Z	spark1	SERVING	6.946	6.390
2026-09-27T15:55:26.956Z	spark2	SERVING	9.978	4.072
2026-09-27T15:55:27.282Z	spark1	SERVING	6.940	6.390
2026-09-27T15:55:32.064Z	spark2	SERVING	9.979	4.072
2026-09-27T15:55:32.410Z	spark1	SERVING	6.917	6.390
2026-09-27T15:55:37.185Z	spark2	SERVING	9.982	4.072
2026-09-27T15:55:37.536Z	spark1	SERVING	6.924	6.390
2026-09-27T15:55:42.308Z	spark2	SERVING	9.983	4.072
2026-09-27T15:55:42.659Z	spark1	SERVING	6.896	6.390
2026-09-27T15:55:47.433Z	spark2	SERVING	9.972	4.072
2026-09-27T15:55:47.791Z	spark1	SERVING	6.887	6.390
2026-09-27T15:55:52.552Z	spark2	SERVING	9.974	4.072
2026-09-27T15:55:52.927Z	spark1	SERVING	6.892	6.390
2026-09-27T15:55:57.674Z	spark2	SERVING	9.984	4.072
2026-09-27T15:55:58.057Z	spark1	SERVING	6.873	6.390
2026-09-27T15:56:02.796Z	spark2	SERVING	9.986	4.072
2026-09-27T15:56:03.183Z	spark1	SERVING	6.895	6.390
2026-09-27T15:56:07.922Z	spark2	SERVING	9.959	4.072
2026-09-27T15:56:08.312Z	spark1	SERVING	6.906	6.390
2026-09-27T15:56:13.032Z	spark2	SERVING	9.969	4.072
2026-09-27T15:56:13.446Z	spark1	SERVING	6.910	6.390
2026-09-27T15:56:18.152Z	spark2	SERVING	9.979	4.072
2026-09-27T15:56:18.574Z	spark1	SERVING	6.912	6.390
2026-09-27T15:56:23.275Z	spark2	SERVING	9.979	4.072
2026-09-27T15:56:23.703Z	spark1	SERVING	6.928	6.390
2026-09-27T15:56:28.391Z	spark2	SERVING	9.977	4.072
2026-09-27T15:56:28.828Z	spark1	SERVING	6.918	6.390
2026-09-27T15:56:33.507Z	spark2	SERVING	9.965	4.071
2026-09-27T15:56:33.960Z	spark1	SERVING	6.946	6.390
2026-09-27T15:56:38.627Z	spark2	SERVING	9.968	4.071
2026-09-27T15:56:39.090Z	spark1	SERVING	6.954	6.390
2026-09-27T15:56:43.756Z	spark2	SERVING	9.966	4.071
2026-09-27T15:56:44.219Z	spark1	SERVING	6.936	6.390
2026-09-27T15:56:48.881Z	spark2	SERVING	9.974	4.071
2026-09-27T15:56:49.345Z	spark1	SERVING	6.958	6.390
2026-09-27T15:56:54.003Z	spark2	SERVING	9.973	4.071
2026-09-27T15:56:54.469Z	spark1	SERVING	6.916	6.390
2026-09-27T15:56:59.118Z	spark2	SERVING	9.973	4.071
2026-09-27T15:56:59.606Z	spark1	SERVING	6.927	6.390
2026-09-27T15:57:04.188Z	spark2	SERVING	9.705	4.071
2026-09-27T15:57:04.682Z	spark1	SERVING	6.671	6.390
2026-09-27T15:57:09.297Z	spark2	SERVING	9.524	4.071
2026-09-27T15:57:09.808Z	spark1	SERVING	6.583	6.390
2026-09-27T15:57:14.409Z	spark2	SERVING	9.621	4.071
2026-09-27T15:57:14.943Z	spark1	SERVING	6.681	6.390
2026-09-27T15:57:19.523Z	spark2	SERVING	9.691	4.071
2026-09-27T15:57:20.072Z	spark1	SERVING	6.773	6.390
2026-09-27T15:57:24.638Z	spark2	SERVING	9.746	4.071
2026-09-27T15:57:25.198Z	spark1	SERVING	6.822	6.390
2026-09-27T15:57:29.760Z	spark2	SERVING	9.799	4.071
2026-09-27T15:57:30.325Z	spark1	SERVING	6.887	6.390
2026-09-27T15:57:34.879Z	spark2	SERVING	9.839	4.071
2026-09-27T15:57:35.464Z	spark1	SERVING	6.908	6.390
2026-09-27T15:57:40.000Z	spark2	SERVING	9.894	4.071
2026-09-27T15:57:40.591Z	spark1	SERVING	6.920	6.390
2026-09-27T15:57:45.121Z	spark2	SERVING	9.914	4.071
2026-09-27T15:57:45.724Z	spark1	SERVING	6.939	6.390
2026-09-27T15:57:50.238Z	spark2	SERVING	9.935	4.071
2026-09-27T15:57:50.865Z	spark1	SERVING	6.902	6.390
2026-09-27T15:57:55.360Z	spark2	SERVING	9.944	4.071
2026-09-27T15:57:55.997Z	spark1	SERVING	6.943	6.390
2026-09-27T15:58:00.476Z	spark2	SERVING	9.939	4.071
2026-09-27T15:58:01.128Z	spark1	SERVING	6.932	6.390
2026-09-27T15:58:05.590Z	spark2	SERVING	9.944	4.071
2026-09-27T15:58:06.267Z	spark1	SERVING	6.959	6.390
2026-09-27T15:58:10.710Z	spark2	SERVING	9.948	4.071
2026-09-27T15:58:11.403Z	spark1	SERVING	6.918	6.390
2026-09-27T15:58:15.826Z	spark2	SERVING	9.948	4.071
2026-09-27T15:58:16.538Z	spark1	SERVING	6.929	6.390
2026-09-27T15:58:20.945Z	spark2	SERVING	9.943	4.071
2026-09-27T15:58:21.672Z	spark1	SERVING	6.933	6.390
2026-09-27T15:58:26.060Z	spark2	SERVING	9.945	4.071
2026-09-27T15:58:26.808Z	spark1	SERVING	6.931	6.390
2026-09-27T15:58:31.169Z	spark2	SERVING	9.957	4.071
2026-09-27T15:58:31.936Z	spark1	SERVING	6.939	6.390
2026-09-27T15:58:36.289Z	spark2	SERVING	9.962	4.071
2026-09-27T15:58:37.069Z	spark1	SERVING	6.936	6.390
2026-09-27T15:58:41.405Z	spark2	SERVING	9.965	4.071
2026-09-27T15:58:42.196Z	spark1	SERVING	6.953	6.390
2026-09-27T15:58:46.526Z	spark2	SERVING	9.957	4.071
2026-09-27T15:58:47.324Z	spark1	SERVING	6.922	6.390
2026-09-27T15:58:51.642Z	spark2	SERVING	9.958	4.071
2026-09-27T15:58:52.452Z	spark1	SERVING	6.937	6.390
2026-09-27T15:58:56.764Z	spark2	SERVING	9.966	4.071
2026-09-27T15:58:57.588Z	spark1	SERVING	6.938	6.390
2026-09-27T15:59:01.872Z	spark2	SERVING	9.966	4.071
2026-09-27T15:59:02.714Z	spark1	SERVING	6.927	6.390
2026-09-27T15:59:06.990Z	spark2	SERVING	9.959	4.071
2026-09-27T15:59:07.843Z	spark1	SERVING	6.924	6.390
2026-09-27T15:59:12.115Z	spark2	SERVING	9.962	4.071
2026-09-27T15:59:12.967Z	spark1	SERVING	6.947	6.390
2026-09-27T15:59:17.234Z	spark2	SERVING	9.961	4.071
2026-09-27T15:59:18.101Z	spark1	SERVING	6.928	6.390
2026-09-27T15:59:22.352Z	spark2	SERVING	9.953	4.071
2026-09-27T15:59:23.227Z	spark1	SERVING	6.946	6.390
2026-09-27T15:59:27.461Z	spark2	SERVING	9.954	4.071
2026-09-27T15:59:28.366Z	spark1	SERVING	6.938	6.390
2026-09-27T15:59:32.576Z	spark2	SERVING	9.934	4.071
2026-09-27T15:59:33.500Z	spark1	SERVING	6.939	6.390
2026-09-27T15:59:37.694Z	spark2	SERVING	9.949	4.071
2026-09-27T15:59:38.627Z	spark1	SERVING	6.955	6.390
2026-09-27T15:59:42.809Z	spark2	SERVING	9.952	4.071
2026-09-27T15:59:43.754Z	spark1	SERVING	6.943	6.390
2026-09-27T15:59:47.917Z	spark2	SERVING	9.954	4.071
2026-09-27T15:59:48.886Z	spark1	SERVING	6.941	6.390
2026-09-27T15:59:53.035Z	spark2	SERVING	9.962	4.071
2026-09-27T15:59:54.018Z	spark1	SERVING	6.916	6.390
2026-09-27T15:59:58.146Z	spark2	SERVING	9.965	4.071
2026-09-27T15:59:59.149Z	spark1	SERVING	6.927	6.390
2026-09-27T16:00:03.269Z	spark2	SERVING	9.966	4.071
2026-09-27T16:00:04.287Z	spark1	SERVING	6.920	6.390
2026-09-27T16:00:08.381Z	spark2	SERVING	9.970	4.071
2026-09-27T16:00:09.424Z	spark1	SERVING	6.949	6.390
2026-09-27T16:00:13.496Z	spark2	SERVING	9.970	4.071
2026-09-27T16:00:14.559Z	spark1	SERVING	6.941	6.390
2026-09-27T16:00:18.602Z	spark2	SERVING	9.970	4.070
2026-09-27T16:00:19.690Z	spark1	SERVING	6.918	6.390
2026-09-27T16:00:23.715Z	spark2	SERVING	9.970	4.070
2026-09-27T16:00:24.817Z	spark1	SERVING	6.921	6.390
2026-09-27T16:00:28.827Z	spark2	SERVING	9.970	4.070
2026-09-27T16:00:29.944Z	spark1	SERVING	6.910	6.390
2026-09-27T16:00:33.944Z	spark2	SERVING	9.971	4.070
2026-09-27T16:00:35.073Z	spark1	SERVING	6.966	6.390
2026-09-27T16:00:39.057Z	spark2	SERVING	9.940	4.070
2026-09-27T16:00:40.198Z	spark1	SERVING	6.960	6.390
2026-09-27T16:00:44.166Z	spark2	SERVING	9.950	4.070
2026-09-27T16:00:45.331Z	spark1	SERVING	6.948	6.390
2026-09-27T16:00:49.286Z	spark2	SERVING	9.958	4.070
2026-09-27T16:00:50.465Z	spark1	SERVING	6.941	6.390
2026-09-27T16:00:54.408Z	spark2	SERVING	9.962	4.070
2026-09-27T16:00:55.596Z	spark1	SERVING	6.965	6.390
2026-09-27T16:00:59.514Z	spark2	SERVING	9.960	4.070
2026-09-27T16:01:00.733Z	spark1	SERVING	6.952	6.390
2026-09-27T16:01:04.627Z	spark2	SERVING	9.965	4.070
2026-09-27T16:01:05.867Z	spark1	SERVING	6.860	6.326
2026-09-27T16:01:09.738Z	spark2	SERVING	9.965	4.070
2026-09-27T16:01:11.002Z	spark1	SERVING	6.853	6.326
2026-09-27T16:01:14.868Z	spark2	SERVING	9.952	4.070
2026-09-27T16:01:16.132Z	spark1	SERVING	6.844	6.326
2026-09-27T16:01:19.986Z	spark2	SERVING	9.952	4.070
2026-09-27T16:01:21.267Z	spark1	SERVING	6.854	6.326
2026-09-27T16:01:25.104Z	spark2	SERVING	9.947	4.070
2026-09-27T16:01:26.390Z	spark1	SERVING	6.865	6.326
2026-09-27T16:01:30.222Z	spark2	SERVING	9.956	4.070
2026-09-27T16:01:31.518Z	spark1	SERVING	6.868	6.326
2026-09-27T16:01:35.341Z	spark2	SERVING	9.965	4.070
2026-09-27T16:01:36.643Z	spark1	SERVING	6.853	6.326
2026-09-27T16:01:40.462Z	spark2	SERVING	9.966	4.070
2026-09-27T16:01:41.774Z	spark1	SERVING	6.876	6.326
2026-09-27T16:01:45.587Z	spark2	SERVING	9.948	4.070
2026-09-27T16:01:46.912Z	spark1	SERVING	6.858	6.326
2026-09-27T16:01:50.713Z	spark2	SERVING	9.951	4.070
2026-09-27T16:01:52.050Z	spark1	SERVING	6.845	6.326
2026-09-27T16:01:55.844Z	spark2	SERVING	9.941	4.070
2026-09-27T16:01:57.182Z	spark1	SERVING	6.826	6.326
2026-09-27T16:02:00.960Z	spark2	SERVING	9.957	4.070
2026-09-27T16:02:02.302Z	spark1	SERVING	6.870	6.326
2026-09-27T16:02:06.074Z	spark2	SERVING	9.964	4.070
2026-09-27T16:02:07.431Z	spark1	SERVING	6.854	6.326
2026-09-27T16:02:11.192Z	spark2	SERVING	9.972	4.070
2026-09-27T16:02:12.555Z	spark1	SERVING	6.858	6.326
2026-09-27T16:02:16.303Z	spark2	SERVING	9.972	4.070
2026-09-27T16:02:17.692Z	spark1	SERVING	6.825	6.326
2026-09-27T16:02:21.427Z	spark2	SERVING	9.966	4.070
2026-09-27T16:02:22.821Z	spark1	SERVING	6.858	6.326
2026-09-27T16:02:26.544Z	spark2	SERVING	9.968	4.070
2026-09-27T16:02:27.947Z	spark1	SERVING	6.856	6.326
2026-09-27T16:02:31.660Z	spark2	SERVING	9.987	4.070
2026-09-27T16:02:33.076Z	spark1	SERVING	6.833	6.326
2026-09-27T16:02:36.776Z	spark2	SERVING	9.987	4.070
2026-09-27T16:02:38.197Z	spark1	SERVING	6.843	6.326
2026-09-27T16:02:41.899Z	spark2	SERVING	9.975	4.070
2026-09-27T16:02:43.321Z	spark1	SERVING	6.815	6.326
2026-09-27T16:02:47.006Z	spark2	SERVING	9.978	4.070
2026-09-27T16:02:48.448Z	spark1	SERVING	6.843	6.326
2026-09-27T16:02:52.120Z	spark2	SERVING	9.964	4.070
2026-09-27T16:02:53.584Z	spark1	SERVING	6.806	6.326
2026-09-27T16:02:57.243Z	spark2	SERVING	9.967	4.070
2026-09-27T16:02:58.714Z	spark1	SERVING	6.832	6.326
2026-09-27T16:03:02.356Z	spark2	SERVING	9.969	4.070
2026-09-27T16:03:03.851Z	spark1	SERVING	6.850	6.326
2026-09-27T16:03:07.478Z	spark2	SERVING	9.967	4.070
2026-09-27T16:03:08.981Z	spark1	SERVING	6.824	6.326
2026-09-27T16:03:12.602Z	spark2	SERVING	9.967	4.070
2026-09-27T16:03:14.116Z	spark1	SERVING	6.853	6.326
2026-09-27T16:03:17.725Z	spark2	SERVING	9.963	4.070
2026-09-27T16:03:19.251Z	spark1	SERVING	6.842	6.326
2026-09-27T16:03:22.843Z	spark2	SERVING	9.963	4.070
2026-09-27T16:03:24.385Z	spark1	SERVING	6.852	6.326
2026-09-27T16:03:27.971Z	spark2	SERVING	9.970	4.070
2026-09-27T16:03:29.523Z	spark1	SERVING	6.822	6.326
2026-09-27T16:03:33.088Z	spark2	SERVING	9.970	4.070
2026-09-27T16:03:34.657Z	spark1	SERVING	6.826	6.326
2026-09-27T16:03:38.204Z	spark2	SERVING	9.974	4.070
2026-09-27T16:03:39.784Z	spark1	SERVING	6.832	6.326
2026-09-27T16:03:43.321Z	spark2	SERVING	9.974	4.070
2026-09-27T16:03:44.907Z	spark1	SERVING	6.833	6.326
2026-09-27T16:03:48.435Z	spark2	SERVING	9.965	4.070
2026-09-27T16:03:50.041Z	spark1	SERVING	6.844	6.326
2026-09-27T16:03:53.551Z	spark2	SERVING	9.969	4.070
2026-09-27T16:03:55.177Z	spark1	SERVING	6.832	6.326
2026-09-27T16:03:58.664Z	spark2	SERVING	9.970	4.070
2026-09-27T16:04:00.308Z	spark1	SERVING	6.814	6.326
2026-09-27T16:04:03.788Z	spark2	SERVING	9.959	4.070
2026-09-27T16:04:05.444Z	spark1	SERVING	6.855	6.326
2026-09-27T16:04:08.909Z	spark2	SERVING	9.938	4.070
2026-09-27T16:04:10.587Z	spark1	SERVING	6.876	6.326
2026-09-27T16:04:14.037Z	spark2	SERVING	9.842	4.070
2026-09-27T16:04:15.729Z	spark1	SERVING	6.870	6.326
2026-09-27T16:04:19.159Z	spark2	SERVING	9.852	4.070
2026-09-27T16:04:20.859Z	spark1	SERVING	6.853	6.323
2026-09-27T16:04:24.278Z	spark2	SERVING	9.883	4.070
2026-09-27T16:04:25.991Z	spark1	SERVING	6.826	6.323
2026-09-27T16:04:29.390Z	spark2	SERVING	9.913	4.070
2026-09-27T16:04:31.120Z	spark1	SERVING	6.862	6.323
2026-09-27T16:04:34.513Z	spark2	SERVING	9.886	4.070
2026-09-27T16:04:36.265Z	spark1	SERVING	6.849	6.323
2026-09-27T16:04:39.631Z	spark2	SERVING	9.911	4.070
2026-09-27T16:04:41.394Z	spark1	SERVING	6.859	6.323
2026-09-27T16:04:44.746Z	spark2	SERVING	9.907	4.070
2026-09-27T16:04:46.526Z	spark1	SERVING	6.856	6.323
2026-09-27T16:04:49.851Z	spark2	SERVING	9.915	4.070
2026-09-27T16:04:51.658Z	spark1	SERVING	6.869	6.323
2026-09-27T16:04:54.968Z	spark2	SERVING	9.888	4.070
2026-09-27T16:04:56.791Z	spark1	SERVING	6.830	6.323
2026-09-27T16:05:00.079Z	spark2	SERVING	9.891	4.070
2026-09-27T16:05:01.924Z	spark1	SERVING	6.847	6.323
2026-09-27T16:05:05.197Z	spark2	SERVING	9.907	4.070
2026-09-27T16:05:07.060Z	spark1	SERVING	6.824	6.323
2026-09-27T16:05:10.316Z	spark2	SERVING	9.900	4.070
2026-09-27T16:05:12.191Z	spark1	SERVING	6.847	6.323
2026-09-27T16:05:15.426Z	spark2	SERVING	9.920	4.070
2026-09-27T16:05:17.325Z	spark1	SERVING	6.875	6.323
2026-09-27T16:05:20.551Z	spark2	SERVING	9.897	4.070
2026-09-27T16:05:22.454Z	spark1	SERVING	6.838	6.323
2026-09-27T16:05:25.669Z	spark2	SERVING	9.919	4.070
2026-09-27T16:05:27.594Z	spark1	SERVING	6.847	6.323
2026-09-27T16:05:30.787Z	spark2	SERVING	9.954	4.070
2026-09-27T16:05:32.724Z	spark1	SERVING	6.834	6.323
2026-09-27T16:05:35.913Z	spark2	SERVING	9.955	4.070
2026-09-27T16:05:37.851Z	spark1	SERVING	6.838	6.323
2026-09-27T16:05:41.025Z	spark2	SERVING	9.957	4.070
2026-09-27T16:05:42.976Z	spark1	SERVING	6.809	6.323
2026-09-27T16:05:46.145Z	spark2	SERVING	9.955	4.070
2026-09-27T16:05:48.114Z	spark1	SERVING	6.811	6.323
2026-09-27T16:05:51.267Z	spark2	SERVING	9.955	4.070
2026-09-27T16:05:53.240Z	spark1	SERVING	6.795	6.323
2026-09-27T16:05:56.386Z	spark2	SERVING	9.941	4.070
2026-09-27T16:05:58.350Z	spark1	SERVING	6.829	6.323
2026-09-27T16:06:01.499Z	spark2	SERVING	9.945	4.070
2026-09-27T16:06:03.472Z	spark1	SERVING	6.814	6.323
2026-09-27T16:06:06.616Z	spark2	SERVING	9.938	4.070
2026-09-27T16:06:08.603Z	spark1	SERVING	6.847	6.323
2026-09-27T16:06:11.736Z	spark2	SERVING	9.951	4.070
2026-09-27T16:06:13.718Z	spark1	SERVING	6.848	6.323
2026-09-27T16:06:16.862Z	spark2	SERVING	9.953	4.070
2026-09-27T16:06:18.851Z	spark1	SERVING	6.848	6.323
2026-09-27T16:06:21.986Z	spark2	SERVING	9.955	4.070
2026-09-27T16:06:23.976Z	spark1	SERVING	6.873	6.323
2026-09-27T16:06:27.109Z	spark2	SERVING	9.950	4.070
2026-09-27T16:06:29.108Z	spark1	SERVING	6.845	6.323
2026-09-27T16:06:32.236Z	spark2	SERVING	9.952	4.070
2026-09-27T16:06:34.239Z	spark1	SERVING	6.836	6.323
2026-09-27T16:06:37.362Z	spark2	SERVING	9.944	4.070
2026-09-27T16:06:39.375Z	spark1	SERVING	6.823	6.323
2026-09-27T16:06:42.483Z	spark2	SERVING	9.955	4.070
2026-09-27T16:06:44.502Z	spark1	SERVING	6.832	6.323
2026-09-27T16:06:47.603Z	spark2	SERVING	9.961	4.070
2026-09-27T16:06:49.639Z	spark1	SERVING	6.837	6.323
2026-09-27T16:06:52.723Z	spark2	SERVING	9.976	4.070
2026-09-27T16:06:54.773Z	spark1	SERVING	6.847	6.323
2026-09-27T16:06:57.841Z	spark2	SERVING	9.976	4.070
2026-09-27T16:06:59.901Z	spark1	SERVING	6.822	6.323
2026-09-27T16:07:02.964Z	spark2	SERVING	9.948	4.070
2026-09-27T16:07:05.040Z	spark1	SERVING	6.830	6.323
2026-09-27T16:07:08.084Z	spark2	SERVING	9.957	4.070
2026-09-27T16:07:10.175Z	spark1	SERVING	6.835	6.323
2026-09-27T16:07:13.204Z	spark2	SERVING	9.959	4.070
2026-09-27T16:07:15.313Z	spark1	SERVING	6.842	6.323
2026-09-27T16:07:18.322Z	spark2	SERVING	9.960	4.070
2026-09-27T16:07:20.452Z	spark1	SERVING	6.850	6.323
2026-09-27T16:07:23.441Z	spark2	SERVING	9.940	4.070
2026-09-27T16:07:25.582Z	spark1	SERVING	6.852	6.323
2026-09-27T16:07:28.568Z	spark2	SERVING	9.944	4.070
2026-09-27T16:07:30.716Z	spark1	SERVING	6.848	6.323
2026-09-27T16:07:33.694Z	spark2	SERVING	9.958	4.070
2026-09-27T16:07:35.838Z	spark1	SERVING	6.808	6.323
2026-09-27T16:07:38.816Z	spark2	SERVING	9.963	4.070
2026-09-27T16:07:40.969Z	spark1	SERVING	6.869	6.323
2026-09-27T16:07:43.943Z	spark2	SERVING	9.964	4.070
2026-09-27T16:07:46.103Z	spark1	SERVING	6.841	6.323
2026-09-27T16:07:49.060Z	spark2	SERVING	9.959	4.070
2026-09-27T16:07:51.235Z	spark1	SERVING	6.834	6.323
2026-09-27T16:07:54.184Z	spark2	SERVING	9.962	4.070
2026-09-27T16:07:56.363Z	spark1	SERVING	6.821	6.323
2026-09-27T16:07:59.312Z	spark2	SERVING	9.962	4.070
2026-09-27T16:08:01.502Z	spark1	SERVING	6.858	6.323
2026-09-27T16:08:04.441Z	spark2	SERVING	9.971	4.070
2026-09-27T16:08:06.642Z	spark1	SERVING	6.838	6.323
2026-09-27T16:08:09.573Z	spark2	SERVING	9.976	4.070
2026-09-27T16:08:11.771Z	spark1	SERVING	6.837	6.323
2026-09-27T16:08:14.698Z	spark2	SERVING	9.976	4.070
2026-09-27T16:08:16.886Z	spark1	SERVING	6.827	6.323
2026-09-27T16:08:19.821Z	spark2	SERVING	9.969	4.070
2026-09-27T16:08:22.028Z	spark1	SERVING	6.822	6.323
2026-09-27T16:08:24.944Z	spark2	SERVING	9.975	4.070
2026-09-27T16:08:27.171Z	spark1	SERVING	6.857	6.323
2026-09-27T16:08:30.069Z	spark2	SERVING	9.933	4.070
2026-09-27T16:08:32.302Z	spark1	SERVING	6.851	6.323
2026-09-27T16:08:35.190Z	spark2	SERVING	9.950	4.070
2026-09-27T16:08:37.419Z	spark1	SERVING	6.848	6.323
2026-09-27T16:08:40.315Z	spark2	SERVING	9.960	4.070
2026-09-27T16:08:42.536Z	spark1	SERVING	6.832	6.323
2026-09-27T16:08:45.436Z	spark2	SERVING	9.968	4.070
2026-09-27T16:08:47.668Z	spark1	SERVING	6.847	6.323
2026-09-27T16:08:50.555Z	spark2	SERVING	9.970	4.070
2026-09-27T16:08:52.794Z	spark1	SERVING	6.842	6.323
2026-09-27T16:08:55.669Z	spark2	SERVING	9.965	4.070
2026-09-27T16:08:57.922Z	spark1	SERVING	6.855	6.323
2026-09-27T16:09:00.785Z	spark2	SERVING	9.969	4.070
2026-09-27T16:09:03.064Z	spark1	SERVING	6.860	6.323
2026-09-27T16:09:05.909Z	spark2	SERVING	9.984	4.070
2026-09-27T16:09:08.194Z	spark1	SERVING	6.861	6.323
2026-09-27T16:09:11.024Z	spark2	SERVING	9.983	4.070
2026-09-27T16:09:13.322Z	spark1	SERVING	6.847	6.323
2026-09-27T16:09:16.147Z	spark2	SERVING	9.963	4.070
2026-09-27T16:09:18.458Z	spark1	SERVING	6.810	6.322
2026-09-27T16:09:21.272Z	spark2	SERVING	9.966	4.070
2026-09-27T16:09:23.583Z	spark1	SERVING	6.793	6.322
2026-09-27T16:09:26.400Z	spark2	SERVING	9.965	4.070
2026-09-27T16:09:28.714Z	spark1	SERVING	6.811	6.322
2026-09-27T16:09:31.518Z	spark2	SERVING	9.972	4.070
2026-09-27T16:09:33.839Z	spark1	SERVING	6.809	6.322
2026-09-27T16:09:36.649Z	spark2	SERVING	9.957	4.070
2026-09-27T16:09:38.976Z	spark1	SERVING	6.815	6.322
2026-09-27T16:09:41.771Z	spark2	SERVING	9.952	4.070
2026-09-27T16:09:44.107Z	spark1	SERVING	6.832	6.322
2026-09-27T16:09:46.894Z	spark2	SERVING	9.962	4.070
2026-09-27T16:09:49.247Z	spark1	SERVING	6.791	6.322
2026-09-27T16:09:52.020Z	spark2	SERVING	9.968	4.070
2026-09-27T16:09:54.383Z	spark1	SERVING	6.795	6.322
2026-09-27T16:09:57.149Z	spark2	SERVING	9.969	4.070
2026-09-27T16:09:59.522Z	spark1	SERVING	6.816	6.322
2026-09-27T16:10:02.280Z	spark2	SERVING	9.963	4.070
2026-09-27T16:10:04.663Z	spark1	SERVING	6.796	6.322
2026-09-27T16:10:07.408Z	spark2	SERVING	9.964	4.070
2026-09-27T16:10:09.800Z	spark1	SERVING	6.800	6.322
2026-09-27T16:10:12.531Z	spark2	SERVING	9.973	4.070
2026-09-27T16:10:14.921Z	spark1	SERVING	6.817	6.322
2026-09-27T16:10:17.654Z	spark2	SERVING	9.974	4.070
2026-09-27T16:10:20.040Z	spark1	SERVING	6.820	6.322
2026-09-27T16:10:22.783Z	spark2	SERVING	9.976	4.070
2026-09-27T16:10:25.162Z	spark1	SERVING	6.810	6.322
2026-09-27T16:10:27.911Z	spark2	SERVING	9.978	4.070
2026-09-27T16:10:30.302Z	spark1	SERVING	6.836	6.322
2026-09-27T16:10:33.023Z	spark2	SERVING	9.965	4.070
2026-09-27T16:10:35.428Z	spark1	SERVING	6.799	6.322
2026-09-27T16:10:38.152Z	spark2	SERVING	9.967	4.070
2026-09-27T16:10:40.555Z	spark1	SERVING	6.790	6.322
2026-09-27T16:10:43.283Z	spark2	SERVING	9.974	4.070
2026-09-27T16:10:45.680Z	spark1	SERVING	6.778	6.322
2026-09-27T16:10:48.410Z	spark2	SERVING	9.954	4.070
2026-09-27T16:10:50.809Z	spark1	SERVING	6.792	6.322
2026-09-27T16:10:53.535Z	spark2	SERVING	9.963	4.070
2026-09-27T16:10:55.947Z	spark1	SERVING	6.788	6.322
2026-09-27T16:10:58.656Z	spark2	SERVING	9.942	4.069
2026-09-27T16:11:01.084Z	spark1	SERVING	6.823	6.322
2026-09-27T16:11:03.778Z	spark2	SERVING	9.950	4.069
2026-09-27T16:11:06.212Z	spark1	SERVING	6.819	6.322
2026-09-27T16:11:08.910Z	spark2	SERVING	9.949	4.069
2026-09-27T16:11:11.347Z	spark1	SERVING	6.802	6.322
2026-09-27T16:11:14.038Z	spark2	SERVING	9.954	4.069
2026-09-27T16:11:16.479Z	spark1	SERVING	6.823	6.322
2026-09-27T16:11:19.168Z	spark2	SERVING	9.957	4.069
2026-09-27T16:11:21.609Z	spark1	SERVING	6.800	6.322
2026-09-27T16:11:24.294Z	spark2	SERVING	9.961	4.069
2026-09-27T16:11:26.747Z	spark1	SERVING	6.807	6.322
2026-09-27T16:11:29.415Z	spark2	SERVING	9.960	4.069
2026-09-27T16:11:31.872Z	spark1	SERVING	6.802	6.322
2026-09-27T16:11:34.541Z	spark2	SERVING	9.964	4.069
2026-09-27T16:11:37.008Z	spark1	SERVING	6.794	6.322
2026-09-27T16:11:39.665Z	spark2	SERVING	9.965	4.069
2026-09-27T16:11:42.145Z	spark1	SERVING	6.768	6.322
2026-09-27T16:11:44.783Z	spark2	SERVING	9.945	4.069
2026-09-27T16:11:47.284Z	spark1	SERVING	6.817	6.322
2026-09-27T16:11:49.904Z	spark2	SERVING	9.950	4.069
2026-09-27T16:11:52.420Z	spark1	SERVING	6.811	6.322
2026-09-27T16:11:55.030Z	spark2	SERVING	9.951	4.069
2026-09-27T16:11:57.557Z	spark1	SERVING	6.822	6.322
2026-09-27T16:12:00.154Z	spark2	SERVING	9.968	4.069
2026-09-27T16:12:02.696Z	spark1	SERVING	6.810	6.322
2026-09-27T16:12:05.267Z	spark2	SERVING	9.960	4.069
2026-09-27T16:12:07.833Z	spark1	SERVING	6.832	6.322
2026-09-27T16:12:10.391Z	spark2	SERVING	9.963	4.069
2026-09-27T16:12:12.961Z	spark1	SERVING	6.808	6.322
2026-09-27T16:12:15.514Z	spark2	SERVING	9.965	4.069
2026-09-27T16:12:18.092Z	spark1	SERVING	6.792	6.322
2026-09-27T16:12:20.638Z	spark2	SERVING	9.968	4.069
2026-09-27T16:12:23.225Z	spark1	SERVING	6.807	6.322
2026-09-27T16:12:25.765Z	spark2	SERVING	9.952	4.069
2026-09-27T16:12:28.355Z	spark1	SERVING	6.759	6.322
2026-09-27T16:12:30.890Z	spark2	SERVING	9.965	4.069
2026-09-27T16:12:33.477Z	spark1	SERVING	6.780	6.322
2026-09-27T16:12:36.017Z	spark2	SERVING	9.972	4.069
2026-09-27T16:12:38.603Z	spark1	SERVING	6.778	6.322
2026-09-27T16:12:41.138Z	spark2	SERVING	9.976	4.069
2026-09-27T16:12:43.733Z	spark1	SERVING	6.833	6.322
2026-09-27T16:12:46.265Z	spark2	SERVING	9.976	4.069
2026-09-27T16:12:48.867Z	spark1	SERVING	6.808	6.322
2026-09-27T16:12:51.390Z	spark2	SERVING	9.972	4.069
2026-09-27T16:12:54.001Z	spark1	SERVING	6.818	6.322
2026-09-27T16:12:56.522Z	spark2	SERVING	9.972	4.069
2026-09-27T16:12:59.141Z	spark1	SERVING	6.811	6.322
2026-09-27T16:13:01.647Z	spark2	SERVING	9.928	4.069
2026-09-27T16:13:04.281Z	spark1	SERVING	6.821	6.322
2026-09-27T16:13:06.771Z	spark2	SERVING	9.942	4.069
2026-09-27T16:13:09.412Z	spark1	SERVING	6.797	6.321
2026-09-27T16:13:11.896Z	spark2	SERVING	9.948	4.069
2026-09-27T16:13:14.547Z	spark1	SERVING	6.807	6.321
2026-09-27T16:13:17.024Z	spark2	SERVING	9.953	4.069
2026-09-27T16:13:19.685Z	spark1	SERVING	6.819	6.321
2026-09-27T16:13:22.148Z	spark2	SERVING	9.958	4.069
2026-09-27T16:13:24.819Z	spark1	SERVING	6.800	6.321
2026-09-27T16:13:27.275Z	spark2	SERVING	9.959	4.069
2026-09-27T16:13:29.954Z	spark1	SERVING	6.797	6.321
2026-09-27T16:13:32.401Z	spark2	SERVING	9.958	4.069
2026-09-27T16:13:35.095Z	spark1	SERVING	6.798	6.321
2026-09-27T16:13:37.530Z	spark2	SERVING	9.963	4.069
2026-09-27T16:13:40.230Z	spark1	SERVING	6.812	6.321
2026-09-27T16:13:42.659Z	spark2	SERVING	9.965	4.069
2026-09-27T16:13:45.363Z	spark1	SERVING	6.790	6.321
2026-09-27T16:13:47.786Z	spark2	SERVING	9.946	4.069
2026-09-27T16:13:50.494Z	spark1	SERVING	6.807	6.321
2026-09-27T16:13:52.912Z	spark2	SERVING	9.956	4.069
2026-09-27T16:13:55.621Z	spark1	SERVING	6.802	6.321
2026-09-27T16:13:58.042Z	spark2	SERVING	9.961	4.069
2026-09-27T16:14:00.740Z	spark1	SERVING	6.790	6.321
2026-09-27T16:14:03.169Z	spark2	SERVING	9.961	4.069
2026-09-27T16:14:05.868Z	spark1	SERVING	6.784	6.321
2026-09-27T16:14:08.298Z	spark2	SERVING	9.948	4.069
2026-09-27T16:14:10.999Z	spark1	SERVING	6.789	6.321
2026-09-27T16:14:13.426Z	spark2	SERVING	9.952	4.069
2026-09-27T16:14:16.133Z	spark1	SERVING	6.791	6.321
2026-09-27T16:14:18.549Z	spark2	SERVING	9.953	4.069
2026-09-27T16:14:21.271Z	spark1	SERVING	6.779	6.321
2026-09-27T16:14:23.677Z	spark2	SERVING	9.957	4.069
2026-09-27T16:14:26.402Z	spark1	SERVING	6.776	6.321
2026-09-27T16:14:28.797Z	spark2	SERVING	9.969	4.069
2026-09-27T16:14:31.534Z	spark1	SERVING	6.752	6.321
2026-09-27T16:14:33.924Z	spark2	SERVING	9.976	4.069
2026-09-27T16:14:36.669Z	spark1	SERVING	6.799	6.321
2026-09-27T16:14:39.056Z	spark2	SERVING	9.975	4.069
2026-09-27T16:14:41.804Z	spark1	SERVING	6.785	6.321
2026-09-27T16:14:44.181Z	spark2	SERVING	9.974	4.069
2026-09-27T16:14:46.938Z	spark1	SERVING	6.767	6.321
2026-09-27T16:14:49.305Z	spark2	SERVING	9.973	4.069
2026-09-27T16:14:52.070Z	spark1	SERVING	6.776	6.321
2026-09-27T16:14:54.431Z	spark2	SERVING	9.979	4.069
2026-09-27T16:14:57.204Z	spark1	SERVING	6.792	6.321
2026-09-27T16:14:59.555Z	spark2	SERVING	9.979	4.069
2026-09-27T16:15:02.335Z	spark1	SERVING	6.761	6.321
2026-09-27T16:15:04.673Z	spark2	SERVING	9.974	4.069
2026-09-27T16:15:07.470Z	spark1	SERVING	6.772	6.321
2026-09-27T16:15:09.790Z	spark2	SERVING	9.974	4.069
2026-09-27T16:15:12.601Z	spark1	SERVING	6.788	6.321
2026-09-27T16:15:14.907Z	spark2	SERVING	9.959	4.069
2026-09-27T16:15:17.725Z	spark1	SERVING	6.808	6.321
2026-09-27T16:15:20.016Z	spark2	SERVING	9.958	4.069
2026-09-27T16:15:22.849Z	spark1	SERVING	6.793	6.321
2026-09-27T16:15:25.136Z	spark2	SERVING	9.961	4.069
2026-09-27T16:15:27.977Z	spark1	SERVING	6.795	6.321
2026-09-27T16:15:30.258Z	spark2	SERVING	9.965	4.069
2026-09-27T16:15:33.106Z	spark1	SERVING	6.800	6.321
2026-09-27T16:15:35.377Z	spark2	SERVING	9.966	4.069
2026-09-27T16:15:38.245Z	spark1	SERVING	6.788	6.321
2026-09-27T16:15:40.506Z	spark2	SERVING	9.965	4.069
2026-09-27T16:15:43.378Z	spark1	SERVING	6.796	6.321
2026-09-27T16:15:45.631Z	spark2	SERVING	9.965	4.069
2026-09-27T16:15:48.518Z	spark1	SERVING	6.776	6.321
2026-09-27T16:15:50.749Z	spark2	SERVING	9.965	4.069
2026-09-27T16:15:53.643Z	spark1	SERVING	6.797	6.321
2026-09-27T16:15:55.872Z	spark2	SERVING	9.967	4.069
2026-09-27T16:15:58.775Z	spark1	SERVING	6.774	6.321
2026-09-27T16:16:00.992Z	spark2	SERVING	9.961	4.069
2026-09-27T16:16:03.912Z	spark1	SERVING	6.798	6.321
2026-09-27T16:16:06.110Z	spark2	SERVING	9.966	4.069
2026-09-27T16:16:09.038Z	spark1	SERVING	6.777	6.321
2026-09-27T16:16:11.231Z	spark2	SERVING	9.957	4.069
2026-09-27T16:16:14.177Z	spark1	SERVING	6.803	6.321
2026-09-27T16:16:16.355Z	spark2	SERVING	9.960	4.069
2026-09-27T16:16:19.306Z	spark1	SERVING	6.791	6.321
2026-09-27T16:16:21.471Z	spark2	SERVING	9.934	4.069
2026-09-27T16:16:24.441Z	spark1	SERVING	6.801	6.321
2026-09-27T16:16:26.587Z	spark2	SERVING	9.948	4.069
2026-09-27T16:16:29.578Z	spark1	SERVING	6.821	6.321
2026-09-27T16:16:31.705Z	spark2	SERVING	9.958	4.069
2026-09-27T16:16:34.713Z	spark1	SERVING	6.806	6.321
2026-09-27T16:16:36.825Z	spark2	SERVING	9.962	4.069
2026-09-27T16:16:39.842Z	spark1	SERVING	6.804	6.321
2026-09-27T16:16:41.946Z	spark2	SERVING	9.965	4.069
2026-09-27T16:16:44.973Z	spark1	SERVING	6.792	6.321
2026-09-27T16:16:47.065Z	spark2	SERVING	9.965	4.069
2026-09-27T16:16:50.098Z	spark1	SERVING	6.812	6.321
2026-09-27T16:16:52.188Z	spark2	SERVING	9.971	4.069
2026-09-27T16:16:55.225Z	spark1	SERVING	6.772	6.321
2026-09-27T16:16:57.306Z	spark2	SERVING	9.975	4.069
2026-09-27T16:17:00.346Z	spark1	SERVING	6.780	6.321
2026-09-27T16:17:02.427Z	spark2	SERVING	9.979	4.069
2026-09-27T16:17:05.480Z	spark1	SERVING	6.767	6.321
2026-09-27T16:17:07.546Z	spark2	SERVING	9.972	4.069
2026-09-27T16:17:10.617Z	spark1	SERVING	6.787	6.321
2026-09-27T16:17:12.668Z	spark2	SERVING	9.972	4.069
2026-09-27T16:17:15.749Z	spark1	SERVING	6.791	6.321
2026-09-27T16:17:17.789Z	spark2	SERVING	9.962	4.069
2026-09-27T16:17:20.875Z	spark1	SERVING	6.792	6.321
2026-09-27T16:17:22.911Z	spark2	SERVING	9.964	4.069
2026-09-27T16:17:26.005Z	spark1	SERVING	6.830	6.321
2026-09-27T16:17:28.033Z	spark2	SERVING	9.934	4.069
2026-09-27T16:17:31.133Z	spark1	SERVING	6.824	6.321
2026-09-27T16:17:33.157Z	spark2	SERVING	9.937	4.069
2026-09-27T16:17:36.274Z	spark1	SERVING	6.845	6.321
2026-09-27T16:17:38.281Z	spark2	SERVING	9.947	4.069
2026-09-27T16:17:41.404Z	spark1	SERVING	6.815	6.321
2026-09-27T16:17:43.406Z	spark2	SERVING	9.958	4.069
2026-09-27T16:17:46.530Z	spark1	SERVING	6.818	6.321
2026-09-27T16:17:48.526Z	spark2	SERVING	9.968	4.069
2026-09-27T16:17:51.663Z	spark1	SERVING	6.800	6.321
2026-09-27T16:17:53.642Z	spark2	SERVING	9.961	4.069
2026-09-27T16:17:56.794Z	spark1	SERVING	6.798	6.321
2026-09-27T16:17:58.758Z	spark2	SERVING	9.966	4.069
2026-09-27T16:18:01.931Z	spark1	SERVING	6.796	6.321
2026-09-27T16:18:03.888Z	spark2	SERVING	9.971	4.069
2026-09-27T16:18:07.058Z	spark1	SERVING	6.798	6.321
2026-09-27T16:18:09.005Z	spark2	SERVING	9.972	4.069
2026-09-27T16:18:12.191Z	spark1	SERVING	6.798	6.321
2026-09-27T16:18:14.130Z	spark2	SERVING	9.956	4.069
2026-09-27T16:18:17.325Z	spark1	SERVING	6.823	6.321
2026-09-27T16:18:19.248Z	spark2	SERVING	9.957	4.069
2026-09-27T16:18:22.461Z	spark1	SERVING	6.831	6.321
2026-09-27T16:18:24.373Z	spark2	SERVING	9.948	4.069
2026-09-27T16:18:27.595Z	spark1	SERVING	6.805	6.321
2026-09-27T16:18:29.487Z	spark2	SERVING	9.966	4.069
2026-09-27T16:18:32.730Z	spark1	SERVING	6.806	6.321
2026-09-27T16:18:34.607Z	spark2	SERVING	9.967	4.069
2026-09-27T16:18:37.866Z	spark1	SERVING	6.783	6.321
2026-09-27T16:18:39.726Z	spark2	SERVING	9.963	4.069
2026-09-27T16:18:42.997Z	spark1	SERVING	6.796	6.321
2026-09-27T16:18:44.850Z	spark2	SERVING	9.964	4.069
2026-09-27T16:18:48.121Z	spark1	SERVING	6.769	6.321
2026-09-27T16:18:49.963Z	spark2	SERVING	9.962	4.069
2026-09-27T16:18:53.254Z	spark1	SERVING	6.802	6.321
2026-09-27T16:18:55.083Z	spark2	SERVING	9.962	4.069
2026-09-27T16:18:58.376Z	spark1	SERVING	6.768	6.321
2026-09-27T16:19:00.205Z	spark2	SERVING	9.972	4.069
2026-09-27T16:19:03.505Z	spark1	SERVING	6.784	6.321
2026-09-27T16:19:05.326Z	spark2	SERVING	9.972	4.069
2026-09-27T16:19:08.633Z	spark1	SERVING	6.800	6.321
2026-09-27T16:19:10.444Z	spark2	SERVING	9.956	4.069
2026-09-27T16:19:13.751Z	spark1	SERVING	6.767	6.321
2026-09-27T16:19:15.568Z	spark2	SERVING	9.961	4.069
2026-09-27T16:19:18.881Z	spark1	SERVING	6.819	6.321
2026-09-27T16:19:20.689Z	spark2	SERVING	9.956	4.069
2026-09-27T16:19:24.000Z	spark1	SERVING	6.796	6.321
2026-09-27T16:19:25.811Z	spark2	SERVING	9.960	4.069
2026-09-27T16:19:29.135Z	spark1	SERVING	6.812	6.321
2026-09-27T16:19:30.934Z	spark2	SERVING	9.961	4.069
2026-09-27T16:19:34.266Z	spark1	SERVING	6.826	6.321
2026-09-27T16:19:36.057Z	spark2	SERVING	9.958	4.069
2026-09-27T16:19:39.394Z	spark1	SERVING	6.827	6.321
2026-09-27T16:19:41.178Z	spark2	SERVING	9.963	4.069
2026-09-27T16:19:44.524Z	spark1	SERVING	6.828	6.321
2026-09-27T16:19:46.300Z	spark2	SERVING	9.975	4.069
2026-09-27T16:19:49.656Z	spark1	SERVING	6.813	6.321
2026-09-27T16:19:51.425Z	spark2	SERVING	9.975	4.069
2026-09-27T16:19:54.794Z	spark1	SERVING	6.786	6.321
2026-09-27T16:19:56.543Z	spark2	SERVING	9.965	4.069
2026-09-27T16:19:59.936Z	spark1	SERVING	6.811	6.321
2026-09-27T16:20:01.667Z	spark2	SERVING	9.972	4.069
2026-09-27T16:20:05.077Z	spark1	SERVING	6.800	6.321
2026-09-27T16:20:06.783Z	spark2	SERVING	9.958	4.068
2026-09-27T16:20:10.211Z	spark1	SERVING	6.727	6.321
2026-09-27T16:20:11.895Z	spark2	SERVING	9.958	4.068
2026-09-27T16:20:15.342Z	spark1	SERVING	6.734	6.321
2026-09-27T16:20:17.011Z	spark2	SERVING	9.970	4.068
2026-09-27T16:20:20.474Z	spark1	SERVING	6.715	6.321
2026-09-27T16:20:22.133Z	spark2	SERVING	9.972	4.068
2026-09-27T16:20:25.609Z	spark1	SERVING	6.736	6.321
2026-09-27T16:20:27.258Z	spark2	SERVING	9.976	4.068
2026-09-27T16:20:30.728Z	spark1	SERVING	6.753	6.321
2026-09-27T16:20:32.380Z	spark2	SERVING	9.973	4.068
2026-09-27T16:20:35.849Z	spark1	SERVING	6.757	6.321
2026-09-27T16:20:37.503Z	spark2	SERVING	9.973	4.068
2026-09-27T16:20:40.971Z	spark1	SERVING	6.725	6.321
2026-09-27T16:20:42.623Z	spark2	SERVING	9.965	4.068
2026-09-27T16:20:46.095Z	spark1	SERVING	6.709	6.321
2026-09-27T16:20:47.742Z	spark2	SERVING	9.966	4.068
2026-09-27T16:20:51.231Z	spark1	SERVING	6.713	6.321
2026-09-27T16:20:52.853Z	spark2	SERVING	9.970	4.068
2026-09-27T16:20:56.370Z	spark1	SERVING	6.622	6.321
2026-09-27T16:20:57.964Z	spark2	SERVING	9.969	4.068
2026-09-27T16:21:01.508Z	spark1	SERVING	6.713	6.321
2026-09-27T16:21:03.082Z	spark2	SERVING	9.975	4.068
2026-09-27T16:21:06.640Z	spark1	SERVING	6.706	6.321
2026-09-27T16:21:08.205Z	spark2	SERVING	9.977	4.068
2026-09-27T16:21:11.777Z	spark1	SERVING	6.744	6.321
2026-09-27T16:21:13.332Z	spark2	SERVING	9.978	4.068
2026-09-27T16:21:16.913Z	spark1	SERVING	6.773	6.321
2026-09-27T16:21:18.458Z	spark2	SERVING	9.972	4.068
2026-09-27T16:21:22.032Z	spark1	SERVING	6.773	6.321
2026-09-27T16:21:23.579Z	spark2	SERVING	9.974	4.068
2026-09-27T16:21:27.164Z	spark1	SERVING	6.790	6.321
2026-09-27T16:21:28.698Z	spark2	SERVING	9.969	4.068
2026-09-27T16:21:32.285Z	spark1	SERVING	6.774	6.321
2026-09-27T16:21:33.826Z	spark2	SERVING	9.968	4.068
2026-09-27T16:21:37.413Z	spark1	SERVING	6.784	6.321
2026-09-27T16:21:38.949Z	spark2	SERVING	9.954	4.068
2026-09-27T16:21:42.542Z	spark1	SERVING	6.788	6.321
2026-09-27T16:21:44.068Z	spark2	SERVING	9.959	4.068
2026-09-27T16:21:47.673Z	spark1	SERVING	6.759	6.321
2026-09-27T16:21:49.191Z	spark2	SERVING	9.962	4.068
2026-09-27T16:21:52.800Z	spark1	SERVING	6.764	6.321
2026-09-27T16:21:54.311Z	spark2	SERVING	9.964	4.068
2026-09-27T16:21:57.920Z	spark1	SERVING	6.787	6.321
2026-09-27T16:21:59.438Z	spark2	SERVING	9.960	4.068
2026-09-27T16:22:03.051Z	spark1	SERVING	6.788	6.321
2026-09-27T16:22:04.551Z	spark2	SERVING	9.960	4.068
2026-09-27T16:22:08.170Z	spark1	SERVING	6.804	6.321
2026-09-27T16:22:09.663Z	spark2	SERVING	9.961	4.068
2026-09-27T16:22:13.297Z	spark1	SERVING	6.792	6.321
2026-09-27T16:22:14.777Z	spark2	SERVING	9.958	4.068
2026-09-27T16:22:18.417Z	spark1	SERVING	6.795	6.321
2026-09-27T16:22:19.890Z	spark2	SERVING	9.957	4.068
2026-09-27T16:22:23.556Z	spark1	SERVING	6.797	6.321
2026-09-27T16:22:25.008Z	spark2	SERVING	9.972	4.068
2026-09-27T16:22:28.689Z	spark1	SERVING	6.798	6.321
2026-09-27T16:22:30.128Z	spark2	SERVING	9.974	4.068
2026-09-27T16:22:33.819Z	spark1	SERVING	6.776	6.321
2026-09-27T16:22:35.251Z	spark2	SERVING	9.974	4.068
2026-09-27T16:22:38.952Z	spark1	SERVING	6.788	6.321
2026-09-27T16:22:40.371Z	spark2	SERVING	9.972	4.068
2026-09-27T16:22:44.083Z	spark1	SERVING	6.795	6.321
2026-09-27T16:22:45.489Z	spark2	SERVING	9.942	4.068
2026-09-27T16:22:49.212Z	spark1	SERVING	6.808	6.321
2026-09-27T16:22:50.607Z	spark2	SERVING	9.947	4.068
2026-09-27T16:22:54.350Z	spark1	SERVING	6.774	6.321
2026-09-27T16:22:55.729Z	spark2	SERVING	9.961	4.068
2026-09-27T16:22:59.485Z	spark1	SERVING	6.782	6.321
2026-09-27T16:23:00.851Z	spark2	SERVING	9.962	4.068
2026-09-27T16:23:04.617Z	spark1	SERVING	6.803	6.321
2026-09-27T16:23:05.964Z	spark2	SERVING	9.936	4.068
2026-09-27T16:23:09.749Z	spark1	SERVING	6.788	6.321
2026-09-27T16:23:11.086Z	spark2	SERVING	9.946	4.068
2026-09-27T16:23:14.882Z	spark1	SERVING	6.795	6.321
2026-09-27T16:23:16.206Z	spark2	SERVING	9.952	4.068
2026-09-27T16:23:20.011Z	spark1	SERVING	6.793	6.321
2026-09-27T16:23:21.329Z	spark2	SERVING	9.961	4.068
2026-09-27T16:23:25.146Z	spark1	SERVING	6.813	6.321
2026-09-27T16:23:26.453Z	spark2	SERVING	9.963	4.068
2026-09-27T16:23:30.280Z	spark1	SERVING	6.799	6.321
2026-09-27T16:23:31.577Z	spark2	SERVING	9.953	4.068
2026-09-27T16:23:35.406Z	spark1	SERVING	6.813	6.321
2026-09-27T16:23:36.702Z	spark2	SERVING	9.955	4.068
2026-09-27T16:23:40.544Z	spark1	SERVING	6.769	6.321
2026-09-27T16:23:41.824Z	spark2	SERVING	9.969	4.068
2026-09-27T16:23:45.683Z	spark1	SERVING	6.790	6.321
2026-09-27T16:23:46.952Z	spark2	SERVING	9.969	4.068
2026-09-27T16:23:50.801Z	spark1	SERVING	6.799	6.321
2026-09-27T16:23:52.073Z	spark2	SERVING	9.953	4.068
2026-09-27T16:23:55.936Z	spark1	SERVING	6.796	6.321
2026-09-27T16:23:57.206Z	spark2	SERVING	9.960	4.068
2026-09-27T16:24:01.067Z	spark1	SERVING	6.809	6.321
2026-09-27T16:24:02.327Z	spark2	SERVING	9.961	4.068
2026-09-27T16:24:06.200Z	spark1	SERVING	6.778	6.321
2026-09-27T16:24:07.453Z	spark2	SERVING	9.967	4.068
2026-09-27T16:24:11.337Z	spark1	SERVING	6.825	6.321
2026-09-27T16:24:12.574Z	spark2	SERVING	9.967	4.068
2026-09-27T16:24:16.474Z	spark1	SERVING	6.810	6.321
2026-09-27T16:24:17.689Z	spark2	SERVING	9.981	4.068
2026-09-27T16:24:21.610Z	spark1	SERVING	6.822	6.321
2026-09-27T16:24:22.817Z	spark2	SERVING	9.981	4.068
2026-09-27T16:24:26.737Z	spark1	SERVING	6.820	6.321
2026-09-27T16:24:27.941Z	spark2	SERVING	9.969	4.068
2026-09-27T16:24:31.876Z	spark1	SERVING	6.824	6.321
2026-09-27T16:24:33.072Z	spark2	SERVING	9.971	4.068
2026-09-27T16:24:37.011Z	spark1	SERVING	6.833	6.321
2026-09-27T16:24:38.199Z	spark2	SERVING	9.967	4.068
2026-09-27T16:24:42.141Z	spark1	SERVING	6.847	6.321
2026-09-27T16:24:43.317Z	spark2	SERVING	9.971	4.068
2026-09-27T16:24:47.277Z	spark1	SERVING	6.805	6.321
2026-09-27T16:24:48.443Z	spark2	SERVING	9.958	4.068
2026-09-27T16:24:52.408Z	spark1	SERVING	6.798	6.321
2026-09-27T16:24:53.565Z	spark2	SERVING	9.958	4.068
2026-09-27T16:24:57.537Z	spark1	SERVING	6.818	6.321
2026-09-27T16:24:58.689Z	spark2	SERVING	9.957	4.067
2026-09-27T16:25:02.670Z	spark1	SERVING	6.773	6.321
2026-09-27T16:25:03.808Z	spark2	SERVING	9.951	4.067
2026-09-27T16:25:07.799Z	spark1	SERVING	6.777	6.320
2026-09-27T16:25:08.930Z	spark2	SERVING	9.954	4.067
2026-09-27T16:25:12.934Z	spark1	SERVING	6.759	6.320
2026-09-27T16:25:14.054Z	spark2	SERVING	9.952	4.067
2026-09-27T16:25:18.063Z	spark1	SERVING	6.757	6.320
2026-09-27T16:25:19.176Z	spark2	SERVING	9.959	4.067
2026-09-27T16:25:23.196Z	spark1	SERVING	6.767	6.320
2026-09-27T16:25:24.294Z	spark2	SERVING	9.958	4.067
2026-09-27T16:25:28.322Z	spark1	SERVING	6.780	6.320
2026-09-27T16:25:29.414Z	spark2	SERVING	9.957	4.067
2026-09-27T16:25:33.455Z	spark1	SERVING	6.757	6.320
2026-09-27T16:25:34.540Z	spark2	SERVING	9.952	4.067
2026-09-27T16:25:38.566Z	spark1	SERVING	6.759	6.320
2026-09-27T16:25:39.671Z	spark2	SERVING	9.954	4.067
2026-09-27T16:25:43.695Z	spark1	SERVING	6.789	6.320
2026-09-27T16:25:44.794Z	spark2	SERVING	9.964	4.067
2026-09-27T16:25:48.832Z	spark1	SERVING	6.788	6.320
2026-09-27T16:25:49.919Z	spark2	SERVING	9.964	4.067
2026-09-27T16:25:53.962Z	spark1	SERVING	6.796	6.320
2026-09-27T16:25:55.038Z	spark2	SERVING	9.964	4.067
2026-09-27T16:25:59.090Z	spark1	SERVING	6.797	6.320
2026-09-27T16:26:00.166Z	spark2	SERVING	9.958	4.067
2026-09-27T16:26:04.217Z	spark1	SERVING	6.807	6.320
2026-09-27T16:26:05.293Z	spark2	SERVING	9.957	4.067
2026-09-27T16:26:09.349Z	spark1	SERVING	6.797	6.320
2026-09-27T16:26:10.412Z	spark2	SERVING	9.955	4.067
2026-09-27T16:26:14.466Z	spark1	SERVING	6.820	6.320
2026-09-27T16:26:15.529Z	spark2	SERVING	9.955	4.067
2026-09-27T16:26:19.588Z	spark1	SERVING	6.796	6.320
2026-09-27T16:26:20.649Z	spark2	SERVING	9.955	4.067
2026-09-27T16:26:24.699Z	spark1	SERVING	6.797	6.320
2026-09-27T16:26:25.772Z	spark2	SERVING	9.957	4.067
2026-09-27T16:26:29.810Z	spark1	SERVING	6.797	6.320
2026-09-27T16:26:30.895Z	spark2	SERVING	9.959	4.067
2026-09-27T16:26:34.913Z	spark1	SERVING	6.791	6.320
2026-09-27T16:26:36.007Z	spark2	SERVING	9.962	4.067
2026-09-27T16:26:40.032Z	spark1	SERVING	6.787	6.320
2026-09-27T16:26:41.130Z	spark2	SERVING	9.970	4.067
2026-09-27T16:26:45.151Z	spark1	SERVING	6.784	6.320
2026-09-27T16:26:46.248Z	spark2	SERVING	9.969	4.067
2026-09-27T16:26:50.283Z	spark1	SERVING	6.784	6.320
2026-09-27T16:26:51.367Z	spark2	SERVING	9.969	4.067
2026-09-27T16:26:55.412Z	spark1	SERVING	6.812	6.320
2026-09-27T16:26:56.490Z	spark2	SERVING	9.962	4.067
2026-09-27T16:27:00.538Z	spark1	SERVING	6.819	6.320
2026-09-27T16:27:01.603Z	spark2	SERVING	9.963	4.067
2026-09-27T16:27:05.670Z	spark1	SERVING	6.778	6.320
2026-09-27T16:27:06.723Z	spark2	SERVING	9.967	4.067
2026-09-27T16:27:10.793Z	spark1	SERVING	6.834	6.320
2026-09-27T16:27:11.836Z	spark2	SERVING	9.967	4.067
2026-09-27T16:27:15.920Z	spark1	SERVING	6.815	6.320
2026-09-27T16:27:16.952Z	spark2	SERVING	9.969	4.067
2026-09-27T16:27:21.050Z	spark1	SERVING	6.807	6.320
2026-09-27T16:27:22.073Z	spark2	SERVING	9.979	4.067
2026-09-27T16:27:26.188Z	spark1	SERVING	6.802	6.320
2026-09-27T16:27:27.192Z	spark2	SERVING	9.964	4.067
2026-09-27T16:27:31.324Z	spark1	SERVING	6.808	6.320
2026-09-27T16:27:32.312Z	spark2	SERVING	9.966	4.067
2026-09-27T16:27:36.460Z	spark1	SERVING	6.791	6.320
2026-09-27T16:27:37.430Z	spark2	SERVING	9.936	4.067
2026-09-27T16:27:41.591Z	spark1	SERVING	6.793	6.320
2026-09-27T16:27:42.554Z	spark2	SERVING	9.950	4.067
2026-09-27T16:27:46.728Z	spark1	SERVING	6.845	6.320
2026-09-27T16:27:47.681Z	spark2	SERVING	9.957	4.067
2026-09-27T16:27:51.861Z	spark1	SERVING	6.794	6.320
2026-09-27T16:27:52.800Z	spark2	SERVING	9.940	4.067
2026-09-27T16:27:56.994Z	spark1	SERVING	6.821	6.320
2026-09-27T16:27:57.922Z	spark2	SERVING	9.951	4.067
2026-09-27T16:28:02.131Z	spark1	SERVING	6.813	6.320
2026-09-27T16:28:03.045Z	spark2	SERVING	9.966	4.067
2026-09-27T16:28:07.265Z	spark1	SERVING	6.819	6.320
2026-09-27T16:28:08.160Z	spark2	SERVING	9.966	4.067
2026-09-27T16:28:12.396Z	spark1	SERVING	6.798	6.320
2026-09-27T16:28:13.280Z	spark2	SERVING	9.971	4.067
2026-09-27T16:28:17.538Z	spark1	SERVING	6.819	6.320
2026-09-27T16:28:18.410Z	spark2	SERVING	9.972	4.067
2026-09-27T16:28:22.679Z	spark1	SERVING	6.798	6.320
2026-09-27T16:28:23.531Z	spark2	SERVING	9.959	4.067
2026-09-27T16:28:27.807Z	spark1	SERVING	6.805	6.320
2026-09-27T16:28:28.654Z	spark2	SERVING	9.960	4.067
2026-09-27T16:28:32.944Z	spark1	SERVING	6.808	6.320
2026-09-27T16:28:33.770Z	spark2	SERVING	9.962	4.067
2026-09-27T16:28:38.080Z	spark1	SERVING	6.815	6.320
2026-09-27T16:28:38.899Z	spark2	SERVING	9.964	4.067
2026-09-27T16:28:43.204Z	spark1	SERVING	6.803	6.320
2026-09-27T16:28:44.028Z	spark2	SERVING	9.937	4.067
2026-09-27T16:28:48.339Z	spark1	SERVING	6.779	6.320
2026-09-27T16:28:49.159Z	spark2	SERVING	9.923	4.067
2026-09-27T16:28:53.468Z	spark1	SERVING	6.779	6.320
2026-09-27T16:28:54.284Z	spark2	SERVING	9.933	4.067
2026-09-27T16:28:58.602Z	spark1	SERVING	6.786	6.320
2026-09-27T16:28:59.408Z	spark2	SERVING	9.948	4.067
2026-09-27T16:29:03.731Z	spark1	SERVING	6.805	6.320
2026-09-27T16:29:04.534Z	spark2	SERVING	9.954	4.067
2026-09-27T16:29:08.863Z	spark1	SERVING	6.775	6.320
2026-09-27T16:29:09.660Z	spark2	SERVING	9.965	4.067
2026-09-27T16:29:14.005Z	spark1	SERVING	6.806	6.320
2026-09-27T16:29:14.788Z	spark2	SERVING	9.964	4.067
2026-09-27T16:29:19.140Z	spark1	SERVING	6.780	6.320
2026-09-27T16:29:19.897Z	spark2	SERVING	9.955	4.067
2026-09-27T16:29:24.279Z	spark1	SERVING	6.807	6.320
2026-09-27T16:29:25.026Z	spark2	SERVING	9.959	4.067
2026-09-27T16:29:29.414Z	spark1	SERVING	6.787	6.320
2026-09-27T16:29:30.150Z	spark2	SERVING	9.940	4.067
2026-09-27T16:29:34.541Z	spark1	SERVING	6.817	6.320
2026-09-27T16:29:35.286Z	spark2	SERVING	9.950	4.067
2026-09-27T16:29:39.671Z	spark1	SERVING	6.800	6.320
2026-09-27T16:29:40.413Z	spark2	SERVING	9.954	4.067
2026-09-27T16:29:44.810Z	spark1	SERVING	6.830	6.320
2026-09-27T16:29:45.540Z	spark2	SERVING	9.962	4.067
2026-09-27T16:29:49.941Z	spark1	SERVING	6.812	6.320
2026-09-27T16:29:50.669Z	spark2	SERVING	9.963	4.067
2026-09-27T16:29:55.081Z	spark1	SERVING	6.806	6.320
2026-09-27T16:29:55.791Z	spark2	SERVING	9.953	4.067
2026-09-27T16:30:00.218Z	spark1	SERVING	6.809	6.320
2026-09-27T16:30:00.920Z	spark2	SERVING	9.957	4.067
2026-09-27T16:30:05.360Z	spark1	SERVING	6.810	6.320
2026-09-27T16:30:06.041Z	spark2	SERVING	9.949	4.067
2026-09-27T16:30:10.507Z	spark1	SERVING	6.821	6.320
2026-09-27T16:30:11.161Z	spark2	SERVING	9.952	4.067
2026-09-27T16:30:15.642Z	spark1	SERVING	6.799	6.320
2026-09-27T16:30:16.281Z	spark2	SERVING	9.951	4.067
2026-09-27T16:30:20.774Z	spark1	SERVING	6.813	6.320
2026-09-27T16:30:21.406Z	spark2	SERVING	9.955	4.067
2026-09-27T16:30:25.911Z	spark1	SERVING	6.783	6.320
2026-09-27T16:30:26.521Z	spark2	SERVING	9.948	4.067
2026-09-27T16:30:31.042Z	spark1	SERVING	6.800	6.320
2026-09-27T16:30:31.641Z	spark2	SERVING	9.954	4.067
2026-09-27T16:30:36.179Z	spark1	SERVING	6.792	6.320
2026-09-27T16:30:36.766Z	spark2	SERVING	9.953	4.067
2026-09-27T16:30:41.314Z	spark1	SERVING	6.795	6.320
2026-09-27T16:30:41.892Z	spark2	SERVING	9.957	4.067
2026-09-27T16:30:46.445Z	spark1	SERVING	6.823	6.320
2026-09-27T16:30:47.012Z	spark2	SERVING	9.959	4.067
2026-09-27T16:30:51.579Z	spark1	SERVING	6.778	6.320
2026-09-27T16:30:52.130Z	spark2	SERVING	9.970	4.067
2026-09-27T16:30:56.708Z	spark1	SERVING	6.797	6.320
2026-09-27T16:30:57.254Z	spark2	SERVING	9.970	4.067
2026-09-27T16:31:01.832Z	spark1	SERVING	6.763	6.320
2026-09-27T16:31:02.377Z	spark2	SERVING	9.958	4.067
2026-09-27T16:31:06.966Z	spark1	SERVING	6.794	6.320
2026-09-27T16:31:07.497Z	spark2	SERVING	9.958	4.067
2026-09-27T16:31:12.100Z	spark1	SERVING	6.744	6.320
2026-09-27T16:31:12.618Z	spark2	SERVING	9.951	4.067
2026-09-27T16:31:17.237Z	spark1	SERVING	6.803	6.320
2026-09-27T16:31:17.740Z	spark2	SERVING	9.958	4.067
2026-09-27T16:31:22.372Z	spark1	SERVING	6.780	6.320
2026-09-27T16:31:22.865Z	spark2	SERVING	9.943	4.067
2026-09-27T16:31:27.499Z	spark1	SERVING	6.789	6.320
2026-09-27T16:31:27.990Z	spark2	SERVING	9.946	4.067
2026-09-27T16:31:32.635Z	spark1	SERVING	6.821	6.320
2026-09-27T16:31:33.113Z	spark2	SERVING	9.949	4.067
2026-09-27T16:31:37.770Z	spark1	SERVING	6.819	6.320
2026-09-27T16:31:38.233Z	spark2	SERVING	9.952	4.067
2026-09-27T16:31:42.894Z	spark1	SERVING	6.832	6.320
2026-09-27T16:31:43.355Z	spark2	SERVING	9.953	4.067
2026-09-27T16:31:48.030Z	spark1	SERVING	6.828	6.320
2026-09-27T16:31:48.478Z	spark2	SERVING	9.944	4.067
2026-09-27T16:31:53.158Z	spark1	SERVING	6.835	6.320
2026-09-27T16:31:53.601Z	spark2	SERVING	9.946	4.067
2026-09-27T16:31:58.286Z	spark1	SERVING	6.811	6.320
2026-09-27T16:31:58.721Z	spark2	SERVING	9.947	4.067
2026-09-27T16:32:03.414Z	spark1	SERVING	6.814	6.320
2026-09-27T16:32:03.838Z	spark2	SERVING	9.948	4.067
2026-09-27T16:32:08.551Z	spark1	SERVING	6.812	6.320
2026-09-27T16:32:08.962Z	spark2	SERVING	9.929	4.067
2026-09-27T16:32:13.677Z	spark1	SERVING	6.813	6.320
2026-09-27T16:32:14.087Z	spark2	SERVING	9.940	4.067
2026-09-27T16:32:18.805Z	spark1	SERVING	6.792	6.320
2026-09-27T16:32:19.211Z	spark2	SERVING	9.962	4.067
2026-09-27T16:32:23.933Z	spark1	SERVING	6.794	6.320
2026-09-27T16:32:24.332Z	spark2	SERVING	9.962	4.067
2026-09-27T16:32:29.068Z	spark1	SERVING	6.783	6.320
2026-09-27T16:32:29.448Z	spark2	SERVING	9.950	4.067
2026-09-27T16:32:34.203Z	spark1	SERVING	6.781	6.320
2026-09-27T16:32:34.567Z	spark2	SERVING	9.952	4.067
2026-09-27T16:32:39.345Z	spark1	SERVING	6.791	6.320
2026-09-27T16:32:39.677Z	spark2	SERVING	9.955	4.067
2026-09-27T16:32:44.481Z	spark1	SERVING	6.771	6.320
2026-09-27T16:32:44.806Z	spark2	SERVING	9.951	4.067
2026-09-27T16:32:49.616Z	spark1	SERVING	6.768	6.320
2026-09-27T16:32:49.921Z	spark2	SERVING	9.953	4.067
2026-09-27T16:32:54.739Z	spark1	SERVING	6.779	6.320
2026-09-27T16:32:55.050Z	spark2	SERVING	9.945	4.067
2026-09-27T16:32:59.868Z	spark1	SERVING	6.799	6.320
2026-09-27T16:33:00.167Z	spark2	SERVING	9.952	4.067
2026-09-27T16:33:05.008Z	spark1	SERVING	6.786	6.320
2026-09-27T16:33:05.289Z	spark2	SERVING	9.969	4.067
2026-09-27T16:33:10.148Z	spark1	SERVING	6.803	6.320
2026-09-27T16:33:10.423Z	spark2	SERVING	9.970	4.067
2026-09-27T16:33:15.283Z	spark1	SERVING	6.769	6.320
2026-09-27T16:33:15.533Z	spark2	SERVING	9.932	4.067
2026-09-27T16:33:20.420Z	spark1	SERVING	6.796	6.320
2026-09-27T16:33:20.646Z	spark2	SERVING	9.937	4.067
2026-09-27T16:33:25.555Z	spark1	SERVING	6.787	6.320
2026-09-27T16:33:25.766Z	spark2	SERVING	9.935	4.067
2026-09-27T16:33:30.692Z	spark1	SERVING	6.770	6.320
2026-09-27T16:33:30.888Z	spark2	SERVING	9.944	4.067
2026-09-27T16:33:35.822Z	spark1	SERVING	6.812	6.320
2026-09-27T16:33:36.009Z	spark2	SERVING	9.945	4.067
2026-09-27T16:33:40.957Z	spark1	SERVING	6.803	6.320
2026-09-27T16:33:41.127Z	spark2	SERVING	9.958	4.067
2026-09-27T16:33:46.081Z	spark1	SERVING	6.814	6.320
2026-09-27T16:33:46.250Z	spark2	SERVING	9.958	4.067
2026-09-27T16:33:51.210Z	spark1	SERVING	6.794	6.320
2026-09-27T16:33:51.372Z	spark2	SERVING	9.954	4.067
2026-09-27T16:33:56.344Z	spark1	SERVING	6.807	6.320
2026-09-27T16:33:56.495Z	spark2	SERVING	9.957	4.067
2026-09-27T16:34:01.477Z	spark1	SERVING	6.801	6.320
2026-09-27T16:34:01.610Z	spark2	SERVING	9.973	4.067
2026-09-27T16:34:06.602Z	spark1	SERVING	6.822	6.320
2026-09-27T16:34:06.733Z	spark2	SERVING	9.973	4.067
2026-09-27T16:34:11.741Z	spark1	SERVING	6.788	6.320
2026-09-27T16:34:11.854Z	spark2	SERVING	9.947	4.067
2026-09-27T16:34:16.869Z	spark1	SERVING	6.795	6.320
2026-09-27T16:34:16.970Z	spark2	SERVING	9.974	4.067
2026-09-27T16:34:21.993Z	spark1	SERVING	6.796	6.320
2026-09-27T16:34:22.089Z	spark2	SERVING	9.953	4.067
2026-09-27T16:34:27.127Z	spark1	SERVING	6.810	6.320
2026-09-27T16:34:27.210Z	spark2	SERVING	9.961	4.067
2026-09-27T16:34:32.258Z	spark1	SERVING	6.796	6.320
2026-09-27T16:34:32.329Z	spark2	SERVING	9.967	4.067
2026-09-27T16:34:37.403Z	spark1	SERVING	6.798	6.320
2026-09-27T16:34:37.446Z	spark2	SERVING	9.957	4.067
2026-09-27T16:34:42.531Z	spark1	SERVING	6.822	6.320
2026-09-27T16:34:42.564Z	spark2	SERVING	9.961	4.067
2026-09-27T16:34:47.669Z	spark1	SERVING	6.793	6.320
2026-09-27T16:34:47.682Z	spark2	SERVING	9.963	4.067
2026-09-27T16:34:52.798Z	spark2	SERVING	9.963	4.067
2026-09-27T16:34:52.799Z	spark1	SERVING	6.802	6.320
2026-09-27T16:34:57.913Z	spark2	SERVING	9.956	4.067
2026-09-27T16:34:57.936Z	spark1	SERVING	6.808	6.320
2026-09-27T16:35:03.031Z	spark2	SERVING	9.959	4.067
2026-09-27T16:35:03.066Z	spark1	SERVING	6.815	6.320
2026-09-27T16:35:08.147Z	spark2	SERVING	9.969	4.067
2026-09-27T16:35:08.210Z	spark1	SERVING	6.792	6.320
2026-09-27T16:35:13.268Z	spark2	SERVING	9.970	4.067
2026-09-27T16:35:13.343Z	spark1	SERVING	6.806	6.320
2026-09-27T16:35:18.386Z	spark2	SERVING	9.951	4.067
2026-09-27T16:35:18.475Z	spark1	SERVING	6.804	6.320
2026-09-27T16:35:23.503Z	spark2	SERVING	9.955	4.067
2026-09-27T16:35:23.611Z	spark1	SERVING	6.795	6.320
2026-09-27T16:35:28.626Z	spark2	SERVING	9.940	4.067
2026-09-27T16:35:28.735Z	spark1	SERVING	6.787	6.320
2026-09-27T16:35:33.750Z	spark2	SERVING	9.942	4.066
2026-09-27T16:35:33.869Z	spark1	SERVING	6.804	6.320
2026-09-27T16:35:38.869Z	spark2	SERVING	9.947	4.066
2026-09-27T16:35:38.994Z	spark1	SERVING	6.812	6.320
2026-09-27T16:35:43.989Z	spark2	SERVING	9.954	4.066
2026-09-27T16:35:44.124Z	spark1	SERVING	6.808	6.320
2026-09-27T16:35:49.110Z	spark2	SERVING	9.955	4.066
2026-09-27T16:35:49.255Z	spark1	SERVING	6.818	6.320
2026-09-27T16:35:54.235Z	spark2	SERVING	9.941	4.066
2026-09-27T16:35:54.393Z	spark1	SERVING	6.793	6.320
2026-09-27T16:35:59.360Z	spark2	SERVING	9.942	4.066
2026-09-27T16:35:59.526Z	spark1	SERVING	6.803	6.320
2026-09-27T16:36:04.486Z	spark2	SERVING	9.942	4.066
2026-09-27T16:36:04.657Z	spark1	SERVING	6.759	6.320
2026-09-27T16:36:09.608Z	spark2	SERVING	9.946	4.066
2026-09-27T16:36:09.789Z	spark1	SERVING	6.780	6.320
2026-09-27T16:36:14.730Z	spark2	SERVING	9.962	4.066
2026-09-27T16:36:14.920Z	spark1	SERVING	6.783	6.320
2026-09-27T16:36:19.854Z	spark2	SERVING	9.962	4.066
2026-09-27T16:36:20.052Z	spark1	SERVING	6.793	6.320
2026-09-27T16:36:24.979Z	spark2	SERVING	9.939	4.066
2026-09-27T16:36:25.185Z	spark1	SERVING	6.782	6.320
2026-09-27T16:36:30.100Z	spark2	SERVING	9.947	4.066
2026-09-27T16:36:30.320Z	spark1	SERVING	6.773	6.320
2026-09-27T16:36:35.224Z	spark2	SERVING	9.947	4.066
2026-09-27T16:36:35.455Z	spark1	SERVING	6.745	6.320
2026-09-27T16:36:40.350Z	spark2	SERVING	9.931	4.066
2026-09-27T16:36:40.589Z	spark1	SERVING	6.708	6.320
2026-09-27T16:36:45.459Z	spark2	SERVING	9.939	4.066
2026-09-27T16:36:45.726Z	spark1	SERVING	6.736	6.320
2026-09-27T16:36:50.584Z	spark2	SERVING	9.950	4.066
2026-09-27T16:36:50.859Z	spark1	SERVING	6.737	6.320
2026-09-27T16:36:55.696Z	spark2	SERVING	9.950	4.066
2026-09-27T16:36:55.990Z	spark1	SERVING	6.784	6.320
2026-09-27T16:37:00.824Z	spark2	SERVING	9.938	4.066
2026-09-27T16:37:01.123Z	spark1	SERVING	6.764	6.320
2026-09-27T16:37:05.941Z	spark2	SERVING	9.941	4.066
2026-09-27T16:37:06.248Z	spark1	SERVING	6.785	6.320
2026-09-27T16:37:11.065Z	spark2	SERVING	9.948	4.066
2026-09-27T16:37:11.372Z	spark1	SERVING	6.760	6.320
2026-09-27T16:37:16.186Z	spark2	SERVING	9.952	4.066
2026-09-27T16:37:16.500Z	spark1	SERVING	6.792	6.320
2026-09-27T16:37:21.315Z	spark2	SERVING	9.941	4.066
2026-09-27T16:37:21.625Z	spark1	SERVING	6.750	6.320
2026-09-27T16:37:26.442Z	spark2	SERVING	9.942	4.066
2026-09-27T16:37:26.754Z	spark1	SERVING	6.783	6.320
2026-09-27T16:37:31.562Z	spark2	SERVING	9.944	4.066
2026-09-27T16:37:31.896Z	spark1	SERVING	6.776	6.320
2026-09-27T16:37:36.689Z	spark2	SERVING	9.956	4.066
2026-09-27T16:37:37.026Z	spark1	SERVING	6.770	6.320
2026-09-27T16:37:41.811Z	spark2	SERVING	9.956	4.066
2026-09-27T16:37:42.156Z	spark1	SERVING	6.787	6.320
2026-09-27T16:37:46.927Z	spark2	SERVING	9.955	4.066
2026-09-27T16:37:47.294Z	spark1	SERVING	6.786	6.320
2026-09-27T16:37:52.054Z	spark2	SERVING	9.961	4.066
2026-09-27T16:37:52.428Z	spark1	SERVING	6.773	6.320
2026-09-27T16:37:57.170Z	spark2	SERVING	9.954	4.066
2026-09-27T16:37:57.558Z	spark1	SERVING	6.770	6.320
2026-09-27T16:38:02.287Z	spark2	SERVING	9.956	4.066
2026-09-27T16:38:02.687Z	spark1	SERVING	6.794	6.320
2026-09-27T16:38:07.413Z	spark2	SERVING	9.968	4.066
2026-09-27T16:38:07.820Z	spark1	SERVING	6.745	6.320
2026-09-27T16:38:12.538Z	spark2	SERVING	9.967	4.066
2026-09-27T16:38:12.956Z	spark1	SERVING	6.764	6.320
2026-09-27T16:38:17.664Z	spark2	SERVING	9.955	4.066
2026-09-27T16:38:18.085Z	spark1	SERVING	6.762	6.320
2026-09-27T16:38:22.791Z	spark2	SERVING	9.962	4.066
2026-09-27T16:38:23.222Z	spark1	SERVING	6.779	6.320
2026-09-27T16:38:27.911Z	spark2	SERVING	9.966	4.066
2026-09-27T16:38:28.355Z	spark1	SERVING	6.758	6.320
2026-09-27T16:38:33.025Z	spark2	SERVING	9.951	4.066
2026-09-27T16:38:33.491Z	spark1	SERVING	6.753	6.320
2026-09-27T16:38:38.148Z	spark2	SERVING	9.955	4.066
2026-09-27T16:38:38.623Z	spark1	SERVING	6.779	6.320
2026-09-27T16:38:43.264Z	spark2	SERVING	9.954	4.066
2026-09-27T16:38:43.758Z	spark1	SERVING	6.770	6.320
2026-09-27T16:38:48.394Z	spark2	SERVING	9.954	4.066
2026-09-27T16:38:48.890Z	spark1	SERVING	6.792	6.320
2026-09-27T16:38:53.517Z	spark2	SERVING	9.948	4.066
2026-09-27T16:38:54.027Z	spark1	SERVING	6.771	6.320
2026-09-27T16:38:58.635Z	spark2	SERVING	9.948	4.066
2026-09-27T16:38:59.164Z	spark1	SERVING	6.781	6.320
2026-09-27T16:39:03.756Z	spark2	SERVING	9.950	4.066
2026-09-27T16:39:04.290Z	spark1	SERVING	6.768	6.320
2026-09-27T16:39:08.880Z	spark2	SERVING	9.950	4.066
2026-09-27T16:39:09.419Z	spark1	SERVING	6.766	6.320
2026-09-27T16:39:13.999Z	spark2	SERVING	9.932	4.066
2026-09-27T16:39:14.553Z	spark1	SERVING	6.757	6.320
2026-09-27T16:39:19.122Z	spark2	SERVING	9.943	4.066
2026-09-27T16:39:19.680Z	spark1	SERVING	6.768	6.320
2026-09-27T16:39:24.241Z	spark2	SERVING	9.943	4.066
2026-09-27T16:39:24.801Z	spark1	SERVING	6.761	6.320
2026-09-27T16:39:29.354Z	spark2	SERVING	9.953	4.066
2026-09-27T16:39:29.920Z	spark1	SERVING	6.794	6.320
2026-09-27T16:39:34.473Z	spark2	SERVING	9.953	4.066
2026-09-27T16:39:35.052Z	spark1	SERVING	6.796	6.320
2026-09-27T16:39:39.597Z	spark2	SERVING	9.954	4.066
2026-09-27T16:39:40.181Z	spark1	SERVING	6.770	6.320
2026-09-27T16:39:44.719Z	spark2	SERVING	9.955	4.066
2026-09-27T16:39:45.307Z	spark1	SERVING	6.767	6.320
2026-09-27T16:39:49.833Z	spark2	SERVING	9.952	4.066
2026-09-27T16:39:50.434Z	spark1	SERVING	6.779	6.320
2026-09-27T16:39:54.953Z	spark2	SERVING	9.952	4.066
2026-09-27T16:39:55.563Z	spark1	SERVING	6.779	6.320
2026-09-27T16:40:00.068Z	spark2	SERVING	9.947	4.066
2026-09-27T16:40:00.683Z	spark1	SERVING	6.789	6.320
2026-09-27T16:40:05.185Z	spark2	SERVING	9.950	4.066
2026-09-27T16:40:05.813Z	spark1	SERVING	6.783	6.320
2026-09-27T16:40:10.293Z	spark2	SERVING	9.962	4.066
2026-09-27T16:40:10.951Z	spark1	SERVING	6.773	6.320
2026-09-27T16:40:15.407Z	spark2	SERVING	9.964	4.066
2026-09-27T16:40:16.077Z	spark1	SERVING	6.777	6.320
2026-09-27T16:40:20.518Z	spark2	SERVING	9.966	4.066
2026-09-27T16:40:21.209Z	spark1	SERVING	6.757	6.320
2026-09-27T16:40:25.632Z	spark2	SERVING	9.963	4.066
2026-09-27T16:40:26.340Z	spark1	SERVING	6.770	6.320
2026-09-27T16:40:30.748Z	spark2	SERVING	9.962	4.066
2026-09-27T16:40:31.470Z	spark1	SERVING	6.793	6.320
2026-09-27T16:40:35.870Z	spark2	SERVING	9.954	4.066
2026-09-27T16:40:36.608Z	spark1	SERVING	6.762	6.320
2026-09-27T16:40:40.989Z	spark2	SERVING	9.962	4.066
2026-09-27T16:40:41.743Z	spark1	SERVING	6.771	6.320
2026-09-27T16:40:46.108Z	spark2	SERVING	9.949	4.066
2026-09-27T16:40:46.874Z	spark1	SERVING	6.753	6.320
2026-09-27T16:40:51.236Z	spark2	SERVING	9.959	4.066
2026-09-27T16:40:52.003Z	spark1	SERVING	6.754	6.320
2026-09-27T16:40:56.362Z	spark2	SERVING	9.952	4.066
2026-09-27T16:40:57.131Z	spark1	SERVING	6.757	6.320
2026-09-27T16:41:01.485Z	spark2	SERVING	9.954	4.066
2026-09-27T16:41:02.251Z	spark1	SERVING	6.774	6.320
2026-09-27T16:41:06.610Z	spark2	SERVING	9.950	4.066
2026-09-27T16:41:07.378Z	spark1	SERVING	6.751	6.320
2026-09-27T16:41:11.729Z	spark2	SERVING	9.950	4.066
2026-09-27T16:41:12.503Z	spark1	SERVING	6.755	6.320
2026-09-27T16:41:16.849Z	spark2	SERVING	9.950	4.066
2026-09-27T16:41:17.638Z	spark1	SERVING	6.775	6.320
2026-09-27T16:41:21.969Z	spark2	SERVING	9.947	4.066
2026-09-27T16:41:22.775Z	spark1	SERVING	6.790	6.320
2026-09-27T16:41:27.093Z	spark2	SERVING	9.949	4.066
2026-09-27T16:41:27.904Z	spark1	SERVING	6.804	6.320
2026-09-27T16:41:32.219Z	spark2	SERVING	9.945	4.066
2026-09-27T16:41:33.034Z	spark1	SERVING	6.803	6.320
2026-09-27T16:41:37.342Z	spark2	SERVING	9.947	4.066
2026-09-27T16:41:38.156Z	spark1	SERVING	6.806	6.320
2026-09-27T16:41:42.466Z	spark2	SERVING	9.963	4.066
2026-09-27T16:41:43.290Z	spark1	SERVING	6.769	6.320
2026-09-27T16:41:47.583Z	spark2	SERVING	9.964	4.066
2026-09-27T16:41:48.416Z	spark1	SERVING	6.770	6.320
2026-09-27T16:41:52.705Z	spark2	SERVING	9.952	4.066
2026-09-27T16:41:53.544Z	spark1	SERVING	6.777	6.320
2026-09-27T16:41:57.828Z	spark2	SERVING	9.954	4.066
2026-09-27T16:41:58.678Z	spark1	SERVING	6.786	6.320
2026-09-27T16:42:02.949Z	spark2	SERVING	9.960	4.066
2026-09-27T16:42:03.814Z	spark1	SERVING	6.776	6.320
2026-09-27T16:42:08.070Z	spark2	SERVING	9.962	4.066
2026-09-27T16:42:08.942Z	spark1	SERVING	6.772	6.320
2026-09-27T16:42:13.181Z	spark2	SERVING	9.962	4.066
2026-09-27T16:42:14.074Z	spark1	SERVING	6.762	6.320
2026-09-27T16:42:18.302Z	spark2	SERVING	9.951	4.066
2026-09-27T16:42:19.200Z	spark1	SERVING	6.773	6.320
2026-09-27T16:42:23.418Z	spark2	SERVING	9.952	4.066
2026-09-27T16:42:24.333Z	spark1	SERVING	6.794	6.320
2026-09-27T16:42:28.534Z	spark2	SERVING	9.942	4.066
2026-09-27T16:42:29.463Z	spark1	SERVING	6.807	6.320
2026-09-27T16:42:33.654Z	spark2	SERVING	9.947	4.066
2026-09-27T16:42:34.598Z	spark1	SERVING	6.783	6.320
2026-09-27T16:42:38.774Z	spark2	SERVING	9.945	4.066
2026-09-27T16:42:39.728Z	spark1	SERVING	6.740	6.320
2026-09-27T16:42:43.887Z	spark2	SERVING	9.948	4.066
2026-09-27T16:42:44.866Z	spark1	SERVING	6.765	6.320
2026-09-27T16:42:49.011Z	spark2	SERVING	9.959	4.066
2026-09-27T16:42:49.995Z	spark1	SERVING	6.781	6.320
2026-09-27T16:42:54.137Z	spark2	SERVING	9.959	4.066
2026-09-27T16:42:55.124Z	spark1	SERVING	6.774	6.320
2026-09-27T16:42:59.264Z	spark2	SERVING	9.955	4.066
2026-09-27T16:43:00.263Z	spark1	SERVING	6.759	6.320
2026-09-27T16:43:04.398Z	spark2	SERVING	9.955	4.066
2026-09-27T16:43:05.383Z	spark1	SERVING	6.778	6.320
2026-09-27T16:43:09.525Z	spark2	SERVING	9.955	4.066
2026-09-27T16:43:10.524Z	spark1	SERVING	6.740	6.320
2026-09-27T16:43:14.648Z	spark2	SERVING	9.962	4.066
2026-09-27T16:43:15.667Z	spark1	SERVING	6.757	6.320
2026-09-27T16:43:19.777Z	spark2	SERVING	9.962	4.066
2026-09-27T16:43:20.810Z	spark1	SERVING	6.761	6.320
2026-09-27T16:43:24.906Z	spark2	SERVING	9.956	4.066
2026-09-27T16:43:25.948Z	spark1	SERVING	6.739	6.320
2026-09-27T16:43:30.022Z	spark2	SERVING	9.957	4.066
2026-09-27T16:43:31.070Z	spark1	SERVING	6.768	6.320
2026-09-27T16:43:35.137Z	spark2	SERVING	9.948	4.066
2026-09-27T16:43:36.201Z	spark1	SERVING	6.765	6.320
2026-09-27T16:43:40.248Z	spark2	SERVING	9.950	4.066
2026-09-27T16:43:41.332Z	spark1	SERVING	6.766	6.320
2026-09-27T16:43:45.367Z	spark2	SERVING	9.944	4.066
2026-09-27T16:43:46.464Z	spark1	SERVING	6.732	6.320
2026-09-27T16:43:50.480Z	spark2	SERVING	9.945	4.066
2026-09-27T16:43:51.596Z	spark1	SERVING	6.740	6.320
2026-09-27T16:43:55.602Z	spark2	SERVING	9.946	4.066
2026-09-27T16:43:56.730Z	spark1	SERVING	6.740	6.320
2026-09-27T16:44:00.724Z	spark2	SERVING	9.947	4.066
2026-09-27T16:44:01.867Z	spark1	SERVING	6.763	6.320
2026-09-27T16:44:05.845Z	spark2	SERVING	9.948	4.066
2026-09-27T16:44:06.994Z	spark1	SERVING	6.768	6.320
2026-09-27T16:44:10.967Z	spark2	SERVING	9.944	4.066
2026-09-27T16:44:12.125Z	spark1	SERVING	6.784	6.320
2026-09-27T16:44:16.086Z	spark2	SERVING	9.946	4.066
2026-09-27T16:44:17.262Z	spark1	SERVING	6.792	6.320
2026-09-27T16:44:21.206Z	spark2	SERVING	9.938	4.066
2026-09-27T16:44:22.395Z	spark1	SERVING	6.802	6.320
2026-09-27T16:44:26.324Z	spark2	SERVING	9.942	4.066
2026-09-27T16:44:27.530Z	spark1	SERVING	6.815	6.320
2026-09-27T16:44:31.447Z	spark2	SERVING	9.947	4.066
2026-09-27T16:44:32.665Z	spark1	SERVING	6.817	6.320
2026-09-27T16:44:36.555Z	spark2	SERVING	9.951	4.066
2026-09-27T16:44:37.793Z	spark1	SERVING	6.788	6.320
2026-09-27T16:44:41.676Z	spark2	SERVING	9.946	4.066
2026-09-27T16:44:42.924Z	spark1	SERVING	6.759	6.320
2026-09-27T16:44:46.788Z	spark2	SERVING	9.954	4.066
2026-09-27T16:44:48.056Z	spark1	SERVING	6.768	6.320
2026-09-27T16:44:51.910Z	spark2	SERVING	9.937	4.065
2026-09-27T16:44:53.186Z	spark1	SERVING	6.738	6.320
2026-09-27T16:44:57.035Z	spark2	SERVING	9.942	4.065
2026-09-27T16:44:58.307Z	spark1	SERVING	6.764	6.320
2026-09-27T16:45:02.156Z	spark2	SERVING	9.946	4.065
2026-09-27T16:45:03.421Z	spark1	SERVING	6.777	6.320
2026-09-27T16:45:07.282Z	spark2	SERVING	9.949	4.065
2026-09-27T16:45:08.550Z	spark1	SERVING	6.763	6.320
2026-09-27T16:45:12.403Z	spark2	SERVING	9.948	4.065
2026-09-27T16:45:13.675Z	spark1	SERVING	6.745	6.320
2026-09-27T16:45:17.527Z	spark2	SERVING	9.953	4.065
2026-09-27T16:45:18.801Z	spark1	SERVING	6.768	6.320
2026-09-27T16:45:22.652Z	spark2	SERVING	9.953	4.065
2026-09-27T16:45:23.935Z	spark1	SERVING	6.768	6.320
2026-09-27T16:45:27.770Z	spark2	SERVING	9.936	4.065
2026-09-27T16:45:29.053Z	spark1	SERVING	6.778	6.320
2026-09-27T16:45:32.882Z	spark2	SERVING	9.941	4.065
2026-09-27T16:45:34.173Z	spark1	SERVING	6.781	6.320
2026-09-27T16:45:37.996Z	spark2	SERVING	9.953	4.065
2026-09-27T16:45:39.297Z	spark1	SERVING	6.772	6.320
2026-09-27T16:45:43.116Z	spark2	SERVING	9.957	4.065
2026-09-27T16:45:44.427Z	spark1	SERVING	6.779	6.320
2026-09-27T16:45:48.231Z	spark2	SERVING	9.953	4.065
2026-09-27T16:45:49.562Z	spark1	SERVING	6.771	6.320
2026-09-27T16:45:53.344Z	spark2	SERVING	9.953	4.065
2026-09-27T16:45:54.688Z	spark1	SERVING	6.778	6.320
2026-09-27T16:45:58.456Z	spark2	SERVING	9.956	4.065
2026-09-27T16:45:59.802Z	spark1	SERVING	6.726	6.320
2026-09-27T16:46:03.574Z	spark2	SERVING	9.948	4.065
2026-09-27T16:46:04.924Z	spark1	SERVING	6.751	6.320
2026-09-27T16:46:08.692Z	spark2	SERVING	9.946	4.065
2026-09-27T16:46:10.051Z	spark1	SERVING	6.771	6.320
2026-09-27T16:46:13.820Z	spark2	SERVING	9.942	4.065
2026-09-27T16:46:15.170Z	spark1	SERVING	6.749	6.320
2026-09-27T16:46:18.951Z	spark2	SERVING	9.943	4.065
2026-09-27T16:46:20.296Z	spark1	SERVING	6.752	6.320
2026-09-27T16:46:24.074Z	spark2	SERVING	9.930	4.065
2026-09-27T16:46:25.427Z	spark1	SERVING	6.762	6.320
2026-09-27T16:46:29.200Z	spark2	SERVING	9.941	4.065
2026-09-27T16:46:30.558Z	spark1	SERVING	6.769	6.320
2026-09-27T16:46:34.320Z	spark2	SERVING	9.946	4.065
2026-09-27T16:46:35.677Z	spark1	SERVING	6.758	6.320
2026-09-27T16:46:39.439Z	spark2	SERVING	9.947	4.065
2026-09-27T16:46:40.808Z	spark1	SERVING	6.770	6.320
2026-09-27T16:46:44.559Z	spark2	SERVING	9.916	4.065
2026-09-27T16:46:45.946Z	spark1	SERVING	6.740	6.320
2026-09-27T16:46:49.681Z	spark2	SERVING	9.921	4.065
2026-09-27T16:46:51.072Z	spark1	SERVING	6.790	6.320
2026-09-27T16:46:54.799Z	spark2	SERVING	9.929	4.065
2026-09-27T16:46:56.204Z	spark1	SERVING	6.764	6.320
2026-09-27T16:46:59.920Z	spark2	SERVING	9.940	4.065
2026-09-27T16:47:01.329Z	spark1	SERVING	6.771	6.320
2026-09-27T16:47:05.042Z	spark2	SERVING	9.944	4.065
2026-09-27T16:47:06.459Z	spark1	SERVING	6.759	6.320
2026-09-27T16:47:10.167Z	spark2	SERVING	9.944	4.065
2026-09-27T16:47:11.581Z	spark1	SERVING	6.767	6.320
2026-09-27T16:47:15.296Z	spark2	SERVING	9.945	4.065
2026-09-27T16:47:16.723Z	spark1	SERVING	6.796	6.320
2026-09-27T16:47:20.426Z	spark2	SERVING	9.951	4.065
2026-09-27T16:47:21.856Z	spark1	SERVING	6.767	6.320
2026-09-27T16:47:25.553Z	spark2	SERVING	9.951	4.065
2026-09-27T16:47:26.991Z	spark1	SERVING	6.787	6.320
2026-09-27T16:47:30.683Z	spark2	SERVING	9.945	4.065
2026-09-27T16:47:32.126Z	spark1	SERVING	6.778	6.320
2026-09-27T16:47:35.815Z	spark2	SERVING	9.946	4.065
2026-09-27T16:47:37.260Z	spark1	SERVING	6.777	6.320
2026-09-27T16:47:40.944Z	spark2	SERVING	9.947	4.065
2026-09-27T16:47:42.392Z	spark1	SERVING	6.759	6.320
2026-09-27T16:47:46.063Z	spark2	SERVING	9.951	4.065
2026-09-27T16:47:47.529Z	spark1	SERVING	6.785	6.320
2026-09-27T16:47:51.190Z	spark2	SERVING	9.951	4.065
2026-09-27T16:47:52.674Z	spark1	SERVING	6.741	6.320
2026-09-27T16:47:56.316Z	spark2	SERVING	9.946	4.065
2026-09-27T16:47:57.809Z	spark1	SERVING	6.760	6.320
2026-09-27T16:48:01.448Z	spark2	SERVING	9.947	4.065
2026-09-27T16:48:02.951Z	spark1	SERVING	6.743	6.320
2026-09-27T16:48:06.574Z	spark2	SERVING	9.937	4.065
2026-09-27T16:48:08.090Z	spark1	SERVING	6.762	6.320
2026-09-27T16:48:11.689Z	spark2	SERVING	9.940	4.065
2026-09-27T16:48:13.215Z	spark1	SERVING	6.763	6.320
2026-09-27T16:48:16.809Z	spark2	SERVING	9.941	4.065
2026-09-27T16:48:18.348Z	spark1	SERVING	6.759	6.320
2026-09-27T16:48:21.934Z	spark2	SERVING	9.942	4.065
2026-09-27T16:48:23.488Z	spark1	SERVING	6.771	6.320
2026-09-27T16:48:27.056Z	spark2	SERVING	9.933	4.065
2026-09-27T16:48:28.618Z	spark1	SERVING	6.770	6.320
2026-09-27T16:48:32.180Z	spark2	SERVING	9.938	4.065
2026-09-27T16:48:33.756Z	spark1	SERVING	6.744	6.320
2026-09-27T16:48:37.300Z	spark2	SERVING	9.935	4.065
2026-09-27T16:48:38.892Z	spark1	SERVING	6.743	6.320
2026-09-27T16:48:42.425Z	spark2	SERVING	9.943	4.065
2026-09-27T16:48:44.027Z	spark1	SERVING	6.751	6.320
2026-09-27T16:48:47.550Z	spark2	SERVING	9.954	4.065
2026-09-27T16:48:49.155Z	spark1	SERVING	6.760	6.320
2026-09-27T16:48:52.679Z	spark2	SERVING	9.956	4.065
2026-09-27T16:48:54.285Z	spark1	SERVING	6.773	6.320
2026-09-27T16:48:57.802Z	spark2	SERVING	9.956	4.065
2026-09-27T16:48:59.420Z	spark1	SERVING	6.749	6.320
2026-09-27T16:49:02.920Z	spark2	SERVING	9.947	4.065
2026-09-27T16:49:04.550Z	spark1	SERVING	6.781	6.320
2026-09-27T16:49:08.004Z	spark2	SERVING	9.958	4.064
2026-09-27T16:49:09.622Z	spark1	SERVING	6.796	6.320
2026-09-27T16:49:13.082Z	spark2	SERVING	9.955	4.064
2026-09-27T16:49:14.700Z	spark1	SERVING	6.811	6.320
2026-09-27T16:49:18.164Z	spark2	SERVING	9.955	4.064
2026-09-27T16:49:19.783Z	spark1	SERVING	6.789	6.320
2026-09-27T16:49:23.236Z	spark2	SERVING	9.956	4.064
2026-09-27T16:49:24.860Z	spark1	SERVING	6.776	6.320
2026-09-27T16:49:28.345Z	spark2	SERVING	9.928	4.064
2026-09-27T16:49:29.988Z	spark1	SERVING	6.652	6.320
2026-09-27T16:49:33.461Z	spark2	SERVING	9.918	4.064
2026-09-27T16:49:35.122Z	spark1	SERVING	6.570	6.320
2026-09-27T16:49:38.582Z	spark2	SERVING	9.919	4.064
2026-09-27T16:49:40.243Z	spark1	SERVING	6.548	6.320
2026-09-27T16:49:43.708Z	spark2	SERVING	9.899	4.064
2026-09-27T16:49:45.380Z	spark1	SERVING	6.476	6.320
2026-09-27T16:49:48.821Z	spark2	SERVING	9.892	4.064
2026-09-27T16:49:50.517Z	spark1	SERVING	6.467	6.320
2026-09-27T16:49:53.945Z	spark2	SERVING	9.896	4.064
2026-09-27T16:49:55.636Z	spark1	SERVING	6.428	6.320
2026-09-27T16:49:59.057Z	spark2	SERVING	9.897	4.064
2026-09-27T16:50:00.773Z	spark1	SERVING	6.428	6.320
2026-09-27T16:50:04.174Z	spark2	SERVING	9.901	4.064
2026-09-27T16:50:05.910Z	spark1	SERVING	6.375	6.320
2026-09-27T16:50:09.295Z	spark2	SERVING	9.890	4.064
2026-09-27T16:50:11.052Z	spark1	SERVING	6.346	6.320
2026-09-27T16:50:14.412Z	spark2	SERVING	9.899	4.064
2026-09-27T16:50:16.179Z	spark1	SERVING	6.292	6.320
2026-09-27T16:50:19.527Z	spark2	SERVING	9.884	4.064
2026-09-27T16:50:21.319Z	spark1	SERVING	6.336	6.320
2026-09-27T16:50:24.657Z	spark2	SERVING	9.886	4.064
2026-09-27T16:50:26.463Z	spark1	SERVING	6.279	6.320
2026-09-27T16:50:29.783Z	spark2	SERVING	9.894	4.064
2026-09-27T16:50:31.602Z	spark1	SERVING	6.242	6.320
2026-09-27T16:50:34.910Z	spark2	SERVING	9.891	4.064
2026-09-27T16:50:36.732Z	spark1	SERVING	6.152	6.320
2026-09-27T16:50:40.028Z	spark2	SERVING	9.886	4.064
2026-09-27T16:50:41.869Z	spark1	SERVING	6.037	6.320
2026-09-27T16:50:45.140Z	spark2	SERVING	9.889	4.064
2026-09-27T16:50:47.009Z	spark1	SERVING	6.033	6.320
2026-09-27T16:50:50.255Z	spark2	SERVING	9.889	4.064
2026-09-27T16:50:52.146Z	spark1	SERVING	5.992	6.320
2026-09-27T16:50:55.366Z	spark2	SERVING	9.898	4.064
2026-09-27T16:50:57.279Z	spark1	SERVING	5.952	6.320
2026-09-27T16:51:00.484Z	spark2	SERVING	9.898	4.064
2026-09-27T16:51:02.398Z	spark1	SERVING	5.908	6.320
2026-09-27T16:51:05.609Z	spark2	SERVING	9.893	4.064
2026-09-27T16:51:07.511Z	spark1	SERVING	5.995	6.320
2026-09-27T16:51:10.735Z	spark2	SERVING	9.893	4.064
2026-09-27T16:51:12.641Z	spark1	SERVING	6.045	6.320
2026-09-27T16:51:15.860Z	spark2	SERVING	9.884	4.064
2026-09-27T16:51:17.767Z	spark1	SERVING	6.082	6.320
2026-09-27T16:51:20.987Z	spark2	SERVING	9.892	4.064
2026-09-27T16:51:22.905Z	spark1	SERVING	6.077	6.320
2026-09-27T16:51:26.110Z	spark2	SERVING	9.887	4.064
2026-09-27T16:51:28.037Z	spark1	SERVING	6.009	6.320
2026-09-27T16:51:31.235Z	spark2	SERVING	9.893	4.064
2026-09-27T16:51:33.177Z	spark1	SERVING	6.051	6.320
2026-09-27T16:51:36.364Z	spark2	SERVING	9.886	4.064
2026-09-27T16:51:38.315Z	spark1	SERVING	6.050	6.320
2026-09-27T16:51:41.488Z	spark2	SERVING	9.888	4.064
2026-09-27T16:51:43.459Z	spark1	SERVING	6.054	6.320
2026-09-27T16:51:46.617Z	spark2	SERVING	9.875	4.064
2026-09-27T16:51:48.590Z	spark1	SERVING	6.051	6.320
2026-09-27T16:51:51.734Z	spark2	SERVING	9.885	4.064
2026-09-27T16:51:53.718Z	spark1	SERVING	5.912	6.320
2026-09-27T16:51:56.852Z	spark2	SERVING	9.887	4.064
2026-09-27T16:51:58.077Z	spark1	SERVING	5.589	6.320
2026-09-27T16:51:58.353Z	spark1	SERVING	5.562	6.320
2026-09-27T16:51:58.854Z	spark1	SERVING	5.520	6.320
2026-09-27T16:52:01.963Z	spark2	SERVING	9.762	4.064
2026-09-27T16:52:03.969Z	spark1	SERVING	5.934	6.320
2026-09-27T16:52:07.076Z	spark2	SERVING	9.806	4.064
2026-09-27T16:52:08.066Z	spark1	SERVING	4.996	6.320
2026-09-27T16:52:09.087Z	spark1	SERVING	4.988	6.320
2026-09-27T16:52:09.338Z	spark1	SERVING	4.959	6.320
2026-09-27T16:52:09.611Z	spark1	SERVING	4.958	6.320
2026-09-27T16:52:10.362Z	spark1	SERVING	4.878	6.320
2026-09-27T16:52:10.633Z	spark1	SERVING	4.875	6.320
2026-09-27T16:52:11.135Z	spark1	SERVING	4.875	6.320
2026-09-27T16:52:11.385Z	spark1	SERVING	4.830	6.320
2026-09-27T16:52:11.658Z	spark1	SERVING	4.826	6.320
2026-09-27T16:52:11.908Z	spark1	SERVING	4.826	6.320
2026-09-27T16:52:12.159Z	spark1	SERVING	4.826	6.320
2026-09-27T16:52:12.189Z	spark2	SERVING	9.734	4.064
2026-09-27T16:52:12.410Z	spark1	SERVING	4.813	6.320
2026-09-27T16:52:12.687Z	spark1	SERVING	4.811	6.320
2026-09-27T16:52:12.938Z	spark1	SERVING	4.811	6.320
2026-09-27T16:52:17.306Z	spark2	SERVING	9.781	4.064
2026-09-27T16:52:18.064Z	spark1	SERVING	4.956	6.320
2026-09-27T16:52:20.117Z	spark1	SERVING	4.687	6.320
2026-09-27T16:52:20.884Z	spark1	SERVING	4.633	6.320
2026-09-27T16:52:21.134Z	spark1	SERVING	4.415	6.320
2026-09-27T16:52:21.385Z	spark1	SERVING	4.409	6.320
2026-09-27T16:52:21.635Z	spark1	SERVING	4.406	6.320
2026-09-27T16:52:21.910Z	spark1	SERVING	4.358	6.320
2026-09-27T16:52:22.160Z	spark1	SERVING	4.357	6.320
2026-09-27T16:52:22.410Z	spark1	SERVING	4.343	6.320
2026-09-27T16:52:22.427Z	spark2	SERVING	9.594	4.064
2026-09-27T16:52:22.661Z	spark1	SERVING	4.341	6.320
2026-09-27T16:52:22.939Z	spark1	SERVING	4.339	6.320
2026-09-27T16:52:23.440Z	spark1	SERVING	4.338	6.320
2026-09-27T16:52:23.966Z	spark1	SERVING	4.317	6.320
2026-09-27T16:52:25.493Z	spark1	SERVING	4.315	6.320
2026-09-27T16:52:26.022Z	spark1	SERVING	4.305	6.320
2026-09-27T16:52:26.523Z	spark1	SERVING	4.298	6.320
2026-09-27T16:52:26.774Z	spark1	SERVING	4.297	6.320
2026-09-27T16:52:27.047Z	spark1	SERVING	4.296	6.320
2026-09-27T16:52:27.297Z	spark1	SERVING	4.174	6.320
2026-09-27T16:52:27.548Z	spark1	SERVING	4.174	6.320
2026-09-27T16:52:27.551Z	spark2	SERVING	9.538	4.064
2026-09-27T16:52:28.068Z	spark1	SERVING	4.147	6.320
2026-09-27T16:52:28.319Z	spark1	SERVING	4.147	6.320
2026-09-27T16:52:30.111Z	spark1	SERVING	4.135	6.320
2026-09-27T16:52:30.612Z	spark1	SERVING	4.109	6.320
2026-09-27T16:52:30.863Z	spark1	SERVING	4.104	6.320
2026-09-27T16:52:31.138Z	spark1	SERVING	4.103	6.320
2026-09-27T16:52:31.639Z	spark1	SERVING	4.073	6.320
2026-09-27T16:52:32.162Z	spark1	SERVING	4.061	6.320
2026-09-27T16:52:32.662Z	spark2	SERVING	9.549	4.064
2026-09-27T16:52:37.295Z	spark1	SERVING	4.159	6.320
2026-09-27T16:52:37.788Z	spark2	SERVING	9.627	4.064
2026-09-27T16:52:42.400Z	spark1	SERVING	5.098	6.320
2026-09-27T16:52:42.901Z	spark2	SERVING	9.633	4.064
2026-09-27T16:52:47.531Z	spark1	SERVING	4.739	6.320
2026-09-27T16:52:48.022Z	spark2	SERVING	9.665	4.064
2026-09-27T16:52:52.657Z	spark1	SERVING	4.352	6.320
2026-09-27T16:52:53.127Z	spark2	SERVING	9.661	4.064
2026-09-27T16:52:57.776Z	spark1	SERVING	4.287	6.320
2026-09-27T16:52:58.242Z	spark2	SERVING	9.671	4.064
2026-09-27T16:53:02.908Z	spark1	SERVING	4.466	6.320
2026-09-27T16:53:03.371Z	spark2	SERVING	9.674	4.064
2026-09-27T16:53:08.039Z	spark1	SERVING	4.458	6.320
2026-09-27T16:53:08.491Z	spark2	SERVING	9.678	4.064
2026-09-27T16:53:13.173Z	spark1	SERVING	4.598	6.320
2026-09-27T16:53:13.617Z	spark2	SERVING	9.679	4.064
2026-09-27T16:53:18.314Z	spark1	SERVING	4.654	6.320
2026-09-27T16:53:18.741Z	spark2	SERVING	9.677	4.064
2026-09-27T16:53:23.439Z	spark1	SERVING	4.769	6.320
2026-09-27T16:53:23.858Z	spark2	SERVING	9.681	4.064
2026-09-27T16:53:28.558Z	spark1	SERVING	4.882	6.320
2026-09-27T16:53:28.977Z	spark2	SERVING	9.650	4.064
2026-09-27T16:53:33.676Z	spark1	SERVING	4.447	6.320
2026-09-27T16:53:34.089Z	spark2	SERVING	9.623	4.064
2026-09-27T16:53:38.801Z	spark1	SERVING	4.478	6.320
2026-09-27T16:53:39.207Z	spark2	SERVING	9.665	4.064
2026-09-27T16:53:43.938Z	spark1	SERVING	4.648	6.320
2026-09-27T16:53:44.329Z	spark2	SERVING	9.667	4.064
2026-09-27T16:53:49.080Z	spark1	SERVING	4.644	6.320
2026-09-27T16:53:49.444Z	spark2	SERVING	9.667	4.064
2026-09-27T16:53:54.196Z	spark1	SERVING	4.676	6.320
2026-09-27T16:53:54.562Z	spark2	SERVING	9.678	4.064
2026-09-27T16:53:59.314Z	spark1	SERVING	4.715	6.320
2026-09-27T16:53:59.683Z	spark2	SERVING	9.678	4.064
2026-09-27T16:54:04.441Z	spark1	SERVING	4.736	6.320
2026-09-27T16:54:04.804Z	spark2	SERVING	9.670	4.064
2026-09-27T16:54:09.572Z	spark1	SERVING	4.764	6.320
2026-09-27T16:54:09.924Z	spark2	SERVING	9.672	4.064
2026-09-27T16:54:14.706Z	spark1	SERVING	5.342	6.320
2026-09-27T16:54:15.036Z	spark2	SERVING	9.668	4.064
2026-09-27T16:54:19.788Z	spark1	SERVING	5.325	6.320
2026-09-27T16:54:20.110Z	spark2	SERVING	9.673	4.064
2026-09-27T16:54:24.857Z	spark1	SERVING	5.209	6.320
2026-09-27T16:54:25.179Z	spark2	SERVING	9.688	4.064
2026-09-27T16:54:29.927Z	spark1	SERVING	5.224	6.320
2026-09-27T16:54:30.260Z	spark2	SERVING	9.686	4.064
2026-09-27T16:54:35.012Z	spark1	SERVING	5.152	6.320
2026-09-27T16:54:35.331Z	spark2	SERVING	9.683	4.064
2026-09-27T16:54:40.091Z	spark1	SERVING	5.116	6.320
2026-09-27T16:54:40.408Z	spark2	SERVING	9.688	4.064
2026-09-27T16:54:45.167Z	spark1	SERVING	5.061	6.320
2026-09-27T16:54:45.489Z	spark2	SERVING	9.675	4.064
2026-09-27T16:54:50.252Z	spark1	SERVING	4.991	6.320
2026-09-27T16:54:50.564Z	spark2	SERVING	9.676	4.064
2026-09-27T16:54:55.334Z	spark1	SERVING	4.998	6.320
2026-09-27T16:54:55.642Z	spark2	SERVING	9.675	4.064
2026-09-27T16:55:00.414Z	spark1	SERVING	4.923	6.320
2026-09-27T16:55:00.712Z	spark2	SERVING	9.688	4.064
2026-09-27T16:55:05.501Z	spark1	SERVING	4.942	6.320
2026-09-27T16:55:05.790Z	spark2	SERVING	9.687	4.064
2026-09-27T16:55:10.595Z	spark1	SERVING	4.901	6.320
2026-09-27T16:55:10.853Z	spark2	SERVING	9.688	4.064
2026-09-27T16:55:15.683Z	spark1	SERVING	4.926	6.320
2026-09-27T16:55:15.935Z	spark2	SERVING	9.688	4.064
2026-09-27T16:55:20.770Z	spark1	SERVING	4.913	6.320
2026-09-27T16:55:21.010Z	spark2	SERVING	9.680	4.064
2026-09-27T16:55:25.850Z	spark1	SERVING	4.916	6.320
2026-09-27T16:55:26.081Z	spark2	SERVING	9.681	4.064
2026-09-27T16:55:30.930Z	spark1	SERVING	4.899	6.320
2026-09-27T16:55:31.158Z	spark2	SERVING	9.686	4.064
2026-09-27T16:55:36.011Z	spark1	SERVING	4.816	6.320
2026-09-27T16:55:36.233Z	spark2	SERVING	9.687	4.064
2026-09-27T16:55:41.084Z	spark1	SERVING	4.711	6.320
2026-09-27T16:55:41.302Z	spark2	SERVING	9.673	4.064
2026-09-27T16:55:46.167Z	spark1	SERVING	4.710	6.320
2026-09-27T16:55:46.385Z	spark2	SERVING	9.672	4.064
2026-09-27T16:55:51.239Z	spark1	SERVING	4.673	6.320
2026-09-27T16:55:51.465Z	spark2	SERVING	9.674	4.064
2026-09-27T16:55:56.323Z	spark1	SERVING	4.704	6.320
2026-09-27T16:55:56.541Z	spark2	SERVING	9.674	4.064
2026-09-27T16:56:01.404Z	spark1	SERVING	4.702	6.320
2026-09-27T16:56:01.618Z	spark2	SERVING	9.683	4.064
2026-09-27T16:56:06.490Z	spark1	SERVING	4.717	6.320
2026-09-27T16:56:06.704Z	spark2	SERVING	9.682	4.064
2026-09-27T16:56:11.563Z	spark1	SERVING	4.712	6.320
2026-09-27T16:56:11.788Z	spark2	SERVING	9.689	4.064
2026-09-27T16:56:16.632Z	spark1	SERVING	4.642	6.320
2026-09-27T16:56:16.867Z	spark2	SERVING	9.687	4.064
2026-09-27T16:56:21.759Z	spark1	SERVING	4.721	6.320
2026-09-27T16:56:22.001Z	spark2	SERVING	9.684	4.064
2026-09-27T16:56:26.888Z	spark1	SERVING	4.694	6.320
2026-09-27T16:56:27.132Z	spark2	SERVING	9.678	4.064
2026-09-27T16:56:32.010Z	spark1	SERVING	4.670	6.320
2026-09-27T16:56:32.261Z	spark2	SERVING	9.681	4.064
2026-09-27T16:56:37.149Z	spark1	SERVING	4.748	6.320
2026-09-27T16:56:37.381Z	spark2	SERVING	9.678	4.064
2026-09-27T16:56:42.273Z	spark1	SERVING	4.686	6.320
2026-09-27T16:56:42.510Z	spark2	SERVING	9.681	4.064
2026-09-27T16:56:47.412Z	spark1	SERVING	4.671	6.320
2026-09-27T16:56:47.633Z	spark2	SERVING	9.660	4.064
2026-09-27T16:56:52.540Z	spark1	SERVING	4.722	6.320
2026-09-27T16:56:52.760Z	spark2	SERVING	9.658	4.064
2026-09-27T16:56:57.681Z	spark1	SERVING	4.667	6.320
2026-09-27T16:56:57.886Z	spark2	SERVING	9.652	4.064
2026-09-27T16:57:02.814Z	spark1	SERVING	4.702	6.320
2026-09-27T16:57:03.012Z	spark2	SERVING	9.654	4.064
2026-09-27T16:57:07.950Z	spark1	SERVING	4.686	6.320
2026-09-27T16:57:08.133Z	spark2	SERVING	9.654	4.064
2026-09-27T16:57:13.083Z	spark1	SERVING	4.693	6.320
2026-09-27T16:57:13.262Z	spark2	SERVING	9.654	4.064
2026-09-27T16:57:18.204Z	spark1	SERVING	4.697	6.320
2026-09-27T16:57:18.388Z	spark2	SERVING	9.661	4.064
2026-09-27T16:57:23.336Z	spark1	SERVING	4.830	6.320
2026-09-27T16:57:23.503Z	spark2	SERVING	9.665	4.064
2026-09-27T16:57:28.469Z	spark1	SERVING	5.238	6.320
2026-09-27T16:57:28.623Z	spark2	SERVING	9.667	4.064
2026-09-27T16:57:33.604Z	spark1	SERVING	4.818	6.320
2026-09-27T16:57:33.748Z	spark2	SERVING	9.666	4.064
2026-09-27T16:57:38.733Z	spark1	SERVING	4.669	6.320
2026-09-27T16:57:38.873Z	spark2	SERVING	9.666	4.064
2026-09-27T16:57:43.871Z	spark1	SERVING	4.560	6.320
2026-09-27T16:57:43.989Z	spark2	SERVING	9.662	4.064
2026-09-27T16:57:49.009Z	spark1	SERVING	5.386	6.320
2026-09-27T16:57:49.124Z	spark2	SERVING	9.669	4.064
2026-09-27T16:57:54.123Z	spark1	SERVING	4.777	6.320
2026-09-27T16:57:54.231Z	spark2	SERVING	9.663	4.063
2026-09-27T16:57:59.203Z	spark1	SERVING	4.657	6.320
2026-09-27T16:57:59.308Z	spark2	SERVING	9.667	4.063
2026-09-27T16:58:04.282Z	spark1	SERVING	4.587	6.320
2026-09-27T16:58:04.387Z	spark2	SERVING	9.666	4.063
2026-09-27T16:58:09.369Z	spark1	SERVING	4.577	6.320
2026-09-27T16:58:09.458Z	spark2	SERVING	9.669	4.063
2026-09-27T16:58:14.448Z	spark1	SERVING	4.641	6.320
2026-09-27T16:58:14.533Z	spark2	SERVING	9.668	4.063
2026-09-27T16:58:19.526Z	spark1	SERVING	4.701	6.320
2026-09-27T16:58:19.603Z	spark2	SERVING	9.678	4.063
2026-09-27T16:58:24.665Z	spark1	SERVING	4.752	6.320
2026-09-27T16:58:24.734Z	spark2	SERVING	9.677	4.063
2026-09-27T16:58:29.750Z	spark1	SERVING	4.707	6.320
2026-09-27T16:58:29.809Z	spark2	SERVING	9.686	4.063
2026-09-27T16:58:34.831Z	spark1	SERVING	4.766	6.320
2026-09-27T16:58:34.887Z	spark2	SERVING	9.686	4.063
2026-09-27T16:58:39.913Z	spark1	SERVING	4.774	6.320
2026-09-27T16:58:39.957Z	spark2	SERVING	9.687	4.063
2026-09-27T16:58:44.997Z	spark1	SERVING	4.819	6.320
2026-09-27T16:58:45.037Z	spark2	SERVING	9.693	4.063
2026-09-27T16:58:50.083Z	spark1	SERVING	4.790	6.320
2026-09-27T16:58:50.122Z	spark2	SERVING	9.688	4.063
2026-09-27T16:58:55.184Z	spark1	SERVING	4.796	6.319
2026-09-27T16:58:55.219Z	spark2	SERVING	9.688	4.063
2026-09-27T16:59:00.315Z	spark1	SERVING	4.816	6.319
2026-09-27T16:59:00.349Z	spark2	SERVING	9.652	4.063
2026-09-27T16:59:05.426Z	spark1	SERVING	4.827	6.319
2026-09-27T16:59:05.450Z	spark2	SERVING	9.659	4.063
2026-09-27T16:59:10.511Z	spark1	SERVING	4.819	6.319
2026-09-27T16:59:10.525Z	spark2	SERVING	9.652	4.063
2026-09-27T16:59:15.589Z	spark1	SERVING	4.849	6.319
2026-09-27T16:59:15.610Z	spark2	SERVING	9.666	4.063
