ts	node	phase	memavail_gib	swap_used_gib
2026-09-28T10:26:01.803Z	spark1	LOAD	115.606	3.944
2026-09-28T10:26:01.932Z	spark2	LOAD	116.882	1.714
2026-09-28T10:26:02.069Z	spark1	LOAD	115.603	3.944
2026-09-28T10:26:02.193Z	spark2	LOAD	116.888	1.714
2026-09-28T10:26:02.320Z	spark1	LOAD	115.603	3.944
2026-09-28T10:26:02.442Z	spark2	LOAD	116.880	1.714
2026-09-28T10:26:02.571Z	spark1	LOAD	115.603	3.944
2026-09-28T10:26:02.693Z	spark2	LOAD	116.878	1.714
2026-09-28T10:26:02.821Z	spark1	LOAD	115.602	3.944
2026-09-28T10:26:02.943Z	spark2	LOAD	116.877	1.714
2026-09-28T10:26:03.089Z	spark1	LOAD	115.598	3.944
2026-09-28T10:26:03.202Z	spark2	LOAD	116.884	1.714
2026-09-28T10:26:03.340Z	spark1	LOAD	115.598	3.944
2026-09-28T10:26:03.453Z	spark2	LOAD	116.875	1.713
2026-09-28T10:26:03.591Z	spark1	LOAD	115.598	3.944
2026-09-28T10:26:03.703Z	spark2	LOAD	116.875	1.713
2026-09-28T10:26:03.841Z	spark1	LOAD	115.597	3.944
2026-09-28T10:26:03.954Z	spark2	LOAD	116.787	1.713
2026-09-28T10:26:04.103Z	spark1	LOAD	115.601	3.944
2026-09-28T10:26:04.218Z	spark2	LOAD	116.750	1.713
2026-09-28T10:26:04.355Z	spark1	LOAD	115.602	3.944
2026-09-28T10:26:04.468Z	spark2	LOAD	116.685	1.713
2026-09-28T10:26:04.605Z	spark1	LOAD	115.602	3.944
2026-09-28T10:26:04.719Z	spark2	LOAD	116.648	1.713
2026-09-28T10:26:04.855Z	spark1	LOAD	115.601	3.944
2026-09-28T10:26:04.969Z	spark2	LOAD	116.622	1.713
2026-09-28T10:26:05.121Z	spark1	LOAD	115.608	3.944
2026-09-28T10:26:05.230Z	spark2	LOAD	116.593	1.713
2026-09-28T10:26:05.372Z	spark1	LOAD	115.609	3.944
2026-09-28T10:26:05.481Z	spark2	LOAD	116.558	1.713
2026-09-28T10:26:05.623Z	spark1	LOAD	115.609	3.944
2026-09-28T10:26:05.732Z	spark2	LOAD	116.544	1.713
2026-09-28T10:26:05.873Z	spark1	LOAD	115.605	3.944
2026-09-28T10:26:05.982Z	spark2	LOAD	116.542	1.713
2026-09-28T10:26:06.138Z	spark1	LOAD	115.608	3.944
2026-09-28T10:26:06.248Z	spark2	LOAD	116.520	1.713
2026-09-28T10:26:06.389Z	spark1	LOAD	115.608	3.944
2026-09-28T10:26:06.497Z	spark2	LOAD	116.523	1.713
2026-09-28T10:26:06.640Z	spark1	LOAD	115.609	3.944
2026-09-28T10:26:06.749Z	spark2	LOAD	116.521	1.713
2026-09-28T10:26:06.891Z	spark1	LOAD	115.612	3.944
2026-09-28T10:26:07.000Z	spark2	LOAD	116.506	1.713
2026-09-28T10:26:07.158Z	spark1	LOAD	115.621	3.944
2026-09-28T10:26:07.265Z	spark2	LOAD	116.489	1.713
2026-09-28T10:26:07.408Z	spark1	LOAD	115.621	3.944
2026-09-28T10:26:07.516Z	spark2	LOAD	116.487	1.713
2026-09-28T10:26:07.659Z	spark1	LOAD	115.623	3.944
2026-09-28T10:26:07.768Z	spark2	LOAD	116.476	1.713
2026-09-28T10:26:07.909Z	spark1	LOAD	115.618	3.944
2026-09-28T10:26:08.019Z	spark2	LOAD	116.453	1.713
2026-09-28T10:26:08.177Z	spark1	LOAD	115.618	3.944
2026-09-28T10:26:08.278Z	spark2	LOAD	116.446	1.713
2026-09-28T10:26:08.427Z	spark1	LOAD	115.620	3.944
2026-09-28T10:26:08.530Z	spark2	LOAD	116.447	1.713
2026-09-28T10:26:08.678Z	spark1	LOAD	115.620	3.944
2026-09-28T10:26:08.781Z	spark2	LOAD	116.434	1.713
2026-09-28T10:26:08.928Z	spark1	LOAD	115.622	3.944
2026-09-28T10:26:09.032Z	spark2	LOAD	116.435	1.713
2026-09-28T10:26:09.194Z	spark1	LOAD	115.633	3.944
2026-09-28T10:26:09.296Z	spark2	LOAD	116.431	1.713
2026-09-28T10:26:09.444Z	spark1	LOAD	115.631	3.944
2026-09-28T10:26:09.546Z	spark2	LOAD	116.415	1.713
2026-09-28T10:26:09.694Z	spark1	LOAD	115.638	3.944
2026-09-28T10:26:09.798Z	spark2	LOAD	116.415	1.713
2026-09-28T10:26:09.946Z	spark1	LOAD	115.635	3.944
2026-09-28T10:26:10.049Z	spark2	LOAD	116.411	1.713
2026-09-28T10:26:10.211Z	spark1	LOAD	115.636	3.944
2026-09-28T10:26:10.308Z	spark2	LOAD	116.391	1.713
2026-09-28T10:26:10.461Z	spark1	LOAD	115.633	3.944
2026-09-28T10:26:10.558Z	spark2	LOAD	116.391	1.713
2026-09-28T10:26:10.712Z	spark1	LOAD	115.634	3.944
2026-09-28T10:26:10.809Z	spark2	LOAD	116.382	1.713
2026-09-28T10:26:10.962Z	spark1	LOAD	115.636	3.944
2026-09-28T10:26:11.061Z	spark2	LOAD	116.381	1.713
2026-09-28T10:26:11.228Z	spark1	LOAD	115.634	3.944
2026-09-28T10:26:11.320Z	spark2	LOAD	116.371	1.713
2026-09-28T10:26:11.479Z	spark1	LOAD	115.639	3.944
2026-09-28T10:26:11.571Z	spark2	LOAD	116.369	1.713
2026-09-28T10:26:11.729Z	spark1	LOAD	115.638	3.944
2026-09-28T10:26:11.822Z	spark2	LOAD	116.368	1.713
2026-09-28T10:26:11.979Z	spark1	LOAD	115.655	3.944
2026-09-28T10:26:12.072Z	spark2	LOAD	116.352	1.713
2026-09-28T10:26:12.242Z	spark1	LOAD	115.655	3.944
2026-09-28T10:26:12.334Z	spark2	LOAD	116.352	1.713
2026-09-28T10:26:12.492Z	spark1	LOAD	115.654	3.944
2026-09-28T10:26:12.584Z	spark2	LOAD	116.351	1.713
2026-09-28T10:26:12.744Z	spark1	LOAD	115.654	3.944
2026-09-28T10:26:12.835Z	spark2	LOAD	116.346	1.713
2026-09-28T10:26:12.994Z	spark1	LOAD	115.654	3.944
2026-09-28T10:26:13.085Z	spark2	LOAD	116.347	1.713
2026-09-28T10:26:13.261Z	spark1	LOAD	115.653	3.944
2026-09-28T10:26:13.345Z	spark2	LOAD	116.344	1.713
2026-09-28T10:26:13.512Z	spark1	LOAD	115.648	3.944
2026-09-28T10:26:13.596Z	spark2	LOAD	116.341	1.713
2026-09-28T10:26:13.763Z	spark1	LOAD	115.648	3.944
2026-09-28T10:26:13.846Z	spark2	LOAD	116.334	1.713
2026-09-28T10:26:14.014Z	spark1	LOAD	115.649	3.944
2026-09-28T10:26:14.097Z	spark2	LOAD	116.324	1.713
2026-09-28T10:26:14.281Z	spark1	LOAD	115.649	3.944
2026-09-28T10:26:14.358Z	spark2	LOAD	116.321	1.713
2026-09-28T10:26:14.532Z	spark1	LOAD	115.649	3.944
2026-09-28T10:26:14.609Z	spark2	LOAD	116.313	1.713
2026-09-28T10:26:14.783Z	spark1	LOAD	115.649	3.944
2026-09-28T10:26:14.859Z	spark2	LOAD	116.305	1.713
2026-09-28T10:26:15.034Z	spark1	LOAD	115.649	3.944
2026-09-28T10:26:15.109Z	spark2	LOAD	116.299	1.713
2026-09-28T10:26:15.301Z	spark1	LOAD	115.648	3.944
2026-09-28T10:26:15.374Z	spark2	LOAD	116.293	1.713
2026-09-28T10:26:15.552Z	spark1	LOAD	115.642	3.944
2026-09-28T10:26:15.625Z	spark2	LOAD	116.286	1.713
2026-09-28T10:26:15.802Z	spark1	LOAD	115.642	3.944
2026-09-28T10:26:15.875Z	spark2	LOAD	116.279	1.713
2026-09-28T10:26:16.053Z	spark1	LOAD	115.646	3.944
2026-09-28T10:26:16.126Z	spark2	LOAD	116.271	1.713
2026-09-28T10:26:16.315Z	spark1	LOAD	115.646	3.944
2026-09-28T10:26:16.387Z	spark2	LOAD	116.263	1.713
2026-09-28T10:26:16.566Z	spark1	LOAD	115.644	3.944
2026-09-28T10:26:16.638Z	spark2	LOAD	116.253	1.713
2026-09-28T10:26:16.816Z	spark1	LOAD	115.644	3.944
2026-09-28T10:26:16.887Z	spark2	LOAD	116.250	1.713
2026-09-28T10:26:17.066Z	spark1	LOAD	115.640	3.944
2026-09-28T10:26:17.138Z	spark2	LOAD	116.241	1.713
2026-09-28T10:26:17.328Z	spark1	LOAD	115.640	3.944
2026-09-28T10:26:17.403Z	spark2	LOAD	116.227	1.713
2026-09-28T10:26:17.579Z	spark1	LOAD	115.632	3.944
2026-09-28T10:26:17.654Z	spark2	LOAD	116.217	1.713
2026-09-28T10:26:17.829Z	spark1	LOAD	115.632	3.944
2026-09-28T10:26:17.904Z	spark2	LOAD	116.214	1.713
2026-09-28T10:26:18.080Z	spark1	LOAD	115.640	3.944
2026-09-28T10:26:18.156Z	spark2	LOAD	116.209	1.713
2026-09-28T10:26:18.348Z	spark1	LOAD	115.640	3.944
2026-09-28T10:26:18.416Z	spark2	LOAD	116.206	1.713
2026-09-28T10:26:18.599Z	spark1	LOAD	115.640	3.944
2026-09-28T10:26:18.666Z	spark2	LOAD	116.200	1.713
2026-09-28T10:26:18.849Z	spark1	LOAD	115.641	3.944
2026-09-28T10:26:18.915Z	spark2	LOAD	116.190	1.713
2026-09-28T10:26:19.099Z	spark1	LOAD	115.642	3.944
2026-09-28T10:26:19.166Z	spark2	LOAD	116.183	1.713
2026-09-28T10:26:19.362Z	spark1	LOAD	115.650	3.944
2026-09-28T10:26:19.427Z	spark2	LOAD	116.184	1.713
2026-09-28T10:26:19.613Z	spark1	LOAD	115.645	3.944
2026-09-28T10:26:19.677Z	spark2	LOAD	116.183	1.713
2026-09-28T10:26:19.863Z	spark1	LOAD	115.645	3.944
2026-09-28T10:26:19.927Z	spark2	LOAD	116.183	1.713
2026-09-28T10:26:20.113Z	spark1	LOAD	115.651	3.944
2026-09-28T10:26:20.179Z	spark2	LOAD	116.165	1.713
2026-09-28T10:26:20.376Z	spark1	LOAD	115.661	3.944
2026-09-28T10:26:20.438Z	spark2	LOAD	116.141	1.713
2026-09-28T10:26:20.627Z	spark1	LOAD	115.664	3.944
2026-09-28T10:26:20.689Z	spark2	LOAD	116.128	1.713
2026-09-28T10:26:20.877Z	spark1	LOAD	115.658	3.944
2026-09-28T10:26:20.939Z	spark2	LOAD	116.115	1.713
2026-09-28T10:26:21.127Z	spark1	LOAD	115.661	3.944
2026-09-28T10:26:21.189Z	spark2	LOAD	116.037	1.713
2026-09-28T10:26:21.391Z	spark1	LOAD	115.659	3.944
2026-09-28T10:26:21.455Z	spark2	LOAD	116.003	1.713
2026-09-28T10:26:21.641Z	spark1	LOAD	115.641	3.944
2026-09-28T10:26:21.706Z	spark2	LOAD	116.005	1.713
2026-09-28T10:26:21.892Z	spark1	LOAD	115.641	3.944
2026-09-28T10:26:21.956Z	spark2	LOAD	116.007	1.713
2026-09-28T10:26:22.142Z	spark1	LOAD	115.643	3.944
2026-09-28T10:26:22.207Z	spark2	LOAD	116.009	1.713
2026-09-28T10:26:22.407Z	spark1	LOAD	115.643	3.944
2026-09-28T10:26:22.468Z	spark2	LOAD	116.011	1.713
2026-09-28T10:26:22.658Z	spark1	LOAD	115.643	3.944
2026-09-28T10:26:22.718Z	spark2	LOAD	116.014	1.713
2026-09-28T10:26:22.908Z	spark1	LOAD	115.643	3.944
2026-09-28T10:26:22.969Z	spark2	LOAD	116.014	1.713
2026-09-28T10:26:23.159Z	spark1	LOAD	115.645	3.944
2026-09-28T10:26:23.219Z	spark2	LOAD	116.012	1.713
2026-09-28T10:26:23.422Z	spark1	LOAD	115.646	3.944
2026-09-28T10:26:23.483Z	spark2	LOAD	116.011	1.713
2026-09-28T10:26:23.672Z	spark1	LOAD	115.659	3.944
2026-09-28T10:26:23.733Z	spark2	LOAD	115.896	1.713
2026-09-28T10:26:23.922Z	spark1	LOAD	115.651	3.944
2026-09-28T10:26:23.983Z	spark2	LOAD	115.606	1.713
2026-09-28T10:26:24.173Z	spark1	LOAD	115.643	3.944
2026-09-28T10:26:24.234Z	spark2	LOAD	115.365	1.713
2026-09-28T10:26:24.435Z	spark1	LOAD	115.643	3.944
2026-09-28T10:26:24.500Z	spark2	LOAD	115.116	1.713
2026-09-28T10:26:24.686Z	spark1	LOAD	115.643	3.944
2026-09-28T10:26:24.751Z	spark2	LOAD	115.108	1.713
2026-09-28T10:26:24.936Z	spark1	LOAD	115.643	3.944
2026-09-28T10:26:25.001Z	spark2	LOAD	115.085	1.713
2026-09-28T10:26:25.187Z	spark1	LOAD	115.644	3.944
2026-09-28T10:26:25.252Z	spark2	LOAD	115.085	1.713
2026-09-28T10:26:25.450Z	spark1	LOAD	115.640	3.944
2026-09-28T10:26:25.515Z	spark2	LOAD	115.131	1.713
2026-09-28T10:26:25.700Z	spark1	LOAD	115.629	3.944
2026-09-28T10:26:25.766Z	spark2	LOAD	115.590	1.713
2026-09-28T10:26:25.950Z	spark1	LOAD	115.652	3.944
2026-09-28T10:26:26.017Z	spark2	LOAD	115.396	1.713
2026-09-28T10:26:26.201Z	spark1	LOAD	115.651	3.944
2026-09-28T10:26:26.269Z	spark2	LOAD	115.349	1.713
2026-09-28T10:26:26.464Z	spark1	LOAD	115.653	3.944
2026-09-28T10:26:26.534Z	spark2	LOAD	115.306	1.713
2026-09-28T10:26:26.715Z	spark1	LOAD	115.652	3.944
2026-09-28T10:26:26.785Z	spark2	LOAD	115.268	1.713
2026-09-28T10:26:26.966Z	spark1	LOAD	115.657	3.944
2026-09-28T10:26:27.035Z	spark2	LOAD	115.240	1.713
2026-09-28T10:26:27.216Z	spark1	LOAD	115.657	3.944
2026-09-28T10:26:27.286Z	spark2	LOAD	115.212	1.713
2026-09-28T10:26:27.479Z	spark1	LOAD	115.657	3.944
2026-09-28T10:26:27.547Z	spark2	LOAD	115.190	1.713
2026-09-28T10:26:27.729Z	spark1	LOAD	115.657	3.944
2026-09-28T10:26:27.797Z	spark2	LOAD	115.190	1.713
2026-09-28T10:26:27.979Z	spark1	LOAD	115.667	3.944
2026-09-28T10:26:28.049Z	spark2	LOAD	115.189	1.713
2026-09-28T10:26:28.230Z	spark1	LOAD	115.667	3.944
2026-09-28T10:26:28.299Z	spark2	LOAD	115.182	1.713
2026-09-28T10:26:28.493Z	spark1	LOAD	115.665	3.944
2026-09-28T10:26:28.560Z	spark2	LOAD	115.153	1.713
2026-09-28T10:26:28.743Z	spark1	LOAD	115.670	3.944
2026-09-28T10:26:28.810Z	spark2	LOAD	115.123	1.713
2026-09-28T10:26:28.993Z	spark1	LOAD	115.582	3.944
2026-09-28T10:26:29.061Z	spark2	LOAD	115.114	1.713
2026-09-28T10:26:29.243Z	spark1	LOAD	115.440	3.944
2026-09-28T10:26:29.312Z	spark2	LOAD	115.095	1.713
2026-09-28T10:26:29.511Z	spark1	LOAD	115.390	3.944
2026-09-28T10:26:29.572Z	spark2	LOAD	115.076	1.713
2026-09-28T10:26:29.761Z	spark1	LOAD	115.357	3.944
2026-09-28T10:26:29.822Z	spark2	LOAD	115.076	1.713
2026-09-28T10:26:30.011Z	spark1	LOAD	115.335	3.944
2026-09-28T10:26:30.074Z	spark2	LOAD	115.076	1.713
2026-09-28T10:26:30.261Z	spark1	LOAD	115.333	3.944
2026-09-28T10:26:30.324Z	spark2	LOAD	115.076	1.713
2026-09-28T10:26:30.528Z	spark1	LOAD	115.303	3.944
2026-09-28T10:26:30.585Z	spark2	LOAD	114.844	1.713
2026-09-28T10:26:30.778Z	spark1	LOAD	115.303	3.944
2026-09-28T10:26:30.835Z	spark2	LOAD	114.576	1.713
2026-09-28T10:26:31.029Z	spark1	LOAD	115.303	3.944
2026-09-28T10:26:31.085Z	spark2	LOAD	114.464	1.713
2026-09-28T10:26:31.279Z	spark1	LOAD	115.270	3.944
2026-09-28T10:26:31.335Z	spark2	LOAD	114.376	1.713
2026-09-28T10:26:31.542Z	spark1	LOAD	115.254	3.944
2026-09-28T10:26:31.595Z	spark2	LOAD	114.612	1.713
2026-09-28T10:26:31.792Z	spark1	LOAD	115.252	3.944
2026-09-28T10:26:31.845Z	spark2	LOAD	114.431	1.713
2026-09-28T10:26:32.042Z	spark1	LOAD	115.233	3.944
2026-09-28T10:26:32.096Z	spark2	LOAD	114.419	1.713
2026-09-28T10:26:32.293Z	spark1	LOAD	115.186	3.944
2026-09-28T10:26:32.346Z	spark2	LOAD	114.396	1.713
2026-09-28T10:26:32.556Z	spark1	LOAD	115.183	3.944
2026-09-28T10:26:32.612Z	spark2	LOAD	114.396	1.713
2026-09-28T10:26:32.806Z	spark1	LOAD	115.184	3.944
2026-09-28T10:26:32.863Z	spark2	LOAD	114.396	1.713
2026-09-28T10:26:33.057Z	spark1	LOAD	115.187	3.944
2026-09-28T10:26:33.113Z	spark2	LOAD	114.404	1.713
2026-09-28T10:26:33.307Z	spark1	LOAD	115.180	3.944
2026-09-28T10:26:33.365Z	spark2	LOAD	114.404	1.713
2026-09-28T10:26:33.570Z	spark1	LOAD	115.166	3.944
2026-09-28T10:26:33.630Z	spark2	LOAD	114.404	1.713
2026-09-28T10:26:33.821Z	spark1	LOAD	115.165	3.944
2026-09-28T10:26:33.881Z	spark2	LOAD	114.404	1.713
2026-09-28T10:26:34.071Z	spark1	LOAD	115.171	3.944
2026-09-28T10:26:34.132Z	spark2	LOAD	114.404	1.713
2026-09-28T10:26:34.321Z	spark1	LOAD	115.168	3.944
2026-09-28T10:26:34.382Z	spark2	LOAD	114.404	1.713
2026-09-28T10:26:34.589Z	spark1	LOAD	115.161	3.944
2026-09-28T10:26:34.648Z	spark2	LOAD	114.404	1.713
2026-09-28T10:26:34.838Z	spark1	LOAD	115.153	3.944
2026-09-28T10:26:34.899Z	spark2	LOAD	114.404	1.713
2026-09-28T10:26:35.089Z	spark1	LOAD	115.149	3.944
2026-09-28T10:26:35.150Z	spark2	LOAD	114.405	1.713
2026-09-28T10:26:35.339Z	spark1	LOAD	115.144	3.944
2026-09-28T10:26:35.401Z	spark2	LOAD	114.405	1.713
2026-09-28T10:26:35.605Z	spark1	LOAD	115.141	3.944
2026-09-28T10:26:35.666Z	spark2	LOAD	114.405	1.713
2026-09-28T10:26:35.856Z	spark1	LOAD	115.124	3.944
2026-09-28T10:26:35.917Z	spark2	LOAD	114.414	1.713
2026-09-28T10:26:36.106Z	spark1	LOAD	115.121	3.944
2026-09-28T10:26:36.167Z	spark2	LOAD	114.414	1.713
2026-09-28T10:26:36.356Z	spark1	LOAD	115.122	3.944
2026-09-28T10:26:36.418Z	spark2	LOAD	114.414	1.713
2026-09-28T10:26:36.624Z	spark1	LOAD	115.120	3.943
2026-09-28T10:26:36.679Z	spark2	LOAD	114.413	1.713
2026-09-28T10:26:36.875Z	spark1	LOAD	115.110	3.943
2026-09-28T10:26:36.931Z	spark2	LOAD	114.414	1.713
2026-09-28T10:26:37.125Z	spark1	LOAD	115.101	3.943
2026-09-28T10:26:37.181Z	spark2	LOAD	114.414	1.713
2026-09-28T10:26:37.376Z	spark1	LOAD	115.093	3.943
2026-09-28T10:26:37.432Z	spark2	LOAD	114.422	1.713
2026-09-28T10:26:37.638Z	spark1	LOAD	115.086	3.943
2026-09-28T10:26:37.693Z	spark2	LOAD	114.422	1.713
2026-09-28T10:26:37.889Z	spark1	LOAD	115.077	3.943
2026-09-28T10:26:37.943Z	spark2	LOAD	114.422	1.713
2026-09-28T10:26:38.139Z	spark1	LOAD	115.097	3.943
2026-09-28T10:26:38.194Z	spark2	LOAD	114.422	1.713
2026-09-28T10:26:38.389Z	spark1	LOAD	115.090	3.943
2026-09-28T10:26:38.444Z	spark2	LOAD	114.422	1.713
2026-09-28T10:26:38.651Z	spark1	LOAD	115.078	3.943
2026-09-28T10:26:38.709Z	spark2	LOAD	114.421	1.713
2026-09-28T10:26:38.902Z	spark1	LOAD	115.070	3.943
2026-09-28T10:26:38.960Z	spark2	LOAD	114.421	1.713
2026-09-28T10:26:39.152Z	spark1	LOAD	115.058	3.943
2026-09-28T10:26:39.211Z	spark2	LOAD	114.421	1.713
2026-09-28T10:26:39.403Z	spark1	LOAD	115.052	3.943
2026-09-28T10:26:39.463Z	spark2	LOAD	114.421	1.713
2026-09-28T10:26:39.670Z	spark1	LOAD	115.042	3.943
2026-09-28T10:26:39.728Z	spark2	LOAD	114.420	1.713
2026-09-28T10:26:39.920Z	spark1	LOAD	115.034	3.943
2026-09-28T10:26:39.979Z	spark2	LOAD	114.428	1.713
2026-09-28T10:26:40.170Z	spark1	LOAD	115.011	3.943
2026-09-28T10:26:40.229Z	spark2	LOAD	114.428	1.713
2026-09-28T10:26:40.421Z	spark1	LOAD	115.011	3.943
2026-09-28T10:26:40.480Z	spark2	LOAD	114.428	1.713
2026-09-28T10:26:40.684Z	spark1	LOAD	115.005	3.943
2026-09-28T10:26:40.741Z	spark2	LOAD	114.428	1.713
2026-09-28T10:26:40.934Z	spark1	LOAD	115.006	3.943
2026-09-28T10:26:40.992Z	spark2	LOAD	114.436	1.713
2026-09-28T10:26:41.184Z	spark1	LOAD	114.993	3.943
2026-09-28T10:26:41.243Z	spark2	LOAD	114.436	1.713
2026-09-28T10:26:41.434Z	spark1	LOAD	114.988	3.943
2026-09-28T10:26:41.493Z	spark2	LOAD	114.436	1.713
2026-09-28T10:26:41.701Z	spark1	LOAD	114.983	3.943
2026-09-28T10:26:41.758Z	spark2	LOAD	114.436	1.713
2026-09-28T10:26:41.952Z	spark1	LOAD	114.981	3.943
2026-09-28T10:26:42.010Z	spark2	LOAD	114.436	1.713
2026-09-28T10:26:42.201Z	spark1	LOAD	114.945	3.943
2026-09-28T10:26:42.259Z	spark2	LOAD	114.443	1.713
2026-09-28T10:26:42.452Z	spark1	LOAD	114.877	3.943
2026-09-28T10:26:42.510Z	spark2	LOAD	114.443	1.713
2026-09-28T10:26:42.714Z	spark1	LOAD	114.867	3.943
2026-09-28T10:26:42.771Z	spark2	LOAD	114.436	1.713
2026-09-28T10:26:42.964Z	spark1	LOAD	114.822	3.943
2026-09-28T10:26:43.021Z	spark2	LOAD	114.416	1.713
2026-09-28T10:26:43.214Z	spark1	LOAD	114.781	3.943
2026-09-28T10:26:43.271Z	spark2	LOAD	114.416	1.713
2026-09-28T10:26:43.465Z	spark1	LOAD	114.784	3.943
2026-09-28T10:26:43.522Z	spark2	LOAD	114.416	1.713
2026-09-28T10:26:43.732Z	spark1	LOAD	114.787	3.943
2026-09-28T10:26:43.783Z	spark2	LOAD	114.416	1.713
2026-09-28T10:26:43.983Z	spark1	LOAD	114.785	3.943
2026-09-28T10:26:44.034Z	spark2	LOAD	114.416	1.713
2026-09-28T10:26:44.233Z	spark1	LOAD	114.780	3.943
2026-09-28T10:26:44.285Z	spark2	LOAD	114.424	1.713
2026-09-28T10:26:44.484Z	spark1	LOAD	114.767	3.943
2026-09-28T10:26:44.536Z	spark2	LOAD	114.424	1.713
2026-09-28T10:26:44.752Z	spark1	LOAD	114.769	3.943
2026-09-28T10:26:44.797Z	spark2	LOAD	114.424	1.713
2026-09-28T10:26:45.002Z	spark1	LOAD	114.628	3.943
2026-09-28T10:26:45.048Z	spark2	LOAD	114.424	1.713
2026-09-28T10:26:45.252Z	spark1	LOAD	114.336	3.943
2026-09-28T10:26:45.299Z	spark2	LOAD	114.424	1.713
2026-09-28T10:26:45.503Z	spark1	LOAD	114.053	3.943
2026-09-28T10:26:45.549Z	spark2	LOAD	114.424	1.713
2026-09-28T10:26:45.765Z	spark1	LOAD	113.889	3.943
2026-09-28T10:26:45.811Z	spark2	LOAD	114.424	1.713
2026-09-28T10:26:46.015Z	spark1	LOAD	114.358	3.943
2026-09-28T10:26:46.061Z	spark2	LOAD	114.424	1.713
2026-09-28T10:26:46.266Z	spark1	LOAD	114.460	3.943
2026-09-28T10:26:46.312Z	spark2	LOAD	114.424	1.713
2026-09-28T10:26:46.516Z	spark1	LOAD	114.437	3.943
2026-09-28T10:26:46.563Z	spark2	LOAD	114.432	1.713
2026-09-28T10:26:46.778Z	spark1	LOAD	114.440	3.943
2026-09-28T10:26:46.829Z	spark2	LOAD	114.431	1.713
2026-09-28T10:26:47.029Z	spark1	LOAD	114.443	3.943
2026-09-28T10:26:47.079Z	spark2	LOAD	114.431	1.713
2026-09-28T10:26:47.279Z	spark1	LOAD	114.445	3.943
2026-09-28T10:26:47.331Z	spark2	LOAD	114.431	1.713
2026-09-28T10:26:47.530Z	spark1	LOAD	114.445	3.943
2026-09-28T10:26:47.581Z	spark2	LOAD	114.431	1.713
2026-09-28T10:26:47.799Z	spark1	LOAD	114.445	3.943
2026-09-28T10:26:47.846Z	spark2	LOAD	114.431	1.713
2026-09-28T10:26:48.049Z	spark1	LOAD	114.431	3.943
2026-09-28T10:26:48.098Z	spark2	LOAD	114.439	1.713
2026-09-28T10:26:48.300Z	spark1	LOAD	114.416	3.943
2026-09-28T10:26:48.348Z	spark2	LOAD	114.441	1.713
2026-09-28T10:26:48.550Z	spark1	LOAD	114.398	3.943
2026-09-28T10:26:48.599Z	spark2	LOAD	114.441	1.713
2026-09-28T10:26:48.814Z	spark1	LOAD	114.286	3.943
2026-09-28T10:26:48.861Z	spark2	LOAD	114.441	1.713
2026-09-28T10:26:49.064Z	spark1	LOAD	114.250	3.943
2026-09-28T10:26:49.111Z	spark2	LOAD	114.449	1.713
2026-09-28T10:26:49.314Z	spark1	LOAD	114.249	3.943
2026-09-28T10:26:49.362Z	spark2	LOAD	114.449	1.713
2026-09-28T10:26:49.565Z	spark1	LOAD	114.243	3.943
2026-09-28T10:26:49.613Z	spark2	LOAD	114.447	1.713
2026-09-28T10:26:49.834Z	spark1	LOAD	114.197	3.943
2026-09-28T10:26:49.874Z	spark2	LOAD	114.447	1.713
2026-09-28T10:26:50.084Z	spark1	LOAD	114.191	3.943
2026-09-28T10:26:50.125Z	spark2	LOAD	114.455	1.713
2026-09-28T10:26:50.334Z	spark1	LOAD	113.983	3.943
2026-09-28T10:26:50.376Z	spark2	LOAD	114.455	1.713
2026-09-28T10:26:50.585Z	spark1	LOAD	113.928	3.943
2026-09-28T10:26:50.627Z	spark2	LOAD	114.455	1.713
2026-09-28T10:26:50.852Z	spark1	LOAD	113.879	3.943
2026-09-28T10:26:50.892Z	spark2	LOAD	114.462	1.713
2026-09-28T10:26:51.102Z	spark1	LOAD	113.844	3.943
2026-09-28T10:26:51.142Z	spark2	LOAD	114.462	1.713
2026-09-28T10:26:51.353Z	spark1	LOAD	113.819	3.943
2026-09-28T10:26:51.393Z	spark2	LOAD	114.462	1.713
2026-09-28T10:26:51.603Z	spark1	LOAD	113.788	3.943
2026-09-28T10:26:51.644Z	spark2	LOAD	114.463	1.713
2026-09-28T10:26:51.871Z	spark1	LOAD	113.768	3.943
2026-09-28T10:26:51.905Z	spark2	LOAD	114.470	1.713
2026-09-28T10:26:52.121Z	spark1	LOAD	113.753	3.943
2026-09-28T10:26:52.156Z	spark2	LOAD	114.473	1.713
2026-09-28T10:26:52.371Z	spark1	LOAD	113.753	3.943
2026-09-28T10:26:52.407Z	spark2	LOAD	114.476	1.713
2026-09-28T10:26:52.621Z	spark1	LOAD	113.732	3.943
2026-09-28T10:26:52.658Z	spark2	LOAD	114.476	1.713
2026-09-28T10:26:52.889Z	spark1	LOAD	113.705	3.943
2026-09-28T10:26:52.924Z	spark2	LOAD	114.483	1.713
2026-09-28T10:26:53.139Z	spark1	LOAD	113.693	3.943
2026-09-28T10:26:53.175Z	spark2	LOAD	114.487	1.713
2026-09-28T10:26:53.389Z	spark1	LOAD	113.645	3.943
2026-09-28T10:26:53.424Z	spark2	LOAD	114.489	1.713
2026-09-28T10:26:53.639Z	spark1	LOAD	113.630	3.943
2026-09-28T10:26:53.674Z	spark2	LOAD	114.478	1.713
2026-09-28T10:26:53.907Z	spark1	LOAD	113.630	3.943
2026-09-28T10:26:53.939Z	spark2	LOAD	114.481	1.713
2026-09-28T10:26:54.158Z	spark1	LOAD	113.616	3.943
2026-09-28T10:26:54.190Z	spark2	LOAD	114.483	1.713
2026-09-28T10:26:54.409Z	spark1	LOAD	113.571	3.943
2026-09-28T10:26:54.441Z	spark2	LOAD	114.483	1.713
2026-09-28T10:26:54.659Z	spark1	LOAD	113.521	3.943
2026-09-28T10:26:54.692Z	spark2	LOAD	114.482	1.713
2026-09-28T10:26:54.926Z	spark1	LOAD	113.017	3.943
2026-09-28T10:26:54.957Z	spark2	LOAD	114.494	1.713
2026-09-28T10:26:55.176Z	spark1	LOAD	112.795	3.943
2026-09-28T10:26:55.208Z	spark2	LOAD	114.510	1.713
2026-09-28T10:26:55.427Z	spark1	LOAD	112.669	3.943
2026-09-28T10:26:55.459Z	spark2	LOAD	114.510	1.713
2026-09-28T10:26:55.677Z	spark1	LOAD	112.888	3.943
2026-09-28T10:26:55.708Z	spark2	LOAD	114.510	1.713
2026-09-28T10:26:55.944Z	spark1	LOAD	113.155	3.943
2026-09-28T10:26:55.970Z	spark2	LOAD	114.510	1.713
2026-09-28T10:26:56.195Z	spark1	LOAD	113.128	3.943
2026-09-28T10:26:56.221Z	spark2	LOAD	114.512	1.713
2026-09-28T10:26:56.445Z	spark1	LOAD	113.102	3.943
2026-09-28T10:26:56.472Z	spark2	LOAD	114.519	1.713
2026-09-28T10:26:56.696Z	spark1	LOAD	113.086	3.943
2026-09-28T10:26:56.723Z	spark2	LOAD	114.527	1.713
2026-09-28T10:26:56.958Z	spark1	LOAD	113.089	3.943
2026-09-28T10:26:56.988Z	spark2	LOAD	114.527	1.713
2026-09-28T10:26:57.208Z	spark1	LOAD	113.097	3.943
2026-09-28T10:26:57.239Z	spark2	LOAD	114.530	1.713
2026-09-28T10:26:57.459Z	spark1	LOAD	113.081	3.943
2026-09-28T10:26:57.489Z	spark2	LOAD	114.530	1.713
2026-09-28T10:26:57.710Z	spark1	LOAD	113.043	3.943
2026-09-28T10:26:57.740Z	spark2	LOAD	114.532	1.713
2026-09-28T10:26:57.976Z	spark1	LOAD	113.030	3.943
2026-09-28T10:26:58.005Z	spark2	LOAD	114.539	1.713
2026-09-28T10:26:58.226Z	spark1	LOAD	113.001	3.943
2026-09-28T10:26:58.256Z	spark2	LOAD	114.539	1.713
2026-09-28T10:26:58.477Z	spark1	LOAD	112.982	3.943
2026-09-28T10:26:58.507Z	spark2	LOAD	114.542	1.713
2026-09-28T10:26:58.727Z	spark1	LOAD	112.987	3.943
2026-09-28T10:26:58.757Z	spark2	LOAD	114.550	1.713
2026-09-28T10:26:58.994Z	spark1	LOAD	112.969	3.943
2026-09-28T10:26:59.022Z	spark2	LOAD	114.559	1.713
2026-09-28T10:26:59.245Z	spark1	LOAD	112.934	3.943
2026-09-28T10:26:59.272Z	spark2	LOAD	114.560	1.713
2026-09-28T10:26:59.495Z	spark1	LOAD	112.631	3.943
2026-09-28T10:26:59.523Z	spark2	LOAD	114.560	1.713
2026-09-28T10:26:59.745Z	spark1	LOAD	112.424	3.943
2026-09-28T10:26:59.774Z	spark2	LOAD	114.563	1.713
2026-09-28T10:27:00.008Z	spark1	LOAD	112.328	3.943
2026-09-28T10:27:00.039Z	spark2	LOAD	114.572	1.713
2026-09-28T10:27:00.258Z	spark1	LOAD	112.249	3.943
2026-09-28T10:27:00.291Z	spark2	LOAD	114.575	1.713
2026-09-28T10:27:00.509Z	spark1	LOAD	112.812	3.943
2026-09-28T10:27:00.541Z	spark2	LOAD	114.575	1.713
2026-09-28T10:27:00.759Z	spark1	LOAD	112.698	3.943
2026-09-28T10:27:00.792Z	spark2	LOAD	114.582	1.713
2026-09-28T10:27:01.021Z	spark1	LOAD	112.696	3.943
2026-09-28T10:27:01.058Z	spark2	LOAD	114.591	1.713
2026-09-28T10:27:01.272Z	spark1	LOAD	112.666	3.943
2026-09-28T10:27:01.308Z	spark2	LOAD	114.594	1.713
2026-09-28T10:27:01.523Z	spark1	LOAD	112.666	3.943
2026-09-28T10:27:01.558Z	spark2	LOAD	114.594	1.713
2026-09-28T10:27:01.774Z	spark1	LOAD	112.668	3.943
2026-09-28T10:27:01.809Z	spark2	LOAD	114.594	1.713
2026-09-28T10:27:02.038Z	spark1	LOAD	112.669	3.943
2026-09-28T10:27:02.070Z	spark2	LOAD	114.601	1.713
2026-09-28T10:27:02.289Z	spark1	LOAD	112.675	3.943
2026-09-28T10:27:02.321Z	spark2	LOAD	114.601	1.713
2026-09-28T10:27:02.539Z	spark1	LOAD	112.678	3.943
2026-09-28T10:27:02.574Z	spark2	LOAD	114.601	1.713
2026-09-28T10:27:02.789Z	spark1	LOAD	112.678	3.943
2026-09-28T10:27:02.823Z	spark2	LOAD	114.604	1.713
2026-09-28T10:27:03.058Z	spark1	LOAD	112.679	3.943
2026-09-28T10:27:03.088Z	spark2	LOAD	114.611	1.713
2026-09-28T10:27:03.309Z	spark1	LOAD	112.681	3.943
2026-09-28T10:27:03.339Z	spark2	LOAD	114.618	1.713
2026-09-28T10:27:03.559Z	spark1	LOAD	112.673	3.943
2026-09-28T10:27:03.589Z	spark2	LOAD	114.618	1.713
2026-09-28T10:27:03.810Z	spark1	LOAD	112.673	3.943
2026-09-28T10:27:03.840Z	spark2	LOAD	114.620	1.713
2026-09-28T10:27:04.077Z	spark1	LOAD	112.669	3.943
2026-09-28T10:27:04.101Z	spark2	LOAD	114.626	1.713
2026-09-28T10:27:04.328Z	spark1	LOAD	112.665	3.943
2026-09-28T10:27:04.351Z	spark2	LOAD	114.628	1.713
2026-09-28T10:27:04.579Z	spark1	LOAD	112.665	3.943
2026-09-28T10:27:04.602Z	spark2	LOAD	114.624	1.713
2026-09-28T10:27:04.829Z	spark1	LOAD	112.665	3.943
2026-09-28T10:27:04.853Z	spark2	LOAD	114.625	1.713
2026-09-28T10:27:05.096Z	spark1	LOAD	112.632	3.943
2026-09-28T10:27:05.114Z	spark2	LOAD	114.639	1.713
2026-09-28T10:27:05.347Z	spark1	LOAD	112.632	3.943
2026-09-28T10:27:05.364Z	spark2	LOAD	114.642	1.713
2026-09-28T10:27:05.599Z	spark1	LOAD	112.632	3.943
2026-09-28T10:27:05.615Z	spark2	LOAD	114.642	1.713
2026-09-28T10:27:05.849Z	spark1	LOAD	112.632	3.943
2026-09-28T10:27:05.865Z	spark2	LOAD	114.642	1.713
2026-09-28T10:27:06.117Z	spark1	LOAD	112.632	3.943
2026-09-28T10:27:06.131Z	spark2	LOAD	114.650	1.713
2026-09-28T10:27:06.367Z	spark1	LOAD	112.632	3.943
2026-09-28T10:27:06.382Z	spark2	LOAD	114.650	1.713
2026-09-28T10:27:06.618Z	spark1	LOAD	112.632	3.943
2026-09-28T10:27:06.633Z	spark2	LOAD	114.651	1.713
2026-09-28T10:27:06.868Z	spark1	LOAD	112.632	3.943
2026-09-28T10:27:06.883Z	spark2	LOAD	114.659	1.713
2026-09-28T10:27:07.128Z	spark1	LOAD	112.615	3.943
2026-09-28T10:27:07.149Z	spark2	LOAD	114.659	1.713
2026-09-28T10:27:07.379Z	spark1	LOAD	112.615	3.943
2026-09-28T10:27:07.399Z	spark2	LOAD	114.659	1.713
2026-09-28T10:27:07.629Z	spark1	LOAD	112.615	3.943
2026-09-28T10:27:07.650Z	spark2	LOAD	114.659	1.713
2026-09-28T10:27:07.880Z	spark1	LOAD	112.615	3.943
2026-09-28T10:27:07.899Z	spark2	LOAD	114.659	1.713
2026-09-28T10:27:08.147Z	spark1	LOAD	112.615	3.943
2026-09-28T10:27:08.166Z	spark2	LOAD	114.669	1.713
2026-09-28T10:27:08.397Z	spark1	LOAD	112.615	3.943
2026-09-28T10:27:08.418Z	spark2	LOAD	114.670	1.713
2026-09-28T10:27:08.648Z	spark1	LOAD	112.615	3.943
2026-09-28T10:27:08.668Z	spark2	LOAD	114.670	1.713
2026-09-28T10:27:08.899Z	spark1	LOAD	112.616	3.943
2026-09-28T10:27:08.918Z	spark2	LOAD	114.670	1.713
2026-09-28T10:27:09.161Z	spark1	LOAD	112.626	3.943
2026-09-28T10:27:09.184Z	spark2	LOAD	114.679	1.713
2026-09-28T10:27:09.412Z	spark1	LOAD	112.626	3.943
2026-09-28T10:27:09.435Z	spark2	LOAD	114.679	1.713
2026-09-28T10:27:09.663Z	spark1	LOAD	112.624	3.943
2026-09-28T10:27:09.685Z	spark2	LOAD	114.679	1.713
2026-09-28T10:27:09.913Z	spark1	LOAD	112.624	3.943
2026-09-28T10:27:09.935Z	spark2	LOAD	114.689	1.713
2026-09-28T10:27:10.181Z	spark1	LOAD	112.624	3.943
2026-09-28T10:27:10.201Z	spark2	LOAD	114.691	1.713
2026-09-28T10:27:10.432Z	spark1	LOAD	112.624	3.943
2026-09-28T10:27:10.452Z	spark2	LOAD	114.692	1.713
2026-09-28T10:27:10.682Z	spark1	LOAD	112.624	3.943
2026-09-28T10:27:10.703Z	spark2	LOAD	114.692	1.713
2026-09-28T10:27:10.932Z	spark1	LOAD	112.632	3.943
2026-09-28T10:27:10.953Z	spark2	LOAD	114.689	1.713
2026-09-28T10:27:11.198Z	spark1	LOAD	112.245	3.943
2026-09-28T10:27:11.214Z	spark2	LOAD	114.408	1.713
2026-09-28T10:27:11.448Z	spark1	LOAD	112.030	3.943
2026-09-28T10:27:11.464Z	spark2	LOAD	114.089	1.713
2026-09-28T10:27:11.699Z	spark1	LOAD	111.841	3.943
2026-09-28T10:27:11.715Z	spark2	LOAD	113.960	1.713
2026-09-28T10:27:11.949Z	spark1	LOAD	111.626	3.943
2026-09-28T10:27:11.966Z	spark2	LOAD	113.773	1.713
2026-09-28T10:27:12.212Z	spark1	LOAD	111.362	3.943
2026-09-28T10:27:12.227Z	spark2	LOAD	113.499	1.713
2026-09-28T10:27:12.462Z	spark1	LOAD	111.209	3.943
2026-09-28T10:27:12.478Z	spark2	LOAD	113.302	1.713
2026-09-28T10:27:12.712Z	spark1	LOAD	110.989	3.943
2026-09-28T10:27:12.729Z	spark2	LOAD	113.089	1.713
2026-09-28T10:27:12.963Z	spark1	LOAD	110.341	3.943
2026-09-28T10:27:12.979Z	spark2	LOAD	112.442	1.713
2026-09-28T10:27:13.230Z	spark1	LOAD	110.127	3.943
2026-09-28T10:27:13.240Z	spark2	LOAD	112.243	1.713
2026-09-28T10:27:13.481Z	spark1	LOAD	109.930	3.943
2026-09-28T10:27:13.490Z	spark2	LOAD	112.054	1.713
2026-09-28T10:27:13.731Z	spark1	LOAD	109.713	3.943
2026-09-28T10:27:13.741Z	spark2	LOAD	111.805	1.713
2026-09-28T10:27:13.981Z	spark1	LOAD	109.502	3.943
2026-09-28T10:27:13.991Z	spark2	LOAD	111.592	1.713
2026-09-28T10:27:14.243Z	spark1	LOAD	109.300	3.943
2026-09-28T10:27:14.251Z	spark2	LOAD	111.374	1.713
2026-09-28T10:27:14.494Z	spark1	LOAD	109.034	3.943
2026-09-28T10:27:14.501Z	spark2	LOAD	110.895	1.713
2026-09-28T10:27:14.744Z	spark1	LOAD	108.781	3.943
2026-09-28T10:27:14.752Z	spark2	LOAD	110.857	1.713
2026-09-28T10:27:14.994Z	spark1	LOAD	108.207	3.943
2026-09-28T10:27:15.002Z	spark2	LOAD	110.260	1.713
2026-09-28T10:27:15.261Z	spark1	LOAD	104.177	3.943
2026-09-28T10:27:15.268Z	spark2	LOAD	106.075	1.713
2026-09-28T10:27:15.512Z	spark1	LOAD	98.295	3.943
2026-09-28T10:27:15.518Z	spark2	LOAD	100.299	1.713
2026-09-28T10:27:15.762Z	spark1	LOAD	92.169	3.943
2026-09-28T10:27:15.768Z	spark2	LOAD	94.430	1.713
2026-09-28T10:27:16.012Z	spark1	LOAD	85.961	3.943
2026-09-28T10:27:16.019Z	spark2	LOAD	88.164	1.713
2026-09-28T10:27:16.275Z	spark1	LOAD	79.469	3.943
2026-09-28T10:27:16.280Z	spark2	LOAD	81.739	1.713
2026-09-28T10:27:16.526Z	spark1	LOAD	73.162	3.943
2026-09-28T10:27:16.531Z	spark2	LOAD	75.388	1.713
2026-09-28T10:27:16.776Z	spark1	LOAD	66.878	3.943
2026-09-28T10:27:16.781Z	spark2	LOAD	69.085	1.713
2026-09-28T10:27:17.027Z	spark1	LOAD	60.577	3.943
2026-09-28T10:27:17.031Z	spark2	LOAD	62.783	1.713
2026-09-28T10:27:17.289Z	spark1	LOAD	54.371	3.943
2026-09-28T10:27:17.292Z	spark2	LOAD	56.227	1.713
2026-09-28T10:27:17.540Z	spark1	LOAD	48.028	3.943
2026-09-28T10:27:17.543Z	spark2	LOAD	49.792	1.713
2026-09-28T10:27:17.790Z	spark1	LOAD	41.702	3.943
2026-09-28T10:27:17.794Z	spark2	LOAD	43.301	1.713
2026-09-28T10:27:18.041Z	spark1	LOAD	35.382	3.943
2026-09-28T10:27:18.044Z	spark2	LOAD	36.856	1.713
2026-09-28T10:27:18.305Z	spark2	LOAD	30.094	1.713
2026-09-28T10:27:18.307Z	spark1	LOAD	28.616	3.943
2026-09-28T10:27:18.556Z	spark2	LOAD	23.639	1.713
2026-09-28T10:27:18.557Z	spark1	LOAD	22.254	3.943
2026-09-28T10:27:18.807Z	spark2	LOAD	20.133	1.713
2026-09-28T10:27:18.808Z	spark1	LOAD	18.086	3.943
2026-09-28T10:27:19.057Z	spark2	LOAD	19.983	1.713
2026-09-28T10:27:19.058Z	spark1	LOAD	17.558	3.943
2026-09-28T10:27:19.318Z	spark2	LOAD	19.637	1.713
2026-09-28T10:27:19.320Z	spark1	LOAD	17.433	3.943
2026-09-28T10:27:19.568Z	spark2	LOAD	19.456	1.713
2026-09-28T10:27:19.571Z	spark1	LOAD	17.435	3.943
2026-09-28T10:27:19.819Z	spark2	LOAD	19.344	1.713
2026-09-28T10:27:19.820Z	spark1	LOAD	17.410	3.943
2026-09-28T10:27:20.069Z	spark2	LOAD	19.238	1.713
2026-09-28T10:27:20.071Z	spark1	LOAD	17.388	3.943
2026-09-28T10:27:20.330Z	spark2	LOAD	19.092	1.713
2026-09-28T10:27:20.337Z	spark1	LOAD	17.362	3.943
2026-09-28T10:27:20.580Z	spark2	LOAD	18.943	1.713
2026-09-28T10:27:20.587Z	spark1	LOAD	17.335	3.943
2026-09-28T10:27:20.831Z	spark2	LOAD	18.801	1.713
2026-09-28T10:27:20.837Z	spark1	LOAD	17.309	3.943
2026-09-28T10:27:21.081Z	spark2	LOAD	18.654	1.713
2026-09-28T10:27:21.088Z	spark1	LOAD	17.291	3.943
2026-09-28T10:27:21.347Z	spark2	LOAD	18.489	1.713
2026-09-28T10:27:21.354Z	spark1	LOAD	17.265	3.943
2026-09-28T10:27:21.597Z	spark2	LOAD	18.343	1.713
2026-09-28T10:27:21.605Z	spark1	LOAD	17.242	3.943
2026-09-28T10:27:21.848Z	spark2	LOAD	18.194	1.713
2026-09-28T10:27:21.855Z	spark1	LOAD	17.218	3.943
2026-09-28T10:27:22.098Z	spark2	LOAD	18.043	1.713
2026-09-28T10:27:22.106Z	spark1	LOAD	17.193	3.943
2026-09-28T10:27:22.359Z	spark2	LOAD	17.919	1.713
2026-09-28T10:27:22.373Z	spark1	LOAD	17.169	3.943
2026-09-28T10:27:22.609Z	spark2	LOAD	17.793	1.713
2026-09-28T10:27:22.623Z	spark1	LOAD	17.147	3.943
2026-09-28T10:27:22.859Z	spark2	LOAD	17.662	1.713
2026-09-28T10:27:22.873Z	spark1	LOAD	17.127	3.943
2026-09-28T10:27:23.109Z	spark2	LOAD	17.536	1.713
2026-09-28T10:27:23.123Z	spark1	LOAD	17.104	3.943
2026-09-28T10:27:23.370Z	spark2	LOAD	17.408	1.713
2026-09-28T10:27:23.392Z	spark1	LOAD	17.073	3.943
2026-09-28T10:27:23.620Z	spark2	LOAD	17.440	1.713
2026-09-28T10:27:23.643Z	spark1	LOAD	17.041	3.943
2026-09-28T10:27:23.871Z	spark2	LOAD	17.723	1.713
2026-09-28T10:27:23.893Z	spark1	LOAD	17.020	3.943
2026-09-28T10:27:24.122Z	spark2	LOAD	19.592	1.713
2026-09-28T10:27:24.143Z	spark1	LOAD	16.996	3.943
2026-09-28T10:27:24.383Z	spark2	LOAD	19.443	1.713
2026-09-28T10:27:24.406Z	spark1	LOAD	16.967	3.943
2026-09-28T10:27:24.633Z	spark2	LOAD	19.283	1.713
2026-09-28T10:27:24.656Z	spark1	LOAD	16.944	3.943
2026-09-28T10:27:24.884Z	spark2	LOAD	19.115	1.713
2026-09-28T10:27:24.906Z	spark1	LOAD	16.920	3.943
2026-09-28T10:27:25.134Z	spark2	LOAD	18.964	1.713
2026-09-28T10:27:25.157Z	spark1	LOAD	16.896	3.943
2026-09-28T10:27:25.399Z	spark2	LOAD	18.787	1.713
2026-09-28T10:27:25.424Z	spark1	LOAD	16.867	3.943
2026-09-28T10:27:25.649Z	spark2	LOAD	18.632	1.713
2026-09-28T10:27:25.674Z	spark1	LOAD	16.845	3.943
2026-09-28T10:27:25.900Z	spark2	LOAD	18.492	1.713
2026-09-28T10:27:25.924Z	spark1	LOAD	16.809	3.943
2026-09-28T10:27:26.150Z	spark2	LOAD	18.346	1.713
2026-09-28T10:27:26.175Z	spark1	LOAD	16.799	3.943
2026-09-28T10:27:26.410Z	spark2	LOAD	18.176	1.713
2026-09-28T10:27:26.442Z	spark1	LOAD	16.774	3.943
2026-09-28T10:27:26.660Z	spark2	LOAD	17.977	1.713
2026-09-28T10:27:26.692Z	spark1	LOAD	16.742	3.943
2026-09-28T10:27:26.910Z	spark2	LOAD	17.947	1.713
2026-09-28T10:27:26.943Z	spark1	LOAD	16.708	3.943
2026-09-28T10:27:27.161Z	spark2	LOAD	17.913	1.713
2026-09-28T10:27:27.193Z	spark1	LOAD	16.684	3.943
2026-09-28T10:27:27.422Z	spark2	LOAD	17.750	1.713
2026-09-28T10:27:27.460Z	spark1	LOAD	16.657	3.943
2026-09-28T10:27:27.672Z	spark2	LOAD	17.661	1.713
2026-09-28T10:27:27.710Z	spark1	LOAD	16.621	3.943
2026-09-28T10:27:27.922Z	spark2	LOAD	17.919	1.713
2026-09-28T10:27:27.961Z	spark1	LOAD	16.611	3.943
2026-09-28T10:27:28.173Z	spark2	LOAD	18.661	1.713
2026-09-28T10:27:28.211Z	spark1	LOAD	16.587	3.943
2026-09-28T10:27:28.447Z	spark2	LOAD	20.023	1.713
2026-09-28T10:27:28.478Z	spark1	LOAD	16.563	3.943
2026-09-28T10:27:28.698Z	spark2	LOAD	20.035	1.713
2026-09-28T10:27:28.729Z	spark1	LOAD	16.541	3.943
2026-09-28T10:27:28.948Z	spark2	LOAD	20.062	1.713
2026-09-28T10:27:28.980Z	spark1	LOAD	16.522	3.943
2026-09-28T10:27:29.198Z	spark2	LOAD	20.080	1.713
2026-09-28T10:27:29.230Z	spark1	LOAD	16.489	3.943
2026-09-28T10:27:29.458Z	spark2	LOAD	20.088	1.713
2026-09-28T10:27:29.499Z	spark1	LOAD	16.462	3.943
2026-09-28T10:27:29.708Z	spark2	LOAD	20.729	1.713
2026-09-28T10:27:29.749Z	spark1	LOAD	16.422	3.943
2026-09-28T10:27:29.959Z	spark2	LOAD	20.230	1.713
2026-09-28T10:27:30.000Z	spark1	LOAD	16.404	3.943
2026-09-28T10:27:30.210Z	spark2	LOAD	20.219	1.713
2026-09-28T10:27:30.250Z	spark1	LOAD	16.381	3.943
2026-09-28T10:27:30.471Z	spark2	LOAD	20.611	1.713
2026-09-28T10:27:30.520Z	spark1	LOAD	16.354	3.943
2026-09-28T10:27:30.721Z	spark2	LOAD	20.487	1.713
2026-09-28T10:27:30.770Z	spark1	LOAD	16.333	3.943
2026-09-28T10:27:30.972Z	spark2	LOAD	20.115	1.713
2026-09-28T10:27:31.020Z	spark1	LOAD	16.312	3.943
2026-09-28T10:27:31.222Z	spark2	LOAD	20.092	1.713
2026-09-28T10:27:31.271Z	spark1	LOAD	16.288	3.943
2026-09-28T10:27:31.491Z	spark2	LOAD	20.119	1.713
2026-09-28T10:27:31.538Z	spark1	LOAD	16.262	3.943
2026-09-28T10:27:31.741Z	spark2	LOAD	20.018	1.713
2026-09-28T10:27:31.788Z	spark1	LOAD	16.225	3.943
2026-09-28T10:27:31.992Z	spark2	LOAD	19.922	1.713
2026-09-28T10:27:32.039Z	spark1	LOAD	16.213	3.943
2026-09-28T10:27:32.242Z	spark2	LOAD	19.874	1.713
2026-09-28T10:27:32.289Z	spark1	LOAD	16.189	3.943
2026-09-28T10:27:32.502Z	spark2	LOAD	19.864	1.713
2026-09-28T10:27:32.558Z	spark1	LOAD	16.165	3.943
2026-09-28T10:27:32.754Z	spark2	LOAD	19.310	1.713
2026-09-28T10:27:32.808Z	spark1	LOAD	16.143	3.943
2026-09-28T10:27:33.004Z	spark2	LOAD	19.728	1.713
2026-09-28T10:27:33.059Z	spark1	LOAD	16.124	3.943
2026-09-28T10:27:33.254Z	spark2	LOAD	19.636	1.713
2026-09-28T10:27:33.309Z	spark1	LOAD	16.095	3.943
2026-09-28T10:27:33.514Z	spark2	LOAD	19.507	1.713
2026-09-28T10:27:33.576Z	spark1	LOAD	16.067	3.943
2026-09-28T10:27:33.765Z	spark2	LOAD	19.418	1.713
2026-09-28T10:27:33.826Z	spark1	LOAD	16.029	3.943
2026-09-28T10:27:34.015Z	spark2	LOAD	19.328	1.713
2026-09-28T10:27:34.077Z	spark1	LOAD	16.025	3.943
2026-09-28T10:27:34.266Z	spark2	LOAD	19.221	1.713
2026-09-28T10:27:34.327Z	spark1	LOAD	15.994	3.943
2026-09-28T10:27:34.531Z	spark2	LOAD	19.120	1.713
2026-09-28T10:27:34.596Z	spark1	LOAD	15.982	3.943
2026-09-28T10:27:34.781Z	spark2	LOAD	19.038	1.713
2026-09-28T10:27:34.846Z	spark1	LOAD	15.959	3.943
2026-09-28T10:27:35.031Z	spark2	LOAD	18.939	1.713
2026-09-28T10:27:35.097Z	spark1	LOAD	15.941	3.943
2026-09-28T10:27:35.281Z	spark2	LOAD	18.842	1.713
2026-09-28T10:27:35.347Z	spark1	LOAD	15.912	3.943
2026-09-28T10:27:35.546Z	spark2	LOAD	18.730	1.713
2026-09-28T10:27:35.609Z	spark1	LOAD	15.887	3.943
2026-09-28T10:27:35.796Z	spark2	LOAD	18.625	1.713
2026-09-28T10:27:35.859Z	spark1	LOAD	15.872	3.943
2026-09-28T10:27:36.046Z	spark2	LOAD	18.541	1.713
2026-09-28T10:27:36.110Z	spark1	LOAD	15.847	3.943
2026-09-28T10:27:36.297Z	spark2	LOAD	18.462	1.713
2026-09-28T10:27:36.360Z	spark1	LOAD	15.823	3.943
2026-09-28T10:27:36.558Z	spark2	LOAD	18.352	1.713
2026-09-28T10:27:36.630Z	spark1	LOAD	15.793	3.943
2026-09-28T10:27:36.808Z	spark2	LOAD	18.256	1.713
2026-09-28T10:27:36.880Z	spark1	LOAD	15.772	3.943
2026-09-28T10:27:37.058Z	spark2	LOAD	18.182	1.713
2026-09-28T10:27:37.130Z	spark1	LOAD	15.736	3.943
2026-09-28T10:27:37.308Z	spark2	LOAD	18.520	1.713
2026-09-28T10:27:37.381Z	spark1	LOAD	15.711	3.943
2026-09-28T10:27:37.573Z	spark2	LOAD	19.958	1.713
2026-09-28T10:27:37.648Z	spark1	LOAD	15.671	3.943
2026-09-28T10:27:37.824Z	spark2	LOAD	20.649	1.713
2026-09-28T10:27:37.898Z	spark1	LOAD	15.622	3.943
2026-09-28T10:27:38.074Z	spark2	LOAD	20.559	1.713
2026-09-28T10:27:38.149Z	spark1	LOAD	15.600	3.943
2026-09-28T10:27:38.324Z	spark2	LOAD	20.465	1.713
2026-09-28T10:27:38.400Z	spark1	LOAD	15.596	3.943
2026-09-28T10:27:38.590Z	spark2	LOAD	20.373	1.713
2026-09-28T10:27:38.668Z	spark1	LOAD	15.573	3.943
2026-09-28T10:27:38.840Z	spark2	LOAD	20.271	1.713
2026-09-28T10:27:38.919Z	spark1	LOAD	15.552	3.943
2026-09-28T10:27:39.091Z	spark2	LOAD	20.168	1.713
2026-09-28T10:27:39.169Z	spark1	LOAD	15.543	3.943
2026-09-28T10:27:39.341Z	spark2	LOAD	20.077	1.713
2026-09-28T10:27:39.419Z	spark1	LOAD	15.577	3.943
2026-09-28T10:27:39.605Z	spark2	LOAD	19.961	1.713
2026-09-28T10:27:39.686Z	spark1	LOAD	15.581	3.943
2026-09-28T10:27:39.856Z	spark2	LOAD	19.854	1.713
2026-09-28T10:27:39.936Z	spark1	LOAD	15.961	3.943
2026-09-28T10:27:40.106Z	spark2	LOAD	19.753	1.713
2026-09-28T10:27:40.186Z	spark1	LOAD	18.114	3.943
2026-09-28T10:27:40.357Z	spark2	LOAD	19.649	1.713
2026-09-28T10:27:40.437Z	spark1	LOAD	17.933	3.943
2026-09-28T10:27:40.621Z	spark2	LOAD	19.552	1.713
2026-09-28T10:27:40.699Z	spark1	LOAD	17.709	3.943
2026-09-28T10:27:40.871Z	spark2	LOAD	19.462	1.713
2026-09-28T10:27:40.949Z	spark1	LOAD	17.524	3.943
2026-09-28T10:27:41.122Z	spark2	LOAD	19.414	1.713
2026-09-28T10:27:41.200Z	spark1	LOAD	17.350	3.943
2026-09-28T10:27:41.372Z	spark2	LOAD	19.346	1.713
2026-09-28T10:27:41.450Z	spark1	LOAD	17.170	3.943
2026-09-28T10:27:41.637Z	spark2	LOAD	19.279	1.713
2026-09-28T10:27:41.713Z	spark1	LOAD	16.981	3.943
2026-09-28T10:27:41.887Z	spark2	LOAD	19.187	1.713
2026-09-28T10:27:41.963Z	spark1	LOAD	16.814	3.943
2026-09-28T10:27:42.137Z	spark2	LOAD	19.093	1.714
2026-09-28T10:27:42.214Z	spark1	LOAD	16.611	3.943
2026-09-28T10:27:42.388Z	spark2	LOAD	19.000	1.714
2026-09-28T10:27:42.464Z	spark1	LOAD	16.432	3.943
2026-09-28T10:27:42.648Z	spark2	LOAD	18.903	1.714
2026-09-28T10:27:42.732Z	spark1	LOAD	16.410	3.943
2026-09-28T10:27:42.899Z	spark2	LOAD	18.825	1.714
2026-09-28T10:27:42.982Z	spark1	LOAD	16.896	3.943
2026-09-28T10:27:43.149Z	spark2	LOAD	18.718	1.714
2026-09-28T10:27:43.233Z	spark1	LOAD	16.794	3.943
2026-09-28T10:27:43.400Z	spark2	LOAD	18.633	1.714
2026-09-28T10:27:43.484Z	spark1	LOAD	16.704	3.943
2026-09-28T10:27:43.667Z	spark2	LOAD	18.509	1.714
2026-09-28T10:27:43.751Z	spark1	LOAD	16.514	3.943
2026-09-28T10:27:43.917Z	spark2	LOAD	18.430	1.714
2026-09-28T10:27:44.002Z	spark1	LOAD	18.731	3.943
2026-09-28T10:27:44.167Z	spark2	LOAD	18.394	1.715
2026-09-28T10:27:44.252Z	spark1	LOAD	18.837	3.943
2026-09-28T10:27:44.417Z	spark2	LOAD	18.304	1.715
2026-09-28T10:27:44.502Z	spark1	LOAD	18.850	3.943
2026-09-28T10:27:44.686Z	spark2	LOAD	19.851	1.715
2026-09-28T10:27:44.764Z	spark1	LOAD	18.847	3.943
2026-09-28T10:27:44.936Z	spark2	LOAD	20.557	1.715
2026-09-28T10:27:45.014Z	spark1	LOAD	18.847	3.943
2026-09-28T10:27:45.187Z	spark2	LOAD	20.451	1.715
2026-09-28T10:27:45.265Z	spark1	LOAD	18.853	3.943
2026-09-28T10:27:45.437Z	spark2	LOAD	20.402	1.715
2026-09-28T10:27:45.515Z	spark1	LOAD	18.851	3.943
2026-09-28T10:27:45.697Z	spark2	LOAD	20.283	1.715
2026-09-28T10:27:45.782Z	spark1	LOAD	18.215	3.943
2026-09-28T10:27:45.948Z	spark2	LOAD	20.167	1.715
2026-09-28T10:27:46.032Z	spark1	LOAD	18.859	3.943
2026-09-28T10:27:46.198Z	spark2	LOAD	20.025	1.715
2026-09-28T10:27:46.283Z	spark1	LOAD	18.801	3.943
2026-09-28T10:27:46.448Z	spark2	LOAD	19.904	1.715
2026-09-28T10:27:46.533Z	spark1	LOAD	18.721	3.943
2026-09-28T10:27:46.713Z	spark2	LOAD	19.777	1.715
2026-09-28T10:27:46.802Z	spark1	LOAD	18.703	3.943
2026-09-28T10:27:46.963Z	spark2	LOAD	19.677	1.715
2026-09-28T10:27:47.052Z	spark1	LOAD	18.718	3.943
2026-09-28T10:27:47.214Z	spark2	LOAD	19.539	1.715
2026-09-28T10:27:47.302Z	spark1	LOAD	18.685	3.943
2026-09-28T10:27:47.464Z	spark2	LOAD	19.419	1.715
2026-09-28T10:27:47.552Z	spark1	LOAD	18.663	3.943
2026-09-28T10:27:47.728Z	spark2	LOAD	19.290	1.715
2026-09-28T10:27:47.819Z	spark1	LOAD	18.685	3.943
2026-09-28T10:27:47.979Z	spark2	LOAD	19.166	1.715
2026-09-28T10:27:48.069Z	spark1	LOAD	18.685	3.943
2026-09-28T10:27:48.229Z	spark2	LOAD	18.933	1.715
2026-09-28T10:27:48.319Z	spark1	LOAD	18.219	3.943
2026-09-28T10:27:48.479Z	spark2	LOAD	18.857	1.716
2026-09-28T10:27:48.570Z	spark1	LOAD	18.005	3.943
2026-09-28T10:27:48.744Z	spark2	LOAD	18.743	1.716
2026-09-28T10:27:48.833Z	spark1	LOAD	17.961	3.943
2026-09-28T10:27:48.995Z	spark2	LOAD	18.641	1.716
2026-09-28T10:27:49.083Z	spark1	LOAD	18.849	3.943
2026-09-28T10:27:49.245Z	spark2	LOAD	18.554	1.716
2026-09-28T10:27:49.334Z	spark1	LOAD	18.797	3.943
2026-09-28T10:27:49.495Z	spark2	LOAD	18.443	1.716
2026-09-28T10:27:49.584Z	spark1	LOAD	18.756	3.943
2026-09-28T10:27:49.756Z	spark2	LOAD	18.292	1.716
2026-09-28T10:27:49.851Z	spark1	LOAD	18.722	3.943
2026-09-28T10:27:50.006Z	spark2	LOAD	18.182	1.716
2026-09-28T10:27:50.101Z	spark1	LOAD	18.690	3.943
2026-09-28T10:27:50.256Z	spark2	LOAD	18.072	1.716
2026-09-28T10:27:50.352Z	spark1	LOAD	18.634	3.943
2026-09-28T10:27:50.507Z	spark2	LOAD	17.950	1.716
2026-09-28T10:27:50.602Z	spark1	LOAD	18.600	3.943
2026-09-28T10:27:50.768Z	spark2	LOAD	18.966	1.716
2026-09-28T10:27:50.869Z	spark1	LOAD	18.574	3.943
2026-09-28T10:27:51.018Z	spark2	LOAD	20.200	1.716
2026-09-28T10:27:51.120Z	spark1	LOAD	18.543	3.943
2026-09-28T10:27:51.269Z	spark2	LOAD	20.167	1.716
2026-09-28T10:27:51.370Z	spark1	LOAD	18.505	3.943
2026-09-28T10:27:51.519Z	spark2	LOAD	20.140	1.716
2026-09-28T10:27:51.621Z	spark1	LOAD	18.494	3.943
2026-09-28T10:27:51.783Z	spark2	LOAD	20.026	1.716
2026-09-28T10:27:51.882Z	spark1	LOAD	18.471	3.943
2026-09-28T10:27:52.034Z	spark2	LOAD	19.920	1.716
2026-09-28T10:27:52.133Z	spark1	LOAD	18.431	3.943
2026-09-28T10:27:52.284Z	spark2	LOAD	19.819	1.716
2026-09-28T10:27:52.383Z	spark1	LOAD	18.362	3.943
2026-09-28T10:27:52.534Z	spark2	LOAD	19.745	1.716
2026-09-28T10:27:52.634Z	spark1	LOAD	18.331	3.943
2026-09-28T10:27:52.795Z	spark2	LOAD	19.652	1.716
2026-09-28T10:27:52.897Z	spark1	LOAD	18.297	3.943
2026-09-28T10:27:53.045Z	spark2	LOAD	19.620	1.716
2026-09-28T10:27:53.147Z	spark1	LOAD	18.268	3.943
2026-09-28T10:27:53.296Z	spark2	LOAD	19.537	1.716
2026-09-28T10:27:53.398Z	spark1	LOAD	18.237	3.943
2026-09-28T10:27:53.546Z	spark2	LOAD	19.416	1.716
2026-09-28T10:27:53.648Z	spark1	LOAD	18.208	3.943
2026-09-28T10:27:53.810Z	spark2	LOAD	19.369	1.716
2026-09-28T10:27:53.915Z	spark1	LOAD	18.149	3.943
2026-09-28T10:27:54.061Z	spark2	LOAD	19.304	1.716
2026-09-28T10:27:54.165Z	spark1	LOAD	18.109	3.943
2026-09-28T10:27:54.311Z	spark2	LOAD	19.187	1.716
2026-09-28T10:27:54.415Z	spark1	LOAD	18.053	3.943
2026-09-28T10:27:54.562Z	spark2	LOAD	18.606	1.716
2026-09-28T10:27:54.666Z	spark1	LOAD	18.027	3.943
2026-09-28T10:27:54.826Z	spark2	LOAD	18.945	1.716
2026-09-28T10:27:54.935Z	spark1	LOAD	17.997	3.943
2026-09-28T10:27:55.076Z	spark2	LOAD	18.827	1.716
2026-09-28T10:27:55.186Z	spark1	LOAD	17.963	3.943
2026-09-28T10:27:55.326Z	spark2	LOAD	18.715	1.716
2026-09-28T10:27:55.437Z	spark1	LOAD	17.937	3.943
2026-09-28T10:27:55.576Z	spark2	LOAD	18.613	1.716
2026-09-28T10:27:55.687Z	spark1	LOAD	17.911	3.943
2026-09-28T10:27:55.841Z	spark2	LOAD	18.509	1.716
2026-09-28T10:27:55.954Z	spark1	LOAD	17.884	3.943
2026-09-28T10:27:56.091Z	spark2	LOAD	17.929	1.716
2026-09-28T10:27:56.204Z	spark1	LOAD	17.859	3.943
2026-09-28T10:27:56.341Z	spark2	LOAD	18.299	1.716
2026-09-28T10:27:56.454Z	spark1	LOAD	17.809	3.943
2026-09-28T10:27:56.592Z	spark2	LOAD	18.185	1.716
2026-09-28T10:27:56.705Z	spark1	LOAD	17.783	3.943
2026-09-28T10:27:56.851Z	spark2	LOAD	18.116	1.716
2026-09-28T10:27:56.966Z	spark1	LOAD	17.753	3.943
2026-09-28T10:27:57.102Z	spark2	LOAD	19.175	1.716
2026-09-28T10:27:57.216Z	spark1	LOAD	17.721	3.943
2026-09-28T10:27:57.353Z	spark2	LOAD	20.728	1.716
2026-09-28T10:27:57.467Z	spark1	LOAD	17.693	3.943
2026-09-28T10:27:57.603Z	spark2	LOAD	20.639	1.716
2026-09-28T10:27:57.717Z	spark1	LOAD	17.617	3.943
2026-09-28T10:27:57.863Z	spark2	LOAD	20.574	1.716
2026-09-28T10:27:57.984Z	spark1	LOAD	17.680	3.943
2026-09-28T10:27:58.113Z	spark2	LOAD	20.487	1.716
2026-09-28T10:27:58.234Z	spark1	LOAD	17.648	3.943
2026-09-28T10:27:58.364Z	spark2	LOAD	20.383	1.716
2026-09-28T10:27:58.485Z	spark1	LOAD	17.596	3.943
2026-09-28T10:27:58.614Z	spark2	LOAD	20.208	1.716
2026-09-28T10:27:58.735Z	spark1	LOAD	17.591	3.943
2026-09-28T10:27:58.874Z	spark2	LOAD	20.098	1.716
2026-09-28T10:27:59.002Z	spark1	LOAD	17.549	3.943
2026-09-28T10:27:59.125Z	spark2	LOAD	19.957	1.716
2026-09-28T10:27:59.253Z	spark1	LOAD	17.517	3.943
2026-09-28T10:27:59.375Z	spark2	LOAD	19.820	1.716
2026-09-28T10:27:59.503Z	spark1	LOAD	17.483	3.943
2026-09-28T10:27:59.625Z	spark2	LOAD	19.681	1.716
2026-09-28T10:27:59.753Z	spark1	LOAD	17.455	3.943
2026-09-28T10:27:59.886Z	spark2	LOAD	19.529	1.716
2026-09-28T10:28:00.020Z	spark1	LOAD	17.402	3.943
2026-09-28T10:28:00.135Z	spark2	LOAD	19.293	1.716
2026-09-28T10:28:00.270Z	spark1	LOAD	17.336	3.943
2026-09-28T10:28:00.386Z	spark2	LOAD	19.365	1.716
2026-09-28T10:28:00.521Z	spark1	LOAD	17.347	3.944
2026-09-28T10:28:00.636Z	spark2	LOAD	19.275	1.716
2026-09-28T10:28:00.771Z	spark1	LOAD	17.333	3.944
2026-09-28T10:28:00.900Z	spark2	LOAD	19.160	1.716
2026-09-28T10:28:01.039Z	spark1	LOAD	17.293	3.943
2026-09-28T10:28:01.150Z	spark2	LOAD	19.034	1.716
2026-09-28T10:28:01.289Z	spark1	LOAD	17.275	3.943
2026-09-28T10:28:01.401Z	spark2	LOAD	18.938	1.716
2026-09-28T10:28:01.539Z	spark1	LOAD	17.239	3.943
2026-09-28T10:28:01.651Z	spark2	LOAD	18.807	1.716
2026-09-28T10:28:01.790Z	spark1	LOAD	17.188	3.943
2026-09-28T10:28:01.912Z	spark2	LOAD	18.743	1.716
2026-09-28T10:28:02.057Z	spark1	LOAD	17.168	3.943
2026-09-28T10:28:02.162Z	spark2	LOAD	18.869	1.899
2026-09-28T10:28:02.307Z	spark1	LOAD	17.141	3.943
2026-09-28T10:28:02.413Z	spark2	LOAD	19.193	2.265
2026-09-28T10:28:02.557Z	spark1	LOAD	17.089	3.944
2026-09-28T10:28:02.663Z	spark2	LOAD	19.501	2.620
2026-09-28T10:28:02.807Z	spark1	LOAD	17.056	3.944
2026-09-28T10:28:02.924Z	spark2	LOAD	19.580	2.761
2026-09-28T10:28:03.070Z	spark1	LOAD	17.024	3.944
2026-09-28T10:28:03.175Z	spark2	LOAD	19.708	2.916
2026-09-28T10:28:03.320Z	spark1	LOAD	16.974	3.944
2026-09-28T10:28:03.425Z	spark2	LOAD	19.802	3.060
2026-09-28T10:28:03.570Z	spark1	LOAD	16.935	3.944
2026-09-28T10:28:03.676Z	spark2	LOAD	19.894	3.191
2026-09-28T10:28:03.820Z	spark1	LOAD	16.689	3.944
2026-09-28T10:28:03.941Z	spark2	LOAD	19.844	3.313
2026-09-28T10:28:04.083Z	spark1	LOAD	16.880	3.944
2026-09-28T10:28:04.193Z	spark2	LOAD	19.834	3.319
2026-09-28T10:28:04.333Z	spark1	LOAD	16.841	3.944
2026-09-28T10:28:04.443Z	spark2	LOAD	19.851	3.407
2026-09-28T10:28:04.583Z	spark1	LOAD	16.791	3.944
2026-09-28T10:28:04.693Z	spark2	LOAD	19.954	3.559
2026-09-28T10:28:04.834Z	spark1	LOAD	16.758	3.944
2026-09-28T10:28:04.954Z	spark2	LOAD	20.025	3.694
2026-09-28T10:28:05.096Z	spark1	LOAD	16.727	3.944
2026-09-28T10:28:05.204Z	spark2	LOAD	19.963	3.710
2026-09-28T10:28:05.346Z	spark1	LOAD	16.698	3.944
2026-09-28T10:28:05.455Z	spark2	LOAD	20.966	3.710
2026-09-28T10:28:05.597Z	spark1	LOAD	16.669	3.944
2026-09-28T10:28:05.705Z	spark2	LOAD	22.639	3.710
2026-09-28T10:28:05.847Z	spark1	LOAD	16.691	3.944
2026-09-28T10:28:05.967Z	spark2	LOAD	22.530	3.710
2026-09-28T10:28:06.110Z	spark1	LOAD	16.651	3.944
2026-09-28T10:28:06.218Z	spark2	LOAD	22.444	3.710
2026-09-28T10:28:06.360Z	spark1	LOAD	16.623	3.944
2026-09-28T10:28:06.468Z	spark2	LOAD	22.432	3.710
2026-09-28T10:28:06.610Z	spark1	LOAD	16.590	3.944
2026-09-28T10:28:06.718Z	spark2	LOAD	22.399	3.710
2026-09-28T10:28:06.860Z	spark1	LOAD	16.532	3.944
2026-09-28T10:28:06.983Z	spark2	LOAD	22.353	3.710
2026-09-28T10:28:07.126Z	spark1	LOAD	16.494	3.944
2026-09-28T10:28:07.233Z	spark2	LOAD	22.317	3.710
2026-09-28T10:28:07.376Z	spark1	LOAD	16.456	3.944
2026-09-28T10:28:07.484Z	spark2	LOAD	22.272	3.710
2026-09-28T10:28:07.627Z	spark1	LOAD	16.430	3.944
2026-09-28T10:28:07.734Z	spark2	LOAD	22.266	3.710
2026-09-28T10:28:07.877Z	spark1	LOAD	16.403	3.944
2026-09-28T10:28:07.994Z	spark2	LOAD	22.225	3.710
2026-09-28T10:28:08.139Z	spark1	LOAD	16.384	3.944
2026-09-28T10:28:08.245Z	spark2	LOAD	22.198	3.710
2026-09-28T10:28:08.389Z	spark1	LOAD	16.356	3.944
2026-09-28T10:28:08.496Z	spark2	LOAD	22.182	3.710
2026-09-28T10:28:08.639Z	spark1	LOAD	16.266	3.944
2026-09-28T10:28:08.746Z	spark2	LOAD	21.854	3.710
2026-09-28T10:28:08.889Z	spark1	LOAD	16.295	3.944
2026-09-28T10:28:09.006Z	spark2	LOAD	21.527	3.710
2026-09-28T10:28:09.152Z	spark1	LOAD	16.252	3.944
2026-09-28T10:28:09.256Z	spark2	LOAD	21.843	3.710
2026-09-28T10:28:09.402Z	spark1	LOAD	16.208	3.944
2026-09-28T10:28:09.506Z	spark2	LOAD	21.769	3.714
2026-09-28T10:28:09.652Z	spark1	LOAD	16.177	3.944
2026-09-28T10:28:09.757Z	spark2	LOAD	21.690	3.723
2026-09-28T10:28:09.902Z	spark1	LOAD	16.148	3.944
2026-09-28T10:28:10.017Z	spark2	LOAD	21.589	3.729
2026-09-28T10:28:10.165Z	spark1	LOAD	16.107	3.944
2026-09-28T10:28:10.267Z	spark2	LOAD	21.448	3.731
2026-09-28T10:28:10.415Z	spark1	LOAD	16.087	3.944
2026-09-28T10:28:10.518Z	spark2	LOAD	21.384	3.733
2026-09-28T10:28:10.665Z	spark1	LOAD	16.038	3.944
2026-09-28T10:28:10.768Z	spark2	LOAD	21.276	3.733
2026-09-28T10:28:10.916Z	spark1	LOAD	15.992	3.944
2026-09-28T10:28:11.028Z	spark2	LOAD	21.141	3.733
2026-09-28T10:28:11.179Z	spark1	LOAD	15.999	3.944
2026-09-28T10:28:11.278Z	spark2	LOAD	21.072	3.733
2026-09-28T10:28:11.429Z	spark1	LOAD	17.231	3.944
2026-09-28T10:28:11.529Z	spark2	LOAD	21.061	3.781
2026-09-28T10:28:11.680Z	spark1	LOAD	18.822	3.944
2026-09-28T10:28:11.779Z	spark2	LOAD	21.036	3.834
2026-09-28T10:28:11.930Z	spark1	LOAD	18.825	3.944
2026-09-28T10:28:12.039Z	spark2	LOAD	20.931	3.834
2026-09-28T10:28:12.198Z	spark1	LOAD	18.800	3.944
2026-09-28T10:28:12.289Z	spark2	LOAD	20.804	3.834
2026-09-28T10:28:12.448Z	spark1	LOAD	18.779	3.944
2026-09-28T10:28:12.540Z	spark2	LOAD	20.716	3.834
2026-09-28T10:28:12.699Z	spark1	LOAD	18.748	3.944
2026-09-28T10:28:12.790Z	spark2	LOAD	20.636	3.834
2026-09-28T10:28:12.949Z	spark1	LOAD	18.697	3.944
2026-09-28T10:28:13.055Z	spark2	LOAD	20.535	3.834
2026-09-28T10:28:13.216Z	spark1	LOAD	18.666	3.944
2026-09-28T10:28:13.305Z	spark2	LOAD	20.439	3.834
2026-09-28T10:28:13.466Z	spark1	LOAD	18.638	3.944
2026-09-28T10:28:13.556Z	spark2	LOAD	20.353	3.834
2026-09-28T10:28:13.716Z	spark1	LOAD	18.611	3.944
2026-09-28T10:28:13.806Z	spark2	LOAD	20.238	3.834
2026-09-28T10:28:13.967Z	spark1	LOAD	18.581	3.944
2026-09-28T10:28:14.066Z	spark2	LOAD	20.198	3.834
2026-09-28T10:28:14.235Z	spark1	LOAD	18.550	3.944
2026-09-28T10:28:14.317Z	spark2	LOAD	21.401	3.834
2026-09-28T10:28:14.486Z	spark1	LOAD	18.514	3.944
2026-09-28T10:28:14.568Z	spark2	LOAD	22.990	3.834
2026-09-28T10:28:14.736Z	spark1	LOAD	18.487	3.944
2026-09-28T10:28:14.818Z	spark2	LOAD	22.903	3.834
2026-09-28T10:28:14.987Z	spark1	LOAD	18.436	3.944
2026-09-28T10:28:15.083Z	spark2	LOAD	22.813	3.834
2026-09-28T10:28:15.253Z	spark1	LOAD	18.408	3.944
2026-09-28T10:28:15.333Z	spark2	LOAD	22.705	3.834
2026-09-28T10:28:15.503Z	spark1	LOAD	18.380	3.944
2026-09-28T10:28:15.583Z	spark2	LOAD	22.594	3.834
2026-09-28T10:28:15.754Z	spark1	LOAD	18.355	3.944
2026-09-28T10:28:15.834Z	spark2	LOAD	22.480	3.834
2026-09-28T10:28:16.004Z	spark1	LOAD	18.330	3.944
2026-09-28T10:28:16.098Z	spark2	LOAD	22.306	3.831
2026-09-28T10:28:16.271Z	spark1	LOAD	18.296	3.944
2026-09-28T10:28:16.348Z	spark2	LOAD	22.202	3.831
2026-09-28T10:28:16.521Z	spark1	LOAD	18.264	3.944
2026-09-28T10:28:16.599Z	spark2	LOAD	22.091	3.831
2026-09-28T10:28:16.772Z	spark1	LOAD	18.229	3.944
2026-09-28T10:28:16.849Z	spark2	LOAD	21.975	3.831
2026-09-28T10:28:17.022Z	spark1	LOAD	18.161	3.944
2026-09-28T10:28:17.109Z	spark2	LOAD	21.861	3.831
2026-09-28T10:28:17.289Z	spark1	LOAD	18.128	3.944
2026-09-28T10:28:17.360Z	spark2	LOAD	21.754	3.831
2026-09-28T10:28:17.539Z	spark1	LOAD	18.093	3.944
2026-09-28T10:28:17.609Z	spark2	LOAD	21.644	3.831
2026-09-28T10:28:17.789Z	spark1	LOAD	18.051	3.944
2026-09-28T10:28:17.860Z	spark2	LOAD	21.672	3.831
2026-09-28T10:28:18.039Z	spark1	LOAD	18.028	3.944
2026-09-28T10:28:18.121Z	spark2	LOAD	21.545	3.831
2026-09-28T10:28:18.307Z	spark1	LOAD	17.999	3.944
2026-09-28T10:28:18.371Z	spark2	LOAD	21.430	3.831
2026-09-28T10:28:18.557Z	spark1	LOAD	17.972	3.944
2026-09-28T10:28:18.621Z	spark2	LOAD	21.273	3.832
2026-09-28T10:28:18.808Z	spark1	LOAD	17.946	3.944
2026-09-28T10:28:18.872Z	spark2	LOAD	21.092	3.835
2026-09-28T10:28:19.058Z	spark1	LOAD	17.889	3.944
2026-09-28T10:28:19.137Z	spark2	LOAD	21.049	3.837
2026-09-28T10:28:19.326Z	spark1	LOAD	17.857	3.944
2026-09-28T10:28:19.387Z	spark2	LOAD	20.932	3.839
2026-09-28T10:28:19.577Z	spark1	LOAD	17.822	3.944
2026-09-28T10:28:19.638Z	spark2	LOAD	20.837	3.841
2026-09-28T10:28:19.827Z	spark1	LOAD	17.791	3.944
2026-09-28T10:28:19.887Z	spark2	LOAD	20.736	3.841
2026-09-28T10:28:20.078Z	spark1	LOAD	17.763	3.944
2026-09-28T10:28:20.149Z	spark2	LOAD	20.627	3.844
2026-09-28T10:28:20.339Z	spark1	LOAD	17.770	3.944
2026-09-28T10:28:20.399Z	spark2	LOAD	20.530	3.844
2026-09-28T10:28:20.590Z	spark1	LOAD	17.762	3.944
2026-09-28T10:28:20.649Z	spark2	LOAD	21.020	3.846
2026-09-28T10:28:20.840Z	spark1	LOAD	17.638	3.944
2026-09-28T10:28:20.899Z	spark2	LOAD	22.651	3.846
2026-09-28T10:28:21.090Z	spark1	LOAD	17.666	3.944
2026-09-28T10:28:21.164Z	spark2	LOAD	22.968	3.846
2026-09-28T10:28:21.357Z	spark1	LOAD	17.644	3.944
2026-09-28T10:28:21.415Z	spark2	LOAD	22.862	3.846
2026-09-28T10:28:21.607Z	spark1	LOAD	17.600	3.944
2026-09-28T10:28:21.665Z	spark2	LOAD	22.742	3.846
2026-09-28T10:28:21.857Z	spark1	LOAD	17.568	3.944
2026-09-28T10:28:21.916Z	spark2	LOAD	22.607	3.845
2026-09-28T10:28:22.108Z	spark1	LOAD	17.534	3.944
2026-09-28T10:28:22.176Z	spark2	LOAD	22.457	3.845
2026-09-28T10:28:22.377Z	spark1	LOAD	17.510	3.944
2026-09-28T10:28:22.426Z	spark2	LOAD	22.310	3.845
2026-09-28T10:28:22.627Z	spark1	LOAD	17.445	3.944
2026-09-28T10:28:22.676Z	spark2	LOAD	22.205	3.844
2026-09-28T10:28:22.877Z	spark1	LOAD	17.405	3.944
2026-09-28T10:28:22.927Z	spark2	LOAD	22.133	3.844
2026-09-28T10:28:23.127Z	spark1	LOAD	17.348	3.944
2026-09-28T10:28:23.191Z	spark2	LOAD	22.017	3.844
2026-09-28T10:28:23.390Z	spark1	LOAD	17.320	3.944
2026-09-28T10:28:23.442Z	spark2	LOAD	21.936	3.844
2026-09-28T10:28:23.640Z	spark1	LOAD	17.290	3.944
2026-09-28T10:28:23.692Z	spark2	LOAD	21.828	3.844
2026-09-28T10:28:23.891Z	spark1	LOAD	17.263	3.944
2026-09-28T10:28:23.942Z	spark2	LOAD	21.726	3.844
2026-09-28T10:28:24.141Z	spark1	LOAD	17.277	3.944
2026-09-28T10:28:24.203Z	spark2	LOAD	21.595	3.844
2026-09-28T10:28:24.404Z	spark1	LOAD	17.225	3.944
2026-09-28T10:28:24.453Z	spark2	LOAD	21.508	3.844
2026-09-28T10:28:24.654Z	spark1	LOAD	17.224	3.944
2026-09-28T10:28:24.703Z	spark2	LOAD	21.415	3.844
2026-09-28T10:28:24.904Z	spark1	LOAD	16.584	3.944
2026-09-28T10:28:24.953Z	spark2	LOAD	21.328	3.844
2026-09-28T10:28:25.154Z	spark1	LOAD	16.687	3.944
2026-09-28T10:28:25.219Z	spark2	LOAD	21.019	3.844
2026-09-28T10:28:25.422Z	spark1	LOAD	17.060	3.944
2026-09-28T10:28:25.469Z	spark2	LOAD	21.162	3.844
2026-09-28T10:28:25.673Z	spark1	LOAD	17.072	3.944
2026-09-28T10:28:25.719Z	spark2	LOAD	21.052	3.844
2026-09-28T10:28:25.923Z	spark1	LOAD	17.040	3.944
2026-09-28T10:28:25.970Z	spark2	LOAD	20.482	3.844
2026-09-28T10:28:26.174Z	spark1	LOAD	16.986	3.944
2026-09-28T10:28:26.230Z	spark2	LOAD	20.813	3.845
2026-09-28T10:28:26.436Z	spark1	LOAD	16.946	3.944
2026-09-28T10:28:26.481Z	spark2	LOAD	20.708	3.845
2026-09-28T10:28:26.686Z	spark1	LOAD	16.914	3.944
2026-09-28T10:28:26.731Z	spark2	LOAD	20.596	3.845
2026-09-28T10:28:26.937Z	spark1	LOAD	16.878	3.944
2026-09-28T10:28:26.981Z	spark2	LOAD	20.395	3.845
2026-09-28T10:28:27.187Z	spark1	LOAD	16.844	3.944
2026-09-28T10:28:27.246Z	spark2	LOAD	20.378	3.845
2026-09-28T10:28:27.450Z	spark1	LOAD	16.798	3.945
2026-09-28T10:28:27.498Z	spark2	LOAD	20.560	3.845
2026-09-28T10:28:27.701Z	spark1	LOAD	16.768	3.945
2026-09-28T10:28:27.748Z	spark2	LOAD	22.106	3.845
2026-09-28T10:28:27.951Z	spark1	LOAD	16.740	3.945
2026-09-28T10:28:27.999Z	spark2	LOAD	22.975	3.845
2026-09-28T10:28:28.201Z	spark1	LOAD	16.710	3.945
2026-09-28T10:28:28.264Z	spark2	LOAD	22.888	3.845
2026-09-28T10:28:28.471Z	spark1	LOAD	16.622	3.945
2026-09-28T10:28:28.515Z	spark2	LOAD	22.784	3.845
2026-09-28T10:28:28.721Z	spark1	LOAD	16.591	3.945
2026-09-28T10:28:28.765Z	spark2	LOAD	22.674	3.845
2026-09-28T10:28:28.972Z	spark1	LOAD	16.556	3.945
2026-09-28T10:28:29.015Z	spark2	LOAD	22.559	3.845
2026-09-28T10:28:29.223Z	spark1	LOAD	16.527	3.945
2026-09-28T10:28:29.280Z	spark2	LOAD	22.416	3.845
2026-09-28T10:28:29.490Z	spark1	LOAD	16.523	3.945
2026-09-28T10:28:29.531Z	spark2	LOAD	22.337	3.845
2026-09-28T10:28:29.740Z	spark1	LOAD	16.507	3.945
2026-09-28T10:28:29.781Z	spark2	LOAD	22.220	3.845
2026-09-28T10:28:29.991Z	spark1	LOAD	16.483	3.945
2026-09-28T10:28:30.032Z	spark2	LOAD	22.061	3.845
2026-09-28T10:28:30.241Z	spark1	LOAD	16.470	3.946
2026-09-28T10:28:30.297Z	spark2	LOAD	21.951	3.845
2026-09-28T10:28:30.510Z	spark1	LOAD	16.436	3.946
2026-09-28T10:28:30.547Z	spark2	LOAD	21.809	3.845
2026-09-28T10:28:30.761Z	spark1	LOAD	16.402	3.946
2026-09-28T10:28:30.798Z	spark2	LOAD	21.709	3.845
2026-09-28T10:28:31.011Z	spark1	LOAD	16.372	3.946
2026-09-28T10:28:31.048Z	spark2	LOAD	21.596	3.845
2026-09-28T10:28:31.261Z	spark1	LOAD	16.349	3.947
2026-09-28T10:28:31.312Z	spark2	LOAD	21.495	3.845
2026-09-28T10:28:31.528Z	spark1	LOAD	16.273	3.947
2026-09-28T10:28:31.563Z	spark2	LOAD	21.388	3.845
2026-09-28T10:28:31.778Z	spark1	LOAD	16.249	3.947
2026-09-28T10:28:31.813Z	spark2	LOAD	21.278	3.844
2026-09-28T10:28:32.029Z	spark1	LOAD	16.231	3.950
2026-09-28T10:28:32.064Z	spark2	LOAD	21.226	3.844
2026-09-28T10:28:32.279Z	spark1	LOAD	16.204	3.950
2026-09-28T10:28:32.324Z	spark2	LOAD	21.093	3.844
2026-09-28T10:28:32.545Z	spark1	LOAD	16.164	3.950
2026-09-28T10:28:32.574Z	spark2	LOAD	20.989	3.844
2026-09-28T10:28:32.796Z	spark1	LOAD	16.134	3.950
2026-09-28T10:28:32.824Z	spark2	LOAD	20.871	3.845
2026-09-28T10:28:33.046Z	spark1	LOAD	16.095	3.950
2026-09-28T10:28:33.074Z	spark2	LOAD	20.745	3.847
2026-09-28T10:28:33.296Z	spark1	LOAD	16.061	3.950
2026-09-28T10:28:33.335Z	spark2	LOAD	20.629	3.847
2026-09-28T10:28:33.564Z	spark1	LOAD	16.727	3.956
2026-09-28T10:28:33.585Z	spark2	LOAD	20.457	3.846
2026-09-28T10:28:33.814Z	spark1	LOAD	18.533	3.956
2026-09-28T10:28:33.835Z	spark2	LOAD	20.356	3.846
2026-09-28T10:28:34.064Z	spark1	LOAD	18.886	3.955
2026-09-28T10:28:34.086Z	spark2	LOAD	20.268	3.846
2026-09-28T10:28:34.315Z	spark1	LOAD	18.852	3.953
2026-09-28T10:28:34.346Z	spark2	LOAD	21.815	3.846
2026-09-28T10:28:34.582Z	spark1	LOAD	18.811	3.952
2026-09-28T10:28:34.597Z	spark2	LOAD	22.980	3.846
2026-09-28T10:28:34.832Z	spark1	LOAD	18.779	3.952
2026-09-28T10:28:34.847Z	spark2	LOAD	22.874	3.846
2026-09-28T10:28:35.082Z	spark1	LOAD	18.796	3.959
2026-09-28T10:28:35.097Z	spark2	LOAD	22.785	3.846
2026-09-28T10:28:35.333Z	spark1	LOAD	18.708	3.960
2026-09-28T10:28:35.359Z	spark2	LOAD	22.652	3.846
2026-09-28T10:28:35.605Z	spark1	LOAD	18.649	3.960
2026-09-28T10:28:35.610Z	spark2	LOAD	22.540	3.846
2026-09-28T10:28:35.855Z	spark1	LOAD	18.613	3.958
2026-09-28T10:28:35.860Z	spark2	LOAD	22.435	3.846
2026-09-28T10:28:36.106Z	spark1	LOAD	18.582	3.958
2026-09-28T10:28:36.110Z	spark2	LOAD	22.323	3.846
2026-09-28T10:28:36.356Z	spark1	LOAD	18.549	3.958
2026-09-28T10:28:36.370Z	spark2	LOAD	22.194	3.846
2026-09-28T10:28:36.621Z	spark2	LOAD	22.086	3.846
2026-09-28T10:28:36.624Z	spark1	LOAD	18.509	3.958
2026-09-28T10:28:36.871Z	spark2	LOAD	21.978	3.846
2026-09-28T10:28:36.874Z	spark1	LOAD	18.482	3.958
2026-09-28T10:28:37.121Z	spark2	LOAD	21.875	3.846
2026-09-28T10:28:37.125Z	spark1	LOAD	18.452	3.958
2026-09-28T10:28:37.375Z	spark1	LOAD	18.421	3.958
2026-09-28T10:28:37.381Z	spark2	LOAD	21.788	3.846
2026-09-28T10:28:37.632Z	spark2	LOAD	21.682	3.846
2026-09-28T10:28:37.643Z	spark1	LOAD	18.361	3.957
2026-09-28T10:28:37.882Z	spark2	LOAD	21.585	3.846
2026-09-28T10:28:37.894Z	spark1	LOAD	18.336	3.957
2026-09-28T10:28:38.132Z	spark2	LOAD	21.516	3.846
2026-09-28T10:28:38.144Z	spark1	LOAD	18.285	3.957
2026-09-28T10:28:38.393Z	spark2	LOAD	21.416	3.846
2026-09-28T10:28:38.394Z	spark1	LOAD	18.245	3.957
2026-09-28T10:28:38.643Z	spark2	LOAD	21.304	3.846
2026-09-28T10:28:38.661Z	spark1	LOAD	18.194	3.957
2026-09-28T10:28:38.893Z	spark2	LOAD	21.189	3.846
2026-09-28T10:28:38.911Z	spark1	LOAD	18.152	3.957
2026-09-28T10:28:39.144Z	spark2	LOAD	20.629	3.846
2026-09-28T10:28:39.162Z	spark1	LOAD	18.121	3.957
2026-09-28T10:28:39.405Z	spark2	LOAD	20.977	3.847
2026-09-28T10:28:39.412Z	spark1	LOAD	18.083	3.957
2026-09-28T10:28:39.655Z	spark2	LOAD	20.878	3.847
2026-09-28T10:28:39.674Z	spark1	LOAD	18.040	3.957
2026-09-28T10:28:39.905Z	spark2	LOAD	20.351	3.847
2026-09-28T10:28:39.924Z	spark1	LOAD	18.009	3.957
2026-09-28T10:28:40.156Z	spark2	LOAD	20.696	3.847
2026-09-28T10:28:40.174Z	spark1	LOAD	17.979	3.957
2026-09-28T10:28:40.416Z	spark2	LOAD	20.591	3.847
2026-09-28T10:28:40.425Z	spark1	LOAD	17.949	3.957
2026-09-28T10:28:40.667Z	spark2	LOAD	21.637	3.847
2026-09-28T10:28:40.691Z	spark1	LOAD	17.912	3.957
2026-09-28T10:28:40.917Z	spark2	LOAD	22.720	3.847
2026-09-28T10:28:40.942Z	spark1	LOAD	17.880	3.957
2026-09-28T10:28:41.167Z	spark2	LOAD	22.606	3.847
2026-09-28T10:28:41.192Z	spark1	LOAD	17.850	3.957
2026-09-28T10:28:41.432Z	spark2	LOAD	22.496	3.847
2026-09-28T10:28:41.442Z	spark1	LOAD	17.822	3.957
2026-09-28T10:28:41.683Z	spark2	LOAD	22.393	3.847
2026-09-28T10:28:41.711Z	spark1	LOAD	17.763	3.957
2026-09-28T10:28:41.933Z	spark2	LOAD	22.286	3.847
2026-09-28T10:28:41.962Z	spark1	LOAD	17.736	3.957
2026-09-28T10:28:42.183Z	spark2	LOAD	22.143	3.847
2026-09-28T10:28:42.212Z	spark1	LOAD	17.705	3.957
2026-09-28T10:28:42.448Z	spark2	LOAD	22.053	3.847
2026-09-28T10:28:42.463Z	spark1	LOAD	17.651	3.957
2026-09-28T10:28:42.699Z	spark2	LOAD	21.944	3.847
2026-09-28T10:28:42.731Z	spark1	LOAD	17.060	3.957
2026-09-28T10:28:42.948Z	spark2	LOAD	22.155	3.847
2026-09-28T10:28:42.981Z	spark1	LOAD	17.004	3.957
2026-09-28T10:28:43.199Z	spark2	LOAD	22.068	3.847
2026-09-28T10:28:43.231Z	spark1	LOAD	17.598	3.961
2026-09-28T10:28:43.463Z	spark2	LOAD	21.961	3.847
2026-09-28T10:28:43.482Z	spark1	LOAD	17.569	3.961
2026-09-28T10:28:43.713Z	spark2	LOAD	21.796	3.847
2026-09-28T10:28:43.744Z	spark1	LOAD	17.502	3.961
2026-09-28T10:28:43.963Z	spark2	LOAD	21.696	3.847
2026-09-28T10:28:43.994Z	spark1	LOAD	17.435	3.961
2026-09-28T10:28:44.213Z	spark2	LOAD	21.585	3.847
2026-09-28T10:28:44.245Z	spark1	LOAD	17.446	3.962
2026-09-28T10:28:44.478Z	spark2	LOAD	21.433	3.847
2026-09-28T10:28:44.496Z	spark1	LOAD	17.397	3.962
2026-09-28T10:28:44.728Z	spark2	LOAD	21.277	3.847
2026-09-28T10:28:44.763Z	spark1	LOAD	17.357	3.962
2026-09-28T10:28:44.979Z	spark2	LOAD	21.171	3.846
2026-09-28T10:28:45.013Z	spark1	LOAD	17.331	3.968
2026-09-28T10:28:45.230Z	spark2	LOAD	21.047	3.847
2026-09-28T10:28:45.263Z	spark1	LOAD	17.308	3.968
2026-09-28T10:28:45.489Z	spark2	LOAD	20.947	3.847
2026-09-28T10:28:45.514Z	spark1	LOAD	17.278	3.968
2026-09-28T10:28:45.739Z	spark2	LOAD	20.856	3.847
2026-09-28T10:28:45.780Z	spark1	LOAD	17.218	3.968
2026-09-28T10:28:45.990Z	spark2	LOAD	20.790	3.848
2026-09-28T10:28:46.030Z	spark1	LOAD	17.201	3.968
2026-09-28T10:28:46.240Z	spark2	LOAD	20.661	3.848
2026-09-28T10:28:46.281Z	spark1	LOAD	17.173	3.968
2026-09-28T10:28:46.500Z	spark2	LOAD	20.510	3.848
2026-09-28T10:28:46.531Z	spark1	LOAD	17.143	3.968
2026-09-28T10:28:46.751Z	spark2	LOAD	20.408	3.848
2026-09-28T10:28:46.793Z	spark1	LOAD	17.106	3.968
2026-09-28T10:28:47.001Z	spark2	LOAD	20.293	3.848
2026-09-28T10:28:47.043Z	spark1	LOAD	17.090	3.975
2026-09-28T10:28:47.252Z	spark2	LOAD	20.192	3.848
2026-09-28T10:28:47.294Z	spark1	LOAD	17.058	3.975
2026-09-28T10:28:47.513Z	spark2	LOAD	21.614	3.848
2026-09-28T10:28:47.544Z	spark1	LOAD	17.041	3.975
2026-09-28T10:28:47.763Z	spark2	LOAD	22.698	3.848
2026-09-28T10:28:47.804Z	spark1	LOAD	16.983	3.975
2026-09-28T10:28:48.013Z	spark2	LOAD	22.677	3.848
2026-09-28T10:28:48.055Z	spark1	LOAD	16.970	3.980
2026-09-28T10:28:48.264Z	spark2	LOAD	22.595	3.848
2026-09-28T10:28:48.304Z	spark1	LOAD	16.939	3.980
2026-09-28T10:28:48.525Z	spark2	LOAD	22.457	3.848
2026-09-28T10:28:48.555Z	spark1	LOAD	16.907	3.980
2026-09-28T10:28:48.775Z	spark2	LOAD	22.366	3.848
2026-09-28T10:28:48.822Z	spark1	LOAD	16.906	3.990
2026-09-28T10:28:49.025Z	spark2	LOAD	22.274	3.848
2026-09-28T10:28:49.073Z	spark1	LOAD	16.488	3.990
2026-09-28T10:28:49.275Z	spark2	LOAD	22.187	3.848
2026-09-28T10:28:49.323Z	spark1	LOAD	16.253	3.990
2026-09-28T10:28:49.536Z	spark2	LOAD	22.103	3.848
2026-09-28T10:28:49.573Z	spark1	LOAD	16.818	4.002
2026-09-28T10:28:49.786Z	spark2	LOAD	22.025	3.848
2026-09-28T10:28:49.840Z	spark1	LOAD	16.748	4.002
2026-09-28T10:28:50.036Z	spark2	LOAD	21.941	3.848
2026-09-28T10:28:50.090Z	spark1	LOAD	16.717	4.002
2026-09-28T10:28:50.287Z	spark2	LOAD	21.911	3.848
2026-09-28T10:28:50.341Z	spark1	LOAD	16.688	4.002
2026-09-28T10:28:50.551Z	spark2	LOAD	21.875	3.848
2026-09-28T10:28:50.591Z	spark1	LOAD	16.657	4.002
2026-09-28T10:28:50.801Z	spark2	LOAD	21.771	3.848
2026-09-28T10:28:50.853Z	spark1	LOAD	16.627	4.002
2026-09-28T10:28:51.051Z	spark2	LOAD	21.796	3.848
2026-09-28T10:28:51.104Z	spark1	LOAD	16.596	4.002
2026-09-28T10:28:51.302Z	spark2	LOAD	21.682	3.848
2026-09-28T10:28:51.354Z	spark1	LOAD	16.599	4.002
2026-09-28T10:28:51.562Z	spark2	LOAD	21.144	3.848
2026-09-28T10:28:51.604Z	spark1	LOAD	16.572	4.014
2026-09-28T10:28:51.812Z	spark2	LOAD	21.041	3.848
2026-09-28T10:28:51.866Z	spark1	LOAD	16.537	4.014
2026-09-28T10:28:52.063Z	spark2	LOAD	21.398	3.848
2026-09-28T10:28:52.116Z	spark1	LOAD	16.476	4.014
2026-09-28T10:28:52.313Z	spark2	LOAD	21.296	3.848
2026-09-28T10:28:52.367Z	spark1	LOAD	16.445	4.014
2026-09-28T10:28:52.577Z	spark2	LOAD	21.235	3.848
2026-09-28T10:28:52.617Z	spark1	LOAD	16.425	4.023
2026-09-28T10:28:52.827Z	spark2	LOAD	21.158	3.848
2026-09-28T10:28:52.883Z	spark1	LOAD	16.394	4.023
2026-09-28T10:28:53.077Z	spark2	LOAD	21.082	3.848
2026-09-28T10:28:53.134Z	spark1	LOAD	16.361	4.023
2026-09-28T10:28:53.328Z	spark2	LOAD	20.996	3.848
2026-09-28T10:28:53.384Z	spark1	LOAD	16.348	4.023
2026-09-28T10:28:53.589Z	spark2	LOAD	20.910	3.848
2026-09-28T10:28:53.634Z	spark1	LOAD	16.309	4.026
2026-09-28T10:28:53.839Z	spark2	LOAD	20.824	3.848
2026-09-28T10:28:53.901Z	spark1	LOAD	16.273	4.026
2026-09-28T10:28:54.090Z	spark2	LOAD	20.811	3.848
2026-09-28T10:28:54.152Z	spark1	LOAD	16.212	4.026
2026-09-28T10:28:54.340Z	spark2	LOAD	22.165	3.848
2026-09-28T10:28:54.402Z	spark1	LOAD	16.224	4.031
2026-09-28T10:28:54.606Z	spark2	LOAD	22.890	3.848
2026-09-28T10:28:54.652Z	spark1	LOAD	16.178	4.031
2026-09-28T10:28:54.856Z	spark2	LOAD	22.869	3.848
2026-09-28T10:28:54.917Z	spark1	LOAD	15.556	4.031
2026-09-28T10:28:55.106Z	spark2	LOAD	22.777	3.848
2026-09-28T10:28:55.167Z	spark1	LOAD	15.446	4.029
2026-09-28T10:28:55.356Z	spark2	LOAD	22.645	3.848
2026-09-28T10:28:55.418Z	spark1	LOAD	16.012	4.032
2026-09-28T10:28:55.622Z	spark2	LOAD	22.483	3.847
2026-09-28T10:28:55.668Z	spark1	LOAD	15.979	4.032
2026-09-28T10:28:55.872Z	spark2	LOAD	22.316	3.847
2026-09-28T10:28:55.932Z	spark1	LOAD	15.920	4.032
2026-09-28T10:28:56.123Z	spark2	LOAD	22.213	3.847
2026-09-28T10:28:56.182Z	spark1	LOAD	15.896	4.034
2026-09-28T10:28:56.373Z	spark2	LOAD	22.095	3.847
2026-09-28T10:28:56.433Z	spark1	LOAD	15.860	4.034
2026-09-28T10:28:56.634Z	spark2	LOAD	21.994	3.847
2026-09-28T10:28:56.683Z	spark1	LOAD	15.829	4.034
2026-09-28T10:28:56.884Z	spark2	LOAD	21.872	3.847
2026-09-28T10:28:56.950Z	spark1	LOAD	15.810	4.034
2026-09-28T10:28:57.135Z	spark2	LOAD	21.734	3.847
2026-09-28T10:28:57.200Z	spark1	LOAD	15.866	4.040
2026-09-28T10:28:57.385Z	spark2	LOAD	21.609	3.847
2026-09-28T10:28:57.450Z	spark1	LOAD	15.823	4.040
2026-09-28T10:28:57.652Z	spark2	LOAD	21.582	3.847
2026-09-28T10:28:57.701Z	spark1	LOAD	15.783	4.040
2026-09-28T10:28:57.902Z	spark2	LOAD	21.486	3.864
2026-09-28T10:28:57.967Z	spark1	LOAD	16.907	4.040
2026-09-28T10:28:58.153Z	spark2	LOAD	21.387	3.875
2026-09-28T10:28:58.218Z	spark1	LOAD	18.979	4.040
2026-09-28T10:28:58.403Z	spark2	LOAD	21.267	3.881
2026-09-28T10:28:58.468Z	spark1	LOAD	18.982	4.040
2026-09-28T10:28:58.667Z	spark2	LOAD	21.127	3.885
2026-09-28T10:28:58.718Z	spark1	LOAD	18.953	4.040
2026-09-28T10:28:58.917Z	spark2	LOAD	21.030	3.888
2026-09-28T10:28:58.987Z	spark1	LOAD	18.935	4.040
2026-09-28T10:28:59.168Z	spark2	LOAD	20.928	3.898
2026-09-28T10:28:59.237Z	spark1	LOAD	18.903	4.040
2026-09-28T10:28:59.418Z	spark2	LOAD	20.819	3.901
2026-09-28T10:28:59.487Z	spark1	LOAD	18.858	4.040
2026-09-28T10:28:59.678Z	spark2	LOAD	20.751	3.936
2026-09-28T10:28:59.738Z	spark1	LOAD	18.831	4.040
2026-09-28T10:28:59.929Z	spark2	LOAD	20.649	3.959
2026-09-28T10:29:00.005Z	spark1	LOAD	18.795	4.040
2026-09-28T10:29:00.179Z	spark2	LOAD	20.534	3.959
2026-09-28T10:29:00.255Z	spark1	LOAD	18.747	4.040
2026-09-28T10:29:00.429Z	spark2	LOAD	20.419	3.959
2026-09-28T10:29:00.505Z	spark1	LOAD	18.716	4.040
2026-09-28T10:29:00.689Z	spark2	LOAD	21.566	3.959
2026-09-28T10:29:00.756Z	spark1	LOAD	18.685	4.040
2026-09-28T10:29:00.940Z	spark2	LOAD	23.170	3.959
2026-09-28T10:29:01.023Z	spark1	LOAD	18.688	4.040
2026-09-28T10:29:01.190Z	spark2	LOAD	23.088	3.959
2026-09-28T10:29:01.273Z	spark1	LOAD	18.657	4.040
2026-09-28T10:29:01.440Z	spark2	LOAD	22.992	3.959
2026-09-28T10:29:01.523Z	spark1	LOAD	18.625	4.040
2026-09-28T10:29:01.701Z	spark2	LOAD	22.864	3.959
2026-09-28T10:29:01.773Z	spark1	LOAD	18.587	4.040
2026-09-28T10:29:01.951Z	spark2	LOAD	22.760	3.959
2026-09-28T10:29:02.042Z	spark1	LOAD	18.553	4.040
2026-09-28T10:29:02.201Z	spark2	LOAD	22.656	3.959
2026-09-28T10:29:02.293Z	spark1	LOAD	18.489	4.040
2026-09-28T10:29:02.452Z	spark2	LOAD	22.564	3.959
2026-09-28T10:29:02.543Z	spark1	LOAD	18.457	4.040
2026-09-28T10:29:02.717Z	spark2	LOAD	22.454	3.959
2026-09-28T10:29:02.794Z	spark1	LOAD	18.420	4.040
2026-09-28T10:29:02.967Z	spark2	LOAD	22.330	3.959
2026-09-28T10:29:03.056Z	spark1	LOAD	18.386	4.040
2026-09-28T10:29:03.217Z	spark2	LOAD	22.236	3.959
2026-09-28T10:29:03.306Z	spark1	LOAD	18.354	4.040
2026-09-28T10:29:03.467Z	spark2	LOAD	22.152	3.959
2026-09-28T10:29:03.557Z	spark1	LOAD	18.323	4.040
2026-09-28T10:29:03.732Z	spark2	LOAD	22.053	3.960
2026-09-28T10:29:03.807Z	spark1	LOAD	18.292	4.040
2026-09-28T10:29:03.982Z	spark2	LOAD	21.945	3.960
2026-09-28T10:29:04.075Z	spark1	LOAD	18.251	4.040
2026-09-28T10:29:04.232Z	spark2	LOAD	21.849	3.962
2026-09-28T10:29:04.325Z	spark1	LOAD	18.197	4.040
2026-09-28T10:29:04.483Z	spark2	LOAD	21.725	3.963
2026-09-28T10:29:04.576Z	spark1	LOAD	18.170	4.040
2026-09-28T10:29:04.743Z	spark2	LOAD	21.620	3.963
2026-09-28T10:29:04.826Z	spark1	LOAD	18.140	4.040
2026-09-28T10:29:04.994Z	spark2	LOAD	21.518	3.963
2026-09-28T10:29:05.093Z	spark1	LOAD	18.084	4.040
2026-09-28T10:29:05.244Z	spark2	LOAD	21.422	3.963
2026-09-28T10:29:05.343Z	spark1	LOAD	18.051	4.040
2026-09-28T10:29:05.494Z	spark2	LOAD	21.325	3.964
2026-09-28T10:29:05.593Z	spark1	LOAD	18.016	4.040
2026-09-28T10:29:05.759Z	spark2	LOAD	20.759	3.964
2026-09-28T10:29:05.844Z	spark1	LOAD	17.981	4.040
2026-09-28T10:29:06.009Z	spark2	LOAD	21.121	3.966
2026-09-28T10:29:06.110Z	spark1	LOAD	17.911	4.040
2026-09-28T10:29:06.260Z	spark2	LOAD	20.591	3.968
2026-09-28T10:29:06.361Z	spark1	LOAD	17.849	4.040
2026-09-28T10:29:06.511Z	spark2	LOAD	20.441	3.966
2026-09-28T10:29:06.611Z	spark1	LOAD	17.820	4.040
2026-09-28T10:29:06.776Z	spark2	LOAD	20.772	3.965
2026-09-28T10:29:06.862Z	spark1	LOAD	17.802	4.040
2026-09-28T10:29:07.026Z	spark2	LOAD	21.594	3.967
2026-09-28T10:29:07.125Z	spark1	LOAD	17.764	4.040
2026-09-28T10:29:07.277Z	spark2	LOAD	23.151	3.967
2026-09-28T10:29:07.376Z	spark1	LOAD	17.719	4.040
2026-09-28T10:29:07.527Z	spark2	LOAD	23.047	3.964
2026-09-28T10:29:07.626Z	spark1	LOAD	17.761	4.040
2026-09-28T10:29:07.787Z	spark2	LOAD	22.934	3.960
2026-09-28T10:29:07.876Z	spark1	LOAD	17.135	4.040
2026-09-28T10:29:08.038Z	spark2	LOAD	22.845	3.959
2026-09-28T10:29:08.143Z	spark1	LOAD	17.697	4.049
2026-09-28T10:29:08.289Z	spark2	LOAD	22.755	3.959
2026-09-28T10:29:08.393Z	spark1	LOAD	17.634	4.049
2026-09-28T10:29:08.539Z	spark2	LOAD	22.645	3.959
2026-09-28T10:29:08.644Z	spark1	LOAD	17.614	4.049
2026-09-28T10:29:08.801Z	spark2	LOAD	22.510	3.959
2026-09-28T10:29:08.894Z	spark1	LOAD	17.617	4.062
2026-09-28T10:29:09.051Z	spark2	LOAD	22.410	3.959
2026-09-28T10:29:09.162Z	spark1	LOAD	17.609	4.101
2026-09-28T10:29:09.301Z	spark2	LOAD	22.307	3.959
2026-09-28T10:29:09.412Z	spark1	LOAD	17.746	4.248
2026-09-28T10:29:09.552Z	spark2	LOAD	22.232	3.959
2026-09-28T10:29:09.662Z	spark1	LOAD	17.940	4.472
2026-09-28T10:29:09.817Z	spark2	LOAD	22.121	3.959
2026-09-28T10:29:09.913Z	spark1	LOAD	18.010	4.579
2026-09-28T10:29:10.067Z	spark2	LOAD	22.029	3.959
2026-09-28T10:29:10.176Z	spark1	LOAD	17.975	4.579
2026-09-28T10:29:10.317Z	spark2	LOAD	21.944	3.959
2026-09-28T10:29:10.426Z	spark1	LOAD	18.041	4.696
2026-09-28T10:29:10.568Z	spark2	LOAD	21.844	3.959
2026-09-28T10:29:10.677Z	spark1	LOAD	18.009	4.696
2026-09-28T10:29:10.828Z	spark2	LOAD	21.694	3.959
2026-09-28T10:29:10.927Z	spark1	LOAD	17.983	4.696
2026-09-28T10:29:11.079Z	spark2	LOAD	21.559	3.959
2026-09-28T10:29:11.194Z	spark1	LOAD	17.951	4.696
2026-09-28T10:29:11.329Z	spark2	LOAD	21.449	3.959
2026-09-28T10:29:11.444Z	spark1	LOAD	17.926	4.696
2026-09-28T10:29:11.579Z	spark2	LOAD	21.357	3.959
2026-09-28T10:29:11.695Z	spark1	LOAD	17.905	4.696
2026-09-28T10:29:11.840Z	spark2	LOAD	21.273	3.959
2026-09-28T10:29:11.945Z	spark1	LOAD	17.880	4.696
2026-09-28T10:29:12.090Z	spark2	LOAD	21.228	3.959
2026-09-28T10:29:12.213Z	spark1	LOAD	17.851	4.695
2026-09-28T10:29:12.341Z	spark2	LOAD	20.979	3.959
2026-09-28T10:29:12.463Z	spark1	LOAD	17.798	4.695
2026-09-28T10:29:12.591Z	spark2	LOAD	20.588	3.959
2026-09-28T10:29:12.713Z	spark1	LOAD	17.773	4.695
2026-09-28T10:29:12.856Z	spark2	LOAD	20.916	3.959
2026-09-28T10:29:12.964Z	spark1	LOAD	17.739	4.695
2026-09-28T10:29:13.106Z	spark2	LOAD	20.805	3.959
2026-09-28T10:29:13.231Z	spark1	LOAD	17.703	4.695
2026-09-28T10:29:13.357Z	spark2	LOAD	20.676	3.959
2026-09-28T10:29:13.481Z	spark1	LOAD	17.675	4.695
2026-09-28T10:29:13.607Z	spark2	LOAD	20.561	3.959
2026-09-28T10:29:13.732Z	spark1	LOAD	17.645	4.695
2026-09-28T10:29:13.873Z	spark2	LOAD	20.956	3.959
2026-09-28T10:29:13.982Z	spark1	LOAD	17.616	4.694
2026-09-28T10:29:14.124Z	spark2	LOAD	22.364	3.959
2026-09-28T10:29:14.249Z	spark1	LOAD	17.574	4.694
2026-09-28T10:29:14.374Z	spark2	LOAD	23.096	3.959
2026-09-28T10:29:14.499Z	spark1	LOAD	17.522	4.694
2026-09-28T10:29:14.624Z	spark2	LOAD	23.040	3.957
2026-09-28T10:29:14.749Z	spark1	LOAD	17.471	4.694
2026-09-28T10:29:14.885Z	spark2	LOAD	22.949	3.956
2026-09-28T10:29:14.999Z	spark1	LOAD	17.442	4.694
2026-09-28T10:29:15.135Z	spark2	LOAD	22.824	3.956
2026-09-28T10:29:15.267Z	spark1	LOAD	17.536	4.812
2026-09-28T10:29:15.385Z	spark2	LOAD	22.730	3.956
2026-09-28T10:29:15.517Z	spark1	LOAD	17.501	4.811
2026-09-28T10:29:15.636Z	spark2	LOAD	22.630	3.956
2026-09-28T10:29:15.768Z	spark1	LOAD	17.466	4.811
2026-09-28T10:29:15.901Z	spark2	LOAD	22.548	3.956
2026-09-28T10:29:16.017Z	spark1	LOAD	17.497	4.875
2026-09-28T10:29:16.151Z	spark2	LOAD	22.418	3.956
2026-09-28T10:29:16.280Z	spark1	LOAD	17.580	4.969
2026-09-28T10:29:16.401Z	spark2	LOAD	22.348	3.956
2026-09-28T10:29:16.531Z	spark1	LOAD	17.616	5.053
2026-09-28T10:29:16.651Z	spark2	LOAD	22.268	3.956
2026-09-28T10:29:16.781Z	spark1	LOAD	17.571	5.053
2026-09-28T10:29:16.916Z	spark2	LOAD	22.176	3.956
2026-09-28T10:29:17.031Z	spark1	LOAD	17.541	5.053
2026-09-28T10:29:17.165Z	spark2	LOAD	22.085	3.956
2026-09-28T10:29:17.295Z	spark1	LOAD	17.646	5.169
2026-09-28T10:29:17.416Z	spark2	LOAD	21.987	3.956
2026-09-28T10:29:17.545Z	spark1	LOAD	17.600	5.169
2026-09-28T10:29:17.666Z	spark2	LOAD	21.859	3.956
2026-09-28T10:29:17.795Z	spark1	LOAD	16.952	5.169
2026-09-28T10:29:17.926Z	spark2	LOAD	21.756	3.954
2026-09-28T10:29:18.046Z	spark1	LOAD	16.978	5.197
2026-09-28T10:29:18.177Z	spark2	LOAD	21.638	3.951
2026-09-28T10:29:18.307Z	spark1	LOAD	17.612	5.289
2026-09-28T10:29:18.427Z	spark2	LOAD	21.103	3.951
2026-09-28T10:29:18.557Z	spark1	LOAD	17.559	5.289
2026-09-28T10:29:18.677Z	spark2	LOAD	21.456	3.947
2026-09-28T10:29:18.808Z	spark1	LOAD	17.631	5.405
2026-09-28T10:29:18.937Z	spark2	LOAD	21.357	3.947
2026-09-28T10:29:19.058Z	spark1	LOAD	17.602	5.408
2026-09-28T10:29:19.188Z	spark2	LOAD	21.270	3.947
2026-09-28T10:29:19.324Z	spark1	LOAD	17.561	5.408
2026-09-28T10:29:19.438Z	spark2	LOAD	21.189	3.947
2026-09-28T10:29:19.574Z	spark1	LOAD	17.675	5.530
2026-09-28T10:29:19.688Z	spark2	LOAD	21.115	3.947
2026-09-28T10:29:19.825Z	spark1	LOAD	17.644	5.530
2026-09-28T10:29:19.953Z	spark2	LOAD	21.023	3.947
2026-09-28T10:29:20.075Z	spark1	LOAD	17.611	5.530
2026-09-28T10:29:20.204Z	spark2	LOAD	20.938	3.947
2026-09-28T10:29:20.341Z	spark1	LOAD	17.691	5.647
2026-09-28T10:29:20.454Z	spark2	LOAD	20.829	3.947
2026-09-28T10:29:20.592Z	spark1	LOAD	17.662	5.647
2026-09-28T10:29:20.704Z	spark2	LOAD	21.320	3.947
2026-09-28T10:29:20.842Z	spark1	LOAD	17.675	5.695
2026-09-28T10:29:20.969Z	spark2	LOAD	22.995	3.947
2026-09-28T10:29:21.092Z	spark1	LOAD	17.818	5.825
2026-09-28T10:29:21.219Z	spark2	LOAD	23.058	3.947
2026-09-28T10:29:21.356Z	spark1	LOAD	17.894	5.923
2026-09-28T10:29:21.470Z	spark2	LOAD	22.985	3.947
2026-09-28T10:29:21.606Z	spark1	LOAD	17.982	6.035
2026-09-28T10:29:21.720Z	spark2	LOAD	22.871	3.947
2026-09-28T10:29:21.856Z	spark1	LOAD	18.067	6.144
2026-09-28T10:29:21.981Z	spark2	LOAD	22.747	3.947
2026-09-28T10:29:22.107Z	spark1	LOAD	19.581	6.244
2026-09-28T10:29:22.231Z	spark2	LOAD	22.628	3.947
2026-09-28T10:29:22.375Z	spark1	LOAD	21.290	6.244
2026-09-28T10:29:22.481Z	spark2	LOAD	22.490	3.947
2026-09-28T10:29:22.626Z	spark1	LOAD	21.254	6.244
2026-09-28T10:29:22.731Z	spark2	LOAD	22.375	3.947
2026-09-28T10:29:22.876Z	spark1	LOAD	21.230	6.244
2026-09-28T10:29:22.993Z	spark2	LOAD	22.258	3.947
2026-09-28T10:29:23.126Z	spark1	LOAD	21.200	6.244
2026-09-28T10:29:23.243Z	spark2	LOAD	22.147	3.947
2026-09-28T10:29:23.393Z	spark1	LOAD	21.161	6.244
2026-09-28T10:29:23.493Z	spark2	LOAD	22.033	3.947
2026-09-28T10:29:23.643Z	spark1	LOAD	21.124	6.244
2026-09-28T10:29:23.743Z	spark2	LOAD	21.905	3.947
2026-09-28T10:29:23.893Z	spark1	LOAD	21.095	6.244
2026-09-28T10:29:24.008Z	spark2	LOAD	21.785	3.947
2026-09-28T10:29:24.144Z	spark1	LOAD	21.065	6.244
2026-09-28T10:29:24.259Z	spark2	LOAD	21.670	3.947
2026-09-28T10:29:24.410Z	spark1	LOAD	21.031	6.244
2026-09-28T10:29:24.509Z	spark2	LOAD	21.566	3.947
2026-09-28T10:29:24.661Z	spark1	LOAD	20.990	6.244
2026-09-28T10:29:24.759Z	spark2	LOAD	20.990	3.947
2026-09-28T10:29:24.911Z	spark1	LOAD	20.934	6.244
2026-09-28T10:29:25.024Z	spark2	LOAD	21.466	4.042
2026-09-28T10:29:25.161Z	spark1	LOAD	20.900	6.244
2026-09-28T10:29:25.274Z	spark2	LOAD	21.329	4.052
2026-09-28T10:29:25.429Z	spark1	LOAD	20.863	6.244
2026-09-28T10:29:25.524Z	spark2	LOAD	21.203	4.052
2026-09-28T10:29:25.679Z	spark1	LOAD	20.828	6.244
2026-09-28T10:29:25.775Z	spark2	LOAD	21.105	4.052
2026-09-28T10:29:25.929Z	spark1	LOAD	20.799	6.244
2026-09-28T10:29:26.036Z	spark2	LOAD	20.970	4.052
2026-09-28T10:29:26.179Z	spark1	LOAD	20.732	6.244
2026-09-28T10:29:26.286Z	spark2	LOAD	20.848	4.052
2026-09-28T10:29:26.442Z	spark1	LOAD	20.702	6.244
2026-09-28T10:29:26.537Z	spark2	LOAD	20.725	4.053
2026-09-28T10:29:26.692Z	spark1	LOAD	20.688	6.244
2026-09-28T10:29:26.788Z	spark2	LOAD	20.627	4.053
2026-09-28T10:29:26.942Z	spark1	LOAD	20.634	6.244
2026-09-28T10:29:27.052Z	spark2	LOAD	20.530	4.054
2026-09-28T10:29:27.193Z	spark1	LOAD	20.605	6.244
2026-09-28T10:29:27.303Z	spark2	LOAD	21.450	4.054
2026-09-28T10:29:27.454Z	spark1	LOAD	20.584	6.244
2026-09-28T10:29:27.554Z	spark2	LOAD	22.803	4.054
2026-09-28T10:29:27.704Z	spark1	LOAD	20.553	6.244
2026-09-28T10:29:27.804Z	spark2	LOAD	23.007	4.054
2026-09-28T10:29:27.954Z	spark1	LOAD	20.517	6.244
2026-09-28T10:29:28.064Z	spark2	LOAD	22.975	4.054
2026-09-28T10:29:28.205Z	spark1	LOAD	20.484	6.244
2026-09-28T10:29:28.314Z	spark2	LOAD	22.868	4.054
2026-09-28T10:29:28.467Z	spark1	LOAD	20.454	6.244
2026-09-28T10:29:28.564Z	spark2	LOAD	22.760	4.054
2026-09-28T10:29:28.716Z	spark1	LOAD	20.372	6.244
2026-09-28T10:29:28.816Z	spark2	LOAD	22.635	4.054
2026-09-28T10:29:28.967Z	spark1	LOAD	20.319	6.243
2026-09-28T10:29:29.080Z	spark2	LOAD	22.511	4.052
2026-09-28T10:29:29.217Z	spark1	LOAD	20.289	6.243
2026-09-28T10:29:29.330Z	spark2	LOAD	22.350	4.050
2026-09-28T10:29:29.484Z	spark1	LOAD	20.258	6.243
2026-09-28T10:29:29.580Z	spark2	LOAD	22.223	4.048
2026-09-28T10:29:29.734Z	spark1	LOAD	20.211	6.243
2026-09-28T10:29:29.831Z	spark2	LOAD	22.153	4.046
2026-09-28T10:29:29.985Z	spark1	LOAD	20.184	6.243
2026-09-28T10:29:30.092Z	spark2	LOAD	21.603	4.046
2026-09-28T10:29:30.235Z	spark1	LOAD	20.157	6.243
2026-09-28T10:29:30.342Z	spark2	LOAD	21.944	4.046
2026-09-28T10:29:30.504Z	spark1	LOAD	20.125	6.243
2026-09-28T10:29:30.592Z	spark2	LOAD	21.837	4.046
2026-09-28T10:29:30.755Z	spark1	LOAD	20.098	6.243
2026-09-28T10:29:30.843Z	spark2	LOAD	21.734	4.047
2026-09-28T10:29:31.005Z	spark1	LOAD	20.057	6.243
2026-09-28T10:29:31.108Z	spark2	LOAD	21.626	4.047
2026-09-28T10:29:31.255Z	spark1	LOAD	20.033	6.243
2026-09-28T10:29:31.358Z	spark2	LOAD	21.496	4.047
2026-09-28T10:29:31.518Z	spark1	LOAD	20.000	6.243
2026-09-28T10:29:31.608Z	spark2	LOAD	21.372	4.047
2026-09-28T10:29:31.768Z	spark1	LOAD	19.966	6.243
2026-09-28T10:29:31.858Z	spark2	LOAD	21.278	4.048
2026-09-28T10:29:32.018Z	spark1	LOAD	19.932	6.243
2026-09-28T10:29:32.124Z	spark2	LOAD	21.166	4.050
2026-09-28T10:29:32.269Z	spark1	LOAD	19.904	6.243
2026-09-28T10:29:32.374Z	spark2	LOAD	21.070	4.051
2026-09-28T10:29:32.538Z	spark1	LOAD	19.869	6.243
2026-09-28T10:29:32.624Z	spark2	LOAD	20.942	4.051
2026-09-28T10:29:32.788Z	spark1	LOAD	19.840	6.243
2026-09-28T10:29:32.875Z	spark2	LOAD	20.848	4.051
2026-09-28T10:29:33.038Z	spark1	LOAD	19.788	6.243
2026-09-28T10:29:33.139Z	spark2	LOAD	20.737	4.054
2026-09-28T10:29:33.288Z	spark1	LOAD	19.758	6.243
2026-09-28T10:29:33.389Z	spark2	LOAD	20.658	4.055
2026-09-28T10:29:33.555Z	spark1	LOAD	19.728	6.243
2026-09-28T10:29:33.641Z	spark2	LOAD	20.552	4.055
2026-09-28T10:29:33.806Z	spark1	LOAD	19.702	6.243
2026-09-28T10:29:33.891Z	spark2	LOAD	20.439	4.055
2026-09-28T10:29:34.056Z	spark1	LOAD	19.673	6.243
2026-09-28T10:29:34.156Z	spark2	LOAD	21.920	4.055
2026-09-28T10:29:34.306Z	spark1	LOAD	19.686	6.284
2026-09-28T10:29:34.406Z	spark2	LOAD	23.099	4.055
2026-09-28T10:29:34.574Z	spark1	LOAD	19.776	6.370
2026-09-28T10:29:34.657Z	spark2	LOAD	23.071	4.055
2026-09-28T10:29:34.824Z	spark1	LOAD	19.758	6.370
2026-09-28T10:29:34.907Z	spark2	LOAD	23.002	4.055
2026-09-28T10:29:35.074Z	spark1	LOAD	19.085	6.370
2026-09-28T10:29:35.167Z	spark2	LOAD	22.901	4.055
2026-09-28T10:29:35.325Z	spark1	LOAD	19.055	6.370
2026-09-28T10:29:35.418Z	spark2	LOAD	22.789	4.055
2026-09-28T10:29:35.592Z	spark1	LOAD	19.137	6.428
2026-09-28T10:29:35.668Z	spark2	LOAD	22.684	4.055
2026-09-28T10:29:35.842Z	spark1	LOAD	19.775	6.526
2026-09-28T10:29:35.918Z	spark2	LOAD	22.554	4.055
2026-09-28T10:29:36.092Z	spark1	LOAD	19.780	6.566
2026-09-28T10:29:36.179Z	spark2	LOAD	22.443	4.055
2026-09-28T10:29:36.343Z	spark1	LOAD	19.764	6.577
2026-09-28T10:29:36.429Z	spark2	LOAD	22.334	4.055
2026-09-28T10:29:36.605Z	spark1	LOAD	19.769	6.618
2026-09-28T10:29:36.680Z	spark2	LOAD	22.219	4.055
2026-09-28T10:29:36.856Z	spark1	LOAD	19.787	6.668
2026-09-28T10:29:36.930Z	spark2	LOAD	22.091	4.055
2026-09-28T10:29:37.106Z	spark1	LOAD	19.802	6.741
2026-09-28T10:29:37.191Z	spark2	LOAD	21.938	4.055
2026-09-28T10:29:37.356Z	spark1	LOAD	19.821	6.756
2026-09-28T10:29:37.441Z	spark2	LOAD	21.820	4.055
2026-09-28T10:29:37.624Z	spark1	LOAD	19.802	6.758
2026-09-28T10:29:37.691Z	spark2	LOAD	21.693	4.055
2026-09-28T10:29:37.874Z	spark1	LOAD	19.771	6.761
2026-09-28T10:29:37.941Z	spark2	LOAD	21.589	4.055
2026-09-28T10:29:38.125Z	spark1	LOAD	19.736	6.761
2026-09-28T10:29:38.206Z	spark2	LOAD	21.479	4.055
2026-09-28T10:29:38.375Z	spark1	LOAD	19.705	6.761
2026-09-28T10:29:38.456Z	spark2	LOAD	21.347	4.055
2026-09-28T10:29:38.642Z	spark1	LOAD	19.663	6.761
2026-09-28T10:29:38.706Z	spark2	LOAD	21.290	4.055
2026-09-28T10:29:38.892Z	spark1	LOAD	19.627	6.761
2026-09-28T10:29:38.957Z	spark2	LOAD	21.178	4.055
2026-09-28T10:29:39.143Z	spark1	LOAD	19.588	6.761
2026-09-28T10:29:39.221Z	spark2	LOAD	21.048	4.055
2026-09-28T10:29:39.393Z	spark1	LOAD	19.459	6.763
2026-09-28T10:29:39.472Z	spark2	LOAD	20.937	4.056
2026-09-28T10:29:39.661Z	spark1	LOAD	19.373	6.763
2026-09-28T10:29:39.722Z	spark2	LOAD	20.817	4.057
2026-09-28T10:29:39.911Z	spark1	LOAD	19.423	6.764
2026-09-28T10:29:39.972Z	spark2	LOAD	20.701	4.057
2026-09-28T10:29:40.162Z	spark1	LOAD	19.390	6.764
2026-09-28T10:29:40.233Z	spark2	LOAD	20.796	4.054
2026-09-28T10:29:40.412Z	spark1	LOAD	19.352	6.764
2026-09-28T10:29:40.483Z	spark2	LOAD	22.642	4.052
2026-09-28T10:29:40.675Z	spark1	LOAD	19.302	6.764
2026-09-28T10:29:40.733Z	spark2	LOAD	23.169	4.051
2026-09-28T10:29:40.926Z	spark1	LOAD	19.297	6.764
2026-09-28T10:29:40.984Z	spark2	LOAD	23.039	4.048
2026-09-28T10:29:41.176Z	spark1	LOAD	19.267	6.764
2026-09-28T10:29:41.249Z	spark2	LOAD	22.960	4.048
2026-09-28T10:29:41.426Z	spark1	LOAD	19.218	6.764
2026-09-28T10:29:41.499Z	spark2	LOAD	22.846	4.048
2026-09-28T10:29:41.688Z	spark1	LOAD	19.199	6.764
2026-09-28T10:29:41.750Z	spark2	LOAD	22.713	4.048
2026-09-28T10:29:41.939Z	spark1	LOAD	19.211	6.764
2026-09-28T10:29:42.000Z	spark2	LOAD	22.603	4.048
2026-09-28T10:29:42.189Z	spark1	LOAD	19.178	6.764
2026-09-28T10:29:42.266Z	spark2	LOAD	22.497	4.048
2026-09-28T10:29:42.439Z	spark1	LOAD	19.144	6.764
2026-09-28T10:29:42.515Z	spark2	LOAD	22.389	4.048
2026-09-28T10:29:42.706Z	spark1	LOAD	19.109	6.764
2026-09-28T10:29:42.765Z	spark2	LOAD	22.281	4.048
2026-09-28T10:29:42.957Z	spark1	LOAD	19.087	6.764
2026-09-28T10:29:43.016Z	spark2	LOAD	22.217	4.048
2026-09-28T10:29:43.207Z	spark1	LOAD	19.046	6.764
2026-09-28T10:29:43.276Z	spark2	LOAD	22.115	4.048
2026-09-28T10:29:43.457Z	spark1	LOAD	18.981	6.764
2026-09-28T10:29:43.527Z	spark2	LOAD	21.991	4.048
2026-09-28T10:29:43.724Z	spark1	LOAD	18.985	6.764
2026-09-28T10:29:43.778Z	spark2	LOAD	21.866	4.048
2026-09-28T10:29:43.975Z	spark1	LOAD	18.963	6.767
2026-09-28T10:29:44.027Z	spark2	LOAD	21.760	4.048
2026-09-28T10:29:44.225Z	spark1	LOAD	18.932	6.767
2026-09-28T10:29:44.292Z	spark2	LOAD	21.134	4.048
2026-09-28T10:29:44.476Z	spark1	LOAD	18.904	6.767
2026-09-28T10:29:44.543Z	spark2	LOAD	21.488	4.050
2026-09-28T10:29:44.738Z	spark1	LOAD	18.857	6.767
2026-09-28T10:29:44.793Z	spark2	LOAD	21.355	4.051
2026-09-28T10:29:44.988Z	spark1	LOAD	18.835	6.767
2026-09-28T10:29:45.044Z	spark2	LOAD	21.224	4.051
2026-09-28T10:29:45.238Z	spark1	LOAD	18.804	6.767
2026-09-28T10:29:45.304Z	spark2	LOAD	21.135	4.055
2026-09-28T10:29:45.488Z	spark1	LOAD	18.730	6.767
2026-09-28T10:29:45.555Z	spark2	LOAD	21.072	4.057
2026-09-28T10:29:45.750Z	spark1	LOAD	18.141	6.767
2026-09-28T10:29:45.805Z	spark2	LOAD	20.961	4.058
2026-09-28T10:29:46.001Z	spark1	LOAD	18.144	6.769
2026-09-28T10:29:46.056Z	spark2	LOAD	20.859	4.058
2026-09-28T10:29:46.251Z	spark1	LOAD	18.675	6.769
2026-09-28T10:29:46.320Z	spark2	LOAD	20.773	4.060
2026-09-28T10:29:46.502Z	spark1	LOAD	18.640	6.769
2026-09-28T10:29:46.571Z	spark2	LOAD	20.670	4.071
2026-09-28T10:29:46.769Z	spark1	LOAD	18.604	6.769
2026-09-28T10:29:46.821Z	spark2	LOAD	21.757	4.085
2026-09-28T10:29:47.019Z	spark1	LOAD	18.573	6.769
2026-09-28T10:29:47.072Z	spark2	LOAD	23.095	4.085
2026-09-28T10:29:47.269Z	spark1	LOAD	19.050	6.769
2026-09-28T10:29:47.337Z	spark2	LOAD	23.216	4.081
2026-09-28T10:29:47.520Z	spark1	LOAD	21.754	6.769
2026-09-28T10:29:47.587Z	spark2	LOAD	23.107	4.081
2026-09-28T10:29:47.787Z	spark1	LOAD	21.720	6.768
2026-09-28T10:29:47.838Z	spark2	LOAD	22.988	4.081
2026-09-28T10:29:48.037Z	spark1	LOAD	21.688	6.768
2026-09-28T10:29:48.088Z	spark2	LOAD	22.880	4.081
2026-09-28T10:29:48.288Z	spark1	LOAD	21.661	6.768
2026-09-28T10:29:48.352Z	spark2	LOAD	22.757	4.081
2026-09-28T10:29:48.538Z	spark1	LOAD	21.633	6.768
2026-09-28T10:29:48.602Z	spark2	LOAD	22.642	4.081
2026-09-28T10:29:48.800Z	spark1	LOAD	21.596	6.768
2026-09-28T10:29:48.853Z	spark2	LOAD	22.512	4.081
2026-09-28T10:29:49.051Z	spark1	LOAD	21.561	6.768
2026-09-28T10:29:49.103Z	spark2	LOAD	22.393	4.081
2026-09-28T10:29:49.301Z	spark1	LOAD	21.529	6.768
2026-09-28T10:29:49.364Z	spark2	LOAD	22.274	4.081
2026-09-28T10:29:49.551Z	spark1	LOAD	21.476	6.768
2026-09-28T10:29:49.614Z	spark2	LOAD	22.161	4.081
2026-09-28T10:29:49.814Z	spark1	LOAD	21.438	6.768
2026-09-28T10:29:49.864Z	spark2	LOAD	22.061	4.081
2026-09-28T10:29:50.064Z	spark1	LOAD	21.403	6.768
2026-09-28T10:29:50.114Z	spark2	LOAD	21.918	4.081
2026-09-28T10:29:50.314Z	spark1	LOAD	21.377	6.768
2026-09-28T10:29:50.380Z	spark2	LOAD	21.795	4.081
2026-09-28T10:29:50.565Z	spark1	LOAD	21.347	6.768
2026-09-28T10:29:50.629Z	spark2	LOAD	21.675	4.081
2026-09-28T10:29:50.827Z	spark1	LOAD	21.279	6.768
2026-09-28T10:29:50.879Z	spark2	LOAD	21.553	4.081
2026-09-28T10:29:51.078Z	spark1	LOAD	21.249	6.768
2026-09-28T10:29:51.130Z	spark2	LOAD	21.422	4.081
2026-09-28T10:29:51.328Z	spark1	LOAD	21.233	6.769
2026-09-28T10:29:51.390Z	spark2	LOAD	21.335	4.090
2026-09-28T10:29:51.578Z	spark1	LOAD	21.174	6.769
2026-09-28T10:29:51.641Z	spark2	LOAD	21.237	4.094
2026-09-28T10:29:51.846Z	spark1	LOAD	21.136	6.769
2026-09-28T10:29:51.891Z	spark2	LOAD	21.132	4.093
2026-09-28T10:29:52.096Z	spark1	LOAD	21.118	6.769
2026-09-28T10:29:52.141Z	spark2	LOAD	21.019	4.090
2026-09-28T10:29:52.346Z	spark1	LOAD	21.099	6.769
2026-09-28T10:29:52.402Z	spark2	LOAD	20.842	4.095
2026-09-28T10:29:52.597Z	spark1	LOAD	21.083	6.769
2026-09-28T10:29:52.652Z	spark2	LOAD	20.694	4.095
2026-09-28T10:29:52.863Z	spark1	LOAD	21.049	6.769
2026-09-28T10:29:52.903Z	spark2	LOAD	20.573	4.096
2026-09-28T10:29:53.113Z	spark1	LOAD	21.017	6.769
2026-09-28T10:29:53.153Z	spark2	LOAD	20.923	4.098
2026-09-28T10:29:53.363Z	spark1	LOAD	20.985	6.769
2026-09-28T10:29:53.414Z	spark2	LOAD	22.746	4.098
2026-09-28T10:29:53.613Z	spark1	LOAD	20.936	6.769
2026-09-28T10:29:53.664Z	spark2	LOAD	23.150	4.098
2026-09-28T10:29:53.882Z	spark1	LOAD	20.906	6.769
2026-09-28T10:29:53.915Z	spark2	LOAD	23.128	4.098
2026-09-28T10:29:54.133Z	spark1	LOAD	20.875	6.769
2026-09-28T10:29:54.166Z	spark2	LOAD	23.035	4.098
2026-09-28T10:29:54.383Z	spark1	LOAD	20.854	6.769
2026-09-28T10:29:54.430Z	spark2	LOAD	22.950	4.098
2026-09-28T10:29:54.633Z	spark1	LOAD	20.823	6.768
2026-09-28T10:29:54.680Z	spark2	LOAD	22.841	4.098
2026-09-28T10:29:54.895Z	spark1	LOAD	20.783	6.768
2026-09-28T10:29:54.931Z	spark2	LOAD	22.756	4.098
2026-09-28T10:29:55.146Z	spark1	LOAD	20.757	6.768
2026-09-28T10:29:55.182Z	spark2	LOAD	22.658	4.098
2026-09-28T10:29:55.396Z	spark1	LOAD	20.727	6.768
2026-09-28T10:29:55.441Z	spark2	LOAD	22.566	4.098
2026-09-28T10:29:55.646Z	spark1	LOAD	20.673	6.768
2026-09-28T10:29:55.691Z	spark2	LOAD	22.484	4.098
2026-09-28T10:29:55.908Z	spark1	LOAD	20.625	6.768
2026-09-28T10:29:55.942Z	spark2	LOAD	22.371	4.098
2026-09-28T10:29:56.159Z	spark1	LOAD	20.591	6.768
2026-09-28T10:29:56.192Z	spark2	LOAD	22.284	4.098
2026-09-28T10:29:56.409Z	spark1	LOAD	20.563	6.768
2026-09-28T10:29:56.452Z	spark2	LOAD	22.171	4.099
2026-09-28T10:29:56.660Z	spark1	LOAD	20.529	6.768
2026-09-28T10:29:56.702Z	spark2	LOAD	22.105	4.099
2026-09-28T10:29:56.927Z	spark1	LOAD	20.501	6.768
2026-09-28T10:29:56.953Z	spark2	LOAD	22.044	4.101
2026-09-28T10:29:57.177Z	spark1	LOAD	20.471	6.768
2026-09-28T10:29:57.203Z	spark2	LOAD	21.955	4.103
2026-09-28T10:29:57.427Z	spark1	LOAD	20.443	6.768
2026-09-28T10:29:57.464Z	spark2	LOAD	21.860	4.103
2026-09-28T10:29:57.678Z	spark1	LOAD	20.412	6.768
2026-09-28T10:29:57.713Z	spark2	LOAD	21.745	4.103
2026-09-28T10:29:57.940Z	spark1	LOAD	20.348	6.768
2026-09-28T10:29:57.964Z	spark2	LOAD	21.649	4.105
2026-09-28T10:29:58.190Z	spark1	LOAD	20.317	6.768
2026-09-28T10:29:58.214Z	spark2	LOAD	21.554	4.105
2026-09-28T10:29:58.441Z	spark1	LOAD	20.288	6.768
2026-09-28T10:29:58.479Z	spark2	LOAD	21.459	4.106
2026-09-28T10:29:58.692Z	spark1	LOAD	20.260	6.768
2026-09-28T10:29:58.729Z	spark2	LOAD	21.361	4.107
2026-09-28T10:29:58.954Z	spark1	LOAD	20.225	6.768
2026-09-28T10:29:58.979Z	spark2	LOAD	21.236	4.107
2026-09-28T10:29:59.204Z	spark1	LOAD	20.214	6.768
2026-09-28T10:29:59.230Z	spark2	LOAD	21.115	4.108
2026-09-28T10:29:59.455Z	spark1	LOAD	20.177	6.768
2026-09-28T10:29:59.490Z	spark2	LOAD	21.023	4.109
2026-09-28T10:29:59.705Z	spark1	LOAD	20.135	6.768
2026-09-28T10:29:59.741Z	spark2	LOAD	20.936	4.110
2026-09-28T10:29:59.971Z	spark1	LOAD	20.075	6.768
2026-09-28T10:29:59.991Z	spark2	LOAD	20.875	4.115
2026-09-28T10:30:00.221Z	spark1	LOAD	20.115	6.768
2026-09-28T10:30:00.242Z	spark2	LOAD	22.467	4.115
2026-09-28T10:30:00.471Z	spark1	LOAD	20.084	6.768
2026-09-28T10:30:00.506Z	spark2	LOAD	23.279	4.115
2026-09-28T10:30:00.721Z	spark1	LOAD	20.049	6.768
2026-09-28T10:30:00.756Z	spark2	LOAD	23.179	4.115
2026-09-28T10:30:00.990Z	spark1	LOAD	20.011	6.768
2026-09-28T10:30:01.006Z	spark2	LOAD	23.085	4.115
2026-09-28T10:30:01.241Z	spark1	LOAD	19.998	6.768
2026-09-28T10:30:01.257Z	spark2	LOAD	22.976	4.115
2026-09-28T10:30:01.491Z	spark1	LOAD	19.952	6.768
2026-09-28T10:30:01.517Z	spark2	LOAD	22.857	4.115
2026-09-28T10:30:01.741Z	spark1	LOAD	19.918	6.768
2026-09-28T10:30:01.768Z	spark2	LOAD	22.745	4.115
2026-09-28T10:30:02.003Z	spark1	LOAD	19.802	6.767
2026-09-28T10:30:02.018Z	spark2	LOAD	22.615	4.115
2026-09-28T10:30:02.254Z	spark1	LOAD	19.805	6.766
2026-09-28T10:30:02.268Z	spark2	LOAD	22.551	4.115
2026-09-28T10:30:02.504Z	spark1	LOAD	19.764	6.765
2026-09-28T10:30:02.528Z	spark2	LOAD	22.384	4.111
2026-09-28T10:30:02.754Z	spark1	LOAD	19.737	6.765
2026-09-28T10:30:02.779Z	spark2	LOAD	22.228	4.109
2026-09-28T10:30:03.021Z	spark1	LOAD	19.702	6.765
2026-09-28T10:30:03.029Z	spark2	LOAD	22.126	4.106
2026-09-28T10:30:03.272Z	spark1	LOAD	19.669	6.765
2026-09-28T10:30:03.280Z	spark2	LOAD	22.043	4.108
2026-09-28T10:30:03.522Z	spark1	LOAD	19.638	6.765
2026-09-28T10:30:03.543Z	spark2	LOAD	21.928	4.106
2026-09-28T10:30:03.772Z	spark1	LOAD	19.607	6.765
2026-09-28T10:30:03.794Z	spark2	LOAD	21.815	4.105
2026-09-28T10:30:04.035Z	spark1	LOAD	19.534	6.766
2026-09-28T10:30:04.044Z	spark2	LOAD	21.721	4.106
2026-09-28T10:30:04.285Z	spark1	LOAD	19.503	6.766
2026-09-28T10:30:04.295Z	spark2	LOAD	21.619	4.107
2026-09-28T10:30:04.535Z	spark1	LOAD	19.464	6.766
2026-09-28T10:30:04.560Z	spark2	LOAD	21.496	4.108
2026-09-28T10:30:04.786Z	spark1	LOAD	19.454	6.766
2026-09-28T10:30:04.809Z	spark2	LOAD	21.416	4.108
2026-09-28T10:30:05.052Z	spark1	LOAD	19.416	6.766
2026-09-28T10:30:05.060Z	spark2	LOAD	21.315	4.108
2026-09-28T10:30:05.303Z	spark1	LOAD	19.385	6.766
2026-09-28T10:30:05.310Z	spark2	LOAD	21.188	4.109
2026-09-28T10:30:05.553Z	spark1	LOAD	19.353	6.766
2026-09-28T10:30:05.575Z	spark2	LOAD	21.107	4.117
2026-09-28T10:30:05.803Z	spark1	LOAD	19.327	6.766
2026-09-28T10:30:05.825Z	spark2	LOAD	21.002	4.118
2026-09-28T10:30:06.066Z	spark1	LOAD	19.264	6.766
2026-09-28T10:30:06.075Z	spark2	LOAD	20.833	4.118
2026-09-28T10:30:06.316Z	spark1	LOAD	19.233	6.766
2026-09-28T10:30:06.326Z	spark2	LOAD	20.764	4.118
2026-09-28T10:30:06.567Z	spark1	LOAD	19.215	6.766
2026-09-28T10:30:06.590Z	spark2	LOAD	20.696	4.118
2026-09-28T10:30:06.817Z	spark1	LOAD	19.187	6.766
2026-09-28T10:30:06.841Z	spark2	LOAD	22.103	4.118
2026-09-28T10:30:07.080Z	spark1	LOAD	19.149	6.766
2026-09-28T10:30:07.091Z	spark2	LOAD	22.878	4.118
2026-09-28T10:30:07.330Z	spark1	LOAD	19.120	6.766
2026-09-28T10:30:07.342Z	spark2	LOAD	22.818	4.118
2026-09-28T10:30:07.580Z	spark1	LOAD	19.129	6.766
2026-09-28T10:30:07.606Z	spark2	LOAD	22.698	4.118
2026-09-28T10:30:07.831Z	spark1	LOAD	19.096	6.766
2026-09-28T10:30:07.857Z	spark2	LOAD	22.619	4.118
2026-09-28T10:30:08.098Z	spark1	LOAD	19.033	6.766
2026-09-28T10:30:08.108Z	spark2	LOAD	22.539	4.118
2026-09-28T10:30:08.348Z	spark1	LOAD	19.009	6.766
2026-09-28T10:30:08.358Z	spark2	LOAD	22.431	4.118
2026-09-28T10:30:08.599Z	spark1	LOAD	18.991	6.766
2026-09-28T10:30:08.619Z	spark2	LOAD	22.330	4.118
2026-09-28T10:30:08.849Z	spark1	LOAD	18.962	6.766
2026-09-28T10:30:08.869Z	spark2	LOAD	22.238	4.118
2026-09-28T10:30:09.111Z	spark1	LOAD	18.924	6.766
2026-09-28T10:30:09.121Z	spark2	LOAD	22.152	4.118
2026-09-28T10:30:09.361Z	spark1	LOAD	18.316	6.766
2026-09-28T10:30:09.371Z	spark2	LOAD	22.037	4.118
2026-09-28T10:30:09.612Z	spark1	LOAD	18.291	6.766
2026-09-28T10:30:09.637Z	spark2	LOAD	21.922	4.118
2026-09-28T10:30:09.863Z	spark1	LOAD	18.842	6.766
2026-09-28T10:30:09.886Z	spark2	LOAD	21.811	4.118
2026-09-28T10:30:10.125Z	spark1	LOAD	18.766	6.766
2026-09-28T10:30:10.137Z	spark2	LOAD	21.722	4.118
2026-09-28T10:30:10.375Z	spark1	LOAD	18.735	6.766
2026-09-28T10:30:10.387Z	spark2	LOAD	21.649	4.118
2026-09-28T10:30:10.625Z	spark1	LOAD	18.696	6.766
2026-09-28T10:30:10.652Z	spark2	LOAD	21.550	4.118
2026-09-28T10:30:10.876Z	spark1	LOAD	18.683	6.766
2026-09-28T10:30:10.903Z	spark2	LOAD	21.449	4.118
2026-09-28T10:30:11.138Z	spark1	LOAD	18.645	6.766
2026-09-28T10:30:11.153Z	spark2	LOAD	21.790	4.118
2026-09-28T10:30:11.388Z	spark1	LOAD	18.612	6.766
2026-09-28T10:30:11.404Z	spark2	LOAD	21.240	4.118
2026-09-28T10:30:11.638Z	spark1	LOAD	18.579	6.766
2026-09-28T10:30:11.663Z	spark2	LOAD	21.607	4.118
2026-09-28T10:30:11.889Z	spark1	LOAD	18.545	6.767
2026-09-28T10:30:11.914Z	spark2	LOAD	21.058	4.119
2026-09-28T10:30:12.150Z	spark1	LOAD	18.482	6.767
2026-09-28T10:30:12.164Z	spark2	LOAD	21.435	4.119
2026-09-28T10:30:12.401Z	spark1	LOAD	18.449	6.767
2026-09-28T10:30:12.415Z	spark2	LOAD	21.318	4.119
2026-09-28T10:30:12.651Z	spark1	LOAD	21.237	6.767
2026-09-28T10:30:12.680Z	spark2	LOAD	21.210	4.119
2026-09-28T10:30:12.902Z	spark1	LOAD	21.668	6.767
2026-09-28T10:30:12.929Z	spark2	LOAD	21.157	4.119
2026-09-28T10:30:13.170Z	spark1	LOAD	21.592	6.767
2026-09-28T10:30:13.180Z	spark2	LOAD	21.025	4.119
2026-09-28T10:30:13.421Z	spark1	LOAD	21.580	6.767
2026-09-28T10:30:13.430Z	spark2	LOAD	20.934	4.143
2026-09-28T10:30:13.671Z	spark1	LOAD	21.561	6.767
2026-09-28T10:30:13.695Z	spark2	LOAD	21.808	4.211
2026-09-28T10:30:13.922Z	spark1	LOAD	21.545	6.767
2026-09-28T10:30:13.946Z	spark2	LOAD	23.257	4.210
2026-09-28T10:30:14.188Z	spark1	LOAD	21.485	6.767
2026-09-28T10:30:14.196Z	spark2	LOAD	23.170	4.210
2026-09-28T10:30:14.439Z	spark1	LOAD	21.439	6.767
2026-09-28T10:30:14.447Z	spark2	LOAD	23.069	4.207
2026-09-28T10:30:14.689Z	spark1	LOAD	21.416	6.767
2026-09-28T10:30:14.708Z	spark2	LOAD	22.970	4.203
2026-09-28T10:30:14.939Z	spark1	LOAD	21.395	6.767
2026-09-28T10:30:14.958Z	spark2	LOAD	22.862	4.200
2026-09-28T10:30:15.207Z	spark1	LOAD	21.366	6.767
2026-09-28T10:30:15.208Z	spark2	LOAD	22.758	4.200
2026-09-28T10:30:15.457Z	spark1	LOAD	21.341	6.767
2026-09-28T10:30:15.459Z	spark2	LOAD	22.649	4.200
2026-09-28T10:30:15.708Z	spark1	LOAD	21.312	6.767
2026-09-28T10:30:15.723Z	spark2	LOAD	22.539	4.200
2026-09-28T10:30:15.958Z	spark1	LOAD	21.291	6.767
2026-09-28T10:30:15.973Z	spark2	LOAD	22.437	4.200
2026-09-28T10:30:16.224Z	spark2	LOAD	22.321	4.200
2026-09-28T10:30:16.226Z	spark1	LOAD	21.240	6.767
2026-09-28T10:30:16.475Z	spark2	LOAD	22.187	4.200
2026-09-28T10:30:16.477Z	spark1	LOAD	21.203	6.766
2026-09-28T10:30:16.727Z	spark1	LOAD	21.176	6.766
2026-09-28T10:30:16.739Z	spark2	LOAD	22.052	4.200
2026-09-28T10:30:16.977Z	spark1	LOAD	21.162	6.766
2026-09-28T10:30:16.990Z	spark2	LOAD	21.942	4.200
2026-09-28T10:30:17.240Z	spark2	LOAD	21.824	4.200
2026-09-28T10:30:17.241Z	spark1	LOAD	21.127	6.766
2026-09-28T10:30:17.490Z	spark2	LOAD	21.725	4.200
2026-09-28T10:30:17.491Z	spark1	LOAD	21.098	6.766
2026-09-28T10:30:17.742Z	spark1	LOAD	21.067	6.766
2026-09-28T10:30:17.751Z	spark2	LOAD	21.580	4.199
2026-09-28T10:30:17.992Z	spark1	LOAD	21.044	6.766
2026-09-28T10:30:18.001Z	spark2	LOAD	21.440	4.199
2026-09-28T10:30:18.252Z	spark2	LOAD	21.474	4.199
2026-09-28T10:30:18.259Z	spark1	LOAD	21.022	6.766
2026-09-28T10:30:18.502Z	spark2	LOAD	21.415	4.219
2026-09-28T10:30:18.509Z	spark1	LOAD	20.974	6.766
2026-09-28T10:30:18.760Z	spark1	LOAD	20.906	6.766
2026-09-28T10:30:18.764Z	spark2	LOAD	21.318	4.219
2026-09-28T10:30:19.010Z	spark1	LOAD	20.880	6.766
2026-09-28T10:30:19.013Z	spark2	LOAD	21.214	4.219
2026-09-28T10:30:19.263Z	spark2	LOAD	21.116	4.220
2026-09-28T10:30:19.277Z	spark1	LOAD	20.850	6.766
2026-09-28T10:30:19.514Z	spark2	LOAD	20.987	4.220
2026-09-28T10:30:19.528Z	spark1	LOAD	20.819	6.766
2026-09-28T10:30:19.774Z	spark2	LOAD	20.863	4.220
2026-09-28T10:30:19.778Z	spark1	LOAD	20.779	6.766
2026-09-28T10:30:20.024Z	spark2	LOAD	20.705	4.220
2026-09-28T10:30:20.028Z	spark1	LOAD	20.754	6.766
2026-09-28T10:30:20.275Z	spark2	LOAD	21.607	4.220
2026-09-28T10:30:20.295Z	spark1	LOAD	20.722	6.766
2026-09-28T10:30:20.526Z	spark2	LOAD	23.060	4.220
2026-09-28T10:30:20.545Z	spark1	LOAD	20.669	6.766
2026-09-28T10:30:20.791Z	spark2	LOAD	23.193	4.220
2026-09-28T10:30:20.796Z	spark1	LOAD	20.642	6.766
2026-09-28T10:30:21.042Z	spark2	LOAD	23.146	4.220
2026-09-28T10:30:21.046Z	spark1	LOAD	20.617	6.766
2026-09-28T10:30:21.292Z	spark2	LOAD	23.034	4.220
2026-09-28T10:30:21.313Z	spark1	LOAD	20.589	6.766
2026-09-28T10:30:21.542Z	spark2	LOAD	22.918	4.220
2026-09-28T10:30:21.563Z	spark1	LOAD	20.555	6.766
2026-09-28T10:30:21.803Z	spark2	LOAD	22.805	4.219
2026-09-28T10:30:21.814Z	spark1	LOAD	20.527	6.766
2026-09-28T10:30:22.054Z	spark2	LOAD	22.704	4.219
2026-09-28T10:30:22.064Z	spark1	LOAD	20.502	6.766
2026-09-28T10:30:22.304Z	spark2	LOAD	22.575	4.219
2026-09-28T10:30:22.327Z	spark1	LOAD	20.467	6.766
2026-09-28T10:30:22.554Z	spark2	LOAD	22.469	4.219
2026-09-28T10:30:22.577Z	spark1	LOAD	20.544	6.766
2026-09-28T10:30:22.819Z	spark2	LOAD	22.350	4.219
2026-09-28T10:30:22.827Z	spark1	LOAD	20.120	6.767
2026-09-28T10:30:23.070Z	spark2	LOAD	22.257	4.220
2026-09-28T10:30:23.077Z	spark1	LOAD	20.092	6.767
2026-09-28T10:30:23.320Z	spark2	LOAD	22.162	4.222
2026-09-28T10:30:23.346Z	spark1	LOAD	20.508	6.767
2026-09-28T10:30:23.571Z	spark2	LOAD	22.056	4.223
2026-09-28T10:30:23.596Z	spark1	LOAD	20.476	6.767
2026-09-28T10:30:23.831Z	spark2	LOAD	21.947	4.226
2026-09-28T10:30:23.847Z	spark1	LOAD	20.449	6.768
2026-09-28T10:30:24.081Z	spark2	LOAD	21.832	4.226
2026-09-28T10:30:24.098Z	spark1	LOAD	20.415	6.768
2026-09-28T10:30:24.331Z	spark2	LOAD	21.725	4.226
2026-09-28T10:30:24.365Z	spark1	LOAD	20.353	6.768
2026-09-28T10:30:24.582Z	spark2	LOAD	21.619	4.228
2026-09-28T10:30:24.615Z	spark1	LOAD	20.286	6.768
2026-09-28T10:30:24.843Z	spark2	LOAD	21.480	4.227
2026-09-28T10:30:24.866Z	spark1	LOAD	20.254	6.768
2026-09-28T10:30:25.093Z	spark2	LOAD	21.327	4.226
2026-09-28T10:30:25.116Z	spark1	LOAD	20.227	6.768
2026-09-28T10:30:25.343Z	spark2	LOAD	21.198	4.226
2026-09-28T10:30:25.379Z	spark1	LOAD	20.186	6.768
2026-09-28T10:30:25.594Z	spark2	LOAD	21.087	4.224
2026-09-28T10:30:25.629Z	spark1	LOAD	20.154	6.768
2026-09-28T10:30:25.854Z	spark2	LOAD	20.979	4.223
2026-09-28T10:30:25.880Z	spark1	LOAD	20.172	6.768
2026-09-28T10:30:26.105Z	spark2	LOAD	20.887	4.227
2026-09-28T10:30:26.130Z	spark1	LOAD	20.144	6.768
2026-09-28T10:30:26.355Z	spark2	LOAD	20.784	4.228
2026-09-28T10:30:26.398Z	spark1	LOAD	20.103	6.768
2026-09-28T10:30:26.605Z	spark2	LOAD	20.683	4.231
2026-09-28T10:30:26.649Z	spark1	LOAD	20.073	6.769
2026-09-28T10:30:26.871Z	spark2	LOAD	21.846	4.231
2026-09-28T10:30:26.899Z	spark1	LOAD	20.038	6.769
2026-09-28T10:30:27.121Z	spark2	LOAD	23.055	4.231
2026-09-28T10:30:27.149Z	spark1	LOAD	20.003	6.769
2026-09-28T10:30:27.372Z	spark2	LOAD	23.024	4.231
2026-09-28T10:30:27.416Z	spark1	LOAD	19.961	6.769
2026-09-28T10:30:27.622Z	spark2	LOAD	23.002	4.231
2026-09-28T10:30:27.667Z	spark1	LOAD	19.927	6.769
2026-09-28T10:30:27.882Z	spark2	LOAD	22.971	4.231
2026-09-28T10:30:27.917Z	spark1	LOAD	19.887	6.769
2026-09-28T10:30:28.132Z	spark2	LOAD	22.937	4.231
2026-09-28T10:30:28.168Z	spark1	LOAD	19.852	6.769
2026-09-28T10:30:28.383Z	spark2	LOAD	22.850	4.231
2026-09-28T10:30:28.435Z	spark1	LOAD	19.750	6.769
2026-09-28T10:30:28.633Z	spark2	LOAD	22.787	4.231
2026-09-28T10:30:28.685Z	spark1	LOAD	19.672	6.769
2026-09-28T10:30:28.897Z	spark2	LOAD	22.671	4.231
2026-09-28T10:30:28.935Z	spark1	LOAD	19.706	6.770
2026-09-28T10:30:29.147Z	spark2	LOAD	22.551	4.231
2026-09-28T10:30:29.186Z	spark1	LOAD	19.687	6.770
2026-09-28T10:30:29.398Z	spark2	LOAD	22.431	4.231
2026-09-28T10:30:29.453Z	spark1	LOAD	19.651	6.770
2026-09-28T10:30:29.648Z	spark2	LOAD	22.294	4.231
2026-09-28T10:30:29.704Z	spark1	LOAD	19.623	6.771
2026-09-28T10:30:29.912Z	spark2	LOAD	22.176	4.231
2026-09-28T10:30:29.954Z	spark1	LOAD	19.576	6.771
2026-09-28T10:30:30.163Z	spark2	LOAD	22.064	4.231
2026-09-28T10:30:30.204Z	spark1	LOAD	19.549	6.771
2026-09-28T10:30:30.413Z	spark2	LOAD	21.936	4.231
2026-09-28T10:30:30.471Z	spark1	LOAD	19.523	6.771
2026-09-28T10:30:30.663Z	spark2	LOAD	21.942	4.233
2026-09-28T10:30:30.721Z	spark1	LOAD	19.478	6.771
2026-09-28T10:30:30.924Z	spark2	LOAD	21.374	4.233
2026-09-28T10:30:30.971Z	spark1	LOAD	19.452	6.771
2026-09-28T10:30:31.174Z	spark2	LOAD	21.759	4.234
2026-09-28T10:30:31.222Z	spark1	LOAD	19.422	6.771
2026-09-28T10:30:31.425Z	spark2	LOAD	21.655	4.235
2026-09-28T10:30:31.484Z	spark1	LOAD	19.382	6.770
2026-09-28T10:30:31.675Z	spark2	LOAD	21.536	4.237
2026-09-28T10:30:31.734Z	spark1	LOAD	19.355	6.770
2026-09-28T10:30:31.940Z	spark2	LOAD	21.425	4.238
2026-09-28T10:30:31.984Z	spark1	LOAD	19.325	6.770
2026-09-28T10:30:32.191Z	spark2	LOAD	21.316	4.240
2026-09-28T10:30:32.235Z	spark1	LOAD	19.295	6.770
2026-09-28T10:30:32.440Z	spark2	LOAD	21.183	4.240
2026-09-28T10:30:32.503Z	spark1	LOAD	19.260	6.770
2026-09-28T10:30:32.690Z	spark2	LOAD	21.108	4.241
2026-09-28T10:30:32.753Z	spark1	LOAD	19.210	6.770
2026-09-28T10:30:32.956Z	spark2	LOAD	21.011	4.242
2026-09-28T10:30:33.003Z	spark1	LOAD	19.193	6.771
2026-09-28T10:30:33.207Z	spark2	LOAD	20.908	4.242
2026-09-28T10:30:33.254Z	spark1	LOAD	19.162	6.771
2026-09-28T10:30:33.457Z	spark2	LOAD	20.883	4.241
2026-09-28T10:30:33.521Z	spark1	LOAD	19.128	6.771
2026-09-28T10:30:33.709Z	spark2	LOAD	22.422	4.241
2026-09-28T10:30:33.772Z	spark1	LOAD	19.100	6.771
2026-09-28T10:30:33.970Z	spark2	LOAD	23.229	4.241
2026-09-28T10:30:34.022Z	spark1	LOAD	19.086	6.771
2026-09-28T10:30:34.220Z	spark2	LOAD	23.203	4.241
2026-09-28T10:30:34.272Z	spark1	LOAD	19.057	6.771
2026-09-28T10:30:34.470Z	spark2	LOAD	23.181	4.241
2026-09-28T10:30:34.541Z	spark1	LOAD	19.024	6.771
2026-09-28T10:30:34.720Z	spark2	LOAD	23.090	4.241
2026-09-28T10:30:34.791Z	spark1	LOAD	18.992	6.771
2026-09-28T10:30:34.982Z	spark2	LOAD	22.968	4.241
2026-09-28T10:30:35.042Z	spark1	LOAD	18.951	6.771
2026-09-28T10:30:35.232Z	spark2	LOAD	22.862	4.241
2026-09-28T10:30:35.292Z	spark1	LOAD	18.922	6.771
2026-09-28T10:30:35.483Z	spark2	LOAD	22.715	4.241
2026-09-28T10:30:35.559Z	spark1	LOAD	18.905	6.771
2026-09-28T10:30:35.733Z	spark2	LOAD	22.603	4.241
2026-09-28T10:30:35.809Z	spark1	LOAD	18.857	6.771
2026-09-28T10:30:35.997Z	spark2	LOAD	22.450	4.239
2026-09-28T10:30:36.059Z	spark1	LOAD	18.819	6.771
2026-09-28T10:30:36.248Z	spark2	LOAD	22.303	4.236
2026-09-28T10:30:36.309Z	spark1	LOAD	18.790	6.771
2026-09-28T10:30:36.498Z	spark2	LOAD	22.176	4.234
2026-09-28T10:30:36.576Z	spark1	LOAD	18.767	6.771
2026-09-28T10:30:36.748Z	spark2	LOAD	22.039	4.231
2026-09-28T10:30:36.826Z	spark1	LOAD	20.888	6.771
2026-09-28T10:30:37.009Z	spark2	LOAD	21.934	4.227
2026-09-28T10:30:37.076Z	spark1	LOAD	21.825	6.771
2026-09-28T10:30:37.258Z	spark2	LOAD	21.833	4.224
2026-09-28T10:30:37.327Z	spark1	LOAD	21.796	6.771
2026-09-28T10:30:37.508Z	spark2	LOAD	21.353	4.222
2026-09-28T10:30:37.589Z	spark1	LOAD	21.750	6.771
2026-09-28T10:30:37.760Z	spark2	LOAD	21.272	4.222
2026-09-28T10:30:37.839Z	spark1	LOAD	21.733	6.771
2026-09-28T10:30:38.019Z	spark2	LOAD	21.162	4.222
2026-09-28T10:30:38.090Z	spark1	LOAD	21.709	6.771
2026-09-28T10:30:38.269Z	spark2	LOAD	21.508	4.222
2026-09-28T10:30:38.340Z	spark1	LOAD	21.689	6.771
2026-09-28T10:30:38.520Z	spark2	LOAD	21.409	4.222
2026-09-28T10:30:38.608Z	spark1	LOAD	21.659	6.771
2026-09-28T10:30:38.770Z	spark2	LOAD	21.284	4.222
2026-09-28T10:30:38.858Z	spark1	LOAD	21.603	6.771
2026-09-28T10:30:39.035Z	spark2	LOAD	21.105	4.222
2026-09-28T10:30:39.108Z	spark1	LOAD	21.566	6.771
2026-09-28T10:30:39.286Z	spark2	LOAD	21.048	4.222
2026-09-28T10:30:39.358Z	spark1	LOAD	21.537	6.771
2026-09-28T10:30:39.536Z	spark2	LOAD	20.896	4.222
2026-09-28T10:30:39.626Z	spark1	LOAD	21.466	6.771
2026-09-28T10:30:39.787Z	spark2	LOAD	20.783	4.222
2026-09-28T10:30:39.876Z	spark1	LOAD	21.419	6.771
2026-09-28T10:30:40.051Z	spark2	LOAD	21.661	4.222
2026-09-28T10:30:40.127Z	spark1	LOAD	21.387	6.771
2026-09-28T10:30:40.301Z	spark2	LOAD	23.349	4.222
2026-09-28T10:30:40.377Z	spark1	LOAD	21.353	6.771
2026-09-28T10:30:40.552Z	spark2	LOAD	23.295	4.222
2026-09-28T10:30:40.644Z	spark1	LOAD	21.314	6.771
2026-09-28T10:30:40.802Z	spark2	LOAD	23.214	4.222
2026-09-28T10:30:40.894Z	spark1	LOAD	21.250	6.771
2026-09-28T10:30:41.066Z	spark2	LOAD	23.104	4.222
2026-09-28T10:30:41.145Z	spark1	LOAD	21.225	6.771
2026-09-28T10:30:41.317Z	spark2	LOAD	22.999	4.222
2026-09-28T10:30:41.395Z	spark1	LOAD	21.179	6.771
2026-09-28T10:30:41.567Z	spark2	LOAD	22.906	4.222
2026-09-28T10:30:41.661Z	spark1	LOAD	21.150	6.771
2026-09-28T10:30:41.818Z	spark2	LOAD	22.779	4.222
2026-09-28T10:30:41.911Z	spark1	LOAD	21.124	6.771
2026-09-28T10:30:42.083Z	spark2	LOAD	22.656	4.222
2026-09-28T10:30:42.162Z	spark1	LOAD	21.098	6.771
2026-09-28T10:30:42.333Z	spark2	LOAD	22.535	4.222
2026-09-28T10:30:42.412Z	spark1	LOAD	21.065	6.771
2026-09-28T10:30:42.583Z	spark2	LOAD	22.420	4.222
2026-09-28T10:30:42.674Z	spark1	LOAD	21.023	6.771
2026-09-28T10:30:42.833Z	spark2	LOAD	22.279	4.222
2026-09-28T10:30:42.924Z	spark1	LOAD	20.989	6.771
2026-09-28T10:30:43.094Z	spark2	LOAD	22.167	4.222
2026-09-28T10:30:43.175Z	spark1	LOAD	20.928	6.771
2026-09-28T10:30:43.344Z	spark2	LOAD	22.054	4.222
2026-09-28T10:30:43.425Z	spark1	LOAD	20.889	6.771
2026-09-28T10:30:43.594Z	spark2	LOAD	21.941	4.222
2026-09-28T10:30:43.691Z	spark1	LOAD	20.846	6.771
2026-09-28T10:30:43.845Z	spark2	LOAD	21.812	4.222
2026-09-28T10:30:43.941Z	spark1	LOAD	20.811	6.771
2026-09-28T10:30:44.109Z	spark2	LOAD	21.753	4.222
2026-09-28T10:30:44.192Z	spark1	LOAD	20.780	6.771
2026-09-28T10:30:44.359Z	spark2	LOAD	21.665	4.222
2026-09-28T10:30:44.442Z	spark1	LOAD	20.752	6.771
2026-09-28T10:30:44.610Z	spark2	LOAD	21.560	4.222
2026-09-28T10:30:44.708Z	spark1	LOAD	20.707	6.769
2026-09-28T10:30:44.860Z	spark2	LOAD	21.451	4.222
2026-09-28T10:30:44.959Z	spark1	LOAD	20.670	6.769
2026-09-28T10:30:45.125Z	spark2	LOAD	21.381	4.240
2026-09-28T10:30:45.209Z	spark1	LOAD	20.635	6.769
2026-09-28T10:30:45.375Z	spark2	LOAD	21.258	4.240
2026-09-28T10:30:45.460Z	spark1	LOAD	20.609	6.769
2026-09-28T10:30:45.625Z	spark2	LOAD	21.114	4.240
2026-09-28T10:30:45.727Z	spark1	LOAD	20.575	6.769
2026-09-28T10:30:45.875Z	spark2	LOAD	20.996	4.240
2026-09-28T10:30:45.977Z	spark1	LOAD	20.545	6.769
2026-09-28T10:30:46.146Z	spark2	LOAD	20.864	4.240
2026-09-28T10:30:46.227Z	spark1	LOAD	20.515	6.769
2026-09-28T10:30:46.395Z	spark2	LOAD	20.725	4.242
2026-09-28T10:30:46.477Z	spark1	LOAD	20.480	6.769
2026-09-28T10:30:46.646Z	spark2	LOAD	22.787	4.242
2026-09-28T10:30:46.739Z	spark1	LOAD	20.396	6.769
2026-09-28T10:30:46.896Z	spark2	LOAD	23.391	4.242
2026-09-28T10:30:46.990Z	spark1	LOAD	20.359	6.769
2026-09-28T10:30:47.161Z	spark2	LOAD	23.258	4.239
2026-09-28T10:30:47.240Z	spark1	LOAD	20.388	6.769
2026-09-28T10:30:47.411Z	spark2	LOAD	23.074	4.235
2026-09-28T10:30:47.490Z	spark1	LOAD	20.359	6.769
2026-09-28T10:30:47.662Z	spark2	LOAD	22.941	4.234
2026-09-28T10:30:47.757Z	spark1	LOAD	20.299	6.769
2026-09-28T10:30:47.912Z	spark2	LOAD	22.828	4.231
2026-09-28T10:30:48.007Z	spark1	LOAD	20.288	6.769
2026-09-28T10:30:48.173Z	spark2	LOAD	22.737	4.229
2026-09-28T10:30:48.258Z	spark1	LOAD	20.249	6.768
2026-09-28T10:30:48.423Z	spark2	LOAD	22.631	4.229
2026-09-28T10:30:48.508Z	spark1	LOAD	20.213	6.768
2026-09-28T10:30:48.673Z	spark2	LOAD	22.537	4.229
2026-09-28T10:30:48.777Z	spark1	LOAD	20.185	6.770
2026-09-28T10:30:48.923Z	spark2	LOAD	22.441	4.229
2026-09-28T10:30:49.027Z	spark1	LOAD	20.149	6.770
2026-09-28T10:30:49.184Z	spark2	LOAD	22.321	4.229
2026-09-28T10:30:49.278Z	spark1	LOAD	20.089	6.770
2026-09-28T10:30:49.434Z	spark2	LOAD	22.226	4.229
2026-09-28T10:30:49.528Z	spark1	LOAD	20.053	6.770
2026-09-28T10:30:49.684Z	spark2	LOAD	22.146	4.229
2026-09-28T10:30:49.789Z	spark1	LOAD	20.039	6.770
2026-09-28T10:30:49.935Z	spark2	LOAD	22.052	4.230
2026-09-28T10:30:50.039Z	spark1	LOAD	20.000	6.770
2026-09-28T10:30:50.199Z	spark2	LOAD	21.933	4.231
2026-09-28T10:30:50.290Z	spark1	LOAD	19.972	6.770
2026-09-28T10:30:50.449Z	spark2	LOAD	21.836	4.233
2026-09-28T10:30:50.540Z	spark1	LOAD	19.956	6.769
2026-09-28T10:30:50.700Z	spark2	LOAD	21.722	4.233
2026-09-28T10:30:50.802Z	spark1	LOAD	19.929	6.769
2026-09-28T10:30:50.950Z	spark2	LOAD	21.627	4.233
2026-09-28T10:30:51.053Z	spark1	LOAD	19.887	6.767
2026-09-28T10:30:51.216Z	spark2	LOAD	21.517	4.233
2026-09-28T10:30:51.303Z	spark1	LOAD	19.837	6.767
2026-09-28T10:30:51.466Z	spark2	LOAD	21.453	4.234
2026-09-28T10:30:51.553Z	spark1	LOAD	19.816	6.767
2026-09-28T10:30:51.716Z	spark2	LOAD	21.340	4.234
2026-09-28T10:30:51.820Z	spark1	LOAD	19.782	6.767
2026-09-28T10:30:51.967Z	spark2	LOAD	21.238	4.235
2026-09-28T10:30:52.071Z	spark1	LOAD	19.755	6.767
2026-09-28T10:30:52.227Z	spark2	LOAD	21.113	4.235
2026-09-28T10:30:52.321Z	spark1	LOAD	19.728	6.767
2026-09-28T10:30:52.478Z	spark2	LOAD	20.987	4.236
2026-09-28T10:30:52.571Z	spark1	LOAD	19.696	6.767
2026-09-28T10:30:52.728Z	spark2	LOAD	20.882	4.236
2026-09-28T10:30:52.833Z	spark1	LOAD	19.657	6.767
2026-09-28T10:30:52.978Z	spark2	LOAD	20.743	4.236
2026-09-28T10:30:53.083Z	spark1	LOAD	19.626	6.767
2026-09-28T10:30:53.238Z	spark2	LOAD	21.155	4.236
2026-09-28T10:30:53.333Z	spark1	LOAD	19.563	6.767
2026-09-28T10:30:53.489Z	spark2	LOAD	22.609	4.236
2026-09-28T10:30:53.584Z	spark1	LOAD	19.529	6.767
2026-09-28T10:30:53.739Z	spark2	LOAD	22.814	4.236
2026-09-28T10:30:53.850Z	spark1	LOAD	19.495	6.767
2026-09-28T10:30:53.989Z	spark2	LOAD	22.809	4.225
2026-09-28T10:30:54.101Z	spark1	LOAD	19.452	6.767
2026-09-28T10:30:54.250Z	spark2	LOAD	22.814	4.217
2026-09-28T10:30:54.351Z	spark1	LOAD	19.427	6.767
2026-09-28T10:30:54.500Z	spark2	LOAD	22.738	4.214
2026-09-28T10:30:54.601Z	spark1	LOAD	19.396	6.767
2026-09-28T10:30:54.751Z	spark2	LOAD	22.691	4.214
2026-09-28T10:30:54.867Z	spark1	LOAD	19.359	6.767
2026-09-28T10:30:55.000Z	spark2	LOAD	22.478	4.214
2026-09-28T10:30:55.118Z	spark1	LOAD	19.320	6.767
2026-09-28T10:30:55.266Z	spark2	LOAD	21.288	4.214
2026-09-28T10:30:55.368Z	spark1	LOAD	19.265	6.767
2026-09-28T10:30:55.516Z	spark2	LOAD	20.253	4.219
2026-09-28T10:30:55.618Z	spark1	LOAD	19.234	6.767
2026-09-28T10:30:55.766Z	spark2	LOAD	18.237	4.232
2026-09-28T10:30:55.880Z	spark1	LOAD	19.197	6.767
2026-09-28T10:30:56.017Z	spark2	LOAD	16.504	4.246
2026-09-28T10:30:56.131Z	spark1	LOAD	19.163	6.766
2026-09-28T10:30:56.283Z	spark2	LOAD	15.720	4.248
2026-09-28T10:30:56.381Z	spark1	LOAD	19.132	6.766
2026-09-28T10:30:56.534Z	spark2	LOAD	22.525	4.248
2026-09-28T10:30:56.632Z	spark1	LOAD	19.101	6.766
2026-09-28T10:30:56.785Z	spark2	LOAD	17.151	4.248
2026-09-28T10:30:56.901Z	spark1	LOAD	19.064	6.766
2026-09-28T10:30:57.036Z	spark2	LOAD	15.574	4.248
2026-09-28T10:30:57.151Z	spark1	LOAD	19.012	6.766
2026-09-28T10:30:57.313Z	spark2	LOAD	21.928	4.249
2026-09-28T10:30:57.401Z	spark1	LOAD	18.947	6.765
2026-09-28T10:30:57.563Z	spark2	LOAD	16.461	4.249
2026-09-28T10:30:57.652Z	spark1	LOAD	18.920	6.765
2026-09-28T10:30:57.814Z	spark2	LOAD	15.526	4.249
2026-09-28T10:30:57.914Z	spark1	LOAD	18.856	6.765
2026-09-28T10:30:58.065Z	spark2	LOAD	21.467	4.249
2026-09-28T10:30:58.165Z	spark1	LOAD	18.821	6.765
2026-09-28T10:30:58.339Z	spark2	LOAD	16.050	4.245
2026-09-28T10:30:58.415Z	spark1	LOAD	18.790	6.765
2026-09-28T10:30:58.589Z	spark2	LOAD	16.037	4.242
2026-09-28T10:30:58.665Z	spark1	LOAD	18.835	6.765
2026-09-28T10:30:58.840Z	spark2	LOAD	20.158	4.240
2026-09-28T10:30:58.926Z	spark1	LOAD	18.789	6.766
2026-09-28T10:30:59.091Z	spark2	LOAD	15.795	4.237
2026-09-28T10:30:59.177Z	spark1	LOAD	18.848	6.860
2026-09-28T10:30:59.366Z	spark2	LOAD	20.056	4.234
2026-09-28T10:30:59.427Z	spark1	LOAD	18.881	6.920
2026-09-28T10:30:59.617Z	spark2	LOAD	18.162	4.233
2026-09-28T10:30:59.677Z	spark1	LOAD	18.896	6.920
2026-09-28T10:30:59.868Z	spark2	LOAD	15.469	4.233
2026-09-28T10:30:59.943Z	spark1	LOAD	18.881	6.921
2026-09-28T10:31:00.119Z	spark2	LOAD	21.292	4.233
2026-09-28T10:31:00.193Z	spark1	LOAD	18.882	6.921
2026-09-28T10:31:00.389Z	spark2	LOAD	15.776	4.233
2026-09-28T10:31:00.444Z	spark1	LOAD	18.867	6.921
2026-09-28T10:31:00.640Z	spark2	LOAD	17.480	4.233
2026-09-28T10:31:00.694Z	spark1	LOAD	18.849	6.921
2026-09-28T10:31:00.891Z	spark2	LOAD	19.219	4.233
2026-09-28T10:31:00.961Z	spark1	LOAD	18.832	6.921
2026-09-28T10:31:01.142Z	spark2	LOAD	15.668	4.233
2026-09-28T10:31:01.211Z	spark1	LOAD	18.815	6.921
2026-09-28T10:31:01.408Z	spark2	LOAD	21.372	4.233
2026-09-28T10:31:01.462Z	spark1	LOAD	18.748	6.920
2026-09-28T10:31:01.659Z	spark2	LOAD	16.017	4.233
2026-09-28T10:31:01.712Z	spark1	LOAD	18.707	6.920
2026-09-28T10:31:01.909Z	spark2	LOAD	15.832	4.233
2026-09-28T10:31:01.975Z	spark1	LOAD	18.470	6.921
2026-09-28T10:31:02.161Z	spark2	LOAD	19.611	4.233
2026-09-28T10:31:02.225Z	spark1	LOAD	18.220	6.923
2026-09-28T10:31:02.429Z	spark2	LOAD	15.700	4.233
2026-09-28T10:31:02.476Z	spark1	LOAD	18.741	6.923
2026-09-28T10:31:02.680Z	spark2	LOAD	21.780	4.233
2026-09-28T10:31:02.726Z	spark1	LOAD	19.070	6.923
2026-09-28T10:31:02.931Z	spark2	LOAD	16.112	4.233
2026-09-28T10:31:02.989Z	spark1	LOAD	21.100	6.923
2026-09-28T10:31:03.182Z	spark2	LOAD	15.795	4.233
2026-09-28T10:31:03.239Z	spark1	LOAD	21.966	6.923
2026-09-28T10:31:03.447Z	spark2	LOAD	19.378	4.233
2026-09-28T10:31:03.489Z	spark1	LOAD	21.942	6.923
2026-09-28T10:31:03.698Z	spark2	LOAD	15.686	4.233
2026-09-28T10:31:03.740Z	spark1	LOAD	21.898	6.923
2026-09-28T10:31:03.949Z	spark2	LOAD	21.574	4.233
2026-09-28T10:31:04.007Z	spark1	LOAD	21.868	6.923
2026-09-28T10:31:04.199Z	spark2	LOAD	15.984	4.233
2026-09-28T10:31:04.257Z	spark1	LOAD	21.813	6.922
2026-09-28T10:31:04.465Z	spark2	LOAD	16.924	4.233
2026-09-28T10:31:04.508Z	spark1	LOAD	21.776	6.922
2026-09-28T10:31:04.717Z	spark2	LOAD	19.238	4.233
2026-09-28T10:31:04.758Z	spark1	LOAD	21.742	6.922
2026-09-28T10:31:04.968Z	spark2	LOAD	15.647	4.233
2026-09-28T10:31:05.020Z	spark1	LOAD	21.690	6.922
2026-09-28T10:31:05.220Z	spark2	LOAD	21.371	4.233
2026-09-28T10:31:05.270Z	spark1	LOAD	21.653	6.922
2026-09-28T10:31:05.489Z	spark2	LOAD	15.789	4.233
2026-09-28T10:31:05.521Z	spark1	LOAD	21.618	6.922
2026-09-28T10:31:05.741Z	spark2	LOAD	18.392	4.233
2026-09-28T10:31:05.771Z	spark1	LOAD	21.556	6.922
2026-09-28T10:31:05.991Z	spark2	LOAD	18.720	4.233
2026-09-28T10:31:06.039Z	spark1	LOAD	21.511	6.922
2026-09-28T10:31:06.244Z	spark2	LOAD	15.469	4.233
2026-09-28T10:31:06.289Z	spark1	LOAD	21.479	6.922
2026-09-28T10:31:06.520Z	spark2	LOAD	20.615	4.233
2026-09-28T10:31:06.540Z	spark1	LOAD	21.442	6.922
2026-09-28T10:31:06.771Z	spark2	LOAD	15.770	4.233
2026-09-28T10:31:06.790Z	spark1	LOAD	21.400	6.922
2026-09-28T10:31:07.022Z	spark2	LOAD	22.296	4.233
2026-09-28T10:31:07.052Z	spark1	LOAD	21.353	6.922
2026-09-28T10:31:07.273Z	spark2	LOAD	16.973	4.233
2026-09-28T10:31:07.302Z	spark1	LOAD	21.270	6.922
2026-09-28T10:31:07.539Z	spark2	LOAD	15.816	4.233
2026-09-28T10:31:07.553Z	spark1	LOAD	21.199	6.922
2026-09-28T10:31:07.790Z	spark2	LOAD	19.381	4.233
2026-09-28T10:31:07.803Z	spark1	LOAD	21.105	6.922
2026-09-28T10:31:08.041Z	spark2	LOAD	15.632	4.233
2026-09-28T10:31:08.064Z	spark1	LOAD	21.042	6.922
2026-09-28T10:31:08.293Z	spark2	LOAD	21.375	4.233
2026-09-28T10:31:08.315Z	spark1	LOAD	20.987	6.922
2026-09-28T10:31:08.564Z	spark2	LOAD	15.793	4.233
2026-09-28T10:31:08.565Z	spark1	LOAD	20.950	6.922
2026-09-28T10:31:08.814Z	spark2	LOAD	21.041	4.233
2026-09-28T10:31:08.815Z	spark1	LOAD	20.906	6.922
2026-09-28T10:31:09.065Z	spark2	LOAD	17.485	4.233
2026-09-28T10:31:09.082Z	spark1	LOAD	20.899	6.922
2026-09-28T10:31:09.316Z	spark2	LOAD	15.416	4.233
2026-09-28T10:31:09.333Z	spark1	LOAD	20.858	6.922
2026-09-28T10:31:09.582Z	spark2	LOAD	19.915	4.229
2026-09-28T10:31:09.583Z	spark1	LOAD	20.822	6.922
2026-09-28T10:31:09.832Z	spark2	LOAD	15.687	4.226
2026-09-28T10:31:09.834Z	spark1	LOAD	20.749	6.922
2026-09-28T10:31:10.083Z	spark2	LOAD	21.852	4.223
2026-09-28T10:31:10.101Z	spark1	LOAD	20.704	6.922
2026-09-28T10:31:10.333Z	spark2	LOAD	16.119	4.223
2026-09-28T10:31:10.351Z	spark1	LOAD	20.697	6.922
2026-09-28T10:31:10.599Z	spark2	LOAD	18.066	4.223
2026-09-28T10:31:10.602Z	spark1	LOAD	20.669	6.922
2026-09-28T10:31:10.850Z	spark2	LOAD	18.734	4.223
2026-09-28T10:31:10.852Z	spark1	LOAD	20.631	6.921
2026-09-28T10:31:11.101Z	spark2	LOAD	15.439	4.223
2026-09-28T10:31:11.121Z	spark1	LOAD	20.588	6.921
2026-09-28T10:31:11.352Z	spark2	LOAD	20.702	4.223
2026-09-28T10:31:11.371Z	spark1	LOAD	20.554	6.921
2026-09-28T10:31:11.617Z	spark2	LOAD	15.739	4.223
2026-09-28T10:31:11.621Z	spark1	LOAD	20.665	6.921
2026-09-28T10:31:11.868Z	spark2	LOAD	22.100	4.223
2026-09-28T10:31:11.872Z	spark1	LOAD	20.045	6.921
2026-09-28T10:31:12.119Z	spark2	LOAD	16.365	4.223
2026-09-28T10:31:12.134Z	spark1	LOAD	19.998	6.921
2026-09-28T10:31:12.370Z	spark2	LOAD	16.658	4.223
2026-09-28T10:31:12.384Z	spark1	LOAD	20.564	6.922
2026-09-28T10:31:12.633Z	spark2	LOAD	19.164	4.223
2026-09-28T10:31:12.635Z	spark1	LOAD	20.522	6.922
2026-09-28T10:31:12.885Z	spark2	LOAD	15.439	4.223
2026-09-28T10:31:12.885Z	spark1	LOAD	20.485	6.922
2026-09-28T10:31:13.136Z	spark2	LOAD	20.983	4.223
2026-09-28T10:31:13.148Z	spark1	LOAD	20.438	6.922
2026-09-28T10:31:13.387Z	spark2	LOAD	15.760	4.223
2026-09-28T10:31:13.398Z	spark1	LOAD	20.398	6.922
2026-09-28T10:31:13.649Z	spark1	LOAD	20.352	6.922
2026-09-28T10:31:13.665Z	spark2	LOAD	22.319	4.223
2026-09-28T10:31:13.899Z	spark1	LOAD	20.276	6.923
2026-09-28T10:31:13.915Z	spark2	LOAD	16.544	4.223
2026-09-28T10:31:14.166Z	spark1	LOAD	20.228	6.923
2026-09-28T10:31:14.166Z	spark2	LOAD	16.500	4.223
2026-09-28T10:31:14.416Z	spark1	LOAD	19.667	6.923
2026-09-28T10:31:14.417Z	spark2	LOAD	19.288	4.223
2026-09-28T10:31:14.666Z	spark1	LOAD	19.616	6.922
2026-09-28T10:31:14.682Z	spark2	LOAD	15.440	4.223
2026-09-28T10:31:14.917Z	spark1	LOAD	20.145	6.923
2026-09-28T10:31:14.933Z	spark2	LOAD	20.740	4.221
2026-09-28T10:31:15.184Z	spark1	LOAD	20.019	6.923
2026-09-28T10:31:15.186Z	spark2	LOAD	15.738	4.220
2026-09-28T10:31:15.434Z	spark1	LOAD	19.919	6.924
2026-09-28T10:31:15.435Z	spark2	LOAD	20.799	4.220
2026-09-28T10:31:15.685Z	spark1	LOAD	19.863	6.924
2026-09-28T10:31:15.696Z	spark2	LOAD	17.107	4.220
2026-09-28T10:31:15.935Z	spark1	LOAD	19.935	6.924
2026-09-28T10:31:15.947Z	spark2	LOAD	15.754	4.220
2026-09-28T10:31:16.198Z	spark1	LOAD	19.896	6.924
2026-09-28T10:31:16.198Z	spark2	LOAD	19.886	4.220
2026-09-28T10:31:16.448Z	spark1	LOAD	19.859	6.924
2026-09-28T10:31:16.449Z	spark2	LOAD	15.631	4.220
2026-09-28T10:31:16.699Z	spark1	LOAD	19.850	6.925
2026-09-28T10:31:16.712Z	spark2	LOAD	21.329	4.220
2026-09-28T10:31:16.949Z	spark1	LOAD	19.813	6.925
2026-09-28T10:31:16.962Z	spark2	LOAD	15.748	4.220
2026-09-28T10:31:17.212Z	spark1	LOAD	19.770	6.925
2026-09-28T10:31:17.213Z	spark2	LOAD	19.223	4.220
2026-09-28T10:31:17.463Z	spark1	LOAD	19.724	6.925
2026-09-28T10:31:17.464Z	spark2	LOAD	18.062	4.220
2026-09-28T10:31:17.713Z	spark1	LOAD	19.663	6.925
2026-09-28T10:31:17.724Z	spark2	LOAD	15.362	4.220
2026-09-28T10:31:17.963Z	spark1	LOAD	19.588	6.925
2026-09-28T10:31:17.975Z	spark2	LOAD	20.171	4.220
2026-09-28T10:31:18.225Z	spark2	LOAD	15.668	4.220
2026-09-28T10:31:18.231Z	spark1	LOAD	19.601	6.926
2026-09-28T10:31:18.476Z	spark2	LOAD	21.749	4.220
2026-09-28T10:31:18.481Z	spark1	LOAD	19.558	6.926
2026-09-28T10:31:18.732Z	spark1	LOAD	19.512	6.926
2026-09-28T10:31:18.738Z	spark2	LOAD	15.752	4.220
2026-09-28T10:31:18.982Z	spark1	LOAD	19.471	6.926
2026-09-28T10:31:18.989Z	spark2	LOAD	17.775	4.220
2026-09-28T10:31:19.240Z	spark2	LOAD	18.636	4.220
2026-09-28T10:31:19.245Z	spark1	LOAD	19.422	6.926
2026-09-28T10:31:19.491Z	spark2	LOAD	15.421	4.217
2026-09-28T10:31:19.495Z	spark1	LOAD	19.380	6.926
2026-09-28T10:31:19.745Z	spark1	LOAD	19.367	6.927
2026-09-28T10:31:19.753Z	spark2	LOAD	20.460	4.217
2026-09-28T10:31:19.995Z	spark1	LOAD	19.281	6.927
2026-09-28T10:31:20.003Z	spark2	LOAD	15.716	4.217
2026-09-28T10:31:20.254Z	spark2	LOAD	21.936	4.217
2026-09-28T10:31:20.263Z	spark1	LOAD	18.703	6.927
2026-09-28T10:31:20.504Z	spark2	LOAD	16.016	4.213
2026-09-28T10:31:20.514Z	spark1	LOAD	19.222	6.927
2026-09-28T10:31:20.764Z	spark1	LOAD	19.177	6.927
2026-09-28T10:31:20.765Z	spark2	LOAD	18.504	4.210
2026-09-28T10:31:21.014Z	spark1	LOAD	19.141	6.927
2026-09-28T10:31:21.015Z	spark2	LOAD	18.925	4.210
2026-09-28T10:31:21.266Z	spark2	LOAD	15.410	4.207
2026-09-28T10:31:21.284Z	spark1	LOAD	19.085	6.928
2026-09-28T10:31:21.517Z	spark2	LOAD	20.970	4.204
2026-09-28T10:31:21.534Z	spark1	LOAD	19.061	6.928
2026-09-28T10:31:21.781Z	spark2	LOAD	15.724	4.204
2026-09-28T10:31:21.784Z	spark1	LOAD	19.009	6.928
2026-09-28T10:31:22.032Z	spark2	LOAD	22.243	4.204
2026-09-28T10:31:22.035Z	spark1	LOAD	18.941	6.928
2026-09-28T10:31:22.283Z	spark2	LOAD	22.270	4.204
2026-09-28T10:31:22.297Z	spark1	LOAD	18.912	6.928
2026-09-28T10:31:22.534Z	spark2	LOAD	22.409	4.204
2026-09-28T10:31:22.547Z	spark1	LOAD	18.867	6.928
2026-09-28T10:31:22.797Z	spark1	LOAD	18.885	6.929
2026-09-28T10:31:22.803Z	spark2	LOAD	22.662	4.204
2026-09-28T10:31:23.048Z	spark1	LOAD	18.841	6.929
2026-09-28T10:31:23.054Z	spark2	LOAD	22.374	4.204
2026-09-28T10:31:23.306Z	spark2	LOAD	22.835	4.204
2026-09-28T10:31:23.311Z	spark1	LOAD	18.799	6.929
2026-09-28T10:31:23.556Z	spark2	LOAD	22.674	4.204
2026-09-28T10:31:23.561Z	spark1	LOAD	18.772	6.931
2026-09-28T10:31:23.811Z	spark1	LOAD	18.715	6.931
2026-09-28T10:31:23.818Z	spark2	LOAD	22.949	4.204
2026-09-28T10:31:24.062Z	spark1	LOAD	18.674	6.931
2026-09-28T10:31:24.068Z	spark2	LOAD	23.224	4.204
2026-09-28T10:31:24.319Z	spark2	LOAD	23.271	4.204
2026-09-28T10:31:24.329Z	spark1	LOAD	20.388	6.930
2026-09-28T10:31:24.570Z	spark2	LOAD	23.441	4.204
2026-09-28T10:31:24.580Z	spark1	LOAD	21.933	6.930
2026-09-28T10:31:24.830Z	spark1	LOAD	21.900	6.930
2026-09-28T10:31:24.833Z	spark2	LOAD	23.100	4.204
2026-09-28T10:31:25.080Z	spark1	LOAD	21.881	6.930
2026-09-28T10:31:25.083Z	spark2	LOAD	23.550	4.204
2026-09-28T10:31:25.334Z	spark2	LOAD	23.404	4.204
2026-09-28T10:31:25.343Z	spark1	LOAD	21.866	6.930
2026-09-28T10:31:25.586Z	spark2	LOAD	23.540	4.204
2026-09-28T10:31:25.593Z	spark1	LOAD	21.837	6.930
2026-09-28T10:31:25.843Z	spark1	LOAD	21.804	6.930
2026-09-28T10:31:25.851Z	spark2	LOAD	23.810	4.204
2026-09-28T10:31:26.093Z	spark1	LOAD	21.768	6.930
2026-09-28T10:31:26.102Z	spark2	LOAD	23.926	4.204
2026-09-28T10:31:26.353Z	spark2	LOAD	23.405	4.204
2026-09-28T10:31:26.356Z	spark1	LOAD	21.717	6.930
2026-09-28T10:31:26.605Z	spark2	LOAD	23.818	4.204
2026-09-28T10:31:26.607Z	spark1	LOAD	21.682	6.930
2026-09-28T10:31:26.857Z	spark1	LOAD	21.652	6.930
2026-09-28T10:31:26.869Z	spark2	LOAD	23.795	4.204
2026-09-28T10:31:27.107Z	spark1	LOAD	21.613	6.930
2026-09-28T10:31:27.120Z	spark2	LOAD	22.191	4.204
2026-09-28T10:31:27.370Z	spark2	LOAD	24.662	4.204
2026-09-28T10:31:27.370Z	spark1	LOAD	21.570	6.929
2026-09-28T10:31:27.621Z	spark2	LOAD	24.659	4.204
2026-09-28T10:31:27.621Z	spark1	LOAD	21.497	6.929
2026-09-28T10:31:27.871Z	spark1	LOAD	21.463	6.929
2026-09-28T10:31:27.881Z	spark2	LOAD	24.653	4.204
2026-09-28T10:31:28.121Z	spark1	LOAD	21.433	6.929
2026-09-28T10:31:28.132Z	spark2	LOAD	24.647	4.204
2026-09-28T10:31:28.382Z	spark2	LOAD	24.642	4.204
2026-09-28T10:31:28.388Z	spark1	LOAD	21.369	6.929
2026-09-28T10:31:28.632Z	spark2	LOAD	24.639	4.204
2026-09-28T10:31:28.639Z	spark1	LOAD	21.337	6.929
2026-09-28T10:31:28.889Z	spark1	LOAD	21.306	6.929
2026-09-28T10:31:28.897Z	spark2	LOAD	22.773	4.204
2026-09-28T10:31:29.139Z	spark1	LOAD	21.269	6.929
2026-09-28T10:31:29.148Z	spark2	LOAD	22.769	4.204
2026-09-28T10:31:29.399Z	spark2	LOAD	22.762	4.204
2026-09-28T10:31:29.406Z	spark1	LOAD	21.233	6.929
2026-09-28T10:31:29.649Z	spark2	LOAD	22.762	4.204
2026-09-28T10:31:29.656Z	spark1	LOAD	21.202	6.929
2026-09-28T10:31:29.907Z	spark1	LOAD	21.162	6.929
2026-09-28T10:31:29.911Z	spark2	LOAD	22.598	4.204
2026-09-28T10:31:30.157Z	spark1	LOAD	21.118	6.929
2026-09-28T10:31:30.160Z	spark2	LOAD	21.662	4.204
2026-09-28T10:31:30.411Z	spark2	LOAD	21.634	4.204
2026-09-28T10:31:30.426Z	spark1	LOAD	21.051	6.929
2026-09-28T10:31:30.661Z	spark2	LOAD	21.606	4.204
2026-09-28T10:31:30.676Z	spark1	LOAD	21.018	6.929
2026-09-28T10:31:30.921Z	spark2	LOAD	21.575	4.204
2026-09-28T10:31:30.927Z	spark1	LOAD	20.904	6.929
2026-09-28T10:31:31.172Z	spark2	LOAD	21.546	4.204
2026-09-28T10:31:31.177Z	spark1	LOAD	20.819	6.929
2026-09-28T10:31:31.422Z	spark2	LOAD	21.517	4.204
2026-09-28T10:31:31.445Z	spark1	LOAD	20.730	6.929
2026-09-28T10:31:31.673Z	spark2	LOAD	21.480	4.202
2026-09-28T10:31:31.695Z	spark1	LOAD	20.678	6.929
2026-09-28T10:31:31.933Z	spark2	LOAD	21.424	4.198
2026-09-28T10:31:31.945Z	spark1	LOAD	20.783	6.929
2026-09-28T10:31:32.183Z	spark2	LOAD	21.378	4.195
2026-09-28T10:31:32.196Z	spark1	LOAD	20.744	6.929
2026-09-28T10:31:32.434Z	spark2	LOAD	21.340	4.193
2026-09-28T10:31:32.458Z	spark1	LOAD	20.677	6.929
2026-09-28T10:31:32.684Z	spark2	LOAD	21.214	4.192
2026-09-28T10:31:32.708Z	spark1	LOAD	20.642	6.929
2026-09-28T10:31:32.949Z	spark2	LOAD	21.109	4.192
2026-09-28T10:31:32.959Z	spark1	LOAD	20.611	6.929
2026-09-28T10:31:33.199Z	spark2	LOAD	20.936	4.192
2026-09-28T10:31:33.209Z	spark1	LOAD	20.581	6.929
2026-09-28T10:31:33.449Z	spark2	LOAD	20.804	4.192
2026-09-28T10:31:33.476Z	spark1	LOAD	20.625	6.929
2026-09-28T10:31:33.699Z	spark2	LOAD	21.021	4.192
2026-09-28T10:31:33.726Z	spark1	LOAD	20.571	6.929
2026-09-28T10:31:33.961Z	spark2	LOAD	21.624	4.192
2026-09-28T10:31:33.976Z	spark1	LOAD	20.529	6.929
2026-09-28T10:31:34.211Z	spark2	LOAD	21.923	4.192
2026-09-28T10:31:34.227Z	spark1	LOAD	20.492	6.929
2026-09-28T10:31:34.461Z	spark2	LOAD	22.034	4.192
2026-09-28T10:31:34.494Z	spark1	LOAD	20.423	6.929
2026-09-28T10:31:34.712Z	spark2	LOAD	22.026	4.192
2026-09-28T10:31:34.744Z	spark1	LOAD	20.382	6.929
2026-09-28T10:31:34.972Z	spark2	LOAD	22.026	4.192
2026-09-28T10:31:34.995Z	spark1	LOAD	20.335	6.929
2026-09-28T10:31:35.223Z	spark2	LOAD	22.284	4.192
2026-09-28T10:31:35.245Z	spark1	LOAD	20.285	6.929
2026-09-28T10:31:35.474Z	spark2	LOAD	22.320	4.192
2026-09-28T10:31:35.507Z	spark1	LOAD	20.237	6.929
2026-09-28T10:31:35.725Z	spark2	LOAD	22.744	4.192
2026-09-28T10:31:35.758Z	spark1	LOAD	20.254	6.931
2026-09-28T10:31:35.985Z	spark2	LOAD	22.742	4.192
2026-09-28T10:31:36.008Z	spark1	LOAD	20.198	6.931
2026-09-28T10:31:36.236Z	spark2	LOAD	22.727	4.192
2026-09-28T10:31:36.259Z	spark1	LOAD	20.154	6.930
2026-09-28T10:31:36.487Z	spark2	LOAD	22.720	4.192
2026-09-28T10:31:36.521Z	spark1	LOAD	20.098	6.931
2026-09-28T10:31:36.737Z	spark2	LOAD	22.704	4.192
2026-09-28T10:31:36.771Z	spark1	LOAD	20.061	6.931
2026-09-28T10:31:36.997Z	spark2	LOAD	22.701	4.192
2026-09-28T10:31:37.021Z	spark1	LOAD	20.020	6.931
2026-09-28T10:31:37.248Z	spark2	LOAD	22.689	4.192
2026-09-28T10:31:37.272Z	spark1	LOAD	20.029	6.931
2026-09-28T10:31:37.498Z	spark2	LOAD	22.681	4.192
2026-09-28T10:31:37.534Z	spark1	LOAD	19.985	6.931
2026-09-28T10:31:37.748Z	spark2	LOAD	22.681	4.192
2026-09-28T10:31:37.785Z	spark1	LOAD	19.936	6.931
2026-09-28T10:31:38.013Z	spark2	LOAD	22.673	4.192
2026-09-28T10:31:38.035Z	spark1	LOAD	19.902	6.931
2026-09-28T10:31:38.264Z	spark2	LOAD	22.665	4.192
2026-09-28T10:31:38.286Z	spark1	LOAD	19.865	6.931
2026-09-28T10:31:38.515Z	spark2	LOAD	22.654	4.192
2026-09-28T10:31:38.554Z	spark1	LOAD	19.778	6.931
2026-09-28T10:31:38.765Z	spark2	LOAD	22.642	4.192
2026-09-28T10:31:38.804Z	spark1	LOAD	19.755	6.931
2026-09-28T10:31:39.026Z	spark2	LOAD	22.633	4.192
2026-09-28T10:31:39.055Z	spark1	LOAD	19.721	6.931
2026-09-28T10:31:39.276Z	spark2	LOAD	22.626	4.192
2026-09-28T10:31:39.305Z	spark1	LOAD	19.349	6.931
2026-09-28T10:31:39.526Z	spark2	LOAD	22.610	4.192
2026-09-28T10:31:39.572Z	spark1	LOAD	19.121	6.931
2026-09-28T10:31:39.776Z	spark2	LOAD	22.603	4.192
2026-09-28T10:31:39.822Z	spark1	LOAD	19.086	6.932
2026-09-28T10:31:40.037Z	spark2	LOAD	22.580	4.192
2026-09-28T10:31:40.072Z	spark1	LOAD	19.495	6.932
2026-09-28T10:31:40.288Z	spark2	LOAD	22.579	4.192
2026-09-28T10:31:40.322Z	spark1	LOAD	19.434	6.932
2026-09-28T10:31:40.538Z	spark2	LOAD	22.565	4.192
2026-09-28T10:31:40.585Z	spark1	LOAD	19.371	6.932
2026-09-28T10:31:40.789Z	spark2	LOAD	22.549	4.192
2026-09-28T10:31:40.835Z	spark1	LOAD	19.319	6.932
2026-09-28T10:31:41.054Z	spark2	LOAD	22.542	4.192
2026-09-28T10:31:41.086Z	spark1	LOAD	19.420	6.932
2026-09-28T10:31:41.305Z	spark2	LOAD	22.526	4.192
2026-09-28T10:31:41.336Z	spark1	LOAD	19.387	6.932
2026-09-28T10:31:41.555Z	spark2	LOAD	22.511	4.192
2026-09-28T10:31:41.604Z	spark1	LOAD	19.349	6.932
2026-09-28T10:31:41.806Z	spark2	LOAD	22.503	4.192
2026-09-28T10:31:41.854Z	spark1	LOAD	19.318	6.932
2026-09-28T10:31:42.066Z	spark2	LOAD	22.496	4.192
2026-09-28T10:31:42.105Z	spark1	LOAD	19.264	6.932
2026-09-28T10:31:42.316Z	spark2	LOAD	22.490	4.192
2026-09-28T10:31:42.355Z	spark1	LOAD	19.198	6.932
2026-09-28T10:31:42.567Z	spark2	LOAD	22.475	4.191
2026-09-28T10:31:42.622Z	spark1	LOAD	19.126	6.932
2026-09-28T10:31:42.817Z	spark2	LOAD	22.421	4.187
2026-09-28T10:31:42.873Z	spark1	LOAD	19.160	6.932
2026-09-28T10:31:43.077Z	spark2	LOAD	22.407	4.184
2026-09-28T10:31:43.123Z	spark1	LOAD	19.097	6.932
2026-09-28T10:31:43.327Z	spark2	LOAD	22.407	4.181
2026-09-28T10:31:43.374Z	spark1	LOAD	19.054	6.932
2026-09-28T10:31:43.577Z	spark2	LOAD	22.392	4.181
2026-09-28T10:31:43.636Z	spark1	LOAD	19.051	6.934
2026-09-28T10:31:43.827Z	spark2	LOAD	22.378	4.181
2026-09-28T10:31:43.887Z	spark1	LOAD	18.995	6.934
2026-09-28T10:31:44.092Z	spark2	LOAD	22.369	4.181
2026-09-28T10:31:44.137Z	spark1	LOAD	18.959	6.934
2026-09-28T10:31:44.344Z	spark2	LOAD	22.362	4.181
2026-09-28T10:31:44.387Z	spark1	LOAD	18.922	6.934
2026-09-28T10:31:44.594Z	spark2	LOAD	22.346	4.181
2026-09-28T10:31:44.654Z	spark1	LOAD	18.849	6.934
2026-09-28T10:31:44.845Z	spark2	LOAD	22.339	4.181
2026-09-28T10:31:44.904Z	spark1	LOAD	18.816	6.934
2026-09-28T10:31:45.105Z	spark2	LOAD	22.332	4.181
2026-09-28T10:31:45.154Z	spark1	LOAD	19.340	6.934
2026-09-28T10:31:45.356Z	spark2	LOAD	23.502	4.181
2026-09-28T10:31:45.405Z	spark1	LOAD	21.801	6.934
2026-09-28T10:31:45.606Z	spark2	LOAD	23.500	4.181
2026-09-28T10:31:45.672Z	spark1	LOAD	21.940	6.934
2026-09-28T10:31:45.857Z	spark2	LOAD	23.500	4.181
2026-09-28T10:31:45.922Z	spark1	LOAD	21.904	6.934
2026-09-28T10:31:46.122Z	spark2	LOAD	23.500	4.181
2026-09-28T10:31:46.172Z	spark1	LOAD	21.888	6.934
2026-09-28T10:31:46.373Z	spark2	LOAD	23.500	4.181
2026-09-28T10:31:46.423Z	spark1	LOAD	21.855	6.934
2026-09-28T10:31:46.624Z	spark2	LOAD	23.500	4.181
2026-09-28T10:31:46.690Z	spark1	LOAD	21.799	6.934
2026-09-28T10:31:46.875Z	spark2	LOAD	23.500	4.181
2026-09-28T10:31:46.940Z	spark1	LOAD	21.743	6.934
2026-09-28T10:31:47.140Z	spark2	LOAD	23.500	4.181
2026-09-28T10:31:47.191Z	spark1	LOAD	21.702	6.934
2026-09-28T10:31:47.391Z	spark2	LOAD	23.500	4.181
2026-09-28T10:31:47.441Z	spark1	LOAD	21.661	6.934
2026-09-28T10:31:47.641Z	spark2	LOAD	23.500	4.181
2026-09-28T10:31:47.710Z	spark1	LOAD	21.620	6.934
2026-09-28T10:31:47.891Z	spark2	LOAD	23.500	4.181
2026-09-28T10:31:47.960Z	spark1	LOAD	21.590	6.934
2026-09-28T10:31:48.153Z	spark2	LOAD	23.500	4.181
2026-09-28T10:31:48.210Z	spark1	LOAD	21.549	6.934
2026-09-28T10:31:48.403Z	spark2	LOAD	23.500	4.181
2026-09-28T10:31:48.461Z	spark1	LOAD	21.511	6.934
2026-09-28T10:31:48.654Z	spark2	LOAD	23.500	4.181
2026-09-28T10:31:48.723Z	spark1	LOAD	21.472	6.934
2026-09-28T10:31:48.904Z	spark2	LOAD	23.500	4.181
2026-09-28T10:31:48.973Z	spark1	LOAD	21.395	6.934
2026-09-28T10:31:49.165Z	spark2	LOAD	23.500	4.181
2026-09-28T10:31:49.223Z	spark1	LOAD	21.363	6.934
2026-09-28T10:31:49.416Z	spark2	LOAD	23.500	4.181
2026-09-28T10:31:49.474Z	spark1	LOAD	21.328	6.934
2026-09-28T10:31:49.667Z	spark2	LOAD	23.500	4.181
2026-09-28T10:31:49.736Z	spark1	LOAD	21.294	6.934
2026-09-28T10:31:49.917Z	spark2	LOAD	23.500	4.181
2026-09-28T10:31:49.987Z	spark1	LOAD	21.263	6.934
2026-09-28T10:31:50.183Z	spark2	LOAD	23.499	4.181
2026-09-28T10:31:50.237Z	spark1	LOAD	21.223	6.934
2026-09-28T10:31:50.434Z	spark2	LOAD	23.499	4.181
2026-09-28T10:31:50.487Z	spark1	LOAD	21.189	6.934
2026-09-28T10:31:50.684Z	spark2	LOAD	23.499	4.181
2026-09-28T10:31:50.754Z	spark1	LOAD	21.154	6.934
2026-09-28T10:31:50.935Z	spark2	LOAD	23.499	4.181
2026-09-28T10:31:51.004Z	spark1	LOAD	21.086	6.934
2026-09-28T10:31:51.199Z	spark2	LOAD	23.499	4.181
2026-09-28T10:31:51.255Z	spark1	LOAD	21.034	6.934
2026-09-28T10:31:51.450Z	spark2	LOAD	23.499	4.181
2026-09-28T10:31:51.505Z	spark1	LOAD	21.002	6.934
2026-09-28T10:31:51.701Z	spark2	LOAD	23.499	4.181
2026-09-28T10:31:51.767Z	spark1	LOAD	20.968	6.934
2026-09-28T10:31:51.951Z	spark2	LOAD	23.499	4.181
2026-09-28T10:31:52.017Z	spark1	LOAD	20.935	6.934
2026-09-28T10:31:52.212Z	spark2	LOAD	23.499	4.181
2026-09-28T10:31:52.267Z	spark1	LOAD	20.902	6.934
2026-09-28T10:31:52.462Z	spark2	LOAD	23.499	4.181
2026-09-28T10:31:52.517Z	spark1	LOAD	20.863	6.934
2026-09-28T10:31:52.713Z	spark2	LOAD	23.499	4.181
2026-09-28T10:31:52.784Z	spark1	LOAD	20.821	6.934
2026-09-28T10:31:52.964Z	spark2	LOAD	23.499	4.181
2026-09-28T10:31:53.035Z	spark1	LOAD	20.748	6.934
2026-09-28T10:31:53.228Z	spark2	LOAD	23.499	4.181
2026-09-28T10:31:53.285Z	spark1	LOAD	20.692	6.934
2026-09-28T10:31:53.478Z	spark2	LOAD	23.498	4.181
2026-09-28T10:31:53.535Z	spark1	LOAD	20.658	6.934
2026-09-28T10:31:53.729Z	spark2	LOAD	23.473	4.177
2026-09-28T10:31:53.798Z	spark1	LOAD	20.691	6.934
2026-09-28T10:31:53.979Z	spark2	LOAD	23.479	4.174
2026-09-28T10:31:54.048Z	spark1	LOAD	20.628	6.934
2026-09-28T10:31:54.244Z	spark2	LOAD	23.478	4.171
2026-09-28T10:31:54.299Z	spark1	LOAD	20.584	6.934
2026-09-28T10:31:54.495Z	spark2	LOAD	23.479	4.171
2026-09-28T10:31:54.549Z	spark1	LOAD	19.983	6.935
2026-09-28T10:31:54.746Z	spark2	LOAD	23.479	4.171
2026-09-28T10:31:54.816Z	spark1	LOAD	19.921	6.942
2026-09-28T10:31:54.996Z	spark2	LOAD	23.479	4.171
2026-09-28T10:31:55.066Z	spark1	LOAD	20.414	6.947
2026-09-28T10:31:55.257Z	spark2	LOAD	23.478	4.171
2026-09-28T10:31:55.317Z	spark1	LOAD	20.364	6.947
2026-09-28T10:31:55.508Z	spark2	LOAD	23.478	4.171
2026-09-28T10:31:55.567Z	spark1	LOAD	20.322	6.947
2026-09-28T10:31:55.759Z	spark2	LOAD	23.478	4.171
2026-09-28T10:31:55.828Z	spark1	LOAD	20.282	6.947
2026-09-28T10:31:56.010Z	spark2	LOAD	23.478	4.171
2026-09-28T10:31:56.079Z	spark1	LOAD	20.262	6.947
2026-09-28T10:31:56.274Z	spark2	LOAD	23.478	4.171
2026-09-28T10:31:56.329Z	spark1	LOAD	20.202	6.947
2026-09-28T10:31:56.525Z	spark2	LOAD	23.478	4.171
2026-09-28T10:31:56.580Z	spark1	LOAD	20.174	6.949
2026-09-28T10:31:56.776Z	spark2	LOAD	23.478	4.171
2026-09-28T10:31:56.842Z	spark1	LOAD	20.125	6.949
2026-09-28T10:31:57.027Z	spark2	LOAD	23.478	4.171
2026-09-28T10:31:57.092Z	spark1	LOAD	20.053	6.949
2026-09-28T10:31:57.288Z	spark2	LOAD	23.478	4.171
2026-09-28T10:31:57.342Z	spark1	LOAD	20.020	6.949
2026-09-28T10:31:57.539Z	spark2	LOAD	23.478	4.171
2026-09-28T10:31:57.593Z	spark1	LOAD	19.985	6.949
2026-09-28T10:31:57.789Z	spark2	LOAD	23.478	4.171
2026-09-28T10:31:57.861Z	spark1	LOAD	19.939	6.949
2026-09-28T10:31:58.040Z	spark2	LOAD	23.480	4.171
2026-09-28T10:31:58.111Z	spark1	LOAD	19.896	6.949
2026-09-28T10:31:58.301Z	spark2	LOAD	23.480	4.171
2026-09-28T10:31:58.361Z	spark1	LOAD	19.859	6.949
2026-09-28T10:31:58.551Z	spark2	LOAD	23.480	4.171
2026-09-28T10:31:58.612Z	spark1	LOAD	19.825	6.949
2026-09-28T10:31:58.802Z	spark2	LOAD	23.480	4.171
2026-09-28T10:31:58.873Z	spark1	LOAD	19.784	6.949
2026-09-28T10:31:59.052Z	spark2	LOAD	23.482	4.171
2026-09-28T10:31:59.123Z	spark1	LOAD	19.699	6.949
2026-09-28T10:31:59.313Z	spark2	LOAD	23.482	4.171
2026-09-28T10:31:59.374Z	spark1	LOAD	19.704	6.950
2026-09-28T10:31:59.564Z	spark2	LOAD	23.482	4.171
2026-09-28T10:31:59.624Z	spark1	LOAD	19.670	6.950
2026-09-28T10:31:59.814Z	spark2	LOAD	23.482	4.171
2026-09-28T10:31:59.885Z	spark1	LOAD	19.624	6.950
2026-09-28T10:32:00.064Z	spark2	LOAD	23.483	4.171
2026-09-28T10:32:00.135Z	spark1	LOAD	19.570	6.950
2026-09-28T10:32:00.330Z	spark2	LOAD	23.485	4.171
2026-09-28T10:32:00.386Z	spark1	LOAD	19.528	6.950
2026-09-28T10:32:00.580Z	spark2	LOAD	23.485	4.171
2026-09-28T10:32:00.636Z	spark1	LOAD	19.488	6.950
2026-09-28T10:32:00.831Z	spark2	LOAD	23.485	4.171
2026-09-28T10:32:00.898Z	spark1	LOAD	19.473	6.984
2026-09-28T10:32:01.082Z	spark2	LOAD	23.487	4.171
2026-09-28T10:32:01.148Z	spark1	LOAD	19.418	6.984
2026-09-28T10:32:01.342Z	spark2	LOAD	23.486	4.171
2026-09-28T10:32:01.398Z	spark1	LOAD	19.498	7.074
2026-09-28T10:32:01.593Z	spark2	LOAD	23.486	4.171
2026-09-28T10:32:01.649Z	spark1	LOAD	19.567	7.176
2026-09-28T10:32:01.843Z	spark2	LOAD	23.486	4.171
2026-09-28T10:32:01.916Z	spark1	LOAD	19.529	7.176
2026-09-28T10:32:02.095Z	spark2	LOAD	23.487	4.171
2026-09-28T10:32:02.166Z	spark1	LOAD	19.489	7.176
2026-09-28T10:32:02.355Z	spark2	LOAD	23.487	4.171
2026-09-28T10:32:02.417Z	spark1	LOAD	19.451	7.176
2026-09-28T10:32:02.607Z	spark2	LOAD	23.487	4.171
2026-09-28T10:32:02.667Z	spark1	LOAD	19.418	7.179
2026-09-28T10:32:02.857Z	spark2	LOAD	23.487	4.171
2026-09-28T10:32:02.936Z	spark1	LOAD	19.379	7.179
2026-09-28T10:32:03.108Z	spark2	LOAD	23.487	4.171
2026-09-28T10:32:03.186Z	spark1	LOAD	19.321	7.179
2026-09-28T10:32:03.372Z	spark2	LOAD	23.486	4.171
2026-09-28T10:32:03.436Z	spark1	LOAD	19.294	7.179
2026-09-28T10:32:03.623Z	spark2	LOAD	23.486	4.171
2026-09-28T10:32:03.687Z	spark1	LOAD	19.260	7.179
2026-09-28T10:32:03.874Z	spark2	LOAD	23.486	4.171
2026-09-28T10:32:03.957Z	spark1	LOAD	19.204	7.180
2026-09-28T10:32:04.124Z	spark2	LOAD	23.486	4.171
2026-09-28T10:32:04.207Z	spark1	LOAD	19.127	7.180
2026-09-28T10:32:04.389Z	spark2	LOAD	23.485	4.171
2026-09-28T10:32:04.458Z	spark1	LOAD	19.087	7.180
2026-09-28T10:32:04.640Z	spark2	LOAD	23.465	4.167
2026-09-28T10:32:04.708Z	spark1	LOAD	19.059	7.180
2026-09-28T10:32:04.890Z	spark2	LOAD	23.480	4.165
2026-09-28T10:32:04.975Z	spark1	LOAD	19.018	7.180
2026-09-28T10:32:05.141Z	spark2	LOAD	23.480	4.163
2026-09-28T10:32:05.225Z	spark1	LOAD	18.960	7.180
2026-09-28T10:32:05.407Z	spark2	LOAD	23.480	4.163
2026-09-28T10:32:05.475Z	spark1	LOAD	18.936	7.180
2026-09-28T10:32:05.657Z	spark2	LOAD	23.480	4.163
2026-09-28T10:32:05.726Z	spark1	LOAD	18.904	7.180
2026-09-28T10:32:05.908Z	spark2	LOAD	23.480	4.163
2026-09-28T10:32:05.987Z	spark1	LOAD	18.868	7.180
2026-09-28T10:32:06.159Z	spark2	LOAD	23.480	4.163
2026-09-28T10:32:06.238Z	spark1	LOAD	18.831	7.180
2026-09-28T10:32:06.424Z	spark2	LOAD	23.480	4.163
2026-09-28T10:32:06.488Z	spark1	LOAD	20.524	7.179
2026-09-28T10:32:06.674Z	spark2	LOAD	23.480	4.163
2026-09-28T10:32:06.738Z	spark1	LOAD	22.137	7.179
2026-09-28T10:32:06.926Z	spark2	LOAD	23.480	4.163
2026-09-28T10:32:07.005Z	spark1	LOAD	22.090	7.179
2026-09-28T10:32:07.177Z	spark2	LOAD	23.480	4.163
2026-09-28T10:32:07.255Z	spark1	LOAD	22.047	7.179
2026-09-28T10:32:07.442Z	spark2	LOAD	23.480	4.163
2026-09-28T10:32:07.505Z	spark1	LOAD	22.025	7.179
2026-09-28T10:32:07.692Z	spark2	LOAD	23.480	4.163
2026-09-28T10:32:07.756Z	spark1	LOAD	21.992	7.179
2026-09-28T10:32:07.943Z	spark2	LOAD	23.480	4.163
2026-09-28T10:32:08.022Z	spark1	LOAD	21.962	7.179
2026-09-28T10:32:08.193Z	spark2	LOAD	23.480	4.163
2026-09-28T10:32:08.272Z	spark1	LOAD	21.926	7.179
2026-09-28T10:32:08.459Z	spark2	LOAD	23.480	4.163
2026-09-28T10:32:08.522Z	spark1	LOAD	21.889	7.179
2026-09-28T10:32:08.709Z	spark2	LOAD	23.480	4.163
2026-09-28T10:32:08.773Z	spark1	LOAD	21.851	7.179
2026-09-28T10:32:08.959Z	spark2	LOAD	23.480	4.163
2026-09-28T10:32:09.040Z	spark1	LOAD	21.822	7.179
2026-09-28T10:32:09.210Z	spark2	LOAD	23.480	4.163
2026-09-28T10:32:09.290Z	spark1	LOAD	21.757	7.179
2026-09-28T10:32:09.475Z	spark2	LOAD	23.482	4.163
2026-09-28T10:32:09.540Z	spark1	LOAD	21.683	7.179
2026-09-28T10:32:09.726Z	spark2	LOAD	23.482	4.163
2026-09-28T10:32:09.791Z	spark1	LOAD	21.649	7.179
2026-09-28T10:32:09.977Z	spark2	LOAD	23.482	4.163
2026-09-28T10:32:10.057Z	spark1	LOAD	21.610	7.179
2026-09-28T10:32:10.228Z	spark2	LOAD	23.482	4.163
2026-09-28T10:32:10.308Z	spark1	LOAD	21.561	7.179
2026-09-28T10:32:10.489Z	spark2	LOAD	23.481	4.163
2026-09-28T10:32:10.558Z	spark1	LOAD	21.526	7.179
2026-09-28T10:32:10.740Z	spark2	LOAD	23.481	4.163
2026-09-28T10:32:10.808Z	spark1	LOAD	21.495	7.179
2026-09-28T10:32:10.991Z	spark2	LOAD	23.481	4.163
2026-09-28T10:32:11.070Z	spark1	LOAD	21.457	7.179
2026-09-28T10:32:11.242Z	spark2	LOAD	23.481	4.163
2026-09-28T10:32:11.320Z	spark1	LOAD	21.423	7.179
2026-09-28T10:32:11.503Z	spark2	LOAD	23.481	4.163
2026-09-28T10:32:11.571Z	spark1	LOAD	21.364	7.179
2026-09-28T10:32:11.754Z	spark2	LOAD	23.481	4.163
2026-09-28T10:32:11.821Z	spark1	LOAD	21.332	7.179
2026-09-28T10:32:12.005Z	spark2	LOAD	23.481	4.163
2026-09-28T10:32:12.087Z	spark1	LOAD	21.299	7.177
2026-09-28T10:32:12.256Z	spark2	LOAD	23.481	4.163
2026-09-28T10:32:12.337Z	spark1	LOAD	21.268	7.177
2026-09-28T10:32:12.521Z	spark2	LOAD	23.481	4.163
2026-09-28T10:32:12.588Z	spark1	LOAD	21.221	7.177
2026-09-28T10:32:12.771Z	spark2	LOAD	23.481	4.163
2026-09-28T10:32:12.838Z	spark1	LOAD	21.183	7.177
2026-09-28T10:32:13.022Z	spark2	LOAD	23.481	4.163
2026-09-28T10:32:13.104Z	spark1	LOAD	21.146	7.177
2026-09-28T10:32:13.273Z	spark2	LOAD	23.481	4.163
2026-09-28T10:32:13.355Z	spark1	LOAD	21.107	7.177
2026-09-28T10:32:13.533Z	spark2	LOAD	23.480	4.163
2026-09-28T10:32:13.605Z	spark1	LOAD	21.038	7.177
2026-09-28T10:32:13.784Z	spark2	LOAD	23.480	4.163
2026-09-28T10:32:13.856Z	spark1	LOAD	21.004	7.177
2026-09-28T10:32:14.036Z	spark2	LOAD	23.480	4.163
2026-09-28T10:32:14.123Z	spark1	LOAD	20.964	7.177
2026-09-28T10:32:14.286Z	spark2	LOAD	23.480	4.163
2026-09-28T10:32:14.374Z	spark1	LOAD	20.933	7.177
2026-09-28T10:32:14.547Z	spark2	LOAD	23.480	4.163
2026-09-28T10:32:14.624Z	spark1	LOAD	20.900	7.177
2026-09-28T10:32:14.797Z	spark2	LOAD	23.480	4.163
2026-09-28T10:32:14.874Z	spark1	LOAD	20.852	7.177
2026-09-28T10:32:15.048Z	spark2	LOAD	23.480	4.163
2026-09-28T10:32:15.141Z	spark1	LOAD	20.783	7.177
2026-09-28T10:32:15.298Z	spark2	LOAD	23.479	4.162
2026-09-28T10:32:15.392Z	spark1	LOAD	20.742	7.177
2026-09-28T10:32:15.558Z	spark2	LOAD	23.462	4.159
2026-09-28T10:32:15.642Z	spark1	LOAD	20.693	7.177
2026-09-28T10:32:15.808Z	spark2	LOAD	23.469	4.156
2026-09-28T10:32:15.893Z	spark1	LOAD	20.633	7.177
2026-09-28T10:32:16.059Z	spark2	LOAD	23.468	4.155
2026-09-28T10:32:16.160Z	spark1	LOAD	20.597	7.177
2026-09-28T10:32:16.310Z	spark2	LOAD	23.468	4.155
2026-09-28T10:32:16.410Z	spark1	LOAD	20.564	7.177
2026-09-28T10:32:16.572Z	spark2	LOAD	23.468	4.155
2026-09-28T10:32:16.660Z	spark1	LOAD	20.529	7.177
2026-09-28T10:32:16.823Z	spark2	LOAD	23.468	4.155
2026-09-28T10:32:16.911Z	spark1	LOAD	20.503	7.177
2026-09-28T10:32:17.073Z	spark2	LOAD	23.468	4.155
2026-09-28T10:32:17.172Z	spark1	LOAD	20.483	7.177
2026-09-28T10:32:17.325Z	spark2	LOAD	23.468	4.155
2026-09-28T10:32:17.422Z	spark1	LOAD	20.462	7.177
2026-09-28T10:32:17.589Z	spark2	LOAD	23.468	4.155
2026-09-28T10:32:17.672Z	spark1	LOAD	20.413	7.177
2026-09-28T10:32:17.840Z	spark2	LOAD	23.468	4.155
2026-09-28T10:32:17.923Z	spark1	LOAD	20.383	7.177
2026-09-28T10:32:18.090Z	spark2	LOAD	23.468	4.155
2026-09-28T10:32:18.185Z	spark1	LOAD	20.352	7.177
2026-09-28T10:32:18.340Z	spark2	LOAD	23.468	4.155
2026-09-28T10:32:18.435Z	spark1	LOAD	20.319	7.177
2026-09-28T10:32:18.606Z	spark2	LOAD	23.468	4.155
2026-09-28T10:32:18.685Z	spark1	LOAD	20.285	7.177
2026-09-28T10:32:18.857Z	spark2	LOAD	23.468	4.155
2026-09-28T10:32:18.936Z	spark1	LOAD	20.250	7.177
2026-09-28T10:32:19.108Z	spark2	LOAD	23.468	4.155
2026-09-28T10:32:19.197Z	spark1	LOAD	20.206	7.177
2026-09-28T10:32:19.358Z	spark2	LOAD	23.468	4.155
2026-09-28T10:32:19.448Z	spark1	LOAD	20.171	7.177
2026-09-28T10:32:19.623Z	spark2	LOAD	23.468	4.155
2026-09-28T10:32:19.698Z	spark1	LOAD	20.100	7.177
2026-09-28T10:32:19.874Z	spark2	LOAD	23.468	4.155
2026-09-28T10:32:19.948Z	spark1	LOAD	20.068	7.177
2026-09-28T10:32:20.124Z	spark2	LOAD	23.468	4.155
2026-09-28T10:32:20.209Z	spark1	LOAD	20.019	7.177
2026-09-28T10:32:20.376Z	spark2	LOAD	23.468	4.155
2026-09-28T10:32:20.460Z	spark1	LOAD	19.984	7.177
2026-09-28T10:32:20.642Z	spark2	LOAD	23.468	4.155
2026-09-28T10:32:20.710Z	spark1	LOAD	19.951	7.177
2026-09-28T10:32:20.892Z	spark2	LOAD	23.468	4.155
2026-09-28T10:32:20.960Z	spark1	LOAD	19.911	7.177
2026-09-28T10:32:21.142Z	spark2	LOAD	23.468	4.155
2026-09-28T10:32:21.226Z	spark1	LOAD	19.873	7.177
2026-09-28T10:32:21.393Z	spark2	LOAD	23.468	4.155
2026-09-28T10:32:21.477Z	spark1	LOAD	19.835	7.177
2026-09-28T10:32:21.653Z	spark2	LOAD	23.468	4.155
2026-09-28T10:32:21.727Z	spark1	LOAD	19.776	7.177
2026-09-28T10:32:21.904Z	spark2	LOAD	23.469	4.155
2026-09-28T10:32:21.978Z	spark1	LOAD	19.750	7.177
2026-09-28T10:32:22.155Z	spark2	LOAD	23.469	4.155
2026-09-28T10:32:22.245Z	spark1	LOAD	19.718	7.177
2026-09-28T10:32:22.407Z	spark2	LOAD	23.469	4.155
2026-09-28T10:32:22.495Z	spark1	LOAD	19.687	7.177
2026-09-28T10:32:22.668Z	spark2	LOAD	23.469	4.155
2026-09-28T10:32:22.745Z	spark1	LOAD	19.652	7.177
2026-09-28T10:32:22.918Z	spark2	LOAD	23.469	4.155
2026-09-28T10:32:22.996Z	spark1	LOAD	19.619	7.177
2026-09-28T10:32:23.169Z	spark2	LOAD	23.470	4.155
2026-09-28T10:32:23.262Z	spark1	LOAD	19.580	7.177
2026-09-28T10:32:23.420Z	spark2	LOAD	23.470	4.155
2026-09-28T10:32:23.513Z	spark1	LOAD	19.552	7.177
2026-09-28T10:32:23.681Z	spark2	LOAD	23.470	4.155
2026-09-28T10:32:23.763Z	spark1	LOAD	19.599	7.177
2026-09-28T10:32:23.932Z	spark2	LOAD	23.470	4.155
2026-09-28T10:32:24.013Z	spark1	LOAD	19.558	7.177
2026-09-28T10:32:24.183Z	spark2	LOAD	23.470	4.155
2026-09-28T10:32:24.280Z	spark1	LOAD	19.514	7.177
2026-09-28T10:32:24.434Z	spark2	LOAD	23.470	4.155
2026-09-28T10:32:24.530Z	spark1	LOAD	19.476	7.177
2026-09-28T10:32:24.695Z	spark2	LOAD	23.470	4.155
2026-09-28T10:32:24.780Z	spark1	LOAD	19.438	7.177
2026-09-28T10:32:24.945Z	spark2	LOAD	23.470	4.155
2026-09-28T10:32:25.031Z	spark1	LOAD	19.387	7.177
2026-09-28T10:32:25.196Z	spark2	LOAD	23.470	4.155
2026-09-28T10:32:25.299Z	spark1	LOAD	18.777	7.177
2026-09-28T10:32:25.447Z	spark2	LOAD	23.470	4.155
2026-09-28T10:32:25.550Z	spark1	LOAD	19.321	7.177
2026-09-28T10:32:25.707Z	spark2	LOAD	23.470	4.155
2026-09-28T10:32:25.800Z	spark1	LOAD	19.230	7.177
2026-09-28T10:32:25.957Z	spark2	LOAD	23.470	4.155
2026-09-28T10:32:26.050Z	spark1	LOAD	18.725	7.177
2026-09-28T10:32:26.208Z	spark2	LOAD	23.470	4.154
2026-09-28T10:32:26.315Z	spark1	LOAD	21.198	7.177
2026-09-28T10:32:26.458Z	spark2	LOAD	23.443	4.151
2026-09-28T10:32:26.565Z	spark1	LOAD	21.661	7.177
2026-09-28T10:32:26.723Z	spark2	LOAD	23.421	4.151
2026-09-28T10:32:26.816Z	spark1	LOAD	21.620	7.177
2026-09-28T10:32:26.974Z	spark2	LOAD	23.419	4.148
2026-09-28T10:32:27.066Z	spark1	LOAD	21.601	7.177
2026-09-28T10:32:27.225Z	spark2	LOAD	23.419	4.147
2026-09-28T10:32:27.333Z	spark1	LOAD	21.579	7.177
2026-09-28T10:32:27.476Z	spark2	LOAD	23.418	4.147
2026-09-28T10:32:27.584Z	spark1	LOAD	21.539	7.177
2026-09-28T10:32:27.741Z	spark2	LOAD	23.418	4.147
2026-09-28T10:32:27.834Z	spark1	LOAD	21.501	7.177
2026-09-28T10:32:27.992Z	spark2	LOAD	23.418	4.147
2026-09-28T10:32:28.084Z	spark1	LOAD	21.446	7.177
2026-09-28T10:32:28.242Z	spark2	LOAD	23.418	4.147
2026-09-28T10:32:28.348Z	spark1	LOAD	21.404	7.177
2026-09-28T10:32:28.493Z	spark2	LOAD	23.418	4.147
2026-09-28T10:32:28.598Z	spark1	LOAD	21.366	7.177
2026-09-28T10:32:28.754Z	spark2	LOAD	23.418	4.147
2026-09-28T10:32:28.848Z	spark1	LOAD	21.331	7.177
2026-09-28T10:32:29.004Z	spark2	LOAD	23.421	4.147
2026-09-28T10:32:29.099Z	spark1	LOAD	21.289	7.177
2026-09-28T10:32:29.254Z	spark2	LOAD	23.421	4.147
2026-09-28T10:32:29.365Z	spark1	LOAD	21.236	7.177
2026-09-28T10:32:29.505Z	spark2	LOAD	23.421	4.147
2026-09-28T10:32:29.616Z	spark1	LOAD	21.195	7.177
2026-09-28T10:32:29.769Z	spark2	LOAD	23.421	4.147
2026-09-28T10:32:29.866Z	spark1	LOAD	21.158	7.176
2026-09-28T10:32:30.020Z	spark2	LOAD	23.426	4.147
2026-09-28T10:32:30.116Z	spark1	LOAD	21.092	7.176
2026-09-28T10:32:30.271Z	spark2	LOAD	23.427	4.147
2026-09-28T10:32:30.378Z	spark1	LOAD	21.042	7.176
2026-09-28T10:32:30.522Z	spark2	LOAD	23.427	4.147
2026-09-28T10:32:30.629Z	spark1	LOAD	21.003	7.176
2026-09-28T10:32:30.783Z	spark2	LOAD	23.427	4.147
2026-09-28T10:32:30.879Z	spark1	LOAD	20.967	7.176
2026-09-28T10:32:31.034Z	spark2	LOAD	23.428	4.147
2026-09-28T10:32:31.130Z	spark1	LOAD	20.922	7.176
2026-09-28T10:32:31.284Z	spark2	LOAD	23.431	4.147
2026-09-28T10:32:31.391Z	spark1	LOAD	20.880	7.176
2026-09-28T10:32:31.535Z	spark2	LOAD	23.431	4.147
2026-09-28T10:32:31.642Z	spark1	LOAD	20.849	7.176
2026-09-28T10:32:31.801Z	spark2	LOAD	23.431	4.147
2026-09-28T10:32:31.892Z	spark1	LOAD	20.814	7.176
2026-09-28T10:32:32.053Z	spark2	LOAD	23.431	4.147
2026-09-28T10:32:32.143Z	spark1	LOAD	20.754	7.176
2026-09-28T10:32:32.304Z	spark2	LOAD	23.433	4.147
2026-09-28T10:32:32.404Z	spark1	LOAD	20.721	7.176
2026-09-28T10:32:32.555Z	spark2	LOAD	23.433	4.147
2026-09-28T10:32:32.655Z	spark1	LOAD	20.687	7.176
2026-09-28T10:32:32.820Z	spark2	LOAD	23.433	4.147
2026-09-28T10:32:32.905Z	spark1	LOAD	20.644	7.176
2026-09-28T10:32:33.071Z	spark2	LOAD	23.434	4.147
2026-09-28T10:32:33.155Z	spark1	LOAD	20.598	7.176
2026-09-28T10:32:33.321Z	spark2	LOAD	23.434	4.147
2026-09-28T10:32:33.421Z	spark1	LOAD	20.557	7.176
2026-09-28T10:32:33.572Z	spark2	LOAD	23.434	4.147
2026-09-28T10:32:33.672Z	spark1	LOAD	20.514	7.176
2026-09-28T10:32:33.837Z	spark2	LOAD	23.434	4.147
2026-09-28T10:32:33.922Z	spark1	LOAD	20.468	7.176
2026-09-28T10:32:34.088Z	spark2	LOAD	23.436	4.147
2026-09-28T10:32:34.173Z	spark1	LOAD	20.405	7.176
2026-09-28T10:32:34.338Z	spark2	LOAD	23.436	4.147
2026-09-28T10:32:34.440Z	spark1	LOAD	20.916	7.176
2026-09-28T10:32:34.588Z	spark2	LOAD	23.436	4.147
2026-09-28T10:32:34.691Z	spark1	LOAD	20.875	7.176
2026-09-28T10:32:34.850Z	spark2	LOAD	23.436	4.147
2026-09-28T10:32:34.941Z	spark1	LOAD	20.840	7.176
2026-09-28T10:32:35.100Z	spark2	LOAD	23.438	4.147
2026-09-28T10:32:35.192Z	spark1	LOAD	20.799	7.177
2026-09-28T10:32:35.352Z	spark2	LOAD	23.438	4.147
2026-09-28T10:32:35.458Z	spark1	LOAD	20.748	7.177
2026-09-28T10:32:35.601Z	spark2	LOAD	23.438	4.147
2026-09-28T10:32:35.708Z	spark1	LOAD	20.712	7.177
2026-09-28T10:32:35.862Z	spark2	LOAD	23.438	4.147
2026-09-28T10:32:35.959Z	spark1	LOAD	20.677	7.177
2026-09-28T10:32:36.113Z	spark2	LOAD	23.439	4.147
2026-09-28T10:32:36.209Z	spark1	LOAD	20.619	7.177
2026-09-28T10:32:36.364Z	spark2	LOAD	23.439	4.147
2026-09-28T10:32:36.477Z	spark1	LOAD	20.579	7.177
2026-09-28T10:32:36.615Z	spark2	LOAD	23.439	4.147
2026-09-28T10:32:36.727Z	spark1	LOAD	20.549	7.177
2026-09-28T10:32:36.880Z	spark2	LOAD	23.439	4.147
2026-09-28T10:32:36.977Z	spark1	LOAD	20.350	7.177
2026-09-28T10:32:37.130Z	spark2	LOAD	23.441	4.147
2026-09-28T10:32:37.228Z	spark1	LOAD	19.984	7.176
2026-09-28T10:32:37.381Z	spark2	LOAD	23.437	4.146
2026-09-28T10:32:37.490Z	spark1	LOAD	20.511	7.177
2026-09-28T10:32:37.631Z	spark2	LOAD	23.437	4.144
2026-09-28T10:32:37.740Z	spark1	LOAD	20.431	7.177
2026-09-28T10:32:37.891Z	spark2	LOAD	23.438	4.141
2026-09-28T10:32:37.990Z	spark1	LOAD	20.011	7.177
2026-09-28T10:32:38.141Z	spark2	LOAD	23.436	4.139
2026-09-28T10:32:38.241Z	spark1	LOAD	20.347	7.177
2026-09-28T10:32:38.392Z	spark2	LOAD	23.436	4.139
2026-09-28T10:32:38.508Z	spark1	LOAD	20.309	7.177
2026-09-28T10:32:38.643Z	spark2	LOAD	23.436	4.139
2026-09-28T10:32:38.759Z	spark1	LOAD	20.272	7.177
2026-09-28T10:32:38.908Z	spark2	LOAD	23.437	4.139
2026-09-28T10:32:39.008Z	spark1	LOAD	20.235	7.177
2026-09-28T10:32:39.159Z	spark2	LOAD	23.437	4.139
2026-09-28T10:32:39.259Z	spark1	LOAD	20.195	7.177
2026-09-28T10:32:39.410Z	spark2	LOAD	23.437	4.139
2026-09-28T10:32:39.520Z	spark1	LOAD	20.156	7.177
2026-09-28T10:32:39.661Z	spark2	LOAD	23.437	4.139
2026-09-28T10:32:39.770Z	spark1	LOAD	20.120	7.177
2026-09-28T10:32:39.921Z	spark2	LOAD	23.437	4.139
2026-09-28T10:32:40.021Z	spark1	LOAD	20.081	7.177
2026-09-28T10:32:40.171Z	spark2	LOAD	23.437	4.139
2026-09-28T10:32:40.271Z	spark1	LOAD	20.055	7.177
2026-09-28T10:32:40.422Z	spark2	LOAD	23.437	4.139
2026-09-28T10:32:40.541Z	spark1	LOAD	20.032	7.179
2026-09-28T10:32:40.673Z	spark2	LOAD	23.437	4.139
2026-09-28T10:32:40.791Z	spark1	LOAD	19.995	7.181
2026-09-28T10:32:40.938Z	spark2	LOAD	23.437	4.139
2026-09-28T10:32:41.042Z	spark1	LOAD	19.961	7.185
2026-09-28T10:32:41.189Z	spark2	LOAD	23.437	4.139
2026-09-28T10:32:41.292Z	spark1	LOAD	19.926	7.190
2026-09-28T10:32:41.440Z	spark2	LOAD	23.437	4.139
2026-09-28T10:32:41.563Z	spark1	LOAD	19.880	7.190
2026-09-28T10:32:41.691Z	spark2	LOAD	23.437	4.139
2026-09-28T10:32:41.813Z	spark1	LOAD	19.845	7.190
2026-09-28T10:32:41.952Z	spark2	LOAD	23.437	4.139
2026-09-28T10:32:42.064Z	spark1	LOAD	19.802	7.190
2026-09-28T10:32:42.203Z	spark2	LOAD	23.437	4.139
2026-09-28T10:32:42.314Z	spark1	LOAD	19.744	7.190
2026-09-28T10:32:42.454Z	spark2	LOAD	23.437	4.139
2026-09-28T10:32:42.582Z	spark1	LOAD	19.743	7.196
2026-09-28T10:32:42.704Z	spark2	LOAD	23.437	4.139
2026-09-28T10:32:42.833Z	spark1	LOAD	19.702	7.196
2026-09-28T10:32:42.965Z	spark2	LOAD	23.437	4.139
2026-09-28T10:32:43.083Z	spark1	LOAD	19.660	7.196
2026-09-28T10:32:43.215Z	spark2	LOAD	23.437	4.139
2026-09-28T10:32:43.333Z	spark1	LOAD	19.626	7.196
2026-09-28T10:32:43.465Z	spark2	LOAD	23.437	4.139
2026-09-28T10:32:43.600Z	spark1	LOAD	19.587	7.196
2026-09-28T10:32:43.716Z	spark2	LOAD	23.437	4.139
2026-09-28T10:32:43.850Z	spark1	LOAD	19.550	7.196
2026-09-28T10:32:43.980Z	spark2	LOAD	23.437	4.139
2026-09-28T10:32:44.100Z	spark1	LOAD	19.506	7.196
2026-09-28T10:32:44.231Z	spark2	LOAD	23.437	4.139
2026-09-28T10:32:44.351Z	spark1	LOAD	19.434	7.196
2026-09-28T10:32:44.482Z	spark2	LOAD	23.438	4.139
2026-09-28T10:32:44.612Z	spark1	LOAD	19.394	7.196
2026-09-28T10:32:44.733Z	spark2	LOAD	23.438	4.139
2026-09-28T10:32:44.862Z	spark1	LOAD	19.356	7.196
2026-09-28T10:32:44.994Z	spark2	LOAD	23.438	4.139
2026-09-28T10:32:45.113Z	spark1	LOAD	19.321	7.196
2026-09-28T10:32:45.246Z	spark2	LOAD	23.438	4.139
2026-09-28T10:32:45.363Z	spark1	LOAD	19.274	7.196
2026-09-28T10:32:45.496Z	spark2	LOAD	23.438	4.139
2026-09-28T10:32:45.629Z	spark1	LOAD	19.217	7.196
2026-09-28T10:32:45.747Z	spark2	LOAD	23.438	4.139
2026-09-28T10:32:45.880Z	spark1	LOAD	19.178	7.196
2026-09-28T10:32:46.007Z	spark2	LOAD	23.438	4.139
2026-09-28T10:32:46.130Z	spark1	LOAD	19.141	7.196
2026-09-28T10:32:46.258Z	spark2	LOAD	23.438	4.139
2026-09-28T10:32:46.381Z	spark1	LOAD	19.118	7.199
2026-09-28T10:32:46.509Z	spark2	LOAD	23.438	4.139
2026-09-28T10:32:46.643Z	spark1	LOAD	19.065	7.199
2026-09-28T10:32:46.759Z	spark2	LOAD	23.438	4.139
2026-09-28T10:32:46.894Z	spark1	LOAD	19.017	7.199
2026-09-28T10:32:47.030Z	spark2	LOAD	23.438	4.139
2026-09-28T10:32:47.144Z	spark1	LOAD	20.336	7.199
2026-09-28T10:32:47.282Z	spark2	LOAD	23.438	4.139
2026-09-28T10:32:47.395Z	spark1	LOAD	22.179	7.199
2026-09-28T10:32:47.531Z	spark2	LOAD	23.438	4.139
2026-09-28T10:32:47.661Z	spark1	LOAD	22.308	7.199
2026-09-28T10:32:47.782Z	spark2	LOAD	23.438	4.139
2026-09-28T10:32:47.911Z	spark1	LOAD	22.234	7.199
2026-09-28T10:32:48.046Z	spark2	LOAD	23.437	4.139
2026-09-28T10:32:48.162Z	spark1	LOAD	22.202	7.199
2026-09-28T10:32:48.297Z	spark2	LOAD	23.435	4.138
2026-09-28T10:32:48.412Z	spark1	LOAD	22.150	7.199
2026-09-28T10:32:48.547Z	spark2	LOAD	23.424	4.135
2026-09-28T10:32:48.673Z	spark1	LOAD	22.118	7.199
2026-09-28T10:32:48.798Z	spark2	LOAD	23.427	4.132
2026-09-28T10:32:48.924Z	spark1	LOAD	22.079	7.199
2026-09-28T10:32:49.062Z	spark2	LOAD	23.427	4.132
2026-09-28T10:32:49.174Z	spark1	LOAD	22.043	7.199
2026-09-28T10:32:49.313Z	spark2	LOAD	23.427	4.132
2026-09-28T10:32:49.424Z	spark1	LOAD	22.007	7.199
2026-09-28T10:32:49.564Z	spark2	LOAD	23.427	4.132
2026-09-28T10:32:49.691Z	spark1	LOAD	21.968	7.199
2026-09-28T10:32:49.815Z	spark2	LOAD	23.427	4.132
2026-09-28T10:32:49.941Z	spark1	LOAD	21.936	7.199
2026-09-28T10:32:50.080Z	spark2	LOAD	23.428	4.132
2026-09-28T10:32:50.192Z	spark1	LOAD	21.897	7.199
2026-09-28T10:32:50.330Z	spark2	LOAD	23.428	4.132
2026-09-28T10:32:50.442Z	spark1	LOAD	21.852	7.199
2026-09-28T10:32:50.581Z	spark2	LOAD	23.428	4.132
2026-09-28T10:32:50.705Z	spark1	LOAD	21.780	7.199
2026-09-28T10:32:50.831Z	spark2	LOAD	23.428	4.132
2026-09-28T10:32:50.956Z	spark1	LOAD	21.750	7.198
2026-09-28T10:32:51.092Z	spark2	LOAD	23.429	4.132
2026-09-28T10:32:51.206Z	spark1	LOAD	21.706	7.198
2026-09-28T10:32:51.343Z	spark2	LOAD	23.429	4.132
2026-09-28T10:32:51.457Z	spark1	LOAD	21.674	7.198
2026-09-28T10:32:51.594Z	spark2	LOAD	23.429	4.132
2026-09-28T10:32:51.720Z	spark1	LOAD	21.635	7.198
2026-09-28T10:32:51.844Z	spark2	LOAD	23.429	4.132
2026-09-28T10:32:51.971Z	spark1	LOAD	21.597	7.198
2026-09-28T10:32:52.105Z	spark2	LOAD	23.429	4.132
2026-09-28T10:32:52.221Z	spark1	LOAD	21.559	7.198
2026-09-28T10:32:52.356Z	spark2	LOAD	23.429	4.132
2026-09-28T10:32:52.471Z	spark1	LOAD	21.525	7.198
2026-09-28T10:32:52.607Z	spark2	LOAD	23.429	4.132
2026-09-28T10:32:52.740Z	spark1	LOAD	21.462	7.198
2026-09-28T10:32:52.858Z	spark2	LOAD	23.429	4.132
2026-09-28T10:32:52.990Z	spark1	LOAD	21.430	7.198
2026-09-28T10:32:53.119Z	spark2	LOAD	23.429	4.132
2026-09-28T10:32:53.240Z	spark1	LOAD	21.395	7.198
2026-09-28T10:32:53.370Z	spark2	LOAD	23.429	4.132
2026-09-28T10:32:53.491Z	spark1	LOAD	21.363	7.198
2026-09-28T10:32:53.620Z	spark2	LOAD	23.429	4.132
2026-09-28T10:32:53.753Z	spark1	LOAD	21.324	7.198
2026-09-28T10:32:53.871Z	spark2	LOAD	23.429	4.132
2026-09-28T10:32:54.003Z	spark1	LOAD	21.291	7.198
2026-09-28T10:32:54.136Z	spark2	LOAD	23.430	4.132
2026-09-28T10:32:54.254Z	spark1	LOAD	21.228	7.198
2026-09-28T10:32:54.387Z	spark2	LOAD	23.430	4.132
2026-09-28T10:32:54.504Z	spark1	LOAD	21.197	7.198
2026-09-28T10:32:54.638Z	spark2	LOAD	23.429	4.132
2026-09-28T10:32:54.771Z	spark1	LOAD	21.146	7.198
2026-09-28T10:32:54.889Z	spark2	LOAD	23.429	4.132
2026-09-28T10:32:55.021Z	spark1	LOAD	21.115	7.198
2026-09-28T10:32:55.150Z	spark2	LOAD	23.429	4.132
2026-09-28T10:32:55.272Z	spark1	LOAD	21.079	7.198
2026-09-28T10:32:55.401Z	spark2	LOAD	23.429	4.132
2026-09-28T10:32:55.522Z	spark1	LOAD	21.034	7.198
2026-09-28T10:32:55.651Z	spark2	LOAD	23.429	4.132
2026-09-28T10:32:55.788Z	spark1	LOAD	20.990	7.198
2026-09-28T10:32:55.902Z	spark2	LOAD	23.429	4.132
2026-09-28T10:32:56.039Z	spark1	LOAD	20.963	7.198
2026-09-28T10:32:56.167Z	spark2	LOAD	23.429	4.132
2026-09-28T10:32:56.289Z	spark1	LOAD	20.972	7.204
2026-09-28T10:32:56.418Z	spark2	LOAD	23.429	4.132
2026-09-28T10:32:56.539Z	spark1	LOAD	20.928	7.204
2026-09-28T10:32:56.669Z	spark2	LOAD	23.429	4.132
2026-09-28T10:32:56.806Z	spark1	LOAD	20.851	7.204
2026-09-28T10:32:56.920Z	spark2	LOAD	23.429	4.132
2026-09-28T10:32:57.056Z	spark1	LOAD	20.831	7.211
2026-09-28T10:32:57.185Z	spark2	LOAD	23.429	4.132
2026-09-28T10:32:57.307Z	spark1	LOAD	20.800	7.211
2026-09-28T10:32:57.436Z	spark2	LOAD	23.429	4.132
2026-09-28T10:32:57.557Z	spark1	LOAD	20.745	7.211
2026-09-28T10:32:57.687Z	spark2	LOAD	23.429	4.132
2026-09-28T10:32:57.818Z	spark1	LOAD	20.751	7.217
2026-09-28T10:32:57.937Z	spark2	LOAD	23.429	4.132
2026-09-28T10:32:58.069Z	spark1	LOAD	20.715	7.217
2026-09-28T10:32:58.202Z	spark2	LOAD	23.428	4.132
2026-09-28T10:32:58.319Z	spark1	LOAD	20.677	7.217
2026-09-28T10:32:58.453Z	spark2	LOAD	23.428	4.132
2026-09-28T10:32:58.569Z	spark1	LOAD	20.644	7.217
2026-09-28T10:32:58.704Z	spark2	LOAD	23.428	4.132
2026-09-28T10:32:58.837Z	spark1	LOAD	20.531	7.223
2026-09-28T10:32:58.954Z	spark2	LOAD	23.428	4.132
2026-09-28T10:32:59.088Z	spark1	LOAD	20.507	7.223
2026-09-28T10:32:59.215Z	spark2	LOAD	23.427	4.131
2026-09-28T10:32:59.338Z	spark1	LOAD	20.494	7.229
2026-09-28T10:32:59.465Z	spark2	LOAD	23.414	4.129
2026-09-28T10:32:59.588Z	spark1	LOAD	20.437	7.229
2026-09-28T10:32:59.716Z	spark2	LOAD	23.423	4.127
2026-09-28T10:32:59.850Z	spark1	LOAD	20.389	7.229
2026-09-28T10:32:59.967Z	spark2	LOAD	23.423	4.127
2026-09-28T10:33:00.101Z	spark1	LOAD	20.338	7.235
2026-09-28T10:33:00.228Z	spark2	LOAD	23.422	4.127
2026-09-28T10:33:00.351Z	spark1	LOAD	20.293	7.235
2026-09-28T10:33:00.478Z	spark2	LOAD	23.422	4.127
2026-09-28T10:33:00.601Z	spark1	LOAD	20.307	7.241
2026-09-28T10:33:00.729Z	spark2	LOAD	23.422	4.127
2026-09-28T10:33:00.868Z	spark1	LOAD	20.232	7.241
2026-09-28T10:33:00.980Z	spark2	LOAD	23.422	4.127
2026-09-28T10:33:01.119Z	spark1	LOAD	20.197	7.241
2026-09-28T10:33:01.241Z	spark2	LOAD	23.422	4.127
2026-09-28T10:33:01.369Z	spark1	LOAD	20.164	7.241
2026-09-28T10:33:01.492Z	spark2	LOAD	23.422	4.127
2026-09-28T10:33:01.619Z	spark1	LOAD	20.167	7.248
2026-09-28T10:33:01.743Z	spark2	LOAD	23.422	4.127
2026-09-28T10:33:01.886Z	spark1	LOAD	20.125	7.248
2026-09-28T10:33:01.994Z	spark2	LOAD	23.422	4.127
2026-09-28T10:33:02.137Z	spark1	LOAD	20.083	7.248
2026-09-28T10:33:02.255Z	spark2	LOAD	23.422	4.127
2026-09-28T10:33:02.387Z	spark1	LOAD	20.053	7.252
2026-09-28T10:33:02.506Z	spark2	LOAD	23.422	4.127
2026-09-28T10:33:02.637Z	spark1	LOAD	19.485	7.252
2026-09-28T10:33:02.756Z	spark2	LOAD	23.422	4.127
2026-09-28T10:33:02.905Z	spark1	LOAD	19.378	7.252
2026-09-28T10:33:03.007Z	spark2	LOAD	23.422	4.127
2026-09-28T10:33:03.156Z	spark1	LOAD	19.929	7.253
2026-09-28T10:33:03.268Z	spark2	LOAD	23.422	4.127
2026-09-28T10:33:03.406Z	spark1	LOAD	19.898	7.253
2026-09-28T10:33:03.519Z	spark2	LOAD	23.422	4.127
2026-09-28T10:33:03.657Z	spark1	LOAD	19.853	7.254
2026-09-28T10:33:03.770Z	spark2	LOAD	23.422	4.127
2026-09-28T10:33:03.924Z	spark1	LOAD	19.812	7.254
2026-09-28T10:33:04.021Z	spark2	LOAD	23.422	4.127
2026-09-28T10:33:04.174Z	spark1	LOAD	19.772	7.255
2026-09-28T10:33:04.281Z	spark2	LOAD	23.422	4.127
2026-09-28T10:33:04.424Z	spark1	LOAD	19.726	7.255
2026-09-28T10:33:04.532Z	spark2	LOAD	23.422	4.127
2026-09-28T10:33:04.674Z	spark1	LOAD	19.681	7.255
2026-09-28T10:33:04.783Z	spark2	LOAD	23.422	4.127
2026-09-28T10:33:04.936Z	spark1	LOAD	19.619	7.255
2026-09-28T10:33:05.034Z	spark2	LOAD	23.424	4.127
2026-09-28T10:33:05.187Z	spark1	LOAD	19.590	7.255
2026-09-28T10:33:05.295Z	spark2	LOAD	23.424	4.127
2026-09-28T10:33:05.437Z	spark1	LOAD	19.537	7.255
2026-09-28T10:33:05.546Z	spark2	LOAD	23.424	4.127
2026-09-28T10:33:05.687Z	spark1	LOAD	19.504	7.255
2026-09-28T10:33:05.796Z	spark2	LOAD	23.424	4.127
2026-09-28T10:33:05.955Z	spark1	LOAD	19.463	7.255
2026-09-28T10:33:06.047Z	spark2	LOAD	23.424	4.127
2026-09-28T10:33:06.204Z	spark1	LOAD	19.439	7.279
2026-09-28T10:33:06.307Z	spark2	LOAD	23.423	4.127
2026-09-28T10:33:06.455Z	spark1	LOAD	19.399	7.279
2026-09-28T10:33:06.557Z	spark2	LOAD	23.423	4.127
2026-09-28T10:33:06.705Z	spark1	LOAD	19.436	7.351
2026-09-28T10:33:06.808Z	spark2	LOAD	23.423	4.127
2026-09-28T10:33:06.974Z	spark1	LOAD	19.371	7.363
2026-09-28T10:33:07.059Z	spark2	LOAD	23.424	4.127
2026-09-28T10:33:07.225Z	spark1	LOAD	19.334	7.363
2026-09-28T10:33:07.320Z	spark2	LOAD	23.424	4.127
2026-09-28T10:33:07.475Z	spark1	LOAD	21.395	7.363
2026-09-28T10:33:07.571Z	spark2	LOAD	23.424	4.127
2026-09-28T10:33:07.726Z	spark1	LOAD	22.522	7.363
2026-09-28T10:33:07.821Z	spark2	LOAD	23.424	4.127
2026-09-28T10:33:07.987Z	spark1	LOAD	22.488	7.363
2026-09-28T10:33:08.071Z	spark2	LOAD	23.424	4.127
2026-09-28T10:33:08.238Z	spark1	LOAD	22.470	7.363
2026-09-28T10:33:08.336Z	spark2	LOAD	23.424	4.127
2026-09-28T10:33:08.488Z	spark1	LOAD	22.444	7.363
2026-09-28T10:33:08.587Z	spark2	LOAD	23.424	4.127
2026-09-28T10:33:08.738Z	spark1	LOAD	22.407	7.363
2026-09-28T10:33:08.838Z	spark2	LOAD	23.424	4.127
2026-09-28T10:33:09.001Z	spark1	LOAD	22.351	7.363
2026-09-28T10:33:09.089Z	spark2	LOAD	23.424	4.127
2026-09-28T10:33:09.251Z	spark1	LOAD	22.330	7.363
2026-09-28T10:33:09.353Z	spark2	LOAD	23.424	4.127
2026-09-28T10:33:09.501Z	spark1	LOAD	22.284	7.363
2026-09-28T10:33:09.604Z	spark2	LOAD	23.424	4.127
2026-09-28T10:33:09.752Z	spark1	LOAD	22.223	7.362
2026-09-28T10:33:09.854Z	spark2	LOAD	23.424	4.127
2026-09-28T10:33:10.014Z	spark1	LOAD	22.173	7.362
2026-09-28T10:33:10.104Z	spark2	LOAD	23.423	4.126
2026-09-28T10:33:10.264Z	spark1	LOAD	22.132	7.362
2026-09-28T10:33:10.369Z	spark2	LOAD	23.398	4.124
2026-09-28T10:33:10.514Z	spark1	LOAD	22.065	7.362
2026-09-28T10:33:10.620Z	spark2	LOAD	23.407	4.122
2026-09-28T10:33:10.765Z	spark1	LOAD	22.029	7.362
2026-09-28T10:33:10.870Z	spark2	LOAD	23.407	4.120
2026-09-28T10:33:11.034Z	spark1	LOAD	21.982	7.362
2026-09-28T10:33:11.121Z	spark2	LOAD	23.406	4.120
2026-09-28T10:33:11.284Z	spark1	LOAD	21.911	7.362
2026-09-28T10:33:11.387Z	spark2	LOAD	23.406	4.120
2026-09-28T10:33:11.535Z	spark1	LOAD	21.874	7.362
2026-09-28T10:33:11.637Z	spark2	LOAD	23.406	4.120
2026-09-28T10:33:11.785Z	spark1	LOAD	21.832	7.362
2026-09-28T10:33:11.889Z	spark2	LOAD	23.409	4.120
2026-09-28T10:33:12.052Z	spark1	LOAD	21.787	7.362
2026-09-28T10:33:12.140Z	spark2	LOAD	23.409	4.120
2026-09-28T10:33:12.303Z	spark1	LOAD	21.726	7.362
2026-09-28T10:33:12.404Z	spark2	LOAD	23.408	4.120
2026-09-28T10:33:12.554Z	spark1	LOAD	21.691	7.362
2026-09-28T10:33:12.655Z	spark2	LOAD	23.408	4.120
2026-09-28T10:33:12.804Z	spark1	LOAD	21.658	7.362
2026-09-28T10:33:12.906Z	spark2	LOAD	23.410	4.120
2026-09-28T10:33:13.065Z	spark1	LOAD	21.620	7.362
2026-09-28T10:33:13.157Z	spark2	LOAD	23.410	4.120
2026-09-28T10:33:13.315Z	spark1	LOAD	21.565	7.362
2026-09-28T10:33:13.422Z	spark2	LOAD	23.410	4.120
2026-09-28T10:33:13.566Z	spark1	LOAD	21.527	7.362
2026-09-28T10:33:13.673Z	spark2	LOAD	23.411	4.120
2026-09-28T10:33:13.816Z	spark1	LOAD	21.497	7.362
2026-09-28T10:33:13.922Z	spark2	LOAD	23.413	4.120
2026-09-28T10:33:14.083Z	spark1	LOAD	21.464	7.362
2026-09-28T10:33:14.174Z	spark2	LOAD	23.413	4.120
2026-09-28T10:33:14.334Z	spark1	LOAD	21.432	7.362
2026-09-28T10:33:14.434Z	spark2	LOAD	23.413	4.120
2026-09-28T10:33:14.584Z	spark1	LOAD	21.394	7.362
2026-09-28T10:33:14.684Z	spark2	LOAD	23.413	4.120
2026-09-28T10:33:14.835Z	spark1	LOAD	21.350	7.361
2026-09-28T10:33:14.935Z	spark2	LOAD	23.415	4.120
2026-09-28T10:33:15.101Z	spark1	LOAD	21.311	7.361
2026-09-28T10:33:15.186Z	spark2	LOAD	23.415	4.119
2026-09-28T10:33:15.352Z	spark1	LOAD	21.256	7.361
2026-09-28T10:33:15.451Z	spark2	LOAD	23.415	4.119
2026-09-28T10:33:15.602Z	spark1	LOAD	21.283	7.361
2026-09-28T10:33:15.702Z	spark2	LOAD	23.415	4.119
2026-09-28T10:33:15.852Z	spark1	LOAD	21.252	7.375
2026-09-28T10:33:15.953Z	spark2	LOAD	23.416	4.119
2026-09-28T10:33:16.119Z	spark1	LOAD	21.209	7.375
2026-09-28T10:33:16.203Z	spark2	LOAD	23.416	4.119
2026-09-28T10:33:16.369Z	spark1	LOAD	21.168	7.375
2026-09-28T10:33:16.468Z	spark2	LOAD	23.416	4.119
2026-09-28T10:33:16.620Z	spark1	LOAD	21.133	7.375
2026-09-28T10:33:16.719Z	spark2	LOAD	23.416	4.119
2026-09-28T10:33:16.870Z	spark1	LOAD	21.103	7.375
2026-09-28T10:33:16.970Z	spark2	LOAD	23.416	4.119
2026-09-28T10:33:17.138Z	spark1	LOAD	21.061	7.375
2026-09-28T10:33:17.220Z	spark2	LOAD	23.416	4.119
2026-09-28T10:33:17.389Z	spark1	LOAD	20.995	7.378
2026-09-28T10:33:17.481Z	spark2	LOAD	23.416	4.119
2026-09-28T10:33:17.639Z	spark1	LOAD	20.959	7.378
2026-09-28T10:33:17.732Z	spark2	LOAD	23.416	4.119
2026-09-28T10:33:17.889Z	spark1	LOAD	20.949	7.378
2026-09-28T10:33:17.982Z	spark2	LOAD	23.416	4.119
2026-09-28T10:33:18.154Z	spark1	LOAD	20.920	7.379
2026-09-28T10:33:18.233Z	spark2	LOAD	23.416	4.119
2026-09-28T10:33:18.404Z	spark1	LOAD	20.913	7.379
2026-09-28T10:33:18.494Z	spark2	LOAD	23.416	4.119
2026-09-28T10:33:18.654Z	spark1	LOAD	20.881	7.379
2026-09-28T10:33:18.744Z	spark2	LOAD	23.416	4.119
2026-09-28T10:33:18.905Z	spark1	LOAD	20.734	7.379
2026-09-28T10:33:18.995Z	spark2	LOAD	23.416	4.119
2026-09-28T10:33:19.174Z	spark1	LOAD	20.758	7.379
2026-09-28T10:33:19.245Z	spark2	LOAD	23.416	4.119
2026-09-28T10:33:19.425Z	spark1	LOAD	20.739	7.379
2026-09-28T10:33:19.506Z	spark2	LOAD	23.416	4.119
2026-09-28T10:33:19.675Z	spark1	LOAD	20.700	7.379
2026-09-28T10:33:19.756Z	spark2	LOAD	23.416	4.119
2026-09-28T10:33:19.925Z	spark1	LOAD	20.658	7.379
2026-09-28T10:33:20.007Z	spark2	LOAD	23.416	4.119
2026-09-28T10:33:20.188Z	spark1	LOAD	20.586	7.379
2026-09-28T10:33:20.257Z	spark2	LOAD	23.416	4.119
2026-09-28T10:33:20.438Z	spark1	LOAD	20.550	7.379
2026-09-28T10:33:20.517Z	spark2	LOAD	23.416	4.119
2026-09-28T10:33:20.688Z	spark1	LOAD	20.484	7.379
2026-09-28T10:33:20.767Z	spark2	LOAD	23.416	4.119
2026-09-28T10:33:20.938Z	spark1	LOAD	20.438	7.379
2026-09-28T10:33:21.018Z	spark2	LOAD	23.415	4.118
2026-09-28T10:33:21.200Z	spark1	LOAD	20.397	7.379
2026-09-28T10:33:21.268Z	spark2	LOAD	23.408	4.117
2026-09-28T10:33:21.451Z	spark1	LOAD	20.310	7.379
2026-09-28T10:33:21.528Z	spark2	LOAD	23.415	4.115
2026-09-28T10:33:21.701Z	spark1	LOAD	20.309	7.379
2026-09-28T10:33:21.779Z	spark2	LOAD	23.415	4.115
2026-09-28T10:33:21.951Z	spark1	LOAD	20.371	7.380
2026-09-28T10:33:22.030Z	spark2	LOAD	23.414	4.115
2026-09-28T10:33:22.218Z	spark1	LOAD	20.325	7.380
2026-09-28T10:33:22.280Z	spark2	LOAD	23.414	4.115
2026-09-28T10:33:22.469Z	spark1	LOAD	20.289	7.380
2026-09-28T10:33:22.545Z	spark2	LOAD	23.414	4.115
2026-09-28T10:33:22.719Z	spark1	LOAD	20.249	7.380
2026-09-28T10:33:22.795Z	spark2	LOAD	23.414	4.115
2026-09-28T10:33:22.969Z	spark1	LOAD	20.222	7.386
2026-09-28T10:33:23.046Z	spark2	LOAD	23.414	4.115
2026-09-28T10:33:23.237Z	spark1	LOAD	20.171	7.386
2026-09-28T10:33:23.297Z	spark2	LOAD	23.414	4.115
2026-09-28T10:33:23.487Z	spark1	LOAD	20.108	7.386
2026-09-28T10:33:23.557Z	spark2	LOAD	23.414	4.115
2026-09-28T10:33:23.737Z	spark1	LOAD	20.070	7.386
2026-09-28T10:33:23.808Z	spark2	LOAD	23.414	4.115
2026-09-28T10:33:23.988Z	spark1	LOAD	20.046	7.390
2026-09-28T10:33:24.058Z	spark2	LOAD	23.414	4.115
2026-09-28T10:33:24.256Z	spark1	LOAD	20.009	7.390
2026-09-28T10:33:24.309Z	spark2	LOAD	23.414	4.115
2026-09-28T10:33:24.507Z	spark1	LOAD	19.985	7.390
2026-09-28T10:33:24.570Z	spark2	LOAD	23.414	4.115
2026-09-28T10:33:24.757Z	spark1	LOAD	19.960	7.395
2026-09-28T10:33:24.821Z	spark2	LOAD	23.414	4.115
2026-09-28T10:33:25.007Z	spark1	LOAD	19.913	7.395
2026-09-28T10:33:25.072Z	spark2	LOAD	23.415	4.115
2026-09-28T10:33:25.275Z	spark1	LOAD	19.867	7.395
2026-09-28T10:33:25.322Z	spark2	LOAD	23.415	4.115
2026-09-28T10:33:25.525Z	spark1	LOAD	19.768	7.393
2026-09-28T10:33:25.583Z	spark2	LOAD	23.415	4.115
2026-09-28T10:33:25.775Z	spark1	LOAD	19.748	7.393
2026-09-28T10:33:25.834Z	spark2	LOAD	23.415	4.115
2026-09-28T10:33:26.026Z	spark1	LOAD	19.692	7.393
2026-09-28T10:33:26.084Z	spark2	LOAD	23.415	4.115
2026-09-28T10:33:26.294Z	spark1	LOAD	19.647	7.393
2026-09-28T10:33:26.335Z	spark2	LOAD	23.415	4.115
2026-09-28T10:33:26.544Z	spark1	LOAD	19.609	7.393
2026-09-28T10:33:26.600Z	spark2	LOAD	23.414	4.115
2026-09-28T10:33:26.795Z	spark1	LOAD	19.559	7.393
2026-09-28T10:33:26.851Z	spark2	LOAD	23.414	4.115
2026-09-28T10:33:27.045Z	spark1	LOAD	19.529	7.393
2026-09-28T10:33:27.101Z	spark2	LOAD	23.414	4.115
2026-09-28T10:33:27.312Z	spark1	LOAD	19.495	7.393
2026-09-28T10:33:27.352Z	spark2	LOAD	23.414	4.115
2026-09-28T10:33:27.562Z	spark1	LOAD	19.442	7.393
2026-09-28T10:33:27.612Z	spark2	LOAD	23.414	4.115
2026-09-28T10:33:27.813Z	spark1	LOAD	19.423	7.393
2026-09-28T10:33:27.863Z	spark2	LOAD	23.414	4.115
2026-09-28T10:33:28.063Z	spark1	LOAD	20.259	7.393
2026-09-28T10:33:28.114Z	spark2	LOAD	23.414	4.115
2026-09-28T10:33:28.326Z	spark1	LOAD	22.316	7.393
2026-09-28T10:33:28.364Z	spark2	LOAD	23.414	4.115
2026-09-28T10:33:28.576Z	spark1	LOAD	22.599	7.393
2026-09-28T10:33:28.626Z	spark2	LOAD	23.414	4.115
2026-09-28T10:33:28.827Z	spark1	LOAD	22.571	7.393
2026-09-28T10:33:28.876Z	spark2	LOAD	23.414	4.115
2026-09-28T10:33:29.077Z	spark1	LOAD	22.567	7.393
2026-09-28T10:33:29.127Z	spark2	LOAD	23.414	4.115
2026-09-28T10:33:29.345Z	spark1	LOAD	22.527	7.393
2026-09-28T10:33:29.377Z	spark2	LOAD	23.414	4.115
2026-09-28T10:33:29.595Z	spark1	LOAD	22.466	7.393
2026-09-28T10:33:29.642Z	spark2	LOAD	23.414	4.115
2026-09-28T10:33:29.845Z	spark1	LOAD	22.430	7.393
2026-09-28T10:33:29.894Z	spark2	LOAD	23.414	4.115
2026-09-28T10:33:30.096Z	spark1	LOAD	22.401	7.393
2026-09-28T10:33:30.144Z	spark2	LOAD	23.414	4.115
2026-09-28T10:33:30.358Z	spark1	LOAD	22.370	7.393
2026-09-28T10:33:30.396Z	spark2	LOAD	23.414	4.115
2026-09-28T10:33:30.608Z	spark1	LOAD	22.327	7.393
2026-09-28T10:33:30.660Z	spark2	LOAD	23.414	4.115
2026-09-28T10:33:30.859Z	spark1	LOAD	22.293	7.393
2026-09-28T10:33:30.911Z	spark2	LOAD	23.414	4.115
2026-09-28T10:33:31.109Z	spark1	LOAD	22.261	7.393
2026-09-28T10:33:31.162Z	spark2	LOAD	23.414	4.115
2026-09-28T10:33:31.372Z	spark1	LOAD	22.225	7.393
2026-09-28T10:33:31.412Z	spark2	LOAD	23.414	4.115
2026-09-28T10:33:31.622Z	spark1	LOAD	22.155	7.393
2026-09-28T10:33:31.678Z	spark2	LOAD	23.414	4.115
2026-09-28T10:33:31.872Z	spark1	LOAD	22.087	7.393
2026-09-28T10:33:31.928Z	spark2	LOAD	23.395	4.114
2026-09-28T10:33:32.122Z	spark1	LOAD	22.058	7.393
2026-09-28T10:33:32.178Z	spark2	LOAD	23.407	4.113
2026-09-28T10:33:32.389Z	spark1	LOAD	22.024	7.393
2026-09-28T10:33:32.428Z	spark2	LOAD	23.396	4.113
2026-09-28T10:33:32.639Z	spark1	LOAD	21.969	7.393
2026-09-28T10:33:32.688Z	spark2	LOAD	23.395	4.112
2026-09-28T10:33:32.889Z	spark1	LOAD	21.933	7.393
2026-09-28T10:33:32.940Z	spark2	LOAD	23.395	4.112
2026-09-28T10:33:33.140Z	spark1	LOAD	21.895	7.393
2026-09-28T10:33:33.190Z	spark2	LOAD	23.395	4.112
2026-09-28T10:33:33.401Z	spark1	LOAD	21.854	7.393
2026-09-28T10:33:33.441Z	spark2	LOAD	23.396	4.112
2026-09-28T10:33:33.652Z	spark1	LOAD	21.796	7.393
2026-09-28T10:33:33.706Z	spark2	LOAD	23.396	4.112
2026-09-28T10:33:33.902Z	spark1	LOAD	21.741	7.393
2026-09-28T10:33:33.957Z	spark2	LOAD	23.397	4.112
2026-09-28T10:33:34.153Z	spark1	LOAD	21.707	7.393
2026-09-28T10:33:34.207Z	spark2	LOAD	23.397	4.112
2026-09-28T10:33:34.420Z	spark1	LOAD	21.670	7.393
2026-09-28T10:33:34.458Z	spark2	LOAD	23.397	4.112
2026-09-28T10:33:34.670Z	spark1	LOAD	21.631	7.393
2026-09-28T10:33:34.723Z	spark2	LOAD	23.397	4.112
2026-09-28T10:33:34.920Z	spark1	LOAD	21.595	7.393
2026-09-28T10:33:34.974Z	spark2	LOAD	23.398	4.112
2026-09-28T10:33:35.171Z	spark1	LOAD	21.561	7.393
2026-09-28T10:33:35.225Z	spark2	LOAD	23.398	4.112
2026-09-28T10:33:35.438Z	spark1	LOAD	21.519	7.393
2026-09-28T10:33:35.477Z	spark2	LOAD	23.398	4.112
2026-09-28T10:33:35.688Z	spark1	LOAD	21.480	7.393
2026-09-28T10:33:35.740Z	spark2	LOAD	23.398	4.112
2026-09-28T10:33:35.939Z	spark1	LOAD	21.424	7.393
2026-09-28T10:33:35.991Z	spark2	LOAD	23.400	4.112
2026-09-28T10:33:36.189Z	spark1	LOAD	21.366	7.390
2026-09-28T10:33:36.241Z	spark2	LOAD	23.400	4.112
2026-09-28T10:33:36.457Z	spark1	LOAD	21.326	7.390
2026-09-28T10:33:36.493Z	spark2	LOAD	23.400	4.112
2026-09-28T10:33:36.708Z	spark1	LOAD	21.285	7.390
2026-09-28T10:33:36.753Z	spark2	LOAD	23.400	4.112
2026-09-28T10:33:36.958Z	spark1	LOAD	21.250	7.390
2026-09-28T10:33:37.005Z	spark2	LOAD	23.400	4.112
2026-09-28T10:33:37.208Z	spark1	LOAD	21.214	7.390
2026-09-28T10:33:37.255Z	spark2	LOAD	23.400	4.112
2026-09-28T10:33:37.476Z	spark1	LOAD	21.175	7.390
2026-09-28T10:33:37.506Z	spark2	LOAD	23.400	4.112
2026-09-28T10:33:37.727Z	spark1	LOAD	21.133	7.390
2026-09-28T10:33:37.771Z	spark2	LOAD	23.400	4.112
2026-09-28T10:33:37.977Z	spark1	LOAD	21.088	7.390
2026-09-28T10:33:38.022Z	spark2	LOAD	23.400	4.112
2026-09-28T10:33:38.227Z	spark1	LOAD	21.052	7.390
2026-09-28T10:33:38.272Z	spark2	LOAD	23.400	4.112
2026-09-28T10:33:38.494Z	spark1	LOAD	21.017	7.390
2026-09-28T10:33:38.523Z	spark2	LOAD	23.400	4.112
2026-09-28T10:33:38.745Z	spark1	LOAD	20.982	7.390
2026-09-28T10:33:38.783Z	spark2	LOAD	23.400	4.112
2026-09-28T10:33:38.995Z	spark1	LOAD	20.947	7.390
2026-09-28T10:33:39.033Z	spark2	LOAD	23.400	4.112
2026-09-28T10:33:39.246Z	spark1	LOAD	20.904	7.390
2026-09-28T10:33:39.284Z	spark2	LOAD	23.400	4.112
2026-09-28T10:33:39.508Z	spark1	LOAD	20.850	7.390
2026-09-28T10:33:39.535Z	spark2	LOAD	23.400	4.112
2026-09-28T10:33:39.758Z	spark1	LOAD	20.802	7.390
2026-09-28T10:33:39.795Z	spark2	LOAD	23.400	4.112
2026-09-28T10:33:40.008Z	spark1	LOAD	20.735	7.390
2026-09-28T10:33:40.046Z	spark2	LOAD	23.400	4.112
2026-09-28T10:33:40.259Z	spark1	LOAD	20.688	7.390
2026-09-28T10:33:40.296Z	spark2	LOAD	23.400	4.112
2026-09-28T10:33:40.525Z	spark1	LOAD	20.634	7.390
2026-09-28T10:33:40.547Z	spark2	LOAD	23.400	4.112
2026-09-28T10:33:40.775Z	spark1	LOAD	20.580	7.390
2026-09-28T10:33:40.809Z	spark2	LOAD	23.400	4.112
2026-09-28T10:33:41.025Z	spark1	LOAD	20.524	7.390
2026-09-28T10:33:41.059Z	spark2	LOAD	23.400	4.112
2026-09-28T10:33:41.275Z	spark1	LOAD	20.480	7.390
2026-09-28T10:33:41.309Z	spark2	LOAD	23.400	4.112
2026-09-28T10:33:41.541Z	spark1	LOAD	20.432	7.390
2026-09-28T10:33:41.559Z	spark2	LOAD	23.400	4.112
2026-09-28T10:33:41.792Z	spark1	LOAD	20.380	7.390
2026-09-28T10:33:41.820Z	spark2	LOAD	23.400	4.112
2026-09-28T10:33:42.042Z	spark1	LOAD	20.293	7.390
2026-09-28T10:33:42.071Z	spark2	LOAD	23.400	4.112
2026-09-28T10:33:42.292Z	spark1	LOAD	20.246	7.390
2026-09-28T10:33:42.321Z	spark2	LOAD	23.400	4.112
2026-09-28T10:33:42.555Z	spark1	LOAD	20.157	7.390
2026-09-28T10:33:42.572Z	spark2	LOAD	23.400	4.112
2026-09-28T10:33:42.805Z	spark1	LOAD	20.196	7.389
2026-09-28T10:33:42.832Z	spark2	LOAD	23.400	4.112
2026-09-28T10:33:43.055Z	spark1	LOAD	20.131	7.390
2026-09-28T10:33:43.082Z	spark2	LOAD	23.400	4.110
2026-09-28T10:33:43.305Z	spark1	LOAD	20.081	7.390
2026-09-28T10:33:43.332Z	spark2	LOAD	23.379	4.110
2026-09-28T10:33:43.567Z	spark1	LOAD	20.007	7.390
2026-09-28T10:33:43.583Z	spark2	LOAD	23.387	4.108
2026-09-28T10:33:43.817Z	spark1	LOAD	19.962	7.390
2026-09-28T10:33:43.844Z	spark2	LOAD	23.387	4.108
2026-09-28T10:33:44.068Z	spark1	LOAD	19.888	7.390
2026-09-28T10:33:44.095Z	spark2	LOAD	23.388	4.108
2026-09-28T10:33:44.318Z	spark1	LOAD	19.888	7.390
2026-09-28T10:33:44.346Z	spark2	LOAD	23.388	4.108
2026-09-28T10:33:44.585Z	spark1	LOAD	19.835	7.390
2026-09-28T10:33:44.595Z	spark2	LOAD	23.393	4.108
2026-09-28T10:33:44.835Z	spark1	LOAD	19.798	7.391
2026-09-28T10:33:44.861Z	spark2	LOAD	23.393	4.108
2026-09-28T10:33:45.086Z	spark1	LOAD	19.755	7.391
2026-09-28T10:33:45.112Z	spark2	LOAD	23.393	4.108
2026-09-28T10:33:45.336Z	spark1	LOAD	19.717	7.391
2026-09-28T10:33:45.363Z	spark2	LOAD	23.393	4.108
2026-09-28T10:33:45.605Z	spark1	LOAD	19.697	7.395
2026-09-28T10:33:45.614Z	spark2	LOAD	23.393	4.108
2026-09-28T10:33:45.856Z	spark1	LOAD	19.660	7.395
2026-09-28T10:33:45.875Z	spark2	LOAD	23.393	4.108
2026-09-28T10:33:46.106Z	spark1	LOAD	19.608	7.395
2026-09-28T10:33:46.125Z	spark2	LOAD	23.394	4.108
2026-09-28T10:33:46.356Z	spark1	LOAD	19.580	7.395
2026-09-28T10:33:46.375Z	spark2	LOAD	23.394	4.108
2026-09-28T10:33:46.618Z	spark1	LOAD	19.542	7.395
2026-09-28T10:33:46.628Z	spark2	LOAD	23.394	4.108
2026-09-28T10:33:46.868Z	spark1	LOAD	19.520	7.395
2026-09-28T10:33:46.892Z	spark2	LOAD	23.395	4.108
2026-09-28T10:33:47.119Z	spark1	LOAD	19.485	7.395
2026-09-28T10:33:47.143Z	spark2	LOAD	23.395	4.108
2026-09-28T10:33:47.369Z	spark1	LOAD	19.458	7.395
2026-09-28T10:33:47.394Z	spark2	LOAD	23.395	4.108
2026-09-28T10:33:47.636Z	spark1	LOAD	19.416	7.395
2026-09-28T10:33:47.645Z	spark2	LOAD	23.395	4.108
2026-09-28T10:33:47.886Z	spark1	LOAD	19.382	7.395
2026-09-28T10:33:47.906Z	spark2	LOAD	23.397	4.108
2026-09-28T10:33:48.136Z	spark1	LOAD	19.320	7.395
2026-09-28T10:33:48.157Z	spark2	LOAD	23.397	4.108
2026-09-28T10:33:48.387Z	spark1	LOAD	19.926	7.395
2026-09-28T10:33:48.407Z	spark2	LOAD	23.397	4.108
2026-09-28T10:33:48.654Z	spark1	LOAD	21.947	7.395
2026-09-28T10:33:48.659Z	spark2	LOAD	23.397	4.108
2026-09-28T10:33:48.904Z	spark1	LOAD	22.443	7.395
2026-09-28T10:33:48.918Z	spark2	LOAD	23.398	4.108
2026-09-28T10:33:49.154Z	spark1	LOAD	22.416	7.395
2026-09-28T10:33:49.169Z	spark2	LOAD	23.398	4.108
2026-09-28T10:33:49.404Z	spark1	LOAD	22.386	7.395
2026-09-28T10:33:49.420Z	spark2	LOAD	23.398	4.108
2026-09-28T10:33:49.669Z	spark1	LOAD	22.353	7.395
2026-09-28T10:33:49.672Z	spark2	LOAD	23.398	4.108
2026-09-28T10:33:49.920Z	spark1	LOAD	22.322	7.395
2026-09-28T10:33:49.933Z	spark2	LOAD	23.398	4.108
2026-09-28T10:33:50.170Z	spark1	LOAD	22.273	7.395
2026-09-28T10:33:50.184Z	spark2	LOAD	23.398	4.108
2026-09-28T10:33:50.420Z	spark1	LOAD	22.245	7.395
2026-09-28T10:33:50.434Z	spark2	LOAD	23.398	4.108
2026-09-28T10:33:50.685Z	spark2	LOAD	23.398	4.108
2026-09-28T10:33:50.687Z	spark1	LOAD	22.209	7.395
2026-09-28T10:33:50.938Z	spark1	LOAD	22.181	7.395
2026-09-28T10:33:50.947Z	spark2	LOAD	23.398	4.108
2026-09-28T10:33:51.188Z	spark1	LOAD	22.158	7.395
2026-09-28T10:33:51.196Z	spark2	LOAD	23.398	4.108
2026-09-28T10:33:51.439Z	spark1	LOAD	22.132	7.395
2026-09-28T10:33:51.447Z	spark2	LOAD	23.398	4.108
2026-09-28T10:33:51.699Z	spark2	LOAD	23.398	4.108
2026-09-28T10:33:51.706Z	spark1	LOAD	22.098	7.395
2026-09-28T10:33:51.957Z	spark1	LOAD	22.073	7.395
2026-09-28T10:33:51.960Z	spark2	LOAD	23.398	4.108
2026-09-28T10:33:52.207Z	spark1	LOAD	22.011	7.395
2026-09-28T10:33:52.210Z	spark2	LOAD	23.398	4.108
2026-09-28T10:33:52.457Z	spark1	LOAD	21.989	7.395
2026-09-28T10:33:52.461Z	spark2	LOAD	23.398	4.108
2026-09-28T10:33:52.712Z	spark2	LOAD	23.398	4.108
2026-09-28T10:33:52.724Z	spark1	LOAD	21.959	7.395
2026-09-28T10:33:52.974Z	spark1	LOAD	21.927	7.395
2026-09-28T10:33:52.977Z	spark2	LOAD	23.398	4.108
2026-09-28T10:33:53.224Z	spark1	LOAD	21.896	7.395
2026-09-28T10:33:53.228Z	spark2	LOAD	23.398	4.108
2026-09-28T10:33:53.475Z	spark1	LOAD	21.843	7.395
2026-09-28T10:33:53.479Z	spark2	LOAD	23.398	4.108
2026-09-28T10:33:53.729Z	spark2	LOAD	23.398	4.108
2026-09-28T10:33:53.737Z	spark1	LOAD	21.782	7.395
2026-09-28T10:33:53.987Z	spark1	LOAD	21.760	7.395
2026-09-28T10:33:53.989Z	spark2	LOAD	23.397	4.106
2026-09-28T10:33:54.238Z	spark1	LOAD	21.733	7.395
2026-09-28T10:33:54.239Z	spark2	LOAD	23.378	4.106
2026-09-28T10:33:54.488Z	spark1	LOAD	21.657	7.395
2026-09-28T10:33:54.491Z	spark2	LOAD	23.376	4.103
2026-09-28T10:33:54.741Z	spark2	LOAD	23.376	4.103
2026-09-28T10:33:54.755Z	spark1	LOAD	21.623	7.395
2026-09-28T10:33:55.003Z	spark2	LOAD	23.377	4.103
2026-09-28T10:33:55.006Z	spark1	LOAD	21.598	7.395
2026-09-28T10:33:55.253Z	spark2	LOAD	23.377	4.103
2026-09-28T10:33:55.256Z	spark1	LOAD	21.569	7.395
2026-09-28T10:33:55.505Z	spark2	LOAD	23.377	4.103
2026-09-28T10:33:55.506Z	spark1	LOAD	21.542	7.395
2026-09-28T10:33:55.755Z	spark2	LOAD	23.377	4.103
2026-09-28T10:33:55.769Z	spark1	LOAD	21.499	7.395
2026-09-28T10:33:56.016Z	spark2	LOAD	23.377	4.103
2026-09-28T10:33:56.019Z	spark1	LOAD	21.472	7.395
2026-09-28T10:33:56.267Z	spark2	LOAD	23.379	4.103
2026-09-28T10:33:56.269Z	spark1	LOAD	21.455	7.395
2026-09-28T10:33:56.518Z	spark2	LOAD	23.379	4.103
2026-09-28T10:33:56.520Z	spark1	LOAD	21.403	7.395
2026-09-28T10:33:56.768Z	spark2	LOAD	23.379	4.103
2026-09-28T10:33:56.782Z	spark1	LOAD	21.367	7.395
2026-09-28T10:33:57.030Z	spark2	LOAD	23.379	4.103
2026-09-28T10:33:57.032Z	spark1	LOAD	21.340	7.395
2026-09-28T10:33:57.280Z	spark2	LOAD	23.379	4.103
2026-09-28T10:33:57.282Z	spark1	LOAD	21.332	7.395
2026-09-28T10:33:57.531Z	spark2	LOAD	23.379	4.103
2026-09-28T10:33:57.532Z	spark1	LOAD	21.315	7.395
2026-09-28T10:33:57.783Z	spark2	LOAD	23.379	4.103
2026-09-28T10:33:57.793Z	spark1	LOAD	21.289	7.395
2026-09-28T10:33:58.044Z	spark1	LOAD	21.262	7.395
2026-09-28T10:33:58.047Z	spark2	LOAD	23.381	4.103
2026-09-28T10:33:58.294Z	spark1	LOAD	21.234	7.395
2026-09-28T10:33:58.299Z	spark2	LOAD	23.382	4.103
2026-09-28T10:33:58.544Z	spark1	LOAD	21.181	7.395
2026-09-28T10:33:58.550Z	spark2	LOAD	23.382	4.103
2026-09-28T10:33:58.801Z	spark2	LOAD	23.382	4.103
2026-09-28T10:33:58.811Z	spark1	LOAD	21.151	7.395
2026-09-28T10:33:59.061Z	spark1	LOAD	21.120	7.395
2026-09-28T10:33:59.062Z	spark2	LOAD	23.382	4.103
2026-09-28T10:33:59.312Z	spark1	LOAD	21.091	7.395
2026-09-28T10:33:59.313Z	spark2	LOAD	23.382	4.103
2026-09-28T10:33:59.562Z	spark1	LOAD	21.059	7.395
2026-09-28T10:33:59.563Z	spark2	LOAD	23.382	4.103
2026-09-28T10:33:59.814Z	spark2	LOAD	23.382	4.103
2026-09-28T10:33:59.829Z	spark1	LOAD	21.016	7.395
2026-09-28T10:34:00.079Z	spark2	LOAD	23.383	4.103
2026-09-28T10:34:00.080Z	spark1	LOAD	20.983	7.395
2026-09-28T10:34:00.329Z	spark2	LOAD	23.383	4.103
2026-09-28T10:34:00.330Z	spark1	LOAD	20.953	7.395
2026-09-28T10:34:00.579Z	spark2	LOAD	23.383	4.103
2026-09-28T10:34:00.580Z	spark1	LOAD	20.886	7.395
2026-09-28T10:34:00.831Z	spark2	LOAD	23.383	4.103
2026-09-28T10:34:00.849Z	spark1	LOAD	20.863	7.395
2026-09-28T10:34:01.091Z	spark2	LOAD	23.383	4.103
2026-09-28T10:34:01.099Z	spark1	LOAD	20.832	7.395
2026-09-28T10:34:01.342Z	spark2	LOAD	23.383	4.103
2026-09-28T10:34:01.350Z	spark1	LOAD	20.799	7.395
2026-09-28T10:34:01.593Z	spark2	LOAD	23.383	4.103
2026-09-28T10:34:01.600Z	spark1	LOAD	20.763	7.395
2026-09-28T10:34:01.843Z	spark2	LOAD	23.383	4.103
2026-09-28T10:34:01.867Z	spark1	LOAD	20.733	7.395
2026-09-28T10:34:02.109Z	spark2	LOAD	23.383	4.103
2026-09-28T10:34:02.117Z	spark1	LOAD	20.702	7.395
2026-09-28T10:34:02.359Z	spark2	LOAD	23.383	4.103
2026-09-28T10:34:02.367Z	spark1	LOAD	20.672	7.395
2026-09-28T10:34:02.610Z	spark2	LOAD	23.383	4.103
2026-09-28T10:34:02.618Z	spark1	LOAD	20.605	7.395
2026-09-28T10:34:02.861Z	spark2	LOAD	23.383	4.103
2026-09-28T10:34:02.880Z	spark1	LOAD	20.573	7.394
2026-09-28T10:34:03.121Z	spark2	LOAD	23.383	4.103
2026-09-28T10:34:03.130Z	spark1	LOAD	20.545	7.394
2026-09-28T10:34:03.372Z	spark2	LOAD	23.383	4.103
2026-09-28T10:34:03.380Z	spark1	LOAD	20.519	7.396
2026-09-28T10:34:03.622Z	spark2	LOAD	23.383	4.103
2026-09-28T10:34:03.631Z	spark1	LOAD	20.490	7.396
2026-09-28T10:34:03.873Z	spark2	LOAD	23.383	4.103
2026-09-28T10:34:03.898Z	spark1	LOAD	20.457	7.396
2026-09-28T10:34:04.134Z	spark2	LOAD	23.383	4.103
2026-09-28T10:34:04.148Z	spark1	LOAD	20.427	7.396
2026-09-28T10:34:04.385Z	spark2	LOAD	23.383	4.103
2026-09-28T10:34:04.398Z	spark1	LOAD	20.359	7.396
2026-09-28T10:34:04.635Z	spark2	LOAD	23.383	4.103
2026-09-28T10:34:04.648Z	spark1	LOAD	20.344	7.396
2026-09-28T10:34:04.885Z	spark2	LOAD	23.382	4.102
2026-09-28T10:34:04.911Z	spark1	LOAD	20.301	7.396
2026-09-28T10:34:05.145Z	spark2	LOAD	23.371	4.102
2026-09-28T10:34:05.161Z	spark1	LOAD	20.262	7.396
2026-09-28T10:34:05.396Z	spark2	LOAD	23.380	4.101
2026-09-28T10:34:05.411Z	spark1	LOAD	20.218	7.396
2026-09-28T10:34:05.647Z	spark2	LOAD	23.380	4.101
2026-09-28T10:34:05.662Z	spark1	LOAD	20.160	7.396
2026-09-28T10:34:05.898Z	spark2	LOAD	23.380	4.101
2026-09-28T10:34:05.928Z	spark1	LOAD	20.110	7.396
2026-09-28T10:34:06.159Z	spark2	LOAD	23.380	4.101
2026-09-28T10:34:06.178Z	spark1	LOAD	20.078	7.396
2026-09-28T10:34:06.410Z	spark2	LOAD	23.380	4.101
2026-09-28T10:34:06.429Z	spark1	LOAD	20.071	7.396
2026-09-28T10:34:06.660Z	spark2	LOAD	23.380	4.101
2026-09-28T10:34:06.679Z	spark1	LOAD	20.000	7.396
2026-09-28T10:34:06.911Z	spark2	LOAD	23.380	4.101
2026-09-28T10:34:06.945Z	spark1	LOAD	19.970	7.396
2026-09-28T10:34:07.172Z	spark2	LOAD	23.380	4.101
2026-09-28T10:34:07.196Z	spark1	LOAD	19.917	7.397
2026-09-28T10:34:07.422Z	spark2	LOAD	23.380	4.101
2026-09-28T10:34:07.447Z	spark1	LOAD	19.891	7.397
2026-09-28T10:34:07.673Z	spark2	LOAD	23.380	4.101
2026-09-28T10:34:07.696Z	spark1	LOAD	19.860	7.397
2026-09-28T10:34:07.924Z	spark2	LOAD	23.382	4.101
2026-09-28T10:34:07.963Z	spark1	LOAD	19.836	7.397
2026-09-28T10:34:08.184Z	spark2	LOAD	23.382	4.100
2026-09-28T10:34:08.213Z	spark1	LOAD	19.807	7.397
2026-09-28T10:34:08.435Z	spark2	LOAD	23.382	4.100
2026-09-28T10:34:08.464Z	spark1	LOAD	19.767	7.398
2026-09-28T10:34:08.685Z	spark2	LOAD	23.382	4.100
2026-09-28T10:34:08.714Z	spark1	LOAD	19.710	7.398
2026-09-28T10:34:08.937Z	spark2	LOAD	23.383	4.100
2026-09-28T10:34:08.976Z	spark1	LOAD	19.686	7.398
2026-09-28T10:34:09.198Z	spark2	LOAD	23.383	4.100
2026-09-28T10:34:09.226Z	spark1	LOAD	19.657	7.398
2026-09-28T10:34:09.449Z	spark2	LOAD	23.383	4.100
2026-09-28T10:34:09.477Z	spark1	LOAD	19.702	7.398
2026-09-28T10:34:09.700Z	spark2	LOAD	23.383	4.100
2026-09-28T10:34:09.727Z	spark1	LOAD	19.674	7.398
2026-09-28T10:34:09.951Z	spark2	LOAD	23.383	4.100
2026-09-28T10:34:09.989Z	spark1	LOAD	19.633	7.398
2026-09-28T10:34:10.216Z	spark2	LOAD	23.383	4.100
2026-09-28T10:34:10.240Z	spark1	LOAD	19.601	7.398
2026-09-28T10:34:10.466Z	spark2	LOAD	23.383	4.100
2026-09-28T10:34:10.490Z	spark1	LOAD	19.574	7.398
2026-09-28T10:34:10.717Z	spark2	LOAD	23.383	4.100
2026-09-28T10:34:10.740Z	spark1	LOAD	19.519	7.399
2026-09-28T10:34:10.968Z	spark2	LOAD	23.383	4.100
2026-09-28T10:34:11.008Z	spark1	LOAD	19.463	7.399
2026-09-28T10:34:11.233Z	spark2	LOAD	23.383	4.100
2026-09-28T10:34:11.258Z	spark1	LOAD	19.432	7.399
2026-09-28T10:34:11.484Z	spark2	LOAD	23.383	4.100
2026-09-28T10:34:11.509Z	spark1	LOAD	19.402	7.399
2026-09-28T10:34:11.735Z	spark2	LOAD	23.383	4.100
2026-09-28T10:34:11.760Z	spark1	LOAD	19.398	7.401
2026-09-28T10:34:11.986Z	spark2	LOAD	23.383	4.100
2026-09-28T10:34:12.026Z	spark1	LOAD	19.362	7.401
2026-09-28T10:34:12.247Z	spark2	LOAD	23.383	4.100
2026-09-28T10:34:12.277Z	spark1	LOAD	19.332	7.401
2026-09-28T10:34:12.498Z	spark2	LOAD	23.383	4.100
2026-09-28T10:34:12.527Z	spark1	LOAD	19.299	7.399
2026-09-28T10:34:12.748Z	spark2	LOAD	23.383	4.100
2026-09-28T10:34:12.777Z	spark1	LOAD	19.266	7.399
2026-09-28T10:34:12.999Z	spark2	LOAD	23.383	4.100
2026-09-28T10:34:13.044Z	spark1	LOAD	19.221	7.399
2026-09-28T10:34:13.260Z	spark2	LOAD	23.383	4.100
2026-09-28T10:34:13.295Z	spark1	LOAD	20.451	7.399
2026-09-28T10:34:13.511Z	spark2	LOAD	23.383	4.100
2026-09-28T10:34:13.545Z	spark1	LOAD	22.309	7.399
2026-09-28T10:34:13.761Z	spark2	LOAD	23.383	4.100
2026-09-28T10:34:13.796Z	spark1	LOAD	22.406	7.399
2026-09-28T10:34:14.011Z	spark2	LOAD	23.383	4.100
2026-09-28T10:34:14.064Z	spark1	LOAD	22.371	7.399
2026-09-28T10:34:14.273Z	spark2	LOAD	23.383	4.100
2026-09-28T10:34:14.315Z	spark1	LOAD	22.338	7.399
2026-09-28T10:34:14.523Z	spark2	LOAD	23.383	4.100
2026-09-28T10:34:14.565Z	spark1	LOAD	22.307	7.399
2026-09-28T10:34:14.774Z	spark2	LOAD	23.383	4.100
2026-09-28T10:34:14.815Z	spark1	LOAD	22.278	7.399
2026-09-28T10:34:15.024Z	spark2	LOAD	23.383	4.100
2026-09-28T10:34:15.084Z	spark1	LOAD	22.210	7.399
2026-09-28T10:34:15.290Z	spark2	LOAD	23.383	4.100
2026-09-28T10:34:15.334Z	spark1	LOAD	22.146	7.399
2026-09-28T10:34:15.541Z	spark2	LOAD	23.384	4.100
2026-09-28T10:34:15.584Z	spark1	LOAD	22.116	7.398
2026-09-28T10:34:15.791Z	spark2	LOAD	23.383	4.099
2026-09-28T10:34:15.835Z	spark1	LOAD	22.077	7.398
2026-09-28T10:34:16.041Z	spark2	LOAD	23.375	4.099
2026-09-28T10:34:16.101Z	spark1	LOAD	22.048	7.398
2026-09-28T10:34:16.303Z	spark2	LOAD	23.383	4.097
2026-09-28T10:34:16.352Z	spark1	LOAD	21.998	7.398
2026-09-28T10:34:16.552Z	spark2	LOAD	23.383	4.097
2026-09-28T10:34:16.602Z	spark1	LOAD	21.967	7.398
2026-09-28T10:34:16.803Z	spark2	LOAD	23.383	4.097
2026-09-28T10:34:16.852Z	spark1	LOAD	21.943	7.398
2026-09-28T10:34:17.054Z	spark2	LOAD	23.384	4.097
2026-09-28T10:34:17.120Z	spark1	LOAD	21.897	7.398
2026-09-28T10:34:17.314Z	spark2	LOAD	23.384	4.097
2026-09-28T10:34:17.370Z	spark1	LOAD	21.870	7.398
2026-09-28T10:34:17.566Z	spark2	LOAD	23.384	4.097
2026-09-28T10:34:17.620Z	spark1	LOAD	21.842	7.398
2026-09-28T10:34:17.817Z	spark2	LOAD	23.384	4.097
2026-09-28T10:34:17.871Z	spark1	LOAD	21.811	7.398
2026-09-28T10:34:18.068Z	spark2	LOAD	23.385	4.097
2026-09-28T10:34:18.133Z	spark1	LOAD	21.785	7.398
2026-09-28T10:34:18.332Z	spark2	LOAD	23.385	4.097
2026-09-28T10:34:18.384Z	spark1	LOAD	21.765	7.398
2026-09-28T10:34:18.583Z	spark2	LOAD	23.385	4.097
2026-09-28T10:34:18.634Z	spark1	LOAD	21.758	7.398
2026-09-28T10:34:18.833Z	spark2	LOAD	23.385	4.097
2026-09-28T10:34:18.884Z	spark1	LOAD	21.732	7.398
2026-09-28T10:34:19.084Z	spark2	LOAD	23.386	4.097
2026-09-28T10:34:19.151Z	spark1	LOAD	21.672	7.398
2026-09-28T10:34:19.349Z	spark2	LOAD	23.386	4.097
2026-09-28T10:34:19.401Z	spark1	LOAD	21.646	7.398
2026-09-28T10:34:19.599Z	spark2	LOAD	23.386	4.097
2026-09-28T10:34:19.652Z	spark1	LOAD	21.632	7.398
2026-09-28T10:34:19.850Z	spark2	LOAD	23.386	4.097
2026-09-28T10:34:19.902Z	spark1	LOAD	21.604	7.398
2026-09-28T10:34:20.100Z	spark2	LOAD	23.388	4.097
2026-09-28T10:34:20.164Z	spark1	LOAD	21.575	7.398
2026-09-28T10:34:20.361Z	spark2	LOAD	23.388	4.097
2026-09-28T10:34:20.415Z	spark1	LOAD	21.547	7.398
2026-09-28T10:34:20.611Z	spark2	LOAD	23.388	4.097
2026-09-28T10:34:20.665Z	spark1	LOAD	21.520	7.398
2026-09-28T10:34:20.862Z	spark2	LOAD	23.388	4.097
2026-09-28T10:34:20.915Z	spark1	LOAD	21.493	7.398
2026-09-28T10:34:21.112Z	spark2	LOAD	23.388	4.097
2026-09-28T10:34:21.184Z	spark1	LOAD	21.431	7.398
2026-09-28T10:34:21.373Z	spark2	LOAD	23.388	4.097
2026-09-28T10:34:21.434Z	spark1	LOAD	21.402	7.398
2026-09-28T10:34:21.624Z	spark2	LOAD	23.388	4.097
2026-09-28T10:34:21.685Z	spark1	LOAD	21.374	7.398
2026-09-28T10:34:21.875Z	spark2	LOAD	23.388	4.097
2026-09-28T10:34:21.935Z	spark1	LOAD	21.348	7.398
2026-09-28T10:34:22.125Z	spark2	LOAD	23.388	4.097
2026-09-28T10:34:22.202Z	spark1	LOAD	21.317	7.398
2026-09-28T10:34:22.386Z	spark2	LOAD	23.388	4.097
2026-09-28T10:34:22.452Z	spark1	LOAD	21.290	7.398
2026-09-28T10:34:22.637Z	spark2	LOAD	23.388	4.097
2026-09-28T10:34:22.702Z	spark1	LOAD	21.262	7.398
2026-09-28T10:34:22.888Z	spark2	LOAD	23.388	4.097
2026-09-28T10:34:22.953Z	spark1	LOAD	21.197	7.398
2026-09-28T10:34:23.138Z	spark2	LOAD	23.388	4.097
2026-09-28T10:34:23.221Z	spark1	LOAD	21.136	7.398
2026-09-28T10:34:23.403Z	spark2	LOAD	23.388	4.097
2026-09-28T10:34:23.472Z	spark1	LOAD	21.109	7.398
2026-09-28T10:34:23.654Z	spark2	LOAD	23.388	4.097
2026-09-28T10:34:23.722Z	spark1	LOAD	21.091	7.398
2026-09-28T10:34:23.904Z	spark2	LOAD	23.388	4.097
2026-09-28T10:34:23.973Z	spark1	LOAD	21.066	7.398
2026-09-28T10:34:24.155Z	spark2	LOAD	23.388	4.097
2026-09-28T10:34:24.236Z	spark1	LOAD	21.019	7.398
2026-09-28T10:34:24.417Z	spark2	LOAD	23.388	4.097
2026-09-28T10:34:24.487Z	spark1	LOAD	20.994	7.398
2026-09-28T10:34:24.667Z	spark2	LOAD	23.388	4.097
2026-09-28T10:34:24.737Z	spark1	LOAD	20.955	7.398
2026-09-28T10:34:24.917Z	spark2	LOAD	23.388	4.097
2026-09-28T10:34:24.988Z	spark1	LOAD	20.925	7.398
2026-09-28T10:34:25.168Z	spark2	LOAD	23.388	4.097
2026-09-28T10:34:25.250Z	spark1	LOAD	20.871	7.398
2026-09-28T10:34:25.428Z	spark2	LOAD	23.388	4.097
2026-09-28T10:34:25.500Z	spark1	LOAD	20.838	7.398
2026-09-28T10:34:25.680Z	spark2	LOAD	23.391	4.097
2026-09-28T10:34:25.751Z	spark1	LOAD	20.799	7.398
2026-09-28T10:34:25.930Z	spark2	LOAD	23.391	4.097
2026-09-28T10:34:26.002Z	spark1	LOAD	20.771	7.398
2026-09-28T10:34:26.180Z	spark2	LOAD	23.391	4.097
2026-09-28T10:34:26.269Z	spark1	LOAD	20.703	7.398
2026-09-28T10:34:26.445Z	spark2	LOAD	23.391	4.097
2026-09-28T10:34:26.520Z	spark1	LOAD	20.671	7.398
2026-09-28T10:34:26.696Z	spark2	LOAD	23.390	4.096
2026-09-28T10:34:26.770Z	spark1	LOAD	20.642	7.398
2026-09-28T10:34:26.946Z	spark2	LOAD	23.379	4.096
2026-09-28T10:34:27.020Z	spark1	LOAD	20.612	7.398
2026-09-28T10:34:27.196Z	spark2	LOAD	23.394	4.094
2026-09-28T10:34:27.288Z	spark1	LOAD	20.548	7.398
2026-09-28T10:34:27.457Z	spark2	LOAD	23.393	4.094
2026-09-28T10:34:27.538Z	spark1	LOAD	20.516	7.398
2026-09-28T10:34:27.708Z	spark2	LOAD	23.393	4.094
2026-09-28T10:34:27.788Z	spark1	LOAD	20.575	7.398
2026-09-28T10:34:27.958Z	spark2	LOAD	23.393	4.094
2026-09-28T10:34:28.039Z	spark1	LOAD	20.529	7.398
2026-09-28T10:34:28.209Z	spark2	LOAD	23.393	4.094
2026-09-28T10:34:28.307Z	spark1	LOAD	20.492	7.398
2026-09-28T10:34:28.471Z	spark2	LOAD	23.393	4.094
2026-09-28T10:34:28.558Z	spark1	LOAD	20.463	7.398
2026-09-28T10:34:28.722Z	spark2	LOAD	23.393	4.094
2026-09-28T10:34:28.808Z	spark1	LOAD	20.433	7.398
2026-09-28T10:34:28.972Z	spark2	LOAD	23.393	4.094
2026-09-28T10:34:29.059Z	spark1	LOAD	20.402	7.398
2026-09-28T10:34:29.223Z	spark2	LOAD	23.393	4.094
2026-09-28T10:34:29.325Z	spark1	LOAD	20.237	7.399
2026-09-28T10:34:29.487Z	spark2	LOAD	23.393	4.094
2026-09-28T10:34:29.575Z	spark1	LOAD	20.314	7.403
2026-09-28T10:34:29.739Z	spark2	LOAD	23.392	4.094
2026-09-28T10:34:29.826Z	spark1	LOAD	20.280	7.403
2026-09-28T10:34:29.988Z	spark2	LOAD	23.392	4.094
2026-09-28T10:34:30.076Z	spark1	LOAD	20.245	7.403
2026-09-28T10:34:30.240Z	spark2	LOAD	23.392	4.094
2026-09-28T10:34:30.345Z	spark1	LOAD	20.203	7.403
2026-09-28T10:34:30.501Z	spark2	LOAD	23.392	4.094
2026-09-28T10:34:30.595Z	spark1	LOAD	20.140	7.403
2026-09-28T10:34:30.751Z	spark2	LOAD	23.392	4.094
2026-09-28T10:34:30.845Z	spark1	LOAD	19.795	7.403
2026-09-28T10:34:31.002Z	spark2	LOAD	23.392	4.094
2026-09-28T10:34:31.095Z	spark1	LOAD	19.568	7.399
2026-09-28T10:34:31.253Z	spark2	LOAD	23.392	4.094
2026-09-28T10:34:31.357Z	spark1	LOAD	19.529	7.399
2026-09-28T10:34:31.513Z	spark2	LOAD	23.392	4.094
2026-09-28T10:34:31.608Z	spark1	LOAD	19.996	7.399
2026-09-28T10:34:31.764Z	spark2	LOAD	23.392	4.094
2026-09-28T10:34:31.858Z	spark1	LOAD	19.960	7.399
2026-09-28T10:34:32.015Z	spark2	LOAD	23.392	4.094
2026-09-28T10:34:32.108Z	spark1	LOAD	19.950	7.399
2026-09-28T10:34:32.265Z	spark2	LOAD	23.392	4.094
2026-09-28T10:34:32.375Z	spark1	LOAD	19.913	7.399
2026-09-28T10:34:32.526Z	spark2	LOAD	23.392	4.094
2026-09-28T10:34:32.625Z	spark1	LOAD	19.881	7.399
2026-09-28T10:34:32.777Z	spark2	LOAD	23.392	4.094
2026-09-28T10:34:32.875Z	spark1	LOAD	19.855	7.399
2026-09-28T10:34:33.027Z	spark2	LOAD	23.392	4.094
2026-09-28T10:34:33.126Z	spark1	LOAD	19.843	7.399
2026-09-28T10:34:33.277Z	spark2	LOAD	23.392	4.094
2026-09-28T10:34:33.393Z	spark1	LOAD	19.810	7.399
2026-09-28T10:34:33.538Z	spark2	LOAD	23.392	4.094
2026-09-28T10:34:33.643Z	spark1	LOAD	19.739	7.399
2026-09-28T10:34:33.789Z	spark2	LOAD	23.392	4.094
2026-09-28T10:34:33.893Z	spark1	LOAD	19.708	7.399
2026-09-28T10:34:34.039Z	spark2	LOAD	23.391	4.094
2026-09-28T10:34:34.144Z	spark1	LOAD	19.678	7.399
2026-09-28T10:34:34.290Z	spark2	LOAD	23.391	4.094
2026-09-28T10:34:34.406Z	spark1	LOAD	19.642	7.399
2026-09-28T10:34:34.550Z	spark2	LOAD	23.391	4.094
2026-09-28T10:34:34.656Z	spark1	LOAD	19.610	7.399
2026-09-28T10:34:34.800Z	spark2	LOAD	23.391	4.094
2026-09-28T10:34:34.906Z	spark1	LOAD	19.574	7.399
2026-09-28T10:34:35.051Z	spark2	LOAD	23.391	4.094
2026-09-28T10:34:35.157Z	spark1	LOAD	19.540	7.399
2026-09-28T10:34:35.302Z	spark2	LOAD	23.391	4.094
2026-09-28T10:34:35.426Z	spark1	LOAD	19.500	7.399
2026-09-28T10:34:35.562Z	spark2	LOAD	23.391	4.094
2026-09-28T10:34:35.676Z	spark1	LOAD	19.425	7.399
2026-09-28T10:34:35.813Z	spark2	LOAD	23.391	4.094
2026-09-28T10:34:35.926Z	spark1	LOAD	19.391	7.399
2026-09-28T10:34:36.064Z	spark2	LOAD	23.392	4.094
2026-09-28T10:34:36.176Z	spark1	LOAD	19.362	7.399
2026-09-28T10:34:36.315Z	spark2	LOAD	23.392	4.094
2026-09-28T10:34:36.443Z	spark1	LOAD	19.386	7.399
2026-09-28T10:34:36.575Z	spark2	LOAD	23.391	4.094
2026-09-28T10:34:36.693Z	spark1	LOAD	19.347	7.399
2026-09-28T10:34:36.826Z	spark2	LOAD	23.391	4.094
2026-09-28T10:34:36.943Z	spark1	LOAD	19.317	7.399
2026-09-28T10:34:37.077Z	spark2	LOAD	23.391	4.094
2026-09-28T10:34:37.194Z	spark1	LOAD	19.270	7.399
2026-09-28T10:34:37.327Z	spark2	LOAD	23.391	4.094
2026-09-28T10:34:37.460Z	spark1	LOAD	19.232	7.400
2026-09-28T10:34:37.587Z	spark2	LOAD	23.383	4.093
2026-09-28T10:34:37.710Z	spark1	LOAD	19.173	7.400
2026-09-28T10:34:37.838Z	spark2	LOAD	23.397	4.093
2026-09-28T10:34:37.961Z	spark1	LOAD	19.819	7.399
2026-09-28T10:34:38.088Z	spark2	LOAD	23.373	4.092
2026-09-28T10:34:38.211Z	spark1	LOAD	22.242	7.399
2026-09-28T10:34:38.339Z	spark2	LOAD	23.374	4.091
2026-09-28T10:34:38.473Z	spark1	LOAD	22.433	7.399
2026-09-28T10:34:38.604Z	spark2	LOAD	23.374	4.091
2026-09-28T10:34:38.724Z	spark1	LOAD	22.415	7.399
2026-09-28T10:34:38.854Z	spark2	LOAD	23.374	4.091
2026-09-28T10:34:38.974Z	spark1	LOAD	22.395	7.399
2026-09-28T10:34:39.106Z	spark2	LOAD	23.374	4.091
2026-09-28T10:34:39.224Z	spark1	LOAD	22.382	7.399
2026-09-28T10:34:39.356Z	spark2	LOAD	23.374	4.091
2026-09-28T10:34:39.493Z	spark1	LOAD	22.350	7.399
2026-09-28T10:34:39.621Z	spark2	LOAD	23.373	4.091
2026-09-28T10:34:39.743Z	spark1	LOAD	22.305	7.399
2026-09-28T10:34:39.872Z	spark2	LOAD	23.373	4.091
2026-09-28T10:34:39.994Z	spark1	LOAD	22.280	7.399
2026-09-28T10:34:40.123Z	spark2	LOAD	23.375	4.091
2026-09-28T10:34:40.244Z	spark1	LOAD	22.247	7.399
2026-09-28T10:34:40.374Z	spark2	LOAD	23.375	4.091
2026-09-28T10:34:40.511Z	spark1	LOAD	22.216	7.399
2026-09-28T10:34:40.634Z	spark2	LOAD	23.375	4.091
2026-09-28T10:34:40.762Z	spark1	LOAD	22.174	7.399
2026-09-28T10:34:40.885Z	spark2	LOAD	23.375	4.091
2026-09-28T10:34:41.012Z	spark1	LOAD	22.146	7.398
2026-09-28T10:34:41.136Z	spark2	LOAD	23.377	4.091
2026-09-28T10:34:41.262Z	spark1	LOAD	22.116	7.398
2026-09-28T10:34:41.386Z	spark2	LOAD	23.385	4.091
2026-09-28T10:34:41.529Z	spark1	LOAD	22.080	7.398
2026-09-28T10:34:41.647Z	spark2	LOAD	23.384	4.091
2026-09-28T10:34:41.779Z	spark1	LOAD	22.035	7.398
2026-09-28T10:34:41.898Z	spark2	LOAD	23.384	4.091
2026-09-28T10:34:42.030Z	spark1	LOAD	22.006	7.398
2026-09-28T10:34:42.149Z	spark2	LOAD	23.386	4.091
2026-09-28T10:34:42.280Z	spark1	LOAD	21.970	7.398
2026-09-28T10:34:42.399Z	spark2	LOAD	23.386	4.091
2026-09-28T10:34:42.542Z	spark1	LOAD	21.932	7.398
2026-09-28T10:34:42.660Z	spark2	LOAD	23.385	4.091
2026-09-28T10:34:42.792Z	spark1	LOAD	21.899	7.398
2026-09-28T10:34:42.911Z	spark2	LOAD	23.385	4.091
2026-09-28T10:34:43.042Z	spark1	LOAD	21.865	7.398
2026-09-28T10:34:43.162Z	spark2	LOAD	23.385	4.091
2026-09-28T10:34:43.293Z	spark1	LOAD	21.835	7.398
2026-09-28T10:34:43.411Z	spark2	LOAD	23.385	4.091
2026-09-28T10:34:43.562Z	spark1	LOAD	21.792	7.398
2026-09-28T10:34:43.673Z	spark2	LOAD	23.385	4.091
2026-09-28T10:34:43.812Z	spark1	LOAD	21.728	7.398
2026-09-28T10:34:43.923Z	spark2	LOAD	23.385	4.091
2026-09-28T10:34:44.062Z	spark1	LOAD	21.697	7.398
2026-09-28T10:34:44.175Z	spark2	LOAD	23.385	4.091
2026-09-28T10:34:44.313Z	spark1	LOAD	21.668	7.398
2026-09-28T10:34:44.425Z	spark2	LOAD	23.385	4.091
2026-09-28T10:34:44.575Z	spark1	LOAD	21.635	7.398
2026-09-28T10:34:44.685Z	spark2	LOAD	23.385	4.091
2026-09-28T10:34:44.826Z	spark1	LOAD	21.611	7.398
2026-09-28T10:34:44.935Z	spark2	LOAD	23.385	4.091
2026-09-28T10:34:45.076Z	spark1	LOAD	21.581	7.398
2026-09-28T10:34:45.187Z	spark2	LOAD	23.385	4.091
2026-09-28T10:34:45.326Z	spark1	LOAD	21.552	7.398
2026-09-28T10:34:45.438Z	spark2	LOAD	23.385	4.091
2026-09-28T10:34:45.593Z	spark1	LOAD	21.520	7.398
2026-09-28T10:34:45.702Z	spark2	LOAD	23.385	4.091
2026-09-28T10:34:45.843Z	spark1	LOAD	21.456	7.398
2026-09-28T10:34:45.953Z	spark2	LOAD	23.385	4.091
2026-09-28T10:34:46.093Z	spark1	LOAD	21.425	7.398
2026-09-28T10:34:46.204Z	spark2	LOAD	23.385	4.091
2026-09-28T10:34:46.344Z	spark1	LOAD	21.396	7.398
2026-09-28T10:34:46.454Z	spark2	LOAD	23.385	4.091
2026-09-28T10:34:46.612Z	spark1	LOAD	21.359	7.398
2026-09-28T10:34:46.715Z	spark2	LOAD	23.385	4.091
2026-09-28T10:34:46.863Z	spark1	LOAD	21.328	7.398
2026-09-28T10:34:46.965Z	spark2	LOAD	23.385	4.091
2026-09-28T10:34:47.113Z	spark1	LOAD	21.304	7.398
2026-09-28T10:34:47.216Z	spark2	LOAD	23.386	4.091
2026-09-28T10:34:47.363Z	spark1	LOAD	21.275	7.398
2026-09-28T10:34:47.467Z	spark2	LOAD	23.386	4.091
2026-09-28T10:34:47.632Z	spark1	LOAD	21.243	7.398
2026-09-28T10:34:47.732Z	spark2	LOAD	23.385	4.091
2026-09-28T10:34:47.882Z	spark1	LOAD	21.180	7.398
2026-09-28T10:34:47.983Z	spark2	LOAD	23.385	4.091
2026-09-28T10:34:48.132Z	spark1	LOAD	21.148	7.398
2026-09-28T10:34:48.233Z	spark2	LOAD	23.385	4.091
2026-09-28T10:34:48.382Z	spark1	LOAD	21.076	7.398
2026-09-28T10:34:48.484Z	spark2	LOAD	23.384	4.091
2026-09-28T10:34:48.652Z	spark1	LOAD	21.045	7.398
2026-09-28T10:34:48.748Z	spark2	LOAD	23.382	4.090
2026-09-28T10:34:48.902Z	spark1	LOAD	21.017	7.398
2026-09-28T10:34:48.999Z	spark2	LOAD	23.377	4.090
2026-09-28T10:34:49.152Z	spark1	LOAD	20.962	7.398
2026-09-28T10:34:49.250Z	spark2	LOAD	23.382	4.088
2026-09-28T10:34:49.402Z	spark1	LOAD	20.932	7.398
2026-09-28T10:34:49.500Z	spark2	LOAD	23.382	4.088
2026-09-28T10:34:49.669Z	spark1	LOAD	20.905	7.398
2026-09-28T10:34:49.761Z	spark2	LOAD	23.382	4.088
2026-09-28T10:34:49.919Z	spark1	LOAD	20.856	7.398
2026-09-28T10:34:50.012Z	spark2	LOAD	23.382	4.088
2026-09-28T10:34:50.169Z	spark1	LOAD	20.828	7.398
2026-09-28T10:34:50.263Z	spark2	LOAD	23.382	4.088
2026-09-28T10:34:50.420Z	spark1	LOAD	20.800	7.398
2026-09-28T10:34:50.514Z	spark2	LOAD	23.382	4.088
2026-09-28T10:34:50.686Z	spark1	LOAD	20.769	7.398
2026-09-28T10:34:50.774Z	spark2	LOAD	23.382	4.088
2026-09-28T10:34:50.937Z	spark1	LOAD	20.807	7.398
2026-09-28T10:34:51.025Z	spark2	LOAD	23.382	4.088
2026-09-28T10:34:51.187Z	spark1	LOAD	20.764	7.397
2026-09-28T10:34:51.276Z	spark2	LOAD	23.382	4.088
2026-09-28T10:34:51.438Z	spark1	LOAD	20.723	7.397
2026-09-28T10:34:51.526Z	spark2	LOAD	23.382	4.088
2026-09-28T10:34:51.706Z	spark1	LOAD	20.683	7.397
2026-09-28T10:34:51.791Z	spark2	LOAD	23.382	4.088
2026-09-28T10:34:51.956Z	spark1	LOAD	20.652	7.397
2026-09-28T10:34:52.042Z	spark2	LOAD	23.382	4.088
2026-09-28T10:34:52.206Z	spark1	LOAD	20.590	7.397
2026-09-28T10:34:52.292Z	spark2	LOAD	23.382	4.088
2026-09-28T10:34:52.457Z	spark1	LOAD	20.562	7.397
2026-09-28T10:34:52.542Z	spark2	LOAD	23.382	4.088
2026-09-28T10:34:52.719Z	spark1	LOAD	20.533	7.398
2026-09-28T10:34:52.804Z	spark2	LOAD	23.382	4.088
2026-09-28T10:34:52.969Z	spark1	LOAD	20.506	7.398
2026-09-28T10:34:53.054Z	spark2	LOAD	23.382	4.088
2026-09-28T10:34:53.219Z	spark1	LOAD	20.482	7.398
2026-09-28T10:34:53.305Z	spark2	LOAD	23.382	4.088
2026-09-28T10:34:53.470Z	spark1	LOAD	20.453	7.398
2026-09-28T10:34:53.556Z	spark2	LOAD	23.382	4.088
2026-09-28T10:34:53.732Z	spark1	LOAD	20.438	7.398
2026-09-28T10:34:53.817Z	spark2	LOAD	23.382	4.088
2026-09-28T10:34:53.982Z	spark1	LOAD	20.407	7.398
2026-09-28T10:34:54.067Z	spark2	LOAD	23.382	4.088
2026-09-28T10:34:54.232Z	spark1	LOAD	20.346	7.398
2026-09-28T10:34:54.318Z	spark2	LOAD	23.382	4.088
2026-09-28T10:34:54.483Z	spark1	LOAD	20.320	7.398
2026-09-28T10:34:54.569Z	spark2	LOAD	23.382	4.088
2026-09-28T10:34:54.749Z	spark1	LOAD	20.274	7.398
2026-09-28T10:34:54.830Z	spark2	LOAD	23.382	4.088
2026-09-28T10:34:54.999Z	spark1	LOAD	20.239	7.398
2026-09-28T10:34:55.081Z	spark2	LOAD	23.382	4.088
2026-09-28T10:34:55.250Z	spark1	LOAD	19.782	7.398
2026-09-28T10:34:55.331Z	spark2	LOAD	23.382	4.088
2026-09-28T10:34:55.501Z	spark1	LOAD	19.670	7.398
2026-09-28T10:34:55.581Z	spark2	LOAD	23.382	4.088
2026-09-28T10:34:55.769Z	spark1	LOAD	19.601	7.398
2026-09-28T10:34:55.847Z	spark2	LOAD	23.381	4.088
2026-09-28T10:34:56.020Z	spark1	LOAD	20.132	7.398
2026-09-28T10:34:56.097Z	spark2	LOAD	23.381	4.088
2026-09-28T10:34:56.270Z	spark1	LOAD	19.641	7.398
2026-09-28T10:34:56.348Z	spark2	LOAD	23.381	4.088
2026-09-28T10:34:56.521Z	spark1	LOAD	20.133	7.399
2026-09-28T10:34:56.599Z	spark2	LOAD	23.381	4.088
2026-09-28T10:34:56.788Z	spark1	LOAD	20.100	7.402
2026-09-28T10:34:56.859Z	spark2	LOAD	23.381	4.088
2026-09-28T10:34:57.038Z	spark1	LOAD	20.066	7.402
2026-09-28T10:34:57.110Z	spark2	LOAD	23.381	4.088
2026-09-28T10:34:57.289Z	spark1	LOAD	20.046	7.403
2026-09-28T10:34:57.360Z	spark2	LOAD	23.381	4.088
2026-09-28T10:34:57.540Z	spark1	LOAD	20.015	7.403
2026-09-28T10:34:57.612Z	spark2	LOAD	23.381	4.088
2026-09-28T10:34:57.803Z	spark1	LOAD	19.979	7.403
2026-09-28T10:34:57.871Z	spark2	LOAD	23.381	4.088
2026-09-28T10:34:58.053Z	spark1	LOAD	19.954	7.403
2026-09-28T10:34:58.122Z	spark2	LOAD	23.381	4.088
2026-09-28T10:34:58.303Z	spark1	LOAD	19.889	7.403
2026-09-28T10:34:58.373Z	spark2	LOAD	23.381	4.088
2026-09-28T10:34:58.554Z	spark1	LOAD	19.858	7.403
2026-09-28T10:34:58.625Z	spark2	LOAD	23.381	4.088
2026-09-28T10:34:58.815Z	spark1	LOAD	19.826	7.403
2026-09-28T10:34:58.890Z	spark2	LOAD	23.381	4.088
2026-09-28T10:34:59.066Z	spark1	LOAD	19.791	7.403
2026-09-28T10:34:59.140Z	spark2	LOAD	23.381	4.088
2026-09-28T10:34:59.316Z	spark1	LOAD	19.712	7.402
2026-09-28T10:34:59.392Z	spark2	LOAD	23.381	4.088
2026-09-28T10:34:59.566Z	spark1	LOAD	19.672	7.402
2026-09-28T10:34:59.642Z	spark2	LOAD	23.380	4.087
2026-09-28T10:34:59.828Z	spark1	LOAD	19.642	7.402
2026-09-28T10:34:59.907Z	spark2	LOAD	23.355	4.087
2026-09-28T10:35:00.078Z	spark1	LOAD	19.589	7.402
2026-09-28T10:35:00.157Z	spark2	LOAD	23.368	4.086
2026-09-28T10:35:00.328Z	spark1	LOAD	19.651	7.403
2026-09-28T10:35:00.409Z	spark2	LOAD	23.368	4.086
2026-09-28T10:35:00.579Z	spark1	LOAD	19.609	7.403
2026-09-28T10:35:00.659Z	spark2	LOAD	23.368	4.086
2026-09-28T10:35:00.847Z	spark1	LOAD	19.565	7.403
2026-09-28T10:35:00.921Z	spark2	LOAD	23.368	4.086
2026-09-28T10:35:01.097Z	spark1	LOAD	19.538	7.403
2026-09-28T10:35:01.171Z	spark2	LOAD	23.369	4.086
2026-09-28T10:35:01.348Z	spark1	LOAD	19.507	7.403
2026-09-28T10:35:01.423Z	spark2	LOAD	23.369	4.086
2026-09-28T10:35:01.598Z	spark1	LOAD	19.478	7.403
2026-09-28T10:35:01.674Z	spark2	LOAD	23.369	4.086
2026-09-28T10:35:01.860Z	spark1	LOAD	19.438	7.403
2026-09-28T10:35:01.933Z	spark2	LOAD	23.369	4.086
2026-09-28T10:35:02.111Z	spark1	LOAD	19.397	7.403
2026-09-28T10:35:02.185Z	spark2	LOAD	23.370	4.086
2026-09-28T10:35:02.361Z	spark1	LOAD	19.347	7.403
2026-09-28T10:35:02.435Z	spark2	LOAD	23.370	4.086
2026-09-28T10:35:02.611Z	spark1	LOAD	19.306	7.403
2026-09-28T10:35:02.686Z	spark2	LOAD	23.370	4.086
2026-09-28T10:35:02.878Z	spark1	LOAD	20.915	7.403
2026-09-28T10:35:02.947Z	spark2	LOAD	23.369	4.086
2026-09-28T10:35:03.129Z	spark1	LOAD	22.514	7.403
2026-09-28T10:35:03.198Z	spark2	LOAD	23.369	4.086
2026-09-28T10:35:03.379Z	spark1	LOAD	22.497	7.403
2026-09-28T10:35:03.448Z	spark2	LOAD	23.369	4.086
2026-09-28T10:35:03.629Z	spark1	LOAD	22.477	7.403
2026-09-28T10:35:03.700Z	spark2	LOAD	23.369	4.086
2026-09-28T10:35:03.891Z	spark1	LOAD	22.461	7.403
2026-09-28T10:35:03.960Z	spark2	LOAD	23.369	4.086
2026-09-28T10:35:04.141Z	spark1	LOAD	22.391	7.403
2026-09-28T10:35:04.211Z	spark2	LOAD	23.369	4.086
2026-09-28T10:35:04.391Z	spark1	LOAD	22.344	7.403
2026-09-28T10:35:04.462Z	spark2	LOAD	23.369	4.086
2026-09-28T10:35:04.642Z	spark1	LOAD	22.320	7.403
2026-09-28T10:35:04.712Z	spark2	LOAD	23.369	4.086
2026-09-28T10:35:04.908Z	spark1	LOAD	22.284	7.403
2026-09-28T10:35:04.973Z	spark2	LOAD	23.370	4.086
2026-09-28T10:35:05.159Z	spark1	LOAD	22.247	7.403
2026-09-28T10:35:05.224Z	spark2	LOAD	23.370	4.086
2026-09-28T10:35:05.409Z	spark1	LOAD	22.214	7.403
2026-09-28T10:35:05.476Z	spark2	LOAD	23.370	4.086
2026-09-28T10:35:05.659Z	spark1	LOAD	22.185	7.403
2026-09-28T10:35:05.726Z	spark2	LOAD	23.370	4.086
2026-09-28T10:35:05.921Z	spark1	LOAD	22.137	7.403
2026-09-28T10:35:05.987Z	spark2	LOAD	23.370	4.086
2026-09-28T10:35:06.172Z	spark1	LOAD	22.111	7.403
2026-09-28T10:35:06.238Z	spark2	LOAD	23.370	4.086
2026-09-28T10:35:06.422Z	spark1	LOAD	22.054	7.403
2026-09-28T10:35:06.490Z	spark2	LOAD	23.370	4.086
2026-09-28T10:35:06.673Z	spark1	LOAD	22.020	7.403
2026-09-28T10:35:06.740Z	spark2	LOAD	23.370	4.086
2026-09-28T10:35:06.934Z	spark1	LOAD	21.988	7.403
2026-09-28T10:35:07.005Z	spark2	LOAD	23.370	4.086
2026-09-28T10:35:07.185Z	spark1	LOAD	21.955	7.403
2026-09-28T10:35:07.255Z	spark2	LOAD	23.370	4.086
2026-09-28T10:35:07.435Z	spark1	LOAD	21.896	7.403
2026-09-28T10:35:07.506Z	spark2	LOAD	23.370	4.086
2026-09-28T10:35:07.685Z	spark1	LOAD	21.867	7.403
2026-09-28T10:35:07.757Z	spark2	LOAD	23.370	4.086
2026-09-28T10:35:07.953Z	spark1	LOAD	21.833	7.403
2026-09-28T10:35:08.016Z	spark2	LOAD	23.370	4.086
2026-09-28T10:35:08.203Z	spark1	LOAD	21.799	7.403
2026-09-28T10:35:08.267Z	spark2	LOAD	23.370	4.086
2026-09-28T10:35:08.453Z	spark1	LOAD	21.743	7.403
2026-09-28T10:35:08.518Z	spark2	LOAD	23.370	4.086
2026-09-28T10:35:08.703Z	spark1	LOAD	21.713	7.403
2026-09-28T10:35:08.769Z	spark2	LOAD	23.370	4.086
2026-09-28T10:35:08.966Z	spark1	LOAD	21.690	7.403
2026-09-28T10:35:09.029Z	spark2	LOAD	23.371	4.086
2026-09-28T10:35:09.216Z	spark1	LOAD	21.666	7.403
2026-09-28T10:35:09.280Z	spark2	LOAD	23.371	4.086
2026-09-28T10:35:09.466Z	spark1	LOAD	21.635	7.403
2026-09-28T10:35:09.531Z	spark2	LOAD	23.371	4.086
2026-09-28T10:35:09.717Z	spark1	LOAD	21.604	7.403
2026-09-28T10:35:09.782Z	spark2	LOAD	23.371	4.086
2026-09-28T10:35:09.985Z	spark1	LOAD	21.567	7.403
2026-09-28T10:35:10.043Z	spark2	LOAD	23.371	4.086
2026-09-28T10:35:10.235Z	spark1	LOAD	21.499	7.403
2026-09-28T10:35:10.293Z	spark2	LOAD	23.371	4.086
2026-09-28T10:35:10.485Z	spark1	LOAD	21.451	7.403
2026-09-28T10:35:10.543Z	spark2	LOAD	23.371	4.086
2026-09-28T10:35:10.735Z	spark1	LOAD	21.435	7.403
2026-09-28T10:35:10.794Z	spark2	LOAD	23.349	4.086
2026-09-28T10:35:10.998Z	spark1	LOAD	21.374	7.403
2026-09-28T10:35:11.060Z	spark2	LOAD	23.353	4.085
2026-09-28T10:35:11.249Z	spark1	LOAD	21.345	7.403
2026-09-28T10:35:11.310Z	spark2	LOAD	23.353	4.085
2026-09-28T10:35:11.499Z	spark1	LOAD	21.316	7.403
2026-09-28T10:35:11.562Z	spark2	LOAD	23.353	4.085
2026-09-28T10:35:11.749Z	spark1	LOAD	21.289	7.403
2026-09-28T10:35:11.812Z	spark2	LOAD	23.353	4.085
2026-09-28T10:35:12.018Z	spark1	LOAD	21.258	7.403
2026-09-28T10:35:12.073Z	spark2	LOAD	23.353	4.085
2026-09-28T10:35:12.268Z	spark1	LOAD	21.225	7.403
2026-09-28T10:35:12.323Z	spark2	LOAD	23.353	4.085
2026-09-28T10:35:12.518Z	spark1	LOAD	21.197	7.403
2026-09-28T10:35:12.574Z	spark2	LOAD	23.353	4.085
2026-09-28T10:35:12.769Z	spark1	LOAD	21.151	7.403
2026-09-28T10:35:12.825Z	spark2	LOAD	23.353	4.085
2026-09-28T10:35:13.037Z	spark1	LOAD	21.125	7.403
2026-09-28T10:35:13.089Z	spark2	LOAD	23.353	4.085
2026-09-28T10:35:13.288Z	spark1	LOAD	21.101	7.403
2026-09-28T10:35:13.340Z	spark2	LOAD	23.353	4.085
2026-09-28T10:35:13.539Z	spark1	LOAD	21.076	7.403
2026-09-28T10:35:13.592Z	spark2	LOAD	23.353	4.085
2026-09-28T10:35:13.789Z	spark1	LOAD	21.122	7.403
2026-09-28T10:35:13.843Z	spark2	LOAD	23.353	4.085
2026-09-28T10:35:14.056Z	spark1	LOAD	21.083	7.403
2026-09-28T10:35:14.103Z	spark2	LOAD	23.353	4.085
2026-09-28T10:35:14.306Z	spark1	LOAD	21.047	7.403
2026-09-28T10:35:14.354Z	spark2	LOAD	23.353	4.085
2026-09-28T10:35:14.556Z	spark1	LOAD	21.008	7.403
2026-09-28T10:35:14.604Z	spark2	LOAD	23.353	4.085
2026-09-28T10:35:14.807Z	spark1	LOAD	20.971	7.404
2026-09-28T10:35:14.855Z	spark2	LOAD	23.353	4.085
2026-09-28T10:35:15.075Z	spark1	LOAD	20.937	7.404
2026-09-28T10:35:15.115Z	spark2	LOAD	23.355	4.085
2026-09-28T10:35:15.325Z	spark1	LOAD	20.899	7.404
2026-09-28T10:35:15.367Z	spark2	LOAD	23.355	4.085
2026-09-28T10:35:15.576Z	spark1	LOAD	20.869	7.404
2026-09-28T10:35:15.618Z	spark2	LOAD	23.355	4.085
2026-09-28T10:35:15.826Z	spark1	LOAD	20.823	7.404
2026-09-28T10:35:15.868Z	spark2	LOAD	23.355	4.085
2026-09-28T10:35:16.093Z	spark1	LOAD	20.754	7.404
2026-09-28T10:35:16.129Z	spark2	LOAD	23.356	4.085
2026-09-28T10:35:16.343Z	spark1	LOAD	20.776	7.404
2026-09-28T10:35:16.380Z	spark2	LOAD	23.356	4.085
2026-09-28T10:35:16.594Z	spark1	LOAD	20.738	7.404
2026-09-28T10:35:16.631Z	spark2	LOAD	23.356	4.085
2026-09-28T10:35:16.845Z	spark1	LOAD	20.683	7.404
2026-09-28T10:35:16.881Z	spark2	LOAD	23.357	4.085
2026-09-28T10:35:17.107Z	spark1	LOAD	20.650	7.404
2026-09-28T10:35:17.146Z	spark2	LOAD	23.357	4.085
2026-09-28T10:35:17.358Z	spark1	LOAD	20.277	7.405
2026-09-28T10:35:17.398Z	spark2	LOAD	23.357	4.085
2026-09-28T10:35:17.608Z	spark1	LOAD	20.248	7.405
2026-09-28T10:35:17.648Z	spark2	LOAD	23.357	4.085
2026-09-28T10:35:17.859Z	spark1	LOAD	20.217	7.405
2026-09-28T10:35:17.899Z	spark2	LOAD	23.357	4.085
2026-09-28T10:35:18.129Z	spark1	LOAD	20.179	7.405
2026-09-28T10:35:18.164Z	spark2	LOAD	23.357	4.085
2026-09-28T10:35:18.379Z	spark1	LOAD	20.482	7.405
2026-09-28T10:35:18.416Z	spark2	LOAD	23.357	4.085
2026-09-28T10:35:18.630Z	spark1	LOAD	20.449	7.405
2026-09-28T10:35:18.666Z	spark2	LOAD	23.357	4.085
2026-09-28T10:35:18.880Z	spark1	LOAD	20.378	7.405
2026-09-28T10:35:18.916Z	spark2	LOAD	23.357	4.085
2026-09-28T10:35:19.145Z	spark1	LOAD	20.386	7.405
2026-09-28T10:35:19.177Z	spark2	LOAD	23.357	4.085
2026-09-28T10:35:19.396Z	spark1	LOAD	19.810	7.405
2026-09-28T10:35:19.428Z	spark2	LOAD	23.357	4.085
2026-09-28T10:35:19.646Z	spark1	LOAD	20.317	7.405
2026-09-28T10:35:19.679Z	spark2	LOAD	23.357	4.085
2026-09-28T10:35:19.896Z	spark1	LOAD	20.275	7.405
2026-09-28T10:35:19.930Z	spark2	LOAD	23.357	4.085
2026-09-28T10:35:20.163Z	spark1	LOAD	20.235	7.405
2026-09-28T10:35:20.190Z	spark2	LOAD	23.357	4.085
2026-09-28T10:35:20.413Z	spark1	LOAD	20.197	7.405
2026-09-28T10:35:20.441Z	spark2	LOAD	23.357	4.085
2026-09-28T10:35:20.664Z	spark1	LOAD	20.177	7.406
2026-09-28T10:35:20.692Z	spark2	LOAD	23.357	4.085
2026-09-28T10:35:20.914Z	spark1	LOAD	20.099	7.406
2026-09-28T10:35:20.942Z	spark2	LOAD	23.357	4.085
2026-09-28T10:35:21.184Z	spark1	LOAD	20.039	7.406
2026-09-28T10:35:21.204Z	spark2	LOAD	23.357	4.085
2026-09-28T10:35:21.434Z	spark1	LOAD	19.997	7.406
2026-09-28T10:35:21.454Z	spark2	LOAD	23.357	4.084
2026-09-28T10:35:21.685Z	spark1	LOAD	19.968	7.406
2026-09-28T10:35:21.704Z	spark2	LOAD	23.341	4.084
2026-09-28T10:35:21.935Z	spark1	LOAD	19.943	7.407
2026-09-28T10:35:21.954Z	spark2	LOAD	23.342	4.083
2026-09-28T10:35:22.203Z	spark1	LOAD	19.976	7.407
2026-09-28T10:35:22.218Z	spark2	LOAD	23.343	4.083
2026-09-28T10:35:22.453Z	spark1	LOAD	19.938	7.407
2026-09-28T10:35:22.469Z	spark2	LOAD	23.343	4.083
2026-09-28T10:35:22.704Z	spark1	LOAD	19.900	7.407
2026-09-28T10:35:22.721Z	spark2	LOAD	23.343	4.083
2026-09-28T10:35:22.954Z	spark1	LOAD	19.859	7.407
2026-09-28T10:35:22.971Z	spark2	LOAD	23.344	4.083
2026-09-28T10:35:23.217Z	spark1	LOAD	19.826	7.408
2026-09-28T10:35:23.233Z	spark2	LOAD	23.344	4.083
2026-09-28T10:35:23.467Z	spark1	LOAD	19.791	7.408
2026-09-28T10:35:23.483Z	spark2	LOAD	23.344	4.083
2026-09-28T10:35:23.717Z	spark1	LOAD	19.755	7.408
2026-09-28T10:35:23.733Z	spark2	LOAD	23.344	4.083
2026-09-28T10:35:23.968Z	spark1	LOAD	19.715	7.408
2026-09-28T10:35:23.984Z	spark2	LOAD	23.346	4.083
2026-09-28T10:35:24.235Z	spark1	LOAD	19.665	7.408
2026-09-28T10:35:24.245Z	spark2	LOAD	23.346	4.083
2026-09-28T10:35:24.486Z	spark1	LOAD	19.643	7.408
2026-09-28T10:35:24.496Z	spark2	LOAD	23.346	4.083
2026-09-28T10:35:24.736Z	spark1	LOAD	19.612	7.408
2026-09-28T10:35:24.747Z	spark2	LOAD	23.346	4.083
2026-09-28T10:35:24.986Z	spark1	LOAD	19.562	7.408
2026-09-28T10:35:24.997Z	spark2	LOAD	23.349	4.083
2026-09-28T10:35:25.248Z	spark1	LOAD	19.534	7.408
2026-09-28T10:35:25.259Z	spark2	LOAD	23.349	4.083
2026-09-28T10:35:25.498Z	spark1	LOAD	19.507	7.408
2026-09-28T10:35:25.509Z	spark2	LOAD	23.349	4.083
2026-09-28T10:35:25.749Z	spark1	LOAD	19.476	7.408
2026-09-28T10:35:25.760Z	spark2	LOAD	23.349	4.083
2026-09-28T10:35:25.999Z	spark1	LOAD	19.425	7.408
2026-09-28T10:35:26.010Z	spark2	LOAD	23.349	4.083
2026-09-28T10:35:26.261Z	spark1	LOAD	19.385	7.408
2026-09-28T10:35:26.275Z	spark2	LOAD	23.349	4.083
2026-09-28T10:35:26.511Z	spark1	LOAD	19.567	7.407
2026-09-28T10:35:26.526Z	spark2	LOAD	23.349	4.083
2026-09-28T10:35:26.762Z	spark1	LOAD	22.220	7.407
2026-09-28T10:35:26.777Z	spark2	LOAD	23.349	4.083
2026-09-28T10:35:27.012Z	spark1	LOAD	22.471	7.407
2026-09-28T10:35:27.027Z	spark2	LOAD	23.349	4.083
2026-09-28T10:35:27.274Z	spark1	LOAD	22.428	7.407
2026-09-28T10:35:27.289Z	spark2	LOAD	23.349	4.083
2026-09-28T10:35:27.524Z	spark1	LOAD	22.391	7.407
2026-09-28T10:35:27.539Z	spark2	LOAD	23.349	4.083
2026-09-28T10:35:27.775Z	spark1	LOAD	22.350	7.407
2026-09-28T10:35:27.790Z	spark2	LOAD	23.349	4.083
2026-09-28T10:35:28.025Z	spark1	LOAD	22.312	7.407
2026-09-28T10:35:28.041Z	spark2	LOAD	23.349	4.083
2026-09-28T10:35:28.293Z	spark1	LOAD	22.263	7.407
2026-09-28T10:35:28.306Z	spark2	LOAD	23.349	4.083
2026-09-28T10:35:28.544Z	spark1	LOAD	22.225	7.407
2026-09-28T10:35:28.557Z	spark2	LOAD	23.349	4.083
2026-09-28T10:35:28.794Z	spark1	LOAD	22.184	7.407
2026-09-28T10:35:28.807Z	spark2	LOAD	23.349	4.083
2026-09-28T10:35:29.044Z	spark1	LOAD	22.102	7.407
2026-09-28T10:35:29.058Z	spark2	LOAD	23.348	4.083
2026-09-28T10:35:29.306Z	spark1	LOAD	22.066	7.407
2026-09-28T10:35:29.317Z	spark2	LOAD	23.348	4.083
2026-09-28T10:35:29.557Z	spark1	LOAD	22.027	7.407
2026-09-28T10:35:29.568Z	spark2	LOAD	23.348	4.083
2026-09-28T10:35:29.807Z	spark1	LOAD	21.981	7.407
2026-09-28T10:35:29.819Z	spark2	LOAD	23.348	4.083
2026-09-28T10:35:30.057Z	spark1	LOAD	21.931	7.407
2026-09-28T10:35:30.069Z	spark2	LOAD	23.348	4.083
2026-09-28T10:35:30.322Z	spark1	LOAD	21.879	7.407
2026-09-28T10:35:30.330Z	spark2	LOAD	23.348	4.083
2026-09-28T10:35:30.572Z	spark1	LOAD	21.829	7.407
2026-09-28T10:35:30.580Z	spark2	LOAD	23.348	4.083
2026-09-28T10:35:30.823Z	spark1	LOAD	21.771	7.407
2026-09-28T10:35:30.832Z	spark2	LOAD	23.348	4.083
2026-09-28T10:35:31.073Z	spark1	LOAD	21.717	7.407
2026-09-28T10:35:31.082Z	spark2	LOAD	23.348	4.083
2026-09-28T10:35:31.335Z	spark1	LOAD	21.611	7.407
2026-09-28T10:35:31.343Z	spark2	LOAD	23.348	4.083
2026-09-28T10:35:31.586Z	spark1	LOAD	21.567	7.407
2026-09-28T10:35:31.594Z	spark2	LOAD	23.348	4.083
2026-09-28T10:35:31.836Z	spark1	LOAD	21.526	7.407
2026-09-28T10:35:31.844Z	spark2	LOAD	23.348	4.083
2026-09-28T10:35:32.086Z	spark1	LOAD	21.442	7.407
2026-09-28T10:35:32.094Z	spark2	LOAD	23.348	4.083
2026-09-28T10:35:32.348Z	spark1	LOAD	21.394	7.407
2026-09-28T10:35:32.359Z	spark2	LOAD	23.347	4.083
2026-09-28T10:35:32.599Z	spark1	LOAD	21.338	7.407
2026-09-28T10:35:32.609Z	spark2	LOAD	23.345	4.083
2026-09-28T10:35:32.849Z	spark1	LOAD	21.314	7.407
2026-09-28T10:35:32.860Z	spark2	LOAD	23.343	4.082
2026-09-28T10:35:33.099Z	spark1	LOAD	21.294	7.407
2026-09-28T10:35:33.110Z	spark2	LOAD	23.343	4.082
2026-09-28T10:35:33.367Z	spark1	LOAD	21.228	7.407
2026-09-28T10:35:33.371Z	spark2	LOAD	23.343	4.082
2026-09-28T10:35:33.617Z	spark1	LOAD	21.184	7.407
2026-09-28T10:35:33.622Z	spark2	LOAD	23.343	4.082
2026-09-28T10:35:33.868Z	spark1	LOAD	21.145	7.407
2026-09-28T10:35:33.873Z	spark2	LOAD	23.344	4.082
2026-09-28T10:35:34.118Z	spark1	LOAD	21.104	7.407
2026-09-28T10:35:34.123Z	spark2	LOAD	23.345	4.082
2026-09-28T10:35:34.379Z	spark1	LOAD	21.060	7.407
2026-09-28T10:35:34.389Z	spark2	LOAD	23.345	4.082
2026-09-28T10:35:34.629Z	spark1	LOAD	21.016	7.407
2026-09-28T10:35:34.640Z	spark2	LOAD	23.345	4.082
2026-09-28T10:35:34.879Z	spark1	LOAD	20.981	7.407
2026-09-28T10:35:34.890Z	spark2	LOAD	23.347	4.082
2026-09-28T10:35:35.130Z	spark1	LOAD	20.941	7.407
2026-09-28T10:35:35.140Z	spark2	LOAD	23.347	4.082
2026-09-28T10:35:35.396Z	spark1	LOAD	20.870	7.406
2026-09-28T10:35:35.400Z	spark2	LOAD	23.347	4.082
2026-09-28T10:35:35.646Z	spark1	LOAD	20.837	7.404
2026-09-28T10:35:35.651Z	spark2	LOAD	23.347	4.082
2026-09-28T10:35:35.897Z	spark1	LOAD	20.801	7.404
2026-09-28T10:35:35.900Z	spark2	LOAD	23.348	4.082
2026-09-28T10:35:36.147Z	spark1	LOAD	20.763	7.404
2026-09-28T10:35:36.151Z	spark2	LOAD	23.349	4.082
2026-09-28T10:35:36.412Z	spark2	LOAD	23.349	4.082
2026-09-28T10:35:36.415Z	spark1	LOAD	20.724	7.404
2026-09-28T10:35:36.662Z	spark2	LOAD	23.349	4.082
2026-09-28T10:35:36.666Z	spark1	LOAD	20.685	7.404
2026-09-28T10:35:36.914Z	spark2	LOAD	23.349	4.082
2026-09-28T10:35:36.916Z	spark1	LOAD	20.648	7.404
2026-09-28T10:35:37.164Z	spark2	LOAD	23.349	4.082
2026-09-28T10:35:37.166Z	spark1	LOAD	20.615	7.404
2026-09-28T10:35:37.426Z	spark2	LOAD	23.349	4.082
2026-09-28T10:35:37.433Z	spark1	LOAD	20.545	7.404
2026-09-28T10:35:37.676Z	spark2	LOAD	23.349	4.082
2026-09-28T10:35:37.684Z	spark1	LOAD	20.519	7.404
2026-09-28T10:35:37.927Z	spark2	LOAD	23.349	4.082
2026-09-28T10:35:37.934Z	spark1	LOAD	20.475	7.404
2026-09-28T10:35:38.179Z	spark2	LOAD	23.349	4.082
2026-09-28T10:35:38.185Z	spark1	LOAD	20.439	7.404
2026-09-28T10:35:38.443Z	spark2	LOAD	23.349	4.082
2026-09-28T10:35:38.447Z	spark1	LOAD	20.401	7.404
2026-09-28T10:35:38.693Z	spark2	LOAD	23.349	4.082
2026-09-28T10:35:38.697Z	spark1	LOAD	20.364	7.404
2026-09-28T10:35:38.944Z	spark2	LOAD	23.349	4.082
2026-09-28T10:35:38.948Z	spark1	LOAD	20.324	7.404
2026-09-28T10:35:39.195Z	spark2	LOAD	23.349	4.082
2026-09-28T10:35:39.198Z	spark1	LOAD	20.285	7.404
2026-09-28T10:35:39.455Z	spark2	LOAD	23.349	4.082
2026-09-28T10:35:39.460Z	spark1	LOAD	20.213	7.404
2026-09-28T10:35:39.705Z	spark2	LOAD	23.350	4.082
2026-09-28T10:35:39.710Z	spark1	LOAD	20.260	7.404
2026-09-28T10:35:39.956Z	spark2	LOAD	23.350	4.082
2026-09-28T10:35:39.960Z	spark1	LOAD	20.214	7.404
2026-09-28T10:35:40.207Z	spark2	LOAD	23.350	4.082
2026-09-28T10:35:40.211Z	spark1	LOAD	20.174	7.404
2026-09-28T10:35:40.473Z	spark2	LOAD	23.350	4.082
2026-09-28T10:35:40.473Z	spark1	LOAD	20.127	7.404
2026-09-28T10:35:40.722Z	spark2	LOAD	23.350	4.082
2026-09-28T10:35:40.723Z	spark1	LOAD	20.085	7.409
2026-09-28T10:35:40.973Z	spark2	LOAD	23.350	4.082
2026-09-28T10:35:40.974Z	spark1	LOAD	20.037	7.409
2026-09-28T10:35:41.224Z	spark1	LOAD	19.997	7.410
2026-09-28T10:35:41.224Z	spark2	LOAD	23.350	4.082
2026-09-28T10:35:41.485Z	spark1	LOAD	19.918	7.410
2026-09-28T10:35:41.489Z	spark2	LOAD	23.350	4.082
2026-09-28T10:35:41.736Z	spark1	LOAD	19.875	7.410
2026-09-28T10:35:41.740Z	spark2	LOAD	23.350	4.082
2026-09-28T10:35:41.986Z	spark1	LOAD	19.878	7.410
2026-09-28T10:35:41.991Z	spark2	LOAD	23.350	4.082
2026-09-28T10:35:42.236Z	spark1	LOAD	19.843	7.410
2026-09-28T10:35:42.241Z	spark2	LOAD	23.350	4.082
2026-09-28T10:35:42.498Z	spark1	LOAD	19.792	7.410
2026-09-28T10:35:42.507Z	spark2	LOAD	23.350	4.082
2026-09-28T10:35:42.748Z	spark1	LOAD	19.673	7.410
2026-09-28T10:35:42.757Z	spark2	LOAD	23.350	4.082
2026-09-28T10:35:42.999Z	spark1	LOAD	19.612	7.410
2026-09-28T10:35:43.007Z	spark2	LOAD	23.351	4.082
2026-09-28T10:35:43.249Z	spark1	LOAD	19.592	7.410
2026-09-28T10:35:43.258Z	spark2	LOAD	23.351	4.082
2026-09-28T10:35:43.511Z	spark1	LOAD	19.521	7.411
2026-09-28T10:35:43.522Z	spark2	LOAD	23.349	4.082
2026-09-28T10:35:43.761Z	spark1	LOAD	19.478	7.411
2026-09-28T10:35:43.772Z	spark2	LOAD	23.328	4.082
2026-09-28T10:35:44.012Z	spark1	LOAD	19.426	7.411
2026-09-28T10:35:44.024Z	spark2	LOAD	23.343	4.081
2026-09-28T10:35:44.262Z	spark1	LOAD	19.383	7.411
2026-09-28T10:35:44.275Z	spark2	LOAD	23.343	4.081
2026-09-28T10:35:44.524Z	spark1	LOAD	19.342	7.411
2026-09-28T10:35:44.540Z	spark2	LOAD	23.344	4.081
2026-09-28T10:35:44.775Z	spark1	LOAD	19.301	7.411
2026-09-28T10:35:44.791Z	spark2	LOAD	23.344	4.081
2026-09-28T10:35:45.025Z	spark1	LOAD	19.287	7.411
2026-09-28T10:35:45.042Z	spark2	LOAD	23.345	4.081
2026-09-28T10:35:45.275Z	spark1	LOAD	19.259	7.411
2026-09-28T10:35:45.293Z	spark2	LOAD	23.345	4.081
2026-09-28T10:35:45.542Z	spark1	LOAD	19.181	7.411
2026-09-28T10:35:45.558Z	spark2	LOAD	23.345	4.081
2026-09-28T10:35:45.792Z	spark1	LOAD	19.825	7.410
2026-09-28T10:35:45.810Z	spark2	LOAD	23.345	4.081
2026-09-28T10:35:46.043Z	spark1	LOAD	22.190	7.410
2026-09-28T10:35:46.060Z	spark2	LOAD	23.345	4.081
2026-09-28T10:35:46.293Z	spark1	LOAD	22.434	7.410
2026-09-28T10:35:46.311Z	spark2	LOAD	23.345	4.081
2026-09-28T10:35:46.559Z	spark1	LOAD	22.399	7.410
2026-09-28T10:35:46.576Z	spark2	LOAD	23.345	4.081
2026-09-28T10:35:46.809Z	spark1	LOAD	22.357	7.410
2026-09-28T10:35:46.827Z	spark2	LOAD	23.345	4.081
2026-09-28T10:35:47.060Z	spark1	LOAD	22.318	7.410
2026-09-28T10:35:47.076Z	spark2	LOAD	23.345	4.081
2026-09-28T10:35:47.310Z	spark1	LOAD	22.276	7.410
2026-09-28T10:35:47.327Z	spark2	LOAD	23.345	4.081
2026-09-28T10:35:47.572Z	spark1	LOAD	22.207	7.410
2026-09-28T10:35:47.593Z	spark2	LOAD	23.345	4.081
2026-09-28T10:35:47.822Z	spark1	LOAD	22.182	7.410
2026-09-28T10:35:47.844Z	spark2	LOAD	23.345	4.081
2026-09-28T10:35:48.072Z	spark1	LOAD	22.143	7.410
2026-09-28T10:35:48.094Z	spark2	LOAD	23.345	4.081
2026-09-28T10:35:48.323Z	spark1	LOAD	22.101	7.410
2026-09-28T10:35:48.344Z	spark2	LOAD	23.345	4.081
2026-09-28T10:35:48.584Z	spark1	LOAD	22.050	7.410
2026-09-28T10:35:48.609Z	spark2	LOAD	23.345	4.081
2026-09-28T10:35:48.835Z	spark1	LOAD	22.003	7.410
2026-09-28T10:35:48.859Z	spark2	LOAD	23.345	4.081
2026-09-28T10:35:49.085Z	spark1	LOAD	21.956	7.410
2026-09-28T10:35:49.110Z	spark2	LOAD	23.346	4.081
2026-09-28T10:35:49.336Z	spark1	LOAD	21.929	7.410
2026-09-28T10:35:49.361Z	spark2	LOAD	23.346	4.081
2026-09-28T10:35:49.597Z	spark1	LOAD	21.880	7.410
2026-09-28T10:35:49.626Z	spark2	LOAD	23.346	4.081
2026-09-28T10:35:49.847Z	spark1	LOAD	21.795	7.410
2026-09-28T10:35:49.876Z	spark2	LOAD	23.348	4.081
2026-09-28T10:35:50.098Z	spark1	LOAD	21.782	7.410
2026-09-28T10:35:50.127Z	spark2	LOAD	23.348	4.081
2026-09-28T10:35:50.348Z	spark1	LOAD	21.760	7.410
2026-09-28T10:35:50.377Z	spark2	LOAD	23.348	4.081
2026-09-28T10:35:50.610Z	spark1	LOAD	21.735	7.410
2026-09-28T10:35:50.643Z	spark2	LOAD	23.348	4.081
2026-09-28T10:35:50.860Z	spark1	LOAD	21.690	7.410
2026-09-28T10:35:50.893Z	spark2	LOAD	23.350	4.081
2026-09-28T10:35:51.111Z	spark1	LOAD	21.636	7.410
2026-09-28T10:35:51.144Z	spark2	LOAD	23.350	4.081
2026-09-28T10:35:51.361Z	spark1	LOAD	21.592	7.410
2026-09-28T10:35:51.395Z	spark2	LOAD	23.350	4.081
2026-09-28T10:35:51.628Z	spark1	LOAD	21.543	7.410
2026-09-28T10:35:51.659Z	spark2	LOAD	23.350	4.081
2026-09-28T10:35:51.878Z	spark1	LOAD	21.482	7.410
2026-09-28T10:35:51.910Z	spark2	LOAD	23.350	4.081
2026-09-28T10:35:52.128Z	spark1	LOAD	21.439	7.410
2026-09-28T10:35:52.160Z	spark2	LOAD	23.350	4.081
2026-09-28T10:35:52.379Z	spark1	LOAD	21.396	7.410
2026-09-28T10:35:52.411Z	spark2	LOAD	23.352	4.081
2026-09-28T10:35:52.641Z	spark1	LOAD	21.347	7.410
2026-09-28T10:35:52.676Z	spark2	LOAD	23.351	4.081
2026-09-28T10:35:52.892Z	spark1	LOAD	21.303	7.410
2026-09-28T10:35:52.927Z	spark2	LOAD	23.352	4.081
2026-09-28T10:35:53.142Z	spark1	LOAD	21.256	7.410
2026-09-28T10:35:53.176Z	spark2	LOAD	23.352	4.081
2026-09-28T10:35:53.393Z	spark1	LOAD	21.212	7.410
2026-09-28T10:35:53.427Z	spark2	LOAD	23.352	4.081
2026-09-28T10:35:53.662Z	spark1	LOAD	21.168	7.410
2026-09-28T10:35:53.692Z	spark2	LOAD	23.351	4.081
2026-09-28T10:35:53.912Z	spark1	LOAD	21.097	7.410
2026-09-28T10:35:53.943Z	spark2	LOAD	23.353	4.081
2026-09-28T10:35:54.162Z	spark1	LOAD	21.015	7.410
2026-09-28T10:35:54.193Z	spark2	LOAD	23.353	4.081
2026-09-28T10:35:54.412Z	spark1	LOAD	20.973	7.410
2026-09-28T10:35:54.443Z	spark2	LOAD	23.352	4.081
2026-09-28T10:35:54.675Z	spark1	LOAD	20.991	7.410
2026-09-28T10:35:54.708Z	spark2	LOAD	23.341	4.081
2026-09-28T10:35:54.926Z	spark1	LOAD	20.920	7.410
2026-09-28T10:35:54.959Z	spark2	LOAD	23.344	4.080
2026-09-28T10:35:55.176Z	spark1	LOAD	20.874	7.410
2026-09-28T10:35:55.210Z	spark2	LOAD	23.344	4.080
2026-09-28T10:35:55.426Z	spark1	LOAD	20.828	7.410
2026-09-28T10:35:55.461Z	spark2	LOAD	23.344	4.080
2026-09-28T10:35:55.693Z	spark1	LOAD	20.803	7.410
2026-09-28T10:35:55.722Z	spark2	LOAD	23.343	4.080
2026-09-28T10:35:55.943Z	spark1	LOAD	20.735	7.410
2026-09-28T10:35:55.973Z	spark2	LOAD	23.343	4.080
2026-09-28T10:35:56.194Z	spark1	LOAD	20.692	7.410
2026-09-28T10:35:56.223Z	spark2	LOAD	23.343	4.080
2026-09-28T10:35:56.444Z	spark1	LOAD	20.650	7.410
2026-09-28T10:35:56.473Z	spark2	LOAD	23.343	4.080
2026-09-28T10:35:56.711Z	spark1	LOAD	20.604	7.410
2026-09-28T10:35:56.738Z	spark2	LOAD	23.343	4.080
2026-09-28T10:35:56.961Z	spark1	LOAD	20.564	7.410
2026-09-28T10:35:56.989Z	spark2	LOAD	23.347	4.080
2026-09-28T10:35:57.211Z	spark1	LOAD	20.521	7.410
2026-09-28T10:35:57.240Z	spark2	LOAD	23.347	4.080
2026-09-28T10:35:57.462Z	spark1	LOAD	20.479	7.410
2026-09-28T10:35:57.490Z	spark2	LOAD	23.347	4.080
2026-09-28T10:35:57.730Z	spark1	LOAD	20.451	7.410
2026-09-28T10:35:57.755Z	spark2	LOAD	23.355	4.080
2026-09-28T10:35:57.980Z	spark1	LOAD	20.393	7.410
2026-09-28T10:35:58.006Z	spark2	LOAD	23.355	4.080
2026-09-28T10:35:58.231Z	spark1	LOAD	20.362	7.410
2026-09-28T10:35:58.256Z	spark2	LOAD	23.355	4.080
2026-09-28T10:35:58.481Z	spark1	LOAD	20.323	7.410
2026-09-28T10:35:58.507Z	spark2	LOAD	23.355	4.080
2026-09-28T10:35:58.748Z	spark1	LOAD	20.287	7.410
2026-09-28T10:35:58.772Z	spark2	LOAD	23.355	4.080
2026-09-28T10:35:58.998Z	spark1	LOAD	20.247	7.410
2026-09-28T10:35:59.022Z	spark2	LOAD	23.355	4.080
2026-09-28T10:35:59.248Z	spark1	LOAD	20.210	7.410
2026-09-28T10:35:59.273Z	spark2	LOAD	23.355	4.080
2026-09-28T10:35:59.499Z	spark1	LOAD	20.168	7.410
2026-09-28T10:35:59.523Z	spark2	LOAD	23.355	4.080
2026-09-28T10:35:59.765Z	spark1	LOAD	20.128	7.410
2026-09-28T10:35:59.788Z	spark2	LOAD	23.355	4.080
2026-09-28T10:36:00.016Z	spark1	LOAD	20.067	7.411
2026-09-28T10:36:00.039Z	spark2	LOAD	23.355	4.080
2026-09-28T10:36:00.267Z	spark1	LOAD	20.029	7.411
2026-09-28T10:36:00.289Z	spark2	LOAD	23.355	4.080
2026-09-28T10:36:00.517Z	spark1	LOAD	20.008	7.411
2026-09-28T10:36:00.539Z	spark2	LOAD	23.355	4.080
2026-09-28T10:36:00.784Z	spark1	LOAD	19.973	7.411
2026-09-28T10:36:00.804Z	spark2	LOAD	23.355	4.080
2026-09-28T10:36:01.034Z	spark1	LOAD	19.923	7.411
2026-09-28T10:36:01.055Z	spark2	LOAD	23.355	4.080
2026-09-28T10:36:01.285Z	spark1	LOAD	19.885	7.411
2026-09-28T10:36:01.306Z	spark2	LOAD	23.355	4.080
2026-09-28T10:36:01.535Z	spark1	LOAD	19.851	7.411
2026-09-28T10:36:01.556Z	spark2	LOAD	23.355	4.080
2026-09-28T10:36:01.802Z	spark1	LOAD	19.807	7.411
2026-09-28T10:36:01.822Z	spark2	LOAD	23.355	4.080
2026-09-28T10:36:02.052Z	spark1	LOAD	19.756	7.411
2026-09-28T10:36:02.072Z	spark2	LOAD	23.355	4.080
2026-09-28T10:36:02.302Z	spark1	LOAD	19.711	7.412
2026-09-28T10:36:02.323Z	spark2	LOAD	23.355	4.080
2026-09-28T10:36:02.553Z	spark1	LOAD	19.690	7.412
2026-09-28T10:36:02.574Z	spark2	LOAD	23.355	4.080
2026-09-28T10:36:02.820Z	spark1	LOAD	19.640	7.412
2026-09-28T10:36:02.838Z	spark2	LOAD	23.355	4.080
2026-09-28T10:36:03.070Z	spark1	LOAD	19.297	7.412
2026-09-28T10:36:03.088Z	spark2	LOAD	23.355	4.080
2026-09-28T10:36:03.321Z	spark1	LOAD	19.023	7.412
2026-09-28T10:36:03.339Z	spark2	LOAD	23.355	4.080
2026-09-28T10:36:03.571Z	spark1	LOAD	19.517	7.412
2026-09-28T10:36:03.589Z	spark2	LOAD	23.355	4.080
2026-09-28T10:36:03.839Z	spark1	LOAD	19.470	7.412
2026-09-28T10:36:03.854Z	spark2	LOAD	23.355	4.080
2026-09-28T10:36:04.090Z	spark1	LOAD	19.408	7.412
2026-09-28T10:36:04.105Z	spark2	LOAD	23.355	4.080
2026-09-28T10:36:04.340Z	spark1	LOAD	19.326	7.412
2026-09-28T10:36:04.355Z	spark2	LOAD	23.355	4.080
2026-09-28T10:36:04.591Z	spark1	LOAD	19.285	7.412
2026-09-28T10:36:04.606Z	spark2	LOAD	23.355	4.080
2026-09-28T10:36:04.858Z	spark1	LOAD	21.361	7.411
2026-09-28T10:36:04.871Z	spark2	LOAD	23.355	4.080
2026-09-28T10:36:05.109Z	spark1	LOAD	22.378	7.411
2026-09-28T10:36:05.120Z	spark2	LOAD	23.355	4.080
2026-09-28T10:36:05.359Z	spark1	LOAD	22.355	7.411
2026-09-28T10:36:05.370Z	spark2	LOAD	23.353	4.080
2026-09-28T10:36:05.609Z	spark1	LOAD	22.332	7.411
2026-09-28T10:36:05.620Z	spark2	LOAD	23.340	4.080
2026-09-28T10:36:05.876Z	spark1	LOAD	22.289	7.411
2026-09-28T10:36:05.882Z	spark2	LOAD	23.345	4.079
2026-09-28T10:36:06.127Z	spark1	LOAD	22.245	7.411
2026-09-28T10:36:06.131Z	spark2	LOAD	23.345	4.079
2026-09-28T10:36:06.377Z	spark1	LOAD	22.215	7.411
2026-09-28T10:36:06.383Z	spark2	LOAD	23.345	4.079
2026-09-28T10:36:06.628Z	spark1	LOAD	22.177	7.411
2026-09-28T10:36:06.633Z	spark2	LOAD	23.345	4.079
2026-09-28T10:36:06.896Z	spark1	LOAD	22.132	7.411
2026-09-28T10:36:06.898Z	spark2	LOAD	23.345	4.079
2026-09-28T10:36:07.146Z	spark1	LOAD	22.091	7.411
2026-09-28T10:36:07.149Z	spark2	LOAD	23.345	4.079
2026-09-28T10:36:07.396Z	spark1	LOAD	22.048	7.411
2026-09-28T10:36:07.399Z	spark2	LOAD	23.345	4.079
2026-09-28T10:36:07.646Z	spark1	LOAD	22.010	7.411
2026-09-28T10:36:07.650Z	spark2	LOAD	23.345	4.079
2026-09-28T10:36:07.908Z	spark1	LOAD	21.963	7.411
2026-09-28T10:36:07.915Z	spark2	LOAD	23.345	4.079
2026-09-28T10:36:08.159Z	spark1	LOAD	21.899	7.411
2026-09-28T10:36:08.165Z	spark2	LOAD	23.346	4.079
2026-09-28T10:36:08.409Z	spark1	LOAD	21.857	7.411
2026-09-28T10:36:08.416Z	spark2	LOAD	23.346	4.079
2026-09-28T10:36:08.659Z	spark1	LOAD	21.809	7.411
2026-09-28T10:36:08.666Z	spark2	LOAD	23.346	4.079
2026-09-28T10:36:08.926Z	spark1	LOAD	21.759	7.411
2026-09-28T10:36:08.932Z	spark2	LOAD	23.347	4.079
2026-09-28T10:36:09.176Z	spark1	LOAD	21.711	7.411
2026-09-28T10:36:09.182Z	spark2	LOAD	23.347	4.079
2026-09-28T10:36:09.426Z	spark1	LOAD	21.666	7.411
2026-09-28T10:36:09.433Z	spark2	LOAD	23.347	4.079
2026-09-28T10:36:09.676Z	spark1	LOAD	21.615	7.411
2026-09-28T10:36:09.683Z	spark2	LOAD	23.347	4.079
2026-09-28T10:36:09.943Z	spark1	LOAD	21.598	7.411
2026-09-28T10:36:09.948Z	spark2	LOAD	23.347	4.079
2026-09-28T10:36:10.193Z	spark1	LOAD	21.528	7.411
2026-09-28T10:36:10.199Z	spark2	LOAD	23.347	4.079
2026-09-28T10:36:10.443Z	spark1	LOAD	21.483	7.411
2026-09-28T10:36:10.450Z	spark2	LOAD	23.347	4.079
2026-09-28T10:36:10.694Z	spark1	LOAD	21.439	7.411
2026-09-28T10:36:10.701Z	spark2	LOAD	23.347	4.079
2026-09-28T10:36:10.961Z	spark1	LOAD	21.393	7.411
2026-09-28T10:36:10.965Z	spark2	LOAD	23.347	4.079
2026-09-28T10:36:11.212Z	spark1	LOAD	21.338	7.411
2026-09-28T10:36:11.216Z	spark2	LOAD	23.347	4.079
2026-09-28T10:36:11.462Z	spark1	LOAD	21.291	7.411
2026-09-28T10:36:11.466Z	spark2	LOAD	23.347	4.079
2026-09-28T10:36:11.712Z	spark1	LOAD	21.242	7.411
2026-09-28T10:36:11.715Z	spark2	LOAD	23.347	4.079
2026-09-28T10:36:11.979Z	spark1	LOAD	21.202	7.411
2026-09-28T10:36:11.980Z	spark2	LOAD	23.347	4.079
2026-09-28T10:36:12.230Z	spark1	LOAD	21.148	7.411
2026-09-28T10:36:12.231Z	spark2	LOAD	23.347	4.079
2026-09-28T10:36:12.480Z	spark1	LOAD	21.235	7.411
2026-09-28T10:36:12.482Z	spark2	LOAD	23.347	4.079
2026-09-28T10:36:12.730Z	spark1	LOAD	21.184	7.411
2026-09-28T10:36:12.732Z	spark2	LOAD	23.347	4.079
2026-09-28T10:36:12.997Z	spark2	LOAD	23.348	4.079
2026-09-28T10:36:12.997Z	spark1	LOAD	21.134	7.411
2026-09-28T10:36:13.247Z	spark2	LOAD	23.348	4.079
2026-09-28T10:36:13.248Z	spark1	LOAD	21.040	7.413
2026-09-28T10:36:13.498Z	spark2	LOAD	23.348	4.079
2026-09-28T10:36:13.498Z	spark1	LOAD	21.005	7.413
2026-09-28T10:36:13.749Z	spark1	LOAD	20.969	7.413
2026-09-28T10:36:13.749Z	spark2	LOAD	23.348	4.079
2026-09-28T10:36:14.013Z	spark2	LOAD	23.348	4.079
2026-09-28T10:36:14.016Z	spark1	LOAD	20.941	7.414
2026-09-28T10:36:14.264Z	spark2	LOAD	23.348	4.079
2026-09-28T10:36:14.266Z	spark1	LOAD	20.444	7.414
2026-09-28T10:36:14.515Z	spark2	LOAD	23.348	4.079
2026-09-28T10:36:14.517Z	spark1	LOAD	20.299	7.414
2026-09-28T10:36:14.765Z	spark2	LOAD	23.348	4.079
2026-09-28T10:36:14.767Z	spark1	LOAD	20.820	7.417
2026-09-28T10:36:15.030Z	spark2	LOAD	23.348	4.079
2026-09-28T10:36:15.036Z	spark1	LOAD	20.764	7.417
2026-09-28T10:36:15.280Z	spark2	LOAD	23.348	4.079
2026-09-28T10:36:15.286Z	spark1	LOAD	20.726	7.417
2026-09-28T10:36:15.531Z	spark2	LOAD	23.348	4.079
2026-09-28T10:36:15.536Z	spark1	LOAD	20.686	7.417
2026-09-28T10:36:15.782Z	spark2	LOAD	23.348	4.079
2026-09-28T10:36:15.787Z	spark1	LOAD	20.657	7.417
2026-09-28T10:36:16.047Z	spark2	LOAD	23.348	4.079
2026-09-28T10:36:16.053Z	spark1	LOAD	20.570	7.417
2026-09-28T10:36:16.296Z	spark2	LOAD	23.347	4.079
2026-09-28T10:36:16.303Z	spark1	LOAD	20.558	7.418
2026-09-28T10:36:16.546Z	spark2	LOAD	23.323	4.079
2026-09-28T10:36:16.554Z	spark1	LOAD	20.532	7.418
2026-09-28T10:36:16.797Z	spark2	LOAD	23.334	4.079
2026-09-28T10:36:16.804Z	spark1	LOAD	20.469	7.424
2026-09-28T10:36:17.058Z	spark2	LOAD	23.334	4.079
2026-09-28T10:36:17.066Z	spark1	LOAD	20.451	7.425
2026-09-28T10:36:17.308Z	spark2	LOAD	23.334	4.079
2026-09-28T10:36:17.317Z	spark1	LOAD	20.420	7.425
2026-09-28T10:36:17.559Z	spark2	LOAD	23.334	4.079
2026-09-28T10:36:17.567Z	spark1	LOAD	20.372	7.425
2026-09-28T10:36:17.809Z	spark2	LOAD	23.334	4.079
2026-09-28T10:36:17.817Z	spark1	LOAD	20.350	7.425
2026-09-28T10:36:18.074Z	spark2	LOAD	23.334	4.079
2026-09-28T10:36:18.079Z	spark1	LOAD	20.305	7.425
2026-09-28T10:36:18.325Z	spark2	LOAD	23.335	4.079
2026-09-28T10:36:18.329Z	spark1	LOAD	20.265	7.425
2026-09-28T10:36:18.576Z	spark2	LOAD	23.335	4.079
2026-09-28T10:36:18.580Z	spark1	LOAD	20.223	7.427
2026-09-28T10:36:18.827Z	spark2	LOAD	23.335	4.079
2026-09-28T10:36:18.830Z	spark1	LOAD	20.190	7.427
2026-09-28T10:36:19.092Z	spark2	LOAD	23.335	4.079
2026-09-28T10:36:19.093Z	spark1	LOAD	20.150	7.427
2026-09-28T10:36:19.343Z	spark2	LOAD	23.335	4.079
2026-09-28T10:36:19.343Z	spark1	LOAD	20.116	7.427
2026-09-28T10:36:19.593Z	spark2	LOAD	23.335	4.079
2026-09-28T10:36:19.593Z	spark1	LOAD	20.079	7.427
2026-09-28T10:36:19.844Z	spark2	LOAD	23.335	4.079
2026-09-28T10:36:19.844Z	spark1	LOAD	20.038	7.427
2026-09-28T10:36:20.109Z	spark2	LOAD	23.335	4.079
2026-09-28T10:36:20.113Z	spark1	LOAD	19.996	7.427
2026-09-28T10:36:20.360Z	spark2	LOAD	23.335	4.079
2026-09-28T10:36:20.364Z	spark1	LOAD	19.959	7.428
2026-09-28T10:36:20.610Z	spark2	LOAD	23.335	4.079
2026-09-28T10:36:20.614Z	spark1	LOAD	19.890	7.428
2026-09-28T10:36:20.861Z	spark2	LOAD	23.335	4.079
2026-09-28T10:36:20.864Z	spark1	LOAD	19.850	7.428
2026-09-28T10:36:21.125Z	spark2	LOAD	23.335	4.079
2026-09-28T10:36:21.132Z	spark1	LOAD	19.793	7.428
2026-09-28T10:36:21.375Z	spark2	LOAD	23.335	4.079
2026-09-28T10:36:21.382Z	spark1	LOAD	19.746	7.428
2026-09-28T10:36:21.626Z	spark2	LOAD	23.335	4.079
2026-09-28T10:36:21.633Z	spark1	LOAD	19.699	7.428
2026-09-28T10:36:21.876Z	spark2	LOAD	23.337	4.079
2026-09-28T10:36:21.883Z	spark1	LOAD	19.628	7.428
2026-09-28T10:36:22.142Z	spark2	LOAD	23.337	4.079
2026-09-28T10:36:22.151Z	spark1	LOAD	19.560	7.428
2026-09-28T10:36:22.393Z	spark2	LOAD	23.337	4.079
2026-09-28T10:36:22.401Z	spark1	LOAD	19.581	7.428
2026-09-28T10:36:22.644Z	spark2	LOAD	23.337	4.079
2026-09-28T10:36:22.651Z	spark1	LOAD	19.504	7.428
2026-09-28T10:36:22.895Z	spark2	LOAD	23.338	4.079
2026-09-28T10:36:22.902Z	spark1	LOAD	19.455	7.429
2026-09-28T10:36:23.157Z	spark2	LOAD	23.338	4.079
2026-09-28T10:36:23.163Z	spark1	LOAD	20.981	7.429
2026-09-28T10:36:23.406Z	spark2	LOAD	23.338	4.079
2026-09-28T10:36:23.413Z	spark1	LOAD	22.622	7.429
2026-09-28T10:36:23.657Z	spark2	LOAD	23.338	4.079
2026-09-28T10:36:23.664Z	spark1	LOAD	22.586	7.429
2026-09-28T10:36:23.909Z	spark2	LOAD	23.338	4.079
2026-09-28T10:36:23.915Z	spark1	LOAD	22.544	7.429
2026-09-28T10:36:24.172Z	spark2	LOAD	23.338	4.079
2026-09-28T10:36:24.183Z	spark1	LOAD	22.501	7.429
2026-09-28T10:36:24.424Z	spark2	LOAD	23.338	4.079
2026-09-28T10:36:24.433Z	spark1	LOAD	22.463	7.429
2026-09-28T10:36:24.674Z	spark2	LOAD	23.338	4.079
2026-09-28T10:36:24.683Z	spark1	LOAD	22.374	7.429
2026-09-28T10:36:24.925Z	spark2	LOAD	23.338	4.079
2026-09-28T10:36:24.934Z	spark1	LOAD	22.331	7.428
2026-09-28T10:36:25.190Z	spark2	LOAD	23.338	4.079
2026-09-28T10:36:25.200Z	spark1	LOAD	22.282	7.428
2026-09-28T10:36:25.441Z	spark2	LOAD	23.338	4.079
2026-09-28T10:36:25.450Z	spark1	LOAD	22.242	7.428
2026-09-28T10:36:25.691Z	spark2	LOAD	23.338	4.079
2026-09-28T10:36:25.701Z	spark1	LOAD	22.196	7.428
2026-09-28T10:36:25.942Z	spark2	LOAD	23.339	4.079
2026-09-28T10:36:25.951Z	spark1	LOAD	22.151	7.428
2026-09-28T10:36:26.203Z	spark2	LOAD	23.340	4.079
2026-09-28T10:36:26.217Z	spark1	LOAD	22.079	7.428
2026-09-28T10:36:26.454Z	spark2	LOAD	23.340	4.079
2026-09-28T10:36:26.468Z	spark1	LOAD	22.090	7.428
2026-09-28T10:36:26.705Z	spark2	LOAD	23.340	4.079
2026-09-28T10:36:26.718Z	spark1	LOAD	22.008	7.428
2026-09-28T10:36:26.956Z	spark2	LOAD	23.340	4.079
2026-09-28T10:36:26.968Z	spark1	LOAD	22.004	7.428
2026-09-28T10:36:27.217Z	spark2	LOAD	23.340	4.079
2026-09-28T10:36:27.236Z	spark1	LOAD	21.979	7.434
2026-09-28T10:36:27.467Z	spark2	LOAD	23.323	4.078
2026-09-28T10:36:27.486Z	spark1	LOAD	21.927	7.438
2026-09-28T10:36:27.718Z	spark2	LOAD	23.340	4.078
2026-09-28T10:36:27.736Z	spark1	LOAD	21.874	7.438
2026-09-28T10:36:27.969Z	spark2	LOAD	23.340	4.078
2026-09-28T10:36:27.987Z	spark1	LOAD	21.848	7.441
2026-09-28T10:36:28.234Z	spark2	LOAD	23.341	4.078
2026-09-28T10:36:28.254Z	spark1	LOAD	21.807	7.442
2026-09-28T10:36:28.485Z	spark2	LOAD	23.344	4.078
2026-09-28T10:36:28.504Z	spark1	LOAD	21.776	7.445
2026-09-28T10:36:28.735Z	spark2	LOAD	23.344	4.078
2026-09-28T10:36:28.754Z	spark1	LOAD	21.712	7.445
2026-09-28T10:36:28.986Z	spark2	LOAD	23.344	4.078
2026-09-28T10:36:29.005Z	spark1	LOAD	21.674	7.445
2026-09-28T10:36:29.250Z	spark2	LOAD	23.344	4.078
2026-09-28T10:36:29.267Z	spark1	LOAD	21.629	7.445
2026-09-28T10:36:29.501Z	spark2	LOAD	23.344	4.078
2026-09-28T10:36:29.517Z	spark1	LOAD	21.585	7.444
2026-09-28T10:36:29.752Z	spark2	LOAD	23.344	4.078
2026-09-28T10:36:29.768Z	spark1	LOAD	21.537	7.444
2026-09-28T10:36:30.002Z	spark2	LOAD	23.344	4.078
2026-09-28T10:36:30.018Z	spark1	LOAD	21.494	7.444
2026-09-28T10:36:30.266Z	spark2	LOAD	23.344	4.078
2026-09-28T10:36:30.280Z	spark1	LOAD	21.444	7.444
2026-09-28T10:36:30.518Z	spark2	LOAD	23.344	4.078
2026-09-28T10:36:30.530Z	spark1	LOAD	21.411	7.444
2026-09-28T10:36:30.768Z	spark2	LOAD	23.344	4.078
2026-09-28T10:36:30.780Z	spark1	LOAD	21.343	7.444
2026-09-28T10:36:31.019Z	spark2	LOAD	23.344	4.078
2026-09-28T10:36:31.031Z	spark1	LOAD	21.311	7.425
2026-09-28T10:36:31.279Z	spark2	LOAD	23.344	4.078
2026-09-28T10:36:31.293Z	spark1	LOAD	21.265	7.425
2026-09-28T10:36:31.531Z	spark2	LOAD	23.344	4.078
2026-09-28T10:36:31.544Z	spark1	LOAD	21.233	7.425
2026-09-28T10:36:31.781Z	spark2	LOAD	23.344	4.078
2026-09-28T10:36:31.794Z	spark1	LOAD	21.194	7.425
2026-09-28T10:36:32.032Z	spark2	LOAD	23.344	4.078
2026-09-28T10:36:32.045Z	spark1	LOAD	21.159	7.425
2026-09-28T10:36:32.294Z	spark2	LOAD	23.344	4.078
2026-09-28T10:36:32.307Z	spark1	LOAD	21.118	7.425
2026-09-28T10:36:32.544Z	spark2	LOAD	23.344	4.078
2026-09-28T10:36:32.557Z	spark1	LOAD	21.080	7.425
2026-09-28T10:36:32.794Z	spark2	LOAD	23.344	4.078
2026-09-28T10:36:32.807Z	spark1	LOAD	21.016	7.425
2026-09-28T10:36:33.045Z	spark2	LOAD	23.344	4.078
2026-09-28T10:36:33.058Z	spark1	LOAD	20.973	7.425
2026-09-28T10:36:33.310Z	spark2	LOAD	23.344	4.078
2026-09-28T10:36:33.320Z	spark1	LOAD	20.929	7.425
2026-09-28T10:36:33.561Z	spark2	LOAD	23.344	4.078
2026-09-28T10:36:33.570Z	spark1	LOAD	20.886	7.425
2026-09-28T10:36:33.812Z	spark2	LOAD	23.344	4.078
2026-09-28T10:36:33.821Z	spark1	LOAD	20.848	7.425
2026-09-28T10:36:34.063Z	spark2	LOAD	23.344	4.078
2026-09-28T10:36:34.071Z	spark1	LOAD	20.809	7.425
2026-09-28T10:36:34.328Z	spark2	LOAD	23.343	4.078
2026-09-28T10:36:34.337Z	spark1	LOAD	20.770	7.425
2026-09-28T10:36:34.578Z	spark2	LOAD	23.343	4.078
2026-09-28T10:36:34.588Z	spark1	LOAD	20.718	7.425
2026-09-28T10:36:34.829Z	spark2	LOAD	23.343	4.078
2026-09-28T10:36:34.839Z	spark1	LOAD	20.684	7.425
2026-09-28T10:36:35.080Z	spark2	LOAD	23.343	4.078
2026-09-28T10:36:35.089Z	spark1	LOAD	20.626	7.425
2026-09-28T10:36:35.345Z	spark2	LOAD	23.343	4.078
2026-09-28T10:36:35.354Z	spark1	LOAD	20.580	7.425
2026-09-28T10:36:35.596Z	spark2	LOAD	23.343	4.078
2026-09-28T10:36:35.604Z	spark1	LOAD	20.539	7.425
2026-09-28T10:36:35.846Z	spark2	LOAD	23.343	4.078
2026-09-28T10:36:35.855Z	spark1	LOAD	20.498	7.425
2026-09-28T10:36:36.096Z	spark2	LOAD	23.343	4.078
2026-09-28T10:36:36.105Z	spark1	LOAD	20.459	7.425
2026-09-28T10:36:36.361Z	spark2	LOAD	23.343	4.078
2026-09-28T10:36:36.373Z	spark1	LOAD	20.407	7.425
2026-09-28T10:36:36.611Z	spark2	LOAD	23.343	4.078
2026-09-28T10:36:36.624Z	spark1	LOAD	20.369	7.425
2026-09-28T10:36:36.862Z	spark2	LOAD	23.343	4.078
2026-09-28T10:36:36.874Z	spark1	LOAD	20.328	7.425
2026-09-28T10:36:37.113Z	spark2	LOAD	23.343	4.078
2026-09-28T10:36:37.124Z	spark1	LOAD	20.258	7.425
2026-09-28T10:36:37.377Z	spark2	LOAD	23.343	4.078
2026-09-28T10:36:37.386Z	spark1	LOAD	20.221	7.425
2026-09-28T10:36:37.629Z	spark2	LOAD	23.343	4.078
2026-09-28T10:36:37.636Z	spark1	LOAD	20.188	7.425
2026-09-28T10:36:37.879Z	spark2	LOAD	23.343	4.078
2026-09-28T10:36:37.887Z	spark1	LOAD	20.101	7.425
2026-09-28T10:36:38.128Z	spark2	LOAD	23.343	4.078
2026-09-28T10:36:38.137Z	spark1	LOAD	20.070	7.425
2026-09-28T10:36:38.389Z	spark2	LOAD	23.346	4.078
2026-09-28T10:36:38.405Z	spark1	LOAD	20.030	7.425
2026-09-28T10:36:38.640Z	spark2	LOAD	23.359	4.078
2026-09-28T10:36:38.655Z	spark1	LOAD	19.973	7.425
2026-09-28T10:36:38.890Z	spark2	LOAD	23.359	4.078
2026-09-28T10:36:38.906Z	spark1	LOAD	19.955	7.425
2026-09-28T10:36:39.141Z	spark2	LOAD	23.357	4.078
2026-09-28T10:36:39.156Z	spark1	LOAD	19.901	7.425
2026-09-28T10:36:39.406Z	spark2	LOAD	23.356	4.078
2026-09-28T10:36:39.418Z	spark1	LOAD	19.865	7.425
2026-09-28T10:36:39.657Z	spark2	LOAD	23.356	4.078
2026-09-28T10:36:39.668Z	spark1	LOAD	19.825	7.425
2026-09-28T10:36:39.907Z	spark2	LOAD	23.356	4.078
2026-09-28T10:36:39.918Z	spark1	LOAD	19.785	7.425
2026-09-28T10:36:40.158Z	spark2	LOAD	23.356	4.078
2026-09-28T10:36:40.168Z	spark1	LOAD	19.742	7.425
2026-09-28T10:36:40.423Z	spark2	LOAD	23.356	4.078
2026-09-28T10:36:40.430Z	spark1	LOAD	19.701	7.425
2026-09-28T10:36:40.675Z	spark2	LOAD	23.356	4.078
2026-09-28T10:36:40.681Z	spark1	LOAD	19.652	7.425
2026-09-28T10:36:40.926Z	spark2	LOAD	23.356	4.078
2026-09-28T10:36:40.931Z	spark1	LOAD	19.613	7.425
2026-09-28T10:36:41.176Z	spark2	LOAD	23.356	4.078
2026-09-28T10:36:41.181Z	spark1	LOAD	19.544	7.425
2026-09-28T10:36:41.441Z	spark2	LOAD	23.356	4.078
2026-09-28T10:36:41.443Z	spark1	LOAD	19.515	7.425
2026-09-28T10:36:41.692Z	spark2	LOAD	23.356	4.078
2026-09-28T10:36:41.693Z	spark1	LOAD	19.472	7.425
2026-09-28T10:36:41.942Z	spark2	LOAD	23.356	4.078
2026-09-28T10:36:41.943Z	spark1	LOAD	19.606	7.424
2026-09-28T10:36:42.194Z	spark2	LOAD	23.356	4.078
2026-09-28T10:36:42.194Z	spark1	LOAD	21.497	7.424
2026-09-28T10:36:42.454Z	spark2	LOAD	23.356	4.078
2026-09-28T10:36:42.456Z	spark1	LOAD	22.490	7.424
2026-09-28T10:36:42.705Z	spark2	LOAD	23.356	4.078
2026-09-28T10:36:42.706Z	spark1	LOAD	22.439	7.424
2026-09-28T10:36:42.955Z	spark2	LOAD	23.356	4.078
2026-09-28T10:36:42.956Z	spark1	LOAD	22.371	7.424
2026-09-28T10:36:43.206Z	spark2	LOAD	23.356	4.078
2026-09-28T10:36:43.206Z	spark1	LOAD	22.272	7.424
2026-09-28T10:36:43.473Z	spark2	LOAD	23.356	4.078
2026-09-28T10:36:43.474Z	spark1	LOAD	22.211	7.424
2026-09-28T10:36:43.722Z	spark2	LOAD	23.356	4.078
2026-09-28T10:36:43.723Z	spark1	LOAD	22.156	7.424
2026-09-28T10:36:43.973Z	spark2	LOAD	23.356	4.078
2026-09-28T10:36:43.975Z	spark1	LOAD	22.119	7.424
2026-09-28T10:36:44.223Z	spark2	LOAD	23.356	4.078
2026-09-28T10:36:44.224Z	spark1	LOAD	22.077	7.424
2026-09-28T10:36:44.489Z	spark2	LOAD	23.356	4.078
2026-09-28T10:36:44.491Z	spark1	LOAD	22.036	7.424
2026-09-28T10:36:44.739Z	spark2	LOAD	23.356	4.078
2026-09-28T10:36:44.741Z	spark1	LOAD	21.993	7.424
2026-09-28T10:36:44.990Z	spark2	LOAD	23.355	4.078
2026-09-28T10:36:44.992Z	spark1	LOAD	21.958	7.424
2026-09-28T10:36:45.240Z	spark2	LOAD	23.355	4.078
2026-09-28T10:36:45.242Z	spark1	LOAD	21.906	7.424
2026-09-28T10:36:45.504Z	spark1	LOAD	21.901	7.424
2026-09-28T10:36:45.504Z	spark2	LOAD	23.355	4.078
2026-09-28T10:36:45.755Z	spark1	LOAD	21.897	7.424
2026-09-28T10:36:45.755Z	spark2	LOAD	23.355	4.078
2026-09-28T10:36:46.005Z	spark1	LOAD	21.873	7.424
2026-09-28T10:36:46.006Z	spark2	LOAD	23.355	4.078
2026-09-28T10:36:46.255Z	spark1	LOAD	21.859	7.424
2026-09-28T10:36:46.257Z	spark2	LOAD	23.355	4.078
2026-09-28T10:36:46.522Z	spark2	LOAD	23.355	4.078
2026-09-28T10:36:46.524Z	spark1	LOAD	21.811	7.424
2026-09-28T10:36:46.772Z	spark2	LOAD	23.355	4.078
2026-09-28T10:36:46.774Z	spark1	LOAD	21.742	7.424
2026-09-28T10:36:47.023Z	spark2	LOAD	23.355	4.078
2026-09-28T10:36:47.025Z	spark1	LOAD	21.714	7.424
2026-09-28T10:36:47.273Z	spark2	LOAD	23.355	4.078
2026-09-28T10:36:47.275Z	spark1	LOAD	21.642	7.424
2026-09-28T10:36:47.537Z	spark1	LOAD	21.596	7.424
2026-09-28T10:36:47.540Z	spark2	LOAD	23.355	4.078
2026-09-28T10:36:47.787Z	spark1	LOAD	21.509	7.424
2026-09-28T10:36:47.789Z	spark2	LOAD	23.355	4.078
2026-09-28T10:36:48.038Z	spark1	LOAD	21.436	7.424
2026-09-28T10:36:48.040Z	spark2	LOAD	23.355	4.078
2026-09-28T10:36:48.288Z	spark1	LOAD	21.498	7.424
2026-09-28T10:36:48.291Z	spark2	LOAD	23.355	4.078
2026-09-28T10:36:48.551Z	spark2	LOAD	23.355	4.078
2026-09-28T10:36:48.556Z	spark1	LOAD	21.464	7.424
2026-09-28T10:36:48.802Z	spark2	LOAD	23.355	4.078
2026-09-28T10:36:48.806Z	spark1	LOAD	21.418	7.424
2026-09-28T10:36:49.052Z	spark2	LOAD	23.346	4.078
2026-09-28T10:36:49.056Z	spark1	LOAD	21.390	7.424
2026-09-28T10:36:49.303Z	spark2	LOAD	23.353	4.078
2026-09-28T10:36:49.306Z	spark1	LOAD	21.333	7.424
2026-09-28T10:36:49.568Z	spark2	LOAD	23.360	4.078
2026-09-28T10:36:49.568Z	spark1	LOAD	21.302	7.424
2026-09-28T10:36:49.819Z	spark1	LOAD	21.259	7.424
2026-09-28T10:36:49.819Z	spark2	LOAD	23.360	4.078
2026-09-28T10:36:50.069Z	spark2	LOAD	23.360	4.078
2026-09-28T10:36:50.069Z	spark1	LOAD	21.224	7.424
2026-09-28T10:36:50.319Z	spark1	LOAD	21.189	7.424
2026-09-28T10:36:50.320Z	spark2	LOAD	23.360	4.078
2026-09-28T10:36:50.581Z	spark2	LOAD	23.359	4.078
2026-09-28T10:36:50.586Z	spark1	LOAD	21.145	7.424
2026-09-28T10:36:50.833Z	spark2	LOAD	23.359	4.078
2026-09-28T10:36:50.836Z	spark1	LOAD	21.114	7.424
2026-09-28T10:36:51.083Z	spark2	LOAD	23.359	4.078
2026-09-28T10:36:51.086Z	spark1	LOAD	21.075	7.424
2026-09-28T10:36:51.334Z	spark2	LOAD	23.359	4.078
2026-09-28T10:36:51.336Z	spark1	LOAD	21.023	7.424
2026-09-28T10:36:51.598Z	spark1	LOAD	20.980	7.424
2026-09-28T10:36:51.599Z	spark2	LOAD	23.359	4.078
2026-09-28T10:36:51.848Z	spark1	LOAD	20.946	7.424
2026-09-28T10:36:51.850Z	spark2	LOAD	23.359	4.078
2026-09-28T10:36:52.099Z	spark1	LOAD	20.912	7.424
2026-09-28T10:36:52.100Z	spark2	LOAD	23.359	4.078
2026-09-28T10:36:52.349Z	spark1	LOAD	20.884	7.422
2026-09-28T10:36:52.351Z	spark2	LOAD	23.359	4.078
2026-09-28T10:36:52.615Z	spark1	LOAD	20.851	7.422
2026-09-28T10:36:52.616Z	spark2	LOAD	23.359	4.078
2026-09-28T10:36:52.866Z	spark1	LOAD	21.120	7.422
2026-09-28T10:36:52.866Z	spark2	LOAD	23.359	4.078
2026-09-28T10:36:53.116Z	spark1	LOAD	21.069	7.422
2026-09-28T10:36:53.117Z	spark2	LOAD	23.359	4.078
2026-09-28T10:36:53.366Z	spark1	LOAD	21.034	7.422
2026-09-28T10:36:53.368Z	spark2	LOAD	23.359	4.078
2026-09-28T10:36:53.626Z	spark1	LOAD	20.956	7.422
2026-09-28T10:36:53.629Z	spark2	LOAD	23.359	4.078
2026-09-28T10:36:53.877Z	spark1	LOAD	20.987	7.422
2026-09-28T10:36:53.879Z	spark2	LOAD	23.359	4.078
2026-09-28T10:36:54.127Z	spark1	LOAD	20.943	7.422
2026-09-28T10:36:54.130Z	spark2	LOAD	23.359	4.078
2026-09-28T10:36:54.377Z	spark1	LOAD	20.827	7.422
2026-09-28T10:36:54.381Z	spark2	LOAD	23.359	4.078
2026-09-28T10:36:54.642Z	spark2	LOAD	23.359	4.078
2026-09-28T10:36:54.645Z	spark1	LOAD	20.733	7.422
2026-09-28T10:36:54.892Z	spark2	LOAD	23.359	4.078
2026-09-28T10:36:54.895Z	spark1	LOAD	20.639	7.422
2026-09-28T10:36:55.143Z	spark2	LOAD	23.359	4.078
2026-09-28T10:36:55.146Z	spark1	LOAD	20.057	7.422
2026-09-28T10:36:55.394Z	spark2	LOAD	23.359	4.078
2026-09-28T10:36:55.397Z	spark1	LOAD	20.527	7.422
2026-09-28T10:36:55.659Z	spark2	LOAD	23.359	4.078
2026-09-28T10:36:55.665Z	spark1	LOAD	19.987	7.422
2026-09-28T10:36:55.909Z	spark2	LOAD	23.359	4.078
2026-09-28T10:36:55.917Z	spark1	LOAD	20.470	7.422
2026-09-28T10:36:56.160Z	spark2	LOAD	23.359	4.078
2026-09-28T10:36:56.167Z	spark1	LOAD	20.479	7.422
2026-09-28T10:36:56.411Z	spark2	LOAD	23.359	4.078
2026-09-28T10:36:56.417Z	spark1	LOAD	20.424	7.422
2026-09-28T10:36:56.671Z	spark2	LOAD	23.359	4.078
2026-09-28T10:36:56.684Z	spark1	LOAD	20.358	7.422
2026-09-28T10:36:56.922Z	spark2	LOAD	23.359	4.078
2026-09-28T10:36:56.935Z	spark1	LOAD	20.340	7.422
2026-09-28T10:36:57.172Z	spark2	LOAD	23.359	4.078
2026-09-28T10:36:57.185Z	spark1	LOAD	20.301	7.422
2026-09-28T10:36:57.423Z	spark2	LOAD	23.359	4.078
2026-09-28T10:36:57.436Z	spark1	LOAD	20.266	7.422
2026-09-28T10:36:57.689Z	spark2	LOAD	23.359	4.078
2026-09-28T10:36:57.710Z	spark1	LOAD	20.198	7.422
2026-09-28T10:36:57.939Z	spark2	LOAD	23.359	4.078
2026-09-28T10:36:57.960Z	spark1	LOAD	20.073	7.422
2026-09-28T10:36:58.190Z	spark2	LOAD	23.359	4.078
2026-09-28T10:36:58.211Z	spark1	LOAD	20.248	7.422
2026-09-28T10:36:58.440Z	spark2	LOAD	23.359	4.078
2026-09-28T10:36:58.461Z	spark1	LOAD	20.281	7.422
2026-09-28T10:36:58.702Z	spark2	LOAD	23.359	4.078
2026-09-28T10:36:58.727Z	spark1	LOAD	20.256	7.422
2026-09-28T10:36:58.953Z	spark2	LOAD	23.359	4.078
2026-09-28T10:36:58.978Z	spark1	LOAD	20.227	7.422
2026-09-28T10:36:59.203Z	spark2	LOAD	23.359	4.078
2026-09-28T10:36:59.228Z	spark1	LOAD	20.192	7.422
2026-09-28T10:36:59.454Z	spark2	LOAD	23.359	4.078
2026-09-28T10:36:59.478Z	spark1	LOAD	20.149	7.422
2026-09-28T10:36:59.715Z	spark2	LOAD	23.359	4.078
2026-09-28T10:36:59.746Z	spark1	LOAD	20.059	7.422
2026-09-28T10:36:59.966Z	spark2	LOAD	23.359	4.078
2026-09-28T10:36:59.996Z	spark1	LOAD	20.018	7.422
2026-09-28T10:37:00.216Z	spark2	LOAD	23.356	4.078
2026-09-28T10:37:00.246Z	spark1	LOAD	19.986	7.422
2026-09-28T10:37:00.466Z	spark2	LOAD	23.339	4.078
2026-09-28T10:37:00.497Z	spark1	LOAD	19.951	7.422
2026-09-28T10:37:00.726Z	spark2	LOAD	23.345	4.078
2026-09-28T10:37:00.758Z	spark1	LOAD	19.904	7.422
2026-09-28T10:37:00.977Z	spark2	LOAD	23.345	4.078
2026-09-28T10:37:01.009Z	spark1	LOAD	19.875	7.422
2026-09-28T10:37:01.228Z	spark2	LOAD	23.345	4.078
2026-09-28T10:37:01.259Z	spark1	LOAD	19.842	7.422
2026-09-28T10:37:01.479Z	spark2	LOAD	23.345	4.078
2026-09-28T10:37:01.509Z	spark1	LOAD	19.816	7.422
2026-09-28T10:37:01.741Z	spark2	LOAD	23.345	4.078
2026-09-28T10:37:01.776Z	spark1	LOAD	19.826	7.422
2026-09-28T10:37:01.991Z	spark2	LOAD	23.345	4.078
2026-09-28T10:37:02.026Z	spark1	LOAD	19.825	7.422
2026-09-28T10:37:02.243Z	spark2	LOAD	23.345	4.078
2026-09-28T10:37:02.276Z	spark1	LOAD	19.791	7.422
2026-09-28T10:37:02.493Z	spark2	LOAD	23.345	4.078
2026-09-28T10:37:02.527Z	spark1	LOAD	19.761	7.422
2026-09-28T10:37:02.754Z	spark2	LOAD	23.345	4.078
2026-09-28T10:37:02.795Z	spark1	LOAD	19.726	7.422
2026-09-28T10:37:03.004Z	spark2	LOAD	23.345	4.078
2026-09-28T10:37:03.045Z	spark1	LOAD	19.643	7.423
2026-09-28T10:37:03.255Z	spark2	LOAD	23.345	4.078
2026-09-28T10:37:03.295Z	spark1	LOAD	19.607	7.423
2026-09-28T10:37:03.506Z	spark2	LOAD	23.345	4.078
2026-09-28T10:37:03.546Z	spark1	LOAD	19.574	7.423
2026-09-28T10:37:03.766Z	spark2	LOAD	23.345	4.078
2026-09-28T10:37:03.811Z	spark1	LOAD	19.564	7.423
2026-09-28T10:37:04.017Z	spark2	LOAD	23.345	4.078
2026-09-28T10:37:04.061Z	spark1	LOAD	19.531	7.423
2026-09-28T10:37:04.267Z	spark2	LOAD	23.345	4.078
2026-09-28T10:37:04.312Z	spark1	LOAD	19.496	7.423
2026-09-28T10:37:04.518Z	spark2	LOAD	23.345	4.078
2026-09-28T10:37:04.562Z	spark1	LOAD	20.010	7.422
2026-09-28T10:37:04.779Z	spark2	LOAD	23.345	4.078
2026-09-28T10:37:04.826Z	spark1	LOAD	22.490	7.422
2026-09-28T10:37:05.030Z	spark2	LOAD	23.345	4.078
2026-09-28T10:37:05.076Z	spark1	LOAD	22.458	7.422
2026-09-28T10:37:05.281Z	spark2	LOAD	23.345	4.078
2026-09-28T10:37:05.327Z	spark1	LOAD	22.393	7.422
2026-09-28T10:37:05.531Z	spark2	LOAD	23.345	4.078
2026-09-28T10:37:05.577Z	spark1	LOAD	22.361	7.422
2026-09-28T10:37:05.792Z	spark2	LOAD	23.345	4.078
2026-09-28T10:37:05.844Z	spark1	LOAD	22.308	7.422
2026-09-28T10:37:06.043Z	spark2	LOAD	23.345	4.078
2026-09-28T10:37:06.095Z	spark1	LOAD	22.270	7.422
2026-09-28T10:37:06.294Z	spark2	LOAD	23.345	4.078
2026-09-28T10:37:06.345Z	spark1	LOAD	22.238	7.422
2026-09-28T10:37:06.545Z	spark2	LOAD	23.345	4.078
2026-09-28T10:37:06.596Z	spark1	LOAD	22.210	7.422
2026-09-28T10:37:06.806Z	spark2	LOAD	23.345	4.078
2026-09-28T10:37:06.866Z	spark1	LOAD	22.178	7.422
2026-09-28T10:37:07.057Z	spark2	LOAD	23.345	4.078
2026-09-28T10:37:07.116Z	spark1	LOAD	22.148	7.422
2026-09-28T10:37:07.308Z	spark2	LOAD	23.345	4.078
2026-09-28T10:37:07.367Z	spark1	LOAD	22.116	7.422
2026-09-28T10:37:07.559Z	spark2	LOAD	23.345	4.078
2026-09-28T10:37:07.617Z	spark1	LOAD	22.085	7.422
2026-09-28T10:37:07.820Z	spark2	LOAD	23.345	4.078
2026-09-28T10:37:07.879Z	spark1	LOAD	22.015	7.422
2026-09-28T10:37:08.071Z	spark2	LOAD	23.345	4.078
2026-09-28T10:37:08.129Z	spark1	LOAD	21.988	7.422
2026-09-28T10:37:08.321Z	spark2	LOAD	23.345	4.078
2026-09-28T10:37:08.380Z	spark1	LOAD	21.959	7.422
2026-09-28T10:37:08.572Z	spark2	LOAD	23.345	4.078
2026-09-28T10:37:08.630Z	spark1	LOAD	21.922	7.422
2026-09-28T10:37:08.838Z	spark2	LOAD	23.345	4.078
2026-09-28T10:37:08.897Z	spark1	LOAD	21.887	7.422
2026-09-28T10:37:09.089Z	spark2	LOAD	23.346	4.078
2026-09-28T10:37:09.147Z	spark1	LOAD	21.850	7.422
2026-09-28T10:37:09.340Z	spark2	LOAD	23.346	4.078
2026-09-28T10:37:09.398Z	spark1	LOAD	21.812	7.422
2026-09-28T10:37:09.590Z	spark2	LOAD	23.347	4.078
2026-09-28T10:37:09.648Z	spark1	LOAD	21.776	7.422
2026-09-28T10:37:09.855Z	spark2	LOAD	23.346	4.078
2026-09-28T10:37:09.911Z	spark1	LOAD	21.972	7.423
2026-09-28T10:37:10.106Z	spark2	LOAD	23.347	4.078
2026-09-28T10:37:10.162Z	spark1	LOAD	21.936	7.423
2026-09-28T10:37:10.356Z	spark2	LOAD	23.347	4.078
2026-09-28T10:37:10.412Z	spark1	LOAD	21.914	7.423
2026-09-28T10:37:10.607Z	spark2	LOAD	23.347	4.078
2026-09-28T10:37:10.662Z	spark1	LOAD	21.851	7.423
2026-09-28T10:37:10.871Z	spark2	LOAD	23.347	4.078
2026-09-28T10:37:10.930Z	spark1	LOAD	21.827	7.422
2026-09-28T10:37:11.121Z	spark2	LOAD	23.348	4.078
2026-09-28T10:37:11.180Z	spark1	LOAD	21.804	7.422
2026-09-28T10:37:11.371Z	spark2	LOAD	23.334	4.078
2026-09-28T10:37:11.430Z	spark1	LOAD	21.754	7.422
2026-09-28T10:37:11.622Z	spark2	LOAD	23.349	4.077
2026-09-28T10:37:11.681Z	spark1	LOAD	21.698	7.422
2026-09-28T10:37:11.887Z	spark2	LOAD	23.349	4.077
2026-09-28T10:37:11.942Z	spark1	LOAD	21.652	7.422
2026-09-28T10:37:12.138Z	spark2	LOAD	23.348	4.077
2026-09-28T10:37:12.192Z	spark1	LOAD	21.619	7.422
2026-09-28T10:37:12.388Z	spark2	LOAD	23.348	4.077
2026-09-28T10:37:12.442Z	spark1	LOAD	21.592	7.422
2026-09-28T10:37:12.639Z	spark2	LOAD	23.348	4.077
2026-09-28T10:37:12.693Z	spark1	LOAD	21.556	7.422
2026-09-28T10:37:12.899Z	spark2	LOAD	23.350	4.077
2026-09-28T10:37:12.959Z	spark1	LOAD	21.516	7.422
2026-09-28T10:37:13.150Z	spark2	LOAD	23.350	4.077
2026-09-28T10:37:13.210Z	spark1	LOAD	21.481	7.422
2026-09-28T10:37:13.401Z	spark2	LOAD	23.350	4.077
2026-09-28T10:37:13.460Z	spark1	LOAD	21.443	7.422
2026-09-28T10:37:13.652Z	spark2	LOAD	23.350	4.077
2026-09-28T10:37:13.710Z	spark1	LOAD	21.408	7.422
2026-09-28T10:37:13.917Z	spark2	LOAD	23.352	4.077
2026-09-28T10:37:13.979Z	spark1	LOAD	21.368	7.422
2026-09-28T10:37:14.167Z	spark2	LOAD	23.352	4.077
2026-09-28T10:37:14.229Z	spark1	LOAD	21.316	7.422
2026-09-28T10:37:14.418Z	spark2	LOAD	23.352	4.077
2026-09-28T10:37:14.480Z	spark1	LOAD	21.276	7.422
2026-09-28T10:37:14.669Z	spark2	LOAD	23.352	4.077
2026-09-28T10:37:14.730Z	spark1	LOAD	21.237	7.421
2026-09-28T10:37:14.930Z	spark2	LOAD	23.352	4.077
2026-09-28T10:37:14.992Z	spark1	LOAD	21.194	7.421
2026-09-28T10:37:15.181Z	spark2	LOAD	23.353	4.077
2026-09-28T10:37:15.243Z	spark1	LOAD	21.163	7.421
2026-09-28T10:37:15.432Z	spark2	LOAD	23.353	4.077
2026-09-28T10:37:15.493Z	spark1	LOAD	21.144	7.421
2026-09-28T10:37:15.683Z	spark2	LOAD	23.353	4.077
2026-09-28T10:37:15.743Z	spark1	LOAD	21.109	7.421
2026-09-28T10:37:15.948Z	spark2	LOAD	23.353	4.077
2026-09-28T10:37:16.010Z	spark1	LOAD	21.071	7.421
2026-09-28T10:37:16.199Z	spark2	LOAD	23.353	4.077
2026-09-28T10:37:16.260Z	spark1	LOAD	21.015	7.421
2026-09-28T10:37:16.450Z	spark2	LOAD	23.353	4.077
2026-09-28T10:37:16.510Z	spark1	LOAD	20.998	7.421
2026-09-28T10:37:16.701Z	spark2	LOAD	23.353	4.077
2026-09-28T10:37:16.761Z	spark1	LOAD	20.967	7.421
2026-09-28T10:37:16.965Z	spark2	LOAD	23.352	4.077
2026-09-28T10:37:17.028Z	spark1	LOAD	20.928	7.421
2026-09-28T10:37:17.216Z	spark2	LOAD	23.352	4.077
2026-09-28T10:37:17.278Z	spark1	LOAD	20.894	7.421
2026-09-28T10:37:17.467Z	spark2	LOAD	23.352	4.077
2026-09-28T10:37:17.529Z	spark1	LOAD	20.869	7.421
2026-09-28T10:37:17.717Z	spark2	LOAD	23.352	4.077
2026-09-28T10:37:17.779Z	spark1	LOAD	20.871	7.422
2026-09-28T10:37:17.978Z	spark2	LOAD	23.352	4.077
2026-09-28T10:37:18.042Z	spark1	LOAD	20.834	7.422
2026-09-28T10:37:18.229Z	spark2	LOAD	23.352	4.077
2026-09-28T10:37:18.292Z	spark1	LOAD	20.808	7.422
2026-09-28T10:37:18.480Z	spark2	LOAD	23.352	4.077
2026-09-28T10:37:18.542Z	spark1	LOAD	20.757	7.422
2026-09-28T10:37:18.731Z	spark2	LOAD	23.352	4.077
2026-09-28T10:37:18.793Z	spark1	LOAD	20.716	7.422
2026-09-28T10:37:18.993Z	spark2	LOAD	23.352	4.077
2026-09-28T10:37:19.060Z	spark1	LOAD	20.672	7.422
2026-09-28T10:37:19.243Z	spark2	LOAD	23.352	4.077
2026-09-28T10:37:19.311Z	spark1	LOAD	20.633	7.422
2026-09-28T10:37:19.494Z	spark2	LOAD	23.352	4.077
2026-09-28T10:37:19.561Z	spark1	LOAD	20.595	7.422
2026-09-28T10:37:19.745Z	spark2	LOAD	23.348	4.077
2026-09-28T10:37:19.811Z	spark1	LOAD	20.560	7.422
2026-09-28T10:37:20.005Z	spark2	LOAD	23.348	4.077
2026-09-28T10:37:20.078Z	spark1	LOAD	20.520	7.422
2026-09-28T10:37:20.256Z	spark2	LOAD	23.348	4.077
2026-09-28T10:37:20.329Z	spark1	LOAD	20.453	7.422
2026-09-28T10:37:20.507Z	spark2	LOAD	23.348	4.077
2026-09-28T10:37:20.579Z	spark1	LOAD	20.423	7.422
2026-09-28T10:37:20.757Z	spark2	LOAD	23.348	4.077
2026-09-28T10:37:20.829Z	spark1	LOAD	20.438	7.422
2026-09-28T10:37:21.022Z	spark2	LOAD	23.348	4.077
2026-09-28T10:37:21.096Z	spark1	LOAD	20.390	7.422
2026-09-28T10:37:21.273Z	spark2	LOAD	23.348	4.077
2026-09-28T10:37:21.346Z	spark1	LOAD	20.339	7.423
2026-09-28T10:37:21.523Z	spark2	LOAD	23.348	4.077
2026-09-28T10:37:21.596Z	spark1	LOAD	20.282	7.422
2026-09-28T10:37:21.774Z	spark2	LOAD	23.348	4.077
2026-09-28T10:37:21.846Z	spark1	LOAD	20.231	7.422
2026-09-28T10:37:22.038Z	spark2	LOAD	23.346	4.077
2026-09-28T10:37:22.109Z	spark1	LOAD	20.197	7.422
2026-09-28T10:37:22.289Z	spark2	LOAD	23.328	4.077
2026-09-28T10:37:22.359Z	spark1	LOAD	20.165	7.422
2026-09-28T10:37:22.539Z	spark2	LOAD	23.330	4.077
2026-09-28T10:37:22.609Z	spark1	LOAD	20.111	7.422
2026-09-28T10:37:22.791Z	spark2	LOAD	23.330	4.077
2026-09-28T10:37:22.860Z	spark1	LOAD	20.082	7.422
2026-09-28T10:37:23.055Z	spark2	LOAD	23.331	4.077
2026-09-28T10:37:23.123Z	spark1	LOAD	20.053	7.422
2026-09-28T10:37:23.306Z	spark2	LOAD	23.331	4.077
2026-09-28T10:37:23.373Z	spark1	LOAD	20.075	7.422
2026-09-28T10:37:23.556Z	spark2	LOAD	23.331	4.077
2026-09-28T10:37:23.623Z	spark1	LOAD	20.028	7.422
2026-09-28T10:37:23.807Z	spark2	LOAD	23.331	4.077
2026-09-28T10:37:23.874Z	spark1	LOAD	19.592	7.422
2026-09-28T10:37:24.072Z	spark2	LOAD	23.332	4.077
2026-09-28T10:37:24.140Z	spark1	LOAD	19.970	7.423
2026-09-28T10:37:24.323Z	spark2	LOAD	23.332	4.077
2026-09-28T10:37:24.391Z	spark1	LOAD	19.915	7.423
2026-09-28T10:37:24.574Z	spark2	LOAD	23.332	4.077
2026-09-28T10:37:24.641Z	spark1	LOAD	19.880	7.423
2026-09-28T10:37:24.826Z	spark2	LOAD	23.332	4.077
2026-09-28T10:37:24.891Z	spark1	LOAD	19.853	7.423
2026-09-28T10:37:25.086Z	spark2	LOAD	23.334	4.077
2026-09-28T10:37:25.159Z	spark1	LOAD	19.823	7.423
2026-09-28T10:37:25.337Z	spark2	LOAD	23.334	4.077
2026-09-28T10:37:25.409Z	spark1	LOAD	19.801	7.423
2026-09-28T10:37:25.588Z	spark2	LOAD	23.334	4.077
2026-09-28T10:37:25.659Z	spark1	LOAD	19.766	7.423
2026-09-28T10:37:25.838Z	spark2	LOAD	23.334	4.077
2026-09-28T10:37:25.910Z	spark1	LOAD	19.730	7.423
2026-09-28T10:37:26.104Z	spark2	LOAD	23.334	4.077
2026-09-28T10:37:26.172Z	spark1	LOAD	19.689	7.423
2026-09-28T10:37:26.354Z	spark2	LOAD	23.334	4.077
2026-09-28T10:37:26.423Z	spark1	LOAD	19.598	7.423
2026-09-28T10:37:26.605Z	spark2	LOAD	23.334	4.077
2026-09-28T10:37:26.673Z	spark1	LOAD	19.562	7.423
2026-09-28T10:37:26.856Z	spark2	LOAD	23.334	4.077
2026-09-28T10:37:26.923Z	spark1	LOAD	19.527	7.423
2026-09-28T10:37:27.116Z	spark2	LOAD	23.334	4.077
2026-09-28T10:37:27.190Z	spark1	LOAD	19.487	7.423
2026-09-28T10:37:27.367Z	spark2	LOAD	23.334	4.077
2026-09-28T10:37:27.440Z	spark1	LOAD	19.448	7.423
2026-09-28T10:37:27.618Z	spark2	LOAD	23.334	4.077
2026-09-28T10:37:27.691Z	spark1	LOAD	19.404	7.423
2026-09-28T10:37:27.868Z	spark2	LOAD	23.334	4.077
2026-09-28T10:37:27.941Z	spark1	LOAD	21.397	7.423
2026-09-28T10:37:28.129Z	spark2	LOAD	23.334	4.077
2026-09-28T10:37:28.203Z	spark1	LOAD	22.668	7.423
2026-09-28T10:37:28.380Z	spark2	LOAD	23.334	4.077
2026-09-28T10:37:28.453Z	spark1	LOAD	22.634	7.423
2026-09-28T10:37:28.632Z	spark2	LOAD	23.334	4.077
2026-09-28T10:37:28.704Z	spark1	LOAD	22.603	7.423
2026-09-28T10:37:28.883Z	spark2	LOAD	23.334	4.077
2026-09-28T10:37:28.954Z	spark1	LOAD	22.586	7.423
2026-09-28T10:37:29.148Z	spark2	LOAD	23.335	4.077
2026-09-28T10:37:29.222Z	spark1	LOAD	22.554	7.423
2026-09-28T10:37:29.399Z	spark2	LOAD	23.335	4.077
2026-09-28T10:37:29.472Z	spark1	LOAD	22.528	7.423
2026-09-28T10:37:29.649Z	spark2	LOAD	23.335	4.077
2026-09-28T10:37:29.723Z	spark1	LOAD	22.496	7.423
2026-09-28T10:37:29.900Z	spark2	LOAD	23.335	4.077
2026-09-28T10:37:29.973Z	spark1	LOAD	22.467	7.423
2026-09-28T10:37:30.165Z	spark2	LOAD	23.335	4.077
2026-09-28T10:37:30.234Z	spark1	LOAD	22.430	7.423
2026-09-28T10:37:30.415Z	spark2	LOAD	23.335	4.077
2026-09-28T10:37:30.484Z	spark1	LOAD	22.395	7.423
2026-09-28T10:37:30.666Z	spark2	LOAD	23.335	4.077
2026-09-28T10:37:30.735Z	spark1	LOAD	22.333	7.423
2026-09-28T10:37:30.917Z	spark2	LOAD	23.335	4.077
2026-09-28T10:37:30.985Z	spark1	LOAD	22.296	7.423
2026-09-28T10:37:31.179Z	spark2	LOAD	23.334	4.077
2026-09-28T10:37:31.254Z	spark1	LOAD	22.254	7.423
2026-09-28T10:37:31.429Z	spark2	LOAD	23.334	4.077
2026-09-28T10:37:31.504Z	spark1	LOAD	22.207	7.423
2026-09-28T10:37:31.679Z	spark2	LOAD	23.334	4.077
2026-09-28T10:37:31.755Z	spark1	LOAD	22.170	7.423
2026-09-28T10:37:31.930Z	spark2	LOAD	23.334	4.077
2026-09-28T10:37:32.005Z	spark1	LOAD	22.132	7.423
2026-09-28T10:37:32.191Z	spark2	LOAD	23.334	4.077
2026-09-28T10:37:32.272Z	spark1	LOAD	22.093	7.423
2026-09-28T10:37:32.442Z	spark2	LOAD	23.334	4.077
2026-09-28T10:37:32.522Z	spark1	LOAD	22.052	7.423
2026-09-28T10:37:32.692Z	spark2	LOAD	23.334	4.077
2026-09-28T10:37:32.772Z	spark1	LOAD	22.012	7.423
2026-09-28T10:37:32.942Z	spark2	LOAD	23.333	4.077
2026-09-28T10:37:33.023Z	spark1	LOAD	21.979	7.423
2026-09-28T10:37:33.207Z	spark2	LOAD	23.329	4.077
2026-09-28T10:37:33.285Z	spark1	LOAD	21.943	7.423
2026-09-28T10:37:33.458Z	spark2	LOAD	23.341	4.077
2026-09-28T10:37:33.535Z	spark1	LOAD	21.888	7.423
2026-09-28T10:37:33.709Z	spark2	LOAD	23.341	4.077
2026-09-28T10:37:33.785Z	spark1	LOAD	21.855	7.423
2026-09-28T10:37:33.960Z	spark2	LOAD	23.341	4.077
2026-09-28T10:37:34.036Z	spark1	LOAD	21.820	7.423
2026-09-28T10:37:34.225Z	spark2	LOAD	23.341	4.077
2026-09-28T10:37:34.304Z	spark1	LOAD	21.786	7.423
2026-09-28T10:37:34.477Z	spark2	LOAD	23.341	4.077
2026-09-28T10:37:34.555Z	spark1	LOAD	21.753	7.423
2026-09-28T10:37:34.728Z	spark2	LOAD	23.341	4.077
2026-09-28T10:37:34.805Z	spark1	LOAD	21.698	7.423
2026-09-28T10:37:34.978Z	spark2	LOAD	23.341	4.077
2026-09-28T10:37:35.055Z	spark1	LOAD	21.665	7.423
2026-09-28T10:37:35.238Z	spark2	LOAD	23.341	4.077
2026-09-28T10:37:35.318Z	spark1	LOAD	21.628	7.423
2026-09-28T10:37:35.489Z	spark2	LOAD	23.341	4.077
2026-09-28T10:37:35.568Z	spark1	LOAD	21.592	7.423
2026-09-28T10:37:35.740Z	spark2	LOAD	23.341	4.077
2026-09-28T10:37:35.818Z	spark1	LOAD	21.556	7.423
2026-09-28T10:37:35.990Z	spark2	LOAD	23.341	4.077
2026-09-28T10:37:36.069Z	spark1	LOAD	21.520	7.423
2026-09-28T10:37:36.255Z	spark2	LOAD	23.341	4.077
2026-09-28T10:37:36.330Z	spark1	LOAD	21.449	7.423
2026-09-28T10:37:36.506Z	spark2	LOAD	23.341	4.077
2026-09-28T10:37:36.580Z	spark1	LOAD	21.414	7.423
2026-09-28T10:37:36.757Z	spark2	LOAD	23.341	4.077
2026-09-28T10:37:36.831Z	spark1	LOAD	21.352	7.423
2026-09-28T10:37:37.007Z	spark2	LOAD	23.341	4.077
2026-09-28T10:37:37.081Z	spark1	LOAD	21.318	7.423
2026-09-28T10:37:37.268Z	spark2	LOAD	23.341	4.077
2026-09-28T10:37:37.348Z	spark1	LOAD	21.283	7.423
2026-09-28T10:37:37.519Z	spark2	LOAD	23.341	4.077
2026-09-28T10:37:37.598Z	spark1	LOAD	21.313	7.423
2026-09-28T10:37:37.770Z	spark2	LOAD	23.341	4.077
2026-09-28T10:37:37.848Z	spark1	LOAD	21.269	7.423
2026-09-28T10:37:38.020Z	spark2	LOAD	23.341	4.077
2026-09-28T10:37:38.099Z	spark1	LOAD	21.226	7.423
2026-09-28T10:37:38.281Z	spark2	LOAD	23.341	4.077
2026-09-28T10:37:38.366Z	spark1	LOAD	21.193	7.423
2026-09-28T10:37:38.532Z	spark2	LOAD	23.341	4.077
2026-09-28T10:37:38.616Z	spark1	LOAD	21.160	7.423
2026-09-28T10:37:38.783Z	spark2	LOAD	23.341	4.077
2026-09-28T10:37:38.866Z	spark1	LOAD	21.086	7.423
2026-09-28T10:37:39.035Z	spark2	LOAD	23.341	4.077
2026-09-28T10:37:39.116Z	spark1	LOAD	21.087	7.423
2026-09-28T10:37:39.295Z	spark2	LOAD	23.341	4.077
2026-09-28T10:37:39.383Z	spark1	LOAD	21.045	7.423
2026-09-28T10:37:39.547Z	spark2	LOAD	23.341	4.077
2026-09-28T10:37:39.634Z	spark1	LOAD	21.000	7.423
2026-09-28T10:37:39.797Z	spark2	LOAD	23.341	4.077
2026-09-28T10:37:39.884Z	spark1	LOAD	20.968	7.423
2026-09-28T10:37:40.048Z	spark2	LOAD	23.341	4.077
2026-09-28T10:37:40.135Z	spark1	LOAD	20.933	7.423
2026-09-28T10:37:40.308Z	spark2	LOAD	23.342	4.077
2026-09-28T10:37:40.401Z	spark1	LOAD	20.912	7.423
2026-09-28T10:37:40.559Z	spark2	LOAD	23.342	4.077
2026-09-28T10:37:40.651Z	spark1	LOAD	20.872	7.423
2026-09-28T10:37:40.810Z	spark2	LOAD	23.342	4.077
2026-09-28T10:37:40.902Z	spark1	LOAD	20.846	7.424
2026-09-28T10:37:41.060Z	spark2	LOAD	23.342	4.077
2026-09-28T10:37:41.152Z	spark1	LOAD	20.796	7.424
2026-09-28T10:37:41.321Z	spark2	LOAD	23.342	4.077
2026-09-28T10:37:41.415Z	spark1	LOAD	20.778	7.424
2026-09-28T10:37:41.571Z	spark2	LOAD	23.342	4.077
2026-09-28T10:37:41.665Z	spark1	LOAD	20.191	7.423
2026-09-28T10:37:41.822Z	spark2	LOAD	23.342	4.077
2026-09-28T10:37:41.915Z	spark1	LOAD	20.723	7.424
2026-09-28T10:37:42.073Z	spark2	LOAD	23.342	4.077
2026-09-28T10:37:42.165Z	spark1	LOAD	20.686	7.424
2026-09-28T10:37:42.333Z	spark2	LOAD	23.342	4.077
2026-09-28T10:37:42.433Z	spark1	LOAD	20.641	7.424
2026-09-28T10:37:42.584Z	spark2	LOAD	23.342	4.077
2026-09-28T10:37:42.684Z	spark1	LOAD	20.028	7.424
2026-09-28T10:37:42.835Z	spark2	LOAD	23.342	4.077
2026-09-28T10:37:42.934Z	spark1	LOAD	19.970	7.424
2026-09-28T10:37:43.085Z	spark2	LOAD	23.342	4.077
2026-09-28T10:37:43.184Z	spark1	LOAD	20.525	7.424
2026-09-28T10:37:43.346Z	spark2	LOAD	23.342	4.077
2026-09-28T10:37:43.446Z	spark1	LOAD	20.434	7.424
2026-09-28T10:37:43.596Z	spark2	LOAD	23.342	4.077
2026-09-28T10:37:43.697Z	spark1	LOAD	20.382	7.423
2026-09-28T10:37:43.846Z	spark2	LOAD	23.341	4.077
2026-09-28T10:37:43.947Z	spark1	LOAD	20.368	7.423
2026-09-28T10:37:44.096Z	spark2	LOAD	23.322	4.077
2026-09-28T10:37:44.197Z	spark1	LOAD	20.322	7.423
2026-09-28T10:37:44.362Z	spark2	LOAD	23.338	4.077
2026-09-28T10:37:44.459Z	spark1	LOAD	20.270	7.423
2026-09-28T10:37:44.613Z	spark2	LOAD	23.338	4.077
2026-09-28T10:37:44.709Z	spark1	LOAD	20.236	7.424
2026-09-28T10:37:44.864Z	spark2	LOAD	23.338	4.077
2026-09-28T10:37:44.959Z	spark1	LOAD	20.190	7.424
2026-09-28T10:37:45.114Z	spark2	LOAD	23.339	4.077
2026-09-28T10:37:45.210Z	spark1	LOAD	20.199	7.424
2026-09-28T10:37:45.376Z	spark2	LOAD	23.339	4.077
2026-09-28T10:37:45.471Z	spark1	LOAD	20.152	7.424
2026-09-28T10:37:45.626Z	spark2	LOAD	23.339	4.077
2026-09-28T10:37:45.721Z	spark1	LOAD	20.032	7.424
2026-09-28T10:37:45.876Z	spark2	LOAD	23.341	4.077
2026-09-28T10:37:45.971Z	spark1	LOAD	19.996	7.424
2026-09-28T10:37:46.127Z	spark2	LOAD	23.342	4.077
2026-09-28T10:37:46.222Z	spark1	LOAD	20.034	7.425
2026-09-28T10:37:46.392Z	spark2	LOAD	23.344	4.077
2026-09-28T10:37:46.486Z	spark1	LOAD	20.003	7.427
2026-09-28T10:37:46.642Z	spark2	LOAD	23.344	4.077
2026-09-28T10:37:46.736Z	spark1	LOAD	19.956	7.427
2026-09-28T10:37:46.894Z	spark2	LOAD	23.346	4.077
2026-09-28T10:37:46.987Z	spark1	LOAD	19.898	7.427
2026-09-28T10:37:47.145Z	spark2	LOAD	23.346	4.077
2026-09-28T10:37:47.237Z	spark1	LOAD	19.866	7.427
2026-09-28T10:37:47.410Z	spark2	LOAD	23.346	4.077
2026-09-28T10:37:47.505Z	spark1	LOAD	19.828	7.427
2026-09-28T10:37:47.661Z	spark2	LOAD	23.346	4.077
2026-09-28T10:37:47.756Z	spark1	LOAD	19.801	7.427
2026-09-28T10:37:47.911Z	spark2	LOAD	23.346	4.077
2026-09-28T10:37:48.006Z	spark1	LOAD	19.777	7.427
2026-09-28T10:37:48.162Z	spark2	LOAD	23.346	4.077
2026-09-28T10:37:48.257Z	spark1	LOAD	19.747	7.427
2026-09-28T10:37:48.427Z	spark2	LOAD	23.346	4.077
2026-09-28T10:37:48.523Z	spark1	LOAD	19.709	7.427
2026-09-28T10:37:48.677Z	spark2	LOAD	23.346	4.077
2026-09-28T10:37:48.773Z	spark1	LOAD	19.682	7.427
2026-09-28T10:37:48.927Z	spark2	LOAD	23.347	4.077
2026-09-28T10:37:49.023Z	spark1	LOAD	19.612	7.427
2026-09-28T10:37:49.178Z	spark2	LOAD	23.348	4.077
2026-09-28T10:37:49.274Z	spark1	LOAD	19.581	7.427
2026-09-28T10:37:49.440Z	spark2	LOAD	23.351	4.077
2026-09-28T10:37:49.536Z	spark1	LOAD	19.553	7.427
2026-09-28T10:37:49.691Z	spark2	LOAD	23.351	4.077
2026-09-28T10:37:49.787Z	spark1	LOAD	19.520	7.427
2026-09-28T10:37:49.941Z	spark2	LOAD	23.351	4.077
2026-09-28T10:37:50.037Z	spark1	LOAD	20.874	7.427
2026-09-28T10:37:50.192Z	spark2	LOAD	23.351	4.077
2026-09-28T10:37:50.287Z	spark1	LOAD	22.734	7.427
2026-09-28T10:37:50.451Z	spark2	LOAD	23.347	4.077
2026-09-28T10:37:50.553Z	spark1	LOAD	22.683	7.427
2026-09-28T10:37:50.702Z	spark2	LOAD	23.347	4.077
2026-09-28T10:37:50.804Z	spark1	LOAD	22.658	7.427
2026-09-28T10:37:50.953Z	spark2	LOAD	23.347	4.077
2026-09-28T10:37:51.054Z	spark1	LOAD	22.608	7.427
2026-09-28T10:37:51.204Z	spark2	LOAD	23.347	4.077
2026-09-28T10:37:51.304Z	spark1	LOAD	22.589	7.427
2026-09-28T10:37:51.464Z	spark2	LOAD	23.347	4.077
2026-09-28T10:37:51.567Z	spark1	LOAD	22.547	7.427
2026-09-28T10:37:51.716Z	spark2	LOAD	23.347	4.077
2026-09-28T10:37:51.817Z	spark1	LOAD	22.518	7.427
2026-09-28T10:37:51.967Z	spark2	LOAD	23.347	4.077
2026-09-28T10:37:52.068Z	spark1	LOAD	22.493	7.427
2026-09-28T10:37:52.217Z	spark2	LOAD	23.347	4.077
2026-09-28T10:37:52.318Z	spark1	LOAD	22.455	7.427
2026-09-28T10:37:52.478Z	spark2	LOAD	23.347	4.077
2026-09-28T10:37:52.580Z	spark1	LOAD	22.420	7.427
2026-09-28T10:37:52.728Z	spark2	LOAD	23.347	4.077
2026-09-28T10:37:52.831Z	spark1	LOAD	22.386	7.427
2026-09-28T10:37:52.979Z	spark2	LOAD	23.347	4.077
2026-09-28T10:37:53.081Z	spark1	LOAD	22.352	7.427
2026-09-28T10:37:53.230Z	spark2	LOAD	23.347	4.077
2026-09-28T10:37:53.331Z	spark1	LOAD	22.290	7.427
2026-09-28T10:37:53.491Z	spark2	LOAD	23.347	4.077
2026-09-28T10:37:53.598Z	spark1	LOAD	22.251	7.427
2026-09-28T10:37:53.742Z	spark2	LOAD	23.347	4.077
2026-09-28T10:37:53.848Z	spark1	LOAD	22.217	7.427
2026-09-28T10:37:53.992Z	spark2	LOAD	23.347	4.077
2026-09-28T10:37:54.098Z	spark1	LOAD	22.176	7.427
2026-09-28T10:37:54.243Z	spark2	LOAD	23.347	4.077
2026-09-28T10:37:54.348Z	spark1	LOAD	22.104	7.427
2026-09-28T10:37:54.503Z	spark2	LOAD	23.347	4.077
2026-09-28T10:37:54.610Z	spark1	LOAD	22.062	7.427
2026-09-28T10:37:54.753Z	spark2	LOAD	23.345	4.077
2026-09-28T10:37:54.861Z	spark1	LOAD	22.029	7.427
2026-09-28T10:37:55.004Z	spark2	LOAD	23.331	4.077
2026-09-28T10:37:55.111Z	spark1	LOAD	21.994	7.427
2026-09-28T10:37:55.254Z	spark2	LOAD	23.317	4.077
2026-09-28T10:37:55.361Z	spark1	LOAD	21.926	7.427
2026-09-28T10:37:55.520Z	spark2	LOAD	23.328	4.077
2026-09-28T10:37:55.622Z	spark1	LOAD	21.892	7.427
2026-09-28T10:37:55.771Z	spark2	LOAD	23.328	4.077
2026-09-28T10:37:55.872Z	spark1	LOAD	21.855	7.427
2026-09-28T10:37:56.021Z	spark2	LOAD	23.328	4.077
2026-09-28T10:37:56.123Z	spark1	LOAD	21.815	7.427
2026-09-28T10:37:56.272Z	spark2	LOAD	23.328	4.077
2026-09-28T10:37:56.373Z	spark1	LOAD	21.779	7.427
2026-09-28T10:37:56.533Z	spark2	LOAD	23.328	4.077
2026-09-28T10:37:56.635Z	spark1	LOAD	21.731	7.427
2026-09-28T10:37:56.784Z	spark2	LOAD	23.328	4.077
2026-09-28T10:37:56.885Z	spark1	LOAD	21.696	7.427
2026-09-28T10:37:57.034Z	spark2	LOAD	23.329	4.077
2026-09-28T10:37:57.136Z	spark1	LOAD	21.657	7.427
2026-09-28T10:37:57.285Z	spark2	LOAD	23.329	4.077
2026-09-28T10:37:57.386Z	spark1	LOAD	21.606	7.427
2026-09-28T10:37:57.546Z	spark2	LOAD	23.329	4.077
2026-09-28T10:37:57.649Z	spark1	LOAD	21.568	7.427
2026-09-28T10:37:57.797Z	spark2	LOAD	23.329	4.077
2026-09-28T10:37:57.899Z	spark1	LOAD	21.538	7.427
2026-09-28T10:37:58.048Z	spark2	LOAD	23.331	4.077
2026-09-28T10:37:58.149Z	spark1	LOAD	21.501	7.427
2026-09-28T10:37:58.299Z	spark2	LOAD	23.331	4.077
2026-09-28T10:37:58.400Z	spark1	LOAD	21.466	7.427
2026-09-28T10:37:58.560Z	spark2	LOAD	23.331	4.077
2026-09-28T10:37:58.667Z	spark1	LOAD	21.427	7.427
2026-09-28T10:37:58.811Z	spark2	LOAD	23.331	4.077
2026-09-28T10:37:58.918Z	spark1	LOAD	21.390	7.427
2026-09-28T10:37:59.061Z	spark2	LOAD	23.331	4.077
2026-09-28T10:37:59.168Z	spark1	LOAD	21.352	7.426
2026-09-28T10:37:59.311Z	spark2	LOAD	23.331	4.077
2026-09-28T10:37:59.419Z	spark1	LOAD	21.315	7.426
2026-09-28T10:37:59.572Z	spark2	LOAD	23.331	4.077
2026-09-28T10:37:59.685Z	spark1	LOAD	21.314	7.426
2026-09-28T10:37:59.823Z	spark2	LOAD	23.331	4.077
2026-09-28T10:37:59.935Z	spark1	LOAD	21.273	7.426
2026-09-28T10:38:00.073Z	spark2	LOAD	23.331	4.077
2026-09-28T10:38:00.186Z	spark1	LOAD	21.192	7.426
2026-09-28T10:38:00.324Z	spark2	LOAD	23.331	4.077
2026-09-28T10:38:00.436Z	spark1	LOAD	21.148	7.426
2026-09-28T10:38:00.590Z	spark2	LOAD	23.331	4.077
2026-09-28T10:38:00.702Z	spark1	LOAD	21.146	7.426
2026-09-28T10:38:00.841Z	spark2	LOAD	23.331	4.077
2026-09-28T10:38:00.953Z	spark1	LOAD	21.104	7.426
2026-09-28T10:38:01.091Z	spark2	LOAD	23.331	4.077
2026-09-28T10:38:01.203Z	spark1	LOAD	21.064	7.426
2026-09-28T10:38:01.341Z	spark2	LOAD	23.331	4.077
2026-09-28T10:38:01.453Z	spark1	LOAD	20.992	7.426
2026-09-28T10:38:01.602Z	spark2	LOAD	23.331	4.077
2026-09-28T10:38:01.720Z	spark1	LOAD	20.951	7.426
2026-09-28T10:38:01.852Z	spark2	LOAD	23.331	4.077
2026-09-28T10:38:01.970Z	spark1	LOAD	20.924	7.426
2026-09-28T10:38:02.102Z	spark2	LOAD	23.333	4.077
2026-09-28T10:38:02.220Z	spark1	LOAD	20.887	7.426
2026-09-28T10:38:02.353Z	spark2	LOAD	23.333	4.077
2026-09-28T10:38:02.471Z	spark1	LOAD	20.855	7.426
2026-09-28T10:38:02.619Z	spark2	LOAD	23.333	4.077
2026-09-28T10:38:02.733Z	spark1	LOAD	20.822	7.426
2026-09-28T10:38:02.869Z	spark2	LOAD	23.333	4.077
2026-09-28T10:38:02.983Z	spark1	LOAD	20.795	7.426
2026-09-28T10:38:03.120Z	spark2	LOAD	23.334	4.077
2026-09-28T10:38:03.233Z	spark1	LOAD	20.756	7.426
2026-09-28T10:38:03.371Z	spark2	LOAD	23.334	4.077
2026-09-28T10:38:03.484Z	spark1	LOAD	20.699	7.426
2026-09-28T10:38:03.631Z	spark2	LOAD	23.334	4.077
2026-09-28T10:38:03.749Z	spark1	LOAD	20.647	7.426
2026-09-28T10:38:03.882Z	spark2	LOAD	23.334	4.077
2026-09-28T10:38:03.999Z	spark1	LOAD	20.617	7.426
2026-09-28T10:38:04.133Z	spark2	LOAD	23.334	4.077
2026-09-28T10:38:04.249Z	spark1	LOAD	20.589	7.426
2026-09-28T10:38:04.384Z	spark2	LOAD	23.334	4.077
2026-09-28T10:38:04.500Z	spark1	LOAD	20.560	7.426
2026-09-28T10:38:04.645Z	spark2	LOAD	23.334	4.077
2026-09-28T10:38:04.766Z	spark1	LOAD	20.530	7.426
2026-09-28T10:38:04.896Z	spark2	LOAD	23.335	4.077
2026-09-28T10:38:05.017Z	spark1	LOAD	20.498	7.426
2026-09-28T10:38:05.146Z	spark2	LOAD	23.335	4.077
2026-09-28T10:38:05.267Z	spark1	LOAD	20.493	7.426
2026-09-28T10:38:05.397Z	spark2	LOAD	23.335	4.077
2026-09-28T10:38:05.517Z	spark1	LOAD	20.394	7.426
2026-09-28T10:38:05.657Z	spark2	LOAD	23.335	4.077
2026-09-28T10:38:05.779Z	spark1	LOAD	20.393	7.426
2026-09-28T10:38:05.908Z	spark2	LOAD	23.335	4.077
2026-09-28T10:38:06.029Z	spark1	LOAD	20.334	7.426
2026-09-28T10:38:06.158Z	spark2	LOAD	23.342	4.077
2026-09-28T10:38:06.280Z	spark1	LOAD	20.307	7.426
2026-09-28T10:38:06.409Z	spark2	LOAD	23.342	4.077
2026-09-28T10:38:06.530Z	spark1	LOAD	20.265	7.427
2026-09-28T10:38:06.674Z	spark2	LOAD	23.342	4.077
2026-09-28T10:38:06.797Z	spark1	LOAD	20.232	7.427
2026-09-28T10:38:06.925Z	spark2	LOAD	23.342	4.077
2026-09-28T10:38:07.047Z	spark1	LOAD	20.201	7.427
2026-09-28T10:38:07.176Z	spark2	LOAD	23.342	4.077
2026-09-28T10:38:07.298Z	spark1	LOAD	20.176	7.427
2026-09-28T10:38:07.426Z	spark2	LOAD	23.342	4.077
2026-09-28T10:38:07.548Z	spark1	LOAD	20.135	7.427
2026-09-28T10:38:07.687Z	spark2	LOAD	23.342	4.077
2026-09-28T10:38:07.815Z	spark1	LOAD	20.106	7.427
2026-09-28T10:38:07.938Z	spark2	LOAD	23.342	4.077
2026-09-28T10:38:08.066Z	spark1	LOAD	20.088	7.427
2026-09-28T10:38:08.189Z	spark2	LOAD	23.342	4.077
2026-09-28T10:38:08.316Z	spark1	LOAD	20.051	7.427
2026-09-28T10:38:08.439Z	spark2	LOAD	23.342	4.077
2026-09-28T10:38:08.566Z	spark1	LOAD	20.011	7.427
2026-09-28T10:38:08.700Z	spark2	LOAD	23.342	4.077
2026-09-28T10:38:08.828Z	spark1	LOAD	19.969	7.427
2026-09-28T10:38:08.951Z	spark2	LOAD	23.343	4.077
2026-09-28T10:38:09.078Z	spark1	LOAD	19.938	7.427
2026-09-28T10:38:09.201Z	spark2	LOAD	23.343	4.077
2026-09-28T10:38:09.329Z	spark1	LOAD	19.905	7.427
2026-09-28T10:38:09.451Z	spark2	LOAD	23.343	4.077
2026-09-28T10:38:09.579Z	spark1	LOAD	19.834	7.427
2026-09-28T10:38:09.716Z	spark2	LOAD	23.343	4.077
2026-09-28T10:38:09.841Z	spark1	LOAD	19.805	7.427
2026-09-28T10:38:09.968Z	spark2	LOAD	23.343	4.077
2026-09-28T10:38:10.091Z	spark1	LOAD	19.771	7.427
2026-09-28T10:38:10.219Z	spark2	LOAD	23.343	4.077
2026-09-28T10:38:10.342Z	spark1	LOAD	19.737	7.427
2026-09-28T10:38:10.470Z	spark2	LOAD	23.343	4.077
2026-09-28T10:38:10.592Z	spark1	LOAD	19.712	7.427
2026-09-28T10:38:10.735Z	spark2	LOAD	23.343	4.077
2026-09-28T10:38:10.858Z	spark1	LOAD	19.278	7.427
2026-09-28T10:38:10.986Z	spark2	LOAD	23.343	4.077
2026-09-28T10:38:11.108Z	spark1	LOAD	19.092	7.427
2026-09-28T10:38:11.236Z	spark2	LOAD	23.343	4.077
2026-09-28T10:38:11.359Z	spark1	LOAD	19.612	7.427
2026-09-28T10:38:11.487Z	spark2	LOAD	23.343	4.077
2026-09-28T10:38:11.609Z	spark1	LOAD	19.541	7.427
2026-09-28T10:38:11.747Z	spark2	LOAD	23.343	4.077
2026-09-28T10:38:11.876Z	spark1	LOAD	19.509	7.427
2026-09-28T10:38:11.998Z	spark2	LOAD	23.343	4.077
2026-09-28T10:38:12.127Z	spark1	LOAD	20.086	7.427
2026-09-28T10:38:12.250Z	spark2	LOAD	23.343	4.077
2026-09-28T10:38:12.378Z	spark1	LOAD	22.063	7.427
2026-09-28T10:38:12.500Z	spark2	LOAD	23.343	4.077
2026-09-28T10:38:12.628Z	spark1	LOAD	22.718	7.427
2026-09-28T10:38:12.760Z	spark2	LOAD	23.343	4.077
2026-09-28T10:38:12.896Z	spark1	LOAD	22.705	7.427
2026-09-28T10:38:13.011Z	spark2	LOAD	23.343	4.077
2026-09-28T10:38:13.146Z	spark1	LOAD	22.686	7.427
2026-09-28T10:38:13.262Z	spark2	LOAD	23.343	4.077
2026-09-28T10:38:13.397Z	spark1	LOAD	22.652	7.427
2026-09-28T10:38:13.512Z	spark2	LOAD	23.343	4.077
2026-09-28T10:38:13.647Z	spark1	LOAD	22.597	7.427
2026-09-28T10:38:13.773Z	spark2	LOAD	23.343	4.077
2026-09-28T10:38:13.908Z	spark1	LOAD	22.562	7.427
2026-09-28T10:38:14.024Z	spark2	LOAD	23.343	4.077
2026-09-28T10:38:14.159Z	spark1	LOAD	22.531	7.427
2026-09-28T10:38:14.275Z	spark2	LOAD	23.343	4.077
2026-09-28T10:38:14.409Z	spark1	LOAD	22.497	7.427
2026-09-28T10:38:14.526Z	spark2	LOAD	23.343	4.077
2026-09-28T10:38:14.659Z	spark1	LOAD	22.464	7.427
2026-09-28T10:38:14.788Z	spark2	LOAD	23.343	4.077
2026-09-28T10:38:14.926Z	spark1	LOAD	22.425	7.427
2026-09-28T10:38:15.038Z	spark2	LOAD	23.343	4.077
2026-09-28T10:38:15.176Z	spark1	LOAD	22.387	7.427
2026-09-28T10:38:15.289Z	spark2	LOAD	23.343	4.077
2026-09-28T10:38:15.426Z	spark1	LOAD	22.348	7.427
2026-09-28T10:38:15.540Z	spark2	LOAD	23.343	4.077
2026-09-28T10:38:15.677Z	spark1	LOAD	22.306	7.427
2026-09-28T10:38:15.801Z	spark2	LOAD	23.343	4.077
2026-09-28T10:38:15.943Z	spark1	LOAD	22.254	7.426
2026-09-28T10:38:16.052Z	spark2	LOAD	23.343	4.077
2026-09-28T10:38:16.194Z	spark1	LOAD	22.215	7.426
2026-09-28T10:38:16.303Z	spark2	LOAD	23.343	4.077
2026-09-28T10:38:16.444Z	spark1	LOAD	22.128	7.426
2026-09-28T10:38:16.554Z	spark2	LOAD	23.343	4.077
2026-09-28T10:38:16.694Z	spark1	LOAD	22.041	7.426
2026-09-28T10:38:16.818Z	spark2	LOAD	23.342	4.077
2026-09-28T10:38:16.956Z	spark1	LOAD	22.007	7.426
2026-09-28T10:38:17.069Z	spark2	LOAD	23.334	4.077
2026-09-28T10:38:17.206Z	spark1	LOAD	21.957	7.426
2026-09-28T10:38:17.319Z	spark2	LOAD	23.338	4.077
2026-09-28T10:38:17.457Z	spark1	LOAD	21.917	7.426
2026-09-28T10:38:17.570Z	spark2	LOAD	23.338	4.077
2026-09-28T10:38:17.707Z	spark1	LOAD	21.884	7.426
2026-09-28T10:38:17.831Z	spark2	LOAD	23.338	4.077
2026-09-28T10:38:17.973Z	spark1	LOAD	21.849	7.426
2026-09-28T10:38:18.082Z	spark2	LOAD	23.338	4.077
2026-09-28T10:38:18.224Z	spark1	LOAD	21.811	7.426
2026-09-28T10:38:18.332Z	spark2	LOAD	23.338	4.077
2026-09-28T10:38:18.474Z	spark1	LOAD	21.777	7.426
2026-09-28T10:38:18.583Z	spark2	LOAD	23.338	4.077
2026-09-28T10:38:18.724Z	spark1	LOAD	21.743	7.426
2026-09-28T10:38:18.844Z	spark2	LOAD	23.338	4.077
2026-09-28T10:38:18.986Z	spark1	LOAD	21.705	7.426
2026-09-28T10:38:19.095Z	spark2	LOAD	23.338	4.077
2026-09-28T10:38:19.236Z	spark1	LOAD	21.666	7.426
2026-09-28T10:38:19.346Z	spark2	LOAD	23.338	4.077
2026-09-28T10:38:19.486Z	spark1	LOAD	21.626	7.426
2026-09-28T10:38:19.597Z	spark2	LOAD	23.338	4.077
2026-09-28T10:38:19.737Z	spark1	LOAD	21.586	7.426
2026-09-28T10:38:19.858Z	spark2	LOAD	23.337	4.077
2026-09-28T10:38:20.003Z	spark1	LOAD	21.521	7.426
2026-09-28T10:38:20.109Z	spark2	LOAD	23.337	4.077
2026-09-28T10:38:20.254Z	spark1	LOAD	21.479	7.426
2026-09-28T10:38:20.360Z	spark2	LOAD	23.337	4.077
2026-09-28T10:38:20.504Z	spark1	LOAD	21.443	7.426
2026-09-28T10:38:20.610Z	spark2	LOAD	23.337	4.077
2026-09-28T10:38:20.754Z	spark1	LOAD	21.402	7.426
2026-09-28T10:38:20.871Z	spark2	LOAD	23.337	4.077
2026-09-28T10:38:21.021Z	spark1	LOAD	21.362	7.426
2026-09-28T10:38:21.122Z	spark2	LOAD	23.337	4.077
2026-09-28T10:38:21.271Z	spark1	LOAD	21.327	7.426
2026-09-28T10:38:21.373Z	spark2	LOAD	23.337	4.077
2026-09-28T10:38:21.521Z	spark1	LOAD	21.318	7.426
2026-09-28T10:38:21.624Z	spark2	LOAD	23.337	4.077
2026-09-28T10:38:21.772Z	spark1	LOAD	21.266	7.426
2026-09-28T10:38:21.884Z	spark2	LOAD	23.337	4.077
2026-09-28T10:38:22.035Z	spark1	LOAD	21.201	7.426
2026-09-28T10:38:22.135Z	spark2	LOAD	23.337	4.077
2026-09-28T10:38:22.286Z	spark1	LOAD	21.174	7.426
2026-09-28T10:38:22.385Z	spark2	LOAD	23.337	4.077
2026-09-28T10:38:22.536Z	spark1	LOAD	21.143	7.426
2026-09-28T10:38:22.635Z	spark2	LOAD	23.337	4.077
2026-09-28T10:38:22.786Z	spark1	LOAD	21.110	7.426
2026-09-28T10:38:22.901Z	spark2	LOAD	23.337	4.077
2026-09-28T10:38:23.048Z	spark1	LOAD	21.074	7.426
2026-09-28T10:38:23.153Z	spark2	LOAD	23.337	4.077
2026-09-28T10:38:23.299Z	spark1	LOAD	21.046	7.426
2026-09-28T10:38:23.403Z	spark2	LOAD	23.337	4.077
2026-09-28T10:38:23.549Z	spark1	LOAD	21.014	7.426
2026-09-28T10:38:23.654Z	spark2	LOAD	23.337	4.077
2026-09-28T10:38:23.800Z	spark1	LOAD	21.003	7.426
2026-09-28T10:38:23.919Z	spark2	LOAD	23.337	4.077
2026-09-28T10:38:24.067Z	spark1	LOAD	20.964	7.426
2026-09-28T10:38:24.169Z	spark2	LOAD	23.337	4.077
2026-09-28T10:38:24.317Z	spark1	LOAD	20.923	7.426
2026-09-28T10:38:24.420Z	spark2	LOAD	23.337	4.077
2026-09-28T10:38:24.567Z	spark1	LOAD	20.877	7.427
2026-09-28T10:38:24.671Z	spark2	LOAD	23.337	4.077
2026-09-28T10:38:24.818Z	spark1	LOAD	20.846	7.427
2026-09-28T10:38:24.932Z	spark2	LOAD	23.337	4.077
2026-09-28T10:38:25.081Z	spark1	LOAD	20.810	7.427
2026-09-28T10:38:25.182Z	spark2	LOAD	23.337	4.077
2026-09-28T10:38:25.331Z	spark1	LOAD	20.775	7.427
2026-09-28T10:38:25.433Z	spark2	LOAD	23.337	4.077
2026-09-28T10:38:25.582Z	spark1	LOAD	20.738	7.427
2026-09-28T10:38:25.684Z	spark2	LOAD	23.337	4.077
2026-09-28T10:38:25.832Z	spark1	LOAD	20.701	7.427
2026-09-28T10:38:25.944Z	spark2	LOAD	23.337	4.077
2026-09-28T10:38:26.099Z	spark1	LOAD	20.629	7.427
2026-09-28T10:38:26.195Z	spark2	LOAD	23.337	4.077
2026-09-28T10:38:26.350Z	spark1	LOAD	20.597	7.427
2026-09-28T10:38:26.446Z	spark2	LOAD	23.337	4.077
2026-09-28T10:38:26.600Z	spark1	LOAD	20.577	7.427
2026-09-28T10:38:26.696Z	spark2	LOAD	23.337	4.077
2026-09-28T10:38:26.851Z	spark1	LOAD	20.537	7.427
2026-09-28T10:38:26.957Z	spark2	LOAD	23.337	4.077
2026-09-28T10:38:27.113Z	spark1	LOAD	20.504	7.427
2026-09-28T10:38:27.208Z	spark2	LOAD	23.337	4.077
2026-09-28T10:38:27.364Z	spark1	LOAD	20.419	7.427
2026-09-28T10:38:27.459Z	spark2	LOAD	23.337	4.077
2026-09-28T10:38:27.614Z	spark1	LOAD	20.380	7.427
2026-09-28T10:38:27.708Z	spark2	LOAD	23.337	4.076
2026-09-28T10:38:27.864Z	spark1	LOAD	20.361	7.427
2026-09-28T10:38:27.973Z	spark2	LOAD	23.325	4.076
2026-09-28T10:38:28.126Z	spark1	LOAD	20.273	7.427
2026-09-28T10:38:28.223Z	spark2	LOAD	23.334	4.076
2026-09-28T10:38:28.377Z	spark1	LOAD	20.242	7.427
2026-09-28T10:38:28.475Z	spark2	LOAD	23.334	4.076
2026-09-28T10:38:28.627Z	spark1	LOAD	20.208	7.427
2026-09-28T10:38:28.726Z	spark2	LOAD	23.334	4.076
2026-09-28T10:38:28.877Z	spark1	LOAD	20.177	7.427
2026-09-28T10:38:28.987Z	spark2	LOAD	23.333	4.076
2026-09-28T10:38:29.144Z	spark1	LOAD	20.141	7.427
2026-09-28T10:38:29.238Z	spark2	LOAD	23.333	4.076
2026-09-28T10:38:29.394Z	spark1	LOAD	20.114	7.427
2026-09-28T10:38:29.489Z	spark2	LOAD	23.333	4.076
2026-09-28T10:38:29.644Z	spark1	LOAD	20.078	7.427
2026-09-28T10:38:29.740Z	spark2	LOAD	23.333	4.076
2026-09-28T10:38:29.895Z	spark1	LOAD	20.033	7.427
2026-09-28T10:38:30.000Z	spark2	LOAD	23.334	4.076
2026-09-28T10:38:30.163Z	spark1	LOAD	19.987	7.427
2026-09-28T10:38:30.251Z	spark2	LOAD	23.334	4.076
2026-09-28T10:38:30.413Z	spark1	LOAD	19.915	7.427
2026-09-28T10:38:30.502Z	spark2	LOAD	23.334	4.076
2026-09-28T10:38:30.663Z	spark1	LOAD	19.936	7.427
2026-09-28T10:38:30.753Z	spark2	LOAD	23.334	4.076
2026-09-28T10:38:30.914Z	spark1	LOAD	19.901	7.427
2026-09-28T10:38:31.013Z	spark2	LOAD	23.334	4.076
2026-09-28T10:38:31.181Z	spark1	LOAD	19.827	7.424
2026-09-28T10:38:31.264Z	spark2	LOAD	23.335	4.076
2026-09-28T10:38:31.431Z	spark1	LOAD	19.799	7.424
2026-09-28T10:38:31.515Z	spark2	LOAD	23.335	4.076
2026-09-28T10:38:31.682Z	spark1	LOAD	19.760	7.424
2026-09-28T10:38:31.765Z	spark2	LOAD	23.336	4.076
2026-09-28T10:38:31.932Z	spark1	LOAD	19.719	7.424
2026-09-28T10:38:32.026Z	spark2	LOAD	23.336	4.076
2026-09-28T10:38:32.194Z	spark1	LOAD	19.643	7.424
2026-09-28T10:38:32.277Z	spark2	LOAD	23.336	4.076
2026-09-28T10:38:32.445Z	spark1	LOAD	19.608	7.424
2026-09-28T10:38:32.527Z	spark2	LOAD	23.336	4.076
2026-09-28T10:38:32.695Z	spark1	LOAD	19.567	7.424
2026-09-28T10:38:32.779Z	spark2	LOAD	23.336	4.076
2026-09-28T10:38:32.945Z	spark1	LOAD	19.582	7.424
2026-09-28T10:38:33.043Z	spark2	LOAD	23.337	4.076
2026-09-28T10:38:33.214Z	spark1	LOAD	19.538	7.424
2026-09-28T10:38:33.294Z	spark2	LOAD	23.337	4.076
2026-09-28T10:38:33.464Z	spark1	LOAD	19.499	7.424
2026-09-28T10:38:33.544Z	spark2	LOAD	23.337	4.076
2026-09-28T10:38:33.715Z	spark1	LOAD	19.450	7.424
2026-09-28T10:38:33.794Z	spark2	LOAD	23.337	4.076
2026-09-28T10:38:33.966Z	spark1	LOAD	20.593	7.425
2026-09-28T10:38:34.058Z	spark2	LOAD	23.337	4.076
2026-09-28T10:38:34.228Z	spark1	LOAD	22.705	7.425
2026-09-28T10:38:34.309Z	spark2	LOAD	23.337	4.076
2026-09-28T10:38:34.479Z	spark1	LOAD	22.646	7.425
2026-09-28T10:38:34.560Z	spark2	LOAD	23.337	4.076
2026-09-28T10:38:34.729Z	spark1	LOAD	22.611	7.425
2026-09-28T10:38:34.810Z	spark2	LOAD	23.337	4.076
2026-09-28T10:38:34.979Z	spark1	LOAD	22.586	7.425
2026-09-28T10:38:35.071Z	spark2	LOAD	23.337	4.076
2026-09-28T10:38:35.248Z	spark1	LOAD	22.551	7.425
2026-09-28T10:38:35.322Z	spark2	LOAD	23.337	4.076
2026-09-28T10:38:35.498Z	spark1	LOAD	22.511	7.425
2026-09-28T10:38:35.572Z	spark2	LOAD	23.337	4.076
2026-09-28T10:38:35.749Z	spark1	LOAD	22.477	7.425
2026-09-28T10:38:35.822Z	spark2	LOAD	23.337	4.076
2026-09-28T10:38:35.999Z	spark1	LOAD	22.440	7.425
2026-09-28T10:38:36.088Z	spark2	LOAD	23.337	4.076
2026-09-28T10:38:36.260Z	spark1	LOAD	22.395	7.425
2026-09-28T10:38:36.338Z	spark2	LOAD	23.338	4.076
2026-09-28T10:38:36.510Z	spark1	LOAD	22.433	7.425
2026-09-28T10:38:36.589Z	spark2	LOAD	23.338	4.076
2026-09-28T10:38:36.761Z	spark1	LOAD	22.367	7.425
2026-09-28T10:38:36.839Z	spark2	LOAD	23.338	4.076
2026-09-28T10:38:37.011Z	spark1	LOAD	22.330	7.425
2026-09-28T10:38:37.100Z	spark2	LOAD	23.337	4.076
2026-09-28T10:38:37.279Z	spark1	LOAD	22.288	7.425
2026-09-28T10:38:37.351Z	spark2	LOAD	23.337	4.076
2026-09-28T10:38:37.529Z	spark1	LOAD	22.257	7.425
2026-09-28T10:38:37.602Z	spark2	LOAD	23.337	4.076
2026-09-28T10:38:37.779Z	spark1	LOAD	22.217	7.425
2026-09-28T10:38:37.853Z	spark2	LOAD	23.337	4.076
2026-09-28T10:38:38.029Z	spark1	LOAD	22.177	7.425
2026-09-28T10:38:38.113Z	spark2	LOAD	23.337	4.076
2026-09-28T10:38:38.296Z	spark1	LOAD	22.085	7.425
2026-09-28T10:38:38.363Z	spark2	LOAD	23.337	4.076
2026-09-28T10:38:38.547Z	spark1	LOAD	22.048	7.425
2026-09-28T10:38:38.613Z	spark2	LOAD	23.337	4.076
2026-09-28T10:38:38.797Z	spark1	LOAD	22.012	7.425
2026-09-28T10:38:38.864Z	spark2	LOAD	23.331	4.076
2026-09-28T10:38:39.047Z	spark1	LOAD	21.988	7.425
2026-09-28T10:38:39.124Z	spark2	LOAD	23.341	4.076
2026-09-28T10:38:39.311Z	spark1	LOAD	21.970	7.426
2026-09-28T10:38:39.374Z	spark2	LOAD	23.341	4.076
2026-09-28T10:38:39.561Z	spark1	LOAD	21.936	7.426
2026-09-28T10:38:39.625Z	spark2	LOAD	23.341	4.076
2026-09-28T10:38:39.812Z	spark1	LOAD	21.891	7.426
2026-09-28T10:38:39.876Z	spark2	LOAD	23.341	4.076
2026-09-28T10:38:40.062Z	spark1	LOAD	21.850	7.426
2026-09-28T10:38:40.136Z	spark2	LOAD	23.341	4.076
2026-09-28T10:38:40.332Z	spark1	LOAD	21.816	7.427
2026-09-28T10:38:40.387Z	spark2	LOAD	23.341	4.076
2026-09-28T10:38:40.582Z	spark1	LOAD	21.736	7.427
2026-09-28T10:38:40.638Z	spark2	LOAD	23.341	4.076
2026-09-28T10:38:40.832Z	spark1	LOAD	21.724	7.427
2026-09-28T10:38:40.888Z	spark2	LOAD	23.341	4.076
2026-09-28T10:38:41.083Z	spark1	LOAD	21.684	7.427
2026-09-28T10:38:41.149Z	spark2	LOAD	23.341	4.076
2026-09-28T10:38:41.350Z	spark1	LOAD	21.637	7.427
2026-09-28T10:38:41.400Z	spark2	LOAD	23.341	4.076
2026-09-28T10:38:41.600Z	spark1	LOAD	21.587	7.427
2026-09-28T10:38:41.651Z	spark2	LOAD	23.341	4.076
2026-09-28T10:38:41.851Z	spark1	LOAD	21.562	7.427
2026-09-28T10:38:41.901Z	spark2	LOAD	23.341	4.076
2026-09-28T10:38:42.101Z	spark1	LOAD	21.542	7.427
2026-09-28T10:38:42.163Z	spark2	LOAD	23.340	4.076
2026-09-28T10:38:42.368Z	spark1	LOAD	21.519	7.427
2026-09-28T10:38:42.413Z	spark2	LOAD	23.340	4.076
2026-09-28T10:38:42.618Z	spark1	LOAD	21.458	7.427
2026-09-28T10:38:42.663Z	spark2	LOAD	23.340	4.076
2026-09-28T10:38:42.869Z	spark1	LOAD	21.440	7.427
2026-09-28T10:38:42.915Z	spark2	LOAD	23.340	4.076
2026-09-28T10:38:43.119Z	spark1	LOAD	21.407	7.427
2026-09-28T10:38:43.174Z	spark2	LOAD	23.340	4.076
2026-09-28T10:38:43.386Z	spark1	LOAD	21.370	7.427
2026-09-28T10:38:43.426Z	spark2	LOAD	23.340	4.076
2026-09-28T10:38:43.636Z	spark1	LOAD	21.330	7.427
2026-09-28T10:38:43.677Z	spark2	LOAD	23.340	4.076
2026-09-28T10:38:43.886Z	spark1	LOAD	21.291	7.427
2026-09-28T10:38:43.926Z	spark2	LOAD	23.340	4.076
2026-09-28T10:38:44.137Z	spark1	LOAD	21.253	7.427
2026-09-28T10:38:44.187Z	spark2	LOAD	23.340	4.076
2026-09-28T10:38:44.406Z	spark1	LOAD	21.212	7.427
2026-09-28T10:38:44.438Z	spark2	LOAD	23.340	4.076
2026-09-28T10:38:44.657Z	spark1	LOAD	21.149	7.427
2026-09-28T10:38:44.689Z	spark2	LOAD	23.340	4.076
2026-09-28T10:38:44.907Z	spark1	LOAD	21.112	7.427
2026-09-28T10:38:44.939Z	spark2	LOAD	23.340	4.076
2026-09-28T10:38:45.157Z	spark1	LOAD	21.072	7.427
2026-09-28T10:38:45.200Z	spark2	LOAD	23.340	4.076
2026-09-28T10:38:45.425Z	spark1	LOAD	21.025	7.427
2026-09-28T10:38:45.450Z	spark2	LOAD	23.340	4.076
2026-09-28T10:38:45.675Z	spark1	LOAD	20.976	7.427
2026-09-28T10:38:45.701Z	spark2	LOAD	23.340	4.076
2026-09-28T10:38:45.926Z	spark1	LOAD	20.929	7.427
2026-09-28T10:38:45.953Z	spark2	LOAD	23.341	4.076
2026-09-28T10:38:46.176Z	spark1	LOAD	20.869	7.424
2026-09-28T10:38:46.213Z	spark2	LOAD	23.341	4.076
2026-09-28T10:38:46.438Z	spark1	LOAD	20.824	7.424
2026-09-28T10:38:46.463Z	spark2	LOAD	23.341	4.076
2026-09-28T10:38:46.688Z	spark1	LOAD	20.742	7.424
2026-09-28T10:38:46.714Z	spark2	LOAD	23.341	4.076
2026-09-28T10:38:46.938Z	spark1	LOAD	20.696	7.424
2026-09-28T10:38:46.965Z	spark2	LOAD	23.341	4.076
2026-09-28T10:38:47.189Z	spark1	LOAD	20.651	7.424
2026-09-28T10:38:47.225Z	spark2	LOAD	23.341	4.076
2026-09-28T10:38:47.450Z	spark1	LOAD	20.603	7.424
2026-09-28T10:38:47.476Z	spark2	LOAD	23.341	4.076
2026-09-28T10:38:47.700Z	spark1	LOAD	20.549	7.424
2026-09-28T10:38:47.727Z	spark2	LOAD	23.341	4.076
2026-09-28T10:38:47.950Z	spark1	LOAD	20.505	7.424
2026-09-28T10:38:47.977Z	spark2	LOAD	23.341	4.076
2026-09-28T10:38:48.200Z	spark1	LOAD	20.460	7.424
2026-09-28T10:38:48.238Z	spark2	LOAD	23.341	4.076
2026-09-28T10:38:48.470Z	spark1	LOAD	20.414	7.424
2026-09-28T10:38:48.488Z	spark2	LOAD	23.341	4.076
2026-09-28T10:38:48.720Z	spark1	LOAD	20.346	7.424
2026-09-28T10:38:48.740Z	spark2	LOAD	23.341	4.076
2026-09-28T10:38:48.970Z	spark1	LOAD	20.301	7.424
2026-09-28T10:38:48.990Z	spark2	LOAD	23.341	4.076
2026-09-28T10:38:49.220Z	spark1	LOAD	20.218	7.424
2026-09-28T10:38:49.250Z	spark2	LOAD	23.341	4.076
2026-09-28T10:38:49.488Z	spark1	LOAD	20.172	7.424
2026-09-28T10:38:49.501Z	spark2	LOAD	23.341	4.076
2026-09-28T10:38:49.738Z	spark1	LOAD	20.125	7.424
2026-09-28T10:38:49.751Z	spark2	LOAD	23.319	4.076
2026-09-28T10:38:49.988Z	spark1	LOAD	20.039	7.421
2026-09-28T10:38:50.002Z	spark2	LOAD	23.349	4.076
2026-09-28T10:38:50.238Z	spark1	LOAD	20.004	7.421
2026-09-28T10:38:50.268Z	spark2	LOAD	23.349	4.076
2026-09-28T10:38:50.500Z	spark1	LOAD	19.965	7.421
2026-09-28T10:38:50.519Z	spark2	LOAD	23.349	4.076
2026-09-28T10:38:50.750Z	spark1	LOAD	19.906	7.421
2026-09-28T10:38:50.769Z	spark2	LOAD	23.349	4.076
2026-09-28T10:38:51.000Z	spark1	LOAD	19.875	7.421
2026-09-28T10:38:51.021Z	spark2	LOAD	23.349	4.076
2026-09-28T10:38:51.251Z	spark1	LOAD	19.840	7.421
2026-09-28T10:38:51.280Z	spark2	LOAD	23.349	4.076
2026-09-28T10:38:51.518Z	spark1	LOAD	19.804	7.421
2026-09-28T10:38:51.531Z	spark2	LOAD	23.349	4.076
2026-09-28T10:38:51.769Z	spark1	LOAD	19.759	7.421
2026-09-28T10:38:51.781Z	spark2	LOAD	23.349	4.076
2026-09-28T10:38:52.019Z	spark1	LOAD	19.725	7.421
2026-09-28T10:38:52.031Z	spark2	LOAD	23.349	4.076
2026-09-28T10:38:52.269Z	spark1	LOAD	19.683	7.421
2026-09-28T10:38:52.291Z	spark2	LOAD	23.349	4.076
2026-09-28T10:38:52.536Z	spark1	LOAD	19.645	7.421
2026-09-28T10:38:52.542Z	spark2	LOAD	23.349	4.076
2026-09-28T10:38:52.786Z	spark1	LOAD	19.607	7.421
2026-09-28T10:38:52.793Z	spark2	LOAD	23.349	4.076
2026-09-28T10:38:53.037Z	spark1	LOAD	19.544	7.421
2026-09-28T10:38:53.043Z	spark2	LOAD	23.349	4.076
2026-09-28T10:38:53.287Z	spark1	LOAD	19.508	7.421
2026-09-28T10:38:53.308Z	spark2	LOAD	23.349	4.076
2026-09-28T10:38:53.553Z	spark1	LOAD	19.468	7.421
2026-09-28T10:38:53.559Z	spark2	LOAD	23.349	4.076
2026-09-28T10:38:53.804Z	spark1	LOAD	19.501	7.421
2026-09-28T10:38:53.810Z	spark2	LOAD	23.349	4.076
2026-09-28T10:38:54.054Z	spark1	LOAD	19.459	7.421
2026-09-28T10:38:54.060Z	spark2	LOAD	23.349	4.076
2026-09-28T10:38:54.304Z	spark1	LOAD	19.407	7.421
2026-09-28T10:38:54.321Z	spark2	LOAD	23.349	4.076
2026-09-28T10:38:54.571Z	spark2	LOAD	23.349	4.076
2026-09-28T10:38:54.573Z	spark1	LOAD	19.344	7.421
2026-09-28T10:38:54.822Z	spark2	LOAD	23.349	4.076
2026-09-28T10:38:54.823Z	spark1	LOAD	19.305	7.421
2026-09-28T10:38:55.073Z	spark2	LOAD	23.349	4.076
2026-09-28T10:38:55.074Z	spark1	LOAD	19.615	7.421
2026-09-28T10:38:55.324Z	spark1	LOAD	22.453	7.421
2026-09-28T10:38:55.334Z	spark2	LOAD	23.349	4.076
2026-09-28T10:38:55.584Z	spark2	LOAD	23.349	4.076
2026-09-28T10:38:55.591Z	spark1	LOAD	22.533	7.421
2026-09-28T10:38:55.835Z	spark2	LOAD	23.349	4.076
2026-09-28T10:38:55.841Z	spark1	LOAD	22.518	7.410
2026-09-28T10:38:56.086Z	spark2	LOAD	23.349	4.076
2026-09-28T10:38:56.092Z	spark1	LOAD	22.511	7.405
2026-09-28T10:38:56.343Z	spark1	LOAD	22.419	7.399
2026-09-28T10:38:56.346Z	spark2	LOAD	23.349	4.076
2026-09-28T10:38:56.597Z	spark2	LOAD	23.349	4.076
2026-09-28T10:38:56.605Z	spark1	LOAD	22.368	7.399
2026-09-28T10:38:56.848Z	spark2	LOAD	23.349	4.076
2026-09-28T10:38:56.855Z	spark1	LOAD	22.136	7.399
2026-09-28T10:38:57.099Z	spark2	LOAD	23.349	4.076
2026-09-28T10:38:57.106Z	spark1	LOAD	22.075	7.399
2026-09-28T10:38:57.357Z	spark1	LOAD	20.766	7.399
2026-09-28T10:38:57.360Z	spark2	LOAD	23.349	4.076
2026-09-28T10:38:57.611Z	spark2	LOAD	23.349	4.076
2026-09-28T10:38:57.619Z	spark1	LOAD	19.483	7.400
2026-09-28T10:38:57.861Z	spark2	LOAD	23.349	4.076
2026-09-28T10:38:57.869Z	spark1	LOAD	19.441	7.400
2026-09-28T10:38:58.112Z	spark2	LOAD	23.349	4.076
2026-09-28T10:38:58.120Z	spark1	LOAD	19.415	7.400
2026-09-28T10:38:58.370Z	spark1	LOAD	19.154	7.400
2026-09-28T10:38:58.373Z	spark2	LOAD	23.349	4.076
2026-09-28T10:38:58.624Z	spark2	LOAD	23.349	4.076
2026-09-28T10:38:58.640Z	spark1	LOAD	18.803	7.400
2026-09-28T10:38:58.874Z	spark2	LOAD	23.349	4.076
2026-09-28T10:38:58.891Z	spark1	LOAD	18.448	7.400
2026-09-28T10:38:59.125Z	spark2	LOAD	23.349	4.076
2026-09-28T10:38:59.141Z	spark1	LOAD	18.116	7.400
2026-09-28T10:38:59.390Z	spark2	LOAD	23.349	4.076
2026-09-28T10:38:59.392Z	spark1	LOAD	17.808	7.400
2026-09-28T10:38:59.640Z	spark2	LOAD	23.349	4.076
2026-09-28T10:38:59.656Z	spark1	LOAD	17.400	7.400
2026-09-28T10:38:59.891Z	spark2	LOAD	23.349	4.076
2026-09-28T10:38:59.907Z	spark1	LOAD	17.012	7.400
2026-09-28T10:39:00.141Z	spark2	LOAD	23.349	4.076
2026-09-28T10:39:00.158Z	spark1	LOAD	16.853	7.400
2026-09-28T10:39:00.402Z	spark2	LOAD	23.349	4.076
2026-09-28T10:39:00.408Z	spark1	LOAD	16.269	7.401
2026-09-28T10:39:00.652Z	spark2	LOAD	23.335	4.076
2026-09-28T10:39:00.672Z	spark1	LOAD	16.122	7.401
2026-09-28T10:39:00.902Z	spark2	LOAD	23.342	4.076
2026-09-28T10:39:00.922Z	spark1	LOAD	16.121	7.401
2026-09-28T10:39:01.152Z	spark2	LOAD	23.332	4.076
2026-09-28T10:39:01.172Z	spark1	LOAD	15.791	7.401
2026-09-28T10:39:01.414Z	spark2	LOAD	23.331	4.076
2026-09-28T10:39:01.422Z	spark1	LOAD	15.467	7.401
2026-09-28T10:39:01.664Z	spark2	LOAD	23.331	4.076
2026-09-28T10:39:01.691Z	spark1	LOAD	15.206	7.401
2026-09-28T10:39:01.914Z	spark2	LOAD	23.331	4.076
2026-09-28T10:39:01.941Z	spark1	LOAD	15.224	7.401
2026-09-28T10:39:02.166Z	spark2	LOAD	23.331	4.076
2026-09-28T10:39:02.191Z	spark1	LOAD	15.183	7.401
2026-09-28T10:39:02.430Z	spark2	LOAD	23.331	4.076
2026-09-28T10:39:02.442Z	spark1	LOAD	15.065	7.401
2026-09-28T10:39:02.681Z	spark2	LOAD	23.331	4.076
2026-09-28T10:39:02.704Z	spark1	LOAD	14.926	7.401
2026-09-28T10:39:02.931Z	spark2	LOAD	23.331	4.076
2026-09-28T10:39:02.955Z	spark1	LOAD	14.899	7.401
2026-09-28T10:39:03.182Z	spark2	LOAD	23.331	4.076
2026-09-28T10:39:03.205Z	spark1	LOAD	14.897	7.401
2026-09-28T10:39:03.447Z	spark2	LOAD	23.330	4.076
2026-09-28T10:39:03.456Z	spark1	LOAD	14.866	7.401
2026-09-28T10:39:03.697Z	spark2	LOAD	23.330	4.076
2026-09-28T10:39:03.718Z	spark1	LOAD	14.842	7.401
2026-09-28T10:39:03.948Z	spark2	LOAD	23.330	4.076
2026-09-28T10:39:03.969Z	spark1	LOAD	14.837	7.401
2026-09-28T10:39:04.199Z	spark2	LOAD	23.330	4.076
2026-09-28T10:39:04.219Z	spark1	LOAD	14.834	7.401
2026-09-28T10:39:04.464Z	spark2	LOAD	23.330	4.076
2026-09-28T10:39:04.469Z	spark1	LOAD	14.848	7.401
2026-09-28T10:39:04.714Z	spark2	LOAD	23.330	4.076
2026-09-28T10:39:04.731Z	spark1	LOAD	14.846	7.401
2026-09-28T10:39:04.965Z	spark2	LOAD	23.330	4.076
2026-09-28T10:39:04.981Z	spark1	LOAD	14.840	7.401
2026-09-28T10:39:05.216Z	spark2	LOAD	23.330	4.076
2026-09-28T10:39:05.232Z	spark1	LOAD	14.836	7.401
2026-09-28T10:39:05.480Z	spark2	LOAD	23.330	4.076
2026-09-28T10:39:05.482Z	spark1	LOAD	14.834	7.401
2026-09-28T10:39:05.730Z	spark2	LOAD	23.330	4.076
2026-09-28T10:39:05.748Z	spark1	LOAD	14.830	7.401
2026-09-28T10:39:05.981Z	spark2	LOAD	23.331	4.076
2026-09-28T10:39:05.998Z	spark1	LOAD	14.829	7.401
2026-09-28T10:39:06.232Z	spark2	LOAD	23.331	4.076
2026-09-28T10:39:06.249Z	spark1	LOAD	14.827	7.401
2026-09-28T10:39:06.497Z	spark2	LOAD	23.331	4.076
2026-09-28T10:39:06.499Z	spark1	LOAD	14.799	7.401
2026-09-28T10:39:06.748Z	spark2	LOAD	23.331	4.076
2026-09-28T10:39:06.762Z	spark1	LOAD	14.739	7.401
2026-09-28T10:39:06.998Z	spark2	LOAD	23.331	4.076
2026-09-28T10:39:07.012Z	spark1	LOAD	14.783	7.401
2026-09-28T10:39:07.250Z	spark2	LOAD	23.332	4.076
2026-09-28T10:39:07.263Z	spark1	LOAD	14.788	7.401
2026-09-28T10:39:07.513Z	spark1	LOAD	14.788	7.401
2026-09-28T10:39:07.513Z	spark2	LOAD	23.332	4.076
2026-09-28T10:39:07.765Z	spark2	LOAD	23.332	4.076
2026-09-28T10:39:07.780Z	spark1	LOAD	14.783	7.401
2026-09-28T10:39:08.016Z	spark2	LOAD	23.332	4.076
2026-09-28T10:39:08.031Z	spark1	LOAD	14.782	7.401
2026-09-28T10:39:08.266Z	spark2	LOAD	23.333	4.076
2026-09-28T10:39:08.282Z	spark1	LOAD	14.776	7.401
2026-09-28T10:39:08.531Z	spark2	LOAD	23.333	4.076
2026-09-28T10:39:08.532Z	spark1	LOAD	14.772	7.401
2026-09-28T10:39:08.782Z	spark2	LOAD	23.333	4.076
2026-09-28T10:39:08.794Z	spark1	LOAD	14.735	7.401
2026-09-28T10:39:09.033Z	spark2	LOAD	23.335	4.076
2026-09-28T10:39:09.044Z	spark1	LOAD	14.744	7.401
2026-09-28T10:39:09.283Z	spark2	LOAD	23.335	4.076
2026-09-28T10:39:09.295Z	spark1	LOAD	14.743	7.401
2026-09-28T10:39:09.545Z	spark1	LOAD	14.737	7.401
2026-09-28T10:39:09.548Z	spark2	LOAD	23.335	4.076
2026-09-28T10:39:09.799Z	spark2	LOAD	23.335	4.076
2026-09-28T10:39:09.812Z	spark1	LOAD	14.724	7.401
2026-09-28T10:39:10.049Z	spark2	LOAD	23.336	4.076
2026-09-28T10:39:10.062Z	spark1	LOAD	14.740	7.401
2026-09-28T10:39:10.300Z	spark2	LOAD	23.336	4.076
2026-09-28T10:39:10.312Z	spark1	LOAD	14.734	7.401
2026-09-28T10:39:10.563Z	spark1	LOAD	14.734	7.401
2026-09-28T10:39:10.565Z	spark2	LOAD	23.336	4.076
2026-09-28T10:39:10.816Z	spark2	LOAD	23.336	4.076
2026-09-28T10:39:10.829Z	spark1	LOAD	14.729	7.401
2026-09-28T10:39:11.066Z	spark2	LOAD	23.336	4.076
2026-09-28T10:39:11.080Z	spark1	LOAD	14.722	7.401
2026-09-28T10:39:11.317Z	spark2	LOAD	23.338	4.076
2026-09-28T10:39:11.330Z	spark1	LOAD	14.684	7.401
2026-09-28T10:39:11.581Z	spark1	LOAD	14.704	7.401
2026-09-28T10:39:11.582Z	spark2	LOAD	23.338	4.076
2026-09-28T10:39:11.832Z	spark2	LOAD	23.338	4.076
2026-09-28T10:39:11.844Z	spark1	LOAD	14.566	7.401
2026-09-28T10:39:12.083Z	spark2	LOAD	23.337	4.076
2026-09-28T10:39:12.094Z	spark1	LOAD	20.371	7.401
2026-09-28T10:39:12.332Z	spark2	LOAD	23.339	4.076
2026-09-28T10:39:12.345Z	spark1	LOAD	15.808	7.401
2026-09-28T10:39:12.595Z	spark1	LOAD	15.624	7.401
2026-09-28T10:39:12.597Z	spark2	LOAD	23.339	4.076
2026-09-28T10:39:12.848Z	spark2	LOAD	23.340	4.076
2026-09-28T10:39:12.857Z	spark1	LOAD	15.640	7.401
2026-09-28T10:39:13.100Z	spark2	LOAD	23.337	4.076
2026-09-28T10:39:13.108Z	spark1	LOAD	15.542	7.401
2026-09-28T10:39:13.350Z	spark2	LOAD	23.337	4.076
2026-09-28T10:39:13.358Z	spark1	LOAD	15.541	7.401
2026-09-28T10:39:13.608Z	spark1	LOAD	15.443	7.401
2026-09-28T10:39:13.611Z	spark2	LOAD	23.337	4.076
2026-09-28T10:39:13.862Z	spark2	LOAD	23.337	4.076
2026-09-28T10:39:13.872Z	spark1	LOAD	15.442	7.401
2026-09-28T10:39:14.112Z	spark2	LOAD	23.337	4.076
2026-09-28T10:39:14.122Z	spark1	LOAD	15.193	7.401
2026-09-28T10:39:14.363Z	spark2	LOAD	23.337	4.076
2026-09-28T10:39:14.372Z	spark1	LOAD	14.962	7.401
2026-09-28T10:39:14.623Z	spark1	LOAD	14.962	7.401
2026-09-28T10:39:14.629Z	spark2	LOAD	23.337	4.076
2026-09-28T10:39:14.880Z	spark2	LOAD	23.338	4.076
2026-09-28T10:39:14.885Z	spark1	LOAD	14.928	7.400
2026-09-28T10:39:15.131Z	spark2	LOAD	23.338	4.076
2026-09-28T10:39:15.135Z	spark1	LOAD	14.926	7.400
2026-09-28T10:39:15.381Z	spark2	LOAD	23.338	4.076
2026-09-28T10:39:15.386Z	spark1	LOAD	14.869	7.400
2026-09-28T10:39:15.636Z	spark1	LOAD	14.859	7.400
2026-09-28T10:39:15.646Z	spark2	LOAD	23.338	4.076
2026-09-28T10:39:15.897Z	spark2	LOAD	23.338	4.076
2026-09-28T10:39:15.903Z	spark1	LOAD	14.809	7.400
2026-09-28T10:39:16.148Z	spark2	LOAD	23.338	4.076
2026-09-28T10:39:16.153Z	spark1	LOAD	14.801	7.400
2026-09-28T10:39:16.397Z	spark2	LOAD	23.338	4.076
2026-09-28T10:39:16.403Z	spark1	LOAD	15.110	7.398
2026-09-28T10:39:16.654Z	spark1	LOAD	14.573	7.398
2026-09-28T10:39:16.662Z	spark2	LOAD	23.338	4.076
2026-09-28T10:39:16.913Z	spark2	LOAD	23.338	4.076
2026-09-28T10:39:16.921Z	spark1	LOAD	14.553	7.398
2026-09-28T10:39:17.164Z	spark2	LOAD	23.339	4.076
2026-09-28T10:39:17.171Z	spark1	LOAD	14.488	7.398
2026-09-28T10:39:17.415Z	spark2	LOAD	23.339	4.076
2026-09-28T10:39:17.422Z	spark1	LOAD	14.486	7.398
2026-09-28T10:39:17.672Z	spark1	LOAD	14.484	7.398
2026-09-28T10:39:17.679Z	spark2	LOAD	23.339	4.076
2026-09-28T10:39:17.929Z	spark2	LOAD	23.339	4.076
2026-09-28T10:39:17.939Z	spark1	LOAD	14.484	7.398
2026-09-28T10:39:18.181Z	spark2	LOAD	23.339	4.076
2026-09-28T10:39:18.190Z	spark1	LOAD	14.483	7.398
2026-09-28T10:39:18.431Z	spark2	LOAD	23.339	4.076
2026-09-28T10:39:18.440Z	spark1	LOAD	14.478	7.398
2026-09-28T10:39:18.691Z	spark1	LOAD	14.451	7.398
2026-09-28T10:39:18.695Z	spark2	LOAD	23.339	4.076
2026-09-28T10:39:18.946Z	spark2	LOAD	23.339	4.076
2026-09-28T10:39:18.953Z	spark1	LOAD	14.449	7.398
2026-09-28T10:39:19.197Z	spark2	LOAD	23.339	4.076
2026-09-28T10:39:19.203Z	spark1	LOAD	14.447	7.398
2026-09-28T10:39:19.447Z	spark2	LOAD	23.339	4.076
2026-09-28T10:39:19.453Z	spark1	LOAD	14.446	7.398
2026-09-28T10:39:19.704Z	spark1	LOAD	14.454	7.398
2026-09-28T10:39:19.712Z	spark2	LOAD	23.339	4.076
2026-09-28T10:39:19.962Z	spark2	LOAD	23.339	4.076
2026-09-28T10:39:19.971Z	spark1	LOAD	14.452	7.398
2026-09-28T10:39:20.213Z	spark2	LOAD	23.339	4.076
2026-09-28T10:39:20.221Z	spark1	LOAD	14.448	7.398
2026-09-28T10:39:20.464Z	spark2	LOAD	23.339	4.076
2026-09-28T10:39:20.472Z	spark1	LOAD	14.447	7.398
2026-09-28T10:39:20.723Z	spark1	LOAD	17.794	7.398
2026-09-28T10:39:20.728Z	spark2	LOAD	23.339	4.076
2026-09-28T10:39:20.979Z	spark2	LOAD	23.339	4.076
2026-09-28T10:39:20.989Z	spark1	LOAD	18.408	7.398
2026-09-28T10:39:21.229Z	spark2	LOAD	23.339	4.076
2026-09-28T10:39:21.239Z	spark1	LOAD	15.452	7.398
2026-09-28T10:39:21.480Z	spark2	LOAD	23.339	4.076
2026-09-28T10:39:21.490Z	spark1	LOAD	15.452	7.398
2026-09-28T10:39:21.740Z	spark1	LOAD	15.340	7.398
2026-09-28T10:39:21.744Z	spark2	LOAD	23.339	4.076
2026-09-28T10:39:21.995Z	spark2	LOAD	23.339	4.076
2026-09-28T10:39:22.002Z	spark1	LOAD	15.298	7.398
2026-09-28T10:39:22.247Z	spark2	LOAD	23.339	4.076
2026-09-28T10:39:22.252Z	spark1	LOAD	15.296	7.398
2026-09-28T10:39:22.497Z	spark2	LOAD	23.339	4.076
2026-09-28T10:39:22.503Z	spark1	LOAD	15.278	7.398
2026-09-28T10:39:22.753Z	spark1	LOAD	15.169	7.398
2026-09-28T10:39:22.761Z	spark2	LOAD	23.342	4.076
2026-09-28T10:39:23.011Z	spark2	LOAD	23.342	4.076
2026-09-28T10:39:23.014Z	spark1	LOAD	14.808	7.398
2026-09-28T10:39:23.261Z	spark2	LOAD	23.342	4.075
2026-09-28T10:39:23.264Z	spark1	LOAD	14.765	7.398
2026-09-28T10:39:23.512Z	spark2	LOAD	23.336	4.075
2026-09-28T10:39:23.514Z	spark1	LOAD	14.763	7.398
2026-09-28T10:39:23.764Z	spark1	LOAD	14.646	7.398
2026-09-28T10:39:23.777Z	spark2	LOAD	23.350	4.075
2026-09-28T10:39:24.026Z	spark1	LOAD	14.640	7.398
2026-09-28T10:39:24.029Z	spark2	LOAD	23.349	4.075
2026-09-28T10:39:24.277Z	spark1	LOAD	14.547	7.398
2026-09-28T10:39:24.279Z	spark2	LOAD	23.349	4.075
2026-09-28T10:39:24.527Z	spark1	LOAD	14.547	7.398
2026-09-28T10:39:24.530Z	spark2	LOAD	23.349	4.075
2026-09-28T10:39:24.777Z	spark1	LOAD	14.547	7.398
2026-09-28T10:39:24.791Z	spark2	LOAD	23.349	4.075
2026-09-28T10:39:25.043Z	spark2	LOAD	23.350	4.075
2026-09-28T10:39:25.044Z	spark1	LOAD	14.500	7.398
2026-09-28T10:39:25.292Z	spark2	LOAD	23.350	4.075
2026-09-28T10:39:25.294Z	spark1	LOAD	14.496	7.398
2026-09-28T10:39:25.544Z	spark2	LOAD	23.350	4.075
2026-09-28T10:39:25.545Z	spark1	LOAD	14.494	7.398
2026-09-28T10:39:25.795Z	spark1	LOAD	14.462	7.398
2026-09-28T10:39:25.808Z	spark2	LOAD	23.350	4.075
2026-09-28T10:39:26.059Z	spark2	LOAD	23.351	4.075
2026-09-28T10:39:26.062Z	spark1	LOAD	21.474	7.397
2026-09-28T10:39:26.310Z	spark2	LOAD	23.351	4.075
2026-09-28T10:39:26.313Z	spark1	LOAD	16.961	7.397
2026-09-28T10:39:26.561Z	spark2	LOAD	23.351	4.075
2026-09-28T10:39:26.563Z	spark1	LOAD	15.089	7.397
2026-09-28T10:39:26.813Z	spark1	LOAD	15.071	7.397
2026-09-28T10:39:26.825Z	spark2	LOAD	23.351	4.075
2026-09-28T10:39:27.076Z	spark2	LOAD	23.352	4.075
2026-09-28T10:39:27.081Z	spark1	LOAD	14.845	7.397
2026-09-28T10:39:27.327Z	spark2	LOAD	23.352	4.075
2026-09-28T10:39:27.332Z	spark1	LOAD	14.803	7.397
2026-09-28T10:39:27.578Z	spark2	LOAD	23.352	4.075
2026-09-28T10:39:27.582Z	spark1	LOAD	14.799	7.397
2026-09-28T10:39:27.833Z	spark1	LOAD	14.752	7.397
2026-09-28T10:39:27.842Z	spark2	LOAD	23.351	4.075
2026-09-28T10:39:28.093Z	spark2	LOAD	23.352	4.075
2026-09-28T10:39:28.099Z	spark1	LOAD	14.756	7.397
2026-09-28T10:39:28.344Z	spark2	LOAD	23.352	4.075
2026-09-28T10:39:28.350Z	spark1	LOAD	14.758	7.397
2026-09-28T10:39:28.594Z	spark2	LOAD	23.352	4.075
2026-09-28T10:39:28.600Z	spark1	LOAD	14.729	7.397
2026-09-28T10:39:28.850Z	spark1	LOAD	14.742	7.396
2026-09-28T10:39:28.859Z	spark2	LOAD	23.351	4.075
2026-09-28T10:39:29.110Z	spark2	LOAD	23.352	4.075
2026-09-28T10:39:29.118Z	spark1	LOAD	14.740	7.396
2026-09-28T10:39:29.361Z	spark2	LOAD	23.352	4.075
2026-09-28T10:39:29.369Z	spark1	LOAD	14.747	7.396
2026-09-28T10:39:29.612Z	spark2	LOAD	23.352	4.075
2026-09-28T10:39:29.619Z	spark1	LOAD	14.739	7.396
2026-09-28T10:39:29.869Z	spark1	LOAD	14.739	7.396
2026-09-28T10:39:29.877Z	spark2	LOAD	23.352	4.075
2026-09-28T10:39:30.128Z	spark2	LOAD	23.352	4.075
2026-09-28T10:39:30.132Z	spark1	LOAD	14.734	7.396
2026-09-28T10:39:30.379Z	spark2	LOAD	23.352	4.075
2026-09-28T10:39:30.382Z	spark1	LOAD	14.734	7.396
2026-09-28T10:39:30.630Z	spark2	LOAD	23.352	4.075
2026-09-28T10:39:30.632Z	spark1	LOAD	14.733	7.396
2026-09-28T10:39:30.883Z	spark1	LOAD	14.724	7.396
2026-09-28T10:39:30.894Z	spark2	LOAD	23.351	4.075
2026-09-28T10:39:31.145Z	spark2	LOAD	23.351	4.075
2026-09-28T10:39:31.150Z	spark1	LOAD	14.720	7.396
2026-09-28T10:39:31.395Z	spark2	LOAD	23.351	4.075
2026-09-28T10:39:31.400Z	spark1	LOAD	14.711	7.396
2026-09-28T10:39:31.646Z	spark2	LOAD	23.351	4.075
2026-09-28T10:39:31.651Z	spark1	LOAD	14.687	7.396
2026-09-28T10:39:31.902Z	spark1	LOAD	14.549	7.396
2026-09-28T10:39:31.910Z	spark2	LOAD	23.352	4.075
2026-09-28T10:39:32.161Z	spark2	LOAD	23.352	4.075
2026-09-28T10:39:32.167Z	spark1	LOAD	21.857	7.401
2026-09-28T10:39:32.411Z	spark2	LOAD	23.352	4.075
2026-09-28T10:39:32.417Z	spark1	LOAD	17.197	7.400
2026-09-28T10:39:32.663Z	spark2	LOAD	23.352	4.075
2026-09-28T10:39:32.668Z	spark1	LOAD	14.490	7.400
2026-09-28T10:39:32.918Z	spark1	LOAD	21.112	7.400
2026-09-28T10:39:32.926Z	spark2	LOAD	23.352	4.075
2026-09-28T10:39:33.176Z	spark2	LOAD	23.352	4.075
2026-09-28T10:39:33.189Z	spark1	LOAD	15.361	7.400
2026-09-28T10:39:33.427Z	spark2	LOAD	23.352	4.075
2026-09-28T10:39:33.439Z	spark1	LOAD	14.442	7.400
2026-09-28T10:39:33.678Z	spark2	LOAD	23.352	4.075
2026-09-28T10:39:33.690Z	spark1	LOAD	20.371	7.400
2026-09-28T10:39:33.940Z	spark1	LOAD	16.078	7.400
2026-09-28T10:39:33.943Z	spark2	LOAD	23.352	4.075
2026-09-28T10:39:34.192Z	spark2	LOAD	23.352	4.075
2026-09-28T10:39:34.203Z	spark1	LOAD	14.830	7.400
2026-09-28T10:39:34.443Z	spark2	LOAD	23.327	4.075
2026-09-28T10:39:34.453Z	spark1	LOAD	19.301	7.400
2026-09-28T10:39:34.695Z	spark2	LOAD	23.352	4.075
2026-09-28T10:39:34.704Z	spark1	LOAD	14.724	7.399
2026-09-28T10:39:34.955Z	spark1	LOAD	20.352	7.399
2026-09-28T10:39:34.960Z	spark2	LOAD	23.351	4.075
2026-09-28T10:39:35.211Z	spark2	LOAD	23.351	4.075
2026-09-28T10:39:35.222Z	spark1	LOAD	16.122	7.399
2026-09-28T10:39:35.461Z	spark2	LOAD	23.351	4.075
2026-09-28T10:39:35.473Z	spark1	LOAD	14.749	7.399
2026-09-28T10:39:35.712Z	spark2	LOAD	23.351	4.075
2026-09-28T10:39:35.723Z	spark1	LOAD	19.380	7.399
2026-09-28T10:39:35.974Z	spark1	LOAD	14.745	7.399
2026-09-28T10:39:35.977Z	spark2	LOAD	23.351	4.075
2026-09-28T10:39:36.227Z	spark2	LOAD	23.351	4.075
2026-09-28T10:39:36.248Z	spark1	LOAD	21.407	7.399
2026-09-28T10:39:36.479Z	spark2	LOAD	23.351	4.075
2026-09-28T10:39:36.499Z	spark1	LOAD	15.999	7.399
2026-09-28T10:39:36.729Z	spark2	LOAD	23.351	4.075
2026-09-28T10:39:36.750Z	spark1	LOAD	14.962	7.399
2026-09-28T10:39:36.994Z	spark2	LOAD	23.351	4.075
2026-09-28T10:39:37.000Z	spark1	LOAD	18.797	7.399
2026-09-28T10:39:37.244Z	spark2	LOAD	23.351	4.075
2026-09-28T10:39:37.270Z	spark1	LOAD	14.674	7.399
2026-09-28T10:39:37.495Z	spark2	LOAD	23.351	4.075
2026-09-28T10:39:37.520Z	spark1	LOAD	18.551	7.399
2026-09-28T10:39:37.746Z	spark2	LOAD	23.351	4.075
2026-09-28T10:39:37.771Z	spark1	LOAD	17.733	7.399
2026-09-28T10:39:38.012Z	spark2	LOAD	23.351	4.075
2026-09-28T10:39:38.021Z	spark1	LOAD	14.420	7.399
2026-09-28T10:39:38.262Z	spark2	LOAD	23.351	4.075
2026-09-28T10:39:38.289Z	spark1	LOAD	19.729	7.399
2026-09-28T10:39:38.512Z	spark2	LOAD	23.351	4.075
2026-09-28T10:39:38.540Z	spark1	LOAD	14.726	7.399
2026-09-28T10:39:38.763Z	spark2	LOAD	23.351	4.075
2026-09-28T10:39:38.791Z	spark1	LOAD	15.107	7.399
2026-09-28T10:39:39.028Z	spark2	LOAD	23.351	4.075
2026-09-28T10:39:39.043Z	spark1	LOAD	18.883	7.399
2026-09-28T10:39:39.278Z	spark2	LOAD	23.351	4.075
2026-09-28T10:39:39.311Z	spark1	LOAD	14.598	7.399
2026-09-28T10:39:39.529Z	spark2	LOAD	23.351	4.075
2026-09-28T10:39:39.562Z	spark1	LOAD	20.562	7.398
2026-09-28T10:39:39.779Z	spark2	LOAD	23.351	4.075
2026-09-28T10:39:39.812Z	spark1	LOAD	15.274	7.398
2026-09-28T10:39:40.043Z	spark2	LOAD	23.351	4.075
2026-09-28T10:39:40.062Z	spark1	LOAD	14.364	7.398
2026-09-28T10:39:40.295Z	spark2	LOAD	23.351	4.075
2026-09-28T10:39:40.330Z	spark1	LOAD	19.436	7.398
2026-09-28T10:39:40.546Z	spark2	LOAD	23.351	4.075
2026-09-28T10:39:40.582Z	spark1	LOAD	14.690	7.398
2026-09-28T10:39:40.796Z	spark2	LOAD	23.351	4.075
2026-09-28T10:39:40.833Z	spark1	LOAD	20.838	7.398
2026-09-28T10:39:41.062Z	spark2	LOAD	23.351	4.075
2026-09-28T10:39:41.084Z	spark1	LOAD	15.327	7.398
2026-09-28T10:39:41.312Z	spark2	LOAD	23.351	4.075
2026-09-28T10:39:41.353Z	spark1	LOAD	17.131	7.398
2026-09-28T10:39:41.563Z	spark2	LOAD	23.351	4.075
2026-09-28T10:39:41.603Z	spark1	LOAD	17.618	7.398
2026-09-28T10:39:41.813Z	spark2	LOAD	23.351	4.075
2026-09-28T10:39:41.853Z	spark1	LOAD	14.580	7.398
2026-09-28T10:39:42.078Z	spark2	LOAD	23.351	4.075
2026-09-28T10:39:42.104Z	spark1	LOAD	21.342	7.398
2026-09-28T10:39:42.328Z	spark2	LOAD	23.351	4.075
2026-09-28T10:39:42.371Z	spark1	LOAD	16.213	7.398
2026-09-28T10:39:42.579Z	spark2	LOAD	23.351	4.075
2026-09-28T10:39:42.621Z	spark1	LOAD	14.736	7.398
2026-09-28T10:39:42.830Z	spark2	LOAD	23.351	4.075
2026-09-28T10:39:42.873Z	spark1	LOAD	18.880	7.398
2026-09-28T10:39:43.095Z	spark2	LOAD	23.351	4.075
2026-09-28T10:39:43.123Z	spark1	LOAD	14.624	7.398
2026-09-28T10:39:43.345Z	spark2	LOAD	23.351	4.075
2026-09-28T10:39:43.385Z	spark1	LOAD	20.299	7.398
2026-09-28T10:39:43.596Z	spark2	LOAD	23.351	4.075
2026-09-28T10:39:43.636Z	spark1	LOAD	14.719	7.398
2026-09-28T10:39:43.846Z	spark2	LOAD	23.351	4.075
2026-09-28T10:39:43.887Z	spark1	LOAD	18.540	7.398
2026-09-28T10:39:44.112Z	spark2	LOAD	23.351	4.075
2026-09-28T10:39:44.137Z	spark1	LOAD	17.077	7.398
2026-09-28T10:39:44.362Z	spark2	LOAD	23.351	4.075
2026-09-28T10:39:44.401Z	spark1	LOAD	14.369	7.398
2026-09-28T10:39:44.613Z	spark2	LOAD	23.351	4.075
2026-09-28T10:39:44.652Z	spark1	LOAD	19.072	7.398
2026-09-28T10:39:44.864Z	spark2	LOAD	23.351	4.075
2026-09-28T10:39:44.902Z	spark1	LOAD	14.729	7.398
2026-09-28T10:39:45.129Z	spark2	LOAD	23.351	4.075
2026-09-28T10:39:45.152Z	spark1	LOAD	21.197	7.398
2026-09-28T10:39:45.379Z	spark2	LOAD	23.348	4.075
2026-09-28T10:39:45.420Z	spark1	LOAD	14.856	7.398
2026-09-28T10:39:45.628Z	spark2	LOAD	23.342	4.075
2026-09-28T10:39:45.671Z	spark1	LOAD	16.348	7.398
2026-09-28T10:39:45.881Z	spark2	LOAD	23.342	4.075
2026-09-28T10:39:45.921Z	spark1	LOAD	18.100	7.398
2026-09-28T10:39:46.145Z	spark2	LOAD	23.341	4.075
2026-09-28T10:39:46.172Z	spark1	LOAD	14.414	7.398
2026-09-28T10:39:46.395Z	spark2	LOAD	23.341	4.075
2026-09-28T10:39:46.449Z	spark1	LOAD	19.730	7.398
2026-09-28T10:39:46.646Z	spark2	LOAD	23.341	4.075
2026-09-28T10:39:46.700Z	spark1	LOAD	14.727	7.398
2026-09-28T10:39:46.897Z	spark2	LOAD	23.341	4.075
2026-09-28T10:39:46.950Z	spark1	LOAD	21.265	7.398
2026-09-28T10:39:47.161Z	spark2	LOAD	23.341	4.075
2026-09-28T10:39:47.200Z	spark1	LOAD	15.529	7.398
2026-09-28T10:39:47.413Z	spark2	LOAD	23.341	4.075
2026-09-28T10:39:47.462Z	spark1	LOAD	15.962	7.398
2026-09-28T10:39:47.662Z	spark2	LOAD	23.341	4.075
2026-09-28T10:39:47.713Z	spark1	LOAD	18.196	7.398
2026-09-28T10:39:47.913Z	spark2	LOAD	23.341	4.075
2026-09-28T10:39:47.964Z	spark1	LOAD	14.422	7.397
2026-09-28T10:39:48.179Z	spark2	LOAD	23.341	4.075
2026-09-28T10:39:48.214Z	spark1	LOAD	19.772	7.397
2026-09-28T10:39:48.429Z	spark2	LOAD	23.341	4.075
2026-09-28T10:39:48.488Z	spark1	LOAD	14.726	7.397
2026-09-28T10:39:48.680Z	spark2	LOAD	23.341	4.075
2026-09-28T10:39:48.738Z	spark1	LOAD	21.319	7.397
2026-09-28T10:39:48.930Z	spark2	LOAD	23.341	4.075
2026-09-28T10:39:48.989Z	spark1	LOAD	15.973	7.397
2026-09-28T10:39:49.196Z	spark2	LOAD	23.341	4.075
2026-09-28T10:39:49.240Z	spark1	LOAD	14.759	7.397
2026-09-28T10:39:49.447Z	spark2	LOAD	23.341	4.075
2026-09-28T10:39:49.506Z	spark1	LOAD	18.994	7.397
2026-09-28T10:39:49.698Z	spark2	LOAD	23.341	4.075
2026-09-28T10:39:49.757Z	spark1	LOAD	14.679	7.397
2026-09-28T10:39:49.949Z	spark2	LOAD	23.342	4.075
2026-09-28T10:39:50.007Z	spark1	LOAD	21.297	7.397
2026-09-28T10:39:50.212Z	spark2	LOAD	23.342	4.075
2026-09-28T10:39:50.258Z	spark1	LOAD	15.442	7.397
2026-09-28T10:39:50.464Z	spark2	LOAD	23.342	4.075
2026-09-28T10:39:50.526Z	spark1	LOAD	15.631	7.397
2026-09-28T10:39:50.714Z	spark2	LOAD	23.342	4.075
2026-09-28T10:39:50.777Z	spark1	LOAD	18.920	7.397
2026-09-28T10:39:50.965Z	spark2	LOAD	23.342	4.075
2026-09-28T10:39:51.028Z	spark1	LOAD	14.660	7.397
2026-09-28T10:39:51.228Z	spark2	LOAD	23.342	4.075
2026-09-28T10:39:51.279Z	spark1	LOAD	20.977	7.397
2026-09-28T10:39:51.480Z	spark2	LOAD	23.342	4.075
2026-09-28T10:39:51.545Z	spark1	LOAD	14.752	7.397
2026-09-28T10:39:51.730Z	spark2	LOAD	23.342	4.075
2026-09-28T10:39:51.796Z	spark1	LOAD	15.858	7.397
2026-09-28T10:39:51.981Z	spark2	LOAD	23.342	4.075
2026-09-28T10:39:52.047Z	spark1	LOAD	18.301	7.397
2026-09-28T10:39:52.246Z	spark2	LOAD	23.342	4.075
2026-09-28T10:39:52.298Z	spark1	LOAD	14.447	7.397
2026-09-28T10:39:52.496Z	spark2	LOAD	23.342	4.075
2026-09-28T10:39:52.578Z	spark1	LOAD	19.984	7.397
2026-09-28T10:39:52.746Z	spark2	LOAD	23.342	4.075
2026-09-28T10:39:52.830Z	spark1	LOAD	14.752	7.397
2026-09-28T10:39:52.998Z	spark2	LOAD	23.342	4.075
2026-09-28T10:39:53.079Z	spark1	LOAD	17.116	7.397
2026-09-28T10:39:53.262Z	spark2	LOAD	23.342	4.075
2026-09-28T10:39:53.331Z	spark1	LOAD	17.613	7.397
2026-09-28T10:39:53.513Z	spark2	LOAD	23.342	4.075
2026-09-28T10:39:53.594Z	spark1	LOAD	14.402	7.397
2026-09-28T10:39:53.763Z	spark2	LOAD	23.342	4.075
2026-09-28T10:39:53.844Z	spark1	LOAD	19.666	7.397
2026-09-28T10:39:54.014Z	spark2	LOAD	23.343	4.075
2026-09-28T10:39:54.096Z	spark1	LOAD	14.762	7.397
2026-09-28T10:39:54.279Z	spark2	LOAD	23.343	4.075
2026-09-28T10:39:54.346Z	spark1	LOAD	21.366	7.397
2026-09-28T10:39:54.530Z	spark2	LOAD	23.343	4.075
2026-09-28T10:39:54.613Z	spark1	LOAD	14.916	7.397
2026-09-28T10:39:54.780Z	spark2	LOAD	23.343	4.075
2026-09-28T10:39:54.864Z	spark1	LOAD	15.261	7.397
2026-09-28T10:39:55.030Z	spark2	LOAD	23.343	4.075
2026-09-28T10:39:55.114Z	spark1	LOAD	18.571	7.397
2026-09-28T10:39:55.295Z	spark2	LOAD	23.343	4.075
2026-09-28T10:39:55.365Z	spark1	LOAD	14.484	7.397
2026-09-28T10:39:55.546Z	spark2	LOAD	23.343	4.075
2026-09-28T10:39:55.639Z	spark1	LOAD	20.649	7.397
2026-09-28T10:39:55.796Z	spark2	LOAD	23.343	4.075
2026-09-28T10:39:55.890Z	spark1	LOAD	15.653	7.397
2026-09-28T10:39:56.046Z	spark2	LOAD	23.342	4.075
2026-09-28T10:39:56.140Z	spark1	LOAD	14.725	7.397
2026-09-28T10:39:56.311Z	spark2	LOAD	23.342	4.075
2026-09-28T10:39:56.391Z	spark1	LOAD	21.196	7.397
2026-09-28T10:39:56.561Z	spark2	LOAD	23.341	4.075
2026-09-28T10:39:56.657Z	spark1	LOAD	20.966	7.397
2026-09-28T10:39:56.815Z	spark2	LOAD	23.341	4.075
2026-09-28T10:39:56.911Z	spark1	LOAD	21.307	7.397
2026-09-28T10:39:57.062Z	spark2	LOAD	23.340	4.075
2026-09-28T10:39:57.160Z	spark1	LOAD	21.327	7.397
2026-09-28T10:39:57.329Z	spark2	LOAD	23.339	4.075
2026-09-28T10:39:57.412Z	spark1	LOAD	20.977	7.397
2026-09-28T10:39:57.580Z	spark2	LOAD	23.339	4.075
2026-09-28T10:39:57.681Z	spark1	LOAD	21.314	7.397
2026-09-28T10:39:57.830Z	spark2	LOAD	23.339	4.075
2026-09-28T10:39:57.932Z	spark1	LOAD	21.474	7.397
2026-09-28T10:39:58.081Z	spark2	LOAD	23.339	4.075
2026-09-28T10:39:58.182Z	spark1	LOAD	21.341	7.397
2026-09-28T10:39:58.346Z	spark2	LOAD	23.338	4.075
2026-09-28T10:39:58.433Z	spark1	LOAD	21.466	7.397
2026-09-28T10:39:58.596Z	spark2	LOAD	23.338	4.075
2026-09-28T10:39:58.701Z	spark1	LOAD	22.043	7.397
2026-09-28T10:39:58.847Z	spark2	LOAD	23.338	4.075
2026-09-28T10:39:58.951Z	spark1	LOAD	21.843	7.397
2026-09-28T10:39:59.098Z	spark2	LOAD	23.338	4.075
2026-09-28T10:39:59.202Z	spark1	LOAD	21.643	7.397
2026-09-28T10:39:59.359Z	spark2	LOAD	23.338	4.075
2026-09-28T10:39:59.453Z	spark1	LOAD	22.071	7.397
2026-09-28T10:39:59.609Z	spark2	LOAD	23.338	4.075
2026-09-28T10:39:59.717Z	spark1	LOAD	22.418	7.397
2026-09-28T10:39:59.860Z	spark2	LOAD	23.338	4.075
2026-09-28T10:39:59.967Z	spark1	LOAD	21.877	7.397
2026-09-28T10:40:00.111Z	spark2	LOAD	23.339	4.075
2026-09-28T10:40:00.217Z	spark1	LOAD	22.644	7.397
2026-09-28T10:40:00.376Z	spark2	LOAD	23.339	4.075
2026-09-28T10:40:00.468Z	spark1	LOAD	22.236	7.397
2026-09-28T10:40:00.628Z	spark2	LOAD	23.339	4.075
2026-09-28T10:40:00.740Z	spark1	LOAD	22.881	7.397
2026-09-28T10:40:00.877Z	spark2	LOAD	23.342	4.075
2026-09-28T10:40:00.991Z	spark1	LOAD	22.914	7.397
2026-09-28T10:40:01.128Z	spark2	LOAD	23.342	4.075
2026-09-28T10:40:01.241Z	spark1	LOAD	22.826	7.397
2026-09-28T10:40:01.393Z	spark2	LOAD	23.342	4.075
2026-09-28T10:40:01.491Z	spark1	LOAD	23.240	7.397
2026-09-28T10:40:01.644Z	spark2	LOAD	23.342	4.075
2026-09-28T10:40:01.760Z	spark1	LOAD	23.340	7.397
2026-09-28T10:40:01.894Z	spark2	LOAD	23.342	4.075
2026-09-28T10:40:02.010Z	spark1	LOAD	23.293	7.397
2026-09-28T10:40:02.146Z	spark2	LOAD	23.344	4.075
2026-09-28T10:40:02.261Z	spark1	LOAD	23.533	7.397
2026-09-28T10:40:02.411Z	spark2	LOAD	23.344	4.075
2026-09-28T10:40:02.512Z	spark1	LOAD	23.525	7.397
2026-09-28T10:40:02.663Z	spark2	LOAD	23.344	4.075
2026-09-28T10:40:02.773Z	spark1	LOAD	23.517	7.396
2026-09-28T10:40:02.914Z	spark2	LOAD	23.344	4.075
2026-09-28T10:40:03.024Z	spark1	LOAD	21.636	7.396
2026-09-28T10:40:03.164Z	spark2	LOAD	23.345	4.075
2026-09-28T10:40:03.274Z	spark1	LOAD	21.637	7.396
2026-09-28T10:40:03.425Z	spark2	LOAD	23.345	4.075
2026-09-28T10:40:03.524Z	spark1	LOAD	21.637	7.396
2026-09-28T10:40:03.677Z	spark2	LOAD	23.348	4.075
2026-09-28T10:40:03.786Z	spark1	LOAD	21.637	7.396
2026-09-28T10:40:03.927Z	spark2	LOAD	23.348	4.075
2026-09-28T10:40:04.036Z	spark1	LOAD	20.551	7.396
2026-09-28T10:40:04.177Z	spark2	LOAD	23.348	4.075
2026-09-28T10:40:04.287Z	spark1	LOAD	20.523	7.396
2026-09-28T10:40:04.438Z	spark2	LOAD	23.348	4.075
2026-09-28T10:40:04.537Z	spark1	LOAD	20.479	7.396
2026-09-28T10:40:04.689Z	spark2	LOAD	23.348	4.075
2026-09-28T10:40:04.806Z	spark1	LOAD	20.440	7.396
2026-09-28T10:40:04.940Z	spark2	LOAD	23.348	4.075
2026-09-28T10:40:05.056Z	spark1	LOAD	20.383	7.396
2026-09-28T10:40:05.191Z	spark2	LOAD	23.348	4.075
2026-09-28T10:40:05.307Z	spark1	LOAD	20.349	7.396
2026-09-28T10:40:05.452Z	spark2	LOAD	23.348	4.075
2026-09-28T10:40:05.557Z	spark1	LOAD	20.314	7.396
2026-09-28T10:40:05.703Z	spark2	LOAD	23.348	4.075
2026-09-28T10:40:05.819Z	spark1	LOAD	20.278	7.396
2026-09-28T10:40:05.953Z	spark2	LOAD	23.349	4.075
2026-09-28T10:40:06.069Z	spark1	LOAD	20.239	7.396
2026-09-28T10:40:06.204Z	spark2	LOAD	23.349	4.075
2026-09-28T10:40:06.320Z	spark1	LOAD	20.125	7.396
2026-09-28T10:40:06.470Z	spark2	LOAD	23.349	4.075
2026-09-28T10:40:06.570Z	spark1	LOAD	20.100	7.396
2026-09-28T10:40:06.720Z	spark2	LOAD	23.349	4.075
2026-09-28T10:40:06.839Z	spark1	LOAD	20.019	7.396
2026-09-28T10:40:06.970Z	spark2	LOAD	23.349	4.075
2026-09-28T10:40:07.089Z	spark1	LOAD	19.948	7.396
2026-09-28T10:40:07.221Z	spark2	LOAD	23.323	4.075
2026-09-28T10:40:07.339Z	spark1	LOAD	19.971	7.396
2026-09-28T10:40:07.481Z	spark2	LOAD	23.324	4.075
2026-09-28T10:40:07.589Z	spark1	LOAD	19.918	7.396
2026-09-28T10:40:07.732Z	spark2	LOAD	23.342	4.075
2026-09-28T10:40:07.851Z	spark1	LOAD	19.880	7.396
2026-09-28T10:40:07.983Z	spark2	LOAD	23.342	4.075
2026-09-28T10:40:08.101Z	spark1	LOAD	19.849	7.396
2026-09-28T10:40:08.233Z	spark2	LOAD	23.342	4.075
2026-09-28T10:40:08.352Z	spark1	LOAD	19.836	7.396
2026-09-28T10:40:08.499Z	spark2	LOAD	23.342	4.075
2026-09-28T10:40:08.602Z	spark1	LOAD	19.776	7.396
2026-09-28T10:40:08.749Z	spark2	LOAD	23.342	4.075
2026-09-28T10:40:08.864Z	spark1	LOAD	19.741	7.396
2026-09-28T10:40:09.000Z	spark2	LOAD	23.342	4.075
2026-09-28T10:40:09.114Z	spark1	LOAD	19.673	7.396
2026-09-28T10:40:09.250Z	spark2	LOAD	23.342	4.075
2026-09-28T10:40:09.365Z	spark1	LOAD	19.666	7.396
2026-09-28T10:40:09.515Z	spark2	LOAD	23.342	4.075
2026-09-28T10:40:09.615Z	spark1	LOAD	19.525	7.396
2026-09-28T10:40:09.766Z	spark2	LOAD	23.342	4.075
2026-09-28T10:40:09.882Z	spark1	LOAD	20.713	7.396
2026-09-28T10:40:10.016Z	spark2	LOAD	23.343	4.075
2026-09-28T10:40:10.133Z	spark1	LOAD	20.691	7.396
2026-09-28T10:40:10.267Z	spark2	LOAD	23.343	4.075
2026-09-28T10:40:10.384Z	spark1	LOAD	20.990	7.396
2026-09-28T10:40:10.528Z	spark2	LOAD	23.343	4.075
2026-09-28T10:40:10.634Z	spark1	LOAD	21.066	7.396
2026-09-28T10:40:10.780Z	spark2	LOAD	23.343	4.075
2026-09-28T10:40:10.901Z	spark1	LOAD	21.110	7.396
2026-09-28T10:40:11.030Z	spark2	LOAD	23.345	4.075
2026-09-28T10:40:11.153Z	spark1	LOAD	21.215	7.395
2026-09-28T10:40:11.281Z	spark2	LOAD	23.345	4.075
2026-09-28T10:40:11.403Z	spark1	LOAD	21.597	7.395
2026-09-28T10:40:11.542Z	spark2	LOAD	23.345	4.075
2026-09-28T10:40:11.653Z	spark1	LOAD	21.582	7.395
2026-09-28T10:40:11.793Z	spark2	LOAD	23.345	4.075
2026-09-28T10:40:11.915Z	spark1	LOAD	21.582	7.395
2026-09-28T10:40:12.044Z	spark2	LOAD	23.346	4.075
2026-09-28T10:40:12.165Z	spark1	LOAD	21.570	7.395
2026-09-28T10:40:12.294Z	spark2	LOAD	23.346	4.075
2026-09-28T10:40:12.415Z	spark1	LOAD	21.565	7.395
2026-09-28T10:40:12.555Z	spark2	LOAD	23.346	4.075
2026-09-28T10:40:12.666Z	spark1	LOAD	21.565	7.395
2026-09-28T10:40:12.805Z	spark2	LOAD	23.346	4.075
2026-09-28T10:40:12.927Z	spark1	LOAD	21.567	7.395
2026-09-28T10:40:13.056Z	spark2	LOAD	23.348	4.075
2026-09-28T10:40:13.178Z	spark1	LOAD	21.556	7.395
2026-09-28T10:40:13.306Z	spark2	LOAD	23.348	4.075
2026-09-28T10:40:13.428Z	spark1	LOAD	21.521	7.395
2026-09-28T10:40:13.567Z	spark2	LOAD	23.348	4.075
2026-09-28T10:40:13.678Z	spark1	LOAD	21.521	7.395
2026-09-28T10:40:13.817Z	spark2	LOAD	23.348	4.075
2026-09-28T10:40:13.940Z	spark1	LOAD	21.514	7.395
2026-09-28T10:40:14.068Z	spark2	LOAD	23.349	4.075
2026-09-28T10:40:14.190Z	spark1	LOAD	21.508	7.395
2026-09-28T10:40:14.319Z	spark2	LOAD	23.349	4.075
2026-09-28T10:40:14.441Z	spark1	LOAD	21.500	7.395
2026-09-28T10:40:14.584Z	spark2	LOAD	23.349	4.075
2026-09-28T10:40:14.692Z	spark1	LOAD	21.491	7.395
2026-09-28T10:40:14.835Z	spark2	LOAD	23.349	4.075
2026-09-28T10:40:14.953Z	spark1	LOAD	21.487	7.395
2026-09-28T10:40:15.085Z	spark2	LOAD	23.349	4.075
2026-09-28T10:40:15.204Z	spark1	LOAD	21.473	7.395
2026-09-28T10:40:15.336Z	spark2	LOAD	23.349	4.075
2026-09-28T10:40:15.455Z	spark1	LOAD	21.434	7.395
2026-09-28T10:40:15.601Z	spark2	LOAD	23.349	4.075
2026-09-28T10:40:15.706Z	spark1	LOAD	21.421	7.395
2026-09-28T10:40:15.852Z	spark2	LOAD	23.349	4.075
2026-09-28T10:40:15.968Z	spark1	LOAD	21.415	7.395
2026-09-28T10:40:16.103Z	spark2	LOAD	23.349	4.075
2026-09-28T10:40:16.218Z	spark1	LOAD	21.414	7.395
2026-09-28T10:40:16.353Z	spark2	LOAD	23.349	4.075
2026-09-28T10:40:16.469Z	spark1	LOAD	21.397	7.395
2026-09-28T10:40:16.614Z	spark2	LOAD	23.349	4.075
2026-09-28T10:40:16.719Z	spark1	LOAD	21.393	7.395
2026-09-28T10:40:16.865Z	spark2	LOAD	23.350	4.075
2026-09-28T10:40:16.981Z	spark1	LOAD	21.381	7.395
2026-09-28T10:40:17.115Z	spark2	LOAD	23.350	4.075
2026-09-28T10:40:17.231Z	spark1	LOAD	21.380	7.395
2026-09-28T10:40:17.366Z	spark2	LOAD	23.350	4.075
2026-09-28T10:40:17.482Z	spark1	LOAD	21.355	7.395
2026-09-28T10:40:17.630Z	spark2	LOAD	23.350	4.075
2026-09-28T10:40:17.732Z	spark1	LOAD	21.331	7.395
2026-09-28T10:40:17.881Z	spark2	LOAD	23.350	4.075
2026-09-28T10:40:17.994Z	spark1	LOAD	21.325	7.395
2026-09-28T10:40:18.131Z	spark2	LOAD	23.350	4.075
2026-09-28T10:40:18.245Z	spark1	LOAD	21.316	7.395
2026-09-28T10:40:18.382Z	spark2	LOAD	23.335	4.075
2026-09-28T10:40:18.496Z	spark1	LOAD	21.307	7.395
2026-09-28T10:40:18.642Z	spark2	LOAD	23.356	4.075
2026-09-28T10:40:18.747Z	spark1	LOAD	21.274	7.395
2026-09-28T10:40:18.893Z	spark2	LOAD	23.356	4.075
2026-09-28T10:40:19.013Z	spark1	LOAD	21.271	7.395
2026-09-28T10:40:19.143Z	spark2	LOAD	23.356	4.075
2026-09-28T10:40:19.263Z	spark1	LOAD	21.269	7.395
2026-09-28T10:40:19.393Z	spark2	LOAD	23.356	4.075
2026-09-28T10:40:19.514Z	spark1	LOAD	21.238	7.395
2026-09-28T10:40:19.659Z	spark2	LOAD	23.356	4.075
2026-09-28T10:40:19.765Z	spark1	LOAD	21.224	7.395
2026-09-28T10:40:19.909Z	spark2	LOAD	23.356	4.075
2026-09-28T10:40:20.027Z	spark1	LOAD	21.209	7.395
2026-09-28T10:40:20.161Z	spark2	LOAD	23.356	4.075
2026-09-28T10:40:20.277Z	spark1	LOAD	21.209	7.395
2026-09-28T10:40:20.412Z	spark2	LOAD	23.356	4.075
2026-09-28T10:40:20.527Z	spark1	LOAD	21.194	7.395
2026-09-28T10:40:20.672Z	spark2	LOAD	23.356	4.075
2026-09-28T10:40:20.777Z	spark1	LOAD	21.187	7.395
2026-09-28T10:40:20.922Z	spark2	LOAD	23.356	4.075
2026-09-28T10:40:21.040Z	spark1	LOAD	22.403	7.395
2026-09-28T10:40:21.172Z	spark2	PROFILE	23.356	4.075
2026-09-28T10:40:21.290Z	spark1	PROFILE	22.398	7.395
2026-09-28T10:40:21.424Z	spark2	PROFILE	23.352	4.075
2026-09-28T10:40:21.541Z	spark1	PROFILE	22.392	7.395
2026-09-28T10:40:21.685Z	spark2	PROFILE	23.349	4.075
2026-09-28T10:40:21.792Z	spark1	PROFILE	22.392	7.395
2026-09-28T10:40:21.935Z	spark2	PROFILE	23.349	4.075
2026-09-28T10:40:22.054Z	spark1	PROFILE	22.290	7.395
2026-09-28T10:40:22.186Z	spark2	PROFILE	23.211	4.075
2026-09-28T10:40:22.305Z	spark1	PROFILE	22.145	7.395
2026-09-28T10:40:22.436Z	spark2	PROFILE	23.050	4.075
2026-09-28T10:40:22.555Z	spark1	PROFILE	22.068	7.395
2026-09-28T10:40:22.696Z	spark2	PROFILE	23.042	4.075
2026-09-28T10:40:22.805Z	spark1	PROFILE	22.068	7.395
2026-09-28T10:40:22.947Z	spark2	PROFILE	23.011	4.075
2026-09-28T10:40:23.071Z	spark1	PROFILE	22.032	7.395
2026-09-28T10:40:23.198Z	spark2	PROFILE	23.003	4.075
2026-09-28T10:40:23.322Z	spark1	PROFILE	22.035	7.395
2026-09-28T10:40:23.449Z	spark2	PROFILE	22.102	4.075
2026-09-28T10:40:23.572Z	spark1	PROFILE	20.090	7.394
2026-09-28T10:40:23.718Z	spark2	PROFILE	19.546	4.075
2026-09-28T10:40:23.822Z	spark1	PROFILE	19.001	7.394
2026-09-28T10:40:23.969Z	spark2	PROFILE	19.546	4.075
2026-09-28T10:40:24.085Z	spark1	PROFILE	19.002	7.394
2026-09-28T10:40:24.219Z	spark2	PROFILE	19.318	4.075
2026-09-28T10:40:24.336Z	spark1	PROFILE	18.654	7.394
2026-09-28T10:40:24.470Z	spark2	PROFILE	18.564	4.075
2026-09-28T10:40:24.587Z	spark1	PROFILE	18.008	7.394
2026-09-28T10:40:24.736Z	spark2	PROFILE	18.516	4.075
2026-09-28T10:40:24.837Z	spark1	PROFILE	16.743	7.394
2026-09-28T10:40:24.986Z	spark2	PROFILE	17.170	4.075
2026-09-28T10:40:25.104Z	spark1	PROFILE	16.624	7.394
2026-09-28T10:40:25.237Z	spark2	PROFILE	17.170	4.075
2026-09-28T10:40:25.355Z	spark1	PROFILE	16.624	7.394
2026-09-28T10:40:25.488Z	spark2	PROFILE	17.171	4.075
2026-09-28T10:40:25.605Z	spark1	PROFILE	16.261	7.394
2026-09-28T10:40:25.753Z	spark2	PROFILE	17.170	4.075
2026-09-28T10:40:25.855Z	spark1	PROFILE	16.182	7.394
2026-09-28T10:40:26.005Z	spark2	PROFILE	16.453	4.075
2026-09-28T10:40:26.122Z	spark1	PROFILE	16.092	7.394
2026-09-28T10:40:26.256Z	spark2	PROFILE	16.377	4.075
2026-09-28T10:40:26.372Z	spark1	PROFILE	16.082	7.394
2026-09-28T10:40:26.507Z	spark2	PROFILE	16.346	4.075
2026-09-28T10:40:26.623Z	spark1	PROFILE	16.045	7.394
2026-09-28T10:40:26.772Z	spark2	PROFILE	16.346	4.075
2026-09-28T10:40:26.874Z	spark1	PROFILE	16.022	7.394
2026-09-28T10:40:27.022Z	spark2	PROFILE	16.346	4.075
2026-09-28T10:40:27.141Z	spark1	PROFILE	15.961	7.394
2026-09-28T10:40:27.274Z	spark2	PROFILE	16.346	4.075
2026-09-28T10:40:27.391Z	spark1	PROFILE	15.930	7.394
2026-09-28T10:40:27.525Z	spark2	PROFILE	16.346	4.075
2026-09-28T10:40:27.642Z	spark1	PROFILE	15.913	7.394
2026-09-28T10:40:27.785Z	spark2	PROFILE	16.339	4.075
2026-09-28T10:40:27.892Z	spark1	PROFILE	15.850	7.394
2026-09-28T10:40:28.035Z	spark2	PROFILE	16.339	4.075
2026-09-28T10:40:28.159Z	spark1	PROFILE	15.820	7.394
2026-09-28T10:40:28.287Z	spark2	PROFILE	16.338	4.075
2026-09-28T10:40:28.410Z	spark1	PROFILE	15.814	7.394
2026-09-28T10:40:28.537Z	spark2	PROFILE	16.336	4.075
2026-09-28T10:40:28.660Z	spark1	PROFILE	15.747	7.394
2026-09-28T10:40:28.797Z	spark2	PROFILE	16.334	4.075
2026-09-28T10:40:28.910Z	spark1	PROFILE	15.714	7.394
2026-09-28T10:40:29.048Z	spark2	PROFILE	16.326	4.075
2026-09-28T10:40:29.172Z	spark1	PROFILE	15.668	7.394
2026-09-28T10:40:29.298Z	spark2	PROFILE	16.296	4.075
2026-09-28T10:40:29.422Z	spark1	PROFILE	15.645	7.394
2026-09-28T10:40:29.549Z	spark2	PROFILE	16.284	4.075
2026-09-28T10:40:29.672Z	spark1	PROFILE	15.591	7.394
2026-09-28T10:40:29.808Z	spark2	PROFILE	16.283	4.075
2026-09-28T10:40:29.923Z	spark1	PROFILE	15.559	7.394
2026-09-28T10:40:30.060Z	spark2	PROFILE	16.283	4.075
2026-09-28T10:40:30.186Z	spark1	PROFILE	15.544	7.394
2026-09-28T10:40:30.311Z	spark2	PROFILE	16.276	4.075
2026-09-28T10:40:30.436Z	spark1	PROFILE	15.498	7.394
2026-09-28T10:40:30.562Z	spark2	PROFILE	16.284	4.075
2026-09-28T10:40:30.687Z	spark1	PROFILE	15.515	7.394
2026-09-28T10:40:30.827Z	spark2	PROFILE	16.283	4.075
2026-09-28T10:40:30.938Z	spark1	PROFILE	15.437	7.394
2026-09-28T10:40:31.078Z	spark2	PROFILE	16.282	4.075
2026-09-28T10:40:31.205Z	spark1	PROFILE	15.431	7.394
2026-09-28T10:40:31.328Z	spark2	PROFILE	16.282	4.075
2026-09-28T10:40:31.455Z	spark1	PROFILE	15.416	7.394
2026-09-28T10:40:31.579Z	spark2	PROFILE	16.267	4.075
2026-09-28T10:40:31.706Z	spark1	PROFILE	15.370	7.394
2026-09-28T10:40:31.843Z	spark2	PROFILE	16.268	4.075
2026-09-28T10:40:31.957Z	spark1	PROFILE	15.344	7.394
2026-09-28T10:40:32.095Z	spark2	PROFILE	16.268	4.075
2026-09-28T10:40:32.224Z	spark1	PROFILE	15.320	7.394
2026-09-28T10:40:32.346Z	spark2	PROFILE	16.262	4.075
2026-09-28T10:40:32.474Z	spark1	PROFILE	15.266	7.394
2026-09-28T10:40:32.597Z	spark2	PROFILE	16.269	4.075
2026-09-28T10:40:32.725Z	spark1	PROFILE	15.258	7.394
2026-09-28T10:40:32.862Z	spark2	PROFILE	16.254	4.075
2026-09-28T10:40:32.976Z	spark1	PROFILE	15.281	7.394
2026-09-28T10:40:33.113Z	spark2	PROFILE	16.254	4.075
2026-09-28T10:40:33.243Z	spark1	PROFILE	16.126	7.394
2026-09-28T10:40:33.364Z	spark2	PROFILE	16.256	4.075
2026-09-28T10:40:33.493Z	spark1	PROFILE	15.547	7.394
2026-09-28T10:40:33.615Z	spark2	PROFILE	16.470	4.075
2026-09-28T10:40:33.744Z	spark1	PROFILE	14.946	7.393
2026-09-28T10:40:33.875Z	spark2	PROFILE	15.684	4.074
2026-09-28T10:40:33.995Z	spark1	PROFILE	14.905	7.392
2026-09-28T10:40:34.127Z	spark2	PROFILE	14.952	4.073
2026-09-28T10:40:34.257Z	spark1	PROFILE	14.892	7.392
2026-09-28T10:40:34.378Z	spark2	PROFILE	14.952	4.073
2026-09-28T10:40:34.508Z	spark1	PROFILE	14.892	7.392
2026-09-28T10:40:34.628Z	spark2	PROFILE	14.950	4.073
2026-09-28T10:40:34.759Z	spark1	PROFILE	14.890	7.392
2026-09-28T10:40:34.898Z	spark2	PROFILE	14.943	4.073
2026-09-28T10:40:35.010Z	spark1	PROFILE	14.890	7.392
2026-09-28T10:40:35.148Z	spark2	PROFILE	14.943	4.073
2026-09-28T10:40:35.277Z	spark1	PROFILE	14.889	7.392
2026-09-28T10:40:35.398Z	spark2	PROFILE	14.943	4.073
2026-09-28T10:40:35.528Z	spark1	PROFILE	14.889	7.392
2026-09-28T10:40:35.649Z	spark2	PROFILE	14.943	4.073
2026-09-28T10:40:35.778Z	spark1	PROFILE	14.889	7.392
2026-09-28T10:40:35.910Z	spark2	PROFILE	14.942	4.073
2026-09-28T10:40:36.029Z	spark1	PROFILE	14.857	7.392
2026-09-28T10:40:36.161Z	spark2	PROFILE	14.941	4.073
2026-09-28T10:40:36.300Z	spark1	PROFILE	14.856	7.392
2026-09-28T10:40:36.412Z	spark2	PROFILE	14.941	4.073
2026-09-28T10:40:36.551Z	spark1	PROFILE	14.856	7.392
2026-09-28T10:40:36.663Z	spark2	PROFILE	14.941	4.073
2026-09-28T10:40:36.802Z	spark1	PROFILE	14.856	7.392
2026-09-28T10:40:36.928Z	spark2	PROFILE	14.940	4.073
2026-09-28T10:40:37.052Z	spark1	PROFILE	14.856	7.392
2026-09-28T10:40:37.177Z	spark2	PROFILE	14.940	4.073
2026-09-28T10:40:37.317Z	spark1	PROFILE	14.853	7.392
2026-09-28T10:40:37.428Z	spark2	PROFILE	14.940	4.073
2026-09-28T10:40:37.568Z	spark1	PROFILE	14.853	7.392
2026-09-28T10:40:37.679Z	spark2	PROFILE	14.940	4.073
2026-09-28T10:40:37.819Z	spark1	PROFILE	14.853	7.392
2026-09-28T10:40:37.940Z	spark2	PROFILE	14.940	4.073
2026-09-28T10:40:38.069Z	spark1	PROFILE	14.837	7.392
2026-09-28T10:40:38.192Z	spark2	PROFILE	14.940	4.073
2026-09-28T10:40:38.332Z	spark1	PROFILE	14.836	7.392
2026-09-28T10:40:38.442Z	spark2	PROFILE	14.940	4.073
2026-09-28T10:40:38.583Z	spark1	PROFILE	14.836	7.392
2026-09-28T10:40:38.694Z	spark2	PROFILE	14.940	4.073
2026-09-28T10:40:38.833Z	spark1	PROFILE	14.836	7.392
2026-09-28T10:40:38.963Z	spark2	PROFILE	14.938	4.073
2026-09-28T10:40:39.084Z	spark1	PROFILE	14.837	7.392
2026-09-28T10:40:39.213Z	spark2	PROFILE	14.938	4.073
2026-09-28T10:40:39.357Z	spark1	PROFILE	14.836	7.392
2026-09-28T10:40:39.464Z	spark2	PROFILE	14.927	4.073
2026-09-28T10:40:39.607Z	spark1	PROFILE	14.820	7.391
2026-09-28T10:40:39.715Z	spark2	PROFILE	14.926	4.072
2026-09-28T10:40:39.858Z	spark1	PROFILE	14.705	7.391
2026-09-28T10:40:39.975Z	spark2	PROFILE	14.910	4.072
2026-09-28T10:40:40.108Z	spark1	PROFILE	14.267	7.391
2026-09-28T10:40:40.226Z	spark2	PROFILE	14.874	4.072
2026-09-28T10:40:40.373Z	spark1	PROFILE	14.271	7.391
2026-09-28T10:40:40.476Z	spark2	PROFILE	14.938	4.072
2026-09-28T10:40:40.623Z	spark1	PROFILE	14.879	7.391
2026-09-28T10:40:40.727Z	spark2	PROFILE	15.286	4.072
2026-09-28T10:40:40.874Z	spark1	PROFILE	14.866	7.391
2026-09-28T10:40:40.989Z	spark2	PROFILE	15.276	4.072
2026-09-28T10:40:41.124Z	spark1	PROFILE	14.859	7.391
2026-09-28T10:40:41.240Z	spark2	PROFILE	15.261	4.072
2026-09-28T10:40:41.387Z	spark1	PROFILE	14.841	7.391
2026-09-28T10:40:41.491Z	spark2	PROFILE	15.267	4.072
2026-09-28T10:40:41.637Z	spark1	PROFILE	14.843	7.391
2026-09-28T10:40:41.741Z	spark2	PROFILE	15.263	4.072
2026-09-28T10:40:41.888Z	spark1	PROFILE	14.838	7.391
2026-09-28T10:40:42.002Z	spark2	PROFILE	15.255	4.072
2026-09-28T10:40:42.138Z	spark1	PROFILE	14.787	7.391
2026-09-28T10:40:42.253Z	spark2	PROFILE	15.211	4.072
2026-09-28T10:40:42.400Z	spark1	PROFILE	14.790	7.391
2026-09-28T10:40:42.503Z	spark2	PROFILE	17.619	4.072
2026-09-28T10:40:42.651Z	spark1	PROFILE	14.741	7.391
2026-09-28T10:40:42.753Z	spark2	PROFILE	14.439	4.072
2026-09-28T10:40:42.902Z	spark1	PROFILE	17.899	7.391
2026-09-28T10:40:43.014Z	spark2	PROFILE	14.424	4.072
2026-09-28T10:40:43.152Z	spark1	PROFILE	13.823	7.391
2026-09-28T10:40:43.265Z	spark2	PROFILE	14.393	4.072
2026-09-28T10:40:43.415Z	spark1	PROFILE	13.774	7.391
2026-09-28T10:40:43.517Z	spark2	PROFILE	14.365	4.072
2026-09-28T10:40:43.666Z	spark1	PROFILE	13.747	7.391
2026-09-28T10:40:43.767Z	spark2	PROFILE	14.361	4.072
2026-09-28T10:40:43.916Z	spark1	PROFILE	13.743	7.391
2026-09-28T10:40:44.028Z	spark2	PROFILE	14.337	4.072
2026-09-28T10:40:44.166Z	spark1	PROFILE	13.702	7.391
2026-09-28T10:40:44.278Z	spark2	PROFILE	14.300	4.072
2026-09-28T10:40:44.434Z	spark1	PROFILE	13.661	7.391
2026-09-28T10:40:44.530Z	spark2	PROFILE	14.292	4.072
2026-09-28T10:40:44.684Z	spark1	PROFILE	13.661	7.391
2026-09-28T10:40:44.780Z	spark2	PROFILE	14.293	4.072
2026-09-28T10:40:44.935Z	spark1	PROFILE	13.662	7.391
2026-09-28T10:40:45.045Z	spark2	PROFILE	14.300	4.072
2026-09-28T10:40:45.185Z	spark1	PROFILE	13.663	7.391
2026-09-28T10:40:45.295Z	spark2	PROFILE	14.300	4.072
2026-09-28T10:40:45.456Z	spark1	PROFILE	13.664	7.391
2026-09-28T10:40:45.546Z	spark2	PROFILE	14.300	4.072
2026-09-28T10:40:45.706Z	spark1	PROFILE	13.663	7.391
2026-09-28T10:40:45.797Z	spark2	PROFILE	14.300	4.072
2026-09-28T10:40:45.957Z	spark1	PROFILE	13.658	7.391
2026-09-28T10:40:46.061Z	spark2	PROFILE	14.300	4.072
2026-09-28T10:40:46.207Z	spark1	PROFILE	13.659	7.391
2026-09-28T10:40:46.312Z	spark2	PROFILE	14.300	4.072
2026-09-28T10:40:46.475Z	spark1	PROFILE	13.611	7.391
2026-09-28T10:40:46.563Z	spark2	PROFILE	14.175	4.072
2026-09-28T10:40:46.726Z	spark1	PROFILE	13.394	7.391
2026-09-28T10:40:46.815Z	spark2	PROFILE	14.009	4.072
2026-09-28T10:40:46.976Z	spark1	KV_READY	14.599	7.391
2026-09-28T10:40:47.075Z	spark2	KV_READY	15.003	4.072
2026-09-28T10:40:47.227Z	spark1	KV_READY	12.717	7.391
2026-09-28T10:40:47.325Z	spark2	KV_READY	13.141	4.072
2026-09-28T10:40:47.493Z	spark1	KV_READY	12.712	7.391
2026-09-28T10:40:47.576Z	spark2	KV_READY	13.155	4.072
2026-09-28T10:40:47.743Z	spark1	KV_READY	12.702	7.391
2026-09-28T10:40:47.827Z	spark2	KV_READY	13.149	4.072
2026-09-28T10:40:47.994Z	spark1	KV_READY	12.703	7.391
2026-09-28T10:40:48.088Z	spark2	KV_READY	13.145	4.072
2026-09-28T10:40:48.245Z	spark1	KV_READY	12.697	7.391
2026-09-28T10:40:48.338Z	spark2	KV_READY	13.134	4.072
2026-09-28T10:40:48.507Z	spark1	KV_READY	12.670	7.391
2026-09-28T10:40:48.590Z	spark2	KV_READY	13.131	4.072
2026-09-28T10:40:48.757Z	spark1	KV_READY	12.665	7.391
2026-09-28T10:40:48.840Z	spark2	KV_READY	13.126	4.072
2026-09-28T10:40:49.008Z	spark1	KV_READY	12.660	7.391
2026-09-28T10:40:49.106Z	spark2	KV_READY	13.148	4.072
2026-09-28T10:40:49.259Z	spark1	KV_READY	12.658	7.391
2026-09-28T10:40:49.356Z	spark2	KV_READY	13.135	4.072
2026-09-28T10:40:49.527Z	spark1	KV_READY	12.523	7.391
2026-09-28T10:40:49.607Z	spark2	KV_READY	13.019	4.072
2026-09-28T10:40:49.777Z	spark1	KV_READY	12.422	7.391
2026-09-28T10:40:49.858Z	spark2	KV_READY	12.917	4.072
2026-09-28T10:40:50.028Z	spark1	KV_READY	12.422	7.391
2026-09-28T10:40:50.128Z	spark2	KV_READY	12.914	4.072
2026-09-28T10:40:50.279Z	spark1	KV_READY	12.422	7.391
2026-09-28T10:40:50.379Z	spark2	KV_READY	12.913	4.072
2026-09-28T10:40:50.548Z	spark1	KV_READY	12.387	7.391
2026-09-28T10:40:50.629Z	spark2	KV_READY	12.913	4.072
2026-09-28T10:40:50.798Z	spark1	KV_READY	12.387	7.390
2026-09-28T10:40:50.881Z	spark2	KV_READY	12.911	4.072
2026-09-28T10:40:51.049Z	spark1	KV_READY	11.985	7.390
2026-09-28T10:40:51.147Z	spark2	KV_READY	12.696	4.072
2026-09-28T10:40:51.299Z	spark1	KV_READY	12.172	7.390
2026-09-28T10:40:51.397Z	spark2	KV_READY	12.867	4.072
2026-09-28T10:40:51.566Z	spark1	KV_READY	12.120	7.390
2026-09-28T10:40:51.648Z	spark2	KV_READY	12.838	4.072
2026-09-28T10:40:51.817Z	spark1	KV_READY	12.129	7.390
2026-09-28T10:40:51.899Z	spark2	KV_READY	12.804	4.072
2026-09-28T10:40:52.067Z	spark1	KV_READY	12.017	7.389
2026-09-28T10:40:52.160Z	spark2	KV_READY	12.742	4.071
2026-09-28T10:40:52.318Z	spark1	KV_READY	12.022	7.389
2026-09-28T10:40:52.410Z	spark2	KV_READY	12.749	4.071
2026-09-28T10:40:52.585Z	spark1	KV_READY	11.980	7.389
2026-09-28T10:40:52.661Z	spark2	KV_READY	12.733	4.071
2026-09-28T10:40:52.836Z	spark1	KV_READY	11.981	7.389
2026-09-28T10:40:52.913Z	spark2	KV_READY	12.714	4.071
2026-09-28T10:40:53.086Z	spark1	KV_READY	11.924	7.389
2026-09-28T10:40:53.173Z	spark2	KV_READY	12.679	4.071
2026-09-28T10:40:53.336Z	spark1	KV_READY	11.903	7.389
2026-09-28T10:40:53.425Z	spark2	KV_READY	13.141	4.071
2026-09-28T10:40:53.598Z	spark1	KV_READY	11.813	7.389
2026-09-28T10:40:53.676Z	spark2	KV_READY	13.100	4.071
2026-09-28T10:40:53.849Z	spark1	KV_READY	11.812	7.389
2026-09-28T10:40:53.926Z	spark2	KV_READY	13.096	4.071
2026-09-28T10:40:54.099Z	spark1	KV_READY	11.813	7.389
2026-09-28T10:40:54.190Z	spark2	KV_READY	13.069	4.071
2026-09-28T10:40:54.349Z	spark1	KV_READY	11.801	7.389
2026-09-28T10:40:54.441Z	spark2	KV_READY	13.448	4.071
2026-09-28T10:40:54.611Z	spark1	KV_READY	12.180	7.389
2026-09-28T10:40:54.692Z	spark2	KV_READY	13.293	4.071
2026-09-28T10:40:54.862Z	spark1	KV_READY	12.055	7.389
2026-09-28T10:40:54.942Z	spark2	KV_READY	13.256	4.071
2026-09-28T10:40:55.113Z	spark1	KV_READY	11.940	7.389
2026-09-28T10:40:55.203Z	spark2	KV_READY	13.132	4.071
2026-09-28T10:40:55.363Z	spark1	KV_READY	11.904	7.388
2026-09-28T10:40:55.454Z	spark2	KV_READY	13.099	4.071
2026-09-28T10:40:55.637Z	spark1	KV_READY	11.904	7.388
2026-09-28T10:40:55.704Z	spark2	KV_READY	13.092	4.071
2026-09-28T10:40:55.888Z	spark1	KV_READY	11.903	7.388
2026-09-28T10:40:55.955Z	spark2	KV_READY	13.092	4.071
2026-09-28T10:40:56.139Z	spark1	KV_READY	11.906	7.388
2026-09-28T10:40:56.220Z	spark2	KV_READY	13.090	4.071
2026-09-28T10:40:56.389Z	spark1	KV_READY	11.860	7.388
2026-09-28T10:40:56.471Z	spark2	KV_READY	13.090	4.071
2026-09-28T10:40:56.656Z	spark1	KV_READY	11.656	7.388
2026-09-28T10:40:56.722Z	spark2	KV_READY	13.090	4.071
2026-09-28T10:40:56.906Z	spark1	KV_READY	11.657	7.388
2026-09-28T10:40:56.972Z	spark2	KV_READY	13.090	4.071
2026-09-28T10:40:57.156Z	spark1	KV_READY	11.618	7.388
2026-09-28T10:40:57.234Z	spark2	KV_READY	13.090	4.071
2026-09-28T10:40:57.407Z	spark1	KV_READY	11.610	7.388
2026-09-28T10:40:57.485Z	spark2	KV_READY	13.090	4.071
2026-09-28T10:40:57.669Z	spark1	KV_READY	11.610	7.388
2026-09-28T10:40:57.736Z	spark2	KV_READY	13.090	4.071
2026-09-28T10:40:57.920Z	spark1	KV_READY	11.611	7.388
2026-09-28T10:40:57.986Z	spark2	KV_READY	13.098	4.071
2026-09-28T10:40:58.171Z	spark1	KV_READY	11.611	7.388
2026-09-28T10:40:58.246Z	spark2	KV_READY	13.098	4.071
2026-09-28T10:40:58.421Z	spark1	KV_READY	11.610	7.388
2026-09-28T10:40:58.497Z	spark2	KV_READY	13.098	4.071
2026-09-28T10:40:58.683Z	spark1	KV_READY	11.610	7.388
2026-09-28T10:40:58.748Z	spark2	KV_READY	13.098	4.071
2026-09-28T10:40:58.934Z	spark1	KV_READY	11.607	7.388
2026-09-28T10:40:58.998Z	spark2	KV_READY	13.106	4.071
2026-09-28T10:40:59.185Z	spark1	KV_READY	11.615	7.387
2026-09-28T10:40:59.260Z	spark2	KV_READY	13.104	4.071
2026-09-28T10:40:59.435Z	spark1	KV_READY	11.613	7.387
2026-09-28T10:40:59.510Z	spark2	KV_READY	13.104	4.071
2026-09-28T10:40:59.698Z	spark1	KV_READY	11.613	7.387
2026-09-28T10:40:59.762Z	spark2	KV_READY	13.104	4.071
2026-09-28T10:40:59.948Z	spark1	KV_READY	11.618	7.387
2026-09-28T10:41:00.012Z	spark2	KV_READY	13.112	4.071
2026-09-28T10:41:00.199Z	spark1	KV_READY	11.626	7.387
2026-09-28T10:41:00.276Z	spark2	KV_READY	13.115	4.071
2026-09-28T10:41:00.450Z	spark1	KV_READY	11.620	7.387
2026-09-28T10:41:00.528Z	spark2	KV_READY	13.115	4.071
2026-09-28T10:41:00.712Z	spark1	KV_READY	11.612	7.387
2026-09-28T10:41:00.778Z	spark2	KV_READY	13.115	4.071
2026-09-28T10:41:00.962Z	spark1	KV_READY	12.375	7.387
2026-09-28T10:41:01.030Z	spark2	KV_READY	13.122	4.071
2026-09-28T10:41:01.213Z	spark1	KV_READY	12.366	7.387
2026-09-28T10:41:01.290Z	spark2	KV_READY	13.122	4.071
2026-09-28T10:41:01.463Z	spark1	KV_READY	12.357	7.386
2026-09-28T10:41:01.541Z	spark2	KV_READY	13.122	4.071
2026-09-28T10:41:01.726Z	spark1	KV_READY	12.300	7.386
2026-09-28T10:41:01.791Z	spark2	KV_READY	13.121	4.071
2026-09-28T10:41:01.976Z	spark1	KV_READY	12.292	7.386
2026-09-28T10:41:02.041Z	spark2	KV_READY	13.109	4.071
2026-09-28T10:41:02.226Z	spark1	KV_READY	12.280	7.386
2026-09-28T10:41:02.306Z	spark2	KV_READY	13.087	4.071
2026-09-28T10:41:02.477Z	spark1	KV_READY	12.260	7.386
2026-09-28T10:41:02.557Z	spark2	KV_READY	13.082	4.071
2026-09-28T10:41:02.740Z	spark1	KV_READY	11.923	7.386
2026-09-28T10:41:02.808Z	spark2	KV_READY	13.082	4.071
2026-09-28T10:41:02.991Z	spark1	KV_READY	11.745	7.386
2026-09-28T10:41:03.059Z	spark2	KV_READY	13.091	4.071
2026-09-28T10:41:03.242Z	spark1	KV_READY	11.745	7.386
2026-09-28T10:41:03.320Z	spark2	KV_READY	13.091	4.071
2026-09-28T10:41:03.493Z	spark1	KV_READY	11.678	7.386
2026-09-28T10:41:03.571Z	spark2	KV_READY	13.091	4.071
2026-09-28T10:41:03.759Z	spark1	KV_READY	11.637	7.386
2026-09-28T10:41:03.822Z	spark2	KV_READY	13.090	4.071
2026-09-28T10:41:04.010Z	spark1	KV_READY	11.603	7.386
2026-09-28T10:41:04.072Z	spark2	KV_READY	13.100	4.071
2026-09-28T10:41:04.260Z	spark1	KV_READY	11.570	7.386
2026-09-28T10:41:04.333Z	spark2	KV_READY	13.100	4.071
2026-09-28T10:41:04.510Z	spark1	KV_READY	11.528	7.386
2026-09-28T10:41:04.583Z	spark2	KV_READY	13.100	4.071
2026-09-28T10:41:04.778Z	spark1	KV_READY	11.502	7.386
2026-09-28T10:41:04.834Z	spark2	KV_READY	13.100	4.071
2026-09-28T10:41:05.028Z	spark1	KV_READY	11.483	7.386
2026-09-28T10:41:05.086Z	spark2	KV_READY	13.109	4.071
2026-09-28T10:41:05.278Z	spark1	KV_READY	11.444	7.386
2026-09-28T10:41:05.346Z	spark2	KV_READY	13.109	4.071
2026-09-28T10:41:05.529Z	spark1	KV_READY	11.431	7.386
2026-09-28T10:41:05.598Z	spark2	KV_READY	13.109	4.071
2026-09-28T10:41:05.791Z	spark1	KV_READY	11.421	7.386
2026-09-28T10:41:05.848Z	spark2	KV_READY	13.109	4.071
2026-09-28T10:41:06.041Z	spark1	KV_READY	11.412	7.386
2026-09-28T10:41:06.099Z	spark2	KV_READY	13.117	4.071
2026-09-28T10:41:06.292Z	spark1	KV_READY	11.396	7.386
2026-09-28T10:41:06.360Z	spark2	KV_READY	13.117	4.071
2026-09-28T10:41:06.542Z	spark1	KV_READY	11.389	7.386
2026-09-28T10:41:06.611Z	spark2	KV_READY	13.117	4.071
2026-09-28T10:41:06.809Z	spark1	KV_READY	11.379	7.386
2026-09-28T10:41:06.861Z	spark2	KV_READY	13.119	4.071
2026-09-28T10:41:07.059Z	spark1	KV_READY	11.338	7.386
2026-09-28T10:41:07.113Z	spark2	KV_READY	13.123	4.071
2026-09-28T10:41:07.310Z	spark1	KV_READY	11.313	7.386
2026-09-28T10:41:07.374Z	spark2	KV_READY	13.123	4.071
2026-09-28T10:41:07.561Z	spark1	KV_READY	11.293	7.386
2026-09-28T10:41:07.625Z	spark2	KV_READY	13.123	4.071
2026-09-28T10:41:07.823Z	spark1	KV_READY	11.282	7.386
2026-09-28T10:41:07.875Z	spark2	KV_READY	13.123	4.071
2026-09-28T10:41:08.073Z	spark1	KV_READY	11.263	7.386
2026-09-28T10:41:08.126Z	spark2	KV_READY	13.129	4.071
2026-09-28T10:41:08.324Z	spark1	KV_READY	11.255	7.386
2026-09-28T10:41:08.391Z	spark2	KV_READY	13.128	4.071
2026-09-28T10:41:08.574Z	spark1	KV_READY	11.247	7.386
2026-09-28T10:41:08.642Z	spark2	KV_READY	13.128	4.071
2026-09-28T10:41:08.837Z	spark1	KV_READY	11.240	7.386
2026-09-28T10:41:08.893Z	spark2	KV_READY	13.128	4.071
2026-09-28T10:41:09.088Z	spark1	KV_READY	11.207	7.386
2026-09-28T10:41:09.144Z	spark2	KV_READY	13.132	4.071
2026-09-28T10:41:09.338Z	spark1	KV_READY	11.199	7.386
2026-09-28T10:41:09.405Z	spark2	KV_READY	13.132	4.071
2026-09-28T10:41:09.588Z	spark1	KV_READY	11.190	7.386
2026-09-28T10:41:09.655Z	spark2	KV_READY	13.132	4.071
2026-09-28T10:41:09.855Z	spark1	KV_READY	11.174	7.386
2026-09-28T10:41:09.906Z	spark2	KV_READY	13.137	4.071
2026-09-28T10:41:10.106Z	spark1	KV_READY	11.167	7.386
2026-09-28T10:41:10.157Z	spark2	KV_READY	13.137	4.071
2026-09-28T10:41:10.357Z	spark1	KV_READY	11.164	7.386
2026-09-28T10:41:10.417Z	spark2	KV_READY	13.137	4.071
2026-09-28T10:41:10.607Z	spark1	KV_READY	11.152	7.386
2026-09-28T10:41:10.668Z	spark2	KV_READY	13.137	4.071
2026-09-28T10:41:10.870Z	spark1	KV_READY	11.143	7.386
2026-09-28T10:41:10.919Z	spark2	KV_READY	13.141	4.071
2026-09-28T10:41:11.120Z	spark1	KV_READY	11.135	7.385
2026-09-28T10:41:11.170Z	spark2	KV_READY	13.141	4.071
2026-09-28T10:41:11.370Z	spark1	KV_READY	11.127	7.385
2026-09-28T10:41:11.431Z	spark2	KV_READY	13.141	4.071
2026-09-28T10:41:11.621Z	spark1	KV_READY	11.125	7.385
2026-09-28T10:41:11.682Z	spark2	KV_READY	13.141	4.071
2026-09-28T10:41:11.888Z	spark1	KV_READY	11.117	7.384
2026-09-28T10:41:11.932Z	spark2	KV_READY	13.143	4.071
2026-09-28T10:41:12.138Z	spark1	KV_READY	11.110	7.384
2026-09-28T10:41:12.182Z	spark2	KV_READY	13.143	4.071
2026-09-28T10:41:12.389Z	spark1	KV_READY	11.100	7.384
2026-09-28T10:41:12.443Z	spark2	KV_READY	13.145	4.071
2026-09-28T10:41:12.639Z	spark1	KV_READY	11.068	7.383
2026-09-28T10:41:12.693Z	spark2	KV_READY	13.145	4.071
2026-09-28T10:41:12.906Z	spark1	KV_READY	11.053	7.382
2026-09-28T10:41:12.944Z	spark2	KV_READY	13.140	4.071
2026-09-28T10:41:13.156Z	spark1	KV_READY	11.039	7.380
2026-09-28T10:41:13.194Z	spark2	KV_READY	13.152	4.071
2026-09-28T10:41:13.407Z	spark1	KV_READY	11.028	7.380
2026-09-28T10:41:13.454Z	spark2	KV_READY	13.145	4.071
2026-09-28T10:41:13.657Z	spark1	KV_READY	11.000	7.379
2026-09-28T10:41:13.704Z	spark2	KV_READY	13.156	4.071
2026-09-28T10:41:13.924Z	spark1	KV_READY	10.986	7.379
2026-09-28T10:41:13.956Z	spark2	KV_READY	13.156	4.071
2026-09-28T10:41:14.174Z	spark1	KV_READY	10.986	7.379
2026-09-28T10:41:14.207Z	spark2	KV_READY	13.156	4.071
2026-09-28T10:41:14.425Z	spark1	KV_READY	10.978	7.378
2026-09-28T10:41:14.468Z	spark2	KV_READY	13.156	4.071
2026-09-28T10:41:14.675Z	spark1	KV_READY	10.978	7.377
2026-09-28T10:41:14.718Z	spark2	KV_READY	13.157	4.071
2026-09-28T10:41:14.943Z	spark1	KV_READY	10.968	7.377
2026-09-28T10:41:14.969Z	spark2	KV_READY	13.158	4.071
2026-09-28T10:41:15.193Z	spark1	KV_READY	10.930	7.377
2026-09-28T10:41:15.219Z	spark2	KV_READY	13.158	4.071
2026-09-28T10:41:15.443Z	spark1	KV_READY	10.919	7.376
2026-09-28T10:41:15.485Z	spark2	KV_READY	13.157	4.071
2026-09-28T10:41:15.693Z	spark1	KV_READY	10.919	7.376
2026-09-28T10:41:15.735Z	spark2	KV_READY	13.157	4.071
2026-09-28T10:41:15.960Z	spark1	KV_READY	10.916	7.376
2026-09-28T10:41:15.986Z	spark2	KV_READY	13.161	4.071
2026-09-28T10:41:16.211Z	spark1	KV_READY	10.908	7.376
2026-09-28T10:41:16.238Z	spark2	KV_READY	13.161	4.071
2026-09-28T10:41:16.461Z	spark1	KV_READY	10.891	7.376
2026-09-28T10:41:16.499Z	spark2	KV_READY	13.161	4.071
2026-09-28T10:41:16.711Z	spark1	KV_READY	10.883	7.376
2026-09-28T10:41:16.749Z	spark2	KV_READY	13.161	4.071
2026-09-28T10:41:16.974Z	spark1	KV_READY	10.877	7.376
2026-09-28T10:41:17.000Z	spark2	KV_READY	13.164	4.071
2026-09-28T10:41:17.224Z	spark1	KV_READY	10.836	7.376
2026-09-28T10:41:17.250Z	spark2	KV_READY	13.164	4.071
2026-09-28T10:41:17.474Z	spark1	KV_READY	10.836	7.376
2026-09-28T10:41:17.511Z	spark2	KV_READY	13.164	4.071
2026-09-28T10:41:17.724Z	spark1	KV_READY	10.826	7.376
2026-09-28T10:41:17.761Z	spark2	KV_READY	13.164	4.071
2026-09-28T10:41:17.987Z	spark1	KV_READY	10.822	7.376
2026-09-28T10:41:18.012Z	spark2	KV_READY	13.166	4.071
2026-09-28T10:41:18.238Z	spark1	KV_READY	10.812	7.376
2026-09-28T10:41:18.263Z	spark2	KV_READY	13.166	4.071
2026-09-28T10:41:18.488Z	spark1	KV_READY	10.796	7.376
2026-09-28T10:41:18.528Z	spark2	KV_READY	13.166	4.071
2026-09-28T10:41:18.739Z	spark1	KV_READY	10.781	7.376
2026-09-28T10:41:18.779Z	spark2	KV_READY	13.166	4.071
2026-09-28T10:41:19.000Z	spark1	KV_READY	10.777	7.376
2026-09-28T10:41:19.030Z	spark2	KV_READY	13.168	4.071
2026-09-28T10:41:19.251Z	spark1	KV_READY	10.757	7.376
2026-09-28T10:41:19.281Z	spark2	KV_READY	13.168	4.071
2026-09-28T10:41:19.502Z	spark1	KV_READY	10.747	7.375
2026-09-28T10:41:19.546Z	spark2	KV_READY	13.168	4.071
2026-09-28T10:41:19.752Z	spark1	KV_READY	10.737	7.375
2026-09-28T10:41:19.797Z	spark2	KV_READY	13.168	4.071
2026-09-28T10:41:20.014Z	spark1	KV_READY	10.738	7.375
2026-09-28T10:41:20.048Z	spark2	KV_READY	13.169	4.071
2026-09-28T10:41:20.265Z	spark1	KV_READY	10.728	7.375
2026-09-28T10:41:20.299Z	spark2	KV_READY	13.169	4.071
2026-09-28T10:41:20.516Z	spark1	KV_READY	10.713	7.375
2026-09-28T10:41:20.564Z	spark2	KV_READY	13.169	4.071
2026-09-28T10:41:20.766Z	spark1	KV_READY	10.706	7.375
2026-09-28T10:41:20.815Z	spark2	KV_READY	13.169	4.071
2026-09-28T10:41:21.033Z	spark1	KV_READY	10.706	7.375
2026-09-28T10:41:21.065Z	spark2	KV_READY	13.170	4.071
2026-09-28T10:41:21.283Z	spark1	KV_READY	10.698	7.375
2026-09-28T10:41:21.316Z	spark2	KV_READY	13.170	4.071
2026-09-28T10:41:21.534Z	spark1	KV_READY	10.674	7.375
2026-09-28T10:41:21.578Z	spark2	KV_READY	13.169	4.071
2026-09-28T10:41:21.784Z	spark1	KV_READY	10.656	7.375
2026-09-28T10:41:21.828Z	spark2	KV_READY	13.169	4.071
2026-09-28T10:41:22.047Z	spark1	KV_READY	10.653	7.375
2026-09-28T10:41:22.079Z	spark2	KV_READY	13.170	4.071
2026-09-28T10:41:22.298Z	spark1	KV_READY	10.654	7.375
2026-09-28T10:41:22.330Z	spark2	KV_READY	13.170	4.071
2026-09-28T10:41:22.548Z	spark1	KV_READY	10.644	7.375
2026-09-28T10:41:22.595Z	spark2	KV_READY	13.170	4.071
2026-09-28T10:41:22.799Z	spark1	KV_READY	10.633	7.375
2026-09-28T10:41:22.845Z	spark2	KV_READY	13.170	4.071
2026-09-28T10:41:23.065Z	spark1	KV_READY	10.633	7.375
2026-09-28T10:41:23.097Z	spark2	KV_READY	13.170	4.071
2026-09-28T10:41:23.317Z	spark1	KV_READY	10.619	7.375
2026-09-28T10:41:23.348Z	spark2	KV_READY	13.170	4.071
2026-09-28T10:41:23.567Z	spark1	KV_READY	10.603	7.375
2026-09-28T10:41:23.609Z	spark2	KV_READY	13.170	4.071
2026-09-28T10:41:23.817Z	spark1	KV_READY	10.553	7.375
2026-09-28T10:41:23.859Z	spark2	KV_READY	13.170	4.071
2026-09-28T10:41:24.084Z	spark1	KV_READY	10.541	7.375
2026-09-28T10:41:24.110Z	spark2	KV_READY	13.170	4.071
2026-09-28T10:41:24.335Z	spark1	KV_READY	10.533	7.375
2026-09-28T10:41:24.360Z	spark2	KV_READY	13.158	4.071
2026-09-28T10:41:24.585Z	spark1	KV_READY	10.506	7.375
2026-09-28T10:41:24.626Z	spark2	KV_READY	13.159	4.071
2026-09-28T10:41:24.835Z	spark1	KV_READY	10.499	7.375
2026-09-28T10:41:24.877Z	spark2	KV_READY	13.159	4.071
2026-09-28T10:41:25.097Z	spark1	KV_READY	10.505	7.375
2026-09-28T10:41:25.128Z	spark2	KV_READY	13.158	4.071
2026-09-28T10:41:25.347Z	spark1	KV_READY	10.495	7.375
2026-09-28T10:41:25.379Z	spark2	KV_READY	13.158	4.071
2026-09-28T10:41:25.598Z	spark1	KV_READY	10.462	7.375
2026-09-28T10:41:25.644Z	spark2	KV_READY	13.158	4.071
2026-09-28T10:41:25.848Z	spark1	KV_READY	10.446	7.375
2026-09-28T10:41:25.896Z	spark2	KV_READY	13.158	4.071
2026-09-28T10:41:26.109Z	spark1	KV_READY	10.452	7.375
2026-09-28T10:41:26.146Z	spark2	KV_READY	13.158	4.071
2026-09-28T10:41:26.360Z	spark1	KV_READY	10.437	7.375
2026-09-28T10:41:26.397Z	spark2	KV_READY	13.158	4.071
2026-09-28T10:41:26.610Z	spark1	KV_READY	10.429	7.375
2026-09-28T10:41:26.658Z	spark2	KV_READY	13.158	4.071
2026-09-28T10:41:26.861Z	spark1	KV_READY	10.417	7.375
2026-09-28T10:41:26.909Z	spark2	KV_READY	13.158	4.071
2026-09-28T10:41:27.128Z	spark1	KV_READY	10.439	7.375
2026-09-28T10:41:27.160Z	spark2	KV_READY	13.158	4.071
2026-09-28T10:41:27.378Z	spark1	KV_READY	10.295	7.372
2026-09-28T10:41:27.411Z	spark2	KV_READY	13.158	4.071
2026-09-28T10:41:27.628Z	spark1	KV_READY	10.167	7.349
2026-09-28T10:41:27.672Z	spark2	KV_READY	13.158	4.071
2026-09-28T10:41:27.878Z	spark1	KV_READY	10.142	7.341
2026-09-28T10:41:27.922Z	spark2	KV_READY	13.158	4.071
2026-09-28T10:41:28.143Z	spark1	KV_READY	10.156	7.341
2026-09-28T10:41:28.173Z	spark2	KV_READY	13.158	4.071
2026-09-28T10:41:28.394Z	spark1	KV_READY	10.128	7.329
2026-09-28T10:41:28.424Z	spark2	KV_READY	13.158	4.071
2026-09-28T10:41:28.644Z	spark1	KV_READY	10.089	7.298
2026-09-28T10:41:28.690Z	spark2	KV_READY	13.158	4.071
2026-09-28T10:41:28.894Z	spark1	KV_READY	10.051	7.271
2026-09-28T10:41:28.940Z	spark2	KV_READY	13.157	4.071
2026-09-28T10:41:29.156Z	spark1	KV_READY	10.028	7.243
2026-09-28T10:41:29.192Z	spark2	KV_READY	13.157	4.071
2026-09-28T10:41:29.406Z	spark1	KV_READY	10.002	7.242
2026-09-28T10:41:29.443Z	spark2	KV_READY	13.157	4.071
2026-09-28T10:41:29.657Z	spark1	KV_READY	9.981	7.242
2026-09-28T10:41:29.703Z	spark2	KV_READY	13.157	4.071
2026-09-28T10:41:29.908Z	spark1	KV_READY	9.946	7.241
2026-09-28T10:41:29.954Z	spark2	KV_READY	13.157	4.071
2026-09-28T10:41:30.174Z	spark1	KV_READY	11.161	7.241
2026-09-28T10:41:30.205Z	spark2	KV_READY	13.157	4.071
2026-09-28T10:41:30.425Z	spark1	KV_READY	10.834	7.241
2026-09-28T10:41:30.455Z	spark2	KV_READY	13.157	4.071
2026-09-28T10:41:30.675Z	spark1	KV_READY	10.881	7.241
2026-09-28T10:41:30.720Z	spark2	KV_READY	13.156	4.071
2026-09-28T10:41:30.926Z	spark1	KV_READY	11.012	7.241
2026-09-28T10:41:30.972Z	spark2	KV_READY	13.157	4.071
2026-09-28T10:41:31.192Z	spark1	KV_READY	11.003	7.241
2026-09-28T10:41:31.222Z	spark2	KV_READY	13.157	4.071
2026-09-28T10:41:31.442Z	spark1	KV_READY	10.916	7.241
2026-09-28T10:41:31.474Z	spark2	KV_READY	13.157	4.071
2026-09-28T10:41:31.693Z	spark1	KV_READY	10.869	7.241
2026-09-28T10:41:31.734Z	spark2	KV_READY	13.157	4.071
2026-09-28T10:41:31.943Z	spark1	KV_READY	10.814	7.241
2026-09-28T10:41:31.985Z	spark2	KV_READY	13.157	4.071
2026-09-28T10:41:32.210Z	spark1	KV_READY	10.791	7.241
2026-09-28T10:41:32.236Z	spark2	KV_READY	13.157	4.071
2026-09-28T10:41:32.461Z	spark1	KV_READY	10.706	7.241
2026-09-28T10:41:32.487Z	spark2	KV_READY	13.157	4.071
2026-09-28T10:41:32.711Z	spark1	KV_READY	10.601	7.241
2026-09-28T10:41:32.747Z	spark2	KV_READY	13.157	4.071
2026-09-28T10:41:32.962Z	spark1	KV_READY	10.565	7.241
2026-09-28T10:41:32.998Z	spark2	KV_READY	13.157	4.071
2026-09-28T10:41:33.224Z	spark1	KV_READY	10.475	7.241
2026-09-28T10:41:33.249Z	spark2	KV_READY	13.157	4.071
2026-09-28T10:41:33.475Z	spark1	KV_READY	10.428	7.241
2026-09-28T10:41:33.501Z	spark2	KV_READY	13.157	4.071
2026-09-28T10:41:33.725Z	spark1	KV_READY	10.344	7.241
2026-09-28T10:41:33.762Z	spark2	KV_READY	13.157	4.071
2026-09-28T10:41:33.976Z	spark1	KV_READY	10.288	7.241
2026-09-28T10:41:34.012Z	spark2	KV_READY	13.157	4.071
2026-09-28T10:41:34.242Z	spark1	KV_READY	10.226	7.241
2026-09-28T10:41:34.263Z	spark2	KV_READY	13.157	4.071
2026-09-28T10:41:34.492Z	spark1	KV_READY	10.207	7.241
2026-09-28T10:41:34.514Z	spark2	KV_READY	13.157	4.071
2026-09-28T10:41:34.742Z	spark1	KV_READY	10.153	7.241
2026-09-28T10:41:34.779Z	spark2	KV_READY	13.156	4.071
2026-09-28T10:41:34.993Z	spark1	KV_READY	10.254	7.241
2026-09-28T10:41:35.029Z	spark2	KV_READY	13.155	4.071
2026-09-28T10:41:35.260Z	spark1	KV_READY	10.025	7.241
2026-09-28T10:41:35.279Z	spark2	KV_READY	13.135	4.071
2026-09-28T10:41:35.510Z	spark1	KV_READY	10.000	7.241
2026-09-28T10:41:35.530Z	spark2	KV_READY	13.143	4.071
2026-09-28T10:41:35.760Z	spark1	KV_READY	9.920	7.241
2026-09-28T10:41:35.796Z	spark2	KV_READY	13.142	4.071
2026-09-28T10:41:36.011Z	spark1	KV_READY	9.905	7.241
2026-09-28T10:41:36.046Z	spark2	KV_READY	13.142	4.071
2026-09-28T10:41:36.274Z	spark1	KV_READY	9.817	7.241
2026-09-28T10:41:36.298Z	spark2	KV_READY	13.142	4.071
2026-09-28T10:41:36.524Z	spark1	KV_READY	9.698	7.241
2026-09-28T10:41:36.549Z	spark2	KV_READY	13.142	4.071
2026-09-28T10:41:36.774Z	spark1	KV_READY	9.670	7.241
2026-09-28T10:41:36.810Z	spark2	KV_READY	13.142	4.071
2026-09-28T10:41:37.024Z	spark1	KV_READY	9.581	7.241
2026-09-28T10:41:37.060Z	spark2	KV_READY	13.143	4.071
2026-09-28T10:41:37.290Z	spark1	KV_READY	9.390	7.241
2026-09-28T10:41:37.311Z	spark2	KV_READY	13.143	4.071
2026-09-28T10:41:37.542Z	spark1	KV_READY	9.090	7.241
2026-09-28T10:41:37.563Z	spark2	KV_READY	13.143	4.071
2026-09-28T10:41:37.792Z	spark1	KV_READY	9.166	7.241
2026-09-28T10:41:37.824Z	spark2	KV_READY	13.142	4.071
2026-09-28T10:41:38.043Z	spark1	KV_READY	9.021	7.241
2026-09-28T10:41:38.076Z	spark2	KV_READY	13.143	4.071
2026-09-28T10:41:38.305Z	spark1	KV_READY	8.928	7.241
2026-09-28T10:41:38.327Z	spark2	KV_READY	13.143	4.071
2026-09-28T10:41:38.556Z	spark1	KV_READY	8.870	7.241
2026-09-28T10:41:38.578Z	spark2	KV_READY	13.143	4.071
2026-09-28T10:41:38.806Z	spark1	KV_READY	8.781	7.241
2026-09-28T10:41:38.839Z	spark2	KV_READY	13.142	4.071
2026-09-28T10:41:39.057Z	spark1	KV_READY	8.687	7.241
2026-09-28T10:41:39.090Z	spark2	KV_READY	13.142	4.071
2026-09-28T10:41:39.319Z	spark1	KV_READY	8.633	7.241
2026-09-28T10:41:39.342Z	spark2	KV_READY	13.142	4.071
2026-09-28T10:41:39.570Z	spark1	KV_READY	8.631	7.241
2026-09-28T10:41:39.593Z	spark2	KV_READY	13.142	4.071
2026-09-28T10:41:39.821Z	spark1	KV_READY	8.631	7.241
2026-09-28T10:41:39.853Z	spark2	KV_READY	13.142	4.071
2026-09-28T10:41:40.072Z	spark1	KV_READY	8.573	7.241
2026-09-28T10:41:40.103Z	spark2	KV_READY	13.142	4.071
2026-09-28T10:41:40.339Z	spark1	KV_READY	8.588	7.241
2026-09-28T10:41:40.356Z	spark2	KV_READY	13.142	4.071
2026-09-28T10:41:40.590Z	spark1	KV_READY	8.423	7.241
2026-09-28T10:41:40.606Z	spark2	KV_READY	13.142	4.071
2026-09-28T10:41:40.841Z	spark1	KV_READY	8.179	7.266
2026-09-28T10:41:40.871Z	spark2	KV_READY	13.142	4.071
2026-09-28T10:41:41.092Z	spark1	KV_READY	8.114	7.350
2026-09-28T10:41:41.120Z	spark2	KV_READY	13.142	4.071
2026-09-28T10:41:41.359Z	spark1	KV_READY	7.912	7.398
2026-09-28T10:41:41.372Z	spark2	KV_READY	13.142	4.071
2026-09-28T10:41:41.609Z	spark1	KV_READY	10.182	7.398
2026-09-28T10:41:41.623Z	spark2	KV_READY	13.142	4.071
2026-09-28T10:41:41.860Z	spark1	KV_READY	10.136	7.398
2026-09-28T10:41:41.884Z	spark2	KV_READY	13.142	4.071
2026-09-28T10:41:42.111Z	spark1	KV_READY	10.095	7.398
2026-09-28T10:41:42.134Z	spark2	KV_READY	13.142	4.071
2026-09-28T10:41:42.373Z	spark1	KV_READY	10.078	7.398
2026-09-28T10:41:42.386Z	spark2	KV_READY	13.142	4.071
2026-09-28T10:41:42.623Z	spark1	KV_READY	10.056	7.398
2026-09-28T10:41:42.636Z	spark2	KV_READY	13.142	4.071
2026-09-28T10:41:42.873Z	spark1	KV_READY	10.055	7.398
2026-09-28T10:41:42.897Z	spark2	KV_READY	13.142	4.071
2026-09-28T10:41:43.124Z	spark1	KV_READY	9.852	7.398
2026-09-28T10:41:43.148Z	spark2	KV_READY	13.142	4.071
2026-09-28T10:41:43.391Z	spark1	KV_READY	10.609	7.398
2026-09-28T10:41:43.399Z	spark2	KV_READY	13.142	4.071
2026-09-28T10:41:43.641Z	spark1	KV_READY	10.297	7.398
2026-09-28T10:41:43.651Z	spark2	KV_READY	13.142	4.071
2026-09-28T10:41:43.892Z	spark1	KV_READY	10.208	7.398
2026-09-28T10:41:43.912Z	spark2	KV_READY	13.142	4.071
2026-09-28T10:41:44.142Z	spark1	KV_READY	10.172	7.398
2026-09-28T10:41:44.161Z	spark2	KV_READY	13.142	4.071
2026-09-28T10:41:44.410Z	spark1	KV_READY	9.958	7.398
2026-09-28T10:41:44.414Z	spark2	KV_READY	13.142	4.071
2026-09-28T10:41:44.660Z	spark1	KV_READY	9.044	7.398
2026-09-28T10:41:44.664Z	spark2	KV_READY	13.142	4.071
2026-09-28T10:41:44.911Z	spark1	KV_READY	8.788	7.398
2026-09-28T10:41:44.924Z	spark2	KV_READY	13.142	4.071
2026-09-28T10:41:45.161Z	spark1	KV_READY	7.590	7.398
2026-09-28T10:41:45.174Z	spark2	KV_READY	13.143	4.071
2026-09-28T10:41:45.423Z	spark1	KV_READY	7.361	7.398
2026-09-28T10:41:45.425Z	spark2	KV_READY	13.143	4.071
2026-09-28T10:41:45.673Z	spark1	KV_READY	7.303	7.398
2026-09-28T10:41:45.676Z	spark2	KV_READY	13.143	4.071
2026-09-28T10:41:45.924Z	spark1	KV_READY	7.298	7.398
2026-09-28T10:41:45.936Z	spark2	KV_READY	13.145	4.071
2026-09-28T10:41:46.175Z	spark1	SERVING	7.283	7.398
2026-09-28T10:41:46.187Z	spark2	SERVING	13.119	4.071
2026-09-28T10:41:46.437Z	spark1	SERVING	7.261	7.398
2026-09-28T10:41:47.452Z	spark1	SERVING	7.258	7.397
2026-09-28T10:41:48.204Z	spark1	SERVING	7.253	7.397
2026-09-28T10:41:48.471Z	spark1	SERVING	7.252	7.397
2026-09-28T10:41:48.974Z	spark1	SERVING	7.252	7.397
2026-09-28T10:41:49.487Z	spark1	SERVING	7.251	7.397
2026-09-28T10:41:50.239Z	spark1	SERVING	7.244	7.397
2026-09-28T10:41:50.506Z	spark1	SERVING	7.243	7.397
2026-09-28T10:41:51.265Z	spark2	SERVING	13.130	4.071
2026-09-28T10:41:55.579Z	spark1	SERVING	7.251	7.397
2026-09-28T10:41:56.332Z	spark2	SERVING	13.143	4.070
2026-09-28T10:41:56.597Z	spark1	SERVING	7.231	7.397
2026-09-28T10:41:56.848Z	spark1	SERVING	7.229	7.397
2026-09-28T10:41:57.349Z	spark1	SERVING	7.220	7.397
2026-09-28T10:41:57.843Z	spark2	SERVING	13.116	4.070
2026-09-28T10:41:58.629Z	spark1	SERVING	7.206	7.396
2026-09-28T10:41:58.855Z	spark2	SERVING	13.110	4.070
2026-09-28T10:41:59.115Z	spark2	SERVING	13.105	4.070
2026-09-28T10:41:59.381Z	spark1	SERVING	7.205	7.396
2026-09-28T10:41:59.894Z	spark1	SERVING	7.203	7.396
2026-09-28T10:42:00.130Z	spark2	SERVING	13.086	4.070
2026-09-28T10:42:00.144Z	spark1	SERVING	7.145	7.396
2026-09-28T10:42:00.380Z	spark2	SERVING	13.084	4.070
2026-09-28T10:42:00.395Z	spark1	SERVING	7.129	7.396
2026-09-28T10:42:00.631Z	spark2	SERVING	13.082	4.070
2026-09-28T10:42:00.665Z	spark1	SERVING	7.113	7.396
2026-09-28T10:42:00.882Z	spark2	SERVING	13.078	4.070
2026-09-28T10:42:00.916Z	spark1	SERVING	7.110	7.396
2026-09-28T10:42:02.190Z	spark1	SERVING	7.110	7.396
2026-09-28T10:42:02.717Z	spark1	SERVING	7.109	7.396
2026-09-28T10:42:05.997Z	spark2	SERVING	13.093	4.070
2026-09-28T10:42:07.850Z	spark1	SERVING	7.142	7.395
2026-09-28T10:42:08.307Z	spark2	SERVING	13.078	4.069
2026-09-28T10:42:12.961Z	spark1	SERVING	7.179	7.395
2026-09-28T10:42:13.429Z	spark2	SERVING	13.106	4.069
2026-09-28T10:42:18.094Z	spark1	SERVING	7.195	7.395
2026-09-28T10:42:18.540Z	spark2	SERVING	13.109	4.069
2026-09-28T10:42:23.219Z	spark1	SERVING	7.202	7.395
2026-09-28T10:42:23.647Z	spark2	SERVING	13.110	4.069
2026-09-28T10:42:28.344Z	spark1	SERVING	7.209	7.395
2026-09-28T10:42:28.765Z	spark2	SERVING	13.110	4.069
2026-09-28T10:42:33.477Z	spark1	SERVING	7.181	7.394
2026-09-28T10:42:33.869Z	spark2	SERVING	13.102	4.069
2026-09-28T10:42:38.609Z	spark1	SERVING	7.196	7.394
2026-09-28T10:42:38.980Z	spark2	SERVING	13.105	4.069
2026-09-28T10:42:43.738Z	spark1	SERVING	7.182	7.394
2026-09-28T10:42:44.089Z	spark2	SERVING	13.099	4.069
2026-09-28T10:42:48.866Z	spark1	SERVING	7.199	7.394
2026-09-28T10:42:49.201Z	spark2	SERVING	13.104	4.069
2026-09-28T10:42:54.009Z	spark1	SERVING	7.201	7.394
2026-09-28T10:42:54.319Z	spark2	SERVING	13.089	4.069
2026-09-28T10:42:59.141Z	spark1	SERVING	7.228	7.394
2026-09-28T10:42:59.434Z	spark2	SERVING	13.093	4.069
2026-09-28T10:43:04.272Z	spark1	SERVING	7.201	7.394
2026-09-28T10:43:04.549Z	spark2	SERVING	13.086	4.069
2026-09-28T10:43:09.397Z	spark1	SERVING	7.204	7.394
2026-09-28T10:43:09.663Z	spark2	SERVING	13.097	4.069
2026-09-28T10:43:14.524Z	spark1	SERVING	7.199	7.393
2026-09-28T10:43:14.775Z	spark2	SERVING	13.097	4.069
2026-09-28T10:43:19.655Z	spark1	SERVING	7.202	7.392
2026-09-28T10:43:19.888Z	spark2	SERVING	13.094	4.069
2026-09-28T10:43:24.781Z	spark1	SERVING	7.196	7.392
2026-09-28T10:43:24.997Z	spark2	SERVING	13.094	4.069
2026-09-28T10:43:27.541Z	spark2	SERVING	13.076	4.069
2026-09-28T10:43:29.892Z	spark1	SERVING	8.192	7.392
2026-09-28T10:43:32.654Z	spark2	SERVING	14.315	4.069
2026-09-28T10:43:35.001Z	spark1	SERVING	8.184	7.392
2026-09-28T10:43:37.767Z	spark2	SERVING	14.318	4.069
2026-09-28T10:43:40.118Z	spark1	SERVING	8.147	7.392
2026-09-28T10:43:42.874Z	spark2	SERVING	14.333	4.069
2026-09-28T10:43:45.244Z	spark1	SERVING	8.183	7.392
2026-09-28T10:43:47.980Z	spark2	SERVING	14.334	4.069
2026-09-28T10:43:50.369Z	spark1	SERVING	8.170	7.391
2026-09-28T10:43:53.085Z	spark2	SERVING	14.336	4.069
2026-09-28T10:43:55.502Z	spark1	SERVING	8.133	7.391
2026-09-28T10:43:58.199Z	spark2	SERVING	14.336	4.069
2026-09-28T10:44:00.620Z	spark1	SERVING	8.149	7.391
2026-09-28T10:44:03.312Z	spark2	SERVING	14.324	4.069
2026-09-28T10:44:05.730Z	spark1	SERVING	8.147	7.391
2026-09-28T10:44:08.422Z	spark2	SERVING	14.332	4.069
2026-09-28T10:44:10.849Z	spark1	SERVING	8.170	7.391
2026-09-28T10:44:13.531Z	spark2	SERVING	14.347	4.069
2026-09-28T10:44:15.981Z	spark1	SERVING	8.141	7.391
2026-09-28T10:44:18.646Z	spark2	SERVING	14.348	4.069
2026-09-28T10:44:21.114Z	spark1	SERVING	7.987	7.391
2026-09-28T10:44:23.758Z	spark2	SERVING	14.356	4.069
2026-09-28T10:44:26.235Z	spark1	SERVING	8.127	7.390
2026-09-28T10:44:28.864Z	spark2	SERVING	14.356	4.068
2026-09-28T10:44:31.354Z	spark1	SERVING	8.132	7.390
2026-09-28T10:44:33.980Z	spark2	SERVING	14.355	4.068
2026-09-28T10:44:36.491Z	spark1	SERVING	8.100	7.387
2026-09-28T10:44:39.095Z	spark2	SERVING	14.345	4.068
2026-09-28T10:44:41.627Z	spark1	SERVING	8.115	7.386
2026-09-28T10:44:44.212Z	spark2	SERVING	14.345	4.068
2026-09-28T10:44:46.753Z	spark1	SERVING	8.102	7.386
2026-09-28T10:44:49.329Z	spark2	SERVING	14.341	4.068
2026-09-28T10:44:51.894Z	spark1	SERVING	8.118	7.386
2026-09-28T10:44:54.445Z	spark2	SERVING	14.342	4.068
2026-09-28T10:44:57.044Z	spark1	SERVING	7.986	7.386
2026-09-28T10:44:59.553Z	spark2	SERVING	14.343	4.068
2026-09-28T10:45:02.186Z	spark1	SERVING	7.861	7.386
2026-09-28T10:45:04.667Z	spark2	SERVING	14.343	4.068
2026-09-28T10:45:07.319Z	spark1	SERVING	8.001	7.386
2026-09-28T10:45:09.778Z	spark2	SERVING	14.329	4.068
2026-09-28T10:45:12.458Z	spark1	SERVING	7.930	7.386
2026-09-28T10:45:14.892Z	spark2	SERVING	14.335	4.068
2026-09-28T10:45:17.594Z	spark1	SERVING	8.040	7.385
2026-09-28T10:45:20.002Z	spark2	SERVING	14.343	4.068
2026-09-28T10:45:22.723Z	spark1	SERVING	8.647	7.385
2026-09-28T10:45:25.112Z	spark2	SERVING	15.000	4.068
2026-09-28T10:45:27.847Z	spark1	SERVING	8.689	7.385
2026-09-28T10:45:30.230Z	spark2	SERVING	15.000	4.068
2026-09-28T10:45:32.972Z	spark1	SERVING	8.717	7.385
2026-09-28T10:45:35.346Z	spark2	SERVING	14.985	4.068
2026-09-28T10:45:38.102Z	spark1	SERVING	8.746	7.385
2026-09-28T10:45:40.452Z	spark2	SERVING	14.996	4.068
2026-09-28T10:45:43.222Z	spark1	SERVING	8.767	7.384
2026-09-28T10:45:45.571Z	spark2	SERVING	14.999	4.068
2026-09-28T10:45:48.354Z	spark1	SERVING	8.756	7.384
2026-09-28T10:45:50.685Z	spark2	SERVING	15.002	4.068
2026-09-28T10:45:53.487Z	spark1	SERVING	8.732	7.384
2026-09-28T10:45:55.806Z	spark2	SERVING	14.997	4.068
2026-09-28T10:45:58.621Z	spark1	SERVING	8.756	7.384
2026-09-28T10:46:00.918Z	spark2	SERVING	15.003	4.068
2026-09-28T10:46:03.757Z	spark1	SERVING	8.644	7.384
2026-09-28T10:46:06.033Z	spark2	SERVING	15.015	4.067
2026-09-28T10:46:08.897Z	spark1	SERVING	8.658	7.384
2026-09-28T10:46:11.150Z	spark2	SERVING	15.009	4.067
2026-09-28T10:46:14.025Z	spark1	SERVING	8.575	7.384
2026-09-28T10:46:16.267Z	spark2	SERVING	14.991	4.067
2026-09-28T10:46:19.157Z	spark1	SERVING	8.560	7.384
2026-09-28T10:46:21.392Z	spark2	SERVING	14.959	4.067
2026-09-28T10:46:24.294Z	spark1	SERVING	8.517	7.384
2026-09-28T10:46:26.508Z	spark2	SERVING	14.977	4.067
2026-09-28T10:46:29.432Z	spark1	SERVING	8.672	7.384
2026-09-28T10:46:31.621Z	spark2	SERVING	14.991	4.067
2026-09-28T10:46:34.565Z	spark1	SERVING	8.678	7.384
2026-09-28T10:46:36.737Z	spark2	SERVING	15.002	4.067
2026-09-28T10:46:39.689Z	spark1	SERVING	8.474	7.384
2026-09-28T10:46:41.849Z	spark2	SERVING	14.973	4.067
2026-09-28T10:46:44.824Z	spark1	SERVING	8.613	7.384
2026-09-28T10:46:46.966Z	spark2	SERVING	14.979	4.067
2026-09-28T10:46:49.942Z	spark1	SERVING	8.691	7.384
2026-09-28T10:46:52.070Z	spark2	SERVING	14.965	4.067
2026-09-28T10:46:55.063Z	spark1	SERVING	8.712	7.384
2026-09-28T10:46:57.181Z	spark2	SERVING	14.970	4.067
2026-09-28T10:47:00.190Z	spark1	SERVING	8.736	7.384
2026-09-28T10:47:02.296Z	spark2	SERVING	14.977	4.067
2026-09-28T10:47:05.311Z	spark1	SERVING	8.728	7.383
2026-09-28T10:47:07.409Z	spark2	SERVING	14.977	4.067
2026-09-28T10:47:10.440Z	spark1	SERVING	8.759	7.383
2026-09-28T10:47:12.518Z	spark2	SERVING	14.965	4.066
2026-09-28T10:47:15.562Z	spark1	SERVING	8.708	7.383
2026-09-28T10:47:17.634Z	spark2	SERVING	14.968	4.066
2026-09-28T10:47:20.697Z	spark1	SERVING	8.754	7.382
2026-09-28T10:47:22.747Z	spark2	SERVING	14.968	4.066
2026-09-28T10:47:25.837Z	spark1	SERVING	8.464	7.382
2026-09-28T10:47:27.866Z	spark2	SERVING	14.967	4.066
2026-09-28T10:47:30.966Z	spark1	SERVING	8.686	7.382
2026-09-28T10:47:32.978Z	spark2	SERVING	14.971	4.066
2026-09-28T10:47:36.088Z	spark1	SERVING	8.664	7.382
2026-09-28T10:47:38.099Z	spark2	SERVING	14.967	4.066
2026-09-28T10:47:41.210Z	spark1	SERVING	8.692	7.382
2026-09-28T10:47:43.210Z	spark2	SERVING	14.973	4.066
2026-09-28T10:47:46.334Z	spark1	SERVING	8.707	7.382
2026-09-28T10:47:48.309Z	spark2	SERVING	14.963	4.066
2026-09-28T10:47:51.472Z	spark1	SERVING	8.738	7.382
2026-09-28T10:47:53.423Z	spark2	SERVING	14.965	4.066
2026-09-28T10:47:56.604Z	spark1	SERVING	8.740	7.382
2026-09-28T10:47:58.545Z	spark2	SERVING	14.970	4.066
2026-09-28T10:48:01.736Z	spark1	SERVING	8.750	7.382
2026-09-28T10:48:03.661Z	spark2	SERVING	14.971	4.066
2026-09-28T10:48:06.866Z	spark1	SERVING	8.755	7.382
2026-09-28T10:48:08.771Z	spark2	SERVING	14.970	4.066
2026-09-28T10:48:11.998Z	spark1	SERVING	8.536	7.382
2026-09-28T10:48:13.885Z	spark2	SERVING	14.974	4.066
2026-09-28T10:48:17.176Z	spark1	SERVING	8.664	7.382
2026-09-28T10:48:18.987Z	spark2	SERVING	14.979	4.066
2026-09-28T10:48:22.305Z	spark1	SERVING	8.690	7.382
2026-09-28T10:48:24.110Z	spark2	SERVING	14.962	4.066
2026-09-28T10:48:27.437Z	spark1	SERVING	8.710	7.382
2026-09-28T10:48:29.232Z	spark2	SERVING	14.965	4.066
2026-09-28T10:48:32.561Z	spark1	SERVING	8.717	7.382
2026-09-28T10:48:34.349Z	spark2	SERVING	14.964	4.066
2026-09-28T10:48:37.696Z	spark1	SERVING	8.714	7.382
2026-09-28T10:48:39.466Z	spark2	SERVING	14.973	4.066
2026-09-28T10:48:42.820Z	spark1	SERVING	8.696	7.382
2026-09-28T10:48:44.578Z	spark2	SERVING	14.969	4.066
2026-09-28T10:48:47.953Z	spark1	SERVING	8.733	7.382
2026-09-28T10:48:49.692Z	spark2	SERVING	14.970	4.066
2026-09-28T10:48:53.083Z	spark1	SERVING	8.731	7.381
2026-09-28T10:48:54.812Z	spark2	SERVING	14.962	4.066
2026-09-28T10:48:58.216Z	spark1	SERVING	8.741	7.381
2026-09-28T10:48:59.926Z	spark2	SERVING	14.967	4.066
2026-09-28T10:49:03.335Z	spark1	SERVING	8.743	7.381
2026-09-28T10:49:05.041Z	spark2	SERVING	14.963	4.066
2026-09-28T10:49:08.471Z	spark1	SERVING	8.732	7.381
2026-09-28T10:49:10.155Z	spark2	SERVING	14.965	4.066
2026-09-28T10:49:13.594Z	spark1	SERVING	8.724	7.381
2026-09-28T10:49:15.266Z	spark2	SERVING	14.967	4.066
2026-09-28T10:49:18.739Z	spark1	SERVING	8.715	7.381
2026-09-28T10:49:20.385Z	spark2	SERVING	14.979	4.066
2026-09-28T10:49:23.879Z	spark1	SERVING	8.733	7.381
2026-09-28T10:49:25.495Z	spark2	SERVING	14.979	4.066
2026-09-28T10:49:29.004Z	spark1	SERVING	8.733	7.381
2026-09-28T10:49:30.607Z	spark2	SERVING	14.969	4.065
2026-09-28T10:49:34.129Z	spark1	SERVING	8.753	7.381
2026-09-28T10:49:35.723Z	spark2	SERVING	14.969	4.065
2026-09-28T10:49:39.255Z	spark1	SERVING	8.733	7.381
2026-09-28T10:49:40.838Z	spark2	SERVING	14.976	4.065
2026-09-28T10:49:44.381Z	spark1	SERVING	8.719	7.380
2026-09-28T10:49:45.954Z	spark2	SERVING	14.979	4.065
2026-09-28T10:49:49.509Z	spark1	SERVING	8.719	7.380
2026-09-28T10:49:51.057Z	spark2	SERVING	14.960	4.065
2026-09-28T10:49:54.637Z	spark1	SERVING	8.734	7.380
2026-09-28T10:49:56.169Z	spark2	SERVING	14.967	4.065
2026-09-28T10:49:59.774Z	spark1	SERVING	8.713	7.380
2026-09-28T10:50:01.283Z	spark2	SERVING	14.967	4.065
2026-09-28T10:50:04.924Z	spark1	SERVING	8.661	7.376
2026-09-28T10:50:06.395Z	spark2	SERVING	14.976	4.065
2026-09-28T10:50:10.058Z	spark1	SERVING	8.694	7.375
2026-09-28T10:50:11.511Z	spark2	SERVING	14.982	4.065
2026-09-28T10:50:15.194Z	spark1	SERVING	8.686	7.375
2026-09-28T10:50:16.620Z	spark2	SERVING	14.971	4.065
2026-09-28T10:50:20.310Z	spark1	SERVING	8.701	7.375
2026-09-28T10:50:21.735Z	spark2	SERVING	14.973	4.065
2026-09-28T10:50:25.430Z	spark1	SERVING	8.696	7.374
2026-09-28T10:50:26.849Z	spark2	SERVING	14.974	4.065
2026-09-28T10:50:30.548Z	spark1	SERVING	8.716	7.374
2026-09-28T10:50:31.963Z	spark2	SERVING	14.976	4.065
2026-09-28T10:50:35.679Z	spark1	SERVING	8.663	7.374
2026-09-28T10:50:37.085Z	spark2	SERVING	14.970	4.065
2026-09-28T10:50:40.807Z	spark1	SERVING	8.605	7.374
2026-09-28T10:50:42.204Z	spark2	SERVING	14.974	4.065
2026-09-28T10:50:45.932Z	spark1	SERVING	8.658	7.374
2026-09-28T10:50:47.316Z	spark2	SERVING	14.963	4.065
2026-09-28T10:50:51.055Z	spark1	SERVING	8.674	7.374
2026-09-28T10:50:52.429Z	spark2	SERVING	14.965	4.065
2026-09-28T10:50:56.175Z	spark1	SERVING	8.682	7.374
2026-09-28T10:50:57.553Z	spark2	SERVING	14.953	4.065
2026-09-28T10:51:01.305Z	spark1	SERVING	8.682	7.374
2026-09-28T10:51:02.677Z	spark2	SERVING	14.959	4.065
2026-09-28T10:51:06.439Z	spark1	SERVING	8.706	7.374
2026-09-28T10:51:07.793Z	spark2	SERVING	14.959	4.065
2026-09-28T10:51:11.552Z	spark1	SERVING	8.664	7.373
2026-09-28T10:51:12.915Z	spark2	SERVING	14.974	4.065
2026-09-28T10:51:16.686Z	spark1	SERVING	8.690	7.373
2026-09-28T10:51:18.029Z	spark2	SERVING	14.974	4.065
2026-09-28T10:51:21.825Z	spark1	SERVING	8.683	7.373
2026-09-28T10:51:23.143Z	spark2	SERVING	14.989	4.065
2026-09-28T10:51:26.952Z	spark1	SERVING	8.687	7.373
2026-09-28T10:51:28.257Z	spark2	SERVING	14.989	4.065
2026-09-28T10:51:32.082Z	spark1	SERVING	8.704	7.373
2026-09-28T10:51:33.374Z	spark2	SERVING	14.978	4.065
2026-09-28T10:51:37.213Z	spark1	SERVING	8.693	7.373
2026-09-28T10:51:38.497Z	spark2	SERVING	14.978	4.065
2026-09-28T10:51:42.353Z	spark1	SERVING	8.695	7.372
2026-09-28T10:51:43.619Z	spark2	SERVING	14.965	4.065
2026-09-28T10:51:47.485Z	spark1	SERVING	8.682	7.372
2026-09-28T10:51:48.732Z	spark2	SERVING	14.968	4.065
2026-09-28T10:51:52.610Z	spark1	SERVING	8.671	7.372
2026-09-28T10:51:53.850Z	spark2	SERVING	14.986	4.065
2026-09-28T10:51:57.743Z	spark1	SERVING	8.687	7.372
2026-09-28T10:51:58.970Z	spark2	SERVING	14.986	4.065
2026-09-28T10:52:02.870Z	spark1	SERVING	8.717	7.372
2026-09-28T10:52:04.087Z	spark2	SERVING	14.995	4.065
2026-09-28T10:52:07.996Z	spark1	SERVING	8.689	7.372
2026-09-28T10:52:09.200Z	spark2	SERVING	14.986	4.065
2026-09-28T10:52:13.126Z	spark1	SERVING	8.687	7.372
2026-09-28T10:52:14.307Z	spark2	SERVING	14.986	4.065
2026-09-28T10:52:18.251Z	spark1	SERVING	8.673	7.372
2026-09-28T10:52:19.421Z	spark2	SERVING	14.998	4.065
2026-09-28T10:52:23.392Z	spark1	SERVING	8.589	7.368
2026-09-28T10:52:24.537Z	spark2	SERVING	14.997	4.065
2026-09-28T10:52:28.517Z	spark1	SERVING	8.563	7.368
2026-09-28T10:52:29.647Z	spark2	SERVING	14.987	4.065
2026-09-28T10:52:33.653Z	spark1	SERVING	8.572	7.368
2026-09-28T10:52:34.759Z	spark2	SERVING	14.989	4.065
2026-09-28T10:52:38.777Z	spark1	SERVING	8.576	7.368
2026-09-28T10:52:39.871Z	spark2	SERVING	14.989	4.065
2026-09-28T10:52:43.911Z	spark1	SERVING	8.566	7.368
2026-09-28T10:52:44.984Z	spark2	SERVING	14.989	4.065
2026-09-28T10:52:49.031Z	spark1	SERVING	8.570	7.368
2026-09-28T10:52:50.095Z	spark2	SERVING	14.971	4.065
2026-09-28T10:52:54.172Z	spark1	SERVING	8.571	7.368
2026-09-28T10:52:55.216Z	spark2	SERVING	14.978	4.065
2026-09-28T10:52:59.304Z	spark1	SERVING	8.591	7.367
2026-09-28T10:53:00.337Z	spark2	SERVING	14.969	4.065
2026-09-28T10:53:04.431Z	spark1	SERVING	8.587	7.367
2026-09-28T10:53:05.454Z	spark2	SERVING	14.974	4.065
2026-09-28T10:53:09.566Z	spark1	SERVING	8.580	7.367
2026-09-28T10:53:10.559Z	spark2	SERVING	14.977	4.064
2026-09-28T10:53:14.690Z	spark1	SERVING	8.575	7.367
2026-09-28T10:53:15.679Z	spark2	SERVING	14.980	4.064
2026-09-28T10:53:19.823Z	spark1	SERVING	8.586	7.366
2026-09-28T10:53:20.801Z	spark2	SERVING	14.982	4.064
2026-09-28T10:53:24.951Z	spark1	SERVING	8.589	7.366
2026-09-28T10:53:25.915Z	spark2	SERVING	14.963	4.064
2026-09-28T10:53:30.078Z	spark1	SERVING	8.586	7.366
2026-09-28T10:53:31.022Z	spark2	SERVING	14.970	4.064
2026-09-28T10:53:35.211Z	spark1	SERVING	8.580	7.366
2026-09-28T10:53:36.135Z	spark2	SERVING	14.961	4.064
2026-09-28T10:53:40.331Z	spark1	SERVING	8.590	7.366
2026-09-28T10:53:41.248Z	spark2	SERVING	14.963	4.064
2026-09-28T10:53:45.456Z	spark1	SERVING	8.578	7.366
2026-09-28T10:53:46.363Z	spark2	SERVING	14.949	4.064
2026-09-28T10:53:50.586Z	spark1	SERVING	8.560	7.366
2026-09-28T10:53:51.482Z	spark2	SERVING	14.958	4.064
2026-09-28T10:53:55.716Z	spark1	SERVING	8.566	7.366
2026-09-28T10:53:56.605Z	spark2	SERVING	14.955	4.064
2026-09-28T10:54:00.853Z	spark1	SERVING	8.579	7.366
2026-09-28T10:54:01.729Z	spark2	SERVING	14.958	4.064
2026-09-28T10:54:05.989Z	spark1	SERVING	8.561	7.366
2026-09-28T10:54:06.850Z	spark2	SERVING	14.962	4.064
2026-09-28T10:54:11.128Z	spark1	SERVING	8.560	7.366
2026-09-28T10:54:11.965Z	spark2	SERVING	14.945	4.064
2026-09-28T10:54:16.252Z	spark1	SERVING	8.557	7.366
2026-09-28T10:54:17.079Z	spark2	SERVING	14.957	4.064
2026-09-28T10:54:21.383Z	spark1	SERVING	8.572	7.366
2026-09-28T10:54:22.196Z	spark2	SERVING	14.962	4.064
2026-09-28T10:54:26.495Z	spark1	SERVING	8.600	7.366
2026-09-28T10:54:27.311Z	spark2	SERVING	14.960	4.064
2026-09-28T10:54:31.625Z	spark1	SERVING	8.577	7.364
2026-09-28T10:54:32.426Z	spark2	SERVING	14.960	4.064
2026-09-28T10:54:36.758Z	spark1	SERVING	8.559	7.364
2026-09-28T10:54:37.538Z	spark2	SERVING	14.962	4.064
2026-09-28T10:54:41.896Z	spark1	SERVING	8.554	7.364
2026-09-28T10:54:42.651Z	spark2	SERVING	14.952	4.064
2026-09-28T10:54:47.033Z	spark1	SERVING	8.541	7.364
2026-09-28T10:54:47.768Z	spark2	SERVING	14.959	4.064
2026-09-28T10:54:52.170Z	spark1	SERVING	8.556	7.364
2026-09-28T10:54:52.874Z	spark2	SERVING	14.954	4.063
2026-09-28T10:54:57.312Z	spark1	SERVING	8.503	7.364
2026-09-28T10:54:57.980Z	spark2	SERVING	14.958	4.063
2026-09-28T10:55:02.443Z	spark1	SERVING	8.510	7.364
2026-09-28T10:55:03.092Z	spark2	SERVING	14.960	4.063
2026-09-28T10:55:07.578Z	spark1	SERVING	8.557	7.364
2026-09-28T10:55:08.216Z	spark2	SERVING	14.957	4.063
2026-09-28T10:55:12.711Z	spark1	SERVING	8.561	7.364
2026-09-28T10:55:13.328Z	spark2	SERVING	14.959	4.063
2026-09-28T10:55:17.842Z	spark1	SERVING	8.545	7.363
2026-09-28T10:55:18.436Z	spark2	SERVING	14.968	4.063
2026-09-28T10:55:22.977Z	spark1	SERVING	8.540	7.363
2026-09-28T10:55:23.542Z	spark2	SERVING	14.809	4.063
2026-09-28T10:55:28.096Z	spark1	SERVING	8.345	7.363
2026-09-28T10:55:28.656Z	spark2	SERVING	14.803	4.063
2026-09-28T10:55:33.218Z	spark1	SERVING	8.366	7.363
2026-09-28T10:55:33.774Z	spark2	SERVING	14.800	4.063
2026-09-28T10:55:38.335Z	spark1	SERVING	8.380	7.362
2026-09-28T10:55:38.875Z	spark2	SERVING	14.798	4.063
2026-09-28T10:55:43.469Z	spark1	SERVING	8.188	7.362
2026-09-28T10:55:43.983Z	spark2	SERVING	14.803	4.063
2026-09-28T10:55:48.581Z	spark1	SERVING	8.344	7.362
2026-09-28T10:55:49.089Z	spark2	SERVING	14.799	4.063
2026-09-28T10:55:53.704Z	spark1	SERVING	8.346	7.362
2026-09-28T10:55:54.198Z	spark2	SERVING	14.798	4.063
2026-09-28T10:55:58.845Z	spark1	SERVING	7.925	7.362
2026-09-28T10:55:59.313Z	spark2	SERVING	14.720	4.063
2026-09-28T10:56:03.975Z	spark1	SERVING	8.152	7.362
2026-09-28T10:56:04.422Z	spark2	SERVING	14.708	4.063
2026-09-28T10:56:09.101Z	spark1	SERVING	8.193	7.362
2026-09-28T10:56:09.536Z	spark2	SERVING	14.712	4.063
2026-09-28T10:56:14.220Z	spark1	SERVING	8.179	7.362
2026-09-28T10:56:14.640Z	spark2	SERVING	14.720	4.063
2026-09-28T10:56:19.338Z	spark1	SERVING	8.199	7.362
2026-09-28T10:56:19.754Z	spark2	SERVING	14.723	4.063
2026-09-28T10:56:24.466Z	spark1	SERVING	8.196	7.362
2026-09-28T10:56:24.858Z	spark2	SERVING	14.718	4.063
2026-09-28T10:56:29.592Z	spark1	SERVING	8.202	7.362
2026-09-28T10:56:29.970Z	spark2	SERVING	14.724	4.063
2026-09-28T10:56:34.713Z	spark1	SERVING	8.195	7.362
2026-09-28T10:56:35.065Z	spark2	SERVING	14.724	4.063
2026-09-28T10:56:39.836Z	spark1	SERVING	8.212	7.362
2026-09-28T10:56:40.178Z	spark2	SERVING	14.724	4.063
2026-09-28T10:56:44.958Z	spark1	SERVING	8.224	7.362
2026-09-28T10:56:45.270Z	spark2	SERVING	14.717	4.063
2026-09-28T10:56:50.074Z	spark1	SERVING	8.192	7.362
2026-09-28T10:56:50.379Z	spark2	SERVING	14.699	4.063
2026-09-28T10:56:55.195Z	spark1	SERVING	8.129	7.362
2026-09-28T10:56:55.493Z	spark2	SERVING	14.700	4.062
2026-09-28T10:57:00.318Z	spark1	SERVING	8.160	7.361
2026-09-28T10:57:00.605Z	spark2	SERVING	14.699	4.062
2026-09-28T10:57:05.426Z	spark1	SERVING	8.179	7.361
2026-09-28T10:57:05.716Z	spark2	SERVING	14.698	4.062
2026-09-28T10:57:10.550Z	spark1	SERVING	7.850	7.360
2026-09-28T10:57:10.820Z	spark2	SERVING	14.692	4.062
2026-09-28T10:57:14.387Z	spark1	SERVING	7.082	7.360
2026-09-28T10:57:15.932Z	spark2	SERVING	14.691	4.062
2026-09-28T10:57:19.530Z	spark1	SERVING	7.403	7.359
2026-09-28T10:57:21.028Z	spark2	SERVING	14.689	4.062
2026-09-28T10:57:24.661Z	spark1	SERVING	7.142	7.194
2026-09-28T10:57:26.135Z	spark2	SERVING	14.690	4.062
2026-09-28T10:57:28.764Z	spark1	SERVING	7.072	7.194
2026-09-28T10:57:29.042Z	spark1	SERVING	7.072	7.194
2026-09-28T10:57:29.543Z	spark1	SERVING	7.066	7.194
2026-09-28T10:57:29.793Z	spark1	SERVING	7.066	7.194
2026-09-28T10:57:31.240Z	spark2	SERVING	14.699	4.062
2026-09-28T10:57:32.364Z	spark1	SERVING	6.989	7.194
2026-09-28T10:57:32.865Z	spark1	SERVING	6.988	7.194
2026-09-28T10:57:36.350Z	spark2	SERVING	14.459	4.062
2026-09-28T10:57:36.464Z	spark1	SERVING	6.979	7.194
2026-09-28T10:57:37.239Z	spark1	SERVING	6.894	7.194
2026-09-28T10:57:41.464Z	spark2	SERVING	14.321	4.062
2026-09-28T10:57:42.361Z	spark1	SERVING	7.031	7.194
2026-09-28T10:57:46.557Z	spark2	SERVING	14.302	4.062
2026-09-28T10:57:47.483Z	spark1	SERVING	7.074	7.194
2026-09-28T10:57:51.671Z	spark2	SERVING	14.271	4.062
2026-09-28T10:57:52.600Z	spark1	SERVING	7.076	7.194
2026-09-28T10:57:56.781Z	spark2	SERVING	14.267	4.062
2026-09-28T10:57:57.726Z	spark1	SERVING	7.090	7.194
2026-09-28T10:58:01.905Z	spark2	SERVING	14.278	4.062
2026-09-28T10:58:02.843Z	spark1	SERVING	7.099	7.194
2026-09-28T10:58:07.022Z	spark2	SERVING	14.292	4.062
2026-09-28T10:58:07.969Z	spark1	SERVING	7.097	7.194
2026-09-28T10:58:12.133Z	spark2	SERVING	14.293	4.062
2026-09-28T10:58:13.085Z	spark1	SERVING	7.099	7.194
2026-09-28T10:58:17.252Z	spark2	SERVING	14.312	4.062
2026-09-28T10:58:18.216Z	spark1	SERVING	7.568	7.194
2026-09-28T10:58:22.363Z	spark2	SERVING	14.311	4.062
2026-09-28T10:58:23.326Z	spark1	SERVING	7.597	7.194
2026-09-28T10:58:27.468Z	spark2	SERVING	14.309	4.062
2026-09-28T10:58:28.442Z	spark1	SERVING	7.605	7.194
2026-09-28T10:58:32.587Z	spark2	SERVING	14.309	4.062
2026-09-28T10:58:33.556Z	spark1	SERVING	7.612	7.194
2026-09-28T10:58:37.694Z	spark2	SERVING	14.284	4.062
2026-09-28T10:58:38.678Z	spark1	SERVING	7.526	7.194
2026-09-28T10:58:42.805Z	spark2	SERVING	14.294	4.062
2026-09-28T10:58:43.801Z	spark1	SERVING	7.554	7.194
2026-09-28T10:58:47.915Z	spark2	SERVING	14.294	4.062
2026-09-28T10:58:48.926Z	spark1	SERVING	7.534	7.194
2026-09-28T10:58:53.028Z	spark2	SERVING	14.297	4.062
2026-09-28T10:58:54.056Z	spark1	SERVING	7.582	7.194
2026-09-28T10:58:58.135Z	spark2	SERVING	14.297	4.062
2026-09-28T10:58:59.167Z	spark1	SERVING	7.564	7.194
2026-09-28T10:59:03.237Z	spark2	SERVING	14.297	4.062
2026-09-28T10:59:04.288Z	spark1	SERVING	7.605	7.194
2026-09-28T10:59:08.343Z	spark2	SERVING	14.297	4.062
2026-09-28T10:59:09.420Z	spark1	SERVING	7.600	7.194
2026-09-28T10:59:13.462Z	spark2	SERVING	14.297	4.062
2026-09-28T10:59:14.541Z	spark1	SERVING	7.597	7.194
2026-09-28T10:59:18.563Z	spark2	SERVING	14.298	4.062
2026-09-28T10:59:19.666Z	spark1	SERVING	7.584	7.193
2026-09-28T10:59:23.671Z	spark2	SERVING	14.281	4.062
2026-09-28T10:59:24.783Z	spark1	SERVING	7.579	7.193
2026-09-28T10:59:28.783Z	spark2	SERVING	14.282	4.062
2026-09-28T10:59:29.907Z	spark1	SERVING	7.577	7.193
2026-09-28T10:59:33.879Z	spark2	SERVING	14.290	4.062
2026-09-28T10:59:35.025Z	spark1	SERVING	7.573	7.193
2026-09-28T10:59:38.995Z	spark2	SERVING	14.293	4.062
2026-09-28T10:59:40.166Z	spark1	SERVING	7.562	7.193
2026-09-28T10:59:44.106Z	spark2	SERVING	14.297	4.062
2026-09-28T10:59:45.309Z	spark1	SERVING	7.595	7.193
2026-09-28T10:59:49.211Z	spark2	SERVING	14.299	4.062
2026-09-28T10:59:50.419Z	spark1	SERVING	7.594	7.193
2026-09-28T10:59:54.320Z	spark2	SERVING	14.308	4.062
2026-09-28T10:59:55.557Z	spark1	SERVING	7.570	7.193
2026-09-28T10:59:59.424Z	spark2	SERVING	14.285	4.062
2026-09-28T11:00:00.686Z	spark1	SERVING	7.568	7.193
2026-09-28T11:00:04.530Z	spark2	SERVING	14.287	4.062
2026-09-28T11:00:05.804Z	spark1	SERVING	7.572	7.193
2026-09-28T11:00:09.639Z	spark2	SERVING	14.263	4.062
2026-09-28T11:00:10.924Z	spark1	SERVING	7.587	7.193
2026-09-28T11:00:14.742Z	spark2	SERVING	14.283	4.062
2026-09-28T11:00:16.056Z	spark1	SERVING	7.585	7.193
2026-09-28T11:00:19.841Z	spark2	SERVING	14.269	4.062
2026-09-28T11:00:21.190Z	spark1	SERVING	7.567	7.193
2026-09-28T11:00:24.936Z	spark2	SERVING	14.274	4.062
2026-09-28T11:00:26.314Z	spark1	SERVING	7.601	7.193
2026-09-28T11:00:30.045Z	spark2	SERVING	14.276	4.062
2026-09-28T11:00:31.435Z	spark1	SERVING	7.631	7.192
2026-09-28T11:00:35.163Z	spark2	SERVING	14.284	4.062
2026-09-28T11:00:36.567Z	spark1	SERVING	7.643	7.192
2026-09-28T11:00:40.264Z	spark2	SERVING	14.288	4.062
2026-09-28T11:00:41.694Z	spark1	SERVING	7.640	7.192
2026-09-28T11:00:45.382Z	spark2	SERVING	14.289	4.062
2026-09-28T11:00:46.806Z	spark1	SERVING	7.656	7.192
2026-09-28T11:00:50.495Z	spark2	SERVING	14.293	4.062
2026-09-28T11:00:51.928Z	spark1	SERVING	7.636	7.192
2026-09-28T11:00:55.612Z	spark2	SERVING	14.266	4.062
2026-09-28T11:00:57.071Z	spark1	SERVING	7.646	7.192
2026-09-28T11:01:00.728Z	spark2	SERVING	14.274	4.062
2026-09-28T11:01:02.202Z	spark1	SERVING	7.616	7.191
2026-09-28T11:01:05.843Z	spark2	SERVING	14.292	4.061
2026-09-28T11:01:07.337Z	spark1	SERVING	7.642	7.191
2026-09-28T11:01:10.954Z	spark2	SERVING	14.292	4.061
2026-09-28T11:01:12.464Z	spark1	SERVING	7.644	7.191
2026-09-28T11:01:16.057Z	spark2	SERVING	14.274	4.061
2026-09-28T11:01:17.586Z	spark1	SERVING	7.652	7.191
2026-09-28T11:01:21.169Z	spark2	SERVING	14.281	4.061
2026-09-28T11:01:22.713Z	spark1	SERVING	7.663	7.191
2026-09-28T11:01:26.276Z	spark2	SERVING	14.288	4.061
2026-09-28T11:01:27.831Z	spark1	SERVING	7.651	7.191
2026-09-28T11:01:31.386Z	spark2	SERVING	14.289	4.061
2026-09-28T11:01:32.954Z	spark1	SERVING	7.640	7.191
2026-09-28T11:01:36.506Z	spark2	SERVING	14.293	4.061
2026-09-28T11:01:38.080Z	spark1	SERVING	7.665	7.191
2026-09-28T11:01:41.622Z	spark2	SERVING	14.295	4.061
2026-09-28T11:01:43.210Z	spark1	SERVING	7.666	7.191
2026-09-28T11:01:46.737Z	spark2	SERVING	14.297	4.061
2026-09-28T11:01:48.337Z	spark1	SERVING	7.631	7.191
2026-09-28T11:01:51.850Z	spark2	SERVING	14.296	4.061
2026-09-28T11:01:53.464Z	spark1	SERVING	7.638	7.191
2026-09-28T11:01:56.958Z	spark2	SERVING	14.297	4.061
2026-09-28T11:01:58.596Z	spark1	SERVING	7.588	7.191
2026-09-28T11:02:02.080Z	spark2	SERVING	14.299	4.061
2026-09-28T11:02:03.724Z	spark1	SERVING	7.614	7.191
2026-09-28T11:02:07.188Z	spark2	SERVING	14.303	4.061
2026-09-28T11:02:08.857Z	spark1	SERVING	7.638	7.191
2026-09-28T11:02:12.292Z	spark2	SERVING	14.301	4.061
2026-09-28T11:02:13.979Z	spark1	SERVING	7.657	7.191
2026-09-28T11:02:17.400Z	spark2	SERVING	14.303	4.061
2026-09-28T11:02:19.103Z	spark1	SERVING	7.651	7.191
2026-09-28T11:02:22.514Z	spark2	SERVING	14.281	4.061
2026-09-28T11:02:24.227Z	spark1	SERVING	7.670	7.191
2026-09-28T11:02:27.623Z	spark2	SERVING	14.285	4.061
2026-09-28T11:02:29.354Z	spark1	SERVING	7.699	7.190
2026-09-28T11:02:32.733Z	spark2	SERVING	14.277	4.061
2026-09-28T11:02:34.479Z	spark1	SERVING	7.662	7.190
2026-09-28T11:02:37.821Z	spark2	SERVING	14.283	4.061
2026-09-28T11:02:39.566Z	spark1	SERVING	7.662	7.190
2026-09-28T11:02:42.883Z	spark2	SERVING	14.296	4.061
2026-09-28T11:02:44.650Z	spark1	SERVING	7.664	7.190
2026-09-28T11:02:47.951Z	spark2	SERVING	14.296	4.061
2026-09-28T11:02:49.738Z	spark1	SERVING	7.669	7.190
2026-09-28T11:02:53.032Z	spark2	SERVING	14.295	4.061
2026-09-28T11:02:54.815Z	spark1	SERVING	7.637	7.190
2026-09-28T11:02:58.107Z	spark2	SERVING	14.292	4.061
2026-09-28T11:02:59.897Z	spark1	SERVING	7.645	7.190
