ts	node	phase	memavail_gib	swap_used_gib
2026-09-27T20:24:16.175Z	spark1	LOAD	116.278	3.598
2026-09-27T20:24:16.336Z	spark2	LOAD	117.359	1.690
2026-09-27T20:24:16.442Z	spark1	LOAD	116.267	3.598
2026-09-27T20:24:16.601Z	spark2	LOAD	117.359	1.690
2026-09-27T20:24:16.692Z	spark1	LOAD	116.265	3.598
2026-09-27T20:24:16.851Z	spark2	LOAD	117.358	1.690
2026-09-27T20:24:16.943Z	spark1	LOAD	116.265	3.598
2026-09-27T20:24:17.101Z	spark2	LOAD	117.361	1.690
2026-09-27T20:24:17.193Z	spark1	LOAD	116.265	3.598
2026-09-27T20:24:17.351Z	spark2	LOAD	117.364	1.690
2026-09-27T20:24:17.453Z	spark1	LOAD	116.265	3.598
2026-09-27T20:24:17.617Z	spark2	LOAD	117.348	1.689
2026-09-27T20:24:17.704Z	spark1	LOAD	116.272	3.598
2026-09-27T20:24:17.867Z	spark2	LOAD	117.342	1.689
2026-09-27T20:24:17.954Z	spark1	LOAD	116.280	3.598
2026-09-27T20:24:18.117Z	spark2	LOAD	117.363	1.689
2026-09-27T20:24:18.205Z	spark1	LOAD	116.271	3.598
2026-09-27T20:24:18.367Z	spark2	LOAD	117.267	1.689
2026-09-27T20:24:18.471Z	spark1	LOAD	116.274	3.598
2026-09-27T20:24:18.633Z	spark2	LOAD	117.242	1.689
2026-09-27T20:24:18.722Z	spark1	LOAD	116.274	3.598
2026-09-27T20:24:18.884Z	spark2	LOAD	117.175	1.689
2026-09-27T20:24:18.972Z	spark1	LOAD	116.287	3.598
2026-09-27T20:24:19.133Z	spark2	LOAD	117.154	1.689
2026-09-27T20:24:19.222Z	spark1	LOAD	116.286	3.598
2026-09-27T20:24:19.384Z	spark2	LOAD	117.137	1.689
2026-09-27T20:24:19.484Z	spark1	LOAD	116.290	3.598
2026-09-27T20:24:19.650Z	spark2	LOAD	117.119	1.689
2026-09-27T20:24:19.735Z	spark1	LOAD	116.278	3.598
2026-09-27T20:24:19.901Z	spark2	LOAD	117.092	1.689
2026-09-27T20:24:19.985Z	spark1	LOAD	116.279	3.598
2026-09-27T20:24:20.151Z	spark2	LOAD	117.058	1.689
2026-09-27T20:24:20.235Z	spark1	LOAD	116.275	3.598
2026-09-27T20:24:20.401Z	spark2	LOAD	117.059	1.689
2026-09-27T20:24:20.502Z	spark1	LOAD	116.280	3.598
2026-09-27T20:24:20.665Z	spark2	LOAD	117.054	1.689
2026-09-27T20:24:20.752Z	spark1	LOAD	116.177	3.598
2026-09-27T20:24:20.916Z	spark2	LOAD	117.033	1.689
2026-09-27T20:24:21.003Z	spark1	LOAD	116.144	3.598
2026-09-27T20:24:21.167Z	spark2	LOAD	117.035	1.689
2026-09-27T20:24:21.253Z	spark1	LOAD	116.145	3.598
2026-09-27T20:24:21.416Z	spark2	LOAD	117.034	1.689
2026-09-27T20:24:21.519Z	spark1	LOAD	116.141	3.598
2026-09-27T20:24:21.681Z	spark2	LOAD	117.025	1.689
2026-09-27T20:24:21.769Z	spark1	LOAD	116.119	3.598
2026-09-27T20:24:21.931Z	spark2	LOAD	116.992	1.689
2026-09-27T20:24:22.020Z	spark1	LOAD	116.121	3.598
2026-09-27T20:24:22.182Z	spark2	LOAD	116.995	1.689
2026-09-27T20:24:22.270Z	spark1	LOAD	116.117	3.598
2026-09-27T20:24:22.432Z	spark2	LOAD	116.987	1.689
2026-09-27T20:24:22.537Z	spark1	LOAD	116.123	3.598
2026-09-27T20:24:22.697Z	spark2	LOAD	116.958	1.689
2026-09-27T20:24:22.787Z	spark1	LOAD	116.124	3.598
2026-09-27T20:24:22.947Z	spark2	LOAD	116.954	1.689
2026-09-27T20:24:23.037Z	spark1	LOAD	116.142	3.598
2026-09-27T20:24:23.198Z	spark2	LOAD	116.954	1.689
2026-09-27T20:24:23.288Z	spark1	LOAD	116.143	3.598
2026-09-27T20:24:23.449Z	spark2	LOAD	116.951	1.689
2026-09-27T20:24:23.551Z	spark1	LOAD	116.143	3.598
2026-09-27T20:24:23.709Z	spark2	LOAD	116.946	1.689
2026-09-27T20:24:23.802Z	spark1	LOAD	116.153	3.598
2026-09-27T20:24:23.961Z	spark2	LOAD	116.942	1.689
2026-09-27T20:24:24.052Z	spark1	LOAD	116.169	3.598
2026-09-27T20:24:24.211Z	spark2	LOAD	116.927	1.689
2026-09-27T20:24:24.303Z	spark1	LOAD	116.178	3.595
2026-09-27T20:24:24.461Z	spark2	LOAD	116.927	1.689
2026-09-27T20:24:24.565Z	spark1	LOAD	116.162	3.595
2026-09-27T20:24:24.726Z	spark2	LOAD	116.922	1.689
2026-09-27T20:24:24.816Z	spark1	LOAD	116.164	3.595
2026-09-27T20:24:24.976Z	spark2	LOAD	116.919	1.689
2026-09-27T20:24:25.066Z	spark1	LOAD	116.185	3.595
2026-09-27T20:24:25.227Z	spark2	LOAD	116.912	1.689
2026-09-27T20:24:25.317Z	spark1	LOAD	116.185	3.595
2026-09-27T20:24:25.479Z	spark2	LOAD	116.908	1.689
2026-09-27T20:24:25.580Z	spark1	LOAD	116.194	3.595
2026-09-27T20:24:25.738Z	spark2	LOAD	116.907	1.689
2026-09-27T20:24:25.830Z	spark1	LOAD	116.207	3.595
2026-09-27T20:24:25.988Z	spark2	LOAD	116.903	1.689
2026-09-27T20:24:26.081Z	spark1	LOAD	116.222	3.595
2026-09-27T20:24:26.239Z	spark2	LOAD	116.901	1.689
2026-09-27T20:24:26.331Z	spark1	LOAD	116.225	3.595
2026-09-27T20:24:26.489Z	spark2	LOAD	116.901	1.689
2026-09-27T20:24:26.593Z	spark1	LOAD	116.224	3.595
2026-09-27T20:24:26.754Z	spark2	LOAD	116.886	1.689
2026-09-27T20:24:26.844Z	spark1	LOAD	116.234	3.595
2026-09-27T20:24:27.006Z	spark2	LOAD	116.888	1.689
2026-09-27T20:24:27.095Z	spark1	LOAD	116.236	3.595
2026-09-27T20:24:27.256Z	spark2	LOAD	116.886	1.689
2026-09-27T20:24:27.346Z	spark1	LOAD	116.237	3.595
2026-09-27T20:24:27.507Z	spark2	LOAD	116.883	1.689
2026-09-27T20:24:27.609Z	spark1	LOAD	116.235	3.595
2026-09-27T20:24:27.772Z	spark2	LOAD	116.884	1.689
2026-09-27T20:24:27.859Z	spark1	LOAD	116.234	3.595
2026-09-27T20:24:28.023Z	spark2	LOAD	116.882	1.689
2026-09-27T20:24:28.109Z	spark1	LOAD	116.240	3.595
2026-09-27T20:24:28.273Z	spark2	LOAD	116.877	1.689
2026-09-27T20:24:28.360Z	spark1	LOAD	116.247	3.595
2026-09-27T20:24:28.525Z	spark2	LOAD	116.867	1.689
2026-09-27T20:24:28.625Z	spark1	LOAD	116.247	3.595
2026-09-27T20:24:28.785Z	spark2	LOAD	116.864	1.689
2026-09-27T20:24:28.876Z	spark1	LOAD	116.247	3.595
2026-09-27T20:24:29.036Z	spark2	LOAD	116.856	1.689
2026-09-27T20:24:29.126Z	spark1	LOAD	116.257	3.595
2026-09-27T20:24:29.287Z	spark2	LOAD	116.844	1.689
2026-09-27T20:24:29.377Z	spark1	LOAD	116.262	3.595
2026-09-27T20:24:29.536Z	spark2	LOAD	116.840	1.689
2026-09-27T20:24:29.639Z	spark1	LOAD	116.264	3.595
2026-09-27T20:24:29.801Z	spark2	LOAD	116.835	1.689
2026-09-27T20:24:29.891Z	spark1	LOAD	116.276	3.595
2026-09-27T20:24:30.052Z	spark2	LOAD	116.831	1.689
2026-09-27T20:24:30.141Z	spark1	LOAD	116.278	3.595
2026-09-27T20:24:30.303Z	spark2	LOAD	116.824	1.689
2026-09-27T20:24:30.391Z	spark1	LOAD	116.306	3.595
2026-09-27T20:24:30.554Z	spark2	LOAD	116.822	1.689
2026-09-27T20:24:30.654Z	spark1	LOAD	116.138	3.595
2026-09-27T20:24:30.818Z	spark2	LOAD	116.807	1.689
2026-09-27T20:24:30.904Z	spark1	LOAD	116.160	3.595
2026-09-27T20:24:31.068Z	spark2	LOAD	116.809	1.689
2026-09-27T20:24:31.154Z	spark1	LOAD	116.168	3.595
2026-09-27T20:24:31.320Z	spark2	LOAD	116.798	1.689
2026-09-27T20:24:31.405Z	spark1	LOAD	116.174	3.595
2026-09-27T20:24:31.569Z	spark2	LOAD	116.791	1.689
2026-09-27T20:24:31.668Z	spark1	LOAD	116.169	3.595
2026-09-27T20:24:31.834Z	spark2	LOAD	116.785	1.689
2026-09-27T20:24:31.918Z	spark1	LOAD	116.181	3.595
2026-09-27T20:24:32.085Z	spark2	LOAD	116.777	1.689
2026-09-27T20:24:32.168Z	spark1	LOAD	116.182	3.595
2026-09-27T20:24:32.334Z	spark2	LOAD	116.764	1.689
2026-09-27T20:24:32.418Z	spark1	LOAD	116.180	3.595
2026-09-27T20:24:32.585Z	spark2	LOAD	116.760	1.689
2026-09-27T20:24:32.685Z	spark1	LOAD	116.181	3.595
2026-09-27T20:24:32.850Z	spark2	LOAD	116.732	1.689
2026-09-27T20:24:32.935Z	spark1	LOAD	116.191	3.595
2026-09-27T20:24:33.099Z	spark2	LOAD	116.729	1.689
2026-09-27T20:24:33.186Z	spark1	LOAD	116.198	3.595
2026-09-27T20:24:33.351Z	spark2	LOAD	116.730	1.689
2026-09-27T20:24:33.437Z	spark1	LOAD	116.199	3.595
2026-09-27T20:24:33.601Z	spark2	LOAD	116.717	1.689
2026-09-27T20:24:33.704Z	spark1	LOAD	116.199	3.595
2026-09-27T20:24:33.861Z	spark2	LOAD	116.711	1.689
2026-09-27T20:24:33.954Z	spark1	LOAD	116.227	3.595
2026-09-27T20:24:34.113Z	spark2	LOAD	116.712	1.689
2026-09-27T20:24:34.205Z	spark1	LOAD	116.227	3.595
2026-09-27T20:24:34.363Z	spark2	LOAD	116.709	1.689
2026-09-27T20:24:34.456Z	spark1	LOAD	116.222	3.595
2026-09-27T20:24:34.613Z	spark2	LOAD	116.709	1.689
2026-09-27T20:24:34.722Z	spark1	LOAD	116.222	3.595
2026-09-27T20:24:34.880Z	spark2	LOAD	116.688	1.689
2026-09-27T20:24:34.973Z	spark1	LOAD	116.227	3.595
2026-09-27T20:24:35.131Z	spark2	LOAD	116.668	1.689
2026-09-27T20:24:35.224Z	spark1	LOAD	116.240	3.595
2026-09-27T20:24:35.381Z	spark2	LOAD	116.646	1.689
2026-09-27T20:24:35.475Z	spark1	LOAD	116.242	3.595
2026-09-27T20:24:35.632Z	spark2	LOAD	116.640	1.689
2026-09-27T20:24:35.742Z	spark1	LOAD	116.242	3.595
2026-09-27T20:24:35.891Z	spark2	LOAD	116.617	1.689
2026-09-27T20:24:35.992Z	spark1	LOAD	116.242	3.595
2026-09-27T20:24:36.143Z	spark2	LOAD	116.592	1.689
2026-09-27T20:24:36.243Z	spark1	LOAD	116.252	3.595
2026-09-27T20:24:36.393Z	spark2	LOAD	116.594	1.689
2026-09-27T20:24:36.493Z	spark1	LOAD	116.260	3.595
2026-09-27T20:24:36.643Z	spark2	LOAD	116.596	1.689
2026-09-27T20:24:36.762Z	spark1	LOAD	116.260	3.595
2026-09-27T20:24:36.908Z	spark2	LOAD	116.598	1.689
2026-09-27T20:24:37.013Z	spark1	LOAD	116.271	3.595
2026-09-27T20:24:37.158Z	spark2	LOAD	116.600	1.689
2026-09-27T20:24:37.264Z	spark1	LOAD	116.264	3.595
2026-09-27T20:24:37.409Z	spark2	LOAD	116.600	1.689
2026-09-27T20:24:37.514Z	spark1	LOAD	116.259	3.595
2026-09-27T20:24:37.660Z	spark2	LOAD	116.598	1.689
2026-09-27T20:24:37.775Z	spark1	LOAD	116.263	3.595
2026-09-27T20:24:37.919Z	spark2	LOAD	116.593	1.689
2026-09-27T20:24:38.025Z	spark1	LOAD	116.261	3.595
2026-09-27T20:24:38.170Z	spark2	LOAD	116.592	1.689
2026-09-27T20:24:38.276Z	spark1	LOAD	116.285	3.595
2026-09-27T20:24:38.420Z	spark2	LOAD	116.588	1.689
2026-09-27T20:24:38.526Z	spark1	LOAD	116.292	3.595
2026-09-27T20:24:38.671Z	spark2	LOAD	116.325	1.689
2026-09-27T20:24:38.792Z	spark1	LOAD	116.293	3.595
2026-09-27T20:24:38.935Z	spark2	LOAD	116.069	1.689
2026-09-27T20:24:39.043Z	spark1	LOAD	116.301	3.595
2026-09-27T20:24:39.186Z	spark2	LOAD	115.792	1.689
2026-09-27T20:24:39.293Z	spark1	LOAD	116.301	3.595
2026-09-27T20:24:39.436Z	spark2	LOAD	115.649	1.689
2026-09-27T20:24:39.544Z	spark1	LOAD	116.304	3.595
2026-09-27T20:24:39.687Z	spark2	LOAD	115.619	1.689
2026-09-27T20:24:39.811Z	spark1	LOAD	116.304	3.595
2026-09-27T20:24:39.947Z	spark2	LOAD	115.619	1.689
2026-09-27T20:24:40.061Z	spark1	LOAD	116.318	3.595
2026-09-27T20:24:40.197Z	spark2	LOAD	115.621	1.689
2026-09-27T20:24:40.312Z	spark1	LOAD	116.327	3.595
2026-09-27T20:24:40.449Z	spark2	LOAD	116.218	1.689
2026-09-27T20:24:40.563Z	spark1	LOAD	116.329	3.595
2026-09-27T20:24:40.700Z	spark2	LOAD	116.072	1.689
2026-09-27T20:24:40.830Z	spark1	LOAD	116.329	3.595
2026-09-27T20:24:40.959Z	spark2	LOAD	115.971	1.689
2026-09-27T20:24:41.081Z	spark1	LOAD	116.338	3.595
2026-09-27T20:24:41.210Z	spark2	LOAD	115.928	1.689
2026-09-27T20:24:41.331Z	spark1	LOAD	116.274	3.595
2026-09-27T20:24:41.460Z	spark2	LOAD	115.880	1.689
2026-09-27T20:24:41.581Z	spark1	LOAD	116.369	3.595
2026-09-27T20:24:41.711Z	spark2	LOAD	115.850	1.689
2026-09-27T20:24:41.845Z	spark1	LOAD	116.369	3.595
2026-09-27T20:24:41.972Z	spark2	LOAD	115.809	1.689
2026-09-27T20:24:42.096Z	spark1	LOAD	116.375	3.595
2026-09-27T20:24:42.223Z	spark2	LOAD	115.796	1.689
2026-09-27T20:24:42.346Z	spark1	LOAD	116.390	3.595
2026-09-27T20:24:42.473Z	spark2	LOAD	115.779	1.689
2026-09-27T20:24:42.597Z	spark1	LOAD	116.386	3.595
2026-09-27T20:24:42.724Z	spark2	LOAD	115.776	1.689
2026-09-27T20:24:42.859Z	spark1	LOAD	116.225	3.595
2026-09-27T20:24:42.989Z	spark2	LOAD	115.774	1.689
2026-09-27T20:24:43.110Z	spark1	LOAD	115.979	3.595
2026-09-27T20:24:43.239Z	spark2	LOAD	115.753	1.689
2026-09-27T20:24:43.360Z	spark1	LOAD	115.833	3.594
2026-09-27T20:24:43.489Z	spark2	LOAD	115.716	1.689
2026-09-27T20:24:43.610Z	spark1	LOAD	115.825	3.594
2026-09-27T20:24:43.740Z	spark2	LOAD	115.681	1.688
2026-09-27T20:24:43.878Z	spark1	LOAD	115.768	3.594
2026-09-27T20:24:44.001Z	spark2	LOAD	115.654	1.688
2026-09-27T20:24:44.128Z	spark1	LOAD	115.743	3.594
2026-09-27T20:24:44.251Z	spark2	LOAD	115.634	1.688
2026-09-27T20:24:44.379Z	spark1	LOAD	115.705	3.594
2026-09-27T20:24:44.502Z	spark2	LOAD	115.634	1.688
2026-09-27T20:24:44.630Z	spark1	LOAD	115.597	3.594
2026-09-27T20:24:44.752Z	spark2	LOAD	115.618	1.688
2026-09-27T20:24:44.892Z	spark1	LOAD	115.602	3.594
2026-09-27T20:24:45.018Z	spark2	LOAD	115.603	1.688
2026-09-27T20:24:45.143Z	spark1	LOAD	115.605	3.594
2026-09-27T20:24:45.268Z	spark2	LOAD	115.531	1.688
2026-09-27T20:24:45.393Z	spark1	LOAD	115.575	3.594
2026-09-27T20:24:45.519Z	spark2	LOAD	115.122	1.688
2026-09-27T20:24:45.643Z	spark1	LOAD	115.538	3.594
2026-09-27T20:24:45.770Z	spark2	LOAD	115.027	1.688
2026-09-27T20:24:45.910Z	spark1	LOAD	115.544	3.594
2026-09-27T20:24:46.029Z	spark2	LOAD	114.929	1.688
2026-09-27T20:24:46.161Z	spark1	LOAD	115.529	3.594
2026-09-27T20:24:46.280Z	spark2	LOAD	115.121	1.688
2026-09-27T20:24:46.411Z	spark1	LOAD	115.523	3.594
2026-09-27T20:24:46.530Z	spark2	LOAD	115.221	1.688
2026-09-27T20:24:46.661Z	spark1	LOAD	115.503	3.594
2026-09-27T20:24:46.781Z	spark2	LOAD	115.198	1.688
2026-09-27T20:24:46.928Z	spark1	LOAD	115.507	3.594
2026-09-27T20:24:47.046Z	spark2	LOAD	115.175	1.688
2026-09-27T20:24:47.178Z	spark1	LOAD	115.512	3.594
2026-09-27T20:24:47.297Z	spark2	LOAD	115.176	1.688
2026-09-27T20:24:47.429Z	spark1	LOAD	115.538	3.594
2026-09-27T20:24:47.548Z	spark2	LOAD	115.176	1.688
2026-09-27T20:24:47.679Z	spark1	LOAD	115.547	3.594
2026-09-27T20:24:47.799Z	spark2	LOAD	115.176	1.688
2026-09-27T20:24:47.946Z	spark1	LOAD	115.538	3.594
2026-09-27T20:24:48.065Z	spark2	LOAD	115.175	1.688
2026-09-27T20:24:48.196Z	spark1	LOAD	115.541	3.594
2026-09-27T20:24:48.316Z	spark2	LOAD	115.175	1.688
2026-09-27T20:24:48.447Z	spark1	LOAD	115.518	3.594
2026-09-27T20:24:48.567Z	spark2	LOAD	115.175	1.688
2026-09-27T20:24:48.697Z	spark1	LOAD	115.512	3.594
2026-09-27T20:24:48.818Z	spark2	LOAD	115.175	1.688
2026-09-27T20:24:48.960Z	spark1	LOAD	115.551	3.594
2026-09-27T20:24:49.083Z	spark2	LOAD	115.175	1.688
2026-09-27T20:24:49.211Z	spark1	LOAD	115.537	3.594
2026-09-27T20:24:49.334Z	spark2	LOAD	115.176	1.688
2026-09-27T20:24:49.462Z	spark1	LOAD	115.538	3.594
2026-09-27T20:24:49.585Z	spark2	LOAD	115.176	1.688
2026-09-27T20:24:49.712Z	spark1	LOAD	115.519	3.594
2026-09-27T20:24:49.836Z	spark2	LOAD	115.176	1.688
2026-09-27T20:24:49.979Z	spark1	LOAD	115.514	3.594
2026-09-27T20:24:50.101Z	spark2	LOAD	115.176	1.688
2026-09-27T20:24:50.230Z	spark1	LOAD	115.512	3.594
2026-09-27T20:24:50.353Z	spark2	LOAD	115.176	1.688
2026-09-27T20:24:50.481Z	spark1	LOAD	115.495	3.594
2026-09-27T20:24:50.603Z	spark2	LOAD	115.176	1.688
2026-09-27T20:24:50.731Z	spark1	LOAD	115.491	3.594
2026-09-27T20:24:50.854Z	spark2	LOAD	115.176	1.688
2026-09-27T20:24:50.997Z	spark1	LOAD	115.493	3.594
2026-09-27T20:24:51.119Z	spark2	LOAD	115.177	1.688
2026-09-27T20:24:51.247Z	spark1	LOAD	115.478	3.594
2026-09-27T20:24:51.371Z	spark2	LOAD	115.177	1.688
2026-09-27T20:24:51.498Z	spark1	LOAD	115.478	3.594
2026-09-27T20:24:51.622Z	spark2	LOAD	115.177	1.688
2026-09-27T20:24:51.748Z	spark1	LOAD	115.474	3.594
2026-09-27T20:24:51.873Z	spark2	LOAD	115.177	1.688
2026-09-27T20:24:52.010Z	spark1	LOAD	115.475	3.594
2026-09-27T20:24:52.134Z	spark2	LOAD	115.176	1.688
2026-09-27T20:24:52.261Z	spark1	LOAD	115.473	3.594
2026-09-27T20:24:52.384Z	spark2	LOAD	115.176	1.688
2026-09-27T20:24:52.511Z	spark1	LOAD	115.454	3.594
2026-09-27T20:24:52.636Z	spark2	LOAD	115.176	1.688
2026-09-27T20:24:52.762Z	spark1	LOAD	115.448	3.594
2026-09-27T20:24:52.886Z	spark2	LOAD	115.176	1.688
2026-09-27T20:24:53.024Z	spark1	LOAD	115.459	3.594
2026-09-27T20:24:53.148Z	spark2	LOAD	115.176	1.688
2026-09-27T20:24:53.274Z	spark1	LOAD	115.466	3.594
2026-09-27T20:24:53.399Z	spark2	LOAD	115.176	1.688
2026-09-27T20:24:53.525Z	spark1	LOAD	115.464	3.594
2026-09-27T20:24:53.649Z	spark2	LOAD	115.176	1.688
2026-09-27T20:24:53.776Z	spark1	LOAD	115.465	3.594
2026-09-27T20:24:53.900Z	spark2	LOAD	115.176	1.688
2026-09-27T20:24:54.037Z	spark1	LOAD	115.458	3.594
2026-09-27T20:24:54.165Z	spark2	LOAD	115.174	1.688
2026-09-27T20:24:54.287Z	spark1	LOAD	115.444	3.594
2026-09-27T20:24:54.415Z	spark2	LOAD	115.174	1.688
2026-09-27T20:24:54.538Z	spark1	LOAD	115.422	3.594
2026-09-27T20:24:54.665Z	spark2	LOAD	115.160	1.688
2026-09-27T20:24:54.788Z	spark1	LOAD	115.423	3.594
2026-09-27T20:24:54.917Z	spark2	LOAD	115.174	1.688
2026-09-27T20:24:55.050Z	spark1	LOAD	115.398	3.594
2026-09-27T20:24:55.183Z	spark2	LOAD	115.174	1.688
2026-09-27T20:24:55.301Z	spark1	LOAD	115.390	3.594
2026-09-27T20:24:55.434Z	spark2	LOAD	115.174	1.688
2026-09-27T20:24:55.552Z	spark1	LOAD	115.385	3.594
2026-09-27T20:24:55.685Z	spark2	LOAD	115.174	1.688
2026-09-27T20:24:55.802Z	spark1	LOAD	115.377	3.594
2026-09-27T20:24:55.935Z	spark2	LOAD	115.175	1.688
2026-09-27T20:24:56.069Z	spark1	LOAD	115.377	3.594
2026-09-27T20:24:56.197Z	spark2	LOAD	115.175	1.688
2026-09-27T20:24:56.319Z	spark1	LOAD	115.368	3.594
2026-09-27T20:24:56.448Z	spark2	LOAD	115.175	1.688
2026-09-27T20:24:56.569Z	spark1	LOAD	115.369	3.594
2026-09-27T20:24:56.699Z	spark2	LOAD	115.175	1.688
2026-09-27T20:24:56.820Z	spark1	LOAD	115.357	3.594
2026-09-27T20:24:56.950Z	spark2	LOAD	115.175	1.688
2026-09-27T20:24:57.087Z	spark1	LOAD	115.361	3.594
2026-09-27T20:24:57.215Z	spark2	LOAD	115.176	1.688
2026-09-27T20:24:57.337Z	spark1	LOAD	115.363	3.594
2026-09-27T20:24:57.466Z	spark2	LOAD	115.176	1.688
2026-09-27T20:24:57.587Z	spark1	LOAD	115.357	3.594
2026-09-27T20:24:57.717Z	spark2	LOAD	115.176	1.688
2026-09-27T20:24:57.837Z	spark1	LOAD	115.351	3.594
2026-09-27T20:24:57.968Z	spark2	LOAD	115.176	1.688
2026-09-27T20:24:58.100Z	spark1	LOAD	115.340	3.594
2026-09-27T20:24:58.229Z	spark2	LOAD	115.176	1.688
2026-09-27T20:24:58.349Z	spark1	LOAD	115.337	3.594
2026-09-27T20:24:58.480Z	spark2	LOAD	115.176	1.688
2026-09-27T20:24:58.599Z	spark1	LOAD	115.299	3.594
2026-09-27T20:24:58.730Z	spark2	LOAD	115.176	1.688
2026-09-27T20:24:58.850Z	spark1	LOAD	115.307	3.594
2026-09-27T20:24:58.981Z	spark2	LOAD	115.176	1.688
2026-09-27T20:24:59.112Z	spark1	LOAD	115.310	3.594
2026-09-27T20:24:59.241Z	spark2	LOAD	115.177	1.688
2026-09-27T20:24:59.362Z	spark1	LOAD	115.288	3.594
2026-09-27T20:24:59.493Z	spark2	LOAD	115.177	1.688
2026-09-27T20:24:59.613Z	spark1	LOAD	115.294	3.594
2026-09-27T20:24:59.743Z	spark2	LOAD	115.177	1.688
2026-09-27T20:24:59.864Z	spark1	LOAD	115.294	3.594
2026-09-27T20:24:59.994Z	spark2	LOAD	115.182	1.688
2026-09-27T20:25:00.126Z	spark1	LOAD	115.284	3.594
2026-09-27T20:25:00.255Z	spark2	LOAD	115.182	1.688
2026-09-27T20:25:00.377Z	spark1	LOAD	115.266	3.594
2026-09-27T20:25:00.506Z	spark2	LOAD	115.182	1.688
2026-09-27T20:25:00.628Z	spark1	LOAD	115.242	3.594
2026-09-27T20:25:00.757Z	spark2	LOAD	115.182	1.688
2026-09-27T20:25:00.879Z	spark1	LOAD	115.214	3.594
2026-09-27T20:25:01.008Z	spark2	LOAD	115.182	1.688
2026-09-27T20:25:01.145Z	spark1	LOAD	115.192	3.594
2026-09-27T20:25:01.274Z	spark2	LOAD	115.181	1.688
2026-09-27T20:25:01.396Z	spark1	LOAD	115.193	3.594
2026-09-27T20:25:01.524Z	spark2	LOAD	115.181	1.688
2026-09-27T20:25:01.646Z	spark1	LOAD	115.196	3.592
2026-09-27T20:25:01.775Z	spark2	LOAD	115.186	1.688
2026-09-27T20:25:01.897Z	spark1	LOAD	115.195	3.592
2026-09-27T20:25:02.027Z	spark2	LOAD	115.186	1.688
2026-09-27T20:25:02.163Z	spark1	LOAD	115.193	3.592
2026-09-27T20:25:02.292Z	spark2	LOAD	115.186	1.688
2026-09-27T20:25:02.414Z	spark1	LOAD	115.189	3.592
2026-09-27T20:25:02.542Z	spark2	LOAD	115.186	1.688
2026-09-27T20:25:02.664Z	spark1	LOAD	115.200	3.592
2026-09-27T20:25:02.793Z	spark2	LOAD	115.186	1.688
2026-09-27T20:25:02.915Z	spark1	LOAD	115.202	3.592
2026-09-27T20:25:03.044Z	spark2	LOAD	115.191	1.688
2026-09-27T20:25:03.178Z	spark1	LOAD	115.191	3.592
2026-09-27T20:25:03.305Z	spark2	LOAD	115.190	1.688
2026-09-27T20:25:03.428Z	spark1	LOAD	115.190	3.592
2026-09-27T20:25:03.556Z	spark2	LOAD	115.190	1.688
2026-09-27T20:25:03.678Z	spark1	LOAD	114.997	3.592
2026-09-27T20:25:03.807Z	spark2	LOAD	115.190	1.688
2026-09-27T20:25:03.929Z	spark1	LOAD	114.728	3.592
2026-09-27T20:25:04.058Z	spark2	LOAD	115.194	1.688
2026-09-27T20:25:04.196Z	spark1	LOAD	114.488	3.592
2026-09-27T20:25:04.322Z	spark2	LOAD	115.261	1.688
2026-09-27T20:25:04.446Z	spark1	LOAD	114.476	3.592
2026-09-27T20:25:04.573Z	spark2	LOAD	115.261	1.688
2026-09-27T20:25:04.696Z	spark1	LOAD	114.447	3.592
2026-09-27T20:25:04.823Z	spark2	LOAD	115.261	1.688
2026-09-27T20:25:04.946Z	spark1	LOAD	114.440	3.592
2026-09-27T20:25:05.075Z	spark2	LOAD	115.265	1.688
2026-09-27T20:25:05.213Z	spark1	LOAD	115.051	3.592
2026-09-27T20:25:05.335Z	spark2	LOAD	115.263	1.688
2026-09-27T20:25:05.463Z	spark1	LOAD	115.055	3.592
2026-09-27T20:25:05.585Z	spark2	LOAD	115.238	1.688
2026-09-27T20:25:05.714Z	spark1	LOAD	115.021	3.592
2026-09-27T20:25:05.837Z	spark2	LOAD	115.232	1.688
2026-09-27T20:25:05.964Z	spark1	LOAD	115.030	3.592
2026-09-27T20:25:06.088Z	spark2	LOAD	115.232	1.688
2026-09-27T20:25:06.231Z	spark1	LOAD	115.000	3.592
2026-09-27T20:25:06.349Z	spark2	LOAD	115.240	1.688
2026-09-27T20:25:06.481Z	spark1	LOAD	115.024	3.592
2026-09-27T20:25:06.600Z	spark2	LOAD	115.242	1.688
2026-09-27T20:25:06.732Z	spark1	LOAD	115.008	3.592
2026-09-27T20:25:06.850Z	spark2	LOAD	115.242	1.688
2026-09-27T20:25:06.982Z	spark1	LOAD	114.994	3.592
2026-09-27T20:25:07.101Z	spark2	LOAD	115.242	1.688
2026-09-27T20:25:07.244Z	spark1	LOAD	114.888	3.592
2026-09-27T20:25:07.366Z	spark2	LOAD	115.242	1.688
2026-09-27T20:25:07.494Z	spark1	LOAD	114.857	3.592
2026-09-27T20:25:07.618Z	spark2	LOAD	115.242	1.688
2026-09-27T20:25:07.745Z	spark1	LOAD	114.851	3.592
2026-09-27T20:25:07.869Z	spark2	LOAD	115.242	1.688
2026-09-27T20:25:07.995Z	spark1	LOAD	114.839	3.592
2026-09-27T20:25:08.120Z	spark2	LOAD	115.242	1.688
2026-09-27T20:25:08.257Z	spark1	LOAD	114.827	3.592
2026-09-27T20:25:08.381Z	spark2	LOAD	115.245	1.688
2026-09-27T20:25:08.508Z	spark1	LOAD	114.698	3.592
2026-09-27T20:25:08.631Z	spark2	LOAD	115.245	1.688
2026-09-27T20:25:08.758Z	spark1	LOAD	114.644	3.592
2026-09-27T20:25:08.881Z	spark2	LOAD	115.245	1.688
2026-09-27T20:25:09.009Z	spark1	LOAD	114.624	3.592
2026-09-27T20:25:09.132Z	spark2	LOAD	115.246	1.688
2026-09-27T20:25:09.276Z	spark1	LOAD	114.618	3.592
2026-09-27T20:25:09.398Z	spark2	LOAD	115.247	1.688
2026-09-27T20:25:09.527Z	spark1	LOAD	114.617	3.592
2026-09-27T20:25:09.649Z	spark2	LOAD	115.247	1.688
2026-09-27T20:25:09.777Z	spark1	LOAD	114.617	3.592
2026-09-27T20:25:09.899Z	spark2	LOAD	115.249	1.688
2026-09-27T20:25:10.028Z	spark1	LOAD	114.599	3.592
2026-09-27T20:25:10.150Z	spark2	LOAD	115.249	1.688
2026-09-27T20:25:10.290Z	spark1	LOAD	114.583	3.592
2026-09-27T20:25:10.415Z	spark2	LOAD	115.251	1.688
2026-09-27T20:25:10.541Z	spark1	LOAD	114.584	3.592
2026-09-27T20:25:10.666Z	spark2	LOAD	115.251	1.688
2026-09-27T20:25:10.791Z	spark1	LOAD	114.566	3.592
2026-09-27T20:25:10.916Z	spark2	LOAD	115.251	1.688
2026-09-27T20:25:11.041Z	spark1	LOAD	114.550	3.592
2026-09-27T20:25:11.167Z	spark2	LOAD	115.253	1.688
2026-09-27T20:25:11.309Z	spark1	LOAD	114.531	3.592
2026-09-27T20:25:11.433Z	spark2	LOAD	115.253	1.688
2026-09-27T20:25:11.559Z	spark1	LOAD	114.478	3.592
2026-09-27T20:25:11.684Z	spark2	LOAD	115.253	1.688
2026-09-27T20:25:11.809Z	spark1	LOAD	114.459	3.592
2026-09-27T20:25:11.935Z	spark2	LOAD	115.253	1.688
2026-09-27T20:25:12.060Z	spark1	LOAD	114.441	3.590
2026-09-27T20:25:12.186Z	spark2	LOAD	115.257	1.688
2026-09-27T20:25:12.322Z	spark1	LOAD	114.442	3.590
2026-09-27T20:25:12.451Z	spark2	LOAD	115.257	1.688
2026-09-27T20:25:12.573Z	spark1	LOAD	114.409	3.590
2026-09-27T20:25:12.702Z	spark2	LOAD	115.257	1.688
2026-09-27T20:25:12.823Z	spark1	LOAD	114.389	3.590
2026-09-27T20:25:12.953Z	spark2	LOAD	115.258	1.688
2026-09-27T20:25:13.074Z	spark1	LOAD	113.905	3.590
2026-09-27T20:25:13.205Z	spark2	LOAD	115.258	1.688
2026-09-27T20:25:13.341Z	spark1	LOAD	113.645	3.590
2026-09-27T20:25:13.469Z	spark2	LOAD	115.258	1.688
2026-09-27T20:25:13.591Z	spark1	LOAD	113.523	3.590
2026-09-27T20:25:13.720Z	spark2	LOAD	115.258	1.688
2026-09-27T20:25:13.842Z	spark1	LOAD	113.437	3.590
2026-09-27T20:25:13.971Z	spark2	LOAD	115.260	1.688
2026-09-27T20:25:14.092Z	spark1	LOAD	113.743	3.590
2026-09-27T20:25:14.222Z	spark2	LOAD	115.261	1.688
2026-09-27T20:25:14.359Z	spark1	LOAD	113.710	3.590
2026-09-27T20:25:14.489Z	spark2	LOAD	115.267	1.688
2026-09-27T20:25:14.610Z	spark1	LOAD	113.685	3.590
2026-09-27T20:25:14.738Z	spark2	LOAD	115.267	1.688
2026-09-27T20:25:14.860Z	spark1	LOAD	113.665	3.590
2026-09-27T20:25:14.990Z	spark2	LOAD	115.269	1.688
2026-09-27T20:25:15.111Z	spark1	LOAD	113.639	3.590
2026-09-27T20:25:15.239Z	spark2	LOAD	115.271	1.688
2026-09-27T20:25:15.378Z	spark1	LOAD	113.662	3.590
2026-09-27T20:25:15.505Z	spark2	LOAD	115.271	1.688
2026-09-27T20:25:15.628Z	spark1	LOAD	113.656	3.590
2026-09-27T20:25:15.756Z	spark2	LOAD	115.271	1.688
2026-09-27T20:25:15.878Z	spark1	LOAD	113.633	3.590
2026-09-27T20:25:16.007Z	spark2	LOAD	115.272	1.688
2026-09-27T20:25:16.129Z	spark1	LOAD	113.597	3.589
2026-09-27T20:25:16.257Z	spark2	LOAD	115.255	1.688
2026-09-27T20:25:16.397Z	spark1	LOAD	113.569	3.589
2026-09-27T20:25:16.519Z	spark2	LOAD	115.270	1.688
2026-09-27T20:25:16.648Z	spark1	LOAD	113.542	3.589
2026-09-27T20:25:16.768Z	spark2	LOAD	115.266	1.688
2026-09-27T20:25:16.898Z	spark1	LOAD	113.520	3.589
2026-09-27T20:25:17.019Z	spark2	LOAD	115.266	1.688
2026-09-27T20:25:17.148Z	spark1	LOAD	113.528	3.589
2026-09-27T20:25:17.269Z	spark2	LOAD	115.266	1.688
2026-09-27T20:25:17.416Z	spark1	LOAD	113.506	3.589
2026-09-27T20:25:17.535Z	spark2	LOAD	115.266	1.688
2026-09-27T20:25:17.667Z	spark1	LOAD	113.464	3.589
2026-09-27T20:25:17.786Z	spark2	LOAD	115.266	1.688
2026-09-27T20:25:17.917Z	spark1	LOAD	113.350	3.589
2026-09-27T20:25:18.038Z	spark2	LOAD	115.266	1.688
2026-09-27T20:25:18.167Z	spark1	LOAD	113.217	3.589
2026-09-27T20:25:18.288Z	spark2	LOAD	115.266	1.688
2026-09-27T20:25:18.435Z	spark1	LOAD	113.138	3.589
2026-09-27T20:25:18.552Z	spark2	LOAD	115.267	1.688
2026-09-27T20:25:18.686Z	spark1	LOAD	113.030	3.589
2026-09-27T20:25:18.802Z	spark2	LOAD	115.267	1.688
2026-09-27T20:25:18.936Z	spark1	LOAD	113.190	3.589
2026-09-27T20:25:19.053Z	spark2	LOAD	115.268	1.688
2026-09-27T20:25:19.187Z	spark1	LOAD	113.308	3.589
2026-09-27T20:25:19.304Z	spark2	LOAD	115.268	1.688
2026-09-27T20:25:19.454Z	spark1	LOAD	113.301	3.589
2026-09-27T20:25:19.570Z	spark2	LOAD	115.270	1.688
2026-09-27T20:25:19.705Z	spark1	LOAD	113.259	3.589
2026-09-27T20:25:19.820Z	spark2	LOAD	115.270	1.688
2026-09-27T20:25:19.956Z	spark1	LOAD	113.258	3.589
2026-09-27T20:25:20.071Z	spark2	LOAD	115.271	1.688
2026-09-27T20:25:20.206Z	spark1	LOAD	113.255	3.589
2026-09-27T20:25:20.322Z	spark2	LOAD	115.271	1.688
2026-09-27T20:25:20.473Z	spark1	LOAD	113.266	3.589
2026-09-27T20:25:20.587Z	spark2	LOAD	115.272	1.688
2026-09-27T20:25:20.724Z	spark1	LOAD	113.305	3.589
2026-09-27T20:25:20.838Z	spark2	LOAD	115.272	1.688
2026-09-27T20:25:20.975Z	spark1	LOAD	113.312	3.589
2026-09-27T20:25:21.089Z	spark2	LOAD	115.273	1.688
2026-09-27T20:25:21.225Z	spark1	LOAD	113.312	3.589
2026-09-27T20:25:21.339Z	spark2	LOAD	115.273	1.688
2026-09-27T20:25:21.492Z	spark1	LOAD	113.330	3.589
2026-09-27T20:25:21.601Z	spark2	LOAD	115.275	1.688
2026-09-27T20:25:21.743Z	spark1	LOAD	113.331	3.589
2026-09-27T20:25:21.851Z	spark2	LOAD	115.276	1.688
2026-09-27T20:25:21.994Z	spark1	LOAD	113.330	3.589
2026-09-27T20:25:22.102Z	spark2	LOAD	115.276	1.688
2026-09-27T20:25:22.244Z	spark1	LOAD	113.321	3.589
2026-09-27T20:25:22.353Z	spark2	LOAD	115.276	1.688
2026-09-27T20:25:22.511Z	spark1	LOAD	113.320	3.589
2026-09-27T20:25:22.619Z	spark2	LOAD	115.279	1.688
2026-09-27T20:25:22.761Z	spark1	LOAD	113.320	3.589
2026-09-27T20:25:22.871Z	spark2	LOAD	115.279	1.688
2026-09-27T20:25:23.012Z	spark1	LOAD	113.316	3.589
2026-09-27T20:25:23.122Z	spark2	LOAD	115.279	1.688
2026-09-27T20:25:23.263Z	spark1	LOAD	113.318	3.589
2026-09-27T20:25:23.372Z	spark2	LOAD	115.279	1.688
2026-09-27T20:25:23.530Z	spark1	LOAD	113.310	3.589
2026-09-27T20:25:23.634Z	spark2	LOAD	115.279	1.688
2026-09-27T20:25:23.780Z	spark1	LOAD	113.311	3.589
2026-09-27T20:25:23.884Z	spark2	LOAD	115.279	1.688
2026-09-27T20:25:24.031Z	spark1	LOAD	113.320	3.589
2026-09-27T20:25:24.135Z	spark2	LOAD	115.279	1.688
2026-09-27T20:25:24.281Z	spark1	LOAD	113.313	3.589
2026-09-27T20:25:24.385Z	spark2	LOAD	115.279	1.688
2026-09-27T20:25:24.548Z	spark1	LOAD	113.256	3.589
2026-09-27T20:25:24.651Z	spark2	LOAD	115.281	1.688
2026-09-27T20:25:24.798Z	spark1	LOAD	113.257	3.589
2026-09-27T20:25:24.902Z	spark2	LOAD	115.281	1.688
2026-09-27T20:25:25.049Z	spark1	LOAD	113.261	3.589
2026-09-27T20:25:25.153Z	spark2	LOAD	115.284	1.688
2026-09-27T20:25:25.299Z	spark1	LOAD	113.261	3.589
2026-09-27T20:25:25.404Z	spark2	LOAD	115.284	1.688
2026-09-27T20:25:25.561Z	spark1	LOAD	113.262	3.589
2026-09-27T20:25:25.665Z	spark2	LOAD	115.284	1.688
2026-09-27T20:25:25.812Z	spark1	LOAD	113.261	3.589
2026-09-27T20:25:25.915Z	spark2	LOAD	115.284	1.688
2026-09-27T20:25:26.063Z	spark1	LOAD	113.252	3.589
2026-09-27T20:25:26.166Z	spark2	LOAD	115.285	1.688
2026-09-27T20:25:26.313Z	spark1	LOAD	113.251	3.589
2026-09-27T20:25:26.416Z	spark2	LOAD	115.285	1.688
2026-09-27T20:25:26.574Z	spark1	LOAD	113.237	3.589
2026-09-27T20:25:26.678Z	spark2	LOAD	115.287	1.688
2026-09-27T20:25:26.825Z	spark1	LOAD	113.235	3.589
2026-09-27T20:25:26.929Z	spark2	LOAD	115.287	1.688
2026-09-27T20:25:27.075Z	spark1	LOAD	113.228	3.589
2026-09-27T20:25:27.180Z	spark2	LOAD	115.287	1.688
2026-09-27T20:25:27.326Z	spark1	LOAD	113.227	3.589
2026-09-27T20:25:27.431Z	spark2	LOAD	115.285	1.688
2026-09-27T20:25:27.589Z	spark1	LOAD	113.226	3.589
2026-09-27T20:25:27.694Z	spark2	LOAD	115.292	1.688
2026-09-27T20:25:27.840Z	spark1	LOAD	113.208	3.589
2026-09-27T20:25:27.944Z	spark2	LOAD	115.286	1.688
2026-09-27T20:25:28.091Z	spark1	LOAD	113.220	3.589
2026-09-27T20:25:28.195Z	spark2	LOAD	115.286	1.688
2026-09-27T20:25:28.341Z	spark1	LOAD	113.221	3.589
2026-09-27T20:25:28.446Z	spark2	LOAD	115.286	1.688
2026-09-27T20:25:28.603Z	spark1	LOAD	113.226	3.589
2026-09-27T20:25:28.708Z	spark2	LOAD	115.286	1.688
2026-09-27T20:25:28.854Z	spark1	LOAD	113.231	3.589
2026-09-27T20:25:28.959Z	spark2	LOAD	115.287	1.688
2026-09-27T20:25:29.104Z	spark1	LOAD	113.236	3.589
2026-09-27T20:25:29.210Z	spark2	LOAD	115.287	1.688
2026-09-27T20:25:29.355Z	spark1	LOAD	113.238	3.589
2026-09-27T20:25:29.462Z	spark2	LOAD	115.287	1.688
2026-09-27T20:25:29.621Z	spark1	LOAD	113.235	3.589
2026-09-27T20:25:29.726Z	spark2	LOAD	115.288	1.688
2026-09-27T20:25:29.871Z	spark1	LOAD	113.236	3.589
2026-09-27T20:25:29.978Z	spark2	LOAD	115.291	1.688
2026-09-27T20:25:30.122Z	spark1	LOAD	113.247	3.589
2026-09-27T20:25:30.228Z	spark2	LOAD	115.291	1.688
2026-09-27T20:25:30.372Z	spark1	LOAD	113.247	3.589
2026-09-27T20:25:30.478Z	spark2	LOAD	115.291	1.688
2026-09-27T20:25:30.636Z	spark1	LOAD	113.248	3.588
2026-09-27T20:25:30.740Z	spark2	LOAD	115.292	1.688
2026-09-27T20:25:30.886Z	spark1	LOAD	113.255	3.588
2026-09-27T20:25:30.991Z	spark2	LOAD	115.293	1.688
2026-09-27T20:25:31.137Z	spark1	LOAD	113.260	3.588
2026-09-27T20:25:31.242Z	spark2	LOAD	115.293	1.688
2026-09-27T20:25:31.388Z	spark1	LOAD	113.261	3.588
2026-09-27T20:25:31.494Z	spark2	LOAD	115.293	1.688
2026-09-27T20:25:31.649Z	spark1	LOAD	113.261	3.588
2026-09-27T20:25:31.754Z	spark2	LOAD	115.293	1.688
2026-09-27T20:25:31.900Z	spark1	LOAD	113.270	3.588
2026-09-27T20:25:32.004Z	spark2	LOAD	115.293	1.688
2026-09-27T20:25:32.150Z	spark1	LOAD	113.266	3.588
2026-09-27T20:25:32.255Z	spark2	LOAD	115.293	1.688
2026-09-27T20:25:32.400Z	spark1	LOAD	113.264	3.588
2026-09-27T20:25:32.506Z	spark2	LOAD	115.294	1.688
2026-09-27T20:25:32.667Z	spark1	LOAD	113.254	3.588
2026-09-27T20:25:32.770Z	spark2	LOAD	115.293	1.688
2026-09-27T20:25:32.917Z	spark1	LOAD	113.266	3.588
2026-09-27T20:25:33.021Z	spark2	LOAD	115.293	1.688
2026-09-27T20:25:33.167Z	spark1	LOAD	113.263	3.588
2026-09-27T20:25:33.272Z	spark2	LOAD	115.293	1.688
2026-09-27T20:25:33.418Z	spark1	LOAD	113.269	3.588
2026-09-27T20:25:33.522Z	spark2	LOAD	115.293	1.688
2026-09-27T20:25:33.685Z	spark1	LOAD	113.261	3.588
2026-09-27T20:25:33.788Z	spark2	LOAD	115.293	1.688
2026-09-27T20:25:33.935Z	spark1	LOAD	113.284	3.588
2026-09-27T20:25:34.038Z	spark2	LOAD	115.294	1.688
2026-09-27T20:25:34.186Z	spark1	LOAD	113.277	3.588
2026-09-27T20:25:34.288Z	spark2	LOAD	115.294	1.688
2026-09-27T20:25:34.436Z	spark1	LOAD	113.282	3.588
2026-09-27T20:25:34.540Z	spark2	LOAD	115.294	1.688
2026-09-27T20:25:34.702Z	spark1	LOAD	113.281	3.588
2026-09-27T20:25:34.804Z	spark2	LOAD	115.294	1.688
2026-09-27T20:25:34.953Z	spark1	LOAD	113.293	3.588
2026-09-27T20:25:35.054Z	spark2	LOAD	115.294	1.688
2026-09-27T20:25:35.203Z	spark1	LOAD	113.296	3.588
2026-09-27T20:25:35.305Z	spark2	LOAD	115.250	1.688
2026-09-27T20:25:35.454Z	spark1	LOAD	113.087	3.588
2026-09-27T20:25:35.555Z	spark2	LOAD	114.948	1.688
2026-09-27T20:25:35.720Z	spark1	LOAD	112.691	3.588
2026-09-27T20:25:35.816Z	spark2	LOAD	114.660	1.688
2026-09-27T20:25:35.971Z	spark1	LOAD	112.507	3.588
2026-09-27T20:25:36.066Z	spark2	LOAD	114.439	1.688
2026-09-27T20:25:36.221Z	spark1	LOAD	112.305	3.588
2026-09-27T20:25:36.317Z	spark2	LOAD	114.226	1.688
2026-09-27T20:25:36.471Z	spark1	LOAD	112.109	3.588
2026-09-27T20:25:36.567Z	spark2	LOAD	114.037	1.688
2026-09-27T20:25:36.738Z	spark1	LOAD	111.867	3.588
2026-09-27T20:25:36.828Z	spark2	LOAD	113.812	1.688
2026-09-27T20:25:36.989Z	spark1	LOAD	111.634	3.588
2026-09-27T20:25:37.079Z	spark2	LOAD	113.560	1.688
2026-09-27T20:25:37.239Z	spark1	LOAD	110.974	3.588
2026-09-27T20:25:37.330Z	spark2	LOAD	112.935	1.688
2026-09-27T20:25:37.489Z	spark1	LOAD	110.777	3.588
2026-09-27T20:25:37.580Z	spark2	LOAD	112.698	1.688
2026-09-27T20:25:37.756Z	spark1	LOAD	110.531	3.588
2026-09-27T20:25:37.842Z	spark2	LOAD	112.430	1.688
2026-09-27T20:25:38.006Z	spark1	LOAD	110.285	3.588
2026-09-27T20:25:38.092Z	spark2	LOAD	112.174	1.688
2026-09-27T20:25:38.256Z	spark1	LOAD	110.009	3.588
2026-09-27T20:25:38.342Z	spark2	LOAD	111.897	1.688
2026-09-27T20:25:38.507Z	spark1	LOAD	109.736	3.588
2026-09-27T20:25:38.593Z	spark2	LOAD	111.394	1.688
2026-09-27T20:25:38.774Z	spark1	LOAD	109.389	3.588
2026-09-27T20:25:38.854Z	spark2	LOAD	111.367	1.688
2026-09-27T20:25:39.024Z	spark1	LOAD	109.347	3.588
2026-09-27T20:25:39.105Z	spark2	LOAD	109.674	1.688
2026-09-27T20:25:39.275Z	spark1	LOAD	106.190	3.588
2026-09-27T20:25:39.356Z	spark2	LOAD	105.454	1.688
2026-09-27T20:25:39.526Z	spark1	LOAD	100.202	3.588
2026-09-27T20:25:39.607Z	spark2	LOAD	99.391	1.688
2026-09-27T20:25:39.787Z	spark1	LOAD	94.089	3.588
2026-09-27T20:25:39.871Z	spark2	LOAD	92.884	1.688
2026-09-27T20:25:40.038Z	spark1	LOAD	88.526	3.588
2026-09-27T20:25:40.123Z	spark2	LOAD	86.708	1.688
2026-09-27T20:25:40.288Z	spark1	LOAD	82.354	3.588
2026-09-27T20:25:40.373Z	spark2	LOAD	80.537	1.688
2026-09-27T20:25:40.539Z	spark1	LOAD	76.178	3.588
2026-09-27T20:25:40.624Z	spark2	LOAD	74.285	1.688
2026-09-27T20:25:40.806Z	spark1	LOAD	69.627	3.588
2026-09-27T20:25:40.888Z	spark2	LOAD	67.651	1.688
2026-09-27T20:25:41.057Z	spark1	LOAD	63.430	3.588
2026-09-27T20:25:41.139Z	spark2	LOAD	61.387	1.688
2026-09-27T20:25:41.308Z	spark1	LOAD	57.147	3.588
2026-09-27T20:25:41.390Z	spark2	LOAD	55.082	1.688
2026-09-27T20:25:41.558Z	spark1	LOAD	50.916	3.588
2026-09-27T20:25:41.640Z	spark2	LOAD	48.704	1.688
2026-09-27T20:25:41.821Z	spark1	LOAD	44.448	3.588
2026-09-27T20:25:41.905Z	spark2	LOAD	42.050	1.688
2026-09-27T20:25:42.072Z	spark1	LOAD	38.472	3.588
2026-09-27T20:25:42.156Z	spark2	LOAD	35.631	1.688
2026-09-27T20:25:42.323Z	spark1	LOAD	32.166	3.588
2026-09-27T20:25:42.406Z	spark2	LOAD	29.259	1.688
2026-09-27T20:25:42.573Z	spark1	LOAD	25.901	3.588
2026-09-27T20:25:42.657Z	spark2	LOAD	22.858	1.688
2026-09-27T20:25:42.842Z	spark1	LOAD	19.277	3.588
2026-09-27T20:25:42.922Z	spark2	LOAD	20.609	1.688
2026-09-27T20:25:43.092Z	spark1	LOAD	18.700	3.588
2026-09-27T20:25:43.172Z	spark2	LOAD	20.189	1.688
2026-09-27T20:25:43.342Z	spark1	LOAD	18.244	3.588
2026-09-27T20:25:43.423Z	spark2	LOAD	19.960	1.688
2026-09-27T20:25:43.593Z	spark1	LOAD	18.390	3.603
2026-09-27T20:25:43.673Z	spark2	LOAD	19.804	1.688
2026-09-27T20:25:43.860Z	spark1	LOAD	18.329	3.603
2026-09-27T20:25:43.938Z	spark2	LOAD	19.639	1.688
2026-09-27T20:25:44.110Z	spark1	LOAD	18.274	3.603
2026-09-27T20:25:44.189Z	spark2	LOAD	19.488	1.688
2026-09-27T20:25:44.361Z	spark1	LOAD	18.306	3.603
2026-09-27T20:25:44.439Z	spark2	LOAD	19.333	1.688
2026-09-27T20:25:44.611Z	spark1	LOAD	18.257	3.603
2026-09-27T20:25:44.689Z	spark2	LOAD	19.173	1.688
2026-09-27T20:25:44.878Z	spark1	LOAD	18.213	3.603
2026-09-27T20:25:44.954Z	spark2	LOAD	19.007	1.688
2026-09-27T20:25:45.129Z	spark1	LOAD	18.139	3.603
2026-09-27T20:25:45.204Z	spark2	LOAD	18.845	1.688
2026-09-27T20:25:45.379Z	spark1	LOAD	18.104	3.603
2026-09-27T20:25:45.455Z	spark2	LOAD	18.692	1.688
2026-09-27T20:25:45.629Z	spark1	LOAD	18.075	3.603
2026-09-27T20:25:45.705Z	spark2	LOAD	18.537	1.688
2026-09-27T20:25:45.897Z	spark1	LOAD	18.043	3.603
2026-09-27T20:25:45.969Z	spark2	LOAD	18.366	1.688
2026-09-27T20:25:46.146Z	spark1	LOAD	18.002	3.603
2026-09-27T20:25:46.220Z	spark2	LOAD	18.206	1.688
2026-09-27T20:25:46.397Z	spark1	LOAD	17.964	3.603
2026-09-27T20:25:46.471Z	spark2	LOAD	18.039	1.688
2026-09-27T20:25:46.647Z	spark1	LOAD	17.938	3.603
2026-09-27T20:25:46.720Z	spark2	LOAD	17.974	1.688
2026-09-27T20:25:46.913Z	spark1	LOAD	17.911	3.603
2026-09-27T20:25:46.986Z	spark2	LOAD	18.038	1.688
2026-09-27T20:25:47.164Z	spark1	LOAD	17.882	3.603
2026-09-27T20:25:47.236Z	spark2	LOAD	19.656	1.688
2026-09-27T20:25:47.414Z	spark1	LOAD	17.937	3.603
2026-09-27T20:25:47.486Z	spark2	LOAD	20.094	1.688
2026-09-27T20:25:47.664Z	spark1	LOAD	17.846	3.603
2026-09-27T20:25:47.737Z	spark2	LOAD	20.051	1.688
2026-09-27T20:25:47.927Z	spark1	LOAD	17.770	3.603
2026-09-27T20:25:48.006Z	spark2	LOAD	20.003	1.688
2026-09-27T20:25:48.178Z	spark1	LOAD	17.719	3.603
2026-09-27T20:25:48.257Z	spark2	LOAD	19.959	1.688
2026-09-27T20:25:48.428Z	spark1	LOAD	17.690	3.603
2026-09-27T20:25:48.508Z	spark2	LOAD	19.917	1.688
2026-09-27T20:25:48.678Z	spark1	LOAD	17.732	3.603
2026-09-27T20:25:48.758Z	spark2	LOAD	19.802	1.688
2026-09-27T20:25:48.946Z	spark1	LOAD	17.697	3.603
2026-09-27T20:25:49.023Z	spark2	LOAD	19.611	1.688
2026-09-27T20:25:49.196Z	spark1	LOAD	17.665	3.603
2026-09-27T20:25:49.274Z	spark2	LOAD	18.899	1.688
2026-09-27T20:25:49.447Z	spark1	LOAD	17.625	3.603
2026-09-27T20:25:49.524Z	spark2	LOAD	19.227	1.688
2026-09-27T20:25:49.697Z	spark1	LOAD	17.593	3.603
2026-09-27T20:25:49.775Z	spark2	LOAD	18.631	1.688
2026-09-27T20:25:49.959Z	spark1	LOAD	17.644	3.603
2026-09-27T20:25:50.041Z	spark2	LOAD	18.488	1.688
2026-09-27T20:25:50.209Z	spark1	LOAD	17.554	3.603
2026-09-27T20:25:50.292Z	spark2	LOAD	18.409	1.688
2026-09-27T20:25:50.460Z	spark1	LOAD	17.524	3.603
2026-09-27T20:25:50.542Z	spark2	LOAD	18.770	1.688
2026-09-27T20:25:50.710Z	spark1	LOAD	17.479	3.603
2026-09-27T20:25:50.793Z	spark2	LOAD	18.194	1.688
2026-09-27T20:25:50.972Z	spark1	LOAD	17.461	3.603
2026-09-27T20:25:51.060Z	spark2	LOAD	18.045	1.688
2026-09-27T20:25:51.223Z	spark1	LOAD	17.434	3.603
2026-09-27T20:25:51.310Z	spark2	LOAD	18.399	1.688
2026-09-27T20:25:51.474Z	spark1	LOAD	17.406	3.603
2026-09-27T20:25:51.561Z	spark2	LOAD	19.559	1.688
2026-09-27T20:25:51.723Z	spark1	LOAD	17.379	3.603
2026-09-27T20:25:51.811Z	spark2	LOAD	20.429	1.688
2026-09-27T20:25:51.987Z	spark1	LOAD	17.348	3.603
2026-09-27T20:25:52.071Z	spark2	LOAD	20.453	1.688
2026-09-27T20:25:52.237Z	spark1	LOAD	17.318	3.603
2026-09-27T20:25:52.322Z	spark2	LOAD	20.472	1.688
2026-09-27T20:25:52.487Z	spark1	LOAD	17.304	3.603
2026-09-27T20:25:52.572Z	spark2	LOAD	20.488	1.688
2026-09-27T20:25:52.738Z	spark1	LOAD	17.329	3.603
2026-09-27T20:25:52.823Z	spark2	LOAD	20.508	1.688
2026-09-27T20:25:53.001Z	spark1	LOAD	17.287	3.603
2026-09-27T20:25:53.087Z	spark2	LOAD	20.285	1.688
2026-09-27T20:25:53.251Z	spark1	LOAD	17.243	3.603
2026-09-27T20:25:53.338Z	spark2	LOAD	20.270	1.688
2026-09-27T20:25:53.502Z	spark1	LOAD	17.236	3.603
2026-09-27T20:25:53.588Z	spark2	LOAD	20.250	1.688
2026-09-27T20:25:53.752Z	spark1	LOAD	17.177	3.602
2026-09-27T20:25:53.838Z	spark2	LOAD	20.156	1.688
2026-09-27T20:25:54.019Z	spark1	LOAD	17.136	3.602
2026-09-27T20:25:54.098Z	spark2	LOAD	20.016	1.688
2026-09-27T20:25:54.269Z	spark1	LOAD	17.096	3.602
2026-09-27T20:25:54.348Z	spark2	LOAD	20.104	1.688
2026-09-27T20:25:54.519Z	spark1	LOAD	17.068	3.602
2026-09-27T20:25:54.599Z	spark2	LOAD	20.301	1.688
2026-09-27T20:25:54.770Z	spark1	LOAD	17.040	3.602
2026-09-27T20:25:54.850Z	spark2	LOAD	19.753	1.688
2026-09-27T20:25:55.032Z	spark1	LOAD	17.010	3.602
2026-09-27T20:25:55.111Z	spark2	LOAD	19.695	1.688
2026-09-27T20:25:55.282Z	spark1	LOAD	16.975	3.602
2026-09-27T20:25:55.361Z	spark2	LOAD	19.603	1.688
2026-09-27T20:25:55.533Z	spark1	LOAD	16.998	3.602
2026-09-27T20:25:55.612Z	spark2	LOAD	19.504	1.688
2026-09-27T20:25:55.783Z	spark1	LOAD	16.968	3.602
2026-09-27T20:25:55.862Z	spark2	LOAD	19.401	1.688
2026-09-27T20:25:56.050Z	spark1	LOAD	16.933	3.602
2026-09-27T20:25:56.122Z	spark2	LOAD	19.311	1.688
2026-09-27T20:25:56.300Z	spark1	LOAD	16.884	3.602
2026-09-27T20:25:56.373Z	spark2	LOAD	19.207	1.688
2026-09-27T20:25:56.550Z	spark1	LOAD	16.874	3.602
2026-09-27T20:25:56.623Z	spark2	LOAD	19.099	1.688
2026-09-27T20:25:56.801Z	spark1	LOAD	16.843	3.602
2026-09-27T20:25:56.873Z	spark2	LOAD	19.502	1.688
2026-09-27T20:25:57.062Z	spark1	LOAD	16.799	3.602
2026-09-27T20:25:57.133Z	spark2	LOAD	19.015	1.688
2026-09-27T20:25:57.313Z	spark1	LOAD	16.761	3.602
2026-09-27T20:25:57.384Z	spark2	LOAD	18.844	1.688
2026-09-27T20:25:57.563Z	spark1	LOAD	16.732	3.602
2026-09-27T20:25:57.634Z	spark2	LOAD	18.749	1.688
2026-09-27T20:25:57.813Z	spark1	LOAD	16.704	3.602
2026-09-27T20:25:57.884Z	spark2	LOAD	18.654	1.688
2026-09-27T20:25:58.080Z	spark1	LOAD	16.671	3.602
2026-09-27T20:25:58.149Z	spark2	LOAD	19.040	1.688
2026-09-27T20:25:58.331Z	spark1	LOAD	16.612	3.602
2026-09-27T20:25:58.399Z	spark2	LOAD	18.950	1.688
2026-09-27T20:25:58.581Z	spark1	LOAD	16.633	3.602
2026-09-27T20:25:58.649Z	spark2	LOAD	18.395	1.688
2026-09-27T20:25:58.832Z	spark1	LOAD	16.561	3.602
2026-09-27T20:25:58.900Z	spark2	LOAD	18.291	1.688
2026-09-27T20:25:59.094Z	spark1	LOAD	16.575	3.602
2026-09-27T20:25:59.164Z	spark2	LOAD	18.182	1.688
2026-09-27T20:25:59.344Z	spark1	LOAD	16.546	3.602
2026-09-27T20:25:59.415Z	spark2	LOAD	18.588	1.688
2026-09-27T20:25:59.595Z	spark1	LOAD	16.457	3.602
2026-09-27T20:25:59.665Z	spark2	LOAD	18.501	1.688
2026-09-27T20:25:59.845Z	spark1	LOAD	16.475	3.602
2026-09-27T20:25:59.916Z	spark2	LOAD	18.386	1.688
2026-09-27T20:26:00.112Z	spark1	LOAD	16.425	3.602
2026-09-27T20:26:00.176Z	spark2	LOAD	18.268	1.688
2026-09-27T20:26:00.362Z	spark1	LOAD	16.393	3.602
2026-09-27T20:26:00.426Z	spark2	LOAD	18.159	1.688
2026-09-27T20:26:00.613Z	spark1	LOAD	16.328	3.602
2026-09-27T20:26:00.677Z	spark2	LOAD	19.485	1.688
2026-09-27T20:26:00.863Z	spark1	LOAD	16.312	3.602
2026-09-27T20:26:00.927Z	spark2	LOAD	20.610	1.688
2026-09-27T20:26:01.124Z	spark1	LOAD	15.939	3.602
2026-09-27T20:26:01.193Z	spark2	LOAD	20.552	1.688
2026-09-27T20:26:01.375Z	spark1	LOAD	16.372	3.602
2026-09-27T20:26:01.443Z	spark2	LOAD	20.491	1.688
2026-09-27T20:26:01.625Z	spark1	LOAD	18.537	3.602
2026-09-27T20:26:01.694Z	spark2	LOAD	20.399	1.688
2026-09-27T20:26:01.876Z	spark1	LOAD	18.808	3.602
2026-09-27T20:26:01.944Z	spark2	LOAD	20.294	1.688
2026-09-27T20:26:02.138Z	spark1	LOAD	18.623	3.602
2026-09-27T20:26:02.209Z	spark2	LOAD	20.171	1.688
2026-09-27T20:26:02.390Z	spark1	LOAD	18.470	3.602
2026-09-27T20:26:02.459Z	spark2	LOAD	20.069	1.688
2026-09-27T20:26:02.640Z	spark1	LOAD	18.295	3.602
2026-09-27T20:26:02.710Z	spark2	LOAD	19.990	1.688
2026-09-27T20:26:02.890Z	spark1	LOAD	18.106	3.602
2026-09-27T20:26:02.960Z	spark2	LOAD	19.888	1.688
2026-09-27T20:26:03.155Z	spark1	LOAD	17.942	3.602
2026-09-27T20:26:03.226Z	spark2	LOAD	19.724	1.688
2026-09-27T20:26:03.406Z	spark1	LOAD	17.784	3.602
2026-09-27T20:26:03.476Z	spark2	LOAD	19.698	1.688
2026-09-27T20:26:03.656Z	spark1	LOAD	17.716	3.602
2026-09-27T20:26:03.727Z	spark2	LOAD	19.620	1.688
2026-09-27T20:26:03.907Z	spark1	LOAD	17.549	3.602
2026-09-27T20:26:03.977Z	spark2	LOAD	19.761	1.934
2026-09-27T20:26:04.174Z	spark1	LOAD	17.353	3.602
2026-09-27T20:26:04.242Z	spark2	LOAD	19.807	2.063
2026-09-27T20:26:04.424Z	spark1	LOAD	17.176	3.602
2026-09-27T20:26:04.492Z	spark2	LOAD	19.880	2.201
2026-09-27T20:26:04.675Z	spark1	LOAD	16.975	3.602
2026-09-27T20:26:04.742Z	spark2	LOAD	19.930	2.344
2026-09-27T20:26:04.925Z	spark1	LOAD	16.817	3.602
2026-09-27T20:26:04.993Z	spark2	LOAD	20.001	2.496
2026-09-27T20:26:05.193Z	spark1	LOAD	16.686	3.602
2026-09-27T20:26:05.257Z	spark2	LOAD	20.134	2.698
2026-09-27T20:26:05.443Z	spark1	LOAD	16.562	3.602
2026-09-27T20:26:05.508Z	spark2	LOAD	20.224	2.829
2026-09-27T20:26:05.693Z	spark1	LOAD	18.579	3.602
2026-09-27T20:26:05.758Z	spark2	LOAD	20.285	2.958
2026-09-27T20:26:05.943Z	spark1	LOAD	18.602	3.602
2026-09-27T20:26:06.008Z	spark2	LOAD	20.364	3.093
2026-09-27T20:26:06.204Z	spark1	LOAD	18.621	3.602
2026-09-27T20:26:06.273Z	spark2	LOAD	20.447	3.233
2026-09-27T20:26:06.455Z	spark1	LOAD	18.639	3.602
2026-09-27T20:26:06.523Z	spark2	LOAD	20.439	3.317
2026-09-27T20:26:06.705Z	spark1	LOAD	18.647	3.602
2026-09-27T20:26:06.774Z	spark2	LOAD	20.376	3.359
2026-09-27T20:26:06.955Z	spark1	LOAD	18.670	3.602
2026-09-27T20:26:07.024Z	spark2	LOAD	20.297	3.382
2026-09-27T20:26:07.217Z	spark1	LOAD	18.958	3.602
2026-09-27T20:26:07.289Z	spark2	LOAD	20.373	3.531
2026-09-27T20:26:07.467Z	spark1	LOAD	18.357	3.602
2026-09-27T20:26:07.539Z	spark2	LOAD	20.478	3.686
2026-09-27T20:26:07.717Z	spark1	LOAD	18.924	3.602
2026-09-27T20:26:07.790Z	spark2	LOAD	20.431	3.732
2026-09-27T20:26:07.967Z	spark1	LOAD	18.895	3.602
2026-09-27T20:26:08.040Z	spark2	LOAD	20.965	3.731
2026-09-27T20:26:08.234Z	spark1	LOAD	18.884	3.602
2026-09-27T20:26:08.301Z	spark2	LOAD	22.603	3.731
2026-09-27T20:26:08.484Z	spark1	LOAD	18.860	3.602
2026-09-27T20:26:08.551Z	spark2	LOAD	22.721	3.731
2026-09-27T20:26:08.734Z	spark1	LOAD	18.832	3.602
2026-09-27T20:26:08.801Z	spark2	LOAD	22.571	3.732
2026-09-27T20:26:08.985Z	spark1	LOAD	18.793	3.602
2026-09-27T20:26:09.052Z	spark2	LOAD	22.469	3.732
2026-09-27T20:26:09.255Z	spark1	LOAD	18.763	3.602
2026-09-27T20:26:09.317Z	spark2	LOAD	22.359	3.732
2026-09-27T20:26:09.505Z	spark1	LOAD	18.738	3.602
2026-09-27T20:26:09.567Z	spark2	LOAD	22.248	3.732
2026-09-27T20:26:09.755Z	spark1	LOAD	18.713	3.602
2026-09-27T20:26:09.818Z	spark2	LOAD	22.117	3.732
2026-09-27T20:26:10.006Z	spark1	LOAD	18.733	3.602
2026-09-27T20:26:10.068Z	spark2	LOAD	22.007	3.732
2026-09-27T20:26:10.273Z	spark1	LOAD	18.955	3.602
2026-09-27T20:26:10.328Z	spark2	LOAD	21.902	3.732
2026-09-27T20:26:10.524Z	spark1	LOAD	18.835	3.602
2026-09-27T20:26:10.578Z	spark2	LOAD	21.522	3.732
2026-09-27T20:26:10.774Z	spark1	LOAD	18.766	3.602
2026-09-27T20:26:10.828Z	spark2	LOAD	21.203	3.732
2026-09-27T20:26:11.024Z	spark1	LOAD	18.826	3.602
2026-09-27T20:26:11.079Z	spark2	LOAD	21.536	3.732
2026-09-27T20:26:11.286Z	spark1	LOAD	18.757	3.602
2026-09-27T20:26:11.343Z	spark2	LOAD	21.406	3.732
2026-09-27T20:26:11.536Z	spark1	LOAD	18.701	3.602
2026-09-27T20:26:11.593Z	spark2	LOAD	21.315	3.732
2026-09-27T20:26:11.787Z	spark1	LOAD	18.664	3.602
2026-09-27T20:26:11.843Z	spark2	LOAD	21.205	3.732
2026-09-27T20:26:12.037Z	spark1	LOAD	18.623	3.602
2026-09-27T20:26:12.094Z	spark2	LOAD	21.093	3.732
2026-09-27T20:26:12.304Z	spark1	LOAD	18.598	3.602
2026-09-27T20:26:12.358Z	spark2	LOAD	20.847	3.747
2026-09-27T20:26:12.555Z	spark1	LOAD	18.566	3.602
2026-09-27T20:26:12.608Z	spark2	LOAD	20.979	3.896
2026-09-27T20:26:12.805Z	spark1	LOAD	18.515	3.602
2026-09-27T20:26:12.859Z	spark2	LOAD	20.956	3.901
2026-09-27T20:26:13.055Z	spark1	LOAD	18.474	3.602
2026-09-27T20:26:13.109Z	spark2	LOAD	20.923	3.901
2026-09-27T20:26:13.321Z	spark1	LOAD	18.497	3.602
2026-09-27T20:26:13.369Z	spark2	LOAD	20.924	3.901
2026-09-27T20:26:13.571Z	spark1	LOAD	18.447	3.602
2026-09-27T20:26:13.619Z	spark2	LOAD	20.997	3.901
2026-09-27T20:26:13.821Z	spark1	LOAD	18.396	3.602
2026-09-27T20:26:13.869Z	spark2	LOAD	20.929	3.901
2026-09-27T20:26:14.072Z	spark1	LOAD	18.344	3.602
2026-09-27T20:26:14.120Z	spark2	LOAD	20.720	3.902
2026-09-27T20:26:14.339Z	spark1	LOAD	18.286	3.602
2026-09-27T20:26:14.385Z	spark2	LOAD	20.627	3.902
2026-09-27T20:26:14.589Z	spark1	LOAD	18.244	3.602
2026-09-27T20:26:14.636Z	spark2	LOAD	20.618	3.902
2026-09-27T20:26:14.839Z	spark1	LOAD	18.203	3.602
2026-09-27T20:26:14.886Z	spark2	LOAD	20.596	3.902
2026-09-27T20:26:15.090Z	spark1	LOAD	18.170	3.602
2026-09-27T20:26:15.136Z	spark2	LOAD	20.606	3.902
2026-09-27T20:26:15.353Z	spark1	LOAD	18.134	3.602
2026-09-27T20:26:15.402Z	spark2	LOAD	20.778	3.902
2026-09-27T20:26:15.603Z	spark1	LOAD	18.093	3.602
2026-09-27T20:26:15.652Z	spark2	LOAD	20.768	3.949
2026-09-27T20:26:15.853Z	spark1	LOAD	18.051	3.602
2026-09-27T20:26:15.902Z	spark2	LOAD	20.980	3.949
2026-09-27T20:26:16.104Z	spark1	LOAD	18.018	3.602
2026-09-27T20:26:16.153Z	spark2	LOAD	20.889	3.949
2026-09-27T20:26:16.371Z	spark1	LOAD	17.984	3.602
2026-09-27T20:26:16.413Z	spark2	LOAD	20.786	3.949
2026-09-27T20:26:16.622Z	spark1	LOAD	17.934	3.602
2026-09-27T20:26:16.664Z	spark2	LOAD	20.671	3.949
2026-09-27T20:26:16.872Z	spark1	LOAD	17.911	3.602
2026-09-27T20:26:16.914Z	spark2	LOAD	20.571	3.949
2026-09-27T20:26:17.122Z	spark1	LOAD	17.890	3.602
2026-09-27T20:26:17.164Z	spark2	LOAD	20.455	3.949
2026-09-27T20:26:17.384Z	spark1	LOAD	17.841	3.602
2026-09-27T20:26:17.424Z	spark2	LOAD	20.351	3.949
2026-09-27T20:26:17.635Z	spark1	LOAD	17.806	3.602
2026-09-27T20:26:17.675Z	spark2	LOAD	20.249	3.949
2026-09-27T20:26:17.885Z	spark1	LOAD	17.810	3.602
2026-09-27T20:26:17.926Z	spark2	LOAD	20.666	3.949
2026-09-27T20:26:18.135Z	spark1	LOAD	17.788	3.602
2026-09-27T20:26:18.177Z	spark2	LOAD	22.092	3.949
2026-09-27T20:26:18.402Z	spark1	LOAD	17.742	3.602
2026-09-27T20:26:18.439Z	spark2	LOAD	22.915	3.949
2026-09-27T20:26:18.652Z	spark1	LOAD	17.710	3.602
2026-09-27T20:26:18.690Z	spark2	LOAD	22.827	3.949
2026-09-27T20:26:18.902Z	spark1	LOAD	17.677	3.602
2026-09-27T20:26:18.939Z	spark2	LOAD	22.708	3.949
2026-09-27T20:26:19.152Z	spark1	LOAD	17.614	3.602
2026-09-27T20:26:19.190Z	spark2	LOAD	22.589	3.949
2026-09-27T20:26:19.420Z	spark1	LOAD	17.615	3.602
2026-09-27T20:26:19.450Z	spark2	LOAD	22.466	3.949
2026-09-27T20:26:19.670Z	spark1	LOAD	17.565	3.602
2026-09-27T20:26:19.700Z	spark2	LOAD	22.374	3.949
2026-09-27T20:26:19.921Z	spark1	LOAD	17.541	3.602
2026-09-27T20:26:19.951Z	spark2	LOAD	22.273	3.949
2026-09-27T20:26:20.171Z	spark1	LOAD	17.502	3.602
2026-09-27T20:26:20.201Z	spark2	LOAD	22.141	3.949
2026-09-27T20:26:20.439Z	spark1	LOAD	17.461	3.602
2026-09-27T20:26:20.462Z	spark2	LOAD	22.023	3.949
2026-09-27T20:26:20.689Z	spark1	LOAD	17.427	3.602
2026-09-27T20:26:20.712Z	spark2	LOAD	21.910	3.949
2026-09-27T20:26:20.940Z	spark1	LOAD	17.401	3.602
2026-09-27T20:26:20.962Z	spark2	LOAD	21.422	3.949
2026-09-27T20:26:21.190Z	spark1	LOAD	17.369	3.602
2026-09-27T20:26:21.213Z	spark2	LOAD	21.757	3.949
2026-09-27T20:26:21.452Z	spark1	LOAD	17.331	3.602
2026-09-27T20:26:21.477Z	spark2	LOAD	21.194	3.949
2026-09-27T20:26:21.702Z	spark1	LOAD	17.270	3.602
2026-09-27T20:26:21.727Z	spark2	LOAD	21.585	3.949
2026-09-27T20:26:21.953Z	spark1	LOAD	17.231	3.602
2026-09-27T20:26:21.977Z	spark2	LOAD	21.458	3.950
2026-09-27T20:26:22.203Z	spark1	LOAD	17.221	3.602
2026-09-27T20:26:22.228Z	spark2	LOAD	21.325	3.950
2026-09-27T20:26:22.473Z	spark1	LOAD	17.198	3.602
2026-09-27T20:26:22.491Z	spark2	LOAD	21.221	3.950
2026-09-27T20:26:22.723Z	spark1	LOAD	17.148	3.602
2026-09-27T20:26:22.742Z	spark2	LOAD	20.626	3.950
2026-09-27T20:26:22.973Z	spark1	LOAD	17.090	3.602
2026-09-27T20:26:22.992Z	spark2	LOAD	20.970	3.950
2026-09-27T20:26:23.224Z	spark1	LOAD	17.065	3.602
2026-09-27T20:26:23.242Z	spark2	LOAD	20.894	3.950
2026-09-27T20:26:23.490Z	spark1	LOAD	17.019	3.602
2026-09-27T20:26:23.508Z	spark2	LOAD	20.787	3.950
2026-09-27T20:26:23.741Z	spark1	LOAD	16.997	3.602
2026-09-27T20:26:23.758Z	spark2	LOAD	20.233	3.950
2026-09-27T20:26:23.991Z	spark1	LOAD	16.953	3.602
2026-09-27T20:26:24.008Z	spark2	LOAD	20.574	3.951
2026-09-27T20:26:24.241Z	spark1	LOAD	16.925	3.837
2026-09-27T20:26:24.258Z	spark2	LOAD	20.471	3.951
2026-09-27T20:26:24.507Z	spark1	LOAD	17.304	3.999
2026-09-27T20:26:24.518Z	spark2	LOAD	19.946	3.951
2026-09-27T20:26:24.758Z	spark1	LOAD	17.261	4.194
2026-09-27T20:26:24.769Z	spark2	LOAD	20.968	3.951
2026-09-27T20:26:25.008Z	spark1	LOAD	17.627	4.395
2026-09-27T20:26:25.019Z	spark2	LOAD	22.568	3.951
2026-09-27T20:26:25.258Z	spark1	LOAD	17.834	4.611
2026-09-27T20:26:25.269Z	spark2	LOAD	22.477	3.951
2026-09-27T20:26:25.526Z	spark1	LOAD	18.079	4.876
2026-09-27T20:26:25.529Z	spark2	LOAD	22.397	3.951
2026-09-27T20:26:25.776Z	spark1	LOAD	18.310	5.132
2026-09-27T20:26:25.780Z	spark2	LOAD	22.278	3.951
2026-09-27T20:26:26.026Z	spark1	LOAD	18.518	5.381
2026-09-27T20:26:26.030Z	spark2	LOAD	22.069	3.951
2026-09-27T20:26:26.276Z	spark1	LOAD	18.662	5.533
2026-09-27T20:26:26.280Z	spark2	LOAD	21.959	3.951
2026-09-27T20:26:26.540Z	spark2	LOAD	21.832	3.951
2026-09-27T20:26:26.544Z	spark1	LOAD	18.791	5.685
2026-09-27T20:26:26.791Z	spark2	LOAD	21.720	3.951
2026-09-27T20:26:26.794Z	spark1	LOAD	18.847	5.798
2026-09-27T20:26:27.040Z	spark2	LOAD	22.090	3.951
2026-09-27T20:26:27.044Z	spark1	LOAD	18.930	5.908
2026-09-27T20:26:27.291Z	spark2	LOAD	21.544	3.951
2026-09-27T20:26:27.294Z	spark1	LOAD	18.974	6.009
2026-09-27T20:26:27.551Z	spark2	LOAD	21.871	3.952
2026-09-27T20:26:27.562Z	spark1	LOAD	19.007	6.125
2026-09-27T20:26:27.801Z	spark2	LOAD	21.363	3.952
2026-09-27T20:26:27.812Z	spark1	LOAD	19.090	6.230
2026-09-27T20:26:28.052Z	spark2	LOAD	21.710	3.952
2026-09-27T20:26:28.063Z	spark1	LOAD	19.189	6.341
2026-09-27T20:26:28.302Z	spark2	LOAD	21.151	3.952
2026-09-27T20:26:28.313Z	spark1	LOAD	19.225	6.456
2026-09-27T20:26:28.561Z	spark2	LOAD	21.507	3.953
2026-09-27T20:26:28.579Z	spark1	LOAD	19.394	6.577
2026-09-27T20:26:28.812Z	spark2	LOAD	20.930	3.953
2026-09-27T20:26:28.829Z	spark1	LOAD	19.498	6.663
2026-09-27T20:26:29.063Z	spark2	LOAD	21.309	3.955
2026-09-27T20:26:29.080Z	spark1	LOAD	19.537	6.737
2026-09-27T20:26:29.313Z	spark2	LOAD	21.191	3.956
2026-09-27T20:26:29.330Z	spark1	LOAD	19.515	6.765
2026-09-27T20:26:29.572Z	spark2	LOAD	21.051	3.956
2026-09-27T20:26:29.593Z	spark1	LOAD	19.470	6.765
2026-09-27T20:26:29.823Z	spark2	LOAD	20.951	3.956
2026-09-27T20:26:29.843Z	spark1	LOAD	19.443	6.765
2026-09-27T20:26:30.074Z	spark2	LOAD	20.803	3.956
2026-09-27T20:26:30.093Z	spark1	LOAD	19.402	6.765
2026-09-27T20:26:30.323Z	spark2	LOAD	20.768	3.957
2026-09-27T20:26:30.344Z	spark1	LOAD	19.363	6.765
2026-09-27T20:26:30.588Z	spark2	LOAD	20.649	3.957
2026-09-27T20:26:30.612Z	spark1	LOAD	19.336	6.765
2026-09-27T20:26:30.838Z	spark2	LOAD	20.535	3.957
2026-09-27T20:26:30.862Z	spark1	LOAD	19.305	6.765
2026-09-27T20:26:31.089Z	spark2	LOAD	20.441	3.957
2026-09-27T20:26:31.113Z	spark1	LOAD	19.282	6.765
2026-09-27T20:26:31.338Z	spark2	LOAD	20.340	3.957
2026-09-27T20:26:31.363Z	spark1	LOAD	19.154	6.765
2026-09-27T20:26:31.603Z	spark2	LOAD	20.256	3.957
2026-09-27T20:26:31.630Z	spark1	LOAD	19.340	6.765
2026-09-27T20:26:31.853Z	spark2	LOAD	21.718	3.957
2026-09-27T20:26:31.880Z	spark1	LOAD	21.552	6.765
2026-09-27T20:26:32.104Z	spark2	LOAD	22.929	3.957
2026-09-27T20:26:32.130Z	spark1	LOAD	21.899	6.765
2026-09-27T20:26:32.354Z	spark2	LOAD	22.845	3.957
2026-09-27T20:26:32.381Z	spark1	LOAD	21.875	6.765
2026-09-27T20:26:32.615Z	spark2	LOAD	22.725	3.957
2026-09-27T20:26:32.643Z	spark1	LOAD	21.847	6.765
2026-09-27T20:26:32.865Z	spark2	LOAD	22.574	3.957
2026-09-27T20:26:32.894Z	spark1	LOAD	21.816	6.765
2026-09-27T20:26:33.115Z	spark2	LOAD	22.548	3.972
2026-09-27T20:26:33.144Z	spark1	LOAD	21.753	6.765
2026-09-27T20:26:33.365Z	spark2	LOAD	22.506	4.049
2026-09-27T20:26:33.394Z	spark1	LOAD	21.710	6.765
2026-09-27T20:26:33.626Z	spark2	LOAD	21.898	4.049
2026-09-27T20:26:33.657Z	spark1	LOAD	21.684	6.765
2026-09-27T20:26:33.876Z	spark2	LOAD	21.741	4.049
2026-09-27T20:26:33.907Z	spark1	LOAD	21.670	6.765
2026-09-27T20:26:34.126Z	spark2	LOAD	21.635	4.049
2026-09-27T20:26:34.157Z	spark1	LOAD	21.635	6.765
2026-09-27T20:26:34.377Z	spark2	LOAD	21.524	4.049
2026-09-27T20:26:34.408Z	spark1	LOAD	21.613	6.765
2026-09-27T20:26:34.636Z	spark2	LOAD	21.418	4.049
2026-09-27T20:26:34.675Z	spark1	LOAD	21.586	6.765
2026-09-27T20:26:34.887Z	spark2	LOAD	21.318	4.049
2026-09-27T20:26:34.926Z	spark1	LOAD	21.572	6.765
2026-09-27T20:26:35.137Z	spark2	LOAD	21.210	4.049
2026-09-27T20:26:35.176Z	spark1	LOAD	21.544	6.765
2026-09-27T20:26:35.387Z	spark2	LOAD	21.103	4.049
2026-09-27T20:26:35.426Z	spark1	LOAD	21.497	6.765
2026-09-27T20:26:35.652Z	spark2	LOAD	21.489	4.050
2026-09-27T20:26:35.688Z	spark1	LOAD	21.469	6.765
2026-09-27T20:26:35.903Z	spark2	LOAD	21.385	4.050
2026-09-27T20:26:35.939Z	spark1	LOAD	21.446	6.765
2026-09-27T20:26:36.153Z	spark2	LOAD	21.296	4.050
2026-09-27T20:26:36.189Z	spark1	LOAD	21.419	6.764
2026-09-27T20:26:36.403Z	spark2	LOAD	21.215	4.051
2026-09-27T20:26:36.439Z	spark1	LOAD	21.376	6.764
2026-09-27T20:26:36.663Z	spark2	LOAD	21.102	4.049
2026-09-27T20:26:36.706Z	spark1	LOAD	21.348	6.764
2026-09-27T20:26:36.914Z	spark2	LOAD	20.974	4.049
2026-09-27T20:26:36.957Z	spark1	LOAD	21.296	6.764
2026-09-27T20:26:37.164Z	spark2	LOAD	20.879	4.049
2026-09-27T20:26:37.207Z	spark1	LOAD	21.265	6.764
2026-09-27T20:26:37.414Z	spark2	LOAD	20.782	4.049
2026-09-27T20:26:37.457Z	spark1	LOAD	21.208	6.764
2026-09-27T20:26:37.674Z	spark2	LOAD	20.689	4.049
2026-09-27T20:26:37.719Z	spark1	LOAD	21.179	6.764
2026-09-27T20:26:37.925Z	spark2	LOAD	20.579	4.049
2026-09-27T20:26:37.969Z	spark1	LOAD	21.157	6.764
2026-09-27T20:26:38.175Z	spark2	LOAD	20.490	4.049
2026-09-27T20:26:38.219Z	spark1	LOAD	21.123	6.764
2026-09-27T20:26:38.425Z	spark2	LOAD	20.369	4.050
2026-09-27T20:26:38.470Z	spark1	LOAD	21.127	6.764
2026-09-27T20:26:38.689Z	spark2	LOAD	20.316	4.050
2026-09-27T20:26:38.732Z	spark1	LOAD	21.092	6.764
2026-09-27T20:26:38.940Z	spark2	LOAD	20.627	4.050
2026-09-27T20:26:38.983Z	spark1	LOAD	21.059	6.764
2026-09-27T20:26:39.191Z	spark2	LOAD	22.149	4.050
2026-09-27T20:26:39.233Z	spark1	LOAD	21.020	6.764
2026-09-27T20:26:39.441Z	spark2	LOAD	22.716	4.050
2026-09-27T20:26:39.483Z	spark1	LOAD	20.998	6.764
2026-09-27T20:26:39.701Z	spark2	LOAD	22.686	4.050
2026-09-27T20:26:39.746Z	spark1	LOAD	20.952	6.764
2026-09-27T20:26:39.951Z	spark2	LOAD	22.656	4.050
2026-09-27T20:26:39.996Z	spark1	LOAD	20.926	6.764
2026-09-27T20:26:40.202Z	spark2	LOAD	22.640	4.050
2026-09-27T20:26:40.246Z	spark1	LOAD	20.900	6.764
2026-09-27T20:26:40.452Z	spark2	LOAD	22.612	4.050
2026-09-27T20:26:40.498Z	spark1	LOAD	20.871	6.764
2026-09-27T20:26:40.716Z	spark2	LOAD	22.573	4.050
2026-09-27T20:26:40.760Z	spark1	LOAD	20.836	6.764
2026-09-27T20:26:40.966Z	spark2	LOAD	22.482	3.990
2026-09-27T20:26:41.010Z	spark1	LOAD	20.814	6.764
2026-09-27T20:26:41.217Z	spark2	LOAD	22.299	3.990
2026-09-27T20:26:41.260Z	spark1	LOAD	20.757	6.764
2026-09-27T20:26:41.467Z	spark2	LOAD	22.168	3.990
2026-09-27T20:26:41.511Z	spark1	LOAD	20.614	6.764
2026-09-27T20:26:41.727Z	spark2	LOAD	22.073	3.990
2026-09-27T20:26:41.773Z	spark1	LOAD	20.565	6.764
2026-09-27T20:26:41.978Z	spark2	LOAD	21.999	3.990
2026-09-27T20:26:42.023Z	spark1	LOAD	20.525	6.764
2026-09-27T20:26:42.228Z	spark2	LOAD	21.496	3.990
2026-09-27T20:26:42.273Z	spark1	LOAD	20.475	6.764
2026-09-27T20:26:42.478Z	spark2	LOAD	21.850	3.993
2026-09-27T20:26:42.524Z	spark1	LOAD	20.462	6.764
2026-09-27T20:26:42.743Z	spark2	LOAD	21.739	3.993
2026-09-27T20:26:42.787Z	spark1	LOAD	20.643	6.764
2026-09-27T20:26:42.995Z	spark2	LOAD	21.710	3.995
2026-09-27T20:26:43.037Z	spark1	LOAD	20.603	6.764
2026-09-27T20:26:43.245Z	spark2	LOAD	21.637	4.002
2026-09-27T20:26:43.288Z	spark1	LOAD	20.593	6.768
2026-09-27T20:26:43.495Z	spark2	LOAD	21.548	4.003
2026-09-27T20:26:43.538Z	spark1	LOAD	20.644	6.853
2026-09-27T20:26:43.755Z	spark2	LOAD	21.418	4.004
2026-09-27T20:26:43.804Z	spark1	LOAD	20.617	6.852
2026-09-27T20:26:44.005Z	spark2	LOAD	21.314	4.004
2026-09-27T20:26:44.054Z	spark1	LOAD	20.539	6.852
2026-09-27T20:26:44.256Z	spark2	LOAD	20.781	4.004
2026-09-27T20:26:44.305Z	spark1	LOAD	20.478	6.852
2026-09-27T20:26:44.506Z	spark2	LOAD	20.641	4.004
2026-09-27T20:26:44.555Z	spark1	LOAD	20.527	6.852
2026-09-27T20:26:44.766Z	spark2	LOAD	21.010	4.005
2026-09-27T20:26:44.824Z	spark1	LOAD	20.386	6.853
2026-09-27T20:26:45.016Z	spark2	LOAD	20.680	4.007
2026-09-27T20:26:45.074Z	spark1	LOAD	20.333	6.853
2026-09-27T20:26:45.267Z	spark2	LOAD	21.000	4.012
2026-09-27T20:26:45.324Z	spark1	LOAD	20.298	6.853
2026-09-27T20:26:45.518Z	spark2	LOAD	20.493	4.015
2026-09-27T20:26:45.575Z	spark1	LOAD	20.402	6.853
2026-09-27T20:26:45.779Z	spark2	LOAD	20.919	4.043
2026-09-27T20:26:45.838Z	spark1	LOAD	20.241	6.853
2026-09-27T20:26:46.029Z	spark2	LOAD	20.449	4.061
2026-09-27T20:26:46.088Z	spark1	LOAD	19.785	6.853
2026-09-27T20:26:46.280Z	spark2	LOAD	20.382	4.068
2026-09-27T20:26:46.338Z	spark1	LOAD	19.756	6.853
2026-09-27T20:26:46.530Z	spark2	LOAD	20.766	4.069
2026-09-27T20:26:46.589Z	spark1	LOAD	19.723	6.853
2026-09-27T20:26:46.791Z	spark2	LOAD	22.179	4.047
2026-09-27T20:26:46.855Z	spark1	LOAD	20.263	6.853
2026-09-27T20:26:47.041Z	spark2	LOAD	23.314	4.042
2026-09-27T20:26:47.105Z	spark1	LOAD	20.039	6.854
2026-09-27T20:26:47.292Z	spark2	LOAD	23.215	4.042
2026-09-27T20:26:47.355Z	spark1	LOAD	19.948	6.854
2026-09-27T20:26:47.542Z	spark2	LOAD	23.131	4.042
2026-09-27T20:26:47.606Z	spark1	LOAD	19.899	6.854
2026-09-27T20:26:47.802Z	spark2	LOAD	22.999	4.042
2026-09-27T20:26:47.869Z	spark1	LOAD	19.696	6.854
2026-09-27T20:26:48.052Z	spark2	LOAD	22.881	4.042
2026-09-27T20:26:48.119Z	spark1	LOAD	19.766	6.854
2026-09-27T20:26:48.302Z	spark2	LOAD	22.763	4.042
2026-09-27T20:26:48.369Z	spark1	LOAD	19.668	6.854
2026-09-27T20:26:48.552Z	spark2	LOAD	22.645	4.042
2026-09-27T20:26:48.620Z	spark1	LOAD	19.818	6.855
2026-09-27T20:26:48.817Z	spark2	LOAD	22.511	4.042
2026-09-27T20:26:48.881Z	spark1	LOAD	20.018	6.858
2026-09-27T20:26:49.068Z	spark2	LOAD	22.413	4.042
2026-09-27T20:26:49.132Z	spark1	LOAD	19.868	6.860
2026-09-27T20:26:49.318Z	spark2	LOAD	22.282	4.043
2026-09-27T20:26:49.382Z	spark1	LOAD	19.915	6.862
2026-09-27T20:26:49.568Z	spark2	LOAD	22.187	4.043
2026-09-27T20:26:49.632Z	spark1	LOAD	20.001	6.863
2026-09-27T20:26:49.833Z	spark2	LOAD	22.076	4.045
2026-09-27T20:26:49.900Z	spark1	LOAD	19.748	6.865
2026-09-27T20:26:50.083Z	spark2	LOAD	21.972	4.048
2026-09-27T20:26:50.150Z	spark1	LOAD	19.801	6.868
2026-09-27T20:26:50.334Z	spark2	LOAD	21.844	4.050
2026-09-27T20:26:50.401Z	spark1	LOAD	19.898	6.868
2026-09-27T20:26:50.585Z	spark2	LOAD	21.738	4.051
2026-09-27T20:26:50.651Z	spark1	LOAD	19.869	6.868
2026-09-27T20:26:50.844Z	spark2	LOAD	21.607	4.053
2026-09-27T20:26:50.920Z	spark1	LOAD	19.834	6.868
2026-09-27T20:26:51.094Z	spark2	LOAD	21.528	4.053
2026-09-27T20:26:51.171Z	spark1	LOAD	19.530	6.869
2026-09-27T20:26:51.344Z	spark2	LOAD	21.413	4.055
2026-09-27T20:26:51.421Z	spark1	LOAD	19.729	6.869
2026-09-27T20:26:51.595Z	spark2	LOAD	21.305	4.057
2026-09-27T20:26:51.671Z	spark1	LOAD	19.688	6.869
2026-09-27T20:26:51.859Z	spark2	LOAD	21.175	4.058
2026-09-27T20:26:51.938Z	spark1	LOAD	19.637	6.869
2026-09-27T20:26:52.110Z	spark2	LOAD	21.073	4.058
2026-09-27T20:26:52.188Z	spark1	LOAD	19.609	6.869
2026-09-27T20:26:52.360Z	spark2	LOAD	20.979	4.060
2026-09-27T20:26:52.438Z	spark1	LOAD	19.580	6.869
2026-09-27T20:26:52.611Z	spark2	LOAD	20.869	4.060
2026-09-27T20:26:52.689Z	spark1	LOAD	19.544	6.869
2026-09-27T20:26:52.872Z	spark2	LOAD	20.760	4.060
2026-09-27T20:26:52.956Z	spark1	LOAD	19.521	6.869
2026-09-27T20:26:53.122Z	spark2	LOAD	20.637	4.062
2026-09-27T20:26:53.206Z	spark1	LOAD	19.473	6.869
2026-09-27T20:26:53.373Z	spark2	LOAD	21.021	4.064
2026-09-27T20:26:53.457Z	spark1	LOAD	19.472	6.869
2026-09-27T20:26:53.624Z	spark2	LOAD	22.888	4.064
2026-09-27T20:26:53.707Z	spark1	LOAD	19.298	6.869
2026-09-27T20:26:53.884Z	spark2	LOAD	22.863	4.064
2026-09-27T20:26:53.974Z	spark1	LOAD	19.399	6.869
2026-09-27T20:26:54.134Z	spark2	LOAD	22.829	4.064
2026-09-27T20:26:54.224Z	spark1	LOAD	19.360	6.869
2026-09-27T20:26:54.385Z	spark2	LOAD	22.799	4.064
2026-09-27T20:26:54.475Z	spark1	LOAD	20.044	6.864
2026-09-27T20:26:54.635Z	spark2	LOAD	22.771	4.064
2026-09-27T20:26:54.725Z	spark1	LOAD	21.771	6.854
2026-09-27T20:26:54.895Z	spark2	LOAD	22.647	4.064
2026-09-27T20:26:54.992Z	spark1	LOAD	22.109	6.854
2026-09-27T20:26:55.145Z	spark2	LOAD	22.524	4.064
2026-09-27T20:26:55.242Z	spark1	LOAD	22.040	6.854
2026-09-27T20:26:55.395Z	spark2	LOAD	22.421	4.064
2026-09-27T20:26:55.493Z	spark1	LOAD	22.002	6.854
2026-09-27T20:26:55.645Z	spark2	LOAD	22.307	4.063
2026-09-27T20:26:55.743Z	spark1	LOAD	21.969	6.854
2026-09-27T20:26:55.905Z	spark2	LOAD	22.189	4.061
2026-09-27T20:26:56.005Z	spark1	LOAD	21.845	6.854
2026-09-27T20:26:56.155Z	spark2	LOAD	22.183	4.061
2026-09-27T20:26:56.256Z	spark1	LOAD	21.786	6.854
2026-09-27T20:26:56.406Z	spark2	LOAD	21.639	4.058
2026-09-27T20:26:56.506Z	spark1	LOAD	21.756	6.854
2026-09-27T20:26:56.656Z	spark2	LOAD	21.980	4.058
2026-09-27T20:26:56.756Z	spark1	LOAD	21.730	6.854
2026-09-27T20:26:56.922Z	spark2	LOAD	21.870	4.058
2026-09-27T20:26:57.024Z	spark1	LOAD	21.701	6.854
2026-09-27T20:26:57.171Z	spark2	LOAD	21.757	4.058
2026-09-27T20:26:57.274Z	spark1	LOAD	21.661	6.854
2026-09-27T20:26:57.422Z	spark2	LOAD	21.664	4.058
2026-09-27T20:26:57.524Z	spark1	LOAD	21.630	6.854
2026-09-27T20:26:57.673Z	spark2	LOAD	21.113	4.058
2026-09-27T20:26:57.775Z	spark1	LOAD	21.598	6.854
2026-09-27T20:26:57.933Z	spark2	LOAD	20.983	4.058
2026-09-27T20:26:58.037Z	spark1	LOAD	21.455	6.854
2026-09-27T20:26:58.183Z	spark2	LOAD	21.341	4.058
2026-09-27T20:26:58.287Z	spark1	LOAD	21.458	6.854
2026-09-27T20:26:58.433Z	spark2	LOAD	20.798	4.058
2026-09-27T20:26:58.538Z	spark1	LOAD	21.465	6.854
2026-09-27T20:26:58.684Z	spark2	LOAD	21.131	4.058
2026-09-27T20:26:58.788Z	spark1	LOAD	21.442	6.854
2026-09-27T20:26:58.944Z	spark2	LOAD	21.018	4.059
2026-09-27T20:26:59.055Z	spark1	LOAD	21.414	6.854
2026-09-27T20:26:59.194Z	spark2	LOAD	20.878	4.059
2026-09-27T20:26:59.305Z	spark1	LOAD	21.385	6.854
2026-09-27T20:26:59.445Z	spark2	LOAD	20.753	4.059
2026-09-27T20:26:59.556Z	spark1	LOAD	21.358	6.854
2026-09-27T20:26:59.694Z	spark2	LOAD	20.653	4.059
2026-09-27T20:26:59.806Z	spark1	LOAD	21.335	6.854
2026-09-27T20:26:59.956Z	spark2	LOAD	20.645	4.058
2026-09-27T20:27:00.072Z	spark1	LOAD	21.288	6.854
2026-09-27T20:27:00.207Z	spark2	LOAD	22.252	4.058
2026-09-27T20:27:00.322Z	spark1	LOAD	21.256	6.854
2026-09-27T20:27:00.457Z	spark2	LOAD	23.360	4.058
2026-09-27T20:27:00.573Z	spark1	LOAD	21.228	6.854
2026-09-27T20:27:00.707Z	spark2	LOAD	23.256	4.058
2026-09-27T20:27:00.823Z	spark1	LOAD	21.198	6.854
2026-09-27T20:27:00.972Z	spark2	LOAD	23.159	4.058
2026-09-27T20:27:01.089Z	spark1	LOAD	21.166	6.854
2026-09-27T20:27:01.222Z	spark2	LOAD	23.075	4.058
2026-09-27T20:27:01.340Z	spark1	LOAD	21.139	6.854
2026-09-27T20:27:01.473Z	spark2	LOAD	22.959	4.058
2026-09-27T20:27:01.591Z	spark1	LOAD	21.102	6.854
2026-09-27T20:27:01.723Z	spark2	LOAD	22.860	4.058
2026-09-27T20:27:01.841Z	spark1	LOAD	21.078	6.854
2026-09-27T20:27:01.984Z	spark2	LOAD	22.757	4.058
2026-09-27T20:27:02.108Z	spark1	LOAD	21.019	6.854
2026-09-27T20:27:02.234Z	spark2	LOAD	22.653	4.058
2026-09-27T20:27:02.358Z	spark1	LOAD	20.992	6.854
2026-09-27T20:27:02.485Z	spark2	LOAD	22.084	4.058
2026-09-27T20:27:02.608Z	spark1	LOAD	21.057	6.854
2026-09-27T20:27:02.735Z	spark2	LOAD	21.989	4.058
2026-09-27T20:27:02.859Z	spark1	LOAD	21.024	6.854
2026-09-27T20:27:03.001Z	spark2	LOAD	21.875	4.058
2026-09-27T20:27:03.127Z	spark1	LOAD	20.984	6.855
2026-09-27T20:27:03.251Z	spark2	LOAD	22.239	4.058
2026-09-27T20:27:03.377Z	spark1	LOAD	20.945	6.855
2026-09-27T20:27:03.501Z	spark2	LOAD	22.155	4.058
2026-09-27T20:27:03.628Z	spark1	LOAD	20.929	6.856
2026-09-27T20:27:03.751Z	spark2	LOAD	22.026	4.057
2026-09-27T20:27:03.878Z	spark1	LOAD	20.894	6.856
2026-09-27T20:27:04.017Z	spark2	LOAD	21.923	4.052
2026-09-27T20:27:04.146Z	spark1	LOAD	20.805	6.866
2026-09-27T20:27:04.267Z	spark2	LOAD	21.402	4.052
2026-09-27T20:27:04.396Z	spark1	LOAD	20.776	6.874
2026-09-27T20:27:04.517Z	spark2	LOAD	21.318	4.052
2026-09-27T20:27:04.647Z	spark1	LOAD	20.745	6.874
2026-09-27T20:27:04.769Z	spark2	LOAD	21.238	4.052
2026-09-27T20:27:04.897Z	spark1	LOAD	20.734	6.888
2026-09-27T20:27:05.028Z	spark2	LOAD	21.136	4.052
2026-09-27T20:27:05.159Z	spark1	LOAD	20.768	6.899
2026-09-27T20:27:05.279Z	spark2	LOAD	21.049	4.052
2026-09-27T20:27:05.409Z	spark1	LOAD	20.733	6.899
2026-09-27T20:27:05.529Z	spark2	LOAD	20.960	4.052
2026-09-27T20:27:05.660Z	spark1	LOAD	20.689	6.902
2026-09-27T20:27:05.779Z	spark2	LOAD	20.864	4.052
2026-09-27T20:27:05.910Z	spark1	LOAD	20.670	6.902
2026-09-27T20:27:06.044Z	spark2	LOAD	20.800	4.052
2026-09-27T20:27:06.178Z	spark1	LOAD	20.629	6.902
2026-09-27T20:27:06.294Z	spark2	LOAD	21.154	4.052
2026-09-27T20:27:06.428Z	spark1	LOAD	20.567	6.902
2026-09-27T20:27:06.544Z	spark2	LOAD	21.058	4.052
2026-09-27T20:27:06.679Z	spark1	LOAD	20.524	6.902
2026-09-27T20:27:06.794Z	spark2	LOAD	20.954	4.051
2026-09-27T20:27:06.929Z	spark1	LOAD	20.490	6.902
2026-09-27T20:27:07.054Z	spark2	LOAD	20.947	4.143
2026-09-27T20:27:07.198Z	spark1	LOAD	20.461	6.903
2026-09-27T20:27:07.304Z	spark2	LOAD	21.662	4.145
2026-09-27T20:27:07.448Z	spark1	LOAD	20.395	6.902
2026-09-27T20:27:07.555Z	spark2	LOAD	23.336	4.133
2026-09-27T20:27:07.698Z	spark1	LOAD	20.290	6.902
2026-09-27T20:27:07.805Z	spark2	LOAD	23.357	4.133
2026-09-27T20:27:07.949Z	spark1	LOAD	20.334	6.901
2026-09-27T20:27:08.067Z	spark2	LOAD	23.235	4.133
2026-09-27T20:27:08.216Z	spark1	LOAD	20.299	6.901
2026-09-27T20:27:08.316Z	spark2	LOAD	23.134	4.133
2026-09-27T20:27:08.466Z	spark1	LOAD	20.236	6.901
2026-09-27T20:27:08.567Z	spark2	LOAD	23.026	4.133
2026-09-27T20:27:08.717Z	spark1	LOAD	20.233	6.901
2026-09-27T20:27:08.817Z	spark2	LOAD	22.895	4.133
2026-09-27T20:27:08.967Z	spark1	LOAD	20.210	6.901
2026-09-27T20:27:09.077Z	spark2	LOAD	22.772	4.135
2026-09-27T20:27:09.229Z	spark1	LOAD	20.151	6.901
2026-09-27T20:27:09.328Z	spark2	LOAD	22.685	4.135
2026-09-27T20:27:09.480Z	spark1	LOAD	20.127	6.900
2026-09-27T20:27:09.579Z	spark2	LOAD	22.578	4.135
2026-09-27T20:27:09.730Z	spark1	LOAD	20.087	6.900
2026-09-27T20:27:09.829Z	spark2	LOAD	22.387	4.135
2026-09-27T20:27:09.981Z	spark1	LOAD	20.065	6.900
2026-09-27T20:27:10.090Z	spark2	LOAD	22.370	4.135
2026-09-27T20:27:10.247Z	spark1	LOAD	19.783	6.917
2026-09-27T20:27:10.339Z	spark2	LOAD	22.246	4.135
2026-09-27T20:27:10.497Z	spark1	LOAD	19.752	6.942
2026-09-27T20:27:10.590Z	spark2	LOAD	22.078	4.135
2026-09-27T20:27:10.748Z	spark1	LOAD	19.967	6.942
2026-09-27T20:27:10.841Z	spark2	LOAD	21.965	4.136
2026-09-27T20:27:10.999Z	spark1	LOAD	19.939	6.942
2026-09-27T20:27:11.101Z	spark2	LOAD	21.845	4.136
2026-09-27T20:27:11.267Z	spark1	LOAD	19.907	6.942
2026-09-27T20:27:11.351Z	spark2	LOAD	21.740	4.136
2026-09-27T20:27:11.518Z	spark1	LOAD	19.873	6.942
2026-09-27T20:27:11.601Z	spark2	LOAD	21.626	4.134
2026-09-27T20:27:11.768Z	spark1	LOAD	19.849	6.942
2026-09-27T20:27:11.852Z	spark2	LOAD	21.527	4.134
2026-09-27T20:27:12.018Z	spark1	LOAD	19.817	6.943
2026-09-27T20:27:12.113Z	spark2	LOAD	20.956	4.134
2026-09-27T20:27:12.281Z	spark1	LOAD	19.780	6.943
2026-09-27T20:27:12.363Z	spark2	LOAD	20.958	4.134
2026-09-27T20:27:12.531Z	spark1	LOAD	19.763	6.943
2026-09-27T20:27:12.613Z	spark2	LOAD	20.747	4.134
2026-09-27T20:27:12.781Z	spark1	LOAD	19.668	6.942
2026-09-27T20:27:12.864Z	spark2	LOAD	20.653	4.134
2026-09-27T20:27:13.031Z	spark1	LOAD	19.627	6.942
2026-09-27T20:27:13.124Z	spark2	LOAD	20.969	4.135
2026-09-27T20:27:13.298Z	spark1	LOAD	19.579	6.943
2026-09-27T20:27:13.374Z	spark2	LOAD	20.830	4.135
2026-09-27T20:27:13.548Z	spark1	LOAD	19.540	6.943
2026-09-27T20:27:13.625Z	spark2	LOAD	20.720	4.135
2026-09-27T20:27:13.799Z	spark1	LOAD	19.505	6.943
2026-09-27T20:27:13.875Z	spark2	LOAD	20.615	4.135
2026-09-27T20:27:14.049Z	spark1	LOAD	19.467	6.943
2026-09-27T20:27:14.135Z	spark2	LOAD	20.959	4.134
2026-09-27T20:27:14.310Z	spark1	LOAD	19.417	6.943
2026-09-27T20:27:14.385Z	spark2	LOAD	22.351	4.134
2026-09-27T20:27:14.560Z	spark1	LOAD	19.372	6.942
2026-09-27T20:27:14.635Z	spark2	LOAD	23.249	4.134
2026-09-27T20:27:14.811Z	spark1	LOAD	19.340	6.942
2026-09-27T20:27:14.886Z	spark2	LOAD	23.224	4.134
2026-09-27T20:27:15.061Z	spark1	LOAD	19.319	6.943
2026-09-27T20:27:15.147Z	spark2	LOAD	23.137	4.134
2026-09-27T20:27:15.323Z	spark1	LOAD	19.274	6.943
2026-09-27T20:27:15.397Z	spark2	LOAD	23.059	4.134
2026-09-27T20:27:15.573Z	spark1	LOAD	19.225	6.943
2026-09-27T20:27:15.647Z	spark2	LOAD	22.982	4.134
2026-09-27T20:27:15.824Z	spark1	LOAD	19.199	6.944
2026-09-27T20:27:15.898Z	spark2	LOAD	22.877	4.134
2026-09-27T20:27:16.074Z	spark1	LOAD	19.160	6.944
2026-09-27T20:27:16.163Z	spark2	LOAD	22.790	4.134
2026-09-27T20:27:16.342Z	spark1	LOAD	19.123	6.944
2026-09-27T20:27:16.413Z	spark2	LOAD	22.709	4.134
2026-09-27T20:27:16.592Z	spark1	LOAD	19.047	6.944
2026-09-27T20:27:16.663Z	spark2	LOAD	22.648	4.134
2026-09-27T20:27:16.842Z	spark1	LOAD	19.017	6.944
2026-09-27T20:27:16.914Z	spark2	LOAD	22.602	4.134
2026-09-27T20:27:17.092Z	spark1	LOAD	18.994	6.944
2026-09-27T20:27:17.174Z	spark2	LOAD	22.519	4.134
2026-09-27T20:27:17.361Z	spark1	LOAD	19.033	6.943
2026-09-27T20:27:17.424Z	spark2	LOAD	22.486	4.134
2026-09-27T20:27:17.611Z	spark1	LOAD	20.247	6.942
2026-09-27T20:27:17.675Z	spark2	LOAD	22.388	4.134
2026-09-27T20:27:17.862Z	spark1	LOAD	22.092	6.942
2026-09-27T20:27:17.926Z	spark2	LOAD	22.259	4.133
2026-09-27T20:27:18.112Z	spark1	LOAD	21.976	6.942
2026-09-27T20:27:18.185Z	spark2	LOAD	22.129	4.134
2026-09-27T20:27:18.381Z	spark1	LOAD	21.844	6.942
2026-09-27T20:27:18.435Z	spark2	LOAD	22.054	4.134
2026-09-27T20:27:18.631Z	spark1	LOAD	21.727	6.942
2026-09-27T20:27:18.687Z	spark2	LOAD	21.962	4.133
2026-09-27T20:27:18.882Z	spark1	LOAD	21.701	6.942
2026-09-27T20:27:18.937Z	spark2	LOAD	21.838	4.133
2026-09-27T20:27:19.132Z	spark1	LOAD	21.683	6.942
2026-09-27T20:27:19.201Z	spark2	LOAD	21.556	4.134
2026-09-27T20:27:19.399Z	spark1	LOAD	21.642	6.942
2026-09-27T20:27:19.451Z	spark2	LOAD	21.724	4.136
2026-09-27T20:27:19.649Z	spark1	LOAD	21.614	6.942
2026-09-27T20:27:19.701Z	spark2	LOAD	21.450	4.146
2026-09-27T20:27:19.899Z	spark1	LOAD	21.583	6.942
2026-09-27T20:27:19.952Z	spark2	LOAD	21.315	4.181
2026-09-27T20:27:20.150Z	spark1	LOAD	21.563	6.942
2026-09-27T20:27:20.217Z	spark2	LOAD	21.637	4.196
2026-09-27T20:27:20.417Z	spark1	LOAD	21.567	6.942
2026-09-27T20:27:20.468Z	spark2	LOAD	21.536	4.196
2026-09-27T20:27:20.667Z	spark1	LOAD	21.523	6.942
2026-09-27T20:27:20.718Z	spark2	LOAD	21.462	4.197
2026-09-27T20:27:20.918Z	spark1	LOAD	21.505	6.942
2026-09-27T20:27:20.969Z	spark2	LOAD	21.366	4.199
2026-09-27T20:27:21.168Z	spark1	LOAD	21.481	6.942
2026-09-27T20:27:21.234Z	spark2	LOAD	21.266	4.200
2026-09-27T20:27:21.436Z	spark1	LOAD	21.450	6.941
2026-09-27T20:27:21.483Z	spark2	LOAD	20.712	4.202
2026-09-27T20:27:21.686Z	spark1	LOAD	21.423	6.941
2026-09-27T20:27:21.733Z	spark2	LOAD	21.721	4.181
2026-09-27T20:27:21.937Z	spark1	LOAD	21.398	6.941
2026-09-27T20:27:21.984Z	spark2	LOAD	22.827	4.179
2026-09-27T20:27:22.187Z	spark1	LOAD	21.365	6.941
2026-09-27T20:27:22.245Z	spark2	LOAD	22.719	4.179
2026-09-27T20:27:22.453Z	spark1	LOAD	21.327	6.941
2026-09-27T20:27:22.495Z	spark2	LOAD	22.608	4.179
2026-09-27T20:27:22.703Z	spark1	LOAD	21.275	6.941
2026-09-27T20:27:22.745Z	spark2	LOAD	22.503	4.179
2026-09-27T20:27:22.954Z	spark1	LOAD	21.259	6.941
2026-09-27T20:27:22.997Z	spark2	LOAD	22.387	4.179
2026-09-27T20:27:23.204Z	spark1	LOAD	21.234	6.941
2026-09-27T20:27:23.257Z	spark2	LOAD	22.276	4.179
2026-09-27T20:27:23.465Z	spark1	LOAD	21.079	6.941
2026-09-27T20:27:23.507Z	spark2	LOAD	22.148	4.179
2026-09-27T20:27:23.715Z	spark1	LOAD	21.050	6.941
2026-09-27T20:27:23.757Z	spark2	LOAD	22.045	4.179
2026-09-27T20:27:23.965Z	spark1	LOAD	21.036	6.941
2026-09-27T20:27:24.008Z	spark2	LOAD	22.138	4.179
2026-09-27T20:27:24.215Z	spark1	LOAD	20.998	6.940
2026-09-27T20:27:24.273Z	spark2	LOAD	22.457	4.183
2026-09-27T20:27:24.483Z	spark1	LOAD	20.926	6.940
2026-09-27T20:27:24.523Z	spark2	LOAD	22.352	4.185
2026-09-27T20:27:24.733Z	spark1	LOAD	20.874	6.940
2026-09-27T20:27:24.774Z	spark2	LOAD	22.209	4.187
2026-09-27T20:27:24.983Z	spark1	LOAD	20.857	6.940
2026-09-27T20:27:25.024Z	spark2	LOAD	22.093	4.187
2026-09-27T20:27:25.234Z	spark1	LOAD	20.827	6.940
2026-09-27T20:27:25.285Z	spark2	LOAD	22.018	4.189
2026-09-27T20:27:25.502Z	spark1	LOAD	20.799	6.940
2026-09-27T20:27:25.535Z	spark2	LOAD	21.899	4.191
2026-09-27T20:27:25.752Z	spark1	LOAD	20.777	6.940
2026-09-27T20:27:25.786Z	spark2	LOAD	21.738	4.194
2026-09-27T20:27:26.002Z	spark1	LOAD	20.754	6.940
2026-09-27T20:27:26.036Z	spark2	LOAD	21.659	4.197
2026-09-27T20:27:26.253Z	spark1	LOAD	20.710	6.940
2026-09-27T20:27:26.302Z	spark2	LOAD	21.508	4.198
2026-09-27T20:27:26.513Z	spark1	LOAD	20.687	6.940
2026-09-27T20:27:26.552Z	spark2	LOAD	21.388	4.200
2026-09-27T20:27:26.764Z	spark1	LOAD	20.631	6.940
2026-09-27T20:27:26.802Z	spark2	LOAD	21.275	4.203
2026-09-27T20:27:27.014Z	spark1	LOAD	20.611	6.940
2026-09-27T20:27:27.053Z	spark2	LOAD	21.174	4.207
2026-09-27T20:27:27.264Z	spark1	LOAD	20.608	6.940
2026-09-27T20:27:27.318Z	spark2	LOAD	21.057	4.210
2026-09-27T20:27:27.527Z	spark1	LOAD	20.568	6.939
2026-09-27T20:27:27.569Z	spark2	LOAD	20.913	4.212
2026-09-27T20:27:27.777Z	spark1	LOAD	20.856	6.939
2026-09-27T20:27:27.818Z	spark2	LOAD	20.789	4.214
2026-09-27T20:27:28.027Z	spark1	LOAD	20.821	6.939
2026-09-27T20:27:28.069Z	spark2	LOAD	20.942	4.214
2026-09-27T20:27:28.278Z	spark1	LOAD	20.784	6.939
2026-09-27T20:27:28.330Z	spark2	LOAD	22.410	4.214
2026-09-27T20:27:28.544Z	spark1	LOAD	20.713	6.939
2026-09-27T20:27:28.580Z	spark2	LOAD	23.308	4.214
2026-09-27T20:27:28.794Z	spark1	LOAD	20.666	6.939
2026-09-27T20:27:28.831Z	spark2	LOAD	23.286	4.214
2026-09-27T20:27:29.045Z	spark1	LOAD	20.587	6.939
2026-09-27T20:27:29.081Z	spark2	LOAD	23.185	4.211
2026-09-27T20:27:29.295Z	spark1	LOAD	20.547	6.939
2026-09-27T20:27:29.346Z	spark2	LOAD	23.053	4.209
2026-09-27T20:27:29.556Z	spark1	LOAD	20.548	6.939
2026-09-27T20:27:29.597Z	spark2	LOAD	22.942	4.209
2026-09-27T20:27:29.807Z	spark1	LOAD	20.505	6.939
2026-09-27T20:27:29.847Z	spark2	LOAD	22.874	4.208
2026-09-27T20:27:30.057Z	spark1	LOAD	20.502	6.939
2026-09-27T20:27:30.098Z	spark2	LOAD	22.780	4.204
2026-09-27T20:27:30.307Z	spark1	LOAD	20.472	6.939
2026-09-27T20:27:30.362Z	spark2	LOAD	22.656	4.203
2026-09-27T20:27:30.568Z	spark1	LOAD	20.428	6.939
2026-09-27T20:27:30.612Z	spark2	LOAD	22.563	4.203
2026-09-27T20:27:30.818Z	spark1	LOAD	20.400	6.939
2026-09-27T20:27:30.862Z	spark2	LOAD	22.469	4.203
2026-09-27T20:27:31.069Z	spark1	LOAD	20.346	6.937
2026-09-27T20:27:31.114Z	spark2	LOAD	22.369	4.203
2026-09-27T20:27:31.319Z	spark1	LOAD	20.329	6.937
2026-09-27T20:27:31.375Z	spark2	LOAD	22.311	4.203
2026-09-27T20:27:31.582Z	spark1	LOAD	20.289	6.936
2026-09-27T20:27:31.625Z	spark2	LOAD	22.204	4.203
2026-09-27T20:27:31.832Z	spark1	LOAD	20.262	6.937
2026-09-27T20:27:31.875Z	spark2	LOAD	22.096	4.203
2026-09-27T20:27:32.082Z	spark1	LOAD	20.223	6.937
2026-09-27T20:27:32.125Z	spark2	LOAD	21.643	4.203
2026-09-27T20:27:32.333Z	spark1	LOAD	20.197	6.937
2026-09-27T20:27:32.391Z	spark2	LOAD	21.479	4.203
2026-09-27T20:27:32.601Z	spark1	LOAD	20.153	6.937
2026-09-27T20:27:32.641Z	spark2	LOAD	21.400	4.203
2026-09-27T20:27:32.851Z	spark1	LOAD	20.120	6.938
2026-09-27T20:27:32.891Z	spark2	LOAD	21.315	4.203
2026-09-27T20:27:33.101Z	spark1	LOAD	20.063	6.938
2026-09-27T20:27:33.141Z	spark2	LOAD	21.237	4.203
2026-09-27T20:27:33.352Z	spark1	LOAD	20.023	6.938
2026-09-27T20:27:33.402Z	spark2	LOAD	21.569	4.203
2026-09-27T20:27:33.613Z	spark1	LOAD	20.011	6.938
2026-09-27T20:27:33.652Z	spark2	LOAD	21.482	4.203
2026-09-27T20:27:33.864Z	spark1	LOAD	19.983	6.938
2026-09-27T20:27:33.902Z	spark2	LOAD	20.975	4.203
2026-09-27T20:27:34.114Z	spark1	LOAD	19.952	6.938
2026-09-27T20:27:34.152Z	spark2	LOAD	21.328	4.203
2026-09-27T20:27:34.364Z	spark1	LOAD	19.911	6.938
2026-09-27T20:27:34.413Z	spark2	LOAD	20.783	4.203
2026-09-27T20:27:34.631Z	spark1	LOAD	19.884	6.938
2026-09-27T20:27:34.663Z	spark2	LOAD	21.129	4.203
2026-09-27T20:27:34.882Z	spark1	LOAD	19.861	6.938
2026-09-27T20:27:34.913Z	spark2	LOAD	22.020	4.203
2026-09-27T20:27:35.132Z	spark1	LOAD	19.790	6.938
2026-09-27T20:27:35.164Z	spark2	LOAD	23.423	4.203
2026-09-27T20:27:35.382Z	spark1	LOAD	19.756	6.939
2026-09-27T20:27:35.429Z	spark2	LOAD	23.388	4.203
2026-09-27T20:27:35.646Z	spark1	LOAD	19.722	6.939
2026-09-27T20:27:35.679Z	spark2	LOAD	23.281	4.203
2026-09-27T20:27:35.896Z	spark1	LOAD	19.701	6.939
2026-09-27T20:27:35.930Z	spark2	LOAD	23.137	4.203
2026-09-27T20:27:36.146Z	spark1	LOAD	19.667	6.939
2026-09-27T20:27:36.181Z	spark2	LOAD	22.668	4.203
2026-09-27T20:27:36.397Z	spark1	LOAD	19.646	6.939
2026-09-27T20:27:36.445Z	spark2	LOAD	22.543	4.203
2026-09-27T20:27:36.659Z	spark1	LOAD	19.608	6.939
2026-09-27T20:27:36.696Z	spark2	LOAD	22.396	4.203
2026-09-27T20:27:36.909Z	spark1	LOAD	19.572	6.939
2026-09-27T20:27:36.946Z	spark2	LOAD	22.282	4.203
2026-09-27T20:27:37.160Z	spark1	LOAD	19.507	6.939
2026-09-27T20:27:37.196Z	spark2	LOAD	22.190	4.203
2026-09-27T20:27:37.410Z	spark1	LOAD	19.480	6.939
2026-09-27T20:27:37.456Z	spark2	LOAD	22.093	4.203
2026-09-27T20:27:37.679Z	spark1	LOAD	19.466	6.940
2026-09-27T20:27:37.707Z	spark2	LOAD	21.979	4.203
2026-09-27T20:27:37.929Z	spark1	LOAD	19.429	6.940
2026-09-27T20:27:37.958Z	spark2	LOAD	21.891	4.203
2026-09-27T20:27:38.179Z	spark1	LOAD	19.384	6.940
2026-09-27T20:27:38.208Z	spark2	LOAD	21.957	4.203
2026-09-27T20:27:38.430Z	spark1	LOAD	19.347	6.940
2026-09-27T20:27:38.474Z	spark2	LOAD	21.709	4.203
2026-09-27T20:27:38.691Z	spark1	LOAD	19.302	6.940
2026-09-27T20:27:38.724Z	spark2	LOAD	21.984	4.203
2026-09-27T20:27:38.942Z	spark1	LOAD	19.256	6.940
2026-09-27T20:27:38.975Z	spark2	LOAD	21.908	4.204
2026-09-27T20:27:39.192Z	spark1	LOAD	19.173	6.940
2026-09-27T20:27:39.225Z	spark2	LOAD	21.793	4.204
2026-09-27T20:27:39.442Z	spark1	LOAD	19.131	6.940
2026-09-27T20:27:39.486Z	spark2	LOAD	21.677	4.205
2026-09-27T20:27:39.709Z	spark1	LOAD	19.094	6.941
2026-09-27T20:27:39.736Z	spark2	LOAD	21.624	4.205
2026-09-27T20:27:39.959Z	spark1	LOAD	20.689	6.940
2026-09-27T20:27:39.986Z	spark2	LOAD	21.519	4.206
2026-09-27T20:27:40.209Z	spark1	LOAD	22.196	6.940
2026-09-27T20:27:40.237Z	spark2	LOAD	21.396	4.206
2026-09-27T20:27:40.460Z	spark1	LOAD	22.153	6.940
2026-09-27T20:27:40.497Z	spark2	LOAD	21.251	4.203
2026-09-27T20:27:40.729Z	spark1	LOAD	22.131	6.940
2026-09-27T20:27:40.747Z	spark2	LOAD	21.097	4.200
2026-09-27T20:27:40.980Z	spark1	LOAD	22.095	6.940
2026-09-27T20:27:40.997Z	spark2	LOAD	20.962	4.199
2026-09-27T20:27:41.230Z	spark1	LOAD	22.045	6.940
2026-09-27T20:27:41.248Z	spark2	LOAD	20.856	4.196
2026-09-27T20:27:41.480Z	spark1	LOAD	22.018	6.940
2026-09-27T20:27:41.512Z	spark2	LOAD	21.313	4.194
2026-09-27T20:27:41.747Z	spark1	LOAD	21.985	6.940
2026-09-27T20:27:41.763Z	spark2	LOAD	22.874	4.194
2026-09-27T20:27:41.997Z	spark1	LOAD	21.954	6.940
2026-09-27T20:27:42.013Z	spark2	LOAD	23.246	4.194
2026-09-27T20:27:42.248Z	spark1	LOAD	21.923	6.940
2026-09-27T20:27:42.264Z	spark2	LOAD	23.385	4.194
2026-09-27T20:27:42.498Z	spark1	LOAD	21.892	6.940
2026-09-27T20:27:42.528Z	spark2	LOAD	23.296	4.194
2026-09-27T20:27:42.760Z	spark1	LOAD	21.861	6.940
2026-09-27T20:27:42.779Z	spark2	LOAD	23.192	4.194
2026-09-27T20:27:43.011Z	spark1	LOAD	21.804	6.940
2026-09-27T20:27:43.029Z	spark2	LOAD	23.103	4.194
2026-09-27T20:27:43.261Z	spark1	LOAD	21.768	6.940
2026-09-27T20:27:43.280Z	spark2	LOAD	23.018	4.194
2026-09-27T20:27:43.512Z	spark1	LOAD	21.652	6.940
2026-09-27T20:27:43.545Z	spark2	LOAD	22.918	4.194
2026-09-27T20:27:43.779Z	spark1	LOAD	21.577	6.940
2026-09-27T20:27:43.795Z	spark2	LOAD	22.828	4.194
2026-09-27T20:27:44.029Z	spark1	LOAD	21.532	6.939
2026-09-27T20:27:44.046Z	spark2	LOAD	22.730	4.194
2026-09-27T20:27:44.279Z	spark1	LOAD	21.507	6.939
2026-09-27T20:27:44.296Z	spark2	LOAD	22.641	4.194
2026-09-27T20:27:44.530Z	spark1	LOAD	21.470	6.939
2026-09-27T20:27:44.562Z	spark2	LOAD	22.549	4.194
2026-09-27T20:27:44.796Z	spark1	LOAD	21.437	6.939
2026-09-27T20:27:44.813Z	spark2	LOAD	22.484	4.194
2026-09-27T20:27:45.046Z	spark1	LOAD	21.407	6.939
2026-09-27T20:27:45.063Z	spark2	LOAD	22.391	4.194
2026-09-27T20:27:45.297Z	spark1	LOAD	21.345	6.939
2026-09-27T20:27:45.313Z	spark2	LOAD	22.302	4.196
2026-09-27T20:27:45.547Z	spark1	LOAD	21.318	6.939
2026-09-27T20:27:45.578Z	spark2	LOAD	22.223	4.196
2026-09-27T20:27:45.814Z	spark1	LOAD	21.289	6.939
2026-09-27T20:27:45.829Z	spark2	LOAD	22.111	4.196
2026-09-27T20:27:46.064Z	spark1	LOAD	21.262	6.939
2026-09-27T20:27:46.079Z	spark2	LOAD	22.018	4.196
2026-09-27T20:27:46.314Z	spark1	LOAD	21.219	6.939
2026-09-27T20:27:46.329Z	spark2	LOAD	21.955	4.198
2026-09-27T20:27:46.565Z	spark1	LOAD	21.189	6.939
2026-09-27T20:27:46.589Z	spark2	LOAD	21.874	4.199
2026-09-27T20:27:46.831Z	spark1	LOAD	21.155	6.939
2026-09-27T20:27:46.839Z	spark2	LOAD	21.787	4.200
2026-09-27T20:27:47.082Z	spark1	LOAD	21.118	6.939
2026-09-27T20:27:47.090Z	spark2	LOAD	21.695	4.200
2026-09-27T20:27:47.332Z	spark1	LOAD	21.063	6.939
2026-09-27T20:27:47.340Z	spark2	LOAD	21.590	4.200
2026-09-27T20:27:47.582Z	spark1	LOAD	21.032	6.939
2026-09-27T20:27:47.601Z	spark2	LOAD	21.493	4.200
2026-09-27T20:27:47.845Z	spark1	LOAD	21.008	6.939
2026-09-27T20:27:47.852Z	spark2	LOAD	21.392	4.200
2026-09-27T20:27:48.095Z	spark1	LOAD	20.983	6.939
2026-09-27T20:27:48.102Z	spark2	LOAD	21.298	4.201
2026-09-27T20:27:48.346Z	spark1	LOAD	20.958	6.939
2026-09-27T20:27:48.354Z	spark2	LOAD	21.199	4.201
2026-09-27T20:27:48.596Z	spark1	LOAD	20.930	6.939
2026-09-27T20:27:48.614Z	spark2	LOAD	21.662	4.201
2026-09-27T20:27:48.864Z	spark1	LOAD	20.899	6.939
2026-09-27T20:27:48.864Z	spark2	LOAD	23.475	4.201
2026-09-27T20:27:49.115Z	spark2	LOAD	23.405	4.201
2026-09-27T20:27:49.115Z	spark1	LOAD	20.859	6.939
2026-09-27T20:27:49.365Z	spark2	LOAD	23.299	4.201
2026-09-27T20:27:49.365Z	spark1	LOAD	20.809	6.939
2026-09-27T20:27:49.616Z	spark1	LOAD	20.939	6.939
2026-09-27T20:27:49.625Z	spark2	LOAD	23.172	4.201
2026-09-27T20:27:49.875Z	spark2	LOAD	23.055	4.201
2026-09-27T20:27:49.883Z	spark1	LOAD	20.907	6.939
2026-09-27T20:27:50.126Z	spark2	LOAD	22.949	4.201
2026-09-27T20:27:50.133Z	spark1	LOAD	20.876	6.939
2026-09-27T20:27:50.376Z	spark2	LOAD	22.813	4.201
2026-09-27T20:27:50.383Z	spark1	LOAD	20.827	6.939
2026-09-27T20:27:50.634Z	spark1	LOAD	20.784	6.939
2026-09-27T20:27:50.636Z	spark2	LOAD	22.693	4.201
2026-09-27T20:27:50.887Z	spark2	LOAD	22.571	4.201
2026-09-27T20:27:50.902Z	spark1	LOAD	20.749	6.939
2026-09-27T20:27:51.137Z	spark2	LOAD	22.451	4.201
2026-09-27T20:27:51.152Z	spark1	LOAD	20.682	6.939
2026-09-27T20:27:51.387Z	spark2	LOAD	22.324	4.201
2026-09-27T20:27:51.403Z	spark1	LOAD	20.627	6.939
2026-09-27T20:27:51.651Z	spark2	LOAD	22.163	4.197
2026-09-27T20:27:51.653Z	spark1	LOAD	20.605	6.939
2026-09-27T20:27:51.902Z	spark2	LOAD	21.620	4.195
2026-09-27T20:27:51.920Z	spark1	LOAD	20.568	6.939
2026-09-27T20:27:52.151Z	spark2	LOAD	21.975	4.194
2026-09-27T20:27:52.170Z	spark1	LOAD	20.506	6.939
2026-09-27T20:27:52.402Z	spark2	LOAD	21.870	4.191
2026-09-27T20:27:52.421Z	spark1	LOAD	20.541	6.939
2026-09-27T20:27:52.662Z	spark2	LOAD	21.327	4.190
2026-09-27T20:27:52.671Z	spark1	LOAD	20.494	6.939
2026-09-27T20:27:52.913Z	spark2	LOAD	21.607	4.190
2026-09-27T20:27:52.937Z	spark1	LOAD	20.460	6.939
2026-09-27T20:27:53.163Z	spark2	LOAD	21.452	4.190
2026-09-27T20:27:53.188Z	spark1	LOAD	20.370	6.939
2026-09-27T20:27:53.414Z	spark2	LOAD	20.917	4.190
2026-09-27T20:27:53.438Z	spark1	LOAD	20.335	6.939
2026-09-27T20:27:53.677Z	spark2	LOAD	21.231	4.190
2026-09-27T20:27:53.688Z	spark1	LOAD	20.265	6.939
2026-09-27T20:27:53.928Z	spark2	LOAD	20.730	4.190
2026-09-27T20:27:53.954Z	spark1	LOAD	20.243	6.939
2026-09-27T20:27:54.178Z	spark2	LOAD	20.552	4.190
2026-09-27T20:27:54.204Z	spark1	LOAD	20.200	6.939
2026-09-27T20:27:54.428Z	spark2	LOAD	20.867	4.190
2026-09-27T20:27:54.454Z	spark1	LOAD	20.183	6.939
2026-09-27T20:27:54.689Z	spark2	LOAD	20.738	4.190
2026-09-27T20:27:54.705Z	spark1	LOAD	20.143	6.938
2026-09-27T20:27:54.939Z	spark2	LOAD	22.068	4.190
2026-09-27T20:27:54.971Z	spark1	LOAD	20.113	6.938
2026-09-27T20:27:55.189Z	spark2	LOAD	22.898	4.190
2026-09-27T20:27:55.222Z	spark1	LOAD	20.080	6.938
2026-09-27T20:27:55.440Z	spark2	LOAD	22.806	4.190
2026-09-27T20:27:55.472Z	spark1	LOAD	20.082	6.938
2026-09-27T20:27:55.705Z	spark2	LOAD	22.714	4.190
2026-09-27T20:27:55.722Z	spark1	LOAD	19.989	6.938
2026-09-27T20:27:55.955Z	spark2	LOAD	22.624	4.190
2026-09-27T20:27:55.984Z	spark1	LOAD	19.960	6.938
2026-09-27T20:27:56.205Z	spark2	LOAD	22.496	4.190
2026-09-27T20:27:56.234Z	spark1	LOAD	19.931	6.938
2026-09-27T20:27:56.455Z	spark2	LOAD	22.410	4.190
2026-09-27T20:27:56.485Z	spark1	LOAD	19.888	6.938
2026-09-27T20:27:56.715Z	spark2	LOAD	22.307	4.190
2026-09-27T20:27:56.735Z	spark1	LOAD	19.848	6.938
2026-09-27T20:27:56.965Z	spark2	LOAD	22.218	4.190
2026-09-27T20:27:57.002Z	spark1	LOAD	19.798	6.938
2026-09-27T20:27:57.216Z	spark2	LOAD	22.129	4.190
2026-09-27T20:27:57.252Z	spark1	LOAD	19.710	6.938
2026-09-27T20:27:57.466Z	spark2	LOAD	22.032	4.190
2026-09-27T20:27:57.503Z	spark1	LOAD	19.660	6.939
2026-09-27T20:27:57.727Z	spark2	LOAD	22.342	4.190
2026-09-27T20:27:57.753Z	spark1	LOAD	19.585	6.939
2026-09-27T20:27:57.977Z	spark2	LOAD	21.816	4.190
2026-09-27T20:27:58.015Z	spark1	LOAD	19.538	6.939
2026-09-27T20:27:58.227Z	spark2	LOAD	21.718	4.190
2026-09-27T20:27:58.266Z	spark1	LOAD	19.471	6.939
2026-09-27T20:27:58.478Z	spark2	LOAD	22.054	4.190
2026-09-27T20:27:58.516Z	spark1	LOAD	19.438	6.939
2026-09-27T20:27:58.738Z	spark2	LOAD	21.958	4.192
2026-09-27T20:27:58.766Z	spark1	LOAD	19.434	6.939
2026-09-27T20:27:58.988Z	spark2	LOAD	21.865	4.192
2026-09-27T20:27:59.028Z	spark1	LOAD	19.535	6.939
2026-09-27T20:27:59.239Z	spark2	LOAD	21.756	4.192
2026-09-27T20:27:59.279Z	spark1	LOAD	19.509	6.939
2026-09-27T20:27:59.489Z	spark2	LOAD	21.657	4.192
2026-09-27T20:27:59.529Z	spark1	LOAD	19.460	6.939
2026-09-27T20:27:59.753Z	spark2	LOAD	21.484	4.193
2026-09-27T20:27:59.780Z	spark1	LOAD	19.397	6.939
2026-09-27T20:28:00.004Z	spark2	LOAD	21.435	4.193
2026-09-27T20:28:00.045Z	spark1	LOAD	19.392	6.940
2026-09-27T20:28:00.254Z	spark2	LOAD	21.337	4.193
2026-09-27T20:28:00.296Z	spark1	LOAD	19.353	6.940
2026-09-27T20:28:00.505Z	spark2	LOAD	21.247	4.193
2026-09-27T20:28:00.546Z	spark1	LOAD	19.311	6.940
2026-09-27T20:28:00.764Z	spark2	LOAD	21.104	4.193
2026-09-27T20:28:00.796Z	spark1	LOAD	19.276	6.940
2026-09-27T20:28:01.015Z	spark2	LOAD	20.980	4.193
2026-09-27T20:28:01.063Z	spark1	LOAD	19.241	6.940
2026-09-27T20:28:01.266Z	spark2	LOAD	20.869	4.193
2026-09-27T20:28:01.313Z	spark1	LOAD	19.210	6.940
2026-09-27T20:28:01.515Z	spark2	LOAD	20.764	4.193
2026-09-27T20:28:01.564Z	spark1	LOAD	19.178	6.940
2026-09-27T20:28:01.776Z	spark2	LOAD	20.646	4.193
2026-09-27T20:28:01.814Z	spark1	LOAD	19.115	6.940
2026-09-27T20:28:02.026Z	spark2	LOAD	21.362	4.193
2026-09-27T20:28:02.081Z	spark1	LOAD	19.124	6.940
2026-09-27T20:28:02.276Z	spark2	LOAD	22.879	4.193
2026-09-27T20:28:02.332Z	spark1	LOAD	19.035	6.940
2026-09-27T20:28:02.526Z	spark2	LOAD	22.848	4.193
2026-09-27T20:28:02.582Z	spark1	LOAD	18.993	6.940
2026-09-27T20:28:02.786Z	spark2	LOAD	22.712	4.190
2026-09-27T20:28:02.832Z	spark1	LOAD	18.982	6.943
2026-09-27T20:28:03.037Z	spark2	LOAD	22.549	4.189
2026-09-27T20:28:03.096Z	spark1	LOAD	20.071	6.942
2026-09-27T20:28:03.287Z	spark2	LOAD	22.440	4.186
2026-09-27T20:28:03.347Z	spark1	LOAD	21.881	6.942
2026-09-27T20:28:03.537Z	spark2	LOAD	22.325	4.186
2026-09-27T20:28:03.597Z	spark1	LOAD	22.154	6.942
2026-09-27T20:28:03.798Z	spark2	LOAD	22.186	4.186
2026-09-27T20:28:03.847Z	spark1	LOAD	22.099	6.942
2026-09-27T20:28:04.049Z	spark2	LOAD	22.074	4.186
2026-09-27T20:28:04.110Z	spark1	LOAD	22.066	6.942
2026-09-27T20:28:04.299Z	spark2	LOAD	21.953	4.186
2026-09-27T20:28:04.360Z	spark1	LOAD	22.044	6.942
2026-09-27T20:28:04.550Z	spark2	LOAD	22.328	4.188
2026-09-27T20:28:04.610Z	spark1	LOAD	22.005	6.942
2026-09-27T20:28:04.814Z	spark2	LOAD	21.747	4.188
2026-09-27T20:28:04.861Z	spark1	LOAD	21.975	6.942
2026-09-27T20:28:05.065Z	spark2	LOAD	21.649	4.188
2026-09-27T20:28:05.130Z	spark1	LOAD	21.916	6.942
2026-09-27T20:28:05.315Z	spark2	LOAD	21.564	4.188
2026-09-27T20:28:05.380Z	spark1	LOAD	21.894	6.942
2026-09-27T20:28:05.565Z	spark2	LOAD	21.473	4.188
2026-09-27T20:28:05.631Z	spark1	LOAD	21.850	6.942
2026-09-27T20:28:05.826Z	spark2	LOAD	21.798	4.189
2026-09-27T20:28:05.881Z	spark1	LOAD	21.781	6.942
2026-09-27T20:28:06.076Z	spark2	LOAD	21.686	4.191
2026-09-27T20:28:06.148Z	spark1	LOAD	21.744	6.942
2026-09-27T20:28:06.327Z	spark2	LOAD	21.435	4.193
2026-09-27T20:28:06.398Z	spark1	LOAD	21.670	6.942
2026-09-27T20:28:06.577Z	spark2	LOAD	21.033	4.193
2026-09-27T20:28:06.648Z	spark1	LOAD	21.633	6.942
2026-09-27T20:28:06.841Z	spark2	LOAD	20.983	4.193
2026-09-27T20:28:06.898Z	spark1	LOAD	21.534	6.942
2026-09-27T20:28:07.091Z	spark2	LOAD	20.929	4.195
2026-09-27T20:28:07.161Z	spark1	LOAD	21.435	6.942
2026-09-27T20:28:07.342Z	spark2	LOAD	20.809	4.195
2026-09-27T20:28:07.411Z	spark1	LOAD	21.370	6.942
2026-09-27T20:28:07.593Z	spark2	LOAD	21.162	4.201
2026-09-27T20:28:07.662Z	spark1	LOAD	21.342	6.942
2026-09-27T20:28:07.853Z	spark2	LOAD	20.601	4.203
2026-09-27T20:28:07.912Z	spark1	LOAD	21.274	6.942
2026-09-27T20:28:08.103Z	spark2	LOAD	20.511	4.203
2026-09-27T20:28:08.174Z	spark1	LOAD	21.238	6.942
2026-09-27T20:28:08.354Z	spark2	LOAD	20.714	4.204
2026-09-27T20:28:08.425Z	spark1	LOAD	21.209	6.942
2026-09-27T20:28:08.604Z	spark2	LOAD	21.318	4.204
2026-09-27T20:28:08.675Z	spark1	LOAD	21.183	6.942
2026-09-27T20:28:08.869Z	spark2	LOAD	22.980	4.204
2026-09-27T20:28:08.925Z	spark1	LOAD	21.142	6.942
2026-09-27T20:28:09.120Z	spark2	LOAD	22.919	4.204
2026-09-27T20:28:09.191Z	spark1	LOAD	21.108	6.942
2026-09-27T20:28:09.370Z	spark2	LOAD	22.821	4.204
2026-09-27T20:28:09.442Z	spark1	LOAD	21.059	6.942
2026-09-27T20:28:09.620Z	spark2	LOAD	22.714	4.204
2026-09-27T20:28:09.692Z	spark1	LOAD	21.022	6.942
2026-09-27T20:28:09.880Z	spark2	LOAD	22.587	4.204
2026-09-27T20:28:09.942Z	spark1	LOAD	20.984	6.942
2026-09-27T20:28:10.131Z	spark2	LOAD	22.441	4.204
2026-09-27T20:28:10.209Z	spark1	LOAD	20.924	6.942
2026-09-27T20:28:10.381Z	spark2	LOAD	22.327	4.204
2026-09-27T20:28:10.460Z	spark1	LOAD	20.904	6.942
2026-09-27T20:28:10.631Z	spark2	LOAD	22.205	4.204
2026-09-27T20:28:10.710Z	spark1	LOAD	20.865	6.942
2026-09-27T20:28:10.896Z	spark2	LOAD	22.596	4.208
2026-09-27T20:28:10.960Z	spark1	LOAD	20.833	6.942
2026-09-27T20:28:11.147Z	spark2	LOAD	22.523	4.212
2026-09-27T20:28:11.222Z	spark1	LOAD	20.815	6.942
2026-09-27T20:28:11.397Z	spark2	LOAD	22.413	4.214
2026-09-27T20:28:11.473Z	spark1	LOAD	20.779	6.942
2026-09-27T20:28:11.647Z	spark2	LOAD	22.312	4.216
2026-09-27T20:28:11.723Z	spark1	LOAD	20.738	6.942
2026-09-27T20:28:11.912Z	spark2	LOAD	22.185	4.217
2026-09-27T20:28:11.973Z	spark1	LOAD	20.744	6.943
2026-09-27T20:28:12.162Z	spark2	LOAD	22.063	4.217
2026-09-27T20:28:12.241Z	spark1	LOAD	20.850	6.945
2026-09-27T20:28:12.412Z	spark2	LOAD	21.959	4.218
2026-09-27T20:28:12.491Z	spark1	LOAD	20.717	6.948
2026-09-27T20:28:12.663Z	spark2	LOAD	21.813	4.220
2026-09-27T20:28:12.742Z	spark1	LOAD	20.629	6.948
2026-09-27T20:28:12.927Z	spark2	LOAD	21.713	4.222
2026-09-27T20:28:12.992Z	spark1	LOAD	20.594	6.948
2026-09-27T20:28:13.178Z	spark2	LOAD	21.626	4.227
2026-09-27T20:28:13.256Z	spark1	LOAD	20.542	6.948
2026-09-27T20:28:13.427Z	spark2	LOAD	21.504	4.227
2026-09-27T20:28:13.506Z	spark1	LOAD	20.510	6.951
2026-09-27T20:28:13.678Z	spark2	LOAD	21.379	4.228
2026-09-27T20:28:13.756Z	spark1	LOAD	20.479	6.951
2026-09-27T20:28:13.938Z	spark2	LOAD	21.264	4.226
2026-09-27T20:28:14.006Z	spark1	LOAD	20.489	6.952
2026-09-27T20:28:14.188Z	spark2	LOAD	21.142	4.226
2026-09-27T20:28:14.270Z	spark1	LOAD	20.460	6.952
2026-09-27T20:28:14.438Z	spark2	LOAD	21.067	4.235
2026-09-27T20:28:14.520Z	spark1	LOAD	20.244	6.952
2026-09-27T20:28:14.689Z	spark2	LOAD	21.013	4.269
2026-09-27T20:28:14.771Z	spark1	LOAD	20.338	6.952
2026-09-27T20:28:14.949Z	spark2	LOAD	20.922	4.269
2026-09-27T20:28:15.021Z	spark1	LOAD	20.299	6.952
2026-09-27T20:28:15.199Z	spark2	LOAD	22.313	4.269
2026-09-27T20:28:15.284Z	spark1	LOAD	20.264	6.952
2026-09-27T20:28:15.450Z	spark2	LOAD	23.571	4.269
2026-09-27T20:28:15.535Z	spark1	LOAD	20.233	6.953
2026-09-27T20:28:15.700Z	spark2	LOAD	23.494	4.269
2026-09-27T20:28:15.785Z	spark1	LOAD	20.246	6.953
2026-09-27T20:28:15.960Z	spark2	LOAD	23.391	4.269
2026-09-27T20:28:16.035Z	spark1	LOAD	20.201	6.953
2026-09-27T20:28:16.210Z	spark2	LOAD	23.280	4.269
2026-09-27T20:28:16.303Z	spark1	LOAD	20.121	6.954
2026-09-27T20:28:16.461Z	spark2	LOAD	23.178	4.269
2026-09-27T20:28:16.554Z	spark1	LOAD	20.090	6.954
2026-09-27T20:28:16.711Z	spark2	LOAD	23.066	4.269
2026-09-27T20:28:16.804Z	spark1	LOAD	20.060	6.953
2026-09-27T20:28:16.972Z	spark2	LOAD	22.971	4.269
2026-09-27T20:28:17.054Z	spark1	LOAD	20.037	6.953
2026-09-27T20:28:17.223Z	spark2	LOAD	22.869	4.269
2026-09-27T20:28:17.316Z	spark1	LOAD	19.994	6.953
2026-09-27T20:28:17.473Z	spark2	LOAD	22.775	4.269
2026-09-27T20:28:17.566Z	spark1	LOAD	19.954	6.953
2026-09-27T20:28:17.723Z	spark2	LOAD	22.676	4.269
2026-09-27T20:28:17.817Z	spark1	LOAD	19.920	6.953
2026-09-27T20:28:17.983Z	spark2	LOAD	22.562	4.269
2026-09-27T20:28:18.067Z	spark1	LOAD	19.879	6.953
2026-09-27T20:28:18.233Z	spark2	LOAD	22.457	4.269
2026-09-27T20:28:18.336Z	spark1	LOAD	19.822	6.958
2026-09-27T20:28:18.483Z	spark2	LOAD	22.358	4.269
2026-09-27T20:28:18.586Z	spark1	LOAD	19.780	6.958
2026-09-27T20:28:18.734Z	spark2	LOAD	22.229	4.269
2026-09-27T20:28:18.836Z	spark1	LOAD	19.771	6.960
2026-09-27T20:28:18.994Z	spark2	LOAD	22.147	4.269
2026-09-27T20:28:19.087Z	spark1	LOAD	19.724	6.961
2026-09-27T20:28:19.244Z	spark2	LOAD	22.051	4.269
2026-09-27T20:28:19.349Z	spark1	LOAD	19.631	6.961
2026-09-27T20:28:19.494Z	spark2	LOAD	21.530	4.269
2026-09-27T20:28:19.599Z	spark1	LOAD	19.533	6.961
2026-09-27T20:28:19.745Z	spark2	LOAD	21.820	4.271
2026-09-27T20:28:19.849Z	spark1	LOAD	19.606	6.962
2026-09-27T20:28:20.009Z	spark2	LOAD	21.687	4.272
2026-09-27T20:28:20.100Z	spark1	LOAD	19.607	6.962
2026-09-27T20:28:20.259Z	spark2	LOAD	21.553	4.272
2026-09-27T20:28:20.369Z	spark1	LOAD	19.555	6.962
2026-09-27T20:28:20.510Z	spark2	LOAD	21.466	4.273
2026-09-27T20:28:20.620Z	spark1	LOAD	19.335	6.962
2026-09-27T20:28:20.760Z	spark2	LOAD	21.343	4.273
2026-09-27T20:28:20.870Z	spark1	LOAD	19.460	6.963
2026-09-27T20:28:21.025Z	spark2	LOAD	20.723	4.274
2026-09-27T20:28:21.120Z	spark1	LOAD	19.450	6.969
2026-09-27T20:28:21.276Z	spark2	LOAD	21.062	4.275
2026-09-27T20:28:21.383Z	spark1	LOAD	19.436	6.975
2026-09-27T20:28:21.526Z	spark2	LOAD	20.491	4.275
2026-09-27T20:28:21.633Z	spark1	LOAD	19.392	6.975
2026-09-27T20:28:21.777Z	spark2	LOAD	20.834	4.277
2026-09-27T20:28:21.883Z	spark1	LOAD	19.406	7.051
2026-09-27T20:28:22.037Z	spark2	LOAD	20.282	4.276
2026-09-27T20:28:22.134Z	spark1	LOAD	19.374	7.051
2026-09-27T20:28:22.288Z	spark2	LOAD	21.690	4.276
2026-09-27T20:28:22.400Z	spark1	LOAD	19.129	7.059
2026-09-27T20:28:22.538Z	spark2	LOAD	22.630	4.276
2026-09-27T20:28:22.650Z	spark1	LOAD	19.146	7.069
2026-09-27T20:28:22.788Z	spark2	LOAD	22.618	4.276
2026-09-27T20:28:22.900Z	spark1	LOAD	19.337	7.068
2026-09-27T20:28:23.055Z	spark2	LOAD	22.575	4.276
2026-09-27T20:28:23.153Z	spark1	LOAD	19.359	7.069
2026-09-27T20:28:23.305Z	spark2	LOAD	22.491	4.276
2026-09-27T20:28:23.439Z	spark1	LOAD	19.271	7.074
2026-09-27T20:28:23.555Z	spark2	LOAD	22.404	4.276
2026-09-27T20:28:23.689Z	spark1	LOAD	19.231	7.076
2026-09-27T20:28:23.806Z	spark2	LOAD	22.310	4.276
2026-09-27T20:28:23.939Z	spark1	LOAD	19.189	7.076
2026-09-27T20:28:24.070Z	spark2	LOAD	22.291	4.276
2026-09-27T20:28:24.189Z	spark1	LOAD	19.143	7.078
2026-09-27T20:28:24.321Z	spark2	LOAD	22.278	4.276
2026-09-27T20:28:24.451Z	spark1	LOAD	19.045	7.078
2026-09-27T20:28:24.571Z	spark2	LOAD	22.193	4.276
2026-09-27T20:28:24.701Z	spark1	LOAD	19.032	7.078
2026-09-27T20:28:24.821Z	spark2	LOAD	22.094	4.276
2026-09-27T20:28:24.952Z	spark1	LOAD	18.997	7.078
2026-09-27T20:28:25.081Z	spark2	LOAD	22.018	4.273
2026-09-27T20:28:25.202Z	spark1	LOAD	18.960	7.077
2026-09-27T20:28:25.332Z	spark2	LOAD	21.867	4.270
2026-09-27T20:28:25.464Z	spark1	LOAD	18.937	7.078
2026-09-27T20:28:25.582Z	spark2	LOAD	22.314	4.271
2026-09-27T20:28:25.714Z	spark1	LOAD	20.201	7.075
2026-09-27T20:28:25.833Z	spark2	LOAD	22.235	4.268
2026-09-27T20:28:25.965Z	spark1	LOAD	22.086	7.074
2026-09-27T20:28:26.096Z	spark2	LOAD	22.128	4.266
2026-09-27T20:28:26.215Z	spark1	LOAD	22.225	7.074
2026-09-27T20:28:26.346Z	spark2	LOAD	22.015	4.265
2026-09-27T20:28:26.477Z	spark1	LOAD	22.184	7.074
2026-09-27T20:28:26.597Z	spark2	LOAD	21.911	4.265
2026-09-27T20:28:26.728Z	spark1	LOAD	22.159	7.074
2026-09-27T20:28:26.847Z	spark2	LOAD	21.804	4.265
2026-09-27T20:28:26.979Z	spark1	LOAD	22.117	7.074
2026-09-27T20:28:27.108Z	spark2	LOAD	21.706	4.266
2026-09-27T20:28:27.229Z	spark1	LOAD	22.084	7.074
2026-09-27T20:28:27.358Z	spark2	LOAD	21.626	4.266
2026-09-27T20:28:27.499Z	spark1	LOAD	22.039	7.073
2026-09-27T20:28:27.608Z	spark2	LOAD	21.556	4.266
2026-09-27T20:28:27.749Z	spark1	LOAD	22.006	7.073
2026-09-27T20:28:27.858Z	spark2	LOAD	21.468	4.266
2026-09-27T20:28:27.999Z	spark1	LOAD	21.955	7.073
2026-09-27T20:28:28.124Z	spark2	LOAD	21.356	4.268
2026-09-27T20:28:28.249Z	spark1	LOAD	21.916	7.073
2026-09-27T20:28:28.374Z	spark2	LOAD	21.280	4.268
2026-09-27T20:28:28.511Z	spark1	LOAD	21.969	7.073
2026-09-27T20:28:28.625Z	spark2	LOAD	21.201	4.269
2026-09-27T20:28:28.762Z	spark1	LOAD	21.846	7.072
2026-09-27T20:28:28.875Z	spark2	LOAD	21.113	4.269
2026-09-27T20:28:29.012Z	spark1	LOAD	21.770	7.072
2026-09-27T20:28:29.135Z	spark2	LOAD	21.832	4.269
2026-09-27T20:28:29.262Z	spark1	LOAD	21.741	7.072
2026-09-27T20:28:29.386Z	spark2	LOAD	23.314	4.269
2026-09-27T20:28:29.525Z	spark1	LOAD	21.696	7.072
2026-09-27T20:28:29.636Z	spark2	LOAD	23.280	4.269
2026-09-27T20:28:29.775Z	spark1	LOAD	21.668	7.072
2026-09-27T20:28:29.886Z	spark2	LOAD	23.248	4.269
2026-09-27T20:28:30.025Z	spark1	LOAD	21.639	7.072
2026-09-27T20:28:30.146Z	spark2	LOAD	23.156	4.269
2026-09-27T20:28:30.276Z	spark1	LOAD	21.601	7.072
2026-09-27T20:28:30.397Z	spark2	LOAD	23.056	4.269
2026-09-27T20:28:30.543Z	spark1	LOAD	21.540	7.009
2026-09-27T20:28:30.647Z	spark2	LOAD	22.944	4.269
2026-09-27T20:28:30.793Z	spark1	LOAD	21.479	7.009
2026-09-27T20:28:30.897Z	spark2	LOAD	22.838	4.269
2026-09-27T20:28:31.044Z	spark1	LOAD	21.439	7.009
2026-09-27T20:28:31.158Z	spark2	LOAD	22.748	4.269
2026-09-27T20:28:31.294Z	spark1	LOAD	21.367	7.009
2026-09-27T20:28:31.408Z	spark2	LOAD	22.633	4.269
2026-09-27T20:28:31.563Z	spark1	LOAD	21.334	7.009
2026-09-27T20:28:31.658Z	spark2	LOAD	22.593	4.269
2026-09-27T20:28:31.814Z	spark1	LOAD	21.295	7.009
2026-09-27T20:28:31.909Z	spark2	LOAD	22.481	4.269
2026-09-27T20:28:32.064Z	spark1	LOAD	21.256	7.009
2026-09-27T20:28:32.168Z	spark2	LOAD	22.376	4.271
2026-09-27T20:28:32.314Z	spark1	LOAD	21.187	7.006
2026-09-27T20:28:32.419Z	spark2	LOAD	21.950	4.272
2026-09-27T20:28:32.581Z	spark1	LOAD	21.137	7.005
2026-09-27T20:28:32.669Z	spark2	LOAD	22.145	4.273
2026-09-27T20:28:32.831Z	spark1	LOAD	21.073	7.003
2026-09-27T20:28:32.920Z	spark2	LOAD	21.589	4.273
2026-09-27T20:28:33.082Z	spark1	LOAD	21.040	7.003
2026-09-27T20:28:33.179Z	spark2	LOAD	21.470	4.273
2026-09-27T20:28:33.332Z	spark1	LOAD	21.001	7.003
2026-09-27T20:28:33.429Z	spark2	LOAD	21.349	4.273
2026-09-27T20:28:33.599Z	spark1	LOAD	20.967	7.003
2026-09-27T20:28:33.680Z	spark2	LOAD	21.234	4.273
2026-09-27T20:28:33.849Z	spark1	LOAD	20.976	7.003
2026-09-27T20:28:33.931Z	spark2	LOAD	21.170	4.273
2026-09-27T20:28:34.100Z	spark1	LOAD	20.860	7.003
2026-09-27T20:28:34.195Z	spark2	LOAD	21.065	4.274
2026-09-27T20:28:34.350Z	spark1	LOAD	20.708	7.003
2026-09-27T20:28:34.446Z	spark2	LOAD	20.965	4.274
2026-09-27T20:28:34.612Z	spark1	LOAD	20.675	7.003
2026-09-27T20:28:34.696Z	spark2	LOAD	20.988	4.275
2026-09-27T20:28:34.863Z	spark1	LOAD	20.724	7.003
2026-09-27T20:28:34.946Z	spark2	LOAD	21.202	4.276
2026-09-27T20:28:35.113Z	spark1	LOAD	20.725	7.003
2026-09-27T20:28:35.206Z	spark2	LOAD	21.068	4.276
2026-09-27T20:28:35.363Z	spark1	LOAD	20.679	7.002
2026-09-27T20:28:35.456Z	spark2	LOAD	21.019	4.277
2026-09-27T20:28:35.632Z	spark1	LOAD	20.624	6.999
2026-09-27T20:28:35.707Z	spark2	LOAD	20.921	4.278
2026-09-27T20:28:35.882Z	spark1	LOAD	20.732	6.999
2026-09-27T20:28:35.958Z	spark2	LOAD	22.449	4.277
2026-09-27T20:28:36.133Z	spark1	LOAD	20.687	6.999
2026-09-27T20:28:36.217Z	spark2	LOAD	23.509	4.274
2026-09-27T20:28:36.383Z	spark1	LOAD	20.664	6.998
2026-09-27T20:28:36.468Z	spark2	LOAD	23.401	4.271
2026-09-27T20:28:36.647Z	spark1	LOAD	20.673	6.998
2026-09-27T20:28:36.718Z	spark2	LOAD	23.277	4.271
2026-09-27T20:28:36.897Z	spark1	LOAD	20.631	6.998
2026-09-27T20:28:36.968Z	spark2	LOAD	23.200	4.268
2026-09-27T20:28:37.148Z	spark1	LOAD	20.570	6.998
2026-09-27T20:28:37.228Z	spark2	LOAD	23.090	4.265
2026-09-27T20:28:37.398Z	spark1	LOAD	20.561	6.998
2026-09-27T20:28:37.479Z	spark2	LOAD	23.001	4.262
2026-09-27T20:28:37.666Z	spark1	LOAD	20.537	6.998
2026-09-27T20:28:37.729Z	spark2	LOAD	22.913	4.261
2026-09-27T20:28:37.916Z	spark1	LOAD	20.509	6.999
2026-09-27T20:28:37.979Z	spark2	LOAD	22.821	4.261
2026-09-27T20:28:38.166Z	spark1	LOAD	20.472	7.000
2026-09-27T20:28:38.244Z	spark2	LOAD	22.723	4.261
2026-09-27T20:28:38.416Z	spark1	LOAD	20.434	7.000
2026-09-27T20:28:38.494Z	spark2	LOAD	22.624	4.261
2026-09-27T20:28:38.683Z	spark1	LOAD	20.352	7.000
2026-09-27T20:28:38.745Z	spark2	LOAD	22.557	4.261
2026-09-27T20:28:38.934Z	spark1	LOAD	20.296	7.000
2026-09-27T20:28:38.995Z	spark2	LOAD	22.475	4.261
2026-09-27T20:28:39.184Z	spark1	LOAD	20.386	7.000
2026-09-27T20:28:39.260Z	spark2	LOAD	22.386	4.261
2026-09-27T20:28:39.435Z	spark1	LOAD	20.250	7.000
2026-09-27T20:28:39.510Z	spark2	LOAD	22.307	4.261
2026-09-27T20:28:39.696Z	spark1	LOAD	20.135	7.000
2026-09-27T20:28:39.760Z	spark2	LOAD	22.265	4.261
2026-09-27T20:28:39.947Z	spark1	LOAD	20.081	7.000
2026-09-27T20:28:40.010Z	spark2	LOAD	22.179	4.261
2026-09-27T20:28:40.197Z	spark1	LOAD	20.118	7.000
2026-09-27T20:28:40.275Z	spark2	LOAD	22.063	4.262
2026-09-27T20:28:40.447Z	spark1	LOAD	20.062	7.000
2026-09-27T20:28:40.525Z	spark2	LOAD	21.963	4.262
2026-09-27T20:28:40.719Z	spark1	LOAD	20.026	7.000
2026-09-27T20:28:40.776Z	spark2	LOAD	21.883	4.262
2026-09-27T20:28:40.969Z	spark1	LOAD	19.985	6.999
2026-09-27T20:28:41.026Z	spark2	LOAD	21.796	4.263
2026-09-27T20:28:41.219Z	spark1	LOAD	19.984	6.999
2026-09-27T20:28:41.287Z	spark2	LOAD	21.655	4.264
2026-09-27T20:28:41.470Z	spark1	LOAD	19.483	6.999
2026-09-27T20:28:41.537Z	spark2	LOAD	21.155	4.264
2026-09-27T20:28:41.734Z	spark1	LOAD	19.893	6.999
2026-09-27T20:28:41.788Z	spark2	LOAD	21.046	4.265
2026-09-27T20:28:41.985Z	spark1	LOAD	19.863	6.999
2026-09-27T20:28:42.038Z	spark2	LOAD	20.938	4.265
2026-09-27T20:28:42.235Z	spark1	LOAD	19.800	6.999
2026-09-27T20:28:42.302Z	spark2	LOAD	20.840	4.265
2026-09-27T20:28:42.485Z	spark1	LOAD	19.766	6.999
2026-09-27T20:28:42.553Z	spark2	LOAD	21.211	4.268
2026-09-27T20:28:42.748Z	spark1	LOAD	19.718	6.997
2026-09-27T20:28:42.804Z	spark2	LOAD	21.143	4.269
2026-09-27T20:28:42.998Z	spark1	LOAD	19.664	6.997
2026-09-27T20:28:43.055Z	spark2	LOAD	22.004	4.269
2026-09-27T20:28:43.249Z	spark1	LOAD	19.667	6.997
2026-09-27T20:28:43.320Z	spark2	LOAD	23.545	4.269
2026-09-27T20:28:43.499Z	spark1	LOAD	19.623	6.996
2026-09-27T20:28:43.570Z	spark2	LOAD	23.473	4.269
2026-09-27T20:28:43.768Z	spark1	LOAD	19.582	6.996
2026-09-27T20:28:43.820Z	spark2	LOAD	23.369	4.269
2026-09-27T20:28:44.018Z	spark1	LOAD	19.543	6.996
2026-09-27T20:28:44.070Z	spark2	LOAD	23.259	4.269
2026-09-27T20:28:44.268Z	spark1	LOAD	19.506	6.996
2026-09-27T20:28:44.331Z	spark2	LOAD	23.150	4.269
2026-09-27T20:28:44.519Z	spark1	LOAD	19.507	6.996
2026-09-27T20:28:44.581Z	spark2	LOAD	23.066	4.269
2026-09-27T20:28:44.781Z	spark1	LOAD	19.523	6.996
2026-09-27T20:28:44.832Z	spark2	LOAD	22.956	4.269
2026-09-27T20:28:45.031Z	spark1	LOAD	19.411	6.996
2026-09-27T20:28:45.082Z	spark2	LOAD	22.859	4.269
2026-09-27T20:28:45.281Z	spark1	LOAD	19.334	6.996
2026-09-27T20:28:45.342Z	spark2	LOAD	22.753	4.269
2026-09-27T20:28:45.532Z	spark1	LOAD	19.345	6.996
2026-09-27T20:28:45.592Z	spark2	LOAD	22.649	4.269
2026-09-27T20:28:45.799Z	spark1	LOAD	19.301	6.996
2026-09-27T20:28:45.842Z	spark2	LOAD	22.519	4.269
2026-09-27T20:28:46.050Z	spark1	LOAD	19.259	6.996
2026-09-27T20:28:46.093Z	spark2	LOAD	22.405	4.269
2026-09-27T20:28:46.300Z	spark1	LOAD	19.220	6.996
2026-09-27T20:28:46.353Z	spark2	LOAD	22.295	4.269
2026-09-27T20:28:46.550Z	spark1	LOAD	19.173	6.996
2026-09-27T20:28:46.603Z	spark2	LOAD	22.155	4.274
2026-09-27T20:28:46.813Z	spark1	LOAD	21.672	6.994
2026-09-27T20:28:46.853Z	spark2	LOAD	22.169	4.282
2026-09-27T20:28:47.063Z	spark1	LOAD	22.146	6.994
2026-09-27T20:28:47.103Z	spark2	LOAD	22.103	4.284
2026-09-27T20:28:47.313Z	spark1	LOAD	22.096	6.994
2026-09-27T20:28:47.368Z	spark2	LOAD	22.002	4.285
2026-09-27T20:28:47.563Z	spark1	LOAD	22.077	6.994
2026-09-27T20:28:47.618Z	spark2	LOAD	21.841	4.284
2026-09-27T20:28:47.826Z	spark1	LOAD	22.048	6.994
2026-09-27T20:28:47.869Z	spark2	LOAD	21.677	4.281
2026-09-27T20:28:48.076Z	spark1	LOAD	22.011	6.994
2026-09-27T20:28:48.119Z	spark2	LOAD	21.560	4.279
2026-09-27T20:28:48.327Z	spark1	LOAD	21.966	6.994
2026-09-27T20:28:48.384Z	spark2	LOAD	21.449	4.276
2026-09-27T20:28:48.577Z	spark1	LOAD	21.935	6.994
2026-09-27T20:28:48.634Z	spark2	LOAD	21.361	4.273
2026-09-27T20:28:48.844Z	spark1	LOAD	21.869	6.994
2026-09-27T20:28:48.884Z	spark2	LOAD	21.258	4.273
2026-09-27T20:28:49.094Z	spark1	LOAD	21.848	6.994
2026-09-27T20:28:49.134Z	spark2	LOAD	20.876	4.274
2026-09-27T20:28:49.345Z	spark1	LOAD	21.776	6.994
2026-09-27T20:28:49.400Z	spark2	LOAD	21.066	4.276
2026-09-27T20:28:49.595Z	spark1	LOAD	21.740	6.994
2026-09-27T20:28:49.650Z	spark2	LOAD	20.991	4.277
2026-09-27T20:28:49.857Z	spark1	LOAD	21.704	6.994
2026-09-27T20:28:49.901Z	spark2	LOAD	20.898	4.277
2026-09-27T20:28:50.107Z	spark1	LOAD	21.668	6.994
2026-09-27T20:28:50.151Z	spark2	LOAD	21.077	4.277
2026-09-27T20:28:50.358Z	spark1	LOAD	21.632	6.994
2026-09-27T20:28:50.417Z	spark2	LOAD	22.940	4.277
2026-09-27T20:28:50.608Z	spark1	LOAD	21.605	6.994
2026-09-27T20:28:50.667Z	spark2	LOAD	23.469	4.277
2026-09-27T20:28:50.875Z	spark1	LOAD	21.559	6.994
2026-09-27T20:28:50.918Z	spark2	LOAD	23.371	4.277
2026-09-27T20:28:51.125Z	spark1	LOAD	21.524	6.994
2026-09-27T20:28:51.168Z	spark2	LOAD	23.256	4.277
2026-09-27T20:28:51.376Z	spark1	LOAD	21.480	6.994
2026-09-27T20:28:51.428Z	spark2	LOAD	23.165	4.277
2026-09-27T20:28:51.626Z	spark1	LOAD	21.436	6.994
2026-09-27T20:28:51.678Z	spark2	LOAD	23.065	4.277
2026-09-27T20:28:51.896Z	spark1	LOAD	21.401	6.994
2026-09-27T20:28:51.929Z	spark2	LOAD	22.957	4.277
2026-09-27T20:28:52.146Z	spark1	LOAD	21.365	6.993
2026-09-27T20:28:52.180Z	spark2	LOAD	22.840	4.277
2026-09-27T20:28:52.396Z	spark1	LOAD	21.324	6.993
2026-09-27T20:28:52.439Z	spark2	LOAD	22.695	4.277
2026-09-27T20:28:52.646Z	spark1	LOAD	21.287	6.993
2026-09-27T20:28:52.689Z	spark2	LOAD	22.580	4.277
2026-09-27T20:28:52.914Z	spark1	LOAD	21.237	6.993
2026-09-27T20:28:52.940Z	spark2	LOAD	22.469	4.277
2026-09-27T20:28:53.164Z	spark1	LOAD	21.288	6.993
2026-09-27T20:28:53.190Z	spark2	LOAD	22.356	4.277
2026-09-27T20:28:53.414Z	spark1	LOAD	21.174	6.993
2026-09-27T20:28:53.455Z	spark2	LOAD	22.228	4.277
2026-09-27T20:28:53.665Z	spark1	LOAD	21.092	6.993
2026-09-27T20:28:53.705Z	spark2	LOAD	22.095	4.277
2026-09-27T20:28:53.927Z	spark1	LOAD	21.026	6.993
2026-09-27T20:28:53.955Z	spark2	LOAD	21.987	4.278
2026-09-27T20:28:54.177Z	spark1	LOAD	20.976	6.992
2026-09-27T20:28:54.205Z	spark2	LOAD	21.892	4.278
2026-09-27T20:28:54.427Z	spark1	LOAD	20.937	6.992
2026-09-27T20:28:54.470Z	spark2	LOAD	21.690	4.279
2026-09-27T20:28:54.678Z	spark1	LOAD	20.865	6.992
2026-09-27T20:28:54.721Z	spark2	LOAD	21.649	4.280
2026-09-27T20:28:54.939Z	spark1	LOAD	20.869	6.992
2026-09-27T20:28:54.971Z	spark2	LOAD	21.518	4.280
2026-09-27T20:28:55.190Z	spark1	LOAD	20.934	6.992
2026-09-27T20:28:55.221Z	spark2	LOAD	21.402	4.280
2026-09-27T20:28:55.440Z	spark1	LOAD	20.891	6.992
2026-09-27T20:28:55.486Z	spark2	LOAD	21.281	4.280
2026-09-27T20:28:55.690Z	spark1	LOAD	20.835	6.992
2026-09-27T20:28:55.736Z	spark2	LOAD	21.209	4.284
2026-09-27T20:28:55.962Z	spark1	LOAD	20.776	6.992
2026-09-27T20:28:55.987Z	spark2	LOAD	21.041	4.285
2026-09-27T20:28:56.213Z	spark1	LOAD	20.738	6.992
2026-09-27T20:28:56.237Z	spark2	LOAD	20.952	4.285
2026-09-27T20:28:56.463Z	spark1	LOAD	20.700	6.991
2026-09-27T20:28:56.502Z	spark2	LOAD	20.862	4.287
2026-09-27T20:28:56.713Z	spark1	LOAD	20.584	6.991
2026-09-27T20:28:56.752Z	spark2	LOAD	21.819	4.287
2026-09-27T20:28:56.982Z	spark1	LOAD	20.623	6.991
2026-09-27T20:28:57.003Z	spark2	LOAD	23.433	4.287
2026-09-27T20:28:57.232Z	spark1	LOAD	20.648	6.991
2026-09-27T20:28:57.253Z	spark2	LOAD	23.385	4.287
2026-09-27T20:28:57.482Z	spark1	LOAD	20.612	6.991
2026-09-27T20:28:57.514Z	spark2	LOAD	23.303	4.287
2026-09-27T20:28:57.732Z	spark1	LOAD	20.588	6.991
2026-09-27T20:28:57.764Z	spark2	LOAD	23.202	4.287
2026-09-27T20:28:58.002Z	spark1	LOAD	20.522	6.991
2026-09-27T20:28:58.014Z	spark2	LOAD	23.113	4.287
2026-09-27T20:28:58.253Z	spark1	LOAD	20.459	6.991
2026-09-27T20:28:58.264Z	spark2	LOAD	23.012	4.287
2026-09-27T20:28:58.503Z	spark1	LOAD	20.428	6.991
2026-09-27T20:28:58.529Z	spark2	LOAD	22.943	4.287
2026-09-27T20:28:58.753Z	spark1	LOAD	20.390	6.991
2026-09-27T20:28:58.779Z	spark2	LOAD	22.799	4.284
2026-09-27T20:28:59.016Z	spark1	LOAD	20.395	6.991
2026-09-27T20:28:59.030Z	spark2	LOAD	22.631	4.281
2026-09-27T20:28:59.266Z	spark1	LOAD	20.358	6.991
2026-09-27T20:28:59.280Z	spark2	LOAD	22.501	4.277
2026-09-27T20:28:59.517Z	spark1	LOAD	20.298	6.993
2026-09-27T20:28:59.544Z	spark2	LOAD	22.371	4.274
2026-09-27T20:28:59.767Z	spark1	LOAD	20.289	6.994
2026-09-27T20:28:59.795Z	spark2	LOAD	22.272	4.273
2026-09-27T20:29:00.030Z	spark1	LOAD	20.237	6.994
2026-09-27T20:29:00.045Z	spark2	LOAD	22.150	4.273
2026-09-27T20:29:00.280Z	spark1	LOAD	20.205	6.994
2026-09-27T20:29:00.295Z	spark2	LOAD	21.642	4.273
2026-09-27T20:29:00.530Z	spark1	LOAD	20.153	6.994
2026-09-27T20:29:00.556Z	spark2	LOAD	21.592	4.274
2026-09-27T20:29:00.781Z	spark1	LOAD	20.126	6.994
2026-09-27T20:29:00.806Z	spark2	LOAD	21.476	4.275
2026-09-27T20:29:01.048Z	spark1	LOAD	20.082	6.995
2026-09-27T20:29:01.057Z	spark2	LOAD	21.886	4.276
2026-09-27T20:29:01.298Z	spark1	LOAD	20.047	6.995
2026-09-27T20:29:01.307Z	spark2	LOAD	21.308	4.276
2026-09-27T20:29:01.549Z	spark1	LOAD	19.980	6.995
2026-09-27T20:29:01.567Z	spark2	LOAD	21.204	4.276
2026-09-27T20:29:01.799Z	spark1	LOAD	19.999	6.995
2026-09-27T20:29:01.818Z	spark2	LOAD	21.112	4.277
2026-09-27T20:29:02.062Z	spark1	LOAD	19.960	6.995
2026-09-27T20:29:02.068Z	spark2	LOAD	21.459	4.277
2026-09-27T20:29:02.312Z	spark1	LOAD	19.921	6.995
2026-09-27T20:29:02.318Z	spark2	LOAD	21.320	4.277
2026-09-27T20:29:02.563Z	spark1	LOAD	19.886	6.995
2026-09-27T20:29:02.578Z	spark2	LOAD	21.224	4.277
2026-09-27T20:29:02.813Z	spark1	LOAD	19.842	6.995
2026-09-27T20:29:02.829Z	spark2	LOAD	21.129	4.277
2026-09-27T20:29:03.079Z	spark2	LOAD	21.024	4.277
2026-09-27T20:29:03.081Z	spark1	LOAD	19.801	6.995
2026-09-27T20:29:03.329Z	spark2	LOAD	20.436	4.276
2026-09-27T20:29:03.331Z	spark1	LOAD	19.764	6.995
2026-09-27T20:29:03.581Z	spark1	LOAD	19.704	6.995
2026-09-27T20:29:03.595Z	spark2	LOAD	21.698	4.276
2026-09-27T20:29:03.832Z	spark1	LOAD	19.667	6.995
2026-09-27T20:29:03.845Z	spark2	LOAD	22.886	4.276
2026-09-27T20:29:04.095Z	spark2	LOAD	22.812	4.275
2026-09-27T20:29:04.100Z	spark1	LOAD	19.615	6.995
2026-09-27T20:29:04.346Z	spark2	LOAD	22.784	4.273
2026-09-27T20:29:04.351Z	spark1	LOAD	19.596	6.995
2026-09-27T20:29:04.601Z	spark1	LOAD	19.531	6.994
2026-09-27T20:29:04.606Z	spark2	LOAD	22.744	4.273
2026-09-27T20:29:04.851Z	spark1	LOAD	19.488	6.994
2026-09-27T20:29:04.858Z	spark2	LOAD	22.644	4.273
2026-09-27T20:29:05.108Z	spark2	LOAD	22.541	4.273
2026-09-27T20:29:05.118Z	spark1	LOAD	19.438	6.994
2026-09-27T20:29:05.358Z	spark2	LOAD	22.439	4.273
2026-09-27T20:29:05.368Z	spark1	LOAD	19.405	6.994
2026-09-27T20:29:05.619Z	spark1	LOAD	19.325	6.994
2026-09-27T20:29:05.623Z	spark2	LOAD	22.305	4.273
2026-09-27T20:29:05.869Z	spark1	LOAD	19.281	6.994
2026-09-27T20:29:05.874Z	spark2	LOAD	22.199	4.273
2026-09-27T20:29:06.124Z	spark2	LOAD	22.098	4.273
2026-09-27T20:29:06.131Z	spark1	LOAD	19.271	6.994
2026-09-27T20:29:06.375Z	spark2	LOAD	21.964	4.273
2026-09-27T20:29:06.381Z	spark1	LOAD	19.240	6.994
2026-09-27T20:29:06.631Z	spark1	LOAD	19.212	6.994
2026-09-27T20:29:06.640Z	spark2	LOAD	21.854	4.273
2026-09-27T20:29:06.882Z	spark1	LOAD	19.183	6.994
2026-09-27T20:29:06.890Z	spark2	LOAD	21.714	4.273
2026-09-27T20:29:07.141Z	spark2	LOAD	22.115	4.273
2026-09-27T20:29:07.149Z	spark1	LOAD	19.198	6.994
2026-09-27T20:29:07.391Z	spark2	LOAD	21.998	4.273
2026-09-27T20:29:07.399Z	spark1	LOAD	19.144	6.993
2026-09-27T20:29:07.649Z	spark1	LOAD	19.114	6.993
2026-09-27T20:29:07.656Z	spark2	LOAD	21.900	4.273
2026-09-27T20:29:07.900Z	spark1	LOAD	19.049	6.993
2026-09-27T20:29:07.906Z	spark2	LOAD	21.823	4.273
2026-09-27T20:29:08.156Z	spark2	LOAD	21.725	4.273
2026-09-27T20:29:08.167Z	spark1	LOAD	19.058	6.993
2026-09-27T20:29:08.407Z	spark2	LOAD	21.610	4.273
2026-09-27T20:29:08.417Z	spark1	LOAD	19.313	6.993
2026-09-27T20:29:08.667Z	spark1	LOAD	21.049	6.993
2026-09-27T20:29:08.668Z	spark2	LOAD	21.514	4.275
2026-09-27T20:29:08.918Z	spark1	LOAD	22.211	6.993
2026-09-27T20:29:08.918Z	spark2	LOAD	21.407	4.275
2026-09-27T20:29:09.168Z	spark2	LOAD	21.329	4.276
2026-09-27T20:29:09.187Z	spark1	LOAD	22.157	6.993
2026-09-27T20:29:09.418Z	spark2	LOAD	21.209	4.276
2026-09-27T20:29:09.437Z	spark1	LOAD	22.090	6.993
2026-09-27T20:29:09.681Z	spark2	LOAD	21.123	4.276
2026-09-27T20:29:09.687Z	spark1	LOAD	22.042	6.992
2026-09-27T20:29:09.932Z	spark2	LOAD	20.960	4.274
2026-09-27T20:29:09.937Z	spark1	LOAD	21.993	6.992
2026-09-27T20:29:10.182Z	spark2	LOAD	20.806	4.271
2026-09-27T20:29:10.204Z	spark1	LOAD	21.950	6.992
2026-09-27T20:29:10.432Z	spark2	LOAD	22.311	4.269
2026-09-27T20:29:10.454Z	spark1	LOAD	21.908	6.992
2026-09-27T20:29:10.692Z	spark2	LOAD	23.522	4.266
2026-09-27T20:29:10.705Z	spark1	LOAD	21.876	6.992
2026-09-27T20:29:10.942Z	spark2	LOAD	23.428	4.263
2026-09-27T20:29:10.955Z	spark1	LOAD	21.835	6.992
2026-09-27T20:29:11.193Z	spark2	LOAD	23.347	4.260
2026-09-27T20:29:11.222Z	spark1	LOAD	21.798	6.992
2026-09-27T20:29:11.443Z	spark2	LOAD	23.246	4.257
2026-09-27T20:29:11.472Z	spark1	LOAD	21.745	6.992
2026-09-27T20:29:11.708Z	spark2	LOAD	23.156	4.257
2026-09-27T20:29:11.723Z	spark1	LOAD	21.706	6.992
2026-09-27T20:29:11.958Z	spark2	LOAD	23.016	4.257
2026-09-27T20:29:11.973Z	spark1	LOAD	21.630	6.992
2026-09-27T20:29:12.208Z	spark2	LOAD	22.910	4.257
2026-09-27T20:29:12.235Z	spark1	LOAD	21.590	6.992
2026-09-27T20:29:12.459Z	spark2	LOAD	22.806	4.257
2026-09-27T20:29:12.485Z	spark1	LOAD	21.550	6.992
2026-09-27T20:29:12.719Z	spark2	LOAD	22.691	4.257
2026-09-27T20:29:12.736Z	spark1	LOAD	21.507	6.992
2026-09-27T20:29:12.969Z	spark2	LOAD	22.578	4.257
2026-09-27T20:29:12.986Z	spark1	LOAD	21.469	6.992
2026-09-27T20:29:13.220Z	spark2	LOAD	22.440	4.257
2026-09-27T20:29:13.252Z	spark1	LOAD	21.426	6.992
2026-09-27T20:29:13.470Z	spark2	LOAD	22.323	4.257
2026-09-27T20:29:13.503Z	spark1	LOAD	21.174	6.992
2026-09-27T20:29:13.730Z	spark2	LOAD	22.201	4.257
2026-09-27T20:29:13.753Z	spark1	LOAD	21.121	6.992
2026-09-27T20:29:13.981Z	spark2	LOAD	22.089	4.257
2026-09-27T20:29:14.003Z	spark1	LOAD	21.054	6.992
2026-09-27T20:29:14.231Z	spark2	LOAD	21.965	4.257
2026-09-27T20:29:14.270Z	spark1	LOAD	20.990	6.992
2026-09-27T20:29:14.482Z	spark2	LOAD	21.846	4.257
2026-09-27T20:29:14.520Z	spark1	LOAD	20.956	6.992
2026-09-27T20:29:14.742Z	spark2	LOAD	21.718	4.258
2026-09-27T20:29:14.771Z	spark1	LOAD	20.895	6.991
2026-09-27T20:29:14.992Z	spark2	LOAD	21.629	4.259
2026-09-27T20:29:15.021Z	spark1	LOAD	20.874	6.991
2026-09-27T20:29:15.243Z	spark2	LOAD	21.520	4.260
2026-09-27T20:29:15.287Z	spark1	LOAD	20.835	6.991
2026-09-27T20:29:15.492Z	spark2	LOAD	21.396	4.260
2026-09-27T20:29:15.537Z	spark1	LOAD	20.801	6.991
2026-09-27T20:29:15.757Z	spark2	LOAD	20.756	4.261
2026-09-27T20:29:15.787Z	spark1	LOAD	20.767	6.991
2026-09-27T20:29:16.008Z	spark2	LOAD	21.159	4.262
2026-09-27T20:29:16.037Z	spark1	LOAD	21.013	6.991
2026-09-27T20:29:16.258Z	spark2	LOAD	20.568	4.262
2026-09-27T20:29:16.299Z	spark1	LOAD	20.973	6.991
2026-09-27T20:29:16.509Z	spark2	LOAD	20.475	4.262
2026-09-27T20:29:16.549Z	spark1	LOAD	20.920	6.991
2026-09-27T20:29:16.773Z	spark2	LOAD	20.770	4.264
2026-09-27T20:29:16.800Z	spark1	LOAD	20.893	6.991
2026-09-27T20:29:17.024Z	spark2	LOAD	21.683	4.266
2026-09-27T20:29:17.050Z	spark1	LOAD	20.899	6.991
2026-09-27T20:29:17.274Z	spark2	LOAD	23.252	4.266
2026-09-27T20:29:17.317Z	spark1	LOAD	20.849	6.991
2026-09-27T20:29:17.525Z	spark2	LOAD	23.494	4.266
2026-09-27T20:29:17.567Z	spark1	LOAD	20.806	6.991
2026-09-27T20:29:17.785Z	spark2	LOAD	23.382	4.266
2026-09-27T20:29:17.818Z	spark1	LOAD	20.753	6.991
2026-09-27T20:29:18.035Z	spark2	LOAD	23.240	4.266
2026-09-27T20:29:18.068Z	spark1	LOAD	20.688	6.992
2026-09-27T20:29:18.285Z	spark2	LOAD	23.123	4.266
2026-09-27T20:29:18.330Z	spark1	LOAD	20.654	6.992
2026-09-27T20:29:18.536Z	spark2	LOAD	23.015	4.266
2026-09-27T20:29:18.580Z	spark1	LOAD	20.613	6.992
2026-09-27T20:29:18.797Z	spark2	LOAD	22.902	4.266
2026-09-27T20:29:18.831Z	spark1	LOAD	20.576	6.992
2026-09-27T20:29:19.047Z	spark2	LOAD	22.803	4.266
2026-09-27T20:29:19.081Z	spark1	LOAD	20.533	6.992
2026-09-27T20:29:19.297Z	spark2	LOAD	22.684	4.266
2026-09-27T20:29:19.347Z	spark1	LOAD	20.486	6.992
2026-09-27T20:29:19.548Z	spark2	LOAD	22.582	4.266
2026-09-27T20:29:19.598Z	spark1	LOAD	20.432	6.992
2026-09-27T20:29:19.808Z	spark2	LOAD	22.466	4.266
2026-09-27T20:29:19.848Z	spark1	LOAD	20.366	6.992
2026-09-27T20:29:20.058Z	spark2	LOAD	22.360	4.266
2026-09-27T20:29:20.099Z	spark1	LOAD	20.342	6.992
2026-09-27T20:29:20.309Z	spark2	LOAD	22.269	4.266
2026-09-27T20:29:20.368Z	spark1	LOAD	20.283	6.992
2026-09-27T20:29:20.559Z	spark2	LOAD	22.106	4.266
2026-09-27T20:29:20.618Z	spark1	LOAD	20.250	6.992
2026-09-27T20:29:20.819Z	spark2	LOAD	22.020	4.267
2026-09-27T20:29:20.869Z	spark1	LOAD	20.205	6.992
2026-09-27T20:29:21.070Z	spark2	LOAD	21.864	4.264
2026-09-27T20:29:21.119Z	spark1	LOAD	20.146	6.992
2026-09-27T20:29:21.319Z	spark2	LOAD	21.263	4.261
2026-09-27T20:29:21.381Z	spark1	LOAD	20.193	6.992
2026-09-27T20:29:21.570Z	spark2	LOAD	21.625	4.261
2026-09-27T20:29:21.630Z	spark1	LOAD	20.082	6.992
2026-09-27T20:29:21.831Z	spark2	LOAD	21.532	4.259
2026-09-27T20:29:21.880Z	spark1	LOAD	20.014	6.992
2026-09-27T20:29:22.081Z	spark2	LOAD	20.922	4.257
2026-09-27T20:29:22.131Z	spark1	LOAD	19.928	6.991
2026-09-27T20:29:22.332Z	spark2	LOAD	20.811	4.256
2026-09-27T20:29:22.397Z	spark1	LOAD	19.900	6.992
2026-09-27T20:29:22.582Z	spark2	LOAD	20.883	4.257
2026-09-27T20:29:22.648Z	spark1	LOAD	19.858	6.992
2026-09-27T20:29:22.846Z	spark2	LOAD	20.608	4.257
2026-09-27T20:29:22.898Z	spark1	LOAD	19.869	6.992
2026-09-27T20:29:23.096Z	spark2	LOAD	20.995	4.258
2026-09-27T20:29:23.148Z	spark1	LOAD	19.822	6.992
2026-09-27T20:29:23.347Z	spark2	LOAD	20.903	4.261
2026-09-27T20:29:23.412Z	spark1	LOAD	19.783	6.992
2026-09-27T20:29:23.597Z	spark2	LOAD	20.791	4.262
2026-09-27T20:29:23.663Z	spark1	LOAD	19.740	6.992
2026-09-27T20:29:23.857Z	spark2	LOAD	22.253	4.262
2026-09-27T20:29:23.913Z	spark1	LOAD	19.692	6.992
2026-09-27T20:29:24.108Z	spark2	LOAD	23.530	4.262
2026-09-27T20:29:24.163Z	spark1	LOAD	19.619	6.992
2026-09-27T20:29:24.359Z	spark2	LOAD	23.536	4.262
2026-09-27T20:29:24.430Z	spark1	LOAD	19.569	6.992
2026-09-27T20:29:24.611Z	spark2	LOAD	23.524	4.252
2026-09-27T20:29:24.680Z	spark1	LOAD	19.523	6.992
2026-09-27T20:29:24.872Z	spark2	LOAD	23.516	4.242
2026-09-27T20:29:24.930Z	spark1	LOAD	19.469	6.992
2026-09-27T20:29:25.121Z	spark2	LOAD	23.449	4.242
2026-09-27T20:29:25.181Z	spark1	LOAD	19.424	6.992
2026-09-27T20:29:25.372Z	spark2	LOAD	23.191	4.241
2026-09-27T20:29:25.446Z	spark1	LOAD	19.385	6.991
2026-09-27T20:29:25.622Z	spark2	LOAD	21.056	4.241
2026-09-27T20:29:25.697Z	spark1	LOAD	19.341	6.991
2026-09-27T20:29:25.883Z	spark2	LOAD	19.459	4.248
2026-09-27T20:29:25.947Z	spark1	LOAD	19.318	6.991
2026-09-27T20:29:26.133Z	spark2	LOAD	17.753	4.255
2026-09-27T20:29:26.197Z	spark1	LOAD	19.243	6.991
2026-09-27T20:29:26.384Z	spark2	LOAD	16.461	4.260
2026-09-27T20:29:26.465Z	spark1	LOAD	19.230	6.991
2026-09-27T20:29:26.634Z	spark2	LOAD	15.989	4.260
2026-09-27T20:29:26.715Z	spark1	LOAD	19.187	6.991
2026-09-27T20:29:26.907Z	spark2	LOAD	15.839	4.259
2026-09-27T20:29:26.965Z	spark1	LOAD	19.145	6.991
2026-09-27T20:29:27.157Z	spark2	LOAD	16.609	4.259
2026-09-27T20:29:27.216Z	spark1	LOAD	19.102	6.991
2026-09-27T20:29:27.408Z	spark2	LOAD	20.192	4.259
2026-09-27T20:29:27.482Z	spark1	LOAD	19.050	6.991
2026-09-27T20:29:27.660Z	spark2	LOAD	15.931	4.259
2026-09-27T20:29:27.733Z	spark1	LOAD	18.994	6.991
2026-09-27T20:29:27.929Z	spark2	LOAD	15.582	4.259
2026-09-27T20:29:27.983Z	spark1	LOAD	19.712	6.990
2026-09-27T20:29:28.181Z	spark2	LOAD	21.344	4.259
2026-09-27T20:29:28.233Z	spark1	LOAD	21.536	6.990
2026-09-27T20:29:28.432Z	spark2	LOAD	15.946	4.259
2026-09-27T20:29:28.501Z	spark1	LOAD	22.240	6.990
2026-09-27T20:29:28.682Z	spark2	LOAD	16.794	4.259
2026-09-27T20:29:28.751Z	spark1	LOAD	22.207	6.990
2026-09-27T20:29:28.943Z	spark2	LOAD	20.118	4.259
2026-09-27T20:29:29.002Z	spark1	LOAD	22.170	6.990
2026-09-27T20:29:29.193Z	spark2	LOAD	15.951	4.259
2026-09-27T20:29:29.252Z	spark1	LOAD	22.138	6.990
2026-09-27T20:29:29.444Z	spark2	LOAD	21.139	4.259
2026-09-27T20:29:29.514Z	spark1	LOAD	22.109	6.990
2026-09-27T20:29:29.695Z	spark2	LOAD	17.702	4.259
2026-09-27T20:29:29.764Z	spark1	LOAD	22.079	6.990
2026-09-27T20:29:29.956Z	spark2	LOAD	15.609	4.259
2026-09-27T20:29:30.015Z	spark1	LOAD	22.071	6.990
2026-09-27T20:29:30.207Z	spark2	LOAD	21.067	4.259
2026-09-27T20:29:30.265Z	spark1	LOAD	22.026	6.990
2026-09-27T20:29:30.458Z	spark2	LOAD	15.945	4.259
2026-09-27T20:29:30.527Z	spark1	LOAD	21.954	6.990
2026-09-27T20:29:30.709Z	spark2	LOAD	18.448	4.259
2026-09-27T20:29:30.777Z	spark1	LOAD	21.922	6.990
2026-09-27T20:29:30.969Z	spark2	LOAD	18.639	4.259
2026-09-27T20:29:31.028Z	spark1	LOAD	21.863	6.990
2026-09-27T20:29:31.220Z	spark2	LOAD	15.621	4.259
2026-09-27T20:29:31.278Z	spark1	LOAD	21.816	6.990
2026-09-27T20:29:31.472Z	spark2	LOAD	21.165	4.259
2026-09-27T20:29:31.540Z	spark1	LOAD	21.749	6.990
2026-09-27T20:29:31.722Z	spark2	LOAD	15.925	4.259
2026-09-27T20:29:31.790Z	spark1	LOAD	21.723	6.989
2026-09-27T20:29:31.997Z	spark2	LOAD	20.601	4.259
2026-09-27T20:29:32.041Z	spark1	LOAD	21.663	6.989
2026-09-27T20:29:32.247Z	spark2	LOAD	17.970	4.255
2026-09-27T20:29:32.291Z	spark1	LOAD	21.620	6.989
2026-09-27T20:29:32.498Z	spark2	LOAD	15.550	4.252
2026-09-27T20:29:32.559Z	spark1	LOAD	21.590	6.989
2026-09-27T20:29:32.748Z	spark2	LOAD	21.334	4.251
2026-09-27T20:29:32.809Z	spark1	LOAD	21.522	6.989
2026-09-27T20:29:33.022Z	spark2	LOAD	15.910	4.247
2026-09-27T20:29:33.059Z	spark1	LOAD	21.489	6.989
2026-09-27T20:29:33.272Z	spark2	LOAD	19.491	4.245
2026-09-27T20:29:33.310Z	spark1	LOAD	21.450	6.989
2026-09-27T20:29:33.523Z	spark2	LOAD	18.214	4.245
2026-09-27T20:29:33.579Z	spark1	LOAD	21.402	6.989
2026-09-27T20:29:33.774Z	spark2	LOAD	15.598	4.245
2026-09-27T20:29:33.829Z	spark1	LOAD	21.361	6.989
2026-09-27T20:29:34.039Z	spark2	LOAD	20.599	4.245
2026-09-27T20:29:34.080Z	spark1	LOAD	21.324	6.989
2026-09-27T20:29:34.290Z	spark2	LOAD	15.896	4.245
2026-09-27T20:29:34.330Z	spark1	LOAD	21.286	6.989
2026-09-27T20:29:34.541Z	spark2	LOAD	22.545	4.245
2026-09-27T20:29:34.598Z	spark1	LOAD	21.214	6.989
2026-09-27T20:29:34.792Z	spark2	LOAD	16.611	4.245
2026-09-27T20:29:34.848Z	spark1	LOAD	21.168	6.989
2026-09-27T20:29:35.059Z	spark2	LOAD	16.393	4.245
2026-09-27T20:29:35.099Z	spark1	LOAD	21.128	6.989
2026-09-27T20:29:35.310Z	spark2	LOAD	19.458	4.245
2026-09-27T20:29:35.349Z	spark1	LOAD	21.088	6.989
2026-09-27T20:29:35.561Z	spark2	LOAD	15.697	4.245
2026-09-27T20:29:35.611Z	spark1	LOAD	21.045	6.989
2026-09-27T20:29:35.812Z	spark2	LOAD	21.492	4.245
2026-09-27T20:29:35.862Z	spark1	LOAD	21.005	6.989
2026-09-27T20:29:36.085Z	spark2	LOAD	15.910	4.245
2026-09-27T20:29:36.112Z	spark1	LOAD	20.955	6.989
2026-09-27T20:29:36.336Z	spark2	LOAD	21.458	4.245
2026-09-27T20:29:36.362Z	spark1	LOAD	20.905	6.978
2026-09-27T20:29:36.586Z	spark2	LOAD	17.272	4.245
2026-09-27T20:29:36.624Z	spark1	LOAD	20.819	6.977
2026-09-27T20:29:36.837Z	spark2	LOAD	15.556	4.245
2026-09-27T20:29:36.875Z	spark1	LOAD	20.787	6.977
2026-09-27T20:29:37.097Z	spark2	LOAD	19.497	4.245
2026-09-27T20:29:37.125Z	spark1	LOAD	20.756	6.977
2026-09-27T20:29:37.348Z	spark2	LOAD	15.754	4.245
2026-09-27T20:29:37.375Z	spark1	LOAD	20.715	6.977
2026-09-27T20:29:37.599Z	spark2	LOAD	21.482	4.245
2026-09-27T20:29:37.636Z	spark1	LOAD	20.679	6.977
2026-09-27T20:29:37.851Z	spark2	LOAD	15.904	4.245
2026-09-27T20:29:37.887Z	spark1	LOAD	20.635	6.977
2026-09-27T20:29:38.136Z	spark2	LOAD	21.912	4.245
2026-09-27T20:29:38.137Z	spark1	LOAD	20.601	6.977
2026-09-27T20:29:38.386Z	spark2	LOAD	16.688	4.245
2026-09-27T20:29:38.387Z	spark1	LOAD	20.575	6.977
2026-09-27T20:29:38.637Z	spark2	LOAD	16.486	4.245
2026-09-27T20:29:38.654Z	spark1	LOAD	20.543	6.977
2026-09-27T20:29:38.889Z	spark2	LOAD	19.352	4.245
2026-09-27T20:29:38.904Z	spark1	LOAD	20.505	6.977
2026-09-27T20:29:39.154Z	spark1	LOAD	20.496	6.977
2026-09-27T20:29:39.156Z	spark2	LOAD	15.582	4.245
2026-09-27T20:29:39.405Z	spark1	LOAD	20.502	6.977
2026-09-27T20:29:39.406Z	spark2	LOAD	20.757	4.245
2026-09-27T20:29:39.657Z	spark2	LOAD	15.830	4.245
2026-09-27T20:29:39.666Z	spark1	LOAD	20.466	6.977
2026-09-27T20:29:39.907Z	spark2	LOAD	21.688	4.245
2026-09-27T20:29:39.916Z	spark1	LOAD	20.449	6.977
2026-09-27T20:29:40.166Z	spark1	LOAD	20.405	6.977
2026-09-27T20:29:40.174Z	spark2	LOAD	15.883	4.245
2026-09-27T20:29:40.417Z	spark1	LOAD	20.372	6.976
2026-09-27T20:29:40.424Z	spark2	LOAD	20.653	4.245
2026-09-27T20:29:40.676Z	spark2	LOAD	17.221	4.245
2026-09-27T20:29:40.679Z	spark1	LOAD	20.315	6.976
2026-09-27T20:29:40.927Z	spark2	LOAD	16.225	4.245
2026-09-27T20:29:40.929Z	spark1	LOAD	20.273	6.976
2026-09-27T20:29:41.180Z	spark1	LOAD	20.294	6.976
2026-09-27T20:29:41.191Z	spark2	LOAD	19.305	4.245
2026-09-27T20:29:41.430Z	spark1	LOAD	20.260	6.976
2026-09-27T20:29:41.442Z	spark2	LOAD	15.585	4.245
2026-09-27T20:29:41.693Z	spark2	LOAD	20.597	4.245
2026-09-27T20:29:41.698Z	spark1	LOAD	20.218	6.977
2026-09-27T20:29:41.944Z	spark2	LOAD	15.843	4.245
2026-09-27T20:29:41.949Z	spark1	LOAD	19.949	6.977
2026-09-27T20:29:42.199Z	spark1	LOAD	19.921	6.977
2026-09-27T20:29:42.205Z	spark2	LOAD	21.467	4.245
2026-09-27T20:29:42.450Z	spark1	LOAD	20.125	6.977
2026-09-27T20:29:42.457Z	spark2	LOAD	15.886	4.245
2026-09-27T20:29:42.707Z	spark2	LOAD	22.190	4.245
2026-09-27T20:29:42.718Z	spark1	LOAD	20.034	6.976
2026-09-27T20:29:42.958Z	spark2	LOAD	16.510	4.245
2026-09-27T20:29:42.968Z	spark1	LOAD	19.999	6.976
2026-09-27T20:29:43.219Z	spark1	LOAD	19.980	6.976
2026-09-27T20:29:43.219Z	spark2	LOAD	19.144	4.244
2026-09-27T20:29:43.469Z	spark1	LOAD	19.945	6.976
2026-09-27T20:29:43.469Z	spark2	LOAD	17.936	4.241
2026-09-27T20:29:43.719Z	spark2	LOAD	15.434	4.238
2026-09-27T20:29:43.737Z	spark1	LOAD	19.893	6.976
2026-09-27T20:29:43.970Z	spark2	LOAD	19.983	4.237
2026-09-27T20:29:43.987Z	spark1	LOAD	19.822	6.976
2026-09-27T20:29:44.234Z	spark2	LOAD	15.492	4.234
2026-09-27T20:29:44.238Z	spark1	LOAD	19.802	6.976
2026-09-27T20:29:44.485Z	spark2	LOAD	20.808	4.231
2026-09-27T20:29:44.488Z	spark1	LOAD	19.764	6.976
2026-09-27T20:29:44.735Z	spark2	LOAD	15.765	4.231
2026-09-27T20:29:44.749Z	spark1	LOAD	19.696	6.976
2026-09-27T20:29:44.986Z	spark2	LOAD	21.821	4.231
2026-09-27T20:29:44.999Z	spark1	LOAD	19.658	6.976
2026-09-27T20:29:45.248Z	spark2	LOAD	15.783	4.231
2026-09-27T20:29:45.250Z	spark1	LOAD	19.613	6.976
2026-09-27T20:29:45.499Z	spark2	LOAD	19.155	4.231
2026-09-27T20:29:45.500Z	spark1	LOAD	19.570	6.976
2026-09-27T20:29:45.749Z	spark2	LOAD	17.756	4.231
2026-09-27T20:29:45.769Z	spark1	LOAD	19.555	6.976
2026-09-27T20:29:46.000Z	spark2	LOAD	15.413	4.231
2026-09-27T20:29:46.020Z	spark1	LOAD	19.517	6.976
2026-09-27T20:29:46.265Z	spark2	LOAD	19.493	4.231
2026-09-27T20:29:46.270Z	spark1	LOAD	19.467	6.976
2026-09-27T20:29:46.517Z	spark2	LOAD	15.484	4.231
2026-09-27T20:29:46.520Z	spark1	LOAD	19.417	6.976
2026-09-27T20:29:46.767Z	spark2	LOAD	21.383	4.231
2026-09-27T20:29:46.783Z	spark1	LOAD	19.270	6.976
2026-09-27T20:29:47.019Z	spark2	LOAD	15.802	4.231
2026-09-27T20:29:47.034Z	spark1	LOAD	19.217	6.976
2026-09-27T20:29:47.284Z	spark1	LOAD	19.181	6.976
2026-09-27T20:29:47.301Z	spark2	LOAD	19.516	4.231
2026-09-27T20:29:47.534Z	spark1	LOAD	20.981	6.976
2026-09-27T20:29:47.552Z	spark2	LOAD	17.600	4.231
2026-09-27T20:29:47.803Z	spark2	LOAD	15.417	4.231
2026-09-27T20:29:47.803Z	spark1	LOAD	22.372	6.976
2026-09-27T20:29:48.054Z	spark2	LOAD	20.469	4.231
2026-09-27T20:29:48.054Z	spark1	LOAD	22.317	6.975
2026-09-27T20:29:48.304Z	spark1	LOAD	22.273	6.975
2026-09-27T20:29:48.315Z	spark2	LOAD	15.654	4.231
2026-09-27T20:29:48.555Z	spark1	LOAD	22.236	6.975
2026-09-27T20:29:48.566Z	spark2	LOAD	22.239	4.231
2026-09-27T20:29:48.817Z	spark2	LOAD	15.817	4.231
2026-09-27T20:29:48.821Z	spark1	LOAD	22.185	6.975
2026-09-27T20:29:49.068Z	spark2	LOAD	16.845	4.231
2026-09-27T20:29:49.071Z	spark1	LOAD	22.126	6.975
2026-09-27T20:29:49.322Z	spark1	LOAD	22.090	6.975
2026-09-27T20:29:49.329Z	spark2	LOAD	19.188	4.231
2026-09-27T20:29:49.572Z	spark1	LOAD	22.041	6.975
2026-09-27T20:29:49.579Z	spark2	LOAD	15.485	4.231
2026-09-27T20:29:49.830Z	spark2	LOAD	21.264	4.231
2026-09-27T20:29:49.832Z	spark1	LOAD	21.990	6.975
2026-09-27T20:29:50.081Z	spark2	LOAD	15.812	4.231
2026-09-27T20:29:50.083Z	spark1	LOAD	21.955	6.975
2026-09-27T20:29:50.333Z	spark1	LOAD	21.913	6.975
2026-09-27T20:29:50.353Z	spark2	LOAD	21.878	4.231
2026-09-27T20:29:50.583Z	spark1	LOAD	21.865	6.975
2026-09-27T20:29:50.604Z	spark2	LOAD	16.456	4.231
2026-09-27T20:29:50.853Z	spark1	LOAD	21.807	6.975
2026-09-27T20:29:50.855Z	spark2	LOAD	16.073	4.231
2026-09-27T20:29:51.103Z	spark1	LOAD	21.743	6.975
2026-09-27T20:29:51.106Z	spark2	LOAD	19.308	4.231
2026-09-27T20:29:51.358Z	spark1	LOAD	21.650	6.975
2026-09-27T20:29:51.370Z	spark2	LOAD	15.481	4.231
2026-09-27T20:29:51.608Z	spark1	LOAD	21.563	6.975
2026-09-27T20:29:51.621Z	spark2	LOAD	20.822	4.231
2026-09-27T20:29:51.871Z	spark1	LOAD	21.506	6.975
2026-09-27T20:29:51.872Z	spark2	LOAD	15.785	4.231
2026-09-27T20:29:52.122Z	spark1	LOAD	21.470	6.975
2026-09-27T20:29:52.122Z	spark2	LOAD	22.533	4.231
2026-09-27T20:29:52.372Z	spark1	LOAD	21.436	6.974
2026-09-27T20:29:52.388Z	spark2	LOAD	22.382	4.231
2026-09-27T20:29:52.622Z	spark1	LOAD	21.393	6.974
2026-09-27T20:29:52.640Z	spark2	LOAD	22.003	4.231
2026-09-27T20:29:52.885Z	spark1	LOAD	21.353	6.974
2026-09-27T20:29:52.890Z	spark2	LOAD	22.735	4.231
2026-09-27T20:29:53.136Z	spark1	LOAD	21.274	6.974
2026-09-27T20:29:53.141Z	spark2	LOAD	22.725	4.231
2026-09-27T20:29:53.386Z	spark1	LOAD	21.230	6.974
2026-09-27T20:29:53.406Z	spark2	LOAD	22.718	4.231
2026-09-27T20:29:53.636Z	spark1	LOAD	21.194	6.974
2026-09-27T20:29:53.656Z	spark2	LOAD	22.713	4.231
2026-09-27T20:29:53.903Z	spark1	LOAD	21.151	6.974
2026-09-27T20:29:53.908Z	spark2	LOAD	22.709	4.231
2026-09-27T20:29:54.153Z	spark1	LOAD	21.098	6.974
2026-09-27T20:29:54.158Z	spark2	LOAD	22.703	4.231
2026-09-27T20:29:54.404Z	spark1	LOAD	21.064	6.974
2026-09-27T20:29:54.423Z	spark2	LOAD	20.831	4.231
2026-09-27T20:29:54.654Z	spark1	LOAD	21.038	6.974
2026-09-27T20:29:54.673Z	spark2	LOAD	20.797	4.227
2026-09-27T20:29:54.915Z	spark1	LOAD	20.967	6.974
2026-09-27T20:29:54.924Z	spark2	LOAD	20.803	4.223
2026-09-27T20:29:55.165Z	spark1	LOAD	20.913	6.974
2026-09-27T20:29:55.174Z	spark2	LOAD	20.791	4.220
2026-09-27T20:29:55.416Z	spark1	LOAD	20.872	6.974
2026-09-27T20:29:55.439Z	spark2	LOAD	20.138	4.216
2026-09-27T20:29:55.666Z	spark1	LOAD	20.826	6.974
2026-09-27T20:29:55.690Z	spark2	LOAD	20.101	4.216
2026-09-27T20:29:55.935Z	spark1	LOAD	20.888	6.974
2026-09-27T20:29:55.940Z	spark2	LOAD	20.064	4.216
2026-09-27T20:29:56.185Z	spark1	LOAD	20.759	6.974
2026-09-27T20:29:56.190Z	spark2	LOAD	20.027	4.216
2026-09-27T20:29:56.435Z	spark1	LOAD	20.675	6.974
2026-09-27T20:29:56.455Z	spark2	LOAD	19.989	4.216
2026-09-27T20:29:56.686Z	spark1	LOAD	20.635	6.974
2026-09-27T20:29:56.706Z	spark2	LOAD	19.953	4.216
2026-09-27T20:29:56.955Z	spark1	LOAD	20.711	6.974
2026-09-27T20:29:56.956Z	spark2	LOAD	19.918	4.216
2026-09-27T20:29:57.205Z	spark1	LOAD	20.640	6.974
2026-09-27T20:29:57.207Z	spark2	LOAD	19.881	4.216
2026-09-27T20:29:57.455Z	spark1	LOAD	20.591	6.974
2026-09-27T20:29:57.472Z	spark2	LOAD	19.841	4.216
2026-09-27T20:29:57.705Z	spark1	LOAD	20.544	6.974
2026-09-27T20:29:57.723Z	spark2	LOAD	19.616	4.216
2026-09-27T20:29:57.973Z	spark1	LOAD	20.488	6.974
2026-09-27T20:29:57.973Z	spark2	LOAD	19.408	4.216
2026-09-27T20:29:58.222Z	spark1	LOAD	20.453	6.974
2026-09-27T20:29:58.224Z	spark2	LOAD	19.284	4.216
2026-09-27T20:29:58.473Z	spark1	LOAD	20.411	6.974
2026-09-27T20:29:58.491Z	spark2	LOAD	19.496	4.216
2026-09-27T20:29:58.723Z	spark1	LOAD	20.369	6.974
2026-09-27T20:29:58.742Z	spark2	LOAD	19.857	4.216
2026-09-27T20:29:58.985Z	spark1	LOAD	20.327	6.974
2026-09-27T20:29:58.992Z	spark2	LOAD	20.605	4.216
2026-09-27T20:29:59.236Z	spark1	LOAD	20.244	6.974
2026-09-27T20:29:59.244Z	spark2	LOAD	20.603	4.216
2026-09-27T20:29:59.486Z	spark1	LOAD	20.226	6.974
2026-09-27T20:29:59.504Z	spark2	LOAD	20.599	4.216
2026-09-27T20:29:59.736Z	spark1	LOAD	20.182	6.974
2026-09-27T20:29:59.754Z	spark2	LOAD	20.598	4.216
2026-09-27T20:29:59.998Z	spark1	LOAD	20.127	6.974
2026-09-27T20:30:00.005Z	spark2	LOAD	20.586	4.216
2026-09-27T20:30:00.248Z	spark1	LOAD	20.087	6.974
2026-09-27T20:30:00.255Z	spark2	LOAD	20.572	4.216
2026-09-27T20:30:00.499Z	spark1	LOAD	20.047	6.974
2026-09-27T20:30:00.516Z	spark2	LOAD	20.563	4.216
2026-09-27T20:30:00.749Z	spark1	LOAD	20.005	6.974
2026-09-27T20:30:00.767Z	spark2	LOAD	20.548	4.216
2026-09-27T20:30:01.016Z	spark1	LOAD	19.954	6.974
2026-09-27T20:30:01.017Z	spark2	LOAD	20.539	4.216
2026-09-27T20:30:01.266Z	spark1	LOAD	19.899	6.974
2026-09-27T20:30:01.269Z	spark2	LOAD	20.521	4.216
2026-09-27T20:30:01.516Z	spark1	LOAD	19.866	6.974
2026-09-27T20:30:01.529Z	spark2	LOAD	20.514	4.216
2026-09-27T20:30:01.766Z	spark1	LOAD	19.815	6.974
2026-09-27T20:30:01.779Z	spark2	LOAD	20.492	4.216
2026-09-27T20:30:02.030Z	spark2	LOAD	20.484	4.216
2026-09-27T20:30:02.033Z	spark1	LOAD	19.773	6.974
2026-09-27T20:30:02.280Z	spark2	LOAD	20.469	4.216
2026-09-27T20:30:02.283Z	spark1	LOAD	19.734	6.975
2026-09-27T20:30:02.534Z	spark1	LOAD	19.689	6.975
2026-09-27T20:30:02.545Z	spark2	LOAD	20.445	4.216
2026-09-27T20:30:02.784Z	spark1	LOAD	19.665	6.975
2026-09-27T20:30:02.795Z	spark2	LOAD	20.437	4.216
2026-09-27T20:30:03.046Z	spark2	LOAD	20.422	4.216
2026-09-27T20:30:03.050Z	spark1	LOAD	19.614	6.975
2026-09-27T20:30:03.296Z	spark2	LOAD	20.406	4.216
2026-09-27T20:30:03.300Z	spark1	LOAD	19.545	6.975
2026-09-27T20:30:03.551Z	spark1	LOAD	19.503	6.975
2026-09-27T20:30:03.562Z	spark2	LOAD	20.398	4.216
2026-09-27T20:30:03.801Z	spark1	LOAD	19.502	6.975
2026-09-27T20:30:03.812Z	spark2	LOAD	20.387	4.216
2026-09-27T20:30:04.063Z	spark2	LOAD	20.376	4.216
2026-09-27T20:30:04.063Z	spark1	LOAD	19.303	6.976
2026-09-27T20:30:04.313Z	spark2	LOAD	20.360	4.216
2026-09-27T20:30:04.314Z	spark1	LOAD	19.167	6.976
2026-09-27T20:30:04.564Z	spark1	LOAD	19.273	6.976
2026-09-27T20:30:04.579Z	spark2	LOAD	20.353	4.216
2026-09-27T20:30:04.814Z	spark1	LOAD	19.283	6.976
2026-09-27T20:30:04.829Z	spark2	LOAD	20.345	4.216
2026-09-27T20:30:05.079Z	spark2	LOAD	20.328	4.216
2026-09-27T20:30:05.083Z	spark1	LOAD	19.229	6.975
2026-09-27T20:30:05.330Z	spark2	LOAD	20.323	4.216
2026-09-27T20:30:05.333Z	spark1	LOAD	19.172	6.975
2026-09-27T20:30:05.584Z	spark1	LOAD	19.097	6.975
2026-09-27T20:30:05.595Z	spark2	LOAD	20.283	4.213
2026-09-27T20:30:05.834Z	spark1	LOAD	19.025	6.975
2026-09-27T20:30:05.845Z	spark2	LOAD	20.260	4.210
2026-09-27T20:30:06.095Z	spark2	LOAD	20.251	4.207
2026-09-27T20:30:06.100Z	spark1	LOAD	18.986	6.976
2026-09-27T20:30:06.346Z	spark2	LOAD	20.232	4.203
2026-09-27T20:30:06.350Z	spark1	LOAD	18.936	6.976
2026-09-27T20:30:06.600Z	spark1	LOAD	19.775	6.976
2026-09-27T20:30:06.611Z	spark2	LOAD	20.224	4.202
2026-09-27T20:30:06.850Z	spark1	LOAD	21.674	6.976
2026-09-27T20:30:06.861Z	spark2	LOAD	20.210	4.202
2026-09-27T20:30:07.112Z	spark2	LOAD	20.202	4.202
2026-09-27T20:30:07.119Z	spark1	LOAD	22.141	6.976
2026-09-27T20:30:07.363Z	spark2	LOAD	20.194	4.202
2026-09-27T20:30:07.369Z	spark1	LOAD	22.053	6.975
2026-09-27T20:30:07.619Z	spark1	LOAD	21.929	6.975
2026-09-27T20:30:07.628Z	spark2	LOAD	20.178	4.202
2026-09-27T20:30:07.869Z	spark1	LOAD	21.873	6.975
2026-09-27T20:30:07.878Z	spark2	LOAD	21.415	4.202
2026-09-27T20:30:08.129Z	spark2	LOAD	21.413	4.201
2026-09-27T20:30:08.137Z	spark1	LOAD	21.817	6.975
2026-09-27T20:30:08.379Z	spark2	LOAD	21.413	4.201
2026-09-27T20:30:08.387Z	spark1	LOAD	21.766	6.975
2026-09-27T20:30:08.637Z	spark1	LOAD	21.708	6.975
2026-09-27T20:30:08.641Z	spark2	LOAD	21.413	4.201
2026-09-27T20:30:08.888Z	spark1	LOAD	21.686	6.975
2026-09-27T20:30:08.892Z	spark2	LOAD	21.413	4.201
2026-09-27T20:30:09.143Z	spark2	LOAD	21.415	4.201
2026-09-27T20:30:09.155Z	spark1	LOAD	21.603	6.975
2026-09-27T20:30:09.394Z	spark2	LOAD	21.415	4.201
2026-09-27T20:30:09.405Z	spark1	LOAD	21.554	6.975
2026-09-27T20:30:09.655Z	spark1	LOAD	21.488	6.975
2026-09-27T20:30:09.655Z	spark2	LOAD	21.415	4.201
2026-09-27T20:30:09.906Z	spark1	LOAD	21.399	6.974
2026-09-27T20:30:09.906Z	spark2	LOAD	21.415	4.201
2026-09-27T20:30:10.156Z	spark2	LOAD	21.418	4.201
2026-09-27T20:30:10.173Z	spark1	LOAD	21.339	6.974
2026-09-27T20:30:10.407Z	spark2	LOAD	21.418	4.201
2026-09-27T20:30:10.424Z	spark1	LOAD	21.279	6.974
2026-09-27T20:30:10.667Z	spark2	LOAD	21.418	4.201
2026-09-27T20:30:10.674Z	spark1	LOAD	21.240	6.974
2026-09-27T20:30:10.918Z	spark2	LOAD	21.420	4.201
2026-09-27T20:30:10.924Z	spark1	LOAD	21.196	6.974
2026-09-27T20:30:11.169Z	spark2	LOAD	21.423	4.201
2026-09-27T20:30:11.191Z	spark1	LOAD	21.153	6.974
2026-09-27T20:30:11.420Z	spark2	LOAD	21.423	4.201
2026-09-27T20:30:11.441Z	spark1	LOAD	21.075	6.974
2026-09-27T20:30:11.681Z	spark2	LOAD	21.423	4.201
2026-09-27T20:30:11.691Z	spark1	LOAD	20.964	6.974
2026-09-27T20:30:11.932Z	spark2	LOAD	21.427	4.201
2026-09-27T20:30:11.941Z	spark1	LOAD	20.895	6.974
2026-09-27T20:30:12.182Z	spark2	LOAD	21.427	4.201
2026-09-27T20:30:12.204Z	spark1	LOAD	20.772	6.974
2026-09-27T20:30:12.433Z	spark2	LOAD	21.427	4.201
2026-09-27T20:30:12.454Z	spark1	LOAD	21.080	6.974
2026-09-27T20:30:12.693Z	spark2	LOAD	21.427	4.201
2026-09-27T20:30:12.704Z	spark1	LOAD	21.014	6.974
2026-09-27T20:30:12.943Z	spark2	LOAD	21.431	4.201
2026-09-27T20:30:12.954Z	spark1	LOAD	21.002	6.974
2026-09-27T20:30:13.194Z	spark2	LOAD	21.431	4.201
2026-09-27T20:30:13.222Z	spark1	LOAD	20.957	6.974
2026-09-27T20:30:13.445Z	spark2	LOAD	21.431	4.201
2026-09-27T20:30:13.472Z	spark1	LOAD	20.905	6.974
2026-09-27T20:30:13.704Z	spark2	LOAD	21.431	4.201
2026-09-27T20:30:13.722Z	spark1	LOAD	20.823	6.974
2026-09-27T20:30:13.955Z	spark2	LOAD	21.432	4.201
2026-09-27T20:30:13.972Z	spark1	LOAD	20.817	6.974
2026-09-27T20:30:14.205Z	spark2	LOAD	21.432	4.201
2026-09-27T20:30:14.235Z	spark1	LOAD	20.762	6.974
2026-09-27T20:30:14.456Z	spark2	LOAD	21.432	4.201
2026-09-27T20:30:14.486Z	spark1	LOAD	20.749	6.975
2026-09-27T20:30:14.717Z	spark2	LOAD	21.432	4.201
2026-09-27T20:30:14.736Z	spark1	LOAD	20.684	6.975
2026-09-27T20:30:14.967Z	spark2	LOAD	21.434	4.201
2026-09-27T20:30:14.986Z	spark1	LOAD	20.618	6.975
2026-09-27T20:30:15.218Z	spark2	LOAD	21.434	4.201
2026-09-27T20:30:15.254Z	spark1	LOAD	20.571	6.975
2026-09-27T20:30:15.468Z	spark2	LOAD	21.434	4.201
2026-09-27T20:30:15.504Z	spark1	LOAD	20.440	6.975
2026-09-27T20:30:15.734Z	spark2	LOAD	21.434	4.201
2026-09-27T20:30:15.754Z	spark1	LOAD	20.321	6.976
2026-09-27T20:30:15.985Z	spark2	LOAD	21.435	4.201
2026-09-27T20:30:16.005Z	spark1	LOAD	20.425	6.976
2026-09-27T20:30:16.236Z	spark2	LOAD	21.435	4.201
2026-09-27T20:30:16.275Z	spark1	LOAD	20.393	6.979
2026-09-27T20:30:16.485Z	spark2	LOAD	21.418	4.198
2026-09-27T20:30:16.525Z	spark1	LOAD	20.267	6.979
2026-09-27T20:30:16.750Z	spark2	LOAD	21.426	4.195
2026-09-27T20:30:16.775Z	spark1	LOAD	20.196	6.979
2026-09-27T20:30:17.000Z	spark2	LOAD	21.426	4.192
2026-09-27T20:30:17.025Z	spark1	LOAD	20.140	6.979
2026-09-27T20:30:17.251Z	spark2	LOAD	21.426	4.192
2026-09-27T20:30:17.288Z	spark1	LOAD	20.094	6.979
2026-09-27T20:30:17.502Z	spark2	LOAD	21.429	4.192
2026-09-27T20:30:17.539Z	spark1	LOAD	20.059	6.979
2026-09-27T20:30:17.768Z	spark2	LOAD	21.429	4.192
2026-09-27T20:30:17.789Z	spark1	LOAD	19.977	6.979
2026-09-27T20:30:18.019Z	spark2	LOAD	21.429	4.192
2026-09-27T20:30:18.039Z	spark1	LOAD	19.926	6.979
2026-09-27T20:30:18.269Z	spark2	LOAD	21.429	4.192
2026-09-27T20:30:18.306Z	spark1	LOAD	19.951	6.979
2026-09-27T20:30:18.520Z	spark2	LOAD	21.429	4.192
2026-09-27T20:30:18.557Z	spark1	LOAD	19.876	6.979
2026-09-27T20:30:18.781Z	spark2	LOAD	21.429	4.192
2026-09-27T20:30:18.807Z	spark1	LOAD	19.888	6.979
2026-09-27T20:30:19.032Z	spark2	LOAD	21.431	4.192
2026-09-27T20:30:19.057Z	spark1	LOAD	19.924	6.979
2026-09-27T20:30:19.283Z	spark2	LOAD	21.431	4.192
2026-09-27T20:30:19.329Z	spark1	LOAD	19.762	6.980
2026-09-27T20:30:19.534Z	spark2	LOAD	21.431	4.192
2026-09-27T20:30:19.579Z	spark1	LOAD	19.702	6.980
2026-09-27T20:30:19.794Z	spark2	LOAD	21.430	4.192
2026-09-27T20:30:19.829Z	spark1	LOAD	19.708	6.982
2026-09-27T20:30:20.045Z	spark2	LOAD	21.431	4.192
2026-09-27T20:30:20.080Z	spark1	LOAD	19.639	6.982
2026-09-27T20:30:20.295Z	spark2	LOAD	21.431	4.192
2026-09-27T20:30:20.347Z	spark1	LOAD	19.566	6.982
2026-09-27T20:30:20.546Z	spark2	LOAD	21.431	4.192
2026-09-27T20:30:20.597Z	spark1	LOAD	19.506	6.982
2026-09-27T20:30:20.811Z	spark2	LOAD	21.430	4.192
2026-09-27T20:30:20.848Z	spark1	LOAD	19.484	6.982
2026-09-27T20:30:21.061Z	spark2	LOAD	21.431	4.192
2026-09-27T20:30:21.098Z	spark1	LOAD	19.487	6.982
2026-09-27T20:30:21.312Z	spark2	LOAD	21.431	4.192
2026-09-27T20:30:21.366Z	spark1	LOAD	19.416	6.982
2026-09-27T20:30:21.562Z	spark2	LOAD	21.431	4.192
2026-09-27T20:30:21.616Z	spark1	LOAD	19.381	6.982
2026-09-27T20:30:21.823Z	spark2	LOAD	21.431	4.192
2026-09-27T20:30:21.867Z	spark1	LOAD	19.329	6.982
2026-09-27T20:30:22.074Z	spark2	LOAD	21.433	4.192
2026-09-27T20:30:22.117Z	spark1	LOAD	19.299	6.982
2026-09-27T20:30:22.326Z	spark2	LOAD	21.433	4.192
2026-09-27T20:30:22.383Z	spark1	LOAD	19.251	6.982
2026-09-27T20:30:22.576Z	spark2	LOAD	21.433	4.192
2026-09-27T20:30:22.634Z	spark1	LOAD	19.077	6.982
2026-09-27T20:30:22.838Z	spark2	LOAD	21.433	4.192
2026-09-27T20:30:22.884Z	spark1	LOAD	19.167	6.982
2026-09-27T20:30:23.088Z	spark2	LOAD	21.433	4.192
2026-09-27T20:30:23.134Z	spark1	LOAD	19.120	6.982
2026-09-27T20:30:23.339Z	spark2	LOAD	21.433	4.192
2026-09-27T20:30:23.401Z	spark1	LOAD	19.024	6.982
2026-09-27T20:30:23.589Z	spark2	LOAD	21.433	4.192
2026-09-27T20:30:23.652Z	spark1	LOAD	19.381	6.982
2026-09-27T20:30:23.850Z	spark2	LOAD	21.433	4.192
2026-09-27T20:30:23.902Z	spark1	LOAD	21.341	6.982
2026-09-27T20:30:24.101Z	spark2	LOAD	21.433	4.192
2026-09-27T20:30:24.152Z	spark1	LOAD	21.969	6.982
2026-09-27T20:30:24.352Z	spark2	LOAD	21.433	4.192
2026-09-27T20:30:24.421Z	spark1	LOAD	21.905	6.982
2026-09-27T20:30:24.603Z	spark2	LOAD	21.433	4.192
2026-09-27T20:30:24.671Z	spark1	LOAD	21.846	6.982
2026-09-27T20:30:24.865Z	spark2	LOAD	21.433	4.192
2026-09-27T20:30:24.921Z	spark1	LOAD	21.785	6.982
2026-09-27T20:30:25.115Z	spark2	LOAD	21.433	4.192
2026-09-27T20:30:25.171Z	spark1	LOAD	21.713	6.982
2026-09-27T20:30:25.366Z	spark2	LOAD	21.433	4.192
2026-09-27T20:30:25.433Z	spark1	LOAD	21.671	6.982
2026-09-27T20:30:25.616Z	spark2	LOAD	21.433	4.192
2026-09-27T20:30:25.683Z	spark1	LOAD	21.622	6.982
2026-09-27T20:30:25.876Z	spark2	LOAD	21.433	4.192
2026-09-27T20:30:25.934Z	spark1	LOAD	21.540	6.982
2026-09-27T20:30:26.126Z	spark2	LOAD	21.433	4.192
2026-09-27T20:30:26.184Z	spark1	LOAD	21.567	6.982
2026-09-27T20:30:26.378Z	spark2	LOAD	21.433	4.192
2026-09-27T20:30:26.452Z	spark1	LOAD	21.474	6.982
2026-09-27T20:30:26.629Z	spark2	LOAD	21.433	4.192
2026-09-27T20:30:26.702Z	spark1	LOAD	21.367	6.982
2026-09-27T20:30:26.894Z	spark2	LOAD	21.433	4.192
2026-09-27T20:30:26.952Z	spark1	LOAD	21.284	6.982
2026-09-27T20:30:27.145Z	spark2	LOAD	21.433	4.192
2026-09-27T20:30:27.203Z	spark1	LOAD	21.230	6.981
2026-09-27T20:30:27.395Z	spark2	LOAD	21.431	4.191
2026-09-27T20:30:27.464Z	spark1	LOAD	21.189	6.981
2026-09-27T20:30:27.645Z	spark2	LOAD	21.419	4.188
2026-09-27T20:30:27.714Z	spark1	LOAD	21.137	6.981
2026-09-27T20:30:27.905Z	spark2	LOAD	21.424	4.184
2026-09-27T20:30:27.965Z	spark1	LOAD	21.054	6.981
2026-09-27T20:30:28.156Z	spark2	LOAD	21.416	4.181
2026-09-27T20:30:28.215Z	spark1	LOAD	20.987	6.981
2026-09-27T20:30:28.406Z	spark2	LOAD	21.411	4.180
2026-09-27T20:30:28.478Z	spark1	LOAD	20.947	6.981
2026-09-27T20:30:28.657Z	spark2	LOAD	21.411	4.180
2026-09-27T20:30:28.728Z	spark1	LOAD	20.896	6.981
2026-09-27T20:30:28.919Z	spark2	LOAD	21.412	4.180
2026-09-27T20:30:28.978Z	spark1	LOAD	20.843	6.981
2026-09-27T20:30:29.170Z	spark2	LOAD	21.412	4.180
2026-09-27T20:30:29.229Z	spark1	LOAD	20.787	6.981
2026-09-27T20:30:29.420Z	spark2	LOAD	21.412	4.180
2026-09-27T20:30:29.490Z	spark1	LOAD	20.730	6.981
2026-09-27T20:30:29.671Z	spark2	LOAD	21.412	4.180
2026-09-27T20:30:29.741Z	spark1	LOAD	20.837	6.981
2026-09-27T20:30:29.931Z	spark2	LOAD	21.413	4.180
2026-09-27T20:30:29.991Z	spark1	LOAD	20.759	6.981
2026-09-27T20:30:30.182Z	spark2	LOAD	21.413	4.180
2026-09-27T20:30:30.241Z	spark1	LOAD	20.752	6.981
2026-09-27T20:30:30.433Z	spark2	LOAD	21.413	4.180
2026-09-27T20:30:30.504Z	spark1	LOAD	20.701	6.981
2026-09-27T20:30:30.684Z	spark2	LOAD	21.413	4.180
2026-09-27T20:30:30.754Z	spark1	LOAD	20.727	6.982
2026-09-27T20:30:30.950Z	spark2	LOAD	21.414	4.180
2026-09-27T20:30:31.005Z	spark1	LOAD	20.656	6.982
2026-09-27T20:30:31.200Z	spark2	LOAD	21.414	4.180
2026-09-27T20:30:31.255Z	spark1	LOAD	20.609	6.981
2026-09-27T20:30:31.452Z	spark2	LOAD	21.414	4.180
2026-09-27T20:30:31.524Z	spark1	LOAD	20.564	6.981
2026-09-27T20:30:31.702Z	spark2	LOAD	21.414	4.180
2026-09-27T20:30:31.775Z	spark1	LOAD	20.499	6.981
2026-09-27T20:30:31.962Z	spark2	LOAD	21.414	4.180
2026-09-27T20:30:32.025Z	spark1	LOAD	20.531	6.981
2026-09-27T20:30:32.213Z	spark2	LOAD	21.414	4.180
2026-09-27T20:30:32.275Z	spark1	LOAD	20.458	6.981
2026-09-27T20:30:32.463Z	spark2	LOAD	21.422	4.180
2026-09-27T20:30:32.544Z	spark1	LOAD	20.415	6.982
2026-09-27T20:30:32.714Z	spark2	LOAD	21.422	4.180
2026-09-27T20:30:32.794Z	spark1	LOAD	20.337	6.982
2026-09-27T20:30:32.974Z	spark2	LOAD	21.422	4.180
2026-09-27T20:30:33.044Z	spark1	LOAD	20.354	6.982
2026-09-27T20:30:33.226Z	spark2	LOAD	21.422	4.180
2026-09-27T20:30:33.295Z	spark1	LOAD	20.306	6.982
2026-09-27T20:30:33.476Z	spark2	LOAD	21.422	4.180
2026-09-27T20:30:33.558Z	spark1	LOAD	20.236	6.982
2026-09-27T20:30:33.727Z	spark2	LOAD	21.422	4.180
2026-09-27T20:30:33.809Z	spark1	LOAD	20.086	6.982
2026-09-27T20:30:33.993Z	spark2	LOAD	21.422	4.180
2026-09-27T20:30:34.059Z	spark1	LOAD	20.309	6.984
2026-09-27T20:30:34.244Z	spark2	LOAD	21.422	4.180
2026-09-27T20:30:34.309Z	spark1	LOAD	20.140	6.984
2026-09-27T20:30:34.495Z	spark2	LOAD	21.422	4.180
2026-09-27T20:30:34.578Z	spark1	LOAD	20.156	6.991
2026-09-27T20:30:34.746Z	spark2	LOAD	21.422	4.180
2026-09-27T20:30:34.828Z	spark1	LOAD	20.113	6.991
2026-09-27T20:30:35.007Z	spark2	LOAD	21.423	4.180
2026-09-27T20:30:35.078Z	spark1	LOAD	20.021	6.991
2026-09-27T20:30:35.258Z	spark2	LOAD	21.425	4.180
2026-09-27T20:30:35.329Z	spark1	LOAD	19.967	6.991
2026-09-27T20:30:35.509Z	spark2	LOAD	21.425	4.180
2026-09-27T20:30:35.591Z	spark1	LOAD	19.886	6.991
2026-09-27T20:30:35.760Z	spark2	LOAD	21.425	4.180
2026-09-27T20:30:35.842Z	spark1	LOAD	19.894	6.991
2026-09-27T20:30:36.021Z	spark2	LOAD	21.425	4.180
2026-09-27T20:30:36.092Z	spark1	LOAD	19.797	6.991
2026-09-27T20:30:36.272Z	spark2	LOAD	21.425	4.180
2026-09-27T20:30:36.342Z	spark1	LOAD	19.760	6.991
2026-09-27T20:30:36.523Z	spark2	LOAD	21.425	4.180
2026-09-27T20:30:36.605Z	spark1	LOAD	19.704	6.991
2026-09-27T20:30:36.774Z	spark2	LOAD	21.425	4.180
2026-09-27T20:30:36.855Z	spark1	LOAD	19.672	6.991
2026-09-27T20:30:37.035Z	spark2	LOAD	21.425	4.180
2026-09-27T20:30:37.105Z	spark1	LOAD	19.615	6.991
2026-09-27T20:30:37.286Z	spark2	LOAD	21.425	4.180
2026-09-27T20:30:37.355Z	spark1	LOAD	19.551	6.991
2026-09-27T20:30:37.536Z	spark2	LOAD	21.425	4.180
2026-09-27T20:30:37.618Z	spark1	LOAD	19.513	6.991
2026-09-27T20:30:37.787Z	spark2	LOAD	21.426	4.180
2026-09-27T20:30:37.868Z	spark1	LOAD	19.320	6.990
2026-09-27T20:30:38.048Z	spark2	LOAD	21.426	4.180
2026-09-27T20:30:38.118Z	spark1	LOAD	19.233	6.989
2026-09-27T20:30:38.299Z	spark2	LOAD	21.423	4.179
2026-09-27T20:30:38.368Z	spark1	LOAD	19.360	6.989
2026-09-27T20:30:38.549Z	spark2	LOAD	21.402	4.176
2026-09-27T20:30:38.636Z	spark1	LOAD	19.315	6.989
2026-09-27T20:30:38.799Z	spark2	LOAD	21.409	4.174
2026-09-27T20:30:38.886Z	spark1	LOAD	19.248	6.989
2026-09-27T20:30:39.060Z	spark2	LOAD	21.397	4.170
2026-09-27T20:30:39.137Z	spark1	LOAD	19.066	6.989
2026-09-27T20:30:39.311Z	spark2	LOAD	21.389	4.169
2026-09-27T20:30:39.387Z	spark1	LOAD	19.191	6.989
2026-09-27T20:30:39.561Z	spark2	LOAD	21.390	4.169
2026-09-27T20:30:39.655Z	spark1	LOAD	19.032	6.989
2026-09-27T20:30:39.812Z	spark2	LOAD	21.390	4.169
2026-09-27T20:30:39.905Z	spark1	LOAD	19.047	6.989
2026-09-27T20:30:40.076Z	spark2	LOAD	21.390	4.169
2026-09-27T20:30:40.155Z	spark1	LOAD	19.043	6.989
2026-09-27T20:30:40.327Z	spark2	LOAD	21.390	4.169
2026-09-27T20:30:40.405Z	spark1	LOAD	18.831	6.989
2026-09-27T20:30:40.578Z	spark2	LOAD	21.390	4.169
2026-09-27T20:30:40.668Z	spark1	LOAD	18.964	6.989
2026-09-27T20:30:40.830Z	spark2	LOAD	21.390	4.169
2026-09-27T20:30:40.918Z	spark1	LOAD	18.898	6.989
2026-09-27T20:30:41.090Z	spark2	LOAD	21.391	4.169
2026-09-27T20:30:41.168Z	spark1	LOAD	18.822	6.989
2026-09-27T20:30:41.340Z	spark2	LOAD	21.391	4.169
2026-09-27T20:30:41.419Z	spark1	LOAD	18.781	6.989
2026-09-27T20:30:41.591Z	spark2	LOAD	21.391	4.169
2026-09-27T20:30:41.681Z	spark1	LOAD	18.772	6.989
2026-09-27T20:30:41.841Z	spark2	LOAD	21.391	4.169
2026-09-27T20:30:41.931Z	spark1	LOAD	20.626	6.989
2026-09-27T20:30:42.102Z	spark2	LOAD	21.391	4.169
2026-09-27T20:30:42.181Z	spark1	LOAD	22.066	6.989
2026-09-27T20:30:42.353Z	spark2	LOAD	21.391	4.169
2026-09-27T20:30:42.432Z	spark1	LOAD	22.002	6.989
2026-09-27T20:30:42.604Z	spark2	LOAD	21.391	4.169
2026-09-27T20:30:42.700Z	spark1	LOAD	21.949	6.989
2026-09-27T20:30:42.855Z	spark2	LOAD	21.391	4.169
2026-09-27T20:30:42.950Z	spark1	LOAD	21.895	6.989
2026-09-27T20:30:43.115Z	spark2	LOAD	21.392	4.169
2026-09-27T20:30:43.200Z	spark1	LOAD	21.836	6.989
2026-09-27T20:30:43.367Z	spark2	LOAD	21.392	4.169
2026-09-27T20:30:43.451Z	spark1	LOAD	21.781	6.989
2026-09-27T20:30:43.618Z	spark2	LOAD	21.392	4.169
2026-09-27T20:30:43.712Z	spark1	LOAD	21.729	6.989
2026-09-27T20:30:43.868Z	spark2	LOAD	21.393	4.169
2026-09-27T20:30:43.962Z	spark1	LOAD	21.682	6.989
2026-09-27T20:30:44.130Z	spark2	LOAD	21.393	4.169
2026-09-27T20:30:44.212Z	spark1	LOAD	21.621	6.989
2026-09-27T20:30:44.380Z	spark2	LOAD	21.393	4.169
2026-09-27T20:30:44.462Z	spark1	LOAD	21.517	6.989
2026-09-27T20:30:44.631Z	spark2	LOAD	21.393	4.169
2026-09-27T20:30:44.729Z	spark1	LOAD	21.457	6.989
2026-09-27T20:30:44.882Z	spark2	LOAD	21.393	4.169
2026-09-27T20:30:44.979Z	spark1	LOAD	21.404	6.989
2026-09-27T20:30:45.146Z	spark2	LOAD	21.394	4.169
2026-09-27T20:30:45.230Z	spark1	LOAD	21.357	6.989
2026-09-27T20:30:45.397Z	spark2	LOAD	21.394	4.169
2026-09-27T20:30:45.480Z	spark1	LOAD	21.301	6.989
2026-09-27T20:30:45.648Z	spark2	LOAD	21.394	4.169
2026-09-27T20:30:45.747Z	spark1	LOAD	21.255	6.989
2026-09-27T20:30:45.899Z	spark2	LOAD	21.394	4.169
2026-09-27T20:30:45.997Z	spark1	LOAD	21.213	6.989
2026-09-27T20:30:46.165Z	spark2	LOAD	21.395	4.169
2026-09-27T20:30:46.248Z	spark1	LOAD	21.173	6.989
2026-09-27T20:30:46.415Z	spark2	LOAD	21.395	4.169
2026-09-27T20:30:46.498Z	spark1	LOAD	21.112	6.989
2026-09-27T20:30:46.665Z	spark2	LOAD	21.395	4.169
2026-09-27T20:30:46.761Z	spark1	LOAD	21.049	6.989
2026-09-27T20:30:46.917Z	spark2	LOAD	21.395	4.169
2026-09-27T20:30:47.011Z	spark1	LOAD	20.997	6.989
2026-09-27T20:30:47.181Z	spark2	LOAD	21.395	4.169
2026-09-27T20:30:47.261Z	spark1	LOAD	20.955	6.989
2026-09-27T20:30:47.431Z	spark2	LOAD	21.395	4.169
2026-09-27T20:30:47.512Z	spark1	LOAD	20.918	6.989
2026-09-27T20:30:47.682Z	spark2	LOAD	21.395	4.169
2026-09-27T20:30:47.778Z	spark1	LOAD	20.863	6.989
2026-09-27T20:30:47.932Z	spark2	LOAD	21.395	4.169
2026-09-27T20:30:48.028Z	spark1	LOAD	20.806	6.989
2026-09-27T20:30:48.194Z	spark2	LOAD	21.395	4.169
2026-09-27T20:30:48.278Z	spark1	LOAD	20.752	6.989
2026-09-27T20:30:48.445Z	spark2	LOAD	21.395	4.169
2026-09-27T20:30:48.529Z	spark1	LOAD	20.696	6.989
2026-09-27T20:30:48.695Z	spark2	LOAD	21.395	4.169
2026-09-27T20:30:48.791Z	spark1	LOAD	20.637	6.989
2026-09-27T20:30:48.947Z	spark2	LOAD	21.395	4.169
2026-09-27T20:30:49.041Z	spark1	LOAD	20.812	6.988
2026-09-27T20:30:49.207Z	spark2	LOAD	21.395	4.169
2026-09-27T20:30:49.291Z	spark1	LOAD	20.747	6.988
2026-09-27T20:30:49.457Z	spark2	LOAD	21.367	4.167
2026-09-27T20:30:49.541Z	spark1	LOAD	20.746	6.988
2026-09-27T20:30:49.708Z	spark2	LOAD	21.385	4.166
2026-09-27T20:30:49.808Z	spark1	LOAD	20.682	6.988
2026-09-27T20:30:49.958Z	spark2	LOAD	21.389	4.165
2026-09-27T20:30:50.059Z	spark1	LOAD	20.656	6.988
2026-09-27T20:30:50.222Z	spark2	LOAD	21.389	4.163
2026-09-27T20:30:50.309Z	spark1	LOAD	20.750	6.988
2026-09-27T20:30:50.473Z	spark2	LOAD	21.389	4.161
2026-09-27T20:30:50.559Z	spark1	LOAD	20.656	6.988
2026-09-27T20:30:50.724Z	spark2	LOAD	21.389	4.161
2026-09-27T20:30:50.826Z	spark1	LOAD	20.569	6.988
2026-09-27T20:30:50.974Z	spark2	LOAD	21.389	4.161
2026-09-27T20:30:51.077Z	spark1	LOAD	20.481	6.988
2026-09-27T20:30:51.240Z	spark2	LOAD	21.389	4.161
2026-09-27T20:30:51.327Z	spark1	LOAD	20.401	6.988
2026-09-27T20:30:51.491Z	spark2	LOAD	21.389	4.161
2026-09-27T20:30:51.577Z	spark1	LOAD	20.276	6.988
2026-09-27T20:30:51.741Z	spark2	LOAD	21.389	4.161
2026-09-27T20:30:51.845Z	spark1	LOAD	20.150	6.988
2026-09-27T20:30:51.993Z	spark2	LOAD	21.389	4.161
2026-09-27T20:30:52.095Z	spark1	LOAD	20.337	6.988
2026-09-27T20:30:52.257Z	spark2	LOAD	21.389	4.161
2026-09-27T20:30:52.345Z	spark1	LOAD	20.305	6.988
2026-09-27T20:30:52.508Z	spark2	LOAD	21.389	4.161
2026-09-27T20:30:52.596Z	spark1	LOAD	20.282	6.988
2026-09-27T20:30:52.758Z	spark2	LOAD	21.389	4.161
2026-09-27T20:30:52.862Z	spark1	LOAD	20.169	6.988
2026-09-27T20:30:53.009Z	spark2	LOAD	21.389	4.161
2026-09-27T20:30:53.113Z	spark1	LOAD	20.132	6.988
2026-09-27T20:30:53.270Z	spark2	LOAD	21.389	4.161
2026-09-27T20:30:53.363Z	spark1	LOAD	20.137	6.988
2026-09-27T20:30:53.521Z	spark2	LOAD	21.389	4.161
2026-09-27T20:30:53.613Z	spark1	LOAD	20.058	6.988
2026-09-27T20:30:53.772Z	spark2	LOAD	21.389	4.161
2026-09-27T20:30:53.881Z	spark1	LOAD	19.960	6.988
2026-09-27T20:30:54.022Z	spark2	LOAD	21.389	4.161
2026-09-27T20:30:54.131Z	spark1	LOAD	19.884	6.986
2026-09-27T20:30:54.287Z	spark2	LOAD	21.389	4.161
2026-09-27T20:30:54.381Z	spark1	LOAD	19.770	6.986
2026-09-27T20:30:54.538Z	spark2	LOAD	21.389	4.161
2026-09-27T20:30:54.631Z	spark1	LOAD	19.686	6.986
2026-09-27T20:30:54.789Z	spark2	LOAD	21.389	4.161
2026-09-27T20:30:54.898Z	spark1	LOAD	19.580	6.985
2026-09-27T20:30:55.040Z	spark2	LOAD	21.390	4.161
2026-09-27T20:30:55.149Z	spark1	LOAD	19.517	6.985
2026-09-27T20:30:55.306Z	spark2	LOAD	21.390	4.161
2026-09-27T20:30:55.399Z	spark1	LOAD	19.456	6.985
2026-09-27T20:30:55.556Z	spark2	LOAD	21.390	4.161
2026-09-27T20:30:55.649Z	spark1	LOAD	19.404	6.985
2026-09-27T20:30:55.807Z	spark2	LOAD	21.390	4.161
2026-09-27T20:30:55.918Z	spark1	LOAD	19.349	6.985
2026-09-27T20:30:56.058Z	spark2	LOAD	21.392	4.161
2026-09-27T20:30:56.169Z	spark1	LOAD	19.017	6.985
2026-09-27T20:30:56.323Z	spark2	LOAD	21.392	4.161
2026-09-27T20:30:56.419Z	spark1	LOAD	19.029	6.985
2026-09-27T20:30:56.574Z	spark2	LOAD	21.392	4.161
2026-09-27T20:30:56.669Z	spark1	LOAD	19.545	6.985
2026-09-27T20:30:56.825Z	spark2	LOAD	21.392	4.161
2026-09-27T20:30:56.936Z	spark1	LOAD	19.498	6.985
2026-09-27T20:30:57.076Z	spark2	LOAD	21.393	4.161
2026-09-27T20:30:57.186Z	spark1	LOAD	19.378	6.985
2026-09-27T20:30:57.338Z	spark2	LOAD	21.394	4.161
2026-09-27T20:30:57.436Z	spark1	LOAD	19.241	6.985
2026-09-27T20:30:57.588Z	spark2	LOAD	21.394	4.161
2026-09-27T20:30:57.687Z	spark1	LOAD	19.315	6.985
2026-09-27T20:30:57.838Z	spark2	LOAD	21.394	4.161
2026-09-27T20:30:57.949Z	spark1	LOAD	19.245	6.985
2026-09-27T20:30:58.089Z	spark2	LOAD	21.395	4.161
2026-09-27T20:30:58.199Z	spark1	LOAD	19.283	6.987
2026-09-27T20:30:58.349Z	spark2	LOAD	21.395	4.161
2026-09-27T20:30:58.449Z	spark1	LOAD	19.183	6.987
2026-09-27T20:30:58.601Z	spark2	LOAD	21.395	4.161
2026-09-27T20:30:58.699Z	spark1	LOAD	19.191	6.987
2026-09-27T20:30:58.851Z	spark2	LOAD	21.395	4.161
2026-09-27T20:30:58.961Z	spark1	LOAD	19.166	6.987
2026-09-27T20:30:59.103Z	spark2	LOAD	21.395	4.161
2026-09-27T20:30:59.211Z	spark1	LOAD	19.080	6.987
2026-09-27T20:30:59.365Z	spark2	LOAD	21.396	4.161
2026-09-27T20:30:59.461Z	spark1	LOAD	19.607	6.986
2026-09-27T20:30:59.615Z	spark2	LOAD	21.396	4.161
2026-09-27T20:30:59.712Z	spark1	LOAD	21.391	6.986
2026-09-27T20:30:59.866Z	spark2	LOAD	21.396	4.161
2026-09-27T20:30:59.974Z	spark1	LOAD	21.922	6.986
2026-09-27T20:31:00.116Z	spark2	LOAD	21.396	4.161
2026-09-27T20:31:00.225Z	spark1	LOAD	21.792	6.986
2026-09-27T20:31:00.382Z	spark2	LOAD	21.396	4.161
2026-09-27T20:31:00.475Z	spark1	LOAD	21.659	6.986
2026-09-27T20:31:00.632Z	spark2	LOAD	21.384	4.159
2026-09-27T20:31:00.725Z	spark1	LOAD	21.540	6.986
2026-09-27T20:31:00.882Z	spark2	LOAD	21.403	4.158
2026-09-27T20:31:00.987Z	spark1	LOAD	21.351	6.986
2026-09-27T20:31:01.132Z	spark2	LOAD	21.401	4.154
2026-09-27T20:31:01.237Z	spark1	LOAD	21.263	6.986
2026-09-27T20:31:01.393Z	spark2	LOAD	21.399	4.153
2026-09-27T20:31:01.488Z	spark1	LOAD	21.168	6.986
2026-09-27T20:31:01.644Z	spark2	LOAD	21.399	4.153
2026-09-27T20:31:01.738Z	spark1	LOAD	21.022	6.986
2026-09-27T20:31:01.895Z	spark2	LOAD	21.399	4.153
2026-09-27T20:31:02.000Z	spark1	LOAD	20.934	6.986
2026-09-27T20:31:02.146Z	spark2	LOAD	21.399	4.153
2026-09-27T20:31:02.250Z	spark1	LOAD	20.858	6.986
2026-09-27T20:31:02.406Z	spark2	LOAD	21.399	4.153
2026-09-27T20:31:02.500Z	spark1	LOAD	20.781	6.986
2026-09-27T20:31:02.656Z	spark2	LOAD	21.399	4.153
2026-09-27T20:31:02.750Z	spark1	LOAD	20.714	6.986
2026-09-27T20:31:02.906Z	spark2	LOAD	21.399	4.153
2026-09-27T20:31:03.019Z	spark1	LOAD	20.637	6.986
2026-09-27T20:31:03.157Z	spark2	LOAD	21.399	4.153
2026-09-27T20:31:03.270Z	spark1	LOAD	20.600	6.986
2026-09-27T20:31:03.423Z	spark2	LOAD	21.399	4.153
2026-09-27T20:31:03.520Z	spark1	LOAD	20.549	6.986
2026-09-27T20:31:03.674Z	spark2	LOAD	21.399	4.153
2026-09-27T20:31:03.770Z	spark1	LOAD	20.849	6.986
2026-09-27T20:31:03.926Z	spark2	LOAD	21.399	4.153
2026-09-27T20:31:04.036Z	spark1	LOAD	21.461	6.986
2026-09-27T20:31:04.176Z	spark2	LOAD	21.399	4.153
2026-09-27T20:31:04.286Z	spark1	LOAD	21.452	6.986
2026-09-27T20:31:04.436Z	spark2	LOAD	21.394	4.151
2026-09-27T20:31:04.537Z	spark1	LOAD	21.393	6.985
2026-09-27T20:31:04.687Z	spark2	LOAD	21.394	4.151
2026-09-27T20:31:04.787Z	spark1	LOAD	21.321	6.985
2026-09-27T20:31:04.938Z	spark2	LOAD	21.394	4.151
2026-09-27T20:31:05.055Z	spark1	LOAD	21.297	6.985
2026-09-27T20:31:05.188Z	spark2	LOAD	21.394	4.151
2026-09-27T20:31:05.305Z	spark1	LOAD	21.259	6.985
2026-09-27T20:31:05.454Z	spark2	LOAD	21.393	4.151
2026-09-27T20:31:05.555Z	spark1	LOAD	21.198	6.985
2026-09-27T20:31:05.705Z	spark2	LOAD	21.393	4.151
2026-09-27T20:31:05.806Z	spark1	LOAD	21.149	6.985
2026-09-27T20:31:05.956Z	spark2	LOAD	21.393	4.151
2026-09-27T20:31:06.073Z	spark1	LOAD	21.082	6.985
2026-09-27T20:31:06.207Z	spark2	LOAD	21.393	4.151
2026-09-27T20:31:06.323Z	spark1	LOAD	21.022	6.985
2026-09-27T20:31:06.472Z	spark2	LOAD	21.393	4.151
2026-09-27T20:31:06.574Z	spark1	LOAD	20.841	6.985
2026-09-27T20:31:06.723Z	spark2	LOAD	21.393	4.151
2026-09-27T20:31:06.824Z	spark1	LOAD	20.776	6.985
2026-09-27T20:31:06.974Z	spark2	LOAD	21.393	4.151
2026-09-27T20:31:07.086Z	spark1	LOAD	20.714	6.985
2026-09-27T20:31:07.225Z	spark2	LOAD	21.393	4.151
2026-09-27T20:31:07.336Z	spark1	LOAD	20.655	6.984
2026-09-27T20:31:07.485Z	spark2	LOAD	21.393	4.151
2026-09-27T20:31:07.587Z	spark1	LOAD	20.659	6.984
2026-09-27T20:31:07.736Z	spark2	LOAD	21.393	4.151
2026-09-27T20:31:07.837Z	spark1	LOAD	20.599	6.984
2026-09-27T20:31:07.987Z	spark2	LOAD	21.393	4.151
2026-09-27T20:31:08.099Z	spark1	LOAD	20.591	6.984
2026-09-27T20:31:08.238Z	spark2	LOAD	21.392	4.151
2026-09-27T20:31:08.349Z	spark1	LOAD	20.568	6.984
2026-09-27T20:31:08.498Z	spark2	LOAD	21.392	4.151
2026-09-27T20:31:08.600Z	spark1	LOAD	20.511	6.984
2026-09-27T20:31:08.750Z	spark2	LOAD	21.392	4.151
2026-09-27T20:31:08.850Z	spark1	LOAD	20.471	6.984
2026-09-27T20:31:09.000Z	spark2	LOAD	21.392	4.151
2026-09-27T20:31:09.117Z	spark1	LOAD	20.424	6.984
2026-09-27T20:31:09.251Z	spark2	LOAD	21.392	4.151
2026-09-27T20:31:09.367Z	spark1	LOAD	20.363	6.983
2026-09-27T20:31:09.511Z	spark2	LOAD	21.392	4.151
2026-09-27T20:31:09.618Z	spark1	LOAD	20.380	6.983
2026-09-27T20:31:09.762Z	spark2	LOAD	21.392	4.151
2026-09-27T20:31:09.868Z	spark1	LOAD	20.327	6.983
2026-09-27T20:31:10.013Z	spark2	LOAD	21.392	4.151
2026-09-27T20:31:10.135Z	spark1	LOAD	20.273	6.983
2026-09-27T20:31:10.264Z	spark2	LOAD	21.392	4.151
2026-09-27T20:31:10.385Z	spark1	LOAD	20.181	6.982
2026-09-27T20:31:10.524Z	spark2	LOAD	21.392	4.151
2026-09-27T20:31:10.635Z	spark1	LOAD	20.070	6.982
2026-09-27T20:31:10.774Z	spark2	LOAD	21.392	4.151
2026-09-27T20:31:10.885Z	spark1	LOAD	19.969	6.982
2026-09-27T20:31:11.025Z	spark2	LOAD	21.391	4.151
2026-09-27T20:31:11.153Z	spark1	LOAD	20.069	6.982
2026-09-27T20:31:11.276Z	spark2	LOAD	21.390	4.151
2026-09-27T20:31:11.403Z	spark1	LOAD	20.040	6.982
2026-09-27T20:31:11.541Z	spark2	LOAD	21.380	4.149
2026-09-27T20:31:11.653Z	spark1	LOAD	20.018	6.982
2026-09-27T20:31:11.791Z	spark2	LOAD	21.375	4.148
2026-09-27T20:31:11.904Z	spark1	LOAD	19.883	6.982
2026-09-27T20:31:12.041Z	spark2	LOAD	21.372	4.146
2026-09-27T20:31:12.171Z	spark1	LOAD	19.867	6.982
2026-09-27T20:31:12.292Z	spark2	LOAD	21.372	4.146
2026-09-27T20:31:12.421Z	spark1	LOAD	19.897	6.982
2026-09-27T20:31:12.553Z	spark2	LOAD	21.372	4.146
2026-09-27T20:31:12.671Z	spark1	LOAD	19.836	6.982
2026-09-27T20:31:12.804Z	spark2	LOAD	21.372	4.146
2026-09-27T20:31:12.921Z	spark1	LOAD	19.736	6.981
2026-09-27T20:31:13.055Z	spark2	LOAD	21.372	4.146
2026-09-27T20:31:13.188Z	spark1	LOAD	19.807	6.981
2026-09-27T20:31:13.306Z	spark2	LOAD	21.372	4.146
2026-09-27T20:31:13.439Z	spark1	LOAD	19.786	6.981
2026-09-27T20:31:13.571Z	spark2	LOAD	21.372	4.146
2026-09-27T20:31:13.689Z	spark1	LOAD	19.738	6.981
2026-09-27T20:31:13.822Z	spark2	LOAD	21.372	4.146
2026-09-27T20:31:13.939Z	spark1	LOAD	19.705	6.981
2026-09-27T20:31:14.073Z	spark2	LOAD	21.372	4.146
2026-09-27T20:31:14.207Z	spark1	LOAD	19.671	6.981
2026-09-27T20:31:14.323Z	spark2	LOAD	21.372	4.146
2026-09-27T20:31:14.457Z	spark1	LOAD	19.578	6.981
2026-09-27T20:31:14.585Z	spark2	LOAD	21.372	4.146
2026-09-27T20:31:14.707Z	spark1	LOAD	19.580	6.981
2026-09-27T20:31:14.836Z	spark2	LOAD	21.372	4.146
2026-09-27T20:31:14.958Z	spark1	LOAD	19.278	6.981
2026-09-27T20:31:15.087Z	spark2	LOAD	21.372	4.146
2026-09-27T20:31:15.226Z	spark1	LOAD	19.437	6.981
2026-09-27T20:31:15.338Z	spark2	LOAD	21.372	4.146
2026-09-27T20:31:15.476Z	spark1	LOAD	19.366	6.981
2026-09-27T20:31:15.598Z	spark2	LOAD	21.372	4.146
2026-09-27T20:31:15.726Z	spark1	LOAD	19.400	6.981
2026-09-27T20:31:15.849Z	spark2	LOAD	21.372	4.146
2026-09-27T20:31:15.976Z	spark1	LOAD	19.312	6.981
2026-09-27T20:31:16.100Z	spark2	LOAD	21.372	4.146
2026-09-27T20:31:16.239Z	spark1	LOAD	19.246	6.981
2026-09-27T20:31:16.350Z	spark2	LOAD	21.374	4.146
2026-09-27T20:31:16.489Z	spark1	LOAD	19.232	6.981
2026-09-27T20:31:16.611Z	spark2	LOAD	21.374	4.146
2026-09-27T20:31:16.739Z	spark1	LOAD	19.168	6.981
2026-09-27T20:31:16.862Z	spark2	LOAD	21.374	4.146
2026-09-27T20:31:16.989Z	spark1	LOAD	19.137	6.981
2026-09-27T20:31:17.112Z	spark2	LOAD	21.374	4.146
2026-09-27T20:31:17.252Z	spark1	LOAD	19.069	6.981
2026-09-27T20:31:17.363Z	spark2	LOAD	21.374	4.146
2026-09-27T20:31:17.502Z	spark1	LOAD	19.055	6.981
2026-09-27T20:31:17.628Z	spark2	LOAD	21.374	4.146
2026-09-27T20:31:17.752Z	spark1	LOAD	20.611	6.980
2026-09-27T20:31:17.878Z	spark2	LOAD	21.374	4.146
2026-09-27T20:31:18.003Z	spark1	LOAD	22.121	6.980
2026-09-27T20:31:18.129Z	spark2	LOAD	21.374	4.146
2026-09-27T20:31:18.271Z	spark1	LOAD	22.066	6.980
2026-09-27T20:31:18.380Z	spark2	LOAD	21.374	4.146
2026-09-27T20:31:18.521Z	spark1	LOAD	22.094	6.980
2026-09-27T20:31:18.641Z	spark2	LOAD	21.374	4.146
2026-09-27T20:31:18.771Z	spark1	LOAD	22.044	6.980
2026-09-27T20:31:18.892Z	spark2	LOAD	21.374	4.146
2026-09-27T20:31:19.022Z	spark1	LOAD	21.999	6.980
2026-09-27T20:31:19.142Z	spark2	LOAD	21.374	4.146
2026-09-27T20:31:19.290Z	spark1	LOAD	21.981	6.980
2026-09-27T20:31:19.393Z	spark2	LOAD	21.374	4.146
2026-09-27T20:31:19.541Z	spark1	LOAD	21.902	6.980
2026-09-27T20:31:19.654Z	spark2	LOAD	21.374	4.146
2026-09-27T20:31:19.791Z	spark1	LOAD	21.849	6.980
2026-09-27T20:31:19.905Z	spark2	LOAD	21.374	4.146
2026-09-27T20:31:20.041Z	spark1	LOAD	21.799	6.980
2026-09-27T20:31:20.156Z	spark2	LOAD	21.374	4.146
2026-09-27T20:31:20.308Z	spark1	LOAD	21.766	6.980
2026-09-27T20:31:20.406Z	spark2	LOAD	21.374	4.146
2026-09-27T20:31:20.559Z	spark1	LOAD	21.728	6.980
2026-09-27T20:31:20.671Z	spark2	LOAD	21.374	4.146
2026-09-27T20:31:20.809Z	spark1	LOAD	21.669	6.980
2026-09-27T20:31:20.922Z	spark2	LOAD	21.374	4.146
2026-09-27T20:31:21.059Z	spark1	LOAD	21.631	6.980
2026-09-27T20:31:21.171Z	spark2	LOAD	21.374	4.146
2026-09-27T20:31:21.326Z	spark1	LOAD	21.587	6.980
2026-09-27T20:31:21.423Z	spark2	LOAD	21.374	4.146
2026-09-27T20:31:21.576Z	spark1	LOAD	21.525	6.980
2026-09-27T20:31:21.684Z	spark2	LOAD	21.374	4.146
2026-09-27T20:31:21.827Z	spark1	LOAD	21.492	6.980
2026-09-27T20:31:21.934Z	spark2	LOAD	21.374	4.146
2026-09-27T20:31:22.077Z	spark1	LOAD	21.416	6.980
2026-09-27T20:31:22.185Z	spark2	LOAD	21.374	4.146
2026-09-27T20:31:22.344Z	spark1	LOAD	21.310	6.980
2026-09-27T20:31:22.435Z	spark2	LOAD	21.372	4.144
2026-09-27T20:31:22.594Z	spark1	LOAD	21.268	6.980
2026-09-27T20:31:22.699Z	spark2	LOAD	21.368	4.144
2026-09-27T20:31:22.845Z	spark1	LOAD	21.082	6.980
2026-09-27T20:31:22.950Z	spark2	LOAD	21.368	4.140
2026-09-27T20:31:23.095Z	spark1	LOAD	21.009	6.980
2026-09-27T20:31:23.201Z	spark2	LOAD	21.368	4.140
2026-09-27T20:31:23.357Z	spark1	LOAD	20.959	6.980
2026-09-27T20:31:23.451Z	spark2	LOAD	21.368	4.140
2026-09-27T20:31:23.608Z	spark1	LOAD	20.882	6.980
2026-09-27T20:31:23.716Z	spark2	LOAD	21.367	4.140
2026-09-27T20:31:23.858Z	spark1	LOAD	20.828	6.980
2026-09-27T20:31:23.967Z	spark2	LOAD	21.369	4.140
2026-09-27T20:31:24.108Z	spark1	LOAD	20.787	6.980
2026-09-27T20:31:24.218Z	spark2	LOAD	21.369	4.140
2026-09-27T20:31:24.375Z	spark1	LOAD	20.743	6.980
2026-09-27T20:31:24.469Z	spark2	LOAD	21.369	4.140
2026-09-27T20:31:24.625Z	spark1	LOAD	20.698	6.980
2026-09-27T20:31:24.729Z	spark2	LOAD	21.369	4.140
2026-09-27T20:31:24.875Z	spark1	LOAD	20.650	6.980
2026-09-27T20:31:24.980Z	spark2	LOAD	21.369	4.140
2026-09-27T20:31:25.126Z	spark1	LOAD	20.600	6.980
2026-09-27T20:31:25.230Z	spark2	LOAD	21.368	4.140
2026-09-27T20:31:25.393Z	spark1	LOAD	20.556	6.980
2026-09-27T20:31:25.481Z	spark2	LOAD	21.368	4.140
2026-09-27T20:31:25.643Z	spark1	LOAD	20.639	6.980
2026-09-27T20:31:25.746Z	spark2	LOAD	21.368	4.140
2026-09-27T20:31:25.893Z	spark1	LOAD	20.599	6.980
2026-09-27T20:31:25.997Z	spark2	LOAD	21.368	4.140
2026-09-27T20:31:26.144Z	spark1	LOAD	20.537	6.979
2026-09-27T20:31:26.248Z	spark2	LOAD	21.368	4.140
2026-09-27T20:31:26.405Z	spark1	LOAD	20.593	6.979
2026-09-27T20:31:26.499Z	spark2	LOAD	21.368	4.140
2026-09-27T20:31:26.656Z	spark1	LOAD	20.548	6.979
2026-09-27T20:31:26.759Z	spark2	LOAD	21.368	4.140
2026-09-27T20:31:26.906Z	spark1	LOAD	20.523	6.979
2026-09-27T20:31:27.010Z	spark2	LOAD	21.368	4.140
2026-09-27T20:31:27.156Z	spark1	LOAD	20.470	6.979
2026-09-27T20:31:27.261Z	spark2	LOAD	21.368	4.140
2026-09-27T20:31:27.419Z	spark1	LOAD	20.418	6.979
2026-09-27T20:31:27.511Z	spark2	LOAD	21.368	4.140
2026-09-27T20:31:27.670Z	spark1	LOAD	20.375	6.979
2026-09-27T20:31:27.772Z	spark2	LOAD	21.368	4.140
2026-09-27T20:31:27.920Z	spark1	LOAD	20.279	6.979
2026-09-27T20:31:28.022Z	spark2	LOAD	21.368	4.140
2026-09-27T20:31:28.170Z	spark1	LOAD	20.323	6.979
2026-09-27T20:31:28.273Z	spark2	LOAD	21.368	4.140
2026-09-27T20:31:28.432Z	spark1	LOAD	20.256	6.980
2026-09-27T20:31:28.524Z	spark2	LOAD	21.368	4.140
2026-09-27T20:31:28.682Z	spark1	LOAD	20.248	6.980
2026-09-27T20:31:28.789Z	spark2	LOAD	21.368	4.140
2026-09-27T20:31:28.932Z	spark1	LOAD	20.201	6.980
2026-09-27T20:31:29.039Z	spark2	LOAD	21.369	4.140
2026-09-27T20:31:29.182Z	spark1	LOAD	20.187	6.980
2026-09-27T20:31:29.290Z	spark2	LOAD	21.369	4.140
2026-09-27T20:31:29.451Z	spark1	LOAD	20.101	6.980
2026-09-27T20:31:29.540Z	spark2	LOAD	21.369	4.140
2026-09-27T20:31:29.701Z	spark1	LOAD	20.059	6.983
2026-09-27T20:31:29.801Z	spark2	LOAD	21.369	4.140
2026-09-27T20:31:29.952Z	spark1	LOAD	19.999	6.983
2026-09-27T20:31:30.051Z	spark2	LOAD	21.369	4.140
2026-09-27T20:31:30.202Z	spark1	LOAD	19.935	6.983
2026-09-27T20:31:30.301Z	spark2	LOAD	21.369	4.140
2026-09-27T20:31:30.468Z	spark1	LOAD	19.904	6.983
2026-09-27T20:31:30.552Z	spark2	LOAD	21.369	4.140
2026-09-27T20:31:30.719Z	spark1	LOAD	19.851	6.983
2026-09-27T20:31:30.817Z	spark2	LOAD	21.369	4.140
2026-09-27T20:31:30.969Z	spark1	LOAD	19.810	6.983
2026-09-27T20:31:31.067Z	spark2	LOAD	21.369	4.140
2026-09-27T20:31:31.219Z	spark1	LOAD	19.674	6.983
2026-09-27T20:31:31.318Z	spark2	LOAD	21.369	4.140
2026-09-27T20:31:31.482Z	spark1	LOAD	19.561	6.983
2026-09-27T20:31:31.569Z	spark2	LOAD	21.369	4.140
2026-09-27T20:31:31.732Z	spark1	LOAD	19.568	6.988
2026-09-27T20:31:31.829Z	spark2	LOAD	21.369	4.140
2026-09-27T20:31:31.982Z	spark1	LOAD	19.680	6.989
2026-09-27T20:31:32.081Z	spark2	LOAD	21.369	4.140
2026-09-27T20:31:32.233Z	spark1	LOAD	19.668	6.989
2026-09-27T20:31:32.331Z	spark2	LOAD	21.369	4.140
2026-09-27T20:31:32.501Z	spark1	LOAD	19.663	6.989
2026-09-27T20:31:32.581Z	spark2	LOAD	21.369	4.140
2026-09-27T20:31:32.751Z	spark1	LOAD	19.573	6.989
2026-09-27T20:31:32.846Z	spark2	LOAD	21.369	4.140
2026-09-27T20:31:33.001Z	spark1	LOAD	19.482	6.988
2026-09-27T20:31:33.096Z	spark2	LOAD	21.369	4.140
2026-09-27T20:31:33.251Z	spark1	LOAD	19.494	6.988
2026-09-27T20:31:33.347Z	spark2	LOAD	21.364	4.138
2026-09-27T20:31:33.519Z	spark1	LOAD	19.445	6.988
2026-09-27T20:31:33.597Z	spark2	LOAD	21.338	4.138
2026-09-27T20:31:33.770Z	spark1	LOAD	19.352	6.988
2026-09-27T20:31:33.857Z	spark2	LOAD	21.342	4.136
2026-09-27T20:31:34.020Z	spark1	LOAD	19.277	6.988
2026-09-27T20:31:34.108Z	spark2	LOAD	21.343	4.136
2026-09-27T20:31:34.270Z	spark1	LOAD	19.279	6.989
2026-09-27T20:31:34.358Z	spark2	LOAD	21.343	4.136
2026-09-27T20:31:34.538Z	spark1	LOAD	19.235	6.989
2026-09-27T20:31:34.609Z	spark2	LOAD	21.343	4.136
2026-09-27T20:31:34.788Z	spark1	LOAD	19.206	6.989
2026-09-27T20:31:34.870Z	spark2	LOAD	21.343	4.136
2026-09-27T20:31:35.038Z	spark1	LOAD	19.164	6.989
2026-09-27T20:31:35.121Z	spark2	LOAD	21.344	4.136
2026-09-27T20:31:35.288Z	spark1	LOAD	19.354	6.989
2026-09-27T20:31:35.371Z	spark2	LOAD	21.344	4.136
2026-09-27T20:31:35.556Z	spark1	LOAD	21.816	6.989
2026-09-27T20:31:35.621Z	spark2	LOAD	21.344	4.136
2026-09-27T20:31:35.806Z	spark1	LOAD	22.210	6.989
2026-09-27T20:31:35.886Z	spark2	LOAD	21.346	4.136
2026-09-27T20:31:36.057Z	spark1	LOAD	22.155	6.981
2026-09-27T20:31:36.137Z	spark2	LOAD	21.346	4.136
2026-09-27T20:31:36.307Z	spark1	LOAD	22.055	6.981
2026-09-27T20:31:36.388Z	spark2	LOAD	21.346	4.136
2026-09-27T20:31:36.575Z	spark1	LOAD	22.006	6.981
2026-09-27T20:31:36.638Z	spark2	LOAD	21.346	4.136
2026-09-27T20:31:36.825Z	spark1	LOAD	21.977	6.981
2026-09-27T20:31:36.899Z	spark2	LOAD	21.344	4.136
2026-09-27T20:31:37.075Z	spark1	LOAD	21.947	6.981
2026-09-27T20:31:37.149Z	spark2	LOAD	21.344	4.136
2026-09-27T20:31:37.326Z	spark1	LOAD	21.913	6.981
2026-09-27T20:31:37.400Z	spark2	LOAD	21.344	4.136
2026-09-27T20:31:37.593Z	spark1	LOAD	21.880	6.981
2026-09-27T20:31:37.652Z	spark2	LOAD	21.344	4.136
2026-09-27T20:31:37.843Z	spark1	LOAD	21.853	6.981
2026-09-27T20:31:37.913Z	spark2	LOAD	21.345	4.136
2026-09-27T20:31:38.093Z	spark1	LOAD	21.801	6.981
2026-09-27T20:31:38.163Z	spark2	LOAD	21.345	4.136
2026-09-27T20:31:38.343Z	spark1	LOAD	21.769	6.981
2026-09-27T20:31:38.414Z	spark2	LOAD	21.345	4.136
2026-09-27T20:31:38.610Z	spark1	LOAD	21.725	6.981
2026-09-27T20:31:38.665Z	spark2	LOAD	21.345	4.136
2026-09-27T20:31:38.860Z	spark1	LOAD	21.671	6.981
2026-09-27T20:31:38.929Z	spark2	LOAD	21.346	4.136
2026-09-27T20:31:39.110Z	spark1	LOAD	21.600	6.981
2026-09-27T20:31:39.180Z	spark2	LOAD	21.346	4.136
2026-09-27T20:31:39.361Z	spark1	LOAD	21.562	6.981
2026-09-27T20:31:39.431Z	spark2	LOAD	21.346	4.136
2026-09-27T20:31:39.622Z	spark1	LOAD	21.494	6.981
2026-09-27T20:31:39.681Z	spark2	LOAD	21.346	4.136
2026-09-27T20:31:39.872Z	spark1	LOAD	21.449	6.981
2026-09-27T20:31:39.946Z	spark2	LOAD	21.346	4.136
2026-09-27T20:31:40.123Z	spark1	LOAD	21.407	6.981
2026-09-27T20:31:40.197Z	spark2	LOAD	21.346	4.136
2026-09-27T20:31:40.373Z	spark1	LOAD	21.358	6.981
2026-09-27T20:31:40.448Z	spark2	LOAD	21.346	4.136
2026-09-27T20:31:40.635Z	spark1	LOAD	21.290	6.981
2026-09-27T20:31:40.698Z	spark2	LOAD	21.346	4.136
2026-09-27T20:31:40.885Z	spark1	LOAD	21.210	6.981
2026-09-27T20:31:40.963Z	spark2	LOAD	21.346	4.136
2026-09-27T20:31:41.136Z	spark1	LOAD	21.146	6.981
2026-09-27T20:31:41.214Z	spark2	LOAD	21.345	4.136
2026-09-27T20:31:41.386Z	spark1	LOAD	21.100	6.981
2026-09-27T20:31:41.464Z	spark2	LOAD	21.345	4.136
2026-09-27T20:31:41.653Z	spark1	LOAD	21.054	6.981
2026-09-27T20:31:41.715Z	spark2	LOAD	21.345	4.136
2026-09-27T20:31:41.903Z	spark1	LOAD	21.015	6.981
2026-09-27T20:31:41.976Z	spark2	LOAD	21.345	4.136
2026-09-27T20:31:42.153Z	spark1	LOAD	20.946	6.981
2026-09-27T20:31:42.226Z	spark2	LOAD	21.345	4.136
2026-09-27T20:31:42.404Z	spark1	LOAD	20.915	6.981
2026-09-27T20:31:42.477Z	spark2	LOAD	21.345	4.136
2026-09-27T20:31:42.671Z	spark1	LOAD	20.877	6.981
2026-09-27T20:31:42.727Z	spark2	LOAD	21.345	4.136
2026-09-27T20:31:42.922Z	spark1	LOAD	20.844	6.980
2026-09-27T20:31:42.991Z	spark2	LOAD	21.345	4.136
2026-09-27T20:31:43.172Z	spark1	LOAD	20.801	6.980
2026-09-27T20:31:43.242Z	spark2	LOAD	21.345	4.136
2026-09-27T20:31:43.422Z	spark1	LOAD	20.766	6.980
2026-09-27T20:31:43.492Z	spark2	LOAD	21.345	4.136
2026-09-27T20:31:43.684Z	spark1	LOAD	20.723	6.980
2026-09-27T20:31:43.743Z	spark2	LOAD	21.345	4.136
2026-09-27T20:31:43.935Z	spark1	LOAD	20.655	6.980
2026-09-27T20:31:44.007Z	spark2	LOAD	21.345	4.136
2026-09-27T20:31:44.185Z	spark1	LOAD	20.592	6.980
2026-09-27T20:31:44.258Z	spark2	LOAD	21.345	4.136
2026-09-27T20:31:44.435Z	spark1	LOAD	20.571	6.980
2026-09-27T20:31:44.508Z	spark2	LOAD	21.345	4.136
2026-09-27T20:31:44.698Z	spark1	LOAD	20.538	6.980
2026-09-27T20:31:44.760Z	spark2	LOAD	21.345	4.136
2026-09-27T20:31:44.948Z	spark1	LOAD	20.509	6.980
2026-09-27T20:31:45.025Z	spark2	LOAD	21.345	4.136
2026-09-27T20:31:45.199Z	spark1	LOAD	20.432	6.980
2026-09-27T20:31:45.275Z	spark2	LOAD	21.345	4.136
2026-09-27T20:31:45.449Z	spark1	LOAD	20.378	6.980
2026-09-27T20:31:45.526Z	spark2	LOAD	21.345	4.136
2026-09-27T20:31:45.715Z	spark1	LOAD	20.322	6.980
2026-09-27T20:31:45.777Z	spark2	LOAD	21.345	4.136
2026-09-27T20:31:45.965Z	spark1	LOAD	20.277	6.980
2026-09-27T20:31:46.041Z	spark2	LOAD	21.345	4.136
2026-09-27T20:31:46.216Z	spark1	LOAD	20.199	6.980
2026-09-27T20:31:46.292Z	spark2	LOAD	21.345	4.136
2026-09-27T20:31:46.466Z	spark1	LOAD	20.167	6.980
2026-09-27T20:31:46.543Z	spark2	LOAD	21.345	4.136
2026-09-27T20:31:46.733Z	spark1	LOAD	20.541	6.980
2026-09-27T20:31:46.793Z	spark2	LOAD	21.345	4.136
2026-09-27T20:31:46.983Z	spark1	LOAD	20.476	6.980
2026-09-27T20:31:47.058Z	spark2	LOAD	21.345	4.136
2026-09-27T20:31:47.233Z	spark1	LOAD	20.509	6.979
2026-09-27T20:31:47.308Z	spark2	LOAD	21.345	4.136
2026-09-27T20:31:47.484Z	spark1	LOAD	20.434	6.979
2026-09-27T20:31:47.558Z	spark2	LOAD	21.345	4.136
2026-09-27T20:31:47.750Z	spark1	LOAD	20.368	6.981
2026-09-27T20:31:47.809Z	spark2	LOAD	21.345	4.136
2026-09-27T20:31:48.001Z	spark1	LOAD	20.294	6.981
2026-09-27T20:31:48.074Z	spark2	LOAD	21.345	4.136
2026-09-27T20:31:48.251Z	spark1	LOAD	20.281	6.981
2026-09-27T20:31:48.325Z	spark2	LOAD	21.345	4.136
2026-09-27T20:31:48.501Z	spark1	LOAD	20.297	6.982
2026-09-27T20:31:48.575Z	spark2	LOAD	21.345	4.136
2026-09-27T20:31:48.768Z	spark1	LOAD	20.162	6.982
2026-09-27T20:31:48.826Z	spark2	LOAD	21.345	4.136
2026-09-27T20:31:49.018Z	spark1	LOAD	20.095	6.982
2026-09-27T20:31:49.091Z	spark2	LOAD	21.345	4.136
2026-09-27T20:31:49.269Z	spark1	LOAD	20.017	6.982
2026-09-27T20:31:49.342Z	spark2	LOAD	21.345	4.136
2026-09-27T20:31:49.519Z	spark1	LOAD	19.942	6.981
2026-09-27T20:31:49.592Z	spark2	LOAD	21.345	4.136
2026-09-27T20:31:49.780Z	spark1	LOAD	19.983	6.981
2026-09-27T20:31:49.843Z	spark2	LOAD	21.345	4.136
2026-09-27T20:31:50.031Z	spark1	LOAD	19.969	6.981
2026-09-27T20:31:50.107Z	spark2	LOAD	21.345	4.136
2026-09-27T20:31:50.281Z	spark1	LOAD	19.845	6.981
2026-09-27T20:31:50.358Z	spark2	LOAD	21.345	4.136
2026-09-27T20:31:50.531Z	spark1	LOAD	19.839	6.981
2026-09-27T20:31:50.609Z	spark2	LOAD	21.345	4.136
2026-09-27T20:31:50.798Z	spark1	LOAD	19.822	6.982
2026-09-27T20:31:50.859Z	spark2	LOAD	21.345	4.136
2026-09-27T20:31:51.048Z	spark1	LOAD	19.759	6.982
2026-09-27T20:31:51.123Z	spark2	LOAD	21.345	4.136
2026-09-27T20:31:51.298Z	spark1	LOAD	19.725	6.982
2026-09-27T20:31:51.374Z	spark2	LOAD	21.345	4.136
2026-09-27T20:31:51.548Z	spark1	LOAD	19.656	6.982
2026-09-27T20:31:51.625Z	spark2	LOAD	21.345	4.136
2026-09-27T20:31:51.815Z	spark1	LOAD	19.618	6.982
2026-09-27T20:31:51.875Z	spark2	LOAD	21.345	4.136
2026-09-27T20:31:52.066Z	spark1	LOAD	19.606	6.982
2026-09-27T20:31:52.141Z	spark2	LOAD	21.345	4.136
2026-09-27T20:31:52.316Z	spark1	LOAD	19.515	6.982
2026-09-27T20:31:52.391Z	spark2	LOAD	21.345	4.136
2026-09-27T20:31:52.566Z	spark1	LOAD	19.524	6.982
2026-09-27T20:31:52.641Z	spark2	LOAD	21.345	4.136
2026-09-27T20:31:52.833Z	spark1	LOAD	19.364	6.982
2026-09-27T20:31:52.892Z	spark2	LOAD	21.345	4.136
2026-09-27T20:31:53.084Z	spark1	LOAD	19.482	6.982
2026-09-27T20:31:53.156Z	spark2	LOAD	21.345	4.136
2026-09-27T20:31:53.334Z	spark1	LOAD	19.432	6.982
2026-09-27T20:31:53.407Z	spark2	LOAD	21.346	4.136
2026-09-27T20:31:53.584Z	spark1	LOAD	19.359	6.982
2026-09-27T20:31:53.657Z	spark2	LOAD	21.346	4.136
2026-09-27T20:31:53.847Z	spark1	LOAD	19.357	6.982
2026-09-27T20:31:53.909Z	spark2	LOAD	21.346	4.136
2026-09-27T20:31:54.097Z	spark1	LOAD	19.282	6.981
2026-09-27T20:31:54.173Z	spark2	LOAD	21.346	4.136
2026-09-27T20:31:54.347Z	spark1	LOAD	19.189	6.981
2026-09-27T20:31:54.424Z	spark2	LOAD	21.346	4.136
2026-09-27T20:31:54.597Z	spark1	LOAD	19.220	6.981
2026-09-27T20:31:54.675Z	spark2	LOAD	21.346	4.136
2026-09-27T20:31:54.865Z	spark1	LOAD	19.176	6.981
2026-09-27T20:31:54.926Z	spark2	LOAD	21.346	4.136
2026-09-27T20:31:55.115Z	spark1	LOAD	19.154	6.981
2026-09-27T20:31:55.191Z	spark2	LOAD	21.346	4.136
2026-09-27T20:31:55.365Z	spark1	LOAD	19.150	6.981
2026-09-27T20:31:55.441Z	spark2	LOAD	21.346	4.136
2026-09-27T20:31:55.616Z	spark1	LOAD	20.142	6.981
2026-09-27T20:31:55.692Z	spark2	LOAD	21.346	4.136
2026-09-27T20:31:55.882Z	spark1	LOAD	21.921	6.980
2026-09-27T20:31:55.942Z	spark2	LOAD	21.346	4.136
2026-09-27T20:31:56.132Z	spark1	LOAD	21.783	6.980
2026-09-27T20:31:56.207Z	spark2	LOAD	21.346	4.136
2026-09-27T20:31:56.382Z	spark1	LOAD	21.622	6.980
2026-09-27T20:31:56.457Z	spark2	LOAD	21.346	4.136
2026-09-27T20:31:56.632Z	spark1	LOAD	21.972	6.980
2026-09-27T20:31:56.708Z	spark2	LOAD	21.346	4.136
2026-09-27T20:31:56.894Z	spark1	LOAD	21.948	6.980
2026-09-27T20:31:56.959Z	spark2	LOAD	21.346	4.136
2026-09-27T20:31:57.145Z	spark1	LOAD	21.895	6.980
2026-09-27T20:31:57.223Z	spark2	LOAD	21.346	4.136
2026-09-27T20:31:57.395Z	spark1	LOAD	21.855	6.980
2026-09-27T20:31:57.475Z	spark2	LOAD	21.346	4.136
2026-09-27T20:31:57.645Z	spark1	LOAD	21.810	6.980
2026-09-27T20:31:57.725Z	spark2	LOAD	21.346	4.136
2026-09-27T20:31:57.907Z	spark1	LOAD	21.762	6.980
2026-09-27T20:31:57.976Z	spark2	LOAD	21.346	4.136
2026-09-27T20:31:58.158Z	spark1	LOAD	21.714	6.980
2026-09-27T20:31:58.239Z	spark2	LOAD	21.346	4.136
2026-09-27T20:31:58.408Z	spark1	LOAD	21.672	6.980
2026-09-27T20:31:58.490Z	spark2	LOAD	21.346	4.136
2026-09-27T20:31:58.658Z	spark1	LOAD	21.617	6.980
2026-09-27T20:31:58.741Z	spark2	LOAD	21.346	4.136
2026-09-27T20:31:58.925Z	spark1	LOAD	21.566	6.980
2026-09-27T20:31:58.992Z	spark2	LOAD	21.346	4.136
2026-09-27T20:31:59.175Z	spark1	LOAD	21.522	6.980
2026-09-27T20:31:59.257Z	spark2	LOAD	21.346	4.136
2026-09-27T20:31:59.425Z	spark1	LOAD	21.470	6.980
2026-09-27T20:31:59.508Z	spark2	LOAD	21.346	4.136
2026-09-27T20:31:59.676Z	spark1	LOAD	21.421	6.980
2026-09-27T20:31:59.759Z	spark2	LOAD	21.346	4.136
2026-09-27T20:31:59.938Z	spark1	LOAD	21.397	6.980
2026-09-27T20:32:00.009Z	spark2	LOAD	21.346	4.136
2026-09-27T20:32:00.188Z	spark1	LOAD	21.351	6.980
2026-09-27T20:32:00.274Z	spark2	LOAD	21.346	4.136
2026-09-27T20:32:00.438Z	spark1	LOAD	21.304	6.980
2026-09-27T20:32:00.525Z	spark2	LOAD	21.346	4.136
2026-09-27T20:32:00.689Z	spark1	LOAD	21.261	6.980
2026-09-27T20:32:00.775Z	spark2	LOAD	21.346	4.136
2026-09-27T20:32:00.951Z	spark1	LOAD	21.222	6.980
2026-09-27T20:32:01.025Z	spark2	LOAD	21.346	4.136
2026-09-27T20:32:01.201Z	spark1	LOAD	21.171	6.980
2026-09-27T20:32:01.290Z	spark2	LOAD	21.346	4.136
2026-09-27T20:32:01.451Z	spark1	LOAD	21.131	6.980
2026-09-27T20:32:01.541Z	spark2	LOAD	21.346	4.136
2026-09-27T20:32:01.701Z	spark1	LOAD	21.105	6.980
2026-09-27T20:32:01.792Z	spark2	LOAD	21.346	4.136
2026-09-27T20:32:01.968Z	spark1	LOAD	21.058	6.980
2026-09-27T20:32:02.043Z	spark2	LOAD	21.346	4.136
2026-09-27T20:32:02.219Z	spark1	LOAD	21.016	6.980
2026-09-27T20:32:02.307Z	spark2	LOAD	21.346	4.136
2026-09-27T20:32:02.469Z	spark1	LOAD	21.278	6.980
2026-09-27T20:32:02.558Z	spark2	LOAD	21.346	4.136
2026-09-27T20:32:02.719Z	spark1	LOAD	21.284	6.980
2026-09-27T20:32:02.809Z	spark2	LOAD	21.346	4.136
2026-09-27T20:32:02.981Z	spark1	LOAD	21.228	6.980
2026-09-27T20:32:03.059Z	spark2	LOAD	21.346	4.136
2026-09-27T20:32:03.232Z	spark1	LOAD	21.164	6.980
2026-09-27T20:32:03.324Z	spark2	LOAD	21.346	4.136
2026-09-27T20:32:03.482Z	spark1	LOAD	21.117	6.980
2026-09-27T20:32:03.574Z	spark2	LOAD	21.346	4.136
2026-09-27T20:32:03.732Z	spark1	LOAD	21.037	6.980
2026-09-27T20:32:03.825Z	spark2	LOAD	21.346	4.136
2026-09-27T20:32:03.993Z	spark1	LOAD	21.063	6.980
2026-09-27T20:32:04.076Z	spark2	LOAD	21.346	4.136
2026-09-27T20:32:04.244Z	spark1	LOAD	21.011	6.980
2026-09-27T20:32:04.340Z	spark2	LOAD	21.346	4.136
2026-09-27T20:32:04.494Z	spark1	LOAD	20.979	6.980
2026-09-27T20:32:04.592Z	spark2	LOAD	21.346	4.136
2026-09-27T20:32:04.744Z	spark1	LOAD	20.916	6.980
2026-09-27T20:32:04.842Z	spark2	LOAD	21.346	4.136
2026-09-27T20:32:05.006Z	spark1	LOAD	20.892	6.979
2026-09-27T20:32:05.093Z	spark2	LOAD	21.346	4.136
2026-09-27T20:32:05.256Z	spark1	LOAD	20.885	6.979
2026-09-27T20:32:05.357Z	spark2	LOAD	21.346	4.136
2026-09-27T20:32:05.507Z	spark1	LOAD	20.803	6.979
2026-09-27T20:32:05.608Z	spark2	LOAD	21.346	4.136
2026-09-27T20:32:05.757Z	spark1	LOAD	20.766	6.979
2026-09-27T20:32:05.859Z	spark2	LOAD	21.346	4.136
2026-09-27T20:32:06.018Z	spark1	LOAD	20.751	6.979
2026-09-27T20:32:06.110Z	spark2	LOAD	21.346	4.136
2026-09-27T20:32:06.268Z	spark1	LOAD	20.715	6.979
2026-09-27T20:32:06.374Z	spark2	LOAD	21.346	4.136
2026-09-27T20:32:06.519Z	spark1	LOAD	20.688	6.979
2026-09-27T20:32:06.625Z	spark2	LOAD	21.346	4.136
2026-09-27T20:32:06.769Z	spark1	LOAD	20.619	6.979
2026-09-27T20:32:06.875Z	spark2	LOAD	21.346	4.136
2026-09-27T20:32:07.031Z	spark1	LOAD	20.574	6.979
2026-09-27T20:32:07.126Z	spark2	LOAD	21.346	4.136
2026-09-27T20:32:07.281Z	spark1	LOAD	20.509	6.979
2026-09-27T20:32:07.390Z	spark2	LOAD	21.346	4.136
2026-09-27T20:32:07.531Z	spark1	LOAD	20.449	6.979
2026-09-27T20:32:07.641Z	spark2	LOAD	21.346	4.136
2026-09-27T20:32:07.781Z	spark1	LOAD	20.413	6.979
2026-09-27T20:32:07.891Z	spark2	LOAD	21.346	4.136
2026-09-27T20:32:08.043Z	spark1	LOAD	20.341	6.979
2026-09-27T20:32:08.142Z	spark2	LOAD	21.346	4.136
2026-09-27T20:32:08.294Z	spark1	LOAD	20.284	6.979
2026-09-27T20:32:08.407Z	spark2	LOAD	21.346	4.136
2026-09-27T20:32:08.544Z	spark1	LOAD	20.236	6.979
2026-09-27T20:32:08.658Z	spark2	LOAD	21.346	4.136
2026-09-27T20:32:08.794Z	spark1	LOAD	20.181	6.979
2026-09-27T20:32:08.908Z	spark2	LOAD	21.346	4.136
2026-09-27T20:32:09.061Z	spark1	LOAD	20.129	6.979
2026-09-27T20:32:09.160Z	spark2	LOAD	21.346	4.136
2026-09-27T20:32:09.311Z	spark1	LOAD	20.059	6.979
2026-09-27T20:32:09.425Z	spark2	LOAD	21.346	4.136
2026-09-27T20:32:09.562Z	spark1	LOAD	20.015	6.979
2026-09-27T20:32:09.675Z	spark2	LOAD	21.346	4.136
2026-09-27T20:32:09.812Z	spark1	LOAD	19.956	6.979
2026-09-27T20:32:09.926Z	spark2	LOAD	21.346	4.136
2026-09-27T20:32:10.079Z	spark1	LOAD	19.904	6.979
2026-09-27T20:32:10.177Z	spark2	LOAD	21.346	4.136
2026-09-27T20:32:10.329Z	spark1	LOAD	19.945	6.979
2026-09-27T20:32:10.441Z	spark2	LOAD	21.346	4.136
2026-09-27T20:32:10.579Z	spark1	LOAD	19.854	6.979
2026-09-27T20:32:10.691Z	spark2	LOAD	21.346	4.136
2026-09-27T20:32:10.829Z	spark1	LOAD	19.892	6.979
2026-09-27T20:32:10.942Z	spark2	LOAD	21.346	4.136
2026-09-27T20:32:11.099Z	spark1	LOAD	19.823	6.979
2026-09-27T20:32:11.193Z	spark2	LOAD	21.346	4.136
2026-09-27T20:32:11.349Z	spark1	LOAD	19.789	6.979
2026-09-27T20:32:11.457Z	spark2	LOAD	21.346	4.136
2026-09-27T20:32:11.599Z	spark1	LOAD	19.775	6.979
2026-09-27T20:32:11.708Z	spark2	LOAD	21.346	4.136
2026-09-27T20:32:11.849Z	spark1	LOAD	19.705	6.979
2026-09-27T20:32:11.959Z	spark2	LOAD	21.346	4.136
2026-09-27T20:32:12.116Z	spark1	LOAD	19.705	6.979
2026-09-27T20:32:12.210Z	spark2	LOAD	21.346	4.136
2026-09-27T20:32:12.367Z	spark1	LOAD	19.633	6.979
2026-09-27T20:32:12.475Z	spark2	LOAD	21.346	4.136
2026-09-27T20:32:12.617Z	spark1	LOAD	19.604	6.979
2026-09-27T20:32:12.725Z	spark2	LOAD	21.346	4.136
2026-09-27T20:32:12.867Z	spark1	LOAD	19.517	6.979
2026-09-27T20:32:12.976Z	spark2	LOAD	21.346	4.136
2026-09-27T20:32:13.136Z	spark1	LOAD	19.497	6.979
2026-09-27T20:32:13.226Z	spark2	LOAD	21.346	4.136
2026-09-27T20:32:13.386Z	spark1	LOAD	19.436	6.979
2026-09-27T20:32:13.491Z	spark2	LOAD	21.346	4.136
2026-09-27T20:32:13.636Z	spark1	LOAD	19.381	6.979
2026-09-27T20:32:13.742Z	spark2	LOAD	21.346	4.136
2026-09-27T20:32:13.887Z	spark1	LOAD	19.357	6.979
2026-09-27T20:32:13.992Z	spark2	LOAD	21.346	4.136
2026-09-27T20:32:14.156Z	spark1	LOAD	19.308	6.979
2026-09-27T20:32:14.242Z	spark2	LOAD	21.345	4.135
2026-09-27T20:32:14.406Z	spark1	LOAD	19.313	6.979
2026-09-27T20:32:14.506Z	spark2	LOAD	21.349	4.133
2026-09-27T20:32:14.656Z	spark1	LOAD	19.251	6.979
2026-09-27T20:32:14.757Z	spark2	LOAD	21.338	4.133
2026-09-27T20:32:14.907Z	spark1	LOAD	19.205	6.979
2026-09-27T20:32:15.007Z	spark2	LOAD	21.347	4.130
2026-09-27T20:32:15.174Z	spark1	LOAD	19.136	6.979
2026-09-27T20:32:15.258Z	spark2	LOAD	21.347	4.130
2026-09-27T20:32:15.424Z	spark1	LOAD	19.132	6.980
2026-09-27T20:32:15.523Z	spark2	LOAD	21.348	4.130
2026-09-27T20:32:15.675Z	spark1	LOAD	19.084	6.980
2026-09-27T20:32:15.774Z	spark2	LOAD	21.348	4.130
2026-09-27T20:32:15.925Z	spark1	LOAD	19.082	6.980
2026-09-27T20:32:16.024Z	spark2	LOAD	21.348	4.130
2026-09-27T20:32:16.187Z	spark1	LOAD	19.252	6.980
2026-09-27T20:32:16.276Z	spark2	LOAD	21.348	4.130
2026-09-27T20:32:16.437Z	spark1	LOAD	21.607	6.980
2026-09-27T20:32:16.540Z	spark2	LOAD	21.347	4.130
2026-09-27T20:32:16.688Z	spark1	LOAD	22.251	6.980
2026-09-27T20:32:16.791Z	spark2	LOAD	21.347	4.130
2026-09-27T20:32:16.938Z	spark1	LOAD	22.204	6.980
2026-09-27T20:32:17.042Z	spark2	LOAD	21.349	4.130
2026-09-27T20:32:17.205Z	spark1	LOAD	22.122	6.980
2026-09-27T20:32:17.293Z	spark2	LOAD	21.349	4.130
2026-09-27T20:32:17.455Z	spark1	LOAD	22.075	6.980
2026-09-27T20:32:17.557Z	spark2	LOAD	21.349	4.130
2026-09-27T20:32:17.706Z	spark1	LOAD	22.034	6.980
2026-09-27T20:32:17.808Z	spark2	LOAD	21.350	4.130
2026-09-27T20:32:17.956Z	spark1	LOAD	21.978	6.980
2026-09-27T20:32:18.059Z	spark2	LOAD	21.350	4.130
2026-09-27T20:32:18.223Z	spark1	LOAD	21.935	6.980
2026-09-27T20:32:18.309Z	spark2	LOAD	21.350	4.130
2026-09-27T20:32:18.473Z	spark1	LOAD	21.888	6.980
2026-09-27T20:32:18.573Z	spark2	LOAD	21.350	4.130
2026-09-27T20:32:18.724Z	spark1	LOAD	21.830	6.980
2026-09-27T20:32:18.824Z	spark2	LOAD	21.350	4.130
2026-09-27T20:32:18.974Z	spark1	LOAD	21.778	6.980
2026-09-27T20:32:19.075Z	spark2	LOAD	21.350	4.130
2026-09-27T20:32:19.237Z	spark1	LOAD	21.700	6.980
2026-09-27T20:32:19.326Z	spark2	LOAD	21.350	4.130
2026-09-27T20:32:19.487Z	spark1	LOAD	21.655	6.980
2026-09-27T20:32:19.590Z	spark2	LOAD	21.350	4.130
2026-09-27T20:32:19.738Z	spark1	LOAD	21.611	6.980
2026-09-27T20:32:19.841Z	spark2	LOAD	21.350	4.130
2026-09-27T20:32:19.988Z	spark1	LOAD	21.577	6.980
2026-09-27T20:32:20.091Z	spark2	LOAD	21.350	4.130
2026-09-27T20:32:20.255Z	spark1	LOAD	21.534	6.980
2026-09-27T20:32:20.342Z	spark2	LOAD	21.350	4.130
2026-09-27T20:32:20.506Z	spark1	LOAD	21.479	6.980
2026-09-27T20:32:20.607Z	spark2	LOAD	21.350	4.130
2026-09-27T20:32:20.756Z	spark1	LOAD	21.447	6.980
2026-09-27T20:32:20.858Z	spark2	LOAD	21.350	4.130
2026-09-27T20:32:21.006Z	spark1	LOAD	21.389	6.980
2026-09-27T20:32:21.108Z	spark2	LOAD	21.350	4.130
2026-09-27T20:32:21.273Z	spark1	LOAD	21.285	6.980
2026-09-27T20:32:21.359Z	spark2	LOAD	21.350	4.130
2026-09-27T20:32:21.523Z	spark1	LOAD	21.232	6.980
2026-09-27T20:32:21.624Z	spark2	LOAD	21.350	4.130
2026-09-27T20:32:21.773Z	spark1	LOAD	21.185	6.980
2026-09-27T20:32:21.875Z	spark2	LOAD	21.350	4.130
2026-09-27T20:32:22.023Z	spark1	LOAD	21.149	6.979
2026-09-27T20:32:22.126Z	spark2	LOAD	21.350	4.130
2026-09-27T20:32:22.285Z	spark1	LOAD	21.092	6.979
2026-09-27T20:32:22.376Z	spark2	LOAD	21.350	4.130
2026-09-27T20:32:22.535Z	spark1	LOAD	21.073	6.979
2026-09-27T20:32:22.637Z	spark2	LOAD	21.350	4.130
2026-09-27T20:32:22.786Z	spark1	LOAD	21.032	6.979
2026-09-27T20:32:22.888Z	spark2	LOAD	21.350	4.130
2026-09-27T20:32:23.036Z	spark1	LOAD	21.383	6.979
2026-09-27T20:32:23.139Z	spark2	LOAD	21.350	4.130
2026-09-27T20:32:23.304Z	spark1	LOAD	21.292	6.979
2026-09-27T20:32:23.390Z	spark2	LOAD	21.350	4.130
2026-09-27T20:32:23.554Z	spark1	LOAD	21.299	6.979
2026-09-27T20:32:23.655Z	spark2	LOAD	21.350	4.130
2026-09-27T20:32:23.804Z	spark1	LOAD	21.171	6.980
2026-09-27T20:32:23.905Z	spark2	LOAD	21.350	4.130
2026-09-27T20:32:24.054Z	spark1	LOAD	21.149	6.980
2026-09-27T20:32:24.156Z	spark2	LOAD	21.350	4.130
2026-09-27T20:32:24.317Z	spark1	LOAD	21.147	6.981
2026-09-27T20:32:24.407Z	spark2	LOAD	21.350	4.130
2026-09-27T20:32:24.568Z	spark1	LOAD	21.041	6.981
2026-09-27T20:32:24.672Z	spark2	LOAD	21.350	4.130
2026-09-27T20:32:24.818Z	spark1	LOAD	20.969	6.981
2026-09-27T20:32:24.923Z	spark2	LOAD	21.350	4.130
2026-09-27T20:32:25.068Z	spark1	LOAD	20.904	6.981
2026-09-27T20:32:25.173Z	spark2	LOAD	21.350	4.130
2026-09-27T20:32:25.335Z	spark1	LOAD	20.786	6.981
2026-09-27T20:32:25.424Z	spark2	LOAD	21.350	4.130
2026-09-27T20:32:25.585Z	spark1	LOAD	20.720	6.981
2026-09-27T20:32:25.684Z	spark2	LOAD	21.350	4.130
2026-09-27T20:32:25.836Z	spark1	LOAD	20.652	6.981
2026-09-27T20:32:25.936Z	spark2	LOAD	21.350	4.130
2026-09-27T20:32:26.086Z	spark1	LOAD	20.591	6.981
2026-09-27T20:32:26.186Z	spark2	LOAD	21.350	4.130
2026-09-27T20:32:26.347Z	spark1	LOAD	20.501	6.981
2026-09-27T20:32:26.437Z	spark2	LOAD	21.350	4.130
2026-09-27T20:32:26.598Z	spark1	LOAD	20.426	6.981
2026-09-27T20:32:26.701Z	spark2	LOAD	21.350	4.130
2026-09-27T20:32:26.848Z	spark1	LOAD	20.363	6.981
2026-09-27T20:32:26.952Z	spark2	LOAD	21.350	4.130
2026-09-27T20:32:27.098Z	spark1	LOAD	20.654	6.982
2026-09-27T20:32:27.203Z	spark2	LOAD	21.350	4.130
2026-09-27T20:32:27.365Z	spark1	LOAD	20.661	6.981
2026-09-27T20:32:27.453Z	spark2	LOAD	21.350	4.130
2026-09-27T20:32:27.615Z	spark1	LOAD	20.576	6.982
2026-09-27T20:32:27.718Z	spark2	LOAD	21.350	4.130
2026-09-27T20:32:27.866Z	spark1	LOAD	20.459	6.982
2026-09-27T20:32:27.969Z	spark2	LOAD	21.350	4.130
2026-09-27T20:32:28.116Z	spark1	LOAD	20.488	6.982
2026-09-27T20:32:28.220Z	spark2	LOAD	21.350	4.130
2026-09-27T20:32:28.378Z	spark1	LOAD	20.081	6.982
2026-09-27T20:32:28.471Z	spark2	LOAD	21.350	4.130
2026-09-27T20:32:28.628Z	spark1	LOAD	20.392	6.982
2026-09-27T20:32:28.735Z	spark2	LOAD	21.350	4.130
2026-09-27T20:32:28.878Z	spark1	LOAD	20.385	6.982
2026-09-27T20:32:28.986Z	spark2	LOAD	21.350	4.130
2026-09-27T20:32:29.128Z	spark1	LOAD	20.220	6.982
2026-09-27T20:32:29.237Z	spark2	LOAD	21.350	4.130
2026-09-27T20:32:29.394Z	spark1	LOAD	19.952	6.982
2026-09-27T20:32:29.488Z	spark2	LOAD	21.350	4.130
2026-09-27T20:32:29.644Z	spark1	LOAD	20.184	6.982
2026-09-27T20:32:29.752Z	spark2	LOAD	21.350	4.130
2026-09-27T20:32:29.894Z	spark1	LOAD	20.118	6.981
2026-09-27T20:32:30.003Z	spark2	LOAD	21.350	4.130
2026-09-27T20:32:30.145Z	spark1	LOAD	20.118	6.981
2026-09-27T20:32:30.253Z	spark2	LOAD	21.350	4.130
2026-09-27T20:32:30.407Z	spark1	LOAD	20.003	6.981
2026-09-27T20:32:30.504Z	spark2	LOAD	21.350	4.130
2026-09-27T20:32:30.657Z	spark1	LOAD	20.017	6.982
2026-09-27T20:32:30.768Z	spark2	LOAD	21.350	4.130
2026-09-27T20:32:30.907Z	spark1	LOAD	20.102	6.982
2026-09-27T20:32:31.019Z	spark2	LOAD	21.350	4.130
2026-09-27T20:32:31.158Z	spark1	LOAD	20.064	6.983
2026-09-27T20:32:31.270Z	spark2	LOAD	21.350	4.130
2026-09-27T20:32:31.420Z	spark1	LOAD	20.011	6.982
2026-09-27T20:32:31.521Z	spark2	LOAD	21.350	4.130
2026-09-27T20:32:31.671Z	spark1	LOAD	19.948	6.982
2026-09-27T20:32:31.786Z	spark2	LOAD	21.350	4.130
2026-09-27T20:32:31.921Z	spark1	LOAD	19.954	6.982
2026-09-27T20:32:32.036Z	spark2	LOAD	21.350	4.130
2026-09-27T20:32:32.171Z	spark1	LOAD	19.868	6.982
2026-09-27T20:32:32.287Z	spark2	LOAD	21.350	4.130
2026-09-27T20:32:32.440Z	spark1	LOAD	19.769	6.982
2026-09-27T20:32:32.538Z	spark2	LOAD	21.350	4.130
2026-09-27T20:32:32.690Z	spark1	LOAD	19.680	6.982
2026-09-27T20:32:32.802Z	spark2	LOAD	21.350	4.130
2026-09-27T20:32:32.940Z	spark1	LOAD	19.826	6.982
2026-09-27T20:32:33.053Z	spark2	LOAD	21.350	4.130
2026-09-27T20:32:33.190Z	spark1	LOAD	19.763	6.982
2026-09-27T20:32:33.304Z	spark2	LOAD	21.350	4.130
2026-09-27T20:32:33.457Z	spark1	LOAD	19.652	6.982
2026-09-27T20:32:33.555Z	spark2	LOAD	21.350	4.130
2026-09-27T20:32:33.708Z	spark1	LOAD	19.644	6.982
2026-09-27T20:32:33.819Z	spark2	LOAD	21.350	4.130
2026-09-27T20:32:33.958Z	spark1	LOAD	19.662	6.982
2026-09-27T20:32:34.070Z	spark2	LOAD	21.350	4.130
2026-09-27T20:32:34.208Z	spark1	LOAD	19.622	6.982
2026-09-27T20:32:34.321Z	spark2	LOAD	21.350	4.130
2026-09-27T20:32:34.470Z	spark1	LOAD	19.541	6.982
2026-09-27T20:32:34.571Z	spark2	LOAD	21.350	4.130
2026-09-27T20:32:34.721Z	spark1	LOAD	19.408	6.982
2026-09-27T20:32:34.836Z	spark2	LOAD	21.350	4.130
2026-09-27T20:32:34.971Z	spark1	LOAD	19.400	6.982
2026-09-27T20:32:35.087Z	spark2	LOAD	21.350	4.130
2026-09-27T20:32:35.221Z	spark1	LOAD	19.377	6.982
2026-09-27T20:32:35.338Z	spark2	LOAD	21.350	4.130
2026-09-27T20:32:35.488Z	spark1	LOAD	19.403	6.982
2026-09-27T20:32:35.588Z	spark2	LOAD	21.350	4.130
2026-09-27T20:32:35.738Z	spark1	LOAD	19.388	6.981
2026-09-27T20:32:35.852Z	spark2	LOAD	21.350	4.130
2026-09-27T20:32:35.989Z	spark1	LOAD	19.353	6.981
2026-09-27T20:32:36.103Z	spark2	LOAD	21.350	4.130
2026-09-27T20:32:36.239Z	spark1	LOAD	19.321	6.981
2026-09-27T20:32:36.353Z	spark2	LOAD	21.350	4.130
2026-09-27T20:32:36.501Z	spark1	LOAD	19.261	6.981
2026-09-27T20:32:36.605Z	spark2	LOAD	21.350	4.130
2026-09-27T20:32:36.751Z	spark1	LOAD	19.226	6.981
2026-09-27T20:32:36.869Z	spark2	LOAD	21.350	4.130
2026-09-27T20:32:37.001Z	spark1	LOAD	20.034	6.981
2026-09-27T20:32:37.120Z	spark2	LOAD	21.350	4.130
2026-09-27T20:32:37.251Z	spark1	LOAD	21.633	6.981
2026-09-27T20:32:37.371Z	spark2	LOAD	21.350	4.130
2026-09-27T20:32:37.514Z	spark1	LOAD	22.118	6.981
2026-09-27T20:32:37.621Z	spark2	LOAD	21.350	4.130
2026-09-27T20:32:37.764Z	spark1	LOAD	22.054	6.981
2026-09-27T20:32:37.886Z	spark2	LOAD	21.350	4.130
2026-09-27T20:32:38.015Z	spark1	LOAD	21.939	6.981
2026-09-27T20:32:38.137Z	spark2	LOAD	21.350	4.130
2026-09-27T20:32:38.265Z	spark1	LOAD	21.835	6.981
2026-09-27T20:32:38.387Z	spark2	LOAD	21.350	4.130
2026-09-27T20:32:38.535Z	spark1	LOAD	21.751	6.981
2026-09-27T20:32:38.638Z	spark2	LOAD	21.350	4.130
2026-09-27T20:32:38.785Z	spark1	LOAD	21.705	6.981
2026-09-27T20:32:38.903Z	spark2	LOAD	21.350	4.130
2026-09-27T20:32:39.035Z	spark1	LOAD	21.669	6.981
2026-09-27T20:32:39.154Z	spark2	LOAD	21.350	4.130
2026-09-27T20:32:39.285Z	spark1	LOAD	21.605	6.981
2026-09-27T20:32:39.404Z	spark2	LOAD	21.350	4.130
2026-09-27T20:32:39.549Z	spark1	LOAD	21.501	6.981
2026-09-27T20:32:39.655Z	spark2	LOAD	21.350	4.130
2026-09-27T20:32:39.799Z	spark1	LOAD	21.447	6.981
2026-09-27T20:32:39.920Z	spark2	LOAD	21.350	4.130
2026-09-27T20:32:40.049Z	spark1	LOAD	21.419	6.981
2026-09-27T20:32:40.170Z	spark2	LOAD	21.350	4.130
2026-09-27T20:32:40.299Z	spark1	LOAD	21.361	6.981
2026-09-27T20:32:40.421Z	spark2	LOAD	21.350	4.130
2026-09-27T20:32:40.561Z	spark1	LOAD	21.307	6.981
2026-09-27T20:32:40.672Z	spark2	LOAD	21.350	4.130
2026-09-27T20:32:40.812Z	spark1	LOAD	21.218	6.981
2026-09-27T20:32:40.936Z	spark2	LOAD	21.350	4.130
2026-09-27T20:32:41.062Z	spark1	LOAD	21.087	6.981
2026-09-27T20:32:41.187Z	spark2	LOAD	21.350	4.130
2026-09-27T20:32:41.312Z	spark1	LOAD	21.006	6.981
2026-09-27T20:32:41.438Z	spark2	LOAD	21.350	4.130
2026-09-27T20:32:41.580Z	spark1	LOAD	20.891	6.981
2026-09-27T20:32:41.688Z	spark2	LOAD	21.350	4.130
2026-09-27T20:32:41.830Z	spark1	LOAD	20.816	6.981
2026-09-27T20:32:41.953Z	spark2	LOAD	21.350	4.130
2026-09-27T20:32:42.080Z	spark1	LOAD	20.746	6.981
2026-09-27T20:32:42.204Z	spark2	LOAD	21.350	4.130
2026-09-27T20:32:42.330Z	spark1	LOAD	20.651	6.981
2026-09-27T20:32:42.455Z	spark2	LOAD	21.350	4.130
2026-09-27T20:32:42.593Z	spark1	LOAD	20.568	6.981
2026-09-27T20:32:42.705Z	spark2	LOAD	21.350	4.130
2026-09-27T20:32:42.843Z	spark1	LOAD	20.486	6.981
2026-09-27T20:32:42.970Z	spark2	LOAD	21.350	4.130
2026-09-27T20:32:43.093Z	spark1	LOAD	20.466	6.980
2026-09-27T20:32:43.220Z	spark2	LOAD	21.350	4.130
2026-09-27T20:32:43.344Z	spark1	LOAD	20.399	6.980
2026-09-27T20:32:43.471Z	spark2	LOAD	21.350	4.130
2026-09-27T20:32:43.606Z	spark1	LOAD	20.324	6.980
2026-09-27T20:32:43.721Z	spark2	LOAD	21.350	4.130
2026-09-27T20:32:43.857Z	spark1	LOAD	21.290	6.980
2026-09-27T20:32:43.986Z	spark2	LOAD	21.350	4.130
2026-09-27T20:32:44.107Z	spark1	LOAD	21.251	6.980
2026-09-27T20:32:44.236Z	spark2	LOAD	21.350	4.130
2026-09-27T20:32:44.357Z	spark1	LOAD	21.157	6.980
2026-09-27T20:32:44.486Z	spark2	LOAD	21.350	4.130
2026-09-27T20:32:44.620Z	spark1	LOAD	21.235	6.980
2026-09-27T20:32:44.737Z	spark2	LOAD	21.350	4.130
2026-09-27T20:32:44.870Z	spark1	LOAD	21.154	6.980
2026-09-27T20:32:45.002Z	spark2	LOAD	21.350	4.130
2026-09-27T20:32:45.120Z	spark1	LOAD	21.150	6.980
2026-09-27T20:32:45.252Z	spark2	LOAD	21.350	4.130
2026-09-27T20:32:45.370Z	spark1	LOAD	21.140	6.980
2026-09-27T20:32:45.503Z	spark2	LOAD	21.350	4.130
2026-09-27T20:32:45.632Z	spark1	LOAD	21.097	6.980
2026-09-27T20:32:45.754Z	spark2	LOAD	21.350	4.130
2026-09-27T20:32:45.882Z	spark1	LOAD	21.035	6.980
2026-09-27T20:32:46.018Z	spark2	LOAD	21.350	4.130
2026-09-27T20:32:46.133Z	spark1	LOAD	20.995	6.980
2026-09-27T20:32:46.269Z	spark2	LOAD	21.350	4.130
2026-09-27T20:32:46.383Z	spark1	LOAD	20.897	6.980
2026-09-27T20:32:46.520Z	spark2	LOAD	21.350	4.130
2026-09-27T20:32:46.649Z	spark1	LOAD	20.840	6.980
2026-09-27T20:32:46.771Z	spark2	LOAD	21.350	4.130
2026-09-27T20:32:46.900Z	spark1	LOAD	20.796	6.980
2026-09-27T20:32:47.035Z	spark2	LOAD	21.350	4.130
2026-09-27T20:32:47.150Z	spark1	LOAD	20.878	6.980
2026-09-27T20:32:47.286Z	spark2	LOAD	21.350	4.130
2026-09-27T20:32:47.400Z	spark1	LOAD	20.821	6.980
2026-09-27T20:32:47.537Z	spark2	LOAD	21.350	4.130
2026-09-27T20:32:47.662Z	spark1	LOAD	20.784	6.980
2026-09-27T20:32:47.788Z	spark2	LOAD	21.350	4.130
2026-09-27T20:32:47.912Z	spark1	LOAD	20.673	6.980
2026-09-27T20:32:48.053Z	spark2	LOAD	21.350	4.130
2026-09-27T20:32:48.162Z	spark1	LOAD	20.643	6.980
2026-09-27T20:32:48.304Z	spark2	LOAD	21.350	4.130
2026-09-27T20:32:48.412Z	spark1	LOAD	20.527	6.980
2026-09-27T20:32:48.555Z	spark2	LOAD	21.350	4.130
2026-09-27T20:32:48.679Z	spark1	LOAD	20.472	6.980
2026-09-27T20:32:48.805Z	spark2	LOAD	21.350	4.130
2026-09-27T20:32:48.929Z	spark1	LOAD	20.423	6.980
2026-09-27T20:32:49.070Z	spark2	LOAD	21.350	4.130
2026-09-27T20:32:49.179Z	spark1	LOAD	20.388	6.980
2026-09-27T20:32:49.321Z	spark2	LOAD	21.350	4.130
2026-09-27T20:32:49.430Z	spark1	LOAD	20.333	6.980
2026-09-27T20:32:49.571Z	spark2	LOAD	21.350	4.130
2026-09-27T20:32:49.697Z	spark1	LOAD	20.285	6.980
2026-09-27T20:32:49.822Z	spark2	LOAD	21.350	4.130
2026-09-27T20:32:49.947Z	spark1	LOAD	20.302	6.979
2026-09-27T20:32:50.087Z	spark2	LOAD	21.350	4.130
2026-09-27T20:32:50.197Z	spark1	LOAD	20.275	6.979
2026-09-27T20:32:50.338Z	spark2	LOAD	21.350	4.130
2026-09-27T20:32:50.448Z	spark1	LOAD	20.239	6.979
2026-09-27T20:32:50.589Z	spark2	LOAD	21.350	4.130
2026-09-27T20:32:50.714Z	spark1	LOAD	20.200	6.979
2026-09-27T20:32:50.839Z	spark2	LOAD	21.350	4.130
2026-09-27T20:32:50.965Z	spark1	LOAD	20.174	6.979
2026-09-27T20:32:51.103Z	spark2	LOAD	21.350	4.130
2026-09-27T20:32:51.215Z	spark1	LOAD	20.128	6.979
2026-09-27T20:32:51.354Z	spark2	LOAD	21.350	4.130
2026-09-27T20:32:51.465Z	spark1	LOAD	20.088	6.979
2026-09-27T20:32:51.605Z	spark2	LOAD	21.350	4.130
2026-09-27T20:32:51.728Z	spark1	LOAD	20.099	6.979
2026-09-27T20:32:51.856Z	spark2	LOAD	21.350	4.130
2026-09-27T20:32:51.978Z	spark1	LOAD	20.048	6.979
2026-09-27T20:32:52.120Z	spark2	LOAD	21.350	4.130
2026-09-27T20:32:52.228Z	spark1	LOAD	19.998	6.979
2026-09-27T20:32:52.371Z	spark2	LOAD	21.350	4.130
2026-09-27T20:32:52.478Z	spark1	LOAD	19.971	6.979
2026-09-27T20:32:52.621Z	spark2	LOAD	21.350	4.130
2026-09-27T20:32:52.745Z	spark1	LOAD	19.931	6.979
2026-09-27T20:32:52.872Z	spark2	LOAD	21.350	4.130
2026-09-27T20:32:52.995Z	spark1	LOAD	19.875	6.979
2026-09-27T20:32:53.136Z	spark2	LOAD	21.350	4.130
2026-09-27T20:32:53.246Z	spark1	LOAD	19.794	6.979
2026-09-27T20:32:53.387Z	spark2	LOAD	21.350	4.130
2026-09-27T20:32:53.496Z	spark1	LOAD	19.699	6.979
2026-09-27T20:32:53.637Z	spark2	LOAD	21.350	4.130
2026-09-27T20:32:53.757Z	spark1	LOAD	19.622	6.979
2026-09-27T20:32:53.888Z	spark2	LOAD	21.350	4.130
2026-09-27T20:32:54.007Z	spark1	LOAD	19.562	6.979
2026-09-27T20:32:54.153Z	spark2	LOAD	21.350	4.130
2026-09-27T20:32:54.258Z	spark1	LOAD	19.662	6.979
2026-09-27T20:32:54.403Z	spark2	LOAD	21.350	4.130
2026-09-27T20:32:54.508Z	spark1	LOAD	19.634	6.979
2026-09-27T20:32:54.654Z	spark2	LOAD	21.350	4.130
2026-09-27T20:32:54.774Z	spark1	LOAD	19.631	6.978
2026-09-27T20:32:54.905Z	spark2	LOAD	21.350	4.130
2026-09-27T20:32:55.024Z	spark1	LOAD	19.589	6.978
2026-09-27T20:32:55.170Z	spark2	LOAD	21.350	4.130
2026-09-27T20:32:55.275Z	spark1	LOAD	19.552	6.978
2026-09-27T20:32:55.421Z	spark2	LOAD	21.350	4.130
2026-09-27T20:32:55.525Z	spark1	LOAD	19.501	6.978
2026-09-27T20:32:55.671Z	spark2	LOAD	21.349	4.128
2026-09-27T20:32:55.793Z	spark1	LOAD	19.471	6.978
2026-09-27T20:32:55.921Z	spark2	LOAD	21.355	4.128
2026-09-27T20:32:56.043Z	spark1	LOAD	19.445	6.978
2026-09-27T20:32:56.187Z	spark2	LOAD	21.354	4.127
2026-09-27T20:32:56.294Z	spark1	LOAD	19.396	6.978
2026-09-27T20:32:56.437Z	spark2	LOAD	21.354	4.127
2026-09-27T20:32:56.544Z	spark1	LOAD	19.340	6.978
2026-09-27T20:32:56.688Z	spark2	LOAD	21.354	4.127
2026-09-27T20:32:56.811Z	spark1	LOAD	19.311	6.978
2026-09-27T20:32:56.939Z	spark2	LOAD	21.354	4.127
2026-09-27T20:32:57.061Z	spark1	LOAD	19.237	6.978
2026-09-27T20:32:57.199Z	spark2	LOAD	21.354	4.127
2026-09-27T20:32:57.311Z	spark1	LOAD	21.064	6.978
2026-09-27T20:32:57.450Z	spark2	LOAD	21.354	4.127
2026-09-27T20:32:57.562Z	spark1	LOAD	22.407	6.978
2026-09-27T20:32:57.701Z	spark2	LOAD	21.354	4.127
2026-09-27T20:32:57.829Z	spark1	LOAD	22.345	6.978
2026-09-27T20:32:57.952Z	spark2	LOAD	21.354	4.127
2026-09-27T20:32:58.079Z	spark1	LOAD	22.294	6.978
2026-09-27T20:32:58.216Z	spark2	LOAD	21.354	4.127
2026-09-27T20:32:58.330Z	spark1	LOAD	22.229	6.978
2026-09-27T20:32:58.467Z	spark2	LOAD	21.354	4.127
2026-09-27T20:32:58.580Z	spark1	LOAD	22.102	6.978
2026-09-27T20:32:58.718Z	spark2	LOAD	21.354	4.127
2026-09-27T20:32:58.847Z	spark1	LOAD	21.932	6.978
2026-09-27T20:32:58.968Z	spark2	LOAD	21.354	4.127
2026-09-27T20:32:59.097Z	spark1	LOAD	21.762	6.978
2026-09-27T20:32:59.233Z	spark2	LOAD	21.354	4.127
2026-09-27T20:32:59.348Z	spark1	LOAD	21.642	6.978
2026-09-27T20:32:59.485Z	spark2	LOAD	21.354	4.127
2026-09-27T20:32:59.598Z	spark1	LOAD	21.607	6.978
2026-09-27T20:32:59.735Z	spark2	LOAD	21.354	4.127
2026-09-27T20:32:59.867Z	spark1	LOAD	21.533	6.977
2026-09-27T20:32:59.986Z	spark2	LOAD	21.354	4.127
2026-09-27T20:33:00.117Z	spark1	LOAD	21.496	6.977
2026-09-27T20:33:00.251Z	spark2	LOAD	21.354	4.127
2026-09-27T20:33:00.368Z	spark1	LOAD	21.436	6.977
2026-09-27T20:33:00.502Z	spark2	LOAD	21.354	4.127
2026-09-27T20:33:00.618Z	spark1	LOAD	21.384	6.977
2026-09-27T20:33:00.752Z	spark2	LOAD	21.354	4.127
2026-09-27T20:33:00.885Z	spark1	LOAD	21.341	6.977
2026-09-27T20:33:01.003Z	spark2	LOAD	21.354	4.127
2026-09-27T20:33:01.135Z	spark1	LOAD	21.295	6.977
2026-09-27T20:33:01.268Z	spark2	LOAD	21.354	4.127
2026-09-27T20:33:01.386Z	spark1	LOAD	21.243	6.977
2026-09-27T20:33:01.519Z	spark2	LOAD	21.354	4.127
2026-09-27T20:33:01.636Z	spark1	LOAD	21.186	6.977
2026-09-27T20:33:01.770Z	spark2	LOAD	21.354	4.127
2026-09-27T20:33:01.902Z	spark1	LOAD	21.037	6.977
2026-09-27T20:33:02.020Z	spark2	LOAD	21.354	4.127
2026-09-27T20:33:02.153Z	spark1	LOAD	21.536	6.977
2026-09-27T20:33:02.285Z	spark2	LOAD	21.354	4.127
2026-09-27T20:33:02.403Z	spark1	LOAD	21.536	6.977
2026-09-27T20:33:02.537Z	spark2	LOAD	21.354	4.127
2026-09-27T20:33:02.653Z	spark1	LOAD	21.456	6.977
2026-09-27T20:33:02.787Z	spark2	LOAD	21.354	4.127
2026-09-27T20:33:02.920Z	spark1	LOAD	21.390	6.977
2026-09-27T20:33:03.037Z	spark2	LOAD	21.354	4.127
2026-09-27T20:33:03.170Z	spark1	LOAD	21.270	6.977
2026-09-27T20:33:03.303Z	spark2	LOAD	21.354	4.127
2026-09-27T20:33:03.421Z	spark1	LOAD	21.226	6.977
2026-09-27T20:33:03.554Z	spark2	LOAD	21.354	4.127
2026-09-27T20:33:03.671Z	spark1	LOAD	21.173	6.977
2026-09-27T20:33:03.804Z	spark2	LOAD	21.354	4.127
2026-09-27T20:33:03.938Z	spark1	LOAD	21.123	6.977
2026-09-27T20:33:04.055Z	spark2	LOAD	21.354	4.127
2026-09-27T20:33:04.188Z	spark1	LOAD	21.084	6.977
2026-09-27T20:33:04.320Z	spark2	LOAD	21.354	4.127
2026-09-27T20:33:04.439Z	spark1	LOAD	21.007	6.977
2026-09-27T20:33:04.571Z	spark2	LOAD	21.354	4.126
2026-09-27T20:33:04.689Z	spark1	LOAD	21.111	6.977
2026-09-27T20:33:04.821Z	spark2	LOAD	21.354	4.126
2026-09-27T20:33:04.951Z	spark1	LOAD	21.028	6.977
2026-09-27T20:33:05.072Z	spark2	LOAD	21.354	4.126
2026-09-27T20:33:05.202Z	spark1	LOAD	21.009	6.977
2026-09-27T20:33:05.338Z	spark2	LOAD	21.354	4.126
2026-09-27T20:33:05.452Z	spark1	LOAD	20.962	6.977
2026-09-27T20:33:05.588Z	spark2	LOAD	21.354	4.126
2026-09-27T20:33:05.702Z	spark1	LOAD	20.929	6.977
2026-09-27T20:33:05.838Z	spark2	LOAD	21.354	4.126
2026-09-27T20:33:05.965Z	spark1	LOAD	20.849	6.977
2026-09-27T20:33:06.089Z	spark2	LOAD	21.354	4.126
2026-09-27T20:33:06.215Z	spark1	LOAD	20.810	6.977
2026-09-27T20:33:06.354Z	spark2	LOAD	21.354	4.125
2026-09-27T20:33:06.465Z	spark1	LOAD	20.801	6.977
2026-09-27T20:33:06.605Z	spark2	LOAD	21.354	4.125
2026-09-27T20:33:06.716Z	spark1	LOAD	20.746	6.976
2026-09-27T20:33:06.855Z	spark2	LOAD	21.352	4.124
2026-09-27T20:33:06.978Z	spark1	LOAD	20.703	6.976
2026-09-27T20:33:07.105Z	spark2	LOAD	21.333	4.123
2026-09-27T20:33:07.228Z	spark1	LOAD	20.660	6.978
2026-09-27T20:33:07.366Z	spark2	LOAD	21.340	4.122
2026-09-27T20:33:07.478Z	spark1	LOAD	20.595	6.977
2026-09-27T20:33:07.617Z	spark2	LOAD	21.340	4.122
2026-09-27T20:33:07.728Z	spark1	LOAD	20.558	6.977
2026-09-27T20:33:07.868Z	spark2	LOAD	21.340	4.122
2026-09-27T20:33:07.991Z	spark1	LOAD	20.522	6.980
2026-09-27T20:33:08.118Z	spark2	LOAD	21.340	4.122
2026-09-27T20:33:08.241Z	spark1	LOAD	20.482	6.980
2026-09-27T20:33:08.378Z	spark2	LOAD	21.339	4.122
2026-09-27T20:33:08.491Z	spark1	LOAD	20.426	6.980
2026-09-27T20:33:08.629Z	spark2	LOAD	21.339	4.122
2026-09-27T20:33:08.742Z	spark1	LOAD	20.380	6.980
2026-09-27T20:33:08.880Z	spark2	LOAD	21.339	4.122
2026-09-27T20:33:09.009Z	spark1	LOAD	20.377	6.980
2026-09-27T20:33:09.131Z	spark2	LOAD	21.339	4.122
2026-09-27T20:33:09.259Z	spark1	LOAD	20.337	6.980
2026-09-27T20:33:09.395Z	spark2	LOAD	21.339	4.122
2026-09-27T20:33:09.509Z	spark1	LOAD	20.298	6.980
2026-09-27T20:33:09.646Z	spark2	LOAD	21.339	4.122
2026-09-27T20:33:09.760Z	spark1	LOAD	20.256	6.980
2026-09-27T20:33:09.897Z	spark2	LOAD	21.340	4.122
2026-09-27T20:33:10.029Z	spark1	LOAD	20.195	6.980
2026-09-27T20:33:10.148Z	spark2	LOAD	21.340	4.122
2026-09-27T20:33:10.279Z	spark1	LOAD	20.154	6.980
2026-09-27T20:33:10.412Z	spark2	LOAD	21.340	4.122
2026-09-27T20:33:10.529Z	spark1	LOAD	20.078	6.980
2026-09-27T20:33:10.662Z	spark2	LOAD	21.346	4.122
2026-09-27T20:33:10.779Z	spark1	LOAD	20.051	6.980
2026-09-27T20:33:10.913Z	spark2	LOAD	21.347	4.122
2026-09-27T20:33:11.046Z	spark1	LOAD	20.029	6.980
2026-09-27T20:33:11.164Z	spark2	LOAD	21.347	4.122
2026-09-27T20:33:11.297Z	spark1	LOAD	19.979	6.980
2026-09-27T20:33:11.428Z	spark2	LOAD	21.347	4.122
2026-09-27T20:33:11.547Z	spark1	LOAD	19.943	6.980
2026-09-27T20:33:11.679Z	spark2	LOAD	21.347	4.122
2026-09-27T20:33:11.797Z	spark1	LOAD	19.899	6.980
2026-09-27T20:33:11.929Z	spark2	LOAD	21.348	4.122
2026-09-27T20:33:12.063Z	spark1	LOAD	19.853	6.980
2026-09-27T20:33:12.180Z	spark2	LOAD	21.348	4.122
2026-09-27T20:33:12.313Z	spark1	LOAD	19.833	6.980
2026-09-27T20:33:12.441Z	spark2	LOAD	21.347	4.122
2026-09-27T20:33:12.563Z	spark1	LOAD	19.782	6.980
2026-09-27T20:33:12.692Z	spark2	LOAD	21.347	4.122
2026-09-27T20:33:12.814Z	spark1	LOAD	19.745	6.980
2026-09-27T20:33:12.942Z	spark2	LOAD	21.347	4.122
2026-09-27T20:33:13.081Z	spark1	LOAD	19.739	6.980
2026-09-27T20:33:13.194Z	spark2	LOAD	21.347	4.122
2026-09-27T20:33:13.331Z	spark1	LOAD	19.700	6.980
2026-09-27T20:33:13.454Z	spark2	LOAD	21.348	4.122
2026-09-27T20:33:13.581Z	spark1	LOAD	19.590	6.980
2026-09-27T20:33:13.704Z	spark2	LOAD	21.348	4.122
2026-09-27T20:33:13.832Z	spark1	LOAD	19.546	6.980
2026-09-27T20:33:13.956Z	spark2	LOAD	21.348	4.122
2026-09-27T20:33:14.099Z	spark1	LOAD	19.498	6.980
2026-09-27T20:33:14.206Z	spark2	LOAD	21.348	4.122
2026-09-27T20:33:14.349Z	spark1	LOAD	19.440	6.980
2026-09-27T20:33:14.467Z	spark2	LOAD	21.348	4.122
2026-09-27T20:33:14.599Z	spark1	LOAD	19.397	6.980
2026-09-27T20:33:14.718Z	spark2	LOAD	21.348	4.122
2026-09-27T20:33:14.850Z	spark1	LOAD	19.335	6.980
2026-09-27T20:33:14.969Z	spark2	LOAD	21.348	4.122
2026-09-27T20:33:15.116Z	spark1	LOAD	19.294	6.980
2026-09-27T20:33:15.220Z	spark2	LOAD	21.348	4.122
2026-09-27T20:33:15.367Z	spark1	LOAD	19.240	6.980
2026-09-27T20:33:15.484Z	spark2	LOAD	21.348	4.122
2026-09-27T20:33:15.617Z	spark1	LOAD	19.176	6.980
2026-09-27T20:33:15.734Z	spark2	LOAD	21.348	4.122
2026-09-27T20:33:15.867Z	spark1	LOAD	19.123	6.980
2026-09-27T20:33:15.986Z	spark2	LOAD	21.348	4.122
2026-09-27T20:33:16.130Z	spark1	LOAD	19.102	6.980
2026-09-27T20:33:16.236Z	spark2	LOAD	21.348	4.122
2026-09-27T20:33:16.381Z	spark1	LOAD	19.541	6.979
2026-09-27T20:33:16.498Z	spark2	LOAD	21.348	4.122
2026-09-27T20:33:16.631Z	spark1	LOAD	21.531	6.979
2026-09-27T20:33:16.748Z	spark2	LOAD	21.348	4.122
2026-09-27T20:33:16.881Z	spark1	LOAD	22.343	6.979
2026-09-27T20:33:16.999Z	spark2	LOAD	21.348	4.122
2026-09-27T20:33:17.148Z	spark1	LOAD	22.298	6.979
2026-09-27T20:33:17.250Z	spark2	LOAD	21.348	4.122
2026-09-27T20:33:17.399Z	spark1	LOAD	22.225	6.979
2026-09-27T20:33:17.515Z	spark2	LOAD	21.348	4.122
2026-09-27T20:33:17.649Z	spark1	LOAD	22.175	6.978
2026-09-27T20:33:17.766Z	spark2	LOAD	21.348	4.122
2026-09-27T20:33:17.899Z	spark1	LOAD	22.155	6.978
2026-09-27T20:33:18.016Z	spark2	LOAD	21.351	4.121
2026-09-27T20:33:18.166Z	spark1	LOAD	22.116	6.978
2026-09-27T20:33:18.266Z	spark2	LOAD	21.340	4.121
2026-09-27T20:33:18.416Z	spark1	LOAD	22.051	6.978
2026-09-27T20:33:18.533Z	spark2	LOAD	21.342	4.120
2026-09-27T20:33:18.667Z	spark1	LOAD	22.018	6.978
2026-09-27T20:33:18.782Z	spark2	LOAD	21.342	4.120
2026-09-27T20:33:18.917Z	spark1	LOAD	21.959	6.978
2026-09-27T20:33:19.034Z	spark2	LOAD	21.342	4.120
2026-09-27T20:33:19.184Z	spark1	LOAD	21.923	6.978
2026-09-27T20:33:19.286Z	spark2	LOAD	21.342	4.120
2026-09-27T20:33:19.434Z	spark1	LOAD	21.888	6.978
2026-09-27T20:33:19.551Z	spark2	LOAD	21.342	4.120
2026-09-27T20:33:19.685Z	spark1	LOAD	21.848	6.978
2026-09-27T20:33:19.802Z	spark2	LOAD	21.342	4.120
2026-09-27T20:33:19.936Z	spark1	LOAD	21.904	6.978
2026-09-27T20:33:20.053Z	spark2	LOAD	21.342	4.120
2026-09-27T20:33:20.198Z	spark1	LOAD	21.868	6.978
2026-09-27T20:33:20.304Z	spark2	LOAD	21.342	4.120
2026-09-27T20:33:20.448Z	spark1	LOAD	21.810	6.978
2026-09-27T20:33:20.566Z	spark2	LOAD	21.342	4.120
2026-09-27T20:33:20.699Z	spark1	LOAD	21.758	6.978
2026-09-27T20:33:20.816Z	spark2	LOAD	21.342	4.120
2026-09-27T20:33:20.949Z	spark1	LOAD	21.711	6.978
2026-09-27T20:33:21.067Z	spark2	LOAD	21.342	4.120
2026-09-27T20:33:21.215Z	spark1	LOAD	21.662	6.978
2026-09-27T20:33:21.318Z	spark2	LOAD	21.342	4.120
2026-09-27T20:33:21.466Z	spark1	LOAD	21.620	6.978
2026-09-27T20:33:21.580Z	spark2	LOAD	21.342	4.120
2026-09-27T20:33:21.716Z	spark1	LOAD	21.610	6.978
2026-09-27T20:33:21.830Z	spark2	LOAD	21.342	4.120
2026-09-27T20:33:21.966Z	spark1	LOAD	21.550	6.978
2026-09-27T20:33:22.080Z	spark2	LOAD	21.342	4.120
2026-09-27T20:33:22.233Z	spark1	LOAD	21.508	6.978
2026-09-27T20:33:22.332Z	spark2	LOAD	21.342	4.120
2026-09-27T20:33:22.483Z	spark1	LOAD	21.470	6.978
2026-09-27T20:33:22.596Z	spark2	LOAD	21.342	4.120
2026-09-27T20:33:22.734Z	spark1	LOAD	21.423	6.978
2026-09-27T20:33:22.848Z	spark2	LOAD	21.342	4.120
2026-09-27T20:33:22.984Z	spark1	LOAD	21.352	6.978
2026-09-27T20:33:23.098Z	spark2	LOAD	21.341	4.120
2026-09-27T20:33:23.250Z	spark1	LOAD	21.310	6.978
2026-09-27T20:33:23.349Z	spark2	LOAD	21.341	4.120
2026-09-27T20:33:23.501Z	spark1	LOAD	21.282	6.978
2026-09-27T20:33:23.610Z	spark2	LOAD	21.341	4.120
2026-09-27T20:33:23.751Z	spark1	LOAD	21.245	6.978
2026-09-27T20:33:23.861Z	spark2	LOAD	21.341	4.120
2026-09-27T20:33:24.001Z	spark1	LOAD	21.210	6.978
2026-09-27T20:33:24.112Z	spark2	LOAD	21.341	4.120
2026-09-27T20:33:24.268Z	spark1	LOAD	21.170	6.978
2026-09-27T20:33:24.363Z	spark2	LOAD	21.341	4.120
2026-09-27T20:33:24.519Z	spark1	LOAD	21.112	6.978
2026-09-27T20:33:24.624Z	spark2	LOAD	21.340	4.120
2026-09-27T20:33:24.769Z	spark1	LOAD	21.066	6.978
2026-09-27T20:33:24.875Z	spark2	LOAD	21.340	4.120
2026-09-27T20:33:25.019Z	spark1	LOAD	21.009	6.978
2026-09-27T20:33:25.125Z	spark2	LOAD	21.341	4.120
2026-09-27T20:33:25.286Z	spark1	LOAD	20.981	6.978
2026-09-27T20:33:25.377Z	spark2	LOAD	21.341	4.120
2026-09-27T20:33:25.536Z	spark1	LOAD	20.949	6.978
2026-09-27T20:33:25.642Z	spark2	LOAD	21.341	4.120
2026-09-27T20:33:25.787Z	spark1	LOAD	20.907	6.978
2026-09-27T20:33:25.893Z	spark2	LOAD	21.342	4.120
2026-09-27T20:33:26.038Z	spark1	LOAD	20.870	6.978
2026-09-27T20:33:26.144Z	spark2	LOAD	21.342	4.120
2026-09-27T20:33:26.306Z	spark1	LOAD	20.829	6.978
2026-09-27T20:33:26.395Z	spark2	LOAD	21.342	4.120
2026-09-27T20:33:26.556Z	spark1	LOAD	20.788	6.977
2026-09-27T20:33:26.659Z	spark2	LOAD	21.342	4.120
2026-09-27T20:33:26.807Z	spark1	LOAD	20.750	6.977
2026-09-27T20:33:26.911Z	spark2	LOAD	21.343	4.120
2026-09-27T20:33:27.057Z	spark1	LOAD	20.686	6.977
2026-09-27T20:33:27.161Z	spark2	LOAD	21.343	4.120
2026-09-27T20:33:27.319Z	spark1	LOAD	20.644	6.977
2026-09-27T20:33:27.411Z	spark2	LOAD	21.343	4.120
2026-09-27T20:33:27.569Z	spark1	LOAD	20.608	6.977
2026-09-27T20:33:27.673Z	spark2	LOAD	21.343	4.120
2026-09-27T20:33:27.820Z	spark1	LOAD	20.567	6.977
2026-09-27T20:33:27.924Z	spark2	LOAD	21.343	4.120
2026-09-27T20:33:28.070Z	spark1	LOAD	20.522	6.977
2026-09-27T20:33:28.175Z	spark2	LOAD	21.343	4.120
2026-09-27T20:33:28.332Z	spark1	LOAD	20.459	6.977
2026-09-27T20:33:28.426Z	spark2	LOAD	21.343	4.120
2026-09-27T20:33:28.582Z	spark1	LOAD	20.372	6.977
2026-09-27T20:33:28.687Z	spark2	LOAD	21.343	4.120
2026-09-27T20:33:28.833Z	spark1	LOAD	20.391	6.977
2026-09-27T20:33:28.937Z	spark2	LOAD	21.342	4.119
2026-09-27T20:33:29.083Z	spark1	LOAD	20.346	6.977
2026-09-27T20:33:29.188Z	spark2	LOAD	21.342	4.119
2026-09-27T20:33:29.345Z	spark1	LOAD	20.300	6.977
2026-09-27T20:33:29.438Z	spark2	LOAD	21.345	4.118
2026-09-27T20:33:29.595Z	spark1	LOAD	20.252	6.977
2026-09-27T20:33:29.703Z	spark2	LOAD	21.345	4.118
2026-09-27T20:33:29.845Z	spark1	LOAD	20.256	6.977
2026-09-27T20:33:29.954Z	spark2	LOAD	21.345	4.118
2026-09-27T20:33:30.096Z	spark1	LOAD	20.210	6.977
2026-09-27T20:33:30.205Z	spark2	LOAD	21.345	4.118
2026-09-27T20:33:30.357Z	spark1	LOAD	20.141	6.977
2026-09-27T20:33:30.456Z	spark2	LOAD	21.345	4.118
2026-09-27T20:33:30.607Z	spark1	LOAD	20.137	6.977
2026-09-27T20:33:30.717Z	spark2	LOAD	21.345	4.118
2026-09-27T20:33:30.858Z	spark1	LOAD	20.077	6.977
2026-09-27T20:33:30.969Z	spark2	LOAD	21.345	4.118
2026-09-27T20:33:31.108Z	spark1	LOAD	20.012	6.977
2026-09-27T20:33:31.219Z	spark2	LOAD	21.345	4.118
2026-09-27T20:33:31.375Z	spark1	LOAD	19.979	6.977
2026-09-27T20:33:31.470Z	spark2	LOAD	21.345	4.118
2026-09-27T20:33:31.626Z	spark1	LOAD	19.946	6.977
2026-09-27T20:33:31.734Z	spark2	LOAD	21.345	4.118
2026-09-27T20:33:31.876Z	spark1	LOAD	19.902	6.977
2026-09-27T20:33:31.986Z	spark2	LOAD	21.345	4.118
2026-09-27T20:33:32.126Z	spark1	LOAD	19.864	6.977
2026-09-27T20:33:32.236Z	spark2	LOAD	21.345	4.118
2026-09-27T20:33:32.388Z	spark1	LOAD	19.812	6.977
2026-09-27T20:33:32.485Z	spark2	LOAD	21.345	4.118
2026-09-27T20:33:32.638Z	spark1	LOAD	19.782	6.977
2026-09-27T20:33:32.751Z	spark2	LOAD	21.345	4.118
2026-09-27T20:33:32.889Z	spark1	LOAD	19.751	6.977
2026-09-27T20:33:33.001Z	spark2	LOAD	21.345	4.118
2026-09-27T20:33:33.139Z	spark1	LOAD	19.716	6.977
2026-09-27T20:33:33.252Z	spark2	LOAD	21.345	4.118
2026-09-27T20:33:33.401Z	spark1	LOAD	19.647	6.977
2026-09-27T20:33:33.502Z	spark2	LOAD	21.345	4.118
2026-09-27T20:33:33.651Z	spark1	LOAD	19.600	6.977
2026-09-27T20:33:33.767Z	spark2	LOAD	21.345	4.118
2026-09-27T20:33:33.902Z	spark1	LOAD	19.553	6.977
2026-09-27T20:33:34.018Z	spark2	LOAD	21.345	4.118
2026-09-27T20:33:34.152Z	spark1	LOAD	19.559	6.977
2026-09-27T20:33:34.269Z	spark2	LOAD	21.345	4.118
2026-09-27T20:33:34.419Z	spark1	LOAD	19.510	6.977
2026-09-27T20:33:34.521Z	spark2	LOAD	21.345	4.118
2026-09-27T20:33:34.669Z	spark1	LOAD	19.472	6.977
2026-09-27T20:33:34.782Z	spark2	LOAD	21.345	4.118
2026-09-27T20:33:34.919Z	spark1	LOAD	19.421	6.977
2026-09-27T20:33:35.032Z	spark2	LOAD	21.345	4.118
2026-09-27T20:33:35.170Z	spark1	LOAD	19.384	6.977
2026-09-27T20:33:35.283Z	spark2	LOAD	21.345	4.118
2026-09-27T20:33:35.436Z	spark1	LOAD	19.356	6.977
2026-09-27T20:33:35.535Z	spark2	LOAD	21.345	4.118
2026-09-27T20:33:35.686Z	spark1	LOAD	19.309	6.977
2026-09-27T20:33:35.800Z	spark2	LOAD	21.345	4.118
2026-09-27T20:33:35.936Z	spark1	LOAD	19.265	6.977
2026-09-27T20:33:36.051Z	spark2	LOAD	21.345	4.118
2026-09-27T20:33:36.187Z	spark1	LOAD	19.220	6.977
2026-09-27T20:33:36.301Z	spark2	LOAD	21.345	4.118
2026-09-27T20:33:36.448Z	spark1	LOAD	19.165	6.978
2026-09-27T20:33:36.552Z	spark2	LOAD	21.345	4.118
2026-09-27T20:33:36.699Z	spark1	LOAD	20.028	6.978
2026-09-27T20:33:36.813Z	spark2	LOAD	21.344	4.118
2026-09-27T20:33:36.949Z	spark1	LOAD	22.340	6.978
2026-09-27T20:33:37.064Z	spark2	LOAD	21.344	4.118
2026-09-27T20:33:37.199Z	spark1	LOAD	22.325	6.978
2026-09-27T20:33:37.315Z	spark2	LOAD	21.344	4.118
2026-09-27T20:33:37.466Z	spark1	LOAD	22.277	6.977
2026-09-27T20:33:37.566Z	spark2	LOAD	21.344	4.118
2026-09-27T20:33:37.716Z	spark1	LOAD	22.243	6.977
2026-09-27T20:33:37.831Z	spark2	LOAD	21.344	4.118
2026-09-27T20:33:37.967Z	spark1	LOAD	22.202	6.977
2026-09-27T20:33:38.081Z	spark2	LOAD	21.344	4.117
2026-09-27T20:33:38.217Z	spark1	LOAD	22.154	6.977
2026-09-27T20:33:38.332Z	spark2	LOAD	21.344	4.117
2026-09-27T20:33:38.482Z	spark1	LOAD	22.120	6.977
2026-09-27T20:33:38.583Z	spark2	LOAD	21.344	4.117
2026-09-27T20:33:38.732Z	spark1	LOAD	22.086	6.977
2026-09-27T20:33:38.844Z	spark2	LOAD	21.343	4.117
2026-09-27T20:33:38.982Z	spark1	LOAD	22.032	6.977
2026-09-27T20:33:39.095Z	spark2	LOAD	21.343	4.117
2026-09-27T20:33:39.233Z	spark1	LOAD	21.977	6.977
2026-09-27T20:33:39.346Z	spark2	LOAD	21.343	4.117
2026-09-27T20:33:39.501Z	spark1	LOAD	21.871	6.977
2026-09-27T20:33:39.596Z	spark2	LOAD	21.343	4.117
2026-09-27T20:33:39.751Z	spark1	LOAD	21.817	6.977
2026-09-27T20:33:39.856Z	spark2	LOAD	21.338	4.117
2026-09-27T20:33:40.001Z	spark1	LOAD	21.790	6.977
2026-09-27T20:33:40.106Z	spark2	LOAD	21.305	4.117
2026-09-27T20:33:40.252Z	spark1	LOAD	21.744	6.977
2026-09-27T20:33:40.357Z	spark2	LOAD	21.319	4.115
2026-09-27T20:33:40.513Z	spark1	LOAD	21.681	6.977
2026-09-27T20:33:40.608Z	spark2	LOAD	21.319	4.115
2026-09-27T20:33:40.763Z	spark1	LOAD	21.646	6.977
2026-09-27T20:33:40.874Z	spark2	LOAD	21.319	4.115
2026-09-27T20:33:41.014Z	spark1	LOAD	21.606	6.977
2026-09-27T20:33:41.124Z	spark2	LOAD	21.319	4.115
2026-09-27T20:33:41.264Z	spark1	LOAD	21.566	6.977
2026-09-27T20:33:41.375Z	spark2	LOAD	21.319	4.115
2026-09-27T20:33:41.531Z	spark1	LOAD	21.516	6.977
2026-09-27T20:33:41.625Z	spark2	LOAD	21.319	4.115
2026-09-27T20:33:41.781Z	spark1	LOAD	21.479	6.977
2026-09-27T20:33:41.891Z	spark2	LOAD	21.319	4.115
2026-09-27T20:33:42.031Z	spark1	LOAD	21.511	6.977
2026-09-27T20:33:42.142Z	spark2	LOAD	21.320	4.115
2026-09-27T20:33:42.282Z	spark1	LOAD	21.470	6.977
2026-09-27T20:33:42.392Z	spark2	LOAD	21.320	4.115
2026-09-27T20:33:42.550Z	spark1	LOAD	21.425	6.977
2026-09-27T20:33:42.643Z	spark2	LOAD	21.320	4.115
2026-09-27T20:33:42.800Z	spark1	LOAD	21.377	6.977
2026-09-27T20:33:42.907Z	spark2	LOAD	21.322	4.115
2026-09-27T20:33:43.050Z	spark1	LOAD	21.336	6.977
2026-09-27T20:33:43.158Z	spark2	LOAD	21.322	4.115
2026-09-27T20:33:43.301Z	spark1	LOAD	21.298	6.977
2026-09-27T20:33:43.409Z	spark2	LOAD	21.322	4.115
2026-09-27T20:33:43.563Z	spark1	LOAD	21.227	6.977
2026-09-27T20:33:43.660Z	spark2	LOAD	21.322	4.115
2026-09-27T20:33:43.814Z	spark1	LOAD	21.189	6.977
2026-09-27T20:33:43.919Z	spark2	LOAD	21.323	4.115
2026-09-27T20:33:44.064Z	spark1	LOAD	21.151	6.977
2026-09-27T20:33:44.170Z	spark2	LOAD	21.323	4.115
2026-09-27T20:33:44.314Z	spark1	LOAD	21.112	6.977
2026-09-27T20:33:44.421Z	spark2	LOAD	21.323	4.115
2026-09-27T20:33:44.581Z	spark1	LOAD	21.165	6.977
2026-09-27T20:33:44.672Z	spark2	LOAD	21.323	4.115
2026-09-27T20:33:44.832Z	spark1	LOAD	21.109	6.977
2026-09-27T20:33:44.937Z	spark2	LOAD	21.325	4.115
2026-09-27T20:33:45.082Z	spark1	LOAD	21.073	6.980
2026-09-27T20:33:45.189Z	spark2	LOAD	21.325	4.115
2026-09-27T20:33:45.332Z	spark1	LOAD	21.032	6.980
2026-09-27T20:33:45.439Z	spark2	LOAD	21.325	4.115
2026-09-27T20:33:45.601Z	spark1	LOAD	20.974	6.980
2026-09-27T20:33:45.690Z	spark2	LOAD	21.325	4.115
2026-09-27T20:33:45.852Z	spark1	LOAD	20.927	6.988
2026-09-27T20:33:45.955Z	spark2	LOAD	21.326	4.115
2026-09-27T20:33:46.102Z	spark1	LOAD	20.888	6.997
2026-09-27T20:33:46.205Z	spark2	LOAD	21.326	4.115
2026-09-27T20:33:46.353Z	spark1	LOAD	20.845	6.997
2026-09-27T20:33:46.455Z	spark2	LOAD	21.326	4.115
2026-09-27T20:33:46.620Z	spark1	LOAD	20.801	6.997
2026-09-27T20:33:46.706Z	spark2	LOAD	21.326	4.115
2026-09-27T20:33:46.870Z	spark1	LOAD	20.749	6.997
2026-09-27T20:33:46.971Z	spark2	LOAD	21.326	4.115
2026-09-27T20:33:47.121Z	spark1	LOAD	20.697	6.997
2026-09-27T20:33:47.222Z	spark2	LOAD	21.326	4.115
2026-09-27T20:33:47.371Z	spark1	LOAD	20.654	6.997
2026-09-27T20:33:47.472Z	spark2	LOAD	21.326	4.115
2026-09-27T20:33:47.638Z	spark1	LOAD	20.587	6.996
2026-09-27T20:33:47.723Z	spark2	LOAD	21.326	4.115
2026-09-27T20:33:47.888Z	spark1	LOAD	20.554	6.996
2026-09-27T20:33:47.988Z	spark2	LOAD	21.326	4.115
2026-09-27T20:33:48.138Z	spark1	LOAD	20.513	6.996
2026-09-27T20:33:48.239Z	spark2	LOAD	21.326	4.115
2026-09-27T20:33:48.388Z	spark1	LOAD	20.471	6.996
2026-09-27T20:33:48.490Z	spark2	LOAD	21.326	4.115
2026-09-27T20:33:48.651Z	spark1	LOAD	20.430	6.996
2026-09-27T20:33:48.740Z	spark2	LOAD	21.326	4.115
2026-09-27T20:33:48.901Z	spark1	LOAD	20.394	6.996
2026-09-27T20:33:49.005Z	spark2	LOAD	21.326	4.115
2026-09-27T20:33:49.152Z	spark1	LOAD	20.355	6.996
2026-09-27T20:33:49.256Z	spark2	LOAD	21.326	4.115
2026-09-27T20:33:49.402Z	spark1	LOAD	20.315	6.996
2026-09-27T20:33:49.506Z	spark2	LOAD	21.326	4.115
2026-09-27T20:33:49.668Z	spark1	LOAD	20.240	6.996
2026-09-27T20:33:49.757Z	spark2	LOAD	21.326	4.115
2026-09-27T20:33:49.919Z	spark1	LOAD	20.220	6.996
2026-09-27T20:33:50.022Z	spark2	LOAD	21.326	4.115
2026-09-27T20:33:50.169Z	spark1	LOAD	20.162	6.996
2026-09-27T20:33:50.273Z	spark2	LOAD	21.326	4.115
2026-09-27T20:33:50.419Z	spark1	LOAD	20.122	6.998
2026-09-27T20:33:50.522Z	spark2	LOAD	21.326	4.115
2026-09-27T20:33:50.686Z	spark1	LOAD	20.062	6.998
2026-09-27T20:33:50.773Z	spark2	LOAD	21.324	4.114
2026-09-27T20:33:50.936Z	spark1	LOAD	20.077	6.998
2026-09-27T20:33:51.037Z	spark2	LOAD	21.316	4.114
2026-09-27T20:33:51.186Z	spark1	LOAD	19.996	6.998
2026-09-27T20:33:51.289Z	spark2	LOAD	21.327	4.113
2026-09-27T20:33:51.437Z	spark1	LOAD	19.958	6.998
2026-09-27T20:33:51.540Z	spark2	LOAD	21.327	4.113
2026-09-27T20:33:51.704Z	spark1	LOAD	19.895	6.998
2026-09-27T20:33:51.790Z	spark2	LOAD	21.327	4.113
2026-09-27T20:33:51.954Z	spark1	LOAD	19.872	6.998
2026-09-27T20:33:52.051Z	spark2	LOAD	21.326	4.113
2026-09-27T20:33:52.204Z	spark1	LOAD	19.878	6.999
2026-09-27T20:33:52.303Z	spark2	LOAD	21.326	4.113
2026-09-27T20:33:52.455Z	spark1	LOAD	19.837	6.999
2026-09-27T20:33:52.553Z	spark2	LOAD	21.326	4.113
2026-09-27T20:33:52.717Z	spark1	LOAD	19.792	6.998
2026-09-27T20:33:52.803Z	spark2	LOAD	21.326	4.113
2026-09-27T20:33:52.968Z	spark1	LOAD	19.744	6.998
2026-09-27T20:33:53.068Z	spark2	LOAD	21.326	4.113
2026-09-27T20:33:53.218Z	spark1	LOAD	19.703	6.999
2026-09-27T20:33:53.318Z	spark2	LOAD	21.326	4.113
2026-09-27T20:33:53.468Z	spark1	LOAD	19.662	6.999
2026-09-27T20:33:53.569Z	spark2	LOAD	21.326	4.113
2026-09-27T20:33:53.734Z	spark1	LOAD	19.614	6.999
2026-09-27T20:33:53.820Z	spark2	LOAD	21.326	4.113
2026-09-27T20:33:53.985Z	spark1	LOAD	19.551	6.999
2026-09-27T20:33:54.085Z	spark2	LOAD	21.326	4.113
2026-09-27T20:33:54.235Z	spark1	LOAD	19.542	6.999
2026-09-27T20:33:54.335Z	spark2	LOAD	21.326	4.113
2026-09-27T20:33:54.486Z	spark1	LOAD	19.457	6.999
2026-09-27T20:33:54.586Z	spark2	LOAD	21.326	4.113
2026-09-27T20:33:54.754Z	spark1	LOAD	19.412	6.999
2026-09-27T20:33:54.836Z	spark2	LOAD	21.326	4.113
2026-09-27T20:33:55.005Z	spark1	LOAD	19.376	6.999
2026-09-27T20:33:55.101Z	spark2	LOAD	21.328	4.113
2026-09-27T20:33:55.255Z	spark1	LOAD	19.346	6.999
2026-09-27T20:33:55.352Z	spark2	LOAD	21.328	4.113
2026-09-27T20:33:55.505Z	spark1	LOAD	19.257	6.999
2026-09-27T20:33:55.603Z	spark2	LOAD	21.328	4.113
2026-09-27T20:33:55.772Z	spark1	LOAD	19.203	6.999
2026-09-27T20:33:55.853Z	spark2	LOAD	21.328	4.113
2026-09-27T20:33:56.022Z	spark1	LOAD	21.126	6.999
2026-09-27T20:33:56.119Z	spark2	LOAD	21.329	4.113
2026-09-27T20:33:56.273Z	spark1	LOAD	22.382	6.999
2026-09-27T20:33:56.368Z	spark2	LOAD	21.329	4.113
2026-09-27T20:33:56.523Z	spark1	LOAD	22.348	6.999
2026-09-27T20:33:56.620Z	spark2	LOAD	21.329	4.113
2026-09-27T20:33:56.791Z	spark1	LOAD	22.310	6.999
2026-09-27T20:33:56.870Z	spark2	LOAD	21.330	4.113
2026-09-27T20:33:57.041Z	spark1	LOAD	22.259	6.999
2026-09-27T20:33:57.135Z	spark2	LOAD	21.330	4.113
2026-09-27T20:33:57.291Z	spark1	LOAD	22.223	6.999
2026-09-27T20:33:57.385Z	spark2	LOAD	21.330	4.113
2026-09-27T20:33:57.542Z	spark1	LOAD	22.173	6.999
2026-09-27T20:33:57.637Z	spark2	LOAD	21.330	4.113
2026-09-27T20:33:57.804Z	spark1	LOAD	22.138	6.999
2026-09-27T20:33:57.887Z	spark2	LOAD	21.330	4.113
2026-09-27T20:33:58.054Z	spark1	LOAD	22.073	6.998
2026-09-27T20:33:58.152Z	spark2	LOAD	21.330	4.113
2026-09-27T20:33:58.305Z	spark1	LOAD	22.036	6.998
2026-09-27T20:33:58.402Z	spark2	LOAD	21.330	4.113
2026-09-27T20:33:58.555Z	spark1	LOAD	21.992	6.998
2026-09-27T20:33:58.653Z	spark2	LOAD	21.330	4.113
2026-09-27T20:33:58.824Z	spark1	LOAD	21.956	6.998
2026-09-27T20:33:58.904Z	spark2	LOAD	21.330	4.113
2026-09-27T20:33:59.074Z	spark1	LOAD	21.922	6.998
2026-09-27T20:33:59.168Z	spark2	LOAD	21.330	4.113
2026-09-27T20:33:59.324Z	spark1	LOAD	21.889	6.998
2026-09-27T20:33:59.420Z	spark2	LOAD	21.330	4.113
2026-09-27T20:33:59.575Z	spark1	LOAD	21.849	6.998
2026-09-27T20:33:59.670Z	spark2	LOAD	21.330	4.113
2026-09-27T20:33:59.837Z	spark1	LOAD	21.819	6.998
2026-09-27T20:33:59.921Z	spark2	LOAD	21.330	4.113
2026-09-27T20:34:00.087Z	spark1	LOAD	21.762	6.998
2026-09-27T20:34:00.183Z	spark2	LOAD	21.330	4.113
2026-09-27T20:34:00.337Z	spark1	LOAD	21.723	6.998
2026-09-27T20:34:00.433Z	spark2	LOAD	21.330	4.113
2026-09-27T20:34:00.588Z	spark1	LOAD	21.686	6.998
2026-09-27T20:34:00.684Z	spark2	LOAD	21.330	4.113
2026-09-27T20:34:00.851Z	spark1	LOAD	21.654	6.998
2026-09-27T20:34:00.935Z	spark2	LOAD	21.330	4.113
2026-09-27T20:34:01.101Z	spark1	LOAD	21.638	6.998
2026-09-27T20:34:01.195Z	spark2	LOAD	21.330	4.113
2026-09-27T20:34:01.352Z	spark1	LOAD	21.547	6.997
2026-09-27T20:34:01.445Z	spark2	LOAD	21.330	4.113
2026-09-27T20:34:01.602Z	spark1	LOAD	21.499	6.997
2026-09-27T20:34:01.697Z	spark2	LOAD	21.330	4.112
2026-09-27T20:34:01.864Z	spark1	LOAD	21.485	6.997
2026-09-27T20:34:01.946Z	spark2	LOAD	21.307	4.112
2026-09-27T20:34:02.114Z	spark1	LOAD	21.392	6.997
2026-09-27T20:34:02.207Z	spark2	LOAD	21.316	4.111
2026-09-27T20:34:02.365Z	spark1	LOAD	21.412	6.997
2026-09-27T20:34:02.458Z	spark2	LOAD	21.316	4.111
2026-09-27T20:34:02.615Z	spark1	LOAD	21.372	6.997
2026-09-27T20:34:02.709Z	spark2	LOAD	21.316	4.111
2026-09-27T20:34:02.879Z	spark1	LOAD	21.346	6.997
2026-09-27T20:34:02.960Z	spark2	LOAD	21.316	4.111
2026-09-27T20:34:03.130Z	spark1	LOAD	21.310	6.997
2026-09-27T20:34:03.221Z	spark2	LOAD	21.316	4.111
2026-09-27T20:34:03.380Z	spark1	LOAD	21.267	6.997
2026-09-27T20:34:03.472Z	spark2	LOAD	21.316	4.111
2026-09-27T20:34:03.630Z	spark1	LOAD	21.217	6.997
2026-09-27T20:34:03.722Z	spark2	LOAD	21.314	4.111
2026-09-27T20:34:03.898Z	spark1	LOAD	21.150	6.997
2026-09-27T20:34:03.973Z	spark2	LOAD	21.314	4.111
2026-09-27T20:34:04.148Z	spark1	LOAD	21.074	6.996
2026-09-27T20:34:04.233Z	spark2	LOAD	21.314	4.111
2026-09-27T20:34:04.398Z	spark1	LOAD	21.037	6.996
2026-09-27T20:34:04.483Z	spark2	LOAD	21.314	4.111
2026-09-27T20:34:04.648Z	spark1	LOAD	21.002	6.996
2026-09-27T20:34:04.735Z	spark2	LOAD	21.314	4.111
2026-09-27T20:34:04.916Z	spark1	LOAD	20.965	6.996
2026-09-27T20:34:04.984Z	spark2	LOAD	21.316	4.111
2026-09-27T20:34:05.166Z	spark1	LOAD	20.935	6.996
2026-09-27T20:34:05.245Z	spark2	LOAD	21.315	4.111
2026-09-27T20:34:05.416Z	spark1	LOAD	20.827	6.996
2026-09-27T20:34:05.496Z	spark2	LOAD	21.315	4.111
2026-09-27T20:34:05.667Z	spark1	LOAD	20.793	6.996
2026-09-27T20:34:05.747Z	spark2	LOAD	21.315	4.111
2026-09-27T20:34:05.929Z	spark1	LOAD	20.741	6.996
2026-09-27T20:34:05.998Z	spark2	LOAD	21.317	4.111
2026-09-27T20:34:06.179Z	spark1	LOAD	20.684	6.996
2026-09-27T20:34:06.258Z	spark2	LOAD	21.317	4.111
2026-09-27T20:34:06.429Z	spark1	LOAD	20.659	6.996
2026-09-27T20:34:06.509Z	spark2	LOAD	21.317	4.111
2026-09-27T20:34:06.680Z	spark1	LOAD	20.632	6.996
2026-09-27T20:34:06.759Z	spark2	LOAD	21.317	4.111
2026-09-27T20:34:06.941Z	spark1	LOAD	20.602	6.996
2026-09-27T20:34:07.010Z	spark2	LOAD	21.318	4.111
2026-09-27T20:34:07.191Z	spark1	LOAD	20.567	6.996
2026-09-27T20:34:07.275Z	spark2	LOAD	21.318	4.111
2026-09-27T20:34:07.442Z	spark1	LOAD	20.532	6.996
2026-09-27T20:34:07.525Z	spark2	LOAD	21.318	4.111
2026-09-27T20:34:07.692Z	spark1	LOAD	20.495	6.996
2026-09-27T20:34:07.776Z	spark2	LOAD	21.318	4.111
2026-09-27T20:34:07.959Z	spark1	LOAD	20.457	6.996
2026-09-27T20:34:08.027Z	spark2	LOAD	21.319	4.111
2026-09-27T20:34:08.209Z	spark1	LOAD	20.398	6.996
2026-09-27T20:34:08.292Z	spark2	LOAD	21.319	4.111
2026-09-27T20:34:08.460Z	spark1	LOAD	20.358	6.996
2026-09-27T20:34:08.542Z	spark2	LOAD	21.319	4.111
2026-09-27T20:34:08.710Z	spark1	LOAD	20.319	6.996
2026-09-27T20:34:08.793Z	spark2	LOAD	21.319	4.111
2026-09-27T20:34:08.977Z	spark1	LOAD	20.288	6.996
2026-09-27T20:34:09.044Z	spark2	LOAD	21.320	4.111
2026-09-27T20:34:09.227Z	spark1	LOAD	20.252	6.996
2026-09-27T20:34:09.308Z	spark2	LOAD	21.320	4.111
2026-09-27T20:34:09.477Z	spark1	LOAD	20.261	6.996
2026-09-27T20:34:09.558Z	spark2	LOAD	21.320	4.111
2026-09-27T20:34:09.727Z	spark1	LOAD	20.216	6.996
2026-09-27T20:34:09.808Z	spark2	LOAD	21.320	4.111
2026-09-27T20:34:09.996Z	spark1	LOAD	20.174	6.996
2026-09-27T20:34:10.059Z	spark2	LOAD	21.320	4.111
2026-09-27T20:34:10.246Z	spark1	LOAD	20.098	6.995
2026-09-27T20:34:10.324Z	spark2	LOAD	21.320	4.111
2026-09-27T20:34:10.497Z	spark1	LOAD	20.051	6.995
2026-09-27T20:34:10.574Z	spark2	LOAD	21.320	4.111
2026-09-27T20:34:10.747Z	spark1	LOAD	20.057	6.995
2026-09-27T20:34:10.824Z	spark2	LOAD	21.320	4.111
2026-09-27T20:34:11.015Z	spark1	LOAD	20.008	6.995
2026-09-27T20:34:11.074Z	spark2	LOAD	21.320	4.111
2026-09-27T20:34:11.265Z	spark1	LOAD	19.968	6.995
2026-09-27T20:34:11.339Z	spark2	LOAD	21.320	4.111
2026-09-27T20:34:11.516Z	spark1	LOAD	19.925	6.995
2026-09-27T20:34:11.589Z	spark2	LOAD	21.320	4.111
2026-09-27T20:34:11.766Z	spark1	LOAD	19.887	6.995
2026-09-27T20:34:11.840Z	spark2	LOAD	21.320	4.111
2026-09-27T20:34:12.035Z	spark1	LOAD	19.834	6.996
2026-09-27T20:34:12.091Z	spark2	LOAD	21.320	4.111
2026-09-27T20:34:12.285Z	spark1	LOAD	19.732	6.995
2026-09-27T20:34:12.354Z	spark2	LOAD	21.320	4.111
2026-09-27T20:34:12.535Z	spark1	LOAD	19.686	6.995
2026-09-27T20:34:12.605Z	spark2	LOAD	21.317	4.111
2026-09-27T20:34:12.786Z	spark1	LOAD	19.633	6.995
2026-09-27T20:34:12.855Z	spark2	LOAD	21.308	4.111
2026-09-27T20:34:13.048Z	spark1	LOAD	19.566	6.995
2026-09-27T20:34:13.106Z	spark2	LOAD	21.318	4.110
2026-09-27T20:34:13.299Z	spark1	LOAD	19.515	6.995
2026-09-27T20:34:13.371Z	spark2	LOAD	21.318	4.110
2026-09-27T20:34:13.549Z	spark1	LOAD	19.479	6.995
2026-09-27T20:34:13.622Z	spark2	LOAD	21.318	4.110
2026-09-27T20:34:13.799Z	spark1	LOAD	19.432	6.995
2026-09-27T20:34:13.873Z	spark2	LOAD	21.318	4.110
2026-09-27T20:34:14.062Z	spark1	LOAD	19.388	6.995
2026-09-27T20:34:14.123Z	spark2	LOAD	21.318	4.110
2026-09-27T20:34:14.312Z	spark1	LOAD	19.357	6.995
2026-09-27T20:34:14.388Z	spark2	LOAD	21.318	4.110
2026-09-27T20:34:14.562Z	spark1	LOAD	19.301	6.995
2026-09-27T20:34:14.638Z	spark2	LOAD	21.318	4.110
2026-09-27T20:34:14.813Z	spark1	LOAD	19.279	6.995
2026-09-27T20:34:14.889Z	spark2	LOAD	21.318	4.110
2026-09-27T20:34:15.075Z	spark1	LOAD	19.225	6.995
2026-09-27T20:34:15.140Z	spark2	LOAD	21.318	4.110
2026-09-27T20:34:15.326Z	spark1	LOAD	19.190	6.995
2026-09-27T20:34:15.405Z	spark2	LOAD	21.318	4.110
2026-09-27T20:34:15.576Z	spark1	LOAD	21.093	6.995
2026-09-27T20:34:15.655Z	spark2	LOAD	21.318	4.110
2026-09-27T20:34:15.826Z	spark1	LOAD	22.308	6.995
2026-09-27T20:34:15.906Z	spark2	LOAD	21.318	4.110
2026-09-27T20:34:16.093Z	spark1	LOAD	22.278	6.995
2026-09-27T20:34:16.157Z	spark2	LOAD	21.318	4.110
2026-09-27T20:34:16.344Z	spark1	LOAD	22.243	6.995
2026-09-27T20:34:16.417Z	spark2	LOAD	21.318	4.110
2026-09-27T20:34:16.594Z	spark1	LOAD	22.186	6.994
2026-09-27T20:34:16.668Z	spark2	LOAD	21.318	4.110
2026-09-27T20:34:16.844Z	spark1	LOAD	22.145	6.994
2026-09-27T20:34:16.919Z	spark2	LOAD	21.320	4.110
2026-09-27T20:34:17.111Z	spark1	LOAD	22.112	6.994
2026-09-27T20:34:17.169Z	spark2	LOAD	21.320	4.110
2026-09-27T20:34:17.361Z	spark1	LOAD	22.072	6.994
2026-09-27T20:34:17.430Z	spark2	LOAD	21.318	4.110
2026-09-27T20:34:17.612Z	spark1	LOAD	22.041	6.994
2026-09-27T20:34:17.680Z	spark2	LOAD	21.318	4.110
2026-09-27T20:34:17.862Z	spark1	LOAD	22.008	6.994
2026-09-27T20:34:17.931Z	spark2	LOAD	21.320	4.110
2026-09-27T20:34:18.129Z	spark1	LOAD	21.974	6.994
2026-09-27T20:34:18.182Z	spark2	LOAD	21.320	4.110
2026-09-27T20:34:18.380Z	spark1	LOAD	21.954	6.994
2026-09-27T20:34:18.446Z	spark2	LOAD	21.320	4.110
2026-09-27T20:34:18.630Z	spark1	LOAD	21.891	6.994
2026-09-27T20:34:18.698Z	spark2	LOAD	21.320	4.110
2026-09-27T20:34:18.880Z	spark1	LOAD	21.865	6.994
2026-09-27T20:34:18.948Z	spark2	LOAD	21.321	4.110
2026-09-27T20:34:19.148Z	spark1	LOAD	21.830	6.994
2026-09-27T20:34:19.199Z	spark2	LOAD	21.321	4.110
2026-09-27T20:34:19.398Z	spark1	LOAD	21.911	6.994
2026-09-27T20:34:19.464Z	spark2	LOAD	21.321	4.110
2026-09-27T20:34:19.648Z	spark1	LOAD	21.877	6.994
2026-09-27T20:34:19.715Z	spark2	LOAD	21.321	4.110
2026-09-27T20:34:19.898Z	spark1	LOAD	21.818	6.994
2026-09-27T20:34:19.965Z	spark2	LOAD	21.321	4.110
2026-09-27T20:34:20.161Z	spark1	LOAD	21.849	6.994
2026-09-27T20:34:20.216Z	spark2	LOAD	21.321	4.110
2026-09-27T20:34:20.411Z	spark1	LOAD	21.783	6.994
2026-09-27T20:34:20.481Z	spark2	LOAD	21.321	4.110
2026-09-27T20:34:20.662Z	spark1	LOAD	21.716	6.994
2026-09-27T20:34:20.731Z	spark2	LOAD	21.321	4.110
2026-09-27T20:34:20.912Z	spark1	LOAD	21.699	6.994
2026-09-27T20:34:20.982Z	spark2	LOAD	21.321	4.110
2026-09-27T20:34:21.179Z	spark1	LOAD	21.647	6.994
2026-09-27T20:34:21.233Z	spark2	LOAD	21.321	4.110
2026-09-27T20:34:21.429Z	spark1	LOAD	21.613	6.994
2026-09-27T20:34:21.494Z	spark2	LOAD	21.321	4.110
2026-09-27T20:34:21.679Z	spark1	LOAD	21.580	6.994
2026-09-27T20:34:21.744Z	spark2	LOAD	21.321	4.110
2026-09-27T20:34:21.930Z	spark1	LOAD	21.529	6.994
2026-09-27T20:34:21.995Z	spark2	LOAD	21.321	4.110
2026-09-27T20:34:22.192Z	spark1	LOAD	21.498	6.994
2026-09-27T20:34:22.246Z	spark2	LOAD	21.321	4.110
2026-09-27T20:34:22.442Z	spark1	LOAD	21.467	6.994
2026-09-27T20:34:22.511Z	spark2	LOAD	21.321	4.110
2026-09-27T20:34:22.693Z	spark1	LOAD	21.407	6.994
2026-09-27T20:34:22.762Z	spark2	LOAD	21.321	4.110
2026-09-27T20:34:22.943Z	spark1	LOAD	21.354	6.994
2026-09-27T20:34:23.012Z	spark2	LOAD	21.321	4.110
2026-09-27T20:34:23.211Z	spark1	LOAD	21.304	6.994
2026-09-27T20:34:23.263Z	spark2	LOAD	21.321	4.110
2026-09-27T20:34:23.461Z	spark1	LOAD	21.272	6.994
2026-09-27T20:34:23.524Z	spark2	LOAD	21.320	4.110
2026-09-27T20:34:23.711Z	spark1	LOAD	21.234	6.994
2026-09-27T20:34:23.774Z	spark2	LOAD	21.324	4.110
2026-09-27T20:34:23.962Z	spark1	LOAD	21.200	6.994
2026-09-27T20:34:24.024Z	spark2	LOAD	21.314	4.110
2026-09-27T20:34:24.230Z	spark1	LOAD	21.147	6.994
2026-09-27T20:34:24.275Z	spark2	LOAD	21.324	4.109
2026-09-27T20:34:24.481Z	spark1	LOAD	21.104	6.994
2026-09-27T20:34:24.536Z	spark2	LOAD	21.324	4.109
2026-09-27T20:34:24.731Z	spark1	LOAD	21.051	6.993
2026-09-27T20:34:24.787Z	spark2	LOAD	21.324	4.109
2026-09-27T20:34:24.981Z	spark1	LOAD	21.010	6.993
2026-09-27T20:34:25.037Z	spark2	LOAD	21.324	4.109
2026-09-27T20:34:25.250Z	spark1	LOAD	20.976	6.993
2026-09-27T20:34:25.288Z	spark2	LOAD	21.324	4.109
2026-09-27T20:34:25.501Z	spark1	LOAD	20.948	6.993
2026-09-27T20:34:25.549Z	spark2	LOAD	21.324	4.109
2026-09-27T20:34:25.751Z	spark1	LOAD	20.917	6.993
2026-09-27T20:34:25.799Z	spark2	LOAD	21.324	4.109
2026-09-27T20:34:26.001Z	spark1	LOAD	20.888	6.993
2026-09-27T20:34:26.050Z	spark2	LOAD	21.325	4.109
2026-09-27T20:34:26.269Z	spark1	LOAD	20.856	6.993
2026-09-27T20:34:26.302Z	spark2	LOAD	21.325	4.109
2026-09-27T20:34:26.520Z	spark1	LOAD	20.817	6.993
2026-09-27T20:34:26.563Z	spark2	LOAD	21.325	4.109
2026-09-27T20:34:26.770Z	spark1	LOAD	20.761	6.993
2026-09-27T20:34:26.814Z	spark2	LOAD	21.325	4.109
2026-09-27T20:34:27.021Z	spark1	LOAD	20.738	6.993
2026-09-27T20:34:27.064Z	spark2	LOAD	21.326	4.109
2026-09-27T20:34:27.288Z	spark1	LOAD	20.702	6.993
2026-09-27T20:34:27.315Z	spark2	LOAD	21.326	4.109
2026-09-27T20:34:27.538Z	spark1	LOAD	20.668	6.995
2026-09-27T20:34:27.579Z	spark2	LOAD	21.326	4.109
2026-09-27T20:34:27.789Z	spark1	LOAD	20.719	6.995
2026-09-27T20:34:27.830Z	spark2	LOAD	21.326	4.109
2026-09-27T20:34:28.039Z	spark1	LOAD	20.682	6.995
2026-09-27T20:34:28.081Z	spark2	LOAD	21.327	4.109
2026-09-27T20:34:28.306Z	spark1	LOAD	20.643	6.995
2026-09-27T20:34:28.332Z	spark2	LOAD	21.327	4.109
2026-09-27T20:34:28.556Z	spark1	LOAD	20.614	6.995
2026-09-27T20:34:28.597Z	spark2	LOAD	21.327	4.109
2026-09-27T20:34:28.806Z	spark1	LOAD	20.565	6.995
2026-09-27T20:34:28.846Z	spark2	LOAD	21.327	4.109
2026-09-27T20:34:29.057Z	spark1	LOAD	20.529	6.995
2026-09-27T20:34:29.097Z	spark2	LOAD	21.327	4.109
2026-09-27T20:34:29.319Z	spark1	LOAD	20.475	6.995
2026-09-27T20:34:29.348Z	spark2	LOAD	21.327	4.109
2026-09-27T20:34:29.570Z	spark1	LOAD	20.442	6.995
2026-09-27T20:34:29.613Z	spark2	LOAD	21.326	4.109
2026-09-27T20:34:29.820Z	spark1	LOAD	20.409	6.996
2026-09-27T20:34:29.864Z	spark2	LOAD	21.326	4.109
2026-09-27T20:34:30.070Z	spark1	LOAD	20.379	6.996
2026-09-27T20:34:30.114Z	spark2	LOAD	21.326	4.109
2026-09-27T20:34:30.336Z	spark1	LOAD	20.335	6.996
2026-09-27T20:34:30.364Z	spark2	LOAD	21.326	4.109
2026-09-27T20:34:30.587Z	spark1	LOAD	20.298	6.997
2026-09-27T20:34:30.629Z	spark2	LOAD	21.326	4.109
2026-09-27T20:34:30.837Z	spark1	LOAD	20.237	6.997
2026-09-27T20:34:30.879Z	spark2	LOAD	21.326	4.109
2026-09-27T20:34:31.087Z	spark1	LOAD	20.203	6.996
2026-09-27T20:34:31.131Z	spark2	LOAD	21.325	4.109
2026-09-27T20:34:31.348Z	spark1	LOAD	20.229	6.997
2026-09-27T20:34:31.381Z	spark2	LOAD	21.325	4.109
2026-09-27T20:34:31.599Z	spark1	LOAD	20.173	6.996
2026-09-27T20:34:31.645Z	spark2	LOAD	21.325	4.109
2026-09-27T20:34:31.849Z	spark1	LOAD	20.160	6.997
2026-09-27T20:34:31.898Z	spark2	LOAD	21.325	4.109
2026-09-27T20:34:32.100Z	spark1	LOAD	20.120	6.997
2026-09-27T20:34:32.148Z	spark2	LOAD	21.325	4.109
2026-09-27T20:34:32.361Z	spark1	LOAD	20.073	6.997
2026-09-27T20:34:32.399Z	spark2	LOAD	21.325	4.109
2026-09-27T20:34:32.611Z	spark1	LOAD	20.039	6.997
2026-09-27T20:34:32.663Z	spark2	LOAD	21.325	4.109
2026-09-27T20:34:32.861Z	spark1	LOAD	19.975	6.997
2026-09-27T20:34:32.913Z	spark2	LOAD	21.325	4.109
2026-09-27T20:34:33.112Z	spark1	LOAD	19.910	6.997
2026-09-27T20:34:33.164Z	spark2	LOAD	21.325	4.109
2026-09-27T20:34:33.380Z	spark1	LOAD	19.880	6.997
2026-09-27T20:34:33.415Z	spark2	LOAD	21.325	4.109
2026-09-27T20:34:33.630Z	spark1	LOAD	19.847	6.997
2026-09-27T20:34:33.681Z	spark2	LOAD	21.326	4.109
2026-09-27T20:34:33.881Z	spark1	LOAD	19.820	6.997
2026-09-27T20:34:33.931Z	spark2	LOAD	21.326	4.109
2026-09-27T20:34:34.131Z	spark1	LOAD	19.791	6.997
2026-09-27T20:34:34.181Z	spark2	LOAD	21.326	4.109
2026-09-27T20:34:34.393Z	spark1	LOAD	19.735	6.996
2026-09-27T20:34:34.432Z	spark2	LOAD	21.326	4.109
2026-09-27T20:34:34.643Z	spark1	LOAD	19.674	6.996
2026-09-27T20:34:34.695Z	spark2	LOAD	21.325	4.109
2026-09-27T20:34:34.893Z	spark1	LOAD	19.643	6.996
2026-09-27T20:34:34.946Z	spark2	LOAD	21.309	4.109
2026-09-27T20:34:35.144Z	spark1	LOAD	19.565	6.996
2026-09-27T20:34:35.197Z	spark2	LOAD	21.314	4.109
2026-09-27T20:34:35.410Z	spark1	LOAD	19.534	6.996
2026-09-27T20:34:35.448Z	spark2	LOAD	21.314	4.109
2026-09-27T20:34:35.661Z	spark1	LOAD	19.508	6.996
2026-09-27T20:34:35.713Z	spark2	LOAD	21.314	4.109
2026-09-27T20:34:35.911Z	spark1	LOAD	19.470	6.996
2026-09-27T20:34:35.964Z	spark2	LOAD	21.314	4.109
2026-09-27T20:34:36.162Z	spark1	LOAD	19.442	6.996
2026-09-27T20:34:36.215Z	spark2	LOAD	21.314	4.109
2026-09-27T20:34:36.428Z	spark1	LOAD	19.475	6.996
2026-09-27T20:34:36.465Z	spark2	LOAD	21.314	4.109
2026-09-27T20:34:36.678Z	spark1	LOAD	19.441	6.996
2026-09-27T20:34:36.730Z	spark2	LOAD	21.314	4.109
2026-09-27T20:34:36.929Z	spark1	LOAD	19.407	6.996
2026-09-27T20:34:36.981Z	spark2	LOAD	21.314	4.109
2026-09-27T20:34:37.179Z	spark1	LOAD	19.344	6.996
2026-09-27T20:34:37.232Z	spark2	LOAD	21.314	4.109
2026-09-27T20:34:37.442Z	spark1	LOAD	19.329	6.996
2026-09-27T20:34:37.482Z	spark2	LOAD	21.314	4.109
2026-09-27T20:34:37.692Z	spark1	LOAD	19.288	6.996
2026-09-27T20:34:37.747Z	spark2	LOAD	21.314	4.109
2026-09-27T20:34:37.943Z	spark1	LOAD	19.251	6.996
2026-09-27T20:34:37.998Z	spark2	LOAD	21.315	4.109
2026-09-27T20:34:38.193Z	spark1	LOAD	19.200	6.996
2026-09-27T20:34:38.248Z	spark2	LOAD	21.315	4.109
2026-09-27T20:34:38.454Z	spark1	LOAD	19.153	6.996
2026-09-27T20:34:38.499Z	spark2	LOAD	21.315	4.109
2026-09-27T20:34:38.705Z	spark1	LOAD	20.664	6.996
2026-09-27T20:34:38.764Z	spark2	LOAD	21.315	4.109
2026-09-27T20:34:38.955Z	spark1	LOAD	22.378	6.996
2026-09-27T20:34:39.015Z	spark2	LOAD	21.316	4.109
2026-09-27T20:34:39.205Z	spark1	LOAD	22.318	6.996
2026-09-27T20:34:39.266Z	spark2	LOAD	21.316	4.109
2026-09-27T20:34:39.467Z	spark1	LOAD	22.278	6.996
2026-09-27T20:34:39.517Z	spark2	LOAD	21.316	4.109
2026-09-27T20:34:39.717Z	spark1	LOAD	22.196	6.996
2026-09-27T20:34:39.782Z	spark2	LOAD	21.316	4.109
2026-09-27T20:34:39.967Z	spark1	LOAD	22.168	6.996
2026-09-27T20:34:40.033Z	spark2	LOAD	21.316	4.109
2026-09-27T20:34:40.217Z	spark1	LOAD	22.134	6.996
2026-09-27T20:34:40.284Z	spark2	LOAD	21.316	4.109
2026-09-27T20:34:40.485Z	spark1	LOAD	22.089	6.996
2026-09-27T20:34:40.535Z	spark2	LOAD	21.316	4.109
2026-09-27T20:34:40.735Z	spark1	LOAD	22.057	6.996
2026-09-27T20:34:40.800Z	spark2	LOAD	21.316	4.109
2026-09-27T20:34:40.985Z	spark1	LOAD	22.090	6.996
2026-09-27T20:34:41.051Z	spark2	LOAD	21.316	4.109
2026-09-27T20:34:41.236Z	spark1	LOAD	22.019	6.996
2026-09-27T20:34:41.302Z	spark2	LOAD	21.316	4.109
2026-09-27T20:34:41.498Z	spark1	LOAD	21.985	6.996
2026-09-27T20:34:41.552Z	spark2	LOAD	21.316	4.109
2026-09-27T20:34:41.748Z	spark1	LOAD	21.957	6.996
2026-09-27T20:34:41.815Z	spark2	LOAD	21.316	4.109
2026-09-27T20:34:41.999Z	spark1	LOAD	21.931	6.996
2026-09-27T20:34:42.065Z	spark2	LOAD	21.316	4.109
2026-09-27T20:34:42.249Z	spark1	LOAD	21.904	6.996
2026-09-27T20:34:42.316Z	spark2	LOAD	21.316	4.109
2026-09-27T20:34:42.516Z	spark1	LOAD	21.872	6.996
2026-09-27T20:34:42.567Z	spark2	LOAD	21.317	4.109
2026-09-27T20:34:42.766Z	spark1	LOAD	21.840	6.996
2026-09-27T20:34:42.832Z	spark2	LOAD	21.317	4.109
2026-09-27T20:34:43.017Z	spark1	LOAD	21.853	6.996
2026-09-27T20:34:43.083Z	spark2	LOAD	21.317	4.109
2026-09-27T20:34:43.267Z	spark1	LOAD	21.808	6.997
2026-09-27T20:34:43.333Z	spark2	LOAD	21.317	4.109
2026-09-27T20:34:43.533Z	spark1	LOAD	21.771	6.996
2026-09-27T20:34:43.584Z	spark2	LOAD	21.317	4.109
2026-09-27T20:34:43.783Z	spark1	LOAD	21.773	6.996
2026-09-27T20:34:43.849Z	spark2	LOAD	21.317	4.109
2026-09-27T20:34:44.034Z	spark1	LOAD	21.713	6.998
2026-09-27T20:34:44.099Z	spark2	LOAD	21.317	4.109
2026-09-27T20:34:44.285Z	spark1	LOAD	21.700	7.001
2026-09-27T20:34:44.350Z	spark2	LOAD	21.317	4.109
2026-09-27T20:34:44.547Z	spark1	LOAD	21.663	7.001
2026-09-27T20:34:44.601Z	spark2	LOAD	21.317	4.109
2026-09-27T20:34:44.797Z	spark1	LOAD	21.639	7.002
2026-09-27T20:34:44.867Z	spark2	LOAD	21.317	4.109
2026-09-27T20:34:45.048Z	spark1	LOAD	21.579	7.002
2026-09-27T20:34:45.117Z	spark2	LOAD	21.317	4.109
2026-09-27T20:34:45.298Z	spark1	LOAD	21.505	7.001
2026-09-27T20:34:45.367Z	spark2	LOAD	21.317	4.109
2026-09-27T20:34:45.561Z	spark1	LOAD	21.463	7.001
2026-09-27T20:34:45.616Z	spark2	LOAD	21.316	4.108
2026-09-27T20:34:45.811Z	spark1	LOAD	21.431	7.001
2026-09-27T20:34:45.881Z	spark2	LOAD	21.296	4.108
2026-09-27T20:34:46.062Z	spark1	LOAD	21.374	7.001
2026-09-27T20:34:46.132Z	spark2	LOAD	21.301	4.108
2026-09-27T20:34:46.312Z	spark1	LOAD	21.210	7.001
2026-09-27T20:34:46.383Z	spark2	LOAD	21.301	4.108
2026-09-27T20:34:46.574Z	spark1	LOAD	21.179	7.000
2026-09-27T20:34:46.633Z	spark2	LOAD	21.301	4.108
2026-09-27T20:34:46.825Z	spark1	LOAD	21.140	7.000
2026-09-27T20:34:46.895Z	spark2	LOAD	21.301	4.108
2026-09-27T20:34:47.075Z	spark1	LOAD	21.122	7.000
2026-09-27T20:34:47.146Z	spark2	LOAD	21.302	4.108
2026-09-27T20:34:47.325Z	spark1	LOAD	21.061	7.000
2026-09-27T20:34:47.397Z	spark2	LOAD	21.302	4.108
2026-09-27T20:34:47.587Z	spark1	LOAD	21.032	7.000
2026-09-27T20:34:47.647Z	spark2	LOAD	21.302	4.108
2026-09-27T20:34:47.838Z	spark1	LOAD	21.000	7.000
2026-09-27T20:34:47.908Z	spark2	LOAD	21.303	4.108
2026-09-27T20:34:48.088Z	spark1	LOAD	20.981	7.000
2026-09-27T20:34:48.158Z	spark2	LOAD	21.303	4.108
2026-09-27T20:34:48.338Z	spark1	LOAD	20.953	7.000
2026-09-27T20:34:48.409Z	spark2	LOAD	21.303	4.108
2026-09-27T20:34:48.605Z	spark1	LOAD	20.918	7.000
2026-09-27T20:34:48.659Z	spark2	LOAD	21.303	4.108
2026-09-27T20:34:48.855Z	spark1	LOAD	20.887	7.000
2026-09-27T20:34:48.925Z	spark2	LOAD	21.304	4.108
2026-09-27T20:34:49.106Z	spark1	LOAD	20.861	7.000
2026-09-27T20:34:49.174Z	spark2	LOAD	21.304	4.108
2026-09-27T20:34:49.356Z	spark1	LOAD	20.828	7.000
2026-09-27T20:34:49.425Z	spark2	LOAD	21.304	4.108
2026-09-27T20:34:49.625Z	spark1	LOAD	20.772	7.000
2026-09-27T20:34:49.676Z	spark2	LOAD	21.304	4.108
2026-09-27T20:34:49.875Z	spark1	LOAD	20.747	7.000
2026-09-27T20:34:49.940Z	spark2	LOAD	21.304	4.108
2026-09-27T20:34:50.126Z	spark1	LOAD	20.692	6.998
2026-09-27T20:34:50.191Z	spark2	LOAD	21.304	4.108
2026-09-27T20:34:50.376Z	spark1	LOAD	20.663	6.998
2026-09-27T20:34:50.441Z	spark2	LOAD	21.304	4.108
2026-09-27T20:34:50.637Z	spark1	LOAD	20.630	6.997
2026-09-27T20:34:50.692Z	spark2	LOAD	21.305	4.108
2026-09-27T20:34:50.888Z	spark1	LOAD	20.593	6.997
2026-09-27T20:34:50.957Z	spark2	LOAD	21.305	4.108
2026-09-27T20:34:51.138Z	spark1	LOAD	20.563	6.996
2026-09-27T20:34:51.208Z	spark2	LOAD	21.305	4.108
2026-09-27T20:34:51.388Z	spark1	LOAD	20.536	6.996
2026-09-27T20:34:51.458Z	spark2	LOAD	21.305	4.108
2026-09-27T20:34:51.655Z	spark1	LOAD	20.475	6.996
2026-09-27T20:34:51.710Z	spark2	LOAD	21.305	4.108
2026-09-27T20:34:51.905Z	spark1	LOAD	20.448	6.996
2026-09-27T20:34:51.974Z	spark2	LOAD	21.306	4.108
2026-09-27T20:34:52.156Z	spark1	LOAD	20.422	6.996
2026-09-27T20:34:52.226Z	spark2	LOAD	21.306	4.108
2026-09-27T20:34:52.406Z	spark1	LOAD	20.390	6.996
2026-09-27T20:34:52.476Z	spark2	LOAD	21.306	4.108
2026-09-27T20:34:52.675Z	spark1	LOAD	20.355	6.996
2026-09-27T20:34:52.727Z	spark2	LOAD	21.306	4.108
2026-09-27T20:34:52.926Z	spark1	LOAD	20.328	6.996
2026-09-27T20:34:52.991Z	spark2	LOAD	21.307	4.108
2026-09-27T20:34:53.176Z	spark1	LOAD	20.295	6.996
2026-09-27T20:34:53.243Z	spark2	LOAD	21.307	4.108
2026-09-27T20:34:53.427Z	spark1	LOAD	20.263	6.996
2026-09-27T20:34:53.493Z	spark2	LOAD	21.307	4.108
2026-09-27T20:34:53.693Z	spark1	LOAD	20.207	6.996
2026-09-27T20:34:53.743Z	spark2	LOAD	21.307	4.108
2026-09-27T20:34:53.943Z	spark1	LOAD	20.138	6.996
2026-09-27T20:34:54.009Z	spark2	LOAD	21.308	4.108
2026-09-27T20:34:54.194Z	spark1	LOAD	20.228	6.996
2026-09-27T20:34:54.258Z	spark2	LOAD	21.308	4.108
2026-09-27T20:34:54.444Z	spark1	LOAD	20.201	6.997
2026-09-27T20:34:54.509Z	spark2	LOAD	21.308	4.108
2026-09-27T20:34:54.711Z	spark1	LOAD	20.157	6.997
2026-09-27T20:34:54.760Z	spark2	LOAD	21.308	4.108
2026-09-27T20:34:54.961Z	spark1	LOAD	20.143	6.998
2026-09-27T20:34:55.025Z	spark2	LOAD	21.308	4.108
2026-09-27T20:34:55.211Z	spark1	LOAD	20.093	6.998
2026-09-27T20:34:55.276Z	spark2	LOAD	21.308	4.108
2026-09-27T20:34:55.461Z	spark1	LOAD	20.047	6.999
2026-09-27T20:34:55.526Z	spark2	LOAD	21.308	4.108
2026-09-27T20:34:55.723Z	spark1	LOAD	19.983	6.999
2026-09-27T20:34:55.776Z	spark2	LOAD	21.308	4.108
2026-09-27T20:34:55.973Z	spark1	LOAD	19.937	6.999
2026-09-27T20:34:56.041Z	spark2	LOAD	21.308	4.108
2026-09-27T20:34:56.223Z	spark1	LOAD	19.898	6.999
2026-09-27T20:34:56.292Z	spark2	LOAD	21.308	4.108
2026-09-27T20:34:56.474Z	spark1	LOAD	19.859	6.999
2026-09-27T20:34:56.542Z	spark2	LOAD	21.308	4.108
2026-09-27T20:34:56.741Z	spark1	LOAD	19.889	6.999
2026-09-27T20:34:56.793Z	spark2	LOAD	21.292	4.107
2026-09-27T20:34:56.991Z	spark1	LOAD	19.763	6.998
2026-09-27T20:34:57.054Z	spark2	LOAD	21.310	4.107
2026-09-27T20:34:57.241Z	spark1	LOAD	19.705	6.998
2026-09-27T20:34:57.305Z	spark2	LOAD	21.310	4.107
2026-09-27T20:34:57.492Z	spark1	LOAD	19.727	6.998
2026-09-27T20:34:57.555Z	spark2	LOAD	21.310	4.107
2026-09-27T20:34:57.758Z	spark1	LOAD	19.676	6.998
2026-09-27T20:34:57.807Z	spark2	LOAD	21.310	4.107
2026-09-27T20:34:58.009Z	spark1	LOAD	19.654	6.998
2026-09-27T20:34:58.068Z	spark2	LOAD	21.310	4.107
2026-09-27T20:34:58.259Z	spark1	LOAD	19.624	6.998
2026-09-27T20:34:58.319Z	spark2	LOAD	21.310	4.107
2026-09-27T20:34:58.509Z	spark1	LOAD	19.592	7.006
2026-09-27T20:34:58.570Z	spark2	LOAD	21.310	4.107
2026-09-27T20:34:58.772Z	spark1	LOAD	19.565	7.007
2026-09-27T20:34:58.820Z	spark2	LOAD	21.310	4.107
2026-09-27T20:34:59.022Z	spark1	LOAD	19.530	7.007
2026-09-27T20:34:59.085Z	spark2	LOAD	21.311	4.107
2026-09-27T20:34:59.273Z	spark1	LOAD	19.492	7.007
2026-09-27T20:34:59.335Z	spark2	LOAD	21.311	4.107
2026-09-27T20:34:59.523Z	spark1	LOAD	19.458	7.007
2026-09-27T20:34:59.587Z	spark2	LOAD	21.311	4.107
2026-09-27T20:34:59.789Z	spark1	LOAD	19.343	7.006
2026-09-27T20:34:59.837Z	spark2	LOAD	21.311	4.107
2026-09-27T20:35:00.039Z	spark1	LOAD	19.324	7.006
2026-09-27T20:35:00.101Z	spark2	LOAD	21.311	4.107
2026-09-27T20:35:00.290Z	spark1	LOAD	19.269	7.006
2026-09-27T20:35:00.352Z	spark2	LOAD	21.312	4.107
2026-09-27T20:35:00.540Z	spark1	LOAD	19.238	7.006
2026-09-27T20:35:00.602Z	spark2	LOAD	21.312	4.107
2026-09-27T20:35:00.807Z	spark1	LOAD	19.235	7.006
2026-09-27T20:35:00.853Z	spark2	LOAD	21.312	4.107
2026-09-27T20:35:01.057Z	spark1	LOAD	19.202	7.005
2026-09-27T20:35:01.118Z	spark2	LOAD	21.312	4.107
2026-09-27T20:35:01.307Z	spark1	LOAD	19.162	7.005
2026-09-27T20:35:01.368Z	spark2	LOAD	21.312	4.107
2026-09-27T20:35:01.558Z	spark1	LOAD	20.601	7.005
2026-09-27T20:35:01.618Z	spark2	LOAD	21.312	4.107
2026-09-27T20:35:01.820Z	spark1	LOAD	22.377	7.005
2026-09-27T20:35:01.869Z	spark2	LOAD	21.313	4.107
2026-09-27T20:35:02.070Z	spark1	LOAD	22.359	7.005
2026-09-27T20:35:02.134Z	spark2	LOAD	21.313	4.107
2026-09-27T20:35:02.320Z	spark1	LOAD	22.331	7.005
2026-09-27T20:35:02.385Z	spark2	LOAD	21.313	4.107
2026-09-27T20:35:02.571Z	spark1	LOAD	22.300	7.005
2026-09-27T20:35:02.636Z	spark2	LOAD	21.313	4.107
2026-09-27T20:35:02.840Z	spark1	LOAD	22.268	7.005
2026-09-27T20:35:02.887Z	spark2	LOAD	21.313	4.107
2026-09-27T20:35:03.090Z	spark1	LOAD	22.242	7.005
2026-09-27T20:35:03.152Z	spark2	LOAD	21.313	4.107
2026-09-27T20:35:03.340Z	spark1	LOAD	22.210	7.005
2026-09-27T20:35:03.403Z	spark2	LOAD	21.313	4.107
2026-09-27T20:35:03.590Z	spark1	LOAD	22.180	7.005
2026-09-27T20:35:03.653Z	spark2	LOAD	21.313	4.107
2026-09-27T20:35:03.852Z	spark1	LOAD	22.123	7.005
2026-09-27T20:35:03.903Z	spark2	LOAD	21.313	4.107
2026-09-27T20:35:04.103Z	spark1	LOAD	22.097	7.005
2026-09-27T20:35:04.168Z	spark2	LOAD	21.313	4.107
2026-09-27T20:35:04.353Z	spark1	LOAD	22.064	7.004
2026-09-27T20:35:04.419Z	spark2	LOAD	21.313	4.107
2026-09-27T20:35:04.603Z	spark1	LOAD	22.025	7.004
2026-09-27T20:35:04.669Z	spark2	LOAD	21.313	4.107
2026-09-27T20:35:04.865Z	spark1	LOAD	21.993	7.004
2026-09-27T20:35:04.920Z	spark2	LOAD	21.313	4.107
2026-09-27T20:35:05.115Z	spark1	LOAD	21.967	7.004
2026-09-27T20:35:05.185Z	spark2	LOAD	21.313	4.107
2026-09-27T20:35:05.365Z	spark1	LOAD	21.937	7.004
2026-09-27T20:35:05.436Z	spark2	LOAD	21.313	4.107
2026-09-27T20:35:05.615Z	spark1	LOAD	21.906	7.004
2026-09-27T20:35:05.687Z	spark2	LOAD	21.313	4.107
2026-09-27T20:35:05.882Z	spark1	LOAD	21.839	7.004
2026-09-27T20:35:05.938Z	spark2	LOAD	21.313	4.107
2026-09-27T20:35:06.132Z	spark1	LOAD	21.835	7.004
2026-09-27T20:35:06.203Z	spark2	LOAD	21.313	4.107
2026-09-27T20:35:06.382Z	spark1	LOAD	21.808	7.003
2026-09-27T20:35:06.454Z	spark2	LOAD	21.313	4.107
2026-09-27T20:35:06.633Z	spark1	LOAD	21.775	6.996
2026-09-27T20:35:06.704Z	spark2	LOAD	21.313	4.107
2026-09-27T20:35:06.895Z	spark1	LOAD	21.735	6.995
2026-09-27T20:35:06.954Z	spark2	LOAD	21.313	4.107
2026-09-27T20:35:07.146Z	spark1	LOAD	21.672	6.995
2026-09-27T20:35:07.220Z	spark2	LOAD	21.313	4.107
2026-09-27T20:35:07.396Z	spark1	LOAD	21.634	6.994
2026-09-27T20:35:07.470Z	spark2	LOAD	21.313	4.107
2026-09-27T20:35:07.646Z	spark1	LOAD	21.598	6.994
2026-09-27T20:35:07.720Z	spark2	LOAD	21.290	4.107
2026-09-27T20:35:07.913Z	spark1	LOAD	21.565	6.994
2026-09-27T20:35:07.971Z	spark2	LOAD	21.300	4.107
2026-09-27T20:35:08.163Z	spark1	LOAD	21.517	6.994
2026-09-27T20:35:08.236Z	spark2	LOAD	21.299	4.106
2026-09-27T20:35:08.414Z	spark1	LOAD	21.486	6.994
2026-09-27T20:35:08.486Z	spark2	LOAD	21.299	4.106
2026-09-27T20:35:08.664Z	spark1	LOAD	21.457	6.994
2026-09-27T20:35:08.738Z	spark2	LOAD	21.299	4.106
2026-09-27T20:35:08.930Z	spark1	LOAD	21.426	6.994
2026-09-27T20:35:08.988Z	spark2	LOAD	21.301	4.106
2026-09-27T20:35:09.180Z	spark1	LOAD	21.398	6.994
2026-09-27T20:35:09.253Z	spark2	LOAD	21.301	4.106
2026-09-27T20:35:09.431Z	spark1	LOAD	21.371	6.994
2026-09-27T20:35:09.503Z	spark2	LOAD	21.301	4.106
2026-09-27T20:35:09.681Z	spark1	LOAD	21.339	6.994
2026-09-27T20:35:09.754Z	spark2	LOAD	21.301	4.106
2026-09-27T20:35:09.943Z	spark1	LOAD	21.305	6.994
2026-09-27T20:35:10.004Z	spark2	LOAD	21.304	4.106
2026-09-27T20:35:10.193Z	spark1	LOAD	21.232	6.994
2026-09-27T20:35:10.268Z	spark2	LOAD	21.304	4.106
2026-09-27T20:35:10.443Z	spark1	LOAD	21.198	6.994
2026-09-27T20:35:10.520Z	spark2	LOAD	21.304	4.106
2026-09-27T20:35:10.693Z	spark1	LOAD	21.143	6.994
2026-09-27T20:35:10.770Z	spark2	LOAD	21.304	4.106
2026-09-27T20:35:10.956Z	spark1	LOAD	21.105	6.994
2026-09-27T20:35:11.021Z	spark2	LOAD	21.307	4.106
2026-09-27T20:35:11.206Z	spark1	LOAD	21.058	6.994
2026-09-27T20:35:11.285Z	spark2	LOAD	21.307	4.106
2026-09-27T20:35:11.456Z	spark1	LOAD	21.014	6.994
2026-09-27T20:35:11.536Z	spark2	LOAD	21.307	4.106
2026-09-27T20:35:11.707Z	spark1	LOAD	20.981	6.994
2026-09-27T20:35:11.786Z	spark2	LOAD	21.307	4.106
2026-09-27T20:35:11.974Z	spark1	LOAD	20.934	6.994
2026-09-27T20:35:12.037Z	spark2	LOAD	21.308	4.106
2026-09-27T20:35:12.225Z	spark1	LOAD	20.877	6.994
2026-09-27T20:35:12.302Z	spark2	LOAD	21.308	4.106
2026-09-27T20:35:12.475Z	spark1	LOAD	20.831	6.994
2026-09-27T20:35:12.552Z	spark2	LOAD	21.308	4.106
2026-09-27T20:35:12.725Z	spark1	LOAD	20.785	6.994
2026-09-27T20:35:12.803Z	spark2	LOAD	21.308	4.106
2026-09-27T20:35:12.992Z	spark1	LOAD	20.749	6.994
2026-09-27T20:35:13.054Z	spark2	LOAD	21.308	4.106
2026-09-27T20:35:13.243Z	spark1	LOAD	20.708	6.994
2026-09-27T20:35:13.319Z	spark2	LOAD	21.308	4.106
2026-09-27T20:35:13.493Z	spark1	LOAD	20.640	6.995
2026-09-27T20:35:13.570Z	spark2	LOAD	21.308	4.106
2026-09-27T20:35:13.743Z	spark1	LOAD	20.607	6.994
2026-09-27T20:35:13.820Z	spark2	LOAD	21.308	4.106
2026-09-27T20:35:14.006Z	spark1	LOAD	20.559	6.994
2026-09-27T20:35:14.071Z	spark2	LOAD	21.308	4.106
2026-09-27T20:35:14.257Z	spark1	LOAD	20.485	6.995
2026-09-27T20:35:14.336Z	spark2	LOAD	21.308	4.106
2026-09-27T20:35:14.507Z	spark1	LOAD	20.450	6.995
2026-09-27T20:35:14.587Z	spark2	LOAD	21.308	4.106
2026-09-27T20:35:14.757Z	spark1	LOAD	20.403	6.995
2026-09-27T20:35:14.838Z	spark2	LOAD	21.308	4.106
2026-09-27T20:35:15.024Z	spark1	LOAD	20.379	6.995
2026-09-27T20:35:15.088Z	spark2	LOAD	21.308	4.106
2026-09-27T20:35:15.274Z	spark1	LOAD	20.349	6.995
2026-09-27T20:35:15.354Z	spark2	LOAD	21.308	4.106
2026-09-27T20:35:15.525Z	spark1	LOAD	20.304	6.995
2026-09-27T20:35:15.604Z	spark2	LOAD	21.308	4.106
2026-09-27T20:35:15.775Z	spark1	LOAD	20.268	6.996
2026-09-27T20:35:15.855Z	spark2	LOAD	21.308	4.106
2026-09-27T20:35:16.044Z	spark1	LOAD	20.205	6.996
2026-09-27T20:35:16.106Z	spark2	LOAD	21.308	4.106
2026-09-27T20:35:16.295Z	spark1	LOAD	20.156	6.997
2026-09-27T20:35:16.370Z	spark2	LOAD	21.308	4.106
2026-09-27T20:35:16.545Z	spark1	LOAD	20.152	6.997
2026-09-27T20:35:16.621Z	spark2	LOAD	21.308	4.106
2026-09-27T20:35:16.795Z	spark1	LOAD	20.111	6.997
2026-09-27T20:35:16.873Z	spark2	LOAD	21.308	4.106
2026-09-27T20:35:17.055Z	spark1	LOAD	20.068	6.997
2026-09-27T20:35:17.123Z	spark2	LOAD	21.308	4.106
2026-09-27T20:35:17.305Z	spark1	LOAD	20.055	6.997
2026-09-27T20:35:17.388Z	spark2	LOAD	21.308	4.106
2026-09-27T20:35:17.555Z	spark1	LOAD	20.006	6.997
2026-09-27T20:35:17.639Z	spark2	LOAD	21.308	4.106
2026-09-27T20:35:17.806Z	spark1	LOAD	19.950	6.997
2026-09-27T20:35:17.889Z	spark2	LOAD	21.308	4.106
2026-09-27T20:35:18.074Z	spark1	LOAD	19.867	6.998
2026-09-27T20:35:18.140Z	spark2	LOAD	21.308	4.106
2026-09-27T20:35:18.324Z	spark1	LOAD	19.807	6.998
2026-09-27T20:35:18.404Z	spark2	LOAD	21.308	4.106
2026-09-27T20:35:18.574Z	spark1	LOAD	19.784	6.998
2026-09-27T20:35:18.655Z	spark2	LOAD	21.284	4.106
2026-09-27T20:35:18.825Z	spark1	LOAD	19.790	6.998
2026-09-27T20:35:18.906Z	spark2	LOAD	21.284	4.106
2026-09-27T20:35:19.091Z	spark1	LOAD	19.735	6.998
2026-09-27T20:35:19.157Z	spark2	LOAD	21.284	4.106
2026-09-27T20:35:19.342Z	spark1	LOAD	19.627	6.999
2026-09-27T20:35:19.422Z	spark2	LOAD	21.284	4.106
2026-09-27T20:35:19.592Z	spark1	LOAD	19.583	6.999
2026-09-27T20:35:19.673Z	spark2	LOAD	21.284	4.106
2026-09-27T20:35:19.842Z	spark1	LOAD	19.531	6.999
2026-09-27T20:35:19.923Z	spark2	LOAD	21.284	4.106
2026-09-27T20:35:20.109Z	spark1	LOAD	19.569	6.999
2026-09-27T20:35:20.174Z	spark2	LOAD	21.284	4.106
2026-09-27T20:35:20.359Z	spark1	LOAD	19.499	6.999
2026-09-27T20:35:20.435Z	spark2	LOAD	21.283	4.106
2026-09-27T20:35:20.610Z	spark1	LOAD	19.470	6.999
2026-09-27T20:35:20.685Z	spark2	LOAD	21.283	4.106
2026-09-27T20:35:20.860Z	spark1	LOAD	19.445	6.999
2026-09-27T20:35:20.937Z	spark2	LOAD	21.283	4.106
2026-09-27T20:35:21.127Z	spark1	LOAD	19.403	6.999
2026-09-27T20:35:21.188Z	spark2	LOAD	21.285	4.106
2026-09-27T20:35:21.378Z	spark1	LOAD	19.368	7.000
2026-09-27T20:35:21.453Z	spark2	LOAD	21.285	4.106
2026-09-27T20:35:21.628Z	spark1	LOAD	19.382	7.001
2026-09-27T20:35:21.704Z	spark2	LOAD	21.285	4.106
2026-09-27T20:35:21.878Z	spark1	LOAD	19.330	7.001
2026-09-27T20:35:21.954Z	spark2	LOAD	21.285	4.106
2026-09-27T20:35:22.143Z	spark1	LOAD	19.291	7.001
2026-09-27T20:35:22.205Z	spark2	LOAD	21.285	4.106
2026-09-27T20:35:22.393Z	spark1	LOAD	19.233	7.001
2026-09-27T20:35:22.471Z	spark2	LOAD	21.285	4.106
2026-09-27T20:35:22.644Z	spark1	LOAD	19.194	7.001
2026-09-27T20:35:22.722Z	spark2	LOAD	21.285	4.106
2026-09-27T20:35:22.894Z	spark1	LOAD	19.149	7.001
2026-09-27T20:35:22.973Z	spark2	LOAD	21.285	4.106
2026-09-27T20:35:23.164Z	spark1	LOAD	19.083	7.001
2026-09-27T20:35:23.223Z	spark2	LOAD	21.287	4.106
2026-09-27T20:35:23.414Z	spark1	LOAD	19.046	7.001
2026-09-27T20:35:23.484Z	spark2	LOAD	21.287	4.106
2026-09-27T20:35:23.664Z	spark1	LOAD	19.011	7.001
2026-09-27T20:35:23.735Z	spark2	LOAD	21.288	4.106
2026-09-27T20:35:23.914Z	spark1	LOAD	20.471	7.000
2026-09-27T20:35:23.985Z	spark2	LOAD	21.289	4.106
2026-09-27T20:35:24.176Z	spark1	LOAD	22.136	7.000
2026-09-27T20:35:24.236Z	spark2	LOAD	21.290	4.106
2026-09-27T20:35:24.426Z	spark1	LOAD	22.079	7.000
2026-09-27T20:35:24.496Z	spark2	LOAD	21.290	4.106
2026-09-27T20:35:24.677Z	spark1	LOAD	22.067	7.000
2026-09-27T20:35:24.747Z	spark2	LOAD	21.290	4.106
2026-09-27T20:35:24.927Z	spark1	LOAD	22.063	7.000
2026-09-27T20:35:24.997Z	spark2	LOAD	21.291	4.106
2026-09-27T20:35:25.195Z	spark1	LOAD	22.066	7.000
2026-09-27T20:35:25.249Z	spark2	LOAD	21.292	4.106
2026-09-27T20:35:25.446Z	spark1	LOAD	22.024	7.000
2026-09-27T20:35:25.513Z	spark2	LOAD	21.292	4.106
2026-09-27T20:35:25.696Z	spark1	LOAD	21.986	7.000
2026-09-27T20:35:25.764Z	spark2	LOAD	21.292	4.106
2026-09-27T20:35:25.947Z	spark1	LOAD	21.958	7.000
2026-09-27T20:35:26.015Z	spark2	LOAD	21.292	4.106
2026-09-27T20:35:26.213Z	spark1	LOAD	21.906	7.000
2026-09-27T20:35:26.264Z	spark2	LOAD	21.292	4.106
2026-09-27T20:35:26.464Z	spark1	LOAD	21.874	7.000
2026-09-27T20:35:26.530Z	spark2	LOAD	21.292	4.106
2026-09-27T20:35:26.714Z	spark1	LOAD	21.833	7.000
2026-09-27T20:35:26.781Z	spark2	LOAD	21.292	4.106
2026-09-27T20:35:26.964Z	spark1	LOAD	21.809	7.000
2026-09-27T20:35:27.032Z	spark2	LOAD	21.292	4.106
2026-09-27T20:35:27.226Z	spark1	LOAD	21.774	7.000
2026-09-27T20:35:27.283Z	spark2	LOAD	21.292	4.106
2026-09-27T20:35:27.477Z	spark1	LOAD	21.739	6.999
2026-09-27T20:35:27.544Z	spark2	LOAD	21.292	4.106
2026-09-27T20:35:27.727Z	spark1	LOAD	21.731	6.999
2026-09-27T20:35:27.795Z	spark2	LOAD	21.292	4.106
2026-09-27T20:35:27.977Z	spark1	LOAD	21.700	6.999
2026-09-27T20:35:28.046Z	spark2	LOAD	21.292	4.106
2026-09-27T20:35:28.239Z	spark1	LOAD	21.681	6.999
2026-09-27T20:35:28.297Z	spark2	LOAD	21.292	4.106
2026-09-27T20:35:28.489Z	spark1	LOAD	21.651	6.999
2026-09-27T20:35:28.557Z	spark2	LOAD	21.292	4.106
2026-09-27T20:35:28.740Z	spark1	LOAD	21.594	6.999
2026-09-27T20:35:28.809Z	spark2	LOAD	21.293	4.106
2026-09-27T20:35:28.990Z	spark1	LOAD	21.535	6.999
2026-09-27T20:35:29.060Z	spark2	LOAD	21.293	4.106
2026-09-27T20:35:29.251Z	spark1	LOAD	21.508	6.999
2026-09-27T20:35:29.311Z	spark2	LOAD	21.293	4.106
2026-09-27T20:35:29.501Z	spark1	LOAD	21.468	6.999
2026-09-27T20:35:29.571Z	spark2	LOAD	21.296	4.106
2026-09-27T20:35:29.752Z	spark1	LOAD	21.444	6.999
2026-09-27T20:35:29.821Z	spark2	LOAD	21.305	4.106
2026-09-27T20:35:30.002Z	spark1	LOAD	21.387	6.999
2026-09-27T20:35:30.072Z	spark2	LOAD	21.311	4.106
2026-09-27T20:35:30.269Z	spark1	LOAD	21.352	6.999
2026-09-27T20:35:30.322Z	spark2	LOAD	21.311	4.106
2026-09-27T20:35:30.519Z	spark1	LOAD	21.318	6.999
2026-09-27T20:35:30.582Z	spark2	LOAD	21.311	4.106
2026-09-27T20:35:30.769Z	spark1	LOAD	21.278	6.999
2026-09-27T20:35:30.833Z	spark2	LOAD	21.311	4.106
2026-09-27T20:35:31.020Z	spark1	LOAD	21.248	6.999
2026-09-27T20:35:31.084Z	spark2	LOAD	21.311	4.106
2026-09-27T20:35:31.282Z	spark1	LOAD	21.220	6.999
2026-09-27T20:35:31.334Z	spark2	LOAD	21.311	4.106
2026-09-27T20:35:31.533Z	spark1	LOAD	21.190	6.999
2026-09-27T20:35:31.595Z	spark2	LOAD	21.311	4.106
2026-09-27T20:35:31.783Z	spark1	LOAD	21.163	6.999
2026-09-27T20:35:31.846Z	spark2	LOAD	21.311	4.106
2026-09-27T20:35:32.034Z	spark1	LOAD	21.133	6.999
2026-09-27T20:35:32.096Z	spark2	LOAD	21.311	4.106
2026-09-27T20:35:32.301Z	spark1	LOAD	21.098	6.999
2026-09-27T20:35:32.347Z	spark2	LOAD	21.311	4.106
2026-09-27T20:35:32.551Z	spark1	LOAD	21.067	6.999
2026-09-27T20:35:32.613Z	spark2	LOAD	21.311	4.106
2026-09-27T20:35:32.802Z	spark1	LOAD	21.006	6.999
2026-09-27T20:35:32.864Z	spark2	LOAD	21.311	4.106
2026-09-27T20:35:33.052Z	spark1	LOAD	20.978	6.999
2026-09-27T20:35:33.116Z	spark2	LOAD	21.311	4.106
2026-09-27T20:35:33.315Z	spark1	LOAD	20.944	6.999
2026-09-27T20:35:33.366Z	spark2	LOAD	21.311	4.106
2026-09-27T20:35:33.565Z	spark1	LOAD	20.917	6.999
2026-09-27T20:35:33.631Z	spark2	LOAD	21.311	4.106
2026-09-27T20:35:33.815Z	spark1	LOAD	20.870	6.998
2026-09-27T20:35:33.882Z	spark2	LOAD	21.311	4.106
2026-09-27T20:35:34.066Z	spark1	LOAD	20.840	6.998
2026-09-27T20:35:34.132Z	spark2	LOAD	21.311	4.106
2026-09-27T20:35:34.328Z	spark1	LOAD	20.811	6.998
2026-09-27T20:35:34.383Z	spark2	LOAD	21.311	4.106
2026-09-27T20:35:34.578Z	spark1	LOAD	20.836	6.998
2026-09-27T20:35:34.644Z	spark2	LOAD	21.311	4.106
2026-09-27T20:35:34.828Z	spark1	LOAD	20.756	6.998
2026-09-27T20:35:34.895Z	spark2	LOAD	21.311	4.106
2026-09-27T20:35:35.079Z	spark1	LOAD	20.714	6.998
2026-09-27T20:35:35.146Z	spark2	LOAD	21.311	4.106
2026-09-27T20:35:35.347Z	spark1	LOAD	20.682	6.998
2026-09-27T20:35:35.397Z	spark2	LOAD	21.311	4.106
2026-09-27T20:35:35.597Z	spark1	LOAD	20.678	6.999
2026-09-27T20:35:35.658Z	spark2	LOAD	21.311	4.106
2026-09-27T20:35:35.848Z	spark1	LOAD	20.653	7.000
2026-09-27T20:35:35.909Z	spark2	LOAD	21.311	4.106
2026-09-27T20:35:36.099Z	spark1	LOAD	20.618	7.000
2026-09-27T20:35:36.159Z	spark2	LOAD	21.311	4.106
2026-09-27T20:35:36.363Z	spark1	LOAD	20.569	7.001
2026-09-27T20:35:36.411Z	spark2	LOAD	21.311	4.106
2026-09-27T20:35:36.613Z	spark1	LOAD	20.533	7.001
2026-09-27T20:35:36.671Z	spark2	LOAD	21.311	4.106
2026-09-27T20:35:36.864Z	spark1	LOAD	20.478	7.001
2026-09-27T20:35:36.923Z	spark2	LOAD	21.311	4.106
2026-09-27T20:35:37.114Z	spark1	LOAD	20.438	7.001
2026-09-27T20:35:37.173Z	spark2	LOAD	21.311	4.106
2026-09-27T20:35:37.374Z	spark1	LOAD	20.402	7.001
2026-09-27T20:35:37.425Z	spark2	LOAD	21.311	4.106
2026-09-27T20:35:37.625Z	spark1	LOAD	20.366	7.001
2026-09-27T20:35:37.686Z	spark2	LOAD	21.311	4.106
2026-09-27T20:35:37.875Z	spark1	LOAD	20.325	7.001
2026-09-27T20:35:37.936Z	spark2	LOAD	21.311	4.106
2026-09-27T20:35:38.125Z	spark1	LOAD	20.287	7.001
2026-09-27T20:35:38.187Z	spark2	LOAD	21.311	4.106
2026-09-27T20:35:38.393Z	spark1	LOAD	20.252	7.001
2026-09-27T20:35:38.437Z	spark2	LOAD	21.311	4.106
2026-09-27T20:35:38.643Z	spark1	LOAD	20.199	7.001
2026-09-27T20:35:38.699Z	spark2	LOAD	21.311	4.106
2026-09-27T20:35:38.893Z	spark1	LOAD	20.148	7.001
2026-09-27T20:35:38.950Z	spark2	LOAD	21.311	4.106
2026-09-27T20:35:39.144Z	spark1	LOAD	20.108	7.001
2026-09-27T20:35:39.201Z	spark2	LOAD	21.311	4.106
2026-09-27T20:35:39.411Z	spark1	LOAD	20.079	7.001
2026-09-27T20:35:39.452Z	spark2	LOAD	21.311	4.106
2026-09-27T20:35:39.661Z	spark1	LOAD	20.053	7.001
2026-09-27T20:35:39.713Z	spark2	LOAD	21.311	4.106
2026-09-27T20:35:39.911Z	spark1	LOAD	20.000	7.001
2026-09-27T20:35:39.964Z	spark2	LOAD	21.311	4.106
2026-09-27T20:35:40.161Z	spark1	LOAD	19.939	7.000
2026-09-27T20:35:40.214Z	spark2	LOAD	21.311	4.106
2026-09-27T20:35:40.424Z	spark1	LOAD	19.876	7.000
2026-09-27T20:35:40.465Z	spark2	LOAD	21.309	4.105
2026-09-27T20:35:40.674Z	spark1	LOAD	19.847	7.000
2026-09-27T20:35:40.724Z	spark2	LOAD	21.302	4.105
2026-09-27T20:35:40.924Z	spark1	LOAD	19.776	7.000
2026-09-27T20:35:40.975Z	spark2	LOAD	21.304	4.105
2026-09-27T20:35:41.174Z	spark1	LOAD	19.820	7.000
2026-09-27T20:35:41.226Z	spark2	LOAD	21.304	4.105
2026-09-27T20:35:41.437Z	spark1	LOAD	19.792	7.000
2026-09-27T20:35:41.477Z	spark2	LOAD	21.304	4.105
2026-09-27T20:35:41.687Z	spark1	LOAD	19.738	7.000
2026-09-27T20:35:41.742Z	spark2	LOAD	21.304	4.105
2026-09-27T20:35:41.938Z	spark1	LOAD	19.711	7.000
2026-09-27T20:35:41.992Z	spark2	LOAD	21.305	4.105
2026-09-27T20:35:42.188Z	spark1	LOAD	19.681	7.000
2026-09-27T20:35:42.244Z	spark2	LOAD	21.305	4.105
2026-09-27T20:35:42.450Z	spark1	LOAD	19.646	7.000
2026-09-27T20:35:42.494Z	spark2	LOAD	21.305	4.105
2026-09-27T20:35:42.700Z	spark1	LOAD	19.619	7.000
2026-09-27T20:35:42.760Z	spark2	LOAD	21.305	4.105
2026-09-27T20:35:42.950Z	spark1	LOAD	19.553	7.000
2026-09-27T20:35:43.011Z	spark2	LOAD	21.305	4.105
2026-09-27T20:35:43.201Z	spark1	LOAD	19.535	7.000
2026-09-27T20:35:43.261Z	spark2	LOAD	21.305	4.105
2026-09-27T20:35:43.462Z	spark1	LOAD	19.503	7.000
2026-09-27T20:35:43.512Z	spark2	LOAD	21.306	4.105
2026-09-27T20:35:43.713Z	spark1	LOAD	19.475	7.000
2026-09-27T20:35:43.777Z	spark2	LOAD	21.306	4.105
2026-09-27T20:35:43.963Z	spark1	LOAD	19.435	7.000
2026-09-27T20:35:44.028Z	spark2	LOAD	21.306	4.105
2026-09-27T20:35:44.213Z	spark1	LOAD	19.404	7.000
2026-09-27T20:35:44.280Z	spark2	LOAD	21.306	4.105
2026-09-27T20:35:44.474Z	spark1	LOAD	19.369	7.000
2026-09-27T20:35:44.530Z	spark2	LOAD	21.306	4.105
2026-09-27T20:35:44.725Z	spark1	LOAD	19.326	7.000
2026-09-27T20:35:44.791Z	spark2	LOAD	21.306	4.105
2026-09-27T20:35:44.975Z	spark1	LOAD	19.304	7.000
2026-09-27T20:35:45.043Z	spark2	LOAD	21.306	4.105
2026-09-27T20:35:45.225Z	spark1	LOAD	19.213	7.000
2026-09-27T20:35:45.294Z	spark2	LOAD	21.306	4.105
2026-09-27T20:35:45.492Z	spark1	LOAD	19.182	7.000
2026-09-27T20:35:45.545Z	spark2	LOAD	21.306	4.105
2026-09-27T20:35:45.742Z	spark1	LOAD	19.153	7.000
2026-09-27T20:35:45.810Z	spark2	LOAD	21.306	4.105
2026-09-27T20:35:45.992Z	spark1	LOAD	19.119	7.000
2026-09-27T20:35:46.061Z	spark2	LOAD	21.306	4.105
2026-09-27T20:35:46.243Z	spark1	LOAD	19.095	7.000
2026-09-27T20:35:46.311Z	spark2	LOAD	21.306	4.105
2026-09-27T20:35:46.504Z	spark1	LOAD	19.057	7.000
2026-09-27T20:35:46.562Z	spark2	LOAD	21.306	4.105
2026-09-27T20:35:46.754Z	spark1	LOAD	19.027	7.000
2026-09-27T20:35:46.822Z	spark2	LOAD	21.306	4.105
2026-09-27T20:35:47.004Z	spark1	LOAD	20.214	7.000
2026-09-27T20:35:47.073Z	spark2	LOAD	21.306	4.105
2026-09-27T20:35:47.255Z	spark1	LOAD	22.212	6.999
2026-09-27T20:35:47.325Z	spark2	LOAD	21.306	4.105
2026-09-27T20:35:47.517Z	spark1	LOAD	22.192	6.999
2026-09-27T20:35:47.575Z	spark2	LOAD	21.306	4.105
2026-09-27T20:35:47.767Z	spark1	LOAD	22.152	6.999
2026-09-27T20:35:47.840Z	spark2	LOAD	21.306	4.105
2026-09-27T20:35:48.018Z	spark1	LOAD	22.123	6.999
2026-09-27T20:35:48.090Z	spark2	LOAD	21.306	4.105
2026-09-27T20:35:48.268Z	spark1	LOAD	22.093	6.999
2026-09-27T20:35:48.341Z	spark2	LOAD	21.306	4.105
2026-09-27T20:35:48.535Z	spark1	LOAD	22.049	6.999
2026-09-27T20:35:48.592Z	spark2	LOAD	21.306	4.105
2026-09-27T20:35:48.785Z	spark1	LOAD	22.022	6.999
2026-09-27T20:35:48.852Z	spark2	LOAD	21.306	4.105
2026-09-27T20:35:49.035Z	spark1	LOAD	22.001	6.999
2026-09-27T20:35:49.103Z	spark2	LOAD	21.306	4.105
2026-09-27T20:35:49.286Z	spark1	LOAD	21.966	6.975
2026-09-27T20:35:49.355Z	spark2	LOAD	21.306	4.105
2026-09-27T20:35:49.547Z	spark1	LOAD	21.935	6.975
2026-09-27T20:35:49.606Z	spark2	LOAD	21.306	4.105
2026-09-27T20:35:49.797Z	spark1	LOAD	21.910	6.975
2026-09-27T20:35:49.867Z	spark2	LOAD	21.306	4.105
2026-09-27T20:35:50.048Z	spark1	LOAD	21.871	6.974
2026-09-27T20:35:50.117Z	spark2	LOAD	21.306	4.105
2026-09-27T20:35:50.298Z	spark1	LOAD	21.837	6.974
2026-09-27T20:35:50.367Z	spark2	LOAD	21.306	4.105
2026-09-27T20:35:50.566Z	spark1	LOAD	21.803	6.974
2026-09-27T20:35:50.618Z	spark2	LOAD	21.306	4.105
2026-09-27T20:35:50.815Z	spark1	LOAD	21.772	6.974
2026-09-27T20:35:50.878Z	spark2	LOAD	21.306	4.105
2026-09-27T20:35:51.066Z	spark1	LOAD	21.719	6.974
2026-09-27T20:35:51.128Z	spark2	LOAD	21.306	4.105
2026-09-27T20:35:51.316Z	spark1	LOAD	21.658	6.974
2026-09-27T20:35:51.378Z	spark2	LOAD	21.306	4.105
2026-09-27T20:35:51.577Z	spark1	LOAD	21.592	6.974
2026-09-27T20:35:51.629Z	spark2	LOAD	21.288	4.105
2026-09-27T20:35:51.828Z	spark1	LOAD	21.566	6.974
2026-09-27T20:35:51.889Z	spark2	LOAD	21.302	4.105
2026-09-27T20:35:52.078Z	spark1	LOAD	21.527	6.974
2026-09-27T20:35:52.140Z	spark2	LOAD	21.302	4.105
2026-09-27T20:35:52.328Z	spark1	LOAD	21.501	6.974
2026-09-27T20:35:52.391Z	spark2	LOAD	21.302	4.105
2026-09-27T20:35:52.590Z	spark1	LOAD	21.472	6.974
2026-09-27T20:35:52.641Z	spark2	LOAD	21.302	4.105
2026-09-27T20:35:52.841Z	spark1	LOAD	21.442	6.974
2026-09-27T20:35:52.902Z	spark2	LOAD	21.302	4.105
2026-09-27T20:35:53.091Z	spark1	LOAD	21.413	6.974
2026-09-27T20:35:53.153Z	spark2	LOAD	21.302	4.105
2026-09-27T20:35:53.341Z	spark1	LOAD	21.345	6.974
2026-09-27T20:35:53.403Z	spark2	LOAD	21.302	4.105
2026-09-27T20:35:53.609Z	spark1	LOAD	21.313	6.974
2026-09-27T20:35:53.654Z	spark2	LOAD	21.302	4.105
2026-09-27T20:35:53.859Z	spark1	LOAD	21.285	6.974
2026-09-27T20:35:53.918Z	spark2	LOAD	21.302	4.105
2026-09-27T20:35:54.109Z	spark1	LOAD	21.258	6.974
2026-09-27T20:35:54.170Z	spark2	LOAD	21.302	4.105
2026-09-27T20:35:54.360Z	spark1	LOAD	21.215	6.974
2026-09-27T20:35:54.420Z	spark2	LOAD	21.302	4.105
2026-09-27T20:35:54.626Z	spark1	LOAD	21.181	6.974
2026-09-27T20:35:54.671Z	spark2	LOAD	21.302	4.105
2026-09-27T20:35:54.877Z	spark1	LOAD	21.149	6.974
2026-09-27T20:35:54.936Z	spark2	LOAD	21.303	4.105
2026-09-27T20:35:55.127Z	spark1	LOAD	21.119	6.974
2026-09-27T20:35:55.186Z	spark2	LOAD	21.303	4.105
2026-09-27T20:35:55.378Z	spark1	LOAD	21.064	6.974
2026-09-27T20:35:55.438Z	spark2	LOAD	21.303	4.105
2026-09-27T20:35:55.646Z	spark1	LOAD	21.028	6.974
2026-09-27T20:35:55.688Z	spark2	LOAD	21.303	4.105
2026-09-27T20:35:55.896Z	spark1	LOAD	21.001	6.974
2026-09-27T20:35:55.953Z	spark2	LOAD	21.303	4.105
2026-09-27T20:35:56.146Z	spark1	LOAD	20.974	6.974
2026-09-27T20:35:56.203Z	spark2	LOAD	21.303	4.105
2026-09-27T20:35:56.396Z	spark1	LOAD	20.939	6.974
2026-09-27T20:35:56.454Z	spark2	LOAD	21.303	4.105
2026-09-27T20:35:56.662Z	spark1	LOAD	20.897	6.973
2026-09-27T20:35:56.705Z	spark2	LOAD	21.303	4.105
2026-09-27T20:35:56.913Z	spark1	LOAD	20.859	6.973
2026-09-27T20:35:56.969Z	spark2	LOAD	21.303	4.105
2026-09-27T20:35:57.163Z	spark1	LOAD	20.829	6.973
2026-09-27T20:35:57.220Z	spark2	LOAD	21.303	4.105
2026-09-27T20:35:57.414Z	spark1	LOAD	20.775	6.973
2026-09-27T20:35:57.471Z	spark2	LOAD	21.303	4.105
2026-09-27T20:35:57.676Z	spark1	LOAD	20.819	6.973
2026-09-27T20:35:57.722Z	spark2	LOAD	21.303	4.105
2026-09-27T20:35:57.926Z	spark1	LOAD	20.783	6.973
2026-09-27T20:35:57.985Z	spark2	LOAD	21.303	4.105
2026-09-27T20:35:58.177Z	spark1	LOAD	20.746	6.973
2026-09-27T20:35:58.235Z	spark2	LOAD	21.303	4.105
2026-09-27T20:35:58.427Z	spark1	LOAD	20.713	6.973
2026-09-27T20:35:58.486Z	spark2	LOAD	21.303	4.105
2026-09-27T20:35:58.694Z	spark1	LOAD	20.677	6.973
2026-09-27T20:35:58.737Z	spark2	LOAD	21.303	4.105
2026-09-27T20:35:58.944Z	spark1	LOAD	20.639	6.973
2026-09-27T20:35:59.001Z	spark2	LOAD	21.303	4.105
2026-09-27T20:35:59.194Z	spark1	LOAD	20.589	6.973
2026-09-27T20:35:59.252Z	spark2	LOAD	21.303	4.105
2026-09-27T20:35:59.444Z	spark1	LOAD	20.550	6.973
2026-09-27T20:35:59.503Z	spark2	LOAD	21.303	4.105
2026-09-27T20:35:59.712Z	spark1	LOAD	20.517	6.973
2026-09-27T20:35:59.753Z	spark2	LOAD	21.303	4.105
2026-09-27T20:35:59.963Z	spark1	LOAD	20.490	6.973
2026-09-27T20:36:00.017Z	spark2	LOAD	21.303	4.105
2026-09-27T20:36:00.213Z	spark1	LOAD	20.451	6.972
2026-09-27T20:36:00.268Z	spark2	LOAD	21.303	4.105
2026-09-27T20:36:00.464Z	spark1	LOAD	20.422	6.972
2026-09-27T20:36:00.519Z	spark2	LOAD	21.303	4.105
2026-09-27T20:36:00.731Z	spark1	LOAD	20.410	6.976
2026-09-27T20:36:00.769Z	spark2	LOAD	21.303	4.105
2026-09-27T20:36:00.981Z	spark1	LOAD	20.373	6.978
2026-09-27T20:36:01.034Z	spark2	LOAD	21.303	4.105
2026-09-27T20:36:01.232Z	spark1	LOAD	20.307	6.978
2026-09-27T20:36:01.284Z	spark2	LOAD	21.303	4.105
2026-09-27T20:36:01.482Z	spark1	LOAD	20.234	6.978
2026-09-27T20:36:01.535Z	spark2	LOAD	21.303	4.105
2026-09-27T20:36:01.745Z	spark1	LOAD	20.201	6.978
2026-09-27T20:36:01.785Z	spark2	LOAD	21.303	4.105
2026-09-27T20:36:01.995Z	spark1	LOAD	20.152	6.978
2026-09-27T20:36:02.049Z	spark2	LOAD	21.303	4.105
2026-09-27T20:36:02.245Z	spark1	LOAD	20.114	6.978
2026-09-27T20:36:02.299Z	spark2	LOAD	21.303	4.105
2026-09-27T20:36:02.496Z	spark1	LOAD	20.091	6.978
2026-09-27T20:36:02.549Z	spark2	LOAD	21.308	4.105
2026-09-27T20:36:02.762Z	spark1	LOAD	20.038	6.978
2026-09-27T20:36:02.801Z	spark2	LOAD	21.318	4.105
2026-09-27T20:36:03.013Z	spark1	LOAD	20.106	6.978
2026-09-27T20:36:03.065Z	spark2	LOAD	21.318	4.105
2026-09-27T20:36:03.263Z	spark1	LOAD	20.070	6.978
2026-09-27T20:36:03.316Z	spark2	LOAD	21.318	4.105
2026-09-27T20:36:03.513Z	spark1	LOAD	19.952	6.978
2026-09-27T20:36:03.567Z	spark2	LOAD	21.318	4.105
2026-09-27T20:36:03.774Z	spark1	LOAD	19.882	6.977
2026-09-27T20:36:03.818Z	spark2	LOAD	21.318	4.105
2026-09-27T20:36:04.024Z	spark1	LOAD	19.901	6.977
2026-09-27T20:36:04.082Z	spark2	LOAD	21.318	4.105
2026-09-27T20:36:04.275Z	spark1	LOAD	19.871	6.977
2026-09-27T20:36:04.333Z	spark2	LOAD	21.318	4.105
2026-09-27T20:36:04.525Z	spark1	LOAD	19.840	6.977
2026-09-27T20:36:04.584Z	spark2	LOAD	21.318	4.105
2026-09-27T20:36:04.791Z	spark1	LOAD	19.810	6.977
2026-09-27T20:36:04.834Z	spark2	LOAD	21.320	4.105
2026-09-27T20:36:05.041Z	spark1	LOAD	19.786	6.977
2026-09-27T20:36:05.099Z	spark2	LOAD	21.320	4.105
2026-09-27T20:36:05.291Z	spark1	LOAD	19.751	6.977
2026-09-27T20:36:05.350Z	spark2	LOAD	21.321	4.105
2026-09-27T20:36:05.542Z	spark1	LOAD	19.720	6.977
2026-09-27T20:36:05.600Z	spark2	LOAD	21.321	4.105
2026-09-27T20:36:05.805Z	spark1	LOAD	19.640	6.977
2026-09-27T20:36:05.851Z	spark2	LOAD	21.321	4.105
2026-09-27T20:36:06.055Z	spark1	LOAD	19.608	6.977
2026-09-27T20:36:06.116Z	spark2	LOAD	21.321	4.105
2026-09-27T20:36:06.305Z	spark1	LOAD	19.535	6.977
2026-09-27T20:36:06.367Z	spark2	LOAD	21.321	4.105
2026-09-27T20:36:06.556Z	spark1	LOAD	19.501	6.977
2026-09-27T20:36:06.617Z	spark2	LOAD	21.321	4.105
2026-09-27T20:36:06.822Z	spark1	LOAD	19.442	6.977
2026-09-27T20:36:06.868Z	spark2	LOAD	21.321	4.105
2026-09-27T20:36:07.072Z	spark1	LOAD	19.398	6.977
2026-09-27T20:36:07.132Z	spark2	LOAD	21.321	4.105
2026-09-27T20:36:07.322Z	spark1	LOAD	19.353	6.977
2026-09-27T20:36:07.383Z	spark2	LOAD	21.321	4.105
2026-09-27T20:36:07.573Z	spark1	LOAD	19.326	6.977
2026-09-27T20:36:07.634Z	spark2	LOAD	21.321	4.105
2026-09-27T20:36:07.835Z	spark1	LOAD	19.279	6.977
2026-09-27T20:36:07.884Z	spark2	LOAD	21.321	4.105
2026-09-27T20:36:08.085Z	spark1	LOAD	19.314	6.977
2026-09-27T20:36:08.149Z	spark2	LOAD	21.321	4.105
2026-09-27T20:36:08.336Z	spark1	LOAD	19.278	6.977
2026-09-27T20:36:08.399Z	spark2	LOAD	21.321	4.105
2026-09-27T20:36:08.586Z	spark1	LOAD	19.223	6.977
2026-09-27T20:36:08.650Z	spark2	LOAD	21.321	4.105
2026-09-27T20:36:08.854Z	spark1	LOAD	19.205	6.977
2026-09-27T20:36:08.900Z	spark2	LOAD	21.321	4.105
2026-09-27T20:36:09.104Z	spark1	LOAD	19.155	6.977
2026-09-27T20:36:09.165Z	spark2	LOAD	21.321	4.105
2026-09-27T20:36:09.355Z	spark1	LOAD	19.118	6.977
2026-09-27T20:36:09.416Z	spark2	LOAD	21.321	4.105
2026-09-27T20:36:09.605Z	spark1	LOAD	19.083	6.977
2026-09-27T20:36:09.666Z	spark2	LOAD	21.321	4.105
2026-09-27T20:36:09.868Z	spark1	LOAD	19.094	7.007
2026-09-27T20:36:09.917Z	spark2	LOAD	21.321	4.105
2026-09-27T20:36:10.118Z	spark1	LOAD	19.235	7.007
2026-09-27T20:36:10.182Z	spark2	LOAD	21.321	4.105
2026-09-27T20:36:10.369Z	spark1	LOAD	21.487	7.007
2026-09-27T20:36:10.433Z	spark2	LOAD	21.321	4.105
2026-09-27T20:36:10.619Z	spark1	LOAD	22.357	7.007
2026-09-27T20:36:10.683Z	spark2	LOAD	21.321	4.105
2026-09-27T20:36:10.891Z	spark1	LOAD	22.322	7.007
2026-09-27T20:36:10.933Z	spark2	LOAD	21.321	4.105
2026-09-27T20:36:11.142Z	spark1	LOAD	22.285	7.007
2026-09-27T20:36:11.197Z	spark2	LOAD	21.321	4.105
2026-09-27T20:36:11.392Z	spark1	LOAD	22.246	7.007
2026-09-27T20:36:11.448Z	spark2	LOAD	21.321	4.105
2026-09-27T20:36:11.642Z	spark1	LOAD	22.215	7.007
2026-09-27T20:36:11.699Z	spark2	LOAD	21.321	4.105
2026-09-27T20:36:11.910Z	spark1	LOAD	22.153	7.007
2026-09-27T20:36:11.949Z	spark2	LOAD	21.321	4.105
2026-09-27T20:36:12.160Z	spark1	LOAD	22.106	7.007
2026-09-27T20:36:12.214Z	spark2	LOAD	21.321	4.105
2026-09-27T20:36:12.411Z	spark1	LOAD	22.078	7.007
2026-09-27T20:36:12.465Z	spark2	LOAD	21.321	4.105
2026-09-27T20:36:12.661Z	spark1	LOAD	22.048	7.007
2026-09-27T20:36:12.715Z	spark2	LOAD	21.321	4.105
2026-09-27T20:36:12.927Z	spark1	LOAD	21.956	7.006
2026-09-27T20:36:12.966Z	spark2	LOAD	21.321	4.105
2026-09-27T20:36:13.177Z	spark1	LOAD	21.913	7.006
2026-09-27T20:36:13.230Z	spark2	LOAD	21.319	4.105
2026-09-27T20:36:13.427Z	spark1	LOAD	21.885	7.006
2026-09-27T20:36:13.481Z	spark2	LOAD	21.318	4.105
2026-09-27T20:36:13.678Z	spark1	LOAD	21.830	7.006
2026-09-27T20:36:13.732Z	spark2	LOAD	21.317	4.104
2026-09-27T20:36:13.940Z	spark1	LOAD	21.780	7.006
2026-09-27T20:36:13.983Z	spark2	LOAD	21.317	4.104
2026-09-27T20:36:14.191Z	spark1	LOAD	21.753	7.006
2026-09-27T20:36:14.244Z	spark2	LOAD	21.317	4.104
2026-09-27T20:36:14.441Z	spark1	LOAD	21.717	7.006
2026-09-27T20:36:14.496Z	spark2	LOAD	21.317	4.104
2026-09-27T20:36:14.691Z	spark1	LOAD	21.684	7.006
2026-09-27T20:36:14.746Z	spark2	LOAD	21.317	4.104
2026-09-27T20:36:14.957Z	spark1	LOAD	21.654	7.006
2026-09-27T20:36:14.997Z	spark2	LOAD	21.319	4.104
2026-09-27T20:36:15.208Z	spark1	LOAD	21.622	7.006
2026-09-27T20:36:15.258Z	spark2	LOAD	21.319	4.104
2026-09-27T20:36:15.458Z	spark1	LOAD	21.587	7.006
2026-09-27T20:36:15.508Z	spark2	LOAD	21.319	4.104
2026-09-27T20:36:15.708Z	spark1	LOAD	21.564	7.006
2026-09-27T20:36:15.759Z	spark2	LOAD	21.319	4.104
2026-09-27T20:36:15.974Z	spark1	LOAD	21.502	7.005
2026-09-27T20:36:16.010Z	spark2	LOAD	21.321	4.104
2026-09-27T20:36:16.224Z	spark1	LOAD	21.475	7.004
2026-09-27T20:36:16.271Z	spark2	LOAD	21.321	4.104
2026-09-27T20:36:16.475Z	spark1	LOAD	21.437	7.002
2026-09-27T20:36:16.523Z	spark2	LOAD	21.321	4.104
2026-09-27T20:36:16.725Z	spark1	LOAD	21.404	7.002
2026-09-27T20:36:16.774Z	spark2	LOAD	21.321	4.104
2026-09-27T20:36:16.991Z	spark1	LOAD	21.362	7.002
2026-09-27T20:36:17.024Z	spark2	LOAD	21.322	4.104
2026-09-27T20:36:17.241Z	spark1	LOAD	21.325	7.002
2026-09-27T20:36:17.289Z	spark2	LOAD	21.322	4.104
2026-09-27T20:36:17.492Z	spark1	LOAD	21.285	7.002
2026-09-27T20:36:17.540Z	spark2	LOAD	21.322	4.104
2026-09-27T20:36:17.742Z	spark1	LOAD	21.253	7.002
2026-09-27T20:36:17.791Z	spark2	LOAD	21.322	4.104
2026-09-27T20:36:18.008Z	spark1	LOAD	21.195	7.002
2026-09-27T20:36:18.042Z	spark2	LOAD	21.323	4.104
2026-09-27T20:36:18.258Z	spark1	LOAD	21.160	7.002
2026-09-27T20:36:18.303Z	spark2	LOAD	21.323	4.104
2026-09-27T20:36:18.508Z	spark1	LOAD	21.128	7.002
2026-09-27T20:36:18.554Z	spark2	LOAD	21.323	4.104
2026-09-27T20:36:18.759Z	spark1	LOAD	21.098	7.002
2026-09-27T20:36:18.805Z	spark2	LOAD	21.323	4.104
2026-09-27T20:36:19.025Z	spark1	LOAD	21.056	7.002
2026-09-27T20:36:19.056Z	spark2	LOAD	21.323	4.104
2026-09-27T20:36:19.275Z	spark1	LOAD	21.028	7.002
2026-09-27T20:36:19.321Z	spark2	LOAD	21.323	4.104
2026-09-27T20:36:19.526Z	spark1	LOAD	20.991	7.002
2026-09-27T20:36:19.572Z	spark2	LOAD	21.323	4.104
2026-09-27T20:36:19.776Z	spark1	LOAD	20.964	7.002
2026-09-27T20:36:19.822Z	spark2	LOAD	21.323	4.104
2026-09-27T20:36:20.042Z	spark1	LOAD	20.909	7.002
2026-09-27T20:36:20.074Z	spark2	LOAD	21.323	4.104
2026-09-27T20:36:20.292Z	spark1	LOAD	20.881	7.002
2026-09-27T20:36:20.335Z	spark2	LOAD	21.323	4.104
2026-09-27T20:36:20.543Z	spark1	LOAD	20.847	7.002
2026-09-27T20:36:20.586Z	spark2	LOAD	21.323	4.104
2026-09-27T20:36:20.793Z	spark1	LOAD	20.817	7.002
2026-09-27T20:36:20.836Z	spark2	LOAD	21.323	4.104
2026-09-27T20:36:21.059Z	spark1	LOAD	20.783	7.002
2026-09-27T20:36:21.087Z	spark2	LOAD	21.323	4.104
2026-09-27T20:36:21.309Z	spark1	LOAD	20.742	7.002
2026-09-27T20:36:21.352Z	spark2	LOAD	21.323	4.104
2026-09-27T20:36:21.559Z	spark1	LOAD	20.714	7.002
2026-09-27T20:36:21.603Z	spark2	LOAD	21.323	4.104
2026-09-27T20:36:21.810Z	spark1	LOAD	20.677	7.002
2026-09-27T20:36:21.853Z	spark2	LOAD	21.323	4.104
2026-09-27T20:36:22.076Z	spark1	LOAD	20.619	7.002
2026-09-27T20:36:22.104Z	spark2	LOAD	21.322	4.104
2026-09-27T20:36:22.326Z	spark1	LOAD	20.690	7.003
2026-09-27T20:36:22.365Z	spark2	LOAD	21.322	4.104
2026-09-27T20:36:22.577Z	spark1	LOAD	20.668	7.005
2026-09-27T20:36:22.615Z	spark2	LOAD	21.322	4.104
2026-09-27T20:36:22.827Z	spark1	LOAD	20.638	7.005
2026-09-27T20:36:22.866Z	spark2	LOAD	21.322	4.104
2026-09-27T20:36:23.098Z	spark1	LOAD	20.591	7.006
2026-09-27T20:36:23.117Z	spark2	LOAD	21.322	4.104
2026-09-27T20:36:23.348Z	spark1	LOAD	20.556	7.006
2026-09-27T20:36:23.382Z	spark2	LOAD	21.322	4.104
2026-09-27T20:36:23.598Z	spark1	LOAD	20.519	7.006
2026-09-27T20:36:23.633Z	spark2	LOAD	21.322	4.104
2026-09-27T20:36:23.848Z	spark1	LOAD	20.439	7.006
2026-09-27T20:36:23.884Z	spark2	LOAD	21.322	4.104
2026-09-27T20:36:24.115Z	spark1	LOAD	20.386	7.006
2026-09-27T20:36:24.134Z	spark2	LOAD	21.322	4.104
2026-09-27T20:36:24.365Z	spark1	LOAD	20.362	7.006
2026-09-27T20:36:24.394Z	spark2	LOAD	21.315	4.104
2026-09-27T20:36:24.615Z	spark1	LOAD	20.310	7.006
2026-09-27T20:36:24.644Z	spark2	LOAD	21.317	4.104
2026-09-27T20:36:24.866Z	spark1	LOAD	20.274	7.005
2026-09-27T20:36:24.895Z	spark2	LOAD	21.317	4.104
2026-09-27T20:36:25.126Z	spark1	LOAD	20.224	7.005
2026-09-27T20:36:25.146Z	spark2	LOAD	21.319	4.104
2026-09-27T20:36:25.377Z	spark1	LOAD	20.187	7.005
2026-09-27T20:36:25.411Z	spark2	LOAD	21.319	4.104
2026-09-27T20:36:25.627Z	spark1	LOAD	20.148	7.005
2026-09-27T20:36:25.661Z	spark2	LOAD	21.319	4.104
2026-09-27T20:36:25.877Z	spark1	LOAD	20.097	7.005
2026-09-27T20:36:25.913Z	spark2	LOAD	21.319	4.104
2026-09-27T20:36:26.144Z	spark1	LOAD	20.036	7.005
2026-09-27T20:36:26.163Z	spark2	LOAD	21.319	4.104
2026-09-27T20:36:26.394Z	spark1	LOAD	19.995	7.004
2026-09-27T20:36:26.424Z	spark2	LOAD	21.319	4.104
2026-09-27T20:36:26.644Z	spark1	LOAD	19.965	7.004
2026-09-27T20:36:26.675Z	spark2	LOAD	21.319	4.104
2026-09-27T20:36:26.895Z	spark1	LOAD	19.936	7.004
2026-09-27T20:36:26.925Z	spark2	LOAD	21.320	4.104
2026-09-27T20:36:27.162Z	spark1	LOAD	19.899	7.004
2026-09-27T20:36:27.177Z	spark2	LOAD	21.320	4.104
2026-09-27T20:36:27.412Z	spark1	LOAD	19.864	7.004
2026-09-27T20:36:27.442Z	spark2	LOAD	21.320	4.104
2026-09-27T20:36:27.663Z	spark1	LOAD	19.830	7.004
2026-09-27T20:36:27.694Z	spark2	LOAD	21.320	4.104
2026-09-27T20:36:27.913Z	spark1	LOAD	19.817	7.000
2026-09-27T20:36:27.945Z	spark2	LOAD	21.321	4.104
2026-09-27T20:36:28.180Z	spark1	LOAD	19.855	7.000
2026-09-27T20:36:28.196Z	spark2	LOAD	21.321	4.104
2026-09-27T20:36:28.431Z	spark1	LOAD	19.814	7.000
2026-09-27T20:36:28.457Z	spark2	LOAD	21.321	4.104
2026-09-27T20:36:28.681Z	spark1	LOAD	19.760	6.999
2026-09-27T20:36:28.708Z	spark2	LOAD	21.321	4.104
2026-09-27T20:36:28.932Z	spark1	LOAD	19.728	6.999
2026-09-27T20:36:28.959Z	spark2	LOAD	21.321	4.104
2026-09-27T20:36:29.194Z	spark1	LOAD	19.730	6.999
2026-09-27T20:36:29.210Z	spark2	LOAD	21.321	4.104
2026-09-27T20:36:29.444Z	spark1	LOAD	19.696	6.999
2026-09-27T20:36:29.470Z	spark2	LOAD	21.321	4.104
2026-09-27T20:36:29.694Z	spark1	LOAD	19.646	6.999
2026-09-27T20:36:29.721Z	spark2	LOAD	21.321	4.104
2026-09-27T20:36:29.945Z	spark1	LOAD	19.617	6.999
2026-09-27T20:36:29.972Z	spark2	LOAD	21.321	4.104
2026-09-27T20:36:30.213Z	spark1	LOAD	19.575	6.999
2026-09-27T20:36:30.223Z	spark2	LOAD	21.321	4.104
2026-09-27T20:36:30.463Z	spark1	LOAD	19.519	6.999
2026-09-27T20:36:30.489Z	spark2	LOAD	21.321	4.104
2026-09-27T20:36:30.714Z	spark1	LOAD	19.489	6.999
2026-09-27T20:36:30.739Z	spark2	LOAD	21.321	4.104
2026-09-27T20:36:30.964Z	spark1	LOAD	19.500	6.999
2026-09-27T20:36:30.990Z	spark2	LOAD	21.321	4.104
2026-09-27T20:36:31.225Z	spark1	LOAD	19.445	6.999
2026-09-27T20:36:31.241Z	spark2	LOAD	21.321	4.104
2026-09-27T20:36:31.475Z	spark1	LOAD	19.397	6.999
2026-09-27T20:36:31.505Z	spark2	LOAD	21.321	4.104
2026-09-27T20:36:31.725Z	spark1	LOAD	19.355	6.999
2026-09-27T20:36:31.756Z	spark2	LOAD	21.321	4.104
2026-09-27T20:36:31.976Z	spark1	LOAD	19.327	6.999
2026-09-27T20:36:32.006Z	spark2	LOAD	21.321	4.104
2026-09-27T20:36:32.243Z	spark1	LOAD	19.295	6.999
2026-09-27T20:36:32.256Z	spark2	LOAD	21.321	4.104
2026-09-27T20:36:32.493Z	spark1	LOAD	19.212	6.999
2026-09-27T20:36:32.517Z	spark2	LOAD	21.321	4.104
2026-09-27T20:36:32.743Z	spark1	LOAD	19.244	6.999
2026-09-27T20:36:32.767Z	spark2	LOAD	21.321	4.104
2026-09-27T20:36:32.993Z	spark1	LOAD	19.205	6.999
2026-09-27T20:36:33.019Z	spark2	LOAD	21.321	4.104
2026-09-27T20:36:33.260Z	spark1	LOAD	19.136	6.999
2026-09-27T20:36:33.270Z	spark2	LOAD	21.321	4.104
2026-09-27T20:36:33.510Z	spark1	LOAD	19.124	6.999
2026-09-27T20:36:33.534Z	spark2	LOAD	21.321	4.104
2026-09-27T20:36:33.761Z	spark1	LOAD	19.084	6.999
2026-09-27T20:36:33.785Z	spark2	LOAD	21.321	4.104
2026-09-27T20:36:34.012Z	spark1	LOAD	20.145	6.999
2026-09-27T20:36:34.036Z	spark2	LOAD	21.321	4.104
2026-09-27T20:36:34.278Z	spark1	LOAD	22.006	6.999
2026-09-27T20:36:34.287Z	spark2	LOAD	21.321	4.104
2026-09-27T20:36:34.528Z	spark1	LOAD	22.331	6.999
2026-09-27T20:36:34.547Z	spark2	LOAD	21.321	4.104
2026-09-27T20:36:34.778Z	spark1	LOAD	22.283	6.989
2026-09-27T20:36:34.798Z	spark2	LOAD	21.321	4.104
2026-09-27T20:36:35.029Z	spark1	LOAD	22.263	6.983
2026-09-27T20:36:35.048Z	spark2	LOAD	21.313	4.104
2026-09-27T20:36:35.296Z	spark1	LOAD	22.167	6.978
2026-09-27T20:36:35.299Z	spark2	LOAD	21.316	4.104
2026-09-27T20:36:35.546Z	spark1	LOAD	22.082	6.978
2026-09-27T20:36:35.558Z	spark2	LOAD	21.313	4.104
2026-09-27T20:36:35.796Z	spark1	LOAD	21.883	6.978
2026-09-27T20:36:35.810Z	spark2	LOAD	21.313	4.104
2026-09-27T20:36:36.047Z	spark1	LOAD	21.829	6.978
2026-09-27T20:36:36.061Z	spark2	LOAD	21.313	4.104
2026-09-27T20:36:36.308Z	spark1	LOAD	21.790	6.978
2026-09-27T20:36:36.311Z	spark2	LOAD	21.313	4.104
2026-09-27T20:36:36.559Z	spark1	LOAD	20.003	6.978
2026-09-27T20:36:36.572Z	spark2	LOAD	21.313	4.104
2026-09-27T20:36:36.809Z	spark1	LOAD	18.057	6.978
2026-09-27T20:36:36.822Z	spark2	LOAD	21.313	4.104
2026-09-27T20:36:37.060Z	spark1	LOAD	16.447	6.979
2026-09-27T20:36:37.073Z	spark2	LOAD	21.314	4.104
2026-09-27T20:36:37.323Z	spark2	LOAD	21.314	4.104
2026-09-27T20:36:37.328Z	spark1	LOAD	14.650	6.980
2026-09-27T20:36:37.579Z	spark1	LOAD	14.600	6.980
2026-09-27T20:36:37.584Z	spark2	LOAD	21.314	4.104
2026-09-27T20:36:37.830Z	spark1	LOAD	19.995	6.980
2026-09-27T20:36:37.835Z	spark2	LOAD	21.314	4.104
2026-09-27T20:36:38.080Z	spark1	LOAD	14.610	6.980
2026-09-27T20:36:38.085Z	spark2	LOAD	21.315	4.104
2026-09-27T20:36:38.337Z	spark2	LOAD	21.315	4.104
2026-09-27T20:36:38.342Z	spark1	LOAD	15.172	6.980
2026-09-27T20:36:38.592Z	spark1	LOAD	20.115	6.980
2026-09-27T20:36:38.596Z	spark2	LOAD	21.315	4.104
2026-09-27T20:36:38.843Z	spark1	LOAD	14.551	6.980
2026-09-27T20:36:38.848Z	spark2	LOAD	21.315	4.104
2026-09-27T20:36:39.094Z	spark1	LOAD	15.328	6.980
2026-09-27T20:36:39.097Z	spark2	LOAD	21.315	4.104
2026-09-27T20:36:39.347Z	spark2	LOAD	21.315	4.104
2026-09-27T20:36:39.356Z	spark1	LOAD	18.716	6.980
2026-09-27T20:36:39.607Z	spark1	LOAD	14.556	6.980
2026-09-27T20:36:39.613Z	spark2	LOAD	21.315	4.104
2026-09-27T20:36:39.857Z	spark1	LOAD	17.078	6.979
2026-09-27T20:36:39.864Z	spark2	LOAD	21.315	4.104
2026-09-27T20:36:40.107Z	spark1	LOAD	17.897	6.979
2026-09-27T20:36:40.114Z	spark2	LOAD	21.315	4.104
2026-09-27T20:36:40.365Z	spark2	LOAD	21.315	4.104
2026-09-27T20:36:40.370Z	spark1	LOAD	14.225	6.979
2026-09-27T20:36:40.620Z	spark1	LOAD	20.123	6.979
2026-09-27T20:36:40.632Z	spark2	LOAD	21.314	4.104
2026-09-27T20:36:40.871Z	spark1	LOAD	14.548	6.979
2026-09-27T20:36:40.881Z	spark2	LOAD	21.314	4.104
2026-09-27T20:36:41.121Z	spark1	LOAD	17.223	6.979
2026-09-27T20:36:41.131Z	spark2	LOAD	21.314	4.104
2026-09-27T20:36:41.381Z	spark2	LOAD	21.314	4.104
2026-09-27T20:36:41.387Z	spark1	LOAD	17.205	6.979
2026-09-27T20:36:41.638Z	spark1	LOAD	14.202	6.979
2026-09-27T20:36:41.643Z	spark2	LOAD	21.314	4.104
2026-09-27T20:36:41.889Z	spark1	LOAD	19.517	6.979
2026-09-27T20:36:41.894Z	spark2	LOAD	21.314	4.104
2026-09-27T20:36:42.140Z	spark1	LOAD	14.514	6.979
2026-09-27T20:36:42.144Z	spark2	LOAD	21.314	4.104
2026-09-27T20:36:42.395Z	spark2	LOAD	21.314	4.104
2026-09-27T20:36:42.413Z	spark1	LOAD	20.620	6.979
2026-09-27T20:36:42.655Z	spark2	LOAD	21.314	4.104
2026-09-27T20:36:42.664Z	spark1	LOAD	15.514	6.979
2026-09-27T20:36:42.906Z	spark2	LOAD	21.314	4.104
2026-09-27T20:36:42.915Z	spark1	LOAD	14.700	6.979
2026-09-27T20:36:43.157Z	spark2	LOAD	21.314	4.104
2026-09-27T20:36:43.165Z	spark1	LOAD	18.411	6.979
2026-09-27T20:36:43.408Z	spark2	LOAD	21.314	4.104
2026-09-27T20:36:43.437Z	spark1	LOAD	14.213	6.979
2026-09-27T20:36:43.668Z	spark2	LOAD	21.313	4.104
2026-09-27T20:36:43.688Z	spark1	LOAD	19.912	6.979
2026-09-27T20:36:43.919Z	spark2	LOAD	21.313	4.104
2026-09-27T20:36:43.939Z	spark1	LOAD	14.519	6.979
2026-09-27T20:36:44.170Z	spark2	LOAD	21.313	4.104
2026-09-27T20:36:44.189Z	spark1	LOAD	18.830	6.979
2026-09-27T20:36:44.420Z	spark2	LOAD	21.313	4.104
2026-09-27T20:36:44.456Z	spark1	LOAD	16.334	6.979
2026-09-27T20:36:44.681Z	spark2	LOAD	21.313	4.104
2026-09-27T20:36:44.706Z	spark1	LOAD	14.132	6.977
2026-09-27T20:36:44.931Z	spark2	LOAD	21.313	4.104
2026-09-27T20:36:44.957Z	spark1	LOAD	19.136	6.977
2026-09-27T20:36:45.182Z	spark2	LOAD	21.313	4.104
2026-09-27T20:36:45.208Z	spark1	LOAD	14.459	6.977
2026-09-27T20:36:45.432Z	spark2	LOAD	21.313	4.104
2026-09-27T20:36:45.476Z	spark1	LOAD	20.243	6.977
2026-09-27T20:36:45.696Z	spark2	LOAD	21.313	4.104
2026-09-27T20:36:45.726Z	spark1	LOAD	15.049	6.977
2026-09-27T20:36:45.947Z	spark2	LOAD	21.313	4.104
2026-09-27T20:36:45.977Z	spark1	LOAD	15.144	6.976
2026-09-27T20:36:46.197Z	spark2	LOAD	21.312	4.104
2026-09-27T20:36:46.228Z	spark1	LOAD	18.025	6.976
2026-09-27T20:36:46.447Z	spark2	LOAD	21.303	4.104
2026-09-27T20:36:46.494Z	spark1	LOAD	14.156	6.976
2026-09-27T20:36:46.713Z	spark2	LOAD	21.303	4.103
2026-09-27T20:36:46.744Z	spark1	LOAD	19.469	6.976
2026-09-27T20:36:46.963Z	spark2	LOAD	21.303	4.103
2026-09-27T20:36:46.996Z	spark1	LOAD	14.445	6.976
2026-09-27T20:36:47.213Z	spark2	LOAD	21.303	4.103
2026-09-27T20:36:47.246Z	spark1	LOAD	19.635	6.976
2026-09-27T20:36:47.464Z	spark2	LOAD	21.303	4.103
2026-09-27T20:36:47.514Z	spark1	LOAD	15.764	6.976
2026-09-27T20:36:47.729Z	spark2	LOAD	21.303	4.103
2026-09-27T20:36:47.764Z	spark1	LOAD	14.722	6.976
2026-09-27T20:36:47.979Z	spark2	LOAD	21.305	4.103
2026-09-27T20:36:48.015Z	spark1	LOAD	18.264	6.976
2026-09-27T20:36:48.230Z	spark2	LOAD	21.305	4.103
2026-09-27T20:36:48.265Z	spark1	LOAD	14.348	6.976
2026-09-27T20:36:48.480Z	spark2	LOAD	21.305	4.103
2026-09-27T20:36:48.530Z	spark1	LOAD	19.887	6.976
2026-09-27T20:36:48.746Z	spark2	LOAD	21.305	4.103
2026-09-27T20:36:48.782Z	spark1	LOAD	14.484	6.976
2026-09-27T20:36:48.997Z	spark2	LOAD	21.307	4.103
2026-09-27T20:36:49.032Z	spark1	LOAD	18.017	6.976
2026-09-27T20:36:49.248Z	spark2	LOAD	21.307	4.103
2026-09-27T20:36:49.282Z	spark1	LOAD	17.036	6.975
2026-09-27T20:36:49.499Z	spark2	LOAD	21.307	4.103
2026-09-27T20:36:49.551Z	spark1	LOAD	14.104	6.975
2026-09-27T20:36:49.763Z	spark2	LOAD	21.307	4.103
2026-09-27T20:36:49.802Z	spark1	LOAD	18.728	6.975
2026-09-27T20:36:50.014Z	spark2	LOAD	21.307	4.103
2026-09-27T20:36:50.052Z	spark1	LOAD	14.408	6.975
2026-09-27T20:36:50.265Z	spark2	LOAD	21.307	4.103
2026-09-27T20:36:50.302Z	spark1	LOAD	20.048	6.975
2026-09-27T20:36:50.515Z	spark2	LOAD	21.307	4.103
2026-09-27T20:36:50.570Z	spark1	LOAD	14.477	6.975
2026-09-27T20:36:50.776Z	spark2	LOAD	21.307	4.103
2026-09-27T20:36:50.820Z	spark1	LOAD	17.402	6.975
2026-09-27T20:36:51.027Z	spark2	LOAD	21.307	4.103
2026-09-27T20:36:51.070Z	spark1	LOAD	17.634	6.975
2026-09-27T20:36:51.278Z	spark2	LOAD	21.307	4.103
2026-09-27T20:36:51.321Z	spark1	LOAD	14.145	6.975
2026-09-27T20:36:51.529Z	spark2	LOAD	21.307	4.103
2026-09-27T20:36:51.593Z	spark1	LOAD	19.171	6.975
2026-09-27T20:36:51.794Z	spark2	LOAD	21.307	4.103
2026-09-27T20:36:51.844Z	spark1	LOAD	14.445	6.975
2026-09-27T20:36:52.044Z	spark2	LOAD	21.307	4.103
2026-09-27T20:36:52.094Z	spark1	LOAD	20.312	6.975
2026-09-27T20:36:52.294Z	spark2	LOAD	21.307	4.103
2026-09-27T20:36:52.344Z	spark1	LOAD	14.474	6.975
2026-09-27T20:36:52.545Z	spark2	LOAD	21.307	4.103
2026-09-27T20:36:52.606Z	spark1	LOAD	18.449	6.975
2026-09-27T20:36:52.806Z	spark2	LOAD	21.307	4.103
2026-09-27T20:36:52.856Z	spark1	LOAD	16.728	6.975
2026-09-27T20:36:53.056Z	spark2	LOAD	21.307	4.103
2026-09-27T20:36:53.107Z	spark1	LOAD	14.152	6.975
2026-09-27T20:36:53.307Z	spark2	LOAD	21.307	4.103
2026-09-27T20:36:53.358Z	spark1	LOAD	19.359	6.975
2026-09-27T20:36:53.557Z	spark2	LOAD	21.307	4.103
2026-09-27T20:36:53.630Z	spark1	LOAD	14.406	6.974
2026-09-27T20:36:53.823Z	spark2	LOAD	21.307	4.103
2026-09-27T20:36:53.880Z	spark1	LOAD	20.376	6.974
2026-09-27T20:36:54.074Z	spark2	LOAD	21.307	4.103
2026-09-27T20:36:54.130Z	spark1	LOAD	14.554	6.974
2026-09-27T20:36:54.324Z	spark2	LOAD	21.307	4.103
2026-09-27T20:36:54.381Z	spark1	LOAD	15.626	6.974
2026-09-27T20:36:54.575Z	spark2	LOAD	21.307	4.103
2026-09-27T20:36:54.641Z	spark1	LOAD	17.679	6.974
2026-09-27T20:36:54.840Z	spark2	LOAD	21.307	4.103
2026-09-27T20:36:54.893Z	spark1	LOAD	14.156	6.974
2026-09-27T20:36:55.091Z	spark2	LOAD	21.307	4.103
2026-09-27T20:36:55.143Z	spark1	LOAD	19.800	6.974
2026-09-27T20:36:55.342Z	spark2	LOAD	21.307	4.103
2026-09-27T20:36:55.394Z	spark1	LOAD	14.469	6.974
2026-09-27T20:36:55.592Z	spark2	LOAD	21.307	4.103
2026-09-27T20:36:55.675Z	spark1	LOAD	21.153	6.974
2026-09-27T20:36:55.858Z	spark2	LOAD	21.308	4.103
2026-09-27T20:36:55.925Z	spark1	LOAD	15.264	6.974
2026-09-27T20:36:56.109Z	spark2	LOAD	21.308	4.103
2026-09-27T20:36:56.176Z	spark1	LOAD	15.008	6.973
2026-09-27T20:36:56.359Z	spark2	LOAD	21.308	4.103
2026-09-27T20:36:56.427Z	spark1	LOAD	18.075	6.973
2026-09-27T20:36:56.610Z	spark2	LOAD	21.308	4.103
2026-09-27T20:36:56.702Z	spark1	LOAD	14.159	6.972
2026-09-27T20:36:56.874Z	spark2	LOAD	21.308	4.103
2026-09-27T20:36:56.953Z	spark1	LOAD	19.950	6.972
2026-09-27T20:36:57.125Z	spark2	LOAD	21.308	4.103
2026-09-27T20:36:57.203Z	spark1	LOAD	14.484	6.972
2026-09-27T20:36:57.375Z	spark2	LOAD	21.304	4.103
2026-09-27T20:36:57.453Z	spark1	LOAD	16.681	6.972
2026-09-27T20:36:57.625Z	spark2	LOAD	21.308	4.103
2026-09-27T20:36:57.721Z	spark1	LOAD	16.466	6.972
2026-09-27T20:36:57.886Z	spark2	LOAD	21.308	4.103
2026-09-27T20:36:57.971Z	spark1	LOAD	14.071	6.972
2026-09-27T20:36:58.137Z	spark2	LOAD	21.309	4.103
2026-09-27T20:36:58.221Z	spark1	LOAD	18.957	6.972
2026-09-27T20:36:58.387Z	spark2	LOAD	21.309	4.103
2026-09-27T20:36:58.472Z	spark1	LOAD	14.344	6.972
2026-09-27T20:36:58.638Z	spark2	LOAD	21.309	4.103
2026-09-27T20:36:58.740Z	spark1	LOAD	20.021	6.972
2026-09-27T20:36:58.898Z	spark2	LOAD	21.309	4.103
2026-09-27T20:36:58.991Z	spark1	LOAD	14.436	6.972
2026-09-27T20:36:59.149Z	spark2	LOAD	21.310	4.103
2026-09-27T20:36:59.241Z	spark1	LOAD	16.847	6.972
2026-09-27T20:36:59.401Z	spark2	LOAD	21.310	4.103
2026-09-27T20:36:59.491Z	spark1	LOAD	16.868	6.972
2026-09-27T20:36:59.650Z	spark2	LOAD	21.310	4.103
2026-09-27T20:36:59.761Z	spark1	LOAD	14.449	6.972
2026-09-27T20:36:59.910Z	spark2	LOAD	21.311	4.103
2026-09-27T20:37:00.011Z	spark1	LOAD	18.500	6.972
2026-09-27T20:37:00.161Z	spark2	LOAD	21.310	4.103
2026-09-27T20:37:00.261Z	spark1	LOAD	14.320	6.972
2026-09-27T20:37:00.411Z	spark2	LOAD	21.310	4.103
2026-09-27T20:37:00.512Z	spark1	LOAD	19.905	6.972
2026-09-27T20:37:00.661Z	spark2	LOAD	21.310	4.103
2026-09-27T20:37:00.787Z	spark1	LOAD	14.472	6.972
2026-09-27T20:37:00.927Z	spark2	LOAD	21.310	4.103
2026-09-27T20:37:01.037Z	spark1	LOAD	20.930	6.972
2026-09-27T20:37:01.177Z	spark2	LOAD	21.310	4.103
2026-09-27T20:37:01.288Z	spark1	LOAD	15.099	6.972
2026-09-27T20:37:01.430Z	spark2	LOAD	21.310	4.103
2026-09-27T20:37:01.538Z	spark1	LOAD	15.758	6.972
2026-09-27T20:37:01.680Z	spark2	LOAD	21.310	4.103
2026-09-27T20:37:01.804Z	spark1	LOAD	17.156	6.972
2026-09-27T20:37:01.945Z	spark2	LOAD	21.310	4.103
2026-09-27T20:37:02.054Z	spark1	LOAD	14.116	6.972
2026-09-27T20:37:02.196Z	spark2	LOAD	21.310	4.103
2026-09-27T20:37:02.304Z	spark1	LOAD	18.961	6.972
2026-09-27T20:37:02.446Z	spark2	LOAD	21.310	4.103
2026-09-27T20:37:02.555Z	spark1	LOAD	14.357	6.972
2026-09-27T20:37:02.697Z	spark2	LOAD	21.310	4.103
2026-09-27T20:37:02.816Z	spark1	LOAD	21.166	6.971
2026-09-27T20:37:02.957Z	spark2	LOAD	21.310	4.103
2026-09-27T20:37:03.067Z	spark1	LOAD	20.861	6.971
2026-09-27T20:37:03.208Z	spark2	LOAD	21.310	4.103
2026-09-27T20:37:03.318Z	spark1	LOAD	20.402	6.971
2026-09-27T20:37:03.458Z	spark2	LOAD	21.310	4.103
2026-09-27T20:37:03.568Z	spark1	LOAD	21.372	6.971
2026-09-27T20:37:03.709Z	spark2	LOAD	21.310	4.103
2026-09-27T20:37:03.830Z	spark1	LOAD	21.375	6.971
2026-09-27T20:37:03.970Z	spark2	LOAD	21.310	4.103
2026-09-27T20:37:04.080Z	spark1	LOAD	21.373	6.971
2026-09-27T20:37:04.220Z	spark2	LOAD	21.310	4.103
2026-09-27T20:37:04.331Z	spark1	LOAD	21.362	6.971
2026-09-27T20:37:04.470Z	spark2	LOAD	21.310	4.103
2026-09-27T20:37:04.581Z	spark1	LOAD	21.358	6.971
2026-09-27T20:37:04.721Z	spark2	LOAD	21.310	4.103
2026-09-27T20:37:04.848Z	spark1	LOAD	20.726	6.971
2026-09-27T20:37:04.986Z	spark2	LOAD	21.309	4.103
2026-09-27T20:37:05.099Z	spark1	LOAD	19.452	6.971
2026-09-27T20:37:05.237Z	spark2	LOAD	21.310	4.103
2026-09-27T20:37:05.349Z	spark1	LOAD	19.444	6.971
2026-09-27T20:37:05.487Z	spark2	LOAD	21.310	4.103
2026-09-27T20:37:05.599Z	spark1	LOAD	19.438	6.971
2026-09-27T20:37:05.738Z	spark2	LOAD	21.310	4.103
2026-09-27T20:37:05.862Z	spark1	LOAD	18.804	6.971
2026-09-27T20:37:06.000Z	spark2	LOAD	21.310	4.103
2026-09-27T20:37:06.112Z	spark1	LOAD	18.769	6.971
2026-09-27T20:37:06.250Z	spark2	LOAD	21.310	4.103
2026-09-27T20:37:06.362Z	spark1	LOAD	18.715	6.971
2026-09-27T20:37:06.500Z	spark2	LOAD	21.310	4.103
2026-09-27T20:37:06.613Z	spark1	LOAD	18.650	6.971
2026-09-27T20:37:06.751Z	spark2	LOAD	21.310	4.103
2026-09-27T20:37:06.879Z	spark1	LOAD	18.619	6.971
2026-09-27T20:37:07.016Z	spark2	LOAD	21.311	4.103
2026-09-27T20:37:07.130Z	spark1	LOAD	18.576	6.971
2026-09-27T20:37:07.266Z	spark2	LOAD	21.311	4.103
2026-09-27T20:37:07.380Z	spark1	LOAD	18.534	6.970
2026-09-27T20:37:07.517Z	spark2	LOAD	21.311	4.103
2026-09-27T20:37:07.630Z	spark1	LOAD	18.483	6.970
2026-09-27T20:37:07.767Z	spark2	LOAD	21.311	4.103
2026-09-27T20:37:07.893Z	spark1	LOAD	18.348	6.969
2026-09-27T20:37:08.028Z	spark2	LOAD	21.310	4.103
2026-09-27T20:37:08.143Z	spark1	LOAD	18.334	6.968
2026-09-27T20:37:08.279Z	spark2	LOAD	21.308	4.103
2026-09-27T20:37:08.394Z	spark1	LOAD	18.284	6.968
2026-09-27T20:37:08.529Z	spark2	LOAD	21.288	4.103
2026-09-27T20:37:08.644Z	spark1	LOAD	18.226	6.968
2026-09-27T20:37:08.779Z	spark2	LOAD	21.301	4.103
2026-09-27T20:37:08.911Z	spark1	LOAD	18.240	6.968
2026-09-27T20:37:09.039Z	spark2	LOAD	21.301	4.103
2026-09-27T20:37:09.161Z	spark1	LOAD	18.187	6.968
2026-09-27T20:37:09.290Z	spark2	LOAD	21.302	4.103
2026-09-27T20:37:09.411Z	spark1	LOAD	18.153	6.968
2026-09-27T20:37:09.540Z	spark2	LOAD	21.302	4.103
2026-09-27T20:37:09.662Z	spark1	LOAD	18.097	6.968
2026-09-27T20:37:09.791Z	spark2	LOAD	21.302	4.103
2026-09-27T20:37:09.929Z	spark1	LOAD	18.063	6.968
2026-09-27T20:37:10.052Z	spark2	LOAD	21.302	4.103
2026-09-27T20:37:10.179Z	spark1	LOAD	18.015	6.968
2026-09-27T20:37:10.302Z	spark2	LOAD	21.303	4.103
2026-09-27T20:37:10.430Z	spark1	LOAD	17.976	6.968
2026-09-27T20:37:10.552Z	spark2	LOAD	21.303	4.103
2026-09-27T20:37:10.681Z	spark1	LOAD	17.937	6.968
2026-09-27T20:37:10.802Z	spark2	LOAD	21.303	4.103
2026-09-27T20:37:10.943Z	spark1	LOAD	17.870	6.968
2026-09-27T20:37:11.068Z	spark2	LOAD	21.302	4.103
2026-09-27T20:37:11.193Z	spark1	LOAD	17.733	6.968
2026-09-27T20:37:11.319Z	spark2	LOAD	21.302	4.103
2026-09-27T20:37:11.445Z	spark1	LOAD	18.438	6.968
2026-09-27T20:37:11.569Z	spark2	LOAD	21.302	4.103
2026-09-27T20:37:11.695Z	spark1	LOAD	19.170	6.968
2026-09-27T20:37:11.821Z	spark2	LOAD	21.302	4.103
2026-09-27T20:37:11.962Z	spark1	LOAD	19.158	6.968
2026-09-27T20:37:12.081Z	spark2	LOAD	21.304	4.103
2026-09-27T20:37:12.213Z	spark1	LOAD	19.143	6.968
2026-09-27T20:37:12.333Z	spark2	LOAD	21.304	4.103
2026-09-27T20:37:12.463Z	spark1	LOAD	19.136	6.968
2026-09-27T20:37:12.582Z	spark2	LOAD	21.304	4.103
2026-09-27T20:37:12.714Z	spark1	LOAD	19.132	6.968
2026-09-27T20:37:12.833Z	spark2	LOAD	21.304	4.103
2026-09-27T20:37:12.977Z	spark1	LOAD	19.120	6.968
2026-09-27T20:37:13.098Z	spark2	LOAD	21.306	4.103
2026-09-27T20:37:13.227Z	spark1	LOAD	19.106	6.968
2026-09-27T20:37:13.349Z	spark2	LOAD	21.306	4.103
2026-09-27T20:37:13.478Z	spark1	LOAD	19.099	6.968
2026-09-27T20:37:13.599Z	spark2	LOAD	21.306	4.103
2026-09-27T20:37:13.728Z	spark1	LOAD	19.066	6.968
2026-09-27T20:37:13.849Z	spark2	LOAD	21.306	4.103
2026-09-27T20:37:13.990Z	spark1	LOAD	19.058	6.968
2026-09-27T20:37:14.110Z	spark2	LOAD	21.307	4.103
2026-09-27T20:37:14.240Z	spark1	LOAD	19.051	6.968
2026-09-27T20:37:14.360Z	spark2	LOAD	21.307	4.103
2026-09-27T20:37:14.490Z	spark1	LOAD	19.043	6.968
2026-09-27T20:37:14.611Z	spark2	LOAD	21.307	4.103
2026-09-27T20:37:14.741Z	spark1	LOAD	19.031	6.968
2026-09-27T20:37:14.861Z	spark2	LOAD	21.307	4.103
2026-09-27T20:37:15.003Z	spark1	LOAD	19.018	6.968
2026-09-27T20:37:15.127Z	spark2	LOAD	21.309	4.103
2026-09-27T20:37:15.253Z	spark1	LOAD	19.011	6.968
2026-09-27T20:37:15.377Z	spark2	LOAD	21.309	4.103
2026-09-27T20:37:15.503Z	spark1	LOAD	19.004	6.968
2026-09-27T20:37:15.628Z	spark2	LOAD	21.309	4.103
2026-09-27T20:37:15.754Z	spark1	LOAD	18.971	6.968
2026-09-27T20:37:15.879Z	spark2	LOAD	21.309	4.103
2026-09-27T20:37:16.021Z	spark1	LOAD	18.971	6.968
2026-09-27T20:37:16.139Z	spark2	LOAD	21.310	4.103
2026-09-27T20:37:16.272Z	spark1	LOAD	18.958	6.968
2026-09-27T20:37:16.390Z	spark2	LOAD	21.311	4.103
2026-09-27T20:37:16.522Z	spark1	LOAD	18.950	6.968
2026-09-27T20:37:16.641Z	spark2	LOAD	21.311	4.103
2026-09-27T20:37:16.772Z	spark1	LOAD	18.926	6.968
2026-09-27T20:37:16.892Z	spark2	LOAD	21.311	4.103
2026-09-27T20:37:17.039Z	spark1	LOAD	18.919	6.968
2026-09-27T20:37:17.157Z	spark2	LOAD	21.311	4.103
2026-09-27T20:37:17.289Z	spark1	LOAD	18.911	6.968
2026-09-27T20:37:17.408Z	spark2	LOAD	21.311	4.103
2026-09-27T20:37:17.540Z	spark1	LOAD	18.904	6.968
2026-09-27T20:37:17.657Z	spark2	LOAD	21.311	4.103
2026-09-27T20:37:17.790Z	spark1	LOAD	18.879	6.967
2026-09-27T20:37:17.909Z	spark2	LOAD	21.311	4.103
2026-09-27T20:37:18.056Z	spark1	LOAD	18.884	6.967
2026-09-27T20:37:18.170Z	spark2	LOAD	21.311	4.103
2026-09-27T20:37:18.306Z	spark1	LOAD	18.880	6.967
2026-09-27T20:37:18.421Z	spark2	LOAD	21.311	4.103
2026-09-27T20:37:18.557Z	spark1	LOAD	18.863	6.967
2026-09-27T20:37:18.670Z	spark2	LOAD	21.311	4.103
2026-09-27T20:37:18.807Z	spark1	LOAD	18.863	6.967
2026-09-27T20:37:18.920Z	spark2	LOAD	21.311	4.103
2026-09-27T20:37:19.074Z	spark1	LOAD	18.864	6.967
2026-09-27T20:37:19.181Z	spark2	LOAD	21.310	4.103
2026-09-27T20:37:19.325Z	spark1	LOAD	18.851	6.967
2026-09-27T20:37:19.431Z	spark2	LOAD	21.297	4.103
2026-09-27T20:37:19.575Z	spark1	LOAD	18.818	6.967
2026-09-27T20:37:19.682Z	spark2	LOAD	21.297	4.103
2026-09-27T20:37:19.825Z	spark1	LOAD	18.803	6.967
2026-09-27T20:37:19.933Z	spark2	LOAD	21.298	4.103
2026-09-27T20:37:20.086Z	spark1	LOAD	18.808	6.967
2026-09-27T20:37:20.198Z	spark2	LOAD	21.299	4.103
2026-09-27T20:37:20.337Z	spark1	LOAD	20.054	6.967
2026-09-27T20:37:20.449Z	spark2	PROFILE	21.299	4.103
2026-09-27T20:37:20.587Z	spark1	PROFILE	20.047	6.967
2026-09-27T20:37:20.700Z	spark2	PROFILE	21.298	4.102
2026-09-27T20:37:20.837Z	spark1	PROFILE	20.035	6.967
2026-09-27T20:37:20.950Z	spark2	PROFILE	21.300	4.102
2026-09-27T20:37:21.098Z	spark1	PROFILE	20.028	6.967
2026-09-27T20:37:21.211Z	spark2	PROFILE	21.202	4.102
2026-09-27T20:37:21.349Z	spark1	PROFILE	19.845	6.967
2026-09-27T20:37:21.462Z	spark2	PROFILE	21.003	4.102
2026-09-27T20:37:21.598Z	spark1	PROFILE	19.746	6.967
2026-09-27T20:37:21.713Z	spark2	PROFILE	20.979	4.102
2026-09-27T20:37:21.849Z	spark1	PROFILE	19.705	6.967
2026-09-27T20:37:21.963Z	spark2	PROFILE	20.972	4.102
2026-09-27T20:37:22.116Z	spark1	PROFILE	19.672	6.967
2026-09-27T20:37:22.223Z	spark2	PROFILE	20.957	4.102
2026-09-27T20:37:22.367Z	spark1	PROFILE	19.682	6.967
2026-09-27T20:37:22.473Z	spark2	PROFILE	20.213	4.102
2026-09-27T20:37:22.617Z	spark1	PROFILE	17.733	6.967
2026-09-27T20:37:22.724Z	spark2	PROFILE	17.906	4.102
2026-09-27T20:37:22.867Z	spark1	PROFILE	16.626	6.967
2026-09-27T20:37:22.976Z	spark2	PROFILE	17.913	4.102
2026-09-27T20:37:23.132Z	spark1	PROFILE	16.623	6.967
2026-09-27T20:37:23.236Z	spark2	PROFILE	17.912	4.102
2026-09-27T20:37:23.383Z	spark1	PROFILE	15.891	6.967
2026-09-27T20:37:23.487Z	spark2	PROFILE	17.454	4.102
2026-09-27T20:37:23.634Z	spark1	PROFILE	15.601	6.967
2026-09-27T20:37:23.737Z	spark2	PROFILE	16.809	4.102
2026-09-27T20:37:23.884Z	spark1	PROFILE	14.363	6.966
2026-09-27T20:37:23.987Z	spark2	PROFILE	16.650	4.102
2026-09-27T20:37:24.147Z	spark1	PROFILE	14.199	6.966
2026-09-27T20:37:24.248Z	spark2	PROFILE	15.702	4.102
2026-09-27T20:37:24.397Z	spark1	PROFILE	14.191	6.966
2026-09-27T20:37:24.498Z	spark2	PROFILE	15.705	4.102
2026-09-27T20:37:24.648Z	spark1	PROFILE	14.090	6.966
2026-09-27T20:37:24.749Z	spark2	PROFILE	16.183	4.102
2026-09-27T20:37:24.898Z	spark1	PROFILE	14.106	6.966
2026-09-27T20:37:25.000Z	spark2	PROFILE	15.704	4.102
2026-09-27T20:37:25.165Z	spark1	PROFILE	14.045	6.966
2026-09-27T20:37:25.260Z	spark2	PROFILE	14.988	4.103
2026-09-27T20:37:25.415Z	spark1	PROFILE	13.953	6.966
2026-09-27T20:37:25.511Z	spark2	PROFILE	14.974	4.103
2026-09-27T20:37:25.667Z	spark1	PROFILE	13.813	6.966
2026-09-27T20:37:25.761Z	spark2	PROFILE	14.895	4.103
2026-09-27T20:37:25.917Z	spark1	PROFILE	13.758	6.966
2026-09-27T20:37:26.011Z	spark2	PROFILE	14.888	4.103
2026-09-27T20:37:26.179Z	spark1	PROFILE	13.673	6.966
2026-09-27T20:37:26.282Z	spark2	PROFILE	14.878	4.103
2026-09-27T20:37:26.429Z	spark1	PROFILE	13.651	6.966
2026-09-27T20:37:26.532Z	spark2	PROFILE	14.882	4.103
2026-09-27T20:37:26.679Z	spark1	PROFILE	13.618	6.966
2026-09-27T20:37:26.783Z	spark2	PROFILE	14.875	4.103
2026-09-27T20:37:26.930Z	spark1	PROFILE	13.581	6.966
2026-09-27T20:37:27.033Z	spark2	PROFILE	14.872	4.103
2026-09-27T20:37:27.197Z	spark1	PROFILE	13.521	6.966
2026-09-27T20:37:27.294Z	spark2	PROFILE	14.867	4.103
2026-09-27T20:37:27.447Z	spark1	PROFILE	13.474	6.966
2026-09-27T20:37:27.545Z	spark2	PROFILE	14.864	4.103
2026-09-27T20:37:27.697Z	spark1	PROFILE	13.468	6.966
2026-09-27T20:37:27.795Z	spark2	PROFILE	14.864	4.103
2026-09-27T20:37:27.947Z	spark1	PROFILE	13.424	6.966
2026-09-27T20:37:28.046Z	spark2	PROFILE	14.860	4.103
2026-09-27T20:37:28.209Z	spark1	PROFILE	13.389	6.966
2026-09-27T20:37:28.311Z	spark2	PROFILE	14.850	4.103
2026-09-27T20:37:28.460Z	spark1	PROFILE	13.388	6.966
2026-09-27T20:37:28.561Z	spark2	PROFILE	14.850	4.103
2026-09-27T20:37:28.711Z	spark1	PROFILE	13.346	6.966
2026-09-27T20:37:28.812Z	spark2	PROFILE	14.842	4.103
2026-09-27T20:37:28.961Z	spark1	PROFILE	13.314	6.966
2026-09-27T20:37:29.063Z	spark2	PROFILE	14.842	4.103
2026-09-27T20:37:29.228Z	spark1	PROFILE	13.251	6.966
2026-09-27T20:37:29.328Z	spark2	PROFILE	14.840	4.103
2026-09-27T20:37:29.478Z	spark1	PROFILE	13.226	6.966
2026-09-27T20:37:29.578Z	spark2	PROFILE	14.833	4.103
2026-09-27T20:37:29.728Z	spark1	PROFILE	13.130	6.966
2026-09-27T20:37:29.828Z	spark2	PROFILE	14.816	4.103
2026-09-27T20:37:29.978Z	spark1	PROFILE	13.096	6.966
2026-09-27T20:37:30.079Z	spark2	PROFILE	14.801	4.103
2026-09-27T20:37:30.246Z	spark1	PROFILE	13.012	6.966
2026-09-27T20:37:30.338Z	spark2	PROFILE	14.767	4.103
2026-09-27T20:37:30.496Z	spark1	PROFILE	12.981	6.966
2026-09-27T20:37:30.588Z	spark2	PROFILE	14.765	4.103
2026-09-27T20:37:30.747Z	spark1	PROFILE	14.273	6.966
2026-09-27T20:37:30.840Z	spark2	PROFILE	14.750	4.103
2026-09-27T20:37:30.997Z	spark1	PROFILE	14.226	6.966
2026-09-27T20:37:31.090Z	spark2	PROFILE	14.751	4.103
2026-09-27T20:37:31.264Z	spark1	PROFILE	14.226	6.966
2026-09-27T20:37:31.351Z	spark2	PROFILE	14.751	4.103
2026-09-27T20:37:31.514Z	spark1	PROFILE	14.226	6.966
2026-09-27T20:37:31.601Z	spark2	PROFILE	14.743	4.103
2026-09-27T20:37:31.765Z	spark1	PROFILE	14.201	6.966
2026-09-27T20:37:31.852Z	spark2	PROFILE	14.743	4.103
2026-09-27T20:37:32.015Z	spark1	PROFILE	14.167	6.966
2026-09-27T20:37:32.102Z	spark2	PROFILE	14.731	4.103
2026-09-27T20:37:32.282Z	spark1	PROFILE	14.141	6.966
2026-09-27T20:37:32.363Z	spark2	PROFILE	14.732	4.103
2026-09-27T20:37:32.533Z	spark1	PROFILE	14.101	6.966
2026-09-27T20:37:32.613Z	spark2	PROFILE	14.731	4.103
2026-09-27T20:37:32.783Z	spark1	PROFILE	14.154	6.965
2026-09-27T20:37:32.864Z	spark2	PROFILE	14.818	4.103
2026-09-27T20:37:33.033Z	spark1	PROFILE	14.252	6.965
2026-09-27T20:37:33.115Z	spark2	PROFILE	14.718	4.103
2026-09-27T20:37:33.302Z	spark1	PROFILE	13.624	6.964
2026-09-27T20:37:33.376Z	spark2	PROFILE	14.640	4.103
2026-09-27T20:37:33.552Z	spark1	PROFILE	13.575	6.964
2026-09-27T20:37:33.626Z	spark2	PROFILE	14.354	4.103
2026-09-27T20:37:33.803Z	spark1	PROFILE	13.542	6.964
2026-09-27T20:37:33.877Z	spark2	PROFILE	14.304	4.101
2026-09-27T20:37:34.053Z	spark1	PROFILE	13.536	6.963
2026-09-27T20:37:34.127Z	spark2	PROFILE	14.300	4.101
2026-09-27T20:37:34.320Z	spark1	PROFILE	13.509	6.963
2026-09-27T20:37:34.394Z	spark2	PROFILE	14.292	4.101
2026-09-27T20:37:34.570Z	spark1	PROFILE	13.488	6.963
2026-09-27T20:37:34.643Z	spark2	PROFILE	14.292	4.101
2026-09-27T20:37:34.821Z	spark1	PROFILE	13.422	6.963
2026-09-27T20:37:34.895Z	spark2	PROFILE	14.292	4.101
2026-09-27T20:37:35.071Z	spark1	PROFILE	13.508	6.963
2026-09-27T20:37:35.145Z	spark2	PROFILE	14.291	4.101
2026-09-27T20:37:35.335Z	spark1	PROFILE	13.505	6.963
2026-09-27T20:37:35.410Z	spark2	PROFILE	14.291	4.101
2026-09-27T20:37:35.586Z	spark1	PROFILE	13.503	6.963
2026-09-27T20:37:35.660Z	spark2	PROFILE	14.291	4.101
2026-09-27T20:37:35.836Z	spark1	PROFILE	13.512	6.963
2026-09-27T20:37:35.911Z	spark2	PROFILE	14.291	4.101
2026-09-27T20:37:36.086Z	spark1	PROFILE	13.513	6.963
2026-09-27T20:37:36.161Z	spark2	PROFILE	14.290	4.101
2026-09-27T20:37:36.347Z	spark1	PROFILE	13.473	6.963
2026-09-27T20:37:36.432Z	spark2	PROFILE	14.290	4.101
2026-09-27T20:37:36.597Z	spark1	PROFILE	13.468	6.963
2026-09-27T20:37:36.682Z	spark2	PROFILE	14.290	4.101
2026-09-27T20:37:36.848Z	spark1	PROFILE	13.446	6.963
2026-09-27T20:37:36.933Z	spark2	PROFILE	14.291	4.101
2026-09-27T20:37:37.098Z	spark1	PROFILE	13.473	6.963
2026-09-27T20:37:37.183Z	spark2	PROFILE	14.290	4.101
2026-09-27T20:37:37.360Z	spark1	PROFILE	13.465	6.963
2026-09-27T20:37:37.448Z	spark2	PROFILE	14.290	4.101
2026-09-27T20:37:37.611Z	spark1	PROFILE	13.464	6.963
2026-09-27T20:37:37.699Z	spark2	PROFILE	14.290	4.101
2026-09-27T20:37:37.861Z	spark1	PROFILE	13.473	6.963
2026-09-27T20:37:37.949Z	spark2	PROFILE	14.290	4.101
2026-09-27T20:37:38.112Z	spark1	PROFILE	13.479	6.963
2026-09-27T20:37:38.200Z	spark2	PROFILE	14.290	4.101
2026-09-27T20:37:38.380Z	spark1	PROFILE	13.468	6.963
2026-09-27T20:37:38.464Z	spark2	PROFILE	14.290	4.101
2026-09-27T20:37:38.630Z	spark1	PROFILE	13.464	6.963
2026-09-27T20:37:38.715Z	spark2	PROFILE	14.290	4.101
2026-09-27T20:37:38.881Z	spark1	PROFILE	13.466	6.963
2026-09-27T20:37:38.966Z	spark2	PROFILE	14.290	4.101
2026-09-27T20:37:39.131Z	spark1	PROFILE	13.470	6.963
2026-09-27T20:37:39.216Z	spark2	PROFILE	14.290	4.101
2026-09-27T20:37:39.394Z	spark1	PROFILE	13.465	6.963
2026-09-27T20:37:39.485Z	spark2	PROFILE	14.290	4.101
2026-09-27T20:37:39.645Z	spark1	PROFILE	13.464	6.963
2026-09-27T20:37:39.736Z	spark2	PROFILE	14.290	4.101
2026-09-27T20:37:39.895Z	spark1	PROFILE	13.473	6.962
2026-09-27T20:37:39.987Z	spark2	PROFILE	14.290	4.101
2026-09-27T20:37:40.145Z	spark1	PROFILE	13.477	6.962
2026-09-27T20:37:40.237Z	spark2	PROFILE	14.281	4.101
2026-09-27T20:37:40.413Z	spark1	PROFILE	13.464	6.962
2026-09-27T20:37:40.502Z	spark2	PROFILE	14.287	4.100
2026-09-27T20:37:40.664Z	spark1	PROFILE	13.448	6.962
2026-09-27T20:37:40.752Z	spark2	PROFILE	14.761	4.100
2026-09-27T20:37:40.914Z	spark1	PROFILE	13.451	6.962
2026-09-27T20:37:41.003Z	spark2	PROFILE	14.741	4.100
2026-09-27T20:37:41.165Z	spark1	PROFILE	13.459	6.962
2026-09-27T20:37:41.253Z	spark2	PROFILE	14.696	4.100
2026-09-27T20:37:41.431Z	spark1	PROFILE	13.460	6.962
2026-09-27T20:37:41.520Z	spark2	PROFILE	14.647	4.100
2026-09-27T20:37:41.681Z	spark1	PROFILE	13.406	6.962
2026-09-27T20:37:41.771Z	spark2	PROFILE	14.638	4.100
2026-09-27T20:37:41.932Z	spark1	PROFILE	13.393	6.962
2026-09-27T20:37:42.021Z	spark2	PROFILE	14.633	4.100
2026-09-27T20:37:42.183Z	spark1	PROFILE	13.394	6.962
2026-09-27T20:37:42.271Z	spark2	PROFILE	14.634	4.100
2026-09-27T20:37:42.444Z	spark1	PROFILE	13.400	6.962
2026-09-27T20:37:42.532Z	spark2	PROFILE	14.625	4.100
2026-09-27T20:37:42.695Z	spark1	PROFILE	13.408	6.962
2026-09-27T20:37:42.783Z	spark2	PROFILE	14.620	4.100
2026-09-27T20:37:42.945Z	spark1	PROFILE	13.397	6.962
2026-09-27T20:37:43.033Z	spark2	PROFILE	14.622	4.100
2026-09-27T20:37:43.196Z	spark1	PROFILE	13.394	6.962
2026-09-27T20:37:43.284Z	spark2	PROFILE	14.613	4.100
2026-09-27T20:37:43.458Z	spark1	PROFILE	13.356	6.962
2026-09-27T20:37:43.545Z	spark2	PROFILE	14.572	4.100
2026-09-27T20:37:43.709Z	spark1	PROFILE	16.020	6.962
2026-09-27T20:37:43.795Z	spark2	PROFILE	16.909	4.100
2026-09-27T20:37:43.959Z	spark1	PROFILE	12.824	6.962
2026-09-27T20:37:44.045Z	spark2	PROFILE	12.792	4.100
2026-09-27T20:37:44.210Z	spark1	PROFILE	13.199	6.962
2026-09-27T20:37:44.295Z	spark2	PROFILE	13.122	4.100
2026-09-27T20:37:44.472Z	spark1	PROFILE	12.944	6.963
2026-09-27T20:37:44.560Z	spark2	PROFILE	13.121	4.100
2026-09-27T20:37:44.723Z	spark1	PROFILE	12.941	6.963
2026-09-27T20:37:44.810Z	spark2	PROFILE	13.119	4.100
2026-09-27T20:37:44.974Z	spark1	PROFILE	12.471	6.963
2026-09-27T20:37:45.061Z	spark2	PROFILE	13.118	4.100
2026-09-27T20:37:45.224Z	spark1	PROFILE	12.385	6.963
2026-09-27T20:37:45.310Z	spark2	PROFILE	13.118	4.100
2026-09-27T20:37:45.493Z	spark1	PROFILE	12.232	6.963
2026-09-27T20:37:45.574Z	spark2	PROFILE	13.116	4.100
2026-09-27T20:37:45.743Z	spark1	PROFILE	12.061	6.963
2026-09-27T20:37:45.824Z	spark2	PROFILE	13.116	4.100
2026-09-27T20:37:45.994Z	spark1	PROFILE	11.885	6.963
2026-09-27T20:37:46.075Z	spark2	PROFILE	13.116	4.100
2026-09-27T20:37:46.245Z	spark1	PROFILE	11.633	6.963
2026-09-27T20:37:46.325Z	spark2	PROFILE	13.116	4.100
2026-09-27T20:37:46.514Z	spark1	PROFILE	11.522	6.962
2026-09-27T20:37:46.588Z	spark2	PROFILE	13.087	4.100
2026-09-27T20:37:46.764Z	spark1	PROFILE	11.431	6.962
2026-09-27T20:37:46.838Z	spark2	PROFILE	13.065	4.100
2026-09-27T20:37:47.014Z	spark1	PROFILE	11.438	6.962
2026-09-27T20:37:47.088Z	spark2	PROFILE	13.052	4.100
2026-09-27T20:37:47.265Z	spark1	PROFILE	11.421	6.962
2026-09-27T20:37:47.339Z	spark2	PROFILE	13.006	4.100
2026-09-27T20:37:47.534Z	spark1	PROFILE	11.925	6.962
2026-09-27T20:37:47.609Z	spark2	PROFILE	13.006	4.100
2026-09-27T20:37:47.784Z	spark1	PROFILE	11.913	6.962
2026-09-27T20:37:47.859Z	spark2	PROFILE	13.005	4.100
2026-09-27T20:37:48.035Z	spark1	PROFILE	11.895	6.962
2026-09-27T20:37:48.109Z	spark2	PROFILE	13.005	4.100
2026-09-27T20:37:48.285Z	spark1	PROFILE	11.887	6.962
2026-09-27T20:37:48.359Z	spark2	PROFILE	12.974	4.100
2026-09-27T20:37:48.552Z	spark1	PROFILE	11.831	6.962
2026-09-27T20:37:48.625Z	spark2	PROFILE	12.358	4.100
2026-09-27T20:37:48.803Z	spark1	PROFILE	11.746	6.962
2026-09-27T20:37:48.875Z	spark2	PROFILE	12.346	4.100
2026-09-27T20:37:49.053Z	spark1	KV_READY	12.867	6.962
2026-09-27T20:37:49.126Z	spark2	KV_READY	13.342	4.100
2026-09-27T20:37:49.303Z	spark1	KV_READY	11.031	6.963
2026-09-27T20:37:49.376Z	spark2	KV_READY	11.973	4.100
2026-09-27T20:37:49.573Z	spark1	KV_READY	10.818	6.963
2026-09-27T20:37:49.637Z	spark2	KV_READY	11.975	4.100
2026-09-27T20:37:49.824Z	spark1	KV_READY	10.825	6.963
2026-09-27T20:37:49.888Z	spark2	KV_READY	11.975	4.100
2026-09-27T20:37:50.074Z	spark1	KV_READY	10.789	6.963
2026-09-27T20:37:50.139Z	spark2	KV_READY	11.973	4.100
2026-09-27T20:37:50.325Z	spark1	KV_READY	10.573	6.963
2026-09-27T20:37:50.389Z	spark2	KV_READY	11.973	4.100
2026-09-27T20:37:50.588Z	spark1	KV_READY	10.468	6.963
2026-09-27T20:37:50.653Z	spark2	KV_READY	12.088	4.100
2026-09-27T20:37:50.839Z	spark1	KV_READY	10.468	6.963
2026-09-27T20:37:50.904Z	spark2	KV_READY	12.057	4.100
2026-09-27T20:37:51.089Z	spark1	KV_READY	10.452	6.963
2026-09-27T20:37:51.154Z	spark2	KV_READY	12.071	4.100
2026-09-27T20:37:51.339Z	spark1	KV_READY	10.466	6.963
2026-09-27T20:37:51.405Z	spark2	KV_READY	12.061	4.100
2026-09-27T20:37:51.607Z	spark1	KV_READY	11.003	6.963
2026-09-27T20:37:51.670Z	spark2	KV_READY	12.052	4.100
2026-09-27T20:37:51.857Z	spark1	KV_READY	10.988	6.963
2026-09-27T20:37:51.921Z	spark2	KV_READY	12.045	4.100
2026-09-27T20:37:52.107Z	spark1	KV_READY	10.934	6.963
2026-09-27T20:37:52.170Z	spark2	KV_READY	12.037	4.100
2026-09-27T20:37:52.358Z	spark1	KV_READY	10.929	6.963
2026-09-27T20:37:52.421Z	spark2	KV_READY	11.975	4.100
2026-09-27T20:37:52.619Z	spark1	KV_READY	10.860	6.963
2026-09-27T20:37:52.681Z	spark2	KV_READY	11.916	4.100
2026-09-27T20:37:52.869Z	spark1	KV_READY	10.633	6.963
2026-09-27T20:37:52.931Z	spark2	KV_READY	11.808	4.100
2026-09-27T20:37:53.119Z	spark1	KV_READY	10.603	6.963
2026-09-27T20:37:53.183Z	spark2	KV_READY	11.809	4.099
2026-09-27T20:37:53.369Z	spark1	KV_READY	10.599	6.963
2026-09-27T20:37:53.433Z	spark2	KV_READY	11.807	4.099
2026-09-27T20:37:53.638Z	spark1	KV_READY	10.585	6.963
2026-09-27T20:37:53.698Z	spark2	KV_READY	11.805	4.099
2026-09-27T20:37:53.889Z	spark1	KV_READY	10.583	6.963
2026-09-27T20:37:53.948Z	spark2	KV_READY	11.805	4.099
2026-09-27T20:37:54.139Z	spark1	KV_READY	10.582	6.963
2026-09-27T20:37:54.199Z	spark2	KV_READY	11.805	4.099
2026-09-27T20:37:54.389Z	spark1	KV_READY	10.574	6.963
2026-09-27T20:37:54.450Z	spark2	KV_READY	11.804	4.099
2026-09-27T20:37:54.655Z	spark1	KV_READY	10.016	6.963
2026-09-27T20:37:54.715Z	spark2	KV_READY	11.535	4.099
2026-09-27T20:37:54.905Z	spark1	KV_READY	9.974	6.962
2026-09-27T20:37:54.965Z	spark2	KV_READY	11.753	4.099
2026-09-27T20:37:55.155Z	spark1	KV_READY	10.123	6.962
2026-09-27T20:37:55.216Z	spark2	KV_READY	11.673	4.099
2026-09-27T20:37:55.405Z	spark1	KV_READY	10.098	6.962
2026-09-27T20:37:55.467Z	spark2	KV_READY	11.673	4.099
2026-09-27T20:37:55.673Z	spark1	KV_READY	10.010	6.962
2026-09-27T20:37:55.731Z	spark2	KV_READY	11.576	4.099
2026-09-27T20:37:55.924Z	spark1	KV_READY	9.990	6.962
2026-09-27T20:37:55.982Z	spark2	KV_READY	11.565	4.099
2026-09-27T20:37:56.174Z	spark1	KV_READY	9.986	6.962
2026-09-27T20:37:56.232Z	spark2	KV_READY	11.555	4.099
2026-09-27T20:37:56.424Z	spark1	KV_READY	9.964	6.962
2026-09-27T20:37:56.482Z	spark2	KV_READY	11.552	4.099
2026-09-27T20:37:56.686Z	spark1	KV_READY	9.909	6.961
2026-09-27T20:37:56.743Z	spark2	KV_READY	11.499	4.098
2026-09-27T20:37:56.936Z	spark1	KV_READY	9.907	6.961
2026-09-27T20:37:56.994Z	spark2	KV_READY	11.499	4.098
2026-09-27T20:37:57.187Z	spark1	KV_READY	9.839	6.961
2026-09-27T20:37:57.244Z	spark2	KV_READY	11.430	4.098
2026-09-27T20:37:57.437Z	spark1	KV_READY	9.795	6.961
2026-09-27T20:37:57.495Z	spark2	KV_READY	11.396	4.098
2026-09-27T20:37:57.704Z	spark1	KV_READY	9.792	6.961
2026-09-27T20:37:57.756Z	spark2	KV_READY	11.393	4.098
2026-09-27T20:37:57.954Z	spark1	KV_READY	10.059	6.961
2026-09-27T20:37:58.007Z	spark2	KV_READY	11.335	4.098
2026-09-27T20:37:58.204Z	spark1	KV_READY	10.435	6.961
2026-09-27T20:37:58.258Z	spark2	KV_READY	11.779	4.098
2026-09-27T20:37:58.454Z	spark1	KV_READY	10.340	6.961
2026-09-27T20:37:58.509Z	spark2	KV_READY	11.671	4.098
2026-09-27T20:37:58.719Z	spark1	KV_READY	10.193	6.961
2026-09-27T20:37:58.778Z	spark2	KV_READY	11.539	4.098
2026-09-27T20:37:58.969Z	spark1	KV_READY	10.167	6.961
2026-09-27T20:37:59.028Z	spark2	KV_READY	11.493	4.098
2026-09-27T20:37:59.220Z	spark1	KV_READY	10.122	6.961
2026-09-27T20:37:59.279Z	spark2	KV_READY	11.494	4.098
2026-09-27T20:37:59.470Z	spark1	KV_READY	10.091	6.961
2026-09-27T20:37:59.530Z	spark2	KV_READY	11.494	4.098
2026-09-27T20:37:59.742Z	spark1	KV_READY	10.090	6.961
2026-09-27T20:37:59.795Z	spark2	KV_READY	11.493	4.098
2026-09-27T20:37:59.992Z	spark1	KV_READY	10.089	6.961
2026-09-27T20:38:00.046Z	spark2	KV_READY	11.492	4.098
2026-09-27T20:38:00.243Z	spark1	KV_READY	10.003	6.960
2026-09-27T20:38:00.296Z	spark2	KV_READY	11.492	4.098
2026-09-27T20:38:00.494Z	spark1	KV_READY	9.827	6.960
2026-09-27T20:38:00.547Z	spark2	KV_READY	11.492	4.098
2026-09-27T20:38:00.762Z	spark1	KV_READY	9.826	6.960
2026-09-27T20:38:00.812Z	spark2	KV_READY	11.492	4.098
2026-09-27T20:38:01.013Z	spark1	KV_READY	9.785	6.960
2026-09-27T20:38:01.063Z	spark2	KV_READY	11.492	4.098
2026-09-27T20:38:01.264Z	spark1	KV_READY	9.774	6.960
2026-09-27T20:38:01.314Z	spark2	KV_READY	11.492	4.098
2026-09-27T20:38:01.515Z	spark1	KV_READY	9.779	6.960
2026-09-27T20:38:01.564Z	spark2	KV_READY	11.492	4.098
2026-09-27T20:38:01.781Z	spark1	KV_READY	9.797	6.960
2026-09-27T20:38:01.826Z	spark2	KV_READY	11.491	4.098
2026-09-27T20:38:02.032Z	spark1	KV_READY	9.798	6.960
2026-09-27T20:38:02.076Z	spark2	KV_READY	11.491	4.098
2026-09-27T20:38:02.282Z	spark1	KV_READY	9.798	6.960
2026-09-27T20:38:02.327Z	spark2	KV_READY	11.491	4.098
2026-09-27T20:38:02.533Z	spark1	KV_READY	9.799	6.960
2026-09-27T20:38:02.578Z	spark2	KV_READY	11.491	4.098
2026-09-27T20:38:02.794Z	spark1	KV_READY	9.806	6.960
2026-09-27T20:38:02.843Z	spark2	KV_READY	11.491	4.098
2026-09-27T20:38:03.044Z	spark1	KV_READY	9.781	6.960
2026-09-27T20:38:03.093Z	spark2	KV_READY	11.490	4.098
2026-09-27T20:38:03.294Z	spark1	KV_READY	9.781	6.959
2026-09-27T20:38:03.345Z	spark2	KV_READY	11.486	4.098
2026-09-27T20:38:03.545Z	spark1	KV_READY	9.772	6.959
2026-09-27T20:38:03.594Z	spark2	KV_READY	11.469	4.098
2026-09-27T20:38:03.807Z	spark1	KV_READY	9.762	6.959
2026-09-27T20:38:03.859Z	spark2	KV_READY	11.444	4.098
2026-09-27T20:38:04.057Z	spark1	KV_READY	9.738	6.959
2026-09-27T20:38:04.110Z	spark2	KV_READY	11.448	4.098
2026-09-27T20:38:04.307Z	spark1	KV_READY	9.732	6.959
2026-09-27T20:38:04.361Z	spark2	KV_READY	11.448	4.098
2026-09-27T20:38:04.558Z	spark1	KV_READY	9.717	6.959
2026-09-27T20:38:04.612Z	spark2	KV_READY	11.448	4.098
2026-09-27T20:38:04.820Z	spark1	KV_READY	9.717	6.959
2026-09-27T20:38:04.873Z	spark2	KV_READY	11.447	4.098
2026-09-27T20:38:05.070Z	spark1	KV_READY	9.719	6.959
2026-09-27T20:38:05.124Z	spark2	KV_READY	11.447	4.098
2026-09-27T20:38:05.321Z	spark1	KV_READY	9.717	6.959
2026-09-27T20:38:05.374Z	spark2	KV_READY	11.447	4.098
2026-09-27T20:38:05.571Z	spark1	KV_READY	9.704	6.958
2026-09-27T20:38:05.625Z	spark2	KV_READY	11.447	4.098
2026-09-27T20:38:05.833Z	spark1	KV_READY	9.694	6.958
2026-09-27T20:38:05.891Z	spark2	KV_READY	11.447	4.098
2026-09-27T20:38:06.083Z	spark1	KV_READY	9.695	6.957
2026-09-27T20:38:06.141Z	spark2	KV_READY	11.447	4.098
2026-09-27T20:38:06.333Z	spark1	KV_READY	9.691	6.956
2026-09-27T20:38:06.392Z	spark2	KV_READY	11.447	4.098
2026-09-27T20:38:06.584Z	spark1	KV_READY	9.677	6.955
2026-09-27T20:38:06.643Z	spark2	KV_READY	11.447	4.098
2026-09-27T20:38:06.845Z	spark1	KV_READY	9.665	6.955
2026-09-27T20:38:06.904Z	spark2	KV_READY	11.447	4.098
2026-09-27T20:38:07.096Z	spark1	KV_READY	9.668	6.955
2026-09-27T20:38:07.155Z	spark2	KV_READY	11.447	4.098
2026-09-27T20:38:07.346Z	spark1	KV_READY	9.551	6.955
2026-09-27T20:38:07.405Z	spark2	KV_READY	11.447	4.098
2026-09-27T20:38:07.596Z	spark1	KV_READY	9.553	6.955
2026-09-27T20:38:07.656Z	spark2	KV_READY	11.448	4.098
2026-09-27T20:38:07.864Z	spark1	KV_READY	9.552	6.955
2026-09-27T20:38:07.917Z	spark2	KV_READY	11.452	4.098
2026-09-27T20:38:08.114Z	spark1	KV_READY	9.544	6.955
2026-09-27T20:38:08.167Z	spark2	KV_READY	11.452	4.098
2026-09-27T20:38:08.365Z	spark1	KV_READY	9.540	6.955
2026-09-27T20:38:08.418Z	spark2	KV_READY	11.452	4.098
2026-09-27T20:38:08.615Z	spark1	KV_READY	9.540	6.955
2026-09-27T20:38:08.668Z	spark2	KV_READY	11.452	4.098
2026-09-27T20:38:08.882Z	spark1	KV_READY	9.457	6.954
2026-09-27T20:38:08.929Z	spark2	KV_READY	11.456	4.098
2026-09-27T20:38:09.132Z	spark1	KV_READY	9.458	6.954
2026-09-27T20:38:09.180Z	spark2	KV_READY	11.456	4.098
2026-09-27T20:38:09.383Z	spark1	KV_READY	9.458	6.954
2026-09-27T20:38:09.431Z	spark2	KV_READY	11.456	4.098
2026-09-27T20:38:09.633Z	spark1	KV_READY	9.450	6.954
2026-09-27T20:38:09.682Z	spark2	KV_READY	11.456	4.098
2026-09-27T20:38:09.899Z	spark1	KV_READY	9.454	6.954
2026-09-27T20:38:09.943Z	spark2	KV_READY	11.459	4.098
2026-09-27T20:38:10.149Z	spark1	KV_READY	9.454	6.954
2026-09-27T20:38:10.193Z	spark2	KV_READY	11.459	4.098
2026-09-27T20:38:10.399Z	spark1	KV_READY	9.396	6.954
2026-09-27T20:38:10.443Z	spark2	KV_READY	11.459	4.098
2026-09-27T20:38:10.650Z	spark1	KV_READY	9.395	6.954
2026-09-27T20:38:10.695Z	spark2	KV_READY	11.459	4.098
2026-09-27T20:38:10.916Z	spark1	KV_READY	9.369	6.954
2026-09-27T20:38:10.960Z	spark2	KV_READY	11.462	4.098
2026-09-27T20:38:11.167Z	spark1	KV_READY	9.353	6.954
2026-09-27T20:38:11.211Z	spark2	KV_READY	11.462	4.098
2026-09-27T20:38:11.417Z	spark1	KV_READY	9.334	6.954
2026-09-27T20:38:11.461Z	spark2	KV_READY	11.462	4.098
2026-09-27T20:38:11.667Z	spark1	KV_READY	9.131	6.954
2026-09-27T20:38:11.712Z	spark2	KV_READY	11.462	4.098
2026-09-27T20:38:11.930Z	spark1	KV_READY	9.114	6.954
2026-09-27T20:38:11.972Z	spark2	KV_READY	11.464	4.098
2026-09-27T20:38:12.181Z	spark1	KV_READY	9.109	6.954
2026-09-27T20:38:12.223Z	spark2	KV_READY	11.464	4.098
2026-09-27T20:38:12.431Z	spark1	KV_READY	9.094	6.954
2026-09-27T20:38:12.473Z	spark2	KV_READY	11.464	4.098
2026-09-27T20:38:12.682Z	spark1	KV_READY	9.073	6.954
2026-09-27T20:38:12.724Z	spark2	KV_READY	11.464	4.098
2026-09-27T20:38:12.948Z	spark1	KV_READY	9.051	6.954
2026-09-27T20:38:12.988Z	spark2	KV_READY	11.466	4.098
2026-09-27T20:38:13.199Z	spark1	KV_READY	9.044	6.954
2026-09-27T20:38:13.240Z	spark2	KV_READY	11.466	4.098
2026-09-27T20:38:13.449Z	spark1	KV_READY	9.032	6.954
2026-09-27T20:38:13.490Z	spark2	KV_READY	11.466	4.098
2026-09-27T20:38:13.700Z	spark1	KV_READY	9.011	6.954
2026-09-27T20:38:13.740Z	spark2	KV_READY	11.466	4.098
2026-09-27T20:38:13.962Z	spark1	KV_READY	9.008	6.954
2026-09-27T20:38:14.002Z	spark2	KV_READY	11.468	4.098
2026-09-27T20:38:14.213Z	spark1	KV_READY	8.972	6.954
2026-09-27T20:38:14.251Z	spark2	KV_READY	11.468	4.098
2026-09-27T20:38:14.463Z	spark1	KV_READY	8.953	6.954
2026-09-27T20:38:14.502Z	spark2	KV_READY	11.467	4.098
2026-09-27T20:38:14.713Z	spark1	KV_READY	8.936	6.954
2026-09-27T20:38:14.752Z	spark2	KV_READY	11.451	4.098
2026-09-27T20:38:14.976Z	spark1	KV_READY	8.911	6.954
2026-09-27T20:38:15.017Z	spark2	KV_READY	11.461	4.098
2026-09-27T20:38:15.226Z	spark1	KV_READY	8.900	6.954
2026-09-27T20:38:15.269Z	spark2	KV_READY	11.461	4.098
2026-09-27T20:38:15.476Z	spark1	KV_READY	8.900	6.954
2026-09-27T20:38:15.519Z	spark2	KV_READY	11.461	4.098
2026-09-27T20:38:15.727Z	spark1	KV_READY	8.900	6.954
2026-09-27T20:38:15.770Z	spark2	KV_READY	11.461	4.098
2026-09-27T20:38:15.990Z	spark1	KV_READY	8.901	6.953
2026-09-27T20:38:16.032Z	spark2	KV_READY	11.462	4.098
2026-09-27T20:38:16.240Z	spark1	KV_READY	8.894	6.953
2026-09-27T20:38:16.282Z	spark2	KV_READY	11.463	4.098
2026-09-27T20:38:16.490Z	spark1	KV_READY	8.894	6.953
2026-09-27T20:38:16.533Z	spark2	KV_READY	11.463	4.098
2026-09-27T20:38:16.740Z	spark1	KV_READY	8.876	6.952
2026-09-27T20:38:16.783Z	spark2	KV_READY	11.463	4.098
2026-09-27T20:38:17.007Z	spark1	KV_READY	8.851	6.951
2026-09-27T20:38:17.045Z	spark2	KV_READY	11.464	4.098
2026-09-27T20:38:17.257Z	spark1	KV_READY	8.841	6.951
2026-09-27T20:38:17.296Z	spark2	KV_READY	11.464	4.098
2026-09-27T20:38:17.508Z	spark1	KV_READY	8.833	6.950
2026-09-27T20:38:17.547Z	spark2	KV_READY	11.464	4.098
2026-09-27T20:38:17.758Z	spark1	KV_READY	8.832	6.950
2026-09-27T20:38:17.796Z	spark2	KV_READY	11.464	4.098
2026-09-27T20:38:18.020Z	spark1	KV_READY	8.828	6.948
2026-09-27T20:38:18.057Z	spark2	KV_READY	11.465	4.098
2026-09-27T20:38:18.270Z	spark1	KV_READY	8.813	6.947
2026-09-27T20:38:18.308Z	spark2	KV_READY	11.465	4.098
2026-09-27T20:38:18.521Z	spark1	KV_READY	8.813	6.947
2026-09-27T20:38:18.559Z	spark2	KV_READY	11.465	4.098
2026-09-27T20:38:18.771Z	spark1	KV_READY	8.805	6.946
2026-09-27T20:38:18.809Z	spark2	KV_READY	11.465	4.098
2026-09-27T20:38:19.033Z	spark1	KV_READY	8.824	6.945
2026-09-27T20:38:19.070Z	spark2	KV_READY	11.467	4.098
2026-09-27T20:38:19.284Z	spark1	KV_READY	8.816	6.945
2026-09-27T20:38:19.321Z	spark2	KV_READY	11.467	4.098
2026-09-27T20:38:19.534Z	spark1	KV_READY	8.813	6.945
2026-09-27T20:38:19.570Z	spark2	KV_READY	11.467	4.098
2026-09-27T20:38:19.785Z	spark1	KV_READY	8.824	6.944
2026-09-27T20:38:19.822Z	spark2	KV_READY	11.467	4.098
2026-09-27T20:38:20.051Z	spark1	KV_READY	8.823	6.944
2026-09-27T20:38:20.083Z	spark2	KV_READY	11.468	4.098
2026-09-27T20:38:20.302Z	spark1	KV_READY	8.816	6.944
2026-09-27T20:38:20.334Z	spark2	KV_READY	11.468	4.098
2026-09-27T20:38:20.552Z	spark1	KV_READY	8.792	6.944
2026-09-27T20:38:20.585Z	spark2	KV_READY	11.468	4.098
2026-09-27T20:38:20.802Z	spark1	KV_READY	8.785	6.944
2026-09-27T20:38:20.835Z	spark2	KV_READY	11.469	4.098
2026-09-27T20:38:21.069Z	spark1	KV_READY	8.770	6.944
2026-09-27T20:38:21.099Z	spark2	KV_READY	11.469	4.098
2026-09-27T20:38:21.320Z	spark1	KV_READY	8.748	6.944
2026-09-27T20:38:21.351Z	spark2	KV_READY	11.469	4.098
2026-09-27T20:38:21.570Z	spark1	KV_READY	8.732	6.944
2026-09-27T20:38:21.601Z	spark2	KV_READY	11.469	4.098
2026-09-27T20:38:21.820Z	spark1	KV_READY	8.728	6.944
2026-09-27T20:38:21.851Z	spark2	KV_READY	11.470	4.098
2026-09-27T20:38:22.082Z	spark1	KV_READY	8.737	6.944
2026-09-27T20:38:22.113Z	spark2	KV_READY	11.470	4.098
2026-09-27T20:38:22.332Z	spark1	KV_READY	8.724	6.944
2026-09-27T20:38:22.364Z	spark2	KV_READY	11.470	4.098
2026-09-27T20:38:22.582Z	spark1	KV_READY	8.704	6.944
2026-09-27T20:38:22.614Z	spark2	KV_READY	11.470	4.098
2026-09-27T20:38:22.833Z	spark1	KV_READY	8.704	6.944
2026-09-27T20:38:22.865Z	spark2	KV_READY	11.470	4.098
2026-09-27T20:38:23.095Z	spark1	KV_READY	8.694	6.944
2026-09-27T20:38:23.125Z	spark2	KV_READY	11.470	4.098
2026-09-27T20:38:23.345Z	spark1	KV_READY	8.678	6.944
2026-09-27T20:38:23.377Z	spark2	KV_READY	11.470	4.098
2026-09-27T20:38:23.596Z	spark1	KV_READY	8.663	6.944
2026-09-27T20:38:23.627Z	spark2	KV_READY	11.470	4.098
2026-09-27T20:38:23.846Z	spark1	KV_READY	8.680	6.943
2026-09-27T20:38:23.877Z	spark2	KV_READY	11.470	4.098
2026-09-27T20:38:24.112Z	spark1	KV_READY	8.676	6.943
2026-09-27T20:38:24.138Z	spark2	KV_READY	11.470	4.098
2026-09-27T20:38:24.362Z	spark1	KV_READY	8.668	6.943
2026-09-27T20:38:24.388Z	spark2	KV_READY	11.470	4.098
2026-09-27T20:38:24.613Z	spark1	KV_READY	8.668	6.943
2026-09-27T20:38:24.639Z	spark2	KV_READY	11.470	4.098
2026-09-27T20:38:24.863Z	spark1	KV_READY	8.648	6.943
2026-09-27T20:38:24.890Z	spark2	KV_READY	11.470	4.098
2026-09-27T20:38:25.124Z	spark1	KV_READY	8.595	6.943
2026-09-27T20:38:25.154Z	spark2	KV_READY	11.470	4.098
2026-09-27T20:38:25.374Z	spark1	KV_READY	8.563	6.943
2026-09-27T20:38:25.405Z	spark2	KV_READY	11.470	4.098
2026-09-27T20:38:25.625Z	spark1	KV_READY	8.543	6.943
2026-09-27T20:38:25.655Z	spark2	KV_READY	11.443	4.098
2026-09-27T20:38:25.875Z	spark1	KV_READY	8.514	6.943
2026-09-27T20:38:25.906Z	spark2	KV_READY	11.456	4.098
2026-09-27T20:38:26.142Z	spark1	KV_READY	8.491	6.943
2026-09-27T20:38:26.172Z	spark2	KV_READY	11.456	4.098
2026-09-27T20:38:26.392Z	spark1	KV_READY	8.466	6.943
2026-09-27T20:38:26.423Z	spark2	KV_READY	11.455	4.098
2026-09-27T20:38:26.642Z	spark1	KV_READY	8.458	6.943
2026-09-27T20:38:26.673Z	spark2	KV_READY	11.455	4.098
2026-09-27T20:38:26.893Z	spark1	KV_READY	8.447	6.943
2026-09-27T20:38:26.923Z	spark2	KV_READY	11.455	4.098
2026-09-27T20:38:27.155Z	spark1	KV_READY	8.436	6.943
2026-09-27T20:38:27.189Z	spark2	KV_READY	11.455	4.098
2026-09-27T20:38:27.405Z	spark1	KV_READY	9.161	6.943
2026-09-27T20:38:27.440Z	spark2	KV_READY	11.455	4.098
2026-09-27T20:38:27.656Z	spark1	KV_READY	9.150	6.943
2026-09-27T20:38:27.689Z	spark2	KV_READY	11.455	4.098
2026-09-27T20:38:27.906Z	spark1	KV_READY	9.136	6.943
2026-09-27T20:38:27.940Z	spark2	KV_READY	11.455	4.098
2026-09-27T20:38:28.168Z	spark1	KV_READY	9.121	6.943
2026-09-27T20:38:28.202Z	spark2	KV_READY	11.457	4.098
2026-09-27T20:38:28.418Z	spark1	KV_READY	9.106	6.943
2026-09-27T20:38:28.452Z	spark2	KV_READY	11.457	4.098
2026-09-27T20:38:28.668Z	spark1	KV_READY	9.082	6.943
2026-09-27T20:38:28.702Z	spark2	KV_READY	11.457	4.098
2026-09-27T20:38:28.919Z	spark1	KV_READY	9.046	6.943
2026-09-27T20:38:28.954Z	spark2	KV_READY	11.457	4.098
2026-09-27T20:38:29.186Z	spark1	KV_READY	9.036	6.943
2026-09-27T20:38:29.215Z	spark2	KV_READY	11.456	4.098
2026-09-27T20:38:29.436Z	spark1	KV_READY	9.019	6.943
2026-09-27T20:38:29.466Z	spark2	KV_READY	11.456	4.098
2026-09-27T20:38:29.687Z	spark1	KV_READY	9.012	6.943
2026-09-27T20:38:29.716Z	spark2	KV_READY	11.456	4.098
2026-09-27T20:38:29.938Z	spark1	KV_READY	9.008	6.943
2026-09-27T20:38:29.967Z	spark2	KV_READY	11.458	4.098
2026-09-27T20:38:30.200Z	spark1	KV_READY	9.001	6.943
2026-09-27T20:38:30.228Z	spark2	KV_READY	11.458	4.098
2026-09-27T20:38:30.451Z	spark1	KV_READY	8.981	6.943
2026-09-27T20:38:30.477Z	spark2	KV_READY	11.458	4.098
2026-09-27T20:38:30.701Z	spark1	KV_READY	9.188	6.943
2026-09-27T20:38:30.729Z	spark2	KV_READY	11.458	4.098
2026-09-27T20:38:30.952Z	spark1	KV_READY	9.179	6.943
2026-09-27T20:38:30.978Z	spark2	KV_READY	11.458	4.098
2026-09-27T20:38:31.219Z	spark1	KV_READY	9.143	6.943
2026-09-27T20:38:31.240Z	spark2	KV_READY	11.458	4.098
2026-09-27T20:38:31.469Z	spark1	KV_READY	9.182	6.942
2026-09-27T20:38:31.491Z	spark2	KV_READY	11.458	4.098
2026-09-27T20:38:31.720Z	spark1	KV_READY	9.098	6.923
2026-09-27T20:38:31.743Z	spark2	KV_READY	11.458	4.098
2026-09-27T20:38:31.970Z	spark1	KV_READY	8.580	6.900
2026-09-27T20:38:31.993Z	spark2	KV_READY	11.458	4.098
2026-09-27T20:38:32.237Z	spark1	KV_READY	8.438	6.881
2026-09-27T20:38:32.255Z	spark2	KV_READY	11.458	4.098
2026-09-27T20:38:32.488Z	spark1	KV_READY	8.432	6.881
2026-09-27T20:38:32.505Z	spark2	KV_READY	11.458	4.098
2026-09-27T20:38:32.738Z	spark1	KV_READY	8.390	6.877
2026-09-27T20:38:32.756Z	spark2	KV_READY	11.458	4.098
2026-09-27T20:38:32.989Z	spark1	KV_READY	8.275	6.851
2026-09-27T20:38:33.007Z	spark2	KV_READY	11.458	4.098
2026-09-27T20:38:33.251Z	spark1	KV_READY	8.234	6.826
2026-09-27T20:38:33.272Z	spark2	KV_READY	11.458	4.098
2026-09-27T20:38:33.501Z	spark1	KV_READY	8.164	6.801
2026-09-27T20:38:33.523Z	spark2	KV_READY	11.458	4.098
2026-09-27T20:38:33.752Z	spark1	KV_READY	8.139	6.779
2026-09-27T20:38:33.773Z	spark2	KV_READY	11.458	4.098
2026-09-27T20:38:34.002Z	spark1	KV_READY	8.116	6.761
2026-09-27T20:38:34.024Z	spark2	KV_READY	11.458	4.098
2026-09-27T20:38:34.265Z	spark1	KV_READY	8.108	6.756
2026-09-27T20:38:34.285Z	spark2	KV_READY	11.458	4.098
2026-09-27T20:38:34.515Z	spark1	KV_READY	8.108	6.752
2026-09-27T20:38:34.537Z	spark2	KV_READY	11.458	4.098
2026-09-27T20:38:34.766Z	spark1	KV_READY	8.081	6.748
2026-09-27T20:38:34.787Z	spark2	KV_READY	11.458	4.098
2026-09-27T20:38:35.016Z	spark1	KV_READY	8.032	6.747
2026-09-27T20:38:35.038Z	spark2	KV_READY	11.458	4.098
2026-09-27T20:38:35.277Z	spark1	KV_READY	8.783	6.747
2026-09-27T20:38:35.302Z	spark2	KV_READY	11.458	4.098
2026-09-27T20:38:35.527Z	spark1	KV_READY	8.710	6.747
2026-09-27T20:38:35.553Z	spark2	KV_READY	11.458	4.098
2026-09-27T20:38:35.778Z	spark1	KV_READY	8.684	6.747
2026-09-27T20:38:35.804Z	spark2	KV_READY	11.458	4.098
2026-09-27T20:38:36.028Z	spark1	KV_READY	8.577	6.747
2026-09-27T20:38:36.053Z	spark2	KV_READY	11.458	4.098
2026-09-27T20:38:36.291Z	spark1	KV_READY	8.401	6.747
2026-09-27T20:38:36.315Z	spark2	KV_READY	11.458	4.098
2026-09-27T20:38:36.542Z	spark1	KV_READY	8.185	6.747
2026-09-27T20:38:36.565Z	spark2	KV_READY	11.437	4.098
2026-09-27T20:38:36.792Z	spark1	KV_READY	8.021	6.747
2026-09-27T20:38:36.816Z	spark2	KV_READY	11.455	4.098
2026-09-27T20:38:37.042Z	spark1	KV_READY	7.972	6.747
2026-09-27T20:38:37.067Z	spark2	KV_READY	11.456	4.098
2026-09-27T20:38:37.307Z	spark1	KV_READY	7.900	6.747
2026-09-27T20:38:37.333Z	spark2	KV_READY	11.455	4.098
2026-09-27T20:38:37.557Z	spark1	KV_READY	7.857	6.747
2026-09-27T20:38:37.583Z	spark2	KV_READY	11.455	4.098
2026-09-27T20:38:37.807Z	spark1	KV_READY	7.843	6.747
2026-09-27T20:38:37.835Z	spark2	KV_READY	11.455	4.098
2026-09-27T20:38:38.058Z	spark1	KV_READY	7.640	6.747
2026-09-27T20:38:38.085Z	spark2	KV_READY	11.457	4.098
2026-09-27T20:38:38.328Z	spark1	KV_READY	7.484	6.747
2026-09-27T20:38:38.346Z	spark2	KV_READY	11.457	4.098
2026-09-27T20:38:38.578Z	spark1	KV_READY	7.328	6.747
2026-09-27T20:38:38.596Z	spark2	KV_READY	11.457	4.098
2026-09-27T20:38:38.829Z	spark1	KV_READY	7.216	6.747
2026-09-27T20:38:38.847Z	spark2	KV_READY	11.457	4.098
2026-09-27T20:38:39.079Z	spark1	KV_READY	7.112	6.747
2026-09-27T20:38:39.097Z	spark2	KV_READY	11.458	4.098
2026-09-27T20:38:39.350Z	spark1	KV_READY	6.977	6.747
2026-09-27T20:38:39.359Z	spark2	KV_READY	11.458	4.098
2026-09-27T20:38:39.600Z	spark1	KV_READY	6.840	6.747
2026-09-27T20:38:39.609Z	spark2	KV_READY	11.458	4.098
2026-09-27T20:38:39.851Z	spark1	KV_READY	6.968	6.747
2026-09-27T20:38:39.861Z	spark2	KV_READY	11.458	4.098
2026-09-27T20:38:40.101Z	spark1	KV_READY	6.815	6.747
2026-09-27T20:38:40.111Z	spark2	KV_READY	11.459	4.098
2026-09-27T20:38:40.364Z	spark1	KV_READY	6.660	6.747
2026-09-27T20:38:40.373Z	spark2	KV_READY	11.459	4.098
2026-09-27T20:38:40.614Z	spark1	KV_READY	6.584	6.748
2026-09-27T20:38:40.624Z	spark2	KV_READY	11.459	4.098
2026-09-27T20:38:40.865Z	spark1	KV_READY	6.586	6.748
2026-09-27T20:38:40.875Z	spark2	KV_READY	11.459	4.098
2026-09-27T20:38:41.115Z	spark1	KV_READY	6.591	6.749
2026-09-27T20:38:41.124Z	spark2	KV_READY	11.459	4.098
2026-09-27T20:38:41.378Z	spark1	KV_READY	6.585	6.754
2026-09-27T20:38:41.387Z	spark2	KV_READY	11.459	4.098
2026-09-27T20:38:41.628Z	spark1	KV_READY	6.550	6.789
2026-09-27T20:38:41.637Z	spark2	KV_READY	11.459	4.098
2026-09-27T20:38:41.879Z	spark1	KV_READY	6.509	6.814
2026-09-27T20:38:41.888Z	spark2	KV_READY	11.459	4.098
2026-09-27T20:38:42.129Z	spark1	KV_READY	6.485	6.859
2026-09-27T20:38:42.139Z	spark2	KV_READY	11.459	4.098
2026-09-27T20:38:42.397Z	spark1	KV_READY	6.464	6.915
2026-09-27T20:38:42.405Z	spark2	KV_READY	11.459	4.098
2026-09-27T20:38:42.647Z	spark1	KV_READY	6.459	6.925
2026-09-27T20:38:42.655Z	spark2	KV_READY	11.459	4.098
2026-09-27T20:38:42.897Z	spark1	KV_READY	6.425	6.936
2026-09-27T20:38:42.905Z	spark2	KV_READY	11.458	4.098
2026-09-27T20:38:43.147Z	spark1	KV_READY	6.413	6.972
2026-09-27T20:38:43.155Z	spark2	KV_READY	11.458	4.098
2026-09-27T20:38:43.416Z	spark1	KV_READY	6.407	7.050
2026-09-27T20:38:43.417Z	spark2	KV_READY	11.458	4.098
2026-09-27T20:38:43.667Z	spark1	KV_READY	6.411	7.162
2026-09-27T20:38:43.668Z	spark2	KV_READY	11.458	4.098
2026-09-27T20:38:43.917Z	spark1	KV_READY	6.409	7.269
2026-09-27T20:38:43.919Z	spark2	KV_READY	11.458	4.098
2026-09-27T20:38:44.168Z	spark1	KV_READY	6.344	7.356
2026-09-27T20:38:44.169Z	spark2	KV_READY	11.458	4.098
2026-09-27T20:38:44.431Z	spark2	KV_READY	11.458	4.098
2026-09-27T20:38:44.436Z	spark1	KV_READY	7.352	7.418
2026-09-27T20:38:44.681Z	spark2	KV_READY	11.458	4.098
2026-09-27T20:38:44.687Z	spark1	KV_READY	9.227	7.418
2026-09-27T20:38:44.932Z	spark2	KV_READY	11.458	4.098
2026-09-27T20:38:44.937Z	spark1	KV_READY	9.721	7.418
2026-09-27T20:38:45.183Z	spark2	KV_READY	11.458	4.098
2026-09-27T20:38:45.188Z	spark1	KV_READY	9.720	7.418
2026-09-27T20:38:45.447Z	spark2	KV_READY	11.458	4.098
2026-09-27T20:38:45.455Z	spark1	KV_READY	9.719	7.418
2026-09-27T20:38:45.698Z	spark2	KV_READY	11.458	4.098
2026-09-27T20:38:45.705Z	spark1	KV_READY	9.719	7.418
2026-09-27T20:38:45.949Z	spark2	KV_READY	11.458	4.098
2026-09-27T20:38:45.955Z	spark1	KV_READY	9.681	7.418
2026-09-27T20:38:46.201Z	spark2	KV_READY	11.458	4.098
2026-09-27T20:38:46.206Z	spark1	KV_READY	9.494	7.418
2026-09-27T20:38:46.460Z	spark2	KV_READY	11.458	4.098
2026-09-27T20:38:46.472Z	spark1	KV_READY	9.244	7.418
2026-09-27T20:38:46.712Z	spark2	KV_READY	11.458	4.098
2026-09-27T20:38:46.722Z	spark1	KV_READY	8.800	7.418
2026-09-27T20:38:46.962Z	spark2	KV_READY	11.458	4.098
2026-09-27T20:38:46.972Z	spark1	KV_READY	8.670	7.418
2026-09-27T20:38:47.213Z	spark2	KV_READY	11.458	4.098
2026-09-27T20:38:47.223Z	spark1	KV_READY	8.619	7.418
2026-09-27T20:38:47.473Z	spark2	KV_READY	11.436	4.098
2026-09-27T20:38:47.484Z	spark1	KV_READY	8.603	7.418
2026-09-27T20:38:47.724Z	spark2	KV_READY	11.438	4.098
2026-09-27T20:38:47.734Z	spark1	KV_READY	7.657	7.418
2026-09-27T20:38:47.973Z	spark2	KV_READY	11.443	4.098
2026-09-27T20:38:47.984Z	spark1	KV_READY	7.242	7.418
2026-09-27T20:38:48.225Z	spark2	KV_READY	11.443	4.098
2026-09-27T20:38:48.235Z	spark1	KV_READY	6.328	7.418
2026-09-27T20:38:48.489Z	spark2	KV_READY	11.443	4.098
2026-09-27T20:38:48.497Z	spark1	KV_READY	6.435	7.513
2026-09-27T20:38:48.740Z	spark2	KV_READY	11.443	4.098
2026-09-27T20:38:48.747Z	spark1	KV_READY	7.970	7.552
2026-09-27T20:38:48.991Z	spark2	KV_READY	11.446	4.098
2026-09-27T20:38:48.997Z	spark1	KV_READY	9.986	7.552
2026-09-27T20:38:49.242Z	spark2	KV_READY	11.446	4.098
2026-09-27T20:38:49.248Z	spark1	KV_READY	9.976	7.552
2026-09-27T20:38:49.504Z	spark2	KV_READY	11.446	4.098
2026-09-27T20:38:49.515Z	spark1	KV_READY	9.975	7.552
2026-09-27T20:38:49.754Z	spark2	KV_READY	11.446	4.098
2026-09-27T20:38:49.765Z	spark1	KV_READY	9.979	7.552
2026-09-27T20:38:50.005Z	spark2	KV_READY	11.447	4.098
2026-09-27T20:38:50.016Z	spark1	KV_READY	9.960	7.552
2026-09-27T20:38:50.256Z	spark2	KV_READY	11.447	4.098
2026-09-27T20:38:50.266Z	spark1	KV_READY	9.952	7.552
2026-09-27T20:38:50.522Z	spark2	SERVING	11.447	4.098
2026-09-27T20:38:50.532Z	spark1	SERVING	9.951	7.551
2026-09-27T20:38:51.283Z	spark1	SERVING	9.947	7.551
2026-09-27T20:38:51.549Z	spark1	SERVING	9.947	7.551
2026-09-27T20:38:52.050Z	spark1	SERVING	9.940	7.551
2026-09-27T20:38:52.301Z	spark1	SERVING	9.940	7.551
2026-09-27T20:38:52.817Z	spark1	SERVING	9.935	7.550
2026-09-27T20:38:53.068Z	spark1	SERVING	9.932	7.549
2026-09-27T20:38:53.318Z	spark1	SERVING	9.920	7.549
2026-09-27T20:38:53.578Z	spark1	SERVING	9.920	7.549
2026-09-27T20:38:53.828Z	spark1	SERVING	9.912	7.549
2026-09-27T20:38:54.329Z	spark1	SERVING	9.912	7.549
2026-09-27T20:38:54.591Z	spark1	SERVING	9.912	7.549
2026-09-27T20:38:55.092Z	spark1	SERVING	9.878	7.548
2026-09-27T20:38:55.342Z	spark1	SERVING	9.877	7.548
2026-09-27T20:38:55.591Z	spark2	SERVING	11.453	4.098
2026-09-27T20:38:55.610Z	spark1	SERVING	9.876	7.548
2026-09-27T20:38:56.878Z	spark1	SERVING	9.876	7.548
2026-09-27T20:38:58.142Z	spark1	SERVING	9.848	7.548
2026-09-27T20:38:58.392Z	spark1	SERVING	9.844	7.548
2026-09-27T20:38:58.885Z	spark2	SERVING	11.442	4.098
2026-09-27T20:38:58.904Z	spark1	SERVING	9.828	7.548
2026-09-27T20:38:59.154Z	spark1	SERVING	9.828	7.548
2026-09-27T20:38:59.922Z	spark1	SERVING	9.819	7.548
2026-09-27T20:39:00.173Z	spark1	SERVING	9.809	7.547
2026-09-27T20:39:03.955Z	spark2	SERVING	11.450	4.097
2026-09-27T20:39:04.206Z	spark2	SERVING	11.440	4.097
2026-09-27T20:39:04.456Z	spark2	SERVING	11.440	4.097
2026-09-27T20:39:04.485Z	spark1	SERVING	9.801	7.547
2026-09-27T20:39:04.720Z	spark2	SERVING	11.438	4.097
2026-09-27T20:39:04.747Z	spark1	SERVING	9.791	7.546
2026-09-27T20:39:04.971Z	spark2	SERVING	11.411	4.097
2026-09-27T20:39:04.997Z	spark1	SERVING	9.770	7.546
2026-09-27T20:39:05.221Z	spark2	SERVING	11.411	4.097
2026-09-27T20:39:05.247Z	spark1	SERVING	9.761	7.546
2026-09-27T20:39:05.497Z	spark1	SERVING	9.756	7.546
2026-09-27T20:39:05.735Z	spark2	SERVING	11.411	4.097
2026-09-27T20:39:05.760Z	spark1	SERVING	9.715	7.546
2026-09-27T20:39:06.237Z	spark2	SERVING	11.405	4.097
2026-09-27T20:39:06.261Z	spark1	SERVING	9.712	7.546
2026-09-27T20:39:06.512Z	spark1	SERVING	9.650	7.546
2026-09-27T20:39:06.774Z	spark1	SERVING	9.649	7.546
2026-09-27T20:39:07.025Z	spark1	SERVING	9.612	7.546
2026-09-27T20:39:07.254Z	spark2	SERVING	11.402	4.097
2026-09-27T20:39:07.275Z	spark1	SERVING	9.582	7.545
2026-09-27T20:39:07.505Z	spark2	SERVING	11.400	4.097
2026-09-27T20:39:07.525Z	spark1	SERVING	9.578	7.545
2026-09-27T20:39:07.794Z	spark1	SERVING	9.574	7.545
2026-09-27T20:39:08.044Z	spark1	SERVING	9.567	7.545
2026-09-27T20:39:08.546Z	spark1	SERVING	9.560	7.545
2026-09-27T20:39:09.078Z	spark1	SERVING	9.546	7.545
2026-09-27T20:39:09.328Z	spark1	SERVING	9.542	7.545
2026-09-27T20:39:09.579Z	spark1	SERVING	9.542	7.545
2026-09-27T20:39:09.816Z	spark2	SERVING	11.390	4.097
2026-09-27T20:39:09.852Z	spark1	SERVING	9.542	7.545
2026-09-27T20:39:10.103Z	spark1	SERVING	9.534	7.545
2026-09-27T20:39:10.353Z	spark1	SERVING	9.526	7.545
2026-09-27T20:39:10.604Z	spark1	SERVING	9.519	7.545
2026-09-27T20:39:10.881Z	spark1	SERVING	9.519	7.545
2026-09-27T20:39:11.131Z	spark1	SERVING	9.519	7.545
2026-09-27T20:39:11.633Z	spark1	SERVING	9.519	7.545
2026-09-27T20:39:14.938Z	spark2	SERVING	11.412	4.097
2026-09-27T20:39:16.771Z	spark1	SERVING	9.665	7.542
2026-09-27T20:39:20.049Z	spark2	SERVING	11.412	4.097
2026-09-27T20:39:21.888Z	spark1	SERVING	9.709	7.542
2026-09-27T20:39:25.169Z	spark2	SERVING	11.413	4.097
2026-09-27T20:39:27.029Z	spark1	SERVING	9.760	7.542
2026-09-27T20:39:30.288Z	spark2	SERVING	11.414	4.097
2026-09-27T20:39:32.170Z	spark1	SERVING	9.756	7.541
2026-09-27T20:39:35.408Z	spark2	SERVING	11.396	4.097
2026-09-27T20:39:37.314Z	spark1	SERVING	9.737	7.541
2026-09-27T20:39:40.533Z	spark2	SERVING	11.410	4.097
2026-09-27T20:39:42.459Z	spark1	SERVING	9.760	7.541
2026-09-27T20:39:43.602Z	spark2	SERVING	11.388	4.097
2026-09-27T20:39:47.595Z	spark1	SERVING	9.759	7.540
2026-09-27T20:39:48.723Z	spark2	SERVING	11.406	4.097
2026-09-27T20:39:52.745Z	spark1	SERVING	9.760	7.540
2026-09-27T20:39:53.842Z	spark2	SERVING	11.409	4.097
2026-09-27T20:39:55.119Z	spark2	SERVING	11.385	4.097
2026-09-27T20:39:57.871Z	spark1	SERVING	9.783	7.540
2026-09-27T20:40:00.235Z	spark2	SERVING	11.408	4.097
2026-09-27T20:40:03.007Z	spark1	SERVING	9.753	7.539
2026-09-27T20:40:05.352Z	spark2	SERVING	11.411	4.097
2026-09-27T20:40:08.144Z	spark1	SERVING	9.731	7.539
2026-09-27T20:40:10.472Z	spark2	SERVING	11.410	4.097
2026-09-27T20:40:13.269Z	spark1	SERVING	9.719	7.538
2026-09-27T20:40:15.579Z	spark2	SERVING	11.412	4.097
2026-09-27T20:40:18.406Z	spark1	SERVING	9.612	7.538
2026-09-27T20:40:20.697Z	spark2	SERVING	11.412	4.097
2026-09-27T20:40:23.549Z	spark1	SERVING	9.683	7.535
2026-09-27T20:40:25.815Z	spark2	SERVING	11.411	4.097
2026-09-27T20:40:28.689Z	spark1	SERVING	9.663	7.535
2026-09-27T20:40:28.880Z	spark2	SERVING	11.385	4.097
2026-09-27T20:40:33.831Z	spark1	SERVING	9.636	7.533
2026-09-27T20:40:34.000Z	spark2	SERVING	11.397	4.097
2026-09-27T20:40:38.978Z	spark1	SERVING	9.583	7.533
2026-09-27T20:40:39.115Z	spark2	SERVING	11.399	4.097
2026-09-27T20:40:44.118Z	spark1	SERVING	9.654	7.532
2026-09-27T20:40:44.233Z	spark2	SERVING	11.419	4.097
2026-09-27T20:40:49.245Z	spark1	SERVING	9.680	7.532
2026-09-27T20:40:49.349Z	spark2	SERVING	11.419	4.097
2026-09-27T20:40:54.382Z	spark1	SERVING	9.643	7.532
2026-09-27T20:40:54.460Z	spark2	SERVING	11.421	4.096
2026-09-27T20:40:59.516Z	spark1	SERVING	9.643	7.532
2026-09-27T20:40:59.577Z	spark2	SERVING	11.421	4.096
2026-09-27T20:41:04.657Z	spark1	SERVING	9.580	7.531
2026-09-27T20:41:04.698Z	spark2	SERVING	11.396	4.096
2026-09-27T20:41:09.814Z	spark1	SERVING	9.639	7.530
2026-09-27T20:41:09.819Z	spark2	SERVING	11.404	4.096
2026-09-27T20:41:14.409Z	spark2	SERVING	11.385	4.096
2026-09-27T20:41:14.955Z	spark1	SERVING	9.589	7.528
2026-09-27T20:41:19.531Z	spark2	SERVING	11.394	4.096
2026-09-27T20:41:20.094Z	spark1	SERVING	9.632	7.527
2026-09-27T20:41:23.453Z	spark1	SERVING	9.511	7.527
2026-09-27T20:41:24.647Z	spark2	SERVING	11.399	4.096
2026-09-27T20:41:28.594Z	spark1	SERVING	9.952	6.933
2026-09-27T20:41:29.763Z	spark2	SERVING	12.416	4.096
2026-09-27T20:41:33.730Z	spark1	SERVING	10.036	6.933
2026-09-27T20:41:34.878Z	spark2	SERVING	12.418	4.096
2026-09-27T20:41:38.867Z	spark1	SERVING	10.041	6.932
2026-09-27T20:41:39.990Z	spark2	SERVING	12.417	4.096
2026-09-27T20:41:44.004Z	spark1	SERVING	10.052	6.932
2026-09-27T20:41:45.103Z	spark2	SERVING	12.417	4.096
2026-09-27T20:41:49.137Z	spark1	SERVING	10.027	6.932
2026-09-27T20:41:50.218Z	spark2	SERVING	12.432	4.096
2026-09-27T20:41:54.278Z	spark1	SERVING	10.027	6.931
2026-09-27T20:41:55.332Z	spark2	SERVING	12.431	4.096
2026-09-27T20:41:59.421Z	spark1	SERVING	10.011	6.931
2026-09-27T20:42:00.451Z	spark2	SERVING	12.422	4.096
2026-09-27T20:42:04.557Z	spark1	SERVING	10.005	6.931
2026-09-27T20:42:05.565Z	spark2	SERVING	12.425	4.096
2026-09-27T20:42:09.698Z	spark1	SERVING	10.043	6.931
2026-09-27T20:42:10.671Z	spark2	SERVING	12.426	4.096
2026-09-27T20:42:14.831Z	spark1	SERVING	10.026	6.930
2026-09-27T20:42:15.784Z	spark2	SERVING	12.425	4.096
2026-09-27T20:42:19.965Z	spark1	SERVING	10.044	6.929
2026-09-27T20:42:20.900Z	spark2	SERVING	12.425	4.096
2026-09-27T20:42:25.099Z	spark1	SERVING	9.977	6.929
2026-09-27T20:42:26.015Z	spark2	SERVING	12.416	4.096
2026-09-27T20:42:30.233Z	spark1	SERVING	9.999	6.929
2026-09-27T20:42:31.125Z	spark2	SERVING	12.421	4.096
2026-09-27T20:42:35.381Z	spark1	SERVING	9.919	6.928
2026-09-27T20:42:36.234Z	spark2	SERVING	12.422	4.096
2026-09-27T20:42:40.504Z	spark1	SERVING	9.869	6.928
2026-09-27T20:42:41.346Z	spark2	SERVING	12.427	4.096
2026-09-27T20:42:45.641Z	spark1	SERVING	9.969	6.927
2026-09-27T20:42:46.462Z	spark2	SERVING	12.428	4.096
2026-09-27T20:42:50.782Z	spark1	SERVING	9.988	6.927
2026-09-27T20:42:51.584Z	spark2	SERVING	12.429	4.096
2026-09-27T20:42:55.927Z	spark1	SERVING	9.933	6.927
2026-09-27T20:42:56.701Z	spark2	SERVING	12.444	4.096
2026-09-27T20:43:01.066Z	spark1	SERVING	9.961	6.926
2026-09-27T20:43:01.821Z	spark2	SERVING	12.443	4.096
2026-09-27T20:43:06.191Z	spark1	SERVING	9.916	6.925
2026-09-27T20:43:06.931Z	spark2	SERVING	12.440	4.096
2026-09-27T20:43:11.327Z	spark1	SERVING	9.976	6.923
2026-09-27T20:43:12.049Z	spark2	SERVING	12.441	4.096
2026-09-27T20:43:16.464Z	spark1	SERVING	9.857	6.923
2026-09-27T20:43:17.168Z	spark2	SERVING	12.441	4.096
2026-09-27T20:43:21.596Z	spark1	SERVING	9.811	6.923
2026-09-27T20:43:22.290Z	spark2	SERVING	12.401	4.096
2026-09-27T20:43:26.738Z	spark1	SERVING	9.785	6.923
2026-09-27T20:43:27.408Z	spark2	SERVING	12.414	4.096
2026-09-27T20:43:31.882Z	spark1	SERVING	9.831	6.922
2026-09-27T20:43:32.524Z	spark2	SERVING	12.420	4.096
2026-09-27T20:43:37.030Z	spark1	SERVING	10.019	6.922
2026-09-27T20:43:37.647Z	spark2	SERVING	12.425	4.096
2026-09-27T20:43:42.172Z	spark1	SERVING	9.967	6.922
2026-09-27T20:43:42.760Z	spark2	SERVING	12.420	4.095
2026-09-27T20:43:45.756Z	spark1	SERVING	9.496	6.922
2026-09-27T20:43:46.006Z	spark1	SERVING	9.341	6.922
2026-09-27T20:43:46.293Z	spark1	SERVING	9.233	6.922
2026-09-27T20:43:46.543Z	spark1	SERVING	9.145	6.922
2026-09-27T20:43:46.794Z	spark1	SERVING	9.141	6.922
2026-09-27T20:43:47.044Z	spark1	SERVING	9.139	6.922
2026-09-27T20:43:47.319Z	spark1	SERVING	9.135	6.922
2026-09-27T20:43:47.569Z	spark1	SERVING	9.134	6.922
2026-09-27T20:43:47.820Z	spark1	SERVING	9.127	6.922
2026-09-27T20:43:47.880Z	spark2	SERVING	12.419	4.095
2026-09-27T20:43:48.601Z	spark1	SERVING	9.123	6.922
2026-09-27T20:43:49.102Z	spark1	SERVING	9.122	6.922
2026-09-27T20:43:49.380Z	spark1	SERVING	9.112	6.922
2026-09-27T20:43:49.881Z	spark1	SERVING	9.105	6.922
2026-09-27T20:43:51.689Z	spark1	SERVING	9.085	6.922
2026-09-27T20:43:51.939Z	spark1	SERVING	9.060	6.922
2026-09-27T20:43:53.004Z	spark2	SERVING	12.411	4.095
2026-09-27T20:43:57.089Z	spark1	SERVING	9.265	6.922
2026-09-27T20:43:58.122Z	spark2	SERVING	12.417	4.095
2026-09-27T20:44:02.233Z	spark1	SERVING	9.443	6.922
2026-09-27T20:44:03.234Z	spark2	SERVING	12.418	4.095
2026-09-27T20:44:07.376Z	spark1	SERVING	10.661	6.922
2026-09-27T20:44:08.341Z	spark2	SERVING	13.072	4.095
2026-09-27T20:44:12.516Z	spark1	SERVING	10.672	6.922
2026-09-27T20:44:13.459Z	spark2	SERVING	13.072	4.095
2026-09-27T20:44:17.662Z	spark1	SERVING	10.600	6.921
2026-09-27T20:44:18.581Z	spark2	SERVING	13.065	4.095
2026-09-27T20:44:22.807Z	spark1	SERVING	10.426	6.921
2026-09-27T20:44:23.697Z	spark2	SERVING	13.074	4.095
2026-09-27T20:44:27.955Z	spark1	SERVING	10.319	6.918
2026-09-27T20:44:28.803Z	spark2	SERVING	13.066	4.095
2026-09-27T20:44:33.118Z	spark1	SERVING	9.762	6.917
2026-09-27T20:44:33.916Z	spark2	SERVING	13.067	4.095
2026-09-27T20:44:38.253Z	spark1	SERVING	9.565	6.917
2026-09-27T20:44:39.022Z	spark2	SERVING	13.057	4.095
2026-09-27T20:44:43.410Z	spark1	SERVING	9.525	6.917
2026-09-27T20:44:44.141Z	spark2	SERVING	13.058	4.095
2026-09-27T20:44:48.547Z	spark1	SERVING	9.778	6.916
2026-09-27T20:44:49.258Z	spark2	SERVING	13.032	4.094
2026-09-27T20:44:53.689Z	spark1	SERVING	9.832	6.916
2026-09-27T20:44:54.375Z	spark2	SERVING	13.050	4.094
2026-09-27T20:44:58.831Z	spark1	SERVING	10.344	6.916
2026-09-27T20:44:59.493Z	spark2	SERVING	13.061	4.094
2026-09-27T20:45:03.974Z	spark1	SERVING	10.539	6.915
2026-09-27T20:45:04.607Z	spark2	SERVING	13.052	4.094
2026-09-27T20:45:09.125Z	spark1	SERVING	10.156	6.914
2026-09-27T20:45:09.720Z	spark2	SERVING	13.052	4.094
2026-09-27T20:45:14.266Z	spark1	SERVING	10.204	6.914
2026-09-27T20:45:14.827Z	spark2	SERVING	13.061	4.094
2026-09-27T20:45:19.409Z	spark1	SERVING	9.841	6.914
2026-09-27T20:45:19.932Z	spark2	SERVING	13.061	4.094
2026-09-27T20:45:24.561Z	spark1	SERVING	10.046	6.914
2026-09-27T20:45:25.053Z	spark2	SERVING	13.033	4.094
2026-09-27T20:45:29.716Z	spark1	SERVING	10.501	6.914
2026-09-27T20:45:30.171Z	spark2	SERVING	13.051	4.094
2026-09-27T20:45:34.874Z	spark1	SERVING	9.870	6.913
2026-09-27T20:45:35.293Z	spark2	SERVING	13.043	4.094
2026-09-27T20:45:40.015Z	spark1	SERVING	10.584	6.913
2026-09-27T20:45:40.416Z	spark2	SERVING	13.047	4.094
2026-09-27T20:45:45.161Z	spark1	SERVING	9.716	6.913
2026-09-27T20:45:45.539Z	spark2	SERVING	13.046	4.094
2026-09-27T20:45:50.305Z	spark1	SERVING	10.428	6.913
2026-09-27T20:45:50.657Z	spark2	SERVING	13.054	4.094
2026-09-27T20:45:55.447Z	spark1	SERVING	10.367	6.913
2026-09-27T20:45:55.764Z	spark2	SERVING	13.054	4.094
2026-09-27T20:46:00.588Z	spark1	SERVING	10.556	6.913
2026-09-27T20:46:00.879Z	spark2	SERVING	13.057	4.094
2026-09-27T20:46:05.733Z	spark1	SERVING	10.623	6.913
2026-09-27T20:46:05.998Z	spark2	SERVING	13.057	4.094
2026-09-27T20:46:10.870Z	spark1	SERVING	10.571	6.913
2026-09-27T20:46:11.116Z	spark2	SERVING	13.046	4.093
2026-09-27T20:46:15.994Z	spark1	SERVING	10.606	6.913
2026-09-27T20:46:16.230Z	spark2	SERVING	13.047	4.093
2026-09-27T20:46:21.132Z	spark1	SERVING	10.217	6.912
2026-09-27T20:46:21.350Z	spark2	SERVING	13.047	4.093
2026-09-27T20:46:26.279Z	spark1	SERVING	9.783	6.912
2026-09-27T20:46:26.463Z	spark2	SERVING	13.047	4.093
2026-09-27T20:46:31.427Z	spark1	SERVING	10.545	6.912
2026-09-27T20:46:31.579Z	spark2	SERVING	13.048	4.093
2026-09-27T20:46:36.565Z	spark1	SERVING	10.138	6.912
2026-09-27T20:46:36.691Z	spark2	SERVING	13.047	4.093
2026-09-27T20:46:41.700Z	spark1	SERVING	9.810	6.912
2026-09-27T20:46:41.811Z	spark2	SERVING	13.023	4.093
2026-09-27T20:46:46.854Z	spark1	SERVING	9.985	6.911
2026-09-27T20:46:46.932Z	spark2	SERVING	13.051	4.093
2026-09-27T20:46:51.994Z	spark1	SERVING	10.514	6.911
2026-09-27T20:46:52.039Z	spark2	SERVING	13.052	4.093
2026-09-27T20:46:57.141Z	spark1	SERVING	10.505	6.911
2026-09-27T20:46:57.154Z	spark2	SERVING	13.043	4.093
2026-09-27T20:47:02.264Z	spark2	SERVING	13.047	4.093
2026-09-27T20:47:02.282Z	spark1	SERVING	10.480	6.911
2026-09-27T20:47:07.380Z	spark2	SERVING	13.033	4.093
2026-09-27T20:47:07.432Z	spark1	SERVING	10.359	6.911
2026-09-27T20:47:12.494Z	spark2	SERVING	13.040	4.093
2026-09-27T20:47:12.580Z	spark1	SERVING	9.877	6.909
2026-09-27T20:47:17.609Z	spark2	SERVING	13.025	4.093
2026-09-27T20:47:17.719Z	spark1	SERVING	10.316	6.909
2026-09-27T20:47:22.725Z	spark2	SERVING	13.031	4.093
2026-09-27T20:47:22.857Z	spark1	SERVING	10.651	6.909
2026-09-27T20:47:27.850Z	spark2	SERVING	13.043	4.093
2026-09-27T20:47:27.999Z	spark1	SERVING	10.605	6.909
2026-09-27T20:47:32.970Z	spark2	SERVING	13.043	4.093
2026-09-27T20:47:33.126Z	spark1	SERVING	10.575	6.908
2026-09-27T20:47:38.089Z	spark2	SERVING	13.043	4.093
2026-09-27T20:47:38.259Z	spark1	SERVING	10.603	6.908
2026-09-27T20:47:43.207Z	spark2	SERVING	13.029	4.093
2026-09-27T20:47:43.403Z	spark1	SERVING	10.617	6.908
2026-09-27T20:47:48.314Z	spark2	SERVING	13.033	4.093
2026-09-27T20:47:48.548Z	spark1	SERVING	10.608	6.906
2026-09-27T20:47:53.440Z	spark2	SERVING	13.016	4.093
2026-09-27T20:47:53.688Z	spark1	SERVING	10.567	6.906
2026-09-27T20:47:58.544Z	spark2	SERVING	13.026	4.093
2026-09-27T20:47:58.817Z	spark1	SERVING	10.556	6.906
2026-09-27T20:48:03.670Z	spark2	SERVING	13.041	4.093
2026-09-27T20:48:03.942Z	spark1	SERVING	10.573	6.905
2026-09-27T20:48:08.789Z	spark2	SERVING	13.043	4.093
2026-09-27T20:48:09.089Z	spark1	SERVING	9.778	6.905
2026-09-27T20:48:13.914Z	spark2	SERVING	13.032	4.093
2026-09-27T20:48:14.231Z	spark1	SERVING	10.499	6.905
2026-09-27T20:48:19.026Z	spark2	SERVING	13.038	4.093
2026-09-27T20:48:19.373Z	spark1	SERVING	10.280	6.905
2026-09-27T20:48:24.141Z	spark2	SERVING	13.048	4.093
2026-09-27T20:48:24.517Z	spark1	SERVING	10.458	6.904
2026-09-27T20:48:29.276Z	spark2	SERVING	13.051	4.093
2026-09-27T20:48:29.656Z	spark1	SERVING	9.638	6.904
2026-09-27T20:48:34.404Z	spark2	SERVING	13.056	4.093
2026-09-27T20:48:34.799Z	spark1	SERVING	9.515	6.904
2026-09-27T20:48:39.523Z	spark2	SERVING	13.058	4.093
2026-09-27T20:48:39.943Z	spark1	SERVING	10.500	6.904
2026-09-27T20:48:44.645Z	spark2	SERVING	13.062	4.093
2026-09-27T20:48:45.072Z	spark1	SERVING	10.490	6.903
2026-09-27T20:48:49.760Z	spark2	SERVING	13.057	4.093
2026-09-27T20:48:50.211Z	spark1	SERVING	9.722	6.903
2026-09-27T20:48:54.870Z	spark2	SERVING	13.057	4.093
2026-09-27T20:48:55.357Z	spark1	SERVING	10.189	6.903
2026-09-27T20:48:59.984Z	spark2	SERVING	13.042	4.093
2026-09-27T20:49:00.489Z	spark1	SERVING	10.476	6.903
2026-09-27T20:49:05.097Z	spark2	SERVING	13.047	4.093
2026-09-27T20:49:05.631Z	spark1	SERVING	10.373	6.903
2026-09-27T20:49:10.215Z	spark2	SERVING	13.039	4.093
2026-09-27T20:49:10.778Z	spark1	SERVING	10.168	6.902
2026-09-27T20:49:15.327Z	spark2	SERVING	13.042	4.093
2026-09-27T20:49:15.921Z	spark1	SERVING	9.980	6.901
2026-09-27T20:49:20.448Z	spark2	SERVING	13.034	4.093
2026-09-27T20:49:21.055Z	spark1	SERVING	9.563	6.901
2026-09-27T20:49:25.569Z	spark2	SERVING	13.039	4.093
2026-09-27T20:49:26.194Z	spark1	SERVING	9.738	6.901
2026-09-27T20:49:30.696Z	spark2	SERVING	13.040	4.093
2026-09-27T20:49:31.334Z	spark1	SERVING	9.623	6.901
2026-09-27T20:49:35.822Z	spark2	SERVING	13.028	4.093
2026-09-27T20:49:36.469Z	spark1	SERVING	9.503	6.900
2026-09-27T20:49:40.943Z	spark2	SERVING	13.032	4.093
2026-09-27T20:49:41.608Z	spark1	SERVING	10.027	6.900
2026-09-27T20:49:46.058Z	spark2	SERVING	13.038	4.093
2026-09-27T20:49:46.739Z	spark1	SERVING	10.400	6.900
2026-09-27T20:49:49.047Z	spark1	SERVING	8.924	6.900
2026-09-27T20:49:49.326Z	spark1	SERVING	8.703	6.900
2026-09-27T20:49:49.576Z	spark1	SERVING	8.642	6.900
2026-09-27T20:49:49.827Z	spark1	SERVING	8.596	6.900
2026-09-27T20:49:50.077Z	spark1	SERVING	8.586	6.900
2026-09-27T20:49:50.353Z	spark1	SERVING	8.314	6.900
2026-09-27T20:49:50.604Z	spark1	SERVING	8.233	6.900
2026-09-27T20:49:51.178Z	spark2	SERVING	13.041	4.093
2026-09-27T20:49:55.739Z	spark1	SERVING	8.695	6.900
2026-09-27T20:49:56.303Z	spark2	SERVING	13.039	4.093
2026-09-27T20:50:00.879Z	spark1	SERVING	9.768	6.900
2026-09-27T20:50:01.414Z	spark2	SERVING	13.042	4.093
2026-09-27T20:50:06.020Z	spark1	SERVING	9.674	6.900
2026-09-27T20:50:06.530Z	spark2	SERVING	13.031	4.093
2026-09-27T20:50:11.163Z	spark1	SERVING	9.622	6.899
2026-09-27T20:50:11.642Z	spark2	SERVING	13.039	4.093
2026-09-27T20:50:16.301Z	spark1	SERVING	9.552	6.899
2026-09-27T20:50:16.759Z	spark2	SERVING	13.034	4.093
2026-09-27T20:50:21.447Z	spark1	SERVING	9.741	6.899
2026-09-27T20:50:21.874Z	spark2	SERVING	13.034	4.093
2026-09-27T20:50:26.586Z	spark1	SERVING	10.483	6.899
2026-09-27T20:50:26.992Z	spark2	SERVING	13.038	4.093
2026-09-27T20:50:31.726Z	spark1	SERVING	10.482	6.899
2026-09-27T20:50:32.107Z	spark2	SERVING	13.039	4.093
2026-09-27T20:50:36.874Z	spark1	SERVING	10.094	6.899
2026-09-27T20:50:37.228Z	spark2	SERVING	13.040	4.093
2026-09-27T20:50:42.015Z	spark1	SERVING	10.479	6.899
2026-09-27T20:50:42.353Z	spark2	SERVING	13.027	4.093
2026-09-27T20:50:47.159Z	spark1	SERVING	10.463	6.899
2026-09-27T20:50:47.467Z	spark2	SERVING	13.030	4.093
2026-09-27T20:50:52.299Z	spark1	SERVING	10.082	6.899
2026-09-27T20:50:52.580Z	spark2	SERVING	13.041	4.093
2026-09-27T20:50:57.438Z	spark1	SERVING	9.696	6.899
2026-09-27T20:50:57.693Z	spark2	SERVING	13.041	4.093
2026-09-27T20:51:02.585Z	spark1	SERVING	9.586	6.899
2026-09-27T20:51:02.810Z	spark2	SERVING	13.031	4.093
2026-09-27T20:51:07.732Z	spark1	SERVING	9.701	6.898
2026-09-27T20:51:07.929Z	spark2	SERVING	13.034	4.093
2026-09-27T20:51:12.879Z	spark1	SERVING	9.774	6.898
2026-09-27T20:51:13.057Z	spark2	SERVING	13.021	4.093
2026-09-27T20:51:18.009Z	spark1	SERVING	9.783	6.898
2026-09-27T20:51:18.176Z	spark2	SERVING	13.035	4.093
2026-09-27T20:51:23.152Z	spark1	SERVING	9.749	6.898
2026-09-27T20:51:23.298Z	spark2	SERVING	13.045	4.093
2026-09-27T20:51:28.293Z	spark1	SERVING	9.634	6.898
2026-09-27T20:51:28.410Z	spark2	SERVING	13.036	4.093
2026-09-27T20:51:33.436Z	spark1	SERVING	9.637	6.897
2026-09-27T20:51:33.525Z	spark2	SERVING	13.035	4.093
2026-09-27T20:51:38.580Z	spark1	SERVING	9.739	6.897
2026-09-27T20:51:38.636Z	spark2	SERVING	13.036	4.093
2026-09-27T20:51:43.712Z	spark1	SERVING	10.409	6.897
2026-09-27T20:51:43.748Z	spark2	SERVING	13.040	4.093
2026-09-27T20:51:48.855Z	spark1	SERVING	10.339	6.897
2026-09-27T20:51:48.862Z	spark2	SERVING	13.051	4.093
2026-09-27T20:51:53.978Z	spark2	SERVING	13.052	4.093
2026-09-27T20:51:54.000Z	spark1	SERVING	10.377	6.897
2026-09-27T20:51:59.090Z	spark2	SERVING	13.047	4.093
2026-09-27T20:51:59.130Z	spark1	SERVING	10.320	6.897
2026-09-27T20:52:04.211Z	spark2	SERVING	13.048	4.093
2026-09-27T20:52:04.286Z	spark1	SERVING	10.349	6.897
2026-09-27T20:52:09.324Z	spark2	SERVING	13.048	4.093
2026-09-27T20:52:09.417Z	spark1	SERVING	10.377	6.897
2026-09-27T20:52:14.442Z	spark2	SERVING	13.044	4.092
2026-09-27T20:52:14.551Z	spark1	SERVING	10.230	6.896
2026-09-27T20:52:19.557Z	spark2	SERVING	13.045	4.092
2026-09-27T20:52:19.686Z	spark1	SERVING	9.752	6.896
2026-09-27T20:52:24.677Z	spark2	SERVING	13.052	4.092
2026-09-27T20:52:24.822Z	spark1	SERVING	9.783	6.896
2026-09-27T20:52:29.799Z	spark2	SERVING	13.053	4.092
2026-09-27T20:52:29.963Z	spark1	SERVING	9.775	6.896
2026-09-27T20:52:34.920Z	spark2	SERVING	13.034	4.092
2026-09-27T20:52:35.108Z	spark1	SERVING	9.790	6.896
2026-09-27T20:52:40.045Z	spark2	SERVING	13.038	4.092
2026-09-27T20:52:40.243Z	spark1	SERVING	9.801	6.896
2026-09-27T20:52:45.165Z	spark2	SERVING	13.022	4.092
2026-09-27T20:52:45.381Z	spark1	SERVING	9.822	6.896
2026-09-27T20:52:50.281Z	spark2	SERVING	13.026	4.092
2026-09-27T20:52:50.523Z	spark1	SERVING	9.815	6.896
2026-09-27T20:52:55.397Z	spark2	SERVING	13.021	4.092
2026-09-27T20:52:55.664Z	spark1	SERVING	9.811	6.896
2026-09-27T20:53:00.512Z	spark2	SERVING	13.022	4.092
2026-09-27T20:53:00.797Z	spark1	SERVING	9.814	6.896
2026-09-27T20:53:05.623Z	spark2	SERVING	13.022	4.092
2026-09-27T20:53:05.920Z	spark1	SERVING	9.869	6.895
2026-09-27T20:53:10.740Z	spark2	SERVING	13.034	4.092
2026-09-27T20:53:11.061Z	spark1	SERVING	9.865	6.895
2026-09-27T20:53:15.860Z	spark2	SERVING	13.034	4.092
2026-09-27T20:53:16.200Z	spark1	SERVING	9.832	6.895
2026-09-27T20:53:20.977Z	spark2	SERVING	13.035	4.092
2026-09-27T20:53:21.340Z	spark1	SERVING	9.840	6.895
2026-09-27T20:53:26.096Z	spark2	SERVING	13.038	4.092
2026-09-27T20:53:26.490Z	spark1	SERVING	9.827	6.895
2026-09-27T20:53:31.219Z	spark2	SERVING	13.021	4.092
2026-09-27T20:53:31.626Z	spark1	SERVING	9.840	6.895
2026-09-27T20:53:36.333Z	spark2	SERVING	13.031	4.092
2026-09-27T20:53:36.753Z	spark1	SERVING	9.804	6.895
2026-09-27T20:53:41.457Z	spark2	SERVING	13.017	4.092
2026-09-27T20:53:41.892Z	spark1	SERVING	9.765	6.894
2026-09-27T20:53:46.576Z	spark2	SERVING	13.034	4.092
2026-09-27T20:53:47.043Z	spark1	SERVING	9.824	6.894
2026-09-27T20:53:51.688Z	spark2	SERVING	13.024	4.092
2026-09-27T20:53:52.179Z	spark1	SERVING	9.824	6.893
2026-09-27T20:53:56.804Z	spark2	SERVING	13.032	4.092
2026-09-27T20:53:57.332Z	spark1	SERVING	8.456	6.893
2026-09-27T20:54:01.916Z	spark2	SERVING	13.042	4.092
2026-09-27T20:54:02.472Z	spark1	SERVING	8.546	6.893
2026-09-27T20:54:07.038Z	spark2	SERVING	13.030	4.092
2026-09-27T20:54:07.619Z	spark1	SERVING	8.705	6.893
2026-09-27T20:54:12.162Z	spark2	SERVING	13.037	4.092
2026-09-27T20:54:12.756Z	spark1	SERVING	8.771	6.893
2026-09-27T20:54:17.289Z	spark2	SERVING	13.030	4.092
2026-09-27T20:54:17.898Z	spark1	SERVING	8.876	6.893
2026-09-27T20:54:22.411Z	spark2	SERVING	13.041	4.092
2026-09-27T20:54:23.041Z	spark1	SERVING	9.010	6.892
2026-09-27T20:54:27.537Z	spark2	SERVING	13.035	4.092
2026-09-27T20:54:28.183Z	spark1	SERVING	9.219	6.892
2026-09-27T20:54:32.660Z	spark2	SERVING	13.040	4.092
2026-09-27T20:54:33.330Z	spark1	SERVING	9.311	6.892
2026-09-27T20:54:37.788Z	spark2	SERVING	13.018	4.092
2026-09-27T20:54:38.469Z	spark1	SERVING	9.408	6.892
2026-09-27T20:54:42.916Z	spark2	SERVING	13.021	4.092
2026-09-27T20:54:43.602Z	spark1	SERVING	9.502	6.892
2026-09-27T20:54:48.039Z	spark2	SERVING	13.029	4.092
2026-09-27T20:54:48.743Z	spark1	SERVING	9.543	6.892
2026-09-27T20:54:53.160Z	spark2	SERVING	13.035	4.092
2026-09-27T20:54:53.885Z	spark1	SERVING	9.671	6.892
2026-09-27T20:54:58.286Z	spark2	SERVING	13.034	4.092
2026-09-27T20:54:59.030Z	spark1	SERVING	9.746	6.891
2026-09-27T20:55:03.415Z	spark2	SERVING	13.035	4.091
2026-09-27T20:55:04.176Z	spark1	SERVING	9.815	6.891
2026-09-27T20:55:08.536Z	spark2	SERVING	13.035	4.091
2026-09-27T20:55:09.320Z	spark1	SERVING	9.803	6.891
2026-09-27T20:55:13.654Z	spark2	SERVING	13.032	4.091
2026-09-27T20:55:14.459Z	spark1	SERVING	9.755	6.890
2026-09-27T20:55:18.782Z	spark2	SERVING	13.038	4.091
2026-09-27T20:55:19.596Z	spark1	SERVING	9.729	6.890
2026-09-27T20:55:23.905Z	spark2	SERVING	13.042	4.091
2026-09-27T20:55:24.737Z	spark1	SERVING	9.746	6.890
2026-09-27T20:55:29.031Z	spark2	SERVING	13.045	4.091
2026-09-27T20:55:29.870Z	spark1	SERVING	9.719	6.890
2026-09-27T20:55:34.159Z	spark2	SERVING	13.042	4.091
2026-09-27T20:55:35.013Z	spark1	SERVING	9.729	6.889
2026-09-27T20:55:39.286Z	spark2	SERVING	13.043	4.091
2026-09-27T20:55:40.155Z	spark1	SERVING	9.636	6.889
2026-09-27T20:55:44.404Z	spark2	SERVING	13.027	4.091
2026-09-27T20:55:45.289Z	spark1	SERVING	9.587	6.889
2026-09-27T20:55:49.524Z	spark2	SERVING	13.024	4.091
2026-09-27T20:55:50.437Z	spark1	SERVING	10.599	6.889
2026-09-27T20:55:54.647Z	spark2	SERVING	13.031	4.091
2026-09-27T20:55:55.574Z	spark1	SERVING	9.970	6.889
2026-09-27T20:55:59.763Z	spark2	SERVING	13.037	4.091
2026-09-27T20:56:00.713Z	spark1	SERVING	9.583	6.889
2026-09-27T20:56:04.877Z	spark2	SERVING	13.036	4.091
2026-09-27T20:56:05.849Z	spark1	SERVING	9.536	6.889
2026-09-27T20:56:09.998Z	spark2	SERVING	13.034	4.091
2026-09-27T20:56:10.994Z	spark1	SERVING	10.627	6.889
2026-09-27T20:56:15.122Z	spark2	SERVING	13.039	4.091
2026-09-27T20:56:16.145Z	spark1	SERVING	9.682	6.888
2026-09-27T20:56:20.241Z	spark2	SERVING	13.026	4.091
2026-09-27T20:56:21.286Z	spark1	SERVING	10.629	6.888
2026-09-27T20:56:25.356Z	spark2	SERVING	13.034	4.091
2026-09-27T20:56:26.428Z	spark1	SERVING	10.615	6.888
2026-09-27T20:56:30.471Z	spark2	SERVING	13.025	4.090
2026-09-27T20:56:31.572Z	spark1	SERVING	10.513	6.888
2026-09-27T20:56:35.589Z	spark2	SERVING	13.026	4.090
2026-09-27T20:56:36.714Z	spark1	SERVING	10.493	6.888
2026-09-27T20:56:40.700Z	spark2	SERVING	13.024	4.090
2026-09-27T20:56:41.858Z	spark1	SERVING	10.471	6.888
2026-09-27T20:56:45.819Z	spark2	SERVING	13.008	4.090
2026-09-27T20:56:46.985Z	spark1	SERVING	10.577	6.888
2026-09-27T20:56:50.940Z	spark2	SERVING	13.025	4.090
2026-09-27T20:56:52.121Z	spark1	SERVING	10.594	6.888
2026-09-27T20:56:56.060Z	spark2	SERVING	13.030	4.090
2026-09-27T20:56:57.257Z	spark1	SERVING	10.643	6.888
2026-09-27T20:57:01.180Z	spark2	SERVING	13.031	4.090
2026-09-27T20:57:02.402Z	spark1	SERVING	10.546	6.888
2026-09-27T20:57:06.297Z	spark2	SERVING	13.031	4.090
2026-09-27T20:57:07.538Z	spark1	SERVING	10.521	6.888
2026-09-27T20:57:11.412Z	spark2	SERVING	13.033	4.090
2026-09-27T20:57:12.674Z	spark1	SERVING	10.505	6.888
2026-09-27T20:57:16.528Z	spark2	SERVING	13.017	4.090
2026-09-27T20:57:17.828Z	spark1	SERVING	10.493	6.888
2026-09-27T20:57:21.648Z	spark2	SERVING	13.026	4.090
2026-09-27T20:57:22.982Z	spark1	SERVING	10.428	6.888
2026-09-27T20:57:26.766Z	spark2	SERVING	13.043	4.090
2026-09-27T20:57:28.124Z	spark1	SERVING	10.437	6.888
2026-09-27T20:57:31.880Z	spark2	SERVING	13.043	4.090
2026-09-27T20:57:33.271Z	spark1	SERVING	10.352	6.887
2026-09-27T20:57:36.989Z	spark2	SERVING	13.020	4.090
2026-09-27T20:57:38.413Z	spark1	SERVING	10.158	6.887
2026-09-27T20:57:42.109Z	spark2	SERVING	13.049	4.090
2026-09-27T20:57:43.554Z	spark1	SERVING	10.475	6.887
2026-09-27T20:57:47.222Z	spark2	SERVING	13.048	4.090
2026-09-27T20:57:48.699Z	spark1	SERVING	10.354	6.887
2026-09-27T20:57:52.336Z	spark2	SERVING	13.035	4.090
2026-09-27T20:57:53.837Z	spark1	SERVING	10.535	6.887
2026-09-27T20:57:57.448Z	spark2	SERVING	13.037	4.090
2026-09-27T20:57:58.964Z	spark1	SERVING	10.576	6.887
2026-09-27T20:58:02.571Z	spark2	SERVING	13.023	4.090
2026-09-27T20:58:04.106Z	spark1	SERVING	10.540	6.887
2026-09-27T20:58:07.697Z	spark2	SERVING	13.028	4.090
2026-09-27T20:58:09.240Z	spark1	SERVING	10.646	6.887
2026-09-27T20:58:12.819Z	spark2	SERVING	13.008	4.090
2026-09-27T20:58:14.382Z	spark1	SERVING	10.574	6.886
2026-09-27T20:58:17.934Z	spark2	SERVING	13.016	4.090
2026-09-27T20:58:19.516Z	spark1	SERVING	10.551	6.886
2026-09-27T20:58:23.051Z	spark2	SERVING	12.992	4.090
2026-09-27T20:58:24.654Z	spark1	SERVING	10.619	6.886
2026-09-27T20:58:28.167Z	spark2	SERVING	13.007	4.090
2026-09-27T20:58:29.791Z	spark1	SERVING	10.599	6.886
2026-09-27T20:58:33.282Z	spark2	SERVING	13.009	4.090
2026-09-27T20:58:34.930Z	spark1	SERVING	10.474	6.886
2026-09-27T20:58:38.404Z	spark2	SERVING	13.019	4.090
2026-09-27T20:58:40.065Z	spark1	SERVING	10.632	6.886
2026-09-27T20:58:43.523Z	spark2	SERVING	13.021	4.090
2026-09-27T20:58:45.209Z	spark1	SERVING	10.536	6.886
2026-09-27T20:58:48.643Z	spark2	SERVING	13.021	4.090
2026-09-27T20:58:50.350Z	spark1	SERVING	10.515	6.886
2026-09-27T20:58:53.765Z	spark2	SERVING	13.021	4.090
2026-09-27T20:58:55.493Z	spark1	SERVING	10.526	6.886
2026-09-27T20:58:58.883Z	spark2	SERVING	13.008	4.090
2026-09-27T20:59:00.635Z	spark1	SERVING	10.451	6.886
2026-09-27T20:59:03.989Z	spark2	SERVING	13.015	4.090
2026-09-27T20:59:05.768Z	spark1	SERVING	9.546	6.885
2026-09-27T20:59:09.105Z	spark2	SERVING	13.011	4.090
2026-09-27T20:59:10.917Z	spark1	SERVING	10.545	6.885
2026-09-27T20:59:14.220Z	spark2	SERVING	13.011	4.090
2026-09-27T20:59:16.054Z	spark1	SERVING	10.410	6.885
2026-09-27T20:59:19.331Z	spark2	SERVING	13.021	4.090
2026-09-27T20:59:21.192Z	spark1	SERVING	9.548	6.885
2026-09-27T20:59:24.445Z	spark2	SERVING	13.022	4.090
2026-09-27T20:59:26.323Z	spark1	SERVING	10.227	6.884
2026-09-27T20:59:29.527Z	spark2	SERVING	11.768	4.090
2026-09-27T20:59:31.434Z	spark1	SERVING	9.065	6.952
2026-09-27T20:59:34.637Z	spark2	SERVING	11.777	4.090
2026-09-27T20:59:36.545Z	spark1	SERVING	9.092	6.951
2026-09-27T20:59:39.740Z	spark2	SERVING	11.777	4.090
2026-09-27T20:59:41.662Z	spark1	SERVING	9.147	6.951
2026-09-27T20:59:44.844Z	spark2	SERVING	11.784	4.090
2026-09-27T20:59:46.767Z	spark1	SERVING	9.145	6.951
2026-09-27T20:59:49.068Z	spark1	SERVING	8.212	6.951
2026-09-27T20:59:49.597Z	spark1	SERVING	8.203	6.951
2026-09-27T20:59:49.847Z	spark1	SERVING	8.203	6.951
2026-09-27T20:59:49.949Z	spark2	SERVING	11.785	4.090
2026-09-27T20:59:50.098Z	spark1	SERVING	8.140	6.951
2026-09-27T20:59:50.348Z	spark1	SERVING	8.096	6.951
2026-09-27T20:59:55.043Z	spark2	SERVING	11.776	4.090
2026-09-27T20:59:55.450Z	spark1	SERVING	8.189	6.951
2026-09-27T21:00:00.140Z	spark2	SERVING	11.781	4.090
2026-09-27T21:00:00.558Z	spark1	SERVING	9.250	6.951
2026-09-27T21:00:05.240Z	spark2	SERVING	11.759	4.090
2026-09-27T21:00:05.683Z	spark1	SERVING	8.215	6.950
2026-09-27T21:00:10.326Z	spark2	SERVING	11.763	4.090
2026-09-27T21:00:10.791Z	spark1	SERVING	8.116	6.950
2026-09-27T21:00:12.340Z	spark1	SERVING	8.094	6.950
2026-09-27T21:00:15.416Z	spark2	SERVING	11.763	4.090
2026-09-27T21:00:17.442Z	spark1	SERVING	9.119	6.950
2026-09-27T21:00:20.521Z	spark2	SERVING	11.766	4.090
2026-09-27T21:00:22.552Z	spark1	SERVING	8.187	6.950
2026-09-27T21:00:25.092Z	spark1	SERVING	8.076	6.950
2026-09-27T21:00:25.368Z	spark1	SERVING	8.061	6.950
2026-09-27T21:00:25.619Z	spark1	SERVING	8.045	6.950
2026-09-27T21:00:25.631Z	spark2	SERVING	11.775	4.090
2026-09-27T21:00:25.869Z	spark1	SERVING	8.030	6.950
2026-09-27T21:00:26.120Z	spark1	SERVING	8.010	6.950
2026-09-27T21:00:26.391Z	spark1	SERVING	8.007	6.950
2026-09-27T21:00:26.641Z	spark1	SERVING	7.989	6.950
2026-09-27T21:00:27.142Z	spark1	SERVING	7.988	6.950
2026-09-27T21:00:30.730Z	spark2	SERVING	11.792	4.090
2026-09-27T21:00:32.275Z	spark1	SERVING	9.102	6.960
2026-09-27T21:00:35.834Z	spark2	SERVING	11.792	4.090
2026-09-27T21:00:37.403Z	spark1	SERVING	9.191	7.036
2026-09-27T21:00:40.940Z	spark2	SERVING	11.788	4.090
2026-09-27T21:00:42.530Z	spark1	SERVING	9.136	7.036
2026-09-27T21:00:46.049Z	spark2	SERVING	11.789	4.090
2026-09-27T21:00:47.654Z	spark1	SERVING	9.216	7.035
2026-09-27T21:00:51.149Z	spark2	SERVING	11.767	4.090
2026-09-27T21:00:52.775Z	spark1	SERVING	9.181	7.035
2026-09-27T21:00:56.247Z	spark2	SERVING	11.773	4.090
2026-09-27T21:00:57.912Z	spark1	SERVING	10.005	7.519
2026-09-27T21:01:01.353Z	spark2	SERVING	11.770	4.090
2026-09-27T21:01:03.021Z	spark1	SERVING	9.878	7.507
2026-09-27T21:01:06.463Z	spark2	SERVING	11.773	4.090
2026-09-27T21:01:08.135Z	spark1	SERVING	9.885	7.506
2026-09-27T21:01:11.578Z	spark2	SERVING	11.744	4.090
2026-09-27T21:01:13.267Z	spark1	SERVING	9.858	7.505
2026-09-27T21:01:16.679Z	spark2	SERVING	11.756	4.090
2026-09-27T21:01:18.393Z	spark1	SERVING	9.886	7.504
2026-09-27T21:01:21.783Z	spark2	SERVING	11.770	4.090
2026-09-27T21:01:23.508Z	spark1	SERVING	9.890	7.504
2026-09-27T21:01:26.883Z	spark2	SERVING	11.774	4.090
2026-09-27T21:01:28.625Z	spark1	SERVING	9.880	7.503
2026-09-27T21:01:31.983Z	spark2	SERVING	11.773	4.090
2026-09-27T21:01:33.727Z	spark1	SERVING	9.873	7.503
2026-09-27T21:01:37.083Z	spark2	SERVING	11.778	4.090
2026-09-27T21:01:38.842Z	spark1	SERVING	9.864	7.502
2026-09-27T21:01:42.187Z	spark2	SERVING	11.781	4.090
2026-09-27T21:01:43.955Z	spark1	SERVING	9.859	7.502
2026-09-27T21:01:47.287Z	spark2	SERVING	11.773	4.090
2026-09-27T21:01:49.082Z	spark1	SERVING	9.875	7.502
2026-09-27T21:01:52.397Z	spark2	SERVING	11.775	4.090
2026-09-27T21:01:54.201Z	spark1	SERVING	10.030	7.499
2026-09-27T21:01:57.494Z	spark2	SERVING	11.770	4.090
2026-09-27T21:01:59.318Z	spark1	SERVING	9.990	7.498
2026-09-27T21:02:02.593Z	spark2	SERVING	11.770	4.090
2026-09-27T21:02:04.441Z	spark1	SERVING	10.027	7.497
2026-09-27T21:02:07.690Z	spark2	SERVING	11.780	4.090
2026-09-27T21:02:09.562Z	spark1	SERVING	9.950	7.496
2026-09-27T21:02:12.787Z	spark2	SERVING	11.777	4.090
2026-09-27T21:02:14.680Z	spark1	SERVING	9.968	7.496
2026-09-27T21:02:17.910Z	spark2	SERVING	11.754	4.090
2026-09-27T21:02:19.823Z	spark1	SERVING	9.953	7.495
2026-09-27T21:02:23.031Z	spark2	SERVING	11.770	4.090
2026-09-27T21:02:24.963Z	spark1	SERVING	9.968	7.495
2026-09-27T21:02:28.152Z	spark2	SERVING	11.774	4.090
2026-09-27T21:02:30.108Z	spark1	SERVING	9.986	7.493
2026-09-27T21:02:33.267Z	spark2	SERVING	11.765	4.089
2026-09-27T21:02:35.245Z	spark1	SERVING	9.971	7.493
2026-09-27T21:02:38.388Z	spark2	SERVING	11.769	4.089
2026-09-27T21:02:40.383Z	spark1	SERVING	9.861	7.493
2026-09-27T21:02:43.505Z	spark2	SERVING	11.767	4.089
2026-09-27T21:02:45.522Z	spark1	SERVING	9.856	7.492
2026-09-27T21:02:48.623Z	spark2	SERVING	11.768	4.089
2026-09-27T21:02:50.666Z	spark1	SERVING	9.933	7.492
2026-09-27T21:02:53.742Z	spark2	SERVING	11.773	4.089
2026-09-27T21:02:55.804Z	spark1	SERVING	9.954	7.492
2026-09-27T21:02:58.871Z	spark2	SERVING	11.772	4.089
2026-09-27T21:03:00.948Z	spark1	SERVING	9.999	7.492
2026-09-27T21:03:03.986Z	spark2	SERVING	11.801	4.089
2026-09-27T21:03:06.090Z	spark1	SERVING	10.010	7.491
2026-09-27T21:03:09.110Z	spark2	SERVING	11.799	4.089
2026-09-27T21:03:11.236Z	spark1	SERVING	9.996	7.491
2026-09-27T21:03:14.225Z	spark2	SERVING	11.771	4.089
2026-09-27T21:03:16.378Z	spark1	SERVING	9.990	7.490
2026-09-27T21:03:19.343Z	spark2	SERVING	11.786	4.089
2026-09-27T21:03:21.530Z	spark1	SERVING	9.964	7.490
2026-09-27T21:03:24.463Z	spark2	SERVING	11.785	4.089
2026-09-27T21:03:26.669Z	spark1	SERVING	9.995	7.490
2026-09-27T21:03:29.588Z	spark2	SERVING	11.777	4.089
2026-09-27T21:03:31.813Z	spark1	SERVING	10.027	7.490
2026-09-27T21:03:34.716Z	spark2	SERVING	11.780	4.089
2026-09-27T21:03:36.950Z	spark1	SERVING	10.036	7.490
2026-09-27T21:03:39.829Z	spark2	SERVING	11.759	4.089
2026-09-27T21:03:42.083Z	spark1	SERVING	10.023	7.490
2026-09-27T21:03:44.948Z	spark2	SERVING	11.767	4.089
2026-09-27T21:03:47.217Z	spark1	SERVING	10.034	7.490
2026-09-27T21:03:50.056Z	spark2	SERVING	11.773	4.089
2026-09-27T21:03:52.348Z	spark1	SERVING	10.031	7.490
2026-09-27T21:03:55.178Z	spark2	SERVING	11.773	4.089
2026-09-27T21:03:57.488Z	spark1	SERVING	10.047	7.489
2026-09-27T21:04:00.292Z	spark2	SERVING	11.763	4.089
2026-09-27T21:04:02.633Z	spark1	SERVING	10.037	7.489
2026-09-27T21:04:05.418Z	spark2	SERVING	11.767	4.089
2026-09-27T21:04:07.778Z	spark1	SERVING	10.025	7.489
2026-09-27T21:04:10.537Z	spark2	SERVING	11.739	4.089
2026-09-27T21:04:12.927Z	spark1	SERVING	10.028	7.489
2026-09-27T21:04:15.656Z	spark2	SERVING	11.642	4.089
2026-09-27T21:04:18.072Z	spark1	SERVING	9.995	7.488
2026-09-27T21:04:20.775Z	spark2	SERVING	11.582	4.089
2026-09-27T21:04:23.211Z	spark1	SERVING	9.986	7.488
2026-09-27T21:04:25.907Z	spark2	SERVING	11.575	4.089
2026-09-27T21:04:28.351Z	spark1	SERVING	9.964	7.485
2026-09-27T21:04:31.031Z	spark2	SERVING	11.630	4.089
2026-09-27T21:04:33.496Z	spark1	SERVING	9.919	7.485
2026-09-27T21:04:36.165Z	spark2	SERVING	11.651	4.088
2026-09-27T21:04:38.640Z	spark1	SERVING	9.984	7.484
2026-09-27T21:04:41.285Z	spark2	SERVING	11.673	4.088
2026-09-27T21:04:43.784Z	spark1	SERVING	9.989	7.484
2026-09-27T21:04:46.394Z	spark2	SERVING	11.685	4.088
2026-09-27T21:04:48.935Z	spark1	SERVING	9.970	7.484
2026-09-27T21:04:51.508Z	spark2	SERVING	11.700	4.088
2026-09-27T21:04:54.072Z	spark1	SERVING	9.941	7.483
2026-09-27T21:04:56.623Z	spark2	SERVING	11.683	4.088
2026-09-27T21:04:59.209Z	spark1	SERVING	9.902	7.481
2026-09-27T21:05:01.746Z	spark2	SERVING	11.667	4.088
2026-09-27T21:05:04.331Z	spark1	SERVING	9.895	7.481
2026-09-27T21:05:06.858Z	spark2	SERVING	11.668	4.088
2026-09-27T21:05:09.461Z	spark1	SERVING	9.852	7.480
2026-09-27T21:05:11.968Z	spark2	SERVING	11.655	4.088
2026-09-27T21:05:14.578Z	spark1	SERVING	9.935	7.477
2026-09-27T21:05:17.088Z	spark2	SERVING	11.706	4.088
2026-09-27T21:05:19.710Z	spark1	SERVING	9.889	7.477
2026-09-27T21:05:22.191Z	spark2	SERVING	11.692	4.088
2026-09-27T21:05:24.824Z	spark1	SERVING	9.893	7.477
2026-09-27T21:05:27.308Z	spark2	SERVING	11.710	4.088
2026-09-27T21:05:29.944Z	spark1	SERVING	9.866	7.476
2026-09-27T21:05:32.420Z	spark2	SERVING	11.698	4.088
2026-09-27T21:05:35.063Z	spark1	SERVING	9.883	7.476
2026-09-27T21:05:37.526Z	spark2	SERVING	11.702	4.088
2026-09-27T21:05:40.177Z	spark1	SERVING	9.893	7.476
2026-09-27T21:05:42.638Z	spark2	SERVING	11.695	4.088
2026-09-27T21:05:45.300Z	spark1	SERVING	9.880	7.476
2026-09-27T21:05:47.756Z	spark2	SERVING	11.701	4.088
2026-09-27T21:05:50.421Z	spark1	SERVING	9.862	7.476
2026-09-27T21:05:52.859Z	spark2	SERVING	11.723	4.088
2026-09-27T21:05:55.548Z	spark1	SERVING	9.862	7.476
2026-09-27T21:05:57.970Z	spark2	SERVING	11.723	4.088
2026-09-27T21:06:00.666Z	spark1	SERVING	9.865	7.476
2026-09-27T21:06:03.082Z	spark2	SERVING	11.710	4.088
2026-09-27T21:06:05.783Z	spark1	SERVING	9.847	7.476
2026-09-27T21:06:08.196Z	spark2	SERVING	11.722	4.088
2026-09-27T21:06:10.904Z	spark1	SERVING	9.831	7.476
2026-09-27T21:06:13.302Z	spark2	SERVING	11.721	4.088
2026-09-27T21:06:16.038Z	spark1	SERVING	9.816	7.476
2026-09-27T21:06:18.405Z	spark2	SERVING	11.719	4.088
2026-09-27T21:06:21.164Z	spark1	SERVING	9.816	7.476
2026-09-27T21:06:23.501Z	spark2	SERVING	11.721	4.088
2026-09-27T21:06:26.271Z	spark1	SERVING	9.813	7.476
2026-09-27T21:06:28.606Z	spark2	SERVING	11.730	4.088
2026-09-27T21:06:31.397Z	spark1	SERVING	9.876	7.476
2026-09-27T21:06:33.716Z	spark2	SERVING	11.732	4.088
2026-09-27T21:06:36.515Z	spark1	SERVING	9.876	7.476
2026-09-27T21:06:38.822Z	spark2	SERVING	11.720	4.088
2026-09-27T21:06:41.654Z	spark1	SERVING	9.988	7.441
2026-09-27T21:06:43.908Z	spark2	SERVING	11.719	4.088
2026-09-27T21:06:46.749Z	spark1	SERVING	9.990	7.439
2026-09-27T21:06:48.981Z	spark2	SERVING	11.733	4.088
2026-09-27T21:06:51.844Z	spark1	SERVING	9.971	7.439
2026-09-27T21:06:54.048Z	spark2	SERVING	11.733	4.088
2026-09-27T21:06:56.926Z	spark1	SERVING	9.986	7.439
2026-09-27T21:06:59.124Z	spark2	SERVING	11.733	4.087
2026-09-27T21:07:01.996Z	spark1	SERVING	9.960	7.439
2026-09-27T21:07:04.192Z	spark2	SERVING	11.734	4.087
2026-09-27T21:07:07.081Z	spark1	SERVING	9.976	7.439
2026-09-27T21:07:09.253Z	spark2	SERVING	11.730	4.087
2026-09-27T21:07:12.159Z	spark1	SERVING	10.011	7.438
2026-09-27T21:07:14.318Z	spark2	SERVING	11.738	4.087
2026-09-27T21:07:17.245Z	spark1	SERVING	10.033	7.438
2026-09-27T21:07:19.383Z	spark2	SERVING	11.737	4.087
2026-09-27T21:07:22.327Z	spark1	SERVING	10.014	7.435
2026-09-27T21:07:24.450Z	spark2	SERVING	11.729	4.087
2026-09-27T21:07:27.415Z	spark1	SERVING	10.027	7.435
2026-09-27T21:07:29.518Z	spark2	SERVING	11.742	4.087
