ts	node	phase	memavail_gib	swap_used_gib
2026-09-28T00:51:18.971Z	spark1	LOAD	116.312	3.676
2026-09-28T00:51:19.081Z	spark2	LOAD	117.302	1.661
2026-09-28T00:51:19.234Z	spark1	LOAD	116.305	3.676
2026-09-28T00:51:19.343Z	spark2	LOAD	117.300	1.661
2026-09-28T00:51:19.484Z	spark1	LOAD	116.304	3.676
2026-09-28T00:51:19.593Z	spark2	LOAD	117.292	1.661
2026-09-28T00:51:19.734Z	spark1	LOAD	116.303	3.676
2026-09-28T00:51:19.842Z	spark2	LOAD	117.289	1.661
2026-09-28T00:51:19.984Z	spark1	LOAD	116.295	3.676
2026-09-28T00:51:20.094Z	spark2	LOAD	117.290	1.661
2026-09-28T00:51:20.250Z	spark1	LOAD	116.316	3.676
2026-09-28T00:51:20.354Z	spark2	LOAD	117.271	1.660
2026-09-28T00:51:20.500Z	spark1	LOAD	116.316	3.676
2026-09-28T00:51:20.603Z	spark2	LOAD	117.275	1.660
2026-09-28T00:51:20.750Z	spark1	LOAD	116.316	3.676
2026-09-28T00:51:20.854Z	spark2	LOAD	117.178	1.660
2026-09-28T00:51:21.001Z	spark1	LOAD	116.320	3.676
2026-09-28T00:51:21.104Z	spark2	LOAD	117.088	1.660
2026-09-28T00:51:21.261Z	spark1	LOAD	116.328	3.676
2026-09-28T00:51:21.364Z	spark2	LOAD	117.041	1.660
2026-09-28T00:51:21.512Z	spark1	LOAD	116.328	3.676
2026-09-28T00:51:21.615Z	spark2	LOAD	117.007	1.660
2026-09-28T00:51:21.762Z	spark1	LOAD	116.328	3.676
2026-09-28T00:51:21.866Z	spark2	LOAD	116.982	1.660
2026-09-28T00:51:22.013Z	spark1	LOAD	116.324	3.676
2026-09-28T00:51:22.117Z	spark2	LOAD	116.976	1.660
2026-09-28T00:51:22.275Z	spark1	LOAD	116.322	3.676
2026-09-28T00:51:22.377Z	spark2	LOAD	116.975	1.660
2026-09-28T00:51:22.526Z	spark1	LOAD	116.322	3.676
2026-09-28T00:51:22.628Z	spark2	LOAD	116.953	1.660
2026-09-28T00:51:22.776Z	spark1	LOAD	116.320	3.676
2026-09-28T00:51:22.878Z	spark2	LOAD	116.957	1.660
2026-09-28T00:51:23.026Z	spark1	LOAD	116.317	3.676
2026-09-28T00:51:23.129Z	spark2	LOAD	116.955	1.660
2026-09-28T00:51:23.287Z	spark1	LOAD	116.316	3.676
2026-09-28T00:51:23.394Z	spark2	LOAD	116.933	1.660
2026-09-28T00:51:23.538Z	spark1	LOAD	116.316	3.676
2026-09-28T00:51:23.645Z	spark2	LOAD	116.925	1.660
2026-09-28T00:51:23.789Z	spark1	LOAD	116.316	3.676
2026-09-28T00:51:23.896Z	spark2	LOAD	116.924	1.660
2026-09-28T00:51:24.039Z	spark1	LOAD	116.320	3.676
2026-09-28T00:51:24.145Z	spark2	LOAD	116.913	1.660
2026-09-28T00:51:24.303Z	spark1	LOAD	116.317	3.676
2026-09-28T00:51:24.411Z	spark2	LOAD	116.889	1.660
2026-09-28T00:51:24.552Z	spark1	LOAD	116.317	3.676
2026-09-28T00:51:24.662Z	spark2	LOAD	116.881	1.660
2026-09-28T00:51:24.803Z	spark1	LOAD	116.317	3.676
2026-09-28T00:51:24.912Z	spark2	LOAD	116.881	1.660
2026-09-28T00:51:25.053Z	spark1	LOAD	116.314	3.676
2026-09-28T00:51:25.163Z	spark2	LOAD	116.869	1.660
2026-09-28T00:51:25.318Z	spark1	LOAD	116.314	3.676
2026-09-28T00:51:25.425Z	spark2	LOAD	116.871	1.660
2026-09-28T00:51:25.570Z	spark1	LOAD	116.314	3.676
2026-09-28T00:51:25.675Z	spark2	LOAD	116.869	1.660
2026-09-28T00:51:25.819Z	spark1	LOAD	116.322	3.676
2026-09-28T00:51:25.925Z	spark2	LOAD	116.854	1.660
2026-09-28T00:51:26.071Z	spark1	LOAD	116.326	3.676
2026-09-28T00:51:26.175Z	spark2	LOAD	116.854	1.660
2026-09-28T00:51:26.333Z	spark1	LOAD	116.325	3.676
2026-09-28T00:51:26.437Z	spark2	LOAD	116.850	1.660
2026-09-28T00:51:26.584Z	spark1	LOAD	116.326	3.676
2026-09-28T00:51:26.687Z	spark2	LOAD	116.842	1.660
2026-09-28T00:51:26.835Z	spark1	LOAD	116.326	3.676
2026-09-28T00:51:26.938Z	spark2	LOAD	116.841	1.660
2026-09-28T00:51:27.085Z	spark1	LOAD	116.322	3.676
2026-09-28T00:51:27.188Z	spark2	LOAD	116.833	1.660
2026-09-28T00:51:27.353Z	spark1	LOAD	116.322	3.676
2026-09-28T00:51:27.454Z	spark2	LOAD	116.829	1.660
2026-09-28T00:51:27.604Z	spark1	LOAD	116.322	3.676
2026-09-28T00:51:27.704Z	spark2	LOAD	116.827	1.660
2026-09-28T00:51:27.855Z	spark1	LOAD	116.322	3.676
2026-09-28T00:51:27.955Z	spark2	LOAD	116.826	1.660
2026-09-28T00:51:28.106Z	spark1	LOAD	116.324	3.676
2026-09-28T00:51:28.204Z	spark2	LOAD	116.826	1.660
2026-09-28T00:51:28.370Z	spark1	LOAD	116.318	3.676
2026-09-28T00:51:28.466Z	spark2	LOAD	116.811	1.660
2026-09-28T00:51:28.619Z	spark1	LOAD	116.316	3.676
2026-09-28T00:51:28.715Z	spark2	LOAD	116.814	1.660
2026-09-28T00:51:28.870Z	spark1	LOAD	116.321	3.676
2026-09-28T00:51:28.966Z	spark2	LOAD	116.814	1.660
2026-09-28T00:51:29.121Z	spark1	LOAD	116.322	3.676
2026-09-28T00:51:29.217Z	spark2	LOAD	116.792	1.660
2026-09-28T00:51:29.384Z	spark1	LOAD	116.303	3.676
2026-09-28T00:51:29.476Z	spark2	LOAD	116.805	1.660
2026-09-28T00:51:29.635Z	spark1	LOAD	116.303	3.676
2026-09-28T00:51:29.726Z	spark2	LOAD	116.801	1.660
2026-09-28T00:51:29.886Z	spark1	LOAD	116.304	3.676
2026-09-28T00:51:29.977Z	spark2	LOAD	116.792	1.660
2026-09-28T00:51:30.136Z	spark1	LOAD	116.305	3.676
2026-09-28T00:51:30.226Z	spark2	LOAD	116.783	1.660
2026-09-28T00:51:30.397Z	spark1	LOAD	116.301	3.676
2026-09-28T00:51:30.487Z	spark2	LOAD	116.775	1.660
2026-09-28T00:51:30.649Z	spark1	LOAD	116.301	3.676
2026-09-28T00:51:30.737Z	spark2	LOAD	116.771	1.660
2026-09-28T00:51:30.900Z	spark1	LOAD	116.301	3.676
2026-09-28T00:51:30.988Z	spark2	LOAD	116.761	1.660
2026-09-28T00:51:31.150Z	spark1	LOAD	116.310	3.676
2026-09-28T00:51:31.238Z	spark2	LOAD	116.756	1.660
2026-09-28T00:51:31.415Z	spark1	LOAD	116.310	3.676
2026-09-28T00:51:31.504Z	spark2	LOAD	116.749	1.660
2026-09-28T00:51:31.666Z	spark1	LOAD	116.310	3.676
2026-09-28T00:51:31.755Z	spark2	LOAD	116.742	1.660
2026-09-28T00:51:31.917Z	spark1	LOAD	116.312	3.676
2026-09-28T00:51:32.006Z	spark2	LOAD	116.738	1.660
2026-09-28T00:51:32.168Z	spark1	LOAD	116.312	3.676
2026-09-28T00:51:32.255Z	spark2	LOAD	116.726	1.660
2026-09-28T00:51:32.430Z	spark1	LOAD	116.320	3.676
2026-09-28T00:51:32.516Z	spark2	LOAD	116.719	1.660
2026-09-28T00:51:32.681Z	spark1	LOAD	116.320	3.676
2026-09-28T00:51:32.766Z	spark2	LOAD	116.708	1.660
2026-09-28T00:51:32.932Z	spark1	LOAD	116.320	3.676
2026-09-28T00:51:33.016Z	spark2	LOAD	116.701	1.660
2026-09-28T00:51:33.182Z	spark1	LOAD	116.313	3.676
2026-09-28T00:51:33.267Z	spark2	LOAD	116.689	1.660
2026-09-28T00:51:33.449Z	spark1	LOAD	116.313	3.676
2026-09-28T00:51:33.527Z	spark2	LOAD	116.689	1.660
2026-09-28T00:51:33.700Z	spark1	LOAD	116.313	3.676
2026-09-28T00:51:33.777Z	spark2	LOAD	116.685	1.660
2026-09-28T00:51:33.951Z	spark1	LOAD	116.313	3.676
2026-09-28T00:51:34.028Z	spark2	LOAD	116.558	1.660
2026-09-28T00:51:34.202Z	spark1	LOAD	116.313	3.676
2026-09-28T00:51:34.278Z	spark2	LOAD	116.448	1.660
2026-09-28T00:51:34.464Z	spark1	LOAD	116.305	3.676
2026-09-28T00:51:34.539Z	spark2	LOAD	116.396	1.660
2026-09-28T00:51:34.714Z	spark1	LOAD	116.305	3.676
2026-09-28T00:51:34.789Z	spark2	LOAD	116.349	1.660
2026-09-28T00:51:34.965Z	spark1	LOAD	116.306	3.676
2026-09-28T00:51:35.039Z	spark2	LOAD	116.317	1.660
2026-09-28T00:51:35.216Z	spark1	LOAD	116.302	3.676
2026-09-28T00:51:35.290Z	spark2	LOAD	116.296	1.660
2026-09-28T00:51:35.483Z	spark1	LOAD	116.302	3.676
2026-09-28T00:51:35.551Z	spark2	LOAD	116.265	1.660
2026-09-28T00:51:35.734Z	spark1	LOAD	116.302	3.676
2026-09-28T00:51:35.802Z	spark2	LOAD	116.240	1.660
2026-09-28T00:51:35.985Z	spark1	LOAD	116.303	3.676
2026-09-28T00:51:36.052Z	spark2	LOAD	116.240	1.660
2026-09-28T00:51:36.236Z	spark1	LOAD	116.305	3.676
2026-09-28T00:51:36.303Z	spark2	LOAD	116.233	1.660
2026-09-28T00:51:36.497Z	spark1	LOAD	116.315	3.676
2026-09-28T00:51:36.564Z	spark2	LOAD	116.194	1.660
2026-09-28T00:51:36.748Z	spark1	LOAD	116.315	3.676
2026-09-28T00:51:36.814Z	spark2	LOAD	116.177	1.660
2026-09-28T00:51:36.999Z	spark1	LOAD	116.325	3.676
2026-09-28T00:51:37.065Z	spark2	LOAD	116.158	1.660
2026-09-28T00:51:37.250Z	spark1	LOAD	116.327	3.676
2026-09-28T00:51:37.315Z	spark2	LOAD	116.138	1.660
2026-09-28T00:51:37.518Z	spark1	LOAD	116.327	3.676
2026-09-28T00:51:37.577Z	spark2	LOAD	116.136	1.660
2026-09-28T00:51:37.769Z	spark1	LOAD	116.327	3.676
2026-09-28T00:51:37.827Z	spark2	LOAD	116.133	1.660
2026-09-28T00:51:38.020Z	spark1	LOAD	116.329	3.676
2026-09-28T00:51:38.077Z	spark2	LOAD	116.134	1.660
2026-09-28T00:51:38.271Z	spark1	LOAD	116.329	3.676
2026-09-28T00:51:38.327Z	spark2	LOAD	116.113	1.660
2026-09-28T00:51:38.538Z	spark1	LOAD	116.324	3.676
2026-09-28T00:51:38.592Z	spark2	LOAD	116.101	1.660
2026-09-28T00:51:38.789Z	spark1	LOAD	116.324	3.676
2026-09-28T00:51:38.843Z	spark2	LOAD	116.087	1.660
2026-09-28T00:51:39.039Z	spark1	LOAD	116.325	3.676
2026-09-28T00:51:39.093Z	spark2	LOAD	116.065	1.660
2026-09-28T00:51:39.290Z	spark1	LOAD	116.326	3.676
2026-09-28T00:51:39.344Z	spark2	LOAD	116.022	1.660
2026-09-28T00:51:39.557Z	spark1	LOAD	116.339	3.676
2026-09-28T00:51:39.604Z	spark2	LOAD	116.025	1.660
2026-09-28T00:51:39.807Z	spark1	LOAD	116.332	3.676
2026-09-28T00:51:39.855Z	spark2	LOAD	116.015	1.660
2026-09-28T00:51:40.058Z	spark1	LOAD	116.332	3.676
2026-09-28T00:51:40.105Z	spark2	LOAD	115.963	1.660
2026-09-28T00:51:40.309Z	spark1	LOAD	116.332	3.676
2026-09-28T00:51:40.355Z	spark2	LOAD	115.964	1.660
2026-09-28T00:51:40.570Z	spark1	LOAD	116.320	3.676
2026-09-28T00:51:40.615Z	spark2	LOAD	115.969	1.660
2026-09-28T00:51:40.821Z	spark1	LOAD	116.320	3.676
2026-09-28T00:51:40.867Z	spark2	LOAD	115.967	1.660
2026-09-28T00:51:41.071Z	spark1	LOAD	116.320	3.676
2026-09-28T00:51:41.116Z	spark2	LOAD	115.962	1.660
2026-09-28T00:51:41.321Z	spark1	LOAD	116.324	3.676
2026-09-28T00:51:41.367Z	spark2	LOAD	115.958	1.660
2026-09-28T00:51:41.588Z	spark1	LOAD	116.322	3.676
2026-09-28T00:51:41.627Z	spark2	LOAD	115.938	1.660
2026-09-28T00:51:41.839Z	spark1	LOAD	116.321	3.676
2026-09-28T00:51:41.877Z	spark2	LOAD	115.922	1.660
2026-09-28T00:51:42.089Z	spark1	LOAD	116.317	3.676
2026-09-28T00:51:42.128Z	spark2	LOAD	115.657	1.660
2026-09-28T00:51:42.340Z	spark1	LOAD	116.317	3.676
2026-09-28T00:51:42.380Z	spark2	LOAD	115.462	1.660
2026-09-28T00:51:42.601Z	spark1	LOAD	116.303	3.676
2026-09-28T00:51:42.643Z	spark2	LOAD	115.346	1.660
2026-09-28T00:51:42.852Z	spark1	LOAD	116.315	3.676
2026-09-28T00:51:42.894Z	spark2	LOAD	115.278	1.660
2026-09-28T00:51:43.102Z	spark1	LOAD	116.321	3.676
2026-09-28T00:51:43.145Z	spark2	LOAD	115.278	1.660
2026-09-28T00:51:43.353Z	spark1	LOAD	116.321	3.676
2026-09-28T00:51:43.396Z	spark2	LOAD	115.278	1.660
2026-09-28T00:51:43.615Z	spark1	LOAD	116.317	3.676
2026-09-28T00:51:43.656Z	spark2	LOAD	115.278	1.660
2026-09-28T00:51:43.866Z	spark1	LOAD	116.317	3.676
2026-09-28T00:51:43.906Z	spark2	LOAD	115.914	1.660
2026-09-28T00:51:44.117Z	spark1	LOAD	116.316	3.676
2026-09-28T00:51:44.157Z	spark2	LOAD	115.920	1.660
2026-09-28T00:51:44.368Z	spark1	LOAD	116.318	3.676
2026-09-28T00:51:44.407Z	spark2	LOAD	116.642	1.660
2026-09-28T00:51:44.634Z	spark1	LOAD	116.318	3.676
2026-09-28T00:51:44.666Z	spark2	LOAD	116.625	1.660
2026-09-28T00:51:44.884Z	spark1	LOAD	116.309	3.676
2026-09-28T00:51:44.917Z	spark2	LOAD	116.625	1.660
2026-09-28T00:51:45.135Z	spark1	LOAD	116.311	3.676
2026-09-28T00:51:45.167Z	spark2	LOAD	116.587	1.660
2026-09-28T00:51:45.386Z	spark1	LOAD	116.311	3.676
2026-09-28T00:51:45.418Z	spark2	LOAD	116.555	1.660
2026-09-28T00:51:45.649Z	spark1	LOAD	116.311	3.676
2026-09-28T00:51:45.679Z	spark2	LOAD	116.522	1.660
2026-09-28T00:51:45.899Z	spark1	LOAD	116.290	3.676
2026-09-28T00:51:45.929Z	spark2	LOAD	116.496	1.660
2026-09-28T00:51:46.149Z	spark1	LOAD	116.304	3.676
2026-09-28T00:51:46.181Z	spark2	LOAD	116.003	1.660
2026-09-28T00:51:46.400Z	spark1	LOAD	116.103	3.676
2026-09-28T00:51:46.432Z	spark2	LOAD	115.679	1.660
2026-09-28T00:51:46.667Z	spark1	LOAD	116.050	3.676
2026-09-28T00:51:46.696Z	spark2	LOAD	115.579	1.660
2026-09-28T00:51:46.917Z	spark1	LOAD	116.009	3.676
2026-09-28T00:51:46.947Z	spark2	LOAD	115.525	1.660
2026-09-28T00:51:47.168Z	spark1	LOAD	115.988	3.676
2026-09-28T00:51:47.197Z	spark2	LOAD	116.126	1.660
2026-09-28T00:51:47.418Z	spark1	LOAD	115.988	3.676
2026-09-28T00:51:47.448Z	spark2	LOAD	116.126	1.660
2026-09-28T00:51:47.681Z	spark1	LOAD	115.972	3.676
2026-09-28T00:51:47.713Z	spark2	LOAD	115.930	1.660
2026-09-28T00:51:47.932Z	spark1	LOAD	115.973	3.676
2026-09-28T00:51:47.963Z	spark2	LOAD	115.869	1.660
2026-09-28T00:51:48.183Z	spark1	LOAD	115.971	3.676
2026-09-28T00:51:48.213Z	spark2	LOAD	115.832	1.660
2026-09-28T00:51:48.434Z	spark1	LOAD	115.948	3.676
2026-09-28T00:51:48.464Z	spark2	LOAD	115.788	1.660
2026-09-28T00:51:48.701Z	spark1	LOAD	115.944	3.676
2026-09-28T00:51:48.726Z	spark2	LOAD	115.764	1.660
2026-09-28T00:51:48.952Z	spark1	LOAD	115.921	3.676
2026-09-28T00:51:48.977Z	spark2	LOAD	115.733	1.660
2026-09-28T00:51:49.203Z	spark1	LOAD	115.902	3.676
2026-09-28T00:51:49.227Z	spark2	LOAD	115.709	1.660
2026-09-28T00:51:49.454Z	spark1	LOAD	115.887	3.676
2026-09-28T00:51:49.477Z	spark2	LOAD	115.694	1.660
2026-09-28T00:51:49.717Z	spark1	LOAD	115.888	3.676
2026-09-28T00:51:49.738Z	spark2	LOAD	115.693	1.660
2026-09-28T00:51:49.967Z	spark1	LOAD	115.874	3.676
2026-09-28T00:51:49.989Z	spark2	LOAD	115.672	1.660
2026-09-28T00:51:50.217Z	spark1	LOAD	115.876	3.676
2026-09-28T00:51:50.239Z	spark2	LOAD	115.635	1.660
2026-09-28T00:51:50.468Z	spark1	LOAD	115.871	3.676
2026-09-28T00:51:50.490Z	spark2	LOAD	115.620	1.660
2026-09-28T00:51:50.730Z	spark1	LOAD	115.872	3.676
2026-09-28T00:51:50.750Z	spark2	LOAD	115.593	1.660
2026-09-28T00:51:50.981Z	spark1	LOAD	115.875	3.676
2026-09-28T00:51:51.001Z	spark2	LOAD	115.560	1.660
2026-09-28T00:51:51.232Z	spark1	LOAD	115.868	3.676
2026-09-28T00:51:51.252Z	spark2	LOAD	115.483	1.660
2026-09-28T00:51:51.483Z	spark1	LOAD	115.875	3.676
2026-09-28T00:51:51.502Z	spark2	LOAD	115.460	1.660
2026-09-28T00:51:51.749Z	spark1	LOAD	115.865	3.676
2026-09-28T00:51:51.764Z	spark2	LOAD	115.460	1.660
2026-09-28T00:51:52.000Z	spark1	LOAD	115.867	3.676
2026-09-28T00:51:52.014Z	spark2	LOAD	115.460	1.660
2026-09-28T00:51:52.250Z	spark1	LOAD	115.864	3.676
2026-09-28T00:51:52.265Z	spark2	LOAD	115.461	1.660
2026-09-28T00:51:52.501Z	spark1	LOAD	115.863	3.676
2026-09-28T00:51:52.515Z	spark2	LOAD	116.099	1.660
2026-09-28T00:51:52.762Z	spark1	LOAD	115.863	3.676
2026-09-28T00:51:52.781Z	spark2	LOAD	115.900	1.660
2026-09-28T00:51:53.013Z	spark1	LOAD	115.849	3.676
2026-09-28T00:51:53.031Z	spark2	LOAD	115.854	1.660
2026-09-28T00:51:53.264Z	spark1	LOAD	115.850	3.676
2026-09-28T00:51:53.282Z	spark2	LOAD	115.801	1.660
2026-09-28T00:51:53.514Z	spark1	LOAD	115.850	3.676
2026-09-28T00:51:53.532Z	spark2	LOAD	115.768	1.660
2026-09-28T00:51:53.777Z	spark1	LOAD	115.848	3.676
2026-09-28T00:51:53.797Z	spark2	LOAD	115.736	1.660
2026-09-28T00:51:54.027Z	spark1	LOAD	115.836	3.676
2026-09-28T00:51:54.048Z	spark2	LOAD	115.707	1.660
2026-09-28T00:51:54.277Z	spark1	LOAD	115.831	3.676
2026-09-28T00:51:54.299Z	spark2	LOAD	115.689	1.660
2026-09-28T00:51:54.528Z	spark1	LOAD	115.822	3.676
2026-09-28T00:51:54.550Z	spark2	LOAD	115.680	1.660
2026-09-28T00:51:54.790Z	spark1	LOAD	115.815	3.676
2026-09-28T00:51:54.815Z	spark2	LOAD	115.678	1.660
2026-09-28T00:51:55.041Z	spark1	LOAD	115.806	3.676
2026-09-28T00:51:55.066Z	spark2	LOAD	115.672	1.660
2026-09-28T00:51:55.291Z	spark1	LOAD	115.801	3.676
2026-09-28T00:51:55.317Z	spark2	LOAD	115.646	1.660
2026-09-28T00:51:55.542Z	spark1	LOAD	115.792	3.676
2026-09-28T00:51:55.567Z	spark2	LOAD	115.616	1.660
2026-09-28T00:51:55.810Z	spark1	LOAD	115.776	3.676
2026-09-28T00:51:55.827Z	spark2	LOAD	115.607	1.660
2026-09-28T00:51:56.060Z	spark1	LOAD	115.759	3.676
2026-09-28T00:51:56.079Z	spark2	LOAD	115.584	1.660
2026-09-28T00:51:56.311Z	spark1	LOAD	115.751	3.676
2026-09-28T00:51:56.330Z	spark2	LOAD	115.567	1.660
2026-09-28T00:51:56.561Z	spark1	LOAD	115.740	3.676
2026-09-28T00:51:56.579Z	spark2	LOAD	115.566	1.660
2026-09-28T00:51:56.829Z	spark1	LOAD	115.724	3.676
2026-09-28T00:51:56.846Z	spark2	LOAD	115.546	1.660
2026-09-28T00:51:57.079Z	spark1	LOAD	115.686	3.676
2026-09-28T00:51:57.096Z	spark2	LOAD	115.517	1.660
2026-09-28T00:51:57.330Z	spark1	LOAD	115.690	3.676
2026-09-28T00:51:57.347Z	spark2	LOAD	115.250	1.660
2026-09-28T00:51:57.581Z	spark1	LOAD	115.686	3.676
2026-09-28T00:51:57.597Z	spark2	LOAD	115.021	1.660
2026-09-28T00:51:57.848Z	spark1	LOAD	115.518	3.676
2026-09-28T00:51:57.863Z	spark2	LOAD	114.902	1.660
2026-09-28T00:51:58.098Z	spark1	LOAD	115.438	3.676
2026-09-28T00:51:58.113Z	spark2	LOAD	114.828	1.660
2026-09-28T00:51:58.349Z	spark1	LOAD	115.393	3.676
2026-09-28T00:51:58.364Z	spark2	LOAD	115.262	1.660
2026-09-28T00:51:58.599Z	spark1	LOAD	115.366	3.676
2026-09-28T00:51:58.614Z	spark2	LOAD	115.108	1.660
2026-09-28T00:51:58.862Z	spark1	LOAD	115.337	3.676
2026-09-28T00:51:58.878Z	spark2	LOAD	115.108	1.660
2026-09-28T00:51:59.112Z	spark1	LOAD	115.327	3.676
2026-09-28T00:51:59.129Z	spark2	LOAD	115.070	1.660
2026-09-28T00:51:59.362Z	spark1	LOAD	115.300	3.676
2026-09-28T00:51:59.380Z	spark2	LOAD	115.062	1.660
2026-09-28T00:51:59.613Z	spark1	LOAD	115.277	3.676
2026-09-28T00:51:59.631Z	spark2	LOAD	115.063	1.660
2026-09-28T00:51:59.880Z	spark1	LOAD	115.266	3.676
2026-09-28T00:51:59.896Z	spark2	LOAD	115.063	1.660
2026-09-28T00:52:00.130Z	spark1	LOAD	115.264	3.676
2026-09-28T00:52:00.148Z	spark2	LOAD	115.063	1.660
2026-09-28T00:52:00.381Z	spark1	LOAD	115.229	3.676
2026-09-28T00:52:00.399Z	spark2	LOAD	115.063	1.660
2026-09-28T00:52:00.631Z	spark1	LOAD	115.209	3.676
2026-09-28T00:52:00.649Z	spark2	LOAD	115.063	1.660
2026-09-28T00:52:00.893Z	spark1	LOAD	115.184	3.676
2026-09-28T00:52:00.915Z	spark2	LOAD	115.067	1.660
2026-09-28T00:52:01.144Z	spark1	LOAD	115.147	3.676
2026-09-28T00:52:01.164Z	spark2	LOAD	115.067	1.660
2026-09-28T00:52:01.394Z	spark1	LOAD	115.136	3.676
2026-09-28T00:52:01.414Z	spark2	LOAD	115.067	1.660
2026-09-28T00:52:01.644Z	spark1	LOAD	115.152	3.676
2026-09-28T00:52:01.665Z	spark2	LOAD	115.066	1.660
2026-09-28T00:52:01.912Z	spark1	LOAD	115.150	3.676
2026-09-28T00:52:01.929Z	spark2	LOAD	115.067	1.660
2026-09-28T00:52:02.163Z	spark1	LOAD	115.120	3.676
2026-09-28T00:52:02.179Z	spark2	LOAD	115.066	1.660
2026-09-28T00:52:02.414Z	spark1	LOAD	115.054	3.676
2026-09-28T00:52:02.431Z	spark2	LOAD	115.065	1.660
2026-09-28T00:52:02.664Z	spark1	LOAD	115.027	3.676
2026-09-28T00:52:02.682Z	spark2	LOAD	115.065	1.660
2026-09-28T00:52:02.927Z	spark1	LOAD	115.005	3.676
2026-09-28T00:52:02.943Z	spark2	LOAD	115.064	1.660
2026-09-28T00:52:03.177Z	spark1	LOAD	114.998	3.676
2026-09-28T00:52:03.194Z	spark2	LOAD	115.064	1.660
2026-09-28T00:52:03.428Z	spark1	LOAD	115.008	3.676
2026-09-28T00:52:03.446Z	spark2	LOAD	115.064	1.660
2026-09-28T00:52:03.679Z	spark1	LOAD	115.009	3.676
2026-09-28T00:52:03.696Z	spark2	LOAD	115.064	1.660
2026-09-28T00:52:03.942Z	spark1	LOAD	115.006	3.676
2026-09-28T00:52:03.962Z	spark2	LOAD	115.064	1.660
2026-09-28T00:52:04.193Z	spark1	LOAD	115.001	3.676
2026-09-28T00:52:04.213Z	spark2	LOAD	115.064	1.660
2026-09-28T00:52:04.443Z	spark1	LOAD	114.997	3.676
2026-09-28T00:52:04.463Z	spark2	LOAD	115.064	1.660
2026-09-28T00:52:04.694Z	spark1	LOAD	114.974	3.676
2026-09-28T00:52:04.715Z	spark2	LOAD	115.064	1.660
2026-09-28T00:52:04.961Z	spark1	LOAD	114.971	3.676
2026-09-28T00:52:04.976Z	spark2	LOAD	115.064	1.660
2026-09-28T00:52:05.211Z	spark1	LOAD	114.545	3.676
2026-09-28T00:52:05.227Z	spark2	LOAD	115.065	1.660
2026-09-28T00:52:05.462Z	spark1	LOAD	114.436	3.676
2026-09-28T00:52:05.477Z	spark2	LOAD	115.065	1.660
2026-09-28T00:52:05.712Z	spark1	LOAD	114.324	3.676
2026-09-28T00:52:05.729Z	spark2	LOAD	115.065	1.660
2026-09-28T00:52:05.974Z	spark1	LOAD	114.817	3.676
2026-09-28T00:52:05.994Z	spark2	LOAD	115.065	1.660
2026-09-28T00:52:06.225Z	spark1	LOAD	114.901	3.676
2026-09-28T00:52:06.245Z	spark2	LOAD	115.065	1.660
2026-09-28T00:52:06.475Z	spark1	LOAD	114.903	3.676
2026-09-28T00:52:06.497Z	spark2	LOAD	115.065	1.660
2026-09-28T00:52:06.725Z	spark1	LOAD	115.047	3.676
2026-09-28T00:52:06.747Z	spark2	LOAD	115.065	1.660
2026-09-28T00:52:06.987Z	spark1	LOAD	115.431	3.676
2026-09-28T00:52:07.009Z	spark2	LOAD	115.065	1.660
2026-09-28T00:52:07.238Z	spark1	LOAD	115.441	3.676
2026-09-28T00:52:07.259Z	spark2	LOAD	115.068	1.660
2026-09-28T00:52:07.488Z	spark1	LOAD	115.419	3.676
2026-09-28T00:52:07.509Z	spark2	LOAD	115.064	1.660
2026-09-28T00:52:07.739Z	spark1	LOAD	115.412	3.676
2026-09-28T00:52:07.761Z	spark2	LOAD	115.070	1.660
2026-09-28T00:52:08.006Z	spark1	LOAD	115.403	3.676
2026-09-28T00:52:08.023Z	spark2	LOAD	115.072	1.660
2026-09-28T00:52:08.256Z	spark1	LOAD	115.360	3.676
2026-09-28T00:52:08.273Z	spark2	LOAD	115.072	1.660
2026-09-28T00:52:08.507Z	spark1	LOAD	115.336	3.676
2026-09-28T00:52:08.524Z	spark2	LOAD	115.072	1.660
2026-09-28T00:52:08.757Z	spark1	LOAD	114.973	3.676
2026-09-28T00:52:08.776Z	spark2	LOAD	115.072	1.660
2026-09-28T00:52:09.019Z	spark1	LOAD	114.746	3.676
2026-09-28T00:52:09.036Z	spark2	LOAD	115.074	1.660
2026-09-28T00:52:09.270Z	spark1	LOAD	114.644	3.676
2026-09-28T00:52:09.287Z	spark2	LOAD	115.074	1.660
2026-09-28T00:52:09.520Z	spark1	LOAD	114.882	3.676
2026-09-28T00:52:09.538Z	spark2	LOAD	115.074	1.660
2026-09-28T00:52:09.771Z	spark1	LOAD	115.052	3.676
2026-09-28T00:52:09.789Z	spark2	LOAD	115.074	1.660
2026-09-28T00:52:10.033Z	spark1	LOAD	115.051	3.676
2026-09-28T00:52:10.052Z	spark2	LOAD	115.076	1.660
2026-09-28T00:52:10.283Z	spark1	LOAD	115.051	3.676
2026-09-28T00:52:10.302Z	spark2	LOAD	115.076	1.660
2026-09-28T00:52:10.534Z	spark1	LOAD	114.923	3.676
2026-09-28T00:52:10.553Z	spark2	LOAD	115.076	1.660
2026-09-28T00:52:10.784Z	spark1	LOAD	114.816	3.676
2026-09-28T00:52:10.803Z	spark2	LOAD	115.077	1.660
2026-09-28T00:52:11.046Z	spark1	LOAD	114.763	3.676
2026-09-28T00:52:11.064Z	spark2	LOAD	115.080	1.660
2026-09-28T00:52:11.296Z	spark1	LOAD	114.769	3.676
2026-09-28T00:52:11.316Z	spark2	LOAD	115.081	1.660
2026-09-28T00:52:11.547Z	spark1	LOAD	114.761	3.676
2026-09-28T00:52:11.567Z	spark2	LOAD	115.081	1.660
2026-09-28T00:52:11.797Z	spark1	LOAD	114.735	3.676
2026-09-28T00:52:11.818Z	spark2	LOAD	115.081	1.660
2026-09-28T00:52:12.060Z	spark1	LOAD	114.706	3.676
2026-09-28T00:52:12.079Z	spark2	LOAD	115.086	1.660
2026-09-28T00:52:12.310Z	spark1	LOAD	114.665	3.676
2026-09-28T00:52:12.329Z	spark2	LOAD	115.086	1.660
2026-09-28T00:52:12.560Z	spark1	LOAD	114.673	3.676
2026-09-28T00:52:12.579Z	spark2	LOAD	115.086	1.660
2026-09-28T00:52:12.811Z	spark1	LOAD	114.672	3.676
2026-09-28T00:52:12.830Z	spark2	LOAD	115.087	1.660
2026-09-28T00:52:13.078Z	spark1	LOAD	114.635	3.676
2026-09-28T00:52:13.090Z	spark2	LOAD	115.083	1.660
2026-09-28T00:52:13.329Z	spark1	LOAD	114.598	3.676
2026-09-28T00:52:13.342Z	spark2	LOAD	115.083	1.660
2026-09-28T00:52:13.579Z	spark1	LOAD	114.590	3.676
2026-09-28T00:52:13.592Z	spark2	LOAD	115.083	1.660
2026-09-28T00:52:13.829Z	spark1	LOAD	114.558	3.676
2026-09-28T00:52:13.843Z	spark2	LOAD	115.088	1.660
2026-09-28T00:52:14.096Z	spark1	LOAD	114.532	3.676
2026-09-28T00:52:14.104Z	spark2	LOAD	115.088	1.660
2026-09-28T00:52:14.346Z	spark1	LOAD	114.480	3.676
2026-09-28T00:52:14.355Z	spark2	LOAD	115.088	1.660
2026-09-28T00:52:14.597Z	spark1	LOAD	114.450	3.676
2026-09-28T00:52:14.606Z	spark2	LOAD	115.088	1.660
2026-09-28T00:52:14.847Z	spark1	LOAD	114.450	3.676
2026-09-28T00:52:14.856Z	spark2	LOAD	115.094	1.660
2026-09-28T00:52:15.115Z	spark1	LOAD	114.450	3.676
2026-09-28T00:52:15.119Z	spark2	LOAD	115.094	1.660
2026-09-28T00:52:15.365Z	spark1	LOAD	114.458	3.676
2026-09-28T00:52:15.368Z	spark2	LOAD	115.094	1.660
2026-09-28T00:52:15.616Z	spark1	LOAD	114.807	3.676
2026-09-28T00:52:15.620Z	spark2	LOAD	115.094	1.660
2026-09-28T00:52:15.866Z	spark1	LOAD	115.086	3.676
2026-09-28T00:52:15.871Z	spark2	LOAD	115.094	1.660
2026-09-28T00:52:16.127Z	spark1	LOAD	115.069	3.676
2026-09-28T00:52:16.133Z	spark2	LOAD	115.099	1.660
2026-09-28T00:52:16.378Z	spark1	LOAD	115.055	3.676
2026-09-28T00:52:16.383Z	spark2	LOAD	115.099	1.660
2026-09-28T00:52:16.629Z	spark1	LOAD	115.048	3.676
2026-09-28T00:52:16.634Z	spark2	LOAD	115.099	1.660
2026-09-28T00:52:16.879Z	spark1	LOAD	115.032	3.676
2026-09-28T00:52:16.885Z	spark2	LOAD	115.103	1.660
2026-09-28T00:52:17.146Z	spark1	LOAD	115.001	3.676
2026-09-28T00:52:17.146Z	spark2	LOAD	115.103	1.660
2026-09-28T00:52:17.396Z	spark1	LOAD	115.005	3.676
2026-09-28T00:52:17.397Z	spark2	LOAD	115.103	1.660
2026-09-28T00:52:17.646Z	spark1	LOAD	114.866	3.676
2026-09-28T00:52:17.648Z	spark2	LOAD	115.103	1.660
2026-09-28T00:52:17.897Z	spark1	LOAD	114.865	3.676
2026-09-28T00:52:17.899Z	spark2	LOAD	115.103	1.660
2026-09-28T00:52:18.160Z	spark2	LOAD	115.103	1.660
2026-09-28T00:52:18.163Z	spark1	LOAD	114.865	3.676
2026-09-28T00:52:18.411Z	spark2	LOAD	115.103	1.660
2026-09-28T00:52:18.414Z	spark1	LOAD	114.844	3.676
2026-09-28T00:52:18.661Z	spark2	LOAD	115.103	1.660
2026-09-28T00:52:18.665Z	spark1	LOAD	114.836	3.676
2026-09-28T00:52:18.912Z	spark2	LOAD	115.106	1.660
2026-09-28T00:52:18.914Z	spark1	LOAD	114.740	3.676
2026-09-28T00:52:19.178Z	spark2	LOAD	115.106	1.660
2026-09-28T00:52:19.182Z	spark1	LOAD	114.629	3.676
2026-09-28T00:52:19.429Z	spark2	LOAD	115.106	1.660
2026-09-28T00:52:19.432Z	spark1	LOAD	114.588	3.676
2026-09-28T00:52:19.680Z	spark2	LOAD	115.106	1.660
2026-09-28T00:52:19.682Z	spark1	LOAD	114.543	3.676
2026-09-28T00:52:19.932Z	spark2	LOAD	115.109	1.660
2026-09-28T00:52:19.932Z	spark1	LOAD	114.516	3.676
2026-09-28T00:52:20.192Z	spark2	LOAD	115.116	1.660
2026-09-28T00:52:20.195Z	spark1	LOAD	114.490	3.676
2026-09-28T00:52:20.443Z	spark2	LOAD	115.116	1.660
2026-09-28T00:52:20.445Z	spark1	LOAD	114.474	3.676
2026-09-28T00:52:20.694Z	spark2	LOAD	115.116	1.660
2026-09-28T00:52:20.695Z	spark1	LOAD	114.450	3.676
2026-09-28T00:52:20.946Z	spark2	LOAD	115.119	1.660
2026-09-28T00:52:20.946Z	spark1	LOAD	114.442	3.676
2026-09-28T00:52:21.206Z	spark2	LOAD	115.128	1.660
2026-09-28T00:52:21.212Z	spark1	LOAD	114.442	3.676
2026-09-28T00:52:21.457Z	spark2	LOAD	115.128	1.660
2026-09-28T00:52:21.463Z	spark1	LOAD	114.425	3.676
2026-09-28T00:52:21.708Z	spark2	LOAD	115.128	1.660
2026-09-28T00:52:21.713Z	spark1	LOAD	114.378	3.676
2026-09-28T00:52:21.959Z	spark2	LOAD	115.138	1.660
2026-09-28T00:52:21.963Z	spark1	LOAD	114.385	3.676
2026-09-28T00:52:22.221Z	spark2	LOAD	115.138	1.660
2026-09-28T00:52:22.232Z	spark1	LOAD	114.342	3.676
2026-09-28T00:52:22.471Z	spark2	LOAD	115.138	1.660
2026-09-28T00:52:22.483Z	spark1	LOAD	114.327	3.676
2026-09-28T00:52:22.722Z	spark2	LOAD	115.138	1.660
2026-09-28T00:52:22.734Z	spark1	LOAD	114.325	3.676
2026-09-28T00:52:22.973Z	spark2	LOAD	115.145	1.660
2026-09-28T00:52:22.984Z	spark1	LOAD	114.324	3.676
2026-09-28T00:52:23.233Z	spark2	LOAD	115.145	1.660
2026-09-28T00:52:23.246Z	spark1	LOAD	114.261	3.676
2026-09-28T00:52:23.484Z	spark2	LOAD	115.145	1.660
2026-09-28T00:52:23.497Z	spark1	LOAD	114.238	3.676
2026-09-28T00:52:23.734Z	spark2	LOAD	115.145	1.660
2026-09-28T00:52:23.747Z	spark1	LOAD	113.848	3.676
2026-09-28T00:52:23.985Z	spark2	LOAD	115.141	1.660
2026-09-28T00:52:23.997Z	spark1	LOAD	113.648	3.676
2026-09-28T00:52:24.250Z	spark2	LOAD	115.150	1.660
2026-09-28T00:52:24.260Z	spark1	LOAD	113.512	3.676
2026-09-28T00:52:24.501Z	spark2	LOAD	115.150	1.660
2026-09-28T00:52:24.511Z	spark1	LOAD	113.437	3.676
2026-09-28T00:52:24.752Z	spark2	LOAD	115.150	1.660
2026-09-28T00:52:24.762Z	spark1	LOAD	113.700	3.676
2026-09-28T00:52:25.003Z	spark2	LOAD	115.157	1.660
2026-09-28T00:52:25.012Z	spark1	LOAD	113.676	3.676
2026-09-28T00:52:25.269Z	spark2	LOAD	115.159	1.660
2026-09-28T00:52:25.275Z	spark1	LOAD	113.647	3.676
2026-09-28T00:52:25.520Z	spark2	LOAD	115.159	1.660
2026-09-28T00:52:25.525Z	spark1	LOAD	113.626	3.676
2026-09-28T00:52:25.771Z	spark2	LOAD	115.159	1.660
2026-09-28T00:52:25.776Z	spark1	LOAD	113.618	3.676
2026-09-28T00:52:26.022Z	spark2	LOAD	115.169	1.660
2026-09-28T00:52:26.026Z	spark1	LOAD	113.645	3.676
2026-09-28T00:52:26.282Z	spark2	LOAD	115.171	1.660
2026-09-28T00:52:26.294Z	spark1	LOAD	113.639	3.676
2026-09-28T00:52:26.534Z	spark2	LOAD	115.171	1.660
2026-09-28T00:52:26.545Z	spark1	LOAD	113.600	3.676
2026-09-28T00:52:26.785Z	spark2	LOAD	115.171	1.660
2026-09-28T00:52:26.796Z	spark1	LOAD	113.588	3.676
2026-09-28T00:52:27.036Z	spark2	LOAD	115.182	1.660
2026-09-28T00:52:27.049Z	spark1	LOAD	113.573	3.676
2026-09-28T00:52:27.301Z	spark2	LOAD	115.190	1.660
2026-09-28T00:52:27.315Z	spark1	LOAD	113.547	3.676
2026-09-28T00:52:27.553Z	spark2	LOAD	115.190	1.660
2026-09-28T00:52:27.566Z	spark1	LOAD	113.545	3.676
2026-09-28T00:52:27.804Z	spark2	LOAD	115.190	1.660
2026-09-28T00:52:27.816Z	spark1	LOAD	113.546	3.676
2026-09-28T00:52:28.055Z	spark2	LOAD	115.194	1.660
2026-09-28T00:52:28.067Z	spark1	LOAD	113.538	3.676
2026-09-28T00:52:28.320Z	spark2	LOAD	115.199	1.660
2026-09-28T00:52:28.335Z	spark1	LOAD	113.479	3.676
2026-09-28T00:52:28.571Z	spark2	LOAD	115.199	1.660
2026-09-28T00:52:28.587Z	spark1	LOAD	113.256	3.676
2026-09-28T00:52:28.821Z	spark2	LOAD	115.199	1.660
2026-09-28T00:52:28.836Z	spark1	LOAD	113.171	3.676
2026-09-28T00:52:29.072Z	spark2	LOAD	115.200	1.660
2026-09-28T00:52:29.086Z	spark1	LOAD	113.069	3.676
2026-09-28T00:52:29.337Z	spark2	LOAD	115.205	1.660
2026-09-28T00:52:29.354Z	spark1	LOAD	112.911	3.676
2026-09-28T00:52:29.589Z	spark2	LOAD	115.205	1.660
2026-09-28T00:52:29.605Z	spark1	LOAD	113.310	3.676
2026-09-28T00:52:29.839Z	spark2	LOAD	115.205	1.660
2026-09-28T00:52:29.855Z	spark1	LOAD	113.295	3.676
2026-09-28T00:52:30.090Z	spark2	LOAD	115.207	1.660
2026-09-28T00:52:30.105Z	spark1	LOAD	113.254	3.676
2026-09-28T00:52:30.351Z	spark2	LOAD	115.209	1.660
2026-09-28T00:52:30.372Z	spark1	LOAD	113.246	3.676
2026-09-28T00:52:30.602Z	spark2	LOAD	115.209	1.660
2026-09-28T00:52:30.623Z	spark1	LOAD	113.245	3.676
2026-09-28T00:52:30.852Z	spark2	LOAD	115.209	1.660
2026-09-28T00:52:30.875Z	spark1	LOAD	113.246	3.676
2026-09-28T00:52:31.103Z	spark2	LOAD	115.211	1.660
2026-09-28T00:52:31.125Z	spark1	LOAD	113.246	3.676
2026-09-28T00:52:31.364Z	spark2	LOAD	115.212	1.660
2026-09-28T00:52:31.392Z	spark1	LOAD	113.241	3.676
2026-09-28T00:52:31.616Z	spark2	LOAD	115.215	1.660
2026-09-28T00:52:31.642Z	spark1	LOAD	113.241	3.676
2026-09-28T00:52:31.866Z	spark2	LOAD	115.215	1.660
2026-09-28T00:52:31.893Z	spark1	LOAD	113.242	3.676
2026-09-28T00:52:32.118Z	spark2	LOAD	115.216	1.660
2026-09-28T00:52:32.144Z	spark1	LOAD	113.242	3.676
2026-09-28T00:52:32.378Z	spark2	LOAD	115.217	1.660
2026-09-28T00:52:32.411Z	spark1	LOAD	113.241	3.676
2026-09-28T00:52:32.629Z	spark2	LOAD	115.217	1.660
2026-09-28T00:52:32.661Z	spark1	LOAD	113.241	3.676
2026-09-28T00:52:32.879Z	spark2	LOAD	115.217	1.660
2026-09-28T00:52:32.912Z	spark1	LOAD	113.241	3.676
2026-09-28T00:52:33.131Z	spark2	LOAD	115.221	1.660
2026-09-28T00:52:33.163Z	spark1	LOAD	113.241	3.676
2026-09-28T00:52:33.391Z	spark2	LOAD	115.221	1.660
2026-09-28T00:52:33.429Z	spark1	LOAD	113.241	3.676
2026-09-28T00:52:33.642Z	spark2	LOAD	115.221	1.660
2026-09-28T00:52:33.680Z	spark1	LOAD	113.241	3.676
2026-09-28T00:52:33.893Z	spark2	LOAD	115.222	1.660
2026-09-28T00:52:33.932Z	spark1	LOAD	113.241	3.676
2026-09-28T00:52:34.143Z	spark2	LOAD	115.224	1.660
2026-09-28T00:52:34.182Z	spark1	LOAD	113.262	3.676
2026-09-28T00:52:34.408Z	spark2	LOAD	115.223	1.660
2026-09-28T00:52:34.445Z	spark1	LOAD	113.260	3.676
2026-09-28T00:52:34.659Z	spark2	LOAD	115.220	1.660
2026-09-28T00:52:34.695Z	spark1	LOAD	113.260	3.676
2026-09-28T00:52:34.908Z	spark2	LOAD	115.214	1.660
2026-09-28T00:52:34.946Z	spark1	LOAD	113.246	3.676
2026-09-28T00:52:35.160Z	spark2	LOAD	115.214	1.660
2026-09-28T00:52:35.196Z	spark1	LOAD	113.246	3.676
2026-09-28T00:52:35.422Z	spark2	LOAD	115.214	1.660
2026-09-28T00:52:35.463Z	spark1	LOAD	113.245	3.676
2026-09-28T00:52:35.673Z	spark2	LOAD	115.214	1.660
2026-09-28T00:52:35.714Z	spark1	LOAD	113.245	3.676
2026-09-28T00:52:35.923Z	spark2	LOAD	115.216	1.660
2026-09-28T00:52:35.964Z	spark1	LOAD	113.246	3.676
2026-09-28T00:52:36.173Z	spark2	LOAD	115.217	1.660
2026-09-28T00:52:36.215Z	spark1	LOAD	113.255	3.676
2026-09-28T00:52:36.434Z	spark2	LOAD	115.180	1.660
2026-09-28T00:52:36.477Z	spark1	LOAD	113.196	3.676
2026-09-28T00:52:36.685Z	spark2	LOAD	114.943	1.660
2026-09-28T00:52:36.728Z	spark1	LOAD	112.742	3.676
2026-09-28T00:52:36.935Z	spark2	LOAD	114.610	1.660
2026-09-28T00:52:36.978Z	spark1	LOAD	112.678	3.676
2026-09-28T00:52:37.186Z	spark2	LOAD	114.404	1.660
2026-09-28T00:52:37.229Z	spark1	LOAD	112.493	3.676
2026-09-28T00:52:37.452Z	spark2	LOAD	114.190	1.660
2026-09-28T00:52:37.496Z	spark1	LOAD	112.243	3.676
2026-09-28T00:52:37.702Z	spark2	LOAD	113.977	1.660
2026-09-28T00:52:37.747Z	spark1	LOAD	112.038	3.676
2026-09-28T00:52:37.953Z	spark2	LOAD	113.786	1.660
2026-09-28T00:52:37.998Z	spark1	LOAD	111.842	3.676
2026-09-28T00:52:38.203Z	spark2	LOAD	113.596	1.660
2026-09-28T00:52:38.248Z	spark1	LOAD	111.631	3.676
2026-09-28T00:52:38.463Z	spark2	LOAD	113.402	1.660
2026-09-28T00:52:38.512Z	spark1	LOAD	111.200	3.676
2026-09-28T00:52:38.713Z	spark2	LOAD	112.798	1.660
2026-09-28T00:52:38.762Z	spark1	LOAD	110.872	3.676
2026-09-28T00:52:38.964Z	spark2	LOAD	112.600	1.660
2026-09-28T00:52:39.012Z	spark1	LOAD	110.633	3.676
2026-09-28T00:52:39.215Z	spark2	LOAD	112.387	1.660
2026-09-28T00:52:39.262Z	spark1	LOAD	110.432	3.676
2026-09-28T00:52:39.475Z	spark2	LOAD	112.166	1.660
2026-09-28T00:52:39.529Z	spark1	LOAD	110.207	3.676
2026-09-28T00:52:39.725Z	spark2	LOAD	111.958	1.660
2026-09-28T00:52:39.779Z	spark1	LOAD	109.977	3.676
2026-09-28T00:52:39.975Z	spark2	LOAD	111.731	1.660
2026-09-28T00:52:40.030Z	spark1	LOAD	109.828	3.676
2026-09-28T00:52:40.226Z	spark2	LOAD	111.350	1.660
2026-09-28T00:52:40.280Z	spark1	LOAD	109.496	3.676
2026-09-28T00:52:40.492Z	spark2	LOAD	111.322	1.660
2026-09-28T00:52:40.542Z	spark1	LOAD	109.479	3.676
2026-09-28T00:52:40.743Z	spark2	LOAD	109.750	1.660
2026-09-28T00:52:40.793Z	spark1	LOAD	107.402	3.676
2026-09-28T00:52:40.993Z	spark2	LOAD	105.777	1.660
2026-09-28T00:52:41.044Z	spark1	LOAD	101.367	3.676
2026-09-28T00:52:41.245Z	spark2	LOAD	99.145	1.660
2026-09-28T00:52:41.294Z	spark1	LOAD	95.270	3.676
2026-09-28T00:52:41.506Z	spark2	LOAD	92.351	1.660
2026-09-28T00:52:41.556Z	spark1	LOAD	88.888	3.676
2026-09-28T00:52:41.757Z	spark2	LOAD	85.320	1.660
2026-09-28T00:52:41.807Z	spark1	LOAD	82.595	3.676
2026-09-28T00:52:42.007Z	spark2	LOAD	78.610	1.660
2026-09-28T00:52:42.058Z	spark1	LOAD	76.307	3.676
2026-09-28T00:52:42.258Z	spark2	LOAD	71.658	1.660
2026-09-28T00:52:42.308Z	spark1	LOAD	69.985	3.676
2026-09-28T00:52:42.519Z	spark2	LOAD	64.367	1.660
2026-09-28T00:52:42.575Z	spark1	LOAD	63.686	3.676
2026-09-28T00:52:42.769Z	spark2	LOAD	57.535	1.660
2026-09-28T00:52:42.826Z	spark1	LOAD	56.676	3.676
2026-09-28T00:52:43.020Z	spark2	LOAD	50.594	1.660
2026-09-28T00:52:43.076Z	spark1	LOAD	52.090	3.676
2026-09-28T00:52:43.270Z	spark2	LOAD	43.540	1.660
2026-09-28T00:52:43.327Z	spark1	LOAD	47.937	3.676
2026-09-28T00:52:43.532Z	spark2	LOAD	36.270	1.660
2026-09-28T00:52:43.590Z	spark1	LOAD	43.269	3.676
2026-09-28T00:52:43.782Z	spark2	LOAD	29.417	1.660
2026-09-28T00:52:43.841Z	spark1	LOAD	39.823	3.676
2026-09-28T00:52:44.033Z	spark2	LOAD	22.273	1.660
2026-09-28T00:52:44.091Z	spark1	LOAD	38.970	3.676
2026-09-28T00:52:44.283Z	spark2	LOAD	20.570	1.660
2026-09-28T00:52:44.341Z	spark1	LOAD	38.199	3.676
2026-09-28T00:52:44.545Z	spark2	LOAD	20.056	1.660
2026-09-28T00:52:44.605Z	spark1	LOAD	38.000	3.676
2026-09-28T00:52:44.795Z	spark2	LOAD	19.884	1.660
2026-09-28T00:52:44.855Z	spark1	LOAD	37.803	3.676
2026-09-28T00:52:45.045Z	spark2	LOAD	19.728	1.660
2026-09-28T00:52:45.106Z	spark1	LOAD	37.573	3.676
2026-09-28T00:52:45.295Z	spark2	LOAD	19.568	1.660
2026-09-28T00:52:45.356Z	spark1	LOAD	37.340	3.676
2026-09-28T00:52:45.556Z	spark2	LOAD	19.386	1.660
2026-09-28T00:52:45.624Z	spark1	LOAD	37.044	3.676
2026-09-28T00:52:45.806Z	spark2	LOAD	19.201	1.660
2026-09-28T00:52:45.875Z	spark1	LOAD	36.787	3.676
2026-09-28T00:52:46.056Z	spark2	LOAD	18.983	1.660
2026-09-28T00:52:46.125Z	spark1	LOAD	36.722	3.676
2026-09-28T00:52:46.308Z	spark2	LOAD	18.808	1.660
2026-09-28T00:52:46.375Z	spark1	LOAD	36.522	3.676
2026-09-28T00:52:46.573Z	spark2	LOAD	18.629	1.660
2026-09-28T00:52:46.643Z	spark1	LOAD	36.335	3.676
2026-09-28T00:52:46.822Z	spark2	LOAD	18.462	1.660
2026-09-28T00:52:46.894Z	spark1	LOAD	36.274	3.676
2026-09-28T00:52:47.073Z	spark2	LOAD	18.294	1.660
2026-09-28T00:52:47.144Z	spark1	LOAD	36.157	3.676
2026-09-28T00:52:47.324Z	spark2	LOAD	18.125	1.660
2026-09-28T00:52:47.394Z	spark1	LOAD	35.903	3.676
2026-09-28T00:52:47.584Z	spark2	LOAD	17.965	1.660
2026-09-28T00:52:47.661Z	spark1	LOAD	35.736	3.676
2026-09-28T00:52:47.836Z	spark2	LOAD	17.833	1.660
2026-09-28T00:52:47.912Z	spark1	LOAD	35.652	3.676
2026-09-28T00:52:48.086Z	spark2	LOAD	17.855	1.660
2026-09-28T00:52:48.164Z	spark1	LOAD	35.540	3.676
2026-09-28T00:52:48.336Z	spark2	LOAD	19.711	1.660
2026-09-28T00:52:48.414Z	spark1	LOAD	35.430	3.676
2026-09-28T00:52:48.597Z	spark2	LOAD	20.193	1.660
2026-09-28T00:52:48.679Z	spark1	LOAD	35.382	3.676
2026-09-28T00:52:48.848Z	spark2	LOAD	20.151	1.660
2026-09-28T00:52:48.929Z	spark1	LOAD	35.277	3.676
2026-09-28T00:52:49.098Z	spark2	LOAD	20.108	1.660
2026-09-28T00:52:49.180Z	spark1	LOAD	35.173	3.676
2026-09-28T00:52:49.348Z	spark2	LOAD	19.932	1.660
2026-09-28T00:52:49.430Z	spark1	LOAD	35.054	3.676
2026-09-28T00:52:49.613Z	spark2	LOAD	19.741	1.660
2026-09-28T00:52:49.692Z	spark1	LOAD	35.042	3.676
2026-09-28T00:52:49.864Z	spark2	LOAD	19.564	1.660
2026-09-28T00:52:49.942Z	spark1	LOAD	34.901	3.676
2026-09-28T00:52:50.114Z	spark2	LOAD	19.385	1.660
2026-09-28T00:52:50.193Z	spark1	LOAD	34.869	3.676
2026-09-28T00:52:50.364Z	spark2	LOAD	19.209	1.660
2026-09-28T00:52:50.444Z	spark1	LOAD	34.851	3.676
2026-09-28T00:52:50.629Z	spark2	LOAD	19.016	1.660
2026-09-28T00:52:50.711Z	spark1	LOAD	34.841	3.676
2026-09-28T00:52:50.880Z	spark2	LOAD	18.836	1.660
2026-09-28T00:52:50.962Z	spark1	LOAD	34.792	3.676
2026-09-28T00:52:51.130Z	spark2	LOAD	18.658	1.660
2026-09-28T00:52:51.213Z	spark1	LOAD	34.111	3.676
2026-09-28T00:52:51.380Z	spark2	LOAD	18.482	1.660
2026-09-28T00:52:51.464Z	spark1	LOAD	33.779	3.676
2026-09-28T00:52:51.646Z	spark2	LOAD	18.383	1.660
2026-09-28T00:52:51.727Z	spark1	LOAD	33.559	3.676
2026-09-28T00:52:51.896Z	spark2	LOAD	18.209	1.660
2026-09-28T00:52:51.978Z	spark1	LOAD	33.257	3.676
2026-09-28T00:52:52.147Z	spark2	LOAD	19.208	1.660
2026-09-28T00:52:52.228Z	spark1	LOAD	32.874	3.676
2026-09-28T00:52:52.397Z	spark2	LOAD	20.251	1.660
2026-09-28T00:52:52.478Z	spark1	LOAD	32.865	3.676
2026-09-28T00:52:52.658Z	spark2	LOAD	20.276	1.660
2026-09-28T00:52:52.741Z	spark1	LOAD	32.612	3.722
2026-09-28T00:52:52.908Z	spark2	LOAD	20.291	1.660
2026-09-28T00:52:52.991Z	spark1	LOAD	32.372	3.797
2026-09-28T00:52:53.158Z	spark2	LOAD	20.309	1.660
2026-09-28T00:52:53.241Z	spark1	LOAD	31.547	3.797
2026-09-28T00:52:53.408Z	spark2	LOAD	20.321	1.660
2026-09-28T00:52:53.493Z	spark1	LOAD	31.368	3.797
2026-09-28T00:52:53.669Z	spark2	LOAD	20.332	1.660
2026-09-28T00:52:53.762Z	spark1	LOAD	31.092	3.797
2026-09-28T00:52:53.919Z	spark2	LOAD	20.345	1.660
2026-09-28T00:52:54.012Z	spark1	LOAD	31.092	3.797
2026-09-28T00:52:54.169Z	spark2	LOAD	20.358	1.660
2026-09-28T00:52:54.262Z	spark1	LOAD	30.987	3.797
2026-09-28T00:52:54.420Z	spark2	LOAD	20.365	1.660
2026-09-28T00:52:54.513Z	spark1	LOAD	30.985	3.797
2026-09-28T00:52:54.684Z	spark2	LOAD	20.258	1.660
2026-09-28T00:52:54.780Z	spark1	LOAD	30.945	3.797
2026-09-28T00:52:54.934Z	spark2	LOAD	20.138	1.660
2026-09-28T00:52:55.030Z	spark1	LOAD	30.907	3.797
2026-09-28T00:52:55.185Z	spark2	LOAD	20.201	1.660
2026-09-28T00:52:55.281Z	spark1	LOAD	30.873	3.797
2026-09-28T00:52:55.435Z	spark2	LOAD	20.202	1.660
2026-09-28T00:52:55.532Z	spark1	LOAD	31.436	3.797
2026-09-28T00:52:55.696Z	spark2	LOAD	20.040	1.660
2026-09-28T00:52:55.800Z	spark1	LOAD	30.560	3.845
2026-09-28T00:52:55.946Z	spark2	LOAD	19.968	1.660
2026-09-28T00:52:56.050Z	spark1	LOAD	30.729	3.978
2026-09-28T00:52:56.196Z	spark2	LOAD	19.505	1.660
2026-09-28T00:52:56.301Z	spark1	LOAD	30.964	4.089
2026-09-28T00:52:56.446Z	spark2	LOAD	19.350	1.660
2026-09-28T00:52:56.551Z	spark1	LOAD	30.819	4.217
2026-09-28T00:52:56.713Z	spark2	LOAD	19.272	1.660
2026-09-28T00:52:56.815Z	spark1	LOAD	30.856	4.228
2026-09-28T00:52:56.963Z	spark2	LOAD	19.624	1.660
2026-09-28T00:52:57.066Z	spark1	LOAD	30.929	4.343
2026-09-28T00:52:57.214Z	spark2	LOAD	19.467	1.660
2026-09-28T00:52:57.317Z	spark1	LOAD	30.903	4.386
2026-09-28T00:52:57.464Z	spark2	LOAD	19.355	1.660
2026-09-28T00:52:57.567Z	spark1	LOAD	30.491	4.533
2026-09-28T00:52:57.727Z	spark2	LOAD	19.273	1.660
2026-09-28T00:52:57.831Z	spark1	LOAD	30.780	4.647
2026-09-28T00:52:57.979Z	spark2	LOAD	19.148	1.660
2026-09-28T00:52:58.082Z	spark1	LOAD	30.946	4.710
2026-09-28T00:52:58.228Z	spark2	LOAD	18.547	1.660
2026-09-28T00:52:58.332Z	spark1	LOAD	30.749	4.864
2026-09-28T00:52:58.479Z	spark2	LOAD	18.950	1.660
2026-09-28T00:52:58.583Z	spark1	LOAD	30.698	4.970
2026-09-28T00:52:58.744Z	spark2	LOAD	18.354	1.660
2026-09-28T00:52:58.848Z	spark1	LOAD	30.997	5.158
2026-09-28T00:52:58.994Z	spark2	LOAD	18.270	1.660
2026-09-28T00:52:59.098Z	spark1	LOAD	31.045	5.260
2026-09-28T00:52:59.244Z	spark2	LOAD	18.621	1.660
2026-09-28T00:52:59.349Z	spark1	LOAD	31.124	5.363
2026-09-28T00:52:59.495Z	spark2	LOAD	18.269	1.660
2026-09-28T00:52:59.600Z	spark1	LOAD	31.161	5.397
2026-09-28T00:52:59.756Z	spark2	LOAD	18.106	1.660
2026-09-28T00:52:59.862Z	spark1	LOAD	30.662	5.498
2026-09-28T00:53:00.005Z	spark2	LOAD	18.353	1.660
2026-09-28T00:53:00.113Z	spark1	LOAD	30.589	5.566
2026-09-28T00:53:00.255Z	spark2	LOAD	18.248	1.660
2026-09-28T00:53:00.363Z	spark1	LOAD	30.893	5.613
2026-09-28T00:53:00.505Z	spark2	LOAD	18.154	1.660
2026-09-28T00:53:00.613Z	spark1	LOAD	30.982	5.690
2026-09-28T00:53:00.771Z	spark2	LOAD	18.168	1.821
2026-09-28T00:53:00.880Z	spark1	LOAD	30.729	5.721
2026-09-28T00:53:01.021Z	spark2	LOAD	20.079	1.821
2026-09-28T00:53:01.131Z	spark1	LOAD	30.790	5.765
2026-09-28T00:53:01.272Z	spark2	LOAD	20.709	1.821
2026-09-28T00:53:01.381Z	spark1	LOAD	30.641	5.781
2026-09-28T00:53:01.522Z	spark2	LOAD	20.596	1.821
2026-09-28T00:53:01.632Z	spark1	LOAD	30.911	5.845
2026-09-28T00:53:01.787Z	spark2	LOAD	20.492	1.821
2026-09-28T00:53:01.899Z	spark1	LOAD	30.954	5.931
2026-09-28T00:53:02.038Z	spark2	LOAD	20.406	1.821
2026-09-28T00:53:02.150Z	spark1	LOAD	30.725	5.955
2026-09-28T00:53:02.287Z	spark2	LOAD	20.318	1.821
2026-09-28T00:53:02.400Z	spark1	LOAD	30.750	5.982
2026-09-28T00:53:02.538Z	spark2	LOAD	20.207	1.821
2026-09-28T00:53:02.651Z	spark1	LOAD	30.968	6.022
2026-09-28T00:53:02.798Z	spark2	LOAD	20.100	1.821
2026-09-28T00:53:02.913Z	spark1	LOAD	30.963	6.022
2026-09-28T00:53:03.049Z	spark2	LOAD	19.989	1.821
2026-09-28T00:53:03.163Z	spark1	LOAD	30.710	6.053
2026-09-28T00:53:03.299Z	spark2	LOAD	19.886	1.821
2026-09-28T00:53:03.414Z	spark1	LOAD	30.888	6.077
2026-09-28T00:53:03.550Z	spark2	LOAD	20.084	1.970
2026-09-28T00:53:03.664Z	spark1	LOAD	30.899	6.080
2026-09-28T00:53:03.816Z	spark2	LOAD	20.111	2.171
2026-09-28T00:53:03.932Z	spark1	LOAD	30.945	6.117
2026-09-28T00:53:04.066Z	spark2	LOAD	19.984	2.180
2026-09-28T00:53:04.182Z	spark1	LOAD	30.751	6.145
2026-09-28T00:53:04.316Z	spark2	LOAD	20.221	2.345
2026-09-28T00:53:04.433Z	spark1	LOAD	30.834	6.172
2026-09-28T00:53:04.567Z	spark2	LOAD	20.301	2.505
2026-09-28T00:53:04.683Z	spark1	LOAD	30.712	6.199
2026-09-28T00:53:04.831Z	spark2	LOAD	20.378	2.682
2026-09-28T00:53:04.951Z	spark1	LOAD	30.766	6.225
2026-09-28T00:53:05.082Z	spark2	LOAD	20.418	2.773
2026-09-28T00:53:05.201Z	spark1	LOAD	30.716	6.286
2026-09-28T00:53:05.333Z	spark2	LOAD	20.464	2.882
2026-09-28T00:53:05.451Z	spark1	LOAD	30.714	6.288
2026-09-28T00:53:05.583Z	spark2	LOAD	20.329	2.988
2026-09-28T00:53:05.702Z	spark1	LOAD	30.706	6.288
2026-09-28T00:53:05.847Z	spark2	LOAD	20.197	3.086
2026-09-28T00:53:05.967Z	spark1	LOAD	30.708	6.301
2026-09-28T00:53:06.097Z	spark2	LOAD	20.243	3.220
2026-09-28T00:53:06.218Z	spark1	LOAD	30.706	6.340
2026-09-28T00:53:06.347Z	spark2	LOAD	20.713	3.347
2026-09-28T00:53:06.468Z	spark1	LOAD	30.712	6.345
2026-09-28T00:53:06.597Z	spark2	LOAD	20.759	3.443
2026-09-28T00:53:06.718Z	spark1	LOAD	30.711	6.345
2026-09-28T00:53:06.861Z	spark2	LOAD	20.713	3.548
2026-09-28T00:53:06.986Z	spark1	LOAD	30.694	6.363
2026-09-28T00:53:07.112Z	spark2	LOAD	20.544	3.664
2026-09-28T00:53:07.237Z	spark1	LOAD	30.661	6.387
2026-09-28T00:53:07.362Z	spark2	LOAD	20.876	3.750
2026-09-28T00:53:07.487Z	spark1	LOAD	30.655	6.463
2026-09-28T00:53:07.613Z	spark2	LOAD	20.778	3.751
2026-09-28T00:53:07.737Z	spark1	LOAD	30.608	6.463
2026-09-28T00:53:07.872Z	spark2	LOAD	20.676	3.752
2026-09-28T00:53:08.004Z	spark1	LOAD	30.555	6.546
2026-09-28T00:53:08.123Z	spark2	LOAD	20.575	3.752
2026-09-28T00:53:08.254Z	spark1	LOAD	30.676	6.571
2026-09-28T00:53:08.373Z	spark2	LOAD	20.468	3.752
2026-09-28T00:53:08.505Z	spark1	LOAD	30.384	6.597
2026-09-28T00:53:08.623Z	spark2	LOAD	20.345	3.752
2026-09-28T00:53:08.755Z	spark1	LOAD	30.580	6.655
2026-09-28T00:53:08.891Z	spark2	LOAD	21.742	3.752
2026-09-28T00:53:09.023Z	spark1	LOAD	29.049	6.722
2026-09-28T00:53:09.142Z	spark2	LOAD	22.079	3.752
2026-09-28T00:53:09.273Z	spark1	LOAD	27.374	6.722
2026-09-28T00:53:09.392Z	spark2	LOAD	21.914	3.752
2026-09-28T00:53:09.524Z	spark1	LOAD	26.231	6.724
2026-09-28T00:53:09.642Z	spark2	LOAD	21.834	3.752
2026-09-28T00:53:09.774Z	spark1	LOAD	26.037	6.727
2026-09-28T00:53:09.907Z	spark2	LOAD	21.738	3.752
2026-09-28T00:53:10.045Z	spark1	LOAD	25.489	6.727
2026-09-28T00:53:10.157Z	spark2	LOAD	21.631	3.752
2026-09-28T00:53:10.296Z	spark1	LOAD	25.504	6.729
2026-09-28T00:53:10.407Z	spark2	LOAD	21.516	3.752
2026-09-28T00:53:10.546Z	spark1	LOAD	24.761	6.728
2026-09-28T00:53:10.658Z	spark2	LOAD	21.402	3.752
2026-09-28T00:53:10.796Z	spark1	LOAD	24.752	6.727
2026-09-28T00:53:10.922Z	spark2	LOAD	21.452	3.752
2026-09-28T00:53:11.062Z	spark1	LOAD	24.275	6.729
2026-09-28T00:53:11.172Z	spark2	LOAD	21.818	3.752
2026-09-28T00:53:11.312Z	spark1	LOAD	23.067	6.744
2026-09-28T00:53:11.422Z	spark2	LOAD	21.727	3.752
2026-09-28T00:53:11.562Z	spark1	LOAD	21.956	6.754
2026-09-28T00:53:11.673Z	spark2	LOAD	21.386	3.818
2026-09-28T00:53:11.813Z	spark1	LOAD	21.949	6.754
2026-09-28T00:53:11.939Z	spark2	LOAD	21.488	3.963
2026-09-28T00:53:12.080Z	spark1	LOAD	21.938	6.754
2026-09-28T00:53:12.189Z	spark2	LOAD	21.525	4.037
2026-09-28T00:53:12.331Z	spark1	LOAD	21.877	6.754
2026-09-28T00:53:12.439Z	spark2	LOAD	21.862	4.037
2026-09-28T00:53:12.581Z	spark1	LOAD	21.867	6.753
2026-09-28T00:53:12.689Z	spark2	LOAD	21.844	4.037
2026-09-28T00:53:12.831Z	spark1	LOAD	21.209	6.753
2026-09-28T00:53:12.950Z	spark2	LOAD	21.827	4.037
2026-09-28T00:53:13.099Z	spark1	LOAD	21.487	6.781
2026-09-28T00:53:13.201Z	spark2	LOAD	21.831	4.037
2026-09-28T00:53:13.350Z	spark1	LOAD	21.452	6.781
2026-09-28T00:53:13.451Z	spark2	LOAD	21.823	4.038
2026-09-28T00:53:13.600Z	spark1	LOAD	21.447	6.781
2026-09-28T00:53:13.701Z	spark2	LOAD	21.667	4.038
2026-09-28T00:53:13.851Z	spark1	LOAD	20.917	6.781
2026-09-28T00:53:13.961Z	spark2	LOAD	21.630	4.038
2026-09-28T00:53:14.121Z	spark1	LOAD	20.725	6.781
2026-09-28T00:53:14.211Z	spark2	LOAD	21.463	4.038
2026-09-28T00:53:14.372Z	spark1	LOAD	20.698	6.781
2026-09-28T00:53:14.461Z	spark2	LOAD	21.377	4.038
2026-09-28T00:53:14.622Z	spark1	LOAD	20.673	6.781
2026-09-28T00:53:14.712Z	spark2	LOAD	21.301	4.038
2026-09-28T00:53:14.872Z	spark1	LOAD	20.649	6.780
2026-09-28T00:53:14.976Z	spark2	LOAD	21.703	4.039
2026-09-28T00:53:15.141Z	spark1	LOAD	20.622	6.780
2026-09-28T00:53:15.226Z	spark2	LOAD	21.606	4.039
2026-09-28T00:53:15.392Z	spark1	LOAD	21.278	6.781
2026-09-28T00:53:15.476Z	spark2	LOAD	21.495	4.039
2026-09-28T00:53:15.643Z	spark1	LOAD	21.219	6.780
2026-09-28T00:53:15.727Z	spark2	LOAD	21.378	4.039
2026-09-28T00:53:15.892Z	spark1	LOAD	21.173	6.780
2026-09-28T00:53:15.987Z	spark2	LOAD	21.232	4.039
2026-09-28T00:53:16.160Z	spark1	LOAD	21.000	6.780
2026-09-28T00:53:16.237Z	spark2	LOAD	21.120	4.039
2026-09-28T00:53:16.410Z	spark1	LOAD	20.502	6.780
2026-09-28T00:53:16.488Z	spark2	LOAD	21.006	4.039
2026-09-28T00:53:16.661Z	spark1	LOAD	21.145	6.781
2026-09-28T00:53:16.738Z	spark2	LOAD	20.899	4.039
2026-09-28T00:53:16.911Z	spark1	LOAD	21.122	6.781
2026-09-28T00:53:16.998Z	spark2	LOAD	20.775	4.039
2026-09-28T00:53:17.178Z	spark1	LOAD	20.536	6.781
2026-09-28T00:53:17.248Z	spark2	LOAD	20.645	4.039
2026-09-28T00:53:17.428Z	spark1	LOAD	21.074	6.781
2026-09-28T00:53:17.499Z	spark2	LOAD	20.527	4.039
2026-09-28T00:53:17.679Z	spark1	LOAD	21.023	6.781
2026-09-28T00:53:17.749Z	spark2	LOAD	20.439	4.039
2026-09-28T00:53:17.929Z	spark1	LOAD	20.920	6.781
2026-09-28T00:53:18.010Z	spark2	LOAD	20.335	4.039
2026-09-28T00:53:18.198Z	spark1	LOAD	20.386	6.781
2026-09-28T00:53:18.260Z	spark2	LOAD	20.284	4.039
2026-09-28T00:53:18.449Z	spark1	LOAD	20.308	6.781
2026-09-28T00:53:18.512Z	spark2	LOAD	21.838	4.039
2026-09-28T00:53:18.699Z	spark1	LOAD	20.284	6.781
2026-09-28T00:53:18.762Z	spark2	LOAD	22.287	4.039
2026-09-28T00:53:18.949Z	spark1	LOAD	20.259	6.781
2026-09-28T00:53:19.027Z	spark2	LOAD	22.247	4.039
2026-09-28T00:53:19.211Z	spark1	LOAD	20.899	6.783
2026-09-28T00:53:19.277Z	spark2	LOAD	22.220	4.039
2026-09-28T00:53:19.461Z	spark1	LOAD	20.865	6.783
2026-09-28T00:53:19.528Z	spark2	LOAD	22.133	4.039
2026-09-28T00:53:19.712Z	spark1	LOAD	20.829	6.783
2026-09-28T00:53:19.778Z	spark2	LOAD	21.990	4.039
2026-09-28T00:53:19.962Z	spark1	LOAD	20.836	6.783
2026-09-28T00:53:20.038Z	spark2	LOAD	21.866	4.039
2026-09-28T00:53:20.226Z	spark1	LOAD	20.116	6.783
2026-09-28T00:53:20.289Z	spark2	LOAD	21.773	4.039
2026-09-28T00:53:20.476Z	spark1	LOAD	20.109	6.783
2026-09-28T00:53:20.540Z	spark2	LOAD	22.184	4.039
2026-09-28T00:53:20.727Z	spark1	LOAD	20.765	6.784
2026-09-28T00:53:20.790Z	spark2	LOAD	22.060	4.039
2026-09-28T00:53:20.978Z	spark1	LOAD	20.735	6.784
2026-09-28T00:53:21.051Z	spark2	LOAD	21.941	4.039
2026-09-28T00:53:21.247Z	spark1	LOAD	20.704	6.784
2026-09-28T00:53:21.303Z	spark2	LOAD	21.359	4.040
2026-09-28T00:53:21.497Z	spark1	LOAD	20.456	6.784
2026-09-28T00:53:21.553Z	spark2	LOAD	21.700	4.041
2026-09-28T00:53:21.747Z	spark1	LOAD	20.628	6.785
2026-09-28T00:53:21.804Z	spark2	LOAD	21.506	4.041
2026-09-28T00:53:21.998Z	spark1	LOAD	20.602	6.785
2026-09-28T00:53:22.064Z	spark2	LOAD	21.131	4.041
2026-09-28T00:53:22.260Z	spark1	LOAD	20.585	6.784
2026-09-28T00:53:22.315Z	spark2	LOAD	21.371	4.041
2026-09-28T00:53:22.511Z	spark1	LOAD	20.562	6.784
2026-09-28T00:53:22.565Z	spark2	LOAD	21.245	4.041
2026-09-28T00:53:22.761Z	spark1	LOAD	20.362	6.783
2026-09-28T00:53:22.816Z	spark2	LOAD	21.146	4.041
2026-09-28T00:53:23.012Z	spark1	LOAD	19.895	6.783
2026-09-28T00:53:23.081Z	spark2	LOAD	20.828	4.041
2026-09-28T00:53:23.274Z	spark1	LOAD	19.869	6.783
2026-09-28T00:53:23.331Z	spark2	LOAD	20.471	4.041
2026-09-28T00:53:23.524Z	spark1	LOAD	20.528	6.786
2026-09-28T00:53:23.582Z	spark2	LOAD	20.809	4.041
2026-09-28T00:53:23.774Z	spark1	LOAD	20.482	6.786
2026-09-28T00:53:23.832Z	spark2	LOAD	20.654	4.041
2026-09-28T00:53:24.025Z	spark1	LOAD	20.459	6.786
2026-09-28T00:53:24.092Z	spark2	LOAD	20.564	4.041
2026-09-28T00:53:24.287Z	spark1	LOAD	20.433	6.786
2026-09-28T00:53:24.342Z	spark2	LOAD	20.430	4.041
2026-09-28T00:53:24.538Z	spark1	LOAD	20.412	6.786
2026-09-28T00:53:24.592Z	spark2	LOAD	21.499	4.041
2026-09-28T00:53:24.788Z	spark1	LOAD	20.387	6.786
2026-09-28T00:53:24.842Z	spark2	LOAD	22.795	4.041
2026-09-28T00:53:25.039Z	spark1	LOAD	20.364	6.786
2026-09-28T00:53:25.102Z	spark2	LOAD	22.757	4.041
2026-09-28T00:53:25.308Z	spark1	LOAD	20.338	6.786
2026-09-28T00:53:25.353Z	spark2	LOAD	22.738	4.041
2026-09-28T00:53:25.558Z	spark1	LOAD	20.317	6.786
2026-09-28T00:53:25.603Z	spark2	LOAD	22.711	4.041
2026-09-28T00:53:25.808Z	spark1	LOAD	19.667	6.786
2026-09-28T00:53:25.853Z	spark2	LOAD	22.648	4.041
2026-09-28T00:53:26.059Z	spark1	LOAD	19.602	6.786
2026-09-28T00:53:26.113Z	spark2	LOAD	22.471	4.041
2026-09-28T00:53:26.321Z	spark1	LOAD	19.577	6.786
2026-09-28T00:53:26.364Z	spark2	LOAD	22.338	4.041
2026-09-28T00:53:26.571Z	spark1	LOAD	19.553	6.785
2026-09-28T00:53:26.614Z	spark2	LOAD	22.222	4.041
2026-09-28T00:53:26.821Z	spark1	LOAD	19.532	6.785
2026-09-28T00:53:26.864Z	spark2	LOAD	22.110	4.041
2026-09-28T00:53:27.071Z	spark1	LOAD	19.545	6.787
2026-09-28T00:53:27.123Z	spark2	LOAD	21.996	4.041
2026-09-28T00:53:27.339Z	spark1	LOAD	20.187	6.786
2026-09-28T00:53:27.374Z	spark2	LOAD	21.927	4.041
2026-09-28T00:53:27.590Z	spark1	LOAD	20.164	6.786
2026-09-28T00:53:27.624Z	spark2	LOAD	21.597	4.041
2026-09-28T00:53:27.840Z	spark1	LOAD	20.115	6.786
2026-09-28T00:53:27.874Z	spark2	LOAD	21.689	4.041
2026-09-28T00:53:28.090Z	spark1	LOAD	19.476	6.786
2026-09-28T00:53:28.138Z	spark2	LOAD	21.578	4.041
2026-09-28T00:53:28.360Z	spark1	LOAD	20.091	6.787
2026-09-28T00:53:28.389Z	spark2	LOAD	21.006	4.041
2026-09-28T00:53:28.611Z	spark1	LOAD	20.069	6.787
2026-09-28T00:53:28.639Z	spark2	LOAD	21.337	4.041
2026-09-28T00:53:28.861Z	spark1	LOAD	20.047	6.786
2026-09-28T00:53:28.889Z	spark2	LOAD	21.241	4.041
2026-09-28T00:53:29.112Z	spark1	LOAD	20.018	6.786
2026-09-28T00:53:29.149Z	spark2	LOAD	21.091	4.041
2026-09-28T00:53:29.373Z	spark1	LOAD	19.682	6.786
2026-09-28T00:53:29.400Z	spark2	LOAD	20.976	4.041
2026-09-28T00:53:29.624Z	spark1	LOAD	19.313	6.786
2026-09-28T00:53:29.650Z	spark2	LOAD	20.714	4.041
2026-09-28T00:53:29.874Z	spark1	LOAD	19.965	6.787
2026-09-28T00:53:29.900Z	spark2	LOAD	20.758	4.041
2026-09-28T00:53:30.125Z	spark1	LOAD	19.905	6.787
2026-09-28T00:53:30.165Z	spark2	LOAD	20.217	4.041
2026-09-28T00:53:30.387Z	spark1	LOAD	19.855	6.787
2026-09-28T00:53:30.415Z	spark2	LOAD	20.504	4.041
2026-09-28T00:53:30.638Z	spark1	LOAD	19.862	6.787
2026-09-28T00:53:30.666Z	spark2	LOAD	20.388	4.041
2026-09-28T00:53:30.888Z	spark1	LOAD	19.854	6.787
2026-09-28T00:53:30.916Z	spark2	LOAD	20.355	4.090
2026-09-28T00:53:31.138Z	spark1	LOAD	19.828	6.787
2026-09-28T00:53:31.181Z	spark2	LOAD	21.097	4.151
2026-09-28T00:53:31.400Z	spark1	LOAD	19.789	6.787
2026-09-28T00:53:31.431Z	spark2	LOAD	23.081	4.148
2026-09-28T00:53:31.651Z	spark1	LOAD	19.576	6.787
2026-09-28T00:53:31.682Z	spark2	LOAD	22.990	4.148
2026-09-28T00:53:31.901Z	spark1	LOAD	19.137	6.787
2026-09-28T00:53:31.933Z	spark2	LOAD	22.896	4.148
2026-09-28T00:53:32.152Z	spark1	LOAD	19.674	6.788
2026-09-28T00:53:32.198Z	spark2	LOAD	22.770	4.148
2026-09-28T00:53:32.419Z	spark1	LOAD	19.654	6.788
2026-09-28T00:53:32.448Z	spark2	LOAD	22.688	4.148
2026-09-28T00:53:32.669Z	spark1	LOAD	19.628	6.788
2026-09-28T00:53:32.699Z	spark2	LOAD	22.595	4.148
2026-09-28T00:53:32.920Z	spark1	LOAD	19.438	6.788
2026-09-28T00:53:32.949Z	spark2	LOAD	22.491	4.148
2026-09-28T00:53:33.170Z	spark1	LOAD	19.631	6.788
2026-09-28T00:53:33.209Z	spark2	LOAD	22.376	4.148
2026-09-28T00:53:33.432Z	spark1	LOAD	19.600	6.788
2026-09-28T00:53:33.460Z	spark2	LOAD	22.249	4.148
2026-09-28T00:53:33.683Z	spark1	LOAD	19.570	6.788
2026-09-28T00:53:33.711Z	spark2	LOAD	22.144	4.148
2026-09-28T00:53:33.933Z	spark1	LOAD	19.567	6.788
2026-09-28T00:53:33.961Z	spark2	LOAD	22.086	4.152
2026-09-28T00:53:34.184Z	spark1	LOAD	19.544	6.788
2026-09-28T00:53:34.221Z	spark2	LOAD	21.537	4.152
2026-09-28T00:53:34.451Z	spark1	LOAD	19.557	6.788
2026-09-28T00:53:34.471Z	spark2	LOAD	21.880	4.152
2026-09-28T00:53:34.701Z	spark1	LOAD	21.180	6.788
2026-09-28T00:53:34.722Z	spark2	LOAD	21.776	4.153
2026-09-28T00:53:34.951Z	spark1	LOAD	22.048	6.788
2026-09-28T00:53:34.972Z	spark2	LOAD	21.657	4.153
2026-09-28T00:53:35.202Z	spark1	LOAD	21.892	6.788
2026-09-28T00:53:35.237Z	spark2	LOAD	21.567	4.153
2026-09-28T00:53:35.470Z	spark1	LOAD	21.722	6.788
2026-09-28T00:53:35.487Z	spark2	LOAD	21.456	4.153
2026-09-28T00:53:35.720Z	spark1	LOAD	21.574	6.788
2026-09-28T00:53:35.738Z	spark2	LOAD	21.372	4.153
2026-09-28T00:53:35.971Z	spark1	LOAD	20.732	6.788
2026-09-28T00:53:35.988Z	spark2	LOAD	21.260	4.153
2026-09-28T00:53:36.222Z	spark1	LOAD	21.255	6.788
2026-09-28T00:53:36.247Z	spark2	LOAD	21.145	4.151
2026-09-28T00:53:36.489Z	spark1	LOAD	21.097	6.788
2026-09-28T00:53:36.498Z	spark2	LOAD	21.024	4.151
2026-09-28T00:53:36.739Z	spark1	LOAD	20.949	6.789
2026-09-28T00:53:36.748Z	spark2	LOAD	20.923	4.151
2026-09-28T00:53:36.990Z	spark1	LOAD	20.872	6.791
2026-09-28T00:53:36.999Z	spark2	LOAD	20.829	4.151
2026-09-28T00:53:37.240Z	spark1	LOAD	20.774	6.791
2026-09-28T00:53:37.259Z	spark2	LOAD	20.724	4.151
2026-09-28T00:53:37.509Z	spark1	LOAD	20.577	6.791
2026-09-28T00:53:37.509Z	spark2	LOAD	20.615	4.153
2026-09-28T00:53:37.759Z	spark2	LOAD	20.533	4.160
2026-09-28T00:53:37.759Z	spark1	LOAD	19.795	6.791
2026-09-28T00:53:38.009Z	spark2	LOAD	20.454	4.169
2026-09-28T00:53:38.010Z	spark1	LOAD	20.318	6.791
2026-09-28T00:53:38.260Z	spark1	LOAD	19.934	6.792
2026-09-28T00:53:38.274Z	spark2	LOAD	20.729	4.171
2026-09-28T00:53:38.525Z	spark2	LOAD	22.467	4.171
2026-09-28T00:53:38.528Z	spark1	LOAD	20.044	6.792
2026-09-28T00:53:38.775Z	spark2	LOAD	23.188	4.171
2026-09-28T00:53:38.779Z	spark1	LOAD	20.038	6.792
2026-09-28T00:53:39.025Z	spark2	LOAD	23.108	4.171
2026-09-28T00:53:39.029Z	spark1	LOAD	19.946	6.792
2026-09-28T00:53:39.280Z	spark1	LOAD	19.826	6.792
2026-09-28T00:53:39.285Z	spark2	LOAD	22.992	4.171
2026-09-28T00:53:39.535Z	spark2	LOAD	22.892	4.171
2026-09-28T00:53:39.544Z	spark1	LOAD	20.112	6.792
2026-09-28T00:53:39.786Z	spark2	LOAD	22.786	4.171
2026-09-28T00:53:39.794Z	spark1	LOAD	22.129	6.792
2026-09-28T00:53:40.036Z	spark2	LOAD	22.687	4.171
2026-09-28T00:53:40.044Z	spark1	LOAD	22.142	6.792
2026-09-28T00:53:40.294Z	spark1	LOAD	22.127	6.792
2026-09-28T00:53:40.300Z	spark2	LOAD	22.530	4.109
2026-09-28T00:53:40.551Z	spark2	LOAD	22.415	4.109
2026-09-28T00:53:40.562Z	spark1	LOAD	22.158	6.792
2026-09-28T00:53:40.801Z	spark2	LOAD	22.293	4.109
2026-09-28T00:53:40.812Z	spark1	LOAD	22.153	6.792
2026-09-28T00:53:41.051Z	spark2	LOAD	22.086	4.115
2026-09-28T00:53:41.062Z	spark1	LOAD	22.151	6.792
2026-09-28T00:53:41.313Z	spark1	LOAD	22.144	6.792
2026-09-28T00:53:41.317Z	spark2	LOAD	21.779	4.124
2026-09-28T00:53:41.567Z	spark2	LOAD	22.133	4.125
2026-09-28T00:53:41.576Z	spark1	LOAD	22.108	6.792
2026-09-28T00:53:41.818Z	spark2	LOAD	22.040	4.126
2026-09-28T00:53:41.826Z	spark1	LOAD	22.094	6.792
2026-09-28T00:53:42.068Z	spark2	LOAD	22.012	4.125
2026-09-28T00:53:42.076Z	spark1	LOAD	22.060	6.792
2026-09-28T00:53:42.326Z	spark1	LOAD	22.020	6.792
2026-09-28T00:53:42.334Z	spark2	LOAD	21.516	4.126
2026-09-28T00:53:42.584Z	spark2	LOAD	21.836	4.146
2026-09-28T00:53:42.588Z	spark1	LOAD	21.997	6.792
2026-09-28T00:53:42.835Z	spark2	LOAD	21.795	4.146
2026-09-28T00:53:42.839Z	spark1	LOAD	21.957	6.792
2026-09-28T00:53:43.085Z	spark2	LOAD	21.685	4.146
2026-09-28T00:53:43.089Z	spark1	LOAD	21.936	6.792
2026-09-28T00:53:43.339Z	spark1	LOAD	21.916	6.792
2026-09-28T00:53:43.345Z	spark2	LOAD	21.564	4.146
2026-09-28T00:53:43.596Z	spark2	LOAD	21.297	4.146
2026-09-28T00:53:43.609Z	spark1	LOAD	21.884	6.792
2026-09-28T00:53:43.846Z	spark2	LOAD	20.932	4.146
2026-09-28T00:53:43.859Z	spark1	LOAD	21.864	6.792
2026-09-28T00:53:44.096Z	spark2	LOAD	21.264	4.145
2026-09-28T00:53:44.109Z	spark1	LOAD	21.839	6.792
2026-09-28T00:53:44.357Z	spark2	LOAD	21.166	4.145
2026-09-28T00:53:44.359Z	spark1	LOAD	21.807	6.792
2026-09-28T00:53:44.607Z	spark2	LOAD	21.094	4.145
2026-09-28T00:53:44.627Z	spark1	LOAD	21.931	6.792
2026-09-28T00:53:44.857Z	spark2	LOAD	20.970	4.146
2026-09-28T00:53:44.877Z	spark1	LOAD	21.897	6.792
2026-09-28T00:53:45.107Z	spark2	LOAD	20.849	4.146
2026-09-28T00:53:45.127Z	spark1	LOAD	21.871	6.792
2026-09-28T00:53:45.368Z	spark2	LOAD	21.775	4.146
2026-09-28T00:53:45.377Z	spark1	LOAD	21.833	6.792
2026-09-28T00:53:45.618Z	spark2	LOAD	23.117	4.146
2026-09-28T00:53:45.645Z	spark1	LOAD	21.794	6.792
2026-09-28T00:53:45.868Z	spark2	LOAD	23.081	4.146
2026-09-28T00:53:45.895Z	spark1	LOAD	21.766	6.792
2026-09-28T00:53:46.119Z	spark2	LOAD	23.052	4.146
2026-09-28T00:53:46.145Z	spark1	LOAD	21.731	6.792
2026-09-28T00:53:46.383Z	spark2	LOAD	23.031	4.146
2026-09-28T00:53:46.396Z	spark1	LOAD	21.699	6.792
2026-09-28T00:53:46.634Z	spark2	LOAD	22.996	4.146
2026-09-28T00:53:46.658Z	spark1	LOAD	21.643	6.792
2026-09-28T00:53:46.884Z	spark2	LOAD	22.880	4.146
2026-09-28T00:53:46.908Z	spark1	LOAD	21.611	6.792
2026-09-28T00:53:47.135Z	spark2	LOAD	22.778	4.146
2026-09-28T00:53:47.159Z	spark1	LOAD	21.583	6.792
2026-09-28T00:53:47.400Z	spark2	LOAD	22.659	4.146
2026-09-28T00:53:47.409Z	spark1	LOAD	21.555	6.792
2026-09-28T00:53:47.649Z	spark2	LOAD	22.511	4.146
2026-09-28T00:53:47.672Z	spark1	LOAD	21.517	6.792
2026-09-28T00:53:47.899Z	spark2	LOAD	22.424	4.146
2026-09-28T00:53:47.922Z	spark1	LOAD	21.483	6.792
2026-09-28T00:53:48.150Z	spark2	LOAD	22.300	4.146
2026-09-28T00:53:48.172Z	spark1	LOAD	21.441	6.792
2026-09-28T00:53:48.410Z	spark2	LOAD	22.181	4.146
2026-09-28T00:53:48.423Z	spark1	LOAD	21.409	6.792
2026-09-28T00:53:48.660Z	spark2	LOAD	22.089	4.146
2026-09-28T00:53:48.689Z	spark1	LOAD	21.371	6.792
2026-09-28T00:53:48.910Z	spark2	LOAD	21.517	4.146
2026-09-28T00:53:48.940Z	spark1	LOAD	21.312	6.792
2026-09-28T00:53:49.161Z	spark2	LOAD	21.848	4.146
2026-09-28T00:53:49.190Z	spark1	LOAD	21.290	6.792
2026-09-28T00:53:49.421Z	spark2	LOAD	21.745	4.146
2026-09-28T00:53:49.440Z	spark1	LOAD	21.272	6.792
2026-09-28T00:53:49.672Z	spark2	LOAD	21.653	4.146
2026-09-28T00:53:49.708Z	spark1	LOAD	21.245	6.792
2026-09-28T00:53:49.922Z	spark2	LOAD	21.590	4.146
2026-09-28T00:53:49.958Z	spark1	LOAD	21.224	6.792
2026-09-28T00:53:50.172Z	spark2	LOAD	21.486	4.146
2026-09-28T00:53:50.209Z	spark1	LOAD	21.198	6.792
2026-09-28T00:53:50.437Z	spark2	LOAD	21.371	4.146
2026-09-28T00:53:50.459Z	spark1	LOAD	21.170	6.792
2026-09-28T00:53:50.687Z	spark2	LOAD	21.238	4.146
2026-09-28T00:53:50.721Z	spark1	LOAD	21.131	6.792
2026-09-28T00:53:50.937Z	spark2	LOAD	21.118	4.146
2026-09-28T00:53:50.971Z	spark1	LOAD	21.102	6.792
2026-09-28T00:53:51.188Z	spark2	LOAD	21.007	4.147
2026-09-28T00:53:51.221Z	spark1	LOAD	21.073	6.792
2026-09-28T00:53:51.449Z	spark2	LOAD	20.895	4.147
2026-09-28T00:53:51.472Z	spark1	LOAD	21.051	6.792
2026-09-28T00:53:51.699Z	spark2	LOAD	20.359	4.147
2026-09-28T00:53:51.738Z	spark1	LOAD	21.017	6.792
2026-09-28T00:53:51.950Z	spark2	LOAD	20.669	4.147
2026-09-28T00:53:51.989Z	spark1	LOAD	20.994	6.792
2026-09-28T00:53:52.201Z	spark2	LOAD	20.625	4.147
2026-09-28T00:53:52.239Z	spark1	LOAD	20.971	6.792
2026-09-28T00:53:52.466Z	spark2	LOAD	22.276	4.147
2026-09-28T00:53:52.489Z	spark1	LOAD	20.952	6.792
2026-09-28T00:53:52.716Z	spark2	LOAD	22.796	4.147
2026-09-28T00:53:52.757Z	spark1	LOAD	20.887	6.792
2026-09-28T00:53:52.966Z	spark2	LOAD	22.765	4.147
2026-09-28T00:53:53.007Z	spark1	LOAD	20.816	6.792
2026-09-28T00:53:53.217Z	spark2	LOAD	22.731	4.147
2026-09-28T00:53:53.257Z	spark1	LOAD	20.786	6.792
2026-09-28T00:53:53.482Z	spark2	LOAD	22.637	4.146
2026-09-28T00:53:53.508Z	spark1	LOAD	20.763	6.792
2026-09-28T00:53:53.732Z	spark2	LOAD	22.571	4.146
2026-09-28T00:53:53.778Z	spark1	LOAD	20.743	6.792
2026-09-28T00:53:53.982Z	spark2	LOAD	22.486	4.146
2026-09-28T00:53:54.028Z	spark1	LOAD	20.715	6.792
2026-09-28T00:53:54.232Z	spark2	LOAD	22.404	4.146
2026-09-28T00:53:54.278Z	spark1	LOAD	20.677	6.792
2026-09-28T00:53:54.497Z	spark2	LOAD	22.329	4.145
2026-09-28T00:53:54.529Z	spark1	LOAD	20.645	6.791
2026-09-28T00:53:54.747Z	spark2	LOAD	22.302	4.145
2026-09-28T00:53:54.796Z	spark1	LOAD	20.591	6.791
2026-09-28T00:53:54.997Z	spark2	LOAD	22.353	4.145
2026-09-28T00:53:55.047Z	spark1	LOAD	20.561	6.791
2026-09-28T00:53:55.248Z	spark2	LOAD	22.222	4.145
2026-09-28T00:53:55.297Z	spark1	LOAD	20.533	6.791
2026-09-28T00:53:55.508Z	spark2	LOAD	21.962	4.145
2026-09-28T00:53:55.548Z	spark1	LOAD	20.506	6.791
2026-09-28T00:53:55.759Z	spark2	LOAD	21.560	4.145
2026-09-28T00:53:55.817Z	spark1	LOAD	20.480	6.791
2026-09-28T00:53:56.009Z	spark2	LOAD	21.888	4.146
2026-09-28T00:53:56.068Z	spark1	LOAD	20.452	6.791
2026-09-28T00:53:56.260Z	spark2	LOAD	21.776	4.146
2026-09-28T00:53:56.318Z	spark1	LOAD	20.428	6.791
2026-09-28T00:53:56.520Z	spark2	LOAD	21.642	4.146
2026-09-28T00:53:56.569Z	spark1	LOAD	20.402	6.791
2026-09-28T00:53:56.771Z	spark2	LOAD	21.503	4.147
2026-09-28T00:53:56.831Z	spark1	LOAD	20.358	6.791
2026-09-28T00:53:57.021Z	spark2	LOAD	21.395	4.147
2026-09-28T00:53:57.081Z	spark1	LOAD	20.330	6.791
2026-09-28T00:53:57.272Z	spark2	LOAD	21.285	4.147
2026-09-28T00:53:57.332Z	spark1	LOAD	20.304	6.791
2026-09-28T00:53:57.532Z	spark2	LOAD	21.172	4.147
2026-09-28T00:53:57.583Z	spark1	LOAD	20.273	6.791
2026-09-28T00:53:57.782Z	spark2	LOAD	21.061	4.148
2026-09-28T00:53:57.845Z	spark1	LOAD	20.225	6.791
2026-09-28T00:53:58.032Z	spark2	LOAD	20.937	4.148
2026-09-28T00:53:58.095Z	spark1	LOAD	20.204	6.791
2026-09-28T00:53:58.283Z	spark2	LOAD	20.394	4.148
2026-09-28T00:53:58.346Z	spark1	LOAD	20.180	6.791
2026-09-28T00:53:58.547Z	spark2	LOAD	20.716	4.148
2026-09-28T00:53:58.596Z	spark1	LOAD	20.150	6.791
2026-09-28T00:53:58.798Z	spark2	LOAD	20.625	4.148
2026-09-28T00:53:58.863Z	spark1	LOAD	20.104	6.791
2026-09-28T00:53:59.049Z	spark2	LOAD	21.809	4.148
2026-09-28T00:53:59.114Z	spark1	LOAD	20.081	6.791
2026-09-28T00:53:59.300Z	spark2	LOAD	23.193	4.148
2026-09-28T00:53:59.364Z	spark1	LOAD	20.056	6.791
2026-09-28T00:53:59.565Z	spark2	LOAD	23.278	4.148
2026-09-28T00:53:59.614Z	spark1	LOAD	20.022	6.791
2026-09-28T00:53:59.815Z	spark2	LOAD	23.221	4.148
2026-09-28T00:53:59.881Z	spark1	LOAD	19.992	6.791
2026-09-28T00:54:00.065Z	spark2	LOAD	23.150	4.148
2026-09-28T00:54:00.131Z	spark1	LOAD	19.965	6.791
2026-09-28T00:54:00.316Z	spark2	LOAD	23.055	4.148
2026-09-28T00:54:00.382Z	spark1	LOAD	19.935	6.791
2026-09-28T00:54:00.575Z	spark2	LOAD	22.968	4.148
2026-09-28T00:54:00.632Z	spark1	LOAD	19.907	6.791
2026-09-28T00:54:00.826Z	spark2	LOAD	22.867	4.148
2026-09-28T00:54:00.900Z	spark1	LOAD	19.845	6.791
2026-09-28T00:54:01.077Z	spark2	LOAD	22.768	4.148
2026-09-28T00:54:01.150Z	spark1	LOAD	19.821	6.791
2026-09-28T00:54:01.328Z	spark2	LOAD	22.684	4.148
2026-09-28T00:54:01.401Z	spark1	LOAD	19.797	6.791
2026-09-28T00:54:01.592Z	spark2	LOAD	22.567	4.148
2026-09-28T00:54:01.651Z	spark1	LOAD	19.763	6.791
2026-09-28T00:54:01.843Z	spark2	LOAD	22.492	4.148
2026-09-28T00:54:01.918Z	spark1	LOAD	19.713	6.791
2026-09-28T00:54:02.093Z	spark2	LOAD	22.437	4.148
2026-09-28T00:54:02.168Z	spark1	LOAD	19.681	6.791
2026-09-28T00:54:02.344Z	spark2	LOAD	22.358	4.149
2026-09-28T00:54:02.419Z	spark1	LOAD	19.650	6.791
2026-09-28T00:54:02.604Z	spark2	LOAD	22.298	4.151
2026-09-28T00:54:02.669Z	spark1	LOAD	19.623	6.791
2026-09-28T00:54:02.854Z	spark2	LOAD	22.226	4.152
2026-09-28T00:54:02.936Z	spark1	LOAD	18.913	6.791
2026-09-28T00:54:03.104Z	spark2	LOAD	22.144	4.153
2026-09-28T00:54:03.187Z	spark1	LOAD	18.884	6.791
2026-09-28T00:54:03.355Z	spark2	LOAD	22.063	4.153
2026-09-28T00:54:03.437Z	spark1	LOAD	18.847	6.791
2026-09-28T00:54:03.620Z	spark2	LOAD	21.960	4.153
2026-09-28T00:54:03.687Z	spark1	LOAD	18.814	6.791
2026-09-28T00:54:03.871Z	spark2	LOAD	21.871	4.153
2026-09-28T00:54:03.953Z	spark1	LOAD	18.776	6.791
2026-09-28T00:54:04.120Z	spark2	LOAD	21.775	4.153
2026-09-28T00:54:04.203Z	spark1	LOAD	18.748	6.791
2026-09-28T00:54:04.370Z	spark2	LOAD	21.674	4.153
2026-09-28T00:54:04.454Z	spark1	LOAD	18.661	6.791
2026-09-28T00:54:04.630Z	spark2	LOAD	21.586	4.153
2026-09-28T00:54:04.704Z	spark1	LOAD	18.594	6.791
2026-09-28T00:54:04.880Z	spark2	LOAD	21.468	4.153
2026-09-28T00:54:04.970Z	spark1	LOAD	18.519	6.791
2026-09-28T00:54:05.131Z	spark2	LOAD	20.854	4.153
2026-09-28T00:54:05.221Z	spark1	LOAD	18.486	6.791
2026-09-28T00:54:05.381Z	spark2	LOAD	21.235	4.152
2026-09-28T00:54:05.471Z	spark1	LOAD	18.427	6.791
2026-09-28T00:54:05.642Z	spark2	LOAD	20.730	4.152
2026-09-28T00:54:05.721Z	spark1	LOAD	18.514	6.791
2026-09-28T00:54:05.892Z	spark2	LOAD	21.067	4.152
2026-09-28T00:54:05.985Z	spark1	LOAD	20.083	6.791
2026-09-28T00:54:06.142Z	spark2	LOAD	20.702	4.152
2026-09-28T00:54:06.235Z	spark1	LOAD	21.260	6.791
2026-09-28T00:54:06.393Z	spark2	LOAD	21.842	4.152
2026-09-28T00:54:06.485Z	spark1	LOAD	21.236	6.791
2026-09-28T00:54:06.653Z	spark2	LOAD	23.065	4.152
2026-09-28T00:54:06.736Z	spark1	LOAD	21.193	6.791
2026-09-28T00:54:06.903Z	spark2	LOAD	23.024	4.152
2026-09-28T00:54:07.003Z	spark1	LOAD	21.145	6.791
2026-09-28T00:54:07.154Z	spark2	LOAD	22.926	4.152
2026-09-28T00:54:07.253Z	spark1	LOAD	21.114	6.791
2026-09-28T00:54:07.404Z	spark2	LOAD	22.819	4.152
2026-09-28T00:54:07.503Z	spark1	LOAD	21.088	6.791
2026-09-28T00:54:07.671Z	spark2	LOAD	22.702	4.152
2026-09-28T00:54:07.753Z	spark1	LOAD	21.060	6.791
2026-09-28T00:54:07.920Z	spark2	LOAD	22.602	4.152
2026-09-28T00:54:08.023Z	spark1	LOAD	21.022	6.791
2026-09-28T00:54:08.171Z	spark2	LOAD	22.481	4.152
2026-09-28T00:54:08.274Z	spark1	LOAD	20.995	6.791
2026-09-28T00:54:08.421Z	spark2	LOAD	22.420	4.152
2026-09-28T00:54:08.524Z	spark1	LOAD	20.969	6.791
2026-09-28T00:54:08.686Z	spark2	LOAD	22.317	4.152
2026-09-28T00:54:08.775Z	spark1	LOAD	20.941	6.791
2026-09-28T00:54:08.937Z	spark2	LOAD	22.503	4.153
2026-09-28T00:54:09.036Z	spark1	LOAD	20.889	6.790
2026-09-28T00:54:09.187Z	spark2	LOAD	22.400	4.153
2026-09-28T00:54:09.286Z	spark1	LOAD	20.862	6.790
2026-09-28T00:54:09.437Z	spark2	LOAD	22.267	4.153
2026-09-28T00:54:09.537Z	spark1	LOAD	20.841	6.790
2026-09-28T00:54:09.698Z	spark2	LOAD	22.131	4.154
2026-09-28T00:54:09.787Z	spark1	LOAD	20.821	6.790
2026-09-28T00:54:09.948Z	spark2	LOAD	22.045	4.154
2026-09-28T00:54:10.050Z	spark1	LOAD	20.796	6.790
2026-09-28T00:54:10.198Z	spark2	LOAD	21.945	4.155
2026-09-28T00:54:10.301Z	spark1	LOAD	21.637	6.790
2026-09-28T00:54:10.448Z	spark2	LOAD	21.863	4.157
2026-09-28T00:54:10.551Z	spark1	LOAD	21.455	6.790
2026-09-28T00:54:10.713Z	spark2	LOAD	21.760	4.157
2026-09-28T00:54:10.802Z	spark1	LOAD	21.423	6.790
2026-09-28T00:54:10.963Z	spark2	LOAD	21.585	4.170
2026-09-28T00:54:11.068Z	spark1	LOAD	21.539	6.790
2026-09-28T00:54:11.213Z	spark2	LOAD	21.598	4.181
2026-09-28T00:54:11.318Z	spark1	LOAD	21.484	6.790
2026-09-28T00:54:11.463Z	spark2	LOAD	21.465	4.181
2026-09-28T00:54:11.569Z	spark1	LOAD	21.447	6.790
2026-09-28T00:54:11.728Z	spark2	LOAD	21.341	4.181
2026-09-28T00:54:11.819Z	spark1	LOAD	21.404	6.790
2026-09-28T00:54:11.979Z	spark2	LOAD	21.258	4.181
2026-09-28T00:54:12.087Z	spark1	LOAD	21.392	6.790
2026-09-28T00:54:12.230Z	spark2	LOAD	21.160	4.181
2026-09-28T00:54:12.337Z	spark1	LOAD	21.362	6.790
2026-09-28T00:54:12.480Z	spark2	LOAD	21.061	4.181
2026-09-28T00:54:12.587Z	spark1	LOAD	21.330	6.790
2026-09-28T00:54:12.746Z	spark2	LOAD	20.876	4.181
2026-09-28T00:54:12.837Z	spark1	LOAD	21.297	6.790
2026-09-28T00:54:12.996Z	spark2	LOAD	20.850	4.184
2026-09-28T00:54:13.104Z	spark1	LOAD	21.260	6.790
2026-09-28T00:54:13.246Z	spark2	LOAD	20.746	4.184
2026-09-28T00:54:13.354Z	spark1	LOAD	21.197	6.790
2026-09-28T00:54:13.496Z	spark2	LOAD	20.631	4.184
2026-09-28T00:54:13.604Z	spark1	LOAD	21.169	6.790
2026-09-28T00:54:13.761Z	spark2	LOAD	21.394	4.184
2026-09-28T00:54:13.854Z	spark1	LOAD	21.140	6.789
2026-09-28T00:54:14.013Z	spark2	LOAD	23.129	4.184
2026-09-28T00:54:14.122Z	spark1	LOAD	21.110	6.789
2026-09-28T00:54:14.262Z	spark2	LOAD	23.125	4.184
2026-09-28T00:54:14.373Z	spark1	LOAD	21.114	6.789
2026-09-28T00:54:14.513Z	spark2	LOAD	23.048	4.184
2026-09-28T00:54:14.623Z	spark1	LOAD	21.069	6.789
2026-09-28T00:54:14.773Z	spark2	LOAD	22.982	4.184
2026-09-28T00:54:14.873Z	spark1	LOAD	21.038	6.789
2026-09-28T00:54:15.023Z	spark2	LOAD	22.923	4.183
2026-09-28T00:54:15.136Z	spark1	LOAD	20.546	6.789
2026-09-28T00:54:15.274Z	spark2	LOAD	22.829	4.183
2026-09-28T00:54:15.387Z	spark1	LOAD	20.304	6.788
2026-09-28T00:54:15.523Z	spark2	LOAD	22.778	4.183
2026-09-28T00:54:15.637Z	spark1	LOAD	20.208	6.788
2026-09-28T00:54:15.784Z	spark2	LOAD	22.745	4.183
2026-09-28T00:54:15.888Z	spark1	LOAD	20.142	6.788
2026-09-28T00:54:16.033Z	spark2	LOAD	22.644	4.182
2026-09-28T00:54:16.155Z	spark1	LOAD	20.881	6.788
2026-09-28T00:54:16.284Z	spark2	LOAD	22.550	4.181
2026-09-28T00:54:16.406Z	spark1	LOAD	20.848	6.788
2026-09-28T00:54:16.534Z	spark2	LOAD	22.460	4.180
2026-09-28T00:54:16.656Z	spark1	LOAD	20.790	6.788
2026-09-28T00:54:16.798Z	spark2	LOAD	22.484	4.179
2026-09-28T00:54:16.907Z	spark1	LOAD	20.746	6.788
2026-09-28T00:54:17.048Z	spark2	LOAD	22.393	4.179
2026-09-28T00:54:17.170Z	spark1	LOAD	20.745	6.788
2026-09-28T00:54:17.299Z	spark2	LOAD	21.848	4.179
2026-09-28T00:54:17.420Z	spark1	LOAD	20.694	6.788
2026-09-28T00:54:17.549Z	spark2	LOAD	22.205	4.180
2026-09-28T00:54:17.670Z	spark1	LOAD	20.617	6.788
2026-09-28T00:54:17.814Z	spark2	LOAD	22.060	4.180
2026-09-28T00:54:17.921Z	spark1	LOAD	19.962	6.788
2026-09-28T00:54:18.064Z	spark2	LOAD	21.574	4.180
2026-09-28T00:54:18.188Z	spark1	LOAD	19.927	6.788
2026-09-28T00:54:18.315Z	spark2	LOAD	21.930	4.180
2026-09-28T00:54:18.438Z	spark1	LOAD	20.544	6.788
2026-09-28T00:54:18.565Z	spark2	LOAD	21.392	4.180
2026-09-28T00:54:18.688Z	spark1	LOAD	20.563	6.788
2026-09-28T00:54:18.831Z	spark2	LOAD	21.298	4.180
2026-09-28T00:54:18.939Z	spark1	LOAD	20.627	6.896
2026-09-28T00:54:19.081Z	spark2	LOAD	21.649	4.180
2026-09-28T00:54:19.201Z	spark1	LOAD	20.599	6.900
2026-09-28T00:54:19.331Z	spark2	LOAD	21.598	4.180
2026-09-28T00:54:19.451Z	spark1	LOAD	20.310	6.900
2026-09-28T00:54:19.582Z	spark2	LOAD	21.507	4.180
2026-09-28T00:54:19.702Z	spark1	LOAD	20.123	6.900
2026-09-28T00:54:19.841Z	spark2	LOAD	21.432	4.180
2026-09-28T00:54:19.952Z	spark1	LOAD	19.874	6.900
2026-09-28T00:54:20.092Z	spark2	LOAD	21.344	4.180
2026-09-28T00:54:20.214Z	spark1	LOAD	19.987	7.010
2026-09-28T00:54:20.342Z	spark2	LOAD	21.247	4.180
2026-09-28T00:54:20.465Z	spark1	LOAD	20.357	7.012
2026-09-28T00:54:20.592Z	spark2	LOAD	21.163	4.180
2026-09-28T00:54:20.715Z	spark1	LOAD	19.964	7.012
2026-09-28T00:54:20.859Z	spark2	LOAD	21.713	4.180
2026-09-28T00:54:20.966Z	spark1	LOAD	19.893	7.012
2026-09-28T00:54:21.109Z	spark2	LOAD	23.022	4.180
2026-09-28T00:54:21.228Z	spark1	LOAD	19.861	7.012
2026-09-28T00:54:21.359Z	spark2	LOAD	23.385	4.180
2026-09-28T00:54:21.478Z	spark1	LOAD	19.803	7.012
2026-09-28T00:54:21.609Z	spark2	LOAD	23.297	4.180
2026-09-28T00:54:21.729Z	spark1	LOAD	19.813	7.012
2026-09-28T00:54:21.874Z	spark2	LOAD	23.200	4.180
2026-09-28T00:54:21.979Z	spark1	LOAD	19.811	7.012
2026-09-28T00:54:22.125Z	spark2	LOAD	23.104	4.180
2026-09-28T00:54:22.242Z	spark1	LOAD	20.097	7.012
2026-09-28T00:54:22.375Z	spark2	LOAD	22.988	4.180
2026-09-28T00:54:22.492Z	spark1	LOAD	19.907	7.012
2026-09-28T00:54:22.625Z	spark2	LOAD	22.879	4.180
2026-09-28T00:54:22.742Z	spark1	LOAD	19.786	7.013
2026-09-28T00:54:22.886Z	spark2	LOAD	22.735	4.180
2026-09-28T00:54:22.992Z	spark1	LOAD	19.857	7.013
2026-09-28T00:54:23.136Z	spark2	LOAD	22.615	4.180
2026-09-28T00:54:23.255Z	spark1	LOAD	19.890	7.013
2026-09-28T00:54:23.387Z	spark2	LOAD	22.530	4.180
2026-09-28T00:54:23.505Z	spark1	LOAD	19.733	7.013
2026-09-28T00:54:23.637Z	spark2	LOAD	22.008	4.180
2026-09-28T00:54:23.755Z	spark1	LOAD	20.350	7.020
2026-09-28T00:54:23.902Z	spark2	LOAD	22.319	4.180
2026-09-28T00:54:24.006Z	spark1	LOAD	20.322	7.022
2026-09-28T00:54:24.152Z	spark2	LOAD	22.197	4.180
2026-09-28T00:54:24.268Z	spark1	LOAD	20.304	7.023
2026-09-28T00:54:24.402Z	spark2	LOAD	22.074	4.180
2026-09-28T00:54:24.518Z	spark1	LOAD	20.296	7.024
2026-09-28T00:54:24.653Z	spark2	LOAD	21.978	4.180
2026-09-28T00:54:24.768Z	spark1	LOAD	20.273	7.025
2026-09-28T00:54:24.913Z	spark2	LOAD	21.877	4.180
2026-09-28T00:54:25.018Z	spark1	LOAD	20.247	7.025
2026-09-28T00:54:25.164Z	spark2	LOAD	21.775	4.180
2026-09-28T00:54:25.286Z	spark1	LOAD	20.241	7.027
2026-09-28T00:54:25.414Z	spark2	LOAD	21.684	4.180
2026-09-28T00:54:25.536Z	spark1	LOAD	20.253	7.029
2026-09-28T00:54:25.664Z	spark2	LOAD	21.569	4.180
2026-09-28T00:54:25.787Z	spark1	LOAD	20.261	7.030
2026-09-28T00:54:25.928Z	spark2	LOAD	21.415	4.179
2026-09-28T00:54:26.037Z	spark1	LOAD	20.222	7.030
2026-09-28T00:54:26.179Z	spark2	LOAD	21.291	4.179
2026-09-28T00:54:26.305Z	spark1	LOAD	20.182	7.030
2026-09-28T00:54:26.429Z	spark2	LOAD	21.177	4.179
2026-09-28T00:54:26.555Z	spark1	LOAD	20.128	7.030
2026-09-28T00:54:26.679Z	spark2	LOAD	21.055	4.179
2026-09-28T00:54:26.805Z	spark1	LOAD	20.123	7.030
2026-09-28T00:54:26.944Z	spark2	LOAD	20.716	4.179
2026-09-28T00:54:27.055Z	spark1	LOAD	20.099	7.030
2026-09-28T00:54:27.195Z	spark2	LOAD	20.795	4.181
2026-09-28T00:54:27.323Z	spark1	LOAD	19.458	7.030
2026-09-28T00:54:27.445Z	spark2	LOAD	20.622	4.183
2026-09-28T00:54:27.573Z	spark1	LOAD	19.406	7.030
2026-09-28T00:54:27.695Z	spark2	LOAD	22.023	4.181
2026-09-28T00:54:27.823Z	spark1	LOAD	20.032	7.030
2026-09-28T00:54:27.955Z	spark2	LOAD	23.324	4.180
2026-09-28T00:54:28.074Z	spark1	LOAD	20.004	7.030
2026-09-28T00:54:28.206Z	spark2	LOAD	23.249	4.180
2026-09-28T00:54:28.343Z	spark1	LOAD	20.040	7.072
2026-09-28T00:54:28.456Z	spark2	LOAD	23.196	4.180
2026-09-28T00:54:28.593Z	spark1	LOAD	20.059	7.104
2026-09-28T00:54:28.706Z	spark2	LOAD	23.154	4.180
2026-09-28T00:54:28.843Z	spark1	LOAD	20.031	7.104
2026-09-28T00:54:28.967Z	spark2	LOAD	23.063	4.180
2026-09-28T00:54:29.094Z	spark1	LOAD	19.999	7.104
2026-09-28T00:54:29.218Z	spark2	LOAD	22.984	4.180
2026-09-28T00:54:29.356Z	spark1	LOAD	19.374	7.104
2026-09-28T00:54:29.468Z	spark2	LOAD	22.898	4.180
2026-09-28T00:54:29.606Z	spark1	LOAD	19.310	7.104
2026-09-28T00:54:29.718Z	spark2	LOAD	22.816	4.180
2026-09-28T00:54:29.857Z	spark1	LOAD	19.282	7.104
2026-09-28T00:54:29.979Z	spark2	LOAD	22.726	4.180
2026-09-28T00:54:30.107Z	spark1	LOAD	19.870	7.107
2026-09-28T00:54:30.229Z	spark2	LOAD	22.636	4.180
2026-09-28T00:54:30.371Z	spark1	LOAD	19.837	7.107
2026-09-28T00:54:30.480Z	spark2	LOAD	22.543	4.180
2026-09-28T00:54:30.622Z	spark1	LOAD	20.456	7.105
2026-09-28T00:54:30.732Z	spark2	LOAD	22.461	4.180
2026-09-28T00:54:30.873Z	spark1	LOAD	22.056	7.105
2026-09-28T00:54:30.998Z	spark2	LOAD	22.431	4.183
2026-09-28T00:54:31.123Z	spark1	LOAD	22.635	7.105
2026-09-28T00:54:31.248Z	spark2	LOAD	22.346	4.185
2026-09-28T00:54:31.385Z	spark1	LOAD	22.593	7.105
2026-09-28T00:54:31.499Z	spark2	LOAD	22.251	4.185
2026-09-28T00:54:31.635Z	spark1	LOAD	22.547	7.105
2026-09-28T00:54:31.749Z	spark2	LOAD	22.167	4.185
2026-09-28T00:54:31.886Z	spark1	LOAD	22.501	7.105
2026-09-28T00:54:32.009Z	spark2	LOAD	22.086	4.185
2026-09-28T00:54:32.136Z	spark1	LOAD	22.478	7.105
2026-09-28T00:54:32.261Z	spark2	LOAD	21.957	4.185
2026-09-28T00:54:32.403Z	spark1	LOAD	22.549	7.111
2026-09-28T00:54:32.510Z	spark2	LOAD	21.863	4.185
2026-09-28T00:54:32.653Z	spark1	LOAD	22.512	7.111
2026-09-28T00:54:32.760Z	spark2	LOAD	21.779	4.186
2026-09-28T00:54:32.904Z	spark1	LOAD	22.512	7.111
2026-09-28T00:54:33.024Z	spark2	LOAD	21.679	4.186
2026-09-28T00:54:33.154Z	spark1	LOAD	22.431	7.111
2026-09-28T00:54:33.275Z	spark2	LOAD	21.594	4.186
2026-09-28T00:54:33.417Z	spark1	LOAD	22.396	7.111
2026-09-28T00:54:33.525Z	spark2	LOAD	21.489	4.186
2026-09-28T00:54:33.668Z	spark1	LOAD	22.333	7.111
2026-09-28T00:54:33.775Z	spark2	LOAD	21.371	4.186
2026-09-28T00:54:33.918Z	spark1	LOAD	22.305	7.111
2026-09-28T00:54:34.035Z	spark2	LOAD	21.322	4.189
2026-09-28T00:54:34.168Z	spark1	LOAD	22.280	7.111
2026-09-28T00:54:34.286Z	spark2	LOAD	21.217	4.189
2026-09-28T00:54:34.437Z	spark1	LOAD	22.248	7.111
2026-09-28T00:54:34.535Z	spark2	LOAD	21.155	4.191
2026-09-28T00:54:34.687Z	spark1	LOAD	22.213	7.111
2026-09-28T00:54:34.786Z	spark2	LOAD	21.077	4.193
2026-09-28T00:54:34.937Z	spark1	LOAD	22.191	7.111
2026-09-28T00:54:35.051Z	spark2	LOAD	21.809	4.193
2026-09-28T00:54:35.188Z	spark1	LOAD	22.163	7.111
2026-09-28T00:54:35.302Z	spark2	LOAD	23.223	4.193
2026-09-28T00:54:35.455Z	spark1	LOAD	22.125	7.110
2026-09-28T00:54:35.552Z	spark2	LOAD	23.359	4.193
2026-09-28T00:54:35.705Z	spark1	LOAD	22.095	7.110
2026-09-28T00:54:35.802Z	spark2	LOAD	23.248	4.193
2026-09-28T00:54:35.955Z	spark1	LOAD	22.042	7.110
2026-09-28T00:54:36.062Z	spark2	LOAD	23.164	4.193
2026-09-28T00:54:36.206Z	spark1	LOAD	22.012	7.110
2026-09-28T00:54:36.312Z	spark2	LOAD	23.080	4.193
2026-09-28T00:54:36.474Z	spark1	LOAD	21.969	7.110
2026-09-28T00:54:36.562Z	spark2	LOAD	23.002	4.193
2026-09-28T00:54:36.725Z	spark1	LOAD	21.933	7.110
2026-09-28T00:54:36.813Z	spark2	LOAD	22.929	4.193
2026-09-28T00:54:36.976Z	spark1	LOAD	21.902	7.110
2026-09-28T00:54:37.073Z	spark2	LOAD	22.824	4.193
2026-09-28T00:54:37.226Z	spark1	LOAD	21.877	7.110
2026-09-28T00:54:37.323Z	spark2	LOAD	22.696	4.193
2026-09-28T00:54:37.493Z	spark1	LOAD	21.843	7.110
2026-09-28T00:54:37.573Z	spark2	LOAD	22.583	4.193
2026-09-28T00:54:37.743Z	spark1	LOAD	21.789	7.110
2026-09-28T00:54:37.823Z	spark2	LOAD	22.516	4.193
2026-09-28T00:54:37.994Z	spark1	LOAD	21.132	7.110
2026-09-28T00:54:38.088Z	spark2	LOAD	22.403	4.193
2026-09-28T00:54:38.244Z	spark1	LOAD	21.108	7.110
2026-09-28T00:54:38.339Z	spark2	LOAD	22.276	4.191
2026-09-28T00:54:38.511Z	spark1	LOAD	21.088	7.110
2026-09-28T00:54:38.589Z	spark2	LOAD	22.166	4.190
2026-09-28T00:54:38.761Z	spark1	LOAD	21.041	7.110
2026-09-28T00:54:38.840Z	spark2	LOAD	22.054	4.189
2026-09-28T00:54:39.012Z	spark1	LOAD	21.010	7.110
2026-09-28T00:54:39.105Z	spark2	LOAD	21.918	4.190
2026-09-28T00:54:39.262Z	spark1	LOAD	20.983	7.110
2026-09-28T00:54:39.355Z	spark2	LOAD	21.793	4.192
2026-09-28T00:54:39.524Z	spark1	LOAD	20.955	7.110
2026-09-28T00:54:39.605Z	spark2	LOAD	21.208	4.197
2026-09-28T00:54:39.775Z	spark1	LOAD	20.926	7.110
2026-09-28T00:54:39.855Z	spark2	LOAD	21.584	4.200
2026-09-28T00:54:40.026Z	spark1	LOAD	20.870	7.110
2026-09-28T00:54:40.120Z	spark2	LOAD	21.669	4.261
2026-09-28T00:54:40.276Z	spark1	LOAD	20.843	7.110
2026-09-28T00:54:40.371Z	spark2	LOAD	21.559	4.261
2026-09-28T00:54:40.546Z	spark1	LOAD	20.809	7.110
2026-09-28T00:54:40.621Z	spark2	LOAD	21.463	4.262
2026-09-28T00:54:40.796Z	spark1	LOAD	20.786	7.110
2026-09-28T00:54:40.872Z	spark2	LOAD	21.361	4.264
2026-09-28T00:54:41.047Z	spark1	LOAD	20.750	7.110
2026-09-28T00:54:41.140Z	spark2	LOAD	21.247	4.264
2026-09-28T00:54:41.297Z	spark1	LOAD	20.721	7.110
2026-09-28T00:54:41.390Z	spark2	LOAD	21.115	4.265
2026-09-28T00:54:41.564Z	spark1	LOAD	20.679	7.110
2026-09-28T00:54:41.641Z	spark2	LOAD	21.015	4.266
2026-09-28T00:54:41.814Z	spark1	LOAD	21.225	7.110
2026-09-28T00:54:41.891Z	spark2	LOAD	20.914	4.268
2026-09-28T00:54:42.065Z	spark1	LOAD	21.168	7.110
2026-09-28T00:54:42.156Z	spark2	LOAD	21.165	4.268
2026-09-28T00:54:42.315Z	spark1	LOAD	21.134	7.110
2026-09-28T00:54:42.407Z	spark2	LOAD	22.516	4.268
2026-09-28T00:54:42.577Z	spark1	LOAD	21.108	7.110
2026-09-28T00:54:42.658Z	spark2	LOAD	22.922	4.266
2026-09-28T00:54:42.827Z	spark1	LOAD	21.087	7.110
2026-09-28T00:54:42.908Z	spark2	LOAD	22.894	4.266
2026-09-28T00:54:43.078Z	spark1	LOAD	21.057	7.110
2026-09-28T00:54:43.174Z	spark2	LOAD	22.797	4.266
2026-09-28T00:54:43.328Z	spark1	LOAD	20.914	7.110
2026-09-28T00:54:43.424Z	spark2	LOAD	22.699	4.266
2026-09-28T00:54:43.595Z	spark1	LOAD	20.520	7.110
2026-09-28T00:54:43.674Z	spark2	LOAD	22.607	4.266
2026-09-28T00:54:43.845Z	spark1	LOAD	21.057	7.111
2026-09-28T00:54:43.925Z	spark2	LOAD	22.525	4.266
2026-09-28T00:54:44.096Z	spark1	LOAD	20.988	7.111
2026-09-28T00:54:44.185Z	spark2	LOAD	22.428	4.266
2026-09-28T00:54:44.346Z	spark1	LOAD	20.544	7.111
2026-09-28T00:54:44.435Z	spark2	LOAD	22.329	4.265
2026-09-28T00:54:44.607Z	spark1	LOAD	20.387	7.111
2026-09-28T00:54:44.685Z	spark2	LOAD	22.747	4.265
2026-09-28T00:54:44.858Z	spark1	LOAD	20.921	7.111
2026-09-28T00:54:44.936Z	spark2	LOAD	22.244	4.265
2026-09-28T00:54:45.108Z	spark1	LOAD	20.877	7.111
2026-09-28T00:54:45.199Z	spark2	LOAD	22.148	4.265
2026-09-28T00:54:45.359Z	spark1	LOAD	20.281	7.111
2026-09-28T00:54:45.450Z	spark2	LOAD	22.490	4.266
2026-09-28T00:54:45.621Z	spark1	LOAD	20.826	7.112
2026-09-28T00:54:45.700Z	spark2	LOAD	22.403	4.266
2026-09-28T00:54:45.871Z	spark1	LOAD	20.802	7.112
2026-09-28T00:54:45.951Z	spark2	LOAD	22.321	4.266
2026-09-28T00:54:46.121Z	spark1	LOAD	20.770	7.112
2026-09-28T00:54:46.211Z	spark2	LOAD	22.198	4.266
2026-09-28T00:54:46.372Z	spark1	LOAD	20.176	7.112
2026-09-28T00:54:46.462Z	spark2	LOAD	22.099	4.266
2026-09-28T00:54:46.639Z	spark1	LOAD	20.185	7.112
2026-09-28T00:54:46.712Z	spark2	LOAD	22.023	4.268
2026-09-28T00:54:46.889Z	spark1	LOAD	20.695	7.113
2026-09-28T00:54:46.963Z	spark2	LOAD	21.490	4.268
2026-09-28T00:54:47.140Z	spark1	LOAD	20.098	7.113
2026-09-28T00:54:47.228Z	spark2	LOAD	21.833	4.269
2026-09-28T00:54:47.390Z	spark1	LOAD	20.646	7.114
2026-09-28T00:54:47.478Z	spark2	LOAD	21.308	4.269
2026-09-28T00:54:47.658Z	spark1	LOAD	20.603	7.116
2026-09-28T00:54:47.728Z	spark2	LOAD	21.623	4.269
2026-09-28T00:54:47.908Z	spark1	LOAD	20.570	7.116
2026-09-28T00:54:47.978Z	spark2	LOAD	21.525	4.270
2026-09-28T00:54:48.158Z	spark1	LOAD	19.922	7.116
2026-09-28T00:54:48.239Z	spark2	LOAD	21.446	4.270
2026-09-28T00:54:48.409Z	spark1	LOAD	20.529	7.120
2026-09-28T00:54:48.489Z	spark2	LOAD	21.353	4.272
2026-09-28T00:54:48.677Z	spark1	LOAD	20.510	7.133
2026-09-28T00:54:48.739Z	spark2	LOAD	21.263	4.272
2026-09-28T00:54:48.927Z	spark1	LOAD	20.452	7.138
2026-09-28T00:54:48.990Z	spark2	LOAD	21.183	4.272
2026-09-28T00:54:49.178Z	spark1	LOAD	20.408	7.138
2026-09-28T00:54:49.254Z	spark2	LOAD	22.057	4.272
2026-09-28T00:54:49.428Z	spark1	LOAD	20.373	7.138
2026-09-28T00:54:49.504Z	spark2	LOAD	23.400	4.268
2026-09-28T00:54:49.697Z	spark1	LOAD	20.331	7.138
2026-09-28T00:54:49.754Z	spark2	LOAD	23.337	4.266
2026-09-28T00:54:49.947Z	spark1	LOAD	20.280	7.139
2026-09-28T00:54:50.005Z	spark2	LOAD	23.245	4.264
2026-09-28T00:54:50.197Z	spark1	LOAD	20.240	7.139
2026-09-28T00:54:50.265Z	spark2	LOAD	23.134	4.260
2026-09-28T00:54:50.448Z	spark1	LOAD	20.210	7.140
2026-09-28T00:54:50.515Z	spark2	LOAD	23.025	4.257
2026-09-28T00:54:50.717Z	spark1	LOAD	20.174	7.140
2026-09-28T00:54:50.766Z	spark2	LOAD	22.924	4.255
2026-09-28T00:54:50.967Z	spark1	LOAD	20.139	7.140
2026-09-28T00:54:51.016Z	spark2	LOAD	22.789	4.255
2026-09-28T00:54:51.217Z	spark1	LOAD	20.105	7.140
2026-09-28T00:54:51.276Z	spark2	LOAD	22.670	4.255
2026-09-28T00:54:51.467Z	spark1	LOAD	20.071	7.140
2026-09-28T00:54:51.527Z	spark2	LOAD	22.590	4.255
2026-09-28T00:54:51.734Z	spark1	LOAD	20.038	7.140
2026-09-28T00:54:51.777Z	spark2	LOAD	22.527	4.255
2026-09-28T00:54:51.985Z	spark1	LOAD	19.999	7.140
2026-09-28T00:54:52.027Z	spark2	LOAD	22.453	4.256
2026-09-28T00:54:52.235Z	spark1	LOAD	19.945	7.140
2026-09-28T00:54:52.293Z	spark2	LOAD	21.901	4.256
2026-09-28T00:54:52.485Z	spark1	LOAD	19.917	7.140
2026-09-28T00:54:52.543Z	spark2	LOAD	22.233	4.257
2026-09-28T00:54:52.752Z	spark1	LOAD	19.888	7.140
2026-09-28T00:54:52.794Z	spark2	LOAD	21.711	4.257
2026-09-28T00:54:53.002Z	spark1	LOAD	19.859	7.140
2026-09-28T00:54:53.044Z	spark2	LOAD	22.048	4.259
2026-09-28T00:54:53.252Z	spark1	LOAD	19.831	7.140
2026-09-28T00:54:53.309Z	spark2	LOAD	21.957	4.259
2026-09-28T00:54:53.502Z	spark1	LOAD	19.803	7.140
2026-09-28T00:54:53.560Z	spark2	LOAD	21.865	4.259
2026-09-28T00:54:53.769Z	spark1	LOAD	19.774	7.141
2026-09-28T00:54:53.809Z	spark2	LOAD	21.708	4.261
2026-09-28T00:54:54.020Z	spark1	LOAD	19.746	7.141
2026-09-28T00:54:54.060Z	spark2	LOAD	21.571	4.262
2026-09-28T00:54:54.270Z	spark1	LOAD	19.678	7.140
2026-09-28T00:54:54.325Z	spark2	LOAD	21.452	4.263
2026-09-28T00:54:54.521Z	spark1	LOAD	19.647	7.140
2026-09-28T00:54:54.575Z	spark2	LOAD	21.340	4.263
2026-09-28T00:54:54.782Z	spark1	LOAD	19.624	7.140
2026-09-28T00:54:54.825Z	spark2	LOAD	21.227	4.264
2026-09-28T00:54:55.032Z	spark1	LOAD	19.592	7.140
2026-09-28T00:54:55.076Z	spark2	LOAD	21.110	4.264
2026-09-28T00:54:55.283Z	spark1	LOAD	19.608	7.141
2026-09-28T00:54:55.337Z	spark2	LOAD	21.006	4.265
2026-09-28T00:54:55.533Z	spark1	LOAD	19.575	7.141
2026-09-28T00:54:55.587Z	spark2	LOAD	20.887	4.265
2026-09-28T00:54:55.800Z	spark1	LOAD	19.538	7.141
2026-09-28T00:54:55.837Z	spark2	LOAD	20.816	4.265
2026-09-28T00:54:56.051Z	spark1	LOAD	19.502	7.141
2026-09-28T00:54:56.087Z	spark2	LOAD	22.108	4.265
2026-09-28T00:54:56.300Z	spark1	LOAD	19.209	7.141
2026-09-28T00:54:56.347Z	spark2	LOAD	23.464	4.265
2026-09-28T00:54:56.551Z	spark1	LOAD	21.096	7.141
2026-09-28T00:54:56.598Z	spark2	LOAD	23.345	4.265
2026-09-28T00:54:56.818Z	spark1	LOAD	22.699	7.141
2026-09-28T00:54:56.848Z	spark2	LOAD	23.235	4.265
2026-09-28T00:54:57.068Z	spark1	LOAD	22.658	7.141
2026-09-28T00:54:57.098Z	spark2	LOAD	23.137	4.265
2026-09-28T00:54:57.319Z	spark1	LOAD	22.630	7.141
2026-09-28T00:54:57.364Z	spark2	LOAD	23.025	4.265
2026-09-28T00:54:57.569Z	spark1	LOAD	22.598	7.141
2026-09-28T00:54:57.614Z	spark2	LOAD	22.884	4.265
2026-09-28T00:54:57.832Z	spark1	LOAD	22.562	7.141
2026-09-28T00:54:57.865Z	spark2	LOAD	22.774	4.265
2026-09-28T00:54:58.082Z	spark1	LOAD	22.504	7.141
2026-09-28T00:54:58.115Z	spark2	LOAD	22.672	4.265
2026-09-28T00:54:58.332Z	spark1	LOAD	22.470	7.141
2026-09-28T00:54:58.381Z	spark2	LOAD	22.558	4.265
2026-09-28T00:54:58.582Z	spark1	LOAD	22.418	7.141
2026-09-28T00:54:58.631Z	spark2	LOAD	22.431	4.265
2026-09-28T00:54:58.849Z	spark1	LOAD	22.387	7.141
2026-09-28T00:54:58.881Z	spark2	LOAD	22.320	4.265
2026-09-28T00:54:59.100Z	spark1	LOAD	22.355	7.141
2026-09-28T00:54:59.132Z	spark2	LOAD	22.235	4.266
2026-09-28T00:54:59.350Z	spark1	LOAD	22.353	7.141
2026-09-28T00:54:59.397Z	spark2	LOAD	21.696	4.266
2026-09-28T00:54:59.600Z	spark1	LOAD	22.324	7.141
2026-09-28T00:54:59.647Z	spark2	LOAD	21.587	4.266
2026-09-28T00:54:59.862Z	spark1	LOAD	22.291	7.141
2026-09-28T00:54:59.897Z	spark2	LOAD	21.919	4.268
2026-09-28T00:55:00.112Z	spark1	LOAD	22.229	7.140
2026-09-28T00:55:00.147Z	spark2	LOAD	21.797	4.268
2026-09-28T00:55:00.363Z	spark1	LOAD	22.197	7.140
2026-09-28T00:55:00.408Z	spark2	LOAD	21.641	4.268
2026-09-28T00:55:00.613Z	spark1	LOAD	22.156	7.140
2026-09-28T00:55:00.658Z	spark2	LOAD	21.503	4.267
2026-09-28T00:55:00.880Z	spark1	LOAD	22.126	7.140
2026-09-28T00:55:00.909Z	spark2	LOAD	20.988	4.263
2026-09-28T00:55:01.130Z	spark1	LOAD	22.102	7.140
2026-09-28T00:55:01.159Z	spark2	LOAD	20.826	4.263
2026-09-28T00:55:01.381Z	spark1	LOAD	22.053	7.140
2026-09-28T00:55:01.424Z	spark2	LOAD	21.160	4.262
2026-09-28T00:55:01.631Z	spark1	LOAD	22.024	7.140
2026-09-28T00:55:01.674Z	spark2	LOAD	21.046	4.259
2026-09-28T00:55:01.899Z	spark1	LOAD	21.991	7.140
2026-09-28T00:55:01.924Z	spark2	LOAD	20.957	4.256
2026-09-28T00:55:02.149Z	spark1	LOAD	21.956	7.140
2026-09-28T00:55:02.175Z	spark2	LOAD	20.859	4.256
2026-09-28T00:55:02.399Z	spark1	LOAD	21.915	7.140
2026-09-28T00:55:02.440Z	spark2	LOAD	20.742	4.256
2026-09-28T00:55:02.650Z	spark1	LOAD	21.869	7.139
2026-09-28T00:55:02.691Z	spark2	LOAD	21.367	4.256
2026-09-28T00:55:02.918Z	spark1	LOAD	21.840	7.139
2026-09-28T00:55:02.942Z	spark2	LOAD	22.706	4.256
2026-09-28T00:55:03.169Z	spark1	LOAD	21.813	7.139
2026-09-28T00:55:03.192Z	spark2	LOAD	23.297	4.256
2026-09-28T00:55:03.419Z	spark1	LOAD	21.787	7.139
2026-09-28T00:55:03.452Z	spark2	LOAD	23.193	4.256
2026-09-28T00:55:03.669Z	spark1	LOAD	21.788	7.139
2026-09-28T00:55:03.703Z	spark2	LOAD	23.090	4.256
2026-09-28T00:55:03.932Z	spark1	LOAD	21.194	7.139
2026-09-28T00:55:03.953Z	spark2	LOAD	23.012	4.256
2026-09-28T00:55:04.183Z	spark1	LOAD	21.161	7.139
2026-09-28T00:55:04.203Z	spark2	LOAD	22.929	4.256
2026-09-28T00:55:04.433Z	spark1	LOAD	21.129	7.139
2026-09-28T00:55:04.468Z	spark2	LOAD	22.804	4.256
2026-09-28T00:55:04.684Z	spark1	LOAD	21.052	7.139
2026-09-28T00:55:04.718Z	spark2	LOAD	22.675	4.256
2026-09-28T00:55:04.947Z	spark1	LOAD	21.012	7.139
2026-09-28T00:55:04.969Z	spark2	LOAD	22.559	4.256
2026-09-28T00:55:05.197Z	spark1	LOAD	20.980	7.139
2026-09-28T00:55:05.220Z	spark2	LOAD	22.506	4.256
2026-09-28T00:55:05.447Z	spark1	LOAD	20.952	7.139
2026-09-28T00:55:05.484Z	spark2	LOAD	22.434	4.256
2026-09-28T00:55:05.698Z	spark1	LOAD	20.920	7.139
2026-09-28T00:55:05.734Z	spark2	LOAD	22.326	4.256
2026-09-28T00:55:05.964Z	spark1	LOAD	20.882	7.139
2026-09-28T00:55:05.984Z	spark2	LOAD	22.226	4.256
2026-09-28T00:55:06.215Z	spark1	LOAD	20.855	7.139
2026-09-28T00:55:06.235Z	spark2	LOAD	22.132	4.258
2026-09-28T00:55:06.465Z	spark1	LOAD	21.383	7.139
2026-09-28T00:55:06.495Z	spark2	LOAD	22.011	4.260
2026-09-28T00:55:06.716Z	spark1	LOAD	21.322	7.140
2026-09-28T00:55:06.746Z	spark2	LOAD	21.962	4.267
2026-09-28T00:55:06.983Z	spark1	LOAD	20.806	7.140
2026-09-28T00:55:06.996Z	spark2	LOAD	21.846	4.270
2026-09-28T00:55:07.233Z	spark1	LOAD	21.333	7.142
2026-09-28T00:55:07.247Z	spark2	LOAD	21.747	4.271
2026-09-28T00:55:07.483Z	spark1	LOAD	21.298	7.142
2026-09-28T00:55:07.512Z	spark2	LOAD	21.614	4.269
2026-09-28T00:55:07.734Z	spark1	LOAD	20.941	7.140
2026-09-28T00:55:07.762Z	spark2	LOAD	21.515	4.269
2026-09-28T00:55:07.996Z	spark1	LOAD	20.664	7.140
2026-09-28T00:55:08.013Z	spark2	LOAD	21.487	4.269
2026-09-28T00:55:08.246Z	spark1	LOAD	21.168	7.140
2026-09-28T00:55:08.263Z	spark2	LOAD	21.378	4.269
2026-09-28T00:55:08.497Z	spark1	LOAD	21.166	7.140
2026-09-28T00:55:08.528Z	spark2	LOAD	21.280	4.271
2026-09-28T00:55:08.747Z	spark1	LOAD	21.097	7.140
2026-09-28T00:55:08.778Z	spark2	LOAD	21.167	4.271
2026-09-28T00:55:09.010Z	spark1	LOAD	21.090	7.140
2026-09-28T00:55:09.028Z	spark2	LOAD	21.040	4.271
2026-09-28T00:55:09.260Z	spark1	LOAD	21.058	7.140
2026-09-28T00:55:09.278Z	spark2	LOAD	20.939	4.272
2026-09-28T00:55:09.510Z	spark1	LOAD	21.058	7.140
2026-09-28T00:55:09.543Z	spark2	LOAD	21.113	4.272
2026-09-28T00:55:09.761Z	spark1	LOAD	21.024	7.140
2026-09-28T00:55:09.793Z	spark2	LOAD	22.543	4.272
2026-09-28T00:55:10.024Z	spark1	LOAD	20.406	7.140
2026-09-28T00:55:10.044Z	spark2	LOAD	23.264	4.272
2026-09-28T00:55:10.274Z	spark1	LOAD	20.679	7.140
2026-09-28T00:55:10.294Z	spark2	LOAD	23.236	4.272
2026-09-28T00:55:10.524Z	spark1	LOAD	20.341	7.140
2026-09-28T00:55:10.555Z	spark2	LOAD	23.135	4.272
2026-09-28T00:55:10.775Z	spark1	LOAD	20.833	7.140
2026-09-28T00:55:10.805Z	spark2	LOAD	23.050	4.272
2026-09-28T00:55:11.037Z	spark1	LOAD	20.805	7.140
2026-09-28T00:55:11.056Z	spark2	LOAD	22.954	4.272
2026-09-28T00:55:11.287Z	spark1	LOAD	20.781	7.140
2026-09-28T00:55:11.306Z	spark2	LOAD	22.841	4.272
2026-09-28T00:55:11.537Z	spark1	LOAD	20.423	7.140
2026-09-28T00:55:11.570Z	spark2	LOAD	22.757	4.272
2026-09-28T00:55:11.788Z	spark1	LOAD	20.109	7.140
2026-09-28T00:55:11.821Z	spark2	LOAD	22.662	4.272
2026-09-28T00:55:12.055Z	spark1	LOAD	20.063	7.140
2026-09-28T00:55:12.071Z	spark2	LOAD	22.527	4.268
2026-09-28T00:55:12.305Z	spark1	LOAD	20.031	7.140
2026-09-28T00:55:12.322Z	spark2	LOAD	22.411	4.265
2026-09-28T00:55:12.556Z	spark1	LOAD	20.002	7.140
2026-09-28T00:55:12.586Z	spark2	LOAD	22.417	4.265
2026-09-28T00:55:12.806Z	spark1	LOAD	19.954	7.139
2026-09-28T00:55:12.837Z	spark2	LOAD	22.337	4.262
2026-09-28T00:55:13.073Z	spark1	LOAD	19.918	7.139
2026-09-28T00:55:13.087Z	spark2	LOAD	22.257	4.260
2026-09-28T00:55:13.323Z	spark1	LOAD	20.523	7.139
2026-09-28T00:55:13.337Z	spark2	LOAD	22.156	4.260
2026-09-28T00:55:13.574Z	spark1	LOAD	20.498	7.139
2026-09-28T00:55:13.602Z	spark2	LOAD	21.600	4.260
2026-09-28T00:55:13.824Z	spark1	LOAD	20.464	7.139
2026-09-28T00:55:13.853Z	spark2	LOAD	21.469	4.261
2026-09-28T00:55:14.092Z	spark1	LOAD	20.427	7.139
2026-09-28T00:55:14.102Z	spark2	LOAD	21.804	4.262
2026-09-28T00:55:14.343Z	spark1	LOAD	20.389	7.139
2026-09-28T00:55:14.354Z	spark2	LOAD	21.255	4.262
2026-09-28T00:55:14.593Z	spark1	LOAD	19.796	7.140
2026-09-28T00:55:14.613Z	spark2	LOAD	21.566	4.263
2026-09-28T00:55:14.843Z	spark1	LOAD	20.281	7.139
2026-09-28T00:55:14.863Z	spark2	LOAD	21.446	4.264
2026-09-28T00:55:15.112Z	spark1	LOAD	20.267	7.140
2026-09-28T00:55:15.114Z	spark2	LOAD	21.371	4.266
2026-09-28T00:55:15.363Z	spark1	LOAD	20.236	7.140
2026-09-28T00:55:15.364Z	spark2	LOAD	21.243	4.266
2026-09-28T00:55:15.613Z	spark1	LOAD	20.198	7.140
2026-09-28T00:55:15.628Z	spark2	LOAD	21.116	4.267
2026-09-28T00:55:15.864Z	spark1	LOAD	20.174	7.140
2026-09-28T00:55:15.879Z	spark2	LOAD	21.013	4.271
2026-09-28T00:55:16.129Z	spark2	LOAD	20.889	4.271
2026-09-28T00:55:16.131Z	spark1	LOAD	20.139	7.139
2026-09-28T00:55:16.380Z	spark2	LOAD	22.519	4.271
2026-09-28T00:55:16.381Z	spark1	LOAD	20.111	7.139
2026-09-28T00:55:16.631Z	spark1	LOAD	20.072	7.140
2026-09-28T00:55:16.640Z	spark2	LOAD	23.355	4.271
2026-09-28T00:55:16.882Z	spark1	LOAD	20.007	7.140
2026-09-28T00:55:16.891Z	spark2	LOAD	23.287	4.271
2026-09-28T00:55:17.141Z	spark2	LOAD	23.220	4.271
2026-09-28T00:55:17.144Z	spark1	LOAD	19.978	7.140
2026-09-28T00:55:17.392Z	spark2	LOAD	23.134	4.271
2026-09-28T00:55:17.395Z	spark1	LOAD	19.426	7.140
2026-09-28T00:55:17.645Z	spark1	LOAD	19.390	7.140
2026-09-28T00:55:17.656Z	spark2	LOAD	23.032	4.271
2026-09-28T00:55:17.895Z	spark1	LOAD	19.357	7.140
2026-09-28T00:55:17.906Z	spark2	LOAD	22.933	4.271
2026-09-28T00:55:18.156Z	spark2	LOAD	22.825	4.271
2026-09-28T00:55:18.162Z	spark1	LOAD	19.885	7.143
2026-09-28T00:55:18.407Z	spark2	LOAD	22.731	4.271
2026-09-28T00:55:18.412Z	spark1	LOAD	19.851	7.143
2026-09-28T00:55:18.663Z	spark1	LOAD	19.811	7.143
2026-09-28T00:55:18.671Z	spark2	LOAD	22.573	4.271
2026-09-28T00:55:18.913Z	spark1	LOAD	19.747	7.143
2026-09-28T00:55:18.921Z	spark2	LOAD	22.468	4.271
2026-09-28T00:55:19.172Z	spark2	LOAD	22.357	4.271
2026-09-28T00:55:19.174Z	spark1	LOAD	19.749	7.143
2026-09-28T00:55:19.422Z	spark2	LOAD	22.406	4.271
2026-09-28T00:55:19.425Z	spark1	LOAD	19.712	7.144
2026-09-28T00:55:19.675Z	spark1	LOAD	19.405	7.144
2026-09-28T00:55:19.688Z	spark2	LOAD	22.314	4.272
2026-09-28T00:55:19.925Z	spark1	LOAD	19.666	7.145
2026-09-28T00:55:19.938Z	spark2	LOAD	21.728	4.272
2026-09-28T00:55:20.188Z	spark2	LOAD	22.078	4.273
2026-09-28T00:55:20.192Z	spark1	LOAD	19.630	7.145
2026-09-28T00:55:20.439Z	spark2	LOAD	21.989	4.275
2026-09-28T00:55:20.443Z	spark1	LOAD	20.069	7.145
2026-09-28T00:55:20.694Z	spark1	LOAD	22.352	7.145
2026-09-28T00:55:20.699Z	spark2	LOAD	21.822	4.275
2026-09-28T00:55:20.944Z	spark1	LOAD	22.738	7.145
2026-09-28T00:55:20.949Z	spark2	LOAD	21.804	4.276
2026-09-28T00:55:21.200Z	spark2	LOAD	21.244	4.276
2026-09-28T00:55:21.212Z	spark1	LOAD	22.680	7.145
2026-09-28T00:55:21.450Z	spark2	LOAD	21.444	4.277
2026-09-28T00:55:21.462Z	spark1	LOAD	22.657	7.145
2026-09-28T00:55:21.711Z	spark2	LOAD	21.427	4.279
2026-09-28T00:55:21.712Z	spark1	LOAD	22.627	7.145
2026-09-28T00:55:21.962Z	spark2	LOAD	21.336	4.280
2026-09-28T00:55:21.963Z	spark1	LOAD	22.596	7.145
2026-09-28T00:55:22.212Z	spark2	LOAD	21.256	4.280
2026-09-28T00:55:22.226Z	spark1	LOAD	22.557	7.145
2026-09-28T00:55:22.462Z	spark2	LOAD	21.095	4.280
2026-09-28T00:55:22.476Z	spark1	LOAD	22.530	7.145
2026-09-28T00:55:22.722Z	spark2	LOAD	20.548	4.280
2026-09-28T00:55:22.726Z	spark1	LOAD	22.453	7.145
2026-09-28T00:55:22.972Z	spark2	LOAD	20.411	4.280
2026-09-28T00:55:22.976Z	spark1	LOAD	22.419	7.145
2026-09-28T00:55:23.223Z	spark2	LOAD	20.276	4.277
2026-09-28T00:55:23.238Z	spark1	LOAD	22.371	7.145
2026-09-28T00:55:23.473Z	spark2	LOAD	21.996	4.274
2026-09-28T00:55:23.488Z	spark1	LOAD	22.343	7.145
2026-09-28T00:55:23.734Z	spark2	LOAD	23.414	4.273
2026-09-28T00:55:23.738Z	spark1	LOAD	22.294	7.145
2026-09-28T00:55:23.984Z	spark2	LOAD	23.340	4.269
2026-09-28T00:55:23.989Z	spark1	LOAD	22.270	7.145
2026-09-28T00:55:24.234Z	spark2	LOAD	23.268	4.266
2026-09-28T00:55:24.252Z	spark1	LOAD	22.241	7.144
2026-09-28T00:55:24.485Z	spark2	LOAD	23.190	4.262
2026-09-28T00:55:24.503Z	spark1	LOAD	22.179	7.144
2026-09-28T00:55:24.749Z	spark2	LOAD	23.108	4.261
2026-09-28T00:55:24.753Z	spark1	LOAD	22.152	7.144
2026-09-28T00:55:25.000Z	spark2	LOAD	22.990	4.261
2026-09-28T00:55:25.004Z	spark1	LOAD	22.121	7.144
2026-09-28T00:55:25.250Z	spark2	LOAD	22.896	4.261
2026-09-28T00:55:25.270Z	spark1	LOAD	22.062	7.144
2026-09-28T00:55:25.500Z	spark2	LOAD	22.788	4.261
2026-09-28T00:55:25.521Z	spark1	LOAD	22.028	7.144
2026-09-28T00:55:25.760Z	spark2	LOAD	22.687	4.261
2026-09-28T00:55:25.771Z	spark1	LOAD	21.995	7.144
2026-09-28T00:55:26.010Z	spark2	LOAD	22.596	4.261
2026-09-28T00:55:26.021Z	spark1	LOAD	21.968	7.144
2026-09-28T00:55:26.261Z	spark2	LOAD	22.478	4.261
2026-09-28T00:55:26.289Z	spark1	LOAD	21.928	7.144
2026-09-28T00:55:26.511Z	spark2	LOAD	22.112	4.261
2026-09-28T00:55:26.539Z	spark1	LOAD	21.901	7.144
2026-09-28T00:55:26.777Z	spark2	LOAD	21.860	4.261
2026-09-28T00:55:26.789Z	spark1	LOAD	21.867	7.144
2026-09-28T00:55:27.026Z	spark2	LOAD	22.257	4.261
2026-09-28T00:55:27.039Z	spark1	LOAD	21.829	7.144
2026-09-28T00:55:27.277Z	spark2	LOAD	22.165	4.261
2026-09-28T00:55:27.309Z	spark1	LOAD	21.781	7.144
2026-09-28T00:55:27.528Z	spark2	LOAD	22.076	4.261
2026-09-28T00:55:27.559Z	spark1	LOAD	21.755	7.144
2026-09-28T00:55:27.788Z	spark2	LOAD	21.519	4.261
2026-09-28T00:55:27.810Z	spark1	LOAD	21.729	7.144
2026-09-28T00:55:28.038Z	spark2	LOAD	21.854	4.261
2026-09-28T00:55:28.060Z	spark1	LOAD	21.690	7.144
2026-09-28T00:55:28.288Z	spark2	LOAD	21.773	4.261
2026-09-28T00:55:28.322Z	spark1	LOAD	21.732	7.144
2026-09-28T00:55:28.538Z	spark2	LOAD	21.675	4.261
2026-09-28T00:55:28.573Z	spark1	LOAD	21.114	7.144
2026-09-28T00:55:28.803Z	spark2	LOAD	21.581	4.261
2026-09-28T00:55:28.823Z	spark1	LOAD	21.087	7.144
2026-09-28T00:55:29.053Z	spark2	LOAD	21.460	4.261
2026-09-28T00:55:29.074Z	spark1	LOAD	21.060	7.144
2026-09-28T00:55:29.304Z	spark2	LOAD	21.390	4.261
2026-09-28T00:55:29.337Z	spark1	LOAD	20.991	7.144
2026-09-28T00:55:29.554Z	spark2	LOAD	21.289	4.261
2026-09-28T00:55:29.587Z	spark1	LOAD	20.955	7.144
2026-09-28T00:55:29.818Z	spark2	LOAD	21.194	4.261
2026-09-28T00:55:29.837Z	spark1	LOAD	20.917	7.144
2026-09-28T00:55:30.068Z	spark2	LOAD	21.108	4.261
2026-09-28T00:55:30.088Z	spark1	LOAD	20.884	7.144
2026-09-28T00:55:30.319Z	spark2	LOAD	21.027	4.261
2026-09-28T00:55:30.355Z	spark1	LOAD	20.849	7.144
2026-09-28T00:55:30.570Z	spark2	LOAD	22.035	4.261
2026-09-28T00:55:30.606Z	spark1	LOAD	21.429	7.149
2026-09-28T00:55:30.831Z	spark2	LOAD	23.465	4.261
2026-09-28T00:55:30.856Z	spark1	LOAD	21.400	7.149
2026-09-28T00:55:31.081Z	spark2	LOAD	23.373	4.261
2026-09-28T00:55:31.106Z	spark1	LOAD	21.099	7.149
2026-09-28T00:55:31.331Z	spark2	LOAD	23.282	4.261
2026-09-28T00:55:31.373Z	spark1	LOAD	20.744	7.149
2026-09-28T00:55:31.581Z	spark2	LOAD	23.185	4.261
2026-09-28T00:55:31.624Z	spark1	LOAD	20.739	7.149
2026-09-28T00:55:31.842Z	spark2	LOAD	23.065	4.261
2026-09-28T00:55:31.874Z	spark1	LOAD	21.265	7.154
2026-09-28T00:55:32.092Z	spark2	LOAD	22.951	4.261
2026-09-28T00:55:32.124Z	spark1	LOAD	21.237	7.158
2026-09-28T00:55:32.343Z	spark2	LOAD	22.821	4.261
2026-09-28T00:55:32.386Z	spark1	LOAD	21.206	7.160
2026-09-28T00:55:32.593Z	spark2	LOAD	22.741	4.261
2026-09-28T00:55:32.636Z	spark1	LOAD	21.178	7.160
2026-09-28T00:55:32.858Z	spark2	LOAD	22.620	4.261
2026-09-28T00:55:32.887Z	spark1	LOAD	21.160	7.167
2026-09-28T00:55:33.107Z	spark2	LOAD	22.513	4.261
2026-09-28T00:55:33.137Z	spark1	LOAD	21.124	7.168
2026-09-28T00:55:33.358Z	spark2	LOAD	22.418	4.261
2026-09-28T00:55:33.400Z	spark1	LOAD	20.742	7.172
2026-09-28T00:55:33.608Z	spark2	LOAD	22.326	4.261
2026-09-28T00:55:33.651Z	spark1	LOAD	20.478	7.172
2026-09-28T00:55:33.867Z	spark2	LOAD	22.229	4.261
2026-09-28T00:55:33.901Z	spark1	LOAD	20.414	7.171
2026-09-28T00:55:34.118Z	spark2	LOAD	22.115	4.261
2026-09-28T00:55:34.151Z	spark1	LOAD	20.379	7.171
2026-09-28T00:55:34.368Z	spark2	LOAD	21.961	4.258
2026-09-28T00:55:34.415Z	spark1	LOAD	20.344	7.171
2026-09-28T00:55:34.618Z	spark2	LOAD	21.788	4.255
2026-09-28T00:55:34.665Z	spark1	LOAD	20.313	7.171
2026-09-28T00:55:34.878Z	spark2	LOAD	21.724	4.253
2026-09-28T00:55:34.915Z	spark1	LOAD	20.263	7.171
2026-09-28T00:55:35.128Z	spark2	LOAD	21.615	4.251
2026-09-28T00:55:35.166Z	spark1	LOAD	20.231	7.171
2026-09-28T00:55:35.379Z	spark2	LOAD	21.580	4.251
2026-09-28T00:55:35.432Z	spark1	LOAD	20.169	7.171
2026-09-28T00:55:35.630Z	spark2	LOAD	21.473	4.251
2026-09-28T00:55:35.682Z	spark1	LOAD	20.139	7.171
2026-09-28T00:55:35.889Z	spark2	LOAD	20.933	4.252
2026-09-28T00:55:35.933Z	spark1	LOAD	20.106	7.171
2026-09-28T00:55:36.140Z	spark2	LOAD	21.267	4.254
2026-09-28T00:55:36.184Z	spark1	LOAD	20.068	7.171
2026-09-28T00:55:36.391Z	spark2	LOAD	21.159	4.254
2026-09-28T00:55:36.445Z	spark1	LOAD	20.038	7.171
2026-09-28T00:55:36.640Z	spark2	LOAD	21.024	4.257
2026-09-28T00:55:36.696Z	spark1	LOAD	20.010	7.171
2026-09-28T00:55:36.905Z	spark2	LOAD	20.514	4.258
2026-09-28T00:55:36.946Z	spark1	LOAD	19.976	7.171
2026-09-28T00:55:37.156Z	spark2	LOAD	21.048	4.258
2026-09-28T00:55:37.196Z	spark1	LOAD	19.935	7.171
2026-09-28T00:55:37.407Z	spark2	LOAD	22.486	4.258
2026-09-28T00:55:37.464Z	spark1	LOAD	19.890	7.171
2026-09-28T00:55:37.657Z	spark2	LOAD	23.502	4.258
2026-09-28T00:55:37.714Z	spark1	LOAD	20.491	7.174
2026-09-28T00:55:37.918Z	spark2	LOAD	23.435	4.258
2026-09-28T00:55:37.964Z	spark1	LOAD	20.316	7.174
2026-09-28T00:55:38.168Z	spark2	LOAD	23.335	4.258
2026-09-28T00:55:38.215Z	spark1	LOAD	19.890	7.174
2026-09-28T00:55:38.418Z	spark2	LOAD	23.274	4.258
2026-09-28T00:55:38.482Z	spark1	LOAD	19.835	7.174
2026-09-28T00:55:38.669Z	spark2	LOAD	23.196	4.258
2026-09-28T00:55:38.732Z	spark1	LOAD	20.361	7.175
2026-09-28T00:55:38.930Z	spark2	LOAD	23.083	4.258
2026-09-28T00:55:38.983Z	spark1	LOAD	20.329	7.175
2026-09-28T00:55:39.180Z	spark2	LOAD	22.995	4.258
2026-09-28T00:55:39.233Z	spark1	LOAD	20.297	7.175
2026-09-28T00:55:39.430Z	spark2	LOAD	22.897	4.258
2026-09-28T00:55:39.495Z	spark1	LOAD	20.242	7.178
2026-09-28T00:55:39.680Z	spark2	LOAD	22.799	4.258
2026-09-28T00:55:39.746Z	spark1	LOAD	20.247	7.178
2026-09-28T00:55:39.941Z	spark2	LOAD	22.695	4.258
2026-09-28T00:55:39.996Z	spark1	LOAD	20.211	7.178
2026-09-28T00:55:40.191Z	spark2	LOAD	22.589	4.258
2026-09-28T00:55:40.247Z	spark1	LOAD	20.175	7.178
2026-09-28T00:55:40.441Z	spark2	LOAD	22.548	4.260
2026-09-28T00:55:40.509Z	spark1	LOAD	19.616	7.178
2026-09-28T00:55:40.691Z	spark2	LOAD	22.455	4.260
2026-09-28T00:55:40.759Z	spark1	LOAD	19.540	7.178
2026-09-28T00:55:40.951Z	spark2	LOAD	22.357	4.260
2026-09-28T00:55:41.009Z	spark1	LOAD	20.077	7.178
2026-09-28T00:55:41.201Z	spark2	LOAD	22.285	4.260
2026-09-28T00:55:41.260Z	spark1	LOAD	20.045	7.178
2026-09-28T00:55:41.452Z	spark2	LOAD	22.197	4.262
2026-09-28T00:55:41.527Z	spark1	LOAD	19.596	7.178
2026-09-28T00:55:41.702Z	spark2	LOAD	22.102	4.262
2026-09-28T00:55:41.777Z	spark1	LOAD	19.424	7.178
2026-09-28T00:55:41.966Z	spark2	LOAD	21.979	4.263
2026-09-28T00:55:42.028Z	spark1	LOAD	19.388	7.178
2026-09-28T00:55:42.216Z	spark2	LOAD	21.897	4.264
2026-09-28T00:55:42.278Z	spark1	LOAD	19.924	7.179
2026-09-28T00:55:42.467Z	spark2	LOAD	21.804	4.265
2026-09-28T00:55:42.539Z	spark1	LOAD	19.860	7.179
2026-09-28T00:55:42.717Z	spark2	LOAD	21.712	4.265
2026-09-28T00:55:42.790Z	spark1	LOAD	19.389	7.179
2026-09-28T00:55:42.982Z	spark2	LOAD	21.603	4.265
2026-09-28T00:55:43.041Z	spark1	LOAD	19.254	7.179
2026-09-28T00:55:43.232Z	spark2	LOAD	21.047	4.265
2026-09-28T00:55:43.291Z	spark1	LOAD	19.218	7.179
2026-09-28T00:55:43.483Z	spark2	LOAD	21.399	4.267
2026-09-28T00:55:43.557Z	spark1	LOAD	19.147	7.179
2026-09-28T00:55:43.733Z	spark2	LOAD	20.875	4.267
2026-09-28T00:55:43.808Z	spark1	LOAD	19.711	7.179
2026-09-28T00:55:43.998Z	spark2	LOAD	20.760	4.268
2026-09-28T00:55:44.058Z	spark1	LOAD	19.678	7.179
2026-09-28T00:55:44.248Z	spark2	LOAD	20.669	4.268
2026-09-28T00:55:44.309Z	spark1	LOAD	19.661	7.180
2026-09-28T00:55:44.499Z	spark2	LOAD	21.206	4.267
2026-09-28T00:55:44.571Z	spark1	LOAD	19.619	7.180
2026-09-28T00:55:44.749Z	spark2	LOAD	22.336	4.267
2026-09-28T00:55:44.821Z	spark1	LOAD	19.587	7.180
2026-09-28T00:55:45.014Z	spark2	LOAD	22.287	4.267
2026-09-28T00:55:45.072Z	spark1	LOAD	19.515	7.180
2026-09-28T00:55:45.265Z	spark2	LOAD	22.176	4.267
2026-09-28T00:55:45.322Z	spark1	LOAD	19.901	7.180
2026-09-28T00:55:45.515Z	spark2	LOAD	22.050	4.264
2026-09-28T00:55:45.589Z	spark1	LOAD	21.476	7.180
2026-09-28T00:55:45.766Z	spark2	LOAD	22.657	4.261
2026-09-28T00:55:45.840Z	spark1	LOAD	22.699	7.180
2026-09-28T00:55:46.031Z	spark2	LOAD	22.978	4.263
2026-09-28T00:55:46.090Z	spark1	LOAD	22.642	7.180
2026-09-28T00:55:46.281Z	spark2	LOAD	22.885	4.261
2026-09-28T00:55:46.340Z	spark1	LOAD	22.624	7.179
2026-09-28T00:55:46.531Z	spark2	LOAD	22.771	4.260
2026-09-28T00:55:46.607Z	spark1	LOAD	22.596	7.179
2026-09-28T00:55:46.782Z	spark2	LOAD	22.676	4.260
2026-09-28T00:55:46.857Z	spark1	LOAD	22.566	7.179
2026-09-28T00:55:47.046Z	spark2	LOAD	22.539	4.260
2026-09-28T00:55:47.107Z	spark1	LOAD	22.534	7.179
2026-09-28T00:55:47.297Z	spark2	LOAD	22.420	4.260
2026-09-28T00:55:47.358Z	spark1	LOAD	22.502	7.179
2026-09-28T00:55:47.547Z	spark2	LOAD	22.280	4.260
2026-09-28T00:55:47.624Z	spark1	LOAD	22.475	7.179
2026-09-28T00:55:47.797Z	spark2	LOAD	22.171	4.260
2026-09-28T00:55:47.875Z	spark1	LOAD	22.429	7.179
2026-09-28T00:55:48.062Z	spark2	LOAD	22.077	4.260
2026-09-28T00:55:48.125Z	spark1	LOAD	22.392	7.179
2026-09-28T00:55:48.312Z	spark2	LOAD	21.981	4.261
2026-09-28T00:55:48.376Z	spark1	LOAD	22.359	7.179
2026-09-28T00:55:48.563Z	spark2	LOAD	21.860	4.264
2026-09-28T00:55:48.642Z	spark1	LOAD	22.325	7.179
2026-09-28T00:55:48.813Z	spark2	LOAD	21.737	4.266
2026-09-28T00:55:48.892Z	spark1	LOAD	22.306	7.179
2026-09-28T00:55:49.078Z	spark2	LOAD	21.622	4.267
2026-09-28T00:55:49.142Z	spark1	LOAD	22.276	7.179
2026-09-28T00:55:49.328Z	spark2	LOAD	21.523	4.267
2026-09-28T00:55:49.392Z	spark1	LOAD	22.247	7.179
2026-09-28T00:55:49.578Z	spark2	LOAD	21.413	4.267
2026-09-28T00:55:49.655Z	spark1	LOAD	22.217	7.179
2026-09-28T00:55:49.829Z	spark2	LOAD	21.298	4.267
2026-09-28T00:55:49.906Z	spark1	LOAD	22.156	7.179
2026-09-28T00:55:50.090Z	spark2	LOAD	21.144	4.267
2026-09-28T00:55:50.156Z	spark1	LOAD	22.128	7.179
2026-09-28T00:55:50.340Z	spark2	LOAD	21.019	4.267
2026-09-28T00:55:50.406Z	spark1	LOAD	22.102	7.179
2026-09-28T00:55:50.590Z	spark2	LOAD	20.900	4.268
2026-09-28T00:55:50.672Z	spark1	LOAD	22.071	7.179
2026-09-28T00:55:50.840Z	spark2	LOAD	21.042	4.269
2026-09-28T00:55:50.923Z	spark1	LOAD	22.041	7.179
2026-09-28T00:55:51.101Z	spark2	LOAD	22.479	4.269
2026-09-28T00:55:51.173Z	spark1	LOAD	22.017	7.179
2026-09-28T00:55:51.351Z	spark2	LOAD	23.486	4.269
2026-09-28T00:55:51.424Z	spark1	LOAD	21.993	7.179
2026-09-28T00:55:51.602Z	spark2	LOAD	23.406	4.269
2026-09-28T00:55:51.690Z	spark1	LOAD	21.962	7.179
2026-09-28T00:55:51.852Z	spark2	LOAD	23.304	4.274
2026-09-28T00:55:51.940Z	spark1	LOAD	21.906	7.179
2026-09-28T00:55:52.113Z	spark2	LOAD	23.178	4.275
2026-09-28T00:55:52.191Z	spark1	LOAD	21.868	7.179
2026-09-28T00:55:52.364Z	spark2	LOAD	23.070	4.276
2026-09-28T00:55:52.441Z	spark1	LOAD	21.841	7.179
2026-09-28T00:55:52.614Z	spark2	LOAD	22.975	4.276
2026-09-28T00:55:52.710Z	spark1	LOAD	21.810	7.179
2026-09-28T00:55:52.865Z	spark2	LOAD	22.868	4.276
2026-09-28T00:55:52.960Z	spark1	LOAD	21.782	7.179
2026-09-28T00:55:53.126Z	spark2	LOAD	22.736	4.276
2026-09-28T00:55:53.211Z	spark1	LOAD	21.752	7.179
2026-09-28T00:55:53.376Z	spark2	LOAD	22.627	4.276
2026-09-28T00:55:53.462Z	spark1	LOAD	21.723	7.179
2026-09-28T00:55:53.626Z	spark2	LOAD	22.513	4.276
2026-09-28T00:55:53.728Z	spark1	LOAD	21.691	7.179
2026-09-28T00:55:53.876Z	spark2	LOAD	22.412	4.276
2026-09-28T00:55:53.978Z	spark1	LOAD	21.644	7.179
2026-09-28T00:55:54.141Z	spark2	LOAD	22.300	4.277
2026-09-28T00:55:54.229Z	spark1	LOAD	21.621	7.179
2026-09-28T00:55:54.391Z	spark2	LOAD	22.171	4.277
2026-09-28T00:55:54.479Z	spark1	LOAD	21.597	7.179
2026-09-28T00:55:54.641Z	spark2	LOAD	22.078	4.277
2026-09-28T00:55:54.746Z	spark1	LOAD	21.055	7.179
2026-09-28T00:55:54.892Z	spark2	LOAD	21.981	4.277
2026-09-28T00:55:54.996Z	spark1	LOAD	21.027	7.179
2026-09-28T00:55:55.156Z	spark2	LOAD	21.862	4.278
2026-09-28T00:55:55.247Z	spark1	LOAD	20.995	7.179
2026-09-28T00:55:55.407Z	spark2	LOAD	21.748	4.278
2026-09-28T00:55:55.497Z	spark1	LOAD	20.964	7.179
2026-09-28T00:55:55.656Z	spark2	LOAD	21.636	4.278
2026-09-28T00:55:55.764Z	spark1	LOAD	20.926	7.179
2026-09-28T00:55:55.907Z	spark2	LOAD	21.508	4.278
2026-09-28T00:55:56.014Z	spark1	LOAD	20.848	7.179
2026-09-28T00:55:56.171Z	spark2	LOAD	21.389	4.279
2026-09-28T00:55:56.264Z	spark1	LOAD	20.725	7.179
2026-09-28T00:55:56.421Z	spark2	LOAD	21.283	4.278
2026-09-28T00:55:56.515Z	spark1	LOAD	20.680	7.179
2026-09-28T00:55:56.672Z	spark2	LOAD	21.156	4.275
2026-09-28T00:55:56.783Z	spark1	LOAD	20.638	7.179
2026-09-28T00:55:56.922Z	spark2	LOAD	21.002	4.273
2026-09-28T00:55:57.034Z	spark1	LOAD	21.303	7.179
2026-09-28T00:55:57.182Z	spark2	LOAD	20.878	4.273
2026-09-28T00:55:57.284Z	spark1	LOAD	21.232	7.179
2026-09-28T00:55:57.433Z	spark2	LOAD	20.756	4.271
2026-09-28T00:55:57.535Z	spark1	LOAD	21.205	7.179
2026-09-28T00:55:57.683Z	spark2	LOAD	21.646	4.269
2026-09-28T00:55:57.803Z	spark1	LOAD	21.171	7.179
2026-09-28T00:55:57.934Z	spark2	LOAD	23.032	4.269
2026-09-28T00:55:58.053Z	spark1	LOAD	21.109	7.179
2026-09-28T00:55:58.194Z	spark2	LOAD	23.005	4.269
2026-09-28T00:55:58.304Z	spark1	LOAD	21.064	7.179
2026-09-28T00:55:58.445Z	spark2	LOAD	23.347	4.271
2026-09-28T00:55:58.554Z	spark1	LOAD	21.035	7.179
2026-09-28T00:55:58.695Z	spark2	LOAD	23.243	4.271
2026-09-28T00:55:58.821Z	spark1	LOAD	21.001	7.179
2026-09-28T00:55:58.945Z	spark2	LOAD	23.161	4.272
2026-09-28T00:55:59.071Z	spark1	LOAD	20.975	7.179
2026-09-28T00:55:59.206Z	spark2	LOAD	23.060	4.272
2026-09-28T00:55:59.321Z	spark1	LOAD	20.948	7.179
2026-09-28T00:55:59.456Z	spark2	LOAD	23.008	4.273
2026-09-28T00:55:59.572Z	spark1	LOAD	20.921	7.179
2026-09-28T00:55:59.706Z	spark2	LOAD	22.904	4.273
2026-09-28T00:55:59.839Z	spark1	LOAD	20.887	7.179
2026-09-28T00:55:59.956Z	spark2	LOAD	22.800	4.274
2026-09-28T00:56:00.089Z	spark1	LOAD	20.838	7.179
2026-09-28T00:56:00.217Z	spark2	LOAD	22.692	4.274
2026-09-28T00:56:00.339Z	spark1	LOAD	20.805	7.179
2026-09-28T00:56:00.467Z	spark2	LOAD	22.555	4.275
2026-09-28T00:56:00.589Z	spark1	LOAD	20.786	7.181
2026-09-28T00:56:00.717Z	spark2	LOAD	22.457	4.276
2026-09-28T00:56:00.852Z	spark1	LOAD	20.750	7.181
2026-09-28T00:56:00.967Z	spark2	LOAD	22.353	4.276
2026-09-28T00:56:01.102Z	spark1	LOAD	20.718	7.181
2026-09-28T00:56:01.232Z	spark2	LOAD	22.227	4.276
2026-09-28T00:56:01.352Z	spark1	LOAD	20.690	7.181
2026-09-28T00:56:01.482Z	spark2	LOAD	22.115	4.276
2026-09-28T00:56:01.602Z	spark1	LOAD	20.674	7.184
2026-09-28T00:56:01.732Z	spark2	LOAD	22.019	4.276
2026-09-28T00:56:01.869Z	spark1	LOAD	20.641	7.184
2026-09-28T00:56:01.983Z	spark2	LOAD	21.934	4.276
2026-09-28T00:56:02.119Z	spark1	LOAD	20.570	7.184
2026-09-28T00:56:02.247Z	spark2	LOAD	21.853	4.276
2026-09-28T00:56:02.369Z	spark1	LOAD	20.575	7.186
2026-09-28T00:56:02.497Z	spark2	LOAD	21.742	4.276
2026-09-28T00:56:02.620Z	spark1	LOAD	20.543	7.187
2026-09-28T00:56:02.748Z	spark2	LOAD	21.469	4.276
2026-09-28T00:56:02.890Z	spark1	LOAD	20.534	7.187
2026-09-28T00:56:02.998Z	spark2	LOAD	21.448	4.277
2026-09-28T00:56:03.140Z	spark1	LOAD	20.526	7.187
2026-09-28T00:56:03.258Z	spark2	LOAD	21.359	4.277
2026-09-28T00:56:03.390Z	spark1	LOAD	20.488	7.187
2026-09-28T00:56:03.509Z	spark2	LOAD	20.797	4.277
2026-09-28T00:56:03.641Z	spark1	LOAD	20.456	7.187
2026-09-28T00:56:03.760Z	spark2	LOAD	21.147	4.277
2026-09-28T00:56:03.902Z	spark1	LOAD	20.423	7.187
2026-09-28T00:56:04.010Z	spark2	LOAD	20.743	4.277
2026-09-28T00:56:04.153Z	spark1	LOAD	19.808	7.187
2026-09-28T00:56:04.270Z	spark2	LOAD	20.936	4.277
2026-09-28T00:56:04.403Z	spark1	LOAD	19.780	7.187
2026-09-28T00:56:04.520Z	spark2	LOAD	21.460	4.277
2026-09-28T00:56:04.653Z	spark1	LOAD	19.742	7.187
2026-09-28T00:56:04.771Z	spark2	LOAD	22.883	4.277
2026-09-28T00:56:04.916Z	spark1	LOAD	19.704	7.187
2026-09-28T00:56:05.021Z	spark2	LOAD	23.005	4.277
2026-09-28T00:56:05.166Z	spark1	LOAD	20.272	7.187
2026-09-28T00:56:05.282Z	spark2	LOAD	23.380	4.277
2026-09-28T00:56:05.416Z	spark1	LOAD	20.231	7.187
2026-09-28T00:56:05.532Z	spark2	LOAD	23.287	4.277
2026-09-28T00:56:05.667Z	spark1	LOAD	20.199	7.187
2026-09-28T00:56:05.782Z	spark2	LOAD	23.179	4.277
2026-09-28T00:56:05.933Z	spark1	LOAD	20.165	7.187
2026-09-28T00:56:06.032Z	spark2	LOAD	23.084	4.277
2026-09-28T00:56:06.184Z	spark1	LOAD	20.124	7.187
2026-09-28T00:56:06.291Z	spark2	LOAD	22.972	4.277
2026-09-28T00:56:06.434Z	spark1	LOAD	20.053	7.187
2026-09-28T00:56:06.543Z	spark2	LOAD	22.869	4.277
2026-09-28T00:56:06.685Z	spark1	LOAD	20.061	7.187
2026-09-28T00:56:06.792Z	spark2	LOAD	22.762	4.277
2026-09-28T00:56:06.952Z	spark1	LOAD	20.024	7.187
2026-09-28T00:56:07.043Z	spark2	LOAD	22.661	4.277
2026-09-28T00:56:07.202Z	spark1	LOAD	19.938	7.187
2026-09-28T00:56:07.307Z	spark2	LOAD	22.544	4.277
2026-09-28T00:56:07.452Z	spark1	LOAD	19.325	7.186
2026-09-28T00:56:07.557Z	spark2	LOAD	22.435	4.277
2026-09-28T00:56:07.703Z	spark1	LOAD	19.908	7.186
2026-09-28T00:56:07.807Z	spark2	LOAD	22.266	4.274
2026-09-28T00:56:07.964Z	spark1	LOAD	19.883	7.186
2026-09-28T00:56:08.057Z	spark2	LOAD	22.111	4.271
2026-09-28T00:56:08.215Z	spark1	LOAD	19.788	7.186
2026-09-28T00:56:08.322Z	spark2	LOAD	21.962	4.270
2026-09-28T00:56:08.465Z	spark1	LOAD	19.734	7.186
2026-09-28T00:56:08.572Z	spark2	LOAD	21.840	4.270
2026-09-28T00:56:08.716Z	spark1	LOAD	19.677	7.186
2026-09-28T00:56:08.823Z	spark2	LOAD	21.762	4.267
2026-09-28T00:56:08.978Z	spark1	LOAD	19.627	7.186
2026-09-28T00:56:09.073Z	spark2	LOAD	21.648	4.265
2026-09-28T00:56:09.228Z	spark1	LOAD	19.584	7.186
2026-09-28T00:56:09.338Z	spark2	LOAD	21.518	4.265
2026-09-28T00:56:09.479Z	spark1	LOAD	19.200	7.186
2026-09-28T00:56:09.588Z	spark2	LOAD	21.418	4.265
2026-09-28T00:56:09.729Z	spark1	LOAD	19.160	7.186
2026-09-28T00:56:09.839Z	spark2	LOAD	21.324	4.265
2026-09-28T00:56:09.991Z	spark1	LOAD	18.931	7.186
2026-09-28T00:56:10.089Z	spark2	LOAD	21.220	4.265
2026-09-28T00:56:10.241Z	spark1	LOAD	19.468	7.186
2026-09-28T00:56:10.353Z	spark2	LOAD	21.117	4.265
2026-09-28T00:56:10.491Z	spark1	LOAD	19.401	7.186
2026-09-28T00:56:10.604Z	spark2	LOAD	21.005	4.265
2026-09-28T00:56:10.742Z	spark1	LOAD	19.395	7.186
2026-09-28T00:56:10.855Z	spark2	LOAD	20.900	4.265
2026-09-28T00:56:11.004Z	spark1	LOAD	19.878	7.186
2026-09-28T00:56:11.106Z	spark2	LOAD	20.828	4.265
2026-09-28T00:56:11.255Z	spark1	LOAD	21.574	7.186
2026-09-28T00:56:11.367Z	spark2	LOAD	22.109	4.265
2026-09-28T00:56:11.505Z	spark1	LOAD	22.617	7.186
2026-09-28T00:56:11.616Z	spark2	LOAD	22.865	4.265
2026-09-28T00:56:11.755Z	spark1	LOAD	22.580	7.186
2026-09-28T00:56:11.866Z	spark2	LOAD	22.845	4.265
2026-09-28T00:56:12.021Z	spark1	LOAD	22.537	7.186
2026-09-28T00:56:12.117Z	spark2	LOAD	22.820	4.265
2026-09-28T00:56:12.272Z	spark1	LOAD	22.470	7.186
2026-09-28T00:56:12.382Z	spark2	LOAD	22.797	4.265
2026-09-28T00:56:12.522Z	spark1	LOAD	22.405	7.186
2026-09-28T00:56:12.633Z	spark2	LOAD	22.769	4.265
2026-09-28T00:56:12.772Z	spark1	LOAD	22.362	7.186
2026-09-28T00:56:12.883Z	spark2	LOAD	22.743	4.265
2026-09-28T00:56:13.034Z	spark1	LOAD	22.319	7.186
2026-09-28T00:56:13.133Z	spark2	LOAD	22.715	4.265
2026-09-28T00:56:13.285Z	spark1	LOAD	22.278	7.186
2026-09-28T00:56:13.397Z	spark2	LOAD	22.682	4.265
2026-09-28T00:56:13.535Z	spark1	LOAD	22.236	7.186
2026-09-28T00:56:13.648Z	spark2	LOAD	22.654	4.265
2026-09-28T00:56:13.786Z	spark1	LOAD	22.191	7.186
2026-09-28T00:56:13.898Z	spark2	LOAD	22.624	4.265
2026-09-28T00:56:14.048Z	spark1	LOAD	22.145	7.186
2026-09-28T00:56:14.148Z	spark2	LOAD	22.558	4.265
2026-09-28T00:56:14.298Z	spark1	LOAD	22.106	7.186
2026-09-28T00:56:14.408Z	spark2	LOAD	22.426	4.265
2026-09-28T00:56:14.548Z	spark1	LOAD	22.034	7.186
2026-09-28T00:56:14.658Z	spark2	LOAD	22.314	4.265
2026-09-28T00:56:14.798Z	spark1	LOAD	21.998	7.186
2026-09-28T00:56:14.909Z	spark2	LOAD	22.210	4.265
2026-09-28T00:56:15.066Z	spark1	LOAD	21.974	7.186
2026-09-28T00:56:15.159Z	spark2	LOAD	22.097	4.265
2026-09-28T00:56:15.316Z	spark1	LOAD	21.945	7.186
2026-09-28T00:56:15.419Z	spark2	LOAD	21.978	4.265
2026-09-28T00:56:15.566Z	spark1	LOAD	21.913	7.186
2026-09-28T00:56:15.669Z	spark2	LOAD	21.841	4.265
2026-09-28T00:56:15.817Z	spark1	LOAD	21.876	7.186
2026-09-28T00:56:15.920Z	spark2	LOAD	21.737	4.265
2026-09-28T00:56:16.083Z	spark1	LOAD	21.839	7.185
2026-09-28T00:56:16.170Z	spark2	LOAD	21.623	4.265
2026-09-28T00:56:16.333Z	spark1	LOAD	21.820	7.185
2026-09-28T00:56:16.430Z	spark2	LOAD	21.510	4.265
2026-09-28T00:56:16.584Z	spark1	LOAD	21.753	7.185
2026-09-28T00:56:16.681Z	spark2	LOAD	21.402	4.265
2026-09-28T00:56:16.834Z	spark1	LOAD	21.721	7.185
2026-09-28T00:56:16.931Z	spark2	LOAD	21.260	4.265
2026-09-28T00:56:17.103Z	spark1	LOAD	21.638	7.185
2026-09-28T00:56:17.181Z	spark2	LOAD	20.671	4.265
2026-09-28T00:56:17.354Z	spark1	LOAD	21.600	7.185
2026-09-28T00:56:17.445Z	spark2	LOAD	21.022	4.265
2026-09-28T00:56:17.604Z	spark1	LOAD	21.568	7.185
2026-09-28T00:56:17.696Z	spark2	LOAD	20.918	4.265
2026-09-28T00:56:17.855Z	spark1	LOAD	21.537	7.185
2026-09-28T00:56:17.947Z	spark2	LOAD	20.821	4.265
2026-09-28T00:56:18.117Z	spark1	LOAD	21.502	7.185
2026-09-28T00:56:18.197Z	spark2	LOAD	21.219	4.264
2026-09-28T00:56:18.367Z	spark1	LOAD	21.451	7.185
2026-09-28T00:56:18.463Z	spark2	LOAD	22.846	4.264
2026-09-28T00:56:18.617Z	spark1	LOAD	21.393	7.185
2026-09-28T00:56:18.713Z	spark2	LOAD	22.879	4.264
2026-09-28T00:56:18.867Z	spark1	LOAD	21.461	7.185
2026-09-28T00:56:18.964Z	spark2	LOAD	22.843	4.264
2026-09-28T00:56:19.134Z	spark1	LOAD	20.887	7.185
2026-09-28T00:56:19.214Z	spark2	LOAD	22.715	4.262
2026-09-28T00:56:19.384Z	spark1	LOAD	20.845	7.185
2026-09-28T00:56:19.474Z	spark2	LOAD	22.552	4.258
2026-09-28T00:56:19.634Z	spark1	LOAD	20.795	7.185
2026-09-28T00:56:19.724Z	spark2	LOAD	22.467	4.257
2026-09-28T00:56:19.885Z	spark1	LOAD	20.747	7.185
2026-09-28T00:56:19.975Z	spark2	LOAD	22.372	4.254
2026-09-28T00:56:20.147Z	spark1	LOAD	20.706	7.185
2026-09-28T00:56:20.225Z	spark2	LOAD	22.250	4.250
2026-09-28T00:56:20.397Z	spark1	LOAD	20.668	7.185
2026-09-28T00:56:20.485Z	spark2	LOAD	22.102	4.250
2026-09-28T00:56:20.647Z	spark1	LOAD	20.594	7.185
2026-09-28T00:56:20.735Z	spark2	LOAD	21.981	4.250
2026-09-28T00:56:20.898Z	spark1	LOAD	21.246	7.185
2026-09-28T00:56:20.986Z	spark2	LOAD	22.372	4.250
2026-09-28T00:56:21.167Z	spark1	LOAD	21.213	7.185
2026-09-28T00:56:21.236Z	spark2	LOAD	22.284	4.250
2026-09-28T00:56:21.418Z	spark1	LOAD	21.179	7.185
2026-09-28T00:56:21.501Z	spark2	LOAD	21.712	4.250
2026-09-28T00:56:21.668Z	spark1	LOAD	21.158	7.185
2026-09-28T00:56:21.751Z	spark2	LOAD	21.623	4.250
2026-09-28T00:56:21.918Z	spark1	LOAD	21.113	7.185
2026-09-28T00:56:22.001Z	spark2	LOAD	21.971	4.250
2026-09-28T00:56:22.180Z	spark1	LOAD	21.069	7.185
2026-09-28T00:56:22.251Z	spark2	LOAD	21.871	4.250
2026-09-28T00:56:22.430Z	spark1	LOAD	20.611	7.185
2026-09-28T00:56:22.517Z	spark2	LOAD	21.801	4.250
2026-09-28T00:56:22.681Z	spark1	LOAD	20.438	7.185
2026-09-28T00:56:22.767Z	spark2	LOAD	21.644	4.252
2026-09-28T00:56:22.931Z	spark1	LOAD	20.966	7.185
2026-09-28T00:56:23.018Z	spark2	LOAD	21.634	4.252
2026-09-28T00:56:23.198Z	spark1	LOAD	20.930	7.185
2026-09-28T00:56:23.268Z	spark2	LOAD	21.549	4.252
2026-09-28T00:56:23.448Z	spark1	LOAD	20.830	7.185
2026-09-28T00:56:23.533Z	spark2	LOAD	21.465	4.252
2026-09-28T00:56:23.698Z	spark1	LOAD	20.300	7.185
2026-09-28T00:56:23.783Z	spark2	LOAD	20.884	4.252
2026-09-28T00:56:23.949Z	spark1	LOAD	20.840	7.185
2026-09-28T00:56:24.033Z	spark2	LOAD	21.250	4.254
2026-09-28T00:56:24.211Z	spark1	LOAD	20.794	7.185
2026-09-28T00:56:24.284Z	spark2	LOAD	21.145	4.254
2026-09-28T00:56:24.462Z	spark1	LOAD	20.760	7.185
2026-09-28T00:56:24.548Z	spark2	LOAD	21.038	4.254
2026-09-28T00:56:24.712Z	spark1	LOAD	20.728	7.185
2026-09-28T00:56:24.798Z	spark2	LOAD	20.954	4.254
2026-09-28T00:56:24.962Z	spark1	LOAD	20.701	7.186
2026-09-28T00:56:25.049Z	spark2	LOAD	20.380	4.254
2026-09-28T00:56:25.225Z	spark1	LOAD	20.664	7.186
2026-09-28T00:56:25.299Z	spark2	LOAD	21.177	4.255
2026-09-28T00:56:25.475Z	spark1	LOAD	20.633	7.186
2026-09-28T00:56:25.560Z	spark2	LOAD	22.760	4.255
2026-09-28T00:56:25.726Z	spark1	LOAD	20.604	7.186
2026-09-28T00:56:25.811Z	spark2	LOAD	23.576	4.255
2026-09-28T00:56:25.976Z	spark1	LOAD	20.571	7.186
2026-09-28T00:56:26.061Z	spark2	LOAD	23.568	4.255
2026-09-28T00:56:26.238Z	spark1	LOAD	20.534	7.186
2026-09-28T00:56:26.312Z	spark2	LOAD	23.548	4.242
2026-09-28T00:56:26.488Z	spark1	LOAD	20.498	7.186
2026-09-28T00:56:26.577Z	spark2	LOAD	23.460	4.234
2026-09-28T00:56:26.738Z	spark1	LOAD	20.433	7.186
2026-09-28T00:56:26.827Z	spark2	LOAD	23.442	4.234
2026-09-28T00:56:26.988Z	spark1	LOAD	20.366	7.186
2026-09-28T00:56:27.078Z	spark2	LOAD	23.190	4.234
2026-09-28T00:56:27.250Z	spark1	LOAD	20.321	7.186
2026-09-28T00:56:27.329Z	spark2	LOAD	22.002	4.234
2026-09-28T00:56:27.500Z	spark1	LOAD	20.288	7.186
2026-09-28T00:56:27.591Z	spark2	LOAD	20.218	4.234
2026-09-28T00:56:27.751Z	spark1	LOAD	20.258	7.186
2026-09-28T00:56:27.841Z	spark2	LOAD	20.218	4.234
2026-09-28T00:56:28.001Z	spark1	LOAD	20.236	7.186
2026-09-28T00:56:28.092Z	spark2	LOAD	20.121	4.234
2026-09-28T00:56:28.263Z	spark1	LOAD	20.179	7.186
2026-09-28T00:56:28.343Z	spark2	LOAD	19.739	4.234
2026-09-28T00:56:28.514Z	spark1	LOAD	20.154	7.186
2026-09-28T00:56:28.607Z	spark2	LOAD	19.737	4.234
2026-09-28T00:56:28.764Z	spark1	LOAD	20.125	7.186
2026-09-28T00:56:28.858Z	spark2	LOAD	19.638	4.234
2026-09-28T00:56:29.014Z	spark1	LOAD	20.067	7.186
2026-09-28T00:56:29.108Z	spark2	LOAD	19.638	4.234
2026-09-28T00:56:29.282Z	spark1	LOAD	20.037	7.186
2026-09-28T00:56:29.359Z	spark2	LOAD	19.637	4.234
2026-09-28T00:56:29.532Z	spark1	LOAD	19.658	7.186
2026-09-28T00:56:29.624Z	spark2	LOAD	19.532	4.234
2026-09-28T00:56:29.783Z	spark1	LOAD	19.423	7.185
2026-09-28T00:56:29.874Z	spark2	LOAD	19.532	4.234
2026-09-28T00:56:30.033Z	spark1	LOAD	19.330	7.185
2026-09-28T00:56:30.125Z	spark2	LOAD	19.426	4.234
2026-09-28T00:56:30.300Z	spark1	LOAD	19.293	7.185
2026-09-28T00:56:30.375Z	spark2	LOAD	19.388	4.230
2026-09-28T00:56:30.551Z	spark1	LOAD	19.920	7.186
2026-09-28T00:56:30.640Z	spark2	LOAD	19.362	4.229
2026-09-28T00:56:30.801Z	spark1	LOAD	19.888	7.186
2026-09-28T00:56:30.890Z	spark2	LOAD	19.338	4.229
2026-09-28T00:56:31.051Z	spark1	LOAD	19.828	7.186
2026-09-28T00:56:31.141Z	spark2	LOAD	19.338	4.229
2026-09-28T00:56:31.321Z	spark1	LOAD	19.796	7.186
2026-09-28T00:56:31.392Z	spark2	LOAD	19.281	4.229
2026-09-28T00:56:31.571Z	spark1	LOAD	19.820	7.186
2026-09-28T00:56:31.657Z	spark2	LOAD	19.277	4.229
2026-09-28T00:56:31.822Z	spark1	LOAD	19.794	7.186
2026-09-28T00:56:31.907Z	spark2	LOAD	19.277	4.229
2026-09-28T00:56:32.072Z	spark1	LOAD	19.763	7.186
2026-09-28T00:56:32.158Z	spark2	LOAD	19.220	4.229
2026-09-28T00:56:32.340Z	spark1	LOAD	19.191	7.186
2026-09-28T00:56:32.409Z	spark2	LOAD	19.220	4.229
2026-09-28T00:56:32.591Z	spark1	LOAD	19.138	7.186
2026-09-28T00:56:32.674Z	spark2	LOAD	19.122	4.229
2026-09-28T00:56:32.841Z	spark1	LOAD	19.668	7.186
2026-09-28T00:56:32.925Z	spark2	LOAD	19.122	4.229
2026-09-28T00:56:33.091Z	spark1	LOAD	19.643	7.186
2026-09-28T00:56:33.175Z	spark2	LOAD	19.122	4.229
2026-09-28T00:56:33.359Z	spark1	LOAD	19.035	7.186
2026-09-28T00:56:33.425Z	spark2	LOAD	19.062	4.229
2026-09-28T00:56:33.610Z	spark1	LOAD	19.006	7.186
2026-09-28T00:56:33.686Z	spark2	LOAD	19.060	4.229
2026-09-28T00:56:33.860Z	spark1	LOAD	18.978	7.186
2026-09-28T00:56:33.936Z	spark2	LOAD	19.004	4.229
2026-09-28T00:56:34.110Z	spark1	LOAD	19.502	7.186
2026-09-28T00:56:34.187Z	spark2	LOAD	19.004	4.229
2026-09-28T00:56:34.374Z	spark1	LOAD	19.473	7.186
2026-09-28T00:56:34.437Z	spark2	LOAD	19.004	4.229
2026-09-28T00:56:34.625Z	spark1	LOAD	19.652	7.186
2026-09-28T00:56:34.699Z	spark2	LOAD	18.945	4.229
2026-09-28T00:56:34.875Z	spark1	LOAD	21.114	7.186
2026-09-28T00:56:34.949Z	spark2	LOAD	18.945	4.229
2026-09-28T00:56:35.125Z	spark1	LOAD	21.941	7.186
2026-09-28T00:56:35.199Z	spark2	LOAD	18.886	4.229
2026-09-28T00:56:35.392Z	spark1	LOAD	21.906	7.186
2026-09-28T00:56:35.450Z	spark2	LOAD	18.886	4.229
2026-09-28T00:56:35.642Z	spark1	LOAD	21.879	7.186
2026-09-28T00:56:35.710Z	spark2	LOAD	18.884	4.229
2026-09-28T00:56:35.893Z	spark1	LOAD	21.853	7.186
2026-09-28T00:56:35.961Z	spark2	LOAD	18.786	4.229
2026-09-28T00:56:36.143Z	spark1	LOAD	21.826	7.186
2026-09-28T00:56:36.211Z	spark2	LOAD	18.786	4.229
2026-09-28T00:56:36.410Z	spark1	LOAD	21.788	7.186
2026-09-28T00:56:36.462Z	spark2	LOAD	18.739	4.229
2026-09-28T00:56:36.660Z	spark1	LOAD	21.758	7.186
2026-09-28T00:56:36.722Z	spark2	LOAD	16.820	4.240
2026-09-28T00:56:36.910Z	spark1	LOAD	21.700	7.186
2026-09-28T00:56:36.972Z	spark2	LOAD	16.071	4.242
2026-09-28T00:56:37.161Z	spark1	LOAD	21.631	7.186
2026-09-28T00:56:37.222Z	spark2	LOAD	15.950	4.239
2026-09-28T00:56:37.427Z	spark1	LOAD	21.562	7.186
2026-09-28T00:56:37.472Z	spark2	LOAD	15.938	4.235
2026-09-28T00:56:37.677Z	spark1	LOAD	21.539	7.186
2026-09-28T00:56:37.733Z	spark2	LOAD	15.742	4.234
2026-09-28T00:56:37.927Z	spark1	LOAD	21.512	7.186
2026-09-28T00:56:37.983Z	spark2	LOAD	22.486	4.234
2026-09-28T00:56:38.178Z	spark1	LOAD	21.486	7.186
2026-09-28T00:56:38.234Z	spark2	LOAD	17.826	4.234
2026-09-28T00:56:38.445Z	spark1	LOAD	21.440	7.186
2026-09-28T00:56:38.484Z	spark2	LOAD	16.572	4.234
2026-09-28T00:56:38.696Z	spark1	LOAD	21.411	7.186
2026-09-28T00:56:38.746Z	spark2	LOAD	16.256	4.234
2026-09-28T00:56:38.946Z	spark1	LOAD	21.387	7.186
2026-09-28T00:56:38.998Z	spark2	LOAD	15.912	4.234
2026-09-28T00:56:39.196Z	spark1	LOAD	21.338	7.186
2026-09-28T00:56:39.248Z	spark2	LOAD	15.896	4.234
2026-09-28T00:56:39.459Z	spark1	LOAD	21.310	7.186
2026-09-28T00:56:39.498Z	spark2	LOAD	15.880	4.234
2026-09-28T00:56:39.709Z	spark1	LOAD	21.283	7.186
2026-09-28T00:56:39.760Z	spark2	LOAD	15.877	4.234
2026-09-28T00:56:39.960Z	spark1	LOAD	21.255	7.186
2026-09-28T00:56:40.011Z	spark2	LOAD	15.875	4.234
2026-09-28T00:56:40.210Z	spark1	LOAD	21.227	7.186
2026-09-28T00:56:40.261Z	spark2	LOAD	15.863	4.234
2026-09-28T00:56:40.477Z	spark1	LOAD	21.196	7.186
2026-09-28T00:56:40.512Z	spark2	LOAD	15.863	4.234
2026-09-28T00:56:40.727Z	spark1	LOAD	21.166	7.186
2026-09-28T00:56:40.776Z	spark2	LOAD	15.847	4.234
2026-09-28T00:56:40.977Z	spark1	LOAD	21.137	7.186
2026-09-28T00:56:41.027Z	spark2	LOAD	15.847	4.234
2026-09-28T00:56:41.228Z	spark1	LOAD	21.083	7.186
2026-09-28T00:56:41.278Z	spark2	LOAD	15.847	4.234
2026-09-28T00:56:41.489Z	spark1	LOAD	21.063	7.186
2026-09-28T00:56:41.529Z	spark2	LOAD	15.834	4.234
2026-09-28T00:56:41.740Z	spark1	LOAD	21.034	7.186
2026-09-28T00:56:41.790Z	spark2	LOAD	15.822	4.234
2026-09-28T00:56:41.990Z	spark1	LOAD	21.000	7.186
2026-09-28T00:56:42.040Z	spark2	LOAD	15.823	4.234
2026-09-28T00:56:42.241Z	spark1	LOAD	20.968	7.186
2026-09-28T00:56:42.290Z	spark2	LOAD	15.823	4.234
2026-09-28T00:56:42.511Z	spark1	LOAD	20.927	7.186
2026-09-28T00:56:42.542Z	spark2	LOAD	15.812	4.234
2026-09-28T00:56:42.761Z	spark1	LOAD	20.898	7.186
2026-09-28T00:56:42.807Z	spark2	LOAD	15.809	4.234
2026-09-28T00:56:43.012Z	spark1	LOAD	20.862	7.186
2026-09-28T00:56:43.057Z	spark2	LOAD	15.809	4.234
2026-09-28T00:56:43.262Z	spark1	LOAD	20.804	7.186
2026-09-28T00:56:43.308Z	spark2	LOAD	15.806	4.234
2026-09-28T00:56:43.525Z	spark1	LOAD	20.787	7.186
2026-09-28T00:56:43.558Z	spark2	LOAD	15.806	4.234
2026-09-28T00:56:43.775Z	spark1	LOAD	20.756	7.186
2026-09-28T00:56:43.824Z	spark2	LOAD	15.800	4.234
2026-09-28T00:56:44.025Z	spark1	LOAD	20.724	7.186
2026-09-28T00:56:44.074Z	spark2	LOAD	15.800	4.234
2026-09-28T00:56:44.275Z	spark1	LOAD	20.690	7.186
2026-09-28T00:56:44.324Z	spark2	LOAD	15.687	4.233
2026-09-28T00:56:44.545Z	spark1	LOAD	20.657	7.186
2026-09-28T00:56:44.575Z	spark2	LOAD	15.687	4.233
2026-09-28T00:56:44.796Z	spark1	LOAD	20.623	7.186
2026-09-28T00:56:44.836Z	spark2	LOAD	15.687	4.233
2026-09-28T00:56:45.046Z	spark1	LOAD	20.588	7.186
2026-09-28T00:56:45.086Z	spark2	LOAD	15.685	4.233
2026-09-28T00:56:45.296Z	spark1	LOAD	21.144	7.186
2026-09-28T00:56:45.336Z	spark2	LOAD	17.072	4.234
2026-09-28T00:56:45.559Z	spark1	LOAD	21.131	7.186
2026-09-28T00:56:45.587Z	spark2	LOAD	19.821	4.234
2026-09-28T00:56:45.809Z	spark1	LOAD	20.735	7.186
2026-09-28T00:56:45.853Z	spark2	LOAD	15.879	4.234
2026-09-28T00:56:46.059Z	spark1	LOAD	20.506	7.186
2026-09-28T00:56:46.103Z	spark2	LOAD	15.747	4.234
2026-09-28T00:56:46.310Z	spark1	LOAD	20.468	7.186
2026-09-28T00:56:46.353Z	spark2	LOAD	15.744	4.234
2026-09-28T00:56:46.578Z	spark1	LOAD	20.448	7.187
2026-09-28T00:56:46.604Z	spark2	LOAD	15.636	4.234
2026-09-28T00:56:46.828Z	spark1	LOAD	20.966	7.189
2026-09-28T00:56:46.875Z	spark2	LOAD	15.584	4.234
2026-09-28T00:56:47.078Z	spark1	LOAD	20.887	7.190
2026-09-28T00:56:47.125Z	spark2	LOAD	15.579	4.234
2026-09-28T00:56:47.328Z	spark1	LOAD	20.838	7.190
2026-09-28T00:56:47.376Z	spark2	LOAD	15.530	4.233
2026-09-28T00:56:47.590Z	spark1	LOAD	20.718	7.190
2026-09-28T00:56:47.627Z	spark2	LOAD	20.914	4.231
2026-09-28T00:56:47.841Z	spark1	LOAD	20.476	7.190
2026-09-28T00:56:47.891Z	spark2	LOAD	18.514	4.230
2026-09-28T00:56:48.092Z	spark1	LOAD	20.144	7.190
2026-09-28T00:56:48.142Z	spark2	LOAD	15.616	4.226
2026-09-28T00:56:48.342Z	spark1	LOAD	20.103	7.190
2026-09-28T00:56:48.392Z	spark2	LOAD	21.441	4.225
2026-09-28T00:56:48.605Z	spark1	LOAD	20.714	7.191
2026-09-28T00:56:48.643Z	spark2	LOAD	16.359	4.225
2026-09-28T00:56:48.855Z	spark1	LOAD	20.677	7.191
2026-09-28T00:56:48.904Z	spark2	LOAD	15.486	4.225
2026-09-28T00:56:49.105Z	spark1	LOAD	20.208	7.191
2026-09-28T00:56:49.155Z	spark2	LOAD	20.471	4.225
2026-09-28T00:56:49.356Z	spark1	LOAD	20.047	7.191
2026-09-28T00:56:49.406Z	spark2	LOAD	15.857	4.225
2026-09-28T00:56:49.617Z	spark1	LOAD	19.977	7.191
2026-09-28T00:56:49.657Z	spark2	LOAD	17.170	4.224
2026-09-28T00:56:49.868Z	spark1	LOAD	20.498	7.191
2026-09-28T00:56:49.917Z	spark2	LOAD	19.269	4.224
2026-09-28T00:56:50.118Z	spark1	LOAD	20.460	7.191
2026-09-28T00:56:50.168Z	spark2	LOAD	15.759	4.224
2026-09-28T00:56:50.368Z	spark1	LOAD	20.428	7.191
2026-09-28T00:56:50.419Z	spark2	LOAD	22.130	4.224
2026-09-28T00:56:50.635Z	spark1	LOAD	20.391	7.191
2026-09-28T00:56:50.670Z	spark2	LOAD	16.636	4.224
2026-09-28T00:56:50.885Z	spark1	LOAD	20.363	7.191
2026-09-28T00:56:50.930Z	spark2	LOAD	15.473	4.224
2026-09-28T00:56:51.136Z	spark1	LOAD	20.338	7.191
2026-09-28T00:56:51.181Z	spark2	LOAD	20.464	4.224
2026-09-28T00:56:51.386Z	spark1	LOAD	19.829	7.191
2026-09-28T00:56:51.433Z	spark2	LOAD	15.857	4.224
2026-09-28T00:56:51.655Z	spark1	LOAD	19.698	7.191
2026-09-28T00:56:51.683Z	spark2	LOAD	20.260	4.224
2026-09-28T00:56:51.906Z	spark1	LOAD	19.667	7.191
2026-09-28T00:56:51.944Z	spark2	LOAD	17.757	4.224
2026-09-28T00:56:52.156Z	spark1	LOAD	19.638	7.191
2026-09-28T00:56:52.195Z	spark2	LOAD	15.536	4.224
2026-09-28T00:56:52.406Z	spark1	LOAD	19.577	7.191
2026-09-28T00:56:52.447Z	spark2	LOAD	21.068	4.224
2026-09-28T00:56:52.674Z	spark1	LOAD	19.543	7.191
2026-09-28T00:56:52.697Z	spark2	LOAD	15.861	4.224
2026-09-28T00:56:52.924Z	spark1	LOAD	19.509	7.191
2026-09-28T00:56:52.966Z	spark2	LOAD	19.297	4.224
2026-09-28T00:56:53.174Z	spark1	LOAD	20.082	7.191
2026-09-28T00:56:53.217Z	spark2	LOAD	18.451	4.224
2026-09-28T00:56:53.425Z	spark1	LOAD	20.041	7.191
2026-09-28T00:56:53.468Z	spark2	LOAD	15.555	4.224
2026-09-28T00:56:53.693Z	spark1	LOAD	19.993	7.191
2026-09-28T00:56:53.719Z	spark2	LOAD	21.287	4.224
2026-09-28T00:56:53.943Z	spark1	LOAD	19.939	7.191
2026-09-28T00:56:53.989Z	spark2	LOAD	15.838	4.224
2026-09-28T00:56:54.194Z	spark1	LOAD	19.366	7.191
2026-09-28T00:56:54.239Z	spark2	LOAD	18.634	4.224
2026-09-28T00:56:54.444Z	spark1	LOAD	19.218	7.191
2026-09-28T00:56:54.490Z	spark2	LOAD	18.799	4.224
2026-09-28T00:56:54.711Z	spark1	LOAD	19.151	7.191
2026-09-28T00:56:54.741Z	spark2	LOAD	15.628	4.224
2026-09-28T00:56:54.961Z	spark1	LOAD	19.678	7.191
2026-09-28T00:56:55.009Z	spark2	LOAD	21.264	4.224
2026-09-28T00:56:55.212Z	spark1	LOAD	19.634	7.191
2026-09-28T00:56:55.260Z	spark2	LOAD	15.863	4.224
2026-09-28T00:56:55.462Z	spark1	LOAD	19.044	7.191
2026-09-28T00:56:55.510Z	spark2	LOAD	17.666	4.224
2026-09-28T00:56:55.728Z	spark1	LOAD	19.083	7.191
2026-09-28T00:56:55.761Z	spark2	LOAD	19.165	4.224
2026-09-28T00:56:55.979Z	spark1	LOAD	19.051	7.191
2026-09-28T00:56:56.028Z	spark2	LOAD	15.556	4.224
2026-09-28T00:56:56.229Z	spark1	LOAD	19.657	7.191
2026-09-28T00:56:56.279Z	spark2	LOAD	21.318	4.224
2026-09-28T00:56:56.479Z	spark1	LOAD	19.236	7.191
2026-09-28T00:56:56.529Z	spark2	LOAD	15.843	4.224
2026-09-28T00:56:56.746Z	spark1	LOAD	19.044	7.191
2026-09-28T00:56:56.780Z	spark2	LOAD	18.118	4.224
2026-09-28T00:56:56.997Z	spark1	LOAD	19.003	7.191
2026-09-28T00:56:57.044Z	spark2	LOAD	18.464	4.224
2026-09-28T00:56:57.246Z	spark1	LOAD	19.523	7.192
2026-09-28T00:56:57.296Z	spark2	LOAD	15.534	4.224
2026-09-28T00:56:57.497Z	spark1	LOAD	19.478	7.192
2026-09-28T00:56:57.547Z	spark2	LOAD	21.225	4.224
2026-09-28T00:56:57.764Z	spark1	LOAD	19.415	7.192
2026-09-28T00:56:57.798Z	spark2	LOAD	15.856	4.224
2026-09-28T00:56:58.014Z	spark1	LOAD	19.404	7.192
2026-09-28T00:56:58.079Z	spark2	LOAD	19.669	4.224
2026-09-28T00:56:58.265Z	spark1	LOAD	19.363	7.192
2026-09-28T00:56:58.329Z	spark2	LOAD	18.241	4.224
2026-09-28T00:56:58.515Z	spark1	LOAD	19.029	7.192
2026-09-28T00:56:58.580Z	spark2	LOAD	15.525	4.221
2026-09-28T00:56:58.784Z	spark1	LOAD	18.722	7.192
2026-09-28T00:56:58.830Z	spark2	LOAD	21.109	4.219
2026-09-28T00:56:59.034Z	spark1	LOAD	19.241	7.192
2026-09-28T00:56:59.100Z	spark2	LOAD	15.801	4.216
2026-09-28T00:56:59.285Z	spark1	LOAD	20.624	7.192
2026-09-28T00:56:59.351Z	spark2	LOAD	21.364	4.214
2026-09-28T00:56:59.535Z	spark1	LOAD	22.439	7.192
2026-09-28T00:56:59.602Z	spark2	LOAD	17.408	4.214
2026-09-28T00:56:59.798Z	spark1	LOAD	22.408	7.192
2026-09-28T00:56:59.852Z	spark2	LOAD	15.456	4.214
2026-09-28T00:57:00.048Z	spark1	LOAD	22.372	7.192
2026-09-28T00:57:00.113Z	spark2	LOAD	20.061	4.214
2026-09-28T00:57:00.298Z	spark1	LOAD	22.356	7.192
2026-09-28T00:57:00.364Z	spark2	LOAD	15.762	4.214
2026-09-28T00:57:00.549Z	spark1	LOAD	22.322	7.192
2026-09-28T00:57:00.614Z	spark2	LOAD	22.230	4.214
2026-09-28T00:57:00.818Z	spark1	LOAD	22.285	7.192
2026-09-28T00:57:00.865Z	spark2	LOAD	16.332	4.214
2026-09-28T00:57:01.069Z	spark1	LOAD	22.247	7.192
2026-09-28T00:57:01.130Z	spark2	LOAD	16.614	4.214
2026-09-28T00:57:01.319Z	spark1	LOAD	22.209	7.192
2026-09-28T00:57:01.380Z	spark2	LOAD	19.358	4.214
2026-09-28T00:57:01.570Z	spark1	LOAD	22.152	7.192
2026-09-28T00:57:01.631Z	spark2	LOAD	15.554	4.214
2026-09-28T00:57:01.832Z	spark1	LOAD	22.091	7.192
2026-09-28T00:57:01.882Z	spark2	LOAD	21.378	4.214
2026-09-28T00:57:02.082Z	spark1	LOAD	22.060	7.192
2026-09-28T00:57:02.150Z	spark2	LOAD	15.795	4.214
2026-09-28T00:57:02.332Z	spark1	LOAD	22.019	7.192
2026-09-28T00:57:02.400Z	spark2	LOAD	17.605	4.214
2026-09-28T00:57:02.583Z	spark1	LOAD	21.982	7.192
2026-09-28T00:57:02.650Z	spark2	LOAD	19.027	4.214
2026-09-28T00:57:02.846Z	spark1	LOAD	21.940	7.192
2026-09-28T00:57:02.902Z	spark2	LOAD	15.494	4.214
2026-09-28T00:57:03.096Z	spark1	LOAD	21.901	7.192
2026-09-28T00:57:03.175Z	spark2	LOAD	20.818	4.214
2026-09-28T00:57:03.346Z	spark1	LOAD	21.861	7.192
2026-09-28T00:57:03.426Z	spark2	LOAD	15.814	4.214
2026-09-28T00:57:03.597Z	spark1	LOAD	21.826	7.192
2026-09-28T00:57:03.676Z	spark2	LOAD	20.962	4.214
2026-09-28T00:57:03.863Z	spark1	LOAD	21.774	7.192
2026-09-28T00:57:03.927Z	spark2	LOAD	17.479	4.214
2026-09-28T00:57:04.113Z	spark1	LOAD	21.736	7.192
2026-09-28T00:57:04.192Z	spark2	LOAD	15.600	4.214
2026-09-28T00:57:04.364Z	spark1	LOAD	21.703	7.192
2026-09-28T00:57:04.443Z	spark2	LOAD	19.938	4.214
2026-09-28T00:57:04.614Z	spark1	LOAD	21.667	7.192
2026-09-28T00:57:04.693Z	spark2	LOAD	15.678	4.214
2026-09-28T00:57:04.880Z	spark1	LOAD	21.629	7.192
2026-09-28T00:57:04.943Z	spark2	LOAD	21.375	4.214
2026-09-28T00:57:05.131Z	spark1	LOAD	21.597	7.192
2026-09-28T00:57:05.214Z	spark2	LOAD	15.793	4.214
2026-09-28T00:57:05.381Z	spark1	LOAD	21.564	7.192
2026-09-28T00:57:05.465Z	spark2	LOAD	20.398	4.214
2026-09-28T00:57:05.631Z	spark1	LOAD	21.530	7.192
2026-09-28T00:57:05.715Z	spark2	LOAD	17.752	4.214
2026-09-28T00:57:05.898Z	spark1	LOAD	21.469	7.192
2026-09-28T00:57:05.966Z	spark2	LOAD	15.427	4.214
2026-09-28T00:57:06.148Z	spark1	LOAD	21.434	7.192
2026-09-28T00:57:06.227Z	spark2	LOAD	19.979	4.214
2026-09-28T00:57:06.399Z	spark1	LOAD	21.397	7.192
2026-09-28T00:57:06.477Z	spark2	LOAD	15.721	4.214
2026-09-28T00:57:06.649Z	spark1	LOAD	21.349	7.191
2026-09-28T00:57:06.728Z	spark2	LOAD	21.672	4.214
2026-09-28T00:57:06.912Z	spark1	LOAD	21.351	7.191
2026-09-28T00:57:06.978Z	spark2	LOAD	15.820	4.214
2026-09-28T00:57:07.162Z	spark1	LOAD	20.836	7.191
2026-09-28T00:57:07.243Z	spark2	LOAD	18.701	4.214
2026-09-28T00:57:07.412Z	spark1	LOAD	20.781	7.191
2026-09-28T00:57:07.493Z	spark2	LOAD	18.390	4.213
2026-09-28T00:57:07.663Z	spark1	LOAD	20.739	7.190
2026-09-28T00:57:07.745Z	spark2	LOAD	15.460	4.212
2026-09-28T00:57:07.931Z	spark1	LOAD	20.664	7.190
2026-09-28T00:57:07.994Z	spark2	LOAD	20.651	4.212
2026-09-28T00:57:08.182Z	spark1	LOAD	20.609	7.190
2026-09-28T00:57:08.262Z	spark2	LOAD	15.727	4.212
2026-09-28T00:57:08.433Z	spark1	LOAD	20.542	7.190
2026-09-28T00:57:08.512Z	spark2	LOAD	22.105	4.212
2026-09-28T00:57:08.683Z	spark1	LOAD	20.511	7.190
2026-09-28T00:57:08.763Z	spark2	LOAD	16.201	4.212
2026-09-28T00:57:08.950Z	spark1	LOAD	20.425	7.190
2026-09-28T00:57:09.013Z	spark2	LOAD	17.001	4.212
2026-09-28T00:57:09.200Z	spark1	LOAD	21.065	7.190
2026-09-28T00:57:09.278Z	spark2	LOAD	19.166	4.212
2026-09-28T00:57:09.450Z	spark1	LOAD	21.034	7.190
2026-09-28T00:57:09.528Z	spark2	LOAD	15.463	4.209
2026-09-28T00:57:09.701Z	spark1	LOAD	20.985	7.190
2026-09-28T00:57:09.778Z	spark2	LOAD	20.851	4.207
2026-09-28T00:57:09.969Z	spark1	LOAD	20.570	7.190
2026-09-28T00:57:10.029Z	spark2	LOAD	15.763	4.207
2026-09-28T00:57:10.220Z	spark1	LOAD	20.297	7.190
2026-09-28T00:57:10.311Z	spark2	LOAD	21.468	4.205
2026-09-28T00:57:10.470Z	spark1	LOAD	20.256	7.190
2026-09-28T00:57:10.562Z	spark2	LOAD	17.321	4.203
2026-09-28T00:57:10.720Z	spark1	LOAD	20.223	7.190
2026-09-28T00:57:10.812Z	spark2	LOAD	15.660	4.201
2026-09-28T00:57:10.987Z	spark1	LOAD	20.177	7.190
2026-09-28T00:57:11.063Z	spark2	LOAD	19.522	4.200
2026-09-28T00:57:11.238Z	spark1	LOAD	20.144	7.190
2026-09-28T00:57:11.333Z	spark2	LOAD	15.433	4.200
2026-09-28T00:57:11.488Z	spark1	LOAD	20.107	7.190
2026-09-28T00:57:11.583Z	spark2	LOAD	20.996	4.200
2026-09-28T00:57:11.738Z	spark1	LOAD	20.076	7.190
2026-09-28T00:57:11.835Z	spark2	LOAD	15.753	4.200
2026-09-28T00:57:12.007Z	spark1	LOAD	20.033	7.190
2026-09-28T00:57:12.085Z	spark2	LOAD	21.595	4.200
2026-09-28T00:57:12.258Z	spark1	LOAD	19.963	7.190
2026-09-28T00:57:12.350Z	spark2	LOAD	22.455	4.200
2026-09-28T00:57:12.508Z	spark1	LOAD	19.913	7.190
2026-09-28T00:57:12.600Z	spark2	LOAD	22.448	4.200
2026-09-28T00:57:12.758Z	spark1	LOAD	19.882	7.190
2026-09-28T00:57:12.851Z	spark2	LOAD	22.448	4.200
2026-09-28T00:57:13.020Z	spark1	LOAD	19.844	7.190
2026-09-28T00:57:13.102Z	spark2	LOAD	22.450	4.200
2026-09-28T00:57:13.270Z	spark1	LOAD	19.811	7.190
2026-09-28T00:57:13.366Z	spark2	LOAD	22.450	4.200
2026-09-28T00:57:13.521Z	spark1	LOAD	19.771	7.190
2026-09-28T00:57:13.617Z	spark2	LOAD	22.448	4.200
2026-09-28T00:57:13.771Z	spark1	LOAD	19.737	7.190
2026-09-28T00:57:13.867Z	spark2	LOAD	21.848	4.200
2026-09-28T00:57:14.038Z	spark1	LOAD	19.698	7.190
2026-09-28T00:57:14.118Z	spark2	LOAD	20.320	4.200
2026-09-28T00:57:14.289Z	spark1	LOAD	19.660	7.190
2026-09-28T00:57:14.378Z	spark2	LOAD	20.311	4.200
2026-09-28T00:57:14.539Z	spark1	LOAD	19.627	7.190
2026-09-28T00:57:14.629Z	spark2	LOAD	20.303	4.200
2026-09-28T00:57:14.789Z	spark1	LOAD	19.592	7.190
2026-09-28T00:57:14.879Z	spark2	LOAD	19.668	4.200
2026-09-28T00:57:15.056Z	spark1	LOAD	19.555	7.190
2026-09-28T00:57:15.130Z	spark2	LOAD	19.662	4.200
2026-09-28T00:57:15.306Z	spark1	LOAD	19.519	7.190
2026-09-28T00:57:15.396Z	spark2	LOAD	19.630	4.200
2026-09-28T00:57:15.556Z	spark1	LOAD	19.478	7.190
2026-09-28T00:57:15.647Z	spark2	LOAD	19.602	4.200
2026-09-28T00:57:15.807Z	spark1	LOAD	19.432	7.190
2026-09-28T00:57:15.897Z	spark2	LOAD	19.575	4.200
2026-09-28T00:57:16.069Z	spark1	LOAD	19.384	7.190
2026-09-28T00:57:16.148Z	spark2	LOAD	19.547	4.200
2026-09-28T00:57:16.320Z	spark1	LOAD	19.306	7.190
2026-09-28T00:57:16.415Z	spark2	LOAD	19.513	4.200
2026-09-28T00:57:16.570Z	spark1	LOAD	19.272	7.190
2026-09-28T00:57:16.666Z	spark2	LOAD	19.483	4.200
2026-09-28T00:57:16.820Z	spark1	LOAD	19.305	7.190
2026-09-28T00:57:16.916Z	spark2	LOAD	19.456	4.200
2026-09-28T00:57:17.087Z	spark1	LOAD	19.807	7.190
2026-09-28T00:57:17.166Z	spark2	LOAD	19.426	4.200
2026-09-28T00:57:17.338Z	spark1	LOAD	19.762	7.190
2026-09-28T00:57:17.430Z	spark2	LOAD	19.395	4.200
2026-09-28T00:57:17.588Z	spark1	LOAD	19.711	7.190
2026-09-28T00:57:17.681Z	spark2	LOAD	19.368	4.200
2026-09-28T00:57:17.838Z	spark1	LOAD	19.677	7.190
2026-09-28T00:57:17.931Z	spark2	LOAD	19.229	4.200
2026-09-28T00:57:18.105Z	spark1	LOAD	19.636	7.190
2026-09-28T00:57:18.182Z	spark2	LOAD	19.107	4.200
2026-09-28T00:57:18.355Z	spark1	LOAD	19.522	7.190
2026-09-28T00:57:18.447Z	spark2	LOAD	18.855	4.200
2026-09-28T00:57:18.606Z	spark1	LOAD	19.533	7.190
2026-09-28T00:57:18.699Z	spark2	LOAD	18.694	4.200
2026-09-28T00:57:18.856Z	spark1	LOAD	19.552	7.190
2026-09-28T00:57:18.949Z	spark2	LOAD	19.306	4.200
2026-09-28T00:57:19.123Z	spark1	LOAD	19.073	7.190
2026-09-28T00:57:19.200Z	spark2	LOAD	17.550	4.200
2026-09-28T00:57:19.374Z	spark1	LOAD	18.910	7.190
2026-09-28T00:57:19.476Z	spark2	LOAD	17.547	4.200
2026-09-28T00:57:19.624Z	spark1	LOAD	19.437	7.190
2026-09-28T00:57:19.727Z	spark2	LOAD	17.548	4.200
2026-09-28T00:57:19.874Z	spark1	LOAD	19.397	7.190
2026-09-28T00:57:19.978Z	spark2	LOAD	17.058	4.200
2026-09-28T00:57:20.137Z	spark1	LOAD	19.358	7.190
2026-09-28T00:57:20.228Z	spark2	LOAD	16.679	4.204
2026-09-28T00:57:20.387Z	spark1	LOAD	18.634	7.189
2026-09-28T00:57:20.504Z	spark2	LOAD	16.424	4.204
2026-09-28T00:57:20.637Z	spark1	LOAD	18.722	7.189
2026-09-28T00:57:20.755Z	spark2	LOAD	16.367	4.202
2026-09-28T00:57:20.888Z	spark1	LOAD	19.645	7.189
2026-09-28T00:57:21.005Z	spark2	LOAD	15.555	4.205
2026-09-28T00:57:21.155Z	spark1	LOAD	21.415	7.189
2026-09-28T00:57:21.255Z	spark2	LOAD	17.309	4.211
2026-09-28T00:57:21.405Z	spark1	LOAD	22.602	7.189
2026-09-28T00:57:21.516Z	spark2	LOAD	20.810	4.207
2026-09-28T00:57:21.656Z	spark1	LOAD	22.579	7.189
2026-09-28T00:57:21.767Z	spark2	LOAD	20.795	4.207
2026-09-28T00:57:21.906Z	spark1	LOAD	22.535	7.189
2026-09-28T00:57:22.017Z	spark2	LOAD	20.786	4.207
2026-09-28T00:57:22.173Z	spark1	LOAD	22.491	7.189
2026-09-28T00:57:22.267Z	spark2	LOAD	20.771	4.207
2026-09-28T00:57:22.423Z	spark1	LOAD	22.419	7.189
2026-09-28T00:57:22.532Z	spark2	LOAD	20.754	4.207
2026-09-28T00:57:22.673Z	spark1	LOAD	22.383	7.189
2026-09-28T00:57:22.783Z	spark2	LOAD	20.750	4.207
2026-09-28T00:57:22.923Z	spark1	LOAD	22.352	7.189
2026-09-28T00:57:23.034Z	spark2	LOAD	20.731	4.207
2026-09-28T00:57:23.191Z	spark1	LOAD	22.309	7.189
2026-09-28T00:57:23.284Z	spark2	LOAD	20.715	4.207
2026-09-28T00:57:23.441Z	spark1	LOAD	22.268	7.189
2026-09-28T00:57:23.548Z	spark2	LOAD	20.692	4.207
2026-09-28T00:57:23.692Z	spark1	LOAD	22.233	7.189
2026-09-28T00:57:23.798Z	spark2	LOAD	20.684	4.207
2026-09-28T00:57:23.942Z	spark1	LOAD	22.205	7.189
2026-09-28T00:57:24.048Z	spark2	LOAD	20.676	4.207
2026-09-28T00:57:24.211Z	spark1	LOAD	22.127	7.189
2026-09-28T00:57:24.299Z	spark2	LOAD	20.660	4.207
2026-09-28T00:57:24.461Z	spark1	LOAD	22.067	7.189
2026-09-28T00:57:24.563Z	spark2	LOAD	20.653	4.207
2026-09-28T00:57:24.711Z	spark1	LOAD	22.023	7.189
2026-09-28T00:57:24.813Z	spark2	LOAD	20.637	4.207
2026-09-28T00:57:24.962Z	spark1	LOAD	21.990	7.189
2026-09-28T00:57:25.063Z	spark2	LOAD	20.622	4.207
2026-09-28T00:57:25.230Z	spark1	LOAD	21.949	7.189
2026-09-28T00:57:25.314Z	spark2	LOAD	20.606	4.207
2026-09-28T00:57:25.481Z	spark1	LOAD	21.924	7.189
2026-09-28T00:57:25.578Z	spark2	LOAD	20.591	4.207
2026-09-28T00:57:25.731Z	spark1	LOAD	21.891	7.189
2026-09-28T00:57:25.828Z	spark2	LOAD	20.583	4.207
2026-09-28T00:57:25.981Z	spark1	LOAD	21.853	7.189
2026-09-28T00:57:26.079Z	spark2	LOAD	20.568	4.207
2026-09-28T00:57:26.244Z	spark1	LOAD	21.816	7.189
2026-09-28T00:57:26.329Z	spark2	LOAD	20.560	4.207
2026-09-28T00:57:26.495Z	spark1	LOAD	21.746	7.189
2026-09-28T00:57:26.590Z	spark2	LOAD	20.537	4.207
2026-09-28T00:57:26.745Z	spark1	LOAD	21.707	7.189
2026-09-28T00:57:26.840Z	spark2	LOAD	20.522	4.207
2026-09-28T00:57:26.995Z	spark1	LOAD	21.666	7.189
2026-09-28T00:57:27.091Z	spark2	LOAD	20.511	4.207
2026-09-28T00:57:27.263Z	spark1	LOAD	21.622	7.189
2026-09-28T00:57:27.341Z	spark2	LOAD	20.495	4.207
2026-09-28T00:57:27.513Z	spark1	LOAD	21.573	7.189
2026-09-28T00:57:27.607Z	spark2	LOAD	20.488	4.207
2026-09-28T00:57:27.763Z	spark1	LOAD	20.986	7.189
2026-09-28T00:57:27.856Z	spark2	LOAD	20.480	4.207
2026-09-28T00:57:28.013Z	spark1	LOAD	20.952	7.189
2026-09-28T00:57:28.107Z	spark2	LOAD	20.465	4.207
2026-09-28T00:57:28.280Z	spark1	LOAD	20.911	7.189
2026-09-28T00:57:28.357Z	spark2	LOAD	20.464	4.207
2026-09-28T00:57:28.530Z	spark1	LOAD	20.808	7.189
2026-09-28T00:57:28.622Z	spark2	LOAD	20.450	4.207
2026-09-28T00:57:28.780Z	spark1	LOAD	20.764	7.189
2026-09-28T00:57:28.872Z	spark2	LOAD	20.442	4.207
2026-09-28T00:57:29.031Z	spark1	LOAD	20.731	7.189
2026-09-28T00:57:29.123Z	spark2	LOAD	20.438	4.207
2026-09-28T00:57:29.293Z	spark1	LOAD	20.696	7.189
2026-09-28T00:57:29.374Z	spark2	LOAD	20.424	4.207
2026-09-28T00:57:29.543Z	spark1	LOAD	20.660	7.189
2026-09-28T00:57:29.638Z	spark2	LOAD	20.417	4.207
2026-09-28T00:57:29.794Z	spark1	LOAD	20.622	7.189
2026-09-28T00:57:29.889Z	spark2	LOAD	20.397	4.207
2026-09-28T00:57:30.044Z	spark1	LOAD	20.582	7.189
2026-09-28T00:57:30.138Z	spark2	LOAD	20.893	4.207
2026-09-28T00:57:30.312Z	spark1	LOAD	20.528	7.189
2026-09-28T00:57:30.389Z	spark2	LOAD	21.589	4.207
2026-09-28T00:57:30.562Z	spark1	LOAD	20.490	7.189
2026-09-28T00:57:30.649Z	spark2	LOAD	21.587	4.207
2026-09-28T00:57:30.812Z	spark1	LOAD	20.427	7.189
2026-09-28T00:57:30.901Z	spark2	LOAD	21.587	4.207
2026-09-28T00:57:31.063Z	spark1	LOAD	20.389	7.189
2026-09-28T00:57:31.151Z	spark2	LOAD	21.587	4.207
2026-09-28T00:57:31.324Z	spark1	LOAD	20.288	7.189
2026-09-28T00:57:31.401Z	spark2	LOAD	21.587	4.207
2026-09-28T00:57:31.575Z	spark1	LOAD	20.954	7.188
2026-09-28T00:57:31.662Z	spark2	LOAD	21.584	4.207
2026-09-28T00:57:31.825Z	spark1	LOAD	20.908	7.188
2026-09-28T00:57:31.913Z	spark2	LOAD	21.559	4.204
2026-09-28T00:57:32.075Z	spark1	LOAD	20.863	7.188
2026-09-28T00:57:32.162Z	spark2	LOAD	21.554	4.202
2026-09-28T00:57:32.342Z	spark1	LOAD	20.796	7.188
2026-09-28T00:57:32.413Z	spark2	LOAD	21.554	4.199
2026-09-28T00:57:32.592Z	spark1	LOAD	20.741	7.188
2026-09-28T00:57:32.673Z	spark2	LOAD	21.552	4.196
2026-09-28T00:57:32.843Z	spark1	LOAD	20.746	7.188
2026-09-28T00:57:32.924Z	spark2	LOAD	21.552	4.196
2026-09-28T00:57:33.093Z	spark1	LOAD	20.704	7.188
2026-09-28T00:57:33.174Z	spark2	LOAD	21.552	4.196
2026-09-28T00:57:33.360Z	spark1	LOAD	20.657	7.188
2026-09-28T00:57:33.425Z	spark2	LOAD	21.552	4.196
2026-09-28T00:57:33.611Z	spark1	LOAD	20.616	7.188
2026-09-28T00:57:33.690Z	spark2	LOAD	21.551	4.196
2026-09-28T00:57:33.861Z	spark1	LOAD	20.573	7.188
2026-09-28T00:57:33.940Z	spark2	LOAD	21.552	4.196
2026-09-28T00:57:34.111Z	spark1	LOAD	20.314	7.188
2026-09-28T00:57:34.191Z	spark2	LOAD	21.552	4.196
2026-09-28T00:57:34.380Z	spark1	LOAD	19.940	7.188
2026-09-28T00:57:34.441Z	spark2	LOAD	21.552	4.196
2026-09-28T00:57:34.631Z	spark1	LOAD	19.903	7.188
2026-09-28T00:57:34.705Z	spark2	LOAD	21.552	4.196
2026-09-28T00:57:34.881Z	spark1	LOAD	20.379	7.188
2026-09-28T00:57:34.956Z	spark2	LOAD	21.554	4.196
2026-09-28T00:57:35.132Z	spark1	LOAD	20.112	7.188
2026-09-28T00:57:35.207Z	spark2	LOAD	21.554	4.196
2026-09-28T00:57:35.399Z	spark1	LOAD	19.884	7.188
2026-09-28T00:57:35.458Z	spark2	LOAD	21.554	4.196
2026-09-28T00:57:35.649Z	spark1	LOAD	20.305	7.188
2026-09-28T00:57:35.722Z	spark2	LOAD	21.554	4.196
2026-09-28T00:57:35.899Z	spark1	LOAD	20.259	7.188
2026-09-28T00:57:35.973Z	spark2	LOAD	21.555	4.196
2026-09-28T00:57:36.150Z	spark1	LOAD	19.710	7.188
2026-09-28T00:57:36.224Z	spark2	LOAD	21.555	4.196
2026-09-28T00:57:36.412Z	spark1	LOAD	19.630	7.188
2026-09-28T00:57:36.475Z	spark2	LOAD	21.555	4.196
2026-09-28T00:57:36.662Z	spark1	LOAD	20.157	7.188
2026-09-28T00:57:36.740Z	spark2	LOAD	21.555	4.196
2026-09-28T00:57:36.913Z	spark1	LOAD	20.094	7.188
2026-09-28T00:57:36.990Z	spark2	LOAD	21.555	4.196
2026-09-28T00:57:37.163Z	spark1	LOAD	20.083	7.188
2026-09-28T00:57:37.241Z	spark2	LOAD	21.557	4.196
2026-09-28T00:57:37.425Z	spark1	LOAD	20.043	7.188
2026-09-28T00:57:37.491Z	spark2	LOAD	21.557	4.196
2026-09-28T00:57:37.676Z	spark1	LOAD	19.536	7.188
2026-09-28T00:57:37.756Z	spark2	LOAD	21.557	4.196
2026-09-28T00:57:37.926Z	spark1	LOAD	19.397	7.188
2026-09-28T00:57:38.007Z	spark2	LOAD	21.557	4.196
2026-09-28T00:57:38.176Z	spark1	LOAD	19.360	7.188
2026-09-28T00:57:38.258Z	spark2	LOAD	21.557	4.196
2026-09-28T00:57:38.439Z	spark1	LOAD	19.299	7.188
2026-09-28T00:57:38.508Z	spark2	LOAD	21.557	4.196
2026-09-28T00:57:38.689Z	spark1	LOAD	19.266	7.188
2026-09-28T00:57:38.772Z	spark2	LOAD	21.557	4.196
2026-09-28T00:57:38.939Z	spark1	LOAD	19.210	7.188
2026-09-28T00:57:39.023Z	spark2	LOAD	21.559	4.196
2026-09-28T00:57:39.189Z	spark1	LOAD	19.172	7.188
2026-09-28T00:57:39.274Z	spark2	LOAD	21.559	4.196
2026-09-28T00:57:39.456Z	spark1	LOAD	19.132	7.188
2026-09-28T00:57:39.525Z	spark2	LOAD	21.559	4.196
2026-09-28T00:57:39.706Z	spark1	LOAD	19.104	7.188
2026-09-28T00:57:39.789Z	spark2	LOAD	21.559	4.196
2026-09-28T00:57:39.957Z	spark1	LOAD	19.061	7.188
2026-09-28T00:57:40.040Z	spark2	LOAD	21.559	4.196
2026-09-28T00:57:40.207Z	spark1	LOAD	19.026	7.188
2026-09-28T00:57:40.291Z	spark2	LOAD	21.560	4.196
2026-09-28T00:57:40.474Z	spark1	LOAD	18.987	7.188
2026-09-28T00:57:40.542Z	spark2	LOAD	21.560	4.196
2026-09-28T00:57:40.724Z	spark1	LOAD	18.950	7.188
2026-09-28T00:57:40.806Z	spark2	LOAD	21.560	4.196
2026-09-28T00:57:40.974Z	spark1	LOAD	18.890	7.188
2026-09-28T00:57:41.056Z	spark2	LOAD	21.561	4.196
2026-09-28T00:57:41.224Z	spark1	LOAD	18.856	7.188
2026-09-28T00:57:41.308Z	spark2	LOAD	21.561	4.196
2026-09-28T00:57:41.493Z	spark1	LOAD	18.816	7.188
2026-09-28T00:57:41.559Z	spark2	LOAD	21.561	4.196
2026-09-28T00:57:41.743Z	spark1	LOAD	18.980	7.188
2026-09-28T00:57:41.823Z	spark2	LOAD	21.561	4.196
2026-09-28T00:57:41.994Z	spark1	LOAD	20.633	7.188
2026-09-28T00:57:42.074Z	spark2	LOAD	21.561	4.196
2026-09-28T00:57:42.244Z	spark1	LOAD	21.973	7.188
2026-09-28T00:57:42.324Z	spark2	LOAD	21.563	4.196
2026-09-28T00:57:42.510Z	spark1	LOAD	21.904	7.188
2026-09-28T00:57:42.574Z	spark2	LOAD	21.562	4.196
2026-09-28T00:57:42.761Z	spark1	LOAD	21.882	7.188
2026-09-28T00:57:42.838Z	spark2	LOAD	21.546	4.193
2026-09-28T00:57:43.011Z	spark1	LOAD	21.826	7.188
2026-09-28T00:57:43.089Z	spark2	LOAD	21.534	4.192
2026-09-28T00:57:43.261Z	spark1	LOAD	21.770	7.188
2026-09-28T00:57:43.339Z	spark2	LOAD	21.533	4.188
2026-09-28T00:57:43.529Z	spark1	LOAD	21.735	7.188
2026-09-28T00:57:43.589Z	spark2	LOAD	21.526	4.184
2026-09-28T00:57:43.779Z	spark1	LOAD	21.784	7.188
2026-09-28T00:57:43.850Z	spark2	LOAD	21.526	4.184
2026-09-28T00:57:44.029Z	spark1	LOAD	22.302	7.192
2026-09-28T00:57:44.101Z	spark2	LOAD	21.526	4.184
2026-09-28T00:57:44.280Z	spark1	LOAD	22.255	7.192
2026-09-28T00:57:44.351Z	spark2	LOAD	21.526	4.184
2026-09-28T00:57:44.549Z	spark1	LOAD	22.208	7.192
2026-09-28T00:57:44.602Z	spark2	LOAD	21.526	4.184
2026-09-28T00:57:44.799Z	spark1	LOAD	22.165	7.192
2026-09-28T00:57:44.867Z	spark2	LOAD	21.526	4.184
2026-09-28T00:57:45.049Z	spark1	LOAD	22.094	7.192
2026-09-28T00:57:45.117Z	spark2	LOAD	21.526	4.184
2026-09-28T00:57:45.300Z	spark1	LOAD	22.052	7.192
2026-09-28T00:57:45.368Z	spark2	LOAD	21.526	4.184
2026-09-28T00:57:45.568Z	spark1	LOAD	22.010	7.192
2026-09-28T00:57:45.619Z	spark2	LOAD	21.526	4.184
2026-09-28T00:57:45.819Z	spark1	LOAD	21.974	7.192
2026-09-28T00:57:45.883Z	spark2	LOAD	21.526	4.184
2026-09-28T00:57:46.069Z	spark1	LOAD	21.934	7.192
2026-09-28T00:57:46.134Z	spark2	LOAD	21.526	4.184
2026-09-28T00:57:46.320Z	spark1	LOAD	21.902	7.192
2026-09-28T00:57:46.384Z	spark2	LOAD	21.526	4.184
2026-09-28T00:57:46.582Z	spark1	LOAD	21.865	7.192
2026-09-28T00:57:46.635Z	spark2	LOAD	21.526	4.184
2026-09-28T00:57:46.833Z	spark1	LOAD	21.830	7.192
2026-09-28T00:57:46.900Z	spark2	LOAD	21.527	4.184
2026-09-28T00:57:47.083Z	spark1	LOAD	21.767	7.192
2026-09-28T00:57:47.150Z	spark2	LOAD	21.527	4.184
2026-09-28T00:57:47.333Z	spark1	LOAD	21.734	7.192
2026-09-28T00:57:47.402Z	spark2	LOAD	21.527	4.184
2026-09-28T00:57:47.599Z	spark1	LOAD	21.683	7.192
2026-09-28T00:57:47.652Z	spark2	LOAD	21.527	4.184
2026-09-28T00:57:47.850Z	spark1	LOAD	21.646	7.192
2026-09-28T00:57:47.916Z	spark2	LOAD	21.527	4.184
2026-09-28T00:57:48.100Z	spark1	LOAD	21.615	7.192
2026-09-28T00:57:48.166Z	spark2	LOAD	21.527	4.184
2026-09-28T00:57:48.350Z	spark1	LOAD	21.577	7.192
2026-09-28T00:57:48.417Z	spark2	LOAD	21.527	4.184
2026-09-28T00:57:48.617Z	spark1	LOAD	21.513	7.192
2026-09-28T00:57:48.668Z	spark2	LOAD	21.527	4.184
2026-09-28T00:57:48.867Z	spark1	LOAD	21.480	7.192
2026-09-28T00:57:48.933Z	spark2	LOAD	21.528	4.184
2026-09-28T00:57:49.117Z	spark1	LOAD	21.422	7.192
2026-09-28T00:57:49.183Z	spark2	LOAD	21.529	4.184
2026-09-28T00:57:49.367Z	spark1	LOAD	21.383	7.192
2026-09-28T00:57:49.434Z	spark2	LOAD	21.529	4.184
2026-09-28T00:57:49.634Z	spark1	LOAD	21.033	7.192
2026-09-28T00:57:49.685Z	spark2	LOAD	21.529	4.184
2026-09-28T00:57:49.884Z	spark1	LOAD	20.758	7.192
2026-09-28T00:57:49.949Z	spark2	LOAD	21.530	4.184
2026-09-28T00:57:50.135Z	spark1	LOAD	20.717	7.192
2026-09-28T00:57:50.200Z	spark2	LOAD	21.530	4.184
2026-09-28T00:57:50.385Z	spark1	LOAD	20.679	7.192
2026-09-28T00:57:50.451Z	spark2	LOAD	21.530	4.184
2026-09-28T00:57:50.653Z	spark1	LOAD	20.636	7.192
2026-09-28T00:57:50.701Z	spark2	LOAD	21.530	4.184
2026-09-28T00:57:50.903Z	spark1	LOAD	21.205	7.192
2026-09-28T00:57:50.965Z	spark2	LOAD	21.530	4.184
2026-09-28T00:57:51.154Z	spark1	LOAD	21.163	7.192
2026-09-28T00:57:51.216Z	spark2	LOAD	21.530	4.184
2026-09-28T00:57:51.404Z	spark1	LOAD	21.053	7.192
2026-09-28T00:57:51.466Z	spark2	LOAD	21.530	4.184
2026-09-28T00:57:51.671Z	spark1	LOAD	21.042	7.192
2026-09-28T00:57:51.717Z	spark2	LOAD	21.530	4.184
2026-09-28T00:57:51.922Z	spark1	LOAD	21.011	7.192
2026-09-28T00:57:51.982Z	spark2	LOAD	21.530	4.184
2026-09-28T00:57:52.172Z	spark1	LOAD	20.986	7.208
2026-09-28T00:57:52.232Z	spark2	LOAD	21.530	4.184
2026-09-28T00:57:52.422Z	spark1	LOAD	20.953	7.208
2026-09-28T00:57:52.483Z	spark2	LOAD	21.530	4.184
2026-09-28T00:57:52.684Z	spark1	LOAD	20.875	7.208
2026-09-28T00:57:52.734Z	spark2	LOAD	21.530	4.184
2026-09-28T00:57:52.934Z	spark1	LOAD	20.318	7.208
2026-09-28T00:57:52.998Z	spark2	LOAD	21.530	4.184
2026-09-28T00:57:53.184Z	spark1	LOAD	20.267	7.208
2026-09-28T00:57:53.249Z	spark2	LOAD	21.530	4.184
2026-09-28T00:57:53.434Z	spark1	LOAD	20.169	7.208
2026-09-28T00:57:53.500Z	spark2	LOAD	21.530	4.184
2026-09-28T00:57:53.702Z	spark1	LOAD	20.127	7.208
2026-09-28T00:57:53.749Z	spark2	LOAD	21.526	4.182
2026-09-28T00:57:53.952Z	spark1	LOAD	20.715	7.208
2026-09-28T00:57:54.014Z	spark2	LOAD	21.517	4.180
2026-09-28T00:57:54.203Z	spark1	LOAD	20.505	7.208
2026-09-28T00:57:54.265Z	spark2	LOAD	21.513	4.178
2026-09-28T00:57:54.453Z	spark1	LOAD	20.169	7.208
2026-09-28T00:57:54.516Z	spark2	LOAD	21.513	4.178
2026-09-28T00:57:54.720Z	spark1	LOAD	20.578	7.209
2026-09-28T00:57:54.767Z	spark2	LOAD	21.513	4.178
2026-09-28T00:57:54.971Z	spark1	LOAD	20.538	7.209
2026-09-28T00:57:55.032Z	spark2	LOAD	21.513	4.178
2026-09-28T00:57:55.221Z	spark1	LOAD	20.496	7.209
2026-09-28T00:57:55.283Z	spark2	LOAD	21.513	4.178
2026-09-28T00:57:55.472Z	spark1	LOAD	20.443	7.210
2026-09-28T00:57:55.534Z	spark2	LOAD	21.513	4.178
2026-09-28T00:57:55.734Z	spark1	LOAD	20.402	7.210
2026-09-28T00:57:55.785Z	spark2	LOAD	21.513	4.178
2026-09-28T00:57:55.985Z	spark1	LOAD	20.379	7.210
2026-09-28T00:57:56.049Z	spark2	LOAD	21.513	4.178
2026-09-28T00:57:56.235Z	spark1	LOAD	20.344	7.210
2026-09-28T00:57:56.301Z	spark2	LOAD	21.515	4.178
2026-09-28T00:57:56.486Z	spark1	LOAD	20.313	7.210
2026-09-28T00:57:56.550Z	spark2	LOAD	21.515	4.178
2026-09-28T00:57:56.748Z	spark1	LOAD	20.297	7.211
2026-09-28T00:57:56.801Z	spark2	LOAD	21.515	4.178
2026-09-28T00:57:56.998Z	spark1	LOAD	20.262	7.211
2026-09-28T00:57:57.064Z	spark2	LOAD	21.515	4.178
2026-09-28T00:57:57.248Z	spark1	LOAD	20.224	7.212
2026-09-28T00:57:57.316Z	spark2	LOAD	21.515	4.178
2026-09-28T00:57:57.499Z	spark1	LOAD	20.162	7.212
2026-09-28T00:57:57.566Z	spark2	LOAD	21.515	4.178
2026-09-28T00:57:57.760Z	spark1	LOAD	20.109	7.212
2026-09-28T00:57:57.817Z	spark2	LOAD	21.515	4.178
2026-09-28T00:57:58.011Z	spark1	LOAD	20.099	7.212
2026-09-28T00:57:58.081Z	spark2	LOAD	21.515	4.178
2026-09-28T00:57:58.262Z	spark1	LOAD	19.603	7.212
2026-09-28T00:57:58.332Z	spark2	LOAD	21.515	4.178
2026-09-28T00:57:58.512Z	spark1	LOAD	19.455	7.212
2026-09-28T00:57:58.582Z	spark2	LOAD	21.515	4.178
2026-09-28T00:57:58.779Z	spark1	LOAD	19.961	7.212
2026-09-28T00:57:58.833Z	spark2	LOAD	21.515	4.178
2026-09-28T00:57:59.029Z	spark1	LOAD	19.944	7.214
2026-09-28T00:57:59.097Z	spark2	LOAD	21.515	4.178
2026-09-28T00:57:59.280Z	spark1	LOAD	19.903	7.214
2026-09-28T00:57:59.348Z	spark2	LOAD	21.515	4.178
2026-09-28T00:57:59.531Z	spark1	LOAD	19.839	7.214
2026-09-28T00:57:59.598Z	spark2	LOAD	21.515	4.178
2026-09-28T00:57:59.799Z	spark1	LOAD	19.812	7.214
2026-09-28T00:57:59.849Z	spark2	LOAD	21.515	4.178
2026-09-28T00:58:00.049Z	spark1	LOAD	19.774	7.214
2026-09-28T00:58:00.113Z	spark2	LOAD	21.515	4.178
2026-09-28T00:58:00.299Z	spark1	LOAD	19.736	7.214
2026-09-28T00:58:00.364Z	spark2	LOAD	21.515	4.178
2026-09-28T00:58:00.549Z	spark1	LOAD	19.701	7.214
2026-09-28T00:58:00.614Z	spark2	LOAD	21.515	4.178
2026-09-28T00:58:00.816Z	spark1	LOAD	19.124	7.214
2026-09-28T00:58:00.865Z	spark2	LOAD	21.515	4.178
2026-09-28T00:58:01.067Z	spark1	LOAD	19.094	7.214
2026-09-28T00:58:01.130Z	spark2	LOAD	21.515	4.178
2026-09-28T00:58:01.318Z	spark1	LOAD	19.052	7.214
2026-09-28T00:58:01.380Z	spark2	LOAD	21.515	4.178
2026-09-28T00:58:01.568Z	spark1	LOAD	18.984	7.214
2026-09-28T00:58:01.631Z	spark2	LOAD	21.515	4.178
2026-09-28T00:58:01.830Z	spark1	LOAD	19.512	7.215
2026-09-28T00:58:01.881Z	spark2	LOAD	21.515	4.178
2026-09-28T00:58:02.081Z	spark1	LOAD	19.463	7.215
2026-09-28T00:58:02.146Z	spark2	LOAD	21.515	4.178
2026-09-28T00:58:02.331Z	spark1	LOAD	19.423	7.215
2026-09-28T00:58:02.396Z	spark2	LOAD	21.515	4.178
2026-09-28T00:58:02.581Z	spark1	LOAD	19.367	7.215
2026-09-28T00:58:02.647Z	spark2	LOAD	21.515	4.178
2026-09-28T00:58:02.843Z	spark1	LOAD	19.319	7.215
2026-09-28T00:58:02.898Z	spark2	LOAD	21.515	4.178
2026-09-28T00:58:03.093Z	spark1	LOAD	19.276	7.215
2026-09-28T00:58:03.164Z	spark2	LOAD	21.515	4.178
2026-09-28T00:58:03.344Z	spark1	LOAD	19.237	7.215
2026-09-28T00:58:03.414Z	spark2	LOAD	21.515	4.178
2026-09-28T00:58:03.594Z	spark1	LOAD	20.018	7.214
2026-09-28T00:58:03.665Z	spark2	LOAD	21.515	4.178
2026-09-28T00:58:03.861Z	spark1	LOAD	22.112	7.214
2026-09-28T00:58:03.916Z	spark2	LOAD	21.515	4.178
2026-09-28T00:58:04.111Z	spark1	LOAD	22.357	7.214
2026-09-28T00:58:04.180Z	spark2	LOAD	21.515	4.178
2026-09-28T00:58:04.361Z	spark1	LOAD	21.852	7.214
2026-09-28T00:58:04.430Z	spark2	LOAD	21.514	4.178
2026-09-28T00:58:04.612Z	spark1	LOAD	21.816	7.214
2026-09-28T00:58:04.680Z	spark2	LOAD	21.512	4.176
2026-09-28T00:58:04.875Z	spark1	LOAD	21.855	7.214
2026-09-28T00:58:04.930Z	spark2	LOAD	21.504	4.175
2026-09-28T00:58:05.125Z	spark1	LOAD	21.784	7.214
2026-09-28T00:58:05.190Z	spark2	LOAD	21.499	4.172
2026-09-28T00:58:05.376Z	spark1	LOAD	21.736	7.214
2026-09-28T00:58:05.441Z	spark2	LOAD	21.499	4.172
2026-09-28T00:58:05.626Z	spark1	LOAD	21.672	7.214
2026-09-28T00:58:05.692Z	spark2	LOAD	21.499	4.172
2026-09-28T00:58:05.893Z	spark1	LOAD	21.641	7.214
2026-09-28T00:58:05.943Z	spark2	LOAD	21.499	4.172
2026-09-28T00:58:06.144Z	spark1	LOAD	21.632	7.214
2026-09-28T00:58:06.208Z	spark2	LOAD	21.500	4.172
2026-09-28T00:58:06.394Z	spark1	LOAD	21.585	7.214
2026-09-28T00:58:06.458Z	spark2	LOAD	21.500	4.172
2026-09-28T00:58:06.644Z	spark1	LOAD	21.545	7.214
2026-09-28T00:58:06.709Z	spark2	LOAD	21.500	4.172
2026-09-28T00:58:06.907Z	spark1	LOAD	21.516	7.214
2026-09-28T00:58:06.959Z	spark2	LOAD	21.500	4.172
2026-09-28T00:58:07.157Z	spark1	LOAD	21.485	7.214
2026-09-28T00:58:07.221Z	spark2	LOAD	21.501	4.172
2026-09-28T00:58:07.408Z	spark1	LOAD	21.442	7.214
2026-09-28T00:58:07.472Z	spark2	LOAD	21.501	4.172
2026-09-28T00:58:07.658Z	spark1	LOAD	21.397	7.214
2026-09-28T00:58:07.721Z	spark2	LOAD	21.501	4.172
2026-09-28T00:58:07.925Z	spark1	LOAD	21.352	7.214
2026-09-28T00:58:07.973Z	spark2	LOAD	21.501	4.172
2026-09-28T00:58:08.175Z	spark1	LOAD	21.325	7.214
2026-09-28T00:58:08.237Z	spark2	LOAD	21.501	4.172
2026-09-28T00:58:08.426Z	spark1	LOAD	21.289	7.214
2026-09-28T00:58:08.488Z	spark2	LOAD	21.501	4.172
2026-09-28T00:58:08.676Z	spark1	LOAD	21.238	7.214
2026-09-28T00:58:08.739Z	spark2	LOAD	21.501	4.172
2026-09-28T00:58:08.943Z	spark1	LOAD	21.211	7.214
2026-09-28T00:58:08.990Z	spark2	LOAD	21.503	4.172
2026-09-28T00:58:09.193Z	spark1	LOAD	21.178	7.214
2026-09-28T00:58:09.256Z	spark2	LOAD	21.503	4.172
2026-09-28T00:58:09.443Z	spark1	LOAD	21.144	7.214
2026-09-28T00:58:09.506Z	spark2	LOAD	21.503	4.172
2026-09-28T00:58:09.694Z	spark1	LOAD	21.086	7.214
2026-09-28T00:58:09.757Z	spark2	LOAD	21.503	4.172
2026-09-28T00:58:09.955Z	spark1	LOAD	21.041	7.214
2026-09-28T00:58:10.009Z	spark2	LOAD	21.503	4.172
2026-09-28T00:58:10.205Z	spark1	LOAD	21.011	7.214
2026-09-28T00:58:10.269Z	spark2	LOAD	21.503	4.172
2026-09-28T00:58:10.455Z	spark1	LOAD	20.976	7.214
2026-09-28T00:58:10.519Z	spark2	LOAD	21.503	4.172
2026-09-28T00:58:10.706Z	spark1	LOAD	20.942	7.214
2026-09-28T00:58:10.770Z	spark2	LOAD	21.503	4.172
2026-09-28T00:58:10.975Z	spark1	LOAD	20.899	7.214
2026-09-28T00:58:11.020Z	spark2	LOAD	21.503	4.172
2026-09-28T00:58:11.225Z	spark1	LOAD	20.864	7.214
2026-09-28T00:58:11.285Z	spark2	LOAD	21.503	4.172
2026-09-28T00:58:11.475Z	spark1	LOAD	20.833	7.214
2026-09-28T00:58:11.536Z	spark2	LOAD	21.503	4.172
2026-09-28T00:58:11.726Z	spark1	LOAD	20.800	7.214
2026-09-28T00:58:11.786Z	spark2	LOAD	21.503	4.172
2026-09-28T00:58:11.987Z	spark1	LOAD	20.738	7.214
2026-09-28T00:58:12.038Z	spark2	LOAD	21.503	4.172
2026-09-28T00:58:12.238Z	spark1	LOAD	20.704	7.214
2026-09-28T00:58:12.298Z	spark2	LOAD	21.503	4.172
2026-09-28T00:58:12.488Z	spark1	LOAD	20.675	7.214
2026-09-28T00:58:12.549Z	spark2	LOAD	21.503	4.172
2026-09-28T00:58:12.738Z	spark1	LOAD	20.621	7.214
2026-09-28T00:58:12.800Z	spark2	LOAD	21.503	4.172
2026-09-28T00:58:13.005Z	spark1	LOAD	20.587	7.214
2026-09-28T00:58:13.051Z	spark2	LOAD	21.503	4.172
2026-09-28T00:58:13.255Z	spark1	LOAD	20.551	7.214
2026-09-28T00:58:13.313Z	spark2	LOAD	21.503	4.172
2026-09-28T00:58:13.506Z	spark1	LOAD	20.518	7.214
2026-09-28T00:58:13.564Z	spark2	LOAD	21.503	4.172
2026-09-28T00:58:13.756Z	spark1	LOAD	20.480	7.214
2026-09-28T00:58:13.814Z	spark2	LOAD	21.503	4.172
2026-09-28T00:58:14.023Z	spark1	LOAD	21.050	7.214
2026-09-28T00:58:14.065Z	spark2	LOAD	21.503	4.172
2026-09-28T00:58:14.273Z	spark1	LOAD	21.009	7.214
2026-09-28T00:58:14.325Z	spark2	LOAD	21.503	4.172
2026-09-28T00:58:14.524Z	spark1	LOAD	20.965	7.214
2026-09-28T00:58:14.577Z	spark2	LOAD	21.503	4.172
2026-09-28T00:58:14.774Z	spark1	LOAD	20.385	7.214
2026-09-28T00:58:14.827Z	spark2	LOAD	21.503	4.172
2026-09-28T00:58:15.043Z	spark1	LOAD	20.864	7.214
2026-09-28T00:58:15.077Z	spark2	LOAD	21.503	4.172
2026-09-28T00:58:15.293Z	spark1	LOAD	20.774	7.215
2026-09-28T00:58:15.343Z	spark2	LOAD	21.503	4.172
2026-09-28T00:58:15.544Z	spark1	LOAD	20.768	7.215
2026-09-28T00:58:15.593Z	spark2	LOAD	21.487	4.170
2026-09-28T00:58:15.794Z	spark1	LOAD	20.738	7.215
2026-09-28T00:58:15.843Z	spark2	LOAD	21.502	4.169
2026-09-28T00:58:16.058Z	spark1	LOAD	20.674	7.215
2026-09-28T00:58:16.094Z	spark2	LOAD	21.483	4.169
2026-09-28T00:58:16.308Z	spark1	LOAD	20.612	7.215
2026-09-28T00:58:16.354Z	spark2	LOAD	21.496	4.167
2026-09-28T00:58:16.558Z	spark1	LOAD	20.578	7.215
2026-09-28T00:58:16.604Z	spark2	LOAD	21.496	4.164
2026-09-28T00:58:16.809Z	spark1	LOAD	20.551	7.215
2026-09-28T00:58:16.855Z	spark2	LOAD	21.496	4.164
2026-09-28T00:58:17.075Z	spark1	LOAD	20.550	7.215
2026-09-28T00:58:17.106Z	spark2	LOAD	21.496	4.164
2026-09-28T00:58:17.326Z	spark1	LOAD	20.510	7.215
2026-09-28T00:58:17.367Z	spark2	LOAD	21.496	4.164
2026-09-28T00:58:17.576Z	spark1	LOAD	20.473	7.215
2026-09-28T00:58:17.617Z	spark2	LOAD	21.496	4.164
2026-09-28T00:58:17.826Z	spark1	LOAD	19.867	7.214
2026-09-28T00:58:17.868Z	spark2	LOAD	21.496	4.164
2026-09-28T00:58:18.094Z	spark1	LOAD	19.793	7.214
2026-09-28T00:58:18.119Z	spark2	LOAD	21.496	4.164
2026-09-28T00:58:18.344Z	spark1	LOAD	19.755	7.214
2026-09-28T00:58:18.385Z	spark2	LOAD	21.496	4.164
2026-09-28T00:58:18.595Z	spark1	LOAD	20.286	7.215
2026-09-28T00:58:18.635Z	spark2	LOAD	21.496	4.164
2026-09-28T00:58:18.845Z	spark1	LOAD	20.268	7.215
2026-09-28T00:58:18.886Z	spark2	LOAD	21.496	4.164
2026-09-28T00:58:19.107Z	spark1	LOAD	19.805	7.215
2026-09-28T00:58:19.137Z	spark2	LOAD	21.496	4.164
2026-09-28T00:58:19.358Z	spark1	LOAD	20.210	7.215
2026-09-28T00:58:19.402Z	spark2	LOAD	21.496	4.164
2026-09-28T00:58:19.608Z	spark1	LOAD	19.951	7.215
2026-09-28T00:58:19.652Z	spark2	LOAD	21.496	4.164
2026-09-28T00:58:19.858Z	spark1	LOAD	19.611	7.215
2026-09-28T00:58:19.903Z	spark2	LOAD	21.496	4.164
2026-09-28T00:58:20.124Z	spark1	LOAD	20.062	7.216
2026-09-28T00:58:20.153Z	spark2	LOAD	21.496	4.164
2026-09-28T00:58:20.375Z	spark1	LOAD	20.060	7.216
2026-09-28T00:58:20.414Z	spark2	LOAD	21.496	4.164
2026-09-28T00:58:20.625Z	spark1	LOAD	20.019	7.216
2026-09-28T00:58:20.664Z	spark2	LOAD	21.496	4.164
2026-09-28T00:58:20.875Z	spark1	LOAD	19.981	7.216
2026-09-28T00:58:20.915Z	spark2	LOAD	21.496	4.164
2026-09-28T00:58:21.142Z	spark1	LOAD	19.932	7.216
2026-09-28T00:58:21.166Z	spark2	LOAD	21.496	4.164
2026-09-28T00:58:21.393Z	spark1	LOAD	19.890	7.216
2026-09-28T00:58:21.427Z	spark2	LOAD	21.496	4.164
2026-09-28T00:58:21.644Z	spark1	LOAD	19.846	7.216
2026-09-28T00:58:21.678Z	spark2	LOAD	21.496	4.164
2026-09-28T00:58:21.894Z	spark1	LOAD	19.804	7.216
2026-09-28T00:58:21.929Z	spark2	LOAD	21.496	4.164
2026-09-28T00:58:22.162Z	spark1	LOAD	19.734	7.216
2026-09-28T00:58:22.180Z	spark2	LOAD	21.496	4.164
2026-09-28T00:58:22.412Z	spark1	LOAD	19.691	7.216
2026-09-28T00:58:22.445Z	spark2	LOAD	21.496	4.164
2026-09-28T00:58:22.662Z	spark1	LOAD	19.636	7.216
2026-09-28T00:58:22.695Z	spark2	LOAD	21.496	4.164
2026-09-28T00:58:22.913Z	spark1	LOAD	19.603	7.216
2026-09-28T00:58:22.946Z	spark2	LOAD	21.496	4.164
2026-09-28T00:58:23.178Z	spark1	LOAD	19.264	7.216
2026-09-28T00:58:23.197Z	spark2	LOAD	21.496	4.164
2026-09-28T00:58:23.429Z	spark1	LOAD	19.768	7.216
2026-09-28T00:58:23.459Z	spark2	LOAD	21.496	4.164
2026-09-28T00:58:23.680Z	spark1	LOAD	21.415	7.216
2026-09-28T00:58:23.709Z	spark2	LOAD	21.496	4.164
2026-09-28T00:58:23.931Z	spark1	LOAD	22.560	7.216
2026-09-28T00:58:23.959Z	spark2	LOAD	21.496	4.164
2026-09-28T00:58:24.193Z	spark1	LOAD	22.508	7.216
2026-09-28T00:58:24.210Z	spark2	LOAD	21.496	4.164
2026-09-28T00:58:24.443Z	spark1	LOAD	22.475	7.216
2026-09-28T00:58:24.471Z	spark2	LOAD	21.496	4.164
2026-09-28T00:58:24.694Z	spark1	LOAD	22.445	7.216
2026-09-28T00:58:24.722Z	spark2	LOAD	21.496	4.164
2026-09-28T00:58:24.944Z	spark1	LOAD	22.419	7.216
2026-09-28T00:58:24.972Z	spark2	LOAD	21.496	4.164
2026-09-28T00:58:25.213Z	spark1	LOAD	22.368	7.216
2026-09-28T00:58:25.222Z	spark2	LOAD	21.496	4.164
2026-09-28T00:58:25.463Z	spark1	LOAD	22.337	7.216
2026-09-28T00:58:25.486Z	spark2	LOAD	21.496	4.164
2026-09-28T00:58:25.713Z	spark1	LOAD	22.299	7.216
2026-09-28T00:58:25.738Z	spark2	LOAD	21.496	4.164
2026-09-28T00:58:25.964Z	spark1	LOAD	22.268	7.216
2026-09-28T00:58:25.988Z	spark2	LOAD	21.496	4.164
2026-09-28T00:58:26.226Z	spark1	LOAD	22.211	7.216
2026-09-28T00:58:26.239Z	spark2	LOAD	21.496	4.164
2026-09-28T00:58:26.476Z	spark1	LOAD	22.136	7.215
2026-09-28T00:58:26.500Z	spark2	LOAD	21.496	4.164
2026-09-28T00:58:26.726Z	spark1	LOAD	22.097	7.215
2026-09-28T00:58:26.750Z	spark2	LOAD	21.495	4.163
2026-09-28T00:58:26.977Z	spark1	LOAD	22.064	7.215
2026-09-28T00:58:27.000Z	spark2	LOAD	21.473	4.162
2026-09-28T00:58:27.239Z	spark1	LOAD	22.004	7.215
2026-09-28T00:58:27.251Z	spark2	LOAD	21.479	4.160
2026-09-28T00:58:27.489Z	spark1	LOAD	21.974	7.215
2026-09-28T00:58:27.516Z	spark2	LOAD	21.478	4.158
2026-09-28T00:58:27.740Z	spark1	LOAD	21.927	7.215
2026-09-28T00:58:27.767Z	spark2	LOAD	21.478	4.158
2026-09-28T00:58:27.990Z	spark1	LOAD	21.891	7.215
2026-09-28T00:58:28.018Z	spark2	LOAD	21.478	4.158
2026-09-28T00:58:28.259Z	spark1	LOAD	21.824	7.215
2026-09-28T00:58:28.269Z	spark2	LOAD	21.479	4.158
2026-09-28T00:58:28.509Z	spark1	LOAD	21.786	7.215
2026-09-28T00:58:28.529Z	spark2	LOAD	21.479	4.158
2026-09-28T00:58:28.760Z	spark1	LOAD	21.768	7.215
2026-09-28T00:58:28.781Z	spark2	LOAD	21.479	4.158
2026-09-28T00:58:29.010Z	spark1	LOAD	21.737	7.215
2026-09-28T00:58:29.031Z	spark2	LOAD	21.479	4.158
2026-09-28T00:58:29.277Z	spark1	LOAD	21.696	7.215
2026-09-28T00:58:29.283Z	spark2	LOAD	21.479	4.158
2026-09-28T00:58:29.527Z	spark1	LOAD	21.660	7.215
2026-09-28T00:58:29.546Z	spark2	LOAD	21.478	4.158
2026-09-28T00:58:29.777Z	spark1	LOAD	21.621	7.215
2026-09-28T00:58:29.797Z	spark2	LOAD	21.478	4.158
2026-09-28T00:58:30.028Z	spark1	LOAD	21.580	7.215
2026-09-28T00:58:30.048Z	spark2	LOAD	21.478	4.158
2026-09-28T00:58:30.290Z	spark1	LOAD	21.521	7.215
2026-09-28T00:58:30.299Z	spark2	LOAD	21.478	4.158
2026-09-28T00:58:30.541Z	spark1	LOAD	21.478	7.215
2026-09-28T00:58:30.561Z	spark2	LOAD	21.478	4.158
2026-09-28T00:58:30.791Z	spark1	LOAD	21.446	7.215
2026-09-28T00:58:30.811Z	spark2	LOAD	21.480	4.158
2026-09-28T00:58:31.041Z	spark1	LOAD	21.412	7.215
2026-09-28T00:58:31.061Z	spark2	LOAD	21.480	4.158
2026-09-28T00:58:31.310Z	spark1	LOAD	21.369	7.215
2026-09-28T00:58:31.312Z	spark2	LOAD	21.480	4.158
2026-09-28T00:58:31.560Z	spark1	LOAD	21.333	7.215
2026-09-28T00:58:31.577Z	spark2	LOAD	21.480	4.158
2026-09-28T00:58:31.810Z	spark1	LOAD	21.298	7.215
2026-09-28T00:58:31.828Z	spark2	LOAD	21.480	4.158
2026-09-28T00:58:32.061Z	spark1	LOAD	21.260	7.215
2026-09-28T00:58:32.079Z	spark2	LOAD	21.480	4.158
2026-09-28T00:58:32.323Z	spark1	LOAD	21.201	7.215
2026-09-28T00:58:32.329Z	spark2	LOAD	21.482	4.158
2026-09-28T00:58:32.574Z	spark1	LOAD	21.159	7.215
2026-09-28T00:58:32.595Z	spark2	LOAD	21.482	4.158
2026-09-28T00:58:32.824Z	spark1	LOAD	21.114	7.215
2026-09-28T00:58:32.845Z	spark2	LOAD	21.482	4.158
2026-09-28T00:58:33.074Z	spark1	LOAD	21.073	7.215
2026-09-28T00:58:33.095Z	spark2	LOAD	21.483	4.158
2026-09-28T00:58:33.341Z	spark1	LOAD	21.028	7.215
2026-09-28T00:58:33.346Z	spark2	LOAD	21.483	4.158
2026-09-28T00:58:33.591Z	spark1	LOAD	20.988	7.215
2026-09-28T00:58:33.612Z	spark2	LOAD	21.483	4.158
2026-09-28T00:58:33.841Z	spark1	LOAD	20.955	7.215
2026-09-28T00:58:33.861Z	spark2	LOAD	21.483	4.158
2026-09-28T00:58:34.092Z	spark1	LOAD	20.922	7.215
2026-09-28T00:58:34.112Z	spark2	LOAD	21.485	4.158
2026-09-28T00:58:34.358Z	spark1	LOAD	20.885	7.215
2026-09-28T00:58:34.364Z	spark2	LOAD	21.485	4.158
2026-09-28T00:58:34.608Z	spark1	LOAD	20.343	7.215
2026-09-28T00:58:34.628Z	spark2	LOAD	21.485	4.158
2026-09-28T00:58:34.859Z	spark1	LOAD	20.351	7.215
2026-09-28T00:58:34.878Z	spark2	LOAD	21.486	4.158
2026-09-28T00:58:35.109Z	spark1	LOAD	20.308	7.215
2026-09-28T00:58:35.129Z	spark2	LOAD	21.487	4.158
2026-09-28T00:58:35.376Z	spark1	LOAD	20.262	7.215
2026-09-28T00:58:35.380Z	spark2	LOAD	21.487	4.158
2026-09-28T00:58:35.627Z	spark1	LOAD	20.225	7.215
2026-09-28T00:58:35.644Z	spark2	LOAD	21.486	4.158
2026-09-28T00:58:35.877Z	spark1	LOAD	20.184	7.215
2026-09-28T00:58:35.895Z	spark2	LOAD	21.486	4.158
2026-09-28T00:58:36.127Z	spark1	LOAD	20.147	7.215
2026-09-28T00:58:36.146Z	spark2	LOAD	21.487	4.158
2026-09-28T00:58:36.394Z	spark1	LOAD	20.103	7.215
2026-09-28T00:58:36.397Z	spark2	LOAD	21.487	4.158
2026-09-28T00:58:36.644Z	spark1	LOAD	20.610	7.215
2026-09-28T00:58:36.661Z	spark2	LOAD	21.486	4.158
2026-09-28T00:58:36.895Z	spark1	LOAD	20.568	7.215
2026-09-28T00:58:36.912Z	spark2	LOAD	21.487	4.158
2026-09-28T00:58:37.145Z	spark1	LOAD	20.512	7.215
2026-09-28T00:58:37.163Z	spark2	LOAD	21.487	4.158
2026-09-28T00:58:37.413Z	spark2	LOAD	21.487	4.158
2026-09-28T00:58:37.414Z	spark1	LOAD	20.452	7.215
2026-09-28T00:58:37.664Z	spark1	LOAD	20.412	7.215
2026-09-28T00:58:37.677Z	spark2	LOAD	21.485	4.157
2026-09-28T00:58:37.914Z	spark1	LOAD	20.363	7.215
2026-09-28T00:58:37.927Z	spark2	LOAD	21.473	4.156
2026-09-28T00:58:38.165Z	spark1	LOAD	20.222	7.215
2026-09-28T00:58:38.177Z	spark2	LOAD	21.475	4.154
2026-09-28T00:58:38.427Z	spark1	LOAD	20.189	7.215
2026-09-28T00:58:38.429Z	spark2	LOAD	21.473	4.154
2026-09-28T00:58:38.677Z	spark1	LOAD	19.856	7.215
2026-09-28T00:58:38.694Z	spark2	LOAD	21.473	4.154
2026-09-28T00:58:38.927Z	spark1	LOAD	19.645	7.215
2026-09-28T00:58:38.945Z	spark2	LOAD	21.474	4.154
2026-09-28T00:58:39.178Z	spark1	LOAD	19.608	7.215
2026-09-28T00:58:39.195Z	spark2	LOAD	21.474	4.154
2026-09-28T00:58:39.445Z	spark1	LOAD	19.570	7.215
2026-09-28T00:58:39.447Z	spark2	LOAD	21.474	4.154
2026-09-28T00:58:39.696Z	spark1	LOAD	19.535	7.215
2026-09-28T00:58:39.712Z	spark2	LOAD	21.474	4.154
2026-09-28T00:58:39.946Z	spark1	LOAD	19.498	7.215
2026-09-28T00:58:39.962Z	spark2	LOAD	21.478	4.154
2026-09-28T00:58:40.196Z	spark1	LOAD	20.032	7.215
2026-09-28T00:58:40.213Z	spark2	LOAD	21.478	4.154
2026-09-28T00:58:40.464Z	spark2	LOAD	21.478	4.154
2026-09-28T00:58:40.465Z	spark1	LOAD	19.986	7.215
2026-09-28T00:58:40.715Z	spark1	LOAD	19.443	7.215
2026-09-28T00:58:40.728Z	spark2	LOAD	21.478	4.154
2026-09-28T00:58:40.966Z	spark1	LOAD	19.371	7.215
2026-09-28T00:58:40.979Z	spark2	LOAD	21.478	4.154
2026-09-28T00:58:41.216Z	spark1	LOAD	19.329	7.215
2026-09-28T00:58:41.230Z	spark2	LOAD	21.478	4.154
2026-09-28T00:58:41.478Z	spark1	LOAD	19.828	7.215
2026-09-28T00:58:41.480Z	spark2	LOAD	21.478	4.154
2026-09-28T00:58:41.728Z	spark1	LOAD	19.616	7.215
2026-09-28T00:58:41.746Z	spark2	LOAD	21.478	4.154
2026-09-28T00:58:41.979Z	spark1	LOAD	19.225	7.215
2026-09-28T00:58:41.996Z	spark2	LOAD	21.478	4.154
2026-09-28T00:58:42.229Z	spark1	LOAD	19.191	7.215
2026-09-28T00:58:42.247Z	spark2	LOAD	21.478	4.154
2026-09-28T00:58:42.491Z	spark1	LOAD	19.388	7.215
2026-09-28T00:58:42.498Z	spark2	LOAD	21.478	4.154
2026-09-28T00:58:42.741Z	spark1	LOAD	19.069	7.215
2026-09-28T00:58:42.763Z	spark2	LOAD	21.478	4.154
2026-09-28T00:58:42.991Z	spark1	LOAD	19.579	7.215
2026-09-28T00:58:43.013Z	spark2	LOAD	21.478	4.154
2026-09-28T00:58:43.242Z	spark1	LOAD	19.022	7.215
2026-09-28T00:58:43.264Z	spark2	LOAD	21.478	4.154
2026-09-28T00:58:43.508Z	spark1	LOAD	19.517	7.215
2026-09-28T00:58:43.515Z	spark2	LOAD	21.478	4.154
2026-09-28T00:58:43.759Z	spark1	LOAD	19.084	7.215
2026-09-28T00:58:43.780Z	spark2	LOAD	21.478	4.154
2026-09-28T00:58:44.009Z	spark1	LOAD	18.920	7.215
2026-09-28T00:58:44.030Z	spark2	LOAD	21.478	4.154
2026-09-28T00:58:44.260Z	spark1	LOAD	18.880	7.215
2026-09-28T00:58:44.281Z	spark2	LOAD	21.478	4.154
2026-09-28T00:58:44.521Z	spark1	LOAD	19.380	7.215
2026-09-28T00:58:44.532Z	spark2	LOAD	21.478	4.154
2026-09-28T00:58:44.772Z	spark1	LOAD	19.312	7.215
2026-09-28T00:58:44.797Z	spark2	LOAD	21.478	4.154
2026-09-28T00:58:45.022Z	spark1	LOAD	19.274	7.215
2026-09-28T00:58:45.048Z	spark2	LOAD	21.478	4.154
2026-09-28T00:58:45.273Z	spark1	LOAD	20.143	7.215
2026-09-28T00:58:45.298Z	spark2	LOAD	21.478	4.154
2026-09-28T00:58:45.536Z	spark1	LOAD	22.118	7.215
2026-09-28T00:58:45.550Z	spark2	LOAD	21.478	4.154
2026-09-28T00:58:45.786Z	spark1	LOAD	22.546	7.215
2026-09-28T00:58:45.812Z	spark2	LOAD	21.478	4.154
2026-09-28T00:58:46.037Z	spark1	LOAD	22.517	7.215
2026-09-28T00:58:46.063Z	spark2	LOAD	21.478	4.154
2026-09-28T00:58:46.287Z	spark1	LOAD	22.491	7.215
2026-09-28T00:58:46.313Z	spark2	LOAD	21.478	4.154
2026-09-28T00:58:46.554Z	spark1	LOAD	22.455	7.215
2026-09-28T00:58:46.564Z	spark2	LOAD	21.478	4.154
2026-09-28T00:58:46.804Z	spark1	LOAD	22.401	7.215
2026-09-28T00:58:46.829Z	spark2	LOAD	21.478	4.154
2026-09-28T00:58:47.055Z	spark1	LOAD	22.370	7.215
2026-09-28T00:58:47.079Z	spark2	LOAD	21.478	4.153
2026-09-28T00:58:47.305Z	spark1	LOAD	22.339	7.215
2026-09-28T00:58:47.329Z	spark2	LOAD	21.478	4.153
2026-09-28T00:58:47.568Z	spark1	LOAD	22.306	7.215
2026-09-28T00:58:47.580Z	spark2	LOAD	21.478	4.153
2026-09-28T00:58:47.818Z	spark1	LOAD	22.252	7.215
2026-09-28T00:58:47.845Z	spark2	LOAD	21.478	4.153
2026-09-28T00:58:48.068Z	spark1	LOAD	22.212	7.215
2026-09-28T00:58:48.095Z	spark2	LOAD	21.478	4.153
2026-09-28T00:58:48.319Z	spark1	LOAD	22.146	7.214
2026-09-28T00:58:48.346Z	spark2	LOAD	21.478	4.153
2026-09-28T00:58:48.580Z	spark1	LOAD	22.093	7.214
2026-09-28T00:58:48.596Z	spark2	LOAD	21.477	4.153
2026-09-28T00:58:48.830Z	spark1	LOAD	22.044	7.214
2026-09-28T00:58:48.856Z	spark2	LOAD	21.462	4.152
2026-09-28T00:58:49.081Z	spark1	LOAD	22.010	7.214
2026-09-28T00:58:49.106Z	spark2	LOAD	21.470	4.151
2026-09-28T00:58:49.331Z	spark1	LOAD	21.976	7.214
2026-09-28T00:58:49.358Z	spark2	LOAD	21.470	4.149
2026-09-28T00:58:49.598Z	spark1	LOAD	21.941	7.214
2026-09-28T00:58:49.609Z	spark2	LOAD	21.470	4.149
2026-09-28T00:58:49.849Z	spark1	LOAD	21.903	7.214
2026-09-28T00:58:49.875Z	spark2	LOAD	21.469	4.149
2026-09-28T00:58:50.099Z	spark1	LOAD	21.874	7.214
2026-09-28T00:58:50.125Z	spark2	LOAD	21.469	4.149
2026-09-28T00:58:50.349Z	spark1	LOAD	21.841	7.214
2026-09-28T00:58:50.376Z	spark2	LOAD	21.469	4.149
2026-09-28T00:58:50.616Z	spark1	LOAD	21.804	7.214
2026-09-28T00:58:50.626Z	spark2	LOAD	21.469	4.149
2026-09-28T00:58:50.866Z	spark1	LOAD	21.742	7.214
2026-09-28T00:58:50.891Z	spark2	LOAD	21.469	4.149
2026-09-28T00:58:51.116Z	spark1	LOAD	21.701	7.214
2026-09-28T00:58:51.142Z	spark2	LOAD	21.469	4.149
2026-09-28T00:58:51.367Z	spark1	LOAD	21.678	7.214
2026-09-28T00:58:51.393Z	spark2	LOAD	21.469	4.149
2026-09-28T00:58:51.634Z	spark1	LOAD	21.643	7.214
2026-09-28T00:58:51.644Z	spark2	LOAD	21.469	4.149
2026-09-28T00:58:51.885Z	spark1	LOAD	21.612	7.214
2026-09-28T00:58:51.909Z	spark2	LOAD	21.469	4.149
2026-09-28T00:58:52.135Z	spark1	LOAD	21.577	7.214
2026-09-28T00:58:52.159Z	spark2	LOAD	21.469	4.149
2026-09-28T00:58:52.385Z	spark1	LOAD	21.544	7.214
2026-09-28T00:58:52.409Z	spark2	LOAD	21.469	4.149
2026-09-28T00:58:52.652Z	spark1	LOAD	21.505	7.214
2026-09-28T00:58:52.661Z	spark2	LOAD	21.469	4.149
2026-09-28T00:58:52.902Z	spark1	LOAD	21.455	7.214
2026-09-28T00:58:52.925Z	spark2	LOAD	21.471	4.149
2026-09-28T00:58:53.153Z	spark1	LOAD	21.408	7.214
2026-09-28T00:58:53.175Z	spark2	LOAD	21.471	4.149
2026-09-28T00:58:53.403Z	spark1	LOAD	21.374	7.214
2026-09-28T00:58:53.426Z	spark2	LOAD	21.471	4.149
2026-09-28T00:58:53.669Z	spark1	LOAD	21.335	7.214
2026-09-28T00:58:53.677Z	spark2	LOAD	21.471	4.149
2026-09-28T00:58:53.920Z	spark1	LOAD	21.297	7.214
2026-09-28T00:58:53.941Z	spark2	LOAD	21.472	4.149
2026-09-28T00:58:54.170Z	spark1	LOAD	21.255	7.214
2026-09-28T00:58:54.192Z	spark2	LOAD	21.472	4.149
2026-09-28T00:58:54.421Z	spark1	LOAD	21.217	7.214
2026-09-28T00:58:54.443Z	spark2	LOAD	21.472	4.149
2026-09-28T00:58:54.683Z	spark1	LOAD	21.177	7.214
2026-09-28T00:58:54.694Z	spark2	LOAD	21.472	4.149
2026-09-28T00:58:54.934Z	spark1	LOAD	21.143	7.214
2026-09-28T00:58:54.959Z	spark2	LOAD	21.473	4.149
2026-09-28T00:58:55.184Z	spark1	LOAD	20.733	7.214
2026-09-28T00:58:55.210Z	spark2	LOAD	21.473	4.149
2026-09-28T00:58:55.435Z	spark1	LOAD	20.596	7.214
2026-09-28T00:58:55.460Z	spark2	LOAD	21.473	4.149
2026-09-28T00:58:55.701Z	spark1	LOAD	20.554	7.214
2026-09-28T00:58:55.711Z	spark2	LOAD	21.473	4.149
2026-09-28T00:58:55.952Z	spark1	LOAD	20.518	7.214
2026-09-28T00:58:55.976Z	spark2	LOAD	21.473	4.149
2026-09-28T00:58:56.203Z	spark1	LOAD	20.471	7.214
2026-09-28T00:58:56.227Z	spark2	LOAD	21.473	4.149
2026-09-28T00:58:56.453Z	spark1	LOAD	20.432	7.214
2026-09-28T00:58:56.477Z	spark2	LOAD	21.473	4.149
2026-09-28T00:58:56.721Z	spark1	LOAD	20.389	7.214
2026-09-28T00:58:56.728Z	spark2	LOAD	21.473	4.149
2026-09-28T00:58:56.971Z	spark1	LOAD	20.347	7.214
2026-09-28T00:58:56.993Z	spark2	LOAD	21.473	4.149
2026-09-28T00:58:57.222Z	spark1	LOAD	20.272	7.214
2026-09-28T00:58:57.244Z	spark2	LOAD	21.473	4.149
2026-09-28T00:58:57.472Z	spark1	LOAD	20.229	7.214
2026-09-28T00:58:57.493Z	spark2	LOAD	21.473	4.149
2026-09-28T00:58:57.740Z	spark1	LOAD	20.748	7.214
2026-09-28T00:58:57.744Z	spark2	LOAD	21.473	4.149
2026-09-28T00:58:57.990Z	spark1	LOAD	20.698	7.214
2026-09-28T00:58:58.009Z	spark2	LOAD	21.473	4.149
2026-09-28T00:58:58.240Z	spark1	LOAD	20.123	7.214
2026-09-28T00:58:58.260Z	spark2	LOAD	21.473	4.149
2026-09-28T00:58:58.491Z	spark1	LOAD	20.086	7.214
2026-09-28T00:58:58.510Z	spark2	LOAD	21.473	4.149
2026-09-28T00:58:58.759Z	spark1	LOAD	20.051	7.214
2026-09-28T00:58:58.760Z	spark2	LOAD	21.473	4.149
2026-09-28T00:58:59.010Z	spark1	LOAD	20.013	7.214
2026-09-28T00:58:59.020Z	spark2	LOAD	21.473	4.149
2026-09-28T00:58:59.260Z	spark1	LOAD	20.512	7.214
2026-09-28T00:58:59.270Z	spark2	LOAD	21.473	4.149
2026-09-28T00:58:59.510Z	spark1	LOAD	20.462	7.214
2026-09-28T00:58:59.520Z	spark2	LOAD	21.471	4.149
2026-09-28T00:58:59.770Z	spark2	LOAD	21.457	4.148
2026-09-28T00:58:59.777Z	spark1	LOAD	20.359	7.214
2026-09-28T00:59:00.028Z	spark1	LOAD	20.297	7.214
2026-09-28T00:59:00.031Z	spark2	LOAD	21.471	4.147
2026-09-28T00:59:00.278Z	spark1	LOAD	20.258	7.214
2026-09-28T00:59:00.282Z	spark2	LOAD	21.471	4.147
2026-09-28T00:59:00.528Z	spark1	LOAD	20.221	7.214
2026-09-28T00:59:00.533Z	spark2	LOAD	21.471	4.147
2026-09-28T00:59:00.784Z	spark2	LOAD	21.471	4.147
2026-09-28T00:59:00.790Z	spark1	LOAD	19.703	7.214
2026-09-28T00:59:01.041Z	spark1	LOAD	20.230	7.214
2026-09-28T00:59:01.045Z	spark2	LOAD	21.471	4.147
2026-09-28T00:59:01.291Z	spark1	LOAD	20.165	7.214
2026-09-28T00:59:01.296Z	spark2	LOAD	21.471	4.147
2026-09-28T00:59:01.542Z	spark1	LOAD	20.128	7.214
2026-09-28T00:59:01.547Z	spark2	LOAD	21.471	4.147
2026-09-28T00:59:01.797Z	spark2	LOAD	21.471	4.147
2026-09-28T00:59:01.808Z	spark1	LOAD	20.126	7.217
2026-09-28T00:59:02.058Z	spark2	LOAD	21.471	4.147
2026-09-28T00:59:02.059Z	spark1	LOAD	20.081	7.217
2026-09-28T00:59:02.309Z	spark1	LOAD	20.042	7.217
2026-09-28T00:59:02.309Z	spark2	LOAD	21.471	4.147
2026-09-28T00:59:02.559Z	spark1	LOAD	19.473	7.217
2026-09-28T00:59:02.561Z	spark2	LOAD	21.471	4.147
2026-09-28T00:59:02.810Z	spark2	LOAD	21.471	4.147
2026-09-28T00:59:02.821Z	spark1	LOAD	19.958	7.217
2026-09-28T00:59:03.071Z	spark2	LOAD	21.472	4.147
2026-09-28T00:59:03.072Z	spark1	LOAD	19.937	7.217
2026-09-28T00:59:03.322Z	spark1	LOAD	19.861	7.217
2026-09-28T00:59:03.323Z	spark2	LOAD	21.472	4.147
2026-09-28T00:59:03.572Z	spark1	LOAD	19.821	7.217
2026-09-28T00:59:03.573Z	spark2	LOAD	21.472	4.147
2026-09-28T00:59:03.825Z	spark2	LOAD	21.472	4.147
2026-09-28T00:59:03.839Z	spark1	LOAD	19.781	7.217
2026-09-28T00:59:04.085Z	spark2	LOAD	21.471	4.147
2026-09-28T00:59:04.089Z	spark1	LOAD	19.744	7.217
2026-09-28T00:59:04.336Z	spark2	LOAD	21.471	4.147
2026-09-28T00:59:04.340Z	spark1	LOAD	19.705	7.217
2026-09-28T00:59:04.587Z	spark2	LOAD	21.471	4.147
2026-09-28T00:59:04.590Z	spark1	LOAD	19.666	7.217
2026-09-28T00:59:04.837Z	spark2	LOAD	21.471	4.147
2026-09-28T00:59:04.853Z	spark1	LOAD	19.398	7.217
2026-09-28T00:59:05.101Z	spark2	LOAD	21.471	4.147
2026-09-28T00:59:05.103Z	spark1	LOAD	19.050	7.217
2026-09-28T00:59:05.352Z	spark2	LOAD	21.471	4.147
2026-09-28T00:59:05.353Z	spark1	LOAD	18.981	7.217
2026-09-28T00:59:05.602Z	spark2	LOAD	21.471	4.147
2026-09-28T00:59:05.604Z	spark1	LOAD	19.516	7.217
2026-09-28T00:59:05.854Z	spark2	LOAD	21.471	4.147
2026-09-28T00:59:05.871Z	spark1	LOAD	19.472	7.217
2026-09-28T00:59:06.114Z	spark2	LOAD	21.471	4.147
2026-09-28T00:59:06.121Z	spark1	LOAD	19.440	7.217
2026-09-28T00:59:06.365Z	spark2	LOAD	21.471	4.147
2026-09-28T00:59:06.372Z	spark1	LOAD	19.405	7.217
2026-09-28T00:59:06.616Z	spark2	LOAD	21.471	4.147
2026-09-28T00:59:06.622Z	spark1	LOAD	20.409	7.216
2026-09-28T00:59:06.867Z	spark2	LOAD	21.471	4.147
2026-09-28T00:59:06.890Z	spark1	LOAD	22.481	7.216
2026-09-28T00:59:07.132Z	spark2	LOAD	21.470	4.147
2026-09-28T00:59:07.140Z	spark1	LOAD	22.542	7.216
2026-09-28T00:59:07.383Z	spark2	LOAD	21.470	4.147
2026-09-28T00:59:07.390Z	spark1	LOAD	22.482	7.216
2026-09-28T00:59:07.634Z	spark2	LOAD	21.470	4.147
2026-09-28T00:59:07.641Z	spark1	LOAD	22.437	7.216
2026-09-28T00:59:07.885Z	spark2	LOAD	21.470	4.147
2026-09-28T00:59:07.903Z	spark1	LOAD	22.394	7.216
2026-09-28T00:59:08.150Z	spark2	LOAD	21.470	4.147
2026-09-28T00:59:08.153Z	spark1	LOAD	22.357	7.216
2026-09-28T00:59:08.401Z	spark2	LOAD	21.470	4.147
2026-09-28T00:59:08.404Z	spark1	LOAD	22.324	7.216
2026-09-28T00:59:08.651Z	spark2	LOAD	21.470	4.147
2026-09-28T00:59:08.654Z	spark1	LOAD	22.262	7.216
2026-09-28T00:59:08.902Z	spark2	LOAD	21.470	4.147
2026-09-28T00:59:08.917Z	spark1	LOAD	22.217	7.214
2026-09-28T00:59:09.164Z	spark2	LOAD	21.470	4.147
2026-09-28T00:59:09.167Z	spark1	LOAD	22.179	7.214
2026-09-28T00:59:09.414Z	spark2	LOAD	21.470	4.147
2026-09-28T00:59:09.417Z	spark1	LOAD	22.113	7.214
2026-09-28T00:59:09.665Z	spark2	LOAD	21.470	4.147
2026-09-28T00:59:09.667Z	spark1	LOAD	22.077	7.214
2026-09-28T00:59:09.916Z	spark2	LOAD	21.470	4.147
2026-09-28T00:59:09.929Z	spark1	LOAD	22.044	7.214
2026-09-28T00:59:10.177Z	spark2	LOAD	21.470	4.147
2026-09-28T00:59:10.179Z	spark1	LOAD	21.976	7.214
2026-09-28T00:59:10.427Z	spark2	LOAD	21.469	4.146
2026-09-28T00:59:10.429Z	spark1	LOAD	21.893	7.214
2026-09-28T00:59:10.677Z	spark2	LOAD	21.465	4.146
2026-09-28T00:59:10.680Z	spark1	LOAD	21.827	7.214
2026-09-28T00:59:10.928Z	spark2	LOAD	21.465	4.145
2026-09-28T00:59:10.942Z	spark1	LOAD	21.764	7.214
2026-09-28T00:59:11.193Z	spark1	LOAD	21.705	7.214
2026-09-28T00:59:11.194Z	spark2	LOAD	21.464	4.145
2026-09-28T00:59:11.443Z	spark1	LOAD	21.592	7.214
2026-09-28T00:59:11.445Z	spark2	LOAD	21.464	4.145
2026-09-28T00:59:11.693Z	spark1	LOAD	21.534	7.214
2026-09-28T00:59:11.695Z	spark2	LOAD	21.465	4.145
2026-09-28T00:59:11.947Z	spark2	LOAD	21.465	4.145
2026-09-28T00:59:11.962Z	spark1	LOAD	21.489	7.213
2026-09-28T00:59:12.207Z	spark2	LOAD	21.465	4.145
2026-09-28T00:59:12.212Z	spark1	LOAD	21.461	7.213
2026-09-28T00:59:12.458Z	spark2	LOAD	21.465	4.145
2026-09-28T00:59:12.463Z	spark1	LOAD	21.430	7.213
2026-09-28T00:59:12.708Z	spark2	LOAD	21.465	4.145
2026-09-28T00:59:12.713Z	spark1	LOAD	21.403	7.213
2026-09-28T00:59:12.959Z	spark2	LOAD	21.465	4.145
2026-09-28T00:59:12.981Z	spark1	LOAD	21.354	7.213
2026-09-28T00:59:13.219Z	spark2	LOAD	21.464	4.145
2026-09-28T00:59:13.231Z	spark1	LOAD	21.344	7.213
2026-09-28T00:59:13.470Z	spark2	LOAD	21.464	4.145
2026-09-28T00:59:13.481Z	spark1	LOAD	21.341	7.213
2026-09-28T00:59:13.721Z	spark2	LOAD	21.464	4.145
2026-09-28T00:59:13.731Z	spark1	LOAD	21.314	7.213
2026-09-28T00:59:13.972Z	spark2	LOAD	21.466	4.145
2026-09-28T00:59:13.998Z	spark1	LOAD	21.315	7.214
2026-09-28T00:59:14.232Z	spark2	LOAD	21.466	4.145
2026-09-28T00:59:14.248Z	spark1	LOAD	21.315	7.214
2026-09-28T00:59:14.483Z	spark2	LOAD	21.466	4.145
2026-09-28T00:59:14.498Z	spark1	LOAD	21.315	7.214
2026-09-28T00:59:14.734Z	spark2	LOAD	21.466	4.145
2026-09-28T00:59:14.749Z	spark1	LOAD	21.190	7.214
2026-09-28T00:59:14.985Z	spark2	LOAD	21.467	4.145
2026-09-28T00:59:15.020Z	spark1	LOAD	21.197	7.214
2026-09-28T00:59:15.245Z	spark2	LOAD	21.467	4.145
2026-09-28T00:59:15.270Z	spark1	LOAD	21.158	7.214
2026-09-28T00:59:15.496Z	spark2	LOAD	21.467	4.145
2026-09-28T00:59:15.520Z	spark1	LOAD	21.114	7.214
2026-09-28T00:59:15.747Z	spark2	LOAD	21.467	4.145
2026-09-28T00:59:15.771Z	spark1	LOAD	21.070	7.214
2026-09-28T00:59:15.997Z	spark2	LOAD	21.467	4.145
2026-09-28T00:59:16.038Z	spark1	LOAD	21.022	7.214
2026-09-28T00:59:16.258Z	spark2	LOAD	21.467	4.145
2026-09-28T00:59:16.289Z	spark1	LOAD	20.980	7.214
2026-09-28T00:59:16.510Z	spark2	LOAD	21.467	4.145
2026-09-28T00:59:16.539Z	spark1	LOAD	20.877	7.214
2026-09-28T00:59:16.760Z	spark2	LOAD	21.467	4.145
2026-09-28T00:59:16.789Z	spark1	LOAD	20.865	7.214
2026-09-28T00:59:17.011Z	spark2	LOAD	21.467	4.145
2026-09-28T00:59:17.051Z	spark1	LOAD	20.855	7.214
2026-09-28T00:59:17.276Z	spark2	LOAD	21.466	4.145
2026-09-28T00:59:17.302Z	spark1	LOAD	20.866	7.214
2026-09-28T00:59:17.527Z	spark2	LOAD	21.466	4.145
2026-09-28T00:59:17.552Z	spark1	LOAD	20.861	7.214
2026-09-28T00:59:17.777Z	spark2	LOAD	21.466	4.145
2026-09-28T00:59:17.802Z	spark1	LOAD	20.821	7.214
2026-09-28T00:59:18.028Z	spark2	LOAD	21.466	4.145
2026-09-28T00:59:18.070Z	spark1	LOAD	20.748	7.214
2026-09-28T00:59:18.293Z	spark2	LOAD	21.466	4.145
2026-09-28T00:59:18.320Z	spark1	LOAD	20.702	7.214
2026-09-28T00:59:18.544Z	spark2	LOAD	21.466	4.145
2026-09-28T00:59:18.570Z	spark1	LOAD	20.690	7.214
2026-09-28T00:59:18.794Z	spark2	LOAD	21.466	4.145
2026-09-28T00:59:18.821Z	spark1	LOAD	20.681	7.214
2026-09-28T00:59:19.044Z	spark2	LOAD	21.465	4.145
2026-09-28T00:59:19.090Z	spark1	LOAD	20.683	7.214
2026-09-28T00:59:19.304Z	spark2	LOAD	21.465	4.145
2026-09-28T00:59:19.341Z	spark1	LOAD	20.650	7.214
2026-09-28T00:59:19.554Z	spark2	LOAD	21.465	4.145
2026-09-28T00:59:19.591Z	spark1	LOAD	20.606	7.214
2026-09-28T00:59:19.804Z	spark2	LOAD	21.465	4.145
2026-09-28T00:59:19.842Z	spark1	LOAD	20.584	7.214
2026-09-28T00:59:20.055Z	spark2	LOAD	21.465	4.145
2026-09-28T00:59:20.111Z	spark1	LOAD	20.556	7.214
2026-09-28T00:59:20.316Z	spark2	LOAD	21.465	4.145
2026-09-28T00:59:20.362Z	spark1	LOAD	20.524	7.214
2026-09-28T00:59:20.566Z	spark2	LOAD	21.465	4.145
2026-09-28T00:59:20.612Z	spark1	LOAD	20.495	7.214
2026-09-28T00:59:20.817Z	spark2	LOAD	21.465	4.145
2026-09-28T00:59:20.862Z	spark1	LOAD	20.426	7.214
2026-09-28T00:59:21.067Z	spark2	LOAD	21.466	4.145
2026-09-28T00:59:21.125Z	spark1	LOAD	20.382	7.214
2026-09-28T00:59:21.331Z	spark2	LOAD	21.464	4.144
2026-09-28T00:59:21.376Z	spark1	LOAD	20.330	7.214
2026-09-28T00:59:21.582Z	spark2	LOAD	21.465	4.144
2026-09-28T00:59:21.626Z	spark1	LOAD	20.230	7.214
2026-09-28T00:59:21.832Z	spark2	LOAD	21.447	4.144
2026-09-28T00:59:21.876Z	spark1	LOAD	20.162	7.214
2026-09-28T00:59:22.082Z	spark2	LOAD	21.446	4.142
2026-09-28T00:59:22.144Z	spark1	LOAD	20.257	7.214
2026-09-28T00:59:22.344Z	spark2	LOAD	21.445	4.142
2026-09-28T00:59:22.394Z	spark1	LOAD	20.137	7.214
2026-09-28T00:59:22.594Z	spark2	LOAD	21.445	4.142
2026-09-28T00:59:22.644Z	spark1	LOAD	20.098	7.214
2026-09-28T00:59:22.845Z	spark2	LOAD	21.445	4.142
2026-09-28T00:59:22.894Z	spark1	LOAD	19.640	7.214
2026-09-28T00:59:23.095Z	spark2	LOAD	21.445	4.142
2026-09-28T00:59:23.163Z	spark1	LOAD	19.920	7.214
2026-09-28T00:59:23.361Z	spark2	LOAD	21.445	4.142
2026-09-28T00:59:23.413Z	spark1	LOAD	19.817	7.214
2026-09-28T00:59:23.611Z	spark2	LOAD	21.445	4.142
2026-09-28T00:59:23.663Z	spark1	LOAD	19.608	7.214
2026-09-28T00:59:23.861Z	spark2	LOAD	21.445	4.142
2026-09-28T00:59:23.914Z	spark1	LOAD	19.603	7.214
2026-09-28T00:59:24.112Z	spark2	LOAD	21.446	4.142
2026-09-28T00:59:24.176Z	spark1	LOAD	19.983	7.214
2026-09-28T00:59:24.372Z	spark2	LOAD	21.446	4.142
2026-09-28T00:59:24.426Z	spark1	LOAD	20.032	7.214
2026-09-28T00:59:24.624Z	spark2	LOAD	21.446	4.142
2026-09-28T00:59:24.677Z	spark1	LOAD	19.961	7.214
2026-09-28T00:59:24.874Z	spark2	LOAD	21.446	4.142
2026-09-28T00:59:24.928Z	spark1	LOAD	19.937	7.214
2026-09-28T00:59:25.126Z	spark2	LOAD	21.448	4.142
2026-09-28T00:59:25.196Z	spark1	LOAD	19.890	7.214
2026-09-28T00:59:25.386Z	spark2	LOAD	21.448	4.142
2026-09-28T00:59:25.446Z	spark1	LOAD	19.829	7.214
2026-09-28T00:59:25.636Z	spark2	LOAD	21.448	4.142
2026-09-28T00:59:25.696Z	spark1	LOAD	19.089	7.214
2026-09-28T00:59:25.887Z	spark2	LOAD	21.450	4.142
2026-09-28T00:59:25.947Z	spark1	LOAD	19.540	7.214
2026-09-28T00:59:26.138Z	spark2	LOAD	21.450	4.142
2026-09-28T00:59:26.216Z	spark1	LOAD	18.766	7.214
2026-09-28T00:59:26.404Z	spark2	LOAD	21.449	4.142
2026-09-28T00:59:26.466Z	spark1	LOAD	18.713	7.214
2026-09-28T00:59:26.654Z	spark2	LOAD	21.449	4.142
2026-09-28T00:59:26.717Z	spark1	LOAD	18.891	7.214
2026-09-28T00:59:26.905Z	spark2	LOAD	21.450	4.142
2026-09-28T00:59:26.967Z	spark1	LOAD	19.303	7.214
2026-09-28T00:59:27.155Z	spark2	LOAD	21.450	4.142
2026-09-28T00:59:27.235Z	spark1	LOAD	19.235	7.214
2026-09-28T00:59:27.421Z	spark2	LOAD	21.450	4.142
2026-09-28T00:59:27.485Z	spark1	LOAD	19.222	7.214
2026-09-28T00:59:27.671Z	spark2	LOAD	21.450	4.142
2026-09-28T00:59:27.735Z	spark1	LOAD	19.187	7.214
2026-09-28T00:59:27.922Z	spark2	LOAD	21.450	4.142
2026-09-28T00:59:27.985Z	spark1	LOAD	19.102	7.214
2026-09-28T00:59:28.172Z	spark2	LOAD	21.451	4.142
2026-09-28T00:59:28.253Z	spark1	LOAD	19.062	7.214
2026-09-28T00:59:28.437Z	spark2	LOAD	21.451	4.142
2026-09-28T00:59:28.503Z	spark1	LOAD	19.666	7.214
2026-09-28T00:59:28.688Z	spark2	LOAD	21.451	4.142
2026-09-28T00:59:28.754Z	spark1	LOAD	19.614	7.214
2026-09-28T00:59:28.938Z	spark2	LOAD	21.452	4.142
2026-09-28T00:59:29.004Z	spark1	LOAD	19.576	7.214
2026-09-28T00:59:29.189Z	spark2	LOAD	21.452	4.142
2026-09-28T00:59:29.266Z	spark1	LOAD	18.996	7.214
2026-09-28T00:59:29.454Z	spark2	LOAD	21.452	4.142
2026-09-28T00:59:29.516Z	spark1	LOAD	19.529	7.214
2026-09-28T00:59:29.706Z	spark2	LOAD	21.452	4.142
2026-09-28T00:59:29.767Z	spark1	LOAD	19.490	7.214
2026-09-28T00:59:29.956Z	spark2	LOAD	21.452	4.142
2026-09-28T00:59:30.017Z	spark1	LOAD	19.413	7.214
2026-09-28T00:59:30.207Z	spark2	LOAD	21.452	4.142
2026-09-28T00:59:30.285Z	spark1	LOAD	19.424	7.214
2026-09-28T00:59:30.472Z	spark2	LOAD	21.452	4.142
2026-09-28T00:59:30.535Z	spark1	LOAD	19.812	7.214
2026-09-28T00:59:30.723Z	spark2	LOAD	21.452	4.142
2026-09-28T00:59:30.785Z	spark1	LOAD	21.339	7.214
2026-09-28T00:59:30.973Z	spark2	LOAD	21.452	4.142
2026-09-28T00:59:31.036Z	spark1	LOAD	22.568	7.214
2026-09-28T00:59:31.224Z	spark2	LOAD	21.452	4.142
2026-09-28T00:59:31.297Z	spark1	LOAD	22.536	7.214
2026-09-28T00:59:31.488Z	spark2	LOAD	21.452	4.142
2026-09-28T00:59:31.548Z	spark1	LOAD	22.534	7.214
2026-09-28T00:59:31.738Z	spark2	LOAD	21.452	4.142
2026-09-28T00:59:31.798Z	spark1	LOAD	22.506	7.214
2026-09-28T00:59:31.989Z	spark2	LOAD	21.452	4.142
2026-09-28T00:59:32.048Z	spark1	LOAD	22.436	7.214
2026-09-28T00:59:32.239Z	spark2	LOAD	21.452	4.142
2026-09-28T00:59:32.315Z	spark1	LOAD	22.369	7.213
2026-09-28T00:59:32.499Z	spark2	LOAD	21.451	4.141
2026-09-28T00:59:32.566Z	spark1	LOAD	22.339	7.213
2026-09-28T00:59:32.750Z	spark2	LOAD	21.437	4.141
2026-09-28T00:59:32.816Z	spark1	LOAD	22.306	7.213
2026-09-28T00:59:33.001Z	spark2	LOAD	21.441	4.140
2026-09-28T00:59:33.066Z	spark1	LOAD	22.253	7.213
2026-09-28T00:59:33.251Z	spark2	LOAD	21.441	4.140
2026-09-28T00:59:33.329Z	spark1	LOAD	22.211	7.213
2026-09-28T00:59:33.513Z	spark2	LOAD	21.443	4.140
2026-09-28T00:59:33.579Z	spark1	LOAD	22.172	7.213
2026-09-28T00:59:33.763Z	spark2	LOAD	21.443	4.140
2026-09-28T00:59:33.829Z	spark1	LOAD	22.141	7.213
2026-09-28T00:59:34.014Z	spark2	LOAD	21.444	4.140
2026-09-28T00:59:34.080Z	spark1	LOAD	22.106	7.213
2026-09-28T00:59:34.265Z	spark2	LOAD	21.444	4.140
2026-09-28T00:59:34.347Z	spark1	LOAD	22.045	7.213
2026-09-28T00:59:34.530Z	spark2	LOAD	21.445	4.140
2026-09-28T00:59:34.598Z	spark1	LOAD	22.014	7.213
2026-09-28T00:59:34.781Z	spark2	LOAD	21.445	4.140
2026-09-28T00:59:34.848Z	spark1	LOAD	21.991	7.213
2026-09-28T00:59:35.032Z	spark2	LOAD	21.446	4.140
2026-09-28T00:59:35.098Z	spark1	LOAD	21.958	7.213
2026-09-28T00:59:35.282Z	spark2	LOAD	21.446	4.140
2026-09-28T00:59:35.361Z	spark1	LOAD	21.920	7.213
2026-09-28T00:59:35.548Z	spark2	LOAD	21.446	4.140
2026-09-28T00:59:35.611Z	spark1	LOAD	21.883	7.213
2026-09-28T00:59:35.798Z	spark2	LOAD	21.446	4.140
2026-09-28T00:59:35.862Z	spark1	LOAD	21.854	7.213
2026-09-28T00:59:36.049Z	spark2	LOAD	21.447	4.140
2026-09-28T00:59:36.112Z	spark1	LOAD	21.823	7.213
2026-09-28T00:59:36.299Z	spark2	LOAD	21.447	4.140
2026-09-28T00:59:36.379Z	spark1	LOAD	21.759	7.213
2026-09-28T00:59:36.564Z	spark2	LOAD	21.447	4.140
2026-09-28T00:59:36.630Z	spark1	LOAD	21.724	7.213
2026-09-28T00:59:36.815Z	spark2	LOAD	21.447	4.140
2026-09-28T00:59:36.880Z	spark1	LOAD	21.684	7.213
2026-09-28T00:59:37.066Z	spark2	LOAD	21.447	4.140
2026-09-28T00:59:37.130Z	spark1	LOAD	21.643	7.213
2026-09-28T00:59:37.316Z	spark2	LOAD	21.447	4.140
2026-09-28T00:59:37.392Z	spark1	LOAD	21.602	7.213
2026-09-28T00:59:37.581Z	spark2	LOAD	21.447	4.140
2026-09-28T00:59:37.643Z	spark1	LOAD	21.566	7.213
2026-09-28T00:59:37.832Z	spark2	LOAD	21.447	4.140
2026-09-28T00:59:37.893Z	spark1	LOAD	21.525	7.213
2026-09-28T00:59:38.082Z	spark2	LOAD	21.447	4.140
2026-09-28T00:59:38.143Z	spark1	LOAD	21.479	7.213
2026-09-28T00:59:38.333Z	spark2	LOAD	21.447	4.140
2026-09-28T00:59:38.410Z	spark1	LOAD	21.420	7.213
2026-09-28T00:59:38.598Z	spark2	LOAD	21.447	4.140
2026-09-28T00:59:38.660Z	spark1	LOAD	21.387	7.213
2026-09-28T00:59:38.849Z	spark2	LOAD	21.447	4.140
2026-09-28T00:59:38.910Z	spark1	LOAD	20.883	7.213
2026-09-28T00:59:39.099Z	spark2	LOAD	21.447	4.140
2026-09-28T00:59:39.161Z	spark1	LOAD	20.844	7.213
2026-09-28T00:59:39.350Z	spark2	LOAD	21.447	4.140
2026-09-28T00:59:39.427Z	spark1	LOAD	20.797	7.213
2026-09-28T00:59:39.615Z	spark2	LOAD	21.447	4.140
2026-09-28T00:59:39.677Z	spark1	LOAD	20.754	7.213
2026-09-28T00:59:39.866Z	spark2	LOAD	21.447	4.140
2026-09-28T00:59:39.927Z	spark1	LOAD	20.713	7.213
2026-09-28T00:59:40.116Z	spark2	LOAD	21.447	4.140
2026-09-28T00:59:40.178Z	spark1	LOAD	20.670	7.213
2026-09-28T00:59:40.367Z	spark2	LOAD	21.447	4.140
2026-09-28T00:59:40.446Z	spark1	LOAD	20.588	7.213
2026-09-28T00:59:40.631Z	spark2	LOAD	21.447	4.140
2026-09-28T00:59:40.696Z	spark1	LOAD	20.550	7.213
2026-09-28T00:59:40.882Z	spark2	LOAD	21.447	4.140
2026-09-28T00:59:40.946Z	spark1	LOAD	20.513	7.213
2026-09-28T00:59:41.132Z	spark2	LOAD	21.447	4.140
2026-09-28T00:59:41.196Z	spark1	LOAD	21.030	7.213
2026-09-28T00:59:41.384Z	spark2	LOAD	21.449	4.140
2026-09-28T00:59:41.463Z	spark1	LOAD	20.987	7.213
2026-09-28T00:59:41.649Z	spark2	LOAD	21.449	4.140
2026-09-28T00:59:41.714Z	spark1	LOAD	20.952	7.213
2026-09-28T00:59:41.900Z	spark2	LOAD	21.449	4.140
2026-09-28T00:59:41.964Z	spark1	LOAD	20.403	7.213
2026-09-28T00:59:42.150Z	spark2	LOAD	21.449	4.140
2026-09-28T00:59:42.215Z	spark1	LOAD	20.906	7.213
2026-09-28T00:59:42.401Z	spark2	LOAD	21.449	4.140
2026-09-28T00:59:42.484Z	spark1	LOAD	20.825	7.213
2026-09-28T00:59:42.666Z	spark2	LOAD	21.449	4.140
2026-09-28T00:59:42.734Z	spark1	LOAD	20.792	7.213
2026-09-28T00:59:42.917Z	spark2	LOAD	21.449	4.140
2026-09-28T00:59:42.984Z	spark1	LOAD	20.757	7.213
2026-09-28T00:59:43.168Z	spark2	LOAD	21.449	4.140
2026-09-28T00:59:43.234Z	spark1	LOAD	20.702	7.213
2026-09-28T00:59:43.417Z	spark2	LOAD	21.448	4.139
2026-09-28T00:59:43.503Z	spark1	LOAD	20.407	7.213
2026-09-28T00:59:43.683Z	spark2	LOAD	21.429	4.139
2026-09-28T00:59:43.753Z	spark1	LOAD	20.598	7.213
2026-09-28T00:59:43.934Z	spark2	LOAD	21.442	4.138
2026-09-28T00:59:44.004Z	spark1	LOAD	20.253	7.213
2026-09-28T00:59:44.184Z	spark2	LOAD	21.442	4.138
2026-09-28T00:59:44.254Z	spark1	LOAD	20.053	7.213
2026-09-28T00:59:44.435Z	spark2	LOAD	21.442	4.138
2026-09-28T00:59:44.521Z	spark1	LOAD	19.977	7.213
2026-09-28T00:59:44.701Z	spark2	LOAD	21.442	4.138
2026-09-28T00:59:44.771Z	spark1	LOAD	19.939	7.213
2026-09-28T00:59:44.950Z	spark2	LOAD	21.442	4.138
2026-09-28T00:59:45.022Z	spark1	LOAD	19.902	7.213
2026-09-28T00:59:45.202Z	spark2	LOAD	21.442	4.138
2026-09-28T00:59:45.272Z	spark1	LOAD	19.899	7.213
2026-09-28T00:59:45.452Z	spark2	LOAD	21.442	4.138
2026-09-28T00:59:45.539Z	spark1	LOAD	19.859	7.213
2026-09-28T00:59:45.714Z	spark2	LOAD	21.442	4.138
2026-09-28T00:59:45.789Z	spark1	LOAD	19.819	7.213
2026-09-28T00:59:45.965Z	spark2	LOAD	21.443	4.138
2026-09-28T00:59:46.039Z	spark1	LOAD	19.777	7.213
2026-09-28T00:59:46.216Z	spark2	LOAD	21.443	4.138
2026-09-28T00:59:46.289Z	spark1	LOAD	19.730	7.213
2026-09-28T00:59:46.466Z	spark2	LOAD	21.443	4.138
2026-09-28T00:59:46.556Z	spark1	LOAD	19.655	7.213
2026-09-28T00:59:46.731Z	spark2	LOAD	21.443	4.138
2026-09-28T00:59:46.807Z	spark1	LOAD	20.214	7.213
2026-09-28T00:59:46.982Z	spark2	LOAD	21.444	4.138
2026-09-28T00:59:47.057Z	spark1	LOAD	20.165	7.213
2026-09-28T00:59:47.233Z	spark2	LOAD	21.444	4.138
2026-09-28T00:59:47.308Z	spark1	LOAD	20.123	7.213
2026-09-28T00:59:47.484Z	spark2	LOAD	21.444	4.138
2026-09-28T00:59:47.571Z	spark1	LOAD	20.079	7.213
2026-09-28T00:59:47.749Z	spark2	LOAD	21.444	4.138
2026-09-28T00:59:47.821Z	spark1	LOAD	20.044	7.213
2026-09-28T00:59:47.999Z	spark2	LOAD	21.444	4.138
2026-09-28T00:59:48.071Z	spark1	LOAD	19.992	7.213
2026-09-28T00:59:48.250Z	spark2	LOAD	21.444	4.138
2026-09-28T00:59:48.321Z	spark1	LOAD	19.952	7.213
2026-09-28T00:59:48.500Z	spark2	LOAD	21.444	4.138
2026-09-28T00:59:48.584Z	spark1	LOAD	19.878	7.213
2026-09-28T00:59:48.765Z	spark2	LOAD	21.444	4.138
2026-09-28T00:59:48.834Z	spark1	LOAD	19.827	7.213
2026-09-28T00:59:49.016Z	spark2	LOAD	21.444	4.138
2026-09-28T00:59:49.085Z	spark1	LOAD	19.781	7.213
2026-09-28T00:59:49.267Z	spark2	LOAD	21.444	4.138
2026-09-28T00:59:49.335Z	spark1	LOAD	19.752	7.213
2026-09-28T00:59:49.517Z	spark2	LOAD	21.444	4.138
2026-09-28T00:59:49.598Z	spark1	LOAD	19.478	7.213
2026-09-28T00:59:49.777Z	spark2	LOAD	21.444	4.138
2026-09-28T00:59:49.848Z	spark1	LOAD	19.176	7.213
2026-09-28T00:59:50.028Z	spark2	LOAD	21.444	4.138
2026-09-28T00:59:50.099Z	spark1	LOAD	19.111	7.213
2026-09-28T00:59:50.278Z	spark2	LOAD	21.444	4.138
2026-09-28T00:59:50.349Z	spark1	LOAD	19.607	7.213
2026-09-28T00:59:50.528Z	spark2	LOAD	21.444	4.138
2026-09-28T00:59:50.612Z	spark1	LOAD	19.542	7.213
2026-09-28T00:59:50.789Z	spark2	LOAD	21.443	4.138
2026-09-28T00:59:50.862Z	spark1	LOAD	19.532	7.213
2026-09-28T00:59:51.040Z	spark2	LOAD	21.443	4.138
2026-09-28T00:59:51.113Z	spark1	LOAD	18.939	7.213
2026-09-28T00:59:51.291Z	spark2	LOAD	21.443	4.138
2026-09-28T00:59:51.363Z	spark1	LOAD	20.785	7.213
2026-09-28T00:59:51.541Z	spark2	LOAD	21.443	4.138
2026-09-28T00:59:51.626Z	spark1	LOAD	22.051	7.213
2026-09-28T00:59:51.806Z	spark2	LOAD	21.444	4.138
2026-09-28T00:59:51.877Z	spark1	LOAD	22.031	7.213
2026-09-28T00:59:52.057Z	spark2	LOAD	21.445	4.138
2026-09-28T00:59:52.127Z	spark1	LOAD	22.004	7.213
2026-09-28T00:59:52.307Z	spark2	LOAD	21.445	4.138
2026-09-28T00:59:52.377Z	spark1	LOAD	21.974	7.213
2026-09-28T00:59:52.558Z	spark2	LOAD	21.445	4.138
2026-09-28T00:59:52.645Z	spark1	LOAD	21.900	7.213
2026-09-28T00:59:52.822Z	spark2	LOAD	21.445	4.138
2026-09-28T00:59:52.895Z	spark1	LOAD	21.870	7.213
2026-09-28T00:59:53.073Z	spark2	LOAD	21.445	4.138
2026-09-28T00:59:53.145Z	spark1	LOAD	22.469	7.213
2026-09-28T00:59:53.323Z	spark2	LOAD	21.445	4.138
2026-09-28T00:59:53.396Z	spark1	LOAD	22.046	7.213
2026-09-28T00:59:53.574Z	spark2	LOAD	21.445	4.138
2026-09-28T00:59:53.664Z	spark1	LOAD	21.871	7.213
2026-09-28T00:59:53.839Z	spark2	LOAD	21.445	4.138
2026-09-28T00:59:53.914Z	spark1	LOAD	21.796	7.212
2026-09-28T00:59:54.090Z	spark2	LOAD	21.445	4.138
2026-09-28T00:59:54.164Z	spark1	LOAD	21.741	7.212
2026-09-28T00:59:54.340Z	spark2	LOAD	21.444	4.137
2026-09-28T00:59:54.415Z	spark1	LOAD	21.716	7.212
2026-09-28T00:59:54.590Z	spark2	LOAD	21.439	4.137
2026-09-28T00:59:54.681Z	spark1	LOAD	21.652	7.212
2026-09-28T00:59:54.856Z	spark2	LOAD	21.451	4.137
2026-09-28T00:59:54.931Z	spark1	LOAD	21.619	7.212
2026-09-28T00:59:55.106Z	spark2	LOAD	21.451	4.137
2026-09-28T00:59:55.182Z	spark1	LOAD	21.586	7.212
2026-09-28T00:59:55.357Z	spark2	LOAD	21.451	4.137
2026-09-28T00:59:55.433Z	spark1	LOAD	21.567	7.212
2026-09-28T00:59:55.608Z	spark2	LOAD	21.451	4.137
2026-09-28T00:59:55.699Z	spark1	LOAD	21.540	7.212
2026-09-28T00:59:55.869Z	spark2	LOAD	21.451	4.137
2026-09-28T00:59:55.950Z	spark1	LOAD	21.512	7.212
2026-09-28T00:59:56.120Z	spark2	LOAD	21.451	4.137
2026-09-28T00:59:56.200Z	spark1	LOAD	21.479	7.212
2026-09-28T00:59:56.371Z	spark2	LOAD	21.451	4.137
2026-09-28T00:59:56.451Z	spark1	LOAD	21.459	7.212
2026-09-28T00:59:56.621Z	spark2	LOAD	21.451	4.137
2026-09-28T00:59:56.718Z	spark1	LOAD	21.423	7.212
2026-09-28T00:59:56.886Z	spark2	LOAD	21.451	4.137
2026-09-28T00:59:56.968Z	spark1	LOAD	21.374	7.212
2026-09-28T00:59:57.137Z	spark2	LOAD	21.451	4.137
2026-09-28T00:59:57.219Z	spark1	LOAD	21.346	7.212
2026-09-28T00:59:57.388Z	spark2	LOAD	21.451	4.137
2026-09-28T00:59:57.469Z	spark1	LOAD	21.315	7.212
2026-09-28T00:59:57.638Z	spark2	LOAD	21.451	4.137
2026-09-28T00:59:57.738Z	spark1	LOAD	21.285	7.212
2026-09-28T00:59:57.904Z	spark2	LOAD	21.451	4.137
2026-09-28T00:59:57.989Z	spark1	LOAD	21.255	7.212
2026-09-28T00:59:58.154Z	spark2	LOAD	21.451	4.137
2026-09-28T00:59:58.239Z	spark1	LOAD	21.218	7.212
2026-09-28T00:59:58.404Z	spark2	LOAD	21.451	4.137
2026-09-28T00:59:58.489Z	spark1	LOAD	21.189	7.212
2026-09-28T00:59:58.655Z	spark2	LOAD	21.451	4.137
2026-09-28T00:59:58.755Z	spark1	LOAD	21.146	7.212
2026-09-28T00:59:58.916Z	spark2	LOAD	21.451	4.137
2026-09-28T00:59:59.005Z	spark1	LOAD	21.093	7.212
2026-09-28T00:59:59.166Z	spark2	LOAD	21.451	4.137
2026-09-28T00:59:59.256Z	spark1	LOAD	21.067	7.212
2026-09-28T00:59:59.417Z	spark2	LOAD	21.451	4.137
2026-09-28T00:59:59.507Z	spark1	LOAD	21.038	7.212
2026-09-28T00:59:59.668Z	spark2	LOAD	21.451	4.137
2026-09-28T00:59:59.773Z	spark1	LOAD	21.006	7.212
2026-09-28T00:59:59.934Z	spark2	LOAD	21.451	4.137
2026-09-28T01:00:00.024Z	spark1	LOAD	20.980	7.212
2026-09-28T01:00:00.184Z	spark2	LOAD	21.451	4.137
2026-09-28T01:00:00.274Z	spark1	LOAD	20.952	7.212
2026-09-28T01:00:00.434Z	spark2	LOAD	21.451	4.137
2026-09-28T01:00:00.525Z	spark1	LOAD	20.923	7.212
2026-09-28T01:00:00.685Z	spark2	LOAD	21.451	4.137
2026-09-28T01:00:00.792Z	spark1	LOAD	20.893	7.212
2026-09-28T01:00:00.950Z	spark2	LOAD	21.451	4.137
2026-09-28T01:00:01.042Z	spark1	LOAD	20.835	7.212
2026-09-28T01:00:01.200Z	spark2	LOAD	21.451	4.137
2026-09-28T01:00:01.293Z	spark1	LOAD	20.803	7.212
2026-09-28T01:00:01.451Z	spark2	LOAD	21.451	4.137
2026-09-28T01:00:01.543Z	spark1	LOAD	20.775	7.212
2026-09-28T01:00:01.702Z	spark2	LOAD	21.451	4.137
2026-09-28T01:00:01.805Z	spark1	LOAD	20.737	7.212
2026-09-28T01:00:01.963Z	spark2	LOAD	21.451	4.137
2026-09-28T01:00:02.056Z	spark1	LOAD	20.694	7.212
2026-09-28T01:00:02.214Z	spark2	LOAD	21.451	4.137
2026-09-28T01:00:02.306Z	spark1	LOAD	20.717	7.212
2026-09-28T01:00:02.464Z	spark2	LOAD	21.451	4.137
2026-09-28T01:00:02.557Z	spark1	LOAD	21.215	7.212
2026-09-28T01:00:02.715Z	spark2	LOAD	21.451	4.137
2026-09-28T01:00:02.827Z	spark1	LOAD	21.181	7.212
2026-09-28T01:00:02.980Z	spark2	LOAD	21.451	4.137
2026-09-28T01:00:03.077Z	spark1	LOAD	21.100	7.212
2026-09-28T01:00:03.231Z	spark2	LOAD	21.451	4.137
2026-09-28T01:00:03.327Z	spark1	LOAD	21.071	7.212
2026-09-28T01:00:03.482Z	spark2	LOAD	21.452	4.137
2026-09-28T01:00:03.578Z	spark1	LOAD	21.042	7.212
2026-09-28T01:00:03.732Z	spark2	LOAD	21.452	4.137
2026-09-28T01:00:03.845Z	spark1	LOAD	21.008	7.212
2026-09-28T01:00:03.997Z	spark2	LOAD	21.452	4.137
2026-09-28T01:00:04.096Z	spark1	LOAD	20.977	7.212
2026-09-28T01:00:04.248Z	spark2	LOAD	21.452	4.137
2026-09-28T01:00:04.346Z	spark1	LOAD	20.949	7.212
2026-09-28T01:00:04.499Z	spark2	LOAD	21.452	4.137
2026-09-28T01:00:04.596Z	spark1	LOAD	20.912	7.212
2026-09-28T01:00:04.750Z	spark2	LOAD	21.452	4.137
2026-09-28T01:00:04.865Z	spark1	LOAD	20.854	7.212
2026-09-28T01:00:05.014Z	spark2	LOAD	21.452	4.137
2026-09-28T01:00:05.115Z	spark1	LOAD	20.777	7.212
2026-09-28T01:00:05.265Z	spark2	LOAD	21.450	4.136
2026-09-28T01:00:05.365Z	spark1	LOAD	20.750	7.212
2026-09-28T01:00:05.515Z	spark2	LOAD	21.435	4.136
2026-09-28T01:00:05.615Z	spark1	LOAD	20.654	7.212
2026-09-28T01:00:05.765Z	spark2	LOAD	21.434	4.135
2026-09-28T01:00:05.883Z	spark1	LOAD	20.199	7.212
2026-09-28T01:00:06.030Z	spark2	LOAD	21.434	4.135
2026-09-28T01:00:06.134Z	spark1	LOAD	20.206	7.212
2026-09-28T01:00:06.281Z	spark2	LOAD	21.434	4.135
2026-09-28T01:00:06.384Z	spark1	LOAD	20.715	7.212
2026-09-28T01:00:06.531Z	spark2	LOAD	21.434	4.135
2026-09-28T01:00:06.634Z	spark1	LOAD	20.689	7.212
2026-09-28T01:00:06.782Z	spark2	LOAD	21.434	4.135
2026-09-28T01:00:06.902Z	spark1	LOAD	20.648	7.212
2026-09-28T01:00:07.047Z	spark2	LOAD	21.434	4.135
2026-09-28T01:00:07.152Z	spark1	LOAD	20.496	7.212
2026-09-28T01:00:07.297Z	spark2	LOAD	21.434	4.135
2026-09-28T01:00:07.402Z	spark1	LOAD	20.450	7.212
2026-09-28T01:00:07.548Z	spark2	LOAD	21.434	4.135
2026-09-28T01:00:07.652Z	spark1	LOAD	20.354	7.212
2026-09-28T01:00:07.799Z	spark2	LOAD	21.434	4.135
2026-09-28T01:00:07.920Z	spark1	LOAD	20.334	7.212
2026-09-28T01:00:08.063Z	spark2	LOAD	21.437	4.135
2026-09-28T01:00:08.171Z	spark1	LOAD	20.258	7.212
2026-09-28T01:00:08.315Z	spark2	LOAD	21.437	4.135
2026-09-28T01:00:08.421Z	spark1	LOAD	20.229	7.212
2026-09-28T01:00:08.565Z	spark2	LOAD	21.437	4.135
2026-09-28T01:00:08.671Z	spark1	LOAD	20.054	7.212
2026-09-28T01:00:08.816Z	spark2	LOAD	21.437	4.135
2026-09-28T01:00:08.939Z	spark1	LOAD	19.999	7.212
2026-09-28T01:00:09.081Z	spark2	LOAD	21.438	4.135
2026-09-28T01:00:09.189Z	spark1	LOAD	19.945	7.212
2026-09-28T01:00:09.332Z	spark2	LOAD	21.438	4.135
2026-09-28T01:00:09.440Z	spark1	LOAD	19.920	7.212
2026-09-28T01:00:09.583Z	spark2	LOAD	21.438	4.135
2026-09-28T01:00:09.690Z	spark1	LOAD	19.899	7.212
2026-09-28T01:00:09.834Z	spark2	LOAD	21.438	4.135
2026-09-28T01:00:09.959Z	spark1	LOAD	19.866	7.212
2026-09-28T01:00:10.099Z	spark2	LOAD	21.438	4.135
2026-09-28T01:00:10.209Z	spark1	LOAD	19.837	7.212
2026-09-28T01:00:10.350Z	spark2	LOAD	21.438	4.135
2026-09-28T01:00:10.460Z	spark1	LOAD	19.809	7.212
2026-09-28T01:00:10.600Z	spark2	LOAD	21.438	4.135
2026-09-28T01:00:10.710Z	spark1	LOAD	19.782	7.212
2026-09-28T01:00:10.851Z	spark2	LOAD	21.438	4.135
2026-09-28T01:00:10.972Z	spark1	LOAD	19.750	7.212
2026-09-28T01:00:11.112Z	spark2	LOAD	21.438	4.135
2026-09-28T01:00:11.222Z	spark1	LOAD	19.695	7.212
2026-09-28T01:00:11.362Z	spark2	LOAD	21.438	4.135
2026-09-28T01:00:11.473Z	spark1	LOAD	19.666	7.212
2026-09-28T01:00:11.613Z	spark2	LOAD	21.438	4.135
2026-09-28T01:00:11.723Z	spark1	LOAD	19.636	7.212
2026-09-28T01:00:11.863Z	spark2	LOAD	21.438	4.135
2026-09-28T01:00:11.985Z	spark1	LOAD	19.605	7.212
2026-09-28T01:00:12.128Z	spark2	LOAD	21.438	4.135
2026-09-28T01:00:12.236Z	spark1	LOAD	19.576	7.212
2026-09-28T01:00:12.378Z	spark2	LOAD	21.438	4.135
2026-09-28T01:00:12.486Z	spark1	LOAD	19.544	7.212
2026-09-28T01:00:12.630Z	spark2	LOAD	21.438	4.135
2026-09-28T01:00:12.737Z	spark1	LOAD	19.514	7.212
2026-09-28T01:00:12.880Z	spark2	LOAD	21.438	4.135
2026-09-28T01:00:12.999Z	spark1	LOAD	19.481	7.212
2026-09-28T01:00:13.145Z	spark2	LOAD	21.439	4.135
2026-09-28T01:00:13.249Z	spark1	LOAD	19.365	7.212
2026-09-28T01:00:13.395Z	spark2	LOAD	21.439	4.135
2026-09-28T01:00:13.500Z	spark1	LOAD	19.336	7.212
2026-09-28T01:00:13.646Z	spark2	LOAD	21.439	4.135
2026-09-28T01:00:13.750Z	spark1	LOAD	19.305	7.212
2026-09-28T01:00:13.897Z	spark2	LOAD	21.439	4.135
2026-09-28T01:00:14.014Z	spark1	LOAD	19.274	7.212
2026-09-28T01:00:14.162Z	spark2	LOAD	21.439	4.135
2026-09-28T01:00:14.264Z	spark1	LOAD	18.966	7.212
2026-09-28T01:00:14.412Z	spark2	LOAD	21.439	4.135
2026-09-28T01:00:14.514Z	spark1	LOAD	18.942	7.212
2026-09-28T01:00:14.662Z	spark2	LOAD	21.439	4.135
2026-09-28T01:00:14.765Z	spark1	LOAD	18.917	7.212
2026-09-28T01:00:14.914Z	spark2	LOAD	21.439	4.135
2026-09-28T01:00:15.027Z	spark1	LOAD	18.884	7.212
2026-09-28T01:00:15.178Z	spark2	LOAD	21.439	4.135
2026-09-28T01:00:15.277Z	spark1	LOAD	18.832	7.212
2026-09-28T01:00:15.429Z	spark2	LOAD	21.439	4.135
2026-09-28T01:00:15.528Z	spark1	LOAD	19.662	7.212
2026-09-28T01:00:15.681Z	spark2	LOAD	21.439	4.135
2026-09-28T01:00:15.778Z	spark1	LOAD	21.025	7.212
2026-09-28T01:00:15.930Z	spark2	LOAD	21.439	4.135
2026-09-28T01:00:16.045Z	spark1	LOAD	21.930	7.211
2026-09-28T01:00:16.194Z	spark2	LOAD	21.439	4.135
2026-09-28T01:00:16.296Z	spark1	LOAD	21.906	7.211
2026-09-28T01:00:16.444Z	spark2	LOAD	21.427	4.135
2026-09-28T01:00:16.546Z	spark1	LOAD	21.880	7.211
2026-09-28T01:00:16.696Z	spark2	LOAD	21.436	4.135
2026-09-28T01:00:16.796Z	spark1	LOAD	21.827	7.211
2026-09-28T01:00:16.947Z	spark2	LOAD	21.436	4.135
2026-09-28T01:00:17.063Z	spark1	LOAD	22.337	7.211
2026-09-28T01:00:17.211Z	spark2	LOAD	21.435	4.135
2026-09-28T01:00:17.313Z	spark1	LOAD	22.285	7.211
2026-09-28T01:00:17.462Z	spark2	LOAD	21.435	4.135
2026-09-28T01:00:17.564Z	spark1	LOAD	22.259	7.211
2026-09-28T01:00:17.713Z	spark2	LOAD	21.435	4.135
2026-09-28T01:00:17.815Z	spark1	LOAD	22.233	7.211
2026-09-28T01:00:17.963Z	spark2	LOAD	21.436	4.135
2026-09-28T01:00:18.077Z	spark1	LOAD	22.239	7.211
2026-09-28T01:00:18.229Z	spark2	LOAD	21.436	4.135
2026-09-28T01:00:18.327Z	spark1	LOAD	22.227	7.211
2026-09-28T01:00:18.479Z	spark2	LOAD	21.436	4.135
2026-09-28T01:00:18.578Z	spark1	LOAD	22.201	7.211
2026-09-28T01:00:18.730Z	spark2	LOAD	21.436	4.135
2026-09-28T01:00:18.828Z	spark1	LOAD	22.159	7.211
2026-09-28T01:00:18.981Z	spark2	LOAD	21.437	4.135
2026-09-28T01:00:19.090Z	spark1	LOAD	22.125	7.211
2026-09-28T01:00:19.246Z	spark2	LOAD	21.437	4.135
2026-09-28T01:00:19.340Z	spark1	LOAD	22.101	7.211
2026-09-28T01:00:19.496Z	spark2	LOAD	21.437	4.135
2026-09-28T01:00:19.591Z	spark1	LOAD	22.054	7.211
2026-09-28T01:00:19.746Z	spark2	LOAD	21.437	4.135
2026-09-28T01:00:19.841Z	spark1	LOAD	22.020	7.211
2026-09-28T01:00:19.996Z	spark2	LOAD	21.438	4.135
2026-09-28T01:00:20.108Z	spark1	LOAD	21.982	7.211
2026-09-28T01:00:20.261Z	spark2	LOAD	21.438	4.135
2026-09-28T01:00:20.359Z	spark1	LOAD	21.953	7.211
2026-09-28T01:00:20.512Z	spark2	LOAD	21.438	4.134
2026-09-28T01:00:20.609Z	spark1	LOAD	21.920	7.211
2026-09-28T01:00:20.762Z	spark2	LOAD	21.438	4.134
2026-09-28T01:00:20.860Z	spark1	LOAD	21.887	7.211
2026-09-28T01:00:21.013Z	spark2	LOAD	21.438	4.134
2026-09-28T01:00:21.127Z	spark1	LOAD	21.850	7.211
2026-09-28T01:00:21.277Z	spark2	LOAD	21.438	4.134
2026-09-28T01:00:21.378Z	spark1	LOAD	21.815	7.211
2026-09-28T01:00:21.528Z	spark2	LOAD	21.438	4.134
2026-09-28T01:00:21.628Z	spark1	LOAD	21.775	7.211
2026-09-28T01:00:21.778Z	spark2	LOAD	21.438	4.134
2026-09-28T01:00:21.878Z	spark1	LOAD	21.742	7.211
2026-09-28T01:00:22.029Z	spark2	LOAD	21.438	4.134
2026-09-28T01:00:22.147Z	spark1	LOAD	21.708	7.211
2026-09-28T01:00:22.295Z	spark2	LOAD	21.445	4.134
2026-09-28T01:00:22.397Z	spark1	LOAD	21.678	7.211
2026-09-28T01:00:22.545Z	spark2	LOAD	21.445	4.134
2026-09-28T01:00:22.647Z	spark1	LOAD	21.649	7.211
2026-09-28T01:00:22.796Z	spark2	LOAD	21.445	4.134
2026-09-28T01:00:22.897Z	spark1	LOAD	21.614	7.211
2026-09-28T01:00:23.046Z	spark2	LOAD	21.446	4.134
2026-09-28T01:00:23.165Z	spark1	LOAD	21.558	7.211
2026-09-28T01:00:23.310Z	spark2	LOAD	21.446	4.134
2026-09-28T01:00:23.415Z	spark1	LOAD	21.527	7.211
2026-09-28T01:00:23.561Z	spark2	LOAD	21.446	4.134
2026-09-28T01:00:23.665Z	spark1	LOAD	21.131	7.211
2026-09-28T01:00:23.812Z	spark2	LOAD	21.446	4.134
2026-09-28T01:00:23.916Z	spark1	LOAD	20.976	7.211
2026-09-28T01:00:24.064Z	spark2	LOAD	21.446	4.134
2026-09-28T01:00:24.183Z	spark1	LOAD	20.939	7.211
2026-09-28T01:00:24.328Z	spark2	LOAD	21.446	4.134
2026-09-28T01:00:24.433Z	spark1	LOAD	20.906	7.211
2026-09-28T01:00:24.579Z	spark2	LOAD	21.446	4.134
2026-09-28T01:00:24.684Z	spark1	LOAD	20.838	7.211
2026-09-28T01:00:24.830Z	spark2	LOAD	21.446	4.134
2026-09-28T01:00:24.935Z	spark1	LOAD	20.800	7.211
2026-09-28T01:00:25.081Z	spark2	LOAD	21.446	4.134
2026-09-28T01:00:25.202Z	spark1	LOAD	21.151	7.211
2026-09-28T01:00:25.346Z	spark2	LOAD	21.446	4.134
2026-09-28T01:00:25.452Z	spark1	LOAD	21.258	7.211
2026-09-28T01:00:25.596Z	spark2	LOAD	21.446	4.134
2026-09-28T01:00:25.702Z	spark1	LOAD	21.209	7.211
2026-09-28T01:00:25.847Z	spark2	LOAD	21.446	4.134
2026-09-28T01:00:25.952Z	spark1	LOAD	21.181	7.211
2026-09-28T01:00:26.098Z	spark2	LOAD	21.446	4.134
2026-09-28T01:00:26.222Z	spark1	LOAD	21.166	7.211
2026-09-28T01:00:26.363Z	spark2	LOAD	21.446	4.134
2026-09-28T01:00:26.472Z	spark1	LOAD	21.130	7.211
2026-09-28T01:00:26.614Z	spark2	LOAD	21.446	4.134
2026-09-28T01:00:26.722Z	spark1	LOAD	21.041	7.211
2026-09-28T01:00:26.864Z	spark2	LOAD	21.446	4.134
2026-09-28T01:00:26.973Z	spark1	LOAD	20.991	7.211
2026-09-28T01:00:27.114Z	spark2	LOAD	21.437	4.134
2026-09-28T01:00:27.235Z	spark1	LOAD	20.897	7.211
2026-09-28T01:00:27.378Z	spark2	LOAD	21.441	4.134
2026-09-28T01:00:27.486Z	spark1	LOAD	20.447	7.211
2026-09-28T01:00:27.629Z	spark2	LOAD	21.437	4.134
2026-09-28T01:00:27.736Z	spark1	LOAD	20.358	7.211
2026-09-28T01:00:27.880Z	spark2	LOAD	21.443	4.134
2026-09-28T01:00:27.987Z	spark1	LOAD	20.919	7.211
2026-09-28T01:00:28.131Z	spark2	LOAD	21.442	4.134
2026-09-28T01:00:28.249Z	spark1	LOAD	20.494	7.211
2026-09-28T01:00:28.397Z	spark2	LOAD	21.442	4.134
2026-09-28T01:00:28.500Z	spark1	LOAD	20.305	7.211
2026-09-28T01:00:28.647Z	spark2	LOAD	21.442	4.134
2026-09-28T01:00:28.750Z	spark1	LOAD	20.815	7.213
2026-09-28T01:00:28.898Z	spark2	LOAD	21.442	4.134
2026-09-28T01:00:29.000Z	spark1	LOAD	20.797	7.213
2026-09-28T01:00:29.149Z	spark2	LOAD	21.443	4.134
2026-09-28T01:00:29.263Z	spark1	LOAD	20.771	7.213
2026-09-28T01:00:29.410Z	spark2	LOAD	21.443	4.134
2026-09-28T01:00:29.513Z	spark1	LOAD	20.737	7.213
2026-09-28T01:00:29.660Z	spark2	LOAD	21.443	4.134
2026-09-28T01:00:29.764Z	spark1	LOAD	20.694	7.213
2026-09-28T01:00:29.912Z	spark2	LOAD	21.443	4.134
2026-09-28T01:00:30.014Z	spark1	LOAD	20.741	7.213
2026-09-28T01:00:30.161Z	spark2	LOAD	21.444	4.134
2026-09-28T01:00:30.280Z	spark1	LOAD	20.774	7.213
2026-09-28T01:00:30.426Z	spark2	LOAD	21.444	4.134
2026-09-28T01:00:30.531Z	spark1	LOAD	20.734	7.213
2026-09-28T01:00:30.677Z	spark2	LOAD	21.444	4.134
2026-09-28T01:00:30.781Z	spark1	LOAD	20.701	7.213
2026-09-28T01:00:30.928Z	spark2	LOAD	21.444	4.134
2026-09-28T01:00:31.031Z	spark1	LOAD	20.666	7.213
2026-09-28T01:00:31.178Z	spark2	LOAD	21.444	4.134
2026-09-28T01:00:31.299Z	spark1	LOAD	20.632	7.213
2026-09-28T01:00:31.443Z	spark2	LOAD	21.443	4.134
2026-09-28T01:00:31.550Z	spark1	LOAD	20.569	7.213
2026-09-28T01:00:31.693Z	spark2	LOAD	21.443	4.134
2026-09-28T01:00:31.800Z	spark1	LOAD	20.519	7.213
2026-09-28T01:00:31.944Z	spark2	LOAD	21.443	4.134
2026-09-28T01:00:32.051Z	spark1	LOAD	20.498	7.213
2026-09-28T01:00:32.194Z	spark2	LOAD	21.443	4.134
2026-09-28T01:00:32.313Z	spark1	LOAD	20.463	7.213
2026-09-28T01:00:32.459Z	spark2	LOAD	21.443	4.134
2026-09-28T01:00:32.564Z	spark1	LOAD	20.439	7.213
2026-09-28T01:00:32.709Z	spark2	LOAD	21.443	4.134
2026-09-28T01:00:32.814Z	spark1	LOAD	20.408	7.213
2026-09-28T01:00:32.960Z	spark2	LOAD	21.443	4.134
2026-09-28T01:00:33.064Z	spark1	LOAD	20.383	7.213
2026-09-28T01:00:33.211Z	spark2	LOAD	21.443	4.134
2026-09-28T01:00:33.325Z	spark1	LOAD	20.343	7.213
2026-09-28T01:00:33.471Z	spark2	LOAD	21.442	4.134
2026-09-28T01:00:33.575Z	spark1	LOAD	20.309	7.213
2026-09-28T01:00:33.722Z	spark2	LOAD	21.442	4.134
2026-09-28T01:00:33.825Z	spark1	LOAD	20.239	7.213
2026-09-28T01:00:33.973Z	spark2	LOAD	21.442	4.134
2026-09-28T01:00:34.076Z	spark1	LOAD	20.212	7.213
2026-09-28T01:00:34.223Z	spark2	LOAD	21.442	4.134
2026-09-28T01:00:34.338Z	spark1	LOAD	20.179	7.213
2026-09-28T01:00:34.484Z	spark2	LOAD	21.441	4.134
2026-09-28T01:00:34.588Z	spark1	LOAD	20.157	7.213
2026-09-28T01:00:34.736Z	spark2	LOAD	21.441	4.134
2026-09-28T01:00:34.838Z	spark1	LOAD	20.127	7.213
2026-09-28T01:00:34.986Z	spark2	LOAD	21.441	4.134
2026-09-28T01:00:35.089Z	spark1	LOAD	20.097	7.213
2026-09-28T01:00:35.236Z	spark2	LOAD	21.441	4.134
2026-09-28T01:00:35.351Z	spark1	LOAD	20.063	7.213
2026-09-28T01:00:35.501Z	spark2	LOAD	21.441	4.134
2026-09-28T01:00:35.601Z	spark1	LOAD	20.033	7.213
2026-09-28T01:00:35.752Z	spark2	LOAD	21.441	4.134
2026-09-28T01:00:35.852Z	spark1	LOAD	19.975	7.213
2026-09-28T01:00:36.002Z	spark2	LOAD	21.441	4.134
2026-09-28T01:00:36.102Z	spark1	LOAD	19.962	7.213
2026-09-28T01:00:36.252Z	spark2	LOAD	21.441	4.134
2026-09-28T01:00:36.369Z	spark1	LOAD	19.434	7.213
2026-09-28T01:00:36.517Z	spark2	LOAD	21.441	4.133
2026-09-28T01:00:36.620Z	spark1	LOAD	19.391	7.213
2026-09-28T01:00:36.767Z	spark2	LOAD	21.441	4.133
2026-09-28T01:00:36.870Z	spark1	LOAD	19.368	7.213
2026-09-28T01:00:37.018Z	spark2	LOAD	21.441	4.133
2026-09-28T01:00:37.121Z	spark1	LOAD	19.336	7.213
2026-09-28T01:00:37.269Z	spark2	LOAD	21.441	4.133
2026-09-28T01:00:37.383Z	spark1	LOAD	19.299	7.213
2026-09-28T01:00:37.533Z	spark2	LOAD	21.441	4.133
2026-09-28T01:00:37.634Z	spark1	LOAD	19.272	7.213
2026-09-28T01:00:37.783Z	spark2	LOAD	21.441	4.133
2026-09-28T01:00:37.884Z	spark1	LOAD	19.696	7.213
2026-09-28T01:00:38.033Z	spark2	LOAD	21.441	4.133
2026-09-28T01:00:38.134Z	spark1	LOAD	19.724	7.213
2026-09-28T01:00:38.283Z	spark2	LOAD	21.442	4.133
2026-09-28T01:00:38.402Z	spark1	LOAD	19.686	7.213
2026-09-28T01:00:38.543Z	spark2	LOAD	21.431	4.133
2026-09-28T01:00:38.652Z	spark1	LOAD	19.629	7.213
2026-09-28T01:00:38.794Z	spark2	LOAD	21.443	4.133
2026-09-28T01:00:38.902Z	spark1	LOAD	19.586	7.213
2026-09-28T01:00:39.045Z	spark2	LOAD	21.443	4.133
2026-09-28T01:00:39.153Z	spark1	LOAD	19.553	7.213
2026-09-28T01:00:39.296Z	spark2	LOAD	21.444	4.133
2026-09-28T01:00:39.415Z	spark1	LOAD	19.517	7.213
2026-09-28T01:00:39.556Z	spark2	LOAD	21.444	4.133
2026-09-28T01:00:39.665Z	spark1	LOAD	19.488	7.212
2026-09-28T01:00:39.806Z	spark2	LOAD	21.444	4.133
2026-09-28T01:00:39.915Z	spark1	LOAD	19.474	7.212
2026-09-28T01:00:40.057Z	spark2	LOAD	21.444	4.133
2026-09-28T01:00:40.165Z	spark1	LOAD	19.543	7.212
2026-09-28T01:00:40.308Z	spark2	LOAD	21.444	4.133
2026-09-28T01:00:40.428Z	spark1	LOAD	21.062	7.212
2026-09-28T01:00:40.570Z	spark2	LOAD	21.444	4.133
2026-09-28T01:00:40.679Z	spark1	LOAD	22.669	7.212
2026-09-28T01:00:40.821Z	spark2	LOAD	21.444	4.133
2026-09-28T01:00:40.929Z	spark1	LOAD	22.704	7.212
2026-09-28T01:00:41.071Z	spark2	LOAD	21.446	4.133
2026-09-28T01:00:41.179Z	spark1	LOAD	22.672	7.212
2026-09-28T01:00:41.322Z	spark2	LOAD	21.446	4.133
2026-09-28T01:00:41.448Z	spark1	LOAD	22.640	7.212
2026-09-28T01:00:41.587Z	spark2	LOAD	21.446	4.133
2026-09-28T01:00:41.698Z	spark1	LOAD	22.607	7.212
2026-09-28T01:00:41.838Z	spark2	LOAD	21.446	4.133
2026-09-28T01:00:41.949Z	spark1	LOAD	22.543	7.212
2026-09-28T01:00:42.089Z	spark2	LOAD	21.447	4.133
2026-09-28T01:00:42.199Z	spark1	LOAD	22.512	7.212
2026-09-28T01:00:42.339Z	spark2	LOAD	21.447	4.133
2026-09-28T01:00:42.466Z	spark1	LOAD	22.482	7.212
2026-09-28T01:00:42.604Z	spark2	LOAD	21.447	4.133
2026-09-28T01:00:42.716Z	spark1	LOAD	22.451	7.212
2026-09-28T01:00:42.855Z	spark2	LOAD	21.447	4.133
2026-09-28T01:00:42.967Z	spark1	LOAD	22.421	7.212
2026-09-28T01:00:43.106Z	spark2	LOAD	21.447	4.133
2026-09-28T01:00:43.217Z	spark1	LOAD	22.378	7.212
2026-09-28T01:00:43.357Z	spark2	LOAD	21.447	4.133
2026-09-28T01:00:43.478Z	spark1	LOAD	22.346	7.212
2026-09-28T01:00:43.618Z	spark2	LOAD	21.447	4.133
2026-09-28T01:00:43.728Z	spark1	LOAD	22.313	7.212
2026-09-28T01:00:43.869Z	spark2	LOAD	21.447	4.133
2026-09-28T01:00:43.979Z	spark1	LOAD	22.256	7.212
2026-09-28T01:00:44.120Z	spark2	LOAD	21.447	4.133
2026-09-28T01:00:44.229Z	spark1	LOAD	22.219	7.212
2026-09-28T01:00:44.371Z	spark2	LOAD	21.447	4.133
2026-09-28T01:00:44.497Z	spark1	LOAD	22.185	7.212
2026-09-28T01:00:44.637Z	spark2	LOAD	21.447	4.133
2026-09-28T01:00:44.747Z	spark1	LOAD	22.161	7.212
2026-09-28T01:00:44.886Z	spark2	LOAD	21.447	4.133
2026-09-28T01:00:44.998Z	spark1	LOAD	22.130	7.212
2026-09-28T01:00:45.136Z	spark2	LOAD	21.447	4.133
2026-09-28T01:00:45.248Z	spark1	LOAD	22.103	7.212
2026-09-28T01:00:45.386Z	spark2	LOAD	21.447	4.133
2026-09-28T01:00:45.515Z	spark1	LOAD	22.071	7.212
2026-09-28T01:00:45.648Z	spark2	LOAD	21.447	4.133
2026-09-28T01:00:45.765Z	spark1	LOAD	22.040	7.212
2026-09-28T01:00:45.899Z	spark2	LOAD	21.447	4.133
2026-09-28T01:00:46.015Z	spark1	LOAD	22.012	7.212
2026-09-28T01:00:46.150Z	spark2	LOAD	21.447	4.133
2026-09-28T01:00:46.265Z	spark1	LOAD	21.964	7.212
2026-09-28T01:00:46.402Z	spark2	LOAD	21.447	4.133
2026-09-28T01:00:46.532Z	spark1	LOAD	21.933	7.212
2026-09-28T01:00:46.666Z	spark2	LOAD	21.447	4.133
2026-09-28T01:00:46.783Z	spark1	LOAD	21.905	7.212
2026-09-28T01:00:46.917Z	spark2	LOAD	21.447	4.133
2026-09-28T01:00:47.033Z	spark1	LOAD	21.879	7.212
2026-09-28T01:00:47.168Z	spark2	LOAD	21.447	4.133
2026-09-28T01:00:47.284Z	spark1	LOAD	21.854	7.212
2026-09-28T01:00:47.419Z	spark2	LOAD	21.447	4.133
2026-09-28T01:00:47.546Z	spark1	LOAD	21.824	7.212
2026-09-28T01:00:47.680Z	spark2	LOAD	21.447	4.133
2026-09-28T01:00:47.797Z	spark1	LOAD	21.791	7.212
2026-09-28T01:00:47.930Z	spark2	LOAD	21.447	4.133
2026-09-28T01:00:48.047Z	spark1	LOAD	21.760	7.212
2026-09-28T01:00:48.181Z	spark2	LOAD	21.447	4.133
2026-09-28T01:00:48.298Z	spark1	LOAD	21.698	7.212
2026-09-28T01:00:48.432Z	spark2	LOAD	21.447	4.133
2026-09-28T01:00:48.564Z	spark1	LOAD	21.666	7.212
2026-09-28T01:00:48.693Z	spark2	LOAD	21.447	4.133
2026-09-28T01:00:48.814Z	spark1	LOAD	21.610	7.212
2026-09-28T01:00:48.944Z	spark2	LOAD	21.447	4.133
2026-09-28T01:00:49.065Z	spark1	LOAD	21.568	7.212
2026-09-28T01:00:49.194Z	spark2	LOAD	21.447	4.132
2026-09-28T01:00:49.315Z	spark1	LOAD	21.541	7.212
2026-09-28T01:00:49.444Z	spark2	LOAD	21.423	4.132
2026-09-28T01:00:49.577Z	spark1	LOAD	21.487	7.212
2026-09-28T01:00:49.709Z	spark2	LOAD	21.431	4.132
2026-09-28T01:00:49.828Z	spark1	LOAD	21.551	7.212
2026-09-28T01:00:49.959Z	spark2	LOAD	21.430	4.132
2026-09-28T01:00:50.078Z	spark1	LOAD	20.987	7.212
2026-09-28T01:00:50.210Z	spark2	LOAD	21.430	4.132
2026-09-28T01:00:50.329Z	spark1	LOAD	20.919	7.212
2026-09-28T01:00:50.461Z	spark2	LOAD	21.430	4.132
2026-09-28T01:00:50.595Z	spark1	LOAD	20.880	7.212
2026-09-28T01:00:50.726Z	spark2	LOAD	21.430	4.132
2026-09-28T01:00:50.846Z	spark1	LOAD	20.850	7.212
2026-09-28T01:00:50.976Z	spark2	LOAD	21.431	4.132
2026-09-28T01:00:51.096Z	spark1	LOAD	20.812	7.212
2026-09-28T01:00:51.226Z	spark2	LOAD	21.431	4.132
2026-09-28T01:00:51.346Z	spark1	LOAD	20.775	7.212
2026-09-28T01:00:51.477Z	spark2	LOAD	21.431	4.132
2026-09-28T01:00:51.613Z	spark1	LOAD	20.739	7.212
2026-09-28T01:00:51.738Z	spark2	LOAD	21.431	4.132
2026-09-28T01:00:51.863Z	spark1	LOAD	20.709	7.212
2026-09-28T01:00:51.990Z	spark2	LOAD	21.431	4.132
2026-09-28T01:00:52.113Z	spark1	LOAD	20.675	7.212
2026-09-28T01:00:52.240Z	spark2	LOAD	21.431	4.132
2026-09-28T01:00:52.364Z	spark1	LOAD	21.153	7.212
2026-09-28T01:00:52.491Z	spark2	LOAD	21.431	4.132
2026-09-28T01:00:52.625Z	spark1	LOAD	21.122	7.212
2026-09-28T01:00:52.753Z	spark2	LOAD	21.431	4.132
2026-09-28T01:00:52.876Z	spark1	LOAD	21.093	7.212
2026-09-28T01:00:53.003Z	spark2	LOAD	21.432	4.132
2026-09-28T01:00:53.126Z	spark1	LOAD	21.062	7.212
2026-09-28T01:00:53.254Z	spark2	LOAD	21.432	4.132
2026-09-28T01:00:53.377Z	spark1	LOAD	21.018	7.212
2026-09-28T01:00:53.504Z	spark2	LOAD	21.432	4.132
2026-09-28T01:00:53.640Z	spark1	LOAD	20.999	7.212
2026-09-28T01:00:53.765Z	spark2	LOAD	21.432	4.132
2026-09-28T01:00:53.890Z	spark1	LOAD	20.966	7.212
2026-09-28T01:00:54.016Z	spark2	LOAD	21.433	4.132
2026-09-28T01:00:54.140Z	spark1	LOAD	20.986	7.212
2026-09-28T01:00:54.267Z	spark2	LOAD	21.433	4.132
2026-09-28T01:00:54.390Z	spark1	LOAD	20.922	7.212
2026-09-28T01:00:54.518Z	spark2	LOAD	21.433	4.132
2026-09-28T01:00:54.657Z	spark1	LOAD	20.889	7.212
2026-09-28T01:00:54.779Z	spark2	LOAD	21.433	4.132
2026-09-28T01:00:54.908Z	spark1	LOAD	20.860	7.212
2026-09-28T01:00:55.029Z	spark2	LOAD	21.433	4.132
2026-09-28T01:00:55.158Z	spark1	LOAD	20.821	7.212
2026-09-28T01:00:55.280Z	spark2	LOAD	21.433	4.132
2026-09-28T01:00:55.409Z	spark1	LOAD	20.554	7.212
2026-09-28T01:00:55.531Z	spark2	LOAD	21.433	4.132
2026-09-28T01:00:55.671Z	spark1	LOAD	20.784	7.212
2026-09-28T01:00:55.795Z	spark2	LOAD	21.433	4.132
2026-09-28T01:00:55.921Z	spark1	LOAD	20.751	7.212
2026-09-28T01:00:56.047Z	spark2	LOAD	21.433	4.132
2026-09-28T01:00:56.172Z	spark1	LOAD	20.605	7.212
2026-09-28T01:00:56.297Z	spark2	LOAD	21.433	4.132
2026-09-28T01:00:56.422Z	spark1	LOAD	20.387	7.212
2026-09-28T01:00:56.548Z	spark2	LOAD	21.433	4.132
2026-09-28T01:00:56.690Z	spark1	LOAD	20.374	7.212
2026-09-28T01:00:56.809Z	spark2	LOAD	21.433	4.132
2026-09-28T01:00:56.940Z	spark1	LOAD	20.080	7.212
2026-09-28T01:00:57.059Z	spark2	LOAD	21.433	4.132
2026-09-28T01:00:57.190Z	spark1	LOAD	20.046	7.212
2026-09-28T01:00:57.310Z	spark2	LOAD	21.433	4.132
2026-09-28T01:00:57.440Z	spark1	LOAD	20.016	7.212
2026-09-28T01:00:57.561Z	spark2	LOAD	21.433	4.132
2026-09-28T01:00:57.707Z	spark1	LOAD	19.979	7.212
2026-09-28T01:00:57.826Z	spark2	LOAD	21.433	4.132
2026-09-28T01:00:57.957Z	spark1	LOAD	20.496	7.212
2026-09-28T01:00:58.077Z	spark2	LOAD	21.433	4.132
2026-09-28T01:00:58.208Z	spark1	LOAD	20.455	7.212
2026-09-28T01:00:58.328Z	spark2	LOAD	21.433	4.132
2026-09-28T01:00:58.458Z	spark1	LOAD	20.431	7.212
2026-09-28T01:00:58.579Z	spark2	LOAD	21.433	4.132
2026-09-28T01:00:58.726Z	spark1	LOAD	20.434	7.212
2026-09-28T01:00:58.844Z	spark2	LOAD	21.433	4.132
2026-09-28T01:00:58.976Z	spark1	LOAD	20.377	7.212
2026-09-28T01:00:59.094Z	spark2	LOAD	21.433	4.132
2026-09-28T01:00:59.227Z	spark1	LOAD	20.358	7.212
2026-09-28T01:00:59.345Z	spark2	LOAD	21.433	4.132
2026-09-28T01:00:59.477Z	spark1	LOAD	20.326	7.212
2026-09-28T01:00:59.596Z	spark2	LOAD	21.433	4.132
2026-09-28T01:00:59.745Z	spark1	LOAD	20.241	7.212
2026-09-28T01:00:59.856Z	spark2	LOAD	21.433	4.132
2026-09-28T01:00:59.995Z	spark1	LOAD	20.196	7.212
2026-09-28T01:01:00.106Z	spark2	LOAD	21.433	4.132
2026-09-28T01:01:00.246Z	spark1	LOAD	20.172	7.212
2026-09-28T01:01:00.357Z	spark2	LOAD	21.426	4.132
2026-09-28T01:01:00.496Z	spark1	LOAD	20.093	7.212
2026-09-28T01:01:00.607Z	spark2	LOAD	21.443	4.132
2026-09-28T01:01:00.763Z	spark1	LOAD	20.080	7.212
2026-09-28T01:01:00.873Z	spark2	LOAD	21.443	4.132
2026-09-28T01:01:01.013Z	spark1	LOAD	20.050	7.212
2026-09-28T01:01:01.124Z	spark2	LOAD	21.442	4.132
2026-09-28T01:01:01.264Z	spark1	LOAD	20.024	7.212
2026-09-28T01:01:01.375Z	spark2	LOAD	21.442	4.132
2026-09-28T01:01:01.514Z	spark1	LOAD	20.000	7.212
2026-09-28T01:01:01.625Z	spark2	LOAD	21.442	4.132
2026-09-28T01:01:01.780Z	spark1	LOAD	19.969	7.212
2026-09-28T01:01:01.886Z	spark2	LOAD	21.442	4.132
2026-09-28T01:01:02.031Z	spark1	LOAD	19.934	7.212
2026-09-28T01:01:02.136Z	spark2	LOAD	21.442	4.132
2026-09-28T01:01:02.281Z	spark1	LOAD	19.897	7.212
2026-09-28T01:01:02.387Z	spark2	LOAD	21.442	4.132
2026-09-28T01:01:02.531Z	spark1	LOAD	19.832	7.212
2026-09-28T01:01:02.638Z	spark2	LOAD	21.442	4.132
2026-09-28T01:01:02.798Z	spark1	LOAD	19.813	7.212
2026-09-28T01:01:02.900Z	spark2	LOAD	21.441	4.132
2026-09-28T01:01:03.048Z	spark1	LOAD	19.785	7.212
2026-09-28T01:01:03.149Z	spark2	LOAD	21.441	4.132
2026-09-28T01:01:03.299Z	spark1	LOAD	19.748	7.212
2026-09-28T01:01:03.399Z	spark2	LOAD	21.449	4.132
2026-09-28T01:01:03.549Z	spark1	LOAD	19.719	7.212
2026-09-28T01:01:03.650Z	spark2	LOAD	21.449	4.132
2026-09-28T01:01:03.817Z	spark1	LOAD	19.372	7.212
2026-09-28T01:01:03.912Z	spark2	LOAD	21.448	4.132
2026-09-28T01:01:04.067Z	spark1	LOAD	19.178	7.212
2026-09-28T01:01:04.163Z	spark2	LOAD	21.449	4.132
2026-09-28T01:01:04.317Z	spark1	LOAD	19.136	7.212
2026-09-28T01:01:04.413Z	spark2	LOAD	21.449	4.132
2026-09-28T01:01:04.568Z	spark1	LOAD	19.078	7.212
2026-09-28T01:01:04.663Z	spark2	LOAD	21.449	4.132
2026-09-28T01:01:04.834Z	spark1	LOAD	19.077	7.212
2026-09-28T01:01:04.929Z	spark2	LOAD	21.449	4.132
2026-09-28T01:01:05.085Z	spark1	LOAD	20.671	7.212
2026-09-28T01:01:05.178Z	spark2	LOAD	21.449	4.132
2026-09-28T01:01:05.335Z	spark1	LOAD	22.196	7.212
2026-09-28T01:01:05.429Z	spark2	LOAD	21.449	4.132
2026-09-28T01:01:05.586Z	spark1	LOAD	22.176	7.212
2026-09-28T01:01:05.679Z	spark2	LOAD	21.449	4.132
2026-09-28T01:01:05.853Z	spark1	LOAD	22.147	7.212
2026-09-28T01:01:05.945Z	spark2	LOAD	21.449	4.132
2026-09-28T01:01:06.104Z	spark1	LOAD	22.120	7.212
2026-09-28T01:01:06.196Z	spark2	LOAD	21.449	4.132
2026-09-28T01:01:06.354Z	spark1	LOAD	22.091	7.212
2026-09-28T01:01:06.445Z	spark2	LOAD	21.449	4.132
2026-09-28T01:01:06.604Z	spark1	LOAD	22.673	7.212
2026-09-28T01:01:06.696Z	spark2	LOAD	21.449	4.132
2026-09-28T01:01:06.873Z	spark1	LOAD	22.606	7.212
2026-09-28T01:01:06.960Z	spark2	LOAD	21.449	4.132
2026-09-28T01:01:07.123Z	spark1	LOAD	22.278	7.212
2026-09-28T01:01:07.211Z	spark2	LOAD	21.449	4.132
2026-09-28T01:01:07.373Z	spark1	LOAD	22.011	7.212
2026-09-28T01:01:07.462Z	spark2	LOAD	21.449	4.132
2026-09-28T01:01:07.624Z	spark1	LOAD	21.997	7.211
2026-09-28T01:01:07.712Z	spark2	LOAD	21.449	4.132
2026-09-28T01:01:07.886Z	spark1	LOAD	21.957	7.211
2026-09-28T01:01:07.977Z	spark2	LOAD	21.449	4.132
2026-09-28T01:01:08.136Z	spark1	LOAD	21.924	7.211
2026-09-28T01:01:08.229Z	spark2	LOAD	21.449	4.131
2026-09-28T01:01:08.387Z	spark1	LOAD	21.869	7.211
2026-09-28T01:01:08.479Z	spark2	LOAD	21.449	4.131
2026-09-28T01:01:08.637Z	spark1	LOAD	21.839	7.211
2026-09-28T01:01:08.730Z	spark2	LOAD	21.449	4.131
2026-09-28T01:01:08.904Z	spark1	LOAD	21.767	7.211
2026-09-28T01:01:08.996Z	spark2	LOAD	21.449	4.131
2026-09-28T01:01:09.154Z	spark1	LOAD	21.735	7.211
2026-09-28T01:01:09.247Z	spark2	LOAD	21.449	4.131
2026-09-28T01:01:09.405Z	spark1	LOAD	21.683	7.211
2026-09-28T01:01:09.498Z	spark2	LOAD	21.449	4.131
2026-09-28T01:01:09.655Z	spark1	LOAD	21.647	7.211
2026-09-28T01:01:09.748Z	spark2	LOAD	21.449	4.131
2026-09-28T01:01:09.923Z	spark1	LOAD	21.613	7.211
2026-09-28T01:01:10.013Z	spark2	LOAD	21.449	4.131
2026-09-28T01:01:10.173Z	spark1	LOAD	21.579	7.211
2026-09-28T01:01:10.264Z	spark2	LOAD	21.449	4.131
2026-09-28T01:01:10.424Z	spark1	LOAD	21.550	7.211
2026-09-28T01:01:10.514Z	spark2	LOAD	21.449	4.131
2026-09-28T01:01:10.674Z	spark1	LOAD	21.468	7.211
2026-09-28T01:01:10.764Z	spark2	LOAD	21.449	4.131
2026-09-28T01:01:10.941Z	spark1	LOAD	21.392	7.211
2026-09-28T01:01:11.029Z	spark2	LOAD	21.448	4.131
2026-09-28T01:01:11.192Z	spark1	LOAD	21.368	7.211
2026-09-28T01:01:11.279Z	spark2	LOAD	21.430	4.131
2026-09-28T01:01:11.442Z	spark1	LOAD	21.331	7.211
2026-09-28T01:01:11.530Z	spark2	LOAD	21.440	4.131
2026-09-28T01:01:11.692Z	spark1	LOAD	21.302	7.211
2026-09-28T01:01:11.781Z	spark2	LOAD	21.440	4.131
2026-09-28T01:01:11.961Z	spark1	LOAD	21.267	7.211
2026-09-28T01:01:12.041Z	spark2	LOAD	21.439	4.131
2026-09-28T01:01:12.211Z	spark1	LOAD	21.238	7.211
2026-09-28T01:01:12.291Z	spark2	LOAD	21.439	4.131
2026-09-28T01:01:12.461Z	spark1	LOAD	21.207	7.211
2026-09-28T01:01:12.542Z	spark2	LOAD	21.439	4.131
2026-09-28T01:01:12.712Z	spark1	LOAD	21.174	7.211
2026-09-28T01:01:12.792Z	spark2	LOAD	21.439	4.131
2026-09-28T01:01:12.979Z	spark1	LOAD	21.108	7.211
2026-09-28T01:01:13.052Z	spark2	LOAD	21.439	4.131
2026-09-28T01:01:13.229Z	spark1	LOAD	21.075	7.211
2026-09-28T01:01:13.303Z	spark2	LOAD	21.439	4.131
2026-09-28T01:01:13.480Z	spark1	LOAD	21.040	7.211
2026-09-28T01:01:13.554Z	spark2	LOAD	21.439	4.131
2026-09-28T01:01:13.730Z	spark1	LOAD	21.015	7.211
2026-09-28T01:01:13.805Z	spark2	LOAD	21.439	4.131
2026-09-28T01:01:13.997Z	spark1	LOAD	20.981	7.211
2026-09-28T01:01:14.065Z	spark2	LOAD	21.439	4.131
2026-09-28T01:01:14.247Z	spark1	LOAD	20.946	7.211
2026-09-28T01:01:14.316Z	spark2	LOAD	21.439	4.131
2026-09-28T01:01:14.498Z	spark1	LOAD	20.915	7.211
2026-09-28T01:01:14.567Z	spark2	LOAD	21.439	4.131
2026-09-28T01:01:14.748Z	spark1	LOAD	20.883	7.211
2026-09-28T01:01:14.817Z	spark2	LOAD	21.439	4.131
2026-09-28T01:01:15.011Z	spark1	LOAD	20.814	7.211
2026-09-28T01:01:15.082Z	spark2	LOAD	21.439	4.131
2026-09-28T01:01:15.261Z	spark1	LOAD	21.421	7.211
2026-09-28T01:01:15.333Z	spark2	LOAD	21.439	4.131
2026-09-28T01:01:15.511Z	spark1	LOAD	20.917	7.211
2026-09-28T01:01:15.584Z	spark2	LOAD	21.439	4.131
2026-09-28T01:01:15.762Z	spark1	LOAD	21.331	7.211
2026-09-28T01:01:15.834Z	spark2	LOAD	21.439	4.131
2026-09-28T01:01:16.029Z	spark1	LOAD	21.281	7.211
2026-09-28T01:01:16.094Z	spark2	LOAD	21.440	4.131
2026-09-28T01:01:16.279Z	spark1	LOAD	21.237	7.211
2026-09-28T01:01:16.345Z	spark2	LOAD	21.440	4.131
2026-09-28T01:01:16.529Z	spark1	LOAD	21.188	7.211
2026-09-28T01:01:16.595Z	spark2	LOAD	21.440	4.131
2026-09-28T01:01:16.779Z	spark1	LOAD	21.161	7.211
2026-09-28T01:01:16.846Z	spark2	LOAD	21.440	4.131
2026-09-28T01:01:17.048Z	spark1	LOAD	21.096	7.211
2026-09-28T01:01:17.107Z	spark2	LOAD	21.440	4.131
2026-09-28T01:01:17.298Z	spark1	LOAD	21.047	7.211
2026-09-28T01:01:17.358Z	spark2	LOAD	21.440	4.131
2026-09-28T01:01:17.548Z	spark1	LOAD	21.003	7.211
2026-09-28T01:01:17.609Z	spark2	LOAD	21.440	4.131
2026-09-28T01:01:17.798Z	spark1	LOAD	20.964	7.211
2026-09-28T01:01:17.859Z	spark2	LOAD	21.440	4.131
2026-09-28T01:01:18.060Z	spark1	LOAD	20.916	7.211
2026-09-28T01:01:18.120Z	spark2	LOAD	21.440	4.131
2026-09-28T01:01:18.311Z	spark1	LOAD	20.873	7.211
2026-09-28T01:01:18.371Z	spark2	LOAD	21.440	4.131
2026-09-28T01:01:18.561Z	spark1	LOAD	20.831	7.211
2026-09-28T01:01:18.621Z	spark2	LOAD	21.440	4.131
2026-09-28T01:01:18.811Z	spark1	LOAD	20.217	7.211
2026-09-28T01:01:18.871Z	spark2	LOAD	21.440	4.131
2026-09-28T01:01:19.072Z	spark1	LOAD	20.686	7.212
2026-09-28T01:01:19.132Z	spark2	LOAD	21.440	4.131
2026-09-28T01:01:19.323Z	spark1	LOAD	20.638	7.212
2026-09-28T01:01:19.383Z	spark2	LOAD	21.440	4.131
2026-09-28T01:01:19.573Z	spark1	LOAD	20.515	7.212
2026-09-28T01:01:19.633Z	spark2	LOAD	21.440	4.131
2026-09-28T01:01:19.823Z	spark1	LOAD	20.275	7.212
2026-09-28T01:01:19.885Z	spark2	LOAD	21.440	4.131
2026-09-28T01:01:20.087Z	spark1	LOAD	20.224	7.212
2026-09-28T01:01:20.145Z	spark2	LOAD	21.440	4.131
2026-09-28T01:01:20.338Z	spark1	LOAD	20.189	7.212
2026-09-28T01:01:20.397Z	spark2	LOAD	21.440	4.131
2026-09-28T01:01:20.588Z	spark1	LOAD	19.904	7.212
2026-09-28T01:01:20.647Z	spark2	LOAD	21.440	4.131
2026-09-28T01:01:20.838Z	spark1	LOAD	19.862	7.212
2026-09-28T01:01:20.898Z	spark2	LOAD	21.440	4.131
2026-09-28T01:01:21.106Z	spark1	LOAD	19.776	7.212
2026-09-28T01:01:21.163Z	spark2	LOAD	21.439	4.131
2026-09-28T01:01:21.356Z	spark1	LOAD	20.300	7.212
2026-09-28T01:01:21.414Z	spark2	LOAD	21.439	4.131
2026-09-28T01:01:21.606Z	spark1	LOAD	20.225	7.212
2026-09-28T01:01:21.665Z	spark2	LOAD	21.439	4.131
2026-09-28T01:01:21.857Z	spark1	LOAD	20.186	7.212
2026-09-28T01:01:21.915Z	spark2	LOAD	21.438	4.131
2026-09-28T01:01:22.119Z	spark1	LOAD	19.969	7.212
2026-09-28T01:01:22.174Z	spark2	LOAD	21.428	4.131
2026-09-28T01:01:22.369Z	spark1	LOAD	19.963	7.212
2026-09-28T01:01:22.425Z	spark2	LOAD	21.433	4.130
2026-09-28T01:01:22.620Z	spark1	LOAD	20.135	7.213
2026-09-28T01:01:22.676Z	spark2	LOAD	21.433	4.130
2026-09-28T01:01:22.870Z	spark1	LOAD	20.097	7.213
2026-09-28T01:01:22.927Z	spark2	LOAD	21.433	4.130
2026-09-28T01:01:23.137Z	spark1	LOAD	20.035	7.213
2026-09-28T01:01:23.187Z	spark2	LOAD	21.433	4.130
2026-09-28T01:01:23.388Z	spark1	LOAD	20.005	7.213
2026-09-28T01:01:23.438Z	spark2	LOAD	21.433	4.130
2026-09-28T01:01:23.638Z	spark1	LOAD	19.972	7.213
2026-09-28T01:01:23.689Z	spark2	LOAD	21.433	4.130
2026-09-28T01:01:23.889Z	spark1	LOAD	19.965	7.213
2026-09-28T01:01:23.939Z	spark2	LOAD	21.434	4.130
2026-09-28T01:01:24.151Z	spark1	LOAD	19.926	7.213
2026-09-28T01:01:24.205Z	spark2	LOAD	21.433	4.130
2026-09-28T01:01:24.401Z	spark1	LOAD	19.897	7.212
2026-09-28T01:01:24.455Z	spark2	LOAD	21.433	4.130
2026-09-28T01:01:24.652Z	spark1	LOAD	19.866	7.212
2026-09-28T01:01:24.706Z	spark2	LOAD	21.433	4.130
2026-09-28T01:01:24.902Z	spark1	LOAD	19.829	7.212
2026-09-28T01:01:24.957Z	spark2	LOAD	21.434	4.130
2026-09-28T01:01:25.165Z	spark1	LOAD	19.788	7.212
2026-09-28T01:01:25.217Z	spark2	LOAD	21.434	4.130
2026-09-28T01:01:25.415Z	spark1	LOAD	19.721	7.212
2026-09-28T01:01:25.468Z	spark2	LOAD	21.434	4.130
2026-09-28T01:01:25.666Z	spark1	LOAD	19.268	7.212
2026-09-28T01:01:25.719Z	spark2	LOAD	21.434	4.130
2026-09-28T01:01:25.916Z	spark1	LOAD	19.717	7.213
2026-09-28T01:01:25.969Z	spark2	LOAD	21.435	4.130
2026-09-28T01:01:26.182Z	spark1	LOAD	19.682	7.213
2026-09-28T01:01:26.230Z	spark2	LOAD	21.434	4.130
2026-09-28T01:01:26.433Z	spark1	LOAD	19.650	7.213
2026-09-28T01:01:26.481Z	spark2	LOAD	21.434	4.130
2026-09-28T01:01:26.683Z	spark1	LOAD	19.615	7.213
2026-09-28T01:01:26.730Z	spark2	LOAD	21.434	4.130
2026-09-28T01:01:26.933Z	spark1	LOAD	19.579	7.213
2026-09-28T01:01:26.981Z	spark2	LOAD	21.435	4.130
2026-09-28T01:01:27.201Z	spark1	LOAD	19.531	7.213
2026-09-28T01:01:27.242Z	spark2	LOAD	21.435	4.130
2026-09-28T01:01:27.451Z	spark1	LOAD	19.339	7.213
2026-09-28T01:01:27.492Z	spark2	LOAD	21.435	4.130
2026-09-28T01:01:27.702Z	spark1	LOAD	19.485	7.213
2026-09-28T01:01:27.743Z	spark2	LOAD	21.435	4.130
2026-09-28T01:01:27.952Z	spark1	LOAD	19.309	7.213
2026-09-28T01:01:27.993Z	spark2	LOAD	21.435	4.130
2026-09-28T01:01:28.214Z	spark1	LOAD	18.875	7.213
2026-09-28T01:01:28.255Z	spark2	LOAD	21.435	4.130
2026-09-28T01:01:28.465Z	spark1	LOAD	20.204	7.213
2026-09-28T01:01:28.507Z	spark2	LOAD	21.435	4.130
2026-09-28T01:01:28.715Z	spark1	LOAD	21.983	7.213
2026-09-28T01:01:28.757Z	spark2	LOAD	21.435	4.130
2026-09-28T01:01:28.965Z	spark1	LOAD	21.939	7.213
2026-09-28T01:01:29.008Z	spark2	LOAD	21.435	4.130
2026-09-28T01:01:29.232Z	spark1	LOAD	21.896	7.213
2026-09-28T01:01:29.273Z	spark2	LOAD	21.435	4.130
2026-09-28T01:01:29.482Z	spark1	LOAD	21.857	7.213
2026-09-28T01:01:29.524Z	spark2	LOAD	21.435	4.130
2026-09-28T01:01:29.733Z	spark1	LOAD	21.818	7.213
2026-09-28T01:01:29.775Z	spark2	LOAD	21.435	4.130
2026-09-28T01:01:29.983Z	spark1	LOAD	21.777	7.213
2026-09-28T01:01:30.025Z	spark2	LOAD	21.435	4.130
2026-09-28T01:01:30.250Z	spark1	LOAD	21.740	7.213
2026-09-28T01:01:30.286Z	spark2	LOAD	21.435	4.130
2026-09-28T01:01:30.501Z	spark1	LOAD	21.706	7.213
2026-09-28T01:01:30.536Z	spark2	LOAD	21.435	4.130
2026-09-28T01:01:30.751Z	spark1	LOAD	21.675	7.213
2026-09-28T01:01:30.787Z	spark2	LOAD	21.435	4.130
2026-09-28T01:01:31.001Z	spark1	LOAD	21.636	7.213
2026-09-28T01:01:31.037Z	spark2	LOAD	21.435	4.130
2026-09-28T01:01:31.268Z	spark1	LOAD	21.596	7.213
2026-09-28T01:01:31.302Z	spark2	LOAD	21.435	4.130
2026-09-28T01:01:31.519Z	spark1	LOAD	21.537	7.213
2026-09-28T01:01:31.552Z	spark2	LOAD	21.435	4.130
2026-09-28T01:01:31.769Z	spark1	LOAD	21.486	7.213
2026-09-28T01:01:31.804Z	spark2	LOAD	21.435	4.130
2026-09-28T01:01:32.019Z	spark1	LOAD	21.456	7.213
2026-09-28T01:01:32.053Z	spark2	LOAD	21.435	4.130
2026-09-28T01:01:32.287Z	spark1	LOAD	21.414	7.213
2026-09-28T01:01:32.320Z	spark2	LOAD	21.435	4.130
2026-09-28T01:01:32.538Z	spark1	LOAD	21.338	7.213
2026-09-28T01:01:32.570Z	spark2	LOAD	21.435	4.130
2026-09-28T01:01:32.788Z	spark1	LOAD	21.295	7.213
2026-09-28T01:01:32.820Z	spark2	LOAD	21.435	4.130
2026-09-28T01:01:33.039Z	spark1	LOAD	21.262	7.213
2026-09-28T01:01:33.070Z	spark2	LOAD	21.426	4.130
2026-09-28T01:01:33.305Z	spark1	LOAD	21.226	7.213
2026-09-28T01:01:33.334Z	spark2	LOAD	21.406	4.130
2026-09-28T01:01:33.555Z	spark1	LOAD	21.154	7.212
2026-09-28T01:01:33.586Z	spark2	LOAD	21.408	4.130
2026-09-28T01:01:33.806Z	spark1	LOAD	21.123	7.212
2026-09-28T01:01:33.837Z	spark2	LOAD	21.408	4.130
2026-09-28T01:01:34.056Z	spark1	LOAD	21.094	7.212
2026-09-28T01:01:34.087Z	spark2	LOAD	21.408	4.130
2026-09-28T01:01:34.324Z	spark1	LOAD	21.054	7.212
2026-09-28T01:01:34.352Z	spark2	LOAD	21.408	4.130
2026-09-28T01:01:34.574Z	spark1	LOAD	21.016	7.212
2026-09-28T01:01:34.603Z	spark2	LOAD	21.408	4.130
2026-09-28T01:01:34.825Z	spark1	LOAD	20.975	7.212
2026-09-28T01:01:34.853Z	spark2	LOAD	21.408	4.130
2026-09-28T01:01:35.075Z	spark1	LOAD	20.937	7.212
2026-09-28T01:01:35.104Z	spark2	LOAD	21.408	4.130
2026-09-28T01:01:35.337Z	spark1	LOAD	20.893	7.212
2026-09-28T01:01:35.369Z	spark2	LOAD	21.408	4.130
2026-09-28T01:01:35.587Z	spark1	LOAD	20.828	7.212
2026-09-28T01:01:35.620Z	spark2	LOAD	21.408	4.130
2026-09-28T01:01:35.837Z	spark1	LOAD	20.792	7.212
2026-09-28T01:01:35.871Z	spark2	LOAD	21.408	4.130
2026-09-28T01:01:36.088Z	spark1	LOAD	20.761	7.212
2026-09-28T01:01:36.121Z	spark2	LOAD	21.408	4.130
2026-09-28T01:01:36.356Z	spark1	LOAD	20.721	7.212
2026-09-28T01:01:36.382Z	spark2	LOAD	21.408	4.130
2026-09-28T01:01:36.607Z	spark1	LOAD	20.682	7.212
2026-09-28T01:01:36.633Z	spark2	LOAD	21.408	4.130
2026-09-28T01:01:36.857Z	spark1	LOAD	20.650	7.212
2026-09-28T01:01:36.884Z	spark2	LOAD	21.408	4.130
2026-09-28T01:01:37.107Z	spark1	LOAD	20.608	7.212
2026-09-28T01:01:37.134Z	spark2	LOAD	21.413	4.130
2026-09-28T01:01:37.374Z	spark1	LOAD	20.570	7.212
2026-09-28T01:01:37.395Z	spark2	LOAD	21.413	4.130
2026-09-28T01:01:37.624Z	spark1	LOAD	20.619	7.212
2026-09-28T01:01:37.648Z	spark2	LOAD	21.413	4.130
2026-09-28T01:01:37.874Z	spark1	LOAD	21.110	7.213
2026-09-28T01:01:37.898Z	spark2	LOAD	21.414	4.130
2026-09-28T01:01:38.125Z	spark1	LOAD	21.079	7.213
2026-09-28T01:01:38.149Z	spark2	LOAD	21.416	4.130
2026-09-28T01:01:38.393Z	spark1	LOAD	21.023	7.213
2026-09-28T01:01:38.409Z	spark2	LOAD	21.416	4.130
2026-09-28T01:01:38.644Z	spark1	LOAD	20.986	7.213
2026-09-28T01:01:38.659Z	spark2	LOAD	21.416	4.130
2026-09-28T01:01:38.894Z	spark1	LOAD	20.944	7.213
2026-09-28T01:01:38.910Z	spark2	LOAD	21.416	4.130
2026-09-28T01:01:39.144Z	spark1	LOAD	20.873	7.213
2026-09-28T01:01:39.161Z	spark2	LOAD	21.418	4.130
2026-09-28T01:01:39.411Z	spark1	LOAD	20.831	7.213
2026-09-28T01:01:39.427Z	spark2	LOAD	21.417	4.130
2026-09-28T01:01:39.662Z	spark1	LOAD	20.770	7.213
2026-09-28T01:01:39.677Z	spark2	LOAD	21.417	4.130
2026-09-28T01:01:39.912Z	spark1	LOAD	20.738	7.213
2026-09-28T01:01:39.927Z	spark2	LOAD	21.417	4.130
2026-09-28T01:01:40.162Z	spark1	LOAD	20.697	7.213
2026-09-28T01:01:40.178Z	spark2	LOAD	21.418	4.130
2026-09-28T01:01:40.424Z	spark1	LOAD	20.655	7.213
2026-09-28T01:01:40.439Z	spark2	LOAD	21.419	4.130
2026-09-28T01:01:40.675Z	spark1	LOAD	20.617	7.213
2026-09-28T01:01:40.689Z	spark2	LOAD	21.419	4.130
2026-09-28T01:01:40.925Z	spark1	LOAD	20.572	7.213
2026-09-28T01:01:40.940Z	spark2	LOAD	21.420	4.130
2026-09-28T01:01:41.175Z	spark1	LOAD	20.538	7.213
2026-09-28T01:01:41.190Z	spark2	LOAD	21.420	4.130
2026-09-28T01:01:41.437Z	spark1	LOAD	20.502	7.213
2026-09-28T01:01:41.456Z	spark2	LOAD	21.420	4.130
2026-09-28T01:01:41.687Z	spark1	LOAD	20.438	7.213
2026-09-28T01:01:41.706Z	spark2	LOAD	21.420	4.130
2026-09-28T01:01:41.937Z	spark1	LOAD	20.407	7.213
2026-09-28T01:01:41.956Z	spark2	LOAD	21.420	4.130
2026-09-28T01:01:42.188Z	spark1	LOAD	20.369	7.213
2026-09-28T01:01:42.207Z	spark2	LOAD	21.420	4.130
2026-09-28T01:01:42.455Z	spark1	LOAD	20.327	7.213
2026-09-28T01:01:42.471Z	spark2	LOAD	21.420	4.130
2026-09-28T01:01:42.706Z	spark1	LOAD	20.294	7.213
2026-09-28T01:01:42.722Z	spark2	LOAD	21.420	4.130
2026-09-28T01:01:42.956Z	spark1	LOAD	20.258	7.213
2026-09-28T01:01:42.972Z	spark2	LOAD	21.420	4.130
2026-09-28T01:01:43.206Z	spark1	LOAD	20.221	7.213
2026-09-28T01:01:43.224Z	spark2	LOAD	21.420	4.130
2026-09-28T01:01:43.476Z	spark1	LOAD	19.755	7.213
2026-09-28T01:01:43.484Z	spark2	LOAD	21.420	4.130
2026-09-28T01:01:43.726Z	spark1	LOAD	19.557	7.213
2026-09-28T01:01:43.734Z	spark2	LOAD	21.420	4.130
2026-09-28T01:01:43.976Z	spark1	LOAD	19.516	7.213
2026-09-28T01:01:43.984Z	spark2	LOAD	21.420	4.129
2026-09-28T01:01:44.226Z	spark1	LOAD	19.477	7.213
2026-09-28T01:01:44.234Z	spark2	LOAD	21.413	4.129
2026-09-28T01:01:44.493Z	spark1	LOAD	19.416	7.213
2026-09-28T01:01:44.495Z	spark2	LOAD	21.426	4.129
2026-09-28T01:01:44.744Z	spark1	LOAD	19.729	7.213
2026-09-28T01:01:44.746Z	spark2	LOAD	21.426	4.129
2026-09-28T01:01:44.994Z	spark1	LOAD	19.428	7.213
2026-09-28T01:01:44.998Z	spark2	LOAD	21.426	4.129
2026-09-28T01:01:45.244Z	spark1	LOAD	19.385	7.213
2026-09-28T01:01:45.248Z	spark2	LOAD	21.426	4.129
2026-09-28T01:01:45.509Z	spark2	LOAD	21.426	4.129
2026-09-28T01:01:45.513Z	spark1	LOAD	19.887	7.213
2026-09-28T01:01:45.759Z	spark2	LOAD	21.426	4.129
2026-09-28T01:01:45.763Z	spark1	LOAD	19.813	7.213
2026-09-28T01:01:46.011Z	spark2	LOAD	21.426	4.129
2026-09-28T01:01:46.013Z	spark1	LOAD	19.756	7.213
2026-09-28T01:01:46.261Z	spark2	LOAD	21.426	4.129
2026-09-28T01:01:46.264Z	spark1	LOAD	19.514	7.213
2026-09-28T01:01:46.522Z	spark2	LOAD	21.426	4.129
2026-09-28T01:01:46.531Z	spark1	LOAD	19.652	7.213
2026-09-28T01:01:46.772Z	spark2	LOAD	21.426	4.129
2026-09-28T01:01:46.781Z	spark1	LOAD	19.634	7.214
2026-09-28T01:01:47.024Z	spark2	LOAD	21.427	4.129
2026-09-28T01:01:47.031Z	spark1	LOAD	19.596	7.217
2026-09-28T01:01:47.274Z	spark2	LOAD	21.427	4.129
2026-09-28T01:01:47.282Z	spark1	LOAD	19.564	7.218
2026-09-28T01:01:47.534Z	spark2	LOAD	21.427	4.129
2026-09-28T01:01:47.550Z	spark1	LOAD	19.521	7.218
2026-09-28T01:01:47.785Z	spark2	LOAD	21.427	4.129
2026-09-28T01:01:47.801Z	spark1	LOAD	19.481	7.218
2026-09-28T01:01:48.036Z	spark2	LOAD	21.426	4.129
2026-09-28T01:01:48.051Z	spark1	LOAD	19.417	7.218
2026-09-28T01:01:48.287Z	spark2	LOAD	21.426	4.129
2026-09-28T01:01:48.301Z	spark1	LOAD	19.380	7.218
2026-09-28T01:01:48.547Z	spark2	LOAD	21.426	4.129
2026-09-28T01:01:48.568Z	spark1	LOAD	19.358	7.218
2026-09-28T01:01:48.798Z	spark2	LOAD	21.426	4.129
2026-09-28T01:01:48.819Z	spark1	LOAD	19.319	7.218
2026-09-28T01:01:49.048Z	spark2	LOAD	21.426	4.129
2026-09-28T01:01:49.069Z	spark1	LOAD	19.260	7.218
2026-09-28T01:01:49.299Z	spark2	LOAD	21.426	4.129
2026-09-28T01:01:49.319Z	spark1	LOAD	19.213	7.218
2026-09-28T01:01:49.564Z	spark2	LOAD	21.426	4.129
2026-09-28T01:01:49.588Z	spark1	LOAD	19.264	7.218
2026-09-28T01:01:49.814Z	spark2	LOAD	21.426	4.129
2026-09-28T01:01:49.838Z	spark1	LOAD	20.882	7.218
2026-09-28T01:01:50.064Z	spark2	LOAD	21.426	4.129
2026-09-28T01:01:50.089Z	spark1	LOAD	22.404	7.218
2026-09-28T01:01:50.315Z	spark2	LOAD	21.426	4.129
2026-09-28T01:01:50.339Z	spark1	LOAD	22.452	7.218
2026-09-28T01:01:50.581Z	spark2	LOAD	21.426	4.129
2026-09-28T01:01:50.602Z	spark1	LOAD	22.413	7.218
2026-09-28T01:01:50.832Z	spark2	LOAD	21.426	4.129
2026-09-28T01:01:50.852Z	spark1	LOAD	22.377	7.218
2026-09-28T01:01:51.082Z	spark2	LOAD	21.426	4.129
2026-09-28T01:01:51.102Z	spark1	LOAD	22.340	7.218
2026-09-28T01:01:51.333Z	spark2	LOAD	21.426	4.129
2026-09-28T01:01:51.352Z	spark1	LOAD	22.302	7.218
2026-09-28T01:01:51.594Z	spark2	LOAD	21.426	4.129
2026-09-28T01:01:51.620Z	spark1	LOAD	22.266	7.218
2026-09-28T01:01:51.845Z	spark2	LOAD	21.426	4.129
2026-09-28T01:01:51.870Z	spark1	LOAD	22.234	7.218
2026-09-28T01:01:52.096Z	spark2	LOAD	21.426	4.129
2026-09-28T01:01:52.121Z	spark1	LOAD	22.169	7.218
2026-09-28T01:01:52.346Z	spark2	LOAD	21.426	4.129
2026-09-28T01:01:52.371Z	spark1	LOAD	22.138	7.218
2026-09-28T01:01:52.607Z	spark2	LOAD	21.426	4.129
2026-09-28T01:01:52.633Z	spark1	LOAD	22.106	7.218
2026-09-28T01:01:52.859Z	spark2	LOAD	21.426	4.129
2026-09-28T01:01:52.884Z	spark1	LOAD	22.066	7.218
2026-09-28T01:01:53.109Z	spark2	LOAD	21.426	4.129
2026-09-28T01:01:53.134Z	spark1	LOAD	22.034	7.218
2026-09-28T01:01:53.360Z	spark2	LOAD	21.426	4.129
2026-09-28T01:01:53.384Z	spark1	LOAD	21.990	7.218
2026-09-28T01:01:53.624Z	spark2	LOAD	21.426	4.129
2026-09-28T01:01:53.647Z	spark1	LOAD	21.942	7.218
2026-09-28T01:01:53.875Z	spark2	LOAD	21.426	4.129
2026-09-28T01:01:53.897Z	spark1	LOAD	21.910	7.218
2026-09-28T01:01:54.125Z	spark2	LOAD	21.426	4.129
2026-09-28T01:01:54.148Z	spark1	LOAD	21.850	7.218
2026-09-28T01:01:54.376Z	spark2	LOAD	21.426	4.129
2026-09-28T01:01:54.398Z	spark1	LOAD	21.818	7.218
2026-09-28T01:01:54.636Z	spark2	LOAD	21.426	4.129
2026-09-28T01:01:54.664Z	spark1	LOAD	21.748	7.218
2026-09-28T01:01:54.886Z	spark2	LOAD	21.426	4.129
2026-09-28T01:01:54.915Z	spark1	LOAD	21.706	7.218
2026-09-28T01:01:55.137Z	spark2	LOAD	21.420	4.129
2026-09-28T01:01:55.165Z	spark1	LOAD	21.668	7.218
2026-09-28T01:01:55.388Z	spark2	LOAD	21.441	4.129
2026-09-28T01:01:55.415Z	spark1	LOAD	21.634	7.218
2026-09-28T01:01:55.648Z	spark2	LOAD	21.441	4.129
2026-09-28T01:01:55.683Z	spark1	LOAD	21.597	7.218
2026-09-28T01:01:55.899Z	spark2	LOAD	21.441	4.129
2026-09-28T01:01:55.933Z	spark1	LOAD	21.562	7.218
2026-09-28T01:01:56.149Z	spark2	LOAD	21.441	4.129
2026-09-28T01:01:56.184Z	spark1	LOAD	21.497	7.218
2026-09-28T01:01:56.400Z	spark2	LOAD	21.441	4.129
2026-09-28T01:01:56.434Z	spark1	LOAD	21.465	7.218
2026-09-28T01:01:56.660Z	spark2	LOAD	21.441	4.129
2026-09-28T01:01:56.696Z	spark1	LOAD	21.427	7.218
2026-09-28T01:01:56.911Z	spark2	LOAD	21.441	4.129
2026-09-28T01:01:56.947Z	spark1	LOAD	21.397	7.218
2026-09-28T01:01:57.161Z	spark2	LOAD	21.441	4.129
2026-09-28T01:01:57.197Z	spark1	LOAD	21.362	7.218
2026-09-28T01:01:57.412Z	spark2	LOAD	21.441	4.129
2026-09-28T01:01:57.447Z	spark1	LOAD	21.331	7.218
2026-09-28T01:01:57.672Z	spark2	LOAD	21.441	4.129
2026-09-28T01:01:57.713Z	spark1	LOAD	21.283	7.217
2026-09-28T01:01:57.923Z	spark2	LOAD	21.441	4.129
2026-09-28T01:01:57.963Z	spark1	LOAD	21.251	7.217
2026-09-28T01:01:58.173Z	spark2	LOAD	21.441	4.129
2026-09-28T01:01:58.214Z	spark1	LOAD	21.198	7.217
2026-09-28T01:01:58.424Z	spark2	LOAD	21.441	4.129
2026-09-28T01:01:58.464Z	spark1	LOAD	21.157	7.217
2026-09-28T01:01:58.684Z	spark2	LOAD	21.441	4.129
2026-09-28T01:01:58.732Z	spark1	LOAD	21.123	7.217
2026-09-28T01:01:58.934Z	spark2	LOAD	21.441	4.129
2026-09-28T01:01:58.983Z	spark1	LOAD	21.088	7.217
2026-09-28T01:01:59.185Z	spark2	LOAD	21.441	4.129
2026-09-28T01:01:59.233Z	spark1	LOAD	21.057	7.217
2026-09-28T01:01:59.435Z	spark2	LOAD	21.441	4.129
2026-09-28T01:01:59.484Z	spark1	LOAD	21.018	7.217
2026-09-28T01:01:59.696Z	spark2	LOAD	21.441	4.129
2026-09-28T01:01:59.750Z	spark1	LOAD	20.977	7.217
2026-09-28T01:01:59.947Z	spark2	LOAD	21.441	4.129
2026-09-28T01:02:00.000Z	spark1	LOAD	20.940	7.217
2026-09-28T01:02:00.198Z	spark2	LOAD	21.441	4.129
2026-09-28T01:02:00.251Z	spark1	LOAD	20.884	7.217
2026-09-28T01:02:00.449Z	spark2	LOAD	21.441	4.129
2026-09-28T01:02:00.501Z	spark1	LOAD	20.853	7.217
2026-09-28T01:02:00.713Z	spark2	LOAD	21.441	4.129
2026-09-28T01:02:00.770Z	spark1	LOAD	20.814	7.217
2026-09-28T01:02:00.965Z	spark2	LOAD	21.440	4.129
2026-09-28T01:02:01.020Z	spark1	LOAD	20.780	7.217
2026-09-28T01:02:01.215Z	spark2	LOAD	21.440	4.129
2026-09-28T01:02:01.271Z	spark1	LOAD	20.736	7.217
2026-09-28T01:02:01.465Z	spark2	LOAD	21.440	4.129
2026-09-28T01:02:01.521Z	spark1	LOAD	20.701	7.217
2026-09-28T01:02:01.727Z	spark2	LOAD	21.440	4.129
2026-09-28T01:02:01.782Z	spark1	LOAD	20.663	7.217
2026-09-28T01:02:01.978Z	spark2	LOAD	21.440	4.129
2026-09-28T01:02:02.033Z	spark1	LOAD	20.627	7.217
2026-09-28T01:02:02.228Z	spark2	LOAD	21.440	4.129
2026-09-28T01:02:02.283Z	spark1	LOAD	20.567	7.217
2026-09-28T01:02:02.479Z	spark2	LOAD	21.440	4.129
2026-09-28T01:02:02.534Z	spark1	LOAD	20.534	7.217
2026-09-28T01:02:02.743Z	spark2	LOAD	21.440	4.129
2026-09-28T01:02:02.800Z	spark1	LOAD	20.496	7.217
2026-09-28T01:02:02.993Z	spark2	LOAD	21.440	4.129
2026-09-28T01:02:03.051Z	spark1	LOAD	20.457	7.217
2026-09-28T01:02:03.244Z	spark2	LOAD	21.440	4.129
2026-09-28T01:02:03.301Z	spark1	LOAD	20.423	7.217
2026-09-28T01:02:03.495Z	spark2	LOAD	21.440	4.129
2026-09-28T01:02:03.552Z	spark1	LOAD	20.381	7.216
2026-09-28T01:02:03.756Z	spark2	LOAD	21.440	4.129
2026-09-28T01:02:03.820Z	spark1	LOAD	20.346	7.216
2026-09-28T01:02:04.007Z	spark2	LOAD	21.440	4.129
2026-09-28T01:02:04.071Z	spark1	LOAD	20.311	7.216
2026-09-28T01:02:04.258Z	spark2	LOAD	21.440	4.129
2026-09-28T01:02:04.321Z	spark1	LOAD	20.245	7.216
2026-09-28T01:02:04.508Z	spark2	LOAD	21.440	4.129
2026-09-28T01:02:04.572Z	spark1	LOAD	20.204	7.216
2026-09-28T01:02:04.773Z	spark2	LOAD	21.440	4.129
2026-09-28T01:02:04.838Z	spark1	LOAD	19.710	7.216
2026-09-28T01:02:05.023Z	spark2	LOAD	21.440	4.129
2026-09-28T01:02:05.089Z	spark1	LOAD	19.666	7.216
2026-09-28T01:02:05.275Z	spark2	LOAD	21.440	4.129
2026-09-28T01:02:05.339Z	spark1	LOAD	19.648	7.216
2026-09-28T01:02:05.525Z	spark2	LOAD	21.440	4.129
2026-09-28T01:02:05.589Z	spark1	LOAD	19.537	7.216
2026-09-28T01:02:05.785Z	spark2	LOAD	21.440	4.129
2026-09-28T01:02:05.857Z	spark1	LOAD	19.450	7.216
2026-09-28T01:02:06.035Z	spark2	LOAD	21.439	4.129
2026-09-28T01:02:06.107Z	spark1	LOAD	19.414	7.216
2026-09-28T01:02:06.286Z	spark2	LOAD	21.425	4.129
2026-09-28T01:02:06.357Z	spark1	LOAD	19.327	7.216
2026-09-28T01:02:06.537Z	spark2	LOAD	21.425	4.128
2026-09-28T01:02:06.608Z	spark1	LOAD	19.255	7.216
2026-09-28T01:02:06.802Z	spark2	LOAD	21.423	4.128
2026-09-28T01:02:06.874Z	spark1	LOAD	19.211	7.216
2026-09-28T01:02:07.052Z	spark2	LOAD	21.423	4.128
2026-09-28T01:02:07.125Z	spark1	LOAD	19.177	7.216
2026-09-28T01:02:07.303Z	spark2	LOAD	21.423	4.128
2026-09-28T01:02:07.375Z	spark1	LOAD	19.140	7.216
2026-09-28T01:02:07.554Z	spark2	LOAD	21.423	4.128
2026-09-28T01:02:07.626Z	spark1	LOAD	19.103	7.216
2026-09-28T01:02:07.814Z	spark2	LOAD	21.423	4.128
2026-09-28T01:02:07.894Z	spark1	LOAD	19.060	7.216
2026-09-28T01:02:08.066Z	spark2	LOAD	21.424	4.128
2026-09-28T01:02:08.144Z	spark1	LOAD	19.720	7.216
2026-09-28T01:02:08.317Z	spark2	LOAD	21.424	4.128
2026-09-28T01:02:08.394Z	spark1	LOAD	19.673	7.217
2026-09-28T01:02:08.567Z	spark2	LOAD	21.424	4.128
2026-09-28T01:02:08.645Z	spark1	LOAD	19.515	7.217
2026-09-28T01:02:08.834Z	spark2	LOAD	21.424	4.128
2026-09-28T01:02:08.912Z	spark1	LOAD	19.478	7.217
2026-09-28T01:02:09.084Z	spark2	LOAD	21.425	4.128
2026-09-28T01:02:09.163Z	spark1	LOAD	19.446	7.216
2026-09-28T01:02:09.336Z	spark2	LOAD	21.425	4.128
2026-09-28T01:02:09.413Z	spark1	LOAD	19.058	7.216
2026-09-28T01:02:09.586Z	spark2	LOAD	21.425	4.128
2026-09-28T01:02:09.663Z	spark1	LOAD	18.925	7.216
2026-09-28T01:02:09.851Z	spark2	LOAD	21.425	4.128
2026-09-28T01:02:09.930Z	spark1	LOAD	19.477	7.217
2026-09-28T01:02:10.101Z	spark2	LOAD	21.425	4.128
2026-09-28T01:02:10.180Z	spark1	LOAD	19.403	7.217
2026-09-28T01:02:10.353Z	spark2	LOAD	21.425	4.128
2026-09-28T01:02:10.430Z	spark1	LOAD	19.363	7.217
2026-09-28T01:02:10.603Z	spark2	LOAD	21.425	4.128
2026-09-28T01:02:10.680Z	spark1	LOAD	19.301	7.217
2026-09-28T01:02:10.864Z	spark2	LOAD	21.425	4.128
2026-09-28T01:02:10.948Z	spark1	LOAD	19.258	7.217
2026-09-28T01:02:11.115Z	spark2	LOAD	21.426	4.128
2026-09-28T01:02:11.199Z	spark1	LOAD	20.626	7.217
2026-09-28T01:02:11.366Z	spark2	LOAD	21.426	4.128
2026-09-28T01:02:11.449Z	spark1	LOAD	22.173	7.217
2026-09-28T01:02:11.616Z	spark2	LOAD	21.426	4.128
2026-09-28T01:02:11.700Z	spark1	LOAD	22.445	7.217
2026-09-28T01:02:11.877Z	spark2	LOAD	21.427	4.128
2026-09-28T01:02:11.966Z	spark1	LOAD	22.424	7.217
2026-09-28T01:02:12.127Z	spark2	LOAD	21.427	4.128
2026-09-28T01:02:12.216Z	spark1	LOAD	22.390	7.217
2026-09-28T01:02:12.378Z	spark2	LOAD	21.427	4.128
2026-09-28T01:02:12.467Z	spark1	LOAD	22.356	7.217
2026-09-28T01:02:12.629Z	spark2	LOAD	21.427	4.128
2026-09-28T01:02:12.718Z	spark1	LOAD	22.304	7.217
2026-09-28T01:02:12.889Z	spark2	LOAD	21.427	4.128
2026-09-28T01:02:12.985Z	spark1	LOAD	22.274	7.217
2026-09-28T01:02:13.139Z	spark2	LOAD	21.426	4.128
2026-09-28T01:02:13.235Z	spark1	LOAD	22.238	7.217
2026-09-28T01:02:13.390Z	spark2	LOAD	21.426	4.128
2026-09-28T01:02:13.486Z	spark1	LOAD	22.202	7.217
2026-09-28T01:02:13.642Z	spark2	LOAD	21.426	4.128
2026-09-28T01:02:13.736Z	spark1	LOAD	22.151	7.217
2026-09-28T01:02:13.901Z	spark2	LOAD	21.427	4.128
2026-09-28T01:02:14.002Z	spark1	LOAD	22.112	7.217
2026-09-28T01:02:14.152Z	spark2	LOAD	21.427	4.128
2026-09-28T01:02:14.253Z	spark1	LOAD	22.076	7.217
2026-09-28T01:02:14.403Z	spark2	LOAD	21.427	4.128
2026-09-28T01:02:14.503Z	spark1	LOAD	22.034	7.216
2026-09-28T01:02:14.653Z	spark2	LOAD	21.427	4.128
2026-09-28T01:02:14.754Z	spark1	LOAD	21.973	7.216
2026-09-28T01:02:14.914Z	spark2	LOAD	21.427	4.128
2026-09-28T01:02:15.015Z	spark1	LOAD	21.940	7.216
2026-09-28T01:02:15.164Z	spark2	LOAD	21.428	4.128
2026-09-28T01:02:15.266Z	spark1	LOAD	21.900	7.216
2026-09-28T01:02:15.416Z	spark2	LOAD	21.428	4.128
2026-09-28T01:02:15.516Z	spark1	LOAD	21.859	7.216
2026-09-28T01:02:15.666Z	spark2	LOAD	21.428	4.128
2026-09-28T01:02:15.767Z	spark1	LOAD	21.818	7.216
2026-09-28T01:02:15.927Z	spark2	LOAD	21.428	4.128
2026-09-28T01:02:16.033Z	spark1	LOAD	21.778	7.216
2026-09-28T01:02:16.178Z	spark2	LOAD	21.428	4.128
2026-09-28T01:02:16.284Z	spark1	LOAD	21.745	7.216
2026-09-28T01:02:16.428Z	spark2	LOAD	21.428	4.128
2026-09-28T01:02:16.534Z	spark1	LOAD	21.646	7.216
2026-09-28T01:02:16.679Z	spark2	LOAD	21.428	4.128
2026-09-28T01:02:16.785Z	spark1	LOAD	21.591	7.216
2026-09-28T01:02:16.944Z	spark2	LOAD	21.426	4.128
2026-09-28T01:02:17.050Z	spark1	LOAD	21.612	7.216
2026-09-28T01:02:17.195Z	spark2	LOAD	21.426	4.128
2026-09-28T01:02:17.301Z	spark1	LOAD	21.564	7.216
2026-09-28T01:02:17.447Z	spark2	LOAD	21.426	4.128
2026-09-28T01:02:17.551Z	spark1	LOAD	21.529	7.216
2026-09-28T01:02:17.696Z	spark2	LOAD	21.426	4.128
2026-09-28T01:02:17.802Z	spark1	LOAD	21.496	7.216
2026-09-28T01:02:17.958Z	spark2	LOAD	21.427	4.128
2026-09-28T01:02:18.065Z	spark1	LOAD	21.465	7.216
2026-09-28T01:02:18.208Z	spark2	LOAD	21.427	4.128
2026-09-28T01:02:18.315Z	spark1	LOAD	21.435	7.216
2026-09-28T01:02:18.458Z	spark2	LOAD	21.427	4.128
2026-09-28T01:02:18.565Z	spark1	LOAD	21.404	7.216
2026-09-28T01:02:18.709Z	spark2	LOAD	21.427	4.128
2026-09-28T01:02:18.816Z	spark1	LOAD	21.351	7.216
2026-09-28T01:02:18.975Z	spark2	LOAD	21.427	4.128
2026-09-28T01:02:19.083Z	spark1	LOAD	21.311	7.216
2026-09-28T01:02:19.225Z	spark2	LOAD	21.429	4.128
2026-09-28T01:02:19.334Z	spark1	LOAD	21.275	7.216
2026-09-28T01:02:19.475Z	spark2	LOAD	21.429	4.128
2026-09-28T01:02:19.585Z	spark1	LOAD	21.057	7.216
2026-09-28T01:02:19.726Z	spark2	LOAD	21.429	4.128
2026-09-28T01:02:19.835Z	spark1	LOAD	20.765	7.216
2026-09-28T01:02:19.987Z	spark2	LOAD	21.430	4.128
2026-09-28T01:02:20.101Z	spark1	LOAD	20.717	7.216
2026-09-28T01:02:20.238Z	spark2	LOAD	21.430	4.128
2026-09-28T01:02:20.352Z	spark1	LOAD	20.677	7.216
2026-09-28T01:02:20.489Z	spark2	LOAD	21.430	4.128
2026-09-28T01:02:20.602Z	spark1	LOAD	20.638	7.216
2026-09-28T01:02:20.739Z	spark2	LOAD	21.430	4.128
2026-09-28T01:02:20.852Z	spark1	LOAD	20.555	7.216
2026-09-28T01:02:21.004Z	spark2	LOAD	21.429	4.128
2026-09-28T01:02:21.115Z	spark1	LOAD	20.514	7.216
2026-09-28T01:02:21.255Z	spark2	LOAD	21.429	4.128
2026-09-28T01:02:21.365Z	spark1	LOAD	20.999	7.216
2026-09-28T01:02:21.506Z	spark2	LOAD	21.429	4.128
2026-09-28T01:02:21.615Z	spark1	LOAD	20.967	7.216
2026-09-28T01:02:21.757Z	spark2	LOAD	21.429	4.128
2026-09-28T01:02:21.866Z	spark1	LOAD	20.944	7.216
2026-09-28T01:02:22.022Z	spark2	LOAD	21.429	4.128
2026-09-28T01:02:22.128Z	spark1	LOAD	20.358	7.216
2026-09-28T01:02:22.272Z	spark2	LOAD	21.429	4.128
2026-09-28T01:02:22.379Z	spark1	LOAD	20.318	7.216
2026-09-28T01:02:22.522Z	spark2	LOAD	21.429	4.128
2026-09-28T01:02:22.629Z	spark1	LOAD	20.841	7.216
2026-09-28T01:02:22.773Z	spark2	LOAD	21.429	4.128
2026-09-28T01:02:22.880Z	spark1	LOAD	20.771	7.216
2026-09-28T01:02:23.035Z	spark2	LOAD	21.428	4.128
2026-09-28T01:02:23.142Z	spark1	LOAD	20.572	7.216
2026-09-28T01:02:23.285Z	spark2	LOAD	21.428	4.128
2026-09-28T01:02:23.392Z	spark1	LOAD	20.704	7.217
2026-09-28T01:02:23.536Z	spark2	LOAD	21.428	4.128
2026-09-28T01:02:23.642Z	spark1	LOAD	20.654	7.217
2026-09-28T01:02:23.788Z	spark2	LOAD	21.428	4.128
2026-09-28T01:02:23.893Z	spark1	LOAD	20.622	7.217
2026-09-28T01:02:24.049Z	spark2	LOAD	21.428	4.128
2026-09-28T01:02:24.160Z	spark1	LOAD	20.586	7.217
2026-09-28T01:02:24.299Z	spark2	LOAD	21.428	4.128
2026-09-28T01:02:24.410Z	spark1	LOAD	20.015	7.217
2026-09-28T01:02:24.550Z	spark2	LOAD	21.428	4.128
2026-09-28T01:02:24.660Z	spark1	LOAD	20.539	7.217
2026-09-28T01:02:24.801Z	spark2	LOAD	21.428	4.128
2026-09-28T01:02:24.911Z	spark1	LOAD	20.482	7.217
2026-09-28T01:02:25.061Z	spark2	LOAD	21.428	4.128
2026-09-28T01:02:25.177Z	spark1	LOAD	20.437	7.217
2026-09-28T01:02:25.312Z	spark2	LOAD	21.428	4.128
2026-09-28T01:02:25.428Z	spark1	LOAD	20.403	7.217
2026-09-28T01:02:25.563Z	spark2	LOAD	21.428	4.128
2026-09-28T01:02:25.678Z	spark1	LOAD	20.364	7.217
2026-09-28T01:02:25.814Z	spark2	LOAD	21.428	4.128
2026-09-28T01:02:25.929Z	spark1	LOAD	20.324	7.217
2026-09-28T01:02:26.075Z	spark2	LOAD	21.429	4.128
2026-09-28T01:02:26.196Z	spark1	LOAD	20.315	7.217
2026-09-28T01:02:26.326Z	spark2	LOAD	21.429	4.128
2026-09-28T01:02:26.446Z	spark1	LOAD	20.069	7.217
2026-09-28T01:02:26.577Z	spark2	LOAD	21.429	4.128
2026-09-28T01:02:26.697Z	spark1	LOAD	19.690	7.217
2026-09-28T01:02:26.827Z	spark2	LOAD	21.429	4.128
2026-09-28T01:02:26.947Z	spark1	LOAD	19.610	7.217
2026-09-28T01:02:27.093Z	spark2	LOAD	21.429	4.128
2026-09-28T01:02:27.209Z	spark1	LOAD	19.568	7.217
2026-09-28T01:02:27.342Z	spark2	LOAD	21.429	4.128
2026-09-28T01:02:27.459Z	spark1	LOAD	20.099	7.217
2026-09-28T01:02:27.594Z	spark2	LOAD	21.429	4.128
2026-09-28T01:02:27.710Z	spark1	LOAD	20.083	7.217
2026-09-28T01:02:27.844Z	spark2	LOAD	21.428	4.128
2026-09-28T01:02:27.960Z	spark1	LOAD	19.750	7.217
2026-09-28T01:02:28.104Z	spark2	LOAD	21.432	4.128
2026-09-28T01:02:28.228Z	spark1	LOAD	19.424	7.217
2026-09-28T01:02:28.355Z	spark2	LOAD	21.432	4.128
2026-09-28T01:02:28.479Z	spark1	LOAD	19.384	7.217
2026-09-28T01:02:28.606Z	spark2	LOAD	21.432	4.128
2026-09-28T01:02:28.729Z	spark1	LOAD	19.332	7.217
2026-09-28T01:02:28.856Z	spark2	LOAD	21.432	4.128
2026-09-28T01:02:28.979Z	spark1	LOAD	19.275	7.217
2026-09-28T01:02:29.122Z	spark2	LOAD	21.432	4.128
2026-09-28T01:02:29.246Z	spark1	LOAD	19.236	7.217
2026-09-28T01:02:29.373Z	spark2	LOAD	21.432	4.128
2026-09-28T01:02:29.496Z	spark1	LOAD	19.195	7.217
2026-09-28T01:02:29.624Z	spark2	LOAD	21.432	4.128
2026-09-28T01:02:29.747Z	spark1	LOAD	19.152	7.217
2026-09-28T01:02:29.875Z	spark2	LOAD	21.432	4.128
2026-09-28T01:02:29.997Z	spark1	LOAD	19.716	7.217
2026-09-28T01:02:30.140Z	spark2	LOAD	21.432	4.128
2026-09-28T01:02:30.260Z	spark1	LOAD	19.662	7.217
2026-09-28T01:02:30.390Z	spark2	LOAD	21.432	4.128
2026-09-28T01:02:30.511Z	spark1	LOAD	19.591	7.217
2026-09-28T01:02:30.641Z	spark2	LOAD	21.432	4.128
2026-09-28T01:02:30.761Z	spark1	LOAD	19.555	7.217
2026-09-28T01:02:30.892Z	spark2	LOAD	21.432	4.128
2026-09-28T01:02:31.011Z	spark1	LOAD	18.955	7.217
2026-09-28T01:02:31.153Z	spark2	LOAD	21.432	4.128
2026-09-28T01:02:31.278Z	spark1	LOAD	19.521	7.217
2026-09-28T01:02:31.403Z	spark2	LOAD	21.432	4.128
2026-09-28T01:02:31.528Z	spark1	LOAD	19.474	7.218
2026-09-28T01:02:31.654Z	spark2	LOAD	21.432	4.128
2026-09-28T01:02:31.779Z	spark1	LOAD	19.434	7.218
2026-09-28T01:02:31.905Z	spark2	LOAD	21.432	4.128
2026-09-28T01:02:32.029Z	spark1	LOAD	20.206	7.217
2026-09-28T01:02:32.166Z	spark2	LOAD	21.432	4.128
2026-09-28T01:02:32.293Z	spark1	LOAD	22.461	7.217
2026-09-28T01:02:32.417Z	spark2	LOAD	21.432	4.128
2026-09-28T01:02:32.543Z	spark1	LOAD	22.575	7.217
2026-09-28T01:02:32.668Z	spark2	LOAD	21.432	4.128
2026-09-28T01:02:32.794Z	spark1	LOAD	22.544	7.217
2026-09-28T01:02:32.919Z	spark2	LOAD	21.432	4.128
2026-09-28T01:02:33.044Z	spark1	LOAD	22.501	7.217
2026-09-28T01:02:33.183Z	spark2	LOAD	21.432	4.128
2026-09-28T01:02:33.311Z	spark1	LOAD	22.440	7.217
2026-09-28T01:02:33.434Z	spark2	LOAD	21.432	4.128
2026-09-28T01:02:33.562Z	spark1	LOAD	22.407	7.217
2026-09-28T01:02:33.685Z	spark2	LOAD	21.432	4.128
2026-09-28T01:02:33.812Z	spark1	LOAD	22.343	7.217
2026-09-28T01:02:33.936Z	spark2	LOAD	21.432	4.128
2026-09-28T01:02:34.062Z	spark1	LOAD	22.304	7.217
2026-09-28T01:02:34.197Z	spark2	LOAD	21.431	4.128
2026-09-28T01:02:34.330Z	spark1	LOAD	22.255	7.217
2026-09-28T01:02:34.448Z	spark2	LOAD	21.431	4.128
2026-09-28T01:02:34.580Z	spark1	LOAD	22.215	7.217
2026-09-28T01:02:34.698Z	spark2	LOAD	21.431	4.128
2026-09-28T01:02:34.830Z	spark1	LOAD	22.178	7.217
2026-09-28T01:02:34.949Z	spark2	LOAD	21.431	4.128
2026-09-28T01:02:35.081Z	spark1	LOAD	22.144	7.217
2026-09-28T01:02:35.210Z	spark2	LOAD	21.431	4.128
2026-09-28T01:02:35.349Z	spark1	LOAD	22.078	7.217
2026-09-28T01:02:35.461Z	spark2	LOAD	21.431	4.128
2026-09-28T01:02:35.600Z	spark1	LOAD	22.046	7.217
2026-09-28T01:02:35.712Z	spark2	LOAD	21.431	4.128
2026-09-28T01:02:35.850Z	spark1	LOAD	22.017	7.217
2026-09-28T01:02:35.963Z	spark2	LOAD	21.431	4.128
2026-09-28T01:02:36.101Z	spark1	LOAD	21.987	7.217
2026-09-28T01:02:36.228Z	spark2	LOAD	21.431	4.128
2026-09-28T01:02:36.367Z	spark1	LOAD	21.951	7.217
2026-09-28T01:02:36.480Z	spark2	LOAD	21.431	4.128
2026-09-28T01:02:36.618Z	spark1	LOAD	21.916	7.217
2026-09-28T01:02:36.730Z	spark2	LOAD	21.431	4.128
2026-09-28T01:02:36.868Z	spark1	LOAD	21.882	7.217
2026-09-28T01:02:36.981Z	spark2	LOAD	21.431	4.128
2026-09-28T01:02:37.118Z	spark1	LOAD	21.845	7.217
2026-09-28T01:02:37.242Z	spark2	LOAD	21.431	4.128
2026-09-28T01:02:37.387Z	spark1	LOAD	21.774	7.217
2026-09-28T01:02:37.492Z	spark2	LOAD	21.431	4.128
2026-09-28T01:02:37.637Z	spark1	LOAD	21.741	7.217
2026-09-28T01:02:37.742Z	spark2	LOAD	21.431	4.128
2026-09-28T01:02:37.888Z	spark1	LOAD	21.707	7.217
2026-09-28T01:02:37.994Z	spark2	LOAD	21.431	4.128
2026-09-28T01:02:38.138Z	spark1	LOAD	21.673	7.217
2026-09-28T01:02:38.254Z	spark2	LOAD	21.431	4.128
2026-09-28T01:02:38.407Z	spark1	LOAD	21.608	7.217
2026-09-28T01:02:38.505Z	spark2	LOAD	21.431	4.128
2026-09-28T01:02:38.657Z	spark1	LOAD	21.562	7.217
2026-09-28T01:02:38.756Z	spark2	LOAD	21.407	4.128
2026-09-28T01:02:38.907Z	spark1	LOAD	21.525	7.217
2026-09-28T01:02:39.007Z	spark2	LOAD	21.422	4.128
2026-09-28T01:02:39.158Z	spark1	LOAD	21.485	7.217
2026-09-28T01:02:39.267Z	spark2	LOAD	21.424	4.128
2026-09-28T01:02:39.425Z	spark1	LOAD	21.399	7.217
2026-09-28T01:02:39.518Z	spark2	LOAD	21.424	4.128
2026-09-28T01:02:39.675Z	spark1	LOAD	21.360	7.217
2026-09-28T01:02:39.769Z	spark2	LOAD	21.424	4.128
2026-09-28T01:02:39.925Z	spark1	LOAD	21.433	7.217
2026-09-28T01:02:40.019Z	spark2	LOAD	21.424	4.128
2026-09-28T01:02:40.176Z	spark1	LOAD	20.838	7.217
2026-09-28T01:02:40.279Z	spark2	LOAD	21.424	4.128
2026-09-28T01:02:40.438Z	spark1	LOAD	20.792	7.217
2026-09-28T01:02:40.531Z	spark2	LOAD	21.424	4.128
2026-09-28T01:02:40.688Z	spark1	LOAD	20.749	7.217
2026-09-28T01:02:40.782Z	spark2	LOAD	21.424	4.128
2026-09-28T01:02:40.938Z	spark1	LOAD	20.722	7.217
2026-09-28T01:02:41.033Z	spark2	LOAD	21.424	4.128
2026-09-28T01:02:41.189Z	spark1	LOAD	20.687	7.217
2026-09-28T01:02:41.297Z	spark2	LOAD	21.423	4.128
2026-09-28T01:02:41.450Z	spark1	LOAD	20.611	7.217
2026-09-28T01:02:41.549Z	spark2	LOAD	21.423	4.128
2026-09-28T01:02:41.701Z	spark1	LOAD	20.580	7.217
2026-09-28T01:02:41.798Z	spark2	LOAD	21.423	4.128
2026-09-28T01:02:41.952Z	spark1	LOAD	20.542	7.217
2026-09-28T01:02:42.049Z	spark2	LOAD	21.423	4.128
2026-09-28T01:02:42.202Z	spark1	LOAD	20.504	7.217
2026-09-28T01:02:42.310Z	spark2	LOAD	21.423	4.128
2026-09-28T01:02:42.469Z	spark1	LOAD	20.457	7.217
2026-09-28T01:02:42.561Z	spark2	LOAD	21.423	4.128
2026-09-28T01:02:42.719Z	spark1	LOAD	20.414	7.217
2026-09-28T01:02:42.812Z	spark2	LOAD	21.423	4.128
2026-09-28T01:02:42.969Z	spark1	LOAD	20.967	7.217
2026-09-28T01:02:43.062Z	spark2	LOAD	21.425	4.128
2026-09-28T01:02:43.219Z	spark1	LOAD	20.943	7.217
2026-09-28T01:02:43.326Z	spark2	LOAD	21.424	4.128
2026-09-28T01:02:43.481Z	spark1	LOAD	20.866	7.217
2026-09-28T01:02:43.577Z	spark2	LOAD	21.424	4.128
2026-09-28T01:02:43.732Z	spark1	LOAD	20.858	7.217
2026-09-28T01:02:43.829Z	spark2	LOAD	21.424	4.128
2026-09-28T01:02:43.982Z	spark1	LOAD	20.803	7.217
2026-09-28T01:02:44.080Z	spark2	LOAD	21.424	4.128
2026-09-28T01:02:44.232Z	spark1	LOAD	20.768	7.217
2026-09-28T01:02:44.341Z	spark2	LOAD	21.425	4.128
2026-09-28T01:02:44.500Z	spark1	LOAD	20.722	7.217
2026-09-28T01:02:44.592Z	spark2	LOAD	21.425	4.128
2026-09-28T01:02:44.751Z	spark1	LOAD	20.333	7.217
2026-09-28T01:02:44.843Z	spark2	LOAD	21.425	4.128
2026-09-28T01:02:45.001Z	spark1	LOAD	20.115	7.217
2026-09-28T01:02:45.094Z	spark2	LOAD	21.425	4.128
2026-09-28T01:02:45.251Z	spark1	LOAD	20.088	7.217
2026-09-28T01:02:45.358Z	spark2	LOAD	21.425	4.128
2026-09-28T01:02:45.518Z	spark1	LOAD	20.028	7.217
2026-09-28T01:02:45.609Z	spark2	LOAD	21.425	4.128
2026-09-28T01:02:45.768Z	spark1	LOAD	20.580	7.218
2026-09-28T01:02:45.860Z	spark2	LOAD	21.432	4.128
2026-09-28T01:02:46.019Z	spark1	LOAD	20.530	7.218
2026-09-28T01:02:46.111Z	spark2	LOAD	21.432	4.128
2026-09-28T01:02:46.269Z	spark1	LOAD	20.499	7.218
2026-09-28T01:02:46.372Z	spark2	LOAD	21.432	4.128
2026-09-28T01:02:46.536Z	spark1	LOAD	20.445	7.218
2026-09-28T01:02:46.623Z	spark2	LOAD	21.432	4.128
2026-09-28T01:02:46.787Z	spark1	LOAD	20.285	7.218
2026-09-28T01:02:46.875Z	spark2	LOAD	21.432	4.128
2026-09-28T01:02:47.037Z	spark1	LOAD	20.251	7.218
2026-09-28T01:02:47.125Z	spark2	LOAD	21.432	4.128
2026-09-28T01:02:47.287Z	spark1	LOAD	20.213	7.218
2026-09-28T01:02:47.390Z	spark2	LOAD	21.432	4.128
2026-09-28T01:02:47.549Z	spark1	LOAD	19.855	7.218
2026-09-28T01:02:47.641Z	spark2	LOAD	21.432	4.128
2026-09-28T01:02:47.799Z	spark1	LOAD	19.724	7.218
2026-09-28T01:02:47.892Z	spark2	LOAD	21.432	4.128
2026-09-28T01:02:48.050Z	spark1	LOAD	19.696	7.218
2026-09-28T01:02:48.142Z	spark2	LOAD	21.432	4.128
2026-09-28T01:02:48.301Z	spark1	LOAD	19.668	7.218
2026-09-28T01:02:48.404Z	spark2	LOAD	21.432	4.128
2026-09-28T01:02:48.563Z	spark1	LOAD	19.634	7.218
2026-09-28T01:02:48.654Z	spark2	LOAD	21.432	4.128
2026-09-28T01:02:48.813Z	spark1	LOAD	19.584	7.218
2026-09-28T01:02:48.906Z	spark2	LOAD	21.432	4.128
2026-09-28T01:02:49.064Z	spark1	LOAD	19.550	7.218
2026-09-28T01:02:49.157Z	spark2	LOAD	21.432	4.128
2026-09-28T01:02:49.314Z	spark1	LOAD	19.494	7.218
2026-09-28T01:02:49.417Z	spark2	LOAD	21.432	4.128
2026-09-28T01:02:49.576Z	spark1	LOAD	19.398	7.217
2026-09-28T01:02:49.668Z	spark2	LOAD	21.432	4.128
2026-09-28T01:02:49.827Z	spark1	LOAD	19.358	7.217
2026-09-28T01:02:49.919Z	spark2	LOAD	21.431	4.128
2026-09-28T01:02:50.077Z	spark1	LOAD	19.328	7.217
2026-09-28T01:02:50.169Z	spark2	LOAD	21.425	4.128
2026-09-28T01:02:50.327Z	spark1	LOAD	19.270	7.217
2026-09-28T01:02:50.430Z	spark2	LOAD	21.425	4.128
2026-09-28T01:02:50.594Z	spark1	LOAD	19.236	7.217
2026-09-28T01:02:50.681Z	spark2	LOAD	21.425	4.128
2026-09-28T01:02:50.845Z	spark1	LOAD	19.206	7.217
2026-09-28T01:02:50.931Z	spark2	LOAD	21.425	4.128
2026-09-28T01:02:51.095Z	spark1	LOAD	19.174	7.217
2026-09-28T01:02:51.182Z	spark2	LOAD	21.425	4.128
2026-09-28T01:02:51.345Z	spark1	LOAD	19.141	7.217
2026-09-28T01:02:51.443Z	spark2	LOAD	21.425	4.128
2026-09-28T01:02:51.613Z	spark1	LOAD	19.021	7.217
2026-09-28T01:02:51.694Z	spark2	LOAD	21.425	4.128
2026-09-28T01:02:51.864Z	spark1	LOAD	18.990	7.217
2026-09-28T01:02:51.945Z	spark2	LOAD	21.425	4.128
2026-09-28T01:02:52.114Z	spark1	LOAD	18.947	7.217
2026-09-28T01:02:52.196Z	spark2	LOAD	21.425	4.128
2026-09-28T01:02:52.365Z	spark1	LOAD	18.896	7.217
2026-09-28T01:02:52.457Z	spark2	LOAD	21.425	4.128
2026-09-28T01:02:52.633Z	spark1	LOAD	18.852	7.217
2026-09-28T01:02:52.708Z	spark2	LOAD	21.425	4.128
2026-09-28T01:02:52.883Z	spark1	LOAD	19.457	7.217
2026-09-28T01:02:52.959Z	spark2	LOAD	21.425	4.128
2026-09-28T01:02:53.133Z	spark1	LOAD	19.420	7.217
2026-09-28T01:02:53.209Z	spark2	LOAD	21.425	4.128
2026-09-28T01:02:53.384Z	spark1	LOAD	19.569	7.217
2026-09-28T01:02:53.470Z	spark2	LOAD	21.425	4.128
2026-09-28T01:02:53.651Z	spark1	LOAD	21.180	7.217
2026-09-28T01:02:53.721Z	spark2	LOAD	21.425	4.128
2026-09-28T01:02:53.901Z	spark1	LOAD	22.517	7.217
2026-09-28T01:02:53.972Z	spark2	LOAD	21.426	4.128
2026-09-28T01:02:54.152Z	spark1	LOAD	22.487	7.217
2026-09-28T01:02:54.222Z	spark2	LOAD	21.426	4.128
2026-09-28T01:02:54.402Z	spark1	LOAD	22.459	7.217
2026-09-28T01:02:54.484Z	spark2	LOAD	21.426	4.128
2026-09-28T01:02:54.671Z	spark1	LOAD	22.425	7.217
2026-09-28T01:02:54.734Z	spark2	LOAD	21.426	4.128
2026-09-28T01:02:54.921Z	spark1	LOAD	22.394	7.217
2026-09-28T01:02:54.985Z	spark2	LOAD	21.427	4.128
2026-09-28T01:02:55.172Z	spark1	LOAD	22.365	7.217
2026-09-28T01:02:55.236Z	spark2	LOAD	21.427	4.128
2026-09-28T01:02:55.422Z	spark1	LOAD	22.340	7.217
2026-09-28T01:02:55.497Z	spark2	LOAD	21.427	4.128
2026-09-28T01:02:55.690Z	spark1	LOAD	22.284	7.217
2026-09-28T01:02:55.748Z	spark2	LOAD	21.427	4.128
2026-09-28T01:02:55.940Z	spark1	LOAD	22.257	7.217
2026-09-28T01:02:55.999Z	spark2	LOAD	21.426	4.128
2026-09-28T01:02:56.190Z	spark1	LOAD	22.234	7.217
2026-09-28T01:02:56.249Z	spark2	LOAD	21.426	4.128
2026-09-28T01:02:56.440Z	spark1	LOAD	22.200	7.217
2026-09-28T01:02:56.511Z	spark2	LOAD	21.426	4.128
2026-09-28T01:02:56.707Z	spark1	LOAD	22.154	7.217
2026-09-28T01:02:56.762Z	spark2	LOAD	21.426	4.128
2026-09-28T01:02:56.957Z	spark1	LOAD	22.121	7.217
2026-09-28T01:02:57.013Z	spark2	LOAD	21.426	4.128
2026-09-28T01:02:57.208Z	spark1	LOAD	22.093	7.217
2026-09-28T01:02:57.264Z	spark2	LOAD	21.426	4.128
2026-09-28T01:02:57.458Z	spark1	LOAD	22.064	7.217
2026-09-28T01:02:57.525Z	spark2	LOAD	21.426	4.128
2026-09-28T01:02:57.725Z	spark1	LOAD	22.015	7.217
2026-09-28T01:02:57.776Z	spark2	LOAD	21.426	4.128
2026-09-28T01:02:57.975Z	spark1	LOAD	22.006	7.217
2026-09-28T01:02:58.028Z	spark2	LOAD	21.426	4.128
2026-09-28T01:02:58.225Z	spark1	LOAD	21.985	7.217
2026-09-28T01:02:58.279Z	spark2	LOAD	21.426	4.128
2026-09-28T01:02:58.476Z	spark1	LOAD	21.953	7.217
2026-09-28T01:02:58.539Z	spark2	LOAD	21.426	4.128
2026-09-28T01:02:58.738Z	spark1	LOAD	21.916	7.217
2026-09-28T01:02:58.791Z	spark2	LOAD	21.426	4.128
2026-09-28T01:02:58.989Z	spark1	LOAD	21.889	7.217
2026-09-28T01:02:59.041Z	spark2	LOAD	21.426	4.128
2026-09-28T01:02:59.239Z	spark1	LOAD	21.863	7.217
2026-09-28T01:02:59.292Z	spark2	LOAD	21.426	4.128
2026-09-28T01:02:59.490Z	spark1	LOAD	21.837	7.217
2026-09-28T01:02:59.554Z	spark2	LOAD	21.426	4.128
2026-09-28T01:02:59.756Z	spark1	LOAD	21.812	7.217
2026-09-28T01:02:59.804Z	spark2	LOAD	21.426	4.128
2026-09-28T01:03:00.007Z	spark1	LOAD	21.767	7.217
2026-09-28T01:03:00.055Z	spark2	LOAD	21.426	4.128
2026-09-28T01:03:00.257Z	spark1	LOAD	21.723	7.217
2026-09-28T01:03:00.306Z	spark2	LOAD	21.426	4.128
2026-09-28T01:03:00.507Z	spark1	LOAD	21.669	7.217
2026-09-28T01:03:00.571Z	spark2	LOAD	21.426	4.128
2026-09-28T01:03:00.775Z	spark1	LOAD	21.647	7.217
2026-09-28T01:03:00.821Z	spark2	LOAD	21.426	4.128
2026-09-28T01:03:01.025Z	spark1	LOAD	21.620	7.217
2026-09-28T01:03:01.071Z	spark2	LOAD	21.443	4.128
2026-09-28T01:03:01.275Z	spark1	LOAD	21.576	7.217
2026-09-28T01:03:01.322Z	spark2	LOAD	21.442	4.128
2026-09-28T01:03:01.526Z	spark1	LOAD	21.547	7.216
2026-09-28T01:03:01.583Z	spark2	LOAD	21.442	4.128
2026-09-28T01:03:01.793Z	spark1	LOAD	21.517	7.216
2026-09-28T01:03:01.833Z	spark2	LOAD	21.442	4.128
2026-09-28T01:03:02.043Z	spark1	LOAD	21.475	7.216
2026-09-28T01:03:02.085Z	spark2	LOAD	21.442	4.128
2026-09-28T01:03:02.294Z	spark1	LOAD	21.446	7.216
2026-09-28T01:03:02.335Z	spark2	LOAD	21.442	4.128
2026-09-28T01:03:02.544Z	spark1	LOAD	21.419	7.216
2026-09-28T01:03:02.596Z	spark2	LOAD	21.441	4.128
2026-09-28T01:03:02.812Z	spark1	LOAD	21.388	7.216
2026-09-28T01:03:02.846Z	spark2	LOAD	21.441	4.128
2026-09-28T01:03:03.062Z	spark1	LOAD	21.359	7.216
2026-09-28T01:03:03.097Z	spark2	LOAD	21.441	4.128
2026-09-28T01:03:03.312Z	spark1	LOAD	21.325	7.216
2026-09-28T01:03:03.348Z	spark2	LOAD	21.441	4.128
2026-09-28T01:03:03.562Z	spark1	LOAD	21.295	7.216
2026-09-28T01:03:03.612Z	spark2	LOAD	21.441	4.128
2026-09-28T01:03:03.830Z	spark1	LOAD	21.253	7.216
2026-09-28T01:03:03.863Z	spark2	LOAD	21.441	4.128
2026-09-28T01:03:04.081Z	spark1	LOAD	21.218	7.216
2026-09-28T01:03:04.114Z	spark2	LOAD	21.441	4.128
2026-09-28T01:03:04.331Z	spark1	LOAD	21.192	7.216
2026-09-28T01:03:04.365Z	spark2	LOAD	21.441	4.128
2026-09-28T01:03:04.582Z	spark1	LOAD	21.153	7.216
2026-09-28T01:03:04.626Z	spark2	LOAD	21.441	4.128
2026-09-28T01:03:04.844Z	spark1	LOAD	21.118	7.216
2026-09-28T01:03:04.877Z	spark2	LOAD	21.441	4.128
2026-09-28T01:03:05.094Z	spark1	LOAD	21.083	7.216
2026-09-28T01:03:05.128Z	spark2	LOAD	21.441	4.128
2026-09-28T01:03:05.345Z	spark1	LOAD	21.102	7.216
2026-09-28T01:03:05.379Z	spark2	LOAD	21.441	4.128
2026-09-28T01:03:05.595Z	spark1	LOAD	20.513	7.216
2026-09-28T01:03:05.644Z	spark2	LOAD	21.440	4.128
2026-09-28T01:03:05.858Z	spark1	LOAD	20.477	7.216
2026-09-28T01:03:05.894Z	spark2	LOAD	21.440	4.128
2026-09-28T01:03:06.108Z	spark1	LOAD	20.407	7.216
2026-09-28T01:03:06.145Z	spark2	LOAD	21.440	4.128
2026-09-28T01:03:06.359Z	spark1	LOAD	20.379	7.216
2026-09-28T01:03:06.397Z	spark2	LOAD	21.440	4.128
2026-09-28T01:03:06.609Z	spark1	LOAD	20.338	7.216
2026-09-28T01:03:06.657Z	spark2	LOAD	21.440	4.128
2026-09-28T01:03:06.877Z	spark1	LOAD	20.283	7.216
2026-09-28T01:03:06.908Z	spark2	LOAD	21.440	4.128
2026-09-28T01:03:07.127Z	spark1	LOAD	20.232	7.216
2026-09-28T01:03:07.159Z	spark2	LOAD	21.440	4.128
2026-09-28T01:03:07.378Z	spark1	LOAD	20.206	7.216
2026-09-28T01:03:07.411Z	spark2	LOAD	21.440	4.128
2026-09-28T01:03:07.628Z	spark1	LOAD	20.161	7.215
2026-09-28T01:03:07.671Z	spark2	LOAD	21.439	4.128
2026-09-28T01:03:07.891Z	spark1	LOAD	20.125	7.215
2026-09-28T01:03:07.923Z	spark2	LOAD	21.439	4.128
2026-09-28T01:03:08.141Z	spark1	LOAD	20.053	7.215
2026-09-28T01:03:08.173Z	spark2	LOAD	21.439	4.128
2026-09-28T01:03:08.392Z	spark1	LOAD	20.612	7.216
2026-09-28T01:03:08.423Z	spark2	LOAD	21.439	4.128
2026-09-28T01:03:08.642Z	spark1	LOAD	20.583	7.216
2026-09-28T01:03:08.689Z	spark2	LOAD	21.439	4.128
2026-09-28T01:03:08.909Z	spark1	LOAD	20.628	7.216
2026-09-28T01:03:08.939Z	spark2	LOAD	21.439	4.128
2026-09-28T01:03:09.159Z	spark1	LOAD	20.597	7.216
2026-09-28T01:03:09.190Z	spark2	LOAD	21.439	4.128
2026-09-28T01:03:09.410Z	spark1	LOAD	20.567	7.216
2026-09-28T01:03:09.441Z	spark2	LOAD	21.439	4.128
2026-09-28T01:03:09.660Z	spark1	LOAD	20.537	7.216
2026-09-28T01:03:09.702Z	spark2	LOAD	21.439	4.128
2026-09-28T01:03:09.928Z	spark1	LOAD	20.504	7.217
2026-09-28T01:03:09.953Z	spark2	LOAD	21.439	4.128
2026-09-28T01:03:10.179Z	spark1	LOAD	20.445	7.217
2026-09-28T01:03:10.204Z	spark2	LOAD	21.439	4.128
2026-09-28T01:03:10.429Z	spark1	LOAD	20.411	7.217
2026-09-28T01:03:10.454Z	spark2	LOAD	21.439	4.128
2026-09-28T01:03:10.679Z	spark1	LOAD	20.381	7.217
2026-09-28T01:03:10.716Z	spark2	LOAD	21.439	4.128
2026-09-28T01:03:10.942Z	spark1	LOAD	20.346	7.217
2026-09-28T01:03:10.967Z	spark2	LOAD	21.439	4.128
2026-09-28T01:03:11.192Z	spark1	LOAD	20.310	7.217
2026-09-28T01:03:11.217Z	spark2	LOAD	21.439	4.128
2026-09-28T01:03:11.442Z	spark1	LOAD	20.250	7.217
2026-09-28T01:03:11.467Z	spark2	LOAD	21.439	4.128
2026-09-28T01:03:11.693Z	spark1	LOAD	20.224	7.217
2026-09-28T01:03:11.732Z	spark2	LOAD	21.437	4.128
2026-09-28T01:03:11.955Z	spark1	LOAD	20.193	7.217
2026-09-28T01:03:11.982Z	spark2	LOAD	21.448	4.128
2026-09-28T01:03:12.205Z	spark1	LOAD	20.140	7.217
2026-09-28T01:03:12.234Z	spark2	LOAD	21.447	4.128
2026-09-28T01:03:12.455Z	spark1	LOAD	20.114	7.217
2026-09-28T01:03:12.485Z	spark2	LOAD	21.447	4.128
2026-09-28T01:03:12.705Z	spark1	LOAD	20.082	7.217
2026-09-28T01:03:12.750Z	spark2	LOAD	21.447	4.128
2026-09-28T01:03:12.967Z	spark1	LOAD	20.057	7.217
2026-09-28T01:03:13.001Z	spark2	LOAD	21.447	4.128
2026-09-28T01:03:13.218Z	spark1	LOAD	20.026	7.217
2026-09-28T01:03:13.252Z	spark2	LOAD	21.447	4.128
2026-09-28T01:03:13.469Z	spark1	LOAD	19.995	7.217
2026-09-28T01:03:13.503Z	spark2	LOAD	21.447	4.128
2026-09-28T01:03:13.719Z	spark1	LOAD	19.958	7.217
2026-09-28T01:03:13.764Z	spark2	LOAD	21.446	4.128
2026-09-28T01:03:13.981Z	spark1	LOAD	19.930	7.217
2026-09-28T01:03:14.016Z	spark2	LOAD	21.446	4.128
2026-09-28T01:03:14.231Z	spark1	LOAD	19.878	7.217
2026-09-28T01:03:14.266Z	spark2	LOAD	21.446	4.128
2026-09-28T01:03:14.481Z	spark1	LOAD	19.863	7.217
2026-09-28T01:03:14.517Z	spark2	LOAD	21.446	4.128
2026-09-28T01:03:14.731Z	spark1	LOAD	19.831	7.217
2026-09-28T01:03:14.777Z	spark2	LOAD	21.446	4.128
2026-09-28T01:03:14.994Z	spark1	LOAD	19.794	7.217
2026-09-28T01:03:15.028Z	spark2	LOAD	21.446	4.128
2026-09-28T01:03:15.244Z	spark1	LOAD	19.763	7.217
2026-09-28T01:03:15.279Z	spark2	LOAD	21.446	4.128
2026-09-28T01:03:15.495Z	spark1	LOAD	19.770	7.217
2026-09-28T01:03:15.529Z	spark2	LOAD	21.446	4.128
2026-09-28T01:03:15.745Z	spark1	LOAD	19.737	7.217
2026-09-28T01:03:15.795Z	spark2	LOAD	21.446	4.128
2026-09-28T01:03:16.012Z	spark1	LOAD	19.714	7.217
2026-09-28T01:03:16.046Z	spark2	LOAD	21.446	4.128
2026-09-28T01:03:16.262Z	spark1	LOAD	19.223	7.217
2026-09-28T01:03:16.296Z	spark2	LOAD	21.446	4.128
2026-09-28T01:03:16.512Z	spark1	LOAD	19.059	7.217
2026-09-28T01:03:16.547Z	spark2	LOAD	21.446	4.128
2026-09-28T01:03:16.763Z	spark1	LOAD	18.998	7.217
2026-09-28T01:03:16.812Z	spark2	LOAD	21.445	4.128
2026-09-28T01:03:17.031Z	spark1	LOAD	18.959	7.217
2026-09-28T01:03:17.063Z	spark2	LOAD	21.445	4.128
2026-09-28T01:03:17.281Z	spark1	LOAD	18.975	7.217
2026-09-28T01:03:17.314Z	spark2	LOAD	21.445	4.128
2026-09-28T01:03:17.532Z	spark1	LOAD	19.504	7.217
2026-09-28T01:03:17.565Z	spark2	LOAD	21.445	4.128
2026-09-28T01:03:17.782Z	spark1	LOAD	19.471	7.217
2026-09-28T01:03:17.830Z	spark2	LOAD	21.445	4.128
2026-09-28T01:03:18.049Z	spark1	LOAD	19.435	7.217
2026-09-28T01:03:18.081Z	spark2	LOAD	21.445	4.128
2026-09-28T01:03:18.299Z	spark1	LOAD	19.407	7.217
2026-09-28T01:03:18.332Z	spark2	LOAD	21.445	4.128
2026-09-28T01:03:18.549Z	spark1	LOAD	19.327	7.217
2026-09-28T01:03:18.583Z	spark2	LOAD	21.445	4.128
2026-09-28T01:03:18.799Z	spark1	LOAD	19.339	7.216
2026-09-28T01:03:18.847Z	spark2	LOAD	21.445	4.128
2026-09-28T01:03:19.067Z	spark1	LOAD	21.434	7.216
2026-09-28T01:03:19.099Z	spark2	LOAD	21.445	4.128
2026-09-28T01:03:19.317Z	spark1	LOAD	22.557	7.216
2026-09-28T01:03:19.349Z	spark2	LOAD	21.445	4.128
2026-09-28T01:03:19.567Z	spark1	LOAD	22.520	7.216
2026-09-28T01:03:19.601Z	spark2	LOAD	21.445	4.128
2026-09-28T01:03:19.818Z	spark1	LOAD	22.494	7.216
2026-09-28T01:03:19.862Z	spark2	LOAD	21.445	4.128
2026-09-28T01:03:20.080Z	spark1	LOAD	22.455	7.216
2026-09-28T01:03:20.113Z	spark2	LOAD	21.445	4.128
2026-09-28T01:03:20.331Z	spark1	LOAD	22.426	7.216
2026-09-28T01:03:20.364Z	spark2	LOAD	21.445	4.128
2026-09-28T01:03:20.581Z	spark1	LOAD	22.369	7.216
2026-09-28T01:03:20.615Z	spark2	LOAD	21.445	4.128
2026-09-28T01:03:20.832Z	spark1	LOAD	22.340	7.216
2026-09-28T01:03:20.875Z	spark2	LOAD	21.444	4.128
2026-09-28T01:03:21.094Z	spark1	LOAD	22.308	7.216
2026-09-28T01:03:21.126Z	spark2	LOAD	21.444	4.128
2026-09-28T01:03:21.344Z	spark1	LOAD	22.284	7.216
2026-09-28T01:03:21.377Z	spark2	LOAD	21.444	4.128
2026-09-28T01:03:21.595Z	spark1	LOAD	22.256	7.216
2026-09-28T01:03:21.627Z	spark2	LOAD	21.444	4.128
2026-09-28T01:03:21.845Z	spark1	LOAD	22.231	7.216
2026-09-28T01:03:21.889Z	spark2	LOAD	21.444	4.128
2026-09-28T01:03:22.112Z	spark1	LOAD	22.173	7.216
2026-09-28T01:03:22.139Z	spark2	LOAD	21.444	4.128
2026-09-28T01:03:22.362Z	spark1	LOAD	22.134	7.216
2026-09-28T01:03:22.390Z	spark2	LOAD	21.444	4.128
2026-09-28T01:03:22.613Z	spark1	LOAD	22.090	7.216
2026-09-28T01:03:22.640Z	spark2	LOAD	21.442	4.128
2026-09-28T01:03:22.863Z	spark1	LOAD	22.064	7.216
2026-09-28T01:03:22.904Z	spark2	LOAD	21.440	4.128
2026-09-28T01:03:23.126Z	spark1	LOAD	22.007	7.216
2026-09-28T01:03:23.155Z	spark2	LOAD	21.440	4.128
2026-09-28T01:03:23.376Z	spark1	LOAD	21.974	7.216
2026-09-28T01:03:23.406Z	spark2	LOAD	21.440	4.128
2026-09-28T01:03:23.626Z	spark1	LOAD	21.944	7.216
2026-09-28T01:03:23.657Z	spark2	LOAD	21.440	4.128
2026-09-28T01:03:23.877Z	spark1	LOAD	21.909	7.216
2026-09-28T01:03:23.923Z	spark2	LOAD	21.440	4.128
2026-09-28T01:03:24.143Z	spark1	LOAD	21.876	7.216
2026-09-28T01:03:24.173Z	spark2	LOAD	21.440	4.128
2026-09-28T01:03:24.393Z	spark1	LOAD	21.848	7.216
2026-09-28T01:03:24.424Z	spark2	LOAD	21.440	4.128
2026-09-28T01:03:24.644Z	spark1	LOAD	21.812	7.216
2026-09-28T01:03:24.674Z	spark2	LOAD	21.440	4.128
2026-09-28T01:03:24.894Z	spark1	LOAD	21.767	7.216
2026-09-28T01:03:24.939Z	spark2	LOAD	21.440	4.128
2026-09-28T01:03:25.162Z	spark1	LOAD	21.600	7.216
2026-09-28T01:03:25.190Z	spark2	LOAD	21.440	4.128
2026-09-28T01:03:25.412Z	spark1	LOAD	21.177	7.216
2026-09-28T01:03:25.441Z	spark2	LOAD	21.440	4.128
2026-09-28T01:03:25.663Z	spark1	LOAD	21.170	7.216
2026-09-28T01:03:25.691Z	spark2	LOAD	21.440	4.128
2026-09-28T01:03:25.913Z	spark1	LOAD	21.700	7.216
2026-09-28T01:03:25.957Z	spark2	LOAD	21.440	4.128
2026-09-28T01:03:26.181Z	spark1	LOAD	21.658	7.216
2026-09-28T01:03:26.208Z	spark2	LOAD	21.440	4.128
2026-09-28T01:03:26.431Z	spark1	LOAD	21.623	7.216
2026-09-28T01:03:26.458Z	spark2	LOAD	21.440	4.128
2026-09-28T01:03:26.681Z	spark1	LOAD	21.588	7.216
2026-09-28T01:03:26.709Z	spark2	LOAD	21.440	4.128
2026-09-28T01:03:26.932Z	spark1	LOAD	21.554	7.216
2026-09-28T01:03:26.970Z	spark2	LOAD	21.440	4.128
2026-09-28T01:03:27.199Z	spark1	LOAD	21.512	7.216
2026-09-28T01:03:27.221Z	spark2	LOAD	21.440	4.128
2026-09-28T01:03:27.449Z	spark1	LOAD	21.486	7.216
2026-09-28T01:03:27.473Z	spark2	LOAD	21.440	4.128
2026-09-28T01:03:27.700Z	spark1	LOAD	21.457	7.216
2026-09-28T01:03:27.723Z	spark2	LOAD	21.440	4.128
2026-09-28T01:03:27.950Z	spark1	LOAD	21.425	7.216
2026-09-28T01:03:27.988Z	spark2	LOAD	21.440	4.128
2026-09-28T01:03:28.217Z	spark1	LOAD	21.386	7.216
2026-09-28T01:03:28.239Z	spark2	LOAD	21.440	4.128
2026-09-28T01:03:28.468Z	spark1	LOAD	21.354	7.216
2026-09-28T01:03:28.490Z	spark2	LOAD	21.440	4.128
2026-09-28T01:03:28.718Z	spark1	LOAD	21.285	7.216
2026-09-28T01:03:28.740Z	spark2	LOAD	21.440	4.128
2026-09-28T01:03:28.969Z	spark1	LOAD	21.251	7.216
2026-09-28T01:03:29.001Z	spark2	LOAD	21.440	4.128
2026-09-28T01:03:29.235Z	spark1	LOAD	21.223	7.216
2026-09-28T01:03:29.252Z	spark2	LOAD	21.440	4.128
2026-09-28T01:03:29.485Z	spark1	LOAD	21.202	7.216
2026-09-28T01:03:29.504Z	spark2	LOAD	21.440	4.128
2026-09-28T01:03:29.736Z	spark1	LOAD	21.175	7.216
2026-09-28T01:03:29.754Z	spark2	LOAD	21.440	4.128
2026-09-28T01:03:29.986Z	spark1	LOAD	21.142	7.216
2026-09-28T01:03:30.015Z	spark2	LOAD	21.439	4.128
2026-09-28T01:03:30.245Z	spark1	LOAD	21.112	7.217
2026-09-28T01:03:30.266Z	spark2	LOAD	21.439	4.128
2026-09-28T01:03:30.496Z	spark1	LOAD	21.076	7.217
2026-09-28T01:03:30.517Z	spark2	LOAD	21.439	4.128
2026-09-28T01:03:30.746Z	spark1	LOAD	21.021	7.217
2026-09-28T01:03:30.768Z	spark2	LOAD	21.439	4.128
2026-09-28T01:03:30.996Z	spark1	LOAD	20.989	7.217
2026-09-28T01:03:31.029Z	spark2	LOAD	21.439	4.128
2026-09-28T01:03:31.263Z	spark1	LOAD	20.956	7.217
2026-09-28T01:03:31.279Z	spark2	LOAD	21.439	4.128
2026-09-28T01:03:31.513Z	spark1	LOAD	20.928	7.217
2026-09-28T01:03:31.530Z	spark2	LOAD	21.439	4.128
2026-09-28T01:03:31.764Z	spark1	LOAD	20.901	7.217
2026-09-28T01:03:31.780Z	spark2	LOAD	21.439	4.128
2026-09-28T01:03:32.014Z	spark1	LOAD	20.337	7.217
2026-09-28T01:03:32.046Z	spark2	LOAD	21.439	4.128
2026-09-28T01:03:32.277Z	spark1	LOAD	20.302	7.217
2026-09-28T01:03:32.297Z	spark2	LOAD	21.439	4.128
2026-09-28T01:03:32.527Z	spark1	LOAD	20.265	7.217
2026-09-28T01:03:32.548Z	spark2	LOAD	21.439	4.128
2026-09-28T01:03:32.777Z	spark1	LOAD	20.204	7.217
2026-09-28T01:03:32.799Z	spark2	LOAD	21.439	4.128
2026-09-28T01:03:33.027Z	spark1	LOAD	20.760	7.217
2026-09-28T01:03:33.064Z	spark2	LOAD	21.439	4.128
2026-09-28T01:03:33.294Z	spark1	LOAD	20.732	7.217
2026-09-28T01:03:33.314Z	spark2	LOAD	21.438	4.128
2026-09-28T01:03:33.544Z	spark1	LOAD	20.713	7.217
2026-09-28T01:03:33.564Z	spark2	LOAD	21.436	4.128
2026-09-28T01:03:33.794Z	spark1	LOAD	20.319	7.217
2026-09-28T01:03:33.814Z	spark2	LOAD	21.419	4.128
2026-09-28T01:03:34.045Z	spark1	LOAD	20.034	7.217
2026-09-28T01:03:34.080Z	spark2	LOAD	21.425	4.128
2026-09-28T01:03:34.314Z	spark1	LOAD	20.047	7.217
2026-09-28T01:03:34.331Z	spark2	LOAD	21.425	4.128
2026-09-28T01:03:34.564Z	spark1	LOAD	20.576	7.217
2026-09-28T01:03:34.582Z	spark2	LOAD	21.425	4.128
2026-09-28T01:03:34.815Z	spark1	LOAD	20.512	7.217
2026-09-28T01:03:34.832Z	spark2	LOAD	21.425	4.128
2026-09-28T01:03:35.065Z	spark1	LOAD	20.494	7.217
2026-09-28T01:03:35.093Z	spark2	LOAD	21.425	4.128
2026-09-28T01:03:35.332Z	spark1	LOAD	20.457	7.217
2026-09-28T01:03:35.344Z	spark2	LOAD	21.425	4.128
2026-09-28T01:03:35.583Z	spark1	LOAD	20.424	7.217
2026-09-28T01:03:35.594Z	spark2	LOAD	21.425	4.128
2026-09-28T01:03:35.833Z	spark1	LOAD	20.403	7.217
2026-09-28T01:03:35.846Z	spark2	LOAD	21.425	4.128
2026-09-28T01:03:36.083Z	spark1	LOAD	20.238	7.217
2026-09-28T01:03:36.111Z	spark2	LOAD	21.426	4.128
2026-09-28T01:03:36.351Z	spark1	LOAD	19.901	7.217
2026-09-28T01:03:36.362Z	spark2	LOAD	21.426	4.128
2026-09-28T01:03:36.601Z	spark1	LOAD	20.314	7.218
2026-09-28T01:03:36.611Z	spark2	LOAD	21.426	4.128
2026-09-28T01:03:36.851Z	spark1	LOAD	20.242	7.218
2026-09-28T01:03:36.862Z	spark2	LOAD	21.426	4.128
2026-09-28T01:03:37.102Z	spark1	LOAD	20.204	7.218
2026-09-28T01:03:37.128Z	spark2	LOAD	21.427	4.128
2026-09-28T01:03:37.369Z	spark1	LOAD	20.147	7.218
2026-09-28T01:03:37.378Z	spark2	LOAD	21.427	4.128
2026-09-28T01:03:37.619Z	spark1	LOAD	20.142	7.218
2026-09-28T01:03:37.629Z	spark2	LOAD	21.427	4.128
2026-09-28T01:03:37.870Z	spark1	LOAD	20.133	7.217
2026-09-28T01:03:37.880Z	spark2	LOAD	21.427	4.128
2026-09-28T01:03:38.120Z	spark1	LOAD	19.549	7.217
2026-09-28T01:03:38.141Z	spark2	LOAD	21.427	4.128
2026-09-28T01:03:38.383Z	spark1	LOAD	19.451	7.217
2026-09-28T01:03:38.391Z	spark2	LOAD	21.427	4.128
2026-09-28T01:03:38.634Z	spark1	LOAD	19.410	7.217
2026-09-28T01:03:38.642Z	spark2	LOAD	21.427	4.128
2026-09-28T01:03:38.884Z	spark1	LOAD	19.332	7.217
2026-09-28T01:03:38.893Z	spark2	LOAD	21.427	4.128
2026-09-28T01:03:39.134Z	spark1	LOAD	19.288	7.217
2026-09-28T01:03:39.157Z	spark2	LOAD	21.427	4.128
2026-09-28T01:03:39.401Z	spark1	LOAD	19.266	7.217
2026-09-28T01:03:39.409Z	spark2	LOAD	21.427	4.128
2026-09-28T01:03:39.652Z	spark1	LOAD	19.237	7.217
2026-09-28T01:03:39.660Z	spark2	LOAD	21.427	4.128
2026-09-28T01:03:39.902Z	spark1	LOAD	19.207	7.217
2026-09-28T01:03:39.910Z	spark2	LOAD	21.427	4.128
2026-09-28T01:03:40.152Z	spark1	LOAD	19.817	7.218
2026-09-28T01:03:40.170Z	spark2	LOAD	21.427	4.128
2026-09-28T01:03:40.420Z	spark1	LOAD	19.777	7.218
2026-09-28T01:03:40.421Z	spark2	LOAD	21.427	4.128
2026-09-28T01:03:40.671Z	spark1	LOAD	19.744	7.218
2026-09-28T01:03:40.672Z	spark2	LOAD	21.427	4.128
2026-09-28T01:03:40.921Z	spark1	LOAD	19.731	7.218
2026-09-28T01:03:40.922Z	spark2	LOAD	21.427	4.128
2026-09-28T01:03:41.171Z	spark1	LOAD	19.560	7.218
2026-09-28T01:03:41.187Z	spark2	LOAD	21.427	4.128
2026-09-28T01:03:41.438Z	spark2	LOAD	21.427	4.128
2026-09-28T01:03:41.440Z	spark1	LOAD	19.658	7.218
2026-09-28T01:03:41.689Z	spark2	LOAD	21.427	4.128
2026-09-28T01:03:41.691Z	spark1	LOAD	19.628	7.218
2026-09-28T01:03:41.939Z	spark2	LOAD	21.427	4.128
2026-09-28T01:03:41.941Z	spark1	LOAD	19.458	7.218
2026-09-28T01:03:42.191Z	spark1	LOAD	18.976	7.218
2026-09-28T01:03:42.200Z	spark2	LOAD	21.427	4.128
2026-09-28T01:03:42.450Z	spark2	LOAD	21.427	4.128
2026-09-28T01:03:42.458Z	spark1	LOAD	18.939	7.218
2026-09-28T01:03:42.701Z	spark2	LOAD	21.427	4.128
2026-09-28T01:03:42.709Z	spark1	LOAD	18.905	7.218
2026-09-28T01:03:42.952Z	spark2	LOAD	21.427	4.128
2026-09-28T01:03:42.959Z	spark1	LOAD	18.874	7.218
2026-09-28T01:03:43.209Z	spark1	LOAD	19.381	7.218
2026-09-28T01:03:43.212Z	spark2	LOAD	21.427	4.128
2026-09-28T01:03:43.463Z	spark2	LOAD	21.427	4.128
2026-09-28T01:03:43.476Z	spark1	LOAD	19.349	7.218
2026-09-28T01:03:43.714Z	spark2	LOAD	21.427	4.128
2026-09-28T01:03:43.727Z	spark1	LOAD	19.318	7.218
2026-09-28T01:03:43.964Z	spark2	LOAD	21.427	4.128
2026-09-28T01:03:43.977Z	spark1	LOAD	19.205	7.218
2026-09-28T01:03:44.227Z	spark1	LOAD	20.366	7.218
2026-09-28T01:03:44.229Z	spark2	LOAD	21.426	4.128
2026-09-28T01:03:44.479Z	spark2	LOAD	21.401	4.128
2026-09-28T01:03:44.489Z	spark1	LOAD	22.338	7.211
2026-09-28T01:03:44.730Z	spark2	LOAD	21.398	4.128
2026-09-28T01:03:44.739Z	spark1	LOAD	22.486	7.211
2026-09-28T01:03:44.980Z	spark2	LOAD	21.429	4.128
2026-09-28T01:03:44.990Z	spark1	LOAD	22.435	7.211
2026-09-28T01:03:45.240Z	spark1	LOAD	22.393	7.211
2026-09-28T01:03:45.241Z	spark2	LOAD	21.429	4.128
2026-09-28T01:03:45.492Z	spark2	LOAD	21.429	4.128
2026-09-28T01:03:45.507Z	spark1	LOAD	21.949	7.211
2026-09-28T01:03:45.743Z	spark2	LOAD	21.429	4.128
2026-09-28T01:03:45.757Z	spark1	LOAD	22.445	7.211
2026-09-28T01:03:45.993Z	spark2	LOAD	21.430	4.128
2026-09-28T01:03:46.008Z	spark1	LOAD	22.259	7.211
2026-09-28T01:03:46.258Z	spark1	LOAD	21.824	7.211
2026-09-28T01:03:46.258Z	spark2	LOAD	21.430	4.128
2026-09-28T01:03:46.509Z	spark2	LOAD	21.430	4.128
2026-09-28T01:03:46.520Z	spark1	LOAD	21.790	7.211
2026-09-28T01:03:46.760Z	spark2	LOAD	21.430	4.128
2026-09-28T01:03:46.770Z	spark1	LOAD	21.749	7.211
2026-09-28T01:03:47.011Z	spark2	LOAD	21.430	4.128
2026-09-28T01:03:47.021Z	spark1	LOAD	21.735	7.211
2026-09-28T01:03:47.271Z	spark1	LOAD	21.671	7.211
2026-09-28T01:03:47.272Z	spark2	LOAD	21.430	4.128
2026-09-28T01:03:47.522Z	spark2	LOAD	21.430	4.128
2026-09-28T01:03:47.538Z	spark1	LOAD	21.635	7.211
2026-09-28T01:03:47.772Z	spark2	LOAD	21.430	4.128
2026-09-28T01:03:47.788Z	spark1	LOAD	21.608	7.211
2026-09-28T01:03:48.023Z	spark2	LOAD	21.430	4.128
2026-09-28T01:03:48.039Z	spark1	LOAD	21.582	7.211
2026-09-28T01:03:48.283Z	spark2	LOAD	21.429	4.128
2026-09-28T01:03:48.289Z	spark1	LOAD	21.549	7.211
2026-09-28T01:03:48.534Z	spark2	LOAD	21.429	4.128
2026-09-28T01:03:48.556Z	spark1	LOAD	21.518	7.211
2026-09-28T01:03:48.786Z	spark2	LOAD	21.429	4.128
2026-09-28T01:03:48.807Z	spark1	LOAD	21.489	7.211
2026-09-28T01:03:49.036Z	spark2	LOAD	21.429	4.128
2026-09-28T01:03:49.057Z	spark1	LOAD	21.434	7.211
2026-09-28T01:03:49.296Z	spark2	LOAD	21.429	4.128
2026-09-28T01:03:49.307Z	spark1	LOAD	21.357	7.211
2026-09-28T01:03:49.547Z	spark2	LOAD	21.429	4.128
2026-09-28T01:03:49.570Z	spark1	LOAD	21.350	7.211
2026-09-28T01:03:49.799Z	spark2	LOAD	21.429	4.128
2026-09-28T01:03:49.821Z	spark1	LOAD	21.975	7.211
2026-09-28T01:03:50.049Z	spark2	LOAD	21.429	4.128
2026-09-28T01:03:50.071Z	spark1	LOAD	21.940	7.211
2026-09-28T01:03:50.314Z	spark2	LOAD	21.429	4.128
2026-09-28T01:03:50.321Z	spark1	LOAD	21.774	7.211
2026-09-28T01:03:50.565Z	spark2	LOAD	21.429	4.128
2026-09-28T01:03:50.589Z	spark1	LOAD	21.826	7.211
2026-09-28T01:03:50.815Z	spark2	LOAD	21.429	4.128
2026-09-28T01:03:50.840Z	spark1	LOAD	21.848	7.211
2026-09-28T01:03:51.066Z	spark2	LOAD	21.429	4.128
2026-09-28T01:03:51.090Z	spark1	LOAD	21.811	7.211
2026-09-28T01:03:51.326Z	spark2	LOAD	21.429	4.128
2026-09-28T01:03:51.340Z	spark1	LOAD	21.744	7.211
2026-09-28T01:03:51.578Z	spark2	LOAD	21.429	4.128
2026-09-28T01:03:51.609Z	spark1	LOAD	21.715	7.211
2026-09-28T01:03:51.828Z	spark2	LOAD	21.429	4.128
2026-09-28T01:03:51.859Z	spark1	LOAD	21.686	7.211
2026-09-28T01:03:52.079Z	spark2	LOAD	21.429	4.128
2026-09-28T01:03:52.109Z	spark1	LOAD	21.654	7.211
2026-09-28T01:03:52.346Z	spark2	LOAD	21.429	4.128
2026-09-28T01:03:52.360Z	spark1	LOAD	21.623	7.211
2026-09-28T01:03:52.596Z	spark2	LOAD	21.429	4.128
2026-09-28T01:03:52.622Z	spark1	LOAD	21.589	7.211
2026-09-28T01:03:52.846Z	spark2	LOAD	21.429	4.128
2026-09-28T01:03:52.872Z	spark1	LOAD	21.562	7.211
2026-09-28T01:03:53.096Z	spark2	LOAD	21.429	4.128
2026-09-28T01:03:53.123Z	spark1	LOAD	21.535	7.211
2026-09-28T01:03:53.357Z	spark2	LOAD	21.429	4.128
2026-09-28T01:03:53.373Z	spark1	LOAD	21.470	7.211
2026-09-28T01:03:53.607Z	spark2	LOAD	21.429	4.128
2026-09-28T01:03:53.641Z	spark1	LOAD	21.448	7.211
2026-09-28T01:03:53.858Z	spark2	LOAD	21.429	4.128
2026-09-28T01:03:53.891Z	spark1	LOAD	21.407	7.211
2026-09-28T01:03:54.108Z	spark2	LOAD	21.429	4.128
2026-09-28T01:03:54.142Z	spark1	LOAD	21.355	7.211
2026-09-28T01:03:54.369Z	spark2	LOAD	21.429	4.128
2026-09-28T01:03:54.392Z	spark1	LOAD	21.323	7.211
2026-09-28T01:03:54.621Z	spark2	LOAD	21.429	4.128
2026-09-28T01:03:54.659Z	spark1	LOAD	21.290	7.211
2026-09-28T01:03:54.871Z	spark2	LOAD	21.429	4.128
2026-09-28T01:03:54.909Z	spark1	LOAD	21.263	7.211
2026-09-28T01:03:55.121Z	spark2	LOAD	21.429	4.128
2026-09-28T01:03:55.160Z	spark1	LOAD	21.188	7.211
2026-09-28T01:03:55.381Z	spark2	LOAD	21.429	4.128
2026-09-28T01:03:55.410Z	spark1	LOAD	21.137	7.211
2026-09-28T01:03:55.632Z	spark2	LOAD	21.404	4.128
2026-09-28T01:03:55.672Z	spark1	LOAD	21.130	7.211
2026-09-28T01:03:55.883Z	spark2	LOAD	21.421	4.128
2026-09-28T01:03:55.922Z	spark1	LOAD	21.087	7.211
2026-09-28T01:03:56.133Z	spark2	LOAD	21.421	4.128
2026-09-28T01:03:56.172Z	spark1	LOAD	21.058	7.211
2026-09-28T01:03:56.394Z	spark2	LOAD	21.421	4.128
2026-09-28T01:03:56.423Z	spark1	LOAD	21.028	7.211
2026-09-28T01:03:56.645Z	spark2	LOAD	21.421	4.128
2026-09-28T01:03:56.685Z	spark1	LOAD	20.997	7.211
2026-09-28T01:03:56.896Z	spark2	LOAD	21.421	4.128
2026-09-28T01:03:56.935Z	spark1	LOAD	20.956	7.211
2026-09-28T01:03:57.147Z	spark2	LOAD	21.421	4.128
2026-09-28T01:03:57.186Z	spark1	LOAD	20.926	7.211
2026-09-28T01:03:57.408Z	spark2	LOAD	21.422	4.128
2026-09-28T01:03:57.435Z	spark1	LOAD	20.889	7.211
2026-09-28T01:03:57.658Z	spark2	LOAD	21.422	4.128
2026-09-28T01:03:57.697Z	spark1	LOAD	20.861	7.211
2026-09-28T01:03:57.908Z	spark2	LOAD	21.422	4.128
2026-09-28T01:03:57.947Z	spark1	LOAD	20.718	7.211
2026-09-28T01:03:58.159Z	spark2	LOAD	21.422	4.128
2026-09-28T01:03:58.198Z	spark1	LOAD	20.294	7.211
2026-09-28T01:03:58.425Z	spark2	LOAD	21.422	4.128
2026-09-28T01:03:58.448Z	spark1	LOAD	20.261	7.211
2026-09-28T01:03:58.676Z	spark2	LOAD	21.422	4.128
2026-09-28T01:03:58.715Z	spark1	LOAD	20.222	7.211
2026-09-28T01:03:58.926Z	spark2	LOAD	21.422	4.128
2026-09-28T01:03:58.965Z	spark1	LOAD	20.169	7.211
2026-09-28T01:03:59.176Z	spark2	LOAD	21.422	4.128
2026-09-28T01:03:59.216Z	spark1	LOAD	20.134	7.211
2026-09-28T01:03:59.442Z	spark2	LOAD	21.422	4.128
2026-09-28T01:03:59.467Z	spark1	LOAD	20.097	7.211
2026-09-28T01:03:59.693Z	spark2	LOAD	21.422	4.128
2026-09-28T01:03:59.735Z	spark1	LOAD	20.664	7.211
2026-09-28T01:03:59.943Z	spark2	LOAD	21.422	4.128
2026-09-28T01:03:59.985Z	spark1	LOAD	20.642	7.211
2026-09-28T01:04:00.194Z	spark2	LOAD	21.422	4.128
2026-09-28T01:04:00.236Z	spark1	LOAD	20.483	7.211
2026-09-28T01:04:00.454Z	spark2	LOAD	21.422	4.128
2026-09-28T01:04:00.486Z	spark1	LOAD	20.445	7.211
2026-09-28T01:04:00.705Z	spark2	LOAD	21.422	4.128
2026-09-28T01:04:00.748Z	spark1	LOAD	20.413	7.211
2026-09-28T01:04:00.955Z	spark2	LOAD	21.422	4.128
2026-09-28T01:04:00.998Z	spark1	LOAD	20.407	7.211
2026-09-28T01:04:01.206Z	spark2	LOAD	21.422	4.128
2026-09-28T01:04:01.249Z	spark1	LOAD	20.373	7.211
2026-09-28T01:04:01.471Z	spark2	LOAD	21.422	4.128
2026-09-28T01:04:01.499Z	spark1	LOAD	20.338	7.211
2026-09-28T01:04:01.722Z	spark2	LOAD	21.422	4.128
2026-09-28T01:04:01.761Z	spark1	LOAD	19.823	7.211
2026-09-28T01:04:01.973Z	spark2	LOAD	21.422	4.128
2026-09-28T01:04:02.012Z	spark1	LOAD	19.791	7.211
2026-09-28T01:04:02.223Z	spark2	LOAD	21.422	4.128
2026-09-28T01:04:02.262Z	spark1	LOAD	19.759	7.211
2026-09-28T01:04:02.484Z	spark2	LOAD	21.422	4.128
2026-09-28T01:04:02.512Z	spark1	LOAD	20.353	7.211
2026-09-28T01:04:02.735Z	spark2	LOAD	21.422	4.128
2026-09-28T01:04:02.775Z	spark1	LOAD	20.313	7.211
2026-09-28T01:04:02.986Z	spark2	LOAD	21.422	4.128
2026-09-28T01:04:03.025Z	spark1	LOAD	20.273	7.211
2026-09-28T01:04:03.236Z	spark2	LOAD	21.422	4.128
2026-09-28T01:04:03.275Z	spark1	LOAD	20.243	7.211
2026-09-28T01:04:03.497Z	spark2	LOAD	21.422	4.128
2026-09-28T01:04:03.525Z	spark1	LOAD	20.211	7.211
2026-09-28T01:04:03.748Z	spark2	LOAD	21.422	4.128
2026-09-28T01:04:03.792Z	spark1	LOAD	20.149	7.211
2026-09-28T01:04:03.998Z	spark2	LOAD	21.423	4.128
2026-09-28T01:04:04.042Z	spark1	LOAD	20.102	7.211
2026-09-28T01:04:04.249Z	spark2	LOAD	21.423	4.128
2026-09-28T01:04:04.293Z	spark1	LOAD	20.072	7.211
2026-09-28T01:04:04.509Z	spark2	LOAD	21.423	4.128
2026-09-28T01:04:04.543Z	spark1	LOAD	20.031	7.211
2026-09-28T01:04:04.760Z	spark2	LOAD	21.423	4.128
2026-09-28T01:04:04.812Z	spark1	LOAD	19.998	7.211
2026-09-28T01:04:05.011Z	spark2	LOAD	21.423	4.128
2026-09-28T01:04:05.062Z	spark1	LOAD	19.938	7.211
2026-09-28T01:04:05.262Z	spark2	LOAD	21.423	4.128
2026-09-28T01:04:05.312Z	spark1	LOAD	19.481	7.211
2026-09-28T01:04:05.522Z	spark2	LOAD	21.423	4.128
2026-09-28T01:04:05.563Z	spark1	LOAD	19.303	7.211
2026-09-28T01:04:05.772Z	spark2	LOAD	21.423	4.128
2026-09-28T01:04:05.830Z	spark1	LOAD	19.243	7.211
2026-09-28T01:04:06.022Z	spark2	LOAD	21.423	4.128
2026-09-28T01:04:06.080Z	spark1	LOAD	19.153	7.211
2026-09-28T01:04:06.273Z	spark2	LOAD	21.423	4.128
2026-09-28T01:04:06.330Z	spark1	LOAD	19.128	7.211
2026-09-28T01:04:06.534Z	spark2	LOAD	21.419	4.128
2026-09-28T01:04:06.581Z	spark1	LOAD	19.101	7.211
2026-09-28T01:04:06.784Z	spark2	LOAD	21.428	4.128
2026-09-28T01:04:06.842Z	spark1	LOAD	19.038	7.211
2026-09-28T01:04:07.035Z	spark2	LOAD	21.428	4.128
2026-09-28T01:04:07.093Z	spark1	LOAD	19.017	7.211
2026-09-28T01:04:07.285Z	spark2	LOAD	21.428	4.128
2026-09-28T01:04:07.343Z	spark1	LOAD	18.991	7.211
2026-09-28T01:04:07.551Z	spark2	LOAD	21.429	4.128
2026-09-28T01:04:07.594Z	spark1	LOAD	18.965	7.211
2026-09-28T01:04:07.801Z	spark2	LOAD	21.393	4.128
2026-09-28T01:04:07.856Z	spark1	LOAD	18.912	7.211
2026-09-28T01:04:08.051Z	spark2	LOAD	21.388	4.128
2026-09-28T01:04:08.107Z	spark1	LOAD	19.556	7.211
2026-09-28T01:04:08.301Z	spark2	LOAD	21.390	4.128
2026-09-28T01:04:08.357Z	spark1	LOAD	19.517	7.211
2026-09-28T01:04:08.567Z	spark2	LOAD	21.390	4.128
2026-09-28T01:04:08.607Z	spark1	LOAD	19.184	7.211
2026-09-28T01:04:08.817Z	spark2	LOAD	21.390	4.128
2026-09-28T01:04:08.874Z	spark1	LOAD	18.860	7.211
2026-09-28T01:04:09.069Z	spark2	LOAD	21.381	4.128
2026-09-28T01:04:09.124Z	spark1	LOAD	20.000	7.211
2026-09-28T01:04:09.319Z	spark2	LOAD	21.381	4.128
2026-09-28T01:04:09.375Z	spark1	LOAD	21.347	7.211
2026-09-28T01:04:09.585Z	spark2	LOAD	21.381	4.128
2026-09-28T01:04:09.625Z	spark1	LOAD	22.574	7.211
2026-09-28T01:04:09.835Z	spark2	LOAD	21.381	4.128
2026-09-28T01:04:09.892Z	spark1	LOAD	22.481	7.211
2026-09-28T01:04:10.086Z	spark2	LOAD	21.381	4.128
2026-09-28T01:04:10.143Z	spark1	LOAD	22.086	7.211
2026-09-28T01:04:10.338Z	spark2	LOAD	21.381	4.128
2026-09-28T01:04:10.394Z	spark1	LOAD	21.957	7.211
2026-09-28T01:04:10.598Z	spark2	LOAD	21.381	4.128
2026-09-28T01:04:10.643Z	spark1	LOAD	21.929	7.211
2026-09-28T01:04:10.849Z	spark2	LOAD	21.381	4.128
2026-09-28T01:04:10.905Z	spark1	LOAD	21.895	7.211
2026-09-28T01:04:11.100Z	spark2	LOAD	21.381	4.128
2026-09-28T01:04:11.155Z	spark1	LOAD	21.862	7.211
2026-09-28T01:04:11.350Z	spark2	LOAD	21.381	4.128
2026-09-28T01:04:11.406Z	spark1	LOAD	21.833	7.211
2026-09-28T01:04:11.612Z	spark2	LOAD	21.380	4.128
2026-09-28T01:04:11.656Z	spark1	LOAD	21.805	7.211
2026-09-28T01:04:11.863Z	spark2	LOAD	21.380	4.128
2026-09-28T01:04:11.922Z	spark1	LOAD	21.741	7.211
2026-09-28T01:04:12.114Z	spark2	LOAD	21.381	4.128
2026-09-28T01:04:12.172Z	spark1	LOAD	21.717	7.211
2026-09-28T01:04:12.364Z	spark2	LOAD	21.381	4.128
2026-09-28T01:04:12.422Z	spark1	LOAD	21.686	7.211
2026-09-28T01:04:12.630Z	spark2	LOAD	21.381	4.128
2026-09-28T01:04:12.673Z	spark1	LOAD	21.657	7.211
2026-09-28T01:04:12.880Z	spark2	LOAD	21.416	4.128
2026-09-28T01:04:12.939Z	spark1	LOAD	21.621	7.211
2026-09-28T01:04:13.130Z	spark2	LOAD	21.389	4.128
2026-09-28T01:04:13.190Z	spark1	LOAD	21.589	7.211
2026-09-28T01:04:13.380Z	spark2	LOAD	21.348	4.128
2026-09-28T01:04:13.441Z	spark1	LOAD	21.558	7.211
2026-09-28T01:04:13.646Z	spark2	LOAD	21.329	4.128
2026-09-28T01:04:13.690Z	spark1	LOAD	21.526	7.211
2026-09-28T01:04:13.896Z	spark2	LOAD	21.321	4.128
2026-09-28T01:04:13.952Z	spark1	LOAD	21.476	7.211
2026-09-28T01:04:14.147Z	spark2	LOAD	21.314	4.128
2026-09-28T01:04:14.203Z	spark1	LOAD	21.444	7.211
2026-09-28T01:04:14.398Z	spark2	LOAD	21.312	4.128
2026-09-28T01:04:14.453Z	spark1	LOAD	21.417	7.211
2026-09-28T01:04:14.664Z	spark2	LOAD	21.300	4.128
2026-09-28T01:04:14.703Z	spark1	LOAD	21.386	7.211
2026-09-28T01:04:14.914Z	spark2	LOAD	21.263	4.128
2026-09-28T01:04:14.966Z	spark1	LOAD	21.355	7.211
2026-09-28T01:04:15.164Z	spark2	LOAD	21.233	4.128
2026-09-28T01:04:15.216Z	spark1	LOAD	21.326	7.211
2026-09-28T01:04:15.416Z	spark2	LOAD	21.214	4.128
2026-09-28T01:04:15.466Z	spark1	LOAD	21.292	7.211
2026-09-28T01:04:15.681Z	spark2	LOAD	21.267	4.128
2026-09-28T01:04:15.716Z	spark1	LOAD	21.257	7.211
2026-09-28T01:04:15.932Z	spark2	LOAD	21.271	4.127
2026-09-28T01:04:15.983Z	spark1	LOAD	21.192	7.211
2026-09-28T01:04:16.182Z	spark2	LOAD	21.257	4.127
2026-09-28T01:04:16.233Z	spark1	LOAD	21.163	7.211
2026-09-28T01:04:16.433Z	spark2	LOAD	21.257	4.127
2026-09-28T01:04:16.484Z	spark1	LOAD	21.131	7.211
2026-09-28T01:04:16.694Z	spark2	LOAD	21.257	4.127
2026-09-28T01:04:16.734Z	spark1	LOAD	21.089	7.211
2026-09-28T01:04:16.944Z	spark2	LOAD	21.256	4.127
2026-09-28T01:04:16.996Z	spark1	LOAD	21.618	7.210
2026-09-28T01:04:17.195Z	spark2	LOAD	21.253	4.127
2026-09-28T01:04:17.247Z	spark1	LOAD	21.576	7.210
2026-09-28T01:04:17.446Z	spark2	LOAD	21.244	4.127
2026-09-28T01:04:17.497Z	spark1	LOAD	21.544	7.210
2026-09-28T01:04:17.707Z	spark2	LOAD	21.236	4.127
2026-09-28T01:04:17.748Z	spark1	LOAD	21.539	7.210
2026-09-28T01:04:17.958Z	spark2	LOAD	21.236	4.127
2026-09-28T01:04:18.011Z	spark1	LOAD	21.499	7.210
2026-09-28T01:04:18.208Z	spark2	LOAD	21.236	4.127
2026-09-28T01:04:18.261Z	spark1	LOAD	21.439	7.210
2026-09-28T01:04:18.459Z	spark2	LOAD	21.251	4.127
2026-09-28T01:04:18.512Z	spark1	LOAD	21.407	7.210
2026-09-28T01:04:18.719Z	spark2	LOAD	21.248	4.127
2026-09-28T01:04:18.762Z	spark1	LOAD	21.371	7.210
2026-09-28T01:04:18.969Z	spark2	LOAD	21.253	4.127
2026-09-28T01:04:19.029Z	spark1	LOAD	21.318	7.210
2026-09-28T01:04:19.220Z	spark2	LOAD	21.253	4.127
2026-09-28T01:04:19.279Z	spark1	LOAD	21.290	7.210
2026-09-28T01:04:19.470Z	spark2	LOAD	21.247	4.127
2026-09-28T01:04:19.530Z	spark1	LOAD	21.000	7.210
2026-09-28T01:04:19.735Z	spark2	LOAD	21.243	4.127
2026-09-28T01:04:19.780Z	spark1	LOAD	20.719	7.210
2026-09-28T01:04:19.985Z	spark2	LOAD	21.252	4.127
2026-09-28T01:04:20.042Z	spark1	LOAD	20.669	7.210
2026-09-28T01:04:20.235Z	spark2	LOAD	21.258	4.127
2026-09-28T01:04:20.292Z	spark1	LOAD	20.643	7.210
2026-09-28T01:04:20.485Z	spark2	LOAD	21.259	4.127
2026-09-28T01:04:20.543Z	spark1	LOAD	21.171	7.210
2026-09-28T01:04:20.749Z	spark2	LOAD	21.258	4.127
2026-09-28T01:04:20.793Z	spark1	LOAD	21.140	7.210
2026-09-28T01:04:21.000Z	spark2	LOAD	21.270	4.127
2026-09-28T01:04:21.056Z	spark1	LOAD	21.103	7.210
2026-09-28T01:04:21.250Z	spark2	LOAD	21.270	4.127
2026-09-28T01:04:21.306Z	spark1	LOAD	21.062	7.210
2026-09-28T01:04:21.500Z	spark2	LOAD	21.264	4.127
2026-09-28T01:04:21.557Z	spark1	LOAD	21.044	7.210
2026-09-28T01:04:21.761Z	spark2	LOAD	21.245	4.127
2026-09-28T01:04:21.807Z	spark1	LOAD	20.987	7.210
2026-09-28T01:04:22.011Z	spark2	LOAD	21.272	4.127
2026-09-28T01:04:22.069Z	spark1	LOAD	20.940	7.210
2026-09-28T01:04:22.262Z	spark2	LOAD	21.278	4.127
2026-09-28T01:04:22.320Z	spark1	LOAD	20.891	7.210
2026-09-28T01:04:22.512Z	spark2	LOAD	21.278	4.127
2026-09-28T01:04:22.570Z	spark1	LOAD	20.859	7.210
2026-09-28T01:04:22.772Z	spark2	LOAD	21.274	4.127
2026-09-28T01:04:22.821Z	spark1	LOAD	20.258	7.210
2026-09-28T01:04:23.022Z	spark2	LOAD	21.295	4.127
2026-09-28T01:04:23.087Z	spark1	LOAD	20.223	7.210
2026-09-28T01:04:23.273Z	spark2	LOAD	21.295	4.127
2026-09-28T01:04:23.338Z	spark1	LOAD	20.188	7.210
2026-09-28T01:04:23.523Z	spark2	LOAD	21.289	4.127
2026-09-28T01:04:23.588Z	spark1	LOAD	20.155	7.210
2026-09-28T01:04:23.788Z	spark2	LOAD	21.309	4.127
2026-09-28T01:04:23.838Z	spark1	LOAD	20.122	7.210
2026-09-28T01:04:24.038Z	spark2	LOAD	21.309	4.127
2026-09-28T01:04:24.105Z	spark1	LOAD	20.462	7.210
2026-09-28T01:04:24.289Z	spark2	LOAD	21.312	4.127
2026-09-28T01:04:24.356Z	spark1	LOAD	20.036	7.210
2026-09-28T01:04:24.539Z	spark2	LOAD	21.312	4.127
2026-09-28T01:04:24.606Z	spark1	LOAD	20.045	7.210
2026-09-28T01:04:24.800Z	spark2	LOAD	21.315	4.127
2026-09-28T01:04:24.856Z	spark1	LOAD	20.007	7.210
2026-09-28T01:04:25.051Z	spark2	LOAD	21.308	4.127
2026-09-28T01:04:25.118Z	spark1	LOAD	19.952	7.210
2026-09-28T01:04:25.301Z	spark2	LOAD	21.309	4.127
2026-09-28T01:04:25.369Z	spark1	LOAD	20.253	7.211
2026-09-28T01:04:25.552Z	spark2	LOAD	21.303	4.127
2026-09-28T01:04:25.619Z	spark1	LOAD	19.916	7.211
2026-09-28T01:04:25.813Z	spark2	LOAD	21.314	4.127
2026-09-28T01:04:25.870Z	spark1	LOAD	20.440	7.211
2026-09-28T01:04:26.064Z	spark2	LOAD	21.316	4.127
2026-09-28T01:04:26.136Z	spark1	LOAD	20.406	7.211
2026-09-28T01:04:26.314Z	spark2	LOAD	21.317	4.127
2026-09-28T01:04:26.386Z	spark1	LOAD	20.385	7.211
2026-09-28T01:04:26.564Z	spark2	LOAD	21.309	4.127
2026-09-28T01:04:26.637Z	spark1	LOAD	20.345	7.211
2026-09-28T01:04:26.826Z	spark2	LOAD	21.310	4.127
2026-09-28T01:04:26.887Z	spark1	LOAD	20.241	7.211
2026-09-28T01:04:27.077Z	spark2	LOAD	21.315	4.127
2026-09-28T01:04:27.155Z	spark1	LOAD	20.170	7.211
2026-09-28T01:04:27.327Z	spark2	LOAD	21.313	4.127
2026-09-28T01:04:27.406Z	spark1	LOAD	20.145	7.211
2026-09-28T01:04:27.578Z	spark2	LOAD	21.313	4.127
2026-09-28T01:04:27.656Z	spark1	LOAD	20.115	7.211
2026-09-28T01:04:27.839Z	spark2	LOAD	21.310	4.127
2026-09-28T01:04:27.906Z	spark1	LOAD	20.049	7.207
2026-09-28T01:04:28.090Z	spark2	LOAD	21.307	4.127
2026-09-28T01:04:28.175Z	spark1	LOAD	20.008	7.207
2026-09-28T01:04:28.340Z	spark2	LOAD	21.313	4.127
2026-09-28T01:04:28.425Z	spark1	LOAD	19.951	7.207
2026-09-28T01:04:28.590Z	spark2	LOAD	21.314	4.127
2026-09-28T01:04:28.676Z	spark1	LOAD	19.921	7.207
2026-09-28T01:04:28.851Z	spark2	LOAD	21.326	4.127
2026-09-28T01:04:28.926Z	spark1	LOAD	19.875	7.207
2026-09-28T01:04:29.101Z	spark2	LOAD	21.326	4.127
2026-09-28T01:04:29.188Z	spark1	LOAD	19.832	7.207
2026-09-28T01:04:29.351Z	spark2	LOAD	21.326	4.127
2026-09-28T01:04:29.439Z	spark1	LOAD	19.803	7.207
2026-09-28T01:04:29.602Z	spark2	LOAD	21.326	4.127
2026-09-28T01:04:29.689Z	spark1	LOAD	19.771	7.207
2026-09-28T01:04:29.867Z	spark2	LOAD	21.309	4.127
2026-09-28T01:04:29.939Z	spark1	LOAD	19.217	7.207
2026-09-28T01:04:30.118Z	spark2	LOAD	21.328	4.127
2026-09-28T01:04:30.206Z	spark1	LOAD	19.181	7.207
2026-09-28T01:04:30.368Z	spark2	LOAD	21.328	4.127
2026-09-28T01:04:30.456Z	spark1	LOAD	19.095	7.207
2026-09-28T01:04:30.618Z	spark2	LOAD	21.319	4.127
2026-09-28T01:04:30.707Z	spark1	LOAD	19.062	7.207
2026-09-28T01:04:30.879Z	spark2	LOAD	21.315	4.127
2026-09-28T01:04:30.957Z	spark1	LOAD	19.033	7.207
2026-09-28T01:04:31.129Z	spark2	LOAD	21.309	4.127
2026-09-28T01:04:31.223Z	spark1	LOAD	18.997	7.207
2026-09-28T01:04:31.379Z	spark2	LOAD	21.308	4.127
2026-09-28T01:04:31.473Z	spark1	LOAD	19.642	7.207
2026-09-28T01:04:31.630Z	spark2	LOAD	21.310	4.127
2026-09-28T01:04:31.724Z	spark1	LOAD	19.581	7.209
2026-09-28T01:04:31.889Z	spark2	LOAD	21.310	4.127
2026-09-28T01:04:31.974Z	spark1	LOAD	19.552	7.209
2026-09-28T01:04:32.140Z	spark2	LOAD	21.307	4.127
2026-09-28T01:04:32.236Z	spark1	LOAD	19.516	7.209
2026-09-28T01:04:32.390Z	spark2	LOAD	21.308	4.127
2026-09-28T01:04:32.486Z	spark1	LOAD	19.462	7.209
2026-09-28T01:04:32.640Z	spark2	LOAD	21.305	4.127
2026-09-28T01:04:32.737Z	spark1	LOAD	19.412	7.209
2026-09-28T01:04:32.900Z	spark2	LOAD	21.305	4.127
2026-09-28T01:04:32.987Z	spark1	LOAD	19.424	7.209
2026-09-28T01:04:33.150Z	spark2	LOAD	21.307	4.127
2026-09-28T01:04:33.254Z	spark1	LOAD	19.379	7.209
2026-09-28T01:04:33.401Z	spark2	LOAD	21.314	4.127
2026-09-28T01:04:33.504Z	spark1	LOAD	20.378	7.209
2026-09-28T01:04:33.651Z	spark2	LOAD	21.315	4.127
2026-09-28T01:04:33.755Z	spark1	LOAD	22.030	7.209
2026-09-28T01:04:33.916Z	spark2	LOAD	21.316	4.127
2026-09-28T01:04:34.005Z	spark1	LOAD	22.572	7.209
2026-09-28T01:04:34.166Z	spark2	LOAD	21.321	4.127
2026-09-28T01:04:34.267Z	spark1	LOAD	22.542	7.209
2026-09-28T01:04:34.417Z	spark2	LOAD	21.321	4.127
2026-09-28T01:04:34.517Z	spark1	LOAD	22.487	7.209
2026-09-28T01:04:34.667Z	spark2	LOAD	21.322	4.127
2026-09-28T01:04:34.767Z	spark1	LOAD	22.466	7.209
2026-09-28T01:04:34.932Z	spark2	LOAD	21.294	4.127
2026-09-28T01:04:35.017Z	spark1	LOAD	22.439	7.209
2026-09-28T01:04:35.182Z	spark2	LOAD	21.312	4.127
2026-09-28T01:04:35.280Z	spark1	LOAD	22.407	7.208
2026-09-28T01:04:35.432Z	spark2	LOAD	21.314	4.127
2026-09-28T01:04:35.530Z	spark1	LOAD	22.374	7.208
2026-09-28T01:04:35.683Z	spark2	LOAD	21.310	4.127
2026-09-28T01:04:35.780Z	spark1	LOAD	22.338	7.208
2026-09-28T01:04:35.945Z	spark2	LOAD	21.313	4.127
2026-09-28T01:04:36.031Z	spark1	LOAD	22.304	7.208
2026-09-28T01:04:36.195Z	spark2	LOAD	21.312	4.127
2026-09-28T01:04:36.298Z	spark1	LOAD	22.278	7.208
2026-09-28T01:04:36.446Z	spark2	LOAD	21.307	4.127
2026-09-28T01:04:36.548Z	spark1	LOAD	22.231	7.208
2026-09-28T01:04:36.696Z	spark2	LOAD	21.307	4.127
2026-09-28T01:04:36.799Z	spark1	LOAD	22.189	7.208
2026-09-28T01:04:36.958Z	spark2	LOAD	21.309	4.127
2026-09-28T01:04:37.049Z	spark1	LOAD	22.164	7.208
2026-09-28T01:04:37.208Z	spark2	LOAD	21.284	4.127
2026-09-28T01:04:37.312Z	spark1	LOAD	22.134	7.208
2026-09-28T01:04:37.458Z	spark2	LOAD	21.296	4.127
2026-09-28T01:04:37.562Z	spark1	LOAD	22.100	7.208
2026-09-28T01:04:37.709Z	spark2	LOAD	21.296	4.127
2026-09-28T01:04:37.813Z	spark1	LOAD	22.072	7.208
2026-09-28T01:04:37.975Z	spark2	LOAD	21.300	4.127
2026-09-28T01:04:38.064Z	spark1	LOAD	22.042	7.208
2026-09-28T01:04:38.226Z	spark2	LOAD	21.308	4.127
2026-09-28T01:04:38.331Z	spark1	LOAD	22.059	7.208
2026-09-28T01:04:38.477Z	spark2	LOAD	21.309	4.127
2026-09-28T01:04:38.581Z	spark1	LOAD	21.984	7.208
2026-09-28T01:04:38.727Z	spark2	LOAD	21.309	4.127
2026-09-28T01:04:38.832Z	spark1	LOAD	21.873	7.208
2026-09-28T01:04:38.993Z	spark2	LOAD	21.295	4.127
2026-09-28T01:04:39.082Z	spark1	LOAD	21.724	7.208
2026-09-28T01:04:39.243Z	spark2	LOAD	21.296	4.127
2026-09-28T01:04:39.349Z	spark1	LOAD	21.285	7.208
2026-09-28T01:04:39.494Z	spark2	LOAD	21.295	4.127
2026-09-28T01:04:39.600Z	spark1	LOAD	21.251	7.208
2026-09-28T01:04:39.743Z	spark2	LOAD	21.261	4.127
2026-09-28T01:04:39.850Z	spark1	LOAD	21.209	7.208
2026-09-28T01:04:40.009Z	spark2	LOAD	21.279	4.127
2026-09-28T01:04:40.101Z	spark1	LOAD	21.175	7.208
2026-09-28T01:04:40.259Z	spark2	LOAD	21.279	4.127
2026-09-28T01:04:40.369Z	spark1	LOAD	21.137	7.208
2026-09-28T01:04:40.510Z	spark2	LOAD	21.276	4.127
2026-09-28T01:04:40.619Z	spark1	LOAD	21.099	7.208
2026-09-28T01:04:40.760Z	spark2	LOAD	21.267	4.127
2026-09-28T01:04:40.869Z	spark1	LOAD	21.036	7.208
2026-09-28T01:04:41.022Z	spark2	LOAD	21.273	4.127
2026-09-28T01:04:41.120Z	spark1	LOAD	21.006	7.208
2026-09-28T01:04:41.272Z	spark2	LOAD	21.273	4.127
2026-09-28T01:04:41.387Z	spark1	LOAD	20.974	7.208
2026-09-28T01:04:41.522Z	spark2	LOAD	21.270	4.127
2026-09-28T01:04:41.638Z	spark1	LOAD	20.944	7.208
2026-09-28T01:04:41.773Z	spark2	LOAD	21.285	4.127
2026-09-28T01:04:41.888Z	spark1	LOAD	20.910	7.208
2026-09-28T01:04:42.039Z	spark2	LOAD	21.288	4.127
2026-09-28T01:04:42.138Z	spark1	LOAD	20.874	7.208
2026-09-28T01:04:42.289Z	spark2	LOAD	21.311	4.127
2026-09-28T01:04:42.407Z	spark1	LOAD	20.838	7.208
2026-09-28T01:04:42.539Z	spark2	LOAD	21.315	4.127
2026-09-28T01:04:42.657Z	spark1	LOAD	20.803	7.208
2026-09-28T01:04:42.790Z	spark2	LOAD	21.310	4.127
2026-09-28T01:04:42.908Z	spark1	LOAD	20.737	7.208
2026-09-28T01:04:43.051Z	spark2	LOAD	21.313	4.127
2026-09-28T01:04:43.158Z	spark1	LOAD	20.721	7.208
2026-09-28T01:04:43.301Z	spark2	LOAD	21.308	4.127
2026-09-28T01:04:43.420Z	spark1	LOAD	20.689	7.208
2026-09-28T01:04:43.551Z	spark2	LOAD	21.319	4.127
2026-09-28T01:04:43.670Z	spark1	LOAD	20.657	7.208
2026-09-28T01:04:43.801Z	spark2	LOAD	21.325	4.127
2026-09-28T01:04:43.920Z	spark1	LOAD	21.208	7.208
2026-09-28T01:04:44.061Z	spark2	LOAD	21.324	4.127
2026-09-28T01:04:44.171Z	spark1	LOAD	21.161	7.208
2026-09-28T01:04:44.311Z	spark2	LOAD	21.325	4.127
2026-09-28T01:04:44.432Z	spark1	LOAD	21.128	7.208
2026-09-28T01:04:44.562Z	spark2	LOAD	21.320	4.127
2026-09-28T01:04:44.683Z	spark1	LOAD	21.093	7.208
2026-09-28T01:04:44.812Z	spark2	LOAD	21.318	4.127
2026-09-28T01:04:44.933Z	spark1	LOAD	21.100	7.208
2026-09-28T01:04:45.078Z	spark2	LOAD	21.324	4.127
2026-09-28T01:04:45.183Z	spark1	LOAD	21.068	7.208
2026-09-28T01:04:45.328Z	spark2	LOAD	21.326	4.127
2026-09-28T01:04:45.450Z	spark1	LOAD	21.040	7.208
2026-09-28T01:04:45.579Z	spark2	LOAD	21.321	4.127
2026-09-28T01:04:45.700Z	spark1	LOAD	20.997	7.208
2026-09-28T01:04:45.830Z	spark2	LOAD	21.327	4.127
2026-09-28T01:04:45.950Z	spark1	LOAD	20.964	7.208
2026-09-28T01:04:46.092Z	spark2	LOAD	21.329	4.127
2026-09-28T01:04:46.201Z	spark1	LOAD	20.926	7.208
2026-09-28T01:04:46.343Z	spark2	LOAD	21.321	4.127
2026-09-28T01:04:46.467Z	spark1	LOAD	20.911	7.208
2026-09-28T01:04:46.593Z	spark2	LOAD	21.320	4.127
2026-09-28T01:04:46.717Z	spark1	LOAD	20.884	7.209
2026-09-28T01:04:46.843Z	spark2	LOAD	21.320	4.127
2026-09-28T01:04:46.968Z	spark1	LOAD	20.452	7.209
2026-09-28T01:04:47.109Z	spark2	LOAD	21.326	4.127
2026-09-28T01:04:47.218Z	spark1	LOAD	20.222	7.209
2026-09-28T01:04:47.360Z	spark2	LOAD	21.329	4.127
2026-09-28T01:04:47.487Z	spark1	LOAD	20.181	7.209
2026-09-28T01:04:47.610Z	spark2	LOAD	21.327	4.127
2026-09-28T01:04:47.737Z	spark1	LOAD	20.153	7.208
2026-09-28T01:04:47.861Z	spark2	LOAD	21.319	4.127
2026-09-28T01:04:47.988Z	spark1	LOAD	20.768	7.208
2026-09-28T01:04:48.120Z	spark2	LOAD	21.326	4.127
2026-09-28T01:04:48.238Z	spark1	LOAD	20.736	7.208
2026-09-28T01:04:48.370Z	spark2	LOAD	21.325	4.127
2026-09-28T01:04:48.500Z	spark1	LOAD	20.703	7.208
2026-09-28T01:04:48.621Z	spark2	LOAD	21.322	4.127
2026-09-28T01:04:48.751Z	spark1	LOAD	20.671	7.208
2026-09-28T01:04:48.871Z	spark2	LOAD	21.338	4.127
2026-09-28T01:04:49.001Z	spark1	LOAD	20.669	7.208
2026-09-28T01:04:49.133Z	spark2	LOAD	21.343	4.127
2026-09-28T01:04:49.251Z	spark1	LOAD	20.606	7.208
2026-09-28T01:04:49.383Z	spark2	LOAD	21.336	4.127
2026-09-28T01:04:49.514Z	spark1	LOAD	20.574	7.208
2026-09-28T01:04:49.634Z	spark2	LOAD	21.336	4.127
2026-09-28T01:04:49.765Z	spark1	LOAD	20.536	7.208
2026-09-28T01:04:49.883Z	spark2	LOAD	21.337	4.127
2026-09-28T01:04:50.015Z	spark1	LOAD	20.538	7.209
2026-09-28T01:04:50.150Z	spark2	LOAD	21.338	4.127
2026-09-28T01:04:50.265Z	spark1	LOAD	20.520	7.209
2026-09-28T01:04:50.401Z	spark2	LOAD	21.343	4.127
2026-09-28T01:04:50.532Z	spark1	LOAD	20.469	7.209
2026-09-28T01:04:50.650Z	spark2	LOAD	21.364	4.127
2026-09-28T01:04:50.782Z	spark1	LOAD	20.434	7.209
2026-09-28T01:04:50.900Z	spark2	LOAD	21.359	4.127
2026-09-28T01:04:51.033Z	spark1	LOAD	19.762	7.208
2026-09-28T01:04:51.167Z	spark2	LOAD	21.357	4.127
2026-09-28T01:04:51.283Z	spark1	LOAD	19.729	7.208
2026-09-28T01:04:51.417Z	spark2	LOAD	21.357	4.127
2026-09-28T01:04:51.544Z	spark1	LOAD	20.328	7.209
2026-09-28T01:04:51.667Z	spark2	LOAD	21.350	4.127
2026-09-28T01:04:51.795Z	spark1	LOAD	20.300	7.209
2026-09-28T01:04:51.917Z	spark2	LOAD	21.352	4.127
2026-09-28T01:04:52.046Z	spark1	LOAD	20.269	7.209
2026-09-28T01:04:52.179Z	spark2	LOAD	21.360	4.127
2026-09-28T01:04:52.296Z	spark1	LOAD	20.238	7.209
2026-09-28T01:04:52.429Z	spark2	LOAD	21.358	4.127
2026-09-28T01:04:52.558Z	spark1	LOAD	20.206	7.209
2026-09-28T01:04:52.680Z	spark2	LOAD	21.358	4.127
2026-09-28T01:04:52.809Z	spark1	LOAD	20.182	7.209
2026-09-28T01:04:52.930Z	spark2	LOAD	21.363	4.127
2026-09-28T01:04:53.059Z	spark1	LOAD	20.136	7.210
2026-09-28T01:04:53.195Z	spark2	LOAD	21.363	4.127
2026-09-28T01:04:53.309Z	spark1	LOAD	20.090	7.210
2026-09-28T01:04:53.445Z	spark2	LOAD	21.374	4.127
2026-09-28T01:04:53.572Z	spark1	LOAD	20.056	7.210
2026-09-28T01:04:53.696Z	spark2	LOAD	21.381	4.127
2026-09-28T01:04:53.823Z	spark1	LOAD	19.552	7.210
2026-09-28T01:04:53.947Z	spark2	LOAD	21.382	4.127
2026-09-28T01:04:54.073Z	spark1	LOAD	19.386	7.210
2026-09-28T01:04:54.207Z	spark2	LOAD	21.382	4.127
2026-09-28T01:04:54.323Z	spark1	LOAD	19.343	7.210
2026-09-28T01:04:54.458Z	spark2	LOAD	21.382	4.127
2026-09-28T01:04:54.585Z	spark1	LOAD	19.298	7.210
2026-09-28T01:04:54.708Z	spark2	LOAD	21.382	4.127
2026-09-28T01:04:54.835Z	spark1	LOAD	19.268	7.210
2026-09-28T01:04:54.959Z	spark2	LOAD	21.386	4.127
2026-09-28T01:04:55.085Z	spark1	LOAD	19.207	7.210
2026-09-28T01:04:55.220Z	spark2	LOAD	21.386	4.127
2026-09-28T01:04:55.336Z	spark1	LOAD	19.175	7.210
2026-09-28T01:04:55.470Z	spark2	LOAD	21.386	4.127
2026-09-28T01:04:55.598Z	spark1	LOAD	19.136	7.210
2026-09-28T01:04:55.721Z	spark2	LOAD	21.386	4.127
2026-09-28T01:04:55.848Z	spark1	LOAD	19.112	7.210
2026-09-28T01:04:55.973Z	spark2	LOAD	21.389	4.127
2026-09-28T01:04:56.098Z	spark1	LOAD	19.085	7.210
2026-09-28T01:04:56.238Z	spark2	LOAD	21.389	4.127
2026-09-28T01:04:56.349Z	spark1	LOAD	19.057	7.210
2026-09-28T01:04:56.488Z	spark2	LOAD	21.389	4.127
2026-09-28T01:04:56.610Z	spark1	LOAD	19.027	7.210
2026-09-28T01:04:56.739Z	spark2	LOAD	21.389	4.127
2026-09-28T01:04:56.860Z	spark1	LOAD	18.989	7.210
2026-09-28T01:04:56.989Z	spark2	LOAD	21.392	4.127
2026-09-28T01:04:57.110Z	spark1	LOAD	18.927	7.210
2026-09-28T01:04:57.250Z	spark2	LOAD	21.392	4.127
2026-09-28T01:04:57.361Z	spark1	LOAD	18.897	7.210
2026-09-28T01:04:57.501Z	spark2	LOAD	21.392	4.127
2026-09-28T01:04:57.627Z	spark1	LOAD	18.863	7.210
2026-09-28T01:04:57.751Z	spark2	LOAD	21.392	4.127
2026-09-28T01:04:57.877Z	spark1	LOAD	18.831	7.210
2026-09-28T01:04:58.002Z	spark2	LOAD	21.395	4.127
2026-09-28T01:04:58.128Z	spark1	LOAD	18.803	7.210
2026-09-28T01:04:58.263Z	spark2	LOAD	21.395	4.127
2026-09-28T01:04:58.379Z	spark1	LOAD	20.230	7.210
2026-09-28T01:04:58.514Z	spark2	LOAD	21.395	4.127
2026-09-28T01:04:58.640Z	spark1	LOAD	22.092	7.210
2026-09-28T01:04:58.764Z	spark2	LOAD	21.399	4.127
2026-09-28T01:04:58.891Z	spark1	LOAD	22.066	7.210
2026-09-28T01:04:59.015Z	spark2	LOAD	21.399	4.127
2026-09-28T01:04:59.141Z	spark1	LOAD	22.009	7.210
2026-09-28T01:04:59.276Z	spark2	LOAD	21.399	4.127
2026-09-28T01:04:59.391Z	spark1	LOAD	21.991	7.210
2026-09-28T01:04:59.526Z	spark2	LOAD	21.399	4.127
2026-09-28T01:04:59.653Z	spark1	LOAD	21.962	7.210
2026-09-28T01:04:59.776Z	spark2	LOAD	21.399	4.127
2026-09-28T01:04:59.904Z	spark1	LOAD	21.935	7.210
2026-09-28T01:05:00.027Z	spark2	LOAD	21.400	4.127
2026-09-28T01:05:00.154Z	spark1	LOAD	21.905	7.210
2026-09-28T01:05:00.292Z	spark2	LOAD	21.400	4.127
2026-09-28T01:05:00.404Z	spark1	LOAD	21.876	7.210
2026-09-28T01:05:00.542Z	spark2	LOAD	21.400	4.127
2026-09-28T01:05:00.667Z	spark1	LOAD	21.846	7.210
2026-09-28T01:05:00.793Z	spark2	LOAD	21.400	4.127
2026-09-28T01:05:00.917Z	spark1	LOAD	22.424	7.210
2026-09-28T01:05:01.044Z	spark2	LOAD	21.402	4.127
2026-09-28T01:05:01.168Z	spark1	LOAD	22.364	7.210
2026-09-28T01:05:01.309Z	spark2	LOAD	21.402	4.127
2026-09-28T01:05:01.418Z	spark1	LOAD	22.378	7.210
2026-09-28T01:05:01.560Z	spark2	LOAD	21.399	4.127
2026-09-28T01:05:01.680Z	spark1	LOAD	22.339	7.210
2026-09-28T01:05:01.810Z	spark2	LOAD	21.397	4.127
2026-09-28T01:05:01.931Z	spark1	LOAD	22.293	7.210
2026-09-28T01:05:02.061Z	spark2	LOAD	21.404	4.127
2026-09-28T01:05:02.181Z	spark1	LOAD	22.250	7.210
2026-09-28T01:05:02.321Z	spark2	LOAD	21.403	4.127
2026-09-28T01:05:02.431Z	spark1	LOAD	21.780	7.210
2026-09-28T01:05:02.571Z	spark2	LOAD	21.403	4.127
2026-09-28T01:05:02.698Z	spark1	LOAD	21.637	7.210
2026-09-28T01:05:02.822Z	spark2	LOAD	21.403	4.127
2026-09-28T01:05:02.948Z	spark1	LOAD	21.600	7.210
2026-09-28T01:05:03.073Z	spark2	LOAD	21.403	4.127
2026-09-28T01:05:03.199Z	spark1	LOAD	21.577	7.210
2026-09-28T01:05:03.334Z	spark2	LOAD	21.402	4.127
2026-09-28T01:05:03.449Z	spark1	LOAD	21.512	7.210
2026-09-28T01:05:03.584Z	spark2	LOAD	21.402	4.127
2026-09-28T01:05:03.711Z	spark1	LOAD	21.479	7.210
2026-09-28T01:05:03.835Z	spark2	LOAD	21.402	4.127
2026-09-28T01:05:03.962Z	spark1	LOAD	21.454	7.210
2026-09-28T01:05:04.086Z	spark2	LOAD	21.402	4.127
2026-09-28T01:05:04.212Z	spark1	LOAD	21.416	7.210
2026-09-28T01:05:04.346Z	spark2	LOAD	21.401	4.127
2026-09-28T01:05:04.462Z	spark1	LOAD	21.379	7.210
2026-09-28T01:05:04.597Z	spark2	LOAD	21.401	4.127
2026-09-28T01:05:04.724Z	spark1	LOAD	21.342	7.208
2026-09-28T01:05:04.848Z	spark2	LOAD	21.401	4.127
2026-09-28T01:05:04.975Z	spark1	LOAD	21.307	7.208
2026-09-28T01:05:05.098Z	spark2	LOAD	21.402	4.127
2026-09-28T01:05:05.225Z	spark1	LOAD	21.283	7.208
2026-09-28T01:05:05.359Z	spark2	LOAD	21.402	4.127
2026-09-28T01:05:05.476Z	spark1	LOAD	21.229	7.208
2026-09-28T01:05:05.610Z	spark2	LOAD	21.402	4.127
2026-09-28T01:05:05.738Z	spark1	LOAD	21.195	7.208
2026-09-28T01:05:05.861Z	spark2	LOAD	21.402	4.127
2026-09-28T01:05:05.988Z	spark1	LOAD	21.170	7.208
2026-09-28T01:05:06.111Z	spark2	LOAD	21.402	4.127
2026-09-28T01:05:06.239Z	spark1	LOAD	21.134	7.208
2026-09-28T01:05:06.371Z	spark2	LOAD	21.402	4.127
2026-09-28T01:05:06.489Z	spark1	LOAD	21.105	7.208
2026-09-28T01:05:06.622Z	spark2	LOAD	21.403	4.127
2026-09-28T01:05:06.755Z	spark1	LOAD	21.061	7.208
2026-09-28T01:05:06.873Z	spark2	LOAD	21.403	4.127
2026-09-28T01:05:07.006Z	spark1	LOAD	21.024	7.208
2026-09-28T01:05:07.123Z	spark2	LOAD	21.403	4.127
2026-09-28T01:05:07.257Z	spark1	LOAD	20.992	7.208
2026-09-28T01:05:07.383Z	spark2	LOAD	21.403	4.127
2026-09-28T01:05:07.507Z	spark1	LOAD	20.925	7.208
2026-09-28T01:05:07.634Z	spark2	LOAD	21.403	4.127
2026-09-28T01:05:07.776Z	spark1	LOAD	20.896	7.207
2026-09-28T01:05:07.884Z	spark2	LOAD	21.403	4.127
2026-09-28T01:05:08.027Z	spark1	LOAD	20.865	7.207
2026-09-28T01:05:08.136Z	spark2	LOAD	21.403	4.127
2026-09-28T01:05:08.277Z	spark1	LOAD	20.834	7.207
2026-09-28T01:05:08.396Z	spark2	LOAD	21.403	4.127
2026-09-28T01:05:08.528Z	spark1	LOAD	20.806	7.207
2026-09-28T01:05:08.647Z	spark2	LOAD	21.403	4.127
2026-09-28T01:05:08.791Z	spark1	LOAD	20.770	7.207
2026-09-28T01:05:08.899Z	spark2	LOAD	21.403	4.127
2026-09-28T01:05:09.041Z	spark1	LOAD	20.738	7.207
2026-09-28T01:05:09.148Z	spark2	LOAD	21.404	4.127
2026-09-28T01:05:09.291Z	spark1	LOAD	20.688	7.207
2026-09-28T01:05:09.409Z	spark2	LOAD	21.404	4.127
2026-09-28T01:05:09.542Z	spark1	LOAD	20.619	7.207
2026-09-28T01:05:09.661Z	spark2	LOAD	21.404	4.127
2026-09-28T01:05:09.809Z	spark1	LOAD	20.583	7.207
2026-09-28T01:05:09.911Z	spark2	LOAD	21.404	4.127
2026-09-28T01:05:10.059Z	spark1	LOAD	20.558	7.207
2026-09-28T01:05:10.162Z	spark2	LOAD	21.404	4.127
2026-09-28T01:05:10.309Z	spark1	LOAD	20.527	7.207
2026-09-28T01:05:10.428Z	spark2	LOAD	21.404	4.127
2026-09-28T01:05:10.560Z	spark1	LOAD	20.497	7.207
2026-09-28T01:05:10.678Z	spark2	LOAD	21.404	4.127
2026-09-28T01:05:10.828Z	spark1	LOAD	20.451	7.207
2026-09-28T01:05:10.929Z	spark2	LOAD	21.404	4.127
2026-09-28T01:05:11.079Z	spark1	LOAD	20.418	7.206
2026-09-28T01:05:11.179Z	spark2	LOAD	21.404	4.127
2026-09-28T01:05:11.329Z	spark1	LOAD	20.380	7.206
2026-09-28T01:05:11.441Z	spark2	LOAD	21.404	4.127
2026-09-28T01:05:11.580Z	spark1	LOAD	20.297	7.206
2026-09-28T01:05:11.691Z	spark2	LOAD	21.404	4.127
2026-09-28T01:05:11.847Z	spark1	LOAD	20.980	7.207
2026-09-28T01:05:11.943Z	spark2	LOAD	21.404	4.127
2026-09-28T01:05:12.097Z	spark1	LOAD	20.888	7.206
2026-09-28T01:05:12.193Z	spark2	LOAD	21.404	4.127
2026-09-28T01:05:12.347Z	spark1	LOAD	20.845	7.206
2026-09-28T01:05:12.458Z	spark2	LOAD	21.405	4.127
2026-09-28T01:05:12.597Z	spark1	LOAD	20.809	7.206
2026-09-28T01:05:12.708Z	spark2	LOAD	21.383	4.127
2026-09-28T01:05:12.866Z	spark1	LOAD	20.810	7.207
2026-09-28T01:05:12.958Z	spark2	LOAD	21.399	4.127
2026-09-28T01:05:13.117Z	spark1	LOAD	20.785	7.207
2026-09-28T01:05:13.209Z	spark2	LOAD	21.399	4.127
2026-09-28T01:05:13.367Z	spark1	LOAD	20.750	7.207
2026-09-28T01:05:13.474Z	spark2	LOAD	21.399	4.127
2026-09-28T01:05:13.617Z	spark1	LOAD	20.703	7.207
2026-09-28T01:05:13.725Z	spark2	LOAD	21.399	4.127
2026-09-28T01:05:13.884Z	spark1	LOAD	20.692	7.207
2026-09-28T01:05:13.976Z	spark2	LOAD	21.399	4.127
2026-09-28T01:05:14.134Z	spark1	LOAD	20.658	7.207
2026-09-28T01:05:14.227Z	spark2	LOAD	21.399	4.127
2026-09-28T01:05:14.385Z	spark1	LOAD	20.607	7.207
2026-09-28T01:05:14.493Z	spark2	LOAD	21.398	4.127
2026-09-28T01:05:14.635Z	spark1	LOAD	20.576	7.207
2026-09-28T01:05:14.743Z	spark2	LOAD	21.398	4.127
2026-09-28T01:05:14.904Z	spark1	LOAD	20.539	7.207
2026-09-28T01:05:14.994Z	spark2	LOAD	21.399	4.127
2026-09-28T01:05:15.155Z	spark1	LOAD	20.509	7.207
2026-09-28T01:05:15.244Z	spark2	LOAD	21.399	4.127
2026-09-28T01:05:15.405Z	spark1	LOAD	20.478	7.207
2026-09-28T01:05:15.504Z	spark2	LOAD	21.399	4.127
2026-09-28T01:05:15.655Z	spark1	LOAD	20.413	7.207
2026-09-28T01:05:15.755Z	spark2	LOAD	21.399	4.127
2026-09-28T01:05:15.917Z	spark1	LOAD	20.377	7.207
2026-09-28T01:05:16.005Z	spark2	LOAD	21.400	4.127
2026-09-28T01:05:16.167Z	spark1	LOAD	20.324	7.207
2026-09-28T01:05:16.256Z	spark2	LOAD	21.400	4.127
2026-09-28T01:05:16.417Z	spark1	LOAD	20.282	7.207
2026-09-28T01:05:16.515Z	spark2	LOAD	21.400	4.127
2026-09-28T01:05:16.668Z	spark1	LOAD	20.248	7.207
2026-09-28T01:05:16.766Z	spark2	LOAD	21.400	4.127
2026-09-28T01:05:16.936Z	spark1	LOAD	19.677	7.207
2026-09-28T01:05:17.017Z	spark2	LOAD	21.401	4.127
2026-09-28T01:05:17.187Z	spark1	LOAD	19.640	7.207
2026-09-28T01:05:17.268Z	spark2	LOAD	21.401	4.127
2026-09-28T01:05:17.437Z	spark1	LOAD	19.608	7.207
2026-09-28T01:05:17.532Z	spark2	LOAD	21.401	4.127
2026-09-28T01:05:17.687Z	spark1	LOAD	20.147	7.207
2026-09-28T01:05:17.783Z	spark2	LOAD	21.401	4.127
2026-09-28T01:05:17.948Z	spark1	LOAD	20.137	7.207
2026-09-28T01:05:18.033Z	spark2	LOAD	21.401	4.127
2026-09-28T01:05:18.199Z	spark1	LOAD	19.912	7.207
2026-09-28T01:05:18.284Z	spark2	LOAD	21.401	4.127
2026-09-28T01:05:18.449Z	spark1	LOAD	19.491	7.207
2026-09-28T01:05:18.544Z	spark2	LOAD	21.401	4.127
2026-09-28T01:05:18.699Z	spark1	LOAD	20.041	7.208
2026-09-28T01:05:18.796Z	spark2	LOAD	21.401	4.127
2026-09-28T01:05:18.963Z	spark1	LOAD	19.525	7.208
2026-09-28T01:05:19.045Z	spark2	LOAD	21.401	4.127
2026-09-28T01:05:19.213Z	spark1	LOAD	19.388	7.208
2026-09-28T01:05:19.296Z	spark2	LOAD	21.401	4.127
2026-09-28T01:05:19.463Z	spark1	LOAD	19.355	7.208
2026-09-28T01:05:19.557Z	spark2	LOAD	21.401	4.127
2026-09-28T01:05:19.714Z	spark1	LOAD	19.915	7.208
2026-09-28T01:05:19.807Z	spark2	LOAD	21.401	4.127
2026-09-28T01:05:19.980Z	spark1	LOAD	19.856	7.208
2026-09-28T01:05:20.058Z	spark2	LOAD	21.402	4.127
2026-09-28T01:05:20.230Z	spark1	LOAD	19.828	7.208
2026-09-28T01:05:20.309Z	spark2	LOAD	21.402	4.127
2026-09-28T01:05:20.481Z	spark1	LOAD	19.796	7.208
2026-09-28T01:05:20.574Z	spark2	LOAD	21.402	4.127
2026-09-28T01:05:20.731Z	spark1	LOAD	19.755	7.208
2026-09-28T01:05:20.824Z	spark2	LOAD	21.402	4.127
2026-09-28T01:05:20.991Z	spark1	LOAD	19.716	7.208
2026-09-28T01:05:21.075Z	spark2	LOAD	21.402	4.127
2026-09-28T01:05:21.242Z	spark1	LOAD	19.664	7.208
2026-09-28T01:05:21.326Z	spark2	LOAD	21.402	4.127
2026-09-28T01:05:21.492Z	spark1	LOAD	19.087	7.208
2026-09-28T01:05:21.590Z	spark2	LOAD	21.401	4.127
2026-09-28T01:05:21.742Z	spark1	LOAD	19.056	7.208
2026-09-28T01:05:21.840Z	spark2	LOAD	21.401	4.127
2026-09-28T01:05:22.004Z	spark1	LOAD	18.988	7.208
2026-09-28T01:05:22.091Z	spark2	LOAD	21.401	4.127
2026-09-28T01:05:22.254Z	spark1	LOAD	19.578	7.209
2026-09-28T01:05:22.341Z	spark2	LOAD	21.401	4.127
2026-09-28T01:05:22.504Z	spark1	LOAD	18.929	7.209
2026-09-28T01:05:22.607Z	spark2	LOAD	21.401	4.127
2026-09-28T01:05:22.755Z	spark1	LOAD	18.918	7.209
2026-09-28T01:05:22.857Z	spark2	LOAD	21.401	4.127
2026-09-28T01:05:23.021Z	spark1	LOAD	19.415	7.209
2026-09-28T01:05:23.108Z	spark2	LOAD	21.401	4.127
2026-09-28T01:05:23.272Z	spark1	LOAD	20.515	7.208
2026-09-28T01:05:23.358Z	spark2	LOAD	21.401	4.127
2026-09-28T01:05:23.522Z	spark1	LOAD	22.268	7.208
2026-09-28T01:05:23.624Z	spark2	LOAD	21.395	4.127
2026-09-28T01:05:23.772Z	spark1	LOAD	22.690	7.208
2026-09-28T01:05:23.874Z	spark2	LOAD	21.393	4.127
2026-09-28T01:05:24.035Z	spark1	LOAD	22.674	7.205
2026-09-28T01:05:24.124Z	spark2	LOAD	21.391	4.127
2026-09-28T01:05:24.286Z	spark1	LOAD	22.645	7.193
2026-09-28T01:05:24.375Z	spark2	LOAD	21.391	4.127
2026-09-28T01:05:24.536Z	spark1	LOAD	22.632	7.187
2026-09-28T01:05:24.636Z	spark2	LOAD	21.390	4.127
2026-09-28T01:05:24.786Z	spark1	LOAD	22.550	7.187
2026-09-28T01:05:24.888Z	spark2	LOAD	21.390	4.127
2026-09-28T01:05:25.054Z	spark1	LOAD	22.491	7.187
2026-09-28T01:05:25.139Z	spark2	LOAD	21.392	4.127
2026-09-28T01:05:25.304Z	spark1	LOAD	22.303	7.187
2026-09-28T01:05:25.389Z	spark2	LOAD	21.392	4.127
2026-09-28T01:05:25.555Z	spark1	LOAD	22.249	7.187
2026-09-28T01:05:25.649Z	spark2	LOAD	21.392	4.127
2026-09-28T01:05:25.805Z	spark1	LOAD	20.794	7.187
2026-09-28T01:05:25.900Z	spark2	LOAD	21.394	4.127
2026-09-28T01:05:26.072Z	spark1	LOAD	19.315	7.187
2026-09-28T01:05:26.150Z	spark2	LOAD	21.394	4.127
2026-09-28T01:05:26.323Z	spark1	LOAD	17.899	7.188
2026-09-28T01:05:26.401Z	spark2	LOAD	21.394	4.127
2026-09-28T01:05:26.573Z	spark1	LOAD	17.023	7.188
2026-09-28T01:05:26.666Z	spark2	LOAD	21.394	4.127
2026-09-28T01:05:26.823Z	spark1	LOAD	15.975	7.188
2026-09-28T01:05:26.917Z	spark2	LOAD	21.397	4.127
2026-09-28T01:05:27.095Z	spark1	LOAD	15.189	7.190
2026-09-28T01:05:27.168Z	spark2	LOAD	21.397	4.127
2026-09-28T01:05:27.345Z	spark1	LOAD	14.880	7.190
2026-09-28T01:05:27.419Z	spark2	LOAD	21.397	4.127
2026-09-28T01:05:27.596Z	spark1	LOAD	21.226	7.190
2026-09-28T01:05:27.680Z	spark2	LOAD	21.397	4.127
2026-09-28T01:05:27.846Z	spark1	LOAD	16.265	7.190
2026-09-28T01:05:27.930Z	spark2	LOAD	21.398	4.127
2026-09-28T01:05:28.113Z	spark1	LOAD	14.715	7.190
2026-09-28T01:05:28.180Z	spark2	LOAD	21.398	4.127
2026-09-28T01:05:28.364Z	spark1	LOAD	15.062	7.189
2026-09-28T01:05:28.431Z	spark2	LOAD	21.398	4.127
2026-09-28T01:05:28.614Z	spark1	LOAD	20.496	7.189
2026-09-28T01:05:28.692Z	spark2	LOAD	21.398	4.127
2026-09-28T01:05:28.865Z	spark1	LOAD	15.045	7.189
2026-09-28T01:05:28.943Z	spark2	LOAD	21.399	4.127
2026-09-28T01:05:29.133Z	spark1	LOAD	15.117	7.189
2026-09-28T01:05:29.194Z	spark2	LOAD	21.399	4.127
2026-09-28T01:05:29.383Z	spark1	LOAD	20.126	7.189
2026-09-28T01:05:29.445Z	spark2	LOAD	21.399	4.127
2026-09-28T01:05:29.633Z	spark1	LOAD	14.947	7.189
2026-09-28T01:05:29.709Z	spark2	LOAD	21.408	4.127
2026-09-28T01:05:29.884Z	spark1	LOAD	14.673	7.189
2026-09-28T01:05:29.961Z	spark2	LOAD	21.408	4.127
2026-09-28T01:05:30.146Z	spark1	LOAD	20.805	7.189
2026-09-28T01:05:30.212Z	spark2	LOAD	21.408	4.127
2026-09-28T01:05:30.396Z	spark1	LOAD	15.929	7.189
2026-09-28T01:05:30.463Z	spark2	LOAD	21.408	4.127
2026-09-28T01:05:30.647Z	spark1	LOAD	14.580	7.189
2026-09-28T01:05:30.723Z	spark2	LOAD	21.408	4.127
2026-09-28T01:05:30.897Z	spark1	LOAD	21.622	7.189
2026-09-28T01:05:30.974Z	spark2	LOAD	21.408	4.127
2026-09-28T01:05:31.164Z	spark1	LOAD	16.380	7.189
2026-09-28T01:05:31.224Z	spark2	LOAD	21.408	4.127
2026-09-28T01:05:31.415Z	spark1	LOAD	14.557	7.189
2026-09-28T01:05:31.475Z	spark2	LOAD	21.408	4.127
2026-09-28T01:05:31.666Z	spark1	LOAD	20.257	7.189
2026-09-28T01:05:31.735Z	spark2	LOAD	21.408	4.127
2026-09-28T01:05:31.916Z	spark1	LOAD	14.889	7.189
2026-09-28T01:05:31.987Z	spark2	LOAD	21.408	4.127
2026-09-28T01:05:32.181Z	spark1	LOAD	18.556	7.189
2026-09-28T01:05:32.237Z	spark2	LOAD	21.408	4.127
2026-09-28T01:05:32.432Z	spark1	LOAD	18.058	7.189
2026-09-28T01:05:32.489Z	spark2	LOAD	21.408	4.127
2026-09-28T01:05:32.684Z	spark1	LOAD	14.565	7.189
2026-09-28T01:05:32.750Z	spark2	LOAD	21.408	4.127
2026-09-28T01:05:32.935Z	spark1	LOAD	20.150	7.189
2026-09-28T01:05:33.000Z	spark2	LOAD	21.408	4.127
2026-09-28T01:05:33.200Z	spark1	LOAD	14.888	7.189
2026-09-28T01:05:33.251Z	spark2	LOAD	21.408	4.127
2026-09-28T01:05:33.450Z	spark1	LOAD	20.822	7.189
2026-09-28T01:05:33.501Z	spark2	LOAD	21.408	4.127
2026-09-28T01:05:33.701Z	spark1	LOAD	16.508	7.189
2026-09-28T01:05:33.762Z	spark2	LOAD	21.408	4.127
2026-09-28T01:05:33.951Z	spark1	LOAD	14.504	7.189
2026-09-28T01:05:34.012Z	spark2	LOAD	21.408	4.127
2026-09-28T01:05:34.213Z	spark1	LOAD	19.139	7.189
2026-09-28T01:05:34.262Z	spark2	LOAD	21.408	4.127
2026-09-28T01:05:34.464Z	spark1	LOAD	14.854	7.189
2026-09-28T01:05:34.513Z	spark2	LOAD	21.393	4.127
2026-09-28T01:05:34.715Z	spark1	LOAD	21.012	7.189
2026-09-28T01:05:34.773Z	spark2	LOAD	21.418	4.127
2026-09-28T01:05:34.966Z	spark1	LOAD	16.448	7.189
2026-09-28T01:05:35.023Z	spark2	LOAD	21.417	4.127
2026-09-28T01:05:35.228Z	spark1	LOAD	14.891	7.189
2026-09-28T01:05:35.274Z	spark2	LOAD	21.417	4.127
2026-09-28T01:05:35.479Z	spark1	LOAD	18.929	7.189
2026-09-28T01:05:35.525Z	spark2	LOAD	21.417	4.127
2026-09-28T01:05:35.730Z	spark1	LOAD	14.749	7.189
2026-09-28T01:05:35.790Z	spark2	LOAD	21.417	4.127
2026-09-28T01:05:35.981Z	spark1	LOAD	20.911	7.189
2026-09-28T01:05:36.041Z	spark2	LOAD	21.417	4.127
2026-09-28T01:05:36.244Z	spark1	LOAD	14.975	7.189
2026-09-28T01:05:36.292Z	spark2	LOAD	21.417	4.127
2026-09-28T01:05:36.495Z	spark1	LOAD	15.421	7.189
2026-09-28T01:05:36.543Z	spark2	LOAD	21.417	4.127
2026-09-28T01:05:36.745Z	spark1	LOAD	18.684	7.189
2026-09-28T01:05:36.805Z	spark2	LOAD	21.417	4.127
2026-09-28T01:05:36.996Z	spark1	LOAD	14.729	7.189
2026-09-28T01:05:37.054Z	spark2	LOAD	21.417	4.127
2026-09-28T01:05:37.258Z	spark1	LOAD	20.400	7.189
2026-09-28T01:05:37.306Z	spark2	LOAD	21.417	4.127
2026-09-28T01:05:37.509Z	spark1	LOAD	14.824	7.189
2026-09-28T01:05:37.556Z	spark2	LOAD	21.417	4.127
2026-09-28T01:05:37.760Z	spark1	LOAD	17.754	7.189
2026-09-28T01:05:37.817Z	spark2	LOAD	21.417	4.127
2026-09-28T01:05:38.011Z	spark1	LOAD	17.758	7.189
2026-09-28T01:05:38.068Z	spark2	LOAD	21.417	4.127
2026-09-28T01:05:38.273Z	spark1	LOAD	14.517	7.189
2026-09-28T01:05:38.319Z	spark2	LOAD	21.417	4.127
2026-09-28T01:05:38.524Z	spark1	LOAD	20.147	7.189
2026-09-28T01:05:38.570Z	spark2	LOAD	21.417	4.127
2026-09-28T01:05:38.776Z	spark1	LOAD	14.824	7.189
2026-09-28T01:05:38.835Z	spark2	LOAD	21.417	4.127
2026-09-28T01:05:39.026Z	spark1	LOAD	19.913	7.189
2026-09-28T01:05:39.085Z	spark2	LOAD	21.417	4.127
2026-09-28T01:05:39.293Z	spark1	LOAD	16.284	7.189
2026-09-28T01:05:39.335Z	spark2	LOAD	21.417	4.127
2026-09-28T01:05:39.544Z	spark1	LOAD	14.709	7.189
2026-09-28T01:05:39.586Z	spark2	LOAD	21.417	4.127
2026-09-28T01:05:39.795Z	spark1	LOAD	18.999	7.189
2026-09-28T01:05:39.847Z	spark2	LOAD	21.417	4.127
2026-09-28T01:05:40.046Z	spark1	LOAD	14.765	7.189
2026-09-28T01:05:40.098Z	spark2	LOAD	21.417	4.127
2026-09-28T01:05:40.309Z	spark1	LOAD	20.385	7.189
2026-09-28T01:05:40.349Z	spark2	LOAD	21.417	4.127
2026-09-28T01:05:40.560Z	spark1	LOAD	15.001	7.189
2026-09-28T01:05:40.599Z	spark2	LOAD	21.417	4.127
2026-09-28T01:05:40.810Z	spark1	LOAD	16.495	7.189
2026-09-28T01:05:40.860Z	spark2	LOAD	21.417	4.127
2026-09-28T01:05:41.061Z	spark1	LOAD	18.235	7.189
2026-09-28T01:05:41.112Z	spark2	LOAD	21.417	4.127
2026-09-28T01:05:41.325Z	spark1	LOAD	14.502	7.189
2026-09-28T01:05:41.362Z	spark2	LOAD	21.417	4.127
2026-09-28T01:05:41.576Z	spark1	LOAD	19.875	7.189
2026-09-28T01:05:41.613Z	spark2	LOAD	21.417	4.127
2026-09-28T01:05:41.827Z	spark1	LOAD	14.823	7.189
2026-09-28T01:05:41.879Z	spark2	LOAD	21.417	4.127
2026-09-28T01:05:42.078Z	spark1	LOAD	20.929	7.189
2026-09-28T01:05:42.128Z	spark2	LOAD	21.417	4.127
2026-09-28T01:05:42.341Z	spark1	LOAD	15.913	7.189
2026-09-28T01:05:42.380Z	spark2	LOAD	21.417	4.127
2026-09-28T01:05:42.591Z	spark1	LOAD	14.544	7.189
2026-09-28T01:05:42.631Z	spark2	LOAD	21.417	4.127
2026-09-28T01:05:42.842Z	spark1	LOAD	18.797	7.189
2026-09-28T01:05:42.891Z	spark2	LOAD	21.417	4.127
2026-09-28T01:05:43.093Z	spark1	LOAD	14.737	7.189
2026-09-28T01:05:43.143Z	spark2	LOAD	21.417	4.127
2026-09-28T01:05:43.367Z	spark1	LOAD	20.267	7.189
2026-09-28T01:05:43.394Z	spark2	LOAD	21.417	4.127
2026-09-28T01:05:43.618Z	spark1	LOAD	14.840	7.189
2026-09-28T01:05:43.645Z	spark2	LOAD	21.417	4.127
2026-09-28T01:05:43.868Z	spark1	LOAD	19.470	7.189
2026-09-28T01:05:43.909Z	spark2	LOAD	21.417	4.127
2026-09-28T01:05:44.119Z	spark1	LOAD	17.140	7.189
2026-09-28T01:05:44.160Z	spark2	LOAD	21.417	4.127
2026-09-28T01:05:44.382Z	spark1	LOAD	14.473	7.189
2026-09-28T01:05:44.411Z	spark2	LOAD	21.417	4.127
2026-09-28T01:05:44.632Z	spark1	LOAD	19.722	7.189
2026-09-28T01:05:44.661Z	spark2	LOAD	21.417	4.127
2026-09-28T01:05:44.883Z	spark1	LOAD	14.850	7.189
2026-09-28T01:05:44.922Z	spark2	LOAD	21.417	4.127
2026-09-28T01:05:45.134Z	spark1	LOAD	20.834	7.189
2026-09-28T01:05:45.173Z	spark2	LOAD	21.417	4.127
2026-09-28T01:05:45.401Z	spark1	LOAD	15.789	7.189
2026-09-28T01:05:45.424Z	spark2	LOAD	21.415	4.127
2026-09-28T01:05:45.652Z	spark1	LOAD	15.657	7.189
2026-09-28T01:05:45.674Z	spark2	LOAD	21.429	4.127
2026-09-28T01:05:45.903Z	spark1	LOAD	18.412	7.189
2026-09-28T01:05:45.940Z	spark2	LOAD	21.429	4.127
2026-09-28T01:05:46.154Z	spark1	LOAD	14.473	7.189
2026-09-28T01:05:46.190Z	spark2	LOAD	21.428	4.127
2026-09-28T01:05:46.434Z	spark1	LOAD	19.738	7.189
2026-09-28T01:05:46.441Z	spark2	LOAD	21.428	4.127
2026-09-28T01:05:46.684Z	spark1	LOAD	14.722	7.189
2026-09-28T01:05:46.692Z	spark2	LOAD	21.428	4.127
2026-09-28T01:05:46.934Z	spark1	LOAD	20.699	7.189
2026-09-28T01:05:46.956Z	spark2	LOAD	21.428	4.127
2026-09-28T01:05:47.185Z	spark1	LOAD	16.228	7.189
2026-09-28T01:05:47.207Z	spark2	LOAD	21.428	4.127
2026-09-28T01:05:47.454Z	spark1	LOAD	15.588	7.189
2026-09-28T01:05:47.458Z	spark2	LOAD	21.428	4.127
2026-09-28T01:05:47.705Z	spark1	LOAD	18.375	7.189
2026-09-28T01:05:47.708Z	spark2	LOAD	21.428	4.127
2026-09-28T01:05:47.956Z	spark1	LOAD	14.450	7.189
2026-09-28T01:05:47.974Z	spark2	LOAD	21.427	4.127
2026-09-28T01:05:48.206Z	spark1	LOAD	20.174	7.189
2026-09-28T01:05:48.224Z	spark2	LOAD	21.427	4.127
2026-09-28T01:05:48.475Z	spark2	LOAD	21.427	4.127
2026-09-28T01:05:48.487Z	spark1	LOAD	14.601	7.189
2026-09-28T01:05:48.725Z	spark2	LOAD	21.427	4.127
2026-09-28T01:05:48.737Z	spark1	LOAD	15.950	7.189
2026-09-28T01:05:48.986Z	spark2	LOAD	21.427	4.127
2026-09-28T01:05:48.988Z	spark1	LOAD	18.768	7.189
2026-09-28T01:05:49.237Z	spark2	LOAD	21.427	4.127
2026-09-28T01:05:49.238Z	spark1	LOAD	14.487	7.189
2026-09-28T01:05:49.487Z	spark2	LOAD	21.427	4.127
2026-09-28T01:05:49.506Z	spark1	LOAD	19.275	7.189
2026-09-28T01:05:49.738Z	spark2	LOAD	21.427	4.127
2026-09-28T01:05:49.756Z	spark1	LOAD	16.591	7.189
2026-09-28T01:05:49.999Z	spark2	LOAD	21.427	4.127
2026-09-28T01:05:50.007Z	spark1	LOAD	15.634	7.189
2026-09-28T01:05:50.250Z	spark2	LOAD	21.427	4.127
2026-09-28T01:05:50.257Z	spark1	LOAD	15.779	7.189
2026-09-28T01:05:50.500Z	spark2	LOAD	21.427	4.127
2026-09-28T01:05:50.529Z	spark1	LOAD	15.098	7.193
2026-09-28T01:05:50.751Z	spark2	LOAD	21.427	4.127
2026-09-28T01:05:50.779Z	spark1	LOAD	15.383	7.193
2026-09-28T01:05:51.012Z	spark2	LOAD	21.427	4.127
2026-09-28T01:05:51.029Z	spark1	LOAD	14.995	7.195
2026-09-28T01:05:51.262Z	spark2	LOAD	21.427	4.127
2026-09-28T01:05:51.280Z	spark1	LOAD	14.817	7.195
2026-09-28T01:05:51.513Z	spark2	LOAD	21.427	4.127
2026-09-28T01:05:51.543Z	spark1	LOAD	15.260	7.195
2026-09-28T01:05:51.764Z	spark2	LOAD	21.427	4.127
2026-09-28T01:05:51.793Z	spark1	LOAD	19.350	7.195
2026-09-28T01:05:52.025Z	spark2	LOAD	21.427	4.127
2026-09-28T01:05:52.044Z	spark1	LOAD	14.710	7.195
2026-09-28T01:05:52.275Z	spark2	LOAD	21.427	4.127
2026-09-28T01:05:52.295Z	spark1	LOAD	14.374	7.196
2026-09-28T01:05:52.526Z	spark2	LOAD	21.427	4.127
2026-09-28T01:05:52.558Z	spark1	LOAD	20.151	7.196
2026-09-28T01:05:52.776Z	spark2	LOAD	21.427	4.127
2026-09-28T01:05:52.810Z	spark1	LOAD	14.970	7.196
2026-09-28T01:05:53.041Z	spark2	LOAD	21.427	4.127
2026-09-28T01:05:53.060Z	spark1	LOAD	16.496	7.196
2026-09-28T01:05:53.291Z	spark2	LOAD	21.427	4.127
2026-09-28T01:05:53.311Z	spark1	LOAD	18.777	7.196
2026-09-28T01:05:53.542Z	spark2	LOAD	21.427	4.127
2026-09-28T01:05:53.582Z	spark1	LOAD	14.667	7.196
2026-09-28T01:05:53.793Z	spark2	LOAD	21.427	4.127
2026-09-28T01:05:53.833Z	spark1	LOAD	20.509	7.196
2026-09-28T01:05:54.058Z	spark2	LOAD	21.427	4.127
2026-09-28T01:05:54.084Z	spark1	LOAD	14.941	7.196
2026-09-28T01:05:54.308Z	spark2	LOAD	21.427	4.127
2026-09-28T01:05:54.334Z	spark1	LOAD	16.504	7.196
2026-09-28T01:05:54.559Z	spark2	LOAD	21.427	4.127
2026-09-28T01:05:54.603Z	spark1	LOAD	18.373	7.196
2026-09-28T01:05:54.809Z	spark2	LOAD	21.427	4.127
2026-09-28T01:05:54.855Z	spark1	LOAD	14.643	7.196
2026-09-28T01:05:55.073Z	spark2	LOAD	21.427	4.127
2026-09-28T01:05:55.105Z	spark1	LOAD	21.661	7.196
2026-09-28T01:05:55.323Z	spark2	LOAD	21.427	4.127
2026-09-28T01:05:55.355Z	spark1	LOAD	16.781	7.196
2026-09-28T01:05:55.575Z	spark2	LOAD	21.427	4.127
2026-09-28T01:05:55.625Z	spark1	LOAD	14.557	7.196
2026-09-28T01:05:55.825Z	spark2	LOAD	21.427	4.127
2026-09-28T01:05:55.875Z	spark1	LOAD	21.624	7.196
2026-09-28T01:05:56.088Z	spark2	LOAD	21.427	4.127
2026-09-28T01:05:56.126Z	spark1	LOAD	21.618	7.196
2026-09-28T01:05:56.339Z	spark2	LOAD	21.427	4.127
2026-09-28T01:05:56.376Z	spark1	LOAD	21.612	7.196
2026-09-28T01:05:56.589Z	spark2	LOAD	21.407	4.127
2026-09-28T01:05:56.639Z	spark1	LOAD	21.604	7.196
2026-09-28T01:05:56.841Z	spark2	LOAD	21.416	4.127
2026-09-28T01:05:56.890Z	spark1	LOAD	21.582	7.196
2026-09-28T01:05:57.106Z	spark2	LOAD	21.415	4.127
2026-09-28T01:05:57.141Z	spark1	LOAD	21.572	7.196
2026-09-28T01:05:57.357Z	spark2	LOAD	21.414	4.127
2026-09-28T01:05:57.391Z	spark1	LOAD	19.431	7.196
2026-09-28T01:05:57.608Z	spark2	LOAD	21.414	4.127
2026-09-28T01:05:57.658Z	spark1	LOAD	19.423	7.196
2026-09-28T01:05:57.858Z	spark2	LOAD	21.414	4.127
2026-09-28T01:05:57.908Z	spark1	LOAD	19.417	7.195
2026-09-28T01:05:58.123Z	spark2	LOAD	21.414	4.127
2026-09-28T01:05:58.160Z	spark1	LOAD	19.410	7.195
2026-09-28T01:05:58.374Z	spark2	LOAD	21.414	4.127
2026-09-28T01:05:58.410Z	spark1	LOAD	18.772	7.195
2026-09-28T01:05:58.625Z	spark2	LOAD	21.414	4.127
2026-09-28T01:05:58.673Z	spark1	LOAD	18.731	7.195
2026-09-28T01:05:58.876Z	spark2	LOAD	21.414	4.127
2026-09-28T01:05:58.923Z	spark1	LOAD	18.694	7.195
2026-09-28T01:05:59.140Z	spark2	LOAD	21.415	4.127
2026-09-28T01:05:59.174Z	spark1	LOAD	18.662	7.195
2026-09-28T01:05:59.391Z	spark2	LOAD	21.415	4.127
2026-09-28T01:05:59.424Z	spark1	LOAD	18.616	7.195
2026-09-28T01:05:59.641Z	spark2	LOAD	21.415	4.127
2026-09-28T01:05:59.686Z	spark1	LOAD	18.587	7.195
2026-09-28T01:05:59.892Z	spark2	LOAD	21.415	4.127
2026-09-28T01:05:59.936Z	spark1	LOAD	18.549	7.195
2026-09-28T01:06:00.158Z	spark2	LOAD	21.416	4.127
2026-09-28T01:06:00.187Z	spark1	LOAD	18.511	7.195
2026-09-28T01:06:00.409Z	spark2	LOAD	21.416	4.127
2026-09-28T01:06:00.437Z	spark1	LOAD	18.365	7.195
2026-09-28T01:06:00.660Z	spark2	LOAD	21.416	4.127
2026-09-28T01:06:00.705Z	spark1	LOAD	18.331	7.195
2026-09-28T01:06:00.910Z	spark2	LOAD	21.416	4.127
2026-09-28T01:06:00.955Z	spark1	LOAD	18.268	7.195
2026-09-28T01:06:01.175Z	spark2	LOAD	21.416	4.127
2026-09-28T01:06:01.206Z	spark1	LOAD	18.225	7.195
2026-09-28T01:06:01.426Z	spark2	LOAD	21.416	4.127
2026-09-28T01:06:01.456Z	spark1	LOAD	18.230	7.195
2026-09-28T01:06:01.677Z	spark2	LOAD	21.416	4.127
2026-09-28T01:06:01.724Z	spark1	LOAD	18.140	7.195
2026-09-28T01:06:01.927Z	spark2	LOAD	21.416	4.127
2026-09-28T01:06:01.974Z	spark1	LOAD	18.100	7.195
2026-09-28T01:06:02.193Z	spark2	LOAD	21.416	4.127
2026-09-28T01:06:02.225Z	spark1	LOAD	18.064	7.195
2026-09-28T01:06:02.443Z	spark2	LOAD	21.416	4.127
2026-09-28T01:06:02.475Z	spark1	LOAD	18.054	7.195
2026-09-28T01:06:02.694Z	spark2	LOAD	21.416	4.127
2026-09-28T01:06:02.738Z	spark1	LOAD	17.989	7.195
2026-09-28T01:06:02.945Z	spark2	LOAD	21.416	4.127
2026-09-28T01:06:02.988Z	spark1	LOAD	17.951	7.195
2026-09-28T01:06:03.210Z	spark2	LOAD	21.416	4.127
2026-09-28T01:06:03.239Z	spark1	LOAD	17.913	7.195
2026-09-28T01:06:03.461Z	spark2	LOAD	21.416	4.127
2026-09-28T01:06:03.489Z	spark1	LOAD	17.872	7.195
2026-09-28T01:06:03.712Z	spark2	LOAD	21.416	4.127
2026-09-28T01:06:03.756Z	spark1	LOAD	17.733	7.195
2026-09-28T01:06:03.963Z	spark2	LOAD	21.416	4.127
2026-09-28T01:06:04.007Z	spark1	LOAD	18.737	7.195
2026-09-28T01:06:04.228Z	spark2	LOAD	21.417	4.127
2026-09-28T01:06:04.258Z	spark1	LOAD	17.244	7.195
2026-09-28T01:06:04.478Z	spark2	LOAD	21.417	4.127
2026-09-28T01:06:04.509Z	spark1	LOAD	16.582	7.195
2026-09-28T01:06:04.728Z	spark2	LOAD	21.417	4.127
2026-09-28T01:06:04.787Z	spark1	LOAD	16.683	7.195
2026-09-28T01:06:04.978Z	spark2	LOAD	21.417	4.127
2026-09-28T01:06:05.037Z	spark1	LOAD	15.770	7.195
2026-09-28T01:06:05.243Z	spark2	LOAD	21.417	4.127
2026-09-28T01:06:05.288Z	spark1	LOAD	15.772	7.195
2026-09-28T01:06:05.494Z	spark2	LOAD	21.417	4.127
2026-09-28T01:06:05.538Z	spark1	LOAD	15.444	7.195
2026-09-28T01:06:05.744Z	spark2	LOAD	21.417	4.127
2026-09-28T01:06:05.806Z	spark1	LOAD	15.400	7.195
2026-09-28T01:06:05.996Z	spark2	LOAD	21.417	4.127
2026-09-28T01:06:06.056Z	spark1	LOAD	15.350	7.195
2026-09-28T01:06:06.261Z	spark2	LOAD	21.417	4.127
2026-09-28T01:06:06.307Z	spark1	LOAD	15.327	7.195
2026-09-28T01:06:06.512Z	spark2	LOAD	21.417	4.127
2026-09-28T01:06:06.557Z	spark1	LOAD	15.325	7.195
2026-09-28T01:06:06.762Z	spark2	LOAD	21.418	4.127
2026-09-28T01:06:06.824Z	spark1	LOAD	15.282	7.195
2026-09-28T01:06:07.012Z	spark2	LOAD	21.419	4.127
2026-09-28T01:06:07.074Z	spark1	LOAD	14.964	7.195
2026-09-28T01:06:07.276Z	spark2	LOAD	21.418	4.127
2026-09-28T01:06:07.324Z	spark1	LOAD	14.935	7.195
2026-09-28T01:06:07.526Z	spark2	LOAD	21.415	4.127
2026-09-28T01:06:07.575Z	spark1	LOAD	14.681	7.195
2026-09-28T01:06:07.776Z	spark2	LOAD	21.426	4.126
2026-09-28T01:06:07.847Z	spark1	LOAD	14.250	7.195
2026-09-28T01:06:08.028Z	spark2	LOAD	21.426	4.126
2026-09-28T01:06:08.098Z	spark1	LOAD	19.934	7.195
2026-09-28T01:06:08.292Z	spark2	LOAD	21.425	4.126
2026-09-28T01:06:08.348Z	spark1	LOAD	19.882	7.195
2026-09-28T01:06:08.543Z	spark2	LOAD	21.425	4.126
2026-09-28T01:06:08.598Z	spark1	LOAD	19.819	7.195
2026-09-28T01:06:08.794Z	spark2	LOAD	21.425	4.126
2026-09-28T01:06:08.862Z	spark1	LOAD	19.745	7.195
2026-09-28T01:06:09.044Z	spark2	LOAD	21.425	4.126
2026-09-28T01:06:09.113Z	spark1	LOAD	19.718	7.195
2026-09-28T01:06:09.309Z	spark2	LOAD	21.425	4.126
2026-09-28T01:06:09.363Z	spark1	LOAD	19.716	7.195
2026-09-28T01:06:09.560Z	spark2	LOAD	21.425	4.126
2026-09-28T01:06:09.614Z	spark1	LOAD	19.690	7.195
2026-09-28T01:06:09.811Z	spark2	LOAD	21.425	4.126
2026-09-28T01:06:09.876Z	spark1	LOAD	19.673	7.195
2026-09-28T01:06:10.061Z	spark2	LOAD	21.425	4.126
2026-09-28T01:06:10.126Z	spark1	LOAD	19.674	7.195
2026-09-28T01:06:10.326Z	spark2	LOAD	21.425	4.126
2026-09-28T01:06:10.377Z	spark1	LOAD	19.677	7.195
2026-09-28T01:06:10.577Z	spark2	LOAD	21.425	4.126
2026-09-28T01:06:10.627Z	spark1	LOAD	19.672	7.195
2026-09-28T01:06:10.828Z	spark2	LOAD	21.425	4.126
2026-09-28T01:06:10.894Z	spark1	LOAD	19.648	7.195
2026-09-28T01:06:11.078Z	spark2	LOAD	21.425	4.126
2026-09-28T01:06:11.144Z	spark1	LOAD	19.642	7.195
2026-09-28T01:06:11.343Z	spark2	LOAD	21.425	4.126
2026-09-28T01:06:11.395Z	spark1	LOAD	19.638	7.195
2026-09-28T01:06:11.593Z	spark2	LOAD	21.425	4.126
2026-09-28T01:06:11.645Z	spark1	LOAD	19.610	7.195
2026-09-28T01:06:11.844Z	spark2	LOAD	21.425	4.126
2026-09-28T01:06:11.907Z	spark1	LOAD	19.595	7.195
2026-09-28T01:06:12.095Z	spark2	LOAD	21.425	4.126
2026-09-28T01:06:12.157Z	spark1	LOAD	19.561	7.195
2026-09-28T01:06:12.360Z	spark2	LOAD	21.425	4.126
2026-09-28T01:06:12.408Z	spark1	LOAD	19.462	7.195
2026-09-28T01:06:12.611Z	spark2	LOAD	21.425	4.126
2026-09-28T01:06:12.658Z	spark1	LOAD	19.739	7.195
2026-09-28T01:06:12.861Z	spark2	LOAD	21.425	4.126
2026-09-28T01:06:12.919Z	spark1	LOAD	19.732	7.195
2026-09-28T01:06:13.112Z	spark2	LOAD	21.425	4.126
2026-09-28T01:06:13.170Z	spark1	LOAD	19.690	7.195
2026-09-28T01:06:13.377Z	spark2	LOAD	21.425	4.126
2026-09-28T01:06:13.420Z	spark1	LOAD	19.675	7.195
2026-09-28T01:06:13.628Z	spark2	LOAD	21.425	4.126
2026-09-28T01:06:13.670Z	spark1	LOAD	19.659	7.195
2026-09-28T01:06:13.878Z	spark2	LOAD	21.425	4.126
2026-09-28T01:06:13.938Z	spark1	LOAD	19.651	7.195
2026-09-28T01:06:14.129Z	spark2	LOAD	21.425	4.126
2026-09-28T01:06:14.189Z	spark1	LOAD	19.644	7.195
2026-09-28T01:06:14.394Z	spark2	LOAD	21.425	4.126
2026-09-28T01:06:14.439Z	spark1	LOAD	19.628	7.195
2026-09-28T01:06:14.644Z	spark2	LOAD	21.425	4.126
2026-09-28T01:06:14.690Z	spark1	LOAD	19.617	7.195
2026-09-28T01:06:14.895Z	spark2	LOAD	21.425	4.126
2026-09-28T01:06:14.953Z	spark1	LOAD	19.615	7.195
2026-09-28T01:06:15.145Z	spark2	LOAD	21.425	4.126
2026-09-28T01:06:15.203Z	spark1	LOAD	19.588	7.195
2026-09-28T01:06:15.410Z	spark2	LOAD	21.425	4.126
2026-09-28T01:06:15.453Z	spark1	LOAD	19.574	7.195
2026-09-28T01:06:15.661Z	spark2	LOAD	21.425	4.126
2026-09-28T01:06:15.704Z	spark1	LOAD	19.566	7.195
2026-09-28T01:06:15.911Z	spark2	LOAD	21.425	4.126
2026-09-28T01:06:15.967Z	spark1	LOAD	19.558	7.195
2026-09-28T01:06:16.162Z	spark2	LOAD	21.425	4.126
2026-09-28T01:06:16.218Z	spark1	LOAD	19.548	7.195
2026-09-28T01:06:16.427Z	spark2	LOAD	21.425	4.126
2026-09-28T01:06:16.468Z	spark1	LOAD	19.537	7.195
2026-09-28T01:06:16.677Z	spark2	LOAD	21.425	4.126
2026-09-28T01:06:16.719Z	spark1	LOAD	19.526	7.195
2026-09-28T01:06:16.928Z	spark2	LOAD	21.425	4.126
2026-09-28T01:06:16.981Z	spark1	LOAD	19.513	7.195
2026-09-28T01:06:17.178Z	spark2	LOAD	21.425	4.126
2026-09-28T01:06:17.232Z	spark1	LOAD	19.494	7.195
2026-09-28T01:06:17.444Z	spark2	LOAD	21.425	4.126
2026-09-28T01:06:17.482Z	spark1	LOAD	19.484	7.195
2026-09-28T01:06:17.694Z	spark2	LOAD	21.425	4.126
2026-09-28T01:06:17.733Z	spark1	LOAD	19.480	7.195
2026-09-28T01:06:17.945Z	spark2	LOAD	21.425	4.126
2026-09-28T01:06:17.995Z	spark1	LOAD	19.449	7.195
2026-09-28T01:06:18.195Z	spark2	LOAD	21.425	4.126
2026-09-28T01:06:18.246Z	spark1	LOAD	20.651	7.195
2026-09-28T01:06:18.455Z	spark2	PROFILE	21.424	4.126
2026-09-28T01:06:18.496Z	spark1	PROFILE	20.647	7.194
2026-09-28T01:06:18.705Z	spark2	PROFILE	21.397	4.126
2026-09-28T01:06:18.746Z	spark1	PROFILE	20.638	7.194
2026-09-28T01:06:18.956Z	spark2	PROFILE	21.408	4.126
2026-09-28T01:06:19.008Z	spark1	PROFILE	20.611	7.194
2026-09-28T01:06:19.207Z	spark2	PROFILE	21.318	4.126
2026-09-28T01:06:19.258Z	spark1	PROFILE	20.439	7.194
2026-09-28T01:06:19.473Z	spark2	PROFILE	21.113	4.126
2026-09-28T01:06:19.509Z	spark1	PROFILE	20.206	7.194
2026-09-28T01:06:19.724Z	spark2	PROFILE	21.105	4.126
2026-09-28T01:06:19.759Z	spark1	PROFILE	20.151	7.194
2026-09-28T01:06:19.974Z	spark2	PROFILE	21.074	4.126
2026-09-28T01:06:20.027Z	spark1	PROFILE	20.083	7.194
2026-09-28T01:06:20.224Z	spark2	PROFILE	21.074	4.126
2026-09-28T01:06:20.278Z	spark1	PROFILE	20.020	7.194
2026-09-28T01:06:20.487Z	spark2	PROFILE	18.858	4.126
2026-09-28T01:06:20.528Z	spark1	PROFILE	17.996	7.194
2026-09-28T01:06:20.736Z	spark2	PROFILE	18.017	4.126
2026-09-28T01:06:20.779Z	spark1	PROFILE	17.729	7.194
2026-09-28T01:06:20.986Z	spark2	PROFILE	18.016	4.126
2026-09-28T01:06:21.048Z	spark1	PROFILE	17.673	7.195
2026-09-28T01:06:21.237Z	spark2	PROFILE	17.653	4.126
2026-09-28T01:06:21.300Z	spark1	PROFILE	17.625	7.196
2026-09-28T01:06:21.528Z	spark2	PROFILE	17.015	4.126
2026-09-28T01:06:21.550Z	spark1	PROFILE	17.281	7.197
2026-09-28T01:06:21.780Z	spark2	PROFILE	16.994	4.126
2026-09-28T01:06:21.800Z	spark1	PROFILE	17.209	7.197
2026-09-28T01:06:22.030Z	spark2	PROFILE	16.900	4.126
2026-09-28T01:06:22.068Z	spark1	PROFILE	17.199	7.197
2026-09-28T01:06:22.281Z	spark2	PROFILE	15.603	4.126
2026-09-28T01:06:22.319Z	spark1	PROFILE	16.328	7.197
2026-09-28T01:06:22.547Z	spark2	PROFILE	15.604	4.126
2026-09-28T01:06:22.569Z	spark1	PROFILE	16.023	7.197
2026-09-28T01:06:22.797Z	spark2	PROFILE	15.604	4.126
2026-09-28T01:06:22.820Z	spark1	PROFILE	16.152	7.197
2026-09-28T01:06:23.048Z	spark2	PROFILE	15.604	4.126
2026-09-28T01:06:23.087Z	spark1	PROFILE	14.855	7.197
2026-09-28T01:06:23.298Z	spark2	PROFILE	15.602	4.126
2026-09-28T01:06:23.337Z	spark1	PROFILE	14.476	7.197
2026-09-28T01:06:23.559Z	spark2	PROFILE	15.063	4.126
2026-09-28T01:06:23.587Z	spark1	PROFILE	14.286	7.197
2026-09-28T01:06:23.809Z	spark2	PROFILE	15.060	4.126
2026-09-28T01:06:23.838Z	spark1	PROFILE	14.257	7.197
2026-09-28T01:06:24.059Z	spark2	PROFILE	14.984	4.126
2026-09-28T01:06:24.100Z	spark1	PROFILE	14.252	7.197
2026-09-28T01:06:24.310Z	spark2	PROFILE	14.983	4.126
2026-09-28T01:06:24.350Z	spark1	PROFILE	13.507	7.197
2026-09-28T01:06:24.570Z	spark2	PROFILE	14.978	4.126
2026-09-28T01:06:24.601Z	spark1	PROFILE	13.454	7.197
2026-09-28T01:06:24.821Z	spark2	PROFILE	14.977	4.126
2026-09-28T01:06:24.851Z	spark1	PROFILE	13.374	7.197
2026-09-28T01:06:25.071Z	spark2	PROFILE	14.976	4.126
2026-09-28T01:06:25.118Z	spark1	PROFILE	13.334	7.197
2026-09-28T01:06:25.321Z	spark2	PROFILE	14.976	4.126
2026-09-28T01:06:25.368Z	spark1	PROFILE	13.280	7.197
2026-09-28T01:06:25.582Z	spark2	PROFILE	14.969	4.126
2026-09-28T01:06:25.619Z	spark1	PROFILE	13.254	7.197
2026-09-28T01:06:25.833Z	spark2	PROFILE	14.965	4.126
2026-09-28T01:06:25.869Z	spark1	PROFILE	13.200	7.197
2026-09-28T01:06:26.083Z	spark2	PROFILE	14.965	4.126
2026-09-28T01:06:26.132Z	spark1	PROFILE	13.171	7.197
2026-09-28T01:06:26.334Z	spark2	PROFILE	14.962	4.126
2026-09-28T01:06:26.383Z	spark1	PROFILE	13.123	7.197
2026-09-28T01:06:26.600Z	spark2	PROFILE	14.959	4.126
2026-09-28T01:06:26.633Z	spark1	PROFILE	13.116	7.197
2026-09-28T01:06:26.850Z	spark2	PROFILE	14.951	4.126
2026-09-28T01:06:26.884Z	spark1	PROFILE	13.067	7.197
2026-09-28T01:06:27.101Z	spark2	PROFILE	14.951	4.126
2026-09-28T01:06:27.146Z	spark1	PROFILE	13.058	7.197
2026-09-28T01:06:27.352Z	spark2	PROFILE	14.948	4.126
2026-09-28T01:06:27.396Z	spark1	PROFILE	12.997	7.197
2026-09-28T01:06:27.612Z	spark2	PROFILE	14.948	4.126
2026-09-28T01:06:27.647Z	spark1	PROFILE	12.945	7.197
2026-09-28T01:06:27.863Z	spark2	PROFILE	14.933	4.126
2026-09-28T01:06:27.897Z	spark1	PROFILE	12.909	7.197
2026-09-28T01:06:28.113Z	spark2	PROFILE	14.932	4.126
2026-09-28T01:06:28.159Z	spark1	PROFILE	12.894	7.197
2026-09-28T01:06:28.364Z	spark2	PROFILE	14.932	4.126
2026-09-28T01:06:28.410Z	spark1	PROFILE	12.848	7.190
2026-09-28T01:06:28.625Z	spark2	PROFILE	14.932	4.126
2026-09-28T01:06:28.660Z	spark1	PROFILE	12.830	7.190
2026-09-28T01:06:28.876Z	spark2	PROFILE	14.932	4.126
2026-09-28T01:06:28.910Z	spark1	PROFILE	12.778	7.190
2026-09-28T01:06:29.126Z	spark2	PROFILE	14.922	4.126
2026-09-28T01:06:29.179Z	spark1	PROFILE	12.780	7.189
2026-09-28T01:06:29.376Z	spark2	PROFILE	14.890	4.126
2026-09-28T01:06:29.429Z	spark1	PROFILE	12.737	7.189
2026-09-28T01:06:29.641Z	spark2	PROFILE	14.904	4.126
2026-09-28T01:06:29.679Z	spark1	PROFILE	12.686	7.189
2026-09-28T01:06:29.892Z	spark2	PROFILE	14.924	4.126
2026-09-28T01:06:29.930Z	spark1	PROFILE	12.577	7.189
2026-09-28T01:06:30.143Z	spark2	PROFILE	14.924	4.126
2026-09-28T01:06:30.207Z	spark1	PROFILE	12.473	7.189
2026-09-28T01:06:30.394Z	spark2	PROFILE	14.922	4.126
2026-09-28T01:06:30.458Z	spark1	PROFILE	12.386	7.189
2026-09-28T01:06:30.655Z	spark2	PROFILE	14.909	4.126
2026-09-28T01:06:30.708Z	spark1	PROFILE	12.353	7.189
2026-09-28T01:06:30.906Z	spark2	PROFILE	14.909	4.126
2026-09-28T01:06:30.959Z	spark1	PROFILE	12.309	7.189
2026-09-28T01:06:31.157Z	spark2	PROFILE	14.909	4.126
2026-09-28T01:06:31.227Z	spark1	PROFILE	12.301	7.189
2026-09-28T01:06:31.408Z	spark2	PROFILE	13.902	4.126
2026-09-28T01:06:31.477Z	spark1	PROFILE	12.299	7.189
2026-09-28T01:06:31.668Z	spark2	PROFILE	13.069	4.125
2026-09-28T01:06:31.727Z	spark1	PROFILE	12.886	7.189
2026-09-28T01:06:31.977Z	spark1	PROFILE	12.623	6.906
2026-09-28T01:06:32.247Z	spark1	PROFILE	16.666	4.825
2026-09-28T01:06:32.497Z	spark1	PROFILE	17.148	4.041
2026-09-28T01:06:32.748Z	spark1	PROFILE	17.176	4.041
2026-09-28T01:06:32.999Z	spark1	PROFILE	17.208	4.041
2026-09-28T01:06:33.261Z	spark1	PROFILE	17.239	4.009
2026-09-28T01:06:33.512Z	spark1	PROFILE	17.257	3.977
2026-09-28T01:06:33.763Z	spark1	PROFILE	17.318	3.977
2026-09-28T01:06:34.013Z	spark1	PROFILE	17.408	3.977
2026-09-28T01:06:34.276Z	spark1	PROFILE	17.499	3.977
2026-09-28T01:06:34.526Z	spark1	PROFILE	19.700	3.977
2026-09-28T01:06:34.777Z	spark1	PROFILE	36.235	3.977
2026-09-28T01:06:35.028Z	spark1	PROFILE	87.038	3.977
2026-09-28T01:06:35.290Z	spark1	PROFILE	116.418	3.973
2026-09-28T01:06:35.541Z	spark1	PROFILE	116.409	3.965
2026-09-28T01:06:35.791Z	spark1	PROFILE	116.401	3.965
2026-09-28T01:06:36.042Z	spark1	PROFILE	116.406	3.965
2026-09-28T01:06:36.307Z	spark1	PROFILE	116.405	3.965
2026-09-28T01:06:36.558Z	spark1	PROFILE	116.405	3.965
2026-09-28T01:06:36.719Z	spark2	PROFILE	13.123	3.021
2026-09-28T01:06:36.719Z	spark2	PROFILE	17.125	2.565
2026-09-28T01:06:36.719Z	spark2	PROFILE	17.500	1.784
2026-09-28T01:06:36.719Z	spark2	PROFILE	17.532	1.784
2026-09-28T01:06:36.719Z	spark2	PROFILE	17.564	1.784
2026-09-28T01:06:36.719Z	spark2	PROFILE	17.582	1.752
2026-09-28T01:06:36.719Z	spark2	PROFILE	17.596	1.720
2026-09-28T01:06:36.719Z	spark2	PROFILE	17.683	1.720
2026-09-28T01:06:36.719Z	spark2	PROFILE	17.768	1.720
2026-09-28T01:06:36.719Z	spark2	PROFILE	17.852	1.720
2026-09-28T01:06:36.719Z	spark2	PROFILE	18.739	1.720
2026-09-28T01:06:36.719Z	spark2	PROFILE	37.032	1.720
2026-09-28T01:06:36.719Z	spark2	PROFILE	90.503	1.720
2026-09-28T01:06:36.719Z	spark2	PROFILE	117.454	1.716
2026-09-28T01:06:36.719Z	spark2	PROFILE	117.469	1.716
2026-09-28T01:06:36.719Z	spark2	PROFILE	117.467	1.716
2026-09-28T01:06:36.719Z	spark2	PROFILE	117.467	1.716
2026-09-28T01:06:36.719Z	spark2	PROFILE	117.453	1.715
2026-09-28T01:06:36.719Z	spark2	PROFILE	117.455	1.715
