ts	node	phase	memavail_gib	swap_used_gib
2026-09-28T04:57:26.582Z	spark1	LOAD	116.619	4.021
2026-09-28T04:57:26.790Z	spark2	LOAD	116.625	1.704
2026-09-28T04:57:26.848Z	spark1	LOAD	116.618	4.021
2026-09-28T04:57:27.051Z	spark2	LOAD	116.640	1.704
2026-09-28T04:57:27.099Z	spark1	LOAD	116.618	4.021
2026-09-28T04:57:27.301Z	spark2	LOAD	116.647	1.704
2026-09-28T04:57:27.350Z	spark1	LOAD	116.618	4.021
2026-09-28T04:57:27.552Z	spark2	LOAD	116.649	1.704
2026-09-28T04:57:27.601Z	spark1	LOAD	116.617	4.021
2026-09-28T04:57:27.802Z	spark2	LOAD	116.650	1.704
2026-09-28T04:57:27.869Z	spark1	LOAD	116.617	4.021
2026-09-28T04:57:28.061Z	spark2	LOAD	116.635	1.704
2026-09-28T04:57:28.119Z	spark1	LOAD	116.617	4.021
2026-09-28T04:57:28.312Z	spark2	LOAD	116.626	1.704
2026-09-28T04:57:28.370Z	spark1	LOAD	116.617	4.021
2026-09-28T04:57:28.562Z	spark2	LOAD	116.632	1.703
2026-09-28T04:57:28.620Z	spark1	LOAD	116.630	4.021
2026-09-28T04:57:28.812Z	spark2	LOAD	116.524	1.703
2026-09-28T04:57:28.886Z	spark1	LOAD	116.635	4.021
2026-09-28T04:57:29.073Z	spark2	LOAD	116.504	1.703
2026-09-28T04:57:29.137Z	spark1	LOAD	116.635	4.021
2026-09-28T04:57:29.323Z	spark2	LOAD	116.439	1.703
2026-09-28T04:57:29.387Z	spark1	LOAD	116.635	4.021
2026-09-28T04:57:29.574Z	spark2	LOAD	116.408	1.703
2026-09-28T04:57:29.638Z	spark1	LOAD	116.633	4.021
2026-09-28T04:57:29.824Z	spark2	LOAD	116.375	1.703
2026-09-28T04:57:29.904Z	spark1	LOAD	116.634	4.021
2026-09-28T04:57:30.088Z	spark2	LOAD	116.337	1.703
2026-09-28T04:57:30.155Z	spark1	LOAD	116.634	4.021
2026-09-28T04:57:30.339Z	spark2	LOAD	116.326	1.703
2026-09-28T04:57:30.406Z	spark1	LOAD	116.634	4.021
2026-09-28T04:57:30.590Z	spark2	LOAD	116.325	1.703
2026-09-28T04:57:30.655Z	spark1	LOAD	116.615	4.021
2026-09-28T04:57:30.839Z	spark2	LOAD	116.322	1.703
2026-09-28T04:57:30.921Z	spark1	LOAD	116.618	4.021
2026-09-28T04:57:31.099Z	spark2	LOAD	116.301	1.703
2026-09-28T04:57:31.172Z	spark1	LOAD	116.616	4.021
2026-09-28T04:57:31.350Z	spark2	LOAD	116.279	1.703
2026-09-28T04:57:31.423Z	spark1	LOAD	116.617	4.021
2026-09-28T04:57:31.601Z	spark2	LOAD	116.274	1.703
2026-09-28T04:57:31.673Z	spark1	LOAD	116.599	4.021
2026-09-28T04:57:31.851Z	spark2	LOAD	116.268	1.703
2026-09-28T04:57:31.940Z	spark1	LOAD	116.602	4.021
2026-09-28T04:57:32.113Z	spark2	LOAD	116.256	1.703
2026-09-28T04:57:32.190Z	spark1	LOAD	116.602	4.021
2026-09-28T04:57:32.363Z	spark2	LOAD	116.251	1.703
2026-09-28T04:57:32.441Z	spark1	LOAD	116.602	4.021
2026-09-28T04:57:32.613Z	spark2	LOAD	116.243	1.703
2026-09-28T04:57:32.691Z	spark1	LOAD	116.584	4.021
2026-09-28T04:57:32.864Z	spark2	LOAD	116.224	1.703
2026-09-28T04:57:32.953Z	spark1	LOAD	116.601	4.021
2026-09-28T04:57:33.125Z	spark2	LOAD	116.211	1.703
2026-09-28T04:57:33.203Z	spark1	LOAD	116.601	4.021
2026-09-28T04:57:33.375Z	spark2	LOAD	116.211	1.703
2026-09-28T04:57:33.454Z	spark1	LOAD	116.601	4.021
2026-09-28T04:57:33.627Z	spark2	LOAD	116.210	1.703
2026-09-28T04:57:33.705Z	spark1	LOAD	116.601	4.021
2026-09-28T04:57:33.877Z	spark2	LOAD	116.202	1.703
2026-09-28T04:57:33.968Z	spark1	LOAD	116.604	4.021
2026-09-28T04:57:34.138Z	spark2	LOAD	116.201	1.703
2026-09-28T04:57:34.219Z	spark1	LOAD	116.604	4.021
2026-09-28T04:57:34.389Z	spark2	LOAD	116.185	1.703
2026-09-28T04:57:34.469Z	spark1	LOAD	116.604	4.021
2026-09-28T04:57:34.638Z	spark2	LOAD	116.185	1.703
2026-09-28T04:57:34.720Z	spark1	LOAD	116.607	4.021
2026-09-28T04:57:34.890Z	spark2	LOAD	116.184	1.703
2026-09-28T04:57:34.983Z	spark1	LOAD	116.609	4.021
2026-09-28T04:57:35.151Z	spark2	LOAD	116.189	1.703
2026-09-28T04:57:35.234Z	spark1	LOAD	116.609	4.021
2026-09-28T04:57:35.402Z	spark2	LOAD	116.185	1.703
2026-09-28T04:57:35.484Z	spark1	LOAD	116.610	4.021
2026-09-28T04:57:35.653Z	spark2	LOAD	116.174	1.703
2026-09-28T04:57:35.735Z	spark1	LOAD	116.610	4.021
2026-09-28T04:57:35.904Z	spark2	LOAD	116.172	1.703
2026-09-28T04:57:35.997Z	spark1	LOAD	116.612	4.021
2026-09-28T04:57:36.168Z	spark2	LOAD	116.167	1.703
2026-09-28T04:57:36.247Z	spark1	LOAD	116.612	4.021
2026-09-28T04:57:36.419Z	spark2	LOAD	116.168	1.703
2026-09-28T04:57:36.498Z	spark1	LOAD	116.612	4.021
2026-09-28T04:57:36.669Z	spark2	LOAD	116.167	1.703
2026-09-28T04:57:36.749Z	spark1	LOAD	116.609	4.021
2026-09-28T04:57:36.921Z	spark2	LOAD	116.151	1.703
2026-09-28T04:57:37.012Z	spark1	LOAD	116.607	4.021
2026-09-28T04:57:37.185Z	spark2	LOAD	116.147	1.703
2026-09-28T04:57:37.263Z	spark1	LOAD	116.607	4.021
2026-09-28T04:57:37.437Z	spark2	LOAD	116.137	1.703
2026-09-28T04:57:37.514Z	spark1	LOAD	116.607	4.021
2026-09-28T04:57:37.687Z	spark2	LOAD	116.137	1.703
2026-09-28T04:57:37.764Z	spark1	LOAD	116.607	4.021
2026-09-28T04:57:37.939Z	spark2	LOAD	116.137	1.703
2026-09-28T04:57:38.032Z	spark1	LOAD	116.610	4.021
2026-09-28T04:57:38.204Z	spark2	LOAD	116.133	1.703
2026-09-28T04:57:38.282Z	spark1	LOAD	116.610	4.021
2026-09-28T04:57:38.455Z	spark2	LOAD	116.127	1.703
2026-09-28T04:57:38.532Z	spark1	LOAD	116.610	4.021
2026-09-28T04:57:38.705Z	spark2	LOAD	116.122	1.703
2026-09-28T04:57:38.783Z	spark1	LOAD	116.617	4.021
2026-09-28T04:57:38.957Z	spark2	LOAD	116.110	1.703
2026-09-28T04:57:39.045Z	spark1	LOAD	116.609	4.021
2026-09-28T04:57:39.217Z	spark2	LOAD	116.104	1.703
2026-09-28T04:57:39.296Z	spark1	LOAD	116.609	4.021
2026-09-28T04:57:39.467Z	spark2	LOAD	116.103	1.703
2026-09-28T04:57:39.547Z	spark1	LOAD	116.607	4.021
2026-09-28T04:57:39.718Z	spark2	LOAD	116.097	1.703
2026-09-28T04:57:39.798Z	spark1	LOAD	116.607	4.021
2026-09-28T04:57:39.969Z	spark2	LOAD	116.085	1.703
2026-09-28T04:57:40.061Z	spark1	LOAD	116.613	4.021
2026-09-28T04:57:40.234Z	spark2	LOAD	116.080	1.703
2026-09-28T04:57:40.311Z	spark1	LOAD	116.613	4.021
2026-09-28T04:57:40.486Z	spark2	LOAD	116.075	1.703
2026-09-28T04:57:40.562Z	spark1	LOAD	116.613	4.021
2026-09-28T04:57:40.736Z	spark2	LOAD	116.067	1.703
2026-09-28T04:57:40.813Z	spark1	LOAD	116.608	4.021
2026-09-28T04:57:40.986Z	spark2	LOAD	116.062	1.703
2026-09-28T04:57:41.076Z	spark1	LOAD	116.617	4.021
2026-09-28T04:57:41.252Z	spark2	LOAD	116.066	1.703
2026-09-28T04:57:41.327Z	spark1	LOAD	116.617	4.021
2026-09-28T04:57:41.502Z	spark2	LOAD	116.060	1.703
2026-09-28T04:57:41.577Z	spark1	LOAD	116.617	4.021
2026-09-28T04:57:41.751Z	spark2	LOAD	116.055	1.703
2026-09-28T04:57:41.827Z	spark1	LOAD	116.623	4.021
2026-09-28T04:57:42.002Z	spark2	LOAD	116.051	1.703
2026-09-28T04:57:42.094Z	spark1	LOAD	116.626	4.021
2026-09-28T04:57:42.267Z	spark2	LOAD	116.018	1.703
2026-09-28T04:57:42.344Z	spark1	LOAD	116.626	4.021
2026-09-28T04:57:42.518Z	spark2	LOAD	116.046	1.703
2026-09-28T04:57:42.595Z	spark1	LOAD	116.610	4.021
2026-09-28T04:57:42.769Z	spark2	LOAD	116.041	1.703
2026-09-28T04:57:42.845Z	spark1	LOAD	116.612	4.021
2026-09-28T04:57:43.019Z	spark2	LOAD	116.042	1.703
2026-09-28T04:57:43.113Z	spark1	LOAD	116.621	4.021
2026-09-28T04:57:43.284Z	spark2	LOAD	115.865	1.703
2026-09-28T04:57:43.363Z	spark1	LOAD	116.622	4.021
2026-09-28T04:57:43.535Z	spark2	LOAD	115.786	1.703
2026-09-28T04:57:43.614Z	spark1	LOAD	116.622	4.021
2026-09-28T04:57:43.786Z	spark2	LOAD	115.741	1.703
2026-09-28T04:57:43.864Z	spark1	LOAD	116.622	4.021
2026-09-28T04:57:44.036Z	spark2	LOAD	115.708	1.703
2026-09-28T04:57:44.127Z	spark1	LOAD	116.624	4.021
2026-09-28T04:57:44.298Z	spark2	LOAD	115.683	1.703
2026-09-28T04:57:44.378Z	spark1	LOAD	116.624	4.021
2026-09-28T04:57:44.548Z	spark2	LOAD	115.652	1.703
2026-09-28T04:57:44.628Z	spark1	LOAD	116.629	4.021
2026-09-28T04:57:44.799Z	spark2	LOAD	115.628	1.703
2026-09-28T04:57:44.879Z	spark1	LOAD	116.639	4.021
2026-09-28T04:57:45.049Z	spark2	LOAD	115.614	1.703
2026-09-28T04:57:45.145Z	spark1	LOAD	116.628	4.021
2026-09-28T04:57:45.315Z	spark2	LOAD	115.611	1.703
2026-09-28T04:57:45.395Z	spark1	LOAD	116.628	4.021
2026-09-28T04:57:45.566Z	spark2	LOAD	115.595	1.703
2026-09-28T04:57:45.645Z	spark1	LOAD	116.628	4.021
2026-09-28T04:57:45.816Z	spark2	LOAD	115.552	1.703
2026-09-28T04:57:45.896Z	spark1	LOAD	116.628	4.021
2026-09-28T04:57:46.067Z	spark2	LOAD	115.539	1.703
2026-09-28T04:57:46.159Z	spark1	LOAD	116.630	4.021
2026-09-28T04:57:46.331Z	spark2	LOAD	115.517	1.703
2026-09-28T04:57:46.409Z	spark1	LOAD	116.630	4.021
2026-09-28T04:57:46.582Z	spark2	LOAD	115.510	1.703
2026-09-28T04:57:46.660Z	spark1	LOAD	116.630	4.021
2026-09-28T04:57:46.833Z	spark2	LOAD	115.511	1.703
2026-09-28T04:57:46.911Z	spark1	LOAD	116.639	4.021
2026-09-28T04:57:47.083Z	spark2	LOAD	115.510	1.703
2026-09-28T04:57:47.174Z	spark1	LOAD	116.637	4.021
2026-09-28T04:57:47.348Z	spark2	LOAD	115.510	1.703
2026-09-28T04:57:47.424Z	spark1	LOAD	116.636	4.021
2026-09-28T04:57:47.599Z	spark2	LOAD	115.489	1.703
2026-09-28T04:57:47.675Z	spark1	LOAD	116.636	4.021
2026-09-28T04:57:47.849Z	spark2	LOAD	115.478	1.703
2026-09-28T04:57:47.926Z	spark1	LOAD	116.637	4.021
2026-09-28T04:57:48.101Z	spark2	LOAD	115.463	1.703
2026-09-28T04:57:48.192Z	spark1	LOAD	116.636	4.021
2026-09-28T04:57:48.365Z	spark2	LOAD	115.436	1.703
2026-09-28T04:57:48.443Z	spark1	LOAD	116.636	4.021
2026-09-28T04:57:48.616Z	spark2	LOAD	115.400	1.703
2026-09-28T04:57:48.694Z	spark1	LOAD	116.654	4.021
2026-09-28T04:57:48.866Z	spark2	LOAD	115.394	1.703
2026-09-28T04:57:48.945Z	spark1	LOAD	116.662	4.021
2026-09-28T04:57:49.116Z	spark2	LOAD	115.366	1.703
2026-09-28T04:57:49.206Z	spark1	LOAD	116.691	4.021
2026-09-28T04:57:49.377Z	spark2	LOAD	115.367	1.703
2026-09-28T04:57:49.457Z	spark1	LOAD	116.693	4.021
2026-09-28T04:57:49.627Z	spark2	LOAD	115.368	1.703
2026-09-28T04:57:49.707Z	spark1	LOAD	116.692	4.021
2026-09-28T04:57:49.878Z	spark2	LOAD	115.367	1.703
2026-09-28T04:57:49.958Z	spark1	LOAD	116.692	4.021
2026-09-28T04:57:50.128Z	spark2	LOAD	115.361	1.703
2026-09-28T04:57:50.220Z	spark1	LOAD	116.692	4.021
2026-09-28T04:57:50.393Z	spark2	LOAD	115.360	1.703
2026-09-28T04:57:50.471Z	spark1	LOAD	116.692	4.021
2026-09-28T04:57:50.644Z	spark2	LOAD	115.359	1.703
2026-09-28T04:57:50.721Z	spark1	LOAD	116.686	4.021
2026-09-28T04:57:50.894Z	spark2	LOAD	115.356	1.703
2026-09-28T04:57:50.972Z	spark1	LOAD	116.687	4.021
2026-09-28T04:57:51.145Z	spark2	LOAD	115.350	1.703
2026-09-28T04:57:51.233Z	spark1	LOAD	116.682	4.021
2026-09-28T04:57:51.405Z	spark2	LOAD	115.332	1.703
2026-09-28T04:57:51.484Z	spark1	LOAD	116.681	4.021
2026-09-28T04:57:51.655Z	spark2	LOAD	115.328	1.703
2026-09-28T04:57:51.735Z	spark1	LOAD	116.680	4.021
2026-09-28T04:57:51.907Z	spark2	LOAD	114.903	1.703
2026-09-28T04:57:51.985Z	spark1	LOAD	116.677	4.021
2026-09-28T04:57:52.156Z	spark2	LOAD	114.778	1.703
2026-09-28T04:57:52.247Z	spark1	LOAD	116.677	4.021
2026-09-28T04:57:52.417Z	spark2	LOAD	114.676	1.703
2026-09-28T04:57:52.497Z	spark1	LOAD	116.661	4.021
2026-09-28T04:57:52.666Z	spark2	LOAD	114.661	1.703
2026-09-28T04:57:52.747Z	spark1	LOAD	116.652	4.021
2026-09-28T04:57:52.917Z	spark2	LOAD	114.655	1.703
2026-09-28T04:57:52.998Z	spark1	LOAD	116.652	4.021
2026-09-28T04:57:53.166Z	spark2	LOAD	114.931	1.703
2026-09-28T04:57:53.264Z	spark1	LOAD	116.640	4.021
2026-09-28T04:57:53.431Z	spark2	LOAD	115.020	1.703
2026-09-28T04:57:53.514Z	spark1	LOAD	116.636	4.021
2026-09-28T04:57:53.682Z	spark2	LOAD	115.649	1.703
2026-09-28T04:57:53.765Z	spark1	LOAD	116.627	4.020
2026-09-28T04:57:53.932Z	spark2	LOAD	115.885	1.703
2026-09-28T04:57:54.015Z	spark1	LOAD	116.541	4.020
2026-09-28T04:57:54.183Z	spark2	LOAD	115.886	1.703
2026-09-28T04:57:54.282Z	spark1	LOAD	116.436	4.020
2026-09-28T04:57:54.448Z	spark2	LOAD	115.870	1.703
2026-09-28T04:57:54.531Z	spark1	LOAD	116.417	4.020
2026-09-28T04:57:54.699Z	spark2	LOAD	115.825	1.703
2026-09-28T04:57:54.782Z	spark1	LOAD	116.389	4.020
2026-09-28T04:57:54.950Z	spark2	LOAD	115.814	1.703
2026-09-28T04:57:55.033Z	spark1	LOAD	116.377	4.020
2026-09-28T04:57:55.200Z	spark2	LOAD	115.769	1.703
2026-09-28T04:57:55.295Z	spark1	LOAD	116.319	4.020
2026-09-28T04:57:55.464Z	spark2	LOAD	115.504	1.703
2026-09-28T04:57:55.545Z	spark1	LOAD	116.327	4.020
2026-09-28T04:57:55.715Z	spark2	LOAD	115.313	1.703
2026-09-28T04:57:55.796Z	spark1	LOAD	116.324	4.020
2026-09-28T04:57:55.965Z	spark2	LOAD	115.114	1.703
2026-09-28T04:57:56.047Z	spark1	LOAD	116.301	4.020
2026-09-28T04:57:56.216Z	spark2	LOAD	115.055	1.703
2026-09-28T04:57:56.313Z	spark1	LOAD	116.302	4.020
2026-09-28T04:57:56.481Z	spark2	LOAD	115.425	1.703
2026-09-28T04:57:56.563Z	spark1	LOAD	116.297	4.020
2026-09-28T04:57:56.731Z	spark2	LOAD	115.425	1.703
2026-09-28T04:57:56.813Z	spark1	LOAD	116.282	4.020
2026-09-28T04:57:56.982Z	spark2	LOAD	115.426	1.703
2026-09-28T04:57:57.064Z	spark1	LOAD	116.274	4.020
2026-09-28T04:57:57.232Z	spark2	LOAD	115.218	1.703
2026-09-28T04:57:57.330Z	spark1	LOAD	116.264	4.020
2026-09-28T04:57:57.497Z	spark2	LOAD	115.167	1.703
2026-09-28T04:57:57.581Z	spark1	LOAD	116.233	4.020
2026-09-28T04:57:57.747Z	spark2	LOAD	115.122	1.703
2026-09-28T04:57:57.832Z	spark1	LOAD	116.225	4.020
2026-09-28T04:57:57.997Z	spark2	LOAD	115.097	1.703
2026-09-28T04:57:58.082Z	spark1	LOAD	116.226	4.020
2026-09-28T04:57:58.248Z	spark2	LOAD	115.077	1.703
2026-09-28T04:57:58.344Z	spark1	LOAD	116.212	4.020
2026-09-28T04:57:58.512Z	spark2	LOAD	115.043	1.703
2026-09-28T04:57:58.594Z	spark1	LOAD	116.212	4.020
2026-09-28T04:57:58.763Z	spark2	LOAD	115.024	1.703
2026-09-28T04:57:58.844Z	spark1	LOAD	116.195	4.020
2026-09-28T04:57:59.014Z	spark2	LOAD	115.026	1.703
2026-09-28T04:57:59.095Z	spark1	LOAD	116.191	4.020
2026-09-28T04:57:59.265Z	spark2	LOAD	115.024	1.703
2026-09-28T04:57:59.362Z	spark1	LOAD	116.189	4.020
2026-09-28T04:57:59.530Z	spark2	LOAD	114.983	1.703
2026-09-28T04:57:59.612Z	spark1	LOAD	116.168	4.020
2026-09-28T04:57:59.781Z	spark2	LOAD	114.959	1.703
2026-09-28T04:57:59.862Z	spark1	LOAD	116.161	4.020
2026-09-28T04:58:00.032Z	spark2	LOAD	114.948	1.703
2026-09-28T04:58:00.112Z	spark1	LOAD	116.155	4.020
2026-09-28T04:58:00.282Z	spark2	LOAD	114.935	1.703
2026-09-28T04:58:00.378Z	spark1	LOAD	116.155	4.020
2026-09-28T04:58:00.548Z	spark2	LOAD	114.906	1.703
2026-09-28T04:58:00.629Z	spark1	LOAD	116.147	4.020
2026-09-28T04:58:00.799Z	spark2	LOAD	114.857	1.703
2026-09-28T04:58:00.879Z	spark1	LOAD	116.144	4.020
2026-09-28T04:58:01.050Z	spark2	LOAD	114.830	1.703
2026-09-28T04:58:01.130Z	spark1	LOAD	116.136	4.020
2026-09-28T04:58:01.301Z	spark2	LOAD	114.830	1.703
2026-09-28T04:58:01.396Z	spark1	LOAD	116.127	4.020
2026-09-28T04:58:01.566Z	spark2	LOAD	114.829	1.703
2026-09-28T04:58:01.647Z	spark1	LOAD	116.125	4.020
2026-09-28T04:58:01.817Z	spark2	LOAD	114.829	1.703
2026-09-28T04:58:01.897Z	spark1	LOAD	116.124	4.020
2026-09-28T04:58:02.067Z	spark2	LOAD	114.914	1.703
2026-09-28T04:58:02.148Z	spark1	LOAD	116.121	4.020
2026-09-28T04:58:02.318Z	spark2	LOAD	115.376	1.703
2026-09-28T04:58:02.410Z	spark1	LOAD	116.114	4.020
2026-09-28T04:58:02.584Z	spark2	LOAD	115.267	1.703
2026-09-28T04:58:02.660Z	spark1	LOAD	116.103	4.020
2026-09-28T04:58:02.835Z	spark2	LOAD	115.220	1.703
2026-09-28T04:58:02.911Z	spark1	LOAD	116.094	4.020
2026-09-28T04:58:03.085Z	spark2	LOAD	115.179	1.703
2026-09-28T04:58:03.162Z	spark1	LOAD	116.088	4.020
2026-09-28T04:58:03.336Z	spark2	LOAD	115.139	1.703
2026-09-28T04:58:03.423Z	spark1	LOAD	116.080	4.020
2026-09-28T04:58:03.597Z	spark2	LOAD	115.127	1.703
2026-09-28T04:58:03.674Z	spark1	LOAD	116.066	4.020
2026-09-28T04:58:03.847Z	spark2	LOAD	115.102	1.703
2026-09-28T04:58:03.924Z	spark1	LOAD	116.051	4.020
2026-09-28T04:58:04.098Z	spark2	LOAD	115.078	1.703
2026-09-28T04:58:04.174Z	spark1	LOAD	116.035	4.020
2026-09-28T04:58:04.348Z	spark2	LOAD	115.069	1.703
2026-09-28T04:58:04.441Z	spark1	LOAD	116.016	4.020
2026-09-28T04:58:04.613Z	spark2	LOAD	115.066	1.703
2026-09-28T04:58:04.691Z	spark1	LOAD	116.002	4.020
2026-09-28T04:58:04.864Z	spark2	LOAD	115.061	1.703
2026-09-28T04:58:04.942Z	spark1	LOAD	116.002	4.020
2026-09-28T04:58:05.114Z	spark2	LOAD	115.016	1.703
2026-09-28T04:58:05.192Z	spark1	LOAD	115.986	4.020
2026-09-28T04:58:05.364Z	spark2	LOAD	115.014	1.703
2026-09-28T04:58:05.454Z	spark1	LOAD	115.972	4.020
2026-09-28T04:58:05.631Z	spark2	LOAD	114.981	1.703
2026-09-28T04:58:05.704Z	spark1	LOAD	115.941	4.020
2026-09-28T04:58:05.880Z	spark2	LOAD	114.961	1.703
2026-09-28T04:58:05.955Z	spark1	LOAD	115.936	4.020
2026-09-28T04:58:06.132Z	spark2	LOAD	114.961	1.703
2026-09-28T04:58:06.206Z	spark1	LOAD	115.933	4.020
2026-09-28T04:58:06.382Z	spark2	LOAD	114.961	1.703
2026-09-28T04:58:06.468Z	spark1	LOAD	115.790	4.020
2026-09-28T04:58:06.647Z	spark2	LOAD	114.931	1.703
2026-09-28T04:58:06.719Z	spark1	LOAD	115.713	4.020
2026-09-28T04:58:06.899Z	spark2	LOAD	114.884	1.703
2026-09-28T04:58:06.970Z	spark1	LOAD	115.671	4.020
2026-09-28T04:58:07.149Z	spark2	LOAD	114.453	1.703
2026-09-28T04:58:07.220Z	spark1	LOAD	115.627	4.020
2026-09-28T04:58:07.399Z	spark2	LOAD	114.357	1.703
2026-09-28T04:58:07.483Z	spark1	LOAD	115.600	4.020
2026-09-28T04:58:07.663Z	spark2	LOAD	114.246	1.703
2026-09-28T04:58:07.733Z	spark1	LOAD	115.549	4.020
2026-09-28T04:58:07.914Z	spark2	LOAD	114.476	1.703
2026-09-28T04:58:07.984Z	spark1	LOAD	115.525	4.020
2026-09-28T04:58:08.164Z	spark2	LOAD	114.600	1.703
2026-09-28T04:58:08.234Z	spark1	LOAD	115.506	4.020
2026-09-28T04:58:08.415Z	spark2	LOAD	114.561	1.703
2026-09-28T04:58:08.500Z	spark1	LOAD	115.505	4.020
2026-09-28T04:58:08.676Z	spark2	LOAD	114.530	1.703
2026-09-28T04:58:08.751Z	spark1	LOAD	115.486	4.020
2026-09-28T04:58:08.926Z	spark2	LOAD	114.530	1.703
2026-09-28T04:58:09.001Z	spark1	LOAD	115.446	4.020
2026-09-28T04:58:09.177Z	spark2	LOAD	114.531	1.703
2026-09-28T04:58:09.252Z	spark1	LOAD	115.431	4.020
2026-09-28T04:58:09.428Z	spark2	LOAD	114.531	1.703
2026-09-28T04:58:09.519Z	spark1	LOAD	115.411	4.020
2026-09-28T04:58:09.693Z	spark2	LOAD	114.531	1.703
2026-09-28T04:58:09.769Z	spark1	LOAD	115.401	4.020
2026-09-28T04:58:09.944Z	spark2	LOAD	114.538	1.703
2026-09-28T04:58:10.020Z	spark1	LOAD	115.401	4.020
2026-09-28T04:58:10.194Z	spark2	LOAD	114.538	1.703
2026-09-28T04:58:10.270Z	spark1	LOAD	115.403	4.020
2026-09-28T04:58:10.445Z	spark2	LOAD	114.538	1.703
2026-09-28T04:58:10.538Z	spark1	LOAD	115.372	4.020
2026-09-28T04:58:10.706Z	spark2	LOAD	114.538	1.703
2026-09-28T04:58:10.789Z	spark1	LOAD	115.331	4.020
2026-09-28T04:58:10.956Z	spark2	LOAD	114.547	1.703
2026-09-28T04:58:11.039Z	spark1	LOAD	115.292	4.020
2026-09-28T04:58:11.207Z	spark2	LOAD	114.547	1.703
2026-09-28T04:58:11.290Z	spark1	LOAD	115.290	4.020
2026-09-28T04:58:11.458Z	spark2	LOAD	114.547	1.703
2026-09-28T04:58:11.552Z	spark1	LOAD	115.265	4.020
2026-09-28T04:58:11.722Z	spark2	LOAD	114.547	1.703
2026-09-28T04:58:11.802Z	spark1	LOAD	115.241	4.020
2026-09-28T04:58:11.974Z	spark2	LOAD	114.548	1.703
2026-09-28T04:58:12.053Z	spark1	LOAD	115.247	4.020
2026-09-28T04:58:12.223Z	spark2	LOAD	114.556	1.703
2026-09-28T04:58:12.303Z	spark1	LOAD	115.247	4.020
2026-09-28T04:58:12.474Z	spark2	LOAD	114.556	1.703
2026-09-28T04:58:12.566Z	spark1	LOAD	115.245	4.020
2026-09-28T04:58:12.734Z	spark2	LOAD	114.556	1.703
2026-09-28T04:58:12.817Z	spark1	LOAD	115.244	4.020
2026-09-28T04:58:12.985Z	spark2	LOAD	114.564	1.703
2026-09-28T04:58:13.067Z	spark1	LOAD	115.237	4.020
2026-09-28T04:58:13.235Z	spark2	LOAD	114.564	1.703
2026-09-28T04:58:13.317Z	spark1	LOAD	115.215	4.020
2026-09-28T04:58:13.486Z	spark2	LOAD	114.564	1.703
2026-09-28T04:58:13.584Z	spark1	LOAD	115.200	4.020
2026-09-28T04:58:13.751Z	spark2	LOAD	114.563	1.703
2026-09-28T04:58:13.834Z	spark1	LOAD	114.773	4.020
2026-09-28T04:58:14.002Z	spark2	LOAD	114.571	1.703
2026-09-28T04:58:14.085Z	spark1	LOAD	114.668	4.020
2026-09-28T04:58:14.253Z	spark2	LOAD	114.571	1.703
2026-09-28T04:58:14.335Z	spark1	LOAD	114.604	4.020
2026-09-28T04:58:14.503Z	spark2	LOAD	114.572	1.703
2026-09-28T04:58:14.597Z	spark1	LOAD	114.901	4.020
2026-09-28T04:58:14.764Z	spark2	LOAD	114.578	1.703
2026-09-28T04:58:14.847Z	spark1	LOAD	114.898	4.020
2026-09-28T04:58:15.015Z	spark2	LOAD	114.583	1.703
2026-09-28T04:58:15.098Z	spark1	LOAD	114.900	4.020
2026-09-28T04:58:15.264Z	spark2	LOAD	114.561	1.703
2026-09-28T04:58:15.348Z	spark1	LOAD	114.887	4.020
2026-09-28T04:58:15.515Z	spark2	LOAD	114.560	1.703
2026-09-28T04:58:15.610Z	spark1	LOAD	115.644	4.020
2026-09-28T04:58:15.777Z	spark2	LOAD	114.560	1.703
2026-09-28T04:58:15.861Z	spark1	LOAD	115.635	4.020
2026-09-28T04:58:16.027Z	spark2	LOAD	114.566	1.703
2026-09-28T04:58:16.111Z	spark1	LOAD	115.626	4.020
2026-09-28T04:58:16.278Z	spark2	LOAD	114.575	1.703
2026-09-28T04:58:16.362Z	spark1	LOAD	115.626	4.020
2026-09-28T04:58:16.529Z	spark2	LOAD	114.575	1.703
2026-09-28T04:58:16.629Z	spark1	LOAD	115.626	4.020
2026-09-28T04:58:16.790Z	spark2	LOAD	114.574	1.703
2026-09-28T04:58:16.879Z	spark1	LOAD	115.608	4.020
2026-09-28T04:58:17.040Z	spark2	LOAD	114.580	1.703
2026-09-28T04:58:17.130Z	spark1	LOAD	115.597	4.020
2026-09-28T04:58:17.292Z	spark2	LOAD	114.580	1.703
2026-09-28T04:58:17.380Z	spark1	LOAD	115.337	4.020
2026-09-28T04:58:17.542Z	spark2	LOAD	114.580	1.703
2026-09-28T04:58:17.647Z	spark1	LOAD	114.997	4.020
2026-09-28T04:58:17.807Z	spark2	LOAD	114.580	1.703
2026-09-28T04:58:17.897Z	spark1	LOAD	114.735	4.020
2026-09-28T04:58:18.058Z	spark2	LOAD	114.585	1.703
2026-09-28T04:58:18.148Z	spark1	LOAD	114.657	4.020
2026-09-28T04:58:18.308Z	spark2	LOAD	114.585	1.703
2026-09-28T04:58:18.398Z	spark1	LOAD	115.221	4.020
2026-09-28T04:58:18.560Z	spark2	LOAD	114.587	1.703
2026-09-28T04:58:18.666Z	spark1	LOAD	115.221	4.020
2026-09-28T04:58:18.824Z	spark2	LOAD	114.587	1.703
2026-09-28T04:58:18.916Z	spark1	LOAD	115.226	4.020
2026-09-28T04:58:19.075Z	spark2	LOAD	114.591	1.703
2026-09-28T04:58:19.166Z	spark1	LOAD	115.135	4.020
2026-09-28T04:58:19.325Z	spark2	LOAD	114.591	1.703
2026-09-28T04:58:19.417Z	spark1	LOAD	115.026	4.020
2026-09-28T04:58:19.576Z	spark2	LOAD	114.592	1.703
2026-09-28T04:58:19.680Z	spark1	LOAD	114.973	4.020
2026-09-28T04:58:19.841Z	spark2	LOAD	114.591	1.703
2026-09-28T04:58:19.931Z	spark1	LOAD	114.938	4.020
2026-09-28T04:58:20.092Z	spark2	LOAD	114.594	1.703
2026-09-28T04:58:20.182Z	spark1	LOAD	114.942	4.020
2026-09-28T04:58:20.342Z	spark2	LOAD	114.604	1.703
2026-09-28T04:58:20.433Z	spark1	LOAD	114.915	4.020
2026-09-28T04:58:20.593Z	spark2	LOAD	114.604	1.703
2026-09-28T04:58:20.695Z	spark1	LOAD	114.882	4.020
2026-09-28T04:58:20.858Z	spark2	LOAD	114.604	1.703
2026-09-28T04:58:20.947Z	spark1	LOAD	114.865	4.020
2026-09-28T04:58:21.109Z	spark2	LOAD	114.608	1.703
2026-09-28T04:58:21.197Z	spark1	LOAD	114.855	4.020
2026-09-28T04:58:21.360Z	spark2	LOAD	114.608	1.703
2026-09-28T04:58:21.449Z	spark1	LOAD	114.856	4.020
2026-09-28T04:58:21.610Z	spark2	LOAD	114.608	1.703
2026-09-28T04:58:21.711Z	spark1	LOAD	114.832	4.020
2026-09-28T04:58:21.875Z	spark2	LOAD	114.607	1.703
2026-09-28T04:58:21.962Z	spark1	LOAD	114.803	4.020
2026-09-28T04:58:22.126Z	spark2	LOAD	114.607	1.703
2026-09-28T04:58:22.212Z	spark1	LOAD	114.813	4.020
2026-09-28T04:58:22.377Z	spark2	LOAD	114.610	1.703
2026-09-28T04:58:22.463Z	spark1	LOAD	114.789	4.020
2026-09-28T04:58:22.628Z	spark2	LOAD	114.612	1.703
2026-09-28T04:58:22.724Z	spark1	LOAD	114.758	4.020
2026-09-28T04:58:22.893Z	spark2	LOAD	114.612	1.703
2026-09-28T04:58:22.975Z	spark1	LOAD	114.718	4.020
2026-09-28T04:58:23.143Z	spark2	LOAD	114.612	1.703
2026-09-28T04:58:23.226Z	spark1	LOAD	114.700	4.020
2026-09-28T04:58:23.393Z	spark2	LOAD	114.612	1.703
2026-09-28T04:58:23.477Z	spark1	LOAD	114.698	4.020
2026-09-28T04:58:23.645Z	spark2	LOAD	114.612	1.703
2026-09-28T04:58:23.743Z	spark1	LOAD	114.698	4.020
2026-09-28T04:58:23.905Z	spark2	LOAD	114.611	1.703
2026-09-28T04:58:23.993Z	spark1	LOAD	114.701	4.020
2026-09-28T04:58:24.156Z	spark2	LOAD	114.612	1.703
2026-09-28T04:58:24.244Z	spark1	LOAD	114.697	4.020
2026-09-28T04:58:24.406Z	spark2	LOAD	114.615	1.703
2026-09-28T04:58:24.494Z	spark1	LOAD	115.344	4.020
2026-09-28T04:58:24.657Z	spark2	LOAD	114.622	1.703
2026-09-28T04:58:24.760Z	spark1	LOAD	115.314	4.020
2026-09-28T04:58:24.923Z	spark2	LOAD	114.623	1.703
2026-09-28T04:58:25.011Z	spark1	LOAD	115.314	4.020
2026-09-28T04:58:25.174Z	spark2	LOAD	114.623	1.703
2026-09-28T04:58:25.262Z	spark1	LOAD	115.311	4.020
2026-09-28T04:58:25.424Z	spark2	LOAD	114.623	1.703
2026-09-28T04:58:25.512Z	spark1	LOAD	115.314	4.020
2026-09-28T04:58:25.675Z	spark2	LOAD	114.623	1.703
2026-09-28T04:58:25.775Z	spark1	LOAD	115.286	4.020
2026-09-28T04:58:25.939Z	spark2	LOAD	114.628	1.703
2026-09-28T04:58:26.025Z	spark1	LOAD	115.278	4.020
2026-09-28T04:58:26.189Z	spark2	LOAD	114.616	1.703
2026-09-28T04:58:26.275Z	spark1	LOAD	115.177	4.020
2026-09-28T04:58:26.441Z	spark2	LOAD	114.616	1.703
2026-09-28T04:58:26.526Z	spark1	LOAD	115.140	4.020
2026-09-28T04:58:26.692Z	spark2	LOAD	114.616	1.703
2026-09-28T04:58:26.793Z	spark1	LOAD	115.132	4.020
2026-09-28T04:58:26.957Z	spark2	LOAD	114.617	1.703
2026-09-28T04:58:27.043Z	spark1	LOAD	115.126	4.020
2026-09-28T04:58:27.208Z	spark2	LOAD	114.625	1.703
2026-09-28T04:58:27.294Z	spark1	LOAD	115.103	4.020
2026-09-28T04:58:27.459Z	spark2	LOAD	114.628	1.703
2026-09-28T04:58:27.545Z	spark1	LOAD	115.110	4.020
2026-09-28T04:58:27.710Z	spark2	LOAD	114.628	1.703
2026-09-28T04:58:27.813Z	spark1	LOAD	114.902	4.020
2026-09-28T04:58:27.975Z	spark2	LOAD	114.628	1.703
2026-09-28T04:58:28.064Z	spark1	LOAD	114.846	4.020
2026-09-28T04:58:28.225Z	spark2	LOAD	114.628	1.703
2026-09-28T04:58:28.314Z	spark1	LOAD	114.818	4.020
2026-09-28T04:58:28.476Z	spark2	LOAD	114.628	1.703
2026-09-28T04:58:28.564Z	spark1	LOAD	114.825	4.020
2026-09-28T04:58:28.727Z	spark2	LOAD	114.628	1.703
2026-09-28T04:58:28.831Z	spark1	LOAD	114.802	4.020
2026-09-28T04:58:28.987Z	spark2	LOAD	114.629	1.703
2026-09-28T04:58:29.082Z	spark1	LOAD	114.781	4.020
2026-09-28T04:58:29.239Z	spark2	LOAD	114.636	1.703
2026-09-28T04:58:29.332Z	spark1	LOAD	114.755	4.020
2026-09-28T04:58:29.489Z	spark2	LOAD	114.636	1.703
2026-09-28T04:58:29.583Z	spark1	LOAD	114.740	4.020
2026-09-28T04:58:29.740Z	spark2	LOAD	114.646	1.703
2026-09-28T04:58:29.849Z	spark1	LOAD	114.739	4.020
2026-09-28T04:58:30.005Z	spark2	LOAD	114.646	1.703
2026-09-28T04:58:30.100Z	spark1	LOAD	114.732	4.020
2026-09-28T04:58:30.255Z	spark2	LOAD	114.646	1.703
2026-09-28T04:58:30.350Z	spark1	LOAD	114.689	4.020
2026-09-28T04:58:30.506Z	spark2	LOAD	114.646	1.703
2026-09-28T04:58:30.601Z	spark1	LOAD	114.672	4.020
2026-09-28T04:58:30.757Z	spark2	LOAD	114.653	1.703
2026-09-28T04:58:30.868Z	spark1	LOAD	114.629	4.020
2026-09-28T04:58:31.019Z	spark2	LOAD	114.653	1.703
2026-09-28T04:58:31.119Z	spark1	LOAD	114.623	4.020
2026-09-28T04:58:31.268Z	spark2	LOAD	114.660	1.703
2026-09-28T04:58:31.370Z	spark1	LOAD	114.623	4.020
2026-09-28T04:58:31.519Z	spark2	LOAD	114.660	1.703
2026-09-28T04:58:31.621Z	spark1	LOAD	114.623	4.020
2026-09-28T04:58:31.770Z	spark2	LOAD	114.660	1.703
2026-09-28T04:58:31.887Z	spark1	LOAD	114.573	4.020
2026-09-28T04:58:32.035Z	spark2	LOAD	114.660	1.703
2026-09-28T04:58:32.139Z	spark1	LOAD	114.553	4.020
2026-09-28T04:58:32.286Z	spark2	LOAD	114.666	1.703
2026-09-28T04:58:32.389Z	spark1	LOAD	114.189	4.020
2026-09-28T04:58:32.536Z	spark2	LOAD	114.666	1.703
2026-09-28T04:58:32.639Z	spark1	LOAD	113.946	4.020
2026-09-28T04:58:32.787Z	spark2	LOAD	114.666	1.703
2026-09-28T04:58:32.907Z	spark1	LOAD	113.861	4.020
2026-09-28T04:58:33.052Z	spark2	LOAD	114.665	1.703
2026-09-28T04:58:33.157Z	spark1	LOAD	113.976	4.020
2026-09-28T04:58:33.303Z	spark2	LOAD	114.672	1.703
2026-09-28T04:58:33.407Z	spark1	LOAD	114.354	4.020
2026-09-28T04:58:33.554Z	spark2	LOAD	114.672	1.703
2026-09-28T04:58:33.658Z	spark1	LOAD	114.320	4.020
2026-09-28T04:58:33.805Z	spark2	LOAD	114.673	1.703
2026-09-28T04:58:33.926Z	spark1	LOAD	114.292	4.020
2026-09-28T04:58:34.069Z	spark2	LOAD	114.687	1.703
2026-09-28T04:58:34.176Z	spark1	LOAD	114.266	4.020
2026-09-28T04:58:34.320Z	spark2	LOAD	114.687	1.703
2026-09-28T04:58:34.426Z	spark1	LOAD	114.240	4.020
2026-09-28T04:58:34.571Z	spark2	LOAD	114.687	1.703
2026-09-28T04:58:34.677Z	spark1	LOAD	114.250	4.020
2026-09-28T04:58:34.821Z	spark2	LOAD	114.687	1.703
2026-09-28T04:58:34.944Z	spark1	LOAD	114.244	4.020
2026-09-28T04:58:35.087Z	spark2	LOAD	114.696	1.703
2026-09-28T04:58:35.195Z	spark1	LOAD	114.211	4.020
2026-09-28T04:58:35.337Z	spark2	LOAD	114.696	1.703
2026-09-28T04:58:35.446Z	spark1	LOAD	114.188	4.020
2026-09-28T04:58:35.587Z	spark2	LOAD	114.697	1.703
2026-09-28T04:58:35.696Z	spark1	LOAD	114.173	4.020
2026-09-28T04:58:35.838Z	spark2	LOAD	114.702	1.703
2026-09-28T04:58:35.963Z	spark1	LOAD	114.134	4.020
2026-09-28T04:58:36.102Z	spark2	LOAD	114.706	1.703
2026-09-28T04:58:36.213Z	spark1	LOAD	114.125	4.020
2026-09-28T04:58:36.353Z	spark2	LOAD	114.710	1.703
2026-09-28T04:58:36.463Z	spark1	LOAD	114.105	4.020
2026-09-28T04:58:36.604Z	spark2	LOAD	114.710	1.703
2026-09-28T04:58:36.714Z	spark1	LOAD	114.112	4.020
2026-09-28T04:58:36.854Z	spark2	LOAD	114.708	1.703
2026-09-28T04:58:36.981Z	spark1	LOAD	114.076	4.020
2026-09-28T04:58:37.114Z	spark2	LOAD	114.722	1.703
2026-09-28T04:58:37.231Z	spark1	LOAD	113.768	4.020
2026-09-28T04:58:37.365Z	spark2	LOAD	114.721	1.703
2026-09-28T04:58:37.481Z	spark1	LOAD	113.557	4.020
2026-09-28T04:58:37.615Z	spark2	LOAD	114.721	1.703
2026-09-28T04:58:37.731Z	spark1	LOAD	113.467	4.020
2026-09-28T04:58:37.866Z	spark2	LOAD	114.722	1.703
2026-09-28T04:58:37.998Z	spark1	LOAD	113.382	4.020
2026-09-28T04:58:38.132Z	spark2	LOAD	114.724	1.703
2026-09-28T04:58:38.249Z	spark1	LOAD	113.666	4.020
2026-09-28T04:58:38.382Z	spark2	LOAD	114.724	1.703
2026-09-28T04:58:38.500Z	spark1	LOAD	113.489	4.020
2026-09-28T04:58:38.632Z	spark2	LOAD	114.724	1.703
2026-09-28T04:58:38.750Z	spark1	LOAD	113.461	4.020
2026-09-28T04:58:38.883Z	spark2	LOAD	114.725	1.703
2026-09-28T04:58:39.011Z	spark1	LOAD	113.438	4.020
2026-09-28T04:58:39.144Z	spark2	LOAD	114.726	1.703
2026-09-28T04:58:39.262Z	spark1	LOAD	113.444	4.020
2026-09-28T04:58:39.395Z	spark2	LOAD	114.726	1.703
2026-09-28T04:58:39.513Z	spark1	LOAD	113.445	4.020
2026-09-28T04:58:39.646Z	spark2	LOAD	114.726	1.703
2026-09-28T04:58:39.764Z	spark1	LOAD	113.444	4.020
2026-09-28T04:58:39.896Z	spark2	LOAD	114.735	1.703
2026-09-28T04:58:40.032Z	spark1	LOAD	113.453	4.020
2026-09-28T04:58:40.157Z	spark2	LOAD	114.738	1.703
2026-09-28T04:58:40.282Z	spark1	LOAD	113.454	4.020
2026-09-28T04:58:40.407Z	spark2	LOAD	114.738	1.703
2026-09-28T04:58:40.533Z	spark1	LOAD	113.450	4.020
2026-09-28T04:58:40.658Z	spark2	LOAD	114.738	1.703
2026-09-28T04:58:40.783Z	spark1	LOAD	113.452	4.020
2026-09-28T04:58:40.909Z	spark2	LOAD	114.741	1.703
2026-09-28T04:58:41.050Z	spark1	LOAD	113.461	4.020
2026-09-28T04:58:41.173Z	spark2	LOAD	114.741	1.703
2026-09-28T04:58:41.301Z	spark1	LOAD	113.461	4.020
2026-09-28T04:58:41.425Z	spark2	LOAD	114.741	1.703
2026-09-28T04:58:41.551Z	spark1	LOAD	113.461	4.020
2026-09-28T04:58:41.675Z	spark2	LOAD	114.741	1.703
2026-09-28T04:58:41.802Z	spark1	LOAD	113.461	4.020
2026-09-28T04:58:41.926Z	spark2	LOAD	114.745	1.703
2026-09-28T04:58:42.069Z	spark1	LOAD	113.471	4.020
2026-09-28T04:58:42.191Z	spark2	LOAD	114.745	1.703
2026-09-28T04:58:42.320Z	spark1	LOAD	113.472	4.020
2026-09-28T04:58:42.442Z	spark2	LOAD	114.745	1.703
2026-09-28T04:58:42.570Z	spark1	LOAD	113.472	4.020
2026-09-28T04:58:42.692Z	spark2	LOAD	114.748	1.703
2026-09-28T04:58:42.821Z	spark1	LOAD	113.468	4.020
2026-09-28T04:58:42.942Z	spark2	LOAD	114.752	1.703
2026-09-28T04:58:43.083Z	spark1	LOAD	113.478	4.020
2026-09-28T04:58:43.208Z	spark2	LOAD	114.752	1.703
2026-09-28T04:58:43.334Z	spark1	LOAD	113.478	4.020
2026-09-28T04:58:43.460Z	spark2	LOAD	114.752	1.703
2026-09-28T04:58:43.584Z	spark1	LOAD	113.478	4.020
2026-09-28T04:58:43.710Z	spark2	LOAD	114.752	1.703
2026-09-28T04:58:43.835Z	spark1	LOAD	113.478	4.020
2026-09-28T04:58:43.961Z	spark2	LOAD	114.755	1.703
2026-09-28T04:58:44.102Z	spark1	LOAD	113.495	4.020
2026-09-28T04:58:44.221Z	spark2	LOAD	114.755	1.703
2026-09-28T04:58:44.352Z	spark1	LOAD	113.495	4.020
2026-09-28T04:58:44.472Z	spark2	LOAD	114.755	1.703
2026-09-28T04:58:44.603Z	spark1	LOAD	113.495	4.020
2026-09-28T04:58:44.722Z	spark2	LOAD	114.758	1.703
2026-09-28T04:58:44.854Z	spark1	LOAD	113.494	4.020
2026-09-28T04:58:44.973Z	spark2	LOAD	114.761	1.703
2026-09-28T04:58:45.121Z	spark1	LOAD	113.501	4.020
2026-09-28T04:58:45.239Z	spark2	LOAD	114.761	1.703
2026-09-28T04:58:45.371Z	spark1	LOAD	113.501	4.020
2026-09-28T04:58:45.490Z	spark2	LOAD	114.761	1.703
2026-09-28T04:58:45.622Z	spark1	LOAD	113.501	4.020
2026-09-28T04:58:45.741Z	spark2	LOAD	114.761	1.703
2026-09-28T04:58:45.873Z	spark1	LOAD	113.509	4.020
2026-09-28T04:58:45.991Z	spark2	LOAD	114.763	1.703
2026-09-28T04:58:46.140Z	spark1	LOAD	113.507	4.020
2026-09-28T04:58:46.252Z	spark2	LOAD	114.767	1.703
2026-09-28T04:58:46.390Z	spark1	LOAD	113.507	4.020
2026-09-28T04:58:46.503Z	spark2	LOAD	114.767	1.703
2026-09-28T04:58:46.641Z	spark1	LOAD	113.507	4.020
2026-09-28T04:58:46.753Z	spark2	LOAD	114.767	1.703
2026-09-28T04:58:46.892Z	spark1	LOAD	113.497	4.020
2026-09-28T04:58:47.004Z	spark2	LOAD	114.769	1.703
2026-09-28T04:58:47.155Z	spark1	LOAD	113.497	4.020
2026-09-28T04:58:47.269Z	spark2	LOAD	114.730	1.703
2026-09-28T04:58:47.405Z	spark1	LOAD	113.277	4.020
2026-09-28T04:58:47.519Z	spark2	LOAD	114.446	1.703
2026-09-28T04:58:47.656Z	spark1	LOAD	112.932	4.020
2026-09-28T04:58:47.770Z	spark2	LOAD	114.087	1.703
2026-09-28T04:58:47.906Z	spark1	LOAD	112.699	4.020
2026-09-28T04:58:48.020Z	spark2	LOAD	113.827	1.703
2026-09-28T04:58:48.168Z	spark1	LOAD	112.454	4.020
2026-09-28T04:58:48.281Z	spark2	LOAD	113.605	1.703
2026-09-28T04:58:48.418Z	spark1	LOAD	112.249	4.020
2026-09-28T04:58:48.532Z	spark2	LOAD	113.416	1.703
2026-09-28T04:58:48.669Z	spark1	LOAD	112.008	4.020
2026-09-28T04:58:48.782Z	spark2	LOAD	113.189	1.703
2026-09-28T04:58:48.919Z	spark1	LOAD	111.798	4.020
2026-09-28T04:58:49.033Z	spark2	LOAD	112.967	1.703
2026-09-28T04:58:49.186Z	spark1	LOAD	111.177	4.020
2026-09-28T04:58:49.298Z	spark2	LOAD	112.312	1.703
2026-09-28T04:58:49.437Z	spark1	LOAD	110.974	4.020
2026-09-28T04:58:49.549Z	spark2	LOAD	112.088	1.703
2026-09-28T04:58:49.687Z	spark1	LOAD	110.757	4.020
2026-09-28T04:58:49.799Z	spark2	LOAD	111.871	1.703
2026-09-28T04:58:49.937Z	spark1	LOAD	110.519	4.020
2026-09-28T04:58:50.050Z	spark2	LOAD	111.708	1.703
2026-09-28T04:58:50.197Z	spark1	LOAD	110.338	4.020
2026-09-28T04:58:50.315Z	spark2	LOAD	111.403	1.703
2026-09-28T04:58:50.448Z	spark1	LOAD	110.019	4.020
2026-09-28T04:58:50.566Z	spark2	LOAD	110.933	1.703
2026-09-28T04:58:50.699Z	spark1	LOAD	109.645	4.020
2026-09-28T04:58:50.816Z	spark2	LOAD	110.872	1.703
2026-09-28T04:58:50.949Z	spark1	LOAD	109.634	4.020
2026-09-28T04:58:51.067Z	spark2	LOAD	110.822	1.703
2026-09-28T04:58:51.217Z	spark1	LOAD	107.792	4.020
2026-09-28T04:58:51.328Z	spark2	LOAD	107.661	1.703
2026-09-28T04:58:51.468Z	spark1	LOAD	102.297	4.020
2026-09-28T04:58:51.579Z	spark2	LOAD	101.229	1.703
2026-09-28T04:58:51.718Z	spark1	LOAD	96.261	4.020
2026-09-28T04:58:51.829Z	spark2	LOAD	94.551	1.703
2026-09-28T04:58:51.968Z	spark1	LOAD	90.088	4.020
2026-09-28T04:58:52.080Z	spark2	LOAD	87.884	1.703
2026-09-28T04:58:52.231Z	spark1	LOAD	83.432	4.020
2026-09-28T04:58:52.345Z	spark2	LOAD	80.561	1.703
2026-09-28T04:58:52.482Z	spark1	LOAD	77.113	4.020
2026-09-28T04:58:52.596Z	spark2	LOAD	73.800	1.703
2026-09-28T04:58:52.733Z	spark1	LOAD	70.781	4.020
2026-09-28T04:58:52.847Z	spark2	LOAD	66.927	1.703
2026-09-28T04:58:52.983Z	spark1	LOAD	64.847	4.020
2026-09-28T04:58:53.097Z	spark2	LOAD	59.928	1.703
2026-09-28T04:58:53.250Z	spark1	LOAD	58.099	4.020
2026-09-28T04:58:53.358Z	spark2	LOAD	52.723	1.703
2026-09-28T04:58:53.501Z	spark1	LOAD	52.178	4.020
2026-09-28T04:58:53.608Z	spark2	LOAD	45.853	1.703
2026-09-28T04:58:53.751Z	spark1	LOAD	48.157	4.020
2026-09-28T04:58:53.858Z	spark2	LOAD	38.733	1.703
2026-09-28T04:58:54.002Z	spark1	LOAD	44.138	4.020
2026-09-28T04:58:54.109Z	spark2	LOAD	31.815	1.703
2026-09-28T04:58:54.265Z	spark1	LOAD	39.909	4.020
2026-09-28T04:58:54.372Z	spark2	LOAD	24.561	1.703
2026-09-28T04:58:54.515Z	spark1	LOAD	37.630	4.020
2026-09-28T04:58:54.622Z	spark2	LOAD	20.186	1.703
2026-09-28T04:58:54.765Z	spark1	LOAD	36.902	4.020
2026-09-28T04:58:54.872Z	spark2	LOAD	19.850	1.703
2026-09-28T04:58:55.015Z	spark1	LOAD	36.295	4.020
2026-09-28T04:58:55.123Z	spark2	LOAD	19.486	1.703
2026-09-28T04:58:55.283Z	spark1	LOAD	36.149	4.020
2026-09-28T04:58:55.383Z	spark2	LOAD	19.310	1.703
2026-09-28T04:58:55.533Z	spark1	LOAD	35.954	4.020
2026-09-28T04:58:55.633Z	spark2	LOAD	19.137	1.703
2026-09-28T04:58:55.784Z	spark1	LOAD	35.750	4.020
2026-09-28T04:58:55.884Z	spark2	LOAD	18.966	1.703
2026-09-28T04:58:56.034Z	spark1	LOAD	35.556	4.020
2026-09-28T04:58:56.134Z	spark2	LOAD	18.800	1.703
2026-09-28T04:58:56.295Z	spark1	LOAD	35.547	4.020
2026-09-28T04:58:56.395Z	spark2	LOAD	18.623	1.703
2026-09-28T04:58:56.546Z	spark1	LOAD	35.399	4.020
2026-09-28T04:58:56.644Z	spark2	LOAD	18.452	1.703
2026-09-28T04:58:56.796Z	spark1	LOAD	35.209	4.020
2026-09-28T04:58:56.896Z	spark2	LOAD	18.278	1.703
2026-09-28T04:58:57.047Z	spark1	LOAD	35.033	4.020
2026-09-28T04:58:57.146Z	spark2	LOAD	18.108	1.703
2026-09-28T04:58:57.308Z	spark1	LOAD	34.999	4.020
2026-09-28T04:58:57.411Z	spark2	LOAD	17.928	1.703
2026-09-28T04:58:57.558Z	spark1	LOAD	35.001	4.020
2026-09-28T04:58:57.662Z	spark2	LOAD	17.753	1.703
2026-09-28T04:58:57.809Z	spark1	LOAD	34.874	4.020
2026-09-28T04:58:57.912Z	spark2	LOAD	17.586	1.703
2026-09-28T04:58:58.059Z	spark1	LOAD	34.848	4.020
2026-09-28T04:58:58.162Z	spark2	LOAD	17.455	1.703
2026-09-28T04:58:58.326Z	spark1	LOAD	34.801	4.020
2026-09-28T04:58:58.423Z	spark2	LOAD	17.443	1.703
2026-09-28T04:58:58.576Z	spark1	LOAD	34.701	4.020
2026-09-28T04:58:58.673Z	spark2	LOAD	19.432	1.703
2026-09-28T04:58:58.826Z	spark1	LOAD	34.615	4.020
2026-09-28T04:58:58.924Z	spark2	LOAD	19.397	1.703
2026-09-28T04:58:59.076Z	spark1	LOAD	34.547	4.020
2026-09-28T04:58:59.174Z	spark2	LOAD	19.350	1.703
2026-09-28T04:58:59.344Z	spark1	LOAD	34.524	4.020
2026-09-28T04:58:59.438Z	spark2	LOAD	19.180	1.703
2026-09-28T04:58:59.594Z	spark1	LOAD	34.522	4.020
2026-09-28T04:58:59.689Z	spark2	LOAD	18.962	1.703
2026-09-28T04:58:59.844Z	spark1	LOAD	34.418	4.020
2026-09-28T04:58:59.939Z	spark2	LOAD	18.798	1.703
2026-09-28T04:59:00.094Z	spark1	LOAD	34.412	4.020
2026-09-28T04:59:00.189Z	spark2	LOAD	18.647	1.703
2026-09-28T04:59:00.359Z	spark1	LOAD	34.259	4.020
2026-09-28T04:59:00.450Z	spark2	LOAD	18.513	1.703
2026-09-28T04:59:00.609Z	spark1	LOAD	34.217	4.020
2026-09-28T04:59:00.701Z	spark2	LOAD	18.379	1.703
2026-09-28T04:59:00.860Z	spark1	LOAD	34.142	4.020
2026-09-28T04:59:00.951Z	spark2	LOAD	18.246	1.703
2026-09-28T04:59:01.110Z	spark1	LOAD	34.129	4.020
2026-09-28T04:59:01.201Z	spark2	LOAD	18.112	1.703
2026-09-28T04:59:01.372Z	spark1	LOAD	34.076	4.020
2026-09-28T04:59:01.462Z	spark2	LOAD	17.972	1.703
2026-09-28T04:59:01.622Z	spark1	LOAD	33.894	4.020
2026-09-28T04:59:01.713Z	spark2	LOAD	17.833	1.703
2026-09-28T04:59:01.873Z	spark1	LOAD	33.854	4.020
2026-09-28T04:59:01.963Z	spark2	LOAD	17.679	1.703
2026-09-28T04:59:02.123Z	spark1	LOAD	33.872	4.020
2026-09-28T04:59:02.213Z	spark2	LOAD	17.582	1.703
2026-09-28T04:59:02.390Z	spark1	LOAD	33.766	4.020
2026-09-28T04:59:02.478Z	spark2	LOAD	17.422	1.703
2026-09-28T04:59:02.641Z	spark1	LOAD	33.764	4.020
2026-09-28T04:59:02.728Z	spark2	LOAD	18.114	1.703
2026-09-28T04:59:02.892Z	spark1	LOAD	33.649	4.020
2026-09-28T04:59:02.979Z	spark2	LOAD	20.152	1.703
2026-09-28T04:59:03.142Z	spark1	LOAD	33.645	4.020
2026-09-28T04:59:03.229Z	spark2	LOAD	20.265	1.703
2026-09-28T04:59:03.404Z	spark1	LOAD	33.589	4.020
2026-09-28T04:59:03.488Z	spark2	LOAD	20.265	1.703
2026-09-28T04:59:03.655Z	spark1	LOAD	33.559	4.020
2026-09-28T04:59:03.739Z	spark2	LOAD	20.262	1.703
2026-09-28T04:59:03.905Z	spark1	LOAD	33.510	4.020
2026-09-28T04:59:03.989Z	spark2	LOAD	20.262	1.703
2026-09-28T04:59:04.155Z	spark1	LOAD	33.462	4.020
2026-09-28T04:59:04.239Z	spark2	LOAD	20.262	1.703
2026-09-28T04:59:04.417Z	spark1	LOAD	33.460	4.020
2026-09-28T04:59:04.503Z	spark2	LOAD	20.263	1.703
2026-09-28T04:59:04.668Z	spark1	LOAD	33.377	4.020
2026-09-28T04:59:04.754Z	spark2	LOAD	20.261	1.703
2026-09-28T04:59:04.919Z	spark1	LOAD	33.376	4.020
2026-09-28T04:59:05.004Z	spark2	LOAD	20.262	1.703
2026-09-28T04:59:05.170Z	spark1	LOAD	33.276	4.020
2026-09-28T04:59:05.254Z	spark2	LOAD	20.612	1.703
2026-09-28T04:59:05.432Z	spark1	LOAD	33.274	4.020
2026-09-28T04:59:05.516Z	spark2	LOAD	20.507	1.703
2026-09-28T04:59:05.682Z	spark1	LOAD	33.273	4.020
2026-09-28T04:59:05.766Z	spark2	LOAD	20.568	1.703
2026-09-28T04:59:05.933Z	spark1	LOAD	33.180	4.020
2026-09-28T04:59:06.017Z	spark2	LOAD	20.293	1.703
2026-09-28T04:59:06.184Z	spark1	LOAD	33.180	4.020
2026-09-28T04:59:06.267Z	spark2	LOAD	20.136	1.703
2026-09-28T04:59:06.445Z	spark1	LOAD	33.121	4.020
2026-09-28T04:59:06.538Z	spark2	LOAD	20.032	1.703
2026-09-28T04:59:06.696Z	spark1	LOAD	33.120	4.020
2026-09-28T04:59:06.789Z	spark2	LOAD	19.930	1.703
2026-09-28T04:59:06.947Z	spark1	LOAD	33.119	4.020
2026-09-28T04:59:07.039Z	spark2	LOAD	19.821	1.703
2026-09-28T04:59:07.197Z	spark1	LOAD	33.021	4.020
2026-09-28T04:59:07.289Z	spark2	LOAD	19.712	1.703
2026-09-28T04:59:07.465Z	spark1	LOAD	33.017	4.020
2026-09-28T04:59:07.549Z	spark2	LOAD	19.595	1.703
2026-09-28T04:59:07.716Z	spark1	LOAD	32.923	4.020
2026-09-28T04:59:07.799Z	spark2	LOAD	19.502	1.703
2026-09-28T04:59:07.967Z	spark1	LOAD	32.881	4.020
2026-09-28T04:59:08.050Z	spark2	LOAD	19.399	1.703
2026-09-28T04:59:08.218Z	spark1	LOAD	32.879	4.020
2026-09-28T04:59:08.300Z	spark2	LOAD	18.827	1.703
2026-09-28T04:59:08.480Z	spark1	LOAD	32.663	4.020
2026-09-28T04:59:08.560Z	spark2	LOAD	18.777	1.703
2026-09-28T04:59:08.730Z	spark1	LOAD	32.581	4.020
2026-09-28T04:59:08.810Z	spark2	LOAD	19.151	1.703
2026-09-28T04:59:08.981Z	spark1	LOAD	32.571	4.020
2026-09-28T04:59:09.060Z	spark2	LOAD	19.043	1.703
2026-09-28T04:59:09.232Z	spark1	LOAD	32.538	4.020
2026-09-28T04:59:09.311Z	spark2	LOAD	18.968	1.703
2026-09-28T04:59:09.494Z	spark1	LOAD	32.411	4.020
2026-09-28T04:59:09.571Z	spark2	LOAD	18.842	1.703
2026-09-28T04:59:09.745Z	spark1	LOAD	32.411	4.020
2026-09-28T04:59:09.821Z	spark2	LOAD	18.746	1.703
2026-09-28T04:59:09.996Z	spark1	LOAD	32.299	4.020
2026-09-28T04:59:10.071Z	spark2	LOAD	18.648	1.703
2026-09-28T04:59:10.246Z	spark1	LOAD	32.285	4.020
2026-09-28T04:59:10.321Z	spark2	LOAD	18.521	1.703
2026-09-28T04:59:10.508Z	spark1	LOAD	32.280	4.020
2026-09-28T04:59:10.581Z	spark2	LOAD	18.400	1.703
2026-09-28T04:59:10.758Z	spark1	LOAD	32.187	4.020
2026-09-28T04:59:10.831Z	spark2	LOAD	18.299	1.703
2026-09-28T04:59:11.009Z	spark1	LOAD	32.181	4.020
2026-09-28T04:59:11.082Z	spark2	LOAD	18.214	1.703
2026-09-28T04:59:11.260Z	spark1	LOAD	32.181	4.020
2026-09-28T04:59:11.333Z	spark2	LOAD	18.488	1.883
2026-09-28T04:59:11.528Z	spark1	LOAD	32.126	4.020
2026-09-28T04:59:11.599Z	spark2	LOAD	20.178	1.883
2026-09-28T04:59:11.778Z	spark1	LOAD	32.126	4.020
2026-09-28T04:59:11.849Z	spark2	LOAD	20.899	1.887
2026-09-28T04:59:12.029Z	spark1	LOAD	32.128	4.020
2026-09-28T04:59:12.100Z	spark2	LOAD	20.981	2.042
2026-09-28T04:59:12.279Z	spark1	LOAD	32.030	4.020
2026-09-28T04:59:12.350Z	spark2	LOAD	21.061	2.223
2026-09-28T04:59:12.542Z	spark1	LOAD	32.027	4.020
2026-09-28T04:59:12.611Z	spark2	LOAD	21.226	2.480
2026-09-28T04:59:12.793Z	spark1	LOAD	32.029	4.020
2026-09-28T04:59:12.861Z	spark2	LOAD	21.312	2.638
2026-09-28T04:59:13.043Z	spark1	LOAD	31.790	4.020
2026-09-28T04:59:13.112Z	spark2	LOAD	21.348	2.738
2026-09-28T04:59:13.294Z	spark1	LOAD	31.788	4.020
2026-09-28T04:59:13.362Z	spark2	LOAD	21.352	2.849
2026-09-28T04:59:13.561Z	spark1	LOAD	31.807	4.020
2026-09-28T04:59:13.627Z	spark2	LOAD	21.437	3.000
2026-09-28T04:59:13.811Z	spark1	LOAD	30.667	4.020
2026-09-28T04:59:13.878Z	spark2	LOAD	21.538	3.149
2026-09-28T04:59:14.062Z	spark1	LOAD	30.393	4.021
2026-09-28T04:59:14.128Z	spark2	LOAD	21.596	3.267
2026-09-28T04:59:14.312Z	spark1	LOAD	29.200	4.021
2026-09-28T04:59:14.379Z	spark2	LOAD	21.656	3.395
2026-09-28T04:59:14.578Z	spark1	LOAD	26.810	4.021
2026-09-28T04:59:14.639Z	spark2	LOAD	21.719	3.530
2026-09-28T04:59:14.829Z	spark1	LOAD	25.012	4.021
2026-09-28T04:59:14.889Z	spark2	LOAD	21.653	3.551
2026-09-28T04:59:15.080Z	spark1	LOAD	24.269	4.021
2026-09-28T04:59:15.140Z	spark2	LOAD	21.608	3.601
2026-09-28T04:59:15.330Z	spark1	LOAD	24.246	4.021
2026-09-28T04:59:15.390Z	spark2	LOAD	21.578	3.659
2026-09-28T04:59:15.592Z	spark1	LOAD	24.132	4.021
2026-09-28T04:59:15.650Z	spark2	LOAD	21.538	3.704
2026-09-28T04:59:15.843Z	spark1	LOAD	23.941	4.021
2026-09-28T04:59:15.901Z	spark2	LOAD	21.444	3.704
2026-09-28T04:59:16.094Z	spark1	LOAD	23.830	4.021
2026-09-28T04:59:16.152Z	spark2	LOAD	21.347	3.704
2026-09-28T04:59:16.345Z	spark1	LOAD	23.829	4.021
2026-09-28T04:59:16.402Z	spark2	LOAD	21.250	3.704
2026-09-28T04:59:16.612Z	spark1	LOAD	23.825	4.021
2026-09-28T04:59:16.662Z	spark2	LOAD	21.146	3.704
2026-09-28T04:59:16.863Z	spark1	LOAD	23.773	4.021
2026-09-28T04:59:16.912Z	spark2	LOAD	21.043	3.704
2026-09-28T04:59:17.113Z	spark1	LOAD	23.747	4.021
2026-09-28T04:59:17.162Z	spark2	LOAD	20.944	3.704
2026-09-28T04:59:17.364Z	spark1	LOAD	23.747	4.021
2026-09-28T04:59:17.413Z	spark2	LOAD	20.849	3.704
2026-09-28T04:59:17.631Z	spark1	LOAD	23.661	4.021
2026-09-28T04:59:17.673Z	spark2	LOAD	20.740	3.704
2026-09-28T04:59:17.881Z	spark1	LOAD	23.655	4.021
2026-09-28T04:59:17.924Z	spark2	LOAD	20.643	3.704
2026-09-28T04:59:18.132Z	spark1	LOAD	23.653	4.021
2026-09-28T04:59:18.173Z	spark2	LOAD	20.538	3.704
2026-09-28T04:59:18.383Z	spark1	LOAD	23.601	4.021
2026-09-28T04:59:18.424Z	spark2	LOAD	20.438	3.704
2026-09-28T04:59:18.650Z	spark1	LOAD	23.597	4.021
2026-09-28T04:59:18.685Z	spark2	LOAD	20.241	3.704
2026-09-28T04:59:18.901Z	spark1	LOAD	23.597	4.021
2026-09-28T04:59:18.935Z	spark2	LOAD	20.206	3.759
2026-09-28T04:59:19.151Z	spark1	LOAD	23.500	4.021
2026-09-28T04:59:19.186Z	spark2	LOAD	21.159	3.757
2026-09-28T04:59:19.401Z	spark1	LOAD	23.488	4.021
2026-09-28T04:59:19.436Z	spark2	LOAD	22.768	3.757
2026-09-28T04:59:19.668Z	spark1	LOAD	23.488	4.021
2026-09-28T04:59:19.697Z	spark2	LOAD	22.581	3.821
2026-09-28T04:59:19.918Z	spark1	LOAD	23.351	4.021
2026-09-28T04:59:19.947Z	spark2	LOAD	22.604	3.853
2026-09-28T04:59:20.169Z	spark1	LOAD	23.232	4.021
2026-09-28T04:59:20.197Z	spark2	LOAD	22.736	3.853
2026-09-28T04:59:20.419Z	spark1	LOAD	23.230	4.021
2026-09-28T04:59:20.448Z	spark2	LOAD	22.620	3.853
2026-09-28T04:59:20.687Z	spark1	LOAD	23.239	4.021
2026-09-28T04:59:20.708Z	spark2	LOAD	22.045	3.853
2026-09-28T04:59:20.937Z	spark1	LOAD	23.238	4.021
2026-09-28T04:59:20.959Z	spark2	LOAD	22.002	3.853
2026-09-28T04:59:21.188Z	spark1	LOAD	23.238	4.021
2026-09-28T04:59:21.209Z	spark2	LOAD	22.015	3.853
2026-09-28T04:59:21.438Z	spark1	LOAD	23.218	4.021
2026-09-28T04:59:21.460Z	spark2	LOAD	22.449	3.853
2026-09-28T04:59:21.706Z	spark1	LOAD	23.179	4.021
2026-09-28T04:59:21.721Z	spark2	LOAD	22.432	3.853
2026-09-28T04:59:21.956Z	spark1	LOAD	23.137	4.021
2026-09-28T04:59:21.971Z	spark2	LOAD	22.433	3.853
2026-09-28T04:59:22.207Z	spark1	LOAD	23.140	4.021
2026-09-28T04:59:22.221Z	spark2	LOAD	22.409	3.853
2026-09-28T04:59:22.457Z	spark1	LOAD	23.132	4.021
2026-09-28T04:59:22.472Z	spark2	LOAD	22.415	3.853
2026-09-28T04:59:22.725Z	spark1	LOAD	23.131	4.021
2026-09-28T04:59:22.737Z	spark2	LOAD	22.397	3.853
2026-09-28T04:59:22.976Z	spark1	LOAD	22.986	4.021
2026-09-28T04:59:22.988Z	spark2	LOAD	22.339	3.869
2026-09-28T04:59:23.226Z	spark1	LOAD	22.941	4.021
2026-09-28T04:59:23.237Z	spark2	LOAD	22.221	3.869
2026-09-28T04:59:23.477Z	spark1	LOAD	22.940	4.021
2026-09-28T04:59:23.487Z	spark2	LOAD	22.103	3.869
2026-09-28T04:59:23.740Z	spark1	LOAD	22.930	4.021
2026-09-28T04:59:23.748Z	spark2	LOAD	21.975	3.869
2026-09-28T04:59:23.991Z	spark1	LOAD	22.927	4.021
2026-09-28T04:59:23.998Z	spark2	LOAD	21.856	3.869
2026-09-28T04:59:24.241Z	spark1	LOAD	22.910	4.021
2026-09-28T04:59:24.248Z	spark2	LOAD	21.712	3.869
2026-09-28T04:59:24.492Z	spark1	LOAD	22.910	4.021
2026-09-28T04:59:24.499Z	spark2	LOAD	21.588	3.869
2026-09-28T04:59:24.759Z	spark1	LOAD	23.013	4.021
2026-09-28T04:59:24.759Z	spark2	LOAD	21.465	3.869
2026-09-28T04:59:25.009Z	spark1	LOAD	23.012	4.021
2026-09-28T04:59:25.009Z	spark2	LOAD	21.350	3.869
2026-09-28T04:59:25.259Z	spark1	LOAD	22.785	4.021
2026-09-28T04:59:25.259Z	spark2	LOAD	21.229	3.869
2026-09-28T04:59:25.509Z	spark2	LOAD	21.094	3.869
2026-09-28T04:59:25.510Z	spark1	LOAD	19.925	4.022
2026-09-28T04:59:25.774Z	spark2	LOAD	20.939	3.869
2026-09-28T04:59:25.775Z	spark1	LOAD	19.083	4.022
2026-09-28T04:59:26.024Z	spark2	LOAD	20.771	3.869
2026-09-28T04:59:26.025Z	spark1	LOAD	19.082	4.022
2026-09-28T04:59:26.275Z	spark2	LOAD	20.660	3.869
2026-09-28T04:59:26.275Z	spark1	LOAD	19.059	4.022
2026-09-28T04:59:26.525Z	spark2	LOAD	20.596	3.869
2026-09-28T04:59:26.526Z	spark1	LOAD	19.015	4.022
2026-09-28T04:59:26.790Z	spark2	LOAD	20.479	3.869
2026-09-28T04:59:26.794Z	spark1	LOAD	19.084	4.022
2026-09-28T04:59:27.040Z	spark2	LOAD	20.365	3.869
2026-09-28T04:59:27.045Z	spark1	LOAD	18.661	4.022
2026-09-28T04:59:27.290Z	spark2	LOAD	20.255	3.869
2026-09-28T04:59:27.295Z	spark1	LOAD	18.325	4.022
2026-09-28T04:59:27.541Z	spark2	LOAD	20.142	3.870
2026-09-28T04:59:27.545Z	spark1	LOAD	18.548	4.022
2026-09-28T04:59:27.801Z	spark2	LOAD	21.107	3.870
2026-09-28T04:59:27.814Z	spark1	LOAD	18.520	4.022
2026-09-28T04:59:28.053Z	spark2	LOAD	22.726	3.870
2026-09-28T04:59:28.065Z	spark1	LOAD	18.496	4.022
2026-09-28T04:59:28.303Z	spark2	LOAD	22.714	3.870
2026-09-28T04:59:28.315Z	spark1	LOAD	18.507	4.022
2026-09-28T04:59:28.553Z	spark2	LOAD	22.607	3.870
2026-09-28T04:59:28.565Z	spark1	LOAD	18.515	4.022
2026-09-28T04:59:28.818Z	spark2	LOAD	22.516	3.870
2026-09-28T04:59:28.828Z	spark1	LOAD	18.485	4.022
2026-09-28T04:59:29.068Z	spark2	LOAD	22.396	3.870
2026-09-28T04:59:29.078Z	spark1	LOAD	18.460	4.022
2026-09-28T04:59:29.319Z	spark2	LOAD	22.280	3.870
2026-09-28T04:59:29.329Z	spark1	LOAD	18.429	4.022
2026-09-28T04:59:29.570Z	spark2	LOAD	22.161	3.870
2026-09-28T04:59:29.579Z	spark1	LOAD	18.076	4.022
2026-09-28T04:59:29.834Z	spark2	LOAD	22.057	3.870
2026-09-28T04:59:29.847Z	spark1	LOAD	17.677	4.022
2026-09-28T04:59:30.085Z	spark2	LOAD	21.910	3.870
2026-09-28T04:59:30.097Z	spark1	LOAD	17.648	4.022
2026-09-28T04:59:30.334Z	spark2	LOAD	21.854	3.870
2026-09-28T04:59:30.348Z	spark1	LOAD	18.308	4.022
2026-09-28T04:59:30.585Z	spark2	LOAD	21.867	3.870
2026-09-28T04:59:30.598Z	spark1	LOAD	18.290	4.022
2026-09-28T04:59:30.850Z	spark2	LOAD	21.741	3.870
2026-09-28T04:59:30.865Z	spark1	LOAD	17.556	4.022
2026-09-28T04:59:31.100Z	spark2	LOAD	21.656	3.870
2026-09-28T04:59:31.116Z	spark1	LOAD	18.235	4.022
2026-09-28T04:59:31.350Z	spark2	LOAD	21.525	3.870
2026-09-28T04:59:31.366Z	spark1	LOAD	18.206	4.022
2026-09-28T04:59:31.600Z	spark2	LOAD	20.978	3.870
2026-09-28T04:59:31.616Z	spark1	LOAD	18.138	4.022
2026-09-28T04:59:31.865Z	spark2	LOAD	20.917	3.871
2026-09-28T04:59:31.883Z	spark1	LOAD	17.602	4.022
2026-09-28T04:59:32.115Z	spark2	LOAD	21.247	3.871
2026-09-28T04:59:32.134Z	spark1	LOAD	18.136	4.022
2026-09-28T04:59:32.366Z	spark2	LOAD	21.134	3.871
2026-09-28T04:59:32.384Z	spark1	LOAD	18.112	4.022
2026-09-28T04:59:32.616Z	spark2	LOAD	21.006	3.871
2026-09-28T04:59:32.634Z	spark1	LOAD	18.088	4.022
2026-09-28T04:59:32.880Z	spark2	LOAD	20.918	3.871
2026-09-28T04:59:32.904Z	spark1	LOAD	18.011	4.022
2026-09-28T04:59:33.131Z	spark2	LOAD	20.804	3.871
2026-09-28T04:59:33.154Z	spark1	LOAD	18.038	4.022
2026-09-28T04:59:33.381Z	spark2	LOAD	20.679	3.871
2026-09-28T04:59:33.404Z	spark1	LOAD	18.009	4.022
2026-09-28T04:59:33.631Z	spark2	LOAD	20.496	3.871
2026-09-28T04:59:33.655Z	spark1	LOAD	17.964	4.022
2026-09-28T04:59:33.895Z	spark2	LOAD	20.438	3.871
2026-09-28T04:59:33.924Z	spark1	LOAD	17.956	4.024
2026-09-28T04:59:34.146Z	spark2	LOAD	20.336	3.871
2026-09-28T04:59:34.174Z	spark1	LOAD	17.918	4.024
2026-09-28T04:59:34.396Z	spark2	LOAD	20.943	3.871
2026-09-28T04:59:34.424Z	spark1	LOAD	17.192	4.024
2026-09-28T04:59:34.647Z	spark2	LOAD	22.821	3.871
2026-09-28T04:59:34.675Z	spark1	LOAD	17.167	4.024
2026-09-28T04:59:34.912Z	spark2	LOAD	22.827	3.871
2026-09-28T04:59:34.937Z	spark1	LOAD	17.152	4.024
2026-09-28T04:59:35.162Z	spark2	LOAD	22.750	3.871
2026-09-28T04:59:35.187Z	spark1	LOAD	17.833	4.026
2026-09-28T04:59:35.412Z	spark2	LOAD	22.640	3.871
2026-09-28T04:59:35.438Z	spark1	LOAD	17.799	4.026
2026-09-28T04:59:35.663Z	spark2	LOAD	22.432	3.871
2026-09-28T04:59:35.689Z	spark1	LOAD	17.106	4.026
2026-09-28T04:59:35.927Z	spark2	LOAD	22.310	3.871
2026-09-28T04:59:35.950Z	spark1	LOAD	17.023	4.026
2026-09-28T04:59:36.178Z	spark2	LOAD	22.171	3.871
2026-09-28T04:59:36.200Z	spark1	LOAD	17.703	4.027
2026-09-28T04:59:36.428Z	spark2	LOAD	22.058	3.871
2026-09-28T04:59:36.450Z	spark1	LOAD	17.508	4.027
2026-09-28T04:59:36.679Z	spark2	LOAD	21.936	3.871
2026-09-28T04:59:36.700Z	spark1	LOAD	16.936	4.027
2026-09-28T04:59:36.944Z	spark2	LOAD	21.808	3.871
2026-09-28T04:59:36.963Z	spark1	LOAD	17.612	4.028
2026-09-28T04:59:37.194Z	spark2	LOAD	21.689	3.871
2026-09-28T04:59:37.213Z	spark1	LOAD	17.588	4.028
2026-09-28T04:59:37.445Z	spark2	LOAD	21.562	3.871
2026-09-28T04:59:37.463Z	spark1	LOAD	17.600	4.028
2026-09-28T04:59:37.696Z	spark2	LOAD	21.478	3.871
2026-09-28T04:59:37.715Z	spark1	LOAD	16.819	4.028
2026-09-28T04:59:37.956Z	spark2	LOAD	21.530	3.964
2026-09-28T04:59:37.976Z	spark1	LOAD	17.551	4.028
2026-09-28T04:59:38.207Z	spark2	LOAD	21.545	4.049
2026-09-28T04:59:38.226Z	spark1	LOAD	17.526	4.028
2026-09-28T04:59:38.457Z	spark2	LOAD	21.532	4.091
2026-09-28T04:59:38.476Z	spark1	LOAD	16.854	4.028
2026-09-28T04:59:38.707Z	spark2	LOAD	21.483	4.107
2026-09-28T04:59:38.727Z	spark1	LOAD	16.779	4.028
2026-09-28T04:59:38.966Z	spark2	LOAD	21.367	4.107
2026-09-28T04:59:38.989Z	spark1	LOAD	17.454	4.028
2026-09-28T04:59:39.217Z	spark2	LOAD	21.228	4.107
2026-09-28T04:59:39.239Z	spark1	LOAD	17.415	4.028
2026-09-28T04:59:39.467Z	spark2	LOAD	21.121	4.107
2026-09-28T04:59:39.489Z	spark1	LOAD	17.387	4.028
2026-09-28T04:59:39.718Z	spark2	LOAD	21.004	4.107
2026-09-28T04:59:39.740Z	spark1	LOAD	16.941	4.028
2026-09-28T04:59:39.979Z	spark2	LOAD	20.893	4.107
2026-09-28T04:59:40.008Z	spark1	LOAD	17.352	4.028
2026-09-28T04:59:40.228Z	spark2	LOAD	20.792	4.107
2026-09-28T04:59:40.258Z	spark1	LOAD	17.327	4.028
2026-09-28T04:59:40.479Z	spark2	LOAD	20.655	4.107
2026-09-28T04:59:40.508Z	spark1	LOAD	16.588	4.028
2026-09-28T04:59:40.729Z	spark2	LOAD	20.540	4.107
2026-09-28T04:59:40.759Z	spark1	LOAD	17.268	4.028
2026-09-28T04:59:40.989Z	spark2	LOAD	20.440	4.107
2026-09-28T04:59:41.022Z	spark1	LOAD	17.238	4.028
2026-09-28T04:59:41.240Z	spark2	LOAD	20.398	4.105
2026-09-28T04:59:41.272Z	spark1	LOAD	17.212	4.028
2026-09-28T04:59:41.491Z	spark2	LOAD	21.998	4.099
2026-09-28T04:59:41.522Z	spark1	LOAD	16.693	4.028
2026-09-28T04:59:41.741Z	spark2	LOAD	23.028	4.099
2026-09-28T04:59:41.773Z	spark1	LOAD	17.135	4.028
2026-09-28T04:59:42.002Z	spark2	LOAD	22.943	4.099
2026-09-28T04:59:42.042Z	spark1	LOAD	17.140	4.028
2026-09-28T04:59:42.252Z	spark2	LOAD	22.842	4.099
2026-09-28T04:59:42.292Z	spark1	LOAD	16.424	4.028
2026-09-28T04:59:42.502Z	spark2	LOAD	22.708	4.099
2026-09-28T04:59:42.543Z	spark1	LOAD	17.105	4.028
2026-09-28T04:59:42.753Z	spark2	LOAD	22.600	4.099
2026-09-28T04:59:42.793Z	spark1	LOAD	17.078	4.028
2026-09-28T04:59:43.017Z	spark2	LOAD	22.486	4.099
2026-09-28T04:59:43.054Z	spark1	LOAD	17.023	4.028
2026-09-28T04:59:43.268Z	spark2	LOAD	22.375	4.099
2026-09-28T04:59:43.304Z	spark1	LOAD	17.025	4.028
2026-09-28T04:59:43.518Z	spark2	LOAD	22.263	4.099
2026-09-28T04:59:43.556Z	spark1	LOAD	16.996	4.028
2026-09-28T04:59:43.768Z	spark2	LOAD	22.131	4.099
2026-09-28T04:59:43.806Z	spark1	LOAD	16.938	4.028
2026-09-28T04:59:44.028Z	spark2	LOAD	22.014	4.099
2026-09-28T04:59:44.072Z	spark1	LOAD	16.838	4.028
2026-09-28T04:59:44.278Z	spark2	LOAD	21.899	4.099
2026-09-28T04:59:44.323Z	spark1	LOAD	16.884	4.028
2026-09-28T04:59:44.529Z	spark2	LOAD	21.778	4.099
2026-09-28T04:59:44.573Z	spark1	LOAD	16.863	4.028
2026-09-28T04:59:44.779Z	spark2	LOAD	21.760	4.099
2026-09-28T04:59:44.823Z	spark1	LOAD	16.825	4.028
2026-09-28T04:59:45.044Z	spark2	LOAD	21.619	4.099
2026-09-28T04:59:45.090Z	spark1	LOAD	16.327	4.028
2026-09-28T04:59:45.295Z	spark2	LOAD	21.525	4.099
2026-09-28T04:59:45.340Z	spark1	LOAD	16.794	4.028
2026-09-28T04:59:45.545Z	spark2	LOAD	21.481	4.099
2026-09-28T04:59:45.590Z	spark1	LOAD	16.765	4.028
2026-09-28T04:59:45.795Z	spark2	LOAD	21.386	4.103
2026-09-28T04:59:45.840Z	spark1	LOAD	16.731	4.028
2026-09-28T04:59:46.056Z	spark2	LOAD	21.434	4.124
2026-09-28T04:59:46.102Z	spark1	LOAD	16.706	4.028
2026-09-28T04:59:46.306Z	spark2	LOAD	21.373	4.125
2026-09-28T04:59:46.352Z	spark1	LOAD	16.680	4.028
2026-09-28T04:59:46.557Z	spark2	LOAD	21.258	4.133
2026-09-28T04:59:46.603Z	spark1	LOAD	16.696	4.028
2026-09-28T04:59:46.807Z	spark2	LOAD	21.179	4.166
2026-09-28T04:59:46.853Z	spark1	LOAD	16.696	4.028
2026-09-28T04:59:47.067Z	spark2	LOAD	20.936	4.180
2026-09-28T04:59:47.120Z	spark1	LOAD	16.686	4.028
2026-09-28T04:59:47.318Z	spark2	LOAD	21.033	4.184
2026-09-28T04:59:47.370Z	spark1	LOAD	16.683	4.028
2026-09-28T04:59:47.567Z	spark2	LOAD	20.936	4.187
2026-09-28T04:59:47.620Z	spark1	LOAD	16.650	4.028
2026-09-28T04:59:47.817Z	spark2	LOAD	20.839	4.189
2026-09-28T04:59:47.870Z	spark1	LOAD	16.620	4.028
2026-09-28T04:59:48.082Z	spark2	LOAD	20.660	4.187
2026-09-28T04:59:48.132Z	spark1	LOAD	16.752	4.028
2026-09-28T04:59:48.333Z	spark2	LOAD	20.582	4.186
2026-09-28T04:59:48.383Z	spark1	LOAD	18.508	4.028
2026-09-28T04:59:48.583Z	spark2	LOAD	20.853	4.185
2026-09-28T04:59:48.633Z	spark1	LOAD	18.367	4.028
2026-09-28T04:59:48.834Z	spark2	LOAD	22.191	4.174
2026-09-28T04:59:48.884Z	spark1	LOAD	18.221	4.028
2026-09-28T04:59:49.099Z	spark2	LOAD	23.268	4.172
2026-09-28T04:59:49.147Z	spark1	LOAD	18.089	4.028
2026-09-28T04:59:49.349Z	spark2	LOAD	23.222	4.172
2026-09-28T04:59:49.397Z	spark1	LOAD	17.939	4.028
2026-09-28T04:59:49.600Z	spark2	LOAD	23.165	4.172
2026-09-28T04:59:49.647Z	spark1	LOAD	17.811	4.028
2026-09-28T04:59:49.850Z	spark2	LOAD	23.050	4.172
2026-09-28T04:59:49.898Z	spark1	LOAD	18.443	4.028
2026-09-28T04:59:50.110Z	spark2	LOAD	22.929	4.172
2026-09-28T04:59:50.164Z	spark1	LOAD	18.306	4.028
2026-09-28T04:59:50.361Z	spark2	LOAD	22.815	4.172
2026-09-28T04:59:50.414Z	spark1	LOAD	18.182	4.028
2026-09-28T04:59:50.611Z	spark2	LOAD	22.650	4.110
2026-09-28T04:59:50.664Z	spark1	LOAD	18.090	4.028
2026-09-28T04:59:50.861Z	spark2	LOAD	22.529	4.110
2026-09-28T04:59:50.914Z	spark1	LOAD	17.938	4.028
2026-09-28T04:59:51.122Z	spark2	LOAD	22.422	4.110
2026-09-28T04:59:51.181Z	spark1	LOAD	17.817	4.028
2026-09-28T04:59:51.372Z	spark2	LOAD	22.019	4.110
2026-09-28T04:59:51.432Z	spark1	LOAD	17.674	4.028
2026-09-28T04:59:51.622Z	spark2	LOAD	22.226	4.110
2026-09-28T04:59:51.682Z	spark1	LOAD	17.599	4.028
2026-09-28T04:59:51.873Z	spark2	LOAD	22.136	4.110
2026-09-28T04:59:51.932Z	spark1	LOAD	17.482	4.028
2026-09-28T04:59:52.137Z	spark2	LOAD	22.031	4.111
2026-09-28T04:59:52.195Z	spark1	LOAD	17.298	4.028
2026-09-28T04:59:52.388Z	spark2	LOAD	21.894	4.111
2026-09-28T04:59:52.445Z	spark1	LOAD	17.166	4.028
2026-09-28T04:59:52.638Z	spark2	LOAD	21.831	4.111
2026-09-28T04:59:52.695Z	spark1	LOAD	17.086	4.028
2026-09-28T04:59:52.888Z	spark2	LOAD	21.581	4.111
2026-09-28T04:59:52.946Z	spark1	LOAD	17.026	4.028
2026-09-28T04:59:53.150Z	spark2	LOAD	21.543	4.111
2026-09-28T04:59:53.208Z	spark1	LOAD	16.881	4.028
2026-09-28T04:59:53.400Z	spark2	LOAD	21.428	4.111
2026-09-28T04:59:53.459Z	spark1	LOAD	17.304	4.028
2026-09-28T04:59:53.650Z	spark2	LOAD	20.881	4.111
2026-09-28T04:59:53.709Z	spark1	LOAD	18.834	4.028
2026-09-28T04:59:53.900Z	spark2	LOAD	21.199	4.111
2026-09-28T04:59:53.959Z	spark1	LOAD	19.009	4.028
2026-09-28T04:59:54.165Z	spark2	LOAD	21.099	4.112
2026-09-28T04:59:54.221Z	spark1	LOAD	19.011	4.028
2026-09-28T04:59:54.415Z	spark2	LOAD	21.046	4.112
2026-09-28T04:59:54.472Z	spark1	LOAD	19.055	4.028
2026-09-28T04:59:54.666Z	spark2	LOAD	20.951	4.112
2026-09-28T04:59:54.722Z	spark1	LOAD	19.067	4.028
2026-09-28T04:59:54.916Z	spark2	LOAD	20.858	4.112
2026-09-28T04:59:54.972Z	spark1	LOAD	19.084	4.028
2026-09-28T04:59:55.181Z	spark2	LOAD	20.818	4.111
2026-09-28T04:59:55.240Z	spark1	LOAD	19.100	4.028
2026-09-28T04:59:55.431Z	spark2	LOAD	22.371	4.111
2026-09-28T04:59:55.490Z	spark1	LOAD	19.104	4.028
2026-09-28T04:59:55.682Z	spark2	LOAD	23.159	4.111
2026-09-28T04:59:55.740Z	spark1	LOAD	19.105	4.028
2026-09-28T04:59:55.932Z	spark2	LOAD	23.134	4.111
2026-09-28T04:59:55.990Z	spark1	LOAD	19.072	4.028
2026-09-28T04:59:56.198Z	spark2	LOAD	23.004	4.111
2026-09-28T04:59:56.258Z	spark1	LOAD	19.014	4.028
2026-09-28T04:59:56.449Z	spark2	LOAD	22.901	4.111
2026-09-28T04:59:56.508Z	spark1	LOAD	18.989	4.028
2026-09-28T04:59:56.699Z	spark2	LOAD	22.789	4.111
2026-09-28T04:59:56.759Z	spark1	LOAD	18.969	4.028
2026-09-28T04:59:56.950Z	spark2	LOAD	22.675	4.111
2026-09-28T04:59:57.009Z	spark1	LOAD	18.954	4.028
2026-09-28T04:59:57.214Z	spark2	LOAD	22.585	4.111
2026-09-28T04:59:57.271Z	spark1	LOAD	18.927	4.028
2026-09-28T04:59:57.464Z	spark2	LOAD	22.450	4.111
2026-09-28T04:59:57.521Z	spark1	LOAD	18.906	4.028
2026-09-28T04:59:57.715Z	spark2	LOAD	21.986	4.111
2026-09-28T04:59:57.771Z	spark1	LOAD	18.885	4.028
2026-09-28T04:59:57.965Z	spark2	LOAD	22.250	4.111
2026-09-28T04:59:58.022Z	spark1	LOAD	18.863	4.028
2026-09-28T04:59:58.231Z	spark2	LOAD	22.128	4.111
2026-09-28T04:59:58.288Z	spark1	LOAD	18.840	4.028
2026-09-28T04:59:58.481Z	spark2	LOAD	22.022	4.111
2026-09-28T04:59:58.538Z	spark1	LOAD	18.922	4.028
2026-09-28T04:59:58.731Z	spark2	LOAD	21.890	4.111
2026-09-28T04:59:58.788Z	spark1	LOAD	18.864	4.028
2026-09-28T04:59:58.981Z	spark2	LOAD	21.772	4.112
2026-09-28T04:59:59.039Z	spark1	LOAD	18.837	4.028
2026-09-28T04:59:59.241Z	spark2	LOAD	21.609	4.110
2026-09-28T04:59:59.301Z	spark1	LOAD	18.800	4.028
2026-09-28T04:59:59.492Z	spark2	LOAD	21.525	4.110
2026-09-28T04:59:59.551Z	spark1	LOAD	18.768	4.028
2026-09-28T04:59:59.742Z	spark2	LOAD	21.399	4.109
2026-09-28T04:59:59.802Z	spark1	LOAD	18.713	4.028
2026-09-28T04:59:59.992Z	spark2	LOAD	21.299	4.109
2026-09-28T05:00:00.052Z	spark1	LOAD	18.684	4.028
2026-09-28T05:00:00.253Z	spark2	LOAD	21.176	4.109
2026-09-28T05:00:00.321Z	spark1	LOAD	18.646	4.028
2026-09-28T05:00:00.503Z	spark2	LOAD	21.081	4.109
2026-09-28T05:00:00.572Z	spark1	LOAD	18.594	4.028
2026-09-28T05:00:00.754Z	spark2	LOAD	20.999	4.109
2026-09-28T05:00:00.822Z	spark1	LOAD	18.562	4.028
2026-09-28T05:00:01.005Z	spark2	LOAD	20.881	4.109
2026-09-28T05:00:01.072Z	spark1	LOAD	18.538	4.028
2026-09-28T05:00:01.269Z	spark2	LOAD	20.767	4.110
2026-09-28T05:00:01.338Z	spark1	LOAD	18.503	4.028
2026-09-28T05:00:01.519Z	spark2	LOAD	20.644	4.110
2026-09-28T05:00:01.589Z	spark1	LOAD	18.464	4.028
2026-09-28T05:00:01.770Z	spark2	LOAD	20.356	4.109
2026-09-28T05:00:01.839Z	spark1	LOAD	18.433	4.028
2026-09-28T05:00:02.021Z	spark2	LOAD	21.795	4.109
2026-09-28T05:00:02.089Z	spark1	LOAD	18.407	4.028
2026-09-28T05:00:02.286Z	spark2	LOAD	22.636	4.109
2026-09-28T05:00:02.356Z	spark1	LOAD	18.379	4.028
2026-09-28T05:00:02.536Z	spark2	LOAD	22.606	4.109
2026-09-28T05:00:02.606Z	spark1	LOAD	18.342	4.028
2026-09-28T05:00:02.786Z	spark2	LOAD	22.580	4.109
2026-09-28T05:00:02.856Z	spark1	LOAD	18.309	4.028
2026-09-28T05:00:03.037Z	spark2	LOAD	22.545	4.109
2026-09-28T05:00:03.107Z	spark1	LOAD	18.259	4.028
2026-09-28T05:00:03.301Z	spark2	LOAD	22.508	4.109
2026-09-28T05:00:03.369Z	spark1	LOAD	18.238	4.028
2026-09-28T05:00:03.552Z	spark2	LOAD	22.384	4.109
2026-09-28T05:00:03.619Z	spark1	LOAD	18.214	4.028
2026-09-28T05:00:03.802Z	spark2	LOAD	22.251	4.109
2026-09-28T05:00:03.869Z	spark1	LOAD	18.187	4.028
2026-09-28T05:00:04.052Z	spark2	LOAD	22.130	4.109
2026-09-28T05:00:04.119Z	spark1	LOAD	18.158	4.028
2026-09-28T05:00:04.317Z	spark2	LOAD	21.806	4.109
2026-09-28T05:00:04.386Z	spark1	LOAD	18.133	4.028
2026-09-28T05:00:04.567Z	spark2	LOAD	21.904	4.109
2026-09-28T05:00:04.636Z	spark1	LOAD	18.093	4.028
2026-09-28T05:00:04.818Z	spark2	LOAD	22.192	4.109
2026-09-28T05:00:04.886Z	spark1	LOAD	18.068	4.028
2026-09-28T05:00:05.068Z	spark2	LOAD	22.064	4.109
2026-09-28T05:00:05.136Z	spark1	LOAD	18.038	4.028
2026-09-28T05:00:05.333Z	spark2	LOAD	21.937	4.109
2026-09-28T05:00:05.402Z	spark1	LOAD	18.008	4.028
2026-09-28T05:00:05.583Z	spark2	LOAD	21.847	4.109
2026-09-28T05:00:05.652Z	spark1	LOAD	17.979	4.028
2026-09-28T05:00:05.833Z	spark2	LOAD	21.754	4.109
2026-09-28T05:00:05.903Z	spark1	LOAD	17.955	4.028
2026-09-28T05:00:06.083Z	spark2	LOAD	21.674	4.109
2026-09-28T05:00:06.153Z	spark1	LOAD	17.932	4.028
2026-09-28T05:00:06.348Z	spark2	LOAD	21.567	4.109
2026-09-28T05:00:06.420Z	spark1	LOAD	17.898	4.028
2026-09-28T05:00:06.598Z	spark2	LOAD	21.446	4.110
2026-09-28T05:00:06.671Z	spark1	LOAD	17.850	4.028
2026-09-28T05:00:06.849Z	spark2	LOAD	21.325	4.110
2026-09-28T05:00:06.921Z	spark1	LOAD	17.829	4.028
2026-09-28T05:00:07.099Z	spark2	LOAD	21.208	4.110
2026-09-28T05:00:07.171Z	spark1	LOAD	17.803	4.028
2026-09-28T05:00:07.365Z	spark2	LOAD	21.081	4.110
2026-09-28T05:00:07.437Z	spark1	LOAD	17.774	4.028
2026-09-28T05:00:07.615Z	spark2	LOAD	20.965	4.110
2026-09-28T05:00:07.687Z	spark1	LOAD	17.739	4.028
2026-09-28T05:00:07.866Z	spark2	LOAD	20.836	4.110
2026-09-28T05:00:07.938Z	spark1	LOAD	17.721	4.028
2026-09-28T05:00:08.116Z	spark2	LOAD	20.717	4.110
2026-09-28T05:00:08.188Z	spark1	LOAD	17.845	4.028
2026-09-28T05:00:08.376Z	spark2	LOAD	20.600	4.110
2026-09-28T05:00:08.456Z	spark1	LOAD	17.369	4.028
2026-09-28T05:00:08.627Z	spark2	LOAD	20.961	4.109
2026-09-28T05:00:08.706Z	spark1	LOAD	17.042	4.028
2026-09-28T05:00:08.877Z	spark2	LOAD	22.775	4.109
2026-09-28T05:00:08.957Z	spark1	LOAD	17.009	4.028
2026-09-28T05:00:09.127Z	spark2	LOAD	22.863	4.109
2026-09-28T05:00:09.207Z	spark1	LOAD	16.979	4.028
2026-09-28T05:00:09.392Z	spark2	LOAD	22.849	4.109
2026-09-28T05:00:09.474Z	spark1	LOAD	16.939	4.028
2026-09-28T05:00:09.643Z	spark2	LOAD	22.774	4.109
2026-09-28T05:00:09.724Z	spark1	LOAD	16.936	4.028
2026-09-28T05:00:09.894Z	spark2	LOAD	22.652	4.109
2026-09-28T05:00:09.974Z	spark1	LOAD	17.595	4.028
2026-09-28T05:00:10.144Z	spark2	LOAD	22.561	4.109
2026-09-28T05:00:10.224Z	spark1	LOAD	17.573	4.028
2026-09-28T05:00:10.409Z	spark2	LOAD	22.508	4.108
2026-09-28T05:00:10.492Z	spark1	LOAD	17.529	4.028
2026-09-28T05:00:10.659Z	spark2	LOAD	22.432	4.108
2026-09-28T05:00:10.743Z	spark1	LOAD	17.472	4.028
2026-09-28T05:00:10.910Z	spark2	LOAD	22.366	4.108
2026-09-28T05:00:10.993Z	spark1	LOAD	17.464	4.028
2026-09-28T05:00:11.159Z	spark2	LOAD	22.317	4.106
2026-09-28T05:00:11.243Z	spark1	LOAD	17.401	4.028
2026-09-28T05:00:11.424Z	spark2	LOAD	22.291	4.106
2026-09-28T05:00:11.505Z	spark1	LOAD	17.406	4.028
2026-09-28T05:00:11.674Z	spark2	LOAD	21.762	4.106
2026-09-28T05:00:11.755Z	spark1	LOAD	17.366	4.028
2026-09-28T05:00:11.925Z	spark2	LOAD	21.669	4.106
2026-09-28T05:00:12.005Z	spark1	LOAD	17.336	4.028
2026-09-28T05:00:12.175Z	spark2	LOAD	21.582	4.106
2026-09-28T05:00:12.256Z	spark1	LOAD	17.322	4.028
2026-09-28T05:00:12.436Z	spark2	LOAD	21.899	4.106
2026-09-28T05:00:12.522Z	spark1	LOAD	17.272	4.028
2026-09-28T05:00:12.686Z	spark2	LOAD	21.805	4.106
2026-09-28T05:00:12.772Z	spark1	LOAD	17.212	4.028
2026-09-28T05:00:12.936Z	spark2	LOAD	21.723	4.107
2026-09-28T05:00:13.023Z	spark1	LOAD	17.213	4.028
2026-09-28T05:00:13.187Z	spark2	LOAD	21.628	4.107
2026-09-28T05:00:13.273Z	spark1	LOAD	17.173	4.028
2026-09-28T05:00:13.447Z	spark2	LOAD	21.542	4.107
2026-09-28T05:00:13.540Z	spark1	LOAD	17.130	4.028
2026-09-28T05:00:13.697Z	spark2	LOAD	21.423	4.107
2026-09-28T05:00:13.791Z	spark1	LOAD	16.595	4.028
2026-09-28T05:00:13.947Z	spark2	LOAD	21.333	4.107
2026-09-28T05:00:14.041Z	spark1	LOAD	17.091	4.031
2026-09-28T05:00:14.198Z	spark2	LOAD	21.259	4.107
2026-09-28T05:00:14.291Z	spark1	LOAD	17.194	4.175
2026-09-28T05:00:14.458Z	spark2	LOAD	21.172	4.107
2026-09-28T05:00:14.552Z	spark1	LOAD	17.146	4.175
2026-09-28T05:00:14.709Z	spark2	LOAD	21.084	4.107
2026-09-28T05:00:14.802Z	spark1	LOAD	17.081	4.175
2026-09-28T05:00:14.959Z	spark2	LOAD	20.991	4.108
2026-09-28T05:00:15.053Z	spark1	LOAD	17.089	4.175
2026-09-28T05:00:15.210Z	spark2	LOAD	21.294	4.109
2026-09-28T05:00:15.303Z	spark1	LOAD	17.052	4.175
2026-09-28T05:00:15.470Z	spark2	LOAD	22.661	4.109
2026-09-28T05:00:15.570Z	spark1	LOAD	17.009	4.175
2026-09-28T05:00:15.720Z	spark2	LOAD	23.244	4.109
2026-09-28T05:00:15.820Z	spark1	LOAD	16.986	4.175
2026-09-28T05:00:15.971Z	spark2	LOAD	23.152	4.109
2026-09-28T05:00:16.071Z	spark1	LOAD	16.405	4.278
2026-09-28T05:00:16.221Z	spark2	LOAD	23.059	4.109
2026-09-28T05:00:16.321Z	spark1	LOAD	17.079	4.323
2026-09-28T05:00:16.482Z	spark2	LOAD	22.955	4.109
2026-09-28T05:00:16.590Z	spark1	LOAD	17.043	4.323
2026-09-28T05:00:16.732Z	spark2	LOAD	22.849	4.109
2026-09-28T05:00:16.840Z	spark1	LOAD	16.940	4.334
2026-09-28T05:00:16.982Z	spark2	LOAD	22.765	4.109
2026-09-28T05:00:17.091Z	spark1	LOAD	17.071	4.459
2026-09-28T05:00:17.232Z	spark2	LOAD	22.692	4.108
2026-09-28T05:00:17.341Z	spark1	LOAD	17.039	4.459
2026-09-28T05:00:17.493Z	spark2	LOAD	22.576	4.108
2026-09-28T05:00:17.608Z	spark1	LOAD	16.723	4.459
2026-09-28T05:00:17.743Z	spark2	LOAD	22.458	4.108
2026-09-28T05:00:17.858Z	spark1	LOAD	16.364	4.459
2026-09-28T05:00:17.993Z	spark2	LOAD	22.358	4.109
2026-09-28T05:00:18.108Z	spark1	LOAD	16.465	4.577
2026-09-28T05:00:18.244Z	spark2	LOAD	22.229	4.110
2026-09-28T05:00:18.358Z	spark1	LOAD	17.337	4.811
2026-09-28T05:00:18.512Z	spark2	LOAD	22.056	4.112
2026-09-28T05:00:18.627Z	spark1	LOAD	17.583	5.079
2026-09-28T05:00:18.762Z	spark2	LOAD	21.989	4.112
2026-09-28T05:00:18.877Z	spark1	LOAD	17.699	5.224
2026-09-28T05:00:19.013Z	spark2	LOAD	21.889	4.112
2026-09-28T05:00:19.127Z	spark1	LOAD	17.578	5.312
2026-09-28T05:00:19.263Z	spark2	LOAD	21.778	4.112
2026-09-28T05:00:19.377Z	spark1	LOAD	17.435	5.397
2026-09-28T05:00:19.527Z	spark2	LOAD	21.675	4.113
2026-09-28T05:00:19.646Z	spark1	LOAD	17.851	5.473
2026-09-28T05:00:19.778Z	spark2	LOAD	21.575	4.113
2026-09-28T05:00:19.897Z	spark1	LOAD	17.809	5.568
2026-09-28T05:00:20.029Z	spark2	LOAD	21.484	4.113
2026-09-28T05:00:20.147Z	spark1	LOAD	17.917	5.646
2026-09-28T05:00:20.278Z	spark2	LOAD	21.368	4.113
2026-09-28T05:00:20.397Z	spark1	LOAD	18.046	5.718
2026-09-28T05:00:20.541Z	spark2	LOAD	21.272	4.113
2026-09-28T05:00:20.660Z	spark1	LOAD	17.487	5.718
2026-09-28T05:00:20.791Z	spark2	LOAD	21.173	4.113
2026-09-28T05:00:20.911Z	spark1	LOAD	18.378	5.718
2026-09-28T05:00:21.042Z	spark2	LOAD	21.069	4.113
2026-09-28T05:00:21.161Z	spark1	LOAD	19.696	5.718
2026-09-28T05:00:21.292Z	spark2	LOAD	20.948	4.113
2026-09-28T05:00:21.411Z	spark1	LOAD	20.252	5.718
2026-09-28T05:00:21.559Z	spark2	LOAD	20.797	4.113
2026-09-28T05:00:21.673Z	spark1	LOAD	20.230	5.718
2026-09-28T05:00:21.810Z	spark2	LOAD	20.651	4.112
2026-09-28T05:00:21.924Z	spark1	LOAD	20.201	5.718
2026-09-28T05:00:22.060Z	spark2	LOAD	20.519	4.112
2026-09-28T05:00:22.174Z	spark1	LOAD	20.165	5.718
2026-09-28T05:00:22.310Z	spark2	LOAD	21.703	4.110
2026-09-28T05:00:22.424Z	spark1	LOAD	20.119	5.718
2026-09-28T05:00:22.571Z	spark2	LOAD	23.257	4.110
2026-09-28T05:00:22.687Z	spark1	LOAD	20.090	5.718
2026-09-28T05:00:22.821Z	spark2	LOAD	23.201	4.110
2026-09-28T05:00:22.938Z	spark1	LOAD	20.058	5.718
2026-09-28T05:00:23.071Z	spark2	LOAD	23.114	4.110
2026-09-28T05:00:23.188Z	spark1	LOAD	20.008	5.718
2026-09-28T05:00:23.322Z	spark2	LOAD	23.041	4.110
2026-09-28T05:00:23.438Z	spark1	LOAD	19.980	5.718
2026-09-28T05:00:23.586Z	spark2	LOAD	22.948	4.110
2026-09-28T05:00:23.705Z	spark1	LOAD	19.947	5.718
2026-09-28T05:00:23.836Z	spark2	LOAD	22.857	4.110
2026-09-28T05:00:23.956Z	spark1	LOAD	19.918	5.718
2026-09-28T05:00:24.087Z	spark2	LOAD	22.754	4.110
2026-09-28T05:00:24.206Z	spark1	LOAD	19.894	5.718
2026-09-28T05:00:24.336Z	spark2	LOAD	22.661	4.110
2026-09-28T05:00:24.456Z	spark1	LOAD	19.865	5.718
2026-09-28T05:00:24.596Z	spark2	LOAD	22.598	4.110
2026-09-28T05:00:24.722Z	spark1	LOAD	19.836	5.718
2026-09-28T05:00:24.847Z	spark2	LOAD	22.511	4.110
2026-09-28T05:00:24.973Z	spark1	LOAD	19.806	5.718
2026-09-28T05:00:25.097Z	spark2	LOAD	22.413	4.110
2026-09-28T05:00:25.223Z	spark1	LOAD	19.755	5.718
2026-09-28T05:00:25.347Z	spark2	LOAD	22.350	4.112
2026-09-28T05:00:25.474Z	spark1	LOAD	19.720	5.718
2026-09-28T05:00:25.607Z	spark2	LOAD	22.264	4.114
2026-09-28T05:00:25.740Z	spark1	LOAD	19.681	5.718
2026-09-28T05:00:25.858Z	spark2	LOAD	22.166	4.117
2026-09-28T05:00:25.990Z	spark1	LOAD	19.638	5.718
2026-09-28T05:00:26.108Z	spark2	LOAD	21.653	4.117
2026-09-28T05:00:26.240Z	spark1	LOAD	19.591	5.718
2026-09-28T05:00:26.359Z	spark2	LOAD	21.969	4.119
2026-09-28T05:00:26.491Z	spark1	LOAD	19.524	5.718
2026-09-28T05:00:26.618Z	spark2	LOAD	21.886	4.121
2026-09-28T05:00:26.754Z	spark1	LOAD	19.452	5.718
2026-09-28T05:00:26.868Z	spark2	LOAD	21.794	4.122
2026-09-28T05:00:27.004Z	spark1	LOAD	19.374	5.718
2026-09-28T05:00:27.119Z	spark2	LOAD	21.741	4.124
2026-09-28T05:00:27.255Z	spark1	LOAD	19.323	5.718
2026-09-28T05:00:27.370Z	spark2	LOAD	21.646	4.126
2026-09-28T05:00:27.506Z	spark1	LOAD	19.299	5.718
2026-09-28T05:00:27.634Z	spark2	LOAD	21.540	4.127
2026-09-28T05:00:27.773Z	spark1	LOAD	19.272	5.718
2026-09-28T05:00:27.885Z	spark2	LOAD	21.484	4.128
2026-09-28T05:00:28.023Z	spark1	LOAD	19.249	5.718
2026-09-28T05:00:28.135Z	spark2	LOAD	21.407	4.128
2026-09-28T05:00:28.273Z	spark1	LOAD	19.225	5.718
2026-09-28T05:00:28.386Z	spark2	LOAD	21.331	4.129
2026-09-28T05:00:28.524Z	spark1	LOAD	19.198	5.718
2026-09-28T05:00:28.650Z	spark2	LOAD	21.238	4.129
2026-09-28T05:00:28.790Z	spark1	LOAD	19.172	5.718
2026-09-28T05:00:28.900Z	spark2	LOAD	21.156	4.130
2026-09-28T05:00:29.040Z	spark1	LOAD	19.152	5.718
2026-09-28T05:00:29.151Z	spark2	LOAD	21.071	4.131
2026-09-28T05:00:29.291Z	spark1	LOAD	19.111	5.718
2026-09-28T05:00:29.402Z	spark2	LOAD	22.239	4.131
2026-09-28T05:00:29.541Z	spark1	LOAD	19.079	5.718
2026-09-28T05:00:29.662Z	spark2	LOAD	22.876	4.131
2026-09-28T05:00:29.803Z	spark1	LOAD	19.046	5.718
2026-09-28T05:00:29.912Z	spark2	LOAD	22.853	4.131
2026-09-28T05:00:30.053Z	spark1	LOAD	18.934	5.718
2026-09-28T05:00:30.162Z	spark2	LOAD	22.810	4.131
2026-09-28T05:00:30.304Z	spark1	LOAD	18.904	5.718
2026-09-28T05:00:30.413Z	spark2	LOAD	22.779	4.131
2026-09-28T05:00:30.554Z	spark1	LOAD	18.871	5.718
2026-09-28T05:00:30.674Z	spark2	LOAD	22.748	4.131
2026-09-28T05:00:30.822Z	spark1	LOAD	18.834	5.718
2026-09-28T05:00:30.924Z	spark2	LOAD	22.716	4.131
2026-09-28T05:00:31.073Z	spark1	LOAD	18.808	5.718
2026-09-28T05:00:31.174Z	spark2	LOAD	22.671	4.131
2026-09-28T05:00:31.323Z	spark1	LOAD	18.770	5.718
2026-09-28T05:00:31.425Z	spark2	LOAD	22.548	4.131
2026-09-28T05:00:31.573Z	spark1	LOAD	19.039	5.836
2026-09-28T05:00:31.690Z	spark2	LOAD	22.026	4.131
2026-09-28T05:00:31.841Z	spark1	LOAD	19.791	5.940
2026-09-28T05:00:31.940Z	spark2	LOAD	22.363	4.132
2026-09-28T05:00:32.091Z	spark1	LOAD	19.805	5.957
2026-09-28T05:00:32.191Z	spark2	LOAD	21.810	4.132
2026-09-28T05:00:32.341Z	spark1	LOAD	19.752	5.957
2026-09-28T05:00:32.441Z	spark2	LOAD	21.667	4.134
2026-09-28T05:00:32.592Z	spark1	LOAD	19.729	5.957
2026-09-28T05:00:32.700Z	spark2	LOAD	21.512	4.136
2026-09-28T05:00:32.861Z	spark1	LOAD	19.698	5.957
2026-09-28T05:00:32.951Z	spark2	LOAD	21.902	4.138
2026-09-28T05:00:33.111Z	spark1	LOAD	19.027	5.957
2026-09-28T05:00:33.201Z	spark2	LOAD	21.768	4.137
2026-09-28T05:00:33.361Z	spark1	LOAD	18.929	5.957
2026-09-28T05:00:33.451Z	spark2	LOAD	21.658	4.135
2026-09-28T05:00:33.611Z	spark1	LOAD	19.656	5.987
2026-09-28T05:00:33.711Z	spark2	LOAD	21.541	4.131
2026-09-28T05:00:33.882Z	spark1	LOAD	19.676	6.098
2026-09-28T05:00:33.962Z	spark2	LOAD	21.414	4.131
2026-09-28T05:00:34.132Z	spark1	LOAD	19.807	6.193
2026-09-28T05:00:34.212Z	spark2	LOAD	21.318	4.131
2026-09-28T05:00:34.383Z	spark1	LOAD	19.842	6.269
2026-09-28T05:00:34.462Z	spark2	LOAD	21.219	4.131
2026-09-28T05:00:34.633Z	spark1	LOAD	19.798	6.269
2026-09-28T05:00:34.723Z	spark2	LOAD	21.125	4.131
2026-09-28T05:00:34.896Z	spark1	LOAD	19.768	6.269
2026-09-28T05:00:34.973Z	spark2	LOAD	21.000	4.131
2026-09-28T05:00:35.146Z	spark1	LOAD	19.708	6.269
2026-09-28T05:00:35.223Z	spark2	LOAD	20.868	4.131
2026-09-28T05:00:35.396Z	spark1	LOAD	19.220	6.269
2026-09-28T05:00:35.473Z	spark2	LOAD	20.756	4.131
2026-09-28T05:00:35.646Z	spark1	LOAD	19.109	6.270
2026-09-28T05:00:35.738Z	spark2	LOAD	20.627	4.131
2026-09-28T05:00:35.914Z	spark1	LOAD	19.332	6.270
2026-09-28T05:00:35.989Z	spark2	LOAD	22.167	4.131
2026-09-28T05:00:36.165Z	spark1	LOAD	19.730	6.270
2026-09-28T05:00:36.239Z	spark2	LOAD	23.168	4.131
2026-09-28T05:00:36.415Z	spark1	LOAD	19.710	6.270
2026-09-28T05:00:36.490Z	spark2	LOAD	23.131	4.131
2026-09-28T05:00:36.665Z	spark1	LOAD	19.673	6.270
2026-09-28T05:00:36.750Z	spark2	LOAD	23.049	4.131
2026-09-28T05:00:36.932Z	spark1	LOAD	19.651	6.270
2026-09-28T05:00:37.001Z	spark2	LOAD	22.940	4.131
2026-09-28T05:00:37.182Z	spark1	LOAD	19.722	6.375
2026-09-28T05:00:37.251Z	spark2	LOAD	22.854	4.131
2026-09-28T05:00:37.432Z	spark1	LOAD	19.668	6.375
2026-09-28T05:00:37.502Z	spark2	LOAD	22.775	4.131
2026-09-28T05:00:37.683Z	spark1	LOAD	19.032	6.375
2026-09-28T05:00:37.766Z	spark2	LOAD	22.680	4.131
2026-09-28T05:00:37.949Z	spark1	LOAD	19.029	6.396
2026-09-28T05:00:38.017Z	spark2	LOAD	22.580	4.131
2026-09-28T05:00:38.199Z	spark1	LOAD	19.713	6.491
2026-09-28T05:00:38.267Z	spark2	LOAD	22.449	4.131
2026-09-28T05:00:38.449Z	spark1	LOAD	19.679	6.491
2026-09-28T05:00:38.517Z	spark2	LOAD	22.346	4.131
2026-09-28T05:00:38.700Z	spark1	LOAD	19.119	6.536
2026-09-28T05:00:38.782Z	spark2	LOAD	22.245	4.131
2026-09-28T05:00:38.969Z	spark1	LOAD	19.720	6.611
2026-09-28T05:00:39.033Z	spark2	LOAD	22.142	4.131
2026-09-28T05:00:39.220Z	spark1	LOAD	19.253	6.611
2026-09-28T05:00:39.283Z	spark2	LOAD	22.035	4.130
2026-09-28T05:00:39.470Z	spark1	LOAD	19.086	6.667
2026-09-28T05:00:39.533Z	spark2	LOAD	21.929	4.130
2026-09-28T05:00:39.720Z	spark1	LOAD	19.741	6.732
2026-09-28T05:00:39.794Z	spark2	LOAD	21.797	4.130
2026-09-28T05:00:39.982Z	spark1	LOAD	19.706	6.732
2026-09-28T05:00:40.044Z	spark2	LOAD	21.833	4.130
2026-09-28T05:00:40.232Z	spark1	LOAD	19.105	6.776
2026-09-28T05:00:40.294Z	spark2	LOAD	21.729	4.130
2026-09-28T05:00:40.483Z	spark1	LOAD	19.774	6.860
2026-09-28T05:00:40.545Z	spark2	LOAD	21.202	4.130
2026-09-28T05:00:40.732Z	spark1	LOAD	19.741	6.860
2026-09-28T05:00:40.805Z	spark2	LOAD	21.103	4.130
2026-09-28T05:00:40.998Z	spark1	LOAD	19.405	6.923
2026-09-28T05:00:41.055Z	spark2	LOAD	21.435	4.131
2026-09-28T05:00:41.248Z	spark1	LOAD	19.809	6.994
2026-09-28T05:00:41.306Z	spark2	LOAD	21.355	4.131
2026-09-28T05:00:41.499Z	spark1	LOAD	19.768	6.994
2026-09-28T05:00:41.556Z	spark2	LOAD	21.273	4.131
2026-09-28T05:00:41.749Z	spark1	LOAD	19.273	6.994
2026-09-28T05:00:41.820Z	spark2	LOAD	21.191	4.131
2026-09-28T05:00:42.015Z	spark1	LOAD	19.183	7.063
2026-09-28T05:00:42.071Z	spark2	LOAD	21.084	4.131
2026-09-28T05:00:42.265Z	spark1	LOAD	19.769	7.063
2026-09-28T05:00:42.321Z	spark2	LOAD	20.997	4.131
2026-09-28T05:00:42.516Z	spark1	LOAD	19.728	7.063
2026-09-28T05:00:42.572Z	spark2	LOAD	21.694	4.131
2026-09-28T05:00:42.766Z	spark1	LOAD	19.275	7.063
2026-09-28T05:00:42.838Z	spark2	LOAD	23.176	4.131
2026-09-28T05:00:43.027Z	spark1	LOAD	19.682	7.065
2026-09-28T05:00:43.088Z	spark2	LOAD	23.292	4.131
2026-09-28T05:00:43.278Z	spark1	LOAD	19.027	7.065
2026-09-28T05:00:43.338Z	spark2	LOAD	23.226	4.131
2026-09-28T05:00:43.528Z	spark1	LOAD	19.159	7.066
2026-09-28T05:00:43.588Z	spark2	LOAD	23.120	4.131
2026-09-28T05:00:43.778Z	spark1	LOAD	19.599	7.077
2026-09-28T05:00:43.849Z	spark2	LOAD	22.989	4.131
2026-09-28T05:00:44.048Z	spark1	LOAD	19.552	7.077
2026-09-28T05:00:44.099Z	spark2	LOAD	22.841	4.128
2026-09-28T05:00:44.299Z	spark1	LOAD	19.534	7.083
2026-09-28T05:00:44.349Z	spark2	LOAD	22.658	4.128
2026-09-28T05:00:44.549Z	spark1	LOAD	19.445	7.102
2026-09-28T05:00:44.599Z	spark2	LOAD	22.545	4.126
2026-09-28T05:00:44.799Z	spark1	LOAD	19.480	7.102
2026-09-28T05:00:44.860Z	spark2	LOAD	22.267	4.125
2026-09-28T05:00:45.064Z	spark1	LOAD	20.436	7.099
2026-09-28T05:00:45.110Z	spark2	LOAD	22.452	4.174
2026-09-28T05:00:45.314Z	spark1	LOAD	21.883	7.096
2026-09-28T05:00:45.360Z	spark2	LOAD	22.317	4.174
2026-09-28T05:00:45.565Z	spark1	LOAD	22.301	7.096
2026-09-28T05:00:45.610Z	spark2	LOAD	22.210	4.174
2026-09-28T05:00:45.815Z	spark1	LOAD	22.239	7.096
2026-09-28T05:00:45.871Z	spark2	LOAD	22.135	4.175
2026-09-28T05:00:46.082Z	spark1	LOAD	22.217	7.096
2026-09-28T05:00:46.121Z	spark2	LOAD	22.019	4.175
2026-09-28T05:00:46.333Z	spark1	LOAD	22.185	7.096
2026-09-28T05:00:46.371Z	spark2	LOAD	21.856	4.175
2026-09-28T05:00:46.583Z	spark1	LOAD	22.160	7.096
2026-09-28T05:00:46.621Z	spark2	LOAD	21.752	4.175
2026-09-28T05:00:46.834Z	spark1	LOAD	22.162	7.096
2026-09-28T05:00:46.881Z	spark2	LOAD	21.645	4.175
2026-09-28T05:00:47.105Z	spark1	LOAD	22.166	7.096
2026-09-28T05:00:47.132Z	spark2	LOAD	21.539	4.176
2026-09-28T05:00:47.355Z	spark1	LOAD	22.142	7.096
2026-09-28T05:00:47.382Z	spark2	LOAD	21.488	4.176
2026-09-28T05:00:47.605Z	spark1	LOAD	22.133	7.096
2026-09-28T05:00:47.633Z	spark2	LOAD	21.396	4.176
2026-09-28T05:00:47.856Z	spark1	LOAD	22.083	7.096
2026-09-28T05:00:47.893Z	spark2	LOAD	21.296	4.176
2026-09-28T05:00:48.125Z	spark1	LOAD	22.049	7.096
2026-09-28T05:00:48.144Z	spark2	LOAD	21.202	4.176
2026-09-28T05:00:48.376Z	spark1	LOAD	22.019	7.096
2026-09-28T05:00:48.394Z	spark2	LOAD	21.115	4.175
2026-09-28T05:00:48.626Z	spark1	LOAD	21.953	7.096
2026-09-28T05:00:48.644Z	spark2	LOAD	20.530	4.175
2026-09-28T05:00:48.876Z	spark1	LOAD	21.915	7.096
2026-09-28T05:00:48.905Z	spark2	LOAD	20.437	4.175
2026-09-28T05:00:49.143Z	spark1	LOAD	21.858	7.095
2026-09-28T05:00:49.155Z	spark2	LOAD	20.762	4.175
2026-09-28T05:00:49.393Z	spark1	LOAD	21.824	7.095
2026-09-28T05:00:49.406Z	spark2	LOAD	21.312	4.175
2026-09-28T05:00:49.643Z	spark1	LOAD	21.773	7.095
2026-09-28T05:00:49.657Z	spark2	LOAD	22.930	4.175
2026-09-28T05:00:49.894Z	spark1	LOAD	21.720	7.095
2026-09-28T05:00:49.918Z	spark2	LOAD	22.955	4.175
2026-09-28T05:00:50.156Z	spark1	LOAD	21.691	7.095
2026-09-28T05:00:50.168Z	spark2	LOAD	22.938	4.175
2026-09-28T05:00:50.406Z	spark1	LOAD	21.662	7.095
2026-09-28T05:00:50.419Z	spark2	LOAD	22.930	4.175
2026-09-28T05:00:50.656Z	spark1	LOAD	21.641	7.095
2026-09-28T05:00:50.669Z	spark2	LOAD	22.918	4.175
2026-09-28T05:00:50.907Z	spark1	LOAD	21.611	7.095
2026-09-28T05:00:50.934Z	spark2	LOAD	22.902	4.175
2026-09-28T05:00:51.174Z	spark1	LOAD	21.573	7.095
2026-09-28T05:00:51.185Z	spark2	LOAD	22.871	4.175
2026-09-28T05:00:51.424Z	spark1	LOAD	21.547	7.095
2026-09-28T05:00:51.435Z	spark2	LOAD	22.777	4.175
2026-09-28T05:00:51.674Z	spark1	LOAD	21.523	7.095
2026-09-28T05:00:51.686Z	spark2	LOAD	22.711	4.175
2026-09-28T05:00:51.925Z	spark1	LOAD	21.468	7.095
2026-09-28T05:00:51.946Z	spark2	LOAD	22.596	4.175
2026-09-28T05:00:52.193Z	spark1	LOAD	21.445	7.095
2026-09-28T05:00:52.196Z	spark2	LOAD	22.504	4.175
2026-09-28T05:00:52.444Z	spark1	LOAD	21.413	7.095
2026-09-28T05:00:52.446Z	spark2	LOAD	22.437	4.175
2026-09-28T05:00:52.695Z	spark1	LOAD	21.382	7.095
2026-09-28T05:00:52.697Z	spark2	LOAD	22.339	4.175
2026-09-28T05:00:52.945Z	spark1	LOAD	21.353	7.095
2026-09-28T05:00:52.957Z	spark2	LOAD	22.252	4.175
2026-09-28T05:00:53.208Z	spark1	LOAD	21.305	7.095
2026-09-28T05:00:53.208Z	spark2	LOAD	22.159	4.175
2026-09-28T05:00:53.458Z	spark1	LOAD	20.672	7.095
2026-09-28T05:00:53.458Z	spark2	LOAD	22.050	4.175
2026-09-28T05:00:53.708Z	spark1	LOAD	20.635	7.095
2026-09-28T05:00:53.709Z	spark2	LOAD	21.962	4.175
2026-09-28T05:00:53.958Z	spark1	LOAD	20.550	7.095
2026-09-28T05:00:53.969Z	spark2	LOAD	21.873	4.176
2026-09-28T05:00:54.219Z	spark2	LOAD	21.779	4.176
2026-09-28T05:00:54.225Z	spark1	LOAD	20.513	7.095
2026-09-28T05:00:54.469Z	spark2	LOAD	21.685	4.176
2026-09-28T05:00:54.475Z	spark1	LOAD	20.479	7.095
2026-09-28T05:00:54.720Z	spark2	LOAD	21.602	4.176
2026-09-28T05:00:54.726Z	spark1	LOAD	20.379	7.095
2026-09-28T05:00:54.976Z	spark1	LOAD	20.327	7.095
2026-09-28T05:00:54.984Z	spark2	LOAD	21.473	4.176
2026-09-28T05:00:55.235Z	spark2	LOAD	21.367	4.175
2026-09-28T05:00:55.243Z	spark1	LOAD	20.293	7.095
2026-09-28T05:00:55.485Z	spark2	LOAD	21.227	4.175
2026-09-28T05:00:55.493Z	spark1	LOAD	20.264	7.095
2026-09-28T05:00:55.735Z	spark2	LOAD	21.156	4.175
2026-09-28T05:00:55.743Z	spark1	LOAD	21.013	7.095
2026-09-28T05:00:55.994Z	spark1	LOAD	20.944	7.098
2026-09-28T05:00:55.995Z	spark2	LOAD	21.078	4.176
2026-09-28T05:00:56.245Z	spark2	LOAD	21.852	4.176
2026-09-28T05:00:56.255Z	spark1	LOAD	20.942	7.102
2026-09-28T05:00:56.496Z	spark2	LOAD	23.283	4.176
2026-09-28T05:00:56.505Z	spark1	LOAD	20.911	7.102
2026-09-28T05:00:56.746Z	spark2	LOAD	23.182	4.176
2026-09-28T05:00:56.755Z	spark1	LOAD	20.879	7.102
2026-09-28T05:00:57.006Z	spark1	LOAD	20.844	7.102
2026-09-28T05:00:57.012Z	spark2	LOAD	23.086	4.176
2026-09-28T05:00:57.262Z	spark2	LOAD	22.981	4.176
2026-09-28T05:00:57.268Z	spark1	LOAD	20.807	7.102
2026-09-28T05:00:57.512Z	spark2	LOAD	22.859	4.176
2026-09-28T05:00:57.518Z	spark1	LOAD	20.775	7.102
2026-09-28T05:00:57.763Z	spark2	LOAD	22.743	4.176
2026-09-28T05:00:57.768Z	spark1	LOAD	20.739	7.102
2026-09-28T05:00:58.018Z	spark1	LOAD	20.678	7.102
2026-09-28T05:00:58.022Z	spark2	LOAD	22.600	4.176
2026-09-28T05:00:58.273Z	spark2	LOAD	22.484	4.176
2026-09-28T05:00:58.280Z	spark1	LOAD	19.993	7.102
2026-09-28T05:00:58.523Z	spark2	LOAD	22.364	4.176
2026-09-28T05:00:58.530Z	spark1	LOAD	19.960	7.102
2026-09-28T05:00:58.774Z	spark2	LOAD	22.248	4.176
2026-09-28T05:00:58.781Z	spark1	LOAD	20.002	7.102
2026-09-28T05:00:59.032Z	spark1	LOAD	20.590	7.114
2026-09-28T05:00:59.033Z	spark2	LOAD	22.241	4.178
2026-09-28T05:00:59.284Z	spark2	LOAD	21.693	4.178
2026-09-28T05:00:59.300Z	spark1	LOAD	20.476	7.114
2026-09-28T05:00:59.534Z	spark2	LOAD	22.000	4.180
2026-09-28T05:00:59.550Z	spark1	LOAD	20.424	7.114
2026-09-28T05:00:59.785Z	spark2	LOAD	21.886	4.180
2026-09-28T05:00:59.800Z	spark1	LOAD	19.876	7.114
2026-09-28T05:01:00.048Z	spark2	LOAD	21.770	4.180
2026-09-28T05:01:00.050Z	spark1	LOAD	20.470	7.119
2026-09-28T05:01:00.298Z	spark2	LOAD	21.607	4.180
2026-09-28T05:01:00.318Z	spark1	LOAD	20.431	7.119
2026-09-28T05:01:00.549Z	spark2	LOAD	21.246	4.182
2026-09-28T05:01:00.569Z	spark1	LOAD	19.781	7.119
2026-09-28T05:01:00.800Z	spark2	LOAD	21.376	4.183
2026-09-28T05:01:00.819Z	spark1	LOAD	19.750	7.119
2026-09-28T05:01:01.060Z	spark2	LOAD	20.811	4.183
2026-09-28T05:01:01.069Z	spark1	LOAD	20.385	7.125
2026-09-28T05:01:01.310Z	spark2	LOAD	21.174	4.187
2026-09-28T05:01:01.336Z	spark1	LOAD	20.335	7.125
2026-09-28T05:01:01.560Z	spark2	LOAD	21.067	4.188
2026-09-28T05:01:01.586Z	spark1	LOAD	20.266	7.130
2026-09-28T05:01:01.811Z	spark2	LOAD	20.935	4.188
2026-09-28T05:01:01.836Z	spark1	LOAD	20.276	7.133
2026-09-28T05:01:02.070Z	spark2	LOAD	20.828	4.190
2026-09-28T05:01:02.087Z	spark1	LOAD	20.260	7.133
2026-09-28T05:01:02.321Z	spark2	LOAD	20.729	4.191
2026-09-28T05:01:02.354Z	spark1	LOAD	20.216	7.135
2026-09-28T05:01:02.572Z	spark2	LOAD	21.889	4.191
2026-09-28T05:01:02.604Z	spark1	LOAD	20.180	7.135
2026-09-28T05:01:02.822Z	spark2	LOAD	23.342	4.191
2026-09-28T05:01:02.855Z	spark1	LOAD	20.143	7.135
2026-09-28T05:01:03.087Z	spark2	LOAD	23.237	4.191
2026-09-28T05:01:03.105Z	spark1	LOAD	20.104	7.135
2026-09-28T05:01:03.338Z	spark2	LOAD	23.158	4.191
2026-09-28T05:01:03.372Z	spark1	LOAD	19.449	7.135
2026-09-28T05:01:03.588Z	spark2	LOAD	23.050	4.191
2026-09-28T05:01:03.623Z	spark1	LOAD	19.418	7.135
2026-09-28T05:01:03.838Z	spark2	LOAD	22.945	4.191
2026-09-28T05:01:03.873Z	spark1	LOAD	20.001	7.136
2026-09-28T05:01:04.103Z	spark2	LOAD	22.787	4.191
2026-09-28T05:01:04.123Z	spark1	LOAD	19.535	7.136
2026-09-28T05:01:04.354Z	spark2	LOAD	22.672	4.191
2026-09-28T05:01:04.386Z	spark1	LOAD	19.919	7.138
2026-09-28T05:01:04.604Z	spark2	LOAD	22.559	4.191
2026-09-28T05:01:04.636Z	spark1	LOAD	19.869	7.138
2026-09-28T05:01:04.854Z	spark2	LOAD	22.437	4.191
2026-09-28T05:01:04.886Z	spark1	LOAD	19.863	7.139
2026-09-28T05:01:05.114Z	spark2	LOAD	22.295	4.191
2026-09-28T05:01:05.136Z	spark1	LOAD	19.830	7.140
2026-09-28T05:01:05.365Z	spark2	LOAD	22.178	4.191
2026-09-28T05:01:05.408Z	spark1	LOAD	19.795	7.141
2026-09-28T05:01:05.615Z	spark2	LOAD	22.051	4.191
2026-09-28T05:01:05.658Z	spark1	LOAD	19.758	7.141
2026-09-28T05:01:05.866Z	spark2	LOAD	21.941	4.191
2026-09-28T05:01:05.909Z	spark1	LOAD	19.679	7.141
2026-09-28T05:01:06.126Z	spark2	LOAD	21.823	4.191
2026-09-28T05:01:06.159Z	spark1	LOAD	19.683	7.141
2026-09-28T05:01:06.376Z	spark2	LOAD	21.703	4.190
2026-09-28T05:01:06.421Z	spark1	LOAD	19.621	7.141
2026-09-28T05:01:06.626Z	spark2	LOAD	21.075	4.190
2026-09-28T05:01:06.672Z	spark1	LOAD	18.998	7.141
2026-09-28T05:01:06.877Z	spark2	LOAD	21.013	4.190
2026-09-28T05:01:06.923Z	spark1	LOAD	19.569	7.142
2026-09-28T05:01:07.138Z	spark2	LOAD	21.333	4.191
2026-09-28T05:01:07.172Z	spark1	LOAD	19.537	7.143
2026-09-28T05:01:07.389Z	spark2	LOAD	21.208	4.191
2026-09-28T05:01:07.440Z	spark1	LOAD	19.504	7.143
2026-09-28T05:01:07.639Z	spark2	LOAD	21.106	4.191
2026-09-28T05:01:07.690Z	spark1	LOAD	19.501	7.147
2026-09-28T05:01:07.889Z	spark2	LOAD	21.003	4.194
2026-09-28T05:01:07.941Z	spark1	LOAD	19.488	7.174
2026-09-28T05:01:08.154Z	spark2	LOAD	20.862	4.197
2026-09-28T05:01:08.191Z	spark1	LOAD	19.503	7.235
2026-09-28T05:01:08.405Z	spark2	LOAD	20.822	4.205
2026-09-28T05:01:08.456Z	spark1	LOAD	19.563	7.305
2026-09-28T05:01:08.656Z	spark2	LOAD	20.790	4.241
2026-09-28T05:01:08.706Z	spark1	LOAD	19.523	7.306
2026-09-28T05:01:08.906Z	spark2	LOAD	20.694	4.241
2026-09-28T05:01:08.956Z	spark1	LOAD	19.497	7.309
2026-09-28T05:01:09.167Z	spark2	LOAD	21.396	4.241
2026-09-28T05:01:09.207Z	spark1	LOAD	19.461	7.309
2026-09-28T05:01:09.418Z	spark2	LOAD	23.256	4.241
2026-09-28T05:01:09.473Z	spark1	LOAD	19.422	7.309
2026-09-28T05:01:09.668Z	spark2	LOAD	23.350	4.241
2026-09-28T05:01:09.724Z	spark1	LOAD	18.933	7.309
2026-09-28T05:01:09.918Z	spark2	LOAD	23.279	4.241
2026-09-28T05:01:09.974Z	spark1	LOAD	19.374	7.325
2026-09-28T05:01:10.183Z	spark2	LOAD	23.175	4.241
2026-09-28T05:01:10.225Z	spark1	LOAD	19.350	7.334
2026-09-28T05:01:10.433Z	spark2	LOAD	23.079	4.241
2026-09-28T05:01:10.487Z	spark1	LOAD	19.281	7.334
2026-09-28T05:01:10.684Z	spark2	LOAD	22.978	4.237
2026-09-28T05:01:10.737Z	spark1	LOAD	19.262	7.332
2026-09-28T05:01:10.934Z	spark2	LOAD	22.866	4.237
2026-09-28T05:01:10.988Z	spark1	LOAD	21.007	7.324
2026-09-28T05:01:11.199Z	spark2	LOAD	22.732	4.237
2026-09-28T05:01:11.239Z	spark1	LOAD	22.477	7.324
2026-09-28T05:01:11.449Z	spark2	LOAD	22.618	4.237
2026-09-28T05:01:11.501Z	spark1	LOAD	22.460	7.324
2026-09-28T05:01:11.699Z	spark2	LOAD	22.497	4.237
2026-09-28T05:01:11.751Z	spark1	LOAD	22.437	7.324
2026-09-28T05:01:11.950Z	spark2	LOAD	22.378	4.237
2026-09-28T05:01:12.002Z	spark1	LOAD	22.410	7.324
2026-09-28T05:01:12.214Z	spark2	LOAD	22.260	4.237
2026-09-28T05:01:12.252Z	spark1	LOAD	22.372	7.324
2026-09-28T05:01:12.464Z	spark2	LOAD	22.123	4.237
2026-09-28T05:01:12.519Z	spark1	LOAD	22.312	7.324
2026-09-28T05:01:12.715Z	spark2	LOAD	22.006	4.237
2026-09-28T05:01:12.769Z	spark1	LOAD	22.281	7.324
2026-09-28T05:01:12.965Z	spark2	LOAD	21.896	4.237
2026-09-28T05:01:13.020Z	spark1	LOAD	22.247	7.324
2026-09-28T05:01:13.226Z	spark2	LOAD	21.769	4.237
2026-09-28T05:01:13.270Z	spark1	LOAD	22.217	7.324
2026-09-28T05:01:13.476Z	spark2	LOAD	21.688	4.238
2026-09-28T05:01:13.532Z	spark1	LOAD	22.184	7.324
2026-09-28T05:01:13.726Z	spark2	LOAD	21.115	4.238
2026-09-28T05:01:13.783Z	spark1	LOAD	22.176	7.281
2026-09-28T05:01:13.977Z	spark2	LOAD	21.034	4.239
2026-09-28T05:01:14.033Z	spark1	LOAD	22.147	7.281
2026-09-28T05:01:14.242Z	spark2	LOAD	21.419	4.241
2026-09-28T05:01:14.283Z	spark1	LOAD	22.117	7.281
2026-09-28T05:01:14.492Z	spark2	LOAD	21.292	4.243
2026-09-28T05:01:14.550Z	spark1	LOAD	22.036	7.281
2026-09-28T05:01:14.742Z	spark2	LOAD	21.182	4.244
2026-09-28T05:01:14.800Z	spark1	LOAD	21.999	7.281
2026-09-28T05:01:14.993Z	spark2	LOAD	21.061	4.245
2026-09-28T05:01:15.050Z	spark1	LOAD	21.964	7.281
2026-09-28T05:01:15.257Z	spark2	LOAD	20.959	4.247
2026-09-28T05:01:15.301Z	spark1	LOAD	21.939	7.281
2026-09-28T05:01:15.507Z	spark2	LOAD	20.837	4.248
2026-09-28T05:01:15.569Z	spark1	LOAD	21.906	7.281
2026-09-28T05:01:15.759Z	spark2	LOAD	20.989	4.248
2026-09-28T05:01:15.820Z	spark1	LOAD	21.881	7.281
2026-09-28T05:01:16.009Z	spark2	LOAD	22.458	4.248
2026-09-28T05:01:16.070Z	spark1	LOAD	21.852	7.281
2026-09-28T05:01:16.274Z	spark2	LOAD	22.806	4.248
2026-09-28T05:01:16.320Z	spark1	LOAD	21.823	7.281
2026-09-28T05:01:16.524Z	spark2	LOAD	22.779	4.248
2026-09-28T05:01:16.587Z	spark1	LOAD	21.765	7.281
2026-09-28T05:01:16.775Z	spark2	LOAD	22.675	4.248
2026-09-28T05:01:16.837Z	spark1	LOAD	21.737	7.281
2026-09-28T05:01:17.026Z	spark2	LOAD	22.536	4.248
2026-09-28T05:01:17.087Z	spark1	LOAD	21.663	7.281
2026-09-28T05:01:17.286Z	spark2	LOAD	22.396	4.248
2026-09-28T05:01:17.338Z	spark1	LOAD	21.620	7.281
2026-09-28T05:01:17.537Z	spark2	LOAD	22.268	4.246
2026-09-28T05:01:17.607Z	spark1	LOAD	21.593	7.281
2026-09-28T05:01:17.786Z	spark2	LOAD	22.142	4.243
2026-09-28T05:01:17.857Z	spark1	LOAD	21.567	7.281
2026-09-28T05:01:18.037Z	spark2	LOAD	22.431	4.243
2026-09-28T05:01:18.108Z	spark1	LOAD	21.520	7.281
2026-09-28T05:01:18.297Z	spark2	LOAD	22.418	4.244
2026-09-28T05:01:18.358Z	spark1	LOAD	21.486	7.281
2026-09-28T05:01:18.547Z	spark2	LOAD	22.403	4.243
2026-09-28T05:01:18.626Z	spark1	LOAD	21.418	7.281
2026-09-28T05:01:18.798Z	spark2	LOAD	22.299	4.246
2026-09-28T05:01:18.876Z	spark1	LOAD	21.391	7.281
2026-09-28T05:01:19.048Z	spark2	LOAD	22.184	4.244
2026-09-28T05:01:19.127Z	spark1	LOAD	21.365	7.281
2026-09-28T05:01:19.313Z	spark2	LOAD	22.062	4.245
2026-09-28T05:01:19.377Z	spark1	LOAD	21.131	7.281
2026-09-28T05:01:19.564Z	spark2	LOAD	21.953	4.247
2026-09-28T05:01:19.639Z	spark1	LOAD	20.776	7.281
2026-09-28T05:01:19.814Z	spark2	LOAD	21.823	4.248
2026-09-28T05:01:19.890Z	spark1	LOAD	20.743	7.281
2026-09-28T05:01:20.065Z	spark2	LOAD	21.268	4.248
2026-09-28T05:01:20.140Z	spark1	LOAD	20.722	7.281
2026-09-28T05:01:20.325Z	spark2	LOAD	21.597	4.250
2026-09-28T05:01:20.390Z	spark1	LOAD	21.280	7.281
2026-09-28T05:01:20.576Z	spark2	LOAD	21.033	4.250
2026-09-28T05:01:20.652Z	spark1	LOAD	21.211	7.281
2026-09-28T05:01:20.826Z	spark2	LOAD	21.371	4.252
2026-09-28T05:01:20.903Z	spark1	LOAD	21.171	7.281
2026-09-28T05:01:21.076Z	spark2	LOAD	21.317	4.254
2026-09-28T05:01:21.153Z	spark1	LOAD	20.618	7.281
2026-09-28T05:01:21.341Z	spark2	LOAD	21.189	4.255
2026-09-28T05:01:21.403Z	spark1	LOAD	21.136	7.281
2026-09-28T05:01:21.591Z	spark2	LOAD	21.070	4.256
2026-09-28T05:01:21.666Z	spark1	LOAD	21.103	7.281
2026-09-28T05:01:21.842Z	spark2	LOAD	20.934	4.258
2026-09-28T05:01:21.917Z	spark1	LOAD	21.071	7.281
2026-09-28T05:01:22.092Z	spark2	LOAD	20.914	4.262
2026-09-28T05:01:22.167Z	spark1	LOAD	21.035	7.281
2026-09-28T05:01:22.357Z	spark2	LOAD	21.674	4.264
2026-09-28T05:01:22.417Z	spark1	LOAD	20.403	7.281
2026-09-28T05:01:22.608Z	spark2	LOAD	23.389	4.264
2026-09-28T05:01:22.684Z	spark1	LOAD	20.974	7.281
2026-09-28T05:01:22.859Z	spark2	LOAD	23.469	4.264
2026-09-28T05:01:22.934Z	spark1	LOAD	20.913	7.281
2026-09-28T05:01:23.110Z	spark2	LOAD	23.384	4.264
2026-09-28T05:01:23.185Z	spark1	LOAD	20.882	7.281
2026-09-28T05:01:23.375Z	spark2	LOAD	23.283	4.264
2026-09-28T05:01:23.435Z	spark1	LOAD	20.850	7.281
2026-09-28T05:01:23.626Z	spark2	LOAD	23.188	4.264
2026-09-28T05:01:23.700Z	spark1	LOAD	20.811	7.281
2026-09-28T05:01:23.876Z	spark2	LOAD	23.096	4.264
2026-09-28T05:01:23.951Z	spark1	LOAD	20.774	7.281
2026-09-28T05:01:24.126Z	spark2	LOAD	23.010	4.264
2026-09-28T05:01:24.201Z	spark1	LOAD	20.743	7.281
2026-09-28T05:01:24.387Z	spark2	LOAD	22.911	4.264
2026-09-28T05:01:24.451Z	spark1	LOAD	20.713	7.281
2026-09-28T05:01:24.637Z	spark2	LOAD	22.819	4.264
2026-09-28T05:01:24.718Z	spark1	LOAD	20.663	7.281
2026-09-28T05:01:24.888Z	spark2	LOAD	22.721	4.264
2026-09-28T05:01:24.968Z	spark1	LOAD	20.677	7.281
2026-09-28T05:01:25.138Z	spark2	LOAD	22.627	4.264
2026-09-28T05:01:25.219Z	spark1	LOAD	20.654	7.281
2026-09-28T05:01:25.403Z	spark2	LOAD	22.531	4.264
2026-09-28T05:01:25.469Z	spark1	LOAD	20.621	7.281
2026-09-28T05:01:25.653Z	spark2	LOAD	22.435	4.264
2026-09-28T05:01:25.735Z	spark1	LOAD	20.584	7.281
2026-09-28T05:01:25.903Z	spark2	LOAD	22.334	4.264
2026-09-28T05:01:25.986Z	spark1	LOAD	19.955	7.281
2026-09-28T05:01:26.154Z	spark2	LOAD	22.234	4.264
2026-09-28T05:01:26.236Z	spark1	LOAD	19.921	7.281
2026-09-28T05:01:26.418Z	spark2	LOAD	22.122	4.265
2026-09-28T05:01:26.486Z	spark1	LOAD	20.502	7.281
2026-09-28T05:01:26.668Z	spark2	LOAD	21.567	4.265
2026-09-28T05:01:26.755Z	spark1	LOAD	20.453	7.281
2026-09-28T05:01:26.919Z	spark2	LOAD	21.913	4.267
2026-09-28T05:01:27.005Z	spark1	LOAD	20.395	7.281
2026-09-28T05:01:27.169Z	spark2	LOAD	21.780	4.268
2026-09-28T05:01:27.255Z	spark1	LOAD	20.393	7.281
2026-09-28T05:01:27.430Z	spark2	LOAD	21.249	4.270
2026-09-28T05:01:27.506Z	spark1	LOAD	20.369	7.281
2026-09-28T05:01:27.680Z	spark2	LOAD	21.108	4.271
2026-09-28T05:01:27.767Z	spark1	LOAD	20.305	7.281
2026-09-28T05:01:27.930Z	spark2	LOAD	21.411	4.271
2026-09-28T05:01:28.017Z	spark1	LOAD	20.275	7.281
2026-09-28T05:01:28.180Z	spark2	LOAD	21.172	4.272
2026-09-28T05:01:28.268Z	spark1	LOAD	20.241	7.281
2026-09-28T05:01:28.440Z	spark2	LOAD	20.780	4.272
2026-09-28T05:01:28.518Z	spark1	LOAD	20.189	7.281
2026-09-28T05:01:28.691Z	spark2	LOAD	21.073	4.272
2026-09-28T05:01:28.784Z	spark1	LOAD	20.177	7.281
2026-09-28T05:01:28.941Z	spark2	LOAD	20.957	4.271
2026-09-28T05:01:29.035Z	spark1	LOAD	20.082	7.281
2026-09-28T05:01:29.191Z	spark2	LOAD	20.786	4.267
2026-09-28T05:01:29.285Z	spark1	LOAD	20.066	7.281
2026-09-28T05:01:29.452Z	spark2	LOAD	20.666	4.265
2026-09-28T05:01:29.535Z	spark1	LOAD	20.036	7.281
2026-09-28T05:01:29.702Z	spark2	LOAD	21.771	4.262
2026-09-28T05:01:29.805Z	spark1	LOAD	19.987	7.281
2026-09-28T05:01:29.953Z	spark2	LOAD	23.444	4.258
2026-09-28T05:01:30.055Z	spark1	LOAD	19.951	7.281
2026-09-28T05:01:30.203Z	spark2	LOAD	23.358	4.258
2026-09-28T05:01:30.306Z	spark1	LOAD	19.921	7.281
2026-09-28T05:01:30.463Z	spark2	LOAD	23.255	4.258
2026-09-28T05:01:30.556Z	spark1	LOAD	19.888	7.281
2026-09-28T05:01:30.714Z	spark2	LOAD	23.189	4.258
2026-09-28T05:01:30.819Z	spark1	LOAD	19.479	7.281
2026-09-28T05:01:30.964Z	spark2	LOAD	23.099	4.258
2026-09-28T05:01:31.069Z	spark1	LOAD	19.849	7.281
2026-09-28T05:01:31.214Z	spark2	LOAD	22.980	4.258
2026-09-28T05:01:31.319Z	spark1	LOAD	19.817	7.281
2026-09-28T05:01:31.479Z	spark2	LOAD	22.882	4.258
2026-09-28T05:01:31.569Z	spark1	LOAD	19.784	7.281
2026-09-28T05:01:31.730Z	spark2	LOAD	22.795	4.258
2026-09-28T05:01:31.838Z	spark1	LOAD	19.751	7.281
2026-09-28T05:01:31.980Z	spark2	LOAD	22.708	4.258
2026-09-28T05:01:32.088Z	spark1	LOAD	19.682	7.281
2026-09-28T05:01:32.230Z	spark2	LOAD	22.639	4.258
2026-09-28T05:01:32.338Z	spark1	LOAD	19.692	7.282
2026-09-28T05:01:32.495Z	spark2	LOAD	22.523	4.258
2026-09-28T05:01:32.589Z	spark1	LOAD	19.658	7.282
2026-09-28T05:01:32.746Z	spark2	LOAD	22.459	4.258
2026-09-28T05:01:32.855Z	spark1	LOAD	19.489	7.282
2026-09-28T05:01:32.996Z	spark2	LOAD	22.365	4.258
2026-09-28T05:01:33.106Z	spark1	LOAD	18.985	7.282
2026-09-28T05:01:33.247Z	spark2	LOAD	22.276	4.259
2026-09-28T05:01:33.356Z	spark1	LOAD	19.558	7.287
2026-09-28T05:01:33.507Z	spark2	LOAD	22.207	4.259
2026-09-28T05:01:33.606Z	spark1	LOAD	19.521	7.287
2026-09-28T05:01:33.757Z	spark2	LOAD	22.148	4.261
2026-09-28T05:01:33.873Z	spark1	LOAD	19.519	7.287
2026-09-28T05:01:34.008Z	spark2	LOAD	22.063	4.261
2026-09-28T05:01:34.123Z	spark1	LOAD	19.479	7.287
2026-09-28T05:01:34.258Z	spark2	LOAD	21.950	4.263
2026-09-28T05:01:34.373Z	spark1	LOAD	19.440	7.287
2026-09-28T05:01:34.518Z	spark2	LOAD	21.853	4.264
2026-09-28T05:01:34.624Z	spark1	LOAD	20.173	7.287
2026-09-28T05:01:34.769Z	spark2	LOAD	21.751	4.264
2026-09-28T05:01:34.891Z	spark1	LOAD	21.690	7.287
2026-09-28T05:01:35.019Z	spark2	LOAD	21.658	4.264
2026-09-28T05:01:35.141Z	spark1	LOAD	22.563	7.287
2026-09-28T05:01:35.270Z	spark2	LOAD	21.569	4.264
2026-09-28T05:01:35.391Z	spark1	LOAD	22.526	7.287
2026-09-28T05:01:35.530Z	spark2	LOAD	21.455	4.264
2026-09-28T05:01:35.642Z	spark1	LOAD	22.489	7.287
2026-09-28T05:01:35.780Z	spark2	LOAD	21.347	4.264
2026-09-28T05:01:35.909Z	spark1	LOAD	22.449	7.287
2026-09-28T05:01:36.031Z	spark2	LOAD	21.246	4.264
2026-09-28T05:01:36.159Z	spark1	LOAD	22.002	7.287
2026-09-28T05:01:36.281Z	spark2	LOAD	21.152	4.264
2026-09-28T05:01:36.410Z	spark1	LOAD	21.808	7.287
2026-09-28T05:01:36.542Z	spark2	LOAD	21.072	4.264
2026-09-28T05:01:36.660Z	spark1	LOAD	21.773	7.287
2026-09-28T05:01:36.792Z	spark2	LOAD	21.377	4.264
2026-09-28T05:01:36.922Z	spark1	LOAD	21.736	7.287
2026-09-28T05:01:37.042Z	spark2	LOAD	22.708	4.264
2026-09-28T05:01:37.173Z	spark1	LOAD	21.676	7.287
2026-09-28T05:01:37.292Z	spark2	LOAD	23.325	4.264
2026-09-28T05:01:37.423Z	spark1	LOAD	21.635	7.287
2026-09-28T05:01:37.552Z	spark2	LOAD	23.294	4.264
2026-09-28T05:01:37.673Z	spark1	LOAD	21.610	7.287
2026-09-28T05:01:37.803Z	spark2	LOAD	23.191	4.264
2026-09-28T05:01:37.940Z	spark1	LOAD	21.567	7.287
2026-09-28T05:01:38.053Z	spark2	LOAD	23.090	4.264
2026-09-28T05:01:38.190Z	spark1	LOAD	21.532	7.287
2026-09-28T05:01:38.304Z	spark2	LOAD	22.981	4.264
2026-09-28T05:01:38.441Z	spark1	LOAD	21.443	7.287
2026-09-28T05:01:38.568Z	spark2	LOAD	22.869	4.264
2026-09-28T05:01:38.691Z	spark1	LOAD	21.407	7.286
2026-09-28T05:01:38.818Z	spark2	LOAD	22.769	4.264
2026-09-28T05:01:38.958Z	spark1	LOAD	21.373	7.286
2026-09-28T05:01:39.069Z	spark2	LOAD	22.700	4.264
2026-09-28T05:01:39.208Z	spark1	LOAD	21.309	7.286
2026-09-28T05:01:39.319Z	spark2	LOAD	22.596	4.264
2026-09-28T05:01:39.458Z	spark1	LOAD	21.279	7.286
2026-09-28T05:01:39.584Z	spark2	LOAD	22.477	4.264
2026-09-28T05:01:39.709Z	spark1	LOAD	21.226	7.286
2026-09-28T05:01:39.833Z	spark2	LOAD	22.359	4.264
2026-09-28T05:01:39.970Z	spark1	LOAD	21.160	7.286
2026-09-28T05:01:40.083Z	spark2	LOAD	22.259	4.264
2026-09-28T05:01:40.221Z	spark1	LOAD	21.125	7.286
2026-09-28T05:01:40.334Z	spark2	LOAD	22.095	4.261
2026-09-28T05:01:40.471Z	spark1	LOAD	21.098	7.286
2026-09-28T05:01:40.598Z	spark2	LOAD	21.928	4.258
2026-09-28T05:01:40.721Z	spark1	LOAD	21.064	7.286
2026-09-28T05:01:40.848Z	spark2	LOAD	21.820	4.256
2026-09-28T05:01:40.983Z	spark1	LOAD	21.021	7.286
2026-09-28T05:01:41.099Z	spark2	LOAD	21.781	4.256
2026-09-28T05:01:41.233Z	spark1	LOAD	20.968	7.286
2026-09-28T05:01:41.349Z	spark2	LOAD	21.218	4.256
2026-09-28T05:01:41.483Z	spark1	LOAD	20.956	7.286
2026-09-28T05:01:41.609Z	spark2	LOAD	21.584	4.257
2026-09-28T05:01:41.734Z	spark1	LOAD	20.928	7.286
2026-09-28T05:01:41.859Z	spark2	LOAD	21.479	4.258
2026-09-28T05:01:42.000Z	spark1	LOAD	20.897	7.286
2026-09-28T05:01:42.109Z	spark2	LOAD	21.400	4.261
2026-09-28T05:01:42.251Z	spark1	LOAD	20.870	7.286
2026-09-28T05:01:42.359Z	spark2	LOAD	20.862	4.261
2026-09-28T05:01:42.502Z	spark1	LOAD	20.840	7.286
2026-09-28T05:01:42.620Z	spark2	LOAD	21.195	4.263
2026-09-28T05:01:42.752Z	spark1	LOAD	20.812	7.286
2026-09-28T05:01:42.871Z	spark2	LOAD	21.091	4.265
2026-09-28T05:01:43.018Z	spark1	LOAD	20.779	7.286
2026-09-28T05:01:43.121Z	spark2	LOAD	20.943	4.266
2026-09-28T05:01:43.268Z	spark1	LOAD	20.739	7.286
2026-09-28T05:01:43.371Z	spark2	LOAD	20.908	4.267
2026-09-28T05:01:43.519Z	spark1	LOAD	20.677	7.286
2026-09-28T05:01:43.636Z	spark2	LOAD	21.822	4.267
2026-09-28T05:01:43.769Z	spark1	LOAD	20.647	7.286
2026-09-28T05:01:43.886Z	spark2	LOAD	23.538	4.267
2026-09-28T05:01:44.036Z	spark1	LOAD	20.612	7.286
2026-09-28T05:01:44.137Z	spark2	LOAD	23.479	4.267
2026-09-28T05:01:44.286Z	spark1	LOAD	20.577	7.286
2026-09-28T05:01:44.387Z	spark2	LOAD	23.363	4.267
2026-09-28T05:01:44.537Z	spark1	LOAD	20.530	7.286
2026-09-28T05:01:44.651Z	spark2	LOAD	23.262	4.267
2026-09-28T05:01:44.787Z	spark1	LOAD	21.143	7.286
2026-09-28T05:01:44.902Z	spark2	LOAD	23.181	4.267
2026-09-28T05:01:45.054Z	spark1	LOAD	21.106	7.286
2026-09-28T05:01:45.153Z	spark2	LOAD	23.053	4.267
2026-09-28T05:01:45.305Z	spark1	LOAD	21.073	7.286
2026-09-28T05:01:45.403Z	spark2	LOAD	22.952	4.267
2026-09-28T05:01:45.555Z	spark1	LOAD	20.967	7.286
2026-09-28T05:01:45.667Z	spark2	LOAD	22.852	4.267
2026-09-28T05:01:45.805Z	spark1	LOAD	21.030	7.287
2026-09-28T05:01:45.918Z	spark2	LOAD	22.767	4.267
2026-09-28T05:01:46.074Z	spark1	LOAD	20.989	7.287
2026-09-28T05:01:46.168Z	spark2	LOAD	22.662	4.267
2026-09-28T05:01:46.324Z	spark1	LOAD	20.955	7.287
2026-09-28T05:01:46.418Z	spark2	LOAD	22.546	4.267
2026-09-28T05:01:46.575Z	spark1	LOAD	20.439	7.287
2026-09-28T05:01:46.679Z	spark2	LOAD	21.993	4.267
2026-09-28T05:01:46.825Z	spark1	LOAD	20.894	7.288
2026-09-28T05:01:46.929Z	spark2	LOAD	22.370	4.268
2026-09-28T05:01:47.088Z	spark1	LOAD	20.859	7.288
2026-09-28T05:01:47.179Z	spark2	LOAD	22.300	4.270
2026-09-28T05:01:47.338Z	spark1	LOAD	20.827	7.288
2026-09-28T05:01:47.429Z	spark2	LOAD	22.215	4.271
2026-09-28T05:01:47.588Z	spark1	LOAD	20.806	7.288
2026-09-28T05:01:47.694Z	spark2	LOAD	22.094	4.271
2026-09-28T05:01:47.839Z	spark1	LOAD	20.765	7.289
2026-09-28T05:01:47.945Z	spark2	LOAD	22.011	4.271
2026-09-28T05:01:48.101Z	spark1	LOAD	20.730	7.289
2026-09-28T05:01:48.195Z	spark2	LOAD	21.916	4.271
2026-09-28T05:01:48.351Z	spark1	LOAD	20.703	7.290
2026-09-28T05:01:48.445Z	spark2	LOAD	21.832	4.272
2026-09-28T05:01:48.601Z	spark1	LOAD	20.673	7.291
2026-09-28T05:01:48.704Z	spark2	LOAD	21.735	4.274
2026-09-28T05:01:48.852Z	spark1	LOAD	20.638	7.291
2026-09-28T05:01:48.955Z	spark2	LOAD	21.666	4.276
2026-09-28T05:01:49.114Z	spark1	LOAD	20.599	7.290
2026-09-28T05:01:49.205Z	spark2	LOAD	21.553	4.279
2026-09-28T05:01:49.364Z	spark1	LOAD	20.572	7.290
2026-09-28T05:01:49.456Z	spark2	LOAD	21.006	4.279
2026-09-28T05:01:49.614Z	spark1	LOAD	20.550	7.291
2026-09-28T05:01:49.720Z	spark2	LOAD	20.894	4.279
2026-09-28T05:01:49.865Z	spark1	LOAD	20.496	7.291
2026-09-28T05:01:49.971Z	spark2	LOAD	21.250	4.280
2026-09-28T05:01:50.131Z	spark1	LOAD	20.467	7.291
2026-09-28T05:01:50.221Z	spark2	LOAD	21.148	4.281
2026-09-28T05:01:50.381Z	spark1	LOAD	20.430	7.291
2026-09-28T05:01:50.472Z	spark2	LOAD	22.135	4.281
2026-09-28T05:01:50.632Z	spark1	LOAD	20.397	7.291
2026-09-28T05:01:50.732Z	spark2	LOAD	23.378	4.281
2026-09-28T05:01:50.882Z	spark1	LOAD	20.335	7.291
2026-09-28T05:01:50.982Z	spark2	LOAD	23.297	4.281
2026-09-28T05:01:51.148Z	spark1	LOAD	20.097	7.291
2026-09-28T05:01:51.232Z	spark2	LOAD	23.189	4.281
2026-09-28T05:01:51.398Z	spark1	LOAD	20.305	7.291
2026-09-28T05:01:51.483Z	spark2	LOAD	23.043	4.277
2026-09-28T05:01:51.649Z	spark1	LOAD	20.252	7.291
2026-09-28T05:01:51.747Z	spark2	LOAD	22.903	4.274
2026-09-28T05:01:51.899Z	spark1	LOAD	20.212	7.291
2026-09-28T05:01:51.997Z	spark2	LOAD	22.796	4.271
2026-09-28T05:01:52.165Z	spark1	LOAD	20.177	7.291
2026-09-28T05:01:52.247Z	spark2	LOAD	22.707	4.270
2026-09-28T05:01:52.416Z	spark1	LOAD	20.143	7.291
2026-09-28T05:01:52.498Z	spark2	LOAD	22.611	4.270
2026-09-28T05:01:52.666Z	spark1	LOAD	20.121	7.291
2026-09-28T05:01:52.758Z	spark2	LOAD	22.494	4.270
2026-09-28T05:01:52.917Z	spark1	LOAD	20.094	7.291
2026-09-28T05:01:53.009Z	spark2	LOAD	22.351	4.270
2026-09-28T05:01:53.185Z	spark1	LOAD	20.060	7.291
2026-09-28T05:01:53.259Z	spark2	LOAD	22.348	4.271
2026-09-28T05:01:53.435Z	spark1	LOAD	20.027	7.291
2026-09-28T05:01:53.510Z	spark2	LOAD	21.756	4.271
2026-09-28T05:01:53.685Z	spark1	LOAD	19.951	7.291
2026-09-28T05:01:53.775Z	spark2	LOAD	22.104	4.271
2026-09-28T05:01:53.936Z	spark1	LOAD	19.585	7.290
2026-09-28T05:01:54.025Z	spark2	LOAD	22.010	4.272
2026-09-28T05:01:54.201Z	spark1	LOAD	19.406	7.290
2026-09-28T05:01:54.276Z	spark2	LOAD	21.427	4.272
2026-09-28T05:01:54.452Z	spark1	LOAD	19.321	7.290
2026-09-28T05:01:54.526Z	spark2	LOAD	21.752	4.274
2026-09-28T05:01:54.702Z	spark1	LOAD	19.288	7.290
2026-09-28T05:01:54.791Z	spark2	LOAD	21.623	4.275
2026-09-28T05:01:54.953Z	spark1	LOAD	19.246	7.290
2026-09-28T05:01:55.041Z	spark2	LOAD	21.506	4.276
2026-09-28T05:01:55.222Z	spark1	LOAD	19.235	7.290
2026-09-28T05:01:55.292Z	spark2	LOAD	21.386	4.277
2026-09-28T05:01:55.473Z	spark1	LOAD	19.193	7.290
2026-09-28T05:01:55.542Z	spark2	LOAD	21.252	4.277
2026-09-28T05:01:55.723Z	spark1	LOAD	19.117	7.290
2026-09-28T05:01:55.803Z	spark2	LOAD	21.122	4.277
2026-09-28T05:01:55.973Z	spark1	LOAD	19.084	7.290
2026-09-28T05:01:56.053Z	spark2	LOAD	21.025	4.279
2026-09-28T05:01:56.240Z	spark1	LOAD	19.040	7.290
2026-09-28T05:01:56.303Z	spark2	LOAD	20.924	4.282
2026-09-28T05:01:56.490Z	spark1	LOAD	19.017	7.290
2026-09-28T05:01:56.553Z	spark2	LOAD	20.798	4.291
2026-09-28T05:01:56.740Z	spark1	LOAD	18.996	7.290
2026-09-28T05:01:56.814Z	spark2	LOAD	22.281	4.291
2026-09-28T05:01:56.991Z	spark1	LOAD	18.950	7.290
2026-09-28T05:01:57.064Z	spark2	LOAD	23.505	4.291
2026-09-28T05:01:57.257Z	spark1	LOAD	18.916	7.290
2026-09-28T05:01:57.314Z	spark2	LOAD	23.413	4.291
2026-09-28T05:01:57.508Z	spark1	LOAD	18.881	7.290
2026-09-28T05:01:57.565Z	spark2	LOAD	23.299	4.291
2026-09-28T05:01:57.758Z	spark1	LOAD	18.814	7.290
2026-09-28T05:01:57.829Z	spark2	LOAD	23.186	4.291
2026-09-28T05:01:58.008Z	spark1	LOAD	18.773	7.290
2026-09-28T05:01:58.080Z	spark2	LOAD	23.077	4.291
2026-09-28T05:01:58.268Z	spark1	LOAD	18.735	7.290
2026-09-28T05:01:58.330Z	spark2	LOAD	22.968	4.291
2026-09-28T05:01:58.519Z	spark1	LOAD	18.694	7.290
2026-09-28T05:01:58.580Z	spark2	LOAD	22.851	4.291
2026-09-28T05:01:58.769Z	spark1	LOAD	18.665	7.290
2026-09-28T05:01:58.844Z	spark2	LOAD	22.719	4.291
2026-09-28T05:01:59.020Z	spark1	LOAD	19.092	7.290
2026-09-28T05:01:59.095Z	spark2	LOAD	22.608	4.291
2026-09-28T05:01:59.286Z	spark1	LOAD	21.019	7.290
2026-09-28T05:01:59.346Z	spark2	LOAD	22.499	4.291
2026-09-28T05:01:59.537Z	spark1	LOAD	21.880	7.290
2026-09-28T05:01:59.596Z	spark2	LOAD	22.392	4.291
2026-09-28T05:01:59.787Z	spark1	LOAD	21.841	7.290
2026-09-28T05:01:59.856Z	spark2	LOAD	22.283	4.291
2026-09-28T05:02:00.037Z	spark1	LOAD	21.790	7.290
2026-09-28T05:02:00.107Z	spark2	LOAD	22.166	4.291
2026-09-28T05:02:00.299Z	spark1	LOAD	21.756	7.290
2026-09-28T05:02:00.358Z	spark2	LOAD	22.071	4.291
2026-09-28T05:02:00.549Z	spark1	LOAD	21.721	7.290
2026-09-28T05:02:00.608Z	spark2	LOAD	21.954	4.291
2026-09-28T05:02:00.800Z	spark1	LOAD	21.686	7.290
2026-09-28T05:02:00.873Z	spark2	LOAD	21.852	4.296
2026-09-28T05:02:01.050Z	spark1	LOAD	21.655	7.290
2026-09-28T05:02:01.123Z	spark2	LOAD	21.784	4.304
2026-09-28T05:02:01.317Z	spark1	LOAD	21.633	7.290
2026-09-28T05:02:01.373Z	spark2	LOAD	21.693	4.309
2026-09-28T05:02:01.567Z	spark1	LOAD	21.606	7.290
2026-09-28T05:02:01.624Z	spark2	LOAD	21.562	4.309
2026-09-28T05:02:01.817Z	spark1	LOAD	21.574	7.290
2026-09-28T05:02:01.888Z	spark2	LOAD	21.444	4.309
2026-09-28T05:02:02.068Z	spark1	LOAD	21.489	7.290
2026-09-28T05:02:02.139Z	spark2	LOAD	21.327	4.309
2026-09-28T05:02:02.330Z	spark1	LOAD	21.440	7.290
2026-09-28T05:02:02.389Z	spark2	LOAD	21.208	4.309
2026-09-28T05:02:02.580Z	spark1	LOAD	21.409	7.290
2026-09-28T05:02:02.639Z	spark2	LOAD	21.080	4.308
2026-09-28T05:02:02.831Z	spark1	LOAD	21.377	7.289
2026-09-28T05:02:02.904Z	spark2	LOAD	20.929	4.306
2026-09-28T05:02:03.081Z	spark1	LOAD	21.349	7.289
2026-09-28T05:02:03.154Z	spark2	LOAD	20.824	4.302
2026-09-28T05:02:03.350Z	spark1	LOAD	21.293	7.289
2026-09-28T05:02:03.405Z	spark2	LOAD	21.013	4.299
2026-09-28T05:02:03.601Z	spark1	LOAD	21.264	7.289
2026-09-28T05:02:03.656Z	spark2	LOAD	22.406	4.295
2026-09-28T05:02:03.851Z	spark1	LOAD	21.232	7.289
2026-09-28T05:02:03.916Z	spark2	LOAD	23.251	4.291
2026-09-28T05:02:04.102Z	spark1	LOAD	21.190	7.289
2026-09-28T05:02:04.166Z	spark2	LOAD	23.222	4.291
2026-09-28T05:02:04.364Z	spark1	LOAD	21.850	7.289
2026-09-28T05:02:04.417Z	spark2	LOAD	23.188	4.291
2026-09-28T05:02:04.614Z	spark1	LOAD	21.820	7.289
2026-09-28T05:02:04.667Z	spark2	LOAD	23.151	4.291
2026-09-28T05:02:04.865Z	spark1	LOAD	21.772	7.289
2026-09-28T05:02:04.932Z	spark2	LOAD	23.062	4.291
2026-09-28T05:02:05.115Z	spark1	LOAD	21.742	7.289
2026-09-28T05:02:05.182Z	spark2	LOAD	22.980	4.291
2026-09-28T05:02:05.377Z	spark1	LOAD	21.707	7.289
2026-09-28T05:02:05.432Z	spark2	LOAD	22.891	4.291
2026-09-28T05:02:05.628Z	spark1	LOAD	21.685	7.289
2026-09-28T05:02:05.682Z	spark2	LOAD	22.784	4.291
2026-09-28T05:02:05.878Z	spark1	LOAD	21.646	7.289
2026-09-28T05:02:05.943Z	spark2	LOAD	22.674	4.291
2026-09-28T05:02:06.128Z	spark1	LOAD	21.565	7.289
2026-09-28T05:02:06.193Z	spark2	LOAD	22.571	4.291
2026-09-28T05:02:06.395Z	spark1	LOAD	21.531	7.289
2026-09-28T05:02:06.444Z	spark2	LOAD	22.445	4.291
2026-09-28T05:02:06.646Z	spark1	LOAD	21.500	7.289
2026-09-28T05:02:06.695Z	spark2	LOAD	22.342	4.291
2026-09-28T05:02:06.896Z	spark1	LOAD	21.475	7.289
2026-09-28T05:02:06.955Z	spark2	LOAD	22.230	4.291
2026-09-28T05:02:07.147Z	spark1	LOAD	21.445	7.289
2026-09-28T05:02:07.206Z	spark2	LOAD	22.108	4.291
2026-09-28T05:02:07.415Z	spark1	LOAD	21.410	7.289
2026-09-28T05:02:07.456Z	spark2	LOAD	22.007	4.291
2026-09-28T05:02:07.665Z	spark1	LOAD	21.376	7.289
2026-09-28T05:02:07.707Z	spark2	LOAD	21.914	4.291
2026-09-28T05:02:07.916Z	spark1	LOAD	21.341	7.289
2026-09-28T05:02:07.967Z	spark2	LOAD	21.891	4.292
2026-09-28T05:02:08.166Z	spark1	LOAD	21.294	7.289
2026-09-28T05:02:08.217Z	spark2	LOAD	21.519	4.292
2026-09-28T05:02:08.433Z	spark1	LOAD	21.263	7.289
2026-09-28T05:02:08.468Z	spark2	LOAD	21.681	4.293
2026-09-28T05:02:08.683Z	spark1	LOAD	21.235	7.289
2026-09-28T05:02:08.718Z	spark2	LOAD	21.098	4.293
2026-09-28T05:02:08.933Z	spark1	LOAD	21.203	7.289
2026-09-28T05:02:08.983Z	spark2	LOAD	21.472	4.294
2026-09-28T05:02:09.184Z	spark1	LOAD	21.174	7.289
2026-09-28T05:02:09.233Z	spark2	LOAD	21.240	4.296
2026-09-28T05:02:09.445Z	spark1	LOAD	21.147	7.289
2026-09-28T05:02:09.484Z	spark2	LOAD	21.203	4.296
2026-09-28T05:02:09.696Z	spark1	LOAD	21.118	7.289
2026-09-28T05:02:09.734Z	spark2	LOAD	21.085	4.296
2026-09-28T05:02:09.946Z	spark1	LOAD	21.075	7.289
2026-09-28T05:02:09.998Z	spark2	LOAD	20.965	4.297
2026-09-28T05:02:10.197Z	spark1	LOAD	21.024	7.289
2026-09-28T05:02:10.249Z	spark2	LOAD	21.780	4.297
2026-09-28T05:02:10.464Z	spark1	LOAD	20.992	7.289
2026-09-28T05:02:10.499Z	spark2	LOAD	23.403	4.297
2026-09-28T05:02:10.714Z	spark1	LOAD	20.965	7.289
2026-09-28T05:02:10.749Z	spark2	LOAD	23.375	4.297
2026-09-28T05:02:10.965Z	spark1	LOAD	20.937	7.289
2026-09-28T05:02:11.009Z	spark2	LOAD	23.310	4.297
2026-09-28T05:02:11.215Z	spark1	LOAD	20.908	7.289
2026-09-28T05:02:11.260Z	spark2	LOAD	23.211	4.297
2026-09-28T05:02:11.481Z	spark1	LOAD	20.873	7.289
2026-09-28T05:02:11.511Z	spark2	LOAD	23.117	4.297
2026-09-28T05:02:11.731Z	spark1	LOAD	20.845	7.289
2026-09-28T05:02:11.760Z	spark2	LOAD	23.021	4.297
2026-09-28T05:02:11.982Z	spark1	LOAD	20.811	7.289
2026-09-28T05:02:12.020Z	spark2	LOAD	22.916	4.297
2026-09-28T05:02:12.232Z	spark1	LOAD	20.754	7.289
2026-09-28T05:02:12.271Z	spark2	LOAD	22.835	4.297
2026-09-28T05:02:12.498Z	spark1	LOAD	20.721	7.289
2026-09-28T05:02:12.522Z	spark2	LOAD	22.739	4.297
2026-09-28T05:02:12.748Z	spark1	LOAD	20.685	7.289
2026-09-28T05:02:12.772Z	spark2	LOAD	22.637	4.297
2026-09-28T05:02:12.999Z	spark1	LOAD	20.642	7.289
2026-09-28T05:02:13.032Z	spark2	LOAD	22.538	4.297
2026-09-28T05:02:13.249Z	spark1	LOAD	20.581	7.289
2026-09-28T05:02:13.282Z	spark2	LOAD	22.437	4.297
2026-09-28T05:02:13.510Z	spark1	LOAD	20.087	7.289
2026-09-28T05:02:13.532Z	spark2	LOAD	22.338	4.297
2026-09-28T05:02:13.761Z	spark1	LOAD	19.915	7.289
2026-09-28T05:02:13.783Z	spark2	LOAD	22.197	4.295
2026-09-28T05:02:14.011Z	spark1	LOAD	19.972	7.289
2026-09-28T05:02:14.042Z	spark2	LOAD	22.050	4.293
2026-09-28T05:02:14.261Z	spark1	LOAD	19.903	7.289
2026-09-28T05:02:14.293Z	spark2	LOAD	21.954	4.290
2026-09-28T05:02:14.529Z	spark1	LOAD	20.487	7.289
2026-09-28T05:02:14.543Z	spark2	LOAD	21.847	4.288
2026-09-28T05:02:14.778Z	spark1	LOAD	20.455	7.289
2026-09-28T05:02:14.793Z	spark2	LOAD	21.769	4.287
2026-09-28T05:02:15.029Z	spark1	LOAD	20.425	7.289
2026-09-28T05:02:15.057Z	spark2	LOAD	21.652	4.287
2026-09-28T05:02:15.279Z	spark1	LOAD	20.396	7.289
2026-09-28T05:02:15.308Z	spark2	LOAD	21.533	4.287
2026-09-28T05:02:15.546Z	spark1	LOAD	20.362	7.289
2026-09-28T05:02:15.558Z	spark2	LOAD	21.441	4.288
2026-09-28T05:02:15.796Z	spark1	LOAD	20.345	7.290
2026-09-28T05:02:15.809Z	spark2	LOAD	21.325	4.288
2026-09-28T05:02:16.047Z	spark1	LOAD	20.305	7.290
2026-09-28T05:02:16.069Z	spark2	LOAD	21.202	4.288
2026-09-28T05:02:16.297Z	spark1	LOAD	20.234	7.290
2026-09-28T05:02:16.319Z	spark2	LOAD	21.090	4.289
2026-09-28T05:02:16.562Z	spark1	LOAD	19.885	7.290
2026-09-28T05:02:16.570Z	spark2	LOAD	20.948	4.289
2026-09-28T05:02:16.812Z	spark1	LOAD	19.712	7.290
2026-09-28T05:02:16.820Z	spark2	LOAD	20.845	4.290
2026-09-28T05:02:17.063Z	spark1	LOAD	20.182	7.290
2026-09-28T05:02:17.081Z	spark2	LOAD	21.959	4.289
2026-09-28T05:02:17.313Z	spark1	LOAD	20.146	7.290
2026-09-28T05:02:17.331Z	spark2	LOAD	23.146	4.289
2026-09-28T05:02:17.579Z	spark1	LOAD	20.110	7.290
2026-09-28T05:02:17.581Z	spark2	LOAD	23.508	4.289
2026-09-28T05:02:17.829Z	spark1	LOAD	20.083	7.290
2026-09-28T05:02:17.832Z	spark2	LOAD	23.406	4.291
2026-09-28T05:02:18.080Z	spark1	LOAD	20.038	7.290
2026-09-28T05:02:18.092Z	spark2	LOAD	23.288	4.294
2026-09-28T05:02:18.331Z	spark1	LOAD	19.986	7.290
2026-09-28T05:02:18.342Z	spark2	LOAD	23.239	4.296
2026-09-28T05:02:18.592Z	spark2	LOAD	23.169	4.302
2026-09-28T05:02:18.593Z	spark1	LOAD	19.949	7.290
2026-09-28T05:02:18.843Z	spark2	LOAD	23.046	4.302
2026-09-28T05:02:18.843Z	spark1	LOAD	19.915	7.290
2026-09-28T05:02:19.093Z	spark1	LOAD	19.893	7.290
2026-09-28T05:02:19.102Z	spark2	LOAD	22.472	4.302
2026-09-28T05:02:19.343Z	spark1	LOAD	19.857	7.290
2026-09-28T05:02:19.353Z	spark2	LOAD	22.825	4.302
2026-09-28T05:02:19.603Z	spark2	LOAD	22.708	4.302
2026-09-28T05:02:19.610Z	spark1	LOAD	19.434	7.290
2026-09-28T05:02:19.853Z	spark2	LOAD	22.601	4.302
2026-09-28T05:02:19.860Z	spark1	LOAD	19.213	7.290
2026-09-28T05:02:20.111Z	spark1	LOAD	19.789	7.290
2026-09-28T05:02:20.118Z	spark2	LOAD	22.482	4.302
2026-09-28T05:02:20.361Z	spark1	LOAD	19.737	7.290
2026-09-28T05:02:20.368Z	spark2	LOAD	22.387	4.302
2026-09-28T05:02:20.618Z	spark2	LOAD	22.275	4.302
2026-09-28T05:02:20.628Z	spark1	LOAD	19.746	7.290
2026-09-28T05:02:20.869Z	spark2	LOAD	22.178	4.303
2026-09-28T05:02:20.878Z	spark1	LOAD	19.751	7.290
2026-09-28T05:02:21.128Z	spark1	LOAD	19.717	7.290
2026-09-28T05:02:21.129Z	spark2	LOAD	22.053	4.305
2026-09-28T05:02:21.379Z	spark1	LOAD	19.679	7.290
2026-09-28T05:02:21.380Z	spark2	LOAD	21.922	4.305
2026-09-28T05:02:21.630Z	spark2	LOAD	21.800	4.306
2026-09-28T05:02:21.645Z	spark1	LOAD	19.640	7.290
2026-09-28T05:02:21.881Z	spark2	LOAD	21.689	4.306
2026-09-28T05:02:21.895Z	spark1	LOAD	19.602	7.291
2026-09-28T05:02:22.145Z	spark2	LOAD	21.572	4.306
2026-09-28T05:02:22.145Z	spark1	LOAD	19.568	7.291
2026-09-28T05:02:22.395Z	spark2	LOAD	21.461	4.306
2026-09-28T05:02:22.396Z	spark1	LOAD	19.524	7.291
2026-09-28T05:02:22.645Z	spark2	LOAD	21.330	4.306
2026-09-28T05:02:22.663Z	spark1	LOAD	19.464	7.291
2026-09-28T05:02:22.896Z	spark2	LOAD	21.196	4.306
2026-09-28T05:02:22.913Z	spark1	LOAD	19.457	7.291
2026-09-28T05:02:23.161Z	spark2	LOAD	21.073	4.306
2026-09-28T05:02:23.163Z	spark1	LOAD	19.420	7.291
2026-09-28T05:02:23.411Z	spark2	LOAD	20.975	4.309
2026-09-28T05:02:23.413Z	spark1	LOAD	19.387	7.291
2026-09-28T05:02:23.661Z	spark2	LOAD	20.839	4.310
2026-09-28T05:02:23.683Z	spark1	LOAD	19.343	7.291
2026-09-28T05:02:23.912Z	spark2	LOAD	22.439	4.310
2026-09-28T05:02:23.934Z	spark1	LOAD	19.301	7.291
2026-09-28T05:02:24.176Z	spark2	LOAD	23.517	4.311
2026-09-28T05:02:24.184Z	spark1	LOAD	20.129	7.291
2026-09-28T05:02:24.427Z	spark2	LOAD	23.449	4.312
2026-09-28T05:02:24.434Z	spark1	LOAD	21.674	7.291
2026-09-28T05:02:24.677Z	spark2	LOAD	23.306	4.313
2026-09-28T05:02:24.702Z	spark1	LOAD	22.520	7.291
2026-09-28T05:02:24.927Z	spark2	LOAD	23.180	4.312
2026-09-28T05:02:24.953Z	spark1	LOAD	22.468	7.290
2026-09-28T05:02:25.187Z	spark2	LOAD	23.048	4.308
2026-09-28T05:02:25.203Z	spark1	LOAD	22.432	7.290
2026-09-28T05:02:25.437Z	spark2	LOAD	22.937	4.307
2026-09-28T05:02:25.453Z	spark1	LOAD	22.400	7.290
2026-09-28T05:02:25.687Z	spark2	LOAD	22.815	4.307
2026-09-28T05:02:25.716Z	spark1	LOAD	22.357	7.290
2026-09-28T05:02:25.938Z	spark2	LOAD	22.732	4.305
2026-09-28T05:02:25.966Z	spark1	LOAD	22.325	7.290
2026-09-28T05:02:26.202Z	spark2	LOAD	22.608	4.304
2026-09-28T05:02:26.216Z	spark1	LOAD	22.304	7.290
2026-09-28T05:02:26.453Z	spark2	LOAD	22.499	4.305
2026-09-28T05:02:26.467Z	spark1	LOAD	22.268	7.290
2026-09-28T05:02:26.703Z	spark2	LOAD	22.384	4.305
2026-09-28T05:02:26.729Z	spark1	LOAD	22.210	7.290
2026-09-28T05:02:26.953Z	spark2	LOAD	22.276	4.306
2026-09-28T05:02:26.979Z	spark1	LOAD	22.179	7.290
2026-09-28T05:02:27.214Z	spark2	LOAD	22.146	4.307
2026-09-28T05:02:27.230Z	spark1	LOAD	22.150	7.290
2026-09-28T05:02:27.464Z	spark2	LOAD	22.031	4.307
2026-09-28T05:02:27.480Z	spark1	LOAD	22.113	7.290
2026-09-28T05:02:27.714Z	spark2	LOAD	21.936	4.308
2026-09-28T05:02:27.742Z	spark1	LOAD	22.086	7.290
2026-09-28T05:02:27.964Z	spark2	LOAD	21.845	4.309
2026-09-28T05:02:27.993Z	spark1	LOAD	22.057	7.290
2026-09-28T05:02:28.225Z	spark2	LOAD	21.747	4.310
2026-09-28T05:02:28.243Z	spark1	LOAD	22.023	7.290
2026-09-28T05:02:28.475Z	spark2	LOAD	21.652	4.310
2026-09-28T05:02:28.493Z	spark1	LOAD	21.993	7.290
2026-09-28T05:02:28.725Z	spark2	LOAD	21.565	4.311
2026-09-28T05:02:28.760Z	spark1	LOAD	21.931	7.290
2026-09-28T05:02:28.976Z	spark2	LOAD	21.445	4.312
2026-09-28T05:02:29.010Z	spark1	LOAD	21.897	7.290
2026-09-28T05:02:29.240Z	spark2	LOAD	21.313	4.313
2026-09-28T05:02:29.261Z	spark1	LOAD	21.927	7.290
2026-09-28T05:02:29.491Z	spark2	LOAD	21.190	4.314
2026-09-28T05:02:29.512Z	spark1	LOAD	21.892	7.290
2026-09-28T05:02:29.741Z	spark2	LOAD	21.059	4.314
2026-09-28T05:02:29.773Z	spark1	LOAD	21.810	7.290
2026-09-28T05:02:29.991Z	spark2	LOAD	20.921	4.315
2026-09-28T05:02:30.024Z	spark1	LOAD	21.769	7.290
2026-09-28T05:02:30.252Z	spark2	LOAD	21.100	4.316
2026-09-28T05:02:30.274Z	spark1	LOAD	21.731	7.290
2026-09-28T05:02:30.503Z	spark2	LOAD	22.684	4.316
2026-09-28T05:02:30.524Z	spark1	LOAD	21.702	7.290
2026-09-28T05:02:30.753Z	spark2	LOAD	23.173	4.316
2026-09-28T05:02:30.790Z	spark1	LOAD	21.633	7.290
2026-09-28T05:02:31.004Z	spark2	LOAD	23.160	4.308
2026-09-28T05:02:31.040Z	spark1	LOAD	21.599	7.290
2026-09-28T05:02:31.266Z	spark2	LOAD	23.167	4.299
2026-09-28T05:02:31.291Z	spark1	LOAD	21.563	7.290
2026-09-28T05:02:31.516Z	spark2	LOAD	23.075	4.296
2026-09-28T05:02:31.541Z	spark1	LOAD	21.520	7.290
2026-09-28T05:02:31.767Z	spark2	LOAD	22.915	4.296
2026-09-28T05:02:31.802Z	spark1	LOAD	21.474	7.290
2026-09-28T05:02:32.017Z	spark2	LOAD	22.767	4.296
2026-09-28T05:02:32.052Z	spark1	LOAD	21.432	7.290
2026-09-28T05:02:32.277Z	spark2	LOAD	19.078	4.296
2026-09-28T05:02:32.303Z	spark1	LOAD	21.386	7.290
2026-09-28T05:02:32.527Z	spark2	LOAD	17.201	4.297
2026-09-28T05:02:32.553Z	spark1	LOAD	21.338	7.290
2026-09-28T05:02:32.778Z	spark2	LOAD	16.266	4.303
2026-09-28T05:02:32.814Z	spark1	LOAD	21.267	7.290
2026-09-28T05:02:33.028Z	spark2	LOAD	22.916	4.303
2026-09-28T05:02:33.064Z	spark1	LOAD	21.224	7.290
2026-09-28T05:02:33.290Z	spark2	LOAD	17.153	4.303
2026-09-28T05:02:33.315Z	spark1	LOAD	21.193	7.290
2026-09-28T05:02:33.541Z	spark2	LOAD	15.688	4.303
2026-09-28T05:02:33.566Z	spark1	LOAD	21.152	7.290
2026-09-28T05:02:33.792Z	spark2	LOAD	21.646	4.303
2026-09-28T05:02:33.833Z	spark1	LOAD	20.861	7.290
2026-09-28T05:02:34.043Z	spark2	LOAD	16.575	4.303
2026-09-28T05:02:34.084Z	spark1	LOAD	20.560	7.290
2026-09-28T05:02:34.308Z	spark2	LOAD	16.051	4.303
2026-09-28T05:02:34.334Z	spark1	LOAD	20.520	7.290
2026-09-28T05:02:34.559Z	spark2	LOAD	20.732	4.303
2026-09-28T05:02:34.585Z	spark1	LOAD	20.489	7.290
2026-09-28T05:02:34.811Z	spark2	LOAD	16.006	4.303
2026-09-28T05:02:34.847Z	spark1	LOAD	20.459	7.290
2026-09-28T05:02:35.061Z	spark2	LOAD	17.775	4.303
2026-09-28T05:02:35.097Z	spark1	LOAD	20.972	7.290
2026-09-28T05:02:35.326Z	spark2	LOAD	18.898	4.303
2026-09-28T05:02:35.348Z	spark1	LOAD	20.928	7.290
2026-09-28T05:02:35.577Z	spark2	LOAD	15.867	4.303
2026-09-28T05:02:35.598Z	spark1	LOAD	20.887	7.290
2026-09-28T05:02:35.828Z	spark2	LOAD	22.127	4.303
2026-09-28T05:02:35.865Z	spark1	LOAD	20.819	7.290
2026-09-28T05:02:36.077Z	spark2	LOAD	16.634	4.303
2026-09-28T05:02:36.116Z	spark1	LOAD	20.784	7.290
2026-09-28T05:02:36.343Z	spark2	LOAD	16.112	4.301
2026-09-28T05:02:36.366Z	spark1	LOAD	20.753	7.290
2026-09-28T05:02:36.593Z	spark2	LOAD	20.430	4.298
2026-09-28T05:02:36.616Z	spark1	LOAD	20.757	7.290
2026-09-28T05:02:36.843Z	spark2	LOAD	15.901	4.294
2026-09-28T05:02:36.882Z	spark1	LOAD	20.665	7.290
2026-09-28T05:02:37.094Z	spark2	LOAD	19.092	4.292
2026-09-28T05:02:37.133Z	spark1	LOAD	20.640	7.290
2026-09-28T05:02:37.354Z	spark2	LOAD	18.585	4.290
2026-09-28T05:02:37.383Z	spark1	LOAD	20.604	7.290
2026-09-28T05:02:37.605Z	spark2	LOAD	15.760	4.289
2026-09-28T05:02:37.633Z	spark1	LOAD	20.575	7.290
2026-09-28T05:02:37.855Z	spark2	LOAD	22.407	4.289
2026-09-28T05:02:37.899Z	spark1	LOAD	20.546	7.290
2026-09-28T05:02:38.106Z	spark2	LOAD	16.789	4.289
2026-09-28T05:02:38.150Z	spark1	LOAD	20.518	7.290
2026-09-28T05:02:38.367Z	spark2	LOAD	15.551	4.289
2026-09-28T05:02:38.400Z	spark1	LOAD	20.483	7.290
2026-09-28T05:02:38.618Z	spark2	LOAD	21.064	4.289
2026-09-28T05:02:38.650Z	spark1	LOAD	20.454	7.290
2026-09-28T05:02:38.868Z	spark2	LOAD	15.917	4.289
2026-09-28T05:02:38.911Z	spark1	LOAD	20.423	7.290
2026-09-28T05:02:39.119Z	spark2	LOAD	16.650	4.289
2026-09-28T05:02:39.161Z	spark1	LOAD	20.379	7.290
2026-09-28T05:02:39.384Z	spark2	LOAD	19.359	4.289
2026-09-28T05:02:39.411Z	spark1	LOAD	20.349	7.290
2026-09-28T05:02:39.635Z	spark2	LOAD	15.827	4.289
2026-09-28T05:02:39.661Z	spark1	LOAD	20.317	7.290
2026-09-28T05:02:39.885Z	spark2	LOAD	22.134	4.289
2026-09-28T05:02:39.923Z	spark1	LOAD	20.271	7.290
2026-09-28T05:02:40.136Z	spark2	LOAD	16.538	4.289
2026-09-28T05:02:40.174Z	spark1	LOAD	20.255	7.291
2026-09-28T05:02:40.397Z	spark2	LOAD	15.536	4.289
2026-09-28T05:02:40.424Z	spark1	LOAD	20.218	7.291
2026-09-28T05:02:40.648Z	spark2	LOAD	20.563	4.289
2026-09-28T05:02:40.674Z	spark1	LOAD	20.185	7.291
2026-09-28T05:02:40.900Z	spark2	LOAD	15.889	4.289
2026-09-28T05:02:40.941Z	spark1	LOAD	20.127	7.291
2026-09-28T05:02:41.150Z	spark2	LOAD	19.881	4.289
2026-09-28T05:02:41.192Z	spark1	LOAD	20.113	7.291
2026-09-28T05:02:41.415Z	spark2	LOAD	17.897	4.289
2026-09-28T05:02:41.442Z	spark1	LOAD	19.511	7.290
2026-09-28T05:02:41.666Z	spark2	LOAD	15.585	4.289
2026-09-28T05:02:41.692Z	spark1	LOAD	20.044	7.290
2026-09-28T05:02:41.917Z	spark2	LOAD	21.239	4.289
2026-09-28T05:02:41.958Z	spark1	LOAD	20.010	7.290
2026-09-28T05:02:42.168Z	spark2	LOAD	15.909	4.289
2026-09-28T05:02:42.208Z	spark1	LOAD	19.512	7.290
2026-09-28T05:02:42.435Z	spark2	LOAD	17.615	4.289
2026-09-28T05:02:42.459Z	spark1	LOAD	19.936	7.290
2026-09-28T05:02:42.686Z	spark2	LOAD	19.254	4.289
2026-09-28T05:02:42.709Z	spark1	LOAD	19.835	7.290
2026-09-28T05:02:42.936Z	spark2	LOAD	15.749	4.289
2026-09-28T05:02:42.975Z	spark1	LOAD	19.788	7.290
2026-09-28T05:02:43.187Z	spark2	LOAD	21.838	4.289
2026-09-28T05:02:43.226Z	spark1	LOAD	19.832	7.291
2026-09-28T05:02:43.454Z	spark2	LOAD	15.991	4.289
2026-09-28T05:02:43.476Z	spark1	LOAD	19.212	7.291
2026-09-28T05:02:43.705Z	spark2	LOAD	16.305	4.289
2026-09-28T05:02:43.726Z	spark1	LOAD	19.180	7.291
2026-09-28T05:02:43.955Z	spark2	LOAD	20.071	4.289
2026-09-28T05:02:43.994Z	spark1	LOAD	19.778	7.293
2026-09-28T05:02:44.207Z	spark2	LOAD	15.876	4.289
2026-09-28T05:02:44.244Z	spark1	LOAD	19.743	7.293
2026-09-28T05:02:44.467Z	spark2	LOAD	22.339	4.289
2026-09-28T05:02:44.494Z	spark1	LOAD	19.706	7.293
2026-09-28T05:02:44.718Z	spark2	LOAD	16.452	4.289
2026-09-28T05:02:44.745Z	spark1	LOAD	19.215	7.293
2026-09-28T05:02:44.969Z	spark2	LOAD	15.511	4.289
2026-09-28T05:02:45.016Z	spark1	LOAD	19.048	7.293
2026-09-28T05:02:45.219Z	spark2	LOAD	20.067	4.289
2026-09-28T05:02:45.266Z	spark1	LOAD	19.575	7.293
2026-09-28T05:02:45.488Z	spark2	LOAD	15.806	4.289
2026-09-28T05:02:45.516Z	spark1	LOAD	19.543	7.293
2026-09-28T05:02:45.738Z	spark2	LOAD	21.879	4.289
2026-09-28T05:02:45.767Z	spark1	LOAD	19.512	7.293
2026-09-28T05:02:45.989Z	spark2	LOAD	16.048	4.289
2026-09-28T05:02:46.033Z	spark1	LOAD	18.996	7.293
2026-09-28T05:02:46.239Z	spark2	LOAD	16.381	4.289
2026-09-28T05:02:46.283Z	spark1	LOAD	19.455	7.294
2026-09-28T05:02:46.506Z	spark2	LOAD	19.329	4.289
2026-09-28T05:02:46.534Z	spark1	LOAD	19.421	7.294
2026-09-28T05:02:46.756Z	spark2	LOAD	15.633	4.289
2026-09-28T05:02:46.784Z	spark1	LOAD	20.463	7.297
2026-09-28T05:02:47.008Z	spark2	LOAD	21.459	4.289
2026-09-28T05:02:47.045Z	spark1	LOAD	22.042	7.297
2026-09-28T05:02:47.259Z	spark2	LOAD	15.900	4.289
2026-09-28T05:02:47.295Z	spark1	LOAD	22.336	7.297
2026-09-28T05:02:47.542Z	spark2	LOAD	21.475	4.285
2026-09-28T05:02:47.545Z	spark1	LOAD	22.311	7.297
2026-09-28T05:02:47.792Z	spark2	LOAD	18.100	4.281
2026-09-28T05:02:47.795Z	spark1	LOAD	22.258	7.297
2026-09-28T05:02:48.043Z	spark2	LOAD	15.528	4.279
2026-09-28T05:02:48.057Z	spark1	LOAD	22.257	7.297
2026-09-28T05:02:48.294Z	spark2	LOAD	20.664	4.276
2026-09-28T05:02:48.307Z	spark1	LOAD	22.217	7.297
2026-09-28T05:02:48.557Z	spark1	LOAD	22.160	7.297
2026-09-28T05:02:48.560Z	spark2	LOAD	15.802	4.276
2026-09-28T05:02:48.808Z	spark1	LOAD	22.094	7.297
2026-09-28T05:02:48.811Z	spark2	LOAD	22.135	4.276
2026-09-28T05:02:49.061Z	spark2	LOAD	16.244	4.276
2026-09-28T05:02:49.070Z	spark1	LOAD	22.027	7.297
2026-09-28T05:02:49.312Z	spark2	LOAD	16.739	4.276
2026-09-28T05:02:49.320Z	spark1	LOAD	21.934	7.297
2026-09-28T05:02:49.570Z	spark1	LOAD	21.908	7.297
2026-09-28T05:02:49.572Z	spark2	LOAD	19.172	4.276
2026-09-28T05:02:49.821Z	spark1	LOAD	21.889	7.297
2026-09-28T05:02:49.823Z	spark2	LOAD	15.541	4.276
2026-09-28T05:02:50.074Z	spark2	LOAD	21.054	4.276
2026-09-28T05:02:50.082Z	spark1	LOAD	21.852	7.297
2026-09-28T05:02:50.325Z	spark2	LOAD	15.867	4.276
2026-09-28T05:02:50.333Z	spark1	LOAD	21.826	7.297
2026-09-28T05:02:50.583Z	spark1	LOAD	21.796	7.297
2026-09-28T05:02:50.600Z	spark2	LOAD	22.504	4.276
2026-09-28T05:02:50.833Z	spark1	LOAD	21.764	7.297
2026-09-28T05:02:50.850Z	spark2	LOAD	16.590	4.276
2026-09-28T05:02:51.095Z	spark1	LOAD	21.736	7.297
2026-09-28T05:02:51.101Z	spark2	LOAD	16.710	4.276
2026-09-28T05:02:51.345Z	spark1	LOAD	21.689	7.296
2026-09-28T05:02:51.351Z	spark2	LOAD	19.394	4.276
2026-09-28T05:02:51.595Z	spark1	LOAD	21.660	7.296
2026-09-28T05:02:51.618Z	spark2	LOAD	15.551	4.276
2026-09-28T05:02:51.846Z	spark1	LOAD	21.627	7.296
2026-09-28T05:02:51.870Z	spark2	LOAD	20.744	4.276
2026-09-28T05:02:52.113Z	spark1	LOAD	21.603	7.296
2026-09-28T05:02:52.120Z	spark2	LOAD	15.851	4.276
2026-09-28T05:02:52.363Z	spark1	LOAD	21.573	7.296
2026-09-28T05:02:52.371Z	spark2	LOAD	22.251	4.276
2026-09-28T05:02:52.613Z	spark1	LOAD	21.527	7.296
2026-09-28T05:02:52.637Z	spark2	LOAD	15.884	4.276
2026-09-28T05:02:52.864Z	spark1	LOAD	21.498	7.296
2026-09-28T05:02:52.887Z	spark2	LOAD	18.222	4.276
2026-09-28T05:02:53.131Z	spark1	LOAD	21.503	7.296
2026-09-28T05:02:53.138Z	spark2	LOAD	18.752	4.276
2026-09-28T05:02:53.382Z	spark1	LOAD	21.483	7.296
2026-09-28T05:02:53.389Z	spark2	LOAD	15.546	4.276
2026-09-28T05:02:53.632Z	spark1	LOAD	21.483	7.296
2026-09-28T05:02:53.650Z	spark2	LOAD	20.877	4.276
2026-09-28T05:02:53.882Z	spark1	LOAD	21.458	7.296
2026-09-28T05:02:53.901Z	spark2	LOAD	15.874	4.276
2026-09-28T05:02:54.143Z	spark1	LOAD	21.428	7.296
2026-09-28T05:02:54.151Z	spark2	LOAD	20.309	4.276
2026-09-28T05:02:54.394Z	spark1	LOAD	21.398	7.296
2026-09-28T05:02:54.402Z	spark2	LOAD	17.818	4.276
2026-09-28T05:02:54.644Z	spark1	LOAD	21.374	7.296
2026-09-28T05:02:54.662Z	spark2	LOAD	15.883	4.275
2026-09-28T05:02:54.894Z	spark1	LOAD	21.337	7.296
2026-09-28T05:02:54.913Z	spark2	LOAD	19.839	4.275
2026-09-28T05:02:55.160Z	spark1	LOAD	21.198	7.296
2026-09-28T05:02:55.164Z	spark2	LOAD	15.723	4.275
2026-09-28T05:02:55.411Z	spark1	LOAD	20.708	7.296
2026-09-28T05:02:55.415Z	spark2	LOAD	21.564	4.275
2026-09-28T05:02:55.661Z	spark1	LOAD	20.679	7.296
2026-09-28T05:02:55.676Z	spark2	LOAD	15.880	4.275
2026-09-28T05:02:55.911Z	spark1	LOAD	21.299	7.297
2026-09-28T05:02:55.926Z	spark2	LOAD	18.964	4.275
2026-09-28T05:02:56.177Z	spark2	LOAD	18.550	4.275
2026-09-28T05:02:56.179Z	spark1	LOAD	21.251	7.297
2026-09-28T05:02:56.427Z	spark2	LOAD	15.536	4.275
2026-09-28T05:02:56.429Z	spark1	LOAD	21.225	7.298
2026-09-28T05:02:56.680Z	spark1	LOAD	21.195	7.299
2026-09-28T05:02:56.692Z	spark2	LOAD	20.296	4.275
2026-09-28T05:02:56.930Z	spark1	LOAD	21.162	7.299
2026-09-28T05:02:56.943Z	spark2	LOAD	15.809	4.275
2026-09-28T05:02:57.194Z	spark2	LOAD	21.765	4.275
2026-09-28T05:02:57.197Z	spark1	LOAD	21.134	7.299
2026-09-28T05:02:57.445Z	spark2	LOAD	15.875	4.275
2026-09-28T05:02:57.448Z	spark1	LOAD	21.064	7.299
2026-09-28T05:02:57.698Z	spark1	LOAD	21.062	7.299
2026-09-28T05:02:57.710Z	spark2	LOAD	19.481	4.275
2026-09-28T05:02:57.948Z	spark1	LOAD	20.453	7.299
2026-09-28T05:02:57.960Z	spark2	LOAD	18.118	4.275
2026-09-28T05:02:58.211Z	spark2	LOAD	15.513	4.275
2026-09-28T05:02:58.215Z	spark1	LOAD	20.981	7.299
2026-09-28T05:02:58.461Z	spark2	LOAD	20.757	4.273
2026-09-28T05:02:58.466Z	spark1	LOAD	20.736	7.299
2026-09-28T05:02:58.717Z	spark1	LOAD	20.906	7.299
2026-09-28T05:02:58.729Z	spark2	LOAD	15.845	4.268
2026-09-28T05:02:58.967Z	spark1	LOAD	20.841	7.299
2026-09-28T05:02:58.979Z	spark2	LOAD	22.568	4.265
2026-09-28T05:02:59.230Z	spark2	LOAD	22.414	4.263
2026-09-28T05:02:59.234Z	spark1	LOAD	20.254	7.299
2026-09-28T05:02:59.480Z	spark2	LOAD	22.641	4.263
2026-09-28T05:02:59.485Z	spark1	LOAD	20.193	7.299
2026-09-28T05:02:59.735Z	spark1	LOAD	20.167	7.299
2026-09-28T05:02:59.743Z	spark2	LOAD	22.505	4.263
2026-09-28T05:02:59.985Z	spark1	LOAD	20.176	7.299
2026-09-28T05:02:59.994Z	spark2	LOAD	22.877	4.263
2026-09-28T05:03:00.245Z	spark2	LOAD	22.759	4.263
2026-09-28T05:03:00.246Z	spark1	LOAD	20.131	7.299
2026-09-28T05:03:00.495Z	spark2	LOAD	22.956	4.263
2026-09-28T05:03:00.496Z	spark1	LOAD	20.082	7.299
2026-09-28T05:03:00.746Z	spark1	LOAD	20.052	7.299
2026-09-28T05:03:00.765Z	spark2	LOAD	22.992	4.263
2026-09-28T05:03:00.997Z	spark1	LOAD	20.370	7.299
2026-09-28T05:03:01.016Z	spark2	LOAD	23.189	4.263
2026-09-28T05:03:01.258Z	spark1	LOAD	20.585	7.299
2026-09-28T05:03:01.266Z	spark2	LOAD	23.034	4.263
2026-09-28T05:03:01.508Z	spark1	LOAD	20.546	7.299
2026-09-28T05:03:01.517Z	spark2	LOAD	23.205	4.263
2026-09-28T05:03:01.759Z	spark1	LOAD	20.509	7.300
2026-09-28T05:03:01.781Z	spark2	LOAD	23.501	4.263
2026-09-28T05:03:02.009Z	spark1	LOAD	20.477	7.300
2026-09-28T05:03:02.032Z	spark2	LOAD	23.298	4.263
2026-09-28T05:03:02.271Z	spark1	LOAD	20.444	7.300
2026-09-28T05:03:02.283Z	spark2	LOAD	23.098	4.263
2026-09-28T05:03:02.522Z	spark1	LOAD	20.411	7.300
2026-09-28T05:03:02.533Z	spark2	LOAD	23.550	4.263
2026-09-28T05:03:02.772Z	spark1	LOAD	20.380	7.300
2026-09-28T05:03:02.794Z	spark2	LOAD	23.925	4.263
2026-09-28T05:03:03.022Z	spark1	LOAD	20.349	7.300
2026-09-28T05:03:03.045Z	spark2	LOAD	24.061	4.263
2026-09-28T05:03:03.291Z	spark1	LOAD	20.317	7.300
2026-09-28T05:03:03.296Z	spark2	LOAD	24.080	4.263
2026-09-28T05:03:03.541Z	spark1	LOAD	20.288	7.300
2026-09-28T05:03:03.547Z	spark2	LOAD	24.195	4.263
2026-09-28T05:03:03.791Z	spark1	LOAD	20.237	7.300
2026-09-28T05:03:03.814Z	spark2	LOAD	23.955	4.263
2026-09-28T05:03:04.041Z	spark1	LOAD	19.780	7.300
2026-09-28T05:03:04.065Z	spark2	LOAD	22.470	4.263
2026-09-28T05:03:04.309Z	spark1	LOAD	20.167	7.300
2026-09-28T05:03:04.315Z	spark2	LOAD	24.779	4.263
2026-09-28T05:03:04.559Z	spark1	LOAD	20.133	7.300
2026-09-28T05:03:04.566Z	spark2	LOAD	24.773	4.263
2026-09-28T05:03:04.810Z	spark1	LOAD	20.072	7.300
2026-09-28T05:03:04.826Z	spark2	LOAD	24.767	4.263
2026-09-28T05:03:05.060Z	spark1	LOAD	19.480	7.300
2026-09-28T05:03:05.077Z	spark2	LOAD	24.764	4.263
2026-09-28T05:03:05.326Z	spark1	LOAD	20.020	7.300
2026-09-28T05:03:05.328Z	spark2	LOAD	24.759	4.263
2026-09-28T05:03:05.577Z	spark1	LOAD	19.541	7.300
2026-09-28T05:03:05.579Z	spark2	LOAD	22.885	4.263
2026-09-28T05:03:05.827Z	spark1	LOAD	19.975	7.300
2026-09-28T05:03:05.839Z	spark2	LOAD	22.872	4.263
2026-09-28T05:03:06.077Z	spark1	LOAD	19.946	7.300
2026-09-28T05:03:06.090Z	spark2	LOAD	22.866	4.263
2026-09-28T05:03:06.340Z	spark2	LOAD	22.866	4.263
2026-09-28T05:03:06.344Z	spark1	LOAD	19.922	7.300
2026-09-28T05:03:06.590Z	spark2	LOAD	22.859	4.263
2026-09-28T05:03:06.594Z	spark1	LOAD	19.886	7.300
2026-09-28T05:03:06.845Z	spark1	LOAD	19.849	7.300
2026-09-28T05:03:06.856Z	spark2	LOAD	21.767	4.263
2026-09-28T05:03:07.095Z	spark1	LOAD	19.815	7.300
2026-09-28T05:03:07.106Z	spark2	LOAD	21.740	4.263
2026-09-28T05:03:07.356Z	spark2	LOAD	21.708	4.263
2026-09-28T05:03:07.361Z	spark1	LOAD	19.778	7.300
2026-09-28T05:03:07.606Z	spark2	LOAD	21.679	4.263
2026-09-28T05:03:07.612Z	spark1	LOAD	19.758	7.300
2026-09-28T05:03:07.862Z	spark1	LOAD	19.719	7.300
2026-09-28T05:03:07.871Z	spark2	LOAD	21.647	4.263
2026-09-28T05:03:08.113Z	spark1	LOAD	19.678	7.299
2026-09-28T05:03:08.121Z	spark2	LOAD	21.620	4.263
2026-09-28T05:03:08.372Z	spark2	LOAD	21.593	4.263
2026-09-28T05:03:08.381Z	spark1	LOAD	19.638	7.299
2026-09-28T05:03:08.623Z	spark2	LOAD	21.565	4.263
2026-09-28T05:03:08.631Z	spark1	LOAD	19.598	7.299
2026-09-28T05:03:08.881Z	spark1	LOAD	19.539	7.299
2026-09-28T05:03:08.887Z	spark2	LOAD	21.533	4.263
2026-09-28T05:03:09.132Z	spark1	LOAD	19.479	7.299
2026-09-28T05:03:09.137Z	spark2	LOAD	21.505	4.263
2026-09-28T05:03:09.387Z	spark2	LOAD	21.471	4.261
2026-09-28T05:03:09.399Z	spark1	LOAD	19.441	7.299
2026-09-28T05:03:09.637Z	spark2	LOAD	21.273	4.257
2026-09-28T05:03:09.649Z	spark1	LOAD	19.448	7.299
2026-09-28T05:03:09.898Z	spark2	LOAD	21.066	4.254
2026-09-28T05:03:09.899Z	spark1	LOAD	19.366	7.299
2026-09-28T05:03:10.148Z	spark2	LOAD	20.928	4.252
2026-09-28T05:03:10.149Z	spark1	LOAD	19.321	7.299
2026-09-28T05:03:10.399Z	spark2	LOAD	20.800	4.252
2026-09-28T05:03:10.411Z	spark1	LOAD	18.981	7.299
2026-09-28T05:03:10.649Z	spark2	LOAD	21.809	4.252
2026-09-28T05:03:10.662Z	spark1	LOAD	19.309	7.299
2026-09-28T05:03:10.912Z	spark1	LOAD	19.273	7.299
2026-09-28T05:03:10.914Z	spark2	LOAD	21.517	4.249
2026-09-28T05:03:11.162Z	spark1	LOAD	19.662	7.299
2026-09-28T05:03:11.166Z	spark2	LOAD	21.849	4.249
2026-09-28T05:03:11.418Z	spark2	LOAD	22.006	4.249
2026-09-28T05:03:11.425Z	spark1	LOAD	21.222	7.299
2026-09-28T05:03:11.669Z	spark2	LOAD	21.948	4.249
2026-09-28T05:03:11.676Z	spark1	LOAD	22.510	7.299
2026-09-28T05:03:11.926Z	spark1	LOAD	22.438	7.299
2026-09-28T05:03:11.930Z	spark2	LOAD	22.040	4.249
2026-09-28T05:03:12.177Z	spark1	LOAD	22.399	7.299
2026-09-28T05:03:12.180Z	spark2	LOAD	22.157	4.249
2026-09-28T05:03:12.431Z	spark2	LOAD	21.840	4.249
2026-09-28T05:03:12.439Z	spark1	LOAD	22.356	7.299
2026-09-28T05:03:12.681Z	spark2	LOAD	22.661	4.249
2026-09-28T05:03:12.689Z	spark1	LOAD	22.318	7.299
2026-09-28T05:03:12.939Z	spark1	LOAD	22.279	7.299
2026-09-28T05:03:12.947Z	spark2	LOAD	22.661	4.249
2026-09-28T05:03:13.190Z	spark1	LOAD	22.242	7.299
2026-09-28T05:03:13.198Z	spark2	LOAD	22.661	4.249
2026-09-28T05:03:13.449Z	spark2	LOAD	22.661	4.249
2026-09-28T05:03:13.456Z	spark1	LOAD	22.204	7.299
2026-09-28T05:03:13.700Z	spark2	LOAD	22.661	4.249
2026-09-28T05:03:13.707Z	spark1	LOAD	22.164	7.299
2026-09-28T05:03:13.957Z	spark1	LOAD	22.107	7.299
2026-09-28T05:03:13.961Z	spark2	LOAD	22.659	4.249
2026-09-28T05:03:14.207Z	spark1	LOAD	22.064	7.299
2026-09-28T05:03:14.212Z	spark2	LOAD	22.653	4.249
2026-09-28T05:03:14.462Z	spark2	LOAD	22.638	4.249
2026-09-28T05:03:14.474Z	spark1	LOAD	22.032	7.299
2026-09-28T05:03:14.713Z	spark2	LOAD	22.623	4.249
2026-09-28T05:03:14.724Z	spark1	LOAD	21.998	7.299
2026-09-28T05:03:14.974Z	spark2	LOAD	22.606	4.249
2026-09-28T05:03:14.974Z	spark1	LOAD	21.961	7.299
2026-09-28T05:03:15.224Z	spark2	LOAD	22.604	4.249
2026-09-28T05:03:15.225Z	spark1	LOAD	21.907	7.299
2026-09-28T05:03:15.475Z	spark2	LOAD	22.597	4.249
2026-09-28T05:03:15.486Z	spark1	LOAD	21.868	7.299
2026-09-28T05:03:15.726Z	spark2	LOAD	22.589	4.249
2026-09-28T05:03:15.737Z	spark1	LOAD	21.826	7.299
2026-09-28T05:03:15.987Z	spark1	LOAD	21.768	7.299
2026-09-28T05:03:15.991Z	spark2	LOAD	22.581	4.249
2026-09-28T05:03:16.237Z	spark1	LOAD	21.729	7.299
2026-09-28T05:03:16.242Z	spark2	LOAD	22.566	4.249
2026-09-28T05:03:16.493Z	spark2	LOAD	22.551	4.249
2026-09-28T05:03:16.498Z	spark1	LOAD	21.693	7.299
2026-09-28T05:03:16.743Z	spark2	LOAD	22.551	4.249
2026-09-28T05:03:16.748Z	spark1	LOAD	21.652	7.299
2026-09-28T05:03:16.998Z	spark1	LOAD	21.612	7.299
2026-09-28T05:03:17.003Z	spark2	LOAD	22.535	4.249
2026-09-28T05:03:17.249Z	spark1	LOAD	21.572	7.299
2026-09-28T05:03:17.254Z	spark2	LOAD	22.528	4.249
2026-09-28T05:03:17.503Z	spark2	LOAD	22.512	4.249
2026-09-28T05:03:17.509Z	spark1	LOAD	21.529	7.299
2026-09-28T05:03:17.754Z	spark2	LOAD	22.504	4.249
2026-09-28T05:03:17.760Z	spark1	LOAD	21.492	7.299
2026-09-28T05:03:18.010Z	spark1	LOAD	21.425	7.299
2026-09-28T05:03:18.015Z	spark2	LOAD	22.497	4.249
2026-09-28T05:03:18.260Z	spark1	LOAD	21.393	7.299
2026-09-28T05:03:18.265Z	spark2	LOAD	22.481	4.249
2026-09-28T05:03:18.516Z	spark2	LOAD	22.474	4.249
2026-09-28T05:03:18.526Z	spark1	LOAD	21.360	7.299
2026-09-28T05:03:18.766Z	spark2	LOAD	22.459	4.249
2026-09-28T05:03:18.777Z	spark1	LOAD	21.321	7.299
2026-09-28T05:03:19.027Z	spark2	LOAD	22.463	4.249
2026-09-28T05:03:19.027Z	spark1	LOAD	21.288	7.299
2026-09-28T05:03:19.278Z	spark2	LOAD	22.452	4.249
2026-09-28T05:03:19.278Z	spark1	LOAD	21.248	7.299
2026-09-28T05:03:19.527Z	spark2	LOAD	22.436	4.249
2026-09-28T05:03:19.539Z	spark1	LOAD	21.210	7.299
2026-09-28T05:03:19.778Z	spark2	LOAD	22.422	4.249
2026-09-28T05:03:19.790Z	spark1	LOAD	21.148	7.299
2026-09-28T05:03:20.040Z	spark1	LOAD	20.581	7.299
2026-09-28T05:03:20.043Z	spark2	LOAD	22.422	4.249
2026-09-28T05:03:20.290Z	spark1	LOAD	20.533	7.299
2026-09-28T05:03:20.293Z	spark2	LOAD	22.414	4.248
2026-09-28T05:03:20.544Z	spark2	LOAD	22.384	4.243
2026-09-28T05:03:20.551Z	spark1	LOAD	20.488	7.299
2026-09-28T05:03:20.794Z	spark2	LOAD	22.364	4.239
2026-09-28T05:03:20.802Z	spark1	LOAD	21.049	7.299
2026-09-28T05:03:21.052Z	spark1	LOAD	21.030	7.299
2026-09-28T05:03:21.055Z	spark2	LOAD	22.352	4.238
2026-09-28T05:03:21.303Z	spark1	LOAD	20.670	7.299
2026-09-28T05:03:21.306Z	spark2	LOAD	22.343	4.238
2026-09-28T05:03:21.556Z	spark2	LOAD	23.514	4.238
2026-09-28T05:03:21.572Z	spark1	LOAD	20.391	7.299
2026-09-28T05:03:21.807Z	spark2	LOAD	23.513	4.238
2026-09-28T05:03:21.822Z	spark1	LOAD	20.926	7.300
2026-09-28T05:03:22.072Z	spark1	LOAD	20.888	7.300
2026-09-28T05:03:22.073Z	spark2	LOAD	23.505	4.238
2026-09-28T05:03:22.323Z	spark1	LOAD	20.816	7.300
2026-09-28T05:03:22.323Z	spark2	LOAD	23.505	4.238
2026-09-28T05:03:22.575Z	spark2	LOAD	23.505	4.238
2026-09-28T05:03:22.585Z	spark1	LOAD	20.778	7.300
2026-09-28T05:03:22.825Z	spark2	LOAD	23.507	4.238
2026-09-28T05:03:22.836Z	spark1	LOAD	20.742	7.300
2026-09-28T05:03:23.086Z	spark2	LOAD	23.506	4.238
2026-09-28T05:03:23.086Z	spark1	LOAD	20.733	7.300
2026-09-28T05:03:23.336Z	spark1	LOAD	20.695	7.300
2026-09-28T05:03:23.337Z	spark2	LOAD	23.506	4.238
2026-09-28T05:03:23.588Z	spark2	LOAD	23.506	4.238
2026-09-28T05:03:23.604Z	spark1	LOAD	20.649	7.300
2026-09-28T05:03:23.838Z	spark2	LOAD	23.506	4.238
2026-09-28T05:03:23.854Z	spark1	LOAD	20.601	7.300
2026-09-28T05:03:24.103Z	spark2	LOAD	23.514	4.238
2026-09-28T05:03:24.104Z	spark1	LOAD	20.574	7.300
2026-09-28T05:03:24.354Z	spark2	LOAD	23.514	4.238
2026-09-28T05:03:24.355Z	spark1	LOAD	20.500	7.300
2026-09-28T05:03:24.605Z	spark2	LOAD	23.514	4.238
2026-09-28T05:03:24.616Z	spark1	LOAD	20.448	7.300
2026-09-28T05:03:24.855Z	spark2	LOAD	23.514	4.238
2026-09-28T05:03:24.867Z	spark1	LOAD	19.895	7.300
2026-09-28T05:03:25.117Z	spark1	LOAD	20.411	7.300
2026-09-28T05:03:25.120Z	spark2	LOAD	23.523	4.238
2026-09-28T05:03:25.367Z	spark1	LOAD	19.850	7.300
2026-09-28T05:03:25.371Z	spark2	LOAD	23.523	4.238
2026-09-28T05:03:25.622Z	spark2	LOAD	23.523	4.238
2026-09-28T05:03:25.629Z	spark1	LOAD	20.350	7.300
2026-09-28T05:03:25.873Z	spark2	LOAD	23.523	4.238
2026-09-28T05:03:25.880Z	spark1	LOAD	20.314	7.300
2026-09-28T05:03:26.130Z	spark1	LOAD	20.272	7.300
2026-09-28T05:03:26.138Z	spark2	LOAD	23.531	4.238
2026-09-28T05:03:26.381Z	spark1	LOAD	20.204	7.300
2026-09-28T05:03:26.389Z	spark2	LOAD	23.531	4.238
2026-09-28T05:03:26.640Z	spark2	LOAD	23.531	4.238
2026-09-28T05:03:26.642Z	spark1	LOAD	20.174	7.300
2026-09-28T05:03:26.890Z	spark2	LOAD	23.539	4.238
2026-09-28T05:03:26.893Z	spark1	LOAD	19.559	7.300
2026-09-28T05:03:27.143Z	spark1	LOAD	20.108	7.300
2026-09-28T05:03:27.156Z	spark2	LOAD	23.539	4.238
2026-09-28T05:03:27.393Z	spark1	LOAD	20.070	7.300
2026-09-28T05:03:27.406Z	spark2	LOAD	23.539	4.238
2026-09-28T05:03:27.657Z	spark2	LOAD	23.539	4.238
2026-09-28T05:03:27.662Z	spark1	LOAD	20.030	7.300
2026-09-28T05:03:27.907Z	spark2	LOAD	23.547	4.238
2026-09-28T05:03:27.912Z	spark1	LOAD	19.993	7.300
2026-09-28T05:03:28.162Z	spark1	LOAD	19.948	7.300
2026-09-28T05:03:28.173Z	spark2	LOAD	23.547	4.238
2026-09-28T05:03:28.413Z	spark1	LOAD	19.915	7.300
2026-09-28T05:03:28.423Z	spark2	LOAD	23.547	4.238
2026-09-28T05:03:28.673Z	spark2	LOAD	23.547	4.238
2026-09-28T05:03:28.679Z	spark1	LOAD	19.850	7.300
2026-09-28T05:03:28.924Z	spark2	LOAD	23.555	4.238
2026-09-28T05:03:28.929Z	spark1	LOAD	19.805	7.300
2026-09-28T05:03:29.180Z	spark1	LOAD	19.602	7.300
2026-09-28T05:03:29.185Z	spark2	LOAD	23.555	4.238
2026-09-28T05:03:29.430Z	spark1	LOAD	19.170	7.300
2026-09-28T05:03:29.436Z	spark2	LOAD	23.555	4.238
2026-09-28T05:03:29.687Z	spark2	LOAD	23.555	4.238
2026-09-28T05:03:29.697Z	spark1	LOAD	19.130	7.300
2026-09-28T05:03:29.937Z	spark2	LOAD	23.561	4.238
2026-09-28T05:03:29.947Z	spark1	LOAD	19.102	7.300
2026-09-28T05:03:30.198Z	spark1	LOAD	19.636	7.301
2026-09-28T05:03:30.202Z	spark2	LOAD	23.561	4.238
2026-09-28T05:03:30.448Z	spark1	LOAD	19.576	7.301
2026-09-28T05:03:30.453Z	spark2	LOAD	23.561	4.238
2026-09-28T05:03:30.703Z	spark2	LOAD	23.561	4.238
2026-09-28T05:03:30.715Z	spark1	LOAD	18.961	7.301
2026-09-28T05:03:30.954Z	spark2	LOAD	23.566	4.238
2026-09-28T05:03:30.965Z	spark1	LOAD	19.461	7.300
2026-09-28T05:03:31.216Z	spark1	LOAD	19.419	7.300
2026-09-28T05:03:31.217Z	spark2	LOAD	23.566	4.238
2026-09-28T05:03:31.466Z	spark1	LOAD	19.383	7.300
2026-09-28T05:03:31.468Z	spark2	LOAD	23.542	4.235
2026-09-28T05:03:31.718Z	spark2	LOAD	23.552	4.232
2026-09-28T05:03:31.732Z	spark1	LOAD	19.397	7.301
2026-09-28T05:03:31.968Z	spark2	LOAD	23.522	4.231
2026-09-28T05:03:31.982Z	spark1	LOAD	19.341	7.301
2026-09-28T05:03:32.229Z	spark2	LOAD	23.514	4.228
2026-09-28T05:03:32.233Z	spark1	LOAD	19.282	7.301
2026-09-28T05:03:32.480Z	spark2	LOAD	23.514	4.228
2026-09-28T05:03:32.483Z	spark1	LOAD	19.224	7.301
2026-09-28T05:03:32.731Z	spark2	LOAD	23.514	4.228
2026-09-28T05:03:32.751Z	spark1	LOAD	19.636	7.300
2026-09-28T05:03:32.982Z	spark2	LOAD	23.518	4.228
2026-09-28T05:03:33.002Z	spark1	LOAD	22.171	7.300
2026-09-28T05:03:33.243Z	spark2	LOAD	23.518	4.228
2026-09-28T05:03:33.252Z	spark1	LOAD	22.608	7.300
2026-09-28T05:03:33.494Z	spark2	LOAD	23.518	4.228
2026-09-28T05:03:33.503Z	spark1	LOAD	22.606	7.300
2026-09-28T05:03:33.744Z	spark2	LOAD	23.518	4.228
2026-09-28T05:03:33.770Z	spark1	LOAD	22.604	7.300
2026-09-28T05:03:33.995Z	spark2	LOAD	23.518	4.228
2026-09-28T05:03:34.021Z	spark1	LOAD	22.600	7.300
2026-09-28T05:03:34.260Z	spark2	LOAD	23.518	4.228
2026-09-28T05:03:34.272Z	spark1	LOAD	22.605	7.300
2026-09-28T05:03:34.511Z	spark2	LOAD	23.522	4.228
2026-09-28T05:03:34.522Z	spark1	LOAD	22.538	7.300
2026-09-28T05:03:34.762Z	spark2	LOAD	23.522	4.228
2026-09-28T05:03:34.784Z	spark1	LOAD	22.497	7.300
2026-09-28T05:03:35.013Z	spark2	LOAD	23.523	4.228
2026-09-28T05:03:35.034Z	spark1	LOAD	22.468	7.300
2026-09-28T05:03:35.273Z	spark2	LOAD	23.525	4.228
2026-09-28T05:03:35.284Z	spark1	LOAD	22.418	7.300
2026-09-28T05:03:35.524Z	spark2	LOAD	23.525	4.228
2026-09-28T05:03:35.535Z	spark1	LOAD	22.376	7.300
2026-09-28T05:03:35.775Z	spark2	LOAD	23.525	4.228
2026-09-28T05:03:35.796Z	spark1	LOAD	22.340	7.300
2026-09-28T05:03:36.025Z	spark2	LOAD	23.527	4.228
2026-09-28T05:03:36.046Z	spark1	LOAD	22.308	7.300
2026-09-28T05:03:36.290Z	spark2	LOAD	23.531	4.228
2026-09-28T05:03:36.296Z	spark1	LOAD	22.274	7.300
2026-09-28T05:03:36.541Z	spark2	LOAD	23.531	4.228
2026-09-28T05:03:36.547Z	spark1	LOAD	22.210	7.300
2026-09-28T05:03:36.791Z	spark2	LOAD	23.531	4.228
2026-09-28T05:03:36.809Z	spark1	LOAD	22.135	7.300
2026-09-28T05:03:37.042Z	spark2	LOAD	23.538	4.228
2026-09-28T05:03:37.059Z	spark1	LOAD	22.099	7.300
2026-09-28T05:03:37.307Z	spark2	LOAD	23.540	4.228
2026-09-28T05:03:37.309Z	spark1	LOAD	22.062	7.300
2026-09-28T05:03:37.558Z	spark2	LOAD	23.540	4.228
2026-09-28T05:03:37.560Z	spark1	LOAD	22.038	7.300
2026-09-28T05:03:37.808Z	spark2	LOAD	23.540	4.228
2026-09-28T05:03:37.827Z	spark1	LOAD	22.001	7.300
2026-09-28T05:03:38.059Z	spark2	LOAD	23.545	4.228
2026-09-28T05:03:38.078Z	spark1	LOAD	21.967	7.300
2026-09-28T05:03:38.320Z	spark2	LOAD	23.544	4.228
2026-09-28T05:03:38.328Z	spark1	LOAD	21.923	7.300
2026-09-28T05:03:38.571Z	spark2	LOAD	23.544	4.228
2026-09-28T05:03:38.578Z	spark1	LOAD	21.867	7.300
2026-09-28T05:03:38.821Z	spark2	LOAD	23.544	4.228
2026-09-28T05:03:38.839Z	spark1	LOAD	21.836	7.300
2026-09-28T05:03:39.073Z	spark2	LOAD	23.552	4.228
2026-09-28T05:03:39.089Z	spark1	LOAD	21.804	7.300
2026-09-28T05:03:39.338Z	spark2	LOAD	23.552	4.228
2026-09-28T05:03:39.339Z	spark1	LOAD	21.777	7.300
2026-09-28T05:03:39.588Z	spark2	LOAD	23.552	4.228
2026-09-28T05:03:39.590Z	spark1	LOAD	21.743	7.300
2026-09-28T05:03:39.838Z	spark2	LOAD	23.552	4.228
2026-09-28T05:03:39.858Z	spark1	LOAD	21.705	7.300
2026-09-28T05:03:40.089Z	spark2	LOAD	23.557	4.228
2026-09-28T05:03:40.108Z	spark1	LOAD	21.671	7.300
2026-09-28T05:03:40.353Z	spark2	LOAD	23.557	4.228
2026-09-28T05:03:40.359Z	spark1	LOAD	21.618	7.300
2026-09-28T05:03:40.604Z	spark2	LOAD	23.557	4.228
2026-09-28T05:03:40.609Z	spark1	LOAD	21.558	7.300
2026-09-28T05:03:40.854Z	spark2	LOAD	23.557	4.228
2026-09-28T05:03:40.871Z	spark1	LOAD	21.519	7.300
2026-09-28T05:03:41.105Z	spark2	LOAD	23.562	4.228
2026-09-28T05:03:41.122Z	spark1	LOAD	21.482	7.300
2026-09-28T05:03:41.370Z	spark2	LOAD	23.562	4.228
2026-09-28T05:03:41.372Z	spark1	LOAD	21.448	7.300
2026-09-28T05:03:41.620Z	spark2	LOAD	23.562	4.228
2026-09-28T05:03:41.622Z	spark1	LOAD	21.405	7.300
2026-09-28T05:03:41.871Z	spark2	LOAD	23.562	4.228
2026-09-28T05:03:41.888Z	spark1	LOAD	21.353	7.298
2026-09-28T05:03:42.122Z	spark2	LOAD	23.566	4.228
2026-09-28T05:03:42.138Z	spark1	LOAD	21.274	7.298
2026-09-28T05:03:42.386Z	spark2	LOAD	23.566	4.228
2026-09-28T05:03:42.388Z	spark1	LOAD	21.273	7.298
2026-09-28T05:03:42.636Z	spark2	LOAD	23.561	4.226
2026-09-28T05:03:42.639Z	spark1	LOAD	20.677	7.298
2026-09-28T05:03:42.886Z	spark2	LOAD	23.565	4.223
2026-09-28T05:03:42.900Z	spark1	LOAD	20.592	7.298
2026-09-28T05:03:43.137Z	spark2	LOAD	23.562	4.220
2026-09-28T05:03:43.151Z	spark1	LOAD	20.542	7.298
2026-09-28T05:03:43.402Z	spark1	LOAD	20.512	7.298
2026-09-28T05:03:43.402Z	spark2	LOAD	23.561	4.220
2026-09-28T05:03:43.652Z	spark1	LOAD	20.477	7.298
2026-09-28T05:03:43.653Z	spark2	LOAD	23.561	4.220
2026-09-28T05:03:43.904Z	spark2	LOAD	23.561	4.220
2026-09-28T05:03:43.913Z	spark1	LOAD	20.432	7.298
2026-09-28T05:03:44.155Z	spark2	LOAD	23.561	4.220
2026-09-28T05:03:44.164Z	spark1	LOAD	20.396	7.298
2026-09-28T05:03:44.414Z	spark1	LOAD	20.355	7.298
2026-09-28T05:03:44.415Z	spark2	LOAD	23.561	4.220
2026-09-28T05:03:44.664Z	spark1	LOAD	20.319	7.298
2026-09-28T05:03:44.666Z	spark2	LOAD	23.561	4.220
2026-09-28T05:03:44.917Z	spark2	LOAD	23.562	4.220
2026-09-28T05:03:44.926Z	spark1	LOAD	20.247	7.298
2026-09-28T05:03:45.167Z	spark2	LOAD	23.562	4.220
2026-09-28T05:03:45.176Z	spark1	LOAD	20.195	7.298
2026-09-28T05:03:45.427Z	spark1	LOAD	20.830	7.298
2026-09-28T05:03:45.432Z	spark2	LOAD	23.562	4.220
2026-09-28T05:03:45.677Z	spark1	LOAD	20.785	7.298
2026-09-28T05:03:45.683Z	spark2	LOAD	23.562	4.220
2026-09-28T05:03:45.934Z	spark2	LOAD	23.562	4.220
2026-09-28T05:03:45.945Z	spark1	LOAD	20.741	7.298
2026-09-28T05:03:46.186Z	spark2	LOAD	23.562	4.220
2026-09-28T05:03:46.196Z	spark1	LOAD	20.162	7.298
2026-09-28T05:03:46.446Z	spark1	LOAD	20.673	7.298
2026-09-28T05:03:46.451Z	spark2	LOAD	23.562	4.220
2026-09-28T05:03:46.697Z	spark1	LOAD	20.635	7.298
2026-09-28T05:03:46.701Z	spark2	LOAD	23.562	4.220
2026-09-28T05:03:46.952Z	spark2	LOAD	23.562	4.220
2026-09-28T05:03:46.959Z	spark1	LOAD	20.008	7.298
2026-09-28T05:03:47.202Z	spark2	LOAD	23.562	4.220
2026-09-28T05:03:47.209Z	spark1	LOAD	19.961	7.298
2026-09-28T05:03:47.459Z	spark1	LOAD	19.928	7.298
2026-09-28T05:03:47.467Z	spark2	LOAD	23.562	4.220
2026-09-28T05:03:47.710Z	spark1	LOAD	20.474	7.299
2026-09-28T05:03:47.718Z	spark2	LOAD	23.562	4.220
2026-09-28T05:03:47.969Z	spark2	LOAD	23.563	4.220
2026-09-28T05:03:47.972Z	spark1	LOAD	20.300	7.299
2026-09-28T05:03:48.220Z	spark2	LOAD	23.563	4.220
2026-09-28T05:03:48.222Z	spark1	LOAD	20.412	7.299
2026-09-28T05:03:48.472Z	spark1	LOAD	20.378	7.299
2026-09-28T05:03:48.481Z	spark2	LOAD	23.563	4.220
2026-09-28T05:03:48.723Z	spark1	LOAD	20.335	7.299
2026-09-28T05:03:48.731Z	spark2	LOAD	23.563	4.220
2026-09-28T05:03:48.982Z	spark2	LOAD	23.563	4.220
2026-09-28T05:03:48.989Z	spark1	LOAD	20.255	7.299
2026-09-28T05:03:49.233Z	spark2	LOAD	23.563	4.220
2026-09-28T05:03:49.240Z	spark1	LOAD	20.258	7.299
2026-09-28T05:03:49.490Z	spark1	LOAD	19.629	7.299
2026-09-28T05:03:49.499Z	spark2	LOAD	23.563	4.220
2026-09-28T05:03:49.741Z	spark1	LOAD	20.167	7.299
2026-09-28T05:03:49.749Z	spark2	LOAD	23.563	4.220
2026-09-28T05:03:49.999Z	spark2	LOAD	23.563	4.220
2026-09-28T05:03:50.004Z	spark1	LOAD	20.124	7.299
2026-09-28T05:03:50.250Z	spark2	LOAD	23.563	4.220
2026-09-28T05:03:50.254Z	spark1	LOAD	20.076	7.299
2026-09-28T05:03:50.504Z	spark1	LOAD	20.040	7.299
2026-09-28T05:03:50.515Z	spark2	LOAD	23.563	4.220
2026-09-28T05:03:50.755Z	spark1	LOAD	20.017	7.299
2026-09-28T05:03:50.765Z	spark2	LOAD	23.563	4.220
2026-09-28T05:03:51.015Z	spark2	LOAD	23.563	4.220
2026-09-28T05:03:51.017Z	spark1	LOAD	19.967	7.299
2026-09-28T05:03:51.266Z	spark2	LOAD	23.563	4.220
2026-09-28T05:03:51.267Z	spark1	LOAD	19.926	7.299
2026-09-28T05:03:51.518Z	spark1	LOAD	19.887	7.299
2026-09-28T05:03:51.527Z	spark2	LOAD	23.563	4.220
2026-09-28T05:03:51.768Z	spark1	LOAD	19.561	7.299
2026-09-28T05:03:51.777Z	spark2	LOAD	23.563	4.220
2026-09-28T05:03:52.028Z	spark2	LOAD	23.563	4.220
2026-09-28T05:03:52.036Z	spark1	LOAD	19.512	7.299
2026-09-28T05:03:52.280Z	spark2	LOAD	23.563	4.220
2026-09-28T05:03:52.287Z	spark1	LOAD	19.473	7.299
2026-09-28T05:03:52.537Z	spark1	LOAD	19.443	7.299
2026-09-28T05:03:52.544Z	spark2	LOAD	23.563	4.220
2026-09-28T05:03:52.787Z	spark1	LOAD	19.400	7.299
2026-09-28T05:03:52.795Z	spark2	LOAD	23.563	4.220
2026-09-28T05:03:53.045Z	spark2	LOAD	23.563	4.220
2026-09-28T05:03:53.054Z	spark1	LOAD	19.314	7.299
2026-09-28T05:03:53.296Z	spark2	LOAD	23.563	4.220
2026-09-28T05:03:53.304Z	spark1	LOAD	18.984	7.299
2026-09-28T05:03:53.554Z	spark1	LOAD	18.952	7.299
2026-09-28T05:03:53.560Z	spark2	LOAD	23.561	4.217
2026-09-28T05:03:53.805Z	spark1	LOAD	19.525	7.299
2026-09-28T05:03:53.810Z	spark2	LOAD	23.541	4.214
2026-09-28T05:03:54.061Z	spark2	LOAD	23.541	4.210
2026-09-28T05:03:54.067Z	spark1	LOAD	19.469	7.299
2026-09-28T05:03:54.311Z	spark2	LOAD	23.540	4.207
2026-09-28T05:03:54.317Z	spark1	LOAD	19.455	7.299
2026-09-28T05:03:54.568Z	spark1	LOAD	19.432	7.299
2026-09-28T05:03:54.576Z	spark2	LOAD	23.540	4.207
2026-09-28T05:03:54.818Z	spark1	LOAD	19.870	7.299
2026-09-28T05:03:54.827Z	spark2	LOAD	23.542	4.207
2026-09-28T05:03:55.077Z	spark2	LOAD	23.542	4.207
2026-09-28T05:03:55.085Z	spark1	LOAD	21.420	7.299
2026-09-28T05:03:55.328Z	spark2	LOAD	23.542	4.207
2026-09-28T05:03:55.336Z	spark1	LOAD	21.934	7.299
2026-09-28T05:03:55.586Z	spark1	LOAD	21.904	7.299
2026-09-28T05:03:55.589Z	spark2	LOAD	23.542	4.207
2026-09-28T05:03:55.836Z	spark1	LOAD	22.540	7.299
2026-09-28T05:03:55.839Z	spark2	LOAD	23.542	4.207
2026-09-28T05:03:56.091Z	spark2	LOAD	23.543	4.207
2026-09-28T05:03:56.103Z	spark1	LOAD	22.496	7.299
2026-09-28T05:03:56.341Z	spark2	LOAD	23.543	4.207
2026-09-28T05:03:56.353Z	spark1	LOAD	22.455	7.299
2026-09-28T05:03:56.604Z	spark1	LOAD	22.417	7.299
2026-09-28T05:03:56.607Z	spark2	LOAD	23.543	4.207
2026-09-28T05:03:56.854Z	spark1	LOAD	22.378	7.299
2026-09-28T05:03:56.858Z	spark2	LOAD	23.543	4.207
2026-09-28T05:03:57.109Z	spark2	LOAD	23.545	4.207
2026-09-28T05:03:57.117Z	spark1	LOAD	22.305	7.299
2026-09-28T05:03:57.360Z	spark2	LOAD	23.545	4.207
2026-09-28T05:03:57.368Z	spark1	LOAD	22.265	7.299
2026-09-28T05:03:57.618Z	spark1	LOAD	22.228	7.299
2026-09-28T05:03:57.621Z	spark2	LOAD	23.545	4.207
2026-09-28T05:03:57.868Z	spark1	LOAD	22.187	7.299
2026-09-28T05:03:57.871Z	spark2	LOAD	23.546	4.207
2026-09-28T05:03:58.122Z	spark2	LOAD	23.546	4.207
2026-09-28T05:03:58.135Z	spark1	LOAD	22.143	7.299
2026-09-28T05:03:58.373Z	spark2	LOAD	23.546	4.207
2026-09-28T05:03:58.385Z	spark1	LOAD	22.104	7.299
2026-09-28T05:03:58.636Z	spark1	LOAD	22.066	7.299
2026-09-28T05:03:58.638Z	spark2	LOAD	23.546	4.207
2026-09-28T05:03:58.886Z	spark1	LOAD	22.017	7.299
2026-09-28T05:03:58.889Z	spark2	LOAD	23.546	4.207
2026-09-28T05:03:59.140Z	spark2	LOAD	23.547	4.207
2026-09-28T05:03:59.153Z	spark1	LOAD	21.946	7.299
2026-09-28T05:03:59.391Z	spark2	LOAD	23.547	4.207
2026-09-28T05:03:59.403Z	spark1	LOAD	21.910	7.299
2026-09-28T05:03:59.654Z	spark1	LOAD	21.879	7.299
2026-09-28T05:03:59.656Z	spark2	LOAD	23.547	4.207
2026-09-28T05:03:59.904Z	spark1	LOAD	21.858	7.299
2026-09-28T05:03:59.907Z	spark2	LOAD	23.547	4.207
2026-09-28T05:04:00.158Z	spark2	LOAD	23.547	4.207
2026-09-28T05:04:00.166Z	spark1	LOAD	21.818	7.299
2026-09-28T05:04:00.409Z	spark2	LOAD	23.547	4.207
2026-09-28T05:04:00.416Z	spark1	LOAD	21.773	7.299
2026-09-28T05:04:00.667Z	spark1	LOAD	21.734	7.299
2026-09-28T05:04:00.674Z	spark2	LOAD	23.547	4.207
2026-09-28T05:04:00.917Z	spark1	LOAD	21.698	7.299
2026-09-28T05:04:00.924Z	spark2	LOAD	23.547	4.207
2026-09-28T05:04:01.174Z	spark2	LOAD	23.547	4.207
2026-09-28T05:04:01.179Z	spark1	LOAD	21.633	7.299
2026-09-28T05:04:01.425Z	spark2	LOAD	23.547	4.207
2026-09-28T05:04:01.430Z	spark1	LOAD	21.594	7.299
2026-09-28T05:04:01.680Z	spark1	LOAD	21.551	7.299
2026-09-28T05:04:01.691Z	spark2	LOAD	23.547	4.207
2026-09-28T05:04:01.931Z	spark1	LOAD	20.986	7.299
2026-09-28T05:04:01.941Z	spark2	LOAD	23.547	4.207
2026-09-28T05:04:02.193Z	spark2	LOAD	23.547	4.207
2026-09-28T05:04:02.198Z	spark1	LOAD	20.938	7.299
2026-09-28T05:04:02.444Z	spark2	LOAD	23.547	4.207
2026-09-28T05:04:02.448Z	spark1	LOAD	20.900	7.299
2026-09-28T05:04:02.698Z	spark1	LOAD	20.854	7.299
2026-09-28T05:04:02.708Z	spark2	LOAD	23.547	4.207
2026-09-28T05:04:02.949Z	spark1	LOAD	20.808	7.299
2026-09-28T05:04:02.959Z	spark2	LOAD	23.547	4.207
2026-09-28T05:04:03.210Z	spark2	LOAD	23.547	4.207
2026-09-28T05:04:03.218Z	spark1	LOAD	20.760	7.299
2026-09-28T05:04:03.461Z	spark2	LOAD	23.547	4.207
2026-09-28T05:04:03.469Z	spark1	LOAD	20.750	7.299
2026-09-28T05:04:03.719Z	spark1	LOAD	21.270	7.299
2026-09-28T05:04:03.727Z	spark2	LOAD	23.547	4.207
2026-09-28T05:04:03.969Z	spark1	LOAD	21.172	7.298
2026-09-28T05:04:03.978Z	spark2	LOAD	23.547	4.207
2026-09-28T05:04:04.228Z	spark2	LOAD	23.547	4.207
2026-09-28T05:04:04.236Z	spark1	LOAD	21.155	7.298
2026-09-28T05:04:04.478Z	spark2	LOAD	23.544	4.204
2026-09-28T05:04:04.486Z	spark1	LOAD	21.069	7.298
2026-09-28T05:04:04.737Z	spark1	LOAD	21.031	7.298
2026-09-28T05:04:04.742Z	spark2	LOAD	23.529	4.202
2026-09-28T05:04:04.987Z	spark1	LOAD	20.998	7.298
2026-09-28T05:04:04.993Z	spark2	LOAD	23.528	4.200
2026-09-28T05:04:05.244Z	spark2	LOAD	23.528	4.200
2026-09-28T05:04:05.249Z	spark1	LOAD	20.934	7.298
2026-09-28T05:04:05.495Z	spark2	LOAD	23.528	4.200
2026-09-28T05:04:05.500Z	spark1	LOAD	20.902	7.298
2026-09-28T05:04:05.750Z	spark1	LOAD	20.865	7.298
2026-09-28T05:04:05.756Z	spark2	LOAD	23.527	4.200
2026-09-28T05:04:06.000Z	spark1	LOAD	20.827	7.298
2026-09-28T05:04:06.007Z	spark2	LOAD	23.527	4.200
2026-09-28T05:04:06.258Z	spark2	LOAD	23.527	4.200
2026-09-28T05:04:06.266Z	spark1	LOAD	20.786	7.298
2026-09-28T05:04:06.508Z	spark2	LOAD	23.527	4.200
2026-09-28T05:04:06.517Z	spark1	LOAD	20.748	7.298
2026-09-28T05:04:06.767Z	spark1	LOAD	20.706	7.298
2026-09-28T05:04:06.773Z	spark2	LOAD	23.527	4.200
2026-09-28T05:04:07.017Z	spark1	LOAD	20.636	7.298
2026-09-28T05:04:07.024Z	spark2	LOAD	23.527	4.200
2026-09-28T05:04:07.274Z	spark2	LOAD	23.528	4.200
2026-09-28T05:04:07.284Z	spark1	LOAD	20.584	7.298
2026-09-28T05:04:07.525Z	spark2	LOAD	23.529	4.200
2026-09-28T05:04:07.535Z	spark1	LOAD	20.463	7.298
2026-09-28T05:04:07.785Z	spark1	LOAD	20.556	7.298
2026-09-28T05:04:07.790Z	spark2	LOAD	23.517	4.200
2026-09-28T05:04:08.035Z	spark1	LOAD	20.517	7.298
2026-09-28T05:04:08.040Z	spark2	LOAD	23.506	4.199
2026-09-28T05:04:08.290Z	spark2	LOAD	23.517	4.199
2026-09-28T05:04:08.297Z	spark1	LOAD	20.479	7.298
2026-09-28T05:04:08.540Z	spark2	LOAD	23.515	4.199
2026-09-28T05:04:08.547Z	spark1	LOAD	20.276	7.298
2026-09-28T05:04:08.798Z	spark1	LOAD	20.394	7.301
2026-09-28T05:04:08.800Z	spark2	LOAD	23.515	4.199
2026-09-28T05:04:09.048Z	spark1	LOAD	20.001	7.301
2026-09-28T05:04:09.050Z	spark2	LOAD	23.541	4.199
2026-09-28T05:04:09.302Z	spark2	LOAD	23.519	4.199
2026-09-28T05:04:09.315Z	spark1	LOAD	20.315	7.301
2026-09-28T05:04:09.553Z	spark2	LOAD	23.488	4.199
2026-09-28T05:04:09.565Z	spark1	LOAD	20.244	7.301
2026-09-28T05:04:09.813Z	spark2	LOAD	23.473	4.199
2026-09-28T05:04:09.815Z	spark1	LOAD	20.207	7.301
2026-09-28T05:04:10.064Z	spark2	LOAD	23.469	4.199
2026-09-28T05:04:10.065Z	spark1	LOAD	20.166	7.301
2026-09-28T05:04:10.314Z	spark2	LOAD	23.461	4.199
2026-09-28T05:04:10.328Z	spark1	LOAD	20.143	7.301
2026-09-28T05:04:10.565Z	spark2	LOAD	23.461	4.199
2026-09-28T05:04:10.578Z	spark1	LOAD	20.103	7.301
2026-09-28T05:04:10.828Z	spark1	LOAD	19.789	7.301
2026-09-28T05:04:10.831Z	spark2	LOAD	23.457	4.199
2026-09-28T05:04:11.079Z	spark1	LOAD	20.048	7.301
2026-09-28T05:04:11.081Z	spark2	LOAD	23.446	4.199
2026-09-28T05:04:11.332Z	spark2	LOAD	23.501	4.199
2026-09-28T05:04:11.346Z	spark1	LOAD	19.993	7.301
2026-09-28T05:04:11.583Z	spark2	LOAD	23.459	4.199
2026-09-28T05:04:11.596Z	spark1	LOAD	19.719	7.301
2026-09-28T05:04:11.844Z	spark2	LOAD	23.441	4.199
2026-09-28T05:04:11.847Z	spark1	LOAD	19.914	7.301
2026-09-28T05:04:12.094Z	spark2	LOAD	23.503	4.199
2026-09-28T05:04:12.097Z	spark1	LOAD	19.872	7.301
2026-09-28T05:04:12.344Z	spark2	LOAD	23.495	4.199
2026-09-28T05:04:12.359Z	spark1	LOAD	19.825	7.301
2026-09-28T05:04:12.595Z	spark2	LOAD	23.473	4.199
2026-09-28T05:04:12.610Z	spark1	LOAD	19.789	7.301
2026-09-28T05:04:12.860Z	spark2	LOAD	23.463	4.199
2026-09-28T05:04:12.860Z	spark1	LOAD	19.538	7.301
2026-09-28T05:04:13.110Z	spark2	LOAD	23.456	4.199
2026-09-28T05:04:13.110Z	spark1	LOAD	19.709	7.301
2026-09-28T05:04:13.360Z	spark2	LOAD	23.443	4.199
2026-09-28T05:04:13.379Z	spark1	LOAD	19.678	7.301
2026-09-28T05:04:13.610Z	spark2	LOAD	23.440	4.199
2026-09-28T05:04:13.629Z	spark1	LOAD	19.598	7.301
2026-09-28T05:04:13.871Z	spark2	LOAD	23.425	4.199
2026-09-28T05:04:13.880Z	spark1	LOAD	19.613	7.301
2026-09-28T05:04:14.121Z	spark2	LOAD	23.418	4.199
2026-09-28T05:04:14.130Z	spark1	LOAD	19.572	7.301
2026-09-28T05:04:14.371Z	spark2	LOAD	23.418	4.199
2026-09-28T05:04:14.392Z	spark1	LOAD	19.540	7.301
2026-09-28T05:04:14.622Z	spark2	LOAD	23.423	4.199
2026-09-28T05:04:14.642Z	spark1	LOAD	19.497	7.301
2026-09-28T05:04:14.883Z	spark2	LOAD	23.431	4.199
2026-09-28T05:04:14.893Z	spark1	LOAD	19.417	7.301
2026-09-28T05:04:15.133Z	spark2	LOAD	23.408	4.199
2026-09-28T05:04:15.143Z	spark1	LOAD	19.291	7.301
2026-09-28T05:04:15.384Z	spark2	LOAD	23.406	4.197
2026-09-28T05:04:15.411Z	spark1	LOAD	19.164	7.301
2026-09-28T05:04:15.633Z	spark2	LOAD	23.381	4.195
2026-09-28T05:04:15.661Z	spark1	LOAD	19.321	7.301
2026-09-28T05:04:15.893Z	spark2	LOAD	23.380	4.191
2026-09-28T05:04:15.912Z	spark1	LOAD	19.267	7.301
2026-09-28T05:04:16.144Z	spark2	LOAD	23.375	4.188
2026-09-28T05:04:16.162Z	spark1	LOAD	19.222	7.301
2026-09-28T05:04:16.394Z	spark2	LOAD	23.379	4.188
2026-09-28T05:04:16.423Z	spark1	LOAD	19.804	7.301
2026-09-28T05:04:16.644Z	spark2	LOAD	23.373	4.188
2026-09-28T05:04:16.674Z	spark1	LOAD	21.678	7.301
2026-09-28T05:04:16.909Z	spark2	LOAD	23.368	4.188
2026-09-28T05:04:16.924Z	spark1	LOAD	22.462	7.301
2026-09-28T05:04:17.159Z	spark2	LOAD	23.361	4.188
2026-09-28T05:04:17.174Z	spark1	LOAD	22.420	7.301
2026-09-28T05:04:17.410Z	spark2	LOAD	23.357	4.188
2026-09-28T05:04:17.435Z	spark1	LOAD	22.390	7.301
2026-09-28T05:04:17.660Z	spark2	LOAD	23.354	4.188
2026-09-28T05:04:17.685Z	spark1	LOAD	22.336	7.301
2026-09-28T05:04:17.924Z	spark2	LOAD	23.352	4.188
2026-09-28T05:04:17.935Z	spark1	LOAD	22.307	7.301
2026-09-28T05:04:18.175Z	spark2	LOAD	23.361	4.188
2026-09-28T05:04:18.186Z	spark1	LOAD	22.271	7.301
2026-09-28T05:04:18.425Z	spark2	LOAD	23.367	4.188
2026-09-28T05:04:18.448Z	spark1	LOAD	22.230	7.301
2026-09-28T05:04:18.675Z	spark2	LOAD	23.366	4.188
2026-09-28T05:04:18.698Z	spark1	LOAD	22.199	7.301
2026-09-28T05:04:18.940Z	spark2	LOAD	23.362	4.187
2026-09-28T05:04:18.948Z	spark1	LOAD	22.164	7.301
2026-09-28T05:04:19.190Z	spark2	LOAD	23.366	4.187
2026-09-28T05:04:19.198Z	spark1	LOAD	22.163	7.301
2026-09-28T05:04:19.440Z	spark2	LOAD	23.366	4.187
2026-09-28T05:04:19.467Z	spark1	LOAD	22.100	7.301
2026-09-28T05:04:19.691Z	spark2	LOAD	23.349	4.187
2026-09-28T05:04:19.717Z	spark1	LOAD	22.032	7.301
2026-09-28T05:04:19.952Z	spark2	LOAD	23.367	4.187
2026-09-28T05:04:19.968Z	spark1	LOAD	21.767	7.301
2026-09-28T05:04:20.202Z	spark2	LOAD	23.374	4.187
2026-09-28T05:04:20.218Z	spark1	LOAD	21.525	7.301
2026-09-28T05:04:20.453Z	spark2	LOAD	23.358	4.187
2026-09-28T05:04:20.484Z	spark1	LOAD	21.379	7.301
2026-09-28T05:04:20.703Z	spark2	LOAD	23.358	4.187
2026-09-28T05:04:20.734Z	spark1	LOAD	21.342	7.301
2026-09-28T05:04:20.969Z	spark2	LOAD	23.362	4.187
2026-09-28T05:04:20.985Z	spark1	LOAD	21.310	7.301
2026-09-28T05:04:21.220Z	spark2	LOAD	23.361	4.187
2026-09-28T05:04:21.235Z	spark1	LOAD	21.277	7.301
2026-09-28T05:04:21.471Z	spark2	LOAD	23.361	4.187
2026-09-28T05:04:21.504Z	spark1	LOAD	21.239	7.301
2026-09-28T05:04:21.721Z	spark2	LOAD	23.362	4.187
2026-09-28T05:04:21.754Z	spark1	LOAD	21.275	7.301
2026-09-28T05:04:21.981Z	spark2	LOAD	23.370	4.187
2026-09-28T05:04:22.005Z	spark1	LOAD	21.209	7.301
2026-09-28T05:04:22.231Z	spark2	LOAD	23.373	4.187
2026-09-28T05:04:22.255Z	spark1	LOAD	21.167	7.301
2026-09-28T05:04:22.481Z	spark2	LOAD	23.370	4.187
2026-09-28T05:04:22.520Z	spark1	LOAD	21.704	7.301
2026-09-28T05:04:22.732Z	spark2	LOAD	23.363	4.187
2026-09-28T05:04:22.770Z	spark1	LOAD	21.667	7.300
2026-09-28T05:04:22.998Z	spark2	LOAD	23.382	4.187
2026-09-28T05:04:23.021Z	spark1	LOAD	21.630	7.300
2026-09-28T05:04:23.248Z	spark2	LOAD	23.384	4.187
2026-09-28T05:04:23.272Z	spark1	LOAD	21.611	7.300
2026-09-28T05:04:23.498Z	spark2	LOAD	23.369	4.187
2026-09-28T05:04:23.540Z	spark1	LOAD	21.568	7.300
2026-09-28T05:04:23.749Z	spark2	LOAD	23.377	4.187
2026-09-28T05:04:23.790Z	spark1	LOAD	21.540	7.300
2026-09-28T05:04:24.014Z	spark2	LOAD	23.380	4.187
2026-09-28T05:04:24.041Z	spark1	LOAD	21.518	7.300
2026-09-28T05:04:24.264Z	spark2	LOAD	23.374	4.187
2026-09-28T05:04:24.291Z	spark1	LOAD	21.473	7.300
2026-09-28T05:04:24.514Z	spark2	LOAD	23.388	4.187
2026-09-28T05:04:24.558Z	spark1	LOAD	21.377	7.300
2026-09-28T05:04:24.765Z	spark2	LOAD	23.388	4.187
2026-09-28T05:04:24.808Z	spark1	LOAD	21.398	7.300
2026-09-28T05:04:25.031Z	spark2	LOAD	23.390	4.187
2026-09-28T05:04:25.059Z	spark1	LOAD	21.365	7.300
2026-09-28T05:04:25.282Z	spark2	LOAD	23.389	4.187
2026-09-28T05:04:25.309Z	spark1	LOAD	21.325	7.300
2026-09-28T05:04:25.533Z	spark2	LOAD	23.390	4.187
2026-09-28T05:04:25.571Z	spark1	LOAD	20.986	7.299
2026-09-28T05:04:25.783Z	spark2	LOAD	23.390	4.187
2026-09-28T05:04:25.821Z	spark1	LOAD	20.649	7.299
2026-09-28T05:04:26.048Z	spark2	LOAD	23.370	4.187
2026-09-28T05:04:26.071Z	spark1	LOAD	20.582	7.299
2026-09-28T05:04:26.298Z	spark2	LOAD	23.384	4.185
2026-09-28T05:04:26.321Z	spark1	LOAD	21.136	7.300
2026-09-28T05:04:26.548Z	spark2	LOAD	23.384	4.183
2026-09-28T05:04:26.588Z	spark1	LOAD	21.093	7.300
2026-09-28T05:04:26.798Z	spark2	LOAD	23.412	4.182
2026-09-28T05:04:26.838Z	spark1	LOAD	21.035	7.300
2026-09-28T05:04:27.058Z	spark2	LOAD	23.403	4.178
2026-09-28T05:04:27.089Z	spark1	LOAD	21.000	7.300
2026-09-28T05:04:27.309Z	spark2	LOAD	23.404	4.178
2026-09-28T05:04:27.339Z	spark1	LOAD	20.994	7.300
2026-09-28T05:04:27.559Z	spark2	LOAD	23.418	4.178
2026-09-28T05:04:27.605Z	spark1	LOAD	20.474	7.300
2026-09-28T05:04:27.809Z	spark2	LOAD	23.407	4.178
2026-09-28T05:04:27.855Z	spark1	LOAD	20.376	7.300
2026-09-28T05:04:28.074Z	spark2	LOAD	23.410	4.178
2026-09-28T05:04:28.106Z	spark1	LOAD	20.898	7.300
2026-09-28T05:04:28.324Z	spark2	LOAD	23.406	4.178
2026-09-28T05:04:28.356Z	spark1	LOAD	20.823	7.300
2026-09-28T05:04:28.574Z	spark2	LOAD	23.402	4.178
2026-09-28T05:04:28.618Z	spark1	LOAD	20.791	7.300
2026-09-28T05:04:28.824Z	spark2	LOAD	23.397	4.178
2026-09-28T05:04:28.868Z	spark1	LOAD	20.757	7.300
2026-09-28T05:04:29.089Z	spark2	LOAD	23.396	4.178
2026-09-28T05:04:29.118Z	spark1	LOAD	20.713	7.300
2026-09-28T05:04:29.339Z	spark2	LOAD	23.392	4.178
2026-09-28T05:04:29.369Z	spark1	LOAD	20.681	7.300
2026-09-28T05:04:29.590Z	spark2	LOAD	23.394	4.178
2026-09-28T05:04:29.631Z	spark1	LOAD	20.634	7.300
2026-09-28T05:04:29.840Z	spark2	LOAD	23.392	4.178
2026-09-28T05:04:29.882Z	spark1	LOAD	20.610	7.300
2026-09-28T05:04:30.104Z	spark2	LOAD	23.394	4.178
2026-09-28T05:04:30.132Z	spark1	LOAD	20.525	7.300
2026-09-28T05:04:30.355Z	spark2	LOAD	23.393	4.178
2026-09-28T05:04:30.382Z	spark1	LOAD	20.476	7.300
2026-09-28T05:04:30.605Z	spark2	LOAD	23.392	4.178
2026-09-28T05:04:30.644Z	spark1	LOAD	20.443	7.300
2026-09-28T05:04:30.855Z	spark2	LOAD	23.386	4.178
2026-09-28T05:04:30.894Z	spark1	LOAD	20.414	7.300
2026-09-28T05:04:31.119Z	spark2	LOAD	23.383	4.178
2026-09-28T05:04:31.144Z	spark1	LOAD	20.372	7.297
2026-09-28T05:04:31.370Z	spark2	LOAD	23.379	4.178
2026-09-28T05:04:31.395Z	spark1	LOAD	20.349	7.297
2026-09-28T05:04:31.620Z	spark2	LOAD	23.379	4.178
2026-09-28T05:04:31.662Z	spark1	LOAD	20.245	7.297
2026-09-28T05:04:31.871Z	spark2	LOAD	23.379	4.178
2026-09-28T05:04:31.912Z	spark1	LOAD	19.751	7.297
2026-09-28T05:04:32.131Z	spark2	LOAD	23.383	4.178
2026-09-28T05:04:32.162Z	spark1	LOAD	20.232	7.298
2026-09-28T05:04:32.382Z	spark2	LOAD	23.386	4.178
2026-09-28T05:04:32.413Z	spark1	LOAD	20.189	7.297
2026-09-28T05:04:32.632Z	spark2	LOAD	23.383	4.178
2026-09-28T05:04:32.680Z	spark1	LOAD	20.177	7.297
2026-09-28T05:04:32.882Z	spark2	LOAD	23.380	4.178
2026-09-28T05:04:32.930Z	spark1	LOAD	19.784	7.297
2026-09-28T05:04:33.146Z	spark2	LOAD	23.381	4.178
2026-09-28T05:04:33.180Z	spark1	LOAD	20.125	7.298
2026-09-28T05:04:33.397Z	spark2	LOAD	23.369	4.178
2026-09-28T05:04:33.431Z	spark1	LOAD	20.088	7.297
2026-09-28T05:04:33.647Z	spark2	LOAD	23.378	4.178
2026-09-28T05:04:33.697Z	spark1	LOAD	20.042	7.297
2026-09-28T05:04:33.898Z	spark2	LOAD	23.379	4.178
2026-09-28T05:04:33.948Z	spark1	LOAD	20.006	7.298
2026-09-28T05:04:34.160Z	spark2	LOAD	23.382	4.178
2026-09-28T05:04:34.198Z	spark1	LOAD	19.949	7.298
2026-09-28T05:04:34.411Z	spark2	LOAD	23.402	4.178
2026-09-28T05:04:34.448Z	spark1	LOAD	19.922	7.298
2026-09-28T05:04:34.661Z	spark2	LOAD	23.401	4.178
2026-09-28T05:04:34.710Z	spark1	LOAD	19.895	7.298
2026-09-28T05:04:34.911Z	spark2	LOAD	23.376	4.178
2026-09-28T05:04:34.961Z	spark1	LOAD	19.869	7.298
2026-09-28T05:04:35.172Z	spark2	LOAD	23.380	4.178
2026-09-28T05:04:35.211Z	spark1	LOAD	19.834	7.298
2026-09-28T05:04:35.422Z	spark2	LOAD	23.382	4.178
2026-09-28T05:04:35.461Z	spark1	LOAD	19.323	7.298
2026-09-28T05:04:35.672Z	spark2	LOAD	23.364	4.178
2026-09-28T05:04:35.722Z	spark1	LOAD	19.202	7.298
2026-09-28T05:04:35.923Z	spark2	LOAD	23.368	4.178
2026-09-28T05:04:35.973Z	spark1	LOAD	19.715	7.298
2026-09-28T05:04:36.189Z	spark2	LOAD	23.373	4.178
2026-09-28T05:04:36.223Z	spark1	LOAD	19.655	7.298
2026-09-28T05:04:36.440Z	spark2	LOAD	23.373	4.178
2026-09-28T05:04:36.473Z	spark1	LOAD	19.191	7.298
2026-09-28T05:04:36.690Z	spark2	LOAD	23.373	4.178
2026-09-28T05:04:36.735Z	spark1	LOAD	19.051	7.298
2026-09-28T05:04:36.940Z	spark2	LOAD	23.375	4.178
2026-09-28T05:04:36.985Z	spark1	LOAD	20.125	7.298
2026-09-28T05:04:37.205Z	spark2	LOAD	23.362	4.177
2026-09-28T05:04:37.235Z	spark1	LOAD	21.658	7.298
2026-09-28T05:04:37.455Z	spark2	LOAD	23.364	4.174
2026-09-28T05:04:37.486Z	spark1	LOAD	22.552	7.298
2026-09-28T05:04:37.705Z	spark2	LOAD	23.367	4.174
2026-09-28T05:04:37.747Z	spark1	LOAD	22.510	7.298
2026-09-28T05:04:37.955Z	spark2	LOAD	23.385	4.174
2026-09-28T05:04:37.997Z	spark1	LOAD	22.461	7.298
2026-09-28T05:04:38.215Z	spark2	LOAD	23.365	4.170
2026-09-28T05:04:38.247Z	spark1	LOAD	22.401	7.298
2026-09-28T05:04:38.466Z	spark2	LOAD	23.377	4.168
2026-09-28T05:04:38.497Z	spark1	LOAD	22.373	7.298
2026-09-28T05:04:38.716Z	spark2	LOAD	23.376	4.167
2026-09-28T05:04:38.764Z	spark1	LOAD	22.339	7.298
2026-09-28T05:04:38.966Z	spark2	LOAD	23.384	4.167
2026-09-28T05:04:39.015Z	spark1	LOAD	22.310	7.298
2026-09-28T05:04:39.227Z	spark2	LOAD	23.380	4.167
2026-09-28T05:04:39.265Z	spark1	LOAD	22.279	7.298
2026-09-28T05:04:39.477Z	spark2	LOAD	23.380	4.167
2026-09-28T05:04:39.516Z	spark1	LOAD	22.248	7.298
2026-09-28T05:04:39.728Z	spark2	LOAD	23.374	4.167
2026-09-28T05:04:39.782Z	spark1	LOAD	22.216	7.298
2026-09-28T05:04:39.978Z	spark2	LOAD	23.382	4.167
2026-09-28T05:04:40.032Z	spark1	LOAD	22.181	7.298
2026-09-28T05:04:40.242Z	spark2	LOAD	23.381	4.167
2026-09-28T05:04:40.282Z	spark1	LOAD	22.122	7.298
2026-09-28T05:04:40.493Z	spark2	LOAD	23.378	4.167
2026-09-28T05:04:40.533Z	spark1	LOAD	22.064	7.297
2026-09-28T05:04:40.743Z	spark2	LOAD	23.375	4.167
2026-09-28T05:04:40.796Z	spark1	LOAD	22.026	7.297
2026-09-28T05:04:40.993Z	spark2	LOAD	23.381	4.167
2026-09-28T05:04:41.046Z	spark1	LOAD	21.995	7.297
2026-09-28T05:04:41.258Z	spark2	LOAD	23.382	4.167
2026-09-28T05:04:41.296Z	spark1	LOAD	21.960	7.297
2026-09-28T05:04:41.508Z	spark2	LOAD	23.379	4.167
2026-09-28T05:04:41.547Z	spark1	LOAD	21.929	7.297
2026-09-28T05:04:41.758Z	spark2	LOAD	23.377	4.167
2026-09-28T05:04:41.809Z	spark1	LOAD	21.891	7.297
2026-09-28T05:04:42.008Z	spark2	LOAD	23.384	4.167
2026-09-28T05:04:42.059Z	spark1	LOAD	21.858	7.297
2026-09-28T05:04:42.273Z	spark2	LOAD	23.386	4.167
2026-09-28T05:04:42.309Z	spark1	LOAD	21.829	7.297
2026-09-28T05:04:42.523Z	spark2	LOAD	23.384	4.167
2026-09-28T05:04:42.560Z	spark1	LOAD	21.776	7.297
2026-09-28T05:04:42.774Z	spark2	LOAD	23.383	4.167
2026-09-28T05:04:42.821Z	spark1	LOAD	21.743	7.297
2026-09-28T05:04:43.024Z	spark2	LOAD	23.393	4.167
2026-09-28T05:04:43.072Z	spark1	LOAD	21.707	7.297
2026-09-28T05:04:43.286Z	spark2	LOAD	23.416	4.167
2026-09-28T05:04:43.322Z	spark1	LOAD	21.668	7.297
2026-09-28T05:04:43.537Z	spark2	LOAD	23.416	4.167
2026-09-28T05:04:43.573Z	spark1	LOAD	21.627	7.297
2026-09-28T05:04:43.786Z	spark2	LOAD	23.412	4.167
2026-09-28T05:04:43.839Z	spark1	LOAD	21.582	7.297
2026-09-28T05:04:44.036Z	spark2	LOAD	23.430	4.167
2026-09-28T05:04:44.089Z	spark1	LOAD	21.536	7.297
2026-09-28T05:04:44.298Z	spark2	LOAD	23.430	4.167
2026-09-28T05:04:44.339Z	spark1	LOAD	21.496	7.297
2026-09-28T05:04:44.548Z	spark2	LOAD	23.424	4.167
2026-09-28T05:04:44.590Z	spark1	LOAD	21.434	7.297
2026-09-28T05:04:44.799Z	spark2	LOAD	23.425	4.167
2026-09-28T05:04:44.852Z	spark1	LOAD	21.396	7.297
2026-09-28T05:04:45.050Z	spark2	LOAD	23.427	4.167
2026-09-28T05:04:45.102Z	spark1	LOAD	21.370	7.297
2026-09-28T05:04:45.313Z	spark2	LOAD	23.426	4.167
2026-09-28T05:04:45.352Z	spark1	LOAD	21.065	7.297
2026-09-28T05:04:45.563Z	spark2	LOAD	23.426	4.167
2026-09-28T05:04:45.602Z	spark1	LOAD	20.773	7.297
2026-09-28T05:04:45.813Z	spark2	LOAD	23.422	4.167
2026-09-28T05:04:45.864Z	spark1	LOAD	20.725	7.297
2026-09-28T05:04:46.063Z	spark2	LOAD	23.416	4.167
2026-09-28T05:04:46.115Z	spark1	LOAD	20.712	7.297
2026-09-28T05:04:46.325Z	spark2	LOAD	23.418	4.167
2026-09-28T05:04:46.365Z	spark1	LOAD	21.221	7.297
2026-09-28T05:04:46.575Z	spark2	LOAD	23.419	4.167
2026-09-28T05:04:46.615Z	spark1	LOAD	21.185	7.297
2026-09-28T05:04:46.826Z	spark2	LOAD	23.398	4.167
2026-09-28T05:04:46.877Z	spark1	LOAD	21.142	7.297
2026-09-28T05:04:47.076Z	spark2	LOAD	23.401	4.167
2026-09-28T05:04:47.128Z	spark1	LOAD	21.112	7.297
2026-09-28T05:04:47.342Z	spark2	LOAD	23.401	4.167
2026-09-28T05:04:47.378Z	spark1	LOAD	21.072	7.297
2026-09-28T05:04:47.593Z	spark2	LOAD	23.380	4.167
2026-09-28T05:04:47.628Z	spark1	LOAD	21.046	7.297
2026-09-28T05:04:47.844Z	spark2	LOAD	23.398	4.167
2026-09-28T05:04:47.894Z	spark1	LOAD	21.020	7.297
2026-09-28T05:04:48.095Z	spark2	LOAD	23.405	4.167
2026-09-28T05:04:48.144Z	spark1	LOAD	20.958	7.297
2026-09-28T05:04:48.361Z	spark2	LOAD	23.398	4.167
2026-09-28T05:04:48.395Z	spark1	LOAD	20.911	7.297
2026-09-28T05:04:48.611Z	spark2	LOAD	23.392	4.164
2026-09-28T05:04:48.645Z	spark1	LOAD	20.849	7.297
2026-09-28T05:04:48.862Z	spark2	LOAD	23.394	4.164
2026-09-28T05:04:48.907Z	spark1	LOAD	20.870	7.297
2026-09-28T05:04:49.112Z	spark2	LOAD	23.415	4.162
2026-09-28T05:04:49.158Z	spark1	LOAD	20.809	7.297
2026-09-28T05:04:49.377Z	spark2	LOAD	23.406	4.161
2026-09-28T05:04:49.408Z	spark1	LOAD	20.777	7.297
2026-09-28T05:04:49.628Z	spark2	LOAD	23.406	4.161
2026-09-28T05:04:49.658Z	spark1	LOAD	20.735	7.297
2026-09-28T05:04:49.878Z	spark2	LOAD	23.412	4.161
2026-09-28T05:04:49.925Z	spark1	LOAD	20.690	7.297
2026-09-28T05:04:50.129Z	spark2	LOAD	23.419	4.161
2026-09-28T05:04:50.176Z	spark1	LOAD	20.644	7.297
2026-09-28T05:04:50.389Z	spark2	LOAD	23.417	4.161
2026-09-28T05:04:50.427Z	spark1	LOAD	20.591	7.297
2026-09-28T05:04:50.639Z	spark2	LOAD	23.418	4.161
2026-09-28T05:04:50.677Z	spark1	LOAD	20.518	7.297
2026-09-28T05:04:50.890Z	spark2	LOAD	23.400	4.161
2026-09-28T05:04:50.939Z	spark1	LOAD	19.995	7.297
2026-09-28T05:04:51.140Z	spark2	LOAD	23.421	4.161
2026-09-28T05:04:51.189Z	spark1	LOAD	19.961	7.297
2026-09-28T05:04:51.405Z	spark2	LOAD	23.421	4.161
2026-09-28T05:04:51.439Z	spark1	LOAD	19.979	7.297
2026-09-28T05:04:51.656Z	spark2	LOAD	23.444	4.161
2026-09-28T05:04:51.690Z	spark1	LOAD	19.857	7.296
2026-09-28T05:04:51.907Z	spark2	LOAD	23.446	4.161
2026-09-28T05:04:51.952Z	spark1	LOAD	20.383	7.296
2026-09-28T05:04:52.158Z	spark2	LOAD	23.447	4.161
2026-09-28T05:04:52.202Z	spark1	LOAD	20.337	7.296
2026-09-28T05:04:52.419Z	spark2	LOAD	23.447	4.161
2026-09-28T05:04:52.452Z	spark1	LOAD	20.286	7.296
2026-09-28T05:04:52.670Z	spark2	LOAD	23.447	4.161
2026-09-28T05:04:52.703Z	spark1	LOAD	20.216	7.296
2026-09-28T05:04:52.921Z	spark2	LOAD	23.449	4.161
2026-09-28T05:04:52.964Z	spark1	LOAD	20.204	7.296
2026-09-28T05:04:53.171Z	spark2	LOAD	23.449	4.161
2026-09-28T05:04:53.214Z	spark1	LOAD	20.163	7.296
2026-09-28T05:04:53.437Z	spark2	LOAD	23.449	4.161
2026-09-28T05:04:53.465Z	spark1	LOAD	20.123	7.296
2026-09-28T05:04:53.688Z	spark2	LOAD	23.449	4.161
2026-09-28T05:04:53.715Z	spark1	LOAD	20.073	7.296
2026-09-28T05:04:53.938Z	spark2	LOAD	23.452	4.161
2026-09-28T05:04:53.981Z	spark1	LOAD	20.027	7.296
2026-09-28T05:04:54.190Z	spark2	LOAD	23.452	4.161
2026-09-28T05:04:54.231Z	spark1	LOAD	19.663	7.296
2026-09-28T05:04:54.455Z	spark2	LOAD	23.451	4.161
2026-09-28T05:04:54.482Z	spark1	LOAD	19.408	7.296
2026-09-28T05:04:54.706Z	spark2	LOAD	23.451	4.161
2026-09-28T05:04:54.732Z	spark1	LOAD	19.371	7.296
2026-09-28T05:04:54.957Z	spark2	LOAD	23.456	4.161
2026-09-28T05:04:54.998Z	spark1	LOAD	19.324	7.296
2026-09-28T05:04:55.208Z	spark2	LOAD	23.456	4.161
2026-09-28T05:04:55.249Z	spark1	LOAD	19.864	7.296
2026-09-28T05:04:55.473Z	spark2	LOAD	23.456	4.161
2026-09-28T05:04:55.499Z	spark1	LOAD	19.809	7.296
2026-09-28T05:04:55.724Z	spark2	LOAD	23.456	4.161
2026-09-28T05:04:55.750Z	spark1	LOAD	19.254	7.296
2026-09-28T05:04:55.975Z	spark2	LOAD	23.460	4.161
2026-09-28T05:04:56.012Z	spark1	LOAD	19.731	7.297
2026-09-28T05:04:56.226Z	spark2	LOAD	23.460	4.161
2026-09-28T05:04:56.262Z	spark1	LOAD	19.695	7.297
2026-09-28T05:04:56.486Z	spark2	LOAD	23.460	4.161
2026-09-28T05:04:56.513Z	spark1	LOAD	19.361	7.297
2026-09-28T05:04:56.738Z	spark2	LOAD	23.460	4.161
2026-09-28T05:04:56.763Z	spark1	LOAD	19.045	7.297
2026-09-28T05:04:56.988Z	spark2	LOAD	23.463	4.161
2026-09-28T05:04:57.026Z	spark1	LOAD	19.300	7.297
2026-09-28T05:04:57.239Z	spark2	LOAD	23.463	4.161
2026-09-28T05:04:57.276Z	spark1	LOAD	18.977	7.297
2026-09-28T05:04:57.504Z	spark2	LOAD	23.463	4.161
2026-09-28T05:04:57.526Z	spark1	LOAD	18.930	7.297
2026-09-28T05:04:57.754Z	spark2	LOAD	23.463	4.161
2026-09-28T05:04:57.777Z	spark1	LOAD	19.450	7.297
2026-09-28T05:04:58.006Z	spark2	LOAD	23.465	4.161
2026-09-28T05:04:58.038Z	spark1	LOAD	19.404	7.297
2026-09-28T05:04:58.257Z	spark2	LOAD	23.464	4.161
2026-09-28T05:04:58.288Z	spark1	LOAD	19.358	7.297
2026-09-28T05:04:58.517Z	spark2	LOAD	23.464	4.161
2026-09-28T05:04:58.538Z	spark1	LOAD	19.298	7.297
2026-09-28T05:04:58.768Z	spark2	LOAD	23.465	4.161
2026-09-28T05:04:58.788Z	spark1	LOAD	20.447	7.296
2026-09-28T05:04:59.019Z	spark2	LOAD	23.467	4.161
2026-09-28T05:04:59.056Z	spark1	LOAD	21.858	7.296
2026-09-28T05:04:59.269Z	spark2	LOAD	23.467	4.161
2026-09-28T05:04:59.306Z	spark1	LOAD	22.555	7.296
2026-09-28T05:04:59.534Z	spark2	LOAD	23.466	4.161
2026-09-28T05:04:59.556Z	spark1	LOAD	22.516	7.296
2026-09-28T05:04:59.785Z	spark2	LOAD	23.445	4.159
2026-09-28T05:04:59.806Z	spark1	LOAD	22.477	7.296
2026-09-28T05:05:00.035Z	spark2	LOAD	23.476	4.157
2026-09-28T05:05:00.074Z	spark1	LOAD	22.440	7.296
2026-09-28T05:05:00.286Z	spark2	LOAD	23.476	4.157
2026-09-28T05:05:00.324Z	spark1	LOAD	22.412	7.296
2026-09-28T05:05:00.547Z	spark2	LOAD	23.476	4.157
2026-09-28T05:05:00.574Z	spark1	LOAD	22.371	7.296
2026-09-28T05:05:00.799Z	spark2	LOAD	23.476	4.157
2026-09-28T05:05:00.825Z	spark1	LOAD	22.348	7.296
2026-09-28T05:05:01.049Z	spark2	LOAD	23.477	4.157
2026-09-28T05:05:01.087Z	spark1	LOAD	22.292	7.296
2026-09-28T05:05:01.300Z	spark2	LOAD	23.477	4.157
2026-09-28T05:05:01.338Z	spark1	LOAD	22.253	7.296
2026-09-28T05:05:01.562Z	spark2	LOAD	23.476	4.157
2026-09-28T05:05:01.588Z	spark1	LOAD	22.227	7.296
2026-09-28T05:05:01.813Z	spark2	LOAD	23.476	4.157
2026-09-28T05:05:01.838Z	spark1	LOAD	22.196	7.296
2026-09-28T05:05:02.064Z	spark2	LOAD	23.476	4.157
2026-09-28T05:05:02.105Z	spark1	LOAD	22.165	7.296
2026-09-28T05:05:02.315Z	spark2	LOAD	23.476	4.157
2026-09-28T05:05:02.355Z	spark1	LOAD	22.132	7.296
2026-09-28T05:05:02.576Z	spark2	LOAD	23.476	4.157
2026-09-28T05:05:02.605Z	spark1	LOAD	22.096	7.296
2026-09-28T05:05:02.827Z	spark2	LOAD	23.476	4.157
2026-09-28T05:05:02.856Z	spark1	LOAD	22.068	7.296
2026-09-28T05:05:03.078Z	spark2	LOAD	23.477	4.157
2026-09-28T05:05:03.118Z	spark1	LOAD	21.999	7.296
2026-09-28T05:05:03.329Z	spark2	LOAD	23.478	4.157
2026-09-28T05:05:03.369Z	spark1	LOAD	21.965	7.296
2026-09-28T05:05:03.591Z	spark2	LOAD	23.478	4.157
2026-09-28T05:05:03.619Z	spark1	LOAD	21.930	7.296
2026-09-28T05:05:03.842Z	spark2	LOAD	23.478	4.157
2026-09-28T05:05:03.869Z	spark1	LOAD	21.897	7.296
2026-09-28T05:05:04.092Z	spark2	LOAD	23.480	4.157
2026-09-28T05:05:04.136Z	spark1	LOAD	21.856	7.296
2026-09-28T05:05:04.343Z	spark2	LOAD	23.480	4.157
2026-09-28T05:05:04.386Z	spark1	LOAD	21.822	7.296
2026-09-28T05:05:04.604Z	spark2	LOAD	23.480	4.157
2026-09-28T05:05:04.636Z	spark1	LOAD	21.791	7.296
2026-09-28T05:05:04.855Z	spark2	LOAD	23.480	4.157
2026-09-28T05:05:04.887Z	spark1	LOAD	21.757	7.296
2026-09-28T05:05:05.106Z	spark2	LOAD	23.480	4.157
2026-09-28T05:05:05.148Z	spark1	LOAD	21.689	7.296
2026-09-28T05:05:05.357Z	spark2	LOAD	23.480	4.157
2026-09-28T05:05:05.398Z	spark1	LOAD	21.655	7.296
2026-09-28T05:05:05.618Z	spark2	LOAD	23.480	4.157
2026-09-28T05:05:05.649Z	spark1	LOAD	21.612	7.296
2026-09-28T05:05:05.870Z	spark2	LOAD	23.480	4.157
2026-09-28T05:05:05.900Z	spark1	LOAD	21.579	7.296
2026-09-28T05:05:06.120Z	spark2	LOAD	23.480	4.157
2026-09-28T05:05:06.166Z	spark1	LOAD	21.550	7.296
2026-09-28T05:05:06.371Z	spark2	LOAD	23.480	4.157
2026-09-28T05:05:06.416Z	spark1	LOAD	21.521	7.296
2026-09-28T05:05:06.632Z	spark2	LOAD	23.479	4.157
2026-09-28T05:05:06.667Z	spark1	LOAD	21.488	7.296
2026-09-28T05:05:06.883Z	spark2	LOAD	23.479	4.157
2026-09-28T05:05:06.917Z	spark1	LOAD	21.453	7.296
2026-09-28T05:05:07.134Z	spark2	LOAD	23.479	4.157
2026-09-28T05:05:07.184Z	spark1	LOAD	21.382	7.296
2026-09-28T05:05:07.386Z	spark2	LOAD	23.479	4.157
2026-09-28T05:05:07.435Z	spark1	LOAD	21.344	7.296
2026-09-28T05:05:07.651Z	spark2	LOAD	23.479	4.157
2026-09-28T05:05:07.685Z	spark1	LOAD	21.306	7.296
2026-09-28T05:05:07.902Z	spark2	LOAD	23.479	4.157
2026-09-28T05:05:07.935Z	spark1	LOAD	21.267	7.296
2026-09-28T05:05:08.152Z	spark2	LOAD	23.479	4.157
2026-09-28T05:05:08.196Z	spark1	LOAD	21.218	7.295
2026-09-28T05:05:08.403Z	spark2	LOAD	23.479	4.157
2026-09-28T05:05:08.446Z	spark1	LOAD	21.167	7.295
2026-09-28T05:05:08.667Z	spark2	LOAD	23.479	4.157
2026-09-28T05:05:08.697Z	spark1	LOAD	21.129	7.295
2026-09-28T05:05:08.917Z	spark2	LOAD	23.479	4.157
2026-09-28T05:05:08.947Z	spark1	LOAD	21.085	7.295
2026-09-28T05:05:09.168Z	spark2	LOAD	23.480	4.157
2026-09-28T05:05:09.214Z	spark1	LOAD	21.023	7.295
2026-09-28T05:05:09.418Z	spark2	LOAD	23.480	4.157
2026-09-28T05:05:09.464Z	spark1	LOAD	20.993	7.295
2026-09-28T05:05:09.679Z	spark2	LOAD	23.480	4.157
2026-09-28T05:05:09.714Z	spark1	LOAD	20.955	7.295
2026-09-28T05:05:09.930Z	spark2	LOAD	23.481	4.157
2026-09-28T05:05:09.965Z	spark1	LOAD	20.920	7.295
2026-09-28T05:05:10.181Z	spark2	LOAD	23.481	4.157
2026-09-28T05:05:10.227Z	spark1	LOAD	20.859	7.294
2026-09-28T05:05:10.431Z	spark2	LOAD	23.481	4.157
2026-09-28T05:05:10.477Z	spark1	LOAD	20.815	7.294
2026-09-28T05:05:10.690Z	spark2	LOAD	23.453	4.156
2026-09-28T05:05:10.728Z	spark1	LOAD	20.777	7.294
2026-09-28T05:05:10.941Z	spark2	LOAD	23.478	4.155
2026-09-28T05:05:10.978Z	spark1	LOAD	20.684	7.294
2026-09-28T05:05:11.192Z	spark2	LOAD	23.478	4.154
2026-09-28T05:05:11.239Z	spark1	LOAD	20.626	7.294
2026-09-28T05:05:11.444Z	spark2	LOAD	23.478	4.154
2026-09-28T05:05:11.489Z	spark1	LOAD	20.590	7.294
2026-09-28T05:05:11.703Z	spark2	LOAD	23.478	4.154
2026-09-28T05:05:11.740Z	spark1	LOAD	20.550	7.294
2026-09-28T05:05:11.954Z	spark2	LOAD	23.478	4.154
2026-09-28T05:05:11.990Z	spark1	LOAD	20.610	7.294
2026-09-28T05:05:12.205Z	spark2	LOAD	23.478	4.154
2026-09-28T05:05:12.252Z	spark1	LOAD	20.006	7.294
2026-09-28T05:05:12.455Z	spark2	LOAD	23.478	4.154
2026-09-28T05:05:12.502Z	spark1	LOAD	19.971	7.294
2026-09-28T05:05:12.715Z	spark2	LOAD	23.478	4.154
2026-09-28T05:05:12.752Z	spark1	LOAD	19.922	7.294
2026-09-28T05:05:12.966Z	spark2	LOAD	23.478	4.154
2026-09-28T05:05:13.003Z	spark1	LOAD	19.884	7.294
2026-09-28T05:05:13.216Z	spark2	LOAD	23.478	4.154
2026-09-28T05:05:13.263Z	spark1	LOAD	19.816	7.294
2026-09-28T05:05:13.467Z	spark2	LOAD	23.478	4.154
2026-09-28T05:05:13.514Z	spark1	LOAD	20.371	7.294
2026-09-28T05:05:13.727Z	spark2	LOAD	23.478	4.154
2026-09-28T05:05:13.764Z	spark1	LOAD	20.335	7.294
2026-09-28T05:05:13.978Z	spark2	LOAD	23.478	4.154
2026-09-28T05:05:14.015Z	spark1	LOAD	20.295	7.294
2026-09-28T05:05:14.228Z	spark2	LOAD	23.478	4.154
2026-09-28T05:05:14.280Z	spark1	LOAD	20.251	7.294
2026-09-28T05:05:14.480Z	spark2	LOAD	23.478	4.154
2026-09-28T05:05:14.531Z	spark1	LOAD	20.217	7.294
2026-09-28T05:05:14.740Z	spark2	LOAD	23.477	4.154
2026-09-28T05:05:14.781Z	spark1	LOAD	20.178	7.295
2026-09-28T05:05:14.991Z	spark2	LOAD	23.477	4.154
2026-09-28T05:05:15.032Z	spark1	LOAD	20.144	7.295
2026-09-28T05:05:15.242Z	spark2	LOAD	23.477	4.154
2026-09-28T05:05:15.297Z	spark1	LOAD	20.081	7.295
2026-09-28T05:05:15.492Z	spark2	LOAD	23.477	4.154
2026-09-28T05:05:15.548Z	spark1	LOAD	19.813	7.295
2026-09-28T05:05:15.753Z	spark2	LOAD	23.477	4.154
2026-09-28T05:05:15.798Z	spark1	LOAD	19.442	7.295
2026-09-28T05:05:16.004Z	spark2	LOAD	23.477	4.154
2026-09-28T05:05:16.048Z	spark1	LOAD	19.407	7.295
2026-09-28T05:05:16.254Z	spark2	LOAD	23.477	4.154
2026-09-28T05:05:16.315Z	spark1	LOAD	19.360	7.295
2026-09-28T05:05:16.505Z	spark2	LOAD	23.477	4.154
2026-09-28T05:05:16.565Z	spark1	LOAD	19.326	7.295
2026-09-28T05:05:16.765Z	spark2	LOAD	23.477	4.154
2026-09-28T05:05:16.816Z	spark1	LOAD	19.846	7.295
2026-09-28T05:05:17.016Z	spark2	LOAD	23.477	4.154
2026-09-28T05:05:17.066Z	spark1	LOAD	19.803	7.294
2026-09-28T05:05:17.266Z	spark2	LOAD	23.477	4.154
2026-09-28T05:05:17.327Z	spark1	LOAD	19.719	7.294
2026-09-28T05:05:17.517Z	spark2	LOAD	23.477	4.154
2026-09-28T05:05:17.578Z	spark1	LOAD	19.149	7.294
2026-09-28T05:05:17.781Z	spark2	LOAD	23.477	4.154
2026-09-28T05:05:17.828Z	spark1	LOAD	19.673	7.294
2026-09-28T05:05:18.032Z	spark2	LOAD	23.477	4.154
2026-09-28T05:05:18.078Z	spark1	LOAD	19.612	7.297
2026-09-28T05:05:18.283Z	spark2	LOAD	23.477	4.154
2026-09-28T05:05:18.346Z	spark1	LOAD	19.559	7.297
2026-09-28T05:05:18.534Z	spark2	LOAD	23.477	4.154
2026-09-28T05:05:18.596Z	spark1	LOAD	19.555	7.297
2026-09-28T05:05:18.795Z	spark2	LOAD	23.477	4.154
2026-09-28T05:05:18.846Z	spark1	LOAD	19.543	7.297
2026-09-28T05:05:19.046Z	spark2	LOAD	23.477	4.154
2026-09-28T05:05:19.097Z	spark1	LOAD	19.278	7.297
2026-09-28T05:05:19.297Z	spark2	LOAD	23.477	4.154
2026-09-28T05:05:19.359Z	spark1	LOAD	19.517	7.297
2026-09-28T05:05:19.548Z	spark2	LOAD	23.477	4.154
2026-09-28T05:05:19.609Z	spark1	LOAD	21.228	7.297
2026-09-28T05:05:19.813Z	spark2	LOAD	23.477	4.154
2026-09-28T05:05:19.859Z	spark1	LOAD	22.651	7.297
2026-09-28T05:05:20.064Z	spark2	LOAD	23.477	4.154
2026-09-28T05:05:20.109Z	spark1	LOAD	22.599	7.297
2026-09-28T05:05:20.315Z	spark2	LOAD	23.477	4.154
2026-09-28T05:05:20.371Z	spark1	LOAD	22.561	7.297
2026-09-28T05:05:20.566Z	spark2	LOAD	23.477	4.154
2026-09-28T05:05:20.622Z	spark1	LOAD	22.500	7.297
2026-09-28T05:05:20.828Z	spark2	LOAD	23.477	4.154
2026-09-28T05:05:20.872Z	spark1	LOAD	22.468	7.297
2026-09-28T05:05:21.078Z	spark2	LOAD	23.477	4.154
2026-09-28T05:05:21.122Z	spark1	LOAD	22.383	7.297
2026-09-28T05:05:21.329Z	spark2	LOAD	23.477	4.154
2026-09-28T05:05:21.384Z	spark1	LOAD	22.334	7.297
2026-09-28T05:05:21.579Z	spark2	LOAD	23.450	4.152
2026-09-28T05:05:21.634Z	spark1	LOAD	22.296	7.297
2026-09-28T05:05:21.840Z	spark2	LOAD	23.467	4.151
2026-09-28T05:05:21.885Z	spark1	LOAD	22.236	7.297
2026-09-28T05:05:22.090Z	spark2	LOAD	23.466	4.148
2026-09-28T05:05:22.135Z	spark1	LOAD	22.199	7.297
2026-09-28T05:05:22.341Z	spark2	LOAD	23.466	4.147
2026-09-28T05:05:22.397Z	spark1	LOAD	22.160	7.297
2026-09-28T05:05:22.591Z	spark2	LOAD	23.466	4.147
2026-09-28T05:05:22.647Z	spark1	LOAD	22.123	7.297
2026-09-28T05:05:22.857Z	spark2	LOAD	23.466	4.147
2026-09-28T05:05:22.897Z	spark1	LOAD	22.088	7.297
2026-09-28T05:05:23.108Z	spark2	LOAD	23.466	4.147
2026-09-28T05:05:23.148Z	spark1	LOAD	22.048	7.297
2026-09-28T05:05:23.359Z	spark2	LOAD	23.466	4.147
2026-09-28T05:05:23.414Z	spark1	LOAD	21.999	7.297
2026-09-28T05:05:23.610Z	spark2	LOAD	23.466	4.147
2026-09-28T05:05:23.664Z	spark1	LOAD	21.929	7.297
2026-09-28T05:05:23.874Z	spark2	LOAD	23.466	4.147
2026-09-28T05:05:23.915Z	spark1	LOAD	21.894	7.297
2026-09-28T05:05:24.126Z	spark2	LOAD	23.466	4.147
2026-09-28T05:05:24.165Z	spark1	LOAD	21.830	7.297
2026-09-28T05:05:24.376Z	spark2	LOAD	23.465	4.147
2026-09-28T05:05:24.426Z	spark1	LOAD	21.792	7.297
2026-09-28T05:05:24.627Z	spark2	LOAD	23.465	4.147
2026-09-28T05:05:24.676Z	spark1	LOAD	21.755	7.297
2026-09-28T05:05:24.892Z	spark2	LOAD	23.465	4.147
2026-09-28T05:05:24.926Z	spark1	LOAD	21.717	7.297
2026-09-28T05:05:25.143Z	spark2	LOAD	23.465	4.147
2026-09-28T05:05:25.177Z	spark1	LOAD	21.674	7.297
2026-09-28T05:05:25.394Z	spark2	LOAD	23.465	4.147
2026-09-28T05:05:25.445Z	spark1	LOAD	21.627	7.297
2026-09-28T05:05:25.645Z	spark2	LOAD	23.465	4.147
2026-09-28T05:05:25.695Z	spark1	LOAD	21.563	7.297
2026-09-28T05:05:25.906Z	spark2	LOAD	23.465	4.147
2026-09-28T05:05:25.946Z	spark1	LOAD	21.533	7.297
2026-09-28T05:05:26.157Z	spark2	LOAD	23.465	4.147
2026-09-28T05:05:26.196Z	spark1	LOAD	21.493	7.297
2026-09-28T05:05:26.408Z	spark2	LOAD	23.465	4.147
2026-09-28T05:05:26.458Z	spark1	LOAD	21.451	7.297
2026-09-28T05:05:26.659Z	spark2	LOAD	23.465	4.147
2026-09-28T05:05:26.708Z	spark1	LOAD	21.412	7.297
2026-09-28T05:05:26.924Z	spark2	LOAD	23.465	4.147
2026-09-28T05:05:26.958Z	spark1	LOAD	21.373	7.297
2026-09-28T05:05:27.174Z	spark2	LOAD	23.465	4.147
2026-09-28T05:05:27.209Z	spark1	LOAD	21.329	7.297
2026-09-28T05:05:27.425Z	spark2	LOAD	23.465	4.147
2026-09-28T05:05:27.475Z	spark1	LOAD	21.286	7.297
2026-09-28T05:05:27.676Z	spark2	LOAD	23.465	4.147
2026-09-28T05:05:27.726Z	spark1	LOAD	21.230	7.297
2026-09-28T05:05:27.941Z	spark2	LOAD	23.465	4.147
2026-09-28T05:05:27.976Z	spark1	LOAD	21.198	7.297
2026-09-28T05:05:28.192Z	spark2	LOAD	23.465	4.147
2026-09-28T05:05:28.226Z	spark1	LOAD	21.161	7.297
2026-09-28T05:05:28.442Z	spark2	LOAD	23.465	4.147
2026-09-28T05:05:28.495Z	spark1	LOAD	21.120	7.297
2026-09-28T05:05:28.693Z	spark2	LOAD	23.465	4.147
2026-09-28T05:05:28.745Z	spark1	LOAD	21.078	7.297
2026-09-28T05:05:28.958Z	spark2	LOAD	23.465	4.147
2026-09-28T05:05:28.996Z	spark1	LOAD	21.040	7.297
2026-09-28T05:05:29.209Z	spark2	LOAD	23.465	4.147
2026-09-28T05:05:29.246Z	spark1	LOAD	21.001	7.297
2026-09-28T05:05:29.461Z	spark2	LOAD	23.465	4.147
2026-09-28T05:05:29.507Z	spark1	LOAD	20.962	7.297
2026-09-28T05:05:29.711Z	spark2	LOAD	23.465	4.147
2026-09-28T05:05:29.757Z	spark1	LOAD	20.901	7.297
2026-09-28T05:05:29.973Z	spark2	LOAD	23.465	4.147
2026-09-28T05:05:30.008Z	spark1	LOAD	20.706	7.297
2026-09-28T05:05:30.223Z	spark2	LOAD	23.466	4.147
2026-09-28T05:05:30.258Z	spark1	LOAD	20.256	7.297
2026-09-28T05:05:30.474Z	spark2	LOAD	23.466	4.147
2026-09-28T05:05:30.520Z	spark1	LOAD	20.221	7.297
2026-09-28T05:05:30.725Z	spark2	LOAD	23.466	4.147
2026-09-28T05:05:30.770Z	spark1	LOAD	20.751	7.297
2026-09-28T05:05:30.986Z	spark2	LOAD	23.466	4.147
2026-09-28T05:05:31.020Z	spark1	LOAD	20.702	7.297
2026-09-28T05:05:31.237Z	spark2	LOAD	23.466	4.147
2026-09-28T05:05:31.270Z	spark1	LOAD	20.273	7.297
2026-09-28T05:05:31.488Z	spark2	LOAD	23.466	4.147
2026-09-28T05:05:31.539Z	spark1	LOAD	20.620	7.298
2026-09-28T05:05:31.739Z	spark2	LOAD	23.466	4.147
2026-09-28T05:05:31.790Z	spark1	LOAD	20.560	7.298
2026-09-28T05:05:32.004Z	spark2	LOAD	23.466	4.147
2026-09-28T05:05:32.040Z	spark1	LOAD	20.153	7.297
2026-09-28T05:05:32.255Z	spark2	LOAD	23.466	4.147
2026-09-28T05:05:32.290Z	spark1	LOAD	20.491	7.298
2026-09-28T05:05:32.505Z	spark2	LOAD	23.461	4.145
2026-09-28T05:05:32.552Z	spark1	LOAD	20.446	7.298
2026-09-28T05:05:32.755Z	spark2	LOAD	23.470	4.144
2026-09-28T05:05:32.802Z	spark1	LOAD	20.410	7.298
2026-09-28T05:05:33.020Z	spark2	LOAD	23.470	4.143
2026-09-28T05:05:33.053Z	spark1	LOAD	20.368	7.298
2026-09-28T05:05:33.271Z	spark2	LOAD	23.470	4.143
2026-09-28T05:05:33.303Z	spark1	LOAD	20.327	7.298
2026-09-28T05:05:33.522Z	spark2	LOAD	23.470	4.143
2026-09-28T05:05:33.566Z	spark1	LOAD	20.291	7.298
2026-09-28T05:05:33.773Z	spark2	LOAD	23.470	4.143
2026-09-28T05:05:33.816Z	spark1	LOAD	20.211	7.298
2026-09-28T05:05:34.034Z	spark2	LOAD	23.472	4.143
2026-09-28T05:05:34.066Z	spark1	LOAD	19.939	7.298
2026-09-28T05:05:34.285Z	spark2	LOAD	23.472	4.143
2026-09-28T05:05:34.316Z	spark1	LOAD	19.703	7.298
2026-09-28T05:05:34.536Z	spark2	LOAD	23.472	4.143
2026-09-28T05:05:34.579Z	spark1	LOAD	20.204	7.299
2026-09-28T05:05:34.787Z	spark2	LOAD	23.472	4.143
2026-09-28T05:05:34.829Z	spark1	LOAD	20.164	7.299
2026-09-28T05:05:35.048Z	spark2	LOAD	23.473	4.143
2026-09-28T05:05:35.079Z	spark1	LOAD	20.120	7.299
2026-09-28T05:05:35.299Z	spark2	LOAD	23.473	4.143
2026-09-28T05:05:35.330Z	spark1	LOAD	20.071	7.299
2026-09-28T05:05:35.550Z	spark2	LOAD	23.473	4.143
2026-09-28T05:05:35.597Z	spark1	LOAD	20.012	7.299
2026-09-28T05:05:35.800Z	spark2	LOAD	23.473	4.143
2026-09-28T05:05:35.847Z	spark1	LOAD	19.954	7.299
2026-09-28T05:05:36.065Z	spark2	LOAD	23.473	4.143
2026-09-28T05:05:36.098Z	spark1	LOAD	19.956	7.299
2026-09-28T05:05:36.316Z	spark2	LOAD	23.473	4.143
2026-09-28T05:05:36.348Z	spark1	LOAD	19.903	7.299
2026-09-28T05:05:36.566Z	spark2	LOAD	23.473	4.143
2026-09-28T05:05:36.615Z	spark1	LOAD	19.865	7.299
2026-09-28T05:05:36.817Z	spark2	LOAD	23.473	4.143
2026-09-28T05:05:36.865Z	spark1	LOAD	19.824	7.299
2026-09-28T05:05:37.082Z	spark2	LOAD	23.473	4.143
2026-09-28T05:05:37.115Z	spark1	LOAD	19.785	7.299
2026-09-28T05:05:37.333Z	spark2	LOAD	23.473	4.143
2026-09-28T05:05:37.365Z	spark1	LOAD	19.703	7.299
2026-09-28T05:05:37.583Z	spark2	LOAD	23.473	4.143
2026-09-28T05:05:37.627Z	spark1	LOAD	19.660	7.299
2026-09-28T05:05:37.834Z	spark2	LOAD	23.473	4.143
2026-09-28T05:05:37.877Z	spark1	LOAD	19.628	7.299
2026-09-28T05:05:38.095Z	spark2	LOAD	23.473	4.143
2026-09-28T05:05:38.127Z	spark1	LOAD	19.562	7.299
2026-09-28T05:05:38.346Z	spark2	LOAD	23.473	4.143
2026-09-28T05:05:38.378Z	spark1	LOAD	19.189	7.299
2026-09-28T05:05:38.597Z	spark2	LOAD	23.473	4.143
2026-09-28T05:05:38.640Z	spark1	LOAD	18.962	7.299
2026-09-28T05:05:38.847Z	spark2	LOAD	23.473	4.143
2026-09-28T05:05:38.890Z	spark1	LOAD	19.466	7.300
2026-09-28T05:05:39.113Z	spark2	LOAD	23.473	4.143
2026-09-28T05:05:39.141Z	spark1	LOAD	19.427	7.300
2026-09-28T05:05:39.364Z	spark2	LOAD	23.473	4.143
2026-09-28T05:05:39.391Z	spark1	LOAD	20.546	7.299
2026-09-28T05:05:39.615Z	spark2	LOAD	23.473	4.143
2026-09-28T05:05:39.658Z	spark1	LOAD	22.067	7.299
2026-09-28T05:05:39.866Z	spark2	LOAD	23.473	4.143
2026-09-28T05:05:39.908Z	spark1	LOAD	22.630	7.299
2026-09-28T05:05:40.127Z	spark2	LOAD	23.474	4.143
2026-09-28T05:05:40.159Z	spark1	LOAD	22.221	7.299
2026-09-28T05:05:40.378Z	spark2	LOAD	23.474	4.143
2026-09-28T05:05:40.409Z	spark1	LOAD	21.985	7.299
2026-09-28T05:05:40.629Z	spark2	LOAD	23.474	4.143
2026-09-28T05:05:40.670Z	spark1	LOAD	21.922	7.299
2026-09-28T05:05:40.880Z	spark2	LOAD	23.474	4.143
2026-09-28T05:05:40.920Z	spark1	LOAD	21.888	7.299
2026-09-28T05:05:41.145Z	spark2	LOAD	23.474	4.143
2026-09-28T05:05:41.170Z	spark1	LOAD	21.844	7.299
2026-09-28T05:05:41.396Z	spark2	LOAD	23.474	4.143
2026-09-28T05:05:41.421Z	spark1	LOAD	21.815	7.299
2026-09-28T05:05:41.647Z	spark2	LOAD	23.474	4.143
2026-09-28T05:05:41.688Z	spark1	LOAD	21.780	7.299
2026-09-28T05:05:41.898Z	spark2	LOAD	23.474	4.143
2026-09-28T05:05:41.938Z	spark1	LOAD	21.748	7.299
2026-09-28T05:05:42.163Z	spark2	LOAD	23.474	4.143
2026-09-28T05:05:42.189Z	spark1	LOAD	21.689	7.299
2026-09-28T05:05:42.414Z	spark2	LOAD	23.474	4.143
2026-09-28T05:05:42.439Z	spark1	LOAD	21.670	7.299
2026-09-28T05:05:42.665Z	spark2	LOAD	23.474	4.143
2026-09-28T05:05:42.708Z	spark1	LOAD	21.649	7.299
2026-09-28T05:05:42.916Z	spark2	LOAD	23.474	4.143
2026-09-28T05:05:42.958Z	spark1	LOAD	21.589	7.299
2026-09-28T05:05:43.177Z	spark2	LOAD	23.474	4.143
2026-09-28T05:05:43.208Z	spark1	LOAD	21.553	7.299
2026-09-28T05:05:43.427Z	spark2	LOAD	23.447	4.141
2026-09-28T05:05:43.458Z	spark1	LOAD	21.520	7.299
2026-09-28T05:05:43.677Z	spark2	LOAD	23.429	4.141
2026-09-28T05:05:43.726Z	spark1	LOAD	21.479	7.299
2026-09-28T05:05:43.928Z	spark2	LOAD	23.440	4.140
2026-09-28T05:05:43.977Z	spark1	LOAD	21.438	7.299
2026-09-28T05:05:44.189Z	spark2	LOAD	23.439	4.140
2026-09-28T05:05:44.227Z	spark1	LOAD	21.372	7.299
2026-09-28T05:05:44.440Z	spark2	LOAD	23.439	4.140
2026-09-28T05:05:44.477Z	spark1	LOAD	21.338	7.299
2026-09-28T05:05:44.691Z	spark2	LOAD	23.439	4.140
2026-09-28T05:05:44.746Z	spark1	LOAD	21.302	7.299
2026-09-28T05:05:44.941Z	spark2	LOAD	23.440	4.140
2026-09-28T05:05:44.996Z	spark1	LOAD	21.264	7.299
2026-09-28T05:05:45.202Z	spark2	LOAD	23.440	4.140
2026-09-28T05:05:45.247Z	spark1	LOAD	21.225	7.299
2026-09-28T05:05:45.453Z	spark2	LOAD	23.440	4.140
2026-09-28T05:05:45.497Z	spark1	LOAD	21.193	7.299
2026-09-28T05:05:45.703Z	spark2	LOAD	23.440	4.140
2026-09-28T05:05:45.764Z	spark1	LOAD	21.146	7.299
2026-09-28T05:05:45.954Z	spark2	LOAD	23.440	4.140
2026-09-28T05:05:46.015Z	spark1	LOAD	21.113	7.299
2026-09-28T05:05:46.219Z	spark2	LOAD	23.441	4.140
2026-09-28T05:05:46.265Z	spark1	LOAD	21.073	7.299
2026-09-28T05:05:46.470Z	spark2	LOAD	23.441	4.140
2026-09-28T05:05:46.515Z	spark1	LOAD	21.043	7.299
2026-09-28T05:05:46.720Z	spark2	LOAD	23.441	4.140
2026-09-28T05:05:46.782Z	spark1	LOAD	21.006	7.299
2026-09-28T05:05:46.971Z	spark2	LOAD	23.443	4.140
2026-09-28T05:05:47.032Z	spark1	LOAD	20.974	7.299
2026-09-28T05:05:47.233Z	spark2	LOAD	23.442	4.140
2026-09-28T05:05:47.283Z	spark1	LOAD	20.938	7.299
2026-09-28T05:05:47.483Z	spark2	LOAD	23.442	4.140
2026-09-28T05:05:47.534Z	spark1	LOAD	20.903	7.299
2026-09-28T05:05:47.733Z	spark2	LOAD	23.442	4.140
2026-09-28T05:05:47.802Z	spark1	LOAD	20.866	7.299
2026-09-28T05:05:47.984Z	spark2	LOAD	23.446	4.140
2026-09-28T05:05:48.052Z	spark1	LOAD	20.829	7.299
2026-09-28T05:05:48.245Z	spark2	LOAD	23.446	4.140
2026-09-28T05:05:48.303Z	spark1	LOAD	20.773	7.299
2026-09-28T05:05:48.496Z	spark2	LOAD	23.446	4.140
2026-09-28T05:05:48.553Z	spark1	LOAD	20.743	7.299
2026-09-28T05:05:48.747Z	spark2	LOAD	23.446	4.140
2026-09-28T05:05:48.815Z	spark1	LOAD	20.716	7.299
2026-09-28T05:05:48.998Z	spark2	LOAD	23.448	4.140
2026-09-28T05:05:49.066Z	spark1	LOAD	20.677	7.299
2026-09-28T05:05:49.257Z	spark2	LOAD	23.448	4.140
2026-09-28T05:05:49.316Z	spark1	LOAD	20.643	7.299
2026-09-28T05:05:49.509Z	spark2	LOAD	23.448	4.140
2026-09-28T05:05:49.566Z	spark1	LOAD	20.607	7.299
2026-09-28T05:05:49.759Z	spark2	LOAD	23.448	4.140
2026-09-28T05:05:49.833Z	spark1	LOAD	20.570	7.299
2026-09-28T05:05:50.010Z	spark2	LOAD	23.451	4.140
2026-09-28T05:05:50.083Z	spark1	LOAD	20.533	7.299
2026-09-28T05:05:50.276Z	spark2	LOAD	23.450	4.140
2026-09-28T05:05:50.334Z	spark1	LOAD	20.465	7.299
2026-09-28T05:05:50.527Z	spark2	LOAD	23.450	4.140
2026-09-28T05:05:50.585Z	spark1	LOAD	20.421	7.299
2026-09-28T05:05:50.777Z	spark2	LOAD	23.450	4.140
2026-09-28T05:05:50.852Z	spark1	LOAD	20.374	7.299
2026-09-28T05:05:51.028Z	spark2	LOAD	23.452	4.140
2026-09-28T05:05:51.102Z	spark1	LOAD	20.339	7.299
2026-09-28T05:05:51.288Z	spark2	LOAD	23.452	4.140
2026-09-28T05:05:51.352Z	spark1	LOAD	20.930	7.299
2026-09-28T05:05:51.539Z	spark2	LOAD	23.452	4.140
2026-09-28T05:05:51.602Z	spark1	LOAD	20.897	7.299
2026-09-28T05:05:51.790Z	spark2	LOAD	23.452	4.140
2026-09-28T05:05:51.871Z	spark1	LOAD	20.857	7.299
2026-09-28T05:05:52.041Z	spark2	LOAD	23.454	4.140
2026-09-28T05:05:52.122Z	spark1	LOAD	20.751	7.299
2026-09-28T05:05:52.306Z	spark2	LOAD	23.454	4.140
2026-09-28T05:05:52.372Z	spark1	LOAD	20.470	7.299
2026-09-28T05:05:52.556Z	spark2	LOAD	23.454	4.140
2026-09-28T05:05:52.623Z	spark1	LOAD	20.724	7.299
2026-09-28T05:05:52.807Z	spark2	LOAD	23.454	4.140
2026-09-28T05:05:52.889Z	spark1	LOAD	20.684	7.299
2026-09-28T05:05:53.058Z	spark2	LOAD	23.455	4.140
2026-09-28T05:05:53.140Z	spark1	LOAD	20.668	7.299
2026-09-28T05:05:53.319Z	spark2	LOAD	23.455	4.140
2026-09-28T05:05:53.390Z	spark1	LOAD	20.634	7.301
2026-09-28T05:05:53.570Z	spark2	LOAD	23.455	4.140
2026-09-28T05:05:53.640Z	spark1	LOAD	20.599	7.301
2026-09-28T05:05:53.821Z	spark2	LOAD	23.455	4.140
2026-09-28T05:05:53.904Z	spark1	LOAD	20.539	7.301
2026-09-28T05:05:54.072Z	spark2	LOAD	23.456	4.140
2026-09-28T05:05:54.154Z	spark1	LOAD	20.459	7.300
2026-09-28T05:05:54.336Z	spark2	LOAD	23.456	4.140
2026-09-28T05:05:54.404Z	spark1	LOAD	20.318	7.300
2026-09-28T05:05:54.587Z	spark2	LOAD	23.446	4.138
2026-09-28T05:05:54.654Z	spark1	LOAD	20.286	7.300
2026-09-28T05:05:54.838Z	spark2	LOAD	23.463	4.137
2026-09-28T05:05:54.916Z	spark1	LOAD	20.226	7.300
2026-09-28T05:05:55.088Z	spark2	LOAD	23.461	4.134
2026-09-28T05:05:55.167Z	spark1	LOAD	20.193	7.300
2026-09-28T05:05:55.349Z	spark2	LOAD	23.459	4.134
2026-09-28T05:05:55.417Z	spark1	LOAD	20.164	7.300
2026-09-28T05:05:55.600Z	spark2	LOAD	23.459	4.134
2026-09-28T05:05:55.667Z	spark1	LOAD	19.821	7.300
2026-09-28T05:05:55.850Z	spark2	LOAD	23.459	4.134
2026-09-28T05:05:55.933Z	spark1	LOAD	19.626	7.300
2026-09-28T05:05:56.101Z	spark2	LOAD	23.460	4.134
2026-09-28T05:05:56.184Z	spark1	LOAD	19.583	7.300
2026-09-28T05:05:56.366Z	spark2	LOAD	23.459	4.134
2026-09-28T05:05:56.434Z	spark1	LOAD	19.526	7.300
2026-09-28T05:05:56.617Z	spark2	LOAD	23.459	4.134
2026-09-28T05:05:56.684Z	spark1	LOAD	19.497	7.300
2026-09-28T05:05:56.867Z	spark2	LOAD	23.459	4.134
2026-09-28T05:05:56.951Z	spark1	LOAD	19.454	7.300
2026-09-28T05:05:57.118Z	spark2	LOAD	23.459	4.134
2026-09-28T05:05:57.201Z	spark1	LOAD	19.427	7.300
2026-09-28T05:05:57.383Z	spark2	LOAD	23.459	4.134
2026-09-28T05:05:57.451Z	spark1	LOAD	19.393	7.300
2026-09-28T05:05:57.633Z	spark2	LOAD	23.459	4.134
2026-09-28T05:05:57.702Z	spark1	LOAD	19.362	7.300
2026-09-28T05:05:57.884Z	spark2	LOAD	23.459	4.134
2026-09-28T05:05:57.964Z	spark1	LOAD	19.322	7.300
2026-09-28T05:05:58.135Z	spark2	LOAD	23.458	4.134
2026-09-28T05:05:58.214Z	spark1	LOAD	19.292	7.300
2026-09-28T05:05:58.399Z	spark2	LOAD	23.458	4.134
2026-09-28T05:05:58.464Z	spark1	LOAD	19.861	7.300
2026-09-28T05:05:58.650Z	spark2	LOAD	23.458	4.134
2026-09-28T05:05:58.715Z	spark1	LOAD	19.809	7.300
2026-09-28T05:05:58.901Z	spark2	LOAD	23.458	4.134
2026-09-28T05:05:58.977Z	spark1	LOAD	19.769	7.300
2026-09-28T05:05:59.152Z	spark2	LOAD	23.457	4.134
2026-09-28T05:05:59.227Z	spark1	LOAD	19.744	7.300
2026-09-28T05:05:59.414Z	spark2	LOAD	23.457	4.134
2026-09-28T05:05:59.478Z	spark1	LOAD	19.675	7.300
2026-09-28T05:05:59.664Z	spark2	LOAD	23.457	4.134
2026-09-28T05:05:59.728Z	spark1	LOAD	19.673	7.300
2026-09-28T05:05:59.915Z	spark2	LOAD	23.457	4.134
2026-09-28T05:05:59.990Z	spark1	LOAD	19.615	7.300
2026-09-28T05:06:00.165Z	spark2	LOAD	23.457	4.134
2026-09-28T05:06:00.240Z	spark1	LOAD	19.578	7.300
2026-09-28T05:06:00.431Z	spark2	LOAD	23.458	4.134
2026-09-28T05:06:00.490Z	spark1	LOAD	19.533	7.300
2026-09-28T05:06:00.681Z	spark2	LOAD	23.458	4.134
2026-09-28T05:06:00.740Z	spark1	LOAD	19.069	7.300
2026-09-28T05:06:00.933Z	spark2	LOAD	23.458	4.134
2026-09-28T05:06:01.002Z	spark1	LOAD	20.520	7.300
2026-09-28T05:06:01.183Z	spark2	LOAD	23.458	4.134
2026-09-28T05:06:01.253Z	spark1	LOAD	21.897	7.300
2026-09-28T05:06:01.448Z	spark2	LOAD	23.458	4.134
2026-09-28T05:06:01.503Z	spark1	LOAD	22.073	7.300
2026-09-28T05:06:01.699Z	spark2	LOAD	23.458	4.134
2026-09-28T05:06:01.753Z	spark1	LOAD	22.038	7.300
2026-09-28T05:06:01.949Z	spark2	LOAD	23.458	4.134
2026-09-28T05:06:02.020Z	spark1	LOAD	22.009	7.300
2026-09-28T05:06:02.201Z	spark2	LOAD	23.458	4.134
2026-09-28T05:06:02.270Z	spark1	LOAD	21.980	7.300
2026-09-28T05:06:02.462Z	spark2	LOAD	23.457	4.134
2026-09-28T05:06:02.520Z	spark1	LOAD	21.951	7.300
2026-09-28T05:06:02.713Z	spark2	LOAD	23.457	4.134
2026-09-28T05:06:02.771Z	spark1	LOAD	21.892	7.300
2026-09-28T05:06:02.964Z	spark2	LOAD	23.457	4.134
2026-09-28T05:06:03.037Z	spark1	LOAD	21.858	7.300
2026-09-28T05:06:03.214Z	spark2	LOAD	23.457	4.134
2026-09-28T05:06:03.287Z	spark1	LOAD	21.834	7.300
2026-09-28T05:06:03.479Z	spark2	LOAD	23.457	4.134
2026-09-28T05:06:03.538Z	spark1	LOAD	21.809	7.300
2026-09-28T05:06:03.730Z	spark2	LOAD	23.457	4.134
2026-09-28T05:06:03.788Z	spark1	LOAD	21.781	7.300
2026-09-28T05:06:03.981Z	spark2	LOAD	23.457	4.134
2026-09-28T05:06:04.055Z	spark1	LOAD	21.747	7.300
2026-09-28T05:06:04.231Z	spark2	LOAD	23.457	4.134
2026-09-28T05:06:04.306Z	spark1	LOAD	21.718	7.300
2026-09-28T05:06:04.496Z	spark2	LOAD	23.457	4.134
2026-09-28T05:06:04.556Z	spark1	LOAD	21.695	7.300
2026-09-28T05:06:04.746Z	spark2	LOAD	23.457	4.134
2026-09-28T05:06:04.807Z	spark1	LOAD	21.637	7.300
2026-09-28T05:06:04.996Z	spark2	LOAD	23.457	4.134
2026-09-28T05:06:05.074Z	spark1	LOAD	21.570	7.300
2026-09-28T05:06:05.247Z	spark2	LOAD	23.457	4.134
2026-09-28T05:06:05.325Z	spark1	LOAD	21.539	7.300
2026-09-28T05:06:05.511Z	spark2	LOAD	23.444	4.133
2026-09-28T05:06:05.575Z	spark1	LOAD	21.490	7.300
2026-09-28T05:06:05.761Z	spark2	LOAD	23.439	4.132
2026-09-28T05:06:05.825Z	spark1	LOAD	21.443	7.300
2026-09-28T05:06:06.014Z	spark2	LOAD	23.439	4.131
2026-09-28T05:06:06.094Z	spark1	LOAD	21.415	7.300
2026-09-28T05:06:06.264Z	spark2	LOAD	23.439	4.131
2026-09-28T05:06:06.344Z	spark1	LOAD	21.389	7.300
2026-09-28T05:06:06.530Z	spark2	LOAD	23.439	4.131
2026-09-28T05:06:06.594Z	spark1	LOAD	21.357	7.300
2026-09-28T05:06:06.779Z	spark2	LOAD	23.439	4.131
2026-09-28T05:06:06.845Z	spark1	LOAD	21.315	7.300
2026-09-28T05:06:07.031Z	spark2	LOAD	23.439	4.131
2026-09-28T05:06:07.113Z	spark1	LOAD	21.274	7.300
2026-09-28T05:06:07.281Z	spark2	LOAD	23.439	4.131
2026-09-28T05:06:07.363Z	spark1	LOAD	21.249	7.300
2026-09-28T05:06:07.546Z	spark2	LOAD	23.439	4.131
2026-09-28T05:06:07.613Z	spark1	LOAD	21.221	7.300
2026-09-28T05:06:07.797Z	spark2	LOAD	23.439	4.131
2026-09-28T05:06:07.863Z	spark1	LOAD	21.198	7.300
2026-09-28T05:06:08.048Z	spark2	LOAD	23.440	4.131
2026-09-28T05:06:08.126Z	spark1	LOAD	21.162	7.300
2026-09-28T05:06:08.299Z	spark2	LOAD	23.440	4.131
2026-09-28T05:06:08.376Z	spark1	LOAD	21.136	7.300
2026-09-28T05:06:08.564Z	spark2	LOAD	23.440	4.130
2026-09-28T05:06:08.627Z	spark1	LOAD	21.106	7.300
2026-09-28T05:06:08.814Z	spark2	LOAD	23.440	4.130
2026-09-28T05:06:08.877Z	spark1	LOAD	21.054	7.300
2026-09-28T05:06:09.065Z	spark2	LOAD	23.441	4.130
2026-09-28T05:06:09.139Z	spark1	LOAD	21.027	7.300
2026-09-28T05:06:09.316Z	spark2	LOAD	23.441	4.130
2026-09-28T05:06:09.389Z	spark1	LOAD	21.000	7.300
2026-09-28T05:06:09.581Z	spark2	LOAD	23.441	4.130
2026-09-28T05:06:09.640Z	spark1	LOAD	20.974	7.300
2026-09-28T05:06:09.831Z	spark2	LOAD	23.441	4.130
2026-09-28T05:06:09.890Z	spark1	LOAD	20.944	7.300
2026-09-28T05:06:10.082Z	spark2	LOAD	23.441	4.130
2026-09-28T05:06:10.156Z	spark1	LOAD	20.911	7.300
2026-09-28T05:06:10.333Z	spark2	LOAD	23.441	4.130
2026-09-28T05:06:10.406Z	spark1	LOAD	20.882	7.300
2026-09-28T05:06:10.598Z	spark2	LOAD	23.441	4.130
2026-09-28T05:06:10.657Z	spark1	LOAD	20.853	7.300
2026-09-28T05:06:10.848Z	spark2	LOAD	23.441	4.130
2026-09-28T05:06:10.907Z	spark1	LOAD	20.787	7.300
2026-09-28T05:06:11.099Z	spark2	LOAD	23.442	4.130
2026-09-28T05:06:11.173Z	spark1	LOAD	20.758	7.300
2026-09-28T05:06:11.350Z	spark2	LOAD	23.442	4.130
2026-09-28T05:06:11.423Z	spark1	LOAD	20.730	7.300
2026-09-28T05:06:11.611Z	spark2	LOAD	23.442	4.130
2026-09-28T05:06:11.674Z	spark1	LOAD	20.704	7.300
2026-09-28T05:06:11.862Z	spark2	LOAD	23.442	4.130
2026-09-28T05:06:11.925Z	spark1	LOAD	20.676	7.300
2026-09-28T05:06:12.113Z	spark2	LOAD	23.443	4.130
2026-09-28T05:06:12.191Z	spark1	LOAD	20.646	7.300
2026-09-28T05:06:12.364Z	spark2	LOAD	23.443	4.130
2026-09-28T05:06:12.442Z	spark1	LOAD	20.614	7.300
2026-09-28T05:06:12.626Z	spark2	LOAD	23.442	4.130
2026-09-28T05:06:12.692Z	spark1	LOAD	20.585	7.300
2026-09-28T05:06:12.876Z	spark2	LOAD	23.443	4.130
2026-09-28T05:06:12.942Z	spark1	LOAD	20.522	7.300
2026-09-28T05:06:13.127Z	spark2	LOAD	23.442	4.130
2026-09-28T05:06:13.210Z	spark1	LOAD	20.498	7.300
2026-09-28T05:06:13.378Z	spark2	LOAD	23.442	4.130
2026-09-28T05:06:13.461Z	spark1	LOAD	20.469	7.300
2026-09-28T05:06:13.638Z	spark2	LOAD	23.442	4.130
2026-09-28T05:06:13.711Z	spark1	LOAD	20.438	7.300
2026-09-28T05:06:13.889Z	spark2	LOAD	23.442	4.130
2026-09-28T05:06:13.962Z	spark1	LOAD	20.404	7.300
2026-09-28T05:06:14.140Z	spark2	LOAD	23.442	4.130
2026-09-28T05:06:14.228Z	spark1	LOAD	20.382	7.300
2026-09-28T05:06:14.390Z	spark2	LOAD	23.442	4.130
2026-09-28T05:06:14.479Z	spark1	LOAD	20.348	7.300
2026-09-28T05:06:14.652Z	spark2	LOAD	23.442	4.130
2026-09-28T05:06:14.729Z	spark1	LOAD	20.318	7.300
2026-09-28T05:06:14.902Z	spark2	LOAD	23.442	4.130
2026-09-28T05:06:14.979Z	spark1	LOAD	20.276	7.300
2026-09-28T05:06:15.153Z	spark2	LOAD	23.442	4.130
2026-09-28T05:06:15.247Z	spark1	LOAD	20.812	7.300
2026-09-28T05:06:15.405Z	spark2	LOAD	23.442	4.130
2026-09-28T05:06:15.497Z	spark1	LOAD	20.782	7.300
2026-09-28T05:06:15.665Z	spark2	LOAD	23.442	4.130
2026-09-28T05:06:15.747Z	spark1	LOAD	20.743	7.300
2026-09-28T05:06:15.915Z	spark2	LOAD	23.442	4.130
2026-09-28T05:06:15.997Z	spark1	LOAD	20.418	7.300
2026-09-28T05:06:16.166Z	spark2	LOAD	23.442	4.130
2026-09-28T05:06:16.265Z	spark1	LOAD	20.702	7.300
2026-09-28T05:06:16.416Z	spark2	LOAD	23.420	4.129
2026-09-28T05:06:16.515Z	spark1	LOAD	20.666	7.300
2026-09-28T05:06:16.676Z	spark2	LOAD	23.443	4.128
2026-09-28T05:06:16.766Z	spark1	LOAD	20.240	7.299
2026-09-28T05:06:16.927Z	spark2	LOAD	23.441	4.127
2026-09-28T05:06:17.016Z	spark1	LOAD	20.201	7.299
2026-09-28T05:06:17.178Z	spark2	LOAD	23.441	4.127
2026-09-28T05:06:17.285Z	spark1	LOAD	20.155	7.299
2026-09-28T05:06:17.429Z	spark2	LOAD	23.441	4.127
2026-09-28T05:06:17.536Z	spark1	LOAD	20.204	7.299
2026-09-28T05:06:17.691Z	spark2	LOAD	23.441	4.127
2026-09-28T05:06:17.787Z	spark1	LOAD	19.886	7.299
2026-09-28T05:06:17.941Z	spark2	LOAD	23.441	4.127
2026-09-28T05:06:18.037Z	spark1	LOAD	20.404	7.299
2026-09-28T05:06:18.192Z	spark2	LOAD	23.441	4.127
2026-09-28T05:06:18.297Z	spark1	LOAD	20.402	7.322
2026-09-28T05:06:18.443Z	spark2	LOAD	23.441	4.127
2026-09-28T05:06:18.548Z	spark1	LOAD	20.367	7.322
2026-09-28T05:06:18.704Z	spark2	LOAD	23.441	4.127
2026-09-28T05:06:18.798Z	spark1	LOAD	20.329	7.322
2026-09-28T05:06:18.955Z	spark2	LOAD	23.441	4.127
2026-09-28T05:06:19.049Z	spark1	LOAD	20.296	7.322
2026-09-28T05:06:19.206Z	spark2	LOAD	23.441	4.127
2026-09-28T05:06:19.311Z	spark1	LOAD	19.673	7.322
2026-09-28T05:06:19.456Z	spark2	LOAD	23.441	4.127
2026-09-28T05:06:19.561Z	spark1	LOAD	19.649	7.322
2026-09-28T05:06:19.717Z	spark2	LOAD	23.441	4.127
2026-09-28T05:06:19.812Z	spark1	LOAD	19.625	7.322
2026-09-28T05:06:19.969Z	spark2	LOAD	23.444	4.127
2026-09-28T05:06:20.062Z	spark1	LOAD	19.597	7.322
2026-09-28T05:06:20.218Z	spark2	LOAD	23.444	4.127
2026-09-28T05:06:20.324Z	spark1	LOAD	19.550	7.322
2026-09-28T05:06:20.469Z	spark2	LOAD	23.444	4.127
2026-09-28T05:06:20.574Z	spark1	LOAD	19.508	7.322
2026-09-28T05:06:20.730Z	spark2	LOAD	23.451	4.127
2026-09-28T05:06:20.824Z	spark1	LOAD	19.468	7.322
2026-09-28T05:06:20.981Z	spark2	LOAD	23.451	4.127
2026-09-28T05:06:21.075Z	spark1	LOAD	19.428	7.322
2026-09-28T05:06:21.232Z	spark2	LOAD	23.451	4.127
2026-09-28T05:06:21.337Z	spark1	LOAD	19.356	7.322
2026-09-28T05:06:21.483Z	spark2	LOAD	23.451	4.127
2026-09-28T05:06:21.587Z	spark1	LOAD	19.331	7.322
2026-09-28T05:06:21.743Z	spark2	LOAD	23.450	4.127
2026-09-28T05:06:21.838Z	spark1	LOAD	19.304	7.322
2026-09-28T05:06:21.994Z	spark2	LOAD	23.450	4.127
2026-09-28T05:06:22.089Z	spark1	LOAD	19.278	7.322
2026-09-28T05:06:22.246Z	spark2	LOAD	23.450	4.127
2026-09-28T05:06:22.357Z	spark1	LOAD	19.247	7.322
2026-09-28T05:06:22.497Z	spark2	LOAD	23.450	4.127
2026-09-28T05:06:22.607Z	spark1	LOAD	19.219	7.322
2026-09-28T05:06:22.762Z	spark2	LOAD	23.450	4.127
2026-09-28T05:06:22.857Z	spark1	LOAD	19.190	7.322
2026-09-28T05:06:23.012Z	spark2	LOAD	23.450	4.127
2026-09-28T05:06:23.107Z	spark1	LOAD	19.120	7.322
2026-09-28T05:06:23.263Z	spark2	LOAD	23.450	4.127
2026-09-28T05:06:23.373Z	spark1	LOAD	19.057	7.322
2026-09-28T05:06:23.514Z	spark2	LOAD	23.450	4.127
2026-09-28T05:06:23.624Z	spark1	LOAD	19.031	7.322
2026-09-28T05:06:23.774Z	spark2	LOAD	23.450	4.127
2026-09-28T05:06:23.874Z	spark1	LOAD	19.008	7.322
2026-09-28T05:06:24.026Z	spark2	LOAD	23.450	4.127
2026-09-28T05:06:24.124Z	spark1	LOAD	18.977	7.322
2026-09-28T05:06:24.276Z	spark2	LOAD	23.450	4.127
2026-09-28T05:06:24.390Z	spark1	LOAD	18.945	7.322
2026-09-28T05:06:24.527Z	spark2	LOAD	23.450	4.127
2026-09-28T05:06:24.641Z	spark1	LOAD	18.920	7.322
2026-09-28T05:06:24.792Z	spark2	LOAD	23.450	4.127
2026-09-28T05:06:24.891Z	spark1	LOAD	18.894	7.322
2026-09-28T05:06:25.043Z	spark2	LOAD	23.450	4.127
2026-09-28T05:06:25.142Z	spark1	LOAD	18.860	7.322
2026-09-28T05:06:25.293Z	spark2	LOAD	23.450	4.127
2026-09-28T05:06:25.403Z	spark1	LOAD	19.322	7.322
2026-09-28T05:06:25.544Z	spark2	LOAD	23.450	4.127
2026-09-28T05:06:25.654Z	spark1	LOAD	21.129	7.322
2026-09-28T05:06:25.809Z	spark2	LOAD	23.450	4.127
2026-09-28T05:06:25.904Z	spark1	LOAD	22.013	7.322
2026-09-28T05:06:26.059Z	spark2	LOAD	23.450	4.127
2026-09-28T05:06:26.154Z	spark1	LOAD	21.988	7.322
2026-09-28T05:06:26.311Z	spark2	LOAD	23.450	4.127
2026-09-28T05:06:26.423Z	spark1	LOAD	21.958	7.322
2026-09-28T05:06:26.562Z	spark2	LOAD	23.450	4.127
2026-09-28T05:06:26.673Z	spark1	LOAD	21.927	7.322
2026-09-28T05:06:26.822Z	spark2	LOAD	23.449	4.127
2026-09-28T05:06:26.924Z	spark1	LOAD	21.857	7.322
2026-09-28T05:06:27.072Z	spark2	LOAD	23.449	4.127
2026-09-28T05:06:27.174Z	spark1	LOAD	22.394	7.322
2026-09-28T05:06:27.323Z	spark2	LOAD	23.426	4.126
2026-09-28T05:06:27.441Z	spark1	LOAD	22.334	7.322
2026-09-28T05:06:27.573Z	spark2	LOAD	23.449	4.126
2026-09-28T05:06:27.691Z	spark1	LOAD	22.295	7.322
2026-09-28T05:06:27.835Z	spark2	LOAD	23.449	4.126
2026-09-28T05:06:27.941Z	spark1	LOAD	21.950	7.322
2026-09-28T05:06:28.086Z	spark2	LOAD	23.449	4.126
2026-09-28T05:06:28.192Z	spark1	LOAD	21.783	7.322
2026-09-28T05:06:28.337Z	spark2	LOAD	23.449	4.126
2026-09-28T05:06:28.460Z	spark1	LOAD	21.747	7.322
2026-09-28T05:06:28.587Z	spark2	LOAD	23.449	4.126
2026-09-28T05:06:28.710Z	spark1	LOAD	21.708	7.322
2026-09-28T05:06:28.852Z	spark2	LOAD	23.449	4.126
2026-09-28T05:06:28.961Z	spark1	LOAD	21.673	7.322
2026-09-28T05:06:29.103Z	spark2	LOAD	23.449	4.126
2026-09-28T05:06:29.211Z	spark1	LOAD	21.648	7.322
2026-09-28T05:06:29.354Z	spark2	LOAD	23.449	4.126
2026-09-28T05:06:29.472Z	spark1	LOAD	21.571	7.322
2026-09-28T05:06:29.605Z	spark2	LOAD	23.449	4.126
2026-09-28T05:06:29.723Z	spark1	LOAD	21.551	7.322
2026-09-28T05:06:29.870Z	spark2	LOAD	23.449	4.126
2026-09-28T05:06:29.973Z	spark1	LOAD	21.524	7.322
2026-09-28T05:06:30.120Z	spark2	LOAD	23.449	4.126
2026-09-28T05:06:30.223Z	spark1	LOAD	21.488	7.322
2026-09-28T05:06:30.371Z	spark2	LOAD	23.449	4.126
2026-09-28T05:06:30.485Z	spark1	LOAD	21.454	7.322
2026-09-28T05:06:30.621Z	spark2	LOAD	23.449	4.126
2026-09-28T05:06:30.735Z	spark1	LOAD	21.420	7.322
2026-09-28T05:06:30.881Z	spark2	LOAD	23.449	4.126
2026-09-28T05:06:30.986Z	spark1	LOAD	21.363	7.321
2026-09-28T05:06:31.133Z	spark2	LOAD	23.451	4.126
2026-09-28T05:06:31.236Z	spark1	LOAD	21.334	7.321
2026-09-28T05:06:31.383Z	spark2	LOAD	23.451	4.126
2026-09-28T05:06:31.498Z	spark1	LOAD	21.274	7.321
2026-09-28T05:06:31.633Z	spark2	LOAD	23.451	4.126
2026-09-28T05:06:31.748Z	spark1	LOAD	21.241	7.321
2026-09-28T05:06:31.894Z	spark2	LOAD	23.450	4.126
2026-09-28T05:06:31.999Z	spark1	LOAD	21.217	7.321
2026-09-28T05:06:32.145Z	spark2	LOAD	23.451	4.126
2026-09-28T05:06:32.249Z	spark1	LOAD	21.190	7.321
2026-09-28T05:06:32.395Z	spark2	LOAD	23.451	4.126
2026-09-28T05:06:32.517Z	spark1	LOAD	21.155	7.321
2026-09-28T05:06:32.646Z	spark2	LOAD	23.451	4.126
2026-09-28T05:06:32.768Z	spark1	LOAD	21.125	7.321
2026-09-28T05:06:32.907Z	spark2	LOAD	23.451	4.126
2026-09-28T05:06:33.019Z	spark1	LOAD	21.096	7.321
2026-09-28T05:06:33.157Z	spark2	LOAD	23.451	4.126
2026-09-28T05:06:33.269Z	spark1	LOAD	21.065	7.321
2026-09-28T05:06:33.408Z	spark2	LOAD	23.451	4.126
2026-09-28T05:06:33.535Z	spark1	LOAD	20.991	7.321
2026-09-28T05:06:33.659Z	spark2	LOAD	23.451	4.126
2026-09-28T05:06:33.785Z	spark1	LOAD	20.959	7.321
2026-09-28T05:06:33.920Z	spark2	LOAD	23.451	4.126
2026-09-28T05:06:34.035Z	spark1	LOAD	20.928	7.321
2026-09-28T05:06:34.170Z	spark2	LOAD	23.451	4.126
2026-09-28T05:06:34.286Z	spark1	LOAD	20.894	7.321
2026-09-28T05:06:34.421Z	spark2	LOAD	23.451	4.126
2026-09-28T05:06:34.552Z	spark1	LOAD	20.859	7.321
2026-09-28T05:06:34.674Z	spark2	LOAD	23.451	4.126
2026-09-28T05:06:34.802Z	spark1	LOAD	20.796	7.321
2026-09-28T05:06:34.935Z	spark2	LOAD	23.451	4.126
2026-09-28T05:06:35.053Z	spark1	LOAD	20.766	7.321
2026-09-28T05:06:35.186Z	spark2	LOAD	23.451	4.126
2026-09-28T05:06:35.303Z	spark1	LOAD	20.735	7.321
2026-09-28T05:06:35.436Z	spark2	LOAD	23.451	4.126
2026-09-28T05:06:35.572Z	spark1	LOAD	20.677	7.321
2026-09-28T05:06:35.688Z	spark2	LOAD	23.451	4.126
2026-09-28T05:06:35.822Z	spark1	LOAD	20.625	7.321
2026-09-28T05:06:35.947Z	spark2	LOAD	23.451	4.126
2026-09-28T05:06:36.072Z	spark1	LOAD	20.594	7.321
2026-09-28T05:06:36.199Z	spark2	LOAD	23.451	4.126
2026-09-28T05:06:36.323Z	spark1	LOAD	20.545	7.321
2026-09-28T05:06:36.450Z	spark2	LOAD	23.451	4.126
2026-09-28T05:06:36.589Z	spark1	LOAD	20.508	7.321
2026-09-28T05:06:36.700Z	spark2	LOAD	23.451	4.126
2026-09-28T05:06:36.840Z	spark1	LOAD	20.472	7.321
2026-09-28T05:06:36.961Z	spark2	LOAD	23.451	4.126
2026-09-28T05:06:37.090Z	spark1	LOAD	20.447	7.321
2026-09-28T05:06:37.212Z	spark2	LOAD	23.451	4.126
2026-09-28T05:06:37.340Z	spark1	LOAD	20.419	7.321
2026-09-28T05:06:37.462Z	spark2	LOAD	23.451	4.126
2026-09-28T05:06:37.608Z	spark1	LOAD	20.338	7.321
2026-09-28T05:06:37.712Z	spark2	LOAD	23.451	4.126
2026-09-28T05:06:37.858Z	spark1	LOAD	20.254	7.321
2026-09-28T05:06:37.973Z	spark2	LOAD	23.451	4.126
2026-09-28T05:06:38.109Z	spark1	LOAD	20.789	7.321
2026-09-28T05:06:38.224Z	spark2	LOAD	23.423	4.125
2026-09-28T05:06:38.359Z	spark1	LOAD	20.755	7.321
2026-09-28T05:06:38.474Z	spark2	LOAD	23.450	4.124
2026-09-28T05:06:38.621Z	spark1	LOAD	20.746	7.321
2026-09-28T05:06:38.725Z	spark2	LOAD	23.447	4.123
2026-09-28T05:06:38.871Z	spark1	LOAD	20.720	7.321
2026-09-28T05:06:38.985Z	spark2	LOAD	23.446	4.123
2026-09-28T05:06:39.121Z	spark1	LOAD	20.692	7.321
2026-09-28T05:06:39.236Z	spark2	LOAD	23.446	4.123
2026-09-28T05:06:39.372Z	spark1	LOAD	20.743	7.321
2026-09-28T05:06:39.486Z	spark2	LOAD	23.446	4.123
2026-09-28T05:06:39.638Z	spark1	LOAD	20.723	7.321
2026-09-28T05:06:39.737Z	spark2	LOAD	23.447	4.123
2026-09-28T05:06:39.889Z	spark1	LOAD	20.711	7.322
2026-09-28T05:06:40.000Z	spark2	LOAD	23.447	4.123
2026-09-28T05:06:40.139Z	spark1	LOAD	20.653	7.322
2026-09-28T05:06:40.252Z	spark2	LOAD	23.447	4.123
2026-09-28T05:06:40.389Z	spark1	LOAD	20.621	7.322
2026-09-28T05:06:40.502Z	spark2	LOAD	23.447	4.122
2026-09-28T05:06:40.652Z	spark1	LOAD	20.588	7.322
2026-09-28T05:06:40.752Z	spark2	LOAD	23.447	4.122
2026-09-28T05:06:40.903Z	spark1	LOAD	20.552	7.322
2026-09-28T05:06:41.018Z	spark2	LOAD	23.447	4.122
2026-09-28T05:06:41.153Z	spark1	LOAD	20.517	7.322
2026-09-28T05:06:41.268Z	spark2	LOAD	23.447	4.122
2026-09-28T05:06:41.404Z	spark1	LOAD	20.458	7.322
2026-09-28T05:06:41.519Z	spark2	LOAD	23.447	4.122
2026-09-28T05:06:41.666Z	spark1	LOAD	20.452	7.322
2026-09-28T05:06:41.770Z	spark2	LOAD	23.447	4.122
2026-09-28T05:06:41.916Z	spark1	LOAD	20.391	7.322
2026-09-28T05:06:42.031Z	spark2	LOAD	23.446	4.122
2026-09-28T05:06:42.167Z	spark1	LOAD	20.390	7.323
2026-09-28T05:06:42.281Z	spark2	LOAD	23.446	4.122
2026-09-28T05:06:42.417Z	spark1	LOAD	20.359	7.323
2026-09-28T05:06:42.532Z	spark2	LOAD	23.446	4.122
2026-09-28T05:06:42.679Z	spark1	LOAD	20.320	7.323
2026-09-28T05:06:42.783Z	spark2	LOAD	23.446	4.122
2026-09-28T05:06:42.930Z	spark1	LOAD	20.180	7.323
2026-09-28T05:06:43.043Z	spark2	LOAD	23.446	4.122
2026-09-28T05:06:43.180Z	spark1	LOAD	20.144	7.323
2026-09-28T05:06:43.294Z	spark2	LOAD	23.446	4.122
2026-09-28T05:06:43.430Z	spark1	LOAD	20.111	7.323
2026-09-28T05:06:43.546Z	spark2	LOAD	23.446	4.122
2026-09-28T05:06:43.692Z	spark1	LOAD	20.063	7.322
2026-09-28T05:06:43.796Z	spark2	LOAD	23.446	4.122
2026-09-28T05:06:43.942Z	spark1	LOAD	20.005	7.322
2026-09-28T05:06:44.056Z	spark2	LOAD	23.446	4.122
2026-09-28T05:06:44.193Z	spark1	LOAD	19.976	7.322
2026-09-28T05:06:44.306Z	spark2	LOAD	23.446	4.122
2026-09-28T05:06:44.444Z	spark1	LOAD	19.954	7.322
2026-09-28T05:06:44.557Z	spark2	LOAD	23.446	4.122
2026-09-28T05:06:44.706Z	spark1	LOAD	19.917	7.322
2026-09-28T05:06:44.807Z	spark2	LOAD	23.446	4.122
2026-09-28T05:06:44.956Z	spark1	LOAD	19.890	7.322
2026-09-28T05:06:45.072Z	spark2	LOAD	23.446	4.122
2026-09-28T05:06:45.206Z	spark1	LOAD	19.854	7.322
2026-09-28T05:06:45.323Z	spark2	LOAD	23.446	4.122
2026-09-28T05:06:45.457Z	spark1	LOAD	19.811	7.322
2026-09-28T05:06:45.574Z	spark2	LOAD	23.446	4.122
2026-09-28T05:06:45.719Z	spark1	LOAD	19.781	7.322
2026-09-28T05:06:45.824Z	spark2	LOAD	23.446	4.122
2026-09-28T05:06:45.970Z	spark1	LOAD	19.714	7.322
2026-09-28T05:06:46.085Z	spark2	LOAD	23.446	4.122
2026-09-28T05:06:46.220Z	spark1	LOAD	19.682	7.322
2026-09-28T05:06:46.336Z	spark2	LOAD	23.446	4.122
2026-09-28T05:06:46.471Z	spark1	LOAD	19.474	7.322
2026-09-28T05:06:46.587Z	spark2	LOAD	23.446	4.122
2026-09-28T05:06:46.733Z	spark1	LOAD	19.171	7.322
2026-09-28T05:06:46.837Z	spark2	LOAD	23.446	4.122
2026-09-28T05:06:46.983Z	spark1	LOAD	19.724	7.322
2026-09-28T05:06:47.099Z	spark2	LOAD	23.442	4.122
2026-09-28T05:06:47.234Z	spark1	LOAD	19.699	7.322
2026-09-28T05:06:47.348Z	spark2	LOAD	23.442	4.122
2026-09-28T05:06:47.484Z	spark1	LOAD	19.663	7.322
2026-09-28T05:06:47.599Z	spark2	LOAD	23.442	4.122
2026-09-28T05:06:47.746Z	spark1	LOAD	19.629	7.322
2026-09-28T05:06:47.850Z	spark2	LOAD	23.442	4.122
2026-09-28T05:06:47.996Z	spark1	LOAD	19.563	7.322
2026-09-28T05:06:48.111Z	spark2	LOAD	23.441	4.122
2026-09-28T05:06:48.246Z	spark1	LOAD	19.533	7.322
2026-09-28T05:06:48.361Z	spark2	LOAD	23.441	4.122
2026-09-28T05:06:48.497Z	spark1	LOAD	19.485	7.322
2026-09-28T05:06:48.613Z	spark2	LOAD	23.441	4.122
2026-09-28T05:06:48.759Z	spark1	LOAD	19.475	7.321
2026-09-28T05:06:48.863Z	spark2	LOAD	23.441	4.122
2026-09-28T05:06:49.009Z	spark1	LOAD	19.451	7.321
2026-09-28T05:06:49.127Z	spark2	LOAD	23.412	4.122
2026-09-28T05:06:49.260Z	spark1	LOAD	19.415	7.321
2026-09-28T05:06:49.377Z	spark2	LOAD	23.389	4.122
2026-09-28T05:06:49.510Z	spark1	LOAD	19.358	7.321
2026-09-28T05:06:49.628Z	spark2	LOAD	23.404	4.121
2026-09-28T05:06:49.776Z	spark1	LOAD	20.093	7.321
2026-09-28T05:06:49.879Z	spark2	LOAD	23.404	4.121
2026-09-28T05:06:50.026Z	spark1	LOAD	21.463	7.321
2026-09-28T05:06:50.141Z	spark2	LOAD	23.406	4.121
2026-09-28T05:06:50.277Z	spark1	LOAD	22.548	7.321
2026-09-28T05:06:50.390Z	spark2	LOAD	23.406	4.121
2026-09-28T05:06:50.527Z	spark1	LOAD	22.528	7.321
2026-09-28T05:06:50.641Z	spark2	LOAD	23.406	4.121
2026-09-28T05:06:50.788Z	spark1	LOAD	22.498	7.321
2026-09-28T05:06:50.892Z	spark2	LOAD	23.410	4.121
2026-09-28T05:06:51.039Z	spark1	LOAD	22.458	7.321
2026-09-28T05:06:51.152Z	spark2	LOAD	23.410	4.121
2026-09-28T05:06:51.289Z	spark1	LOAD	22.432	7.321
2026-09-28T05:06:51.402Z	spark2	LOAD	23.410	4.121
2026-09-28T05:06:51.539Z	spark1	LOAD	22.403	7.321
2026-09-28T05:06:51.653Z	spark2	LOAD	23.410	4.121
2026-09-28T05:06:51.802Z	spark1	LOAD	22.371	7.321
2026-09-28T05:06:51.903Z	spark2	LOAD	23.410	4.121
2026-09-28T05:06:52.052Z	spark1	LOAD	22.322	7.321
2026-09-28T05:06:52.164Z	spark2	LOAD	23.414	4.121
2026-09-28T05:06:52.302Z	spark1	LOAD	22.295	7.321
2026-09-28T05:06:52.414Z	spark2	LOAD	23.414	4.121
2026-09-28T05:06:52.552Z	spark1	LOAD	22.269	7.321
2026-09-28T05:06:52.664Z	spark2	LOAD	23.414	4.121
2026-09-28T05:06:52.814Z	spark1	LOAD	22.227	7.321
2026-09-28T05:06:52.916Z	spark2	LOAD	23.417	4.121
2026-09-28T05:06:53.064Z	spark1	LOAD	22.194	7.321
2026-09-28T05:06:53.176Z	spark2	LOAD	23.417	4.121
2026-09-28T05:06:53.315Z	spark1	LOAD	22.163	7.321
2026-09-28T05:06:53.426Z	spark2	LOAD	23.417	4.121
2026-09-28T05:06:53.565Z	spark1	LOAD	22.131	7.321
2026-09-28T05:06:53.677Z	spark2	LOAD	23.417	4.121
2026-09-28T05:06:53.832Z	spark1	LOAD	22.098	7.321
2026-09-28T05:06:53.928Z	spark2	LOAD	23.420	4.121
2026-09-28T05:06:54.082Z	spark1	LOAD	22.045	7.321
2026-09-28T05:06:54.193Z	spark2	LOAD	23.420	4.121
2026-09-28T05:06:54.333Z	spark1	LOAD	22.014	7.321
2026-09-28T05:06:54.443Z	spark2	LOAD	23.420	4.121
2026-09-28T05:06:54.583Z	spark1	LOAD	21.993	7.321
2026-09-28T05:06:54.695Z	spark2	LOAD	23.420	4.121
2026-09-28T05:06:54.852Z	spark1	LOAD	21.962	7.321
2026-09-28T05:06:54.945Z	spark2	LOAD	23.422	4.121
2026-09-28T05:06:55.102Z	spark1	LOAD	21.933	7.321
2026-09-28T05:06:55.211Z	spark2	LOAD	23.422	4.121
2026-09-28T05:06:55.352Z	spark1	LOAD	21.905	7.321
2026-09-28T05:06:55.462Z	spark2	LOAD	23.422	4.121
2026-09-28T05:06:55.603Z	spark1	LOAD	21.866	7.321
2026-09-28T05:06:55.713Z	spark2	LOAD	23.422	4.121
2026-09-28T05:06:55.869Z	spark1	LOAD	21.823	7.321
2026-09-28T05:06:55.964Z	spark2	LOAD	23.424	4.121
2026-09-28T05:06:56.119Z	spark1	LOAD	21.787	7.321
2026-09-28T05:06:56.225Z	spark2	LOAD	23.424	4.121
2026-09-28T05:06:56.370Z	spark1	LOAD	21.739	7.321
2026-09-28T05:06:56.475Z	spark2	LOAD	23.424	4.121
2026-09-28T05:06:56.620Z	spark1	LOAD	21.715	7.321
2026-09-28T05:06:56.726Z	spark2	LOAD	23.424	4.121
2026-09-28T05:06:56.887Z	spark1	LOAD	21.686	7.321
2026-09-28T05:06:56.976Z	spark2	LOAD	23.424	4.121
2026-09-28T05:06:57.137Z	spark1	LOAD	21.657	7.321
2026-09-28T05:06:57.241Z	spark2	LOAD	23.426	4.121
2026-09-28T05:06:57.388Z	spark1	LOAD	21.293	7.321
2026-09-28T05:06:57.493Z	spark2	LOAD	23.426	4.121
2026-09-28T05:06:57.638Z	spark1	LOAD	21.099	7.321
2026-09-28T05:06:57.743Z	spark2	LOAD	23.426	4.121
2026-09-28T05:06:57.904Z	spark1	LOAD	21.055	7.321
2026-09-28T05:06:57.994Z	spark2	LOAD	23.427	4.121
2026-09-28T05:06:58.154Z	spark1	LOAD	21.578	7.322
2026-09-28T05:06:58.255Z	spark2	LOAD	23.427	4.121
2026-09-28T05:06:58.405Z	spark1	LOAD	21.515	7.322
2026-09-28T05:06:58.505Z	spark2	LOAD	23.427	4.121
2026-09-28T05:06:58.655Z	spark1	LOAD	21.474	7.322
2026-09-28T05:06:58.756Z	spark2	LOAD	23.427	4.121
2026-09-28T05:06:58.917Z	spark1	LOAD	21.471	7.322
2026-09-28T05:06:59.006Z	spark2	LOAD	23.430	4.121
2026-09-28T05:06:59.167Z	spark1	LOAD	21.433	7.322
2026-09-28T05:06:59.271Z	spark2	LOAD	23.430	4.121
2026-09-28T05:06:59.418Z	spark1	LOAD	21.396	7.322
2026-09-28T05:06:59.522Z	spark2	LOAD	23.430	4.121
2026-09-28T05:06:59.668Z	spark1	LOAD	20.997	7.322
2026-09-28T05:06:59.772Z	spark2	LOAD	23.430	4.121
2026-09-28T05:06:59.935Z	spark1	LOAD	21.322	7.322
2026-09-28T05:07:00.022Z	spark2	LOAD	23.432	4.121
2026-09-28T05:07:00.185Z	spark1	LOAD	21.289	7.322
2026-09-28T05:07:00.287Z	spark2	LOAD	23.422	4.120
2026-09-28T05:07:00.435Z	spark1	LOAD	21.226	7.322
2026-09-28T05:07:00.538Z	spark2	LOAD	23.430	4.120
2026-09-28T05:07:00.686Z	spark1	LOAD	21.193	7.322
2026-09-28T05:07:00.790Z	spark2	LOAD	23.430	4.120
2026-09-28T05:07:00.953Z	spark1	LOAD	21.156	7.322
2026-09-28T05:07:01.041Z	spark2	LOAD	23.430	4.120
2026-09-28T05:07:01.203Z	spark1	LOAD	21.140	7.322
2026-09-28T05:07:01.301Z	spark2	LOAD	23.430	4.120
2026-09-28T05:07:01.453Z	spark1	LOAD	21.104	7.322
2026-09-28T05:07:01.552Z	spark2	LOAD	23.430	4.120
2026-09-28T05:07:01.704Z	spark1	LOAD	21.064	7.322
2026-09-28T05:07:01.802Z	spark2	LOAD	23.431	4.120
2026-09-28T05:07:01.970Z	spark1	LOAD	21.031	7.322
2026-09-28T05:07:02.053Z	spark2	LOAD	23.431	4.120
2026-09-28T05:07:02.220Z	spark1	LOAD	21.007	7.322
2026-09-28T05:07:02.317Z	spark2	LOAD	23.431	4.120
2026-09-28T05:07:02.471Z	spark1	LOAD	20.947	7.322
2026-09-28T05:07:02.567Z	spark2	LOAD	23.431	4.120
2026-09-28T05:07:02.721Z	spark1	LOAD	20.916	7.322
2026-09-28T05:07:02.817Z	spark2	LOAD	23.431	4.120
2026-09-28T05:07:02.983Z	spark1	LOAD	20.871	7.322
2026-09-28T05:07:03.069Z	spark2	LOAD	23.431	4.120
2026-09-28T05:07:03.233Z	spark1	LOAD	20.838	7.322
2026-09-28T05:07:03.333Z	spark2	LOAD	23.431	4.120
2026-09-28T05:07:03.483Z	spark1	LOAD	20.827	7.322
2026-09-28T05:07:03.584Z	spark2	LOAD	23.431	4.120
2026-09-28T05:07:03.734Z	spark1	LOAD	20.795	7.322
2026-09-28T05:07:03.835Z	spark2	LOAD	23.431	4.120
2026-09-28T05:07:04.000Z	spark1	LOAD	20.747	7.322
2026-09-28T05:07:04.086Z	spark2	LOAD	23.431	4.120
2026-09-28T05:07:04.250Z	spark1	LOAD	20.707	7.322
2026-09-28T05:07:04.350Z	spark2	LOAD	23.431	4.120
2026-09-28T05:07:04.501Z	spark1	LOAD	20.091	7.322
2026-09-28T05:07:04.602Z	spark2	LOAD	23.431	4.120
2026-09-28T05:07:04.751Z	spark1	LOAD	20.055	7.322
2026-09-28T05:07:04.852Z	spark2	LOAD	23.431	4.120
2026-09-28T05:07:05.019Z	spark1	LOAD	20.611	7.322
2026-09-28T05:07:05.102Z	spark2	LOAD	23.431	4.120
2026-09-28T05:07:05.269Z	spark1	LOAD	20.327	7.322
2026-09-28T05:07:05.367Z	spark2	LOAD	23.431	4.120
2026-09-28T05:07:05.520Z	spark1	LOAD	20.537	7.322
2026-09-28T05:07:05.618Z	spark2	LOAD	23.431	4.120
2026-09-28T05:07:05.770Z	spark1	LOAD	20.273	7.322
2026-09-28T05:07:05.868Z	spark2	LOAD	23.431	4.120
2026-09-28T05:07:06.038Z	spark1	LOAD	19.925	7.322
2026-09-28T05:07:06.118Z	spark2	LOAD	23.431	4.120
2026-09-28T05:07:06.288Z	spark1	LOAD	20.380	7.323
2026-09-28T05:07:06.383Z	spark2	LOAD	23.431	4.120
2026-09-28T05:07:06.539Z	spark1	LOAD	20.402	7.323
2026-09-28T05:07:06.633Z	spark2	LOAD	23.431	4.120
2026-09-28T05:07:06.789Z	spark1	LOAD	20.373	7.323
2026-09-28T05:07:06.884Z	spark2	LOAD	23.431	4.120
2026-09-28T05:07:07.052Z	spark1	LOAD	20.094	7.323
2026-09-28T05:07:07.134Z	spark2	LOAD	23.431	4.120
2026-09-28T05:07:07.302Z	spark1	LOAD	19.937	7.323
2026-09-28T05:07:07.398Z	spark2	LOAD	23.431	4.120
2026-09-28T05:07:07.552Z	spark1	LOAD	19.920	7.323
2026-09-28T05:07:07.649Z	spark2	LOAD	23.431	4.120
2026-09-28T05:07:07.802Z	spark1	LOAD	19.952	7.323
2026-09-28T05:07:07.900Z	spark2	LOAD	23.433	4.120
2026-09-28T05:07:08.070Z	spark1	LOAD	19.904	7.322
2026-09-28T05:07:08.150Z	spark2	LOAD	23.433	4.120
2026-09-28T05:07:08.320Z	spark1	LOAD	19.878	7.322
2026-09-28T05:07:08.415Z	spark2	LOAD	23.433	4.120
2026-09-28T05:07:08.570Z	spark1	LOAD	19.812	7.322
2026-09-28T05:07:08.666Z	spark2	LOAD	23.433	4.120
2026-09-28T05:07:08.821Z	spark1	LOAD	19.783	7.322
2026-09-28T05:07:08.917Z	spark2	LOAD	23.434	4.120
2026-09-28T05:07:09.089Z	spark1	LOAD	19.750	7.322
2026-09-28T05:07:09.167Z	spark2	LOAD	23.434	4.120
2026-09-28T05:07:09.340Z	spark1	LOAD	19.719	7.322
2026-09-28T05:07:09.432Z	spark2	LOAD	23.434	4.120
2026-09-28T05:07:09.590Z	spark1	LOAD	19.690	7.322
2026-09-28T05:07:09.683Z	spark2	LOAD	23.434	4.120
2026-09-28T05:07:09.841Z	spark1	LOAD	19.481	7.322
2026-09-28T05:07:09.933Z	spark2	LOAD	23.435	4.120
2026-09-28T05:07:10.108Z	spark1	LOAD	19.445	7.322
2026-09-28T05:07:10.184Z	spark2	LOAD	23.435	4.120
2026-09-28T05:07:10.358Z	spark1	LOAD	19.414	7.322
2026-09-28T05:07:10.449Z	spark2	LOAD	23.435	4.120
2026-09-28T05:07:10.608Z	spark1	LOAD	19.301	7.322
2026-09-28T05:07:10.699Z	spark2	LOAD	23.435	4.120
2026-09-28T05:07:10.859Z	spark1	LOAD	19.363	7.322
2026-09-28T05:07:10.949Z	spark2	LOAD	23.433	4.120
2026-09-28T05:07:11.121Z	spark1	LOAD	19.872	7.322
2026-09-28T05:07:11.199Z	spark2	LOAD	23.420	4.119
2026-09-28T05:07:11.371Z	spark1	LOAD	19.818	7.322
2026-09-28T05:07:11.460Z	spark2	LOAD	23.443	4.119
2026-09-28T05:07:11.622Z	spark1	LOAD	19.711	7.322
2026-09-28T05:07:11.711Z	spark2	LOAD	23.443	4.119
2026-09-28T05:07:11.873Z	spark1	LOAD	19.222	7.322
2026-09-28T05:07:11.962Z	spark2	LOAD	23.444	4.119
2026-09-28T05:07:12.141Z	spark1	LOAD	19.746	7.322
2026-09-28T05:07:12.213Z	spark2	LOAD	23.444	4.119
2026-09-28T05:07:12.391Z	spark1	LOAD	19.711	7.322
2026-09-28T05:07:12.478Z	spark2	LOAD	23.445	4.119
2026-09-28T05:07:12.641Z	spark1	LOAD	19.655	7.323
2026-09-28T05:07:12.729Z	spark2	LOAD	23.445	4.119
2026-09-28T05:07:12.892Z	spark1	LOAD	19.644	7.323
2026-09-28T05:07:12.979Z	spark2	LOAD	23.446	4.119
2026-09-28T05:07:13.159Z	spark1	LOAD	19.610	7.323
2026-09-28T05:07:13.231Z	spark2	LOAD	23.446	4.119
2026-09-28T05:07:13.409Z	spark1	LOAD	19.550	7.323
2026-09-28T05:07:13.495Z	spark2	LOAD	23.446	4.119
2026-09-28T05:07:13.660Z	spark1	LOAD	19.513	7.323
2026-09-28T05:07:13.746Z	spark2	LOAD	23.446	4.119
2026-09-28T05:07:13.910Z	spark1	LOAD	19.743	7.323
2026-09-28T05:07:13.996Z	spark2	LOAD	23.447	4.119
2026-09-28T05:07:14.178Z	spark1	LOAD	21.217	7.323
2026-09-28T05:07:14.247Z	spark2	LOAD	23.447	4.119
2026-09-28T05:07:14.428Z	spark1	LOAD	22.619	7.323
2026-09-28T05:07:14.511Z	spark2	LOAD	23.447	4.119
2026-09-28T05:07:14.678Z	spark1	LOAD	22.552	7.323
2026-09-28T05:07:14.762Z	spark2	LOAD	23.447	4.119
2026-09-28T05:07:14.929Z	spark1	LOAD	22.515	7.323
2026-09-28T05:07:15.012Z	spark2	LOAD	23.449	4.119
2026-09-28T05:07:15.196Z	spark1	LOAD	22.465	7.323
2026-09-28T05:07:15.263Z	spark2	LOAD	23.449	4.119
2026-09-28T05:07:15.446Z	spark1	LOAD	22.428	7.323
2026-09-28T05:07:15.527Z	spark2	LOAD	23.448	4.119
2026-09-28T05:07:15.696Z	spark1	LOAD	22.401	7.323
2026-09-28T05:07:15.778Z	spark2	LOAD	23.448	4.119
2026-09-28T05:07:15.946Z	spark1	LOAD	22.358	7.323
2026-09-28T05:07:16.029Z	spark2	LOAD	23.449	4.119
2026-09-28T05:07:16.214Z	spark1	LOAD	22.327	7.323
2026-09-28T05:07:16.280Z	spark2	LOAD	23.449	4.119
2026-09-28T05:07:16.464Z	spark1	LOAD	22.295	7.323
2026-09-28T05:07:16.544Z	spark2	LOAD	23.449	4.119
2026-09-28T05:07:16.715Z	spark1	LOAD	22.251	7.323
2026-09-28T05:07:16.795Z	spark2	LOAD	23.449	4.119
2026-09-28T05:07:16.965Z	spark1	LOAD	22.218	7.323
2026-09-28T05:07:17.045Z	spark2	LOAD	23.449	4.119
2026-09-28T05:07:17.232Z	spark1	LOAD	22.185	7.323
2026-09-28T05:07:17.296Z	spark2	LOAD	23.449	4.119
2026-09-28T05:07:17.482Z	spark1	LOAD	22.159	7.323
2026-09-28T05:07:17.561Z	spark2	LOAD	23.449	4.119
2026-09-28T05:07:17.732Z	spark1	LOAD	22.109	7.323
2026-09-28T05:07:17.811Z	spark2	LOAD	23.449	4.119
2026-09-28T05:07:17.983Z	spark1	LOAD	22.083	7.323
2026-09-28T05:07:18.062Z	spark2	LOAD	23.449	4.119
2026-09-28T05:07:18.249Z	spark1	LOAD	22.049	7.323
2026-09-28T05:07:18.313Z	spark2	LOAD	23.449	4.119
2026-09-28T05:07:18.499Z	spark1	LOAD	21.995	7.323
2026-09-28T05:07:18.578Z	spark2	LOAD	23.449	4.119
2026-09-28T05:07:18.749Z	spark1	LOAD	21.966	7.323
2026-09-28T05:07:18.828Z	spark2	LOAD	23.449	4.119
2026-09-28T05:07:19.000Z	spark1	LOAD	21.918	7.323
2026-09-28T05:07:19.079Z	spark2	LOAD	23.449	4.119
2026-09-28T05:07:19.268Z	spark1	LOAD	21.886	7.323
2026-09-28T05:07:19.330Z	spark2	LOAD	23.449	4.119
2026-09-28T05:07:19.519Z	spark1	LOAD	21.856	7.323
2026-09-28T05:07:19.594Z	spark2	LOAD	23.449	4.119
2026-09-28T05:07:19.769Z	spark1	LOAD	21.828	7.323
2026-09-28T05:07:19.844Z	spark2	LOAD	23.449	4.119
2026-09-28T05:07:20.020Z	spark1	LOAD	21.798	7.323
2026-09-28T05:07:20.095Z	spark2	LOAD	23.449	4.119
2026-09-28T05:07:20.286Z	spark1	LOAD	21.766	7.323
2026-09-28T05:07:20.345Z	spark2	LOAD	23.449	4.119
2026-09-28T05:07:20.536Z	spark1	LOAD	21.736	7.323
2026-09-28T05:07:20.610Z	spark2	LOAD	23.449	4.119
2026-09-28T05:07:20.787Z	spark1	LOAD	21.701	7.323
2026-09-28T05:07:20.860Z	spark2	LOAD	23.449	4.119
2026-09-28T05:07:21.037Z	spark1	LOAD	21.632	7.323
2026-09-28T05:07:21.112Z	spark2	LOAD	23.449	4.119
2026-09-28T05:07:21.300Z	spark1	LOAD	21.606	7.323
2026-09-28T05:07:21.362Z	spark2	LOAD	23.449	4.119
2026-09-28T05:07:21.550Z	spark1	LOAD	21.536	7.323
2026-09-28T05:07:21.626Z	spark2	LOAD	23.449	4.119
2026-09-28T05:07:21.801Z	spark1	LOAD	21.502	7.323
2026-09-28T05:07:21.876Z	spark2	LOAD	23.444	4.118
2026-09-28T05:07:22.051Z	spark1	LOAD	21.473	7.323
2026-09-28T05:07:22.126Z	spark2	LOAD	23.423	4.118
2026-09-28T05:07:22.319Z	spark1	LOAD	21.422	7.323
2026-09-28T05:07:22.378Z	spark2	LOAD	23.431	4.118
2026-09-28T05:07:22.569Z	spark1	LOAD	21.389	7.322
2026-09-28T05:07:22.642Z	spark2	LOAD	23.431	4.118
2026-09-28T05:07:22.819Z	spark1	LOAD	21.365	7.322
2026-09-28T05:07:22.894Z	spark2	LOAD	23.431	4.118
2026-09-28T05:07:23.070Z	spark1	LOAD	21.302	7.322
2026-09-28T05:07:23.143Z	spark2	LOAD	23.431	4.118
2026-09-28T05:07:23.332Z	spark1	LOAD	21.272	7.322
2026-09-28T05:07:23.394Z	spark2	LOAD	23.431	4.118
2026-09-28T05:07:23.582Z	spark1	LOAD	21.244	7.322
2026-09-28T05:07:23.658Z	spark2	LOAD	23.431	4.118
2026-09-28T05:07:23.832Z	spark1	LOAD	21.220	7.322
2026-09-28T05:07:23.909Z	spark2	LOAD	23.431	4.118
2026-09-28T05:07:24.082Z	spark1	LOAD	21.193	7.322
2026-09-28T05:07:24.160Z	spark2	LOAD	23.431	4.118
2026-09-28T05:07:24.342Z	spark1	LOAD	21.163	7.322
2026-09-28T05:07:24.410Z	spark2	LOAD	23.431	4.118
2026-09-28T05:07:24.593Z	spark1	LOAD	21.135	7.322
2026-09-28T05:07:24.674Z	spark2	LOAD	23.431	4.118
2026-09-28T05:07:24.843Z	spark1	LOAD	21.097	7.322
2026-09-28T05:07:24.924Z	spark2	LOAD	23.431	4.118
2026-09-28T05:07:25.093Z	spark1	LOAD	21.024	7.322
2026-09-28T05:07:25.174Z	spark2	LOAD	23.432	4.118
2026-09-28T05:07:25.355Z	spark1	LOAD	20.998	7.322
2026-09-28T05:07:25.426Z	spark2	LOAD	23.432	4.118
2026-09-28T05:07:25.606Z	spark1	LOAD	20.972	7.322
2026-09-28T05:07:25.691Z	spark2	LOAD	23.432	4.118
2026-09-28T05:07:25.856Z	spark1	LOAD	20.945	7.322
2026-09-28T05:07:25.942Z	spark2	LOAD	23.432	4.118
2026-09-28T05:07:26.106Z	spark1	LOAD	20.467	7.322
2026-09-28T05:07:26.192Z	spark2	LOAD	23.432	4.118
2026-09-28T05:07:26.373Z	spark1	LOAD	20.434	7.322
2026-09-28T05:07:26.443Z	spark2	LOAD	23.432	4.118
2026-09-28T05:07:26.623Z	spark1	LOAD	20.410	7.322
2026-09-28T05:07:26.708Z	spark2	LOAD	23.432	4.118
2026-09-28T05:07:26.873Z	spark1	LOAD	20.383	7.322
2026-09-28T05:07:26.959Z	spark2	LOAD	23.433	4.118
2026-09-28T05:07:27.124Z	spark1	LOAD	20.323	7.322
2026-09-28T05:07:27.210Z	spark2	LOAD	23.433	4.118
2026-09-28T05:07:27.390Z	spark1	LOAD	20.966	7.322
2026-09-28T05:07:27.460Z	spark2	LOAD	23.433	4.118
2026-09-28T05:07:27.641Z	spark1	LOAD	20.927	7.323
2026-09-28T05:07:27.725Z	spark2	LOAD	23.434	4.118
2026-09-28T05:07:27.891Z	spark1	LOAD	20.901	7.323
2026-09-28T05:07:27.975Z	spark2	LOAD	23.434	4.118
2026-09-28T05:07:28.141Z	spark1	LOAD	20.812	7.323
2026-09-28T05:07:28.226Z	spark2	LOAD	23.434	4.118
2026-09-28T05:07:28.408Z	spark1	LOAD	20.591	7.323
2026-09-28T05:07:28.477Z	spark2	LOAD	23.434	4.118
2026-09-28T05:07:28.658Z	spark1	LOAD	20.769	7.323
2026-09-28T05:07:28.741Z	spark2	LOAD	23.434	4.118
2026-09-28T05:07:28.908Z	spark1	LOAD	20.469	7.323
2026-09-28T05:07:28.992Z	spark2	LOAD	23.436	4.118
2026-09-28T05:07:29.158Z	spark1	LOAD	20.694	7.323
2026-09-28T05:07:29.243Z	spark2	LOAD	23.436	4.118
2026-09-28T05:07:29.420Z	spark1	LOAD	20.674	7.323
2026-09-28T05:07:29.494Z	spark2	LOAD	23.436	4.118
2026-09-28T05:07:29.671Z	spark1	LOAD	20.661	7.323
2026-09-28T05:07:29.754Z	spark2	LOAD	23.435	4.118
2026-09-28T05:07:29.921Z	spark1	LOAD	20.637	7.328
2026-09-28T05:07:30.005Z	spark2	LOAD	23.436	4.118
2026-09-28T05:07:30.171Z	spark1	LOAD	20.606	7.328
2026-09-28T05:07:30.256Z	spark2	LOAD	23.436	4.118
2026-09-28T05:07:30.441Z	spark1	LOAD	20.572	7.328
2026-09-28T05:07:30.507Z	spark2	LOAD	23.436	4.118
2026-09-28T05:07:30.691Z	spark1	LOAD	20.539	7.328
2026-09-28T05:07:30.769Z	spark2	LOAD	23.436	4.118
2026-09-28T05:07:30.941Z	spark1	LOAD	20.508	7.328
2026-09-28T05:07:31.020Z	spark2	LOAD	23.436	4.118
2026-09-28T05:07:31.192Z	spark1	LOAD	20.434	7.328
2026-09-28T05:07:31.270Z	spark2	LOAD	23.436	4.118
2026-09-28T05:07:31.458Z	spark1	LOAD	20.436	7.328
2026-09-28T05:07:31.522Z	spark2	LOAD	23.436	4.118
2026-09-28T05:07:31.708Z	spark1	LOAD	20.397	7.328
2026-09-28T05:07:31.783Z	spark2	LOAD	23.436	4.118
2026-09-28T05:07:31.958Z	spark1	LOAD	20.359	7.328
2026-09-28T05:07:32.034Z	spark2	LOAD	23.435	4.118
2026-09-28T05:07:32.209Z	spark1	LOAD	20.271	7.328
2026-09-28T05:07:32.284Z	spark2	LOAD	23.435	4.118
2026-09-28T05:07:32.476Z	spark1	LOAD	19.870	7.328
2026-09-28T05:07:32.535Z	spark2	LOAD	23.435	4.118
2026-09-28T05:07:32.727Z	spark1	LOAD	19.653	7.328
2026-09-28T05:07:32.799Z	spark2	LOAD	23.434	4.117
2026-09-28T05:07:32.977Z	spark1	LOAD	19.621	7.328
2026-09-28T05:07:33.049Z	spark2	LOAD	23.418	4.117
2026-09-28T05:07:33.227Z	spark1	LOAD	20.101	7.328
2026-09-28T05:07:33.300Z	spark2	LOAD	23.425	4.117
2026-09-28T05:07:33.495Z	spark1	LOAD	20.135	7.328
2026-09-28T05:07:33.550Z	spark2	LOAD	23.425	4.117
2026-09-28T05:07:33.746Z	spark1	LOAD	20.106	7.328
2026-09-28T05:07:33.815Z	spark2	LOAD	23.425	4.117
2026-09-28T05:07:33.997Z	spark1	LOAD	20.075	7.328
2026-09-28T05:07:34.066Z	spark2	LOAD	23.425	4.117
2026-09-28T05:07:34.247Z	spark1	LOAD	20.029	7.328
2026-09-28T05:07:34.316Z	spark2	LOAD	23.425	4.117
2026-09-28T05:07:34.509Z	spark1	LOAD	19.998	7.328
2026-09-28T05:07:34.568Z	spark2	LOAD	23.425	4.117
2026-09-28T05:07:34.760Z	spark1	LOAD	19.994	7.328
2026-09-28T05:07:34.831Z	spark2	LOAD	23.425	4.117
2026-09-28T05:07:35.010Z	spark1	LOAD	19.959	7.328
2026-09-28T05:07:35.082Z	spark2	LOAD	23.425	4.117
2026-09-28T05:07:35.260Z	spark1	LOAD	19.887	7.328
2026-09-28T05:07:35.332Z	spark2	LOAD	23.425	4.117
2026-09-28T05:07:35.521Z	spark1	LOAD	19.773	7.328
2026-09-28T05:07:35.583Z	spark2	LOAD	23.425	4.117
2026-09-28T05:07:35.772Z	spark1	LOAD	19.608	7.327
2026-09-28T05:07:35.848Z	spark2	LOAD	23.425	4.117
2026-09-28T05:07:36.022Z	spark1	LOAD	19.567	7.327
2026-09-28T05:07:36.099Z	spark2	LOAD	23.427	4.117
2026-09-28T05:07:36.272Z	spark1	LOAD	19.521	7.327
2026-09-28T05:07:36.350Z	spark2	LOAD	23.427	4.117
2026-09-28T05:07:36.540Z	spark1	LOAD	19.480	7.327
2026-09-28T05:07:36.600Z	spark2	LOAD	23.427	4.117
2026-09-28T05:07:36.790Z	spark1	LOAD	19.441	7.327
2026-09-28T05:07:36.865Z	spark2	LOAD	23.427	4.117
2026-09-28T05:07:37.041Z	spark1	LOAD	19.394	7.327
2026-09-28T05:07:37.116Z	spark2	LOAD	23.428	4.117
2026-09-28T05:07:37.291Z	spark1	LOAD	19.337	7.327
2026-09-28T05:07:37.366Z	spark2	LOAD	23.428	4.117
2026-09-28T05:07:37.559Z	spark1	LOAD	18.960	7.327
2026-09-28T05:07:37.616Z	spark2	LOAD	23.428	4.117
2026-09-28T05:07:37.809Z	spark1	LOAD	18.903	7.327
2026-09-28T05:07:37.881Z	spark2	LOAD	23.428	4.117
2026-09-28T05:07:38.059Z	spark1	LOAD	20.272	7.327
2026-09-28T05:07:38.132Z	spark2	LOAD	23.428	4.117
2026-09-28T05:07:38.310Z	spark1	LOAD	21.727	7.327
2026-09-28T05:07:38.383Z	spark2	LOAD	23.428	4.117
2026-09-28T05:07:38.576Z	spark1	LOAD	22.569	7.327
2026-09-28T05:07:38.633Z	spark2	LOAD	23.428	4.117
2026-09-28T05:07:38.827Z	spark1	LOAD	22.577	7.327
2026-09-28T05:07:38.899Z	spark2	LOAD	23.428	4.117
2026-09-28T05:07:39.077Z	spark1	LOAD	22.519	7.327
2026-09-28T05:07:39.150Z	spark2	LOAD	23.428	4.117
2026-09-28T05:07:39.327Z	spark1	LOAD	22.430	7.327
2026-09-28T05:07:39.400Z	spark2	LOAD	23.428	4.117
2026-09-28T05:07:39.588Z	spark1	LOAD	22.380	7.327
2026-09-28T05:07:39.651Z	spark2	LOAD	23.428	4.117
2026-09-28T05:07:39.839Z	spark1	LOAD	22.333	7.327
2026-09-28T05:07:39.911Z	spark2	LOAD	23.428	4.117
2026-09-28T05:07:40.089Z	spark1	LOAD	22.285	7.327
2026-09-28T05:07:40.162Z	spark2	LOAD	23.428	4.117
2026-09-28T05:07:40.340Z	spark1	LOAD	22.244	7.327
2026-09-28T05:07:40.413Z	spark2	LOAD	23.428	4.117
2026-09-28T05:07:40.602Z	spark1	LOAD	22.192	7.327
2026-09-28T05:07:40.663Z	spark2	LOAD	23.428	4.117
2026-09-28T05:07:40.852Z	spark1	LOAD	22.146	7.327
2026-09-28T05:07:40.928Z	spark2	LOAD	23.427	4.117
2026-09-28T05:07:41.102Z	spark1	LOAD	21.957	7.327
2026-09-28T05:07:41.177Z	spark2	LOAD	23.427	4.117
2026-09-28T05:07:41.353Z	spark1	LOAD	21.641	7.327
2026-09-28T05:07:41.429Z	spark2	LOAD	23.427	4.117
2026-09-28T05:07:41.614Z	spark1	LOAD	22.061	7.327
2026-09-28T05:07:41.679Z	spark2	LOAD	23.427	4.117
2026-09-28T05:07:41.865Z	spark1	LOAD	22.011	7.328
2026-09-28T05:07:41.944Z	spark2	LOAD	23.427	4.117
2026-09-28T05:07:42.115Z	spark1	LOAD	21.966	7.328
2026-09-28T05:07:42.194Z	spark2	LOAD	23.427	4.117
2026-09-28T05:07:42.365Z	spark1	LOAD	21.469	7.328
2026-09-28T05:07:42.445Z	spark2	LOAD	23.427	4.117
2026-09-28T05:07:42.632Z	spark1	LOAD	21.329	7.328
2026-09-28T05:07:42.696Z	spark2	LOAD	23.431	4.117
2026-09-28T05:07:42.883Z	spark1	LOAD	21.293	7.328
2026-09-28T05:07:42.960Z	spark2	LOAD	23.431	4.117
2026-09-28T05:07:43.133Z	spark1	LOAD	21.787	7.328
2026-09-28T05:07:43.211Z	spark2	LOAD	23.431	4.117
2026-09-28T05:07:43.383Z	spark1	LOAD	21.471	7.328
2026-09-28T05:07:43.462Z	spark2	LOAD	23.431	4.117
2026-09-28T05:07:43.650Z	spark1	LOAD	21.636	7.328
2026-09-28T05:07:43.711Z	spark2	LOAD	23.429	4.116
2026-09-28T05:07:43.900Z	spark1	LOAD	21.595	7.328
2026-09-28T05:07:43.972Z	spark2	LOAD	23.415	4.116
2026-09-28T05:07:44.150Z	spark1	LOAD	21.531	7.327
2026-09-28T05:07:44.223Z	spark2	LOAD	23.423	4.116
2026-09-28T05:07:44.400Z	spark1	LOAD	21.497	7.327
2026-09-28T05:07:44.474Z	spark2	LOAD	23.423	4.116
2026-09-28T05:07:44.667Z	spark1	LOAD	21.455	7.327
2026-09-28T05:07:44.725Z	spark2	LOAD	23.423	4.116
2026-09-28T05:07:44.917Z	spark1	LOAD	21.049	7.327
2026-09-28T05:07:44.990Z	spark2	LOAD	23.423	4.116
2026-09-28T05:07:45.167Z	spark1	LOAD	21.460	7.327
2026-09-28T05:07:45.241Z	spark2	LOAD	23.423	4.116
2026-09-28T05:07:45.418Z	spark1	LOAD	21.415	7.327
2026-09-28T05:07:45.491Z	spark2	LOAD	23.423	4.116
2026-09-28T05:07:45.680Z	spark1	LOAD	21.330	7.327
2026-09-28T05:07:45.741Z	spark2	LOAD	23.423	4.116
2026-09-28T05:07:45.930Z	spark1	LOAD	21.292	7.327
2026-09-28T05:07:46.006Z	spark2	LOAD	23.423	4.116
2026-09-28T05:07:46.180Z	spark1	LOAD	21.244	7.327
2026-09-28T05:07:46.256Z	spark2	LOAD	23.423	4.116
2026-09-28T05:07:46.430Z	spark1	LOAD	21.201	7.327
2026-09-28T05:07:46.507Z	spark2	LOAD	23.423	4.116
2026-09-28T05:07:46.692Z	spark1	LOAD	21.153	7.327
2026-09-28T05:07:46.758Z	spark2	LOAD	23.423	4.116
2026-09-28T05:07:46.943Z	spark1	LOAD	21.115	7.327
2026-09-28T05:07:47.018Z	spark2	LOAD	23.423	4.116
2026-09-28T05:07:47.193Z	spark1	LOAD	21.089	7.327
2026-09-28T05:07:47.269Z	spark2	LOAD	23.423	4.116
2026-09-28T05:07:47.443Z	spark1	LOAD	21.050	7.327
2026-09-28T05:07:47.520Z	spark2	LOAD	23.423	4.116
2026-09-28T05:07:47.705Z	spark1	LOAD	20.978	7.327
2026-09-28T05:07:47.770Z	spark2	LOAD	23.423	4.116
2026-09-28T05:07:47.955Z	spark1	LOAD	20.953	7.327
2026-09-28T05:07:48.035Z	spark2	LOAD	23.424	4.116
2026-09-28T05:07:48.206Z	spark1	LOAD	20.910	7.327
2026-09-28T05:07:48.285Z	spark2	LOAD	23.424	4.116
2026-09-28T05:07:48.456Z	spark1	LOAD	20.877	7.327
2026-09-28T05:07:48.536Z	spark2	LOAD	23.424	4.116
2026-09-28T05:07:48.723Z	spark1	LOAD	20.841	7.327
2026-09-28T05:07:48.787Z	spark2	LOAD	23.424	4.116
2026-09-28T05:07:48.973Z	spark1	LOAD	20.808	7.327
2026-09-28T05:07:49.052Z	spark2	LOAD	23.425	4.116
2026-09-28T05:07:49.223Z	spark1	LOAD	20.773	7.327
2026-09-28T05:07:49.303Z	spark2	LOAD	23.425	4.116
2026-09-28T05:07:49.474Z	spark1	LOAD	20.405	7.327
2026-09-28T05:07:49.553Z	spark2	LOAD	23.425	4.116
2026-09-28T05:07:49.736Z	spark1	LOAD	20.128	7.327
2026-09-28T05:07:49.804Z	spark2	LOAD	23.425	4.116
2026-09-28T05:07:49.986Z	spark1	LOAD	20.090	7.327
2026-09-28T05:07:50.069Z	spark2	LOAD	23.425	4.116
2026-09-28T05:07:50.236Z	spark1	LOAD	20.674	7.327
2026-09-28T05:07:50.319Z	spark2	LOAD	23.425	4.116
2026-09-28T05:07:50.487Z	spark1	LOAD	20.627	7.327
2026-09-28T05:07:50.570Z	spark2	LOAD	23.425	4.116
2026-09-28T05:07:50.755Z	spark1	LOAD	20.528	7.327
2026-09-28T05:07:50.821Z	spark2	LOAD	23.425	4.116
2026-09-28T05:07:51.005Z	spark1	LOAD	20.551	7.327
2026-09-28T05:07:51.085Z	spark2	LOAD	23.425	4.116
2026-09-28T05:07:51.255Z	spark1	LOAD	20.515	7.327
2026-09-28T05:07:51.336Z	spark2	LOAD	23.425	4.116
2026-09-28T05:07:51.506Z	spark1	LOAD	20.480	7.327
2026-09-28T05:07:51.587Z	spark2	LOAD	23.425	4.116
2026-09-28T05:07:51.771Z	spark1	LOAD	20.292	7.327
2026-09-28T05:07:51.837Z	spark2	LOAD	23.425	4.116
2026-09-28T05:07:52.022Z	spark1	LOAD	19.820	7.327
2026-09-28T05:07:52.102Z	spark2	LOAD	23.425	4.116
2026-09-28T05:07:52.272Z	spark1	LOAD	19.786	7.327
2026-09-28T05:07:52.352Z	spark2	LOAD	23.425	4.116
2026-09-28T05:07:52.522Z	spark1	LOAD	19.748	7.327
2026-09-28T05:07:52.603Z	spark2	LOAD	23.425	4.116
2026-09-28T05:07:52.788Z	spark1	LOAD	19.704	7.327
2026-09-28T05:07:52.854Z	spark2	LOAD	23.425	4.116
2026-09-28T05:07:53.039Z	spark1	LOAD	19.662	7.327
2026-09-28T05:07:53.118Z	spark2	LOAD	23.425	4.116
2026-09-28T05:07:53.289Z	spark1	LOAD	20.192	7.328
2026-09-28T05:07:53.369Z	spark2	LOAD	23.425	4.116
2026-09-28T05:07:53.539Z	spark1	LOAD	20.153	7.328
2026-09-28T05:07:53.620Z	spark2	LOAD	23.425	4.116
2026-09-28T05:07:53.800Z	spark1	LOAD	20.078	7.328
2026-09-28T05:07:53.870Z	spark2	LOAD	23.425	4.116
2026-09-28T05:07:54.050Z	spark1	LOAD	20.042	7.328
2026-09-28T05:07:54.135Z	spark2	LOAD	23.425	4.116
2026-09-28T05:07:54.300Z	spark1	LOAD	19.974	7.328
2026-09-28T05:07:54.386Z	spark2	LOAD	23.425	4.116
2026-09-28T05:07:54.551Z	spark1	LOAD	19.928	7.330
2026-09-28T05:07:54.636Z	spark2	LOAD	23.409	4.116
2026-09-28T05:07:54.816Z	spark1	LOAD	19.964	7.330
2026-09-28T05:07:54.886Z	spark2	LOAD	23.424	4.116
2026-09-28T05:07:55.066Z	spark1	LOAD	19.923	7.330
2026-09-28T05:07:55.151Z	spark2	LOAD	23.425	4.115
2026-09-28T05:07:55.316Z	spark1	LOAD	19.882	7.331
2026-09-28T05:07:55.402Z	spark2	LOAD	23.425	4.115
2026-09-28T05:07:55.567Z	spark1	LOAD	19.854	7.331
2026-09-28T05:07:55.653Z	spark2	LOAD	23.425	4.115
2026-09-28T05:07:55.830Z	spark1	LOAD	19.785	7.331
2026-09-28T05:07:55.904Z	spark2	LOAD	23.425	4.115
2026-09-28T05:07:56.080Z	spark1	LOAD	19.738	7.331
2026-09-28T05:07:56.169Z	spark2	LOAD	23.425	4.115
2026-09-28T05:07:56.330Z	spark1	LOAD	19.658	7.331
2026-09-28T05:07:56.419Z	spark2	LOAD	23.425	4.115
2026-09-28T05:07:56.581Z	spark1	LOAD	19.616	7.331
2026-09-28T05:07:56.670Z	spark2	LOAD	23.425	4.115
2026-09-28T05:07:56.842Z	spark1	LOAD	19.571	7.331
2026-09-28T05:07:56.920Z	spark2	LOAD	23.425	4.115
2026-09-28T05:07:57.093Z	spark1	LOAD	19.537	7.331
2026-09-28T05:07:57.184Z	spark2	LOAD	23.425	4.115
2026-09-28T05:07:57.343Z	spark1	LOAD	19.228	7.331
2026-09-28T05:07:57.435Z	spark2	LOAD	23.425	4.115
2026-09-28T05:07:57.593Z	spark1	LOAD	19.468	7.331
2026-09-28T05:07:57.686Z	spark2	LOAD	23.425	4.115
2026-09-28T05:07:57.861Z	spark1	LOAD	19.404	7.332
2026-09-28T05:07:57.937Z	spark2	LOAD	23.425	4.115
2026-09-28T05:07:58.111Z	spark1	LOAD	19.369	7.332
2026-09-28T05:07:58.201Z	spark2	LOAD	23.425	4.115
2026-09-28T05:07:58.362Z	spark1	LOAD	19.341	7.332
2026-09-28T05:07:58.451Z	spark2	LOAD	23.425	4.115
2026-09-28T05:07:58.612Z	spark1	LOAD	19.306	7.332
2026-09-28T05:07:58.702Z	spark2	LOAD	23.425	4.115
2026-09-28T05:07:58.881Z	spark1	LOAD	19.263	7.332
2026-09-28T05:07:58.952Z	spark2	LOAD	23.425	4.115
2026-09-28T05:07:59.132Z	spark1	LOAD	19.229	7.332
2026-09-28T05:07:59.217Z	spark2	LOAD	23.425	4.115
2026-09-28T05:07:59.382Z	spark1	LOAD	19.194	7.332
2026-09-28T05:07:59.468Z	spark2	LOAD	23.425	4.115
2026-09-28T05:07:59.632Z	spark1	LOAD	19.200	7.332
2026-09-28T05:07:59.718Z	spark2	LOAD	23.425	4.115
2026-09-28T05:07:59.893Z	spark1	LOAD	20.714	7.332
2026-09-28T05:07:59.968Z	spark2	LOAD	23.425	4.115
2026-09-28T05:08:00.144Z	spark1	LOAD	22.136	7.332
2026-09-28T05:08:00.233Z	spark2	LOAD	23.425	4.115
2026-09-28T05:08:00.394Z	spark1	LOAD	22.439	7.332
2026-09-28T05:08:00.483Z	spark2	LOAD	23.425	4.115
2026-09-28T05:08:00.645Z	spark1	LOAD	22.409	7.332
2026-09-28T05:08:00.734Z	spark2	LOAD	23.425	4.115
2026-09-28T05:08:00.912Z	spark1	LOAD	22.370	7.332
2026-09-28T05:08:00.984Z	spark2	LOAD	23.427	4.115
2026-09-28T05:08:01.162Z	spark1	LOAD	22.327	7.332
2026-09-28T05:08:01.249Z	spark2	LOAD	23.427	4.115
2026-09-28T05:08:01.413Z	spark1	LOAD	22.294	7.332
2026-09-28T05:08:01.499Z	spark2	LOAD	23.427	4.115
2026-09-28T05:08:01.663Z	spark1	LOAD	22.253	7.332
2026-09-28T05:08:01.750Z	spark2	LOAD	23.427	4.115
2026-09-28T05:08:01.925Z	spark1	LOAD	22.215	7.332
2026-09-28T05:08:02.000Z	spark2	LOAD	23.429	4.115
2026-09-28T05:08:02.176Z	spark1	LOAD	22.154	7.332
2026-09-28T05:08:02.265Z	spark2	LOAD	23.429	4.115
2026-09-28T05:08:02.426Z	spark1	LOAD	22.121	7.332
2026-09-28T05:08:02.516Z	spark2	LOAD	23.429	4.115
2026-09-28T05:08:02.677Z	spark1	LOAD	22.085	7.332
2026-09-28T05:08:02.767Z	spark2	LOAD	23.429	4.115
2026-09-28T05:08:02.937Z	spark1	LOAD	22.055	7.332
2026-09-28T05:08:03.018Z	spark2	LOAD	23.433	4.115
2026-09-28T05:08:03.188Z	spark1	LOAD	22.020	7.332
2026-09-28T05:08:03.282Z	spark2	LOAD	23.440	4.115
2026-09-28T05:08:03.438Z	spark1	LOAD	21.989	7.332
2026-09-28T05:08:03.533Z	spark2	LOAD	23.440	4.115
2026-09-28T05:08:03.689Z	spark1	LOAD	21.955	7.332
2026-09-28T05:08:03.783Z	spark2	LOAD	23.440	4.115
2026-09-28T05:08:03.955Z	spark1	LOAD	21.917	7.332
2026-09-28T05:08:04.034Z	spark2	LOAD	23.440	4.115
2026-09-28T05:08:04.205Z	spark1	LOAD	21.855	7.332
2026-09-28T05:08:04.299Z	spark2	LOAD	23.440	4.115
2026-09-28T05:08:04.456Z	spark1	LOAD	21.825	7.332
2026-09-28T05:08:04.549Z	spark2	LOAD	23.440	4.115
2026-09-28T05:08:04.706Z	spark1	LOAD	21.784	7.332
2026-09-28T05:08:04.800Z	spark2	LOAD	23.440	4.115
2026-09-28T05:08:04.972Z	spark1	LOAD	21.747	7.332
2026-09-28T05:08:05.051Z	spark2	LOAD	23.440	4.115
2026-09-28T05:08:05.223Z	spark1	LOAD	21.698	7.332
2026-09-28T05:08:05.315Z	spark2	LOAD	23.440	4.115
2026-09-28T05:08:05.473Z	spark1	LOAD	21.637	7.332
2026-09-28T05:08:05.565Z	spark2	LOAD	23.440	4.115
2026-09-28T05:08:05.723Z	spark1	LOAD	21.601	7.332
2026-09-28T05:08:05.815Z	spark2	LOAD	23.438	4.115
2026-09-28T05:08:05.984Z	spark1	LOAD	21.561	7.332
2026-09-28T05:08:06.065Z	spark2	LOAD	23.432	4.114
2026-09-28T05:08:06.235Z	spark1	LOAD	21.463	7.332
2026-09-28T05:08:06.331Z	spark2	LOAD	23.432	4.114
2026-09-28T05:08:06.485Z	spark1	LOAD	21.429	7.331
2026-09-28T05:08:06.582Z	spark2	LOAD	23.432	4.114
2026-09-28T05:08:06.735Z	spark1	LOAD	21.399	7.331
2026-09-28T05:08:06.833Z	spark2	LOAD	23.432	4.114
2026-09-28T05:08:07.004Z	spark1	LOAD	21.362	7.331
2026-09-28T05:08:07.084Z	spark2	LOAD	23.433	4.114
2026-09-28T05:08:07.254Z	spark1	LOAD	21.325	7.331
2026-09-28T05:08:07.344Z	spark2	LOAD	23.433	4.114
2026-09-28T05:08:07.505Z	spark1	LOAD	21.291	7.331
2026-09-28T05:08:07.595Z	spark2	LOAD	23.432	4.114
2026-09-28T05:08:07.755Z	spark1	LOAD	21.255	7.331
2026-09-28T05:08:07.846Z	spark2	LOAD	23.432	4.114
2026-09-28T05:08:08.018Z	spark1	LOAD	21.222	7.331
2026-09-28T05:08:08.096Z	spark2	LOAD	23.435	4.114
2026-09-28T05:08:08.268Z	spark1	LOAD	21.161	7.331
2026-09-28T05:08:08.361Z	spark2	LOAD	23.435	4.114
2026-09-28T05:08:08.518Z	spark1	LOAD	21.129	7.331
2026-09-28T05:08:08.612Z	spark2	LOAD	23.435	4.114
2026-09-28T05:08:08.768Z	spark1	LOAD	21.096	7.331
2026-09-28T05:08:08.862Z	spark2	LOAD	23.436	4.114
2026-09-28T05:08:09.037Z	spark1	LOAD	21.053	7.331
2026-09-28T05:08:09.112Z	spark2	LOAD	23.437	4.114
2026-09-28T05:08:09.287Z	spark1	LOAD	21.017	7.331
2026-09-28T05:08:09.378Z	spark2	LOAD	23.437	4.114
2026-09-28T05:08:09.537Z	spark1	LOAD	20.981	7.331
2026-09-28T05:08:09.628Z	spark2	LOAD	23.437	4.114
2026-09-28T05:08:09.788Z	spark1	LOAD	20.947	7.331
2026-09-28T05:08:09.879Z	spark2	LOAD	23.437	4.114
2026-09-28T05:08:10.054Z	spark1	LOAD	20.905	7.331
2026-09-28T05:08:10.130Z	spark2	LOAD	23.437	4.114
2026-09-28T05:08:10.305Z	spark1	LOAD	20.843	7.331
2026-09-28T05:08:10.394Z	spark2	LOAD	23.437	4.114
2026-09-28T05:08:10.555Z	spark1	LOAD	20.808	7.331
2026-09-28T05:08:10.644Z	spark2	LOAD	23.437	4.114
2026-09-28T05:08:10.805Z	spark1	LOAD	20.767	7.331
2026-09-28T05:08:10.895Z	spark2	LOAD	23.437	4.114
2026-09-28T05:08:11.071Z	spark1	LOAD	20.732	7.331
2026-09-28T05:08:11.145Z	spark2	LOAD	23.437	4.114
2026-09-28T05:08:11.321Z	spark1	LOAD	20.680	7.331
2026-09-28T05:08:11.410Z	spark2	LOAD	23.437	4.114
2026-09-28T05:08:11.572Z	spark1	LOAD	20.650	7.331
2026-09-28T05:08:11.661Z	spark2	LOAD	23.437	4.114
2026-09-28T05:08:11.822Z	spark1	LOAD	20.616	7.331
2026-09-28T05:08:11.912Z	spark2	LOAD	23.437	4.114
2026-09-28T05:08:12.088Z	spark1	LOAD	20.570	7.331
2026-09-28T05:08:12.162Z	spark2	LOAD	23.437	4.114
2026-09-28T05:08:12.338Z	spark1	LOAD	20.009	7.331
2026-09-28T05:08:12.427Z	spark2	LOAD	23.437	4.114
2026-09-28T05:08:12.588Z	spark1	LOAD	19.967	7.331
2026-09-28T05:08:12.677Z	spark2	LOAD	23.437	4.114
2026-09-28T05:08:12.839Z	spark1	LOAD	19.962	7.331
2026-09-28T05:08:12.928Z	spark2	LOAD	23.437	4.114
2026-09-28T05:08:13.100Z	spark1	LOAD	19.924	7.331
2026-09-28T05:08:13.178Z	spark2	LOAD	23.437	4.114
2026-09-28T05:08:13.350Z	spark1	LOAD	19.887	7.331
2026-09-28T05:08:13.443Z	spark2	LOAD	23.441	4.114
2026-09-28T05:08:13.601Z	spark1	LOAD	19.855	7.331
2026-09-28T05:08:13.693Z	spark2	LOAD	23.441	4.114
2026-09-28T05:08:13.851Z	spark1	LOAD	20.389	7.332
2026-09-28T05:08:13.945Z	spark2	LOAD	23.441	4.114
2026-09-28T05:08:14.116Z	spark1	LOAD	20.367	7.333
2026-09-28T05:08:14.196Z	spark2	LOAD	23.442	4.114
2026-09-28T05:08:14.367Z	spark1	LOAD	20.313	7.333
2026-09-28T05:08:14.456Z	spark2	LOAD	23.441	4.114
2026-09-28T05:08:14.617Z	spark1	LOAD	20.279	7.333
2026-09-28T05:08:14.708Z	spark2	LOAD	23.441	4.114
2026-09-28T05:08:14.867Z	spark1	LOAD	20.250	7.333
2026-09-28T05:08:14.958Z	spark2	LOAD	23.441	4.114
2026-09-28T05:08:15.135Z	spark1	LOAD	20.210	7.333
2026-09-28T05:08:15.209Z	spark2	LOAD	23.440	4.114
2026-09-28T05:08:15.385Z	spark1	LOAD	20.177	7.333
2026-09-28T05:08:15.473Z	spark2	LOAD	23.440	4.114
2026-09-28T05:08:15.636Z	spark1	LOAD	20.147	7.333
2026-09-28T05:08:15.723Z	spark2	LOAD	23.440	4.114
2026-09-28T05:08:15.886Z	spark1	LOAD	20.114	7.333
2026-09-28T05:08:15.974Z	spark2	LOAD	23.440	4.114
2026-09-28T05:08:16.154Z	spark1	LOAD	20.035	7.333
2026-09-28T05:08:16.225Z	spark2	LOAD	23.440	4.114
2026-09-28T05:08:16.404Z	spark1	LOAD	19.973	7.333
2026-09-28T05:08:16.490Z	spark2	LOAD	23.440	4.114
2026-09-28T05:08:16.655Z	spark1	LOAD	19.942	7.333
2026-09-28T05:08:16.740Z	spark2	LOAD	23.436	4.114
2026-09-28T05:08:16.905Z	spark1	LOAD	19.907	7.333
2026-09-28T05:08:16.990Z	spark2	LOAD	23.429	4.114
2026-09-28T05:08:17.171Z	spark1	LOAD	19.848	7.333
2026-09-28T05:08:17.241Z	spark2	LOAD	23.429	4.113
2026-09-28T05:08:17.422Z	spark1	LOAD	19.812	7.333
2026-09-28T05:08:17.502Z	spark2	LOAD	23.428	4.113
2026-09-28T05:08:17.672Z	spark1	LOAD	19.780	7.333
2026-09-28T05:08:17.753Z	spark2	LOAD	23.428	4.113
2026-09-28T05:08:17.922Z	spark1	LOAD	19.748	7.333
2026-09-28T05:08:18.004Z	spark2	LOAD	23.428	4.113
2026-09-28T05:08:18.188Z	spark1	LOAD	19.711	7.333
2026-09-28T05:08:18.255Z	spark2	LOAD	23.428	4.113
2026-09-28T05:08:18.438Z	spark1	LOAD	19.665	7.333
2026-09-28T05:08:18.519Z	spark2	LOAD	23.428	4.113
2026-09-28T05:08:18.689Z	spark1	LOAD	19.630	7.333
2026-09-28T05:08:18.770Z	spark2	LOAD	23.428	4.113
2026-09-28T05:08:18.939Z	spark1	LOAD	19.592	7.333
2026-09-28T05:08:19.021Z	spark2	LOAD	23.428	4.113
2026-09-28T05:08:19.206Z	spark1	LOAD	19.554	7.333
2026-09-28T05:08:19.272Z	spark2	LOAD	23.428	4.113
2026-09-28T05:08:19.456Z	spark1	LOAD	19.514	7.333
2026-09-28T05:08:19.532Z	spark2	LOAD	23.429	4.113
2026-09-28T05:08:19.707Z	spark1	LOAD	19.487	7.333
2026-09-28T05:08:19.783Z	spark2	LOAD	23.429	4.113
2026-09-28T05:08:19.957Z	spark1	LOAD	19.451	7.333
2026-09-28T05:08:20.033Z	spark2	LOAD	23.429	4.113
2026-09-28T05:08:20.223Z	spark1	LOAD	19.412	7.333
2026-09-28T05:08:20.285Z	spark2	LOAD	23.429	4.113
2026-09-28T05:08:20.474Z	spark1	LOAD	19.421	7.333
2026-09-28T05:08:20.550Z	spark2	LOAD	23.429	4.113
2026-09-28T05:08:20.724Z	spark1	LOAD	18.763	7.333
2026-09-28T05:08:20.801Z	spark2	LOAD	23.429	4.113
2026-09-28T05:08:20.974Z	spark1	LOAD	18.725	7.333
2026-09-28T05:08:21.052Z	spark2	LOAD	23.429	4.113
2026-09-28T05:08:21.236Z	spark1	LOAD	19.601	7.333
2026-09-28T05:08:21.303Z	spark2	LOAD	23.429	4.113
2026-09-28T05:08:21.487Z	spark1	LOAD	21.240	7.333
2026-09-28T05:08:21.567Z	spark2	LOAD	23.429	4.113
2026-09-28T05:08:21.737Z	spark1	LOAD	21.853	7.333
2026-09-28T05:08:21.818Z	spark2	LOAD	23.429	4.113
2026-09-28T05:08:21.987Z	spark1	LOAD	22.500	7.333
2026-09-28T05:08:22.069Z	spark2	LOAD	23.429	4.113
2026-09-28T05:08:22.255Z	spark1	LOAD	22.469	7.338
2026-09-28T05:08:22.319Z	spark2	LOAD	23.429	4.113
2026-09-28T05:08:22.506Z	spark1	LOAD	22.431	7.338
2026-09-28T05:08:22.584Z	spark2	LOAD	23.429	4.113
2026-09-28T05:08:22.756Z	spark1	LOAD	22.367	7.338
2026-09-28T05:08:22.835Z	spark2	LOAD	23.429	4.113
2026-09-28T05:08:23.006Z	spark1	LOAD	22.334	7.338
2026-09-28T05:08:23.085Z	spark2	LOAD	23.429	4.113
2026-09-28T05:08:23.273Z	spark1	LOAD	22.281	7.338
2026-09-28T05:08:23.335Z	spark2	LOAD	23.429	4.113
2026-09-28T05:08:23.523Z	spark1	LOAD	22.253	7.338
2026-09-28T05:08:23.599Z	spark2	LOAD	23.429	4.113
2026-09-28T05:08:23.774Z	spark1	LOAD	22.219	7.338
2026-09-28T05:08:23.850Z	spark2	LOAD	23.429	4.113
2026-09-28T05:08:24.025Z	spark1	LOAD	22.181	7.338
2026-09-28T05:08:24.100Z	spark2	LOAD	23.429	4.113
2026-09-28T05:08:24.293Z	spark1	LOAD	22.138	7.338
2026-09-28T05:08:24.351Z	spark2	LOAD	23.429	4.113
2026-09-28T05:08:24.543Z	spark1	LOAD	22.102	7.338
2026-09-28T05:08:24.616Z	spark2	LOAD	23.429	4.113
2026-09-28T05:08:24.794Z	spark1	LOAD	22.048	7.338
2026-09-28T05:08:24.867Z	spark2	LOAD	23.429	4.113
2026-09-28T05:08:25.044Z	spark1	LOAD	22.022	7.337
2026-09-28T05:08:25.118Z	spark2	LOAD	23.429	4.113
2026-09-28T05:08:25.305Z	spark1	LOAD	21.984	7.337
2026-09-28T05:08:25.369Z	spark2	LOAD	23.429	4.113
2026-09-28T05:08:25.556Z	spark1	LOAD	21.951	7.337
2026-09-28T05:08:25.634Z	spark2	LOAD	23.429	4.113
2026-09-28T05:08:25.806Z	spark1	LOAD	21.917	7.337
2026-09-28T05:08:25.884Z	spark2	LOAD	23.429	4.113
2026-09-28T05:08:26.057Z	spark1	LOAD	21.879	7.337
2026-09-28T05:08:26.135Z	spark2	LOAD	23.429	4.113
2026-09-28T05:08:26.322Z	spark1	LOAD	21.830	7.337
2026-09-28T05:08:26.386Z	spark2	LOAD	23.429	4.113
2026-09-28T05:08:26.572Z	spark1	LOAD	21.786	7.337
2026-09-28T05:08:26.649Z	spark2	LOAD	23.429	4.113
2026-09-28T05:08:26.822Z	spark1	LOAD	21.717	7.337
2026-09-28T05:08:26.901Z	spark2	LOAD	23.429	4.113
2026-09-28T05:08:27.073Z	spark1	LOAD	21.687	7.337
2026-09-28T05:08:27.152Z	spark2	LOAD	23.429	4.113
2026-09-28T05:08:27.339Z	spark1	LOAD	21.614	7.337
2026-09-28T05:08:27.402Z	spark2	LOAD	23.429	4.113
2026-09-28T05:08:27.589Z	spark1	LOAD	21.578	7.337
2026-09-28T05:08:27.666Z	spark2	LOAD	23.429	4.113
2026-09-28T05:08:27.840Z	spark1	LOAD	21.544	7.337
2026-09-28T05:08:27.917Z	spark2	LOAD	23.423	4.113
2026-09-28T05:08:28.090Z	spark1	LOAD	21.478	7.337
2026-09-28T05:08:28.167Z	spark2	LOAD	23.424	4.113
2026-09-28T05:08:28.357Z	spark1	LOAD	21.443	7.337
2026-09-28T05:08:28.418Z	spark2	LOAD	23.424	4.113
2026-09-28T05:08:28.607Z	spark1	LOAD	21.408	7.335
2026-09-28T05:08:28.679Z	spark2	LOAD	23.424	4.113
2026-09-28T05:08:28.857Z	spark1	LOAD	21.350	7.335
2026-09-28T05:08:28.930Z	spark2	LOAD	23.425	4.113
2026-09-28T05:08:29.107Z	spark1	LOAD	21.313	7.335
2026-09-28T05:08:29.181Z	spark2	LOAD	23.425	4.113
2026-09-28T05:08:29.374Z	spark1	LOAD	21.273	7.335
2026-09-28T05:08:29.431Z	spark2	LOAD	23.425	4.113
2026-09-28T05:08:29.624Z	spark1	LOAD	21.240	7.335
2026-09-28T05:08:29.691Z	spark2	LOAD	23.425	4.113
2026-09-28T05:08:29.875Z	spark1	LOAD	21.200	7.335
2026-09-28T05:08:29.942Z	spark2	LOAD	23.425	4.113
2026-09-28T05:08:30.125Z	spark1	LOAD	21.167	7.335
2026-09-28T05:08:30.193Z	spark2	LOAD	23.426	4.113
2026-09-28T05:08:30.391Z	spark1	LOAD	21.125	7.335
2026-09-28T05:08:30.444Z	spark2	LOAD	23.426	4.113
2026-09-28T05:08:30.642Z	spark1	LOAD	21.092	7.335
2026-09-28T05:08:30.710Z	spark2	LOAD	23.426	4.113
2026-09-28T05:08:30.892Z	spark1	LOAD	21.029	7.335
2026-09-28T05:08:30.961Z	spark2	LOAD	23.427	4.113
2026-09-28T05:08:31.143Z	spark1	LOAD	20.994	7.335
2026-09-28T05:08:31.211Z	spark2	LOAD	23.427	4.113
2026-09-28T05:08:31.409Z	spark1	LOAD	20.931	7.335
2026-09-28T05:08:31.463Z	spark2	LOAD	23.427	4.113
2026-09-28T05:08:31.659Z	spark1	LOAD	20.663	7.335
2026-09-28T05:08:31.724Z	spark2	LOAD	23.427	4.113
2026-09-28T05:08:31.909Z	spark1	LOAD	20.410	7.335
2026-09-28T05:08:31.974Z	spark2	LOAD	23.427	4.113
2026-09-28T05:08:32.160Z	spark1	LOAD	20.364	7.335
2026-09-28T05:08:32.226Z	spark2	LOAD	23.427	4.113
2026-09-28T05:08:32.426Z	spark1	LOAD	20.877	7.335
2026-09-28T05:08:32.477Z	spark2	LOAD	23.427	4.113
2026-09-28T05:08:32.677Z	spark1	LOAD	20.836	7.335
2026-09-28T05:08:32.741Z	spark2	LOAD	23.427	4.113
2026-09-28T05:08:32.927Z	spark1	LOAD	20.718	7.335
2026-09-28T05:08:32.992Z	spark2	LOAD	23.427	4.113
2026-09-28T05:08:33.178Z	spark1	LOAD	20.767	7.335
2026-09-28T05:08:33.243Z	spark2	LOAD	23.427	4.113
2026-09-28T05:08:33.446Z	spark1	LOAD	20.721	7.335
2026-09-28T05:08:33.494Z	spark2	LOAD	23.427	4.113
2026-09-28T05:08:33.697Z	spark1	LOAD	20.680	7.335
2026-09-28T05:08:33.755Z	spark2	LOAD	23.426	4.113
2026-09-28T05:08:33.947Z	spark1	LOAD	20.634	7.335
2026-09-28T05:08:34.005Z	spark2	LOAD	23.427	4.113
2026-09-28T05:08:34.198Z	spark1	LOAD	20.596	7.335
2026-09-28T05:08:34.256Z	spark2	LOAD	23.427	4.113
2026-09-28T05:08:34.464Z	spark1	LOAD	20.547	7.335
2026-09-28T05:08:34.508Z	spark2	LOAD	23.427	4.113
2026-09-28T05:08:34.715Z	spark1	LOAD	20.501	7.335
2026-09-28T05:08:34.769Z	spark2	LOAD	23.427	4.113
2026-09-28T05:08:34.965Z	spark1	LOAD	19.864	7.335
2026-09-28T05:08:35.019Z	spark2	LOAD	23.427	4.113
2026-09-28T05:08:35.215Z	spark1	LOAD	20.383	7.335
2026-09-28T05:08:35.270Z	spark2	LOAD	23.427	4.113
2026-09-28T05:08:35.483Z	spark1	LOAD	20.346	7.335
2026-09-28T05:08:35.521Z	spark2	LOAD	23.427	4.113
2026-09-28T05:08:35.733Z	spark1	LOAD	19.981	7.335
2026-09-28T05:08:35.783Z	spark2	LOAD	23.427	4.113
2026-09-28T05:08:35.984Z	spark1	LOAD	19.764	7.335
2026-09-28T05:08:36.033Z	spark2	LOAD	23.427	4.113
2026-09-28T05:08:36.234Z	spark1	LOAD	20.301	7.335
2026-09-28T05:08:36.284Z	spark2	LOAD	23.427	4.113
2026-09-28T05:08:36.502Z	spark1	LOAD	19.863	7.335
2026-09-28T05:08:36.535Z	spark2	LOAD	23.427	4.113
2026-09-28T05:08:36.752Z	spark1	LOAD	19.672	7.335
2026-09-28T05:08:36.796Z	spark2	LOAD	23.427	4.113
2026-09-28T05:08:37.003Z	spark1	LOAD	19.587	7.335
2026-09-28T05:08:37.047Z	spark2	LOAD	23.427	4.113
2026-09-28T05:08:37.253Z	spark1	LOAD	20.127	7.335
2026-09-28T05:08:37.298Z	spark2	LOAD	23.427	4.113
2026-09-28T05:08:37.523Z	spark1	LOAD	20.062	7.335
2026-09-28T05:08:37.549Z	spark2	LOAD	23.427	4.113
2026-09-28T05:08:37.773Z	spark1	LOAD	19.744	7.335
2026-09-28T05:08:37.810Z	spark2	LOAD	23.426	4.113
2026-09-28T05:08:38.023Z	spark1	LOAD	20.001	7.335
2026-09-28T05:08:38.061Z	spark2	LOAD	23.426	4.113
2026-09-28T05:08:38.274Z	spark1	LOAD	19.929	7.335
2026-09-28T05:08:38.312Z	spark2	LOAD	23.426	4.113
2026-09-28T05:08:38.534Z	spark1	LOAD	19.924	7.335
2026-09-28T05:08:38.562Z	spark2	LOAD	23.424	4.113
2026-09-28T05:08:38.785Z	spark1	LOAD	19.888	7.335
2026-09-28T05:08:38.827Z	spark2	LOAD	23.413	4.113
2026-09-28T05:08:39.035Z	spark1	LOAD	19.852	7.336
2026-09-28T05:08:39.077Z	spark2	LOAD	23.423	4.112
2026-09-28T05:08:39.285Z	spark1	LOAD	19.819	7.337
2026-09-28T05:08:39.328Z	spark2	LOAD	23.423	4.112
2026-09-28T05:08:39.553Z	spark1	LOAD	19.351	7.336
2026-09-28T05:08:39.579Z	spark2	LOAD	23.423	4.112
2026-09-28T05:08:39.803Z	spark1	LOAD	19.751	7.337
2026-09-28T05:08:39.840Z	spark2	LOAD	23.422	4.112
2026-09-28T05:08:40.054Z	spark1	LOAD	19.432	7.337
2026-09-28T05:08:40.090Z	spark2	LOAD	23.422	4.112
2026-09-28T05:08:40.304Z	spark1	LOAD	19.345	7.337
2026-09-28T05:08:40.342Z	spark2	LOAD	23.422	4.112
2026-09-28T05:08:40.573Z	spark1	LOAD	19.266	7.337
2026-09-28T05:08:40.592Z	spark2	LOAD	23.422	4.112
2026-09-28T05:08:40.823Z	spark1	LOAD	19.228	7.337
2026-09-28T05:08:40.857Z	spark2	LOAD	23.422	4.112
2026-09-28T05:08:41.073Z	spark1	LOAD	19.538	7.339
2026-09-28T05:08:41.107Z	spark2	LOAD	23.423	4.112
2026-09-28T05:08:41.324Z	spark1	LOAD	19.498	7.339
2026-09-28T05:08:41.358Z	spark2	LOAD	23.423	4.112
2026-09-28T05:08:41.590Z	spark1	LOAD	19.455	7.339
2026-09-28T05:08:41.609Z	spark2	LOAD	23.423	4.112
2026-09-28T05:08:41.840Z	spark1	LOAD	19.418	7.339
2026-09-28T05:08:41.874Z	spark2	LOAD	23.423	4.112
2026-09-28T05:08:42.091Z	spark1	LOAD	20.803	7.338
2026-09-28T05:08:42.127Z	spark2	LOAD	23.423	4.112
2026-09-28T05:08:42.341Z	spark1	LOAD	22.467	7.338
2026-09-28T05:08:42.377Z	spark2	LOAD	23.423	4.112
2026-09-28T05:08:42.603Z	spark1	LOAD	22.582	7.338
2026-09-28T05:08:42.628Z	spark2	LOAD	23.423	4.112
2026-09-28T05:08:42.853Z	spark1	LOAD	22.550	7.338
2026-09-28T05:08:42.887Z	spark2	LOAD	23.423	4.112
2026-09-28T05:08:43.104Z	spark1	LOAD	22.495	7.338
2026-09-28T05:08:43.138Z	spark2	LOAD	23.423	4.112
2026-09-28T05:08:43.354Z	spark1	LOAD	22.506	7.339
2026-09-28T05:08:43.390Z	spark2	LOAD	23.423	4.112
2026-09-28T05:08:43.615Z	spark1	LOAD	22.462	7.339
2026-09-28T05:08:43.641Z	spark2	LOAD	23.423	4.112
2026-09-28T05:08:43.866Z	spark1	LOAD	22.385	7.338
2026-09-28T05:08:43.906Z	spark2	LOAD	23.423	4.112
2026-09-28T05:08:44.116Z	spark1	LOAD	22.356	7.339
2026-09-28T05:08:44.156Z	spark2	LOAD	23.424	4.112
2026-09-28T05:08:44.366Z	spark1	LOAD	22.310	7.338
2026-09-28T05:08:44.408Z	spark2	LOAD	23.424	4.112
2026-09-28T05:08:44.634Z	spark1	LOAD	22.259	7.338
2026-09-28T05:08:44.659Z	spark2	LOAD	23.424	4.112
2026-09-28T05:08:44.884Z	spark1	LOAD	22.221	7.338
2026-09-28T05:08:44.920Z	spark2	LOAD	23.424	4.112
2026-09-28T05:08:45.134Z	spark1	LOAD	21.978	7.338
2026-09-28T05:08:45.171Z	spark2	LOAD	23.425	4.112
2026-09-28T05:08:45.385Z	spark1	LOAD	21.722	7.338
2026-09-28T05:08:45.422Z	spark2	LOAD	23.425	4.112
2026-09-28T05:08:45.653Z	spark1	LOAD	21.683	7.338
2026-09-28T05:08:45.673Z	spark2	LOAD	23.425	4.112
2026-09-28T05:08:45.903Z	spark1	LOAD	21.489	7.338
2026-09-28T05:08:45.939Z	spark2	LOAD	23.425	4.112
2026-09-28T05:08:46.153Z	spark1	LOAD	21.448	7.338
2026-09-28T05:08:46.189Z	spark2	LOAD	23.425	4.112
2026-09-28T05:08:46.404Z	spark1	LOAD	21.448	7.338
2026-09-28T05:08:46.441Z	spark2	LOAD	23.425	4.112
2026-09-28T05:08:46.671Z	spark1	LOAD	21.952	7.338
2026-09-28T05:08:46.692Z	spark2	LOAD	23.425	4.112
2026-09-28T05:08:46.922Z	spark1	LOAD	21.915	7.338
2026-09-28T05:08:46.953Z	spark2	LOAD	23.424	4.112
2026-09-28T05:08:47.172Z	spark1	LOAD	21.875	7.338
2026-09-28T05:08:47.203Z	spark2	LOAD	23.424	4.112
2026-09-28T05:08:47.422Z	spark1	LOAD	21.803	7.338
2026-09-28T05:08:47.454Z	spark2	LOAD	23.424	4.112
2026-09-28T05:08:47.689Z	spark1	LOAD	21.765	7.338
2026-09-28T05:08:47.705Z	spark2	LOAD	23.424	4.112
2026-09-28T05:08:47.939Z	spark1	LOAD	21.727	7.338
2026-09-28T05:08:47.966Z	spark2	LOAD	23.424	4.112
2026-09-28T05:08:48.190Z	spark1	LOAD	21.691	7.338
2026-09-28T05:08:48.216Z	spark2	LOAD	23.424	4.112
2026-09-28T05:08:48.440Z	spark1	LOAD	21.651	7.338
2026-09-28T05:08:48.467Z	spark2	LOAD	23.424	4.112
2026-09-28T05:08:48.706Z	spark1	LOAD	21.608	7.338
2026-09-28T05:08:48.718Z	spark2	LOAD	23.424	4.112
2026-09-28T05:08:48.956Z	spark1	LOAD	21.552	7.338
2026-09-28T05:08:48.979Z	spark2	LOAD	23.424	4.112
2026-09-28T05:08:49.207Z	spark1	LOAD	21.464	7.338
2026-09-28T05:08:49.230Z	spark2	LOAD	23.424	4.112
2026-09-28T05:08:49.457Z	spark1	LOAD	21.411	7.338
2026-09-28T05:08:49.480Z	spark2	LOAD	23.421	4.112
2026-09-28T05:08:49.724Z	spark1	LOAD	21.370	7.338
2026-09-28T05:08:49.731Z	spark2	LOAD	23.411	4.112
2026-09-28T05:08:49.974Z	spark1	LOAD	21.335	7.338
2026-09-28T05:08:49.991Z	spark2	LOAD	23.419	4.112
2026-09-28T05:08:50.224Z	spark1	LOAD	21.238	7.338
2026-09-28T05:08:50.242Z	spark2	LOAD	23.419	4.112
2026-09-28T05:08:50.475Z	spark1	LOAD	21.350	7.338
2026-09-28T05:08:50.493Z	spark2	LOAD	23.419	4.112
2026-09-28T05:08:50.741Z	spark1	LOAD	21.304	7.338
2026-09-28T05:08:50.744Z	spark2	LOAD	23.419	4.112
2026-09-28T05:08:50.991Z	spark1	LOAD	21.263	7.338
2026-09-28T05:08:51.004Z	spark2	LOAD	23.420	4.112
2026-09-28T05:08:51.242Z	spark1	LOAD	21.227	7.338
2026-09-28T05:08:51.255Z	spark2	LOAD	23.420	4.112
2026-09-28T05:08:51.492Z	spark1	LOAD	21.174	7.338
2026-09-28T05:08:51.506Z	spark2	LOAD	23.420	4.112
2026-09-28T05:08:51.757Z	spark2	LOAD	23.420	4.112
2026-09-28T05:08:51.758Z	spark1	LOAD	21.131	7.338
2026-09-28T05:08:52.008Z	spark1	LOAD	21.104	7.338
2026-09-28T05:08:52.018Z	spark2	LOAD	23.422	4.112
2026-09-28T05:08:52.259Z	spark1	LOAD	21.062	7.338
2026-09-28T05:08:52.269Z	spark2	LOAD	23.422	4.112
2026-09-28T05:08:52.509Z	spark1	LOAD	21.025	7.338
2026-09-28T05:08:52.520Z	spark2	LOAD	23.422	4.112
2026-09-28T05:08:52.771Z	spark2	LOAD	23.422	4.112
2026-09-28T05:08:52.776Z	spark1	LOAD	20.984	7.338
2026-09-28T05:08:53.026Z	spark1	LOAD	20.941	7.338
2026-09-28T05:08:53.035Z	spark2	LOAD	23.422	4.112
2026-09-28T05:08:53.276Z	spark1	LOAD	20.907	7.338
2026-09-28T05:08:53.286Z	spark2	LOAD	23.422	4.112
2026-09-28T05:08:53.527Z	spark1	LOAD	20.835	7.338
2026-09-28T05:08:53.537Z	spark2	LOAD	23.422	4.112
2026-09-28T05:08:53.789Z	spark2	LOAD	23.423	4.112
2026-09-28T05:08:53.794Z	spark1	LOAD	20.802	7.338
2026-09-28T05:08:54.044Z	spark1	LOAD	20.769	7.338
2026-09-28T05:08:54.050Z	spark2	LOAD	23.424	4.112
2026-09-28T05:08:54.295Z	spark1	LOAD	20.733	7.338
2026-09-28T05:08:54.301Z	spark2	LOAD	23.424	4.112
2026-09-28T05:08:54.545Z	spark1	LOAD	20.690	7.338
2026-09-28T05:08:54.552Z	spark2	LOAD	23.424	4.112
2026-09-28T05:08:54.803Z	spark2	LOAD	23.424	4.112
2026-09-28T05:08:54.811Z	spark1	LOAD	20.654	7.338
2026-09-28T05:08:55.061Z	spark1	LOAD	20.624	7.338
2026-09-28T05:08:55.065Z	spark2	LOAD	23.424	4.112
2026-09-28T05:08:55.311Z	spark1	LOAD	20.592	7.338
2026-09-28T05:08:55.316Z	spark2	LOAD	23.424	4.112
2026-09-28T05:08:55.562Z	spark1	LOAD	20.542	7.338
2026-09-28T05:08:55.567Z	spark2	LOAD	23.424	4.112
2026-09-28T05:08:55.817Z	spark2	LOAD	23.424	4.112
2026-09-28T05:08:55.829Z	spark1	LOAD	20.503	7.338
2026-09-28T05:08:56.079Z	spark2	LOAD	23.424	4.112
2026-09-28T05:08:56.079Z	spark1	LOAD	20.466	7.338
2026-09-28T05:08:56.330Z	spark1	LOAD	20.421	7.338
2026-09-28T05:08:56.330Z	spark2	LOAD	23.424	4.112
2026-09-28T05:08:56.580Z	spark1	LOAD	20.385	7.338
2026-09-28T05:08:56.580Z	spark2	LOAD	23.424	4.112
2026-09-28T05:08:56.832Z	spark2	LOAD	23.424	4.112
2026-09-28T05:08:56.847Z	spark1	LOAD	20.345	7.338
2026-09-28T05:08:57.092Z	spark2	LOAD	23.424	4.112
2026-09-28T05:08:57.097Z	spark1	LOAD	20.326	7.338
2026-09-28T05:08:57.344Z	spark2	LOAD	23.424	4.112
2026-09-28T05:08:57.348Z	spark1	LOAD	20.291	7.338
2026-09-28T05:08:57.594Z	spark2	LOAD	23.424	4.112
2026-09-28T05:08:57.599Z	spark1	LOAD	20.299	7.338
2026-09-28T05:08:57.845Z	spark2	LOAD	23.424	4.112
2026-09-28T05:08:57.865Z	spark1	LOAD	19.837	7.338
2026-09-28T05:08:58.107Z	spark2	LOAD	23.424	4.112
2026-09-28T05:08:58.116Z	spark1	LOAD	19.632	7.338
2026-09-28T05:08:58.357Z	spark2	LOAD	23.424	4.112
2026-09-28T05:08:58.366Z	spark1	LOAD	19.602	7.338
2026-09-28T05:08:58.608Z	spark2	LOAD	23.424	4.112
2026-09-28T05:08:58.616Z	spark1	LOAD	19.567	7.338
2026-09-28T05:08:58.860Z	spark2	LOAD	23.424	4.112
2026-09-28T05:08:58.882Z	spark1	LOAD	20.099	7.338
2026-09-28T05:08:59.124Z	spark2	LOAD	23.424	4.112
2026-09-28T05:08:59.132Z	spark1	LOAD	20.058	7.338
2026-09-28T05:08:59.376Z	spark2	LOAD	23.424	4.112
2026-09-28T05:08:59.383Z	spark1	LOAD	20.017	7.338
2026-09-28T05:08:59.626Z	spark2	LOAD	23.424	4.112
2026-09-28T05:08:59.633Z	spark1	LOAD	19.987	7.338
2026-09-28T05:08:59.877Z	spark2	LOAD	23.424	4.112
2026-09-28T05:08:59.895Z	spark1	LOAD	19.935	7.338
2026-09-28T05:09:00.138Z	spark2	LOAD	23.424	4.112
2026-09-28T05:09:00.145Z	spark1	LOAD	19.840	7.337
2026-09-28T05:09:00.388Z	spark2	LOAD	23.414	4.111
2026-09-28T05:09:00.395Z	spark1	LOAD	19.781	7.337
2026-09-28T05:09:00.638Z	spark2	LOAD	23.415	4.111
2026-09-28T05:09:00.645Z	spark1	LOAD	19.747	7.337
2026-09-28T05:09:00.889Z	spark2	LOAD	23.407	4.111
2026-09-28T05:09:00.912Z	spark1	LOAD	19.708	7.337
2026-09-28T05:09:01.154Z	spark2	LOAD	23.412	4.111
2026-09-28T05:09:01.163Z	spark1	LOAD	19.710	7.337
2026-09-28T05:09:01.405Z	spark2	LOAD	23.412	4.111
2026-09-28T05:09:01.413Z	spark1	LOAD	19.667	7.337
2026-09-28T05:09:01.656Z	spark2	LOAD	23.412	4.111
2026-09-28T05:09:01.663Z	spark1	LOAD	19.576	7.337
2026-09-28T05:09:01.907Z	spark2	LOAD	23.412	4.111
2026-09-28T05:09:01.931Z	spark1	LOAD	19.042	7.337
2026-09-28T05:09:02.167Z	spark2	LOAD	23.412	4.111
2026-09-28T05:09:02.182Z	spark1	LOAD	19.561	7.337
2026-09-28T05:09:02.418Z	spark2	LOAD	23.412	4.111
2026-09-28T05:09:02.432Z	spark1	LOAD	19.523	7.337
2026-09-28T05:09:02.668Z	spark2	LOAD	23.412	4.111
2026-09-28T05:09:02.683Z	spark1	LOAD	19.482	7.337
2026-09-28T05:09:02.918Z	spark2	LOAD	23.413	4.111
2026-09-28T05:09:02.949Z	spark1	LOAD	18.889	7.337
2026-09-28T05:09:03.184Z	spark2	LOAD	23.413	4.111
2026-09-28T05:09:03.199Z	spark1	LOAD	19.758	7.337
2026-09-28T05:09:03.435Z	spark2	LOAD	23.413	4.111
2026-09-28T05:09:03.450Z	spark1	LOAD	21.303	7.337
2026-09-28T05:09:03.685Z	spark2	LOAD	23.413	4.111
2026-09-28T05:09:03.700Z	spark1	LOAD	21.965	7.337
2026-09-28T05:09:03.935Z	spark2	LOAD	23.414	4.111
2026-09-28T05:09:03.967Z	spark1	LOAD	21.950	7.337
2026-09-28T05:09:04.197Z	spark2	LOAD	23.414	4.111
2026-09-28T05:09:04.217Z	spark1	LOAD	21.918	7.337
2026-09-28T05:09:04.447Z	spark2	LOAD	23.414	4.111
2026-09-28T05:09:04.468Z	spark1	LOAD	21.887	7.337
2026-09-28T05:09:04.699Z	spark2	LOAD	23.415	4.111
2026-09-28T05:09:04.718Z	spark1	LOAD	21.861	7.337
2026-09-28T05:09:04.949Z	spark2	LOAD	23.415	4.111
2026-09-28T05:09:04.980Z	spark1	LOAD	21.822	7.337
2026-09-28T05:09:05.214Z	spark2	LOAD	23.415	4.111
2026-09-28T05:09:05.230Z	spark1	LOAD	21.798	7.337
2026-09-28T05:09:05.464Z	spark2	LOAD	23.415	4.111
2026-09-28T05:09:05.480Z	spark1	LOAD	21.764	7.337
2026-09-28T05:09:05.715Z	spark2	LOAD	23.415	4.111
2026-09-28T05:09:05.730Z	spark1	LOAD	21.712	7.337
2026-09-28T05:09:05.965Z	spark2	LOAD	23.415	4.111
2026-09-28T05:09:05.997Z	spark1	LOAD	21.681	7.337
2026-09-28T05:09:06.226Z	spark2	LOAD	23.415	4.111
2026-09-28T05:09:06.248Z	spark1	LOAD	21.652	7.337
2026-09-28T05:09:06.477Z	spark2	LOAD	23.415	4.111
2026-09-28T05:09:06.498Z	spark1	LOAD	21.602	7.337
2026-09-28T05:09:06.728Z	spark2	LOAD	23.415	4.111
2026-09-28T05:09:06.748Z	spark1	LOAD	21.566	7.337
2026-09-28T05:09:06.979Z	spark2	LOAD	23.415	4.111
2026-09-28T05:09:07.015Z	spark1	LOAD	21.546	7.337
2026-09-28T05:09:07.240Z	spark2	LOAD	23.415	4.111
2026-09-28T05:09:07.265Z	spark1	LOAD	21.518	7.337
2026-09-28T05:09:07.490Z	spark2	LOAD	23.415	4.111
2026-09-28T05:09:07.515Z	spark1	LOAD	21.515	7.337
2026-09-28T05:09:07.741Z	spark2	LOAD	23.415	4.111
2026-09-28T05:09:07.766Z	spark1	LOAD	21.460	7.337
2026-09-28T05:09:07.991Z	spark2	LOAD	23.415	4.111
2026-09-28T05:09:08.032Z	spark1	LOAD	21.441	7.336
2026-09-28T05:09:08.252Z	spark2	LOAD	23.415	4.111
2026-09-28T05:09:08.283Z	spark1	LOAD	21.412	7.336
2026-09-28T05:09:08.503Z	spark2	LOAD	23.415	4.111
2026-09-28T05:09:08.533Z	spark1	LOAD	21.384	7.336
2026-09-28T05:09:08.754Z	spark2	LOAD	23.415	4.111
2026-09-28T05:09:08.783Z	spark1	LOAD	21.353	7.336
2026-09-28T05:09:09.006Z	spark2	LOAD	23.415	4.111
2026-09-28T05:09:09.051Z	spark1	LOAD	21.318	7.336
2026-09-28T05:09:09.266Z	spark2	LOAD	23.415	4.111
2026-09-28T05:09:09.301Z	spark1	LOAD	21.284	7.336
2026-09-28T05:09:09.517Z	spark2	LOAD	23.415	4.111
2026-09-28T05:09:09.551Z	spark1	LOAD	21.256	7.336
2026-09-28T05:09:09.767Z	spark2	LOAD	23.415	4.111
2026-09-28T05:09:09.802Z	spark1	LOAD	21.229	7.336
2026-09-28T05:09:10.018Z	spark2	LOAD	23.415	4.111
2026-09-28T05:09:10.068Z	spark1	LOAD	21.171	7.336
2026-09-28T05:09:10.278Z	spark2	LOAD	23.415	4.111
2026-09-28T05:09:10.318Z	spark1	LOAD	21.145	7.336
2026-09-28T05:09:10.530Z	spark2	LOAD	23.415	4.111
2026-09-28T05:09:10.569Z	spark1	LOAD	21.117	7.336
2026-09-28T05:09:10.780Z	spark2	LOAD	23.415	4.111
2026-09-28T05:09:10.820Z	spark1	LOAD	21.084	7.336
2026-09-28T05:09:11.031Z	spark2	LOAD	23.415	4.111
2026-09-28T05:09:11.080Z	spark1	LOAD	21.002	7.336
2026-09-28T05:09:11.295Z	spark2	LOAD	23.415	4.111
2026-09-28T05:09:11.331Z	spark1	LOAD	20.961	7.336
2026-09-28T05:09:11.546Z	spark2	LOAD	23.414	4.111
2026-09-28T05:09:11.581Z	spark1	LOAD	20.922	7.336
2026-09-28T05:09:11.796Z	spark2	LOAD	23.393	4.111
2026-09-28T05:09:11.831Z	spark1	LOAD	20.887	7.336
2026-09-28T05:09:12.048Z	spark2	LOAD	23.396	4.111
2026-09-28T05:09:12.098Z	spark1	LOAD	20.825	7.336
2026-09-28T05:09:12.308Z	spark2	LOAD	23.396	4.111
2026-09-28T05:09:12.348Z	spark1	LOAD	20.791	7.336
2026-09-28T05:09:12.559Z	spark2	LOAD	23.396	4.111
2026-09-28T05:09:12.598Z	spark1	LOAD	20.759	7.336
2026-09-28T05:09:12.810Z	spark2	LOAD	23.396	4.111
2026-09-28T05:09:12.848Z	spark1	LOAD	20.731	7.336
2026-09-28T05:09:13.060Z	spark2	LOAD	23.397	4.111
2026-09-28T05:09:13.116Z	spark1	LOAD	21.270	7.336
2026-09-28T05:09:13.320Z	spark2	LOAD	23.397	4.111
2026-09-28T05:09:13.366Z	spark1	LOAD	21.245	7.336
2026-09-28T05:09:13.571Z	spark2	LOAD	23.397	4.111
2026-09-28T05:09:13.617Z	spark1	LOAD	21.218	7.336
2026-09-28T05:09:13.822Z	spark2	LOAD	23.397	4.111
2026-09-28T05:09:13.867Z	spark1	LOAD	21.273	7.336
2026-09-28T05:09:14.073Z	spark2	LOAD	23.401	4.111
2026-09-28T05:09:14.134Z	spark1	LOAD	21.198	7.336
2026-09-28T05:09:14.338Z	spark2	LOAD	23.401	4.111
2026-09-28T05:09:14.384Z	spark1	LOAD	21.159	7.336
2026-09-28T05:09:14.589Z	spark2	LOAD	23.401	4.111
2026-09-28T05:09:14.635Z	spark1	LOAD	21.129	7.336
2026-09-28T05:09:14.841Z	spark2	LOAD	23.401	4.111
2026-09-28T05:09:14.885Z	spark1	LOAD	21.101	7.336
2026-09-28T05:09:15.091Z	spark2	LOAD	23.404	4.111
2026-09-28T05:09:15.151Z	spark1	LOAD	21.073	7.336
2026-09-28T05:09:15.352Z	spark2	LOAD	23.404	4.111
2026-09-28T05:09:15.401Z	spark1	LOAD	21.041	7.336
2026-09-28T05:09:15.603Z	spark2	LOAD	23.404	4.111
2026-09-28T05:09:15.652Z	spark1	LOAD	21.032	7.336
2026-09-28T05:09:15.854Z	spark2	LOAD	23.405	4.111
2026-09-28T05:09:15.901Z	spark1	LOAD	20.990	7.336
2026-09-28T05:09:16.105Z	spark2	LOAD	23.406	4.111
2026-09-28T05:09:16.162Z	spark1	LOAD	20.761	7.336
2026-09-28T05:09:16.371Z	spark2	LOAD	23.406	4.111
2026-09-28T05:09:16.412Z	spark1	LOAD	20.364	7.336
2026-09-28T05:09:16.623Z	spark2	LOAD	23.406	4.111
2026-09-28T05:09:16.663Z	spark1	LOAD	20.902	7.336
2026-09-28T05:09:16.872Z	spark2	LOAD	23.407	4.111
2026-09-28T05:09:16.913Z	spark1	LOAD	20.583	7.336
2026-09-28T05:09:17.123Z	spark2	LOAD	23.407	4.111
2026-09-28T05:09:17.179Z	spark1	LOAD	20.290	7.336
2026-09-28T05:09:17.383Z	spark2	LOAD	23.407	4.111
2026-09-28T05:09:17.429Z	spark1	LOAD	20.810	7.335
2026-09-28T05:09:17.634Z	spark2	LOAD	23.407	4.111
2026-09-28T05:09:17.679Z	spark1	LOAD	20.701	7.335
2026-09-28T05:09:17.885Z	spark2	LOAD	23.407	4.111
2026-09-28T05:09:17.930Z	spark1	LOAD	20.779	7.336
2026-09-28T05:09:18.135Z	spark2	LOAD	23.407	4.111
2026-09-28T05:09:18.198Z	spark1	LOAD	20.783	7.337
2026-09-28T05:09:18.401Z	spark2	LOAD	23.407	4.111
2026-09-28T05:09:18.448Z	spark1	LOAD	20.761	7.337
2026-09-28T05:09:18.653Z	spark2	LOAD	23.407	4.111
2026-09-28T05:09:18.699Z	spark1	LOAD	20.727	7.337
2026-09-28T05:09:18.903Z	spark2	LOAD	23.407	4.111
2026-09-28T05:09:18.949Z	spark1	LOAD	20.693	7.337
2026-09-28T05:09:19.154Z	spark2	LOAD	23.407	4.111
2026-09-28T05:09:19.217Z	spark1	LOAD	20.659	7.337
2026-09-28T05:09:19.414Z	spark2	LOAD	23.407	4.111
2026-09-28T05:09:19.467Z	spark1	LOAD	20.626	7.337
2026-09-28T05:09:19.665Z	spark2	LOAD	23.407	4.111
2026-09-28T05:09:19.717Z	spark1	LOAD	20.591	7.337
2026-09-28T05:09:19.916Z	spark2	LOAD	23.407	4.111
2026-09-28T05:09:19.968Z	spark1	LOAD	20.561	7.337
2026-09-28T05:09:20.167Z	spark2	LOAD	23.407	4.111
2026-09-28T05:09:20.233Z	spark1	LOAD	20.505	7.337
2026-09-28T05:09:20.432Z	spark2	LOAD	23.407	4.111
2026-09-28T05:09:20.484Z	spark1	LOAD	20.474	7.337
2026-09-28T05:09:20.684Z	spark2	LOAD	23.407	4.111
2026-09-28T05:09:20.734Z	spark1	LOAD	20.441	7.337
2026-09-28T05:09:20.934Z	spark2	LOAD	23.407	4.111
2026-09-28T05:09:20.984Z	spark1	LOAD	20.411	7.337
2026-09-28T05:09:21.185Z	spark2	LOAD	23.407	4.111
2026-09-28T05:09:21.251Z	spark1	LOAD	20.382	7.337
2026-09-28T05:09:21.446Z	spark2	LOAD	23.407	4.111
2026-09-28T05:09:21.502Z	spark1	LOAD	20.339	7.337
2026-09-28T05:09:21.697Z	spark2	LOAD	23.407	4.111
2026-09-28T05:09:21.752Z	spark1	LOAD	20.311	7.337
2026-09-28T05:09:21.948Z	spark2	LOAD	23.407	4.111
2026-09-28T05:09:22.002Z	spark1	LOAD	20.259	7.337
2026-09-28T05:09:22.198Z	spark2	LOAD	23.407	4.111
2026-09-28T05:09:22.263Z	spark1	LOAD	20.200	7.337
2026-09-28T05:09:22.462Z	spark2	LOAD	23.405	4.111
2026-09-28T05:09:22.514Z	spark1	LOAD	20.178	7.337
2026-09-28T05:09:22.712Z	spark2	LOAD	23.401	4.111
2026-09-28T05:09:22.764Z	spark1	LOAD	20.136	7.337
2026-09-28T05:09:22.962Z	spark2	LOAD	23.412	4.111
2026-09-28T05:09:23.014Z	spark1	LOAD	20.101	7.337
2026-09-28T05:09:23.213Z	spark2	LOAD	23.412	4.111
2026-09-28T05:09:23.282Z	spark1	LOAD	20.070	7.337
2026-09-28T05:09:23.474Z	spark2	LOAD	23.411	4.111
2026-09-28T05:09:23.532Z	spark1	LOAD	20.016	7.337
2026-09-28T05:09:23.725Z	spark2	LOAD	23.411	4.111
2026-09-28T05:09:23.782Z	spark1	LOAD	20.015	7.337
2026-09-28T05:09:23.976Z	spark2	LOAD	23.411	4.111
2026-09-28T05:09:24.033Z	spark1	LOAD	19.988	7.337
2026-09-28T05:09:24.227Z	spark2	LOAD	23.411	4.111
2026-09-28T05:09:24.295Z	spark1	LOAD	19.937	7.337
2026-09-28T05:09:24.487Z	spark2	LOAD	23.411	4.111
2026-09-28T05:09:24.545Z	spark1	LOAD	19.898	7.337
2026-09-28T05:09:24.738Z	spark2	LOAD	23.411	4.111
2026-09-28T05:09:24.796Z	spark1	LOAD	19.871	7.337
2026-09-28T05:09:24.989Z	spark2	LOAD	23.411	4.111
2026-09-28T05:09:25.046Z	spark1	LOAD	19.846	7.337
2026-09-28T05:09:25.240Z	spark2	LOAD	23.411	4.111
2026-09-28T05:09:25.307Z	spark1	LOAD	19.819	7.337
2026-09-28T05:09:25.506Z	spark2	LOAD	23.412	4.111
2026-09-28T05:09:25.558Z	spark1	LOAD	19.791	7.337
2026-09-28T05:09:25.756Z	spark2	LOAD	23.412	4.111
2026-09-28T05:09:25.808Z	spark1	LOAD	19.761	7.337
2026-09-28T05:09:26.007Z	spark2	LOAD	23.413	4.111
2026-09-28T05:09:26.058Z	spark1	LOAD	19.733	7.337
2026-09-28T05:09:26.259Z	spark2	LOAD	23.413	4.111
2026-09-28T05:09:26.325Z	spark1	LOAD	19.677	7.337
2026-09-28T05:09:26.519Z	spark2	LOAD	23.413	4.111
2026-09-28T05:09:26.575Z	spark1	LOAD	19.638	7.337
2026-09-28T05:09:26.771Z	spark2	LOAD	23.413	4.111
2026-09-28T05:09:26.825Z	spark1	LOAD	19.613	7.337
2026-09-28T05:09:27.022Z	spark2	LOAD	23.414	4.111
2026-09-28T05:09:27.075Z	spark1	LOAD	19.593	7.337
2026-09-28T05:09:27.272Z	spark2	LOAD	23.414	4.111
2026-09-28T05:09:27.337Z	spark1	LOAD	19.563	7.337
2026-09-28T05:09:27.537Z	spark2	LOAD	23.414	4.111
2026-09-28T05:09:27.588Z	spark1	LOAD	19.534	7.337
2026-09-28T05:09:27.788Z	spark2	LOAD	23.414	4.111
2026-09-28T05:09:27.838Z	spark1	LOAD	19.505	7.337
2026-09-28T05:09:28.039Z	spark2	LOAD	23.415	4.111
2026-09-28T05:09:28.088Z	spark1	LOAD	19.477	7.337
2026-09-28T05:09:28.289Z	spark2	LOAD	23.415	4.111
2026-09-28T05:09:28.357Z	spark1	LOAD	19.456	7.337
2026-09-28T05:09:28.550Z	spark2	LOAD	23.415	4.111
2026-09-28T05:09:28.608Z	spark1	LOAD	18.839	7.337
2026-09-28T05:09:28.801Z	spark2	LOAD	23.415	4.111
2026-09-28T05:09:28.858Z	spark1	LOAD	19.419	7.337
2026-09-28T05:09:29.051Z	spark2	LOAD	23.415	4.111
2026-09-28T05:09:29.108Z	spark1	LOAD	20.849	7.337
2026-09-28T05:09:29.302Z	spark2	LOAD	23.415	4.111
2026-09-28T05:09:29.370Z	spark1	LOAD	22.015	7.337
2026-09-28T05:09:29.563Z	spark2	LOAD	23.415	4.111
2026-09-28T05:09:29.620Z	spark1	LOAD	21.986	7.337
2026-09-28T05:09:29.814Z	spark2	LOAD	23.415	4.111
2026-09-28T05:09:29.871Z	spark1	LOAD	21.951	7.336
2026-09-28T05:09:30.065Z	spark2	LOAD	23.415	4.111
2026-09-28T05:09:30.121Z	spark1	LOAD	21.926	7.336
2026-09-28T05:09:30.316Z	spark2	LOAD	23.415	4.111
2026-09-28T05:09:30.387Z	spark1	LOAD	21.889	7.336
2026-09-28T05:09:30.576Z	spark2	LOAD	23.415	4.111
2026-09-28T05:09:30.638Z	spark1	LOAD	21.847	7.336
2026-09-28T05:09:30.828Z	spark2	LOAD	23.415	4.111
2026-09-28T05:09:30.888Z	spark1	LOAD	21.814	7.336
2026-09-28T05:09:31.078Z	spark2	LOAD	23.415	4.111
2026-09-28T05:09:31.138Z	spark1	LOAD	21.785	7.336
2026-09-28T05:09:31.329Z	spark2	LOAD	23.415	4.111
2026-09-28T05:09:31.405Z	spark1	LOAD	21.744	7.336
2026-09-28T05:09:31.589Z	spark2	LOAD	23.415	4.111
2026-09-28T05:09:31.655Z	spark1	LOAD	21.703	7.336
2026-09-28T05:09:31.841Z	spark2	LOAD	23.415	4.111
2026-09-28T05:09:31.905Z	spark1	LOAD	21.666	7.335
2026-09-28T05:09:32.092Z	spark2	LOAD	23.415	4.111
2026-09-28T05:09:32.156Z	spark1	LOAD	21.638	7.335
2026-09-28T05:09:32.343Z	spark2	LOAD	23.415	4.111
2026-09-28T05:09:32.422Z	spark1	LOAD	21.612	7.335
2026-09-28T05:09:32.607Z	spark2	LOAD	23.415	4.111
2026-09-28T05:09:32.673Z	spark1	LOAD	21.558	7.335
2026-09-28T05:09:32.858Z	spark2	LOAD	23.415	4.111
2026-09-28T05:09:32.923Z	spark1	LOAD	21.497	7.334
2026-09-28T05:09:33.108Z	spark2	LOAD	23.415	4.111
2026-09-28T05:09:33.173Z	spark1	LOAD	21.468	7.334
2026-09-28T05:09:33.359Z	spark2	LOAD	23.414	4.110
2026-09-28T05:09:33.435Z	spark1	LOAD	21.439	7.334
2026-09-28T05:09:33.624Z	spark2	LOAD	23.397	4.110
2026-09-28T05:09:33.686Z	spark1	LOAD	21.387	7.334
2026-09-28T05:09:33.875Z	spark2	LOAD	23.396	4.110
2026-09-28T05:09:33.936Z	spark1	LOAD	21.350	7.334
2026-09-28T05:09:34.125Z	spark2	LOAD	23.395	4.110
2026-09-28T05:09:34.186Z	spark1	LOAD	21.320	7.334
2026-09-28T05:09:34.376Z	spark2	LOAD	23.395	4.110
2026-09-28T05:09:34.454Z	spark1	LOAD	21.285	7.334
2026-09-28T05:09:34.637Z	spark2	LOAD	23.395	4.110
2026-09-28T05:09:34.704Z	spark1	LOAD	21.235	7.334
2026-09-28T05:09:34.887Z	spark2	LOAD	23.397	4.110
2026-09-28T05:09:34.955Z	spark1	LOAD	21.211	7.334
2026-09-28T05:09:35.138Z	spark2	LOAD	23.397	4.110
2026-09-28T05:09:35.205Z	spark1	LOAD	21.183	7.334
2026-09-28T05:09:35.389Z	spark2	LOAD	23.397	4.110
2026-09-28T05:09:35.466Z	spark1	LOAD	21.156	7.334
2026-09-28T05:09:35.654Z	spark2	LOAD	23.397	4.110
2026-09-28T05:09:35.717Z	spark1	LOAD	21.131	7.334
2026-09-28T05:09:35.905Z	spark2	LOAD	23.398	4.110
2026-09-28T05:09:35.968Z	spark1	LOAD	21.102	7.334
2026-09-28T05:09:36.156Z	spark2	LOAD	23.399	4.110
2026-09-28T05:09:36.218Z	spark1	LOAD	21.075	7.334
2026-09-28T05:09:36.407Z	spark2	LOAD	23.399	4.110
2026-09-28T05:09:36.484Z	spark1	LOAD	21.041	7.334
2026-09-28T05:09:36.668Z	spark2	LOAD	23.399	4.110
2026-09-28T05:09:36.734Z	spark1	LOAD	20.990	7.334
2026-09-28T05:09:36.919Z	spark2	LOAD	23.401	4.110
2026-09-28T05:09:36.985Z	spark1	LOAD	20.962	7.334
2026-09-28T05:09:37.169Z	spark2	LOAD	23.401	4.110
2026-09-28T05:09:37.235Z	spark1	LOAD	20.935	7.334
2026-09-28T05:09:37.420Z	spark2	LOAD	23.401	4.110
2026-09-28T05:09:37.502Z	spark1	LOAD	20.901	7.334
2026-09-28T05:09:37.685Z	spark2	LOAD	23.401	4.110
2026-09-28T05:09:37.753Z	spark1	LOAD	20.866	7.334
2026-09-28T05:09:37.936Z	spark2	LOAD	23.401	4.110
2026-09-28T05:09:38.003Z	spark1	LOAD	20.820	7.334
2026-09-28T05:09:38.188Z	spark2	LOAD	23.401	4.110
2026-09-28T05:09:38.254Z	spark1	LOAD	20.792	7.334
2026-09-28T05:09:38.439Z	spark2	LOAD	23.401	4.110
2026-09-28T05:09:38.521Z	spark1	LOAD	20.752	7.334
2026-09-28T05:09:38.699Z	spark2	LOAD	23.401	4.110
2026-09-28T05:09:38.771Z	spark1	LOAD	20.689	7.334
2026-09-28T05:09:38.949Z	spark2	LOAD	23.403	4.110
2026-09-28T05:09:39.021Z	spark1	LOAD	20.660	7.334
2026-09-28T05:09:39.200Z	spark2	LOAD	23.403	4.110
2026-09-28T05:09:39.272Z	spark1	LOAD	20.631	7.334
2026-09-28T05:09:39.451Z	spark2	LOAD	23.403	4.110
2026-09-28T05:09:39.540Z	spark1	LOAD	21.269	7.334
2026-09-28T05:09:39.716Z	spark2	LOAD	23.403	4.110
2026-09-28T05:09:39.790Z	spark1	LOAD	21.227	7.334
2026-09-28T05:09:39.966Z	spark2	LOAD	23.404	4.110
2026-09-28T05:09:40.040Z	spark1	LOAD	21.190	7.334
2026-09-28T05:09:40.218Z	spark2	LOAD	23.404	4.110
2026-09-28T05:09:40.291Z	spark1	LOAD	21.151	7.334
2026-09-28T05:09:40.468Z	spark2	LOAD	23.404	4.110
2026-09-28T05:09:40.551Z	spark1	LOAD	21.113	7.334
2026-09-28T05:09:40.732Z	spark2	LOAD	23.404	4.110
2026-09-28T05:09:40.802Z	spark1	LOAD	21.055	7.334
2026-09-28T05:09:40.983Z	spark2	LOAD	23.405	4.110
2026-09-28T05:09:41.052Z	spark1	LOAD	21.020	7.334
2026-09-28T05:09:41.234Z	spark2	LOAD	23.405	4.110
2026-09-28T05:09:41.303Z	spark1	LOAD	21.018	7.334
2026-09-28T05:09:41.484Z	spark2	LOAD	23.405	4.110
2026-09-28T05:09:41.565Z	spark1	LOAD	20.410	7.334
2026-09-28T05:09:41.750Z	spark2	LOAD	23.405	4.110
2026-09-28T05:09:41.815Z	spark1	LOAD	20.950	7.334
2026-09-28T05:09:42.001Z	spark2	LOAD	23.406	4.110
2026-09-28T05:09:42.066Z	spark1	LOAD	20.912	7.334
2026-09-28T05:09:42.252Z	spark2	LOAD	23.406	4.110
2026-09-28T05:09:42.316Z	spark1	LOAD	20.755	7.334
2026-09-28T05:09:42.503Z	spark2	LOAD	23.406	4.110
2026-09-28T05:09:42.579Z	spark1	LOAD	20.498	7.334
2026-09-28T05:09:42.763Z	spark2	LOAD	23.406	4.110
2026-09-28T05:09:42.830Z	spark1	LOAD	20.817	7.334
2026-09-28T05:09:43.014Z	spark2	LOAD	23.406	4.110
2026-09-28T05:09:43.080Z	spark1	LOAD	20.782	7.334
2026-09-28T05:09:43.264Z	spark2	LOAD	23.406	4.110
2026-09-28T05:09:43.330Z	spark1	LOAD	20.741	7.334
2026-09-28T05:09:43.515Z	spark2	LOAD	23.406	4.110
2026-09-28T05:09:43.598Z	spark1	LOAD	20.139	7.334
2026-09-28T05:09:43.775Z	spark2	LOAD	23.406	4.110
2026-09-28T05:09:43.848Z	spark1	LOAD	20.619	7.334
2026-09-28T05:09:44.026Z	spark2	LOAD	23.406	4.110
2026-09-28T05:09:44.099Z	spark1	LOAD	20.572	7.334
2026-09-28T05:09:44.277Z	spark2	LOAD	23.406	4.110
2026-09-28T05:09:44.349Z	spark1	LOAD	20.542	7.334
2026-09-28T05:09:44.527Z	spark2	LOAD	23.388	4.110
2026-09-28T05:09:44.616Z	spark1	LOAD	20.499	7.334
2026-09-28T05:09:44.793Z	spark2	LOAD	23.399	4.110
2026-09-28T05:09:44.866Z	spark1	LOAD	20.489	7.334
2026-09-28T05:09:45.044Z	spark2	LOAD	23.399	4.110
2026-09-28T05:09:45.116Z	spark1	LOAD	20.461	7.334
2026-09-28T05:09:45.295Z	spark2	LOAD	23.399	4.110
2026-09-28T05:09:45.367Z	spark1	LOAD	19.896	7.334
2026-09-28T05:09:45.546Z	spark2	LOAD	23.402	4.110
2026-09-28T05:09:45.633Z	spark1	LOAD	19.830	7.334
2026-09-28T05:09:45.811Z	spark2	LOAD	23.403	4.110
2026-09-28T05:09:45.884Z	spark1	LOAD	20.399	7.334
2026-09-28T05:09:46.062Z	spark2	LOAD	23.405	4.110
2026-09-28T05:09:46.134Z	spark1	LOAD	20.354	7.334
2026-09-28T05:09:46.312Z	spark2	LOAD	23.405	4.110
2026-09-28T05:09:46.384Z	spark1	LOAD	20.323	7.334
2026-09-28T05:09:46.564Z	spark2	LOAD	23.405	4.110
2026-09-28T05:09:46.653Z	spark1	LOAD	20.276	7.334
2026-09-28T05:09:46.825Z	spark2	LOAD	23.405	4.110
2026-09-28T05:09:46.903Z	spark1	LOAD	19.658	7.334
2026-09-28T05:09:47.075Z	spark2	LOAD	23.406	4.110
2026-09-28T05:09:47.153Z	spark1	LOAD	20.221	7.335
2026-09-28T05:09:47.326Z	spark2	LOAD	23.406	4.110
2026-09-28T05:09:47.404Z	spark1	LOAD	20.191	7.335
2026-09-28T05:09:47.576Z	spark2	LOAD	23.406	4.110
2026-09-28T05:09:47.670Z	spark1	LOAD	19.747	7.335
2026-09-28T05:09:47.837Z	spark2	LOAD	23.407	4.110
2026-09-28T05:09:47.921Z	spark1	LOAD	19.556	7.335
2026-09-28T05:09:48.088Z	spark2	LOAD	23.408	4.110
2026-09-28T05:09:48.171Z	spark1	LOAD	19.524	7.335
2026-09-28T05:09:48.339Z	spark2	LOAD	23.408	4.110
2026-09-28T05:09:48.421Z	spark1	LOAD	20.050	7.335
2026-09-28T05:09:48.590Z	spark2	LOAD	23.408	4.110
2026-09-28T05:09:48.689Z	spark1	LOAD	20.015	7.335
2026-09-28T05:09:48.855Z	spark2	LOAD	23.408	4.110
2026-09-28T05:09:48.939Z	spark1	LOAD	19.947	7.335
2026-09-28T05:09:49.106Z	spark2	LOAD	23.409	4.110
2026-09-28T05:09:49.189Z	spark1	LOAD	19.919	7.335
2026-09-28T05:09:49.357Z	spark2	LOAD	23.409	4.110
2026-09-28T05:09:49.440Z	spark1	LOAD	19.886	7.335
2026-09-28T05:09:49.608Z	spark2	LOAD	23.409	4.110
2026-09-28T05:09:49.700Z	spark1	LOAD	19.853	7.335
2026-09-28T05:09:49.872Z	spark2	LOAD	23.409	4.110
2026-09-28T05:09:49.950Z	spark1	LOAD	19.822	7.335
2026-09-28T05:09:50.124Z	spark2	LOAD	23.409	4.110
2026-09-28T05:09:50.201Z	spark1	LOAD	19.793	7.335
2026-09-28T05:09:50.375Z	spark2	LOAD	23.409	4.110
2026-09-28T05:09:50.451Z	spark1	LOAD	19.763	7.335
2026-09-28T05:09:50.626Z	spark2	LOAD	23.409	4.110
2026-09-28T05:09:50.719Z	spark1	LOAD	19.727	7.335
2026-09-28T05:09:50.891Z	spark2	LOAD	23.409	4.110
2026-09-28T05:09:50.969Z	spark1	LOAD	19.663	7.335
2026-09-28T05:09:51.142Z	spark2	LOAD	23.409	4.110
2026-09-28T05:09:51.219Z	spark1	LOAD	19.638	7.335
2026-09-28T05:09:51.393Z	spark2	LOAD	23.409	4.110
2026-09-28T05:09:51.470Z	spark1	LOAD	19.608	7.335
2026-09-28T05:09:51.644Z	spark2	LOAD	23.409	4.110
2026-09-28T05:09:51.731Z	spark1	LOAD	19.565	7.335
2026-09-28T05:09:51.908Z	spark2	LOAD	23.410	4.110
2026-09-28T05:09:51.982Z	spark1	LOAD	19.490	7.335
2026-09-28T05:09:52.160Z	spark2	LOAD	23.410	4.110
2026-09-28T05:09:52.232Z	spark1	LOAD	19.367	7.335
2026-09-28T05:09:52.411Z	spark2	LOAD	23.410	4.110
2026-09-28T05:09:52.482Z	spark1	LOAD	18.923	7.335
2026-09-28T05:09:52.662Z	spark2	LOAD	23.410	4.110
2026-09-28T05:09:52.749Z	spark1	LOAD	18.885	7.335
2026-09-28T05:09:52.927Z	spark2	LOAD	23.410	4.110
2026-09-28T05:09:53.000Z	spark1	LOAD	18.853	7.335
2026-09-28T05:09:53.177Z	spark2	LOAD	23.409	4.110
2026-09-28T05:09:53.250Z	spark1	LOAD	19.388	7.335
2026-09-28T05:09:53.429Z	spark2	LOAD	23.409	4.110
2026-09-28T05:09:53.500Z	spark1	LOAD	19.344	7.335
2026-09-28T05:09:53.679Z	spark2	LOAD	23.409	4.110
2026-09-28T05:09:53.768Z	spark1	LOAD	20.319	7.335
2026-09-28T05:09:53.944Z	spark2	LOAD	23.409	4.110
2026-09-28T05:09:54.019Z	spark1	LOAD	21.720	7.335
2026-09-28T05:09:54.194Z	spark2	LOAD	23.409	4.110
2026-09-28T05:09:54.270Z	spark1	LOAD	22.568	7.335
2026-09-28T05:09:54.445Z	spark2	LOAD	23.409	4.110
2026-09-28T05:09:54.520Z	spark1	LOAD	22.254	7.335
2026-09-28T05:09:54.696Z	spark2	LOAD	23.409	4.110
2026-09-28T05:09:54.786Z	spark1	LOAD	21.974	7.335
2026-09-28T05:09:54.956Z	spark2	LOAD	23.409	4.110
2026-09-28T05:09:55.036Z	spark1	LOAD	21.909	7.335
2026-09-28T05:09:55.207Z	spark2	LOAD	23.409	4.110
2026-09-28T05:09:55.286Z	spark1	LOAD	21.870	7.335
2026-09-28T05:09:55.457Z	spark2	LOAD	23.391	4.110
2026-09-28T05:09:55.537Z	spark1	LOAD	21.835	7.335
2026-09-28T05:09:55.708Z	spark2	LOAD	23.414	4.110
2026-09-28T05:09:55.803Z	spark1	LOAD	21.797	7.335
2026-09-28T05:09:55.974Z	spark2	LOAD	23.412	4.110
2026-09-28T05:09:56.054Z	spark1	LOAD	21.769	7.335
2026-09-28T05:09:56.225Z	spark2	LOAD	23.412	4.110
2026-09-28T05:09:56.304Z	spark1	LOAD	21.720	7.335
2026-09-28T05:09:56.476Z	spark2	LOAD	23.412	4.110
2026-09-28T05:09:56.554Z	spark1	LOAD	21.687	7.335
2026-09-28T05:09:56.727Z	spark2	LOAD	23.412	4.110
2026-09-28T05:09:56.817Z	spark1	LOAD	21.661	7.335
2026-09-28T05:09:56.988Z	spark2	LOAD	23.412	4.110
2026-09-28T05:09:57.067Z	spark1	LOAD	21.633	7.335
2026-09-28T05:09:57.239Z	spark2	LOAD	23.412	4.110
2026-09-28T05:09:57.318Z	spark1	LOAD	21.579	7.335
2026-09-28T05:09:57.490Z	spark2	LOAD	23.412	4.110
2026-09-28T05:09:57.568Z	spark1	LOAD	21.551	7.335
2026-09-28T05:09:57.742Z	spark2	LOAD	23.412	4.110
2026-09-28T05:09:57.835Z	spark1	LOAD	21.524	7.335
2026-09-28T05:09:58.007Z	spark2	LOAD	23.412	4.110
2026-09-28T05:09:58.085Z	spark1	LOAD	21.498	7.335
2026-09-28T05:09:58.258Z	spark2	LOAD	23.412	4.110
2026-09-28T05:09:58.336Z	spark1	LOAD	21.465	7.335
2026-09-28T05:09:58.508Z	spark2	LOAD	23.412	4.110
2026-09-28T05:09:58.586Z	spark1	LOAD	21.432	7.335
2026-09-28T05:09:58.759Z	spark2	LOAD	23.412	4.110
2026-09-28T05:09:58.852Z	spark1	LOAD	21.403	7.335
2026-09-28T05:09:59.020Z	spark2	LOAD	23.412	4.110
2026-09-28T05:09:59.103Z	spark1	LOAD	21.375	7.335
2026-09-28T05:09:59.271Z	spark2	LOAD	23.412	4.110
2026-09-28T05:09:59.353Z	spark1	LOAD	21.329	7.335
2026-09-28T05:09:59.522Z	spark2	LOAD	23.412	4.110
2026-09-28T05:09:59.604Z	spark1	LOAD	21.299	7.335
2026-09-28T05:09:59.773Z	spark2	LOAD	23.412	4.110
2026-09-28T05:09:59.865Z	spark1	LOAD	21.276	7.335
2026-09-28T05:10:00.039Z	spark2	LOAD	23.412	4.110
2026-09-28T05:10:00.116Z	spark1	LOAD	21.249	7.335
2026-09-28T05:10:00.290Z	spark2	LOAD	23.412	4.110
2026-09-28T05:10:00.366Z	spark1	LOAD	21.223	7.335
2026-09-28T05:10:00.541Z	spark2	LOAD	23.412	4.110
2026-09-28T05:10:00.617Z	spark1	LOAD	21.194	7.335
2026-09-28T05:10:00.792Z	spark2	LOAD	23.412	4.110
2026-09-28T05:10:00.878Z	spark1	LOAD	21.161	7.335
2026-09-28T05:10:01.053Z	spark2	LOAD	23.412	4.110
2026-09-28T05:10:01.129Z	spark1	LOAD	21.132	7.335
2026-09-28T05:10:01.303Z	spark2	LOAD	23.412	4.110
2026-09-28T05:10:01.379Z	spark1	LOAD	21.085	7.335
2026-09-28T05:10:01.554Z	spark2	LOAD	23.412	4.110
2026-09-28T05:10:01.630Z	spark1	LOAD	21.049	7.335
2026-09-28T05:10:01.805Z	spark2	LOAD	23.412	4.110
2026-09-28T05:10:01.896Z	spark1	LOAD	21.020	7.335
2026-09-28T05:10:02.067Z	spark2	LOAD	23.411	4.110
2026-09-28T05:10:02.146Z	spark1	LOAD	20.994	7.335
2026-09-28T05:10:02.318Z	spark2	LOAD	23.411	4.110
2026-09-28T05:10:02.396Z	spark1	LOAD	20.969	7.335
2026-09-28T05:10:02.569Z	spark2	LOAD	23.411	4.110
2026-09-28T05:10:02.647Z	spark1	LOAD	20.939	7.335
2026-09-28T05:10:02.819Z	spark2	LOAD	23.411	4.110
2026-09-28T05:10:02.916Z	spark1	LOAD	20.906	7.335
2026-09-28T05:10:03.080Z	spark2	LOAD	23.411	4.110
2026-09-28T05:10:03.166Z	spark1	LOAD	20.879	7.335
2026-09-28T05:10:03.330Z	spark2	LOAD	23.411	4.110
2026-09-28T05:10:03.416Z	spark1	LOAD	20.796	7.335
2026-09-28T05:10:03.580Z	spark2	LOAD	23.403	4.109
2026-09-28T05:10:03.667Z	spark1	LOAD	20.762	7.335
2026-09-28T05:10:03.831Z	spark2	LOAD	23.395	4.109
2026-09-28T05:10:03.936Z	spark1	LOAD	20.725	7.335
2026-09-28T05:10:04.097Z	spark2	LOAD	23.394	4.109
2026-09-28T05:10:04.186Z	spark1	LOAD	20.695	7.335
2026-09-28T05:10:04.349Z	spark2	LOAD	23.395	4.109
2026-09-28T05:10:04.437Z	spark1	LOAD	20.669	7.335
2026-09-28T05:10:04.599Z	spark2	LOAD	23.395	4.109
2026-09-28T05:10:04.687Z	spark1	LOAD	20.628	7.335
2026-09-28T05:10:04.850Z	spark2	LOAD	23.395	4.109
2026-09-28T05:10:04.954Z	spark1	LOAD	20.591	7.335
2026-09-28T05:10:05.116Z	spark2	LOAD	23.398	4.109
2026-09-28T05:10:05.204Z	spark1	LOAD	21.205	7.335
2026-09-28T05:10:05.366Z	spark2	LOAD	23.398	4.109
2026-09-28T05:10:05.455Z	spark1	LOAD	20.567	7.335
2026-09-28T05:10:05.618Z	spark2	LOAD	23.398	4.109
2026-09-28T05:10:05.705Z	spark1	LOAD	21.120	7.335
2026-09-28T05:10:05.868Z	spark2	LOAD	23.399	4.109
2026-09-28T05:10:05.974Z	spark1	LOAD	21.077	7.335
2026-09-28T05:10:06.132Z	spark2	LOAD	23.398	4.109
2026-09-28T05:10:06.224Z	spark1	LOAD	21.048	7.335
2026-09-28T05:10:06.382Z	spark2	LOAD	23.390	4.109
2026-09-28T05:10:06.475Z	spark1	LOAD	21.012	7.335
2026-09-28T05:10:06.632Z	spark2	LOAD	23.393	4.109
2026-09-28T05:10:06.725Z	spark1	LOAD	20.946	7.335
2026-09-28T05:10:06.883Z	spark2	LOAD	23.404	4.109
2026-09-28T05:10:06.992Z	spark1	LOAD	20.909	7.335
2026-09-28T05:10:07.145Z	spark2	LOAD	23.404	4.109
2026-09-28T05:10:07.243Z	spark1	LOAD	20.877	7.335
2026-09-28T05:10:07.396Z	spark2	LOAD	23.404	4.109
2026-09-28T05:10:07.493Z	spark1	LOAD	20.820	7.335
2026-09-28T05:10:07.646Z	spark2	LOAD	23.404	4.109
2026-09-28T05:10:07.744Z	spark1	LOAD	20.792	7.335
2026-09-28T05:10:07.897Z	spark2	LOAD	23.404	4.109
2026-09-28T05:10:08.010Z	spark1	LOAD	20.765	7.335
2026-09-28T05:10:08.164Z	spark2	LOAD	23.403	4.109
2026-09-28T05:10:08.261Z	spark1	LOAD	20.736	7.335
2026-09-28T05:10:08.415Z	spark2	LOAD	23.403	4.109
2026-09-28T05:10:08.511Z	spark1	LOAD	20.703	7.335
2026-09-28T05:10:08.666Z	spark2	LOAD	23.403	4.109
2026-09-28T05:10:08.761Z	spark1	LOAD	20.685	7.335
2026-09-28T05:10:08.917Z	spark2	LOAD	23.403	4.109
2026-09-28T05:10:09.028Z	spark1	LOAD	20.675	7.335
2026-09-28T05:10:09.177Z	spark2	LOAD	23.405	4.109
2026-09-28T05:10:09.278Z	spark1	LOAD	20.647	7.335
2026-09-28T05:10:09.428Z	spark2	LOAD	23.405	4.109
2026-09-28T05:10:09.529Z	spark1	LOAD	20.589	7.335
2026-09-28T05:10:09.679Z	spark2	LOAD	23.405	4.109
2026-09-28T05:10:09.779Z	spark1	LOAD	20.558	7.335
2026-09-28T05:10:09.929Z	spark2	LOAD	23.405	4.109
2026-09-28T05:10:10.046Z	spark1	LOAD	20.533	7.335
2026-09-28T05:10:10.190Z	spark2	LOAD	23.405	4.109
2026-09-28T05:10:10.296Z	spark1	LOAD	20.501	7.335
2026-09-28T05:10:10.441Z	spark2	LOAD	23.405	4.109
2026-09-28T05:10:10.546Z	spark1	LOAD	20.466	7.335
2026-09-28T05:10:10.691Z	spark2	LOAD	23.405	4.109
2026-09-28T05:10:10.797Z	spark1	LOAD	20.439	7.335
2026-09-28T05:10:10.942Z	spark2	LOAD	23.407	4.109
2026-09-28T05:10:11.059Z	spark1	LOAD	20.408	7.335
2026-09-28T05:10:11.202Z	spark2	LOAD	23.407	4.109
2026-09-28T05:10:11.310Z	spark1	LOAD	20.381	7.335
2026-09-28T05:10:11.453Z	spark2	LOAD	23.407	4.109
2026-09-28T05:10:11.560Z	spark1	LOAD	19.774	7.335
2026-09-28T05:10:11.703Z	spark2	LOAD	23.407	4.109
2026-09-28T05:10:11.810Z	spark1	LOAD	19.749	7.335
2026-09-28T05:10:11.954Z	spark2	LOAD	23.407	4.109
2026-09-28T05:10:12.073Z	spark1	LOAD	20.305	7.335
2026-09-28T05:10:12.219Z	spark2	LOAD	23.409	4.109
2026-09-28T05:10:12.324Z	spark1	LOAD	20.271	7.335
2026-09-28T05:10:12.470Z	spark2	LOAD	23.409	4.109
2026-09-28T05:10:12.574Z	spark1	LOAD	20.233	7.335
2026-09-28T05:10:12.721Z	spark2	LOAD	23.409	4.109
2026-09-28T05:10:12.825Z	spark1	LOAD	20.205	7.335
2026-09-28T05:10:12.972Z	spark2	LOAD	23.409	4.109
2026-09-28T05:10:13.091Z	spark1	LOAD	19.617	7.335
2026-09-28T05:10:13.239Z	spark2	LOAD	23.409	4.109
2026-09-28T05:10:13.342Z	spark1	LOAD	20.133	7.335
2026-09-28T05:10:13.489Z	spark2	LOAD	23.409	4.109
2026-09-28T05:10:13.592Z	spark1	LOAD	20.074	7.335
2026-09-28T05:10:13.741Z	spark2	LOAD	23.409	4.109
2026-09-28T05:10:13.842Z	spark1	LOAD	19.452	7.335
2026-09-28T05:10:13.991Z	spark2	LOAD	23.410	4.109
2026-09-28T05:10:14.109Z	spark1	LOAD	19.413	7.335
2026-09-28T05:10:14.257Z	spark2	LOAD	23.412	4.109
2026-09-28T05:10:14.360Z	spark1	LOAD	19.965	7.335
2026-09-28T05:10:14.508Z	spark2	LOAD	23.412	4.109
2026-09-28T05:10:14.610Z	spark1	LOAD	19.921	7.335
2026-09-28T05:10:14.759Z	spark2	LOAD	23.412	4.109
2026-09-28T05:10:14.861Z	spark1	LOAD	19.884	7.335
2026-09-28T05:10:15.010Z	spark2	LOAD	23.413	4.109
2026-09-28T05:10:15.122Z	spark1	LOAD	19.849	7.335
2026-09-28T05:10:15.275Z	spark2	LOAD	23.413	4.109
2026-09-28T05:10:15.373Z	spark1	LOAD	19.830	7.335
2026-09-28T05:10:15.526Z	spark2	LOAD	23.413	4.109
2026-09-28T05:10:15.623Z	spark1	LOAD	19.775	7.335
2026-09-28T05:10:15.776Z	spark2	LOAD	23.413	4.109
2026-09-28T05:10:15.874Z	spark1	LOAD	19.743	7.335
2026-09-28T05:10:16.027Z	spark2	LOAD	23.413	4.109
2026-09-28T05:10:16.136Z	spark1	LOAD	19.708	7.335
2026-09-28T05:10:16.288Z	spark2	LOAD	23.417	4.109
2026-09-28T05:10:16.386Z	spark1	LOAD	19.702	7.335
2026-09-28T05:10:16.539Z	spark2	LOAD	23.417	4.109
2026-09-28T05:10:16.636Z	spark1	LOAD	19.655	7.335
2026-09-28T05:10:16.790Z	spark2	LOAD	23.417	4.109
2026-09-28T05:10:16.886Z	spark1	LOAD	19.577	7.335
2026-09-28T05:10:17.041Z	spark2	LOAD	23.417	4.109
2026-09-28T05:10:17.155Z	spark1	LOAD	19.528	7.335
2026-09-28T05:10:17.306Z	spark2	LOAD	23.416	4.109
2026-09-28T05:10:17.405Z	spark1	LOAD	19.493	7.335
2026-09-28T05:10:17.556Z	spark2	LOAD	23.398	4.109
2026-09-28T05:10:17.655Z	spark1	LOAD	19.453	7.335
2026-09-28T05:10:17.807Z	spark2	LOAD	23.407	4.109
2026-09-28T05:10:17.906Z	spark1	LOAD	19.602	7.335
2026-09-28T05:10:18.058Z	spark2	LOAD	23.406	4.109
2026-09-28T05:10:18.173Z	spark1	LOAD	21.108	7.334
2026-09-28T05:10:18.320Z	spark2	LOAD	23.405	4.109
2026-09-28T05:10:18.423Z	spark1	LOAD	22.517	7.334
2026-09-28T05:10:18.571Z	spark2	LOAD	23.405	4.109
2026-09-28T05:10:18.673Z	spark1	LOAD	22.583	7.334
2026-09-28T05:10:18.822Z	spark2	LOAD	23.405	4.109
2026-09-28T05:10:18.924Z	spark1	LOAD	22.554	7.334
2026-09-28T05:10:19.072Z	spark2	LOAD	23.406	4.109
2026-09-28T05:10:19.185Z	spark1	LOAD	22.522	7.334
2026-09-28T05:10:19.336Z	spark2	LOAD	23.406	4.109
2026-09-28T05:10:19.436Z	spark1	LOAD	22.498	7.334
2026-09-28T05:10:19.587Z	spark2	LOAD	23.406	4.109
2026-09-28T05:10:19.686Z	spark1	LOAD	22.469	7.334
2026-09-28T05:10:19.837Z	spark2	LOAD	23.405	4.109
2026-09-28T05:10:19.936Z	spark1	LOAD	22.412	7.334
2026-09-28T05:10:20.088Z	spark2	LOAD	23.405	4.109
2026-09-28T05:10:20.203Z	spark1	LOAD	22.384	7.334
2026-09-28T05:10:20.349Z	spark2	LOAD	23.405	4.109
2026-09-28T05:10:20.453Z	spark1	LOAD	22.355	7.334
2026-09-28T05:10:20.600Z	spark2	LOAD	23.405	4.109
2026-09-28T05:10:20.703Z	spark1	LOAD	22.319	7.334
2026-09-28T05:10:20.851Z	spark2	LOAD	23.405	4.109
2026-09-28T05:10:20.954Z	spark1	LOAD	22.296	7.334
2026-09-28T05:10:21.102Z	spark2	LOAD	23.407	4.109
2026-09-28T05:10:21.221Z	spark1	LOAD	22.268	7.334
2026-09-28T05:10:21.367Z	spark2	LOAD	23.407	4.109
2026-09-28T05:10:21.471Z	spark1	LOAD	22.239	7.334
2026-09-28T05:10:21.618Z	spark2	LOAD	23.407	4.109
2026-09-28T05:10:21.722Z	spark1	LOAD	22.203	7.334
2026-09-28T05:10:21.870Z	spark2	LOAD	23.407	4.109
2026-09-28T05:10:21.972Z	spark1	LOAD	22.157	7.334
2026-09-28T05:10:22.120Z	spark2	LOAD	23.408	4.109
2026-09-28T05:10:22.239Z	spark1	LOAD	22.128	7.334
2026-09-28T05:10:22.382Z	spark2	LOAD	23.408	4.109
2026-09-28T05:10:22.489Z	spark1	LOAD	22.103	7.334
2026-09-28T05:10:22.633Z	spark2	LOAD	23.408	4.109
2026-09-28T05:10:22.739Z	spark1	LOAD	22.076	7.334
2026-09-28T05:10:22.884Z	spark2	LOAD	23.409	4.109
2026-09-28T05:10:22.990Z	spark1	LOAD	22.049	7.334
2026-09-28T05:10:23.134Z	spark2	LOAD	23.409	4.109
2026-09-28T05:10:23.252Z	spark1	LOAD	22.020	7.334
2026-09-28T05:10:23.400Z	spark2	LOAD	23.409	4.109
2026-09-28T05:10:23.502Z	spark1	LOAD	21.993	7.334
2026-09-28T05:10:23.651Z	spark2	LOAD	23.409	4.109
2026-09-28T05:10:23.752Z	spark1	LOAD	21.961	7.334
2026-09-28T05:10:23.901Z	spark2	LOAD	23.410	4.109
2026-09-28T05:10:24.003Z	spark1	LOAD	21.916	7.334
2026-09-28T05:10:24.152Z	spark2	LOAD	23.410	4.109
2026-09-28T05:10:24.269Z	spark1	LOAD	21.885	7.334
2026-09-28T05:10:24.414Z	spark2	LOAD	23.410	4.109
2026-09-28T05:10:24.519Z	spark1	LOAD	21.849	7.334
2026-09-28T05:10:24.664Z	spark2	LOAD	23.410	4.109
2026-09-28T05:10:24.770Z	spark1	LOAD	21.820	7.334
2026-09-28T05:10:24.915Z	spark2	LOAD	23.410	4.109
2026-09-28T05:10:25.020Z	spark1	LOAD	21.791	7.334
2026-09-28T05:10:25.166Z	spark2	LOAD	23.411	4.109
2026-09-28T05:10:25.287Z	spark1	LOAD	21.760	7.334
2026-09-28T05:10:25.427Z	spark2	LOAD	23.411	4.109
2026-09-28T05:10:25.538Z	spark1	LOAD	21.733	7.334
2026-09-28T05:10:25.677Z	spark2	LOAD	23.411	4.109
2026-09-28T05:10:25.788Z	spark1	LOAD	21.708	7.334
2026-09-28T05:10:25.928Z	spark2	LOAD	23.411	4.109
2026-09-28T05:10:26.039Z	spark1	LOAD	21.653	7.334
2026-09-28T05:10:26.179Z	spark2	LOAD	23.411	4.109
2026-09-28T05:10:26.300Z	spark1	LOAD	21.625	7.334
2026-09-28T05:10:26.445Z	spark2	LOAD	23.413	4.109
2026-09-28T05:10:26.551Z	spark1	LOAD	21.600	7.334
2026-09-28T05:10:26.695Z	spark2	LOAD	23.413	4.109
2026-09-28T05:10:26.801Z	spark1	LOAD	21.244	7.334
2026-09-28T05:10:26.946Z	spark2	LOAD	23.413	4.109
2026-09-28T05:10:27.051Z	spark1	LOAD	21.023	7.334
2026-09-28T05:10:27.197Z	spark2	LOAD	23.413	4.109
2026-09-28T05:10:27.312Z	spark1	LOAD	20.984	7.334
2026-09-28T05:10:27.463Z	spark2	LOAD	23.413	4.109
2026-09-28T05:10:27.563Z	spark1	LOAD	20.953	7.334
2026-09-28T05:10:27.713Z	spark2	LOAD	23.413	4.109
2026-09-28T05:10:27.813Z	spark1	LOAD	21.478	7.334
2026-09-28T05:10:27.964Z	spark2	LOAD	23.413	4.109
2026-09-28T05:10:28.063Z	spark1	LOAD	21.404	7.334
2026-09-28T05:10:28.215Z	spark2	LOAD	23.413	4.109
2026-09-28T05:10:28.330Z	spark1	LOAD	21.343	7.334
2026-09-28T05:10:28.475Z	spark2	LOAD	23.405	4.109
2026-09-28T05:10:28.581Z	spark1	LOAD	20.855	7.334
2026-09-28T05:10:28.725Z	spark2	LOAD	23.420	4.108
2026-09-28T05:10:28.831Z	spark1	LOAD	20.750	7.334
2026-09-28T05:10:28.976Z	spark2	LOAD	23.420	4.108
2026-09-28T05:10:29.081Z	spark1	LOAD	21.309	7.334
2026-09-28T05:10:29.227Z	spark2	LOAD	23.420	4.108
2026-09-28T05:10:29.349Z	spark1	LOAD	21.270	7.334
2026-09-28T05:10:29.493Z	spark2	LOAD	23.420	4.108
2026-09-28T05:10:29.600Z	spark1	LOAD	21.236	7.334
2026-09-28T05:10:29.744Z	spark2	LOAD	23.420	4.108
2026-09-28T05:10:29.850Z	spark1	LOAD	21.205	7.334
2026-09-28T05:10:29.995Z	spark2	LOAD	23.420	4.108
2026-09-28T05:10:30.100Z	spark1	LOAD	21.128	7.334
2026-09-28T05:10:30.246Z	spark2	LOAD	23.420	4.108
2026-09-28T05:10:30.368Z	spark1	LOAD	21.139	7.334
2026-09-28T05:10:30.508Z	spark2	LOAD	23.419	4.108
2026-09-28T05:10:30.618Z	spark1	LOAD	21.107	7.334
2026-09-28T05:10:30.759Z	spark2	LOAD	23.419	4.108
2026-09-28T05:10:30.869Z	spark1	LOAD	21.073	7.334
2026-09-28T05:10:31.010Z	spark2	LOAD	23.419	4.108
2026-09-28T05:10:31.119Z	spark1	LOAD	21.040	7.334
2026-09-28T05:10:31.261Z	spark2	LOAD	23.419	4.108
2026-09-28T05:10:31.382Z	spark1	LOAD	21.008	7.334
2026-09-28T05:10:31.526Z	spark2	LOAD	23.419	4.108
2026-09-28T05:10:31.632Z	spark1	LOAD	20.970	7.334
2026-09-28T05:10:31.777Z	spark2	LOAD	23.419	4.108
2026-09-28T05:10:31.882Z	spark1	LOAD	20.931	7.334
2026-09-28T05:10:32.028Z	spark2	LOAD	23.419	4.108
2026-09-28T05:10:32.132Z	spark1	LOAD	20.920	7.334
2026-09-28T05:10:32.279Z	spark2	LOAD	23.419	4.108
2026-09-28T05:10:32.399Z	spark1	LOAD	20.864	7.334
2026-09-28T05:10:32.540Z	spark2	LOAD	23.419	4.108
2026-09-28T05:10:32.650Z	spark1	LOAD	20.854	7.336
2026-09-28T05:10:32.792Z	spark2	LOAD	23.419	4.108
2026-09-28T05:10:32.900Z	spark1	LOAD	20.808	7.336
2026-09-28T05:10:33.042Z	spark2	LOAD	23.419	4.108
2026-09-28T05:10:33.150Z	spark1	LOAD	20.774	7.336
2026-09-28T05:10:33.293Z	spark2	LOAD	23.419	4.108
2026-09-28T05:10:33.418Z	spark1	LOAD	20.698	7.336
2026-09-28T05:10:33.554Z	spark2	LOAD	23.419	4.108
2026-09-28T05:10:33.668Z	spark1	LOAD	20.669	7.336
2026-09-28T05:10:33.805Z	spark2	LOAD	23.419	4.108
2026-09-28T05:10:33.919Z	spark1	LOAD	20.635	7.336
2026-09-28T05:10:34.056Z	spark2	LOAD	23.419	4.108
2026-09-28T05:10:34.169Z	spark1	LOAD	20.565	7.336
2026-09-28T05:10:34.306Z	spark2	LOAD	23.419	4.108
2026-09-28T05:10:34.436Z	spark1	LOAD	20.530	7.336
2026-09-28T05:10:34.566Z	spark2	LOAD	23.419	4.108
2026-09-28T05:10:34.686Z	spark1	LOAD	20.496	7.336
2026-09-28T05:10:34.817Z	spark2	LOAD	23.419	4.108
2026-09-28T05:10:34.936Z	spark1	LOAD	20.487	7.336
2026-09-28T05:10:35.068Z	spark2	LOAD	23.419	4.108
2026-09-28T05:10:35.186Z	spark1	LOAD	20.236	7.336
2026-09-28T05:10:35.318Z	spark2	LOAD	23.418	4.108
2026-09-28T05:10:35.453Z	spark1	LOAD	20.400	7.336
2026-09-28T05:10:35.579Z	spark2	LOAD	23.418	4.108
2026-09-28T05:10:35.703Z	spark1	LOAD	20.327	7.336
2026-09-28T05:10:35.829Z	spark2	LOAD	23.418	4.108
2026-09-28T05:10:35.953Z	spark1	LOAD	20.283	7.336
2026-09-28T05:10:36.080Z	spark2	LOAD	23.418	4.108
2026-09-28T05:10:36.203Z	spark1	LOAD	20.268	7.336
2026-09-28T05:10:36.331Z	spark2	LOAD	23.418	4.108
2026-09-28T05:10:36.470Z	spark1	LOAD	20.235	7.336
2026-09-28T05:10:36.591Z	spark2	LOAD	23.418	4.108
2026-09-28T05:10:36.720Z	spark1	LOAD	20.186	7.336
2026-09-28T05:10:36.842Z	spark2	LOAD	23.419	4.108
2026-09-28T05:10:36.971Z	spark1	LOAD	20.154	7.336
2026-09-28T05:10:37.092Z	spark2	LOAD	23.419	4.108
2026-09-28T05:10:37.221Z	spark1	LOAD	19.628	7.336
2026-09-28T05:10:37.343Z	spark2	LOAD	23.419	4.108
2026-09-28T05:10:37.488Z	spark1	LOAD	19.501	7.336
2026-09-28T05:10:37.603Z	spark2	LOAD	23.419	4.108
2026-09-28T05:10:37.738Z	spark1	LOAD	20.044	7.336
2026-09-28T05:10:37.854Z	spark2	LOAD	23.419	4.108
2026-09-28T05:10:37.988Z	spark1	LOAD	20.006	7.336
2026-09-28T05:10:38.104Z	spark2	LOAD	23.419	4.108
2026-09-28T05:10:38.239Z	spark1	LOAD	19.947	7.336
2026-09-28T05:10:38.355Z	spark2	LOAD	23.419	4.108
2026-09-28T05:10:38.507Z	spark1	LOAD	19.919	7.336
2026-09-28T05:10:38.620Z	spark2	LOAD	23.419	4.108
2026-09-28T05:10:38.758Z	spark1	LOAD	19.880	7.336
2026-09-28T05:10:38.871Z	spark2	LOAD	23.419	4.108
2026-09-28T05:10:39.008Z	spark1	LOAD	19.827	7.336
2026-09-28T05:10:39.121Z	spark2	LOAD	23.419	4.108
2026-09-28T05:10:39.258Z	spark1	LOAD	19.790	7.336
2026-09-28T05:10:39.371Z	spark2	LOAD	23.388	4.108
2026-09-28T05:10:39.524Z	spark1	LOAD	19.496	7.336
2026-09-28T05:10:39.636Z	spark2	LOAD	23.405	4.108
2026-09-28T05:10:39.775Z	spark1	LOAD	19.732	7.335
2026-09-28T05:10:39.887Z	spark2	LOAD	23.405	4.108
2026-09-28T05:10:40.025Z	spark1	LOAD	19.585	7.335
2026-09-28T05:10:40.137Z	spark2	LOAD	23.405	4.108
2026-09-28T05:10:40.275Z	spark1	LOAD	19.656	7.336
2026-09-28T05:10:40.388Z	spark2	LOAD	23.404	4.108
2026-09-28T05:10:40.542Z	spark1	LOAD	19.640	7.336
2026-09-28T05:10:40.649Z	spark2	LOAD	23.404	4.108
2026-09-28T05:10:40.793Z	spark1	LOAD	19.609	7.338
2026-09-28T05:10:40.899Z	spark2	LOAD	23.404	4.108
2026-09-28T05:10:41.043Z	spark1	LOAD	19.521	7.338
2026-09-28T05:10:41.150Z	spark2	LOAD	23.404	4.108
2026-09-28T05:10:41.293Z	spark1	LOAD	19.099	7.338
2026-09-28T05:10:41.400Z	spark2	LOAD	23.404	4.108
2026-09-28T05:10:41.560Z	spark1	LOAD	19.519	7.338
2026-09-28T05:10:41.666Z	spark2	LOAD	23.404	4.108
2026-09-28T05:10:41.811Z	spark1	LOAD	19.476	7.339
2026-09-28T05:10:41.916Z	spark2	LOAD	23.404	4.108
2026-09-28T05:10:42.061Z	spark1	LOAD	19.030	7.339
2026-09-28T05:10:42.166Z	spark2	LOAD	23.406	4.108
2026-09-28T05:10:42.311Z	spark1	LOAD	19.734	7.338
2026-09-28T05:10:42.417Z	spark2	LOAD	23.406	4.108
2026-09-28T05:10:42.574Z	spark1	LOAD	21.156	7.338
2026-09-28T05:10:42.682Z	spark2	LOAD	23.406	4.108
2026-09-28T05:10:42.824Z	spark1	LOAD	22.191	7.338
2026-09-28T05:10:42.933Z	spark2	LOAD	23.406	4.108
2026-09-28T05:10:43.074Z	spark1	LOAD	22.159	7.338
2026-09-28T05:10:43.182Z	spark2	LOAD	23.406	4.108
2026-09-28T05:10:43.325Z	spark1	LOAD	22.119	7.338
2026-09-28T05:10:43.433Z	spark2	LOAD	23.406	4.108
2026-09-28T05:10:43.591Z	spark1	LOAD	22.092	7.338
2026-09-28T05:10:43.698Z	spark2	LOAD	23.406	4.108
2026-09-28T05:10:43.841Z	spark1	LOAD	22.062	7.338
2026-09-28T05:10:43.949Z	spark2	LOAD	23.407	4.108
2026-09-28T05:10:44.092Z	spark1	LOAD	22.030	7.338
2026-09-28T05:10:44.199Z	spark2	LOAD	23.407	4.108
2026-09-28T05:10:44.342Z	spark1	LOAD	21.995	7.338
2026-09-28T05:10:44.450Z	spark2	LOAD	23.407	4.108
2026-09-28T05:10:44.604Z	spark1	LOAD	21.951	7.338
2026-09-28T05:10:44.714Z	spark2	LOAD	23.407	4.108
2026-09-28T05:10:44.854Z	spark1	LOAD	21.923	7.338
2026-09-28T05:10:44.965Z	spark2	LOAD	23.407	4.108
2026-09-28T05:10:45.105Z	spark1	LOAD	21.896	7.338
2026-09-28T05:10:45.216Z	spark2	LOAD	23.407	4.108
2026-09-28T05:10:45.355Z	spark1	LOAD	21.861	7.338
2026-09-28T05:10:45.466Z	spark2	LOAD	23.407	4.108
2026-09-28T05:10:45.621Z	spark1	LOAD	21.830	7.338
2026-09-28T05:10:45.732Z	spark2	LOAD	23.407	4.108
2026-09-28T05:10:45.872Z	spark1	LOAD	21.801	7.338
2026-09-28T05:10:45.982Z	spark2	LOAD	23.407	4.108
2026-09-28T05:10:46.122Z	spark1	LOAD	21.772	7.338
2026-09-28T05:10:46.232Z	spark2	LOAD	23.407	4.108
2026-09-28T05:10:46.373Z	spark1	LOAD	21.743	7.338
2026-09-28T05:10:46.483Z	spark2	LOAD	23.407	4.108
2026-09-28T05:10:46.639Z	spark1	LOAD	21.675	7.338
2026-09-28T05:10:46.747Z	spark2	LOAD	23.407	4.108
2026-09-28T05:10:46.889Z	spark1	LOAD	21.637	7.338
2026-09-28T05:10:46.998Z	spark2	LOAD	23.407	4.108
2026-09-28T05:10:47.140Z	spark1	LOAD	21.611	7.338
2026-09-28T05:10:47.249Z	spark2	LOAD	23.408	4.108
2026-09-28T05:10:47.390Z	spark1	LOAD	21.552	7.338
2026-09-28T05:10:47.499Z	spark2	LOAD	23.408	4.108
2026-09-28T05:10:47.656Z	spark1	LOAD	21.512	7.338
2026-09-28T05:10:47.765Z	spark2	LOAD	23.408	4.108
2026-09-28T05:10:47.906Z	spark1	LOAD	21.482	7.338
2026-09-28T05:10:48.015Z	spark2	LOAD	23.408	4.108
2026-09-28T05:10:48.157Z	spark1	LOAD	21.451	7.338
2026-09-28T05:10:48.266Z	spark2	LOAD	23.408	4.108
2026-09-28T05:10:48.407Z	spark1	LOAD	21.418	7.338
2026-09-28T05:10:48.516Z	spark2	LOAD	23.408	4.108
2026-09-28T05:10:48.669Z	spark1	LOAD	21.360	7.338
2026-09-28T05:10:48.781Z	spark2	LOAD	23.408	4.108
2026-09-28T05:10:48.919Z	spark1	LOAD	21.328	7.338
2026-09-28T05:10:49.032Z	spark2	LOAD	23.408	4.108
2026-09-28T05:10:49.169Z	spark1	LOAD	21.301	7.338
2026-09-28T05:10:49.283Z	spark2	LOAD	23.408	4.108
2026-09-28T05:10:49.420Z	spark1	LOAD	21.269	7.338
2026-09-28T05:10:49.533Z	spark2	LOAD	23.408	4.108
2026-09-28T05:10:49.685Z	spark1	LOAD	21.236	7.338
2026-09-28T05:10:49.798Z	spark2	LOAD	23.408	4.108
2026-09-28T05:10:49.935Z	spark1	LOAD	21.154	7.338
2026-09-28T05:10:50.049Z	spark2	LOAD	23.408	4.108
2026-09-28T05:10:50.186Z	spark1	LOAD	21.124	7.338
2026-09-28T05:10:50.298Z	spark2	LOAD	23.405	4.108
2026-09-28T05:10:50.436Z	spark1	LOAD	21.092	7.338
2026-09-28T05:10:50.548Z	spark2	LOAD	23.408	4.108
2026-09-28T05:10:50.702Z	spark1	LOAD	21.014	7.338
2026-09-28T05:10:50.814Z	spark2	LOAD	23.408	4.108
2026-09-28T05:10:50.952Z	spark1	LOAD	20.983	7.338
2026-09-28T05:10:51.064Z	spark2	LOAD	23.408	4.108
2026-09-28T05:10:51.203Z	spark1	LOAD	20.953	7.338
2026-09-28T05:10:51.314Z	spark2	LOAD	23.408	4.108
2026-09-28T05:10:51.454Z	spark1	LOAD	20.922	7.338
2026-09-28T05:10:51.565Z	spark2	LOAD	23.408	4.108
2026-09-28T05:10:51.719Z	spark1	LOAD	20.876	7.338
2026-09-28T05:10:51.826Z	spark2	LOAD	23.408	4.108
2026-09-28T05:10:51.970Z	spark1	LOAD	20.842	7.338
2026-09-28T05:10:52.077Z	spark2	LOAD	23.408	4.108
2026-09-28T05:10:52.220Z	spark1	LOAD	20.815	7.338
2026-09-28T05:10:52.328Z	spark2	LOAD	23.408	4.108
2026-09-28T05:10:52.470Z	spark1	LOAD	20.787	7.338
2026-09-28T05:10:52.578Z	spark2	LOAD	23.408	4.108
2026-09-28T05:10:52.732Z	spark1	LOAD	20.729	7.338
2026-09-28T05:10:52.843Z	spark2	LOAD	23.407	4.108
2026-09-28T05:10:52.983Z	spark1	LOAD	20.703	7.338
2026-09-28T05:10:53.094Z	spark2	LOAD	23.407	4.108
2026-09-28T05:10:53.233Z	spark1	LOAD	20.676	7.338
2026-09-28T05:10:53.344Z	spark2	LOAD	23.407	4.108
2026-09-28T05:10:53.484Z	spark1	LOAD	20.648	7.338
2026-09-28T05:10:53.595Z	spark2	LOAD	23.407	4.108
2026-09-28T05:10:53.746Z	spark1	LOAD	20.612	7.338
2026-09-28T05:10:53.860Z	spark2	LOAD	23.407	4.108
2026-09-28T05:10:53.997Z	spark1	LOAD	20.578	7.338
2026-09-28T05:10:54.111Z	spark2	LOAD	23.407	4.108
2026-09-28T05:10:54.247Z	spark1	LOAD	20.544	7.338
2026-09-28T05:10:54.361Z	spark2	LOAD	23.407	4.108
2026-09-28T05:10:54.498Z	spark1	LOAD	20.521	7.338
2026-09-28T05:10:54.612Z	spark2	LOAD	23.407	4.108
2026-09-28T05:10:54.760Z	spark1	LOAD	20.462	7.338
2026-09-28T05:10:54.877Z	spark2	LOAD	23.408	4.108
2026-09-28T05:10:55.011Z	spark1	LOAD	20.429	7.338
2026-09-28T05:10:55.127Z	spark2	LOAD	23.408	4.108
2026-09-28T05:10:55.261Z	spark1	LOAD	20.397	7.338
2026-09-28T05:10:55.378Z	spark2	LOAD	23.408	4.108
2026-09-28T05:10:55.511Z	spark1	LOAD	20.357	7.338
2026-09-28T05:10:55.629Z	spark2	LOAD	23.408	4.108
2026-09-28T05:10:55.780Z	spark1	LOAD	20.316	7.338
2026-09-28T05:10:55.895Z	spark2	LOAD	23.409	4.108
2026-09-28T05:10:56.031Z	spark1	LOAD	20.269	7.338
2026-09-28T05:10:56.146Z	spark2	LOAD	23.409	4.108
2026-09-28T05:10:56.281Z	spark1	LOAD	20.214	7.338
2026-09-28T05:10:56.396Z	spark2	LOAD	23.409	4.108
2026-09-28T05:10:56.531Z	spark1	LOAD	20.173	7.338
2026-09-28T05:10:56.646Z	spark2	LOAD	23.409	4.108
2026-09-28T05:10:56.798Z	spark1	LOAD	20.060	7.338
2026-09-28T05:10:56.906Z	spark2	LOAD	23.410	4.108
2026-09-28T05:10:57.049Z	spark1	LOAD	20.102	7.338
2026-09-28T05:10:57.157Z	spark2	LOAD	23.410	4.108
2026-09-28T05:10:57.299Z	spark1	LOAD	19.972	7.338
2026-09-28T05:10:57.407Z	spark2	LOAD	23.410	4.108
2026-09-28T05:10:57.550Z	spark1	LOAD	19.949	7.338
2026-09-28T05:10:57.658Z	spark2	LOAD	23.410	4.108
2026-09-28T05:10:57.818Z	spark1	LOAD	19.916	7.338
2026-09-28T05:10:57.919Z	spark2	LOAD	23.410	4.108
2026-09-28T05:10:58.068Z	spark1	LOAD	19.904	7.338
2026-09-28T05:10:58.169Z	spark2	LOAD	23.410	4.108
2026-09-28T05:10:58.319Z	spark1	LOAD	19.876	7.338
2026-09-28T05:10:58.420Z	spark2	LOAD	23.410	4.108
2026-09-28T05:10:58.569Z	spark1	LOAD	19.848	7.338
2026-09-28T05:10:58.670Z	spark2	LOAD	23.410	4.108
2026-09-28T05:10:58.838Z	spark1	LOAD	19.800	7.338
2026-09-28T05:10:58.935Z	spark2	LOAD	23.410	4.108
2026-09-28T05:10:59.088Z	spark1	LOAD	19.776	7.338
2026-09-28T05:10:59.185Z	spark2	LOAD	23.410	4.108
2026-09-28T05:10:59.338Z	spark1	LOAD	19.753	7.338
2026-09-28T05:10:59.436Z	spark2	LOAD	23.410	4.108
2026-09-28T05:10:59.589Z	spark1	LOAD	19.729	7.338
2026-09-28T05:10:59.686Z	spark2	LOAD	23.410	4.108
2026-09-28T05:10:59.855Z	spark1	LOAD	19.700	7.338
2026-09-28T05:10:59.951Z	spark2	LOAD	23.410	4.108
2026-09-28T05:11:00.106Z	spark1	LOAD	19.678	7.338
2026-09-28T05:11:00.201Z	spark2	LOAD	23.410	4.108
2026-09-28T05:11:00.356Z	spark1	LOAD	19.652	7.338
2026-09-28T05:11:00.453Z	spark2	LOAD	23.410	4.108
2026-09-28T05:11:00.606Z	spark1	LOAD	19.626	7.338
2026-09-28T05:11:00.703Z	spark2	LOAD	23.410	4.108
2026-09-28T05:11:00.868Z	spark1	LOAD	19.414	7.338
2026-09-28T05:11:00.967Z	spark2	LOAD	23.410	4.108
2026-09-28T05:11:01.118Z	spark1	LOAD	19.409	7.338
2026-09-28T05:11:01.217Z	spark2	LOAD	23.410	4.108
2026-09-28T05:11:01.369Z	spark1	LOAD	19.384	7.338
2026-09-28T05:11:01.467Z	spark2	LOAD	23.406	4.108
2026-09-28T05:11:01.619Z	spark1	LOAD	19.324	7.338
2026-09-28T05:11:01.719Z	spark2	LOAD	23.416	4.108
2026-09-28T05:11:01.888Z	spark1	LOAD	19.293	7.338
2026-09-28T05:11:01.984Z	spark2	LOAD	23.415	4.108
2026-09-28T05:11:02.138Z	spark1	LOAD	19.235	7.338
2026-09-28T05:11:02.235Z	spark2	LOAD	23.414	4.108
2026-09-28T05:11:02.389Z	spark1	LOAD	19.216	7.338
2026-09-28T05:11:02.486Z	spark2	LOAD	23.414	4.108
2026-09-28T05:11:02.639Z	spark1	LOAD	19.360	7.338
2026-09-28T05:11:02.736Z	spark2	LOAD	23.414	4.108
2026-09-28T05:11:02.905Z	spark1	LOAD	19.873	7.338
2026-09-28T05:11:03.001Z	spark2	LOAD	23.414	4.108
2026-09-28T05:11:03.156Z	spark1	LOAD	19.827	7.338
2026-09-28T05:11:03.251Z	spark2	LOAD	23.414	4.108
2026-09-28T05:11:03.406Z	spark1	LOAD	19.798	7.338
2026-09-28T05:11:03.503Z	spark2	LOAD	23.414	4.108
2026-09-28T05:11:03.657Z	spark1	LOAD	19.769	7.338
2026-09-28T05:11:03.753Z	spark2	LOAD	23.414	4.108
2026-09-28T05:11:03.923Z	spark1	LOAD	19.749	7.338
2026-09-28T05:11:04.018Z	spark2	LOAD	23.414	4.108
2026-09-28T05:11:04.173Z	spark1	LOAD	19.712	7.338
2026-09-28T05:11:04.269Z	spark2	LOAD	23.414	4.108
2026-09-28T05:11:04.423Z	spark1	LOAD	19.428	7.338
2026-09-28T05:11:04.519Z	spark2	LOAD	23.414	4.108
2026-09-28T05:11:04.674Z	spark1	LOAD	19.621	7.338
2026-09-28T05:11:04.770Z	spark2	LOAD	23.414	4.108
2026-09-28T05:11:04.935Z	spark1	LOAD	19.590	7.338
2026-09-28T05:11:05.034Z	spark2	LOAD	23.414	4.108
2026-09-28T05:11:05.186Z	spark1	LOAD	19.533	7.338
2026-09-28T05:11:05.285Z	spark2	LOAD	23.414	4.108
2026-09-28T05:11:05.436Z	spark1	LOAD	19.549	7.338
2026-09-28T05:11:05.536Z	spark2	LOAD	23.414	4.108
2026-09-28T05:11:05.686Z	spark1	LOAD	18.914	7.338
2026-09-28T05:11:05.787Z	spark2	LOAD	23.414	4.108
2026-09-28T05:11:05.954Z	spark1	LOAD	19.462	7.338
2026-09-28T05:11:06.052Z	spark2	LOAD	23.414	4.108
2026-09-28T05:11:06.205Z	spark1	LOAD	19.412	7.338
2026-09-28T05:11:06.302Z	spark2	LOAD	23.414	4.108
2026-09-28T05:11:06.455Z	spark1	LOAD	20.207	7.338
2026-09-28T05:11:06.553Z	spark2	LOAD	23.414	4.108
2026-09-28T05:11:06.706Z	spark1	LOAD	22.403	7.338
2026-09-28T05:11:06.803Z	spark2	LOAD	23.414	4.108
2026-09-28T05:11:06.973Z	spark1	LOAD	22.653	7.338
2026-09-28T05:11:07.068Z	spark2	LOAD	23.414	4.108
2026-09-28T05:11:07.223Z	spark1	LOAD	22.607	7.338
2026-09-28T05:11:07.319Z	spark2	LOAD	23.414	4.108
2026-09-28T05:11:07.474Z	spark1	LOAD	22.575	7.338
2026-09-28T05:11:07.570Z	spark2	LOAD	23.416	4.108
2026-09-28T05:11:07.724Z	spark1	LOAD	22.549	7.338
2026-09-28T05:11:07.820Z	spark2	LOAD	23.416	4.108
2026-09-28T05:11:07.991Z	spark1	LOAD	22.520	7.338
2026-09-28T05:11:08.086Z	spark2	LOAD	23.416	4.108
2026-09-28T05:11:08.241Z	spark1	LOAD	22.493	7.337
2026-09-28T05:11:08.336Z	spark2	LOAD	23.416	4.108
2026-09-28T05:11:08.491Z	spark1	LOAD	22.460	7.337
2026-09-28T05:11:08.587Z	spark2	LOAD	23.416	4.108
2026-09-28T05:11:08.742Z	spark1	LOAD	22.430	7.337
2026-09-28T05:11:08.837Z	spark2	LOAD	23.416	4.108
2026-09-28T05:11:09.010Z	spark1	LOAD	22.402	7.337
2026-09-28T05:11:09.102Z	spark2	LOAD	23.416	4.108
2026-09-28T05:11:09.260Z	spark1	LOAD	22.345	7.337
2026-09-28T05:11:09.353Z	spark2	LOAD	23.416	4.108
2026-09-28T05:11:09.511Z	spark1	LOAD	22.308	7.337
2026-09-28T05:11:09.604Z	spark2	LOAD	23.416	4.108
2026-09-28T05:11:09.761Z	spark1	LOAD	22.278	7.337
2026-09-28T05:11:09.854Z	spark2	LOAD	23.416	4.108
2026-09-28T05:11:10.030Z	spark1	LOAD	22.238	7.337
2026-09-28T05:11:10.119Z	spark2	LOAD	23.416	4.108
2026-09-28T05:11:10.280Z	spark1	LOAD	22.212	7.337
2026-09-28T05:11:10.370Z	spark2	LOAD	23.416	4.108
2026-09-28T05:11:10.530Z	spark1	LOAD	22.176	7.337
2026-09-28T05:11:10.621Z	spark2	LOAD	23.416	4.108
2026-09-28T05:11:10.781Z	spark1	LOAD	22.139	7.337
2026-09-28T05:11:10.871Z	spark2	LOAD	23.416	4.108
2026-09-28T05:11:11.047Z	spark1	LOAD	22.093	7.337
2026-09-28T05:11:11.136Z	spark2	LOAD	23.416	4.108
2026-09-28T05:11:11.298Z	spark1	LOAD	22.041	7.337
2026-09-28T05:11:11.387Z	spark2	LOAD	23.416	4.108
2026-09-28T05:11:11.548Z	spark1	LOAD	22.015	7.337
2026-09-28T05:11:11.638Z	spark2	LOAD	23.416	4.108
2026-09-28T05:11:11.798Z	spark1	LOAD	21.946	7.336
2026-09-28T05:11:11.888Z	spark2	LOAD	23.416	4.108
2026-09-28T05:11:12.064Z	spark1	LOAD	21.919	7.336
2026-09-28T05:11:12.152Z	spark2	LOAD	23.394	4.108
2026-09-28T05:11:12.315Z	spark1	LOAD	21.892	7.336
2026-09-28T05:11:12.403Z	spark2	LOAD	23.397	4.108
2026-09-28T05:11:12.565Z	spark1	LOAD	21.864	7.336
2026-09-28T05:11:12.654Z	spark2	LOAD	23.404	4.108
2026-09-28T05:11:12.815Z	spark1	LOAD	21.810	7.336
2026-09-28T05:11:12.904Z	spark2	LOAD	23.404	4.108
2026-09-28T05:11:13.084Z	spark1	LOAD	21.781	7.336
2026-09-28T05:11:13.169Z	spark2	LOAD	23.404	4.108
2026-09-28T05:11:13.334Z	spark1	LOAD	21.727	7.336
2026-09-28T05:11:13.420Z	spark2	LOAD	23.404	4.108
2026-09-28T05:11:13.585Z	spark1	LOAD	21.697	7.336
2026-09-28T05:11:13.671Z	spark2	LOAD	23.404	4.108
2026-09-28T05:11:13.835Z	spark1	LOAD	21.665	7.336
2026-09-28T05:11:13.922Z	spark2	LOAD	23.404	4.108
2026-09-28T05:11:14.101Z	spark1	LOAD	21.631	7.336
2026-09-28T05:11:14.183Z	spark2	LOAD	23.404	4.108
2026-09-28T05:11:14.352Z	spark1	LOAD	21.603	7.336
2026-09-28T05:11:14.434Z	spark2	LOAD	23.404	4.108
2026-09-28T05:11:14.602Z	spark1	LOAD	21.573	7.336
2026-09-28T05:11:14.685Z	spark2	LOAD	23.404	4.108
2026-09-28T05:11:14.852Z	spark1	LOAD	21.540	7.336
2026-09-28T05:11:14.936Z	spark2	LOAD	23.404	4.108
2026-09-28T05:11:15.115Z	spark1	LOAD	21.505	7.336
2026-09-28T05:11:15.197Z	spark2	LOAD	23.404	4.108
2026-09-28T05:11:15.365Z	spark1	LOAD	21.451	7.336
2026-09-28T05:11:15.448Z	spark2	LOAD	23.404	4.108
2026-09-28T05:11:15.616Z	spark1	LOAD	21.423	7.336
2026-09-28T05:11:15.698Z	spark2	LOAD	23.404	4.108
2026-09-28T05:11:15.866Z	spark1	LOAD	21.395	7.336
2026-09-28T05:11:15.949Z	spark2	LOAD	23.404	4.108
2026-09-28T05:11:16.128Z	spark1	LOAD	21.363	7.336
2026-09-28T05:11:16.213Z	spark2	LOAD	23.404	4.108
2026-09-28T05:11:16.379Z	spark1	LOAD	21.142	7.336
2026-09-28T05:11:16.464Z	spark2	LOAD	23.404	4.108
2026-09-28T05:11:16.629Z	spark1	LOAD	20.797	7.336
2026-09-28T05:11:16.715Z	spark2	LOAD	23.404	4.108
2026-09-28T05:11:16.879Z	spark1	LOAD	20.732	7.336
2026-09-28T05:11:16.965Z	spark2	LOAD	23.405	4.108
2026-09-28T05:11:17.146Z	spark1	LOAD	20.695	7.336
2026-09-28T05:11:17.231Z	spark2	LOAD	23.405	4.108
2026-09-28T05:11:17.396Z	spark1	LOAD	21.276	7.336
2026-09-28T05:11:17.481Z	spark2	LOAD	23.405	4.108
2026-09-28T05:11:17.646Z	spark1	LOAD	21.244	7.336
2026-09-28T05:11:17.732Z	spark2	LOAD	23.409	4.108
2026-09-28T05:11:17.897Z	spark1	LOAD	21.213	7.336
2026-09-28T05:11:17.983Z	spark2	LOAD	23.409	4.108
2026-09-28T05:11:18.159Z	spark1	LOAD	21.154	7.336
2026-09-28T05:11:18.248Z	spark2	LOAD	23.410	4.108
2026-09-28T05:11:18.409Z	spark1	LOAD	21.143	7.337
2026-09-28T05:11:18.498Z	spark2	LOAD	23.410	4.108
2026-09-28T05:11:18.659Z	spark1	LOAD	21.105	7.337
2026-09-28T05:11:18.749Z	spark2	LOAD	23.410	4.108
2026-09-28T05:11:18.909Z	spark1	LOAD	21.071	7.337
2026-09-28T05:11:18.999Z	spark2	LOAD	23.411	4.108
2026-09-28T05:11:19.176Z	spark1	LOAD	20.973	7.337
2026-09-28T05:11:19.264Z	spark2	LOAD	23.411	4.108
2026-09-28T05:11:19.426Z	spark1	LOAD	20.368	7.337
2026-09-28T05:11:19.515Z	spark2	LOAD	23.411	4.108
2026-09-28T05:11:19.676Z	spark1	LOAD	20.981	7.337
2026-09-28T05:11:19.766Z	spark2	LOAD	23.411	4.108
2026-09-28T05:11:19.927Z	spark1	LOAD	20.939	7.337
2026-09-28T05:11:20.016Z	spark2	LOAD	23.412	4.108
2026-09-28T05:11:20.195Z	spark1	LOAD	20.853	7.337
2026-09-28T05:11:20.277Z	spark2	LOAD	23.412	4.108
2026-09-28T05:11:20.446Z	spark1	LOAD	20.675	7.337
2026-09-28T05:11:20.528Z	spark2	LOAD	23.412	4.108
2026-09-28T05:11:20.696Z	spark1	LOAD	20.242	7.337
2026-09-28T05:11:20.778Z	spark2	LOAD	23.412	4.108
2026-09-28T05:11:20.946Z	spark1	LOAD	20.199	7.337
2026-09-28T05:11:21.029Z	spark2	LOAD	23.413	4.108
2026-09-28T05:11:21.213Z	spark1	LOAD	20.155	7.337
2026-09-28T05:11:21.289Z	spark2	LOAD	23.413	4.108
2026-09-28T05:11:21.463Z	spark1	LOAD	20.068	7.337
2026-09-28T05:11:21.539Z	spark2	LOAD	23.413	4.108
2026-09-28T05:11:21.713Z	spark1	LOAD	20.095	7.337
2026-09-28T05:11:21.791Z	spark2	LOAD	23.413	4.108
2026-09-28T05:11:21.963Z	spark1	LOAD	20.048	7.337
2026-09-28T05:11:22.041Z	spark2	LOAD	23.414	4.108
2026-09-28T05:11:22.230Z	spark1	LOAD	20.015	7.337
2026-09-28T05:11:22.302Z	spark2	LOAD	23.414	4.108
2026-09-28T05:11:22.481Z	spark1	LOAD	20.575	7.337
2026-09-28T05:11:22.553Z	spark2	LOAD	23.414	4.108
2026-09-28T05:11:22.731Z	spark1	LOAD	20.498	7.337
2026-09-28T05:11:22.804Z	spark2	LOAD	23.414	4.108
2026-09-28T05:11:22.981Z	spark1	LOAD	20.013	7.337
2026-09-28T05:11:23.054Z	spark2	LOAD	23.413	4.108
2026-09-28T05:11:23.251Z	spark1	LOAD	19.888	7.337
2026-09-28T05:11:23.318Z	spark2	LOAD	23.397	4.108
2026-09-28T05:11:23.501Z	spark1	LOAD	20.413	7.337
2026-09-28T05:11:23.569Z	spark2	LOAD	23.417	4.108
2026-09-28T05:11:23.751Z	spark1	LOAD	20.359	7.337
2026-09-28T05:11:23.820Z	spark2	LOAD	23.417	4.108
2026-09-28T05:11:24.002Z	spark1	LOAD	20.221	7.337
2026-09-28T05:11:24.071Z	spark2	LOAD	23.417	4.108
2026-09-28T05:11:24.264Z	spark1	LOAD	19.935	7.337
2026-09-28T05:11:24.332Z	spark2	LOAD	23.417	4.108
2026-09-28T05:11:24.514Z	spark1	LOAD	19.867	7.337
2026-09-28T05:11:24.582Z	spark2	LOAD	23.417	4.108
2026-09-28T05:11:24.765Z	spark1	LOAD	19.893	7.337
2026-09-28T05:11:24.833Z	spark2	LOAD	23.417	4.108
2026-09-28T05:11:25.015Z	spark1	LOAD	19.852	7.337
2026-09-28T05:11:25.083Z	spark2	LOAD	23.417	4.108
2026-09-28T05:11:25.277Z	spark1	LOAD	19.808	7.337
2026-09-28T05:11:25.349Z	spark2	LOAD	23.417	4.108
2026-09-28T05:11:25.527Z	spark1	LOAD	19.774	7.337
2026-09-28T05:11:25.600Z	spark2	LOAD	23.417	4.108
2026-09-28T05:11:25.778Z	spark1	LOAD	19.521	7.337
2026-09-28T05:11:25.851Z	spark2	LOAD	23.417	4.108
2026-09-28T05:11:26.028Z	spark1	LOAD	19.484	7.337
2026-09-28T05:11:26.102Z	spark2	LOAD	23.417	4.108
2026-09-28T05:11:26.290Z	spark1	LOAD	20.065	7.337
2026-09-28T05:11:26.363Z	spark2	LOAD	23.417	4.108
2026-09-28T05:11:26.540Z	spark1	LOAD	20.017	7.337
2026-09-28T05:11:26.614Z	spark2	LOAD	23.417	4.108
2026-09-28T05:11:26.790Z	spark1	LOAD	19.972	7.337
2026-09-28T05:11:26.865Z	spark2	LOAD	23.417	4.108
2026-09-28T05:11:27.041Z	spark1	LOAD	19.928	7.337
2026-09-28T05:11:27.116Z	spark2	LOAD	23.417	4.108
2026-09-28T05:11:27.304Z	spark1	LOAD	19.914	7.337
2026-09-28T05:11:27.381Z	spark2	LOAD	23.417	4.108
2026-09-28T05:11:27.554Z	spark1	LOAD	19.877	7.337
2026-09-28T05:11:27.631Z	spark2	LOAD	23.417	4.108
2026-09-28T05:11:27.804Z	spark1	LOAD	19.812	7.337
2026-09-28T05:11:27.881Z	spark2	LOAD	23.417	4.108
2026-09-28T05:11:28.055Z	spark1	LOAD	19.230	7.337
2026-09-28T05:11:28.132Z	spark2	LOAD	23.417	4.108
2026-09-28T05:11:28.323Z	spark1	LOAD	19.188	7.337
2026-09-28T05:11:28.397Z	spark2	LOAD	23.417	4.108
2026-09-28T05:11:28.574Z	spark1	LOAD	19.148	7.337
2026-09-28T05:11:28.647Z	spark2	LOAD	23.417	4.108
2026-09-28T05:11:28.824Z	spark1	LOAD	19.108	7.337
2026-09-28T05:11:28.898Z	spark2	LOAD	23.417	4.108
2026-09-28T05:11:29.075Z	spark1	LOAD	19.670	7.337
2026-09-28T05:11:29.149Z	spark2	LOAD	23.418	4.108
2026-09-28T05:11:29.341Z	spark1	LOAD	19.638	7.337
2026-09-28T05:11:29.413Z	spark2	LOAD	23.418	4.108
2026-09-28T05:11:29.592Z	spark1	LOAD	19.607	7.337
2026-09-28T05:11:29.664Z	spark2	LOAD	23.418	4.108
2026-09-28T05:11:29.842Z	spark1	LOAD	19.546	7.337
2026-09-28T05:11:29.915Z	spark2	LOAD	23.418	4.108
2026-09-28T05:11:30.092Z	spark1	LOAD	19.550	7.337
2026-09-28T05:11:30.166Z	spark2	LOAD	23.418	4.108
2026-09-28T05:11:30.361Z	spark1	LOAD	19.512	7.337
2026-09-28T05:11:30.431Z	spark2	LOAD	23.418	4.108
2026-09-28T05:11:30.611Z	spark1	LOAD	19.448	7.337
2026-09-28T05:11:30.681Z	spark2	LOAD	23.420	4.108
2026-09-28T05:11:30.862Z	spark1	LOAD	19.423	7.337
2026-09-28T05:11:30.931Z	spark2	LOAD	23.420	4.108
2026-09-28T05:11:31.112Z	spark1	LOAD	19.384	7.337
2026-09-28T05:11:31.183Z	spark2	LOAD	23.420	4.108
2026-09-28T05:11:31.373Z	spark1	LOAD	20.894	7.337
2026-09-28T05:11:31.448Z	spark2	LOAD	23.420	4.108
2026-09-28T05:11:31.624Z	spark1	LOAD	22.479	7.337
2026-09-28T05:11:31.699Z	spark2	LOAD	23.420	4.108
2026-09-28T05:11:31.874Z	spark1	LOAD	22.623	7.337
2026-09-28T05:11:31.949Z	spark2	LOAD	23.420	4.108
2026-09-28T05:11:32.124Z	spark1	LOAD	22.618	7.334
2026-09-28T05:11:32.200Z	spark2	LOAD	23.420	4.108
2026-09-28T05:11:32.386Z	spark1	LOAD	22.609	7.323
2026-09-28T05:11:32.465Z	spark2	LOAD	23.421	4.108
2026-09-28T05:11:32.636Z	spark1	LOAD	22.536	7.317
2026-09-28T05:11:32.717Z	spark2	LOAD	23.421	4.108
2026-09-28T05:11:32.887Z	spark1	LOAD	22.453	7.317
2026-09-28T05:11:32.967Z	spark2	LOAD	23.421	4.108
2026-09-28T05:11:33.137Z	spark1	LOAD	22.247	7.317
2026-09-28T05:11:33.218Z	spark2	LOAD	23.421	4.108
2026-09-28T05:11:33.399Z	spark1	LOAD	22.177	7.317
2026-09-28T05:11:33.480Z	spark2	LOAD	23.421	4.108
2026-09-28T05:11:33.649Z	spark1	LOAD	22.103	7.317
2026-09-28T05:11:33.729Z	spark2	LOAD	23.421	4.108
2026-09-28T05:11:33.899Z	spark1	LOAD	19.491	7.317
2026-09-28T05:11:33.981Z	spark2	LOAD	23.421	4.108
2026-09-28T05:11:34.150Z	spark1	LOAD	18.687	7.317
2026-09-28T05:11:34.231Z	spark2	LOAD	23.421	4.108
2026-09-28T05:11:34.419Z	spark1	LOAD	17.951	7.317
2026-09-28T05:11:34.495Z	spark2	LOAD	23.416	4.108
2026-09-28T05:11:34.670Z	spark1	LOAD	17.312	7.317
2026-09-28T05:11:34.746Z	spark2	LOAD	23.416	4.108
2026-09-28T05:11:34.920Z	spark1	LOAD	16.861	7.317
2026-09-28T05:11:34.998Z	spark2	LOAD	23.416	4.108
2026-09-28T05:11:35.171Z	spark1	LOAD	16.555	7.317
2026-09-28T05:11:35.248Z	spark2	LOAD	23.416	4.108
2026-09-28T05:11:35.434Z	spark1	LOAD	16.403	7.317
2026-09-28T05:11:35.509Z	spark2	LOAD	23.415	4.108
2026-09-28T05:11:35.684Z	spark1	LOAD	16.404	7.317
2026-09-28T05:11:35.760Z	spark2	LOAD	23.415	4.108
2026-09-28T05:11:35.934Z	spark1	LOAD	16.109	7.317
2026-09-28T05:11:36.010Z	spark2	LOAD	23.416	4.108
2026-09-28T05:11:36.185Z	spark1	LOAD	16.271	7.320
2026-09-28T05:11:36.260Z	spark2	LOAD	23.414	4.108
2026-09-28T05:11:36.455Z	spark1	LOAD	15.312	7.321
2026-09-28T05:11:36.525Z	spark2	LOAD	23.415	4.108
2026-09-28T05:11:36.705Z	spark1	LOAD	15.092	7.322
2026-09-28T05:11:36.776Z	spark2	LOAD	23.415	4.108
2026-09-28T05:11:36.956Z	spark1	LOAD	21.171	7.322
2026-09-28T05:11:37.028Z	spark2	LOAD	23.416	4.108
2026-09-28T05:11:37.206Z	spark1	LOAD	16.390	7.322
2026-09-28T05:11:37.278Z	spark2	LOAD	23.416	4.108
2026-09-28T05:11:37.474Z	spark1	LOAD	14.908	7.322
2026-09-28T05:11:37.543Z	spark2	LOAD	23.416	4.108
2026-09-28T05:11:37.724Z	spark1	LOAD	14.906	7.322
2026-09-28T05:11:37.795Z	spark2	LOAD	23.416	4.108
2026-09-28T05:11:37.975Z	spark1	LOAD	14.699	7.322
2026-09-28T05:11:38.044Z	spark2	LOAD	23.416	4.108
2026-09-28T05:11:38.225Z	spark1	LOAD	15.767	7.322
2026-09-28T05:11:38.295Z	spark2	LOAD	23.416	4.108
2026-09-28T05:11:38.487Z	spark1	LOAD	19.885	7.322
2026-09-28T05:11:38.556Z	spark2	LOAD	23.416	4.108
2026-09-28T05:11:38.738Z	spark1	LOAD	14.878	7.322
2026-09-28T05:11:38.808Z	spark2	LOAD	23.416	4.108
2026-09-28T05:11:38.989Z	spark1	LOAD	16.648	7.322
2026-09-28T05:11:39.059Z	spark2	LOAD	23.416	4.108
2026-09-28T05:11:39.240Z	spark1	LOAD	18.346	7.322
2026-09-28T05:11:39.310Z	spark2	LOAD	23.416	4.108
2026-09-28T05:11:39.504Z	spark1	LOAD	14.748	7.322
2026-09-28T05:11:39.575Z	spark2	LOAD	23.416	4.108
2026-09-28T05:11:39.755Z	spark1	LOAD	19.727	7.322
2026-09-28T05:11:39.825Z	spark2	LOAD	23.416	4.108
2026-09-28T05:11:40.005Z	spark1	LOAD	17.487	7.322
2026-09-28T05:11:40.076Z	spark2	LOAD	23.416	4.108
2026-09-28T05:11:40.255Z	spark1	LOAD	14.597	7.322
2026-09-28T05:11:40.326Z	spark2	LOAD	23.416	4.108
2026-09-28T05:11:40.532Z	spark1	LOAD	19.932	7.322
2026-09-28T05:11:40.590Z	spark2	LOAD	23.415	4.108
2026-09-28T05:11:40.782Z	spark1	LOAD	17.184	7.322
2026-09-28T05:11:40.842Z	spark2	LOAD	23.415	4.108
2026-09-28T05:11:41.033Z	spark1	LOAD	14.569	7.322
2026-09-28T05:11:41.094Z	spark2	LOAD	23.415	4.108
2026-09-28T05:11:41.284Z	spark1	LOAD	19.894	7.322
2026-09-28T05:11:41.344Z	spark2	LOAD	23.415	4.108
2026-09-28T05:11:41.552Z	spark1	LOAD	14.822	7.322
2026-09-28T05:11:41.606Z	spark2	LOAD	23.415	4.108
2026-09-28T05:11:41.802Z	spark1	LOAD	20.968	7.322
2026-09-28T05:11:41.856Z	spark2	LOAD	23.415	4.108
2026-09-28T05:11:42.052Z	spark1	LOAD	14.872	7.322
2026-09-28T05:11:42.107Z	spark2	LOAD	23.415	4.108
2026-09-28T05:11:42.303Z	spark1	LOAD	17.248	7.322
2026-09-28T05:11:42.358Z	spark2	LOAD	23.415	4.108
2026-09-28T05:11:42.565Z	spark1	LOAD	18.096	7.322
2026-09-28T05:11:42.618Z	spark2	LOAD	23.415	4.108
2026-09-28T05:11:42.816Z	spark1	LOAD	14.566	7.322
2026-09-28T05:11:42.869Z	spark2	LOAD	23.415	4.108
2026-09-28T05:11:43.066Z	spark1	LOAD	19.832	7.322
2026-09-28T05:11:43.120Z	spark2	LOAD	23.415	4.108
2026-09-28T05:11:43.317Z	spark1	LOAD	14.872	7.322
2026-09-28T05:11:43.371Z	spark2	LOAD	23.415	4.108
2026-09-28T05:11:43.579Z	spark1	LOAD	20.748	7.322
2026-09-28T05:11:43.631Z	spark2	LOAD	23.415	4.108
2026-09-28T05:11:43.829Z	spark1	LOAD	14.891	7.322
2026-09-28T05:11:43.883Z	spark2	LOAD	23.415	4.108
2026-09-28T05:11:44.080Z	spark1	LOAD	18.282	7.322
2026-09-28T05:11:44.133Z	spark2	LOAD	23.414	4.108
2026-09-28T05:11:44.331Z	spark1	LOAD	17.431	7.322
2026-09-28T05:11:44.383Z	spark2	LOAD	23.414	4.108
2026-09-28T05:11:44.594Z	spark1	LOAD	14.525	7.322
2026-09-28T05:11:44.644Z	spark2	LOAD	23.414	4.108
2026-09-28T05:11:44.844Z	spark1	LOAD	19.826	7.322
2026-09-28T05:11:44.894Z	spark2	LOAD	23.414	4.108
2026-09-28T05:11:45.094Z	spark1	LOAD	14.817	7.321
2026-09-28T05:11:45.145Z	spark2	LOAD	23.414	4.108
2026-09-28T05:11:45.345Z	spark1	LOAD	21.380	7.321
2026-09-28T05:11:45.395Z	spark2	LOAD	23.403	4.108
2026-09-28T05:11:45.608Z	spark1	LOAD	15.236	7.321
2026-09-28T05:11:45.661Z	spark2	LOAD	23.428	4.108
2026-09-28T05:11:45.859Z	spark1	LOAD	16.044	7.321
2026-09-28T05:11:45.911Z	spark2	LOAD	23.428	4.108
2026-09-28T05:11:46.109Z	spark1	LOAD	18.321	7.321
2026-09-28T05:11:46.162Z	spark2	LOAD	23.428	4.108
2026-09-28T05:11:46.360Z	spark1	LOAD	14.489	7.321
2026-09-28T05:11:46.412Z	spark2	LOAD	23.428	4.108
2026-09-28T05:11:46.639Z	spark1	LOAD	19.996	7.321
2026-09-28T05:11:46.673Z	spark2	LOAD	23.427	4.108
2026-09-28T05:11:46.890Z	spark1	LOAD	14.795	7.321
2026-09-28T05:11:46.923Z	spark2	LOAD	23.427	4.108
2026-09-28T05:11:47.140Z	spark1	LOAD	18.404	7.321
2026-09-28T05:11:47.174Z	spark2	LOAD	23.428	4.108
2026-09-28T05:11:47.391Z	spark1	LOAD	17.344	7.321
2026-09-28T05:11:47.425Z	spark2	LOAD	23.428	4.108
2026-09-28T05:11:47.658Z	spark1	LOAD	14.429	7.321
2026-09-28T05:11:47.686Z	spark2	LOAD	23.428	4.108
2026-09-28T05:11:47.908Z	spark1	LOAD	19.444	7.321
2026-09-28T05:11:47.936Z	spark2	LOAD	23.428	4.108
2026-09-28T05:11:48.158Z	spark1	LOAD	14.783	7.321
2026-09-28T05:11:48.187Z	spark2	LOAD	23.428	4.108
2026-09-28T05:11:48.409Z	spark1	LOAD	21.133	7.321
2026-09-28T05:11:48.437Z	spark2	LOAD	23.431	4.108
2026-09-28T05:11:48.679Z	spark1	LOAD	15.050	7.321
2026-09-28T05:11:48.698Z	spark2	LOAD	23.431	4.108
2026-09-28T05:11:48.929Z	spark1	LOAD	15.504	7.321
2026-09-28T05:11:48.949Z	spark2	LOAD	23.431	4.108
2026-09-28T05:11:49.179Z	spark1	LOAD	18.415	7.321
2026-09-28T05:11:49.200Z	spark2	LOAD	23.431	4.108
2026-09-28T05:11:49.429Z	spark1	LOAD	14.565	7.321
2026-09-28T05:11:49.451Z	spark2	LOAD	23.431	4.108
2026-09-28T05:11:49.714Z	spark1	LOAD	19.950	7.321
2026-09-28T05:11:49.715Z	spark2	LOAD	23.431	4.108
2026-09-28T05:11:49.965Z	spark1	LOAD	14.807	7.321
2026-09-28T05:11:49.967Z	spark2	LOAD	23.431	4.108
2026-09-28T05:11:50.216Z	spark1	LOAD	19.840	7.321
2026-09-28T05:11:50.217Z	spark2	LOAD	23.431	4.108
2026-09-28T05:11:50.466Z	spark1	LOAD	16.741	7.321
2026-09-28T05:11:50.467Z	spark2	LOAD	23.431	4.108
2026-09-28T05:11:50.729Z	spark1	LOAD	14.831	7.321
2026-09-28T05:11:50.732Z	spark2	LOAD	23.431	4.108
2026-09-28T05:11:50.980Z	spark1	LOAD	19.483	7.321
2026-09-28T05:11:50.983Z	spark2	LOAD	23.431	4.108
2026-09-28T05:11:51.230Z	spark1	LOAD	14.786	7.321
2026-09-28T05:11:51.233Z	spark2	LOAD	23.431	4.108
2026-09-28T05:11:51.481Z	spark1	LOAD	20.891	7.321
2026-09-28T05:11:51.484Z	spark2	LOAD	23.431	4.108
2026-09-28T05:11:51.745Z	spark2	LOAD	23.431	4.108
2026-09-28T05:11:51.745Z	spark1	LOAD	14.828	7.321
2026-09-28T05:11:51.995Z	spark1	LOAD	17.195	7.321
2026-09-28T05:11:51.995Z	spark2	LOAD	23.431	4.108
2026-09-28T05:11:52.246Z	spark1	LOAD	17.785	7.321
2026-09-28T05:11:52.246Z	spark2	LOAD	23.431	4.108
2026-09-28T05:11:52.496Z	spark1	LOAD	14.512	7.321
2026-09-28T05:11:52.497Z	spark2	LOAD	23.431	4.108
2026-09-28T05:11:52.762Z	spark1	LOAD	19.626	7.321
2026-09-28T05:11:52.762Z	spark2	LOAD	23.431	4.108
2026-09-28T05:11:53.013Z	spark1	LOAD	14.829	7.321
2026-09-28T05:11:53.014Z	spark2	LOAD	23.431	4.108
2026-09-28T05:11:53.263Z	spark1	LOAD	20.802	7.321
2026-09-28T05:11:53.264Z	spark2	LOAD	23.431	4.108
2026-09-28T05:11:53.514Z	spark1	LOAD	16.435	7.321
2026-09-28T05:11:53.514Z	spark2	LOAD	23.431	4.108
2026-09-28T05:11:53.779Z	spark2	LOAD	23.431	4.108
2026-09-28T05:11:53.784Z	spark1	LOAD	14.879	7.321
2026-09-28T05:11:54.030Z	spark2	LOAD	23.431	4.108
2026-09-28T05:11:54.035Z	spark1	LOAD	19.007	7.321
2026-09-28T05:11:54.281Z	spark2	LOAD	23.431	4.108
2026-09-28T05:11:54.285Z	spark1	LOAD	14.795	7.321
2026-09-28T05:11:54.532Z	spark2	LOAD	23.431	4.108
2026-09-28T05:11:54.535Z	spark1	LOAD	21.099	7.321
2026-09-28T05:11:54.792Z	spark2	LOAD	23.431	4.108
2026-09-28T05:11:54.799Z	spark1	LOAD	14.967	7.321
2026-09-28T05:11:55.043Z	spark2	LOAD	23.431	4.108
2026-09-28T05:11:55.049Z	spark1	LOAD	15.131	7.321
2026-09-28T05:11:55.294Z	spark2	LOAD	23.431	4.108
2026-09-28T05:11:55.299Z	spark1	LOAD	18.652	7.321
2026-09-28T05:11:55.544Z	spark2	LOAD	23.431	4.108
2026-09-28T05:11:55.550Z	spark1	LOAD	14.758	7.321
2026-09-28T05:11:55.805Z	spark2	LOAD	23.430	4.108
2026-09-28T05:11:55.816Z	spark1	LOAD	20.855	7.321
2026-09-28T05:11:56.055Z	spark2	LOAD	23.429	4.108
2026-09-28T05:11:56.067Z	spark1	LOAD	15.256	7.321
2026-09-28T05:11:56.305Z	spark2	LOAD	23.410	4.108
2026-09-28T05:11:56.317Z	spark1	LOAD	14.613	7.321
2026-09-28T05:11:56.556Z	spark2	LOAD	23.426	4.108
2026-09-28T05:11:56.567Z	spark1	LOAD	18.953	7.321
2026-09-28T05:11:56.822Z	spark2	LOAD	23.425	4.108
2026-09-28T05:11:56.833Z	spark1	LOAD	14.734	7.321
2026-09-28T05:11:57.072Z	spark2	LOAD	23.423	4.108
2026-09-28T05:11:57.083Z	spark1	LOAD	20.484	7.321
2026-09-28T05:11:57.324Z	spark2	LOAD	23.423	4.108
2026-09-28T05:11:57.334Z	spark1	LOAD	15.839	7.320
2026-09-28T05:11:57.574Z	spark2	LOAD	23.423	4.108
2026-09-28T05:11:57.584Z	spark1	LOAD	14.406	7.320
2026-09-28T05:11:57.834Z	spark2	LOAD	23.423	4.108
2026-09-28T05:11:57.847Z	spark1	LOAD	18.963	7.320
2026-09-28T05:11:58.085Z	spark2	LOAD	23.423	4.108
2026-09-28T05:11:58.098Z	spark1	LOAD	14.708	7.320
2026-09-28T05:11:58.336Z	spark2	LOAD	23.423	4.108
2026-09-28T05:11:58.348Z	spark1	LOAD	21.231	7.320
2026-09-28T05:11:58.586Z	spark2	LOAD	23.423	4.108
2026-09-28T05:11:58.599Z	spark1	LOAD	15.005	7.320
2026-09-28T05:11:58.848Z	spark2	LOAD	23.423	4.108
2026-09-28T05:11:58.861Z	spark1	LOAD	15.591	7.320
2026-09-28T05:11:59.098Z	spark2	LOAD	23.423	4.108
2026-09-28T05:11:59.112Z	spark1	LOAD	18.939	7.320
2026-09-28T05:11:59.350Z	spark2	LOAD	23.423	4.108
2026-09-28T05:11:59.362Z	spark1	LOAD	15.352	7.320
2026-09-28T05:11:59.600Z	spark2	LOAD	23.423	4.108
2026-09-28T05:11:59.613Z	spark1	LOAD	15.179	7.320
2026-09-28T05:11:59.862Z	spark2	LOAD	23.422	4.108
2026-09-28T05:11:59.875Z	spark1	LOAD	15.177	7.320
2026-09-28T05:12:00.112Z	spark2	LOAD	23.422	4.108
2026-09-28T05:12:00.126Z	spark1	LOAD	15.177	7.320
2026-09-28T05:12:00.363Z	spark2	LOAD	23.422	4.108
2026-09-28T05:12:00.376Z	spark1	LOAD	15.171	7.320
2026-09-28T05:12:00.614Z	spark2	LOAD	23.422	4.108
2026-09-28T05:12:00.626Z	spark1	LOAD	15.169	7.320
2026-09-28T05:12:00.875Z	spark2	LOAD	23.422	4.108
2026-09-28T05:12:00.892Z	spark1	LOAD	15.167	7.320
2026-09-28T05:12:01.126Z	spark2	LOAD	23.422	4.108
2026-09-28T05:12:01.143Z	spark1	LOAD	15.175	7.320
2026-09-28T05:12:01.377Z	spark2	LOAD	23.422	4.108
2026-09-28T05:12:01.393Z	spark1	LOAD	15.156	7.320
2026-09-28T05:12:01.628Z	spark2	LOAD	23.422	4.108
2026-09-28T05:12:01.643Z	spark1	LOAD	15.144	7.320
2026-09-28T05:12:01.889Z	spark2	LOAD	23.422	4.108
2026-09-28T05:12:01.906Z	spark1	LOAD	14.913	7.320
2026-09-28T05:12:02.139Z	spark2	LOAD	23.422	4.108
2026-09-28T05:12:02.156Z	spark1	LOAD	14.728	7.320
2026-09-28T05:12:02.391Z	spark2	LOAD	23.422	4.108
2026-09-28T05:12:02.407Z	spark1	LOAD	14.575	7.320
2026-09-28T05:12:02.641Z	spark2	LOAD	23.422	4.108
2026-09-28T05:12:02.658Z	spark1	LOAD	14.561	7.320
2026-09-28T05:12:02.902Z	spark2	LOAD	23.422	4.108
2026-09-28T05:12:02.920Z	spark1	LOAD	14.558	7.320
2026-09-28T05:12:03.153Z	spark2	LOAD	23.422	4.108
2026-09-28T05:12:03.170Z	spark1	LOAD	14.557	7.320
2026-09-28T05:12:03.404Z	spark2	LOAD	23.422	4.108
2026-09-28T05:12:03.421Z	spark1	LOAD	14.556	7.320
2026-09-28T05:12:03.655Z	spark2	LOAD	23.422	4.108
2026-09-28T05:12:03.671Z	spark1	LOAD	14.556	7.320
2026-09-28T05:12:03.916Z	spark2	LOAD	23.422	4.108
2026-09-28T05:12:03.937Z	spark1	LOAD	14.551	7.320
2026-09-28T05:12:04.167Z	spark2	LOAD	23.422	4.108
2026-09-28T05:12:04.188Z	spark1	LOAD	14.540	7.320
2026-09-28T05:12:04.418Z	spark2	LOAD	23.422	4.108
2026-09-28T05:12:04.439Z	spark1	LOAD	21.296	7.319
2026-09-28T05:12:04.670Z	spark2	LOAD	23.422	4.108
2026-09-28T05:12:04.689Z	spark1	LOAD	16.199	7.319
2026-09-28T05:12:04.930Z	spark2	LOAD	23.422	4.108
2026-09-28T05:12:04.956Z	spark1	LOAD	16.137	7.319
2026-09-28T05:12:05.181Z	spark2	LOAD	23.422	4.108
2026-09-28T05:12:05.207Z	spark1	LOAD	16.139	7.319
2026-09-28T05:12:05.431Z	spark2	LOAD	23.422	4.108
2026-09-28T05:12:05.457Z	spark1	LOAD	16.006	7.319
2026-09-28T05:12:05.682Z	spark2	LOAD	23.422	4.108
2026-09-28T05:12:05.707Z	spark1	LOAD	16.002	7.319
2026-09-28T05:12:05.948Z	spark2	LOAD	23.422	4.108
2026-09-28T05:12:05.974Z	spark1	LOAD	15.998	7.319
2026-09-28T05:12:06.199Z	spark2	LOAD	23.422	4.108
2026-09-28T05:12:06.224Z	spark1	LOAD	15.996	7.319
2026-09-28T05:12:06.450Z	spark2	LOAD	23.422	4.108
2026-09-28T05:12:06.475Z	spark1	LOAD	15.964	7.319
2026-09-28T05:12:06.701Z	spark2	LOAD	23.422	4.108
2026-09-28T05:12:06.726Z	spark1	LOAD	15.908	7.319
2026-09-28T05:12:06.966Z	spark2	LOAD	23.422	4.107
2026-09-28T05:12:06.987Z	spark1	LOAD	15.906	7.319
2026-09-28T05:12:07.217Z	spark2	LOAD	23.422	4.107
2026-09-28T05:12:07.238Z	spark1	LOAD	15.870	7.319
2026-09-28T05:12:07.468Z	spark2	LOAD	23.422	4.107
2026-09-28T05:12:07.488Z	spark1	LOAD	15.847	7.319
2026-09-28T05:12:07.718Z	spark2	LOAD	23.422	4.107
2026-09-28T05:12:07.739Z	spark1	LOAD	15.835	7.319
2026-09-28T05:12:07.980Z	spark2	LOAD	23.422	4.107
2026-09-28T05:12:08.007Z	spark1	LOAD	15.833	7.319
2026-09-28T05:12:08.231Z	spark2	LOAD	23.422	4.107
2026-09-28T05:12:08.257Z	spark1	LOAD	15.833	7.319
2026-09-28T05:12:08.481Z	spark2	LOAD	23.422	4.107
2026-09-28T05:12:08.507Z	spark1	LOAD	15.809	7.319
2026-09-28T05:12:08.732Z	spark2	LOAD	23.422	4.107
2026-09-28T05:12:08.758Z	spark1	LOAD	15.805	7.319
2026-09-28T05:12:08.992Z	spark2	LOAD	23.422	4.107
2026-09-28T05:12:09.025Z	spark1	LOAD	15.795	7.319
2026-09-28T05:12:09.243Z	spark2	LOAD	23.422	4.107
2026-09-28T05:12:09.275Z	spark1	LOAD	15.751	7.319
2026-09-28T05:12:09.494Z	spark2	LOAD	23.422	4.107
2026-09-28T05:12:09.525Z	spark1	LOAD	15.748	7.319
2026-09-28T05:12:09.744Z	spark2	LOAD	23.422	4.107
2026-09-28T05:12:09.775Z	spark1	LOAD	15.748	7.319
2026-09-28T05:12:10.005Z	spark2	LOAD	23.422	4.107
2026-09-28T05:12:10.042Z	spark1	LOAD	15.744	7.319
2026-09-28T05:12:10.255Z	spark2	LOAD	23.422	4.107
2026-09-28T05:12:10.292Z	spark1	LOAD	15.687	7.319
2026-09-28T05:12:10.506Z	spark2	LOAD	23.422	4.107
2026-09-28T05:12:10.542Z	spark1	LOAD	15.328	7.319
2026-09-28T05:12:10.757Z	spark2	LOAD	23.421	4.107
2026-09-28T05:12:10.792Z	spark1	LOAD	15.049	7.319
2026-09-28T05:12:11.016Z	spark2	LOAD	23.407	4.107
2026-09-28T05:12:11.060Z	spark1	LOAD	15.023	7.319
2026-09-28T05:12:11.267Z	spark2	LOAD	23.382	4.107
2026-09-28T05:12:11.310Z	spark1	LOAD	15.008	7.319
2026-09-28T05:12:11.518Z	spark2	LOAD	23.373	4.107
2026-09-28T05:12:11.561Z	spark1	LOAD	15.008	7.319
2026-09-28T05:12:11.769Z	spark2	LOAD	23.366	4.107
2026-09-28T05:12:11.811Z	spark1	LOAD	15.048	7.319
2026-09-28T05:12:12.030Z	spark2	LOAD	23.396	4.107
2026-09-28T05:12:12.078Z	spark1	LOAD	15.017	7.319
2026-09-28T05:12:12.280Z	spark2	LOAD	23.399	4.107
2026-09-28T05:12:12.329Z	spark1	LOAD	15.024	7.319
2026-09-28T05:12:12.531Z	spark2	LOAD	23.399	4.107
2026-09-28T05:12:12.579Z	spark1	LOAD	15.015	7.319
2026-09-28T05:12:12.782Z	spark2	LOAD	23.399	4.107
2026-09-28T05:12:12.829Z	spark1	LOAD	15.013	7.319
2026-09-28T05:12:13.043Z	spark2	LOAD	23.399	4.107
2026-09-28T05:12:13.096Z	spark1	LOAD	15.007	7.319
2026-09-28T05:12:13.294Z	spark2	LOAD	23.399	4.107
2026-09-28T05:12:13.347Z	spark1	LOAD	15.007	7.319
2026-09-28T05:12:13.544Z	spark2	LOAD	23.399	4.107
2026-09-28T05:12:13.598Z	spark1	LOAD	15.011	7.319
2026-09-28T05:12:13.795Z	spark2	LOAD	23.399	4.107
2026-09-28T05:12:13.849Z	spark1	LOAD	15.011	7.319
2026-09-28T05:12:14.055Z	spark2	LOAD	23.400	4.107
2026-09-28T05:12:14.116Z	spark1	LOAD	15.010	7.319
2026-09-28T05:12:14.307Z	spark2	LOAD	23.400	4.107
2026-09-28T05:12:14.367Z	spark1	LOAD	14.992	7.319
2026-09-28T05:12:14.557Z	spark2	LOAD	23.400	4.107
2026-09-28T05:12:14.617Z	spark1	LOAD	14.990	7.319
2026-09-28T05:12:14.808Z	spark2	LOAD	23.400	4.107
2026-09-28T05:12:14.868Z	spark1	LOAD	14.972	7.319
2026-09-28T05:12:15.073Z	spark2	LOAD	23.402	4.107
2026-09-28T05:12:15.135Z	spark1	LOAD	14.961	7.319
2026-09-28T05:12:15.324Z	spark2	LOAD	23.402	4.107
2026-09-28T05:12:15.385Z	spark1	LOAD	14.994	7.319
2026-09-28T05:12:15.575Z	spark2	LOAD	23.402	4.107
2026-09-28T05:12:15.636Z	spark1	LOAD	14.940	7.319
2026-09-28T05:12:15.825Z	spark2	LOAD	23.402	4.107
2026-09-28T05:12:15.886Z	spark1	LOAD	14.970	7.319
2026-09-28T05:12:16.086Z	spark2	LOAD	23.405	4.107
2026-09-28T05:12:16.154Z	spark1	LOAD	14.951	7.319
2026-09-28T05:12:16.336Z	spark2	LOAD	23.405	4.107
2026-09-28T05:12:16.404Z	spark1	LOAD	14.951	7.319
2026-09-28T05:12:16.587Z	spark2	LOAD	23.405	4.107
2026-09-28T05:12:16.655Z	spark1	LOAD	14.953	7.319
2026-09-28T05:12:16.837Z	spark2	LOAD	23.405	4.107
2026-09-28T05:12:16.905Z	spark1	LOAD	14.951	7.319
2026-09-28T05:12:17.096Z	spark2	LOAD	23.410	4.107
2026-09-28T05:12:17.167Z	spark1	LOAD	14.910	7.319
2026-09-28T05:12:17.347Z	spark2	LOAD	23.410	4.107
2026-09-28T05:12:17.418Z	spark1	LOAD	14.910	7.319
2026-09-28T05:12:17.598Z	spark2	LOAD	23.410	4.107
2026-09-28T05:12:17.669Z	spark1	LOAD	14.933	7.319
2026-09-28T05:12:17.848Z	spark2	LOAD	23.410	4.107
2026-09-28T05:12:17.920Z	spark1	LOAD	14.932	7.319
2026-09-28T05:12:18.108Z	spark2	LOAD	23.410	4.107
2026-09-28T05:12:18.182Z	spark1	LOAD	14.925	7.319
2026-09-28T05:12:18.359Z	spark2	LOAD	23.410	4.107
2026-09-28T05:12:18.433Z	spark1	LOAD	14.925	7.319
2026-09-28T05:12:18.609Z	spark2	LOAD	23.410	4.107
2026-09-28T05:12:18.684Z	spark1	LOAD	14.932	7.318
2026-09-28T05:12:18.860Z	spark2	LOAD	23.410	4.107
2026-09-28T05:12:18.934Z	spark1	LOAD	14.954	7.318
2026-09-28T05:12:19.121Z	spark2	LOAD	23.413	4.107
2026-09-28T05:12:19.201Z	spark1	LOAD	14.951	7.318
2026-09-28T05:12:19.371Z	spark2	LOAD	23.413	4.107
2026-09-28T05:12:19.452Z	spark1	LOAD	14.951	7.318
2026-09-28T05:12:19.622Z	spark2	LOAD	23.413	4.107
2026-09-28T05:12:19.702Z	spark1	LOAD	14.951	7.318
2026-09-28T05:12:19.873Z	spark2	LOAD	23.413	4.107
2026-09-28T05:12:19.953Z	spark1	LOAD	14.949	7.318
2026-09-28T05:12:20.133Z	spark2	LOAD	23.413	4.107
2026-09-28T05:12:20.215Z	spark1	LOAD	14.947	7.318
2026-09-28T05:12:20.384Z	spark2	LOAD	23.413	4.107
2026-09-28T05:12:20.466Z	spark1	LOAD	14.947	7.318
2026-09-28T05:12:20.635Z	spark2	LOAD	23.413	4.107
2026-09-28T05:12:20.717Z	spark1	LOAD	14.947	7.318
2026-09-28T05:12:20.886Z	spark2	LOAD	23.413	4.107
2026-09-28T05:12:20.968Z	spark1	LOAD	14.947	7.318
2026-09-28T05:12:21.146Z	spark2	LOAD	23.413	4.107
2026-09-28T05:12:21.234Z	spark1	LOAD	14.942	7.318
2026-09-28T05:12:21.397Z	spark2	LOAD	23.413	4.107
2026-09-28T05:12:21.485Z	spark1	LOAD	14.924	7.318
2026-09-28T05:12:21.647Z	spark2	LOAD	23.413	4.107
2026-09-28T05:12:21.735Z	spark1	LOAD	14.916	7.318
2026-09-28T05:12:21.898Z	spark2	LOAD	23.413	4.107
2026-09-28T05:12:21.985Z	spark1	LOAD	14.915	7.318
2026-09-28T05:12:22.164Z	spark2	LOAD	23.413	4.107
2026-09-28T05:12:22.248Z	spark1	LOAD	14.905	7.318
2026-09-28T05:12:22.415Z	spark2	LOAD	23.413	4.107
2026-09-28T05:12:22.499Z	spark1	LOAD	14.905	7.318
2026-09-28T05:12:22.666Z	spark2	LOAD	23.413	4.107
2026-09-28T05:12:22.750Z	spark1	LOAD	14.905	7.318
2026-09-28T05:12:22.917Z	spark2	LOAD	23.413	4.107
2026-09-28T05:12:23.000Z	spark1	LOAD	14.945	7.318
2026-09-28T05:12:23.178Z	spark2	LOAD	23.413	4.107
2026-09-28T05:12:23.267Z	spark1	LOAD	14.936	7.318
2026-09-28T05:12:23.429Z	spark2	LOAD	23.413	4.107
2026-09-28T05:12:23.518Z	spark1	LOAD	14.936	7.318
2026-09-28T05:12:23.679Z	spark2	LOAD	23.413	4.107
2026-09-28T05:12:23.768Z	spark1	LOAD	14.914	7.318
2026-09-28T05:12:23.929Z	spark2	LOAD	23.413	4.107
2026-09-28T05:12:24.018Z	spark1	LOAD	14.827	7.318
2026-09-28T05:12:24.191Z	spark2	LOAD	23.399	4.107
2026-09-28T05:12:24.284Z	spark1	LOAD	14.829	7.318
2026-09-28T05:12:24.442Z	spark2	LOAD	23.406	4.107
2026-09-28T05:12:24.535Z	spark1	LOAD	14.828	7.318
2026-09-28T05:12:24.691Z	spark2	LOAD	23.394	4.107
2026-09-28T05:12:24.786Z	spark1	LOAD	14.892	7.318
2026-09-28T05:12:24.943Z	spark2	LOAD	23.394	4.107
2026-09-28T05:12:25.036Z	spark1	LOAD	14.891	7.318
2026-09-28T05:12:25.204Z	spark2	LOAD	23.394	4.107
2026-09-28T05:12:25.302Z	spark1	LOAD	14.891	7.318
2026-09-28T05:12:25.454Z	spark2	LOAD	23.394	4.107
2026-09-28T05:12:25.553Z	spark1	LOAD	14.927	7.318
2026-09-28T05:12:25.705Z	spark2	LOAD	23.394	4.107
2026-09-28T05:12:25.803Z	spark1	LOAD	14.906	7.318
2026-09-28T05:12:25.956Z	spark2	LOAD	23.394	4.107
2026-09-28T05:12:26.054Z	spark1	LOAD	14.905	7.318
2026-09-28T05:12:26.221Z	spark2	LOAD	23.394	4.107
2026-09-28T05:12:26.316Z	spark1	LOAD	14.904	7.318
2026-09-28T05:12:26.472Z	spark2	LOAD	23.394	4.107
2026-09-28T05:12:26.567Z	spark1	LOAD	14.904	7.318
2026-09-28T05:12:26.722Z	spark2	LOAD	23.394	4.107
2026-09-28T05:12:26.817Z	spark1	LOAD	14.904	7.318
2026-09-28T05:12:26.973Z	spark2	LOAD	23.394	4.107
2026-09-28T05:12:27.068Z	spark1	LOAD	14.903	7.318
2026-09-28T05:12:27.234Z	spark2	LOAD	23.394	4.107
2026-09-28T05:12:27.334Z	spark1	LOAD	14.902	7.318
2026-09-28T05:12:27.485Z	spark2	LOAD	23.394	4.107
2026-09-28T05:12:27.584Z	spark1	LOAD	14.901	7.318
2026-09-28T05:12:27.736Z	spark2	LOAD	23.394	4.107
2026-09-28T05:12:27.835Z	spark1	LOAD	14.893	7.318
2026-09-28T05:12:27.986Z	spark2	LOAD	23.393	4.107
2026-09-28T05:12:28.085Z	spark1	LOAD	14.893	7.318
2026-09-28T05:12:28.252Z	spark2	LOAD	23.393	4.107
2026-09-28T05:12:28.348Z	spark1	LOAD	14.896	7.318
2026-09-28T05:12:28.503Z	spark2	LOAD	23.393	4.107
2026-09-28T05:12:28.598Z	spark1	LOAD	14.896	7.317
2026-09-28T05:12:28.754Z	spark2	LOAD	23.393	4.107
2026-09-28T05:12:28.849Z	spark1	LOAD	14.895	7.317
2026-09-28T05:12:29.004Z	spark2	LOAD	23.394	4.107
2026-09-28T05:12:29.099Z	spark1	LOAD	14.895	7.317
2026-09-28T05:12:29.265Z	spark2	LOAD	23.394	4.107
2026-09-28T05:12:29.372Z	spark1	LOAD	14.865	7.317
2026-09-28T05:12:29.515Z	spark2	LOAD	23.394	4.107
2026-09-28T05:12:29.622Z	spark1	LOAD	14.865	7.317
2026-09-28T05:12:29.766Z	spark2	LOAD	23.394	4.107
2026-09-28T05:12:29.873Z	spark1	LOAD	14.865	7.317
2026-09-28T05:12:30.016Z	spark2	LOAD	23.397	4.107
2026-09-28T05:12:30.124Z	spark1	LOAD	14.870	7.317
2026-09-28T05:12:30.277Z	spark2	LOAD	23.397	4.107
2026-09-28T05:12:30.390Z	spark1	LOAD	14.863	7.317
2026-09-28T05:12:30.528Z	spark2	LOAD	23.397	4.107
2026-09-28T05:12:30.640Z	spark1	LOAD	14.840	7.317
2026-09-28T05:12:30.779Z	spark2	LOAD	23.397	4.107
2026-09-28T05:12:30.892Z	spark1	LOAD	14.869	7.317
2026-09-28T05:12:31.030Z	spark2	LOAD	23.399	4.107
2026-09-28T05:12:31.142Z	spark1	LOAD	14.860	7.317
2026-09-28T05:12:31.291Z	spark2	LOAD	23.399	4.107
2026-09-28T05:12:31.407Z	spark1	LOAD	14.858	7.317
2026-09-28T05:12:31.542Z	spark2	LOAD	23.399	4.107
2026-09-28T05:12:31.657Z	spark1	LOAD	14.858	7.317
2026-09-28T05:12:31.793Z	spark2	LOAD	23.399	4.107
2026-09-28T05:12:31.908Z	spark1	LOAD	14.873	7.317
2026-09-28T05:12:32.044Z	spark2	LOAD	23.401	4.107
2026-09-28T05:12:32.158Z	spark1	LOAD	14.844	7.317
2026-09-28T05:12:32.304Z	spark2	LOAD	23.401	4.107
2026-09-28T05:12:32.419Z	spark1	LOAD	14.846	7.317
2026-09-28T05:12:32.555Z	spark2	LOAD	23.401	4.107
2026-09-28T05:12:32.670Z	spark1	LOAD	14.870	7.317
2026-09-28T05:12:32.806Z	spark2	LOAD	23.401	4.107
2026-09-28T05:12:32.920Z	spark1	LOAD	14.869	7.317
2026-09-28T05:12:33.057Z	spark2	LOAD	23.404	4.107
2026-09-28T05:12:33.170Z	spark1	LOAD	14.866	7.317
2026-09-28T05:12:33.323Z	spark2	LOAD	23.403	4.107
2026-09-28T05:12:33.432Z	spark1	LOAD	14.862	7.317
2026-09-28T05:12:33.573Z	spark2	LOAD	23.403	4.107
2026-09-28T05:12:33.682Z	spark1	LOAD	14.862	7.317
2026-09-28T05:12:33.824Z	spark2	LOAD	23.403	4.107
2026-09-28T05:12:33.932Z	spark1	LOAD	14.833	7.317
2026-09-28T05:12:34.075Z	spark2	LOAD	23.404	4.107
2026-09-28T05:12:34.183Z	spark1	LOAD	14.848	7.317
2026-09-28T05:12:34.337Z	spark2	LOAD	23.404	4.107
2026-09-28T05:12:34.449Z	spark1	LOAD	14.843	7.317
2026-09-28T05:12:34.587Z	spark2	LOAD	23.404	4.107
2026-09-28T05:12:34.699Z	spark1	LOAD	14.822	7.317
2026-09-28T05:12:34.838Z	spark2	LOAD	23.404	4.107
2026-09-28T05:12:34.950Z	spark1	LOAD	14.802	7.317
2026-09-28T05:12:35.089Z	spark2	LOAD	23.405	4.107
2026-09-28T05:12:35.200Z	spark1	LOAD	14.810	7.317
2026-09-28T05:12:35.349Z	spark2	LOAD	23.405	4.107
2026-09-28T05:12:35.462Z	spark1	LOAD	14.751	7.317
2026-09-28T05:12:35.599Z	spark2	LOAD	23.406	4.107
2026-09-28T05:12:35.713Z	spark1	LOAD	14.747	7.317
2026-09-28T05:12:35.850Z	spark2	LOAD	23.409	4.107
2026-09-28T05:12:35.963Z	spark1	LOAD	14.733	7.317
2026-09-28T05:12:36.101Z	spark2	LOAD	23.416	4.107
2026-09-28T05:12:36.213Z	spark1	LOAD	14.747	7.317
2026-09-28T05:12:36.367Z	spark2	LOAD	23.416	4.107
2026-09-28T05:12:36.475Z	spark1	LOAD	14.714	7.317
2026-09-28T05:12:36.617Z	spark2	LOAD	23.416	4.107
2026-09-28T05:12:36.726Z	spark1	LOAD	14.674	7.317
2026-09-28T05:12:36.867Z	spark2	LOAD	23.416	4.107
2026-09-28T05:12:36.976Z	spark1	LOAD	14.673	7.317
2026-09-28T05:12:37.118Z	spark2	LOAD	23.416	4.107
2026-09-28T05:12:37.226Z	spark1	LOAD	14.628	7.317
2026-09-28T05:12:37.379Z	spark2	LOAD	23.415	4.107
2026-09-28T05:12:37.492Z	spark1	LOAD	14.662	7.317
2026-09-28T05:12:37.630Z	spark2	LOAD	23.415	4.107
2026-09-28T05:12:37.743Z	spark1	LOAD	14.662	7.317
2026-09-28T05:12:37.880Z	spark2	LOAD	23.416	4.107
2026-09-28T05:12:37.993Z	spark1	LOAD	14.660	7.317
2026-09-28T05:12:38.130Z	spark2	LOAD	23.415	4.107
2026-09-28T05:12:38.244Z	spark1	LOAD	14.660	7.317
2026-09-28T05:12:38.391Z	spark2	LOAD	23.415	4.107
2026-09-28T05:12:38.506Z	spark1	LOAD	14.641	7.317
2026-09-28T05:12:38.642Z	spark2	LOAD	23.415	4.107
2026-09-28T05:12:38.757Z	spark1	LOAD	14.641	7.317
2026-09-28T05:12:38.893Z	spark2	LOAD	23.415	4.107
2026-09-28T05:12:39.008Z	spark1	LOAD	14.639	7.317
2026-09-28T05:12:39.144Z	spark2	LOAD	23.415	4.107
2026-09-28T05:12:39.258Z	spark1	LOAD	14.641	7.317
2026-09-28T05:12:39.406Z	spark2	LOAD	23.415	4.107
2026-09-28T05:12:39.520Z	spark1	LOAD	14.602	7.317
2026-09-28T05:12:39.657Z	spark2	LOAD	23.418	4.107
2026-09-28T05:12:39.771Z	spark1	LOAD	14.597	7.317
2026-09-28T05:12:39.907Z	spark2	LOAD	23.418	4.107
2026-09-28T05:12:40.021Z	spark1	LOAD	14.592	7.317
2026-09-28T05:12:40.157Z	spark2	LOAD	23.418	4.107
2026-09-28T05:12:40.272Z	spark1	LOAD	14.583	7.317
2026-09-28T05:12:40.422Z	spark2	LOAD	23.418	4.107
2026-09-28T05:12:40.549Z	spark1	LOAD	14.560	7.317
2026-09-28T05:12:40.672Z	spark2	LOAD	23.418	4.107
2026-09-28T05:12:40.800Z	spark1	LOAD	20.669	7.317
2026-09-28T05:12:40.923Z	spark2	LOAD	23.418	4.107
2026-09-28T05:12:41.050Z	spark1	LOAD	16.208	7.317
2026-09-28T05:12:41.174Z	spark2	LOAD	23.418	4.107
2026-09-28T05:12:41.300Z	spark1	LOAD	16.211	7.317
2026-09-28T05:12:41.439Z	spark2	LOAD	23.418	4.107
2026-09-28T05:12:41.566Z	spark1	LOAD	16.153	7.317
2026-09-28T05:12:41.689Z	spark2	LOAD	23.418	4.107
2026-09-28T05:12:41.816Z	spark1	LOAD	16.148	7.317
2026-09-28T05:12:41.939Z	spark2	LOAD	23.418	4.107
2026-09-28T05:12:42.067Z	spark1	LOAD	15.975	7.317
2026-09-28T05:12:42.190Z	spark2	LOAD	23.418	4.107
2026-09-28T05:12:42.317Z	spark1	LOAD	15.600	7.317
2026-09-28T05:12:42.451Z	spark2	LOAD	23.418	4.107
2026-09-28T05:12:42.580Z	spark1	LOAD	15.203	7.317
2026-09-28T05:12:42.702Z	spark2	LOAD	23.418	4.107
2026-09-28T05:12:42.830Z	spark1	LOAD	14.892	7.317
2026-09-28T05:12:42.953Z	spark2	LOAD	23.418	4.107
2026-09-28T05:12:43.080Z	spark1	LOAD	14.823	7.315
2026-09-28T05:12:43.203Z	spark2	LOAD	23.418	4.107
2026-09-28T05:12:43.331Z	spark1	LOAD	14.561	7.315
2026-09-28T05:12:43.463Z	spark2	LOAD	23.418	4.107
2026-09-28T05:12:43.612Z	spark1	LOAD	21.982	7.315
2026-09-28T05:12:43.715Z	spark2	LOAD	23.418	4.107
2026-09-28T05:12:43.862Z	spark1	LOAD	16.551	7.315
2026-09-28T05:12:43.966Z	spark2	LOAD	23.418	4.107
2026-09-28T05:12:44.113Z	spark1	LOAD	15.952	7.315
2026-09-28T05:12:44.216Z	spark2	LOAD	23.418	4.107
2026-09-28T05:12:44.363Z	spark1	LOAD	15.892	7.315
2026-09-28T05:12:44.477Z	spark2	LOAD	23.418	4.107
2026-09-28T05:12:44.632Z	spark1	LOAD	15.861	7.315
2026-09-28T05:12:44.729Z	spark2	LOAD	23.418	4.107
2026-09-28T05:12:44.882Z	spark1	LOAD	15.859	7.315
2026-09-28T05:12:44.979Z	spark2	LOAD	23.418	4.107
2026-09-28T05:12:45.133Z	spark1	LOAD	15.823	7.315
2026-09-28T05:12:45.230Z	spark2	LOAD	23.418	4.107
2026-09-28T05:12:45.383Z	spark1	LOAD	15.517	7.315
2026-09-28T05:12:45.491Z	spark2	LOAD	23.418	4.107
2026-09-28T05:12:45.650Z	spark1	LOAD	15.508	7.315
2026-09-28T05:12:45.741Z	spark2	LOAD	23.418	4.107
2026-09-28T05:12:45.900Z	spark1	LOAD	15.479	7.315
2026-09-28T05:12:45.992Z	spark2	LOAD	23.418	4.107
2026-09-28T05:12:46.151Z	spark1	LOAD	15.441	7.315
2026-09-28T05:12:46.243Z	spark2	LOAD	23.418	4.107
2026-09-28T05:12:46.402Z	spark1	LOAD	15.408	7.315
2026-09-28T05:12:46.505Z	spark2	LOAD	23.418	4.107
2026-09-28T05:12:46.666Z	spark1	LOAD	15.381	7.315
2026-09-28T05:12:46.754Z	spark2	LOAD	23.418	4.107
2026-09-28T05:12:46.917Z	spark1	LOAD	15.372	7.315
2026-09-28T05:12:47.006Z	spark2	LOAD	23.418	4.107
2026-09-28T05:12:47.167Z	spark1	LOAD	15.360	7.315
2026-09-28T05:12:47.256Z	spark2	LOAD	23.418	4.107
2026-09-28T05:12:47.417Z	spark1	LOAD	14.842	7.315
2026-09-28T05:12:47.521Z	spark2	LOAD	23.418	4.107
2026-09-28T05:12:47.682Z	spark1	LOAD	14.931	7.317
2026-09-28T05:12:47.773Z	spark2	LOAD	23.418	4.107
2026-09-28T05:12:47.933Z	spark1	LOAD	19.624	7.317
2026-09-28T05:12:48.021Z	spark2	LOAD	23.415	4.107
2026-09-28T05:12:48.184Z	spark1	LOAD	18.164	7.317
2026-09-28T05:12:48.272Z	spark2	LOAD	23.413	4.107
2026-09-28T05:12:48.434Z	spark1	LOAD	14.671	7.317
2026-09-28T05:12:48.533Z	spark2	LOAD	23.412	4.107
2026-09-28T05:12:48.713Z	spark1	LOAD	14.467	7.317
2026-09-28T05:12:48.783Z	spark2	LOAD	23.412	4.107
2026-09-28T05:12:48.964Z	spark1	LOAD	21.406	7.317
2026-09-28T05:12:49.035Z	spark2	LOAD	23.412	4.107
2026-09-28T05:12:49.214Z	spark1	LOAD	15.748	7.317
2026-09-28T05:12:49.285Z	spark2	LOAD	23.412	4.107
2026-09-28T05:12:49.464Z	spark1	LOAD	14.638	7.317
2026-09-28T05:12:49.550Z	spark2	LOAD	23.412	4.107
2026-09-28T05:12:49.733Z	spark1	LOAD	14.456	7.317
2026-09-28T05:12:49.800Z	spark2	LOAD	23.412	4.107
2026-09-28T05:12:49.983Z	spark1	LOAD	20.949	7.317
2026-09-28T05:12:50.051Z	spark2	LOAD	23.412	4.107
2026-09-28T05:12:50.234Z	spark1	LOAD	16.466	7.317
2026-09-28T05:12:50.301Z	spark2	LOAD	23.412	4.107
2026-09-28T05:12:50.484Z	spark1	LOAD	14.792	7.317
2026-09-28T05:12:50.565Z	spark2	LOAD	23.412	4.107
2026-09-28T05:12:50.746Z	spark1	LOAD	14.663	7.317
2026-09-28T05:12:50.816Z	spark2	LOAD	23.412	4.107
2026-09-28T05:12:50.996Z	spark1	LOAD	14.677	7.317
2026-09-28T05:12:51.066Z	spark2	LOAD	23.414	4.107
2026-09-28T05:12:51.246Z	spark1	LOAD	14.677	7.317
2026-09-28T05:12:51.317Z	spark2	LOAD	23.414	4.107
2026-09-28T05:12:51.497Z	spark1	LOAD	14.677	7.317
2026-09-28T05:12:51.582Z	spark2	LOAD	23.414	4.107
2026-09-28T05:12:51.763Z	spark1	LOAD	14.635	7.317
2026-09-28T05:12:51.833Z	spark2	LOAD	23.414	4.107
2026-09-28T05:12:52.013Z	spark1	LOAD	15.088	7.317
2026-09-28T05:12:52.084Z	spark2	LOAD	23.414	4.107
2026-09-28T05:12:52.264Z	spark1	LOAD	22.037	7.318
2026-09-28T05:12:52.334Z	spark2	LOAD	23.414	4.107
2026-09-28T05:12:52.514Z	spark1	LOAD	21.969	7.317
2026-09-28T05:12:52.600Z	spark2	LOAD	23.414	4.107
2026-09-28T05:12:52.784Z	spark1	LOAD	22.004	7.317
2026-09-28T05:12:52.850Z	spark2	LOAD	23.414	4.107
2026-09-28T05:12:53.035Z	spark1	LOAD	22.253	7.317
2026-09-28T05:12:53.101Z	spark2	LOAD	23.414	4.107
2026-09-28T05:12:53.286Z	spark1	LOAD	22.077	7.317
2026-09-28T05:12:53.351Z	spark2	LOAD	23.414	4.107
2026-09-28T05:12:53.536Z	spark1	LOAD	22.397	7.317
2026-09-28T05:12:53.615Z	spark2	LOAD	23.414	4.107
2026-09-28T05:12:53.806Z	spark1	LOAD	22.634	7.317
2026-09-28T05:12:53.866Z	spark2	LOAD	23.414	4.107
2026-09-28T05:12:54.057Z	spark1	LOAD	22.676	7.317
2026-09-28T05:12:54.118Z	spark2	LOAD	23.414	4.107
2026-09-28T05:12:54.307Z	spark1	LOAD	22.618	7.317
2026-09-28T05:12:54.368Z	spark2	LOAD	23.414	4.107
2026-09-28T05:12:54.557Z	spark1	LOAD	22.431	7.317
2026-09-28T05:12:54.632Z	spark2	LOAD	23.414	4.107
2026-09-28T05:12:54.827Z	spark1	LOAD	23.038	7.317
2026-09-28T05:12:54.883Z	spark2	LOAD	23.414	4.107
2026-09-28T05:12:55.078Z	spark1	LOAD	22.921	7.317
2026-09-28T05:12:55.134Z	spark2	LOAD	23.414	4.107
2026-09-28T05:12:55.328Z	spark1	LOAD	22.659	7.317
2026-09-28T05:12:55.383Z	spark2	LOAD	23.414	4.107
2026-09-28T05:12:55.579Z	spark1	LOAD	22.915	7.317
2026-09-28T05:12:55.648Z	spark2	LOAD	23.413	4.107
2026-09-28T05:12:55.849Z	spark1	LOAD	23.328	7.317
2026-09-28T05:12:55.899Z	spark2	LOAD	23.413	4.107
2026-09-28T05:12:56.099Z	spark1	LOAD	23.102	7.317
2026-09-28T05:12:56.150Z	spark2	LOAD	23.413	4.107
2026-09-28T05:12:56.350Z	spark1	LOAD	23.304	7.317
2026-09-28T05:12:56.401Z	spark2	LOAD	23.413	4.107
2026-09-28T05:12:56.601Z	spark1	LOAD	23.504	7.317
2026-09-28T05:12:56.665Z	spark2	LOAD	23.413	4.107
2026-09-28T05:12:56.870Z	spark1	LOAD	23.581	7.317
2026-09-28T05:12:56.916Z	spark2	LOAD	23.413	4.107
2026-09-28T05:12:57.120Z	spark1	LOAD	23.616	7.317
2026-09-28T05:12:57.167Z	spark2	LOAD	23.413	4.107
2026-09-28T05:12:57.371Z	spark1	LOAD	23.909	7.317
2026-09-28T05:12:57.417Z	spark2	LOAD	23.413	4.107
2026-09-28T05:12:57.623Z	spark1	LOAD	24.200	7.317
2026-09-28T05:12:57.683Z	spark2	LOAD	23.413	4.107
2026-09-28T05:12:57.889Z	spark1	LOAD	24.198	7.317
2026-09-28T05:12:57.933Z	spark2	LOAD	23.413	4.107
2026-09-28T05:12:58.139Z	spark1	LOAD	24.176	7.317
2026-09-28T05:12:58.182Z	spark2	LOAD	23.413	4.107
2026-09-28T05:12:58.389Z	spark1	LOAD	24.157	7.317
2026-09-28T05:12:58.433Z	spark2	LOAD	23.413	4.107
2026-09-28T05:12:58.640Z	spark1	LOAD	24.156	7.317
2026-09-28T05:12:58.698Z	spark2	LOAD	23.413	4.107
2026-09-28T05:12:58.902Z	spark1	LOAD	22.276	7.317
2026-09-28T05:12:58.948Z	spark2	LOAD	23.413	4.107
2026-09-28T05:12:59.153Z	spark1	LOAD	22.264	7.316
2026-09-28T05:12:59.198Z	spark2	LOAD	23.402	4.107
2026-09-28T05:12:59.403Z	spark1	LOAD	22.242	7.316
2026-09-28T05:12:59.449Z	spark2	LOAD	23.403	4.107
2026-09-28T05:12:59.654Z	spark1	LOAD	22.242	7.316
2026-09-28T05:12:59.712Z	spark2	LOAD	23.403	4.107
2026-09-28T05:12:59.916Z	spark1	LOAD	21.145	7.316
2026-09-28T05:12:59.962Z	spark2	LOAD	23.403	4.107
2026-09-28T05:13:00.167Z	spark1	LOAD	21.081	7.316
2026-09-28T05:13:00.212Z	spark2	LOAD	23.403	4.107
2026-09-28T05:13:00.417Z	spark1	LOAD	21.068	7.316
2026-09-28T05:13:00.464Z	spark2	LOAD	23.403	4.107
2026-09-28T05:13:00.668Z	spark1	LOAD	21.035	7.316
2026-09-28T05:13:00.729Z	spark2	LOAD	23.403	4.107
2026-09-28T05:13:00.934Z	spark1	LOAD	20.994	7.316
2026-09-28T05:13:00.979Z	spark2	LOAD	23.404	4.107
2026-09-28T05:13:01.185Z	spark1	LOAD	20.955	7.316
2026-09-28T05:13:01.230Z	spark2	LOAD	23.404	4.107
2026-09-28T05:13:01.435Z	spark1	LOAD	20.918	7.316
2026-09-28T05:13:01.480Z	spark2	LOAD	23.404	4.107
2026-09-28T05:13:01.686Z	spark1	LOAD	20.881	7.316
2026-09-28T05:13:01.746Z	spark2	LOAD	23.404	4.107
2026-09-28T05:13:01.948Z	spark1	LOAD	20.841	7.316
2026-09-28T05:13:01.996Z	spark2	LOAD	23.406	4.107
2026-09-28T05:13:02.199Z	spark1	LOAD	20.700	7.316
2026-09-28T05:13:02.246Z	spark2	LOAD	23.406	4.107
2026-09-28T05:13:02.450Z	spark1	LOAD	20.631	7.316
2026-09-28T05:13:02.498Z	spark2	LOAD	23.406	4.107
2026-09-28T05:13:02.700Z	spark1	LOAD	20.601	7.316
2026-09-28T05:13:02.763Z	spark2	LOAD	23.406	4.107
2026-09-28T05:13:02.968Z	spark1	LOAD	20.561	7.316
2026-09-28T05:13:03.013Z	spark2	LOAD	23.407	4.107
2026-09-28T05:13:03.218Z	spark1	LOAD	20.533	7.316
2026-09-28T05:13:03.264Z	spark2	LOAD	23.407	4.107
2026-09-28T05:13:03.470Z	spark1	LOAD	20.466	7.316
2026-09-28T05:13:03.515Z	spark2	LOAD	23.407	4.107
2026-09-28T05:13:03.720Z	spark1	LOAD	20.429	7.316
2026-09-28T05:13:03.780Z	spark2	LOAD	23.407	4.107
2026-09-28T05:13:03.983Z	spark1	LOAD	20.426	7.316
2026-09-28T05:13:04.030Z	spark2	LOAD	23.409	4.107
2026-09-28T05:13:04.233Z	spark1	LOAD	20.353	7.316
2026-09-28T05:13:04.281Z	spark2	LOAD	23.409	4.107
2026-09-28T05:13:04.484Z	spark1	LOAD	20.299	7.316
2026-09-28T05:13:04.532Z	spark2	LOAD	23.409	4.107
2026-09-28T05:13:04.734Z	spark1	LOAD	20.265	7.316
2026-09-28T05:13:04.797Z	spark2	LOAD	23.409	4.107
2026-09-28T05:13:05.003Z	spark1	LOAD	20.247	7.316
2026-09-28T05:13:05.048Z	spark2	LOAD	23.410	4.107
2026-09-28T05:13:05.253Z	spark1	LOAD	20.125	7.316
2026-09-28T05:13:05.298Z	spark2	LOAD	23.410	4.107
2026-09-28T05:13:05.503Z	spark1	LOAD	20.096	7.316
2026-09-28T05:13:05.549Z	spark2	LOAD	23.410	4.107
2026-09-28T05:13:05.754Z	spark1	LOAD	21.096	7.316
2026-09-28T05:13:05.814Z	spark2	LOAD	23.410	4.107
2026-09-28T05:13:06.019Z	spark1	LOAD	21.353	7.316
2026-09-28T05:13:06.065Z	spark2	LOAD	23.410	4.107
2026-09-28T05:13:06.270Z	spark1	LOAD	21.599	7.316
2026-09-28T05:13:06.317Z	spark2	LOAD	23.410	4.107
2026-09-28T05:13:06.520Z	spark1	LOAD	21.618	7.316
2026-09-28T05:13:06.566Z	spark2	LOAD	23.410	4.107
2026-09-28T05:13:06.771Z	spark1	LOAD	21.636	7.316
2026-09-28T05:13:06.831Z	spark2	LOAD	23.410	4.107
2026-09-28T05:13:07.051Z	spark1	LOAD	21.756	7.316
2026-09-28T05:13:07.082Z	spark2	LOAD	23.410	4.107
2026-09-28T05:13:07.302Z	spark1	LOAD	21.358	7.316
2026-09-28T05:13:07.333Z	spark2	LOAD	23.410	4.107
2026-09-28T05:13:07.552Z	spark1	LOAD	22.178	7.316
2026-09-28T05:13:07.582Z	spark2	LOAD	23.410	4.107
2026-09-28T05:13:07.802Z	spark1	LOAD	22.178	7.316
2026-09-28T05:13:07.847Z	spark2	LOAD	23.410	4.107
2026-09-28T05:13:08.065Z	spark1	LOAD	22.170	7.316
2026-09-28T05:13:08.097Z	spark2	LOAD	23.410	4.107
2026-09-28T05:13:08.315Z	spark1	LOAD	22.155	7.315
2026-09-28T05:13:08.349Z	spark2	LOAD	23.410	4.107
2026-09-28T05:13:08.565Z	spark1	LOAD	22.122	7.315
2026-09-28T05:13:08.599Z	spark2	LOAD	23.410	4.107
2026-09-28T05:13:08.816Z	spark1	LOAD	22.107	7.315
2026-09-28T05:13:08.864Z	spark2	LOAD	23.410	4.107
2026-09-28T05:13:09.078Z	spark1	LOAD	22.100	7.315
2026-09-28T05:13:09.114Z	spark2	LOAD	23.410	4.107
2026-09-28T05:13:09.328Z	spark1	LOAD	22.068	7.315
2026-09-28T05:13:09.365Z	spark2	LOAD	23.410	4.107
2026-09-28T05:13:09.578Z	spark1	LOAD	22.046	7.315
2026-09-28T05:13:09.616Z	spark2	LOAD	23.410	4.107
2026-09-28T05:13:09.829Z	spark1	LOAD	22.046	7.315
2026-09-28T05:13:09.880Z	spark2	LOAD	23.408	4.107
2026-09-28T05:13:10.090Z	spark1	LOAD	22.044	7.315
2026-09-28T05:13:10.131Z	spark2	LOAD	23.406	4.107
2026-09-28T05:13:10.341Z	spark1	LOAD	22.035	7.315
2026-09-28T05:13:10.381Z	spark2	LOAD	23.409	4.107
2026-09-28T05:13:10.591Z	spark1	LOAD	22.034	7.315
2026-09-28T05:13:10.632Z	spark2	LOAD	23.409	4.107
2026-09-28T05:13:10.841Z	spark1	LOAD	22.018	7.315
2026-09-28T05:13:10.896Z	spark2	LOAD	23.409	4.107
2026-09-28T05:13:11.109Z	spark1	LOAD	22.002	7.315
2026-09-28T05:13:11.147Z	spark2	LOAD	23.409	4.107
2026-09-28T05:13:11.359Z	spark1	LOAD	21.994	7.315
2026-09-28T05:13:11.398Z	spark2	LOAD	23.409	4.107
2026-09-28T05:13:11.610Z	spark1	LOAD	21.979	7.315
2026-09-28T05:13:11.648Z	spark2	LOAD	23.409	4.107
2026-09-28T05:13:11.861Z	spark1	LOAD	21.963	7.315
2026-09-28T05:13:11.909Z	spark2	LOAD	23.409	4.107
2026-09-28T05:13:12.127Z	spark1	LOAD	21.956	7.315
2026-09-28T05:13:12.160Z	spark2	LOAD	23.410	4.107
2026-09-28T05:13:12.377Z	spark1	LOAD	21.942	7.315
2026-09-28T05:13:12.411Z	spark2	LOAD	23.410	4.107
2026-09-28T05:13:12.628Z	spark1	LOAD	21.919	7.315
2026-09-28T05:13:12.660Z	spark2	LOAD	23.410	4.107
2026-09-28T05:13:12.878Z	spark1	LOAD	21.913	7.315
2026-09-28T05:13:12.925Z	spark2	LOAD	23.411	4.107
2026-09-28T05:13:13.141Z	spark1	LOAD	21.907	7.315
2026-09-28T05:13:13.176Z	spark2	LOAD	23.413	4.107
2026-09-28T05:13:13.391Z	spark1	LOAD	21.892	7.315
2026-09-28T05:13:13.427Z	spark2	LOAD	23.413	4.107
2026-09-28T05:13:13.642Z	spark1	LOAD	21.900	7.315
2026-09-28T05:13:13.678Z	spark2	LOAD	23.412	4.107
2026-09-28T05:13:13.892Z	spark1	LOAD	21.900	7.315
2026-09-28T05:13:13.942Z	spark2	LOAD	23.414	4.107
2026-09-28T05:13:14.154Z	spark1	LOAD	21.886	7.315
2026-09-28T05:13:14.193Z	spark2	LOAD	23.414	4.107
2026-09-28T05:13:14.404Z	spark1	LOAD	21.880	7.315
2026-09-28T05:13:14.444Z	spark2	LOAD	23.414	4.107
2026-09-28T05:13:14.655Z	spark1	LOAD	21.869	7.315
2026-09-28T05:13:14.694Z	spark2	LOAD	23.414	4.107
2026-09-28T05:13:14.905Z	spark1	LOAD	21.861	7.315
2026-09-28T05:13:14.960Z	spark2	LOAD	23.414	4.107
2026-09-28T05:13:15.167Z	spark1	LOAD	21.845	7.315
2026-09-28T05:13:15.210Z	spark2	LOAD	23.414	4.107
2026-09-28T05:13:15.417Z	spark1	LOAD	21.837	7.315
2026-09-28T05:13:15.460Z	spark2	LOAD	23.414	4.107
2026-09-28T05:13:15.668Z	spark1	LOAD	21.829	7.315
2026-09-28T05:13:15.711Z	spark2	LOAD	23.414	4.107
2026-09-28T05:13:15.918Z	spark1	LOAD	21.814	7.315
2026-09-28T05:13:15.976Z	spark2	LOAD	23.414	4.107
2026-09-28T05:13:16.185Z	spark1	LOAD	23.000	7.315
2026-09-28T05:13:16.227Z	spark2	PROFILE	23.414	4.107
2026-09-28T05:13:16.435Z	spark1	PROFILE	22.995	7.315
2026-09-28T05:13:16.477Z	spark2	PROFILE	23.415	4.107
2026-09-28T05:13:16.685Z	spark1	PROFILE	22.981	7.315
2026-09-28T05:13:16.728Z	spark2	PROFILE	23.415	4.107
2026-09-28T05:13:16.935Z	spark1	PROFILE	22.976	7.315
2026-09-28T05:13:16.992Z	spark2	PROFILE	23.415	4.107
2026-09-28T05:13:17.197Z	spark1	PROFILE	22.892	7.315
2026-09-28T05:13:17.243Z	spark2	PROFILE	23.278	4.107
2026-09-28T05:13:17.447Z	spark1	PROFILE	22.684	7.315
2026-09-28T05:13:17.494Z	spark2	PROFILE	23.124	4.107
2026-09-28T05:13:17.698Z	spark1	PROFILE	22.669	7.315
2026-09-28T05:13:17.744Z	spark2	PROFILE	23.109	4.107
2026-09-28T05:13:17.948Z	spark1	PROFILE	22.640	7.315
2026-09-28T05:13:18.010Z	spark2	PROFILE	23.079	4.107
2026-09-28T05:13:18.210Z	spark1	PROFILE	22.632	7.314
2026-09-28T05:13:18.261Z	spark2	PROFILE	23.078	4.107
2026-09-28T05:13:18.461Z	spark1	PROFILE	21.547	7.314
2026-09-28T05:13:18.511Z	spark2	PROFILE	19.747	4.107
2026-09-28T05:13:18.711Z	spark1	PROFILE	21.025	7.315
2026-09-28T05:13:18.761Z	spark2	PROFILE	20.023	4.107
2026-09-28T05:13:18.961Z	spark1	PROFILE	21.039	7.315
2026-09-28T05:13:19.021Z	spark2	PROFILE	20.103	4.107
2026-09-28T05:13:19.229Z	spark1	PROFILE	21.032	7.315
2026-09-28T05:13:19.272Z	spark2	PROFILE	19.064	4.107
2026-09-28T05:13:19.479Z	spark1	PROFILE	21.032	7.315
2026-09-28T05:13:19.523Z	spark2	PROFILE	18.981	4.107
2026-09-28T05:13:19.729Z	spark1	PROFILE	21.031	7.315
2026-09-28T05:13:19.774Z	spark2	PROFILE	17.630	4.107
2026-09-28T05:13:19.979Z	spark1	PROFILE	20.971	7.315
2026-09-28T05:13:20.033Z	spark2	PROFILE	17.629	4.107
2026-09-28T05:13:20.246Z	spark1	PROFILE	20.951	7.315
2026-09-28T05:13:20.283Z	spark2	PROFILE	17.629	4.107
2026-09-28T05:13:20.497Z	spark1	PROFILE	20.874	7.315
2026-09-28T05:13:20.534Z	spark2	PROFILE	17.620	4.107
2026-09-28T05:13:20.747Z	spark1	PROFILE	20.901	7.315
2026-09-28T05:13:20.784Z	spark2	PROFILE	16.884	4.107
2026-09-28T05:13:20.997Z	spark1	PROFILE	20.888	7.315
2026-09-28T05:13:21.048Z	spark2	PROFILE	16.793	4.107
2026-09-28T05:13:21.259Z	spark1	PROFILE	20.897	7.315
2026-09-28T05:13:21.299Z	spark2	PROFILE	16.769	4.107
2026-09-28T05:13:21.509Z	spark1	PROFILE	20.897	7.315
2026-09-28T05:13:21.550Z	spark2	PROFILE	16.765	4.107
2026-09-28T05:13:21.759Z	spark1	PROFILE	20.856	7.315
2026-09-28T05:13:21.800Z	spark2	PROFILE	16.765	4.107
2026-09-28T05:13:22.009Z	spark1	PROFILE	20.699	7.315
2026-09-28T05:13:22.065Z	spark2	PROFILE	16.765	4.107
2026-09-28T05:13:22.271Z	spark1	PROFILE	20.699	7.315
2026-09-28T05:13:22.316Z	spark2	PROFILE	16.765	4.107
2026-09-28T05:13:22.521Z	spark1	PROFILE	20.685	7.315
2026-09-28T05:13:22.567Z	spark2	PROFILE	16.758	4.107
2026-09-28T05:13:22.771Z	spark1	PROFILE	20.693	7.315
2026-09-28T05:13:22.817Z	spark2	PROFILE	16.756	4.107
2026-09-28T05:13:23.021Z	spark1	PROFILE	20.671	7.315
2026-09-28T05:13:23.078Z	spark2	PROFILE	16.756	4.107
2026-09-28T05:13:23.284Z	spark1	PROFILE	20.426	7.316
2026-09-28T05:13:23.328Z	spark2	PROFILE	16.748	4.107
2026-09-28T05:13:23.534Z	spark1	PROFILE	20.421	7.316
2026-09-28T05:13:23.579Z	spark2	PROFILE	16.748	4.107
2026-09-28T05:13:23.784Z	spark1	PROFILE	20.420	7.316
2026-09-28T05:13:23.830Z	spark2	PROFILE	16.745	4.107
2026-09-28T05:13:24.034Z	spark1	PROFILE	20.419	7.316
2026-09-28T05:13:24.091Z	spark2	PROFILE	16.738	4.107
2026-09-28T05:13:24.303Z	spark1	PROFILE	20.403	7.316
2026-09-28T05:13:24.341Z	spark2	PROFILE	16.739	4.107
2026-09-28T05:13:24.552Z	spark1	PROFILE	20.403	7.316
2026-09-28T05:13:24.592Z	spark2	PROFILE	16.739	4.107
2026-09-28T05:13:24.802Z	spark1	PROFILE	20.230	7.316
2026-09-28T05:13:24.842Z	spark2	PROFILE	16.732	4.107
2026-09-28T05:13:25.052Z	spark1	PROFILE	20.176	7.316
2026-09-28T05:13:25.103Z	spark2	PROFILE	16.734	4.107
2026-09-28T05:13:25.319Z	spark1	PROFILE	20.113	7.316
2026-09-28T05:13:25.353Z	spark2	PROFILE	16.732	4.107
2026-09-28T05:13:25.569Z	spark1	PROFILE	20.113	7.316
2026-09-28T05:13:25.604Z	spark2	PROFILE	16.732	4.107
2026-09-28T05:13:25.819Z	spark1	PROFILE	20.021	7.316
2026-09-28T05:13:25.854Z	spark2	PROFILE	16.722	4.107
2026-09-28T05:13:26.070Z	spark1	PROFILE	20.023	7.316
2026-09-28T05:13:26.116Z	spark2	PROFILE	16.722	4.107
2026-09-28T05:13:26.335Z	spark1	PROFILE	20.004	7.316
2026-09-28T05:13:26.366Z	spark2	PROFILE	16.727	4.107
2026-09-28T05:13:26.586Z	spark1	PROFILE	19.996	7.316
2026-09-28T05:13:26.617Z	spark2	PROFILE	16.707	4.107
2026-09-28T05:13:26.836Z	spark1	PROFILE	19.892	7.316
2026-09-28T05:13:26.868Z	spark2	PROFILE	16.707	4.107
2026-09-28T05:13:27.087Z	spark1	PROFILE	19.888	7.316
2026-09-28T05:13:27.128Z	spark2	PROFILE	16.707	4.107
2026-09-28T05:13:27.353Z	spark1	PROFILE	19.836	7.316
2026-09-28T05:13:27.379Z	spark2	PROFILE	16.679	4.107
2026-09-28T05:13:27.603Z	spark1	PROFILE	19.849	7.316
2026-09-28T05:13:27.630Z	spark2	PROFILE	16.679	4.107
2026-09-28T05:13:27.853Z	spark1	PROFILE	19.862	7.316
2026-09-28T05:13:27.880Z	spark2	PROFILE	16.679	4.107
2026-09-28T05:13:28.104Z	spark1	PROFILE	19.859	7.316
2026-09-28T05:13:28.141Z	spark2	PROFILE	15.999	4.106
2026-09-28T05:13:28.370Z	spark1	PROFILE	19.777	7.316
2026-09-28T05:13:28.392Z	spark2	PROFILE	15.360	4.106
2026-09-28T05:13:28.621Z	spark1	PROFILE	19.773	7.316
2026-09-28T05:13:28.642Z	spark2	PROFILE	15.360	4.106
2026-09-28T05:13:28.872Z	spark1	PROFILE	19.771	7.316
2026-09-28T05:13:28.893Z	spark2	PROFILE	15.357	4.106
2026-09-28T05:13:29.122Z	spark1	PROFILE	19.771	7.316
2026-09-28T05:13:29.153Z	spark2	PROFILE	15.356	4.106
2026-09-28T05:13:29.384Z	spark1	PROFILE	19.748	7.316
2026-09-28T05:13:29.404Z	spark2	PROFILE	15.354	4.106
2026-09-28T05:13:29.635Z	spark1	PROFILE	19.754	7.316
2026-09-28T05:13:29.655Z	spark2	PROFILE	15.354	4.106
2026-09-28T05:13:29.885Z	spark1	PROFILE	19.754	7.316
2026-09-28T05:13:29.906Z	spark2	PROFILE	15.354	4.106
2026-09-28T05:13:30.136Z	spark1	PROFILE	19.753	7.316
2026-09-28T05:13:30.166Z	spark2	PROFILE	15.354	4.106
2026-09-28T05:13:30.398Z	spark1	PROFILE	19.752	7.316
2026-09-28T05:13:30.416Z	spark2	PROFILE	15.354	4.106
2026-09-28T05:13:30.649Z	spark1	PROFILE	19.658	7.316
2026-09-28T05:13:30.666Z	spark2	PROFILE	15.354	4.106
2026-09-28T05:13:30.899Z	spark1	PROFILE	19.646	7.316
2026-09-28T05:13:30.917Z	spark2	PROFILE	15.354	4.106
2026-09-28T05:13:31.149Z	spark1	PROFILE	19.625	7.316
2026-09-28T05:13:31.181Z	spark2	PROFILE	15.353	4.106
2026-09-28T05:13:31.416Z	spark1	PROFILE	19.562	7.316
2026-09-28T05:13:31.432Z	spark2	PROFILE	15.353	4.106
2026-09-28T05:13:31.666Z	spark1	PROFILE	19.581	7.316
2026-09-28T05:13:31.682Z	spark2	PROFILE	15.336	4.106
2026-09-28T05:13:31.917Z	spark1	PROFILE	19.599	7.316
2026-09-28T05:13:31.932Z	spark2	PROFILE	15.318	4.106
2026-09-28T05:13:32.167Z	spark1	PROFILE	19.597	7.315
2026-09-28T05:13:32.193Z	spark2	PROFILE	15.325	4.106
2026-09-28T05:13:32.434Z	spark1	PROFILE	19.570	7.315
2026-09-28T05:13:32.444Z	spark2	PROFILE	15.305	4.106
2026-09-28T05:13:32.684Z	spark1	PROFILE	19.589	7.315
2026-09-28T05:13:32.694Z	spark2	PROFILE	15.305	4.106
2026-09-28T05:13:32.935Z	spark1	PROFILE	19.587	7.315
2026-09-28T05:13:32.945Z	spark2	PROFILE	15.305	4.106
2026-09-28T05:13:33.186Z	spark1	PROFILE	19.586	7.315
2026-09-28T05:13:33.205Z	spark2	PROFILE	15.305	4.106
2026-09-28T05:13:33.448Z	spark1	PROFILE	20.504	7.315
2026-09-28T05:13:33.455Z	spark2	PROFILE	15.305	4.106
2026-09-28T05:13:33.698Z	spark1	PROFILE	20.505	7.315
2026-09-28T05:13:33.707Z	spark2	PROFILE	15.305	4.106
2026-09-28T05:13:33.949Z	spark1	PROFILE	20.283	7.315
2026-09-28T05:13:33.957Z	spark2	PROFILE	15.305	4.106
2026-09-28T05:13:34.199Z	spark1	PROFILE	19.545	7.315
2026-09-28T05:13:34.217Z	spark2	PROFILE	15.305	4.106
2026-09-28T05:13:34.461Z	spark1	PROFILE	19.427	7.315
2026-09-28T05:13:34.468Z	spark2	PROFILE	15.305	4.106
2026-09-28T05:13:34.712Z	spark1	PROFILE	18.108	7.315
2026-09-28T05:13:34.718Z	spark2	PROFILE	15.305	4.106
2026-09-28T05:13:34.962Z	spark1	PROFILE	18.109	7.315
2026-09-28T05:13:34.969Z	spark2	PROFILE	15.305	4.106
2026-09-28T05:13:35.213Z	spark1	PROFILE	18.008	7.315
2026-09-28T05:13:35.229Z	spark2	PROFILE	15.305	4.106
2026-09-28T05:13:35.474Z	spark1	PROFILE	17.256	7.315
2026-09-28T05:13:35.479Z	spark2	PROFILE	15.305	4.106
2026-09-28T05:13:35.724Z	spark1	PROFILE	17.016	7.315
2026-09-28T05:13:35.730Z	spark2	PROFILE	15.305	4.106
2026-09-28T05:13:35.975Z	spark1	PROFILE	16.811	7.315
2026-09-28T05:13:35.981Z	spark2	PROFILE	15.305	4.106
2026-09-28T05:13:36.225Z	spark1	PROFILE	16.705	7.315
2026-09-28T05:13:36.240Z	spark2	PROFILE	15.305	4.106
2026-09-28T05:13:36.491Z	spark2	PROFILE	15.305	4.106
2026-09-28T05:13:36.492Z	spark1	PROFILE	16.701	7.315
2026-09-28T05:13:36.742Z	spark2	PROFILE	15.305	4.106
2026-09-28T05:13:36.742Z	spark1	PROFILE	16.701	7.315
2026-09-28T05:13:36.992Z	spark2	PROFILE	15.305	4.106
2026-09-28T05:13:36.993Z	spark1	PROFILE	16.701	7.315
2026-09-28T05:13:37.244Z	spark1	PROFILE	16.698	7.315
2026-09-28T05:13:37.252Z	spark2	PROFILE	15.305	4.106
2026-09-28T05:13:37.503Z	spark2	PROFILE	15.305	4.106
2026-09-28T05:13:37.510Z	spark1	PROFILE	16.638	7.315
2026-09-28T05:13:37.753Z	spark2	PROFILE	15.305	4.106
2026-09-28T05:13:37.760Z	spark1	PROFILE	16.619	7.315
2026-09-28T05:13:38.003Z	spark2	PROFILE	15.305	4.106
2026-09-28T05:13:38.011Z	spark1	PROFILE	16.619	7.315
2026-09-28T05:13:38.262Z	spark1	PROFILE	16.616	7.315
2026-09-28T05:13:38.263Z	spark2	PROFILE	15.305	4.106
2026-09-28T05:13:38.515Z	spark2	PROFILE	15.305	4.106
2026-09-28T05:13:38.525Z	spark1	PROFILE	16.611	7.315
2026-09-28T05:13:38.766Z	spark2	PROFILE	15.305	4.106
2026-09-28T05:13:38.775Z	spark1	PROFILE	16.611	7.315
2026-09-28T05:13:39.016Z	spark2	PROFILE	15.305	4.106
2026-09-28T05:13:39.026Z	spark1	PROFILE	16.602	7.315
2026-09-28T05:13:39.276Z	spark2	PROFILE	15.305	4.106
2026-09-28T05:13:39.276Z	spark1	PROFILE	16.602	7.315
2026-09-28T05:13:39.526Z	spark2	PROFILE	15.305	4.106
2026-09-28T05:13:39.537Z	spark1	PROFILE	16.602	7.315
2026-09-28T05:13:39.777Z	spark2	PROFILE	15.305	4.106
2026-09-28T05:13:39.787Z	spark1	PROFILE	16.609	7.315
2026-09-28T05:13:40.028Z	spark2	PROFILE	15.305	4.106
2026-09-28T05:13:40.038Z	spark1	PROFILE	16.609	7.315
2026-09-28T05:13:40.288Z	spark1	PROFILE	16.605	7.315
2026-09-28T05:13:40.288Z	spark2	PROFILE	15.305	4.106
2026-09-28T05:13:40.539Z	spark2	PROFILE	15.305	4.106
2026-09-28T05:13:40.554Z	spark1	PROFILE	16.605	7.315
2026-09-28T05:13:40.790Z	spark2	PROFILE	15.305	4.106
2026-09-28T05:13:40.804Z	spark1	PROFILE	16.597	7.315
2026-09-28T05:13:41.040Z	spark2	PROFILE	15.306	4.106
2026-09-28T05:13:41.055Z	spark1	PROFILE	16.598	7.315
2026-09-28T05:13:41.300Z	spark2	PROFILE	15.307	4.106
2026-09-28T05:13:41.305Z	spark1	PROFILE	16.597	7.315
2026-09-28T05:13:41.551Z	spark2	PROFILE	15.307	4.106
2026-09-28T05:13:41.572Z	spark1	PROFILE	16.586	7.315
2026-09-28T05:13:41.802Z	spark2	PROFILE	15.307	4.106
2026-09-28T05:13:41.822Z	spark1	PROFILE	16.574	7.315
2026-09-28T05:13:42.052Z	spark2	PROFILE	15.307	4.106
2026-09-28T05:13:42.073Z	spark1	PROFILE	16.575	7.315
2026-09-28T05:13:42.313Z	spark2	PROFILE	15.307	4.106
2026-09-28T05:13:42.324Z	spark1	PROFILE	16.568	7.315
2026-09-28T05:13:42.563Z	spark2	PROFILE	15.307	4.106
2026-09-28T05:13:42.585Z	spark1	PROFILE	16.563	7.315
2026-09-28T05:13:42.813Z	spark2	PROFILE	15.307	4.106
2026-09-28T05:13:42.836Z	spark1	PROFILE	16.534	7.315
2026-09-28T05:13:43.063Z	spark2	PROFILE	15.281	4.105
2026-09-28T05:13:43.086Z	spark1	PROFILE	14.804	7.314
2026-09-28T05:13:43.324Z	spark2	PROFILE	15.286	4.105
2026-09-28T05:13:43.336Z	spark1	PROFILE	14.785	7.313
2026-09-28T05:13:43.574Z	spark2	PROFILE	15.286	4.105
2026-09-28T05:13:43.598Z	spark1	PROFILE	14.784	7.313
2026-09-28T05:13:43.824Z	spark2	PROFILE	15.286	4.105
2026-09-28T05:13:43.849Z	spark1	PROFILE	14.778	7.313
2026-09-28T05:13:44.074Z	spark2	PROFILE	15.287	4.105
2026-09-28T05:13:44.099Z	spark1	PROFILE	14.780	7.313
2026-09-28T05:13:44.336Z	spark2	PROFILE	15.287	4.105
2026-09-28T05:13:44.349Z	spark1	PROFILE	14.780	7.313
2026-09-28T05:13:44.587Z	spark2	PROFILE	15.287	4.105
2026-09-28T05:13:44.621Z	spark1	PROFILE	14.780	7.313
2026-09-28T05:13:44.838Z	spark2	PROFILE	15.287	4.105
2026-09-28T05:13:44.871Z	spark1	PROFILE	14.781	7.312
2026-09-28T05:13:45.088Z	spark2	PROFILE	15.288	4.105
2026-09-28T05:13:45.121Z	spark1	PROFILE	14.782	7.312
2026-09-28T05:13:45.351Z	spark2	PROFILE	15.287	4.105
2026-09-28T05:13:45.372Z	spark1	PROFILE	14.782	7.312
2026-09-28T05:13:45.601Z	spark2	PROFILE	15.287	4.105
2026-09-28T05:13:45.634Z	spark1	PROFILE	14.782	7.312
2026-09-28T05:13:45.852Z	spark2	PROFILE	15.287	4.105
2026-09-28T05:13:45.885Z	spark1	PROFILE	14.778	7.312
2026-09-28T05:13:46.102Z	spark2	PROFILE	15.288	4.105
2026-09-28T05:13:46.135Z	spark1	PROFILE	14.778	7.312
2026-09-28T05:13:46.371Z	spark2	PROFILE	15.288	4.105
2026-09-28T05:13:46.385Z	spark1	PROFILE	14.778	7.312
2026-09-28T05:13:46.622Z	spark2	PROFILE	15.288	4.105
2026-09-28T05:13:46.656Z	spark1	PROFILE	14.778	7.312
2026-09-28T05:13:46.872Z	spark2	PROFILE	15.288	4.105
2026-09-28T05:13:46.907Z	spark1	PROFILE	14.778	7.312
2026-09-28T05:13:47.122Z	spark2	PROFILE	15.288	4.105
2026-09-28T05:13:47.157Z	spark1	PROFILE	14.778	7.312
2026-09-28T05:13:47.381Z	spark2	PROFILE	15.287	4.105
2026-09-28T05:13:47.407Z	spark1	PROFILE	14.778	7.312
2026-09-28T05:13:47.631Z	spark2	PROFILE	15.287	4.105
2026-09-28T05:13:47.671Z	spark1	PROFILE	14.775	7.312
2026-09-28T05:13:47.881Z	spark2	PROFILE	15.287	4.105
2026-09-28T05:13:47.921Z	spark1	PROFILE	14.762	7.312
2026-09-28T05:13:48.132Z	spark2	PROFILE	15.287	4.105
2026-09-28T05:13:48.172Z	spark1	PROFILE	14.761	7.312
2026-09-28T05:13:48.399Z	spark2	PROFILE	15.315	4.105
2026-09-28T05:13:48.423Z	spark1	PROFILE	14.755	7.312
2026-09-28T05:13:48.649Z	spark2	PROFILE	15.304	4.104
2026-09-28T05:13:48.687Z	spark1	PROFILE	14.749	7.312
2026-09-28T05:13:48.900Z	spark2	PROFILE	15.303	4.104
2026-09-28T05:13:48.937Z	spark1	PROFILE	14.748	7.312
2026-09-28T05:13:49.150Z	spark2	PROFILE	15.287	4.104
2026-09-28T05:13:49.187Z	spark1	PROFILE	14.739	7.312
2026-09-28T05:13:49.412Z	spark2	PROFILE	15.247	4.104
2026-09-28T05:13:49.438Z	spark1	PROFILE	14.694	7.312
2026-09-28T05:13:49.661Z	spark2	PROFILE	15.711	4.104
2026-09-28T05:13:49.702Z	spark1	PROFILE	14.574	7.312
2026-09-28T05:13:49.913Z	spark2	PROFILE	15.550	4.104
2026-09-28T05:13:49.953Z	spark1	PROFILE	14.411	7.312
2026-09-28T05:13:50.162Z	spark2	PROFILE	15.142	4.104
2026-09-28T05:13:50.203Z	spark1	PROFILE	14.391	7.312
2026-09-28T05:13:50.428Z	spark2	PROFILE	15.005	4.104
2026-09-28T05:13:50.454Z	spark1	PROFILE	14.381	7.312
2026-09-28T05:13:50.679Z	spark2	PROFILE	15.000	4.104
2026-09-28T05:13:50.721Z	spark1	PROFILE	14.380	7.312
2026-09-28T05:13:50.930Z	spark2	PROFILE	14.997	4.104
2026-09-28T05:13:50.971Z	spark1	PROFILE	14.381	7.312
2026-09-28T05:13:51.181Z	spark2	PROFILE	14.999	4.104
2026-09-28T05:13:51.221Z	spark1	PROFILE	14.400	7.312
2026-09-28T05:13:51.442Z	spark2	PROFILE	14.993	4.104
2026-09-28T05:13:51.472Z	spark1	PROFILE	14.400	7.312
2026-09-28T05:13:51.693Z	spark2	PROFILE	14.993	4.104
2026-09-28T05:13:51.734Z	spark1	PROFILE	14.400	7.312
2026-09-28T05:13:51.944Z	spark2	PROFILE	14.993	4.104
2026-09-28T05:13:51.985Z	spark1	PROFILE	14.406	7.312
2026-09-28T05:13:52.195Z	spark2	PROFILE	14.993	4.104
2026-09-28T05:13:52.236Z	spark1	PROFILE	14.415	7.312
2026-09-28T05:13:52.456Z	spark2	PROFILE	14.985	4.104
2026-09-28T05:13:52.486Z	spark1	PROFILE	14.414	7.312
2026-09-28T05:13:52.707Z	spark2	PROFILE	14.985	4.104
2026-09-28T05:13:52.748Z	spark1	PROFILE	14.414	7.312
2026-09-28T05:13:52.958Z	spark2	PROFILE	14.985	4.104
2026-09-28T05:13:52.999Z	spark1	PROFILE	14.423	7.312
2026-09-28T05:13:53.209Z	spark2	PROFILE	14.985	4.104
2026-09-28T05:13:53.250Z	spark1	PROFILE	14.435	7.312
2026-09-28T05:13:53.470Z	spark2	PROFILE	14.985	4.104
2026-09-28T05:13:53.500Z	spark1	PROFILE	14.426	7.312
2026-09-28T05:13:53.720Z	spark2	PROFILE	14.989	4.104
2026-09-28T05:13:53.762Z	spark1	PROFILE	14.421	7.312
2026-09-28T05:13:53.970Z	spark2	PROFILE	14.965	4.104
2026-09-28T05:13:54.013Z	spark1	PROFILE	14.429	7.312
2026-09-28T05:13:54.220Z	spark2	PROFILE	14.893	4.104
2026-09-28T05:13:54.264Z	spark1	PROFILE	14.400	7.312
2026-09-28T05:13:54.486Z	spark2	PROFILE	14.715	4.104
2026-09-28T05:13:54.515Z	spark1	PROFILE	14.311	7.312
2026-09-28T05:13:54.737Z	spark2	PROFILE	14.688	4.104
2026-09-28T05:13:54.782Z	spark1	PROFILE	14.175	7.312
2026-09-28T05:13:54.987Z	spark2	PROFILE	14.652	4.104
2026-09-28T05:13:55.032Z	spark1	PROFILE	14.175	7.312
2026-09-28T05:13:55.238Z	spark2	PROFILE	14.648	4.104
2026-09-28T05:13:55.282Z	spark1	PROFILE	14.166	7.312
2026-09-28T05:13:55.498Z	spark2	PROFILE	14.634	4.104
2026-09-28T05:13:55.533Z	spark1	PROFILE	14.145	7.312
2026-09-28T05:13:55.749Z	spark2	PROFILE	14.635	4.104
2026-09-28T05:13:55.800Z	spark1	PROFILE	14.137	7.312
2026-09-28T05:13:56.000Z	spark2	PROFILE	14.562	4.104
2026-09-28T05:13:56.051Z	spark1	PROFILE	14.133	7.312
2026-09-28T05:13:56.250Z	spark2	PROFILE	14.447	4.104
2026-09-28T05:13:56.301Z	spark1	PROFILE	14.023	7.312
2026-09-28T05:13:56.515Z	spark2	PROFILE	14.424	4.104
2026-09-28T05:13:56.551Z	spark1	PROFILE	13.958	7.312
2026-09-28T05:13:56.765Z	spark2	PROFILE	14.440	4.104
2026-09-28T05:13:56.812Z	spark1	PROFILE	13.920	7.312
2026-09-28T05:13:57.016Z	spark2	PROFILE	14.573	4.104
2026-09-28T05:13:57.063Z	spark1	PROFILE	14.972	7.312
2026-09-28T05:13:57.267Z	spark2	PROFILE	15.593	4.104
2026-09-28T05:13:57.313Z	spark1	PROFILE	15.468	7.312
2026-09-28T05:13:57.527Z	spark2	PROFILE	15.587	4.104
2026-09-28T05:13:57.564Z	spark1	PROFILE	15.449	7.312
2026-09-28T05:13:57.778Z	spark2	PROFILE	15.582	4.104
2026-09-28T05:13:57.830Z	spark1	PROFILE	15.437	7.312
2026-09-28T05:13:58.029Z	spark2	PROFILE	15.583	4.104
2026-09-28T05:13:58.081Z	spark1	PROFILE	15.417	7.312
2026-09-28T05:13:58.279Z	spark2	PROFILE	15.576	4.104
2026-09-28T05:13:58.332Z	spark1	PROFILE	15.392	7.312
2026-09-28T05:13:58.541Z	spark2	PROFILE	15.568	4.104
2026-09-28T05:13:58.582Z	spark1	PROFILE	15.387	7.312
2026-09-28T05:13:58.792Z	spark2	PROFILE	15.554	4.104
2026-09-28T05:13:58.844Z	spark1	PROFILE	15.378	7.312
2026-09-28T05:13:59.042Z	spark2	PROFILE	15.519	4.104
2026-09-28T05:13:59.094Z	spark1	PROFILE	15.362	7.312
2026-09-28T05:13:59.292Z	spark2	PROFILE	15.474	4.104
2026-09-28T05:13:59.345Z	spark1	PROFILE	15.314	7.312
2026-09-28T05:13:59.557Z	spark2	PROFILE	15.455	4.104
2026-09-28T05:13:59.595Z	spark1	PROFILE	15.315	7.312
2026-09-28T05:13:59.808Z	spark2	PROFILE	15.439	4.104
2026-09-28T05:13:59.857Z	spark1	PROFILE	15.276	7.312
2026-09-28T05:14:00.059Z	spark2	PROFILE	14.970	4.104
2026-09-28T05:14:00.108Z	spark1	PROFILE	17.384	7.312
2026-09-28T05:14:00.309Z	spark2	PROFILE	15.055	4.104
2026-09-28T05:14:00.358Z	spark1	PROFILE	14.182	7.312
2026-09-28T05:14:00.572Z	spark2	PROFILE	15.039	4.104
2026-09-28T05:14:00.609Z	spark1	PROFILE	14.178	7.312
2026-09-28T05:14:00.823Z	spark2	PROFILE	15.036	4.104
2026-09-28T05:14:00.884Z	spark1	PROFILE	14.177	7.312
2026-09-28T05:14:01.074Z	spark2	PROFILE	15.033	4.104
2026-09-28T05:14:01.134Z	spark1	PROFILE	14.177	7.312
2026-09-28T05:14:01.325Z	spark2	PROFILE	14.989	4.104
2026-09-28T05:14:01.385Z	spark1	PROFILE	14.697	7.312
2026-09-28T05:14:01.594Z	spark2	PROFILE	14.987	4.104
2026-09-28T05:14:01.635Z	spark1	PROFILE	14.697	7.312
2026-09-28T05:14:01.844Z	spark2	PROFILE	14.987	4.104
2026-09-28T05:14:01.907Z	spark1	PROFILE	14.695	7.312
2026-09-28T05:14:02.095Z	spark2	PROFILE	14.987	4.104
2026-09-28T05:14:02.157Z	spark1	PROFILE	14.695	7.312
2026-09-28T05:14:02.345Z	spark2	PROFILE	14.987	4.104
2026-09-28T05:14:02.408Z	spark1	PROFILE	14.673	7.312
2026-09-28T05:14:02.606Z	spark2	PROFILE	14.876	4.104
2026-09-28T05:14:02.658Z	spark1	PROFILE	14.625	7.312
2026-09-28T05:14:02.857Z	spark2	PROFILE	14.766	4.104
2026-09-28T05:14:02.925Z	spark1	PROFILE	14.403	7.312
2026-09-28T05:14:03.107Z	spark2	PROFILE	14.593	4.104
2026-09-28T05:14:03.176Z	spark1	PROFILE	14.222	7.312
2026-09-28T05:14:03.358Z	spark2	PROFILE	14.742	4.104
2026-09-28T05:14:03.426Z	spark1	PROFILE	14.121	7.312
2026-09-28T05:14:03.619Z	spark2	PROFILE	14.470	4.104
2026-09-28T05:14:03.676Z	spark1	PROFILE	13.948	7.312
2026-09-28T05:14:03.869Z	spark2	PROFILE	14.559	4.104
2026-09-28T05:14:03.939Z	spark1	PROFILE	14.549	7.312
2026-09-28T05:14:04.120Z	spark2	PROFILE	14.727	4.105
2026-09-28T05:14:04.190Z	spark1	PROFILE	14.391	7.312
2026-09-28T05:14:04.370Z	spark2	PROFILE	14.655	4.105
2026-09-28T05:14:04.440Z	spark1	PROFILE	14.195	7.312
2026-09-28T05:14:04.631Z	spark2	PROFILE	14.596	4.105
2026-09-28T05:14:04.690Z	spark1	PROFILE	14.098	7.312
2026-09-28T05:14:04.882Z	spark2	PROFILE	14.513	4.105
2026-09-28T05:14:04.958Z	spark1	PROFILE	14.059	7.312
2026-09-28T05:14:05.132Z	spark2	PROFILE	14.462	4.105
2026-09-28T05:14:05.209Z	spark1	PROFILE	14.285	7.312
2026-09-28T05:14:05.383Z	spark2	PROFILE	14.422	4.105
2026-09-28T05:14:05.459Z	spark1	PROFILE	14.076	7.312
2026-09-28T05:14:05.648Z	spark2	PROFILE	14.083	4.104
2026-09-28T05:14:05.710Z	spark1	PROFILE	13.957	7.312
2026-09-28T05:14:05.898Z	spark2	PROFILE	13.755	4.104
2026-09-28T05:14:05.987Z	spark1	PROFILE	13.810	7.312
2026-09-28T05:14:06.149Z	spark2	PROFILE	13.482	4.104
2026-09-28T05:14:06.238Z	spark1	PROFILE	13.907	7.312
2026-09-28T05:14:06.400Z	spark2	PROFILE	13.243	4.104
2026-09-28T05:14:06.488Z	spark1	PROFILE	13.773	7.312
2026-09-28T05:14:06.660Z	spark2	PROFILE	13.113	4.104
2026-09-28T05:14:06.739Z	spark1	PROFILE	13.870	7.312
2026-09-28T05:14:06.911Z	spark2	PROFILE	13.013	4.104
2026-09-28T05:14:07.006Z	spark1	PROFILE	13.590	7.312
2026-09-28T05:14:07.162Z	spark2	PROFILE	12.829	4.104
2026-09-28T05:14:07.256Z	spark1	PROFILE	14.120	7.312
2026-09-28T05:14:07.412Z	spark2	PROFILE	12.546	4.104
2026-09-28T05:14:07.507Z	spark1	PROFILE	13.852	7.312
2026-09-28T05:14:07.677Z	spark2	PROFILE	12.418	4.104
2026-09-28T05:14:07.757Z	spark1	PROFILE	13.709	7.312
2026-09-28T05:14:07.927Z	spark2	PROFILE	12.256	4.104
2026-09-28T05:14:08.025Z	spark1	PROFILE	13.746	7.312
2026-09-28T05:14:08.177Z	spark2	PROFILE	12.070	4.104
2026-09-28T05:14:08.276Z	spark1	PROFILE	13.612	7.312
2026-09-28T05:14:08.428Z	spark2	PROFILE	11.960	4.104
2026-09-28T05:14:08.526Z	spark1	PROFILE	13.057	7.312
2026-09-28T05:14:08.694Z	spark2	PROFILE	11.843	4.104
2026-09-28T05:14:08.777Z	spark1	PROFILE	12.868	7.311
2026-09-28T05:14:08.944Z	spark2	PROFILE	11.779	4.104
2026-09-28T05:14:09.039Z	spark1	PROFILE	12.735	7.309
2026-09-28T05:14:09.194Z	spark2	PROFILE	11.722	4.104
2026-09-28T05:14:09.290Z	spark1	PROFILE	12.727	7.308
2026-09-28T05:14:09.445Z	spark2	PROFILE	11.711	4.104
2026-09-28T05:14:09.540Z	spark1	PROFILE	12.642	7.308
2026-09-28T05:14:09.710Z	spark2	PROFILE	11.627	4.104
2026-09-28T05:14:09.791Z	spark1	PROFILE	12.535	7.308
2026-09-28T05:14:09.960Z	spark2	PROFILE	11.512	4.104
2026-09-28T05:14:10.053Z	spark1	PROFILE	12.536	7.308
2026-09-28T05:14:10.211Z	spark2	PROFILE	11.513	4.104
2026-09-28T05:14:10.304Z	spark1	PROFILE	12.536	7.308
2026-09-28T05:14:10.461Z	spark2	PROFILE	11.513	4.104
2026-09-28T05:14:10.554Z	spark1	PROFILE	12.536	7.308
2026-09-28T05:14:10.726Z	spark2	PROFILE	11.513	4.104
2026-09-28T05:14:10.804Z	spark1	PROFILE	12.520	7.308
2026-09-28T05:14:10.977Z	spark2	PROFILE	11.521	4.104
2026-09-28T05:14:11.072Z	spark1	PROFILE	12.518	7.308
2026-09-28T05:14:11.227Z	spark2	PROFILE	11.521	4.104
2026-09-28T05:14:11.322Z	spark1	PROFILE	12.517	7.308
2026-09-28T05:14:11.478Z	spark2	PROFILE	11.521	4.104
2026-09-28T05:14:11.573Z	spark1	PROFILE	12.517	7.308
2026-09-28T05:14:11.743Z	spark2	PROFILE	11.513	4.104
2026-09-28T05:14:11.823Z	spark1	PROFILE	12.517	7.308
2026-09-28T05:14:11.993Z	spark2	PROFILE	11.528	4.104
2026-09-28T05:14:12.091Z	spark1	PROFILE	12.517	7.308
2026-09-28T05:14:12.244Z	spark2	PROFILE	11.528	4.104
2026-09-28T05:14:12.342Z	spark1	PROFILE	12.517	7.308
2026-09-28T05:14:12.494Z	spark2	PROFILE	11.528	4.104
2026-09-28T05:14:12.592Z	spark1	PROFILE	12.510	7.308
2026-09-28T05:14:12.759Z	spark2	PROFILE	11.528	4.104
2026-09-28T05:14:12.843Z	spark1	PROFILE	12.490	7.308
2026-09-28T05:14:13.009Z	spark2	PROFILE	11.536	4.104
2026-09-28T05:14:13.110Z	spark1	PROFILE	12.489	7.308
2026-09-28T05:14:13.260Z	spark2	PROFILE	11.543	4.104
2026-09-28T05:14:13.360Z	spark1	PROFILE	12.489	7.308
2026-09-28T05:14:13.510Z	spark2	PROFILE	11.543	4.104
2026-09-28T05:14:13.610Z	spark1	PROFILE	12.489	7.308
2026-09-28T05:14:13.776Z	spark2	PROFILE	11.543	4.104
2026-09-28T05:14:13.861Z	spark1	PROFILE	12.489	7.308
2026-09-28T05:14:14.026Z	spark2	PROFILE	11.551	4.104
2026-09-28T05:14:14.128Z	spark1	PROFILE	12.489	7.308
2026-09-28T05:14:14.276Z	spark2	PROFILE	11.558	4.104
2026-09-28T05:14:14.378Z	spark1	PROFILE	12.489	7.308
2026-09-28T05:14:14.527Z	spark2	PROFILE	11.558	4.104
2026-09-28T05:14:14.629Z	spark1	PROFILE	13.376	7.308
2026-09-28T05:14:14.792Z	spark2	PROFILE	12.956	4.104
2026-09-28T05:14:14.879Z	spark1	PROFILE	13.283	7.308
2026-09-28T05:14:15.042Z	spark2	PROFILE	12.873	4.104
2026-09-28T05:14:15.156Z	spark1	PROFILE	13.248	7.308
2026-09-28T05:14:15.293Z	spark2	PROFILE	12.849	4.104
2026-09-28T05:14:15.406Z	spark1	PROFILE	13.221	7.307
2026-09-28T05:14:15.543Z	spark2	PROFILE	12.849	4.104
2026-09-28T05:14:15.656Z	spark1	PROFILE	13.217	7.307
2026-09-28T05:14:15.818Z	spark2	PROFILE	12.835	4.104
2026-09-28T05:14:15.907Z	spark1	PROFILE	13.213	7.307
2026-09-28T05:14:16.068Z	spark2	PROFILE	12.806	4.104
2026-09-28T05:14:16.174Z	spark1	PROFILE	13.213	7.307
2026-09-28T05:14:16.319Z	spark2	PROFILE	12.807	4.104
2026-09-28T05:14:16.424Z	spark1	PROFILE	13.186	7.307
2026-09-28T05:14:16.569Z	spark2	PROFILE	12.804	4.104
2026-09-28T05:14:16.675Z	spark1	PROFILE	13.186	7.307
2026-09-28T05:14:16.835Z	spark2	PROFILE	12.802	4.104
2026-09-28T05:14:16.925Z	spark1	PROFILE	13.170	7.307
2026-09-28T05:14:17.085Z	spark2	PROFILE	12.807	4.104
2026-09-28T05:14:17.193Z	spark1	PROFILE	13.168	7.307
2026-09-28T05:14:17.336Z	spark2	PROFILE	12.807	4.104
2026-09-28T05:14:17.443Z	spark1	PROFILE	13.167	7.307
2026-09-28T05:14:17.586Z	spark2	PROFILE	12.806	4.104
2026-09-28T05:14:17.693Z	spark1	PROFILE	13.160	7.307
2026-09-28T05:14:17.848Z	spark2	PROFILE	12.799	4.104
2026-09-28T05:14:17.944Z	spark1	PROFILE	13.161	7.307
2026-09-28T05:14:18.098Z	spark2	PROFILE	12.810	4.104
2026-09-28T05:14:18.206Z	spark1	PROFILE	13.161	7.307
2026-09-28T05:14:18.348Z	spark2	PROFILE	12.808	4.104
2026-09-28T05:14:18.456Z	spark1	PROFILE	13.159	7.307
2026-09-28T05:14:18.599Z	spark2	PROFILE	12.804	4.104
2026-09-28T05:14:18.707Z	spark1	PROFILE	13.153	7.307
2026-09-28T05:14:18.864Z	spark2	PROFILE	12.709	4.104
2026-09-28T05:14:18.957Z	spark1	PROFILE	13.065	7.307
2026-09-28T05:14:19.115Z	spark2	PROFILE	12.709	4.104
2026-09-28T05:14:19.219Z	spark1	PROFILE	13.065	7.307
2026-09-28T05:14:19.365Z	spark2	PROFILE	12.878	4.104
2026-09-28T05:14:19.470Z	spark1	PROFILE	13.087	7.307
2026-09-28T05:14:19.615Z	spark2	PROFILE	12.767	4.104
2026-09-28T05:14:19.720Z	spark1	PROFILE	13.087	7.307
2026-09-28T05:14:19.881Z	spark2	PROFILE	12.676	4.104
2026-09-28T05:14:19.970Z	spark1	PROFILE	13.072	7.307
2026-09-28T05:14:20.131Z	spark2	PROFILE	12.649	4.104
2026-09-28T05:14:20.238Z	spark1	PROFILE	13.053	7.307
2026-09-28T05:14:20.381Z	spark2	PROFILE	12.644	4.104
2026-09-28T05:14:20.488Z	spark1	PROFILE	13.038	7.307
2026-09-28T05:14:20.632Z	spark2	PROFILE	13.370	4.104
2026-09-28T05:14:20.739Z	spark1	PROFILE	13.023	7.307
2026-09-28T05:14:20.897Z	spark2	PROFILE	13.360	4.104
2026-09-28T05:14:20.989Z	spark1	PROFILE	13.013	7.307
2026-09-28T05:14:21.148Z	spark2	PROFILE	13.343	4.104
2026-09-28T05:14:21.257Z	spark1	PROFILE	12.990	7.307
2026-09-28T05:14:21.398Z	spark2	PROFILE	13.336	4.104
2026-09-28T05:14:21.507Z	spark1	PROFILE	12.990	7.307
2026-09-28T05:14:21.648Z	spark2	PROFILE	13.335	4.104
2026-09-28T05:14:21.757Z	spark1	PROFILE	12.990	7.307
2026-09-28T05:14:21.914Z	spark2	PROFILE	13.336	4.104
2026-09-28T05:14:22.008Z	spark1	PROFILE	12.991	7.307
2026-09-28T05:14:22.164Z	spark2	PROFILE	13.335	4.104
2026-09-28T05:14:22.275Z	spark1	PROFILE	12.991	7.307
2026-09-28T05:14:22.415Z	spark2	PROFILE	13.339	4.104
2026-09-28T05:14:22.526Z	spark1	PROFILE	13.070	7.307
2026-09-28T05:14:22.665Z	spark2	PROFILE	13.307	4.104
2026-09-28T05:14:22.776Z	spark1	PROFILE	13.076	7.307
2026-09-28T05:14:22.930Z	spark2	PROFILE	13.305	4.104
2026-09-28T05:14:23.027Z	spark1	PROFILE	13.087	7.307
2026-09-28T05:14:23.181Z	spark2	PROFILE	13.298	4.104
2026-09-28T05:14:23.294Z	spark1	PROFILE	13.087	7.307
2026-09-28T05:14:23.432Z	spark2	PROFILE	13.298	4.104
2026-09-28T05:14:23.544Z	spark1	PROFILE	13.087	7.307
2026-09-28T05:14:23.682Z	spark2	PROFILE	13.298	4.104
2026-09-28T05:14:23.794Z	spark1	PROFILE	13.087	7.307
2026-09-28T05:14:23.947Z	spark2	PROFILE	13.296	4.104
2026-09-28T05:14:24.044Z	spark1	PROFILE	13.092	7.307
2026-09-28T05:14:24.198Z	spark2	PROFILE	13.296	4.104
2026-09-28T05:14:24.311Z	spark1	PROFILE	13.100	7.307
2026-09-28T05:14:24.448Z	spark2	PROFILE	13.296	4.104
2026-09-28T05:14:24.562Z	spark1	PROFILE	13.108	7.307
2026-09-28T05:14:24.699Z	spark2	PROFILE	13.296	4.104
2026-09-28T05:14:24.812Z	spark1	PROFILE	13.108	7.307
2026-09-28T05:14:24.963Z	spark2	PROFILE	13.295	4.104
2026-09-28T05:14:25.062Z	spark1	PROFILE	13.131	7.307
2026-09-28T05:14:25.215Z	spark2	PROFILE	13.295	4.104
2026-09-28T05:14:25.326Z	spark1	PROFILE	13.132	7.307
2026-09-28T05:14:25.465Z	spark2	PROFILE	13.295	4.104
2026-09-28T05:14:25.576Z	spark1	PROFILE	13.132	7.307
2026-09-28T05:14:25.716Z	spark2	PROFILE	13.295	4.104
2026-09-28T05:14:25.826Z	spark1	PROFILE	13.132	7.307
2026-09-28T05:14:25.981Z	spark2	PROFILE	13.295	4.104
2026-09-28T05:14:26.077Z	spark1	PROFILE	13.136	7.307
2026-09-28T05:14:26.232Z	spark2	PROFILE	13.295	4.104
2026-09-28T05:14:26.345Z	spark1	PROFILE	13.147	7.307
2026-09-28T05:14:26.483Z	spark2	PROFILE	13.295	4.104
2026-09-28T05:14:26.595Z	spark1	PROFILE	13.142	7.307
2026-09-28T05:14:26.733Z	spark2	PROFILE	13.293	4.104
2026-09-28T05:14:26.846Z	spark1	PROFILE	13.142	7.307
2026-09-28T05:14:26.998Z	spark2	PROFILE	13.247	4.104
2026-09-28T05:14:27.096Z	spark1	PROFILE	13.148	7.307
2026-09-28T05:14:27.248Z	spark2	PROFILE	13.230	4.104
2026-09-28T05:14:27.363Z	spark1	PROFILE	13.155	7.307
2026-09-28T05:14:27.500Z	spark2	PROFILE	13.230	4.104
2026-09-28T05:14:27.613Z	spark1	PROFILE	13.155	7.307
2026-09-28T05:14:27.751Z	spark2	PROFILE	13.230	4.104
2026-09-28T05:14:27.864Z	spark1	PROFILE	13.161	7.307
2026-09-28T05:14:28.016Z	spark2	PROFILE	13.230	4.104
2026-09-28T05:14:28.115Z	spark1	PROFILE	13.165	7.307
2026-09-28T05:14:28.266Z	spark2	PROFILE	13.230	4.104
2026-09-28T05:14:28.377Z	spark1	PROFILE	13.173	7.307
2026-09-28T05:14:28.518Z	spark2	PROFILE	13.230	4.104
2026-09-28T05:14:28.628Z	spark1	PROFILE	13.173	7.307
2026-09-28T05:14:28.768Z	spark2	PROFILE	13.230	4.104
2026-09-28T05:14:28.879Z	spark1	PROFILE	13.173	7.307
2026-09-28T05:14:29.034Z	spark2	PROFILE	13.229	4.104
2026-09-28T05:14:29.129Z	spark1	PROFILE	13.175	7.307
2026-09-28T05:14:29.285Z	spark2	PROFILE	13.229	4.104
2026-09-28T05:14:29.392Z	spark1	PROFILE	13.173	7.307
2026-09-28T05:14:29.536Z	spark2	PROFILE	13.229	4.104
2026-09-28T05:14:29.642Z	spark1	PROFILE	13.173	7.307
2026-09-28T05:14:29.786Z	spark2	PROFILE	13.229	4.104
2026-09-28T05:14:29.893Z	spark1	PROFILE	13.175	7.307
2026-09-28T05:14:30.052Z	spark2	PROFILE	13.237	4.104
2026-09-28T05:14:30.144Z	spark1	PROFILE	13.187	7.307
2026-09-28T05:14:30.302Z	spark2	PROFILE	13.237	4.104
2026-09-28T05:14:30.411Z	spark1	PROFILE	13.187	7.307
2026-09-28T05:14:30.553Z	spark2	PROFILE	13.237	4.104
2026-09-28T05:14:30.661Z	spark1	PROFILE	13.187	7.307
2026-09-28T05:14:30.804Z	spark2	PROFILE	13.237	4.104
2026-09-28T05:14:30.912Z	spark1	PROFILE	13.187	7.307
2026-09-28T05:14:31.070Z	spark2	PROFILE	13.237	4.104
2026-09-28T05:14:31.162Z	spark1	PROFILE	13.198	7.307
2026-09-28T05:14:31.321Z	spark2	PROFILE	13.237	4.104
2026-09-28T05:14:31.430Z	spark1	PROFILE	13.197	7.307
2026-09-28T05:14:31.571Z	spark2	PROFILE	13.237	4.104
2026-09-28T05:14:31.680Z	spark1	PROFILE	13.197	7.307
2026-09-28T05:14:31.823Z	spark2	PROFILE	13.237	4.104
2026-09-28T05:14:31.931Z	spark1	PROFILE	13.198	7.306
2026-09-28T05:14:32.088Z	spark2	PROFILE	13.243	4.104
2026-09-28T05:14:32.181Z	spark1	PROFILE	13.201	7.306
2026-09-28T05:14:32.339Z	spark2	PROFILE	13.247	4.104
2026-09-28T05:14:32.449Z	spark1	PROFILE	13.209	7.306
2026-09-28T05:14:32.589Z	spark2	PROFILE	13.247	4.104
2026-09-28T05:14:32.699Z	spark1	PROFILE	13.215	7.306
2026-09-28T05:14:32.840Z	spark2	PROFILE	13.247	4.104
2026-09-28T05:14:32.950Z	spark1	PROFILE	13.217	7.306
2026-09-28T05:14:33.106Z	spark2	PROFILE	13.255	4.104
2026-09-28T05:14:33.201Z	spark1	PROFILE	13.231	7.306
2026-09-28T05:14:33.357Z	spark2	PROFILE	13.255	4.104
2026-09-28T05:14:33.464Z	spark1	PROFILE	13.236	7.306
2026-09-28T05:14:33.607Z	spark2	PROFILE	13.255	4.104
2026-09-28T05:14:33.714Z	spark1	PROFILE	13.236	7.306
2026-09-28T05:14:33.858Z	spark2	PROFILE	13.255	4.104
2026-09-28T05:14:33.965Z	spark1	PROFILE	13.240	7.306
2026-09-28T05:14:34.123Z	spark2	PROFILE	13.255	4.104
2026-09-28T05:14:34.215Z	spark1	PROFILE	13.242	7.306
2026-09-28T05:14:34.374Z	spark2	PROFILE	13.258	4.104
2026-09-28T05:14:34.476Z	spark1	PROFILE	13.250	7.306
2026-09-28T05:14:34.625Z	spark2	PROFILE	13.258	4.104
2026-09-28T05:14:34.727Z	spark1	PROFILE	13.250	7.306
2026-09-28T05:14:34.877Z	spark2	PROFILE	13.258	4.104
2026-09-28T05:14:34.977Z	spark1	PROFILE	13.255	7.306
2026-09-28T05:14:35.141Z	spark2	PROFILE	13.266	4.104
2026-09-28T05:14:35.228Z	spark1	PROFILE	13.259	7.306
2026-09-28T05:14:35.393Z	spark2	PROFILE	13.266	4.104
2026-09-28T05:14:35.496Z	spark1	PROFILE	13.250	7.306
2026-09-28T05:14:35.644Z	spark2	PROFILE	13.266	4.104
2026-09-28T05:14:35.746Z	spark1	PROFILE	13.250	7.306
2026-09-28T05:14:35.894Z	spark2	PROFILE	13.266	4.104
2026-09-28T05:14:35.997Z	spark1	PROFILE	13.256	7.306
2026-09-28T05:14:36.160Z	spark2	PROFILE	13.272	4.104
2026-09-28T05:14:36.248Z	spark1	PROFILE	13.265	7.306
2026-09-28T05:14:36.410Z	spark2	PROFILE	13.275	4.104
2026-09-28T05:14:36.510Z	spark1	PROFILE	13.264	7.306
2026-09-28T05:14:36.661Z	spark2	PROFILE	13.275	4.104
2026-09-28T05:14:36.760Z	spark1	PROFILE	13.266	7.306
2026-09-28T05:14:36.912Z	spark2	PROFILE	13.275	4.104
2026-09-28T05:14:37.011Z	spark1	PROFILE	13.272	7.306
2026-09-28T05:14:37.177Z	spark2	PROFILE	13.283	4.104
2026-09-28T05:14:37.261Z	spark1	PROFILE	13.273	7.306
2026-09-28T05:14:37.427Z	spark2	PROFILE	13.283	4.104
2026-09-28T05:14:37.529Z	spark1	PROFILE	13.279	7.306
2026-09-28T05:14:37.677Z	spark2	PROFILE	13.281	4.104
2026-09-28T05:14:37.779Z	spark1	PROFILE	13.280	7.306
2026-09-28T05:14:37.927Z	spark2	PROFILE	13.266	4.104
2026-09-28T05:14:38.030Z	spark1	PROFILE	13.282	7.306
2026-09-28T05:14:38.193Z	spark2	PROFILE	13.277	4.104
2026-09-28T05:14:38.281Z	spark1	PROFILE	13.282	7.306
2026-09-28T05:14:38.443Z	spark2	PROFILE	13.272	4.104
2026-09-28T05:14:38.548Z	spark1	PROFILE	13.282	7.306
2026-09-28T05:14:38.695Z	spark2	PROFILE	13.272	4.104
2026-09-28T05:14:38.798Z	spark1	PROFILE	13.282	7.306
2026-09-28T05:14:38.945Z	spark2	PROFILE	13.272	4.104
2026-09-28T05:14:39.048Z	spark1	PROFILE	13.286	7.306
2026-09-28T05:14:39.210Z	spark2	PROFILE	13.280	4.104
2026-09-28T05:14:39.299Z	spark1	PROFILE	13.293	7.306
2026-09-28T05:14:39.461Z	spark2	PROFILE	13.280	4.104
2026-09-28T05:14:39.566Z	spark1	PROFILE	13.302	7.306
2026-09-28T05:14:39.712Z	spark2	PROFILE	13.280	4.104
2026-09-28T05:14:39.817Z	spark1	PROFILE	13.302	7.306
2026-09-28T05:14:39.963Z	spark2	PROFILE	13.280	4.104
2026-09-28T05:14:40.067Z	spark1	PROFILE	13.306	7.306
2026-09-28T05:14:40.229Z	spark2	PROFILE	13.287	4.104
2026-09-28T05:14:40.318Z	spark1	PROFILE	13.308	7.306
2026-09-28T05:14:40.480Z	spark2	PROFILE	13.287	4.104
2026-09-28T05:14:40.580Z	spark1	PROFILE	13.308	7.306
2026-09-28T05:14:40.731Z	spark2	PROFILE	13.287	4.104
2026-09-28T05:14:40.830Z	spark1	PROFILE	13.308	7.306
2026-09-28T05:14:40.982Z	spark2	PROFILE	13.294	4.104
2026-09-28T05:14:41.081Z	spark1	PROFILE	13.318	7.306
2026-09-28T05:14:41.248Z	spark2	PROFILE	13.297	4.104
2026-09-28T05:14:41.331Z	spark1	PROFILE	13.318	7.306
2026-09-28T05:14:41.499Z	spark2	PROFILE	13.297	4.104
2026-09-28T05:14:41.593Z	spark1	PROFILE	13.332	7.306
2026-09-28T05:14:41.750Z	spark2	PROFILE	13.297	4.104
2026-09-28T05:14:41.843Z	spark1	PROFILE	13.335	7.306
2026-09-28T05:14:42.001Z	spark2	PROFILE	13.297	4.104
2026-09-28T05:14:42.094Z	spark1	PROFILE	13.340	7.306
2026-09-28T05:14:42.266Z	spark2	PROFILE	13.305	4.104
2026-09-28T05:14:42.344Z	spark1	PROFILE	13.342	7.306
2026-09-28T05:14:42.517Z	spark2	PROFILE	13.305	4.104
2026-09-28T05:14:42.612Z	spark1	PROFILE	13.339	7.306
2026-09-28T05:14:42.768Z	spark2	PROFILE	13.305	4.104
2026-09-28T05:14:42.863Z	spark1	PROFILE	13.345	7.306
2026-09-28T05:14:43.019Z	spark2	PROFILE	13.307	4.104
2026-09-28T05:14:43.113Z	spark1	PROFILE	13.348	7.306
2026-09-28T05:14:43.283Z	spark2	PROFILE	13.307	4.104
2026-09-28T05:14:43.364Z	spark1	PROFILE	13.354	7.306
2026-09-28T05:14:43.534Z	spark2	PROFILE	13.307	4.104
2026-09-28T05:14:43.626Z	spark1	PROFILE	13.365	7.306
2026-09-28T05:14:43.786Z	spark2	PROFILE	13.307	4.104
2026-09-28T05:14:43.876Z	spark1	PROFILE	13.365	7.306
2026-09-28T05:14:44.037Z	spark2	PROFILE	13.307	4.104
2026-09-28T05:14:44.127Z	spark1	PROFILE	13.365	7.306
2026-09-28T05:14:44.297Z	spark2	PROFILE	13.317	4.104
2026-09-28T05:14:44.377Z	spark1	PROFILE	13.374	7.306
2026-09-28T05:14:44.548Z	spark2	PROFILE	13.317	4.104
2026-09-28T05:14:44.639Z	spark1	PROFILE	13.382	7.306
2026-09-28T05:14:44.799Z	spark2	PROFILE	13.317	4.104
2026-09-28T05:14:44.890Z	spark1	PROFILE	13.382	7.306
2026-09-28T05:14:45.049Z	spark2	PROFILE	13.317	4.104
2026-09-28T05:14:45.140Z	spark1	PROFILE	13.382	7.306
2026-09-28T05:14:45.316Z	spark2	PROFILE	13.317	4.104
2026-09-28T05:14:45.391Z	spark1	PROFILE	13.382	7.306
2026-09-28T05:14:45.566Z	spark2	PROFILE	13.317	4.104
2026-09-28T05:14:45.658Z	spark1	PROFILE	13.377	7.306
2026-09-28T05:14:45.818Z	spark2	PROFILE	13.317	4.104
2026-09-28T05:14:45.908Z	spark1	PROFILE	13.379	7.306
2026-09-28T05:14:46.068Z	spark2	PROFILE	13.317	4.104
2026-09-28T05:14:46.159Z	spark1	PROFILE	13.379	7.306
2026-09-28T05:14:46.329Z	spark2	PROFILE	13.326	4.104
2026-09-28T05:14:46.409Z	spark1	PROFILE	13.379	7.306
2026-09-28T05:14:46.580Z	spark2	PROFILE	13.326	4.104
2026-09-28T05:14:46.673Z	spark1	PROFILE	13.379	7.306
2026-09-28T05:14:46.831Z	spark2	PROFILE	13.326	4.104
2026-09-28T05:14:46.923Z	spark1	PROFILE	13.380	7.306
2026-09-28T05:14:47.082Z	spark2	PROFILE	13.326	4.104
2026-09-28T05:14:47.174Z	spark1	PROFILE	13.382	7.306
2026-09-28T05:14:47.347Z	spark2	PROFILE	13.326	4.104
2026-09-28T05:14:47.424Z	spark1	PROFILE	13.382	7.306
2026-09-28T05:14:47.598Z	spark2	PROFILE	13.326	4.104
2026-09-28T05:14:47.692Z	spark1	PROFILE	13.394	7.306
2026-09-28T05:14:47.849Z	spark2	PROFILE	13.326	4.104
2026-09-28T05:14:47.942Z	spark1	PROFILE	13.394	7.306
2026-09-28T05:14:48.099Z	spark2	PROFILE	13.326	4.104
2026-09-28T05:14:48.192Z	spark1	PROFILE	13.393	7.306
2026-09-28T05:14:48.365Z	spark2	PROFILE	13.336	4.104
2026-09-28T05:14:48.443Z	spark1	PROFILE	13.378	7.306
2026-09-28T05:14:48.615Z	spark2	PROFILE	13.336	4.104
2026-09-28T05:14:48.706Z	spark1	PROFILE	13.392	7.306
2026-09-28T05:14:48.866Z	spark2	PROFILE	13.335	4.104
2026-09-28T05:14:48.956Z	spark1	PROFILE	13.397	7.306
2026-09-28T05:14:49.116Z	spark2	PROFILE	13.322	4.104
2026-09-28T05:14:49.206Z	spark1	PROFILE	13.396	7.306
2026-09-28T05:14:49.377Z	spark2	PROFILE	13.325	4.104
2026-09-28T05:14:49.457Z	spark1	PROFILE	13.403	7.306
2026-09-28T05:14:49.627Z	spark2	PROFILE	13.325	4.104
2026-09-28T05:14:49.723Z	spark1	PROFILE	13.389	7.306
2026-09-28T05:14:49.878Z	spark2	PROFILE	13.325	4.104
2026-09-28T05:14:49.974Z	spark1	PROFILE	13.414	7.306
2026-09-28T05:14:50.128Z	spark2	PROFILE	13.325	4.104
2026-09-28T05:14:50.224Z	spark1	PROFILE	13.414	7.306
2026-09-28T05:14:50.394Z	spark2	PROFILE	13.335	4.104
2026-09-28T05:14:50.474Z	spark1	PROFILE	13.414	7.306
2026-09-28T05:14:50.645Z	spark2	PROFILE	13.335	4.104
2026-09-28T05:14:50.736Z	spark1	PROFILE	13.413	7.306
2026-09-28T05:14:50.896Z	spark2	PROFILE	13.335	4.104
2026-09-28T05:14:50.987Z	spark1	PROFILE	13.421	7.306
2026-09-28T05:14:51.146Z	spark2	PROFILE	13.335	4.104
2026-09-28T05:14:51.238Z	spark1	PROFILE	13.421	7.306
2026-09-28T05:14:51.412Z	spark2	PROFILE	13.335	4.104
2026-09-28T05:14:51.488Z	spark1	PROFILE	13.421	7.306
2026-09-28T05:14:51.662Z	spark2	PROFILE	13.335	4.104
2026-09-28T05:14:51.755Z	spark1	PROFILE	13.405	7.306
2026-09-28T05:14:51.913Z	spark2	PROFILE	13.335	4.104
2026-09-28T05:14:52.006Z	spark1	PROFILE	13.428	7.306
2026-09-28T05:14:52.164Z	spark2	PROFILE	13.343	4.104
2026-09-28T05:14:52.257Z	spark1	PROFILE	13.428	7.306
2026-09-28T05:14:52.428Z	spark2	PROFILE	13.345	4.104
2026-09-28T05:14:52.507Z	spark1	PROFILE	13.428	7.306
2026-09-28T05:14:52.678Z	spark2	PROFILE	13.348	4.104
2026-09-28T05:14:52.774Z	spark1	PROFILE	13.433	7.306
2026-09-28T05:14:52.930Z	spark2	PROFILE	13.348	4.104
2026-09-28T05:14:53.024Z	spark1	PROFILE	13.437	7.306
2026-09-28T05:14:53.180Z	spark2	PROFILE	13.356	4.104
2026-09-28T05:14:53.275Z	spark1	PROFILE	13.437	7.306
2026-09-28T05:14:53.445Z	spark2	PROFILE	13.356	4.104
2026-09-28T05:14:53.526Z	spark1	PROFILE	13.437	7.306
2026-09-28T05:14:53.695Z	spark2	PROFILE	13.356	4.104
2026-09-28T05:14:53.788Z	spark1	PROFILE	13.437	7.306
2026-09-28T05:14:53.946Z	spark2	PROFILE	13.365	4.104
2026-09-28T05:14:54.038Z	spark1	PROFILE	13.436	7.306
2026-09-28T05:14:54.198Z	spark2	PROFILE	13.365	4.104
2026-09-28T05:14:54.289Z	spark1	PROFILE	13.437	7.306
2026-09-28T05:14:54.463Z	spark2	PROFILE	13.365	4.104
2026-09-28T05:14:54.540Z	spark1	PROFILE	13.439	7.306
2026-09-28T05:14:54.714Z	spark2	PROFILE	13.365	4.104
2026-09-28T05:14:54.807Z	spark1	PROFILE	13.439	7.306
2026-09-28T05:14:54.964Z	spark2	PROFILE	13.374	4.104
2026-09-28T05:14:55.058Z	spark1	PROFILE	13.442	7.306
2026-09-28T05:14:55.216Z	spark2	PROFILE	13.374	4.104
2026-09-28T05:14:55.309Z	spark1	PROFILE	13.443	7.306
2026-09-28T05:14:55.480Z	spark2	PROFILE	13.381	4.104
2026-09-28T05:14:55.560Z	spark1	PROFILE	13.443	7.306
2026-09-28T05:14:55.732Z	spark2	PROFILE	13.381	4.104
2026-09-28T05:14:55.823Z	spark1	PROFILE	13.443	7.306
2026-09-28T05:14:55.982Z	spark2	PROFILE	13.389	4.104
2026-09-28T05:14:56.073Z	spark1	PROFILE	13.462	7.306
2026-09-28T05:14:56.233Z	spark2	PROFILE	13.389	4.104
2026-09-28T05:14:56.324Z	spark1	PROFILE	13.462	7.306
2026-09-28T05:14:56.494Z	spark2	PROFILE	13.390	4.104
2026-09-28T05:14:56.575Z	spark1	PROFILE	13.461	7.306
2026-09-28T05:14:56.745Z	spark2	PROFILE	13.390	4.104
2026-09-28T05:14:56.836Z	spark1	PROFILE	13.461	7.306
2026-09-28T05:14:56.996Z	spark2	PROFILE	13.397	4.104
2026-09-28T05:14:57.087Z	spark1	PROFILE	13.461	7.306
2026-09-28T05:14:57.246Z	spark2	PROFILE	13.398	4.104
2026-09-28T05:14:57.338Z	spark1	PROFILE	13.463	7.306
2026-09-28T05:14:57.511Z	spark2	PROFILE	13.397	4.104
2026-09-28T05:14:57.589Z	spark1	PROFILE	13.463	7.306
2026-09-28T05:14:57.761Z	spark2	PROFILE	13.397	4.104
2026-09-28T05:14:57.855Z	spark1	PROFILE	13.470	7.306
2026-09-28T05:14:58.012Z	spark2	PROFILE	13.405	4.104
2026-09-28T05:14:58.106Z	spark1	PROFILE	13.466	7.306
2026-09-28T05:14:58.263Z	spark2	PROFILE	13.405	4.104
2026-09-28T05:14:58.356Z	spark1	PROFILE	13.466	7.306
2026-09-28T05:14:58.528Z	spark2	PROFILE	13.406	4.104
2026-09-28T05:14:58.607Z	spark1	PROFILE	13.466	7.306
2026-09-28T05:14:58.778Z	spark2	PROFILE	13.406	4.104
2026-09-28T05:14:58.874Z	spark1	PROFILE	13.466	7.306
2026-09-28T05:14:59.029Z	spark2	PROFILE	13.407	4.104
2026-09-28T05:14:59.125Z	spark1	PROFILE	13.466	7.306
2026-09-28T05:14:59.280Z	spark2	PROFILE	13.414	4.104
2026-09-28T05:14:59.375Z	spark1	PROFILE	13.453	7.306
2026-09-28T05:14:59.541Z	spark2	PROFILE	13.414	4.104
2026-09-28T05:14:59.626Z	spark1	PROFILE	13.446	7.306
2026-09-28T05:14:59.791Z	spark2	PROFILE	13.413	4.104
2026-09-28T05:14:59.893Z	spark1	PROFILE	13.445	7.306
2026-09-28T05:15:00.041Z	spark2	PROFILE	13.414	4.104
2026-09-28T05:15:00.143Z	spark1	PROFILE	13.436	7.306
2026-09-28T05:15:00.292Z	spark2	PROFILE	13.412	4.104
2026-09-28T05:15:00.394Z	spark1	PROFILE	13.424	7.306
2026-09-28T05:15:00.557Z	spark2	PROFILE	13.412	4.104
2026-09-28T05:15:00.644Z	spark1	PROFILE	13.424	7.306
2026-09-28T05:15:00.808Z	spark2	PROFILE	13.412	4.104
2026-09-28T05:15:00.912Z	spark1	PROFILE	13.424	7.306
2026-09-28T05:15:01.060Z	spark2	PROFILE	13.413	4.104
2026-09-28T05:15:01.163Z	spark1	PROFILE	13.428	7.306
2026-09-28T05:15:01.310Z	spark2	PROFILE	13.421	4.104
2026-09-28T05:15:01.413Z	spark1	PROFILE	13.429	7.306
2026-09-28T05:15:01.575Z	spark2	PROFILE	13.422	4.104
2026-09-28T05:15:01.663Z	spark1	PROFILE	13.428	7.306
2026-09-28T05:15:01.827Z	spark2	PROFILE	13.422	4.104
2026-09-28T05:15:01.926Z	spark1	PROFILE	13.428	7.306
2026-09-28T05:15:02.077Z	spark2	PROFILE	13.423	4.104
2026-09-28T05:15:02.177Z	spark1	PROFILE	13.440	7.306
2026-09-28T05:15:02.328Z	spark2	PROFILE	13.423	4.104
2026-09-28T05:15:02.427Z	spark1	PROFILE	13.440	7.306
2026-09-28T05:15:02.593Z	spark2	PROFILE	13.422	4.104
2026-09-28T05:15:02.678Z	spark1	PROFILE	13.440	7.306
2026-09-28T05:15:02.844Z	spark2	PROFILE	13.422	4.104
2026-09-28T05:15:02.946Z	spark1	PROFILE	13.435	7.306
2026-09-28T05:15:03.095Z	spark2	PROFILE	14.619	4.104
2026-09-28T05:15:03.196Z	spark1	PROFILE	13.775	7.306
2026-09-28T05:15:03.346Z	spark2	PROFILE	14.903	4.104
2026-09-28T05:15:03.447Z	spark1	PROFILE	14.736	7.306
2026-09-28T05:15:03.612Z	spark2	PROFILE	14.780	4.104
2026-09-28T05:15:03.698Z	spark1	PROFILE	14.614	7.306
2026-09-28T05:15:03.862Z	spark2	PROFILE	14.658	4.104
2026-09-28T05:15:03.961Z	spark1	PROFILE	14.477	7.306
2026-09-28T05:15:04.114Z	spark2	PROFILE	14.541	4.104
2026-09-28T05:15:04.211Z	spark1	PROFILE	14.369	7.306
2026-09-28T05:15:04.365Z	spark2	PROFILE	14.434	4.104
2026-09-28T05:15:04.462Z	spark1	PROFILE	14.254	7.306
2026-09-28T05:15:04.626Z	spark2	PROFILE	14.319	4.104
2026-09-28T05:15:04.712Z	spark1	PROFILE	14.139	7.306
2026-09-28T05:15:04.876Z	spark2	PROFILE	14.213	4.104
2026-09-28T05:15:04.980Z	spark1	PROFILE	14.016	7.306
2026-09-28T05:15:05.128Z	spark2	PROFILE	14.099	4.104
2026-09-28T05:15:05.231Z	spark1	PROFILE	13.908	7.306
2026-09-28T05:15:05.379Z	spark2	PROFILE	14.037	4.104
2026-09-28T05:15:05.481Z	spark1	PROFILE	13.831	7.306
2026-09-28T05:15:05.644Z	spark2	PROFILE	14.028	4.104
2026-09-28T05:15:05.732Z	spark1	PROFILE	13.816	7.306
2026-09-28T05:15:05.895Z	spark2	PROFILE	14.020	4.104
2026-09-28T05:15:05.998Z	spark1	PROFILE	13.815	7.306
2026-09-28T05:15:06.146Z	spark2	PROFILE	14.015	4.104
2026-09-28T05:15:06.249Z	spark1	PROFILE	13.795	7.306
2026-09-28T05:15:06.397Z	spark2	PROFILE	14.007	4.104
2026-09-28T05:15:06.499Z	spark1	PROFILE	13.796	7.305
2026-09-28T05:15:06.671Z	spark2	PROFILE	14.014	4.104
2026-09-28T05:15:06.750Z	spark1	PROFILE	13.796	7.305
2026-09-28T05:15:06.922Z	spark2	PROFILE	14.014	4.104
2026-09-28T05:15:07.014Z	spark1	PROFILE	13.797	7.305
2026-09-28T05:15:07.173Z	spark2	PROFILE	14.014	4.104
2026-09-28T05:15:07.265Z	spark1	PROFILE	13.798	7.305
2026-09-28T05:15:07.424Z	spark2	PROFILE	14.014	4.104
2026-09-28T05:15:07.516Z	spark1	PROFILE	13.798	7.305
2026-09-28T05:15:07.684Z	spark2	PROFILE	14.012	4.104
2026-09-28T05:15:07.766Z	spark1	PROFILE	13.795	7.305
2026-09-28T05:15:07.936Z	spark2	PROFILE	14.002	4.104
2026-09-28T05:15:08.029Z	spark1	PROFILE	13.780	7.305
2026-09-28T05:15:08.186Z	spark2	PROFILE	13.983	4.104
2026-09-28T05:15:08.280Z	spark1	PROFILE	13.784	7.305
2026-09-28T05:15:08.438Z	spark2	PROFILE	13.937	4.104
2026-09-28T05:15:08.530Z	spark1	PROFILE	13.784	7.305
2026-09-28T05:15:08.703Z	spark2	PROFILE	13.880	4.104
2026-09-28T05:15:08.781Z	spark1	PROFILE	13.784	7.305
2026-09-28T05:15:08.955Z	spark2	PROFILE	13.880	4.104
2026-09-28T05:15:09.043Z	spark1	PROFILE	13.784	7.305
2026-09-28T05:15:09.205Z	spark2	PROFILE	13.880	4.104
2026-09-28T05:15:09.294Z	spark1	PROFILE	13.784	7.305
2026-09-28T05:15:09.456Z	spark2	PROFILE	13.880	4.104
2026-09-28T05:15:09.544Z	spark1	PROFILE	13.776	7.305
2026-09-28T05:15:09.722Z	spark2	PROFILE	13.834	4.104
2026-09-28T05:15:09.795Z	spark1	PROFILE	13.761	7.305
2026-09-28T05:15:09.972Z	spark2	PROFILE	13.825	4.104
2026-09-28T05:15:10.062Z	spark1	PROFILE	13.760	7.305
2026-09-28T05:15:10.223Z	spark2	PROFILE	13.825	4.104
2026-09-28T05:15:10.312Z	spark1	PROFILE	13.748	7.305
2026-09-28T05:15:10.474Z	spark2	PROFILE	13.825	4.104
2026-09-28T05:15:10.563Z	spark1	PROFILE	13.743	7.305
2026-09-28T05:15:10.739Z	spark2	PROFILE	13.434	4.104
2026-09-28T05:15:10.813Z	spark1	PROFILE	13.743	7.305
2026-09-28T05:15:10.989Z	spark2	PROFILE	13.373	4.104
2026-09-28T05:15:11.077Z	spark1	PROFILE	13.742	7.305
2026-09-28T05:15:11.240Z	spark2	PROFILE	13.347	4.104
2026-09-28T05:15:11.328Z	spark1	PROFILE	13.723	7.305
2026-09-28T05:15:11.491Z	spark2	PROFILE	13.347	4.104
2026-09-28T05:15:11.578Z	spark1	PROFILE	13.715	7.305
2026-09-28T05:15:11.757Z	spark2	PROFILE	13.337	4.104
2026-09-28T05:15:11.829Z	spark1	PROFILE	13.715	7.305
2026-09-28T05:15:12.008Z	spark2	PROFILE	13.337	4.104
2026-09-28T05:15:12.091Z	spark1	PROFILE	13.711	7.305
2026-09-28T05:15:12.259Z	spark2	PROFILE	13.329	4.104
2026-09-28T05:15:12.341Z	spark1	PROFILE	13.722	7.305
2026-09-28T05:15:12.509Z	spark2	PROFILE	13.329	4.104
2026-09-28T05:15:12.592Z	spark1	PROFILE	13.723	7.305
2026-09-28T05:15:12.774Z	spark2	PROFILE	13.329	4.104
2026-09-28T05:15:12.843Z	spark1	PROFILE	13.729	7.305
2026-09-28T05:15:13.025Z	spark2	PROFILE	13.331	4.104
2026-09-28T05:15:13.110Z	spark1	PROFILE	13.730	7.305
2026-09-28T05:15:13.277Z	spark2	PROFILE	13.331	4.104
2026-09-28T05:15:13.361Z	spark1	PROFILE	13.715	7.305
2026-09-28T05:15:13.527Z	spark2	PROFILE	13.316	4.104
2026-09-28T05:15:13.611Z	spark1	PROFILE	13.715	7.305
2026-09-28T05:15:13.794Z	spark2	PROFILE	13.315	4.104
2026-09-28T05:15:13.862Z	spark1	PROFILE	13.715	7.305
2026-09-28T05:15:14.044Z	spark2	PROFILE	13.316	4.104
2026-09-28T05:15:14.125Z	spark1	PROFILE	13.717	7.305
2026-09-28T05:15:14.295Z	spark2	PROFILE	13.317	4.104
2026-09-28T05:15:14.375Z	spark1	PROFILE	13.715	7.305
2026-09-28T05:15:14.546Z	spark2	PROFILE	13.317	4.104
2026-09-28T05:15:14.626Z	spark1	PROFILE	13.715	7.305
2026-09-28T05:15:14.811Z	spark2	PROFILE	13.318	4.104
2026-09-28T05:15:14.877Z	spark1	PROFILE	13.715	7.305
2026-09-28T05:15:15.062Z	spark2	PROFILE	13.320	4.104
2026-09-28T05:15:15.139Z	spark1	PROFILE	13.694	7.305
2026-09-28T05:15:15.314Z	spark2	PROFILE	13.312	4.104
2026-09-28T05:15:15.390Z	spark1	PROFILE	13.694	7.305
2026-09-28T05:15:15.564Z	spark2	PROFILE	13.305	4.104
2026-09-28T05:15:15.641Z	spark1	PROFILE	13.694	7.305
2026-09-28T05:15:15.830Z	spark2	PROFILE	13.302	4.104
2026-09-28T05:15:15.892Z	spark1	PROFILE	13.694	7.305
2026-09-28T05:15:16.080Z	spark2	PROFILE	13.305	4.104
2026-09-28T05:15:16.154Z	spark1	PROFILE	13.697	7.305
2026-09-28T05:15:16.331Z	spark2	PROFILE	13.305	4.104
2026-09-28T05:15:16.404Z	spark1	PROFILE	13.686	7.305
2026-09-28T05:15:16.583Z	spark2	PROFILE	13.307	4.104
2026-09-28T05:15:16.655Z	spark1	PROFILE	13.698	7.305
2026-09-28T05:15:16.847Z	spark2	PROFILE	13.308	4.104
2026-09-28T05:15:16.906Z	spark1	PROFILE	13.698	7.305
2026-09-28T05:15:17.099Z	spark2	PROFILE	13.309	4.104
2026-09-28T05:15:17.173Z	spark1	PROFILE	13.680	7.305
2026-09-28T05:15:17.349Z	spark2	PROFILE	13.301	4.104
2026-09-28T05:15:17.424Z	spark1	PROFILE	13.684	7.305
2026-09-28T05:15:17.601Z	spark2	PROFILE	13.286	4.104
2026-09-28T05:15:17.674Z	spark1	PROFILE	13.686	7.305
2026-09-28T05:15:17.865Z	spark2	PROFILE	13.283	4.104
2026-09-28T05:15:17.925Z	spark1	PROFILE	13.693	7.305
2026-09-28T05:15:18.117Z	spark2	PROFILE	13.284	4.104
2026-09-28T05:15:18.191Z	spark1	PROFILE	13.696	7.304
2026-09-28T05:15:18.367Z	spark2	PROFILE	13.286	4.104
2026-09-28T05:15:18.442Z	spark1	PROFILE	13.676	7.304
2026-09-28T05:15:18.619Z	spark2	PROFILE	13.286	4.104
2026-09-28T05:15:18.693Z	spark1	PROFILE	13.683	7.304
2026-09-28T05:15:18.883Z	spark2	PROFILE	13.282	4.104
2026-09-28T05:15:18.943Z	spark1	PROFILE	13.676	7.304
2026-09-28T05:15:19.135Z	spark2	PROFILE	13.284	4.104
2026-09-28T05:15:19.205Z	spark1	PROFILE	13.674	7.304
2026-09-28T05:15:19.385Z	spark2	PROFILE	13.276	4.104
2026-09-28T05:15:19.456Z	spark1	PROFILE	13.666	7.304
2026-09-28T05:15:19.636Z	spark2	PROFILE	13.276	4.104
2026-09-28T05:15:19.706Z	spark1	PROFILE	13.668	7.304
2026-09-28T05:15:19.901Z	spark2	PROFILE	13.274	4.104
2026-09-28T05:15:19.957Z	spark1	PROFILE	13.668	7.304
2026-09-28T05:15:20.152Z	spark2	PROFILE	13.274	4.104
2026-09-28T05:15:20.223Z	spark1	PROFILE	13.669	7.304
2026-09-28T05:15:20.403Z	spark2	PROFILE	13.279	4.104
2026-09-28T05:15:20.473Z	spark1	PROFILE	13.669	7.304
2026-09-28T05:15:20.655Z	spark2	PROFILE	13.279	4.104
2026-09-28T05:15:20.724Z	spark1	PROFILE	13.676	7.304
2026-09-28T05:15:20.919Z	spark2	PROFILE	13.280	4.104
2026-09-28T05:15:20.974Z	spark1	PROFILE	13.661	7.304
2026-09-28T05:15:21.170Z	spark2	PROFILE	13.280	4.104
2026-09-28T05:15:21.241Z	spark1	PROFILE	13.660	7.304
2026-09-28T05:15:21.420Z	spark2	PROFILE	13.264	4.104
2026-09-28T05:15:21.492Z	spark1	PROFILE	13.656	7.304
2026-09-28T05:15:21.671Z	spark2	PROFILE	13.225	4.104
2026-09-28T05:15:21.742Z	spark1	PROFILE	13.656	7.304
2026-09-28T05:15:21.936Z	spark2	PROFILE	13.116	4.104
2026-09-28T05:15:21.992Z	spark1	PROFILE	13.657	7.304
2026-09-28T05:15:22.187Z	spark2	PROFILE	13.099	4.104
2026-09-28T05:15:22.256Z	spark1	PROFILE	13.664	7.304
2026-09-28T05:15:22.438Z	spark2	PROFILE	13.099	4.104
2026-09-28T05:15:22.507Z	spark1	PROFILE	13.664	7.304
2026-09-28T05:15:22.688Z	spark2	PROFILE	13.099	4.104
2026-09-28T05:15:22.758Z	spark1	PROFILE	13.661	7.304
2026-09-28T05:15:22.954Z	spark2	PROFILE	13.099	4.104
2026-09-28T05:15:23.008Z	spark1	PROFILE	13.640	7.304
2026-09-28T05:15:23.205Z	spark2	PROFILE	13.104	4.104
2026-09-28T05:15:23.275Z	spark1	PROFILE	13.642	7.304
2026-09-28T05:15:23.456Z	spark2	PROFILE	13.111	4.104
2026-09-28T05:15:23.526Z	spark1	PROFILE	13.642	7.304
2026-09-28T05:15:23.707Z	spark2	PROFILE	13.096	4.104
2026-09-28T05:15:23.776Z	spark1	PROFILE	13.642	7.304
2026-09-28T05:15:23.968Z	spark2	PROFILE	13.096	4.104
2026-09-28T05:15:24.028Z	spark1	PROFILE	13.643	7.304
2026-09-28T05:15:24.219Z	spark2	PROFILE	13.101	4.104
2026-09-28T05:15:24.290Z	spark1	PROFILE	13.643	7.304
2026-09-28T05:15:24.470Z	spark2	PROFILE	13.101	4.104
2026-09-28T05:15:24.541Z	spark1	PROFILE	13.643	7.304
2026-09-28T05:15:24.720Z	spark2	PROFILE	13.101	4.104
2026-09-28T05:15:24.791Z	spark1	PROFILE	13.638	7.304
2026-09-28T05:15:24.986Z	spark2	PROFILE	13.102	4.104
2026-09-28T05:15:25.042Z	spark1	PROFILE	13.624	7.304
2026-09-28T05:15:25.237Z	spark2	PROFILE	13.104	4.104
2026-09-28T05:15:25.309Z	spark1	PROFILE	13.624	7.304
2026-09-28T05:15:25.487Z	spark2	PROFILE	13.104	4.104
2026-09-28T05:15:25.560Z	spark1	PROFILE	13.624	7.304
2026-09-28T05:15:25.738Z	spark2	PROFILE	13.083	4.104
2026-09-28T05:15:25.810Z	spark1	PROFILE	13.624	7.304
2026-09-28T05:15:26.013Z	spark2	PROFILE	13.048	4.104
2026-09-28T05:15:26.061Z	spark1	PROFILE	13.624	7.304
2026-09-28T05:15:26.263Z	spark2	PROFILE	13.040	4.104
2026-09-28T05:15:26.329Z	spark1	PROFILE	13.624	7.304
2026-09-28T05:15:26.514Z	spark2	PROFILE	13.041	4.104
2026-09-28T05:15:26.580Z	spark1	PROFILE	13.624	7.304
2026-09-28T05:15:26.764Z	spark2	PROFILE	13.041	4.104
2026-09-28T05:15:26.830Z	spark1	PROFILE	13.633	7.304
2026-09-28T05:15:27.029Z	spark2	PROFILE	13.044	4.104
2026-09-28T05:15:27.080Z	spark1	PROFILE	13.625	7.304
2026-09-28T05:15:27.280Z	spark2	PROFILE	13.047	4.104
2026-09-28T05:15:27.348Z	spark1	PROFILE	13.624	7.304
2026-09-28T05:15:27.531Z	spark2	PROFILE	13.047	4.104
2026-09-28T05:15:27.599Z	spark1	PROFILE	13.624	7.304
2026-09-28T05:15:27.783Z	spark2	PROFILE	13.024	4.104
2026-09-28T05:15:27.850Z	spark1	PROFILE	13.627	7.304
2026-09-28T05:15:28.047Z	spark2	PROFILE	13.027	4.104
2026-09-28T05:15:28.100Z	spark1	PROFILE	13.469	7.304
2026-09-28T05:15:28.298Z	spark2	PROFILE	13.027	4.104
2026-09-28T05:15:28.364Z	spark1	PROFILE	13.237	7.304
2026-09-28T05:15:28.548Z	spark2	PROFILE	13.028	4.104
2026-09-28T05:15:28.615Z	spark1	PROFILE	12.761	7.304
2026-09-28T05:15:28.799Z	spark2	PROFILE	13.028	4.104
2026-09-28T05:15:28.865Z	spark1	PROFILE	12.500	7.304
2026-09-28T05:15:29.064Z	spark2	PROFILE	12.862	4.104
2026-09-28T05:15:29.116Z	spark1	PROFILE	12.484	7.304
2026-09-28T05:15:29.315Z	spark2	PROFILE	12.431	4.104
2026-09-28T05:15:29.384Z	spark1	PROFILE	12.457	7.304
2026-09-28T05:15:29.566Z	spark2	PROFILE	12.403	4.104
2026-09-28T05:15:29.634Z	spark1	PROFILE	12.444	7.304
2026-09-28T05:15:29.817Z	spark2	PROFILE	12.397	4.104
2026-09-28T05:15:29.885Z	spark1	PROFILE	12.444	7.304
2026-09-28T05:15:30.082Z	spark2	PROFILE	12.398	4.104
2026-09-28T05:15:30.135Z	spark1	PROFILE	12.443	7.304
2026-09-28T05:15:30.333Z	spark2	PROFILE	12.398	4.104
2026-09-28T05:15:30.403Z	spark1	PROFILE	12.435	7.304
2026-09-28T05:15:30.584Z	spark2	PROFILE	12.398	4.104
2026-09-28T05:15:30.654Z	spark1	PROFILE	12.434	7.304
2026-09-28T05:15:30.834Z	spark2	PROFILE	12.393	4.104
2026-09-28T05:15:30.905Z	spark1	PROFILE	12.334	7.304
2026-09-28T05:15:31.099Z	spark2	PROFILE	12.391	4.104
2026-09-28T05:15:31.155Z	spark1	PROFILE	13.317	7.305
2026-09-28T05:15:31.351Z	spark2	PROFILE	12.386	4.104
2026-09-28T05:15:31.422Z	spark1	PROFILE	14.837	7.305
2026-09-28T05:15:31.601Z	spark2	PROFILE	12.388	4.104
2026-09-28T05:15:31.673Z	spark1	PROFILE	14.597	7.305
2026-09-28T05:15:31.852Z	spark2	PROFILE	12.280	4.104
2026-09-28T05:15:31.924Z	spark1	PROFILE	14.569	7.305
2026-09-28T05:15:32.117Z	spark2	PROFILE	13.486	4.104
2026-09-28T05:15:32.174Z	spark1	PROFILE	14.389	7.305
2026-09-28T05:15:32.368Z	spark2	PROFILE	14.963	4.104
2026-09-28T05:15:32.442Z	spark1	PROFILE	14.303	7.304
2026-09-28T05:15:32.618Z	spark2	PROFILE	14.699	4.104
2026-09-28T05:15:32.693Z	spark1	PROFILE	14.257	7.304
2026-09-28T05:15:32.868Z	spark2	PROFILE	14.588	4.104
2026-09-28T05:15:32.943Z	spark1	PROFILE	14.163	7.304
2026-09-28T05:15:33.135Z	spark2	PROFILE	14.429	4.104
2026-09-28T05:15:33.194Z	spark1	PROFILE	14.065	7.304
2026-09-28T05:15:33.385Z	spark2	PROFILE	14.337	4.104
2026-09-28T05:15:33.457Z	spark1	PROFILE	14.049	7.304
2026-09-28T05:15:33.635Z	spark2	PROFILE	14.291	4.104
2026-09-28T05:15:33.707Z	spark1	PROFILE	14.004	7.304
2026-09-28T05:15:33.885Z	spark2	PROFILE	14.214	4.104
2026-09-28T05:15:33.957Z	spark1	PROFILE	13.991	7.304
2026-09-28T05:15:34.151Z	spark2	PROFILE	14.121	4.104
2026-09-28T05:15:34.208Z	spark1	PROFILE	13.975	7.304
2026-09-28T05:15:34.402Z	spark2	PROFILE	14.106	4.104
2026-09-28T05:15:34.470Z	spark1	PROFILE	13.961	7.304
2026-09-28T05:15:34.653Z	spark2	PROFILE	14.060	4.104
2026-09-28T05:15:34.721Z	spark1	PROFILE	13.953	7.304
2026-09-28T05:15:34.903Z	spark2	PROFILE	14.053	4.104
2026-09-28T05:15:34.972Z	spark1	PROFILE	13.944	7.304
2026-09-28T05:15:35.169Z	spark2	PROFILE	14.030	4.104
2026-09-28T05:15:35.222Z	spark1	PROFILE	13.937	7.304
2026-09-28T05:15:35.420Z	spark2	PROFILE	14.023	4.104
2026-09-28T05:15:35.484Z	spark1	PROFILE	13.923	7.304
2026-09-28T05:15:35.671Z	spark2	PROFILE	14.007	4.104
2026-09-28T05:15:35.734Z	spark1	PROFILE	13.905	7.302
2026-09-28T05:15:35.923Z	spark2	PROFILE	13.993	4.104
2026-09-28T05:15:35.984Z	spark1	PROFILE	13.908	7.302
2026-09-28T05:15:36.188Z	spark2	PROFILE	13.989	4.104
2026-09-28T05:15:36.235Z	spark1	PROFILE	13.893	7.302
2026-09-28T05:15:36.438Z	spark2	PROFILE	13.974	4.104
2026-09-28T05:15:36.497Z	spark1	PROFILE	13.886	7.302
2026-09-28T05:15:36.690Z	spark2	PROFILE	13.967	4.104
2026-09-28T05:15:36.747Z	spark1	PROFILE	13.871	7.302
2026-09-28T05:15:36.940Z	spark2	PROFILE	13.961	4.104
2026-09-28T05:15:36.997Z	spark1	PROFILE	13.867	7.302
2026-09-28T05:15:37.205Z	spark2	PROFILE	13.946	4.104
2026-09-28T05:15:37.248Z	spark1	PROFILE	13.851	7.302
2026-09-28T05:15:37.455Z	spark2	PROFILE	13.940	4.104
2026-09-28T05:15:37.510Z	spark1	PROFILE	13.838	7.302
2026-09-28T05:15:37.705Z	spark2	PROFILE	13.926	4.104
2026-09-28T05:15:37.760Z	spark1	PROFILE	13.823	7.302
2026-09-28T05:15:37.956Z	spark2	PROFILE	13.913	4.104
2026-09-28T05:15:38.010Z	spark1	PROFILE	13.818	7.302
2026-09-28T05:15:38.217Z	spark2	PROFILE	13.906	4.104
2026-09-28T05:15:38.261Z	spark1	PROFILE	13.804	7.302
2026-09-28T05:15:38.468Z	spark2	PROFILE	13.891	4.104
2026-09-28T05:15:38.529Z	spark1	PROFILE	13.788	7.302
2026-09-28T05:15:38.718Z	spark2	PROFILE	13.877	4.104
2026-09-28T05:15:38.780Z	spark1	PROFILE	13.788	7.302
2026-09-28T05:15:38.969Z	spark2	PROFILE	13.872	4.104
2026-09-28T05:15:39.030Z	spark1	PROFILE	13.782	7.302
2026-09-28T05:15:39.230Z	spark2	PROFILE	13.865	4.104
2026-09-28T05:15:39.281Z	spark1	PROFILE	14.169	7.302
2026-09-28T05:15:39.481Z	spark2	PROFILE	13.849	4.104
2026-09-28T05:15:39.544Z	spark1	PROFILE	14.134	7.302
2026-09-28T05:15:39.732Z	spark2	PROFILE	13.851	4.104
2026-09-28T05:15:39.794Z	spark1	PROFILE	13.932	7.302
2026-09-28T05:15:39.983Z	spark2	PROFILE	13.981	4.104
2026-09-28T05:15:40.044Z	spark1	PROFILE	13.939	7.302
2026-09-28T05:15:40.243Z	spark2	PROFILE	14.294	4.104
2026-09-28T05:15:40.295Z	spark1	PROFILE	13.948	7.302
2026-09-28T05:15:40.494Z	spark2	PROFILE	14.220	4.104
2026-09-28T05:15:40.562Z	spark1	PROFILE	13.948	7.302
2026-09-28T05:15:40.745Z	spark2	PROFILE	14.033	4.104
2026-09-28T05:15:40.812Z	spark1	PROFILE	13.921	7.302
2026-09-28T05:15:40.996Z	spark2	PROFILE	14.027	4.104
2026-09-28T05:15:41.063Z	spark1	PROFILE	13.956	7.302
2026-09-28T05:15:41.257Z	spark2	KV_READY	15.097	4.104
2026-09-28T05:15:41.313Z	spark1	KV_READY	14.603	7.302
2026-09-28T05:15:41.509Z	spark2	KV_READY	12.992	4.104
2026-09-28T05:15:41.577Z	spark1	KV_READY	13.547	7.302
2026-09-28T05:15:41.760Z	spark2	KV_READY	12.992	4.104
2026-09-28T05:15:41.828Z	spark1	KV_READY	13.545	7.302
2026-09-28T05:15:42.010Z	spark2	KV_READY	13.057	4.104
2026-09-28T05:15:42.078Z	spark1	KV_READY	13.541	7.302
2026-09-28T05:15:42.271Z	spark2	KV_READY	13.058	4.104
2026-09-28T05:15:42.329Z	spark1	KV_READY	13.541	7.302
2026-09-28T05:15:42.522Z	spark2	KV_READY	13.065	4.104
2026-09-28T05:15:42.596Z	spark1	KV_READY	13.530	7.302
2026-09-28T05:15:42.774Z	spark2	KV_READY	13.065	4.104
2026-09-28T05:15:42.846Z	spark1	KV_READY	13.460	7.302
2026-09-28T05:15:43.024Z	spark2	KV_READY	13.075	4.104
2026-09-28T05:15:43.096Z	spark1	KV_READY	13.434	7.302
2026-09-28T05:15:43.284Z	spark2	KV_READY	13.073	4.104
2026-09-28T05:15:43.347Z	spark1	KV_READY	13.384	7.302
2026-09-28T05:15:43.535Z	spark2	KV_READY	13.067	4.104
2026-09-28T05:15:43.614Z	spark1	KV_READY	13.338	7.302
2026-09-28T05:15:43.785Z	spark2	KV_READY	13.028	4.104
2026-09-28T05:15:43.865Z	spark1	KV_READY	13.306	7.302
2026-09-28T05:15:44.035Z	spark2	KV_READY	13.031	4.104
2026-09-28T05:15:44.115Z	spark1	KV_READY	13.295	7.302
2026-09-28T05:15:44.296Z	spark2	KV_READY	13.014	4.104
2026-09-28T05:15:44.366Z	spark1	KV_READY	13.260	7.302
2026-09-28T05:15:44.547Z	spark2	KV_READY	13.015	4.104
2026-09-28T05:15:44.627Z	spark1	KV_READY	13.231	7.302
2026-09-28T05:15:44.797Z	spark2	KV_READY	12.999	4.104
2026-09-28T05:15:44.877Z	spark1	KV_READY	13.262	7.302
2026-09-28T05:15:45.048Z	spark2	KV_READY	13.008	4.104
2026-09-28T05:15:45.128Z	spark1	KV_READY	13.241	7.302
2026-09-28T05:15:45.312Z	spark2	KV_READY	13.025	4.104
2026-09-28T05:15:45.378Z	spark1	KV_READY	13.229	7.302
2026-09-28T05:15:45.563Z	spark2	KV_READY	13.018	4.104
2026-09-28T05:15:45.646Z	spark1	KV_READY	13.232	7.302
2026-09-28T05:15:45.814Z	spark2	KV_READY	13.018	4.104
2026-09-28T05:15:45.896Z	spark1	KV_READY	13.254	7.302
2026-09-28T05:15:46.065Z	spark2	KV_READY	13.025	4.104
2026-09-28T05:15:46.147Z	spark1	KV_READY	13.245	7.302
2026-09-28T05:15:46.331Z	spark2	KV_READY	13.008	4.104
2026-09-28T05:15:46.397Z	spark1	KV_READY	13.239	7.302
2026-09-28T05:15:46.582Z	spark2	KV_READY	13.022	4.104
2026-09-28T05:15:46.659Z	spark1	KV_READY	13.253	7.302
2026-09-28T05:15:46.833Z	spark2	KV_READY	13.037	4.104
2026-09-28T05:15:46.910Z	spark1	KV_READY	13.976	7.302
2026-09-28T05:15:47.083Z	spark2	KV_READY	13.063	4.104
2026-09-28T05:15:47.160Z	spark1	KV_READY	13.975	7.302
2026-09-28T05:15:47.348Z	spark2	KV_READY	13.064	4.104
2026-09-28T05:15:47.410Z	spark1	KV_READY	13.936	7.302
2026-09-28T05:15:47.598Z	spark2	KV_READY	13.060	4.104
2026-09-28T05:15:47.673Z	spark1	KV_READY	13.937	7.302
2026-09-28T05:15:47.849Z	spark2	KV_READY	13.055	4.104
2026-09-28T05:15:47.924Z	spark1	KV_READY	13.935	7.302
2026-09-28T05:15:48.099Z	spark2	KV_READY	13.056	4.104
2026-09-28T05:15:48.174Z	spark1	KV_READY	13.925	7.302
2026-09-28T05:15:48.359Z	spark2	KV_READY	13.080	4.104
2026-09-28T05:15:48.425Z	spark1	KV_READY	13.837	7.302
2026-09-28T05:15:48.610Z	spark2	KV_READY	12.920	4.104
2026-09-28T05:15:48.693Z	spark1	KV_READY	13.653	7.302
2026-09-28T05:15:48.860Z	spark2	KV_READY	12.818	4.104
2026-09-28T05:15:48.943Z	spark1	KV_READY	13.624	7.302
2026-09-28T05:15:49.111Z	spark2	KV_READY	12.786	4.104
2026-09-28T05:15:49.194Z	spark1	KV_READY	13.286	7.302
2026-09-28T05:15:49.377Z	spark2	KV_READY	12.611	4.104
2026-09-28T05:15:49.444Z	spark1	KV_READY	13.090	7.302
2026-09-28T05:15:49.627Z	spark2	KV_READY	12.257	4.104
2026-09-28T05:15:49.706Z	spark1	KV_READY	12.890	7.302
2026-09-28T05:15:49.878Z	spark2	KV_READY	12.087	4.104
2026-09-28T05:15:49.957Z	spark1	KV_READY	12.628	7.302
2026-09-28T05:15:50.128Z	spark2	KV_READY	13.329	4.104
2026-09-28T05:15:50.207Z	spark1	KV_READY	12.397	7.302
2026-09-28T05:15:50.394Z	spark2	KV_READY	13.220	4.104
2026-09-28T05:15:50.457Z	spark1	KV_READY	12.425	7.302
2026-09-28T05:15:50.645Z	spark2	KV_READY	13.141	4.104
2026-09-28T05:15:50.723Z	spark1	KV_READY	13.471	7.302
2026-09-28T05:15:50.895Z	spark2	KV_READY	13.033	4.104
2026-09-28T05:15:50.974Z	spark1	KV_READY	13.294	7.302
2026-09-28T05:15:51.146Z	spark2	KV_READY	12.958	4.104
2026-09-28T05:15:51.224Z	spark1	KV_READY	13.246	7.302
2026-09-28T05:15:51.411Z	spark2	KV_READY	12.933	4.104
2026-09-28T05:15:51.475Z	spark1	KV_READY	13.215	7.302
2026-09-28T05:15:51.662Z	spark2	KV_READY	12.918	4.104
2026-09-28T05:15:51.743Z	spark1	KV_READY	13.176	7.302
2026-09-28T05:15:51.912Z	spark2	KV_READY	12.840	4.104
2026-09-28T05:15:51.993Z	spark1	KV_READY	13.098	7.302
2026-09-28T05:15:52.163Z	spark2	KV_READY	12.791	4.104
2026-09-28T05:15:52.244Z	spark1	KV_READY	13.003	7.302
2026-09-28T05:15:52.424Z	spark2	KV_READY	12.777	4.104
2026-09-28T05:15:52.494Z	spark1	KV_READY	12.882	7.302
2026-09-28T05:15:52.674Z	spark2	KV_READY	12.585	4.104
2026-09-28T05:15:52.757Z	spark1	KV_READY	12.709	7.302
2026-09-28T05:15:52.925Z	spark2	KV_READY	12.416	4.104
2026-09-28T05:15:53.008Z	spark1	KV_READY	12.606	7.302
2026-09-28T05:15:53.175Z	spark2	KV_READY	12.442	4.104
2026-09-28T05:15:53.259Z	spark1	KV_READY	12.565	7.302
2026-09-28T05:15:53.441Z	spark2	KV_READY	12.450	4.104
2026-09-28T05:15:53.509Z	spark1	KV_READY	12.418	7.302
2026-09-28T05:15:53.691Z	spark2	KV_READY	12.449	4.104
2026-09-28T05:15:53.777Z	spark1	KV_READY	12.357	7.302
2026-09-28T05:15:53.942Z	spark2	KV_READY	12.442	4.104
2026-09-28T05:15:54.028Z	spark1	KV_READY	13.696	7.302
2026-09-28T05:15:54.193Z	spark2	KV_READY	12.450	4.104
2026-09-28T05:15:54.278Z	spark1	KV_READY	13.503	7.302
2026-09-28T05:15:54.458Z	spark2	KV_READY	12.449	4.104
2026-09-28T05:15:54.529Z	spark1	KV_READY	13.299	7.302
2026-09-28T05:15:54.709Z	spark2	KV_READY	12.431	4.104
2026-09-28T05:15:54.797Z	spark1	KV_READY	13.242	7.302
2026-09-28T05:15:54.959Z	spark2	KV_READY	12.404	4.104
2026-09-28T05:15:55.048Z	spark1	KV_READY	13.186	7.302
2026-09-28T05:15:55.210Z	spark2	KV_READY	12.394	4.104
2026-09-28T05:15:55.298Z	spark1	KV_READY	13.156	7.302
2026-09-28T05:15:55.485Z	spark2	KV_READY	12.394	4.104
2026-09-28T05:15:55.549Z	spark1	KV_READY	13.139	7.302
2026-09-28T05:15:55.736Z	spark2	KV_READY	12.380	4.104
2026-09-28T05:15:55.812Z	spark1	KV_READY	13.524	7.302
2026-09-28T05:15:55.987Z	spark2	KV_READY	12.372	4.104
2026-09-28T05:15:56.062Z	spark1	KV_READY	13.503	7.302
2026-09-28T05:15:56.237Z	spark2	KV_READY	12.395	4.104
2026-09-28T05:15:56.313Z	spark1	KV_READY	13.498	7.302
2026-09-28T05:15:56.503Z	spark2	KV_READY	12.386	4.104
2026-09-28T05:15:56.563Z	spark1	KV_READY	13.481	7.302
2026-09-28T05:15:56.753Z	spark2	KV_READY	12.332	4.104
2026-09-28T05:15:56.826Z	spark1	KV_READY	13.385	7.302
2026-09-28T05:15:57.003Z	spark2	KV_READY	12.340	4.104
2026-09-28T05:15:57.076Z	spark1	KV_READY	13.284	7.302
2026-09-28T05:15:57.254Z	spark2	KV_READY	12.336	4.104
2026-09-28T05:15:57.327Z	spark1	KV_READY	13.275	7.302
2026-09-28T05:15:57.520Z	spark2	KV_READY	12.344	4.104
2026-09-28T05:15:57.577Z	spark1	KV_READY	13.137	7.302
2026-09-28T05:15:57.771Z	spark2	KV_READY	13.454	4.104
2026-09-28T05:15:57.839Z	spark1	KV_READY	12.816	7.302
2026-09-28T05:15:58.021Z	spark2	KV_READY	13.192	4.104
2026-09-28T05:15:58.090Z	spark1	KV_READY	12.586	7.302
2026-09-28T05:15:58.271Z	spark2	KV_READY	13.012	4.104
2026-09-28T05:15:58.340Z	spark1	KV_READY	12.394	7.302
2026-09-28T05:15:58.536Z	spark2	KV_READY	12.895	4.104
2026-09-28T05:15:58.590Z	spark1	KV_READY	12.393	7.302
2026-09-28T05:15:58.787Z	spark2	KV_READY	12.742	4.104
2026-09-28T05:15:58.854Z	spark1	KV_READY	12.228	7.302
2026-09-28T05:15:59.036Z	spark2	KV_READY	12.725	4.104
2026-09-28T05:15:59.104Z	spark1	KV_READY	12.164	7.302
2026-09-28T05:15:59.287Z	spark2	KV_READY	12.725	4.104
2026-09-28T05:15:59.354Z	spark1	KV_READY	12.164	7.302
2026-09-28T05:15:59.552Z	spark2	KV_READY	12.724	4.104
2026-09-28T05:15:59.605Z	spark1	KV_READY	12.119	7.302
2026-09-28T05:15:59.803Z	spark2	KV_READY	12.724	4.104
2026-09-28T05:15:59.872Z	spark1	KV_READY	12.130	7.302
2026-09-28T05:16:00.053Z	spark2	KV_READY	12.724	4.104
2026-09-28T05:16:00.123Z	spark1	KV_READY	12.146	7.302
2026-09-28T05:16:00.304Z	spark2	KV_READY	12.724	4.104
2026-09-28T05:16:00.373Z	spark1	KV_READY	12.146	7.302
2026-09-28T05:16:00.569Z	spark2	KV_READY	12.724	4.104
2026-09-28T05:16:00.624Z	spark1	KV_READY	13.439	7.302
2026-09-28T05:16:00.819Z	spark2	KV_READY	12.710	4.104
2026-09-28T05:16:00.891Z	spark1	KV_READY	13.497	7.302
2026-09-28T05:16:01.070Z	spark2	KV_READY	12.619	4.104
2026-09-28T05:16:01.141Z	spark1	KV_READY	13.506	7.302
2026-09-28T05:16:01.320Z	spark2	KV_READY	12.610	4.104
2026-09-28T05:16:01.391Z	spark1	KV_READY	13.498	7.302
2026-09-28T05:16:01.586Z	spark2	KV_READY	12.610	4.104
2026-09-28T05:16:01.642Z	spark1	KV_READY	13.464	7.302
2026-09-28T05:16:01.837Z	spark2	KV_READY	12.594	4.104
2026-09-28T05:16:01.910Z	spark1	KV_READY	13.428	7.302
2026-09-28T05:16:02.087Z	spark2	KV_READY	12.541	4.104
2026-09-28T05:16:02.160Z	spark1	KV_READY	13.347	7.302
2026-09-28T05:16:02.337Z	spark2	KV_READY	12.501	4.104
2026-09-28T05:16:02.410Z	spark1	KV_READY	13.262	7.302
2026-09-28T05:16:02.603Z	spark2	KV_READY	12.429	4.104
2026-09-28T05:16:02.661Z	spark1	KV_READY	13.231	7.302
2026-09-28T05:16:02.853Z	spark2	KV_READY	12.347	4.104
2026-09-28T05:16:02.929Z	spark1	KV_READY	13.359	7.302
2026-09-28T05:16:03.103Z	spark2	KV_READY	12.348	4.104
2026-09-28T05:16:03.180Z	spark1	KV_READY	13.182	7.301
2026-09-28T05:16:03.354Z	spark2	KV_READY	12.444	4.104
2026-09-28T05:16:03.430Z	spark1	KV_READY	13.093	7.301
2026-09-28T05:16:03.621Z	spark2	KV_READY	13.679	4.104
2026-09-28T05:16:03.680Z	spark1	KV_READY	13.001	7.301
2026-09-28T05:16:03.872Z	spark2	KV_READY	13.497	4.104
2026-09-28T05:16:03.942Z	spark1	KV_READY	12.884	7.301
2026-09-28T05:16:04.122Z	spark2	KV_READY	13.112	4.104
2026-09-28T05:16:04.193Z	spark1	KV_READY	12.668	7.301
2026-09-28T05:16:04.373Z	spark2	KV_READY	12.851	4.104
2026-09-28T05:16:04.443Z	spark1	KV_READY	12.570	7.301
2026-09-28T05:16:04.634Z	spark2	KV_READY	12.691	4.104
2026-09-28T05:16:04.693Z	spark1	KV_READY	12.447	7.301
2026-09-28T05:16:04.884Z	spark2	KV_READY	12.692	4.104
2026-09-28T05:16:04.962Z	spark1	KV_READY	12.181	7.301
2026-09-28T05:16:05.135Z	spark2	KV_READY	12.700	4.104
2026-09-28T05:16:05.212Z	spark1	KV_READY	13.102	7.301
2026-09-28T05:16:05.385Z	spark2	KV_READY	12.706	4.104
2026-09-28T05:16:05.462Z	spark1	KV_READY	13.065	7.301
2026-09-28T05:16:05.646Z	spark2	KV_READY	12.702	4.104
2026-09-28T05:16:05.713Z	spark1	KV_READY	13.062	7.301
2026-09-28T05:16:05.897Z	spark2	KV_READY	12.671	4.104
2026-09-28T05:16:05.981Z	spark1	KV_READY	13.039	7.301
2026-09-28T05:16:06.147Z	spark2	KV_READY	12.659	4.104
2026-09-28T05:16:06.231Z	spark1	KV_READY	13.019	7.301
2026-09-28T05:16:06.398Z	spark2	KV_READY	12.659	4.104
2026-09-28T05:16:06.482Z	spark1	KV_READY	13.019	7.301
2026-09-28T05:16:06.663Z	spark2	KV_READY	12.659	4.104
2026-09-28T05:16:06.732Z	spark1	KV_READY	13.019	7.301
2026-09-28T05:16:06.914Z	spark2	KV_READY	12.659	4.104
2026-09-28T05:16:06.999Z	spark1	KV_READY	13.573	7.301
2026-09-28T05:16:07.164Z	spark2	KV_READY	12.659	4.104
2026-09-28T05:16:07.250Z	spark1	KV_READY	13.488	7.301
2026-09-28T05:16:07.415Z	spark2	KV_READY	12.619	4.104
2026-09-28T05:16:07.500Z	spark1	KV_READY	13.482	7.301
2026-09-28T05:16:07.676Z	spark2	KV_READY	12.589	4.104
2026-09-28T05:16:07.751Z	spark1	KV_READY	13.729	7.301
2026-09-28T05:16:07.927Z	spark2	KV_READY	12.595	4.104
2026-09-28T05:16:08.013Z	spark1	KV_READY	13.681	7.301
2026-09-28T05:16:08.177Z	spark2	KV_READY	12.600	4.104
2026-09-28T05:16:08.264Z	spark1	KV_READY	13.681	7.301
2026-09-28T05:16:08.428Z	spark2	KV_READY	12.500	4.104
2026-09-28T05:16:08.514Z	spark1	KV_READY	13.643	7.301
2026-09-28T05:16:08.693Z	spark2	KV_READY	12.384	4.104
2026-09-28T05:16:08.765Z	spark1	KV_READY	13.664	7.301
2026-09-28T05:16:08.944Z	spark2	KV_READY	12.360	4.104
2026-09-28T05:16:09.028Z	spark1	KV_READY	13.607	7.301
2026-09-28T05:16:09.195Z	spark2	KV_READY	12.345	4.104
2026-09-28T05:16:09.279Z	spark1	KV_READY	13.466	7.301
2026-09-28T05:16:09.445Z	spark2	KV_READY	12.310	4.104
2026-09-28T05:16:09.530Z	spark1	KV_READY	13.384	7.301
2026-09-28T05:16:09.711Z	spark2	KV_READY	12.286	4.104
2026-09-28T05:16:09.780Z	spark1	KV_READY	13.276	7.301
2026-09-28T05:16:09.962Z	spark2	KV_READY	12.362	4.104
2026-09-28T05:16:10.047Z	spark1	KV_READY	13.207	7.301
2026-09-28T05:16:10.212Z	spark2	KV_READY	12.349	4.104
2026-09-28T05:16:10.298Z	spark1	KV_READY	13.102	7.301
2026-09-28T05:16:10.463Z	spark2	KV_READY	12.360	4.104
2026-09-28T05:16:10.548Z	spark1	KV_READY	12.793	7.301
2026-09-28T05:16:10.728Z	spark2	KV_READY	12.368	4.104
2026-09-28T05:16:10.798Z	spark1	KV_READY	12.414	7.301
2026-09-28T05:16:10.979Z	spark2	KV_READY	13.472	4.104
2026-09-28T05:16:11.067Z	spark1	KV_READY	12.195	7.301
2026-09-28T05:16:11.229Z	spark2	KV_READY	13.283	4.104
2026-09-28T05:16:11.318Z	spark1	KV_READY	12.205	7.301
2026-09-28T05:16:11.479Z	spark2	KV_READY	13.257	4.104
2026-09-28T05:16:11.568Z	spark1	KV_READY	12.227	7.301
2026-09-28T05:16:11.745Z	spark2	KV_READY	13.128	4.104
2026-09-28T05:16:11.819Z	spark1	KV_READY	12.230	7.301
2026-09-28T05:16:11.996Z	spark2	KV_READY	12.988	4.104
2026-09-28T05:16:12.087Z	spark1	KV_READY	12.228	7.301
2026-09-28T05:16:12.246Z	spark2	KV_READY	12.968	4.104
2026-09-28T05:16:12.337Z	spark1	KV_READY	12.228	7.301
2026-09-28T05:16:12.497Z	spark2	KV_READY	12.968	4.104
2026-09-28T05:16:12.588Z	spark1	KV_READY	12.228	7.301
2026-09-28T05:16:12.762Z	spark2	KV_READY	12.966	4.104
2026-09-28T05:16:12.838Z	spark1	KV_READY	12.229	7.301
2026-09-28T05:16:13.012Z	spark2	KV_READY	12.966	4.104
2026-09-28T05:16:13.106Z	spark1	KV_READY	12.266	7.301
2026-09-28T05:16:13.263Z	spark2	KV_READY	12.922	4.104
2026-09-28T05:16:13.357Z	spark1	KV_READY	12.266	7.301
2026-09-28T05:16:13.513Z	spark2	KV_READY	12.879	4.104
2026-09-28T05:16:13.607Z	spark1	KV_READY	12.266	7.301
2026-09-28T05:16:13.779Z	spark2	KV_READY	12.864	4.104
2026-09-28T05:16:13.857Z	spark1	KV_READY	13.522	7.301
2026-09-28T05:16:14.030Z	spark2	KV_READY	12.862	4.104
2026-09-28T05:16:14.125Z	spark1	KV_READY	13.489	7.301
2026-09-28T05:16:14.281Z	spark2	KV_READY	12.786	4.104
2026-09-28T05:16:14.376Z	spark1	KV_READY	13.487	7.301
2026-09-28T05:16:14.531Z	spark2	KV_READY	12.771	4.104
2026-09-28T05:16:14.626Z	spark1	KV_READY	13.487	7.301
2026-09-28T05:16:14.796Z	spark2	KV_READY	12.777	4.104
2026-09-28T05:16:14.877Z	spark1	KV_READY	13.486	7.301
2026-09-28T05:16:15.047Z	spark2	KV_READY	12.738	4.104
2026-09-28T05:16:15.139Z	spark1	KV_READY	13.461	7.301
2026-09-28T05:16:15.297Z	spark2	KV_READY	12.635	4.104
2026-09-28T05:16:15.389Z	spark1	KV_READY	13.449	7.301
2026-09-28T05:16:15.547Z	spark2	KV_READY	12.513	4.104
2026-09-28T05:16:15.640Z	spark1	KV_READY	13.418	7.301
2026-09-28T05:16:15.813Z	spark2	KV_READY	12.393	4.104
2026-09-28T05:16:15.890Z	spark1	KV_READY	13.366	7.301
2026-09-28T05:16:16.063Z	spark2	KV_READY	12.289	4.104
2026-09-28T05:16:16.153Z	spark1	KV_READY	13.359	7.301
2026-09-28T05:16:16.314Z	spark2	KV_READY	12.252	4.104
2026-09-28T05:16:16.403Z	spark1	KV_READY	13.270	7.300
2026-09-28T05:16:16.565Z	spark2	KV_READY	12.270	4.104
2026-09-28T05:16:16.653Z	spark1	KV_READY	13.217	7.300
2026-09-28T05:16:16.825Z	spark2	KV_READY	12.012	4.104
2026-09-28T05:16:16.904Z	spark1	KV_READY	13.101	7.300
2026-09-28T05:16:17.076Z	spark2	KV_READY	11.549	4.104
2026-09-28T05:16:17.167Z	spark1	KV_READY	12.946	7.300
2026-09-28T05:16:17.326Z	spark2	KV_READY	11.248	4.104
2026-09-28T05:16:17.417Z	spark1	KV_READY	12.767	7.300
2026-09-28T05:16:17.576Z	spark2	KV_READY	11.213	4.104
2026-09-28T05:16:17.668Z	spark1	KV_READY	12.533	7.300
2026-09-28T05:16:17.842Z	spark2	KV_READY	11.074	4.104
2026-09-28T05:16:17.919Z	spark1	KV_READY	12.515	7.300
2026-09-28T05:16:18.092Z	spark2	KV_READY	10.992	4.104
2026-09-28T05:16:18.186Z	spark1	KV_READY	12.421	7.300
2026-09-28T05:16:18.342Z	spark2	KV_READY	11.028	4.104
2026-09-28T05:16:18.437Z	spark1	KV_READY	12.365	7.300
2026-09-28T05:16:18.593Z	spark2	KV_READY	10.975	4.104
2026-09-28T05:16:18.687Z	spark1	KV_READY	12.361	7.300
2026-09-28T05:16:18.854Z	spark2	KV_READY	10.942	4.104
2026-09-28T05:16:18.937Z	spark1	KV_READY	12.216	7.300
2026-09-28T05:16:19.104Z	spark2	KV_READY	10.942	4.104
2026-09-28T05:16:19.205Z	spark1	KV_READY	12.196	7.300
2026-09-28T05:16:19.355Z	spark2	KV_READY	10.942	4.104
2026-09-28T05:16:19.456Z	spark1	KV_READY	12.204	7.300
2026-09-28T05:16:19.605Z	spark2	KV_READY	10.942	4.104
2026-09-28T05:16:19.706Z	spark1	KV_READY	12.212	7.300
2026-09-28T05:16:19.871Z	spark2	KV_READY	10.941	4.104
2026-09-28T05:16:19.957Z	spark1	KV_READY	12.219	7.300
2026-09-28T05:16:20.121Z	spark2	KV_READY	10.949	4.104
2026-09-28T05:16:20.220Z	spark1	KV_READY	12.223	7.300
2026-09-28T05:16:20.371Z	spark2	KV_READY	11.220	4.104
2026-09-28T05:16:20.470Z	spark1	KV_READY	12.223	7.300
2026-09-28T05:16:20.621Z	spark2	KV_READY	13.137	4.104
2026-09-28T05:16:20.721Z	spark1	KV_READY	12.292	7.300
2026-09-28T05:16:20.887Z	spark2	KV_READY	13.075	4.104
2026-09-28T05:16:20.971Z	spark1	KV_READY	12.421	7.300
2026-09-28T05:16:21.138Z	spark2	KV_READY	13.068	4.104
2026-09-28T05:16:21.235Z	spark1	KV_READY	12.429	7.300
2026-09-28T05:16:21.388Z	spark2	KV_READY	13.064	4.104
2026-09-28T05:16:21.486Z	spark1	KV_READY	12.429	7.300
2026-09-28T05:16:21.638Z	spark2	KV_READY	13.033	4.104
2026-09-28T05:16:21.736Z	spark1	KV_READY	12.429	7.300
2026-09-28T05:16:21.904Z	spark2	KV_READY	12.924	4.104
2026-09-28T05:16:21.986Z	spark1	KV_READY	12.545	7.300
2026-09-28T05:16:22.154Z	spark2	KV_READY	12.817	4.104
2026-09-28T05:16:22.249Z	spark1	KV_READY	12.539	7.300
2026-09-28T05:16:22.404Z	spark2	KV_READY	12.756	4.104
2026-09-28T05:16:22.500Z	spark1	KV_READY	12.574	7.300
2026-09-28T05:16:22.655Z	spark2	KV_READY	12.605	4.104
2026-09-28T05:16:22.750Z	spark1	KV_READY	12.597	7.300
2026-09-28T05:16:22.922Z	spark2	KV_READY	12.422	4.104
2026-09-28T05:16:23.000Z	spark1	KV_READY	12.664	7.300
2026-09-28T05:16:23.172Z	spark2	KV_READY	12.385	4.104
2026-09-28T05:16:23.269Z	spark1	KV_READY	12.564	7.300
2026-09-28T05:16:23.423Z	spark2	KV_READY	12.114	4.104
2026-09-28T05:16:23.519Z	spark1	KV_READY	12.528	7.300
2026-09-28T05:16:23.673Z	spark2	KV_READY	11.978	4.104
2026-09-28T05:16:23.770Z	spark1	KV_READY	12.425	7.300
2026-09-28T05:16:23.938Z	spark2	KV_READY	11.869	4.104
2026-09-28T05:16:24.020Z	spark1	KV_READY	12.336	7.300
2026-09-28T05:16:24.189Z	spark2	KV_READY	11.828	4.104
2026-09-28T05:16:24.288Z	spark1	KV_READY	12.409	7.300
2026-09-28T05:16:24.439Z	spark2	KV_READY	12.078	4.104
2026-09-28T05:16:24.538Z	spark1	KV_READY	12.419	7.300
2026-09-28T05:16:24.690Z	spark2	KV_READY	12.075	4.104
2026-09-28T05:16:24.789Z	spark1	KV_READY	12.336	7.300
2026-09-28T05:16:24.950Z	spark2	KV_READY	12.023	4.104
2026-09-28T05:16:25.039Z	spark1	KV_READY	12.285	7.300
2026-09-28T05:16:25.201Z	spark2	KV_READY	13.459	4.104
2026-09-28T05:16:25.302Z	spark1	KV_READY	12.322	7.300
2026-09-28T05:16:25.451Z	spark2	KV_READY	13.401	4.104
2026-09-28T05:16:25.553Z	spark1	KV_READY	12.322	7.300
2026-09-28T05:16:25.702Z	spark2	KV_READY	13.380	4.104
2026-09-28T05:16:25.804Z	spark1	KV_READY	12.322	7.300
2026-09-28T05:16:25.967Z	spark2	KV_READY	13.363	4.104
2026-09-28T05:16:26.054Z	spark1	KV_READY	12.344	7.300
2026-09-28T05:16:26.218Z	spark2	KV_READY	13.397	4.104
2026-09-28T05:16:26.317Z	spark1	KV_READY	12.418	7.300
2026-09-28T05:16:26.469Z	spark2	KV_READY	13.397	4.104
2026-09-28T05:16:26.567Z	spark1	KV_READY	12.429	7.300
2026-09-28T05:16:26.720Z	spark2	KV_READY	13.397	4.104
2026-09-28T05:16:26.818Z	spark1	KV_READY	12.429	7.300
2026-09-28T05:16:26.981Z	spark2	KV_READY	13.397	4.104
2026-09-28T05:16:27.068Z	spark1	KV_READY	12.438	7.300
2026-09-28T05:16:27.232Z	spark2	KV_READY	13.382	4.104
2026-09-28T05:16:27.336Z	spark1	KV_READY	12.437	7.300
2026-09-28T05:16:27.483Z	spark2	KV_READY	13.381	4.104
2026-09-28T05:16:27.587Z	spark1	KV_READY	12.434	7.300
2026-09-28T05:16:27.734Z	spark2	KV_READY	13.367	4.104
2026-09-28T05:16:27.838Z	spark1	KV_READY	12.434	7.300
2026-09-28T05:16:27.994Z	spark2	KV_READY	13.345	4.104
2026-09-28T05:16:28.088Z	spark1	KV_READY	12.448	7.300
2026-09-28T05:16:28.245Z	spark2	KV_READY	13.330	4.104
2026-09-28T05:16:28.356Z	spark1	KV_READY	12.455	7.300
2026-09-28T05:16:28.495Z	spark2	KV_READY	13.330	4.104
2026-09-28T05:16:28.607Z	spark1	KV_READY	12.460	7.300
2026-09-28T05:16:28.746Z	spark2	KV_READY	13.315	4.104
2026-09-28T05:16:28.858Z	spark1	KV_READY	12.460	7.300
2026-09-28T05:16:29.008Z	spark2	KV_READY	13.315	4.104
2026-09-28T05:16:29.108Z	spark1	KV_READY	12.484	7.300
2026-09-28T05:16:29.258Z	spark2	KV_READY	13.315	4.104
2026-09-28T05:16:29.371Z	spark1	KV_READY	12.493	7.300
2026-09-28T05:16:29.509Z	spark2	KV_READY	13.315	4.104
2026-09-28T05:16:29.622Z	spark1	KV_READY	12.493	7.300
2026-09-28T05:16:29.759Z	spark2	KV_READY	13.315	4.104
2026-09-28T05:16:29.873Z	spark1	KV_READY	12.493	7.300
2026-09-28T05:16:30.020Z	spark2	KV_READY	13.305	4.104
2026-09-28T05:16:30.124Z	spark1	KV_READY	12.521	7.300
2026-09-28T05:16:30.271Z	spark2	KV_READY	13.305	4.104
2026-09-28T05:16:30.387Z	spark1	KV_READY	12.523	7.300
2026-09-28T05:16:30.521Z	spark2	KV_READY	13.305	4.104
2026-09-28T05:16:30.637Z	spark1	KV_READY	12.519	7.300
2026-09-28T05:16:30.772Z	spark2	KV_READY	13.305	4.104
2026-09-28T05:16:30.888Z	spark1	KV_READY	12.531	7.300
2026-09-28T05:16:31.033Z	spark2	KV_READY	13.305	4.104
2026-09-28T05:16:31.138Z	spark1	KV_READY	12.539	7.300
2026-09-28T05:16:31.283Z	spark2	KV_READY	13.305	4.104
2026-09-28T05:16:31.401Z	spark1	KV_READY	12.555	7.300
2026-09-28T05:16:31.533Z	spark2	KV_READY	13.305	4.104
2026-09-28T05:16:31.652Z	spark1	KV_READY	12.555	7.300
2026-09-28T05:16:31.784Z	spark2	KV_READY	13.305	4.104
2026-09-28T05:16:31.903Z	spark1	KV_READY	12.563	7.300
2026-09-28T05:16:32.045Z	spark2	KV_READY	13.298	4.104
2026-09-28T05:16:32.154Z	spark1	KV_READY	12.586	7.300
2026-09-28T05:16:32.296Z	spark2	KV_READY	13.298	4.104
2026-09-28T05:16:32.417Z	spark1	KV_READY	12.586	7.300
2026-09-28T05:16:32.547Z	spark2	KV_READY	13.298	4.104
2026-09-28T05:16:32.668Z	spark1	KV_READY	12.600	7.300
2026-09-28T05:16:32.797Z	spark2	KV_READY	13.298	4.104
2026-09-28T05:16:32.919Z	spark1	KV_READY	12.619	7.300
2026-09-28T05:16:33.058Z	spark2	KV_READY	13.298	4.104
2026-09-28T05:16:33.169Z	spark1	KV_READY	12.641	7.300
2026-09-28T05:16:33.309Z	spark2	KV_READY	13.298	4.104
2026-09-28T05:16:33.436Z	spark1	KV_READY	12.641	7.300
2026-09-28T05:16:33.559Z	spark2	KV_READY	13.298	4.104
2026-09-28T05:16:33.687Z	spark1	KV_READY	12.641	7.300
2026-09-28T05:16:33.811Z	spark2	KV_READY	13.268	4.104
2026-09-28T05:16:33.938Z	spark1	KV_READY	12.649	7.300
2026-09-28T05:16:34.072Z	spark2	KV_READY	13.252	4.104
2026-09-28T05:16:34.189Z	spark1	KV_READY	12.661	7.300
2026-09-28T05:16:34.323Z	spark2	KV_READY	13.252	4.104
2026-09-28T05:16:34.452Z	spark1	KV_READY	12.654	7.300
2026-09-28T05:16:34.573Z	spark2	KV_READY	13.245	4.104
2026-09-28T05:16:34.703Z	spark1	KV_READY	12.667	7.300
2026-09-28T05:16:34.824Z	spark2	KV_READY	13.245	4.104
2026-09-28T05:16:34.954Z	spark1	KV_READY	12.667	7.300
2026-09-28T05:16:35.084Z	spark2	KV_READY	13.245	4.104
2026-09-28T05:16:35.205Z	spark1	KV_READY	12.676	7.300
2026-09-28T05:16:35.335Z	spark2	KV_READY	13.245	4.104
2026-09-28T05:16:35.473Z	spark1	KV_READY	12.677	7.300
2026-09-28T05:16:35.586Z	spark2	KV_READY	13.245	4.104
2026-09-28T05:16:35.723Z	spark1	KV_READY	12.677	7.300
2026-09-28T05:16:35.837Z	spark2	KV_READY	13.245	4.104
2026-09-28T05:16:35.974Z	spark1	KV_READY	12.705	7.300
2026-09-28T05:16:36.097Z	spark2	KV_READY	13.245	4.104
2026-09-28T05:16:36.225Z	spark1	KV_READY	12.714	7.300
2026-09-28T05:16:36.348Z	spark2	KV_READY	13.245	4.104
2026-09-28T05:16:36.487Z	spark1	KV_READY	12.714	7.300
2026-09-28T05:16:36.599Z	spark2	KV_READY	13.245	4.104
2026-09-28T05:16:36.738Z	spark1	KV_READY	12.737	7.300
2026-09-28T05:16:36.850Z	spark2	KV_READY	13.231	4.104
2026-09-28T05:16:36.988Z	spark1	KV_READY	12.748	7.300
2026-09-28T05:16:37.111Z	spark2	KV_READY	13.231	4.104
2026-09-28T05:16:37.238Z	spark1	KV_READY	12.761	7.300
2026-09-28T05:16:37.362Z	spark2	KV_READY	13.231	4.104
2026-09-28T05:16:37.502Z	spark1	KV_READY	12.739	7.300
2026-09-28T05:16:37.612Z	spark2	KV_READY	13.231	4.104
2026-09-28T05:16:37.753Z	spark1	KV_READY	12.739	7.300
2026-09-28T05:16:37.863Z	spark2	KV_READY	13.231	4.104
2026-09-28T05:16:38.003Z	spark1	KV_READY	12.757	7.300
2026-09-28T05:16:38.128Z	spark2	KV_READY	13.230	4.104
2026-09-28T05:16:38.253Z	spark1	KV_READY	12.768	7.300
2026-09-28T05:16:38.379Z	spark2	KV_READY	13.230	4.104
2026-09-28T05:16:38.516Z	spark1	KV_READY	12.771	7.300
2026-09-28T05:16:38.630Z	spark2	KV_READY	13.225	4.104
2026-09-28T05:16:38.766Z	spark1	KV_READY	12.782	7.300
2026-09-28T05:16:38.880Z	spark2	KV_READY	13.201	4.104
2026-09-28T05:16:39.017Z	spark1	KV_READY	12.804	7.300
2026-09-28T05:16:39.145Z	spark2	KV_READY	13.201	4.104
2026-09-28T05:16:39.268Z	spark1	KV_READY	12.804	7.300
2026-09-28T05:16:39.396Z	spark2	KV_READY	13.200	4.104
2026-09-28T05:16:39.530Z	spark1	KV_READY	12.804	7.300
2026-09-28T05:16:39.646Z	spark2	KV_READY	13.200	4.104
2026-09-28T05:16:39.781Z	spark1	KV_READY	12.805	7.300
2026-09-28T05:16:39.896Z	spark2	KV_READY	13.200	4.104
2026-09-28T05:16:40.032Z	spark1	KV_READY	12.810	7.300
2026-09-28T05:16:40.157Z	spark2	KV_READY	13.207	4.104
2026-09-28T05:16:40.283Z	spark1	KV_READY	12.834	7.300
2026-09-28T05:16:40.407Z	spark2	KV_READY	13.207	4.104
2026-09-28T05:16:40.545Z	spark1	KV_READY	12.834	7.300
2026-09-28T05:16:40.657Z	spark2	KV_READY	13.207	4.104
2026-09-28T05:16:40.795Z	spark1	KV_READY	12.848	7.300
2026-09-28T05:16:40.907Z	spark2	KV_READY	13.215	4.104
2026-09-28T05:16:41.046Z	spark1	KV_READY	12.848	7.300
2026-09-28T05:16:41.173Z	spark2	KV_READY	13.216	4.104
2026-09-28T05:16:41.297Z	spark1	KV_READY	12.848	7.300
2026-09-28T05:16:41.423Z	spark2	KV_READY	13.216	4.104
2026-09-28T05:16:41.564Z	spark1	KV_READY	12.848	7.300
2026-09-28T05:16:41.673Z	spark2	KV_READY	13.216	4.104
2026-09-28T05:16:41.815Z	spark1	KV_READY	12.848	7.300
2026-09-28T05:16:41.923Z	spark2	KV_READY	13.216	4.104
2026-09-28T05:16:42.066Z	spark1	KV_READY	12.866	7.300
2026-09-28T05:16:42.189Z	spark2	KV_READY	13.224	4.104
2026-09-28T05:16:42.316Z	spark1	KV_READY	12.882	7.300
2026-09-28T05:16:42.440Z	spark2	KV_READY	13.224	4.104
2026-09-28T05:16:42.582Z	spark1	KV_READY	12.882	7.300
2026-09-28T05:16:42.690Z	spark2	KV_READY	13.224	4.104
2026-09-28T05:16:42.832Z	spark1	KV_READY	12.891	7.300
2026-09-28T05:16:42.941Z	spark2	KV_READY	13.607	4.104
2026-09-28T05:16:43.083Z	spark1	KV_READY	12.929	7.300
2026-09-28T05:16:43.206Z	spark2	KV_READY	13.532	4.104
2026-09-28T05:16:43.334Z	spark1	KV_READY	12.934	7.300
2026-09-28T05:16:43.457Z	spark2	KV_READY	13.518	4.104
2026-09-28T05:16:43.601Z	spark1	KV_READY	13.317	7.300
2026-09-28T05:16:43.708Z	spark2	KV_READY	13.502	4.104
2026-09-28T05:16:43.851Z	spark1	KV_READY	13.688	7.300
2026-09-28T05:16:43.958Z	spark2	KV_READY	13.487	4.104
2026-09-28T05:16:44.102Z	spark1	KV_READY	13.841	7.300
2026-09-28T05:16:44.223Z	spark2	KV_READY	12.862	4.104
2026-09-28T05:16:44.352Z	spark1	KV_READY	13.779	7.300
2026-09-28T05:16:44.473Z	spark2	KV_READY	12.845	4.104
2026-09-28T05:16:44.615Z	spark1	KV_READY	13.760	7.300
2026-09-28T05:16:44.723Z	spark2	KV_READY	12.840	4.104
2026-09-28T05:16:44.865Z	spark1	KV_READY	13.197	7.300
2026-09-28T05:16:44.973Z	spark2	KV_READY	12.848	4.104
2026-09-28T05:16:45.116Z	spark1	KV_READY	12.967	7.300
2026-09-28T05:16:45.235Z	spark2	KV_READY	12.802	4.104
2026-09-28T05:16:45.366Z	spark1	KV_READY	12.946	7.300
2026-09-28T05:16:45.486Z	spark2	KV_READY	12.787	4.104
2026-09-28T05:16:45.634Z	spark1	KV_READY	12.926	7.300
2026-09-28T05:16:45.737Z	spark2	KV_READY	12.787	4.104
2026-09-28T05:16:45.885Z	spark1	KV_READY	12.920	7.300
2026-09-28T05:16:45.989Z	spark2	KV_READY	12.771	4.104
2026-09-28T05:16:46.135Z	spark1	KV_READY	12.884	7.300
2026-09-28T05:16:46.257Z	spark2	KV_READY	12.780	4.104
2026-09-28T05:16:46.385Z	spark1	KV_READY	12.860	7.300
2026-09-28T05:16:46.508Z	spark2	KV_READY	12.780	4.104
2026-09-28T05:16:46.663Z	spark1	KV_READY	12.860	7.300
2026-09-28T05:16:46.759Z	spark2	KV_READY	12.780	4.104
2026-09-28T05:16:46.914Z	spark1	KV_READY	12.865	7.300
2026-09-28T05:16:47.010Z	spark2	KV_READY	12.788	4.104
2026-09-28T05:16:47.164Z	spark1	KV_READY	12.844	7.300
2026-09-28T05:16:47.285Z	spark2	KV_READY	12.795	4.104
2026-09-28T05:16:47.414Z	spark1	KV_READY	12.834	7.300
2026-09-28T05:16:47.535Z	spark2	KV_READY	12.795	4.104
2026-09-28T05:16:47.680Z	spark1	KV_READY	12.845	7.300
2026-09-28T05:16:47.787Z	spark2	KV_READY	12.795	4.104
2026-09-28T05:16:47.931Z	spark1	KV_READY	12.860	7.300
2026-09-28T05:16:48.038Z	spark2	KV_READY	12.803	4.104
2026-09-28T05:16:48.181Z	spark1	KV_READY	12.852	7.300
2026-09-28T05:16:48.303Z	spark2	KV_READY	12.803	4.104
2026-09-28T05:16:48.432Z	spark1	KV_READY	12.852	7.300
2026-09-28T05:16:48.552Z	spark2	KV_READY	12.803	4.104
2026-09-28T05:16:48.694Z	spark1	KV_READY	12.851	7.300
2026-09-28T05:16:48.803Z	spark2	KV_READY	12.803	4.104
2026-09-28T05:16:48.944Z	spark1	KV_READY	12.819	7.300
2026-09-28T05:16:49.054Z	spark2	KV_READY	12.810	4.104
2026-09-28T05:16:49.194Z	spark1	KV_READY	12.796	7.300
2026-09-28T05:16:49.319Z	spark2	KV_READY	12.814	4.104
2026-09-28T05:16:49.445Z	spark1	KV_READY	12.775	7.300
2026-09-28T05:16:49.569Z	spark2	KV_READY	12.816	4.104
2026-09-28T05:16:49.707Z	spark1	KV_READY	12.759	7.300
2026-09-28T05:16:49.820Z	spark2	KV_READY	12.798	4.104
2026-09-28T05:16:49.957Z	spark1	KV_READY	12.755	7.300
2026-09-28T05:16:50.070Z	spark2	KV_READY	12.784	4.104
2026-09-28T05:16:50.207Z	spark1	KV_READY	12.755	7.300
2026-09-28T05:16:50.336Z	spark2	KV_READY	12.779	4.104
2026-09-28T05:16:50.458Z	spark1	KV_READY	12.740	7.300
2026-09-28T05:16:50.587Z	spark2	KV_READY	12.779	4.104
2026-09-28T05:16:50.728Z	spark1	KV_READY	12.733	7.300
2026-09-28T05:16:50.839Z	spark2	KV_READY	12.782	4.104
2026-09-28T05:16:50.979Z	spark1	KV_READY	12.736	7.300
2026-09-28T05:16:51.089Z	spark2	KV_READY	12.794	4.104
2026-09-28T05:16:51.230Z	spark1	KV_READY	12.752	7.300
2026-09-28T05:16:51.360Z	spark2	KV_READY	12.800	4.104
2026-09-28T05:16:51.481Z	spark1	KV_READY	12.752	7.300
2026-09-28T05:16:51.612Z	spark2	KV_READY	12.802	4.104
2026-09-28T05:16:51.751Z	spark1	KV_READY	12.747	7.300
2026-09-28T05:16:51.863Z	spark2	KV_READY	12.809	4.104
2026-09-28T05:16:52.001Z	spark1	KV_READY	12.742	7.300
2026-09-28T05:16:52.113Z	spark2	KV_READY	12.809	4.104
2026-09-28T05:16:52.253Z	spark1	KV_READY	12.755	7.300
2026-09-28T05:16:52.378Z	spark2	KV_READY	12.810	4.104
2026-09-28T05:16:52.504Z	spark1	KV_READY	12.759	7.300
2026-09-28T05:16:52.630Z	spark2	KV_READY	12.811	4.104
2026-09-28T05:16:52.771Z	spark1	KV_READY	12.760	7.300
2026-09-28T05:16:52.880Z	spark2	KV_READY	12.831	4.104
2026-09-28T05:16:53.021Z	spark1	KV_READY	12.767	7.300
2026-09-28T05:16:53.131Z	spark2	KV_READY	12.840	4.104
2026-09-28T05:16:53.272Z	spark1	KV_READY	12.758	7.300
2026-09-28T05:16:53.396Z	spark2	KV_READY	12.855	4.104
2026-09-28T05:16:53.523Z	spark1	KV_READY	12.752	7.300
2026-09-28T05:16:53.648Z	spark2	KV_READY	12.855	4.104
2026-09-28T05:16:53.785Z	spark1	KV_READY	12.752	7.300
2026-09-28T05:16:53.898Z	spark2	KV_READY	12.859	4.104
2026-09-28T05:16:54.036Z	spark1	KV_READY	12.760	7.300
2026-09-28T05:16:54.150Z	spark2	KV_READY	12.861	4.104
2026-09-28T05:16:54.287Z	spark1	KV_READY	12.767	7.300
2026-09-28T05:16:54.416Z	spark2	KV_READY	12.854	4.104
2026-09-28T05:16:54.537Z	spark1	KV_READY	12.773	7.300
2026-09-28T05:16:54.668Z	spark2	KV_READY	12.862	4.104
2026-09-28T05:16:54.799Z	spark1	KV_READY	12.791	7.300
2026-09-28T05:16:54.919Z	spark2	KV_READY	12.887	4.104
2026-09-28T05:16:55.050Z	spark1	KV_READY	12.799	7.300
2026-09-28T05:16:55.169Z	spark2	KV_READY	12.869	4.104
2026-09-28T05:16:55.300Z	spark1	KV_READY	12.777	7.300
2026-09-28T05:16:55.440Z	spark2	KV_READY	12.869	4.104
2026-09-28T05:16:55.550Z	spark1	KV_READY	12.779	7.300
2026-09-28T05:16:55.691Z	spark2	KV_READY	12.870	4.104
2026-09-28T05:16:55.812Z	spark1	KV_READY	12.779	7.300
2026-09-28T05:16:55.942Z	spark2	KV_READY	12.879	4.104
2026-09-28T05:16:56.062Z	spark1	KV_READY	12.785	7.300
2026-09-28T05:16:56.193Z	spark2	KV_READY	12.884	4.104
2026-09-28T05:16:56.313Z	spark1	KV_READY	12.785	7.300
2026-09-28T05:16:56.458Z	spark2	KV_READY	12.894	4.104
2026-09-28T05:16:56.563Z	spark1	KV_READY	12.781	7.300
2026-09-28T05:16:56.709Z	spark2	KV_READY	12.893	4.104
2026-09-28T05:16:56.825Z	spark1	KV_READY	12.782	7.300
2026-09-28T05:16:56.960Z	spark2	KV_READY	12.915	4.104
2026-09-28T05:16:57.076Z	spark1	KV_READY	12.778	7.300
2026-09-28T05:16:57.211Z	spark2	KV_READY	12.926	4.104
2026-09-28T05:16:57.326Z	spark1	KV_READY	12.780	7.300
2026-09-28T05:16:57.475Z	spark2	KV_READY	12.926	4.104
2026-09-28T05:16:57.577Z	spark1	KV_READY	12.801	7.300
2026-09-28T05:16:57.727Z	spark2	KV_READY	12.916	4.104
2026-09-28T05:16:57.839Z	spark1	KV_READY	12.788	7.300
2026-09-28T05:16:57.978Z	spark2	KV_READY	12.927	4.104
2026-09-28T05:16:58.090Z	spark1	KV_READY	12.791	7.300
2026-09-28T05:16:58.228Z	spark2	KV_READY	12.921	4.104
2026-09-28T05:16:58.340Z	spark1	KV_READY	12.779	7.300
2026-09-28T05:16:58.493Z	spark2	KV_READY	12.950	4.104
2026-09-28T05:16:58.591Z	spark1	KV_READY	12.798	7.300
2026-09-28T05:16:58.743Z	spark2	KV_READY	12.945	4.104
2026-09-28T05:16:58.853Z	spark1	KV_READY	12.796	7.300
2026-09-28T05:16:58.993Z	spark2	KV_READY	12.955	4.104
2026-09-28T05:16:59.104Z	spark1	KV_READY	12.797	7.300
2026-09-28T05:16:59.244Z	spark2	KV_READY	12.955	4.104
2026-09-28T05:16:59.354Z	spark1	KV_READY	12.797	7.300
2026-09-28T05:16:59.505Z	spark2	KV_READY	12.962	4.104
2026-09-28T05:16:59.604Z	spark1	KV_READY	12.781	7.300
2026-09-28T05:16:59.756Z	spark2	KV_READY	12.962	4.104
2026-09-28T05:16:59.874Z	spark1	KV_READY	12.780	7.300
2026-09-28T05:17:00.005Z	spark2	KV_READY	12.966	4.104
2026-09-28T05:17:00.125Z	spark1	KV_READY	12.771	7.300
2026-09-28T05:17:00.256Z	spark2	KV_READY	12.972	4.104
2026-09-28T05:17:00.375Z	spark1	KV_READY	12.746	7.300
2026-09-28T05:17:00.516Z	spark2	KV_READY	12.972	4.104
2026-09-28T05:17:00.625Z	spark1	KV_READY	12.734	7.300
2026-09-28T05:17:00.767Z	spark2	KV_READY	12.963	4.104
2026-09-28T05:17:00.886Z	spark1	KV_READY	12.731	7.300
2026-09-28T05:17:01.016Z	spark2	KV_READY	12.970	4.104
2026-09-28T05:17:01.137Z	spark1	KV_READY	12.739	7.300
2026-09-28T05:17:01.268Z	spark2	KV_READY	12.974	4.104
2026-09-28T05:17:01.387Z	spark1	KV_READY	12.742	7.300
2026-09-28T05:17:01.533Z	spark2	KV_READY	12.974	4.104
2026-09-28T05:17:01.638Z	spark1	KV_READY	12.733	7.300
2026-09-28T05:17:01.784Z	spark2	KV_READY	12.974	4.104
2026-09-28T05:17:01.904Z	spark1	KV_READY	12.735	7.300
2026-09-28T05:17:02.034Z	spark2	KV_READY	12.959	4.104
2026-09-28T05:17:02.155Z	spark1	KV_READY	12.736	7.300
2026-09-28T05:17:02.285Z	spark2	KV_READY	12.966	4.104
2026-09-28T05:17:02.405Z	spark1	KV_READY	12.737	7.300
2026-09-28T05:17:02.546Z	spark2	KV_READY	12.966	4.104
2026-09-28T05:17:02.656Z	spark1	KV_READY	12.735	7.300
2026-09-28T05:17:02.797Z	spark2	KV_READY	12.969	4.104
2026-09-28T05:17:02.918Z	spark1	KV_READY	12.734	7.300
2026-09-28T05:17:03.047Z	spark2	KV_READY	12.970	4.104
2026-09-28T05:17:03.169Z	spark1	KV_READY	12.730	7.300
2026-09-28T05:17:03.298Z	spark2	KV_READY	12.978	4.104
2026-09-28T05:17:03.419Z	spark1	KV_READY	12.717	7.300
2026-09-28T05:17:03.558Z	spark2	KV_READY	12.970	4.104
2026-09-28T05:17:03.670Z	spark1	KV_READY	12.724	7.300
2026-09-28T05:17:03.809Z	spark2	KV_READY	12.970	4.104
2026-09-28T05:17:03.931Z	spark1	KV_READY	12.697	7.300
2026-09-28T05:17:04.060Z	spark2	KV_READY	12.974	4.104
2026-09-28T05:17:04.181Z	spark1	KV_READY	12.697	7.300
2026-09-28T05:17:04.310Z	spark2	KV_READY	12.985	4.104
2026-09-28T05:17:04.432Z	spark1	KV_READY	12.693	7.300
2026-09-28T05:17:04.581Z	spark2	KV_READY	12.983	4.104
2026-09-28T05:17:04.683Z	spark1	KV_READY	12.694	7.300
2026-09-28T05:17:04.831Z	spark2	KV_READY	12.985	4.104
2026-09-28T05:17:04.945Z	spark1	KV_READY	12.697	7.300
2026-09-28T05:17:05.082Z	spark2	KV_READY	12.989	4.104
2026-09-28T05:17:05.195Z	spark1	KV_READY	12.705	7.300
2026-09-28T05:17:05.333Z	spark2	KV_READY	12.980	4.104
2026-09-28T05:17:05.447Z	spark1	KV_READY	12.704	7.300
2026-09-28T05:17:05.598Z	spark2	KV_READY	12.995	4.104
2026-09-28T05:17:05.697Z	spark1	KV_READY	12.705	7.300
2026-09-28T05:17:05.849Z	spark2	KV_READY	12.989	4.104
2026-09-28T05:17:05.963Z	spark1	KV_READY	12.707	7.300
2026-09-28T05:17:06.099Z	spark2	KV_READY	12.999	4.104
2026-09-28T05:17:06.214Z	spark1	KV_READY	12.717	7.300
2026-09-28T05:17:06.350Z	spark2	KV_READY	12.998	4.104
2026-09-28T05:17:06.465Z	spark1	KV_READY	12.717	7.300
2026-09-28T05:17:06.611Z	spark2	KV_READY	12.998	4.104
2026-09-28T05:17:06.716Z	spark1	KV_READY	12.716	7.300
2026-09-28T05:17:06.861Z	spark2	KV_READY	12.963	4.104
2026-09-28T05:17:06.983Z	spark1	KV_READY	12.720	7.300
2026-09-28T05:17:07.112Z	spark2	KV_READY	12.971	4.104
2026-09-28T05:17:07.234Z	spark1	KV_READY	12.731	7.300
2026-09-28T05:17:07.363Z	spark2	KV_READY	12.967	4.104
2026-09-28T05:17:07.484Z	spark1	KV_READY	12.706	7.300
2026-09-28T05:17:07.623Z	spark2	KV_READY	12.986	4.104
2026-09-28T05:17:07.734Z	spark1	KV_READY	12.688	7.300
2026-09-28T05:17:07.873Z	spark2	KV_READY	12.981	4.104
2026-09-28T05:17:08.001Z	spark1	KV_READY	12.694	7.300
2026-09-28T05:17:08.124Z	spark2	KV_READY	12.990	4.104
2026-09-28T05:17:08.252Z	spark1	KV_READY	12.691	7.299
2026-09-28T05:17:08.375Z	spark2	KV_READY	12.981	4.104
2026-09-28T05:17:08.503Z	spark1	KV_READY	12.694	7.299
2026-09-28T05:17:08.642Z	spark2	KV_READY	12.989	4.104
2026-09-28T05:17:08.754Z	spark1	KV_READY	12.694	7.299
2026-09-28T05:17:08.892Z	spark2	KV_READY	12.989	4.104
2026-09-28T05:17:09.016Z	spark1	KV_READY	12.701	7.299
2026-09-28T05:17:09.143Z	spark2	KV_READY	13.001	4.104
2026-09-28T05:17:09.266Z	spark1	KV_READY	12.702	7.299
2026-09-28T05:17:09.393Z	spark2	KV_READY	12.999	4.104
2026-09-28T05:17:09.517Z	spark1	KV_READY	12.697	7.299
2026-09-28T05:17:09.654Z	spark2	KV_READY	12.984	4.104
2026-09-28T05:17:09.767Z	spark1	KV_READY	12.700	7.299
2026-09-28T05:17:09.905Z	spark2	KV_READY	12.969	4.104
2026-09-28T05:17:10.029Z	spark1	KV_READY	12.675	7.299
2026-09-28T05:17:10.156Z	spark2	KV_READY	12.984	4.104
2026-09-28T05:17:10.280Z	spark1	KV_READY	12.675	7.299
2026-09-28T05:17:10.406Z	spark2	KV_READY	12.992	4.104
2026-09-28T05:17:10.531Z	spark1	KV_READY	12.675	7.299
2026-09-28T05:17:10.674Z	spark2	KV_READY	12.995	4.104
2026-09-28T05:17:10.781Z	spark1	KV_READY	12.683	7.299
2026-09-28T05:17:10.925Z	spark2	KV_READY	12.995	4.104
2026-09-28T05:17:11.048Z	spark1	KV_READY	12.691	7.299
2026-09-28T05:17:11.175Z	spark2	KV_READY	13.002	4.104
2026-09-28T05:17:11.299Z	spark1	KV_READY	12.697	7.299
2026-09-28T05:17:11.426Z	spark2	KV_READY	13.013	4.104
2026-09-28T05:17:11.549Z	spark1	KV_READY	12.693	7.299
2026-09-28T05:17:11.695Z	spark2	KV_READY	13.016	4.104
2026-09-28T05:17:11.799Z	spark1	KV_READY	12.659	7.299
2026-09-28T05:17:11.945Z	spark2	KV_READY	12.972	4.103
2026-09-28T05:17:12.062Z	spark1	KV_READY	12.672	7.299
2026-09-28T05:17:12.196Z	spark2	KV_READY	12.972	4.103
2026-09-28T05:17:12.312Z	spark1	KV_READY	12.676	7.299
2026-09-28T05:17:12.446Z	spark2	KV_READY	12.972	4.103
2026-09-28T05:17:12.563Z	spark1	KV_READY	12.676	7.299
2026-09-28T05:17:12.711Z	spark2	KV_READY	12.981	4.103
2026-09-28T05:17:12.813Z	spark1	KV_READY	12.676	7.299
2026-09-28T05:17:12.961Z	spark2	KV_READY	12.973	4.103
2026-09-28T05:17:13.075Z	spark1	KV_READY	12.681	7.299
2026-09-28T05:17:13.212Z	spark2	KV_READY	12.965	4.103
2026-09-28T05:17:13.326Z	spark1	KV_READY	12.681	7.299
2026-09-28T05:17:13.462Z	spark2	KV_READY	12.970	4.103
2026-09-28T05:17:13.577Z	spark1	KV_READY	12.681	7.299
2026-09-28T05:17:13.724Z	spark2	KV_READY	12.977	4.103
2026-09-28T05:17:13.828Z	spark1	KV_READY	12.681	7.299
2026-09-28T05:17:13.974Z	spark2	KV_READY	12.979	4.103
2026-09-28T05:17:14.102Z	spark1	KV_READY	12.695	7.299
2026-09-28T05:17:14.225Z	spark2	KV_READY	12.975	4.103
2026-09-28T05:17:14.352Z	spark1	KV_READY	12.684	7.299
2026-09-28T05:17:14.475Z	spark2	KV_READY	12.975	4.103
2026-09-28T05:17:14.603Z	spark1	KV_READY	12.684	7.299
2026-09-28T05:17:14.745Z	spark2	KV_READY	12.977	4.103
2026-09-28T05:17:14.853Z	spark1	KV_READY	12.679	7.298
2026-09-28T05:17:14.995Z	spark2	KV_READY	12.980	4.103
2026-09-28T05:17:15.115Z	spark1	KV_READY	12.681	7.298
2026-09-28T05:17:15.245Z	spark2	KV_READY	12.999	4.103
2026-09-28T05:17:15.366Z	spark1	KV_READY	12.681	7.298
2026-09-28T05:17:15.496Z	spark2	KV_READY	13.015	4.103
2026-09-28T05:17:15.617Z	spark1	KV_READY	12.681	7.298
2026-09-28T05:17:15.760Z	spark2	KV_READY	13.013	4.103
2026-09-28T05:17:15.867Z	spark1	KV_READY	12.681	7.298
2026-09-28T05:17:16.011Z	spark2	KV_READY	13.015	4.103
2026-09-28T05:17:16.135Z	spark1	KV_READY	12.705	7.298
2026-09-28T05:17:16.262Z	spark2	KV_READY	13.010	4.103
2026-09-28T05:17:16.386Z	spark1	KV_READY	12.689	7.298
2026-09-28T05:17:16.512Z	spark2	KV_READY	13.010	4.103
2026-09-28T05:17:16.636Z	spark1	KV_READY	12.683	7.298
2026-09-28T05:17:16.778Z	spark2	KV_READY	12.991	4.103
2026-09-28T05:17:16.887Z	spark1	KV_READY	12.692	7.298
2026-09-28T05:17:17.028Z	spark2	KV_READY	12.994	4.103
2026-09-28T05:17:17.153Z	spark1	KV_READY	12.678	7.298
2026-09-28T05:17:17.278Z	spark2	KV_READY	12.973	4.103
2026-09-28T05:17:17.404Z	spark1	KV_READY	12.671	7.298
2026-09-28T05:17:17.528Z	spark2	KV_READY	12.988	4.103
2026-09-28T05:17:17.655Z	spark1	KV_READY	12.673	7.298
2026-09-28T05:17:17.793Z	spark2	KV_READY	12.981	4.103
2026-09-28T05:17:17.906Z	spark1	KV_READY	12.670	7.298
2026-09-28T05:17:18.044Z	spark2	KV_READY	13.007	4.103
2026-09-28T05:17:18.178Z	spark1	KV_READY	12.673	7.298
2026-09-28T05:17:18.294Z	spark2	KV_READY	13.009	4.103
2026-09-28T05:17:18.429Z	spark1	KV_READY	12.682	7.298
2026-09-28T05:17:18.544Z	spark2	KV_READY	13.010	4.103
2026-09-28T05:17:18.679Z	spark1	KV_READY	12.681	7.298
2026-09-28T05:17:18.804Z	spark2	KV_READY	13.010	4.103
2026-09-28T05:17:18.929Z	spark1	KV_READY	12.690	7.298
2026-09-28T05:17:19.055Z	spark2	KV_READY	13.021	4.103
2026-09-28T05:17:19.195Z	spark1	KV_READY	12.691	7.298
2026-09-28T05:17:19.306Z	spark2	KV_READY	13.028	4.103
2026-09-28T05:17:19.446Z	spark1	KV_READY	12.667	7.298
2026-09-28T05:17:19.557Z	spark2	KV_READY	13.024	4.103
2026-09-28T05:17:19.696Z	spark1	KV_READY	12.663	7.298
2026-09-28T05:17:19.818Z	spark2	KV_READY	13.021	4.103
2026-09-28T05:17:19.946Z	spark1	KV_READY	12.669	7.298
2026-09-28T05:17:20.068Z	spark2	KV_READY	13.010	4.103
2026-09-28T05:17:20.213Z	spark1	KV_READY	12.672	7.298
2026-09-28T05:17:20.319Z	spark2	KV_READY	13.023	4.103
2026-09-28T05:17:20.463Z	spark1	KV_READY	12.676	7.298
2026-09-28T05:17:20.569Z	spark2	KV_READY	13.010	4.103
2026-09-28T05:17:20.714Z	spark1	KV_READY	12.677	7.298
2026-09-28T05:17:20.844Z	spark2	KV_READY	13.033	4.103
2026-09-28T05:17:20.964Z	spark1	KV_READY	12.685	7.298
2026-09-28T05:17:21.095Z	spark2	KV_READY	13.028	4.103
2026-09-28T05:17:21.226Z	spark1	KV_READY	12.688	7.298
2026-09-28T05:17:21.345Z	spark2	KV_READY	13.034	4.103
2026-09-28T05:17:21.477Z	spark1	KV_READY	12.690	7.298
2026-09-28T05:17:21.596Z	spark2	KV_READY	13.017	4.103
2026-09-28T05:17:21.727Z	spark1	KV_READY	12.690	7.298
2026-09-28T05:17:21.861Z	spark2	KV_READY	13.023	4.103
2026-09-28T05:17:21.978Z	spark1	KV_READY	12.694	7.298
2026-09-28T05:17:22.111Z	spark2	KV_READY	13.035	4.103
2026-09-28T05:17:22.244Z	spark1	KV_READY	12.675	7.298
2026-09-28T05:17:22.363Z	spark2	KV_READY	13.031	4.103
2026-09-28T05:17:22.495Z	spark1	KV_READY	12.696	7.298
2026-09-28T05:17:22.611Z	spark2	KV_READY	13.021	4.103
2026-09-28T05:17:22.746Z	spark1	KV_READY	12.688	7.298
2026-09-28T05:17:22.876Z	spark2	KV_READY	13.007	4.103
2026-09-28T05:17:22.996Z	spark1	KV_READY	12.668	7.298
2026-09-28T05:17:23.128Z	spark2	KV_READY	12.976	4.103
2026-09-28T05:17:23.257Z	spark1	KV_READY	12.664	7.298
2026-09-28T05:17:23.378Z	spark2	KV_READY	12.973	4.103
2026-09-28T05:17:23.507Z	spark1	KV_READY	12.663	7.298
2026-09-28T05:17:23.629Z	spark2	KV_READY	12.949	4.103
2026-09-28T05:17:23.758Z	spark1	KV_READY	12.657	7.298
2026-09-28T05:17:23.897Z	spark2	KV_READY	12.950	4.103
2026-09-28T05:17:24.009Z	spark1	KV_READY	12.674	7.298
2026-09-28T05:17:24.147Z	spark2	KV_READY	12.933	4.103
2026-09-28T05:17:24.282Z	spark1	KV_READY	12.644	7.298
2026-09-28T05:17:24.397Z	spark2	KV_READY	12.955	4.103
2026-09-28T05:17:24.532Z	spark1	KV_READY	12.655	7.298
2026-09-28T05:17:24.648Z	spark2	KV_READY	12.959	4.103
2026-09-28T05:17:24.783Z	spark1	KV_READY	12.657	7.298
2026-09-28T05:17:24.916Z	spark2	KV_READY	12.961	4.103
2026-09-28T05:17:25.033Z	spark1	KV_READY	12.634	7.298
2026-09-28T05:17:25.166Z	spark2	KV_READY	12.954	4.103
2026-09-28T05:17:25.296Z	spark1	KV_READY	12.651	7.298
2026-09-28T05:17:25.417Z	spark2	KV_READY	12.943	4.103
2026-09-28T05:17:25.545Z	spark1	KV_READY	12.648	7.298
2026-09-28T05:17:25.668Z	spark2	KV_READY	12.956	4.103
2026-09-28T05:17:25.796Z	spark1	KV_READY	12.653	7.298
2026-09-28T05:17:25.933Z	spark2	KV_READY	12.951	4.103
2026-09-28T05:17:26.047Z	spark1	KV_READY	12.656	7.298
2026-09-28T05:17:26.183Z	spark2	KV_READY	12.959	4.103
2026-09-28T05:17:26.308Z	spark1	KV_READY	12.657	7.298
2026-09-28T05:17:26.435Z	spark2	KV_READY	12.967	4.103
2026-09-28T05:17:26.558Z	spark1	KV_READY	12.657	7.298
2026-09-28T05:17:26.685Z	spark2	KV_READY	12.961	4.103
2026-09-28T05:17:26.809Z	spark1	KV_READY	12.656	7.298
2026-09-28T05:17:26.946Z	spark2	KV_READY	12.955	4.103
2026-09-28T05:17:27.059Z	spark1	KV_READY	12.646	7.298
2026-09-28T05:17:27.197Z	spark2	KV_READY	12.958	4.103
2026-09-28T05:17:27.322Z	spark1	KV_READY	12.657	7.298
2026-09-28T05:17:27.447Z	spark2	KV_READY	12.958	4.103
2026-09-28T05:17:27.572Z	spark1	KV_READY	12.667	7.298
2026-09-28T05:17:27.698Z	spark2	KV_READY	12.962	4.103
2026-09-28T05:17:27.823Z	spark1	KV_READY	12.668	7.298
2026-09-28T05:17:27.959Z	spark2	KV_READY	12.964	4.103
2026-09-28T05:17:28.073Z	spark1	KV_READY	12.670	7.298
2026-09-28T05:17:28.209Z	spark2	KV_READY	12.967	4.103
2026-09-28T05:17:28.340Z	spark1	KV_READY	12.673	7.298
2026-09-28T05:17:28.460Z	spark2	KV_READY	12.969	4.103
2026-09-28T05:17:28.590Z	spark1	KV_READY	12.684	7.298
2026-09-28T05:17:28.710Z	spark2	KV_READY	12.954	4.103
2026-09-28T05:17:28.840Z	spark1	KV_READY	12.674	7.298
2026-09-28T05:17:28.971Z	spark2	KV_READY	12.937	4.103
2026-09-28T05:17:29.091Z	spark1	KV_READY	12.660	7.298
2026-09-28T05:17:29.221Z	spark2	KV_READY	12.938	4.103
2026-09-28T05:17:29.365Z	spark1	KV_READY	12.659	7.298
2026-09-28T05:17:29.471Z	spark2	KV_READY	12.938	4.103
2026-09-28T05:17:29.615Z	spark1	KV_READY	12.662	7.298
2026-09-28T05:17:29.721Z	spark2	KV_READY	12.937	4.103
2026-09-28T05:17:29.866Z	spark1	KV_READY	12.638	7.298
2026-09-28T05:17:29.983Z	spark2	KV_READY	12.941	4.103
2026-09-28T05:17:30.117Z	spark1	KV_READY	12.742	7.298
2026-09-28T05:17:30.233Z	spark2	KV_READY	12.411	4.103
2026-09-28T05:17:30.379Z	spark1	KV_READY	12.694	7.298
2026-09-28T05:17:30.483Z	spark2	KV_READY	12.151	4.103
2026-09-28T05:17:30.629Z	spark1	KV_READY	12.599	7.298
2026-09-28T05:17:30.734Z	spark2	KV_READY	11.814	4.103
2026-09-28T05:17:30.880Z	spark1	KV_READY	12.598	7.298
2026-09-28T05:17:31.000Z	spark2	KV_READY	11.763	4.103
2026-09-28T05:17:31.130Z	spark1	KV_READY	12.575	7.298
2026-09-28T05:17:31.250Z	spark2	KV_READY	11.804	4.103
2026-09-28T05:17:31.397Z	spark1	KV_READY	12.527	7.298
2026-09-28T05:17:31.501Z	spark2	KV_READY	11.833	4.103
2026-09-28T05:17:31.647Z	spark1	KV_READY	12.470	7.298
2026-09-28T05:17:31.751Z	spark2	KV_READY	11.813	4.103
2026-09-28T05:17:31.897Z	spark1	KV_READY	12.368	7.298
2026-09-28T05:17:32.016Z	spark2	KV_READY	11.768	4.103
2026-09-28T05:17:32.147Z	spark1	KV_READY	12.228	7.298
2026-09-28T05:17:32.267Z	spark2	KV_READY	11.713	4.103
2026-09-28T05:17:32.420Z	spark1	KV_READY	11.750	7.298
2026-09-28T05:17:32.517Z	spark2	KV_READY	11.578	4.103
2026-09-28T05:17:32.670Z	spark1	KV_READY	11.650	7.298
2026-09-28T05:17:32.767Z	spark2	KV_READY	11.638	4.103
2026-09-28T05:17:32.920Z	spark1	KV_READY	11.538	7.298
2026-09-28T05:17:33.027Z	spark2	KV_READY	11.653	4.103
2026-09-28T05:17:33.170Z	spark1	KV_READY	11.438	7.298
2026-09-28T05:17:33.277Z	spark2	KV_READY	11.661	4.103
2026-09-28T05:17:33.438Z	spark1	KV_READY	11.356	7.298
2026-09-28T05:17:33.527Z	spark2	KV_READY	11.666	4.103
2026-09-28T05:17:33.688Z	spark1	KV_READY	11.189	7.298
2026-09-28T05:17:33.778Z	spark2	KV_READY	11.702	4.103
2026-09-28T05:17:33.938Z	spark1	KV_READY	11.196	7.298
2026-09-28T05:17:34.044Z	spark2	KV_READY	11.705	4.103
2026-09-28T05:17:34.189Z	spark1	KV_READY	11.197	7.298
2026-09-28T05:17:34.294Z	spark2	KV_READY	11.706	4.103
2026-09-28T05:17:34.452Z	spark1	KV_READY	11.199	7.298
2026-09-28T05:17:34.545Z	spark2	KV_READY	11.706	4.103
2026-09-28T05:17:34.702Z	spark1	KV_READY	11.154	7.298
2026-09-28T05:17:34.796Z	spark2	KV_READY	11.687	4.103
2026-09-28T05:17:34.953Z	spark1	KV_READY	11.137	7.298
2026-09-28T05:17:35.061Z	spark2	KV_READY	11.699	4.103
2026-09-28T05:17:35.203Z	spark1	KV_READY	11.130	7.298
2026-09-28T05:17:35.312Z	spark2	KV_READY	11.695	4.103
2026-09-28T05:17:35.466Z	spark1	KV_READY	11.115	7.298
2026-09-28T05:17:35.562Z	spark2	KV_READY	11.695	4.103
2026-09-28T05:17:35.716Z	spark1	KV_READY	11.092	7.298
2026-09-28T05:17:35.813Z	spark2	KV_READY	11.703	4.103
2026-09-28T05:17:35.966Z	spark1	KV_READY	11.131	7.298
2026-09-28T05:17:36.073Z	spark2	KV_READY	11.707	4.103
2026-09-28T05:17:36.216Z	spark1	KV_READY	11.144	7.298
2026-09-28T05:17:36.324Z	spark2	KV_READY	11.719	4.103
2026-09-28T05:17:36.479Z	spark1	KV_READY	11.091	7.298
2026-09-28T05:17:36.574Z	spark2	KV_READY	11.719	4.103
2026-09-28T05:17:36.729Z	spark1	KV_READY	11.084	7.298
2026-09-28T05:17:36.825Z	spark2	KV_READY	11.716	4.103
2026-09-28T05:17:36.980Z	spark1	KV_READY	11.089	7.298
2026-09-28T05:17:37.085Z	spark2	KV_READY	11.687	4.103
2026-09-28T05:17:37.230Z	spark1	KV_READY	11.110	7.298
2026-09-28T05:17:37.336Z	spark2	KV_READY	11.802	4.103
2026-09-28T05:17:37.497Z	spark1	KV_READY	11.118	7.298
2026-09-28T05:17:37.587Z	spark2	KV_READY	11.802	4.103
2026-09-28T05:17:37.748Z	spark1	KV_READY	11.117	7.298
2026-09-28T05:17:37.838Z	spark2	KV_READY	11.802	4.103
2026-09-28T05:17:37.999Z	spark1	KV_READY	11.132	7.298
2026-09-28T05:17:38.097Z	spark2	KV_READY	11.811	4.103
2026-09-28T05:17:38.249Z	spark1	KV_READY	11.154	7.298
2026-09-28T05:17:38.348Z	spark2	KV_READY	11.822	4.103
2026-09-28T05:17:38.510Z	spark1	KV_READY	11.158	7.298
2026-09-28T05:17:38.599Z	spark2	KV_READY	11.825	4.103
2026-09-28T05:17:38.761Z	spark1	KV_READY	11.128	7.298
2026-09-28T05:17:38.849Z	spark2	KV_READY	11.825	4.103
2026-09-28T05:17:39.011Z	spark1	KV_READY	11.273	7.298
2026-09-28T05:17:39.110Z	spark2	KV_READY	11.836	4.103
2026-09-28T05:17:39.262Z	spark1	KV_READY	11.718	7.298
2026-09-28T05:17:39.360Z	spark2	KV_READY	12.246	4.103
2026-09-28T05:17:39.528Z	spark1	KV_READY	11.695	7.298
2026-09-28T05:17:39.611Z	spark2	KV_READY	12.204	4.103
2026-09-28T05:17:39.779Z	spark1	KV_READY	11.628	7.298
2026-09-28T05:17:39.862Z	spark2	KV_READY	12.069	4.103
2026-09-28T05:17:40.029Z	spark1	KV_READY	11.501	7.298
2026-09-28T05:17:40.122Z	spark2	KV_READY	12.002	4.103
2026-09-28T05:17:40.279Z	spark1	KV_READY	11.525	7.298
2026-09-28T05:17:40.373Z	spark2	KV_READY	12.009	4.103
2026-09-28T05:17:40.547Z	spark1	KV_READY	11.503	7.298
2026-09-28T05:17:40.624Z	spark2	KV_READY	11.906	4.103
2026-09-28T05:17:40.797Z	spark1	KV_READY	11.450	7.298
2026-09-28T05:17:40.874Z	spark2	KV_READY	11.791	4.103
2026-09-28T05:17:41.047Z	spark1	KV_READY	11.489	7.298
2026-09-28T05:17:41.139Z	spark2	KV_READY	11.879	4.103
2026-09-28T05:17:41.298Z	spark1	KV_READY	11.511	7.298
2026-09-28T05:17:41.389Z	spark2	KV_READY	11.880	4.103
2026-09-28T05:17:41.564Z	spark1	KV_READY	11.510	7.298
2026-09-28T05:17:41.640Z	spark2	KV_READY	11.880	4.103
2026-09-28T05:17:41.815Z	spark1	KV_READY	11.510	7.298
2026-09-28T05:17:41.890Z	spark2	KV_READY	11.891	4.103
2026-09-28T05:17:42.066Z	spark1	KV_READY	11.541	7.298
2026-09-28T05:17:42.155Z	spark2	KV_READY	11.894	4.103
2026-09-28T05:17:42.316Z	spark1	KV_READY	11.546	7.298
2026-09-28T05:17:42.406Z	spark2	KV_READY	11.894	4.103
2026-09-28T05:17:42.582Z	spark1	KV_READY	11.545	7.298
2026-09-28T05:17:42.655Z	spark2	KV_READY	11.894	4.103
2026-09-28T05:17:42.832Z	spark1	KV_READY	11.545	7.298
2026-09-28T05:17:42.907Z	spark2	KV_READY	11.901	4.103
2026-09-28T05:17:43.083Z	spark1	KV_READY	11.579	7.298
2026-09-28T05:17:43.173Z	spark2	KV_READY	11.914	4.103
2026-09-28T05:17:43.333Z	spark1	KV_READY	11.593	7.298
2026-09-28T05:17:43.423Z	spark2	KV_READY	11.916	4.103
2026-09-28T05:17:43.595Z	spark1	KV_READY	11.587	7.298
2026-09-28T05:17:43.673Z	spark2	KV_READY	11.916	4.103
2026-09-28T05:17:43.845Z	spark1	KV_READY	11.587	7.298
2026-09-28T05:17:43.924Z	spark2	KV_READY	11.917	4.103
2026-09-28T05:17:44.095Z	spark1	KV_READY	11.641	7.297
2026-09-28T05:17:44.189Z	spark2	KV_READY	11.936	4.103
2026-09-28T05:17:44.346Z	spark1	KV_READY	11.633	7.297
2026-09-28T05:17:44.440Z	spark2	KV_READY	11.940	4.103
2026-09-28T05:17:44.609Z	spark1	KV_READY	11.633	7.297
2026-09-28T05:17:44.689Z	spark2	KV_READY	11.945	4.103
2026-09-28T05:17:44.859Z	spark1	KV_READY	11.640	7.297
2026-09-28T05:17:44.941Z	spark2	KV_READY	11.955	4.103
2026-09-28T05:17:45.109Z	spark1	KV_READY	11.669	7.297
2026-09-28T05:17:45.205Z	spark2	KV_READY	11.958	4.103
2026-09-28T05:17:45.359Z	spark1	KV_READY	11.685	7.297
2026-09-28T05:17:45.456Z	spark2	KV_READY	11.961	4.103
2026-09-28T05:17:45.626Z	spark1	KV_READY	11.631	7.297
2026-09-28T05:17:45.707Z	spark2	KV_READY	11.819	4.103
2026-09-28T05:17:45.877Z	spark1	KV_READY	11.531	7.297
2026-09-28T05:17:45.957Z	spark2	KV_READY	11.827	4.103
2026-09-28T05:17:46.127Z	spark1	KV_READY	11.585	7.297
2026-09-28T05:17:46.218Z	spark2	KV_READY	11.833	4.103
2026-09-28T05:17:46.378Z	spark1	KV_READY	11.589	7.297
2026-09-28T05:17:46.468Z	spark2	KV_READY	11.839	4.103
2026-09-28T05:17:46.640Z	spark1	KV_READY	11.552	7.297
2026-09-28T05:17:46.719Z	spark2	KV_READY	11.804	4.103
2026-09-28T05:17:46.890Z	spark1	KV_READY	11.570	7.297
2026-09-28T05:17:46.970Z	spark2	KV_READY	11.803	4.103
2026-09-28T05:17:47.141Z	spark1	KV_READY	11.597	7.297
2026-09-28T05:17:47.231Z	spark2	KV_READY	11.820	4.103
2026-09-28T05:17:47.391Z	spark1	KV_READY	11.606	7.297
2026-09-28T05:17:47.481Z	spark2	KV_READY	11.829	4.103
2026-09-28T05:17:47.654Z	spark1	KV_READY	11.617	7.297
2026-09-28T05:17:47.731Z	spark2	KV_READY	11.829	4.103
2026-09-28T05:17:47.905Z	spark1	KV_READY	11.617	7.297
2026-09-28T05:17:47.982Z	spark2	KV_READY	11.839	4.103
2026-09-28T05:17:48.155Z	spark1	KV_READY	11.652	7.297
2026-09-28T05:17:48.243Z	spark2	KV_READY	11.850	4.103
2026-09-28T05:17:48.406Z	spark1	KV_READY	11.683	7.297
2026-09-28T05:17:48.493Z	spark2	KV_READY	11.850	4.103
2026-09-28T05:17:48.667Z	spark1	KV_READY	11.684	7.297
2026-09-28T05:17:48.743Z	spark2	KV_READY	11.857	4.103
2026-09-28T05:17:48.917Z	spark1	KV_READY	11.714	7.297
2026-09-28T05:17:48.994Z	spark2	KV_READY	11.858	4.103
2026-09-28T05:17:49.168Z	spark1	KV_READY	11.730	7.297
2026-09-28T05:17:49.255Z	spark2	KV_READY	11.875	4.103
2026-09-28T05:17:49.418Z	spark1	KV_READY	11.730	7.297
2026-09-28T05:17:49.506Z	spark2	KV_READY	11.875	4.103
2026-09-28T05:17:49.681Z	spark1	KV_READY	11.730	7.297
2026-09-28T05:17:49.756Z	spark2	KV_READY	11.875	4.103
2026-09-28T05:17:49.932Z	spark1	KV_READY	11.748	7.297
2026-09-28T05:17:50.007Z	spark2	KV_READY	11.884	4.103
2026-09-28T05:17:50.182Z	spark1	KV_READY	11.773	7.297
2026-09-28T05:17:50.267Z	spark2	KV_READY	11.899	4.103
2026-09-28T05:17:50.432Z	spark1	KV_READY	11.790	7.297
2026-09-28T05:17:50.518Z	spark2	KV_READY	11.907	4.103
2026-09-28T05:17:50.694Z	spark1	KV_READY	11.790	7.297
2026-09-28T05:17:50.768Z	spark2	KV_READY	11.907	4.103
2026-09-28T05:17:50.945Z	spark1	KV_READY	11.805	7.297
2026-09-28T05:17:51.019Z	spark2	KV_READY	11.907	4.103
2026-09-28T05:17:51.196Z	spark1	KV_READY	11.830	7.297
2026-09-28T05:17:51.280Z	spark2	KV_READY	11.922	4.103
2026-09-28T05:17:51.447Z	spark1	KV_READY	11.841	7.297
2026-09-28T05:17:51.531Z	spark2	KV_READY	11.930	4.103
2026-09-28T05:17:51.714Z	spark1	KV_READY	11.840	7.297
2026-09-28T05:17:51.781Z	spark2	KV_READY	11.930	4.103
2026-09-28T05:17:51.965Z	spark1	KV_READY	11.847	7.297
2026-09-28T05:17:52.032Z	spark2	KV_READY	11.930	4.103
2026-09-28T05:17:52.214Z	spark1	KV_READY	11.854	7.297
2026-09-28T05:17:52.292Z	spark2	KV_READY	11.930	4.103
2026-09-28T05:17:52.465Z	spark1	KV_READY	11.748	7.297
2026-09-28T05:17:52.543Z	spark2	KV_READY	11.930	4.103
2026-09-28T05:17:52.731Z	spark1	KV_READY	11.686	7.297
2026-09-28T05:17:52.792Z	spark2	KV_READY	11.930	4.103
2026-09-28T05:17:52.982Z	spark1	KV_READY	11.695	7.297
2026-09-28T05:17:53.043Z	spark2	KV_READY	11.965	4.103
2026-09-28T05:17:53.232Z	spark1	KV_READY	11.734	7.297
2026-09-28T05:17:53.308Z	spark2	KV_READY	11.951	4.103
2026-09-28T05:17:53.483Z	spark1	KV_READY	11.741	7.297
2026-09-28T05:17:53.559Z	spark2	KV_READY	11.972	4.103
2026-09-28T05:17:53.750Z	spark1	KV_READY	11.719	7.297
2026-09-28T05:17:53.809Z	spark2	KV_READY	11.951	4.103
2026-09-28T05:17:54.000Z	spark1	KV_READY	11.764	7.297
2026-09-28T05:17:54.060Z	spark2	KV_READY	11.968	4.103
2026-09-28T05:17:54.250Z	spark1	KV_READY	11.656	7.297
2026-09-28T05:17:54.321Z	spark2	KV_READY	11.889	4.103
2026-09-28T05:17:54.500Z	spark1	KV_READY	11.660	7.297
2026-09-28T05:17:54.571Z	spark2	KV_READY	11.886	4.103
2026-09-28T05:17:54.767Z	spark1	KV_READY	11.658	7.297
2026-09-28T05:17:54.822Z	spark2	KV_READY	11.912	4.103
2026-09-28T05:17:55.018Z	spark1	KV_READY	11.711	7.297
2026-09-28T05:17:55.072Z	spark2	KV_READY	11.849	4.102
2026-09-28T05:17:55.268Z	spark1	KV_READY	11.655	7.297
2026-09-28T05:17:55.333Z	spark2	KV_READY	11.823	4.102
2026-09-28T05:17:55.518Z	spark1	KV_READY	11.673	7.297
2026-09-28T05:17:55.583Z	spark2	KV_READY	11.816	4.102
2026-09-28T05:17:55.785Z	spark1	KV_READY	11.640	7.297
2026-09-28T05:17:55.834Z	spark2	KV_READY	11.837	4.102
2026-09-28T05:17:56.036Z	spark1	KV_READY	11.687	7.297
2026-09-28T05:17:56.085Z	spark2	KV_READY	11.808	4.102
2026-09-28T05:17:56.286Z	spark1	KV_READY	11.664	7.297
2026-09-28T05:17:56.345Z	spark2	KV_READY	11.813	4.102
2026-09-28T05:17:56.536Z	spark1	KV_READY	11.698	7.297
2026-09-28T05:17:56.595Z	spark2	KV_READY	11.817	4.102
2026-09-28T05:17:56.797Z	spark1	KV_READY	11.688	7.297
2026-09-28T05:17:56.845Z	spark2	KV_READY	11.817	4.102
2026-09-28T05:17:57.047Z	spark1	KV_READY	11.680	7.297
2026-09-28T05:17:57.096Z	spark2	KV_READY	11.820	4.102
2026-09-28T05:17:57.298Z	spark1	KV_READY	11.706	7.297
2026-09-28T05:17:57.356Z	spark2	KV_READY	11.820	4.102
2026-09-28T05:17:57.549Z	spark1	KV_READY	11.706	7.297
2026-09-28T05:17:57.607Z	spark2	KV_READY	11.820	4.102
2026-09-28T05:17:57.816Z	spark1	KV_READY	11.708	7.297
2026-09-28T05:17:57.858Z	spark2	KV_READY	11.827	4.102
2026-09-28T05:17:58.067Z	spark1	KV_READY	11.729	7.297
2026-09-28T05:17:58.108Z	spark2	KV_READY	11.829	4.102
2026-09-28T05:17:58.318Z	spark1	KV_READY	11.729	7.297
2026-09-28T05:17:58.373Z	spark2	KV_READY	11.828	4.102
2026-09-28T05:17:58.567Z	spark1	KV_READY	11.724	7.297
2026-09-28T05:17:58.623Z	spark2	KV_READY	11.828	4.102
2026-09-28T05:17:58.831Z	spark1	KV_READY	11.749	7.297
2026-09-28T05:17:58.875Z	spark2	KV_READY	11.840	4.102
2026-09-28T05:17:59.082Z	spark1	KV_READY	11.758	7.297
2026-09-28T05:17:59.125Z	spark2	KV_READY	11.843	4.102
2026-09-28T05:17:59.333Z	spark1	KV_READY	11.773	7.297
2026-09-28T05:17:59.387Z	spark2	KV_READY	11.845	4.102
2026-09-28T05:17:59.584Z	spark1	KV_READY	11.781	7.297
2026-09-28T05:17:59.637Z	spark2	KV_READY	11.845	4.102
2026-09-28T05:17:59.851Z	spark1	KV_READY	11.789	7.297
2026-09-28T05:17:59.889Z	spark2	KV_READY	11.852	4.102
2026-09-28T05:18:00.102Z	spark1	KV_READY	11.800	7.297
2026-09-28T05:18:00.139Z	spark2	KV_READY	11.852	4.102
2026-09-28T05:18:00.352Z	spark1	KV_READY	11.807	7.297
2026-09-28T05:18:00.399Z	spark2	KV_READY	11.863	4.102
2026-09-28T05:18:00.602Z	spark1	KV_READY	11.807	7.297
2026-09-28T05:18:00.650Z	spark2	KV_READY	11.863	4.102
2026-09-28T05:18:00.869Z	spark1	KV_READY	11.826	7.297
2026-09-28T05:18:00.900Z	spark2	KV_READY	11.861	4.102
2026-09-28T05:18:01.120Z	spark1	KV_READY	11.847	7.297
2026-09-28T05:18:01.151Z	spark2	KV_READY	11.881	4.102
2026-09-28T05:18:01.371Z	spark1	KV_READY	11.709	7.297
2026-09-28T05:18:01.415Z	spark2	KV_READY	11.885	4.102
2026-09-28T05:18:01.621Z	spark1	KV_READY	11.640	7.297
2026-09-28T05:18:01.666Z	spark2	KV_READY	11.883	4.102
2026-09-28T05:18:01.888Z	spark1	KV_READY	11.657	7.297
2026-09-28T05:18:01.916Z	spark2	KV_READY	11.861	4.102
2026-09-28T05:18:02.139Z	spark1	KV_READY	11.668	7.297
2026-09-28T05:18:02.168Z	spark2	KV_READY	11.867	4.102
2026-09-28T05:18:02.390Z	spark1	KV_READY	11.686	7.297
2026-09-28T05:18:02.430Z	spark2	KV_READY	11.867	4.102
2026-09-28T05:18:02.641Z	spark1	KV_READY	11.651	7.296
2026-09-28T05:18:02.680Z	spark2	KV_READY	11.831	4.102
2026-09-28T05:18:02.908Z	spark1	KV_READY	11.676	7.296
2026-09-28T05:18:02.930Z	spark2	KV_READY	11.825	4.102
2026-09-28T05:18:03.159Z	spark1	KV_READY	11.674	7.296
2026-09-28T05:18:03.182Z	spark2	KV_READY	11.859	4.102
2026-09-28T05:18:03.409Z	spark1	KV_READY	11.683	7.296
2026-09-28T05:18:03.446Z	spark2	KV_READY	11.871	4.102
2026-09-28T05:18:03.660Z	spark1	KV_READY	11.657	7.296
2026-09-28T05:18:03.697Z	spark2	KV_READY	11.827	4.102
2026-09-28T05:18:03.923Z	spark1	KV_READY	11.664	7.296
2026-09-28T05:18:03.948Z	spark2	KV_READY	11.812	4.102
2026-09-28T05:18:04.174Z	spark1	KV_READY	11.668	7.296
2026-09-28T05:18:04.199Z	spark2	KV_READY	11.819	4.102
2026-09-28T05:18:04.424Z	spark1	KV_READY	11.666	7.296
2026-09-28T05:18:04.461Z	spark2	KV_READY	11.819	4.102
2026-09-28T05:18:04.674Z	spark1	KV_READY	11.625	7.296
2026-09-28T05:18:04.711Z	spark2	KV_READY	11.831	4.102
2026-09-28T05:18:04.941Z	spark1	KV_READY	11.643	7.296
2026-09-28T05:18:04.963Z	spark2	KV_READY	11.853	4.102
2026-09-28T05:18:05.191Z	spark1	KV_READY	12.111	7.296
2026-09-28T05:18:05.213Z	spark2	KV_READY	12.309	4.102
2026-09-28T05:18:05.442Z	spark1	KV_READY	12.083	7.296
2026-09-28T05:18:05.474Z	spark2	KV_READY	12.231	4.102
2026-09-28T05:18:05.692Z	spark1	KV_READY	12.031	7.296
2026-09-28T05:18:05.724Z	spark2	KV_READY	12.230	4.102
2026-09-28T05:18:05.954Z	spark1	KV_READY	12.083	7.296
2026-09-28T05:18:05.974Z	spark2	KV_READY	12.234	4.102
2026-09-28T05:18:06.204Z	spark1	KV_READY	12.078	7.296
2026-09-28T05:18:06.224Z	spark2	KV_READY	12.249	4.102
2026-09-28T05:18:06.455Z	spark1	KV_READY	12.055	7.296
2026-09-28T05:18:06.485Z	spark2	KV_READY	12.213	4.102
2026-09-28T05:18:06.705Z	spark1	KV_READY	12.040	7.296
2026-09-28T05:18:06.735Z	spark2	KV_READY	12.223	4.101
2026-09-28T05:18:06.971Z	spark1	KV_READY	12.080	7.296
2026-09-28T05:18:06.985Z	spark2	KV_READY	12.250	4.101
2026-09-28T05:18:07.222Z	spark1	KV_READY	11.925	7.296
2026-09-28T05:18:07.236Z	spark2	KV_READY	12.248	4.101
2026-09-28T05:18:07.472Z	spark1	KV_READY	11.818	7.296
2026-09-28T05:18:07.503Z	spark2	KV_READY	12.147	4.101
2026-09-28T05:18:07.722Z	spark1	KV_READY	11.705	7.296
2026-09-28T05:18:07.753Z	spark2	KV_READY	12.003	4.101
2026-09-28T05:18:07.991Z	spark1	KV_READY	11.710	7.296
2026-09-28T05:18:08.003Z	spark2	KV_READY	12.020	4.101
2026-09-28T05:18:08.242Z	spark1	KV_READY	11.634	7.296
2026-09-28T05:18:08.254Z	spark2	KV_READY	12.029	4.101
2026-09-28T05:18:08.492Z	spark1	KV_READY	11.557	7.296
2026-09-28T05:18:08.520Z	spark2	KV_READY	12.035	4.101
2026-09-28T05:18:08.743Z	spark1	KV_READY	11.457	7.296
2026-09-28T05:18:08.770Z	spark2	KV_READY	11.722	4.101
2026-09-28T05:18:09.010Z	spark1	KV_READY	11.171	7.296
2026-09-28T05:18:09.021Z	spark2	KV_READY	11.560	4.101
2026-09-28T05:18:09.260Z	spark1	KV_READY	10.872	7.296
2026-09-28T05:18:09.271Z	spark2	KV_READY	11.257	4.101
2026-09-28T05:18:09.511Z	spark1	KV_READY	10.588	7.296
2026-09-28T05:18:09.536Z	spark2	KV_READY	10.942	4.101
2026-09-28T05:18:09.761Z	spark1	KV_READY	10.260	7.296
2026-09-28T05:18:09.787Z	spark2	KV_READY	10.634	4.101
2026-09-28T05:18:10.024Z	spark1	KV_READY	10.038	7.296
2026-09-28T05:18:10.037Z	spark2	KV_READY	10.483	4.101
2026-09-28T05:18:10.274Z	spark1	KV_READY	10.032	7.296
2026-09-28T05:18:10.287Z	spark2	KV_READY	10.593	4.101
2026-09-28T05:18:10.525Z	spark1	KV_READY	10.258	7.296
2026-09-28T05:18:10.553Z	spark2	KV_READY	10.580	4.101
2026-09-28T05:18:10.775Z	spark1	KV_READY	10.343	7.296
2026-09-28T05:18:10.803Z	spark2	KV_READY	10.408	4.101
2026-09-28T05:18:11.038Z	spark1	KV_READY	10.216	7.296
2026-09-28T05:18:11.054Z	spark2	KV_READY	10.076	4.101
2026-09-28T05:18:11.288Z	spark1	KV_READY	9.911	7.296
2026-09-28T05:18:11.304Z	spark2	KV_READY	9.793	4.101
2026-09-28T05:18:11.539Z	spark1	KV_READY	9.653	7.296
2026-09-28T05:18:11.565Z	spark2	KV_READY	9.558	4.101
2026-09-28T05:18:11.789Z	spark1	KV_READY	9.527	7.296
2026-09-28T05:18:11.816Z	spark2	KV_READY	9.454	4.101
2026-09-28T05:18:12.057Z	spark1	KV_READY	9.474	7.296
2026-09-28T05:18:12.066Z	spark2	KV_READY	9.401	4.101
2026-09-28T05:18:12.308Z	spark1	KV_READY	9.458	7.296
2026-09-28T05:18:12.316Z	spark2	KV_READY	9.421	4.101
2026-09-28T05:18:12.559Z	spark1	KV_READY	9.438	7.296
2026-09-28T05:18:12.582Z	spark2	KV_READY	9.421	4.101
2026-09-28T05:18:12.809Z	spark1	KV_READY	9.438	7.296
2026-09-28T05:18:12.832Z	spark2	KV_READY	9.430	4.101
2026-09-28T05:18:13.076Z	spark1	KV_READY	9.468	7.296
2026-09-28T05:18:13.083Z	spark2	KV_READY	9.433	4.101
2026-09-28T05:18:13.326Z	spark1	KV_READY	9.468	7.296
2026-09-28T05:18:13.333Z	spark2	KV_READY	9.442	4.101
2026-09-28T05:18:13.577Z	spark1	KV_READY	9.476	7.296
2026-09-28T05:18:13.599Z	spark2	KV_READY	9.445	4.101
2026-09-28T05:18:13.827Z	spark1	KV_READY	9.476	7.296
2026-09-28T05:18:13.849Z	spark2	KV_READY	9.453	4.101
2026-09-28T05:18:14.095Z	spark1	KV_READY	9.500	7.296
2026-09-28T05:18:14.099Z	spark2	KV_READY	9.457	4.101
2026-09-28T05:18:14.346Z	spark1	KV_READY	9.508	7.296
2026-09-28T05:18:14.349Z	spark2	KV_READY	9.464	4.101
2026-09-28T05:18:14.596Z	spark1	KV_READY	9.523	7.296
2026-09-28T05:18:14.615Z	spark2	KV_READY	9.464	4.101
2026-09-28T05:18:14.846Z	spark1	KV_READY	9.523	7.296
2026-09-28T05:18:14.866Z	spark2	KV_READY	9.464	4.101
2026-09-28T05:18:15.109Z	spark1	KV_READY	9.549	7.296
2026-09-28T05:18:15.116Z	spark2	KV_READY	9.471	4.101
2026-09-28T05:18:15.359Z	spark1	KV_READY	9.549	7.296
2026-09-28T05:18:15.366Z	spark2	KV_READY	9.486	4.101
2026-09-28T05:18:15.610Z	spark1	KV_READY	9.549	7.296
2026-09-28T05:18:15.632Z	spark2	KV_READY	9.495	4.101
2026-09-28T05:18:15.860Z	spark1	KV_READY	9.549	7.296
2026-09-28T05:18:15.882Z	spark2	KV_READY	9.495	4.101
2026-09-28T05:18:16.128Z	spark1	KV_READY	10.092	7.296
2026-09-28T05:18:16.132Z	spark2	KV_READY	9.501	4.101
2026-09-28T05:18:16.378Z	spark1	KV_READY	10.217	7.296
2026-09-28T05:18:16.383Z	spark2	KV_READY	9.501	4.101
2026-09-28T05:18:16.629Z	spark1	KV_READY	10.225	7.296
2026-09-28T05:18:16.647Z	spark2	KV_READY	11.901	4.101
2026-09-28T05:18:16.879Z	spark1	KV_READY	10.226	7.296
2026-09-28T05:18:16.898Z	spark2	KV_READY	11.989	4.101
2026-09-28T05:18:17.140Z	spark1	KV_READY	10.244	7.296
2026-09-28T05:18:17.149Z	spark2	KV_READY	11.972	4.101
2026-09-28T05:18:17.390Z	spark1	KV_READY	10.245	7.296
2026-09-28T05:18:17.399Z	spark2	KV_READY	11.942	4.101
2026-09-28T05:18:17.641Z	spark1	KV_READY	10.245	7.296
2026-09-28T05:18:17.664Z	spark2	KV_READY	11.913	4.101
2026-09-28T05:18:17.891Z	spark1	KV_READY	10.255	7.296
2026-09-28T05:18:17.915Z	spark2	KV_READY	11.908	4.101
2026-09-28T05:18:18.153Z	spark1	KV_READY	10.284	7.296
2026-09-28T05:18:18.165Z	spark2	KV_READY	11.900	4.101
2026-09-28T05:18:18.404Z	spark1	KV_READY	10.284	7.296
2026-09-28T05:18:18.415Z	spark2	KV_READY	11.900	4.101
2026-09-28T05:18:18.654Z	spark1	KV_READY	10.280	7.296
2026-09-28T05:18:18.681Z	spark2	KV_READY	11.900	4.101
2026-09-28T05:18:18.904Z	spark1	KV_READY	10.410	7.296
2026-09-28T05:18:18.930Z	spark2	KV_READY	11.900	4.101
2026-09-28T05:18:19.172Z	spark1	KV_READY	10.293	7.296
2026-09-28T05:18:19.181Z	spark2	KV_READY	11.898	4.101
2026-09-28T05:18:19.423Z	spark1	KV_READY	10.200	7.296
2026-09-28T05:18:19.431Z	spark2	KV_READY	11.886	4.101
2026-09-28T05:18:19.673Z	spark1	KV_READY	10.138	7.296
2026-09-28T05:18:19.697Z	spark2	KV_READY	11.806	4.101
2026-09-28T05:18:19.924Z	spark1	KV_READY	10.086	7.296
2026-09-28T05:18:19.947Z	spark2	KV_READY	11.714	4.101
2026-09-28T05:18:20.191Z	spark1	KV_READY	10.075	7.296
2026-09-28T05:18:20.198Z	spark2	KV_READY	11.622	4.101
2026-09-28T05:18:20.441Z	spark1	KV_READY	10.070	7.296
2026-09-28T05:18:20.447Z	spark2	KV_READY	11.599	4.101
2026-09-28T05:18:20.692Z	spark1	KV_READY	10.055	7.296
2026-09-28T05:18:20.714Z	spark2	KV_READY	11.530	4.101
2026-09-28T05:18:20.942Z	spark1	KV_READY	10.041	7.296
2026-09-28T05:18:20.964Z	spark2	KV_READY	11.524	4.101
2026-09-28T05:18:21.204Z	spark1	KV_READY	10.213	7.296
2026-09-28T05:18:21.214Z	spark2	KV_READY	11.501	4.101
2026-09-28T05:18:21.455Z	spark1	KV_READY	10.214	7.296
2026-09-28T05:18:21.465Z	spark2	KV_READY	11.486	4.101
2026-09-28T05:18:21.705Z	spark1	KV_READY	10.122	7.296
2026-09-28T05:18:21.731Z	spark2	KV_READY	11.479	4.101
2026-09-28T05:18:21.955Z	spark1	KV_READY	10.120	7.296
2026-09-28T05:18:21.981Z	spark2	KV_READY	11.479	4.101
2026-09-28T05:18:22.218Z	spark1	KV_READY	10.129	7.296
2026-09-28T05:18:22.231Z	spark2	KV_READY	11.247	4.101
2026-09-28T05:18:22.468Z	spark1	KV_READY	10.126	7.296
2026-09-28T05:18:22.482Z	spark2	KV_READY	11.170	4.101
2026-09-28T05:18:22.719Z	spark1	KV_READY	10.134	7.296
2026-09-28T05:18:22.747Z	spark2	KV_READY	11.753	4.101
2026-09-28T05:18:22.969Z	spark1	KV_READY	10.150	7.296
2026-09-28T05:18:22.997Z	spark2	KV_READY	11.958	4.101
2026-09-28T05:18:23.236Z	spark1	KV_READY	10.139	7.296
2026-09-28T05:18:23.247Z	spark2	KV_READY	11.851	4.101
2026-09-28T05:18:23.487Z	spark1	KV_READY	10.151	7.296
2026-09-28T05:18:23.497Z	spark2	KV_READY	11.782	4.101
2026-09-28T05:18:23.737Z	spark1	KV_READY	10.151	7.296
2026-09-28T05:18:23.758Z	spark2	KV_READY	11.757	4.101
2026-09-28T05:18:23.987Z	spark1	KV_READY	10.156	7.296
2026-09-28T05:18:24.009Z	spark2	KV_READY	11.736	4.101
2026-09-28T05:18:24.255Z	spark1	KV_READY	10.180	7.296
2026-09-28T05:18:24.259Z	spark2	KV_READY	11.736	4.101
2026-09-28T05:18:24.505Z	spark1	KV_READY	10.187	7.296
2026-09-28T05:18:24.509Z	spark2	KV_READY	11.729	4.101
2026-09-28T05:18:24.756Z	spark1	KV_READY	10.187	7.296
2026-09-28T05:18:24.770Z	spark2	KV_READY	11.706	4.101
2026-09-28T05:18:25.006Z	spark1	KV_READY	10.191	7.296
2026-09-28T05:18:25.021Z	spark2	KV_READY	11.708	4.101
2026-09-28T05:18:25.271Z	spark2	KV_READY	11.703	4.101
2026-09-28T05:18:25.273Z	spark1	KV_READY	10.209	7.296
2026-09-28T05:18:25.522Z	spark2	KV_READY	11.683	4.101
2026-09-28T05:18:25.523Z	spark1	KV_READY	10.213	7.296
2026-09-28T05:18:25.774Z	spark1	KV_READY	10.213	7.296
2026-09-28T05:18:25.783Z	spark2	KV_READY	11.676	4.101
2026-09-28T05:18:26.024Z	spark1	KV_READY	10.219	7.296
2026-09-28T05:18:26.033Z	spark2	KV_READY	11.675	4.101
2026-09-28T05:18:26.283Z	spark2	KV_READY	11.674	4.101
2026-09-28T05:18:26.288Z	spark1	KV_READY	10.230	7.296
2026-09-28T05:18:26.533Z	spark2	KV_READY	11.675	4.101
2026-09-28T05:18:26.538Z	spark1	KV_READY	10.230	7.296
2026-09-28T05:18:26.789Z	spark1	KV_READY	10.230	7.296
2026-09-28T05:18:26.799Z	spark2	KV_READY	11.675	4.101
2026-09-28T05:18:27.039Z	spark1	KV_READY	10.238	7.296
2026-09-28T05:18:27.049Z	spark2	KV_READY	11.675	4.101
2026-09-28T05:18:27.299Z	spark2	KV_READY	11.675	4.101
2026-09-28T05:18:27.302Z	spark1	KV_READY	10.255	7.296
2026-09-28T05:18:27.550Z	spark2	KV_READY	11.690	4.101
2026-09-28T05:18:27.552Z	spark1	KV_READY	10.249	7.296
2026-09-28T05:18:27.802Z	spark1	KV_READY	10.246	7.296
2026-09-28T05:18:27.814Z	spark2	KV_READY	11.692	4.101
2026-09-28T05:18:28.052Z	spark1	KV_READY	10.457	7.296
2026-09-28T05:18:28.064Z	spark2	KV_READY	11.692	4.101
2026-09-28T05:18:28.315Z	spark2	KV_READY	12.451	4.101
2026-09-28T05:18:28.315Z	spark1	KV_READY	10.456	7.296
2026-09-28T05:18:28.565Z	spark2	KV_READY	12.298	4.101
2026-09-28T05:18:28.566Z	spark1	KV_READY	10.463	7.296
2026-09-28T05:18:28.816Z	spark1	KV_READY	10.471	7.296
2026-09-28T05:18:28.825Z	spark2	KV_READY	12.167	4.101
2026-09-28T05:18:29.066Z	spark1	KV_READY	10.482	7.296
2026-09-28T05:18:29.076Z	spark2	KV_READY	12.134	4.101
2026-09-28T05:18:29.327Z	spark2	KV_READY	12.315	4.101
2026-09-28T05:18:29.334Z	spark1	KV_READY	10.499	7.296
2026-09-28T05:18:29.576Z	spark2	KV_READY	12.319	4.101
2026-09-28T05:18:29.585Z	spark1	KV_READY	10.525	7.296
2026-09-28T05:18:29.835Z	spark1	KV_READY	10.525	7.296
2026-09-28T05:18:29.838Z	spark2	KV_READY	12.316	4.101
2026-09-28T05:18:30.086Z	spark1	KV_READY	12.578	7.296
2026-09-28T05:18:30.088Z	spark2	KV_READY	12.324	4.101
2026-09-28T05:18:30.339Z	spark2	KV_READY	12.328	4.101
2026-09-28T05:18:30.354Z	spark1	KV_READY	12.614	7.296
2026-09-28T05:18:30.590Z	spark2	KV_READY	12.336	4.101
2026-09-28T05:18:30.604Z	spark1	KV_READY	12.484	7.296
2026-09-28T05:18:30.854Z	spark2	KV_READY	12.332	4.101
2026-09-28T05:18:30.855Z	spark1	KV_READY	12.396	7.296
2026-09-28T05:18:31.104Z	spark2	KV_READY	12.336	4.101
2026-09-28T05:18:31.105Z	spark1	KV_READY	12.384	7.296
2026-09-28T05:18:31.354Z	spark2	KV_READY	12.347	4.101
2026-09-28T05:18:31.372Z	spark1	KV_READY	12.383	7.296
2026-09-28T05:18:31.605Z	spark2	KV_READY	12.353	4.101
2026-09-28T05:18:31.623Z	spark1	KV_READY	12.352	7.296
2026-09-28T05:18:31.871Z	spark2	KV_READY	12.354	4.101
2026-09-28T05:18:31.873Z	spark1	KV_READY	12.348	7.296
2026-09-28T05:18:32.122Z	spark2	KV_READY	12.355	4.101
2026-09-28T05:18:32.124Z	spark1	KV_READY	12.348	7.296
2026-09-28T05:18:32.372Z	spark2	KV_READY	12.347	4.101
2026-09-28T05:18:32.392Z	spark1	KV_READY	12.347	7.296
2026-09-28T05:18:32.623Z	spark2	KV_READY	12.347	4.101
2026-09-28T05:18:32.642Z	spark1	KV_READY	12.343	7.296
2026-09-28T05:18:32.888Z	spark2	KV_READY	12.355	4.101
2026-09-28T05:18:32.893Z	spark1	KV_READY	12.339	7.296
2026-09-28T05:18:33.138Z	spark2	KV_READY	12.361	4.101
2026-09-28T05:18:33.143Z	spark1	KV_READY	12.338	7.296
2026-09-28T05:18:33.390Z	spark2	KV_READY	12.376	4.101
2026-09-28T05:18:33.406Z	spark1	KV_READY	12.337	7.296
2026-09-28T05:18:33.640Z	spark2	KV_READY	12.376	4.101
2026-09-28T05:18:33.657Z	spark1	KV_READY	12.313	7.296
2026-09-28T05:18:33.901Z	spark2	KV_READY	12.375	4.101
2026-09-28T05:18:33.908Z	spark1	KV_READY	12.312	7.296
2026-09-28T05:18:34.151Z	spark2	KV_READY	12.378	4.101
2026-09-28T05:18:34.158Z	spark1	KV_READY	12.310	7.296
2026-09-28T05:18:34.402Z	spark2	KV_READY	12.385	4.101
2026-09-28T05:18:34.420Z	spark1	KV_READY	12.302	7.296
2026-09-28T05:18:34.652Z	spark2	KV_READY	12.385	4.101
2026-09-28T05:18:34.670Z	spark1	KV_READY	12.302	7.296
2026-09-28T05:18:34.913Z	spark2	KV_READY	12.384	4.101
2026-09-28T05:18:34.921Z	spark1	KV_READY	12.302	7.296
2026-09-28T05:18:35.164Z	spark2	KV_READY	12.389	4.101
2026-09-28T05:18:35.171Z	spark1	KV_READY	12.302	7.296
2026-09-28T05:18:35.414Z	spark2	KV_READY	12.402	4.101
2026-09-28T05:18:35.433Z	spark1	KV_READY	12.295	7.296
2026-09-28T05:18:35.665Z	spark2	KV_READY	12.403	4.101
2026-09-28T05:18:35.683Z	spark1	KV_READY	12.272	7.296
2026-09-28T05:18:35.929Z	spark2	KV_READY	12.403	4.101
2026-09-28T05:18:35.934Z	spark1	KV_READY	12.271	7.296
2026-09-28T05:18:36.179Z	spark2	KV_READY	12.362	4.101
2026-09-28T05:18:36.184Z	spark1	KV_READY	12.272	7.296
2026-09-28T05:18:36.430Z	spark2	KV_READY	12.366	4.101
2026-09-28T05:18:36.453Z	spark1	KV_READY	12.270	7.296
2026-09-28T05:18:36.680Z	spark2	KV_READY	12.567	4.101
2026-09-28T05:18:36.703Z	spark1	KV_READY	12.268	7.296
2026-09-28T05:18:36.940Z	spark2	KV_READY	12.544	4.101
2026-09-28T05:18:36.954Z	spark1	KV_READY	12.269	7.296
2026-09-28T05:18:37.191Z	spark2	KV_READY	12.447	4.101
2026-09-28T05:18:37.204Z	spark1	KV_READY	12.264	7.296
2026-09-28T05:18:37.442Z	spark2	KV_READY	12.402	4.101
2026-09-28T05:18:37.467Z	spark1	KV_READY	12.264	7.296
2026-09-28T05:18:37.693Z	spark2	KV_READY	12.348	4.101
2026-09-28T05:18:37.717Z	spark1	KV_READY	12.214	7.296
2026-09-28T05:18:37.958Z	spark2	KV_READY	12.283	4.101
2026-09-28T05:18:37.967Z	spark1	KV_READY	12.213	7.296
2026-09-28T05:18:38.209Z	spark2	KV_READY	12.243	4.101
2026-09-28T05:18:38.218Z	spark1	KV_READY	12.176	7.296
2026-09-28T05:18:38.460Z	spark2	KV_READY	12.221	4.101
2026-09-28T05:18:38.486Z	spark1	KV_READY	12.168	7.296
2026-09-28T05:18:38.710Z	spark2	KV_READY	12.214	4.101
2026-09-28T05:18:38.736Z	spark1	KV_READY	12.163	7.296
2026-09-28T05:18:38.975Z	spark2	KV_READY	12.209	4.101
2026-09-28T05:18:38.986Z	spark1	KV_READY	12.180	7.296
2026-09-28T05:18:39.225Z	spark2	KV_READY	12.223	4.101
2026-09-28T05:18:39.237Z	spark1	KV_READY	12.062	7.296
2026-09-28T05:18:39.476Z	spark2	KV_READY	12.218	4.101
2026-09-28T05:18:39.505Z	spark1	KV_READY	11.991	7.296
2026-09-28T05:18:39.726Z	spark2	KV_READY	12.219	4.101
2026-09-28T05:18:39.755Z	spark1	KV_READY	11.914	7.296
2026-09-28T05:18:39.988Z	spark2	KV_READY	12.219	4.101
2026-09-28T05:18:40.006Z	spark1	KV_READY	11.847	7.296
2026-09-28T05:18:40.239Z	spark2	KV_READY	12.230	4.101
2026-09-28T05:18:40.257Z	spark1	KV_READY	11.808	7.296
2026-09-28T05:18:40.489Z	spark2	KV_READY	12.231	4.101
2026-09-28T05:18:40.524Z	spark1	KV_READY	11.788	7.296
2026-09-28T05:18:40.739Z	spark2	KV_READY	12.231	4.101
2026-09-28T05:18:40.774Z	spark1	KV_READY	11.773	7.296
2026-09-28T05:18:41.000Z	spark2	KV_READY	12.231	4.101
2026-09-28T05:18:41.025Z	spark1	KV_READY	11.773	7.296
2026-09-28T05:18:41.250Z	spark2	KV_READY	12.231	4.101
2026-09-28T05:18:41.275Z	spark1	KV_READY	11.760	7.296
2026-09-28T05:18:41.502Z	spark2	KV_READY	12.231	4.101
2026-09-28T05:18:41.543Z	spark1	KV_READY	11.744	7.296
2026-09-28T05:18:41.752Z	spark2	KV_READY	12.231	4.101
2026-09-28T05:18:41.793Z	spark1	KV_READY	11.740	7.296
2026-09-28T05:18:42.013Z	spark2	KV_READY	12.383	4.101
2026-09-28T05:18:42.044Z	spark1	KV_READY	11.747	7.296
2026-09-28T05:18:42.263Z	spark2	KV_READY	12.492	4.101
2026-09-28T05:18:42.295Z	spark1	KV_READY	11.755	7.296
2026-09-28T05:18:42.514Z	spark2	KV_READY	12.478	4.101
2026-09-28T05:18:42.562Z	spark1	KV_READY	11.755	7.296
2026-09-28T05:18:42.764Z	spark2	KV_READY	12.454	4.101
2026-09-28T05:18:42.812Z	spark1	KV_READY	11.755	7.296
2026-09-28T05:18:43.024Z	spark2	KV_READY	12.463	4.101
2026-09-28T05:18:43.063Z	spark1	KV_READY	11.757	7.296
2026-09-28T05:18:43.274Z	spark2	KV_READY	12.465	4.101
2026-09-28T05:18:43.313Z	spark1	KV_READY	11.764	7.296
2026-09-28T05:18:43.525Z	spark2	KV_READY	12.465	4.101
2026-09-28T05:18:43.576Z	spark1	KV_READY	11.765	7.296
2026-09-28T05:18:43.775Z	spark2	KV_READY	12.473	4.101
2026-09-28T05:18:43.826Z	spark1	KV_READY	11.916	7.296
2026-09-28T05:18:44.034Z	spark2	KV_READY	12.476	4.101
2026-09-28T05:18:44.077Z	spark1	KV_READY	11.859	7.296
2026-09-28T05:18:44.284Z	spark2	KV_READY	12.487	4.101
2026-09-28T05:18:44.327Z	spark1	KV_READY	11.795	7.296
2026-09-28T05:18:44.535Z	spark2	KV_READY	12.486	4.101
2026-09-28T05:18:44.590Z	spark1	KV_READY	11.790	7.296
2026-09-28T05:18:44.785Z	spark2	KV_READY	12.492	4.101
2026-09-28T05:18:44.841Z	spark1	KV_READY	11.760	7.296
2026-09-28T05:18:45.048Z	spark2	KV_READY	12.500	4.101
2026-09-28T05:18:45.091Z	spark1	KV_READY	11.775	7.296
2026-09-28T05:18:45.299Z	spark2	KV_READY	12.499	4.101
2026-09-28T05:18:45.341Z	spark1	KV_READY	11.777	7.296
2026-09-28T05:18:45.550Z	spark2	KV_READY	12.499	4.101
2026-09-28T05:18:45.602Z	spark1	KV_READY	11.764	7.296
2026-09-28T05:18:45.800Z	spark2	KV_READY	12.494	4.101
2026-09-28T05:18:45.852Z	spark1	KV_READY	11.742	7.296
2026-09-28T05:18:46.065Z	spark2	KV_READY	12.476	4.101
2026-09-28T05:18:46.103Z	spark1	KV_READY	11.750	7.296
2026-09-28T05:18:46.315Z	spark2	KV_READY	12.426	4.101
2026-09-28T05:18:46.353Z	spark1	KV_READY	11.702	7.296
2026-09-28T05:18:46.566Z	spark2	KV_READY	12.395	4.101
2026-09-28T05:18:46.616Z	spark1	KV_READY	11.670	7.296
2026-09-28T05:18:46.816Z	spark2	KV_READY	12.419	4.101
2026-09-28T05:18:46.866Z	spark1	KV_READY	11.681	7.296
2026-09-28T05:18:47.082Z	spark2	KV_READY	12.438	4.101
2026-09-28T05:18:47.116Z	spark1	KV_READY	11.696	7.296
2026-09-28T05:18:47.333Z	spark2	KV_READY	12.448	4.101
2026-09-28T05:18:47.367Z	spark1	KV_READY	11.704	7.296
2026-09-28T05:18:47.583Z	spark2	KV_READY	12.449	4.101
2026-09-28T05:18:47.630Z	spark1	KV_READY	11.710	7.296
2026-09-28T05:18:47.833Z	spark2	KV_READY	12.401	4.101
2026-09-28T05:18:47.880Z	spark1	KV_READY	11.703	7.296
2026-09-28T05:18:48.102Z	spark2	KV_READY	12.430	4.101
2026-09-28T05:18:48.130Z	spark1	KV_READY	11.709	7.296
2026-09-28T05:18:48.352Z	spark2	KV_READY	12.476	4.101
2026-09-28T05:18:48.381Z	spark1	KV_READY	11.709	7.296
2026-09-28T05:18:48.603Z	spark2	KV_READY	12.483	4.101
2026-09-28T05:18:48.643Z	spark1	KV_READY	11.706	7.296
2026-09-28T05:18:48.853Z	spark2	KV_READY	12.483	4.101
2026-09-28T05:18:48.893Z	spark1	KV_READY	11.713	7.296
2026-09-28T05:18:49.114Z	spark2	KV_READY	12.492	4.101
2026-09-28T05:18:49.144Z	spark1	KV_READY	11.724	7.296
2026-09-28T05:18:49.364Z	spark2	KV_READY	12.493	4.101
2026-09-28T05:18:49.395Z	spark1	KV_READY	11.694	7.296
2026-09-28T05:18:49.615Z	spark2	KV_READY	12.494	4.101
2026-09-28T05:18:49.662Z	spark1	KV_READY	11.695	7.296
2026-09-28T05:18:49.865Z	spark2	KV_READY	12.479	4.101
2026-09-28T05:18:49.913Z	spark1	KV_READY	11.707	7.296
2026-09-28T05:18:50.125Z	spark2	KV_READY	12.514	4.101
2026-09-28T05:18:50.164Z	spark1	KV_READY	11.718	7.296
2026-09-28T05:18:50.376Z	spark2	KV_READY	12.526	4.101
2026-09-28T05:18:50.414Z	spark1	KV_READY	11.718	7.296
2026-09-28T05:18:50.626Z	spark2	KV_READY	12.531	4.101
2026-09-28T05:18:50.680Z	spark1	KV_READY	11.698	7.296
2026-09-28T05:18:50.877Z	spark2	KV_READY	12.531	4.101
2026-09-28T05:18:50.931Z	spark1	KV_READY	11.607	7.296
2026-09-28T05:18:51.141Z	spark2	KV_READY	12.552	4.101
2026-09-28T05:18:51.181Z	spark1	KV_READY	11.423	7.296
2026-09-28T05:18:51.392Z	spark2	KV_READY	12.552	4.101
2026-09-28T05:18:51.432Z	spark1	KV_READY	11.415	7.296
2026-09-28T05:18:51.643Z	spark2	KV_READY	12.552	4.101
2026-09-28T05:18:51.693Z	spark1	KV_READY	11.385	7.296
2026-09-28T05:18:51.894Z	spark2	KV_READY	12.560	4.101
2026-09-28T05:18:51.943Z	spark1	KV_READY	11.388	7.296
2026-09-28T05:18:52.155Z	spark2	KV_READY	12.581	4.101
2026-09-28T05:18:52.193Z	spark1	KV_READY	11.406	7.296
2026-09-28T05:18:52.405Z	spark2	KV_READY	12.581	4.101
2026-09-28T05:18:52.444Z	spark1	KV_READY	11.407	7.296
2026-09-28T05:18:52.656Z	spark2	KV_READY	12.581	4.101
2026-09-28T05:18:52.707Z	spark1	KV_READY	11.408	7.296
2026-09-28T05:18:52.907Z	spark2	KV_READY	12.581	4.101
2026-09-28T05:18:52.958Z	spark1	KV_READY	11.435	7.296
2026-09-28T05:18:53.171Z	spark2	KV_READY	12.601	4.101
2026-09-28T05:18:53.208Z	spark1	KV_READY	11.435	7.296
2026-09-28T05:18:53.421Z	spark2	KV_READY	12.601	4.101
2026-09-28T05:18:53.459Z	spark1	KV_READY	11.435	7.296
2026-09-28T05:18:53.673Z	spark2	KV_READY	12.609	4.101
2026-09-28T05:18:53.725Z	spark1	KV_READY	11.428	7.296
2026-09-28T05:18:53.923Z	spark2	KV_READY	12.628	4.101
2026-09-28T05:18:53.976Z	spark1	KV_READY	11.429	7.296
2026-09-28T05:18:54.185Z	spark2	KV_READY	12.634	4.101
2026-09-28T05:18:54.226Z	spark1	KV_READY	11.454	7.296
2026-09-28T05:18:54.436Z	spark2	KV_READY	12.636	4.101
2026-09-28T05:18:54.476Z	spark1	KV_READY	11.449	7.295
2026-09-28T05:18:54.687Z	spark2	KV_READY	12.636	4.101
2026-09-28T05:18:54.743Z	spark1	KV_READY	11.443	7.295
2026-09-28T05:18:54.937Z	spark2	KV_READY	12.656	4.101
2026-09-28T05:18:54.993Z	spark1	KV_READY	11.440	7.295
2026-09-28T05:18:55.203Z	spark2	KV_READY	12.656	4.101
2026-09-28T05:18:55.244Z	spark1	KV_READY	11.441	7.295
2026-09-28T05:18:55.454Z	spark2	KV_READY	12.666	4.101
2026-09-28T05:18:55.494Z	spark1	KV_READY	11.428	7.295
2026-09-28T05:18:55.705Z	spark2	KV_READY	12.667	4.101
2026-09-28T05:18:55.757Z	spark1	KV_READY	11.416	7.295
2026-09-28T05:18:55.955Z	spark2	KV_READY	12.687	4.101
2026-09-28T05:18:56.007Z	spark1	KV_READY	11.423	7.295
2026-09-28T05:18:56.220Z	spark2	KV_READY	12.693	4.101
2026-09-28T05:18:56.258Z	spark1	KV_READY	11.436	7.295
2026-09-28T05:18:56.471Z	spark2	KV_READY	12.693	4.101
2026-09-28T05:18:56.508Z	spark1	KV_READY	11.438	7.294
2026-09-28T05:18:56.722Z	spark2	KV_READY	12.693	4.101
2026-09-28T05:18:56.769Z	spark1	KV_READY	11.433	7.294
2026-09-28T05:18:56.973Z	spark2	KV_READY	12.721	4.101
2026-09-28T05:18:57.019Z	spark1	KV_READY	11.441	7.294
2026-09-28T05:18:57.233Z	spark2	KV_READY	12.721	4.101
2026-09-28T05:18:57.270Z	spark1	KV_READY	11.437	7.294
2026-09-28T05:18:57.484Z	spark2	KV_READY	12.721	4.101
2026-09-28T05:18:57.520Z	spark1	KV_READY	11.431	7.294
2026-09-28T05:18:57.735Z	spark2	KV_READY	12.721	4.101
2026-09-28T05:18:57.787Z	spark1	KV_READY	11.424	7.294
2026-09-28T05:18:57.985Z	spark2	KV_READY	12.742	4.101
2026-09-28T05:18:58.038Z	spark1	KV_READY	11.446	7.294
2026-09-28T05:18:58.245Z	spark2	KV_READY	12.752	4.101
2026-09-28T05:18:58.288Z	spark1	KV_READY	11.448	7.294
2026-09-28T05:18:58.497Z	spark2	KV_READY	12.752	4.101
2026-09-28T05:18:58.539Z	spark1	KV_READY	11.449	7.294
2026-09-28T05:18:58.747Z	spark2	KV_READY	12.752	4.101
2026-09-28T05:18:58.806Z	spark1	KV_READY	11.448	7.294
2026-09-28T05:18:58.998Z	spark2	KV_READY	12.760	4.101
2026-09-28T05:18:59.056Z	spark1	KV_READY	11.459	7.294
2026-09-28T05:18:59.258Z	spark2	KV_READY	12.760	4.101
2026-09-28T05:18:59.307Z	spark1	KV_READY	11.459	7.294
2026-09-28T05:18:59.510Z	spark2	KV_READY	12.766	4.101
2026-09-28T05:18:59.558Z	spark1	KV_READY	11.451	7.294
2026-09-28T05:18:59.760Z	spark2	KV_READY	12.766	4.101
2026-09-28T05:18:59.825Z	spark1	KV_READY	11.443	7.294
2026-09-28T05:19:00.011Z	spark2	KV_READY	12.785	4.101
2026-09-28T05:19:00.075Z	spark1	KV_READY	11.448	7.294
2026-09-28T05:19:00.271Z	spark2	KV_READY	12.789	4.101
2026-09-28T05:19:00.325Z	spark1	KV_READY	11.418	7.294
2026-09-28T05:19:00.522Z	spark2	KV_READY	12.789	4.101
2026-09-28T05:19:00.576Z	spark1	KV_READY	11.425	7.294
2026-09-28T05:19:00.773Z	spark2	KV_READY	12.789	4.101
2026-09-28T05:19:00.837Z	spark1	KV_READY	11.414	7.294
2026-09-28T05:19:01.023Z	spark2	KV_READY	12.812	4.101
2026-09-28T05:19:01.087Z	spark1	KV_READY	11.412	7.294
2026-09-28T05:19:01.288Z	spark2	KV_READY	12.796	4.101
2026-09-28T05:19:01.338Z	spark1	KV_READY	11.396	7.294
2026-09-28T05:19:01.537Z	spark2	KV_READY	12.779	4.101
2026-09-28T05:19:01.589Z	spark1	KV_READY	11.385	7.294
2026-09-28T05:19:01.787Z	spark2	KV_READY	12.765	4.101
2026-09-28T05:19:01.856Z	spark1	KV_READY	11.373	7.294
2026-09-28T05:19:02.039Z	spark2	KV_READY	12.782	4.101
2026-09-28T05:19:02.106Z	spark1	KV_READY	11.372	7.294
2026-09-28T05:19:02.304Z	spark2	KV_READY	12.794	4.101
2026-09-28T05:19:02.357Z	spark1	KV_READY	11.353	7.294
2026-09-28T05:19:02.555Z	spark2	KV_READY	12.794	4.101
2026-09-28T05:19:02.607Z	spark1	KV_READY	11.337	7.294
2026-09-28T05:19:02.805Z	spark2	KV_READY	12.799	4.101
2026-09-28T05:19:02.869Z	spark1	KV_READY	11.329	7.294
2026-09-28T05:19:03.055Z	spark2	KV_READY	12.813	4.101
2026-09-28T05:19:03.119Z	spark1	KV_READY	11.326	7.294
2026-09-28T05:19:03.316Z	spark2	KV_READY	12.812	4.101
2026-09-28T05:19:03.370Z	spark1	KV_READY	11.318	7.294
2026-09-28T05:19:03.567Z	spark2	KV_READY	12.817	4.101
2026-09-28T05:19:03.620Z	spark1	KV_READY	11.303	7.294
2026-09-28T05:19:03.818Z	spark2	KV_READY	12.817	4.101
2026-09-28T05:19:03.883Z	spark1	KV_READY	11.293	7.294
2026-09-28T05:19:04.068Z	spark2	KV_READY	12.840	4.101
2026-09-28T05:19:04.133Z	spark1	KV_READY	11.299	7.294
2026-09-28T05:19:04.329Z	spark2	KV_READY	12.842	4.101
2026-09-28T05:19:04.383Z	spark1	KV_READY	11.284	7.294
2026-09-28T05:19:04.579Z	spark2	KV_READY	12.842	4.101
2026-09-28T05:19:04.633Z	spark1	KV_READY	11.276	7.294
2026-09-28T05:19:04.831Z	spark2	KV_READY	12.842	4.101
2026-09-28T05:19:04.895Z	spark1	KV_READY	11.277	7.294
2026-09-28T05:19:05.080Z	spark2	KV_READY	12.866	4.101
2026-09-28T05:19:05.146Z	spark1	KV_READY	11.276	7.294
2026-09-28T05:19:05.342Z	spark2	KV_READY	12.870	4.101
2026-09-28T05:19:05.396Z	spark1	KV_READY	11.272	7.294
2026-09-28T05:19:05.592Z	spark2	KV_READY	12.870	4.101
2026-09-28T05:19:05.646Z	spark1	KV_READY	11.280	7.294
2026-09-28T05:19:05.843Z	spark2	KV_READY	12.870	4.101
2026-09-28T05:19:05.908Z	spark1	KV_READY	11.277	7.294
2026-09-28T05:19:06.093Z	spark2	KV_READY	12.902	4.101
2026-09-28T05:19:06.159Z	spark1	KV_READY	11.282	7.294
2026-09-28T05:19:06.358Z	spark2	KV_READY	12.904	4.101
2026-09-28T05:19:06.409Z	spark1	KV_READY	11.289	7.294
2026-09-28T05:19:06.609Z	spark2	KV_READY	12.904	4.101
2026-09-28T05:19:06.659Z	spark1	KV_READY	11.284	7.294
2026-09-28T05:19:06.860Z	spark2	KV_READY	12.904	4.101
2026-09-28T05:19:06.921Z	spark1	KV_READY	11.277	7.294
2026-09-28T05:19:07.110Z	spark2	KV_READY	12.927	4.101
2026-09-28T05:19:07.171Z	spark1	KV_READY	11.279	7.293
2026-09-28T05:19:07.371Z	spark2	KV_READY	12.926	4.101
2026-09-28T05:19:07.421Z	spark1	KV_READY	11.279	7.293
2026-09-28T05:19:07.621Z	spark2	KV_READY	12.926	4.101
2026-09-28T05:19:07.672Z	spark1	KV_READY	11.271	7.293
2026-09-28T05:19:07.873Z	spark2	KV_READY	12.929	4.101
2026-09-28T05:19:07.939Z	spark1	KV_READY	11.273	7.292
2026-09-28T05:19:08.123Z	spark2	KV_READY	12.948	4.101
2026-09-28T05:19:08.190Z	spark1	KV_READY	11.268	7.291
2026-09-28T05:19:08.384Z	spark2	KV_READY	12.950	4.101
2026-09-28T05:19:08.441Z	spark1	KV_READY	11.264	7.290
2026-09-28T05:19:08.635Z	spark2	KV_READY	12.950	4.101
2026-09-28T05:19:08.691Z	spark1	KV_READY	11.249	7.289
2026-09-28T05:19:08.886Z	spark2	KV_READY	12.960	4.101
2026-09-28T05:19:08.957Z	spark1	KV_READY	11.257	7.288
2026-09-28T05:19:09.136Z	spark2	KV_READY	12.963	4.101
2026-09-28T05:19:09.208Z	spark1	KV_READY	11.246	7.287
2026-09-28T05:19:09.397Z	spark2	KV_READY	12.963	4.101
2026-09-28T05:19:09.458Z	spark1	KV_READY	11.246	7.286
2026-09-28T05:19:09.647Z	spark2	KV_READY	12.971	4.101
2026-09-28T05:19:09.708Z	spark1	KV_READY	11.246	7.286
2026-09-28T05:19:09.899Z	spark2	KV_READY	12.974	4.101
2026-09-28T05:19:09.972Z	spark1	KV_READY	11.250	7.286
2026-09-28T05:19:10.149Z	spark2	KV_READY	12.976	4.101
2026-09-28T05:19:10.222Z	spark1	KV_READY	11.250	7.286
2026-09-28T05:19:10.413Z	spark2	KV_READY	12.984	4.101
2026-09-28T05:19:10.472Z	spark1	KV_READY	11.243	7.285
2026-09-28T05:19:10.663Z	spark2	KV_READY	12.984	4.101
2026-09-28T05:19:10.723Z	spark1	KV_READY	11.245	7.285
2026-09-28T05:19:10.914Z	spark2	KV_READY	12.985	4.101
2026-09-28T05:19:10.985Z	spark1	KV_READY	11.255	7.284
2026-09-28T05:19:11.166Z	spark2	KV_READY	12.990	4.101
2026-09-28T05:19:11.235Z	spark1	KV_READY	11.250	7.284
2026-09-28T05:19:11.427Z	spark2	KV_READY	12.989	4.101
2026-09-28T05:19:11.486Z	spark1	KV_READY	11.236	7.284
2026-09-28T05:19:11.676Z	spark2	KV_READY	12.989	4.101
2026-09-28T05:19:11.736Z	spark1	KV_READY	11.236	7.283
2026-09-28T05:19:11.927Z	spark2	KV_READY	12.992	4.101
2026-09-28T05:19:12.002Z	spark1	KV_READY	11.245	7.283
2026-09-28T05:19:12.176Z	spark2	KV_READY	13.001	4.101
2026-09-28T05:19:12.253Z	spark1	KV_READY	11.240	7.283
2026-09-28T05:19:12.441Z	spark2	KV_READY	13.006	4.101
2026-09-28T05:19:12.504Z	spark1	KV_READY	11.233	7.279
2026-09-28T05:19:12.690Z	spark2	KV_READY	13.011	4.101
2026-09-28T05:19:12.754Z	spark1	KV_READY	11.124	7.251
2026-09-28T05:19:12.943Z	spark2	KV_READY	13.034	4.100
2026-09-28T05:19:13.016Z	spark1	KV_READY	11.096	7.234
2026-09-28T05:19:13.193Z	spark2	KV_READY	13.033	4.100
2026-09-28T05:19:13.267Z	spark1	KV_READY	11.092	7.229
2026-09-28T05:19:13.458Z	spark2	KV_READY	13.031	4.100
2026-09-28T05:19:13.517Z	spark1	KV_READY	11.100	7.229
2026-09-28T05:19:13.709Z	spark2	KV_READY	13.031	4.100
2026-09-28T05:19:13.768Z	spark1	KV_READY	11.108	7.229
2026-09-28T05:19:13.959Z	spark2	KV_READY	13.045	4.100
2026-09-28T05:19:14.034Z	spark1	KV_READY	11.118	7.218
2026-09-28T05:19:14.209Z	spark2	KV_READY	13.045	4.100
2026-09-28T05:19:14.284Z	spark1	KV_READY	11.088	7.198
2026-09-28T05:19:14.470Z	spark2	KV_READY	13.045	4.100
2026-09-28T05:19:14.535Z	spark1	KV_READY	11.065	7.179
2026-09-28T05:19:14.721Z	spark2	KV_READY	13.045	4.100
2026-09-28T05:19:14.785Z	spark1	KV_READY	11.029	7.156
2026-09-28T05:19:14.972Z	spark2	KV_READY	13.053	4.100
2026-09-28T05:19:15.048Z	spark1	KV_READY	11.009	7.130
2026-09-28T05:19:15.222Z	spark2	KV_READY	13.054	4.100
2026-09-28T05:19:15.298Z	spark1	KV_READY	11.018	7.129
2026-09-28T05:19:15.483Z	spark2	KV_READY	13.054	4.100
2026-09-28T05:19:15.548Z	spark1	KV_READY	11.018	7.117
2026-09-28T05:19:15.735Z	spark2	KV_READY	13.054	4.100
2026-09-28T05:19:15.798Z	spark1	KV_READY	10.988	7.117
2026-09-28T05:19:15.985Z	spark2	KV_READY	13.054	4.100
2026-09-28T05:19:16.065Z	spark1	KV_READY	10.988	7.117
2026-09-28T05:19:16.236Z	spark2	KV_READY	13.066	4.100
2026-09-28T05:19:16.315Z	spark1	KV_READY	10.996	7.117
2026-09-28T05:19:16.496Z	spark2	KV_READY	13.066	4.100
2026-09-28T05:19:16.566Z	spark1	KV_READY	11.094	7.117
2026-09-28T05:19:16.746Z	spark2	KV_READY	13.066	4.100
2026-09-28T05:19:16.816Z	spark1	KV_READY	11.178	7.117
2026-09-28T05:19:16.997Z	spark2	KV_READY	13.066	4.100
2026-09-28T05:19:17.079Z	spark1	KV_READY	11.177	7.117
2026-09-28T05:19:17.248Z	spark2	KV_READY	13.066	4.100
2026-09-28T05:19:17.329Z	spark1	KV_READY	11.012	7.117
2026-09-28T05:19:17.513Z	spark2	KV_READY	13.066	4.100
2026-09-28T05:19:17.579Z	spark1	KV_READY	10.900	7.117
2026-09-28T05:19:17.764Z	spark2	KV_READY	13.066	4.100
2026-09-28T05:19:17.829Z	spark1	KV_READY	10.866	7.117
2026-09-28T05:19:18.013Z	spark2	KV_READY	13.066	4.100
2026-09-28T05:19:18.097Z	spark1	KV_READY	10.859	7.117
2026-09-28T05:19:18.264Z	spark2	KV_READY	13.073	4.100
2026-09-28T05:19:18.347Z	spark1	KV_READY	10.853	7.117
2026-09-28T05:19:18.525Z	spark2	KV_READY	13.078	4.100
2026-09-28T05:19:18.599Z	spark1	KV_READY	10.852	7.117
2026-09-28T05:19:18.776Z	spark2	KV_READY	13.078	4.100
2026-09-28T05:19:18.849Z	spark1	KV_READY	10.822	7.117
2026-09-28T05:19:19.027Z	spark2	KV_READY	13.079	4.100
2026-09-28T05:19:19.111Z	spark1	KV_READY	10.816	7.117
2026-09-28T05:19:19.278Z	spark2	KV_READY	13.079	4.100
2026-09-28T05:19:19.362Z	spark1	KV_READY	10.816	7.117
2026-09-28T05:19:19.539Z	spark2	KV_READY	13.079	4.100
2026-09-28T05:19:19.613Z	spark1	KV_READY	10.816	7.117
2026-09-28T05:19:19.790Z	spark2	KV_READY	13.079	4.100
2026-09-28T05:19:19.864Z	spark1	KV_READY	10.864	7.117
2026-09-28T05:19:20.040Z	spark2	KV_READY	13.091	4.100
2026-09-28T05:19:20.126Z	spark1	KV_READY	10.760	7.117
2026-09-28T05:19:20.292Z	spark2	KV_READY	13.091	4.100
2026-09-28T05:19:20.377Z	spark1	KV_READY	10.760	7.117
2026-09-28T05:19:20.552Z	spark2	KV_READY	13.091	4.100
2026-09-28T05:19:20.627Z	spark1	KV_READY	10.760	7.117
2026-09-28T05:19:20.803Z	spark2	KV_READY	13.091	4.100
2026-09-28T05:19:20.877Z	spark1	KV_READY	10.756	7.117
2026-09-28T05:19:21.054Z	spark2	KV_READY	13.094	4.100
2026-09-28T05:19:21.145Z	spark1	KV_READY	10.722	7.117
2026-09-28T05:19:21.303Z	spark2	KV_READY	13.101	4.100
2026-09-28T05:19:21.395Z	spark1	KV_READY	10.721	7.117
2026-09-28T05:19:21.569Z	spark2	KV_READY	13.101	4.100
2026-09-28T05:19:21.646Z	spark1	KV_READY	10.721	7.117
2026-09-28T05:19:21.821Z	spark2	KV_READY	13.101	4.100
2026-09-28T05:19:21.896Z	spark1	KV_READY	10.719	7.117
2026-09-28T05:19:22.071Z	spark2	KV_READY	13.104	4.100
2026-09-28T05:19:22.164Z	spark1	KV_READY	10.772	7.117
2026-09-28T05:19:22.322Z	spark2	KV_READY	13.104	4.100
2026-09-28T05:19:22.414Z	spark1	KV_READY	10.684	7.117
2026-09-28T05:19:22.583Z	spark2	KV_READY	13.104	4.100
2026-09-28T05:19:22.665Z	spark1	KV_READY	10.681	7.117
2026-09-28T05:19:22.833Z	spark2	KV_READY	13.104	4.100
2026-09-28T05:19:22.914Z	spark1	KV_READY	10.638	7.117
2026-09-28T05:19:23.083Z	spark2	KV_READY	13.104	4.100
2026-09-28T05:19:23.183Z	spark1	KV_READY	10.599	7.117
2026-09-28T05:19:23.333Z	spark2	KV_READY	13.113	4.100
2026-09-28T05:19:23.433Z	spark1	KV_READY	10.598	7.117
2026-09-28T05:19:23.598Z	spark2	KV_READY	13.115	4.100
2026-09-28T05:19:23.684Z	spark1	KV_READY	10.578	7.117
2026-09-28T05:19:23.849Z	spark2	KV_READY	13.122	4.100
2026-09-28T05:19:23.934Z	spark1	KV_READY	10.574	7.117
2026-09-28T05:19:24.100Z	spark2	KV_READY	13.123	4.100
2026-09-28T05:19:24.201Z	spark1	KV_READY	10.573	7.117
2026-09-28T05:19:24.350Z	spark2	KV_READY	13.123	4.100
2026-09-28T05:19:24.452Z	spark1	KV_READY	10.645	7.117
2026-09-28T05:19:24.615Z	spark2	KV_READY	13.123	4.100
2026-09-28T05:19:24.702Z	spark1	KV_READY	10.555	7.117
2026-09-28T05:19:24.866Z	spark2	KV_READY	13.123	4.100
2026-09-28T05:19:24.953Z	spark1	KV_READY	10.555	7.117
2026-09-28T05:19:25.117Z	spark2	KV_READY	13.128	4.100
2026-09-28T05:19:25.221Z	spark1	KV_READY	10.526	7.117
2026-09-28T05:19:25.368Z	spark2	KV_READY	13.128	4.100
2026-09-28T05:19:25.472Z	spark1	KV_READY	10.513	7.117
2026-09-28T05:19:25.629Z	spark2	KV_READY	13.128	4.100
2026-09-28T05:19:25.722Z	spark1	KV_READY	10.513	7.117
2026-09-28T05:19:25.880Z	spark2	KV_READY	13.128	4.100
2026-09-28T05:19:25.972Z	spark1	KV_READY	10.469	7.117
2026-09-28T05:19:26.131Z	spark2	KV_READY	13.132	4.100
2026-09-28T05:19:26.239Z	spark1	KV_READY	10.467	7.117
2026-09-28T05:19:26.382Z	spark2	KV_READY	13.134	4.100
2026-09-28T05:19:26.490Z	spark1	KV_READY	10.467	7.117
2026-09-28T05:19:26.643Z	spark2	KV_READY	13.133	4.100
2026-09-28T05:19:26.741Z	spark1	KV_READY	10.427	7.117
2026-09-28T05:19:26.894Z	spark2	KV_READY	13.137	4.100
2026-09-28T05:19:26.992Z	spark1	KV_READY	10.426	7.117
2026-09-28T05:19:27.144Z	spark2	KV_READY	13.137	4.100
2026-09-28T05:19:27.259Z	spark1	KV_READY	10.402	7.117
2026-09-28T05:19:27.394Z	spark2	KV_READY	13.137	4.100
2026-09-28T05:19:27.510Z	spark1	KV_READY	10.387	7.117
2026-09-28T05:19:27.660Z	spark2	KV_READY	13.137	4.100
2026-09-28T05:19:27.760Z	spark1	KV_READY	10.385	7.117
2026-09-28T05:19:27.910Z	spark2	KV_READY	13.140	4.100
2026-09-28T05:19:28.010Z	spark1	KV_READY	10.381	7.117
2026-09-28T05:19:28.161Z	spark2	KV_READY	13.142	4.100
2026-09-28T05:19:28.273Z	spark1	KV_READY	10.380	7.117
2026-09-28T05:19:28.411Z	spark2	KV_READY	13.142	4.100
2026-09-28T05:19:28.524Z	spark1	KV_READY	10.378	7.117
2026-09-28T05:19:28.677Z	spark2	KV_READY	13.142	4.100
2026-09-28T05:19:28.773Z	spark1	KV_READY	10.540	7.117
2026-09-28T05:19:28.927Z	spark2	KV_READY	13.145	4.100
2026-09-28T05:19:29.024Z	spark1	KV_READY	10.392	7.117
2026-09-28T05:19:29.177Z	spark2	KV_READY	13.145	4.100
2026-09-28T05:19:29.292Z	spark1	KV_READY	10.307	7.117
2026-09-28T05:19:29.429Z	spark2	KV_READY	13.145	4.100
2026-09-28T05:19:29.542Z	spark1	KV_READY	10.230	7.117
2026-09-28T05:19:29.694Z	spark2	KV_READY	13.145	4.100
2026-09-28T05:19:29.793Z	spark1	KV_READY	10.221	7.117
2026-09-28T05:19:29.946Z	spark2	KV_READY	13.148	4.100
2026-09-28T05:19:30.043Z	spark1	KV_READY	10.220	7.117
2026-09-28T05:19:30.196Z	spark2	KV_READY	13.149	4.100
2026-09-28T05:19:30.311Z	spark1	KV_READY	10.218	7.117
2026-09-28T05:19:30.447Z	spark2	KV_READY	13.149	4.100
2026-09-28T05:19:30.561Z	spark1	KV_READY	10.183	7.121
2026-09-28T05:19:30.708Z	spark2	KV_READY	13.149	4.100
2026-09-28T05:19:30.811Z	spark1	KV_READY	10.156	7.137
2026-09-28T05:19:30.958Z	spark2	KV_READY	13.152	4.100
2026-09-28T05:19:31.062Z	spark1	KV_READY	10.155	7.137
2026-09-28T05:19:31.209Z	spark2	KV_READY	13.152	4.100
2026-09-28T05:19:31.324Z	spark1	KV_READY	10.129	7.152
2026-09-28T05:19:31.460Z	spark2	KV_READY	13.152	4.100
2026-09-28T05:19:31.575Z	spark1	KV_READY	10.129	7.152
2026-09-28T05:19:31.721Z	spark2	KV_READY	13.152	4.100
2026-09-28T05:19:31.825Z	spark1	KV_READY	10.127	7.152
2026-09-28T05:19:31.972Z	spark2	KV_READY	13.156	4.100
2026-09-28T05:19:32.076Z	spark1	KV_READY	10.100	7.167
2026-09-28T05:19:32.223Z	spark2	KV_READY	13.156	4.100
2026-09-28T05:19:32.343Z	spark1	KV_READY	10.075	7.184
2026-09-28T05:19:32.474Z	spark2	KV_READY	13.156	4.100
2026-09-28T05:19:32.593Z	spark1	KV_READY	10.075	7.184
2026-09-28T05:19:32.739Z	spark2	KV_READY	13.156	4.100
2026-09-28T05:19:32.844Z	spark1	KV_READY	10.073	7.184
2026-09-28T05:19:32.990Z	spark2	KV_READY	13.158	4.100
2026-09-28T05:19:33.094Z	spark1	KV_READY	10.056	7.205
2026-09-28T05:19:33.241Z	spark2	KV_READY	13.158	4.100
2026-09-28T05:19:33.363Z	spark1	KV_READY	10.035	7.205
2026-09-28T05:19:33.492Z	spark2	KV_READY	13.158	4.100
2026-09-28T05:19:33.614Z	spark1	KV_READY	10.031	7.205
2026-09-28T05:19:33.752Z	spark2	KV_READY	13.158	4.100
2026-09-28T05:19:33.864Z	spark1	KV_READY	9.986	7.205
2026-09-28T05:19:34.003Z	spark2	KV_READY	13.159	4.100
2026-09-28T05:19:34.114Z	spark1	KV_READY	10.029	7.205
2026-09-28T05:19:34.253Z	spark2	KV_READY	13.156	4.100
2026-09-28T05:19:34.382Z	spark1	KV_READY	10.027	7.205
2026-09-28T05:19:34.503Z	spark2	KV_READY	13.157	4.100
2026-09-28T05:19:34.632Z	spark1	KV_READY	10.016	7.205
2026-09-28T05:19:34.769Z	spark2	KV_READY	13.157	4.100
2026-09-28T05:19:34.882Z	spark1	KV_READY	10.018	7.205
2026-09-28T05:19:35.020Z	spark2	KV_READY	13.157	4.100
2026-09-28T05:19:35.133Z	spark1	KV_READY	9.975	7.205
2026-09-28T05:19:35.271Z	spark2	KV_READY	13.157	4.100
2026-09-28T05:19:35.395Z	spark1	KV_READY	9.958	7.205
2026-09-28T05:19:35.521Z	spark2	KV_READY	13.157	4.100
2026-09-28T05:19:35.646Z	spark1	KV_READY	9.958	7.205
2026-09-28T05:19:35.782Z	spark2	KV_READY	13.158	4.100
2026-09-28T05:19:35.896Z	spark1	KV_READY	9.958	7.205
2026-09-28T05:19:36.033Z	spark2	KV_READY	13.158	4.100
2026-09-28T05:19:36.146Z	spark1	KV_READY	9.956	7.205
2026-09-28T05:19:36.283Z	spark2	KV_READY	13.158	4.100
2026-09-28T05:19:36.413Z	spark1	KV_READY	9.954	7.205
2026-09-28T05:19:36.534Z	spark2	KV_READY	13.158	4.100
2026-09-28T05:19:36.663Z	spark1	KV_READY	9.955	7.205
2026-09-28T05:19:36.795Z	spark2	KV_READY	13.157	4.100
2026-09-28T05:19:36.914Z	spark1	KV_READY	9.932	7.205
2026-09-28T05:19:37.046Z	spark2	KV_READY	13.159	4.100
2026-09-28T05:19:37.163Z	spark1	KV_READY	9.930	7.205
2026-09-28T05:19:37.297Z	spark2	KV_READY	13.159	4.100
2026-09-28T05:19:37.431Z	spark1	KV_READY	9.910	7.205
2026-09-28T05:19:37.548Z	spark2	KV_READY	13.159	4.100
2026-09-28T05:19:37.682Z	spark1	KV_READY	9.911	7.205
2026-09-28T05:19:37.813Z	spark2	KV_READY	13.159	4.100
2026-09-28T05:19:37.932Z	spark1	KV_READY	10.458	7.206
2026-09-28T05:19:38.065Z	spark2	KV_READY	13.161	4.100
2026-09-28T05:19:38.182Z	spark1	KV_READY	10.456	7.206
2026-09-28T05:19:38.315Z	spark2	KV_READY	13.161	4.100
2026-09-28T05:19:38.450Z	spark1	KV_READY	10.443	7.206
2026-09-28T05:19:38.566Z	spark2	KV_READY	13.161	4.100
2026-09-28T05:19:38.700Z	spark1	KV_READY	10.437	7.206
2026-09-28T05:19:38.827Z	spark2	KV_READY	13.161	4.100
2026-09-28T05:19:38.951Z	spark1	KV_READY	10.416	7.206
2026-09-28T05:19:39.078Z	spark2	KV_READY	13.162	4.100
2026-09-28T05:19:39.201Z	spark1	KV_READY	10.416	7.206
2026-09-28T05:19:39.329Z	spark2	KV_READY	13.162	4.100
2026-09-28T05:19:39.467Z	spark1	KV_READY	10.295	7.206
2026-09-28T05:19:39.580Z	spark2	KV_READY	13.166	4.100
2026-09-28T05:19:39.718Z	spark1	KV_READY	10.295	7.206
2026-09-28T05:19:39.846Z	spark2	KV_READY	13.166	4.100
2026-09-28T05:19:39.968Z	spark1	KV_READY	10.294	7.206
2026-09-28T05:19:40.096Z	spark2	KV_READY	13.166	4.100
2026-09-28T05:19:40.218Z	spark1	KV_READY	10.331	7.206
2026-09-28T05:19:40.347Z	spark2	KV_READY	13.170	4.100
2026-09-28T05:19:40.490Z	spark1	KV_READY	9.962	7.206
2026-09-28T05:19:40.599Z	spark2	KV_READY	13.170	4.100
2026-09-28T05:19:40.740Z	spark1	KV_READY	10.017	7.206
2026-09-28T05:19:40.859Z	spark2	KV_READY	13.169	4.100
2026-09-28T05:19:40.990Z	spark1	KV_READY	10.016	7.206
2026-09-28T05:19:41.110Z	spark2	KV_READY	13.169	4.100
2026-09-28T05:19:41.241Z	spark1	KV_READY	10.011	7.206
2026-09-28T05:19:41.360Z	spark2	KV_READY	13.169	4.100
2026-09-28T05:19:41.506Z	spark1	KV_READY	9.992	7.206
2026-09-28T05:19:41.611Z	spark2	KV_READY	13.169	4.100
2026-09-28T05:19:41.757Z	spark1	KV_READY	9.999	7.206
2026-09-28T05:19:41.872Z	spark2	KV_READY	13.168	4.100
2026-09-28T05:19:42.008Z	spark1	KV_READY	9.615	7.206
2026-09-28T05:19:42.123Z	spark2	KV_READY	13.168	4.100
2026-09-28T05:19:42.258Z	spark1	KV_READY	9.186	7.207
2026-09-28T05:19:42.374Z	spark2	KV_READY	13.168	4.100
2026-09-28T05:19:42.523Z	spark1	KV_READY	8.789	7.207
2026-09-28T05:19:42.625Z	spark2	KV_READY	13.168	4.100
2026-09-28T05:19:42.773Z	spark1	KV_READY	9.635	7.207
2026-09-28T05:19:42.885Z	spark2	KV_READY	13.168	4.100
2026-09-28T05:19:43.024Z	spark1	KV_READY	11.031	7.207
2026-09-28T05:19:43.136Z	spark2	KV_READY	13.168	4.100
2026-09-28T05:19:43.274Z	spark1	KV_READY	12.000	7.207
2026-09-28T05:19:43.387Z	spark2	KV_READY	13.168	4.100
2026-09-28T05:19:43.541Z	spark1	KV_READY	11.924	7.207
2026-09-28T05:19:43.637Z	spark2	KV_READY	13.168	4.100
2026-09-28T05:19:43.792Z	spark1	KV_READY	11.930	7.207
2026-09-28T05:19:43.897Z	spark2	KV_READY	13.168	4.100
2026-09-28T05:19:44.042Z	spark1	KV_READY	11.919	7.207
2026-09-28T05:19:44.148Z	spark2	KV_READY	13.168	4.100
2026-09-28T05:19:44.293Z	spark1	KV_READY	11.919	7.207
2026-09-28T05:19:44.399Z	spark2	KV_READY	13.168	4.100
2026-09-28T05:19:44.561Z	spark1	KV_READY	11.742	7.207
2026-09-28T05:19:44.649Z	spark2	KV_READY	13.168	4.100
2026-09-28T05:19:44.811Z	spark1	KV_READY	11.703	7.207
2026-09-28T05:19:44.915Z	spark2	KV_READY	13.168	4.100
2026-09-28T05:19:45.061Z	spark1	KV_READY	11.188	7.207
2026-09-28T05:19:45.165Z	spark2	KV_READY	13.164	4.100
2026-09-28T05:19:45.311Z	spark1	KV_READY	11.049	7.207
2026-09-28T05:19:45.415Z	spark2	KV_READY	13.155	4.100
2026-09-28T05:19:45.574Z	spark1	KV_READY	10.947	7.207
2026-09-28T05:19:45.666Z	spark2	KV_READY	13.154	4.100
2026-09-28T05:19:45.824Z	spark1	KV_READY	10.931	7.207
2026-09-28T05:19:45.931Z	spark2	KV_READY	13.154	4.100
2026-09-28T05:19:46.074Z	spark1	KV_READY	10.620	7.207
2026-09-28T05:19:46.181Z	spark2	KV_READY	13.154	4.100
2026-09-28T05:19:46.325Z	spark1	KV_READY	9.483	7.207
2026-09-28T05:19:46.432Z	spark2	KV_READY	13.154	4.100
2026-09-28T05:19:46.588Z	spark1	KV_READY	9.562	7.207
2026-09-28T05:19:46.683Z	spark2	KV_READY	13.154	4.100
2026-09-28T05:19:46.838Z	spark1	KV_READY	9.561	7.207
2026-09-28T05:19:46.944Z	spark2	KV_READY	13.154	4.100
2026-09-28T05:19:47.088Z	spark1	KV_READY	9.556	7.207
2026-09-28T05:19:47.195Z	spark2	KV_READY	13.154	4.100
2026-09-28T05:19:47.338Z	spark1	KV_READY	9.558	7.207
2026-09-28T05:19:47.445Z	spark2	KV_READY	13.154	4.100
2026-09-28T05:19:47.615Z	spark1	KV_READY	9.553	7.207
2026-09-28T05:19:47.695Z	spark2	KV_READY	13.154	4.100
2026-09-28T05:19:47.866Z	spark1	KV_READY	9.515	7.207
2026-09-28T05:19:47.956Z	spark2	KV_READY	13.156	4.100
2026-09-28T05:19:48.116Z	spark1	KV_READY	9.518	7.207
2026-09-28T05:19:48.207Z	spark2	KV_READY	13.156	4.100
2026-09-28T05:19:48.366Z	spark1	KV_READY	9.517	7.207
2026-09-28T05:19:48.458Z	spark2	KV_READY	13.156	4.100
2026-09-28T05:19:48.633Z	spark1	KV_READY	9.514	7.207
2026-09-28T05:19:48.710Z	spark2	KV_READY	13.156	4.100
2026-09-28T05:19:48.883Z	spark1	KV_READY	9.507	7.207
2026-09-28T05:19:48.974Z	spark2	KV_READY	13.157	4.100
2026-09-28T05:19:49.134Z	spark1	KV_READY	9.503	7.207
2026-09-28T05:19:49.225Z	spark2	KV_READY	13.157	4.100
2026-09-28T05:19:49.384Z	spark1	KV_READY	8.856	7.207
2026-09-28T05:19:49.476Z	spark2	KV_READY	13.157	4.100
2026-09-28T05:19:49.652Z	spark1	KV_READY	8.105	7.207
2026-09-28T05:19:49.726Z	spark2	KV_READY	13.160	4.100
2026-09-28T05:19:49.903Z	spark1	KV_READY	9.766	7.207
2026-09-28T05:19:49.988Z	spark2	KV_READY	13.159	4.100
2026-09-28T05:19:50.153Z	spark1	KV_READY	10.442	7.207
2026-09-28T05:19:50.239Z	spark2	KV_READY	13.159	4.100
2026-09-28T05:19:50.404Z	spark1	KV_READY	10.438	7.207
2026-09-28T05:19:50.489Z	spark2	KV_READY	13.159	4.100
2026-09-28T05:19:50.666Z	spark1	KV_READY	10.433	7.207
2026-09-28T05:19:50.740Z	spark2	KV_READY	13.159	4.100
2026-09-28T05:19:50.916Z	spark1	KV_READY	10.428	7.207
2026-09-28T05:19:51.000Z	spark2	KV_READY	13.159	4.100
2026-09-28T05:19:51.166Z	spark1	KV_READY	10.416	7.207
2026-09-28T05:19:51.251Z	spark2	KV_READY	13.159	4.100
2026-09-28T05:19:51.417Z	spark1	KV_READY	10.401	7.207
2026-09-28T05:19:51.501Z	spark2	KV_READY	13.159	4.100
2026-09-28T05:19:51.679Z	spark1	KV_READY	10.392	7.207
2026-09-28T05:19:51.751Z	spark2	KV_READY	13.159	4.100
2026-09-28T05:19:51.930Z	spark1	KV_READY	10.364	7.207
2026-09-28T05:19:52.016Z	spark2	KV_READY	13.159	4.100
2026-09-28T05:19:52.181Z	spark1	KV_READY	10.358	7.207
2026-09-28T05:19:52.267Z	spark2	KV_READY	13.159	4.100
2026-09-28T05:19:52.431Z	spark1	KV_READY	10.346	7.207
2026-09-28T05:19:52.518Z	spark2	KV_READY	13.159	4.100
2026-09-28T05:19:52.692Z	spark1	KV_READY	10.331	7.207
2026-09-28T05:19:52.769Z	spark2	KV_READY	13.159	4.100
2026-09-28T05:19:52.943Z	spark1	KV_READY	10.324	7.207
2026-09-28T05:19:53.030Z	spark2	KV_READY	13.159	4.100
2026-09-28T05:19:53.193Z	spark1	KV_READY	10.316	7.207
2026-09-28T05:19:53.280Z	spark2	KV_READY	13.159	4.100
2026-09-28T05:19:53.443Z	spark1	KV_READY	10.307	7.207
2026-09-28T05:19:53.531Z	spark2	KV_READY	13.159	4.100
2026-09-28T05:19:53.710Z	spark1	KV_READY	10.300	7.207
2026-09-28T05:19:53.781Z	spark2	KV_READY	13.159	4.100
2026-09-28T05:19:53.961Z	spark1	KV_READY	10.272	7.207
2026-09-28T05:19:54.047Z	spark2	KV_READY	13.160	4.100
2026-09-28T05:19:54.212Z	spark1	KV_READY	10.263	7.207
2026-09-28T05:19:54.297Z	spark2	KV_READY	13.160	4.100
2026-09-28T05:19:54.462Z	spark1	KV_READY	10.256	7.207
2026-09-28T05:19:54.548Z	spark2	KV_READY	13.160	4.100
2026-09-28T05:19:54.725Z	spark1	KV_READY	10.240	7.207
2026-09-28T05:19:54.799Z	spark2	KV_READY	13.160	4.100
2026-09-28T05:19:54.975Z	spark1	KV_READY	10.232	7.207
2026-09-28T05:19:55.059Z	spark2	KV_READY	13.160	4.100
2026-09-28T05:19:55.226Z	spark1	KV_READY	10.217	7.207
2026-09-28T05:19:55.309Z	spark2	KV_READY	13.160	4.100
2026-09-28T05:19:55.476Z	spark1	KV_READY	10.210	7.207
2026-09-28T05:19:55.560Z	spark2	KV_READY	13.160	4.100
2026-09-28T05:19:55.741Z	spark1	KV_READY	10.183	7.207
2026-09-28T05:19:55.810Z	spark2	KV_READY	13.160	4.100
2026-09-28T05:19:55.992Z	spark1	KV_READY	10.167	7.207
2026-09-28T05:19:56.075Z	spark2	KV_READY	13.161	4.100
2026-09-28T05:19:56.242Z	spark1	KV_READY	10.163	7.207
2026-09-28T05:19:56.325Z	spark2	KV_READY	13.170	4.100
2026-09-28T05:19:56.493Z	spark1	KV_READY	10.132	7.207
2026-09-28T05:19:56.577Z	spark2	KV_READY	13.178	4.100
2026-09-28T05:19:56.755Z	spark1	KV_READY	10.117	7.207
2026-09-28T05:19:56.828Z	spark2	KV_READY	13.178	4.100
2026-09-28T05:19:57.006Z	spark1	KV_READY	10.104	7.207
2026-09-28T05:19:57.093Z	spark2	KV_READY	13.178	4.100
2026-09-28T05:19:57.256Z	spark1	KV_READY	10.100	7.207
2026-09-28T05:19:57.343Z	spark2	KV_READY	13.178	4.100
2026-09-28T05:19:57.506Z	spark1	KV_READY	10.081	7.207
2026-09-28T05:19:57.594Z	spark2	KV_READY	13.178	4.100
2026-09-28T05:19:57.769Z	spark1	KV_READY	10.073	7.207
2026-09-28T05:19:57.844Z	spark2	KV_READY	13.179	4.100
2026-09-28T05:19:58.019Z	spark1	KV_READY	10.068	7.207
2026-09-28T05:19:58.109Z	spark2	KV_READY	13.179	4.100
2026-09-28T05:19:58.270Z	spark1	KV_READY	10.065	7.207
2026-09-28T05:19:58.361Z	spark2	KV_READY	13.179	4.100
2026-09-28T05:19:58.520Z	spark1	KV_READY	10.050	7.207
2026-09-28T05:19:58.611Z	spark2	KV_READY	13.179	4.100
2026-09-28T05:19:58.783Z	spark1	KV_READY	10.042	7.207
2026-09-28T05:19:58.862Z	spark2	KV_READY	13.179	4.100
2026-09-28T05:19:59.033Z	spark1	KV_READY	10.030	7.207
2026-09-28T05:19:59.122Z	spark2	KV_READY	13.181	4.100
2026-09-28T05:19:59.284Z	spark1	KV_READY	10.026	7.207
2026-09-28T05:19:59.373Z	spark2	KV_READY	13.181	4.100
2026-09-28T05:19:59.534Z	spark1	KV_READY	10.023	7.207
2026-09-28T05:19:59.624Z	spark2	KV_READY	13.181	4.100
2026-09-28T05:19:59.801Z	spark1	KV_READY	10.015	7.207
2026-09-28T05:19:59.874Z	spark2	KV_READY	13.181	4.100
2026-09-28T05:20:00.051Z	spark1	KV_READY	9.980	7.207
2026-09-28T05:20:00.139Z	spark2	KV_READY	13.182	4.100
2026-09-28T05:20:00.302Z	spark1	KV_READY	9.968	7.207
2026-09-28T05:20:00.389Z	spark2	KV_READY	13.182	4.100
2026-09-28T05:20:00.552Z	spark1	KV_READY	9.957	7.207
2026-09-28T05:20:00.640Z	spark2	KV_READY	13.182	4.100
2026-09-28T05:20:00.814Z	spark1	KV_READY	9.939	7.207
2026-09-28T05:20:00.891Z	spark2	KV_READY	13.182	4.100
2026-09-28T05:20:01.065Z	spark1	KV_READY	9.932	7.207
2026-09-28T05:20:01.152Z	spark2	KV_READY	13.181	4.100
2026-09-28T05:20:01.315Z	spark1	KV_READY	9.932	7.207
2026-09-28T05:20:01.403Z	spark2	KV_READY	13.181	4.100
2026-09-28T05:20:01.566Z	spark1	KV_READY	9.932	7.207
2026-09-28T05:20:01.654Z	spark2	KV_READY	13.181	4.100
2026-09-28T05:20:01.829Z	spark1	KV_READY	9.930	7.207
2026-09-28T05:20:01.906Z	spark2	KV_READY	13.181	4.100
2026-09-28T05:20:02.080Z	spark1	KV_READY	9.932	7.207
2026-09-28T05:20:02.166Z	spark2	KV_READY	13.181	4.100
2026-09-28T05:20:02.330Z	spark1	KV_READY	9.932	7.207
2026-09-28T05:20:02.417Z	spark2	KV_READY	13.181	4.100
2026-09-28T05:20:02.581Z	spark1	KV_READY	9.932	7.207
2026-09-28T05:20:02.667Z	spark2	KV_READY	13.181	4.100
2026-09-28T05:20:02.848Z	spark1	KV_READY	9.924	7.207
2026-09-28T05:20:02.918Z	spark2	KV_READY	13.181	4.100
2026-09-28T05:20:03.100Z	spark1	SERVING	9.925	7.207
2026-09-28T05:20:03.183Z	spark2	SERVING	13.181	4.100
2026-09-28T05:20:03.601Z	spark1	SERVING	9.925	7.207
2026-09-28T05:20:03.868Z	spark1	SERVING	9.925	7.207
2026-09-28T05:20:05.209Z	spark2	SERVING	13.181	4.100
2026-09-28T05:20:05.961Z	spark2	SERVING	13.181	4.100
2026-09-28T05:20:06.147Z	spark1	SERVING	9.905	7.206
2026-09-28T05:20:06.397Z	spark1	SERVING	9.885	7.206
2026-09-28T05:20:06.647Z	spark1	SERVING	9.852	7.206
2026-09-28T05:20:06.974Z	spark2	SERVING	13.160	4.100
2026-09-28T05:20:07.415Z	spark1	SERVING	9.820	7.206
2026-09-28T05:20:07.665Z	spark1	SERVING	9.775	7.206
2026-09-28T05:20:08.182Z	spark1	SERVING	9.770	7.206
2026-09-28T05:20:08.682Z	spark1	SERVING	9.755	7.206
2026-09-28T05:20:09.956Z	spark1	SERVING	9.753	7.206
2026-09-28T05:20:12.060Z	spark2	SERVING	13.173	4.100
2026-09-28T05:20:15.036Z	spark1	SERVING	9.783	7.206
2026-09-28T05:20:17.136Z	spark2	SERVING	13.173	4.100
2026-09-28T05:20:20.109Z	spark1	SERVING	9.836	7.206
2026-09-28T05:20:22.208Z	spark2	SERVING	13.175	4.100
2026-09-28T05:20:25.185Z	spark1	SERVING	9.836	7.205
2026-09-28T05:20:27.276Z	spark2	SERVING	13.180	4.100
2026-09-28T05:20:29.059Z	spark2	SERVING	13.159	4.099
2026-09-28T05:20:29.310Z	spark2	SERVING	13.150	4.099
2026-09-28T05:20:29.574Z	spark2	SERVING	13.141	4.099
2026-09-28T05:20:29.824Z	spark2	SERVING	13.137	4.099
2026-09-28T05:20:30.253Z	spark1	SERVING	9.794	7.205
2026-09-28T05:20:32.537Z	spark1	SERVING	9.748	7.205
2026-09-28T05:20:32.629Z	spark2	SERVING	13.125	4.098
2026-09-28T05:20:32.788Z	spark1	SERVING	9.728	7.205
2026-09-28T05:20:32.880Z	spark2	SERVING	13.111	4.098
2026-09-28T05:20:33.038Z	spark1	SERVING	9.723	7.205
2026-09-28T05:20:33.132Z	spark2	SERVING	13.098	4.098
2026-09-28T05:20:38.168Z	spark1	SERVING	9.786	7.205
2026-09-28T05:20:38.246Z	spark2	SERVING	13.129	4.098
2026-09-28T05:20:43.288Z	spark1	SERVING	9.846	7.205
2026-09-28T05:20:43.368Z	spark2	SERVING	13.132	4.098
2026-09-28T05:20:48.416Z	spark1	SERVING	9.880	7.205
2026-09-28T05:20:48.477Z	spark2	SERVING	13.141	4.098
2026-09-28T05:20:53.546Z	spark1	SERVING	9.874	7.204
2026-09-28T05:20:53.587Z	spark2	SERVING	13.132	4.098
2026-09-28T05:20:58.660Z	spark1	SERVING	9.883	7.204
2026-09-28T05:20:58.693Z	spark2	SERVING	13.138	4.098
2026-09-28T05:21:03.789Z	spark1	SERVING	9.846	7.204
2026-09-28T05:21:03.812Z	spark2	SERVING	13.133	4.098
2026-09-28T05:21:08.920Z	spark1	SERVING	9.899	7.203
2026-09-28T05:21:08.932Z	spark2	SERVING	13.136	4.098
2026-09-28T05:21:14.043Z	spark2	SERVING	13.130	4.097
2026-09-28T05:21:14.052Z	spark1	SERVING	9.921	7.203
2026-09-28T05:21:19.155Z	spark2	SERVING	13.124	4.097
2026-09-28T05:21:19.182Z	spark1	SERVING	9.905	7.203
2026-09-28T05:21:24.267Z	spark2	SERVING	13.133	4.097
2026-09-28T05:21:24.298Z	spark1	SERVING	9.894	7.203
2026-09-28T05:21:29.385Z	spark2	SERVING	13.126	4.097
2026-09-28T05:21:29.420Z	spark1	SERVING	9.910	7.203
2026-09-28T05:21:34.489Z	spark2	SERVING	13.136	4.097
2026-09-28T05:21:34.532Z	spark1	SERVING	9.916	7.203
2026-09-28T05:21:39.597Z	spark2	SERVING	13.151	4.097
2026-09-28T05:21:39.652Z	spark1	SERVING	9.902	7.203
2026-09-28T05:21:44.704Z	spark2	SERVING	13.157	4.097
2026-09-28T05:21:44.770Z	spark1	SERVING	9.900	7.203
2026-09-28T05:21:49.817Z	spark2	SERVING	13.157	4.097
2026-09-28T05:21:49.894Z	spark1	SERVING	9.900	7.203
2026-09-28T05:21:54.934Z	spark2	SERVING	13.156	4.097
2026-09-28T05:21:55.021Z	spark1	SERVING	9.930	7.203
2026-09-28T05:22:00.049Z	spark2	SERVING	13.143	4.097
2026-09-28T05:22:00.152Z	spark1	SERVING	9.908	7.203
2026-09-28T05:22:05.161Z	spark2	SERVING	13.146	4.097
2026-09-28T05:22:05.272Z	spark1	SERVING	9.905	7.203
2026-09-28T05:22:10.271Z	spark2	SERVING	13.149	4.097
2026-09-28T05:22:10.390Z	spark1	SERVING	9.907	7.202
2026-09-28T05:22:15.382Z	spark2	SERVING	14.146	4.097
2026-09-28T05:22:15.523Z	spark1	SERVING	10.875	7.202
2026-09-28T05:22:20.493Z	spark2	SERVING	14.146	4.097
2026-09-28T05:22:20.643Z	spark1	SERVING	10.871	7.202
2026-09-28T05:22:25.610Z	spark2	SERVING	14.153	4.097
2026-09-28T05:22:25.772Z	spark1	SERVING	10.867	7.202
2026-09-28T05:22:30.726Z	spark2	SERVING	14.154	4.097
2026-09-28T05:22:30.891Z	spark1	SERVING	10.895	7.202
2026-09-28T05:22:35.846Z	spark2	SERVING	14.150	4.097
2026-09-28T05:22:36.011Z	spark1	SERVING	10.876	7.202
2026-09-28T05:22:40.959Z	spark2	SERVING	14.151	4.097
2026-09-28T05:22:41.138Z	spark1	SERVING	10.899	7.202
2026-09-28T05:22:46.060Z	spark2	SERVING	14.145	4.097
2026-09-28T05:22:46.253Z	spark1	SERVING	10.868	7.202
2026-09-28T05:22:51.183Z	spark2	SERVING	14.147	4.097
2026-09-28T05:22:51.373Z	spark1	SERVING	10.877	7.202
2026-09-28T05:22:56.293Z	spark2	SERVING	14.135	4.097
2026-09-28T05:22:56.490Z	spark1	SERVING	10.880	7.202
2026-09-28T05:23:01.395Z	spark2	SERVING	14.138	4.097
2026-09-28T05:23:01.616Z	spark1	SERVING	10.875	7.202
2026-09-28T05:23:06.514Z	spark2	SERVING	14.135	4.097
2026-09-28T05:23:06.743Z	spark1	SERVING	10.891	7.202
2026-09-28T05:23:11.626Z	spark2	SERVING	14.139	4.097
2026-09-28T05:23:11.866Z	spark1	SERVING	10.908	7.201
2026-09-28T05:23:16.740Z	spark2	SERVING	14.140	4.097
2026-09-28T05:23:16.991Z	spark1	SERVING	10.884	7.201
2026-09-28T05:23:21.855Z	spark2	SERVING	14.124	4.097
2026-09-28T05:23:22.126Z	spark1	SERVING	10.896	7.201
2026-09-28T05:23:26.965Z	spark2	SERVING	14.131	4.097
2026-09-28T05:23:27.259Z	spark1	SERVING	10.893	7.201
2026-09-28T05:23:32.086Z	spark2	SERVING	14.136	4.097
2026-09-28T05:23:32.379Z	spark1	SERVING	10.899	7.201
2026-09-28T05:23:37.207Z	spark2	SERVING	14.136	4.097
2026-09-28T05:23:37.509Z	spark1	SERVING	10.909	7.201
2026-09-28T05:23:42.328Z	spark2	SERVING	14.109	4.097
2026-09-28T05:23:42.641Z	spark1	SERVING	10.889	7.201
2026-09-28T05:23:47.451Z	spark2	SERVING	14.121	4.097
2026-09-28T05:23:47.761Z	spark1	SERVING	10.878	7.201
2026-09-28T05:23:52.570Z	spark2	SERVING	14.114	4.097
2026-09-28T05:23:52.891Z	spark1	SERVING	10.871	7.201
2026-09-28T05:23:57.684Z	spark2	SERVING	14.124	4.097
2026-09-28T05:23:58.016Z	spark1	SERVING	10.874	7.201
2026-09-28T05:24:02.804Z	spark2	SERVING	14.113	4.097
2026-09-28T05:24:03.141Z	spark1	SERVING	10.850	7.201
2026-09-28T05:24:07.923Z	spark2	SERVING	14.123	4.097
2026-09-28T05:24:08.262Z	spark1	SERVING	10.871	7.201
2026-09-28T05:24:13.036Z	spark2	SERVING	14.784	4.097
2026-09-28T05:24:13.386Z	spark1	SERVING	10.886	7.201
2026-09-28T05:24:18.158Z	spark2	SERVING	14.797	4.097
2026-09-28T05:24:18.515Z	spark1	SERVING	10.882	7.201
2026-09-28T05:24:23.285Z	spark2	SERVING	14.797	4.097
2026-09-28T05:24:23.638Z	spark1	SERVING	10.897	7.201
2026-09-28T05:24:28.397Z	spark2	SERVING	14.795	4.097
2026-09-28T05:24:28.767Z	spark1	SERVING	10.894	7.201
2026-09-28T05:24:33.521Z	spark2	SERVING	14.795	4.097
2026-09-28T05:24:33.898Z	spark1	SERVING	10.914	7.198
2026-09-28T05:24:38.641Z	spark2	SERVING	14.777	4.097
2026-09-28T05:24:39.034Z	spark1	SERVING	10.874	7.198
2026-09-28T05:24:43.760Z	spark2	SERVING	14.776	4.097
2026-09-28T05:24:44.162Z	spark1	SERVING	10.887	7.198
2026-09-28T05:24:48.876Z	spark2	SERVING	14.778	4.097
2026-09-28T05:24:49.292Z	spark1	SERVING	10.854	7.198
2026-09-28T05:24:53.998Z	spark2	SERVING	14.578	4.097
2026-09-28T05:24:54.425Z	spark1	SERVING	10.518	7.198
2026-09-28T05:24:59.085Z	spark2	SERVING	14.387	4.097
2026-09-28T05:24:59.498Z	spark1	SERVING	10.266	7.198
2026-09-28T05:25:04.192Z	spark2	SERVING	14.398	4.097
2026-09-28T05:25:04.619Z	spark1	SERVING	10.407	7.198
2026-09-28T05:25:09.304Z	spark2	SERVING	14.468	4.097
2026-09-28T05:25:09.748Z	spark1	SERVING	10.557	7.198
2026-09-28T05:25:14.428Z	spark2	SERVING	14.539	4.097
2026-09-28T05:25:14.868Z	spark1	SERVING	10.623	7.197
2026-09-28T05:25:19.547Z	spark2	SERVING	14.608	4.097
2026-09-28T05:25:20.004Z	spark1	SERVING	10.712	7.197
2026-09-28T05:25:24.670Z	spark2	SERVING	14.649	4.097
2026-09-28T05:25:25.126Z	spark1	SERVING	10.773	7.197
2026-09-28T05:25:29.783Z	spark2	SERVING	14.684	4.097
2026-09-28T05:25:30.271Z	spark1	SERVING	10.786	7.197
2026-09-28T05:25:34.900Z	spark2	SERVING	14.704	4.097
2026-09-28T05:25:35.397Z	spark1	SERVING	10.826	7.197
2026-09-28T05:25:40.015Z	spark2	SERVING	14.727	4.097
2026-09-28T05:25:40.513Z	spark1	SERVING	10.809	7.197
2026-09-28T05:25:45.131Z	spark2	SERVING	14.726	4.097
2026-09-28T05:25:45.638Z	spark1	SERVING	10.766	7.197
2026-09-28T05:25:50.244Z	spark2	SERVING	14.728	4.097
2026-09-28T05:25:50.759Z	spark1	SERVING	10.800	7.196
2026-09-28T05:25:55.362Z	spark2	SERVING	14.723	4.097
2026-09-28T05:25:55.881Z	spark1	SERVING	10.773	7.196
2026-09-28T05:26:00.489Z	spark2	SERVING	14.722	4.097
2026-09-28T05:26:01.024Z	spark1	SERVING	10.783	7.196
2026-09-28T05:26:05.603Z	spark2	SERVING	14.726	4.097
2026-09-28T05:26:06.146Z	spark1	SERVING	10.800	7.196
2026-09-28T05:26:10.720Z	spark2	SERVING	14.728	4.097
2026-09-28T05:26:11.272Z	spark1	SERVING	10.795	7.196
2026-09-28T05:26:15.836Z	spark2	SERVING	14.729	4.097
2026-09-28T05:26:16.403Z	spark1	SERVING	10.786	7.196
2026-09-28T05:26:20.955Z	spark2	SERVING	14.723	4.097
2026-09-28T05:26:21.533Z	spark1	SERVING	10.794	7.196
2026-09-28T05:26:26.074Z	spark2	SERVING	14.724	4.097
2026-09-28T05:26:26.657Z	spark1	SERVING	10.805	7.196
2026-09-28T05:26:31.190Z	spark2	SERVING	14.730	4.097
2026-09-28T05:26:31.779Z	spark1	SERVING	10.771	7.196
2026-09-28T05:26:36.311Z	spark2	SERVING	14.739	4.097
2026-09-28T05:26:36.892Z	spark1	SERVING	10.800	7.196
2026-09-28T05:26:41.426Z	spark2	SERVING	14.741	4.097
2026-09-28T05:26:42.020Z	spark1	SERVING	10.794	7.196
2026-09-28T05:26:46.539Z	spark2	SERVING	14.741	4.097
2026-09-28T05:26:47.135Z	spark1	SERVING	10.811	7.196
2026-09-28T05:26:51.653Z	spark2	SERVING	14.721	4.097
2026-09-28T05:26:52.270Z	spark1	SERVING	10.806	7.196
2026-09-28T05:26:56.775Z	spark2	SERVING	14.726	4.097
2026-09-28T05:26:57.407Z	spark1	SERVING	10.824	7.196
2026-09-28T05:27:01.884Z	spark2	SERVING	14.725	4.097
2026-09-28T05:27:02.537Z	spark1	SERVING	10.790	7.196
2026-09-28T05:27:06.997Z	spark2	SERVING	14.725	4.097
2026-09-28T05:27:07.664Z	spark1	SERVING	10.806	7.196
2026-09-28T05:27:12.108Z	spark2	SERVING	14.725	4.097
2026-09-28T05:27:12.795Z	spark1	SERVING	10.784	7.195
2026-09-28T05:27:17.227Z	spark2	SERVING	14.736	4.097
2026-09-28T05:27:17.921Z	spark1	SERVING	10.790	7.195
2026-09-28T05:27:22.354Z	spark2	SERVING	14.734	4.097
2026-09-28T05:27:23.045Z	spark1	SERVING	10.810	7.195
2026-09-28T05:27:27.472Z	spark2	SERVING	14.721	4.096
2026-09-28T05:27:28.180Z	spark1	SERVING	10.765	7.195
2026-09-28T05:27:32.586Z	spark2	SERVING	14.726	4.096
2026-09-28T05:27:33.311Z	spark1	SERVING	10.796	7.195
2026-09-28T05:27:37.711Z	spark2	SERVING	14.729	4.096
2026-09-28T05:27:38.444Z	spark1	SERVING	10.795	7.195
2026-09-28T05:27:42.817Z	spark2	SERVING	14.732	4.096
2026-09-28T05:27:43.568Z	spark1	SERVING	10.795	7.195
2026-09-28T05:27:47.936Z	spark2	SERVING	14.739	4.096
2026-09-28T05:27:48.692Z	spark1	SERVING	10.780	7.195
2026-09-28T05:27:53.059Z	spark2	SERVING	14.743	4.096
2026-09-28T05:27:53.813Z	spark1	SERVING	10.784	7.195
2026-09-28T05:27:58.175Z	spark2	SERVING	14.728	4.096
2026-09-28T05:27:58.930Z	spark1	SERVING	10.763	7.195
2026-09-28T05:28:03.296Z	spark2	SERVING	14.723	4.096
2026-09-28T05:28:04.058Z	spark1	SERVING	10.779	7.195
2026-09-28T05:28:08.411Z	spark2	SERVING	14.725	4.096
2026-09-28T05:28:09.176Z	spark1	SERVING	10.801	7.194
2026-09-28T05:28:13.531Z	spark2	SERVING	14.726	4.096
2026-09-28T05:28:14.300Z	spark1	SERVING	10.814	7.194
2026-09-28T05:28:18.650Z	spark2	SERVING	14.726	4.096
2026-09-28T05:28:19.427Z	spark1	SERVING	10.830	7.194
2026-09-28T05:28:23.765Z	spark2	SERVING	14.714	4.096
2026-09-28T05:28:24.557Z	spark1	SERVING	10.822	7.194
2026-09-28T05:28:28.882Z	spark2	SERVING	14.713	4.096
2026-09-28T05:28:29.682Z	spark1	SERVING	10.826	7.194
2026-09-28T05:28:33.994Z	spark2	SERVING	14.725	4.096
2026-09-28T05:28:34.803Z	spark1	SERVING	10.804	7.194
2026-09-28T05:28:39.121Z	spark2	SERVING	14.730	4.096
2026-09-28T05:28:39.918Z	spark1	SERVING	10.824	7.194
2026-09-28T05:28:44.243Z	spark2	SERVING	14.712	4.096
2026-09-28T05:28:45.044Z	spark1	SERVING	10.813	7.194
2026-09-28T05:28:49.363Z	spark2	SERVING	14.714	4.096
2026-09-28T05:28:50.178Z	spark1	SERVING	10.836	7.194
2026-09-28T05:28:54.479Z	spark2	SERVING	14.719	4.096
2026-09-28T05:28:55.310Z	spark1	SERVING	10.801	7.194
2026-09-28T05:28:59.589Z	spark2	SERVING	14.732	4.096
2026-09-28T05:29:00.439Z	spark1	SERVING	10.827	7.194
2026-09-28T05:29:04.710Z	spark2	SERVING	14.732	4.096
2026-09-28T05:29:05.563Z	spark1	SERVING	10.797	7.194
2026-09-28T05:29:09.827Z	spark2	SERVING	14.714	4.096
2026-09-28T05:29:10.682Z	spark1	SERVING	10.799	7.194
2026-09-28T05:29:14.943Z	spark2	SERVING	14.722	4.096
2026-09-28T05:29:15.800Z	spark1	SERVING	10.823	7.194
2026-09-28T05:29:20.059Z	spark2	SERVING	14.718	4.095
2026-09-28T05:29:20.927Z	spark1	SERVING	10.776	7.194
2026-09-28T05:29:25.172Z	spark2	SERVING	14.722	4.095
2026-09-28T05:29:26.047Z	spark1	SERVING	10.800	7.194
2026-09-28T05:29:30.279Z	spark2	SERVING	14.729	4.095
2026-09-28T05:29:31.178Z	spark1	SERVING	10.800	7.194
2026-09-28T05:29:35.396Z	spark2	SERVING	14.731	4.095
2026-09-28T05:29:36.310Z	spark1	SERVING	10.811	7.194
2026-09-28T05:29:40.507Z	spark2	SERVING	14.715	4.095
2026-09-28T05:29:41.439Z	spark1	SERVING	10.794	7.194
2026-09-28T05:29:45.626Z	spark2	SERVING	14.719	4.095
2026-09-28T05:29:46.552Z	spark1	SERVING	10.803	7.194
2026-09-28T05:29:50.742Z	spark2	SERVING	14.717	4.095
2026-09-28T05:29:51.667Z	spark1	SERVING	10.784	7.194
2026-09-28T05:29:55.856Z	spark2	SERVING	14.728	4.095
2026-09-28T05:29:56.788Z	spark1	SERVING	10.831	7.194
2026-09-28T05:30:00.976Z	spark2	SERVING	14.726	4.095
2026-09-28T05:30:01.913Z	spark1	SERVING	10.816	7.194
2026-09-28T05:30:06.086Z	spark2	SERVING	14.721	4.095
2026-09-28T05:30:07.031Z	spark1	SERVING	10.834	7.194
2026-09-28T05:30:11.207Z	spark2	SERVING	14.721	4.095
2026-09-28T05:30:12.158Z	spark1	SERVING	10.801	7.194
2026-09-28T05:30:16.325Z	spark2	SERVING	14.721	4.095
2026-09-28T05:30:17.289Z	spark1	SERVING	10.821	7.194
2026-09-28T05:30:21.442Z	spark2	SERVING	14.721	4.095
2026-09-28T05:30:22.420Z	spark1	SERVING	10.825	7.194
2026-09-28T05:30:26.561Z	spark2	SERVING	14.725	4.095
2026-09-28T05:30:27.551Z	spark1	SERVING	10.820	7.194
2026-09-28T05:30:31.686Z	spark2	SERVING	14.728	4.095
2026-09-28T05:30:32.674Z	spark1	SERVING	10.830	7.193
2026-09-28T05:30:36.813Z	spark2	SERVING	14.733	4.095
2026-09-28T05:30:37.804Z	spark1	SERVING	10.806	7.193
2026-09-28T05:30:41.938Z	spark2	SERVING	14.733	4.095
2026-09-28T05:30:42.931Z	spark1	SERVING	10.825	7.193
2026-09-28T05:30:47.054Z	spark2	SERVING	14.725	4.095
2026-09-28T05:30:48.067Z	spark1	SERVING	10.799	7.193
2026-09-28T05:30:52.175Z	spark2	SERVING	14.728	4.095
2026-09-28T05:30:53.198Z	spark1	SERVING	10.805	7.193
2026-09-28T05:30:57.292Z	spark2	SERVING	14.728	4.095
2026-09-28T05:30:58.324Z	spark1	SERVING	10.774	7.193
2026-09-28T05:31:02.408Z	spark2	SERVING	14.718	4.095
2026-09-28T05:31:03.455Z	spark1	SERVING	10.794	7.193
2026-09-28T05:31:07.535Z	spark2	SERVING	14.723	4.095
2026-09-28T05:31:08.589Z	spark1	SERVING	10.809	7.193
2026-09-28T05:31:12.650Z	spark2	SERVING	14.707	4.095
2026-09-28T05:31:13.717Z	spark1	SERVING	10.788	7.193
2026-09-28T05:31:17.778Z	spark2	SERVING	14.716	4.095
2026-09-28T05:31:18.845Z	spark1	SERVING	10.794	7.193
2026-09-28T05:31:22.897Z	spark2	SERVING	14.724	4.095
2026-09-28T05:31:23.965Z	spark1	SERVING	10.788	7.193
2026-09-28T05:31:28.018Z	spark2	SERVING	14.727	4.095
2026-09-28T05:31:29.095Z	spark1	SERVING	10.812	7.193
2026-09-28T05:31:33.141Z	spark2	SERVING	14.724	4.095
2026-09-28T05:31:34.221Z	spark1	SERVING	10.806	7.193
2026-09-28T05:31:38.258Z	spark2	SERVING	14.728	4.095
2026-09-28T05:31:39.343Z	spark1	SERVING	10.819	7.193
2026-09-28T05:31:43.379Z	spark2	SERVING	14.725	4.095
2026-09-28T05:31:44.466Z	spark1	SERVING	10.786	7.191
2026-09-28T05:31:48.471Z	spark2	SERVING	14.722	4.095
2026-09-28T05:31:49.594Z	spark1	SERVING	10.825	7.191
2026-09-28T05:31:53.591Z	spark2	SERVING	14.722	4.095
2026-09-28T05:31:54.726Z	spark1	SERVING	10.801	7.191
2026-09-28T05:31:58.713Z	spark2	SERVING	14.732	4.095
2026-09-28T05:31:59.856Z	spark1	SERVING	10.821	7.191
2026-09-28T05:32:03.836Z	spark2	SERVING	14.732	4.095
2026-09-28T05:32:04.979Z	spark1	SERVING	10.808	7.191
2026-09-28T05:32:08.941Z	spark2	SERVING	14.707	4.095
2026-09-28T05:32:10.107Z	spark1	SERVING	10.779	7.191
2026-09-28T05:32:14.056Z	spark2	SERVING	14.708	4.095
2026-09-28T05:32:15.244Z	spark1	SERVING	10.825	7.191
2026-09-28T05:32:19.176Z	spark2	SERVING	14.706	4.095
2026-09-28T05:32:20.376Z	spark1	SERVING	10.785	7.191
2026-09-28T05:32:24.293Z	spark2	SERVING	14.712	4.095
2026-09-28T05:32:25.513Z	spark1	SERVING	10.820	7.191
2026-09-28T05:32:29.411Z	spark2	SERVING	14.712	4.095
2026-09-28T05:32:30.653Z	spark1	SERVING	10.784	7.190
2026-09-28T05:32:34.530Z	spark2	SERVING	14.718	4.095
2026-09-28T05:32:35.783Z	spark1	SERVING	10.805	7.190
2026-09-28T05:32:39.643Z	spark2	SERVING	14.720	4.095
2026-09-28T05:32:40.907Z	spark1	SERVING	10.786	7.190
2026-09-28T05:32:44.759Z	spark2	SERVING	14.720	4.095
2026-09-28T05:32:46.038Z	spark1	SERVING	10.801	7.190
2026-09-28T05:32:49.870Z	spark2	SERVING	14.720	4.095
2026-09-28T05:32:51.170Z	spark1	SERVING	10.800	7.190
2026-09-28T05:32:54.988Z	spark2	SERVING	14.735	4.095
2026-09-28T05:32:56.300Z	spark1	SERVING	10.794	7.190
2026-09-28T05:33:00.106Z	spark2	SERVING	14.735	4.095
2026-09-28T05:33:01.434Z	spark1	SERVING	10.812	7.190
2026-09-28T05:33:05.221Z	spark2	SERVING	14.722	4.095
2026-09-28T05:33:06.563Z	spark1	SERVING	10.808	7.190
2026-09-28T05:33:10.338Z	spark2	SERVING	14.725	4.095
2026-09-28T05:33:11.699Z	spark1	SERVING	10.813	7.189
2026-09-28T05:33:15.449Z	spark2	SERVING	14.734	4.095
2026-09-28T05:33:16.833Z	spark1	SERVING	10.766	7.189
2026-09-28T05:33:20.565Z	spark2	SERVING	14.734	4.095
2026-09-28T05:33:21.965Z	spark1	SERVING	10.798	7.189
2026-09-28T05:33:25.680Z	spark2	SERVING	14.726	4.095
2026-09-28T05:33:27.086Z	spark1	SERVING	10.778	7.189
2026-09-28T05:33:30.793Z	spark2	SERVING	14.731	4.095
2026-09-28T05:33:32.214Z	spark1	SERVING	10.806	7.189
2026-09-28T05:33:35.914Z	spark2	SERVING	14.718	4.095
2026-09-28T05:33:37.348Z	spark1	SERVING	10.763	7.189
2026-09-28T05:33:41.040Z	spark2	SERVING	14.735	4.095
2026-09-28T05:33:42.476Z	spark1	SERVING	10.774	7.189
2026-09-28T05:33:46.152Z	spark2	SERVING	14.734	4.095
2026-09-28T05:33:47.609Z	spark1	SERVING	10.788	7.189
2026-09-28T05:33:51.273Z	spark2	SERVING	14.722	4.095
2026-09-28T05:33:52.735Z	spark1	SERVING	10.786	7.189
2026-09-28T05:33:56.392Z	spark2	SERVING	14.727	4.095
2026-09-28T05:33:57.850Z	spark1	SERVING	10.772	7.189
2026-09-28T05:34:01.515Z	spark2	SERVING	14.723	4.095
2026-09-28T05:34:02.985Z	spark1	SERVING	10.794	7.189
2026-09-28T05:34:06.631Z	spark2	SERVING	14.725	4.095
2026-09-28T05:34:08.111Z	spark1	SERVING	10.800	7.189
2026-09-28T05:34:11.740Z	spark2	SERVING	14.735	4.095
2026-09-28T05:34:13.236Z	spark1	SERVING	10.803	7.189
2026-09-28T05:34:16.860Z	spark2	SERVING	14.735	4.095
2026-09-28T05:34:18.356Z	spark1	SERVING	10.799	7.189
2026-09-28T05:34:21.980Z	spark2	SERVING	14.718	4.094
2026-09-28T05:34:23.476Z	spark1	SERVING	10.777	7.189
2026-09-28T05:34:27.104Z	spark2	SERVING	14.720	4.094
2026-09-28T05:34:28.606Z	spark1	SERVING	10.793	7.189
2026-09-28T05:34:32.223Z	spark2	SERVING	14.710	4.094
2026-09-28T05:34:33.736Z	spark1	SERVING	10.795	7.189
2026-09-28T05:34:37.340Z	spark2	SERVING	14.711	4.094
2026-09-28T05:34:38.872Z	spark1	SERVING	10.804	7.189
2026-09-28T05:34:42.452Z	spark2	SERVING	14.711	4.094
2026-09-28T05:34:43.995Z	spark1	SERVING	10.760	7.189
2026-09-28T05:34:47.570Z	spark2	SERVING	14.710	4.094
2026-09-28T05:34:49.125Z	spark1	SERVING	10.767	7.189
2026-09-28T05:34:52.690Z	spark2	SERVING	14.714	4.094
2026-09-28T05:34:54.249Z	spark1	SERVING	10.794	7.189
2026-09-28T05:34:57.812Z	spark2	SERVING	14.719	4.094
2026-09-28T05:34:59.380Z	spark1	SERVING	10.781	7.189
2026-09-28T05:35:02.931Z	spark2	SERVING	14.720	4.094
2026-09-28T05:35:04.500Z	spark1	SERVING	10.782	7.189
2026-09-28T05:35:08.048Z	spark2	SERVING	14.718	4.094
2026-09-28T05:35:09.630Z	spark1	SERVING	10.778	7.189
2026-09-28T05:35:13.164Z	spark2	SERVING	14.721	4.094
2026-09-28T05:35:14.758Z	spark1	SERVING	10.796	7.189
2026-09-28T05:35:18.278Z	spark2	SERVING	14.720	4.094
2026-09-28T05:35:19.883Z	spark1	SERVING	10.776	7.189
2026-09-28T05:35:23.394Z	spark2	SERVING	14.720	4.094
2026-09-28T05:35:25.010Z	spark1	SERVING	10.777	7.189
2026-09-28T05:35:28.511Z	spark2	SERVING	14.714	4.094
2026-09-28T05:35:30.144Z	spark1	SERVING	10.769	7.189
2026-09-28T05:35:33.631Z	spark2	SERVING	14.717	4.094
2026-09-28T05:35:35.267Z	spark1	SERVING	10.780	7.189
2026-09-28T05:35:38.747Z	spark2	SERVING	14.697	4.094
2026-09-28T05:35:40.384Z	spark1	SERVING	10.761	7.189
2026-09-28T05:35:43.860Z	spark2	SERVING	14.711	4.094
2026-09-28T05:35:45.502Z	spark1	SERVING	10.765	7.189
2026-09-28T05:35:48.967Z	spark2	SERVING	14.713	4.094
2026-09-28T05:35:50.624Z	spark1	SERVING	10.744	7.189
2026-09-28T05:35:54.082Z	spark2	SERVING	14.728	4.094
2026-09-28T05:35:55.755Z	spark1	SERVING	10.776	7.189
2026-09-28T05:35:59.202Z	spark2	SERVING	14.729	4.094
2026-09-28T05:36:00.877Z	spark1	SERVING	10.762	7.189
2026-09-28T05:36:04.319Z	spark2	SERVING	14.732	4.094
2026-09-28T05:36:06.005Z	spark1	SERVING	10.763	7.189
2026-09-28T05:36:09.433Z	spark2	SERVING	14.732	4.094
2026-09-28T05:36:11.132Z	spark1	SERVING	10.785	7.189
2026-09-28T05:36:14.553Z	spark2	SERVING	14.724	4.094
2026-09-28T05:36:16.267Z	spark1	SERVING	10.776	7.189
2026-09-28T05:36:19.671Z	spark2	SERVING	14.724	4.094
2026-09-28T05:36:21.406Z	spark1	SERVING	10.788	7.189
2026-09-28T05:36:24.792Z	spark2	SERVING	14.736	4.094
2026-09-28T05:36:26.529Z	spark1	SERVING	10.741	7.189
2026-09-28T05:36:29.909Z	spark2	SERVING	14.736	4.094
2026-09-28T05:36:31.651Z	spark1	SERVING	10.766	7.189
2026-09-28T05:36:35.029Z	spark2	SERVING	14.719	4.094
2026-09-28T05:36:36.771Z	spark1	SERVING	10.763	7.188
2026-09-28T05:36:39.587Z	spark1	SERVING	9.695	7.188
2026-09-28T05:36:40.141Z	spark2	SERVING	13.548	4.094
2026-09-28T05:36:40.857Z	spark1	SERVING	9.688	7.188
2026-09-28T05:36:42.141Z	spark1	SERVING	9.687	7.188
2026-09-28T05:36:42.392Z	spark1	SERVING	9.685	7.188
2026-09-28T05:36:42.893Z	spark1	SERVING	9.685	7.188
2026-09-28T05:36:43.160Z	spark1	SERVING	9.674	7.188
2026-09-28T05:36:43.411Z	spark1	SERVING	9.638	7.188
2026-09-28T05:36:43.662Z	spark1	SERVING	9.519	7.188
2026-09-28T05:36:43.912Z	spark1	SERVING	9.506	7.188
2026-09-28T05:36:44.178Z	spark1	SERVING	9.476	7.188
2026-09-28T05:36:44.680Z	spark1	SERVING	9.459	7.188
2026-09-28T05:36:44.930Z	spark1	SERVING	9.381	7.188
2026-09-28T05:36:45.227Z	spark2	SERVING	13.258	4.094
2026-09-28T05:36:46.957Z	spark1	SERVING	9.357	7.188
2026-09-28T05:36:47.219Z	spark1	SERVING	9.246	7.188
2026-09-28T05:36:47.469Z	spark1	SERVING	9.178	7.188
2026-09-28T05:36:47.720Z	spark1	SERVING	9.151	7.188
2026-09-28T05:36:48.241Z	spark1	SERVING	9.046	7.188
2026-09-28T05:36:48.742Z	spark1	SERVING	9.046	7.188
2026-09-28T05:36:48.992Z	spark1	SERVING	9.033	7.188
2026-09-28T05:36:49.252Z	spark1	SERVING	9.003	7.187
2026-09-28T05:36:49.503Z	spark1	SERVING	8.990	7.187
2026-09-28T05:36:49.753Z	spark1	SERVING	8.965	7.187
2026-09-28T05:36:50.004Z	spark1	SERVING	8.965	7.187
2026-09-28T05:36:50.327Z	spark2	SERVING	13.241	4.094
2026-09-28T05:36:51.293Z	spark1	SERVING	8.950	7.187
2026-09-28T05:36:51.544Z	spark1	SERVING	8.940	7.187
2026-09-28T05:36:51.794Z	spark1	SERVING	8.920	7.187
2026-09-28T05:36:52.819Z	spark1	SERVING	8.911	7.187
2026-09-28T05:36:53.069Z	spark1	SERVING	8.901	7.187
2026-09-28T05:36:53.331Z	spark1	SERVING	8.885	7.187
2026-09-28T05:36:53.833Z	spark1	SERVING	8.871	7.187
2026-09-28T05:36:54.083Z	spark1	SERVING	8.871	7.187
2026-09-28T05:36:55.363Z	spark1	SERVING	8.846	7.187
2026-09-28T05:36:55.446Z	spark2	SERVING	13.257	4.094
2026-09-28T05:36:55.863Z	spark1	SERVING	8.832	7.187
2026-09-28T05:36:57.907Z	spark1	SERVING	8.817	7.187
2026-09-28T05:36:58.158Z	spark1	SERVING	8.815	7.187
2026-09-28T05:36:58.431Z	spark1	SERVING	8.801	7.187
2026-09-28T05:36:58.682Z	spark1	SERVING	8.797	7.187
2026-09-28T05:36:59.183Z	spark1	SERVING	8.761	7.187
2026-09-28T05:37:00.564Z	spark2	SERVING	13.253	4.094
2026-09-28T05:37:04.303Z	spark1	SERVING	8.815	7.187
2026-09-28T05:37:05.661Z	spark2	SERVING	13.259	4.094
2026-09-28T05:37:09.431Z	spark1	SERVING	8.859	7.186
2026-09-28T05:37:10.768Z	spark2	SERVING	13.264	4.094
2026-09-28T05:37:14.549Z	spark1	SERVING	8.911	7.186
2026-09-28T05:37:15.880Z	spark2	SERVING	13.265	4.094
2026-09-28T05:37:19.672Z	spark1	SERVING	8.975	7.186
2026-09-28T05:37:20.989Z	spark2	SERVING	13.266	4.094
2026-09-28T05:37:24.794Z	spark1	SERVING	8.984	7.186
2026-09-28T05:37:26.099Z	spark2	SERVING	13.259	4.094
2026-09-28T05:37:29.908Z	spark1	SERVING	8.982	7.186
2026-09-28T05:37:31.213Z	spark2	SERVING	13.259	4.094
2026-09-28T05:37:35.025Z	spark1	SERVING	8.983	7.186
2026-09-28T05:37:36.315Z	spark2	SERVING	13.255	4.094
2026-09-28T05:37:40.143Z	spark1	SERVING	9.035	7.186
2026-09-28T05:37:41.426Z	spark2	SERVING	13.256	4.094
2026-09-28T05:37:45.252Z	spark1	SERVING	9.048	7.186
2026-09-28T05:37:46.543Z	spark2	SERVING	13.247	4.094
2026-09-28T05:37:50.380Z	spark1	SERVING	9.063	7.186
2026-09-28T05:37:51.632Z	spark2	SERVING	13.248	4.094
2026-09-28T05:37:55.499Z	spark1	SERVING	9.034	7.186
2026-09-28T05:37:56.741Z	spark2	SERVING	13.265	4.093
2026-09-28T05:37:57.257Z	spark2	SERVING	13.009	4.093
2026-09-28T05:37:57.289Z	spark1	SERVING	8.744	7.186
2026-09-28T05:37:57.507Z	spark2	SERVING	12.938	4.093
2026-09-28T05:37:57.540Z	spark1	SERVING	8.700	7.186
2026-09-28T05:37:57.758Z	spark2	SERVING	12.925	4.093
2026-09-28T05:37:57.803Z	spark1	SERVING	8.681	7.186
2026-09-28T05:37:58.816Z	spark1	SERVING	8.665	7.186
2026-09-28T05:38:01.864Z	spark1	SERVING	8.657	7.186
2026-09-28T05:38:02.114Z	spark1	SERVING	8.505	7.186
2026-09-28T05:38:02.365Z	spark1	SERVING	8.441	7.186
2026-09-28T05:38:02.615Z	spark1	SERVING	8.378	7.186
2026-09-28T05:38:02.835Z	spark2	SERVING	12.907	4.093
2026-09-28T05:38:02.883Z	spark1	SERVING	8.300	7.186
2026-09-28T05:38:03.085Z	spark2	SERVING	12.907	4.093
2026-09-28T05:38:05.687Z	spark1	SERVING	8.291	7.186
2026-09-28T05:38:08.203Z	spark2	SERVING	13.004	4.093
2026-09-28T05:38:10.799Z	spark1	SERVING	8.438	7.186
2026-09-28T05:38:13.323Z	spark2	SERVING	13.075	4.093
2026-09-28T05:38:15.938Z	spark1	SERVING	8.573	7.186
2026-09-28T05:38:18.430Z	spark2	SERVING	13.110	4.093
2026-09-28T05:38:21.074Z	spark1	SERVING	8.655	7.186
2026-09-28T05:38:23.535Z	spark2	SERVING	13.153	4.093
2026-09-28T05:38:26.183Z	spark1	SERVING	8.743	7.186
2026-09-28T05:38:28.667Z	spark2	SERVING	13.190	4.093
2026-09-28T05:38:31.307Z	spark1	SERVING	8.796	7.186
2026-09-28T05:38:33.764Z	spark2	SERVING	13.211	4.093
2026-09-28T05:38:36.428Z	spark1	SERVING	8.890	7.186
2026-09-28T05:38:38.881Z	spark2	SERVING	13.220	4.093
2026-09-28T05:38:41.541Z	spark1	SERVING	9.019	7.186
2026-09-28T05:38:43.995Z	spark2	SERVING	13.240	4.093
2026-09-28T05:38:46.661Z	spark1	SERVING	8.996	7.186
2026-09-28T05:38:49.116Z	spark2	SERVING	13.244	4.093
2026-09-28T05:38:51.775Z	spark1	SERVING	8.968	7.186
2026-09-28T05:38:54.222Z	spark2	SERVING	13.247	4.093
2026-09-28T05:38:56.897Z	spark1	SERVING	9.020	7.186
2026-09-28T05:38:59.333Z	spark2	SERVING	13.247	4.093
2026-09-28T05:39:02.013Z	spark1	SERVING	9.032	7.186
2026-09-28T05:39:04.442Z	spark2	SERVING	13.250	4.093
2026-09-28T05:39:07.148Z	spark1	SERVING	9.004	7.186
2026-09-28T05:39:09.565Z	spark2	SERVING	13.250	4.093
2026-09-28T05:39:12.275Z	spark1	SERVING	8.978	7.185
2026-09-28T05:39:14.683Z	spark2	SERVING	13.246	4.093
2026-09-28T05:39:17.411Z	spark1	SERVING	8.930	7.185
2026-09-28T05:39:19.775Z	spark2	SERVING	13.247	4.093
2026-09-28T05:39:22.531Z	spark1	SERVING	8.963	7.185
2026-09-28T05:39:24.897Z	spark2	SERVING	13.240	4.093
2026-09-28T05:39:27.648Z	spark1	SERVING	8.962	7.185
2026-09-28T05:39:30.020Z	spark2	SERVING	13.247	4.093
2026-09-28T05:39:32.765Z	spark1	SERVING	8.990	7.185
2026-09-28T05:39:35.112Z	spark2	SERVING	13.248	4.093
2026-09-28T05:39:37.888Z	spark1	SERVING	8.943	7.185
2026-09-28T05:39:40.237Z	spark2	SERVING	13.240	4.093
2026-09-28T05:39:43.011Z	spark1	SERVING	8.981	7.185
2026-09-28T05:39:45.350Z	spark2	SERVING	13.245	4.093
2026-09-28T05:39:48.136Z	spark1	SERVING	8.987	7.185
2026-09-28T05:39:50.446Z	spark2	SERVING	13.247	4.093
2026-09-28T05:39:53.254Z	spark1	SERVING	9.001	7.185
2026-09-28T05:39:55.538Z	spark2	SERVING	13.249	4.093
2026-09-28T05:39:58.391Z	spark1	SERVING	8.991	7.185
2026-09-28T05:40:00.656Z	spark2	SERVING	13.242	4.093
2026-09-28T05:40:03.521Z	spark1	SERVING	8.984	7.185
2026-09-28T05:40:05.775Z	spark2	SERVING	13.244	4.093
2026-09-28T05:40:08.648Z	spark1	SERVING	8.990	7.185
2026-09-28T05:40:10.893Z	spark2	SERVING	13.237	4.093
2026-09-28T05:40:13.780Z	spark1	SERVING	8.969	7.185
2026-09-28T05:40:16.017Z	spark2	SERVING	13.241	4.093
2026-09-28T05:40:18.909Z	spark1	SERVING	9.017	7.185
2026-09-28T05:40:21.134Z	spark2	SERVING	13.246	4.093
2026-09-28T05:40:24.039Z	spark1	SERVING	9.003	7.185
2026-09-28T05:40:26.246Z	spark2	SERVING	13.246	4.093
2026-09-28T05:40:29.166Z	spark1	SERVING	9.033	7.185
2026-09-28T05:40:31.368Z	spark2	SERVING	13.246	4.093
2026-09-28T05:40:34.298Z	spark1	SERVING	9.008	7.185
2026-09-28T05:40:36.486Z	spark2	SERVING	13.254	4.093
2026-09-28T05:40:39.426Z	spark1	SERVING	9.027	7.185
2026-09-28T05:40:41.606Z	spark2	SERVING	13.253	4.093
2026-09-28T05:40:44.563Z	spark1	SERVING	9.005	7.185
2026-09-28T05:40:46.722Z	spark2	SERVING	13.253	4.093
2026-09-28T05:40:49.693Z	spark1	SERVING	9.001	7.185
2026-09-28T05:40:51.841Z	spark2	SERVING	13.251	4.093
2026-09-28T05:40:54.826Z	spark1	SERVING	8.986	7.185
2026-09-28T05:40:56.961Z	spark2	SERVING	13.241	4.093
2026-09-28T05:40:59.952Z	spark1	SERVING	9.015	7.185
2026-09-28T05:41:02.083Z	spark2	SERVING	13.243	4.093
2026-09-28T05:41:05.088Z	spark1	SERVING	9.038	7.185
2026-09-28T05:41:07.205Z	spark2	SERVING	13.236	4.092
2026-09-28T05:41:10.225Z	spark1	SERVING	9.050	7.185
2026-09-28T05:41:12.322Z	spark2	SERVING	13.239	4.092
2026-09-28T05:41:15.362Z	spark1	SERVING	9.099	7.184
2026-09-28T05:41:17.441Z	spark2	SERVING	13.225	4.092
2026-09-28T05:41:20.500Z	spark1	SERVING	9.050	7.184
2026-09-28T05:41:22.558Z	spark2	SERVING	13.241	4.092
2026-09-28T05:41:25.626Z	spark1	SERVING	9.054	7.184
2026-09-28T05:41:27.682Z	spark2	SERVING	13.249	4.092
2026-09-28T05:41:30.757Z	spark1	SERVING	9.038	7.184
2026-09-28T05:41:32.802Z	spark2	SERVING	13.239	4.092
2026-09-28T05:41:35.876Z	spark1	SERVING	9.005	7.184
2026-09-28T05:41:37.921Z	spark2	SERVING	13.243	4.092
2026-09-28T05:41:41.015Z	spark1	SERVING	9.005	7.184
2026-09-28T05:41:43.035Z	spark2	SERVING	13.250	4.092
2026-09-28T05:41:43.797Z	spark2	SERVING	12.902	4.092
2026-09-28T05:41:46.116Z	spark1	SERVING	8.683	7.184
2026-09-28T05:41:48.104Z	spark2	SERVING	12.836	4.092
2026-09-28T05:41:48.370Z	spark2	SERVING	12.774	4.092
2026-09-28T05:41:48.620Z	spark2	SERVING	12.752	4.092
2026-09-28T05:41:48.871Z	spark2	SERVING	12.747	4.092
2026-09-28T05:41:49.122Z	spark2	SERVING	12.747	4.092
2026-09-28T05:41:50.188Z	spark1	SERVING	8.290	7.184
2026-09-28T05:41:50.465Z	spark1	SERVING	8.289	7.184
2026-09-28T05:41:50.966Z	spark1	SERVING	8.276	7.184
2026-09-28T05:41:51.216Z	spark1	SERVING	8.262	7.184
2026-09-28T05:41:51.438Z	spark2	SERVING	12.732	4.092
2026-09-28T05:41:51.483Z	spark1	SERVING	8.113	7.184
2026-09-28T05:41:51.689Z	spark2	SERVING	12.571	4.092
2026-09-28T05:41:51.734Z	spark1	SERVING	7.944	7.184
2026-09-28T05:41:51.940Z	spark2	SERVING	12.502	4.092
2026-09-28T05:41:51.984Z	spark1	SERVING	7.916	7.184
2026-09-28T05:41:52.235Z	spark1	SERVING	7.913	7.184
2026-09-28T05:41:55.271Z	spark2	SERVING	12.494	4.092
2026-09-28T05:41:55.316Z	spark1	SERVING	7.863	7.184
2026-09-28T05:41:55.537Z	spark2	SERVING	12.493	4.092
2026-09-28T05:41:55.583Z	spark1	SERVING	7.694	7.184
2026-09-28T05:41:55.788Z	spark2	SERVING	12.488	4.092
2026-09-28T05:41:55.833Z	spark1	SERVING	7.631	7.184
2026-09-28T05:41:56.560Z	spark2	SERVING	12.481	4.092
2026-09-28T05:41:56.811Z	spark2	SERVING	12.453	4.092
2026-09-28T05:41:56.858Z	spark1	SERVING	7.544	7.184
2026-09-28T05:41:57.109Z	spark1	SERVING	7.425	7.184
2026-09-28T05:41:57.360Z	spark1	SERVING	7.401	7.184
2026-09-28T05:42:01.889Z	spark2	SERVING	12.588	4.092
2026-09-28T05:42:01.932Z	spark1	SERVING	7.239	7.184
2026-09-28T05:42:02.182Z	spark1	SERVING	7.211	7.184
2026-09-28T05:42:02.433Z	spark1	SERVING	7.134	7.184
2026-09-28T05:42:02.696Z	spark1	SERVING	7.102	7.184
2026-09-28T05:42:06.265Z	spark1	SERVING	7.002	7.184
2026-09-28T05:42:06.516Z	spark1	SERVING	6.902	7.184
2026-09-28T05:42:06.778Z	spark1	SERVING	6.869	7.184
2026-09-28T05:42:06.993Z	spark2	SERVING	12.509	4.092
2026-09-28T05:42:11.064Z	spark2	SERVING	12.435	4.092
2026-09-28T05:42:11.314Z	spark2	SERVING	12.435	4.092
2026-09-28T05:42:11.342Z	spark1	SERVING	6.814	7.184
2026-09-28T05:42:11.565Z	spark2	SERVING	12.401	4.092
2026-09-28T05:42:11.592Z	spark1	SERVING	6.778	7.184
2026-09-28T05:42:11.854Z	spark1	SERVING	6.718	7.184
2026-09-28T05:42:12.104Z	spark1	SERVING	6.686	7.184
2026-09-28T05:42:12.355Z	spark1	SERVING	6.658	7.184
2026-09-28T05:42:12.606Z	spark1	SERVING	6.656	7.184
2026-09-28T05:42:16.667Z	spark2	SERVING	12.569	4.092
2026-09-28T05:42:17.734Z	spark1	SERVING	6.910	7.184
2026-09-28T05:42:18.717Z	spark2	SERVING	12.342	4.092
2026-09-28T05:42:18.762Z	spark1	SERVING	6.615	7.184
2026-09-28T05:42:23.283Z	spark2	SERVING	12.295	4.092
2026-09-28T05:42:23.604Z	spark1	SERVING	6.536	7.184
2026-09-28T05:42:23.785Z	spark2	SERVING	12.294	4.092
2026-09-28T05:42:23.855Z	spark1	SERVING	6.463	7.184
2026-09-28T05:42:24.122Z	spark1	SERVING	6.435	7.184
2026-09-28T05:42:24.373Z	spark1	SERVING	6.424	7.184
2026-09-28T05:42:28.896Z	spark2	SERVING	12.558	4.092
2026-09-28T05:42:29.502Z	spark1	SERVING	6.708	7.184
2026-09-28T05:42:34.024Z	spark2	SERVING	12.732	4.092
2026-09-28T05:42:34.648Z	spark1	SERVING	7.004	7.184
2026-09-28T05:42:39.147Z	spark2	SERVING	12.865	4.092
2026-09-28T05:42:39.788Z	spark1	SERVING	7.266	7.184
2026-09-28T05:42:44.267Z	spark2	SERVING	12.995	4.092
2026-09-28T05:42:44.933Z	spark1	SERVING	7.520	7.184
2026-09-28T05:42:49.386Z	spark2	SERVING	13.088	4.092
2026-09-28T05:42:50.077Z	spark1	SERVING	7.761	7.184
2026-09-28T05:42:54.505Z	spark2	SERVING	13.150	4.092
2026-09-28T05:42:55.230Z	spark1	SERVING	9.730	7.184
2026-09-28T05:42:59.616Z	spark2	SERVING	13.184	4.092
2026-09-28T05:43:00.342Z	spark1	SERVING	10.595	7.184
2026-09-28T05:43:04.710Z	spark2	SERVING	12.882	4.092
2026-09-28T05:43:05.423Z	spark1	SERVING	10.259	7.183
2026-09-28T05:43:09.794Z	spark2	SERVING	12.383	4.092
2026-09-28T05:43:10.523Z	spark1	SERVING	10.009	7.183
2026-09-28T05:43:14.909Z	spark2	SERVING	12.536	4.092
2026-09-28T05:43:15.666Z	spark1	SERVING	10.061	7.183
2026-09-28T05:43:20.031Z	spark2	SERVING	12.651	4.092
2026-09-28T05:43:20.809Z	spark1	SERVING	10.103	7.183
2026-09-28T05:43:25.148Z	spark2	SERVING	12.729	4.092
2026-09-28T05:43:25.926Z	spark1	SERVING	10.204	7.183
2026-09-28T05:43:30.258Z	spark2	SERVING	12.818	4.092
2026-09-28T05:43:31.044Z	spark1	SERVING	10.292	7.183
2026-09-28T05:43:35.374Z	spark2	SERVING	12.919	4.092
2026-09-28T05:43:36.192Z	spark1	SERVING	10.357	7.183
2026-09-28T05:43:40.487Z	spark2	SERVING	12.991	4.092
2026-09-28T05:43:41.331Z	spark1	SERVING	10.403	7.183
2026-09-28T05:43:45.597Z	spark2	SERVING	13.035	4.092
2026-09-28T05:43:46.430Z	spark1	SERVING	10.462	7.183
2026-09-28T05:43:50.691Z	spark2	SERVING	13.089	4.092
2026-09-28T05:43:51.526Z	spark1	SERVING	10.510	7.183
2026-09-28T05:43:55.783Z	spark2	SERVING	13.141	4.092
2026-09-28T05:43:56.618Z	spark1	SERVING	10.473	7.183
2026-09-28T05:44:00.905Z	spark2	SERVING	13.174	4.092
2026-09-28T05:44:01.731Z	spark1	SERVING	10.575	7.183
2026-09-28T05:44:06.016Z	spark2	SERVING	13.205	4.092
2026-09-28T05:44:06.852Z	spark1	SERVING	10.559	7.183
2026-09-28T05:44:11.133Z	spark2	SERVING	13.213	4.092
2026-09-28T05:44:11.971Z	spark1	SERVING	10.568	7.183
2026-09-28T05:44:16.258Z	spark2	SERVING	13.202	4.092
2026-09-28T05:44:17.097Z	spark1	SERVING	10.550	7.183
2026-09-28T05:44:21.363Z	spark2	SERVING	13.213	4.092
2026-09-28T05:44:22.219Z	spark1	SERVING	10.535	7.183
2026-09-28T05:44:26.467Z	spark2	SERVING	13.215	4.092
2026-09-28T05:44:27.346Z	spark1	SERVING	10.554	7.183
2026-09-28T05:44:31.576Z	spark2	SERVING	13.210	4.092
2026-09-28T05:44:32.456Z	spark1	SERVING	10.572	7.183
2026-09-28T05:44:36.664Z	spark2	SERVING	13.211	4.092
2026-09-28T05:44:37.566Z	spark1	SERVING	10.571	7.183
2026-09-28T05:44:41.779Z	spark2	SERVING	13.196	4.092
2026-09-28T05:44:42.681Z	spark1	SERVING	10.550	7.183
2026-09-28T05:44:46.893Z	spark2	SERVING	13.203	4.092
2026-09-28T05:44:47.818Z	spark1	SERVING	10.569	7.183
2026-09-28T05:44:52.005Z	spark2	SERVING	13.208	4.092
2026-09-28T05:44:52.958Z	spark1	SERVING	10.552	7.183
2026-09-28T05:44:57.118Z	spark2	SERVING	13.219	4.092
2026-09-28T05:44:58.098Z	spark1	SERVING	10.568	7.183
2026-09-28T05:45:02.239Z	spark2	SERVING	13.204	4.092
2026-09-28T05:45:03.236Z	spark1	SERVING	10.548	7.183
2026-09-28T05:45:07.349Z	spark2	SERVING	13.208	4.092
2026-09-28T05:45:08.370Z	spark1	SERVING	10.664	7.183
2026-09-28T05:45:12.438Z	spark2	SERVING	13.210	4.092
2026-09-28T05:45:13.448Z	spark1	SERVING	10.690	7.183
2026-09-28T05:45:17.514Z	spark2	SERVING	13.217	4.092
2026-09-28T05:45:18.520Z	spark1	SERVING	10.681	7.183
2026-09-28T05:45:22.580Z	spark2	SERVING	13.211	4.092
2026-09-28T05:45:23.607Z	spark1	SERVING	10.654	7.183
2026-09-28T05:45:27.649Z	spark2	SERVING	13.228	4.092
2026-09-28T05:45:28.689Z	spark1	SERVING	10.679	7.183
2026-09-28T05:45:32.717Z	spark2	SERVING	13.228	4.092
2026-09-28T05:45:33.769Z	spark1	SERVING	10.655	7.183
2026-09-28T05:45:37.795Z	spark2	SERVING	13.217	4.092
2026-09-28T05:45:38.855Z	spark1	SERVING	10.664	7.183
2026-09-28T05:45:42.889Z	spark2	SERVING	13.218	4.092
2026-09-28T05:45:43.974Z	spark1	SERVING	10.552	7.183
2026-09-28T05:45:47.993Z	spark2	SERVING	13.232	4.092
2026-09-28T05:45:49.094Z	spark1	SERVING	10.581	7.183
2026-09-28T05:45:53.104Z	spark2	SERVING	13.231	4.092
2026-09-28T05:45:54.225Z	spark1	SERVING	10.594	7.183
2026-09-28T05:45:58.217Z	spark2	SERVING	13.233	4.092
2026-09-28T05:45:59.351Z	spark1	SERVING	10.592	7.183
2026-09-28T05:46:03.330Z	spark2	SERVING	13.231	4.092
2026-09-28T05:46:04.476Z	spark1	SERVING	10.606	7.183
2026-09-28T05:46:08.445Z	spark2	SERVING	13.226	4.092
2026-09-28T05:46:09.612Z	spark1	SERVING	10.620	7.183
2026-09-28T05:46:13.565Z	spark2	SERVING	13.226	4.092
2026-09-28T05:46:14.755Z	spark1	SERVING	10.601	7.183
2026-09-28T05:46:18.686Z	spark2	SERVING	13.205	4.092
2026-09-28T05:46:19.884Z	spark1	SERVING	10.590	7.183
2026-09-28T05:46:23.801Z	spark2	SERVING	13.206	4.092
2026-09-28T05:46:25.009Z	spark1	SERVING	10.630	7.183
2026-09-28T05:46:28.900Z	spark2	SERVING	13.214	4.092
2026-09-28T05:46:30.126Z	spark1	SERVING	10.598	7.183
2026-09-28T05:46:34.026Z	spark2	SERVING	13.218	4.092
2026-09-28T05:46:35.256Z	spark1	SERVING	10.590	7.183
2026-09-28T05:46:39.148Z	spark2	SERVING	13.226	4.092
2026-09-28T05:46:40.388Z	spark1	SERVING	10.549	7.183
2026-09-28T05:46:44.267Z	spark2	SERVING	13.239	4.092
2026-09-28T05:46:45.516Z	spark1	SERVING	10.589	7.183
2026-09-28T05:46:49.391Z	spark2	SERVING	13.239	4.092
2026-09-28T05:46:50.642Z	spark1	SERVING	10.589	7.183
2026-09-28T05:46:54.510Z	spark2	SERVING	13.214	4.092
2026-09-28T05:46:55.783Z	spark1	SERVING	10.474	7.183
2026-09-28T05:46:59.624Z	spark2	SERVING	13.215	4.092
2026-09-28T05:47:00.912Z	spark1	SERVING	10.575	7.182
2026-09-28T05:47:04.739Z	spark2	SERVING	13.211	4.092
2026-09-28T05:47:06.032Z	spark1	SERVING	10.562	7.182
2026-09-28T05:47:09.855Z	spark2	SERVING	13.219	4.092
2026-09-28T05:47:11.162Z	spark1	SERVING	10.604	7.182
2026-09-28T05:47:14.969Z	spark2	SERVING	13.200	4.092
2026-09-28T05:47:16.293Z	spark1	SERVING	10.579	7.182
2026-09-28T05:47:20.100Z	spark2	SERVING	13.210	4.092
2026-09-28T05:47:21.429Z	spark1	SERVING	10.598	7.182
2026-09-28T05:47:25.215Z	spark2	SERVING	13.212	4.092
2026-09-28T05:47:26.536Z	spark1	SERVING	10.661	7.182
2026-09-28T05:47:30.291Z	spark2	SERVING	13.219	4.092
2026-09-28T05:47:31.610Z	spark1	SERVING	10.634	7.182
2026-09-28T05:47:35.366Z	spark2	SERVING	13.219	4.092
2026-09-28T05:47:36.681Z	spark1	SERVING	10.610	7.182
2026-09-28T05:47:40.440Z	spark2	SERVING	13.220	4.092
2026-09-28T05:47:41.778Z	spark1	SERVING	10.588	7.182
2026-09-28T05:47:45.551Z	spark2	SERVING	13.224	4.092
2026-09-28T05:47:46.890Z	spark1	SERVING	10.605	7.182
2026-09-28T05:47:50.673Z	spark2	SERVING	13.222	4.092
2026-09-28T05:47:52.018Z	spark1	SERVING	10.606	7.182
2026-09-28T05:47:55.797Z	spark2	SERVING	13.222	4.092
2026-09-28T05:47:57.150Z	spark1	SERVING	10.607	7.182
2026-09-28T05:48:00.923Z	spark2	SERVING	13.224	4.092
2026-09-28T05:48:02.284Z	spark1	SERVING	10.609	7.182
2026-09-28T05:48:06.047Z	spark2	SERVING	13.225	4.092
2026-09-28T05:48:07.417Z	spark1	SERVING	10.629	7.182
2026-09-28T05:48:11.167Z	spark2	SERVING	13.222	4.091
2026-09-28T05:48:12.550Z	spark1	SERVING	10.589	7.182
2026-09-28T05:48:16.291Z	spark2	SERVING	13.221	4.091
2026-09-28T05:48:17.675Z	spark1	SERVING	10.634	7.182
2026-09-28T05:48:21.403Z	spark2	SERVING	13.234	4.091
2026-09-28T05:48:22.785Z	spark1	SERVING	10.591	7.182
2026-09-28T05:48:26.517Z	spark2	SERVING	13.235	4.091
2026-09-28T05:48:27.892Z	spark1	SERVING	10.619	7.182
2026-09-28T05:48:31.641Z	spark2	SERVING	13.235	4.091
2026-09-28T05:48:33.023Z	spark1	SERVING	10.577	7.182
2026-09-28T05:48:36.763Z	spark2	SERVING	13.213	4.091
2026-09-28T05:48:38.148Z	spark1	SERVING	10.569	7.182
2026-09-28T05:48:41.887Z	spark2	SERVING	13.221	4.091
2026-09-28T05:48:43.268Z	spark1	SERVING	10.582	7.182
2026-09-28T05:48:47.013Z	spark2	SERVING	13.224	4.091
2026-09-28T05:48:48.401Z	spark1	SERVING	10.581	7.181
2026-09-28T05:48:52.137Z	spark2	SERVING	13.227	4.091
2026-09-28T05:48:53.527Z	spark1	SERVING	10.624	7.181
2026-09-28T05:48:57.265Z	spark2	SERVING	13.215	4.091
2026-09-28T05:48:58.663Z	spark1	SERVING	10.622	7.181
2026-09-28T05:49:02.383Z	spark2	SERVING	13.216	4.091
2026-09-28T05:49:03.763Z	spark1	SERVING	10.637	7.181
2026-09-28T05:49:07.498Z	spark2	SERVING	13.198	4.091
2026-09-28T05:49:08.889Z	spark1	SERVING	10.598	7.181
2026-09-28T05:49:12.626Z	spark2	SERVING	13.206	4.091
2026-09-28T05:49:14.022Z	spark1	SERVING	10.618	7.181
2026-09-28T05:49:17.741Z	spark2	SERVING	13.219	4.091
2026-09-28T05:49:19.144Z	spark1	SERVING	10.590	7.181
2026-09-28T05:49:22.863Z	spark2	SERVING	13.222	4.091
2026-09-28T05:49:24.275Z	spark1	SERVING	10.628	7.181
2026-09-28T05:49:27.975Z	spark2	SERVING	13.223	4.091
2026-09-28T05:49:29.401Z	spark1	SERVING	10.611	7.181
2026-09-28T05:49:33.098Z	spark2	SERVING	13.212	4.091
2026-09-28T05:49:34.540Z	spark1	SERVING	10.599	7.181
2026-09-28T05:49:38.227Z	spark2	SERVING	13.214	4.091
2026-09-28T05:49:39.660Z	spark1	SERVING	10.598	7.181
2026-09-28T05:49:43.343Z	spark2	SERVING	13.216	4.091
2026-09-28T05:49:44.760Z	spark1	SERVING	10.600	7.181
2026-09-28T05:49:48.468Z	spark2	SERVING	13.221	4.091
2026-09-28T05:49:49.891Z	spark1	SERVING	10.624	7.181
2026-09-28T05:49:53.598Z	spark2	SERVING	13.237	4.091
2026-09-28T05:49:55.025Z	spark1	SERVING	10.637	7.181
2026-09-28T05:49:58.727Z	spark2	SERVING	13.238	4.091
2026-09-28T05:50:00.167Z	spark1	SERVING	10.633	7.181
2026-09-28T05:50:03.854Z	spark2	SERVING	13.236	4.091
2026-09-28T05:50:05.313Z	spark1	SERVING	10.627	7.181
2026-09-28T05:50:08.980Z	spark2	SERVING	13.236	4.091
2026-09-28T05:50:10.441Z	spark1	SERVING	10.624	7.181
2026-09-28T05:50:14.104Z	spark2	SERVING	13.215	4.091
2026-09-28T05:50:15.573Z	spark1	SERVING	10.597	7.181
2026-09-28T05:50:19.223Z	spark2	SERVING	13.218	4.091
2026-09-28T05:50:20.689Z	spark1	SERVING	10.626	7.181
2026-09-28T05:50:24.338Z	spark2	SERVING	13.220	4.091
2026-09-28T05:50:25.812Z	spark1	SERVING	10.588	7.180
2026-09-28T05:50:29.458Z	spark2	SERVING	13.221	4.091
2026-09-28T05:50:30.940Z	spark1	SERVING	10.610	7.180
2026-09-28T05:50:34.578Z	spark2	SERVING	13.224	4.091
2026-09-28T05:50:36.063Z	spark1	SERVING	10.590	7.180
2026-09-28T05:50:39.699Z	spark2	SERVING	13.229	4.091
2026-09-28T05:50:41.186Z	spark1	SERVING	10.620	7.180
2026-09-28T05:50:44.821Z	spark2	SERVING	13.232	4.091
2026-09-28T05:50:46.321Z	spark1	SERVING	10.600	7.180
2026-09-28T05:50:49.945Z	spark2	SERVING	13.220	4.090
2026-09-28T05:50:51.454Z	spark1	SERVING	10.605	7.180
2026-09-28T05:50:55.065Z	spark2	SERVING	13.224	4.090
2026-09-28T05:50:56.593Z	spark1	SERVING	10.614	7.180
2026-09-28T05:51:00.165Z	spark2	SERVING	13.218	4.090
2026-09-28T05:51:01.695Z	spark1	SERVING	10.613	7.180
2026-09-28T05:51:05.284Z	spark2	SERVING	13.219	4.090
2026-09-28T05:51:06.834Z	spark1	SERVING	10.630	7.180
2026-09-28T05:51:10.408Z	spark2	SERVING	13.216	4.090
2026-09-28T05:51:11.968Z	spark1	SERVING	10.626	7.180
2026-09-28T05:51:15.534Z	spark2	SERVING	13.220	4.090
2026-09-28T05:51:17.106Z	spark1	SERVING	10.627	7.180
2026-09-28T05:51:20.658Z	spark2	SERVING	13.214	4.090
2026-09-28T05:51:22.239Z	spark1	SERVING	10.611	7.180
2026-09-28T05:51:25.783Z	spark2	SERVING	13.215	4.090
2026-09-28T05:51:27.368Z	spark1	SERVING	10.624	7.180
2026-09-28T05:51:30.914Z	spark2	SERVING	13.222	4.090
2026-09-28T05:51:32.499Z	spark1	SERVING	10.578	7.180
2026-09-28T05:51:36.031Z	spark2	SERVING	13.200	4.090
2026-09-28T05:51:37.620Z	spark1	SERVING	10.604	7.180
2026-09-28T05:51:41.143Z	spark2	SERVING	13.206	4.090
2026-09-28T05:51:42.735Z	spark1	SERVING	10.593	7.180
2026-09-28T05:51:46.267Z	spark2	SERVING	13.211	4.090
2026-09-28T05:51:47.871Z	spark1	SERVING	10.629	7.180
2026-09-28T05:51:51.397Z	spark2	SERVING	13.211	4.090
2026-09-28T05:51:52.998Z	spark1	SERVING	10.626	7.180
2026-09-28T05:51:56.522Z	spark2	SERVING	13.223	4.090
2026-09-28T05:51:58.119Z	spark1	SERVING	10.620	7.180
2026-09-28T05:52:01.652Z	spark2	SERVING	13.223	4.090
2026-09-28T05:52:03.246Z	spark1	SERVING	10.616	7.180
2026-09-28T05:52:06.772Z	spark2	SERVING	13.217	4.090
2026-09-28T05:52:08.377Z	spark1	SERVING	10.633	7.180
2026-09-28T05:52:11.890Z	spark2	SERVING	13.218	4.090
2026-09-28T05:52:13.519Z	spark1	SERVING	10.627	7.179
2026-09-28T05:52:17.002Z	spark2	SERVING	13.217	4.090
2026-09-28T05:52:18.636Z	spark1	SERVING	10.637	7.179
2026-09-28T05:52:22.106Z	spark2	SERVING	13.217	4.090
2026-09-28T05:52:23.752Z	spark1	SERVING	10.660	7.179
2026-09-28T05:52:27.228Z	spark2	SERVING	13.214	4.090
2026-09-28T05:52:28.879Z	spark1	SERVING	10.635	7.179
2026-09-28T05:52:32.349Z	spark2	SERVING	13.221	4.090
2026-09-28T05:52:34.006Z	spark1	SERVING	10.666	7.179
2026-09-28T05:52:37.469Z	spark2	SERVING	13.223	4.090
2026-09-28T05:52:39.132Z	spark1	SERVING	10.638	7.179
2026-09-28T05:52:42.594Z	spark2	SERVING	13.208	4.090
2026-09-28T05:52:44.265Z	spark1	SERVING	10.657	7.179
2026-09-28T05:52:47.718Z	spark2	SERVING	13.212	4.090
2026-09-28T05:52:49.402Z	spark1	SERVING	10.641	7.179
2026-09-28T05:52:52.835Z	spark2	SERVING	13.219	4.090
2026-09-28T05:52:54.535Z	spark1	SERVING	10.632	7.179
2026-09-28T05:52:57.942Z	spark2	SERVING	13.219	4.090
2026-09-28T05:52:59.645Z	spark1	SERVING	10.645	7.179
2026-09-28T05:53:03.051Z	spark2	SERVING	13.207	4.090
2026-09-28T05:53:04.784Z	spark1	SERVING	10.636	7.179
2026-09-28T05:53:08.175Z	spark2	SERVING	13.211	4.090
2026-09-28T05:53:09.926Z	spark1	SERVING	10.646	7.178
2026-09-28T05:53:13.292Z	spark2	SERVING	13.209	4.090
2026-09-28T05:53:15.052Z	spark1	SERVING	10.616	7.178
2026-09-28T05:53:18.421Z	spark2	SERVING	13.209	4.090
2026-09-28T05:53:20.187Z	spark1	SERVING	10.636	7.178
2026-09-28T05:53:23.540Z	spark2	SERVING	13.201	4.090
2026-09-28T05:53:25.319Z	spark1	SERVING	10.618	7.178
2026-09-28T05:53:28.660Z	spark2	SERVING	13.217	4.090
2026-09-28T05:53:30.449Z	spark1	SERVING	10.625	7.178
2026-09-28T05:53:33.782Z	spark2	SERVING	13.215	4.090
2026-09-28T05:53:35.568Z	spark1	SERVING	10.606	7.178
2026-09-28T05:53:38.890Z	spark2	SERVING	13.229	4.089
2026-09-28T05:53:40.675Z	spark1	SERVING	10.625	7.178
2026-09-28T05:53:44.007Z	spark2	SERVING	13.228	4.089
2026-09-28T05:53:45.799Z	spark1	SERVING	10.585	7.178
2026-09-28T05:53:49.135Z	spark2	SERVING	13.218	4.089
2026-09-28T05:53:50.928Z	spark1	SERVING	10.610	7.178
2026-09-28T05:53:54.265Z	spark2	SERVING	13.217	4.089
2026-09-28T05:53:56.054Z	spark1	SERVING	10.638	7.178
2026-09-28T05:53:59.385Z	spark2	SERVING	13.209	4.089
2026-09-28T05:54:01.190Z	spark1	SERVING	10.632	7.178
2026-09-28T05:54:04.496Z	spark2	SERVING	13.211	4.089
2026-09-28T05:54:06.321Z	spark1	SERVING	10.651	7.178
2026-09-28T05:54:09.612Z	spark2	SERVING	13.186	4.089
2026-09-28T05:54:11.449Z	spark1	SERVING	10.637	7.178
2026-09-28T05:54:14.718Z	spark2	SERVING	13.189	4.089
2026-09-28T05:54:16.549Z	spark1	SERVING	10.619	7.178
2026-09-28T05:54:19.822Z	spark2	SERVING	13.192	4.089
2026-09-28T05:54:21.668Z	spark1	SERVING	10.610	7.178
2026-09-28T05:54:24.943Z	spark2	SERVING	13.194	4.089
2026-09-28T05:54:26.796Z	spark1	SERVING	10.620	7.178
2026-09-28T05:54:30.058Z	spark2	SERVING	13.195	4.089
2026-09-28T05:54:31.928Z	spark1	SERVING	10.623	7.178
2026-09-28T05:54:35.174Z	spark2	SERVING	13.196	4.089
2026-09-28T05:54:37.061Z	spark1	SERVING	10.625	7.178
2026-09-28T05:54:40.295Z	spark2	SERVING	13.199	4.089
2026-09-28T05:54:42.198Z	spark1	SERVING	10.606	7.178
2026-09-28T05:54:45.414Z	spark2	SERVING	13.181	4.089
2026-09-28T05:54:47.337Z	spark1	SERVING	10.618	7.178
2026-09-28T05:54:50.528Z	spark2	SERVING	13.188	4.089
2026-09-28T05:54:52.459Z	spark1	SERVING	10.622	7.178
2026-09-28T05:54:55.631Z	spark2	SERVING	13.192	4.089
2026-09-28T05:54:57.563Z	spark1	SERVING	10.602	7.178
2026-09-28T05:55:00.736Z	spark2	SERVING	13.193	4.089
2026-09-28T05:55:02.695Z	spark1	SERVING	10.627	7.178
2026-09-28T05:55:05.851Z	spark2	SERVING	13.188	4.089
2026-09-28T05:55:07.814Z	spark1	SERVING	10.583	7.122
2026-09-28T05:55:10.971Z	spark2	SERVING	13.202	4.089
2026-09-28T05:55:12.951Z	spark1	SERVING	10.562	7.120
2026-09-28T05:55:16.085Z	spark2	SERVING	13.206	4.089
2026-09-28T05:55:18.083Z	spark1	SERVING	10.539	7.120
2026-09-28T05:55:21.208Z	spark2	SERVING	13.208	4.089
2026-09-28T05:55:23.213Z	spark1	SERVING	10.561	7.120
2026-09-28T05:55:26.333Z	spark2	SERVING	13.208	4.089
2026-09-28T05:55:28.350Z	spark1	SERVING	10.543	7.120
2026-09-28T05:55:31.455Z	spark2	SERVING	13.204	4.089
2026-09-28T05:55:33.468Z	spark1	SERVING	10.562	7.120
2026-09-28T05:55:36.554Z	spark2	SERVING	13.207	4.089
2026-09-28T05:55:38.590Z	spark1	SERVING	10.547	7.120
2026-09-28T05:55:41.668Z	spark2	SERVING	13.222	4.089
2026-09-28T05:55:43.735Z	spark1	SERVING	10.539	7.120
2026-09-28T05:55:46.783Z	spark2	SERVING	13.222	4.089
2026-09-28T05:55:48.858Z	spark1	SERVING	10.520	7.120
2026-09-28T05:55:51.905Z	spark2	SERVING	13.203	4.089
2026-09-28T05:55:53.985Z	spark1	SERVING	10.537	7.120
2026-09-28T05:55:57.028Z	spark2	SERVING	13.206	4.089
2026-09-28T05:55:59.121Z	spark1	SERVING	10.544	7.120
2026-09-28T05:56:02.148Z	spark2	SERVING	13.208	4.089
2026-09-28T05:56:04.255Z	spark1	SERVING	10.544	7.120
2026-09-28T05:56:07.266Z	spark2	SERVING	13.211	4.089
2026-09-28T05:56:09.386Z	spark1	SERVING	10.554	7.120
2026-09-28T05:56:12.374Z	spark2	SERVING	13.200	4.089
2026-09-28T05:56:14.495Z	spark1	SERVING	10.527	7.120
2026-09-28T05:56:17.486Z	spark2	SERVING	13.204	4.089
2026-09-28T05:56:19.615Z	spark1	SERVING	10.510	7.120
2026-09-28T05:56:22.605Z	spark2	SERVING	13.205	4.089
2026-09-28T05:56:24.749Z	spark1	SERVING	10.510	7.120
2026-09-28T05:56:27.718Z	spark2	SERVING	13.219	4.089
2026-09-28T05:56:29.882Z	spark1	SERVING	10.536	7.120
2026-09-28T05:56:32.835Z	spark2	SERVING	13.218	4.089
2026-09-28T05:56:35.015Z	spark1	SERVING	10.508	7.120
2026-09-28T05:56:37.957Z	spark2	SERVING	13.218	4.089
2026-09-28T05:56:40.130Z	spark1	SERVING	10.524	7.120
2026-09-28T05:56:43.078Z	spark2	SERVING	13.216	4.089
2026-09-28T05:56:45.261Z	spark1	SERVING	10.530	7.120
2026-09-28T05:56:48.197Z	spark2	SERVING	13.212	4.089
2026-09-28T05:56:50.380Z	spark1	SERVING	10.520	7.120
2026-09-28T05:56:53.303Z	spark2	SERVING	13.217	4.089
2026-09-28T05:56:55.497Z	spark1	SERVING	10.546	7.120
2026-09-28T05:56:58.406Z	spark2	SERVING	13.200	4.089
2026-09-28T05:57:00.629Z	spark1	SERVING	10.530	7.120
2026-09-28T05:57:03.533Z	spark2	SERVING	13.208	4.089
2026-09-28T05:57:05.759Z	spark1	SERVING	10.525	7.120
2026-09-28T05:57:08.655Z	spark2	SERVING	13.183	4.089
2026-09-28T05:57:10.888Z	spark1	SERVING	10.547	7.120
2026-09-28T05:57:13.781Z	spark2	SERVING	13.195	4.089
2026-09-28T05:57:16.020Z	spark1	SERVING	10.548	7.120
2026-09-28T05:57:18.900Z	spark2	SERVING	13.200	4.089
2026-09-28T05:57:21.151Z	spark1	SERVING	10.514	7.120
2026-09-28T05:57:24.022Z	spark2	SERVING	13.224	4.089
2026-09-28T05:57:26.278Z	spark1	SERVING	10.558	7.120
2026-09-28T05:57:29.136Z	spark2	SERVING	13.224	4.089
2026-09-28T05:57:31.399Z	spark1	SERVING	10.524	7.120
2026-09-28T05:57:34.242Z	spark2	SERVING	13.210	4.089
2026-09-28T05:57:36.523Z	spark1	SERVING	10.560	7.120
2026-09-28T05:57:39.361Z	spark2	SERVING	13.213	4.089
2026-09-28T05:57:41.649Z	spark1	SERVING	10.568	7.120
2026-09-28T05:57:44.483Z	spark2	SERVING	13.219	4.089
2026-09-28T05:57:46.788Z	spark1	SERVING	10.560	7.120
2026-09-28T05:57:49.599Z	spark2	SERVING	13.223	4.089
2026-09-28T05:57:51.920Z	spark1	SERVING	10.560	7.120
2026-09-28T05:57:54.725Z	spark2	SERVING	13.214	4.089
2026-09-28T05:57:57.055Z	spark1	SERVING	10.592	7.120
2026-09-28T05:57:59.848Z	spark2	SERVING	13.214	4.089
2026-09-28T05:58:02.181Z	spark1	SERVING	10.581	7.120
2026-09-28T05:58:04.973Z	spark2	SERVING	13.211	4.089
2026-09-28T05:58:07.304Z	spark1	SERVING	10.570	7.120
2026-09-28T05:58:10.088Z	spark2	SERVING	13.214	4.089
2026-09-28T05:58:12.419Z	spark1	SERVING	10.575	7.120
2026-09-28T05:58:15.203Z	spark2	SERVING	13.218	4.089
2026-09-28T05:58:17.542Z	spark1	SERVING	10.577	7.120
2026-09-28T05:58:20.329Z	spark2	SERVING	13.199	4.089
2026-09-28T05:58:22.670Z	spark1	SERVING	10.575	7.120
2026-09-28T05:58:25.451Z	spark2	SERVING	13.205	4.089
2026-09-28T05:58:27.793Z	spark1	SERVING	10.545	7.120
2026-09-28T05:58:30.571Z	spark2	SERVING	13.209	4.089
2026-09-28T05:58:32.920Z	spark1	SERVING	10.564	7.120
2026-09-28T05:58:35.694Z	spark2	SERVING	13.211	4.089
2026-09-28T05:58:38.051Z	spark1	SERVING	10.539	7.120
2026-09-28T05:58:40.814Z	spark2	SERVING	13.205	4.089
2026-09-28T05:58:43.170Z	spark1	SERVING	10.548	7.120
2026-09-28T05:58:45.930Z	spark2	SERVING	13.207	4.089
2026-09-28T05:58:48.292Z	spark1	SERVING	10.547	7.120
2026-09-28T05:58:51.035Z	spark2	SERVING	13.217	4.089
2026-09-28T05:58:53.404Z	spark1	SERVING	10.535	7.120
2026-09-28T05:58:56.152Z	spark2	SERVING	13.216	4.089
2026-09-28T05:58:58.531Z	spark1	SERVING	10.559	7.120
2026-09-28T05:59:01.270Z	spark2	SERVING	13.189	4.089
2026-09-28T05:59:03.657Z	spark1	SERVING	10.527	7.120
2026-09-28T05:59:06.394Z	spark2	SERVING	13.192	4.089
2026-09-28T05:59:08.786Z	spark1	SERVING	10.553	7.119
2026-09-28T05:59:11.515Z	spark2	SERVING	13.186	4.089
2026-09-28T05:59:13.920Z	spark1	SERVING	10.544	7.119
2026-09-28T05:59:16.628Z	spark2	SERVING	13.207	4.089
2026-09-28T05:59:19.060Z	spark1	SERVING	10.540	7.119
2026-09-28T05:59:21.747Z	spark2	SERVING	13.207	4.089
2026-09-28T05:59:24.191Z	spark1	SERVING	10.516	7.119
2026-09-28T05:59:26.860Z	spark2	SERVING	13.203	4.089
2026-09-28T05:59:29.302Z	spark1	SERVING	10.555	7.119
2026-09-28T05:59:31.973Z	spark2	SERVING	13.203	4.089
2026-09-28T05:59:34.423Z	spark1	SERVING	10.513	7.119
2026-09-28T05:59:37.095Z	spark2	SERVING	13.205	4.089
2026-09-28T05:59:39.553Z	spark1	SERVING	10.561	7.119
2026-09-28T05:59:42.208Z	spark2	SERVING	13.209	4.089
2026-09-28T05:59:44.690Z	spark1	SERVING	10.557	7.119
2026-09-28T05:59:47.329Z	spark2	SERVING	13.215	4.089
2026-09-28T05:59:49.828Z	spark1	SERVING	10.564	7.119
2026-09-28T05:59:52.447Z	spark2	SERVING	13.218	4.089
2026-09-28T05:59:54.958Z	spark1	SERVING	10.561	7.119
2026-09-28T05:59:57.565Z	spark2	SERVING	13.228	4.089
2026-09-28T06:00:00.068Z	spark1	SERVING	10.537	7.119
2026-09-28T06:00:02.686Z	spark2	SERVING	13.231	4.089
2026-09-28T06:00:05.184Z	spark1	SERVING	10.545	7.119
2026-09-28T06:00:07.793Z	spark2	SERVING	13.226	4.089
2026-09-28T06:00:10.296Z	spark1	SERVING	10.503	7.119
2026-09-28T06:00:12.912Z	spark2	SERVING	13.226	4.089
2026-09-28T06:00:15.433Z	spark1	SERVING	10.508	7.119
2026-09-28T06:00:18.036Z	spark2	SERVING	13.229	4.089
2026-09-28T06:00:20.561Z	spark1	SERVING	10.493	7.104
2026-09-28T06:00:23.154Z	spark2	SERVING	13.214	4.089
2026-09-28T06:00:25.705Z	spark1	SERVING	10.525	7.104
2026-09-28T06:00:28.266Z	spark2	SERVING	13.214	4.089
2026-09-28T06:00:30.839Z	spark1	SERVING	10.517	7.104
2026-09-28T06:00:33.378Z	spark2	SERVING	13.230	4.089
2026-09-28T06:00:35.963Z	spark1	SERVING	10.538	7.104
2026-09-28T06:00:38.486Z	spark2	SERVING	13.230	4.089
2026-09-28T06:00:41.101Z	spark1	SERVING	10.552	7.104
2026-09-28T06:00:43.596Z	spark2	SERVING	13.212	4.089
2026-09-28T06:00:46.213Z	spark1	SERVING	10.518	7.104
2026-09-28T06:00:48.707Z	spark2	SERVING	13.219	4.089
2026-09-28T06:00:51.345Z	spark1	SERVING	10.548	7.104
2026-09-28T06:00:53.826Z	spark2	SERVING	13.203	4.089
2026-09-28T06:00:56.469Z	spark1	SERVING	10.536	7.104
2026-09-28T06:00:58.949Z	spark2	SERVING	13.209	4.089
2026-09-28T06:01:01.600Z	spark1	SERVING	10.539	7.104
2026-09-28T06:01:04.073Z	spark2	SERVING	13.212	4.089
2026-09-28T06:01:06.727Z	spark1	SERVING	10.526	7.102
2026-09-28T06:01:09.196Z	spark2	SERVING	13.215	4.089
2026-09-28T06:01:11.858Z	spark1	SERVING	10.532	7.102
2026-09-28T06:01:14.314Z	spark2	SERVING	13.215	4.089
2026-09-28T06:01:16.991Z	spark1	SERVING	10.538	7.102
2026-09-28T06:01:19.437Z	spark2	SERVING	13.214	4.089
2026-09-28T06:01:22.117Z	spark1	SERVING	10.514	7.102
2026-09-28T06:01:24.546Z	spark2	SERVING	13.216	4.089
2026-09-28T06:01:27.220Z	spark1	SERVING	10.490	7.102
2026-09-28T06:01:29.653Z	spark2	SERVING	13.211	4.089
2026-09-28T06:01:32.351Z	spark1	SERVING	10.511	7.102
2026-09-28T06:01:34.769Z	spark2	SERVING	13.215	4.089
2026-09-28T06:01:37.483Z	spark1	SERVING	10.525	7.102
2026-09-28T06:01:39.891Z	spark2	SERVING	13.208	4.089
2026-09-28T06:01:42.631Z	spark1	SERVING	10.526	7.102
2026-09-28T06:01:45.016Z	spark2	SERVING	13.210	4.089
2026-09-28T06:01:47.768Z	spark1	SERVING	10.531	7.102
2026-09-28T06:01:50.139Z	spark2	SERVING	13.209	4.089
2026-09-28T06:01:52.906Z	spark1	SERVING	10.518	7.102
2026-09-28T06:01:55.261Z	spark2	SERVING	13.209	4.089
2026-09-28T06:01:58.037Z	spark1	SERVING	10.507	7.102
2026-09-28T06:02:00.380Z	spark2	SERVING	13.193	4.089
2026-09-28T06:02:03.164Z	spark1	SERVING	10.539	7.102
2026-09-28T06:02:05.490Z	spark2	SERVING	13.204	4.089
2026-09-28T06:02:08.285Z	spark1	SERVING	10.558	7.102
2026-09-28T06:02:10.607Z	spark2	SERVING	13.213	4.089
2026-09-28T06:02:13.421Z	spark1	SERVING	10.516	7.102
2026-09-28T06:02:15.723Z	spark2	SERVING	13.215	4.089
2026-09-28T06:02:18.556Z	spark1	SERVING	10.527	7.102
2026-09-28T06:02:20.846Z	spark2	SERVING	13.215	4.089
2026-09-28T06:02:23.683Z	spark1	SERVING	10.534	7.102
2026-09-28T06:02:25.962Z	spark2	SERVING	13.236	4.089
2026-09-28T06:02:28.819Z	spark1	SERVING	10.549	7.102
2026-09-28T06:02:31.092Z	spark2	SERVING	13.238	4.089
2026-09-28T06:02:33.952Z	spark1	SERVING	10.545	7.102
2026-09-28T06:02:36.214Z	spark2	SERVING	13.220	4.089
2026-09-28T06:02:39.092Z	spark1	SERVING	10.540	7.102
2026-09-28T06:02:41.338Z	spark2	SERVING	13.222	4.089
2026-09-28T06:02:44.212Z	spark1	SERVING	10.531	7.102
2026-09-28T06:02:46.447Z	spark2	SERVING	13.216	4.089
2026-09-28T06:02:49.331Z	spark1	SERVING	10.546	7.102
2026-09-28T06:02:51.562Z	spark2	SERVING	13.219	4.089
2026-09-28T06:02:54.459Z	spark1	SERVING	10.554	7.102
2026-09-28T06:02:56.682Z	spark2	SERVING	13.204	4.088
2026-09-28T06:02:59.586Z	spark1	SERVING	10.541	7.102
2026-09-28T06:03:01.804Z	spark2	SERVING	13.212	4.088
2026-09-28T06:03:04.700Z	spark1	SERVING	10.543	7.102
2026-09-28T06:03:06.929Z	spark2	SERVING	13.216	4.088
2026-09-28T06:03:09.824Z	spark1	SERVING	10.521	7.102
2026-09-28T06:03:12.046Z	spark2	SERVING	13.212	4.088
2026-09-28T06:03:14.958Z	spark1	SERVING	10.532	7.102
2026-09-28T06:03:17.164Z	spark2	SERVING	13.212	4.088
2026-09-28T06:03:20.089Z	spark1	SERVING	10.521	7.102
2026-09-28T06:03:22.279Z	spark2	SERVING	13.207	4.088
2026-09-28T06:03:25.205Z	spark1	SERVING	10.563	7.102
2026-09-28T06:03:27.392Z	spark2	SERVING	13.209	4.088
2026-09-28T06:03:30.336Z	spark1	SERVING	10.529	7.102
2026-09-28T06:03:32.513Z	spark2	SERVING	13.210	4.088
2026-09-28T06:03:35.474Z	spark1	SERVING	10.557	7.102
2026-09-28T06:03:37.639Z	spark2	SERVING	13.213	4.088
2026-09-28T06:03:40.598Z	spark1	SERVING	10.547	7.102
2026-09-28T06:03:42.763Z	spark2	SERVING	13.175	4.088
2026-09-28T06:03:45.731Z	spark1	SERVING	10.525	7.102
2026-09-28T06:03:47.878Z	spark2	SERVING	13.194	4.088
2026-09-28T06:03:50.876Z	spark1	SERVING	10.546	7.102
2026-09-28T06:03:52.994Z	spark2	SERVING	13.200	4.088
2026-09-28T06:03:56.012Z	spark1	SERVING	10.551	7.102
2026-09-28T06:03:58.110Z	spark2	SERVING	13.205	4.088
2026-09-28T06:04:01.139Z	spark1	SERVING	10.566	7.102
2026-09-28T06:04:03.215Z	spark2	SERVING	13.207	4.088
2026-09-28T06:04:06.257Z	spark1	SERVING	10.530	7.102
2026-09-28T06:04:08.331Z	spark2	SERVING	13.170	4.088
2026-09-28T06:04:11.380Z	spark1	SERVING	10.524	7.102
2026-09-28T06:04:13.456Z	spark2	SERVING	13.182	4.088
2026-09-28T06:04:16.500Z	spark1	SERVING	10.519	7.102
2026-09-28T06:04:18.575Z	spark2	SERVING	13.105	4.088
2026-09-28T06:04:21.609Z	spark1	SERVING	10.547	7.102
2026-09-28T06:04:23.699Z	spark2	SERVING	13.084	4.088
2026-09-28T06:04:26.734Z	spark1	SERVING	10.505	7.102
2026-09-28T06:04:28.820Z	spark2	SERVING	13.094	4.088
2026-09-28T06:04:31.875Z	spark1	SERVING	10.519	7.099
2026-09-28T06:04:33.935Z	spark2	SERVING	13.128	4.088
2026-09-28T06:04:37.026Z	spark1	SERVING	10.538	7.099
2026-09-28T06:04:39.054Z	spark2	SERVING	13.127	4.088
2026-09-28T06:04:42.136Z	spark1	SERVING	10.564	7.099
2026-09-28T06:04:44.163Z	spark2	SERVING	13.145	4.088
2026-09-28T06:04:47.262Z	spark1	SERVING	10.564	7.099
2026-09-28T06:04:49.266Z	spark2	SERVING	13.142	4.088
2026-09-28T06:04:52.403Z	spark1	SERVING	10.538	7.099
2026-09-28T06:04:54.387Z	spark2	SERVING	13.132	4.088
2026-09-28T06:04:57.540Z	spark1	SERVING	10.533	7.099
2026-09-28T06:04:59.499Z	spark2	SERVING	13.133	4.088
2026-09-28T06:05:02.670Z	spark1	SERVING	10.537	7.099
2026-09-28T06:05:04.613Z	spark2	SERVING	13.139	4.088
2026-09-28T06:05:07.806Z	spark1	SERVING	10.542	7.099
2026-09-28T06:05:09.726Z	spark2	SERVING	13.155	4.088
2026-09-28T06:05:12.946Z	spark1	SERVING	10.516	7.099
2026-09-28T06:05:14.844Z	spark2	SERVING	13.147	4.088
2026-09-28T06:05:18.078Z	spark1	SERVING	10.539	7.099
2026-09-28T06:05:19.958Z	spark2	SERVING	13.148	4.088
2026-09-28T06:05:23.199Z	spark1	SERVING	10.512	7.099
2026-09-28T06:05:25.063Z	spark2	SERVING	13.178	4.088
2026-09-28T06:05:28.330Z	spark1	SERVING	10.527	7.099
2026-09-28T06:05:30.182Z	spark2	SERVING	13.181	4.088
2026-09-28T06:05:33.463Z	spark1	SERVING	10.530	7.099
2026-09-28T06:05:35.302Z	spark2	SERVING	13.191	4.088
2026-09-28T06:05:38.591Z	spark1	SERVING	10.519	7.099
2026-09-28T06:05:40.428Z	spark2	SERVING	13.191	4.088
2026-09-28T06:05:43.719Z	spark1	SERVING	10.525	7.099
2026-09-28T06:05:45.545Z	spark2	SERVING	13.170	4.088
2026-09-28T06:05:48.855Z	spark1	SERVING	10.504	7.099
2026-09-28T06:05:50.680Z	spark2	SERVING	13.174	4.088
2026-09-28T06:05:53.993Z	spark1	SERVING	10.557	7.099
2026-09-28T06:05:55.805Z	spark2	SERVING	13.157	4.088
2026-09-28T06:05:59.122Z	spark1	SERVING	10.544	7.098
2026-09-28T06:06:00.923Z	spark2	SERVING	13.174	4.088
2026-09-28T06:06:04.241Z	spark1	SERVING	10.560	7.098
2026-09-28T06:06:06.039Z	spark2	SERVING	13.183	4.088
2026-09-28T06:06:09.386Z	spark1	SERVING	10.544	7.098
2026-09-28T06:06:11.172Z	spark2	SERVING	13.164	4.088
2026-09-28T06:06:14.520Z	spark1	SERVING	10.553	7.098
2026-09-28T06:06:16.299Z	spark2	SERVING	13.183	4.088
2026-09-28T06:06:19.653Z	spark1	SERVING	10.518	7.098
2026-09-28T06:06:21.430Z	spark2	SERVING	13.192	4.088
2026-09-28T06:06:24.785Z	spark1	SERVING	10.537	7.098
2026-09-28T06:06:26.555Z	spark2	SERVING	13.193	4.088
2026-09-28T06:06:29.916Z	spark1	SERVING	10.533	7.098
2026-09-28T06:06:31.686Z	spark2	SERVING	13.196	4.088
2026-09-28T06:06:35.045Z	spark1	SERVING	10.535	7.098
2026-09-28T06:06:36.810Z	spark2	SERVING	13.197	4.088
2026-09-28T06:06:40.162Z	spark1	SERVING	10.537	7.098
2026-09-28T06:06:41.915Z	spark2	SERVING	13.187	4.087
2026-09-28T06:06:45.271Z	spark1	SERVING	10.564	7.098
2026-09-28T06:06:47.036Z	spark2	SERVING	13.192	4.087
2026-09-28T06:06:50.401Z	spark1	SERVING	10.557	7.098
2026-09-28T06:06:52.156Z	spark2	SERVING	13.177	4.087
2026-09-28T06:06:55.537Z	spark1	SERVING	10.526	7.098
2026-09-28T06:06:57.278Z	spark2	SERVING	13.183	4.087
2026-09-28T06:07:00.665Z	spark1	SERVING	10.545	7.098
2026-09-28T06:07:02.404Z	spark2	SERVING	13.183	4.087
2026-09-28T06:07:05.802Z	spark1	SERVING	10.538	7.098
2026-09-28T06:07:07.530Z	spark2	SERVING	13.174	4.087
2026-09-28T06:07:10.929Z	spark1	SERVING	10.530	7.098
2026-09-28T06:07:12.655Z	spark2	SERVING	13.188	4.087
2026-09-28T06:07:16.073Z	spark1	SERVING	10.539	7.098
2026-09-28T06:07:17.774Z	spark2	SERVING	13.189	4.087
2026-09-28T06:07:21.189Z	spark1	SERVING	10.537	7.098
2026-09-28T06:07:22.886Z	spark2	SERVING	13.194	4.087
2026-09-28T06:07:26.307Z	spark1	SERVING	10.498	7.098
2026-09-28T06:07:28.006Z	spark2	SERVING	13.191	4.087
2026-09-28T06:07:31.430Z	spark1	SERVING	10.522	7.098
2026-09-28T06:07:33.133Z	spark2	SERVING	13.191	4.087
2026-09-28T06:07:36.568Z	spark1	SERVING	10.535	7.098
2026-09-28T06:07:38.254Z	spark2	SERVING	13.188	4.087
2026-09-28T06:07:41.709Z	spark1	SERVING	10.550	7.098
2026-09-28T06:07:43.371Z	spark2	SERVING	13.191	4.087
2026-09-28T06:07:46.842Z	spark1	SERVING	10.541	7.098
2026-09-28T06:07:48.492Z	spark2	SERVING	13.188	4.087
2026-09-28T06:07:51.971Z	spark1	SERVING	10.556	7.098
2026-09-28T06:07:53.609Z	spark2	SERVING	13.192	4.087
2026-09-28T06:07:57.105Z	spark1	SERVING	10.559	7.098
2026-09-28T06:07:58.720Z	spark2	SERVING	13.193	4.087
2026-09-28T06:08:02.214Z	spark1	SERVING	10.536	7.098
2026-09-28T06:08:03.828Z	spark2	SERVING	13.198	4.087
2026-09-28T06:08:07.346Z	spark1	SERVING	10.552	7.098
2026-09-28T06:08:08.948Z	spark2	SERVING	13.199	4.087
2026-09-28T06:08:12.469Z	spark1	SERVING	10.547	7.098
2026-09-28T06:08:14.072Z	spark2	SERVING	13.181	4.087
2026-09-28T06:08:17.615Z	spark1	SERVING	10.538	7.098
2026-09-28T06:08:19.199Z	spark2	SERVING	13.188	4.087
2026-09-28T06:08:22.744Z	spark1	SERVING	10.519	7.098
2026-09-28T06:08:24.327Z	spark2	SERVING	13.199	4.087
2026-09-28T06:08:27.883Z	spark1	SERVING	10.529	7.098
2026-09-28T06:08:29.446Z	spark2	SERVING	13.201	4.087
2026-09-28T06:08:33.014Z	spark1	SERVING	10.495	7.098
2026-09-28T06:08:34.571Z	spark2	SERVING	13.174	4.087
2026-09-28T06:08:38.137Z	spark1	SERVING	10.536	7.098
2026-09-28T06:08:39.682Z	spark2	SERVING	13.181	4.087
2026-09-28T06:08:43.257Z	spark1	SERVING	10.544	7.098
2026-09-28T06:08:44.793Z	spark2	SERVING	13.197	4.087
2026-09-28T06:08:48.390Z	spark1	SERVING	10.544	7.098
2026-09-28T06:08:49.919Z	spark2	SERVING	13.198	4.087
2026-09-28T06:08:53.528Z	spark1	SERVING	10.553	7.098
2026-09-28T06:08:55.045Z	spark2	SERVING	13.177	4.087
2026-09-28T06:08:58.663Z	spark1	SERVING	10.531	7.098
2026-09-28T06:09:00.169Z	spark2	SERVING	13.191	4.087
2026-09-28T06:09:03.796Z	spark1	SERVING	10.504	7.098
2026-09-28T06:09:05.293Z	spark2	SERVING	13.197	4.087
2026-09-28T06:09:08.933Z	spark1	SERVING	10.544	7.098
2026-09-28T06:09:10.418Z	spark2	SERVING	13.182	4.087
2026-09-28T06:09:14.076Z	spark1	SERVING	10.551	7.098
2026-09-28T06:09:15.546Z	spark2	SERVING	13.192	4.087
2026-09-28T06:09:19.198Z	spark1	SERVING	10.524	7.098
2026-09-28T06:09:20.656Z	spark2	SERVING	13.192	4.087
2026-09-28T06:09:24.328Z	spark1	SERVING	10.548	7.098
2026-09-28T06:09:25.776Z	spark2	SERVING	13.199	4.087
2026-09-28T06:09:29.459Z	spark1	SERVING	10.537	7.098
2026-09-28T06:09:30.895Z	spark2	SERVING	13.188	4.087
2026-09-28T06:09:34.584Z	spark1	SERVING	10.554	7.098
2026-09-28T06:09:36.017Z	spark2	SERVING	13.200	4.087
2026-09-28T06:09:39.710Z	spark1	SERVING	10.539	7.098
2026-09-28T06:09:41.132Z	spark2	SERVING	13.192	4.087
2026-09-28T06:09:44.839Z	spark1	SERVING	10.541	7.098
2026-09-28T06:09:46.253Z	spark2	SERVING	13.195	4.087
2026-09-28T06:09:49.974Z	spark1	SERVING	10.528	7.098
2026-09-28T06:09:51.377Z	spark2	SERVING	13.194	4.087
2026-09-28T06:09:55.108Z	spark1	SERVING	10.538	7.098
2026-09-28T06:09:56.493Z	spark2	SERVING	13.194	4.087
2026-09-28T06:10:00.210Z	spark1	SERVING	10.568	7.098
2026-09-28T06:10:01.593Z	spark2	SERVING	13.194	4.087
2026-09-28T06:10:05.337Z	spark1	SERVING	10.548	7.097
2026-09-28T06:10:06.708Z	spark2	SERVING	13.202	4.087
2026-09-28T06:10:10.461Z	spark1	SERVING	10.544	7.097
2026-09-28T06:10:11.832Z	spark2	SERVING	13.210	4.087
2026-09-28T06:10:15.588Z	spark1	SERVING	10.508	7.097
2026-09-28T06:10:16.958Z	spark2	SERVING	13.196	4.087
2026-09-28T06:10:20.717Z	spark1	SERVING	10.540	7.097
2026-09-28T06:10:22.084Z	spark2	SERVING	13.199	4.087
2026-09-28T06:10:25.848Z	spark1	SERVING	10.526	7.097
2026-09-28T06:10:27.211Z	spark2	SERVING	13.191	4.087
2026-09-28T06:10:30.986Z	spark1	SERVING	10.580	7.097
2026-09-28T06:10:32.325Z	spark2	SERVING	13.193	4.087
2026-09-28T06:10:36.119Z	spark1	SERVING	10.555	7.097
2026-09-28T06:10:37.436Z	spark2	SERVING	13.200	4.087
2026-09-28T06:10:41.242Z	spark1	SERVING	10.521	7.097
2026-09-28T06:10:42.543Z	spark2	SERVING	13.202	4.087
2026-09-28T06:10:46.374Z	spark1	SERVING	10.542	7.097
2026-09-28T06:10:47.655Z	spark2	SERVING	13.190	4.087
2026-09-28T06:10:51.515Z	spark1	SERVING	10.534	7.097
2026-09-28T06:10:52.771Z	spark2	SERVING	13.192	4.087
2026-09-28T06:10:56.653Z	spark1	SERVING	10.545	7.097
2026-09-28T06:10:57.892Z	spark2	SERVING	13.197	4.087
2026-09-28T06:11:01.789Z	spark1	SERVING	10.538	7.097
2026-09-28T06:11:03.020Z	spark2	SERVING	13.205	4.087
2026-09-28T06:11:06.928Z	spark1	SERVING	10.547	7.097
2026-09-28T06:11:08.147Z	spark2	SERVING	13.207	4.087
2026-09-28T06:11:12.070Z	spark1	SERVING	10.505	7.097
2026-09-28T06:11:13.276Z	spark2	SERVING	13.191	4.087
2026-09-28T06:11:17.166Z	spark1	SERVING	10.514	7.097
2026-09-28T06:11:18.383Z	spark2	SERVING	13.194	4.087
2026-09-28T06:11:22.280Z	spark1	SERVING	10.500	7.097
2026-09-28T06:11:23.496Z	spark2	SERVING	13.191	4.087
2026-09-28T06:11:27.415Z	spark1	SERVING	10.527	7.097
2026-09-28T06:11:28.615Z	spark2	SERVING	13.191	4.087
2026-09-28T06:11:32.540Z	spark1	SERVING	10.511	7.097
2026-09-28T06:11:33.732Z	spark2	SERVING	13.165	4.087
2026-09-28T06:11:37.662Z	spark1	SERVING	10.555	7.097
2026-09-28T06:11:38.841Z	spark2	SERVING	13.176	4.087
2026-09-28T06:11:42.787Z	spark1	SERVING	10.540	7.097
2026-09-28T06:11:43.949Z	spark2	SERVING	13.199	4.087
2026-09-28T06:11:47.918Z	spark1	SERVING	10.545	7.097
2026-09-28T06:11:49.066Z	spark2	SERVING	13.202	4.087
2026-09-28T06:11:53.053Z	spark1	SERVING	10.565	7.097
2026-09-28T06:11:54.177Z	spark2	SERVING	13.189	4.087
2026-09-28T06:11:58.155Z	spark1	SERVING	10.544	7.097
2026-09-28T06:11:59.279Z	spark2	SERVING	13.201	4.087
2026-09-28T06:12:03.282Z	spark1	SERVING	10.560	7.097
2026-09-28T06:12:04.389Z	spark2	SERVING	13.207	4.087
2026-09-28T06:12:08.410Z	spark1	SERVING	10.512	7.097
2026-09-28T06:12:09.496Z	spark2	SERVING	13.202	4.087
2026-09-28T06:12:13.548Z	spark1	SERVING	10.551	7.097
2026-09-28T06:12:14.611Z	spark2	SERVING	13.204	4.087
2026-09-28T06:12:18.675Z	spark1	SERVING	10.533	7.097
2026-09-28T06:12:19.724Z	spark2	SERVING	13.192	4.087
2026-09-28T06:12:23.802Z	spark1	SERVING	10.565	7.097
2026-09-28T06:12:24.840Z	spark2	SERVING	13.204	4.087
2026-09-28T06:12:28.933Z	spark1	SERVING	10.543	7.097
2026-09-28T06:12:29.961Z	spark2	SERVING	13.197	4.087
2026-09-28T06:12:34.058Z	spark1	SERVING	10.571	7.097
2026-09-28T06:12:35.072Z	spark2	SERVING	13.201	4.087
2026-09-28T06:12:39.162Z	spark1	SERVING	10.523	7.097
2026-09-28T06:12:40.172Z	spark2	SERVING	13.180	4.087
2026-09-28T06:12:44.287Z	spark1	SERVING	10.507	7.097
2026-09-28T06:12:45.287Z	spark2	SERVING	13.195	4.087
2026-09-28T06:12:49.424Z	spark1	SERVING	10.570	7.097
2026-09-28T06:12:50.402Z	spark2	SERVING	13.199	4.087
2026-09-28T06:12:54.558Z	spark1	SERVING	10.555	7.097
2026-09-28T06:12:55.521Z	spark2	SERVING	13.201	4.087
2026-09-28T06:12:59.689Z	spark1	SERVING	10.566	7.097
2026-09-28T06:13:00.643Z	spark2	SERVING	13.202	4.087
2026-09-28T06:13:04.823Z	spark1	SERVING	10.554	7.097
2026-09-28T06:13:05.761Z	spark2	SERVING	13.193	4.087
2026-09-28T06:13:09.944Z	spark1	SERVING	10.574	7.097
2026-09-28T06:13:10.875Z	spark2	SERVING	13.200	4.087
2026-09-28T06:13:15.064Z	spark1	SERVING	10.570	7.097
2026-09-28T06:13:15.981Z	spark2	SERVING	13.198	4.087
2026-09-28T06:13:20.174Z	spark1	SERVING	10.555	7.097
2026-09-28T06:13:21.081Z	spark2	SERVING	13.200	4.087
2026-09-28T06:13:25.300Z	spark1	SERVING	10.547	7.097
2026-09-28T06:13:26.198Z	spark2	SERVING	13.198	4.087
2026-09-28T06:13:30.434Z	spark1	SERVING	10.540	7.097
2026-09-28T06:13:31.316Z	spark2	SERVING	13.200	4.087
2026-09-28T06:13:35.569Z	spark1	SERVING	10.523	7.097
2026-09-28T06:13:36.430Z	spark2	SERVING	13.215	4.087
2026-09-28T06:13:40.711Z	spark1	SERVING	10.548	7.097
2026-09-28T06:13:41.550Z	spark2	SERVING	13.215	4.087
2026-09-28T06:13:45.843Z	spark1	SERVING	10.528	7.097
2026-09-28T06:13:46.657Z	spark2	SERVING	13.177	4.087
2026-09-28T06:13:50.982Z	spark1	SERVING	10.510	7.097
2026-09-28T06:13:51.775Z	spark2	SERVING	13.192	4.087
2026-09-28T06:13:56.102Z	spark1	SERVING	10.532	7.097
2026-09-28T06:13:56.871Z	spark2	SERVING	13.210	4.087
2026-09-28T06:14:01.231Z	spark1	SERVING	10.533	7.097
2026-09-28T06:14:01.978Z	spark2	SERVING	13.208	4.087
2026-09-28T06:14:06.371Z	spark1	SERVING	10.561	7.097
2026-09-28T06:14:07.093Z	spark2	SERVING	13.212	4.087
2026-09-28T06:14:11.511Z	spark1	SERVING	10.554	7.097
2026-09-28T06:14:12.206Z	spark2	SERVING	13.221	4.087
2026-09-28T06:14:16.649Z	spark1	SERVING	10.544	7.097
2026-09-28T06:14:17.324Z	spark2	SERVING	13.224	4.087
2026-09-28T06:14:21.779Z	spark1	SERVING	10.549	7.097
2026-09-28T06:14:22.444Z	spark2	SERVING	13.206	4.087
2026-09-28T06:14:26.916Z	spark1	SERVING	10.547	7.097
2026-09-28T06:14:27.560Z	spark2	SERVING	13.209	4.087
2026-09-28T06:14:32.047Z	spark1	SERVING	10.542	7.097
2026-09-28T06:14:32.673Z	spark2	SERVING	13.209	4.086
2026-09-28T06:14:37.158Z	spark1	SERVING	10.525	7.096
2026-09-28T06:14:37.772Z	spark2	SERVING	13.208	4.086
2026-09-28T06:14:42.283Z	spark1	SERVING	10.501	7.096
2026-09-28T06:14:42.882Z	spark2	SERVING	13.201	4.086
2026-09-28T06:14:47.417Z	spark1	SERVING	10.522	7.096
2026-09-28T06:14:47.997Z	spark2	SERVING	13.202	4.086
2026-09-28T06:14:52.560Z	spark1	SERVING	10.523	7.096
2026-09-28T06:14:53.107Z	spark2	SERVING	13.185	4.086
2026-09-28T06:14:57.698Z	spark1	SERVING	10.533	7.096
2026-09-28T06:14:58.226Z	spark2	SERVING	13.178	4.086
2026-09-28T06:15:02.833Z	spark1	SERVING	10.541	7.096
2026-09-28T06:15:03.341Z	spark2	SERVING	13.185	4.086
2026-09-28T06:15:07.976Z	spark1	SERVING	10.527	7.096
2026-09-28T06:15:08.458Z	spark2	SERVING	13.200	4.086
2026-09-28T06:15:13.104Z	spark1	SERVING	10.545	7.096
2026-09-28T06:15:13.563Z	spark2	SERVING	13.203	4.086
2026-09-28T06:15:18.213Z	spark1	SERVING	10.541	7.096
2026-09-28T06:15:18.666Z	spark2	SERVING	13.207	4.086
2026-09-28T06:15:23.346Z	spark1	SERVING	10.552	7.096
2026-09-28T06:15:23.777Z	spark2	SERVING	13.209	4.086
2026-09-28T06:15:28.475Z	spark1	SERVING	10.522	7.096
2026-09-28T06:15:28.891Z	spark2	SERVING	13.206	4.086
2026-09-28T06:15:33.607Z	spark1	SERVING	10.541	7.096
2026-09-28T06:15:34.005Z	spark2	SERVING	13.206	4.086
2026-09-28T06:15:38.749Z	spark1	SERVING	10.522	7.096
2026-09-28T06:15:39.120Z	spark2	SERVING	13.193	4.086
2026-09-28T06:15:43.876Z	spark1	SERVING	10.543	7.096
2026-09-28T06:15:44.235Z	spark2	SERVING	13.195	4.086
2026-09-28T06:15:49.008Z	spark1	SERVING	10.559	7.096
2026-09-28T06:15:49.348Z	spark2	SERVING	13.192	4.086
2026-09-28T06:15:54.123Z	spark1	SERVING	10.544	7.096
2026-09-28T06:15:54.452Z	spark2	SERVING	13.197	4.086
2026-09-28T06:15:59.247Z	spark1	SERVING	10.565	7.096
2026-09-28T06:15:59.561Z	spark2	SERVING	13.201	4.086
2026-09-28T06:16:04.378Z	spark1	SERVING	10.541	7.096
2026-09-28T06:16:04.682Z	spark2	SERVING	13.199	4.086
2026-09-28T06:16:09.523Z	spark1	SERVING	10.558	7.096
2026-09-28T06:16:09.804Z	spark2	SERVING	13.199	4.086
2026-09-28T06:16:14.648Z	spark1	SERVING	10.548	7.096
2026-09-28T06:16:14.920Z	spark2	SERVING	13.187	4.086
2026-09-28T06:16:19.773Z	spark1	SERVING	10.559	7.096
2026-09-28T06:16:20.043Z	spark2	SERVING	13.190	4.086
2026-09-28T06:16:24.898Z	spark1	SERVING	10.534	7.096
2026-09-28T06:16:25.154Z	spark2	SERVING	13.184	4.086
2026-09-28T06:16:30.027Z	spark1	SERVING	10.571	7.096
2026-09-28T06:16:30.270Z	spark2	SERVING	13.187	4.086
2026-09-28T06:16:35.133Z	spark1	SERVING	10.501	7.096
2026-09-28T06:16:35.366Z	spark2	SERVING	13.182	4.086
2026-09-28T06:16:40.263Z	spark1	SERVING	10.552	7.096
2026-09-28T06:16:40.475Z	spark2	SERVING	13.188	4.086
2026-09-28T06:16:45.400Z	spark1	SERVING	10.563	7.096
2026-09-28T06:16:45.589Z	spark2	SERVING	13.195	4.086
2026-09-28T06:16:50.537Z	spark1	SERVING	10.549	7.096
2026-09-28T06:16:50.707Z	spark2	SERVING	13.194	4.086
2026-09-28T06:16:55.669Z	spark1	SERVING	10.545	7.096
2026-09-28T06:16:55.822Z	spark2	SERVING	13.193	4.086
2026-09-28T06:17:00.808Z	spark1	SERVING	10.537	7.096
2026-09-28T06:17:00.936Z	spark2	SERVING	13.192	4.086
2026-09-28T06:17:05.945Z	spark1	SERVING	10.537	7.096
2026-09-28T06:17:06.050Z	spark2	SERVING	13.192	4.086
2026-09-28T06:17:11.067Z	spark1	SERVING	10.545	7.096
2026-09-28T06:17:11.167Z	spark2	SERVING	13.193	4.086
2026-09-28T06:17:16.181Z	spark1	SERVING	10.545	7.096
2026-09-28T06:17:16.275Z	spark2	SERVING	13.198	4.086
2026-09-28T06:17:21.309Z	spark1	SERVING	10.522	7.096
2026-09-28T06:17:21.399Z	spark2	SERVING	13.191	4.086
2026-09-28T06:17:26.443Z	spark1	SERVING	10.560	7.096
2026-09-28T06:17:26.527Z	spark2	SERVING	13.193	4.086
2026-09-28T06:17:31.588Z	spark1	SERVING	10.520	7.096
2026-09-28T06:17:31.650Z	spark2	SERVING	13.199	4.086
2026-09-28T06:17:36.725Z	spark1	SERVING	10.528	7.096
2026-09-28T06:17:36.769Z	spark2	SERVING	13.200	4.086
2026-09-28T06:17:41.864Z	spark1	SERVING	10.544	7.096
2026-09-28T06:17:41.893Z	spark2	SERVING	13.186	4.086
2026-09-28T06:17:47.000Z	spark1	SERVING	10.529	7.096
2026-09-28T06:17:47.024Z	spark2	SERVING	13.193	4.086
2026-09-28T06:17:52.122Z	spark1	SERVING	10.528	7.096
2026-09-28T06:17:52.135Z	spark2	SERVING	13.194	4.086
2026-09-28T06:17:57.246Z	spark2	SERVING	13.186	4.086
2026-09-28T06:17:57.256Z	spark1	SERVING	10.526	7.096
2026-09-28T06:18:02.371Z	spark2	SERVING	13.188	4.086
2026-09-28T06:18:02.375Z	spark1	SERVING	10.545	7.096
2026-09-28T06:18:07.480Z	spark2	SERVING	13.194	4.086
2026-09-28T06:18:07.505Z	spark1	SERVING	10.532	7.096
2026-09-28T06:18:12.603Z	spark2	SERVING	13.199	4.086
2026-09-28T06:18:12.624Z	spark1	SERVING	10.541	7.096
2026-09-28T06:18:17.719Z	spark2	SERVING	13.192	4.086
2026-09-28T06:18:17.746Z	spark1	SERVING	10.505	7.096
2026-09-28T06:18:22.837Z	spark2	SERVING	13.195	4.086
2026-09-28T06:18:22.871Z	spark1	SERVING	10.530	7.096
2026-09-28T06:18:27.951Z	spark2	SERVING	13.205	4.085
2026-09-28T06:18:27.992Z	spark1	SERVING	10.536	7.096
2026-09-28T06:18:33.060Z	spark2	SERVING	13.205	4.085
2026-09-28T06:18:33.102Z	spark1	SERVING	10.547	7.096
2026-09-28T06:18:38.183Z	spark2	SERVING	13.206	4.085
2026-09-28T06:18:38.236Z	spark1	SERVING	10.534	7.096
2026-09-28T06:18:43.310Z	spark2	SERVING	13.204	4.085
2026-09-28T06:18:43.360Z	spark1	SERVING	10.541	7.096
2026-09-28T06:18:48.438Z	spark2	SERVING	13.208	4.085
2026-09-28T06:18:48.498Z	spark1	SERVING	10.535	7.096
2026-09-28T06:18:53.553Z	spark2	SERVING	13.205	4.085
2026-09-28T06:18:53.615Z	spark1	SERVING	10.529	7.096
2026-09-28T06:18:58.664Z	spark2	SERVING	13.208	4.085
2026-09-28T06:18:58.738Z	spark1	SERVING	10.526	7.096
2026-09-28T06:19:03.788Z	spark2	SERVING	13.204	4.085
2026-09-28T06:19:03.871Z	spark1	SERVING	10.518	7.096
2026-09-28T06:19:08.893Z	spark2	SERVING	13.208	4.085
2026-09-28T06:19:08.992Z	spark1	SERVING	10.525	7.096
2026-09-28T06:19:13.994Z	spark2	SERVING	13.201	4.085
2026-09-28T06:19:14.117Z	spark1	SERVING	10.516	7.096
2026-09-28T06:19:19.119Z	spark2	SERVING	13.206	4.085
2026-09-28T06:19:19.259Z	spark1	SERVING	10.534	7.096
2026-09-28T06:19:24.242Z	spark2	SERVING	13.194	4.085
2026-09-28T06:19:24.391Z	spark1	SERVING	10.518	7.096
2026-09-28T06:19:29.358Z	spark2	SERVING	13.201	4.085
2026-09-28T06:19:29.530Z	spark1	SERVING	10.543	7.096
2026-09-28T06:19:34.471Z	spark2	SERVING	13.196	4.085
2026-09-28T06:19:34.662Z	spark1	SERVING	10.529	7.096
2026-09-28T06:19:39.590Z	spark2	SERVING	13.201	4.085
2026-09-28T06:19:39.803Z	spark1	SERVING	10.555	7.096
2026-09-28T06:19:44.712Z	spark2	SERVING	13.202	4.085
2026-09-28T06:19:44.946Z	spark1	SERVING	10.524	7.096
2026-09-28T06:19:49.822Z	spark2	SERVING	13.198	4.085
2026-09-28T06:19:50.063Z	spark1	SERVING	10.509	7.096
2026-09-28T06:19:54.929Z	spark2	SERVING	13.202	4.085
2026-09-28T06:19:55.188Z	spark1	SERVING	10.530	7.096
2026-09-28T06:20:00.060Z	spark2	SERVING	13.198	4.085
2026-09-28T06:20:00.324Z	spark1	SERVING	10.508	7.096
2026-09-28T06:20:05.179Z	spark2	SERVING	13.198	4.085
2026-09-28T06:20:05.455Z	spark1	SERVING	10.519	7.096
2026-09-28T06:20:10.291Z	spark2	SERVING	13.207	4.085
2026-09-28T06:20:10.594Z	spark1	SERVING	10.520	7.096
2026-09-28T06:20:15.402Z	spark2	SERVING	13.207	4.085
2026-09-28T06:20:15.718Z	spark1	SERVING	10.446	7.096
2026-09-28T06:20:20.523Z	spark2	SERVING	13.196	4.085
2026-09-28T06:20:20.848Z	spark1	SERVING	10.489	7.096
2026-09-28T06:20:25.639Z	spark2	SERVING	13.204	4.085
2026-09-28T06:20:25.985Z	spark1	SERVING	10.534	7.096
2026-09-28T06:20:30.750Z	spark2	SERVING	13.192	4.085
2026-09-28T06:20:31.135Z	spark1	SERVING	10.518	7.096
2026-09-28T06:20:35.873Z	spark2	SERVING	13.196	4.085
2026-09-28T06:20:36.270Z	spark1	SERVING	10.508	7.096
2026-09-28T06:20:40.996Z	spark2	SERVING	13.200	4.085
2026-09-28T06:20:41.406Z	spark1	SERVING	10.502	7.096
2026-09-28T06:20:46.123Z	spark2	SERVING	13.198	4.085
2026-09-28T06:20:46.545Z	spark1	SERVING	10.485	7.096
2026-09-28T06:20:51.240Z	spark2	SERVING	13.198	4.085
2026-09-28T06:20:51.675Z	spark1	SERVING	10.498	7.096
2026-09-28T06:20:56.349Z	spark2	SERVING	13.192	4.085
2026-09-28T06:20:56.785Z	spark1	SERVING	10.452	7.096
2026-09-28T06:21:01.471Z	spark2	SERVING	13.194	4.085
2026-09-28T06:21:01.923Z	spark1	SERVING	10.480	7.096
2026-09-28T06:21:06.594Z	spark2	SERVING	13.195	4.085
2026-09-28T06:21:07.059Z	spark1	SERVING	10.492	7.096
2026-09-28T06:21:11.710Z	spark2	SERVING	13.195	4.085
2026-09-28T06:21:12.199Z	spark1	SERVING	10.488	7.096
2026-09-28T06:21:16.826Z	spark2	SERVING	13.202	4.085
2026-09-28T06:21:17.341Z	spark1	SERVING	10.503	7.096
2026-09-28T06:21:21.949Z	spark2	SERVING	13.203	4.085
2026-09-28T06:21:22.486Z	spark1	SERVING	10.541	7.096
2026-09-28T06:21:27.073Z	spark2	SERVING	13.206	4.085
2026-09-28T06:21:27.631Z	spark1	SERVING	10.500	7.096
2026-09-28T06:21:32.191Z	spark2	SERVING	13.207	4.085
2026-09-28T06:21:32.763Z	spark1	SERVING	10.534	7.096
2026-09-28T06:21:37.300Z	spark2	SERVING	13.206	4.085
2026-09-28T06:21:37.892Z	spark1	SERVING	10.536	7.096
2026-09-28T06:21:42.424Z	spark2	SERVING	13.206	4.085
2026-09-28T06:21:43.038Z	spark1	SERVING	10.535	7.096
2026-09-28T06:21:47.548Z	spark2	SERVING	13.207	4.085
2026-09-28T06:21:48.177Z	spark1	SERVING	10.549	7.096
2026-09-28T06:21:52.674Z	spark2	SERVING	13.195	4.085
2026-09-28T06:21:53.310Z	spark1	SERVING	10.531	7.096
2026-09-28T06:21:57.792Z	spark2	SERVING	13.195	4.085
2026-09-28T06:21:58.446Z	spark1	SERVING	10.534	7.096
2026-09-28T06:22:02.920Z	spark2	SERVING	13.199	4.085
2026-09-28T06:22:03.579Z	spark1	SERVING	10.544	7.096
2026-09-28T06:22:08.041Z	spark2	SERVING	13.203	4.085
2026-09-28T06:22:08.711Z	spark1	SERVING	10.567	7.096
2026-09-28T06:22:13.154Z	spark2	SERVING	13.191	4.085
2026-09-28T06:22:13.823Z	spark1	SERVING	10.550	7.096
2026-09-28T06:22:18.268Z	spark2	SERVING	13.194	4.085
2026-09-28T06:22:18.946Z	spark1	SERVING	10.568	7.096
2026-09-28T06:22:23.392Z	spark2	SERVING	13.185	4.085
2026-09-28T06:22:24.080Z	spark1	SERVING	10.535	7.096
2026-09-28T06:22:28.507Z	spark2	SERVING	13.190	4.085
2026-09-28T06:22:29.214Z	spark1	SERVING	10.557	7.096
2026-09-28T06:22:33.624Z	spark2	SERVING	13.191	4.085
2026-09-28T06:22:34.346Z	spark1	SERVING	10.528	7.096
2026-09-28T06:22:38.736Z	spark2	SERVING	13.181	4.085
2026-09-28T06:22:39.479Z	spark1	SERVING	10.544	7.096
2026-09-28T06:22:43.856Z	spark2	SERVING	13.187	4.085
2026-09-28T06:22:44.625Z	spark1	SERVING	10.550	7.096
2026-09-28T06:22:48.972Z	spark2	SERVING	13.194	4.085
2026-09-28T06:22:49.761Z	spark1	SERVING	10.559	7.096
2026-09-28T06:22:54.086Z	spark2	SERVING	13.195	4.085
2026-09-28T06:22:54.875Z	spark1	SERVING	10.586	7.096
2026-09-28T06:22:59.200Z	spark2	SERVING	13.200	4.085
2026-09-28T06:23:00.006Z	spark1	SERVING	10.554	7.096
2026-09-28T06:23:04.330Z	spark2	SERVING	13.202	4.085
2026-09-28T06:23:05.146Z	spark1	SERVING	10.564	7.096
2026-09-28T06:23:09.454Z	spark2	SERVING	13.183	4.085
2026-09-28T06:23:10.280Z	spark1	SERVING	10.525	7.096
2026-09-28T06:23:14.573Z	spark2	SERVING	13.189	4.085
2026-09-28T06:23:15.417Z	spark1	SERVING	10.555	7.096
2026-09-28T06:23:19.692Z	spark2	SERVING	13.197	4.085
2026-09-28T06:23:20.550Z	spark1	SERVING	10.528	7.096
2026-09-28T06:23:24.813Z	spark2	SERVING	13.200	4.085
2026-09-28T06:23:25.684Z	spark1	SERVING	10.552	7.096
2026-09-28T06:23:29.927Z	spark2	SERVING	13.199	4.085
2026-09-28T06:23:30.812Z	spark1	SERVING	10.537	7.096
2026-09-28T06:23:35.041Z	spark2	SERVING	13.201	4.085
2026-09-28T06:23:35.914Z	spark1	SERVING	10.540	7.096
2026-09-28T06:23:40.163Z	spark2	SERVING	13.204	4.085
2026-09-28T06:23:41.058Z	spark1	SERVING	10.558	7.096
2026-09-28T06:23:45.288Z	spark2	SERVING	13.194	4.085
2026-09-28T06:23:46.196Z	spark1	SERVING	10.565	7.096
2026-09-28T06:23:50.408Z	spark2	SERVING	13.195	4.085
2026-09-28T06:23:51.332Z	spark1	SERVING	10.565	7.096
2026-09-28T06:23:55.527Z	spark2	SERVING	13.170	4.085
2026-09-28T06:23:56.470Z	spark1	SERVING	10.531	7.096
2026-09-28T06:24:00.641Z	spark2	SERVING	13.183	4.085
2026-09-28T06:24:01.606Z	spark1	SERVING	10.550	7.096
2026-09-28T06:24:05.759Z	spark2	SERVING	13.174	4.085
2026-09-28T06:24:06.737Z	spark1	SERVING	10.533	7.096
2026-09-28T06:24:10.878Z	spark2	SERVING	13.190	4.085
2026-09-28T06:24:11.852Z	spark1	SERVING	10.543	7.096
2026-09-28T06:24:15.991Z	spark2	SERVING	13.181	4.085
2026-09-28T06:24:16.972Z	spark1	SERVING	10.517	7.096
2026-09-28T06:24:21.116Z	spark2	SERVING	13.184	4.085
2026-09-28T06:24:22.107Z	spark1	SERVING	10.542	7.096
2026-09-28T06:24:26.242Z	spark2	SERVING	13.183	4.085
2026-09-28T06:24:27.237Z	spark1	SERVING	10.553	7.096
2026-09-28T06:24:31.357Z	spark2	SERVING	13.189	4.085
2026-09-28T06:24:32.364Z	spark1	SERVING	10.562	7.096
2026-09-28T06:24:36.478Z	spark2	SERVING	13.190	4.085
2026-09-28T06:24:37.491Z	spark1	SERVING	10.564	7.096
2026-09-28T06:24:41.603Z	spark2	SERVING	13.197	4.085
2026-09-28T06:24:42.621Z	spark1	SERVING	10.548	7.096
2026-09-28T06:24:46.732Z	spark2	SERVING	13.200	4.085
2026-09-28T06:24:47.750Z	spark1	SERVING	10.583	7.095
2026-09-28T06:24:51.847Z	spark2	SERVING	13.196	4.085
2026-09-28T06:24:52.872Z	spark1	SERVING	10.561	7.095
2026-09-28T06:24:56.951Z	spark2	SERVING	13.197	4.085
2026-09-28T06:24:58.001Z	spark1	SERVING	10.582	7.095
2026-09-28T06:25:02.070Z	spark2	SERVING	13.188	4.085
2026-09-28T06:25:03.145Z	spark1	SERVING	10.570	7.095
2026-09-28T06:25:07.198Z	spark2	SERVING	13.195	4.085
2026-09-28T06:25:08.276Z	spark1	SERVING	10.552	7.095
2026-09-28T06:25:12.320Z	spark2	SERVING	13.188	4.085
2026-09-28T06:25:13.410Z	spark1	SERVING	10.579	7.095
2026-09-28T06:25:17.444Z	spark2	SERVING	13.191	4.085
2026-09-28T06:25:18.555Z	spark1	SERVING	10.568	7.093
2026-09-28T06:25:22.564Z	spark2	SERVING	13.192	4.085
2026-09-28T06:25:23.692Z	spark1	SERVING	10.534	7.093
2026-09-28T06:25:27.691Z	spark2	SERVING	13.206	4.085
2026-09-28T06:25:28.820Z	spark1	SERVING	10.543	7.093
2026-09-28T06:25:32.793Z	spark2	SERVING	13.206	4.085
2026-09-28T06:25:33.931Z	spark1	SERVING	10.527	7.092
2026-09-28T06:25:37.900Z	spark2	SERVING	13.197	4.085
2026-09-28T06:25:39.052Z	spark1	SERVING	10.555	7.092
2026-09-28T06:25:43.014Z	spark2	SERVING	13.199	4.085
2026-09-28T06:25:44.188Z	spark1	SERVING	10.523	7.092
2026-09-28T06:25:48.128Z	spark2	SERVING	13.191	4.085
2026-09-28T06:25:49.327Z	spark1	SERVING	10.525	7.092
2026-09-28T06:25:53.250Z	spark2	SERVING	13.195	4.085
2026-09-28T06:25:54.459Z	spark1	SERVING	10.541	7.092
2026-09-28T06:25:58.373Z	spark2	SERVING	13.195	4.085
2026-09-28T06:25:59.601Z	spark1	SERVING	10.526	7.092
2026-09-28T06:26:03.501Z	spark2	SERVING	13.202	4.085
2026-09-28T06:26:04.741Z	spark1	SERVING	10.547	7.092
2026-09-28T06:26:08.617Z	spark2	SERVING	13.173	4.085
2026-09-28T06:26:09.870Z	spark1	SERVING	10.551	7.092
2026-09-28T06:26:13.720Z	spark2	SERVING	13.190	4.085
2026-09-28T06:26:14.985Z	spark1	SERVING	10.571	7.092
2026-09-28T06:26:18.836Z	spark2	SERVING	13.212	4.085
2026-09-28T06:26:20.108Z	spark1	SERVING	10.539	7.092
2026-09-28T06:26:23.957Z	spark2	SERVING	13.214	4.085
2026-09-28T06:26:25.249Z	spark1	SERVING	10.535	7.092
2026-09-28T06:26:29.082Z	spark2	SERVING	13.216	4.085
2026-09-28T06:26:30.382Z	spark1	SERVING	10.553	7.092
2026-09-28T06:26:34.206Z	spark2	SERVING	13.203	4.085
2026-09-28T06:26:35.520Z	spark1	SERVING	10.569	7.092
2026-09-28T06:26:39.318Z	spark2	SERVING	13.207	4.085
2026-09-28T06:26:40.649Z	spark1	SERVING	10.575	7.092
2026-09-28T06:26:44.441Z	spark2	SERVING	13.196	4.085
2026-09-28T06:26:45.791Z	spark1	SERVING	10.570	7.092
2026-09-28T06:26:49.557Z	spark2	SERVING	13.198	4.085
2026-09-28T06:26:50.912Z	spark1	SERVING	10.568	7.092
2026-09-28T06:26:54.662Z	spark2	SERVING	13.200	4.085
2026-09-28T06:26:56.041Z	spark1	SERVING	10.558	7.092
2026-09-28T06:26:59.791Z	spark2	SERVING	13.202	4.085
2026-09-28T06:27:01.184Z	spark1	SERVING	10.559	7.092
2026-09-28T06:27:04.919Z	spark2	SERVING	13.197	4.085
2026-09-28T06:27:06.325Z	spark1	SERVING	10.558	7.092
2026-09-28T06:27:10.040Z	spark2	SERVING	13.198	4.085
2026-09-28T06:27:11.464Z	spark1	SERVING	10.569	7.092
2026-09-28T06:27:15.167Z	spark2	SERVING	13.186	4.085
2026-09-28T06:27:16.612Z	spark1	SERVING	10.527	7.092
2026-09-28T06:27:20.296Z	spark2	SERVING	13.199	4.085
2026-09-28T06:27:21.750Z	spark1	SERVING	10.540	7.092
2026-09-28T06:27:25.419Z	spark2	SERVING	13.206	4.085
2026-09-28T06:27:26.895Z	spark1	SERVING	10.522	7.092
2026-09-28T06:27:30.536Z	spark2	SERVING	13.180	4.085
2026-09-28T06:27:32.003Z	spark1	SERVING	10.535	7.092
2026-09-28T06:27:35.653Z	spark2	SERVING	13.192	4.085
2026-09-28T06:27:37.133Z	spark1	SERVING	10.538	7.092
2026-09-28T06:27:40.764Z	spark2	SERVING	13.181	4.085
2026-09-28T06:27:42.269Z	spark1	SERVING	10.541	7.092
2026-09-28T06:27:45.887Z	spark2	SERVING	13.182	4.085
2026-09-28T06:27:47.397Z	spark1	SERVING	10.544	7.092
2026-09-28T06:27:51.008Z	spark2	SERVING	13.175	4.085
2026-09-28T06:27:52.530Z	spark1	SERVING	10.547	7.092
2026-09-28T06:27:56.128Z	spark2	SERVING	13.177	4.085
2026-09-28T06:27:57.671Z	spark1	SERVING	10.549	7.092
2026-09-28T06:28:01.248Z	spark2	SERVING	13.185	4.085
2026-09-28T06:28:02.808Z	spark1	SERVING	10.520	7.092
2026-09-28T06:28:06.375Z	spark2	SERVING	13.185	4.085
2026-09-28T06:28:07.932Z	spark1	SERVING	10.533	7.092
2026-09-28T06:28:11.482Z	spark2	SERVING	13.183	4.085
2026-09-28T06:28:13.043Z	spark1	SERVING	10.516	7.092
2026-09-28T06:28:16.595Z	spark2	SERVING	13.186	4.085
2026-09-28T06:28:18.176Z	spark1	SERVING	10.545	7.092
2026-09-28T06:28:21.716Z	spark2	SERVING	13.156	4.085
2026-09-28T06:28:23.317Z	spark1	SERVING	10.490	7.092
2026-09-28T06:28:26.841Z	spark2	SERVING	13.167	4.084
2026-09-28T06:28:28.449Z	spark1	SERVING	10.509	7.092
2026-09-28T06:28:31.968Z	spark2	SERVING	13.177	4.084
2026-09-28T06:28:33.586Z	spark1	SERVING	10.542	7.092
2026-09-28T06:28:37.096Z	spark2	SERVING	13.180	4.084
2026-09-28T06:28:38.725Z	spark1	SERVING	10.541	7.092
2026-09-28T06:28:42.221Z	spark2	SERVING	13.183	4.084
2026-09-28T06:28:43.859Z	spark1	SERVING	10.535	7.092
2026-09-28T06:28:47.343Z	spark2	SERVING	13.203	4.084
2026-09-28T06:28:48.979Z	spark1	SERVING	10.547	7.092
2026-09-28T06:28:52.449Z	spark2	SERVING	13.202	4.084
2026-09-28T06:28:54.094Z	spark1	SERVING	10.552	7.092
2026-09-28T06:28:57.566Z	spark2	SERVING	13.206	4.084
2026-09-28T06:28:59.234Z	spark1	SERVING	10.521	7.092
2026-09-28T06:29:02.683Z	spark2	SERVING	13.206	4.084
2026-09-28T06:29:04.363Z	spark1	SERVING	10.558	7.092
2026-09-28T06:29:07.809Z	spark2	SERVING	13.198	4.084
2026-09-28T06:29:09.493Z	spark1	SERVING	10.539	7.092
2026-09-28T06:29:12.930Z	spark2	SERVING	13.197	4.084
2026-09-28T06:29:14.629Z	spark1	SERVING	10.558	7.092
2026-09-28T06:29:18.046Z	spark2	SERVING	13.198	4.084
2026-09-28T06:29:19.765Z	spark1	SERVING	10.527	7.092
2026-09-28T06:29:23.165Z	spark2	SERVING	13.192	4.084
2026-09-28T06:29:24.913Z	spark1	SERVING	10.542	7.092
2026-09-28T06:29:28.285Z	spark2	SERVING	13.194	4.084
2026-09-28T06:29:30.030Z	spark1	SERVING	10.552	7.092
2026-09-28T06:29:33.386Z	spark2	SERVING	13.206	4.084
2026-09-28T06:29:35.165Z	spark1	SERVING	10.547	7.092
2026-09-28T06:29:38.506Z	spark2	SERVING	13.204	4.084
2026-09-28T06:29:40.311Z	spark1	SERVING	10.538	7.092
2026-09-28T06:29:43.624Z	spark2	SERVING	13.193	4.084
2026-09-28T06:29:45.448Z	spark1	SERVING	10.522	7.092
2026-09-28T06:29:48.746Z	spark2	SERVING	13.197	4.084
2026-09-28T06:29:50.586Z	spark1	SERVING	10.535	7.092
2026-09-28T06:29:53.867Z	spark2	SERVING	13.181	4.084
2026-09-28T06:29:55.725Z	spark1	SERVING	10.529	7.092
2026-09-28T06:29:58.987Z	spark2	SERVING	13.184	4.084
2026-09-28T06:30:00.857Z	spark1	SERVING	10.549	7.092
2026-09-28T06:30:04.105Z	spark2	SERVING	13.195	4.084
2026-09-28T06:30:05.991Z	spark1	SERVING	10.538	7.092
2026-09-28T06:30:09.223Z	spark2	SERVING	13.194	4.084
2026-09-28T06:30:11.103Z	spark1	SERVING	10.549	7.092
2026-09-28T06:30:14.338Z	spark2	SERVING	13.172	4.084
2026-09-28T06:30:16.234Z	spark1	SERVING	10.531	7.092
2026-09-28T06:30:19.462Z	spark2	SERVING	13.193	4.084
2026-09-28T06:30:21.370Z	spark1	SERVING	10.523	7.092
2026-09-28T06:30:24.581Z	spark2	SERVING	13.193	4.084
2026-09-28T06:30:26.516Z	spark1	SERVING	10.524	7.092
2026-09-28T06:30:29.704Z	spark2	SERVING	13.186	4.084
2026-09-28T06:30:31.655Z	spark1	SERVING	10.526	7.092
2026-09-28T06:30:34.830Z	spark2	SERVING	13.186	4.084
2026-09-28T06:30:36.784Z	spark1	SERVING	10.533	7.092
2026-09-28T06:30:39.954Z	spark2	SERVING	13.171	4.084
2026-09-28T06:30:41.915Z	spark1	SERVING	10.535	7.092
2026-09-28T06:30:45.086Z	spark2	SERVING	13.183	4.084
2026-09-28T06:30:47.043Z	spark1	SERVING	10.552	7.092
2026-09-28T06:30:50.189Z	spark2	SERVING	13.178	4.084
2026-09-28T06:30:52.155Z	spark1	SERVING	10.543	7.092
2026-09-28T06:30:55.313Z	spark2	SERVING	13.181	4.084
2026-09-28T06:30:57.303Z	spark1	SERVING	10.536	7.092
2026-09-28T06:31:00.426Z	spark2	SERVING	13.178	4.084
2026-09-28T06:31:02.436Z	spark1	SERVING	10.515	7.092
2026-09-28T06:31:05.545Z	spark2	SERVING	13.179	4.084
2026-09-28T06:31:07.571Z	spark1	SERVING	10.543	7.092
2026-09-28T06:31:10.665Z	spark2	SERVING	13.180	4.083
2026-09-28T06:31:12.700Z	spark1	SERVING	10.533	7.092
2026-09-28T06:31:15.788Z	spark2	SERVING	13.181	4.083
2026-09-28T06:31:17.831Z	spark1	SERVING	10.530	7.092
2026-09-28T06:31:20.914Z	spark2	SERVING	13.181	4.083
2026-09-28T06:31:22.961Z	spark1	SERVING	10.515	7.092
2026-09-28T06:31:26.034Z	spark2	SERVING	13.191	4.083
2026-09-28T06:31:28.085Z	spark1	SERVING	10.517	7.092
2026-09-28T06:31:31.130Z	spark2	SERVING	13.194	4.083
2026-09-28T06:31:33.214Z	spark1	SERVING	10.513	7.092
2026-09-28T06:31:36.245Z	spark2	SERVING	13.194	4.083
2026-09-28T06:31:38.355Z	spark1	SERVING	10.529	7.092
2026-09-28T06:31:41.371Z	spark2	SERVING	13.193	4.083
2026-09-28T06:31:43.487Z	spark1	SERVING	10.527	7.092
2026-09-28T06:31:46.491Z	spark2	SERVING	13.165	4.083
2026-09-28T06:31:48.626Z	spark1	SERVING	10.532	7.092
2026-09-28T06:31:51.613Z	spark2	SERVING	13.178	4.083
2026-09-28T06:31:53.755Z	spark1	SERVING	10.537	7.092
2026-09-28T06:31:56.731Z	spark2	SERVING	13.176	4.083
2026-09-28T06:31:58.888Z	spark1	SERVING	10.541	7.092
2026-09-28T06:32:01.852Z	spark2	SERVING	13.182	4.083
2026-09-28T06:32:04.023Z	spark1	SERVING	10.550	7.092
2026-09-28T06:32:06.967Z	spark2	SERVING	13.196	4.083
2026-09-28T06:32:09.132Z	spark1	SERVING	10.540	7.092
2026-09-28T06:32:12.070Z	spark2	SERVING	13.198	4.083
2026-09-28T06:32:14.251Z	spark1	SERVING	10.553	7.092
2026-09-28T06:32:17.190Z	spark2	SERVING	13.197	4.083
2026-09-28T06:32:19.386Z	spark1	SERVING	10.538	7.092
2026-09-28T06:32:22.300Z	spark2	SERVING	13.174	4.083
2026-09-28T06:32:24.521Z	spark1	SERVING	10.541	7.092
2026-09-28T06:32:27.424Z	spark2	SERVING	13.178	4.083
2026-09-28T06:32:29.653Z	spark1	SERVING	10.520	7.090
2026-09-28T06:32:32.540Z	spark2	SERVING	13.189	4.083
2026-09-28T06:32:34.779Z	spark1	SERVING	10.535	7.090
2026-09-28T06:32:37.659Z	spark2	SERVING	13.190	4.083
2026-09-28T06:32:39.891Z	spark1	SERVING	10.203	7.090
2026-09-28T06:32:42.746Z	spark2	SERVING	12.889	4.083
2026-09-28T06:32:44.980Z	spark1	SERVING	10.305	7.090
2026-09-28T06:32:47.831Z	spark2	SERVING	12.771	4.083
2026-09-28T06:32:50.091Z	spark1	SERVING	10.314	7.090
2026-09-28T06:32:52.946Z	spark2	SERVING	12.863	4.083
2026-09-28T06:32:55.233Z	spark1	SERVING	10.298	7.090
2026-09-28T06:32:58.069Z	spark2	SERVING	12.915	4.083
2026-09-28T06:33:00.355Z	spark1	SERVING	10.369	7.090
2026-09-28T06:33:03.181Z	spark2	SERVING	12.981	4.083
2026-09-28T06:33:05.485Z	spark1	SERVING	10.389	7.090
2026-09-28T06:33:08.303Z	spark2	SERVING	13.036	4.083
2026-09-28T06:33:10.623Z	spark1	SERVING	10.429	7.090
2026-09-28T06:33:13.419Z	spark2	SERVING	13.076	4.083
2026-09-28T06:33:15.747Z	spark1	SERVING	10.467	7.090
2026-09-28T06:33:18.539Z	spark2	SERVING	13.117	4.083
2026-09-28T06:33:20.878Z	spark1	SERVING	10.525	7.090
2026-09-28T06:33:23.648Z	spark2	SERVING	13.136	4.083
2026-09-28T06:33:25.986Z	spark1	SERVING	10.476	7.090
2026-09-28T06:33:28.747Z	spark2	SERVING	13.165	4.083
2026-09-28T06:33:31.099Z	spark1	SERVING	10.518	7.090
2026-09-28T06:33:33.868Z	spark2	SERVING	13.174	4.083
2026-09-28T06:33:36.239Z	spark1	SERVING	10.510	7.090
2026-09-28T06:33:38.976Z	spark2	SERVING	13.160	4.083
2026-09-28T06:33:41.378Z	spark1	SERVING	10.514	7.090
2026-09-28T06:33:44.093Z	spark2	SERVING	13.165	4.083
2026-09-28T06:33:46.516Z	spark1	SERVING	10.538	7.090
2026-09-28T06:33:49.220Z	spark2	SERVING	13.157	4.083
2026-09-28T06:33:51.659Z	spark1	SERVING	10.529	7.090
2026-09-28T06:33:54.335Z	spark2	SERVING	13.166	4.083
2026-09-28T06:33:56.800Z	spark1	SERVING	10.536	7.090
2026-09-28T06:33:59.451Z	spark2	SERVING	13.145	4.083
2026-09-28T06:34:01.919Z	spark1	SERVING	10.533	7.090
2026-09-28T06:34:04.561Z	spark2	SERVING	13.154	4.083
2026-09-28T06:34:07.039Z	spark1	SERVING	10.543	7.090
2026-09-28T06:34:09.665Z	spark2	SERVING	13.162	4.083
2026-09-28T06:34:12.176Z	spark1	SERVING	10.525	7.090
2026-09-28T06:34:14.789Z	spark2	SERVING	13.163	4.083
2026-09-28T06:34:17.315Z	spark1	SERVING	10.540	7.090
2026-09-28T06:34:19.915Z	spark2	SERVING	13.163	4.083
2026-09-28T06:34:22.445Z	spark1	SERVING	10.512	7.090
2026-09-28T06:34:25.028Z	spark2	SERVING	13.162	4.083
2026-09-28T06:34:27.579Z	spark1	SERVING	10.539	7.090
2026-09-28T06:34:30.151Z	spark2	SERVING	13.162	4.083
2026-09-28T06:34:32.715Z	spark1	SERVING	10.516	7.090
2026-09-28T06:34:35.266Z	spark2	SERVING	13.155	4.083
2026-09-28T06:34:37.858Z	spark1	SERVING	10.529	7.090
2026-09-28T06:34:40.392Z	spark2	SERVING	13.156	4.083
2026-09-28T06:34:42.976Z	spark1	SERVING	10.538	7.090
2026-09-28T06:34:45.499Z	spark2	SERVING	13.172	4.083
2026-09-28T06:34:48.080Z	spark1	SERVING	10.538	7.090
2026-09-28T06:34:50.608Z	spark2	SERVING	13.171	4.083
2026-09-28T06:34:53.213Z	spark1	SERVING	10.500	7.090
2026-09-28T06:34:55.734Z	spark2	SERVING	13.156	4.083
2026-09-28T06:34:58.342Z	spark1	SERVING	10.494	7.090
2026-09-28T06:35:00.859Z	spark2	SERVING	13.160	4.083
2026-09-28T06:35:03.472Z	spark1	SERVING	10.525	7.090
2026-09-28T06:35:05.981Z	spark2	SERVING	13.146	4.083
2026-09-28T06:35:08.597Z	spark1	SERVING	10.519	7.089
2026-09-28T06:35:11.107Z	spark2	SERVING	13.162	4.083
2026-09-28T06:35:13.719Z	spark1	SERVING	10.542	7.089
2026-09-28T06:35:16.225Z	spark2	SERVING	13.172	4.083
2026-09-28T06:35:18.857Z	spark1	SERVING	10.514	7.089
2026-09-28T06:35:21.337Z	spark2	SERVING	13.177	4.083
2026-09-28T06:35:23.987Z	spark1	SERVING	10.515	7.089
2026-09-28T06:35:26.447Z	spark2	SERVING	13.180	4.083
2026-09-28T06:35:29.110Z	spark1	SERVING	10.530	7.089
2026-09-28T06:35:31.557Z	spark2	SERVING	13.170	4.083
2026-09-28T06:35:34.242Z	spark1	SERVING	10.532	7.089
2026-09-28T06:35:36.677Z	spark2	SERVING	13.173	4.083
2026-09-28T06:35:39.374Z	spark1	SERVING	10.514	7.089
2026-09-28T06:35:41.792Z	spark2	SERVING	13.177	4.083
2026-09-28T06:35:44.509Z	spark1	SERVING	10.526	7.089
2026-09-28T06:35:46.906Z	spark2	SERVING	13.178	4.083
2026-09-28T06:35:49.626Z	spark1	SERVING	10.529	7.089
2026-09-28T06:35:52.026Z	spark2	SERVING	13.179	4.083
2026-09-28T06:35:54.757Z	spark1	SERVING	10.523	7.089
2026-09-28T06:35:57.142Z	spark2	SERVING	13.182	4.083
2026-09-28T06:35:59.889Z	spark1	SERVING	10.556	7.089
2026-09-28T06:36:02.260Z	spark2	SERVING	13.173	4.083
2026-09-28T06:36:05.000Z	spark1	SERVING	10.574	7.089
2026-09-28T06:36:07.371Z	spark2	SERVING	13.177	4.083
2026-09-28T06:36:10.107Z	spark1	SERVING	10.547	7.089
2026-09-28T06:36:12.492Z	spark2	SERVING	13.162	4.083
2026-09-28T06:36:15.254Z	spark1	SERVING	10.523	7.089
2026-09-28T06:36:17.615Z	spark2	SERVING	13.188	4.083
2026-09-28T06:36:20.390Z	spark1	SERVING	10.558	7.089
2026-09-28T06:36:22.737Z	spark2	SERVING	13.194	4.083
2026-09-28T06:36:25.517Z	spark1	SERVING	10.532	7.089
2026-09-28T06:36:27.859Z	spark2	SERVING	13.202	4.083
2026-09-28T06:36:30.664Z	spark1	SERVING	10.520	7.089
2026-09-28T06:36:32.978Z	spark2	SERVING	13.202	4.083
2026-09-28T06:36:35.793Z	spark1	SERVING	10.524	7.089
2026-09-28T06:36:38.102Z	spark2	SERVING	13.199	4.083
2026-09-28T06:36:40.919Z	spark1	SERVING	10.530	7.089
2026-09-28T06:36:43.215Z	spark2	SERVING	13.202	4.083
2026-09-28T06:36:46.029Z	spark1	SERVING	10.504	7.089
2026-09-28T06:36:48.318Z	spark2	SERVING	13.182	4.083
2026-09-28T06:36:51.152Z	spark1	SERVING	10.528	7.089
2026-09-28T06:36:53.443Z	spark2	SERVING	13.183	4.083
2026-09-28T06:36:56.292Z	spark1	SERVING	10.531	7.089
2026-09-28T06:36:58.562Z	spark2	SERVING	13.179	4.083
2026-09-28T06:37:01.422Z	spark1	SERVING	10.561	7.089
2026-09-28T06:37:03.684Z	spark2	SERVING	13.183	4.083
2026-09-28T06:37:06.561Z	spark1	SERVING	10.552	7.089
2026-09-28T06:37:08.803Z	spark2	SERVING	13.193	4.083
2026-09-28T06:37:11.692Z	spark1	SERVING	10.498	7.089
2026-09-28T06:37:13.914Z	spark2	SERVING	13.194	4.083
2026-09-28T06:37:16.829Z	spark1	SERVING	10.517	7.089
2026-09-28T06:37:19.033Z	spark2	SERVING	13.196	4.083
2026-09-28T06:37:21.962Z	spark1	SERVING	10.511	7.089
2026-09-28T06:37:24.140Z	spark2	SERVING	13.181	4.083
2026-09-28T06:37:27.071Z	spark1	SERVING	10.508	7.089
2026-09-28T06:37:29.247Z	spark2	SERVING	13.188	4.083
2026-09-28T06:37:32.208Z	spark1	SERVING	10.506	7.089
2026-09-28T06:37:34.370Z	spark2	SERVING	13.176	4.083
2026-09-28T06:37:37.337Z	spark1	SERVING	10.518	7.089
2026-09-28T06:37:39.492Z	spark2	SERVING	13.186	4.083
2026-09-28T06:37:42.469Z	spark1	SERVING	10.533	7.089
2026-09-28T06:37:44.619Z	spark2	SERVING	13.199	4.083
2026-09-28T06:37:47.605Z	spark1	SERVING	10.503	7.089
2026-09-28T06:37:49.735Z	spark2	SERVING	13.200	4.083
2026-09-28T06:37:52.747Z	spark1	SERVING	10.540	7.089
2026-09-28T06:37:54.848Z	spark2	SERVING	13.203	4.083
2026-09-28T06:37:57.885Z	spark1	SERVING	10.537	7.089
2026-09-28T06:37:59.967Z	spark2	SERVING	13.208	4.083
2026-09-28T06:38:03.010Z	spark1	SERVING	10.532	7.089
2026-09-28T06:38:05.071Z	spark2	SERVING	13.191	4.083
2026-09-28T06:38:08.128Z	spark1	SERVING	10.528	7.089
2026-09-28T06:38:10.183Z	spark2	SERVING	13.194	4.083
2026-09-28T06:38:13.261Z	spark1	SERVING	10.525	7.089
2026-09-28T06:38:15.303Z	spark2	SERVING	13.197	4.083
2026-09-28T06:38:18.400Z	spark1	SERVING	10.500	7.089
2026-09-28T06:38:20.425Z	spark2	SERVING	13.188	4.083
2026-09-28T06:38:23.536Z	spark1	SERVING	10.509	7.089
2026-09-28T06:38:25.542Z	spark2	SERVING	13.189	4.083
2026-09-28T06:38:28.666Z	spark1	SERVING	10.484	7.089
2026-09-28T06:38:30.659Z	spark2	SERVING	13.200	4.083
2026-09-28T06:38:33.802Z	spark1	SERVING	10.505	7.089
2026-09-28T06:38:35.775Z	spark2	SERVING	13.200	4.083
2026-09-28T06:38:38.943Z	spark1	SERVING	10.506	7.089
2026-09-28T06:38:40.896Z	spark2	SERVING	13.198	4.083
2026-09-28T06:38:44.067Z	spark1	SERVING	10.519	7.089
2026-09-28T06:38:46.002Z	spark2	SERVING	13.200	4.083
2026-09-28T06:38:49.184Z	spark1	SERVING	10.516	7.089
2026-09-28T06:38:51.114Z	spark2	SERVING	13.205	4.083
2026-09-28T06:38:54.314Z	spark1	SERVING	10.527	7.089
2026-09-28T06:38:56.227Z	spark2	SERVING	13.205	4.083
2026-09-28T06:38:59.445Z	spark1	SERVING	10.512	7.089
2026-09-28T06:39:01.345Z	spark2	SERVING	13.182	4.083
2026-09-28T06:39:04.578Z	spark1	SERVING	10.497	7.089
2026-09-28T06:39:06.465Z	spark2	SERVING	13.194	4.083
2026-09-28T06:39:09.708Z	spark1	SERVING	10.511	7.089
2026-09-28T06:39:11.580Z	spark2	SERVING	13.195	4.083
2026-09-28T06:39:14.834Z	spark1	SERVING	10.507	7.089
2026-09-28T06:39:16.693Z	spark2	SERVING	13.191	4.083
2026-09-28T06:39:19.973Z	spark1	SERVING	10.486	7.089
2026-09-28T06:39:21.793Z	spark2	SERVING	13.195	4.083
2026-09-28T06:39:25.097Z	spark1	SERVING	10.474	7.089
2026-09-28T06:39:26.901Z	spark2	SERVING	13.188	4.083
2026-09-28T06:39:30.244Z	spark1	SERVING	10.501	7.089
2026-09-28T06:39:32.024Z	spark2	SERVING	13.195	4.083
2026-09-28T06:39:35.383Z	spark1	SERVING	10.508	7.089
2026-09-28T06:39:37.142Z	spark2	SERVING	13.174	4.083
2026-09-28T06:39:40.505Z	spark1	SERVING	10.529	7.089
2026-09-28T06:39:42.254Z	spark2	SERVING	13.186	4.083
2026-09-28T06:39:45.637Z	spark1	SERVING	10.497	7.089
2026-09-28T06:39:47.370Z	spark2	SERVING	13.192	4.083
2026-09-28T06:39:50.767Z	spark1	SERVING	10.520	7.089
2026-09-28T06:39:52.494Z	spark2	SERVING	13.197	4.083
2026-09-28T06:39:55.893Z	spark1	SERVING	10.518	7.089
2026-09-28T06:39:57.613Z	spark2	SERVING	13.181	4.083
2026-09-28T06:40:01.004Z	spark1	SERVING	10.538	7.089
2026-09-28T06:40:02.714Z	spark2	SERVING	13.192	4.083
2026-09-28T06:40:06.120Z	spark1	SERVING	10.538	7.089
2026-09-28T06:40:07.815Z	spark2	SERVING	13.193	4.083
2026-09-28T06:40:11.262Z	spark1	SERVING	10.497	7.089
2026-09-28T06:40:12.943Z	spark2	SERVING	13.197	4.083
2026-09-28T06:40:16.382Z	spark1	SERVING	10.514	7.089
2026-09-28T06:40:18.071Z	spark2	SERVING	13.200	4.083
2026-09-28T06:40:21.522Z	spark1	SERVING	10.512	7.089
2026-09-28T06:40:23.198Z	spark2	SERVING	13.181	4.083
2026-09-28T06:40:26.653Z	spark1	SERVING	10.551	7.089
2026-09-28T06:40:28.327Z	spark2	SERVING	13.185	4.083
2026-09-28T06:40:31.791Z	spark1	SERVING	10.502	7.089
2026-09-28T06:40:33.454Z	spark2	SERVING	13.189	4.082
2026-09-28T06:40:36.928Z	spark1	SERVING	10.527	7.089
2026-09-28T06:40:38.576Z	spark2	SERVING	13.189	4.082
2026-09-28T06:40:42.048Z	spark1	SERVING	10.535	7.089
2026-09-28T06:40:43.687Z	spark2	SERVING	13.169	4.082
2026-09-28T06:40:47.166Z	spark1	SERVING	10.522	7.089
2026-09-28T06:40:48.804Z	spark2	SERVING	13.179	4.082
2026-09-28T06:40:52.301Z	spark1	SERVING	10.532	7.089
2026-09-28T06:40:53.926Z	spark2	SERVING	13.168	4.082
2026-09-28T06:40:57.438Z	spark1	SERVING	10.519	7.089
2026-09-28T06:40:59.047Z	spark2	SERVING	13.178	4.082
2026-09-28T06:41:02.573Z	spark1	SERVING	10.540	7.089
2026-09-28T06:41:04.175Z	spark2	SERVING	13.178	4.082
2026-09-28T06:41:07.703Z	spark1	SERVING	10.524	7.089
2026-09-28T06:41:09.303Z	spark2	SERVING	13.176	4.082
2026-09-28T06:41:12.825Z	spark1	SERVING	10.531	7.089
2026-09-28T06:41:14.439Z	spark2	SERVING	13.180	4.082
2026-09-28T06:41:17.960Z	spark1	SERVING	10.508	7.089
2026-09-28T06:41:19.565Z	spark2	SERVING	13.177	4.082
2026-09-28T06:41:23.070Z	spark1	SERVING	10.514	7.089
2026-09-28T06:41:24.676Z	spark2	SERVING	13.187	4.082
2026-09-28T06:41:28.188Z	spark1	SERVING	10.500	7.089
2026-09-28T06:41:29.798Z	spark2	SERVING	13.202	4.082
2026-09-28T06:41:33.314Z	spark1	SERVING	10.521	7.089
2026-09-28T06:41:34.922Z	spark2	SERVING	13.202	4.082
2026-09-28T06:41:38.450Z	spark1	SERVING	10.500	7.089
2026-09-28T06:41:40.050Z	spark2	SERVING	13.196	4.082
2026-09-28T06:41:43.590Z	spark1	SERVING	10.508	7.089
2026-09-28T06:41:45.170Z	spark2	SERVING	13.201	4.082
2026-09-28T06:41:48.722Z	spark1	SERVING	10.523	7.089
2026-09-28T06:41:50.290Z	spark2	SERVING	13.152	4.082
2026-09-28T06:41:53.860Z	spark1	SERVING	10.539	7.089
2026-09-28T06:41:55.409Z	spark2	SERVING	13.168	4.082
2026-09-28T06:41:58.986Z	spark1	SERVING	10.578	7.089
2026-09-28T06:42:00.522Z	spark2	SERVING	13.180	4.082
2026-09-28T06:42:04.086Z	spark1	SERVING	10.530	7.089
2026-09-28T06:42:05.625Z	spark2	SERVING	13.183	4.082
2026-09-28T06:42:09.212Z	spark1	SERVING	10.541	7.089
2026-09-28T06:42:10.738Z	spark2	SERVING	13.188	4.082
2026-09-28T06:42:14.342Z	spark1	SERVING	10.514	7.089
2026-09-28T06:42:15.861Z	spark2	SERVING	13.189	4.082
2026-09-28T06:42:19.465Z	spark1	SERVING	10.527	7.089
2026-09-28T06:42:20.984Z	spark2	SERVING	13.189	4.082
2026-09-28T06:42:24.596Z	spark1	SERVING	10.514	7.089
2026-09-28T06:42:26.107Z	spark2	SERVING	13.181	4.082
2026-09-28T06:42:29.731Z	spark1	SERVING	10.526	7.089
2026-09-28T06:42:31.222Z	spark2	SERVING	13.185	4.082
2026-09-28T06:42:34.867Z	spark1	SERVING	10.509	7.089
2026-09-28T06:42:36.339Z	spark2	SERVING	13.177	4.082
2026-09-28T06:42:39.999Z	spark1	SERVING	10.532	7.089
2026-09-28T06:42:41.454Z	spark2	SERVING	13.178	4.082
2026-09-28T06:42:45.119Z	spark1	SERVING	10.517	7.089
2026-09-28T06:42:46.558Z	spark2	SERVING	13.178	4.082
2026-09-28T06:42:50.255Z	spark1	SERVING	10.533	7.089
2026-09-28T06:42:51.680Z	spark2	SERVING	13.182	4.082
2026-09-28T06:42:55.398Z	spark1	SERVING	10.537	7.089
2026-09-28T06:42:56.788Z	spark2	SERVING	13.185	4.082
2026-09-28T06:43:00.546Z	spark1	SERVING	10.519	7.089
2026-09-28T06:43:01.907Z	spark2	SERVING	13.180	4.082
2026-09-28T06:43:05.685Z	spark1	SERVING	10.510	7.089
2026-09-28T06:43:07.029Z	spark2	SERVING	13.181	4.082
2026-09-28T06:43:10.823Z	spark1	SERVING	10.506	7.088
2026-09-28T06:43:12.141Z	spark2	SERVING	13.192	4.082
2026-09-28T06:43:15.957Z	spark1	SERVING	10.527	7.088
2026-09-28T06:43:17.252Z	spark2	SERVING	13.192	4.082
2026-09-28T06:43:21.068Z	spark1	SERVING	10.512	7.088
2026-09-28T06:43:22.351Z	spark2	SERVING	13.183	4.082
2026-09-28T06:43:26.200Z	spark1	SERVING	10.517	7.088
2026-09-28T06:43:27.463Z	spark2	SERVING	13.185	4.082
2026-09-28T06:43:31.336Z	spark1	SERVING	10.520	7.088
2026-09-28T06:43:32.584Z	spark2	SERVING	13.177	4.082
2026-09-28T06:43:36.479Z	spark1	SERVING	10.544	7.088
2026-09-28T06:43:37.702Z	spark2	SERVING	13.178	4.082
2026-09-28T06:43:41.620Z	spark1	SERVING	10.503	7.088
2026-09-28T06:43:42.816Z	spark2	SERVING	13.182	4.082
2026-09-28T06:43:46.748Z	spark1	SERVING	10.506	7.088
2026-09-28T06:43:47.947Z	spark2	SERVING	13.184	4.082
2026-09-28T06:43:51.878Z	spark1	SERVING	10.542	7.088
2026-09-28T06:43:53.073Z	spark2	SERVING	13.176	4.082
2026-09-28T06:43:57.011Z	spark1	SERVING	10.515	7.088
2026-09-28T06:43:58.196Z	spark2	SERVING	13.195	4.082
2026-09-28T06:44:02.122Z	spark1	SERVING	10.544	7.088
2026-09-28T06:44:03.312Z	spark2	SERVING	13.195	4.082
2026-09-28T06:44:07.255Z	spark1	SERVING	10.526	7.088
2026-09-28T06:44:08.444Z	spark2	SERVING	13.168	4.081
2026-09-28T06:44:12.393Z	spark1	SERVING	10.533	7.088
2026-09-28T06:44:13.576Z	spark2	SERVING	13.177	4.081
2026-09-28T06:44:17.534Z	spark1	SERVING	10.493	7.088
2026-09-28T06:44:18.705Z	spark2	SERVING	13.175	4.081
2026-09-28T06:44:22.678Z	spark1	SERVING	10.474	7.088
2026-09-28T06:44:23.841Z	spark2	SERVING	13.177	4.081
2026-09-28T06:44:27.814Z	spark1	SERVING	10.487	7.088
2026-09-28T06:44:28.966Z	spark2	SERVING	13.170	4.081
2026-09-28T06:44:32.925Z	spark1	SERVING	10.465	7.088
2026-09-28T06:44:34.087Z	spark2	SERVING	13.175	4.081
2026-09-28T06:44:38.049Z	spark1	SERVING	10.505	7.088
2026-09-28T06:44:39.187Z	spark2	SERVING	13.176	4.081
2026-09-28T06:44:43.166Z	spark1	SERVING	10.509	7.088
2026-09-28T06:44:44.295Z	spark2	SERVING	13.180	4.081
2026-09-28T06:44:48.289Z	spark1	SERVING	10.497	7.088
2026-09-28T06:44:49.400Z	spark2	SERVING	13.171	4.081
2026-09-28T06:44:53.416Z	spark1	SERVING	10.478	7.088
2026-09-28T06:44:54.517Z	spark2	SERVING	13.175	4.081
2026-09-28T06:44:58.545Z	spark1	SERVING	10.518	7.088
2026-09-28T06:44:59.640Z	spark2	SERVING	13.178	4.081
2026-09-28T06:45:03.684Z	spark1	SERVING	10.521	7.088
2026-09-28T06:45:04.760Z	spark2	SERVING	13.171	4.081
2026-09-28T06:45:08.810Z	spark1	SERVING	10.504	7.088
2026-09-28T06:45:09.874Z	spark2	SERVING	13.172	4.081
2026-09-28T06:45:13.942Z	spark1	SERVING	10.497	7.088
2026-09-28T06:45:14.995Z	spark2	SERVING	13.166	4.081
2026-09-28T06:45:19.056Z	spark1	SERVING	10.480	7.088
2026-09-28T06:45:20.091Z	spark2	SERVING	13.173	4.081
2026-09-28T06:45:24.179Z	spark1	SERVING	10.486	7.088
2026-09-28T06:45:25.206Z	spark2	SERVING	13.167	4.081
2026-09-28T06:45:29.315Z	spark1	SERVING	10.508	7.088
2026-09-28T06:45:30.324Z	spark2	SERVING	13.169	4.081
2026-09-28T06:45:34.442Z	spark1	SERVING	10.502	7.088
2026-09-28T06:45:35.442Z	spark2	SERVING	13.183	4.081
2026-09-28T06:45:39.572Z	spark1	SERVING	10.526	7.088
2026-09-28T06:45:40.573Z	spark2	SERVING	13.183	4.081
2026-09-28T06:45:44.707Z	spark1	SERVING	10.531	7.088
2026-09-28T06:45:45.696Z	spark2	SERVING	13.180	4.081
2026-09-28T06:45:49.831Z	spark1	SERVING	10.530	7.088
2026-09-28T06:45:50.825Z	spark2	SERVING	13.181	4.081
2026-09-28T06:45:54.964Z	spark1	SERVING	10.542	7.088
2026-09-28T06:45:55.940Z	spark2	SERVING	13.184	4.081
2026-09-28T06:46:00.074Z	spark1	SERVING	10.532	7.088
2026-09-28T06:46:01.042Z	spark2	SERVING	13.198	4.081
2026-09-28T06:46:05.200Z	spark1	SERVING	10.520	7.088
2026-09-28T06:46:06.152Z	spark2	SERVING	13.198	4.081
2026-09-28T06:46:10.334Z	spark1	SERVING	10.504	7.088
2026-09-28T06:46:11.272Z	spark2	SERVING	13.204	4.081
2026-09-28T06:46:15.462Z	spark1	SERVING	10.528	7.088
2026-09-28T06:46:16.391Z	spark2	SERVING	13.204	4.081
2026-09-28T06:46:20.601Z	spark1	SERVING	10.495	7.088
2026-09-28T06:46:21.503Z	spark2	SERVING	13.189	4.081
2026-09-28T06:46:25.719Z	spark1	SERVING	10.532	7.088
2026-09-28T06:46:26.622Z	spark2	SERVING	13.190	4.081
2026-09-28T06:46:30.840Z	spark1	SERVING	10.515	7.088
2026-09-28T06:46:31.738Z	spark2	SERVING	13.194	4.081
2026-09-28T06:46:35.965Z	spark1	SERVING	10.511	7.088
2026-09-28T06:46:36.849Z	spark2	SERVING	13.194	4.081
2026-09-28T06:46:41.088Z	spark1	SERVING	10.515	7.088
2026-09-28T06:46:41.961Z	spark2	SERVING	13.186	4.081
2026-09-28T06:46:46.225Z	spark1	SERVING	10.540	7.088
2026-09-28T06:46:47.081Z	spark2	SERVING	13.196	4.081
2026-09-28T06:46:51.357Z	spark1	SERVING	10.533	7.088
2026-09-28T06:46:52.201Z	spark2	SERVING	13.195	4.081
2026-09-28T06:46:56.497Z	spark1	SERVING	10.515	7.088
2026-09-28T06:46:57.324Z	spark2	SERVING	13.197	4.081
2026-09-28T06:47:01.638Z	spark1	SERVING	10.514	7.088
2026-09-28T06:47:02.444Z	spark2	SERVING	13.197	4.081
2026-09-28T06:47:06.777Z	spark1	SERVING	10.515	7.088
2026-09-28T06:47:07.574Z	spark2	SERVING	13.184	4.081
2026-09-28T06:47:11.906Z	spark1	SERVING	10.526	7.088
2026-09-28T06:47:12.703Z	spark2	SERVING	13.188	4.081
2026-09-28T06:47:17.013Z	spark1	SERVING	10.520	7.088
2026-09-28T06:47:17.821Z	spark2	SERVING	13.171	4.081
2026-09-28T06:47:22.142Z	spark1	SERVING	10.546	7.088
2026-09-28T06:47:22.940Z	spark2	SERVING	13.181	4.081
2026-09-28T06:47:27.273Z	spark1	SERVING	10.507	7.088
2026-09-28T06:47:28.061Z	spark2	SERVING	13.175	4.081
2026-09-28T06:47:32.412Z	spark1	SERVING	10.518	7.088
2026-09-28T06:47:33.186Z	spark2	SERVING	13.179	4.081
2026-09-28T06:47:37.544Z	spark1	SERVING	10.521	7.088
2026-09-28T06:47:38.305Z	spark2	SERVING	13.187	4.081
2026-09-28T06:47:42.684Z	spark1	SERVING	10.530	7.088
2026-09-28T06:47:43.419Z	spark2	SERVING	13.190	4.081
2026-09-28T06:47:47.818Z	spark1	SERVING	10.531	7.088
2026-09-28T06:47:48.539Z	spark2	SERVING	13.190	4.081
2026-09-28T06:47:52.948Z	spark1	SERVING	10.511	7.088
2026-09-28T06:47:53.647Z	spark2	SERVING	13.184	4.081
2026-09-28T06:47:58.057Z	spark1	SERVING	10.538	7.088
2026-09-28T06:47:58.751Z	spark2	SERVING	13.184	4.081
2026-09-28T06:48:03.183Z	spark1	SERVING	10.514	7.088
2026-09-28T06:48:03.877Z	spark2	SERVING	13.187	4.081
2026-09-28T06:48:08.300Z	spark1	SERVING	10.528	7.088
2026-09-28T06:48:09.006Z	spark2	SERVING	13.187	4.081
2026-09-28T06:48:13.435Z	spark1	SERVING	10.526	7.088
2026-09-28T06:48:14.128Z	spark2	SERVING	13.179	4.081
2026-09-28T06:48:18.570Z	spark1	SERVING	10.521	7.088
2026-09-28T06:48:19.257Z	spark2	SERVING	13.181	4.081
2026-09-28T06:48:23.700Z	spark1	SERVING	10.510	7.088
2026-09-28T06:48:24.384Z	spark2	SERVING	13.171	4.081
2026-09-28T06:48:28.839Z	spark1	SERVING	10.526	7.088
2026-09-28T06:48:29.509Z	spark2	SERVING	13.170	4.081
2026-09-28T06:48:33.963Z	spark1	SERVING	10.547	7.088
2026-09-28T06:48:34.616Z	spark2	SERVING	13.148	4.081
2026-09-28T06:48:39.075Z	spark1	SERVING	10.522	7.088
2026-09-28T06:48:39.711Z	spark2	SERVING	13.164	4.081
2026-09-28T06:48:44.215Z	spark1	SERVING	10.541	7.088
2026-09-28T06:48:44.835Z	spark2	SERVING	13.170	4.081
2026-09-28T06:48:49.339Z	spark1	SERVING	10.530	7.088
2026-09-28T06:48:49.963Z	spark2	SERVING	13.158	4.081
2026-09-28T06:48:54.475Z	spark1	SERVING	10.535	7.088
2026-09-28T06:48:55.073Z	spark2	SERVING	13.163	4.081
2026-09-28T06:48:59.617Z	spark1	SERVING	10.508	7.088
2026-09-28T06:49:00.190Z	spark2	SERVING	13.161	4.081
2026-09-28T06:49:04.751Z	spark1	SERVING	10.528	7.088
2026-09-28T06:49:05.317Z	spark2	SERVING	13.169	4.081
2026-09-28T06:49:09.884Z	spark1	SERVING	10.515	7.088
2026-09-28T06:49:10.436Z	spark2	SERVING	13.169	4.081
2026-09-28T06:49:15.007Z	spark1	SERVING	10.553	7.088
2026-09-28T06:49:15.547Z	spark2	SERVING	13.172	4.081
2026-09-28T06:49:20.126Z	spark1	SERVING	10.501	7.088
2026-09-28T06:49:20.660Z	spark2	SERVING	13.157	4.081
2026-09-28T06:49:25.266Z	spark1	SERVING	10.522	7.088
2026-09-28T06:49:25.776Z	spark2	SERVING	13.166	4.081
2026-09-28T06:49:30.403Z	spark1	SERVING	10.525	7.088
2026-09-28T06:49:30.891Z	spark2	SERVING	13.187	4.081
2026-09-28T06:49:35.534Z	spark1	SERVING	10.512	7.088
2026-09-28T06:49:36.013Z	spark2	SERVING	13.187	4.081
2026-09-28T06:49:40.663Z	spark1	SERVING	10.511	7.088
2026-09-28T06:49:41.124Z	spark2	SERVING	13.188	4.081
2026-09-28T06:49:45.793Z	spark1	SERVING	10.484	7.088
2026-09-28T06:49:46.239Z	spark2	SERVING	13.174	4.081
2026-09-28T06:49:50.926Z	spark1	SERVING	10.513	7.088
2026-09-28T06:49:51.353Z	spark2	SERVING	13.180	4.081
2026-09-28T06:49:56.049Z	spark1	SERVING	10.524	7.088
2026-09-28T06:49:56.463Z	spark2	SERVING	13.184	4.081
2026-09-28T06:50:01.177Z	spark1	SERVING	10.507	7.088
2026-09-28T06:50:01.567Z	spark2	SERVING	13.189	4.081
2026-09-28T06:50:06.310Z	spark1	SERVING	10.526	7.088
2026-09-28T06:50:06.684Z	spark2	SERVING	13.187	4.081
2026-09-28T06:50:11.448Z	spark1	SERVING	10.533	7.088
2026-09-28T06:50:11.804Z	spark2	SERVING	13.191	4.081
2026-09-28T06:50:16.585Z	spark1	SERVING	10.481	7.088
2026-09-28T06:50:16.921Z	spark2	SERVING	13.185	4.081
2026-09-28T06:50:21.720Z	spark1	SERVING	10.530	7.088
2026-09-28T06:50:22.044Z	spark2	SERVING	13.193	4.081
2026-09-28T06:50:26.858Z	spark1	SERVING	10.507	7.088
2026-09-28T06:50:27.163Z	spark2	SERVING	13.183	4.081
2026-09-28T06:50:31.988Z	spark1	SERVING	10.518	7.088
2026-09-28T06:50:32.278Z	spark2	SERVING	13.189	4.081
2026-09-28T06:50:37.108Z	spark1	SERVING	10.527	7.088
2026-09-28T06:50:37.381Z	spark2	SERVING	13.189	4.081
2026-09-28T06:50:42.239Z	spark1	SERVING	10.537	7.088
2026-09-28T06:50:42.495Z	spark2	SERVING	13.191	4.081
2026-09-28T06:50:47.373Z	spark1	SERVING	10.538	7.088
2026-09-28T06:50:47.614Z	spark2	SERVING	13.191	4.081
2026-09-28T06:50:52.510Z	spark1	SERVING	10.512	7.087
2026-09-28T06:50:52.737Z	spark2	SERVING	13.160	4.081
2026-09-28T06:50:57.627Z	spark1	SERVING	10.521	7.087
2026-09-28T06:50:57.853Z	spark2	SERVING	13.170	4.081
2026-09-28T06:51:02.763Z	spark1	SERVING	10.504	7.087
2026-09-28T06:51:02.973Z	spark2	SERVING	13.180	4.081
2026-09-28T06:51:07.896Z	spark1	SERVING	10.506	7.087
2026-09-28T06:51:08.089Z	spark2	SERVING	13.183	4.081
2026-09-28T06:51:13.026Z	spark1	SERVING	10.508	7.087
2026-09-28T06:51:13.199Z	spark2	SERVING	13.180	4.081
2026-09-28T06:51:18.146Z	spark1	SERVING	10.520	7.087
2026-09-28T06:51:18.306Z	spark2	SERVING	13.183	4.081
2026-09-28T06:51:23.281Z	spark1	SERVING	10.495	7.087
2026-09-28T06:51:23.427Z	spark2	SERVING	13.183	4.081
2026-09-28T06:51:28.422Z	spark1	SERVING	10.497	7.087
2026-09-28T06:51:28.550Z	spark2	SERVING	13.184	4.081
2026-09-28T06:51:33.559Z	spark1	SERVING	10.482	7.087
2026-09-28T06:51:33.676Z	spark2	SERVING	13.185	4.081
2026-09-28T06:51:38.697Z	spark1	SERVING	10.519	7.087
2026-09-28T06:51:38.793Z	spark2	SERVING	13.179	4.081
2026-09-28T06:51:43.837Z	spark1	SERVING	10.521	7.087
2026-09-28T06:51:43.906Z	spark2	SERVING	13.184	4.081
2026-09-28T06:51:48.974Z	spark1	SERVING	10.503	7.087
2026-09-28T06:51:49.025Z	spark2	SERVING	13.177	4.080
2026-09-28T06:51:54.102Z	spark1	SERVING	10.510	7.087
2026-09-28T06:51:54.140Z	spark2	SERVING	13.178	4.080
2026-09-28T06:51:59.226Z	spark1	SERVING	10.534	7.087
2026-09-28T06:51:59.244Z	spark2	SERVING	13.186	4.080
2026-09-28T06:52:04.368Z	spark2	SERVING	13.186	4.080
2026-09-28T06:52:04.368Z	spark1	SERVING	10.545	7.087
2026-09-28T06:52:09.481Z	spark2	SERVING	13.172	4.080
2026-09-28T06:52:09.502Z	spark1	SERVING	10.503	7.087
2026-09-28T06:52:14.602Z	spark2	SERVING	13.174	4.080
2026-09-28T06:52:14.633Z	spark1	SERVING	10.529	7.087
2026-09-28T06:52:19.731Z	spark2	SERVING	13.177	4.080
2026-09-28T06:52:19.765Z	spark1	SERVING	10.538	7.087
2026-09-28T06:52:24.858Z	spark2	SERVING	13.179	4.080
2026-09-28T06:52:24.893Z	spark1	SERVING	10.522	7.087
2026-09-28T06:52:29.986Z	spark2	SERVING	13.179	4.080
2026-09-28T06:52:30.027Z	spark1	SERVING	10.512	7.087
2026-09-28T06:52:35.100Z	spark2	SERVING	13.166	4.080
2026-09-28T06:52:35.125Z	spark1	SERVING	10.532	7.087
2026-09-28T06:52:40.210Z	spark2	SERVING	13.181	4.080
2026-09-28T06:52:40.242Z	spark1	SERVING	10.535	7.087
2026-09-28T06:52:45.339Z	spark2	SERVING	13.179	4.080
2026-09-28T06:52:45.376Z	spark1	SERVING	10.516	7.087
2026-09-28T06:52:50.468Z	spark2	SERVING	13.178	4.080
2026-09-28T06:52:50.505Z	spark1	SERVING	10.517	7.087
2026-09-28T06:52:55.598Z	spark2	SERVING	13.179	4.080
2026-09-28T06:52:55.636Z	spark1	SERVING	10.527	7.087
2026-09-28T06:53:00.722Z	spark2	SERVING	13.177	4.080
2026-09-28T06:53:00.769Z	spark1	SERVING	10.527	7.087
2026-09-28T06:53:05.852Z	spark2	SERVING	13.169	4.080
2026-09-28T06:53:05.906Z	spark1	SERVING	10.518	7.087
2026-09-28T06:53:10.979Z	spark2	SERVING	13.175	4.080
2026-09-28T06:53:11.030Z	spark1	SERVING	10.546	7.087
2026-09-28T06:53:16.081Z	spark2	SERVING	13.166	4.080
2026-09-28T06:53:16.146Z	spark1	SERVING	10.513	7.087
2026-09-28T06:53:21.211Z	spark2	SERVING	13.176	4.080
2026-09-28T06:53:21.275Z	spark1	SERVING	10.527	7.087
2026-09-28T06:53:26.332Z	spark2	SERVING	13.176	4.080
2026-09-28T06:53:26.412Z	spark1	SERVING	10.509	7.087
2026-09-28T06:53:31.460Z	spark2	SERVING	13.191	4.080
2026-09-28T06:53:31.545Z	spark1	SERVING	10.513	7.087
2026-09-28T06:53:36.585Z	spark2	SERVING	13.191	4.080
2026-09-28T06:53:36.679Z	spark1	SERVING	10.519	7.087
2026-09-28T06:53:41.716Z	spark2	SERVING	13.175	4.080
2026-09-28T06:53:41.823Z	spark1	SERVING	10.545	7.087
2026-09-28T06:53:46.841Z	spark2	SERVING	13.179	4.080
2026-09-28T06:53:46.947Z	spark1	SERVING	10.544	7.087
2026-09-28T06:53:51.959Z	spark2	SERVING	13.184	4.080
2026-09-28T06:53:52.069Z	spark1	SERVING	10.510	7.087
2026-09-28T06:53:57.060Z	spark2	SERVING	13.184	4.080
2026-09-28T06:53:57.193Z	spark1	SERVING	10.511	7.087
2026-09-28T06:54:02.178Z	spark2	SERVING	13.166	4.080
2026-09-28T06:54:02.334Z	spark1	SERVING	10.502	7.087
2026-09-28T06:54:07.301Z	spark2	SERVING	13.170	4.080
2026-09-28T06:54:07.466Z	spark1	SERVING	10.518	7.087
2026-09-28T06:54:12.418Z	spark2	SERVING	13.172	4.080
2026-09-28T06:54:12.597Z	spark1	SERVING	10.498	7.087
2026-09-28T06:54:17.535Z	spark2	SERVING	13.172	4.080
2026-09-28T06:54:17.734Z	spark1	SERVING	10.497	7.087
2026-09-28T06:54:22.656Z	spark2	SERVING	13.172	4.080
2026-09-28T06:54:22.874Z	spark1	SERVING	10.513	7.087
2026-09-28T06:54:27.769Z	spark2	SERVING	13.167	4.080
2026-09-28T06:54:28.007Z	spark1	SERVING	10.505	7.087
2026-09-28T06:54:32.885Z	spark2	SERVING	13.170	4.080
2026-09-28T06:54:33.128Z	spark1	SERVING	10.526	7.087
2026-09-28T06:54:37.990Z	spark2	SERVING	13.180	4.080
2026-09-28T06:54:38.244Z	spark1	SERVING	10.522	7.087
2026-09-28T06:54:43.105Z	spark2	SERVING	13.180	4.080
2026-09-28T06:54:43.370Z	spark1	SERVING	10.526	7.087
2026-09-28T06:54:48.221Z	spark2	SERVING	13.184	4.080
2026-09-28T06:54:48.502Z	spark1	SERVING	10.509	7.087
2026-09-28T06:54:53.342Z	spark2	SERVING	13.183	4.080
2026-09-28T06:54:53.635Z	spark1	SERVING	10.513	7.087
2026-09-28T06:54:58.459Z	spark2	SERVING	13.180	4.080
2026-09-28T06:54:58.770Z	spark1	SERVING	10.520	7.087
2026-09-28T06:55:03.575Z	spark2	SERVING	13.182	4.080
2026-09-28T06:55:03.905Z	spark1	SERVING	10.515	7.087
2026-09-28T06:55:08.692Z	spark2	SERVING	13.177	4.080
2026-09-28T06:55:09.043Z	spark1	SERVING	10.505	7.087
2026-09-28T06:55:13.793Z	spark2	SERVING	13.179	4.080
2026-09-28T06:55:14.161Z	spark1	SERVING	10.519	7.086
2026-09-28T06:55:18.889Z	spark2	SERVING	13.167	4.080
2026-09-28T06:55:19.287Z	spark1	SERVING	10.525	7.086
2026-09-28T06:55:24.010Z	spark2	SERVING	13.168	4.080
2026-09-28T06:55:24.415Z	spark1	SERVING	10.525	7.086
2026-09-28T06:55:29.132Z	spark2	SERVING	13.176	4.080
2026-09-28T06:55:29.549Z	spark1	SERVING	10.511	7.086
2026-09-28T06:55:34.262Z	spark2	SERVING	13.182	4.079
2026-09-28T06:55:34.688Z	spark1	SERVING	10.507	7.086
2026-09-28T06:55:39.372Z	spark2	SERVING	13.183	4.079
2026-09-28T06:55:39.829Z	spark1	SERVING	10.520	7.086
2026-09-28T06:55:44.498Z	spark2	SERVING	13.184	4.079
2026-09-28T06:55:44.965Z	spark1	SERVING	10.508	7.086
2026-09-28T06:55:49.617Z	spark2	SERVING	13.183	4.079
2026-09-28T06:55:50.090Z	spark1	SERVING	10.527	7.086
2026-09-28T06:55:54.724Z	spark2	SERVING	13.178	4.079
2026-09-28T06:55:55.202Z	spark1	SERVING	10.496	7.086
2026-09-28T06:55:59.842Z	spark2	SERVING	13.183	4.079
2026-09-28T06:56:00.341Z	spark1	SERVING	10.520	7.086
2026-09-28T06:56:04.962Z	spark2	SERVING	13.167	4.079
2026-09-28T06:56:05.478Z	spark1	SERVING	10.498	7.086
2026-09-28T06:56:10.084Z	spark2	SERVING	13.171	4.079
2026-09-28T06:56:10.614Z	spark1	SERVING	10.525	7.086
2026-09-28T06:56:15.202Z	spark2	SERVING	13.173	4.079
2026-09-28T06:56:15.752Z	spark1	SERVING	10.495	7.086
2026-09-28T06:56:20.326Z	spark2	SERVING	13.181	4.079
2026-09-28T06:56:20.883Z	spark1	SERVING	10.517	7.086
2026-09-28T06:56:25.449Z	spark2	SERVING	13.180	4.079
2026-09-28T06:56:26.019Z	spark1	SERVING	10.521	7.086
2026-09-28T06:56:30.558Z	spark2	SERVING	13.179	4.079
2026-09-28T06:56:31.142Z	spark1	SERVING	10.487	7.086
2026-09-28T06:56:35.656Z	spark2	SERVING	13.183	4.079
2026-09-28T06:56:36.257Z	spark1	SERVING	10.513	7.086
2026-09-28T06:56:40.778Z	spark2	SERVING	13.186	4.079
2026-09-28T06:56:41.401Z	spark1	SERVING	10.505	7.086
2026-09-28T06:56:45.895Z	spark2	SERVING	13.186	4.079
2026-09-28T06:56:46.541Z	spark1	SERVING	10.509	7.086
2026-09-28T06:56:51.022Z	spark2	SERVING	13.174	4.079
2026-09-28T06:56:51.681Z	spark1	SERVING	10.499	7.086
2026-09-28T06:56:56.147Z	spark2	SERVING	13.176	4.079
2026-09-28T06:56:56.807Z	spark1	SERVING	10.508	7.086
2026-09-28T06:57:01.270Z	spark2	SERVING	13.165	4.079
2026-09-28T06:57:01.928Z	spark1	SERVING	10.523	7.086
2026-09-28T06:57:06.391Z	spark2	SERVING	13.171	4.079
2026-09-28T06:57:07.055Z	spark1	SERVING	10.532	7.086
2026-09-28T06:57:11.507Z	spark2	SERVING	13.161	4.079
2026-09-28T06:57:12.155Z	spark1	SERVING	10.488	7.086
2026-09-28T06:57:16.624Z	spark2	SERVING	13.172	4.079
2026-09-28T06:57:17.281Z	spark1	SERVING	10.494	7.086
2026-09-28T06:57:21.746Z	spark2	SERVING	13.173	4.079
2026-09-28T06:57:22.411Z	spark1	SERVING	10.477	7.086
2026-09-28T06:57:26.861Z	spark2	SERVING	13.181	4.079
2026-09-28T06:57:27.551Z	spark1	SERVING	10.493	7.086
2026-09-28T06:57:31.988Z	spark2	SERVING	13.181	4.079
2026-09-28T06:57:32.689Z	spark1	SERVING	10.543	7.086
2026-09-28T06:57:37.113Z	spark2	SERVING	13.152	4.079
2026-09-28T06:57:37.830Z	spark1	SERVING	10.538	7.086
2026-09-28T06:57:42.244Z	spark2	SERVING	13.164	4.079
2026-09-28T06:57:42.970Z	spark1	SERVING	10.527	7.086
2026-09-28T06:57:47.369Z	spark2	SERVING	13.163	4.079
2026-09-28T06:57:48.098Z	spark1	SERVING	10.516	7.086
2026-09-28T06:57:52.477Z	spark2	SERVING	13.166	4.079
2026-09-28T06:57:53.207Z	spark1	SERVING	10.536	7.086
2026-09-28T06:57:57.599Z	spark2	SERVING	13.164	4.079
2026-09-28T06:57:58.335Z	spark1	SERVING	10.503	7.086
2026-09-28T06:58:02.716Z	spark2	SERVING	13.164	4.079
2026-09-28T06:58:03.459Z	spark1	SERVING	10.523	7.086
2026-09-28T06:58:07.827Z	spark2	SERVING	13.165	4.079
2026-09-28T06:58:08.593Z	spark1	SERVING	10.495	7.086
2026-09-28T06:58:12.947Z	spark2	SERVING	13.151	4.079
2026-09-28T06:58:13.723Z	spark1	SERVING	10.521	7.086
2026-09-28T06:58:18.073Z	spark2	SERVING	13.156	4.079
2026-09-28T06:58:18.871Z	spark1	SERVING	10.506	7.086
2026-09-28T06:58:23.196Z	spark2	SERVING	13.149	4.079
2026-09-28T06:58:24.005Z	spark1	SERVING	10.501	7.086
2026-09-28T06:58:28.312Z	spark2	SERVING	13.154	4.079
2026-09-28T06:58:29.129Z	spark1	SERVING	10.517	7.086
2026-09-28T06:58:33.418Z	spark2	SERVING	13.185	4.079
2026-09-28T06:58:34.254Z	spark1	SERVING	10.479	7.086
2026-09-28T06:58:38.530Z	spark2	SERVING	13.185	4.079
2026-09-28T06:58:39.386Z	spark1	SERVING	10.521	7.086
2026-09-28T06:58:43.646Z	spark2	SERVING	13.146	4.079
2026-09-28T06:58:44.523Z	spark1	SERVING	10.514	7.086
2026-09-28T06:58:48.769Z	spark2	SERVING	13.161	4.079
2026-09-28T06:58:49.667Z	spark1	SERVING	10.499	7.086
2026-09-28T06:58:53.889Z	spark2	SERVING	13.174	4.079
2026-09-28T06:58:54.802Z	spark1	SERVING	10.508	7.086
2026-09-28T06:58:59.015Z	spark2	SERVING	13.180	4.079
2026-09-28T06:58:59.941Z	spark1	SERVING	10.512	7.086
2026-09-28T06:59:04.127Z	spark2	SERVING	13.179	4.079
2026-09-28T06:59:05.084Z	spark1	SERVING	10.492	7.086
2026-09-28T06:59:09.242Z	spark2	SERVING	13.177	4.079
2026-09-28T06:59:10.203Z	spark1	SERVING	10.492	7.086
2026-09-28T06:59:14.346Z	spark2	SERVING	13.177	4.079
2026-09-28T06:59:15.337Z	spark1	SERVING	10.513	7.086
2026-09-28T06:59:19.465Z	spark2	SERVING	13.182	4.079
2026-09-28T06:59:20.475Z	spark1	SERVING	10.521	7.086
2026-09-28T06:59:24.587Z	spark2	SERVING	13.182	4.079
2026-09-28T06:59:25.610Z	spark1	SERVING	10.512	7.086
2026-09-28T06:59:29.705Z	spark2	SERVING	13.161	4.079
2026-09-28T06:59:30.732Z	spark1	SERVING	10.491	7.086
2026-09-28T06:59:34.823Z	spark2	SERVING	13.175	4.079
2026-09-28T06:59:35.867Z	spark1	SERVING	10.495	7.086
2026-09-28T06:59:39.944Z	spark2	SERVING	13.177	4.079
2026-09-28T06:59:41.011Z	spark1	SERVING	10.487	7.086
2026-09-28T06:59:45.061Z	spark2	SERVING	13.177	4.079
2026-09-28T06:59:46.146Z	spark1	SERVING	10.508	7.086
2026-09-28T06:59:50.168Z	spark2	SERVING	13.160	4.079
2026-09-28T06:59:51.259Z	spark1	SERVING	10.484	7.086
2026-09-28T06:59:55.278Z	spark2	SERVING	13.168	4.079
2026-09-28T06:59:56.390Z	spark1	SERVING	10.479	7.086
2026-09-28T07:00:00.396Z	spark2	SERVING	13.177	4.079
2026-09-28T07:00:01.534Z	spark1	SERVING	10.498	7.086
2026-09-28T07:00:05.516Z	spark2	SERVING	13.174	4.079
2026-09-28T07:00:06.679Z	spark1	SERVING	10.491	7.086
2026-09-28T07:00:10.637Z	spark2	SERVING	13.175	4.079
2026-09-28T07:00:11.821Z	spark1	SERVING	10.495	7.086
2026-09-28T07:00:15.752Z	spark2	SERVING	13.167	4.079
2026-09-28T07:00:16.953Z	spark1	SERVING	10.487	7.086
2026-09-28T07:00:20.866Z	spark2	SERVING	13.167	4.079
2026-09-28T07:00:22.082Z	spark1	SERVING	10.532	7.086
2026-09-28T07:00:25.993Z	spark2	SERVING	13.170	4.079
2026-09-28T07:00:27.209Z	spark1	SERVING	10.506	7.086
2026-09-28T07:00:31.092Z	spark2	SERVING	13.171	4.079
2026-09-28T07:00:32.320Z	spark1	SERVING	10.500	7.086
2026-09-28T07:00:36.204Z	spark2	SERVING	13.173	4.079
2026-09-28T07:00:37.452Z	spark1	SERVING	10.491	7.085
2026-09-28T07:00:41.321Z	spark2	SERVING	13.174	4.079
2026-09-28T07:00:42.583Z	spark1	SERVING	10.533	7.085
2026-09-28T07:00:46.438Z	spark2	SERVING	13.174	4.079
2026-09-28T07:00:47.722Z	spark1	SERVING	10.500	7.085
2026-09-28T07:00:51.564Z	spark2	SERVING	13.175	4.079
2026-09-28T07:00:52.863Z	spark1	SERVING	10.497	7.085
2026-09-28T07:00:56.672Z	spark2	SERVING	13.175	4.079
2026-09-28T07:00:57.997Z	spark1	SERVING	10.500	7.085
2026-09-28T07:01:01.794Z	spark2	SERVING	13.179	4.079
2026-09-28T07:01:03.128Z	spark1	SERVING	10.519	7.085
2026-09-28T07:01:06.903Z	spark2	SERVING	13.182	4.079
2026-09-28T07:01:08.253Z	spark1	SERVING	10.515	7.085
2026-09-28T07:01:12.006Z	spark2	SERVING	13.177	4.079
2026-09-28T07:01:13.371Z	spark1	SERVING	10.514	7.085
2026-09-28T07:01:17.122Z	spark2	SERVING	13.180	4.079
2026-09-28T07:01:18.504Z	spark1	SERVING	10.518	7.085
2026-09-28T07:01:22.237Z	spark2	SERVING	13.186	4.079
2026-09-28T07:01:23.640Z	spark1	SERVING	10.499	7.085
2026-09-28T07:01:27.353Z	spark2	SERVING	13.187	4.079
2026-09-28T07:01:28.769Z	spark1	SERVING	10.513	7.085
2026-09-28T07:01:32.469Z	spark2	SERVING	13.192	4.079
2026-09-28T07:01:33.899Z	spark1	SERVING	10.510	7.085
2026-09-28T07:01:37.587Z	spark2	SERVING	13.192	4.079
2026-09-28T07:01:39.035Z	spark1	SERVING	10.521	7.085
2026-09-28T07:01:42.697Z	spark2	SERVING	13.183	4.079
2026-09-28T07:01:44.172Z	spark1	SERVING	10.530	7.085
2026-09-28T07:01:47.812Z	spark2	SERVING	13.185	4.079
2026-09-28T07:01:49.285Z	spark1	SERVING	10.543	7.085
2026-09-28T07:01:52.920Z	spark2	SERVING	13.185	4.079
2026-09-28T07:01:54.414Z	spark1	SERVING	10.498	7.085
2026-09-28T07:01:58.041Z	spark2	SERVING	13.174	4.079
2026-09-28T07:01:59.542Z	spark1	SERVING	10.523	7.085
2026-09-28T07:02:03.156Z	spark2	SERVING	13.174	4.079
2026-09-28T07:02:04.678Z	spark1	SERVING	10.537	7.085
2026-09-28T07:02:08.281Z	spark2	SERVING	13.167	4.079
2026-09-28T07:02:09.813Z	spark1	SERVING	10.537	7.085
2026-09-28T07:02:13.397Z	spark2	SERVING	13.170	4.079
2026-09-28T07:02:14.936Z	spark1	SERVING	10.535	7.085
2026-09-28T07:02:18.515Z	spark2	SERVING	13.164	4.079
2026-09-28T07:02:20.067Z	spark1	SERVING	10.504	7.085
2026-09-28T07:02:23.634Z	spark2	SERVING	13.164	4.079
2026-09-28T07:02:25.202Z	spark1	SERVING	10.518	7.085
2026-09-28T07:02:28.741Z	spark2	SERVING	13.170	4.079
2026-09-28T07:02:30.318Z	spark1	SERVING	10.513	7.085
2026-09-28T07:02:33.858Z	spark2	SERVING	13.172	4.079
2026-09-28T07:02:35.440Z	spark1	SERVING	10.521	7.085
2026-09-28T07:02:38.971Z	spark2	SERVING	13.164	4.079
2026-09-28T07:02:40.568Z	spark1	SERVING	10.493	7.085
2026-09-28T07:02:44.099Z	spark2	SERVING	13.171	4.079
2026-09-28T07:02:45.711Z	spark1	SERVING	10.513	7.085
2026-09-28T07:02:49.220Z	spark2	SERVING	13.172	4.079
2026-09-28T07:02:50.846Z	spark1	SERVING	10.505	7.085
2026-09-28T07:02:54.346Z	spark2	SERVING	13.159	4.079
2026-09-28T07:02:55.981Z	spark1	SERVING	10.503	7.085
2026-09-28T07:02:59.471Z	spark2	SERVING	13.162	4.079
2026-09-28T07:03:01.115Z	spark1	SERVING	10.520	7.085
2026-09-28T07:03:04.595Z	spark2	SERVING	13.180	4.079
2026-09-28T07:03:06.250Z	spark1	SERVING	10.526	7.085
2026-09-28T07:03:09.710Z	spark2	SERVING	13.180	4.079
2026-09-28T07:03:11.360Z	spark1	SERVING	10.499	7.085
2026-09-28T07:03:14.831Z	spark2	SERVING	13.165	4.079
2026-09-28T07:03:16.491Z	spark1	SERVING	10.524	7.085
2026-09-28T07:03:19.956Z	spark2	SERVING	13.176	4.079
2026-09-28T07:03:21.628Z	spark1	SERVING	10.523	7.085
2026-09-28T07:03:25.075Z	spark2	SERVING	13.177	4.079
2026-09-28T07:03:26.755Z	spark1	SERVING	10.511	7.085
2026-09-28T07:03:30.195Z	spark2	SERVING	13.177	4.079
2026-09-28T07:03:31.887Z	spark1	SERVING	10.517	7.085
2026-09-28T07:03:35.322Z	spark2	SERVING	13.173	4.079
2026-09-28T07:03:37.019Z	spark1	SERVING	10.479	7.085
2026-09-28T07:03:40.446Z	spark2	SERVING	13.174	4.079
2026-09-28T07:03:42.153Z	spark1	SERVING	10.509	7.085
2026-09-28T07:03:45.573Z	spark2	SERVING	13.177	4.079
2026-09-28T07:03:47.279Z	spark1	SERVING	10.499	7.085
2026-09-28T07:03:50.676Z	spark2	SERVING	13.179	4.079
2026-09-28T07:03:52.402Z	spark1	SERVING	10.517	7.085
2026-09-28T07:03:55.794Z	spark2	SERVING	13.181	4.079
2026-09-28T07:03:57.531Z	spark1	SERVING	10.510	7.085
2026-09-28T07:04:00.915Z	spark2	SERVING	13.164	4.079
2026-09-28T07:04:02.668Z	spark1	SERVING	10.505	7.085
2026-09-28T07:04:06.034Z	spark2	SERVING	13.164	4.079
2026-09-28T07:04:07.793Z	spark1	SERVING	10.481	7.085
2026-09-28T07:04:11.155Z	spark2	SERVING	13.048	4.079
2026-09-28T07:04:12.928Z	spark1	SERVING	10.483	7.085
2026-09-28T07:04:16.274Z	spark2	SERVING	13.039	4.079
2026-09-28T07:04:18.061Z	spark1	SERVING	10.484	7.085
2026-09-28T07:04:21.386Z	spark2	SERVING	13.027	4.079
2026-09-28T07:04:23.192Z	spark1	SERVING	10.491	7.085
2026-09-28T07:04:26.488Z	spark2	SERVING	13.075	4.079
2026-09-28T07:04:28.299Z	spark1	SERVING	10.527	7.085
2026-09-28T07:04:31.593Z	spark2	SERVING	13.082	4.079
2026-09-28T07:04:33.416Z	spark1	SERVING	10.490	7.083
2026-09-28T07:04:36.711Z	spark2	SERVING	13.088	4.079
2026-09-28T07:04:38.554Z	spark1	SERVING	10.527	7.083
2026-09-28T07:04:41.829Z	spark2	SERVING	13.076	4.079
2026-09-28T07:04:43.691Z	spark1	SERVING	10.526	7.083
2026-09-28T07:04:46.948Z	spark2	SERVING	13.075	4.079
2026-09-28T07:04:48.816Z	spark1	SERVING	10.533	7.083
2026-09-28T07:04:52.067Z	spark2	SERVING	13.090	4.079
2026-09-28T07:04:53.954Z	spark1	SERVING	10.522	7.083
2026-09-28T07:04:57.186Z	spark2	SERVING	13.117	4.079
2026-09-28T07:04:59.083Z	spark1	SERVING	10.514	7.083
2026-09-28T07:05:02.299Z	spark2	SERVING	13.122	4.079
2026-09-28T07:05:04.207Z	spark1	SERVING	10.507	7.083
2026-09-28T07:05:07.407Z	spark2	SERVING	13.078	4.079
2026-09-28T07:05:09.316Z	spark1	SERVING	10.502	7.082
2026-09-28T07:05:12.523Z	spark2	SERVING	13.120	4.078
2026-09-28T07:05:14.443Z	spark1	SERVING	10.512	7.082
2026-09-28T07:05:17.642Z	spark2	SERVING	13.154	4.078
2026-09-28T07:05:19.575Z	spark1	SERVING	10.499	7.082
2026-09-28T07:05:22.758Z	spark2	SERVING	13.157	4.078
2026-09-28T07:05:24.705Z	spark1	SERVING	10.507	7.082
2026-09-28T07:05:27.879Z	spark2	SERVING	13.174	4.078
2026-09-28T07:05:29.843Z	spark1	SERVING	10.488	7.082
2026-09-28T07:05:32.992Z	spark2	SERVING	13.175	4.078
2026-09-28T07:05:34.974Z	spark1	SERVING	10.501	7.082
2026-09-28T07:05:38.107Z	spark2	SERVING	13.175	4.078
2026-09-28T07:05:40.109Z	spark1	SERVING	10.478	7.082
2026-09-28T07:05:43.228Z	spark2	SERVING	13.180	4.078
2026-09-28T07:05:45.230Z	spark1	SERVING	10.493	7.082
2026-09-28T07:05:48.334Z	spark2	SERVING	13.180	4.078
2026-09-28T07:05:50.334Z	spark1	SERVING	10.484	7.082
2026-09-28T07:05:53.447Z	spark2	SERVING	13.168	4.078
2026-09-28T07:05:55.459Z	spark1	SERVING	10.507	7.082
2026-09-28T07:05:58.568Z	spark2	SERVING	13.171	4.078
2026-09-28T07:06:00.594Z	spark1	SERVING	10.515	7.082
2026-09-28T07:06:03.683Z	spark2	SERVING	13.163	4.078
2026-09-28T07:06:05.735Z	spark1	SERVING	10.523	7.082
2026-09-28T07:06:08.794Z	spark2	SERVING	13.169	4.078
2026-09-28T07:06:10.870Z	spark1	SERVING	10.542	7.082
2026-09-28T07:06:13.909Z	spark2	SERVING	13.169	4.078
2026-09-28T07:06:16.003Z	spark1	SERVING	10.500	7.082
2026-09-28T07:06:19.025Z	spark2	SERVING	13.172	4.078
2026-09-28T07:06:21.131Z	spark1	SERVING	10.523	7.082
2026-09-28T07:06:24.142Z	spark2	SERVING	13.171	4.078
2026-09-28T07:06:26.239Z	spark1	SERVING	10.483	7.082
2026-09-28T07:06:29.247Z	spark2	SERVING	13.172	4.078
2026-09-28T07:06:31.370Z	spark1	SERVING	10.505	7.082
2026-09-28T07:06:34.366Z	spark2	SERVING	13.164	4.078
2026-09-28T07:06:36.508Z	spark1	SERVING	10.480	7.082
2026-09-28T07:06:39.485Z	spark2	SERVING	13.168	4.078
2026-09-28T07:06:41.645Z	spark1	SERVING	10.492	7.082
2026-09-28T07:06:44.607Z	spark2	SERVING	13.168	4.078
2026-09-28T07:06:46.787Z	spark1	SERVING	10.489	7.082
2026-09-28T07:06:49.727Z	spark2	SERVING	13.161	4.078
2026-09-28T07:06:51.925Z	spark1	SERVING	10.491	7.082
2026-09-28T07:06:54.847Z	spark2	SERVING	13.164	4.078
2026-09-28T07:06:57.056Z	spark1	SERVING	10.490	7.082
2026-09-28T07:06:59.963Z	spark2	SERVING	13.161	4.078
2026-09-28T07:07:02.184Z	spark1	SERVING	10.498	7.082
2026-09-28T07:07:05.078Z	spark2	SERVING	13.164	4.078
2026-09-28T07:07:07.295Z	spark1	SERVING	10.509	7.082
2026-09-28T07:07:10.190Z	spark2	SERVING	13.156	4.078
2026-09-28T07:07:12.430Z	spark1	SERVING	10.521	7.082
2026-09-28T07:07:15.311Z	spark2	SERVING	13.161	4.078
2026-09-28T07:07:17.575Z	spark1	SERVING	10.524	7.082
2026-09-28T07:07:20.430Z	spark2	SERVING	13.158	4.078
2026-09-28T07:07:22.712Z	spark1	SERVING	10.523	7.082
2026-09-28T07:07:25.543Z	spark2	SERVING	13.162	4.078
2026-09-28T07:07:27.847Z	spark1	SERVING	10.521	7.082
2026-09-28T07:07:30.665Z	spark2	SERVING	13.148	4.078
2026-09-28T07:07:32.984Z	spark1	SERVING	10.496	7.082
2026-09-28T07:07:35.788Z	spark2	SERVING	13.165	4.078
2026-09-28T07:07:38.119Z	spark1	SERVING	10.511	7.082
2026-09-28T07:07:40.894Z	spark2	SERVING	13.169	4.078
2026-09-28T07:07:43.241Z	spark1	SERVING	10.487	7.082
2026-09-28T07:07:45.996Z	spark2	SERVING	13.155	4.078
2026-09-28T07:07:48.350Z	spark1	SERVING	10.496	7.082
2026-09-28T07:07:51.110Z	spark2	SERVING	13.157	4.078
2026-09-28T07:07:53.491Z	spark1	SERVING	10.506	7.082
2026-09-28T07:07:56.233Z	spark2	SERVING	13.169	4.078
2026-09-28T07:07:58.637Z	spark1	SERVING	10.502	7.082
2026-09-28T07:08:01.346Z	spark2	SERVING	13.169	4.078
2026-09-28T07:08:03.782Z	spark1	SERVING	10.507	7.082
2026-09-28T07:08:06.468Z	spark2	SERVING	13.158	4.078
2026-09-28T07:08:08.917Z	spark1	SERVING	10.530	7.082
2026-09-28T07:08:11.595Z	spark2	SERVING	13.164	4.078
2026-09-28T07:08:14.053Z	spark1	SERVING	10.522	7.082
2026-09-28T07:08:16.720Z	spark2	SERVING	13.147	4.078
2026-09-28T07:08:19.181Z	spark1	SERVING	10.502	7.082
2026-09-28T07:08:21.829Z	spark2	SERVING	13.155	4.078
2026-09-28T07:08:24.291Z	spark1	SERVING	10.534	7.082
2026-09-28T07:08:26.938Z	spark2	SERVING	13.156	4.078
2026-09-28T07:08:29.405Z	spark1	SERVING	10.507	7.082
2026-09-28T07:08:32.044Z	spark2	SERVING	13.160	4.078
2026-09-28T07:08:34.546Z	spark1	SERVING	10.538	7.082
2026-09-28T07:08:37.154Z	spark2	SERVING	13.165	4.078
2026-09-28T07:08:39.677Z	spark1	SERVING	10.506	7.082
2026-09-28T07:08:42.272Z	spark2	SERVING	13.158	4.078
2026-09-28T07:08:44.821Z	spark1	SERVING	10.484	7.082
2026-09-28T07:08:47.396Z	spark2	SERVING	13.163	4.078
2026-09-28T07:08:49.960Z	spark1	SERVING	10.498	7.082
2026-09-28T07:08:52.511Z	spark2	SERVING	13.134	4.078
2026-09-28T07:08:55.101Z	spark1	SERVING	10.524	7.082
2026-09-28T07:08:57.632Z	spark2	SERVING	13.148	4.078
2026-09-28T07:09:00.237Z	spark1	SERVING	10.508	7.082
2026-09-28T07:09:02.739Z	spark2	SERVING	13.160	4.077
2026-09-28T07:09:05.346Z	spark1	SERVING	10.487	7.082
2026-09-28T07:09:07.841Z	spark2	SERVING	13.164	4.077
2026-09-28T07:09:10.480Z	spark1	SERVING	10.534	7.082
2026-09-28T07:09:12.955Z	spark2	SERVING	13.188	4.077
2026-09-28T07:09:15.634Z	spark1	SERVING	10.518	7.082
2026-09-28T07:09:18.075Z	spark2	SERVING	13.190	4.077
2026-09-28T07:09:20.759Z	spark1	SERVING	10.506	7.082
2026-09-28T07:09:23.189Z	spark2	SERVING	13.166	4.077
2026-09-28T07:09:25.893Z	spark1	SERVING	10.488	7.082
2026-09-28T07:09:28.313Z	spark2	SERVING	13.173	4.077
2026-09-28T07:09:31.035Z	spark1	SERVING	10.498	7.082
2026-09-28T07:09:33.426Z	spark2	SERVING	13.178	4.077
2026-09-28T07:09:36.170Z	spark1	SERVING	10.502	7.082
2026-09-28T07:09:38.546Z	spark2	SERVING	13.163	4.077
2026-09-28T07:09:41.285Z	spark1	SERVING	10.501	7.082
2026-09-28T07:09:43.660Z	spark2	SERVING	13.166	4.077
2026-09-28T07:09:46.401Z	spark1	SERVING	10.491	7.082
2026-09-28T07:09:48.767Z	spark2	SERVING	13.177	4.077
2026-09-28T07:09:51.542Z	spark1	SERVING	10.515	7.082
2026-09-28T07:09:53.889Z	spark2	SERVING	13.179	4.077
2026-09-28T07:09:56.687Z	spark1	SERVING	10.526	7.082
2026-09-28T07:09:59.009Z	spark2	SERVING	13.170	4.077
2026-09-28T07:10:01.826Z	spark1	SERVING	10.513	7.082
2026-09-28T07:10:04.126Z	spark2	SERVING	13.172	4.077
2026-09-28T07:10:06.967Z	spark1	SERVING	10.527	7.082
2026-09-28T07:10:09.238Z	spark2	SERVING	13.184	4.077
2026-09-28T07:10:12.095Z	spark1	SERVING	10.478	7.082
2026-09-28T07:10:14.354Z	spark2	SERVING	13.183	4.077
2026-09-28T07:10:17.225Z	spark1	SERVING	10.497	7.082
2026-09-28T07:10:19.468Z	spark2	SERVING	13.166	4.077
2026-09-28T07:10:22.341Z	spark1	SERVING	10.488	7.082
2026-09-28T07:10:24.567Z	spark2	SERVING	13.167	4.077
2026-09-28T07:10:27.469Z	spark1	SERVING	10.487	7.082
2026-09-28T07:10:29.675Z	spark2	SERVING	13.168	4.077
2026-09-28T07:10:32.602Z	spark1	SERVING	10.482	7.082
2026-09-28T07:10:34.783Z	spark2	SERVING	13.177	4.077
2026-09-28T07:10:37.734Z	spark1	SERVING	10.498	7.082
2026-09-28T07:10:39.901Z	spark2	SERVING	13.179	4.077
2026-09-28T07:10:42.871Z	spark1	SERVING	10.476	7.082
2026-09-28T07:10:45.017Z	spark2	SERVING	13.182	4.077
2026-09-28T07:10:48.001Z	spark1	SERVING	10.500	7.082
2026-09-28T07:10:50.137Z	spark2	SERVING	13.184	4.077
2026-09-28T07:10:53.136Z	spark1	SERVING	10.494	7.082
2026-09-28T07:10:55.248Z	spark2	SERVING	13.189	4.077
2026-09-28T07:10:58.270Z	spark1	SERVING	10.515	7.082
2026-09-28T07:11:00.359Z	spark2	SERVING	13.188	4.077
2026-09-28T07:11:03.385Z	spark1	SERVING	10.513	7.082
2026-09-28T07:11:05.458Z	spark2	SERVING	13.160	4.077
2026-09-28T07:11:08.521Z	spark1	SERVING	10.490	7.082
2026-09-28T07:11:10.582Z	spark2	SERVING	13.164	4.077
2026-09-28T07:11:13.658Z	spark1	SERVING	10.485	7.082
2026-09-28T07:11:15.698Z	spark2	SERVING	13.170	4.077
2026-09-28T07:11:18.799Z	spark1	SERVING	10.494	7.082
2026-09-28T07:11:20.811Z	spark2	SERVING	13.175	4.077
2026-09-28T07:11:23.930Z	spark1	SERVING	10.528	7.082
2026-09-28T07:11:25.927Z	spark2	SERVING	13.177	4.077
2026-09-28T07:11:29.068Z	spark1	SERVING	10.485	7.082
2026-09-28T07:11:31.049Z	spark2	SERVING	13.177	4.077
2026-09-28T07:11:34.205Z	spark1	SERVING	10.498	7.082
2026-09-28T07:11:36.168Z	spark2	SERVING	13.177	4.077
2026-09-28T07:11:39.327Z	spark1	SERVING	10.454	7.082
2026-09-28T07:11:41.271Z	spark2	SERVING	13.166	4.077
2026-09-28T07:11:44.438Z	spark1	SERVING	10.501	7.082
2026-09-28T07:11:46.367Z	spark2	SERVING	13.171	4.077
2026-09-28T07:11:49.572Z	spark1	SERVING	10.478	7.082
2026-09-28T07:11:51.485Z	spark2	SERVING	13.158	4.077
2026-09-28T07:11:54.707Z	spark1	SERVING	10.496	7.082
2026-09-28T07:11:56.609Z	spark2	SERVING	13.165	4.077
2026-09-28T07:11:59.837Z	spark1	SERVING	10.506	7.082
2026-09-28T07:12:01.728Z	spark2	SERVING	13.147	4.077
2026-09-28T07:12:04.973Z	spark1	SERVING	10.503	7.082
2026-09-28T07:12:06.847Z	spark2	SERVING	13.152	4.077
2026-09-28T07:12:10.102Z	spark1	SERVING	10.516	7.082
2026-09-28T07:12:11.964Z	spark2	SERVING	13.133	4.077
2026-09-28T07:12:15.242Z	spark1	SERVING	10.477	7.082
2026-09-28T07:12:17.088Z	spark2	SERVING	13.147	4.077
2026-09-28T07:12:20.355Z	spark1	SERVING	10.506	7.082
2026-09-28T07:12:22.177Z	spark2	SERVING	13.157	4.077
2026-09-28T07:12:25.473Z	spark1	SERVING	10.465	7.082
2026-09-28T07:12:27.283Z	spark2	SERVING	13.160	4.077
2026-09-28T07:12:30.611Z	spark1	SERVING	10.485	7.082
2026-09-28T07:12:32.399Z	spark2	SERVING	13.161	4.077
2026-09-28T07:12:35.748Z	spark1	SERVING	10.462	7.082
2026-09-28T07:12:37.519Z	spark2	SERVING	13.170	4.077
2026-09-28T07:12:40.885Z	spark1	SERVING	10.504	7.082
2026-09-28T07:12:42.627Z	spark2	SERVING	13.172	4.077
2026-09-28T07:12:46.032Z	spark1	SERVING	10.493	7.082
2026-09-28T07:12:47.747Z	spark2	SERVING	13.150	4.077
2026-09-28T07:12:51.159Z	spark1	SERVING	10.530	7.082
2026-09-28T07:12:52.865Z	spark2	SERVING	13.164	4.077
2026-09-28T07:12:56.288Z	spark1	SERVING	10.512	7.082
2026-09-28T07:12:57.974Z	spark2	SERVING	13.155	4.077
2026-09-28T07:13:01.398Z	spark1	SERVING	10.507	7.082
2026-09-28T07:13:03.066Z	spark2	SERVING	13.158	4.077
2026-09-28T07:13:06.519Z	spark1	SERVING	10.515	7.082
2026-09-28T07:13:08.192Z	spark2	SERVING	13.175	4.077
2026-09-28T07:13:11.642Z	spark1	SERVING	10.490	7.082
2026-09-28T07:13:13.313Z	spark2	SERVING	13.174	4.077
2026-09-28T07:13:16.767Z	spark1	SERVING	10.521	7.082
2026-09-28T07:13:18.427Z	spark2	SERVING	13.154	4.077
2026-09-28T07:13:21.899Z	spark1	SERVING	10.486	7.082
2026-09-28T07:13:23.548Z	spark2	SERVING	13.158	4.077
2026-09-28T07:13:27.036Z	spark1	SERVING	10.518	7.082
2026-09-28T07:13:28.668Z	spark2	SERVING	13.166	4.077
2026-09-28T07:13:32.176Z	spark1	SERVING	10.480	7.082
2026-09-28T07:13:33.786Z	spark2	SERVING	13.166	4.077
2026-09-28T07:13:37.309Z	spark1	SERVING	10.501	7.082
2026-09-28T07:13:38.892Z	spark2	SERVING	13.169	4.077
2026-09-28T07:13:42.418Z	spark1	SERVING	10.473	7.082
2026-09-28T07:13:43.990Z	spark2	SERVING	13.168	4.077
2026-09-28T07:13:47.562Z	spark1	SERVING	10.426	7.082
2026-09-28T07:13:49.119Z	spark2	SERVING	13.154	4.077
2026-09-28T07:13:52.705Z	spark1	SERVING	10.369	7.082
2026-09-28T07:13:54.248Z	spark2	SERVING	13.136	4.077
2026-09-28T07:13:57.830Z	spark1	SERVING	10.385	7.082
2026-09-28T07:13:59.369Z	spark2	SERVING	13.131	4.077
2026-09-28T07:14:02.953Z	spark1	SERVING	10.313	7.082
2026-09-28T07:14:04.487Z	spark2	SERVING	13.128	4.077
2026-09-28T07:14:08.085Z	spark1	SERVING	10.341	7.082
2026-09-28T07:14:09.613Z	spark2	SERVING	13.128	4.077
2026-09-28T07:14:13.209Z	spark1	SERVING	10.269	7.082
2026-09-28T07:14:14.736Z	spark2	SERVING	13.133	4.077
2026-09-28T07:14:18.322Z	spark1	SERVING	10.204	7.082
2026-09-28T07:14:19.830Z	spark2	SERVING	13.140	4.077
2026-09-28T07:14:23.442Z	spark1	SERVING	10.246	7.082
2026-09-28T07:14:24.937Z	spark2	SERVING	13.138	4.077
2026-09-28T07:14:28.552Z	spark1	SERVING	10.225	7.082
2026-09-28T07:14:30.047Z	spark2	SERVING	13.124	4.077
2026-09-28T07:14:33.670Z	spark1	SERVING	10.238	7.082
2026-09-28T07:14:35.147Z	spark2	SERVING	13.128	4.077
2026-09-28T07:14:38.788Z	spark1	SERVING	10.236	7.082
2026-09-28T07:14:40.243Z	spark2	SERVING	13.121	4.077
2026-09-28T07:14:43.899Z	spark1	SERVING	10.255	7.082
2026-09-28T07:14:45.352Z	spark2	SERVING	13.126	4.077
2026-09-28T07:14:49.016Z	spark1	SERVING	10.196	7.082
2026-09-28T07:14:50.470Z	spark2	SERVING	13.121	4.077
2026-09-28T07:14:54.147Z	spark1	SERVING	9.587	7.082
2026-09-28T07:14:55.598Z	spark2	SERVING	13.133	4.077
2026-09-28T07:14:59.286Z	spark1	SERVING	10.161	7.082
2026-09-28T07:15:00.727Z	spark2	SERVING	13.121	4.077
2026-09-28T07:15:04.416Z	spark1	SERVING	10.133	7.082
2026-09-28T07:15:05.850Z	spark2	SERVING	13.107	4.077
2026-09-28T07:15:09.551Z	spark1	SERVING	9.924	7.082
2026-09-28T07:15:10.975Z	spark2	SERVING	13.099	4.077
2026-09-28T07:15:14.679Z	spark1	SERVING	10.053	7.082
2026-09-28T07:15:16.106Z	spark2	SERVING	13.103	4.077
2026-09-28T07:15:19.808Z	spark1	SERVING	9.144	7.082
2026-09-28T07:15:21.236Z	spark2	SERVING	13.109	4.077
2026-09-28T07:15:24.945Z	spark1	SERVING	8.736	7.082
2026-09-28T07:15:26.351Z	spark2	SERVING	13.101	4.077
2026-09-28T07:15:30.064Z	spark1	SERVING	8.536	7.082
2026-09-28T07:15:31.471Z	spark2	SERVING	13.102	4.077
2026-09-28T07:15:35.199Z	spark1	SERVING	8.593	7.082
2026-09-28T07:15:36.586Z	spark2	SERVING	13.097	4.077
2026-09-28T07:15:40.335Z	spark1	SERVING	8.729	7.082
2026-09-28T07:15:41.703Z	spark2	SERVING	13.101	4.077
2026-09-28T07:15:45.473Z	spark1	SERVING	8.765	7.082
2026-09-28T07:15:46.826Z	spark2	SERVING	13.122	4.076
2026-09-28T07:15:50.613Z	spark1	SERVING	8.814	7.082
2026-09-28T07:15:51.952Z	spark2	SERVING	13.121	4.076
2026-09-28T07:15:55.745Z	spark1	SERVING	8.808	7.082
2026-09-28T07:15:57.075Z	spark2	SERVING	13.108	4.076
2026-09-28T07:16:00.878Z	spark1	SERVING	8.873	7.082
2026-09-28T07:16:02.190Z	spark2	SERVING	13.110	4.076
2026-09-28T07:16:06.012Z	spark1	SERVING	8.955	7.082
2026-09-28T07:16:07.321Z	spark2	SERVING	13.106	4.076
2026-09-28T07:16:11.147Z	spark1	SERVING	8.966	7.082
2026-09-28T07:16:12.447Z	spark2	SERVING	13.109	4.076
2026-09-28T07:16:16.260Z	spark1	SERVING	9.281	7.082
2026-09-28T07:16:17.561Z	spark2	SERVING	13.109	4.076
2026-09-28T07:16:21.384Z	spark1	SERVING	8.621	7.082
2026-09-28T07:16:22.675Z	spark2	SERVING	12.963	4.076
2026-09-28T07:16:26.519Z	spark1	SERVING	8.573	7.082
2026-09-28T07:16:27.798Z	spark2	SERVING	13.010	4.076
2026-09-28T07:16:31.649Z	spark1	SERVING	8.414	7.082
2026-09-28T07:16:32.912Z	spark2	SERVING	12.941	4.076
2026-09-28T07:16:36.781Z	spark1	SERVING	8.342	7.082
2026-09-28T07:16:38.013Z	spark2	SERVING	12.993	4.076
2026-09-28T07:16:41.909Z	spark1	SERVING	8.063	7.082
2026-09-28T07:16:43.114Z	spark2	SERVING	12.843	4.076
2026-09-28T07:16:47.036Z	spark1	SERVING	7.706	7.081
2026-09-28T07:16:48.219Z	spark2	SERVING	12.847	4.076
2026-09-28T07:16:52.144Z	spark1	SERVING	7.465	7.081
2026-09-28T07:16:53.327Z	spark2	SERVING	12.759	4.076
2026-09-28T07:16:57.276Z	spark1	SERVING	7.506	7.081
2026-09-28T07:16:58.441Z	spark2	SERVING	12.759	4.076
2026-09-28T07:17:02.407Z	spark1	SERVING	7.703	7.081
2026-09-28T07:17:03.553Z	spark2	SERVING	12.844	4.076
2026-09-28T07:17:07.541Z	spark1	SERVING	8.172	7.081
2026-09-28T07:17:08.666Z	spark2	SERVING	12.923	4.076
2026-09-28T07:17:12.673Z	spark1	SERVING	7.878	7.081
2026-09-28T07:17:13.790Z	spark2	SERVING	12.887	4.076
2026-09-28T07:17:17.776Z	spark1	SERVING	8.004	7.081
2026-09-28T07:17:18.912Z	spark2	SERVING	12.875	4.076
2026-09-28T07:17:22.906Z	spark1	SERVING	7.820	7.081
2026-09-28T07:17:24.036Z	spark2	SERVING	12.876	4.076
2026-09-28T07:17:28.042Z	spark1	SERVING	7.905	7.081
2026-09-28T07:17:29.166Z	spark2	SERVING	12.888	4.076
2026-09-28T07:17:33.174Z	spark1	SERVING	8.279	7.081
2026-09-28T07:17:34.289Z	spark2	SERVING	12.888	4.076
2026-09-28T07:17:38.294Z	spark1	SERVING	8.148	7.081
2026-09-28T07:17:39.404Z	spark2	SERVING	12.878	4.076
2026-09-28T07:17:43.428Z	spark1	SERVING	8.160	7.081
2026-09-28T07:17:44.529Z	spark2	SERVING	12.882	4.076
2026-09-28T07:17:48.569Z	spark1	SERVING	9.041	7.081
2026-09-28T07:17:49.657Z	spark2	SERVING	12.868	4.076
2026-09-28T07:17:53.716Z	spark1	SERVING	8.841	7.081
2026-09-28T07:17:54.772Z	spark2	SERVING	12.843	4.076
2026-09-28T07:17:58.851Z	spark1	SERVING	8.488	7.081
2026-09-28T07:17:59.887Z	spark2	SERVING	12.892	4.076
2026-09-28T07:18:03.985Z	spark1	SERVING	8.557	7.081
2026-09-28T07:18:05.016Z	spark2	SERVING	12.892	4.076
2026-09-28T07:18:09.123Z	spark1	SERVING	8.641	7.081
2026-09-28T07:18:10.147Z	spark2	SERVING	12.881	4.076
2026-09-28T07:18:14.253Z	spark1	SERVING	8.884	7.081
2026-09-28T07:18:15.278Z	spark2	SERVING	12.888	4.076
2026-09-28T07:18:19.379Z	spark1	SERVING	8.917	7.081
2026-09-28T07:18:20.414Z	spark2	SERVING	12.891	4.076
2026-09-28T07:18:24.508Z	spark1	SERVING	8.959	7.081
2026-09-28T07:18:25.546Z	spark2	SERVING	12.875	4.076
2026-09-28T07:18:29.649Z	spark1	SERVING	8.538	7.081
2026-09-28T07:18:30.680Z	spark2	SERVING	12.875	4.076
2026-09-28T07:18:34.772Z	spark1	SERVING	8.906	7.081
2026-09-28T07:18:35.807Z	spark2	SERVING	12.872	4.076
2026-09-28T07:18:39.865Z	spark1	SERVING	8.588	7.081
2026-09-28T07:18:40.887Z	spark2	SERVING	12.889	4.076
2026-09-28T07:18:44.947Z	spark1	SERVING	8.479	7.081
2026-09-28T07:18:45.962Z	spark2	SERVING	12.904	4.076
2026-09-28T07:18:50.034Z	spark1	SERVING	8.429	7.081
2026-09-28T07:18:51.037Z	spark2	SERVING	12.902	4.076
2026-09-28T07:18:55.125Z	spark1	SERVING	8.381	7.081
2026-09-28T07:18:56.107Z	spark2	SERVING	12.898	4.075
2026-09-28T07:19:00.210Z	spark1	SERVING	8.313	7.081
2026-09-28T07:19:01.188Z	spark2	SERVING	12.901	4.075
2026-09-28T07:19:05.296Z	spark1	SERVING	8.232	7.081
2026-09-28T07:19:06.255Z	spark2	SERVING	12.888	4.075
2026-09-28T07:19:10.380Z	spark1	SERVING	8.223	7.081
2026-09-28T07:19:11.328Z	spark2	SERVING	12.889	4.075
2026-09-28T07:19:15.463Z	spark1	SERVING	8.246	7.081
2026-09-28T07:19:16.400Z	spark2	SERVING	12.889	4.075
2026-09-28T07:19:20.536Z	spark1	SERVING	8.254	7.081
2026-09-28T07:19:21.472Z	spark2	SERVING	12.879	4.075
